timestamp,device_name,device_address,rssi,distance_m,condition,trial
2026-04-07 19:43:01.759772,EEG Wearable,E1:1B:6D:10:62:56,-58,0.2,line_of_sight,1
2026-04-07 19:43:01.760761,EEG Wearable,E1:1B:6D:10:62:56,-58,0.2,line_of_sight,1
2026-04-07 19:43:02.580943,EEG Wearable,E1:1B:6D:10:62:56,-61,0.2,line_of_sight,1
2026-04-07 19:43:02.581489,EEG Wearable,E1:1B:6D:10:62:56,-61,0.2,line_of_sight,1
2026-04-07 19:43:03.559264,EEG Wearable,E1:1B:6D:10:62:56,-58,0.2,line_of_sight,1
2026-04-07 19:43:03.560266,EEG Wearable,E1:1B:6D:10:62:56,-58,0.2,line_of_sight,1
2026-04-07 19:43:03.640193,EEG Wearable,E1:1B:6D:10:62:56,-61,0.2,line_of_sight,1
2026-04-07 19:43:03.652609,EEG Wearable,E1:1B:6D:10:62:56,-61,0.2,line_of_sight,1
2026-04-07 19:43:04.486992,EEG Wearable,E1:1B:6D:10:62:56,-70,0.2,line_of_sight,1
2026-04-07 19:43:04.494989,EEG Wearable,E1:1B:6D:10:62:56,-70,0.2,line_of_sight,1
2026-04-07 19:43:05.430505,EEG Wearable,E1:1B:6D:10:62:56,-61,0.2,line_of_sight,1
2026-04-07 19:43:05.430505,EEG Wearable,E1:1B:6D:10:62:56,-61,0.2,line_of_sight,1
2026-04-07 19:43:06.371185,EEG Wearable,E1:1B:6D:10:62:56,-58,0.2,line_of_sight,1
2026-04-07 19:43:06.378748,EEG Wearable,E1:1B:6D:10:62:56,-57,0.2,line_of_sight,1
2026-04-07 19:43:06.496297,EEG Wearable,E1:1B:6D:10:62:56,-61,0.2,line_of_sight,1
2026-04-07 19:43:06.497297,EEG Wearable,E1:1B:6D:10:62:56,-61,0.2,line_of_sight,1
2026-04-07 19:43:06.594613,EEG Wearable,E1:1B:6D:10:62:56,-70,0.2,line_of_sight,1
2026-04-07 19:43:07.328029,EEG Wearable,E1:1B:6D:10:62:56,-71,0.2,line_of_sight,1
2026-04-07 19:43:07.434545,EEG Wearable,E1:1B:6D:10:62:56,-59,0.2,line_of_sight,1
2026-04-07 19:43:07.452770,EEG Wearable,E1:1B:6D:10:62:56,-59,0.2,line_of_sight,1
2026-04-07 19:43:07.537777,EEG Wearable,E1:1B:6D:10:62:56,-61,0.2,line_of_sight,1
2026-04-07 19:43:07.558785,EEG Wearable,E1:1B:6D:10:62:56,-61,0.2,line_of_sight,1
2026-04-07 19:43:08.288011,EEG Wearable,E1:1B:6D:10:62:56,-61,0.2,line_of_sight,1
2026-04-07 19:43:08.306012,EEG Wearable,E1:1B:6D:10:62:56,-61,0.2,line_of_sight,1
2026-04-07 19:43:08.503303,EEG Wearable,E1:1B:6D:10:62:56,-58,0.2,line_of_sight,1
2026-04-07 19:43:08.520201,EEG Wearable,E1:1B:6D:10:62:56,-58,0.2,line_of_sight,1
2026-04-07 19:43:08.607325,EEG Wearable,E1:1B:6D:10:62:56,-61,0.2,line_of_sight,1
2026-04-07 19:43:08.624971,EEG Wearable,E1:1B:6D:10:62:56,-61,0.2,line_of_sight,1
2026-04-07 19:43:09.335008,EEG Wearable,E1:1B:6D:10:62:56,-61,0.2,line_of_sight,1
2026-04-07 19:43:09.348117,EEG Wearable,E1:1B:6D:10:62:56,-61,0.2,line_of_sight,1
2026-04-07 19:43:09.436990,EEG Wearable,E1:1B:6D:10:62:56,-76,0.2,line_of_sight,1
2026-04-07 19:43:10.370552,EEG Wearable,E1:1B:6D:10:62:56,-61,0.2,line_of_sight,1
2026-04-07 19:43:10.385526,EEG Wearable,E1:1B:6D:10:62:56,-61,0.2,line_of_sight,1
2026-04-07 19:43:12.157564,EEG Wearable,E1:1B:6D:10:62:56,-61,0.2,line_of_sight,1
2026-04-07 19:43:12.172892,EEG Wearable,E1:1B:6D:10:62:56,-61,0.2,line_of_sight,1
2026-04-07 19:43:12.258216,EEG Wearable,E1:1B:6D:10:62:56,-76,0.2,line_of_sight,1
2026-04-07 19:43:12.274593,EEG Wearable,E1:1B:6D:10:62:56,-76,0.2,line_of_sight,1
2026-04-07 19:43:13.088931,EEG Wearable,E1:1B:6D:10:62:56,-59,0.2,line_of_sight,1
2026-04-07 19:43:13.106506,EEG Wearable,E1:1B:6D:10:62:56,-59,0.2,line_of_sight,1
2026-04-07 19:43:13.931113,EEG Wearable,E1:1B:6D:10:62:56,-61,0.2,line_of_sight,1
2026-04-07 19:43:13.947118,EEG Wearable,E1:1B:6D:10:62:56,-61,0.2,line_of_sight,1
2026-04-07 19:43:14.033597,EEG Wearable,E1:1B:6D:10:62:56,-75,0.2,line_of_sight,1
2026-04-07 19:43:14.048606,EEG Wearable,E1:1B:6D:10:62:56,-75,0.2,line_of_sight,1
2026-04-07 19:43:14.885016,EEG Wearable,E1:1B:6D:10:62:56,-59,0.2,line_of_sight,1
2026-04-07 19:43:14.887048,EEG Wearable,E1:1B:6D:10:62:56,-59,0.2,line_of_sight,1
2026-04-07 19:43:15.092625,EEG Wearable,E1:1B:6D:10:62:56,-76,0.2,line_of_sight,1
2026-04-07 19:43:15.109166,EEG Wearable,E1:1B:6D:10:62:56,-76,0.2,line_of_sight,1
2026-04-07 19:43:16.773776,EEG Wearable,E1:1B:6D:10:62:56,-61,0.2,line_of_sight,1
2026-04-07 19:43:16.775775,EEG Wearable,E1:1B:6D:10:62:56,-61,0.2,line_of_sight,1
2026-04-07 19:43:16.880875,EEG Wearable,E1:1B:6D:10:62:56,-76,0.2,line_of_sight,1
2026-04-07 19:43:16.897921,EEG Wearable,E1:1B:6D:10:62:56,-76,0.2,line_of_sight,1
2026-04-07 19:43:17.621648,EEG Wearable,E1:1B:6D:10:62:56,-75,0.2,line_of_sight,1
2026-04-07 19:43:17.623649,EEG Wearable,E1:1B:6D:10:62:56,-76,0.2,line_of_sight,1
2026-04-07 19:43:17.721139,EEG Wearable,E1:1B:6D:10:62:56,-59,0.2,line_of_sight,1
2026-04-07 19:43:17.722142,EEG Wearable,E1:1B:6D:10:62:56,-59,0.2,line_of_sight,1
2026-04-07 19:43:17.929555,EEG Wearable,E1:1B:6D:10:62:56,-75,0.2,line_of_sight,1
2026-04-07 19:43:17.949550,EEG Wearable,E1:1B:6D:10:62:56,-75,0.2,line_of_sight,1
2026-04-07 19:43:18.920376,EEG Wearable,E1:1B:6D:10:62:56,-62,0.2,line_of_sight,1
2026-04-07 19:43:18.925310,EEG Wearable,E1:1B:6D:10:62:56,-62,0.2,line_of_sight,1
2026-04-07 19:43:19.026617,EEG Wearable,E1:1B:6D:10:62:56,-76,0.2,line_of_sight,1
2026-04-07 19:43:19.030612,EEG Wearable,E1:1B:6D:10:62:56,-76,0.2,line_of_sight,1
2026-04-07 19:43:19.837379,EEG Wearable,E1:1B:6D:10:62:56,-59,0.2,line_of_sight,1
2026-04-07 19:43:19.868269,EEG Wearable,E1:1B:6D:10:62:56,-59,0.2,line_of_sight,1
2026-04-07 19:43:19.944268,EEG Wearable,E1:1B:6D:10:62:56,-62,0.2,line_of_sight,1
2026-04-07 19:43:21.627403,EEG Wearable,E1:1B:6D:10:62:56,-59,0.2,line_of_sight,1
2026-04-07 19:43:21.653393,EEG Wearable,E1:1B:6D:10:62:56,-59,0.2,line_of_sight,1
2026-04-07 19:43:22.676642,EEG Wearable,E1:1B:6D:10:62:56,-59,0.2,line_of_sight,1
2026-04-07 19:43:22.681642,EEG Wearable,E1:1B:6D:10:62:56,-59,0.2,line_of_sight,1
2026-04-07 19:43:22.776477,EEG Wearable,E1:1B:6D:10:62:56,-62,0.2,line_of_sight,1
2026-04-07 19:43:22.809602,EEG Wearable,E1:1B:6D:10:62:56,-62,0.2,line_of_sight,1
2026-04-07 19:43:24.566952,EEG Wearable,E1:1B:6D:10:62:56,-62,0.2,line_of_sight,1
2026-04-07 19:43:24.601536,EEG Wearable,E1:1B:6D:10:62:56,-62,0.2,line_of_sight,1
2026-04-07 19:43:24.667655,EEG Wearable,E1:1B:6D:10:62:56,-75,0.2,line_of_sight,1
2026-04-07 19:43:24.702738,EEG Wearable,E1:1B:6D:10:62:56,-75,0.2,line_of_sight,1
2026-04-07 19:43:25.518437,EEG Wearable,E1:1B:6D:10:62:56,-59,0.2,line_of_sight,1
2026-04-07 19:43:25.522197,EEG Wearable,E1:1B:6D:10:62:56,-59,0.2,line_of_sight,1
2026-04-07 19:43:25.612478,EEG Wearable,E1:1B:6D:10:62:56,-62,0.2,line_of_sight,1
2026-04-07 19:43:25.646134,EEG Wearable,E1:1B:6D:10:62:56,-62,0.2,line_of_sight,1
2026-04-07 19:43:26.455219,EEG Wearable,E1:1B:6D:10:62:56,-75,0.2,line_of_sight,1
2026-04-07 19:43:26.487944,EEG Wearable,E1:1B:6D:10:62:56,-75,0.2,line_of_sight,1
2026-04-07 19:43:27.276849,EEG Wearable,E1:1B:6D:10:62:56,-59,0.2,line_of_sight,1
2026-04-07 19:43:27.308852,EEG Wearable,E1:1B:6D:10:62:56,-59,0.2,line_of_sight,1
2026-04-07 19:43:28.133524,EEG Wearable,E1:1B:6D:10:62:56,-62,0.2,line_of_sight,1
2026-04-07 19:43:28.138180,EEG Wearable,E1:1B:6D:10:62:56,-62,0.2,line_of_sight,1
2026-04-07 19:43:30.010970,EEG Wearable,E1:1B:6D:10:62:56,-73,0.2,line_of_sight,1
2026-04-07 19:45:03.901505,EEG Wearable,E1:1B:6D:10:62:56,-67,0.2,line_of_sight,2
2026-04-07 19:45:04.981336,EEG Wearable,E1:1B:6D:10:62:56,-70,0.2,line_of_sight,2
2026-04-07 19:45:04.986357,EEG Wearable,E1:1B:6D:10:62:56,-70,0.2,line_of_sight,2
2026-04-07 19:45:05.077747,EEG Wearable,E1:1B:6D:10:62:56,-60,0.2,line_of_sight,2
2026-04-07 19:45:05.111323,EEG Wearable,E1:1B:6D:10:62:56,-60,0.2,line_of_sight,2
2026-04-07 19:45:05.191677,EEG Wearable,E1:1B:6D:10:62:56,-62,0.2,line_of_sight,2
2026-04-07 19:45:05.227009,EEG Wearable,E1:1B:6D:10:62:56,-62,0.2,line_of_sight,2
2026-04-07 19:45:07.912793,EEG Wearable,E1:1B:6D:10:62:56,-60,0.2,line_of_sight,2
2026-04-07 19:45:07.932335,EEG Wearable,E1:1B:6D:10:62:56,-60,0.2,line_of_sight,2
2026-04-07 19:45:08.774317,EEG Wearable,E1:1B:6D:10:62:56,-62,0.2,line_of_sight,2
2026-04-07 19:45:08.780323,EEG Wearable,E1:1B:6D:10:62:56,-62,0.2,line_of_sight,2
2026-04-07 19:45:08.853076,EEG Wearable,E1:1B:6D:10:62:56,-69,0.2,line_of_sight,2
2026-04-07 19:45:08.888874,EEG Wearable,E1:1B:6D:10:62:56,-69,0.2,line_of_sight,2
2026-04-07 19:45:09.707013,EEG Wearable,E1:1B:6D:10:62:56,-61,0.2,line_of_sight,2
2026-04-07 19:45:09.733358,EEG Wearable,E1:1B:6D:10:62:56,-61,0.2,line_of_sight,2
2026-04-07 19:45:09.812615,EEG Wearable,E1:1B:6D:10:62:56,-62,0.2,line_of_sight,2
2026-04-07 19:45:09.834487,EEG Wearable,E1:1B:6D:10:62:56,-62,0.2,line_of_sight,2
2026-04-07 19:45:09.936756,EEG Wearable,E1:1B:6D:10:62:56,-70,0.2,line_of_sight,2
2026-04-07 19:45:09.940631,EEG Wearable,E1:1B:6D:10:62:56,-70,0.2,line_of_sight,2
2026-04-07 19:45:10.888951,EEG Wearable,E1:1B:6D:10:62:56,-63,0.2,line_of_sight,2
2026-04-07 19:45:10.894876,EEG Wearable,E1:1B:6D:10:62:56,-63,0.2,line_of_sight,2
2026-04-07 19:45:11.014990,EEG Wearable,E1:1B:6D:10:62:56,-70,0.2,line_of_sight,2
2026-04-07 19:45:11.044697,EEG Wearable,E1:1B:6D:10:62:56,-70,0.2,line_of_sight,2
2026-04-07 19:45:11.959197,EEG Wearable,E1:1B:6D:10:62:56,-63,0.2,line_of_sight,2
2026-04-07 19:45:11.991724,EEG Wearable,E1:1B:6D:10:62:56,-63,0.2,line_of_sight,2
2026-04-07 19:45:12.048047,EEG Wearable,E1:1B:6D:10:62:56,-71,0.2,line_of_sight,2
2026-04-07 19:45:12.080788,EEG Wearable,E1:1B:6D:10:62:56,-71,0.2,line_of_sight,2
2026-04-07 19:45:12.993382,EEG Wearable,E1:1B:6D:10:62:56,-63,0.2,line_of_sight,2
2026-04-07 19:45:13.028418,EEG Wearable,E1:1B:6D:10:62:56,-63,0.2,line_of_sight,2
2026-04-07 19:45:14.671619,EEG Wearable,E1:1B:6D:10:62:56,-62,0.2,line_of_sight,2
2026-04-07 19:45:14.677147,EEG Wearable,E1:1B:6D:10:62:56,-62,0.2,line_of_sight,2
2026-04-07 19:45:14.761557,EEG Wearable,E1:1B:6D:10:62:56,-63,0.2,line_of_sight,2
2026-04-07 19:45:14.805092,EEG Wearable,E1:1B:6D:10:62:56,-63,0.2,line_of_sight,2
2026-04-07 19:45:15.695363,EEG Wearable,E1:1B:6D:10:62:56,-61,0.2,line_of_sight,2
2026-04-07 19:45:16.577239,EEG Wearable,E1:1B:6D:10:62:56,-63,0.2,line_of_sight,2
2026-04-07 19:45:16.577239,EEG Wearable,E1:1B:6D:10:62:56,-63,0.2,line_of_sight,2
2026-04-07 19:45:17.432755,EEG Wearable,E1:1B:6D:10:62:56,-72,0.2,line_of_sight,2
2026-04-07 19:45:17.432755,EEG Wearable,E1:1B:6D:10:62:56,-72,0.2,line_of_sight,2
2026-04-07 19:45:19.069557,EEG Wearable,E1:1B:6D:10:62:56,-63,0.2,line_of_sight,2
2026-04-07 19:45:19.069557,EEG Wearable,E1:1B:6D:10:62:56,-63,0.2,line_of_sight,2
2026-04-07 19:45:19.133750,EEG Wearable,E1:1B:6D:10:62:56,-72,0.2,line_of_sight,2
2026-04-07 19:45:19.164153,EEG Wearable,E1:1B:6D:10:62:56,-72,0.2,line_of_sight,2
2026-04-07 19:45:19.971440,EEG Wearable,E1:1B:6D:10:62:56,-61,0.2,line_of_sight,2
2026-04-07 19:45:20.006770,EEG Wearable,E1:1B:6D:10:62:56,-61,0.2,line_of_sight,2
2026-04-07 19:45:21.023014,EEG Wearable,E1:1B:6D:10:62:56,-61,0.2,line_of_sight,2
2026-04-07 19:45:21.870625,EEG Wearable,E1:1B:6D:10:62:56,-62,0.2,line_of_sight,2
2026-04-07 19:45:21.886792,EEG Wearable,E1:1B:6D:10:62:56,-62,0.2,line_of_sight,2
2026-04-07 19:45:22.920528,EEG Wearable,E1:1B:6D:10:62:56,-63,0.2,line_of_sight,2
2026-04-07 19:45:22.920528,EEG Wearable,E1:1B:6D:10:62:56,-63,0.2,line_of_sight,2
2026-04-07 19:45:23.769622,EEG Wearable,E1:1B:6D:10:62:56,-72,0.2,line_of_sight,2
2026-04-07 19:45:23.876372,EEG Wearable,E1:1B:6D:10:62:56,-61,0.2,line_of_sight,2
2026-04-07 19:45:23.876372,EEG Wearable,E1:1B:6D:10:62:56,-61,0.2,line_of_sight,2
2026-04-07 19:45:24.600543,EEG Wearable,E1:1B:6D:10:62:56,-61,0.2,line_of_sight,2
2026-04-07 19:45:24.635112,EEG Wearable,E1:1B:6D:10:62:56,-61,0.2,line_of_sight,2
2026-04-07 19:45:25.762634,EEG Wearable,E1:1B:6D:10:62:56,-63,0.2,line_of_sight,2
2026-04-07 19:45:25.766864,EEG Wearable,E1:1B:6D:10:62:56,-63,0.2,line_of_sight,2
2026-04-07 19:45:26.727264,EEG Wearable,E1:1B:6D:10:62:56,-61,0.2,line_of_sight,2
2026-04-07 19:45:26.732514,EEG Wearable,E1:1B:6D:10:62:56,-61,0.2,line_of_sight,2
2026-04-07 19:45:26.802354,EEG Wearable,E1:1B:6D:10:62:56,-63,0.2,line_of_sight,2
2026-04-07 19:45:26.823029,EEG Wearable,E1:1B:6D:10:62:56,-63,0.2,line_of_sight,2
2026-04-07 19:45:27.754453,EEG Wearable,E1:1B:6D:10:62:56,-61,0.2,line_of_sight,2
2026-04-07 19:45:27.770259,EEG Wearable,E1:1B:6D:10:62:56,-61,0.2,line_of_sight,2
2026-04-07 19:45:27.865710,EEG Wearable,E1:1B:6D:10:62:56,-63,0.2,line_of_sight,2
2026-04-07 19:45:27.913369,EEG Wearable,E1:1B:6D:10:62:56,-63,0.2,line_of_sight,2
2026-04-07 19:45:29.581730,EEG Wearable,E1:1B:6D:10:62:56,-61,0.2,line_of_sight,2
2026-04-07 19:45:29.635014,EEG Wearable,E1:1B:6D:10:62:56,-63,0.2,line_of_sight,2
2026-04-07 19:45:29.684943,EEG Wearable,E1:1B:6D:10:62:56,-63,0.2,line_of_sight,2
2026-04-07 19:45:30.479883,EEG Wearable,E1:1B:6D:10:62:56,-72,0.2,line_of_sight,2
2026-04-07 19:45:30.511532,EEG Wearable,E1:1B:6D:10:62:56,-72,0.2,line_of_sight,2
2026-04-07 19:45:31.419882,EEG Wearable,E1:1B:6D:10:62:56,-62,0.2,line_of_sight,2
2026-04-07 19:45:31.451834,EEG Wearable,E1:1B:6D:10:62:56,-62,0.2,line_of_sight,2
2026-04-07 19:45:32.405799,EEG Wearable,E1:1B:6D:10:62:56,-59,0.2,line_of_sight,2
2026-04-07 19:45:32.405799,EEG Wearable,E1:1B:6D:10:62:56,-59,0.2,line_of_sight,2
2026-04-07 19:45:32.501283,EEG Wearable,E1:1B:6D:10:62:56,-61,0.2,line_of_sight,2
2026-04-07 19:45:32.505318,EEG Wearable,E1:1B:6D:10:62:56,-61,0.2,line_of_sight,2
2026-04-07 19:45:32.598562,EEG Wearable,E1:1B:6D:10:62:56,-66,0.2,line_of_sight,2
2026-04-07 19:45:32.623041,EEG Wearable,E1:1B:6D:10:62:56,-66,0.2,line_of_sight,2
2026-04-07 19:45:58.715939,EEG Wearable,E1:1B:6D:10:62:56,-62,0.2,line_of_sight,3
2026-04-07 19:45:58.718459,EEG Wearable,E1:1B:6D:10:62:56,-62,0.2,line_of_sight,3
2026-04-07 19:45:58.820107,EEG Wearable,E1:1B:6D:10:62:56,-68,0.2,line_of_sight,3
2026-04-07 19:46:00.852282,EEG Wearable,E1:1B:6D:10:62:56,-62,0.2,line_of_sight,3
2026-04-07 19:46:00.854300,EEG Wearable,E1:1B:6D:10:62:56,-62,0.2,line_of_sight,3
2026-04-07 19:46:01.889314,EEG Wearable,E1:1B:6D:10:62:56,-62,0.2,line_of_sight,3
2026-04-07 19:46:01.896313,EEG Wearable,E1:1B:6D:10:62:56,-62,0.2,line_of_sight,3
2026-04-07 19:46:02.726943,EEG Wearable,E1:1B:6D:10:62:56,-69,0.2,line_of_sight,3
2026-04-07 19:46:02.734712,EEG Wearable,E1:1B:6D:10:62:56,-69,0.2,line_of_sight,3
2026-04-07 19:46:02.842905,EEG Wearable,E1:1B:6D:10:62:56,-61,0.2,line_of_sight,3
2026-04-07 19:46:02.845481,EEG Wearable,E1:1B:6D:10:62:56,-61,0.2,line_of_sight,3
2026-04-07 19:46:03.786096,EEG Wearable,E1:1B:6D:10:62:56,-68,0.2,line_of_sight,3
2026-04-07 19:46:03.787749,EEG Wearable,E1:1B:6D:10:62:56,-68,0.2,line_of_sight,3
2026-04-07 19:46:04.616471,EEG Wearable,E1:1B:6D:10:62:56,-61,0.2,line_of_sight,3
2026-04-07 19:46:05.453424,EEG Wearable,E1:1B:6D:10:62:56,-62,0.2,line_of_sight,3
2026-04-07 19:46:05.464200,EEG Wearable,E1:1B:6D:10:62:56,-62,0.2,line_of_sight,3
2026-04-07 19:46:05.559987,EEG Wearable,E1:1B:6D:10:62:56,-69,0.2,line_of_sight,3
2026-04-07 19:46:05.584820,EEG Wearable,E1:1B:6D:10:62:56,-69,0.2,line_of_sight,3
2026-04-07 19:46:06.208135,EEG Wearable,E1:1B:6D:10:62:56,-62,0.2,line_of_sight,3
2026-04-07 19:46:06.241120,EEG Wearable,E1:1B:6D:10:62:56,-62,0.2,line_of_sight,3
2026-04-07 19:46:06.745516,EEG Wearable,E1:1B:6D:10:62:56,-61,0.2,line_of_sight,3
2026-04-07 19:46:06.780623,EEG Wearable,E1:1B:6D:10:62:56,-61,0.2,line_of_sight,3
2026-04-07 19:46:07.474031,EEG Wearable,E1:1B:6D:10:62:56,-61,0.2,line_of_sight,3
2026-04-07 19:46:07.503083,EEG Wearable,E1:1B:6D:10:62:56,-61,0.2,line_of_sight,3
2026-04-07 19:46:07.606957,EEG Wearable,E1:1B:6D:10:62:56,-63,0.2,line_of_sight,3
2026-04-07 19:46:07.612947,EEG Wearable,E1:1B:6D:10:62:56,-63,0.2,line_of_sight,3
2026-04-07 19:46:07.686408,EEG Wearable,E1:1B:6D:10:62:56,-69,0.2,line_of_sight,3
2026-04-07 19:46:07.715059,EEG Wearable,E1:1B:6D:10:62:56,-69,0.2,line_of_sight,3
2026-04-07 19:46:08.528704,EEG Wearable,E1:1B:6D:10:62:56,-62,0.2,line_of_sight,3
2026-04-07 19:46:08.534810,EEG Wearable,E1:1B:6D:10:62:56,-61,0.2,line_of_sight,3
2026-04-07 19:46:09.347674,EEG Wearable,E1:1B:6D:10:62:56,-63,0.2,line_of_sight,3
2026-04-07 19:46:09.376445,EEG Wearable,E1:1B:6D:10:62:56,-63,0.2,line_of_sight,3
2026-04-07 19:46:09.479809,EEG Wearable,E1:1B:6D:10:62:56,-70,0.2,line_of_sight,3
2026-04-07 19:46:09.484823,EEG Wearable,E1:1B:6D:10:62:56,-70,0.2,line_of_sight,3
2026-04-07 19:46:10.407597,EEG Wearable,E1:1B:6D:10:62:56,-63,0.2,line_of_sight,3
2026-04-07 19:46:10.433136,EEG Wearable,E1:1B:6D:10:62:56,-63,0.2,line_of_sight,3
2026-04-07 19:46:12.314480,EEG Wearable,E1:1B:6D:10:62:56,-67,0.2,line_of_sight,3
2026-04-07 19:46:12.337503,EEG Wearable,E1:1B:6D:10:62:56,-67,0.2,line_of_sight,3
2026-04-07 19:46:13.249637,EEG Wearable,E1:1B:6D:10:62:56,-62,0.2,line_of_sight,3
2026-04-07 19:46:13.278758,EEG Wearable,E1:1B:6D:10:62:56,-62,0.2,line_of_sight,3
2026-04-07 19:46:13.351284,EEG Wearable,E1:1B:6D:10:62:56,-67,0.2,line_of_sight,3
2026-04-07 19:46:13.381738,EEG Wearable,E1:1B:6D:10:62:56,-67,0.2,line_of_sight,3
2026-04-07 19:46:15.246066,EEG Wearable,E1:1B:6D:10:62:56,-59,0.2,line_of_sight,3
2026-04-07 19:46:15.279132,EEG Wearable,E1:1B:6D:10:62:56,-59,0.2,line_of_sight,3
2026-04-07 19:46:16.203410,EEG Wearable,E1:1B:6D:10:62:56,-68,0.2,line_of_sight,3
2026-04-07 19:46:17.017088,EEG Wearable,E1:1B:6D:10:62:56,-61,0.2,line_of_sight,3
2026-04-07 19:46:17.119294,EEG Wearable,E1:1B:6D:10:62:56,-61,0.2,line_of_sight,3
2026-04-07 19:46:17.124314,EEG Wearable,E1:1B:6D:10:62:56,-61,0.2,line_of_sight,3
2026-04-07 19:46:17.852392,EEG Wearable,E1:1B:6D:10:62:56,-62,0.2,line_of_sight,3
2026-04-07 19:46:17.866385,EEG Wearable,E1:1B:6D:10:62:56,-62,0.2,line_of_sight,3
2026-04-07 19:46:17.952571,EEG Wearable,E1:1B:6D:10:62:56,-66,0.2,line_of_sight,3
2026-04-07 19:46:17.965504,EEG Wearable,E1:1B:6D:10:62:56,-67,0.2,line_of_sight,3
2026-04-07 19:46:18.906252,EEG Wearable,E1:1B:6D:10:62:56,-61,0.2,line_of_sight,3
2026-04-07 19:46:18.909107,EEG Wearable,E1:1B:6D:10:62:56,-62,0.2,line_of_sight,3
2026-04-07 19:46:19.623975,EEG Wearable,E1:1B:6D:10:62:56,-61,0.2,line_of_sight,3
2026-04-07 19:46:19.638687,EEG Wearable,E1:1B:6D:10:62:56,-61,0.2,line_of_sight,3
2026-04-07 19:46:19.742356,EEG Wearable,E1:1B:6D:10:62:56,-66,0.2,line_of_sight,3
2026-04-07 19:46:19.756355,EEG Wearable,E1:1B:6D:10:62:56,-66,0.2,line_of_sight,3
2026-04-07 19:46:20.559459,EEG Wearable,E1:1B:6D:10:62:56,-61,0.2,line_of_sight,3
2026-04-07 19:46:21.509257,EEG Wearable,E1:1B:6D:10:62:56,-66,0.2,line_of_sight,3
2026-04-07 19:46:21.523804,EEG Wearable,E1:1B:6D:10:62:56,-66,0.2,line_of_sight,3
2026-04-07 19:46:21.617177,EEG Wearable,E1:1B:6D:10:62:56,-60,0.2,line_of_sight,3
2026-04-07 19:46:21.630715,EEG Wearable,E1:1B:6D:10:62:56,-60,0.2,line_of_sight,3
2026-04-07 19:46:22.452046,EEG Wearable,E1:1B:6D:10:62:56,-62,0.2,line_of_sight,3
2026-04-07 19:46:22.467630,EEG Wearable,E1:1B:6D:10:62:56,-62,0.2,line_of_sight,3
2026-04-07 19:46:22.562008,EEG Wearable,E1:1B:6D:10:62:56,-66,0.2,line_of_sight,3
2026-04-07 19:46:22.576538,EEG Wearable,E1:1B:6D:10:62:56,-66,0.2,line_of_sight,3
2026-04-07 19:46:23.511537,EEG Wearable,E1:1B:6D:10:62:56,-62,0.2,line_of_sight,3
2026-04-07 19:46:23.525962,EEG Wearable,E1:1B:6D:10:62:56,-62,0.2,line_of_sight,3
2026-04-07 19:46:24.352013,EEG Wearable,E1:1B:6D:10:62:56,-66,0.2,line_of_sight,3
2026-04-07 19:46:24.460179,EEG Wearable,E1:1B:6D:10:62:56,-60,0.2,line_of_sight,3
2026-04-07 19:46:24.472107,EEG Wearable,E1:1B:6D:10:62:56,-61,0.2,line_of_sight,3
2026-04-07 19:46:25.405810,EEG Wearable,E1:1B:6D:10:62:56,-66,0.2,line_of_sight,3
2026-04-07 19:46:25.420349,EEG Wearable,E1:1B:6D:10:62:56,-66,0.2,line_of_sight,3
2026-04-07 19:46:27.423590,EEG Wearable,E1:1B:6D:10:62:56,-62,0.2,line_of_sight,3
2026-04-07 19:46:27.425509,EEG Wearable,E1:1B:6D:10:62:56,-62,0.2,line_of_sight,3
2026-04-07 19:46:27.528724,EEG Wearable,E1:1B:6D:10:62:56,-66,0.2,line_of_sight,3
2026-04-07 19:46:27.530721,EEG Wearable,E1:1B:6D:10:62:56,-66,0.2,line_of_sight,3
2026-04-07 19:47:31.072067,EEG Wearable,E1:1B:6D:10:62:56,-64,0.4,line_of_sight,1
2026-04-07 19:47:31.085605,EEG Wearable,E1:1B:6D:10:62:56,-64,0.4,line_of_sight,1
2026-04-07 19:47:33.123950,EEG Wearable,E1:1B:6D:10:62:56,-67,0.4,line_of_sight,1
2026-04-07 19:47:33.155178,EEG Wearable,E1:1B:6D:10:62:56,-67,0.4,line_of_sight,1
2026-04-07 19:47:34.182306,EEG Wearable,E1:1B:6D:10:62:56,-68,0.4,line_of_sight,1
2026-04-07 19:47:34.188317,EEG Wearable,E1:1B:6D:10:62:56,-68,0.4,line_of_sight,1
2026-04-07 19:47:35.212096,EEG Wearable,E1:1B:6D:10:62:56,-67,0.4,line_of_sight,1
2026-04-07 19:47:35.259255,EEG Wearable,E1:1B:6D:10:62:56,-67,0.4,line_of_sight,1
2026-04-07 19:47:36.072457,EEG Wearable,E1:1B:6D:10:62:56,-63,0.4,line_of_sight,1
2026-04-07 19:47:36.095997,EEG Wearable,E1:1B:6D:10:62:56,-63,0.4,line_of_sight,1
2026-04-07 19:47:36.163657,EEG Wearable,E1:1B:6D:10:62:56,-60,0.4,line_of_sight,1
2026-04-07 19:47:36.192209,EEG Wearable,E1:1B:6D:10:62:56,-60,0.4,line_of_sight,1
2026-04-07 19:47:36.271633,EEG Wearable,E1:1B:6D:10:62:56,-69,0.4,line_of_sight,1
2026-04-07 19:47:36.299023,EEG Wearable,E1:1B:6D:10:62:56,-69,0.4,line_of_sight,1
2026-04-07 19:47:38.083037,EEG Wearable,E1:1B:6D:10:62:56,-68,0.4,line_of_sight,1
2026-04-07 19:47:38.089087,EEG Wearable,E1:1B:6D:10:62:56,-68,0.4,line_of_sight,1
2026-04-07 19:47:38.164244,EEG Wearable,E1:1B:6D:10:62:56,-63,0.4,line_of_sight,1
2026-04-07 19:47:38.186795,EEG Wearable,E1:1B:6D:10:62:56,-63,0.4,line_of_sight,1
2026-04-07 19:47:39.028358,EEG Wearable,E1:1B:6D:10:62:56,-61,0.4,line_of_sight,1
2026-04-07 19:47:39.034355,EEG Wearable,E1:1B:6D:10:62:56,-62,0.4,line_of_sight,1
2026-04-07 19:47:39.144392,EEG Wearable,E1:1B:6D:10:62:56,-69,0.4,line_of_sight,1
2026-04-07 19:47:39.151402,EEG Wearable,E1:1B:6D:10:62:56,-69,0.4,line_of_sight,1
2026-04-07 19:47:39.862209,EEG Wearable,E1:1B:6D:10:62:56,-66,0.4,line_of_sight,1
2026-04-07 19:47:39.868214,EEG Wearable,E1:1B:6D:10:62:56,-66,0.4,line_of_sight,1
2026-04-07 19:47:39.954463,EEG Wearable,E1:1B:6D:10:62:56,-64,0.4,line_of_sight,1
2026-04-07 19:47:39.960464,EEG Wearable,E1:1B:6D:10:62:56,-64,0.4,line_of_sight,1
2026-04-07 19:47:41.490244,EEG Wearable,E1:1B:6D:10:62:56,-60,0.4,line_of_sight,1
2026-04-07 19:47:41.524880,EEG Wearable,E1:1B:6D:10:62:56,-60,0.4,line_of_sight,1
2026-04-07 19:47:41.595016,EEG Wearable,E1:1B:6D:10:62:56,-71,0.4,line_of_sight,1
2026-04-07 19:47:42.464760,EEG Wearable,E1:1B:6D:10:62:56,-63,0.4,line_of_sight,1
2026-04-07 19:47:42.493483,EEG Wearable,E1:1B:6D:10:62:56,-63,0.4,line_of_sight,1
2026-04-07 19:47:42.677311,EEG Wearable,E1:1B:6D:10:62:56,-71,0.4,line_of_sight,1
2026-04-07 19:47:42.683407,EEG Wearable,E1:1B:6D:10:62:56,-72,0.4,line_of_sight,1
2026-04-07 19:47:43.517982,EEG Wearable,E1:1B:6D:10:62:56,-64,0.4,line_of_sight,1
2026-04-07 19:47:43.524636,EEG Wearable,E1:1B:6D:10:62:56,-64,0.4,line_of_sight,1
2026-04-07 19:47:43.612463,EEG Wearable,E1:1B:6D:10:62:56,-62,0.4,line_of_sight,1
2026-04-07 19:47:43.642257,EEG Wearable,E1:1B:6D:10:62:56,-62,0.4,line_of_sight,1
2026-04-07 19:47:43.722787,EEG Wearable,E1:1B:6D:10:62:56,-70,0.4,line_of_sight,1
2026-04-07 19:47:43.740325,EEG Wearable,E1:1B:6D:10:62:56,-70,0.4,line_of_sight,1
2026-04-07 19:47:44.457489,EEG Wearable,E1:1B:6D:10:62:56,-69,0.4,line_of_sight,1
2026-04-07 19:47:44.464512,EEG Wearable,E1:1B:6D:10:62:56,-70,0.4,line_of_sight,1
2026-04-07 19:47:44.573251,EEG Wearable,E1:1B:6D:10:62:56,-64,0.4,line_of_sight,1
2026-04-07 19:47:44.659553,EEG Wearable,E1:1B:6D:10:62:56,-61,0.4,line_of_sight,1
2026-04-07 19:47:45.394716,EEG Wearable,E1:1B:6D:10:62:56,-62,0.4,line_of_sight,1
2026-04-07 19:47:45.414703,EEG Wearable,E1:1B:6D:10:62:56,-62,0.4,line_of_sight,1
2026-04-07 19:47:45.535493,EEG Wearable,E1:1B:6D:10:62:56,-69,0.4,line_of_sight,1
2026-04-07 19:47:45.541463,EEG Wearable,E1:1B:6D:10:62:56,-69,0.4,line_of_sight,1
2026-04-07 19:47:45.608317,EEG Wearable,E1:1B:6D:10:62:56,-62,0.4,line_of_sight,1
2026-04-07 19:47:45.640788,EEG Wearable,E1:1B:6D:10:62:56,-62,0.4,line_of_sight,1
2026-04-07 19:47:46.461605,EEG Wearable,E1:1B:6D:10:62:56,-61,0.4,line_of_sight,1
2026-04-07 19:47:46.489645,EEG Wearable,E1:1B:6D:10:62:56,-61,0.4,line_of_sight,1
2026-04-07 19:47:46.579962,EEG Wearable,E1:1B:6D:10:62:56,-68,0.4,line_of_sight,1
2026-04-07 19:47:46.596892,EEG Wearable,E1:1B:6D:10:62:56,-68,0.4,line_of_sight,1
2026-04-07 19:47:47.411371,EEG Wearable,E1:1B:6D:10:62:56,-62,0.4,line_of_sight,1
2026-04-07 19:47:47.418359,EEG Wearable,E1:1B:6D:10:62:56,-61,0.4,line_of_sight,1
2026-04-07 19:47:48.236062,EEG Wearable,E1:1B:6D:10:62:56,-60,0.4,line_of_sight,1
2026-04-07 19:47:48.242055,EEG Wearable,E1:1B:6D:10:62:56,-60,0.4,line_of_sight,1
2026-04-07 19:47:49.168607,EEG Wearable,E1:1B:6D:10:62:56,-62,0.4,line_of_sight,1
2026-04-07 19:47:49.174164,EEG Wearable,E1:1B:6D:10:62:56,-62,0.4,line_of_sight,1
2026-04-07 19:47:49.884699,EEG Wearable,E1:1B:6D:10:62:56,-64,0.4,line_of_sight,1
2026-04-07 19:47:49.913831,EEG Wearable,E1:1B:6D:10:62:56,-64,0.4,line_of_sight,1
2026-04-07 19:47:50.000640,EEG Wearable,E1:1B:6D:10:62:56,-60,0.4,line_of_sight,1
2026-04-07 19:47:50.007702,EEG Wearable,E1:1B:6D:10:62:56,-60,0.4,line_of_sight,1
2026-04-07 19:47:50.089392,EEG Wearable,E1:1B:6D:10:62:56,-67,0.4,line_of_sight,1
2026-04-07 19:47:50.107450,EEG Wearable,E1:1B:6D:10:62:56,-67,0.4,line_of_sight,1
2026-04-07 19:47:51.037959,EEG Wearable,E1:1B:6D:10:62:56,-61,0.4,line_of_sight,1
2026-04-07 19:47:51.065996,EEG Wearable,E1:1B:6D:10:62:56,-61,0.4,line_of_sight,1
2026-04-07 19:47:51.886335,EEG Wearable,E1:1B:6D:10:62:56,-67,0.4,line_of_sight,1
2026-04-07 19:47:51.893328,EEG Wearable,E1:1B:6D:10:62:56,-67,0.4,line_of_sight,1
2026-04-07 19:47:52.724124,EEG Wearable,E1:1B:6D:10:62:56,-66,0.4,line_of_sight,1
2026-04-07 19:47:52.730163,EEG Wearable,E1:1B:6D:10:62:56,-66,0.4,line_of_sight,1
2026-04-07 19:47:53.532777,EEG Wearable,E1:1B:6D:10:62:56,-62,0.4,line_of_sight,1
2026-04-07 19:47:53.565518,EEG Wearable,E1:1B:6D:10:62:56,-62,0.4,line_of_sight,1
2026-04-07 19:47:53.638675,EEG Wearable,E1:1B:6D:10:62:56,-68,0.4,line_of_sight,1
2026-04-07 19:47:54.390569,EEG Wearable,E1:1B:6D:10:62:56,-68,0.4,line_of_sight,1
2026-04-07 19:47:54.396565,EEG Wearable,E1:1B:6D:10:62:56,-68,0.4,line_of_sight,1
2026-04-07 19:47:54.475271,EEG Wearable,E1:1B:6D:10:62:56,-67,0.4,line_of_sight,1
2026-04-07 19:47:56.355507,EEG Wearable,E1:1B:6D:10:62:56,-62,0.4,line_of_sight,1
2026-04-07 19:47:56.356490,EEG Wearable,E1:1B:6D:10:62:56,-62,0.4,line_of_sight,1
2026-04-07 19:47:57.404850,EEG Wearable,E1:1B:6D:10:62:56,-61,0.4,line_of_sight,1
2026-04-07 19:47:57.410849,EEG Wearable,E1:1B:6D:10:62:56,-61,0.4,line_of_sight,1
2026-04-07 19:47:58.357558,EEG Wearable,E1:1B:6D:10:62:56,-65,0.4,line_of_sight,1
2026-04-07 19:47:58.358562,EEG Wearable,E1:1B:6D:10:62:56,-65,0.4,line_of_sight,1
2026-04-07 19:48:14.315701,EEG Wearable,E1:1B:6D:10:62:56,-64,0.4,line_of_sight,2
2026-04-07 19:48:14.317721,EEG Wearable,E1:1B:6D:10:62:56,-64,0.4,line_of_sight,2
2026-04-07 19:48:15.266282,EEG Wearable,E1:1B:6D:10:62:56,-65,0.4,line_of_sight,2
2026-04-07 19:48:15.269294,EEG Wearable,E1:1B:6D:10:62:56,-65,0.4,line_of_sight,2
2026-04-07 19:48:17.085858,EEG Wearable,E1:1B:6D:10:62:56,-66,0.4,line_of_sight,2
2026-04-07 19:48:17.091302,EEG Wearable,E1:1B:6D:10:62:56,-66,0.4,line_of_sight,2
2026-04-07 19:48:17.133335,EEG Wearable,E1:1B:6D:10:62:56,-64,0.4,line_of_sight,2
2026-04-07 19:48:17.144610,EEG Wearable,E1:1B:6D:10:62:56,-64,0.4,line_of_sight,2
2026-04-07 19:48:17.891625,EEG Wearable,E1:1B:6D:10:62:56,-64,0.4,line_of_sight,2
2026-04-07 19:48:17.894639,EEG Wearable,E1:1B:6D:10:62:56,-64,0.4,line_of_sight,2
2026-04-07 19:48:17.972390,EEG Wearable,E1:1B:6D:10:62:56,-62,0.4,line_of_sight,2
2026-04-07 19:48:18.006395,EEG Wearable,E1:1B:6D:10:62:56,-62,0.4,line_of_sight,2
2026-04-07 19:48:18.817291,EEG Wearable,E1:1B:6D:10:62:56,-67,0.4,line_of_sight,2
2026-04-07 19:48:18.851924,EEG Wearable,E1:1B:6D:10:62:56,-67,0.4,line_of_sight,2
2026-04-07 19:48:19.761939,EEG Wearable,E1:1B:6D:10:62:56,-62,0.4,line_of_sight,2
2026-04-07 19:48:19.768928,EEG Wearable,E1:1B:6D:10:62:56,-62,0.4,line_of_sight,2
2026-04-07 19:48:19.865011,EEG Wearable,E1:1B:6D:10:62:56,-67,0.4,line_of_sight,2
2026-04-07 19:48:19.893541,EEG Wearable,E1:1B:6D:10:62:56,-67,0.4,line_of_sight,2
2026-04-07 19:48:20.816857,EEG Wearable,E1:1B:6D:10:62:56,-62,0.4,line_of_sight,2
2026-04-07 19:48:20.845255,EEG Wearable,E1:1B:6D:10:62:56,-62,0.4,line_of_sight,2
2026-04-07 19:48:20.954419,EEG Wearable,E1:1B:6D:10:62:56,-67,0.4,line_of_sight,2
2026-04-07 19:48:20.960461,EEG Wearable,E1:1B:6D:10:62:56,-67,0.4,line_of_sight,2
2026-04-07 19:48:21.764062,EEG Wearable,E1:1B:6D:10:62:56,-64,0.4,line_of_sight,2
2026-04-07 19:48:22.607191,EEG Wearable,E1:1B:6D:10:62:56,-62,0.4,line_of_sight,2
2026-04-07 19:48:22.614186,EEG Wearable,E1:1B:6D:10:62:56,-62,0.4,line_of_sight,2
2026-04-07 19:48:22.696283,EEG Wearable,E1:1B:6D:10:62:56,-67,0.4,line_of_sight,2
2026-04-07 19:48:22.737655,EEG Wearable,E1:1B:6D:10:62:56,-67,0.4,line_of_sight,2
2026-04-07 19:48:23.680530,EEG Wearable,E1:1B:6D:10:62:56,-62,0.4,line_of_sight,2
2026-04-07 19:48:23.687477,EEG Wearable,E1:1B:6D:10:62:56,-62,0.4,line_of_sight,2
2026-04-07 19:48:23.787748,EEG Wearable,E1:1B:6D:10:62:56,-67,0.4,line_of_sight,2
2026-04-07 19:48:23.792254,EEG Wearable,E1:1B:6D:10:62:56,-67,0.4,line_of_sight,2
2026-04-07 19:48:24.701088,EEG Wearable,E1:1B:6D:10:62:56,-62,0.4,line_of_sight,2
2026-04-07 19:48:24.723361,EEG Wearable,E1:1B:6D:10:62:56,-62,0.4,line_of_sight,2
2026-04-07 19:48:26.397422,EEG Wearable,E1:1B:6D:10:62:56,-64,0.4,line_of_sight,2
2026-04-07 19:48:26.413682,EEG Wearable,E1:1B:6D:10:62:56,-64,0.4,line_of_sight,2
2026-04-07 19:48:26.501688,EEG Wearable,E1:1B:6D:10:62:56,-62,0.4,line_of_sight,2
2026-04-07 19:48:26.506683,EEG Wearable,E1:1B:6D:10:62:56,-62,0.4,line_of_sight,2
2026-04-07 19:48:27.368080,EEG Wearable,E1:1B:6D:10:62:56,-67,0.4,line_of_sight,2
2026-04-07 19:48:27.371085,EEG Wearable,E1:1B:6D:10:62:56,-67,0.4,line_of_sight,2
2026-04-07 19:48:27.422246,EEG Wearable,E1:1B:6D:10:62:56,-64,0.4,line_of_sight,2
2026-04-07 19:48:27.429239,EEG Wearable,E1:1B:6D:10:62:56,-64,0.4,line_of_sight,2
2026-04-07 19:48:28.362572,EEG Wearable,E1:1B:6D:10:62:56,-68,0.4,line_of_sight,2
2026-04-07 19:48:28.369685,EEG Wearable,E1:1B:6D:10:62:56,-68,0.4,line_of_sight,2
2026-04-07 19:48:29.202234,EEG Wearable,E1:1B:6D:10:62:56,-64,0.4,line_of_sight,2
2026-04-07 19:48:29.205221,EEG Wearable,E1:1B:6D:10:62:56,-64,0.4,line_of_sight,2
2026-04-07 19:48:29.313411,EEG Wearable,E1:1B:6D:10:62:56,-62,0.4,line_of_sight,2
2026-04-07 19:48:29.316411,EEG Wearable,E1:1B:6D:10:62:56,-62,0.4,line_of_sight,2
2026-04-07 19:48:30.156460,EEG Wearable,E1:1B:6D:10:62:56,-67,0.4,line_of_sight,2
2026-04-07 19:48:30.159505,EEG Wearable,E1:1B:6D:10:62:56,-67,0.4,line_of_sight,2
2026-04-07 19:48:31.085058,EEG Wearable,E1:1B:6D:10:62:56,-62,0.4,line_of_sight,2
2026-04-07 19:48:31.093058,EEG Wearable,E1:1B:6D:10:62:56,-62,0.4,line_of_sight,2
2026-04-07 19:48:32.151457,EEG Wearable,E1:1B:6D:10:62:56,-62,0.4,line_of_sight,2
2026-04-07 19:48:32.153455,EEG Wearable,E1:1B:6D:10:62:56,-62,0.4,line_of_sight,2
2026-04-07 19:48:32.762390,EEG Wearable,E1:1B:6D:10:62:56,-64,0.4,line_of_sight,2
2026-04-07 19:48:32.777474,EEG Wearable,E1:1B:6D:10:62:56,-64,0.4,line_of_sight,2
2026-04-07 19:48:32.866813,EEG Wearable,E1:1B:6D:10:62:56,-62,0.4,line_of_sight,2
2026-04-07 19:48:32.873111,EEG Wearable,E1:1B:6D:10:62:56,-62,0.4,line_of_sight,2
2026-04-07 19:48:32.976367,EEG Wearable,E1:1B:6D:10:62:56,-67,0.4,line_of_sight,2
2026-04-07 19:48:32.991634,EEG Wearable,E1:1B:6D:10:62:56,-67,0.4,line_of_sight,2
2026-04-07 19:48:33.084076,EEG Wearable,E1:1B:6D:10:62:56,-64,0.4,line_of_sight,2
2026-04-07 19:48:33.100095,EEG Wearable,E1:1B:6D:10:62:56,-64,0.4,line_of_sight,2
2026-04-07 19:48:33.923811,EEG Wearable,E1:1B:6D:10:62:56,-62,0.4,line_of_sight,2
2026-04-07 19:48:33.938418,EEG Wearable,E1:1B:6D:10:62:56,-62,0.4,line_of_sight,2
2026-04-07 19:48:34.028575,EEG Wearable,E1:1B:6D:10:62:56,-67,0.4,line_of_sight,2
2026-04-07 19:48:34.043703,EEG Wearable,E1:1B:6D:10:62:56,-67,0.4,line_of_sight,2
2026-04-07 19:48:34.755035,EEG Wearable,E1:1B:6D:10:62:56,-68,0.4,line_of_sight,2
2026-04-07 19:48:34.768608,EEG Wearable,E1:1B:6D:10:62:56,-68,0.4,line_of_sight,2
2026-04-07 19:48:34.861260,EEG Wearable,E1:1B:6D:10:62:56,-64,0.4,line_of_sight,2
2026-04-07 19:48:34.947034,EEG Wearable,E1:1B:6D:10:62:56,-64,0.4,line_of_sight,2
2026-04-07 19:48:35.525207,EEG Wearable,E1:1B:6D:10:62:56,-67,0.4,line_of_sight,2
2026-04-07 19:48:35.532310,EEG Wearable,E1:1B:6D:10:62:56,-67,0.4,line_of_sight,2
2026-04-07 19:48:36.768374,EEG Wearable,E1:1B:6D:10:62:56,-61,0.4,line_of_sight,2
2026-04-07 19:48:36.772292,EEG Wearable,E1:1B:6D:10:62:56,-61,0.4,line_of_sight,2
2026-04-07 19:48:37.591421,EEG Wearable,E1:1B:6D:10:62:56,-68,0.4,line_of_sight,2
2026-04-07 19:48:37.592406,EEG Wearable,E1:1B:6D:10:62:56,-68,0.4,line_of_sight,2
2026-04-07 19:48:38.535718,EEG Wearable,E1:1B:6D:10:62:56,-61,0.4,line_of_sight,2
2026-04-07 19:48:38.546871,EEG Wearable,E1:1B:6D:10:62:56,-61,0.4,line_of_sight,2
2026-04-07 19:48:38.643737,EEG Wearable,E1:1B:6D:10:62:56,-68,0.4,line_of_sight,2
2026-04-07 19:48:38.657757,EEG Wearable,E1:1B:6D:10:62:56,-68,0.4,line_of_sight,2
2026-04-07 19:48:39.467613,EEG Wearable,E1:1B:6D:10:62:56,-64,0.4,line_of_sight,2
2026-04-07 19:48:39.476250,EEG Wearable,E1:1B:6D:10:62:56,-64,0.4,line_of_sight,2
2026-04-07 19:48:40.435243,EEG Wearable,E1:1B:6D:10:62:56,-68,0.4,line_of_sight,2
2026-04-07 19:48:40.438250,EEG Wearable,E1:1B:6D:10:62:56,-68,0.4,line_of_sight,2
2026-04-07 19:48:40.533253,EEG Wearable,E1:1B:6D:10:62:56,-64,0.4,line_of_sight,2
2026-04-07 19:48:40.546258,EEG Wearable,E1:1B:6D:10:62:56,-64,0.4,line_of_sight,2
2026-04-07 19:48:40.643153,EEG Wearable,E1:1B:6D:10:62:56,-61,0.4,line_of_sight,2
2026-04-07 19:48:40.659209,EEG Wearable,E1:1B:6D:10:62:56,-62,0.4,line_of_sight,2
2026-04-07 19:48:41.498435,EEG Wearable,E1:1B:6D:10:62:56,-68,0.4,line_of_sight,2
2026-04-07 19:48:41.500428,EEG Wearable,E1:1B:6D:10:62:56,-68,0.4,line_of_sight,2
2026-04-07 19:48:41.596663,EEG Wearable,E1:1B:6D:10:62:56,-64,0.4,line_of_sight,2
2026-04-07 19:48:41.609670,EEG Wearable,E1:1B:6D:10:62:56,-64,0.4,line_of_sight,2
2026-04-07 19:48:42.550821,EEG Wearable,E1:1B:6D:10:62:56,-68,0.4,line_of_sight,2
2026-04-07 19:48:42.562341,EEG Wearable,E1:1B:6D:10:62:56,-68,0.4,line_of_sight,2
2026-04-07 19:48:43.487117,EEG Wearable,E1:1B:6D:10:62:56,-61,0.4,line_of_sight,2
2026-04-07 19:48:43.503115,EEG Wearable,E1:1B:6D:10:62:56,-62,0.4,line_of_sight,2
2026-04-07 19:48:46.331758,EEG Wearable,E1:1B:6D:10:62:56,-62,0.4,line_of_sight,3
2026-04-07 19:48:46.344716,EEG Wearable,E1:1B:6D:10:62:56,-62,0.4,line_of_sight,3
2026-04-07 19:48:46.434594,EEG Wearable,E1:1B:6D:10:62:56,-68,0.4,line_of_sight,3
2026-04-07 19:48:46.450595,EEG Wearable,E1:1B:6D:10:62:56,-68,0.4,line_of_sight,3
2026-04-07 19:48:47.277864,EEG Wearable,E1:1B:6D:10:62:56,-64,0.4,line_of_sight,3
2026-04-07 19:48:47.289411,EEG Wearable,E1:1B:6D:10:62:56,-64,0.4,line_of_sight,3
2026-04-07 19:48:47.382119,EEG Wearable,E1:1B:6D:10:62:56,-61,0.4,line_of_sight,3
2026-04-07 19:48:47.395857,EEG Wearable,E1:1B:6D:10:62:56,-61,0.4,line_of_sight,3
2026-04-07 19:48:48.110161,EEG Wearable,E1:1B:6D:10:62:56,-61,0.4,line_of_sight,3
2026-04-07 19:48:48.128567,EEG Wearable,E1:1B:6D:10:62:56,-61,0.4,line_of_sight,3
2026-04-07 19:48:48.218262,EEG Wearable,E1:1B:6D:10:62:56,-68,0.4,line_of_sight,3
2026-04-07 19:48:48.232244,EEG Wearable,E1:1B:6D:10:62:56,-68,0.4,line_of_sight,3
2026-04-07 19:48:49.055854,EEG Wearable,E1:1B:6D:10:62:56,-64,0.4,line_of_sight,3
2026-04-07 19:48:49.067585,EEG Wearable,E1:1B:6D:10:62:56,-64,0.4,line_of_sight,3
2026-04-07 19:48:49.163632,EEG Wearable,E1:1B:6D:10:62:56,-62,0.4,line_of_sight,3
2026-04-07 19:48:49.180092,EEG Wearable,E1:1B:6D:10:62:56,-62,0.4,line_of_sight,3
2026-04-07 19:48:50.140638,EEG Wearable,E1:1B:6D:10:62:56,-64,0.4,line_of_sight,3
2026-04-07 19:48:50.142720,EEG Wearable,E1:1B:6D:10:62:56,-64,0.4,line_of_sight,3
2026-04-07 19:48:50.222663,EEG Wearable,E1:1B:6D:10:62:56,-62,0.4,line_of_sight,3
2026-04-07 19:48:50.242203,EEG Wearable,E1:1B:6D:10:62:56,-62,0.4,line_of_sight,3
2026-04-07 19:48:51.066657,EEG Wearable,E1:1B:6D:10:62:56,-68,0.4,line_of_sight,3
2026-04-07 19:48:51.096422,EEG Wearable,E1:1B:6D:10:62:56,-68,0.4,line_of_sight,3
2026-04-07 19:48:51.167594,EEG Wearable,E1:1B:6D:10:62:56,-64,0.4,line_of_sight,3
2026-04-07 19:48:51.198334,EEG Wearable,E1:1B:6D:10:62:56,-64,0.4,line_of_sight,3
2026-04-07 19:48:52.222321,EEG Wearable,E1:1B:6D:10:62:56,-63,0.4,line_of_sight,3
2026-04-07 19:48:52.247549,EEG Wearable,E1:1B:6D:10:62:56,-63,0.4,line_of_sight,3
2026-04-07 19:48:53.170135,EEG Wearable,E1:1B:6D:10:62:56,-66,0.4,line_of_sight,3
2026-04-07 19:48:53.199663,EEG Wearable,E1:1B:6D:10:62:56,-66,0.4,line_of_sight,3
2026-04-07 19:48:54.128045,EEG Wearable,E1:1B:6D:10:62:56,-62,0.4,line_of_sight,3
2026-04-07 19:48:54.157051,EEG Wearable,E1:1B:6D:10:62:56,-62,0.4,line_of_sight,3
2026-04-07 19:48:56.017550,EEG Wearable,E1:1B:6D:10:62:56,-66,0.4,line_of_sight,3
2026-04-07 19:48:56.042636,EEG Wearable,E1:1B:6D:10:62:56,-66,0.4,line_of_sight,3
2026-04-07 19:48:56.968423,EEG Wearable,E1:1B:6D:10:62:56,-63,0.4,line_of_sight,3
2026-04-07 19:48:56.998063,EEG Wearable,E1:1B:6D:10:62:56,-63,0.4,line_of_sight,3
2026-04-07 19:48:57.922335,EEG Wearable,E1:1B:6D:10:62:56,-63,0.4,line_of_sight,3
2026-04-07 19:48:57.928227,EEG Wearable,E1:1B:6D:10:62:56,-63,0.4,line_of_sight,3
2026-04-07 19:48:58.760862,EEG Wearable,E1:1B:6D:10:62:56,-63,0.4,line_of_sight,3
2026-04-07 19:48:58.765759,EEG Wearable,E1:1B:6D:10:62:56,-63,0.4,line_of_sight,3
2026-04-07 19:48:59.690606,EEG Wearable,E1:1B:6D:10:62:56,-64,0.4,line_of_sight,3
2026-04-07 19:48:59.718996,EEG Wearable,E1:1B:6D:10:62:56,-64,0.4,line_of_sight,3
2026-04-07 19:48:59.788964,EEG Wearable,E1:1B:6D:10:62:56,-62,0.4,line_of_sight,3
2026-04-07 19:48:59.814087,EEG Wearable,E1:1B:6D:10:62:56,-62,0.4,line_of_sight,3
2026-04-07 19:49:00.738689,EEG Wearable,E1:1B:6D:10:62:56,-63,0.4,line_of_sight,3
2026-04-07 19:49:00.765100,EEG Wearable,E1:1B:6D:10:62:56,-63,0.4,line_of_sight,3
2026-04-07 19:49:01.703737,EEG Wearable,E1:1B:6D:10:62:56,-66,0.4,line_of_sight,3
2026-04-07 19:49:01.723252,EEG Wearable,E1:1B:6D:10:62:56,-66,0.4,line_of_sight,3
2026-04-07 19:49:01.801629,EEG Wearable,E1:1B:6D:10:62:56,-67,0.4,line_of_sight,3
2026-04-07 19:49:01.831779,EEG Wearable,E1:1B:6D:10:62:56,-67,0.4,line_of_sight,3
2026-04-07 19:49:02.769410,EEG Wearable,E1:1B:6D:10:62:56,-65,0.4,line_of_sight,3
2026-04-07 19:49:02.794511,EEG Wearable,E1:1B:6D:10:62:56,-65,0.4,line_of_sight,3
2026-04-07 19:49:02.888291,EEG Wearable,E1:1B:6D:10:62:56,-65,0.4,line_of_sight,3
2026-04-07 19:49:02.893292,EEG Wearable,E1:1B:6D:10:62:56,-65,0.4,line_of_sight,3
2026-04-07 19:49:03.495606,EEG Wearable,E1:1B:6D:10:62:56,-65,0.4,line_of_sight,3
2026-04-07 19:49:03.521131,EEG Wearable,E1:1B:6D:10:62:56,-65,0.4,line_of_sight,3
2026-04-07 19:49:03.920476,EEG Wearable,E1:1B:6D:10:62:56,-65,0.4,line_of_sight,3
2026-04-07 19:49:03.937980,EEG Wearable,E1:1B:6D:10:62:56,-65,0.4,line_of_sight,3
2026-04-07 19:49:04.792467,EEG Wearable,E1:1B:6D:10:62:56,-62,0.4,line_of_sight,3
2026-04-07 19:49:04.800128,EEG Wearable,E1:1B:6D:10:62:56,-62,0.4,line_of_sight,3
2026-04-07 19:49:04.874893,EEG Wearable,E1:1B:6D:10:62:56,-67,0.4,line_of_sight,3
2026-04-07 19:49:04.909013,EEG Wearable,E1:1B:6D:10:62:56,-67,0.4,line_of_sight,3
2026-04-07 19:49:05.386243,EEG Wearable,E1:1B:6D:10:62:56,-65,0.4,line_of_sight,3
2026-04-07 19:49:05.403782,EEG Wearable,E1:1B:6D:10:62:56,-65,0.4,line_of_sight,3
2026-04-07 19:49:05.708761,EEG Wearable,E1:1B:6D:10:62:56,-66,0.4,line_of_sight,3
2026-04-07 19:49:05.738952,EEG Wearable,E1:1B:6D:10:62:56,-65,0.4,line_of_sight,3
2026-04-07 19:49:05.833922,EEG Wearable,E1:1B:6D:10:62:56,-62,0.4,line_of_sight,3
2026-04-07 19:49:05.840950,EEG Wearable,E1:1B:6D:10:62:56,-62,0.4,line_of_sight,3
2026-04-07 19:49:06.544291,EEG Wearable,E1:1B:6D:10:62:56,-61,0.4,line_of_sight,3
2026-04-07 19:49:06.549917,EEG Wearable,E1:1B:6D:10:62:56,-61,0.4,line_of_sight,3
2026-04-07 19:49:06.642137,EEG Wearable,E1:1B:6D:10:62:56,-66,0.4,line_of_sight,3
2026-04-07 19:49:06.672537,EEG Wearable,E1:1B:6D:10:62:56,-66,0.4,line_of_sight,3
2026-04-07 19:49:08.329924,EEG Wearable,E1:1B:6D:10:62:56,-63,0.4,line_of_sight,3
2026-04-07 19:49:08.333925,EEG Wearable,E1:1B:6D:10:62:56,-63,0.4,line_of_sight,3
2026-04-07 19:49:08.436697,EEG Wearable,E1:1B:6D:10:62:56,-68,0.4,line_of_sight,3
2026-04-07 19:49:08.442720,EEG Wearable,E1:1B:6D:10:62:56,-68,0.4,line_of_sight,3
2026-04-07 19:49:08.526287,EEG Wearable,E1:1B:6D:10:62:56,-65,0.4,line_of_sight,3
2026-04-07 19:49:08.552329,EEG Wearable,E1:1B:6D:10:62:56,-65,0.4,line_of_sight,3
2026-04-07 19:49:09.366845,EEG Wearable,E1:1B:6D:10:62:56,-61,0.4,line_of_sight,3
2026-04-07 19:49:09.400406,EEG Wearable,E1:1B:6D:10:62:56,-61,0.4,line_of_sight,3
2026-04-07 19:49:10.191059,EEG Wearable,E1:1B:6D:10:62:56,-67,0.4,line_of_sight,3
2026-04-07 19:49:10.192059,EEG Wearable,E1:1B:6D:10:62:56,-67,0.4,line_of_sight,3
2026-04-07 19:49:11.012491,EEG Wearable,E1:1B:6D:10:62:56,-68,0.4,line_of_sight,3
2026-04-07 19:49:11.022017,EEG Wearable,E1:1B:6D:10:62:56,-68,0.4,line_of_sight,3
2026-04-07 19:49:11.961159,EEG Wearable,E1:1B:6D:10:62:56,-67,0.4,line_of_sight,3
2026-04-07 19:49:11.968266,EEG Wearable,E1:1B:6D:10:62:56,-67,0.4,line_of_sight,3
2026-04-07 19:49:12.907791,EEG Wearable,E1:1B:6D:10:62:56,-62,0.4,line_of_sight,3
2026-04-07 19:49:12.918361,EEG Wearable,E1:1B:6D:10:62:56,-62,0.4,line_of_sight,3
2026-04-07 19:49:13.016674,EEG Wearable,E1:1B:6D:10:62:56,-67,0.4,line_of_sight,3
2026-04-07 19:49:13.026806,EEG Wearable,E1:1B:6D:10:62:56,-67,0.4,line_of_sight,3
2026-04-07 19:49:13.857582,EEG Wearable,E1:1B:6D:10:62:56,-65,0.4,line_of_sight,3
2026-04-07 19:49:13.858668,EEG Wearable,E1:1B:6D:10:62:56,-65,0.4,line_of_sight,3
2026-04-07 19:49:41.718600,EEG Wearable,E1:1B:6D:10:62:56,-64,0.6,line_of_sight,1
2026-04-07 19:49:41.727604,EEG Wearable,E1:1B:6D:10:62:56,-64,0.6,line_of_sight,1
2026-04-07 19:49:42.664016,EEG Wearable,E1:1B:6D:10:62:56,-61,0.6,line_of_sight,1
2026-04-07 19:49:42.678557,EEG Wearable,E1:1B:6D:10:62:56,-61,0.6,line_of_sight,1
2026-04-07 19:49:45.504801,EEG Wearable,E1:1B:6D:10:62:56,-61,0.6,line_of_sight,1
2026-04-07 19:49:45.526829,EEG Wearable,E1:1B:6D:10:62:56,-61,0.6,line_of_sight,1
2026-04-07 19:49:46.223037,EEG Wearable,E1:1B:6D:10:62:56,-61,0.6,line_of_sight,1
2026-04-07 19:49:46.229045,EEG Wearable,E1:1B:6D:10:62:56,-61,0.6,line_of_sight,1
2026-04-07 19:49:46.439137,EEG Wearable,E1:1B:6D:10:62:56,-62,0.6,line_of_sight,1
2026-04-07 19:49:46.453241,EEG Wearable,E1:1B:6D:10:62:56,-62,0.6,line_of_sight,1
2026-04-07 19:49:47.278887,EEG Wearable,E1:1B:6D:10:62:56,-61,0.6,line_of_sight,1
2026-04-07 19:49:47.292762,EEG Wearable,E1:1B:6D:10:62:56,-61,0.6,line_of_sight,1
2026-04-07 19:49:47.384191,EEG Wearable,E1:1B:6D:10:62:56,-66,0.6,line_of_sight,1
2026-04-07 19:49:47.395240,EEG Wearable,E1:1B:6D:10:62:56,-66,0.6,line_of_sight,1
2026-04-07 19:49:48.447986,EEG Wearable,E1:1B:6D:10:62:56,-67,0.6,line_of_sight,1
2026-04-07 19:49:48.459986,EEG Wearable,E1:1B:6D:10:62:56,-67,0.6,line_of_sight,1
2026-04-07 19:49:49.071448,EEG Wearable,E1:1B:6D:10:62:56,-60,0.6,line_of_sight,1
2026-04-07 19:49:49.078423,EEG Wearable,E1:1B:6D:10:62:56,-61,0.6,line_of_sight,1
2026-04-07 19:49:50.018996,EEG Wearable,E1:1B:6D:10:62:56,-61,0.6,line_of_sight,1
2026-04-07 19:49:50.121104,EEG Wearable,E1:1B:6D:10:62:56,-60,0.6,line_of_sight,1
2026-04-07 19:49:50.123116,EEG Wearable,E1:1B:6D:10:62:56,-60,0.6,line_of_sight,1
2026-04-07 19:49:50.222307,EEG Wearable,E1:1B:6D:10:62:56,-66,0.6,line_of_sight,1
2026-04-07 19:49:51.064447,EEG Wearable,E1:1B:6D:10:62:56,-61,0.6,line_of_sight,1
2026-04-07 19:49:51.079012,EEG Wearable,E1:1B:6D:10:62:56,-61,0.6,line_of_sight,1
2026-04-07 19:49:51.161002,EEG Wearable,E1:1B:6D:10:62:56,-60,0.6,line_of_sight,1
2026-04-07 19:49:51.168002,EEG Wearable,E1:1B:6D:10:62:56,-60,0.6,line_of_sight,1
2026-04-07 19:49:51.898385,EEG Wearable,E1:1B:6D:10:62:56,-60,0.6,line_of_sight,1
2026-04-07 19:49:51.912375,EEG Wearable,E1:1B:6D:10:62:56,-60,0.6,line_of_sight,1
2026-04-07 19:49:51.998898,EEG Wearable,E1:1B:6D:10:62:56,-66,0.6,line_of_sight,1
2026-04-07 19:49:52.013877,EEG Wearable,E1:1B:6D:10:62:56,-66,0.6,line_of_sight,1
2026-04-07 19:49:52.836721,EEG Wearable,E1:1B:6D:10:62:56,-61,0.6,line_of_sight,1
2026-04-07 19:49:52.851644,EEG Wearable,E1:1B:6D:10:62:56,-61,0.6,line_of_sight,1
2026-04-07 19:49:52.938213,EEG Wearable,E1:1B:6D:10:62:56,-60,0.6,line_of_sight,1
2026-04-07 19:49:52.952315,EEG Wearable,E1:1B:6D:10:62:56,-60,0.6,line_of_sight,1
2026-04-07 19:49:53.777281,EEG Wearable,E1:1B:6D:10:62:56,-66,0.6,line_of_sight,1
2026-04-07 19:49:53.789352,EEG Wearable,E1:1B:6D:10:62:56,-66,0.6,line_of_sight,1
2026-04-07 19:49:54.611111,EEG Wearable,E1:1B:6D:10:62:56,-61,0.6,line_of_sight,1
2026-04-07 19:49:54.613704,EEG Wearable,E1:1B:6D:10:62:56,-61,0.6,line_of_sight,1
2026-04-07 19:49:54.713439,EEG Wearable,E1:1B:6D:10:62:56,-61,0.6,line_of_sight,1
2026-04-07 19:49:54.726202,EEG Wearable,E1:1B:6D:10:62:56,-61,0.6,line_of_sight,1
2026-04-07 19:49:55.334135,EEG Wearable,E1:1B:6D:10:62:56,-61,0.6,line_of_sight,1
2026-04-07 19:49:55.347135,EEG Wearable,E1:1B:6D:10:62:56,-61,0.6,line_of_sight,1
2026-04-07 19:49:55.545889,EEG Wearable,E1:1B:6D:10:62:56,-65,0.6,line_of_sight,1
2026-04-07 19:49:55.558885,EEG Wearable,E1:1B:6D:10:62:56,-65,0.6,line_of_sight,1
2026-04-07 19:49:56.385649,EEG Wearable,E1:1B:6D:10:62:56,-61,0.6,line_of_sight,1
2026-04-07 19:49:56.388486,EEG Wearable,E1:1B:6D:10:62:56,-61,0.6,line_of_sight,1
2026-04-07 19:49:56.493747,EEG Wearable,E1:1B:6D:10:62:56,-60,0.6,line_of_sight,1
2026-04-07 19:49:56.505746,EEG Wearable,E1:1B:6D:10:62:56,-60,0.6,line_of_sight,1
2026-04-07 19:49:57.332703,EEG Wearable,E1:1B:6D:10:62:56,-66,0.6,line_of_sight,1
2026-04-07 19:49:57.334615,EEG Wearable,E1:1B:6D:10:62:56,-66,0.6,line_of_sight,1
2026-04-07 19:49:57.434714,EEG Wearable,E1:1B:6D:10:62:56,-61,0.6,line_of_sight,1
2026-04-07 19:49:57.448426,EEG Wearable,E1:1B:6D:10:62:56,-61,0.6,line_of_sight,1
2026-04-07 19:49:59.202687,EEG Wearable,E1:1B:6D:10:62:56,-60,0.6,line_of_sight,1
2026-04-07 19:49:59.218110,EEG Wearable,E1:1B:6D:10:62:56,-60,0.6,line_of_sight,1
2026-04-07 19:50:00.971782,EEG Wearable,E1:1B:6D:10:62:56,-60,0.6,line_of_sight,1
2026-04-07 19:50:00.990850,EEG Wearable,E1:1B:6D:10:62:56,-60,0.6,line_of_sight,1
2026-04-07 19:50:01.804479,EEG Wearable,E1:1B:6D:10:62:56,-61,0.6,line_of_sight,1
2026-04-07 19:50:01.820911,EEG Wearable,E1:1B:6D:10:62:56,-61,0.6,line_of_sight,1
2026-04-07 19:50:02.750094,EEG Wearable,E1:1B:6D:10:62:56,-60,0.6,line_of_sight,1
2026-04-07 19:50:02.778366,EEG Wearable,E1:1B:6D:10:62:56,-60,0.6,line_of_sight,1
2026-04-07 19:50:03.694364,EEG Wearable,E1:1B:6D:10:62:56,-65,0.6,line_of_sight,1
2026-04-07 19:50:04.529704,EEG Wearable,E1:1B:6D:10:62:56,-61,0.6,line_of_sight,1
2026-04-07 19:50:04.555374,EEG Wearable,E1:1B:6D:10:62:56,-61,0.6,line_of_sight,1
2026-04-07 19:50:04.640638,EEG Wearable,E1:1B:6D:10:62:56,-61,0.6,line_of_sight,1
2026-04-07 19:50:04.664250,EEG Wearable,E1:1B:6D:10:62:56,-61,0.6,line_of_sight,1
2026-04-07 19:50:05.592738,EEG Wearable,E1:1B:6D:10:62:56,-61,0.6,line_of_sight,1
2026-04-07 19:50:05.605142,EEG Wearable,E1:1B:6D:10:62:56,-61,0.6,line_of_sight,1
2026-04-07 19:50:05.699973,EEG Wearable,E1:1B:6D:10:62:56,-61,0.6,line_of_sight,1
2026-04-07 19:50:05.714390,EEG Wearable,E1:1B:6D:10:62:56,-61,0.6,line_of_sight,1
2026-04-07 19:50:06.536727,EEG Wearable,E1:1B:6D:10:62:56,-65,0.6,line_of_sight,1
2026-04-07 19:50:07.618066,EEG Wearable,E1:1B:6D:10:62:56,-65,0.6,line_of_sight,1
2026-04-07 19:50:07.624056,EEG Wearable,E1:1B:6D:10:62:56,-65,0.6,line_of_sight,1
2026-04-07 19:50:08.546957,EEG Wearable,E1:1B:6D:10:62:56,-61,0.6,line_of_sight,1
2026-04-07 19:50:08.575213,EEG Wearable,E1:1B:6D:10:62:56,-61,0.6,line_of_sight,1
2026-04-07 19:50:49.775591,EEG Wearable,E1:1B:6D:10:62:56,-66,0.6,line_of_sight,2
2026-04-07 19:50:49.788126,EEG Wearable,E1:1B:6D:10:62:56,-66,0.6,line_of_sight,2
2026-04-07 19:50:49.876322,EEG Wearable,E1:1B:6D:10:62:56,-60,0.6,line_of_sight,2
2026-04-07 19:50:49.889400,EEG Wearable,E1:1B:6D:10:62:56,-60,0.6,line_of_sight,2
2026-04-07 19:50:50.720352,EEG Wearable,E1:1B:6D:10:62:56,-61,0.6,line_of_sight,2
2026-04-07 19:50:50.723355,EEG Wearable,E1:1B:6D:10:62:56,-61,0.6,line_of_sight,2
2026-04-07 19:50:51.656794,EEG Wearable,E1:1B:6D:10:62:56,-60,0.6,line_of_sight,2
2026-04-07 19:50:51.671480,EEG Wearable,E1:1B:6D:10:62:56,-60,0.6,line_of_sight,2
2026-04-07 19:50:51.763705,EEG Wearable,E1:1B:6D:10:62:56,-61,0.6,line_of_sight,2
2026-04-07 19:50:51.775714,EEG Wearable,E1:1B:6D:10:62:56,-61,0.6,line_of_sight,2
2026-04-07 19:50:52.601949,EEG Wearable,E1:1B:6D:10:62:56,-65,0.6,line_of_sight,2
2026-04-07 19:50:52.615964,EEG Wearable,E1:1B:6D:10:62:56,-65,0.6,line_of_sight,2
2026-04-07 19:50:53.561074,EEG Wearable,E1:1B:6D:10:62:56,-61,0.6,line_of_sight,2
2026-04-07 19:50:53.564061,EEG Wearable,E1:1B:6D:10:62:56,-61,0.6,line_of_sight,2
2026-04-07 19:50:53.652248,EEG Wearable,E1:1B:6D:10:62:56,-65,0.6,line_of_sight,2
2026-04-07 19:50:53.666793,EEG Wearable,E1:1B:6D:10:62:56,-65,0.6,line_of_sight,2
2026-04-07 19:50:54.608978,EEG Wearable,E1:1B:6D:10:62:56,-61,0.6,line_of_sight,2
2026-04-07 19:50:54.638247,EEG Wearable,E1:1B:6D:10:62:56,-61,0.6,line_of_sight,2
2026-04-07 19:50:56.261720,EEG Wearable,E1:1B:6D:10:62:56,-60,0.6,line_of_sight,2
2026-04-07 19:50:56.266717,EEG Wearable,E1:1B:6D:10:62:56,-60,0.6,line_of_sight,2
2026-04-07 19:50:56.367385,EEG Wearable,E1:1B:6D:10:62:56,-61,0.6,line_of_sight,2
2026-04-07 19:50:56.382145,EEG Wearable,E1:1B:6D:10:62:56,-61,0.6,line_of_sight,2
2026-04-07 19:50:57.210186,EEG Wearable,E1:1B:6D:10:62:56,-65,0.6,line_of_sight,2
2026-04-07 19:50:57.247753,EEG Wearable,E1:1B:6D:10:62:56,-65,0.6,line_of_sight,2
2026-04-07 19:50:58.262682,EEG Wearable,E1:1B:6D:10:62:56,-65,0.6,line_of_sight,2
2026-04-07 19:50:58.289227,EEG Wearable,E1:1B:6D:10:62:56,-65,0.6,line_of_sight,2
2026-04-07 19:50:59.099144,EEG Wearable,E1:1B:6D:10:62:56,-60,0.6,line_of_sight,2
2026-04-07 19:50:59.117141,EEG Wearable,E1:1B:6D:10:62:56,-60,0.6,line_of_sight,2
2026-04-07 19:51:01.100556,EEG Wearable,E1:1B:6D:10:62:56,-65,0.6,line_of_sight,2
2026-04-07 19:51:01.125041,EEG Wearable,E1:1B:6D:10:62:56,-65,0.6,line_of_sight,2
2026-04-07 19:51:01.964621,EEG Wearable,E1:1B:6D:10:62:56,-60,0.6,line_of_sight,2
2026-04-07 19:51:01.971139,EEG Wearable,E1:1B:6D:10:62:56,-60,0.6,line_of_sight,2
2026-04-07 19:51:02.045432,EEG Wearable,E1:1B:6D:10:62:56,-61,0.6,line_of_sight,2
2026-04-07 19:51:02.063462,EEG Wearable,E1:1B:6D:10:62:56,-61,0.6,line_of_sight,2
2026-04-07 19:51:02.884432,EEG Wearable,E1:1B:6D:10:62:56,-65,0.6,line_of_sight,2
2026-04-07 19:51:02.888433,EEG Wearable,E1:1B:6D:10:62:56,-65,0.6,line_of_sight,2
2026-04-07 19:51:03.853225,EEG Wearable,E1:1B:6D:10:62:56,-61,0.6,line_of_sight,2
2026-04-07 19:51:03.859178,EEG Wearable,E1:1B:6D:10:62:56,-61,0.6,line_of_sight,2
2026-04-07 19:51:04.487982,EEG Wearable,E1:1B:6D:10:62:56,-60,0.6,line_of_sight,2
2026-04-07 19:51:04.492944,EEG Wearable,E1:1B:6D:10:62:56,-60,0.6,line_of_sight,2
2026-04-07 19:51:05.666800,EEG Wearable,E1:1B:6D:10:62:56,-61,0.6,line_of_sight,2
2026-04-07 19:51:05.674312,EEG Wearable,E1:1B:6D:10:62:56,-61,0.6,line_of_sight,2
2026-04-07 19:51:05.722436,EEG Wearable,E1:1B:6D:10:62:56,-65,0.6,line_of_sight,2
2026-04-07 19:51:05.752435,EEG Wearable,E1:1B:6D:10:62:56,-65,0.6,line_of_sight,2
2026-04-07 19:51:07.742505,EEG Wearable,E1:1B:6D:10:62:56,-61,0.6,line_of_sight,2
2026-04-07 19:51:07.747510,EEG Wearable,E1:1B:6D:10:62:56,-61,0.6,line_of_sight,2
2026-04-07 19:51:08.670483,EEG Wearable,E1:1B:6D:10:62:56,-60,0.6,line_of_sight,2
2026-04-07 19:51:08.687395,EEG Wearable,E1:1B:6D:10:62:56,-60,0.6,line_of_sight,2
2026-04-07 19:51:08.770400,EEG Wearable,E1:1B:6D:10:62:56,-61,0.6,line_of_sight,2
2026-04-07 19:51:08.783970,EEG Wearable,E1:1B:6D:10:62:56,-61,0.6,line_of_sight,2
2026-04-07 19:51:09.725571,EEG Wearable,E1:1B:6D:10:62:56,-60,0.6,line_of_sight,2
2026-04-07 19:51:09.740442,EEG Wearable,E1:1B:6D:10:62:56,-60,0.6,line_of_sight,2
2026-04-07 19:51:10.665967,EEG Wearable,E1:1B:6D:10:62:56,-65,0.6,line_of_sight,2
2026-04-07 19:51:10.681469,EEG Wearable,E1:1B:6D:10:62:56,-65,0.6,line_of_sight,2
2026-04-07 19:51:11.398137,EEG Wearable,E1:1B:6D:10:62:56,-65,0.6,line_of_sight,2
2026-04-07 19:51:11.425682,EEG Wearable,E1:1B:6D:10:62:56,-65,0.6,line_of_sight,2
2026-04-07 19:51:12.151470,EEG Wearable,E1:1B:6D:10:62:56,-65,0.6,line_of_sight,2
2026-04-07 19:51:12.158469,EEG Wearable,E1:1B:6D:10:62:56,-65,0.6,line_of_sight,2
2026-04-07 19:51:12.347931,EEG Wearable,E1:1B:6D:10:62:56,-61,0.6,line_of_sight,2
2026-04-07 19:51:12.374749,EEG Wearable,E1:1B:6D:10:62:56,-61,0.6,line_of_sight,2
2026-04-07 19:51:12.453437,EEG Wearable,E1:1B:6D:10:62:56,-65,0.6,line_of_sight,2
2026-04-07 19:51:12.500671,EEG Wearable,E1:1B:6D:10:62:56,-65,0.6,line_of_sight,2
2026-04-07 19:51:13.288385,EEG Wearable,E1:1B:6D:10:62:56,-60,0.6,line_of_sight,2
2026-04-07 19:51:13.295320,EEG Wearable,E1:1B:6D:10:62:56,-60,0.6,line_of_sight,2
2026-04-07 19:51:14.226775,EEG Wearable,E1:1B:6D:10:62:56,-65,0.6,line_of_sight,2
2026-04-07 19:51:14.231845,EEG Wearable,E1:1B:6D:10:62:56,-65,0.6,line_of_sight,2
2026-04-07 19:51:15.990310,EEG Wearable,E1:1B:6D:10:62:56,-65,0.6,line_of_sight,2
2026-04-07 19:51:15.995299,EEG Wearable,E1:1B:6D:10:62:56,-65,0.6,line_of_sight,2
2026-04-07 19:51:16.823859,EEG Wearable,E1:1B:6D:10:62:56,-60,0.6,line_of_sight,2
2026-04-07 19:51:16.826414,EEG Wearable,E1:1B:6D:10:62:56,-60,0.6,line_of_sight,2
2026-04-07 19:51:18.718675,EEG Wearable,E1:1B:6D:10:62:56,-61,0.6,line_of_sight,2
2026-04-07 19:51:18.720703,EEG Wearable,E1:1B:6D:10:62:56,-61,0.6,line_of_sight,2
2026-04-07 19:51:20.710400,EEG Wearable,E1:1B:6D:10:62:56,-60,0.6,line_of_sight,3
2026-04-07 19:51:20.726938,EEG Wearable,E1:1B:6D:10:62:56,-60,0.6,line_of_sight,3
2026-04-07 19:51:22.611905,EEG Wearable,E1:1B:6D:10:62:56,-61,0.6,line_of_sight,3
2026-04-07 19:51:22.628465,EEG Wearable,E1:1B:6D:10:62:56,-61,0.6,line_of_sight,3
2026-04-07 19:51:23.581913,EEG Wearable,E1:1B:6D:10:62:56,-60,0.6,line_of_sight,3
2026-04-07 19:51:23.589929,EEG Wearable,E1:1B:6D:10:62:56,-60,0.6,line_of_sight,3
2026-04-07 19:51:24.427800,EEG Wearable,E1:1B:6D:10:62:56,-62,0.6,line_of_sight,3
2026-04-07 19:51:24.434793,EEG Wearable,E1:1B:6D:10:62:56,-62,0.6,line_of_sight,3
2026-04-07 19:51:24.531263,EEG Wearable,E1:1B:6D:10:62:56,-65,0.6,line_of_sight,3
2026-04-07 19:51:24.552253,EEG Wearable,E1:1B:6D:10:62:56,-65,0.6,line_of_sight,3
2026-04-07 19:51:24.608996,EEG Wearable,E1:1B:6D:10:62:56,-60,0.6,line_of_sight,3
2026-04-07 19:51:24.636936,EEG Wearable,E1:1B:6D:10:62:56,-60,0.6,line_of_sight,3
2026-04-07 19:51:25.557357,EEG Wearable,E1:1B:6D:10:62:56,-65,0.6,line_of_sight,3
2026-04-07 19:51:25.587893,EEG Wearable,E1:1B:6D:10:62:56,-65,0.6,line_of_sight,3
2026-04-07 19:51:26.397713,EEG Wearable,E1:1B:6D:10:62:56,-60,0.6,line_of_sight,3
2026-04-07 19:51:26.420720,EEG Wearable,E1:1B:6D:10:62:56,-60,0.6,line_of_sight,3
2026-04-07 19:51:26.520185,EEG Wearable,E1:1B:6D:10:62:56,-61,0.6,line_of_sight,3
2026-04-07 19:51:26.526177,EEG Wearable,E1:1B:6D:10:62:56,-61,0.6,line_of_sight,3
2026-04-07 19:51:28.428687,EEG Wearable,E1:1B:6D:10:62:56,-65,0.6,line_of_sight,3
2026-04-07 19:51:28.435684,EEG Wearable,E1:1B:6D:10:62:56,-65,0.6,line_of_sight,3
2026-04-07 19:51:28.507051,EEG Wearable,E1:1B:6D:10:62:56,-59,0.6,line_of_sight,3
2026-04-07 19:51:29.454625,EEG Wearable,E1:1B:6D:10:62:56,-65,0.6,line_of_sight,3
2026-04-07 19:51:29.484418,EEG Wearable,E1:1B:6D:10:62:56,-65,0.6,line_of_sight,3
2026-04-07 19:51:31.117540,EEG Wearable,E1:1B:6D:10:62:56,-61,0.6,line_of_sight,3
2026-04-07 19:51:31.118548,EEG Wearable,E1:1B:6D:10:62:56,-61,0.6,line_of_sight,3
2026-04-07 19:51:31.334286,EEG Wearable,E1:1B:6D:10:62:56,-59,0.6,line_of_sight,3
2026-04-07 19:51:31.345076,EEG Wearable,E1:1B:6D:10:62:56,-59,0.6,line_of_sight,3
2026-04-07 19:51:32.176095,EEG Wearable,E1:1B:6D:10:62:56,-61,0.6,line_of_sight,3
2026-04-07 19:51:32.184071,EEG Wearable,E1:1B:6D:10:62:56,-61,0.6,line_of_sight,3
2026-04-07 19:51:32.284757,EEG Wearable,E1:1B:6D:10:62:56,-65,0.6,line_of_sight,3
2026-04-07 19:51:32.290752,EEG Wearable,E1:1B:6D:10:62:56,-65,0.6,line_of_sight,3
2026-04-07 19:51:33.128091,EEG Wearable,E1:1B:6D:10:62:56,-60,0.6,line_of_sight,3
2026-04-07 19:51:33.139090,EEG Wearable,E1:1B:6D:10:62:56,-60,0.6,line_of_sight,3
2026-04-07 19:51:33.247866,EEG Wearable,E1:1B:6D:10:62:56,-61,0.6,line_of_sight,3
2026-04-07 19:51:33.248869,EEG Wearable,E1:1B:6D:10:62:56,-61,0.6,line_of_sight,3
2026-04-07 19:51:33.340830,EEG Wearable,E1:1B:6D:10:62:56,-65,0.6,line_of_sight,3
2026-04-07 19:51:33.358745,EEG Wearable,E1:1B:6D:10:62:56,-65,0.6,line_of_sight,3
2026-04-07 19:51:34.194509,EEG Wearable,E1:1B:6D:10:62:56,-60,0.6,line_of_sight,3
2026-04-07 19:51:34.210500,EEG Wearable,E1:1B:6D:10:62:56,-60,0.6,line_of_sight,3
2026-04-07 19:51:34.288729,EEG Wearable,E1:1B:6D:10:62:56,-61,0.6,line_of_sight,3
2026-04-07 19:51:36.070536,EEG Wearable,E1:1B:6D:10:62:56,-61,0.6,line_of_sight,3
2026-04-07 19:51:36.076120,EEG Wearable,E1:1B:6D:10:62:56,-61,0.6,line_of_sight,3
2026-04-07 19:51:36.184961,EEG Wearable,E1:1B:6D:10:62:56,-65,0.6,line_of_sight,3
2026-04-07 19:51:36.200964,EEG Wearable,E1:1B:6D:10:62:56,-65,0.6,line_of_sight,3
2026-04-07 19:51:37.017304,EEG Wearable,E1:1B:6D:10:62:56,-60,0.6,line_of_sight,3
2026-04-07 19:51:37.029854,EEG Wearable,E1:1B:6D:10:62:56,-60,0.6,line_of_sight,3
2026-04-07 19:51:37.121215,EEG Wearable,E1:1B:6D:10:62:56,-60,0.6,line_of_sight,3
2026-04-07 19:51:37.132117,EEG Wearable,E1:1B:6D:10:62:56,-60,0.6,line_of_sight,3
2026-04-07 19:51:37.861336,EEG Wearable,E1:1B:6D:10:62:56,-60,0.6,line_of_sight,3
2026-04-07 19:51:37.863338,EEG Wearable,E1:1B:6D:10:62:56,-60,0.6,line_of_sight,3
2026-04-07 19:51:37.961312,EEG Wearable,E1:1B:6D:10:62:56,-66,0.6,line_of_sight,3
2026-04-07 19:51:37.973309,EEG Wearable,E1:1B:6D:10:62:56,-66,0.6,line_of_sight,3
2026-04-07 19:51:38.066892,EEG Wearable,E1:1B:6D:10:62:56,-59,0.6,line_of_sight,3
2026-04-07 19:51:38.079425,EEG Wearable,E1:1B:6D:10:62:56,-59,0.6,line_of_sight,3
2026-04-07 19:51:38.911357,EEG Wearable,E1:1B:6D:10:62:56,-61,0.6,line_of_sight,3
2026-04-07 19:51:38.921357,EEG Wearable,E1:1B:6D:10:62:56,-61,0.6,line_of_sight,3
2026-04-07 19:51:39.023094,EEG Wearable,E1:1B:6D:10:62:56,-66,0.6,line_of_sight,3
2026-04-07 19:51:39.039224,EEG Wearable,E1:1B:6D:10:62:56,-66,0.6,line_of_sight,3
2026-04-07 19:51:39.861903,EEG Wearable,E1:1B:6D:10:62:56,-60,0.6,line_of_sight,3
2026-04-07 19:51:39.864903,EEG Wearable,E1:1B:6D:10:62:56,-60,0.6,line_of_sight,3
2026-04-07 19:51:39.954936,EEG Wearable,E1:1B:6D:10:62:56,-61,0.6,line_of_sight,3
2026-04-07 19:51:39.971061,EEG Wearable,E1:1B:6D:10:62:56,-61,0.6,line_of_sight,3
2026-04-07 19:51:41.018521,EEG Wearable,E1:1B:6D:10:62:56,-61,0.6,line_of_sight,3
2026-04-07 19:51:41.031682,EEG Wearable,E1:1B:6D:10:62:56,-61,0.6,line_of_sight,3
2026-04-07 19:51:41.863135,EEG Wearable,E1:1B:6D:10:62:56,-66,0.6,line_of_sight,3
2026-04-07 19:51:41.876727,EEG Wearable,E1:1B:6D:10:62:56,-65,0.6,line_of_sight,3
2026-04-07 19:51:41.967864,EEG Wearable,E1:1B:6D:10:62:56,-60,0.6,line_of_sight,3
2026-04-07 19:51:41.982897,EEG Wearable,E1:1B:6D:10:62:56,-60,0.6,line_of_sight,3
2026-04-07 19:51:42.910638,EEG Wearable,E1:1B:6D:10:62:56,-66,0.6,line_of_sight,3
2026-04-07 19:51:43.975452,EEG Wearable,E1:1B:6D:10:62:56,-66,0.6,line_of_sight,3
2026-04-07 19:51:43.990473,EEG Wearable,E1:1B:6D:10:62:56,-66,0.6,line_of_sight,3
2026-04-07 19:51:44.930143,EEG Wearable,E1:1B:6D:10:62:56,-60,0.6,line_of_sight,3
2026-04-07 19:51:44.943129,EEG Wearable,E1:1B:6D:10:62:56,-60,0.6,line_of_sight,3
2026-04-07 19:51:46.954527,EEG Wearable,E1:1B:6D:10:62:56,-60,0.6,line_of_sight,3
2026-04-07 19:51:46.980980,EEG Wearable,E1:1B:6D:10:62:56,-60,0.6,line_of_sight,3
2026-04-07 19:51:47.803358,EEG Wearable,E1:1B:6D:10:62:56,-60,0.6,line_of_sight,3
2026-04-07 19:51:47.812334,EEG Wearable,E1:1B:6D:10:62:56,-60,0.6,line_of_sight,3
2026-04-07 19:51:47.890934,EEG Wearable,E1:1B:6D:10:62:56,-66,0.6,line_of_sight,3
2026-04-07 19:51:47.914445,EEG Wearable,E1:1B:6D:10:62:56,-66,0.6,line_of_sight,3
2026-04-07 19:51:47.988502,EEG Wearable,E1:1B:6D:10:62:56,-60,0.6,line_of_sight,3
2026-04-07 19:51:48.008494,EEG Wearable,E1:1B:6D:10:62:56,-60,0.6,line_of_sight,3
2026-04-07 19:51:48.828526,EEG Wearable,E1:1B:6D:10:62:56,-61,0.6,line_of_sight,3
2026-04-07 19:51:48.856783,EEG Wearable,E1:1B:6D:10:62:56,-61,0.6,line_of_sight,3
2026-04-07 19:52:36.432580,EEG Wearable,E1:1B:6D:10:62:56,-61,0.8,line_of_sight,1
2026-04-07 19:52:36.445573,EEG Wearable,E1:1B:6D:10:62:56,-61,0.8,line_of_sight,1
2026-04-07 19:52:37.391086,EEG Wearable,E1:1B:6D:10:62:56,-64,0.8,line_of_sight,1
2026-04-07 19:52:37.392994,EEG Wearable,E1:1B:6D:10:62:56,-64,0.8,line_of_sight,1
2026-04-07 19:52:37.492251,EEG Wearable,E1:1B:6D:10:62:56,-62,0.8,line_of_sight,1
2026-04-07 19:52:37.505251,EEG Wearable,E1:1B:6D:10:62:56,-62,0.8,line_of_sight,1
2026-04-07 19:52:38.335067,EEG Wearable,E1:1B:6D:10:62:56,-69,0.8,line_of_sight,1
2026-04-07 19:52:38.337067,EEG Wearable,E1:1B:6D:10:62:56,-69,0.8,line_of_sight,1
2026-04-07 19:52:39.393542,EEG Wearable,E1:1B:6D:10:62:56,-65,0.8,line_of_sight,1
2026-04-07 19:52:39.396535,EEG Wearable,E1:1B:6D:10:62:56,-65,0.8,line_of_sight,1
2026-04-07 19:52:39.490454,EEG Wearable,E1:1B:6D:10:62:56,-68,0.8,line_of_sight,1
2026-04-07 19:52:39.504516,EEG Wearable,E1:1B:6D:10:62:56,-68,0.8,line_of_sight,1
2026-04-07 19:52:40.340975,EEG Wearable,E1:1B:6D:10:62:56,-60,0.8,line_of_sight,1
2026-04-07 19:52:40.353958,EEG Wearable,E1:1B:6D:10:62:56,-60,0.8,line_of_sight,1
2026-04-07 19:52:40.444090,EEG Wearable,E1:1B:6D:10:62:56,-64,0.8,line_of_sight,1
2026-04-07 19:52:40.458074,EEG Wearable,E1:1B:6D:10:62:56,-64,0.8,line_of_sight,1
2026-04-07 19:52:40.556089,EEG Wearable,E1:1B:6D:10:62:56,-65,0.8,line_of_sight,1
2026-04-07 19:52:40.569609,EEG Wearable,E1:1B:6D:10:62:56,-65,0.8,line_of_sight,1
2026-04-07 19:52:41.398091,EEG Wearable,E1:1B:6D:10:62:56,-61,0.8,line_of_sight,1
2026-04-07 19:52:41.415115,EEG Wearable,E1:1B:6D:10:62:56,-61,0.8,line_of_sight,1
2026-04-07 19:52:41.499605,EEG Wearable,E1:1B:6D:10:62:56,-64,0.8,line_of_sight,1
2026-04-07 19:52:41.513414,EEG Wearable,E1:1B:6D:10:62:56,-64,0.8,line_of_sight,1
2026-04-07 19:52:44.233942,EEG Wearable,E1:1B:6D:10:62:56,-60,0.8,line_of_sight,1
2026-04-07 19:52:44.245935,EEG Wearable,E1:1B:6D:10:62:56,-60,0.8,line_of_sight,1
2026-04-07 19:52:44.333698,EEG Wearable,E1:1B:6D:10:62:56,-66,0.8,line_of_sight,1
2026-04-07 19:52:44.348482,EEG Wearable,E1:1B:6D:10:62:56,-66,0.8,line_of_sight,1
2026-04-07 19:52:45.176854,EEG Wearable,E1:1B:6D:10:62:56,-63,0.8,line_of_sight,1
2026-04-07 19:52:46.008719,EEG Wearable,E1:1B:6D:10:62:56,-60,0.8,line_of_sight,1
2026-04-07 19:52:46.011741,EEG Wearable,E1:1B:6D:10:62:56,-60,0.8,line_of_sight,1
2026-04-07 19:52:46.829870,EEG Wearable,E1:1B:6D:10:62:56,-64,0.8,line_of_sight,1
2026-04-07 19:52:46.843909,EEG Wearable,E1:1B:6D:10:62:56,-64,0.8,line_of_sight,1
2026-04-07 19:52:47.779839,EEG Wearable,E1:1B:6D:10:62:56,-60,0.8,line_of_sight,1
2026-04-07 19:52:47.781846,EEG Wearable,E1:1B:6D:10:62:56,-60,0.8,line_of_sight,1
2026-04-07 19:52:47.876781,EEG Wearable,E1:1B:6D:10:62:56,-63,0.8,line_of_sight,1
2026-04-07 19:52:47.891787,EEG Wearable,E1:1B:6D:10:62:56,-63,0.8,line_of_sight,1
2026-04-07 19:52:48.615070,EEG Wearable,E1:1B:6D:10:62:56,-62,0.8,line_of_sight,1
2026-04-07 19:52:48.627617,EEG Wearable,E1:1B:6D:10:62:56,-62,0.8,line_of_sight,1
2026-04-07 19:52:48.827234,EEG Wearable,E1:1B:6D:10:62:56,-60,0.8,line_of_sight,1
2026-04-07 19:52:48.840255,EEG Wearable,E1:1B:6D:10:62:56,-60,0.8,line_of_sight,1
2026-04-07 19:52:49.562574,EEG Wearable,E1:1B:6D:10:62:56,-60,0.8,line_of_sight,1
2026-04-07 19:52:49.564572,EEG Wearable,E1:1B:6D:10:62:56,-60,0.8,line_of_sight,1
2026-04-07 19:52:49.656093,EEG Wearable,E1:1B:6D:10:62:56,-65,0.8,line_of_sight,1
2026-04-07 19:52:50.386627,EEG Wearable,E1:1B:6D:10:62:56,-65,0.8,line_of_sight,1
2026-04-07 19:52:50.400154,EEG Wearable,E1:1B:6D:10:62:56,-65,0.8,line_of_sight,1
2026-04-07 19:52:50.490898,EEG Wearable,E1:1B:6D:10:62:56,-65,0.8,line_of_sight,1
2026-04-07 19:52:50.501318,EEG Wearable,E1:1B:6D:10:62:56,-65,0.8,line_of_sight,1
2026-04-07 19:52:51.325277,EEG Wearable,E1:1B:6D:10:62:56,-60,0.8,line_of_sight,1
2026-04-07 19:52:51.339281,EEG Wearable,E1:1B:6D:10:62:56,-60,0.8,line_of_sight,1
2026-04-07 19:52:51.428343,EEG Wearable,E1:1B:6D:10:62:56,-64,0.8,line_of_sight,1
2026-04-07 19:52:51.443412,EEG Wearable,E1:1B:6D:10:62:56,-64,0.8,line_of_sight,1
2026-04-07 19:52:52.388019,EEG Wearable,E1:1B:6D:10:62:56,-60,0.8,line_of_sight,1
2026-04-07 19:52:52.391028,EEG Wearable,E1:1B:6D:10:62:56,-60,0.8,line_of_sight,1
2026-04-07 19:52:53.317034,EEG Wearable,E1:1B:6D:10:62:56,-63,0.8,line_of_sight,1
2026-04-07 19:52:53.329622,EEG Wearable,E1:1B:6D:10:62:56,-63,0.8,line_of_sight,1
2026-04-07 19:52:54.166354,EEG Wearable,E1:1B:6D:10:62:56,-60,0.8,line_of_sight,1
2026-04-07 19:52:54.174427,EEG Wearable,E1:1B:6D:10:62:56,-60,0.8,line_of_sight,1
2026-04-07 19:52:54.262393,EEG Wearable,E1:1B:6D:10:62:56,-65,0.8,line_of_sight,1
2026-04-07 19:52:54.275471,EEG Wearable,E1:1B:6D:10:62:56,-65,0.8,line_of_sight,1
2026-04-07 19:52:55.216838,EEG Wearable,E1:1B:6D:10:62:56,-60,0.8,line_of_sight,1
2026-04-07 19:52:55.230555,EEG Wearable,E1:1B:6D:10:62:56,-60,0.8,line_of_sight,1
2026-04-07 19:52:56.161788,EEG Wearable,E1:1B:6D:10:62:56,-64,0.8,line_of_sight,1
2026-04-07 19:52:56.176958,EEG Wearable,E1:1B:6D:10:62:56,-64,0.8,line_of_sight,1
2026-04-07 19:52:57.010458,EEG Wearable,E1:1B:6D:10:62:56,-61,0.8,line_of_sight,1
2026-04-07 19:52:57.011455,EEG Wearable,E1:1B:6D:10:62:56,-61,0.8,line_of_sight,1
2026-04-07 19:52:57.097348,EEG Wearable,E1:1B:6D:10:62:56,-67,0.8,line_of_sight,1
2026-04-07 19:52:57.112451,EEG Wearable,E1:1B:6D:10:62:56,-67,0.8,line_of_sight,1
2026-04-07 19:52:57.935605,EEG Wearable,E1:1B:6D:10:62:56,-64,0.8,line_of_sight,1
2026-04-07 19:52:57.947542,EEG Wearable,E1:1B:6D:10:62:56,-64,0.8,line_of_sight,1
2026-04-07 19:52:58.052298,EEG Wearable,E1:1B:6D:10:62:56,-61,0.8,line_of_sight,1
2026-04-07 19:52:58.067292,EEG Wearable,E1:1B:6D:10:62:56,-61,0.8,line_of_sight,1
2026-04-07 19:52:58.999313,EEG Wearable,E1:1B:6D:10:62:56,-64,0.8,line_of_sight,1
2026-04-07 19:52:59.017429,EEG Wearable,E1:1B:6D:10:62:56,-64,0.8,line_of_sight,1
2026-04-07 19:52:59.102745,EEG Wearable,E1:1B:6D:10:62:56,-61,0.8,line_of_sight,1
2026-04-07 19:52:59.118343,EEG Wearable,E1:1B:6D:10:62:56,-61,0.8,line_of_sight,1
2026-04-07 19:52:59.937377,EEG Wearable,E1:1B:6D:10:62:56,-65,0.8,line_of_sight,1
2026-04-07 19:52:59.951377,EEG Wearable,E1:1B:6D:10:62:56,-65,0.8,line_of_sight,1
2026-04-07 19:53:01.937889,EEG Wearable,E1:1B:6D:10:62:56,-61,0.8,line_of_sight,1
2026-04-07 19:53:01.951429,EEG Wearable,E1:1B:6D:10:62:56,-61,0.8,line_of_sight,1
2026-04-07 19:53:02.778126,EEG Wearable,E1:1B:6D:10:62:56,-65,0.8,line_of_sight,1
2026-04-07 19:53:02.781131,EEG Wearable,E1:1B:6D:10:62:56,-65,0.8,line_of_sight,1
2026-04-07 19:53:03.712273,EEG Wearable,E1:1B:6D:10:62:56,-60,0.8,line_of_sight,1
2026-04-07 19:53:03.726987,EEG Wearable,E1:1B:6D:10:62:56,-60,0.8,line_of_sight,1
2026-04-07 19:53:05.402264,EEG Wearable,E1:1B:6D:10:62:56,-63,0.8,line_of_sight,1
2026-04-07 19:53:05.405182,EEG Wearable,E1:1B:6D:10:62:56,-63,0.8,line_of_sight,1
2026-04-07 19:53:05.498768,EEG Wearable,E1:1B:6D:10:62:56,-60,0.8,line_of_sight,1
2026-04-07 19:53:05.507847,EEG Wearable,E1:1B:6D:10:62:56,-60,0.8,line_of_sight,1
2026-04-07 19:53:05.595946,EEG Wearable,E1:1B:6D:10:62:56,-67,0.8,line_of_sight,1
2026-04-07 19:53:05.609726,EEG Wearable,E1:1B:6D:10:62:56,-67,0.8,line_of_sight,1
2026-04-07 19:53:10.088200,EEG Wearable,E1:1B:6D:10:62:56,-61,0.8,line_of_sight,2
2026-04-07 19:53:10.102222,EEG Wearable,E1:1B:6D:10:62:56,-61,0.8,line_of_sight,2
2026-04-07 19:53:11.032507,EEG Wearable,E1:1B:6D:10:62:56,-64,0.8,line_of_sight,2
2026-04-07 19:53:11.045636,EEG Wearable,E1:1B:6D:10:62:56,-64,0.8,line_of_sight,2
2026-04-07 19:53:11.869585,EEG Wearable,E1:1B:6D:10:62:56,-61,0.8,line_of_sight,2
2026-04-07 19:53:11.881584,EEG Wearable,E1:1B:6D:10:62:56,-61,0.8,line_of_sight,2
2026-04-07 19:53:12.600938,EEG Wearable,E1:1B:6D:10:62:56,-61,0.8,line_of_sight,2
2026-04-07 19:53:12.614884,EEG Wearable,E1:1B:6D:10:62:56,-61,0.8,line_of_sight,2
2026-04-07 19:53:12.817294,EEG Wearable,E1:1B:6D:10:62:56,-62,0.8,line_of_sight,2
2026-04-07 19:53:12.830623,EEG Wearable,E1:1B:6D:10:62:56,-62,0.8,line_of_sight,2
2026-04-07 19:53:12.920475,EEG Wearable,E1:1B:6D:10:62:56,-61,0.8,line_of_sight,2
2026-04-07 19:53:12.936119,EEG Wearable,E1:1B:6D:10:62:56,-61,0.8,line_of_sight,2
2026-04-07 19:53:13.764831,EEG Wearable,E1:1B:6D:10:62:56,-65,0.8,line_of_sight,2
2026-04-07 19:53:13.767833,EEG Wearable,E1:1B:6D:10:62:56,-64,0.8,line_of_sight,2
2026-04-07 19:53:14.702915,EEG Wearable,E1:1B:6D:10:62:56,-59,0.8,line_of_sight,2
2026-04-07 19:53:14.705909,EEG Wearable,E1:1B:6D:10:62:56,-59,0.8,line_of_sight,2
2026-04-07 19:53:15.523673,EEG Wearable,E1:1B:6D:10:62:56,-64,0.8,line_of_sight,2
2026-04-07 19:53:15.539375,EEG Wearable,E1:1B:6D:10:62:56,-64,0.8,line_of_sight,2
2026-04-07 19:53:16.360316,EEG Wearable,E1:1B:6D:10:62:56,-62,0.8,line_of_sight,2
2026-04-07 19:53:16.363314,EEG Wearable,E1:1B:6D:10:62:56,-62,0.8,line_of_sight,2
2026-04-07 19:53:17.316140,EEG Wearable,E1:1B:6D:10:62:56,-64,0.8,line_of_sight,2
2026-04-07 19:53:17.318133,EEG Wearable,E1:1B:6D:10:62:56,-64,0.8,line_of_sight,2
2026-04-07 19:53:17.419488,EEG Wearable,E1:1B:6D:10:62:56,-60,0.8,line_of_sight,2
2026-04-07 19:53:17.422509,EEG Wearable,E1:1B:6D:10:62:56,-61,0.8,line_of_sight,2
2026-04-07 19:53:18.143728,EEG Wearable,E1:1B:6D:10:62:56,-61,0.8,line_of_sight,2
2026-04-07 19:53:18.157746,EEG Wearable,E1:1B:6D:10:62:56,-61,0.8,line_of_sight,2
2026-04-07 19:53:18.252269,EEG Wearable,E1:1B:6D:10:62:56,-61,0.8,line_of_sight,2
2026-04-07 19:53:18.268281,EEG Wearable,E1:1B:6D:10:62:56,-61,0.8,line_of_sight,2
2026-04-07 19:53:18.354083,EEG Wearable,E1:1B:6D:10:62:56,-63,0.8,line_of_sight,2
2026-04-07 19:53:18.368064,EEG Wearable,E1:1B:6D:10:62:56,-63,0.8,line_of_sight,2
2026-04-07 19:53:19.308975,EEG Wearable,E1:1B:6D:10:62:56,-62,0.8,line_of_sight,2
2026-04-07 19:53:19.311975,EEG Wearable,E1:1B:6D:10:62:56,-62,0.8,line_of_sight,2
2026-04-07 19:53:20.258484,EEG Wearable,E1:1B:6D:10:62:56,-62,0.8,line_of_sight,2
2026-04-07 19:53:20.261523,EEG Wearable,E1:1B:6D:10:62:56,-62,0.8,line_of_sight,2
2026-04-07 19:53:20.361513,EEG Wearable,E1:1B:6D:10:62:56,-60,0.8,line_of_sight,2
2026-04-07 19:53:20.377035,EEG Wearable,E1:1B:6D:10:62:56,-60,0.8,line_of_sight,2
2026-04-07 19:53:20.975781,EEG Wearable,E1:1B:6D:10:62:56,-62,0.8,line_of_sight,2
2026-04-07 19:53:21.083954,EEG Wearable,E1:1B:6D:10:62:56,-61,0.8,line_of_sight,2
2026-04-07 19:53:21.086954,EEG Wearable,E1:1B:6D:10:62:56,-61,0.8,line_of_sight,2
2026-04-07 19:53:21.923023,EEG Wearable,E1:1B:6D:10:62:56,-63,0.8,line_of_sight,2
2026-04-07 19:53:21.939028,EEG Wearable,E1:1B:6D:10:62:56,-63,0.8,line_of_sight,2
2026-04-07 19:53:22.031902,EEG Wearable,E1:1B:6D:10:62:56,-62,0.8,line_of_sight,2
2026-04-07 19:53:22.045899,EEG Wearable,E1:1B:6D:10:62:56,-63,0.8,line_of_sight,2
2026-04-07 19:53:22.142052,EEG Wearable,E1:1B:6D:10:62:56,-60,0.8,line_of_sight,2
2026-04-07 19:53:22.145061,EEG Wearable,E1:1B:6D:10:62:56,-60,0.8,line_of_sight,2
2026-04-07 19:53:24.033150,EEG Wearable,E1:1B:6D:10:62:56,-64,0.8,line_of_sight,2
2026-04-07 19:53:24.035134,EEG Wearable,E1:1B:6D:10:62:56,-64,0.8,line_of_sight,2
2026-04-07 19:53:24.870992,EEG Wearable,E1:1B:6D:10:62:56,-62,0.8,line_of_sight,2
2026-04-07 19:53:24.973092,EEG Wearable,E1:1B:6D:10:62:56,-61,0.8,line_of_sight,2
2026-04-07 19:53:24.985964,EEG Wearable,E1:1B:6D:10:62:56,-61,0.8,line_of_sight,2
2026-04-07 19:53:25.827629,EEG Wearable,E1:1B:6D:10:62:56,-65,0.8,line_of_sight,2
2026-04-07 19:53:25.829629,EEG Wearable,E1:1B:6D:10:62:56,-65,0.8,line_of_sight,2
2026-04-07 19:53:25.930549,EEG Wearable,E1:1B:6D:10:62:56,-62,0.8,line_of_sight,2
2026-04-07 19:53:25.932545,EEG Wearable,E1:1B:6D:10:62:56,-62,0.8,line_of_sight,2
2026-04-07 19:53:26.040835,EEG Wearable,E1:1B:6D:10:62:56,-61,0.8,line_of_sight,2
2026-04-07 19:53:26.043854,EEG Wearable,E1:1B:6D:10:62:56,-61,0.8,line_of_sight,2
2026-04-07 19:53:26.985562,EEG Wearable,E1:1B:6D:10:62:56,-61,0.8,line_of_sight,2
2026-04-07 19:53:26.999551,EEG Wearable,E1:1B:6D:10:62:56,-61,0.8,line_of_sight,2
2026-04-07 19:53:27.939876,EEG Wearable,E1:1B:6D:10:62:56,-64,0.8,line_of_sight,2
2026-04-07 19:53:27.942878,EEG Wearable,E1:1B:6D:10:62:56,-64,0.8,line_of_sight,2
2026-04-07 19:53:28.041343,EEG Wearable,E1:1B:6D:10:62:56,-61,0.8,line_of_sight,2
2026-04-07 19:53:28.054345,EEG Wearable,E1:1B:6D:10:62:56,-61,0.8,line_of_sight,2
2026-04-07 19:53:28.999057,EEG Wearable,E1:1B:6D:10:62:56,-64,0.8,line_of_sight,2
2026-04-07 19:53:29.001974,EEG Wearable,E1:1B:6D:10:62:56,-64,0.8,line_of_sight,2
2026-04-07 19:53:29.720088,EEG Wearable,E1:1B:6D:10:62:56,-63,0.8,line_of_sight,2
2026-04-07 19:53:29.733088,EEG Wearable,E1:1B:6D:10:62:56,-63,0.8,line_of_sight,2
2026-04-07 19:53:29.828750,EEG Wearable,E1:1B:6D:10:62:56,-63,0.8,line_of_sight,2
2026-04-07 19:53:29.831692,EEG Wearable,E1:1B:6D:10:62:56,-63,0.8,line_of_sight,2
2026-04-07 19:53:29.937422,EEG Wearable,E1:1B:6D:10:62:56,-61,0.8,line_of_sight,2
2026-04-07 19:53:29.950281,EEG Wearable,E1:1B:6D:10:62:56,-61,0.8,line_of_sight,2
2026-04-07 19:53:30.774041,EEG Wearable,E1:1B:6D:10:62:56,-63,0.8,line_of_sight,2
2026-04-07 19:53:30.786920,EEG Wearable,E1:1B:6D:10:62:56,-64,0.8,line_of_sight,2
2026-04-07 19:53:30.880651,EEG Wearable,E1:1B:6D:10:62:56,-63,0.8,line_of_sight,2
2026-04-07 19:53:30.902730,EEG Wearable,E1:1B:6D:10:62:56,-63,0.8,line_of_sight,2
2026-04-07 19:53:31.621650,EEG Wearable,E1:1B:6D:10:62:56,-63,0.8,line_of_sight,2
2026-04-07 19:53:31.632311,EEG Wearable,E1:1B:6D:10:62:56,-63,0.8,line_of_sight,2
2026-04-07 19:53:31.830873,EEG Wearable,E1:1B:6D:10:62:56,-66,0.8,line_of_sight,2
2026-04-07 19:53:31.843949,EEG Wearable,E1:1B:6D:10:62:56,-66,0.8,line_of_sight,2
2026-04-07 19:53:32.774018,EEG Wearable,E1:1B:6D:10:62:56,-61,0.8,line_of_sight,2
2026-04-07 19:53:32.788239,EEG Wearable,E1:1B:6D:10:62:56,-61,0.8,line_of_sight,2
2026-04-07 19:53:33.601929,EEG Wearable,E1:1B:6D:10:62:56,-63,0.8,line_of_sight,2
2026-04-07 19:53:33.616550,EEG Wearable,E1:1B:6D:10:62:56,-63,0.8,line_of_sight,2
2026-04-07 19:53:34.549607,EEG Wearable,E1:1B:6D:10:62:56,-62,0.8,line_of_sight,2
2026-04-07 19:53:34.564609,EEG Wearable,E1:1B:6D:10:62:56,-62,0.8,line_of_sight,2
2026-04-07 19:53:35.368976,EEG Wearable,E1:1B:6D:10:62:56,-63,0.8,line_of_sight,2
2026-04-07 19:53:35.381614,EEG Wearable,E1:1B:6D:10:62:56,-63,0.8,line_of_sight,2
2026-04-07 19:53:36.192930,EEG Wearable,E1:1B:6D:10:62:56,-63,0.8,line_of_sight,2
2026-04-07 19:53:36.206939,EEG Wearable,E1:1B:6D:10:62:56,-63,0.8,line_of_sight,2
2026-04-07 19:53:36.924963,EEG Wearable,E1:1B:6D:10:62:56,-63,0.8,line_of_sight,2
2026-04-07 19:53:36.937963,EEG Wearable,E1:1B:6D:10:62:56,-63,0.8,line_of_sight,2
2026-04-07 19:53:37.984642,EEG Wearable,E1:1B:6D:10:62:56,-61,0.8,line_of_sight,2
2026-04-07 19:53:37.987670,EEG Wearable,E1:1B:6D:10:62:56,-61,0.8,line_of_sight,2
2026-04-07 19:53:38.079694,EEG Wearable,E1:1B:6D:10:62:56,-61,0.8,line_of_sight,2
2026-04-07 19:53:38.085703,EEG Wearable,E1:1B:6D:10:62:56,-61,0.8,line_of_sight,2
2026-04-07 19:53:44.580553,EEG Wearable,E1:1B:6D:10:62:56,-63,0.8,line_of_sight,3
2026-04-07 19:53:45.532997,EEG Wearable,E1:1B:6D:10:62:56,-60,0.8,line_of_sight,3
2026-04-07 19:53:45.545896,EEG Wearable,E1:1B:6D:10:62:56,-60,0.8,line_of_sight,3
2026-04-07 19:53:46.586460,EEG Wearable,E1:1B:6D:10:62:56,-61,0.8,line_of_sight,3
2026-04-07 19:53:46.601461,EEG Wearable,E1:1B:6D:10:62:56,-61,0.8,line_of_sight,3
2026-04-07 19:53:47.431696,EEG Wearable,E1:1B:6D:10:62:56,-67,0.8,line_of_sight,3
2026-04-07 19:53:47.532097,EEG Wearable,E1:1B:6D:10:62:56,-63,0.8,line_of_sight,3
2026-04-07 19:53:47.544065,EEG Wearable,E1:1B:6D:10:62:56,-64,0.8,line_of_sight,3
2026-04-07 19:53:48.274938,EEG Wearable,E1:1B:6D:10:62:56,-62,0.8,line_of_sight,3
2026-04-07 19:53:48.292099,EEG Wearable,E1:1B:6D:10:62:56,-62,0.8,line_of_sight,3
2026-04-07 19:53:48.477117,EEG Wearable,E1:1B:6D:10:62:56,-64,0.8,line_of_sight,3
2026-04-07 19:53:48.491113,EEG Wearable,E1:1B:6D:10:62:56,-64,0.8,line_of_sight,3
2026-04-07 19:53:49.437020,EEG Wearable,E1:1B:6D:10:62:56,-61,0.8,line_of_sight,3
2026-04-07 19:53:49.445573,EEG Wearable,E1:1B:6D:10:62:56,-61,0.8,line_of_sight,3
2026-04-07 19:53:50.494362,EEG Wearable,E1:1B:6D:10:62:56,-61,0.8,line_of_sight,3
2026-04-07 19:53:50.507281,EEG Wearable,E1:1B:6D:10:62:56,-61,0.8,line_of_sight,3
2026-04-07 19:53:50.600710,EEG Wearable,E1:1B:6D:10:62:56,-64,0.8,line_of_sight,3
2026-04-07 19:53:50.615625,EEG Wearable,E1:1B:6D:10:62:56,-64,0.8,line_of_sight,3
2026-04-07 19:53:51.570264,EEG Wearable,E1:1B:6D:10:62:56,-61,0.8,line_of_sight,3
2026-04-07 19:53:51.585829,EEG Wearable,E1:1B:6D:10:62:56,-61,0.8,line_of_sight,3
2026-04-07 19:53:51.676310,EEG Wearable,E1:1B:6D:10:62:56,-65,0.8,line_of_sight,3
2026-04-07 19:53:51.685334,EEG Wearable,E1:1B:6D:10:62:56,-65,0.8,line_of_sight,3
2026-04-07 19:53:52.512352,EEG Wearable,E1:1B:6D:10:62:56,-65,0.8,line_of_sight,3
2026-04-07 19:53:52.612596,EEG Wearable,E1:1B:6D:10:62:56,-62,0.8,line_of_sight,3
2026-04-07 19:53:52.626757,EEG Wearable,E1:1B:6D:10:62:56,-62,0.8,line_of_sight,3
2026-04-07 19:53:53.560672,EEG Wearable,E1:1B:6D:10:62:56,-63,0.8,line_of_sight,3
2026-04-07 19:53:53.574185,EEG Wearable,E1:1B:6D:10:62:56,-63,0.8,line_of_sight,3
2026-04-07 19:53:55.460532,EEG Wearable,E1:1B:6D:10:62:56,-60,0.8,line_of_sight,3
2026-04-07 19:53:55.474138,EEG Wearable,E1:1B:6D:10:62:56,-60,0.8,line_of_sight,3
2026-04-07 19:53:55.566756,EEG Wearable,E1:1B:6D:10:62:56,-67,0.8,line_of_sight,3
2026-04-07 19:53:55.581395,EEG Wearable,E1:1B:6D:10:62:56,-67,0.8,line_of_sight,3
2026-04-07 19:53:57.575395,EEG Wearable,E1:1B:6D:10:62:56,-61,0.8,line_of_sight,3
2026-04-07 19:53:57.591974,EEG Wearable,E1:1B:6D:10:62:56,-61,0.8,line_of_sight,3
2026-04-07 19:53:58.411159,EEG Wearable,E1:1B:6D:10:62:56,-64,0.8,line_of_sight,3
2026-04-07 19:53:58.419227,EEG Wearable,E1:1B:6D:10:62:56,-64,0.8,line_of_sight,3
2026-04-07 19:53:58.520959,EEG Wearable,E1:1B:6D:10:62:56,-63,0.8,line_of_sight,3
2026-04-07 19:53:58.536346,EEG Wearable,E1:1B:6D:10:62:56,-63,0.8,line_of_sight,3
2026-04-07 19:53:59.354670,EEG Wearable,E1:1B:6D:10:62:56,-62,0.8,line_of_sight,3
2026-04-07 19:53:59.372451,EEG Wearable,E1:1B:6D:10:62:56,-62,0.8,line_of_sight,3
2026-04-07 19:54:00.302368,EEG Wearable,E1:1B:6D:10:62:56,-64,0.8,line_of_sight,3
2026-04-07 19:54:00.305374,EEG Wearable,E1:1B:6D:10:62:56,-64,0.8,line_of_sight,3
2026-04-07 19:54:01.362530,EEG Wearable,E1:1B:6D:10:62:56,-64,0.8,line_of_sight,3
2026-04-07 19:54:01.381736,EEG Wearable,E1:1B:6D:10:62:56,-64,0.8,line_of_sight,3
2026-04-07 19:54:01.483370,EEG Wearable,E1:1B:6D:10:62:56,-61,0.8,line_of_sight,3
2026-04-07 19:54:01.486368,EEG Wearable,E1:1B:6D:10:62:56,-61,0.8,line_of_sight,3
2026-04-07 19:54:02.308387,EEG Wearable,E1:1B:6D:10:62:56,-65,0.8,line_of_sight,3
2026-04-07 19:54:02.309388,EEG Wearable,E1:1B:6D:10:62:56,-65,0.8,line_of_sight,3
2026-04-07 19:54:02.419997,EEG Wearable,E1:1B:6D:10:62:56,-64,0.8,line_of_sight,3
2026-04-07 19:54:02.433001,EEG Wearable,E1:1B:6D:10:62:56,-64,0.8,line_of_sight,3
2026-04-07 19:54:03.257375,EEG Wearable,E1:1B:6D:10:62:56,-62,0.8,line_of_sight,3
2026-04-07 19:54:03.271425,EEG Wearable,E1:1B:6D:10:62:56,-62,0.8,line_of_sight,3
2026-04-07 19:54:05.270058,EEG Wearable,E1:1B:6D:10:62:56,-63,0.8,line_of_sight,3
2026-04-07 19:54:05.289666,EEG Wearable,E1:1B:6D:10:62:56,-63,0.8,line_of_sight,3
2026-04-07 19:54:05.381390,EEG Wearable,E1:1B:6D:10:62:56,-62,0.8,line_of_sight,3
2026-04-07 19:54:05.394547,EEG Wearable,E1:1B:6D:10:62:56,-62,0.8,line_of_sight,3
2026-04-07 19:54:05.485879,EEG Wearable,E1:1B:6D:10:62:56,-65,0.8,line_of_sight,3
2026-04-07 19:54:05.501933,EEG Wearable,E1:1B:6D:10:62:56,-65,0.8,line_of_sight,3
2026-04-07 19:54:07.279106,EEG Wearable,E1:1B:6D:10:62:56,-65,0.8,line_of_sight,3
2026-04-07 19:54:07.281106,EEG Wearable,E1:1B:6D:10:62:56,-65,0.8,line_of_sight,3
2026-04-07 19:54:07.373988,EEG Wearable,E1:1B:6D:10:62:56,-64,0.8,line_of_sight,3
2026-04-07 19:54:07.389686,EEG Wearable,E1:1B:6D:10:62:56,-64,0.8,line_of_sight,3
2026-04-07 19:54:08.005167,EEG Wearable,E1:1B:6D:10:62:56,-65,0.8,line_of_sight,3
2026-04-07 19:54:08.020052,EEG Wearable,E1:1B:6D:10:62:56,-65,0.8,line_of_sight,3
2026-04-07 19:54:08.114224,EEG Wearable,E1:1B:6D:10:62:56,-64,0.8,line_of_sight,3
2026-04-07 19:54:08.117217,EEG Wearable,E1:1B:6D:10:62:56,-64,0.8,line_of_sight,3
2026-04-07 19:54:08.223608,EEG Wearable,E1:1B:6D:10:62:56,-62,0.8,line_of_sight,3
2026-04-07 19:54:08.239596,EEG Wearable,E1:1B:6D:10:62:56,-62,0.8,line_of_sight,3
2026-04-07 19:54:09.069361,EEG Wearable,E1:1B:6D:10:62:56,-65,0.8,line_of_sight,3
2026-04-07 19:54:09.071881,EEG Wearable,E1:1B:6D:10:62:56,-65,0.8,line_of_sight,3
2026-04-07 19:54:09.162391,EEG Wearable,E1:1B:6D:10:62:56,-63,0.8,line_of_sight,3
2026-04-07 19:54:09.179238,EEG Wearable,E1:1B:6D:10:62:56,-63,0.8,line_of_sight,3
2026-04-07 19:54:10.096976,EEG Wearable,E1:1B:6D:10:62:56,-65,0.8,line_of_sight,3
2026-04-07 19:54:10.109921,EEG Wearable,E1:1B:6D:10:62:56,-65,0.8,line_of_sight,3
2026-04-07 19:54:11.059191,EEG Wearable,E1:1B:6D:10:62:56,-61,0.8,line_of_sight,3
2026-04-07 19:54:11.061190,EEG Wearable,E1:1B:6D:10:62:56,-61,0.8,line_of_sight,3
2026-04-07 19:54:11.165609,EEG Wearable,E1:1B:6D:10:62:56,-65,0.8,line_of_sight,3
2026-04-07 19:54:11.168605,EEG Wearable,E1:1B:6D:10:62:56,-65,0.8,line_of_sight,3
2026-04-07 19:54:11.989625,EEG Wearable,E1:1B:6D:10:62:56,-63,0.8,line_of_sight,3
2026-04-07 19:54:11.991629,EEG Wearable,E1:1B:6D:10:62:56,-63,0.8,line_of_sight,3
2026-04-07 19:54:12.934979,EEG Wearable,E1:1B:6D:10:62:56,-67,0.8,line_of_sight,3
2026-04-07 19:54:12.948929,EEG Wearable,E1:1B:6D:10:62:56,-67,0.8,line_of_sight,3
2026-04-07 19:54:13.772381,EEG Wearable,E1:1B:6D:10:62:56,-63,0.8,line_of_sight,3
2026-04-07 19:54:13.785967,EEG Wearable,E1:1B:6D:10:62:56,-63,0.8,line_of_sight,3
2026-04-07 19:54:13.887215,EEG Wearable,E1:1B:6D:10:62:56,-62,0.8,line_of_sight,3
2026-04-07 19:54:13.890216,EEG Wearable,E1:1B:6D:10:62:56,-62,0.8,line_of_sight,3
2026-04-07 19:55:01.253816,EEG Wearable,E1:1B:6D:10:62:56,-71,1.0,line_of_sight,1
2026-04-07 19:55:01.256816,EEG Wearable,E1:1B:6D:10:62:56,-71,1.0,line_of_sight,1
2026-04-07 19:55:01.865011,EEG Wearable,E1:1B:6D:10:62:56,-64,1.0,line_of_sight,1
2026-04-07 19:55:01.879123,EEG Wearable,E1:1B:6D:10:62:56,-64,1.0,line_of_sight,1
2026-04-07 19:55:03.037664,EEG Wearable,E1:1B:6D:10:62:56,-70,1.0,line_of_sight,1
2026-04-07 19:55:03.039669,EEG Wearable,E1:1B:6D:10:62:56,-70,1.0,line_of_sight,1
2026-04-07 19:55:03.978667,EEG Wearable,E1:1B:6D:10:62:56,-66,1.0,line_of_sight,1
2026-04-07 19:55:03.981663,EEG Wearable,E1:1B:6D:10:62:56,-66,1.0,line_of_sight,1
2026-04-07 19:55:05.027983,EEG Wearable,E1:1B:6D:10:62:56,-65,1.0,line_of_sight,1
2026-04-07 19:55:05.042735,EEG Wearable,E1:1B:6D:10:62:56,-65,1.0,line_of_sight,1
2026-04-07 19:55:05.972582,EEG Wearable,E1:1B:6D:10:62:56,-66,1.0,line_of_sight,1
2026-04-07 19:55:05.987166,EEG Wearable,E1:1B:6D:10:62:56,-66,1.0,line_of_sight,1
2026-04-07 19:55:06.926843,EEG Wearable,E1:1B:6D:10:62:56,-72,1.0,line_of_sight,1
2026-04-07 19:55:06.941031,EEG Wearable,E1:1B:6D:10:62:56,-72,1.0,line_of_sight,1
2026-04-07 19:55:07.036425,EEG Wearable,E1:1B:6D:10:62:56,-68,1.0,line_of_sight,1
2026-04-07 19:55:07.869966,EEG Wearable,E1:1B:6D:10:62:56,-68,1.0,line_of_sight,1
2026-04-07 19:55:07.883067,EEG Wearable,E1:1B:6D:10:62:56,-68,1.0,line_of_sight,1
2026-04-07 19:55:07.978344,EEG Wearable,E1:1B:6D:10:62:56,-70,1.0,line_of_sight,1
2026-04-07 19:55:08.920783,EEG Wearable,E1:1B:6D:10:62:56,-66,1.0,line_of_sight,1
2026-04-07 19:55:10.689268,EEG Wearable,E1:1B:6D:10:62:56,-66,1.0,line_of_sight,1
2026-04-07 19:55:10.703172,EEG Wearable,E1:1B:6D:10:62:56,-66,1.0,line_of_sight,1
2026-04-07 19:55:11.646978,EEG Wearable,E1:1B:6D:10:62:56,-67,1.0,line_of_sight,1
2026-04-07 19:55:11.661483,EEG Wearable,E1:1B:6D:10:62:56,-67,1.0,line_of_sight,1
2026-04-07 19:55:11.752911,EEG Wearable,E1:1B:6D:10:62:56,-66,1.0,line_of_sight,1
2026-04-07 19:55:11.766368,EEG Wearable,E1:1B:6D:10:62:56,-66,1.0,line_of_sight,1
2026-04-07 19:55:12.705125,EEG Wearable,E1:1B:6D:10:62:56,-66,1.0,line_of_sight,1
2026-04-07 19:55:12.708128,EEG Wearable,E1:1B:6D:10:62:56,-66,1.0,line_of_sight,1
2026-04-07 19:55:13.542817,EEG Wearable,E1:1B:6D:10:62:56,-66,1.0,line_of_sight,1
2026-04-07 19:55:13.544814,EEG Wearable,E1:1B:6D:10:62:56,-66,1.0,line_of_sight,1
2026-04-07 19:55:13.645506,EEG Wearable,E1:1B:6D:10:62:56,-71,1.0,line_of_sight,1
2026-04-07 19:55:13.657525,EEG Wearable,E1:1B:6D:10:62:56,-71,1.0,line_of_sight,1
2026-04-07 19:55:14.486057,EEG Wearable,E1:1B:6D:10:62:56,-68,1.0,line_of_sight,1
2026-04-07 19:55:14.508133,EEG Wearable,E1:1B:6D:10:62:56,-68,1.0,line_of_sight,1
2026-04-07 19:55:14.593075,EEG Wearable,E1:1B:6D:10:62:56,-66,1.0,line_of_sight,1
2026-04-07 19:55:14.607085,EEG Wearable,E1:1B:6D:10:62:56,-66,1.0,line_of_sight,1
2026-04-07 19:55:15.420917,EEG Wearable,E1:1B:6D:10:62:56,-72,1.0,line_of_sight,1
2026-04-07 19:55:15.427229,EEG Wearable,E1:1B:6D:10:62:56,-72,1.0,line_of_sight,1
2026-04-07 19:55:16.374191,EEG Wearable,E1:1B:6D:10:62:56,-66,1.0,line_of_sight,1
2026-04-07 19:55:16.480325,EEG Wearable,E1:1B:6D:10:62:56,-73,1.0,line_of_sight,1
2026-04-07 19:55:16.495335,EEG Wearable,E1:1B:6D:10:62:56,-73,1.0,line_of_sight,1
2026-04-07 19:55:17.428448,EEG Wearable,E1:1B:6D:10:62:56,-67,1.0,line_of_sight,1
2026-04-07 19:55:17.445388,EEG Wearable,E1:1B:6D:10:62:56,-67,1.0,line_of_sight,1
2026-04-07 19:55:18.268288,EEG Wearable,E1:1B:6D:10:62:56,-75,1.0,line_of_sight,1
2026-04-07 19:55:18.383386,EEG Wearable,E1:1B:6D:10:62:56,-68,1.0,line_of_sight,1
2026-04-07 19:55:18.386379,EEG Wearable,E1:1B:6D:10:62:56,-68,1.0,line_of_sight,1
2026-04-07 19:55:19.440072,EEG Wearable,E1:1B:6D:10:62:56,-67,1.0,line_of_sight,1
2026-04-07 19:55:19.453076,EEG Wearable,E1:1B:6D:10:62:56,-67,1.0,line_of_sight,1
2026-04-07 19:55:21.448110,EEG Wearable,E1:1B:6D:10:62:56,-73,1.0,line_of_sight,1
2026-04-07 19:55:21.557160,EEG Wearable,E1:1B:6D:10:62:56,-66,1.0,line_of_sight,1
2026-04-07 19:55:21.571682,EEG Wearable,E1:1B:6D:10:62:56,-66,1.0,line_of_sight,1
2026-04-07 19:55:22.286829,EEG Wearable,E1:1B:6D:10:62:56,-69,1.0,line_of_sight,1
2026-04-07 19:55:22.300899,EEG Wearable,E1:1B:6D:10:62:56,-69,1.0,line_of_sight,1
2026-04-07 19:55:22.386164,EEG Wearable,E1:1B:6D:10:62:56,-69,1.0,line_of_sight,1
2026-04-07 19:55:23.228843,EEG Wearable,E1:1B:6D:10:62:56,-73,1.0,line_of_sight,1
2026-04-07 19:55:23.242837,EEG Wearable,E1:1B:6D:10:62:56,-73,1.0,line_of_sight,1
2026-04-07 19:55:23.333783,EEG Wearable,E1:1B:6D:10:62:56,-67,1.0,line_of_sight,1
2026-04-07 19:55:23.347876,EEG Wearable,E1:1B:6D:10:62:56,-67,1.0,line_of_sight,1
2026-04-07 19:55:24.164857,EEG Wearable,E1:1B:6D:10:62:56,-66,1.0,line_of_sight,1
2026-04-07 19:55:24.177601,EEG Wearable,E1:1B:6D:10:62:56,-66,1.0,line_of_sight,1
2026-04-07 19:55:26.046606,EEG Wearable,E1:1B:6D:10:62:56,-72,1.0,line_of_sight,1
2026-04-07 19:55:26.059600,EEG Wearable,E1:1B:6D:10:62:56,-72,1.0,line_of_sight,1
2026-04-07 19:55:26.769959,EEG Wearable,E1:1B:6D:10:62:56,-73,1.0,line_of_sight,1
2026-04-07 19:55:26.776623,EEG Wearable,E1:1B:6D:10:62:56,-73,1.0,line_of_sight,1
2026-04-07 19:55:26.875755,EEG Wearable,E1:1B:6D:10:62:56,-67,1.0,line_of_sight,1
2026-04-07 19:55:26.890141,EEG Wearable,E1:1B:6D:10:62:56,-67,1.0,line_of_sight,1
2026-04-07 19:55:28.129248,EEG Wearable,E1:1B:6D:10:62:56,-67,1.0,line_of_sight,1
2026-04-07 19:55:28.132249,EEG Wearable,E1:1B:6D:10:62:56,-67,1.0,line_of_sight,1
2026-04-07 19:55:28.541888,EEG Wearable,E1:1B:6D:10:62:56,-73,1.0,line_of_sight,1
2026-04-07 19:55:29.605691,EEG Wearable,E1:1B:6D:10:62:56,-68,1.0,line_of_sight,1
2026-04-07 19:55:29.620588,EEG Wearable,E1:1B:6D:10:62:56,-68,1.0,line_of_sight,1
2026-04-07 19:55:29.715342,EEG Wearable,E1:1B:6D:10:62:56,-69,1.0,line_of_sight,1
2026-04-07 19:55:29.717353,EEG Wearable,E1:1B:6D:10:62:56,-69,1.0,line_of_sight,1
2026-04-07 19:55:30.538793,EEG Wearable,E1:1B:6D:10:62:56,-66,1.0,line_of_sight,1
2026-04-07 19:55:30.553808,EEG Wearable,E1:1B:6D:10:62:56,-66,1.0,line_of_sight,1
2026-04-07 19:55:44.838666,EEG Wearable,E1:1B:6D:10:62:56,-69,1.0,line_of_sight,2
2026-04-07 19:55:44.846454,EEG Wearable,E1:1B:6D:10:62:56,-69,1.0,line_of_sight,2
2026-04-07 19:55:44.946310,EEG Wearable,E1:1B:6D:10:62:56,-67,1.0,line_of_sight,2
2026-04-07 19:55:44.962832,EEG Wearable,E1:1B:6D:10:62:56,-67,1.0,line_of_sight,2
2026-04-07 19:55:45.564806,EEG Wearable,E1:1B:6D:10:62:56,-71,1.0,line_of_sight,2
2026-04-07 19:55:45.566811,EEG Wearable,E1:1B:6D:10:62:56,-71,1.0,line_of_sight,2
2026-04-07 19:55:45.666744,EEG Wearable,E1:1B:6D:10:62:56,-69,1.0,line_of_sight,2
2026-04-07 19:55:45.685284,EEG Wearable,E1:1B:6D:10:62:56,-69,1.0,line_of_sight,2
2026-04-07 19:55:46.737109,EEG Wearable,E1:1B:6D:10:62:56,-69,1.0,line_of_sight,2
2026-04-07 19:55:46.740097,EEG Wearable,E1:1B:6D:10:62:56,-69,1.0,line_of_sight,2
2026-04-07 19:55:47.558504,EEG Wearable,E1:1B:6D:10:62:56,-71,1.0,line_of_sight,2
2026-04-07 19:55:47.585070,EEG Wearable,E1:1B:6D:10:62:56,-71,1.0,line_of_sight,2
2026-04-07 19:55:47.671797,EEG Wearable,E1:1B:6D:10:62:56,-70,1.0,line_of_sight,2
2026-04-07 19:55:48.621995,EEG Wearable,E1:1B:6D:10:62:56,-69,1.0,line_of_sight,2
2026-04-07 19:55:48.639137,EEG Wearable,E1:1B:6D:10:62:56,-69,1.0,line_of_sight,2
2026-04-07 19:55:49.568934,EEG Wearable,E1:1B:6D:10:62:56,-68,1.0,line_of_sight,2
2026-04-07 19:55:49.599044,EEG Wearable,E1:1B:6D:10:62:56,-68,1.0,line_of_sight,2
2026-04-07 19:55:50.517298,EEG Wearable,E1:1B:6D:10:62:56,-73,1.0,line_of_sight,2
2026-04-07 19:55:50.548118,EEG Wearable,E1:1B:6D:10:62:56,-73,1.0,line_of_sight,2
2026-04-07 19:55:50.624341,EEG Wearable,E1:1B:6D:10:62:56,-66,1.0,line_of_sight,2
2026-04-07 19:55:50.649870,EEG Wearable,E1:1B:6D:10:62:56,-66,1.0,line_of_sight,2
2026-04-07 19:55:51.591537,EEG Wearable,E1:1B:6D:10:62:56,-70,1.0,line_of_sight,2
2026-04-07 19:55:51.597535,EEG Wearable,E1:1B:6D:10:62:56,-70,1.0,line_of_sight,2
2026-04-07 19:55:51.687968,EEG Wearable,E1:1B:6D:10:62:56,-68,1.0,line_of_sight,2
2026-04-07 19:55:51.720782,EEG Wearable,E1:1B:6D:10:62:56,-68,1.0,line_of_sight,2
2026-04-07 19:55:52.643940,EEG Wearable,E1:1B:6D:10:62:56,-70,1.0,line_of_sight,2
2026-04-07 19:55:52.683004,EEG Wearable,E1:1B:6D:10:62:56,-70,1.0,line_of_sight,2
2026-04-07 19:55:55.368412,EEG Wearable,E1:1B:6D:10:62:56,-71,1.0,line_of_sight,2
2026-04-07 19:55:55.395039,EEG Wearable,E1:1B:6D:10:62:56,-71,1.0,line_of_sight,2
2026-04-07 19:55:56.418404,EEG Wearable,E1:1B:6D:10:62:56,-71,1.0,line_of_sight,2
2026-04-07 19:55:56.445578,EEG Wearable,E1:1B:6D:10:62:56,-71,1.0,line_of_sight,2
2026-04-07 19:55:58.227436,EEG Wearable,E1:1B:6D:10:62:56,-74,1.0,line_of_sight,2
2026-04-07 19:55:58.234929,EEG Wearable,E1:1B:6D:10:62:56,-74,1.0,line_of_sight,2
2026-04-07 19:55:58.307755,EEG Wearable,E1:1B:6D:10:62:56,-67,1.0,line_of_sight,2
2026-04-07 19:55:58.337744,EEG Wearable,E1:1B:6D:10:62:56,-67,1.0,line_of_sight,2
2026-04-07 19:55:59.157459,EEG Wearable,E1:1B:6D:10:62:56,-68,1.0,line_of_sight,2
2026-04-07 19:55:59.164984,EEG Wearable,E1:1B:6D:10:62:56,-68,1.0,line_of_sight,2
2026-04-07 19:56:00.195537,EEG Wearable,E1:1B:6D:10:62:56,-66,1.0,line_of_sight,2
2026-04-07 19:56:01.050624,EEG Wearable,E1:1B:6D:10:62:56,-69,1.0,line_of_sight,2
2026-04-07 19:56:01.143344,EEG Wearable,E1:1B:6D:10:62:56,-69,1.0,line_of_sight,2
2026-04-07 19:56:01.171551,EEG Wearable,E1:1B:6D:10:62:56,-69,1.0,line_of_sight,2
2026-04-07 19:56:01.990006,EEG Wearable,E1:1B:6D:10:62:56,-67,1.0,line_of_sight,2
2026-04-07 19:56:01.999135,EEG Wearable,E1:1B:6D:10:62:56,-67,1.0,line_of_sight,2
2026-04-07 19:56:02.819376,EEG Wearable,E1:1B:6D:10:62:56,-69,1.0,line_of_sight,2
2026-04-07 19:56:02.825495,EEG Wearable,E1:1B:6D:10:62:56,-69,1.0,line_of_sight,2
2026-04-07 19:56:03.678626,EEG Wearable,E1:1B:6D:10:62:56,-72,1.0,line_of_sight,2
2026-04-07 19:56:03.774235,EEG Wearable,E1:1B:6D:10:62:56,-67,1.0,line_of_sight,2
2026-04-07 19:56:03.781271,EEG Wearable,E1:1B:6D:10:62:56,-67,1.0,line_of_sight,2
2026-04-07 19:56:03.866921,EEG Wearable,E1:1B:6D:10:62:56,-70,1.0,line_of_sight,2
2026-04-07 19:56:05.546707,EEG Wearable,E1:1B:6D:10:62:56,-66,1.0,line_of_sight,2
2026-04-07 19:56:05.652179,EEG Wearable,E1:1B:6D:10:62:56,-73,1.0,line_of_sight,2
2026-04-07 19:56:05.658159,EEG Wearable,E1:1B:6D:10:62:56,-73,1.0,line_of_sight,2
2026-04-07 19:56:06.463711,EEG Wearable,E1:1B:6D:10:62:56,-71,1.0,line_of_sight,2
2026-04-07 19:56:06.492162,EEG Wearable,E1:1B:6D:10:62:56,-71,1.0,line_of_sight,2
2026-04-07 19:56:06.567809,EEG Wearable,E1:1B:6D:10:62:56,-68,1.0,line_of_sight,2
2026-04-07 19:56:06.598927,EEG Wearable,E1:1B:6D:10:62:56,-68,1.0,line_of_sight,2
2026-04-07 19:56:07.420429,EEG Wearable,E1:1B:6D:10:62:56,-72,1.0,line_of_sight,2
2026-04-07 19:56:07.426854,EEG Wearable,E1:1B:6D:10:62:56,-72,1.0,line_of_sight,2
2026-04-07 19:56:07.517443,EEG Wearable,E1:1B:6D:10:62:56,-70,1.0,line_of_sight,2
2026-04-07 19:56:08.358623,EEG Wearable,E1:1B:6D:10:62:56,-69,1.0,line_of_sight,2
2026-04-07 19:56:08.362624,EEG Wearable,E1:1B:6D:10:62:56,-69,1.0,line_of_sight,2
2026-04-07 19:56:08.464663,EEG Wearable,E1:1B:6D:10:62:56,-72,1.0,line_of_sight,2
2026-04-07 19:56:08.487385,EEG Wearable,E1:1B:6D:10:62:56,-72,1.0,line_of_sight,2
2026-04-07 19:56:09.104698,EEG Wearable,E1:1B:6D:10:62:56,-67,1.0,line_of_sight,2
2026-04-07 19:56:09.112350,EEG Wearable,E1:1B:6D:10:62:56,-67,1.0,line_of_sight,2
2026-04-07 19:56:09.295639,EEG Wearable,E1:1B:6D:10:62:56,-71,1.0,line_of_sight,2
2026-04-07 19:56:09.324190,EEG Wearable,E1:1B:6D:10:62:56,-70,1.0,line_of_sight,2
2026-04-07 19:56:10.346647,EEG Wearable,E1:1B:6D:10:62:56,-71,1.0,line_of_sight,2
2026-04-07 19:56:11.191330,EEG Wearable,E1:1B:6D:10:62:56,-66,1.0,line_of_sight,2
2026-04-07 19:56:11.218072,EEG Wearable,E1:1B:6D:10:62:56,-66,1.0,line_of_sight,2
2026-04-07 19:56:13.217254,EEG Wearable,E1:1B:6D:10:62:56,-67,1.0,line_of_sight,2
2026-04-07 19:56:13.233895,EEG Wearable,E1:1B:6D:10:62:56,-67,1.0,line_of_sight,2
2026-04-07 19:56:14.130273,EEG Wearable,E1:1B:6D:10:62:56,-68,1.0,line_of_sight,2
2026-04-07 19:56:27.722627,EEG Wearable,E1:1B:6D:10:62:56,-73,1.0,line_of_sight,3
2026-04-07 19:56:27.725152,EEG Wearable,E1:1B:6D:10:62:56,-73,1.0,line_of_sight,3
2026-04-07 19:56:27.829005,EEG Wearable,E1:1B:6D:10:62:56,-68,1.0,line_of_sight,3
2026-04-07 19:56:27.839918,EEG Wearable,E1:1B:6D:10:62:56,-68,1.0,line_of_sight,3
2026-04-07 19:56:28.452269,EEG Wearable,E1:1B:6D:10:62:56,-70,1.0,line_of_sight,3
2026-04-07 19:56:28.460638,EEG Wearable,E1:1B:6D:10:62:56,-70,1.0,line_of_sight,3
2026-04-07 19:56:28.670869,EEG Wearable,E1:1B:6D:10:62:56,-74,1.0,line_of_sight,3
2026-04-07 19:56:29.493318,EEG Wearable,E1:1B:6D:10:62:56,-73,1.0,line_of_sight,3
2026-04-07 19:56:29.503319,EEG Wearable,E1:1B:6D:10:62:56,-73,1.0,line_of_sight,3
2026-04-07 19:56:29.593981,EEG Wearable,E1:1B:6D:10:62:56,-71,1.0,line_of_sight,3
2026-04-07 19:56:29.601979,EEG Wearable,E1:1B:6D:10:62:56,-71,1.0,line_of_sight,3
2026-04-07 19:56:30.327682,EEG Wearable,E1:1B:6D:10:62:56,-71,1.0,line_of_sight,3
2026-04-07 19:56:31.258870,EEG Wearable,E1:1B:6D:10:62:56,-73,1.0,line_of_sight,3
2026-04-07 19:56:32.209209,EEG Wearable,E1:1B:6D:10:62:56,-72,1.0,line_of_sight,3
2026-04-07 19:56:32.223296,EEG Wearable,E1:1B:6D:10:62:56,-72,1.0,line_of_sight,3
2026-04-07 19:56:33.152856,EEG Wearable,E1:1B:6D:10:62:56,-70,1.0,line_of_sight,3
2026-04-07 19:56:33.168410,EEG Wearable,E1:1B:6D:10:62:56,-70,1.0,line_of_sight,3
2026-04-07 19:56:33.259877,EEG Wearable,E1:1B:6D:10:62:56,-72,1.0,line_of_sight,3
2026-04-07 19:56:34.210706,EEG Wearable,E1:1B:6D:10:62:56,-70,1.0,line_of_sight,3
2026-04-07 19:56:34.226161,EEG Wearable,E1:1B:6D:10:62:56,-71,1.0,line_of_sight,3
2026-04-07 19:56:36.830891,EEG Wearable,E1:1B:6D:10:62:56,-71,1.0,line_of_sight,3
2026-04-07 19:56:36.833958,EEG Wearable,E1:1B:6D:10:62:56,-70,1.0,line_of_sight,3
2026-04-07 19:56:36.934531,EEG Wearable,E1:1B:6D:10:62:56,-77,1.0,line_of_sight,3
2026-04-07 19:56:37.886741,EEG Wearable,E1:1B:6D:10:62:56,-72,1.0,line_of_sight,3
2026-04-07 19:56:37.888743,EEG Wearable,E1:1B:6D:10:62:56,-72,1.0,line_of_sight,3
2026-04-07 19:56:38.822634,EEG Wearable,E1:1B:6D:10:62:56,-71,1.0,line_of_sight,3
2026-04-07 19:56:38.836622,EEG Wearable,E1:1B:6D:10:62:56,-71,1.0,line_of_sight,3
2026-04-07 19:56:38.930131,EEG Wearable,E1:1B:6D:10:62:56,-70,1.0,line_of_sight,3
2026-04-07 19:56:38.944030,EEG Wearable,E1:1B:6D:10:62:56,-70,1.0,line_of_sight,3
2026-04-07 19:56:39.885859,EEG Wearable,E1:1B:6D:10:62:56,-69,1.0,line_of_sight,3
2026-04-07 19:56:39.888444,EEG Wearable,E1:1B:6D:10:62:56,-68,1.0,line_of_sight,3
2026-04-07 19:56:40.833094,EEG Wearable,E1:1B:6D:10:62:56,-77,1.0,line_of_sight,3
2026-04-07 19:56:40.836215,EEG Wearable,E1:1B:6D:10:62:56,-78,1.0,line_of_sight,3
2026-04-07 19:56:41.762715,EEG Wearable,E1:1B:6D:10:62:56,-72,1.0,line_of_sight,3
2026-04-07 19:56:42.590092,EEG Wearable,E1:1B:6D:10:62:56,-72,1.0,line_of_sight,3
2026-04-07 19:56:44.386325,EEG Wearable,E1:1B:6D:10:62:56,-77,1.0,line_of_sight,3
2026-04-07 19:56:44.388324,EEG Wearable,E1:1B:6D:10:62:56,-76,1.0,line_of_sight,3
2026-04-07 19:56:44.482671,EEG Wearable,E1:1B:6D:10:62:56,-66,1.0,line_of_sight,3
2026-04-07 19:56:44.496673,EEG Wearable,E1:1B:6D:10:62:56,-66,1.0,line_of_sight,3
2026-04-07 19:56:45.562748,EEG Wearable,E1:1B:6D:10:62:56,-67,1.0,line_of_sight,3
2026-04-07 19:56:45.575245,EEG Wearable,E1:1B:6D:10:62:56,-67,1.0,line_of_sight,3
2026-04-07 19:56:45.660672,EEG Wearable,E1:1B:6D:10:62:56,-78,1.0,line_of_sight,3
2026-04-07 19:56:45.676137,EEG Wearable,E1:1B:6D:10:62:56,-79,1.0,line_of_sight,3
2026-04-07 19:56:46.619223,EEG Wearable,E1:1B:6D:10:62:56,-67,1.0,line_of_sight,3
2026-04-07 19:56:46.634455,EEG Wearable,E1:1B:6D:10:62:56,-67,1.0,line_of_sight,3
2026-04-07 19:56:46.725620,EEG Wearable,E1:1B:6D:10:62:56,-75,1.0,line_of_sight,3
2026-04-07 19:56:47.559740,EEG Wearable,E1:1B:6D:10:62:56,-76,1.0,line_of_sight,3
2026-04-07 19:56:47.569745,EEG Wearable,E1:1B:6D:10:62:56,-76,1.0,line_of_sight,3
2026-04-07 19:56:48.396658,EEG Wearable,E1:1B:6D:10:62:56,-66,1.0,line_of_sight,3
2026-04-07 19:56:48.411669,EEG Wearable,E1:1B:6D:10:62:56,-66,1.0,line_of_sight,3
2026-04-07 19:56:48.500413,EEG Wearable,E1:1B:6D:10:62:56,-75,1.0,line_of_sight,3
2026-04-07 19:56:48.515424,EEG Wearable,E1:1B:6D:10:62:56,-75,1.0,line_of_sight,3
2026-04-07 19:56:49.443745,EEG Wearable,E1:1B:6D:10:62:56,-67,1.0,line_of_sight,3
2026-04-07 19:56:49.458892,EEG Wearable,E1:1B:6D:10:62:56,-67,1.0,line_of_sight,3
2026-04-07 19:56:50.294768,EEG Wearable,E1:1B:6D:10:62:56,-77,1.0,line_of_sight,3
2026-04-07 19:56:50.297763,EEG Wearable,E1:1B:6D:10:62:56,-77,1.0,line_of_sight,3
2026-04-07 19:56:50.399875,EEG Wearable,E1:1B:6D:10:62:56,-73,1.0,line_of_sight,3
2026-04-07 19:56:50.505940,EEG Wearable,E1:1B:6D:10:62:56,-67,1.0,line_of_sight,3
2026-04-07 19:56:50.518541,EEG Wearable,E1:1B:6D:10:62:56,-67,1.0,line_of_sight,3
2026-04-07 19:56:51.471692,EEG Wearable,E1:1B:6D:10:62:56,-73,1.0,line_of_sight,3
2026-04-07 19:56:51.473698,EEG Wearable,E1:1B:6D:10:62:56,-73,1.0,line_of_sight,3
2026-04-07 19:56:51.576895,EEG Wearable,E1:1B:6D:10:62:56,-68,1.0,line_of_sight,3
2026-04-07 19:56:51.578901,EEG Wearable,E1:1B:6D:10:62:56,-68,1.0,line_of_sight,3
2026-04-07 19:56:52.418449,EEG Wearable,E1:1B:6D:10:62:56,-78,1.0,line_of_sight,3
2026-04-07 19:56:52.422001,EEG Wearable,E1:1B:6D:10:62:56,-78,1.0,line_of_sight,3
2026-04-07 19:56:53.369405,EEG Wearable,E1:1B:6D:10:62:56,-68,1.0,line_of_sight,3
2026-04-07 19:56:53.370455,EEG Wearable,E1:1B:6D:10:62:56,-68,1.0,line_of_sight,3
2026-04-07 19:56:53.462942,EEG Wearable,E1:1B:6D:10:62:56,-79,1.0,line_of_sight,3
2026-04-07 19:56:54.312918,EEG Wearable,E1:1B:6D:10:62:56,-75,1.0,line_of_sight,3
2026-04-07 19:56:54.314911,EEG Wearable,E1:1B:6D:10:62:56,-75,1.0,line_of_sight,3
2026-04-07 19:56:55.153438,EEG Wearable,E1:1B:6D:10:62:56,-66,1.0,line_of_sight,3
2026-04-07 19:56:55.165857,EEG Wearable,E1:1B:6D:10:62:56,-66,1.0,line_of_sight,3
2026-04-07 19:56:55.365647,EEG Wearable,E1:1B:6D:10:62:56,-77,1.0,line_of_sight,3
2026-04-07 19:56:55.368530,EEG Wearable,E1:1B:6D:10:62:56,-77,1.0,line_of_sight,3
2026-04-07 19:56:55.484542,EEG Wearable,E1:1B:6D:10:62:56,-66,1.0,line_of_sight,3
2026-04-07 19:56:55.487581,EEG Wearable,E1:1B:6D:10:62:56,-66,1.0,line_of_sight,3
2026-04-07 19:56:57.365507,EEG Wearable,E1:1B:6D:10:62:56,-73,1.0,line_of_sight,3
2026-04-07 19:58:23.954316,EEG Wearable,E1:1B:6D:10:62:56,-66,1.2,line_of_sight,1
2026-04-07 19:58:24.791946,EEG Wearable,E1:1B:6D:10:62:56,-70,1.2,line_of_sight,1
2026-04-07 19:58:24.793938,EEG Wearable,E1:1B:6D:10:62:56,-70,1.2,line_of_sight,1
2026-04-07 19:58:24.891898,EEG Wearable,E1:1B:6D:10:62:56,-73,1.2,line_of_sight,1
2026-04-07 19:58:25.638536,EEG Wearable,E1:1B:6D:10:62:56,-73,1.2,line_of_sight,1
2026-04-07 19:58:25.641543,EEG Wearable,E1:1B:6D:10:62:56,-73,1.2,line_of_sight,1
2026-04-07 19:58:25.841337,EEG Wearable,E1:1B:6D:10:62:56,-70,1.2,line_of_sight,1
2026-04-07 19:58:25.855293,EEG Wearable,E1:1B:6D:10:62:56,-70,1.2,line_of_sight,1
2026-04-07 19:58:26.785650,EEG Wearable,E1:1B:6D:10:62:56,-67,1.2,line_of_sight,1
2026-04-07 19:58:27.309274,EEG Wearable,E1:1B:6D:10:62:56,-69,1.2,line_of_sight,1
2026-04-07 19:58:27.322853,EEG Wearable,E1:1B:6D:10:62:56,-69,1.2,line_of_sight,1
2026-04-07 19:58:27.730723,EEG Wearable,E1:1B:6D:10:62:56,-81,1.2,line_of_sight,1
2026-04-07 19:58:27.733732,EEG Wearable,E1:1B:6D:10:62:56,-81,1.2,line_of_sight,1
2026-04-07 19:58:28.674059,EEG Wearable,E1:1B:6D:10:62:56,-69,1.2,line_of_sight,1
2026-04-07 19:58:28.689161,EEG Wearable,E1:1B:6D:10:62:56,-69,1.2,line_of_sight,1
2026-04-07 19:58:29.511598,EEG Wearable,E1:1B:6D:10:62:56,-73,1.2,line_of_sight,1
2026-04-07 19:58:29.525817,EEG Wearable,E1:1B:6D:10:62:56,-73,1.2,line_of_sight,1
2026-04-07 19:58:29.612015,EEG Wearable,E1:1B:6D:10:62:56,-67,1.2,line_of_sight,1
2026-04-07 19:58:30.347466,EEG Wearable,E1:1B:6D:10:62:56,-68,1.2,line_of_sight,1
2026-04-07 19:58:30.349467,EEG Wearable,E1:1B:6D:10:62:56,-68,1.2,line_of_sight,1
2026-04-07 19:58:30.446734,EEG Wearable,E1:1B:6D:10:62:56,-69,1.2,line_of_sight,1
2026-04-07 19:58:30.459847,EEG Wearable,E1:1B:6D:10:62:56,-69,1.2,line_of_sight,1
2026-04-07 19:58:31.272093,EEG Wearable,E1:1B:6D:10:62:56,-71,1.2,line_of_sight,1
2026-04-07 19:58:31.384410,EEG Wearable,E1:1B:6D:10:62:56,-67,1.2,line_of_sight,1
2026-04-07 19:58:31.399412,EEG Wearable,E1:1B:6D:10:62:56,-67,1.2,line_of_sight,1
2026-04-07 19:58:32.113725,EEG Wearable,E1:1B:6D:10:62:56,-66,1.2,line_of_sight,1
2026-04-07 19:58:32.219653,EEG Wearable,E1:1B:6D:10:62:56,-71,1.2,line_of_sight,1
2026-04-07 19:58:32.234173,EEG Wearable,E1:1B:6D:10:62:56,-71,1.2,line_of_sight,1
2026-04-07 19:58:32.951257,EEG Wearable,E1:1B:6D:10:62:56,-72,1.2,line_of_sight,1
2026-04-07 19:58:32.954271,EEG Wearable,E1:1B:6D:10:62:56,-72,1.2,line_of_sight,1
2026-04-07 19:58:34.831138,EEG Wearable,E1:1B:6D:10:62:56,-72,1.2,line_of_sight,1
2026-04-07 19:58:34.928617,EEG Wearable,E1:1B:6D:10:62:56,-67,1.2,line_of_sight,1
2026-04-07 19:58:34.943405,EEG Wearable,E1:1B:6D:10:62:56,-67,1.2,line_of_sight,1
2026-04-07 19:58:35.878362,EEG Wearable,E1:1B:6D:10:62:56,-73,1.2,line_of_sight,1
2026-04-07 19:58:35.894258,EEG Wearable,E1:1B:6D:10:62:56,-73,1.2,line_of_sight,1
2026-04-07 19:58:39.331371,EEG Wearable,E1:1B:6D:10:62:56,-72,1.2,line_of_sight,1
2026-04-07 19:58:39.343499,EEG Wearable,E1:1B:6D:10:62:56,-72,1.2,line_of_sight,1
2026-04-07 19:58:39.429892,EEG Wearable,E1:1B:6D:10:62:56,-80,1.2,line_of_sight,1
2026-04-07 19:58:39.445053,EEG Wearable,E1:1B:6D:10:62:56,-80,1.2,line_of_sight,1
2026-04-07 19:58:40.377701,EEG Wearable,E1:1B:6D:10:62:56,-73,1.2,line_of_sight,1
2026-04-07 19:58:40.480523,EEG Wearable,E1:1B:6D:10:62:56,-71,1.2,line_of_sight,1
2026-04-07 19:58:43.101938,EEG Wearable,E1:1B:6D:10:62:56,-65,1.2,line_of_sight,1
2026-04-07 19:58:43.104928,EEG Wearable,E1:1B:6D:10:62:56,-65,1.2,line_of_sight,1
2026-04-07 19:58:43.214726,EEG Wearable,E1:1B:6D:10:62:56,-72,1.2,line_of_sight,1
2026-04-07 19:58:43.216377,EEG Wearable,E1:1B:6D:10:62:56,-72,1.2,line_of_sight,1
2026-04-07 19:58:43.949334,EEG Wearable,E1:1B:6D:10:62:56,-73,1.2,line_of_sight,1
2026-04-07 19:58:43.962869,EEG Wearable,E1:1B:6D:10:62:56,-73,1.2,line_of_sight,1
2026-04-07 19:58:44.060474,EEG Wearable,E1:1B:6D:10:62:56,-72,1.2,line_of_sight,1
2026-04-07 19:58:44.156165,EEG Wearable,E1:1B:6D:10:62:56,-67,1.2,line_of_sight,1
2026-04-07 19:58:44.269164,EEG Wearable,E1:1B:6D:10:62:56,-72,1.2,line_of_sight,1
2026-04-07 19:58:44.272626,EEG Wearable,E1:1B:6D:10:62:56,-72,1.2,line_of_sight,1
2026-04-07 19:58:45.106060,EEG Wearable,E1:1B:6D:10:62:56,-72,1.2,line_of_sight,1
2026-04-07 19:58:46.046177,EEG Wearable,E1:1B:6D:10:62:56,-73,1.2,line_of_sight,1
2026-04-07 19:58:46.061202,EEG Wearable,E1:1B:6D:10:62:56,-73,1.2,line_of_sight,1
2026-04-07 19:58:46.882589,EEG Wearable,E1:1B:6D:10:62:56,-71,1.2,line_of_sight,1
2026-04-07 19:58:46.885610,EEG Wearable,E1:1B:6D:10:62:56,-71,1.2,line_of_sight,1
2026-04-07 19:58:46.976513,EEG Wearable,E1:1B:6D:10:62:56,-67,1.2,line_of_sight,1
2026-04-07 19:58:46.990382,EEG Wearable,E1:1B:6D:10:62:56,-67,1.2,line_of_sight,1
2026-04-07 19:58:47.707584,EEG Wearable,E1:1B:6D:10:62:56,-67,1.2,line_of_sight,1
2026-04-07 19:58:47.814955,EEG Wearable,E1:1B:6D:10:62:56,-71,1.2,line_of_sight,1
2026-04-07 19:58:47.829826,EEG Wearable,E1:1B:6D:10:62:56,-71,1.2,line_of_sight,1
2026-04-07 19:58:47.921392,EEG Wearable,E1:1B:6D:10:62:56,-72,1.2,line_of_sight,1
2026-04-07 19:58:48.880786,EEG Wearable,E1:1B:6D:10:62:56,-71,1.2,line_of_sight,1
2026-04-07 19:58:48.883852,EEG Wearable,E1:1B:6D:10:62:56,-71,1.2,line_of_sight,1
2026-04-07 19:58:49.820379,EEG Wearable,E1:1B:6D:10:62:56,-66,1.2,line_of_sight,1
2026-04-07 19:58:50.772320,EEG Wearable,E1:1B:6D:10:62:56,-70,1.2,line_of_sight,1
2026-04-07 19:58:50.787042,EEG Wearable,E1:1B:6D:10:62:56,-70,1.2,line_of_sight,1
2026-04-07 19:58:51.844201,EEG Wearable,E1:1B:6D:10:62:56,-68,1.2,line_of_sight,1
2026-04-07 19:58:51.846137,EEG Wearable,E1:1B:6D:10:62:56,-68,1.2,line_of_sight,1
2026-04-07 19:58:51.948263,EEG Wearable,E1:1B:6D:10:62:56,-66,1.2,line_of_sight,1
2026-04-07 19:58:51.961431,EEG Wearable,E1:1B:6D:10:62:56,-66,1.2,line_of_sight,1
2026-04-07 19:58:52.057740,EEG Wearable,E1:1B:6D:10:62:56,-71,1.2,line_of_sight,1
2026-04-07 19:58:52.071531,EEG Wearable,E1:1B:6D:10:62:56,-70,1.2,line_of_sight,1
2026-04-07 19:58:52.789321,EEG Wearable,E1:1B:6D:10:62:56,-71,1.2,line_of_sight,1
2026-04-07 19:58:53.843837,EEG Wearable,E1:1B:6D:10:62:56,-71,1.2,line_of_sight,1
2026-04-07 19:58:53.846923,EEG Wearable,E1:1B:6D:10:62:56,-71,1.2,line_of_sight,1
2026-04-07 19:59:04.578610,EEG Wearable,E1:1B:6D:10:62:56,-69,1.2,line_of_sight,2
2026-04-07 19:59:05.427939,EEG Wearable,E1:1B:6D:10:62:56,-67,1.2,line_of_sight,2
2026-04-07 19:59:05.430938,EEG Wearable,E1:1B:6D:10:62:56,-67,1.2,line_of_sight,2
2026-04-07 19:59:05.523892,EEG Wearable,E1:1B:6D:10:62:56,-70,1.2,line_of_sight,2
2026-04-07 19:59:05.540879,EEG Wearable,E1:1B:6D:10:62:56,-70,1.2,line_of_sight,2
2026-04-07 19:59:06.386412,EEG Wearable,E1:1B:6D:10:62:56,-68,1.2,line_of_sight,2
2026-04-07 19:59:06.392390,EEG Wearable,E1:1B:6D:10:62:56,-68,1.2,line_of_sight,2
2026-04-07 19:59:06.479320,EEG Wearable,E1:1B:6D:10:62:56,-67,1.2,line_of_sight,2
2026-04-07 19:59:06.508341,EEG Wearable,E1:1B:6D:10:62:56,-67,1.2,line_of_sight,2
2026-04-07 19:59:07.002824,EEG Wearable,E1:1B:6D:10:62:56,-69,1.2,line_of_sight,2
2026-04-07 19:59:07.008824,EEG Wearable,E1:1B:6D:10:62:56,-69,1.2,line_of_sight,2
2026-04-07 19:59:07.230055,EEG Wearable,E1:1B:6D:10:62:56,-69,1.2,line_of_sight,2
2026-04-07 19:59:07.238053,EEG Wearable,E1:1B:6D:10:62:56,-68,1.2,line_of_sight,2
2026-04-07 19:59:07.312084,EEG Wearable,E1:1B:6D:10:62:56,-68,1.2,line_of_sight,2
2026-04-07 19:59:07.336620,EEG Wearable,E1:1B:6D:10:62:56,-68,1.2,line_of_sight,2
2026-04-07 19:59:08.040615,EEG Wearable,E1:1B:6D:10:62:56,-71,1.2,line_of_sight,2
2026-04-07 19:59:08.064601,EEG Wearable,E1:1B:6D:10:62:56,-71,1.2,line_of_sight,2
2026-04-07 19:59:09.096693,EEG Wearable,E1:1B:6D:10:62:56,-70,1.2,line_of_sight,2
2026-04-07 19:59:09.127567,EEG Wearable,E1:1B:6D:10:62:56,-70,1.2,line_of_sight,2
2026-04-07 19:59:09.193228,EEG Wearable,E1:1B:6D:10:62:56,-72,1.2,line_of_sight,2
2026-04-07 19:59:09.217993,EEG Wearable,E1:1B:6D:10:62:56,-72,1.2,line_of_sight,2
2026-04-07 19:59:10.084951,EEG Wearable,E1:1B:6D:10:62:56,-66,1.2,line_of_sight,2
2026-04-07 19:59:10.144563,EEG Wearable,E1:1B:6D:10:62:56,-69,1.2,line_of_sight,2
2026-04-07 19:59:10.172239,EEG Wearable,E1:1B:6D:10:62:56,-69,1.2,line_of_sight,2
2026-04-07 19:59:11.009563,EEG Wearable,E1:1B:6D:10:62:56,-73,1.2,line_of_sight,2
2026-04-07 19:59:11.087576,EEG Wearable,E1:1B:6D:10:62:56,-66,1.2,line_of_sight,2
2026-04-07 19:59:11.126521,EEG Wearable,E1:1B:6D:10:62:56,-66,1.2,line_of_sight,2
2026-04-07 19:59:11.948262,EEG Wearable,E1:1B:6D:10:62:56,-69,1.2,line_of_sight,2
2026-04-07 19:59:11.957109,EEG Wearable,E1:1B:6D:10:62:56,-69,1.2,line_of_sight,2
2026-04-07 19:59:12.032558,EEG Wearable,E1:1B:6D:10:62:56,-69,1.2,line_of_sight,2
2026-04-07 19:59:12.765424,EEG Wearable,E1:1B:6D:10:62:56,-71,1.2,line_of_sight,2
2026-04-07 19:59:12.797053,EEG Wearable,E1:1B:6D:10:62:56,-71,1.2,line_of_sight,2
2026-04-07 19:59:12.981182,EEG Wearable,E1:1B:6D:10:62:56,-68,1.2,line_of_sight,2
2026-04-07 19:59:13.012309,EEG Wearable,E1:1B:6D:10:62:56,-68,1.2,line_of_sight,2
2026-04-07 19:59:13.945324,EEG Wearable,E1:1B:6D:10:62:56,-65,1.2,line_of_sight,2
2026-04-07 19:59:13.953263,EEG Wearable,E1:1B:6D:10:62:56,-65,1.2,line_of_sight,2
2026-04-07 19:59:14.036507,EEG Wearable,E1:1B:6D:10:62:56,-70,1.2,line_of_sight,2
2026-04-07 19:59:14.069307,EEG Wearable,E1:1B:6D:10:62:56,-69,1.2,line_of_sight,2
2026-04-07 19:59:15.002372,EEG Wearable,E1:1B:6D:10:62:56,-66,1.2,line_of_sight,2
2026-04-07 19:59:16.888624,EEG Wearable,E1:1B:6D:10:62:56,-71,1.2,line_of_sight,2
2026-04-07 19:59:16.983104,EEG Wearable,E1:1B:6D:10:62:56,-70,1.2,line_of_sight,2
2026-04-07 19:59:17.752256,EEG Wearable,E1:1B:6D:10:62:56,-73,1.2,line_of_sight,2
2026-04-07 19:59:17.760328,EEG Wearable,E1:1B:6D:10:62:56,-73,1.2,line_of_sight,2
2026-04-07 19:59:17.834749,EEG Wearable,E1:1B:6D:10:62:56,-66,1.2,line_of_sight,2
2026-04-07 19:59:17.841737,EEG Wearable,E1:1B:6D:10:62:56,-66,1.2,line_of_sight,2
2026-04-07 19:59:18.792354,EEG Wearable,E1:1B:6D:10:62:56,-70,1.2,line_of_sight,2
2026-04-07 19:59:19.742664,EEG Wearable,E1:1B:6D:10:62:56,-68,1.2,line_of_sight,2
2026-04-07 19:59:19.832249,EEG Wearable,E1:1B:6D:10:62:56,-72,1.2,line_of_sight,2
2026-04-07 19:59:19.866406,EEG Wearable,E1:1B:6D:10:62:56,-72,1.2,line_of_sight,2
2026-04-07 19:59:20.541536,EEG Wearable,E1:1B:6D:10:62:56,-71,1.2,line_of_sight,2
2026-04-07 19:59:20.559808,EEG Wearable,E1:1B:6D:10:62:56,-71,1.2,line_of_sight,2
2026-04-07 19:59:20.660529,EEG Wearable,E1:1B:6D:10:62:56,-68,1.2,line_of_sight,2
2026-04-07 19:59:20.760845,EEG Wearable,E1:1B:6D:10:62:56,-69,1.2,line_of_sight,2
2026-04-07 19:59:20.774534,EEG Wearable,E1:1B:6D:10:62:56,-69,1.2,line_of_sight,2
2026-04-07 19:59:21.595811,EEG Wearable,E1:1B:6D:10:62:56,-70,1.2,line_of_sight,2
2026-04-07 19:59:21.604810,EEG Wearable,E1:1B:6D:10:62:56,-70,1.2,line_of_sight,2
2026-04-07 19:59:22.556029,EEG Wearable,E1:1B:6D:10:62:56,-69,1.2,line_of_sight,2
2026-04-07 19:59:22.569115,EEG Wearable,E1:1B:6D:10:62:56,-69,1.2,line_of_sight,2
2026-04-07 19:59:22.656551,EEG Wearable,E1:1B:6D:10:62:56,-72,1.2,line_of_sight,2
2026-04-07 19:59:22.671172,EEG Wearable,E1:1B:6D:10:62:56,-72,1.2,line_of_sight,2
2026-04-07 19:59:22.767355,EEG Wearable,E1:1B:6D:10:62:56,-68,1.2,line_of_sight,2
2026-04-07 19:59:23.489991,EEG Wearable,E1:1B:6D:10:62:56,-69,1.2,line_of_sight,2
2026-04-07 19:59:23.594154,EEG Wearable,E1:1B:6D:10:62:56,-68,1.2,line_of_sight,2
2026-04-07 19:59:23.608190,EEG Wearable,E1:1B:6D:10:62:56,-68,1.2,line_of_sight,2
2026-04-07 19:59:24.672715,EEG Wearable,E1:1B:6D:10:62:56,-70,1.2,line_of_sight,2
2026-04-07 19:59:25.540921,EEG Wearable,E1:1B:6D:10:62:56,-70,1.2,line_of_sight,2
2026-04-07 19:59:25.549583,EEG Wearable,E1:1B:6D:10:62:56,-70,1.2,line_of_sight,2
2026-04-07 19:59:25.634721,EEG Wearable,E1:1B:6D:10:62:56,-69,1.2,line_of_sight,2
2026-04-07 19:59:25.642330,EEG Wearable,E1:1B:6D:10:62:56,-69,1.2,line_of_sight,2
2026-04-07 19:59:26.472504,EEG Wearable,E1:1B:6D:10:62:56,-67,1.2,line_of_sight,2
2026-04-07 19:59:26.482509,EEG Wearable,E1:1B:6D:10:62:56,-67,1.2,line_of_sight,2
2026-04-07 19:59:26.551313,EEG Wearable,E1:1B:6D:10:62:56,-69,1.2,line_of_sight,2
2026-04-07 19:59:26.584064,EEG Wearable,E1:1B:6D:10:62:56,-69,1.2,line_of_sight,2
2026-04-07 19:59:27.272811,EEG Wearable,E1:1B:6D:10:62:56,-70,1.2,line_of_sight,2
2026-04-07 19:59:27.295810,EEG Wearable,E1:1B:6D:10:62:56,-70,1.2,line_of_sight,2
2026-04-07 19:59:27.371843,EEG Wearable,E1:1B:6D:10:62:56,-68,1.2,line_of_sight,2
2026-04-07 19:59:27.372842,EEG Wearable,E1:1B:6D:10:62:56,-68,1.2,line_of_sight,2
2026-04-07 19:59:28.104817,EEG Wearable,E1:1B:6D:10:62:56,-68,1.2,line_of_sight,2
2026-04-07 19:59:28.109815,EEG Wearable,E1:1B:6D:10:62:56,-68,1.2,line_of_sight,2
2026-04-07 19:59:28.212073,EEG Wearable,E1:1B:6D:10:62:56,-69,1.2,line_of_sight,2
2026-04-07 19:59:28.220581,EEG Wearable,E1:1B:6D:10:62:56,-69,1.2,line_of_sight,2
2026-04-07 19:59:29.149328,EEG Wearable,E1:1B:6D:10:62:56,-68,1.2,line_of_sight,2
2026-04-07 19:59:29.161811,EEG Wearable,E1:1B:6D:10:62:56,-68,1.2,line_of_sight,2
2026-04-07 19:59:29.874268,EEG Wearable,E1:1B:6D:10:62:56,-68,1.2,line_of_sight,2
2026-04-07 19:59:29.881273,EEG Wearable,E1:1B:6D:10:62:56,-68,1.2,line_of_sight,2
2026-04-07 19:59:29.987939,EEG Wearable,E1:1B:6D:10:62:56,-69,1.2,line_of_sight,2
2026-04-07 19:59:29.995942,EEG Wearable,E1:1B:6D:10:62:56,-69,1.2,line_of_sight,2
2026-04-07 19:59:30.825414,EEG Wearable,E1:1B:6D:10:62:56,-70,1.2,line_of_sight,2
2026-04-07 19:59:30.839427,EEG Wearable,E1:1B:6D:10:62:56,-70,1.2,line_of_sight,2
2026-04-07 19:59:31.773201,EEG Wearable,E1:1B:6D:10:62:56,-69,1.2,line_of_sight,2
2026-04-07 19:59:31.780343,EEG Wearable,E1:1B:6D:10:62:56,-69,1.2,line_of_sight,2
2026-04-07 19:59:32.816900,EEG Wearable,E1:1B:6D:10:62:56,-69,1.2,line_of_sight,2
2026-04-07 19:59:32.843678,EEG Wearable,E1:1B:6D:10:62:56,-69,1.2,line_of_sight,2
2026-04-07 19:59:42.264008,EEG Wearable,E1:1B:6D:10:62:56,-67,1.2,line_of_sight,3
2026-04-07 19:59:43.217717,EEG Wearable,E1:1B:6D:10:62:56,-73,1.2,line_of_sight,3
2026-04-07 19:59:43.234488,EEG Wearable,E1:1B:6D:10:62:56,-73,1.2,line_of_sight,3
2026-04-07 19:59:44.055025,EEG Wearable,E1:1B:6D:10:62:56,-65,1.2,line_of_sight,3
2026-04-07 19:59:44.069779,EEG Wearable,E1:1B:6D:10:62:56,-65,1.2,line_of_sight,3
2026-04-07 19:59:44.151824,EEG Wearable,E1:1B:6D:10:62:56,-70,1.2,line_of_sight,3
2026-04-07 19:59:44.168824,EEG Wearable,E1:1B:6D:10:62:56,-70,1.2,line_of_sight,3
2026-04-07 19:59:45.105740,EEG Wearable,E1:1B:6D:10:62:56,-68,1.2,line_of_sight,3
2026-04-07 19:59:45.822018,EEG Wearable,E1:1B:6D:10:62:56,-67,1.2,line_of_sight,3
2026-04-07 19:59:45.925909,EEG Wearable,E1:1B:6D:10:62:56,-69,1.2,line_of_sight,3
2026-04-07 19:59:45.942862,EEG Wearable,E1:1B:6D:10:62:56,-69,1.2,line_of_sight,3
2026-04-07 19:59:46.776891,EEG Wearable,E1:1B:6D:10:62:56,-71,1.2,line_of_sight,3
2026-04-07 19:59:46.868115,EEG Wearable,E1:1B:6D:10:62:56,-67,1.2,line_of_sight,3
2026-04-07 19:59:46.885150,EEG Wearable,E1:1B:6D:10:62:56,-67,1.2,line_of_sight,3
2026-04-07 19:59:47.829530,EEG Wearable,E1:1B:6D:10:62:56,-74,1.2,line_of_sight,3
2026-04-07 19:59:48.567526,EEG Wearable,E1:1B:6D:10:62:56,-71,1.2,line_of_sight,3
2026-04-07 19:59:48.569594,EEG Wearable,E1:1B:6D:10:62:56,-71,1.2,line_of_sight,3
2026-04-07 19:59:48.658124,EEG Wearable,E1:1B:6D:10:62:56,-67,1.2,line_of_sight,3
2026-04-07 19:59:48.776982,EEG Wearable,E1:1B:6D:10:62:56,-71,1.2,line_of_sight,3
2026-04-07 19:59:48.780992,EEG Wearable,E1:1B:6D:10:62:56,-71,1.2,line_of_sight,3
2026-04-07 19:59:49.597842,EEG Wearable,E1:1B:6D:10:62:56,-79,1.2,line_of_sight,3
2026-04-07 19:59:49.612467,EEG Wearable,E1:1B:6D:10:62:56,-79,1.2,line_of_sight,3
2026-04-07 19:59:50.551432,EEG Wearable,E1:1B:6D:10:62:56,-65,1.2,line_of_sight,3
2026-04-07 19:59:50.555532,EEG Wearable,E1:1B:6D:10:62:56,-65,1.2,line_of_sight,3
2026-04-07 19:59:50.646163,EEG Wearable,E1:1B:6D:10:62:56,-73,1.2,line_of_sight,3
2026-04-07 19:59:50.654987,EEG Wearable,E1:1B:6D:10:62:56,-73,1.2,line_of_sight,3
2026-04-07 19:59:51.375377,EEG Wearable,E1:1B:6D:10:62:56,-71,1.2,line_of_sight,3
2026-04-07 19:59:52.310961,EEG Wearable,E1:1B:6D:10:62:56,-69,1.2,line_of_sight,3
2026-04-07 19:59:52.329557,EEG Wearable,E1:1B:6D:10:62:56,-69,1.2,line_of_sight,3
2026-04-07 19:59:53.141317,EEG Wearable,E1:1B:6D:10:62:56,-72,1.2,line_of_sight,3
2026-04-07 19:59:53.157438,EEG Wearable,E1:1B:6D:10:62:56,-72,1.2,line_of_sight,3
2026-04-07 19:59:53.251275,EEG Wearable,E1:1B:6D:10:62:56,-67,1.2,line_of_sight,3
2026-04-07 19:59:53.266233,EEG Wearable,E1:1B:6D:10:62:56,-67,1.2,line_of_sight,3
2026-04-07 19:59:54.214521,EEG Wearable,E1:1B:6D:10:62:56,-72,1.2,line_of_sight,3
2026-04-07 19:59:54.226048,EEG Wearable,E1:1B:6D:10:62:56,-71,1.2,line_of_sight,3
2026-04-07 19:59:54.311257,EEG Wearable,E1:1B:6D:10:62:56,-67,1.2,line_of_sight,3
2026-04-07 19:59:54.325787,EEG Wearable,E1:1B:6D:10:62:56,-67,1.2,line_of_sight,3
2026-04-07 19:59:55.152751,EEG Wearable,E1:1B:6D:10:62:56,-69,1.2,line_of_sight,3
2026-04-07 19:59:55.159046,EEG Wearable,E1:1B:6D:10:62:56,-70,1.2,line_of_sight,3
2026-04-07 19:59:55.261460,EEG Wearable,E1:1B:6D:10:62:56,-78,1.2,line_of_sight,3
2026-04-07 19:59:55.264024,EEG Wearable,E1:1B:6D:10:62:56,-78,1.2,line_of_sight,3
2026-04-07 19:59:56.100823,EEG Wearable,E1:1B:6D:10:62:56,-67,1.2,line_of_sight,3
2026-04-07 19:59:56.101788,EEG Wearable,E1:1B:6D:10:62:56,-67,1.2,line_of_sight,3
2026-04-07 19:59:57.162820,EEG Wearable,E1:1B:6D:10:62:56,-68,1.2,line_of_sight,3
2026-04-07 19:59:57.178461,EEG Wearable,E1:1B:6D:10:62:56,-68,1.2,line_of_sight,3
2026-04-07 19:59:57.277663,EEG Wearable,E1:1B:6D:10:62:56,-70,1.2,line_of_sight,3
2026-04-07 19:59:57.280669,EEG Wearable,E1:1B:6D:10:62:56,-70,1.2,line_of_sight,3
2026-04-07 19:59:57.381079,EEG Wearable,E1:1B:6D:10:62:56,-75,1.2,line_of_sight,3
2026-04-07 19:59:57.398584,EEG Wearable,E1:1B:6D:10:62:56,-75,1.2,line_of_sight,3
2026-04-07 19:59:58.322779,EEG Wearable,E1:1B:6D:10:62:56,-70,1.2,line_of_sight,3
2026-04-07 19:59:58.338805,EEG Wearable,E1:1B:6D:10:62:56,-70,1.2,line_of_sight,3
2026-04-07 19:59:59.173308,EEG Wearable,E1:1B:6D:10:62:56,-73,1.2,line_of_sight,3
2026-04-07 19:59:59.176840,EEG Wearable,E1:1B:6D:10:62:56,-73,1.2,line_of_sight,3
2026-04-07 20:00:00.023063,EEG Wearable,E1:1B:6D:10:62:56,-70,1.2,line_of_sight,3
2026-04-07 20:00:00.026591,EEG Wearable,E1:1B:6D:10:62:56,-70,1.2,line_of_sight,3
2026-04-07 20:00:00.114531,EEG Wearable,E1:1B:6D:10:62:56,-68,1.2,line_of_sight,3
2026-04-07 20:00:00.128444,EEG Wearable,E1:1B:6D:10:62:56,-68,1.2,line_of_sight,3
2026-04-07 20:00:00.232961,EEG Wearable,E1:1B:6D:10:62:56,-70,1.2,line_of_sight,3
2026-04-07 20:00:00.332445,EEG Wearable,E1:1B:6D:10:62:56,-68,1.2,line_of_sight,3
2026-04-07 20:00:00.345978,EEG Wearable,E1:1B:6D:10:62:56,-68,1.2,line_of_sight,3
2026-04-07 20:00:01.176158,EEG Wearable,E1:1B:6D:10:62:56,-66,1.2,line_of_sight,3
2026-04-07 20:00:01.191180,EEG Wearable,E1:1B:6D:10:62:56,-66,1.2,line_of_sight,3
2026-04-07 20:00:01.297542,EEG Wearable,E1:1B:6D:10:62:56,-82,1.2,line_of_sight,3
2026-04-07 20:00:01.300554,EEG Wearable,E1:1B:6D:10:62:56,-82,1.2,line_of_sight,3
2026-04-07 20:00:02.031187,EEG Wearable,E1:1B:6D:10:62:56,-76,1.2,line_of_sight,3
2026-04-07 20:00:02.048330,EEG Wearable,E1:1B:6D:10:62:56,-76,1.2,line_of_sight,3
2026-04-07 20:00:02.240960,EEG Wearable,E1:1B:6D:10:62:56,-69,1.2,line_of_sight,3
2026-04-07 20:00:02.290108,EEG Wearable,E1:1B:6D:10:62:56,-69,1.2,line_of_sight,3
2026-04-07 20:00:04.113404,EEG Wearable,E1:1B:6D:10:62:56,-75,1.2,line_of_sight,3
2026-04-07 20:00:04.136033,EEG Wearable,E1:1B:6D:10:62:56,-75,1.2,line_of_sight,3
2026-04-07 20:00:04.972861,EEG Wearable,E1:1B:6D:10:62:56,-67,1.2,line_of_sight,3
2026-04-07 20:00:04.979875,EEG Wearable,E1:1B:6D:10:62:56,-67,1.2,line_of_sight,3
2026-04-07 20:00:05.917482,EEG Wearable,E1:1B:6D:10:62:56,-74,1.2,line_of_sight,3
2026-04-07 20:00:06.845718,EEG Wearable,E1:1B:6D:10:62:56,-69,1.2,line_of_sight,3
2026-04-07 20:00:06.851729,EEG Wearable,E1:1B:6D:10:62:56,-69,1.2,line_of_sight,3
2026-04-07 20:00:06.954112,EEG Wearable,E1:1B:6D:10:62:56,-73,1.2,line_of_sight,3
2026-04-07 20:00:07.677207,EEG Wearable,E1:1B:6D:10:62:56,-72,1.2,line_of_sight,3
2026-04-07 20:00:08.723996,EEG Wearable,E1:1B:6D:10:62:56,-74,1.2,line_of_sight,3
2026-04-07 20:00:09.788630,EEG Wearable,E1:1B:6D:10:62:56,-72,1.2,line_of_sight,3
2026-04-07 20:00:10.627777,EEG Wearable,E1:1B:6D:10:62:56,-69,1.2,line_of_sight,3
2026-04-07 20:00:10.639498,EEG Wearable,E1:1B:6D:10:62:56,-69,1.2,line_of_sight,3
2026-04-07 20:00:10.732213,EEG Wearable,E1:1B:6D:10:62:56,-69,1.2,line_of_sight,3
2026-04-07 20:00:10.744487,EEG Wearable,E1:1B:6D:10:62:56,-69,1.2,line_of_sight,3
2026-04-07 20:02:09.800170,EEG Wearable,E1:1B:6D:10:62:56,-75,1.4,line_of_sight,1
2026-04-07 20:02:09.816180,EEG Wearable,E1:1B:6D:10:62:56,-75,1.4,line_of_sight,1
2026-04-07 20:02:10.748204,EEG Wearable,E1:1B:6D:10:62:56,-65,1.4,line_of_sight,1
2026-04-07 20:02:10.764774,EEG Wearable,E1:1B:6D:10:62:56,-65,1.4,line_of_sight,1
2026-04-07 20:02:11.703845,EEG Wearable,E1:1B:6D:10:62:56,-64,1.4,line_of_sight,1
2026-04-07 20:02:11.708998,EEG Wearable,E1:1B:6D:10:62:56,-64,1.4,line_of_sight,1
2026-04-07 20:02:11.804904,EEG Wearable,E1:1B:6D:10:62:56,-68,1.4,line_of_sight,1
2026-04-07 20:02:11.820638,EEG Wearable,E1:1B:6D:10:62:56,-68,1.4,line_of_sight,1
2026-04-07 20:02:12.658152,EEG Wearable,E1:1B:6D:10:62:56,-76,1.4,line_of_sight,1
2026-04-07 20:02:12.662176,EEG Wearable,E1:1B:6D:10:62:56,-76,1.4,line_of_sight,1
2026-04-07 20:02:12.748170,EEG Wearable,E1:1B:6D:10:62:56,-64,1.4,line_of_sight,1
2026-04-07 20:02:12.768681,EEG Wearable,E1:1B:6D:10:62:56,-64,1.4,line_of_sight,1
2026-04-07 20:02:14.439335,EEG Wearable,E1:1B:6D:10:62:56,-76,1.4,line_of_sight,1
2026-04-07 20:02:14.439335,EEG Wearable,E1:1B:6D:10:62:56,-76,1.4,line_of_sight,1
2026-04-07 20:02:14.535237,EEG Wearable,E1:1B:6D:10:62:56,-62,1.4,line_of_sight,1
2026-04-07 20:02:14.551139,EEG Wearable,E1:1B:6D:10:62:56,-65,1.4,line_of_sight,1
2026-04-07 20:02:14.630545,EEG Wearable,E1:1B:6D:10:62:56,-71,1.4,line_of_sight,1
2026-04-07 20:02:15.478255,EEG Wearable,E1:1B:6D:10:62:56,-75,1.4,line_of_sight,1
2026-04-07 20:02:15.494071,EEG Wearable,E1:1B:6D:10:62:56,-75,1.4,line_of_sight,1
2026-04-07 20:02:15.574114,EEG Wearable,E1:1B:6D:10:62:56,-64,1.4,line_of_sight,1
2026-04-07 20:02:15.590276,EEG Wearable,E1:1B:6D:10:62:56,-64,1.4,line_of_sight,1
2026-04-07 20:02:16.317839,EEG Wearable,E1:1B:6D:10:62:56,-65,1.4,line_of_sight,1
2026-04-07 20:02:16.323825,EEG Wearable,E1:1B:6D:10:62:56,-65,1.4,line_of_sight,1
2026-04-07 20:02:17.234933,EEG Wearable,E1:1B:6D:10:62:56,-78,1.4,line_of_sight,1
2026-04-07 20:02:17.267144,EEG Wearable,E1:1B:6D:10:62:56,-78,1.4,line_of_sight,1
2026-04-07 20:02:17.346613,EEG Wearable,E1:1B:6D:10:62:56,-65,1.4,line_of_sight,1
2026-04-07 20:02:17.362500,EEG Wearable,E1:1B:6D:10:62:56,-65,1.4,line_of_sight,1
2026-04-07 20:02:18.190964,EEG Wearable,E1:1B:6D:10:62:56,-67,1.4,line_of_sight,1
2026-04-07 20:02:18.206712,EEG Wearable,E1:1B:6D:10:62:56,-68,1.4,line_of_sight,1
2026-04-07 20:02:18.303802,EEG Wearable,E1:1B:6D:10:62:56,-74,1.4,line_of_sight,1
2026-04-07 20:02:19.268508,EEG Wearable,E1:1B:6D:10:62:56,-67,1.4,line_of_sight,1
2026-04-07 20:02:19.274135,EEG Wearable,E1:1B:6D:10:62:56,-68,1.4,line_of_sight,1
2026-04-07 20:02:19.364307,EEG Wearable,E1:1B:6D:10:62:56,-83,1.4,line_of_sight,1
2026-04-07 20:02:20.197951,EEG Wearable,E1:1B:6D:10:62:56,-65,1.4,line_of_sight,1
2026-04-07 20:02:20.213834,EEG Wearable,E1:1B:6D:10:62:56,-65,1.4,line_of_sight,1
2026-04-07 20:02:21.040501,EEG Wearable,E1:1B:6D:10:62:56,-67,1.4,line_of_sight,1
2026-04-07 20:02:21.040501,EEG Wearable,E1:1B:6D:10:62:56,-67,1.4,line_of_sight,1
2026-04-07 20:02:21.151857,EEG Wearable,E1:1B:6D:10:62:56,-74,1.4,line_of_sight,1
2026-04-07 20:02:21.166609,EEG Wearable,E1:1B:6D:10:62:56,-74,1.4,line_of_sight,1
2026-04-07 20:02:21.965026,EEG Wearable,E1:1B:6D:10:62:56,-64,1.4,line_of_sight,1
2026-04-07 20:02:21.965026,EEG Wearable,E1:1B:6D:10:62:56,-64,1.4,line_of_sight,1
2026-04-07 20:02:22.677443,EEG Wearable,E1:1B:6D:10:62:56,-64,1.4,line_of_sight,1
2026-04-07 20:02:22.699305,EEG Wearable,E1:1B:6D:10:62:56,-64,1.4,line_of_sight,1
2026-04-07 20:02:22.785356,EEG Wearable,E1:1B:6D:10:62:56,-67,1.4,line_of_sight,1
2026-04-07 20:02:22.789118,EEG Wearable,E1:1B:6D:10:62:56,-67,1.4,line_of_sight,1
2026-04-07 20:02:23.638820,EEG Wearable,E1:1B:6D:10:62:56,-73,1.4,line_of_sight,1
2026-04-07 20:02:24.575601,EEG Wearable,E1:1B:6D:10:62:56,-69,1.4,line_of_sight,1
2026-04-07 20:02:24.591384,EEG Wearable,E1:1B:6D:10:62:56,-69,1.4,line_of_sight,1
2026-04-07 20:02:24.798491,EEG Wearable,E1:1B:6D:10:62:56,-64,1.4,line_of_sight,1
2026-04-07 20:02:24.814454,EEG Wearable,E1:1B:6D:10:62:56,-64,1.4,line_of_sight,1
2026-04-07 20:02:25.644803,EEG Wearable,E1:1B:6D:10:62:56,-68,1.4,line_of_sight,1
2026-04-07 20:02:25.644803,EEG Wearable,E1:1B:6D:10:62:56,-69,1.4,line_of_sight,1
2026-04-07 20:02:25.749049,EEG Wearable,E1:1B:6D:10:62:56,-80,1.4,line_of_sight,1
2026-04-07 20:02:25.764423,EEG Wearable,E1:1B:6D:10:62:56,-80,1.4,line_of_sight,1
2026-04-07 20:02:26.695351,EEG Wearable,E1:1B:6D:10:62:56,-67,1.4,line_of_sight,1
2026-04-07 20:02:26.711304,EEG Wearable,E1:1B:6D:10:62:56,-67,1.4,line_of_sight,1
2026-04-07 20:02:26.791423,EEG Wearable,E1:1B:6D:10:62:56,-74,1.4,line_of_sight,1
2026-04-07 20:02:26.819141,EEG Wearable,E1:1B:6D:10:62:56,-74,1.4,line_of_sight,1
2026-04-07 20:02:27.557196,EEG Wearable,E1:1B:6D:10:62:56,-72,1.4,line_of_sight,1
2026-04-07 20:02:27.557196,EEG Wearable,E1:1B:6D:10:62:56,-72,1.4,line_of_sight,1
2026-04-07 20:02:27.650477,EEG Wearable,E1:1B:6D:10:62:56,-63,1.4,line_of_sight,1
2026-04-07 20:02:27.650477,EEG Wearable,E1:1B:6D:10:62:56,-63,1.4,line_of_sight,1
2026-04-07 20:02:27.763801,EEG Wearable,E1:1B:6D:10:62:56,-66,1.4,line_of_sight,1
2026-04-07 20:02:27.771062,EEG Wearable,E1:1B:6D:10:62:56,-66,1.4,line_of_sight,1
2026-04-07 20:02:28.574047,EEG Wearable,E1:1B:6D:10:62:56,-73,1.4,line_of_sight,1
2026-04-07 20:02:29.433606,EEG Wearable,E1:1B:6D:10:62:56,-64,1.4,line_of_sight,1
2026-04-07 20:02:29.435985,EEG Wearable,E1:1B:6D:10:62:56,-64,1.4,line_of_sight,1
2026-04-07 20:02:29.560300,EEG Wearable,E1:1B:6D:10:62:56,-66,1.4,line_of_sight,1
2026-04-07 20:02:29.560300,EEG Wearable,E1:1B:6D:10:62:56,-66,1.4,line_of_sight,1
2026-04-07 20:02:30.373581,EEG Wearable,E1:1B:6D:10:62:56,-73,1.4,line_of_sight,1
2026-04-07 20:02:30.389266,EEG Wearable,E1:1B:6D:10:62:56,-73,1.4,line_of_sight,1
2026-04-07 20:02:31.316840,EEG Wearable,E1:1B:6D:10:62:56,-68,1.4,line_of_sight,1
2026-04-07 20:02:31.316840,EEG Wearable,E1:1B:6D:10:62:56,-68,1.4,line_of_sight,1
2026-04-07 20:02:31.412237,EEG Wearable,E1:1B:6D:10:62:56,-78,1.4,line_of_sight,1
2026-04-07 20:02:31.428037,EEG Wearable,E1:1B:6D:10:62:56,-78,1.4,line_of_sight,1
2026-04-07 20:02:32.137356,EEG Wearable,E1:1B:6D:10:62:56,-74,1.4,line_of_sight,1
2026-04-07 20:02:32.141388,EEG Wearable,E1:1B:6D:10:62:56,-74,1.4,line_of_sight,1
2026-04-07 20:02:32.864379,EEG Wearable,E1:1B:6D:10:62:56,-74,1.4,line_of_sight,1
2026-04-07 20:02:32.864379,EEG Wearable,E1:1B:6D:10:62:56,-74,1.4,line_of_sight,1
2026-04-07 20:02:33.067385,EEG Wearable,E1:1B:6D:10:62:56,-68,1.4,line_of_sight,1
2026-04-07 20:02:33.084632,EEG Wearable,E1:1B:6D:10:62:56,-68,1.4,line_of_sight,1
2026-04-07 20:02:33.899742,EEG Wearable,E1:1B:6D:10:62:56,-76,1.4,line_of_sight,1
2026-04-07 20:02:33.915612,EEG Wearable,E1:1B:6D:10:62:56,-76,1.4,line_of_sight,1
2026-04-07 20:02:34.009009,EEG Wearable,E1:1B:6D:10:62:56,-64,1.4,line_of_sight,1
2026-04-07 20:02:34.019383,EEG Wearable,E1:1B:6D:10:62:56,-64,1.4,line_of_sight,1
2026-04-07 20:02:35.080932,EEG Wearable,E1:1B:6D:10:62:56,-63,1.4,line_of_sight,1
2026-04-07 20:02:35.092155,EEG Wearable,E1:1B:6D:10:62:56,-63,1.4,line_of_sight,1
2026-04-07 20:02:35.804303,EEG Wearable,E1:1B:6D:10:62:56,-63,1.4,line_of_sight,1
2026-04-07 20:02:35.808334,EEG Wearable,E1:1B:6D:10:62:56,-63,1.4,line_of_sight,1
2026-04-07 20:02:35.906936,EEG Wearable,E1:1B:6D:10:62:56,-67,1.4,line_of_sight,1
2026-04-07 20:02:35.917317,EEG Wearable,E1:1B:6D:10:62:56,-67,1.4,line_of_sight,1
2026-04-07 20:02:36.018675,EEG Wearable,E1:1B:6D:10:62:56,-75,1.4,line_of_sight,1
2026-04-07 20:02:36.034586,EEG Wearable,E1:1B:6D:10:62:56,-75,1.4,line_of_sight,1
2026-04-07 20:02:36.862001,EEG Wearable,E1:1B:6D:10:62:56,-64,1.4,line_of_sight,1
2026-04-07 20:02:36.878124,EEG Wearable,E1:1B:6D:10:62:56,-64,1.4,line_of_sight,1
2026-04-07 20:02:36.974610,EEG Wearable,E1:1B:6D:10:62:56,-70,1.4,line_of_sight,1
2026-04-07 20:02:36.974610,EEG Wearable,E1:1B:6D:10:62:56,-70,1.4,line_of_sight,1
2026-04-07 20:02:37.801442,EEG Wearable,E1:1B:6D:10:62:56,-75,1.4,line_of_sight,1
2026-04-07 20:02:38.865117,EEG Wearable,E1:1B:6D:10:62:56,-78,1.4,line_of_sight,1
2026-04-07 20:03:04.497384,EEG Wearable,E1:1B:6D:10:62:56,-69,1.4,line_of_sight,2
2026-04-07 20:03:04.512726,EEG Wearable,E1:1B:6D:10:62:56,-69,1.4,line_of_sight,2
2026-04-07 20:03:05.223132,EEG Wearable,E1:1B:6D:10:62:56,-67,1.4,line_of_sight,2
2026-04-07 20:03:05.335452,EEG Wearable,E1:1B:6D:10:62:56,-68,1.4,line_of_sight,2
2026-04-07 20:03:05.359661,EEG Wearable,E1:1B:6D:10:62:56,-68,1.4,line_of_sight,2
2026-04-07 20:03:06.391048,EEG Wearable,E1:1B:6D:10:62:56,-66,1.4,line_of_sight,2
2026-04-07 20:03:06.399055,EEG Wearable,E1:1B:6D:10:62:56,-66,1.4,line_of_sight,2
2026-04-07 20:03:07.212510,EEG Wearable,E1:1B:6D:10:62:56,-74,1.4,line_of_sight,2
2026-04-07 20:03:08.073079,EEG Wearable,E1:1B:6D:10:62:56,-64,1.4,line_of_sight,2
2026-04-07 20:03:08.073079,EEG Wearable,E1:1B:6D:10:62:56,-64,1.4,line_of_sight,2
2026-04-07 20:03:08.274538,EEG Wearable,E1:1B:6D:10:62:56,-76,1.4,line_of_sight,2
2026-04-07 20:03:08.904247,EEG Wearable,E1:1B:6D:10:62:56,-68,1.4,line_of_sight,2
2026-04-07 20:03:08.920217,EEG Wearable,E1:1B:6D:10:62:56,-68,1.4,line_of_sight,2
2026-04-07 20:03:11.821066,EEG Wearable,E1:1B:6D:10:62:56,-76,1.4,line_of_sight,2
2026-04-07 20:03:11.821066,EEG Wearable,E1:1B:6D:10:62:56,-76,1.4,line_of_sight,2
2026-04-07 20:03:12.773077,EEG Wearable,E1:1B:6D:10:62:56,-68,1.4,line_of_sight,2
2026-04-07 20:03:12.777365,EEG Wearable,E1:1B:6D:10:62:56,-68,1.4,line_of_sight,2
2026-04-07 20:03:12.875910,EEG Wearable,E1:1B:6D:10:62:56,-76,1.4,line_of_sight,2
2026-04-07 20:03:12.889630,EEG Wearable,E1:1B:6D:10:62:56,-76,1.4,line_of_sight,2
2026-04-07 20:03:13.714417,EEG Wearable,E1:1B:6D:10:62:56,-64,1.4,line_of_sight,2
2026-04-07 20:03:13.723968,EEG Wearable,E1:1B:6D:10:62:56,-64,1.4,line_of_sight,2
2026-04-07 20:03:13.815246,EEG Wearable,E1:1B:6D:10:62:56,-67,1.4,line_of_sight,2
2026-04-07 20:03:13.852800,EEG Wearable,E1:1B:6D:10:62:56,-67,1.4,line_of_sight,2
2026-04-07 20:03:15.724745,EEG Wearable,E1:1B:6D:10:62:56,-75,1.4,line_of_sight,2
2026-04-07 20:03:16.551284,EEG Wearable,E1:1B:6D:10:62:56,-65,1.4,line_of_sight,2
2026-04-07 20:03:16.662916,EEG Wearable,E1:1B:6D:10:62:56,-67,1.4,line_of_sight,2
2026-04-07 20:03:16.692507,EEG Wearable,E1:1B:6D:10:62:56,-67,1.4,line_of_sight,2
2026-04-07 20:03:17.537587,EEG Wearable,E1:1B:6D:10:62:56,-77,1.4,line_of_sight,2
2026-04-07 20:03:17.549598,EEG Wearable,E1:1B:6D:10:62:56,-77,1.4,line_of_sight,2
2026-04-07 20:03:17.636910,EEG Wearable,E1:1B:6D:10:62:56,-65,1.4,line_of_sight,2
2026-04-07 20:03:17.646901,EEG Wearable,E1:1B:6D:10:62:56,-65,1.4,line_of_sight,2
2026-04-07 20:03:18.556236,EEG Wearable,E1:1B:6D:10:62:56,-78,1.4,line_of_sight,2
2026-04-07 20:03:18.569005,EEG Wearable,E1:1B:6D:10:62:56,-78,1.4,line_of_sight,2
2026-04-07 20:03:19.499014,EEG Wearable,E1:1B:6D:10:62:56,-68,1.4,line_of_sight,2
2026-04-07 20:03:19.505013,EEG Wearable,E1:1B:6D:10:62:56,-68,1.4,line_of_sight,2
2026-04-07 20:03:19.608627,EEG Wearable,E1:1B:6D:10:62:56,-84,1.4,line_of_sight,2
2026-04-07 20:03:19.621667,EEG Wearable,E1:1B:6D:10:62:56,-84,1.4,line_of_sight,2
2026-04-07 20:03:20.332572,EEG Wearable,E1:1B:6D:10:62:56,-80,1.4,line_of_sight,2
2026-04-07 20:03:20.349236,EEG Wearable,E1:1B:6D:10:62:56,-80,1.4,line_of_sight,2
2026-04-07 20:03:21.074763,EEG Wearable,E1:1B:6D:10:62:56,-80,1.4,line_of_sight,2
2026-04-07 20:03:21.117856,EEG Wearable,E1:1B:6D:10:62:56,-80,1.4,line_of_sight,2
2026-04-07 20:03:21.165233,EEG Wearable,E1:1B:6D:10:62:56,-66,1.4,line_of_sight,2
2026-04-07 20:03:21.196985,EEG Wearable,E1:1B:6D:10:62:56,-65,1.4,line_of_sight,2
2026-04-07 20:03:21.332565,EEG Wearable,E1:1B:6D:10:62:56,-67,1.4,line_of_sight,2
2026-04-07 20:03:21.334938,EEG Wearable,E1:1B:6D:10:62:56,-67,1.4,line_of_sight,2
2026-04-07 20:03:22.229454,EEG Wearable,E1:1B:6D:10:62:56,-65,1.4,line_of_sight,2
2026-04-07 20:03:23.176123,EEG Wearable,E1:1B:6D:10:62:56,-79,1.4,line_of_sight,2
2026-04-07 20:03:23.279109,EEG Wearable,E1:1B:6D:10:62:56,-65,1.4,line_of_sight,2
2026-04-07 20:03:23.328289,EEG Wearable,E1:1B:6D:10:62:56,-65,1.4,line_of_sight,2
2026-04-07 20:03:24.136691,EEG Wearable,E1:1B:6D:10:62:56,-67,1.4,line_of_sight,2
2026-04-07 20:03:24.145706,EEG Wearable,E1:1B:6D:10:62:56,-67,1.4,line_of_sight,2
2026-04-07 20:03:24.283838,EEG Wearable,E1:1B:6D:10:62:56,-78,1.4,line_of_sight,2
2026-04-07 20:03:25.321472,EEG Wearable,E1:1B:6D:10:62:56,-79,1.4,line_of_sight,2
2026-04-07 20:03:25.334260,EEG Wearable,E1:1B:6D:10:62:56,-79,1.4,line_of_sight,2
2026-04-07 20:03:26.950633,EEG Wearable,E1:1B:6D:10:62:56,-68,1.4,line_of_sight,2
2026-04-07 20:03:26.961631,EEG Wearable,E1:1B:6D:10:62:56,-68,1.4,line_of_sight,2
2026-04-07 20:03:27.061227,EEG Wearable,E1:1B:6D:10:62:56,-79,1.4,line_of_sight,2
2026-04-07 20:03:27.075235,EEG Wearable,E1:1B:6D:10:62:56,-79,1.4,line_of_sight,2
2026-04-07 20:03:27.869025,EEG Wearable,E1:1B:6D:10:62:56,-65,1.4,line_of_sight,2
2026-04-07 20:03:27.899208,EEG Wearable,E1:1B:6D:10:62:56,-65,1.4,line_of_sight,2
2026-04-07 20:03:28.830435,EEG Wearable,E1:1B:6D:10:62:56,-83,1.4,line_of_sight,2
2026-04-07 20:03:28.842830,EEG Wearable,E1:1B:6D:10:62:56,-83,1.4,line_of_sight,2
2026-04-07 20:03:29.653446,EEG Wearable,E1:1B:6D:10:62:56,-64,1.4,line_of_sight,2
2026-04-07 20:03:29.666543,EEG Wearable,E1:1B:6D:10:62:56,-64,1.4,line_of_sight,2
2026-04-07 20:03:29.769157,EEG Wearable,E1:1B:6D:10:62:56,-69,1.4,line_of_sight,2
2026-04-07 20:03:29.782223,EEG Wearable,E1:1B:6D:10:62:56,-69,1.4,line_of_sight,2
2026-04-07 20:03:30.716222,EEG Wearable,E1:1B:6D:10:62:56,-65,1.4,line_of_sight,2
2026-04-07 20:03:30.716222,EEG Wearable,E1:1B:6D:10:62:56,-65,1.4,line_of_sight,2
2026-04-07 20:03:31.674979,EEG Wearable,E1:1B:6D:10:62:56,-76,1.4,line_of_sight,2
2026-04-07 20:03:31.775547,EEG Wearable,E1:1B:6D:10:62:56,-64,1.4,line_of_sight,2
2026-04-07 20:03:31.787969,EEG Wearable,E1:1B:6D:10:62:56,-64,1.4,line_of_sight,2
2026-04-07 20:03:32.745305,EEG Wearable,E1:1B:6D:10:62:56,-77,1.4,line_of_sight,2
2026-04-07 20:03:32.748719,EEG Wearable,E1:1B:6D:10:62:56,-77,1.4,line_of_sight,2
2026-04-07 20:03:33.689777,EEG Wearable,E1:1B:6D:10:62:56,-67,1.4,line_of_sight,2
2026-04-07 20:03:33.693775,EEG Wearable,E1:1B:6D:10:62:56,-67,1.4,line_of_sight,2
2026-04-07 20:03:33.789872,EEG Wearable,E1:1B:6D:10:62:56,-77,1.4,line_of_sight,2
2026-04-07 20:03:33.811473,EEG Wearable,E1:1B:6D:10:62:56,-77,1.4,line_of_sight,2
2026-04-07 20:03:38.665054,EEG Wearable,E1:1B:6D:10:62:56,-67,1.4,line_of_sight,3
2026-04-07 20:03:38.674749,EEG Wearable,E1:1B:6D:10:62:56,-67,1.4,line_of_sight,3
2026-04-07 20:03:38.764160,EEG Wearable,E1:1B:6D:10:62:56,-80,1.4,line_of_sight,3
2026-04-07 20:03:38.774757,EEG Wearable,E1:1B:6D:10:62:56,-80,1.4,line_of_sight,3
2026-04-07 20:03:39.634082,EEG Wearable,E1:1B:6D:10:62:56,-65,1.4,line_of_sight,3
2026-04-07 20:03:39.643757,EEG Wearable,E1:1B:6D:10:62:56,-65,1.4,line_of_sight,3
2026-04-07 20:03:40.549962,EEG Wearable,E1:1B:6D:10:62:56,-78,1.4,line_of_sight,3
2026-04-07 20:03:41.508698,EEG Wearable,E1:1B:6D:10:62:56,-70,1.4,line_of_sight,3
2026-04-07 20:03:41.517160,EEG Wearable,E1:1B:6D:10:62:56,-70,1.4,line_of_sight,3
2026-04-07 20:03:42.227965,EEG Wearable,E1:1B:6D:10:62:56,-70,1.4,line_of_sight,3
2026-04-07 20:03:42.234973,EEG Wearable,E1:1B:6D:10:62:56,-70,1.4,line_of_sight,3
2026-04-07 20:03:42.355326,EEG Wearable,E1:1B:6D:10:62:56,-79,1.4,line_of_sight,3
2026-04-07 20:03:42.377755,EEG Wearable,E1:1B:6D:10:62:56,-79,1.4,line_of_sight,3
2026-04-07 20:03:42.539467,EEG Wearable,E1:1B:6D:10:62:56,-69,1.4,line_of_sight,3
2026-04-07 20:03:42.568712,EEG Wearable,E1:1B:6D:10:62:56,-69,1.4,line_of_sight,3
2026-04-07 20:03:43.412613,EEG Wearable,E1:1B:6D:10:62:56,-81,1.4,line_of_sight,3
2026-04-07 20:03:43.508580,EEG Wearable,E1:1B:6D:10:62:56,-64,1.4,line_of_sight,3
2026-04-07 20:03:43.516682,EEG Wearable,E1:1B:6D:10:62:56,-64,1.4,line_of_sight,3
2026-04-07 20:03:44.315333,EEG Wearable,E1:1B:6D:10:62:56,-69,1.4,line_of_sight,3
2026-04-07 20:03:44.345596,EEG Wearable,E1:1B:6D:10:62:56,-69,1.4,line_of_sight,3
2026-04-07 20:03:45.142362,EEG Wearable,E1:1B:6D:10:62:56,-76,1.4,line_of_sight,3
2026-04-07 20:03:45.161895,EEG Wearable,E1:1B:6D:10:62:56,-75,1.4,line_of_sight,3
2026-04-07 20:03:47.026792,EEG Wearable,E1:1B:6D:10:62:56,-66,1.4,line_of_sight,3
2026-04-07 20:03:47.063218,EEG Wearable,E1:1B:6D:10:62:56,-66,1.4,line_of_sight,3
2026-04-07 20:03:48.024949,EEG Wearable,E1:1B:6D:10:62:56,-76,1.4,line_of_sight,3
2026-04-07 20:03:48.037889,EEG Wearable,E1:1B:6D:10:62:56,-76,1.4,line_of_sight,3
2026-04-07 20:03:48.948692,EEG Wearable,E1:1B:6D:10:62:56,-71,1.4,line_of_sight,3
2026-04-07 20:03:48.960235,EEG Wearable,E1:1B:6D:10:62:56,-71,1.4,line_of_sight,3
2026-04-07 20:03:49.757191,EEG Wearable,E1:1B:6D:10:62:56,-78,1.4,line_of_sight,3
2026-04-07 20:03:50.709465,EEG Wearable,E1:1B:6D:10:62:56,-68,1.4,line_of_sight,3
2026-04-07 20:03:50.805165,EEG Wearable,E1:1B:6D:10:62:56,-71,1.4,line_of_sight,3
2026-04-07 20:03:50.842705,EEG Wearable,E1:1B:6D:10:62:56,-71,1.4,line_of_sight,3
2026-04-07 20:03:51.528389,EEG Wearable,E1:1B:6D:10:62:56,-72,1.4,line_of_sight,3
2026-04-07 20:03:51.559419,EEG Wearable,E1:1B:6D:10:62:56,-72,1.4,line_of_sight,3
2026-04-07 20:03:52.639235,EEG Wearable,E1:1B:6D:10:62:56,-76,1.4,line_of_sight,3
2026-04-07 20:03:53.408318,EEG Wearable,E1:1B:6D:10:62:56,-68,1.4,line_of_sight,3
2026-04-07 20:03:53.434388,EEG Wearable,E1:1B:6D:10:62:56,-68,1.4,line_of_sight,3
2026-04-07 20:03:53.520172,EEG Wearable,E1:1B:6D:10:62:56,-69,1.4,line_of_sight,3
2026-04-07 20:03:53.561267,EEG Wearable,E1:1B:6D:10:62:56,-69,1.4,line_of_sight,3
2026-04-07 20:03:54.382541,EEG Wearable,E1:1B:6D:10:62:56,-77,1.4,line_of_sight,3
2026-04-07 20:03:54.390531,EEG Wearable,E1:1B:6D:10:62:56,-77,1.4,line_of_sight,3
2026-04-07 20:03:55.295548,EEG Wearable,E1:1B:6D:10:62:56,-68,1.4,line_of_sight,3
2026-04-07 20:03:55.333992,EEG Wearable,E1:1B:6D:10:62:56,-68,1.4,line_of_sight,3
2026-04-07 20:03:56.242129,EEG Wearable,E1:1B:6D:10:62:56,-67,1.4,line_of_sight,3
2026-04-07 20:03:56.280220,EEG Wearable,E1:1B:6D:10:62:56,-67,1.4,line_of_sight,3
2026-04-07 20:03:57.090544,EEG Wearable,E1:1B:6D:10:62:56,-68,1.4,line_of_sight,3
2026-04-07 20:03:57.134664,EEG Wearable,E1:1B:6D:10:62:56,-68,1.4,line_of_sight,3
2026-04-07 20:03:58.009546,EEG Wearable,E1:1B:6D:10:62:56,-67,1.4,line_of_sight,3
2026-04-07 20:03:58.042317,EEG Wearable,E1:1B:6D:10:62:56,-67,1.4,line_of_sight,3
2026-04-07 20:03:58.843171,EEG Wearable,E1:1B:6D:10:62:56,-68,1.4,line_of_sight,3
2026-04-07 20:03:58.880921,EEG Wearable,E1:1B:6D:10:62:56,-68,1.4,line_of_sight,3
2026-04-07 20:03:59.687129,EEG Wearable,E1:1B:6D:10:62:56,-75,1.4,line_of_sight,3
2026-04-07 20:03:59.696372,EEG Wearable,E1:1B:6D:10:62:56,-76,1.4,line_of_sight,3
2026-04-07 20:03:59.782494,EEG Wearable,E1:1B:6D:10:62:56,-67,1.4,line_of_sight,3
2026-04-07 20:04:00.533347,EEG Wearable,E1:1B:6D:10:62:56,-66,1.4,line_of_sight,3
2026-04-07 20:04:00.539349,EEG Wearable,E1:1B:6D:10:62:56,-66,1.4,line_of_sight,3
2026-04-07 20:04:00.645031,EEG Wearable,E1:1B:6D:10:62:56,-67,1.4,line_of_sight,3
2026-04-07 20:04:00.655031,EEG Wearable,E1:1B:6D:10:62:56,-67,1.4,line_of_sight,3
2026-04-07 20:04:01.693952,EEG Wearable,E1:1B:6D:10:62:56,-67,1.4,line_of_sight,3
2026-04-07 20:04:01.706903,EEG Wearable,E1:1B:6D:10:62:56,-67,1.4,line_of_sight,3
2026-04-07 20:04:01.788383,EEG Wearable,E1:1B:6D:10:62:56,-76,1.4,line_of_sight,3
2026-04-07 20:04:01.819734,EEG Wearable,E1:1B:6D:10:62:56,-76,1.4,line_of_sight,3
2026-04-07 20:04:02.620986,EEG Wearable,E1:1B:6D:10:62:56,-65,1.4,line_of_sight,3
2026-04-07 20:04:03.474978,EEG Wearable,E1:1B:6D:10:62:56,-67,1.4,line_of_sight,3
2026-04-07 20:04:03.484992,EEG Wearable,E1:1B:6D:10:62:56,-67,1.4,line_of_sight,3
2026-04-07 20:04:03.573472,EEG Wearable,E1:1B:6D:10:62:56,-77,1.4,line_of_sight,3
2026-04-07 20:04:03.617045,EEG Wearable,E1:1B:6D:10:62:56,-77,1.4,line_of_sight,3
2026-04-07 20:04:04.541245,EEG Wearable,E1:1B:6D:10:62:56,-66,1.4,line_of_sight,3
2026-04-07 20:04:04.552154,EEG Wearable,E1:1B:6D:10:62:56,-66,1.4,line_of_sight,3
2026-04-07 20:04:04.630880,EEG Wearable,E1:1B:6D:10:62:56,-77,1.4,line_of_sight,3
2026-04-07 20:04:05.470780,EEG Wearable,E1:1B:6D:10:62:56,-65,1.4,line_of_sight,3
2026-04-07 20:04:05.506875,EEG Wearable,E1:1B:6D:10:62:56,-65,1.4,line_of_sight,3
2026-04-07 20:04:05.618978,EEG Wearable,E1:1B:6D:10:62:56,-66,1.4,line_of_sight,3
2026-04-07 20:04:05.629968,EEG Wearable,E1:1B:6D:10:62:56,-66,1.4,line_of_sight,3
2026-04-07 20:04:06.518263,EEG Wearable,E1:1B:6D:10:62:56,-65,1.4,line_of_sight,3
2026-04-07 20:04:06.548966,EEG Wearable,E1:1B:6D:10:62:56,-65,1.4,line_of_sight,3
2026-04-07 20:08:40.789169,EEG Wearable,E1:1B:6D:10:62:56,-76,1.6,line_of_sight,1
2026-04-07 20:08:40.799276,EEG Wearable,E1:1B:6D:10:62:56,-76,1.6,line_of_sight,1
2026-04-07 20:08:41.732573,EEG Wearable,E1:1B:6D:10:62:56,-82,1.6,line_of_sight,1
2026-04-07 20:08:41.732573,EEG Wearable,E1:1B:6D:10:62:56,-83,1.6,line_of_sight,1
2026-04-07 20:08:44.465388,EEG Wearable,E1:1B:6D:10:62:56,-84,1.6,line_of_sight,1
2026-04-07 20:08:44.473384,EEG Wearable,E1:1B:6D:10:62:56,-84,1.6,line_of_sight,1
2026-04-07 20:08:44.576618,EEG Wearable,E1:1B:6D:10:62:56,-74,1.6,line_of_sight,1
2026-04-07 20:08:44.576618,EEG Wearable,E1:1B:6D:10:62:56,-74,1.6,line_of_sight,1
2026-04-07 20:08:46.128767,EEG Wearable,E1:1B:6D:10:62:56,-83,1.6,line_of_sight,1
2026-04-07 20:08:46.144503,EEG Wearable,E1:1B:6D:10:62:56,-83,1.6,line_of_sight,1
2026-04-07 20:08:47.280715,EEG Wearable,E1:1B:6D:10:62:56,-80,1.6,line_of_sight,1
2026-04-07 20:08:47.290645,EEG Wearable,E1:1B:6D:10:62:56,-80,1.6,line_of_sight,1
2026-04-07 20:08:48.135677,EEG Wearable,E1:1B:6D:10:62:56,-73,1.6,line_of_sight,1
2026-04-07 20:08:48.231413,EEG Wearable,E1:1B:6D:10:62:56,-78,1.6,line_of_sight,1
2026-04-07 20:08:48.231413,EEG Wearable,E1:1B:6D:10:62:56,-77,1.6,line_of_sight,1
2026-04-07 20:08:48.740310,EEG Wearable,E1:1B:6D:10:62:56,-84,1.6,line_of_sight,1
2026-04-07 20:08:48.740310,EEG Wearable,E1:1B:6D:10:62:56,-84,1.6,line_of_sight,1
2026-04-07 20:08:48.975122,EEG Wearable,E1:1B:6D:10:62:56,-77,1.6,line_of_sight,1
2026-04-07 20:08:49.060306,EEG Wearable,E1:1B:6D:10:62:56,-84,1.6,line_of_sight,1
2026-04-07 20:08:49.060306,EEG Wearable,E1:1B:6D:10:62:56,-83,1.6,line_of_sight,1
2026-04-07 20:08:50.016864,EEG Wearable,E1:1B:6D:10:62:56,-76,1.6,line_of_sight,1
2026-04-07 20:08:50.032374,EEG Wearable,E1:1B:6D:10:62:56,-76,1.6,line_of_sight,1
2026-04-07 20:08:50.133248,EEG Wearable,E1:1B:6D:10:62:56,-85,1.6,line_of_sight,1
2026-04-07 20:08:50.144426,EEG Wearable,E1:1B:6D:10:62:56,-85,1.6,line_of_sight,1
2026-04-07 20:08:50.240543,EEG Wearable,E1:1B:6D:10:62:56,-73,1.6,line_of_sight,1
2026-04-07 20:08:50.256377,EEG Wearable,E1:1B:6D:10:62:56,-73,1.6,line_of_sight,1
2026-04-07 20:08:51.079216,EEG Wearable,E1:1B:6D:10:62:56,-78,1.6,line_of_sight,1
2026-04-07 20:08:51.178303,EEG Wearable,E1:1B:6D:10:62:56,-85,1.6,line_of_sight,1
2026-04-07 20:08:51.194226,EEG Wearable,E1:1B:6D:10:62:56,-85,1.6,line_of_sight,1
2026-04-07 20:08:51.910999,EEG Wearable,E1:1B:6D:10:62:56,-91,1.6,line_of_sight,1
2026-04-07 20:08:51.910999,EEG Wearable,E1:1B:6D:10:62:56,-91,1.6,line_of_sight,1
2026-04-07 20:08:52.022641,EEG Wearable,E1:1B:6D:10:62:56,-74,1.6,line_of_sight,1
2026-04-07 20:08:52.022641,EEG Wearable,E1:1B:6D:10:62:56,-74,1.6,line_of_sight,1
2026-04-07 20:08:52.120469,EEG Wearable,E1:1B:6D:10:62:56,-76,1.6,line_of_sight,1
2026-04-07 20:08:52.946864,EEG Wearable,E1:1B:6D:10:62:56,-83,1.6,line_of_sight,1
2026-04-07 20:08:52.973171,EEG Wearable,E1:1B:6D:10:62:56,-83,1.6,line_of_sight,1
2026-04-07 20:08:53.800130,EEG Wearable,E1:1B:6D:10:62:56,-74,1.6,line_of_sight,1
2026-04-07 20:08:53.800130,EEG Wearable,E1:1B:6D:10:62:56,-74,1.6,line_of_sight,1
2026-04-07 20:08:54.618210,EEG Wearable,E1:1B:6D:10:62:56,-72,1.6,line_of_sight,1
2026-04-07 20:08:54.634025,EEG Wearable,E1:1B:6D:10:62:56,-74,1.6,line_of_sight,1
2026-04-07 20:08:54.752210,EEG Wearable,E1:1B:6D:10:62:56,-80,1.6,line_of_sight,1
2026-04-07 20:08:55.781761,EEG Wearable,E1:1B:6D:10:62:56,-80,1.6,line_of_sight,1
2026-04-07 20:08:55.781761,EEG Wearable,E1:1B:6D:10:62:56,-80,1.6,line_of_sight,1
2026-04-07 20:08:56.419095,EEG Wearable,E1:1B:6D:10:62:56,-76,1.6,line_of_sight,1
2026-04-07 20:08:56.435050,EEG Wearable,E1:1B:6D:10:62:56,-76,1.6,line_of_sight,1
2026-04-07 20:08:56.851818,EEG Wearable,E1:1B:6D:10:62:56,-81,1.6,line_of_sight,1
2026-04-07 20:08:56.851818,EEG Wearable,E1:1B:6D:10:62:56,-81,1.6,line_of_sight,1
2026-04-07 20:08:57.916933,EEG Wearable,E1:1B:6D:10:62:56,-81,1.6,line_of_sight,1
2026-04-07 20:08:57.927400,EEG Wearable,E1:1B:6D:10:62:56,-81,1.6,line_of_sight,1
2026-04-07 20:08:58.747717,EEG Wearable,E1:1B:6D:10:62:56,-73,1.6,line_of_sight,1
2026-04-07 20:08:58.763527,EEG Wearable,E1:1B:6D:10:62:56,-73,1.6,line_of_sight,1
2026-04-07 20:08:58.859431,EEG Wearable,E1:1B:6D:10:62:56,-78,1.6,line_of_sight,1
2026-04-07 20:08:58.869772,EEG Wearable,E1:1B:6D:10:62:56,-78,1.6,line_of_sight,1
2026-04-07 20:08:59.820287,EEG Wearable,E1:1B:6D:10:62:56,-74,1.6,line_of_sight,1
2026-04-07 20:09:00.761869,EEG Wearable,E1:1B:6D:10:62:56,-82,1.6,line_of_sight,1
2026-04-07 20:09:00.772259,EEG Wearable,E1:1B:6D:10:62:56,-82,1.6,line_of_sight,1
2026-04-07 20:09:01.722264,EEG Wearable,E1:1B:6D:10:62:56,-83,1.6,line_of_sight,1
2026-04-07 20:09:01.723778,EEG Wearable,E1:1B:6D:10:62:56,-83,1.6,line_of_sight,1
2026-04-07 20:09:01.813230,EEG Wearable,E1:1B:6D:10:62:56,-84,1.6,line_of_sight,1
2026-04-07 20:09:01.823877,EEG Wearable,E1:1B:6D:10:62:56,-84,1.6,line_of_sight,1
2026-04-07 20:09:02.649363,EEG Wearable,E1:1B:6D:10:62:56,-73,1.6,line_of_sight,1
2026-04-07 20:09:03.597114,EEG Wearable,E1:1B:6D:10:62:56,-79,1.6,line_of_sight,1
2026-04-07 20:09:03.693476,EEG Wearable,E1:1B:6D:10:62:56,-72,1.6,line_of_sight,1
2026-04-07 20:09:03.720211,EEG Wearable,E1:1B:6D:10:62:56,-72,1.6,line_of_sight,1
2026-04-07 20:09:04.668635,EEG Wearable,E1:1B:6D:10:62:56,-83,1.6,line_of_sight,1
2026-04-07 20:09:04.668635,EEG Wearable,E1:1B:6D:10:62:56,-83,1.6,line_of_sight,1
2026-04-07 20:09:04.765309,EEG Wearable,E1:1B:6D:10:62:56,-73,1.6,line_of_sight,1
2026-04-07 20:09:04.780678,EEG Wearable,E1:1B:6D:10:62:56,-73,1.6,line_of_sight,1
2026-04-07 20:09:05.391040,EEG Wearable,E1:1B:6D:10:62:56,-80,1.6,line_of_sight,1
2026-04-07 20:09:05.599949,EEG Wearable,E1:1B:6D:10:62:56,-72,1.6,line_of_sight,1
2026-04-07 20:09:05.616052,EEG Wearable,E1:1B:6D:10:62:56,-72,1.6,line_of_sight,1
2026-04-07 20:09:06.420405,EEG Wearable,E1:1B:6D:10:62:56,-83,1.6,line_of_sight,1
2026-04-07 20:09:07.479519,EEG Wearable,E1:1B:6D:10:62:56,-87,1.6,line_of_sight,1
2026-04-07 20:09:07.495557,EEG Wearable,E1:1B:6D:10:62:56,-87,1.6,line_of_sight,1
2026-04-07 20:09:08.329870,EEG Wearable,E1:1B:6D:10:62:56,-74,1.6,line_of_sight,1
2026-04-07 20:09:08.329870,EEG Wearable,E1:1B:6D:10:62:56,-74,1.6,line_of_sight,1
2026-04-07 20:09:09.495218,EEG Wearable,E1:1B:6D:10:62:56,-81,1.6,line_of_sight,1
2026-04-07 20:09:09.511161,EEG Wearable,E1:1B:6D:10:62:56,-81,1.6,line_of_sight,1
2026-04-07 20:09:09.606967,EEG Wearable,E1:1B:6D:10:62:56,-91,1.6,line_of_sight,1
2026-04-07 20:09:09.617382,EEG Wearable,E1:1B:6D:10:62:56,-90,1.6,line_of_sight,1
2026-04-07 20:09:10.339569,EEG Wearable,E1:1B:6D:10:62:56,-84,1.6,line_of_sight,1
2026-04-07 20:09:10.339569,EEG Wearable,E1:1B:6D:10:62:56,-84,1.6,line_of_sight,1
2026-04-07 20:09:10.450914,EEG Wearable,E1:1B:6D:10:62:56,-74,1.6,line_of_sight,1
2026-04-07 20:09:10.453050,EEG Wearable,E1:1B:6D:10:62:56,-74,1.6,line_of_sight,1
2026-04-07 20:09:52.747610,EEG Wearable,E1:1B:6D:10:62:56,-81,1.6,line_of_sight,2
2026-04-07 20:09:52.759608,EEG Wearable,E1:1B:6D:10:62:56,-81,1.6,line_of_sight,2
2026-04-07 20:09:52.847082,EEG Wearable,E1:1B:6D:10:62:56,-75,1.6,line_of_sight,2
2026-04-07 20:09:52.865501,EEG Wearable,E1:1B:6D:10:62:56,-75,1.6,line_of_sight,2
2026-04-07 20:09:53.715776,EEG Wearable,E1:1B:6D:10:62:56,-75,1.6,line_of_sight,2
2026-04-07 20:09:53.719209,EEG Wearable,E1:1B:6D:10:62:56,-75,1.6,line_of_sight,2
2026-04-07 20:09:55.581348,EEG Wearable,E1:1B:6D:10:62:56,-88,1.6,line_of_sight,2
2026-04-07 20:09:55.611901,EEG Wearable,E1:1B:6D:10:62:56,-88,1.6,line_of_sight,2
2026-04-07 20:09:56.593874,EEG Wearable,E1:1B:6D:10:62:56,-74,1.6,line_of_sight,2
2026-04-07 20:09:56.601897,EEG Wearable,E1:1B:6D:10:62:56,-74,1.6,line_of_sight,2
2026-04-07 20:09:56.672398,EEG Wearable,E1:1B:6D:10:62:56,-83,1.6,line_of_sight,2
2026-04-07 20:09:56.680914,EEG Wearable,E1:1B:6D:10:62:56,-83,1.6,line_of_sight,2
2026-04-07 20:09:56.747104,EEG Wearable,E1:1B:6D:10:62:56,-77,1.6,line_of_sight,2
2026-04-07 20:09:56.774616,EEG Wearable,E1:1B:6D:10:62:56,-77,1.6,line_of_sight,2
2026-04-07 20:09:57.408259,EEG Wearable,E1:1B:6D:10:62:56,-83,1.6,line_of_sight,2
2026-04-07 20:09:57.416151,EEG Wearable,E1:1B:6D:10:62:56,-83,1.6,line_of_sight,2
2026-04-07 20:09:57.727060,EEG Wearable,E1:1B:6D:10:62:56,-84,1.6,line_of_sight,2
2026-04-07 20:09:57.736065,EEG Wearable,E1:1B:6D:10:62:56,-84,1.6,line_of_sight,2
2026-04-07 20:09:57.816677,EEG Wearable,E1:1B:6D:10:62:56,-77,1.6,line_of_sight,2
2026-04-07 20:09:57.843684,EEG Wearable,E1:1B:6D:10:62:56,-77,1.6,line_of_sight,2
2026-04-07 20:09:58.664128,EEG Wearable,E1:1B:6D:10:62:56,-74,1.6,line_of_sight,2
2026-04-07 20:09:58.675648,EEG Wearable,E1:1B:6D:10:62:56,-74,1.6,line_of_sight,2
2026-04-07 20:09:59.603177,EEG Wearable,E1:1B:6D:10:62:56,-77,1.6,line_of_sight,2
2026-04-07 20:09:59.627762,EEG Wearable,E1:1B:6D:10:62:56,-77,1.6,line_of_sight,2
2026-04-07 20:10:00.534544,EEG Wearable,E1:1B:6D:10:62:56,-81,1.6,line_of_sight,2
2026-04-07 20:10:00.560736,EEG Wearable,E1:1B:6D:10:62:56,-81,1.6,line_of_sight,2
2026-04-07 20:10:01.601944,EEG Wearable,E1:1B:6D:10:62:56,-84,1.6,line_of_sight,2
2026-04-07 20:10:01.622220,EEG Wearable,E1:1B:6D:10:62:56,-84,1.6,line_of_sight,2
2026-04-07 20:10:02.663255,EEG Wearable,E1:1B:6D:10:62:56,-79,1.6,line_of_sight,2
2026-04-07 20:10:02.707218,EEG Wearable,E1:1B:6D:10:62:56,-79,1.6,line_of_sight,2
2026-04-07 20:10:03.717846,EEG Wearable,E1:1B:6D:10:62:56,-77,1.6,line_of_sight,2
2026-04-07 20:10:04.812887,EEG Wearable,E1:1B:6D:10:62:56,-77,1.6,line_of_sight,2
2026-04-07 20:10:05.533322,EEG Wearable,E1:1B:6D:10:62:56,-81,1.6,line_of_sight,2
2026-04-07 20:10:05.634172,EEG Wearable,E1:1B:6D:10:62:56,-81,1.6,line_of_sight,2
2026-04-07 20:10:05.642166,EEG Wearable,E1:1B:6D:10:62:56,-81,1.6,line_of_sight,2
2026-04-07 20:10:06.446859,EEG Wearable,E1:1B:6D:10:62:56,-75,1.6,line_of_sight,2
2026-04-07 20:10:07.391271,EEG Wearable,E1:1B:6D:10:62:56,-81,1.6,line_of_sight,2
2026-04-07 20:10:08.337253,EEG Wearable,E1:1B:6D:10:62:56,-81,1.6,line_of_sight,2
2026-04-07 20:10:08.360426,EEG Wearable,E1:1B:6D:10:62:56,-81,1.6,line_of_sight,2
2026-04-07 20:10:09.280587,EEG Wearable,E1:1B:6D:10:62:56,-74,1.6,line_of_sight,2
2026-04-07 20:10:09.306455,EEG Wearable,E1:1B:6D:10:62:56,-74,1.6,line_of_sight,2
2026-04-07 20:10:10.132918,EEG Wearable,E1:1B:6D:10:62:56,-91,1.6,line_of_sight,2
2026-04-07 20:10:10.142036,EEG Wearable,E1:1B:6D:10:62:56,-92,1.6,line_of_sight,2
2026-04-07 20:10:10.220408,EEG Wearable,E1:1B:6D:10:62:56,-85,1.6,line_of_sight,2
2026-04-07 20:10:10.251230,EEG Wearable,E1:1B:6D:10:62:56,-85,1.6,line_of_sight,2
2026-04-07 20:10:11.061689,EEG Wearable,E1:1B:6D:10:62:56,-73,1.6,line_of_sight,2
2026-04-07 20:10:11.092112,EEG Wearable,E1:1B:6D:10:62:56,-73,1.6,line_of_sight,2
2026-04-07 20:10:11.172888,EEG Wearable,E1:1B:6D:10:62:56,-83,1.6,line_of_sight,2
2026-04-07 20:10:11.210411,EEG Wearable,E1:1B:6D:10:62:56,-84,1.6,line_of_sight,2
2026-04-07 20:10:12.136114,EEG Wearable,E1:1B:6D:10:62:56,-75,1.6,line_of_sight,2
2026-04-07 20:10:12.227217,EEG Wearable,E1:1B:6D:10:62:56,-85,1.6,line_of_sight,2
2026-04-07 20:10:12.261485,EEG Wearable,E1:1B:6D:10:62:56,-85,1.6,line_of_sight,2
2026-04-07 20:10:12.946141,EEG Wearable,E1:1B:6D:10:62:56,-83,1.6,line_of_sight,2
2026-04-07 20:10:12.980009,EEG Wearable,E1:1B:6D:10:62:56,-83,1.6,line_of_sight,2
2026-04-07 20:10:13.053288,EEG Wearable,E1:1B:6D:10:62:56,-80,1.6,line_of_sight,2
2026-04-07 20:10:13.092995,EEG Wearable,E1:1B:6D:10:62:56,-80,1.6,line_of_sight,2
2026-04-07 20:10:13.900748,EEG Wearable,E1:1B:6D:10:62:56,-74,1.6,line_of_sight,2
2026-04-07 20:10:13.909747,EEG Wearable,E1:1B:6D:10:62:56,-74,1.6,line_of_sight,2
2026-04-07 20:10:14.513773,EEG Wearable,E1:1B:6D:10:62:56,-81,1.6,line_of_sight,2
2026-04-07 20:10:14.760503,EEG Wearable,E1:1B:6D:10:62:56,-82,1.6,line_of_sight,2
2026-04-07 20:10:14.832821,EEG Wearable,E1:1B:6D:10:62:56,-81,1.6,line_of_sight,2
2026-04-07 20:10:14.859384,EEG Wearable,E1:1B:6D:10:62:56,-81,1.6,line_of_sight,2
2026-04-07 20:10:16.637304,EEG Wearable,E1:1B:6D:10:62:56,-83,1.6,line_of_sight,2
2026-04-07 20:10:16.645295,EEG Wearable,E1:1B:6D:10:62:56,-83,1.6,line_of_sight,2
2026-04-07 20:10:16.748590,EEG Wearable,E1:1B:6D:10:62:56,-73,1.6,line_of_sight,2
2026-04-07 20:10:17.665833,EEG Wearable,E1:1B:6D:10:62:56,-79,1.6,line_of_sight,2
2026-04-07 20:10:17.700819,EEG Wearable,E1:1B:6D:10:62:56,-79,1.6,line_of_sight,2
2026-04-07 20:10:17.779699,EEG Wearable,E1:1B:6D:10:62:56,-72,1.6,line_of_sight,2
2026-04-07 20:10:17.808658,EEG Wearable,E1:1B:6D:10:62:56,-72,1.6,line_of_sight,2
2026-04-07 20:10:19.468236,EEG Wearable,E1:1B:6D:10:62:56,-85,1.6,line_of_sight,2
2026-04-07 20:10:19.473366,EEG Wearable,E1:1B:6D:10:62:56,-85,1.6,line_of_sight,2
2026-04-07 20:10:19.541288,EEG Wearable,E1:1B:6D:10:62:56,-73,1.6,line_of_sight,2
2026-04-07 20:10:20.284608,EEG Wearable,E1:1B:6D:10:62:56,-73,1.6,line_of_sight,2
2026-04-07 20:10:20.300796,EEG Wearable,E1:1B:6D:10:62:56,-73,1.6,line_of_sight,2
2026-04-07 20:10:20.379338,EEG Wearable,E1:1B:6D:10:62:56,-90,1.6,line_of_sight,2
2026-04-07 20:10:20.411081,EEG Wearable,E1:1B:6D:10:62:56,-91,1.6,line_of_sight,2
2026-04-07 20:10:21.432599,EEG Wearable,E1:1B:6D:10:62:56,-83,1.6,line_of_sight,2
2026-04-07 20:10:21.444541,EEG Wearable,E1:1B:6D:10:62:56,-84,1.6,line_of_sight,2
2026-04-07 20:10:22.268661,EEG Wearable,E1:1B:6D:10:62:56,-82,1.6,line_of_sight,2
2026-04-07 20:10:46.390086,EEG Wearable,E1:1B:6D:10:62:56,-82,1.6,line_of_sight,3
2026-04-07 20:10:46.394085,EEG Wearable,E1:1B:6D:10:62:56,-82,1.6,line_of_sight,3
2026-04-07 20:10:48.284478,EEG Wearable,E1:1B:6D:10:62:56,-74,1.6,line_of_sight,3
2026-04-07 20:10:48.396565,EEG Wearable,E1:1B:6D:10:62:56,-79,1.6,line_of_sight,3
2026-04-07 20:10:49.363376,EEG Wearable,E1:1B:6D:10:62:56,-73,1.6,line_of_sight,3
2026-04-07 20:10:49.370488,EEG Wearable,E1:1B:6D:10:62:56,-73,1.6,line_of_sight,3
2026-04-07 20:10:49.435908,EEG Wearable,E1:1B:6D:10:62:56,-79,1.6,line_of_sight,3
2026-04-07 20:10:50.079561,EEG Wearable,E1:1B:6D:10:62:56,-73,1.6,line_of_sight,3
2026-04-07 20:10:50.087581,EEG Wearable,E1:1B:6D:10:62:56,-73,1.6,line_of_sight,3
2026-04-07 20:10:50.185863,EEG Wearable,E1:1B:6D:10:62:56,-80,1.6,line_of_sight,3
2026-04-07 20:10:50.193872,EEG Wearable,E1:1B:6D:10:62:56,-79,1.6,line_of_sight,3
2026-04-07 20:10:50.265498,EEG Wearable,E1:1B:6D:10:62:56,-83,1.6,line_of_sight,3
2026-04-07 20:10:51.023877,EEG Wearable,E1:1B:6D:10:62:56,-84,1.6,line_of_sight,3
2026-04-07 20:10:51.032875,EEG Wearable,E1:1B:6D:10:62:56,-84,1.6,line_of_sight,3
2026-04-07 20:10:51.349284,EEG Wearable,E1:1B:6D:10:62:56,-84,1.6,line_of_sight,3
2026-04-07 20:10:51.360073,EEG Wearable,E1:1B:6D:10:62:56,-85,1.6,line_of_sight,3
2026-04-07 20:10:51.446785,EEG Wearable,E1:1B:6D:10:62:56,-73,1.6,line_of_sight,3
2026-04-07 20:10:51.477531,EEG Wearable,E1:1B:6D:10:62:56,-73,1.6,line_of_sight,3
2026-04-07 20:10:52.413133,EEG Wearable,E1:1B:6D:10:62:56,-84,1.6,line_of_sight,3
2026-04-07 20:10:52.424267,EEG Wearable,E1:1B:6D:10:62:56,-84,1.6,line_of_sight,3
2026-04-07 20:10:53.134721,EEG Wearable,E1:1B:6D:10:62:56,-82,1.6,line_of_sight,3
2026-04-07 20:10:53.143738,EEG Wearable,E1:1B:6D:10:62:56,-82,1.6,line_of_sight,3
2026-04-07 20:10:53.214656,EEG Wearable,E1:1B:6D:10:62:56,-73,1.6,line_of_sight,3
2026-04-07 20:10:53.240152,EEG Wearable,E1:1B:6D:10:62:56,-73,1.6,line_of_sight,3
2026-04-07 20:10:53.945546,EEG Wearable,E1:1B:6D:10:62:56,-73,1.6,line_of_sight,3
2026-04-07 20:10:53.953558,EEG Wearable,E1:1B:6D:10:62:56,-73,1.6,line_of_sight,3
2026-04-07 20:10:54.056589,EEG Wearable,E1:1B:6D:10:62:56,-81,1.6,line_of_sight,3
2026-04-07 20:10:54.871886,EEG Wearable,E1:1B:6D:10:62:56,-82,1.6,line_of_sight,3
2026-04-07 20:10:54.878881,EEG Wearable,E1:1B:6D:10:62:56,-82,1.6,line_of_sight,3
2026-04-07 20:10:55.980075,EEG Wearable,E1:1B:6D:10:62:56,-83,1.6,line_of_sight,3
2026-04-07 20:10:55.980075,EEG Wearable,E1:1B:6D:10:62:56,-83,1.6,line_of_sight,3
2026-04-07 20:10:57.026945,EEG Wearable,E1:1B:6D:10:62:56,-80,1.6,line_of_sight,3
2026-04-07 20:10:57.036312,EEG Wearable,E1:1B:6D:10:62:56,-80,1.6,line_of_sight,3
2026-04-07 20:10:57.944371,EEG Wearable,E1:1B:6D:10:62:56,-79,1.6,line_of_sight,3
2026-04-07 20:10:58.712454,EEG Wearable,E1:1B:6D:10:62:56,-78,1.6,line_of_sight,3
2026-04-07 20:10:58.719985,EEG Wearable,E1:1B:6D:10:62:56,-78,1.6,line_of_sight,3
2026-04-07 20:10:58.913295,EEG Wearable,E1:1B:6D:10:62:56,-74,1.6,line_of_sight,3
2026-04-07 20:10:59.757602,EEG Wearable,E1:1B:6D:10:62:56,-77,1.6,line_of_sight,3
2026-04-07 20:10:59.767865,EEG Wearable,E1:1B:6D:10:62:56,-77,1.6,line_of_sight,3
2026-04-07 20:10:59.836843,EEG Wearable,E1:1B:6D:10:62:56,-79,1.6,line_of_sight,3
2026-04-07 20:11:00.713804,EEG Wearable,E1:1B:6D:10:62:56,-74,1.6,line_of_sight,3
2026-04-07 20:11:00.724326,EEG Wearable,E1:1B:6D:10:62:56,-74,1.6,line_of_sight,3
2026-04-07 20:11:01.548075,EEG Wearable,E1:1B:6D:10:62:56,-77,1.6,line_of_sight,3
2026-04-07 20:11:01.613070,EEG Wearable,E1:1B:6D:10:62:56,-80,1.6,line_of_sight,3
2026-04-07 20:11:01.630532,EEG Wearable,E1:1B:6D:10:62:56,-80,1.6,line_of_sight,3
2026-04-07 20:11:01.713889,EEG Wearable,E1:1B:6D:10:62:56,-74,1.6,line_of_sight,3
2026-04-07 20:11:01.748770,EEG Wearable,E1:1B:6D:10:62:56,-74,1.6,line_of_sight,3
2026-04-07 20:11:02.449620,EEG Wearable,E1:1B:6D:10:62:56,-71,1.6,line_of_sight,3
2026-04-07 20:11:02.549890,EEG Wearable,E1:1B:6D:10:62:56,-79,1.6,line_of_sight,3
2026-04-07 20:11:02.575694,EEG Wearable,E1:1B:6D:10:62:56,-78,1.6,line_of_sight,3
2026-04-07 20:11:03.521492,EEG Wearable,E1:1B:6D:10:62:56,-74,1.6,line_of_sight,3
2026-04-07 20:11:03.533491,EEG Wearable,E1:1B:6D:10:62:56,-74,1.6,line_of_sight,3
2026-04-07 20:11:03.603662,EEG Wearable,E1:1B:6D:10:62:56,-77,1.6,line_of_sight,3
2026-04-07 20:11:04.441828,EEG Wearable,E1:1B:6D:10:62:56,-83,1.6,line_of_sight,3
2026-04-07 20:11:04.468744,EEG Wearable,E1:1B:6D:10:62:56,-83,1.6,line_of_sight,3
2026-04-07 20:11:05.101805,EEG Wearable,E1:1B:6D:10:62:56,-78,1.6,line_of_sight,3
2026-04-07 20:11:05.279700,EEG Wearable,E1:1B:6D:10:62:56,-73,1.6,line_of_sight,3
2026-04-07 20:11:05.384972,EEG Wearable,E1:1B:6D:10:62:56,-78,1.6,line_of_sight,3
2026-04-07 20:11:06.363966,EEG Wearable,E1:1B:6D:10:62:56,-73,1.6,line_of_sight,3
2026-04-07 20:11:06.451869,EEG Wearable,E1:1B:6D:10:62:56,-81,1.6,line_of_sight,3
2026-04-07 20:11:06.476146,EEG Wearable,E1:1B:6D:10:62:56,-81,1.6,line_of_sight,3
2026-04-07 20:11:07.427177,EEG Wearable,E1:1B:6D:10:62:56,-73,1.6,line_of_sight,3
2026-04-07 20:11:07.435177,EEG Wearable,E1:1B:6D:10:62:56,-73,1.6,line_of_sight,3
2026-04-07 20:11:08.332303,EEG Wearable,E1:1B:6D:10:62:56,-78,1.6,line_of_sight,3
2026-04-07 20:11:08.344292,EEG Wearable,E1:1B:6D:10:62:56,-78,1.6,line_of_sight,3
2026-04-07 20:11:09.275112,EEG Wearable,E1:1B:6D:10:62:56,-79,1.6,line_of_sight,3
2026-04-07 20:11:10.048423,EEG Wearable,E1:1B:6D:10:62:56,-82,1.6,line_of_sight,3
2026-04-07 20:11:10.058600,EEG Wearable,E1:1B:6D:10:62:56,-82,1.6,line_of_sight,3
2026-04-07 20:11:10.146358,EEG Wearable,E1:1B:6D:10:62:56,-89,1.6,line_of_sight,3
2026-04-07 20:11:10.158494,EEG Wearable,E1:1B:6D:10:62:56,-88,1.6,line_of_sight,3
2026-04-07 20:11:10.222847,EEG Wearable,E1:1B:6D:10:62:56,-74,1.6,line_of_sight,3
2026-04-07 20:11:10.256566,EEG Wearable,E1:1B:6D:10:62:56,-74,1.6,line_of_sight,3
2026-04-07 20:11:11.084496,EEG Wearable,E1:1B:6D:10:62:56,-85,1.6,line_of_sight,3
2026-04-07 20:11:11.094485,EEG Wearable,E1:1B:6D:10:62:56,-85,1.6,line_of_sight,3
2026-04-07 20:11:11.189114,EEG Wearable,E1:1B:6D:10:62:56,-81,1.6,line_of_sight,3
2026-04-07 20:11:11.198107,EEG Wearable,E1:1B:6D:10:62:56,-81,1.6,line_of_sight,3
2026-04-07 20:11:12.035178,EEG Wearable,E1:1B:6D:10:62:56,-74,1.6,line_of_sight,3
2026-04-07 20:11:12.045179,EEG Wearable,E1:1B:6D:10:62:56,-74,1.6,line_of_sight,3
2026-04-07 20:11:12.115503,EEG Wearable,E1:1B:6D:10:62:56,-81,1.6,line_of_sight,3
2026-04-07 20:11:12.138139,EEG Wearable,E1:1B:6D:10:62:56,-82,1.6,line_of_sight,3
2026-04-07 20:11:14.828615,EEG Wearable,E1:1B:6D:10:62:56,-72,1.6,line_of_sight,3
2026-04-07 20:11:14.840619,EEG Wearable,E1:1B:6D:10:62:56,-72,1.6,line_of_sight,3
2026-04-07 20:11:15.665393,EEG Wearable,E1:1B:6D:10:62:56,-84,1.6,line_of_sight,3
2026-04-07 20:11:15.667406,EEG Wearable,E1:1B:6D:10:62:56,-84,1.6,line_of_sight,3
2026-04-07 20:13:05.755898,EEG Wearable,E1:1B:6D:10:62:56,-76,1.8,line_of_sight,1
2026-04-07 20:13:05.768340,EEG Wearable,E1:1B:6D:10:62:56,-76,1.8,line_of_sight,1
2026-04-07 20:13:05.860301,EEG Wearable,E1:1B:6D:10:62:56,-75,1.8,line_of_sight,1
2026-04-07 20:13:05.871928,EEG Wearable,E1:1B:6D:10:62:56,-75,1.8,line_of_sight,1
2026-04-07 20:13:06.819018,EEG Wearable,E1:1B:6D:10:62:56,-75,1.8,line_of_sight,1
2026-04-07 20:13:06.833278,EEG Wearable,E1:1B:6D:10:62:56,-75,1.8,line_of_sight,1
2026-04-07 20:13:07.646373,EEG Wearable,E1:1B:6D:10:62:56,-77,1.8,line_of_sight,1
2026-04-07 20:13:07.755498,EEG Wearable,E1:1B:6D:10:62:56,-76,1.8,line_of_sight,1
2026-04-07 20:13:07.759498,EEG Wearable,E1:1B:6D:10:62:56,-76,1.8,line_of_sight,1
2026-04-07 20:13:08.585802,EEG Wearable,E1:1B:6D:10:62:56,-74,1.8,line_of_sight,1
2026-04-07 20:13:08.599212,EEG Wearable,E1:1B:6D:10:62:56,-73,1.8,line_of_sight,1
2026-04-07 20:13:09.302073,EEG Wearable,E1:1B:6D:10:62:56,-74,1.8,line_of_sight,1
2026-04-07 20:13:09.316305,EEG Wearable,E1:1B:6D:10:62:56,-74,1.8,line_of_sight,1
2026-04-07 20:13:09.403635,EEG Wearable,E1:1B:6D:10:62:56,-78,1.8,line_of_sight,1
2026-04-07 20:13:09.418432,EEG Wearable,E1:1B:6D:10:62:56,-78,1.8,line_of_sight,1
2026-04-07 20:13:10.379067,EEG Wearable,E1:1B:6D:10:62:56,-74,1.8,line_of_sight,1
2026-04-07 20:13:10.385774,EEG Wearable,E1:1B:6D:10:62:56,-74,1.8,line_of_sight,1
2026-04-07 20:13:11.431658,EEG Wearable,E1:1B:6D:10:62:56,-75,1.8,line_of_sight,1
2026-04-07 20:13:11.447175,EEG Wearable,E1:1B:6D:10:62:56,-75,1.8,line_of_sight,1
2026-04-07 20:13:12.486538,EEG Wearable,E1:1B:6D:10:62:56,-74,1.8,line_of_sight,1
2026-04-07 20:13:12.504712,EEG Wearable,E1:1B:6D:10:62:56,-74,1.8,line_of_sight,1
2026-04-07 20:13:13.326546,EEG Wearable,E1:1B:6D:10:62:56,-74,1.8,line_of_sight,1
2026-04-07 20:13:13.341748,EEG Wearable,E1:1B:6D:10:62:56,-74,1.8,line_of_sight,1
2026-04-07 20:13:14.268053,EEG Wearable,E1:1B:6D:10:62:56,-74,1.8,line_of_sight,1
2026-04-07 20:13:14.272780,EEG Wearable,E1:1B:6D:10:62:56,-74,1.8,line_of_sight,1
2026-04-07 20:13:14.365850,EEG Wearable,E1:1B:6D:10:62:56,-73,1.8,line_of_sight,1
2026-04-07 20:13:14.996128,EEG Wearable,E1:1B:6D:10:62:56,-73,1.8,line_of_sight,1
2026-04-07 20:13:15.011049,EEG Wearable,E1:1B:6D:10:62:56,-73,1.8,line_of_sight,1
2026-04-07 20:13:15.213200,EEG Wearable,E1:1B:6D:10:62:56,-74,1.8,line_of_sight,1
2026-04-07 20:13:15.229137,EEG Wearable,E1:1B:6D:10:62:56,-74,1.8,line_of_sight,1
2026-04-07 20:13:15.315750,EEG Wearable,E1:1B:6D:10:62:56,-78,1.8,line_of_sight,1
2026-04-07 20:13:15.338084,EEG Wearable,E1:1B:6D:10:62:56,-78,1.8,line_of_sight,1
2026-04-07 20:13:16.319909,EEG Wearable,E1:1B:6D:10:62:56,-74,1.8,line_of_sight,1
2026-04-07 20:13:16.323910,EEG Wearable,E1:1B:6D:10:62:56,-74,1.8,line_of_sight,1
2026-04-07 20:13:16.402594,EEG Wearable,E1:1B:6D:10:62:56,-76,1.8,line_of_sight,1
2026-04-07 20:13:16.406605,EEG Wearable,E1:1B:6D:10:62:56,-76,1.8,line_of_sight,1
2026-04-07 20:13:16.500196,EEG Wearable,E1:1B:6D:10:62:56,-74,1.8,line_of_sight,1
2026-04-07 20:13:17.451660,EEG Wearable,E1:1B:6D:10:62:56,-76,1.8,line_of_sight,1
2026-04-07 20:13:17.457400,EEG Wearable,E1:1B:6D:10:62:56,-76,1.8,line_of_sight,1
2026-04-07 20:13:18.191090,EEG Wearable,E1:1B:6D:10:62:56,-81,1.8,line_of_sight,1
2026-04-07 20:13:18.207546,EEG Wearable,E1:1B:6D:10:62:56,-81,1.8,line_of_sight,1
2026-04-07 20:13:18.407667,EEG Wearable,E1:1B:6D:10:62:56,-80,1.8,line_of_sight,1
2026-04-07 20:13:18.411831,EEG Wearable,E1:1B:6D:10:62:56,-80,1.8,line_of_sight,1
2026-04-07 20:13:20.175573,EEG Wearable,E1:1B:6D:10:62:56,-82,1.8,line_of_sight,1
2026-04-07 20:13:20.190578,EEG Wearable,E1:1B:6D:10:62:56,-82,1.8,line_of_sight,1
2026-04-07 20:13:20.279102,EEG Wearable,E1:1B:6D:10:62:56,-75,1.8,line_of_sight,1
2026-04-07 20:13:20.296839,EEG Wearable,E1:1B:6D:10:62:56,-75,1.8,line_of_sight,1
2026-04-07 20:13:22.077136,EEG Wearable,E1:1B:6D:10:62:56,-74,1.8,line_of_sight,1
2026-04-07 20:13:22.095572,EEG Wearable,E1:1B:6D:10:62:56,-74,1.8,line_of_sight,1
2026-04-07 20:13:22.170773,EEG Wearable,E1:1B:6D:10:62:56,-75,1.8,line_of_sight,1
2026-04-07 20:13:22.278845,EEG Wearable,E1:1B:6D:10:62:56,-79,1.8,line_of_sight,1
2026-04-07 20:13:23.309499,EEG Wearable,E1:1B:6D:10:62:56,-76,1.8,line_of_sight,1
2026-04-07 20:13:23.325275,EEG Wearable,E1:1B:6D:10:62:56,-75,1.8,line_of_sight,1
2026-04-07 20:13:23.350811,EEG Wearable,E1:1B:6D:10:62:56,-79,1.8,line_of_sight,1
2026-04-07 20:13:23.355795,EEG Wearable,E1:1B:6D:10:62:56,-79,1.8,line_of_sight,1
2026-04-07 20:13:24.194934,EEG Wearable,E1:1B:6D:10:62:56,-74,1.8,line_of_sight,1
2026-04-07 20:13:24.210044,EEG Wearable,E1:1B:6D:10:62:56,-74,1.8,line_of_sight,1
2026-04-07 20:13:24.298903,EEG Wearable,E1:1B:6D:10:62:56,-74,1.8,line_of_sight,1
2026-04-07 20:13:25.146982,EEG Wearable,E1:1B:6D:10:62:56,-79,1.8,line_of_sight,1
2026-04-07 20:13:25.162683,EEG Wearable,E1:1B:6D:10:62:56,-80,1.8,line_of_sight,1
2026-04-07 20:13:25.262387,EEG Wearable,E1:1B:6D:10:62:56,-74,1.8,line_of_sight,1
2026-04-07 20:13:25.266501,EEG Wearable,E1:1B:6D:10:62:56,-74,1.8,line_of_sight,1
2026-04-07 20:13:25.355062,EEG Wearable,E1:1B:6D:10:62:56,-75,1.8,line_of_sight,1
2026-04-07 20:13:26.206532,EEG Wearable,E1:1B:6D:10:62:56,-80,1.8,line_of_sight,1
2026-04-07 20:13:26.210571,EEG Wearable,E1:1B:6D:10:62:56,-81,1.8,line_of_sight,1
2026-04-07 20:13:27.155742,EEG Wearable,E1:1B:6D:10:62:56,-75,1.8,line_of_sight,1
2026-04-07 20:13:27.160855,EEG Wearable,E1:1B:6D:10:62:56,-75,1.8,line_of_sight,1
2026-04-07 20:13:27.265684,EEG Wearable,E1:1B:6D:10:62:56,-84,1.8,line_of_sight,1
2026-04-07 20:13:27.269731,EEG Wearable,E1:1B:6D:10:62:56,-84,1.8,line_of_sight,1
2026-04-07 20:13:28.307995,EEG Wearable,E1:1B:6D:10:62:56,-80,1.8,line_of_sight,1
2026-04-07 20:13:28.323118,EEG Wearable,E1:1B:6D:10:62:56,-81,1.8,line_of_sight,1
2026-04-07 20:13:29.380178,EEG Wearable,E1:1B:6D:10:62:56,-81,1.8,line_of_sight,1
2026-04-07 20:13:29.396709,EEG Wearable,E1:1B:6D:10:62:56,-82,1.8,line_of_sight,1
2026-04-07 20:13:31.280653,EEG Wearable,E1:1B:6D:10:62:56,-76,1.8,line_of_sight,1
2026-04-07 20:13:31.284659,EEG Wearable,E1:1B:6D:10:62:56,-76,1.8,line_of_sight,1
2026-04-07 20:13:31.378705,EEG Wearable,E1:1B:6D:10:62:56,-74,1.8,line_of_sight,1
2026-04-07 20:13:32.326982,EEG Wearable,E1:1B:6D:10:62:56,-76,1.8,line_of_sight,1
2026-04-07 20:13:32.343081,EEG Wearable,E1:1B:6D:10:62:56,-76,1.8,line_of_sight,1
2026-04-07 20:13:33.306258,EEG Wearable,E1:1B:6D:10:62:56,-81,1.8,line_of_sight,1
2026-04-07 20:13:33.310322,EEG Wearable,E1:1B:6D:10:62:56,-81,1.8,line_of_sight,1
2026-04-07 20:13:33.401269,EEG Wearable,E1:1B:6D:10:62:56,-78,1.8,line_of_sight,1
2026-04-07 20:13:33.406269,EEG Wearable,E1:1B:6D:10:62:56,-78,1.8,line_of_sight,1
2026-04-07 20:13:34.210179,EEG Wearable,E1:1B:6D:10:62:56,-71,1.8,line_of_sight,1
2026-04-07 20:13:34.841905,EEG Wearable,E1:1B:6D:10:62:56,-78,1.8,line_of_sight,1
2026-04-07 20:13:34.841905,EEG Wearable,E1:1B:6D:10:62:56,-78,1.8,line_of_sight,1
2026-04-07 20:13:34.948787,EEG Wearable,E1:1B:6D:10:62:56,-72,1.8,line_of_sight,1
2026-04-07 20:13:42.607822,EEG Wearable,E1:1B:6D:10:62:56,-79,1.8,line_of_sight,2
2026-04-07 20:13:42.621648,EEG Wearable,E1:1B:6D:10:62:56,-79,1.8,line_of_sight,2
2026-04-07 20:13:42.713672,EEG Wearable,E1:1B:6D:10:62:56,-72,1.8,line_of_sight,2
2026-04-07 20:13:43.663196,EEG Wearable,E1:1B:6D:10:62:56,-78,1.8,line_of_sight,2
2026-04-07 20:13:43.679616,EEG Wearable,E1:1B:6D:10:62:56,-78,1.8,line_of_sight,2
2026-04-07 20:13:44.498276,EEG Wearable,E1:1B:6D:10:62:56,-72,1.8,line_of_sight,2
2026-04-07 20:13:44.523612,EEG Wearable,E1:1B:6D:10:62:56,-72,1.8,line_of_sight,2
2026-04-07 20:13:44.602354,EEG Wearable,E1:1B:6D:10:62:56,-81,1.8,line_of_sight,2
2026-04-07 20:13:44.620500,EEG Wearable,E1:1B:6D:10:62:56,-81,1.8,line_of_sight,2
2026-04-07 20:13:45.476191,EEG Wearable,E1:1B:6D:10:62:56,-79,1.8,line_of_sight,2
2026-04-07 20:13:45.480708,EEG Wearable,E1:1B:6D:10:62:56,-79,1.8,line_of_sight,2
2026-04-07 20:13:45.556760,EEG Wearable,E1:1B:6D:10:62:56,-72,1.8,line_of_sight,2
2026-04-07 20:13:46.395991,EEG Wearable,E1:1B:6D:10:62:56,-80,1.8,line_of_sight,2
2026-04-07 20:13:46.408049,EEG Wearable,E1:1B:6D:10:62:56,-81,1.8,line_of_sight,2
2026-04-07 20:13:47.346622,EEG Wearable,E1:1B:6D:10:62:56,-72,1.8,line_of_sight,2
2026-04-07 20:13:47.348457,EEG Wearable,E1:1B:6D:10:62:56,-72,1.8,line_of_sight,2
2026-04-07 20:13:47.455297,EEG Wearable,E1:1B:6D:10:62:56,-79,1.8,line_of_sight,2
2026-04-07 20:13:47.456445,EEG Wearable,E1:1B:6D:10:62:56,-79,1.8,line_of_sight,2
2026-04-07 20:13:49.340674,EEG Wearable,E1:1B:6D:10:62:56,-78,1.8,line_of_sight,2
2026-04-07 20:13:52.419696,EEG Wearable,E1:1B:6D:10:62:56,-75,1.8,line_of_sight,2
2026-04-07 20:13:53.246585,EEG Wearable,E1:1B:6D:10:62:56,-75,1.8,line_of_sight,2
2026-04-07 20:13:53.257916,EEG Wearable,E1:1B:6D:10:62:56,-75,1.8,line_of_sight,2
2026-04-07 20:13:53.345627,EEG Wearable,E1:1B:6D:10:62:56,-71,1.8,line_of_sight,2
2026-04-07 20:13:53.355548,EEG Wearable,E1:1B:6D:10:62:56,-71,1.8,line_of_sight,2
2026-04-07 20:13:54.322752,EEG Wearable,E1:1B:6D:10:62:56,-74,1.8,line_of_sight,2
2026-04-07 20:13:54.326854,EEG Wearable,E1:1B:6D:10:62:56,-74,1.8,line_of_sight,2
2026-04-07 20:13:54.411188,EEG Wearable,E1:1B:6D:10:62:56,-71,1.8,line_of_sight,2
2026-04-07 20:13:54.425437,EEG Wearable,E1:1B:6D:10:62:56,-71,1.8,line_of_sight,2
2026-04-07 20:13:57.283796,EEG Wearable,E1:1B:6D:10:62:56,-71,1.8,line_of_sight,2
2026-04-07 20:13:57.299846,EEG Wearable,E1:1B:6D:10:62:56,-71,1.8,line_of_sight,2
2026-04-07 20:13:58.323944,EEG Wearable,E1:1B:6D:10:62:56,-71,1.8,line_of_sight,2
2026-04-07 20:13:58.339580,EEG Wearable,E1:1B:6D:10:62:56,-71,1.8,line_of_sight,2
2026-04-07 20:13:58.431497,EEG Wearable,E1:1B:6D:10:62:56,-75,1.8,line_of_sight,2
2026-04-07 20:13:58.446862,EEG Wearable,E1:1B:6D:10:62:56,-75,1.8,line_of_sight,2
2026-04-07 20:13:59.195360,EEG Wearable,E1:1B:6D:10:62:56,-74,1.8,line_of_sight,2
2026-04-07 20:13:59.200363,EEG Wearable,E1:1B:6D:10:62:56,-74,1.8,line_of_sight,2
2026-04-07 20:13:59.785847,EEG Wearable,E1:1B:6D:10:62:56,-72,1.8,line_of_sight,2
2026-04-07 20:13:59.803464,EEG Wearable,E1:1B:6D:10:62:56,-72,1.8,line_of_sight,2
2026-04-07 20:14:00.105202,EEG Wearable,E1:1B:6D:10:62:56,-72,1.8,line_of_sight,2
2026-04-07 20:14:00.109311,EEG Wearable,E1:1B:6D:10:62:56,-72,1.8,line_of_sight,2
2026-04-07 20:14:00.228837,EEG Wearable,E1:1B:6D:10:62:56,-75,1.8,line_of_sight,2
2026-04-07 20:14:00.251318,EEG Wearable,E1:1B:6D:10:62:56,-75,1.8,line_of_sight,2
2026-04-07 20:14:00.324184,EEG Wearable,E1:1B:6D:10:62:56,-75,1.8,line_of_sight,2
2026-04-07 20:14:00.329828,EEG Wearable,E1:1B:6D:10:62:56,-76,1.8,line_of_sight,2
2026-04-07 20:14:01.161146,EEG Wearable,E1:1B:6D:10:62:56,-72,1.8,line_of_sight,2
2026-04-07 20:14:01.176680,EEG Wearable,E1:1B:6D:10:62:56,-72,1.8,line_of_sight,2
2026-04-07 20:14:01.263461,EEG Wearable,E1:1B:6D:10:62:56,-74,1.8,line_of_sight,2
2026-04-07 20:14:01.277977,EEG Wearable,E1:1B:6D:10:62:56,-75,1.8,line_of_sight,2
2026-04-07 20:14:02.224027,EEG Wearable,E1:1B:6D:10:62:56,-72,1.8,line_of_sight,2
2026-04-07 20:14:02.229168,EEG Wearable,E1:1B:6D:10:62:56,-72,1.8,line_of_sight,2
2026-04-07 20:14:03.058338,EEG Wearable,E1:1B:6D:10:62:56,-74,1.8,line_of_sight,2
2026-04-07 20:14:03.062970,EEG Wearable,E1:1B:6D:10:62:56,-74,1.8,line_of_sight,2
2026-04-07 20:14:03.157771,EEG Wearable,E1:1B:6D:10:62:56,-77,1.8,line_of_sight,2
2026-04-07 20:14:03.173412,EEG Wearable,E1:1B:6D:10:62:56,-77,1.8,line_of_sight,2
2026-04-07 20:14:03.996288,EEG Wearable,E1:1B:6D:10:62:56,-72,1.8,line_of_sight,2
2026-04-07 20:14:04.013631,EEG Wearable,E1:1B:6D:10:62:56,-72,1.8,line_of_sight,2
2026-04-07 20:14:04.114716,EEG Wearable,E1:1B:6D:10:62:56,-74,1.8,line_of_sight,2
2026-04-07 20:14:04.119711,EEG Wearable,E1:1B:6D:10:62:56,-75,1.8,line_of_sight,2
2026-04-07 20:14:04.954023,EEG Wearable,E1:1B:6D:10:62:56,-76,1.8,line_of_sight,2
2026-04-07 20:14:04.959023,EEG Wearable,E1:1B:6D:10:62:56,-76,1.8,line_of_sight,2
2026-04-07 20:14:05.044665,EEG Wearable,E1:1B:6D:10:62:56,-71,1.8,line_of_sight,2
2026-04-07 20:14:06.010528,EEG Wearable,E1:1B:6D:10:62:56,-75,1.8,line_of_sight,2
2026-04-07 20:14:06.029468,EEG Wearable,E1:1B:6D:10:62:56,-75,1.8,line_of_sight,2
2026-04-07 20:14:07.050950,EEG Wearable,E1:1B:6D:10:62:56,-76,1.8,line_of_sight,2
2026-04-07 20:14:07.067524,EEG Wearable,E1:1B:6D:10:62:56,-76,1.8,line_of_sight,2
2026-04-07 20:14:07.926104,EEG Wearable,E1:1B:6D:10:62:56,-71,1.8,line_of_sight,2
2026-04-07 20:14:07.992348,EEG Wearable,E1:1B:6D:10:62:56,-74,1.8,line_of_sight,2
2026-04-07 20:14:08.058809,EEG Wearable,E1:1B:6D:10:62:56,-75,1.8,line_of_sight,2
2026-04-07 20:14:08.842044,EEG Wearable,E1:1B:6D:10:62:56,-75,1.8,line_of_sight,2
2026-04-07 20:14:08.850152,EEG Wearable,E1:1B:6D:10:62:56,-75,1.8,line_of_sight,2
2026-04-07 20:14:09.691146,EEG Wearable,E1:1B:6D:10:62:56,-72,1.8,line_of_sight,2
2026-04-07 20:14:10.865119,EEG Wearable,E1:1B:6D:10:62:56,-71,1.8,line_of_sight,2
2026-04-07 20:14:10.875405,EEG Wearable,E1:1B:6D:10:62:56,-71,1.8,line_of_sight,2
2026-04-07 20:14:21.220736,EEG Wearable,E1:1B:6D:10:62:56,-78,1.8,line_of_sight,3
2026-04-07 20:14:22.048139,EEG Wearable,E1:1B:6D:10:62:56,-74,1.8,line_of_sight,3
2026-04-07 20:14:22.061141,EEG Wearable,E1:1B:6D:10:62:56,-74,1.8,line_of_sight,3
2026-04-07 20:14:22.779397,EEG Wearable,E1:1B:6D:10:62:56,-74,1.8,line_of_sight,3
2026-04-07 20:14:22.782459,EEG Wearable,E1:1B:6D:10:62:56,-74,1.8,line_of_sight,3
2026-04-07 20:14:24.882610,EEG Wearable,E1:1B:6D:10:62:56,-72,1.8,line_of_sight,3
2026-04-07 20:14:25.733813,EEG Wearable,E1:1B:6D:10:62:56,-83,1.8,line_of_sight,3
2026-04-07 20:14:25.753054,EEG Wearable,E1:1B:6D:10:62:56,-83,1.8,line_of_sight,3
2026-04-07 20:14:25.838376,EEG Wearable,E1:1B:6D:10:62:56,-74,1.8,line_of_sight,3
2026-04-07 20:14:25.851512,EEG Wearable,E1:1B:6D:10:62:56,-74,1.8,line_of_sight,3
2026-04-07 20:14:25.947393,EEG Wearable,E1:1B:6D:10:62:56,-74,1.8,line_of_sight,3
2026-04-07 20:14:26.915273,EEG Wearable,E1:1B:6D:10:62:56,-72,1.8,line_of_sight,3
2026-04-07 20:14:26.919272,EEG Wearable,E1:1B:6D:10:62:56,-72,1.8,line_of_sight,3
2026-04-07 20:14:27.732698,EEG Wearable,E1:1B:6D:10:62:56,-72,1.8,line_of_sight,3
2026-04-07 20:14:27.749983,EEG Wearable,E1:1B:6D:10:62:56,-72,1.8,line_of_sight,3
2026-04-07 20:14:29.510315,EEG Wearable,E1:1B:6D:10:62:56,-71,1.8,line_of_sight,3
2026-04-07 20:14:29.517165,EEG Wearable,E1:1B:6D:10:62:56,-71,1.8,line_of_sight,3
2026-04-07 20:14:30.462656,EEG Wearable,E1:1B:6D:10:62:56,-74,1.8,line_of_sight,3
2026-04-07 20:14:30.465164,EEG Wearable,E1:1B:6D:10:62:56,-74,1.8,line_of_sight,3
2026-04-07 20:14:31.400012,EEG Wearable,E1:1B:6D:10:62:56,-73,1.8,line_of_sight,3
2026-04-07 20:14:31.408133,EEG Wearable,E1:1B:6D:10:62:56,-74,1.8,line_of_sight,3
2026-04-07 20:14:32.226171,EEG Wearable,E1:1B:6D:10:62:56,-75,1.8,line_of_sight,3
2026-04-07 20:14:32.228475,EEG Wearable,E1:1B:6D:10:62:56,-75,1.8,line_of_sight,3
2026-04-07 20:14:33.283317,EEG Wearable,E1:1B:6D:10:62:56,-75,1.8,line_of_sight,3
2026-04-07 20:14:33.296323,EEG Wearable,E1:1B:6D:10:62:56,-76,1.8,line_of_sight,3
2026-04-07 20:14:34.213663,EEG Wearable,E1:1B:6D:10:62:56,-74,1.8,line_of_sight,3
2026-04-07 20:14:34.224203,EEG Wearable,E1:1B:6D:10:62:56,-74,1.8,line_of_sight,3
2026-04-07 20:14:35.164922,EEG Wearable,E1:1B:6D:10:62:56,-71,1.8,line_of_sight,3
2026-04-07 20:14:36.116744,EEG Wearable,E1:1B:6D:10:62:56,-75,1.8,line_of_sight,3
2026-04-07 20:14:36.122278,EEG Wearable,E1:1B:6D:10:62:56,-75,1.8,line_of_sight,3
2026-04-07 20:14:36.954939,EEG Wearable,E1:1B:6D:10:62:56,-73,1.8,line_of_sight,3
2026-04-07 20:14:37.782886,EEG Wearable,E1:1B:6D:10:62:56,-74,1.8,line_of_sight,3
2026-04-07 20:14:37.799389,EEG Wearable,E1:1B:6D:10:62:56,-75,1.8,line_of_sight,3
2026-04-07 20:14:37.884888,EEG Wearable,E1:1B:6D:10:62:56,-75,1.8,line_of_sight,3
2026-04-07 20:14:39.476977,EEG Wearable,E1:1B:6D:10:62:56,-74,1.8,line_of_sight,3
2026-04-07 20:14:39.496673,EEG Wearable,E1:1B:6D:10:62:56,-74,1.8,line_of_sight,3
2026-04-07 20:14:39.701977,EEG Wearable,E1:1B:6D:10:62:56,-79,1.8,line_of_sight,3
2026-04-07 20:14:39.706316,EEG Wearable,E1:1B:6D:10:62:56,-79,1.8,line_of_sight,3
2026-04-07 20:14:39.772592,EEG Wearable,E1:1B:6D:10:62:56,-74,1.8,line_of_sight,3
2026-04-07 20:14:41.668827,EEG Wearable,E1:1B:6D:10:62:56,-76,1.8,line_of_sight,3
2026-04-07 20:14:41.673629,EEG Wearable,E1:1B:6D:10:62:56,-76,1.8,line_of_sight,3
2026-04-07 20:14:41.776036,EEG Wearable,E1:1B:6D:10:62:56,-79,1.8,line_of_sight,3
2026-04-07 20:14:43.457527,EEG Wearable,E1:1B:6D:10:62:56,-77,1.8,line_of_sight,3
2026-04-07 20:14:43.462528,EEG Wearable,E1:1B:6D:10:62:56,-77,1.8,line_of_sight,3
2026-04-07 20:14:43.555491,EEG Wearable,E1:1B:6D:10:62:56,-80,1.8,line_of_sight,3
2026-04-07 20:14:43.575747,EEG Wearable,E1:1B:6D:10:62:56,-79,1.8,line_of_sight,3
2026-04-07 20:14:44.290294,EEG Wearable,E1:1B:6D:10:62:56,-80,1.8,line_of_sight,3
2026-04-07 20:14:44.295189,EEG Wearable,E1:1B:6D:10:62:56,-80,1.8,line_of_sight,3
2026-04-07 20:14:44.383781,EEG Wearable,E1:1B:6D:10:62:56,-73,1.8,line_of_sight,3
2026-04-07 20:14:44.407437,EEG Wearable,E1:1B:6D:10:62:56,-73,1.8,line_of_sight,3
2026-04-07 20:14:45.230244,EEG Wearable,E1:1B:6D:10:62:56,-76,1.8,line_of_sight,3
2026-04-07 20:14:45.235253,EEG Wearable,E1:1B:6D:10:62:56,-77,1.8,line_of_sight,3
2026-04-07 20:14:45.385337,EEG Wearable,E1:1B:6D:10:62:56,-81,1.8,line_of_sight,3
2026-04-07 20:14:45.409563,EEG Wearable,E1:1B:6D:10:62:56,-81,1.8,line_of_sight,3
2026-04-07 20:14:46.162082,EEG Wearable,E1:1B:6D:10:62:56,-74,1.8,line_of_sight,3
2026-04-07 20:14:46.273213,EEG Wearable,E1:1B:6D:10:62:56,-77,1.8,line_of_sight,3
2026-04-07 20:14:47.110091,EEG Wearable,E1:1B:6D:10:62:56,-81,1.8,line_of_sight,3
2026-04-07 20:14:47.125831,EEG Wearable,E1:1B:6D:10:62:56,-81,1.8,line_of_sight,3
2026-04-07 20:14:47.213028,EEG Wearable,E1:1B:6D:10:62:56,-74,1.8,line_of_sight,3
2026-04-07 20:14:48.053448,EEG Wearable,E1:1B:6D:10:62:56,-77,1.8,line_of_sight,3
2026-04-07 20:14:48.054347,EEG Wearable,E1:1B:6D:10:62:56,-77,1.8,line_of_sight,3
2026-04-07 20:14:49.718115,EEG Wearable,E1:1B:6D:10:62:56,-74,1.8,line_of_sight,3
2026-04-07 20:14:49.938845,EEG Wearable,E1:1B:6D:10:62:56,-81,1.8,line_of_sight,3
2026-04-07 20:14:49.940849,EEG Wearable,E1:1B:6D:10:62:56,-81,1.8,line_of_sight,3
2026-04-07 20:14:50.826656,EEG Wearable,E1:1B:6D:10:62:56,-76,1.8,line_of_sight,3
2026-04-07 20:14:50.848290,EEG Wearable,E1:1B:6D:10:62:56,-76,1.8,line_of_sight,3
2026-04-07 20:14:50.880104,EEG Wearable,E1:1B:6D:10:62:56,-79,1.8,line_of_sight,3
2026-04-07 20:14:50.888103,EEG Wearable,E1:1B:6D:10:62:56,-79,1.8,line_of_sight,3
2026-04-07 20:14:50.988114,EEG Wearable,E1:1B:6D:10:62:56,-80,1.8,line_of_sight,3
2026-04-07 20:14:51.007721,EEG Wearable,E1:1B:6D:10:62:56,-80,1.8,line_of_sight,3
2026-04-07 20:16:05.441330,EEG Wearable,E1:1B:6D:10:62:56,-84,2.0,line_of_sight,1
2026-04-07 20:16:05.441330,EEG Wearable,E1:1B:6D:10:62:56,-84,2.0,line_of_sight,1
2026-04-07 20:16:06.361705,EEG Wearable,E1:1B:6D:10:62:56,-79,2.0,line_of_sight,1
2026-04-07 20:16:06.374265,EEG Wearable,E1:1B:6D:10:62:56,-78,2.0,line_of_sight,1
2026-04-07 20:16:07.303220,EEG Wearable,E1:1B:6D:10:62:56,-73,2.0,line_of_sight,1
2026-04-07 20:16:07.319062,EEG Wearable,E1:1B:6D:10:62:56,-73,2.0,line_of_sight,1
2026-04-07 20:16:09.189599,EEG Wearable,E1:1B:6D:10:62:56,-80,2.0,line_of_sight,1
2026-04-07 20:16:09.203826,EEG Wearable,E1:1B:6D:10:62:56,-80,2.0,line_of_sight,1
2026-04-07 20:16:09.918976,EEG Wearable,E1:1B:6D:10:62:56,-79,2.0,line_of_sight,1
2026-04-07 20:16:09.920983,EEG Wearable,E1:1B:6D:10:62:56,-79,2.0,line_of_sight,1
2026-04-07 20:16:10.020855,EEG Wearable,E1:1B:6D:10:62:56,-84,2.0,line_of_sight,1
2026-04-07 20:16:10.030561,EEG Wearable,E1:1B:6D:10:62:56,-84,2.0,line_of_sight,1
2026-04-07 20:16:10.851027,EEG Wearable,E1:1B:6D:10:62:56,-75,2.0,line_of_sight,1
2026-04-07 20:16:11.799928,EEG Wearable,E1:1B:6D:10:62:56,-86,2.0,line_of_sight,1
2026-04-07 20:16:11.823869,EEG Wearable,E1:1B:6D:10:62:56,-87,2.0,line_of_sight,1
2026-04-07 20:16:12.757798,EEG Wearable,E1:1B:6D:10:62:56,-76,2.0,line_of_sight,1
2026-04-07 20:16:12.775741,EEG Wearable,E1:1B:6D:10:62:56,-76,2.0,line_of_sight,1
2026-04-07 20:16:12.870571,EEG Wearable,E1:1B:6D:10:62:56,-88,2.0,line_of_sight,1
2026-04-07 20:16:12.875104,EEG Wearable,E1:1B:6D:10:62:56,-88,2.0,line_of_sight,1
2026-04-07 20:16:13.705637,EEG Wearable,E1:1B:6D:10:62:56,-77,2.0,line_of_sight,1
2026-04-07 20:16:13.710530,EEG Wearable,E1:1B:6D:10:62:56,-77,2.0,line_of_sight,1
2026-04-07 20:16:14.646875,EEG Wearable,E1:1B:6D:10:62:56,-89,2.0,line_of_sight,1
2026-04-07 20:16:14.654663,EEG Wearable,E1:1B:6D:10:62:56,-89,2.0,line_of_sight,1
2026-04-07 20:16:15.491227,EEG Wearable,E1:1B:6D:10:62:56,-78,2.0,line_of_sight,1
2026-04-07 20:16:15.593894,EEG Wearable,E1:1B:6D:10:62:56,-77,2.0,line_of_sight,1
2026-04-07 20:16:15.614160,EEG Wearable,E1:1B:6D:10:62:56,-77,2.0,line_of_sight,1
2026-04-07 20:16:15.713392,EEG Wearable,E1:1B:6D:10:62:56,-89,2.0,line_of_sight,1
2026-04-07 20:16:15.720278,EEG Wearable,E1:1B:6D:10:62:56,-89,2.0,line_of_sight,1
2026-04-07 20:16:16.528730,EEG Wearable,E1:1B:6D:10:62:56,-78,2.0,line_of_sight,1
2026-04-07 20:16:16.548458,EEG Wearable,E1:1B:6D:10:62:56,-78,2.0,line_of_sight,1
2026-04-07 20:16:16.638446,EEG Wearable,E1:1B:6D:10:62:56,-76,2.0,line_of_sight,1
2026-04-07 20:16:16.666858,EEG Wearable,E1:1B:6D:10:62:56,-76,2.0,line_of_sight,1
2026-04-07 20:16:17.583968,EEG Wearable,E1:1B:6D:10:62:56,-78,2.0,line_of_sight,1
2026-04-07 20:16:17.606246,EEG Wearable,E1:1B:6D:10:62:56,-78,2.0,line_of_sight,1
2026-04-07 20:16:17.692810,EEG Wearable,E1:1B:6D:10:62:56,-75,2.0,line_of_sight,1
2026-04-07 20:16:17.721998,EEG Wearable,E1:1B:6D:10:62:56,-75,2.0,line_of_sight,1
2026-04-07 20:16:19.377512,EEG Wearable,E1:1B:6D:10:62:56,-78,2.0,line_of_sight,1
2026-04-07 20:16:19.411557,EEG Wearable,E1:1B:6D:10:62:56,-77,2.0,line_of_sight,1
2026-04-07 20:16:19.547132,EEG Wearable,E1:1B:6D:10:62:56,-76,2.0,line_of_sight,1
2026-04-07 20:16:20.554194,EEG Wearable,E1:1B:6D:10:62:56,-77,2.0,line_of_sight,1
2026-04-07 20:16:21.604283,EEG Wearable,E1:1B:6D:10:62:56,-76,2.0,line_of_sight,1
2026-04-07 20:16:22.562947,EEG Wearable,E1:1B:6D:10:62:56,-77,2.0,line_of_sight,1
2026-04-07 20:16:22.568854,EEG Wearable,E1:1B:6D:10:62:56,-77,2.0,line_of_sight,1
2026-04-07 20:16:22.666776,EEG Wearable,E1:1B:6D:10:62:56,-76,2.0,line_of_sight,1
2026-04-07 20:16:23.600768,EEG Wearable,E1:1B:6D:10:62:56,-77,2.0,line_of_sight,1
2026-04-07 20:16:24.341093,EEG Wearable,E1:1B:6D:10:62:56,-77,2.0,line_of_sight,1
2026-04-07 20:16:24.454996,EEG Wearable,E1:1B:6D:10:62:56,-78,2.0,line_of_sight,1
2026-04-07 20:16:24.461026,EEG Wearable,E1:1B:6D:10:62:56,-77,2.0,line_of_sight,1
2026-04-07 20:16:25.158877,EEG Wearable,E1:1B:6D:10:62:56,-77,2.0,line_of_sight,1
2026-04-07 20:16:25.169291,EEG Wearable,E1:1B:6D:10:62:56,-77,2.0,line_of_sight,1
2026-04-07 20:16:25.266411,EEG Wearable,E1:1B:6D:10:62:56,-90,2.0,line_of_sight,1
2026-04-07 20:16:25.283061,EEG Wearable,E1:1B:6D:10:62:56,-90,2.0,line_of_sight,1
2026-04-07 20:16:25.984296,EEG Wearable,E1:1B:6D:10:62:56,-90,2.0,line_of_sight,1
2026-04-07 20:16:25.989403,EEG Wearable,E1:1B:6D:10:62:56,-90,2.0,line_of_sight,1
2026-04-07 20:16:26.088092,EEG Wearable,E1:1B:6D:10:62:56,-77,2.0,line_of_sight,1
2026-04-07 20:16:26.113575,EEG Wearable,E1:1B:6D:10:62:56,-77,2.0,line_of_sight,1
2026-04-07 20:16:27.860424,EEG Wearable,E1:1B:6D:10:62:56,-73,2.0,line_of_sight,1
2026-04-07 20:16:28.698261,EEG Wearable,E1:1B:6D:10:62:56,-78,2.0,line_of_sight,1
2026-04-07 20:16:28.717490,EEG Wearable,E1:1B:6D:10:62:56,-78,2.0,line_of_sight,1
2026-04-07 20:16:28.800794,EEG Wearable,E1:1B:6D:10:62:56,-91,2.0,line_of_sight,1
2026-04-07 20:16:28.828803,EEG Wearable,E1:1B:6D:10:62:56,-90,2.0,line_of_sight,1
2026-04-07 20:16:29.640059,EEG Wearable,E1:1B:6D:10:62:56,-76,2.0,line_of_sight,1
2026-04-07 20:16:29.657541,EEG Wearable,E1:1B:6D:10:62:56,-75,2.0,line_of_sight,1
2026-04-07 20:16:30.587761,EEG Wearable,E1:1B:6D:10:62:56,-90,2.0,line_of_sight,1
2026-04-07 20:16:30.612839,EEG Wearable,E1:1B:6D:10:62:56,-90,2.0,line_of_sight,1
2026-04-07 20:16:31.683461,EEG Wearable,E1:1B:6D:10:62:56,-90,2.0,line_of_sight,1
2026-04-07 20:16:31.689787,EEG Wearable,E1:1B:6D:10:62:56,-90,2.0,line_of_sight,1
2026-04-07 20:16:31.749618,EEG Wearable,E1:1B:6D:10:62:56,-75,2.0,line_of_sight,1
2026-04-07 20:16:31.767748,EEG Wearable,E1:1B:6D:10:62:56,-75,2.0,line_of_sight,1
2026-04-07 20:16:32.483879,EEG Wearable,E1:1B:6D:10:62:56,-75,2.0,line_of_sight,1
2026-04-07 20:16:32.490703,EEG Wearable,E1:1B:6D:10:62:56,-75,2.0,line_of_sight,1
2026-04-07 20:16:32.583222,EEG Wearable,E1:1B:6D:10:62:56,-78,2.0,line_of_sight,1
2026-04-07 20:16:32.611904,EEG Wearable,E1:1B:6D:10:62:56,-78,2.0,line_of_sight,1
2026-04-07 20:16:33.425869,EEG Wearable,E1:1B:6D:10:62:56,-91,2.0,line_of_sight,1
2026-04-07 20:16:33.449897,EEG Wearable,E1:1B:6D:10:62:56,-92,2.0,line_of_sight,1
2026-04-07 20:16:33.529249,EEG Wearable,E1:1B:6D:10:62:56,-75,2.0,line_of_sight,1
2026-04-07 20:16:34.255077,EEG Wearable,E1:1B:6D:10:62:56,-75,2.0,line_of_sight,1
2026-04-07 20:16:34.378161,EEG Wearable,E1:1B:6D:10:62:56,-78,2.0,line_of_sight,1
2026-04-07 20:16:34.486706,EEG Wearable,E1:1B:6D:10:62:56,-78,2.0,line_of_sight,1
2026-04-07 20:16:59.538914,EEG Wearable,E1:1B:6D:10:62:56,-80,2.0,line_of_sight,2
2026-04-07 20:16:59.540946,EEG Wearable,E1:1B:6D:10:62:56,-80,2.0,line_of_sight,2
2026-04-07 20:16:59.628756,EEG Wearable,E1:1B:6D:10:62:56,-92,2.0,line_of_sight,2
2026-04-07 20:16:59.641850,EEG Wearable,E1:1B:6D:10:62:56,-92,2.0,line_of_sight,2
2026-04-07 20:17:00.372371,EEG Wearable,E1:1B:6D:10:62:56,-91,2.0,line_of_sight,2
2026-04-07 20:17:00.375736,EEG Wearable,E1:1B:6D:10:62:56,-92,2.0,line_of_sight,2
2026-04-07 20:17:00.459052,EEG Wearable,E1:1B:6D:10:62:56,-76,2.0,line_of_sight,2
2026-04-07 20:17:00.474922,EEG Wearable,E1:1B:6D:10:62:56,-76,2.0,line_of_sight,2
2026-04-07 20:17:01.299214,EEG Wearable,E1:1B:6D:10:62:56,-81,2.0,line_of_sight,2
2026-04-07 20:17:01.309621,EEG Wearable,E1:1B:6D:10:62:56,-81,2.0,line_of_sight,2
2026-04-07 20:17:01.394355,EEG Wearable,E1:1B:6D:10:62:56,-93,2.0,line_of_sight,2
2026-04-07 20:17:01.410607,EEG Wearable,E1:1B:6D:10:62:56,-93,2.0,line_of_sight,2
2026-04-07 20:17:02.343083,EEG Wearable,E1:1B:6D:10:62:56,-85,2.0,line_of_sight,2
2026-04-07 20:17:02.357777,EEG Wearable,E1:1B:6D:10:62:56,-86,2.0,line_of_sight,2
2026-04-07 20:17:03.303248,EEG Wearable,E1:1B:6D:10:62:56,-77,2.0,line_of_sight,2
2026-04-07 20:17:03.304462,EEG Wearable,E1:1B:6D:10:62:56,-78,2.0,line_of_sight,2
2026-04-07 20:17:04.231712,EEG Wearable,E1:1B:6D:10:62:56,-96,2.0,line_of_sight,2
2026-04-07 20:17:04.243625,EEG Wearable,E1:1B:6D:10:62:56,-94,2.0,line_of_sight,2
2026-04-07 20:17:04.749003,EEG Wearable,E1:1B:6D:10:62:56,-75,2.0,line_of_sight,2
2026-04-07 20:17:04.749003,EEG Wearable,E1:1B:6D:10:62:56,-75,2.0,line_of_sight,2
2026-04-07 20:17:05.901112,EEG Wearable,E1:1B:6D:10:62:56,-84,2.0,line_of_sight,2
2026-04-07 20:17:05.921194,EEG Wearable,E1:1B:6D:10:62:56,-84,2.0,line_of_sight,2
2026-04-07 20:17:06.970827,EEG Wearable,E1:1B:6D:10:62:56,-85,2.0,line_of_sight,2
2026-04-07 20:17:06.970827,EEG Wearable,E1:1B:6D:10:62:56,-85,2.0,line_of_sight,2
2026-04-07 20:17:07.807134,EEG Wearable,E1:1B:6D:10:62:56,-91,2.0,line_of_sight,2
2026-04-07 20:17:07.811151,EEG Wearable,E1:1B:6D:10:62:56,-90,2.0,line_of_sight,2
2026-04-07 20:17:07.912196,EEG Wearable,E1:1B:6D:10:62:56,-75,2.0,line_of_sight,2
2026-04-07 20:17:07.922973,EEG Wearable,E1:1B:6D:10:62:56,-74,2.0,line_of_sight,2
2026-04-07 20:17:08.959246,EEG Wearable,E1:1B:6D:10:62:56,-74,2.0,line_of_sight,2
2026-04-07 20:17:09.800190,EEG Wearable,E1:1B:6D:10:62:56,-84,2.0,line_of_sight,2
2026-04-07 20:17:09.814033,EEG Wearable,E1:1B:6D:10:62:56,-84,2.0,line_of_sight,2
2026-04-07 20:17:09.898955,EEG Wearable,E1:1B:6D:10:62:56,-90,2.0,line_of_sight,2
2026-04-07 20:17:09.915944,EEG Wearable,E1:1B:6D:10:62:56,-90,2.0,line_of_sight,2
2026-04-07 20:17:10.743373,EEG Wearable,E1:1B:6D:10:62:56,-74,2.0,line_of_sight,2
2026-04-07 20:17:10.851410,EEG Wearable,E1:1B:6D:10:62:56,-84,2.0,line_of_sight,2
2026-04-07 20:17:10.862813,EEG Wearable,E1:1B:6D:10:62:56,-85,2.0,line_of_sight,2
2026-04-07 20:17:12.758762,EEG Wearable,E1:1B:6D:10:62:56,-87,2.0,line_of_sight,2
2026-04-07 20:17:12.776237,EEG Wearable,E1:1B:6D:10:62:56,-88,2.0,line_of_sight,2
2026-04-07 20:17:12.864514,EEG Wearable,E1:1B:6D:10:62:56,-74,2.0,line_of_sight,2
2026-04-07 20:17:12.876146,EEG Wearable,E1:1B:6D:10:62:56,-74,2.0,line_of_sight,2
2026-04-07 20:17:12.969441,EEG Wearable,E1:1B:6D:10:62:56,-82,2.0,line_of_sight,2
2026-04-07 20:17:12.974855,EEG Wearable,E1:1B:6D:10:62:56,-82,2.0,line_of_sight,2
2026-04-07 20:17:13.722212,EEG Wearable,E1:1B:6D:10:62:56,-82,2.0,line_of_sight,2
2026-04-07 20:17:13.731108,EEG Wearable,E1:1B:6D:10:62:56,-81,2.0,line_of_sight,2
2026-04-07 20:17:13.824328,EEG Wearable,E1:1B:6D:10:62:56,-88,2.0,line_of_sight,2
2026-04-07 20:17:13.828351,EEG Wearable,E1:1B:6D:10:62:56,-88,2.0,line_of_sight,2
2026-04-07 20:17:14.552486,EEG Wearable,E1:1B:6D:10:62:56,-86,2.0,line_of_sight,2
2026-04-07 20:17:14.559320,EEG Wearable,E1:1B:6D:10:62:56,-87,2.0,line_of_sight,2
2026-04-07 20:17:14.758849,EEG Wearable,E1:1B:6D:10:62:56,-83,2.0,line_of_sight,2
2026-04-07 20:17:14.862022,EEG Wearable,E1:1B:6D:10:62:56,-87,2.0,line_of_sight,2
2026-04-07 20:17:14.874310,EEG Wearable,E1:1B:6D:10:62:56,-87,2.0,line_of_sight,2
2026-04-07 20:17:15.708034,EEG Wearable,E1:1B:6D:10:62:56,-73,2.0,line_of_sight,2
2026-04-07 20:17:15.724488,EEG Wearable,E1:1B:6D:10:62:56,-73,2.0,line_of_sight,2
2026-04-07 20:17:15.814454,EEG Wearable,E1:1B:6D:10:62:56,-81,2.0,line_of_sight,2
2026-04-07 20:17:15.822692,EEG Wearable,E1:1B:6D:10:62:56,-81,2.0,line_of_sight,2
2026-04-07 20:17:16.664606,EEG Wearable,E1:1B:6D:10:62:56,-88,2.0,line_of_sight,2
2026-04-07 20:17:16.673337,EEG Wearable,E1:1B:6D:10:62:56,-88,2.0,line_of_sight,2
2026-04-07 20:17:17.595764,EEG Wearable,E1:1B:6D:10:62:56,-82,2.0,line_of_sight,2
2026-04-07 20:17:17.607747,EEG Wearable,E1:1B:6D:10:62:56,-82,2.0,line_of_sight,2
2026-04-07 20:17:17.701843,EEG Wearable,E1:1B:6D:10:62:56,-88,2.0,line_of_sight,2
2026-04-07 20:17:17.713528,EEG Wearable,E1:1B:6D:10:62:56,-88,2.0,line_of_sight,2
2026-04-07 20:17:18.550736,EEG Wearable,E1:1B:6D:10:62:56,-73,2.0,line_of_sight,2
2026-04-07 20:17:18.652547,EEG Wearable,E1:1B:6D:10:62:56,-81,2.0,line_of_sight,2
2026-04-07 20:17:18.664029,EEG Wearable,E1:1B:6D:10:62:56,-81,2.0,line_of_sight,2
2026-04-07 20:17:19.591978,EEG Wearable,E1:1B:6D:10:62:56,-73,2.0,line_of_sight,2
2026-04-07 20:17:19.591978,EEG Wearable,E1:1B:6D:10:62:56,-73,2.0,line_of_sight,2
2026-04-07 20:17:20.541603,EEG Wearable,E1:1B:6D:10:62:56,-88,2.0,line_of_sight,2
2026-04-07 20:17:20.553675,EEG Wearable,E1:1B:6D:10:62:56,-89,2.0,line_of_sight,2
2026-04-07 20:17:22.221746,EEG Wearable,E1:1B:6D:10:62:56,-81,2.0,line_of_sight,2
2026-04-07 20:17:22.223495,EEG Wearable,E1:1B:6D:10:62:56,-81,2.0,line_of_sight,2
2026-04-07 20:17:23.279900,EEG Wearable,E1:1B:6D:10:62:56,-81,2.0,line_of_sight,2
2026-04-07 20:17:23.288176,EEG Wearable,E1:1B:6D:10:62:56,-81,2.0,line_of_sight,2
2026-04-07 20:17:24.208539,EEG Wearable,E1:1B:6D:10:62:56,-73,2.0,line_of_sight,2
2026-04-07 20:17:24.312565,EEG Wearable,E1:1B:6D:10:62:56,-81,2.0,line_of_sight,2
2026-04-07 20:17:24.325258,EEG Wearable,E1:1B:6D:10:62:56,-81,2.0,line_of_sight,2
2026-04-07 20:17:25.390908,EEG Wearable,E1:1B:6D:10:62:56,-81,2.0,line_of_sight,2
2026-04-07 20:17:25.392918,EEG Wearable,E1:1B:6D:10:62:56,-81,2.0,line_of_sight,2
2026-04-07 20:17:26.217328,EEG Wearable,E1:1B:6D:10:62:56,-88,2.0,line_of_sight,2
2026-04-07 20:17:26.231187,EEG Wearable,E1:1B:6D:10:62:56,-89,2.0,line_of_sight,2
2026-04-07 20:17:27.161202,EEG Wearable,E1:1B:6D:10:62:56,-81,2.0,line_of_sight,2
2026-04-07 20:17:28.818482,EEG Wearable,E1:1B:6D:10:62:56,-73,2.0,line_of_sight,2
2026-04-07 20:17:28.920934,EEG Wearable,E1:1B:6D:10:62:56,-81,2.0,line_of_sight,2
2026-04-07 20:17:28.930631,EEG Wearable,E1:1B:6D:10:62:56,-81,2.0,line_of_sight,2
2026-04-07 20:17:50.436060,EEG Wearable,E1:1B:6D:10:62:56,-76,2.0,line_of_sight,3
2026-04-07 20:17:50.447128,EEG Wearable,E1:1B:6D:10:62:56,-76,2.0,line_of_sight,3
2026-04-07 20:17:50.675487,EEG Wearable,E1:1B:6D:10:62:56,-83,2.0,line_of_sight,3
2026-04-07 20:17:50.680345,EEG Wearable,E1:1B:6D:10:62:56,-84,2.0,line_of_sight,3
2026-04-07 20:17:51.498562,EEG Wearable,E1:1B:6D:10:62:56,-75,2.0,line_of_sight,3
2026-04-07 20:17:52.434397,EEG Wearable,E1:1B:6D:10:62:56,-100,2.0,line_of_sight,3
2026-04-07 20:17:53.280325,EEG Wearable,E1:1B:6D:10:62:56,-78,2.0,line_of_sight,3
2026-04-07 20:17:53.286848,EEG Wearable,E1:1B:6D:10:62:56,-78,2.0,line_of_sight,3
2026-04-07 20:17:54.120636,EEG Wearable,E1:1B:6D:10:62:56,-76,2.0,line_of_sight,3
2026-04-07 20:17:54.124772,EEG Wearable,E1:1B:6D:10:62:56,-76,2.0,line_of_sight,3
2026-04-07 20:17:54.222964,EEG Wearable,E1:1B:6D:10:62:56,-93,2.0,line_of_sight,3
2026-04-07 20:17:54.228023,EEG Wearable,E1:1B:6D:10:62:56,-93,2.0,line_of_sight,3
2026-04-07 20:17:54.319147,EEG Wearable,E1:1B:6D:10:62:56,-80,2.0,line_of_sight,3
2026-04-07 20:17:55.989821,EEG Wearable,E1:1B:6D:10:62:56,-85,2.0,line_of_sight,3
2026-04-07 20:17:56.016447,EEG Wearable,E1:1B:6D:10:62:56,-85,2.0,line_of_sight,3
2026-04-07 20:17:57.124146,EEG Wearable,E1:1B:6D:10:62:56,-91,2.0,line_of_sight,3
2026-04-07 20:17:57.132283,EEG Wearable,E1:1B:6D:10:62:56,-91,2.0,line_of_sight,3
2026-04-07 20:17:57.996288,EEG Wearable,E1:1B:6D:10:62:56,-79,2.0,line_of_sight,3
2026-04-07 20:17:58.012660,EEG Wearable,E1:1B:6D:10:62:56,-79,2.0,line_of_sight,3
2026-04-07 20:17:58.945669,EEG Wearable,E1:1B:6D:10:62:56,-81,2.0,line_of_sight,3
2026-04-07 20:17:58.957951,EEG Wearable,E1:1B:6D:10:62:56,-81,2.0,line_of_sight,3
2026-04-07 20:17:59.046483,EEG Wearable,E1:1B:6D:10:62:56,-78,2.0,line_of_sight,3
2026-04-07 20:17:59.878552,EEG Wearable,E1:1B:6D:10:62:56,-92,2.0,line_of_sight,3
2026-04-07 20:17:59.896186,EEG Wearable,E1:1B:6D:10:62:56,-93,2.0,line_of_sight,3
2026-04-07 20:18:00.712977,EEG Wearable,E1:1B:6D:10:62:56,-79,2.0,line_of_sight,3
2026-04-07 20:18:00.729023,EEG Wearable,E1:1B:6D:10:62:56,-79,2.0,line_of_sight,3
2026-04-07 20:18:00.814548,EEG Wearable,E1:1B:6D:10:62:56,-81,2.0,line_of_sight,3
2026-04-07 20:18:01.654699,EEG Wearable,E1:1B:6D:10:62:56,-83,2.0,line_of_sight,3
2026-04-07 20:18:01.679364,EEG Wearable,E1:1B:6D:10:62:56,-84,2.0,line_of_sight,3
2026-04-07 20:18:02.615569,EEG Wearable,E1:1B:6D:10:62:56,-84,2.0,line_of_sight,3
2026-04-07 20:18:02.620697,EEG Wearable,E1:1B:6D:10:62:56,-84,2.0,line_of_sight,3
2026-04-07 20:18:02.718373,EEG Wearable,E1:1B:6D:10:62:56,-85,2.0,line_of_sight,3
2026-04-07 20:18:02.723443,EEG Wearable,E1:1B:6D:10:62:56,-84,2.0,line_of_sight,3
2026-04-07 20:18:03.772684,EEG Wearable,E1:1B:6D:10:62:56,-84,2.0,line_of_sight,3
2026-04-07 20:18:03.796241,EEG Wearable,E1:1B:6D:10:62:56,-84,2.0,line_of_sight,3
2026-04-07 20:18:04.723357,EEG Wearable,E1:1B:6D:10:62:56,-83,2.0,line_of_sight,3
2026-04-07 20:18:04.739084,EEG Wearable,E1:1B:6D:10:62:56,-83,2.0,line_of_sight,3
2026-04-07 20:18:06.622311,EEG Wearable,E1:1B:6D:10:62:56,-88,2.0,line_of_sight,3
2026-04-07 20:18:06.912505,EEG Wearable,E1:1B:6D:10:62:56,-88,2.0,line_of_sight,3
2026-04-07 20:18:07.766188,EEG Wearable,E1:1B:6D:10:62:56,-79,2.0,line_of_sight,3
2026-04-07 20:18:08.375348,EEG Wearable,E1:1B:6D:10:62:56,-89,2.0,line_of_sight,3
2026-04-07 20:18:08.394075,EEG Wearable,E1:1B:6D:10:62:56,-89,2.0,line_of_sight,3
2026-04-07 20:18:09.108841,EEG Wearable,E1:1B:6D:10:62:56,-87,2.0,line_of_sight,3
2026-04-07 20:18:09.130128,EEG Wearable,E1:1B:6D:10:62:56,-86,2.0,line_of_sight,3
2026-04-07 20:18:09.207072,EEG Wearable,E1:1B:6D:10:62:56,-75,2.0,line_of_sight,3
2026-04-07 20:18:10.308483,EEG Wearable,E1:1B:6D:10:62:56,-77,2.0,line_of_sight,3
2026-04-07 20:18:10.440440,EEG Wearable,E1:1B:6D:10:62:56,-77,2.0,line_of_sight,3
2026-04-07 20:18:11.018820,EEG Wearable,E1:1B:6D:10:62:56,-76,2.0,line_of_sight,3
2026-04-07 20:18:11.219937,EEG Wearable,E1:1B:6D:10:62:56,-83,2.0,line_of_sight,3
2026-04-07 20:18:11.368412,EEG Wearable,E1:1B:6D:10:62:56,-83,2.0,line_of_sight,3
2026-04-07 20:18:12.175293,EEG Wearable,E1:1B:6D:10:62:56,-80,2.0,line_of_sight,3
2026-04-07 20:18:12.191537,EEG Wearable,E1:1B:6D:10:62:56,-80,2.0,line_of_sight,3
2026-04-07 20:18:14.069358,EEG Wearable,E1:1B:6D:10:62:56,-97,2.0,line_of_sight,3
2026-04-07 20:18:15.033898,EEG Wearable,E1:1B:6D:10:62:56,-79,2.0,line_of_sight,3
2026-04-07 20:18:15.036903,EEG Wearable,E1:1B:6D:10:62:56,-80,2.0,line_of_sight,3
2026-04-07 20:18:15.948356,EEG Wearable,E1:1B:6D:10:62:56,-78,2.0,line_of_sight,3
2026-04-07 20:18:16.795477,EEG Wearable,E1:1B:6D:10:62:56,-79,2.0,line_of_sight,3
2026-04-07 20:18:16.797476,EEG Wearable,E1:1B:6D:10:62:56,-79,2.0,line_of_sight,3
2026-04-07 20:18:16.886801,EEG Wearable,E1:1B:6D:10:62:56,-93,2.0,line_of_sight,3
2026-04-07 20:18:16.896835,EEG Wearable,E1:1B:6D:10:62:56,-93,2.0,line_of_sight,3
2026-04-07 20:18:17.724850,EEG Wearable,E1:1B:6D:10:62:56,-79,2.0,line_of_sight,3
2026-04-07 20:18:17.734679,EEG Wearable,E1:1B:6D:10:62:56,-80,2.0,line_of_sight,3
2026-04-07 20:18:18.770893,EEG Wearable,E1:1B:6D:10:62:56,-78,2.0,line_of_sight,3
2026-04-07 20:20:21.155103,EEG Wearable,E1:1B:6D:10:62:56,-73,3.0,line_of_sight,1
2026-04-07 20:20:21.165941,EEG Wearable,E1:1B:6D:10:62:56,-73,3.0,line_of_sight,1
2026-04-07 20:20:22.108973,EEG Wearable,E1:1B:6D:10:62:56,-78,3.0,line_of_sight,1
2026-04-07 20:20:22.108973,EEG Wearable,E1:1B:6D:10:62:56,-78,3.0,line_of_sight,1
2026-04-07 20:20:22.227383,EEG Wearable,E1:1B:6D:10:62:56,-77,3.0,line_of_sight,1
2026-04-07 20:20:22.231401,EEG Wearable,E1:1B:6D:10:62:56,-77,3.0,line_of_sight,1
2026-04-07 20:20:23.049940,EEG Wearable,E1:1B:6D:10:62:56,-80,3.0,line_of_sight,1
2026-04-07 20:20:23.782406,EEG Wearable,E1:1B:6D:10:62:56,-78,3.0,line_of_sight,1
2026-04-07 20:20:23.995698,EEG Wearable,E1:1B:6D:10:62:56,-76,3.0,line_of_sight,1
2026-04-07 20:20:24.005633,EEG Wearable,E1:1B:6D:10:62:56,-77,3.0,line_of_sight,1
2026-04-07 20:20:24.101375,EEG Wearable,E1:1B:6D:10:62:56,-78,3.0,line_of_sight,1
2026-04-07 20:20:24.101375,EEG Wearable,E1:1B:6D:10:62:56,-78,3.0,line_of_sight,1
2026-04-07 20:20:24.926662,EEG Wearable,E1:1B:6D:10:62:56,-75,3.0,line_of_sight,1
2026-04-07 20:20:25.875246,EEG Wearable,E1:1B:6D:10:62:56,-76,3.0,line_of_sight,1
2026-04-07 20:20:26.827659,EEG Wearable,E1:1B:6D:10:62:56,-73,3.0,line_of_sight,1
2026-04-07 20:20:27.662095,EEG Wearable,E1:1B:6D:10:62:56,-73,3.0,line_of_sight,1
2026-04-07 20:20:27.672147,EEG Wearable,E1:1B:6D:10:62:56,-73,3.0,line_of_sight,1
2026-04-07 20:20:27.768219,EEG Wearable,E1:1B:6D:10:62:56,-73,3.0,line_of_sight,1
2026-04-07 20:20:29.706181,EEG Wearable,E1:1B:6D:10:62:56,-71,3.0,line_of_sight,1
2026-04-07 20:20:29.706181,EEG Wearable,E1:1B:6D:10:62:56,-72,3.0,line_of_sight,1
2026-04-07 20:20:29.788395,EEG Wearable,E1:1B:6D:10:62:56,-74,3.0,line_of_sight,1
2026-04-07 20:20:29.801000,EEG Wearable,E1:1B:6D:10:62:56,-74,3.0,line_of_sight,1
2026-04-07 20:20:30.731125,EEG Wearable,E1:1B:6D:10:62:56,-73,3.0,line_of_sight,1
2026-04-07 20:20:31.461551,EEG Wearable,E1:1B:6D:10:62:56,-72,3.0,line_of_sight,1
2026-04-07 20:20:31.479229,EEG Wearable,E1:1B:6D:10:62:56,-72,3.0,line_of_sight,1
2026-04-07 20:20:31.669987,EEG Wearable,E1:1B:6D:10:62:56,-71,3.0,line_of_sight,1
2026-04-07 20:20:32.622632,EEG Wearable,E1:1B:6D:10:62:56,-75,3.0,line_of_sight,1
2026-04-07 20:20:32.638257,EEG Wearable,E1:1B:6D:10:62:56,-75,3.0,line_of_sight,1
2026-04-07 20:20:33.695457,EEG Wearable,E1:1B:6D:10:62:56,-75,3.0,line_of_sight,1
2026-04-07 20:20:33.699475,EEG Wearable,E1:1B:6D:10:62:56,-75,3.0,line_of_sight,1
2026-04-07 20:20:35.329217,EEG Wearable,E1:1B:6D:10:62:56,-72,3.0,line_of_sight,1
2026-04-07 20:20:35.441213,EEG Wearable,E1:1B:6D:10:62:56,-76,3.0,line_of_sight,1
2026-04-07 20:20:35.454623,EEG Wearable,E1:1B:6D:10:62:56,-76,3.0,line_of_sight,1
2026-04-07 20:20:36.292465,EEG Wearable,E1:1B:6D:10:62:56,-73,3.0,line_of_sight,1
2026-04-07 20:20:36.307608,EEG Wearable,E1:1B:6D:10:62:56,-73,3.0,line_of_sight,1
2026-04-07 20:20:36.414089,EEG Wearable,E1:1B:6D:10:62:56,-72,3.0,line_of_sight,1
2026-04-07 20:20:36.423609,EEG Wearable,E1:1B:6D:10:62:56,-72,3.0,line_of_sight,1
2026-04-07 20:20:37.121698,EEG Wearable,E1:1B:6D:10:62:56,-74,3.0,line_of_sight,1
2026-04-07 20:20:37.134204,EEG Wearable,E1:1B:6D:10:62:56,-74,3.0,line_of_sight,1
2026-04-07 20:20:37.230089,EEG Wearable,E1:1B:6D:10:62:56,-76,3.0,line_of_sight,1
2026-04-07 20:20:37.244241,EEG Wearable,E1:1B:6D:10:62:56,-76,3.0,line_of_sight,1
2026-04-07 20:20:37.329362,EEG Wearable,E1:1B:6D:10:62:56,-71,3.0,line_of_sight,1
2026-04-07 20:20:38.180327,EEG Wearable,E1:1B:6D:10:62:56,-72,3.0,line_of_sight,1
2026-04-07 20:20:38.186999,EEG Wearable,E1:1B:6D:10:62:56,-72,3.0,line_of_sight,1
2026-04-07 20:20:38.391548,EEG Wearable,E1:1B:6D:10:62:56,-73,3.0,line_of_sight,1
2026-04-07 20:20:38.400779,EEG Wearable,E1:1B:6D:10:62:56,-73,3.0,line_of_sight,1
2026-04-07 20:20:39.146011,EEG Wearable,E1:1B:6D:10:62:56,-72,3.0,line_of_sight,1
2026-04-07 20:20:39.163866,EEG Wearable,E1:1B:6D:10:62:56,-72,3.0,line_of_sight,1
2026-04-07 20:20:39.464498,EEG Wearable,E1:1B:6D:10:62:56,-74,3.0,line_of_sight,1
2026-04-07 20:20:39.477438,EEG Wearable,E1:1B:6D:10:62:56,-74,3.0,line_of_sight,1
2026-04-07 20:20:40.311245,EEG Wearable,E1:1B:6D:10:62:56,-74,3.0,line_of_sight,1
2026-04-07 20:20:42.426065,EEG Wearable,E1:1B:6D:10:62:56,-74,3.0,line_of_sight,1
2026-04-07 20:20:43.272477,EEG Wearable,E1:1B:6D:10:62:56,-75,3.0,line_of_sight,1
2026-04-07 20:20:43.276165,EEG Wearable,E1:1B:6D:10:62:56,-75,3.0,line_of_sight,1
2026-04-07 20:20:43.356068,EEG Wearable,E1:1B:6D:10:62:56,-81,3.0,line_of_sight,1
2026-04-07 20:20:44.094958,EEG Wearable,E1:1B:6D:10:62:56,-81,3.0,line_of_sight,1
2026-04-07 20:20:44.194612,EEG Wearable,E1:1B:6D:10:62:56,-75,3.0,line_of_sight,1
2026-04-07 20:20:44.207323,EEG Wearable,E1:1B:6D:10:62:56,-75,3.0,line_of_sight,1
2026-04-07 20:20:45.127920,EEG Wearable,E1:1B:6D:10:62:56,-79,3.0,line_of_sight,1
2026-04-07 20:20:45.135579,EEG Wearable,E1:1B:6D:10:62:56,-79,3.0,line_of_sight,1
2026-04-07 20:20:46.906354,EEG Wearable,E1:1B:6D:10:62:56,-80,3.0,line_of_sight,1
2026-04-07 20:20:46.919544,EEG Wearable,E1:1B:6D:10:62:56,-80,3.0,line_of_sight,1
2026-04-07 20:20:47.854999,EEG Wearable,E1:1B:6D:10:62:56,-72,3.0,line_of_sight,1
2026-04-07 20:20:47.866987,EEG Wearable,E1:1B:6D:10:62:56,-75,3.0,line_of_sight,1
2026-04-07 20:20:49.630984,EEG Wearable,E1:1B:6D:10:62:56,-76,3.0,line_of_sight,1
2026-04-07 20:20:49.640940,EEG Wearable,E1:1B:6D:10:62:56,-76,3.0,line_of_sight,1
2026-04-07 20:20:50.565665,EEG Wearable,E1:1B:6D:10:62:56,-75,3.0,line_of_sight,1
2026-04-07 20:20:50.579619,EEG Wearable,E1:1B:6D:10:62:56,-75,3.0,line_of_sight,1
2026-04-07 20:21:09.946791,EEG Wearable,E1:1B:6D:10:62:56,-73,3.0,line_of_sight,2
2026-04-07 20:21:09.961014,EEG Wearable,E1:1B:6D:10:62:56,-73,3.0,line_of_sight,2
2026-04-07 20:21:12.550357,EEG Wearable,E1:1B:6D:10:62:56,-75,3.0,line_of_sight,2
2026-04-07 20:21:12.568536,EEG Wearable,E1:1B:6D:10:62:56,-75,3.0,line_of_sight,2
2026-04-07 20:21:12.657697,EEG Wearable,E1:1B:6D:10:62:56,-79,3.0,line_of_sight,2
2026-04-07 20:21:13.625428,EEG Wearable,E1:1B:6D:10:62:56,-74,3.0,line_of_sight,2
2026-04-07 20:21:13.629443,EEG Wearable,E1:1B:6D:10:62:56,-74,3.0,line_of_sight,2
2026-04-07 20:21:13.715196,EEG Wearable,E1:1B:6D:10:62:56,-75,3.0,line_of_sight,2
2026-04-07 20:21:13.728645,EEG Wearable,E1:1B:6D:10:62:56,-75,3.0,line_of_sight,2
2026-04-07 20:21:14.353262,EEG Wearable,E1:1B:6D:10:62:56,-73,3.0,line_of_sight,2
2026-04-07 20:21:14.664667,EEG Wearable,E1:1B:6D:10:62:56,-74,3.0,line_of_sight,2
2026-04-07 20:21:14.677066,EEG Wearable,E1:1B:6D:10:62:56,-74,3.0,line_of_sight,2
2026-04-07 20:21:15.624061,EEG Wearable,E1:1B:6D:10:62:56,-72,3.0,line_of_sight,2
2026-04-07 20:21:16.576701,EEG Wearable,E1:1B:6D:10:62:56,-75,3.0,line_of_sight,2
2026-04-07 20:21:16.580218,EEG Wearable,E1:1B:6D:10:62:56,-75,3.0,line_of_sight,2
2026-04-07 20:21:17.395994,EEG Wearable,E1:1B:6D:10:62:56,-73,3.0,line_of_sight,2
2026-04-07 20:21:17.518792,EEG Wearable,E1:1B:6D:10:62:56,-72,3.0,line_of_sight,2
2026-04-07 20:21:17.524314,EEG Wearable,E1:1B:6D:10:62:56,-72,3.0,line_of_sight,2
2026-04-07 20:21:17.608963,EEG Wearable,E1:1B:6D:10:62:56,-75,3.0,line_of_sight,2
2026-04-07 20:21:17.619310,EEG Wearable,E1:1B:6D:10:62:56,-75,3.0,line_of_sight,2
2026-04-07 20:21:18.369607,EEG Wearable,E1:1B:6D:10:62:56,-77,3.0,line_of_sight,2
2026-04-07 20:21:18.377854,EEG Wearable,E1:1B:6D:10:62:56,-77,3.0,line_of_sight,2
2026-04-07 20:21:18.446246,EEG Wearable,E1:1B:6D:10:62:56,-73,3.0,line_of_sight,2
2026-04-07 20:21:18.452195,EEG Wearable,E1:1B:6D:10:62:56,-73,3.0,line_of_sight,2
2026-04-07 20:21:19.386328,EEG Wearable,E1:1B:6D:10:62:56,-75,3.0,line_of_sight,2
2026-04-07 20:21:19.398390,EEG Wearable,E1:1B:6D:10:62:56,-75,3.0,line_of_sight,2
2026-04-07 20:21:20.229118,EEG Wearable,E1:1B:6D:10:62:56,-72,3.0,line_of_sight,2
2026-04-07 20:21:20.339002,EEG Wearable,E1:1B:6D:10:62:56,-72,3.0,line_of_sight,2
2026-04-07 20:21:20.343021,EEG Wearable,E1:1B:6D:10:62:56,-72,3.0,line_of_sight,2
2026-04-07 20:21:21.162069,EEG Wearable,E1:1B:6D:10:62:56,-75,3.0,line_of_sight,2
2026-04-07 20:21:21.172618,EEG Wearable,E1:1B:6D:10:62:56,-75,3.0,line_of_sight,2
2026-04-07 20:21:22.101269,EEG Wearable,E1:1B:6D:10:62:56,-71,3.0,line_of_sight,2
2026-04-07 20:21:22.112391,EEG Wearable,E1:1B:6D:10:62:56,-71,3.0,line_of_sight,2
2026-04-07 20:21:22.938153,EEG Wearable,E1:1B:6D:10:62:56,-73,3.0,line_of_sight,2
2026-04-07 20:21:22.952228,EEG Wearable,E1:1B:6D:10:62:56,-73,3.0,line_of_sight,2
2026-04-07 20:21:23.780538,EEG Wearable,E1:1B:6D:10:62:56,-70,3.0,line_of_sight,2
2026-04-07 20:21:23.788590,EEG Wearable,E1:1B:6D:10:62:56,-70,3.0,line_of_sight,2
2026-04-07 20:21:23.874830,EEG Wearable,E1:1B:6D:10:62:56,-71,3.0,line_of_sight,2
2026-04-07 20:21:23.886549,EEG Wearable,E1:1B:6D:10:62:56,-72,3.0,line_of_sight,2
2026-04-07 20:21:24.713426,EEG Wearable,E1:1B:6D:10:62:56,-74,3.0,line_of_sight,2
2026-04-07 20:21:24.727442,EEG Wearable,E1:1B:6D:10:62:56,-74,3.0,line_of_sight,2
2026-04-07 20:21:25.763407,EEG Wearable,E1:1B:6D:10:62:56,-76,3.0,line_of_sight,2
2026-04-07 20:21:25.781744,EEG Wearable,E1:1B:6D:10:62:56,-76,3.0,line_of_sight,2
2026-04-07 20:21:26.612111,EEG Wearable,E1:1B:6D:10:62:56,-78,3.0,line_of_sight,2
2026-04-07 20:21:26.616129,EEG Wearable,E1:1B:6D:10:62:56,-77,3.0,line_of_sight,2
2026-04-07 20:21:27.682951,EEG Wearable,E1:1B:6D:10:62:56,-72,3.0,line_of_sight,2
2026-04-07 20:21:27.691235,EEG Wearable,E1:1B:6D:10:62:56,-72,3.0,line_of_sight,2
2026-04-07 20:21:27.779357,EEG Wearable,E1:1B:6D:10:62:56,-71,3.0,line_of_sight,2
2026-04-07 20:21:28.504539,EEG Wearable,E1:1B:6D:10:62:56,-72,3.0,line_of_sight,2
2026-04-07 20:21:28.515183,EEG Wearable,E1:1B:6D:10:62:56,-72,3.0,line_of_sight,2
2026-04-07 20:21:28.613295,EEG Wearable,E1:1B:6D:10:62:56,-74,3.0,line_of_sight,2
2026-04-07 20:21:28.626268,EEG Wearable,E1:1B:6D:10:62:56,-76,3.0,line_of_sight,2
2026-04-07 20:21:29.449898,EEG Wearable,E1:1B:6D:10:62:56,-73,3.0,line_of_sight,2
2026-04-07 20:21:29.561162,EEG Wearable,E1:1B:6D:10:62:56,-72,3.0,line_of_sight,2
2026-04-07 20:21:29.569524,EEG Wearable,E1:1B:6D:10:62:56,-72,3.0,line_of_sight,2
2026-04-07 20:21:30.487299,EEG Wearable,E1:1B:6D:10:62:56,-77,3.0,line_of_sight,2
2026-04-07 20:21:30.500165,EEG Wearable,E1:1B:6D:10:62:56,-77,3.0,line_of_sight,2
2026-04-07 20:21:31.445960,EEG Wearable,E1:1B:6D:10:62:56,-73,3.0,line_of_sight,2
2026-04-07 20:21:31.445960,EEG Wearable,E1:1B:6D:10:62:56,-73,3.0,line_of_sight,2
2026-04-07 20:21:31.554831,EEG Wearable,E1:1B:6D:10:62:56,-73,3.0,line_of_sight,2
2026-04-07 20:21:31.557856,EEG Wearable,E1:1B:6D:10:62:56,-73,3.0,line_of_sight,2
2026-04-07 20:21:32.386872,EEG Wearable,E1:1B:6D:10:62:56,-69,3.0,line_of_sight,2
2026-04-07 20:21:32.400472,EEG Wearable,E1:1B:6D:10:62:56,-70,3.0,line_of_sight,2
2026-04-07 20:21:32.496932,EEG Wearable,E1:1B:6D:10:62:56,-75,3.0,line_of_sight,2
2026-04-07 20:21:32.500950,EEG Wearable,E1:1B:6D:10:62:56,-75,3.0,line_of_sight,2
2026-04-07 20:21:33.327666,EEG Wearable,E1:1B:6D:10:62:56,-75,3.0,line_of_sight,2
2026-04-07 20:21:34.171878,EEG Wearable,E1:1B:6D:10:62:56,-70,3.0,line_of_sight,2
2026-04-07 20:21:35.364231,EEG Wearable,E1:1B:6D:10:62:56,-74,3.0,line_of_sight,2
2026-04-07 20:21:35.374552,EEG Wearable,E1:1B:6D:10:62:56,-74,3.0,line_of_sight,2
2026-04-07 20:21:36.402851,EEG Wearable,E1:1B:6D:10:62:56,-73,3.0,line_of_sight,2
2026-04-07 20:21:36.421334,EEG Wearable,E1:1B:6D:10:62:56,-73,3.0,line_of_sight,2
2026-04-07 20:21:37.454821,EEG Wearable,E1:1B:6D:10:62:56,-74,3.0,line_of_sight,2
2026-04-07 20:21:37.469655,EEG Wearable,E1:1B:6D:10:62:56,-74,3.0,line_of_sight,2
2026-04-07 20:21:38.298415,EEG Wearable,E1:1B:6D:10:62:56,-72,3.0,line_of_sight,2
2026-04-07 20:21:38.298415,EEG Wearable,E1:1B:6D:10:62:56,-72,3.0,line_of_sight,2
2026-04-07 20:21:38.401947,EEG Wearable,E1:1B:6D:10:62:56,-73,3.0,line_of_sight,2
2026-04-07 20:21:38.416313,EEG Wearable,E1:1B:6D:10:62:56,-73,3.0,line_of_sight,2
2026-04-07 20:21:39.243183,EEG Wearable,E1:1B:6D:10:62:56,-76,3.0,line_of_sight,2
2026-04-07 20:21:39.255768,EEG Wearable,E1:1B:6D:10:62:56,-75,3.0,line_of_sight,2
2026-04-07 20:21:41.948069,EEG Wearable,E1:1B:6D:10:62:56,-73,3.0,line_of_sight,3
2026-04-07 20:21:41.967669,EEG Wearable,E1:1B:6D:10:62:56,-74,3.0,line_of_sight,3
2026-04-07 20:21:42.783415,EEG Wearable,E1:1B:6D:10:62:56,-76,3.0,line_of_sight,3
2026-04-07 20:21:42.800284,EEG Wearable,E1:1B:6D:10:62:56,-76,3.0,line_of_sight,3
2026-04-07 20:21:43.621279,EEG Wearable,E1:1B:6D:10:62:56,-73,3.0,line_of_sight,3
2026-04-07 20:21:43.627724,EEG Wearable,E1:1B:6D:10:62:56,-73,3.0,line_of_sight,3
2026-04-07 20:21:43.715601,EEG Wearable,E1:1B:6D:10:62:56,-69,3.0,line_of_sight,3
2026-04-07 20:21:43.731162,EEG Wearable,E1:1B:6D:10:62:56,-70,3.0,line_of_sight,3
2026-04-07 20:21:44.469961,EEG Wearable,E1:1B:6D:10:62:56,-72,3.0,line_of_sight,3
2026-04-07 20:21:44.548438,EEG Wearable,E1:1B:6D:10:62:56,-73,3.0,line_of_sight,3
2026-04-07 20:21:44.566317,EEG Wearable,E1:1B:6D:10:62:56,-73,3.0,line_of_sight,3
2026-04-07 20:21:45.404870,EEG Wearable,E1:1B:6D:10:62:56,-76,3.0,line_of_sight,3
2026-04-07 20:21:45.502530,EEG Wearable,E1:1B:6D:10:62:56,-71,3.0,line_of_sight,3
2026-04-07 20:21:45.514595,EEG Wearable,E1:1B:6D:10:62:56,-71,3.0,line_of_sight,3
2026-04-07 20:21:46.346040,EEG Wearable,E1:1B:6D:10:62:56,-74,3.0,line_of_sight,3
2026-04-07 20:21:46.362837,EEG Wearable,E1:1B:6D:10:62:56,-74,3.0,line_of_sight,3
2026-04-07 20:21:46.553239,EEG Wearable,E1:1B:6D:10:62:56,-71,3.0,line_of_sight,3
2026-04-07 20:21:47.505555,EEG Wearable,E1:1B:6D:10:62:56,-74,3.0,line_of_sight,3
2026-04-07 20:21:48.444943,EEG Wearable,E1:1B:6D:10:62:56,-73,3.0,line_of_sight,3
2026-04-07 20:21:48.459111,EEG Wearable,E1:1B:6D:10:62:56,-73,3.0,line_of_sight,3
2026-04-07 20:21:49.277263,EEG Wearable,E1:1B:6D:10:62:56,-75,3.0,line_of_sight,3
2026-04-07 20:21:50.226366,EEG Wearable,E1:1B:6D:10:62:56,-72,3.0,line_of_sight,3
2026-04-07 20:21:50.226366,EEG Wearable,E1:1B:6D:10:62:56,-72,3.0,line_of_sight,3
2026-04-07 20:21:50.330979,EEG Wearable,E1:1B:6D:10:62:56,-74,3.0,line_of_sight,3
2026-04-07 20:21:51.168150,EEG Wearable,E1:1B:6D:10:62:56,-75,3.0,line_of_sight,3
2026-04-07 20:21:51.187675,EEG Wearable,E1:1B:6D:10:62:56,-75,3.0,line_of_sight,3
2026-04-07 20:21:52.152686,EEG Wearable,E1:1B:6D:10:62:56,-74,3.0,line_of_sight,3
2026-04-07 20:21:52.159123,EEG Wearable,E1:1B:6D:10:62:56,-74,3.0,line_of_sight,3
2026-04-07 20:21:52.959707,EEG Wearable,E1:1B:6D:10:62:56,-74,3.0,line_of_sight,3
2026-04-07 20:21:53.050174,EEG Wearable,E1:1B:6D:10:62:56,-73,3.0,line_of_sight,3
2026-04-07 20:21:53.066313,EEG Wearable,E1:1B:6D:10:62:56,-74,3.0,line_of_sight,3
2026-04-07 20:21:53.883080,EEG Wearable,E1:1B:6D:10:62:56,-75,3.0,line_of_sight,3
2026-04-07 20:21:54.616914,EEG Wearable,E1:1B:6D:10:62:56,-74,3.0,line_of_sight,3
2026-04-07 20:21:54.712815,EEG Wearable,E1:1B:6D:10:62:56,-71,3.0,line_of_sight,3
2026-04-07 20:21:54.733955,EEG Wearable,E1:1B:6D:10:62:56,-71,3.0,line_of_sight,3
2026-04-07 20:21:54.827945,EEG Wearable,E1:1B:6D:10:62:56,-73,3.0,line_of_sight,3
2026-04-07 20:21:55.786880,EEG Wearable,E1:1B:6D:10:62:56,-71,3.0,line_of_sight,3
2026-04-07 20:21:56.741643,EEG Wearable,E1:1B:6D:10:62:56,-74,3.0,line_of_sight,3
2026-04-07 20:21:57.789261,EEG Wearable,E1:1B:6D:10:62:56,-73,3.0,line_of_sight,3
2026-04-07 20:21:58.632896,EEG Wearable,E1:1B:6D:10:62:56,-71,3.0,line_of_sight,3
2026-04-07 20:21:58.658002,EEG Wearable,E1:1B:6D:10:62:56,-71,3.0,line_of_sight,3
2026-04-07 20:21:59.672058,EEG Wearable,E1:1B:6D:10:62:56,-70,3.0,line_of_sight,3
2026-04-07 20:22:00.665338,EEG Wearable,E1:1B:6D:10:62:56,-74,3.0,line_of_sight,3
2026-04-07 20:22:00.675568,EEG Wearable,E1:1B:6D:10:62:56,-74,3.0,line_of_sight,3
2026-04-07 20:22:00.729112,EEG Wearable,E1:1B:6D:10:62:56,-71,3.0,line_of_sight,3
2026-04-07 20:22:00.744935,EEG Wearable,E1:1B:6D:10:62:56,-71,3.0,line_of_sight,3
2026-04-07 20:22:00.840515,EEG Wearable,E1:1B:6D:10:62:56,-74,3.0,line_of_sight,3
2026-04-07 20:22:00.866942,EEG Wearable,E1:1B:6D:10:62:56,-74,3.0,line_of_sight,3
2026-04-07 20:22:02.544114,EEG Wearable,E1:1B:6D:10:62:56,-71,3.0,line_of_sight,3
2026-04-07 20:22:02.544114,EEG Wearable,E1:1B:6D:10:62:56,-71,3.0,line_of_sight,3
2026-04-07 20:22:02.639786,EEG Wearable,E1:1B:6D:10:62:56,-74,3.0,line_of_sight,3
2026-04-07 20:22:02.639786,EEG Wearable,E1:1B:6D:10:62:56,-74,3.0,line_of_sight,3
2026-04-07 20:22:04.393367,EEG Wearable,E1:1B:6D:10:62:56,-74,3.0,line_of_sight,3
2026-04-07 20:22:04.409108,EEG Wearable,E1:1B:6D:10:62:56,-74,3.0,line_of_sight,3
2026-04-07 20:22:04.918993,EEG Wearable,E1:1B:6D:10:62:56,-74,3.0,line_of_sight,3
2026-04-07 20:22:04.930164,EEG Wearable,E1:1B:6D:10:62:56,-74,3.0,line_of_sight,3
2026-04-07 20:22:05.110922,EEG Wearable,E1:1B:6D:10:62:56,-74,3.0,line_of_sight,3
2026-04-07 20:22:05.130300,EEG Wearable,E1:1B:6D:10:62:56,-73,3.0,line_of_sight,3
2026-04-07 20:22:05.216037,EEG Wearable,E1:1B:6D:10:62:56,-72,3.0,line_of_sight,3
2026-04-07 20:22:05.237847,EEG Wearable,E1:1B:6D:10:62:56,-72,3.0,line_of_sight,3
2026-04-07 20:22:07.013504,EEG Wearable,E1:1B:6D:10:62:56,-74,3.0,line_of_sight,3
2026-04-07 20:22:07.038040,EEG Wearable,E1:1B:6D:10:62:56,-74,3.0,line_of_sight,3
2026-04-07 20:22:07.124941,EEG Wearable,E1:1B:6D:10:62:56,-72,3.0,line_of_sight,3
2026-04-07 20:22:07.135006,EEG Wearable,E1:1B:6D:10:62:56,-72,3.0,line_of_sight,3
2026-04-07 20:22:07.221089,EEG Wearable,E1:1B:6D:10:62:56,-75,3.0,line_of_sight,3
2026-04-07 20:22:08.195748,EEG Wearable,E1:1B:6D:10:62:56,-71,3.0,line_of_sight,3
2026-04-07 20:22:08.195748,EEG Wearable,E1:1B:6D:10:62:56,-72,3.0,line_of_sight,3
2026-04-07 20:22:09.239810,EEG Wearable,E1:1B:6D:10:62:56,-68,3.0,line_of_sight,3
2026-04-07 20:22:09.271258,EEG Wearable,E1:1B:6D:10:62:56,-69,3.0,line_of_sight,3
2026-04-07 20:22:10.179515,EEG Wearable,E1:1B:6D:10:62:56,-74,3.0,line_of_sight,3
2026-04-07 20:22:10.909758,EEG Wearable,E1:1B:6D:10:62:56,-73,3.0,line_of_sight,3
2026-04-07 20:22:10.925275,EEG Wearable,E1:1B:6D:10:62:56,-73,3.0,line_of_sight,3
2026-04-07 20:22:11.015244,EEG Wearable,E1:1B:6D:10:62:56,-71,3.0,line_of_sight,3
2026-04-07 20:22:11.020962,EEG Wearable,E1:1B:6D:10:62:56,-71,3.0,line_of_sight,3
2026-04-07 20:24:59.349000,EEG Wearable,E1:1B:6D:10:62:56,-75,5.0,line_of_sight,1
2026-04-07 20:25:00.283957,EEG Wearable,E1:1B:6D:10:62:56,-77,5.0,line_of_sight,1
2026-04-07 20:25:00.297104,EEG Wearable,E1:1B:6D:10:62:56,-77,5.0,line_of_sight,1
2026-04-07 20:25:00.391642,EEG Wearable,E1:1B:6D:10:62:56,-82,5.0,line_of_sight,1
2026-04-07 20:25:00.405440,EEG Wearable,E1:1B:6D:10:62:56,-81,5.0,line_of_sight,1
2026-04-07 20:25:01.349970,EEG Wearable,E1:1B:6D:10:62:56,-72,5.0,line_of_sight,1
2026-04-07 20:25:01.349970,EEG Wearable,E1:1B:6D:10:62:56,-72,5.0,line_of_sight,1
2026-04-07 20:25:01.453768,EEG Wearable,E1:1B:6D:10:62:56,-90,5.0,line_of_sight,1
2026-04-07 20:25:01.473510,EEG Wearable,E1:1B:6D:10:62:56,-90,5.0,line_of_sight,1
2026-04-07 20:25:02.185074,EEG Wearable,E1:1B:6D:10:62:56,-77,5.0,line_of_sight,1
2026-04-07 20:25:02.198009,EEG Wearable,E1:1B:6D:10:62:56,-76,5.0,line_of_sight,1
2026-04-07 20:25:02.288033,EEG Wearable,E1:1B:6D:10:62:56,-77,5.0,line_of_sight,1
2026-04-07 20:25:02.302133,EEG Wearable,E1:1B:6D:10:62:56,-78,5.0,line_of_sight,1
2026-04-07 20:25:03.114950,EEG Wearable,E1:1B:6D:10:62:56,-75,5.0,line_of_sight,1
2026-04-07 20:25:04.065232,EEG Wearable,E1:1B:6D:10:62:56,-76,5.0,line_of_sight,1
2026-04-07 20:25:04.070302,EEG Wearable,E1:1B:6D:10:62:56,-76,5.0,line_of_sight,1
2026-04-07 20:25:04.896390,EEG Wearable,E1:1B:6D:10:62:56,-82,5.0,line_of_sight,1
2026-04-07 20:25:04.896390,EEG Wearable,E1:1B:6D:10:62:56,-83,5.0,line_of_sight,1
2026-04-07 20:25:05.848111,EEG Wearable,E1:1B:6D:10:62:56,-77,5.0,line_of_sight,1
2026-04-07 20:25:05.949025,EEG Wearable,E1:1B:6D:10:62:56,-75,5.0,line_of_sight,1
2026-04-07 20:25:06.807941,EEG Wearable,E1:1B:6D:10:62:56,-81,5.0,line_of_sight,1
2026-04-07 20:25:06.810727,EEG Wearable,E1:1B:6D:10:62:56,-81,5.0,line_of_sight,1
2026-04-07 20:25:07.648765,EEG Wearable,E1:1B:6D:10:62:56,-80,5.0,line_of_sight,1
2026-04-07 20:25:08.682495,EEG Wearable,E1:1B:6D:10:62:56,-80,5.0,line_of_sight,1
2026-04-07 20:25:08.699161,EEG Wearable,E1:1B:6D:10:62:56,-80,5.0,line_of_sight,1
2026-04-07 20:25:09.501590,EEG Wearable,E1:1B:6D:10:62:56,-76,5.0,line_of_sight,1
2026-04-07 20:25:09.632915,EEG Wearable,E1:1B:6D:10:62:56,-81,5.0,line_of_sight,1
2026-04-07 20:25:09.642876,EEG Wearable,E1:1B:6D:10:62:56,-81,5.0,line_of_sight,1
2026-04-07 20:25:10.467330,EEG Wearable,E1:1B:6D:10:62:56,-84,5.0,line_of_sight,1
2026-04-07 20:25:10.469338,EEG Wearable,E1:1B:6D:10:62:56,-84,5.0,line_of_sight,1
2026-04-07 20:25:10.554508,EEG Wearable,E1:1B:6D:10:62:56,-78,5.0,line_of_sight,1
2026-04-07 20:25:10.570465,EEG Wearable,E1:1B:6D:10:62:56,-78,5.0,line_of_sight,1
2026-04-07 20:25:11.509653,EEG Wearable,E1:1B:6D:10:62:56,-82,5.0,line_of_sight,1
2026-04-07 20:25:11.523060,EEG Wearable,E1:1B:6D:10:62:56,-82,5.0,line_of_sight,1
2026-04-07 20:25:12.348012,EEG Wearable,E1:1B:6D:10:62:56,-73,5.0,line_of_sight,1
2026-04-07 20:25:13.076740,EEG Wearable,E1:1B:6D:10:62:56,-74,5.0,line_of_sight,1
2026-04-07 20:25:13.085911,EEG Wearable,E1:1B:6D:10:62:56,-74,5.0,line_of_sight,1
2026-04-07 20:25:13.396724,EEG Wearable,E1:1B:6D:10:62:56,-73,5.0,line_of_sight,1
2026-04-07 20:25:13.408552,EEG Wearable,E1:1B:6D:10:62:56,-73,5.0,line_of_sight,1
2026-04-07 20:25:13.507422,EEG Wearable,E1:1B:6D:10:62:56,-73,5.0,line_of_sight,1
2026-04-07 20:25:13.521281,EEG Wearable,E1:1B:6D:10:62:56,-73,5.0,line_of_sight,1
2026-04-07 20:25:14.455088,EEG Wearable,E1:1B:6D:10:62:56,-72,5.0,line_of_sight,1
2026-04-07 20:25:14.466729,EEG Wearable,E1:1B:6D:10:62:56,-72,5.0,line_of_sight,1
2026-04-07 20:25:15.526912,EEG Wearable,E1:1B:6D:10:62:56,-73,5.0,line_of_sight,1
2026-04-07 20:25:15.542649,EEG Wearable,E1:1B:6D:10:62:56,-73,5.0,line_of_sight,1
2026-04-07 20:25:15.636705,EEG Wearable,E1:1B:6D:10:62:56,-76,5.0,line_of_sight,1
2026-04-07 20:25:15.649593,EEG Wearable,E1:1B:6D:10:62:56,-76,5.0,line_of_sight,1
2026-04-07 20:25:16.577589,EEG Wearable,E1:1B:6D:10:62:56,-73,5.0,line_of_sight,1
2026-04-07 20:25:16.588641,EEG Wearable,E1:1B:6D:10:62:56,-73,5.0,line_of_sight,1
2026-04-07 20:25:18.484813,EEG Wearable,E1:1B:6D:10:62:56,-75,5.0,line_of_sight,1
2026-04-07 20:25:18.490901,EEG Wearable,E1:1B:6D:10:62:56,-75,5.0,line_of_sight,1
2026-04-07 20:25:18.593847,EEG Wearable,E1:1B:6D:10:62:56,-80,5.0,line_of_sight,1
2026-04-07 20:25:18.602263,EEG Wearable,E1:1B:6D:10:62:56,-80,5.0,line_of_sight,1
2026-04-07 20:25:20.138345,EEG Wearable,E1:1B:6D:10:62:56,-73,5.0,line_of_sight,1
2026-04-07 20:25:20.151578,EEG Wearable,E1:1B:6D:10:62:56,-73,5.0,line_of_sight,1
2026-04-07 20:25:21.091037,EEG Wearable,E1:1B:6D:10:62:56,-77,5.0,line_of_sight,1
2026-04-07 20:25:21.107116,EEG Wearable,E1:1B:6D:10:62:56,-76,5.0,line_of_sight,1
2026-04-07 20:25:22.127266,EEG Wearable,E1:1B:6D:10:62:56,-76,5.0,line_of_sight,1
2026-04-07 20:25:22.141102,EEG Wearable,E1:1B:6D:10:62:56,-76,5.0,line_of_sight,1
2026-04-07 20:25:22.856778,EEG Wearable,E1:1B:6D:10:62:56,-76,5.0,line_of_sight,1
2026-04-07 20:25:22.959037,EEG Wearable,E1:1B:6D:10:62:56,-73,5.0,line_of_sight,1
2026-04-07 20:25:22.972647,EEG Wearable,E1:1B:6D:10:62:56,-75,5.0,line_of_sight,1
2026-04-07 20:25:24.034267,EEG Wearable,E1:1B:6D:10:62:56,-74,5.0,line_of_sight,1
2026-04-07 20:25:24.044316,EEG Wearable,E1:1B:6D:10:62:56,-74,5.0,line_of_sight,1
2026-04-07 20:25:24.140535,EEG Wearable,E1:1B:6D:10:62:56,-76,5.0,line_of_sight,1
2026-04-07 20:25:24.152761,EEG Wearable,E1:1B:6D:10:62:56,-76,5.0,line_of_sight,1
2026-04-07 20:25:24.977465,EEG Wearable,E1:1B:6D:10:62:56,-76,5.0,line_of_sight,1
2026-04-07 20:25:24.977465,EEG Wearable,E1:1B:6D:10:62:56,-76,5.0,line_of_sight,1
2026-04-07 20:25:25.079316,EEG Wearable,E1:1B:6D:10:62:56,-74,5.0,line_of_sight,1
2026-04-07 20:25:25.095614,EEG Wearable,E1:1B:6D:10:62:56,-74,5.0,line_of_sight,1
2026-04-07 20:25:26.868766,EEG Wearable,E1:1B:6D:10:62:56,-72,5.0,line_of_sight,1
2026-04-07 20:25:26.874317,EEG Wearable,E1:1B:6D:10:62:56,-72,5.0,line_of_sight,1
2026-04-07 20:25:27.921168,EEG Wearable,E1:1B:6D:10:62:56,-72,5.0,line_of_sight,1
2026-04-07 20:25:27.933914,EEG Wearable,E1:1B:6D:10:62:56,-72,5.0,line_of_sight,1
2026-04-07 20:25:28.872176,EEG Wearable,E1:1B:6D:10:62:56,-77,5.0,line_of_sight,1
2026-04-07 20:25:28.872176,EEG Wearable,E1:1B:6D:10:62:56,-77,5.0,line_of_sight,1
2026-04-07 20:25:46.494154,EEG Wearable,E1:1B:6D:10:62:56,-79,5.0,line_of_sight,2
2026-04-07 20:25:46.499232,EEG Wearable,E1:1B:6D:10:62:56,-79,5.0,line_of_sight,2
2026-04-07 20:25:46.584510,EEG Wearable,E1:1B:6D:10:62:56,-75,5.0,line_of_sight,2
2026-04-07 20:25:46.603112,EEG Wearable,E1:1B:6D:10:62:56,-76,5.0,line_of_sight,2
2026-04-07 20:25:47.218205,EEG Wearable,E1:1B:6D:10:62:56,-79,5.0,line_of_sight,2
2026-04-07 20:25:47.321340,EEG Wearable,E1:1B:6D:10:62:56,-76,5.0,line_of_sight,2
2026-04-07 20:25:47.331671,EEG Wearable,E1:1B:6D:10:62:56,-77,5.0,line_of_sight,2
2026-04-07 20:25:48.138014,EEG Wearable,E1:1B:6D:10:62:56,-80,5.0,line_of_sight,2
2026-04-07 20:25:49.181694,EEG Wearable,E1:1B:6D:10:62:56,-78,5.0,line_of_sight,2
2026-04-07 20:25:49.189601,EEG Wearable,E1:1B:6D:10:62:56,-78,5.0,line_of_sight,2
2026-04-07 20:25:50.245379,EEG Wearable,E1:1B:6D:10:62:56,-77,5.0,line_of_sight,2
2026-04-07 20:25:51.074666,EEG Wearable,E1:1B:6D:10:62:56,-76,5.0,line_of_sight,2
2026-04-07 20:25:52.030008,EEG Wearable,E1:1B:6D:10:62:56,-76,5.0,line_of_sight,2
2026-04-07 20:25:52.134677,EEG Wearable,E1:1B:6D:10:62:56,-80,5.0,line_of_sight,2
2026-04-07 20:25:52.148187,EEG Wearable,E1:1B:6D:10:62:56,-80,5.0,line_of_sight,2
2026-04-07 20:25:52.973577,EEG Wearable,E1:1B:6D:10:62:56,-81,5.0,line_of_sight,2
2026-04-07 20:25:52.973577,EEG Wearable,E1:1B:6D:10:62:56,-81,5.0,line_of_sight,2
2026-04-07 20:25:53.076411,EEG Wearable,E1:1B:6D:10:62:56,-81,5.0,line_of_sight,2
2026-04-07 20:25:53.090720,EEG Wearable,E1:1B:6D:10:62:56,-81,5.0,line_of_sight,2
2026-04-07 20:25:53.814469,EEG Wearable,E1:1B:6D:10:62:56,-77,5.0,line_of_sight,2
2026-04-07 20:25:54.024388,EEG Wearable,E1:1B:6D:10:62:56,-79,5.0,line_of_sight,2
2026-04-07 20:25:54.026399,EEG Wearable,E1:1B:6D:10:62:56,-79,5.0,line_of_sight,2
2026-04-07 20:25:54.976851,EEG Wearable,E1:1B:6D:10:62:56,-82,5.0,line_of_sight,2
2026-04-07 20:25:54.982273,EEG Wearable,E1:1B:6D:10:62:56,-82,5.0,line_of_sight,2
2026-04-07 20:25:55.084028,EEG Wearable,E1:1B:6D:10:62:56,-81,5.0,line_of_sight,2
2026-04-07 20:25:55.097655,EEG Wearable,E1:1B:6D:10:62:56,-81,5.0,line_of_sight,2
2026-04-07 20:25:56.816133,EEG Wearable,E1:1B:6D:10:62:56,-80,5.0,line_of_sight,2
2026-04-07 20:25:56.829992,EEG Wearable,E1:1B:6D:10:62:56,-80,5.0,line_of_sight,2
2026-04-07 20:25:56.855824,EEG Wearable,E1:1B:6D:10:62:56,-79,5.0,line_of_sight,2
2026-04-07 20:25:56.869107,EEG Wearable,E1:1B:6D:10:62:56,-79,5.0,line_of_sight,2
2026-04-07 20:25:57.481412,EEG Wearable,E1:1B:6D:10:62:56,-80,5.0,line_of_sight,2
2026-04-07 20:25:57.494351,EEG Wearable,E1:1B:6D:10:62:56,-80,5.0,line_of_sight,2
2026-04-07 20:25:57.585413,EEG Wearable,E1:1B:6D:10:62:56,-80,5.0,line_of_sight,2
2026-04-07 20:25:57.599463,EEG Wearable,E1:1B:6D:10:62:56,-80,5.0,line_of_sight,2
2026-04-07 20:25:57.689360,EEG Wearable,E1:1B:6D:10:62:56,-77,5.0,line_of_sight,2
2026-04-07 20:25:58.641745,EEG Wearable,E1:1B:6D:10:62:56,-81,5.0,line_of_sight,2
2026-04-07 20:25:58.657716,EEG Wearable,E1:1B:6D:10:62:56,-81,5.0,line_of_sight,2
2026-04-07 20:25:58.749736,EEG Wearable,E1:1B:6D:10:62:56,-85,5.0,line_of_sight,2
2026-04-07 20:25:58.749736,EEG Wearable,E1:1B:6D:10:62:56,-85,5.0,line_of_sight,2
2026-04-07 20:25:59.579016,EEG Wearable,E1:1B:6D:10:62:56,-84,5.0,line_of_sight,2
2026-04-07 20:25:59.594810,EEG Wearable,E1:1B:6D:10:62:56,-84,5.0,line_of_sight,2
2026-04-07 20:25:59.691336,EEG Wearable,E1:1B:6D:10:62:56,-81,5.0,line_of_sight,2
2026-04-07 20:25:59.691336,EEG Wearable,E1:1B:6D:10:62:56,-81,5.0,line_of_sight,2
2026-04-07 20:26:00.218245,EEG Wearable,E1:1B:6D:10:62:56,-81,5.0,line_of_sight,2
2026-04-07 20:26:00.423410,EEG Wearable,E1:1B:6D:10:62:56,-80,5.0,line_of_sight,2
2026-04-07 20:26:00.439206,EEG Wearable,E1:1B:6D:10:62:56,-80,5.0,line_of_sight,2
2026-04-07 20:26:00.519082,EEG Wearable,E1:1B:6D:10:62:56,-79,5.0,line_of_sight,2
2026-04-07 20:26:00.534925,EEG Wearable,E1:1B:6D:10:62:56,-79,5.0,line_of_sight,2
2026-04-07 20:26:00.630729,EEG Wearable,E1:1B:6D:10:62:56,-83,5.0,line_of_sight,2
2026-04-07 20:26:00.646507,EEG Wearable,E1:1B:6D:10:62:56,-83,5.0,line_of_sight,2
2026-04-07 20:26:01.474571,EEG Wearable,E1:1B:6D:10:62:56,-80,5.0,line_of_sight,2
2026-04-07 20:26:01.480250,EEG Wearable,E1:1B:6D:10:62:56,-80,5.0,line_of_sight,2
2026-04-07 20:26:02.326460,EEG Wearable,E1:1B:6D:10:62:56,-80,5.0,line_of_sight,2
2026-04-07 20:26:02.326460,EEG Wearable,E1:1B:6D:10:62:56,-80,5.0,line_of_sight,2
2026-04-07 20:26:02.406171,EEG Wearable,E1:1B:6D:10:62:56,-86,5.0,line_of_sight,2
2026-04-07 20:26:02.416571,EEG Wearable,E1:1B:6D:10:62:56,-84,5.0,line_of_sight,2
2026-04-07 20:26:03.137309,EEG Wearable,E1:1B:6D:10:62:56,-84,5.0,line_of_sight,2
2026-04-07 20:26:03.137309,EEG Wearable,E1:1B:6D:10:62:56,-84,5.0,line_of_sight,2
2026-04-07 20:26:03.233686,EEG Wearable,E1:1B:6D:10:62:56,-81,5.0,line_of_sight,2
2026-04-07 20:26:03.249422,EEG Wearable,E1:1B:6D:10:62:56,-81,5.0,line_of_sight,2
2026-04-07 20:26:04.909881,EEG Wearable,E1:1B:6D:10:62:56,-84,5.0,line_of_sight,2
2026-04-07 20:26:04.928200,EEG Wearable,E1:1B:6D:10:62:56,-84,5.0,line_of_sight,2
2026-04-07 20:26:05.964648,EEG Wearable,E1:1B:6D:10:62:56,-88,5.0,line_of_sight,2
2026-04-07 20:26:06.077063,EEG Wearable,E1:1B:6D:10:62:56,-81,5.0,line_of_sight,2
2026-04-07 20:26:06.077063,EEG Wearable,E1:1B:6D:10:62:56,-81,5.0,line_of_sight,2
2026-04-07 20:26:07.040872,EEG Wearable,E1:1B:6D:10:62:56,-84,5.0,line_of_sight,2
2026-04-07 20:26:07.046908,EEG Wearable,E1:1B:6D:10:62:56,-84,5.0,line_of_sight,2
2026-04-07 20:26:07.862447,EEG Wearable,E1:1B:6D:10:62:56,-82,5.0,line_of_sight,2
2026-04-07 20:26:07.862447,EEG Wearable,E1:1B:6D:10:62:56,-82,5.0,line_of_sight,2
2026-04-07 20:26:07.959208,EEG Wearable,E1:1B:6D:10:62:56,-81,5.0,line_of_sight,2
2026-04-07 20:26:07.973301,EEG Wearable,E1:1B:6D:10:62:56,-81,5.0,line_of_sight,2
2026-04-07 20:26:08.791688,EEG Wearable,E1:1B:6D:10:62:56,-92,5.0,line_of_sight,2
2026-04-07 20:26:08.818444,EEG Wearable,E1:1B:6D:10:62:56,-92,5.0,line_of_sight,2
2026-04-07 20:26:08.898789,EEG Wearable,E1:1B:6D:10:62:56,-81,5.0,line_of_sight,2
2026-04-07 20:26:09.855249,EEG Wearable,E1:1B:6D:10:62:56,-90,5.0,line_of_sight,2
2026-04-07 20:26:09.855249,EEG Wearable,E1:1B:6D:10:62:56,-89,5.0,line_of_sight,2
2026-04-07 20:26:10.799025,EEG Wearable,E1:1B:6D:10:62:56,-84,5.0,line_of_sight,2
2026-04-07 20:26:10.814730,EEG Wearable,E1:1B:6D:10:62:56,-84,5.0,line_of_sight,2
2026-04-07 20:26:11.739831,EEG Wearable,E1:1B:6D:10:62:56,-79,5.0,line_of_sight,2
2026-04-07 20:26:11.850479,EEG Wearable,E1:1B:6D:10:62:56,-80,5.0,line_of_sight,2
2026-04-07 20:26:11.866294,EEG Wearable,E1:1B:6D:10:62:56,-80,5.0,line_of_sight,2
2026-04-07 20:26:12.806982,EEG Wearable,E1:1B:6D:10:62:56,-79,5.0,line_of_sight,2
2026-04-07 20:26:12.822728,EEG Wearable,E1:1B:6D:10:62:56,-79,5.0,line_of_sight,2
2026-04-07 20:26:14.458176,EEG Wearable,E1:1B:6D:10:62:56,-79,5.0,line_of_sight,2
2026-04-07 20:26:14.472854,EEG Wearable,E1:1B:6D:10:62:56,-79,5.0,line_of_sight,2
2026-04-07 20:26:15.417796,EEG Wearable,E1:1B:6D:10:62:56,-81,5.0,line_of_sight,2
2026-04-07 20:26:15.433557,EEG Wearable,E1:1B:6D:10:62:56,-81,5.0,line_of_sight,2
2026-04-07 20:26:15.528788,EEG Wearable,E1:1B:6D:10:62:56,-85,5.0,line_of_sight,2
2026-04-07 20:26:15.528788,EEG Wearable,E1:1B:6D:10:62:56,-85,5.0,line_of_sight,2
2026-04-07 20:26:15.638826,EEG Wearable,E1:1B:6D:10:62:56,-80,5.0,line_of_sight,2
2026-04-07 20:26:15.651888,EEG Wearable,E1:1B:6D:10:62:56,-80,5.0,line_of_sight,2
2026-04-07 20:26:42.941512,EEG Wearable,E1:1B:6D:10:62:56,-76,5.0,line_of_sight,3
2026-04-07 20:26:42.954938,EEG Wearable,E1:1B:6D:10:62:56,-77,5.0,line_of_sight,3
2026-04-07 20:26:43.894354,EEG Wearable,E1:1B:6D:10:62:56,-81,5.0,line_of_sight,3
2026-04-07 20:26:43.898369,EEG Wearable,E1:1B:6D:10:62:56,-84,5.0,line_of_sight,3
2026-04-07 20:26:44.003370,EEG Wearable,E1:1B:6D:10:62:56,-75,5.0,line_of_sight,3
2026-04-07 20:26:44.017716,EEG Wearable,E1:1B:6D:10:62:56,-75,5.0,line_of_sight,3
2026-04-07 20:26:45.897728,EEG Wearable,E1:1B:6D:10:62:56,-73,5.0,line_of_sight,3
2026-04-07 20:26:45.910048,EEG Wearable,E1:1B:6D:10:62:56,-73,5.0,line_of_sight,3
2026-04-07 20:26:47.789862,EEG Wearable,E1:1B:6D:10:62:56,-81,5.0,line_of_sight,3
2026-04-07 20:26:47.802566,EEG Wearable,E1:1B:6D:10:62:56,-81,5.0,line_of_sight,3
2026-04-07 20:26:47.902222,EEG Wearable,E1:1B:6D:10:62:56,-75,5.0,line_of_sight,3
2026-04-07 20:26:47.910609,EEG Wearable,E1:1B:6D:10:62:56,-76,5.0,line_of_sight,3
2026-04-07 20:26:48.733846,EEG Wearable,E1:1B:6D:10:62:56,-83,5.0,line_of_sight,3
2026-04-07 20:26:48.836604,EEG Wearable,E1:1B:6D:10:62:56,-85,5.0,line_of_sight,3
2026-04-07 20:26:48.844652,EEG Wearable,E1:1B:6D:10:62:56,-85,5.0,line_of_sight,3
2026-04-07 20:26:48.948734,EEG Wearable,E1:1B:6D:10:62:56,-76,5.0,line_of_sight,3
2026-04-07 20:26:48.960539,EEG Wearable,E1:1B:6D:10:62:56,-76,5.0,line_of_sight,3
2026-04-07 20:26:50.750396,EEG Wearable,E1:1B:6D:10:62:56,-78,5.0,line_of_sight,3
2026-04-07 20:26:50.760317,EEG Wearable,E1:1B:6D:10:62:56,-78,5.0,line_of_sight,3
2026-04-07 20:26:50.851757,EEG Wearable,E1:1B:6D:10:62:56,-75,5.0,line_of_sight,3
2026-04-07 20:26:50.864673,EEG Wearable,E1:1B:6D:10:62:56,-75,5.0,line_of_sight,3
2026-04-07 20:26:51.806430,EEG Wearable,E1:1B:6D:10:62:56,-76,5.0,line_of_sight,3
2026-04-07 20:26:51.819768,EEG Wearable,E1:1B:6D:10:62:56,-76,5.0,line_of_sight,3
2026-04-07 20:26:51.906719,EEG Wearable,E1:1B:6D:10:62:56,-79,5.0,line_of_sight,3
2026-04-07 20:26:51.920411,EEG Wearable,E1:1B:6D:10:62:56,-79,5.0,line_of_sight,3
2026-04-07 20:26:52.741006,EEG Wearable,E1:1B:6D:10:62:56,-86,5.0,line_of_sight,3
2026-04-07 20:26:52.754358,EEG Wearable,E1:1B:6D:10:62:56,-86,5.0,line_of_sight,3
2026-04-07 20:26:52.850724,EEG Wearable,E1:1B:6D:10:62:56,-77,5.0,line_of_sight,3
2026-04-07 20:26:52.866061,EEG Wearable,E1:1B:6D:10:62:56,-77,5.0,line_of_sight,3
2026-04-07 20:26:53.682650,EEG Wearable,E1:1B:6D:10:62:56,-79,5.0,line_of_sight,3
2026-04-07 20:26:54.645680,EEG Wearable,E1:1B:6D:10:62:56,-76,5.0,line_of_sight,3
2026-04-07 20:26:54.658096,EEG Wearable,E1:1B:6D:10:62:56,-76,5.0,line_of_sight,3
2026-04-07 20:26:55.464360,EEG Wearable,E1:1B:6D:10:62:56,-77,5.0,line_of_sight,3
2026-04-07 20:26:55.474985,EEG Wearable,E1:1B:6D:10:62:56,-77,5.0,line_of_sight,3
2026-04-07 20:26:55.570641,EEG Wearable,E1:1B:6D:10:62:56,-87,5.0,line_of_sight,3
2026-04-07 20:26:55.576073,EEG Wearable,E1:1B:6D:10:62:56,-86,5.0,line_of_sight,3
2026-04-07 20:26:56.409754,EEG Wearable,E1:1B:6D:10:62:56,-77,5.0,line_of_sight,3
2026-04-07 20:26:56.425535,EEG Wearable,E1:1B:6D:10:62:56,-77,5.0,line_of_sight,3
2026-04-07 20:26:57.251124,EEG Wearable,E1:1B:6D:10:62:56,-78,5.0,line_of_sight,3
2026-04-07 20:26:57.265441,EEG Wearable,E1:1B:6D:10:62:56,-78,5.0,line_of_sight,3
2026-04-07 20:26:57.465443,EEG Wearable,E1:1B:6D:10:62:56,-77,5.0,line_of_sight,3
2026-04-07 20:26:58.431589,EEG Wearable,E1:1B:6D:10:62:56,-86,5.0,line_of_sight,3
2026-04-07 20:26:58.435603,EEG Wearable,E1:1B:6D:10:62:56,-86,5.0,line_of_sight,3
2026-04-07 20:26:58.525648,EEG Wearable,E1:1B:6D:10:62:56,-76,5.0,line_of_sight,3
2026-04-07 20:26:59.473784,EEG Wearable,E1:1B:6D:10:62:56,-87,5.0,line_of_sight,3
2026-04-07 20:26:59.473784,EEG Wearable,E1:1B:6D:10:62:56,-86,5.0,line_of_sight,3
2026-04-07 20:26:59.584640,EEG Wearable,E1:1B:6D:10:62:56,-77,5.0,line_of_sight,3
2026-04-07 20:26:59.584640,EEG Wearable,E1:1B:6D:10:62:56,-77,5.0,line_of_sight,3
2026-04-07 20:27:00.319079,EEG Wearable,E1:1B:6D:10:62:56,-76,5.0,line_of_sight,3
2026-04-07 20:27:00.414684,EEG Wearable,E1:1B:6D:10:62:56,-79,5.0,line_of_sight,3
2026-04-07 20:27:00.425844,EEG Wearable,E1:1B:6D:10:62:56,-79,5.0,line_of_sight,3
2026-04-07 20:27:01.133167,EEG Wearable,E1:1B:6D:10:62:56,-79,5.0,line_of_sight,3
2026-04-07 20:27:01.138667,EEG Wearable,E1:1B:6D:10:62:56,-79,5.0,line_of_sight,3
2026-04-07 20:27:01.867077,EEG Wearable,E1:1B:6D:10:62:56,-80,5.0,line_of_sight,3
2026-04-07 20:27:02.070772,EEG Wearable,E1:1B:6D:10:62:56,-77,5.0,line_of_sight,3
2026-04-07 20:27:02.095831,EEG Wearable,E1:1B:6D:10:62:56,-77,5.0,line_of_sight,3
2026-04-07 20:27:03.014132,EEG Wearable,E1:1B:6D:10:62:56,-77,5.0,line_of_sight,3
2026-04-07 20:27:03.028988,EEG Wearable,E1:1B:6D:10:62:56,-77,5.0,line_of_sight,3
2026-04-07 20:27:03.642326,EEG Wearable,E1:1B:6D:10:62:56,-79,5.0,line_of_sight,3
2026-04-07 20:27:03.741250,EEG Wearable,E1:1B:6D:10:62:56,-80,5.0,line_of_sight,3
2026-04-07 20:27:03.741250,EEG Wearable,E1:1B:6D:10:62:56,-79,5.0,line_of_sight,3
2026-04-07 20:27:03.843102,EEG Wearable,E1:1B:6D:10:62:56,-81,5.0,line_of_sight,3
2026-04-07 20:27:03.856229,EEG Wearable,E1:1B:6D:10:62:56,-81,5.0,line_of_sight,3
2026-04-07 20:27:04.572045,EEG Wearable,E1:1B:6D:10:62:56,-78,5.0,line_of_sight,3
2026-04-07 20:27:04.576061,EEG Wearable,E1:1B:6D:10:62:56,-78,5.0,line_of_sight,3
2026-04-07 20:27:04.662051,EEG Wearable,E1:1B:6D:10:62:56,-79,5.0,line_of_sight,3
2026-04-07 20:27:04.679986,EEG Wearable,E1:1B:6D:10:62:56,-80,5.0,line_of_sight,3
2026-04-07 20:27:05.390422,EEG Wearable,E1:1B:6D:10:62:56,-81,5.0,line_of_sight,3
2026-04-07 20:27:05.398211,EEG Wearable,E1:1B:6D:10:62:56,-81,5.0,line_of_sight,3
2026-04-07 20:27:06.448286,EEG Wearable,E1:1B:6D:10:62:56,-81,5.0,line_of_sight,3
2026-04-07 20:27:06.457334,EEG Wearable,E1:1B:6D:10:62:56,-81,5.0,line_of_sight,3
2026-04-07 20:27:07.491166,EEG Wearable,E1:1B:6D:10:62:56,-84,5.0,line_of_sight,3
2026-04-07 20:27:08.327849,EEG Wearable,E1:1B:6D:10:62:56,-79,5.0,line_of_sight,3
2026-04-07 20:27:08.334163,EEG Wearable,E1:1B:6D:10:62:56,-79,5.0,line_of_sight,3
2026-04-07 20:27:08.441611,EEG Wearable,E1:1B:6D:10:62:56,-77,5.0,line_of_sight,3
2026-04-07 20:27:08.459304,EEG Wearable,E1:1B:6D:10:62:56,-77,5.0,line_of_sight,3
2026-04-07 20:27:09.193483,EEG Wearable,E1:1B:6D:10:62:56,-77,5.0,line_of_sight,3
2026-04-07 20:27:09.285404,EEG Wearable,E1:1B:6D:10:62:56,-79,5.0,line_of_sight,3
2026-04-07 20:27:09.300168,EEG Wearable,E1:1B:6D:10:62:56,-79,5.0,line_of_sight,3
2026-04-07 20:27:10.338194,EEG Wearable,E1:1B:6D:10:62:56,-77,5.0,line_of_sight,3
2026-04-07 20:27:10.352898,EEG Wearable,E1:1B:6D:10:62:56,-77,5.0,line_of_sight,3
2026-04-07 20:27:12.122540,EEG Wearable,E1:1B:6D:10:62:56,-93,5.0,line_of_sight,3
2026-04-07 20:27:12.144645,EEG Wearable,E1:1B:6D:10:62:56,-92,5.0,line_of_sight,3
2026-04-07 20:27:12.231075,EEG Wearable,E1:1B:6D:10:62:56,-81,5.0,line_of_sight,3
2026-04-07 20:27:12.244564,EEG Wearable,E1:1B:6D:10:62:56,-81,5.0,line_of_sight,3
2026-04-07 20:39:41.079266,EEG Wearable,E1:1B:6D:10:62:56,-62,0.2,near_body,1
2026-04-07 20:39:41.093006,EEG Wearable,E1:1B:6D:10:62:56,-62,0.2,near_body,1
2026-04-07 20:39:42.856242,EEG Wearable,E1:1B:6D:10:62:56,-63,0.2,near_body,1
2026-04-07 20:39:42.866247,EEG Wearable,E1:1B:6D:10:62:56,-63,0.2,near_body,1
2026-04-07 20:39:42.971293,EEG Wearable,E1:1B:6D:10:62:56,-68,0.2,near_body,1
2026-04-07 20:39:42.978178,EEG Wearable,E1:1B:6D:10:62:56,-68,0.2,near_body,1
2026-04-07 20:39:43.908079,EEG Wearable,E1:1B:6D:10:62:56,-63,0.2,near_body,1
2026-04-07 20:39:43.938080,EEG Wearable,E1:1B:6D:10:62:56,-63,0.2,near_body,1
2026-04-07 20:39:44.746330,EEG Wearable,E1:1B:6D:10:62:56,-68,0.2,near_body,1
2026-04-07 20:39:44.753324,EEG Wearable,E1:1B:6D:10:62:56,-68,0.2,near_body,1
2026-04-07 20:39:44.839410,EEG Wearable,E1:1B:6D:10:62:56,-65,0.2,near_body,1
2026-04-07 20:39:44.850441,EEG Wearable,E1:1B:6D:10:62:56,-65,0.2,near_body,1
2026-04-07 20:39:45.811911,EEG Wearable,E1:1B:6D:10:62:56,-68,0.2,near_body,1
2026-04-07 20:39:45.820114,EEG Wearable,E1:1B:6D:10:62:56,-68,0.2,near_body,1
2026-04-07 20:39:46.753116,EEG Wearable,E1:1B:6D:10:62:56,-62,0.2,near_body,1
2026-04-07 20:39:46.778826,EEG Wearable,E1:1B:6D:10:62:56,-62,0.2,near_body,1
2026-04-07 20:39:47.575467,EEG Wearable,E1:1B:6D:10:62:56,-68,0.2,near_body,1
2026-04-07 20:39:47.601568,EEG Wearable,E1:1B:6D:10:62:56,-68,0.2,near_body,1
2026-04-07 20:39:48.624404,EEG Wearable,E1:1B:6D:10:62:56,-68,0.2,near_body,1
2026-04-07 20:39:48.649515,EEG Wearable,E1:1B:6D:10:62:56,-68,0.2,near_body,1
2026-04-07 20:39:49.378449,EEG Wearable,E1:1B:6D:10:62:56,-68,0.2,near_body,1
2026-04-07 20:39:49.385571,EEG Wearable,E1:1B:6D:10:62:56,-68,0.2,near_body,1
2026-04-07 20:39:49.450826,EEG Wearable,E1:1B:6D:10:62:56,-64,0.2,near_body,1
2026-04-07 20:39:49.477070,EEG Wearable,E1:1B:6D:10:62:56,-64,0.2,near_body,1
2026-04-07 20:39:50.314483,EEG Wearable,E1:1B:6D:10:62:56,-62,0.2,near_body,1
2026-04-07 20:39:50.321084,EEG Wearable,E1:1B:6D:10:62:56,-62,0.2,near_body,1
2026-04-07 20:39:50.414022,EEG Wearable,E1:1B:6D:10:62:56,-68,0.2,near_body,1
2026-04-07 20:39:50.421022,EEG Wearable,E1:1B:6D:10:62:56,-68,0.2,near_body,1
2026-04-07 20:39:50.513356,EEG Wearable,E1:1B:6D:10:62:56,-64,0.2,near_body,1
2026-04-07 20:39:50.538005,EEG Wearable,E1:1B:6D:10:62:56,-64,0.2,near_body,1
2026-04-07 20:39:51.486108,EEG Wearable,E1:1B:6D:10:62:56,-68,0.2,near_body,1
2026-04-07 20:39:51.509416,EEG Wearable,E1:1B:6D:10:62:56,-68,0.2,near_body,1
2026-04-07 20:39:51.575799,EEG Wearable,E1:1B:6D:10:62:56,-64,0.2,near_body,1
2026-04-07 20:39:51.600196,EEG Wearable,E1:1B:6D:10:62:56,-64,0.2,near_body,1
2026-04-07 20:39:52.199384,EEG Wearable,E1:1B:6D:10:62:56,-68,0.2,near_body,1
2026-04-07 20:39:52.223912,EEG Wearable,E1:1B:6D:10:62:56,-68,0.2,near_body,1
2026-04-07 20:39:52.294423,EEG Wearable,E1:1B:6D:10:62:56,-64,0.2,near_body,1
2026-04-07 20:39:52.318781,EEG Wearable,E1:1B:6D:10:62:56,-64,0.2,near_body,1
2026-04-07 20:39:53.352071,EEG Wearable,E1:1B:6D:10:62:56,-64,0.2,near_body,1
2026-04-07 20:39:53.378777,EEG Wearable,E1:1B:6D:10:62:56,-64,0.2,near_body,1
2026-04-07 20:39:54.422030,EEG Wearable,E1:1B:6D:10:62:56,-64,0.2,near_body,1
2026-04-07 20:39:54.430540,EEG Wearable,E1:1B:6D:10:62:56,-64,0.2,near_body,1
2026-04-07 20:39:55.370236,EEG Wearable,E1:1B:6D:10:62:56,-68,0.2,near_body,1
2026-04-07 20:39:55.377883,EEG Wearable,E1:1B:6D:10:62:56,-68,0.2,near_body,1
2026-04-07 20:39:56.217387,EEG Wearable,E1:1B:6D:10:62:56,-64,0.2,near_body,1
2026-04-07 20:39:56.226905,EEG Wearable,E1:1B:6D:10:62:56,-64,0.2,near_body,1
2026-04-07 20:39:56.297322,EEG Wearable,E1:1B:6D:10:62:56,-61,0.2,near_body,1
2026-04-07 20:39:56.323320,EEG Wearable,E1:1B:6D:10:62:56,-61,0.2,near_body,1
2026-04-07 20:39:57.263914,EEG Wearable,E1:1B:6D:10:62:56,-64,0.2,near_body,1
2026-04-07 20:39:57.269911,EEG Wearable,E1:1B:6D:10:62:56,-64,0.2,near_body,1
2026-04-07 20:39:58.313340,EEG Wearable,E1:1B:6D:10:62:56,-64,0.2,near_body,1
2026-04-07 20:39:58.328817,EEG Wearable,E1:1B:6D:10:62:56,-64,0.2,near_body,1
2026-04-07 20:39:58.420284,EEG Wearable,E1:1B:6D:10:62:56,-61,0.2,near_body,1
2026-04-07 20:39:58.442933,EEG Wearable,E1:1B:6D:10:62:56,-61,0.2,near_body,1
2026-04-07 20:39:59.150246,EEG Wearable,E1:1B:6D:10:62:56,-61,0.2,near_body,1
2026-04-07 20:39:59.165061,EEG Wearable,E1:1B:6D:10:62:56,-61,0.2,near_body,1
2026-04-07 20:40:00.226912,EEG Wearable,E1:1B:6D:10:62:56,-61,0.2,near_body,1
2026-04-07 20:40:00.226912,EEG Wearable,E1:1B:6D:10:62:56,-61,0.2,near_body,1
2026-04-07 20:40:01.174627,EEG Wearable,E1:1B:6D:10:62:56,-64,0.2,near_body,1
2026-04-07 20:40:01.177324,EEG Wearable,E1:1B:6D:10:62:56,-64,0.2,near_body,1
2026-04-07 20:40:01.259233,EEG Wearable,E1:1B:6D:10:62:56,-61,0.2,near_body,1
2026-04-07 20:40:01.280395,EEG Wearable,E1:1B:6D:10:62:56,-61,0.2,near_body,1
2026-04-07 20:40:02.101510,EEG Wearable,E1:1B:6D:10:62:56,-68,0.2,near_body,1
2026-04-07 20:40:02.116122,EEG Wearable,E1:1B:6D:10:62:56,-68,0.2,near_body,1
2026-04-07 20:40:03.163864,EEG Wearable,E1:1B:6D:10:62:56,-68,0.2,near_body,1
2026-04-07 20:40:03.163864,EEG Wearable,E1:1B:6D:10:62:56,-68,0.2,near_body,1
2026-04-07 20:40:04.000166,EEG Wearable,E1:1B:6D:10:62:56,-64,0.2,near_body,1
2026-04-07 20:40:04.017270,EEG Wearable,E1:1B:6D:10:62:56,-63,0.2,near_body,1
2026-04-07 20:40:05.890158,EEG Wearable,E1:1B:6D:10:62:56,-61,0.2,near_body,1
2026-04-07 20:40:05.905939,EEG Wearable,E1:1B:6D:10:62:56,-61,0.2,near_body,1
2026-04-07 20:40:07.555376,EEG Wearable,E1:1B:6D:10:62:56,-64,0.2,near_body,1
2026-04-07 20:40:07.571987,EEG Wearable,E1:1B:6D:10:62:56,-63,0.2,near_body,1
2026-04-07 20:40:08.721258,EEG Wearable,E1:1B:6D:10:62:56,-61,0.2,near_body,1
2026-04-07 20:40:08.741916,EEG Wearable,E1:1B:6D:10:62:56,-61,0.2,near_body,1
2026-04-07 20:40:09.662744,EEG Wearable,E1:1B:6D:10:62:56,-63,0.2,near_body,1
2026-04-07 20:40:09.678671,EEG Wearable,E1:1B:6D:10:62:56,-63,0.2,near_body,1
2026-04-07 20:40:09.767247,EEG Wearable,E1:1B:6D:10:62:56,-61,0.2,near_body,1
2026-04-07 20:40:09.781762,EEG Wearable,E1:1B:6D:10:62:56,-61,0.2,near_body,1
2026-04-07 20:40:09.878298,EEG Wearable,E1:1B:6D:10:62:56,-68,0.2,near_body,1
2026-04-07 20:40:09.892408,EEG Wearable,E1:1B:6D:10:62:56,-68,0.2,near_body,1
2026-04-07 20:40:10.609947,EEG Wearable,E1:1B:6D:10:62:56,-68,0.2,near_body,1
2026-04-07 20:40:10.613001,EEG Wearable,E1:1B:6D:10:62:56,-68,0.2,near_body,1
2026-04-07 20:40:17.988344,EEG Wearable,E1:1B:6D:10:62:56,-61,0.2,near_body,2
2026-04-07 20:40:17.995977,EEG Wearable,E1:1B:6D:10:62:56,-61,0.2,near_body,2
2026-04-07 20:40:18.150294,EEG Wearable,E1:1B:6D:10:62:56,-63,0.2,near_body,2
2026-04-07 20:40:18.181827,EEG Wearable,E1:1B:6D:10:62:56,-64,0.2,near_body,2
2026-04-07 20:40:18.887377,EEG Wearable,E1:1B:6D:10:62:56,-64,0.2,near_body,2
2026-04-07 20:40:18.894295,EEG Wearable,E1:1B:6D:10:62:56,-64,0.2,near_body,2
2026-04-07 20:40:18.981165,EEG Wearable,E1:1B:6D:10:62:56,-61,0.2,near_body,2
2026-04-07 20:40:19.005168,EEG Wearable,E1:1B:6D:10:62:56,-61,0.2,near_body,2
2026-04-07 20:40:19.712445,EEG Wearable,E1:1B:6D:10:62:56,-61,0.2,near_body,2
2026-04-07 20:40:19.737253,EEG Wearable,E1:1B:6D:10:62:56,-61,0.2,near_body,2
2026-04-07 20:40:19.815651,EEG Wearable,E1:1B:6D:10:62:56,-68,0.2,near_body,2
2026-04-07 20:40:19.841659,EEG Wearable,E1:1B:6D:10:62:56,-68,0.2,near_body,2
2026-04-07 20:40:20.757638,EEG Wearable,E1:1B:6D:10:62:56,-61,0.2,near_body,2
2026-04-07 20:40:20.782187,EEG Wearable,E1:1B:6D:10:62:56,-61,0.2,near_body,2
2026-04-07 20:40:21.713413,EEG Wearable,E1:1B:6D:10:62:56,-63,0.2,near_body,2
2026-04-07 20:40:21.724865,EEG Wearable,E1:1B:6D:10:62:56,-63,0.2,near_body,2
2026-04-07 20:40:22.578072,EEG Wearable,E1:1B:6D:10:62:56,-61,0.2,near_body,2
2026-04-07 20:40:22.584674,EEG Wearable,E1:1B:6D:10:62:56,-61,0.2,near_body,2
2026-04-07 20:40:22.683121,EEG Wearable,E1:1B:6D:10:62:56,-68,0.2,near_body,2
2026-04-07 20:40:22.689147,EEG Wearable,E1:1B:6D:10:62:56,-68,0.2,near_body,2
2026-04-07 20:40:23.516074,EEG Wearable,E1:1B:6D:10:62:56,-63,0.2,near_body,2
2026-04-07 20:40:23.522489,EEG Wearable,E1:1B:6D:10:62:56,-63,0.2,near_body,2
2026-04-07 20:40:23.621137,EEG Wearable,E1:1B:6D:10:62:56,-61,0.2,near_body,2
2026-04-07 20:40:23.629203,EEG Wearable,E1:1B:6D:10:62:56,-61,0.2,near_body,2
2026-04-07 20:40:24.446722,EEG Wearable,E1:1B:6D:10:62:56,-68,0.2,near_body,2
2026-04-07 20:40:24.456495,EEG Wearable,E1:1B:6D:10:62:56,-68,0.2,near_body,2
2026-04-07 20:40:24.528883,EEG Wearable,E1:1B:6D:10:62:56,-63,0.2,near_body,2
2026-04-07 20:40:24.553647,EEG Wearable,E1:1B:6D:10:62:56,-63,0.2,near_body,2
2026-04-07 20:40:25.274144,EEG Wearable,E1:1B:6D:10:62:56,-63,0.2,near_body,2
2026-04-07 20:40:25.297297,EEG Wearable,E1:1B:6D:10:62:56,-63,0.2,near_body,2
2026-04-07 20:40:25.368047,EEG Wearable,E1:1B:6D:10:62:56,-61,0.2,near_body,2
2026-04-07 20:40:25.395098,EEG Wearable,E1:1B:6D:10:62:56,-61,0.2,near_body,2
2026-04-07 20:40:27.027351,EEG Wearable,E1:1B:6D:10:62:56,-63,0.2,near_body,2
2026-04-07 20:40:27.034351,EEG Wearable,E1:1B:6D:10:62:56,-63,0.2,near_body,2
2026-04-07 20:40:27.140204,EEG Wearable,E1:1B:6D:10:62:56,-61,0.2,near_body,2
2026-04-07 20:40:27.164855,EEG Wearable,E1:1B:6D:10:62:56,-61,0.2,near_body,2
2026-04-07 20:40:27.980788,EEG Wearable,E1:1B:6D:10:62:56,-68,0.2,near_body,2
2026-04-07 20:40:27.986786,EEG Wearable,E1:1B:6D:10:62:56,-68,0.2,near_body,2
2026-04-07 20:40:29.045762,EEG Wearable,E1:1B:6D:10:62:56,-68,0.2,near_body,2
2026-04-07 20:40:29.052883,EEG Wearable,E1:1B:6D:10:62:56,-68,0.2,near_body,2
2026-04-07 20:40:29.139386,EEG Wearable,E1:1B:6D:10:62:56,-63,0.2,near_body,2
2026-04-07 20:40:29.164512,EEG Wearable,E1:1B:6D:10:62:56,-63,0.2,near_body,2
2026-04-07 20:40:29.971252,EEG Wearable,E1:1B:6D:10:62:56,-61,0.2,near_body,2
2026-04-07 20:40:29.988668,EEG Wearable,E1:1B:6D:10:62:56,-61,0.2,near_body,2
2026-04-07 20:40:32.692185,EEG Wearable,E1:1B:6D:10:62:56,-63,0.2,near_body,2
2026-04-07 20:40:32.695196,EEG Wearable,E1:1B:6D:10:62:56,-63,0.2,near_body,2
2026-04-07 20:40:33.638527,EEG Wearable,E1:1B:6D:10:62:56,-68,0.2,near_body,2
2026-04-07 20:40:33.656967,EEG Wearable,E1:1B:6D:10:62:56,-68,0.2,near_body,2
2026-04-07 20:40:33.745385,EEG Wearable,E1:1B:6D:10:62:56,-63,0.2,near_body,2
2026-04-07 20:40:33.763234,EEG Wearable,E1:1B:6D:10:62:56,-63,0.2,near_body,2
2026-04-07 20:40:35.661944,EEG Wearable,E1:1B:6D:10:62:56,-61,0.2,near_body,2
2026-04-07 20:40:35.665954,EEG Wearable,E1:1B:6D:10:62:56,-61,0.2,near_body,2
2026-04-07 20:40:36.484793,EEG Wearable,E1:1B:6D:10:62:56,-68,0.2,near_body,2
2026-04-07 20:40:36.486802,EEG Wearable,E1:1B:6D:10:62:56,-68,0.2,near_body,2
2026-04-07 20:40:36.589303,EEG Wearable,E1:1B:6D:10:62:56,-63,0.2,near_body,2
2026-04-07 20:40:36.595323,EEG Wearable,E1:1B:6D:10:62:56,-63,0.2,near_body,2
2026-04-07 20:40:39.314534,EEG Wearable,E1:1B:6D:10:62:56,-68,0.2,near_body,2
2026-04-07 20:40:39.318546,EEG Wearable,E1:1B:6D:10:62:56,-68,0.2,near_body,2
2026-04-07 20:40:40.360288,EEG Wearable,E1:1B:6D:10:62:56,-68,0.2,near_body,2
2026-04-07 20:40:40.379972,EEG Wearable,E1:1B:6D:10:62:56,-68,0.2,near_body,2
2026-04-07 20:40:41.217485,EEG Wearable,E1:1B:6D:10:62:56,-63,0.2,near_body,2
2026-04-07 20:40:41.223162,EEG Wearable,E1:1B:6D:10:62:56,-63,0.2,near_body,2
2026-04-07 20:40:42.141763,EEG Wearable,E1:1B:6D:10:62:56,-68,0.2,near_body,2
2026-04-07 20:40:42.163603,EEG Wearable,E1:1B:6D:10:62:56,-68,0.2,near_body,2
2026-04-07 20:40:42.780589,EEG Wearable,E1:1B:6D:10:62:56,-61,0.2,near_body,2
2026-04-07 20:40:42.785609,EEG Wearable,E1:1B:6D:10:62:56,-61,0.2,near_body,2
2026-04-07 20:40:43.814389,EEG Wearable,E1:1B:6D:10:62:56,-61,0.2,near_body,2
2026-04-07 20:40:43.825900,EEG Wearable,E1:1B:6D:10:62:56,-61,0.2,near_body,2
2026-04-07 20:40:43.909362,EEG Wearable,E1:1B:6D:10:62:56,-68,0.2,near_body,2
2026-04-07 20:40:43.927597,EEG Wearable,E1:1B:6D:10:62:56,-68,0.2,near_body,2
2026-04-07 20:40:44.756814,EEG Wearable,E1:1B:6D:10:62:56,-63,0.2,near_body,2
2026-04-07 20:40:44.760835,EEG Wearable,E1:1B:6D:10:62:56,-63,0.2,near_body,2
2026-04-07 20:40:46.537269,EEG Wearable,E1:1B:6D:10:62:56,-63,0.2,near_body,2
2026-04-07 20:40:46.542782,EEG Wearable,E1:1B:6D:10:62:56,-63,0.2,near_body,2
2026-04-07 20:40:46.631754,EEG Wearable,E1:1B:6D:10:62:56,-61,0.2,near_body,2
2026-04-07 20:40:46.635766,EEG Wearable,E1:1B:6D:10:62:56,-61,0.2,near_body,2
2026-04-07 20:41:02.590071,EEG Wearable,E1:1B:6D:10:62:56,-71,0.2,near_body,3
2026-04-07 20:41:02.613249,EEG Wearable,E1:1B:6D:10:62:56,-71,0.2,near_body,3
2026-04-07 20:41:02.711539,EEG Wearable,E1:1B:6D:10:62:56,-92,0.2,near_body,3
2026-04-07 20:41:02.715552,EEG Wearable,E1:1B:6D:10:62:56,-93,0.2,near_body,3
2026-04-07 20:41:04.596963,EEG Wearable,E1:1B:6D:10:62:56,-72,0.2,near_body,3
2026-04-07 20:41:04.602983,EEG Wearable,E1:1B:6D:10:62:56,-72,0.2,near_body,3
2026-04-07 20:41:05.553487,EEG Wearable,E1:1B:6D:10:62:56,-83,0.2,near_body,3
2026-04-07 20:41:05.553487,EEG Wearable,E1:1B:6D:10:62:56,-83,0.2,near_body,3
2026-04-07 20:41:05.646017,EEG Wearable,E1:1B:6D:10:62:56,-72,0.2,near_body,3
2026-04-07 20:41:05.650065,EEG Wearable,E1:1B:6D:10:62:56,-72,0.2,near_body,3
2026-04-07 20:41:06.492223,EEG Wearable,E1:1B:6D:10:62:56,-73,0.2,near_body,3
2026-04-07 20:41:06.492223,EEG Wearable,E1:1B:6D:10:62:56,-73,0.2,near_body,3
2026-04-07 20:41:07.426375,EEG Wearable,E1:1B:6D:10:62:56,-72,0.2,near_body,3
2026-04-07 20:41:07.440347,EEG Wearable,E1:1B:6D:10:62:56,-72,0.2,near_body,3
2026-04-07 20:41:08.260999,EEG Wearable,E1:1B:6D:10:62:56,-73,0.2,near_body,3
2026-04-07 20:41:08.260999,EEG Wearable,E1:1B:6D:10:62:56,-73,0.2,near_body,3
2026-04-07 20:41:08.366984,EEG Wearable,E1:1B:6D:10:62:56,-80,0.2,near_body,3
2026-04-07 20:41:09.201654,EEG Wearable,E1:1B:6D:10:62:56,-72,0.2,near_body,3
2026-04-07 20:41:09.223785,EEG Wearable,E1:1B:6D:10:62:56,-72,0.2,near_body,3
2026-04-07 20:41:09.302447,EEG Wearable,E1:1B:6D:10:62:56,-73,0.2,near_body,3
2026-04-07 20:41:11.111710,EEG Wearable,E1:1B:6D:10:62:56,-73,0.2,near_body,3
2026-04-07 20:41:11.121949,EEG Wearable,E1:1B:6D:10:62:56,-73,0.2,near_body,3
2026-04-07 20:41:11.192648,EEG Wearable,E1:1B:6D:10:62:56,-79,0.2,near_body,3
2026-04-07 20:41:12.137960,EEG Wearable,E1:1B:6D:10:62:56,-74,0.2,near_body,3
2026-04-07 20:41:12.155743,EEG Wearable,E1:1B:6D:10:62:56,-74,0.2,near_body,3
2026-04-07 20:41:13.110381,EEG Wearable,E1:1B:6D:10:62:56,-72,0.2,near_body,3
2026-04-07 20:41:13.114391,EEG Wearable,E1:1B:6D:10:62:56,-72,0.2,near_body,3
2026-04-07 20:41:14.050608,EEG Wearable,E1:1B:6D:10:62:56,-79,0.2,near_body,3
2026-04-07 20:41:14.068078,EEG Wearable,E1:1B:6D:10:62:56,-79,0.2,near_body,3
2026-04-07 20:41:14.990058,EEG Wearable,E1:1B:6D:10:62:56,-74,0.2,near_body,3
2026-04-07 20:41:15.005183,EEG Wearable,E1:1B:6D:10:62:56,-74,0.2,near_body,3
2026-04-07 20:41:15.099923,EEG Wearable,E1:1B:6D:10:62:56,-78,0.2,near_body,3
2026-04-07 20:41:15.103936,EEG Wearable,E1:1B:6D:10:62:56,-78,0.2,near_body,3
2026-04-07 20:41:16.157804,EEG Wearable,E1:1B:6D:10:62:56,-78,0.2,near_body,3
2026-04-07 20:41:16.161818,EEG Wearable,E1:1B:6D:10:62:56,-79,0.2,near_body,3
2026-04-07 20:41:17.118178,EEG Wearable,E1:1B:6D:10:62:56,-74,0.2,near_body,3
2026-04-07 20:41:17.124190,EEG Wearable,E1:1B:6D:10:62:56,-74,0.2,near_body,3
2026-04-07 20:41:18.033064,EEG Wearable,E1:1B:6D:10:62:56,-72,0.2,near_body,3
2026-04-07 20:41:18.044207,EEG Wearable,E1:1B:6D:10:62:56,-72,0.2,near_body,3
2026-04-07 20:41:18.899072,EEG Wearable,E1:1B:6D:10:62:56,-74,0.2,near_body,3
2026-04-07 20:41:18.900820,EEG Wearable,E1:1B:6D:10:62:56,-74,0.2,near_body,3
2026-04-07 20:41:18.984343,EEG Wearable,E1:1B:6D:10:62:56,-78,0.2,near_body,3
2026-04-07 20:41:19.000970,EEG Wearable,E1:1B:6D:10:62:56,-78,0.2,near_body,3
2026-04-07 20:41:20.881176,EEG Wearable,E1:1B:6D:10:62:56,-72,0.2,near_body,3
2026-04-07 20:41:20.899082,EEG Wearable,E1:1B:6D:10:62:56,-72,0.2,near_body,3
2026-04-07 20:41:21.827552,EEG Wearable,E1:1B:6D:10:62:56,-78,0.2,near_body,3
2026-04-07 20:41:21.841523,EEG Wearable,E1:1B:6D:10:62:56,-78,0.2,near_body,3
2026-04-07 20:41:22.910309,EEG Wearable,E1:1B:6D:10:62:56,-78,0.2,near_body,3
2026-04-07 20:41:22.913602,EEG Wearable,E1:1B:6D:10:62:56,-78,0.2,near_body,3
2026-04-07 20:41:23.743261,EEG Wearable,E1:1B:6D:10:62:56,-72,0.2,near_body,3
2026-04-07 20:41:23.761719,EEG Wearable,E1:1B:6D:10:62:56,-72,0.2,near_body,3
2026-04-07 20:41:23.844605,EEG Wearable,E1:1B:6D:10:62:56,-73,0.2,near_body,3
2026-04-07 20:41:23.862106,EEG Wearable,E1:1B:6D:10:62:56,-74,0.2,near_body,3
2026-04-07 20:41:23.945499,EEG Wearable,E1:1B:6D:10:62:56,-80,0.2,near_body,3
2026-04-07 20:41:23.963937,EEG Wearable,E1:1B:6D:10:62:56,-80,0.2,near_body,3
2026-04-07 20:41:24.784852,EEG Wearable,E1:1B:6D:10:62:56,-72,0.2,near_body,3
2026-04-07 20:41:24.799041,EEG Wearable,E1:1B:6D:10:62:56,-72,0.2,near_body,3
2026-04-07 20:41:24.883151,EEG Wearable,E1:1B:6D:10:62:56,-74,0.2,near_body,3
2026-04-07 20:41:24.907462,EEG Wearable,E1:1B:6D:10:62:56,-74,0.2,near_body,3
2026-04-07 20:41:25.625898,EEG Wearable,E1:1B:6D:10:62:56,-75,0.2,near_body,3
2026-04-07 20:41:25.634206,EEG Wearable,E1:1B:6D:10:62:56,-75,0.2,near_body,3
2026-04-07 20:41:25.723821,EEG Wearable,E1:1B:6D:10:62:56,-77,0.2,near_body,3
2026-04-07 20:41:25.743664,EEG Wearable,E1:1B:6D:10:62:56,-77,0.2,near_body,3
2026-04-07 20:41:26.546196,EEG Wearable,E1:1B:6D:10:62:56,-72,0.2,near_body,3
2026-04-07 20:41:26.567794,EEG Wearable,E1:1B:6D:10:62:56,-72,0.2,near_body,3
2026-04-07 20:41:28.451214,EEG Wearable,E1:1B:6D:10:62:56,-74,0.2,near_body,3
2026-04-07 20:41:28.454968,EEG Wearable,E1:1B:6D:10:62:56,-74,0.2,near_body,3
2026-04-07 20:41:28.566811,EEG Wearable,E1:1B:6D:10:62:56,-79,0.2,near_body,3
2026-04-07 20:41:28.571345,EEG Wearable,E1:1B:6D:10:62:56,-79,0.2,near_body,3
2026-04-07 20:41:29.424348,EEG Wearable,E1:1B:6D:10:62:56,-72,0.2,near_body,3
2026-04-07 20:41:29.431686,EEG Wearable,E1:1B:6D:10:62:56,-72,0.2,near_body,3
2026-04-07 20:41:31.080409,EEG Wearable,E1:1B:6D:10:62:56,-81,0.2,near_body,3
2026-04-07 20:41:31.191274,EEG Wearable,E1:1B:6D:10:62:56,-72,0.2,near_body,3
2026-04-07 20:41:31.199278,EEG Wearable,E1:1B:6D:10:62:56,-72,0.2,near_body,3
2026-04-07 20:41:31.272301,EEG Wearable,E1:1B:6D:10:62:56,-73,0.2,near_body,3
2026-04-07 20:41:31.299931,EEG Wearable,E1:1B:6D:10:62:56,-73,0.2,near_body,3
2026-04-07 20:41:32.113232,EEG Wearable,E1:1B:6D:10:62:56,-80,0.2,near_body,3
2026-04-07 20:41:32.127901,EEG Wearable,E1:1B:6D:10:62:56,-80,0.2,near_body,3
2026-04-07 20:41:59.276449,EEG Wearable,E1:1B:6D:10:62:56,-70,0.4,near_body,1
2026-04-07 20:41:59.276449,EEG Wearable,E1:1B:6D:10:62:56,-70,0.4,near_body,1
2026-04-07 20:41:59.988735,EEG Wearable,E1:1B:6D:10:62:56,-70,0.4,near_body,1
2026-04-07 20:41:59.990750,EEG Wearable,E1:1B:6D:10:62:56,-70,0.4,near_body,1
2026-04-07 20:42:00.094217,EEG Wearable,E1:1B:6D:10:62:56,-77,0.4,near_body,1
2026-04-07 20:42:00.112520,EEG Wearable,E1:1B:6D:10:62:56,-77,0.4,near_body,1
2026-04-07 20:42:00.852372,EEG Wearable,E1:1B:6D:10:62:56,-77,0.4,near_body,1
2026-04-07 20:42:00.852372,EEG Wearable,E1:1B:6D:10:62:56,-77,0.4,near_body,1
2026-04-07 20:42:01.047742,EEG Wearable,E1:1B:6D:10:62:56,-70,0.4,near_body,1
2026-04-07 20:42:01.059548,EEG Wearable,E1:1B:6D:10:62:56,-70,0.4,near_body,1
2026-04-07 20:42:03.053290,EEG Wearable,E1:1B:6D:10:62:56,-66,0.4,near_body,1
2026-04-07 20:42:03.069302,EEG Wearable,E1:1B:6D:10:62:56,-66,0.4,near_body,1
2026-04-07 20:42:04.954857,EEG Wearable,E1:1B:6D:10:62:56,-70,0.4,near_body,1
2026-04-07 20:42:04.972464,EEG Wearable,E1:1B:6D:10:62:56,-70,0.4,near_body,1
2026-04-07 20:42:05.905541,EEG Wearable,E1:1B:6D:10:62:56,-66,0.4,near_body,1
2026-04-07 20:42:05.909554,EEG Wearable,E1:1B:6D:10:62:56,-66,0.4,near_body,1
2026-04-07 20:42:06.011096,EEG Wearable,E1:1B:6D:10:62:56,-70,0.4,near_body,1
2026-04-07 20:42:06.026909,EEG Wearable,E1:1B:6D:10:62:56,-70,0.4,near_body,1
2026-04-07 20:42:06.842435,EEG Wearable,E1:1B:6D:10:62:56,-77,0.4,near_body,1
2026-04-07 20:42:06.856442,EEG Wearable,E1:1B:6D:10:62:56,-77,0.4,near_body,1
2026-04-07 20:42:08.513050,EEG Wearable,E1:1B:6D:10:62:56,-68,0.4,near_body,1
2026-04-07 20:42:08.527089,EEG Wearable,E1:1B:6D:10:62:56,-68,0.4,near_body,1
2026-04-07 20:42:08.737656,EEG Wearable,E1:1B:6D:10:62:56,-65,0.4,near_body,1
2026-04-07 20:42:08.741666,EEG Wearable,E1:1B:6D:10:62:56,-65,0.4,near_body,1
2026-04-07 20:42:08.844041,EEG Wearable,E1:1B:6D:10:62:56,-67,0.4,near_body,1
2026-04-07 20:42:08.850470,EEG Wearable,E1:1B:6D:10:62:56,-68,0.4,near_body,1
2026-04-07 20:42:09.694932,EEG Wearable,E1:1B:6D:10:62:56,-73,0.4,near_body,1
2026-04-07 20:42:09.698944,EEG Wearable,E1:1B:6D:10:62:56,-73,0.4,near_body,1
2026-04-07 20:42:10.728905,EEG Wearable,E1:1B:6D:10:62:56,-71,0.4,near_body,1
2026-04-07 20:42:10.745096,EEG Wearable,E1:1B:6D:10:62:56,-71,0.4,near_body,1
2026-04-07 20:42:11.569043,EEG Wearable,E1:1B:6D:10:62:56,-65,0.4,near_body,1
2026-04-07 20:42:11.580477,EEG Wearable,E1:1B:6D:10:62:56,-65,0.4,near_body,1
2026-04-07 20:42:11.678959,EEG Wearable,E1:1B:6D:10:62:56,-66,0.4,near_body,1
2026-04-07 20:42:11.687748,EEG Wearable,E1:1B:6D:10:62:56,-66,0.4,near_body,1
2026-04-07 20:42:12.406163,EEG Wearable,E1:1B:6D:10:62:56,-66,0.4,near_body,1
2026-04-07 20:42:12.419239,EEG Wearable,E1:1B:6D:10:62:56,-66,0.4,near_body,1
2026-04-07 20:42:12.501040,EEG Wearable,E1:1B:6D:10:62:56,-71,0.4,near_body,1
2026-04-07 20:42:12.516649,EEG Wearable,E1:1B:6D:10:62:56,-71,0.4,near_body,1
2026-04-07 20:42:12.608070,EEG Wearable,E1:1B:6D:10:62:56,-65,0.4,near_body,1
2026-04-07 20:42:12.629736,EEG Wearable,E1:1B:6D:10:62:56,-65,0.4,near_body,1
2026-04-07 20:42:13.360100,EEG Wearable,E1:1B:6D:10:62:56,-65,0.4,near_body,1
2026-04-07 20:42:13.364311,EEG Wearable,E1:1B:6D:10:62:56,-65,0.4,near_body,1
2026-04-07 20:42:13.451676,EEG Wearable,E1:1B:6D:10:62:56,-66,0.4,near_body,1
2026-04-07 20:42:13.469063,EEG Wearable,E1:1B:6D:10:62:56,-66,0.4,near_body,1
2026-04-07 20:42:13.570269,EEG Wearable,E1:1B:6D:10:62:56,-71,0.4,near_body,1
2026-04-07 20:42:13.570269,EEG Wearable,E1:1B:6D:10:62:56,-71,0.4,near_body,1
2026-04-07 20:42:14.397127,EEG Wearable,E1:1B:6D:10:62:56,-65,0.4,near_body,1
2026-04-07 20:42:14.407672,EEG Wearable,E1:1B:6D:10:62:56,-65,0.4,near_body,1
2026-04-07 20:42:14.501978,EEG Wearable,E1:1B:6D:10:62:56,-66,0.4,near_body,1
2026-04-07 20:42:14.525670,EEG Wearable,E1:1B:6D:10:62:56,-66,0.4,near_body,1
2026-04-07 20:42:15.582667,EEG Wearable,E1:1B:6D:10:62:56,-66,0.4,near_body,1
2026-04-07 20:42:15.590452,EEG Wearable,E1:1B:6D:10:62:56,-66,0.4,near_body,1
2026-04-07 20:42:15.679539,EEG Wearable,E1:1B:6D:10:62:56,-71,0.4,near_body,1
2026-04-07 20:42:15.696631,EEG Wearable,E1:1B:6D:10:62:56,-71,0.4,near_body,1
2026-04-07 20:42:16.634632,EEG Wearable,E1:1B:6D:10:62:56,-66,0.4,near_body,1
2026-04-07 20:42:16.635655,EEG Wearable,E1:1B:6D:10:62:56,-66,0.4,near_body,1
2026-04-07 20:42:17.512139,EEG Wearable,E1:1B:6D:10:62:56,-71,0.4,near_body,1
2026-04-07 20:42:17.514145,EEG Wearable,E1:1B:6D:10:62:56,-71,0.4,near_body,1
2026-04-07 20:42:17.575738,EEG Wearable,E1:1B:6D:10:62:56,-65,0.4,near_body,1
2026-04-07 20:42:17.589175,EEG Wearable,E1:1B:6D:10:62:56,-65,0.4,near_body,1
2026-04-07 20:42:18.536572,EEG Wearable,E1:1B:6D:10:62:56,-72,0.4,near_body,1
2026-04-07 20:42:18.546211,EEG Wearable,E1:1B:6D:10:62:56,-71,0.4,near_body,1
2026-04-07 20:42:18.635228,EEG Wearable,E1:1B:6D:10:62:56,-65,0.4,near_body,1
2026-04-07 20:42:18.651497,EEG Wearable,E1:1B:6D:10:62:56,-65,0.4,near_body,1
2026-04-07 20:42:19.385659,EEG Wearable,E1:1B:6D:10:62:56,-65,0.4,near_body,1
2026-04-07 20:42:19.400940,EEG Wearable,E1:1B:6D:10:62:56,-65,0.4,near_body,1
2026-04-07 20:42:20.567357,EEG Wearable,E1:1B:6D:10:62:56,-66,0.4,near_body,1
2026-04-07 20:42:20.572913,EEG Wearable,E1:1B:6D:10:62:56,-66,0.4,near_body,1
2026-04-07 20:42:21.492485,EEG Wearable,E1:1B:6D:10:62:56,-65,0.4,near_body,1
2026-04-07 20:42:21.506642,EEG Wearable,E1:1B:6D:10:62:56,-65,0.4,near_body,1
2026-04-07 20:42:21.609272,EEG Wearable,E1:1B:6D:10:62:56,-66,0.4,near_body,1
2026-04-07 20:42:21.610764,EEG Wearable,E1:1B:6D:10:62:56,-66,0.4,near_body,1
2026-04-07 20:42:22.553194,EEG Wearable,E1:1B:6D:10:62:56,-65,0.4,near_body,1
2026-04-07 20:42:22.557443,EEG Wearable,E1:1B:6D:10:62:56,-65,0.4,near_body,1
2026-04-07 20:42:22.652130,EEG Wearable,E1:1B:6D:10:62:56,-66,0.4,near_body,1
2026-04-07 20:42:22.674065,EEG Wearable,E1:1B:6D:10:62:56,-66,0.4,near_body,1
2026-04-07 20:42:23.490750,EEG Wearable,E1:1B:6D:10:62:56,-72,0.4,near_body,1
2026-04-07 20:42:23.511691,EEG Wearable,E1:1B:6D:10:62:56,-72,0.4,near_body,1
2026-04-07 20:42:23.595005,EEG Wearable,E1:1B:6D:10:62:56,-65,0.4,near_body,1
2026-04-07 20:42:23.617966,EEG Wearable,E1:1B:6D:10:62:56,-65,0.4,near_body,1
2026-04-07 20:42:25.189930,EEG Wearable,E1:1B:6D:10:62:56,-66,0.4,near_body,1
2026-04-07 20:42:25.189930,EEG Wearable,E1:1B:6D:10:62:56,-66,0.4,near_body,1
2026-04-07 20:42:25.269593,EEG Wearable,E1:1B:6D:10:62:56,-71,0.4,near_body,1
2026-04-07 20:42:25.269593,EEG Wearable,E1:1B:6D:10:62:56,-71,0.4,near_body,1
2026-04-07 20:42:26.214462,EEG Wearable,E1:1B:6D:10:62:56,-66,0.4,near_body,1
2026-04-07 20:42:26.222735,EEG Wearable,E1:1B:6D:10:62:56,-66,0.4,near_body,1
2026-04-07 20:42:26.434526,EEG Wearable,E1:1B:6D:10:62:56,-65,0.4,near_body,1
2026-04-07 20:42:26.450252,EEG Wearable,E1:1B:6D:10:62:56,-65,0.4,near_body,1
2026-04-07 20:42:28.234988,EEG Wearable,E1:1B:6D:10:62:56,-65,0.4,near_body,1
2026-04-07 20:42:28.241569,EEG Wearable,E1:1B:6D:10:62:56,-65,0.4,near_body,1
2026-04-07 20:42:33.289890,EEG Wearable,E1:1B:6D:10:62:56,-68,0.4,near_body,2
2026-04-07 20:42:33.298966,EEG Wearable,E1:1B:6D:10:62:56,-68,0.4,near_body,2
2026-04-07 20:42:34.253469,EEG Wearable,E1:1B:6D:10:62:56,-66,0.4,near_body,2
2026-04-07 20:42:34.269440,EEG Wearable,E1:1B:6D:10:62:56,-66,0.4,near_body,2
2026-04-07 20:42:35.188312,EEG Wearable,E1:1B:6D:10:62:56,-71,0.4,near_body,2
2026-04-07 20:42:35.193334,EEG Wearable,E1:1B:6D:10:62:56,-72,0.4,near_body,2
2026-04-07 20:42:36.150569,EEG Wearable,E1:1B:6D:10:62:56,-66,0.4,near_body,2
2026-04-07 20:42:36.163036,EEG Wearable,E1:1B:6D:10:62:56,-66,0.4,near_body,2
2026-04-07 20:42:36.961970,EEG Wearable,E1:1B:6D:10:62:56,-71,0.4,near_body,2
2026-04-07 20:42:36.968109,EEG Wearable,E1:1B:6D:10:62:56,-71,0.4,near_body,2
2026-04-07 20:42:37.065375,EEG Wearable,E1:1B:6D:10:62:56,-64,0.4,near_body,2
2026-04-07 20:42:37.085601,EEG Wearable,E1:1B:6D:10:62:56,-64,0.4,near_body,2
2026-04-07 20:42:37.900855,EEG Wearable,E1:1B:6D:10:62:56,-66,0.4,near_body,2
2026-04-07 20:42:37.918890,EEG Wearable,E1:1B:6D:10:62:56,-66,0.4,near_body,2
2026-04-07 20:42:38.865777,EEG Wearable,E1:1B:6D:10:62:56,-64,0.4,near_body,2
2026-04-07 20:42:38.877027,EEG Wearable,E1:1B:6D:10:62:56,-64,0.4,near_body,2
2026-04-07 20:42:39.677487,EEG Wearable,E1:1B:6D:10:62:56,-65,0.4,near_body,2
2026-04-07 20:42:39.699805,EEG Wearable,E1:1B:6D:10:62:56,-66,0.4,near_body,2
2026-04-07 20:42:40.623532,EEG Wearable,E1:1B:6D:10:62:56,-64,0.4,near_body,2
2026-04-07 20:42:40.633076,EEG Wearable,E1:1B:6D:10:62:56,-64,0.4,near_body,2
2026-04-07 20:42:40.757335,EEG Wearable,E1:1B:6D:10:62:56,-66,0.4,near_body,2
2026-04-07 20:42:40.771200,EEG Wearable,E1:1B:6D:10:62:56,-66,0.4,near_body,2
2026-04-07 20:42:41.695369,EEG Wearable,E1:1B:6D:10:62:56,-65,0.4,near_body,2
2026-04-07 20:42:41.700275,EEG Wearable,E1:1B:6D:10:62:56,-65,0.4,near_body,2
2026-04-07 20:42:41.789368,EEG Wearable,E1:1B:6D:10:62:56,-66,0.4,near_body,2
2026-04-07 20:42:41.810263,EEG Wearable,E1:1B:6D:10:62:56,-66,0.4,near_body,2
2026-04-07 20:42:43.601466,EEG Wearable,E1:1B:6D:10:62:56,-66,0.4,near_body,2
2026-04-07 20:42:44.750383,EEG Wearable,E1:1B:6D:10:62:56,-71,0.4,near_body,2
2026-04-07 20:42:44.771045,EEG Wearable,E1:1B:6D:10:62:56,-71,0.4,near_body,2
2026-04-07 20:42:45.704789,EEG Wearable,E1:1B:6D:10:62:56,-66,0.4,near_body,2
2026-04-07 20:42:45.722816,EEG Wearable,E1:1B:6D:10:62:56,-66,0.4,near_body,2
2026-04-07 20:42:45.811850,EEG Wearable,E1:1B:6D:10:62:56,-71,0.4,near_body,2
2026-04-07 20:42:45.832564,EEG Wearable,E1:1B:6D:10:62:56,-71,0.4,near_body,2
2026-04-07 20:42:46.656051,EEG Wearable,E1:1B:6D:10:62:56,-65,0.4,near_body,2
2026-04-07 20:42:46.670324,EEG Wearable,E1:1B:6D:10:62:56,-65,0.4,near_body,2
2026-04-07 20:42:46.772157,EEG Wearable,E1:1B:6D:10:62:56,-66,0.4,near_body,2
2026-04-07 20:42:46.776169,EEG Wearable,E1:1B:6D:10:62:56,-66,0.4,near_body,2
2026-04-07 20:42:46.868749,EEG Wearable,E1:1B:6D:10:62:56,-71,0.4,near_body,2
2026-04-07 20:42:46.888644,EEG Wearable,E1:1B:6D:10:62:56,-71,0.4,near_body,2
2026-04-07 20:42:47.703478,EEG Wearable,E1:1B:6D:10:62:56,-65,0.4,near_body,2
2026-04-07 20:42:47.712708,EEG Wearable,E1:1B:6D:10:62:56,-65,0.4,near_body,2
2026-04-07 20:42:48.559483,EEG Wearable,E1:1B:6D:10:62:56,-66,0.4,near_body,2
2026-04-07 20:42:48.559483,EEG Wearable,E1:1B:6D:10:62:56,-66,0.4,near_body,2
2026-04-07 20:42:50.113158,EEG Wearable,E1:1B:6D:10:62:56,-71,0.4,near_body,2
2026-04-07 20:42:50.130416,EEG Wearable,E1:1B:6D:10:62:56,-71,0.4,near_body,2
2026-04-07 20:42:52.305792,EEG Wearable,E1:1B:6D:10:62:56,-65,0.4,near_body,2
2026-04-07 20:42:52.325658,EEG Wearable,E1:1B:6D:10:62:56,-65,0.4,near_body,2
2026-04-07 20:42:53.137915,EEG Wearable,E1:1B:6D:10:62:56,-66,0.4,near_body,2
2026-04-07 20:42:53.142993,EEG Wearable,E1:1B:6D:10:62:56,-66,0.4,near_body,2
2026-04-07 20:42:54.118400,EEG Wearable,E1:1B:6D:10:62:56,-65,0.4,near_body,2
2026-04-07 20:42:54.123612,EEG Wearable,E1:1B:6D:10:62:56,-65,0.4,near_body,2
2026-04-07 20:42:54.192918,EEG Wearable,E1:1B:6D:10:62:56,-66,0.4,near_body,2
2026-04-07 20:42:54.214285,EEG Wearable,E1:1B:6D:10:62:56,-66,0.4,near_body,2
2026-04-07 20:42:55.053322,EEG Wearable,E1:1B:6D:10:62:56,-72,0.4,near_body,2
2026-04-07 20:42:55.055327,EEG Wearable,E1:1B:6D:10:62:56,-72,0.4,near_body,2
2026-04-07 20:42:55.138734,EEG Wearable,E1:1B:6D:10:62:56,-65,0.4,near_body,2
2026-04-07 20:42:55.159960,EEG Wearable,E1:1B:6D:10:62:56,-65,0.4,near_body,2
2026-04-07 20:42:55.880018,EEG Wearable,E1:1B:6D:10:62:56,-65,0.4,near_body,2
2026-04-07 20:42:55.898725,EEG Wearable,E1:1B:6D:10:62:56,-65,0.4,near_body,2
2026-04-07 20:42:56.116843,EEG Wearable,E1:1B:6D:10:62:56,-72,0.4,near_body,2
2026-04-07 20:42:56.125030,EEG Wearable,E1:1B:6D:10:62:56,-72,0.4,near_body,2
2026-04-07 20:42:56.940081,EEG Wearable,E1:1B:6D:10:62:56,-65,0.4,near_body,2
2026-04-07 20:42:56.957459,EEG Wearable,E1:1B:6D:10:62:56,-65,0.4,near_body,2
2026-04-07 20:42:57.037311,EEG Wearable,E1:1B:6D:10:62:56,-66,0.4,near_body,2
2026-04-07 20:42:57.041337,EEG Wearable,E1:1B:6D:10:62:56,-66,0.4,near_body,2
2026-04-07 20:42:57.762585,EEG Wearable,E1:1B:6D:10:62:56,-66,0.4,near_body,2
2026-04-07 20:42:57.766597,EEG Wearable,E1:1B:6D:10:62:56,-66,0.4,near_body,2
2026-04-07 20:42:58.791338,EEG Wearable,E1:1B:6D:10:62:56,-66,0.4,near_body,2
2026-04-07 20:42:58.817896,EEG Wearable,E1:1B:6D:10:62:56,-66,0.4,near_body,2
2026-04-07 20:42:59.637279,EEG Wearable,E1:1B:6D:10:62:56,-72,0.4,near_body,2
2026-04-07 20:42:59.653019,EEG Wearable,E1:1B:6D:10:62:56,-72,0.4,near_body,2
2026-04-07 20:42:59.764647,EEG Wearable,E1:1B:6D:10:62:56,-64,0.4,near_body,2
2026-04-07 20:42:59.764647,EEG Wearable,E1:1B:6D:10:62:56,-65,0.4,near_body,2
2026-04-07 20:43:00.592550,EEG Wearable,E1:1B:6D:10:62:56,-66,0.4,near_body,2
2026-04-07 20:43:00.606791,EEG Wearable,E1:1B:6D:10:62:56,-66,0.4,near_body,2
2026-04-07 20:43:00.702874,EEG Wearable,E1:1B:6D:10:62:56,-72,0.4,near_body,2
2026-04-07 20:43:00.702874,EEG Wearable,E1:1B:6D:10:62:56,-72,0.4,near_body,2
2026-04-07 20:43:01.677243,EEG Wearable,E1:1B:6D:10:62:56,-66,0.4,near_body,2
2026-04-07 20:43:01.677243,EEG Wearable,E1:1B:6D:10:62:56,-66,0.4,near_body,2
2026-04-07 20:43:01.757637,EEG Wearable,E1:1B:6D:10:62:56,-72,0.4,near_body,2
2026-04-07 20:43:01.773236,EEG Wearable,E1:1B:6D:10:62:56,-72,0.4,near_body,2
2026-04-07 20:43:06.389775,EEG Wearable,E1:1B:6D:10:62:56,-74,0.4,near_body,3
2026-04-07 20:43:06.393789,EEG Wearable,E1:1B:6D:10:62:56,-74,0.4,near_body,3
2026-04-07 20:43:06.477768,EEG Wearable,E1:1B:6D:10:62:56,-66,0.4,near_body,3
2026-04-07 20:43:06.492845,EEG Wearable,E1:1B:6D:10:62:56,-66,0.4,near_body,3
2026-04-07 20:43:07.225729,EEG Wearable,E1:1B:6D:10:62:56,-66,0.4,near_body,3
2026-04-07 20:43:07.230415,EEG Wearable,E1:1B:6D:10:62:56,-66,0.4,near_body,3
2026-04-07 20:43:07.317401,EEG Wearable,E1:1B:6D:10:62:56,-67,0.4,near_body,3
2026-04-07 20:43:07.321438,EEG Wearable,E1:1B:6D:10:62:56,-67,0.4,near_body,3
2026-04-07 20:43:08.275397,EEG Wearable,E1:1B:6D:10:62:56,-66,0.4,near_body,3
2026-04-07 20:43:08.277401,EEG Wearable,E1:1B:6D:10:62:56,-66,0.4,near_body,3
2026-04-07 20:43:09.104503,EEG Wearable,E1:1B:6D:10:62:56,-66,0.4,near_body,3
2026-04-07 20:43:09.108511,EEG Wearable,E1:1B:6D:10:62:56,-66,0.4,near_body,3
2026-04-07 20:43:09.198951,EEG Wearable,E1:1B:6D:10:62:56,-73,0.4,near_body,3
2026-04-07 20:43:09.202965,EEG Wearable,E1:1B:6D:10:62:56,-73,0.4,near_body,3
2026-04-07 20:43:11.915498,EEG Wearable,E1:1B:6D:10:62:56,-66,0.4,near_body,3
2026-04-07 20:43:11.931329,EEG Wearable,E1:1B:6D:10:62:56,-66,0.4,near_body,3
2026-04-07 20:43:12.027139,EEG Wearable,E1:1B:6D:10:62:56,-73,0.4,near_body,3
2026-04-07 20:43:12.043268,EEG Wearable,E1:1B:6D:10:62:56,-73,0.4,near_body,3
2026-04-07 20:43:12.864147,EEG Wearable,E1:1B:6D:10:62:56,-65,0.4,near_body,3
2026-04-07 20:43:12.883612,EEG Wearable,E1:1B:6D:10:62:56,-65,0.4,near_body,3
2026-04-07 20:43:13.711060,EEG Wearable,E1:1B:6D:10:62:56,-66,0.4,near_body,3
2026-04-07 20:43:13.725586,EEG Wearable,E1:1B:6D:10:62:56,-66,0.4,near_body,3
2026-04-07 20:43:13.803281,EEG Wearable,E1:1B:6D:10:62:56,-73,0.4,near_body,3
2026-04-07 20:43:13.819753,EEG Wearable,E1:1B:6D:10:62:56,-73,0.4,near_body,3
2026-04-07 20:43:14.669619,EEG Wearable,E1:1B:6D:10:62:56,-65,0.4,near_body,3
2026-04-07 20:43:14.683511,EEG Wearable,E1:1B:6D:10:62:56,-65,0.4,near_body,3
2026-04-07 20:43:14.761400,EEG Wearable,E1:1B:6D:10:62:56,-66,0.4,near_body,3
2026-04-07 20:43:14.765409,EEG Wearable,E1:1B:6D:10:62:56,-66,0.4,near_body,3
2026-04-07 20:43:15.589205,EEG Wearable,E1:1B:6D:10:62:56,-73,0.4,near_body,3
2026-04-07 20:43:15.602997,EEG Wearable,E1:1B:6D:10:62:56,-73,0.4,near_body,3
2026-04-07 20:43:16.536960,EEG Wearable,E1:1B:6D:10:62:56,-66,0.4,near_body,3
2026-04-07 20:43:16.536960,EEG Wearable,E1:1B:6D:10:62:56,-66,0.4,near_body,3
2026-04-07 20:43:16.632616,EEG Wearable,E1:1B:6D:10:62:56,-73,0.4,near_body,3
2026-04-07 20:43:16.655697,EEG Wearable,E1:1B:6D:10:62:56,-73,0.4,near_body,3
2026-04-07 20:43:17.588148,EEG Wearable,E1:1B:6D:10:62:56,-66,0.4,near_body,3
2026-04-07 20:43:17.592159,EEG Wearable,E1:1B:6D:10:62:56,-66,0.4,near_body,3
2026-04-07 20:43:18.558094,EEG Wearable,E1:1B:6D:10:62:56,-65,0.4,near_body,3
2026-04-07 20:43:18.569706,EEG Wearable,E1:1B:6D:10:62:56,-65,0.4,near_body,3
2026-04-07 20:43:18.654372,EEG Wearable,E1:1B:6D:10:62:56,-66,0.4,near_body,3
2026-04-07 20:43:18.658384,EEG Wearable,E1:1B:6D:10:62:56,-66,0.4,near_body,3
2026-04-07 20:43:19.713085,EEG Wearable,E1:1B:6D:10:62:56,-66,0.4,near_body,3
2026-04-07 20:43:19.726900,EEG Wearable,E1:1B:6D:10:62:56,-66,0.4,near_body,3
2026-04-07 20:43:19.824678,EEG Wearable,E1:1B:6D:10:62:56,-73,0.4,near_body,3
2026-04-07 20:43:19.840282,EEG Wearable,E1:1B:6D:10:62:56,-73,0.4,near_body,3
2026-04-07 20:43:20.668538,EEG Wearable,E1:1B:6D:10:62:56,-65,0.4,near_body,3
2026-04-07 20:43:20.686593,EEG Wearable,E1:1B:6D:10:62:56,-65,0.4,near_body,3
2026-04-07 20:43:21.633000,EEG Wearable,E1:1B:6D:10:62:56,-73,0.4,near_body,3
2026-04-07 20:43:21.637011,EEG Wearable,E1:1B:6D:10:62:56,-73,0.4,near_body,3
2026-04-07 20:43:21.719293,EEG Wearable,E1:1B:6D:10:62:56,-65,0.4,near_body,3
2026-04-07 20:43:21.736768,EEG Wearable,E1:1B:6D:10:62:56,-65,0.4,near_body,3
2026-04-07 20:43:22.450999,EEG Wearable,E1:1B:6D:10:62:56,-65,0.4,near_body,3
2026-04-07 20:43:22.470392,EEG Wearable,E1:1B:6D:10:62:56,-65,0.4,near_body,3
2026-04-07 20:43:22.562179,EEG Wearable,E1:1B:6D:10:62:56,-66,0.4,near_body,3
2026-04-07 20:43:22.576168,EEG Wearable,E1:1B:6D:10:62:56,-66,0.4,near_body,3
2026-04-07 20:43:23.635999,EEG Wearable,E1:1B:6D:10:62:56,-66,0.4,near_body,3
2026-04-07 20:43:23.640008,EEG Wearable,E1:1B:6D:10:62:56,-66,0.4,near_body,3
2026-04-07 20:43:23.758917,EEG Wearable,E1:1B:6D:10:62:56,-73,0.4,near_body,3
2026-04-07 20:43:23.760921,EEG Wearable,E1:1B:6D:10:62:56,-73,0.4,near_body,3
2026-04-07 20:43:25.304397,EEG Wearable,E1:1B:6D:10:62:56,-65,0.4,near_body,3
2026-04-07 20:43:25.314289,EEG Wearable,E1:1B:6D:10:62:56,-65,0.4,near_body,3
2026-04-07 20:43:25.855990,EEG Wearable,E1:1B:6D:10:62:56,-73,0.4,near_body,3
2026-04-07 20:43:25.877638,EEG Wearable,E1:1B:6D:10:62:56,-73,0.4,near_body,3
2026-04-07 20:43:26.585399,EEG Wearable,E1:1B:6D:10:62:56,-73,0.4,near_body,3
2026-04-07 20:43:26.600652,EEG Wearable,E1:1B:6D:10:62:56,-73,0.4,near_body,3
2026-04-07 20:43:26.798888,EEG Wearable,E1:1B:6D:10:62:56,-66,0.4,near_body,3
2026-04-07 20:43:26.819561,EEG Wearable,E1:1B:6D:10:62:56,-66,0.4,near_body,3
2026-04-07 20:43:27.531113,EEG Wearable,E1:1B:6D:10:62:56,-66,0.4,near_body,3
2026-04-07 20:43:27.533886,EEG Wearable,E1:1B:6D:10:62:56,-66,0.4,near_body,3
2026-04-07 20:43:27.625864,EEG Wearable,E1:1B:6D:10:62:56,-73,0.4,near_body,3
2026-04-07 20:43:27.642444,EEG Wearable,E1:1B:6D:10:62:56,-73,0.4,near_body,3
2026-04-07 20:43:28.477714,EEG Wearable,E1:1B:6D:10:62:56,-65,0.4,near_body,3
2026-04-07 20:43:28.491625,EEG Wearable,E1:1B:6D:10:62:56,-65,0.4,near_body,3
2026-04-07 20:43:29.284772,EEG Wearable,E1:1B:6D:10:62:56,-66,0.4,near_body,3
2026-04-07 20:43:29.308164,EEG Wearable,E1:1B:6D:10:62:56,-66,0.4,near_body,3
2026-04-07 20:43:30.124589,EEG Wearable,E1:1B:6D:10:62:56,-73,0.4,near_body,3
2026-04-07 20:43:30.131078,EEG Wearable,E1:1B:6D:10:62:56,-73,0.4,near_body,3
2026-04-07 20:43:30.966348,EEG Wearable,E1:1B:6D:10:62:56,-65,0.4,near_body,3
2026-04-07 20:43:30.982441,EEG Wearable,E1:1B:6D:10:62:56,-65,0.4,near_body,3
2026-04-07 20:43:31.877509,EEG Wearable,E1:1B:6D:10:62:56,-73,0.4,near_body,3
2026-04-07 20:43:31.882342,EEG Wearable,E1:1B:6D:10:62:56,-73,0.4,near_body,3
2026-04-07 20:43:32.950631,EEG Wearable,E1:1B:6D:10:62:56,-73,0.4,near_body,3
2026-04-07 20:43:32.969316,EEG Wearable,E1:1B:6D:10:62:56,-73,0.4,near_body,3
2026-04-07 20:43:33.772888,EEG Wearable,E1:1B:6D:10:62:56,-65,0.4,near_body,3
2026-04-07 20:43:33.786964,EEG Wearable,E1:1B:6D:10:62:56,-65,0.4,near_body,3
2026-04-07 20:43:34.719634,EEG Wearable,E1:1B:6D:10:62:56,-73,0.4,near_body,3
2026-04-07 20:43:34.736481,EEG Wearable,E1:1B:6D:10:62:56,-73,0.4,near_body,3
2026-04-07 20:43:35.579652,EEG Wearable,E1:1B:6D:10:62:56,-65,0.4,near_body,3
2026-04-07 20:43:35.587562,EEG Wearable,E1:1B:6D:10:62:56,-65,0.4,near_body,3
2026-04-07 20:43:35.663255,EEG Wearable,E1:1B:6D:10:62:56,-66,0.4,near_body,3
2026-04-07 20:43:35.682868,EEG Wearable,E1:1B:6D:10:62:56,-66,0.4,near_body,3
2026-04-07 20:43:35.768738,EEG Wearable,E1:1B:6D:10:62:56,-73,0.4,near_body,3
2026-04-07 20:44:18.337496,EEG Wearable,E1:1B:6D:10:62:56,-69,0.6,near_body,1
2026-04-07 20:44:18.340494,EEG Wearable,E1:1B:6D:10:62:56,-69,0.6,near_body,1
2026-04-07 20:44:19.130199,EEG Wearable,E1:1B:6D:10:62:56,-66,0.6,near_body,1
2026-04-07 20:44:19.149195,EEG Wearable,E1:1B:6D:10:62:56,-66,0.6,near_body,1
2026-04-07 20:44:20.096159,EEG Wearable,E1:1B:6D:10:62:56,-73,0.6,near_body,1
2026-04-07 20:44:20.099382,EEG Wearable,E1:1B:6D:10:62:56,-73,0.6,near_body,1
2026-04-07 20:44:20.178807,EEG Wearable,E1:1B:6D:10:62:56,-65,0.6,near_body,1
2026-04-07 20:44:20.186432,EEG Wearable,E1:1B:6D:10:62:56,-65,0.6,near_body,1
2026-04-07 20:44:22.076870,EEG Wearable,E1:1B:6D:10:62:56,-63,0.6,near_body,1
2026-04-07 20:44:22.102517,EEG Wearable,E1:1B:6D:10:62:56,-64,0.6,near_body,1
2026-04-07 20:44:23.022643,EEG Wearable,E1:1B:6D:10:62:56,-64,0.6,near_body,1
2026-04-07 20:44:23.039950,EEG Wearable,E1:1B:6D:10:62:56,-64,0.6,near_body,1
2026-04-07 20:44:24.943912,EEG Wearable,E1:1B:6D:10:62:56,-63,0.6,near_body,1
2026-04-07 20:44:24.943912,EEG Wearable,E1:1B:6D:10:62:56,-63,0.6,near_body,1
2026-04-07 20:44:25.775890,EEG Wearable,E1:1B:6D:10:62:56,-71,0.6,near_body,1
2026-04-07 20:44:25.775890,EEG Wearable,E1:1B:6D:10:62:56,-71,0.6,near_body,1
2026-04-07 20:44:26.697358,EEG Wearable,E1:1B:6D:10:62:56,-63,0.6,near_body,1
2026-04-07 20:44:26.721761,EEG Wearable,E1:1B:6D:10:62:56,-63,0.6,near_body,1
2026-04-07 20:44:26.799822,EEG Wearable,E1:1B:6D:10:62:56,-70,0.6,near_body,1
2026-04-07 20:44:26.819137,EEG Wearable,E1:1B:6D:10:62:56,-70,0.6,near_body,1
2026-04-07 20:44:27.625111,EEG Wearable,E1:1B:6D:10:62:56,-62,0.6,near_body,1
2026-04-07 20:44:27.650964,EEG Wearable,E1:1B:6D:10:62:56,-62,0.6,near_body,1
2026-04-07 20:44:28.693045,EEG Wearable,E1:1B:6D:10:62:56,-62,0.6,near_body,1
2026-04-07 20:44:28.715736,EEG Wearable,E1:1B:6D:10:62:56,-62,0.6,near_body,1
2026-04-07 20:44:29.545874,EEG Wearable,E1:1B:6D:10:62:56,-64,0.6,near_body,1
2026-04-07 20:44:29.547879,EEG Wearable,E1:1B:6D:10:62:56,-64,0.6,near_body,1
2026-04-07 20:44:29.677341,EEG Wearable,E1:1B:6D:10:62:56,-69,0.6,near_body,1
2026-04-07 20:44:29.681095,EEG Wearable,E1:1B:6D:10:62:56,-69,0.6,near_body,1
2026-04-07 20:44:29.756254,EEG Wearable,E1:1B:6D:10:62:56,-60,0.6,near_body,1
2026-04-07 20:44:29.780343,EEG Wearable,E1:1B:6D:10:62:56,-62,0.6,near_body,1
2026-04-07 20:44:30.695872,EEG Wearable,E1:1B:6D:10:62:56,-68,0.6,near_body,1
2026-04-07 20:44:30.710689,EEG Wearable,E1:1B:6D:10:62:56,-68,0.6,near_body,1
2026-04-07 20:44:31.415238,EEG Wearable,E1:1B:6D:10:62:56,-69,0.6,near_body,1
2026-04-07 20:44:31.436708,EEG Wearable,E1:1B:6D:10:62:56,-68,0.6,near_body,1
2026-04-07 20:44:32.144954,EEG Wearable,E1:1B:6D:10:62:56,-69,0.6,near_body,1
2026-04-07 20:44:32.152405,EEG Wearable,E1:1B:6D:10:62:56,-69,0.6,near_body,1
2026-04-07 20:44:32.250505,EEG Wearable,E1:1B:6D:10:62:56,-62,0.6,near_body,1
2026-04-07 20:44:32.256532,EEG Wearable,E1:1B:6D:10:62:56,-62,0.6,near_body,1
2026-04-07 20:44:33.084239,EEG Wearable,E1:1B:6D:10:62:56,-64,0.6,near_body,1
2026-04-07 20:44:33.102021,EEG Wearable,E1:1B:6D:10:62:56,-64,0.6,near_body,1
2026-04-07 20:44:33.185183,EEG Wearable,E1:1B:6D:10:62:56,-68,0.6,near_body,1
2026-04-07 20:44:33.198555,EEG Wearable,E1:1B:6D:10:62:56,-68,0.6,near_body,1
2026-04-07 20:44:34.026766,EEG Wearable,E1:1B:6D:10:62:56,-61,0.6,near_body,1
2026-04-07 20:44:34.042410,EEG Wearable,E1:1B:6D:10:62:56,-61,0.6,near_body,1
2026-04-07 20:44:34.860082,EEG Wearable,E1:1B:6D:10:62:56,-64,0.6,near_body,1
2026-04-07 20:44:34.864288,EEG Wearable,E1:1B:6D:10:62:56,-64,0.6,near_body,1
2026-04-07 20:44:34.953028,EEG Wearable,E1:1B:6D:10:62:56,-68,0.6,near_body,1
2026-04-07 20:44:34.972790,EEG Wearable,E1:1B:6D:10:62:56,-68,0.6,near_body,1
2026-04-07 20:44:35.789320,EEG Wearable,E1:1B:6D:10:62:56,-61,0.6,near_body,1
2026-04-07 20:44:35.807131,EEG Wearable,E1:1B:6D:10:62:56,-61,0.6,near_body,1
2026-04-07 20:44:35.896345,EEG Wearable,E1:1B:6D:10:62:56,-64,0.6,near_body,1
2026-04-07 20:44:35.912354,EEG Wearable,E1:1B:6D:10:62:56,-64,0.6,near_body,1
2026-04-07 20:44:36.622024,EEG Wearable,E1:1B:6D:10:62:56,-64,0.6,near_body,1
2026-04-07 20:44:36.636075,EEG Wearable,E1:1B:6D:10:62:56,-64,0.6,near_body,1
2026-04-07 20:44:36.724112,EEG Wearable,E1:1B:6D:10:62:56,-68,0.6,near_body,1
2026-04-07 20:44:36.741431,EEG Wearable,E1:1B:6D:10:62:56,-68,0.6,near_body,1
2026-04-07 20:44:37.447135,EEG Wearable,E1:1B:6D:10:62:56,-68,0.6,near_body,1
2026-04-07 20:44:37.463089,EEG Wearable,E1:1B:6D:10:62:56,-68,0.6,near_body,1
2026-04-07 20:44:37.550065,EEG Wearable,E1:1B:6D:10:62:56,-61,0.6,near_body,1
2026-04-07 20:44:37.568585,EEG Wearable,E1:1B:6D:10:62:56,-61,0.6,near_body,1
2026-04-07 20:44:38.278589,EEG Wearable,E1:1B:6D:10:62:56,-61,0.6,near_body,1
2026-04-07 20:44:38.285616,EEG Wearable,E1:1B:6D:10:62:56,-61,0.6,near_body,1
2026-04-07 20:44:38.382040,EEG Wearable,E1:1B:6D:10:62:56,-64,0.6,near_body,1
2026-04-07 20:44:38.402722,EEG Wearable,E1:1B:6D:10:62:56,-64,0.6,near_body,1
2026-04-07 20:44:39.333791,EEG Wearable,E1:1B:6D:10:62:56,-61,0.6,near_body,1
2026-04-07 20:44:39.347914,EEG Wearable,E1:1B:6D:10:62:56,-61,0.6,near_body,1
2026-04-07 20:44:40.300392,EEG Wearable,E1:1B:6D:10:62:56,-68,0.6,near_body,1
2026-04-07 20:44:40.304406,EEG Wearable,E1:1B:6D:10:62:56,-68,0.6,near_body,1
2026-04-07 20:44:41.251068,EEG Wearable,E1:1B:6D:10:62:56,-64,0.6,near_body,1
2026-04-07 20:44:41.255078,EEG Wearable,E1:1B:6D:10:62:56,-64,0.6,near_body,1
2026-04-07 20:44:42.276715,EEG Wearable,E1:1B:6D:10:62:56,-63,0.6,near_body,1
2026-04-07 20:44:42.291220,EEG Wearable,E1:1B:6D:10:62:56,-63,0.6,near_body,1
2026-04-07 20:44:43.143027,EEG Wearable,E1:1B:6D:10:62:56,-68,0.6,near_body,1
2026-04-07 20:44:43.143027,EEG Wearable,E1:1B:6D:10:62:56,-68,0.6,near_body,1
2026-04-07 20:44:43.244774,EEG Wearable,E1:1B:6D:10:62:56,-61,0.6,near_body,1
2026-04-07 20:44:43.252413,EEG Wearable,E1:1B:6D:10:62:56,-61,0.6,near_body,1
2026-04-07 20:44:44.062747,EEG Wearable,E1:1B:6D:10:62:56,-63,0.6,near_body,1
2026-04-07 20:44:44.073397,EEG Wearable,E1:1B:6D:10:62:56,-63,0.6,near_body,1
2026-04-07 20:44:44.167315,EEG Wearable,E1:1B:6D:10:62:56,-68,0.6,near_body,1
2026-04-07 20:44:44.185259,EEG Wearable,E1:1B:6D:10:62:56,-68,0.6,near_body,1
2026-04-07 20:44:45.153726,EEG Wearable,E1:1B:6D:10:62:56,-63,0.6,near_body,1
2026-04-07 20:44:45.165929,EEG Wearable,E1:1B:6D:10:62:56,-63,0.6,near_body,1
2026-04-07 20:44:45.234327,EEG Wearable,E1:1B:6D:10:62:56,-68,0.6,near_body,1
2026-04-07 20:44:45.241774,EEG Wearable,E1:1B:6D:10:62:56,-68,0.6,near_body,1
2026-04-07 20:44:45.979072,EEG Wearable,E1:1B:6D:10:62:56,-68,0.6,near_body,1
2026-04-07 20:44:45.985257,EEG Wearable,E1:1B:6D:10:62:56,-68,0.6,near_body,1
2026-04-07 20:44:46.060416,EEG Wearable,E1:1B:6D:10:62:56,-61,0.6,near_body,1
2026-04-07 20:44:46.076349,EEG Wearable,E1:1B:6D:10:62:56,-61,0.6,near_body,1
2026-04-07 20:44:46.902241,EEG Wearable,E1:1B:6D:10:62:56,-63,0.6,near_body,1
2026-04-07 20:44:46.906623,EEG Wearable,E1:1B:6D:10:62:56,-63,0.6,near_body,1
2026-04-07 20:44:47.002592,EEG Wearable,E1:1B:6D:10:62:56,-68,0.6,near_body,1
2026-04-07 20:44:47.020216,EEG Wearable,E1:1B:6D:10:62:56,-68,0.6,near_body,1
2026-04-07 20:44:47.725174,EEG Wearable,E1:1B:6D:10:62:56,-68,0.6,near_body,1
2026-04-07 20:44:47.725174,EEG Wearable,E1:1B:6D:10:62:56,-68,0.6,near_body,1
2026-04-07 20:44:47.829017,EEG Wearable,E1:1B:6D:10:62:56,-61,0.6,near_body,1
2026-04-07 20:44:47.841556,EEG Wearable,E1:1B:6D:10:62:56,-61,0.6,near_body,1
2026-04-07 20:44:52.454523,EEG Wearable,E1:1B:6D:10:62:56,-73,0.6,near_body,2
2026-04-07 20:44:52.458523,EEG Wearable,E1:1B:6D:10:62:56,-73,0.6,near_body,2
2026-04-07 20:44:52.552636,EEG Wearable,E1:1B:6D:10:62:56,-75,0.6,near_body,2
2026-04-07 20:44:52.571898,EEG Wearable,E1:1B:6D:10:62:56,-75,0.6,near_body,2
2026-04-07 20:44:53.386941,EEG Wearable,E1:1B:6D:10:62:56,-75,0.6,near_body,2
2026-04-07 20:44:53.498588,EEG Wearable,E1:1B:6D:10:62:56,-73,0.6,near_body,2
2026-04-07 20:44:53.513768,EEG Wearable,E1:1B:6D:10:62:56,-73,0.6,near_body,2
2026-04-07 20:44:54.249788,EEG Wearable,E1:1B:6D:10:62:56,-65,0.6,near_body,2
2026-04-07 20:44:54.266269,EEG Wearable,E1:1B:6D:10:62:56,-65,0.6,near_body,2
2026-04-07 20:44:55.177523,EEG Wearable,E1:1B:6D:10:62:56,-71,0.6,near_body,2
2026-04-07 20:44:55.183539,EEG Wearable,E1:1B:6D:10:62:56,-71,0.6,near_body,2
2026-04-07 20:44:56.105142,EEG Wearable,E1:1B:6D:10:62:56,-63,0.6,near_body,2
2026-04-07 20:44:56.108152,EEG Wearable,E1:1B:6D:10:62:56,-63,0.6,near_body,2
2026-04-07 20:44:56.842885,EEG Wearable,E1:1B:6D:10:62:56,-63,0.6,near_body,2
2026-04-07 20:44:56.858685,EEG Wearable,E1:1B:6D:10:62:56,-63,0.6,near_body,2
2026-04-07 20:44:57.159225,EEG Wearable,E1:1B:6D:10:62:56,-63,0.6,near_body,2
2026-04-07 20:44:57.180027,EEG Wearable,E1:1B:6D:10:62:56,-63,0.6,near_body,2
2026-04-07 20:44:59.073979,EEG Wearable,E1:1B:6D:10:62:56,-71,0.6,near_body,2
2026-04-07 20:44:59.073979,EEG Wearable,E1:1B:6D:10:62:56,-71,0.6,near_body,2
2026-04-07 20:44:59.164306,EEG Wearable,E1:1B:6D:10:62:56,-64,0.6,near_body,2
2026-04-07 20:44:59.185587,EEG Wearable,E1:1B:6D:10:62:56,-64,0.6,near_body,2
2026-04-07 20:45:01.080732,EEG Wearable,E1:1B:6D:10:62:56,-63,0.6,near_body,2
2026-04-07 20:45:01.086172,EEG Wearable,E1:1B:6D:10:62:56,-63,0.6,near_body,2
2026-04-07 20:45:01.176709,EEG Wearable,E1:1B:6D:10:62:56,-70,0.6,near_body,2
2026-04-07 20:45:01.198649,EEG Wearable,E1:1B:6D:10:62:56,-70,0.6,near_body,2
2026-04-07 20:45:02.017020,EEG Wearable,E1:1B:6D:10:62:56,-64,0.6,near_body,2
2026-04-07 20:45:02.024394,EEG Wearable,E1:1B:6D:10:62:56,-64,0.6,near_body,2
2026-04-07 20:45:02.841935,EEG Wearable,E1:1B:6D:10:62:56,-63,0.6,near_body,2
2026-04-07 20:45:02.857660,EEG Wearable,E1:1B:6D:10:62:56,-63,0.6,near_body,2
2026-04-07 20:45:03.802361,EEG Wearable,E1:1B:6D:10:62:56,-63,0.6,near_body,2
2026-04-07 20:45:03.806372,EEG Wearable,E1:1B:6D:10:62:56,-63,0.6,near_body,2
2026-04-07 20:45:04.518111,EEG Wearable,E1:1B:6D:10:62:56,-63,0.6,near_body,2
2026-04-07 20:45:04.538574,EEG Wearable,E1:1B:6D:10:62:56,-63,0.6,near_body,2
2026-04-07 20:45:04.627769,EEG Wearable,E1:1B:6D:10:62:56,-63,0.6,near_body,2
2026-04-07 20:45:04.627769,EEG Wearable,E1:1B:6D:10:62:56,-63,0.6,near_body,2
2026-04-07 20:45:04.729673,EEG Wearable,E1:1B:6D:10:62:56,-70,0.6,near_body,2
2026-04-07 20:45:04.755914,EEG Wearable,E1:1B:6D:10:62:56,-70,0.6,near_body,2
2026-04-07 20:45:05.691905,EEG Wearable,E1:1B:6D:10:62:56,-63,0.6,near_body,2
2026-04-07 20:45:05.691905,EEG Wearable,E1:1B:6D:10:62:56,-63,0.6,near_body,2
2026-04-07 20:45:05.812314,EEG Wearable,E1:1B:6D:10:62:56,-70,0.6,near_body,2
2026-04-07 20:45:05.819823,EEG Wearable,E1:1B:6D:10:62:56,-70,0.6,near_body,2
2026-04-07 20:45:05.916279,EEG Wearable,E1:1B:6D:10:62:56,-63,0.6,near_body,2
2026-04-07 20:45:05.920291,EEG Wearable,E1:1B:6D:10:62:56,-63,0.6,near_body,2
2026-04-07 20:45:06.729987,EEG Wearable,E1:1B:6D:10:62:56,-63,0.6,near_body,2
2026-04-07 20:45:06.745182,EEG Wearable,E1:1B:6D:10:62:56,-63,0.6,near_body,2
2026-04-07 20:45:07.795479,EEG Wearable,E1:1B:6D:10:62:56,-63,0.6,near_body,2
2026-04-07 20:45:07.812932,EEG Wearable,E1:1B:6D:10:62:56,-63,0.6,near_body,2
2026-04-07 20:45:08.750170,EEG Wearable,E1:1B:6D:10:62:56,-63,0.6,near_body,2
2026-04-07 20:45:08.753680,EEG Wearable,E1:1B:6D:10:62:56,-63,0.6,near_body,2
2026-04-07 20:45:09.591102,EEG Wearable,E1:1B:6D:10:62:56,-63,0.6,near_body,2
2026-04-07 20:45:09.594436,EEG Wearable,E1:1B:6D:10:62:56,-63,0.6,near_body,2
2026-04-07 20:45:10.518954,EEG Wearable,E1:1B:6D:10:62:56,-63,0.6,near_body,2
2026-04-07 20:45:10.535552,EEG Wearable,E1:1B:6D:10:62:56,-63,0.6,near_body,2
2026-04-07 20:45:10.622886,EEG Wearable,E1:1B:6D:10:62:56,-63,0.6,near_body,2
2026-04-07 20:45:10.636285,EEG Wearable,E1:1B:6D:10:62:56,-63,0.6,near_body,2
2026-04-07 20:45:11.463947,EEG Wearable,E1:1B:6D:10:62:56,-70,0.6,near_body,2
2026-04-07 20:45:11.475397,EEG Wearable,E1:1B:6D:10:62:56,-70,0.6,near_body,2
2026-04-07 20:45:12.314419,EEG Wearable,E1:1B:6D:10:62:56,-63,0.6,near_body,2
2026-04-07 20:45:12.318604,EEG Wearable,E1:1B:6D:10:62:56,-63,0.6,near_body,2
2026-04-07 20:45:13.131389,EEG Wearable,E1:1B:6D:10:62:56,-63,0.6,near_body,2
2026-04-07 20:45:13.135399,EEG Wearable,E1:1B:6D:10:62:56,-63,0.6,near_body,2
2026-04-07 20:45:13.964725,EEG Wearable,E1:1B:6D:10:62:56,-70,0.6,near_body,2
2026-04-07 20:45:13.978249,EEG Wearable,E1:1B:6D:10:62:56,-70,0.6,near_body,2
2026-04-07 20:45:14.048997,EEG Wearable,E1:1B:6D:10:62:56,-63,0.6,near_body,2
2026-04-07 20:45:14.997235,EEG Wearable,E1:1B:6D:10:62:56,-70,0.6,near_body,2
2026-04-07 20:45:15.019172,EEG Wearable,E1:1B:6D:10:62:56,-70,0.6,near_body,2
2026-04-07 20:45:15.840294,EEG Wearable,E1:1B:6D:10:62:56,-63,0.6,near_body,2
2026-04-07 20:45:15.855011,EEG Wearable,E1:1B:6D:10:62:56,-63,0.6,near_body,2
2026-04-07 20:45:15.971247,EEG Wearable,E1:1B:6D:10:62:56,-63,0.6,near_body,2
2026-04-07 20:45:15.976335,EEG Wearable,E1:1B:6D:10:62:56,-63,0.6,near_body,2
2026-04-07 20:45:16.893375,EEG Wearable,E1:1B:6D:10:62:56,-63,0.6,near_body,2
2026-04-07 20:45:16.893375,EEG Wearable,E1:1B:6D:10:62:56,-63,0.6,near_body,2
2026-04-07 20:45:17.755792,EEG Wearable,E1:1B:6D:10:62:56,-63,0.6,near_body,2
2026-04-07 20:45:17.767829,EEG Wearable,E1:1B:6D:10:62:56,-63,0.6,near_body,2
2026-04-07 20:45:17.837947,EEG Wearable,E1:1B:6D:10:62:56,-70,0.6,near_body,2
2026-04-07 20:45:17.848780,EEG Wearable,E1:1B:6D:10:62:56,-70,0.6,near_body,2
2026-04-07 20:45:18.669110,EEG Wearable,E1:1B:6D:10:62:56,-63,0.6,near_body,2
2026-04-07 20:45:18.685972,EEG Wearable,E1:1B:6D:10:62:56,-63,0.6,near_body,2
2026-04-07 20:45:19.623586,EEG Wearable,E1:1B:6D:10:62:56,-70,0.6,near_body,2
2026-04-07 20:45:19.631450,EEG Wearable,E1:1B:6D:10:62:56,-70,0.6,near_body,2
2026-04-07 20:45:21.516482,EEG Wearable,E1:1B:6D:10:62:56,-63,0.6,near_body,2
2026-04-07 20:45:21.534429,EEG Wearable,E1:1B:6D:10:62:56,-63,0.6,near_body,2
2026-04-07 20:45:21.628163,EEG Wearable,E1:1B:6D:10:62:56,-63,0.6,near_body,2
2026-04-07 20:45:21.636196,EEG Wearable,E1:1B:6D:10:62:56,-63,0.6,near_body,2
2026-04-07 20:45:25.291040,EEG Wearable,E1:1B:6D:10:62:56,-75,0.6,near_body,3
2026-04-07 20:45:25.304438,EEG Wearable,E1:1B:6D:10:62:56,-75,0.6,near_body,3
2026-04-07 20:45:25.384822,EEG Wearable,E1:1B:6D:10:62:56,-75,0.6,near_body,3
2026-04-07 20:45:26.235570,EEG Wearable,E1:1B:6D:10:62:56,-65,0.6,near_body,3
2026-04-07 20:45:26.241593,EEG Wearable,E1:1B:6D:10:62:56,-65,0.6,near_body,3
2026-04-07 20:45:26.338461,EEG Wearable,E1:1B:6D:10:62:56,-71,0.6,near_body,3
2026-04-07 20:45:26.358324,EEG Wearable,E1:1B:6D:10:62:56,-71,0.6,near_body,3
2026-04-07 20:45:27.282633,EEG Wearable,E1:1B:6D:10:62:56,-63,0.6,near_body,3
2026-04-07 20:45:27.306490,EEG Wearable,E1:1B:6D:10:62:56,-63,0.6,near_body,3
2026-04-07 20:45:28.237796,EEG Wearable,E1:1B:6D:10:62:56,-65,0.6,near_body,3
2026-04-07 20:45:28.246533,EEG Wearable,E1:1B:6D:10:62:56,-65,0.6,near_body,3
2026-04-07 20:45:30.011153,EEG Wearable,E1:1B:6D:10:62:56,-65,0.6,near_body,3
2026-04-07 20:45:30.028510,EEG Wearable,E1:1B:6D:10:62:56,-65,0.6,near_body,3
2026-04-07 20:45:30.120962,EEG Wearable,E1:1B:6D:10:62:56,-62,0.6,near_body,3
2026-04-07 20:45:30.134781,EEG Wearable,E1:1B:6D:10:62:56,-62,0.6,near_body,3
2026-04-07 20:45:32.124700,EEG Wearable,E1:1B:6D:10:62:56,-65,0.6,near_body,3
2026-04-07 20:45:32.139759,EEG Wearable,E1:1B:6D:10:62:56,-65,0.6,near_body,3
2026-04-07 20:45:34.020158,EEG Wearable,E1:1B:6D:10:62:56,-62,0.6,near_body,3
2026-04-07 20:45:34.033218,EEG Wearable,E1:1B:6D:10:62:56,-63,0.6,near_body,3
2026-04-07 20:45:34.988060,EEG Wearable,E1:1B:6D:10:62:56,-64,0.6,near_body,3
2026-04-07 20:45:34.992072,EEG Wearable,E1:1B:6D:10:62:56,-64,0.6,near_body,3
2026-04-07 20:45:35.097113,EEG Wearable,E1:1B:6D:10:62:56,-62,0.6,near_body,3
2026-04-07 20:45:35.103135,EEG Wearable,E1:1B:6D:10:62:56,-63,0.6,near_body,3
2026-04-07 20:45:35.950627,EEG Wearable,E1:1B:6D:10:62:56,-70,0.6,near_body,3
2026-04-07 20:45:35.954636,EEG Wearable,E1:1B:6D:10:62:56,-70,0.6,near_body,3
2026-04-07 20:45:36.026427,EEG Wearable,E1:1B:6D:10:62:56,-64,0.6,near_body,3
2026-04-07 20:45:36.050519,EEG Wearable,E1:1B:6D:10:62:56,-64,0.6,near_body,3
2026-04-07 20:45:36.886668,EEG Wearable,E1:1B:6D:10:62:56,-62,0.6,near_body,3
2026-04-07 20:45:36.888673,EEG Wearable,E1:1B:6D:10:62:56,-63,0.6,near_body,3
2026-04-07 20:45:37.000573,EEG Wearable,E1:1B:6D:10:62:56,-70,0.6,near_body,3
2026-04-07 20:45:37.004583,EEG Wearable,E1:1B:6D:10:62:56,-70,0.6,near_body,3
2026-04-07 20:45:37.086437,EEG Wearable,E1:1B:6D:10:62:56,-64,0.6,near_body,3
2026-04-07 20:45:37.102156,EEG Wearable,E1:1B:6D:10:62:56,-64,0.6,near_body,3
2026-04-07 20:45:37.924736,EEG Wearable,E1:1B:6D:10:62:56,-63,0.6,near_body,3
2026-04-07 20:45:37.948214,EEG Wearable,E1:1B:6D:10:62:56,-63,0.6,near_body,3
2026-04-07 20:45:38.035050,EEG Wearable,E1:1B:6D:10:62:56,-70,0.6,near_body,3
2026-04-07 20:45:38.054621,EEG Wearable,E1:1B:6D:10:62:56,-70,0.6,near_body,3
2026-04-07 20:45:38.896156,EEG Wearable,E1:1B:6D:10:62:56,-64,0.6,near_body,3
2026-04-07 20:45:38.912821,EEG Wearable,E1:1B:6D:10:62:56,-64,0.6,near_body,3
2026-04-07 20:45:38.979171,EEG Wearable,E1:1B:6D:10:62:56,-62,0.6,near_body,3
2026-04-07 20:45:38.992014,EEG Wearable,E1:1B:6D:10:62:56,-63,0.6,near_body,3
2026-04-07 20:45:39.720603,EEG Wearable,E1:1B:6D:10:62:56,-63,0.6,near_body,3
2026-04-07 20:45:39.732715,EEG Wearable,E1:1B:6D:10:62:56,-63,0.6,near_body,3
2026-04-07 20:45:39.918534,EEG Wearable,E1:1B:6D:10:62:56,-64,0.6,near_body,3
2026-04-07 20:45:39.943746,EEG Wearable,E1:1B:6D:10:62:56,-64,0.6,near_body,3
2026-04-07 20:45:40.878524,EEG Wearable,E1:1B:6D:10:62:56,-70,0.6,near_body,3
2026-04-07 20:45:40.892367,EEG Wearable,E1:1B:6D:10:62:56,-70,0.6,near_body,3
2026-04-07 20:45:40.980688,EEG Wearable,E1:1B:6D:10:62:56,-64,0.6,near_body,3
2026-04-07 20:45:40.992099,EEG Wearable,E1:1B:6D:10:62:56,-64,0.6,near_body,3
2026-04-07 20:45:41.712240,EEG Wearable,E1:1B:6D:10:62:56,-64,0.6,near_body,3
2026-04-07 20:45:41.729134,EEG Wearable,E1:1B:6D:10:62:56,-64,0.6,near_body,3
2026-04-07 20:45:41.836899,EEG Wearable,E1:1B:6D:10:62:56,-63,0.6,near_body,3
2026-04-07 20:45:41.842690,EEG Wearable,E1:1B:6D:10:62:56,-63,0.6,near_body,3
2026-04-07 20:45:42.759959,EEG Wearable,E1:1B:6D:10:62:56,-64,0.6,near_body,3
2026-04-07 20:45:42.777238,EEG Wearable,E1:1B:6D:10:62:56,-64,0.6,near_body,3
2026-04-07 20:45:43.590537,EEG Wearable,E1:1B:6D:10:62:56,-63,0.6,near_body,3
2026-04-07 20:45:43.596253,EEG Wearable,E1:1B:6D:10:62:56,-63,0.6,near_body,3
2026-04-07 20:45:43.702056,EEG Wearable,E1:1B:6D:10:62:56,-70,0.6,near_body,3
2026-04-07 20:45:43.718020,EEG Wearable,E1:1B:6D:10:62:56,-70,0.6,near_body,3
2026-04-07 20:45:44.666503,EEG Wearable,E1:1B:6D:10:62:56,-63,0.6,near_body,3
2026-04-07 20:45:44.670512,EEG Wearable,E1:1B:6D:10:62:56,-63,0.6,near_body,3
2026-04-07 20:45:44.761921,EEG Wearable,E1:1B:6D:10:62:56,-70,0.6,near_body,3
2026-04-07 20:45:44.778135,EEG Wearable,E1:1B:6D:10:62:56,-70,0.6,near_body,3
2026-04-07 20:45:45.721960,EEG Wearable,E1:1B:6D:10:62:56,-63,0.6,near_body,3
2026-04-07 20:45:45.827134,EEG Wearable,E1:1B:6D:10:62:56,-70,0.6,near_body,3
2026-04-07 20:45:45.842369,EEG Wearable,E1:1B:6D:10:62:56,-70,0.6,near_body,3
2026-04-07 20:45:46.662561,EEG Wearable,E1:1B:6D:10:62:56,-63,0.6,near_body,3
2026-04-07 20:45:46.684651,EEG Wearable,E1:1B:6D:10:62:56,-63,0.6,near_body,3
2026-04-07 20:45:48.669735,EEG Wearable,E1:1B:6D:10:62:56,-70,0.6,near_body,3
2026-04-07 20:45:48.687578,EEG Wearable,E1:1B:6D:10:62:56,-70,0.6,near_body,3
2026-04-07 20:45:49.525648,EEG Wearable,E1:1B:6D:10:62:56,-63,0.6,near_body,3
2026-04-07 20:45:49.525648,EEG Wearable,E1:1B:6D:10:62:56,-63,0.6,near_body,3
2026-04-07 20:45:49.615369,EEG Wearable,E1:1B:6D:10:62:56,-63,0.6,near_body,3
2026-04-07 20:45:49.626640,EEG Wearable,E1:1B:6D:10:62:56,-63,0.6,near_body,3
2026-04-07 20:45:50.671633,EEG Wearable,E1:1B:6D:10:62:56,-63,0.6,near_body,3
2026-04-07 20:45:50.690106,EEG Wearable,E1:1B:6D:10:62:56,-63,0.6,near_body,3
2026-04-07 20:45:51.506820,EEG Wearable,E1:1B:6D:10:62:56,-70,0.6,near_body,3
2026-04-07 20:45:51.524051,EEG Wearable,E1:1B:6D:10:62:56,-70,0.6,near_body,3
2026-04-07 20:45:51.622422,EEG Wearable,E1:1B:6D:10:62:56,-63,0.6,near_body,3
2026-04-07 20:45:51.644913,EEG Wearable,E1:1B:6D:10:62:56,-63,0.6,near_body,3
2026-04-07 20:45:52.469176,EEG Wearable,E1:1B:6D:10:62:56,-63,0.6,near_body,3
2026-04-07 20:45:52.474718,EEG Wearable,E1:1B:6D:10:62:56,-63,0.6,near_body,3
2026-04-07 20:45:53.307207,EEG Wearable,E1:1B:6D:10:62:56,-70,0.6,near_body,3
2026-04-07 20:45:53.309220,EEG Wearable,E1:1B:6D:10:62:56,-70,0.6,near_body,3
2026-04-07 20:45:53.380550,EEG Wearable,E1:1B:6D:10:62:56,-63,0.6,near_body,3
2026-04-07 20:45:53.394272,EEG Wearable,E1:1B:6D:10:62:56,-63,0.6,near_body,3
2026-04-07 20:46:29.199638,EEG Wearable,E1:1B:6D:10:62:56,-65,0.8,near_body,1
2026-04-07 20:46:29.226431,EEG Wearable,E1:1B:6D:10:62:56,-65,0.8,near_body,1
2026-04-07 20:46:30.149403,EEG Wearable,E1:1B:6D:10:62:56,-74,0.8,near_body,1
2026-04-07 20:46:30.170797,EEG Wearable,E1:1B:6D:10:62:56,-75,0.8,near_body,1
2026-04-07 20:46:30.363858,EEG Wearable,E1:1B:6D:10:62:56,-69,0.8,near_body,1
2026-04-07 20:46:30.381516,EEG Wearable,E1:1B:6D:10:62:56,-69,0.8,near_body,1
2026-04-07 20:46:31.083219,EEG Wearable,E1:1B:6D:10:62:56,-68,0.8,near_body,1
2026-04-07 20:46:31.095256,EEG Wearable,E1:1B:6D:10:62:56,-68,0.8,near_body,1
2026-04-07 20:46:31.192102,EEG Wearable,E1:1B:6D:10:62:56,-74,0.8,near_body,1
2026-04-07 20:46:31.212060,EEG Wearable,E1:1B:6D:10:62:56,-74,0.8,near_body,1
2026-04-07 20:46:32.147129,EEG Wearable,E1:1B:6D:10:62:56,-68,0.8,near_body,1
2026-04-07 20:46:32.162937,EEG Wearable,E1:1B:6D:10:62:56,-68,0.8,near_body,1
2026-04-07 20:46:32.254326,EEG Wearable,E1:1B:6D:10:62:56,-71,0.8,near_body,1
2026-04-07 20:46:32.276639,EEG Wearable,E1:1B:6D:10:62:56,-71,0.8,near_body,1
2026-04-07 20:46:33.088574,EEG Wearable,E1:1B:6D:10:62:56,-66,0.8,near_body,1
2026-04-07 20:46:33.106474,EEG Wearable,E1:1B:6D:10:62:56,-65,0.8,near_body,1
2026-04-07 20:46:33.831015,EEG Wearable,E1:1B:6D:10:62:56,-67,0.8,near_body,1
2026-04-07 20:46:33.835027,EEG Wearable,E1:1B:6D:10:62:56,-67,0.8,near_body,1
2026-04-07 20:46:33.925350,EEG Wearable,E1:1B:6D:10:62:56,-68,0.8,near_body,1
2026-04-07 20:46:33.939443,EEG Wearable,E1:1B:6D:10:62:56,-68,0.8,near_body,1
2026-04-07 20:46:34.029098,EEG Wearable,E1:1B:6D:10:62:56,-69,0.8,near_body,1
2026-04-07 20:46:34.045134,EEG Wearable,E1:1B:6D:10:62:56,-69,0.8,near_body,1
2026-04-07 20:46:34.777373,EEG Wearable,E1:1B:6D:10:62:56,-69,0.8,near_body,1
2026-04-07 20:46:34.782912,EEG Wearable,E1:1B:6D:10:62:56,-69,0.8,near_body,1
2026-04-07 20:46:34.866521,EEG Wearable,E1:1B:6D:10:62:56,-67,0.8,near_body,1
2026-04-07 20:46:34.878385,EEG Wearable,E1:1B:6D:10:62:56,-67,0.8,near_body,1
2026-04-07 20:46:34.972190,EEG Wearable,E1:1B:6D:10:62:56,-68,0.8,near_body,1
2026-04-07 20:46:34.989957,EEG Wearable,E1:1B:6D:10:62:56,-68,0.8,near_body,1
2026-04-07 20:46:35.704301,EEG Wearable,E1:1B:6D:10:62:56,-68,0.8,near_body,1
2026-04-07 20:46:35.723491,EEG Wearable,E1:1B:6D:10:62:56,-68,0.8,near_body,1
2026-04-07 20:46:35.824840,EEG Wearable,E1:1B:6D:10:62:56,-69,0.8,near_body,1
2026-04-07 20:46:35.827854,EEG Wearable,E1:1B:6D:10:62:56,-69,0.8,near_body,1
2026-04-07 20:46:35.912457,EEG Wearable,E1:1B:6D:10:62:56,-67,0.8,near_body,1
2026-04-07 20:46:35.927789,EEG Wearable,E1:1B:6D:10:62:56,-67,0.8,near_body,1
2026-04-07 20:46:36.769949,EEG Wearable,E1:1B:6D:10:62:56,-68,0.8,near_body,1
2026-04-07 20:46:36.773966,EEG Wearable,E1:1B:6D:10:62:56,-68,0.8,near_body,1
2026-04-07 20:46:36.862342,EEG Wearable,E1:1B:6D:10:62:56,-69,0.8,near_body,1
2026-04-07 20:46:36.882657,EEG Wearable,E1:1B:6D:10:62:56,-69,0.8,near_body,1
2026-04-07 20:46:37.698946,EEG Wearable,E1:1B:6D:10:62:56,-66,0.8,near_body,1
2026-04-07 20:46:37.718579,EEG Wearable,E1:1B:6D:10:62:56,-66,0.8,near_body,1
2026-04-07 20:46:38.530641,EEG Wearable,E1:1B:6D:10:62:56,-68,0.8,near_body,1
2026-04-07 20:46:38.539102,EEG Wearable,E1:1B:6D:10:62:56,-69,0.8,near_body,1
2026-04-07 20:46:38.745160,EEG Wearable,E1:1B:6D:10:62:56,-66,0.8,near_body,1
2026-04-07 20:46:38.765020,EEG Wearable,E1:1B:6D:10:62:56,-67,0.8,near_body,1
2026-04-07 20:46:39.585548,EEG Wearable,E1:1B:6D:10:62:56,-69,0.8,near_body,1
2026-04-07 20:46:39.604133,EEG Wearable,E1:1B:6D:10:62:56,-69,0.8,near_body,1
2026-04-07 20:46:39.690462,EEG Wearable,E1:1B:6D:10:62:56,-69,0.8,near_body,1
2026-04-07 20:46:39.711067,EEG Wearable,E1:1B:6D:10:62:56,-69,0.8,near_body,1
2026-04-07 20:46:40.656794,EEG Wearable,E1:1B:6D:10:62:56,-69,0.8,near_body,1
2026-04-07 20:46:40.661343,EEG Wearable,E1:1B:6D:10:62:56,-69,0.8,near_body,1
2026-04-07 20:46:41.377923,EEG Wearable,E1:1B:6D:10:62:56,-69,0.8,near_body,1
2026-04-07 20:46:41.395088,EEG Wearable,E1:1B:6D:10:62:56,-69,0.8,near_body,1
2026-04-07 20:46:41.474871,EEG Wearable,E1:1B:6D:10:62:56,-69,0.8,near_body,1
2026-04-07 20:46:41.488590,EEG Wearable,E1:1B:6D:10:62:56,-69,0.8,near_body,1
2026-04-07 20:46:42.311562,EEG Wearable,E1:1B:6D:10:62:56,-67,0.8,near_body,1
2026-04-07 20:46:42.315574,EEG Wearable,E1:1B:6D:10:62:56,-67,0.8,near_body,1
2026-04-07 20:46:43.387289,EEG Wearable,E1:1B:6D:10:62:56,-67,0.8,near_body,1
2026-04-07 20:46:43.391297,EEG Wearable,E1:1B:6D:10:62:56,-66,0.8,near_body,1
2026-04-07 20:46:43.480624,EEG Wearable,E1:1B:6D:10:62:56,-69,0.8,near_body,1
2026-04-07 20:46:43.496857,EEG Wearable,E1:1B:6D:10:62:56,-69,0.8,near_body,1
2026-04-07 20:46:44.318751,EEG Wearable,E1:1B:6D:10:62:56,-69,0.8,near_body,1
2026-04-07 20:46:44.329614,EEG Wearable,E1:1B:6D:10:62:56,-69,0.8,near_body,1
2026-04-07 20:46:44.418274,EEG Wearable,E1:1B:6D:10:62:56,-66,0.8,near_body,1
2026-04-07 20:46:44.424355,EEG Wearable,E1:1B:6D:10:62:56,-67,0.8,near_body,1
2026-04-07 20:46:45.509926,EEG Wearable,E1:1B:6D:10:62:56,-67,0.8,near_body,1
2026-04-07 20:46:45.514953,EEG Wearable,E1:1B:6D:10:62:56,-67,0.8,near_body,1
2026-04-07 20:46:46.447995,EEG Wearable,E1:1B:6D:10:62:56,-69,0.8,near_body,1
2026-04-07 20:46:46.467858,EEG Wearable,E1:1B:6D:10:62:56,-69,0.8,near_body,1
2026-04-07 20:46:46.548194,EEG Wearable,E1:1B:6D:10:62:56,-67,0.8,near_body,1
2026-04-07 20:46:46.565590,EEG Wearable,E1:1B:6D:10:62:56,-66,0.8,near_body,1
2026-04-07 20:46:47.407703,EEG Wearable,E1:1B:6D:10:62:56,-69,0.8,near_body,1
2026-04-07 20:46:47.413726,EEG Wearable,E1:1B:6D:10:62:56,-69,0.8,near_body,1
2026-04-07 20:46:47.497522,EEG Wearable,E1:1B:6D:10:62:56,-70,0.8,near_body,1
2026-04-07 20:46:47.514584,EEG Wearable,E1:1B:6D:10:62:56,-70,0.8,near_body,1
2026-04-07 20:46:48.453663,EEG Wearable,E1:1B:6D:10:62:56,-70,0.8,near_body,1
2026-04-07 20:46:48.469002,EEG Wearable,E1:1B:6D:10:62:56,-70,0.8,near_body,1
2026-04-07 20:46:50.108714,EEG Wearable,E1:1B:6D:10:62:56,-68,0.8,near_body,1
2026-04-07 20:46:50.126716,EEG Wearable,E1:1B:6D:10:62:56,-68,0.8,near_body,1
2026-04-07 20:46:50.341774,EEG Wearable,E1:1B:6D:10:62:56,-70,0.8,near_body,1
2026-04-07 20:46:50.344691,EEG Wearable,E1:1B:6D:10:62:56,-70,0.8,near_body,1
2026-04-07 20:46:53.179487,EEG Wearable,E1:1B:6D:10:62:56,-70,0.8,near_body,1
2026-04-07 20:46:53.189030,EEG Wearable,E1:1B:6D:10:62:56,-70,0.8,near_body,1
2026-04-07 20:46:53.393161,EEG Wearable,E1:1B:6D:10:62:56,-70,0.8,near_body,1
2026-04-07 20:46:53.411171,EEG Wearable,E1:1B:6D:10:62:56,-70,0.8,near_body,1
2026-04-07 20:46:54.237342,EEG Wearable,E1:1B:6D:10:62:56,-70,0.8,near_body,1
2026-04-07 20:46:54.253600,EEG Wearable,E1:1B:6D:10:62:56,-70,0.8,near_body,1
2026-04-07 20:46:56.252221,EEG Wearable,E1:1B:6D:10:62:56,-70,0.8,near_body,1
2026-04-07 20:46:56.257278,EEG Wearable,E1:1B:6D:10:62:56,-70,0.8,near_body,1
2026-04-07 20:46:56.351831,EEG Wearable,E1:1B:6D:10:62:56,-70,0.8,near_body,1
2026-04-07 20:46:56.375042,EEG Wearable,E1:1B:6D:10:62:56,-70,0.8,near_body,1
2026-04-07 20:46:57.081834,EEG Wearable,E1:1B:6D:10:62:56,-70,0.8,near_body,1
2026-04-07 20:46:57.102637,EEG Wearable,E1:1B:6D:10:62:56,-70,0.8,near_body,1
2026-04-07 20:46:57.180589,EEG Wearable,E1:1B:6D:10:62:56,-68,0.8,near_body,1
2026-04-07 20:46:57.196202,EEG Wearable,E1:1B:6D:10:62:56,-68,0.8,near_body,1
2026-04-07 20:46:58.124796,EEG Wearable,E1:1B:6D:10:62:56,-70,0.8,near_body,1
2026-04-07 20:46:58.124796,EEG Wearable,E1:1B:6D:10:62:56,-70,0.8,near_body,1
2026-04-07 20:47:38.762824,EEG Wearable,E1:1B:6D:10:62:56,-69,0.8,near_body,2
2026-04-07 20:47:38.788634,EEG Wearable,E1:1B:6D:10:62:56,-69,0.8,near_body,2
2026-04-07 20:47:39.596415,EEG Wearable,E1:1B:6D:10:62:56,-74,0.8,near_body,2
2026-04-07 20:47:39.608205,EEG Wearable,E1:1B:6D:10:62:56,-74,0.8,near_body,2
2026-04-07 20:47:39.713795,EEG Wearable,E1:1B:6D:10:62:56,-70,0.8,near_body,2
2026-04-07 20:47:39.719320,EEG Wearable,E1:1B:6D:10:62:56,-70,0.8,near_body,2
2026-04-07 20:47:41.591695,EEG Wearable,E1:1B:6D:10:62:56,-77,0.8,near_body,2
2026-04-07 20:47:41.600534,EEG Wearable,E1:1B:6D:10:62:56,-77,0.8,near_body,2
2026-04-07 20:47:42.539464,EEG Wearable,E1:1B:6D:10:62:56,-73,0.8,near_body,2
2026-04-07 20:47:43.596351,EEG Wearable,E1:1B:6D:10:62:56,-73,0.8,near_body,2
2026-04-07 20:47:44.441807,EEG Wearable,E1:1B:6D:10:62:56,-80,0.8,near_body,2
2026-04-07 20:47:44.447839,EEG Wearable,E1:1B:6D:10:62:56,-80,0.8,near_body,2
2026-04-07 20:47:44.553084,EEG Wearable,E1:1B:6D:10:62:56,-74,0.8,near_body,2
2026-04-07 20:47:44.557016,EEG Wearable,E1:1B:6D:10:62:56,-75,0.8,near_body,2
2026-04-07 20:47:45.404316,EEG Wearable,E1:1B:6D:10:62:56,-73,0.8,near_body,2
2026-04-07 20:47:45.513246,EEG Wearable,E1:1B:6D:10:62:56,-81,0.8,near_body,2
2026-04-07 20:47:45.515500,EEG Wearable,E1:1B:6D:10:62:56,-81,0.8,near_body,2
2026-04-07 20:47:46.431152,EEG Wearable,E1:1B:6D:10:62:56,-74,0.8,near_body,2
2026-04-07 20:47:46.454982,EEG Wearable,E1:1B:6D:10:62:56,-74,0.8,near_body,2
2026-04-07 20:47:47.061768,EEG Wearable,E1:1B:6D:10:62:56,-75,0.8,near_body,2
2026-04-07 20:47:47.078005,EEG Wearable,E1:1B:6D:10:62:56,-75,0.8,near_body,2
2026-04-07 20:47:47.287258,EEG Wearable,E1:1B:6D:10:62:56,-80,0.8,near_body,2
2026-04-07 20:47:47.299293,EEG Wearable,E1:1B:6D:10:62:56,-81,0.8,near_body,2
2026-04-07 20:47:48.108708,EEG Wearable,E1:1B:6D:10:62:56,-75,0.8,near_body,2
2026-04-07 20:47:48.124982,EEG Wearable,E1:1B:6D:10:62:56,-75,0.8,near_body,2
2026-04-07 20:47:49.072692,EEG Wearable,E1:1B:6D:10:62:56,-80,0.8,near_body,2
2026-04-07 20:47:50.020502,EEG Wearable,E1:1B:6D:10:62:56,-74,0.8,near_body,2
2026-04-07 20:47:50.952078,EEG Wearable,E1:1B:6D:10:62:56,-74,0.8,near_body,2
2026-04-07 20:47:50.952785,EEG Wearable,E1:1B:6D:10:62:56,-74,0.8,near_body,2
2026-04-07 20:47:51.042090,EEG Wearable,E1:1B:6D:10:62:56,-73,0.8,near_body,2
2026-04-07 20:47:51.064313,EEG Wearable,E1:1B:6D:10:62:56,-73,0.8,near_body,2
2026-04-07 20:47:52.711932,EEG Wearable,E1:1B:6D:10:62:56,-75,0.8,near_body,2
2026-04-07 20:47:52.719310,EEG Wearable,E1:1B:6D:10:62:56,-74,0.8,near_body,2
2026-04-07 20:47:53.778484,EEG Wearable,E1:1B:6D:10:62:56,-74,0.8,near_body,2
2026-04-07 20:47:53.875433,EEG Wearable,E1:1B:6D:10:62:56,-74,0.8,near_body,2
2026-04-07 20:47:53.897969,EEG Wearable,E1:1B:6D:10:62:56,-74,0.8,near_body,2
2026-04-07 20:47:54.705804,EEG Wearable,E1:1B:6D:10:62:56,-79,0.8,near_body,2
2026-04-07 20:47:54.822298,EEG Wearable,E1:1B:6D:10:62:56,-74,0.8,near_body,2
2026-04-07 20:47:54.835384,EEG Wearable,E1:1B:6D:10:62:56,-74,0.8,near_body,2
2026-04-07 20:47:55.657270,EEG Wearable,E1:1B:6D:10:62:56,-74,0.8,near_body,2
2026-04-07 20:47:55.669307,EEG Wearable,E1:1B:6D:10:62:56,-74,0.8,near_body,2
2026-04-07 20:47:55.765157,EEG Wearable,E1:1B:6D:10:62:56,-78,0.8,near_body,2
2026-04-07 20:47:55.781909,EEG Wearable,E1:1B:6D:10:62:56,-78,0.8,near_body,2
2026-04-07 20:47:56.611770,EEG Wearable,E1:1B:6D:10:62:56,-74,0.8,near_body,2
2026-04-07 20:47:56.625267,EEG Wearable,E1:1B:6D:10:62:56,-74,0.8,near_body,2
2026-04-07 20:47:56.702337,EEG Wearable,E1:1B:6D:10:62:56,-73,0.8,near_body,2
2026-04-07 20:47:56.714771,EEG Wearable,E1:1B:6D:10:62:56,-73,0.8,near_body,2
2026-04-07 20:47:57.548450,EEG Wearable,E1:1B:6D:10:62:56,-76,0.8,near_body,2
2026-04-07 20:47:57.560584,EEG Wearable,E1:1B:6D:10:62:56,-76,0.8,near_body,2
2026-04-07 20:47:57.656648,EEG Wearable,E1:1B:6D:10:62:56,-73,0.8,near_body,2
2026-04-07 20:47:57.670378,EEG Wearable,E1:1B:6D:10:62:56,-73,0.8,near_body,2
2026-04-07 20:47:59.810533,EEG Wearable,E1:1B:6D:10:62:56,-73,0.8,near_body,2
2026-04-07 20:47:59.811384,EEG Wearable,E1:1B:6D:10:62:56,-73,0.8,near_body,2
2026-04-07 20:47:59.905638,EEG Wearable,E1:1B:6D:10:62:56,-74,0.8,near_body,2
2026-04-07 20:47:59.905638,EEG Wearable,E1:1B:6D:10:62:56,-74,0.8,near_body,2
2026-04-07 20:48:00.618913,EEG Wearable,E1:1B:6D:10:62:56,-74,0.8,near_body,2
2026-04-07 20:48:00.632540,EEG Wearable,E1:1B:6D:10:62:56,-74,0.8,near_body,2
2026-04-07 20:48:00.727259,EEG Wearable,E1:1B:6D:10:62:56,-77,0.8,near_body,2
2026-04-07 20:48:00.742946,EEG Wearable,E1:1B:6D:10:62:56,-77,0.8,near_body,2
2026-04-07 20:48:00.838046,EEG Wearable,E1:1B:6D:10:62:56,-73,0.8,near_body,2
2026-04-07 20:48:00.854354,EEG Wearable,E1:1B:6D:10:62:56,-73,0.8,near_body,2
2026-04-07 20:48:02.727568,EEG Wearable,E1:1B:6D:10:62:56,-75,0.8,near_body,2
2026-04-07 20:48:04.532678,EEG Wearable,E1:1B:6D:10:62:56,-74,0.8,near_body,2
2026-04-07 20:48:04.535928,EEG Wearable,E1:1B:6D:10:62:56,-74,0.8,near_body,2
2026-04-07 20:48:05.463750,EEG Wearable,E1:1B:6D:10:62:56,-74,0.8,near_body,2
2026-04-07 20:48:05.475947,EEG Wearable,E1:1B:6D:10:62:56,-74,0.8,near_body,2
2026-04-07 20:48:06.415583,EEG Wearable,E1:1B:6D:10:62:56,-77,0.8,near_body,2
2026-04-07 20:48:07.244031,EEG Wearable,E1:1B:6D:10:62:56,-74,0.8,near_body,2
2026-04-07 20:48:07.244031,EEG Wearable,E1:1B:6D:10:62:56,-74,0.8,near_body,2
2026-04-07 20:48:07.351624,EEG Wearable,E1:1B:6D:10:62:56,-75,0.8,near_body,2
2026-04-07 20:48:07.369777,EEG Wearable,E1:1B:6D:10:62:56,-75,0.8,near_body,2
2026-04-07 20:48:34.418434,EEG Wearable,E1:1B:6D:10:62:56,-69,0.8,near_body,3
2026-04-07 20:48:35.609831,EEG Wearable,E1:1B:6D:10:62:56,-73,0.8,near_body,3
2026-04-07 20:48:35.609831,EEG Wearable,E1:1B:6D:10:62:56,-73,0.8,near_body,3
2026-04-07 20:48:36.664776,EEG Wearable,E1:1B:6D:10:62:56,-74,0.8,near_body,3
2026-04-07 20:48:36.760385,EEG Wearable,E1:1B:6D:10:62:56,-71,0.8,near_body,3
2026-04-07 20:48:36.760385,EEG Wearable,E1:1B:6D:10:62:56,-71,0.8,near_body,3
2026-04-07 20:48:37.715234,EEG Wearable,E1:1B:6D:10:62:56,-74,0.8,near_body,3
2026-04-07 20:48:37.722907,EEG Wearable,E1:1B:6D:10:62:56,-74,0.8,near_body,3
2026-04-07 20:48:38.773417,EEG Wearable,E1:1B:6D:10:62:56,-75,0.8,near_body,3
2026-04-07 20:48:40.580198,EEG Wearable,E1:1B:6D:10:62:56,-76,0.8,near_body,3
2026-04-07 20:48:40.584210,EEG Wearable,E1:1B:6D:10:62:56,-76,0.8,near_body,3
2026-04-07 20:48:40.659274,EEG Wearable,E1:1B:6D:10:62:56,-72,0.8,near_body,3
2026-04-07 20:48:40.670266,EEG Wearable,E1:1B:6D:10:62:56,-72,0.8,near_body,3
2026-04-07 20:48:41.512480,EEG Wearable,E1:1B:6D:10:62:56,-75,0.8,near_body,3
2026-04-07 20:48:41.525996,EEG Wearable,E1:1B:6D:10:62:56,-75,0.8,near_body,3
2026-04-07 20:48:41.597768,EEG Wearable,E1:1B:6D:10:62:56,-76,0.8,near_body,3
2026-04-07 20:48:42.442296,EEG Wearable,E1:1B:6D:10:62:56,-72,0.8,near_body,3
2026-04-07 20:48:42.458356,EEG Wearable,E1:1B:6D:10:62:56,-72,0.8,near_body,3
2026-04-07 20:48:42.547989,EEG Wearable,E1:1B:6D:10:62:56,-76,0.8,near_body,3
2026-04-07 20:48:43.391697,EEG Wearable,E1:1B:6D:10:62:56,-77,0.8,near_body,3
2026-04-07 20:48:43.431979,EEG Wearable,E1:1B:6D:10:62:56,-77,0.8,near_body,3
2026-04-07 20:48:43.493517,EEG Wearable,E1:1B:6D:10:62:56,-73,0.8,near_body,3
2026-04-07 20:48:44.479285,EEG Wearable,E1:1B:6D:10:62:56,-77,0.8,near_body,3
2026-04-07 20:48:44.484302,EEG Wearable,E1:1B:6D:10:62:56,-77,0.8,near_body,3
2026-04-07 20:48:44.551922,EEG Wearable,E1:1B:6D:10:62:56,-72,0.8,near_body,3
2026-04-07 20:48:44.563841,EEG Wearable,E1:1B:6D:10:62:56,-72,0.8,near_body,3
2026-04-07 20:48:45.533234,EEG Wearable,E1:1B:6D:10:62:56,-77,0.8,near_body,3
2026-04-07 20:48:45.612480,EEG Wearable,E1:1B:6D:10:62:56,-72,0.8,near_body,3
2026-04-07 20:48:45.630991,EEG Wearable,E1:1B:6D:10:62:56,-72,0.8,near_body,3
2026-04-07 20:48:46.451947,EEG Wearable,E1:1B:6D:10:62:56,-77,0.8,near_body,3
2026-04-07 20:48:47.500240,EEG Wearable,E1:1B:6D:10:62:56,-77,0.8,near_body,3
2026-04-07 20:48:48.355590,EEG Wearable,E1:1B:6D:10:62:56,-77,0.8,near_body,3
2026-04-07 20:48:48.360836,EEG Wearable,E1:1B:6D:10:62:56,-77,0.8,near_body,3
2026-04-07 20:48:48.456798,EEG Wearable,E1:1B:6D:10:62:56,-72,0.8,near_body,3
2026-04-07 20:48:49.296326,EEG Wearable,E1:1B:6D:10:62:56,-77,0.8,near_body,3
2026-04-07 20:48:49.312397,EEG Wearable,E1:1B:6D:10:62:56,-77,0.8,near_body,3
2026-04-07 20:48:49.389071,EEG Wearable,E1:1B:6D:10:62:56,-77,0.8,near_body,3
2026-04-07 20:48:50.237553,EEG Wearable,E1:1B:6D:10:62:56,-73,0.8,near_body,3
2026-04-07 20:48:50.241565,EEG Wearable,E1:1B:6D:10:62:56,-73,0.8,near_body,3
2026-04-07 20:48:51.062790,EEG Wearable,E1:1B:6D:10:62:56,-77,0.8,near_body,3
2026-04-07 20:48:51.085721,EEG Wearable,E1:1B:6D:10:62:56,-77,0.8,near_body,3
2026-04-07 20:48:51.171486,EEG Wearable,E1:1B:6D:10:62:56,-78,0.8,near_body,3
2026-04-07 20:48:51.184832,EEG Wearable,E1:1B:6D:10:62:56,-78,0.8,near_body,3
2026-04-07 20:48:52.022173,EEG Wearable,E1:1B:6D:10:62:56,-73,0.8,near_body,3
2026-04-07 20:48:53.078446,EEG Wearable,E1:1B:6D:10:62:56,-73,0.8,near_body,3
2026-04-07 20:48:53.092236,EEG Wearable,E1:1B:6D:10:62:56,-73,0.8,near_body,3
2026-04-07 20:48:54.143033,EEG Wearable,E1:1B:6D:10:62:56,-73,0.8,near_body,3
2026-04-07 20:48:54.156616,EEG Wearable,E1:1B:6D:10:62:56,-73,0.8,near_body,3
2026-04-07 20:48:55.078682,EEG Wearable,E1:1B:6D:10:62:56,-78,0.8,near_body,3
2026-04-07 20:48:55.095467,EEG Wearable,E1:1B:6D:10:62:56,-78,0.8,near_body,3
2026-04-07 20:48:55.184832,EEG Wearable,E1:1B:6D:10:62:56,-74,0.8,near_body,3
2026-04-07 20:48:55.204601,EEG Wearable,E1:1B:6D:10:62:56,-73,0.8,near_body,3
2026-04-07 20:48:55.930037,EEG Wearable,E1:1B:6D:10:62:56,-73,0.8,near_body,3
2026-04-07 20:48:56.024565,EEG Wearable,E1:1B:6D:10:62:56,-78,0.8,near_body,3
2026-04-07 20:48:56.030605,EEG Wearable,E1:1B:6D:10:62:56,-78,0.8,near_body,3
2026-04-07 20:48:56.759881,EEG Wearable,E1:1B:6D:10:62:56,-78,0.8,near_body,3
2026-04-07 20:48:56.759881,EEG Wearable,E1:1B:6D:10:62:56,-79,0.8,near_body,3
2026-04-07 20:48:57.673243,EEG Wearable,E1:1B:6D:10:62:56,-73,0.8,near_body,3
2026-04-07 20:48:58.501596,EEG Wearable,E1:1B:6D:10:62:56,-78,0.8,near_body,3
2026-04-07 20:48:58.509641,EEG Wearable,E1:1B:6D:10:62:56,-78,0.8,near_body,3
2026-04-07 20:48:59.323243,EEG Wearable,E1:1B:6D:10:62:56,-78,0.8,near_body,3
2026-04-07 20:48:59.435283,EEG Wearable,E1:1B:6D:10:62:56,-74,0.8,near_body,3
2026-04-07 20:48:59.456644,EEG Wearable,E1:1B:6D:10:62:56,-74,0.8,near_body,3
2026-04-07 20:49:00.255863,EEG Wearable,E1:1B:6D:10:62:56,-78,0.8,near_body,3
2026-04-07 20:49:01.234242,EEG Wearable,E1:1B:6D:10:62:56,-73,0.8,near_body,3
2026-04-07 20:49:02.044238,EEG Wearable,E1:1B:6D:10:62:56,-78,0.8,near_body,3
2026-04-07 20:49:02.058331,EEG Wearable,E1:1B:6D:10:62:56,-78,0.8,near_body,3
2026-04-07 20:49:02.148666,EEG Wearable,E1:1B:6D:10:62:56,-78,0.8,near_body,3
2026-04-07 20:49:02.761915,EEG Wearable,E1:1B:6D:10:62:56,-79,0.8,near_body,3
2026-04-07 20:49:02.777674,EEG Wearable,E1:1B:6D:10:62:56,-79,0.8,near_body,3
2026-04-07 20:49:03.804743,EEG Wearable,E1:1B:6D:10:62:56,-79,0.8,near_body,3
2026-04-07 20:49:25.927928,EEG Wearable,E1:1B:6D:10:62:56,-77,0.8,near_body,4
2026-04-07 20:49:25.931940,EEG Wearable,E1:1B:6D:10:62:56,-77,0.8,near_body,4
2026-04-07 20:49:26.880102,EEG Wearable,E1:1B:6D:10:62:56,-81,0.8,near_body,4
2026-04-07 20:49:26.884314,EEG Wearable,E1:1B:6D:10:62:56,-81,0.8,near_body,4
2026-04-07 20:49:26.963185,EEG Wearable,E1:1B:6D:10:62:56,-80,0.8,near_body,4
2026-04-07 20:49:27.803237,EEG Wearable,E1:1B:6D:10:62:56,-77,0.8,near_body,4
2026-04-07 20:49:27.808257,EEG Wearable,E1:1B:6D:10:62:56,-77,0.8,near_body,4
2026-04-07 20:49:28.633421,EEG Wearable,E1:1B:6D:10:62:56,-79,0.8,near_body,4
2026-04-07 20:49:29.470039,EEG Wearable,E1:1B:6D:10:62:56,-79,0.8,near_body,4
2026-04-07 20:49:29.485768,EEG Wearable,E1:1B:6D:10:62:56,-80,0.8,near_body,4
2026-04-07 20:49:29.581922,EEG Wearable,E1:1B:6D:10:62:56,-78,0.8,near_body,4
2026-04-07 20:49:29.598172,EEG Wearable,E1:1B:6D:10:62:56,-78,0.8,near_body,4
2026-04-07 20:49:29.691294,EEG Wearable,E1:1B:6D:10:62:56,-82,0.8,near_body,4
2026-04-07 20:49:29.691294,EEG Wearable,E1:1B:6D:10:62:56,-82,0.8,near_body,4
2026-04-07 20:49:29.786426,EEG Wearable,E1:1B:6D:10:62:56,-79,0.8,near_body,4
2026-04-07 20:49:30.650466,EEG Wearable,E1:1B:6D:10:62:56,-77,0.8,near_body,4
2026-04-07 20:49:30.666241,EEG Wearable,E1:1B:6D:10:62:56,-77,0.8,near_body,4
2026-04-07 20:49:31.589307,EEG Wearable,E1:1B:6D:10:62:56,-79,0.8,near_body,4
2026-04-07 20:49:31.594336,EEG Wearable,E1:1B:6D:10:62:56,-79,0.8,near_body,4
2026-04-07 20:49:31.680926,EEG Wearable,E1:1B:6D:10:62:56,-77,0.8,near_body,4
2026-04-07 20:49:31.701944,EEG Wearable,E1:1B:6D:10:62:56,-77,0.8,near_body,4
2026-04-07 20:49:32.741178,EEG Wearable,E1:1B:6D:10:62:56,-78,0.8,near_body,4
2026-04-07 20:49:32.757384,EEG Wearable,E1:1B:6D:10:62:56,-78,0.8,near_body,4
2026-04-07 20:49:33.599508,EEG Wearable,E1:1B:6D:10:62:56,-82,0.8,near_body,4
2026-04-07 20:49:33.607556,EEG Wearable,E1:1B:6D:10:62:56,-82,0.8,near_body,4
2026-04-07 20:49:33.692746,EEG Wearable,E1:1B:6D:10:62:56,-79,0.8,near_body,4
2026-04-07 20:49:33.705230,EEG Wearable,E1:1B:6D:10:62:56,-79,0.8,near_body,4
2026-04-07 20:49:34.532882,EEG Wearable,E1:1B:6D:10:62:56,-77,0.8,near_body,4
2026-04-07 20:49:34.546945,EEG Wearable,E1:1B:6D:10:62:56,-77,0.8,near_body,4
2026-04-07 20:49:34.642337,EEG Wearable,E1:1B:6D:10:62:56,-82,0.8,near_body,4
2026-04-07 20:49:35.583730,EEG Wearable,E1:1B:6D:10:62:56,-76,0.8,near_body,4
2026-04-07 20:49:36.424078,EEG Wearable,E1:1B:6D:10:62:56,-81,0.8,near_body,4
2026-04-07 20:49:36.426560,EEG Wearable,E1:1B:6D:10:62:56,-81,0.8,near_body,4
2026-04-07 20:49:36.545480,EEG Wearable,E1:1B:6D:10:62:56,-79,0.8,near_body,4
2026-04-07 20:49:37.499214,EEG Wearable,E1:1B:6D:10:62:56,-81,0.8,near_body,4
2026-04-07 20:49:37.499214,EEG Wearable,E1:1B:6D:10:62:56,-81,0.8,near_body,4
2026-04-07 20:49:37.590633,EEG Wearable,E1:1B:6D:10:62:56,-79,0.8,near_body,4
2026-04-07 20:49:37.611466,EEG Wearable,E1:1B:6D:10:62:56,-79,0.8,near_body,4
2026-04-07 20:49:38.441494,EEG Wearable,E1:1B:6D:10:62:56,-75,0.8,near_body,4
2026-04-07 20:49:38.454746,EEG Wearable,E1:1B:6D:10:62:56,-75,0.8,near_body,4
2026-04-07 20:49:38.537490,EEG Wearable,E1:1B:6D:10:62:56,-79,0.8,near_body,4
2026-04-07 20:49:38.555612,EEG Wearable,E1:1B:6D:10:62:56,-79,0.8,near_body,4
2026-04-07 20:49:39.491316,EEG Wearable,E1:1B:6D:10:62:56,-76,0.8,near_body,4
2026-04-07 20:49:39.491316,EEG Wearable,E1:1B:6D:10:62:56,-76,0.8,near_body,4
2026-04-07 20:49:39.596748,EEG Wearable,E1:1B:6D:10:62:56,-78,0.8,near_body,4
2026-04-07 20:49:40.580070,EEG Wearable,E1:1B:6D:10:62:56,-75,0.8,near_body,4
2026-04-07 20:49:40.671442,EEG Wearable,E1:1B:6D:10:62:56,-78,0.8,near_body,4
2026-04-07 20:49:40.777655,EEG Wearable,E1:1B:6D:10:62:56,-79,0.8,near_body,4
2026-04-07 20:49:40.783308,EEG Wearable,E1:1B:6D:10:62:56,-79,0.8,near_body,4
2026-04-07 20:49:41.735366,EEG Wearable,E1:1B:6D:10:62:56,-80,0.8,near_body,4
2026-04-07 20:49:41.741759,EEG Wearable,E1:1B:6D:10:62:56,-80,0.8,near_body,4
2026-04-07 20:49:42.475155,EEG Wearable,E1:1B:6D:10:62:56,-80,0.8,near_body,4
2026-04-07 20:49:42.475155,EEG Wearable,E1:1B:6D:10:62:56,-80,0.8,near_body,4
2026-04-07 20:49:43.294384,EEG Wearable,E1:1B:6D:10:62:56,-79,0.8,near_body,4
2026-04-07 20:49:43.614709,EEG Wearable,E1:1B:6D:10:62:56,-79,0.8,near_body,4
2026-04-07 20:49:43.624036,EEG Wearable,E1:1B:6D:10:62:56,-79,0.8,near_body,4
2026-04-07 20:49:44.351358,EEG Wearable,E1:1B:6D:10:62:56,-80,0.8,near_body,4
2026-04-07 20:49:44.356922,EEG Wearable,E1:1B:6D:10:62:56,-80,0.8,near_body,4
2026-04-07 20:49:44.451683,EEG Wearable,E1:1B:6D:10:62:56,-76,0.8,near_body,4
2026-04-07 20:49:44.467606,EEG Wearable,E1:1B:6D:10:62:56,-76,0.8,near_body,4
2026-04-07 20:49:44.555600,EEG Wearable,E1:1B:6D:10:62:56,-81,0.8,near_body,4
2026-04-07 20:49:44.573946,EEG Wearable,E1:1B:6D:10:62:56,-81,0.8,near_body,4
2026-04-07 20:49:45.518714,EEG Wearable,E1:1B:6D:10:62:56,-76,0.8,near_body,4
2026-04-07 20:49:45.522727,EEG Wearable,E1:1B:6D:10:62:56,-76,0.8,near_body,4
2026-04-07 20:49:46.364985,EEG Wearable,E1:1B:6D:10:62:56,-80,0.8,near_body,4
2026-04-07 20:49:46.370502,EEG Wearable,E1:1B:6D:10:62:56,-80,0.8,near_body,4
2026-04-07 20:49:46.449855,EEG Wearable,E1:1B:6D:10:62:56,-79,0.8,near_body,4
2026-04-07 20:49:46.466560,EEG Wearable,E1:1B:6D:10:62:56,-79,0.8,near_body,4
2026-04-07 20:49:47.312302,EEG Wearable,E1:1B:6D:10:62:56,-77,0.8,near_body,4
2026-04-07 20:49:47.410423,EEG Wearable,E1:1B:6D:10:62:56,-80,0.8,near_body,4
2026-04-07 20:49:47.432482,EEG Wearable,E1:1B:6D:10:62:56,-80,0.8,near_body,4
2026-04-07 20:49:48.038255,EEG Wearable,E1:1B:6D:10:62:56,-77,0.8,near_body,4
2026-04-07 20:49:48.051637,EEG Wearable,E1:1B:6D:10:62:56,-76,0.8,near_body,4
2026-04-07 20:49:48.255454,EEG Wearable,E1:1B:6D:10:62:56,-80,0.8,near_body,4
2026-04-07 20:49:48.255454,EEG Wearable,E1:1B:6D:10:62:56,-80,0.8,near_body,4
2026-04-07 20:49:48.343958,EEG Wearable,E1:1B:6D:10:62:56,-77,0.8,near_body,4
2026-04-07 20:49:48.364492,EEG Wearable,E1:1B:6D:10:62:56,-77,0.8,near_body,4
2026-04-07 20:49:49.314742,EEG Wearable,E1:1B:6D:10:62:56,-80,0.8,near_body,4
2026-04-07 20:49:49.526867,EEG Wearable,E1:1B:6D:10:62:56,-81,0.8,near_body,4
2026-04-07 20:49:50.348029,EEG Wearable,E1:1B:6D:10:62:56,-79,0.8,near_body,4
2026-04-07 20:49:50.363792,EEG Wearable,E1:1B:6D:10:62:56,-79,0.8,near_body,4
2026-04-07 20:49:51.317675,EEG Wearable,E1:1B:6D:10:62:56,-81,0.8,near_body,4
2026-04-07 20:49:51.321687,EEG Wearable,E1:1B:6D:10:62:56,-81,0.8,near_body,4
2026-04-07 20:49:52.138028,EEG Wearable,E1:1B:6D:10:62:56,-80,0.8,near_body,4
2026-04-07 20:49:52.140435,EEG Wearable,E1:1B:6D:10:62:56,-80,0.8,near_body,4
2026-04-07 20:49:52.243384,EEG Wearable,E1:1B:6D:10:62:56,-77,0.8,near_body,4
2026-04-07 20:49:52.344058,EEG Wearable,E1:1B:6D:10:62:56,-81,0.8,near_body,4
2026-04-07 20:49:52.363924,EEG Wearable,E1:1B:6D:10:62:56,-80,0.8,near_body,4
2026-04-07 20:49:53.206038,EEG Wearable,E1:1B:6D:10:62:56,-80,0.8,near_body,4
2026-04-07 20:49:53.210049,EEG Wearable,E1:1B:6D:10:62:56,-80,0.8,near_body,4
2026-04-07 20:49:53.301686,EEG Wearable,E1:1B:6D:10:62:56,-76,0.8,near_body,4
2026-04-07 20:49:53.320099,EEG Wearable,E1:1B:6D:10:62:56,-76,0.8,near_body,4
2026-04-07 20:49:54.048012,EEG Wearable,E1:1B:6D:10:62:56,-77,0.8,near_body,4
2026-04-07 20:49:54.048012,EEG Wearable,E1:1B:6D:10:62:56,-77,0.8,near_body,4
2026-04-07 20:49:54.132223,EEG Wearable,E1:1B:6D:10:62:56,-82,0.8,near_body,4
2026-04-07 20:49:54.144364,EEG Wearable,E1:1B:6D:10:62:56,-82,0.8,near_body,4
2026-04-07 20:50:46.813827,EEG Wearable,E1:1B:6D:10:62:56,-73,1.0,near_body,1
2026-04-07 20:50:46.833407,EEG Wearable,E1:1B:6D:10:62:56,-73,1.0,near_body,1
2026-04-07 20:50:47.632433,EEG Wearable,E1:1B:6D:10:62:56,-73,1.0,near_body,1
2026-04-07 20:50:47.656522,EEG Wearable,E1:1B:6D:10:62:56,-73,1.0,near_body,1
2026-04-07 20:50:49.530480,EEG Wearable,E1:1B:6D:10:62:56,-73,1.0,near_body,1
2026-04-07 20:50:49.550280,EEG Wearable,E1:1B:6D:10:62:56,-73,1.0,near_body,1
2026-04-07 20:50:50.377874,EEG Wearable,E1:1B:6D:10:62:56,-69,1.0,near_body,1
2026-04-07 20:50:50.377874,EEG Wearable,E1:1B:6D:10:62:56,-69,1.0,near_body,1
2026-04-07 20:50:51.323297,EEG Wearable,E1:1B:6D:10:62:56,-73,1.0,near_body,1
2026-04-07 20:50:51.336407,EEG Wearable,E1:1B:6D:10:62:56,-73,1.0,near_body,1
2026-04-07 20:50:51.417225,EEG Wearable,E1:1B:6D:10:62:56,-69,1.0,near_body,1
2026-04-07 20:50:51.430488,EEG Wearable,E1:1B:6D:10:62:56,-69,1.0,near_body,1
2026-04-07 20:50:52.063148,EEG Wearable,E1:1B:6D:10:62:56,-73,1.0,near_body,1
2026-04-07 20:50:52.073598,EEG Wearable,E1:1B:6D:10:62:56,-73,1.0,near_body,1
2026-04-07 20:50:52.260383,EEG Wearable,E1:1B:6D:10:62:56,-81,1.0,near_body,1
2026-04-07 20:50:52.271339,EEG Wearable,E1:1B:6D:10:62:56,-81,1.0,near_body,1
2026-04-07 20:50:52.359961,EEG Wearable,E1:1B:6D:10:62:56,-73,1.0,near_body,1
2026-04-07 20:50:52.378901,EEG Wearable,E1:1B:6D:10:62:56,-73,1.0,near_body,1
2026-04-07 20:50:53.082001,EEG Wearable,E1:1B:6D:10:62:56,-74,1.0,near_body,1
2026-04-07 20:50:53.093877,EEG Wearable,E1:1B:6D:10:62:56,-74,1.0,near_body,1
2026-04-07 20:50:54.135779,EEG Wearable,E1:1B:6D:10:62:56,-73,1.0,near_body,1
2026-04-07 20:50:54.155774,EEG Wearable,E1:1B:6D:10:62:56,-73,1.0,near_body,1
2026-04-07 20:50:54.964780,EEG Wearable,E1:1B:6D:10:62:56,-69,1.0,near_body,1
2026-04-07 20:50:54.986533,EEG Wearable,E1:1B:6D:10:62:56,-69,1.0,near_body,1
2026-04-07 20:50:55.072828,EEG Wearable,E1:1B:6D:10:62:56,-81,1.0,near_body,1
2026-04-07 20:50:55.089540,EEG Wearable,E1:1B:6D:10:62:56,-80,1.0,near_body,1
2026-04-07 20:50:55.919726,EEG Wearable,E1:1B:6D:10:62:56,-74,1.0,near_body,1
2026-04-07 20:50:55.936534,EEG Wearable,E1:1B:6D:10:62:56,-74,1.0,near_body,1
2026-04-07 20:50:56.024744,EEG Wearable,E1:1B:6D:10:62:56,-69,1.0,near_body,1
2026-04-07 20:50:56.044515,EEG Wearable,E1:1B:6D:10:62:56,-69,1.0,near_body,1
2026-04-07 20:50:56.972253,EEG Wearable,E1:1B:6D:10:62:56,-74,1.0,near_body,1
2026-04-07 20:50:56.990062,EEG Wearable,E1:1B:6D:10:62:56,-74,1.0,near_body,1
2026-04-07 20:50:57.803800,EEG Wearable,E1:1B:6D:10:62:56,-69,1.0,near_body,1
2026-04-07 20:50:57.817119,EEG Wearable,E1:1B:6D:10:62:56,-69,1.0,near_body,1
2026-04-07 20:50:58.744755,EEG Wearable,E1:1B:6D:10:62:56,-74,1.0,near_body,1
2026-04-07 20:50:58.768210,EEG Wearable,E1:1B:6D:10:62:56,-74,1.0,near_body,1
2026-04-07 20:50:59.581752,EEG Wearable,E1:1B:6D:10:62:56,-69,1.0,near_body,1
2026-04-07 20:50:59.599098,EEG Wearable,E1:1B:6D:10:62:56,-69,1.0,near_body,1
2026-04-07 20:51:00.528459,EEG Wearable,E1:1B:6D:10:62:56,-74,1.0,near_body,1
2026-04-07 20:51:00.548950,EEG Wearable,E1:1B:6D:10:62:56,-74,1.0,near_body,1
2026-04-07 20:51:01.579235,EEG Wearable,E1:1B:6D:10:62:56,-74,1.0,near_body,1
2026-04-07 20:51:01.579235,EEG Wearable,E1:1B:6D:10:62:56,-74,1.0,near_body,1
2026-04-07 20:51:02.436938,EEG Wearable,E1:1B:6D:10:62:56,-69,1.0,near_body,1
2026-04-07 20:51:02.442327,EEG Wearable,E1:1B:6D:10:62:56,-68,1.0,near_body,1
2026-04-07 20:51:02.532053,EEG Wearable,E1:1B:6D:10:62:56,-78,1.0,near_body,1
2026-04-07 20:51:02.538720,EEG Wearable,E1:1B:6D:10:62:56,-78,1.0,near_body,1
2026-04-07 20:51:02.635972,EEG Wearable,E1:1B:6D:10:62:56,-74,1.0,near_body,1
2026-04-07 20:51:02.680244,EEG Wearable,E1:1B:6D:10:62:56,-74,1.0,near_body,1
2026-04-07 20:51:03.492840,EEG Wearable,E1:1B:6D:10:62:56,-69,1.0,near_body,1
2026-04-07 20:51:03.600127,EEG Wearable,E1:1B:6D:10:62:56,-78,1.0,near_body,1
2026-04-07 20:51:03.614574,EEG Wearable,E1:1B:6D:10:62:56,-78,1.0,near_body,1
2026-04-07 20:51:04.427735,EEG Wearable,E1:1B:6D:10:62:56,-74,1.0,near_body,1
2026-04-07 20:51:04.432138,EEG Wearable,E1:1B:6D:10:62:56,-74,1.0,near_body,1
2026-04-07 20:51:04.525095,EEG Wearable,E1:1B:6D:10:62:56,-69,1.0,near_body,1
2026-04-07 20:51:04.549719,EEG Wearable,E1:1B:6D:10:62:56,-69,1.0,near_body,1
2026-04-07 20:51:05.365432,EEG Wearable,E1:1B:6D:10:62:56,-77,1.0,near_body,1
2026-04-07 20:51:05.376957,EEG Wearable,E1:1B:6D:10:62:56,-77,1.0,near_body,1
2026-04-07 20:51:05.474686,EEG Wearable,E1:1B:6D:10:62:56,-75,1.0,near_body,1
2026-04-07 20:51:05.493245,EEG Wearable,E1:1B:6D:10:62:56,-75,1.0,near_body,1
2026-04-07 20:51:06.196995,EEG Wearable,E1:1B:6D:10:62:56,-75,1.0,near_body,1
2026-04-07 20:51:06.215365,EEG Wearable,E1:1B:6D:10:62:56,-74,1.0,near_body,1
2026-04-07 20:51:06.318583,EEG Wearable,E1:1B:6D:10:62:56,-69,1.0,near_body,1
2026-04-07 20:51:06.324624,EEG Wearable,E1:1B:6D:10:62:56,-69,1.0,near_body,1
2026-04-07 20:51:07.142828,EEG Wearable,E1:1B:6D:10:62:56,-78,1.0,near_body,1
2026-04-07 20:51:07.279169,EEG Wearable,E1:1B:6D:10:62:56,-75,1.0,near_body,1
2026-04-07 20:51:07.282183,EEG Wearable,E1:1B:6D:10:62:56,-75,1.0,near_body,1
2026-04-07 20:51:08.423358,EEG Wearable,E1:1B:6D:10:62:56,-69,1.0,near_body,1
2026-04-07 20:51:08.451942,EEG Wearable,E1:1B:6D:10:62:56,-69,1.0,near_body,1
2026-04-07 20:51:09.279377,EEG Wearable,E1:1B:6D:10:62:56,-78,1.0,near_body,1
2026-04-07 20:51:09.290527,EEG Wearable,E1:1B:6D:10:62:56,-78,1.0,near_body,1
2026-04-07 20:51:10.228426,EEG Wearable,E1:1B:6D:10:62:56,-69,1.0,near_body,1
2026-04-07 20:51:10.232180,EEG Wearable,E1:1B:6D:10:62:56,-69,1.0,near_body,1
2026-04-07 20:51:10.322089,EEG Wearable,E1:1B:6D:10:62:56,-78,1.0,near_body,1
2026-04-07 20:51:10.326546,EEG Wearable,E1:1B:6D:10:62:56,-77,1.0,near_body,1
2026-04-07 20:51:10.429451,EEG Wearable,E1:1B:6D:10:62:56,-75,1.0,near_body,1
2026-04-07 20:51:10.461393,EEG Wearable,E1:1B:6D:10:62:56,-75,1.0,near_body,1
2026-04-07 20:51:12.328120,EEG Wearable,E1:1B:6D:10:62:56,-69,1.0,near_body,1
2026-04-07 20:51:12.343923,EEG Wearable,E1:1B:6D:10:62:56,-69,1.0,near_body,1
2026-04-07 20:51:13.152439,EEG Wearable,E1:1B:6D:10:62:56,-78,1.0,near_body,1
2026-04-07 20:51:13.172559,EEG Wearable,E1:1B:6D:10:62:56,-78,1.0,near_body,1
2026-04-07 20:51:14.240144,EEG Wearable,E1:1B:6D:10:62:56,-78,1.0,near_body,1
2026-04-07 20:51:14.242148,EEG Wearable,E1:1B:6D:10:62:56,-78,1.0,near_body,1
2026-04-07 20:51:15.183976,EEG Wearable,E1:1B:6D:10:62:56,-69,1.0,near_body,1
2026-04-07 20:51:15.197343,EEG Wearable,E1:1B:6D:10:62:56,-69,1.0,near_body,1
2026-04-07 20:51:40.677849,EEG Wearable,E1:1B:6D:10:62:56,-71,1.0,near_body,2
2026-04-07 20:51:40.700228,EEG Wearable,E1:1B:6D:10:62:56,-71,1.0,near_body,2
2026-04-07 20:51:41.530469,EEG Wearable,E1:1B:6D:10:62:56,-68,1.0,near_body,2
2026-04-07 20:51:41.552427,EEG Wearable,E1:1B:6D:10:62:56,-68,1.0,near_body,2
2026-04-07 20:51:42.685014,EEG Wearable,E1:1B:6D:10:62:56,-71,1.0,near_body,2
2026-04-07 20:51:42.693078,EEG Wearable,E1:1B:6D:10:62:56,-71,1.0,near_body,2
2026-04-07 20:51:43.519248,EEG Wearable,E1:1B:6D:10:62:56,-66,1.0,near_body,2
2026-04-07 20:51:43.528130,EEG Wearable,E1:1B:6D:10:62:56,-66,1.0,near_body,2
2026-04-07 20:51:44.349274,EEG Wearable,E1:1B:6D:10:62:56,-92,1.0,near_body,2
2026-04-07 20:51:44.365981,EEG Wearable,E1:1B:6D:10:62:56,-92,1.0,near_body,2
2026-04-07 20:51:45.291234,EEG Wearable,E1:1B:6D:10:62:56,-67,1.0,near_body,2
2026-04-07 20:51:45.314399,EEG Wearable,E1:1B:6D:10:62:56,-67,1.0,near_body,2
2026-04-07 20:51:47.059068,EEG Wearable,E1:1B:6D:10:62:56,-67,1.0,near_body,2
2026-04-07 20:51:47.076476,EEG Wearable,E1:1B:6D:10:62:56,-67,1.0,near_body,2
2026-04-07 20:51:47.894863,EEG Wearable,E1:1B:6D:10:62:56,-92,1.0,near_body,2
2026-04-07 20:51:47.900887,EEG Wearable,E1:1B:6D:10:62:56,-93,1.0,near_body,2
2026-04-07 20:51:47.996714,EEG Wearable,E1:1B:6D:10:62:56,-71,1.0,near_body,2
2026-04-07 20:51:48.012534,EEG Wearable,E1:1B:6D:10:62:56,-71,1.0,near_body,2
2026-04-07 20:51:48.859286,EEG Wearable,E1:1B:6D:10:62:56,-67,1.0,near_body,2
2026-04-07 20:51:48.865890,EEG Wearable,E1:1B:6D:10:62:56,-67,1.0,near_body,2
2026-04-07 20:51:48.939502,EEG Wearable,E1:1B:6D:10:62:56,-90,1.0,near_body,2
2026-04-07 20:51:48.961704,EEG Wearable,E1:1B:6D:10:62:56,-91,1.0,near_body,2
2026-04-07 20:51:49.808980,EEG Wearable,E1:1B:6D:10:62:56,-71,1.0,near_body,2
2026-04-07 20:51:49.814520,EEG Wearable,E1:1B:6D:10:62:56,-71,1.0,near_body,2
2026-04-07 20:51:49.920243,EEG Wearable,E1:1B:6D:10:62:56,-67,1.0,near_body,2
2026-04-07 20:51:49.934503,EEG Wearable,E1:1B:6D:10:62:56,-67,1.0,near_body,2
2026-04-07 20:51:50.738621,EEG Wearable,E1:1B:6D:10:62:56,-87,1.0,near_body,2
2026-04-07 20:51:50.742381,EEG Wearable,E1:1B:6D:10:62:56,-87,1.0,near_body,2
2026-04-07 20:51:51.037026,EEG Wearable,E1:1B:6D:10:62:56,-70,1.0,near_body,2
2026-04-07 20:51:51.052773,EEG Wearable,E1:1B:6D:10:62:56,-70,1.0,near_body,2
2026-04-07 20:51:51.680943,EEG Wearable,E1:1B:6D:10:62:56,-67,1.0,near_body,2
2026-04-07 20:51:51.680943,EEG Wearable,E1:1B:6D:10:62:56,-67,1.0,near_body,2
2026-04-07 20:51:51.783573,EEG Wearable,E1:1B:6D:10:62:56,-88,1.0,near_body,2
2026-04-07 20:51:51.888721,EEG Wearable,E1:1B:6D:10:62:56,-71,1.0,near_body,2
2026-04-07 20:51:51.910301,EEG Wearable,E1:1B:6D:10:62:56,-71,1.0,near_body,2
2026-04-07 20:51:52.734755,EEG Wearable,E1:1B:6D:10:62:56,-67,1.0,near_body,2
2026-04-07 20:51:52.748874,EEG Wearable,E1:1B:6D:10:62:56,-67,1.0,near_body,2
2026-04-07 20:51:53.465661,EEG Wearable,E1:1B:6D:10:62:56,-67,1.0,near_body,2
2026-04-07 20:51:53.480790,EEG Wearable,E1:1B:6D:10:62:56,-67,1.0,near_body,2
2026-04-07 20:51:53.682327,EEG Wearable,E1:1B:6D:10:62:56,-70,1.0,near_body,2
2026-04-07 20:51:53.692615,EEG Wearable,E1:1B:6D:10:62:56,-70,1.0,near_body,2
2026-04-07 20:51:53.785333,EEG Wearable,E1:1B:6D:10:62:56,-67,1.0,near_body,2
2026-04-07 20:51:53.792875,EEG Wearable,E1:1B:6D:10:62:56,-67,1.0,near_body,2
2026-04-07 20:51:54.659281,EEG Wearable,E1:1B:6D:10:62:56,-88,1.0,near_body,2
2026-04-07 20:51:54.663803,EEG Wearable,E1:1B:6D:10:62:56,-89,1.0,near_body,2
2026-04-07 20:51:55.575016,EEG Wearable,E1:1B:6D:10:62:56,-67,1.0,near_body,2
2026-04-07 20:51:55.592408,EEG Wearable,E1:1B:6D:10:62:56,-67,1.0,near_body,2
2026-04-07 20:51:55.679777,EEG Wearable,E1:1B:6D:10:62:56,-88,1.0,near_body,2
2026-04-07 20:51:55.696366,EEG Wearable,E1:1B:6D:10:62:56,-89,1.0,near_body,2
2026-04-07 20:51:56.523826,EEG Wearable,E1:1B:6D:10:62:56,-71,1.0,near_body,2
2026-04-07 20:51:56.532292,EEG Wearable,E1:1B:6D:10:62:56,-71,1.0,near_body,2
2026-04-07 20:51:56.622809,EEG Wearable,E1:1B:6D:10:62:56,-67,1.0,near_body,2
2026-04-07 20:51:56.642543,EEG Wearable,E1:1B:6D:10:62:56,-67,1.0,near_body,2
2026-04-07 20:51:57.591849,EEG Wearable,E1:1B:6D:10:62:56,-71,1.0,near_body,2
2026-04-07 20:51:57.609982,EEG Wearable,E1:1B:6D:10:62:56,-71,1.0,near_body,2
2026-04-07 20:51:58.548655,EEG Wearable,E1:1B:6D:10:62:56,-88,1.0,near_body,2
2026-04-07 20:51:58.626861,EEG Wearable,E1:1B:6D:10:62:56,-71,1.0,near_body,2
2026-04-07 20:51:58.653472,EEG Wearable,E1:1B:6D:10:62:56,-71,1.0,near_body,2
2026-04-07 20:51:59.451459,EEG Wearable,E1:1B:6D:10:62:56,-67,1.0,near_body,2
2026-04-07 20:51:59.479023,EEG Wearable,E1:1B:6D:10:62:56,-67,1.0,near_body,2
2026-04-07 20:51:59.565992,EEG Wearable,E1:1B:6D:10:62:56,-89,1.0,near_body,2
2026-04-07 20:51:59.595096,EEG Wearable,E1:1B:6D:10:62:56,-89,1.0,near_body,2
2026-04-07 20:52:00.315044,EEG Wearable,E1:1B:6D:10:62:56,-89,1.0,near_body,2
2026-04-07 20:52:00.315044,EEG Wearable,E1:1B:6D:10:62:56,-89,1.0,near_body,2
2026-04-07 20:52:00.410744,EEG Wearable,E1:1B:6D:10:62:56,-71,1.0,near_body,2
2026-04-07 20:52:00.421086,EEG Wearable,E1:1B:6D:10:62:56,-71,1.0,near_body,2
2026-04-07 20:52:00.516739,EEG Wearable,E1:1B:6D:10:62:56,-67,1.0,near_body,2
2026-04-07 20:52:00.537652,EEG Wearable,E1:1B:6D:10:62:56,-67,1.0,near_body,2
2026-04-07 20:52:02.178976,EEG Wearable,E1:1B:6D:10:62:56,-71,1.0,near_body,2
2026-04-07 20:52:02.194857,EEG Wearable,E1:1B:6D:10:62:56,-71,1.0,near_body,2
2026-04-07 20:52:02.930849,EEG Wearable,E1:1B:6D:10:62:56,-71,1.0,near_body,2
2026-04-07 20:52:02.930849,EEG Wearable,E1:1B:6D:10:62:56,-71,1.0,near_body,2
2026-04-07 20:52:03.122331,EEG Wearable,E1:1B:6D:10:62:56,-88,1.0,near_body,2
2026-04-07 20:52:03.153752,EEG Wearable,E1:1B:6D:10:62:56,-89,1.0,near_body,2
2026-04-07 20:52:03.242621,EEG Wearable,E1:1B:6D:10:62:56,-71,1.0,near_body,2
2026-04-07 20:52:03.266456,EEG Wearable,E1:1B:6D:10:62:56,-71,1.0,near_body,2
2026-04-07 20:52:04.209276,EEG Wearable,E1:1B:6D:10:62:56,-88,1.0,near_body,2
2026-04-07 20:52:04.224504,EEG Wearable,E1:1B:6D:10:62:56,-88,1.0,near_body,2
2026-04-07 20:52:05.151783,EEG Wearable,E1:1B:6D:10:62:56,-67,1.0,near_body,2
2026-04-07 20:52:05.248556,EEG Wearable,E1:1B:6D:10:62:56,-87,1.0,near_body,2
2026-04-07 20:52:05.274828,EEG Wearable,E1:1B:6D:10:62:56,-88,1.0,near_body,2
2026-04-07 20:52:05.375685,EEG Wearable,E1:1B:6D:10:62:56,-71,1.0,near_body,2
2026-04-07 20:52:05.375685,EEG Wearable,E1:1B:6D:10:62:56,-71,1.0,near_body,2
2026-04-07 20:52:07.262045,EEG Wearable,E1:1B:6D:10:62:56,-67,1.0,near_body,2
2026-04-07 20:52:07.278150,EEG Wearable,E1:1B:6D:10:62:56,-67,1.0,near_body,2
2026-04-07 20:52:07.357082,EEG Wearable,E1:1B:6D:10:62:56,-88,1.0,near_body,2
2026-04-07 20:52:07.372896,EEG Wearable,E1:1B:6D:10:62:56,-88,1.0,near_body,2
2026-04-07 20:52:08.098004,EEG Wearable,E1:1B:6D:10:62:56,-87,1.0,near_body,2
2026-04-07 20:52:08.102035,EEG Wearable,E1:1B:6D:10:62:56,-87,1.0,near_body,2
2026-04-07 20:52:08.199805,EEG Wearable,E1:1B:6D:10:62:56,-71,1.0,near_body,2
2026-04-07 20:52:08.219673,EEG Wearable,E1:1B:6D:10:62:56,-71,1.0,near_body,2
2026-04-07 20:52:09.046807,EEG Wearable,E1:1B:6D:10:62:56,-67,1.0,near_body,2
2026-04-07 20:52:09.063043,EEG Wearable,E1:1B:6D:10:62:56,-67,1.0,near_body,2
2026-04-07 20:52:09.142535,EEG Wearable,E1:1B:6D:10:62:56,-89,1.0,near_body,2
2026-04-07 20:52:09.162330,EEG Wearable,E1:1B:6D:10:62:56,-89,1.0,near_body,2
2026-04-07 20:52:09.269916,EEG Wearable,E1:1B:6D:10:62:56,-70,1.0,near_body,2
2026-04-07 20:52:09.285656,EEG Wearable,E1:1B:6D:10:62:56,-70,1.0,near_body,2
2026-04-07 20:52:09.989998,EEG Wearable,E1:1B:6D:10:62:56,-70,1.0,near_body,2
2026-04-07 20:52:10.005826,EEG Wearable,E1:1B:6D:10:62:56,-71,1.0,near_body,2
2026-04-07 20:52:49.793996,EEG Wearable,E1:1B:6D:10:62:56,-68,1.0,near_body,3
2026-04-07 20:52:49.815055,EEG Wearable,E1:1B:6D:10:62:56,-68,1.0,near_body,3
2026-04-07 20:52:49.924687,EEG Wearable,E1:1B:6D:10:62:56,-70,1.0,near_body,3
2026-04-07 20:52:49.930290,EEG Wearable,E1:1B:6D:10:62:56,-70,1.0,near_body,3
2026-04-07 20:52:50.017731,EEG Wearable,E1:1B:6D:10:62:56,-73,1.0,near_body,3
2026-04-07 20:52:50.042068,EEG Wearable,E1:1B:6D:10:62:56,-73,1.0,near_body,3
2026-04-07 20:52:51.070230,EEG Wearable,E1:1B:6D:10:62:56,-65,1.0,near_body,3
2026-04-07 20:52:51.074240,EEG Wearable,E1:1B:6D:10:62:56,-65,1.0,near_body,3
2026-04-07 20:52:50.965240,EEG Wearable,E1:1B:6D:10:62:56,-80,1.0,near_body,3
2026-04-07 20:52:51.806183,EEG Wearable,E1:1B:6D:10:62:56,-67,1.0,near_body,3
2026-04-07 20:52:51.821925,EEG Wearable,E1:1B:6D:10:62:56,-68,1.0,near_body,3
2026-04-07 20:52:51.901984,EEG Wearable,E1:1B:6D:10:62:56,-67,1.0,near_body,3
2026-04-07 20:52:51.925896,EEG Wearable,E1:1B:6D:10:62:56,-67,1.0,near_body,3
2026-04-07 20:52:52.765314,EEG Wearable,E1:1B:6D:10:62:56,-73,1.0,near_body,3
2026-04-07 20:52:52.765314,EEG Wearable,E1:1B:6D:10:62:56,-74,1.0,near_body,3
2026-04-07 20:52:53.829186,EEG Wearable,E1:1B:6D:10:62:56,-73,1.0,near_body,3
2026-04-07 20:52:53.833195,EEG Wearable,E1:1B:6D:10:62:56,-73,1.0,near_body,3
2026-04-07 20:52:53.910512,EEG Wearable,E1:1B:6D:10:62:56,-67,1.0,near_body,3
2026-04-07 20:52:53.929893,EEG Wearable,E1:1B:6D:10:62:56,-67,1.0,near_body,3
2026-04-07 20:52:54.638362,EEG Wearable,E1:1B:6D:10:62:56,-67,1.0,near_body,3
2026-04-07 20:52:54.660232,EEG Wearable,E1:1B:6D:10:62:56,-67,1.0,near_body,3
2026-04-07 20:52:54.738353,EEG Wearable,E1:1B:6D:10:62:56,-68,1.0,near_body,3
2026-04-07 20:52:54.760979,EEG Wearable,E1:1B:6D:10:62:56,-68,1.0,near_body,3
2026-04-07 20:52:56.640369,EEG Wearable,E1:1B:6D:10:62:56,-73,1.0,near_body,3
2026-04-07 20:52:56.646251,EEG Wearable,E1:1B:6D:10:62:56,-73,1.0,near_body,3
2026-04-07 20:52:57.468371,EEG Wearable,E1:1B:6D:10:62:56,-67,1.0,near_body,3
2026-04-07 20:52:57.485821,EEG Wearable,E1:1B:6D:10:62:56,-67,1.0,near_body,3
2026-04-07 20:52:57.572143,EEG Wearable,E1:1B:6D:10:62:56,-68,1.0,near_body,3
2026-04-07 20:52:57.577644,EEG Wearable,E1:1B:6D:10:62:56,-68,1.0,near_body,3
2026-04-07 20:52:58.541792,EEG Wearable,E1:1B:6D:10:62:56,-67,1.0,near_body,3
2026-04-07 20:52:58.553337,EEG Wearable,E1:1B:6D:10:62:56,-67,1.0,near_body,3
2026-04-07 20:52:58.652643,EEG Wearable,E1:1B:6D:10:62:56,-68,1.0,near_body,3
2026-04-07 20:52:59.613779,EEG Wearable,E1:1B:6D:10:62:56,-67,1.0,near_body,3
2026-04-07 20:52:59.613779,EEG Wearable,E1:1B:6D:10:62:56,-67,1.0,near_body,3
2026-04-07 20:52:59.710192,EEG Wearable,E1:1B:6D:10:62:56,-68,1.0,near_body,3
2026-04-07 20:52:59.732406,EEG Wearable,E1:1B:6D:10:62:56,-68,1.0,near_body,3
2026-04-07 20:53:00.555693,EEG Wearable,E1:1B:6D:10:62:56,-73,1.0,near_body,3
2026-04-07 20:53:00.574128,EEG Wearable,E1:1B:6D:10:62:56,-73,1.0,near_body,3
2026-04-07 20:53:01.587409,EEG Wearable,E1:1B:6D:10:62:56,-73,1.0,near_body,3
2026-04-07 20:53:01.613937,EEG Wearable,E1:1B:6D:10:62:56,-73,1.0,near_body,3
2026-04-07 20:53:02.450073,EEG Wearable,E1:1B:6D:10:62:56,-67,1.0,near_body,3
2026-04-07 20:53:02.450073,EEG Wearable,E1:1B:6D:10:62:56,-67,1.0,near_body,3
2026-04-07 20:53:02.529339,EEG Wearable,E1:1B:6D:10:62:56,-68,1.0,near_body,3
2026-04-07 20:53:02.545135,EEG Wearable,E1:1B:6D:10:62:56,-68,1.0,near_body,3
2026-04-07 20:53:03.370338,EEG Wearable,E1:1B:6D:10:62:56,-73,1.0,near_body,3
2026-04-07 20:53:03.375994,EEG Wearable,E1:1B:6D:10:62:56,-73,1.0,near_body,3
2026-04-07 20:53:04.304688,EEG Wearable,E1:1B:6D:10:62:56,-69,1.0,near_body,3
2026-04-07 20:53:04.320494,EEG Wearable,E1:1B:6D:10:62:56,-69,1.0,near_body,3
2026-04-07 20:53:05.154106,EEG Wearable,E1:1B:6D:10:62:56,-72,1.0,near_body,3
2026-04-07 20:53:05.154106,EEG Wearable,E1:1B:6D:10:62:56,-72,1.0,near_body,3
2026-04-07 20:53:05.969571,EEG Wearable,E1:1B:6D:10:62:56,-67,1.0,near_body,3
2026-04-07 20:53:05.985228,EEG Wearable,E1:1B:6D:10:62:56,-67,1.0,near_body,3
2026-04-07 20:53:06.948346,EEG Wearable,E1:1B:6D:10:62:56,-72,1.0,near_body,3
2026-04-07 20:53:06.954574,EEG Wearable,E1:1B:6D:10:62:56,-72,1.0,near_body,3
2026-04-07 20:53:08.798557,EEG Wearable,E1:1B:6D:10:62:56,-67,1.0,near_body,3
2026-04-07 20:53:08.814353,EEG Wearable,E1:1B:6D:10:62:56,-67,1.0,near_body,3
2026-04-07 20:53:09.741410,EEG Wearable,E1:1B:6D:10:62:56,-72,1.0,near_body,3
2026-04-07 20:53:09.767724,EEG Wearable,E1:1B:6D:10:62:56,-73,1.0,near_body,3
2026-04-07 20:53:10.698536,EEG Wearable,E1:1B:6D:10:62:56,-68,1.0,near_body,3
2026-04-07 20:53:10.714271,EEG Wearable,E1:1B:6D:10:62:56,-68,1.0,near_body,3
2026-04-07 20:53:11.623391,EEG Wearable,E1:1B:6D:10:62:56,-67,1.0,near_body,3
2026-04-07 20:53:11.639043,EEG Wearable,E1:1B:6D:10:62:56,-67,1.0,near_body,3
2026-04-07 20:53:12.501304,EEG Wearable,E1:1B:6D:10:62:56,-68,1.0,near_body,3
2026-04-07 20:53:12.501304,EEG Wearable,E1:1B:6D:10:62:56,-68,1.0,near_body,3
2026-04-07 20:53:12.613053,EEG Wearable,E1:1B:6D:10:62:56,-73,1.0,near_body,3
2026-04-07 20:53:12.613053,EEG Wearable,E1:1B:6D:10:62:56,-73,1.0,near_body,3
2026-04-07 20:53:13.429251,EEG Wearable,E1:1B:6D:10:62:56,-67,1.0,near_body,3
2026-04-07 20:53:13.444940,EEG Wearable,E1:1B:6D:10:62:56,-67,1.0,near_body,3
2026-04-07 20:53:13.636916,EEG Wearable,E1:1B:6D:10:62:56,-72,1.0,near_body,3
2026-04-07 20:53:13.652695,EEG Wearable,E1:1B:6D:10:62:56,-72,1.0,near_body,3
2026-04-07 20:53:14.378151,EEG Wearable,E1:1B:6D:10:62:56,-72,1.0,near_body,3
2026-04-07 20:53:14.386757,EEG Wearable,E1:1B:6D:10:62:56,-73,1.0,near_body,3
2026-04-07 20:53:14.478036,EEG Wearable,E1:1B:6D:10:62:56,-67,1.0,near_body,3
2026-04-07 20:53:14.497892,EEG Wearable,E1:1B:6D:10:62:56,-67,1.0,near_body,3
2026-04-07 20:53:14.578260,EEG Wearable,E1:1B:6D:10:62:56,-68,1.0,near_body,3
2026-04-07 20:53:15.293783,EEG Wearable,E1:1B:6D:10:62:56,-68,1.0,near_body,3
2026-04-07 20:53:15.411535,EEG Wearable,E1:1B:6D:10:62:56,-73,1.0,near_body,3
2026-04-07 20:53:15.437801,EEG Wearable,E1:1B:6D:10:62:56,-73,1.0,near_body,3
2026-04-07 20:53:16.044293,EEG Wearable,E1:1B:6D:10:62:56,-68,1.0,near_body,3
2026-04-07 20:53:16.060214,EEG Wearable,E1:1B:6D:10:62:56,-68,1.0,near_body,3
2026-04-07 20:53:16.249928,EEG Wearable,E1:1B:6D:10:62:56,-67,1.0,near_body,3
2026-04-07 20:53:16.249928,EEG Wearable,E1:1B:6D:10:62:56,-67,1.0,near_body,3
2026-04-07 20:53:18.022408,EEG Wearable,E1:1B:6D:10:62:56,-67,1.0,near_body,3
2026-04-07 20:53:18.038147,EEG Wearable,E1:1B:6D:10:62:56,-67,1.0,near_body,3
2026-04-07 20:53:18.976775,EEG Wearable,E1:1B:6D:10:62:56,-74,1.0,near_body,3
2026-04-07 20:53:18.992501,EEG Wearable,E1:1B:6D:10:62:56,-74,1.0,near_body,3
2026-04-07 20:53:19.072538,EEG Wearable,E1:1B:6D:10:62:56,-67,1.0,near_body,3
2026-04-07 20:53:19.088284,EEG Wearable,E1:1B:6D:10:62:56,-68,1.0,near_body,3
2026-04-07 20:57:23.506735,EEG Wearable,E1:1B:6D:10:62:56,-74,1.2,near_body,1
2026-04-07 20:57:23.519730,EEG Wearable,E1:1B:6D:10:62:56,-74,1.2,near_body,1
2026-04-07 20:57:23.587825,EEG Wearable,E1:1B:6D:10:62:56,-68,1.2,near_body,1
2026-04-07 20:57:23.607807,EEG Wearable,E1:1B:6D:10:62:56,-68,1.2,near_body,1
2026-04-07 20:57:24.427431,EEG Wearable,E1:1B:6D:10:62:56,-65,1.2,near_body,1
2026-04-07 20:57:24.427431,EEG Wearable,E1:1B:6D:10:62:56,-65,1.2,near_body,1
2026-04-07 20:57:25.297921,EEG Wearable,E1:1B:6D:10:62:56,-63,1.2,near_body,1
2026-04-07 20:57:25.302430,EEG Wearable,E1:1B:6D:10:62:56,-63,1.2,near_body,1
2026-04-07 20:57:25.367253,EEG Wearable,E1:1B:6D:10:62:56,-71,1.2,near_body,1
2026-04-07 20:57:25.379609,EEG Wearable,E1:1B:6D:10:62:56,-71,1.2,near_body,1
2026-04-07 20:57:26.326799,EEG Wearable,E1:1B:6D:10:62:56,-63,1.2,near_body,1
2026-04-07 20:57:26.334291,EEG Wearable,E1:1B:6D:10:62:56,-63,1.2,near_body,1
2026-04-07 20:57:27.157256,EEG Wearable,E1:1B:6D:10:62:56,-72,1.2,near_body,1
2026-04-07 20:57:27.162272,EEG Wearable,E1:1B:6D:10:62:56,-72,1.2,near_body,1
2026-04-07 20:57:27.976113,EEG Wearable,E1:1B:6D:10:62:56,-66,1.2,near_body,1
2026-04-07 20:57:27.994683,EEG Wearable,E1:1B:6D:10:62:56,-66,1.2,near_body,1
2026-04-07 20:57:28.099492,EEG Wearable,E1:1B:6D:10:62:56,-63,1.2,near_body,1
2026-04-07 20:57:28.099492,EEG Wearable,E1:1B:6D:10:62:56,-63,1.2,near_body,1
2026-04-07 20:57:28.827508,EEG Wearable,E1:1B:6D:10:62:56,-63,1.2,near_body,1
2026-04-07 20:57:28.849441,EEG Wearable,E1:1B:6D:10:62:56,-63,1.2,near_body,1
2026-04-07 20:57:29.044833,EEG Wearable,E1:1B:6D:10:62:56,-67,1.2,near_body,1
2026-04-07 20:57:29.068590,EEG Wearable,E1:1B:6D:10:62:56,-67,1.2,near_body,1
2026-04-07 20:57:29.139649,EEG Wearable,E1:1B:6D:10:62:56,-63,1.2,near_body,1
2026-04-07 20:57:29.157248,EEG Wearable,E1:1B:6D:10:62:56,-63,1.2,near_body,1
2026-04-07 20:57:31.052604,EEG Wearable,E1:1B:6D:10:62:56,-73,1.2,near_body,1
2026-04-07 20:57:31.059634,EEG Wearable,E1:1B:6D:10:62:56,-73,1.2,near_body,1
2026-04-07 20:57:31.887155,EEG Wearable,E1:1B:6D:10:62:56,-67,1.2,near_body,1
2026-04-07 20:57:31.896208,EEG Wearable,E1:1B:6D:10:62:56,-67,1.2,near_body,1
2026-04-07 20:57:33.051097,EEG Wearable,E1:1B:6D:10:62:56,-63,1.2,near_body,1
2026-04-07 20:57:33.069545,EEG Wearable,E1:1B:6D:10:62:56,-64,1.2,near_body,1
2026-04-07 20:57:33.158513,EEG Wearable,E1:1B:6D:10:62:56,-70,1.2,near_body,1
2026-04-07 20:57:33.176375,EEG Wearable,E1:1B:6D:10:62:56,-73,1.2,near_body,1
2026-04-07 20:57:34.224925,EEG Wearable,E1:1B:6D:10:62:56,-71,1.2,near_body,1
2026-04-07 20:57:34.233973,EEG Wearable,E1:1B:6D:10:62:56,-73,1.2,near_body,1
2026-04-07 20:57:35.162470,EEG Wearable,E1:1B:6D:10:62:56,-63,1.2,near_body,1
2026-04-07 20:57:35.179348,EEG Wearable,E1:1B:6D:10:62:56,-63,1.2,near_body,1
2026-04-07 20:57:35.998787,EEG Wearable,E1:1B:6D:10:62:56,-73,1.2,near_body,1
2026-04-07 20:57:36.015551,EEG Wearable,E1:1B:6D:10:62:56,-73,1.2,near_body,1
2026-04-07 20:57:36.523026,EEG Wearable,E1:1B:6D:10:62:56,-67,1.2,near_body,1
2026-04-07 20:57:36.535850,EEG Wearable,E1:1B:6D:10:62:56,-67,1.2,near_body,1
2026-04-07 20:57:36.940456,EEG Wearable,E1:1B:6D:10:62:56,-64,1.2,near_body,1
2026-04-07 20:57:36.963964,EEG Wearable,E1:1B:6D:10:62:56,-63,1.2,near_body,1
2026-04-07 20:57:37.780308,EEG Wearable,E1:1B:6D:10:62:56,-73,1.2,near_body,1
2026-04-07 20:57:37.794458,EEG Wearable,E1:1B:6D:10:62:56,-73,1.2,near_body,1
2026-04-07 20:57:37.883586,EEG Wearable,E1:1B:6D:10:62:56,-67,1.2,near_body,1
2026-04-07 20:57:37.901600,EEG Wearable,E1:1B:6D:10:62:56,-67,1.2,near_body,1
2026-04-07 20:57:38.609998,EEG Wearable,E1:1B:6D:10:62:56,-67,1.2,near_body,1
2026-04-07 20:57:38.627180,EEG Wearable,E1:1B:6D:10:62:56,-67,1.2,near_body,1
2026-04-07 20:57:38.734953,EEG Wearable,E1:1B:6D:10:62:56,-63,1.2,near_body,1
2026-04-07 20:57:38.740968,EEG Wearable,E1:1B:6D:10:62:56,-64,1.2,near_body,1
2026-04-07 20:57:39.692379,EEG Wearable,E1:1B:6D:10:62:56,-67,1.2,near_body,1
2026-04-07 20:57:39.707429,EEG Wearable,E1:1B:6D:10:62:56,-67,1.2,near_body,1
2026-04-07 20:57:39.791585,EEG Wearable,E1:1B:6D:10:62:56,-63,1.2,near_body,1
2026-04-07 20:57:39.795595,EEG Wearable,E1:1B:6D:10:62:56,-64,1.2,near_body,1
2026-04-07 20:57:40.608168,EEG Wearable,E1:1B:6D:10:62:56,-73,1.2,near_body,1
2026-04-07 20:57:40.617875,EEG Wearable,E1:1B:6D:10:62:56,-73,1.2,near_body,1
2026-04-07 20:57:41.563234,EEG Wearable,E1:1B:6D:10:62:56,-64,1.2,near_body,1
2026-04-07 20:57:41.571015,EEG Wearable,E1:1B:6D:10:62:56,-64,1.2,near_body,1
2026-04-07 20:57:41.680576,EEG Wearable,E1:1B:6D:10:62:56,-73,1.2,near_body,1
2026-04-07 20:57:41.684043,EEG Wearable,E1:1B:6D:10:62:56,-73,1.2,near_body,1
2026-04-07 20:57:41.775581,EEG Wearable,E1:1B:6D:10:62:56,-67,1.2,near_body,1
2026-04-07 20:57:41.792032,EEG Wearable,E1:1B:6D:10:62:56,-67,1.2,near_body,1
2026-04-07 20:57:42.671009,EEG Wearable,E1:1B:6D:10:62:56,-63,1.2,near_body,1
2026-04-07 20:57:42.676078,EEG Wearable,E1:1B:6D:10:62:56,-64,1.2,near_body,1
2026-04-07 20:57:42.740036,EEG Wearable,E1:1B:6D:10:62:56,-73,1.2,near_body,1
2026-04-07 20:57:42.747817,EEG Wearable,E1:1B:6D:10:62:56,-73,1.2,near_body,1
2026-04-07 20:57:43.686423,EEG Wearable,E1:1B:6D:10:62:56,-63,1.2,near_body,1
2026-04-07 20:57:43.699122,EEG Wearable,E1:1B:6D:10:62:56,-63,1.2,near_body,1
2026-04-07 20:57:43.789733,EEG Wearable,E1:1B:6D:10:62:56,-73,1.2,near_body,1
2026-04-07 20:57:43.811626,EEG Wearable,E1:1B:6D:10:62:56,-73,1.2,near_body,1
2026-04-07 20:57:44.741118,EEG Wearable,E1:1B:6D:10:62:56,-63,1.2,near_body,1
2026-04-07 20:57:44.744974,EEG Wearable,E1:1B:6D:10:62:56,-64,1.2,near_body,1
2026-04-07 20:57:45.480907,EEG Wearable,E1:1B:6D:10:62:56,-64,1.2,near_body,1
2026-04-07 20:57:45.486944,EEG Wearable,E1:1B:6D:10:62:56,-64,1.2,near_body,1
2026-04-07 20:57:46.521860,EEG Wearable,E1:1B:6D:10:62:56,-63,1.2,near_body,1
2026-04-07 20:57:46.541461,EEG Wearable,E1:1B:6D:10:62:56,-63,1.2,near_body,1
2026-04-07 20:57:46.622491,EEG Wearable,E1:1B:6D:10:62:56,-73,1.2,near_body,1
2026-04-07 20:57:46.637877,EEG Wearable,E1:1B:6D:10:62:56,-73,1.2,near_body,1
2026-04-07 20:57:49.232509,EEG Wearable,E1:1B:6D:10:62:56,-67,1.2,near_body,1
2026-04-07 20:57:49.251834,EEG Wearable,E1:1B:6D:10:62:56,-67,1.2,near_body,1
2026-04-07 20:57:49.341144,EEG Wearable,E1:1B:6D:10:62:56,-64,1.2,near_body,1
2026-04-07 20:57:49.352916,EEG Wearable,E1:1B:6D:10:62:56,-64,1.2,near_body,1
2026-04-07 20:57:50.180786,EEG Wearable,E1:1B:6D:10:62:56,-73,1.2,near_body,1
2026-04-07 20:57:50.194490,EEG Wearable,E1:1B:6D:10:62:56,-73,1.2,near_body,1
2026-04-07 20:57:51.144989,EEG Wearable,E1:1B:6D:10:62:56,-64,1.2,near_body,1
2026-04-07 20:57:51.160045,EEG Wearable,E1:1B:6D:10:62:56,-64,1.2,near_body,1
2026-04-07 20:57:51.234687,EEG Wearable,E1:1B:6D:10:62:56,-73,1.2,near_body,1
2026-04-07 20:57:51.251992,EEG Wearable,E1:1B:6D:10:62:56,-73,1.2,near_body,1
2026-04-07 20:57:52.181160,EEG Wearable,E1:1B:6D:10:62:56,-64,1.2,near_body,1
2026-04-07 20:57:52.197196,EEG Wearable,E1:1B:6D:10:62:56,-64,1.2,near_body,1
2026-04-07 20:57:58.796275,EEG Wearable,E1:1B:6D:10:62:56,-69,1.2,near_body,2
2026-04-07 20:57:58.818935,EEG Wearable,E1:1B:6D:10:62:56,-68,1.2,near_body,2
2026-04-07 20:57:59.645130,EEG Wearable,E1:1B:6D:10:62:56,-67,1.2,near_body,2
2026-04-07 20:57:59.649140,EEG Wearable,E1:1B:6D:10:62:56,-67,1.2,near_body,2
2026-04-07 20:58:01.522942,EEG Wearable,E1:1B:6D:10:62:56,-73,1.2,near_body,2
2026-04-07 20:58:01.533380,EEG Wearable,E1:1B:6D:10:62:56,-73,1.2,near_body,2
2026-04-07 20:58:01.631200,EEG Wearable,E1:1B:6D:10:62:56,-68,1.2,near_body,2
2026-04-07 20:58:01.650857,EEG Wearable,E1:1B:6D:10:62:56,-68,1.2,near_body,2
2026-04-07 20:58:02.469040,EEG Wearable,E1:1B:6D:10:62:56,-64,1.2,near_body,2
2026-04-07 20:58:02.484728,EEG Wearable,E1:1B:6D:10:62:56,-64,1.2,near_body,2
2026-04-07 20:58:03.412153,EEG Wearable,E1:1B:6D:10:62:56,-68,1.2,near_body,2
2026-04-07 20:58:03.412153,EEG Wearable,E1:1B:6D:10:62:56,-68,1.2,near_body,2
2026-04-07 20:58:04.036040,EEG Wearable,E1:1B:6D:10:62:56,-72,1.2,near_body,2
2026-04-07 20:58:04.049207,EEG Wearable,E1:1B:6D:10:62:56,-72,1.2,near_body,2
2026-04-07 20:58:04.238125,EEG Wearable,E1:1B:6D:10:62:56,-64,1.2,near_body,2
2026-04-07 20:58:04.255232,EEG Wearable,E1:1B:6D:10:62:56,-65,1.2,near_body,2
2026-04-07 20:58:06.123540,EEG Wearable,E1:1B:6D:10:62:56,-72,1.2,near_body,2
2026-04-07 20:58:06.139129,EEG Wearable,E1:1B:6D:10:62:56,-72,1.2,near_body,2
2026-04-07 20:58:07.062046,EEG Wearable,E1:1B:6D:10:62:56,-64,1.2,near_body,2
2026-04-07 20:58:07.086131,EEG Wearable,E1:1B:6D:10:62:56,-64,1.2,near_body,2
2026-04-07 20:58:07.896743,EEG Wearable,E1:1B:6D:10:62:56,-72,1.2,near_body,2
2026-04-07 20:58:07.908979,EEG Wearable,E1:1B:6D:10:62:56,-72,1.2,near_body,2
2026-04-07 20:58:09.795447,EEG Wearable,E1:1B:6D:10:62:56,-69,1.2,near_body,2
2026-04-07 20:58:09.800921,EEG Wearable,E1:1B:6D:10:62:56,-69,1.2,near_body,2
2026-04-07 20:58:09.902400,EEG Wearable,E1:1B:6D:10:62:56,-65,1.2,near_body,2
2026-04-07 20:58:09.911397,EEG Wearable,E1:1B:6D:10:62:56,-65,1.2,near_body,2
2026-04-07 20:58:11.807454,EEG Wearable,E1:1B:6D:10:62:56,-72,1.2,near_body,2
2026-04-07 20:58:11.823129,EEG Wearable,E1:1B:6D:10:62:56,-72,1.2,near_body,2
2026-04-07 20:58:12.725005,EEG Wearable,E1:1B:6D:10:62:56,-65,1.2,near_body,2
2026-04-07 20:58:12.738598,EEG Wearable,E1:1B:6D:10:62:56,-65,1.2,near_body,2
2026-04-07 20:58:13.564113,EEG Wearable,E1:1B:6D:10:62:56,-72,1.2,near_body,2
2026-04-07 20:58:13.583538,EEG Wearable,E1:1B:6D:10:62:56,-73,1.2,near_body,2
2026-04-07 20:58:14.407873,EEG Wearable,E1:1B:6D:10:62:56,-69,1.2,near_body,2
2026-04-07 20:58:14.423788,EEG Wearable,E1:1B:6D:10:62:56,-69,1.2,near_body,2
2026-04-07 20:58:15.445087,EEG Wearable,E1:1B:6D:10:62:56,-69,1.2,near_body,2
2026-04-07 20:58:15.465580,EEG Wearable,E1:1B:6D:10:62:56,-69,1.2,near_body,2
2026-04-07 20:58:16.398352,EEG Wearable,E1:1B:6D:10:62:56,-72,1.2,near_body,2
2026-04-07 20:58:16.402366,EEG Wearable,E1:1B:6D:10:62:56,-72,1.2,near_body,2
2026-04-07 20:58:18.545248,EEG Wearable,E1:1B:6D:10:62:56,-72,1.2,near_body,2
2026-04-07 20:58:18.550767,EEG Wearable,E1:1B:6D:10:62:56,-72,1.2,near_body,2
2026-04-07 20:58:18.633037,EEG Wearable,E1:1B:6D:10:62:56,-69,1.2,near_body,2
2026-04-07 20:58:18.646313,EEG Wearable,E1:1B:6D:10:62:56,-69,1.2,near_body,2
2026-04-07 20:58:19.583691,EEG Wearable,E1:1B:6D:10:62:56,-72,1.2,near_body,2
2026-04-07 20:58:19.598434,EEG Wearable,E1:1B:6D:10:62:56,-72,1.2,near_body,2
2026-04-07 20:58:20.525947,EEG Wearable,E1:1B:6D:10:62:56,-65,1.2,near_body,2
2026-04-07 20:58:20.547621,EEG Wearable,E1:1B:6D:10:62:56,-65,1.2,near_body,2
2026-04-07 20:58:21.376396,EEG Wearable,E1:1B:6D:10:62:56,-72,1.2,near_body,2
2026-04-07 20:58:21.376396,EEG Wearable,E1:1B:6D:10:62:56,-72,1.2,near_body,2
2026-04-07 20:58:22.213253,EEG Wearable,E1:1B:6D:10:62:56,-70,1.2,near_body,2
2026-04-07 20:58:22.227292,EEG Wearable,E1:1B:6D:10:62:56,-70,1.2,near_body,2
2026-04-07 20:58:22.299125,EEG Wearable,E1:1B:6D:10:62:56,-65,1.2,near_body,2
2026-04-07 20:58:23.142299,EEG Wearable,E1:1B:6D:10:62:56,-72,1.2,near_body,2
2026-04-07 20:58:23.161715,EEG Wearable,E1:1B:6D:10:62:56,-72,1.2,near_body,2
2026-04-07 20:58:23.872986,EEG Wearable,E1:1B:6D:10:62:56,-72,1.2,near_body,2
2026-04-07 20:58:23.887701,EEG Wearable,E1:1B:6D:10:62:56,-72,1.2,near_body,2
2026-04-07 20:58:24.079047,EEG Wearable,E1:1B:6D:10:62:56,-65,1.2,near_body,2
2026-04-07 20:58:24.840120,EEG Wearable,E1:1B:6D:10:62:56,-65,1.2,near_body,2
2026-04-07 20:58:24.843872,EEG Wearable,E1:1B:6D:10:62:56,-65,1.2,near_body,2
2026-04-07 20:58:25.858933,EEG Wearable,E1:1B:6D:10:62:56,-65,1.2,near_body,2
2026-04-07 20:58:25.877444,EEG Wearable,E1:1B:6D:10:62:56,-65,1.2,near_body,2
2026-04-07 20:58:25.961411,EEG Wearable,E1:1B:6D:10:62:56,-72,1.2,near_body,2
2026-04-07 20:58:25.981178,EEG Wearable,E1:1B:6D:10:62:56,-72,1.2,near_body,2
2026-04-07 20:58:26.810712,EEG Wearable,E1:1B:6D:10:62:56,-70,1.2,near_body,2
2026-04-07 20:58:26.816726,EEG Wearable,E1:1B:6D:10:62:56,-70,1.2,near_body,2
2026-04-07 20:58:28.366705,EEG Wearable,E1:1B:6D:10:62:56,-65,1.2,near_body,2
2026-04-07 20:58:28.372466,EEG Wearable,E1:1B:6D:10:62:56,-65,1.2,near_body,2
2026-04-07 20:58:28.560928,EEG Wearable,E1:1B:6D:10:62:56,-70,1.2,near_body,2
2026-04-07 20:58:47.592130,EEG Wearable,E1:1B:6D:10:62:56,-69,1.2,near_body,3
2026-04-07 20:58:47.603436,EEG Wearable,E1:1B:6D:10:62:56,-69,1.2,near_body,3
2026-04-07 20:58:47.697849,EEG Wearable,E1:1B:6D:10:62:56,-78,1.2,near_body,3
2026-04-07 20:58:47.720121,EEG Wearable,E1:1B:6D:10:62:56,-78,1.2,near_body,3
2026-04-07 20:58:48.550097,EEG Wearable,E1:1B:6D:10:62:56,-73,1.2,near_body,3
2026-04-07 20:58:48.556112,EEG Wearable,E1:1B:6D:10:62:56,-73,1.2,near_body,3
2026-04-07 20:58:48.648257,EEG Wearable,E1:1B:6D:10:62:56,-76,1.2,near_body,3
2026-04-07 20:58:48.669034,EEG Wearable,E1:1B:6D:10:62:56,-76,1.2,near_body,3
2026-04-07 20:58:49.703752,EEG Wearable,E1:1B:6D:10:62:56,-81,1.2,near_body,3
2026-04-07 20:58:49.727886,EEG Wearable,E1:1B:6D:10:62:56,-81,1.2,near_body,3
2026-04-07 20:58:50.541770,EEG Wearable,E1:1B:6D:10:62:56,-72,1.2,near_body,3
2026-04-07 20:58:50.549798,EEG Wearable,E1:1B:6D:10:62:56,-72,1.2,near_body,3
2026-04-07 20:58:51.386468,EEG Wearable,E1:1B:6D:10:62:56,-73,1.2,near_body,3
2026-04-07 20:58:51.404382,EEG Wearable,E1:1B:6D:10:62:56,-73,1.2,near_body,3
2026-04-07 20:58:51.497873,EEG Wearable,E1:1B:6D:10:62:56,-78,1.2,near_body,3
2026-04-07 20:58:51.503889,EEG Wearable,E1:1B:6D:10:62:56,-78,1.2,near_body,3
2026-04-07 20:58:51.601285,EEG Wearable,E1:1B:6D:10:62:56,-73,1.2,near_body,3
2026-04-07 20:58:51.618840,EEG Wearable,E1:1B:6D:10:62:56,-73,1.2,near_body,3
2026-04-07 20:58:52.446566,EEG Wearable,E1:1B:6D:10:62:56,-72,1.2,near_body,3
2026-04-07 20:58:52.464018,EEG Wearable,E1:1B:6D:10:62:56,-72,1.2,near_body,3
2026-04-07 20:58:52.541646,EEG Wearable,E1:1B:6D:10:62:56,-79,1.2,near_body,3
2026-04-07 20:58:52.560378,EEG Wearable,E1:1B:6D:10:62:56,-78,1.2,near_body,3
2026-04-07 20:58:53.369572,EEG Wearable,E1:1B:6D:10:62:56,-70,1.2,near_body,3
2026-04-07 20:58:53.381134,EEG Wearable,E1:1B:6D:10:62:56,-70,1.2,near_body,3
2026-04-07 20:58:54.323687,EEG Wearable,E1:1B:6D:10:62:56,-79,1.2,near_body,3
2026-04-07 20:58:54.341775,EEG Wearable,E1:1B:6D:10:62:56,-79,1.2,near_body,3
2026-04-07 20:58:54.441676,EEG Wearable,E1:1B:6D:10:62:56,-71,1.2,near_body,3
2026-04-07 20:58:54.454382,EEG Wearable,E1:1B:6D:10:62:56,-71,1.2,near_body,3
2026-04-07 20:58:55.169503,EEG Wearable,E1:1B:6D:10:62:56,-71,1.2,near_body,3
2026-04-07 20:58:55.173511,EEG Wearable,E1:1B:6D:10:62:56,-71,1.2,near_body,3
2026-04-07 20:58:55.256507,EEG Wearable,E1:1B:6D:10:62:56,-72,1.2,near_body,3
2026-04-07 20:58:55.274275,EEG Wearable,E1:1B:6D:10:62:56,-72,1.2,near_body,3
2026-04-07 20:58:56.206148,EEG Wearable,E1:1B:6D:10:62:56,-71,1.2,near_body,3
2026-04-07 20:58:56.222108,EEG Wearable,E1:1B:6D:10:62:56,-71,1.2,near_body,3
2026-04-07 20:58:57.068785,EEG Wearable,E1:1B:6D:10:62:56,-72,1.2,near_body,3
2026-04-07 20:58:57.068785,EEG Wearable,E1:1B:6D:10:62:56,-72,1.2,near_body,3
2026-04-07 20:58:57.147779,EEG Wearable,E1:1B:6D:10:62:56,-80,1.2,near_body,3
2026-04-07 20:58:57.170886,EEG Wearable,E1:1B:6D:10:62:56,-81,1.2,near_body,3
2026-04-07 20:58:57.980106,EEG Wearable,E1:1B:6D:10:62:56,-71,1.2,near_body,3
2026-04-07 20:58:57.993803,EEG Wearable,E1:1B:6D:10:62:56,-71,1.2,near_body,3
2026-04-07 20:58:58.092464,EEG Wearable,E1:1B:6D:10:62:56,-71,1.2,near_body,3
2026-04-07 20:58:58.112178,EEG Wearable,E1:1B:6D:10:62:56,-72,1.2,near_body,3
2026-04-07 20:58:59.142622,EEG Wearable,E1:1B:6D:10:62:56,-72,1.2,near_body,3
2026-04-07 20:58:59.174250,EEG Wearable,E1:1B:6D:10:62:56,-72,1.2,near_body,3
2026-04-07 20:58:59.877138,EEG Wearable,E1:1B:6D:10:62:56,-71,1.2,near_body,3
2026-04-07 20:58:59.891746,EEG Wearable,E1:1B:6D:10:62:56,-71,1.2,near_body,3
2026-04-07 20:58:59.976670,EEG Wearable,E1:1B:6D:10:62:56,-82,1.2,near_body,3
2026-04-07 20:59:00.003766,EEG Wearable,E1:1B:6D:10:62:56,-82,1.2,near_body,3
2026-04-07 20:59:01.763132,EEG Wearable,E1:1B:6D:10:62:56,-85,1.2,near_body,3
2026-04-07 20:59:01.783145,EEG Wearable,E1:1B:6D:10:62:56,-85,1.2,near_body,3
2026-04-07 20:59:02.592256,EEG Wearable,E1:1B:6D:10:62:56,-70,1.2,near_body,3
2026-04-07 20:59:02.592256,EEG Wearable,E1:1B:6D:10:62:56,-70,1.2,near_body,3
2026-04-07 20:59:04.597314,EEG Wearable,E1:1B:6D:10:62:56,-84,1.2,near_body,3
2026-04-07 20:59:04.618492,EEG Wearable,E1:1B:6D:10:62:56,-84,1.2,near_body,3
2026-04-07 20:59:04.700930,EEG Wearable,E1:1B:6D:10:62:56,-71,1.2,near_body,3
2026-04-07 20:59:04.717042,EEG Wearable,E1:1B:6D:10:62:56,-71,1.2,near_body,3
2026-04-07 20:59:05.662315,EEG Wearable,E1:1B:6D:10:62:56,-85,1.2,near_body,3
2026-04-07 20:59:05.679483,EEG Wearable,E1:1B:6D:10:62:56,-85,1.2,near_body,3
2026-04-07 20:59:05.769153,EEG Wearable,E1:1B:6D:10:62:56,-71,1.2,near_body,3
2026-04-07 20:59:05.790643,EEG Wearable,E1:1B:6D:10:62:56,-71,1.2,near_body,3
2026-04-07 20:59:07.547518,EEG Wearable,E1:1B:6D:10:62:56,-70,1.2,near_body,3
2026-04-07 20:59:07.563929,EEG Wearable,E1:1B:6D:10:62:56,-70,1.2,near_body,3
2026-04-07 20:59:09.462891,EEG Wearable,E1:1B:6D:10:62:56,-71,1.2,near_body,3
2026-04-07 20:59:09.473999,EEG Wearable,E1:1B:6D:10:62:56,-71,1.2,near_body,3
2026-04-07 20:59:09.957466,EEG Wearable,E1:1B:6D:10:62:56,-85,1.2,near_body,3
2026-04-07 20:59:09.964520,EEG Wearable,E1:1B:6D:10:62:56,-85,1.2,near_body,3
2026-04-07 20:59:10.271875,EEG Wearable,E1:1B:6D:10:62:56,-87,1.2,near_body,3
2026-04-07 20:59:10.292910,EEG Wearable,E1:1B:6D:10:62:56,-86,1.2,near_body,3
2026-04-07 20:59:10.372887,EEG Wearable,E1:1B:6D:10:62:56,-71,1.2,near_body,3
2026-04-07 20:59:10.389913,EEG Wearable,E1:1B:6D:10:62:56,-71,1.2,near_body,3
2026-04-07 20:59:11.143608,EEG Wearable,E1:1B:6D:10:62:56,-70,1.2,near_body,3
2026-04-07 20:59:11.143608,EEG Wearable,E1:1B:6D:10:62:56,-70,1.2,near_body,3
2026-04-07 20:59:11.224771,EEG Wearable,E1:1B:6D:10:62:56,-70,1.2,near_body,3
2026-04-07 20:59:11.246861,EEG Wearable,E1:1B:6D:10:62:56,-71,1.2,near_body,3
2026-04-07 20:59:11.328363,EEG Wearable,E1:1B:6D:10:62:56,-88,1.2,near_body,3
2026-04-07 20:59:11.346175,EEG Wearable,E1:1B:6D:10:62:56,-88,1.2,near_body,3
2026-04-07 20:59:11.431507,EEG Wearable,E1:1B:6D:10:62:56,-70,1.2,near_body,3
2026-04-07 20:59:11.445917,EEG Wearable,E1:1B:6D:10:62:56,-70,1.2,near_body,3
2026-04-07 20:59:12.278046,EEG Wearable,E1:1B:6D:10:62:56,-70,1.2,near_body,3
2026-04-07 20:59:12.296329,EEG Wearable,E1:1B:6D:10:62:56,-70,1.2,near_body,3
2026-04-07 20:59:13.109694,EEG Wearable,E1:1B:6D:10:62:56,-88,1.2,near_body,3
2026-04-07 20:59:13.121827,EEG Wearable,E1:1B:6D:10:62:56,-88,1.2,near_body,3
2026-04-07 20:59:13.216356,EEG Wearable,E1:1B:6D:10:62:56,-71,1.2,near_body,3
2026-04-07 20:59:13.229923,EEG Wearable,E1:1B:6D:10:62:56,-71,1.2,near_body,3
2026-04-07 20:59:14.162705,EEG Wearable,E1:1B:6D:10:62:56,-88,1.2,near_body,3
2026-04-07 20:59:14.184690,EEG Wearable,E1:1B:6D:10:62:56,-89,1.2,near_body,3
2026-04-07 20:59:15.142466,EEG Wearable,E1:1B:6D:10:62:56,-70,1.2,near_body,3
2026-04-07 20:59:15.145479,EEG Wearable,E1:1B:6D:10:62:56,-70,1.2,near_body,3
2026-04-07 20:59:15.220156,EEG Wearable,E1:1B:6D:10:62:56,-86,1.2,near_body,3
2026-04-07 20:59:15.237745,EEG Wearable,E1:1B:6D:10:62:56,-86,1.2,near_body,3
2026-04-07 20:59:16.051955,EEG Wearable,E1:1B:6D:10:62:56,-71,1.2,near_body,3
2026-04-07 20:59:16.068039,EEG Wearable,E1:1B:6D:10:62:56,-71,1.2,near_body,3
2026-04-07 20:59:16.159446,EEG Wearable,E1:1B:6D:10:62:56,-70,1.2,near_body,3
2026-04-07 20:59:16.175136,EEG Wearable,E1:1B:6D:10:62:56,-70,1.2,near_body,3
2026-04-07 20:59:51.501981,EEG Wearable,E1:1B:6D:10:62:56,-68,1.4,near_body,1
2026-04-07 20:59:51.517181,EEG Wearable,E1:1B:6D:10:62:56,-68,1.4,near_body,1
2026-04-07 20:59:51.596849,EEG Wearable,E1:1B:6D:10:62:56,-70,1.4,near_body,1
2026-04-07 20:59:52.548258,EEG Wearable,E1:1B:6D:10:62:56,-78,1.4,near_body,1
2026-04-07 20:59:52.569719,EEG Wearable,E1:1B:6D:10:62:56,-78,1.4,near_body,1
2026-04-07 20:59:54.100514,EEG Wearable,E1:1B:6D:10:62:56,-73,1.4,near_body,1
2026-04-07 20:59:54.120650,EEG Wearable,E1:1B:6D:10:62:56,-74,1.4,near_body,1
2026-04-07 20:59:54.226794,EEG Wearable,E1:1B:6D:10:62:56,-79,1.4,near_body,1
2026-04-07 20:59:55.167543,EEG Wearable,E1:1B:6D:10:62:56,-67,1.4,near_body,1
2026-04-07 20:59:55.177180,EEG Wearable,E1:1B:6D:10:62:56,-67,1.4,near_body,1
2026-04-07 20:59:56.231398,EEG Wearable,E1:1B:6D:10:62:56,-68,1.4,near_body,1
2026-04-07 20:59:56.236915,EEG Wearable,E1:1B:6D:10:62:56,-68,1.4,near_body,1
2026-04-07 20:59:56.326488,EEG Wearable,E1:1B:6D:10:62:56,-72,1.4,near_body,1
2026-04-07 20:59:57.162660,EEG Wearable,E1:1B:6D:10:62:56,-68,1.4,near_body,1
2026-04-07 20:59:57.178513,EEG Wearable,E1:1B:6D:10:62:56,-68,1.4,near_body,1
2026-04-07 20:59:58.024913,EEG Wearable,E1:1B:6D:10:62:56,-68,1.4,near_body,1
2026-04-07 20:59:58.028923,EEG Wearable,E1:1B:6D:10:62:56,-68,1.4,near_body,1
2026-04-07 20:59:58.110188,EEG Wearable,E1:1B:6D:10:62:56,-72,1.4,near_body,1
2026-04-07 20:59:58.131066,EEG Wearable,E1:1B:6D:10:62:56,-72,1.4,near_body,1
2026-04-07 20:59:59.044588,EEG Wearable,E1:1B:6D:10:62:56,-68,1.4,near_body,1
2026-04-07 20:59:59.060372,EEG Wearable,E1:1B:6D:10:62:56,-68,1.4,near_body,1
2026-04-07 20:59:59.794542,EEG Wearable,E1:1B:6D:10:62:56,-68,1.4,near_body,1
2026-04-07 20:59:59.794542,EEG Wearable,E1:1B:6D:10:62:56,-68,1.4,near_body,1
2026-04-07 20:59:59.873863,EEG Wearable,E1:1B:6D:10:62:56,-71,1.4,near_body,1
2026-04-07 20:59:59.889609,EEG Wearable,E1:1B:6D:10:62:56,-71,1.4,near_body,1
2026-04-07 21:00:00.845383,EEG Wearable,E1:1B:6D:10:62:56,-68,1.4,near_body,1
2026-04-07 21:00:00.863403,EEG Wearable,E1:1B:6D:10:62:56,-68,1.4,near_body,1
2026-04-07 21:00:00.945741,EEG Wearable,E1:1B:6D:10:62:56,-71,1.4,near_body,1
2026-04-07 21:00:00.960203,EEG Wearable,E1:1B:6D:10:62:56,-71,1.4,near_body,1
2026-04-07 21:00:01.050748,EEG Wearable,E1:1B:6D:10:62:56,-67,1.4,near_body,1
2026-04-07 21:00:01.071438,EEG Wearable,E1:1B:6D:10:62:56,-67,1.4,near_body,1
2026-04-07 21:00:01.773655,EEG Wearable,E1:1B:6D:10:62:56,-67,1.4,near_body,1
2026-04-07 21:00:01.805404,EEG Wearable,E1:1B:6D:10:62:56,-67,1.4,near_body,1
2026-04-07 21:00:01.885926,EEG Wearable,E1:1B:6D:10:62:56,-68,1.4,near_body,1
2026-04-07 21:00:01.912249,EEG Wearable,E1:1B:6D:10:62:56,-68,1.4,near_body,1
2026-04-07 21:00:02.718678,EEG Wearable,E1:1B:6D:10:62:56,-70,1.4,near_body,1
2026-04-07 21:00:02.832235,EEG Wearable,E1:1B:6D:10:62:56,-67,1.4,near_body,1
2026-04-07 21:00:02.852480,EEG Wearable,E1:1B:6D:10:62:56,-67,1.4,near_body,1
2026-04-07 21:00:04.730479,EEG Wearable,E1:1B:6D:10:62:56,-68,1.4,near_body,1
2026-04-07 21:00:04.735883,EEG Wearable,E1:1B:6D:10:62:56,-68,1.4,near_body,1
2026-04-07 21:00:04.831973,EEG Wearable,E1:1B:6D:10:62:56,-70,1.4,near_body,1
2026-04-07 21:00:04.855448,EEG Wearable,E1:1B:6D:10:62:56,-70,1.4,near_body,1
2026-04-07 21:00:05.447818,EEG Wearable,E1:1B:6D:10:62:56,-68,1.4,near_body,1
2026-04-07 21:00:05.470622,EEG Wearable,E1:1B:6D:10:62:56,-68,1.4,near_body,1
2026-04-07 21:00:05.568870,EEG Wearable,E1:1B:6D:10:62:56,-70,1.4,near_body,1
2026-04-07 21:00:05.574887,EEG Wearable,E1:1B:6D:10:62:56,-70,1.4,near_body,1
2026-04-07 21:00:05.664441,EEG Wearable,E1:1B:6D:10:62:56,-67,1.4,near_body,1
2026-04-07 21:00:05.679626,EEG Wearable,E1:1B:6D:10:62:56,-67,1.4,near_body,1
2026-04-07 21:00:06.386811,EEG Wearable,E1:1B:6D:10:62:56,-67,1.4,near_body,1
2026-04-07 21:00:06.410906,EEG Wearable,E1:1B:6D:10:62:56,-67,1.4,near_body,1
2026-04-07 21:00:06.490385,EEG Wearable,E1:1B:6D:10:62:56,-68,1.4,near_body,1
2026-04-07 21:00:06.510339,EEG Wearable,E1:1B:6D:10:62:56,-68,1.4,near_body,1
2026-04-07 21:00:07.466973,EEG Wearable,E1:1B:6D:10:62:56,-67,1.4,near_body,1
2026-04-07 21:00:07.470335,EEG Wearable,E1:1B:6D:10:62:56,-67,1.4,near_body,1
2026-04-07 21:00:08.378289,EEG Wearable,E1:1B:6D:10:62:56,-70,1.4,near_body,1
2026-04-07 21:00:08.413745,EEG Wearable,E1:1B:6D:10:62:56,-70,1.4,near_body,1
2026-04-07 21:00:10.413887,EEG Wearable,E1:1B:6D:10:62:56,-68,1.4,near_body,1
2026-04-07 21:00:10.427160,EEG Wearable,E1:1B:6D:10:62:56,-68,1.4,near_body,1
2026-04-07 21:00:10.500222,EEG Wearable,E1:1B:6D:10:62:56,-70,1.4,near_body,1
2026-04-07 21:00:10.517631,EEG Wearable,E1:1B:6D:10:62:56,-70,1.4,near_body,1
2026-04-07 21:00:11.355530,EEG Wearable,E1:1B:6D:10:62:56,-67,1.4,near_body,1
2026-04-07 21:00:11.366644,EEG Wearable,E1:1B:6D:10:62:56,-67,1.4,near_body,1
2026-04-07 21:00:11.443452,EEG Wearable,E1:1B:6D:10:62:56,-68,1.4,near_body,1
2026-04-07 21:00:11.463334,EEG Wearable,E1:1B:6D:10:62:56,-68,1.4,near_body,1
2026-04-07 21:00:12.385979,EEG Wearable,E1:1B:6D:10:62:56,-67,1.4,near_body,1
2026-04-07 21:00:12.404962,EEG Wearable,E1:1B:6D:10:62:56,-67,1.4,near_body,1
2026-04-07 21:00:13.238440,EEG Wearable,E1:1B:6D:10:62:56,-68,1.4,near_body,1
2026-04-07 21:00:13.256367,EEG Wearable,E1:1B:6D:10:62:56,-68,1.4,near_body,1
2026-04-07 21:00:13.340212,EEG Wearable,E1:1B:6D:10:62:56,-70,1.4,near_body,1
2026-04-07 21:00:13.340212,EEG Wearable,E1:1B:6D:10:62:56,-70,1.4,near_body,1
2026-04-07 21:00:14.289660,EEG Wearable,E1:1B:6D:10:62:56,-67,1.4,near_body,1
2026-04-07 21:00:14.304224,EEG Wearable,E1:1B:6D:10:62:56,-68,1.4,near_body,1
2026-04-07 21:00:14.399491,EEG Wearable,E1:1B:6D:10:62:56,-70,1.4,near_body,1
2026-04-07 21:00:15.479061,EEG Wearable,E1:1B:6D:10:62:56,-70,1.4,near_body,1
2026-04-07 21:00:15.483536,EEG Wearable,E1:1B:6D:10:62:56,-70,1.4,near_body,1
2026-04-07 21:00:15.584995,EEG Wearable,E1:1B:6D:10:62:56,-66,1.4,near_body,1
2026-04-07 21:00:15.602742,EEG Wearable,E1:1B:6D:10:62:56,-66,1.4,near_body,1
2026-04-07 21:00:16.422047,EEG Wearable,E1:1B:6D:10:62:56,-67,1.4,near_body,1
2026-04-07 21:00:16.436219,EEG Wearable,E1:1B:6D:10:62:56,-67,1.4,near_body,1
2026-04-07 21:00:16.518585,EEG Wearable,E1:1B:6D:10:62:56,-70,1.4,near_body,1
2026-04-07 21:00:16.540489,EEG Wearable,E1:1B:6D:10:62:56,-70,1.4,near_body,1
2026-04-07 21:00:17.166453,EEG Wearable,E1:1B:6D:10:62:56,-68,1.4,near_body,1
2026-04-07 21:00:17.185303,EEG Wearable,E1:1B:6D:10:62:56,-68,1.4,near_body,1
2026-04-07 21:00:18.249668,EEG Wearable,E1:1B:6D:10:62:56,-67,1.4,near_body,1
2026-04-07 21:00:18.253678,EEG Wearable,E1:1B:6D:10:62:56,-67,1.4,near_body,1
2026-04-07 21:00:18.323291,EEG Wearable,E1:1B:6D:10:62:56,-70,1.4,near_body,1
2026-04-07 21:00:18.328309,EEG Wearable,E1:1B:6D:10:62:56,-70,1.4,near_body,1
2026-04-07 21:00:19.362216,EEG Wearable,E1:1B:6D:10:62:56,-70,1.4,near_body,1
2026-04-07 21:00:19.372795,EEG Wearable,E1:1B:6D:10:62:56,-70,1.4,near_body,1
2026-04-07 21:00:20.333497,EEG Wearable,E1:1B:6D:10:62:56,-67,1.4,near_body,1
2026-04-07 21:00:20.338875,EEG Wearable,E1:1B:6D:10:62:56,-68,1.4,near_body,1
2026-04-07 21:00:50.799772,EEG Wearable,E1:1B:6D:10:62:56,-73,1.4,near_body,2
2026-04-07 21:00:50.817766,EEG Wearable,E1:1B:6D:10:62:56,-73,1.4,near_body,2
2026-04-07 21:00:50.897126,EEG Wearable,E1:1B:6D:10:62:56,-75,1.4,near_body,2
2026-04-07 21:00:52.447834,EEG Wearable,E1:1B:6D:10:62:56,-69,1.4,near_body,2
2026-04-07 21:00:52.459120,EEG Wearable,E1:1B:6D:10:62:56,-69,1.4,near_body,2
2026-04-07 21:00:53.396368,EEG Wearable,E1:1B:6D:10:62:56,-74,1.4,near_body,2
2026-04-07 21:00:53.412591,EEG Wearable,E1:1B:6D:10:62:56,-74,1.4,near_body,2
2026-04-07 21:00:53.512966,EEG Wearable,E1:1B:6D:10:62:56,-68,1.4,near_body,2
2026-04-07 21:00:53.518804,EEG Wearable,E1:1B:6D:10:62:56,-68,1.4,near_body,2
2026-04-07 21:00:54.115373,EEG Wearable,E1:1B:6D:10:62:56,-73,1.4,near_body,2
2026-04-07 21:00:54.135415,EEG Wearable,E1:1B:6D:10:62:56,-73,1.4,near_body,2
2026-04-07 21:00:54.219074,EEG Wearable,E1:1B:6D:10:62:56,-68,1.4,near_body,2
2026-04-07 21:00:54.240345,EEG Wearable,E1:1B:6D:10:62:56,-68,1.4,near_body,2
2026-04-07 21:00:55.048826,EEG Wearable,E1:1B:6D:10:62:56,-72,1.4,near_body,2
2026-04-07 21:00:55.073028,EEG Wearable,E1:1B:6D:10:62:56,-72,1.4,near_body,2
2026-04-07 21:00:55.157540,EEG Wearable,E1:1B:6D:10:62:56,-73,1.4,near_body,2
2026-04-07 21:00:55.177934,EEG Wearable,E1:1B:6D:10:62:56,-73,1.4,near_body,2
2026-04-07 21:00:55.992674,EEG Wearable,E1:1B:6D:10:62:56,-68,1.4,near_body,2
2026-04-07 21:00:56.010079,EEG Wearable,E1:1B:6D:10:62:56,-68,1.4,near_body,2
2026-04-07 21:00:56.110532,EEG Wearable,E1:1B:6D:10:62:56,-72,1.4,near_body,2
2026-04-07 21:00:56.112542,EEG Wearable,E1:1B:6D:10:62:56,-72,1.4,near_body,2
2026-04-07 21:00:56.714158,EEG Wearable,E1:1B:6D:10:62:56,-68,1.4,near_body,2
2026-04-07 21:00:56.727779,EEG Wearable,E1:1B:6D:10:62:56,-68,1.4,near_body,2
2026-04-07 21:00:56.929173,EEG Wearable,E1:1B:6D:10:62:56,-73,1.4,near_body,2
2026-04-07 21:00:56.945270,EEG Wearable,E1:1B:6D:10:62:56,-73,1.4,near_body,2
2026-04-07 21:00:57.779792,EEG Wearable,E1:1B:6D:10:62:56,-68,1.4,near_body,2
2026-04-07 21:00:57.783547,EEG Wearable,E1:1B:6D:10:62:56,-68,1.4,near_body,2
2026-04-07 21:00:57.872765,EEG Wearable,E1:1B:6D:10:62:56,-72,1.4,near_body,2
2026-04-07 21:00:57.890346,EEG Wearable,E1:1B:6D:10:62:56,-72,1.4,near_body,2
2026-04-07 21:00:58.603788,EEG Wearable,E1:1B:6D:10:62:56,-71,1.4,near_body,2
2026-04-07 21:00:58.622345,EEG Wearable,E1:1B:6D:10:62:56,-71,1.4,near_body,2
2026-04-07 21:00:58.706387,EEG Wearable,E1:1B:6D:10:62:56,-72,1.4,near_body,2
2026-04-07 21:00:58.716440,EEG Wearable,E1:1B:6D:10:62:56,-72,1.4,near_body,2
2026-04-07 21:00:59.693848,EEG Wearable,E1:1B:6D:10:62:56,-71,1.4,near_body,2
2026-04-07 21:00:59.704849,EEG Wearable,E1:1B:6D:10:62:56,-71,1.4,near_body,2
2026-04-07 21:00:59.762075,EEG Wearable,E1:1B:6D:10:62:56,-72,1.4,near_body,2
2026-04-07 21:01:00.713985,EEG Wearable,E1:1B:6D:10:62:56,-71,1.4,near_body,2
2026-04-07 21:01:00.733844,EEG Wearable,E1:1B:6D:10:62:56,-71,1.4,near_body,2
2026-04-07 21:01:01.644640,EEG Wearable,E1:1B:6D:10:62:56,-68,1.4,near_body,2
2026-04-07 21:01:01.676416,EEG Wearable,E1:1B:6D:10:62:56,-68,1.4,near_body,2
2026-04-07 21:01:02.612652,EEG Wearable,E1:1B:6D:10:62:56,-72,1.4,near_body,2
2026-04-07 21:01:02.617650,EEG Wearable,E1:1B:6D:10:62:56,-72,1.4,near_body,2
2026-04-07 21:01:02.696777,EEG Wearable,E1:1B:6D:10:62:56,-68,1.4,near_body,2
2026-04-07 21:01:02.722732,EEG Wearable,E1:1B:6D:10:62:56,-67,1.4,near_body,2
2026-04-07 21:01:03.658293,EEG Wearable,E1:1B:6D:10:62:56,-72,1.4,near_body,2
2026-04-07 21:01:03.673424,EEG Wearable,E1:1B:6D:10:62:56,-72,1.4,near_body,2
2026-04-07 21:01:04.509498,EEG Wearable,E1:1B:6D:10:62:56,-67,1.4,near_body,2
2026-04-07 21:01:04.514184,EEG Wearable,E1:1B:6D:10:62:56,-67,1.4,near_body,2
2026-04-07 21:01:04.603183,EEG Wearable,E1:1B:6D:10:62:56,-70,1.4,near_body,2
2026-04-07 21:01:05.449041,EEG Wearable,E1:1B:6D:10:62:56,-72,1.4,near_body,2
2026-04-07 21:01:05.464883,EEG Wearable,E1:1B:6D:10:62:56,-72,1.4,near_body,2
2026-04-07 21:01:06.375562,EEG Wearable,E1:1B:6D:10:62:56,-70,1.4,near_body,2
2026-04-07 21:01:06.391279,EEG Wearable,E1:1B:6D:10:62:56,-70,1.4,near_body,2
2026-04-07 21:01:06.487033,EEG Wearable,E1:1B:6D:10:62:56,-72,1.4,near_body,2
2026-04-07 21:01:07.224965,EEG Wearable,E1:1B:6D:10:62:56,-72,1.4,near_body,2
2026-04-07 21:01:07.227118,EEG Wearable,E1:1B:6D:10:62:56,-72,1.4,near_body,2
2026-04-07 21:01:07.344147,EEG Wearable,E1:1B:6D:10:62:56,-67,1.4,near_body,2
2026-04-07 21:01:07.360427,EEG Wearable,E1:1B:6D:10:62:56,-67,1.4,near_body,2
2026-04-07 21:01:08.383249,EEG Wearable,E1:1B:6D:10:62:56,-67,1.4,near_body,2
2026-04-07 21:01:08.399058,EEG Wearable,E1:1B:6D:10:62:56,-67,1.4,near_body,2
2026-04-07 21:01:08.495839,EEG Wearable,E1:1B:6D:10:62:56,-70,1.4,near_body,2
2026-04-07 21:01:08.511634,EEG Wearable,E1:1B:6D:10:62:56,-70,1.4,near_body,2
2026-04-07 21:01:10.394159,EEG Wearable,E1:1B:6D:10:62:56,-72,1.4,near_body,2
2026-04-07 21:01:10.420246,EEG Wearable,E1:1B:6D:10:62:56,-72,1.4,near_body,2
2026-04-07 21:01:10.506334,EEG Wearable,E1:1B:6D:10:62:56,-67,1.4,near_body,2
2026-04-07 21:01:10.522108,EEG Wearable,E1:1B:6D:10:62:56,-67,1.4,near_body,2
2026-04-07 21:01:12.182698,EEG Wearable,E1:1B:6D:10:62:56,-71,1.4,near_body,2
2026-04-07 21:01:12.198480,EEG Wearable,E1:1B:6D:10:62:56,-71,1.4,near_body,2
2026-04-07 21:01:12.278043,EEG Wearable,E1:1B:6D:10:62:56,-67,1.4,near_body,2
2026-04-07 21:01:12.293959,EEG Wearable,E1:1B:6D:10:62:56,-67,1.4,near_body,2
2026-04-07 21:01:12.408149,EEG Wearable,E1:1B:6D:10:62:56,-69,1.4,near_body,2
2026-04-07 21:01:12.408149,EEG Wearable,E1:1B:6D:10:62:56,-69,1.4,near_body,2
2026-04-07 21:01:13.220470,EEG Wearable,E1:1B:6D:10:62:56,-71,1.4,near_body,2
2026-04-07 21:01:13.243351,EEG Wearable,E1:1B:6D:10:62:56,-71,1.4,near_body,2
2026-04-07 21:01:14.193159,EEG Wearable,E1:1B:6D:10:62:56,-67,1.4,near_body,2
2026-04-07 21:01:14.219286,EEG Wearable,E1:1B:6D:10:62:56,-68,1.4,near_body,2
2026-04-07 21:01:15.122561,EEG Wearable,E1:1B:6D:10:62:56,-66,1.4,near_body,2
2026-04-07 21:01:15.122561,EEG Wearable,E1:1B:6D:10:62:56,-66,1.4,near_body,2
2026-04-07 21:01:15.218484,EEG Wearable,E1:1B:6D:10:62:56,-67,1.4,near_body,2
2026-04-07 21:01:15.234231,EEG Wearable,E1:1B:6D:10:62:56,-67,1.4,near_body,2
2026-04-07 21:01:16.075228,EEG Wearable,E1:1B:6D:10:62:56,-73,1.4,near_body,2
2026-04-07 21:01:17.019804,EEG Wearable,E1:1B:6D:10:62:56,-75,1.4,near_body,2
2026-04-07 21:01:17.025480,EEG Wearable,E1:1B:6D:10:62:56,-75,1.4,near_body,2
2026-04-07 21:01:17.867410,EEG Wearable,E1:1B:6D:10:62:56,-72,1.4,near_body,2
2026-04-07 21:01:17.873051,EEG Wearable,E1:1B:6D:10:62:56,-72,1.4,near_body,2
2026-04-07 21:01:17.969196,EEG Wearable,E1:1B:6D:10:62:56,-80,1.4,near_body,2
2026-04-07 21:01:17.969196,EEG Wearable,E1:1B:6D:10:62:56,-80,1.4,near_body,2
2026-04-07 21:01:18.064122,EEG Wearable,E1:1B:6D:10:62:56,-74,1.4,near_body,2
2026-04-07 21:01:18.080921,EEG Wearable,E1:1B:6D:10:62:56,-74,1.4,near_body,2
2026-04-07 21:01:19.024616,EEG Wearable,E1:1B:6D:10:62:56,-76,1.4,near_body,2
2026-04-07 21:01:19.024616,EEG Wearable,E1:1B:6D:10:62:56,-76,1.4,near_body,2
2026-04-07 21:01:19.895866,EEG Wearable,E1:1B:6D:10:62:56,-71,1.4,near_body,2
2026-04-07 21:01:19.968415,EEG Wearable,E1:1B:6D:10:62:56,-74,1.4,near_body,2
2026-04-07 21:01:19.968415,EEG Wearable,E1:1B:6D:10:62:56,-74,1.4,near_body,2
2026-04-07 21:01:33.550393,EEG Wearable,E1:1B:6D:10:62:56,-83,1.4,near_body,3
2026-04-07 21:01:34.620911,EEG Wearable,E1:1B:6D:10:62:56,-68,1.4,near_body,3
2026-04-07 21:01:34.633247,EEG Wearable,E1:1B:6D:10:62:56,-68,1.4,near_body,3
2026-04-07 21:01:34.726125,EEG Wearable,E1:1B:6D:10:62:56,-70,1.4,near_body,3
2026-04-07 21:01:34.745287,EEG Wearable,E1:1B:6D:10:62:56,-70,1.4,near_body,3
2026-04-07 21:01:35.685287,EEG Wearable,E1:1B:6D:10:62:56,-68,1.4,near_body,3
2026-04-07 21:01:35.706283,EEG Wearable,E1:1B:6D:10:62:56,-68,1.4,near_body,3
2026-04-07 21:01:35.794457,EEG Wearable,E1:1B:6D:10:62:56,-70,1.4,near_body,3
2026-04-07 21:01:35.808278,EEG Wearable,E1:1B:6D:10:62:56,-70,1.4,near_body,3
2026-04-07 21:01:36.652878,EEG Wearable,E1:1B:6D:10:62:56,-71,1.4,near_body,3
2026-04-07 21:01:36.663543,EEG Wearable,E1:1B:6D:10:62:56,-71,1.4,near_body,3
2026-04-07 21:01:36.755726,EEG Wearable,E1:1B:6D:10:62:56,-68,1.4,near_body,3
2026-04-07 21:01:36.760679,EEG Wearable,E1:1B:6D:10:62:56,-68,1.4,near_body,3
2026-04-07 21:01:38.520441,EEG Wearable,E1:1B:6D:10:62:56,-66,1.4,near_body,3
2026-04-07 21:01:38.520441,EEG Wearable,E1:1B:6D:10:62:56,-66,1.4,near_body,3
2026-04-07 21:01:38.622441,EEG Wearable,E1:1B:6D:10:62:56,-67,1.4,near_body,3
2026-04-07 21:01:38.631192,EEG Wearable,E1:1B:6D:10:62:56,-67,1.4,near_body,3
2026-04-07 21:01:39.477916,EEG Wearable,E1:1B:6D:10:62:56,-72,1.4,near_body,3
2026-04-07 21:01:39.483931,EEG Wearable,E1:1B:6D:10:62:56,-72,1.4,near_body,3
2026-04-07 21:01:39.574107,EEG Wearable,E1:1B:6D:10:62:56,-67,1.4,near_body,3
2026-04-07 21:01:39.587311,EEG Wearable,E1:1B:6D:10:62:56,-67,1.4,near_body,3
2026-04-07 21:01:40.528153,EEG Wearable,E1:1B:6D:10:62:56,-72,1.4,near_body,3
2026-04-07 21:01:41.464703,EEG Wearable,E1:1B:6D:10:62:56,-70,1.4,near_body,3
2026-04-07 21:01:41.481635,EEG Wearable,E1:1B:6D:10:62:56,-70,1.4,near_body,3
2026-04-07 21:01:42.904282,EEG Wearable,E1:1B:6D:10:62:56,-70,1.4,near_body,3
2026-04-07 21:01:42.920882,EEG Wearable,E1:1B:6D:10:62:56,-70,1.4,near_body,3
2026-04-07 21:01:43.117251,EEG Wearable,E1:1B:6D:10:62:56,-67,1.4,near_body,3
2026-04-07 21:01:43.136436,EEG Wearable,E1:1B:6D:10:62:56,-67,1.4,near_body,3
2026-04-07 21:01:43.246500,EEG Wearable,E1:1B:6D:10:62:56,-70,1.4,near_body,3
2026-04-07 21:01:43.259581,EEG Wearable,E1:1B:6D:10:62:56,-70,1.4,near_body,3
2026-04-07 21:01:45.018923,EEG Wearable,E1:1B:6D:10:62:56,-69,1.4,near_body,3
2026-04-07 21:01:45.033246,EEG Wearable,E1:1B:6D:10:62:56,-69,1.4,near_body,3
2026-04-07 21:01:45.129946,EEG Wearable,E1:1B:6D:10:62:56,-71,1.4,near_body,3
2026-04-07 21:01:47.150730,EEG Wearable,E1:1B:6D:10:62:56,-69,1.4,near_body,3
2026-04-07 21:01:47.154744,EEG Wearable,E1:1B:6D:10:62:56,-69,1.4,near_body,3
2026-04-07 21:01:47.982156,EEG Wearable,E1:1B:6D:10:62:56,-71,1.4,near_body,3
2026-04-07 21:01:47.985001,EEG Wearable,E1:1B:6D:10:62:56,-71,1.4,near_body,3
2026-04-07 21:01:48.080265,EEG Wearable,E1:1B:6D:10:62:56,-66,1.4,near_body,3
2026-04-07 21:01:48.086053,EEG Wearable,E1:1B:6D:10:62:56,-66,1.4,near_body,3
2026-04-07 21:01:48.921856,EEG Wearable,E1:1B:6D:10:62:56,-68,1.4,near_body,3
2026-04-07 21:01:48.937926,EEG Wearable,E1:1B:6D:10:62:56,-68,1.4,near_body,3
2026-04-07 21:01:49.025543,EEG Wearable,E1:1B:6D:10:62:56,-71,1.4,near_body,3
2026-04-07 21:01:49.044525,EEG Wearable,E1:1B:6D:10:62:56,-71,1.4,near_body,3
2026-04-07 21:01:49.859318,EEG Wearable,E1:1B:6D:10:62:56,-67,1.4,near_body,3
2026-04-07 21:01:49.871719,EEG Wearable,E1:1B:6D:10:62:56,-67,1.4,near_body,3
2026-04-07 21:01:50.588002,EEG Wearable,E1:1B:6D:10:62:56,-67,1.4,near_body,3
2026-04-07 21:01:50.801411,EEG Wearable,E1:1B:6D:10:62:56,-71,1.4,near_body,3
2026-04-07 21:01:50.810660,EEG Wearable,E1:1B:6D:10:62:56,-71,1.4,near_body,3
2026-04-07 21:01:51.777081,EEG Wearable,E1:1B:6D:10:62:56,-68,1.4,near_body,3
2026-04-07 21:01:51.777081,EEG Wearable,E1:1B:6D:10:62:56,-68,1.4,near_body,3
2026-04-07 21:01:52.689197,EEG Wearable,E1:1B:6D:10:62:56,-67,1.4,near_body,3
2026-04-07 21:01:52.705206,EEG Wearable,E1:1B:6D:10:62:56,-67,1.4,near_body,3
2026-04-07 21:01:52.821253,EEG Wearable,E1:1B:6D:10:62:56,-68,1.4,near_body,3
2026-04-07 21:01:52.826333,EEG Wearable,E1:1B:6D:10:62:56,-68,1.4,near_body,3
2026-04-07 21:01:54.594351,EEG Wearable,E1:1B:6D:10:62:56,-68,1.4,near_body,3
2026-04-07 21:01:54.600373,EEG Wearable,E1:1B:6D:10:62:56,-68,1.4,near_body,3
2026-04-07 21:01:56.499787,EEG Wearable,E1:1B:6D:10:62:56,-71,1.4,near_body,3
2026-04-07 21:01:56.507833,EEG Wearable,E1:1B:6D:10:62:56,-71,1.4,near_body,3
2026-04-07 21:01:56.586489,EEG Wearable,E1:1B:6D:10:62:56,-66,1.4,near_body,3
2026-04-07 21:01:56.587767,EEG Wearable,E1:1B:6D:10:62:56,-66,1.4,near_body,3
2026-04-07 21:01:58.354535,EEG Wearable,E1:1B:6D:10:62:56,-67,1.4,near_body,3
2026-04-07 21:01:58.362830,EEG Wearable,E1:1B:6D:10:62:56,-67,1.4,near_body,3
2026-04-07 21:01:59.210910,EEG Wearable,E1:1B:6D:10:62:56,-68,1.4,near_body,3
2026-04-07 21:01:59.210910,EEG Wearable,E1:1B:6D:10:62:56,-68,1.4,near_body,3
2026-04-07 21:01:59.290764,EEG Wearable,E1:1B:6D:10:62:56,-71,1.4,near_body,3
2026-04-07 21:01:59.316771,EEG Wearable,E1:1B:6D:10:62:56,-71,1.4,near_body,3
2026-04-07 21:02:00.138271,EEG Wearable,E1:1B:6D:10:62:56,-66,1.4,near_body,3
2026-04-07 21:02:00.164580,EEG Wearable,E1:1B:6D:10:62:56,-66,1.4,near_body,3
2026-04-07 21:02:00.265693,EEG Wearable,E1:1B:6D:10:62:56,-68,1.4,near_body,3
2026-04-07 21:02:00.272378,EEG Wearable,E1:1B:6D:10:62:56,-68,1.4,near_body,3
2026-04-07 21:02:00.345527,EEG Wearable,E1:1B:6D:10:62:56,-71,1.4,near_body,3
2026-04-07 21:02:00.377573,EEG Wearable,E1:1B:6D:10:62:56,-71,1.4,near_body,3
2026-04-07 21:02:01.315194,EEG Wearable,E1:1B:6D:10:62:56,-68,1.4,near_body,3
2026-04-07 21:02:01.325365,EEG Wearable,E1:1B:6D:10:62:56,-68,1.4,near_body,3
2026-04-07 21:02:02.247231,EEG Wearable,E1:1B:6D:10:62:56,-67,1.4,near_body,3
2026-04-07 21:02:02.263316,EEG Wearable,E1:1B:6D:10:62:56,-67,1.4,near_body,3
2026-04-07 21:02:03.254685,EEG Wearable,E1:1B:6D:10:62:56,-71,1.4,near_body,3
2026-04-07 21:02:03.264806,EEG Wearable,E1:1B:6D:10:62:56,-71,1.4,near_body,3
2026-04-07 21:02:03.303514,EEG Wearable,E1:1B:6D:10:62:56,-66,1.4,near_body,3
2026-04-07 21:02:03.318324,EEG Wearable,E1:1B:6D:10:62:56,-66,1.4,near_body,3
2026-04-07 21:03:37.356308,EEG Wearable,E1:1B:6D:10:62:56,-82,1.6,near_body,1
2026-04-07 21:03:37.374237,EEG Wearable,E1:1B:6D:10:62:56,-82,1.6,near_body,1
2026-04-07 21:03:38.175493,EEG Wearable,E1:1B:6D:10:62:56,-93,1.6,near_body,1
2026-04-07 21:03:38.201306,EEG Wearable,E1:1B:6D:10:62:56,-93,1.6,near_body,1
2026-04-07 21:03:38.283315,EEG Wearable,E1:1B:6D:10:62:56,-79,1.6,near_body,1
2026-04-07 21:03:38.299446,EEG Wearable,E1:1B:6D:10:62:56,-79,1.6,near_body,1
2026-04-07 21:03:39.252203,EEG Wearable,E1:1B:6D:10:62:56,-82,1.6,near_body,1
2026-04-07 21:03:39.252203,EEG Wearable,E1:1B:6D:10:62:56,-82,1.6,near_body,1
2026-04-07 21:03:39.344654,EEG Wearable,E1:1B:6D:10:62:56,-79,1.6,near_body,1
2026-04-07 21:03:40.069974,EEG Wearable,E1:1B:6D:10:62:56,-78,1.6,near_body,1
2026-04-07 21:03:40.188046,EEG Wearable,E1:1B:6D:10:62:56,-85,1.6,near_body,1
2026-04-07 21:03:40.194062,EEG Wearable,E1:1B:6D:10:62:56,-86,1.6,near_body,1
2026-04-07 21:03:41.123706,EEG Wearable,E1:1B:6D:10:62:56,-77,1.6,near_body,1
2026-04-07 21:03:41.143508,EEG Wearable,E1:1B:6D:10:62:56,-77,1.6,near_body,1
2026-04-07 21:03:41.980417,EEG Wearable,E1:1B:6D:10:62:56,-84,1.6,near_body,1
2026-04-07 21:03:41.980417,EEG Wearable,E1:1B:6D:10:62:56,-84,1.6,near_body,1
2026-04-07 21:03:42.070037,EEG Wearable,E1:1B:6D:10:62:56,-77,1.6,near_body,1
2026-04-07 21:03:42.075484,EEG Wearable,E1:1B:6D:10:62:56,-77,1.6,near_body,1
2026-04-07 21:03:43.010141,EEG Wearable,E1:1B:6D:10:62:56,-84,1.6,near_body,1
2026-04-07 21:03:43.025858,EEG Wearable,E1:1B:6D:10:62:56,-84,1.6,near_body,1
2026-04-07 21:03:43.734039,EEG Wearable,E1:1B:6D:10:62:56,-86,1.6,near_body,1
2026-04-07 21:03:43.734039,EEG Wearable,E1:1B:6D:10:62:56,-86,1.6,near_body,1
2026-04-07 21:03:44.480298,EEG Wearable,E1:1B:6D:10:62:56,-87,1.6,near_body,1
2026-04-07 21:03:44.486472,EEG Wearable,E1:1B:6D:10:62:56,-87,1.6,near_body,1
2026-04-07 21:03:44.659238,EEG Wearable,E1:1B:6D:10:62:56,-77,1.6,near_body,1
2026-04-07 21:03:44.680443,EEG Wearable,E1:1B:6D:10:62:56,-77,1.6,near_body,1
2026-04-07 21:03:45.609295,EEG Wearable,E1:1B:6D:10:62:56,-77,1.6,near_body,1
2026-04-07 21:03:45.633774,EEG Wearable,E1:1B:6D:10:62:56,-78,1.6,near_body,1
2026-04-07 21:03:47.307199,EEG Wearable,E1:1B:6D:10:62:56,-86,1.6,near_body,1
2026-04-07 21:03:47.311206,EEG Wearable,E1:1B:6D:10:62:56,-86,1.6,near_body,1
2026-04-07 21:03:47.413738,EEG Wearable,E1:1B:6D:10:62:56,-77,1.6,near_body,1
2026-04-07 21:03:47.413738,EEG Wearable,E1:1B:6D:10:62:56,-76,1.6,near_body,1
2026-04-07 21:03:47.509649,EEG Wearable,E1:1B:6D:10:62:56,-75,1.6,near_body,1
2026-04-07 21:03:47.513449,EEG Wearable,E1:1B:6D:10:62:56,-76,1.6,near_body,1
2026-04-07 21:03:48.244866,EEG Wearable,E1:1B:6D:10:62:56,-75,1.6,near_body,1
2026-04-07 21:03:48.244866,EEG Wearable,E1:1B:6D:10:62:56,-75,1.6,near_body,1
2026-04-07 21:03:48.448118,EEG Wearable,E1:1B:6D:10:62:56,-76,1.6,near_body,1
2026-04-07 21:03:48.464194,EEG Wearable,E1:1B:6D:10:62:56,-76,1.6,near_body,1
2026-04-07 21:03:49.294960,EEG Wearable,E1:1B:6D:10:62:56,-75,1.6,near_body,1
2026-04-07 21:03:49.308828,EEG Wearable,E1:1B:6D:10:62:56,-75,1.6,near_body,1
2026-04-07 21:03:49.404240,EEG Wearable,E1:1B:6D:10:62:56,-86,1.6,near_body,1
2026-04-07 21:03:49.404240,EEG Wearable,E1:1B:6D:10:62:56,-86,1.6,near_body,1
2026-04-07 21:03:50.345998,EEG Wearable,E1:1B:6D:10:62:56,-75,1.6,near_body,1
2026-04-07 21:03:50.440082,EEG Wearable,E1:1B:6D:10:62:56,-85,1.6,near_body,1
2026-04-07 21:03:51.431961,EEG Wearable,E1:1B:6D:10:62:56,-75,1.6,near_body,1
2026-04-07 21:03:51.431961,EEG Wearable,E1:1B:6D:10:62:56,-75,1.6,near_body,1
2026-04-07 21:03:52.128003,EEG Wearable,E1:1B:6D:10:62:56,-75,1.6,near_body,1
2026-04-07 21:03:52.141592,EEG Wearable,E1:1B:6D:10:62:56,-75,1.6,near_body,1
2026-04-07 21:03:52.251123,EEG Wearable,E1:1B:6D:10:62:56,-85,1.6,near_body,1
2026-04-07 21:03:52.256138,EEG Wearable,E1:1B:6D:10:62:56,-85,1.6,near_body,1
2026-04-07 21:03:52.352769,EEG Wearable,E1:1B:6D:10:62:56,-76,1.6,near_body,1
2026-04-07 21:03:53.072917,EEG Wearable,E1:1B:6D:10:62:56,-76,1.6,near_body,1
2026-04-07 21:03:53.092779,EEG Wearable,E1:1B:6D:10:62:56,-76,1.6,near_body,1
2026-04-07 21:03:53.297839,EEG Wearable,E1:1B:6D:10:62:56,-84,1.6,near_body,1
2026-04-07 21:03:54.029755,EEG Wearable,E1:1B:6D:10:62:56,-84,1.6,near_body,1
2026-04-07 21:03:54.037468,EEG Wearable,E1:1B:6D:10:62:56,-84,1.6,near_body,1
2026-04-07 21:03:54.241650,EEG Wearable,E1:1B:6D:10:62:56,-75,1.6,near_body,1
2026-04-07 21:03:54.245665,EEG Wearable,E1:1B:6D:10:62:56,-75,1.6,near_body,1
2026-04-07 21:03:55.105406,EEG Wearable,E1:1B:6D:10:62:56,-85,1.6,near_body,1
2026-04-07 21:03:55.107416,EEG Wearable,E1:1B:6D:10:62:56,-85,1.6,near_body,1
2026-04-07 21:03:56.025069,EEG Wearable,E1:1B:6D:10:62:56,-76,1.6,near_body,1
2026-04-07 21:03:56.230438,EEG Wearable,E1:1B:6D:10:62:56,-76,1.6,near_body,1
2026-04-07 21:03:57.078328,EEG Wearable,E1:1B:6D:10:62:56,-77,1.6,near_body,1
2026-04-07 21:03:57.187535,EEG Wearable,E1:1B:6D:10:62:56,-91,1.6,near_body,1
2026-04-07 21:03:57.201322,EEG Wearable,E1:1B:6D:10:62:56,-91,1.6,near_body,1
2026-04-07 21:03:59.083972,EEG Wearable,E1:1B:6D:10:62:56,-84,1.6,near_body,1
2026-04-07 21:03:59.099799,EEG Wearable,E1:1B:6D:10:62:56,-84,1.6,near_body,1
2026-04-07 21:04:00.733221,EEG Wearable,E1:1B:6D:10:62:56,-89,1.6,near_body,1
2026-04-07 21:04:00.765122,EEG Wearable,E1:1B:6D:10:62:56,-89,1.6,near_body,1
2026-04-07 21:04:00.843709,EEG Wearable,E1:1B:6D:10:62:56,-86,1.6,near_body,1
2026-04-07 21:04:00.859530,EEG Wearable,E1:1B:6D:10:62:56,-86,1.6,near_body,1
2026-04-07 21:04:01.672012,EEG Wearable,E1:1B:6D:10:62:56,-77,1.6,near_body,1
2026-04-07 21:04:01.704044,EEG Wearable,E1:1B:6D:10:62:56,-77,1.6,near_body,1
2026-04-07 21:04:01.784606,EEG Wearable,E1:1B:6D:10:62:56,-90,1.6,near_body,1
2026-04-07 21:04:01.800406,EEG Wearable,E1:1B:6D:10:62:56,-89,1.6,near_body,1
2026-04-07 21:04:02.420442,EEG Wearable,E1:1B:6D:10:62:56,-77,1.6,near_body,1
2026-04-07 21:04:02.433853,EEG Wearable,E1:1B:6D:10:62:56,-77,1.6,near_body,1
2026-04-07 21:04:02.639827,EEG Wearable,E1:1B:6D:10:62:56,-85,1.6,near_body,1
2026-04-07 21:04:03.567483,EEG Wearable,E1:1B:6D:10:62:56,-93,1.6,near_body,1
2026-04-07 21:04:03.572754,EEG Wearable,E1:1B:6D:10:62:56,-94,1.6,near_body,1
2026-04-07 21:04:05.484951,EEG Wearable,E1:1B:6D:10:62:56,-80,1.6,near_body,1
2026-04-07 21:04:05.501128,EEG Wearable,E1:1B:6D:10:62:56,-80,1.6,near_body,1
2026-04-07 21:04:09.588876,EEG Wearable,E1:1B:6D:10:62:56,-72,1.6,near_body,2
2026-04-07 21:04:09.610885,EEG Wearable,E1:1B:6D:10:62:56,-72,1.6,near_body,2
2026-04-07 21:04:10.430967,EEG Wearable,E1:1B:6D:10:62:56,-80,1.6,near_body,2
2026-04-07 21:04:10.445063,EEG Wearable,E1:1B:6D:10:62:56,-80,1.6,near_body,2
2026-04-07 21:04:10.532895,EEG Wearable,E1:1B:6D:10:62:56,-73,1.6,near_body,2
2026-04-07 21:04:10.549379,EEG Wearable,E1:1B:6D:10:62:56,-73,1.6,near_body,2
2026-04-07 21:04:11.479153,EEG Wearable,E1:1B:6D:10:62:56,-85,1.6,near_body,2
2026-04-07 21:04:11.498640,EEG Wearable,E1:1B:6D:10:62:56,-85,1.6,near_body,2
2026-04-07 21:04:12.202934,EEG Wearable,E1:1B:6D:10:62:56,-90,1.6,near_body,2
2026-04-07 21:04:12.212592,EEG Wearable,E1:1B:6D:10:62:56,-91,1.6,near_body,2
2026-04-07 21:04:12.309892,EEG Wearable,E1:1B:6D:10:62:56,-74,1.6,near_body,2
2026-04-07 21:04:12.330523,EEG Wearable,E1:1B:6D:10:62:56,-74,1.6,near_body,2
2026-04-07 21:04:13.276369,EEG Wearable,E1:1B:6D:10:62:56,-95,1.6,near_body,2
2026-04-07 21:04:13.297060,EEG Wearable,E1:1B:6D:10:62:56,-95,1.6,near_body,2
2026-04-07 21:04:13.367917,EEG Wearable,E1:1B:6D:10:62:56,-74,1.6,near_body,2
2026-04-07 21:04:14.095307,EEG Wearable,E1:1B:6D:10:62:56,-75,1.6,near_body,2
2026-04-07 21:04:14.185422,EEG Wearable,E1:1B:6D:10:62:56,-80,1.6,near_body,2
2026-04-07 21:04:14.211032,EEG Wearable,E1:1B:6D:10:62:56,-81,1.6,near_body,2
2026-04-07 21:04:14.925988,EEG Wearable,E1:1B:6D:10:62:56,-81,1.6,near_body,2
2026-04-07 21:04:14.925988,EEG Wearable,E1:1B:6D:10:62:56,-81,1.6,near_body,2
2026-04-07 21:04:15.858934,EEG Wearable,E1:1B:6D:10:62:56,-75,1.6,near_body,2
2026-04-07 21:04:15.877479,EEG Wearable,E1:1B:6D:10:62:56,-75,1.6,near_body,2
2026-04-07 21:04:15.973751,EEG Wearable,E1:1B:6D:10:62:56,-81,1.6,near_body,2
2026-04-07 21:04:15.994611,EEG Wearable,E1:1B:6D:10:62:56,-81,1.6,near_body,2
2026-04-07 21:04:16.939816,EEG Wearable,E1:1B:6D:10:62:56,-75,1.6,near_body,2
2026-04-07 21:04:16.945831,EEG Wearable,E1:1B:6D:10:62:56,-75,1.6,near_body,2
2026-04-07 21:04:17.023631,EEG Wearable,E1:1B:6D:10:62:56,-81,1.6,near_body,2
2026-04-07 21:04:17.036712,EEG Wearable,E1:1B:6D:10:62:56,-81,1.6,near_body,2
2026-04-07 21:04:17.859117,EEG Wearable,E1:1B:6D:10:62:56,-96,1.6,near_body,2
2026-04-07 21:04:17.878542,EEG Wearable,E1:1B:6D:10:62:56,-97,1.6,near_body,2
2026-04-07 21:04:18.713127,EEG Wearable,E1:1B:6D:10:62:56,-74,1.6,near_body,2
2026-04-07 21:04:18.718648,EEG Wearable,E1:1B:6D:10:62:56,-74,1.6,near_body,2
2026-04-07 21:04:18.805856,EEG Wearable,E1:1B:6D:10:62:56,-81,1.6,near_body,2
2026-04-07 21:04:18.820330,EEG Wearable,E1:1B:6D:10:62:56,-81,1.6,near_body,2
2026-04-07 21:04:19.650871,EEG Wearable,E1:1B:6D:10:62:56,-89,1.6,near_body,2
2026-04-07 21:04:19.672928,EEG Wearable,E1:1B:6D:10:62:56,-89,1.6,near_body,2
2026-04-07 21:04:19.744318,EEG Wearable,E1:1B:6D:10:62:56,-74,1.6,near_body,2
2026-04-07 21:04:19.766537,EEG Wearable,E1:1B:6D:10:62:56,-74,1.6,near_body,2
2026-04-07 21:04:20.591577,EEG Wearable,E1:1B:6D:10:62:56,-81,1.6,near_body,2
2026-04-07 21:04:20.611983,EEG Wearable,E1:1B:6D:10:62:56,-81,1.6,near_body,2
2026-04-07 21:04:20.697499,EEG Wearable,E1:1B:6D:10:62:56,-88,1.6,near_body,2
2026-04-07 21:04:21.646532,EEG Wearable,E1:1B:6D:10:62:56,-81,1.6,near_body,2
2026-04-07 21:04:21.661198,EEG Wearable,E1:1B:6D:10:62:56,-81,1.6,near_body,2
2026-04-07 21:04:21.754967,EEG Wearable,E1:1B:6D:10:62:56,-84,1.6,near_body,2
2026-04-07 21:04:22.695515,EEG Wearable,E1:1B:6D:10:62:56,-81,1.6,near_body,2
2026-04-07 21:04:24.603515,EEG Wearable,E1:1B:6D:10:62:56,-84,1.6,near_body,2
2026-04-07 21:04:25.472599,EEG Wearable,E1:1B:6D:10:62:56,-74,1.6,near_body,2
2026-04-07 21:04:25.472599,EEG Wearable,E1:1B:6D:10:62:56,-74,1.6,near_body,2
2026-04-07 21:04:25.530449,EEG Wearable,E1:1B:6D:10:62:56,-82,1.6,near_body,2
2026-04-07 21:04:26.400367,EEG Wearable,E1:1B:6D:10:62:56,-83,1.6,near_body,2
2026-04-07 21:04:26.404377,EEG Wearable,E1:1B:6D:10:62:56,-83,1.6,near_body,2
2026-04-07 21:04:26.478907,EEG Wearable,E1:1B:6D:10:62:56,-74,1.6,near_body,2
2026-04-07 21:04:26.500312,EEG Wearable,E1:1B:6D:10:62:56,-74,1.6,near_body,2
2026-04-07 21:04:27.198080,EEG Wearable,E1:1B:6D:10:62:56,-73,1.6,near_body,2
2026-04-07 21:04:27.303003,EEG Wearable,E1:1B:6D:10:62:56,-81,1.6,near_body,2
2026-04-07 21:04:27.325175,EEG Wearable,E1:1B:6D:10:62:56,-82,1.6,near_body,2
2026-04-07 21:04:28.034427,EEG Wearable,E1:1B:6D:10:62:56,-81,1.6,near_body,2
2026-04-07 21:04:28.046420,EEG Wearable,E1:1B:6D:10:62:56,-81,1.6,near_body,2
2026-04-07 21:04:28.157164,EEG Wearable,E1:1B:6D:10:62:56,-83,1.6,near_body,2
2026-04-07 21:04:29.095581,EEG Wearable,E1:1B:6D:10:62:56,-82,1.6,near_body,2
2026-04-07 21:04:29.102851,EEG Wearable,E1:1B:6D:10:62:56,-81,1.6,near_body,2
2026-04-07 21:04:31.074433,EEG Wearable,E1:1B:6D:10:62:56,-73,1.6,near_body,2
2026-04-07 21:04:31.106128,EEG Wearable,E1:1B:6D:10:62:56,-73,1.6,near_body,2
2026-04-07 21:04:31.799807,EEG Wearable,E1:1B:6D:10:62:56,-73,1.6,near_body,2
2026-04-07 21:04:31.810029,EEG Wearable,E1:1B:6D:10:62:56,-73,1.6,near_body,2
2026-04-07 21:04:33.464603,EEG Wearable,E1:1B:6D:10:62:56,-81,1.6,near_body,2
2026-04-07 21:04:34.528278,EEG Wearable,E1:1B:6D:10:62:56,-81,1.6,near_body,2
2026-04-07 21:04:34.534296,EEG Wearable,E1:1B:6D:10:62:56,-81,1.6,near_body,2
2026-04-07 21:04:35.348761,EEG Wearable,E1:1B:6D:10:62:56,-73,1.6,near_body,2
2026-04-07 21:04:35.475372,EEG Wearable,E1:1B:6D:10:62:56,-81,1.6,near_body,2
2026-04-07 21:04:35.481211,EEG Wearable,E1:1B:6D:10:62:56,-81,1.6,near_body,2
2026-04-07 21:04:37.358050,EEG Wearable,E1:1B:6D:10:62:56,-80,1.6,near_body,2
2026-04-07 21:04:37.375918,EEG Wearable,E1:1B:6D:10:62:56,-80,1.6,near_body,2
2026-04-07 21:04:38.188867,EEG Wearable,E1:1B:6D:10:62:56,-73,1.6,near_body,2
2026-04-07 21:04:38.300106,EEG Wearable,E1:1B:6D:10:62:56,-81,1.6,near_body,2
2026-04-07 21:04:38.318109,EEG Wearable,E1:1B:6D:10:62:56,-81,1.6,near_body,2
2026-04-07 21:04:39.125545,EEG Wearable,E1:1B:6D:10:62:56,-80,1.6,near_body,2
2026-04-07 21:05:10.444582,EEG Wearable,E1:1B:6D:10:62:56,-68,1.6,near_body,3
2026-04-07 21:05:10.467590,EEG Wearable,E1:1B:6D:10:62:56,-68,1.6,near_body,3
2026-04-07 21:05:11.412863,EEG Wearable,E1:1B:6D:10:62:56,-75,1.6,near_body,3
2026-04-07 21:05:11.415522,EEG Wearable,E1:1B:6D:10:62:56,-74,1.6,near_body,3
2026-04-07 21:05:11.484973,EEG Wearable,E1:1B:6D:10:62:56,-69,1.6,near_body,3
2026-04-07 21:05:11.500335,EEG Wearable,E1:1B:6D:10:62:56,-69,1.6,near_body,3
2026-04-07 21:05:12.310709,EEG Wearable,E1:1B:6D:10:62:56,-74,1.6,near_body,3
2026-04-07 21:05:12.325759,EEG Wearable,E1:1B:6D:10:62:56,-74,1.6,near_body,3
2026-04-07 21:05:13.149803,EEG Wearable,E1:1B:6D:10:62:56,-79,1.6,near_body,3
2026-04-07 21:05:13.176584,EEG Wearable,E1:1B:6D:10:62:56,-79,1.6,near_body,3
2026-04-07 21:05:13.253497,EEG Wearable,E1:1B:6D:10:62:56,-73,1.6,near_body,3
2026-04-07 21:05:13.273410,EEG Wearable,E1:1B:6D:10:62:56,-73,1.6,near_body,3
2026-04-07 21:05:14.207187,EEG Wearable,E1:1B:6D:10:62:56,-93,1.6,near_body,3
2026-04-07 21:05:15.179405,EEG Wearable,E1:1B:6D:10:62:56,-79,1.6,near_body,3
2026-04-07 21:05:15.179405,EEG Wearable,E1:1B:6D:10:62:56,-80,1.6,near_body,3
2026-04-07 21:05:16.206312,EEG Wearable,E1:1B:6D:10:62:56,-81,1.6,near_body,3
2026-04-07 21:05:17.202753,EEG Wearable,E1:1B:6D:10:62:56,-74,1.6,near_body,3
2026-04-07 21:05:17.209051,EEG Wearable,E1:1B:6D:10:62:56,-74,1.6,near_body,3
2026-04-07 21:05:17.265590,EEG Wearable,E1:1B:6D:10:62:56,-80,1.6,near_body,3
2026-04-07 21:05:17.279441,EEG Wearable,E1:1B:6D:10:62:56,-80,1.6,near_body,3
2026-04-07 21:05:18.116862,EEG Wearable,E1:1B:6D:10:62:56,-90,1.6,near_body,3
2026-04-07 21:05:19.190913,EEG Wearable,E1:1B:6D:10:62:56,-87,1.6,near_body,3
2026-04-07 21:05:19.194499,EEG Wearable,E1:1B:6D:10:62:56,-87,1.6,near_body,3
2026-04-07 21:05:19.305901,EEG Wearable,E1:1B:6D:10:62:56,-73,1.6,near_body,3
2026-04-07 21:05:19.305901,EEG Wearable,E1:1B:6D:10:62:56,-73,1.6,near_body,3
2026-04-07 21:05:20.134964,EEG Wearable,E1:1B:6D:10:62:56,-79,1.6,near_body,3
2026-04-07 21:05:20.242873,EEG Wearable,E1:1B:6D:10:62:56,-83,1.6,near_body,3
2026-04-07 21:05:21.293416,EEG Wearable,E1:1B:6D:10:62:56,-86,1.6,near_body,3
2026-04-07 21:05:21.311202,EEG Wearable,E1:1B:6D:10:62:56,-86,1.6,near_body,3
2026-04-07 21:05:23.092794,EEG Wearable,E1:1B:6D:10:62:56,-83,1.6,near_body,3
2026-04-07 21:05:23.096802,EEG Wearable,E1:1B:6D:10:62:56,-83,1.6,near_body,3
2026-04-07 21:05:23.199548,EEG Wearable,E1:1B:6D:10:62:56,-72,1.6,near_body,3
2026-04-07 21:05:23.205565,EEG Wearable,E1:1B:6D:10:62:56,-72,1.6,near_body,3
2026-04-07 21:05:23.300456,EEG Wearable,E1:1B:6D:10:62:56,-79,1.6,near_body,3
2026-04-07 21:05:23.320350,EEG Wearable,E1:1B:6D:10:62:56,-79,1.6,near_body,3
2026-04-07 21:05:24.136074,EEG Wearable,E1:1B:6D:10:62:56,-84,1.6,near_body,3
2026-04-07 21:05:24.145624,EEG Wearable,E1:1B:6D:10:62:56,-84,1.6,near_body,3
2026-04-07 21:05:25.085007,EEG Wearable,E1:1B:6D:10:62:56,-80,1.6,near_body,3
2026-04-07 21:05:25.179497,EEG Wearable,E1:1B:6D:10:62:56,-84,1.6,near_body,3
2026-04-07 21:05:26.039511,EEG Wearable,E1:1B:6D:10:62:56,-72,1.6,near_body,3
2026-04-07 21:05:26.045527,EEG Wearable,E1:1B:6D:10:62:56,-72,1.6,near_body,3
2026-04-07 21:05:26.868911,EEG Wearable,E1:1B:6D:10:62:56,-79,1.6,near_body,3
2026-04-07 21:05:26.874438,EEG Wearable,E1:1B:6D:10:62:56,-79,1.6,near_body,3
2026-04-07 21:05:27.905338,EEG Wearable,E1:1B:6D:10:62:56,-79,1.6,near_body,3
2026-04-07 21:05:27.921886,EEG Wearable,E1:1B:6D:10:62:56,-79,1.6,near_body,3
2026-04-07 21:05:28.022413,EEG Wearable,E1:1B:6D:10:62:56,-83,1.6,near_body,3
2026-04-07 21:05:28.038920,EEG Wearable,E1:1B:6D:10:62:56,-83,1.6,near_body,3
2026-04-07 21:05:28.863456,EEG Wearable,E1:1B:6D:10:62:56,-72,1.6,near_body,3
2026-04-07 21:05:28.873598,EEG Wearable,E1:1B:6D:10:62:56,-72,1.6,near_body,3
2026-04-07 21:05:29.798037,EEG Wearable,E1:1B:6D:10:62:56,-82,1.6,near_body,3
2026-04-07 21:05:32.401172,EEG Wearable,E1:1B:6D:10:62:56,-71,1.6,near_body,3
2026-04-07 21:05:32.414684,EEG Wearable,E1:1B:6D:10:62:56,-71,1.6,near_body,3
2026-04-07 21:05:33.370711,EEG Wearable,E1:1B:6D:10:62:56,-82,1.6,near_body,3
2026-04-07 21:05:33.466748,EEG Wearable,E1:1B:6D:10:62:56,-71,1.6,near_body,3
2026-04-07 21:05:33.486959,EEG Wearable,E1:1B:6D:10:62:56,-71,1.6,near_body,3
2026-04-07 21:05:34.538543,EEG Wearable,E1:1B:6D:10:62:56,-71,1.6,near_body,3
2026-04-07 21:05:34.551599,EEG Wearable,E1:1B:6D:10:62:56,-71,1.6,near_body,3
2026-04-07 21:05:35.147749,EEG Wearable,E1:1B:6D:10:62:56,-82,1.6,near_body,3
2026-04-07 21:05:35.374922,EEG Wearable,E1:1B:6D:10:62:56,-78,1.6,near_body,3
2026-04-07 21:05:35.402205,EEG Wearable,E1:1B:6D:10:62:56,-79,1.6,near_body,3
2026-04-07 21:05:36.187726,EEG Wearable,E1:1B:6D:10:62:56,-81,1.6,near_body,3
2026-04-07 21:05:36.300381,EEG Wearable,E1:1B:6D:10:62:56,-71,1.6,near_body,3
2026-04-07 21:05:36.305336,EEG Wearable,E1:1B:6D:10:62:56,-71,1.6,near_body,3
2026-04-07 21:05:37.150781,EEG Wearable,E1:1B:6D:10:62:56,-79,1.6,near_body,3
2026-04-07 21:05:37.154736,EEG Wearable,E1:1B:6D:10:62:56,-79,1.6,near_body,3
2026-04-07 21:05:37.350291,EEG Wearable,E1:1B:6D:10:62:56,-71,1.6,near_body,3
2026-04-07 21:05:37.374560,EEG Wearable,E1:1B:6D:10:62:56,-71,1.6,near_body,3
2026-04-07 21:05:38.325235,EEG Wearable,E1:1B:6D:10:62:56,-80,1.6,near_body,3
2026-04-07 21:05:39.275169,EEG Wearable,E1:1B:6D:10:62:56,-79,1.6,near_body,3
2026-04-07 21:05:39.359819,EEG Wearable,E1:1B:6D:10:62:56,-80,1.6,near_body,3
2026-04-07 21:05:39.380625,EEG Wearable,E1:1B:6D:10:62:56,-80,1.6,near_body,3
2026-04-07 21:05:40.304221,EEG Wearable,E1:1B:6D:10:62:56,-79,1.6,near_body,3
2026-04-07 21:05:40.326908,EEG Wearable,E1:1B:6D:10:62:56,-79,1.6,near_body,3
2026-04-07 21:06:48.225600,EEG Wearable,E1:1B:6D:10:62:56,-72,1.8,near_body,1
2026-04-07 21:06:49.089731,EEG Wearable,E1:1B:6D:10:62:56,-74,1.8,near_body,1
2026-04-07 21:06:49.095749,EEG Wearable,E1:1B:6D:10:62:56,-74,1.8,near_body,1
2026-04-07 21:06:49.174159,EEG Wearable,E1:1B:6D:10:62:56,-76,1.8,near_body,1
2026-04-07 21:06:50.140441,EEG Wearable,E1:1B:6D:10:62:56,-72,1.8,near_body,1
2026-04-07 21:06:50.152458,EEG Wearable,E1:1B:6D:10:62:56,-72,1.8,near_body,1
2026-04-07 21:06:50.235137,EEG Wearable,E1:1B:6D:10:62:56,-74,1.8,near_body,1
2026-04-07 21:06:50.254428,EEG Wearable,E1:1B:6D:10:62:56,-74,1.8,near_body,1
2026-04-07 21:06:50.749421,EEG Wearable,E1:1B:6D:10:62:56,-73,1.8,near_body,1
2026-04-07 21:06:50.753429,EEG Wearable,E1:1B:6D:10:62:56,-73,1.8,near_body,1
2026-04-07 21:06:50.960733,EEG Wearable,E1:1B:6D:10:62:56,-74,1.8,near_body,1
2026-04-07 21:06:50.966249,EEG Wearable,E1:1B:6D:10:62:56,-74,1.8,near_body,1
2026-04-07 21:06:51.794777,EEG Wearable,E1:1B:6D:10:62:56,-72,1.8,near_body,1
2026-04-07 21:06:51.810363,EEG Wearable,E1:1B:6D:10:62:56,-72,1.8,near_body,1
2026-04-07 21:06:51.905695,EEG Wearable,E1:1B:6D:10:62:56,-71,1.8,near_body,1
2026-04-07 21:06:51.911716,EEG Wearable,E1:1B:6D:10:62:56,-71,1.8,near_body,1
2026-04-07 21:06:53.697511,EEG Wearable,E1:1B:6D:10:62:56,-71,1.8,near_body,1
2026-04-07 21:06:53.719761,EEG Wearable,E1:1B:6D:10:62:56,-71,1.8,near_body,1
2026-04-07 21:06:53.895556,EEG Wearable,E1:1B:6D:10:62:56,-72,1.8,near_body,1
2026-04-07 21:06:53.919363,EEG Wearable,E1:1B:6D:10:62:56,-72,1.8,near_body,1
2026-04-07 21:06:54.863352,EEG Wearable,E1:1B:6D:10:62:56,-74,1.8,near_body,1
2026-04-07 21:06:55.810761,EEG Wearable,E1:1B:6D:10:62:56,-71,1.8,near_body,1
2026-04-07 21:06:55.816781,EEG Wearable,E1:1B:6D:10:62:56,-71,1.8,near_body,1
2026-04-07 21:06:55.902766,EEG Wearable,E1:1B:6D:10:62:56,-74,1.8,near_body,1
2026-04-07 21:06:55.922010,EEG Wearable,E1:1B:6D:10:62:56,-74,1.8,near_body,1
2026-04-07 21:06:56.742945,EEG Wearable,E1:1B:6D:10:62:56,-72,1.8,near_body,1
2026-04-07 21:06:56.761032,EEG Wearable,E1:1B:6D:10:62:56,-72,1.8,near_body,1
2026-04-07 21:06:56.852887,EEG Wearable,E1:1B:6D:10:62:56,-70,1.8,near_body,1
2026-04-07 21:06:56.871790,EEG Wearable,E1:1B:6D:10:62:56,-70,1.8,near_body,1
2026-04-07 21:06:57.692163,EEG Wearable,E1:1B:6D:10:62:56,-74,1.8,near_body,1
2026-04-07 21:06:57.698795,EEG Wearable,E1:1B:6D:10:62:56,-74,1.8,near_body,1
2026-04-07 21:06:58.415799,EEG Wearable,E1:1B:6D:10:62:56,-74,1.8,near_body,1
2026-04-07 21:06:58.435824,EEG Wearable,E1:1B:6D:10:62:56,-74,1.8,near_body,1
2026-04-07 21:06:58.634708,EEG Wearable,E1:1B:6D:10:62:56,-71,1.8,near_body,1
2026-04-07 21:06:58.643125,EEG Wearable,E1:1B:6D:10:62:56,-71,1.8,near_body,1
2026-04-07 21:06:58.734215,EEG Wearable,E1:1B:6D:10:62:56,-75,1.8,near_body,1
2026-04-07 21:06:59.477445,EEG Wearable,E1:1B:6D:10:62:56,-74,1.8,near_body,1
2026-04-07 21:06:59.477445,EEG Wearable,E1:1B:6D:10:62:56,-74,1.8,near_body,1
2026-04-07 21:07:00.415375,EEG Wearable,E1:1B:6D:10:62:56,-73,1.8,near_body,1
2026-04-07 21:07:00.433700,EEG Wearable,E1:1B:6D:10:62:56,-73,1.8,near_body,1
2026-04-07 21:07:01.242322,EEG Wearable,E1:1B:6D:10:62:56,-73,1.8,near_body,1
2026-04-07 21:07:01.258080,EEG Wearable,E1:1B:6D:10:62:56,-73,1.8,near_body,1
2026-04-07 21:07:01.337704,EEG Wearable,E1:1B:6D:10:62:56,-73,1.8,near_body,1
2026-04-07 21:07:02.175761,EEG Wearable,E1:1B:6D:10:62:56,-72,1.8,near_body,1
2026-04-07 21:07:02.193578,EEG Wearable,E1:1B:6D:10:62:56,-72,1.8,near_body,1
2026-04-07 21:07:03.148309,EEG Wearable,E1:1B:6D:10:62:56,-73,1.8,near_body,1
2026-04-07 21:07:03.155121,EEG Wearable,E1:1B:6D:10:62:56,-73,1.8,near_body,1
2026-04-07 21:07:03.231661,EEG Wearable,E1:1B:6D:10:62:56,-72,1.8,near_body,1
2026-04-07 21:07:03.251890,EEG Wearable,E1:1B:6D:10:62:56,-72,1.8,near_body,1
2026-04-07 21:07:04.184331,EEG Wearable,E1:1B:6D:10:62:56,-73,1.8,near_body,1
2026-04-07 21:07:04.204147,EEG Wearable,E1:1B:6D:10:62:56,-73,1.8,near_body,1
2026-04-07 21:07:05.251399,EEG Wearable,E1:1B:6D:10:62:56,-72,1.8,near_body,1
2026-04-07 21:07:05.251399,EEG Wearable,E1:1B:6D:10:62:56,-72,1.8,near_body,1
2026-04-07 21:07:06.192912,EEG Wearable,E1:1B:6D:10:62:56,-74,1.8,near_body,1
2026-04-07 21:07:06.212377,EEG Wearable,E1:1B:6D:10:62:56,-74,1.8,near_body,1
2026-04-07 21:07:07.145043,EEG Wearable,E1:1B:6D:10:62:56,-71,1.8,near_body,1
2026-04-07 21:07:07.149054,EEG Wearable,E1:1B:6D:10:62:56,-71,1.8,near_body,1
2026-04-07 21:07:07.299151,EEG Wearable,E1:1B:6D:10:62:56,-73,1.8,near_body,1
2026-04-07 21:07:07.303162,EEG Wearable,E1:1B:6D:10:62:56,-73,1.8,near_body,1
2026-04-07 21:07:09.061447,EEG Wearable,E1:1B:6D:10:62:56,-74,1.8,near_body,1
2026-04-07 21:07:09.062461,EEG Wearable,E1:1B:6D:10:62:56,-73,1.8,near_body,1
2026-04-07 21:07:09.880442,EEG Wearable,E1:1B:6D:10:62:56,-71,1.8,near_body,1
2026-04-07 21:07:09.882452,EEG Wearable,E1:1B:6D:10:62:56,-71,1.8,near_body,1
2026-04-07 21:07:09.972049,EEG Wearable,E1:1B:6D:10:62:56,-70,1.8,near_body,1
2026-04-07 21:07:09.992678,EEG Wearable,E1:1B:6D:10:62:56,-70,1.8,near_body,1
2026-04-07 21:07:10.081335,EEG Wearable,E1:1B:6D:10:62:56,-74,1.8,near_body,1
2026-04-07 21:07:10.100276,EEG Wearable,E1:1B:6D:10:62:56,-73,1.8,near_body,1
2026-04-07 21:07:11.032362,EEG Wearable,E1:1B:6D:10:62:56,-70,1.8,near_body,1
2026-04-07 21:07:11.052328,EEG Wearable,E1:1B:6D:10:62:56,-70,1.8,near_body,1
2026-04-07 21:07:11.906333,EEG Wearable,E1:1B:6D:10:62:56,-73,1.8,near_body,1
2026-04-07 21:07:11.912436,EEG Wearable,E1:1B:6D:10:62:56,-73,1.8,near_body,1
2026-04-07 21:07:11.973689,EEG Wearable,E1:1B:6D:10:62:56,-71,1.8,near_body,1
2026-04-07 21:07:11.987993,EEG Wearable,E1:1B:6D:10:62:56,-71,1.8,near_body,1
2026-04-07 21:07:12.825280,EEG Wearable,E1:1B:6D:10:62:56,-69,1.8,near_body,1
2026-04-07 21:07:12.840833,EEG Wearable,E1:1B:6D:10:62:56,-69,1.8,near_body,1
2026-04-07 21:07:13.031148,EEG Wearable,E1:1B:6D:10:62:56,-71,1.8,near_body,1
2026-04-07 21:07:13.051491,EEG Wearable,E1:1B:6D:10:62:56,-71,1.8,near_body,1
2026-04-07 21:07:13.863964,EEG Wearable,E1:1B:6D:10:62:56,-69,1.8,near_body,1
2026-04-07 21:07:13.885926,EEG Wearable,E1:1B:6D:10:62:56,-69,1.8,near_body,1
2026-04-07 21:07:14.713926,EEG Wearable,E1:1B:6D:10:62:56,-73,1.8,near_body,1
2026-04-07 21:07:14.730220,EEG Wearable,E1:1B:6D:10:62:56,-73,1.8,near_body,1
2026-04-07 21:07:14.817150,EEG Wearable,E1:1B:6D:10:62:56,-71,1.8,near_body,1
2026-04-07 21:07:14.832880,EEG Wearable,E1:1B:6D:10:62:56,-71,1.8,near_body,1
2026-04-07 21:07:14.921141,EEG Wearable,E1:1B:6D:10:62:56,-69,1.8,near_body,1
2026-04-07 21:07:14.940695,EEG Wearable,E1:1B:6D:10:62:56,-69,1.8,near_body,1
2026-04-07 21:07:15.655457,EEG Wearable,E1:1B:6D:10:62:56,-69,1.8,near_body,1
2026-04-07 21:07:15.662484,EEG Wearable,E1:1B:6D:10:62:56,-69,1.8,near_body,1
2026-04-07 21:07:15.757266,EEG Wearable,E1:1B:6D:10:62:56,-73,1.8,near_body,1
2026-04-07 21:07:15.774555,EEG Wearable,E1:1B:6D:10:62:56,-73,1.8,near_body,1
2026-04-07 21:07:16.699676,EEG Wearable,E1:1B:6D:10:62:56,-69,1.8,near_body,1
2026-04-07 21:07:16.716028,EEG Wearable,E1:1B:6D:10:62:56,-69,1.8,near_body,1
2026-04-07 21:07:17.556825,EEG Wearable,E1:1B:6D:10:62:56,-73,1.8,near_body,1
2026-04-07 21:07:17.560835,EEG Wearable,E1:1B:6D:10:62:56,-73,1.8,near_body,1
2026-04-07 21:07:17.642031,EEG Wearable,E1:1B:6D:10:62:56,-71,1.8,near_body,1
2026-04-07 21:07:17.659753,EEG Wearable,E1:1B:6D:10:62:56,-71,1.8,near_body,1
2026-04-07 21:07:26.395793,EEG Wearable,E1:1B:6D:10:62:56,-74,1.8,near_body,2
2026-04-07 21:07:27.240804,EEG Wearable,E1:1B:6D:10:62:56,-78,1.8,near_body,2
2026-04-07 21:07:27.340405,EEG Wearable,E1:1B:6D:10:62:56,-79,1.8,near_body,2
2026-04-07 21:07:27.340405,EEG Wearable,E1:1B:6D:10:62:56,-79,1.8,near_body,2
2026-04-07 21:07:28.282138,EEG Wearable,E1:1B:6D:10:62:56,-75,1.8,near_body,2
2026-04-07 21:07:28.295808,EEG Wearable,E1:1B:6D:10:62:56,-75,1.8,near_body,2
2026-04-07 21:07:29.216650,EEG Wearable,E1:1B:6D:10:62:56,-74,1.8,near_body,2
2026-04-07 21:07:29.238028,EEG Wearable,E1:1B:6D:10:62:56,-74,1.8,near_body,2
2026-04-07 21:07:30.044581,EEG Wearable,E1:1B:6D:10:62:56,-71,1.8,near_body,2
2026-04-07 21:07:31.014492,EEG Wearable,E1:1B:6D:10:62:56,-72,1.8,near_body,2
2026-04-07 21:07:31.024899,EEG Wearable,E1:1B:6D:10:62:56,-73,1.8,near_body,2
2026-04-07 21:07:31.102574,EEG Wearable,E1:1B:6D:10:62:56,-70,1.8,near_body,2
2026-04-07 21:07:31.122445,EEG Wearable,E1:1B:6D:10:62:56,-70,1.8,near_body,2
2026-04-07 21:07:31.942967,EEG Wearable,E1:1B:6D:10:62:56,-71,1.8,near_body,2
2026-04-07 21:07:31.968140,EEG Wearable,E1:1B:6D:10:62:56,-71,1.8,near_body,2
2026-04-07 21:07:32.075381,EEG Wearable,E1:1B:6D:10:62:56,-73,1.8,near_body,2
2026-04-07 21:07:32.077395,EEG Wearable,E1:1B:6D:10:62:56,-73,1.8,near_body,2
2026-04-07 21:07:32.999639,EEG Wearable,E1:1B:6D:10:62:56,-71,1.8,near_body,2
2026-04-07 21:07:33.023324,EEG Wearable,E1:1B:6D:10:62:56,-71,1.8,near_body,2
2026-04-07 21:07:33.115491,EEG Wearable,E1:1B:6D:10:62:56,-73,1.8,near_body,2
2026-04-07 21:07:33.136360,EEG Wearable,E1:1B:6D:10:62:56,-73,1.8,near_body,2
2026-04-07 21:07:33.638033,EEG Wearable,E1:1B:6D:10:62:56,-69,1.8,near_body,2
2026-04-07 21:07:33.970280,EEG Wearable,E1:1B:6D:10:62:56,-69,1.8,near_body,2
2026-04-07 21:07:33.987681,EEG Wearable,E1:1B:6D:10:62:56,-69,1.8,near_body,2
2026-04-07 21:07:34.066470,EEG Wearable,E1:1B:6D:10:62:56,-70,1.8,near_body,2
2026-04-07 21:07:34.071902,EEG Wearable,E1:1B:6D:10:62:56,-70,1.8,near_body,2
2026-04-07 21:07:36.094412,EEG Wearable,E1:1B:6D:10:62:56,-69,1.8,near_body,2
2026-04-07 21:07:36.099429,EEG Wearable,E1:1B:6D:10:62:56,-69,1.8,near_body,2
2026-04-07 21:07:36.186104,EEG Wearable,E1:1B:6D:10:62:56,-70,1.8,near_body,2
2026-04-07 21:07:36.201786,EEG Wearable,E1:1B:6D:10:62:56,-70,1.8,near_body,2
2026-04-07 21:07:36.298697,EEG Wearable,E1:1B:6D:10:62:56,-72,1.8,near_body,2
2026-04-07 21:07:36.317837,EEG Wearable,E1:1B:6D:10:62:56,-72,1.8,near_body,2
2026-04-07 21:07:37.143977,EEG Wearable,E1:1B:6D:10:62:56,-69,1.8,near_body,2
2026-04-07 21:07:37.159204,EEG Wearable,E1:1B:6D:10:62:56,-69,1.8,near_body,2
2026-04-07 21:07:37.247989,EEG Wearable,E1:1B:6D:10:62:56,-70,1.8,near_body,2
2026-04-07 21:07:37.265895,EEG Wearable,E1:1B:6D:10:62:56,-70,1.8,near_body,2
2026-04-07 21:07:38.199228,EEG Wearable,E1:1B:6D:10:62:56,-69,1.8,near_body,2
2026-04-07 21:07:38.215023,EEG Wearable,E1:1B:6D:10:62:56,-69,1.8,near_body,2
2026-04-07 21:07:39.035560,EEG Wearable,E1:1B:6D:10:62:56,-70,1.8,near_body,2
2026-04-07 21:07:39.053087,EEG Wearable,E1:1B:6D:10:62:56,-70,1.8,near_body,2
2026-04-07 21:07:39.134234,EEG Wearable,E1:1B:6D:10:62:56,-72,1.8,near_body,2
2026-04-07 21:07:39.147522,EEG Wearable,E1:1B:6D:10:62:56,-72,1.8,near_body,2
2026-04-07 21:07:39.979461,EEG Wearable,E1:1B:6D:10:62:56,-68,1.8,near_body,2
2026-04-07 21:07:40.002485,EEG Wearable,E1:1B:6D:10:62:56,-69,1.8,near_body,2
2026-04-07 21:07:40.091296,EEG Wearable,E1:1B:6D:10:62:56,-70,1.8,near_body,2
2026-04-07 21:07:40.109504,EEG Wearable,E1:1B:6D:10:62:56,-70,1.8,near_body,2
2026-04-07 21:07:40.930162,EEG Wearable,E1:1B:6D:10:62:56,-72,1.8,near_body,2
2026-04-07 21:07:40.946238,EEG Wearable,E1:1B:6D:10:62:56,-72,1.8,near_body,2
2026-04-07 21:07:41.047682,EEG Wearable,E1:1B:6D:10:62:56,-68,1.8,near_body,2
2026-04-07 21:07:41.047682,EEG Wearable,E1:1B:6D:10:62:56,-68,1.8,near_body,2
2026-04-07 21:07:41.997975,EEG Wearable,E1:1B:6D:10:62:56,-72,1.8,near_body,2
2026-04-07 21:07:42.003735,EEG Wearable,E1:1B:6D:10:62:56,-72,1.8,near_body,2
2026-04-07 21:07:42.080845,EEG Wearable,E1:1B:6D:10:62:56,-68,1.8,near_body,2
2026-04-07 21:07:42.803584,EEG Wearable,E1:1B:6D:10:62:56,-68,1.8,near_body,2
2026-04-07 21:07:42.822852,EEG Wearable,E1:1B:6D:10:62:56,-68,1.8,near_body,2
2026-04-07 21:07:43.752199,EEG Wearable,E1:1B:6D:10:62:56,-72,1.8,near_body,2
2026-04-07 21:07:43.762824,EEG Wearable,E1:1B:6D:10:62:56,-72,1.8,near_body,2
2026-04-07 21:07:43.885250,EEG Wearable,E1:1B:6D:10:62:56,-68,1.8,near_body,2
2026-04-07 21:07:43.891267,EEG Wearable,E1:1B:6D:10:62:56,-68,1.8,near_body,2
2026-04-07 21:07:45.867282,EEG Wearable,E1:1B:6D:10:62:56,-72,1.8,near_body,2
2026-04-07 21:07:45.878338,EEG Wearable,E1:1B:6D:10:62:56,-72,1.8,near_body,2
2026-04-07 21:07:46.705236,EEG Wearable,E1:1B:6D:10:62:56,-68,1.8,near_body,2
2026-04-07 21:07:46.723679,EEG Wearable,E1:1B:6D:10:62:56,-68,1.8,near_body,2
2026-04-07 21:07:47.532590,EEG Wearable,E1:1B:6D:10:62:56,-69,1.8,near_body,2
2026-04-07 21:07:47.545611,EEG Wearable,E1:1B:6D:10:62:56,-69,1.8,near_body,2
2026-04-07 21:07:48.590402,EEG Wearable,E1:1B:6D:10:62:56,-69,1.8,near_body,2
2026-04-07 21:07:48.612916,EEG Wearable,E1:1B:6D:10:62:56,-69,1.8,near_body,2
2026-04-07 21:07:49.566252,EEG Wearable,E1:1B:6D:10:62:56,-68,1.8,near_body,2
2026-04-07 21:07:49.570267,EEG Wearable,E1:1B:6D:10:62:56,-68,1.8,near_body,2
2026-04-07 21:07:50.290215,EEG Wearable,E1:1B:6D:10:62:56,-68,1.8,near_body,2
2026-04-07 21:07:50.294224,EEG Wearable,E1:1B:6D:10:62:56,-68,1.8,near_body,2
2026-04-07 21:07:50.481470,EEG Wearable,E1:1B:6D:10:62:56,-71,1.8,near_body,2
2026-04-07 21:07:50.488622,EEG Wearable,E1:1B:6D:10:62:56,-71,1.8,near_body,2
2026-04-07 21:07:51.451821,EEG Wearable,E1:1B:6D:10:62:56,-68,1.8,near_body,2
2026-04-07 21:07:51.455831,EEG Wearable,E1:1B:6D:10:62:56,-68,1.8,near_body,2
2026-04-07 21:07:52.287266,EEG Wearable,E1:1B:6D:10:62:56,-71,1.8,near_body,2
2026-04-07 21:07:52.294831,EEG Wearable,E1:1B:6D:10:62:56,-71,1.8,near_body,2
2026-04-07 21:07:54.249225,EEG Wearable,E1:1B:6D:10:62:56,-68,1.8,near_body,2
2026-04-07 21:07:54.276114,EEG Wearable,E1:1B:6D:10:62:56,-68,1.8,near_body,2
2026-04-07 21:07:56.159336,EEG Wearable,E1:1B:6D:10:62:56,-71,1.8,near_body,2
2026-04-07 21:07:56.159336,EEG Wearable,E1:1B:6D:10:62:56,-71,1.8,near_body,2
2026-04-07 21:08:38.094374,EEG Wearable,E1:1B:6D:10:62:56,-79,1.8,near_body,3
2026-04-07 21:08:38.104154,EEG Wearable,E1:1B:6D:10:62:56,-79,1.8,near_body,3
2026-04-07 21:08:38.218575,EEG Wearable,E1:1B:6D:10:62:56,-75,1.8,near_body,3
2026-04-07 21:08:39.054931,EEG Wearable,E1:1B:6D:10:62:56,-74,1.8,near_body,3
2026-04-07 21:08:39.067359,EEG Wearable,E1:1B:6D:10:62:56,-74,1.8,near_body,3
2026-04-07 21:08:39.988821,EEG Wearable,E1:1B:6D:10:62:56,-73,1.8,near_body,3
2026-04-07 21:08:39.992830,EEG Wearable,E1:1B:6D:10:62:56,-73,1.8,near_body,3
2026-04-07 21:08:40.914619,EEG Wearable,E1:1B:6D:10:62:56,-72,1.8,near_body,3
2026-04-07 21:08:40.932293,EEG Wearable,E1:1B:6D:10:62:56,-72,1.8,near_body,3
2026-04-07 21:08:41.868691,EEG Wearable,E1:1B:6D:10:62:56,-74,1.8,near_body,3
2026-04-07 21:08:42.717776,EEG Wearable,E1:1B:6D:10:62:56,-70,1.8,near_body,3
2026-04-07 21:08:42.813031,EEG Wearable,E1:1B:6D:10:62:56,-75,1.8,near_body,3
2026-04-07 21:08:42.831470,EEG Wearable,E1:1B:6D:10:62:56,-75,1.8,near_body,3
2026-04-07 21:08:43.646941,EEG Wearable,E1:1B:6D:10:62:56,-73,1.8,near_body,3
2026-04-07 21:08:43.753295,EEG Wearable,E1:1B:6D:10:62:56,-69,1.8,near_body,3
2026-04-07 21:08:43.771115,EEG Wearable,E1:1B:6D:10:62:56,-69,1.8,near_body,3
2026-04-07 21:08:44.586153,EEG Wearable,E1:1B:6D:10:62:56,-73,1.8,near_body,3
2026-04-07 21:08:44.600155,EEG Wearable,E1:1B:6D:10:62:56,-74,1.8,near_body,3
2026-04-07 21:08:44.701324,EEG Wearable,E1:1B:6D:10:62:56,-73,1.8,near_body,3
2026-04-07 21:08:44.721879,EEG Wearable,E1:1B:6D:10:62:56,-73,1.8,near_body,3
2026-04-07 21:08:46.493994,EEG Wearable,E1:1B:6D:10:62:56,-75,1.8,near_body,3
2026-04-07 21:08:46.517798,EEG Wearable,E1:1B:6D:10:62:56,-75,1.8,near_body,3
2026-04-07 21:08:48.596268,EEG Wearable,E1:1B:6D:10:62:56,-74,1.8,near_body,3
2026-04-07 21:08:48.621315,EEG Wearable,E1:1B:6D:10:62:56,-74,1.8,near_body,3
2026-04-07 21:08:49.338139,EEG Wearable,E1:1B:6D:10:62:56,-74,1.8,near_body,3
2026-04-07 21:08:49.438713,EEG Wearable,E1:1B:6D:10:62:56,-70,1.8,near_body,3
2026-04-07 21:08:49.442721,EEG Wearable,E1:1B:6D:10:62:56,-70,1.8,near_body,3
2026-04-07 21:08:49.538093,EEG Wearable,E1:1B:6D:10:62:56,-76,1.8,near_body,3
2026-04-07 21:08:49.559860,EEG Wearable,E1:1B:6D:10:62:56,-76,1.8,near_body,3
2026-04-07 21:08:50.520264,EEG Wearable,E1:1B:6D:10:62:56,-70,1.8,near_body,3
2026-04-07 21:08:50.525780,EEG Wearable,E1:1B:6D:10:62:56,-70,1.8,near_body,3
2026-04-07 21:08:50.636654,EEG Wearable,E1:1B:6D:10:62:56,-75,1.8,near_body,3
2026-04-07 21:08:50.642668,EEG Wearable,E1:1B:6D:10:62:56,-76,1.8,near_body,3
2026-04-07 21:08:51.449690,EEG Wearable,E1:1B:6D:10:62:56,-74,1.8,near_body,3
2026-04-07 21:08:51.463903,EEG Wearable,E1:1B:6D:10:62:56,-73,1.8,near_body,3
2026-04-07 21:08:52.405163,EEG Wearable,E1:1B:6D:10:62:56,-74,1.8,near_body,3
2026-04-07 21:08:52.417083,EEG Wearable,E1:1B:6D:10:62:56,-74,1.8,near_body,3
2026-04-07 21:08:52.491030,EEG Wearable,E1:1B:6D:10:62:56,-73,1.8,near_body,3
2026-04-07 21:08:52.505915,EEG Wearable,E1:1B:6D:10:62:56,-74,1.8,near_body,3
2026-04-07 21:08:53.336578,EEG Wearable,E1:1B:6D:10:62:56,-69,1.8,near_body,3
2026-04-07 21:08:54.397616,EEG Wearable,E1:1B:6D:10:62:56,-69,1.8,near_body,3
2026-04-07 21:08:54.405644,EEG Wearable,E1:1B:6D:10:62:56,-69,1.8,near_body,3
2026-04-07 21:08:55.344342,EEG Wearable,E1:1B:6D:10:62:56,-73,1.8,near_body,3
2026-04-07 21:08:55.361202,EEG Wearable,E1:1B:6D:10:62:56,-73,1.8,near_body,3
2026-04-07 21:08:56.289772,EEG Wearable,E1:1B:6D:10:62:56,-73,1.8,near_body,3
2026-04-07 21:08:56.307838,EEG Wearable,E1:1B:6D:10:62:56,-73,1.8,near_body,3
2026-04-07 21:08:56.395893,EEG Wearable,E1:1B:6D:10:62:56,-73,1.8,near_body,3
2026-04-07 21:08:56.414214,EEG Wearable,E1:1B:6D:10:62:56,-73,1.8,near_body,3
2026-04-07 21:08:57.240509,EEG Wearable,E1:1B:6D:10:62:56,-69,1.8,near_body,3
2026-04-07 21:08:57.244263,EEG Wearable,E1:1B:6D:10:62:56,-69,1.8,near_body,3
2026-04-07 21:08:57.339789,EEG Wearable,E1:1B:6D:10:62:56,-73,1.8,near_body,3
2026-04-07 21:08:57.357096,EEG Wearable,E1:1B:6D:10:62:56,-73,1.8,near_body,3
2026-04-07 21:08:58.285666,EEG Wearable,E1:1B:6D:10:62:56,-69,1.8,near_body,3
2026-04-07 21:08:58.300542,EEG Wearable,E1:1B:6D:10:62:56,-68,1.8,near_body,3
2026-04-07 21:08:59.337417,EEG Wearable,E1:1B:6D:10:62:56,-69,1.8,near_body,3
2026-04-07 21:08:59.370164,EEG Wearable,E1:1B:6D:10:62:56,-69,1.8,near_body,3
2026-04-07 21:09:00.208183,EEG Wearable,E1:1B:6D:10:62:56,-72,1.8,near_body,3
2026-04-07 21:09:00.208183,EEG Wearable,E1:1B:6D:10:62:56,-72,1.8,near_body,3
2026-04-07 21:09:00.293082,EEG Wearable,E1:1B:6D:10:62:56,-72,1.8,near_body,3
2026-04-07 21:09:00.293082,EEG Wearable,E1:1B:6D:10:62:56,-73,1.8,near_body,3
2026-04-07 21:09:01.008909,EEG Wearable,E1:1B:6D:10:62:56,-73,1.8,near_body,3
2026-04-07 21:09:01.008909,EEG Wearable,E1:1B:6D:10:62:56,-73,1.8,near_body,3
2026-04-07 21:09:01.119124,EEG Wearable,E1:1B:6D:10:62:56,-68,1.8,near_body,3
2026-04-07 21:09:01.134998,EEG Wearable,E1:1B:6D:10:62:56,-68,1.8,near_body,3
2026-04-07 21:09:01.854612,EEG Wearable,E1:1B:6D:10:62:56,-68,1.8,near_body,3
2026-04-07 21:09:01.854612,EEG Wearable,E1:1B:6D:10:62:56,-68,1.8,near_body,3
2026-04-07 21:09:01.951151,EEG Wearable,E1:1B:6D:10:62:56,-71,1.8,near_body,3
2026-04-07 21:09:01.966952,EEG Wearable,E1:1B:6D:10:62:56,-71,1.8,near_body,3
2026-04-07 21:09:02.050056,EEG Wearable,E1:1B:6D:10:62:56,-72,1.8,near_body,3
2026-04-07 21:09:02.073506,EEG Wearable,E1:1B:6D:10:62:56,-72,1.8,near_body,3
2026-04-07 21:09:02.902226,EEG Wearable,E1:1B:6D:10:62:56,-68,1.8,near_body,3
2026-04-07 21:09:02.907241,EEG Wearable,E1:1B:6D:10:62:56,-68,1.8,near_body,3
2026-04-07 21:09:03.016804,EEG Wearable,E1:1B:6D:10:62:56,-71,1.8,near_body,3
2026-04-07 21:09:03.018554,EEG Wearable,E1:1B:6D:10:62:56,-71,1.8,near_body,3
2026-04-07 21:09:03.851757,EEG Wearable,E1:1B:6D:10:62:56,-72,1.8,near_body,3
2026-04-07 21:09:03.873965,EEG Wearable,E1:1B:6D:10:62:56,-72,1.8,near_body,3
2026-04-07 21:09:04.087071,EEG Wearable,E1:1B:6D:10:62:56,-71,1.8,near_body,3
2026-04-07 21:09:04.097310,EEG Wearable,E1:1B:6D:10:62:56,-71,1.8,near_body,3
2026-04-07 21:09:04.185848,EEG Wearable,E1:1B:6D:10:62:56,-72,1.8,near_body,3
2026-04-07 21:09:04.204795,EEG Wearable,E1:1B:6D:10:62:56,-72,1.8,near_body,3
2026-04-07 21:09:05.247659,EEG Wearable,E1:1B:6D:10:62:56,-72,1.8,near_body,3
2026-04-07 21:09:05.269136,EEG Wearable,E1:1B:6D:10:62:56,-72,1.8,near_body,3
2026-04-07 21:09:06.084467,EEG Wearable,E1:1B:6D:10:62:56,-69,1.8,near_body,3
2026-04-07 21:09:06.104578,EEG Wearable,E1:1B:6D:10:62:56,-69,1.8,near_body,3
2026-04-07 21:09:06.194376,EEG Wearable,E1:1B:6D:10:62:56,-72,1.8,near_body,3
2026-04-07 21:09:06.204522,EEG Wearable,E1:1B:6D:10:62:56,-72,1.8,near_body,3
2026-04-07 21:09:07.138750,EEG Wearable,E1:1B:6D:10:62:56,-68,1.8,near_body,3
2026-04-07 21:09:07.155911,EEG Wearable,E1:1B:6D:10:62:56,-68,1.8,near_body,3
2026-04-07 21:10:19.332069,EEG Wearable,E1:1B:6D:10:62:56,-93,1.8,near_body,1
2026-04-07 21:10:19.332069,EEG Wearable,E1:1B:6D:10:62:56,-93,2.0,near_body,1
2026-04-07 21:10:19.443465,EEG Wearable,E1:1B:6D:10:62:56,-64,2.0,near_body,1
2026-04-07 21:10:19.445893,EEG Wearable,E1:1B:6D:10:62:56,-64,2.0,near_body,1
2026-04-07 21:10:20.272661,EEG Wearable,E1:1B:6D:10:62:56,-70,2.0,near_body,1
2026-04-07 21:10:20.288532,EEG Wearable,E1:1B:6D:10:62:56,-70,2.0,near_body,1
2026-04-07 21:10:20.368285,EEG Wearable,E1:1B:6D:10:62:56,-81,2.0,near_body,1
2026-04-07 21:10:20.396680,EEG Wearable,E1:1B:6D:10:62:56,-81,2.0,near_body,1
2026-04-07 21:10:21.324916,EEG Wearable,E1:1B:6D:10:62:56,-72,2.0,near_body,1
2026-04-07 21:10:21.438355,EEG Wearable,E1:1B:6D:10:62:56,-81,2.0,near_body,1
2026-04-07 21:10:21.457584,EEG Wearable,E1:1B:6D:10:62:56,-81,2.0,near_body,1
2026-04-07 21:10:23.241123,EEG Wearable,E1:1B:6D:10:62:56,-82,2.0,near_body,1
2026-04-07 21:10:23.241123,EEG Wearable,E1:1B:6D:10:62:56,-82,2.0,near_body,1
2026-04-07 21:10:24.157569,EEG Wearable,E1:1B:6D:10:62:56,-74,2.0,near_body,1
2026-04-07 21:10:24.170570,EEG Wearable,E1:1B:6D:10:62:56,-74,2.0,near_body,1
2026-04-07 21:10:25.109708,EEG Wearable,E1:1B:6D:10:62:56,-64,2.0,near_body,1
2026-04-07 21:10:25.119846,EEG Wearable,E1:1B:6D:10:62:56,-64,2.0,near_body,1
2026-04-07 21:10:26.664998,EEG Wearable,E1:1B:6D:10:62:56,-74,2.0,near_body,1
2026-04-07 21:10:26.670676,EEG Wearable,E1:1B:6D:10:62:56,-74,2.0,near_body,1
2026-04-07 21:10:26.758025,EEG Wearable,E1:1B:6D:10:62:56,-72,2.0,near_body,1
2026-04-07 21:10:27.699243,EEG Wearable,E1:1B:6D:10:62:56,-73,2.0,near_body,1
2026-04-07 21:10:27.719259,EEG Wearable,E1:1B:6D:10:62:56,-73,2.0,near_body,1
2026-04-07 21:10:28.560245,EEG Wearable,E1:1B:6D:10:62:56,-68,2.0,near_body,1
2026-04-07 21:10:28.577349,EEG Wearable,E1:1B:6D:10:62:56,-71,2.0,near_body,1
2026-04-07 21:10:28.655925,EEG Wearable,E1:1B:6D:10:62:56,-64,2.0,near_body,1
2026-04-07 21:10:28.666167,EEG Wearable,E1:1B:6D:10:62:56,-64,2.0,near_body,1
2026-04-07 21:10:29.490736,EEG Wearable,E1:1B:6D:10:62:56,-72,2.0,near_body,1
2026-04-07 21:10:29.504731,EEG Wearable,E1:1B:6D:10:62:56,-72,2.0,near_body,1
2026-04-07 21:10:31.715356,EEG Wearable,E1:1B:6D:10:62:56,-70,2.0,near_body,1
2026-04-07 21:10:31.730331,EEG Wearable,E1:1B:6D:10:62:56,-70,2.0,near_body,1
2026-04-07 21:10:32.559123,EEG Wearable,E1:1B:6D:10:62:56,-64,2.0,near_body,1
2026-04-07 21:10:32.567209,EEG Wearable,E1:1B:6D:10:62:56,-64,2.0,near_body,1
2026-04-07 21:10:32.662757,EEG Wearable,E1:1B:6D:10:62:56,-71,2.0,near_body,1
2026-04-07 21:10:32.684288,EEG Wearable,E1:1B:6D:10:62:56,-71,2.0,near_body,1
2026-04-07 21:10:33.508202,EEG Wearable,E1:1B:6D:10:62:56,-69,2.0,near_body,1
2026-04-07 21:10:33.524591,EEG Wearable,E1:1B:6D:10:62:56,-69,2.0,near_body,1
2026-04-07 21:10:34.471852,EEG Wearable,E1:1B:6D:10:62:56,-70,2.0,near_body,1
2026-04-07 21:10:34.477868,EEG Wearable,E1:1B:6D:10:62:56,-70,2.0,near_body,1
2026-04-07 21:10:38.230599,EEG Wearable,E1:1B:6D:10:62:56,-64,2.0,near_body,1
2026-04-07 21:10:38.237621,EEG Wearable,E1:1B:6D:10:62:56,-64,2.0,near_body,1
2026-04-07 21:10:39.187992,EEG Wearable,E1:1B:6D:10:62:56,-68,2.0,near_body,1
2026-04-07 21:10:39.193508,EEG Wearable,E1:1B:6D:10:62:56,-68,2.0,near_body,1
2026-04-07 21:10:39.276472,EEG Wearable,E1:1B:6D:10:62:56,-64,2.0,near_body,1
2026-04-07 21:10:39.295748,EEG Wearable,E1:1B:6D:10:62:56,-64,2.0,near_body,1
2026-04-07 21:10:40.253745,EEG Wearable,E1:1B:6D:10:62:56,-68,2.0,near_body,1
2026-04-07 21:10:40.257943,EEG Wearable,E1:1B:6D:10:62:56,-68,2.0,near_body,1
2026-04-07 21:10:41.174535,EEG Wearable,E1:1B:6D:10:62:56,-69,2.0,near_body,1
2026-04-07 21:10:41.195647,EEG Wearable,E1:1B:6D:10:62:56,-69,2.0,near_body,1
2026-04-07 21:10:41.791616,EEG Wearable,E1:1B:6D:10:62:56,-64,2.0,near_body,1
2026-04-07 21:10:41.796560,EEG Wearable,E1:1B:6D:10:62:56,-64,2.0,near_body,1
2026-04-07 21:10:42.008757,EEG Wearable,E1:1B:6D:10:62:56,-68,2.0,near_body,1
2026-04-07 21:10:42.012767,EEG Wearable,E1:1B:6D:10:62:56,-68,2.0,near_body,1
2026-04-07 21:10:42.864310,EEG Wearable,E1:1B:6D:10:62:56,-64,2.0,near_body,1
2026-04-07 21:10:42.869828,EEG Wearable,E1:1B:6D:10:62:56,-64,2.0,near_body,1
2026-04-07 21:10:42.941658,EEG Wearable,E1:1B:6D:10:62:56,-68,2.0,near_body,1
2026-04-07 21:10:42.966509,EEG Wearable,E1:1B:6D:10:62:56,-68,2.0,near_body,1
2026-04-07 21:10:43.908173,EEG Wearable,E1:1B:6D:10:62:56,-64,2.0,near_body,1
2026-04-07 21:10:43.914375,EEG Wearable,E1:1B:6D:10:62:56,-64,2.0,near_body,1
2026-04-07 21:10:44.836722,EEG Wearable,E1:1B:6D:10:62:56,-68,2.0,near_body,1
2026-04-07 21:10:44.859670,EEG Wearable,E1:1B:6D:10:62:56,-68,2.0,near_body,1
2026-04-07 21:10:46.741081,EEG Wearable,E1:1B:6D:10:62:56,-65,2.0,near_body,1
2026-04-07 21:10:46.763019,EEG Wearable,E1:1B:6D:10:62:56,-65,2.0,near_body,1
2026-04-07 21:10:47.821566,EEG Wearable,E1:1B:6D:10:62:56,-65,2.0,near_body,1
2026-04-07 21:10:47.827079,EEG Wearable,E1:1B:6D:10:62:56,-65,2.0,near_body,1
2026-04-07 21:10:47.923677,EEG Wearable,E1:1B:6D:10:62:56,-68,2.0,near_body,1
2026-04-07 21:10:47.929434,EEG Wearable,E1:1B:6D:10:62:56,-68,2.0,near_body,1
2026-04-07 21:10:48.743683,EEG Wearable,E1:1B:6D:10:62:56,-67,2.0,near_body,1
2026-04-07 21:11:05.390197,EEG Wearable,E1:1B:6D:10:62:56,-93,2.0,near_body,2
2026-04-07 21:11:06.129382,EEG Wearable,E1:1B:6D:10:62:56,-73,2.0,near_body,2
2026-04-07 21:11:06.129382,EEG Wearable,E1:1B:6D:10:62:56,-73,2.0,near_body,2
2026-04-07 21:11:06.221178,EEG Wearable,E1:1B:6D:10:62:56,-66,2.0,near_body,2
2026-04-07 21:11:06.241041,EEG Wearable,E1:1B:6D:10:62:56,-66,2.0,near_body,2
2026-04-07 21:11:06.348908,EEG Wearable,E1:1B:6D:10:62:56,-77,2.0,near_body,2
2026-04-07 21:11:07.178374,EEG Wearable,E1:1B:6D:10:62:56,-76,2.0,near_body,2
2026-04-07 21:11:07.185401,EEG Wearable,E1:1B:6D:10:62:56,-76,2.0,near_body,2
2026-04-07 21:11:08.128277,EEG Wearable,E1:1B:6D:10:62:56,-80,2.0,near_body,2
2026-04-07 21:11:08.133754,EEG Wearable,E1:1B:6D:10:62:56,-80,2.0,near_body,2
2026-04-07 21:11:09.164426,EEG Wearable,E1:1B:6D:10:62:56,-79,2.0,near_body,2
2026-04-07 21:11:09.178508,EEG Wearable,E1:1B:6D:10:62:56,-79,2.0,near_body,2
2026-04-07 21:11:10.002864,EEG Wearable,E1:1B:6D:10:62:56,-75,2.0,near_body,2
2026-04-07 21:11:10.019106,EEG Wearable,E1:1B:6D:10:62:56,-75,2.0,near_body,2
2026-04-07 21:11:10.972851,EEG Wearable,E1:1B:6D:10:62:56,-77,2.0,near_body,2
2026-04-07 21:11:10.980618,EEG Wearable,E1:1B:6D:10:62:56,-77,2.0,near_body,2
2026-04-07 21:11:11.058685,EEG Wearable,E1:1B:6D:10:62:56,-75,2.0,near_body,2
2026-04-07 21:11:11.088309,EEG Wearable,E1:1B:6D:10:62:56,-75,2.0,near_body,2
2026-04-07 21:11:11.771862,EEG Wearable,E1:1B:6D:10:62:56,-73,2.0,near_body,2
2026-04-07 21:11:12.078267,EEG Wearable,E1:1B:6D:10:62:56,-65,2.0,near_body,2
2026-04-07 21:11:12.097048,EEG Wearable,E1:1B:6D:10:62:56,-65,2.0,near_body,2
2026-04-07 21:11:12.510682,EEG Wearable,E1:1B:6D:10:62:56,-73,2.0,near_body,2
2026-04-07 21:11:12.604228,EEG Wearable,E1:1B:6D:10:62:56,-65,2.0,near_body,2
2026-04-07 21:11:12.615932,EEG Wearable,E1:1B:6D:10:62:56,-65,2.0,near_body,2
2026-04-07 21:11:12.721469,EEG Wearable,E1:1B:6D:10:62:56,-75,2.0,near_body,2
2026-04-07 21:11:12.743019,EEG Wearable,E1:1B:6D:10:62:56,-75,2.0,near_body,2
2026-04-07 21:11:14.765381,EEG Wearable,E1:1B:6D:10:62:56,-65,2.0,near_body,2
2026-04-07 21:11:14.768905,EEG Wearable,E1:1B:6D:10:62:56,-65,2.0,near_body,2
2026-04-07 21:11:15.892681,EEG Wearable,E1:1B:6D:10:62:56,-74,2.0,near_body,2
2026-04-07 21:11:15.907251,EEG Wearable,E1:1B:6D:10:62:56,-75,2.0,near_body,2
2026-04-07 21:11:16.742499,EEG Wearable,E1:1B:6D:10:62:56,-72,2.0,near_body,2
2026-04-07 21:11:16.748517,EEG Wearable,E1:1B:6D:10:62:56,-72,2.0,near_body,2
2026-04-07 21:11:18.640071,EEG Wearable,E1:1B:6D:10:62:56,-65,2.0,near_body,2
2026-04-07 21:11:18.657816,EEG Wearable,E1:1B:6D:10:62:56,-65,2.0,near_body,2
2026-04-07 21:11:18.741701,EEG Wearable,E1:1B:6D:10:62:56,-75,2.0,near_body,2
2026-04-07 21:11:18.764060,EEG Wearable,E1:1B:6D:10:62:56,-75,2.0,near_body,2
2026-04-07 21:11:18.842958,EEG Wearable,E1:1B:6D:10:62:56,-73,2.0,near_body,2
2026-04-07 21:11:18.859849,EEG Wearable,E1:1B:6D:10:62:56,-73,2.0,near_body,2
2026-04-07 21:11:19.704256,EEG Wearable,E1:1B:6D:10:62:56,-65,2.0,near_body,2
2026-04-07 21:11:19.710480,EEG Wearable,E1:1B:6D:10:62:56,-65,2.0,near_body,2
2026-04-07 21:11:20.894172,EEG Wearable,E1:1B:6D:10:62:56,-73,2.0,near_body,2
2026-04-07 21:11:22.047284,EEG Wearable,E1:1B:6D:10:62:56,-65,2.0,near_body,2
2026-04-07 21:11:22.053299,EEG Wearable,E1:1B:6D:10:62:56,-65,2.0,near_body,2
2026-04-07 21:11:22.887553,EEG Wearable,E1:1B:6D:10:62:56,-65,2.0,near_body,2
2026-04-07 21:11:22.887553,EEG Wearable,E1:1B:6D:10:62:56,-65,2.0,near_body,2
2026-04-07 21:11:22.986812,EEG Wearable,E1:1B:6D:10:62:56,-74,2.0,near_body,2
2026-04-07 21:11:23.009191,EEG Wearable,E1:1B:6D:10:62:56,-74,2.0,near_body,2
2026-04-07 21:11:23.954357,EEG Wearable,E1:1B:6D:10:62:56,-65,2.0,near_body,2
2026-04-07 21:11:23.958282,EEG Wearable,E1:1B:6D:10:62:56,-65,2.0,near_body,2
2026-04-07 21:11:24.051802,EEG Wearable,E1:1B:6D:10:62:56,-73,2.0,near_body,2
2026-04-07 21:11:24.073836,EEG Wearable,E1:1B:6D:10:62:56,-73,2.0,near_body,2
2026-04-07 21:11:24.988611,EEG Wearable,E1:1B:6D:10:62:56,-65,2.0,near_body,2
2026-04-07 21:11:25.838951,EEG Wearable,E1:1B:6D:10:62:56,-73,2.0,near_body,2
2026-04-07 21:11:25.838951,EEG Wearable,E1:1B:6D:10:62:56,-73,2.0,near_body,2
2026-04-07 21:11:25.936881,EEG Wearable,E1:1B:6D:10:62:56,-72,2.0,near_body,2
2026-04-07 21:11:25.956892,EEG Wearable,E1:1B:6D:10:62:56,-72,2.0,near_body,2
2026-04-07 21:11:26.770327,EEG Wearable,E1:1B:6D:10:62:56,-65,2.0,near_body,2
2026-04-07 21:11:26.778540,EEG Wearable,E1:1B:6D:10:62:56,-65,2.0,near_body,2
2026-04-07 21:11:27.518855,EEG Wearable,E1:1B:6D:10:62:56,-65,2.0,near_body,2
2026-04-07 21:11:27.525875,EEG Wearable,E1:1B:6D:10:62:56,-65,2.0,near_body,2
2026-04-07 21:11:28.544077,EEG Wearable,E1:1B:6D:10:62:56,-65,2.0,near_body,2
2026-04-07 21:11:28.563875,EEG Wearable,E1:1B:6D:10:62:56,-65,2.0,near_body,2
2026-04-07 21:11:28.652509,EEG Wearable,E1:1B:6D:10:62:56,-73,2.0,near_body,2
2026-04-07 21:11:28.672071,EEG Wearable,E1:1B:6D:10:62:56,-74,2.0,near_body,2
2026-04-07 21:11:29.489053,EEG Wearable,E1:1B:6D:10:62:56,-72,2.0,near_body,2
2026-04-07 21:11:29.502714,EEG Wearable,E1:1B:6D:10:62:56,-72,2.0,near_body,2
2026-04-07 21:11:30.330324,EEG Wearable,E1:1B:6D:10:62:56,-65,2.0,near_body,2
2026-04-07 21:11:30.343263,EEG Wearable,E1:1B:6D:10:62:56,-65,2.0,near_body,2
2026-04-07 21:11:30.545941,EEG Wearable,E1:1B:6D:10:62:56,-71,2.0,near_body,2
2026-04-07 21:11:30.550428,EEG Wearable,E1:1B:6D:10:62:56,-72,2.0,near_body,2
2026-04-07 21:11:31.380738,EEG Wearable,E1:1B:6D:10:62:56,-65,2.0,near_body,2
2026-04-07 21:11:31.402405,EEG Wearable,E1:1B:6D:10:62:56,-65,2.0,near_body,2
2026-04-07 21:11:31.504335,EEG Wearable,E1:1B:6D:10:62:56,-73,2.0,near_body,2
2026-04-07 21:11:31.518796,EEG Wearable,E1:1B:6D:10:62:56,-73,2.0,near_body,2
2026-04-07 21:11:32.434799,EEG Wearable,E1:1B:6D:10:62:56,-65,2.0,near_body,2
2026-04-07 21:11:32.453514,EEG Wearable,E1:1B:6D:10:62:56,-65,2.0,near_body,2
2026-04-07 21:11:33.285638,EEG Wearable,E1:1B:6D:10:62:56,-72,2.0,near_body,2
2026-04-07 21:11:33.292365,EEG Wearable,E1:1B:6D:10:62:56,-72,2.0,near_body,2
2026-04-07 21:11:34.202749,EEG Wearable,E1:1B:6D:10:62:56,-65,2.0,near_body,2
2026-04-07 21:11:34.217945,EEG Wearable,E1:1B:6D:10:62:56,-65,2.0,near_body,2
2026-04-07 21:12:09.405179,EEG Wearable,E1:1B:6D:10:62:56,-72,2.0,near_body,3
2026-04-07 21:12:09.425764,EEG Wearable,E1:1B:6D:10:62:56,-72,2.0,near_body,3
2026-04-07 21:12:10.128343,EEG Wearable,E1:1B:6D:10:62:56,-73,2.0,near_body,3
2026-04-07 21:12:10.137459,EEG Wearable,E1:1B:6D:10:62:56,-73,2.0,near_body,3
2026-04-07 21:12:11.095079,EEG Wearable,E1:1B:6D:10:62:56,-66,2.0,near_body,3
2026-04-07 21:12:11.111113,EEG Wearable,E1:1B:6D:10:62:56,-66,2.0,near_body,3
2026-04-07 21:12:11.207378,EEG Wearable,E1:1B:6D:10:62:56,-79,2.0,near_body,3
2026-04-07 21:12:11.217859,EEG Wearable,E1:1B:6D:10:62:56,-79,2.0,near_body,3
2026-04-07 21:12:12.015530,EEG Wearable,E1:1B:6D:10:62:56,-73,2.0,near_body,3
2026-04-07 21:12:12.131220,EEG Wearable,E1:1B:6D:10:62:56,-66,2.0,near_body,3
2026-04-07 21:12:12.148399,EEG Wearable,E1:1B:6D:10:62:56,-66,2.0,near_body,3
2026-04-07 21:12:12.966247,EEG Wearable,E1:1B:6D:10:62:56,-77,2.0,near_body,3
2026-04-07 21:12:12.987832,EEG Wearable,E1:1B:6D:10:62:56,-78,2.0,near_body,3
2026-04-07 21:12:14.014653,EEG Wearable,E1:1B:6D:10:62:56,-77,2.0,near_body,3
2026-04-07 21:12:14.037711,EEG Wearable,E1:1B:6D:10:62:56,-77,2.0,near_body,3
2026-04-07 21:12:14.969490,EEG Wearable,E1:1B:6D:10:62:56,-66,2.0,near_body,3
2026-04-07 21:12:14.984742,EEG Wearable,E1:1B:6D:10:62:56,-66,2.0,near_body,3
2026-04-07 21:12:15.906390,EEG Wearable,E1:1B:6D:10:62:56,-73,2.0,near_body,3
2026-04-07 21:12:15.929010,EEG Wearable,E1:1B:6D:10:62:56,-73,2.0,near_body,3
2026-04-07 21:12:16.758192,EEG Wearable,E1:1B:6D:10:62:56,-66,2.0,near_body,3
2026-04-07 21:12:16.768672,EEG Wearable,E1:1B:6D:10:62:56,-66,2.0,near_body,3
2026-04-07 21:12:18.755810,EEG Wearable,E1:1B:6D:10:62:56,-73,2.0,near_body,3
2026-04-07 21:12:18.776506,EEG Wearable,E1:1B:6D:10:62:56,-73,2.0,near_body,3
2026-04-07 21:12:20.559635,EEG Wearable,E1:1B:6D:10:62:56,-73,2.0,near_body,3
2026-04-07 21:12:20.559635,EEG Wearable,E1:1B:6D:10:62:56,-73,2.0,near_body,3
2026-04-07 21:12:20.637179,EEG Wearable,E1:1B:6D:10:62:56,-65,2.0,near_body,3
2026-04-07 21:12:20.661732,EEG Wearable,E1:1B:6D:10:62:56,-65,2.0,near_body,3
2026-04-07 21:12:20.746917,EEG Wearable,E1:1B:6D:10:62:56,-77,2.0,near_body,3
2026-04-07 21:12:20.766950,EEG Wearable,E1:1B:6D:10:62:56,-77,2.0,near_body,3
2026-04-07 21:12:21.709740,EEG Wearable,E1:1B:6D:10:62:56,-65,2.0,near_body,3
2026-04-07 21:12:21.727095,EEG Wearable,E1:1B:6D:10:62:56,-65,2.0,near_body,3
2026-04-07 21:12:22.767058,EEG Wearable,E1:1B:6D:10:62:56,-65,2.0,near_body,3
2026-04-07 21:12:22.773080,EEG Wearable,E1:1B:6D:10:62:56,-65,2.0,near_body,3
2026-04-07 21:12:23.604406,EEG Wearable,E1:1B:6D:10:62:56,-75,2.0,near_body,3
2026-04-07 21:12:23.616255,EEG Wearable,E1:1B:6D:10:62:56,-76,2.0,near_body,3
2026-04-07 21:12:23.696154,EEG Wearable,E1:1B:6D:10:62:56,-73,2.0,near_body,3
2026-04-07 21:12:24.761614,EEG Wearable,E1:1B:6D:10:62:56,-74,2.0,near_body,3
2026-04-07 21:12:24.779663,EEG Wearable,E1:1B:6D:10:62:56,-74,2.0,near_body,3
2026-04-07 21:12:25.623788,EEG Wearable,E1:1B:6D:10:62:56,-65,2.0,near_body,3
2026-04-07 21:12:25.629391,EEG Wearable,E1:1B:6D:10:62:56,-65,2.0,near_body,3
2026-04-07 21:12:25.722768,EEG Wearable,E1:1B:6D:10:62:56,-75,2.0,near_body,3
2026-04-07 21:12:25.728287,EEG Wearable,E1:1B:6D:10:62:56,-75,2.0,near_body,3
2026-04-07 21:12:27.494805,EEG Wearable,E1:1B:6D:10:62:56,-76,2.0,near_body,3
2026-04-07 21:12:28.327592,EEG Wearable,E1:1B:6D:10:62:56,-74,2.0,near_body,3
2026-04-07 21:12:28.338806,EEG Wearable,E1:1B:6D:10:62:56,-74,2.0,near_body,3
2026-04-07 21:12:28.419853,EEG Wearable,E1:1B:6D:10:62:56,-65,2.0,near_body,3
2026-04-07 21:12:28.440597,EEG Wearable,E1:1B:6D:10:62:56,-65,2.0,near_body,3
2026-04-07 21:12:29.378791,EEG Wearable,E1:1B:6D:10:62:56,-84,2.0,near_body,3
2026-04-07 21:12:29.382622,EEG Wearable,E1:1B:6D:10:62:56,-84,2.0,near_body,3
2026-04-07 21:12:30.349397,EEG Wearable,E1:1B:6D:10:62:56,-70,2.0,near_body,3
2026-04-07 21:12:30.349397,EEG Wearable,E1:1B:6D:10:62:56,-70,2.0,near_body,3
2026-04-07 21:12:30.471416,EEG Wearable,E1:1B:6D:10:62:56,-84,2.0,near_body,3
2026-04-07 21:12:30.479112,EEG Wearable,E1:1B:6D:10:62:56,-84,2.0,near_body,3
2026-04-07 21:12:32.441555,EEG Wearable,E1:1B:6D:10:62:56,-70,2.0,near_body,3
2026-04-07 21:12:32.460754,EEG Wearable,E1:1B:6D:10:62:56,-70,2.0,near_body,3
2026-04-07 21:12:33.273343,EEG Wearable,E1:1B:6D:10:62:56,-74,2.0,near_body,3
2026-04-07 21:12:34.338284,EEG Wearable,E1:1B:6D:10:62:56,-78,2.0,near_body,3
2026-04-07 21:12:34.361687,EEG Wearable,E1:1B:6D:10:62:56,-78,2.0,near_body,3
2026-04-07 21:12:35.271088,EEG Wearable,E1:1B:6D:10:62:56,-73,2.0,near_body,3
2026-04-07 21:12:35.288144,EEG Wearable,E1:1B:6D:10:62:56,-73,2.0,near_body,3
2026-04-07 21:12:36.120812,EEG Wearable,E1:1B:6D:10:62:56,-73,2.0,near_body,3
2026-04-07 21:12:36.134482,EEG Wearable,E1:1B:6D:10:62:56,-76,2.0,near_body,3
2026-04-07 21:12:36.218104,EEG Wearable,E1:1B:6D:10:62:56,-73,2.0,near_body,3
2026-04-07 21:12:36.238301,EEG Wearable,E1:1B:6D:10:62:56,-73,2.0,near_body,3
2026-04-07 21:12:36.937763,EEG Wearable,E1:1B:6D:10:62:56,-77,2.0,near_body,3
2026-04-07 21:12:36.951743,EEG Wearable,E1:1B:6D:10:62:56,-77,2.0,near_body,3
2026-04-07 21:12:37.049570,EEG Wearable,E1:1B:6D:10:62:56,-79,2.0,near_body,3
2026-04-07 21:12:37.993374,EEG Wearable,E1:1B:6D:10:62:56,-71,2.0,near_body,3
2026-04-07 21:12:38.007186,EEG Wearable,E1:1B:6D:10:62:56,-71,2.0,near_body,3
2026-04-07 21:12:38.943974,EEG Wearable,E1:1B:6D:10:62:56,-74,2.0,near_body,3
2026-04-07 21:12:38.959582,EEG Wearable,E1:1B:6D:10:62:56,-74,2.0,near_body,3
2026-04-07 21:19:49.878207,EEG Wearable,E1:1B:6D:10:62:56,-72,3.0,near_body,1
2026-04-07 21:19:49.885202,EEG Wearable,E1:1B:6D:10:62:56,-72,3.0,near_body,1
2026-04-07 21:19:50.812924,EEG Wearable,E1:1B:6D:10:62:56,-66,3.0,near_body,1
2026-04-07 21:19:50.817698,EEG Wearable,E1:1B:6D:10:62:56,-66,3.0,near_body,1
2026-04-07 21:19:51.543676,EEG Wearable,E1:1B:6D:10:62:56,-67,3.0,near_body,1
2026-04-07 21:19:51.570852,EEG Wearable,E1:1B:6D:10:62:56,-67,3.0,near_body,1
2026-04-07 21:19:51.763486,EEG Wearable,E1:1B:6D:10:62:56,-69,3.0,near_body,1
2026-04-07 21:19:51.783761,EEG Wearable,E1:1B:6D:10:62:56,-69,3.0,near_body,1
2026-04-07 21:19:52.924515,EEG Wearable,E1:1B:6D:10:62:56,-64,3.0,near_body,1
2026-04-07 21:19:52.940972,EEG Wearable,E1:1B:6D:10:62:56,-64,3.0,near_body,1
2026-04-07 21:19:53.872414,EEG Wearable,E1:1B:6D:10:62:56,-64,3.0,near_body,1
2026-04-07 21:19:53.884853,EEG Wearable,E1:1B:6D:10:62:56,-64,3.0,near_body,1
2026-04-07 21:19:55.769627,EEG Wearable,E1:1B:6D:10:62:56,-63,3.0,near_body,1
2026-04-07 21:19:55.787780,EEG Wearable,E1:1B:6D:10:62:56,-63,3.0,near_body,1
2026-04-07 21:19:56.600118,EEG Wearable,E1:1B:6D:10:62:56,-68,3.0,near_body,1
2026-04-07 21:19:56.616133,EEG Wearable,E1:1B:6D:10:62:56,-68,3.0,near_body,1
2026-04-07 21:19:56.701214,EEG Wearable,E1:1B:6D:10:62:56,-64,3.0,near_body,1
2026-04-07 21:19:56.727875,EEG Wearable,E1:1B:6D:10:62:56,-64,3.0,near_body,1
2026-04-07 21:19:57.438532,EEG Wearable,E1:1B:6D:10:62:56,-64,3.0,near_body,1
2026-04-07 21:19:57.451134,EEG Wearable,E1:1B:6D:10:62:56,-64,3.0,near_body,1
2026-04-07 21:19:57.526987,EEG Wearable,E1:1B:6D:10:62:56,-62,3.0,near_body,1
2026-04-07 21:19:57.556756,EEG Wearable,E1:1B:6D:10:62:56,-62,3.0,near_body,1
2026-04-07 21:19:58.376231,EEG Wearable,E1:1B:6D:10:62:56,-68,3.0,near_body,1
2026-04-07 21:19:58.392905,EEG Wearable,E1:1B:6D:10:62:56,-68,3.0,near_body,1
2026-04-07 21:19:58.478631,EEG Wearable,E1:1B:6D:10:62:56,-64,3.0,near_body,1
2026-04-07 21:19:58.499545,EEG Wearable,E1:1B:6D:10:62:56,-64,3.0,near_body,1
2026-04-07 21:20:00.069516,EEG Wearable,E1:1B:6D:10:62:56,-62,3.0,near_body,1
2026-04-07 21:20:00.069516,EEG Wearable,E1:1B:6D:10:62:56,-62,3.0,near_body,1
2026-04-07 21:20:00.166751,EEG Wearable,E1:1B:6D:10:62:56,-68,3.0,near_body,1
2026-04-07 21:20:00.179957,EEG Wearable,E1:1B:6D:10:62:56,-68,3.0,near_body,1
2026-04-07 21:20:00.249748,EEG Wearable,E1:1B:6D:10:62:56,-64,3.0,near_body,1
2026-04-07 21:20:00.265531,EEG Wearable,E1:1B:6D:10:62:56,-63,3.0,near_body,1
2026-04-07 21:20:00.990904,EEG Wearable,E1:1B:6D:10:62:56,-63,3.0,near_body,1
2026-04-07 21:20:00.994912,EEG Wearable,E1:1B:6D:10:62:56,-63,3.0,near_body,1
2026-04-07 21:20:01.195935,EEG Wearable,E1:1B:6D:10:62:56,-68,3.0,near_body,1
2026-04-07 21:20:01.215223,EEG Wearable,E1:1B:6D:10:62:56,-68,3.0,near_body,1
2026-04-07 21:20:02.049026,EEG Wearable,E1:1B:6D:10:62:56,-64,3.0,near_body,1
2026-04-07 21:20:02.055623,EEG Wearable,E1:1B:6D:10:62:56,-64,3.0,near_body,1
2026-04-07 21:20:02.147069,EEG Wearable,E1:1B:6D:10:62:56,-62,3.0,near_body,1
2026-04-07 21:20:02.162359,EEG Wearable,E1:1B:6D:10:62:56,-62,3.0,near_body,1
2026-04-07 21:20:03.077243,EEG Wearable,E1:1B:6D:10:62:56,-64,3.0,near_body,1
2026-04-07 21:20:03.106793,EEG Wearable,E1:1B:6D:10:62:56,-63,3.0,near_body,1
2026-04-07 21:20:03.723046,EEG Wearable,E1:1B:6D:10:62:56,-68,3.0,near_body,1
2026-04-07 21:20:03.730294,EEG Wearable,E1:1B:6D:10:62:56,-68,3.0,near_body,1
2026-04-07 21:20:03.828722,EEG Wearable,E1:1B:6D:10:62:56,-64,3.0,near_body,1
2026-04-07 21:20:03.851845,EEG Wearable,E1:1B:6D:10:62:56,-64,3.0,near_body,1
2026-04-07 21:20:03.910081,EEG Wearable,E1:1B:6D:10:62:56,-62,3.0,near_body,1
2026-04-07 21:20:03.924858,EEG Wearable,E1:1B:6D:10:62:56,-62,3.0,near_body,1
2026-04-07 21:20:04.664210,EEG Wearable,E1:1B:6D:10:62:56,-62,3.0,near_body,1
2026-04-07 21:20:04.668555,EEG Wearable,E1:1B:6D:10:62:56,-62,3.0,near_body,1
2026-04-07 21:20:04.741889,EEG Wearable,E1:1B:6D:10:62:56,-68,3.0,near_body,1
2026-04-07 21:20:04.761053,EEG Wearable,E1:1B:6D:10:62:56,-68,3.0,near_body,1
2026-04-07 21:20:05.588532,EEG Wearable,E1:1B:6D:10:62:56,-63,3.0,near_body,1
2026-04-07 21:20:05.592771,EEG Wearable,E1:1B:6D:10:62:56,-63,3.0,near_body,1
2026-04-07 21:20:05.689715,EEG Wearable,E1:1B:6D:10:62:56,-62,3.0,near_body,1
2026-04-07 21:20:05.714103,EEG Wearable,E1:1B:6D:10:62:56,-62,3.0,near_body,1
2026-04-07 21:20:06.648428,EEG Wearable,E1:1B:6D:10:62:56,-63,3.0,near_body,1
2026-04-07 21:20:06.648428,EEG Wearable,E1:1B:6D:10:62:56,-63,3.0,near_body,1
2026-04-07 21:20:07.487914,EEG Wearable,E1:1B:6D:10:62:56,-62,3.0,near_body,1
2026-04-07 21:20:07.491660,EEG Wearable,E1:1B:6D:10:62:56,-62,3.0,near_body,1
2026-04-07 21:20:07.598287,EEG Wearable,E1:1B:6D:10:62:56,-68,3.0,near_body,1
2026-04-07 21:20:07.614230,EEG Wearable,E1:1B:6D:10:62:56,-68,3.0,near_body,1
2026-04-07 21:20:07.692689,EEG Wearable,E1:1B:6D:10:62:56,-63,3.0,near_body,1
2026-04-07 21:20:07.714282,EEG Wearable,E1:1B:6D:10:62:56,-63,3.0,near_body,1
2026-04-07 21:20:08.646743,EEG Wearable,E1:1B:6D:10:62:56,-68,3.0,near_body,1
2026-04-07 21:20:08.664310,EEG Wearable,E1:1B:6D:10:62:56,-68,3.0,near_body,1
2026-04-07 21:20:08.752228,EEG Wearable,E1:1B:6D:10:62:56,-63,3.0,near_body,1
2026-04-07 21:20:08.767234,EEG Wearable,E1:1B:6D:10:62:56,-63,3.0,near_body,1
2026-04-07 21:20:09.511539,EEG Wearable,E1:1B:6D:10:62:56,-63,3.0,near_body,1
2026-04-07 21:20:09.518578,EEG Wearable,E1:1B:6D:10:62:56,-63,3.0,near_body,1
2026-04-07 21:20:09.608158,EEG Wearable,E1:1B:6D:10:62:56,-62,3.0,near_body,1
2026-04-07 21:20:09.612167,EEG Wearable,E1:1B:6D:10:62:56,-62,3.0,near_body,1
2026-04-07 21:20:10.436551,EEG Wearable,E1:1B:6D:10:62:56,-68,3.0,near_body,1
2026-04-07 21:20:10.449001,EEG Wearable,E1:1B:6D:10:62:56,-68,3.0,near_body,1
2026-04-07 21:20:10.522684,EEG Wearable,E1:1B:6D:10:62:56,-63,3.0,near_body,1
2026-04-07 21:20:10.548973,EEG Wearable,E1:1B:6D:10:62:56,-63,3.0,near_body,1
2026-04-07 21:20:11.468740,EEG Wearable,E1:1B:6D:10:62:56,-68,3.0,near_body,1
2026-04-07 21:20:11.484530,EEG Wearable,E1:1B:6D:10:62:56,-68,3.0,near_body,1
2026-04-07 21:20:13.359637,EEG Wearable,E1:1B:6D:10:62:56,-63,3.0,near_body,1
2026-04-07 21:20:13.390343,EEG Wearable,E1:1B:6D:10:62:56,-63,3.0,near_body,1
2026-04-07 21:20:14.197463,EEG Wearable,E1:1B:6D:10:62:56,-62,3.0,near_body,1
2026-04-07 21:20:14.212100,EEG Wearable,E1:1B:6D:10:62:56,-62,3.0,near_body,1
2026-04-07 21:20:14.312752,EEG Wearable,E1:1B:6D:10:62:56,-68,3.0,near_body,1
2026-04-07 21:20:14.330432,EEG Wearable,E1:1B:6D:10:62:56,-68,3.0,near_body,1
2026-04-07 21:20:15.142689,EEG Wearable,E1:1B:6D:10:62:56,-63,3.0,near_body,1
2026-04-07 21:20:15.162534,EEG Wearable,E1:1B:6D:10:62:56,-63,3.0,near_body,1
2026-04-07 21:20:15.975057,EEG Wearable,E1:1B:6D:10:62:56,-62,3.0,near_body,1
2026-04-07 21:20:15.991032,EEG Wearable,E1:1B:6D:10:62:56,-62,3.0,near_body,1
2026-04-07 21:20:16.086821,EEG Wearable,E1:1B:6D:10:62:56,-68,3.0,near_body,1
2026-04-07 21:20:16.102140,EEG Wearable,E1:1B:6D:10:62:56,-68,3.0,near_body,1
2026-04-07 21:20:16.918664,EEG Wearable,E1:1B:6D:10:62:56,-63,3.0,near_body,1
2026-04-07 21:20:16.934529,EEG Wearable,E1:1B:6D:10:62:56,-63,3.0,near_body,1
2026-04-07 21:20:17.020139,EEG Wearable,E1:1B:6D:10:62:56,-62,3.0,near_body,1
2026-04-07 21:20:17.044068,EEG Wearable,E1:1B:6D:10:62:56,-62,3.0,near_body,1
2026-04-07 21:20:17.990043,EEG Wearable,E1:1B:6D:10:62:56,-63,3.0,near_body,1
2026-04-07 21:20:17.994059,EEG Wearable,E1:1B:6D:10:62:56,-63,3.0,near_body,1
2026-04-07 21:20:18.084646,EEG Wearable,E1:1B:6D:10:62:56,-62,3.0,near_body,1
2026-04-07 21:20:18.101331,EEG Wearable,E1:1B:6D:10:62:56,-62,3.0,near_body,1
2026-04-07 21:20:18.821489,EEG Wearable,E1:1B:6D:10:62:56,-62,3.0,near_body,1
2026-04-07 21:20:18.827539,EEG Wearable,E1:1B:6D:10:62:56,-62,3.0,near_body,1
2026-04-07 21:20:18.911195,EEG Wearable,E1:1B:6D:10:62:56,-67,3.0,near_body,1
2026-04-07 21:20:18.925031,EEG Wearable,E1:1B:6D:10:62:56,-67,3.0,near_body,1
2026-04-07 21:20:19.748810,EEG Wearable,E1:1B:6D:10:62:56,-62,3.0,near_body,1
2026-04-07 21:20:19.766879,EEG Wearable,E1:1B:6D:10:62:56,-62,3.0,near_body,1
2026-04-07 21:20:59.823722,EEG Wearable,E1:1B:6D:10:62:56,-63,3.0,near_body,2
2026-04-07 21:20:59.828790,EEG Wearable,E1:1B:6D:10:62:56,-62,3.0,near_body,2
2026-04-07 21:20:59.905826,EEG Wearable,E1:1B:6D:10:62:56,-62,3.0,near_body,2
2026-04-07 21:20:59.923577,EEG Wearable,E1:1B:6D:10:62:56,-62,3.0,near_body,2
2026-04-07 21:21:00.025112,EEG Wearable,E1:1B:6D:10:62:56,-68,3.0,near_body,2
2026-04-07 21:21:00.038902,EEG Wearable,E1:1B:6D:10:62:56,-68,3.0,near_body,2
2026-04-07 21:21:00.871665,EEG Wearable,E1:1B:6D:10:62:56,-62,3.0,near_body,2
2026-04-07 21:21:00.876231,EEG Wearable,E1:1B:6D:10:62:56,-62,3.0,near_body,2
2026-04-07 21:21:00.978949,EEG Wearable,E1:1B:6D:10:62:56,-62,3.0,near_body,2
2026-04-07 21:21:00.995773,EEG Wearable,E1:1B:6D:10:62:56,-62,3.0,near_body,2
2026-04-07 21:21:02.867952,EEG Wearable,E1:1B:6D:10:62:56,-67,3.0,near_body,2
2026-04-07 21:21:02.887246,EEG Wearable,E1:1B:6D:10:62:56,-67,3.0,near_body,2
2026-04-07 21:21:03.941423,EEG Wearable,E1:1B:6D:10:62:56,-67,3.0,near_body,2
2026-04-07 21:21:03.947437,EEG Wearable,E1:1B:6D:10:62:56,-67,3.0,near_body,2
2026-04-07 21:21:04.879498,EEG Wearable,E1:1B:6D:10:62:56,-62,3.0,near_body,2
2026-04-07 21:21:04.888065,EEG Wearable,E1:1B:6D:10:62:56,-62,3.0,near_body,2
2026-04-07 21:21:04.980290,EEG Wearable,E1:1B:6D:10:62:56,-67,3.0,near_body,2
2026-04-07 21:21:04.999261,EEG Wearable,E1:1B:6D:10:62:56,-67,3.0,near_body,2
2026-04-07 21:21:06.540422,EEG Wearable,E1:1B:6D:10:62:56,-62,3.0,near_body,2
2026-04-07 21:21:06.564035,EEG Wearable,E1:1B:6D:10:62:56,-62,3.0,near_body,2
2026-04-07 21:21:06.646408,EEG Wearable,E1:1B:6D:10:62:56,-62,3.0,near_body,2
2026-04-07 21:21:06.662533,EEG Wearable,E1:1B:6D:10:62:56,-62,3.0,near_body,2
2026-04-07 21:21:07.360982,EEG Wearable,E1:1B:6D:10:62:56,-62,3.0,near_body,2
2026-04-07 21:21:07.381650,EEG Wearable,E1:1B:6D:10:62:56,-62,3.0,near_body,2
2026-04-07 21:21:07.475315,EEG Wearable,E1:1B:6D:10:62:56,-67,3.0,near_body,2
2026-04-07 21:21:07.489220,EEG Wearable,E1:1B:6D:10:62:56,-67,3.0,near_body,2
2026-04-07 21:21:08.297083,EEG Wearable,E1:1B:6D:10:62:56,-62,3.0,near_body,2
2026-04-07 21:21:08.310897,EEG Wearable,E1:1B:6D:10:62:56,-62,3.0,near_body,2
2026-04-07 21:21:09.245728,EEG Wearable,E1:1B:6D:10:62:56,-67,3.0,near_body,2
2026-04-07 21:21:09.256175,EEG Wearable,E1:1B:6D:10:62:56,-67,3.0,near_body,2
2026-04-07 21:21:10.075854,EEG Wearable,E1:1B:6D:10:62:56,-62,3.0,near_body,2
2026-04-07 21:21:10.082142,EEG Wearable,E1:1B:6D:10:62:56,-62,3.0,near_body,2
2026-04-07 21:21:10.925995,EEG Wearable,E1:1B:6D:10:62:56,-62,3.0,near_body,2
2026-04-07 21:21:10.925995,EEG Wearable,E1:1B:6D:10:62:56,-62,3.0,near_body,2
2026-04-07 21:21:11.034011,EEG Wearable,E1:1B:6D:10:62:56,-67,3.0,near_body,2
2026-04-07 21:21:11.037762,EEG Wearable,E1:1B:6D:10:62:56,-67,3.0,near_body,2
2026-04-07 21:21:11.977087,EEG Wearable,E1:1B:6D:10:62:56,-62,3.0,near_body,2
2026-04-07 21:21:11.981111,EEG Wearable,E1:1B:6D:10:62:56,-62,3.0,near_body,2
2026-04-07 21:21:12.074907,EEG Wearable,E1:1B:6D:10:62:56,-67,3.0,near_body,2
2026-04-07 21:21:12.094106,EEG Wearable,E1:1B:6D:10:62:56,-67,3.0,near_body,2
2026-04-07 21:21:12.914133,EEG Wearable,E1:1B:6D:10:62:56,-62,3.0,near_body,2
2026-04-07 21:21:12.932858,EEG Wearable,E1:1B:6D:10:62:56,-62,3.0,near_body,2
2026-04-07 21:21:13.021709,EEG Wearable,E1:1B:6D:10:62:56,-62,3.0,near_body,2
2026-04-07 21:21:13.038334,EEG Wearable,E1:1B:6D:10:62:56,-62,3.0,near_body,2
2026-04-07 21:21:15.030465,EEG Wearable,E1:1B:6D:10:62:56,-62,3.0,near_body,2
2026-04-07 21:21:15.041865,EEG Wearable,E1:1B:6D:10:62:56,-62,3.0,near_body,2
2026-04-07 21:21:16.099465,EEG Wearable,E1:1B:6D:10:62:56,-62,3.0,near_body,2
2026-04-07 21:21:16.109660,EEG Wearable,E1:1B:6D:10:62:56,-62,3.0,near_body,2
2026-04-07 21:21:17.050253,EEG Wearable,E1:1B:6D:10:62:56,-67,3.0,near_body,2
2026-04-07 21:21:17.066308,EEG Wearable,E1:1B:6D:10:62:56,-67,3.0,near_body,2
2026-04-07 21:21:17.154717,EEG Wearable,E1:1B:6D:10:62:56,-62,3.0,near_body,2
2026-04-07 21:21:17.172760,EEG Wearable,E1:1B:6D:10:62:56,-62,3.0,near_body,2
2026-04-07 21:21:18.106554,EEG Wearable,E1:1B:6D:10:62:56,-67,3.0,near_body,2
2026-04-07 21:21:18.123677,EEG Wearable,E1:1B:6D:10:62:56,-67,3.0,near_body,2
2026-04-07 21:21:18.215851,EEG Wearable,E1:1B:6D:10:62:56,-62,3.0,near_body,2
2026-04-07 21:21:18.239571,EEG Wearable,E1:1B:6D:10:62:56,-62,3.0,near_body,2
2026-04-07 21:21:19.065669,EEG Wearable,E1:1B:6D:10:62:56,-62,3.0,near_body,2
2026-04-07 21:21:19.071681,EEG Wearable,E1:1B:6D:10:62:56,-62,3.0,near_body,2
2026-04-07 21:21:19.182008,EEG Wearable,E1:1B:6D:10:62:56,-67,3.0,near_body,2
2026-04-07 21:21:19.185842,EEG Wearable,E1:1B:6D:10:62:56,-67,3.0,near_body,2
2026-04-07 21:21:20.013464,EEG Wearable,E1:1B:6D:10:62:56,-62,3.0,near_body,2
2026-04-07 21:21:20.026420,EEG Wearable,E1:1B:6D:10:62:56,-62,3.0,near_body,2
2026-04-07 21:21:20.114475,EEG Wearable,E1:1B:6D:10:62:56,-62,3.0,near_body,2
2026-04-07 21:21:20.118697,EEG Wearable,E1:1B:6D:10:62:56,-62,3.0,near_body,2
2026-04-07 21:21:20.854537,EEG Wearable,E1:1B:6D:10:62:56,-62,3.0,near_body,2
2026-04-07 21:21:20.869740,EEG Wearable,E1:1B:6D:10:62:56,-62,3.0,near_body,2
2026-04-07 21:21:22.045266,EEG Wearable,E1:1B:6D:10:62:56,-68,3.0,near_body,2
2026-04-07 21:21:22.049277,EEG Wearable,E1:1B:6D:10:62:56,-68,3.0,near_body,2
2026-04-07 21:21:22.110920,EEG Wearable,E1:1B:6D:10:62:56,-62,3.0,near_body,2
2026-04-07 21:21:22.119506,EEG Wearable,E1:1B:6D:10:62:56,-62,3.0,near_body,2
2026-04-07 21:21:22.852681,EEG Wearable,E1:1B:6D:10:62:56,-62,3.0,near_body,2
2026-04-07 21:21:22.947879,EEG Wearable,E1:1B:6D:10:62:56,-62,3.0,near_body,2
2026-04-07 21:21:22.963770,EEG Wearable,E1:1B:6D:10:62:56,-62,3.0,near_body,2
2026-04-07 21:21:23.902528,EEG Wearable,E1:1B:6D:10:62:56,-62,3.0,near_body,2
2026-04-07 21:21:23.908544,EEG Wearable,E1:1B:6D:10:62:56,-62,3.0,near_body,2
2026-04-07 21:21:25.931969,EEG Wearable,E1:1B:6D:10:62:56,-67,3.0,near_body,2
2026-04-07 21:21:25.931969,EEG Wearable,E1:1B:6D:10:62:56,-67,3.0,near_body,2
2026-04-07 21:21:27.815457,EEG Wearable,E1:1B:6D:10:62:56,-62,3.0,near_body,2
2026-04-07 21:21:27.822559,EEG Wearable,E1:1B:6D:10:62:56,-62,3.0,near_body,2
2026-04-07 21:21:27.907652,EEG Wearable,E1:1B:6D:10:62:56,-62,3.0,near_body,2
2026-04-07 21:21:27.912615,EEG Wearable,E1:1B:6D:10:62:56,-62,3.0,near_body,2
2026-04-07 21:21:38.217493,EEG Wearable,E1:1B:6D:10:62:56,-62,3.0,near_body,3
2026-04-07 21:21:38.225515,EEG Wearable,E1:1B:6D:10:62:56,-62,3.0,near_body,3
2026-04-07 21:21:38.293308,EEG Wearable,E1:1B:6D:10:62:56,-67,3.0,near_body,3
2026-04-07 21:21:38.322466,EEG Wearable,E1:1B:6D:10:62:56,-67,3.0,near_body,3
2026-04-07 21:21:39.140527,EEG Wearable,E1:1B:6D:10:62:56,-62,3.0,near_body,3
2026-04-07 21:21:39.155970,EEG Wearable,E1:1B:6D:10:62:56,-62,3.0,near_body,3
2026-04-07 21:21:39.248393,EEG Wearable,E1:1B:6D:10:62:56,-62,3.0,near_body,3
2026-04-07 21:21:39.264090,EEG Wearable,E1:1B:6D:10:62:56,-62,3.0,near_body,3
2026-04-07 21:21:39.992844,EEG Wearable,E1:1B:6D:10:62:56,-63,3.0,near_body,3
2026-04-07 21:21:40.009583,EEG Wearable,E1:1B:6D:10:62:56,-63,3.0,near_body,3
2026-04-07 21:21:40.089635,EEG Wearable,E1:1B:6D:10:62:56,-67,3.0,near_body,3
2026-04-07 21:21:40.095653,EEG Wearable,E1:1B:6D:10:62:56,-67,3.0,near_body,3
2026-04-07 21:21:40.197514,EEG Wearable,E1:1B:6D:10:62:56,-64,3.0,near_body,3
2026-04-07 21:21:40.215489,EEG Wearable,E1:1B:6D:10:62:56,-64,3.0,near_body,3
2026-04-07 21:21:41.248147,EEG Wearable,E1:1B:6D:10:62:56,-62,3.0,near_body,3
2026-04-07 21:21:41.272763,EEG Wearable,E1:1B:6D:10:62:56,-62,3.0,near_body,3
2026-04-07 21:21:42.086103,EEG Wearable,E1:1B:6D:10:62:56,-62,3.0,near_body,3
2026-04-07 21:21:42.101863,EEG Wearable,E1:1B:6D:10:62:56,-62,3.0,near_body,3
2026-04-07 21:21:42.190557,EEG Wearable,E1:1B:6D:10:62:56,-67,3.0,near_body,3
2026-04-07 21:21:42.196898,EEG Wearable,E1:1B:6D:10:62:56,-67,3.0,near_body,3
2026-04-07 21:21:42.926436,EEG Wearable,E1:1B:6D:10:62:56,-67,3.0,near_body,3
2026-04-07 21:21:42.934202,EEG Wearable,E1:1B:6D:10:62:56,-68,3.0,near_body,3
2026-04-07 21:21:43.020076,EEG Wearable,E1:1B:6D:10:62:56,-62,3.0,near_body,3
2026-04-07 21:21:43.026067,EEG Wearable,E1:1B:6D:10:62:56,-62,3.0,near_body,3
2026-04-07 21:21:43.857256,EEG Wearable,E1:1B:6D:10:62:56,-62,3.0,near_body,3
2026-04-07 21:21:43.863269,EEG Wearable,E1:1B:6D:10:62:56,-62,3.0,near_body,3
2026-04-07 21:21:45.657136,EEG Wearable,E1:1B:6D:10:62:56,-62,3.0,near_body,3
2026-04-07 21:21:45.662892,EEG Wearable,E1:1B:6D:10:62:56,-62,3.0,near_body,3
2026-04-07 21:21:45.755879,EEG Wearable,E1:1B:6D:10:62:56,-67,3.0,near_body,3
2026-04-07 21:21:45.772394,EEG Wearable,E1:1B:6D:10:62:56,-67,3.0,near_body,3
2026-04-07 21:21:46.475193,EEG Wearable,E1:1B:6D:10:62:56,-67,3.0,near_body,3
2026-04-07 21:21:46.481209,EEG Wearable,E1:1B:6D:10:62:56,-67,3.0,near_body,3
2026-04-07 21:21:47.400879,EEG Wearable,E1:1B:6D:10:62:56,-59,3.0,near_body,3
2026-04-07 21:21:47.424394,EEG Wearable,E1:1B:6D:10:62:56,-62,3.0,near_body,3
2026-04-07 21:21:47.505796,EEG Wearable,E1:1B:6D:10:62:56,-67,3.0,near_body,3
2026-04-07 21:21:47.525077,EEG Wearable,E1:1B:6D:10:62:56,-67,3.0,near_body,3
2026-04-07 21:21:48.020616,EEG Wearable,E1:1B:6D:10:62:56,-62,3.0,near_body,3
2026-04-07 21:21:48.040800,EEG Wearable,E1:1B:6D:10:62:56,-62,3.0,near_body,3
2026-04-07 21:21:48.329858,EEG Wearable,E1:1B:6D:10:62:56,-62,3.0,near_body,3
2026-04-07 21:21:48.343900,EEG Wearable,E1:1B:6D:10:62:56,-62,3.0,near_body,3
2026-04-07 21:21:49.394718,EEG Wearable,E1:1B:6D:10:62:56,-62,3.0,near_body,3
2026-04-07 21:21:49.413591,EEG Wearable,E1:1B:6D:10:62:56,-62,3.0,near_body,3
2026-04-07 21:21:50.362736,EEG Wearable,E1:1B:6D:10:62:56,-67,3.0,near_body,3
2026-04-07 21:21:50.370671,EEG Wearable,E1:1B:6D:10:62:56,-67,3.0,near_body,3
2026-04-07 21:21:51.312063,EEG Wearable,E1:1B:6D:10:62:56,-62,3.0,near_body,3
2026-04-07 21:21:51.318078,EEG Wearable,E1:1B:6D:10:62:56,-62,3.0,near_body,3
2026-04-07 21:21:52.258859,EEG Wearable,E1:1B:6D:10:62:56,-62,3.0,near_body,3
2026-04-07 21:21:52.264617,EEG Wearable,E1:1B:6D:10:62:56,-62,3.0,near_body,3
2026-04-07 21:21:53.207454,EEG Wearable,E1:1B:6D:10:62:56,-67,3.0,near_body,3
2026-04-07 21:21:53.223211,EEG Wearable,E1:1B:6D:10:62:56,-67,3.0,near_body,3
2026-04-07 21:21:53.300642,EEG Wearable,E1:1B:6D:10:62:56,-62,3.0,near_body,3
2026-04-07 21:21:53.318362,EEG Wearable,E1:1B:6D:10:62:56,-62,3.0,near_body,3
2026-04-07 21:21:54.041707,EEG Wearable,E1:1B:6D:10:62:56,-62,3.0,near_body,3
2026-04-07 21:21:54.047719,EEG Wearable,E1:1B:6D:10:62:56,-62,3.0,near_body,3
2026-04-07 21:21:54.128646,EEG Wearable,E1:1B:6D:10:62:56,-62,3.0,near_body,3
2026-04-07 21:21:54.144730,EEG Wearable,E1:1B:6D:10:62:56,-62,3.0,near_body,3
2026-04-07 21:21:55.102001,EEG Wearable,E1:1B:6D:10:62:56,-62,3.0,near_body,3
2026-04-07 21:21:55.106233,EEG Wearable,E1:1B:6D:10:62:56,-62,3.0,near_body,3
2026-04-07 21:21:55.189583,EEG Wearable,E1:1B:6D:10:62:56,-62,3.0,near_body,3
2026-04-07 21:21:55.205850,EEG Wearable,E1:1B:6D:10:62:56,-62,3.0,near_body,3
2026-04-07 21:21:56.162600,EEG Wearable,E1:1B:6D:10:62:56,-62,3.0,near_body,3
2026-04-07 21:21:56.178176,EEG Wearable,E1:1B:6D:10:62:56,-62,3.0,near_body,3
2026-04-07 21:21:56.976936,EEG Wearable,E1:1B:6D:10:62:56,-62,3.0,near_body,3
2026-04-07 21:21:56.999350,EEG Wearable,E1:1B:6D:10:62:56,-62,3.0,near_body,3
2026-04-07 21:21:57.104725,EEG Wearable,E1:1B:6D:10:62:56,-67,3.0,near_body,3
2026-04-07 21:21:57.104725,EEG Wearable,E1:1B:6D:10:62:56,-67,3.0,near_body,3
2026-04-07 21:21:57.927189,EEG Wearable,E1:1B:6D:10:62:56,-62,3.0,near_body,3
2026-04-07 21:21:57.935213,EEG Wearable,E1:1B:6D:10:62:56,-62,3.0,near_body,3
2026-04-07 21:21:58.021469,EEG Wearable,E1:1B:6D:10:62:56,-62,3.0,near_body,3
2026-04-07 21:21:58.045520,EEG Wearable,E1:1B:6D:10:62:56,-62,3.0,near_body,3
2026-04-07 21:21:58.870343,EEG Wearable,E1:1B:6D:10:62:56,-67,3.0,near_body,3
2026-04-07 21:21:58.884799,EEG Wearable,E1:1B:6D:10:62:56,-67,3.0,near_body,3
2026-04-07 21:21:59.826225,EEG Wearable,E1:1B:6D:10:62:56,-62,3.0,near_body,3
2026-04-07 21:21:59.826225,EEG Wearable,E1:1B:6D:10:62:56,-62,3.0,near_body,3
2026-04-07 21:22:00.735910,EEG Wearable,E1:1B:6D:10:62:56,-62,3.0,near_body,3
2026-04-07 21:22:00.767588,EEG Wearable,E1:1B:6D:10:62:56,-62,3.0,near_body,3
2026-04-07 21:22:01.568134,EEG Wearable,E1:1B:6D:10:62:56,-62,3.0,near_body,3
2026-04-07 21:22:01.583861,EEG Wearable,E1:1B:6D:10:62:56,-62,3.0,near_body,3
2026-04-07 21:22:03.567334,EEG Wearable,E1:1B:6D:10:62:56,-62,3.0,near_body,3
2026-04-07 21:22:03.589499,EEG Wearable,E1:1B:6D:10:62:56,-62,3.0,near_body,3
2026-04-07 21:22:04.411698,EEG Wearable,E1:1B:6D:10:62:56,-60,3.0,near_body,3
2026-04-07 21:22:04.426554,EEG Wearable,E1:1B:6D:10:62:56,-62,3.0,near_body,3
2026-04-07 21:22:04.505786,EEG Wearable,E1:1B:6D:10:62:56,-67,3.0,near_body,3
2026-04-07 21:22:04.537407,EEG Wearable,E1:1B:6D:10:62:56,-67,3.0,near_body,3
2026-04-07 21:22:05.363943,EEG Wearable,E1:1B:6D:10:62:56,-62,3.0,near_body,3
2026-04-07 21:22:05.386625,EEG Wearable,E1:1B:6D:10:62:56,-62,3.0,near_body,3
2026-04-07 21:22:05.477207,EEG Wearable,E1:1B:6D:10:62:56,-62,3.0,near_body,3
2026-04-07 21:22:05.482789,EEG Wearable,E1:1B:6D:10:62:56,-62,3.0,near_body,3
2026-04-07 21:22:06.220400,EEG Wearable,E1:1B:6D:10:62:56,-62,3.0,near_body,3
2026-04-07 21:22:06.220400,EEG Wearable,E1:1B:6D:10:62:56,-62,3.0,near_body,3
2026-04-07 21:22:06.299599,EEG Wearable,E1:1B:6D:10:62:56,-67,3.0,near_body,3
2026-04-07 21:22:06.326194,EEG Wearable,E1:1B:6D:10:62:56,-68,3.0,near_body,3
2026-04-07 21:22:07.113313,EEG Wearable,E1:1B:6D:10:62:56,-62,3.0,near_body,3
2026-04-07 21:22:07.135065,EEG Wearable,E1:1B:6D:10:62:56,-62,3.0,near_body,3
2026-04-07 21:26:29.023191,EEG Wearable,E1:1B:6D:10:62:56,-71,5.0,near_body,1
2026-04-07 21:26:29.029709,EEG Wearable,E1:1B:6D:10:62:56,-71,5.0,near_body,1
2026-04-07 21:26:29.117655,EEG Wearable,E1:1B:6D:10:62:56,-76,5.0,near_body,1
2026-04-07 21:26:29.132790,EEG Wearable,E1:1B:6D:10:62:56,-78,5.0,near_body,1
2026-04-07 21:26:31.021819,EEG Wearable,E1:1B:6D:10:62:56,-83,5.0,near_body,1
2026-04-07 21:26:31.031137,EEG Wearable,E1:1B:6D:10:62:56,-83,5.0,near_body,1
2026-04-07 21:26:31.980297,EEG Wearable,E1:1B:6D:10:62:56,-79,5.0,near_body,1
2026-04-07 21:26:31.996535,EEG Wearable,E1:1B:6D:10:62:56,-79,5.0,near_body,1
2026-04-07 21:26:33.776163,EEG Wearable,E1:1B:6D:10:62:56,-85,5.0,near_body,1
2026-04-07 21:26:33.776163,EEG Wearable,E1:1B:6D:10:62:56,-85,5.0,near_body,1
2026-04-07 21:26:33.867432,EEG Wearable,E1:1B:6D:10:62:56,-73,5.0,near_body,1
2026-04-07 21:26:33.873654,EEG Wearable,E1:1B:6D:10:62:56,-73,5.0,near_body,1
2026-04-07 21:26:34.699872,EEG Wearable,E1:1B:6D:10:62:56,-76,5.0,near_body,1
2026-04-07 21:26:34.706232,EEG Wearable,E1:1B:6D:10:62:56,-76,5.0,near_body,1
2026-04-07 21:26:35.661337,EEG Wearable,E1:1B:6D:10:62:56,-73,5.0,near_body,1
2026-04-07 21:26:35.676828,EEG Wearable,E1:1B:6D:10:62:56,-73,5.0,near_body,1
2026-04-07 21:26:35.735881,EEG Wearable,E1:1B:6D:10:62:56,-76,5.0,near_body,1
2026-04-07 21:26:35.745260,EEG Wearable,E1:1B:6D:10:62:56,-76,5.0,near_body,1
2026-04-07 21:26:36.677772,EEG Wearable,E1:1B:6D:10:62:56,-73,5.0,near_body,1
2026-04-07 21:26:36.694209,EEG Wearable,E1:1B:6D:10:62:56,-73,5.0,near_body,1
2026-04-07 21:26:37.416323,EEG Wearable,E1:1B:6D:10:62:56,-73,5.0,near_body,1
2026-04-07 21:26:37.422077,EEG Wearable,E1:1B:6D:10:62:56,-73,5.0,near_body,1
2026-04-07 21:26:37.528093,EEG Wearable,E1:1B:6D:10:62:56,-78,5.0,near_body,1
2026-04-07 21:26:37.533276,EEG Wearable,E1:1B:6D:10:62:56,-78,5.0,near_body,1
2026-04-07 21:26:38.362727,EEG Wearable,E1:1B:6D:10:62:56,-85,5.0,near_body,1
2026-04-07 21:26:38.376795,EEG Wearable,E1:1B:6D:10:62:56,-86,5.0,near_body,1
2026-04-07 21:26:38.453315,EEG Wearable,E1:1B:6D:10:62:56,-73,5.0,near_body,1
2026-04-07 21:26:38.477961,EEG Wearable,E1:1B:6D:10:62:56,-73,5.0,near_body,1
2026-04-07 21:26:39.435294,EEG Wearable,E1:1B:6D:10:62:56,-85,5.0,near_body,1
2026-04-07 21:26:39.439303,EEG Wearable,E1:1B:6D:10:62:56,-85,5.0,near_body,1
2026-04-07 21:26:39.539101,EEG Wearable,E1:1B:6D:10:62:56,-73,5.0,near_body,1
2026-04-07 21:26:39.544115,EEG Wearable,E1:1B:6D:10:62:56,-73,5.0,near_body,1
2026-04-07 21:26:41.322031,EEG Wearable,E1:1B:6D:10:62:56,-73,5.0,near_body,1
2026-04-07 21:26:41.326039,EEG Wearable,E1:1B:6D:10:62:56,-73,5.0,near_body,1
2026-04-07 21:26:41.524601,EEG Wearable,E1:1B:6D:10:62:56,-85,5.0,near_body,1
2026-04-07 21:26:41.544614,EEG Wearable,E1:1B:6D:10:62:56,-86,5.0,near_body,1
2026-04-07 21:26:42.466594,EEG Wearable,E1:1B:6D:10:62:56,-79,5.0,near_body,1
2026-04-07 21:26:42.580681,EEG Wearable,E1:1B:6D:10:62:56,-85,5.0,near_body,1
2026-04-07 21:26:42.608539,EEG Wearable,E1:1B:6D:10:62:56,-85,5.0,near_body,1
2026-04-07 21:26:43.526603,EEG Wearable,E1:1B:6D:10:62:56,-78,5.0,near_body,1
2026-04-07 21:26:43.542293,EEG Wearable,E1:1B:6D:10:62:56,-78,5.0,near_body,1
2026-04-07 21:26:44.369900,EEG Wearable,E1:1B:6D:10:62:56,-86,5.0,near_body,1
2026-04-07 21:26:44.388976,EEG Wearable,E1:1B:6D:10:62:56,-86,5.0,near_body,1
2026-04-07 21:26:44.493940,EEG Wearable,E1:1B:6D:10:62:56,-73,5.0,near_body,1
2026-04-07 21:26:44.499953,EEG Wearable,E1:1B:6D:10:62:56,-73,5.0,near_body,1
2026-04-07 21:26:45.448307,EEG Wearable,E1:1B:6D:10:62:56,-86,5.0,near_body,1
2026-04-07 21:26:45.465727,EEG Wearable,E1:1B:6D:10:62:56,-86,5.0,near_body,1
2026-04-07 21:26:45.546031,EEG Wearable,E1:1B:6D:10:62:56,-73,5.0,near_body,1
2026-04-07 21:26:45.570403,EEG Wearable,E1:1B:6D:10:62:56,-73,5.0,near_body,1
2026-04-07 21:26:46.489583,EEG Wearable,E1:1B:6D:10:62:56,-85,5.0,near_body,1
2026-04-07 21:26:46.514289,EEG Wearable,E1:1B:6D:10:62:56,-85,5.0,near_body,1
2026-04-07 21:26:47.545176,EEG Wearable,E1:1B:6D:10:62:56,-85,5.0,near_body,1
2026-04-07 21:26:47.570482,EEG Wearable,E1:1B:6D:10:62:56,-85,5.0,near_body,1
2026-04-07 21:26:48.198970,EEG Wearable,E1:1B:6D:10:62:56,-81,5.0,near_body,1
2026-04-07 21:26:48.202980,EEG Wearable,E1:1B:6D:10:62:56,-80,5.0,near_body,1
2026-04-07 21:26:50.273745,EEG Wearable,E1:1B:6D:10:62:56,-80,5.0,near_body,1
2026-04-07 21:26:50.289106,EEG Wearable,E1:1B:6D:10:62:56,-80,5.0,near_body,1
2026-04-07 21:26:50.373693,EEG Wearable,E1:1B:6D:10:62:56,-84,5.0,near_body,1
2026-04-07 21:26:50.391015,EEG Wearable,E1:1B:6D:10:62:56,-85,5.0,near_body,1
2026-04-07 21:26:52.193167,EEG Wearable,E1:1B:6D:10:62:56,-84,5.0,near_body,1
2026-04-07 21:26:52.197676,EEG Wearable,E1:1B:6D:10:62:56,-84,5.0,near_body,1
2026-04-07 21:26:52.393335,EEG Wearable,E1:1B:6D:10:62:56,-80,5.0,near_body,1
2026-04-07 21:26:52.411593,EEG Wearable,E1:1B:6D:10:62:56,-80,5.0,near_body,1
2026-04-07 21:26:52.501313,EEG Wearable,E1:1B:6D:10:62:56,-84,5.0,near_body,1
2026-04-07 21:26:52.518331,EEG Wearable,E1:1B:6D:10:62:56,-84,5.0,near_body,1
2026-04-07 21:26:53.231178,EEG Wearable,E1:1B:6D:10:62:56,-84,5.0,near_body,1
2026-04-07 21:26:53.244862,EEG Wearable,E1:1B:6D:10:62:56,-85,5.0,near_body,1
2026-04-07 21:26:53.336576,EEG Wearable,E1:1B:6D:10:62:56,-73,5.0,near_body,1
2026-04-07 21:26:53.356473,EEG Wearable,E1:1B:6D:10:62:56,-73,5.0,near_body,1
2026-04-07 21:26:54.182810,EEG Wearable,E1:1B:6D:10:62:56,-80,5.0,near_body,1
2026-04-07 21:26:54.188820,EEG Wearable,E1:1B:6D:10:62:56,-80,5.0,near_body,1
2026-04-07 21:26:54.900285,EEG Wearable,E1:1B:6D:10:62:56,-81,5.0,near_body,1
2026-04-07 21:26:54.906798,EEG Wearable,E1:1B:6D:10:62:56,-80,5.0,near_body,1
2026-04-07 21:26:55.010170,EEG Wearable,E1:1B:6D:10:62:56,-85,5.0,near_body,1
2026-04-07 21:26:55.016185,EEG Wearable,E1:1B:6D:10:62:56,-86,5.0,near_body,1
2026-04-07 21:26:55.107976,EEG Wearable,E1:1B:6D:10:62:56,-73,5.0,near_body,1
2026-04-07 21:26:55.129748,EEG Wearable,E1:1B:6D:10:62:56,-73,5.0,near_body,1
2026-04-07 21:26:55.958508,EEG Wearable,E1:1B:6D:10:62:56,-80,5.0,near_body,1
2026-04-07 21:26:55.962515,EEG Wearable,E1:1B:6D:10:62:56,-80,5.0,near_body,1
2026-04-07 21:26:56.052483,EEG Wearable,E1:1B:6D:10:62:56,-84,5.0,near_body,1
2026-04-07 21:26:56.074599,EEG Wearable,E1:1B:6D:10:62:56,-84,5.0,near_body,1
2026-04-07 21:26:56.683373,EEG Wearable,E1:1B:6D:10:62:56,-79,5.0,near_body,1
2026-04-07 21:26:56.683373,EEG Wearable,E1:1B:6D:10:62:56,-79,5.0,near_body,1
2026-04-07 21:26:56.772162,EEG Wearable,E1:1B:6D:10:62:56,-86,5.0,near_body,1
2026-04-07 21:26:56.777949,EEG Wearable,E1:1B:6D:10:62:56,-86,5.0,near_body,1
2026-04-07 21:26:56.882376,EEG Wearable,E1:1B:6D:10:62:56,-73,5.0,near_body,1
2026-04-07 21:26:56.900187,EEG Wearable,E1:1B:6D:10:62:56,-73,5.0,near_body,1
2026-04-07 21:26:57.499815,EEG Wearable,E1:1B:6D:10:62:56,-85,5.0,near_body,1
2026-04-07 21:26:57.518754,EEG Wearable,E1:1B:6D:10:62:56,-85,5.0,near_body,1
2026-04-07 21:26:57.600036,EEG Wearable,E1:1B:6D:10:62:56,-73,5.0,near_body,1
2026-04-07 21:26:57.621927,EEG Wearable,E1:1B:6D:10:62:56,-73,5.0,near_body,1
2026-04-07 21:27:39.898365,EEG Wearable,E1:1B:6D:10:62:56,-69,5.0,near_body,2
2026-04-07 21:27:39.898365,EEG Wearable,E1:1B:6D:10:62:56,-69,5.0,near_body,2
2026-04-07 21:27:40.837168,EEG Wearable,E1:1B:6D:10:62:56,-72,5.0,near_body,2
2026-04-07 21:27:40.855173,EEG Wearable,E1:1B:6D:10:62:56,-72,5.0,near_body,2
2026-04-07 21:27:42.609298,EEG Wearable,E1:1B:6D:10:62:56,-72,5.0,near_body,2
2026-04-07 21:27:42.635600,EEG Wearable,E1:1B:6D:10:62:56,-72,5.0,near_body,2
2026-04-07 21:27:42.718971,EEG Wearable,E1:1B:6D:10:62:56,-79,5.0,near_body,2
2026-04-07 21:27:42.725246,EEG Wearable,E1:1B:6D:10:62:56,-79,5.0,near_body,2
2026-04-07 21:27:43.694567,EEG Wearable,E1:1B:6D:10:62:56,-72,5.0,near_body,2
2026-04-07 21:27:43.694567,EEG Wearable,E1:1B:6D:10:62:56,-72,5.0,near_body,2
2026-04-07 21:27:43.775924,EEG Wearable,E1:1B:6D:10:62:56,-79,5.0,near_body,2
2026-04-07 21:27:43.796559,EEG Wearable,E1:1B:6D:10:62:56,-79,5.0,near_body,2
2026-04-07 21:27:44.556392,EEG Wearable,E1:1B:6D:10:62:56,-80,5.0,near_body,2
2026-04-07 21:27:44.556392,EEG Wearable,E1:1B:6D:10:62:56,-80,5.0,near_body,2
2026-04-07 21:27:44.621633,EEG Wearable,E1:1B:6D:10:62:56,-90,5.0,near_body,2
2026-04-07 21:27:44.627650,EEG Wearable,E1:1B:6D:10:62:56,-90,5.0,near_body,2
2026-04-07 21:27:44.712520,EEG Wearable,E1:1B:6D:10:62:56,-72,5.0,near_body,2
2026-04-07 21:27:44.729243,EEG Wearable,E1:1B:6D:10:62:56,-72,5.0,near_body,2
2026-04-07 21:27:45.461284,EEG Wearable,E1:1B:6D:10:62:56,-72,5.0,near_body,2
2026-04-07 21:27:45.467391,EEG Wearable,E1:1B:6D:10:62:56,-72,5.0,near_body,2
2026-04-07 21:27:46.522102,EEG Wearable,E1:1B:6D:10:62:56,-72,5.0,near_body,2
2026-04-07 21:27:46.602216,EEG Wearable,E1:1B:6D:10:62:56,-80,5.0,near_body,2
2026-04-07 21:27:46.624247,EEG Wearable,E1:1B:6D:10:62:56,-80,5.0,near_body,2
2026-04-07 21:27:50.304259,EEG Wearable,E1:1B:6D:10:62:56,-89,5.0,near_body,2
2026-04-07 21:27:50.316882,EEG Wearable,E1:1B:6D:10:62:56,-90,5.0,near_body,2
2026-04-07 21:27:50.893960,EEG Wearable,E1:1B:6D:10:62:56,-80,5.0,near_body,2
2026-04-07 21:27:50.910694,EEG Wearable,E1:1B:6D:10:62:56,-80,5.0,near_body,2
2026-04-07 21:27:51.102325,EEG Wearable,E1:1B:6D:10:62:56,-72,5.0,near_body,2
2026-04-07 21:27:51.116845,EEG Wearable,E1:1B:6D:10:62:56,-72,5.0,near_body,2
2026-04-07 21:27:53.834640,EEG Wearable,E1:1B:6D:10:62:56,-91,5.0,near_body,2
2026-04-07 21:27:53.840173,EEG Wearable,E1:1B:6D:10:62:56,-91,5.0,near_body,2
2026-04-07 21:27:54.761088,EEG Wearable,E1:1B:6D:10:62:56,-82,5.0,near_body,2
2026-04-07 21:27:54.785261,EEG Wearable,E1:1B:6D:10:62:56,-82,5.0,near_body,2
2026-04-07 21:27:55.378766,EEG Wearable,E1:1B:6D:10:62:56,-72,5.0,near_body,2
2026-04-07 21:27:55.392810,EEG Wearable,E1:1B:6D:10:62:56,-72,5.0,near_body,2
2026-04-07 21:27:55.706462,EEG Wearable,E1:1B:6D:10:62:56,-72,5.0,near_body,2
2026-04-07 21:27:55.721058,EEG Wearable,E1:1B:6D:10:62:56,-72,5.0,near_body,2
2026-04-07 21:27:56.679437,EEG Wearable,E1:1B:6D:10:62:56,-90,5.0,near_body,2
2026-04-07 21:27:56.694429,EEG Wearable,E1:1B:6D:10:62:56,-91,5.0,near_body,2
2026-04-07 21:27:56.793639,EEG Wearable,E1:1B:6D:10:62:56,-72,5.0,near_body,2
2026-04-07 21:27:56.810195,EEG Wearable,E1:1B:6D:10:62:56,-72,5.0,near_body,2
2026-04-07 21:27:57.847402,EEG Wearable,E1:1B:6D:10:62:56,-72,5.0,near_body,2
2026-04-07 21:27:57.847402,EEG Wearable,E1:1B:6D:10:62:56,-72,5.0,near_body,2
2026-04-07 21:27:58.799982,EEG Wearable,E1:1B:6D:10:62:56,-92,5.0,near_body,2
2026-04-07 21:27:58.820037,EEG Wearable,E1:1B:6D:10:62:56,-91,5.0,near_body,2
2026-04-07 21:27:58.913305,EEG Wearable,E1:1B:6D:10:62:56,-72,5.0,near_body,2
2026-04-07 21:27:58.924379,EEG Wearable,E1:1B:6D:10:62:56,-72,5.0,near_body,2
2026-04-07 21:27:59.018199,EEG Wearable,E1:1B:6D:10:62:56,-82,5.0,near_body,2
2026-04-07 21:27:59.854856,EEG Wearable,E1:1B:6D:10:62:56,-93,5.0,near_body,2
2026-04-07 21:27:59.882203,EEG Wearable,E1:1B:6D:10:62:56,-93,5.0,near_body,2
2026-04-07 21:27:59.961165,EEG Wearable,E1:1B:6D:10:62:56,-72,5.0,near_body,2
2026-04-07 21:28:00.921106,EEG Wearable,E1:1B:6D:10:62:56,-91,5.0,near_body,2
2026-04-07 21:28:01.742885,EEG Wearable,E1:1B:6D:10:62:56,-72,5.0,near_body,2
2026-04-07 21:28:01.769263,EEG Wearable,E1:1B:6D:10:62:56,-72,5.0,near_body,2
2026-04-07 21:28:02.915233,EEG Wearable,E1:1B:6D:10:62:56,-83,5.0,near_body,2
2026-04-07 21:28:02.919191,EEG Wearable,E1:1B:6D:10:62:56,-82,5.0,near_body,2
2026-04-07 21:28:03.756786,EEG Wearable,E1:1B:6D:10:62:56,-93,5.0,near_body,2
2026-04-07 21:28:03.779758,EEG Wearable,E1:1B:6D:10:62:56,-93,5.0,near_body,2
2026-04-07 21:28:03.853782,EEG Wearable,E1:1B:6D:10:62:56,-72,5.0,near_body,2
2026-04-07 21:28:03.875834,EEG Wearable,E1:1B:6D:10:62:56,-72,5.0,near_body,2
2026-04-07 21:28:04.697199,EEG Wearable,E1:1B:6D:10:62:56,-83,5.0,near_body,2
2026-04-07 21:28:04.715530,EEG Wearable,E1:1B:6D:10:62:56,-83,5.0,near_body,2
2026-04-07 21:28:05.429571,EEG Wearable,E1:1B:6D:10:62:56,-83,5.0,near_body,2
2026-04-07 21:28:05.429571,EEG Wearable,E1:1B:6D:10:62:56,-83,5.0,near_body,2
2026-04-07 21:28:05.514997,EEG Wearable,E1:1B:6D:10:62:56,-92,5.0,near_body,2
2026-04-07 21:28:05.540283,EEG Wearable,E1:1B:6D:10:62:56,-93,5.0,near_body,2
2026-04-07 21:28:05.624950,EEG Wearable,E1:1B:6D:10:62:56,-72,5.0,near_body,2
2026-04-07 21:28:05.649306,EEG Wearable,E1:1B:6D:10:62:56,-72,5.0,near_body,2
2026-04-07 21:28:06.257061,EEG Wearable,E1:1B:6D:10:62:56,-93,5.0,near_body,2
2026-04-07 21:28:06.280315,EEG Wearable,E1:1B:6D:10:62:56,-94,5.0,near_body,2
2026-04-07 21:28:06.570787,EEG Wearable,E1:1B:6D:10:62:56,-90,5.0,near_body,2
2026-04-07 21:28:06.594243,EEG Wearable,E1:1B:6D:10:62:56,-90,5.0,near_body,2
2026-04-07 21:28:07.300154,EEG Wearable,E1:1B:6D:10:62:56,-94,5.0,near_body,2
2026-04-07 21:28:07.316632,EEG Wearable,E1:1B:6D:10:62:56,-95,5.0,near_body,2
2026-04-07 21:28:08.469988,EEG Wearable,E1:1B:6D:10:62:56,-72,5.0,near_body,2
2026-04-07 21:28:08.489637,EEG Wearable,E1:1B:6D:10:62:56,-72,5.0,near_body,2
2026-04-07 21:28:08.578406,EEG Wearable,E1:1B:6D:10:62:56,-81,5.0,near_body,2
2026-04-07 21:28:08.600111,EEG Wearable,E1:1B:6D:10:62:56,-81,5.0,near_body,2
2026-04-07 21:28:31.261552,EEG Wearable,E1:1B:6D:10:62:56,-68,5.0,near_body,3
2026-04-07 21:28:31.284783,EEG Wearable,E1:1B:6D:10:62:56,-68,5.0,near_body,3
2026-04-07 21:28:32.203426,EEG Wearable,E1:1B:6D:10:62:56,-73,5.0,near_body,3
2026-04-07 21:28:32.221248,EEG Wearable,E1:1B:6D:10:62:56,-73,5.0,near_body,3
2026-04-07 21:28:33.063078,EEG Wearable,E1:1B:6D:10:62:56,-77,5.0,near_body,3
2026-04-07 21:28:33.167402,EEG Wearable,E1:1B:6D:10:62:56,-88,5.0,near_body,3
2026-04-07 21:28:33.173188,EEG Wearable,E1:1B:6D:10:62:56,-90,5.0,near_body,3
2026-04-07 21:28:33.264203,EEG Wearable,E1:1B:6D:10:62:56,-72,5.0,near_body,3
2026-04-07 21:28:33.286930,EEG Wearable,E1:1B:6D:10:62:56,-72,5.0,near_body,3
2026-04-07 21:28:34.099392,EEG Wearable,E1:1B:6D:10:62:56,-77,5.0,near_body,3
2026-04-07 21:28:36.027875,EEG Wearable,E1:1B:6D:10:62:56,-92,5.0,near_body,3
2026-04-07 21:28:36.027875,EEG Wearable,E1:1B:6D:10:62:56,-93,5.0,near_body,3
2026-04-07 21:28:36.099893,EEG Wearable,E1:1B:6D:10:62:56,-72,5.0,near_body,3
2026-04-07 21:28:36.123523,EEG Wearable,E1:1B:6D:10:62:56,-72,5.0,near_body,3
2026-04-07 21:28:37.048560,EEG Wearable,E1:1B:6D:10:62:56,-94,5.0,near_body,3
2026-04-07 21:28:41.452394,EEG Wearable,E1:1B:6D:10:62:56,-72,5.0,near_body,3
2026-04-07 21:28:41.471432,EEG Wearable,E1:1B:6D:10:62:56,-72,5.0,near_body,3
2026-04-07 21:28:41.675611,EEG Wearable,E1:1B:6D:10:62:56,-93,5.0,near_body,3
2026-04-07 21:28:41.683633,EEG Wearable,E1:1B:6D:10:62:56,-94,5.0,near_body,3
2026-04-07 21:28:41.770909,EEG Wearable,E1:1B:6D:10:62:56,-72,5.0,near_body,3
2026-04-07 21:28:41.790767,EEG Wearable,E1:1B:6D:10:62:56,-72,5.0,near_body,3
2026-04-07 21:28:42.637983,EEG Wearable,E1:1B:6D:10:62:56,-77,5.0,near_body,3
2026-04-07 21:28:42.643994,EEG Wearable,E1:1B:6D:10:62:56,-77,5.0,near_body,3
2026-04-07 21:28:42.835219,EEG Wearable,E1:1B:6D:10:62:56,-72,5.0,near_body,3
2026-04-07 21:28:42.856872,EEG Wearable,E1:1B:6D:10:62:56,-72,5.0,near_body,3
2026-04-07 21:28:43.665941,EEG Wearable,E1:1B:6D:10:62:56,-77,5.0,near_body,3
2026-04-07 21:28:44.494281,EEG Wearable,E1:1B:6D:10:62:56,-94,5.0,near_body,3
2026-04-07 21:28:44.508352,EEG Wearable,E1:1B:6D:10:62:56,-93,5.0,near_body,3
2026-04-07 21:28:45.447808,EEG Wearable,E1:1B:6D:10:62:56,-77,5.0,near_body,3
2026-04-07 21:28:45.467937,EEG Wearable,E1:1B:6D:10:62:56,-77,5.0,near_body,3
2026-04-07 21:28:46.273897,EEG Wearable,E1:1B:6D:10:62:56,-98,5.0,near_body,3
2026-04-07 21:28:46.393084,EEG Wearable,E1:1B:6D:10:62:56,-72,5.0,near_body,3
2026-04-07 21:28:46.411041,EEG Wearable,E1:1B:6D:10:62:56,-72,5.0,near_body,3
2026-04-07 21:28:47.213471,EEG Wearable,E1:1B:6D:10:62:56,-77,5.0,near_body,3
2026-04-07 21:28:47.231019,EEG Wearable,E1:1B:6D:10:62:56,-77,5.0,near_body,3
2026-04-07 21:28:48.164202,EEG Wearable,E1:1B:6D:10:62:56,-72,5.0,near_body,3
2026-04-07 21:28:48.169312,EEG Wearable,E1:1B:6D:10:62:56,-72,5.0,near_body,3
2026-04-07 21:28:49.218596,EEG Wearable,E1:1B:6D:10:62:56,-72,5.0,near_body,3
2026-04-07 21:28:49.236006,EEG Wearable,E1:1B:6D:10:62:56,-72,5.0,near_body,3
2026-04-07 21:28:50.175161,EEG Wearable,E1:1B:6D:10:62:56,-88,5.0,near_body,3
2026-04-07 21:28:50.187808,EEG Wearable,E1:1B:6D:10:62:56,-88,5.0,near_body,3
2026-04-07 21:28:50.273261,EEG Wearable,E1:1B:6D:10:62:56,-72,5.0,near_body,3
2026-04-07 21:28:50.995416,EEG Wearable,E1:1B:6D:10:62:56,-73,5.0,near_body,3
2026-04-07 21:28:51.103939,EEG Wearable,E1:1B:6D:10:62:56,-77,5.0,near_body,3
2026-04-07 21:28:51.126662,EEG Wearable,E1:1B:6D:10:62:56,-77,5.0,near_body,3
2026-04-07 21:28:52.173501,EEG Wearable,E1:1B:6D:10:62:56,-77,5.0,near_body,3
2026-04-07 21:28:52.178757,EEG Wearable,E1:1B:6D:10:62:56,-77,5.0,near_body,3
2026-04-07 21:28:53.012353,EEG Wearable,E1:1B:6D:10:62:56,-86,5.0,near_body,3
2026-04-07 21:28:53.029996,EEG Wearable,E1:1B:6D:10:62:56,-87,5.0,near_body,3
2026-04-07 21:28:53.135934,EEG Wearable,E1:1B:6D:10:62:56,-73,5.0,near_body,3
2026-04-07 21:28:53.836949,EEG Wearable,E1:1B:6D:10:62:56,-73,5.0,near_body,3
2026-04-07 21:28:53.944582,EEG Wearable,E1:1B:6D:10:62:56,-76,5.0,near_body,3
2026-04-07 21:28:53.965156,EEG Wearable,E1:1B:6D:10:62:56,-76,5.0,near_body,3
2026-04-07 21:28:54.890897,EEG Wearable,E1:1B:6D:10:62:56,-73,5.0,near_body,3
2026-04-07 21:28:55.973020,EEG Wearable,E1:1B:6D:10:62:56,-73,5.0,near_body,3
2026-04-07 21:28:55.980782,EEG Wearable,E1:1B:6D:10:62:56,-73,5.0,near_body,3
2026-04-07 21:28:56.064934,EEG Wearable,E1:1B:6D:10:62:56,-76,5.0,near_body,3
2026-04-07 21:28:56.086759,EEG Wearable,E1:1B:6D:10:62:56,-76,5.0,near_body,3
2026-04-07 21:28:57.011684,EEG Wearable,E1:1B:6D:10:62:56,-73,5.0,near_body,3
2026-04-07 21:28:57.841740,EEG Wearable,E1:1B:6D:10:62:56,-76,5.0,near_body,3
2026-04-07 21:28:57.857549,EEG Wearable,E1:1B:6D:10:62:56,-76,5.0,near_body,3
2026-04-07 21:28:58.557018,EEG Wearable,E1:1B:6D:10:62:56,-76,5.0,near_body,3
2026-04-07 21:28:58.578842,EEG Wearable,E1:1B:6D:10:62:56,-76,5.0,near_body,3
2026-04-07 21:28:58.663382,EEG Wearable,E1:1B:6D:10:62:56,-85,5.0,near_body,3
2026-04-07 21:28:58.675378,EEG Wearable,E1:1B:6D:10:62:56,-85,5.0,near_body,3
2026-04-07 21:28:59.389702,EEG Wearable,E1:1B:6D:10:62:56,-83,5.0,near_body,3
2026-04-07 21:28:59.389702,EEG Wearable,E1:1B:6D:10:62:56,-83,5.0,near_body,3
2026-04-07 21:28:59.482636,EEG Wearable,E1:1B:6D:10:62:56,-73,5.0,near_body,3
2026-04-07 21:28:59.498396,EEG Wearable,E1:1B:6D:10:62:56,-73,5.0,near_body,3
2026-04-07 21:33:08.633014,EEG Wearable,E1:1B:6D:10:62:56,-70,0.2,near_body,4
2026-04-07 21:33:08.639970,EEG Wearable,E1:1B:6D:10:62:56,-70,0.2,near_body,4
2026-04-07 21:33:09.447857,EEG Wearable,E1:1B:6D:10:62:56,-70,0.2,near_body,4
2026-04-07 21:33:09.465863,EEG Wearable,E1:1B:6D:10:62:56,-70,0.2,near_body,4
2026-04-07 21:33:10.398069,EEG Wearable,E1:1B:6D:10:62:56,-68,0.2,near_body,4
2026-04-07 21:33:10.425088,EEG Wearable,E1:1B:6D:10:62:56,-68,0.2,near_body,4
2026-04-07 21:33:11.236949,EEG Wearable,E1:1B:6D:10:62:56,-70,0.2,near_body,4
2026-04-07 21:33:11.258644,EEG Wearable,E1:1B:6D:10:62:56,-70,0.2,near_body,4
2026-04-07 21:33:13.242487,EEG Wearable,E1:1B:6D:10:62:56,-68,0.2,near_body,4
2026-04-07 21:33:13.244070,EEG Wearable,E1:1B:6D:10:62:56,-68,0.2,near_body,4
2026-04-07 21:33:13.331017,EEG Wearable,E1:1B:6D:10:62:56,-70,0.2,near_body,4
2026-04-07 21:33:13.346792,EEG Wearable,E1:1B:6D:10:62:56,-70,0.2,near_body,4
2026-04-07 21:33:14.199941,EEG Wearable,E1:1B:6D:10:62:56,-75,0.2,near_body,4
2026-04-07 21:33:14.205180,EEG Wearable,E1:1B:6D:10:62:56,-76,0.2,near_body,4
2026-04-07 21:33:14.283337,EEG Wearable,E1:1B:6D:10:62:56,-68,0.2,near_body,4
2026-04-07 21:33:14.305901,EEG Wearable,E1:1B:6D:10:62:56,-69,0.2,near_body,4
2026-04-07 21:33:15.137653,EEG Wearable,E1:1B:6D:10:62:56,-70,0.2,near_body,4
2026-04-07 21:33:15.144024,EEG Wearable,E1:1B:6D:10:62:56,-70,0.2,near_body,4
2026-04-07 21:33:15.228141,EEG Wearable,E1:1B:6D:10:62:56,-75,0.2,near_body,4
2026-04-07 21:33:15.241963,EEG Wearable,E1:1B:6D:10:62:56,-75,0.2,near_body,4
2026-04-07 21:33:15.970086,EEG Wearable,E1:1B:6D:10:62:56,-75,0.2,near_body,4
2026-04-07 21:33:15.997443,EEG Wearable,E1:1B:6D:10:62:56,-75,0.2,near_body,4
2026-04-07 21:33:16.079312,EEG Wearable,E1:1B:6D:10:62:56,-69,0.2,near_body,4
2026-04-07 21:33:16.085069,EEG Wearable,E1:1B:6D:10:62:56,-69,0.2,near_body,4
2026-04-07 21:33:17.060723,EEG Wearable,E1:1B:6D:10:62:56,-75,0.2,near_body,4
2026-04-07 21:33:17.071841,EEG Wearable,E1:1B:6D:10:62:56,-75,0.2,near_body,4
2026-04-07 21:33:18.180937,EEG Wearable,E1:1B:6D:10:62:56,-69,0.2,near_body,4
2026-04-07 21:33:18.212879,EEG Wearable,E1:1B:6D:10:62:56,-69,0.2,near_body,4
2026-04-07 21:33:19.156999,EEG Wearable,E1:1B:6D:10:62:56,-75,0.2,near_body,4
2026-04-07 21:33:19.168657,EEG Wearable,E1:1B:6D:10:62:56,-76,0.2,near_body,4
2026-04-07 21:33:19.866612,EEG Wearable,E1:1B:6D:10:62:56,-75,0.2,near_body,4
2026-04-07 21:33:19.896131,EEG Wearable,E1:1B:6D:10:62:56,-76,0.2,near_body,4
2026-04-07 21:33:20.052477,EEG Wearable,E1:1B:6D:10:62:56,-69,0.2,near_body,4
2026-04-07 21:33:20.069869,EEG Wearable,E1:1B:6D:10:62:56,-69,0.2,near_body,4
2026-04-07 21:33:20.950111,EEG Wearable,E1:1B:6D:10:62:56,-75,0.2,near_body,4
2026-04-07 21:33:20.960111,EEG Wearable,E1:1B:6D:10:62:56,-75,0.2,near_body,4
2026-04-07 21:33:21.055486,EEG Wearable,E1:1B:6D:10:62:56,-69,0.2,near_body,4
2026-04-07 21:33:21.065351,EEG Wearable,E1:1B:6D:10:62:56,-69,0.2,near_body,4
2026-04-07 21:33:21.848751,EEG Wearable,E1:1B:6D:10:62:56,-70,0.2,near_body,4
2026-04-07 21:33:21.878663,EEG Wearable,E1:1B:6D:10:62:56,-70,0.2,near_body,4
2026-04-07 21:33:22.799626,EEG Wearable,E1:1B:6D:10:62:56,-69,0.2,near_body,4
2026-04-07 21:33:22.827161,EEG Wearable,E1:1B:6D:10:62:56,-69,0.2,near_body,4
2026-04-07 21:33:24.583000,EEG Wearable,E1:1B:6D:10:62:56,-69,0.2,near_body,4
2026-04-07 21:33:24.596349,EEG Wearable,E1:1B:6D:10:62:56,-69,0.2,near_body,4
2026-04-07 21:33:24.687201,EEG Wearable,E1:1B:6D:10:62:56,-70,0.2,near_body,4
2026-04-07 21:33:24.708838,EEG Wearable,E1:1B:6D:10:62:56,-70,0.2,near_body,4
2026-04-07 21:33:24.795741,EEG Wearable,E1:1B:6D:10:62:56,-74,0.2,near_body,4
2026-04-07 21:33:24.814911,EEG Wearable,E1:1B:6D:10:62:56,-75,0.2,near_body,4
2026-04-07 21:33:25.651493,EEG Wearable,E1:1B:6D:10:62:56,-70,0.2,near_body,4
2026-04-07 21:33:25.663371,EEG Wearable,E1:1B:6D:10:62:56,-70,0.2,near_body,4
2026-04-07 21:33:25.743293,EEG Wearable,E1:1B:6D:10:62:56,-70,0.2,near_body,4
2026-04-07 21:33:26.696385,EEG Wearable,E1:1B:6D:10:62:56,-70,0.2,near_body,4
2026-04-07 21:33:26.712884,EEG Wearable,E1:1B:6D:10:62:56,-70,0.2,near_body,4
2026-04-07 21:33:26.804870,EEG Wearable,E1:1B:6D:10:62:56,-70,0.2,near_body,4
2026-04-07 21:33:26.823880,EEG Wearable,E1:1B:6D:10:62:56,-70,0.2,near_body,4
2026-04-07 21:33:27.771992,EEG Wearable,E1:1B:6D:10:62:56,-70,0.2,near_body,4
2026-04-07 21:33:27.779011,EEG Wearable,E1:1B:6D:10:62:56,-70,0.2,near_body,4
2026-04-07 21:33:28.587737,EEG Wearable,E1:1B:6D:10:62:56,-70,0.2,near_body,4
2026-04-07 21:33:28.681717,EEG Wearable,E1:1B:6D:10:62:56,-74,0.2,near_body,4
2026-04-07 21:33:28.713597,EEG Wearable,E1:1B:6D:10:62:56,-74,0.2,near_body,4
2026-04-07 21:33:29.526698,EEG Wearable,E1:1B:6D:10:62:56,-70,0.2,near_body,4
2026-04-07 21:33:29.542437,EEG Wearable,E1:1B:6D:10:62:56,-70,0.2,near_body,4
2026-04-07 21:33:31.446173,EEG Wearable,E1:1B:6D:10:62:56,-70,0.2,near_body,4
2026-04-07 21:33:31.464286,EEG Wearable,E1:1B:6D:10:62:56,-70,0.2,near_body,4
2026-04-07 21:33:31.538378,EEG Wearable,E1:1B:6D:10:62:56,-74,0.2,near_body,4
2026-04-07 21:33:31.559045,EEG Wearable,E1:1B:6D:10:62:56,-74,0.2,near_body,4
2026-04-07 21:33:31.648991,EEG Wearable,E1:1B:6D:10:62:56,-70,0.2,near_body,4
2026-04-07 21:33:31.664994,EEG Wearable,E1:1B:6D:10:62:56,-70,0.2,near_body,4
2026-04-07 21:33:32.389414,EEG Wearable,E1:1B:6D:10:62:56,-70,0.2,near_body,4
2026-04-07 21:33:32.395430,EEG Wearable,E1:1B:6D:10:62:56,-70,0.2,near_body,4
2026-04-07 21:33:33.943033,EEG Wearable,E1:1B:6D:10:62:56,-70,0.2,near_body,4
2026-04-07 21:33:33.971753,EEG Wearable,E1:1B:6D:10:62:56,-70,0.2,near_body,4
2026-04-07 21:33:34.243627,EEG Wearable,E1:1B:6D:10:62:56,-70,0.2,near_body,4
2026-04-07 21:33:34.255039,EEG Wearable,E1:1B:6D:10:62:56,-70,0.2,near_body,4
2026-04-07 21:33:35.099865,EEG Wearable,E1:1B:6D:10:62:56,-75,0.2,near_body,4
2026-04-07 21:33:35.099865,EEG Wearable,E1:1B:6D:10:62:56,-75,0.2,near_body,4
2026-04-07 21:33:36.255927,EEG Wearable,E1:1B:6D:10:62:56,-70,0.2,near_body,4
2026-04-07 21:33:36.274947,EEG Wearable,E1:1B:6D:10:62:56,-70,0.2,near_body,4
2026-04-07 21:33:37.088184,EEG Wearable,E1:1B:6D:10:62:56,-70,0.2,near_body,4
2026-04-07 21:33:37.111338,EEG Wearable,E1:1B:6D:10:62:56,-70,0.2,near_body,4
2026-04-07 21:33:38.045580,EEG Wearable,E1:1B:6D:10:62:56,-70,0.2,near_body,4
2026-04-07 21:33:38.056885,EEG Wearable,E1:1B:6D:10:62:56,-70,0.2,near_body,4
2026-04-07 21:34:10.897398,EEG Wearable,E1:1B:6D:10:62:56,-74,0.2,near_body,5
2026-04-07 21:34:10.914427,EEG Wearable,E1:1B:6D:10:62:56,-74,0.2,near_body,5
2026-04-07 21:34:11.100727,EEG Wearable,E1:1B:6D:10:62:56,-69,0.2,near_body,5
2026-04-07 21:34:11.119462,EEG Wearable,E1:1B:6D:10:62:56,-68,0.2,near_body,5
2026-04-07 21:34:12.059877,EEG Wearable,E1:1B:6D:10:62:56,-68,0.2,near_body,5
2026-04-07 21:34:12.075640,EEG Wearable,E1:1B:6D:10:62:56,-68,0.2,near_body,5
2026-04-07 21:34:12.999927,EEG Wearable,E1:1B:6D:10:62:56,-74,0.2,near_body,5
2026-04-07 21:34:13.033793,EEG Wearable,E1:1B:6D:10:62:56,-74,0.2,near_body,5
2026-04-07 21:34:13.102611,EEG Wearable,E1:1B:6D:10:62:56,-68,0.2,near_body,5
2026-04-07 21:34:13.130480,EEG Wearable,E1:1B:6D:10:62:56,-68,0.2,near_body,5
2026-04-07 21:34:13.829787,EEG Wearable,E1:1B:6D:10:62:56,-68,0.2,near_body,5
2026-04-07 21:34:13.844156,EEG Wearable,E1:1B:6D:10:62:56,-68,0.2,near_body,5
2026-04-07 21:34:14.781290,EEG Wearable,E1:1B:6D:10:62:56,-72,0.2,near_body,5
2026-04-07 21:34:14.802338,EEG Wearable,E1:1B:6D:10:62:56,-72,0.2,near_body,5
2026-04-07 21:34:15.856622,EEG Wearable,E1:1B:6D:10:62:56,-72,0.2,near_body,5
2026-04-07 21:34:15.867332,EEG Wearable,E1:1B:6D:10:62:56,-72,0.2,near_body,5
2026-04-07 21:34:16.798508,EEG Wearable,E1:1B:6D:10:62:56,-69,0.2,near_body,5
2026-04-07 21:34:16.812310,EEG Wearable,E1:1B:6D:10:62:56,-69,0.2,near_body,5
2026-04-07 21:34:18.475062,EEG Wearable,E1:1B:6D:10:62:56,-67,0.2,near_body,5
2026-04-07 21:34:18.481083,EEG Wearable,E1:1B:6D:10:62:56,-67,0.2,near_body,5
2026-04-07 21:34:18.583955,EEG Wearable,E1:1B:6D:10:62:56,-70,0.2,near_body,5
2026-04-07 21:34:18.670838,EEG Wearable,E1:1B:6D:10:62:56,-72,0.2,near_body,5
2026-04-07 21:34:18.695459,EEG Wearable,E1:1B:6D:10:62:56,-72,0.2,near_body,5
2026-04-07 21:34:19.612927,EEG Wearable,E1:1B:6D:10:62:56,-70,0.2,near_body,5
2026-04-07 21:34:19.632538,EEG Wearable,E1:1B:6D:10:62:56,-70,0.2,near_body,5
2026-04-07 21:34:20.567950,EEG Wearable,E1:1B:6D:10:62:56,-68,0.2,near_body,5
2026-04-07 21:34:20.585446,EEG Wearable,E1:1B:6D:10:62:56,-68,0.2,near_body,5
2026-04-07 21:34:21.495255,EEG Wearable,E1:1B:6D:10:62:56,-72,0.2,near_body,5
2026-04-07 21:34:21.521025,EEG Wearable,E1:1B:6D:10:62:56,-72,0.2,near_body,5
2026-04-07 21:34:22.343515,EEG Wearable,E1:1B:6D:10:62:56,-67,0.2,near_body,5
2026-04-07 21:34:22.369004,EEG Wearable,E1:1B:6D:10:62:56,-67,0.2,near_body,5
2026-04-07 21:34:23.298214,EEG Wearable,E1:1B:6D:10:62:56,-72,0.2,near_body,5
2026-04-07 21:34:23.315311,EEG Wearable,E1:1B:6D:10:62:56,-72,0.2,near_body,5
2026-04-07 21:34:23.392971,EEG Wearable,E1:1B:6D:10:62:56,-67,0.2,near_body,5
2026-04-07 21:34:23.417226,EEG Wearable,E1:1B:6D:10:62:56,-68,0.2,near_body,5
2026-04-07 21:34:24.450148,EEG Wearable,E1:1B:6D:10:62:56,-68,0.2,near_body,5
2026-04-07 21:34:24.468344,EEG Wearable,E1:1B:6D:10:62:56,-68,0.2,near_body,5
2026-04-07 21:34:25.287303,EEG Wearable,E1:1B:6D:10:62:56,-70,0.2,near_body,5
2026-04-07 21:34:25.301930,EEG Wearable,E1:1B:6D:10:62:56,-70,0.2,near_body,5
2026-04-07 21:34:25.395616,EEG Wearable,E1:1B:6D:10:62:56,-72,0.2,near_body,5
2026-04-07 21:34:25.418591,EEG Wearable,E1:1B:6D:10:62:56,-73,0.2,near_body,5
2026-04-07 21:34:26.265202,EEG Wearable,E1:1B:6D:10:62:56,-68,0.2,near_body,5
2026-04-07 21:34:26.272969,EEG Wearable,E1:1B:6D:10:62:56,-68,0.2,near_body,5
2026-04-07 21:34:26.337153,EEG Wearable,E1:1B:6D:10:62:56,-70,0.2,near_body,5
2026-04-07 21:34:26.363466,EEG Wearable,E1:1B:6D:10:62:56,-70,0.2,near_body,5
2026-04-07 21:34:27.088837,EEG Wearable,E1:1B:6D:10:62:56,-70,0.2,near_body,5
2026-04-07 21:34:27.094851,EEG Wearable,E1:1B:6D:10:62:56,-70,0.2,near_body,5
2026-04-07 21:34:28.112247,EEG Wearable,E1:1B:6D:10:62:56,-70,0.2,near_body,5
2026-04-07 21:34:28.135211,EEG Wearable,E1:1B:6D:10:62:56,-70,0.2,near_body,5
2026-04-07 21:34:29.064905,EEG Wearable,E1:1B:6D:10:62:56,-68,0.2,near_body,5
2026-04-07 21:34:29.080889,EEG Wearable,E1:1B:6D:10:62:56,-68,0.2,near_body,5
2026-04-07 21:34:29.192408,EEG Wearable,E1:1B:6D:10:62:56,-70,0.2,near_body,5
2026-04-07 21:34:29.192408,EEG Wearable,E1:1B:6D:10:62:56,-70,0.2,near_body,5
2026-04-07 21:34:29.925372,EEG Wearable,E1:1B:6D:10:62:56,-71,0.2,near_body,5
2026-04-07 21:34:29.925372,EEG Wearable,E1:1B:6D:10:62:56,-70,0.2,near_body,5
2026-04-07 21:34:30.120852,EEG Wearable,E1:1B:6D:10:62:56,-68,0.2,near_body,5
2026-04-07 21:34:30.133502,EEG Wearable,E1:1B:6D:10:62:56,-68,0.2,near_body,5
2026-04-07 21:34:30.840061,EEG Wearable,E1:1B:6D:10:62:56,-68,0.2,near_body,5
2026-04-07 21:34:30.867190,EEG Wearable,E1:1B:6D:10:62:56,-68,0.2,near_body,5
2026-04-07 21:34:30.951669,EEG Wearable,E1:1B:6D:10:62:56,-71,0.2,near_body,5
2026-04-07 21:34:30.968136,EEG Wearable,E1:1B:6D:10:62:56,-71,0.2,near_body,5
2026-04-07 21:34:32.019543,EEG Wearable,E1:1B:6D:10:62:56,-71,0.2,near_body,5
2026-04-07 21:34:32.019543,EEG Wearable,E1:1B:6D:10:62:56,-71,0.2,near_body,5
2026-04-07 21:34:32.124686,EEG Wearable,E1:1B:6D:10:62:56,-73,0.2,near_body,5
2026-04-07 21:34:32.130233,EEG Wearable,E1:1B:6D:10:62:56,-73,0.2,near_body,5
2026-04-07 21:34:32.977631,EEG Wearable,E1:1B:6D:10:62:56,-67,0.2,near_body,5
2026-04-07 21:34:32.977631,EEG Wearable,E1:1B:6D:10:62:56,-68,0.2,near_body,5
2026-04-07 21:34:33.778098,EEG Wearable,E1:1B:6D:10:62:56,-70,0.2,near_body,5
2026-04-07 21:34:33.810132,EEG Wearable,E1:1B:6D:10:62:56,-70,0.2,near_body,5
2026-04-07 21:34:33.889950,EEG Wearable,E1:1B:6D:10:62:56,-72,0.2,near_body,5
2026-04-07 21:34:33.921682,EEG Wearable,E1:1B:6D:10:62:56,-73,0.2,near_body,5
2026-04-07 21:34:34.637225,EEG Wearable,E1:1B:6D:10:62:56,-73,0.2,near_body,5
2026-04-07 21:34:34.653054,EEG Wearable,E1:1B:6D:10:62:56,-73,0.2,near_body,5
2026-04-07 21:34:35.562804,EEG Wearable,E1:1B:6D:10:62:56,-70,0.2,near_body,5
2026-04-07 21:34:35.591000,EEG Wearable,E1:1B:6D:10:62:56,-70,0.2,near_body,5
2026-04-07 21:34:36.571449,EEG Wearable,E1:1B:6D:10:62:56,-68,0.2,near_body,5
2026-04-07 21:34:36.582383,EEG Wearable,E1:1B:6D:10:62:56,-68,0.2,near_body,5
2026-04-07 21:34:37.456082,EEG Wearable,E1:1B:6D:10:62:56,-73,0.2,near_body,5
2026-04-07 21:34:37.489774,EEG Wearable,E1:1B:6D:10:62:56,-73,0.2,near_body,5
2026-04-07 21:34:38.181391,EEG Wearable,E1:1B:6D:10:62:56,-73,0.2,near_body,5
2026-04-07 21:34:38.220065,EEG Wearable,E1:1B:6D:10:62:56,-73,0.2,near_body,5
2026-04-07 21:34:38.288649,EEG Wearable,E1:1B:6D:10:62:56,-68,0.2,near_body,5
2026-04-07 21:34:38.301485,EEG Wearable,E1:1B:6D:10:62:56,-68,0.2,near_body,5
2026-04-07 21:34:39.125489,EEG Wearable,E1:1B:6D:10:62:56,-70,0.2,near_body,5
2026-04-07 21:34:39.134099,EEG Wearable,E1:1B:6D:10:62:56,-70,0.2,near_body,5
2026-04-07 21:34:39.230273,EEG Wearable,E1:1B:6D:10:62:56,-73,0.2,near_body,5
2026-04-07 21:34:39.238248,EEG Wearable,E1:1B:6D:10:62:56,-73,0.2,near_body,5
2026-04-07 21:34:40.286737,EEG Wearable,E1:1B:6D:10:62:56,-73,0.2,near_body,5
2026-04-07 21:34:40.307220,EEG Wearable,E1:1B:6D:10:62:56,-73,0.2,near_body,5
2026-04-07 21:39:03.470929,EEG Wearable,E1:1B:6D:10:62:56,-75,7.0,near_body,1
2026-04-07 21:39:03.491702,EEG Wearable,E1:1B:6D:10:62:56,-75,7.0,near_body,1
2026-04-07 21:39:04.431061,EEG Wearable,E1:1B:6D:10:62:56,-73,7.0,near_body,1
2026-04-07 21:39:04.437074,EEG Wearable,E1:1B:6D:10:62:56,-73,7.0,near_body,1
2026-04-07 21:39:05.384853,EEG Wearable,E1:1B:6D:10:62:56,-71,7.0,near_body,1
2026-04-07 21:39:05.388861,EEG Wearable,E1:1B:6D:10:62:56,-72,7.0,near_body,1
2026-04-07 21:39:05.471049,EEG Wearable,E1:1B:6D:10:62:56,-74,7.0,near_body,1
2026-04-07 21:39:06.308942,EEG Wearable,E1:1B:6D:10:62:56,-77,7.0,near_body,1
2026-04-07 21:39:06.321094,EEG Wearable,E1:1B:6D:10:62:56,-77,7.0,near_body,1
2026-04-07 21:39:06.416970,EEG Wearable,E1:1B:6D:10:62:56,-72,7.0,near_body,1
2026-04-07 21:39:06.436846,EEG Wearable,E1:1B:6D:10:62:56,-72,7.0,near_body,1
2026-04-07 21:39:07.258142,EEG Wearable,E1:1B:6D:10:62:56,-76,7.0,near_body,1
2026-04-07 21:39:07.266158,EEG Wearable,E1:1B:6D:10:62:56,-76,7.0,near_body,1
2026-04-07 21:39:08.195823,EEG Wearable,E1:1B:6D:10:62:56,-70,7.0,near_body,1
2026-04-07 21:39:09.175777,EEG Wearable,E1:1B:6D:10:62:56,-76,7.0,near_body,1
2026-04-07 21:39:09.181033,EEG Wearable,E1:1B:6D:10:62:56,-76,7.0,near_body,1
2026-04-07 21:39:11.146710,EEG Wearable,E1:1B:6D:10:62:56,-76,7.0,near_body,1
2026-04-07 21:39:11.150905,EEG Wearable,E1:1B:6D:10:62:56,-76,7.0,near_body,1
2026-04-07 21:39:12.089303,EEG Wearable,E1:1B:6D:10:62:56,-72,7.0,near_body,1
2026-04-07 21:39:12.099340,EEG Wearable,E1:1B:6D:10:62:56,-72,7.0,near_body,1
2026-04-07 21:39:12.197722,EEG Wearable,E1:1B:6D:10:62:56,-76,7.0,near_body,1
2026-04-07 21:39:12.220797,EEG Wearable,E1:1B:6D:10:62:56,-76,7.0,near_body,1
2026-04-07 21:39:13.161897,EEG Wearable,E1:1B:6D:10:62:56,-72,7.0,near_body,1
2026-04-07 21:39:13.184487,EEG Wearable,E1:1B:6D:10:62:56,-72,7.0,near_body,1
2026-04-07 21:39:13.285320,EEG Wearable,E1:1B:6D:10:62:56,-76,7.0,near_body,1
2026-04-07 21:39:13.292840,EEG Wearable,E1:1B:6D:10:62:56,-76,7.0,near_body,1
2026-04-07 21:39:13.803054,EEG Wearable,E1:1B:6D:10:62:56,-76,7.0,near_body,1
2026-04-07 21:39:13.810994,EEG Wearable,E1:1B:6D:10:62:56,-76,7.0,near_body,1
2026-04-07 21:39:14.115306,EEG Wearable,E1:1B:6D:10:62:56,-76,7.0,near_body,1
2026-04-07 21:39:14.130183,EEG Wearable,E1:1B:6D:10:62:56,-76,7.0,near_body,1
2026-04-07 21:39:14.842509,EEG Wearable,E1:1B:6D:10:62:56,-76,7.0,near_body,1
2026-04-07 21:39:14.849531,EEG Wearable,E1:1B:6D:10:62:56,-76,7.0,near_body,1
2026-04-07 21:39:14.967106,EEG Wearable,E1:1B:6D:10:62:56,-72,7.0,near_body,1
2026-04-07 21:39:15.047826,EEG Wearable,E1:1B:6D:10:62:56,-76,7.0,near_body,1
2026-04-07 21:39:15.063408,EEG Wearable,E1:1B:6D:10:62:56,-76,7.0,near_body,1
2026-04-07 21:39:15.155454,EEG Wearable,E1:1B:6D:10:62:56,-76,7.0,near_body,1
2026-04-07 21:39:15.176908,EEG Wearable,E1:1B:6D:10:62:56,-76,7.0,near_body,1
2026-04-07 21:39:16.007600,EEG Wearable,E1:1B:6D:10:62:56,-72,7.0,near_body,1
2026-04-07 21:39:16.026246,EEG Wearable,E1:1B:6D:10:62:56,-72,7.0,near_body,1
2026-04-07 21:39:17.049942,EEG Wearable,E1:1B:6D:10:62:56,-72,7.0,near_body,1
2026-04-07 21:39:17.066179,EEG Wearable,E1:1B:6D:10:62:56,-72,7.0,near_body,1
2026-04-07 21:39:19.545957,EEG Wearable,E1:1B:6D:10:62:56,-72,7.0,near_body,1
2026-04-07 21:39:19.562544,EEG Wearable,E1:1B:6D:10:62:56,-72,7.0,near_body,1
2026-04-07 21:39:19.665470,EEG Wearable,E1:1B:6D:10:62:56,-76,7.0,near_body,1
2026-04-07 21:39:19.682795,EEG Wearable,E1:1B:6D:10:62:56,-76,7.0,near_body,1
2026-04-07 21:39:19.760901,EEG Wearable,E1:1B:6D:10:62:56,-76,7.0,near_body,1
2026-04-07 21:39:20.730063,EEG Wearable,E1:1B:6D:10:62:56,-76,7.0,near_body,1
2026-04-07 21:39:20.752580,EEG Wearable,E1:1B:6D:10:62:56,-76,7.0,near_body,1
2026-04-07 21:39:21.570397,EEG Wearable,E1:1B:6D:10:62:56,-75,7.0,near_body,1
2026-04-07 21:39:21.576411,EEG Wearable,E1:1B:6D:10:62:56,-75,7.0,near_body,1
2026-04-07 21:39:21.658777,EEG Wearable,E1:1B:6D:10:62:56,-72,7.0,near_body,1
2026-04-07 21:39:21.676649,EEG Wearable,E1:1B:6D:10:62:56,-72,7.0,near_body,1
2026-04-07 21:39:21.764313,EEG Wearable,E1:1B:6D:10:62:56,-77,7.0,near_body,1
2026-04-07 21:39:21.779652,EEG Wearable,E1:1B:6D:10:62:56,-76,7.0,near_body,1
2026-04-07 21:39:22.630282,EEG Wearable,E1:1B:6D:10:62:56,-75,7.0,near_body,1
2026-04-07 21:39:22.636038,EEG Wearable,E1:1B:6D:10:62:56,-76,7.0,near_body,1
2026-04-07 21:39:23.593583,EEG Wearable,E1:1B:6D:10:62:56,-77,7.0,near_body,1
2026-04-07 21:39:23.599595,EEG Wearable,E1:1B:6D:10:62:56,-77,7.0,near_body,1
2026-04-07 21:39:23.686228,EEG Wearable,E1:1B:6D:10:62:56,-75,7.0,near_body,1
2026-04-07 21:39:23.686228,EEG Wearable,E1:1B:6D:10:62:56,-75,7.0,near_body,1
2026-04-07 21:39:24.748864,EEG Wearable,E1:1B:6D:10:62:56,-75,7.0,near_body,1
2026-04-07 21:39:24.754777,EEG Wearable,E1:1B:6D:10:62:56,-75,7.0,near_body,1
2026-04-07 21:39:24.836595,EEG Wearable,E1:1B:6D:10:62:56,-72,7.0,near_body,1
2026-04-07 21:39:25.789509,EEG Wearable,E1:1B:6D:10:62:56,-76,7.0,near_body,1
2026-04-07 21:39:27.585619,EEG Wearable,E1:1B:6D:10:62:56,-75,7.0,near_body,1
2026-04-07 21:39:27.585619,EEG Wearable,E1:1B:6D:10:62:56,-75,7.0,near_body,1
2026-04-07 21:39:27.703596,EEG Wearable,E1:1B:6D:10:62:56,-72,7.0,near_body,1
2026-04-07 21:39:27.709609,EEG Wearable,E1:1B:6D:10:62:56,-72,7.0,near_body,1
2026-04-07 21:39:28.550953,EEG Wearable,E1:1B:6D:10:62:56,-76,7.0,near_body,1
2026-04-07 21:39:28.556967,EEG Wearable,E1:1B:6D:10:62:56,-76,7.0,near_body,1
2026-04-07 21:39:28.620828,EEG Wearable,E1:1B:6D:10:62:56,-75,7.0,near_body,1
2026-04-07 21:39:28.637125,EEG Wearable,E1:1B:6D:10:62:56,-74,7.0,near_body,1
2026-04-07 21:39:29.128711,EEG Wearable,E1:1B:6D:10:62:56,-72,7.0,near_body,1
2026-04-07 21:39:29.451265,EEG Wearable,E1:1B:6D:10:62:56,-72,7.0,near_body,1
2026-04-07 21:39:29.475066,EEG Wearable,E1:1B:6D:10:62:56,-72,7.0,near_body,1
2026-04-07 21:39:31.229693,EEG Wearable,E1:1B:6D:10:62:56,-72,7.0,near_body,1
2026-04-07 21:39:31.248872,EEG Wearable,E1:1B:6D:10:62:56,-72,7.0,near_body,1
2026-04-07 21:39:32.204760,EEG Wearable,E1:1B:6D:10:62:56,-75,7.0,near_body,1
2026-04-07 21:39:51.320519,EEG Wearable,E1:1B:6D:10:62:56,-73,7.0,near_body,2
2026-04-07 21:39:51.339528,EEG Wearable,E1:1B:6D:10:62:56,-73,7.0,near_body,2
2026-04-07 21:39:51.420461,EEG Wearable,E1:1B:6D:10:62:56,-73,7.0,near_body,2
2026-04-07 21:39:51.438667,EEG Wearable,E1:1B:6D:10:62:56,-73,7.0,near_body,2
2026-04-07 21:39:53.091204,EEG Wearable,E1:1B:6D:10:62:56,-73,7.0,near_body,2
2026-04-07 21:39:53.100362,EEG Wearable,E1:1B:6D:10:62:56,-73,7.0,near_body,2
2026-04-07 21:39:53.199239,EEG Wearable,E1:1B:6D:10:62:56,-73,7.0,near_body,2
2026-04-07 21:39:53.228366,EEG Wearable,E1:1B:6D:10:62:56,-73,7.0,near_body,2
2026-04-07 21:39:53.303403,EEG Wearable,E1:1B:6D:10:62:56,-78,7.0,near_body,2
2026-04-07 21:39:53.317565,EEG Wearable,E1:1B:6D:10:62:56,-77,7.0,near_body,2
2026-04-07 21:39:54.162756,EEG Wearable,E1:1B:6D:10:62:56,-73,7.0,near_body,2
2026-04-07 21:39:54.170215,EEG Wearable,E1:1B:6D:10:62:56,-73,7.0,near_body,2
2026-04-07 21:39:54.256093,EEG Wearable,E1:1B:6D:10:62:56,-73,7.0,near_body,2
2026-04-07 21:39:54.276957,EEG Wearable,E1:1B:6D:10:62:56,-73,7.0,near_body,2
2026-04-07 21:39:55.013291,EEG Wearable,E1:1B:6D:10:62:56,-73,7.0,near_body,2
2026-04-07 21:39:55.023912,EEG Wearable,E1:1B:6D:10:62:56,-73,7.0,near_body,2
2026-04-07 21:39:55.096371,EEG Wearable,E1:1B:6D:10:62:56,-78,7.0,near_body,2
2026-04-07 21:39:55.110188,EEG Wearable,E1:1B:6D:10:62:56,-78,7.0,near_body,2
2026-04-07 21:39:55.824716,EEG Wearable,E1:1B:6D:10:62:56,-78,7.0,near_body,2
2026-04-07 21:39:55.824716,EEG Wearable,E1:1B:6D:10:62:56,-78,7.0,near_body,2
2026-04-07 21:39:55.942847,EEG Wearable,E1:1B:6D:10:62:56,-73,7.0,near_body,2
2026-04-07 21:39:55.953462,EEG Wearable,E1:1B:6D:10:62:56,-73,7.0,near_body,2
2026-04-07 21:39:56.029508,EEG Wearable,E1:1B:6D:10:62:56,-73,7.0,near_body,2
2026-04-07 21:39:56.047449,EEG Wearable,E1:1B:6D:10:62:56,-73,7.0,near_body,2
2026-04-07 21:39:56.655445,EEG Wearable,E1:1B:6D:10:62:56,-73,7.0,near_body,2
2026-04-07 21:39:56.668398,EEG Wearable,E1:1B:6D:10:62:56,-73,7.0,near_body,2
2026-04-07 21:39:56.761532,EEG Wearable,E1:1B:6D:10:62:56,-73,7.0,near_body,2
2026-04-07 21:39:56.890697,EEG Wearable,E1:1B:6D:10:62:56,-78,7.0,near_body,2
2026-04-07 21:39:56.906637,EEG Wearable,E1:1B:6D:10:62:56,-78,7.0,near_body,2
2026-04-07 21:39:57.711200,EEG Wearable,E1:1B:6D:10:62:56,-73,7.0,near_body,2
2026-04-07 21:39:57.725969,EEG Wearable,E1:1B:6D:10:62:56,-73,7.0,near_body,2
2026-04-07 21:39:57.805466,EEG Wearable,E1:1B:6D:10:62:56,-73,7.0,near_body,2
2026-04-07 21:39:57.816729,EEG Wearable,E1:1B:6D:10:62:56,-73,7.0,near_body,2
2026-04-07 21:39:58.866156,EEG Wearable,E1:1B:6D:10:62:56,-73,7.0,near_body,2
2026-04-07 21:39:58.881731,EEG Wearable,E1:1B:6D:10:62:56,-73,7.0,near_body,2
2026-04-07 21:39:59.842007,EEG Wearable,E1:1B:6D:10:62:56,-73,7.0,near_body,2
2026-04-07 21:39:59.853887,EEG Wearable,E1:1B:6D:10:62:56,-73,7.0,near_body,2
2026-04-07 21:39:59.917706,EEG Wearable,E1:1B:6D:10:62:56,-73,7.0,near_body,2
2026-04-07 21:40:00.773855,EEG Wearable,E1:1B:6D:10:62:56,-78,7.0,near_body,2
2026-04-07 21:40:00.778652,EEG Wearable,E1:1B:6D:10:62:56,-78,7.0,near_body,2
2026-04-07 21:40:00.868039,EEG Wearable,E1:1B:6D:10:62:56,-72,7.0,near_body,2
2026-04-07 21:40:02.457414,EEG Wearable,E1:1B:6D:10:62:56,-73,7.0,near_body,2
2026-04-07 21:40:02.463428,EEG Wearable,E1:1B:6D:10:62:56,-73,7.0,near_body,2
2026-04-07 21:40:02.547037,EEG Wearable,E1:1B:6D:10:62:56,-78,7.0,near_body,2
2026-04-07 21:40:02.562896,EEG Wearable,E1:1B:6D:10:62:56,-78,7.0,near_body,2
2026-04-07 21:40:02.652586,EEG Wearable,E1:1B:6D:10:62:56,-72,7.0,near_body,2
2026-04-07 21:40:03.600998,EEG Wearable,E1:1B:6D:10:62:56,-78,7.0,near_body,2
2026-04-07 21:40:03.600998,EEG Wearable,E1:1B:6D:10:62:56,-78,7.0,near_body,2
2026-04-07 21:40:04.342957,EEG Wearable,E1:1B:6D:10:62:56,-78,7.0,near_body,2
2026-04-07 21:40:04.350982,EEG Wearable,E1:1B:6D:10:62:56,-78,7.0,near_body,2
2026-04-07 21:40:04.547959,EEG Wearable,E1:1B:6D:10:62:56,-73,7.0,near_body,2
2026-04-07 21:40:04.564095,EEG Wearable,E1:1B:6D:10:62:56,-73,7.0,near_body,2
2026-04-07 21:40:04.666005,EEG Wearable,E1:1B:6D:10:62:56,-78,7.0,near_body,2
2026-04-07 21:40:04.672412,EEG Wearable,E1:1B:6D:10:62:56,-78,7.0,near_body,2
2026-04-07 21:40:05.489909,EEG Wearable,E1:1B:6D:10:62:56,-72,7.0,near_body,2
2026-04-07 21:40:05.497930,EEG Wearable,E1:1B:6D:10:62:56,-72,7.0,near_body,2
2026-04-07 21:40:06.332874,EEG Wearable,E1:1B:6D:10:62:56,-73,7.0,near_body,2
2026-04-07 21:40:06.425659,EEG Wearable,E1:1B:6D:10:62:56,-79,7.0,near_body,2
2026-04-07 21:40:06.440729,EEG Wearable,E1:1B:6D:10:62:56,-79,7.0,near_body,2
2026-04-07 21:40:07.259494,EEG Wearable,E1:1B:6D:10:62:56,-72,7.0,near_body,2
2026-04-07 21:40:07.282176,EEG Wearable,E1:1B:6D:10:62:56,-72,7.0,near_body,2
2026-04-07 21:40:08.312287,EEG Wearable,E1:1B:6D:10:62:56,-72,7.0,near_body,2
2026-04-07 21:40:08.321269,EEG Wearable,E1:1B:6D:10:62:56,-72,7.0,near_body,2
2026-04-07 21:40:09.245839,EEG Wearable,E1:1B:6D:10:62:56,-78,7.0,near_body,2
2026-04-07 21:40:09.272418,EEG Wearable,E1:1B:6D:10:62:56,-78,7.0,near_body,2
2026-04-07 21:40:10.089435,EEG Wearable,E1:1B:6D:10:62:56,-72,7.0,near_body,2
2026-04-07 21:40:10.115642,EEG Wearable,E1:1B:6D:10:62:56,-72,7.0,near_body,2
2026-04-07 21:40:10.205313,EEG Wearable,E1:1B:6D:10:62:56,-73,7.0,near_body,2
2026-04-07 21:40:11.047308,EEG Wearable,E1:1B:6D:10:62:56,-78,7.0,near_body,2
2026-04-07 21:40:11.053063,EEG Wearable,E1:1B:6D:10:62:56,-78,7.0,near_body,2
2026-04-07 21:40:12.085910,EEG Wearable,E1:1B:6D:10:62:56,-78,7.0,near_body,2
2026-04-07 21:40:12.099111,EEG Wearable,E1:1B:6D:10:62:56,-78,7.0,near_body,2
2026-04-07 21:40:12.940501,EEG Wearable,E1:1B:6D:10:62:56,-71,7.0,near_body,2
2026-04-07 21:40:12.949031,EEG Wearable,E1:1B:6D:10:62:56,-71,7.0,near_body,2
2026-04-07 21:40:13.031075,EEG Wearable,E1:1B:6D:10:62:56,-73,7.0,near_body,2
2026-04-07 21:40:13.055823,EEG Wearable,E1:1B:6D:10:62:56,-73,7.0,near_body,2
2026-04-07 21:40:14.840161,EEG Wearable,E1:1B:6D:10:62:56,-73,7.0,near_body,2
2026-04-07 21:40:14.853232,EEG Wearable,E1:1B:6D:10:62:56,-73,7.0,near_body,2
2026-04-07 21:40:14.933471,EEG Wearable,E1:1B:6D:10:62:56,-79,7.0,near_body,2
2026-04-07 21:40:14.939793,EEG Wearable,E1:1B:6D:10:62:56,-78,7.0,near_body,2
2026-04-07 21:40:15.791079,EEG Wearable,E1:1B:6D:10:62:56,-71,7.0,near_body,2
2026-04-07 21:40:15.799103,EEG Wearable,E1:1B:6D:10:62:56,-71,7.0,near_body,2
2026-04-07 21:40:15.872736,EEG Wearable,E1:1B:6D:10:62:56,-73,7.0,near_body,2
2026-04-07 21:40:15.886911,EEG Wearable,E1:1B:6D:10:62:56,-73,7.0,near_body,2
2026-04-07 21:40:15.979979,EEG Wearable,E1:1B:6D:10:62:56,-78,7.0,near_body,2
2026-04-07 21:40:15.993856,EEG Wearable,E1:1B:6D:10:62:56,-78,7.0,near_body,2
2026-04-07 21:40:16.840182,EEG Wearable,E1:1B:6D:10:62:56,-71,7.0,near_body,2
2026-04-07 21:40:16.859138,EEG Wearable,E1:1B:6D:10:62:56,-71,7.0,near_body,2
2026-04-07 21:40:16.935903,EEG Wearable,E1:1B:6D:10:62:56,-73,7.0,near_body,2
2026-04-07 21:40:18.725652,EEG Wearable,E1:1B:6D:10:62:56,-73,7.0,near_body,2
2026-04-07 21:40:18.728843,EEG Wearable,E1:1B:6D:10:62:56,-73,7.0,near_body,2
2026-04-07 21:40:18.820666,EEG Wearable,E1:1B:6D:10:62:56,-79,7.0,near_body,2
2026-04-07 21:40:19.772181,EEG Wearable,E1:1B:6D:10:62:56,-73,7.0,near_body,2
2026-04-07 21:40:20.647720,EEG Wearable,E1:1B:6D:10:62:56,-79,7.0,near_body,2
2026-04-07 21:40:20.668625,EEG Wearable,E1:1B:6D:10:62:56,-78,7.0,near_body,2
2026-04-07 21:40:20.727661,EEG Wearable,E1:1B:6D:10:62:56,-71,7.0,near_body,2
2026-04-07 21:40:20.733173,EEG Wearable,E1:1B:6D:10:62:56,-71,7.0,near_body,2
2026-04-07 21:40:33.831088,EEG Wearable,E1:1B:6D:10:62:56,-71,7.0,near_body,3
2026-04-07 21:40:33.851574,EEG Wearable,E1:1B:6D:10:62:56,-71,7.0,near_body,3
2026-04-07 21:40:33.942084,EEG Wearable,E1:1B:6D:10:62:56,-73,7.0,near_body,3
2026-04-07 21:40:33.956277,EEG Wearable,E1:1B:6D:10:62:56,-73,7.0,near_body,3
2026-04-07 21:40:34.917591,EEG Wearable,E1:1B:6D:10:62:56,-71,7.0,near_body,3
2026-04-07 21:40:35.751527,EEG Wearable,E1:1B:6D:10:62:56,-73,7.0,near_body,3
2026-04-07 21:40:35.757280,EEG Wearable,E1:1B:6D:10:62:56,-73,7.0,near_body,3
2026-04-07 21:40:35.843827,EEG Wearable,E1:1B:6D:10:62:56,-80,7.0,near_body,3
2026-04-07 21:40:35.869074,EEG Wearable,E1:1B:6D:10:62:56,-80,7.0,near_body,3
2026-04-07 21:40:35.945331,EEG Wearable,E1:1B:6D:10:62:56,-71,7.0,near_body,3
2026-04-07 21:40:35.965950,EEG Wearable,E1:1B:6D:10:62:56,-71,7.0,near_body,3
2026-04-07 21:40:36.713035,EEG Wearable,E1:1B:6D:10:62:56,-71,7.0,near_body,3
2026-04-07 21:40:36.719049,EEG Wearable,E1:1B:6D:10:62:56,-71,7.0,near_body,3
2026-04-07 21:40:36.915279,EEG Wearable,E1:1B:6D:10:62:56,-80,7.0,near_body,3
2026-04-07 21:40:36.924360,EEG Wearable,E1:1B:6D:10:62:56,-80,7.0,near_body,3
2026-04-07 21:40:37.546928,EEG Wearable,E1:1B:6D:10:62:56,-73,7.0,near_body,3
2026-04-07 21:40:37.627566,EEG Wearable,E1:1B:6D:10:62:56,-80,7.0,near_body,3
2026-04-07 21:40:37.640362,EEG Wearable,E1:1B:6D:10:62:56,-80,7.0,near_body,3
2026-04-07 21:40:37.725346,EEG Wearable,E1:1B:6D:10:62:56,-71,7.0,near_body,3
2026-04-07 21:40:37.747090,EEG Wearable,E1:1B:6D:10:62:56,-71,7.0,near_body,3
2026-04-07 21:40:38.597530,EEG Wearable,E1:1B:6D:10:62:56,-73,7.0,near_body,3
2026-04-07 21:40:38.604067,EEG Wearable,E1:1B:6D:10:62:56,-73,7.0,near_body,3
2026-04-07 21:40:38.669951,EEG Wearable,E1:1B:6D:10:62:56,-80,7.0,near_body,3
2026-04-07 21:40:38.688265,EEG Wearable,E1:1B:6D:10:62:56,-80,7.0,near_body,3
2026-04-07 21:40:40.466466,EEG Wearable,E1:1B:6D:10:62:56,-80,7.0,near_body,3
2026-04-07 21:40:40.478006,EEG Wearable,E1:1B:6D:10:62:56,-81,7.0,near_body,3
2026-04-07 21:40:41.393621,EEG Wearable,E1:1B:6D:10:62:56,-73,7.0,near_body,3
2026-04-07 21:40:41.411188,EEG Wearable,E1:1B:6D:10:62:56,-73,7.0,near_body,3
2026-04-07 21:40:42.353448,EEG Wearable,E1:1B:6D:10:62:56,-70,7.0,near_body,3
2026-04-07 21:40:42.470407,EEG Wearable,E1:1B:6D:10:62:56,-73,7.0,near_body,3
2026-04-07 21:40:42.487132,EEG Wearable,E1:1B:6D:10:62:56,-73,7.0,near_body,3
2026-04-07 21:40:43.412385,EEG Wearable,E1:1B:6D:10:62:56,-70,7.0,near_body,3
2026-04-07 21:40:43.420588,EEG Wearable,E1:1B:6D:10:62:56,-70,7.0,near_body,3
2026-04-07 21:40:44.357581,EEG Wearable,E1:1B:6D:10:62:56,-81,7.0,near_body,3
2026-04-07 21:40:45.332569,EEG Wearable,E1:1B:6D:10:62:56,-73,7.0,near_body,3
2026-04-07 21:40:45.519202,EEG Wearable,E1:1B:6D:10:62:56,-70,7.0,near_body,3
2026-04-07 21:40:46.379813,EEG Wearable,E1:1B:6D:10:62:56,-73,7.0,near_body,3
2026-04-07 21:40:46.384897,EEG Wearable,E1:1B:6D:10:62:56,-73,7.0,near_body,3
2026-04-07 21:40:46.491914,EEG Wearable,E1:1B:6D:10:62:56,-81,7.0,near_body,3
2026-04-07 21:40:46.491914,EEG Wearable,E1:1B:6D:10:62:56,-81,7.0,near_body,3
2026-04-07 21:40:48.351419,EEG Wearable,E1:1B:6D:10:62:56,-71,7.0,near_body,3
2026-04-07 21:40:48.371444,EEG Wearable,E1:1B:6D:10:62:56,-71,7.0,near_body,3
2026-04-07 21:40:49.418920,EEG Wearable,E1:1B:6D:10:62:56,-70,7.0,near_body,3
2026-04-07 21:40:49.435811,EEG Wearable,E1:1B:6D:10:62:56,-70,7.0,near_body,3
2026-04-07 21:40:50.259126,EEG Wearable,E1:1B:6D:10:62:56,-73,7.0,near_body,3
2026-04-07 21:40:51.229908,EEG Wearable,E1:1B:6D:10:62:56,-70,7.0,near_body,3
2026-04-07 21:40:52.055087,EEG Wearable,E1:1B:6D:10:62:56,-73,7.0,near_body,3
2026-04-07 21:40:52.060277,EEG Wearable,E1:1B:6D:10:62:56,-73,7.0,near_body,3
2026-04-07 21:40:52.172126,EEG Wearable,E1:1B:6D:10:62:56,-82,7.0,near_body,3
2026-04-07 21:40:52.179754,EEG Wearable,E1:1B:6D:10:62:56,-82,7.0,near_body,3
2026-04-07 21:40:52.245943,EEG Wearable,E1:1B:6D:10:62:56,-70,7.0,near_body,3
2026-04-07 21:40:52.245943,EEG Wearable,E1:1B:6D:10:62:56,-70,7.0,near_body,3
2026-04-07 21:40:52.993284,EEG Wearable,E1:1B:6D:10:62:56,-70,7.0,near_body,3
2026-04-07 21:40:53.014086,EEG Wearable,E1:1B:6D:10:62:56,-70,7.0,near_body,3
2026-04-07 21:40:53.094726,EEG Wearable,E1:1B:6D:10:62:56,-72,7.0,near_body,3
2026-04-07 21:40:54.039406,EEG Wearable,E1:1B:6D:10:62:56,-70,7.0,near_body,3
2026-04-07 21:40:54.982785,EEG Wearable,E1:1B:6D:10:62:56,-82,7.0,near_body,3
2026-04-07 21:40:55.008751,EEG Wearable,E1:1B:6D:10:62:56,-82,7.0,near_body,3
2026-04-07 21:40:55.089356,EEG Wearable,E1:1B:6D:10:62:56,-70,7.0,near_body,3
2026-04-07 21:40:55.111855,EEG Wearable,E1:1B:6D:10:62:56,-70,7.0,near_body,3
2026-04-07 21:40:56.046380,EEG Wearable,E1:1B:6D:10:62:56,-82,7.0,near_body,3
2026-04-07 21:40:56.069927,EEG Wearable,E1:1B:6D:10:62:56,-82,7.0,near_body,3
2026-04-07 21:40:56.999069,EEG Wearable,E1:1B:6D:10:62:56,-72,7.0,near_body,3
2026-04-07 21:40:56.999069,EEG Wearable,E1:1B:6D:10:62:56,-73,7.0,near_body,3
2026-04-07 21:40:57.098186,EEG Wearable,E1:1B:6D:10:62:56,-82,7.0,near_body,3
2026-04-07 21:40:57.118095,EEG Wearable,E1:1B:6D:10:62:56,-82,7.0,near_body,3
2026-04-07 21:40:57.943697,EEG Wearable,E1:1B:6D:10:62:56,-70,7.0,near_body,3
2026-04-07 21:40:58.877183,EEG Wearable,E1:1B:6D:10:62:56,-82,7.0,near_body,3
2026-04-07 21:40:59.383455,EEG Wearable,E1:1B:6D:10:62:56,-70,7.0,near_body,3
2026-04-07 21:40:59.383455,EEG Wearable,E1:1B:6D:10:62:56,-70,7.0,near_body,3
2026-04-07 21:40:59.703827,EEG Wearable,E1:1B:6D:10:62:56,-70,7.0,near_body,3
2026-04-07 21:40:59.713885,EEG Wearable,E1:1B:6D:10:62:56,-70,7.0,near_body,3
2026-04-07 21:41:00.647602,EEG Wearable,E1:1B:6D:10:62:56,-82,7.0,near_body,3
2026-04-07 21:41:00.667493,EEG Wearable,E1:1B:6D:10:62:56,-82,7.0,near_body,3
2026-04-07 21:41:01.601727,EEG Wearable,E1:1B:6D:10:62:56,-73,7.0,near_body,3
2026-04-07 21:41:01.697659,EEG Wearable,E1:1B:6D:10:62:56,-82,7.0,near_body,3
2026-04-07 21:41:01.723880,EEG Wearable,E1:1B:6D:10:62:56,-82,7.0,near_body,3
2026-04-07 21:42:35.383004,EEG Wearable,E1:1B:6D:10:62:56,-64,7.0,line_of_sight,1
2026-04-07 21:42:36.215292,EEG Wearable,E1:1B:6D:10:62:56,-71,7.0,line_of_sight,1
2026-04-07 21:42:36.229681,EEG Wearable,E1:1B:6D:10:62:56,-71,7.0,line_of_sight,1
2026-04-07 21:42:36.341525,EEG Wearable,E1:1B:6D:10:62:56,-71,7.0,line_of_sight,1
2026-04-07 21:42:38.228169,EEG Wearable,E1:1B:6D:10:62:56,-71,7.0,line_of_sight,1
2026-04-07 21:42:39.291140,EEG Wearable,E1:1B:6D:10:62:56,-69,7.0,line_of_sight,1
2026-04-07 21:42:39.291140,EEG Wearable,E1:1B:6D:10:62:56,-69,7.0,line_of_sight,1
2026-04-07 21:42:40.141907,EEG Wearable,E1:1B:6D:10:62:56,-77,7.0,line_of_sight,1
2026-04-07 21:42:40.251562,EEG Wearable,E1:1B:6D:10:62:56,-85,7.0,line_of_sight,1
2026-04-07 21:42:40.257510,EEG Wearable,E1:1B:6D:10:62:56,-85,7.0,line_of_sight,1
2026-04-07 21:42:41.188263,EEG Wearable,E1:1B:6D:10:62:56,-78,7.0,line_of_sight,1
2026-04-07 21:42:41.191771,EEG Wearable,E1:1B:6D:10:62:56,-78,7.0,line_of_sight,1
2026-04-07 21:42:42.145993,EEG Wearable,E1:1B:6D:10:62:56,-69,7.0,line_of_sight,1
2026-04-07 21:42:42.252518,EEG Wearable,E1:1B:6D:10:62:56,-79,7.0,line_of_sight,1
2026-04-07 21:42:43.180132,EEG Wearable,E1:1B:6D:10:62:56,-69,7.0,line_of_sight,1
2026-04-07 21:42:43.199457,EEG Wearable,E1:1B:6D:10:62:56,-69,7.0,line_of_sight,1
2026-04-07 21:42:44.239877,EEG Wearable,E1:1B:6D:10:62:56,-69,7.0,line_of_sight,1
2026-04-07 21:42:44.257550,EEG Wearable,E1:1B:6D:10:62:56,-69,7.0,line_of_sight,1
2026-04-07 21:42:45.056444,EEG Wearable,E1:1B:6D:10:62:56,-78,7.0,line_of_sight,1
2026-04-07 21:42:45.072450,EEG Wearable,E1:1B:6D:10:62:56,-79,7.0,line_of_sight,1
2026-04-07 21:42:46.846679,EEG Wearable,E1:1B:6D:10:62:56,-78,7.0,line_of_sight,1
2026-04-07 21:42:46.870786,EEG Wearable,E1:1B:6D:10:62:56,-78,7.0,line_of_sight,1
2026-04-07 21:42:46.965030,EEG Wearable,E1:1B:6D:10:62:56,-85,7.0,line_of_sight,1
2026-04-07 21:42:46.966541,EEG Wearable,E1:1B:6D:10:62:56,-84,7.0,line_of_sight,1
2026-04-07 21:42:47.678407,EEG Wearable,E1:1B:6D:10:62:56,-82,7.0,line_of_sight,1
2026-04-07 21:42:47.779828,EEG Wearable,E1:1B:6D:10:62:56,-69,7.0,line_of_sight,1
2026-04-07 21:42:47.804420,EEG Wearable,E1:1B:6D:10:62:56,-69,7.0,line_of_sight,1
2026-04-07 21:42:48.517456,EEG Wearable,E1:1B:6D:10:62:56,-69,7.0,line_of_sight,1
2026-04-07 21:42:48.535759,EEG Wearable,E1:1B:6D:10:62:56,-69,7.0,line_of_sight,1
2026-04-07 21:42:48.621710,EEG Wearable,E1:1B:6D:10:62:56,-77,7.0,line_of_sight,1
2026-04-07 21:42:49.475184,EEG Wearable,E1:1B:6D:10:62:56,-83,7.0,line_of_sight,1
2026-04-07 21:42:49.481697,EEG Wearable,E1:1B:6D:10:62:56,-83,7.0,line_of_sight,1
2026-04-07 21:42:49.551698,EEG Wearable,E1:1B:6D:10:62:56,-69,7.0,line_of_sight,1
2026-04-07 21:42:50.532640,EEG Wearable,E1:1B:6D:10:62:56,-83,7.0,line_of_sight,1
2026-04-07 21:42:50.538393,EEG Wearable,E1:1B:6D:10:62:56,-83,7.0,line_of_sight,1
2026-04-07 21:42:50.612701,EEG Wearable,E1:1B:6D:10:62:56,-69,7.0,line_of_sight,1
2026-04-07 21:42:50.629104,EEG Wearable,E1:1B:6D:10:62:56,-69,7.0,line_of_sight,1
2026-04-07 21:42:51.563943,EEG Wearable,E1:1B:6D:10:62:56,-83,7.0,line_of_sight,1
2026-04-07 21:42:51.582000,EEG Wearable,E1:1B:6D:10:62:56,-83,7.0,line_of_sight,1
2026-04-07 21:42:52.409047,EEG Wearable,E1:1B:6D:10:62:56,-69,7.0,line_of_sight,1
2026-04-07 21:42:52.517446,EEG Wearable,E1:1B:6D:10:62:56,-77,7.0,line_of_sight,1
2026-04-07 21:42:52.524967,EEG Wearable,E1:1B:6D:10:62:56,-78,7.0,line_of_sight,1
2026-04-07 21:42:53.150172,EEG Wearable,E1:1B:6D:10:62:56,-69,7.0,line_of_sight,1
2026-04-07 21:42:53.158193,EEG Wearable,E1:1B:6D:10:62:56,-69,7.0,line_of_sight,1
2026-04-07 21:42:53.225836,EEG Wearable,E1:1B:6D:10:62:56,-77,7.0,line_of_sight,1
2026-04-07 21:42:53.231849,EEG Wearable,E1:1B:6D:10:62:56,-77,7.0,line_of_sight,1
2026-04-07 21:42:53.335455,EEG Wearable,E1:1B:6D:10:62:56,-81,7.0,line_of_sight,1
2026-04-07 21:42:53.360076,EEG Wearable,E1:1B:6D:10:62:56,-81,7.0,line_of_sight,1
2026-04-07 21:42:54.172599,EEG Wearable,E1:1B:6D:10:62:56,-69,7.0,line_of_sight,1
2026-04-07 21:42:54.178847,EEG Wearable,E1:1B:6D:10:62:56,-69,7.0,line_of_sight,1
2026-04-07 21:42:54.273946,EEG Wearable,E1:1B:6D:10:62:56,-77,7.0,line_of_sight,1
2026-04-07 21:42:55.844510,EEG Wearable,E1:1B:6D:10:62:56,-81,7.0,line_of_sight,1
2026-04-07 21:42:55.865190,EEG Wearable,E1:1B:6D:10:62:56,-81,7.0,line_of_sight,1
2026-04-07 21:42:57.022215,EEG Wearable,E1:1B:6D:10:62:56,-68,7.0,line_of_sight,1
2026-04-07 21:42:59.007721,EEG Wearable,E1:1B:6D:10:62:56,-82,7.0,line_of_sight,1
2026-04-07 21:42:59.028439,EEG Wearable,E1:1B:6D:10:62:56,-82,7.0,line_of_sight,1
2026-04-07 21:43:00.078839,EEG Wearable,E1:1B:6D:10:62:56,-80,7.0,line_of_sight,1
2026-04-07 21:43:00.094610,EEG Wearable,E1:1B:6D:10:62:56,-81,7.0,line_of_sight,1
2026-04-07 21:43:01.019740,EEG Wearable,E1:1B:6D:10:62:56,-77,7.0,line_of_sight,1
2026-04-07 21:43:01.146370,EEG Wearable,E1:1B:6D:10:62:56,-80,7.0,line_of_sight,1
2026-04-07 21:43:01.146370,EEG Wearable,E1:1B:6D:10:62:56,-80,7.0,line_of_sight,1
2026-04-07 21:43:01.975560,EEG Wearable,E1:1B:6D:10:62:56,-69,7.0,line_of_sight,1
2026-04-07 21:43:01.991477,EEG Wearable,E1:1B:6D:10:62:56,-69,7.0,line_of_sight,1
2026-04-07 21:43:02.070818,EEG Wearable,E1:1B:6D:10:62:56,-76,7.0,line_of_sight,1
2026-04-07 21:43:02.102335,EEG Wearable,E1:1B:6D:10:62:56,-79,7.0,line_of_sight,1
2026-04-07 21:43:03.037941,EEG Wearable,E1:1B:6D:10:62:56,-68,7.0,line_of_sight,1
2026-04-07 21:43:03.043956,EEG Wearable,E1:1B:6D:10:62:56,-68,7.0,line_of_sight,1
2026-04-07 21:43:03.140462,EEG Wearable,E1:1B:6D:10:62:56,-76,7.0,line_of_sight,1
2026-04-07 21:43:03.165978,EEG Wearable,E1:1B:6D:10:62:56,-76,7.0,line_of_sight,1
2026-04-07 21:43:03.878764,EEG Wearable,E1:1B:6D:10:62:56,-77,7.0,line_of_sight,1
2026-04-07 21:43:04.911149,EEG Wearable,E1:1B:6D:10:62:56,-80,7.0,line_of_sight,1
2026-04-07 21:43:04.934275,EEG Wearable,E1:1B:6D:10:62:56,-80,7.0,line_of_sight,1
2026-04-07 21:43:39.878486,EEG Wearable,E1:1B:6D:10:62:56,-69,7.0,line_of_sight,2
2026-04-07 21:43:40.718270,EEG Wearable,E1:1B:6D:10:62:56,-74,7.0,line_of_sight,2
2026-04-07 21:43:41.659830,EEG Wearable,E1:1B:6D:10:62:56,-70,7.0,line_of_sight,2
2026-04-07 21:43:41.677142,EEG Wearable,E1:1B:6D:10:62:56,-70,7.0,line_of_sight,2
2026-04-07 21:43:42.710693,EEG Wearable,E1:1B:6D:10:62:56,-74,7.0,line_of_sight,2
2026-04-07 21:43:42.728194,EEG Wearable,E1:1B:6D:10:62:56,-74,7.0,line_of_sight,2
2026-04-07 21:43:43.770423,EEG Wearable,E1:1B:6D:10:62:56,-71,7.0,line_of_sight,2
2026-04-07 21:43:43.796069,EEG Wearable,E1:1B:6D:10:62:56,-71,7.0,line_of_sight,2
2026-04-07 21:43:44.823119,EEG Wearable,E1:1B:6D:10:62:56,-70,7.0,line_of_sight,2
2026-04-07 21:43:44.852215,EEG Wearable,E1:1B:6D:10:62:56,-69,7.0,line_of_sight,2
2026-04-07 21:43:46.628146,EEG Wearable,E1:1B:6D:10:62:56,-70,7.0,line_of_sight,2
2026-04-07 21:43:46.639112,EEG Wearable,E1:1B:6D:10:62:56,-70,7.0,line_of_sight,2
2026-04-07 21:43:48.621029,EEG Wearable,E1:1B:6D:10:62:56,-80,7.0,line_of_sight,2
2026-04-07 21:43:48.621029,EEG Wearable,E1:1B:6D:10:62:56,-80,7.0,line_of_sight,2
2026-04-07 21:43:49.576819,EEG Wearable,E1:1B:6D:10:62:56,-74,7.0,line_of_sight,2
2026-04-07 21:43:49.675362,EEG Wearable,E1:1B:6D:10:62:56,-80,7.0,line_of_sight,2
2026-04-07 21:43:49.695976,EEG Wearable,E1:1B:6D:10:62:56,-80,7.0,line_of_sight,2
2026-04-07 21:43:51.579548,EEG Wearable,E1:1B:6D:10:62:56,-70,7.0,line_of_sight,2
2026-04-07 21:43:51.603472,EEG Wearable,E1:1B:6D:10:62:56,-71,7.0,line_of_sight,2
2026-04-07 21:43:51.703486,EEG Wearable,E1:1B:6D:10:62:56,-73,7.0,line_of_sight,2
2026-04-07 21:43:51.709505,EEG Wearable,E1:1B:6D:10:62:56,-73,7.0,line_of_sight,2
2026-04-07 21:43:52.654283,EEG Wearable,E1:1B:6D:10:62:56,-69,7.0,line_of_sight,2
2026-04-07 21:43:52.658794,EEG Wearable,E1:1B:6D:10:62:56,-69,7.0,line_of_sight,2
2026-04-07 21:43:52.770848,EEG Wearable,E1:1B:6D:10:62:56,-73,7.0,line_of_sight,2
2026-04-07 21:43:52.776871,EEG Wearable,E1:1B:6D:10:62:56,-73,7.0,line_of_sight,2
2026-04-07 21:43:53.580686,EEG Wearable,E1:1B:6D:10:62:56,-78,7.0,line_of_sight,2
2026-04-07 21:43:54.536284,EEG Wearable,E1:1B:6D:10:62:56,-73,7.0,line_of_sight,2
2026-04-07 21:43:54.650025,EEG Wearable,E1:1B:6D:10:62:56,-77,7.0,line_of_sight,2
2026-04-07 21:43:54.668734,EEG Wearable,E1:1B:6D:10:62:56,-80,7.0,line_of_sight,2
2026-04-07 21:43:55.405056,EEG Wearable,E1:1B:6D:10:62:56,-80,7.0,line_of_sight,2
2026-04-07 21:43:55.477600,EEG Wearable,E1:1B:6D:10:62:56,-70,7.0,line_of_sight,2
2026-04-07 21:43:55.493520,EEG Wearable,E1:1B:6D:10:62:56,-70,7.0,line_of_sight,2
2026-04-07 21:43:56.525883,EEG Wearable,E1:1B:6D:10:62:56,-70,7.0,line_of_sight,2
2026-04-07 21:43:57.469357,EEG Wearable,E1:1B:6D:10:62:56,-80,7.0,line_of_sight,2
2026-04-07 21:43:58.312446,EEG Wearable,E1:1B:6D:10:62:56,-70,7.0,line_of_sight,2
2026-04-07 21:43:58.312446,EEG Wearable,E1:1B:6D:10:62:56,-70,7.0,line_of_sight,2
2026-04-07 21:43:59.174760,EEG Wearable,E1:1B:6D:10:62:56,-74,7.0,line_of_sight,2
2026-04-07 21:43:59.174760,EEG Wearable,E1:1B:6D:10:62:56,-74,7.0,line_of_sight,2
2026-04-07 21:44:00.085658,EEG Wearable,E1:1B:6D:10:62:56,-70,7.0,line_of_sight,2
2026-04-07 21:44:00.085658,EEG Wearable,E1:1B:6D:10:62:56,-70,7.0,line_of_sight,2
2026-04-07 21:44:00.180901,EEG Wearable,E1:1B:6D:10:62:56,-74,7.0,line_of_sight,2
2026-04-07 21:44:00.214035,EEG Wearable,E1:1B:6D:10:62:56,-74,7.0,line_of_sight,2
2026-04-07 21:44:01.137914,EEG Wearable,E1:1B:6D:10:62:56,-70,7.0,line_of_sight,2
2026-04-07 21:44:01.169905,EEG Wearable,E1:1B:6D:10:62:56,-70,7.0,line_of_sight,2
2026-04-07 21:44:01.249489,EEG Wearable,E1:1B:6D:10:62:56,-74,7.0,line_of_sight,2
2026-04-07 21:44:02.097361,EEG Wearable,E1:1B:6D:10:62:56,-78,7.0,line_of_sight,2
2026-04-07 21:44:02.123487,EEG Wearable,E1:1B:6D:10:62:56,-78,7.0,line_of_sight,2
2026-04-07 21:44:02.190874,EEG Wearable,E1:1B:6D:10:62:56,-70,7.0,line_of_sight,2
2026-04-07 21:44:03.260916,EEG Wearable,E1:1B:6D:10:62:56,-70,7.0,line_of_sight,2
2026-04-07 21:44:03.283704,EEG Wearable,E1:1B:6D:10:62:56,-70,7.0,line_of_sight,2
2026-04-07 21:44:03.975925,EEG Wearable,E1:1B:6D:10:62:56,-70,7.0,line_of_sight,2
2026-04-07 21:44:04.926054,EEG Wearable,E1:1B:6D:10:62:56,-80,7.0,line_of_sight,2
2026-04-07 21:44:05.030137,EEG Wearable,E1:1B:6D:10:62:56,-70,7.0,line_of_sight,2
2026-04-07 21:44:05.872193,EEG Wearable,E1:1B:6D:10:62:56,-74,7.0,line_of_sight,2
2026-04-07 21:44:05.974018,EEG Wearable,E1:1B:6D:10:62:56,-80,7.0,line_of_sight,2
2026-04-07 21:44:05.996182,EEG Wearable,E1:1B:6D:10:62:56,-80,7.0,line_of_sight,2
2026-04-07 21:44:06.815846,EEG Wearable,E1:1B:6D:10:62:56,-70,7.0,line_of_sight,2
2026-04-07 21:44:06.826447,EEG Wearable,E1:1B:6D:10:62:56,-70,7.0,line_of_sight,2
2026-04-07 21:44:07.542177,EEG Wearable,E1:1B:6D:10:62:56,-70,7.0,line_of_sight,2
2026-04-07 21:44:07.562549,EEG Wearable,E1:1B:6D:10:62:56,-70,7.0,line_of_sight,2
2026-04-07 21:44:07.756392,EEG Wearable,E1:1B:6D:10:62:56,-79,7.0,line_of_sight,2
2026-04-07 21:44:07.780596,EEG Wearable,E1:1B:6D:10:62:56,-79,7.0,line_of_sight,2
2026-04-07 21:44:08.620660,EEG Wearable,E1:1B:6D:10:62:56,-70,7.0,line_of_sight,2
2026-04-07 21:44:08.625709,EEG Wearable,E1:1B:6D:10:62:56,-70,7.0,line_of_sight,2
2026-04-07 21:44:08.702051,EEG Wearable,E1:1B:6D:10:62:56,-74,7.0,line_of_sight,2
2026-04-07 21:44:08.813194,EEG Wearable,E1:1B:6D:10:62:56,-79,7.0,line_of_sight,2
2026-04-07 21:44:08.833140,EEG Wearable,E1:1B:6D:10:62:56,-79,7.0,line_of_sight,2
2026-04-07 21:44:09.646654,EEG Wearable,E1:1B:6D:10:62:56,-70,7.0,line_of_sight,2
2026-04-07 21:44:18.772600,EEG Wearable,E1:1B:6D:10:62:56,-81,7.0,line_of_sight,3
2026-04-07 21:44:18.778613,EEG Wearable,E1:1B:6D:10:62:56,-81,7.0,line_of_sight,3
2026-04-07 21:44:18.862246,EEG Wearable,E1:1B:6D:10:62:56,-67,7.0,line_of_sight,3
2026-04-07 21:44:18.871001,EEG Wearable,E1:1B:6D:10:62:56,-67,7.0,line_of_sight,3
2026-04-07 21:44:20.625807,EEG Wearable,E1:1B:6D:10:62:56,-66,7.0,line_of_sight,3
2026-04-07 21:44:20.647231,EEG Wearable,E1:1B:6D:10:62:56,-66,7.0,line_of_sight,3
2026-04-07 21:44:21.574810,EEG Wearable,E1:1B:6D:10:62:56,-88,7.0,line_of_sight,3
2026-04-07 21:44:21.598710,EEG Wearable,E1:1B:6D:10:62:56,-88,7.0,line_of_sight,3
2026-04-07 21:44:22.409958,EEG Wearable,E1:1B:6D:10:62:56,-67,7.0,line_of_sight,3
2026-04-07 21:44:22.432350,EEG Wearable,E1:1B:6D:10:62:56,-67,7.0,line_of_sight,3
2026-04-07 21:44:22.528705,EEG Wearable,E1:1B:6D:10:62:56,-75,7.0,line_of_sight,3
2026-04-07 21:44:23.366703,EEG Wearable,E1:1B:6D:10:62:56,-85,7.0,line_of_sight,3
2026-04-07 21:44:23.375741,EEG Wearable,E1:1B:6D:10:62:56,-85,7.0,line_of_sight,3
2026-04-07 21:44:24.297514,EEG Wearable,E1:1B:6D:10:62:56,-75,7.0,line_of_sight,3
2026-04-07 21:44:25.252659,EEG Wearable,E1:1B:6D:10:62:56,-67,7.0,line_of_sight,3
2026-04-07 21:44:25.376496,EEG Wearable,E1:1B:6D:10:62:56,-72,7.0,line_of_sight,3
2026-04-07 21:44:25.384020,EEG Wearable,E1:1B:6D:10:62:56,-73,7.0,line_of_sight,3
2026-04-07 21:44:26.295667,EEG Wearable,E1:1B:6D:10:62:56,-68,7.0,line_of_sight,3
2026-04-07 21:44:26.315133,EEG Wearable,E1:1B:6D:10:62:56,-68,7.0,line_of_sight,3
2026-04-07 21:44:27.268921,EEG Wearable,E1:1B:6D:10:62:56,-88,7.0,line_of_sight,3
2026-04-07 21:44:27.274433,EEG Wearable,E1:1B:6D:10:62:56,-87,7.0,line_of_sight,3
2026-04-07 21:44:28.190941,EEG Wearable,E1:1B:6D:10:62:56,-75,7.0,line_of_sight,3
2026-04-07 21:44:28.218274,EEG Wearable,E1:1B:6D:10:62:56,-75,7.0,line_of_sight,3
2026-04-07 21:44:28.300778,EEG Wearable,E1:1B:6D:10:62:56,-86,7.0,line_of_sight,3
2026-04-07 21:44:28.316609,EEG Wearable,E1:1B:6D:10:62:56,-86,7.0,line_of_sight,3
2026-04-07 21:44:29.370092,EEG Wearable,E1:1B:6D:10:62:56,-89,7.0,line_of_sight,3
2026-04-07 21:44:29.385792,EEG Wearable,E1:1B:6D:10:62:56,-88,7.0,line_of_sight,3
2026-04-07 21:44:31.155785,EEG Wearable,E1:1B:6D:10:62:56,-87,7.0,line_of_sight,3
2026-04-07 21:44:31.258563,EEG Wearable,E1:1B:6D:10:62:56,-67,7.0,line_of_sight,3
2026-04-07 21:44:31.283265,EEG Wearable,E1:1B:6D:10:62:56,-67,7.0,line_of_sight,3
2026-04-07 21:44:32.095423,EEG Wearable,E1:1B:6D:10:62:56,-76,7.0,line_of_sight,3
2026-04-07 21:44:32.203565,EEG Wearable,E1:1B:6D:10:62:56,-88,7.0,line_of_sight,3
2026-04-07 21:44:32.221582,EEG Wearable,E1:1B:6D:10:62:56,-88,7.0,line_of_sight,3
2026-04-07 21:44:33.043770,EEG Wearable,E1:1B:6D:10:62:56,-67,7.0,line_of_sight,3
2026-04-07 21:44:33.049786,EEG Wearable,E1:1B:6D:10:62:56,-67,7.0,line_of_sight,3
2026-04-07 21:44:33.164207,EEG Wearable,E1:1B:6D:10:62:56,-75,7.0,line_of_sight,3
2026-04-07 21:44:33.170221,EEG Wearable,E1:1B:6D:10:62:56,-75,7.0,line_of_sight,3
2026-04-07 21:44:33.783755,EEG Wearable,E1:1B:6D:10:62:56,-67,7.0,line_of_sight,3
2026-04-07 21:44:33.789508,EEG Wearable,E1:1B:6D:10:62:56,-67,7.0,line_of_sight,3
2026-04-07 21:44:34.090920,EEG Wearable,E1:1B:6D:10:62:56,-67,7.0,line_of_sight,3
2026-04-07 21:44:34.111064,EEG Wearable,E1:1B:6D:10:62:56,-67,7.0,line_of_sight,3
2026-04-07 21:44:35.890076,EEG Wearable,E1:1B:6D:10:62:56,-67,7.0,line_of_sight,3
2026-04-07 21:44:35.998630,EEG Wearable,E1:1B:6D:10:62:56,-76,7.0,line_of_sight,3
2026-04-07 21:44:37.899959,EEG Wearable,E1:1B:6D:10:62:56,-84,7.0,line_of_sight,3
2026-04-07 21:44:37.904752,EEG Wearable,E1:1B:6D:10:62:56,-85,7.0,line_of_sight,3
2026-04-07 21:44:38.960216,EEG Wearable,E1:1B:6D:10:62:56,-84,7.0,line_of_sight,3
2026-04-07 21:44:38.967237,EEG Wearable,E1:1B:6D:10:62:56,-84,7.0,line_of_sight,3
2026-04-07 21:44:39.784598,EEG Wearable,E1:1B:6D:10:62:56,-67,7.0,line_of_sight,3
2026-04-07 21:44:39.800335,EEG Wearable,E1:1B:6D:10:62:56,-67,7.0,line_of_sight,3
2026-04-07 21:44:39.886032,EEG Wearable,E1:1B:6D:10:62:56,-75,7.0,line_of_sight,3
2026-04-07 21:44:39.909584,EEG Wearable,E1:1B:6D:10:62:56,-75,7.0,line_of_sight,3
2026-04-07 21:44:40.856779,EEG Wearable,E1:1B:6D:10:62:56,-67,7.0,line_of_sight,3
2026-04-07 21:44:42.775443,EEG Wearable,E1:1B:6D:10:62:56,-77,7.0,line_of_sight,3
2026-04-07 21:44:42.780479,EEG Wearable,E1:1B:6D:10:62:56,-77,7.0,line_of_sight,3
2026-04-07 21:44:43.897676,EEG Wearable,E1:1B:6D:10:62:56,-89,7.0,line_of_sight,3
2026-04-07 21:44:43.915640,EEG Wearable,E1:1B:6D:10:62:56,-90,7.0,line_of_sight,3
2026-04-07 21:44:44.630332,EEG Wearable,E1:1B:6D:10:62:56,-87,7.0,line_of_sight,3
2026-04-07 21:44:44.646351,EEG Wearable,E1:1B:6D:10:62:56,-87,7.0,line_of_sight,3
2026-04-07 21:44:45.587796,EEG Wearable,E1:1B:6D:10:62:56,-75,7.0,line_of_sight,3
2026-04-07 21:44:45.595828,EEG Wearable,E1:1B:6D:10:62:56,-76,7.0,line_of_sight,3
2026-04-07 21:44:45.693724,EEG Wearable,E1:1B:6D:10:62:56,-86,7.0,line_of_sight,3
2026-04-07 21:44:45.699737,EEG Wearable,E1:1B:6D:10:62:56,-86,7.0,line_of_sight,3
2026-04-07 21:44:46.434129,EEG Wearable,E1:1B:6D:10:62:56,-84,7.0,line_of_sight,3
2026-04-07 21:44:46.434129,EEG Wearable,E1:1B:6D:10:62:56,-84,7.0,line_of_sight,3
2026-04-07 21:44:47.576685,EEG Wearable,E1:1B:6D:10:62:56,-68,7.0,line_of_sight,3
