Added Component: Designator=C1(GRM15x)
Add component (AddParameter): Name = "Arrow Part Number"; Value = "GRM158R61A226ME15D"; VariantName = "[No Variations]"
Add component (AddParameter): Name = "Arrow Price/Stock"; Value = "https://www.arrow.com/en/products/grm158r61a226me15d/murata-manufacturing?utm_currency=USD&region=nac"; VariantName = "[No Variations]"
Add component (AddParameter): Name = "Datasheet Link"; Value = "https://search.murata.co.jp/Ceramy/image/img/A01X/G101/ENG/GRM158R61A226ME15-01A.pdf"; VariantName = "[No Variations]"
Add component (AddParameter): Name = "Height"; Value = "0.33mm"; VariantName = "[No Variations]"
Add component (AddParameter): Name = "Manufacturer_Name"; Value = "Murata Electronics"; VariantName = "[No Variations]"
Add component (AddParameter): Name = "Manufacturer_Part_Number"; Value = "GRM158R61A226ME15D"; VariantName = "[No Variations]"
Add component (AddParameter): Name = "Mouser Part Number"; Value = "81-GRM158R61A226ME5D"; VariantName = "[No Variations]"
Add component (AddParameter): Name = "Mouser Price/Stock"; Value = "https://www.mouser.co.uk/ProductDetail/Murata-Electronics/GRM158R61A226ME15D?qs=hd1VzrDQEGg0KAVI30ga2w%3D%3D"; VariantName = "[No Variations]"
Added Component: Designator=C2(GRM15x)
Add component (AddParameter): Name = "Arrow Part Number"; Value = "GRM158R61A226ME15D"; VariantName = "[No Variations]"
Add component (AddParameter): Name = "Arrow Price/Stock"; Value = "https://www.arrow.com/en/products/grm158r61a226me15d/murata-manufacturing?utm_currency=USD&region=nac"; VariantName = "[No Variations]"
Add component (AddParameter): Name = "Datasheet Link"; Value = "https://search.murata.co.jp/Ceramy/image/img/A01X/G101/ENG/GRM158R61A226ME15-01A.pdf"; VariantName = "[No Variations]"
Add component (AddParameter): Name = "Height"; Value = "0.33mm"; VariantName = "[No Variations]"
Add component (AddParameter): Name = "Manufacturer_Name"; Value = "Murata Electronics"; VariantName = "[No Variations]"
Add component (AddParameter): Name = "Manufacturer_Part_Number"; Value = "GRM158R61A226ME15D"; VariantName = "[No Variations]"
Add component (AddParameter): Name = "Mouser Part Number"; Value = "81-GRM158R61A226ME5D"; VariantName = "[No Variations]"
Add component (AddParameter): Name = "Mouser Price/Stock"; Value = "https://www.mouser.co.uk/ProductDetail/Murata-Electronics/GRM158R61A226ME15D?qs=hd1VzrDQEGg0KAVI30ga2w%3D%3D"; VariantName = "[No Variations]"
Added Component: Designator=C3(GRM033D70J224ME01D)
Add component (AddParameter): Name = "Arrow Part Number"; Value = ""; VariantName = "[No Variations]"
Add component (AddParameter): Name = "Arrow Price/Stock"; Value = ""; VariantName = "[No Variations]"
Add component (AddParameter): Name = "Datasheet Link"; Value = "https://search.murata.co.jp/Ceramy/image/img/A01X/G101/ENG/GRM035R61C225ME01-01A.pdf"; VariantName = "[No Variations]"
Add component (AddParameter): Name = "Height"; Value = "0.33mm"; VariantName = "[No Variations]"
Add component (AddParameter): Name = "Manufacturer_Name"; Value = "Murata Electronics"; VariantName = "[No Variations]"
Add component (AddParameter): Name = "Manufacturer_Part_Number"; Value = "GRM035R61C225ME01D"; VariantName = "[No Variations]"
Add component (AddParameter): Name = "Mouser Part Number"; Value = "81-GRM035R61C225ME1D"; VariantName = "[No Variations]"
Add component (AddParameter): Name = "Mouser Price/Stock"; Value = "https://www.mouser.co.uk/ProductDetail/Murata-Electronics/GRM035R61C225ME01D?qs=DPoM0jnrROXTliYh3Jmu1A%3D%3D"; VariantName = "[No Variations]"
Added Component: Designator=C4(CAPC0603X33N)
Add component (AddParameter): Name = "Arrow Part Number"; Value = "GRM033R6YA104KE14D"; VariantName = "[No Variations]"
Add component (AddParameter): Name = "Arrow Price/Stock"; Value = "https://www.arrow.com/en/products/grm033r6ya104ke14d/murata-manufacturing?utm_currency=USD&region=europe"; VariantName = "[No Variations]"
Add component (AddParameter): Name = "Datasheet Link"; Value = "https://search.murata.co.jp/Ceramy/image/img/A01X/G101/ENG/GRM033R6YA104KE14-01A.pdf"; VariantName = "[No Variations]"
Add component (AddParameter): Name = "Height"; Value = "0.33mm"; VariantName = "[No Variations]"
Add component (AddParameter): Name = "Manufacturer_Name"; Value = "Murata Electronics"; VariantName = "[No Variations]"
Add component (AddParameter): Name = "Manufacturer_Part_Number"; Value = "GRM033R6YA104KE14D"; VariantName = "[No Variations]"
Add component (AddParameter): Name = "Mouser Part Number"; Value = "81-GRM33R6YA104KE14D"; VariantName = "[No Variations]"
Add component (AddParameter): Name = "Mouser Price/Stock"; Value = "https://www.mouser.co.uk/ProductDetail/Murata-Electronics/GRM033R6YA104KE14D?qs=P%2FC4Eoq9CDwTt3wOuyKhXw%3D%3D"; VariantName = "[No Variations]"
Added Component: Designator=C5(GRM033D70J224ME01D)
Add component (AddParameter): Name = "Arrow Part Number"; Value = ""; VariantName = "[No Variations]"
Add component (AddParameter): Name = "Arrow Price/Stock"; Value = ""; VariantName = "[No Variations]"
Add component (AddParameter): Name = "Datasheet Link"; Value = "https://search.murata.co.jp/Ceramy/image/img/A01X/G101/ENG/GRM035R61C225ME01-01A.pdf"; VariantName = "[No Variations]"
Add component (AddParameter): Name = "Height"; Value = "0.33mm"; VariantName = "[No Variations]"
Add component (AddParameter): Name = "Manufacturer_Name"; Value = "Murata Electronics"; VariantName = "[No Variations]"
Add component (AddParameter): Name = "Manufacturer_Part_Number"; Value = "GRM035R61C225ME01D"; VariantName = "[No Variations]"
Add component (AddParameter): Name = "Mouser Part Number"; Value = "81-GRM035R61C225ME1D"; VariantName = "[No Variations]"
Add component (AddParameter): Name = "Mouser Price/Stock"; Value = "https://www.mouser.co.uk/ProductDetail/Murata-Electronics/GRM035R61C225ME01D?qs=DPoM0jnrROXTliYh3Jmu1A%3D%3D"; VariantName = "[No Variations]"
Added Component: Designator=C6(CAPC1005X70N)
Add component (AddParameter): Name = "Arrow Part Number"; Value = "CL05A106MQ5NUNC"; VariantName = "[No Variations]"
Add component (AddParameter): Name = "Arrow Price/Stock"; Value = "https://www.arrow.com/en/products/cl05a106mq5nunc/samsung-electro-mechanics.html?utm_currency=USD&region=europe"; VariantName = "[No Variations]"
Add component (AddParameter): Name = "Datasheet Link"; Value = "https://datasheet.datasheetarchive.com/originals/distributors/Datasheets-DGA10/2406160.pdf"; VariantName = "[No Variations]"
Add component (AddParameter): Name = "Height"; Value = "0.7mm"; VariantName = "[No Variations]"
Add component (AddParameter): Name = "Manufacturer_Name"; Value = "SAMSUNG"; VariantName = "[No Variations]"
Add component (AddParameter): Name = "Manufacturer_Part_Number"; Value = "CL05A106MQ5NUNC"; VariantName = "[No Variations]"
Add component (AddParameter): Name = "Mouser Part Number"; Value = "187-CL05A106MQ5NUNC"; VariantName = "[No Variations]"
Add component (AddParameter): Name = "Mouser Price/Stock"; Value = "https://www.mouser.co.uk/ProductDetail/Samsung-Electro-Mechanics/CL05A106MQ5NUNC?qs=X6jEic%2FHinDK8vVLi1zwpw%3D%3D"; VariantName = "[No Variations]"
Added Component: Designator=C7(CAPC1005X70N)
Add component (AddParameter): Name = "Arrow Part Number"; Value = "CL05A106MQ5NUNC"; VariantName = "[No Variations]"
Add component (AddParameter): Name = "Arrow Price/Stock"; Value = "https://www.arrow.com/en/products/cl05a106mq5nunc/samsung-electro-mechanics.html?utm_currency=USD&region=europe"; VariantName = "[No Variations]"
Add component (AddParameter): Name = "Datasheet Link"; Value = "https://datasheet.datasheetarchive.com/originals/distributors/Datasheets-DGA10/2406160.pdf"; VariantName = "[No Variations]"
Add component (AddParameter): Name = "Height"; Value = "0.7mm"; VariantName = "[No Variations]"
Add component (AddParameter): Name = "Manufacturer_Name"; Value = "SAMSUNG"; VariantName = "[No Variations]"
Add component (AddParameter): Name = "Manufacturer_Part_Number"; Value = "CL05A106MQ5NUNC"; VariantName = "[No Variations]"
Add component (AddParameter): Name = "Mouser Part Number"; Value = "187-CL05A106MQ5NUNC"; VariantName = "[No Variations]"
Add component (AddParameter): Name = "Mouser Price/Stock"; Value = "https://www.mouser.co.uk/ProductDetail/Samsung-Electro-Mechanics/CL05A106MQ5NUNC?qs=X6jEic%2FHinDK8vVLi1zwpw%3D%3D"; VariantName = "[No Variations]"
Added Component: Designator=C8(GRM15x)
Add component (AddParameter): Name = "Arrow Part Number"; Value = "GRM158R61A226ME15D"; VariantName = "[No Variations]"
Add component (AddParameter): Name = "Arrow Price/Stock"; Value = "https://www.arrow.com/en/products/grm158r61a226me15d/murata-manufacturing?utm_currency=USD&region=nac"; VariantName = "[No Variations]"
Add component (AddParameter): Name = "Datasheet Link"; Value = "https://search.murata.co.jp/Ceramy/image/img/A01X/G101/ENG/GRM158R61A226ME15-01A.pdf"; VariantName = "[No Variations]"
Add component (AddParameter): Name = "Height"; Value = "0.33mm"; VariantName = "[No Variations]"
Add component (AddParameter): Name = "Manufacturer_Name"; Value = "Murata Electronics"; VariantName = "[No Variations]"
Add component (AddParameter): Name = "Manufacturer_Part_Number"; Value = "GRM158R61A226ME15D"; VariantName = "[No Variations]"
Add component (AddParameter): Name = "Mouser Part Number"; Value = "81-GRM158R61A226ME5D"; VariantName = "[No Variations]"
Add component (AddParameter): Name = "Mouser Price/Stock"; Value = "https://www.mouser.co.uk/ProductDetail/Murata-Electronics/GRM158R61A226ME15D?qs=hd1VzrDQEGg0KAVI30ga2w%3D%3D"; VariantName = "[No Variations]"
Added Component: Designator=C9(GRM033D70J224ME01D)
Add component (AddParameter): Name = "Arrow Part Number"; Value = ""; VariantName = "[No Variations]"
Add component (AddParameter): Name = "Arrow Price/Stock"; Value = ""; VariantName = "[No Variations]"
Add component (AddParameter): Name = "Datasheet Link"; Value = "https://search.murata.co.jp/Ceramy/image/img/A01X/G101/ENG/GRM035R61C225ME01-01A.pdf"; VariantName = "[No Variations]"
Add component (AddParameter): Name = "Height"; Value = "0.33mm"; VariantName = "[No Variations]"
Add component (AddParameter): Name = "Manufacturer_Name"; Value = "Murata Electronics"; VariantName = "[No Variations]"
Add component (AddParameter): Name = "Manufacturer_Part_Number"; Value = "GRM035R61C225ME01D"; VariantName = "[No Variations]"
Add component (AddParameter): Name = "Mouser Part Number"; Value = "81-GRM035R61C225ME1D"; VariantName = "[No Variations]"
Add component (AddParameter): Name = "Mouser Price/Stock"; Value = "https://www.mouser.co.uk/ProductDetail/Murata-Electronics/GRM035R61C225ME01D?qs=DPoM0jnrROXTliYh3Jmu1A%3D%3D"; VariantName = "[No Variations]"
Added Component: Designator=C10(CAPC1005X70N)
Add component (AddParameter): Name = "Arrow Part Number"; Value = "CL05A106MQ5NUNC"; VariantName = "[No Variations]"
Add component (AddParameter): Name = "Arrow Price/Stock"; Value = "https://www.arrow.com/en/products/cl05a106mq5nunc/samsung-electro-mechanics.html?utm_currency=USD&region=europe"; VariantName = "[No Variations]"
Add component (AddParameter): Name = "Datasheet Link"; Value = "https://datasheet.datasheetarchive.com/originals/distributors/Datasheets-DGA10/2406160.pdf"; VariantName = "[No Variations]"
Add component (AddParameter): Name = "Height"; Value = "0.7mm"; VariantName = "[No Variations]"
Add component (AddParameter): Name = "Manufacturer_Name"; Value = "SAMSUNG"; VariantName = "[No Variations]"
Add component (AddParameter): Name = "Manufacturer_Part_Number"; Value = "CL05A106MQ5NUNC"; VariantName = "[No Variations]"
Add component (AddParameter): Name = "Mouser Part Number"; Value = "187-CL05A106MQ5NUNC"; VariantName = "[No Variations]"
Add component (AddParameter): Name = "Mouser Price/Stock"; Value = "https://www.mouser.co.uk/ProductDetail/Samsung-Electro-Mechanics/CL05A106MQ5NUNC?qs=X6jEic%2FHinDK8vVLi1zwpw%3D%3D"; VariantName = "[No Variations]"
Added Component: Designator=C11(CAPC0603X33N)
Add component (AddParameter): Name = "Arrow Part Number"; Value = "GRM033R6YA104KE14D"; VariantName = "[No Variations]"
Add component (AddParameter): Name = "Arrow Price/Stock"; Value = "https://www.arrow.com/en/products/grm033r6ya104ke14d/murata-manufacturing?utm_currency=USD&region=europe"; VariantName = "[No Variations]"
Add component (AddParameter): Name = "Datasheet Link"; Value = "https://search.murata.co.jp/Ceramy/image/img/A01X/G101/ENG/GRM033R6YA104KE14-01A.pdf"; VariantName = "[No Variations]"
Add component (AddParameter): Name = "Height"; Value = "0.33mm"; VariantName = "[No Variations]"
Add component (AddParameter): Name = "Manufacturer_Name"; Value = "Murata Electronics"; VariantName = "[No Variations]"
Add component (AddParameter): Name = "Manufacturer_Part_Number"; Value = "GRM033R6YA104KE14D"; VariantName = "[No Variations]"
Add component (AddParameter): Name = "Mouser Part Number"; Value = "81-GRM33R6YA104KE14D"; VariantName = "[No Variations]"
Add component (AddParameter): Name = "Mouser Price/Stock"; Value = "https://www.mouser.co.uk/ProductDetail/Murata-Electronics/GRM033R6YA104KE14D?qs=P%2FC4Eoq9CDwTt3wOuyKhXw%3D%3D"; VariantName = "[No Variations]"
Added Component: Designator=C12(CAPC0603X33N)
Add component (AddParameter): Name = "Arrow Part Number"; Value = "GRM033R6YA104KE14D"; VariantName = "[No Variations]"
Add component (AddParameter): Name = "Arrow Price/Stock"; Value = "https://www.arrow.com/en/products/grm033r6ya104ke14d/murata-manufacturing?utm_currency=USD&region=europe"; VariantName = "[No Variations]"
Add component (AddParameter): Name = "Datasheet Link"; Value = "https://search.murata.co.jp/Ceramy/image/img/A01X/G101/ENG/GRM033R6YA104KE14-01A.pdf"; VariantName = "[No Variations]"
Add component (AddParameter): Name = "Height"; Value = "0.33mm"; VariantName = "[No Variations]"
Add component (AddParameter): Name = "Manufacturer_Name"; Value = "Murata Electronics"; VariantName = "[No Variations]"
Add component (AddParameter): Name = "Manufacturer_Part_Number"; Value = "GRM033R6YA104KE14D"; VariantName = "[No Variations]"
Add component (AddParameter): Name = "Mouser Part Number"; Value = "81-GRM33R6YA104KE14D"; VariantName = "[No Variations]"
Add component (AddParameter): Name = "Mouser Price/Stock"; Value = "https://www.mouser.co.uk/ProductDetail/Murata-Electronics/GRM033R6YA104KE14D?qs=P%2FC4Eoq9CDwTt3wOuyKhXw%3D%3D"; VariantName = "[No Variations]"
Added Component: Designator=C13(CAPC0603X39N)
Add component (AddParameter): Name = "Arrow Part Number"; Value = "CL03A105MO3NRNH"; VariantName = "[No Variations]"
Add component (AddParameter): Name = "Arrow Price/Stock"; Value = "https://www.arrow.com/en/products/cl03a105mo3nrnh/samsung-electro-mechanics?region=europe"; VariantName = "[No Variations]"
Add component (AddParameter): Name = "Datasheet Link"; Value = "https://static6.arrow.com/aropdfconversion/5520c68c9128c972ec6f0cbf09912ac8e6a87451/cl03a105mo3nrnh.pdf"; VariantName = "[No Variations]"
Add component (AddParameter): Name = "Height"; Value = "0.39mm"; VariantName = "[No Variations]"
Add component (AddParameter): Name = "Manufacturer_Name"; Value = "SAMSUNG"; VariantName = "[No Variations]"
Add component (AddParameter): Name = "Manufacturer_Part_Number"; Value = "CL03A105MO3NRNH"; VariantName = "[No Variations]"
Add component (AddParameter): Name = "Mouser Part Number"; Value = "187-CL03A105MO3NRNH"; VariantName = "[No Variations]"
Add component (AddParameter): Name = "Mouser Price/Stock"; Value = "https://www.mouser.co.uk/ProductDetail/Samsung-Electro-Mechanics/CL03A105MO3NRNH?qs=%252B6g0mu59x7LEwOOdfYkIjw%3D%3D"; VariantName = "[No Variations]"
Added Component: Designator=C14(CAPC2012X145N)
Add component (AddParameter): Name = "Arrow Part Number"; Value = "CL21A107MQYNNWE"; VariantName = "[No Variations]"
Add component (AddParameter): Name = "Arrow Price/Stock"; Value = "https://www.arrow.com/en/products/cl21a107mqynnwe/samsung-electro-mechanics?utm_currency=USD&region=nac"; VariantName = "[No Variations]"
Add component (AddParameter): Name = "Datasheet Link"; Value = "https://www.mouser.jp/datasheet/2/585/Samsung_7_14_2022_CL21A107MQYNNW_Specsheet-3000071.pdf"; VariantName = "[No Variations]"
Add component (AddParameter): Name = "Height"; Value = "1.45mm"; VariantName = "[No Variations]"
Add component (AddParameter): Name = "Manufacturer_Name"; Value = "SAMSUNG"; VariantName = "[No Variations]"
Add component (AddParameter): Name = "Manufacturer_Part_Number"; Value = "CL21A107MQYNNWE"; VariantName = "[No Variations]"
Add component (AddParameter): Name = "Mouser Part Number"; Value = "187-CL21A107MQYNNWE"; VariantName = "[No Variations]"
Add component (AddParameter): Name = "Mouser Price/Stock"; Value = "https://www.mouser.co.uk/ProductDetail/Samsung-Electro-Mechanics/CL21A107MQYNNWE?qs=81r%252BiQLm7BSNi6fWCnDBNQ%3D%3D"; VariantName = "[No Variations]"
Added Component: Designator=C15(CAPC0603X39N)
Add component (AddParameter): Name = "Arrow Part Number"; Value = "CL03A105MO3NRNH"; VariantName = "[No Variations]"
Add component (AddParameter): Name = "Arrow Price/Stock"; Value = "https://www.arrow.com/en/products/cl03a105mo3nrnh/samsung-electro-mechanics?region=europe"; VariantName = "[No Variations]"
Add component (AddParameter): Name = "Datasheet Link"; Value = "https://static6.arrow.com/aropdfconversion/5520c68c9128c972ec6f0cbf09912ac8e6a87451/cl03a105mo3nrnh.pdf"; VariantName = "[No Variations]"
Add component (AddParameter): Name = "Height"; Value = "0.39mm"; VariantName = "[No Variations]"
Add component (AddParameter): Name = "Manufacturer_Name"; Value = "SAMSUNG"; VariantName = "[No Variations]"
Add component (AddParameter): Name = "Manufacturer_Part_Number"; Value = "CL03A105MO3NRNH"; VariantName = "[No Variations]"
Add component (AddParameter): Name = "Mouser Part Number"; Value = "187-CL03A105MO3NRNH"; VariantName = "[No Variations]"
Add component (AddParameter): Name = "Mouser Price/Stock"; Value = "https://www.mouser.co.uk/ProductDetail/Samsung-Electro-Mechanics/CL03A105MO3NRNH?qs=%252B6g0mu59x7LEwOOdfYkIjw%3D%3D"; VariantName = "[No Variations]"
Added Component: Designator=C16(CAPC0603X33N)
Add component (AddParameter): Name = "Arrow Part Number"; Value = "GRM033R6YA104KE14D"; VariantName = "[No Variations]"
Add component (AddParameter): Name = "Arrow Price/Stock"; Value = "https://www.arrow.com/en/products/grm033r6ya104ke14d/murata-manufacturing?utm_currency=USD&region=europe"; VariantName = "[No Variations]"
Add component (AddParameter): Name = "Datasheet Link"; Value = "https://search.murata.co.jp/Ceramy/image/img/A01X/G101/ENG/GRM033R6YA104KE14-01A.pdf"; VariantName = "[No Variations]"
Add component (AddParameter): Name = "Height"; Value = "0.33mm"; VariantName = "[No Variations]"
Add component (AddParameter): Name = "Manufacturer_Name"; Value = "Murata Electronics"; VariantName = "[No Variations]"
Add component (AddParameter): Name = "Manufacturer_Part_Number"; Value = "GRM033R6YA104KE14D"; VariantName = "[No Variations]"
Add component (AddParameter): Name = "Mouser Part Number"; Value = "81-GRM33R6YA104KE14D"; VariantName = "[No Variations]"
Add component (AddParameter): Name = "Mouser Price/Stock"; Value = "https://www.mouser.co.uk/ProductDetail/Murata-Electronics/GRM033R6YA104KE14D?qs=P%2FC4Eoq9CDwTt3wOuyKhXw%3D%3D"; VariantName = "[No Variations]"
Added Component: Designator=C17(CAPC0603X39N)
Add component (AddParameter): Name = "Arrow Part Number"; Value = "CL03A105MO3NRNH"; VariantName = "[No Variations]"
Add component (AddParameter): Name = "Arrow Price/Stock"; Value = "https://www.arrow.com/en/products/cl03a105mo3nrnh/samsung-electro-mechanics?region=europe"; VariantName = "[No Variations]"
Add component (AddParameter): Name = "Datasheet Link"; Value = "https://static6.arrow.com/aropdfconversion/5520c68c9128c972ec6f0cbf09912ac8e6a87451/cl03a105mo3nrnh.pdf"; VariantName = "[No Variations]"
Add component (AddParameter): Name = "Height"; Value = "0.39mm"; VariantName = "[No Variations]"
Add component (AddParameter): Name = "Manufacturer_Name"; Value = "SAMSUNG"; VariantName = "[No Variations]"
Add component (AddParameter): Name = "Manufacturer_Part_Number"; Value = "CL03A105MO3NRNH"; VariantName = "[No Variations]"
Add component (AddParameter): Name = "Mouser Part Number"; Value = "187-CL03A105MO3NRNH"; VariantName = "[No Variations]"
Add component (AddParameter): Name = "Mouser Price/Stock"; Value = "https://www.mouser.co.uk/ProductDetail/Samsung-Electro-Mechanics/CL03A105MO3NRNH?qs=%252B6g0mu59x7LEwOOdfYkIjw%3D%3D"; VariantName = "[No Variations]"
Added Component: Designator=C18(CAPC0603X39N)
Add component (AddParameter): Name = "Arrow Part Number"; Value = "CL03A105MO3NRNH"; VariantName = "[No Variations]"
Add component (AddParameter): Name = "Arrow Price/Stock"; Value = "https://www.arrow.com/en/products/cl03a105mo3nrnh/samsung-electro-mechanics?region=europe"; VariantName = "[No Variations]"
Add component (AddParameter): Name = "Datasheet Link"; Value = "https://static6.arrow.com/aropdfconversion/5520c68c9128c972ec6f0cbf09912ac8e6a87451/cl03a105mo3nrnh.pdf"; VariantName = "[No Variations]"
Add component (AddParameter): Name = "Height"; Value = "0.39mm"; VariantName = "[No Variations]"
Add component (AddParameter): Name = "Manufacturer_Name"; Value = "SAMSUNG"; VariantName = "[No Variations]"
Add component (AddParameter): Name = "Manufacturer_Part_Number"; Value = "CL03A105MO3NRNH"; VariantName = "[No Variations]"
Add component (AddParameter): Name = "Mouser Part Number"; Value = "187-CL03A105MO3NRNH"; VariantName = "[No Variations]"
Add component (AddParameter): Name = "Mouser Price/Stock"; Value = "https://www.mouser.co.uk/ProductDetail/Samsung-Electro-Mechanics/CL03A105MO3NRNH?qs=%252B6g0mu59x7LEwOOdfYkIjw%3D%3D"; VariantName = "[No Variations]"
Added Component: Designator=C19(CAPC0603X33N)
Add component (AddParameter): Name = "Arrow Part Number"; Value = "GRM033R6YA104KE14D"; VariantName = "[No Variations]"
Add component (AddParameter): Name = "Arrow Price/Stock"; Value = "https://www.arrow.com/en/products/grm033r6ya104ke14d/murata-manufacturing?utm_currency=USD&region=europe"; VariantName = "[No Variations]"
Add component (AddParameter): Name = "Datasheet Link"; Value = "https://search.murata.co.jp/Ceramy/image/img/A01X/G101/ENG/GRM033R6YA104KE14-01A.pdf"; VariantName = "[No Variations]"
Add component (AddParameter): Name = "Height"; Value = "0.33mm"; VariantName = "[No Variations]"
Add component (AddParameter): Name = "Manufacturer_Name"; Value = "Murata Electronics"; VariantName = "[No Variations]"
Add component (AddParameter): Name = "Manufacturer_Part_Number"; Value = "GRM033R6YA104KE14D"; VariantName = "[No Variations]"
Add component (AddParameter): Name = "Mouser Part Number"; Value = "81-GRM33R6YA104KE14D"; VariantName = "[No Variations]"
Add component (AddParameter): Name = "Mouser Price/Stock"; Value = "https://www.mouser.co.uk/ProductDetail/Murata-Electronics/GRM033R6YA104KE14D?qs=P%2FC4Eoq9CDwTt3wOuyKhXw%3D%3D"; VariantName = "[No Variations]"
Added Component: Designator=C20(CAPC1005X70N)
Add component (AddParameter): Name = "Arrow Part Number"; Value = "CL05A106MQ5NUNC"; VariantName = "[No Variations]"
Add component (AddParameter): Name = "Arrow Price/Stock"; Value = "https://www.arrow.com/en/products/cl05a106mq5nunc/samsung-electro-mechanics.html?utm_currency=USD&region=europe"; VariantName = "[No Variations]"
Add component (AddParameter): Name = "Datasheet Link"; Value = "https://datasheet.datasheetarchive.com/originals/distributors/Datasheets-DGA10/2406160.pdf"; VariantName = "[No Variations]"
Add component (AddParameter): Name = "Height"; Value = "0.7mm"; VariantName = "[No Variations]"
Add component (AddParameter): Name = "Manufacturer_Name"; Value = "SAMSUNG"; VariantName = "[No Variations]"
Add component (AddParameter): Name = "Manufacturer_Part_Number"; Value = "CL05A106MQ5NUNC"; VariantName = "[No Variations]"
Add component (AddParameter): Name = "Mouser Part Number"; Value = "187-CL05A106MQ5NUNC"; VariantName = "[No Variations]"
Add component (AddParameter): Name = "Mouser Price/Stock"; Value = "https://www.mouser.co.uk/ProductDetail/Samsung-Electro-Mechanics/CL05A106MQ5NUNC?qs=X6jEic%2FHinDK8vVLi1zwpw%3D%3D"; VariantName = "[No Variations]"
Added Component: Designator=C21(GRM033D70J224ME01D)
Add component (AddParameter): Name = "Arrow Part Number"; Value = ""; VariantName = "[No Variations]"
Add component (AddParameter): Name = "Arrow Price/Stock"; Value = ""; VariantName = "[No Variations]"
Add component (AddParameter): Name = "Datasheet Link"; Value = "https://search.murata.co.jp/Ceramy/image/img/A01X/G101/ENG/GRM0335C1H102GE01-01A.pdf"; VariantName = "[No Variations]"
Add component (AddParameter): Name = "Height"; Value = "0.33mm"; VariantName = "[No Variations]"
Add component (AddParameter): Name = "Manufacturer_Name"; Value = "Murata Electronics"; VariantName = "[No Variations]"
Add component (AddParameter): Name = "Manufacturer_Part_Number"; Value = "GRM0335C1H102GE01D"; VariantName = "[No Variations]"
Add component (AddParameter): Name = "Mouser Part Number"; Value = "81-GRM0335C1H102GE1D"; VariantName = "[No Variations]"
Add component (AddParameter): Name = "Mouser Price/Stock"; Value = "https://www.mouser.co.uk/ProductDetail/Murata-Electronics/GRM0335C1H102GE01D?qs=DPoM0jnrROXb%252BXi%252BdiEYKA%3D%3D"; VariantName = "[No Variations]"
Added Component: Designator=C22(CAPC0603X39N)
Add component (AddParameter): Name = "Arrow Part Number"; Value = "CL03A105MO3NRNH"; VariantName = "[No Variations]"
Add component (AddParameter): Name = "Arrow Price/Stock"; Value = "https://www.arrow.com/en/products/cl03a105mo3nrnh/samsung-electro-mechanics?region=europe"; VariantName = "[No Variations]"
Add component (AddParameter): Name = "Datasheet Link"; Value = "https://static6.arrow.com/aropdfconversion/5520c68c9128c972ec6f0cbf09912ac8e6a87451/cl03a105mo3nrnh.pdf"; VariantName = "[No Variations]"
Add component (AddParameter): Name = "Height"; Value = "0.39mm"; VariantName = "[No Variations]"
Add component (AddParameter): Name = "Manufacturer_Name"; Value = "SAMSUNG"; VariantName = "[No Variations]"
Add component (AddParameter): Name = "Manufacturer_Part_Number"; Value = "CL03A105MO3NRNH"; VariantName = "[No Variations]"
Add component (AddParameter): Name = "Mouser Part Number"; Value = "187-CL03A105MO3NRNH"; VariantName = "[No Variations]"
Add component (AddParameter): Name = "Mouser Price/Stock"; Value = "https://www.mouser.co.uk/ProductDetail/Samsung-Electro-Mechanics/CL03A105MO3NRNH?qs=%252B6g0mu59x7LEwOOdfYkIjw%3D%3D"; VariantName = "[No Variations]"
Added Component: Designator=C23(CAPC0603X39N)
Add component (AddParameter): Name = "Arrow Part Number"; Value = "CL03A105MO3NRNH"; VariantName = "[No Variations]"
Add component (AddParameter): Name = "Arrow Price/Stock"; Value = "https://www.arrow.com/en/products/cl03a105mo3nrnh/samsung-electro-mechanics?region=europe"; VariantName = "[No Variations]"
Add component (AddParameter): Name = "Datasheet Link"; Value = "https://static6.arrow.com/aropdfconversion/5520c68c9128c972ec6f0cbf09912ac8e6a87451/cl03a105mo3nrnh.pdf"; VariantName = "[No Variations]"
Add component (AddParameter): Name = "Height"; Value = "0.39mm"; VariantName = "[No Variations]"
Add component (AddParameter): Name = "Manufacturer_Name"; Value = "SAMSUNG"; VariantName = "[No Variations]"
Add component (AddParameter): Name = "Manufacturer_Part_Number"; Value = "CL03A105MO3NRNH"; VariantName = "[No Variations]"
Add component (AddParameter): Name = "Mouser Part Number"; Value = "187-CL03A105MO3NRNH"; VariantName = "[No Variations]"
Add component (AddParameter): Name = "Mouser Price/Stock"; Value = "https://www.mouser.co.uk/ProductDetail/Samsung-Electro-Mechanics/CL03A105MO3NRNH?qs=%252B6g0mu59x7LEwOOdfYkIjw%3D%3D"; VariantName = "[No Variations]"
Added Component: Designator=C24(CAPC0603X33N)
Add component (AddParameter): Name = "Arrow Part Number"; Value = "GRM033R6YA104KE14D"; VariantName = "[No Variations]"
Add component (AddParameter): Name = "Arrow Price/Stock"; Value = "https://www.arrow.com/en/products/grm033r6ya104ke14d/murata-manufacturing?utm_currency=USD&region=europe"; VariantName = "[No Variations]"
Add component (AddParameter): Name = "Datasheet Link"; Value = "https://search.murata.co.jp/Ceramy/image/img/A01X/G101/ENG/GRM033R6YA104KE14-01A.pdf"; VariantName = "[No Variations]"
Add component (AddParameter): Name = "Height"; Value = "0.33mm"; VariantName = "[No Variations]"
Add component (AddParameter): Name = "Manufacturer_Name"; Value = "Murata Electronics"; VariantName = "[No Variations]"
Add component (AddParameter): Name = "Manufacturer_Part_Number"; Value = "GRM033R6YA104KE14D"; VariantName = "[No Variations]"
Add component (AddParameter): Name = "Mouser Part Number"; Value = "81-GRM33R6YA104KE14D"; VariantName = "[No Variations]"
Add component (AddParameter): Name = "Mouser Price/Stock"; Value = "https://www.mouser.co.uk/ProductDetail/Murata-Electronics/GRM033R6YA104KE14D?qs=P%2FC4Eoq9CDwTt3wOuyKhXw%3D%3D"; VariantName = "[No Variations]"
Added Component: Designator=C25(GRM033D70J224ME01D)
Add component (AddParameter): Name = "Arrow Part Number"; Value = ""; VariantName = "[No Variations]"
Add component (AddParameter): Name = "Arrow Price/Stock"; Value = ""; VariantName = "[No Variations]"
Add component (AddParameter): Name = "Datasheet Link"; Value = "https://search.murata.co.jp/Ceramy/image/img/A01X/G101/ENG/GRM0335C1H221FA01-01A.pdf"; VariantName = "[No Variations]"
Add component (AddParameter): Name = "Height"; Value = "0.33mm"; VariantName = "[No Variations]"
Add component (AddParameter): Name = "Manufacturer_Name"; Value = "Murata Electronics"; VariantName = "[No Variations]"
Add component (AddParameter): Name = "Manufacturer_Part_Number"; Value = "GRM0335C1H221FA01D"; VariantName = "[No Variations]"
Add component (AddParameter): Name = "Mouser Part Number"; Value = "81-GRM0335C1H221FA1D"; VariantName = "[No Variations]"
Add component (AddParameter): Name = "Mouser Price/Stock"; Value = "https://www.mouser.co.uk/ProductDetail/Murata-Electronics/GRM0335C1H221FA01D/?qs=rrS6PyfT74d6B87t4Yhwdg%3D%3D"; VariantName = "[No Variations]"
Added Component: Designator=C26(GRM033D70J224ME01D)
Add component (AddParameter): Name = "Arrow Part Number"; Value = ""; VariantName = "[No Variations]"
Add component (AddParameter): Name = "Arrow Price/Stock"; Value = ""; VariantName = "[No Variations]"
Add component (AddParameter): Name = "Datasheet Link"; Value = "https://search.murata.co.jp/Ceramy/image/img/A01X/G101/ENG/GRM0335C1H221FA01-01A.pdf"; VariantName = "[No Variations]"
Add component (AddParameter): Name = "Height"; Value = "0.33mm"; VariantName = "[No Variations]"
Add component (AddParameter): Name = "Manufacturer_Name"; Value = "Murata Electronics"; VariantName = "[No Variations]"
Add component (AddParameter): Name = "Manufacturer_Part_Number"; Value = "GRM0335C1H221FA01D"; VariantName = "[No Variations]"
Add component (AddParameter): Name = "Mouser Part Number"; Value = "81-GRM0335C1H221FA1D"; VariantName = "[No Variations]"
Add component (AddParameter): Name = "Mouser Price/Stock"; Value = "https://www.mouser.co.uk/ProductDetail/Murata-Electronics/GRM0335C1H221FA01D/?qs=rrS6PyfT74d6B87t4Yhwdg%3D%3D"; VariantName = "[No Variations]"
Added Component: Designator=C27(GRM033D70J224ME01D)
Add component (AddParameter): Name = "Arrow Part Number"; Value = ""; VariantName = "[No Variations]"
Add component (AddParameter): Name = "Arrow Price/Stock"; Value = ""; VariantName = "[No Variations]"
Add component (AddParameter): Name = "Datasheet Link"; Value = "https://search.murata.co.jp/Ceramy/image/img/A01X/G101/ENG/GRM0335C1H221FA01-01A.pdf"; VariantName = "[No Variations]"
Add component (AddParameter): Name = "Height"; Value = "0.33mm"; VariantName = "[No Variations]"
Add component (AddParameter): Name = "Manufacturer_Name"; Value = "Murata Electronics"; VariantName = "[No Variations]"
Add component (AddParameter): Name = "Manufacturer_Part_Number"; Value = "GRM0335C1H221FA01D"; VariantName = "[No Variations]"
Add component (AddParameter): Name = "Mouser Part Number"; Value = "81-GRM0335C1H221FA1D"; VariantName = "[No Variations]"
Add component (AddParameter): Name = "Mouser Price/Stock"; Value = "https://www.mouser.co.uk/ProductDetail/Murata-Electronics/GRM0335C1H221FA01D/?qs=rrS6PyfT74d6B87t4Yhwdg%3D%3D"; VariantName = "[No Variations]"
Added Component: Designator=C28(GRM033D70J224ME01D)
Add component (AddParameter): Name = "Arrow Part Number"; Value = ""; VariantName = "[No Variations]"
Add component (AddParameter): Name = "Arrow Price/Stock"; Value = ""; VariantName = "[No Variations]"
Add component (AddParameter): Name = "Datasheet Link"; Value = "https://search.murata.co.jp/Ceramy/image/img/A01X/G101/ENG/GRM0335C1H221FA01-01A.pdf"; VariantName = "[No Variations]"
Add component (AddParameter): Name = "Height"; Value = "0.33mm"; VariantName = "[No Variations]"
Add component (AddParameter): Name = "Manufacturer_Name"; Value = "Murata Electronics"; VariantName = "[No Variations]"
Add component (AddParameter): Name = "Manufacturer_Part_Number"; Value = "GRM0335C1H221FA01D"; VariantName = "[No Variations]"
Add component (AddParameter): Name = "Mouser Part Number"; Value = "81-GRM0335C1H221FA1D"; VariantName = "[No Variations]"
Add component (AddParameter): Name = "Mouser Price/Stock"; Value = "https://www.mouser.co.uk/ProductDetail/Murata-Electronics/GRM0335C1H221FA01D/?qs=rrS6PyfT74d6B87t4Yhwdg%3D%3D"; VariantName = "[No Variations]"
Added Component: Designator=C29(GRM033D70J224ME01D)
Add component (AddParameter): Name = "Arrow Part Number"; Value = ""; VariantName = "[No Variations]"
Add component (AddParameter): Name = "Arrow Price/Stock"; Value = ""; VariantName = "[No Variations]"
Add component (AddParameter): Name = "Datasheet Link"; Value = "https://search.murata.co.jp/Ceramy/image/img/A01X/G101/ENG/GRM0335C1H221FA01-01A.pdf"; VariantName = "[No Variations]"
Add component (AddParameter): Name = "Height"; Value = "0.33mm"; VariantName = "[No Variations]"
Add component (AddParameter): Name = "Manufacturer_Name"; Value = "Murata Electronics"; VariantName = "[No Variations]"
Add component (AddParameter): Name = "Manufacturer_Part_Number"; Value = "GRM0335C1H221FA01D"; VariantName = "[No Variations]"
Add component (AddParameter): Name = "Mouser Part Number"; Value = "81-GRM0335C1H221FA1D"; VariantName = "[No Variations]"
Add component (AddParameter): Name = "Mouser Price/Stock"; Value = "https://www.mouser.co.uk/ProductDetail/Murata-Electronics/GRM0335C1H221FA01D/?qs=rrS6PyfT74d6B87t4Yhwdg%3D%3D"; VariantName = "[No Variations]"
Added Component: Designator=C30(GRM033D70J224ME01D)
Add component (AddParameter): Name = "Arrow Part Number"; Value = ""; VariantName = "[No Variations]"
Add component (AddParameter): Name = "Arrow Price/Stock"; Value = ""; VariantName = "[No Variations]"
Add component (AddParameter): Name = "Datasheet Link"; Value = "https://search.murata.co.jp/Ceramy/image/img/A01X/G101/ENG/GRM0335C1H221FA01-01A.pdf"; VariantName = "[No Variations]"
Add component (AddParameter): Name = "Height"; Value = "0.33mm"; VariantName = "[No Variations]"
Add component (AddParameter): Name = "Manufacturer_Name"; Value = "Murata Electronics"; VariantName = "[No Variations]"
Add component (AddParameter): Name = "Manufacturer_Part_Number"; Value = "GRM0335C1H221FA01D"; VariantName = "[No Variations]"
Add component (AddParameter): Name = "Mouser Part Number"; Value = "81-GRM0335C1H221FA1D"; VariantName = "[No Variations]"
Add component (AddParameter): Name = "Mouser Price/Stock"; Value = "https://www.mouser.co.uk/ProductDetail/Murata-Electronics/GRM0335C1H221FA01D/?qs=rrS6PyfT74d6B87t4Yhwdg%3D%3D"; VariantName = "[No Variations]"
Added Component: Designator=C31(CAPC0603X39N)
Add component (AddParameter): Name = "Arrow Part Number"; Value = "CL03A105MO3NRNH"; VariantName = "[No Variations]"
Add component (AddParameter): Name = "Arrow Price/Stock"; Value = "https://www.arrow.com/en/products/cl03a105mo3nrnh/samsung-electro-mechanics?region=europe"; VariantName = "[No Variations]"
Add component (AddParameter): Name = "Datasheet Link"; Value = "https://static6.arrow.com/aropdfconversion/5520c68c9128c972ec6f0cbf09912ac8e6a87451/cl03a105mo3nrnh.pdf"; VariantName = "[No Variations]"
Add component (AddParameter): Name = "Height"; Value = "0.39mm"; VariantName = "[No Variations]"
Add component (AddParameter): Name = "Manufacturer_Name"; Value = "SAMSUNG"; VariantName = "[No Variations]"
Add component (AddParameter): Name = "Manufacturer_Part_Number"; Value = "CL03A105MO3NRNH"; VariantName = "[No Variations]"
Add component (AddParameter): Name = "Mouser Part Number"; Value = "187-CL03A105MO3NRNH"; VariantName = "[No Variations]"
Add component (AddParameter): Name = "Mouser Price/Stock"; Value = "https://www.mouser.co.uk/ProductDetail/Samsung-Electro-Mechanics/CL03A105MO3NRNH?qs=%252B6g0mu59x7LEwOOdfYkIjw%3D%3D"; VariantName = "[No Variations]"
Added Component: Designator=C32(CAPC0603X39N)
Add component (AddParameter): Name = "Arrow Part Number"; Value = "CL03A105MO3NRNH"; VariantName = "[No Variations]"
Add component (AddParameter): Name = "Arrow Price/Stock"; Value = "https://www.arrow.com/en/products/cl03a105mo3nrnh/samsung-electro-mechanics?region=europe"; VariantName = "[No Variations]"
Add component (AddParameter): Name = "Datasheet Link"; Value = "https://static6.arrow.com/aropdfconversion/5520c68c9128c972ec6f0cbf09912ac8e6a87451/cl03a105mo3nrnh.pdf"; VariantName = "[No Variations]"
Add component (AddParameter): Name = "Height"; Value = "0.39mm"; VariantName = "[No Variations]"
Add component (AddParameter): Name = "Manufacturer_Name"; Value = "SAMSUNG"; VariantName = "[No Variations]"
Add component (AddParameter): Name = "Manufacturer_Part_Number"; Value = "CL03A105MO3NRNH"; VariantName = "[No Variations]"
Add component (AddParameter): Name = "Mouser Part Number"; Value = "187-CL03A105MO3NRNH"; VariantName = "[No Variations]"
Add component (AddParameter): Name = "Mouser Price/Stock"; Value = "https://www.mouser.co.uk/ProductDetail/Samsung-Electro-Mechanics/CL03A105MO3NRNH?qs=%252B6g0mu59x7LEwOOdfYkIjw%3D%3D"; VariantName = "[No Variations]"
Added Component: Designator=C39(0201_GENERIC_CAP)
Add component (AddParameter): Name = "Artikkelnr Noca"; Value = "N.A."; VariantName = "[No Variations]"
Add component (AddParameter): Name = "Assembly"; Value = ""; VariantName = "[No Variations]"
Add component (AddParameter): Name = "Author"; Value = "getr"; VariantName = "[No Variations]"
Add component (AddParameter): Name = "Component Class"; Value = "Capacitors"; VariantName = "[No Variations]"
Add component (AddParameter): Name = "Component Status"; Value = "Active"; VariantName = "[No Variations]"
Add component (AddParameter): Name = "ComponentLink1Description"; Value = "Datasheet"; VariantName = "[No Variations]"
Add component (AddParameter): Name = "ComponentLink1URL"; Value = "N.A."; VariantName = "[No Variations]"
Add component (AddParameter): Name = "ComponentLink2Description"; Value = "Supplier link"; VariantName = "[No Variations]"
Add component (AddParameter): Name = "ComponentLink2URL"; Value = "N.A."; VariantName = "[No Variations]"
Add component (AddParameter): Name = "HelpURL"; Value = "N.A."; VariantName = "[No Variations]"
Add component (AddParameter): Name = "LatestRevisionDate"; Value = "2021-04-12"; VariantName = "[No Variations]"
Add component (AddParameter): Name = "Manufacturer"; Value = "N.A."; VariantName = "[No Variations]"
Add component (AddParameter): Name = "Manufacturer Part Number"; Value = "N.A."; VariantName = "[No Variations]"
Add component (AddParameter): Name = "Note"; Value = "10V"; VariantName = "[No Variations]"
Add component (AddParameter): Name = "Pad Count"; Value = "2"; VariantName = "[No Variations]"
Add component (AddParameter): Name = "Part Number"; Value = "C0201-100n-10V-X7R"; VariantName = "[No Variations]"
Add component (AddParameter): Name = "Part number IPS"; Value = "N.A."; VariantName = "[No Variations]"
Add component (AddParameter): Name = "Part number NEMS"; Value = "100200469"; VariantName = "[No Variations]"
Add component (AddParameter): Name = "Part number Norautron"; Value = "N.A."; VariantName = "[No Variations]"
Add component (AddParameter): Name = "PartId"; Value = "100200469"; VariantName = "[No Variations]"
Add component (AddParameter): Name = "Published"; Value = "2021-04-12"; VariantName = "[No Variations]"
Add component (AddParameter): Name = "Supplier 1"; Value = "N.A."; VariantName = "[No Variations]"
Add component (AddParameter): Name = "Supplier 2"; Value = "N.A."; VariantName = "[No Variations]"
Add component (AddParameter): Name = "Supplier Part Number 1"; Value = "N.A."; VariantName = "[No Variations]"
Add component (AddParameter): Name = "Supplier Part Number 2"; Value = "N.A."; VariantName = "[No Variations]"
Add component (AddParameter): Name = "Value"; Value = "100nF"; VariantName = "[No Variations]"
Added Component: Designator=C40(0201_GENERIC_CAP)
Add component (AddParameter): Name = "Artikkelnr Noca"; Value = "N.A."; VariantName = "[No Variations]"
Add component (AddParameter): Name = "Assembly"; Value = ""; VariantName = "[No Variations]"
Add component (AddParameter): Name = "Author"; Value = "getr"; VariantName = "[No Variations]"
Add component (AddParameter): Name = "Component Class"; Value = "Capacitors"; VariantName = "[No Variations]"
Add component (AddParameter): Name = "Component Status"; Value = "Active"; VariantName = "[No Variations]"
Add component (AddParameter): Name = "ComponentLink1Description"; Value = "Datasheet"; VariantName = "[No Variations]"
Add component (AddParameter): Name = "ComponentLink1URL"; Value = "N.A."; VariantName = "[No Variations]"
Add component (AddParameter): Name = "ComponentLink2Description"; Value = "Supplier link"; VariantName = "[No Variations]"
Add component (AddParameter): Name = "ComponentLink2URL"; Value = "N.A."; VariantName = "[No Variations]"
Add component (AddParameter): Name = "HelpURL"; Value = "N.A."; VariantName = "[No Variations]"
Add component (AddParameter): Name = "LatestRevisionDate"; Value = "2021-04-12"; VariantName = "[No Variations]"
Add component (AddParameter): Name = "Manufacturer"; Value = "N.A."; VariantName = "[No Variations]"
Add component (AddParameter): Name = "Manufacturer Part Number"; Value = "N.A."; VariantName = "[No Variations]"
Add component (AddParameter): Name = "Note"; Value = "10V"; VariantName = "[No Variations]"
Add component (AddParameter): Name = "Pad Count"; Value = "2"; VariantName = "[No Variations]"
Add component (AddParameter): Name = "Part Number"; Value = "C0201-100n-10V-X7R"; VariantName = "[No Variations]"
Add component (AddParameter): Name = "Part number IPS"; Value = "N.A."; VariantName = "[No Variations]"
Add component (AddParameter): Name = "Part number NEMS"; Value = "100200469"; VariantName = "[No Variations]"
Add component (AddParameter): Name = "Part number Norautron"; Value = "N.A."; VariantName = "[No Variations]"
Add component (AddParameter): Name = "PartId"; Value = "100200469"; VariantName = "[No Variations]"
Add component (AddParameter): Name = "Published"; Value = "2021-04-12"; VariantName = "[No Variations]"
Add component (AddParameter): Name = "Supplier 1"; Value = "N.A."; VariantName = "[No Variations]"
Add component (AddParameter): Name = "Supplier 2"; Value = "N.A."; VariantName = "[No Variations]"
Add component (AddParameter): Name = "Supplier Part Number 1"; Value = "N.A."; VariantName = "[No Variations]"
Add component (AddParameter): Name = "Supplier Part Number 2"; Value = "N.A."; VariantName = "[No Variations]"
Add component (AddParameter): Name = "Value"; Value = "100nF"; VariantName = "[No Variations]"
Added Component: Designator=C41(0201_GENERIC_CAP)
Add component (AddParameter): Name = "Artikkelnr Noca"; Value = "N.A."; VariantName = "[No Variations]"
Add component (AddParameter): Name = "Assembly"; Value = ""; VariantName = "[No Variations]"
Add component (AddParameter): Name = "Author"; Value = "getr"; VariantName = "[No Variations]"
Add component (AddParameter): Name = "Component Class"; Value = "Capacitors"; VariantName = "[No Variations]"
Add component (AddParameter): Name = "Component Status"; Value = "Active"; VariantName = "[No Variations]"
Add component (AddParameter): Name = "ComponentLink1Description"; Value = "Datasheet"; VariantName = "[No Variations]"
Add component (AddParameter): Name = "ComponentLink1URL"; Value = "N.A."; VariantName = "[No Variations]"
Add component (AddParameter): Name = "ComponentLink2Description"; Value = "Supplier link"; VariantName = "[No Variations]"
Add component (AddParameter): Name = "ComponentLink2URL"; Value = "N.A."; VariantName = "[No Variations]"
Add component (AddParameter): Name = "HelpURL"; Value = "N.A."; VariantName = "[No Variations]"
Add component (AddParameter): Name = "LatestRevisionDate"; Value = "2021-04-12"; VariantName = "[No Variations]"
Add component (AddParameter): Name = "Manufacturer"; Value = "N.A."; VariantName = "[No Variations]"
Add component (AddParameter): Name = "Manufacturer Part Number"; Value = "N.A."; VariantName = "[No Variations]"
Add component (AddParameter): Name = "Note"; Value = "10V"; VariantName = "[No Variations]"
Add component (AddParameter): Name = "Pad Count"; Value = "2"; VariantName = "[No Variations]"
Add component (AddParameter): Name = "Part Number"; Value = "C0201-100n-10V-X7R"; VariantName = "[No Variations]"
Add component (AddParameter): Name = "Part number IPS"; Value = "N.A."; VariantName = "[No Variations]"
Add component (AddParameter): Name = "Part number NEMS"; Value = "100200469"; VariantName = "[No Variations]"
Add component (AddParameter): Name = "Part number Norautron"; Value = "N.A."; VariantName = "[No Variations]"
Add component (AddParameter): Name = "PartId"; Value = "100200469"; VariantName = "[No Variations]"
Add component (AddParameter): Name = "Published"; Value = "2021-04-12"; VariantName = "[No Variations]"
Add component (AddParameter): Name = "Supplier 1"; Value = "N.A."; VariantName = "[No Variations]"
Add component (AddParameter): Name = "Supplier 2"; Value = "N.A."; VariantName = "[No Variations]"
Add component (AddParameter): Name = "Supplier Part Number 1"; Value = "N.A."; VariantName = "[No Variations]"
Add component (AddParameter): Name = "Supplier Part Number 2"; Value = "N.A."; VariantName = "[No Variations]"
Add component (AddParameter): Name = "Value"; Value = "100nF"; VariantName = "[No Variations]"
Added Component: Designator=C42(0402_Generic_CAP)
Add component (AddParameter): Name = "Artikkelnr Noca"; Value = "N.A."; VariantName = "[No Variations]"
Add component (AddParameter): Name = "Assembly"; Value = ""; VariantName = "[No Variations]"
Add component (AddParameter): Name = "Author"; Value = "getr"; VariantName = "[No Variations]"
Add component (AddParameter): Name = "Component Class"; Value = "Capacitors"; VariantName = "[No Variations]"
Add component (AddParameter): Name = "Component Status"; Value = "Active"; VariantName = "[No Variations]"
Add component (AddParameter): Name = "ComponentLink1Description"; Value = "Datasheet"; VariantName = "[No Variations]"
Add component (AddParameter): Name = "ComponentLink1URL"; Value = "N.A."; VariantName = "[No Variations]"
Add component (AddParameter): Name = "ComponentLink2Description"; Value = "Supplier link"; VariantName = "[No Variations]"
Add component (AddParameter): Name = "ComponentLink2URL"; Value = "N.A."; VariantName = "[No Variations]"
Add component (AddParameter): Name = "Footprint Doc"; Value = "0402"; VariantName = "[No Variations]"
Add component (AddParameter): Name = "HelpURL"; Value = "N.A."; VariantName = "[No Variations]"
Add component (AddParameter): Name = "LatestRevisionDate"; Value = "2021-06-25"; VariantName = "[No Variations]"
Add component (AddParameter): Name = "Manufacturer"; Value = "N.A."; VariantName = "[No Variations]"
Add component (AddParameter): Name = "Manufacturer Part Number"; Value = "N.A."; VariantName = "[No Variations]"
Add component (AddParameter): Name = "Note"; Value = "6.3V"; VariantName = "[No Variations]"
Add component (AddParameter): Name = "Pad Count"; Value = "2"; VariantName = "[No Variations]"
Add component (AddParameter): Name = "Part Number"; Value = "C0402-10µF-6.3V-X6S"; VariantName = "[No Variations]"
Add component (AddParameter): Name = "Part number IPS"; Value = "N.A."; VariantName = "[No Variations]"
Add component (AddParameter): Name = "Part number NEMS"; Value = "100200478"; VariantName = "[No Variations]"
Add component (AddParameter): Name = "Part number Norautron"; Value = "N.A."; VariantName = "[No Variations]"
Add component (AddParameter): Name = "PartId"; Value = "100200478"; VariantName = "[No Variations]"
Add component (AddParameter): Name = "Published"; Value = "2021-06-25"; VariantName = "[No Variations]"
Add component (AddParameter): Name = "Supplier 1"; Value = "N.A."; VariantName = "[No Variations]"
Add component (AddParameter): Name = "Supplier 2"; Value = "N.A."; VariantName = "[No Variations]"
Add component (AddParameter): Name = "Supplier Part Number 1"; Value = "N.A."; VariantName = "[No Variations]"
Add component (AddParameter): Name = "Supplier Part Number 2"; Value = "N.A."; VariantName = "[No Variations]"
Add component (AddParameter): Name = "Value"; Value = "10µF"; VariantName = "[No Variations]"
Added Component: Designator=C43(0201_GENERIC_CAP)
Add component (AddParameter): Name = "Artikkelnr Noca"; Value = "N.A."; VariantName = "[No Variations]"
Add component (AddParameter): Name = "Assembly"; Value = ""; VariantName = "[No Variations]"
Add component (AddParameter): Name = "Author"; Value = "getr"; VariantName = "[No Variations]"
Add component (AddParameter): Name = "Component Class"; Value = "Capacitors"; VariantName = "[No Variations]"
Add component (AddParameter): Name = "Component Status"; Value = "Active"; VariantName = "[No Variations]"
Add component (AddParameter): Name = "ComponentLink1Description"; Value = "Datasheet"; VariantName = "[No Variations]"
Add component (AddParameter): Name = "ComponentLink1URL"; Value = "N.A."; VariantName = "[No Variations]"
Add component (AddParameter): Name = "ComponentLink2Description"; Value = "Supplier link"; VariantName = "[No Variations]"
Add component (AddParameter): Name = "ComponentLink2URL"; Value = "N.A."; VariantName = "[No Variations]"
Add component (AddParameter): Name = "Footprint Doc"; Value = "0201"; VariantName = "[No Variations]"
Add component (AddParameter): Name = "HelpURL"; Value = "N.A."; VariantName = "[No Variations]"
Add component (AddParameter): Name = "LatestRevisionDate"; Value = "2021-04-12"; VariantName = "[No Variations]"
Add component (AddParameter): Name = "Manufacturer"; Value = "N.A."; VariantName = "[No Variations]"
Add component (AddParameter): Name = "Manufacturer Part Number"; Value = "N.A."; VariantName = "[No Variations]"
Add component (AddParameter): Name = "Note"; Value = "10V"; VariantName = "[No Variations]"
Add component (AddParameter): Name = "Pad Count"; Value = "2"; VariantName = "[No Variations]"
Add component (AddParameter): Name = "Part Number"; Value = "C0201-100n-10V-X7R"; VariantName = "[No Variations]"
Add component (AddParameter): Name = "Part number IPS"; Value = "N.A."; VariantName = "[No Variations]"
Add component (AddParameter): Name = "Part number NEMS"; Value = "100200469"; VariantName = "[No Variations]"
Add component (AddParameter): Name = "Part number Norautron"; Value = "N.A."; VariantName = "[No Variations]"
Add component (AddParameter): Name = "PartId"; Value = "100200469"; VariantName = "[No Variations]"
Add component (AddParameter): Name = "Published"; Value = "2021-04-12"; VariantName = "[No Variations]"
Add component (AddParameter): Name = "Supplier 1"; Value = "N.A."; VariantName = "[No Variations]"
Add component (AddParameter): Name = "Supplier 2"; Value = "N.A."; VariantName = "[No Variations]"
Add component (AddParameter): Name = "Supplier Part Number 1"; Value = "N.A."; VariantName = "[No Variations]"
Add component (AddParameter): Name = "Supplier Part Number 2"; Value = "N.A."; VariantName = "[No Variations]"
Add component (AddParameter): Name = "Value"; Value = "100nF"; VariantName = "[No Variations]"
Added Component: Designator=C44(0201_GENERIC_CAP)
Add component (AddParameter): Name = "Artikkelnr Noca"; Value = "N.A."; VariantName = "[No Variations]"
Add component (AddParameter): Name = "Assembly"; Value = ""; VariantName = "[No Variations]"
Add component (AddParameter): Name = "Author"; Value = "stl1"; VariantName = "[No Variations]"
Add component (AddParameter): Name = "Component Class"; Value = "Capacitors"; VariantName = "[No Variations]"
Add component (AddParameter): Name = "Component Status"; Value = "Active"; VariantName = "[No Variations]"
Add component (AddParameter): Name = "ComponentLink1Description"; Value = "Datasheet"; VariantName = "[No Variations]"
Add component (AddParameter): Name = "ComponentLink1URL"; Value = "https://www.murata.com/products/productdetail?partno=GRM033D80E225ME47%23"; VariantName = "[No Variations]"
Add component (AddParameter): Name = "ComponentLink2Description"; Value = "Supplier link"; VariantName = "[No Variations]"
Add component (AddParameter): Name = "ComponentLink2URL"; Value = "N.A."; VariantName = "[No Variations]"
Add component (AddParameter): Name = "HelpURL"; Value = "N.A."; VariantName = "[No Variations]"
Add component (AddParameter): Name = "LatestRevisionDate"; Value = "2022-02-27"; VariantName = "[No Variations]"
Add component (AddParameter): Name = "Manufacturer"; Value = "Murata"; VariantName = "[No Variations]"
Add component (AddParameter): Name = "Manufacturer Part Number"; Value = "GRM033R61A225KE47"; VariantName = "[No Variations]"
Add component (AddParameter): Name = "Note"; Value = "2.5V, 20%, X6T"; VariantName = "[No Variations]"
Add component (AddParameter): Name = "Pad Count"; Value = "2"; VariantName = "[No Variations]"
Add component (AddParameter): Name = "Part Number"; Value = "C0201-2µ2-2.5V-X6T-GRM033D80E225ME47D"; VariantName = "[No Variations]"
Add component (AddParameter): Name = "Part number IPS"; Value = "N.A."; VariantName = "[No Variations]"
Add component (AddParameter): Name = "Part number NEMS"; Value = "100200527"; VariantName = "[No Variations]"
Add component (AddParameter): Name = "Part number Norautron"; Value = "N.A."; VariantName = "[No Variations]"
Add component (AddParameter): Name = "PartId"; Value = "100200527"; VariantName = "[No Variations]"
Add component (AddParameter): Name = "Published"; Value = "2022-02-27"; VariantName = "[No Variations]"
Add component (AddParameter): Name = "Supplier 1"; Value = "Mouser"; VariantName = "[No Variations]"
Add component (AddParameter): Name = "Supplier 2"; Value = "Digi-Key"; VariantName = "[No Variations]"
Add component (AddParameter): Name = "Supplier Part Number 1"; Value = "81-GRM033D80E225ME7D"; VariantName = "[No Variations]"
Add component (AddParameter): Name = "Supplier Part Number 2"; Value = "490-18653-1-ND"; VariantName = "[No Variations]"
Add component (AddParameter): Name = "Value"; Value = "2.2µF"; VariantName = "[No Variations]"
Add Component: Footprint Not Found CAPC0603X03L_C
Add Component: Footprint Not Found CAPC0603X03L_C
Add Component: Footprint Not Found CAPC0603X03L_C
Added Component: Designator=C48(0201_GENERIC_CAP)
Add component (AddParameter): Name = "Artikkelnr Noca"; Value = "N.A."; VariantName = "[No Variations]"
Add component (AddParameter): Name = "Assembly"; Value = ""; VariantName = "[No Variations]"
Add component (AddParameter): Name = "Author"; Value = "stl1"; VariantName = "[No Variations]"
Add component (AddParameter): Name = "Component Class"; Value = "Capacitors"; VariantName = "[No Variations]"
Add component (AddParameter): Name = "Component Status"; Value = "Active"; VariantName = "[No Variations]"
Add component (AddParameter): Name = "ComponentLink1Description"; Value = "Datasheet"; VariantName = "[No Variations]"
Add component (AddParameter): Name = "ComponentLink1URL"; Value = "https://www.murata.com/products/productdetail?partno=GRM033D80E225ME47%23"; VariantName = "[No Variations]"
Add component (AddParameter): Name = "ComponentLink2Description"; Value = "Supplier link"; VariantName = "[No Variations]"
Add component (AddParameter): Name = "ComponentLink2URL"; Value = "N.A."; VariantName = "[No Variations]"
Add component (AddParameter): Name = "HelpURL"; Value = "N.A."; VariantName = "[No Variations]"
Add component (AddParameter): Name = "LatestRevisionDate"; Value = "2022-02-27"; VariantName = "[No Variations]"
Add component (AddParameter): Name = "Manufacturer"; Value = "Murata"; VariantName = "[No Variations]"
Add component (AddParameter): Name = "Manufacturer Part Number"; Value = "GRM033R61A225KE47"; VariantName = "[No Variations]"
Add component (AddParameter): Name = "Note"; Value = "2.5V, 20%, X6T"; VariantName = "[No Variations]"
Add component (AddParameter): Name = "Pad Count"; Value = "2"; VariantName = "[No Variations]"
Add component (AddParameter): Name = "Part Number"; Value = "C0201-2µ2-2.5V-X6T-GRM033D80E225ME47D"; VariantName = "[No Variations]"
Add component (AddParameter): Name = "Part number IPS"; Value = "N.A."; VariantName = "[No Variations]"
Add component (AddParameter): Name = "Part number NEMS"; Value = "100200527"; VariantName = "[No Variations]"
Add component (AddParameter): Name = "Part number Norautron"; Value = "N.A."; VariantName = "[No Variations]"
Add component (AddParameter): Name = "PartId"; Value = "100200527"; VariantName = "[No Variations]"
Add component (AddParameter): Name = "Published"; Value = "2022-02-27"; VariantName = "[No Variations]"
Add component (AddParameter): Name = "Supplier 1"; Value = "Mouser"; VariantName = "[No Variations]"
Add component (AddParameter): Name = "Supplier 2"; Value = "Digi-Key"; VariantName = "[No Variations]"
Add component (AddParameter): Name = "Supplier Part Number 1"; Value = "81-GRM033D80E225ME7D"; VariantName = "[No Variations]"
Add component (AddParameter): Name = "Supplier Part Number 2"; Value = "490-18653-1-ND"; VariantName = "[No Variations]"
Add component (AddParameter): Name = "Value"; Value = "2.2µF"; VariantName = "[No Variations]"
Added Component: Designator=C49(0201_GENERIC_CAP)
Add component (AddParameter): Name = "Artikkelnr Noca"; Value = "N.A."; VariantName = "[No Variations]"
Add component (AddParameter): Name = "Assembly"; Value = ""; VariantName = "[No Variations]"
Add component (AddParameter): Name = "Author"; Value = "rsk"; VariantName = "[No Variations]"
Add component (AddParameter): Name = "Component Class"; Value = "Capacitors"; VariantName = "[No Variations]"
Add component (AddParameter): Name = "Component Status"; Value = "Active"; VariantName = "[No Variations]"
Add component (AddParameter): Name = "ComponentLink1Description"; Value = "Datasheet"; VariantName = "[No Variations]"
Add component (AddParameter): Name = "ComponentLink1URL"; Value = "http://search.murata.co.jp/Ceramy/image/img/A01X/G101/ENG/GRM033R70J103KA01-01.pdf"; VariantName = "[No Variations]"
Add component (AddParameter): Name = "ComponentLink2Description"; Value = "Supplier link"; VariantName = "[No Variations]"
Add component (AddParameter): Name = "ComponentLink2URL"; Value = "N.A."; VariantName = "[No Variations]"
Add component (AddParameter): Name = "HelpURL"; Value = "N.A."; VariantName = "[No Variations]"
Add component (AddParameter): Name = "LatestRevisionDate"; Value = "2020-10-13"; VariantName = "[No Variations]"
Add component (AddParameter): Name = "Manufacturer"; Value = "Murata"; VariantName = "[No Variations]"
Add component (AddParameter): Name = "Manufacturer Part Number"; Value = "GRM033R70J103KA01D"; VariantName = "[No Variations]"
Add component (AddParameter): Name = "Note"; Value = "6.3V"; VariantName = "[No Variations]"
Add component (AddParameter): Name = "Pad Count"; Value = "2"; VariantName = "[No Variations]"
Add component (AddParameter): Name = "Part Number"; Value = "C0201-10n-6.3V-X7R"; VariantName = "[No Variations]"
Add component (AddParameter): Name = "Part number IPS"; Value = "N.A."; VariantName = "[No Variations]"
Add component (AddParameter): Name = "Part number NEMS"; Value = "100200407"; VariantName = "[No Variations]"
Add component (AddParameter): Name = "Part number Norautron"; Value = "N.A."; VariantName = "[No Variations]"
Add component (AddParameter): Name = "PartId"; Value = "100200407"; VariantName = "[No Variations]"
Add component (AddParameter): Name = "Published"; Value = "2018-05-07"; VariantName = "[No Variations]"
Add component (AddParameter): Name = "Supplier 1"; Value = "Digi-Key"; VariantName = "[No Variations]"
Add component (AddParameter): Name = "Supplier 2"; Value = "N.A."; VariantName = "[No Variations]"
Add component (AddParameter): Name = "Supplier Part Number 1"; Value = "490-1262-1-ND"; VariantName = "[No Variations]"
Add component (AddParameter): Name = "Supplier Part Number 2"; Value = "N.A."; VariantName = "[No Variations]"
Add component (AddParameter): Name = "Value"; Value = "10nF"; VariantName = "[No Variations]"
Added Component: Designator=C50(0201_GENERIC_CAP)
Add component (AddParameter): Name = "Artikkelnr Noca"; Value = "N.A."; VariantName = "[No Variations]"
Add component (AddParameter): Name = "Assembly"; Value = ""; VariantName = "[No Variations]"
Add component (AddParameter): Name = "Author"; Value = "rsk"; VariantName = "[No Variations]"
Add component (AddParameter): Name = "Component Class"; Value = "Capacitors"; VariantName = "[No Variations]"
Add component (AddParameter): Name = "Component Status"; Value = "Active"; VariantName = "[No Variations]"
Add component (AddParameter): Name = "ComponentLink1Description"; Value = "Datasheet"; VariantName = "[No Variations]"
Add component (AddParameter): Name = "ComponentLink1URL"; Value = "N.A."; VariantName = "[No Variations]"
Add component (AddParameter): Name = "ComponentLink2Description"; Value = "Supplier link"; VariantName = "[No Variations]"
Add component (AddParameter): Name = "ComponentLink2URL"; Value = "N.A."; VariantName = "[No Variations]"
Add component (AddParameter): Name = "HelpURL"; Value = "N.A."; VariantName = "[No Variations]"
Add component (AddParameter): Name = "LatestRevisionDate"; Value = "2014-11-13"; VariantName = "[No Variations]"
Add component (AddParameter): Name = "Manufacturer"; Value = "N.A."; VariantName = "[No Variations]"
Add component (AddParameter): Name = "Manufacturer Part Number"; Value = "N.A."; VariantName = "[No Variations]"
Add component (AddParameter): Name = "Note"; Value = "10V"; VariantName = "[No Variations]"
Add component (AddParameter): Name = "Pad Count"; Value = "2"; VariantName = "[No Variations]"
Add component (AddParameter): Name = "Part Number"; Value = "C0201-2n2"; VariantName = "[No Variations]"
Add component (AddParameter): Name = "Part number IPS"; Value = "00000001778"; VariantName = "[No Variations]"
Add component (AddParameter): Name = "Part number NEMS"; Value = "100200060"; VariantName = "[No Variations]"
Add component (AddParameter): Name = "Part number Norautron"; Value = "26470002"; VariantName = "[No Variations]"
Add component (AddParameter): Name = "PartId"; Value = "100200060"; VariantName = "[No Variations]"
Add component (AddParameter): Name = "Published"; Value = "2014-11-13"; VariantName = "[No Variations]"
Add component (AddParameter): Name = "Supplier 1"; Value = "N.A."; VariantName = "[No Variations]"
Add component (AddParameter): Name = "Supplier 2"; Value = "N.A."; VariantName = "[No Variations]"
Add component (AddParameter): Name = "Supplier Part Number 1"; Value = "N.A."; VariantName = "[No Variations]"
Add component (AddParameter): Name = "Supplier Part Number 2"; Value = "N.A."; VariantName = "[No Variations]"
Add component (AddParameter): Name = "Value"; Value = "2.2nF"; VariantName = "[No Variations]"
Added Component: Designator=C51(0201_GENERIC_CAP)
Add component (AddParameter): Name = "Artikkelnr Noca"; Value = "N.A."; VariantName = "[No Variations]"
Add component (AddParameter): Name = "Assembly"; Value = ""; VariantName = "[No Variations]"
Add component (AddParameter): Name = "Author"; Value = "rsk"; VariantName = "[No Variations]"
Add component (AddParameter): Name = "Component Class"; Value = "Capacitors"; VariantName = "[No Variations]"
Add component (AddParameter): Name = "Component Status"; Value = "Active"; VariantName = "[No Variations]"
Add component (AddParameter): Name = "ComponentLink1Description"; Value = "Datasheet"; VariantName = "[No Variations]"
Add component (AddParameter): Name = "ComponentLink1URL"; Value = "N.A."; VariantName = "[No Variations]"
Add component (AddParameter): Name = "ComponentLink2Description"; Value = "Supplier link"; VariantName = "[No Variations]"
Add component (AddParameter): Name = "ComponentLink2URL"; Value = "N.A."; VariantName = "[No Variations]"
Add component (AddParameter): Name = "HelpURL"; Value = "N.A."; VariantName = "[No Variations]"
Add component (AddParameter): Name = "LatestRevisionDate"; Value = "2014-11-13"; VariantName = "[No Variations]"
Add component (AddParameter): Name = "Manufacturer"; Value = "N.A."; VariantName = "[No Variations]"
Add component (AddParameter): Name = "Manufacturer Part Number"; Value = "N.A."; VariantName = "[No Variations]"
Add component (AddParameter): Name = "Note"; Value = "Chip Cap 1%"; VariantName = "[No Variations]"
Add component (AddParameter): Name = "Pad Count"; Value = "2"; VariantName = "[No Variations]"
Add component (AddParameter): Name = "Part Number"; Value = "C0201-3.9p"; VariantName = "[No Variations]"
Add component (AddParameter): Name = "Part number IPS"; Value = "N.A."; VariantName = "[No Variations]"
Add component (AddParameter): Name = "Part number NEMS"; Value = "100200024"; VariantName = "[No Variations]"
Add component (AddParameter): Name = "Part number Norautron"; Value = "N.A."; VariantName = "[No Variations]"
Add component (AddParameter): Name = "PartId"; Value = "100200024"; VariantName = "[No Variations]"
Add component (AddParameter): Name = "Published"; Value = "2014-11-13"; VariantName = "[No Variations]"
Add component (AddParameter): Name = "Supplier 1"; Value = "N.A."; VariantName = "[No Variations]"
Add component (AddParameter): Name = "Supplier 2"; Value = "N.A."; VariantName = "[No Variations]"
Add component (AddParameter): Name = "Supplier Part Number 1"; Value = "N.A."; VariantName = "[No Variations]"
Add component (AddParameter): Name = "Supplier Part Number 2"; Value = "N.A."; VariantName = "[No Variations]"
Add component (AddParameter): Name = "Value"; Value = "3.9pF"; VariantName = "[No Variations]"
Added Component: Designator=D1(ESD108B1CSP0201XTSA1)
Add component (AddParameter): Name = "Arrow Part Number"; Value = "ESD108B1CSP0201XTSA1"; VariantName = "[No Variations]"
Add component (AddParameter): Name = "Arrow Price/Stock"; Value = "https://www.arrow.com/en/products/esd108b1csp0201xtsa1/infineon-technologies-ag?region=nac"; VariantName = "[No Variations]"
Add component (AddParameter): Name = "Datasheet Link"; Value = "https://www.infineon.com/dgdl/Infineon-ESD108-B1-CSP0201-DS-v01_00-EN.pdf?fileId=5546d4624b0b249c014b1746e4d05aa8"; VariantName = "[No Variations]"
Add component (AddParameter): Name = "Height"; Value = "0.16mm"; VariantName = "[No Variations]"
Add component (AddParameter): Name = "Manufacturer_Name"; Value = "Infineon"; VariantName = "[No Variations]"
Add component (AddParameter): Name = "Manufacturer_Part_Number"; Value = "ESD108B1CSP0201XTSA1"; VariantName = "[No Variations]"
Add component (AddParameter): Name = "Mouser Part Number"; Value = "726-ESD108B1CSP0201X"; VariantName = "[No Variations]"
Add component (AddParameter): Name = "Mouser Price/Stock"; Value = "https://www.mouser.co.uk/ProductDetail/Infineon-Technologies/ESD108B1CSP0201XTSA1?qs=3Bi3m9r5MQZFyNTZtNMRAQ%3D%3D"; VariantName = "[No Variations]"
Added Component: Designator=F1(0402L010SLKR)
Add component (AddParameter): Name = "Arrow Part Number"; Value = "0402L035SLKR"; VariantName = "[No Variations]"
Add component (AddParameter): Name = "Arrow Price/Stock"; Value = "https://www.arrow.com/en/products/0402l035slkr/littelfuse?region=nac"; VariantName = "[No Variations]"
Add component (AddParameter): Name = "Datasheet Link"; Value = "https://g.componentsearchengine.com/Datasheets/1/0402L010SLKR.pdf"; VariantName = "[No Variations]"
Add component (AddParameter): Name = "Height"; Value = "0.6mm"; VariantName = "[No Variations]"
Add component (AddParameter): Name = "Manufacturer_Name"; Value = "LITTELFUSE"; VariantName = "[No Variations]"
Add component (AddParameter): Name = "Manufacturer_Part_Number"; Value = "0402L035SLKR"; VariantName = "[No Variations]"
Add component (AddParameter): Name = "Mouser Part Number"; Value = "576-0402L035SLKR"; VariantName = "[No Variations]"
Add component (AddParameter): Name = "Mouser Price/Stock"; Value = "https://www.mouser.co.uk/ProductDetail/Littelfuse/0402L035SLKR?qs=l%252BmC%252BYUP1cpZgakJ0rfNKw%3D%3D"; VariantName = "[No Variations]"
Added Component: Designator=FB1(BLM03AX121SN1D)
Add component (AddParameter): Name = "Artikkelnr Noca"; Value = "N.A."; VariantName = "[No Variations]"
Add component (AddParameter): Name = "Assembly"; Value = ""; VariantName = "[No Variations]"
Add component (AddParameter): Name = "Author"; Value = "stl1"; VariantName = "[No Variations]"
Add component (AddParameter): Name = "Component Class"; Value = "Inductors"; VariantName = "[No Variations]"
Add component (AddParameter): Name = "Component Status"; Value = "Active"; VariantName = "[No Variations]"
Add component (AddParameter): Name = "ComponentLink1Description"; Value = "Datasheet"; VariantName = "[No Variations]"
Add component (AddParameter): Name = "ComponentLink1URL"; Value = "https://www.murata.com/en-eu/products/productdetail?partno=BLM03AG121SN1%23"; VariantName = "[No Variations]"
Add component (AddParameter): Name = "ComponentLink2Description"; Value = "Supplier link"; VariantName = "[No Variations]"
Add component (AddParameter): Name = "ComponentLink2URL"; Value = "N.A."; VariantName = "[No Variations]"
Add component (AddParameter): Name = "HelpURL"; Value = "N.A."; VariantName = "[No Variations]"
Add component (AddParameter): Name = "LatestRevisionDate"; Value = "2022-02-27"; VariantName = "[No Variations]"
Add component (AddParameter): Name = "Manufacturer"; Value = "Murata"; VariantName = "[No Variations]"
Add component (AddParameter): Name = "Manufacturer Part Number"; Value = "BLM03AG121SN1D"; VariantName = "[No Variations]"
Add component (AddParameter): Name = "Note"; Value = "Ferrite Bead"; VariantName = "[No Variations]"
Add component (AddParameter): Name = "Pad Count"; Value = "2"; VariantName = "[No Variations]"
Add component (AddParameter): Name = "Part Number"; Value = "FB0201-120R@100M-200mA-BLM03AG121SN1D"; VariantName = "[No Variations]"
Add component (AddParameter): Name = "Part number IPS"; Value = "N.A."; VariantName = "[No Variations]"
Add component (AddParameter): Name = "Part number NEMS"; Value = "100300419"; VariantName = "[No Variations]"
Add component (AddParameter): Name = "Part number Norautron"; Value = "N.A."; VariantName = "[No Variations]"
Add component (AddParameter): Name = "PartId"; Value = "100300419"; VariantName = "[No Variations]"
Add component (AddParameter): Name = "Published"; Value = "2022-02-27"; VariantName = "[No Variations]"
Add component (AddParameter): Name = "Supplier 1"; Value = "Digi-Key"; VariantName = "[No Variations]"
Add component (AddParameter): Name = "Supplier 2"; Value = "Mouser"; VariantName = "[No Variations]"
Add component (AddParameter): Name = "Supplier Part Number 1"; Value = "490-5622-1-ND"; VariantName = "[No Variations]"
Add component (AddParameter): Name = "Supplier Part Number 2"; Value = "81-BLM03AX121SN1D"; VariantName = "[No Variations]"
Add component (AddParameter): Name = "Value"; Value = "120R/0.2A"; VariantName = "[No Variations]"
Added Component: Designator=IC1(QFN50P400X400X90-25N-D)
Add component (AddParameter): Name = "Arrow Part Number"; Value = "NPM1100-QDAA-R7"; VariantName = "[No Variations]"
Add component (AddParameter): Name = "Arrow Price/Stock"; Value = "https://www.arrow.com/en/products/npm1100-qdaa-r7/nordic-semiconductor?utm_currency=USD&region=nac"; VariantName = "[No Variations]"
Add component (AddParameter): Name = "Datasheet Link"; Value = "https://www.digikey.co.za/en/products/detail/nordic-semiconductor-asa/NPM1100-QDAA-R7/18069439?s=N4IgTCBcDaIHIAUCyBGFAGdBaAigEQEECsAlAdhAF0BfIA"; VariantName = "[No Variations]"
Add component (AddParameter): Name = "Height"; Value = "0.9mm"; VariantName = "[No Variations]"
Add component (AddParameter): Name = "Manufacturer_Name"; Value = "Nordic Semiconductor"; VariantName = "[No Variations]"
Add component (AddParameter): Name = "Manufacturer_Part_Number"; Value = "NPM1100-QDAA-R7"; VariantName = "[No Variations]"
Add component (AddParameter): Name = "Mouser Part Number"; Value = "949-NPM1100-QDAA-R7"; VariantName = "[No Variations]"
Add component (AddParameter): Name = "Mouser Price/Stock"; Value = "https://www.mouser.co.uk/ProductDetail/Nordic-Semiconductor/NPM1100-QDAA-R7?qs=amGC7iS6iy8FBZdylLqz2Q%3D%3D"; VariantName = "[No Variations]"
Added Component: Designator=IC2(QFP50P1200X1200X120-64N)
Add component (AddParameter): Name = "Arrow Part Number"; Value = "ADS1299IPAG"; VariantName = "[No Variations]"
Add component (AddParameter): Name = "Arrow Price/Stock"; Value = "https://www.arrow.com/en/products/ads1299ipag/texas-instruments?utm_currency=USD&region=nac"; VariantName = "[No Variations]"
Add component (AddParameter): Name = "Datasheet Link"; Value = "http://www.ti.com/general/docs/lit/getliterature.tsp?genericPartNumber=ADS1299&&fileType=pdf"; VariantName = "[No Variations]"
Add component (AddParameter): Name = "Height"; Value = "1.2mm"; VariantName = "[No Variations]"
Add component (AddParameter): Name = "Manufacturer_Name"; Value = "Texas Instruments"; VariantName = "[No Variations]"
Add component (AddParameter): Name = "Manufacturer_Part_Number"; Value = "ADS1299IPAG"; VariantName = "[No Variations]"
Add component (AddParameter): Name = "Mouser Part Number"; Value = "595-ADS1299IPAG"; VariantName = "[No Variations]"
Add component (AddParameter): Name = "Mouser Price/Stock"; Value = "https://www.mouser.co.uk/ProductDetail/Texas-Instruments/ADS1299IPAG?qs=g9Q%2FF7kJgMyNB%2Fl7Pgr%252B%252BA%3D%3D"; VariantName = "[No Variations]"
Added Component: Designator=IC4(SOTFL50P160X60-6N)
Add component (AddParameter): Name = "Arrow Part Number"; Value = "TPS61023DRLR"; VariantName = "[No Variations]"
Add component (AddParameter): Name = "Arrow Price/Stock"; Value = "https://www.arrow.com/en/products/tps61023drlr/texas-instruments?utm_currency=USD&region=nac"; VariantName = "[No Variations]"
Add component (AddParameter): Name = "Datasheet Link"; Value = "http://www.ti.com/lit/ds/symlink/tps61023.pdf"; VariantName = "[No Variations]"
Add component (AddParameter): Name = "Height"; Value = "0.6mm"; VariantName = "[No Variations]"
Add component (AddParameter): Name = "Manufacturer_Name"; Value = "Texas Instruments"; VariantName = "[No Variations]"
Add component (AddParameter): Name = "Manufacturer_Part_Number"; Value = "TPS61023DRLR"; VariantName = "[No Variations]"
Add component (AddParameter): Name = "Mouser Part Number"; Value = "595-TPS61023DRLR"; VariantName = "[No Variations]"
Add component (AddParameter): Name = "Mouser Price/Stock"; Value = "https://www.mouser.co.uk/ProductDetail/Texas-Instruments/TPS61023DRLR?qs=BJlw7L4Cy7%2FfEnwYuWeGOg%3D%3D"; VariantName = "[No Variations]"
Added Component: Designator=IC5(SOTFL50P160X60-6N)
Add component (AddParameter): Name = "Arrow Part Number"; Value = "TPD4E1B06DRLR"; VariantName = "[No Variations]"
Add component (AddParameter): Name = "Arrow Price/Stock"; Value = "https://www.arrow.com/en/products/tpd4e1b06drlr/texas-instruments?utm_currency=USD&region=nac"; VariantName = "[No Variations]"
Add component (AddParameter): Name = "Datasheet Link"; Value = "http://www.ti.com/lit/ds/symlink/tpd4e1b06.pdf"; VariantName = "[No Variations]"
Add component (AddParameter): Name = "Height"; Value = "0.6mm"; VariantName = "[No Variations]"
Add component (AddParameter): Name = "Manufacturer_Name"; Value = "Texas Instruments"; VariantName = "[No Variations]"
Add component (AddParameter): Name = "Manufacturer_Part_Number"; Value = "TPD4E1B06DRLR"; VariantName = "[No Variations]"
Add component (AddParameter): Name = "Mouser Part Number"; Value = "595-TPD4E1B06DRLR"; VariantName = "[No Variations]"
Add component (AddParameter): Name = "Mouser Price/Stock"; Value = "https://www.mouser.co.uk/ProductDetail/Texas-Instruments/TPD4E1B06DRLR?qs=1MXlzafEN387aRSX0e2MEQ%3D%3D"; VariantName = "[No Variations]"
Added Component: Designator=J1(10FHHSM1GANTFLFSN)
Add component (AddParameter): Name = "Arrow Part Number"; Value = ""; VariantName = "[No Variations]"
Add component (AddParameter): Name = "Arrow Price/Stock"; Value = ""; VariantName = "[No Variations]"
Add component (AddParameter): Name = "Datasheet Link"; Value = "https://www.jst.com/wp-content/uploads/2021/03/eFHH.pdf"; VariantName = "[No Variations]"
Add component (AddParameter): Name = "Height"; Value = "2mm"; VariantName = "[No Variations]"
Add component (AddParameter): Name = "Manufacturer_Name"; Value = "JST (JAPAN SOLDERLESS TERMINALS)"; VariantName = "[No Variations]"
Add component (AddParameter): Name = "Manufacturer_Part_Number"; Value = "10FHH-SM1-GAN-TF(LF)(SN)"; VariantName = "[No Variations]"
Add component (AddParameter): Name = "Mouser Part Number"; Value = ""; VariantName = "[No Variations]"
Add component (AddParameter): Name = "Mouser Price/Stock"; Value = ""; VariantName = "[No Variations]"
Added Component: Designator=J2(S2BPHSM4TBLFSN)
Add component (AddParameter): Name = "Arrow Part Number"; Value = "S2B-PH-SM4-TB(LF)(SN)"; VariantName = "[No Variations]"
Add component (AddParameter): Name = "Arrow Price/Stock"; Value = "https://www.arrow.com/en/products/s2b-ph-sm4-tb-lf-sn/jst-manufacturing?utm_currency=USD&region=europe"; VariantName = "[No Variations]"
Add component (AddParameter): Name = "Datasheet Link"; Value = "https://www.jst-mfg.com/product/pdf/eng/ePH.pdf"; VariantName = "[No Variations]"
Add component (AddParameter): Name = "Height"; Value = "6.6mm"; VariantName = "[No Variations]"
Add component (AddParameter): Name = "Manufacturer_Name"; Value = "JST (JAPAN SOLDERLESS TERMINALS)"; VariantName = "[No Variations]"
Add component (AddParameter): Name = "Manufacturer_Part_Number"; Value = "S2B-PH-SM4-TB(LF)(SN)"; VariantName = "[No Variations]"
Add component (AddParameter): Name = "Mouser Part Number"; Value = "N/A"; VariantName = "[No Variations]"
Add component (AddParameter): Name = "Mouser Price/Stock"; Value = "https://www.mouser.co.uk/ProductDetail/JST-Commercial/S2B-PH-SM4-TBLFSN?qs=QpmGXVUTftEA9IU90i0xlg%3D%3D"; VariantName = "[No Variations]"
Added Component: Designator=J3(TC2030MCP)
Add component (AddParameter): Name = "Arrow Part Number"; Value = ""; VariantName = "[No Variations]"
Add component (AddParameter): Name = "Arrow Price/Stock"; Value = ""; VariantName = "[No Variations]"
Add component (AddParameter): Name = "Datasheet Link"; Value = "https://datasheet.datasheetarchive.com/originals/distributors/Datasheets_SAMA/eee374929cd7518d6d3464b8148cd1bf.pdf"; VariantName = "[No Variations]"
Add component (AddParameter): Name = "Height"; Value = "18.669mm"; VariantName = "[No Variations]"
Add component (AddParameter): Name = "Manufacturer_Name"; Value = "Tag Connect"; VariantName = "[No Variations]"
Add component (AddParameter): Name = "Manufacturer_Part_Number"; Value = "TC2030-MCP"; VariantName = "[No Variations]"
Add component (AddParameter): Name = "Mouser Part Number"; Value = ""; VariantName = "[No Variations]"
Add component (AddParameter): Name = "Mouser Price/Stock"; Value = ""; VariantName = "[No Variations]"
Added Component: Designator=J4(MOLEX_2171790001)
Add component (AddParameter): Name = "Check_prices"; Value = "https://www.snapeda.com/parts/217179-0001/Molex/view-part/?ref=eda"; VariantName = "[No Variations]"
Add component (AddParameter): Name = "MF"; Value = "Molex"; VariantName = "[No Variations]"
Add component (AddParameter): Name = "MP"; Value = "217179-0001"; VariantName = "[No Variations]"
Add component (AddParameter): Name = "Package"; Value = "None"; VariantName = "[No Variations]"
Add component (AddParameter): Name = "SnapEDA_Link"; Value = "https://www.snapeda.com/parts/217179-0001/Molex/view-part/?ref=snap"; VariantName = "[No Variations]"
Add component (AddParameter): Name = "Value"; Value = ""; VariantName = "[No Variations]"
Added Component: Designator=L1(INDC1608X100N)
Add component (AddParameter): Name = "Arrow Part Number"; Value = "DFE18SAN1R0MG0L"; VariantName = "[No Variations]"
Add component (AddParameter): Name = "Arrow Price/Stock"; Value = "https://www.arrow.com/en/products/dfe18san1r0mg0l/murata-manufacturing?region=nac"; VariantName = "[No Variations]"
Add component (AddParameter): Name = "Datasheet Link"; Value = "https://search.murata.co.jp/Ceramy/image/img/P02/JETE243A-0036.pdf"; VariantName = "[No Variations]"
Add component (AddParameter): Name = "Height"; Value = "1mm"; VariantName = "[No Variations]"
Add component (AddParameter): Name = "Manufacturer_Name"; Value = "Murata Electronics"; VariantName = "[No Variations]"
Add component (AddParameter): Name = "Manufacturer_Part_Number"; Value = "DFE18SAN1R0MG0L"; VariantName = "[No Variations]"
Add component (AddParameter): Name = "Mouser Part Number"; Value = "81-DFE18SAN1R0MG0L"; VariantName = "[No Variations]"
Add component (AddParameter): Name = "Mouser Price/Stock"; Value = "https://www.mouser.co.uk/ProductDetail/Murata-Electronics/DFE18SAN1R0MG0L?qs=EU6FO9ffTwdBzqsLsYlEDA%3D%3D"; VariantName = "[No Variations]"
Added Component: Designator=L2(MBKK1608T1R0M)
Add component (AddParameter): Name = "Arrow Part Number"; Value = "MBKK1608T2R2M"; VariantName = "[No Variations]"
Add component (AddParameter): Name = "Arrow Price/Stock"; Value = "https://www.arrow.com/en/products/mbkk1608t2r2m/taiyo-yuden?region=nac"; VariantName = "[No Variations]"
Add component (AddParameter): Name = "Datasheet Link"; Value = "https://ds.yuden.co.jp/TYCOMPAS/ut/detail?pn=MBKK1608T2R2M%20%20&u=M"; VariantName = "[No Variations]"
Add component (AddParameter): Name = "Height"; Value = "1mm"; VariantName = "[No Variations]"
Add component (AddParameter): Name = "Manufacturer_Name"; Value = "TAIYO YUDEN"; VariantName = "[No Variations]"
Add component (AddParameter): Name = "Manufacturer_Part_Number"; Value = "MBKK1608T2R2M"; VariantName = "[No Variations]"
Add component (AddParameter): Name = "Mouser Part Number"; Value = "963-MBKK1608T2R2M"; VariantName = "[No Variations]"
Add component (AddParameter): Name = "Mouser Price/Stock"; Value = "https://www.mouser.co.uk/ProductDetail/TAIYO-YUDEN/MBKK1608T2R2M?qs=DdDyqbI1VsjL85dwAH0aww%3D%3D"; VariantName = "[No Variations]"
Added Component: Designator=L4(MLZ1608M4R7WT000)
Add component (AddParameter): Name = "Artikkelnr Noca"; Value = "N.A."; VariantName = "[No Variations]"
Add component (AddParameter): Name = "Assembly"; Value = ""; VariantName = "[No Variations]"
Add component (AddParameter): Name = "Author"; Value = "stl1"; VariantName = "[No Variations]"
Add component (AddParameter): Name = "Component Class"; Value = "Inductors"; VariantName = "[No Variations]"
Add component (AddParameter): Name = "Component Status"; Value = "Active"; VariantName = "[No Variations]"
Add component (AddParameter): Name = "ComponentLink1Description"; Value = "Datasheet"; VariantName = "[No Variations]"
Add component (AddParameter): Name = "ComponentLink1URL"; Value = "https://product.tdk.com/en/search/inductor/inductor/smd/info?part_no=MLZ1608M4R7WT000"; VariantName = "[No Variations]"
Add component (AddParameter): Name = "ComponentLink2Description"; Value = "Supplier link"; VariantName = "[No Variations]"
Add component (AddParameter): Name = "ComponentLink2URL"; Value = "N.A."; VariantName = "[No Variations]"
Add component (AddParameter): Name = "HelpURL"; Value = "N.A."; VariantName = "[No Variations]"
Add component (AddParameter): Name = "LatestRevisionDate"; Value = "2023-05-10"; VariantName = "[No Variations]"
Add component (AddParameter): Name = "Manufacturer"; Value = "TDK Corporation"; VariantName = "[No Variations]"
Add component (AddParameter): Name = "Manufacturer Part Number"; Value = "MLZ1608M4R7WT000"; VariantName = "[No Variations]"
Add component (AddParameter): Name = "Note"; Value = "Power Inductor ±20%"; VariantName = "[No Variations]"
Add component (AddParameter): Name = "Pad Count"; Value = "2"; VariantName = "[No Variations]"
Add component (AddParameter): Name = "Part Number"; Value = "L0603-4µ7-MLZ1608M4R7WT000"; VariantName = "[No Variations]"
Add component (AddParameter): Name = "Part number IPS"; Value = "N.A."; VariantName = "[No Variations]"
Add component (AddParameter): Name = "Part number NEMS"; Value = "100300440"; VariantName = "[No Variations]"
Add component (AddParameter): Name = "Part number Norautron"; Value = "N.A."; VariantName = "[No Variations]"
Add component (AddParameter): Name = "PartId"; Value = "100300440"; VariantName = "[No Variations]"
Add component (AddParameter): Name = "Published"; Value = "2023-05-10"; VariantName = "[No Variations]"
Add component (AddParameter): Name = "Supplier 1"; Value = "Digi-Key"; VariantName = "[No Variations]"
Add component (AddParameter): Name = "Supplier 2"; Value = "Mouser"; VariantName = "[No Variations]"
Add component (AddParameter): Name = "Supplier Part Number 1"; Value = "445-6390-2-ND"; VariantName = "[No Variations]"
Add component (AddParameter): Name = "Supplier Part Number 2"; Value = "810-MLZ1608M4R7WT000"; VariantName = "[No Variations]"
Add component (AddParameter): Name = "Value"; Value = "4.7µH"; VariantName = "[No Variations]"
Add Component: Footprint Not Found INDC0603X03L_C
Add Component: Footprint Not Found INDC0603X03L_C
Add Component: Footprint Not Found INDC0603X03L_C
Added Component: Designator=R1(RESC0603X26N)
Add component (AddParameter): Name = "Arrow Part Number"; Value = "RC0201FR-0773K2L"; VariantName = "[No Variations]"
Add component (AddParameter): Name = "Arrow Price/Stock"; Value = "https://www.arrow.com/en/products/rc0201fr-0773k2l/yageo?region=nac"; VariantName = "[No Variations]"
Add component (AddParameter): Name = "Datasheet Link"; Value = "http://www.yageo.com/documents/recent/PYu-RC0201_51_RoHS_L_8.pdf"; VariantName = "[No Variations]"
Add component (AddParameter): Name = "Height"; Value = "0.26mm"; VariantName = "[No Variations]"
Add component (AddParameter): Name = "Manufacturer_Name"; Value = "Yageo Group"; VariantName = "[No Variations]"
Add component (AddParameter): Name = "Manufacturer_Part_Number"; Value = "RC0201FR-0773K2L"; VariantName = "[No Variations]"
Add component (AddParameter): Name = "Mouser Part Number"; Value = ""; VariantName = "[No Variations]"
Add component (AddParameter): Name = "Mouser Price/Stock"; Value = ""; VariantName = "[No Variations]"
Added Component: Designator=R2(ERA1A_(0201))
Add component (AddParameter): Name = "Arrow Part Number"; Value = ""; VariantName = "[No Variations]"
Add component (AddParameter): Name = "Arrow Price/Stock"; Value = ""; VariantName = "[No Variations]"
Add component (AddParameter): Name = "Datasheet Link"; Value = "http://industrial.panasonic.com/cdbs/www-data/pdf/RDM0000/AOA0000C307.pdf"; VariantName = "[No Variations]"
Add component (AddParameter): Name = "Height"; Value = "0.26mm"; VariantName = "[No Variations]"
Add component (AddParameter): Name = "Manufacturer_Name"; Value = "Panasonic"; VariantName = "[No Variations]"
Add component (AddParameter): Name = "Manufacturer_Part_Number"; Value = "ERA1AEB103C"; VariantName = "[No Variations]"
Add component (AddParameter): Name = "Mouser Part Number"; Value = ""; VariantName = "[No Variations]"
Add component (AddParameter): Name = "Mouser Price/Stock"; Value = ""; VariantName = "[No Variations]"
Added Component: Designator=R3(RESC0603X26N)
Add component (AddParameter): Name = "Arrow Part Number"; Value = ""; VariantName = "[No Variations]"
Add component (AddParameter): Name = "Arrow Price/Stock"; Value = ""; VariantName = "[No Variations]"
Add component (AddParameter): Name = "Datasheet Link"; Value = "http://www.yageo.com/documents/recent/PYu-RC0201_51_RoHS_L_8.pdf"; VariantName = "[No Variations]"
Add component (AddParameter): Name = "Height"; Value = "0.26mm"; VariantName = "[No Variations]"
Add component (AddParameter): Name = "Manufacturer_Name"; Value = "Yageo Group"; VariantName = "[No Variations]"
Add component (AddParameter): Name = "Manufacturer_Part_Number"; Value = "RC0201JR-075K1L"; VariantName = "[No Variations]"
Add component (AddParameter): Name = "Mouser Part Number"; Value = "603-RC0201JR-075K1L"; VariantName = "[No Variations]"
Add component (AddParameter): Name = "Mouser Price/Stock"; Value = "https://www.mouser.com/Search/Refine.aspx?Keyword=603-RC0201JR-075K1L"; VariantName = "[No Variations]"
Added Component: Designator=R4(RESC0603X26N)
Add component (AddParameter): Name = "Arrow Part Number"; Value = ""; VariantName = "[No Variations]"
Add component (AddParameter): Name = "Arrow Price/Stock"; Value = ""; VariantName = "[No Variations]"
Add component (AddParameter): Name = "Datasheet Link"; Value = "http://www.yageo.com/documents/recent/PYu-RC0201_51_RoHS_L_8.pdf"; VariantName = "[No Variations]"
Add component (AddParameter): Name = "Height"; Value = "0.26mm"; VariantName = "[No Variations]"
Add component (AddParameter): Name = "Manufacturer_Name"; Value = "Yageo Group"; VariantName = "[No Variations]"
Add component (AddParameter): Name = "Manufacturer_Part_Number"; Value = "RC0201JR-075K1L"; VariantName = "[No Variations]"
Add component (AddParameter): Name = "Mouser Part Number"; Value = "603-RC0201JR-075K1L"; VariantName = "[No Variations]"
Add component (AddParameter): Name = "Mouser Price/Stock"; Value = "https://www.mouser.com/Search/Refine.aspx?Keyword=603-RC0201JR-075K1L"; VariantName = "[No Variations]"
Added Component: Designator=R5(ERA1A_(0201))
Add component (AddParameter): Name = "Arrow Part Number"; Value = ""; VariantName = "[No Variations]"
Add component (AddParameter): Name = "Arrow Price/Stock"; Value = ""; VariantName = "[No Variations]"
Add component (AddParameter): Name = "Datasheet Link"; Value = "http://industrial.panasonic.com/cdbs/www-data/pdf/RDM0000/AOA0000C307.pdf"; VariantName = "[No Variations]"
Add component (AddParameter): Name = "Height"; Value = "0.26mm"; VariantName = "[No Variations]"
Add component (AddParameter): Name = "Manufacturer_Name"; Value = "Panasonic"; VariantName = "[No Variations]"
Add component (AddParameter): Name = "Manufacturer_Part_Number"; Value = "ERA1AEB103C"; VariantName = "[No Variations]"
Add component (AddParameter): Name = "Mouser Part Number"; Value = ""; VariantName = "[No Variations]"
Add component (AddParameter): Name = "Mouser Price/Stock"; Value = ""; VariantName = "[No Variations]"
Added Component: Designator=R6(RESC0603X26N)
Add component (AddParameter): Name = "Arrow Part Number"; Value = "RC0201FR-071K8L"; VariantName = "[No Variations]"
Add component (AddParameter): Name = "Arrow Price/Stock"; Value = "https://www.arrow.com/en/products/rc0201fr-071k8l/yageo?region=nac"; VariantName = "[No Variations]"
Add component (AddParameter): Name = "Datasheet Link"; Value = "http://www.yageo.com/documents/recent/PYu-RC0201_51_RoHS_L_8.pdf"; VariantName = "[No Variations]"
Add component (AddParameter): Name = "Height"; Value = "0.26mm"; VariantName = "[No Variations]"
Add component (AddParameter): Name = "Manufacturer_Name"; Value = "Yageo Group"; VariantName = "[No Variations]"
Add component (AddParameter): Name = "Manufacturer_Part_Number"; Value = "RC0201FR-071K8L"; VariantName = "[No Variations]"
Add component (AddParameter): Name = "Mouser Part Number"; Value = "603-RC0201FR-071K8L"; VariantName = "[No Variations]"
Add component (AddParameter): Name = "Mouser Price/Stock"; Value = "https://www.mouser.com/Search/Refine.aspx?Keyword=603-RC0201FR-071K8L"; VariantName = "[No Variations]"
Added Component: Designator=R7(ERA1A_(0201))
Add component (AddParameter): Name = "Arrow Part Number"; Value = ""; VariantName = "[No Variations]"
Add component (AddParameter): Name = "Arrow Price/Stock"; Value = ""; VariantName = "[No Variations]"
Add component (AddParameter): Name = "Datasheet Link"; Value = "http://industrial.panasonic.com/cdbs/www-data/pdf/RDM0000/AOA0000C307.pdf"; VariantName = "[No Variations]"
Add component (AddParameter): Name = "Height"; Value = "0.26mm"; VariantName = "[No Variations]"
Add component (AddParameter): Name = "Manufacturer_Name"; Value = "Panasonic"; VariantName = "[No Variations]"
Add component (AddParameter): Name = "Manufacturer_Part_Number"; Value = "ERA1AEB103C"; VariantName = "[No Variations]"
Add component (AddParameter): Name = "Mouser Part Number"; Value = ""; VariantName = "[No Variations]"
Add component (AddParameter): Name = "Mouser Price/Stock"; Value = ""; VariantName = "[No Variations]"
Added Component: Designator=R8(ERA1A_(0201))
Add component (AddParameter): Name = "Arrow Part Number"; Value = "ERA-1AEB101C"; VariantName = "[No Variations]"
Add component (AddParameter): Name = "Arrow Price/Stock"; Value = "https://www.arrow.com/en/products/era-1aeb101c/panasonic?region=nac"; VariantName = "[No Variations]"
Add component (AddParameter): Name = "Datasheet Link"; Value = "http://industrial.panasonic.com/cdbs/www-data/pdf/RDM0000/AOA0000C307.pdf"; VariantName = "[No Variations]"
Add component (AddParameter): Name = "Height"; Value = "0.26mm"; VariantName = "[No Variations]"
Add component (AddParameter): Name = "Manufacturer_Name"; Value = "Panasonic"; VariantName = "[No Variations]"
Add component (AddParameter): Name = "Manufacturer_Part_Number"; Value = "ERA-1AEB101C"; VariantName = "[No Variations]"
Add component (AddParameter): Name = "Mouser Part Number"; Value = "667-ERA-1AEB101C"; VariantName = "[No Variations]"
Add component (AddParameter): Name = "Mouser Price/Stock"; Value = "https://www.mouser.co.uk/ProductDetail/Panasonic/ERA-1AEB101C?qs=6%252Bc%252B2ke79U4NC8Nf%252Bq1i6A%3D%3D"; VariantName = "[No Variations]"
Added Component: Designator=R9(ERA1A_(0201))
Add component (AddParameter): Name = "Arrow Part Number"; Value = ""; VariantName = "[No Variations]"
Add component (AddParameter): Name = "Arrow Price/Stock"; Value = ""; VariantName = "[No Variations]"
Add component (AddParameter): Name = "Datasheet Link"; Value = "http://industrial.panasonic.com/cdbs/www-data/pdf/RDM0000/AOA0000C307.pdf"; VariantName = "[No Variations]"
Add component (AddParameter): Name = "Height"; Value = "0.26mm"; VariantName = "[No Variations]"
Add component (AddParameter): Name = "Manufacturer_Name"; Value = "Panasonic"; VariantName = "[No Variations]"
Add component (AddParameter): Name = "Manufacturer_Part_Number"; Value = "ERA1AEB103C"; VariantName = "[No Variations]"
Add component (AddParameter): Name = "Mouser Part Number"; Value = ""; VariantName = "[No Variations]"
Add component (AddParameter): Name = "Mouser Price/Stock"; Value = ""; VariantName = "[No Variations]"
Added Component: Designator=R10(ERA1A_(0201))
Add component (AddParameter): Name = "Arrow Part Number"; Value = ""; VariantName = "[No Variations]"
Add component (AddParameter): Name = "Arrow Price/Stock"; Value = ""; VariantName = "[No Variations]"
Add component (AddParameter): Name = "Datasheet Link"; Value = "http://industrial.panasonic.com/cdbs/www-data/pdf/RDM0000/AOA0000C307.pdf"; VariantName = "[No Variations]"
Add component (AddParameter): Name = "Height"; Value = "0.26mm"; VariantName = "[No Variations]"
Add component (AddParameter): Name = "Manufacturer_Name"; Value = "Panasonic"; VariantName = "[No Variations]"
Add component (AddParameter): Name = "Manufacturer_Part_Number"; Value = "ERA1AEB103C"; VariantName = "[No Variations]"
Add component (AddParameter): Name = "Mouser Part Number"; Value = ""; VariantName = "[No Variations]"
Add component (AddParameter): Name = "Mouser Price/Stock"; Value = ""; VariantName = "[No Variations]"
Added Component: Designator=R11(ERA1A_(0201))
Add component (AddParameter): Name = "Arrow Part Number"; Value = ""; VariantName = "[No Variations]"
Add component (AddParameter): Name = "Arrow Price/Stock"; Value = ""; VariantName = "[No Variations]"
Add component (AddParameter): Name = "Datasheet Link"; Value = "http://industrial.panasonic.com/cdbs/www-data/pdf/RDM0000/AOA0000C307.pdf"; VariantName = "[No Variations]"
Add component (AddParameter): Name = "Height"; Value = "0.26mm"; VariantName = "[No Variations]"
Add component (AddParameter): Name = "Manufacturer_Name"; Value = "Panasonic"; VariantName = "[No Variations]"
Add component (AddParameter): Name = "Manufacturer_Part_Number"; Value = "ERA1AEB103C"; VariantName = "[No Variations]"
Add component (AddParameter): Name = "Mouser Part Number"; Value = ""; VariantName = "[No Variations]"
Add component (AddParameter): Name = "Mouser Price/Stock"; Value = ""; VariantName = "[No Variations]"
Added Component: Designator=R12(ERA1A_(0201))
Add component (AddParameter): Name = "Arrow Part Number"; Value = ""; VariantName = "[No Variations]"
Add component (AddParameter): Name = "Arrow Price/Stock"; Value = ""; VariantName = "[No Variations]"
Add component (AddParameter): Name = "Datasheet Link"; Value = "http://industrial.panasonic.com/cdbs/www-data/pdf/RDM0000/AOA0000C307.pdf"; VariantName = "[No Variations]"
Add component (AddParameter): Name = "Height"; Value = "0.26mm"; VariantName = "[No Variations]"
Add component (AddParameter): Name = "Manufacturer_Name"; Value = "Panasonic"; VariantName = "[No Variations]"
Add component (AddParameter): Name = "Manufacturer_Part_Number"; Value = "ERA1AEB103C"; VariantName = "[No Variations]"
Add component (AddParameter): Name = "Mouser Part Number"; Value = ""; VariantName = "[No Variations]"
Add component (AddParameter): Name = "Mouser Price/Stock"; Value = ""; VariantName = "[No Variations]"
Added Component: Designator=R13(ERA1A_(0201))
Add component (AddParameter): Name = "Arrow Part Number"; Value = ""; VariantName = "[No Variations]"
Add component (AddParameter): Name = "Arrow Price/Stock"; Value = ""; VariantName = "[No Variations]"
Add component (AddParameter): Name = "Datasheet Link"; Value = "http://industrial.panasonic.com/cdbs/www-data/pdf/RDM0000/AOA0000C307.pdf"; VariantName = "[No Variations]"
Add component (AddParameter): Name = "Height"; Value = "0.26mm"; VariantName = "[No Variations]"
Add component (AddParameter): Name = "Manufacturer_Name"; Value = "Panasonic"; VariantName = "[No Variations]"
Add component (AddParameter): Name = "Manufacturer_Part_Number"; Value = "ERA1AEB103C"; VariantName = "[No Variations]"
Add component (AddParameter): Name = "Mouser Part Number"; Value = ""; VariantName = "[No Variations]"
Add component (AddParameter): Name = "Mouser Price/Stock"; Value = ""; VariantName = "[No Variations]"
Added Component: Designator=R14(ERA1A_(0201))
Add component (AddParameter): Name = "Arrow Part Number"; Value = ""; VariantName = "[No Variations]"
Add component (AddParameter): Name = "Arrow Price/Stock"; Value = ""; VariantName = "[No Variations]"
Add component (AddParameter): Name = "Datasheet Link"; Value = "http://industrial.panasonic.com/cdbs/www-data/pdf/RDM0000/AOA0000C307.pdf"; VariantName = "[No Variations]"
Add component (AddParameter): Name = "Height"; Value = "0.26mm"; VariantName = "[No Variations]"
Add component (AddParameter): Name = "Manufacturer_Name"; Value = "Panasonic"; VariantName = "[No Variations]"
Add component (AddParameter): Name = "Manufacturer_Part_Number"; Value = "ERA1AEB103C"; VariantName = "[No Variations]"
Add component (AddParameter): Name = "Mouser Part Number"; Value = ""; VariantName = "[No Variations]"
Add component (AddParameter): Name = "Mouser Price/Stock"; Value = ""; VariantName = "[No Variations]"
Added Component: Designator=R15(ERA1A_(0201))
Add component (AddParameter): Name = "Arrow Part Number"; Value = ""; VariantName = "[No Variations]"
Add component (AddParameter): Name = "Arrow Price/Stock"; Value = ""; VariantName = "[No Variations]"
Add component (AddParameter): Name = "Datasheet Link"; Value = "http://industrial.panasonic.com/cdbs/www-data/pdf/RDM0000/AOA0000C307.pdf"; VariantName = "[No Variations]"
Add component (AddParameter): Name = "Height"; Value = "0.26mm"; VariantName = "[No Variations]"
Add component (AddParameter): Name = "Manufacturer_Name"; Value = "Panasonic"; VariantName = "[No Variations]"
Add component (AddParameter): Name = "Manufacturer_Part_Number"; Value = "ERA1AEB103C"; VariantName = "[No Variations]"
Add component (AddParameter): Name = "Mouser Part Number"; Value = ""; VariantName = "[No Variations]"
Add component (AddParameter): Name = "Mouser Price/Stock"; Value = ""; VariantName = "[No Variations]"
Added Component: Designator=R16(ERA1A_(0201))
Add component (AddParameter): Name = "Arrow Part Number"; Value = ""; VariantName = "[No Variations]"
Add component (AddParameter): Name = "Arrow Price/Stock"; Value = ""; VariantName = "[No Variations]"
Add component (AddParameter): Name = "Datasheet Link"; Value = "http://industrial.panasonic.com/cdbs/www-data/pdf/RDM0000/AOA0000C307.pdf"; VariantName = "[No Variations]"
Add component (AddParameter): Name = "Height"; Value = "0.26mm"; VariantName = "[No Variations]"
Add component (AddParameter): Name = "Manufacturer_Name"; Value = "Panasonic"; VariantName = "[No Variations]"
Add component (AddParameter): Name = "Manufacturer_Part_Number"; Value = "ERA1AEB103C"; VariantName = "[No Variations]"
Add component (AddParameter): Name = "Mouser Part Number"; Value = ""; VariantName = "[No Variations]"
Add component (AddParameter): Name = "Mouser Price/Stock"; Value = ""; VariantName = "[No Variations]"
Added Component: Designator=R17(ERA1A_(0201))
Add component (AddParameter): Name = "Arrow Part Number"; Value = ""; VariantName = "[No Variations]"
Add component (AddParameter): Name = "Arrow Price/Stock"; Value = ""; VariantName = "[No Variations]"
Add component (AddParameter): Name = "Datasheet Link"; Value = "http://industrial.panasonic.com/cdbs/www-data/pdf/RDM0000/AOA0000C307.pdf"; VariantName = "[No Variations]"
Add component (AddParameter): Name = "Height"; Value = "0.26mm"; VariantName = "[No Variations]"
Add component (AddParameter): Name = "Manufacturer_Name"; Value = "Panasonic"; VariantName = "[No Variations]"
Add component (AddParameter): Name = "Manufacturer_Part_Number"; Value = "ERA1AEB103C"; VariantName = "[No Variations]"
Add component (AddParameter): Name = "Mouser Part Number"; Value = ""; VariantName = "[No Variations]"
Add component (AddParameter): Name = "Mouser Price/Stock"; Value = ""; VariantName = "[No Variations]"
Added Component: Designator=R18(ERA1A_(0201))
Add component (AddParameter): Name = "Arrow Part Number"; Value = ""; VariantName = "[No Variations]"
Add component (AddParameter): Name = "Arrow Price/Stock"; Value = ""; VariantName = "[No Variations]"
Add component (AddParameter): Name = "Datasheet Link"; Value = "http://industrial.panasonic.com/cdbs/www-data/pdf/RDM0000/AOA0000C307.pdf"; VariantName = "[No Variations]"
Add component (AddParameter): Name = "Height"; Value = "0.26mm"; VariantName = "[No Variations]"
Add component (AddParameter): Name = "Manufacturer_Name"; Value = "Panasonic"; VariantName = "[No Variations]"
Add component (AddParameter): Name = "Manufacturer_Part_Number"; Value = "ERA1AEB103C"; VariantName = "[No Variations]"
Add component (AddParameter): Name = "Mouser Part Number"; Value = ""; VariantName = "[No Variations]"
Add component (AddParameter): Name = "Mouser Price/Stock"; Value = ""; VariantName = "[No Variations]"
Added Component: Designator=R19(ERA1A_(0201))
Add component (AddParameter): Name = "Arrow Part Number"; Value = ""; VariantName = "[No Variations]"
Add component (AddParameter): Name = "Arrow Price/Stock"; Value = ""; VariantName = "[No Variations]"
Add component (AddParameter): Name = "Datasheet Link"; Value = "http://industrial.panasonic.com/cdbs/www-data/pdf/RDM0000/AOA0000C307.pdf"; VariantName = "[No Variations]"
Add component (AddParameter): Name = "Height"; Value = "0.26mm"; VariantName = "[No Variations]"
Add component (AddParameter): Name = "Manufacturer_Name"; Value = "Panasonic"; VariantName = "[No Variations]"
Add component (AddParameter): Name = "Manufacturer_Part_Number"; Value = "ERA1AEB103C"; VariantName = "[No Variations]"
Add component (AddParameter): Name = "Mouser Part Number"; Value = ""; VariantName = "[No Variations]"
Add component (AddParameter): Name = "Mouser Price/Stock"; Value = ""; VariantName = "[No Variations]"
Added Component: Designator=R20(ERA1A_(0201))
Add component (AddParameter): Name = "Arrow Part Number"; Value = ""; VariantName = "[No Variations]"
Add component (AddParameter): Name = "Arrow Price/Stock"; Value = ""; VariantName = "[No Variations]"
Add component (AddParameter): Name = "Datasheet Link"; Value = "http://industrial.panasonic.com/cdbs/www-data/pdf/RDM0000/AOA0000C307.pdf"; VariantName = "[No Variations]"
Add component (AddParameter): Name = "Height"; Value = "0.26mm"; VariantName = "[No Variations]"
Add component (AddParameter): Name = "Manufacturer_Name"; Value = "Panasonic"; VariantName = "[No Variations]"
Add component (AddParameter): Name = "Manufacturer_Part_Number"; Value = "ERA1AEB103C"; VariantName = "[No Variations]"
Add component (AddParameter): Name = "Mouser Part Number"; Value = ""; VariantName = "[No Variations]"
Add component (AddParameter): Name = "Mouser Price/Stock"; Value = ""; VariantName = "[No Variations]"
Added Component: Designator=R21(ERA1A_(0201))
Add component (AddParameter): Name = "Arrow Part Number"; Value = ""; VariantName = "[No Variations]"
Add component (AddParameter): Name = "Arrow Price/Stock"; Value = ""; VariantName = "[No Variations]"
Add component (AddParameter): Name = "Datasheet Link"; Value = "http://industrial.panasonic.com/cdbs/www-data/pdf/RDM0000/AOA0000C307.pdf"; VariantName = "[No Variations]"
Add component (AddParameter): Name = "Height"; Value = "0.26mm"; VariantName = "[No Variations]"
Add component (AddParameter): Name = "Manufacturer_Name"; Value = "Panasonic"; VariantName = "[No Variations]"
Add component (AddParameter): Name = "Manufacturer_Part_Number"; Value = "ERA1AEB103C"; VariantName = "[No Variations]"
Add component (AddParameter): Name = "Mouser Part Number"; Value = ""; VariantName = "[No Variations]"
Add component (AddParameter): Name = "Mouser Price/Stock"; Value = ""; VariantName = "[No Variations]"
Added Component: Designator=R22(ERA1A_(0201))
Add component (AddParameter): Name = "Arrow Part Number"; Value = ""; VariantName = "[No Variations]"
Add component (AddParameter): Name = "Arrow Price/Stock"; Value = ""; VariantName = "[No Variations]"
Add component (AddParameter): Name = "Datasheet Link"; Value = "http://industrial.panasonic.com/cdbs/www-data/pdf/RDM0000/AOA0000C307.pdf"; VariantName = "[No Variations]"
Add component (AddParameter): Name = "Height"; Value = "0.26mm"; VariantName = "[No Variations]"
Add component (AddParameter): Name = "Manufacturer_Name"; Value = "Panasonic"; VariantName = "[No Variations]"
Add component (AddParameter): Name = "Manufacturer_Part_Number"; Value = "ERA1AEB103C"; VariantName = "[No Variations]"
Add component (AddParameter): Name = "Mouser Part Number"; Value = ""; VariantName = "[No Variations]"
Add component (AddParameter): Name = "Mouser Price/Stock"; Value = ""; VariantName = "[No Variations]"
Added Component: Designator=R23(ERA1A_(0201))
Add component (AddParameter): Name = "Arrow Part Number"; Value = ""; VariantName = "[No Variations]"
Add component (AddParameter): Name = "Arrow Price/Stock"; Value = ""; VariantName = "[No Variations]"
Add component (AddParameter): Name = "Datasheet Link"; Value = "http://industrial.panasonic.com/cdbs/www-data/pdf/RDM0000/AOA0000C307.pdf"; VariantName = "[No Variations]"
Add component (AddParameter): Name = "Height"; Value = "0.26mm"; VariantName = "[No Variations]"
Add component (AddParameter): Name = "Manufacturer_Name"; Value = "Panasonic"; VariantName = "[No Variations]"
Add component (AddParameter): Name = "Manufacturer_Part_Number"; Value = "ERA1AEB103C"; VariantName = "[No Variations]"
Add component (AddParameter): Name = "Mouser Part Number"; Value = ""; VariantName = "[No Variations]"
Add component (AddParameter): Name = "Mouser Price/Stock"; Value = ""; VariantName = "[No Variations]"
Added Component: Designator=R24(ERA1A_(0201))
Add component (AddParameter): Name = "Arrow Part Number"; Value = ""; VariantName = "[No Variations]"
Add component (AddParameter): Name = "Arrow Price/Stock"; Value = ""; VariantName = "[No Variations]"
Add component (AddParameter): Name = "Datasheet Link"; Value = "http://industrial.panasonic.com/cdbs/www-data/pdf/RDM0000/AOA0000C307.pdf"; VariantName = "[No Variations]"
Add component (AddParameter): Name = "Height"; Value = "0.26mm"; VariantName = "[No Variations]"
Add component (AddParameter): Name = "Manufacturer_Name"; Value = "Panasonic"; VariantName = "[No Variations]"
Add component (AddParameter): Name = "Manufacturer_Part_Number"; Value = "ERA1AEB103C"; VariantName = "[No Variations]"
Add component (AddParameter): Name = "Mouser Part Number"; Value = ""; VariantName = "[No Variations]"
Add component (AddParameter): Name = "Mouser Price/Stock"; Value = ""; VariantName = "[No Variations]"
Added Component: Designator=R25(0201_GENERIC_RES)
Add component (AddParameter): Name = "Artikkelnr Noca"; Value = "N.A."; VariantName = "[No Variations]"
Add component (AddParameter): Name = "Assembly"; Value = ""; VariantName = "[No Variations]"
Add component (AddParameter): Name = "Author"; Value = "rsk"; VariantName = "[No Variations]"
Add component (AddParameter): Name = "Component Class"; Value = "Resistors"; VariantName = "[No Variations]"
Add component (AddParameter): Name = "Component Status"; Value = "Active"; VariantName = "[No Variations]"
Add component (AddParameter): Name = "ComponentLink1Description"; Value = "Datasheet"; VariantName = "[No Variations]"
Add component (AddParameter): Name = "ComponentLink1URL"; Value = "N.A."; VariantName = "[No Variations]"
Add component (AddParameter): Name = "ComponentLink2Description"; Value = "Supplier link"; VariantName = "[No Variations]"
Add component (AddParameter): Name = "ComponentLink2URL"; Value = "N.A."; VariantName = "[No Variations]"
Add component (AddParameter): Name = "HelpURL"; Value = "N.A."; VariantName = "[No Variations]"
Add component (AddParameter): Name = "LatestRevisionDate"; Value = "2014-11-13"; VariantName = "[No Variations]"
Add component (AddParameter): Name = "Manufacturer"; Value = "N.A."; VariantName = "[No Variations]"
Add component (AddParameter): Name = "Manufacturer Part Number"; Value = "N.A."; VariantName = "[No Variations]"
Add component (AddParameter): Name = "Note"; Value = "Chip Res 1%"; VariantName = "[No Variations]"
Add component (AddParameter): Name = "Pad Count"; Value = "2"; VariantName = "[No Variations]"
Add component (AddParameter): Name = "Part Number"; Value = "R0201-1k0"; VariantName = "[No Variations]"
Add component (AddParameter): Name = "Part number IPS"; Value = "00000005786"; VariantName = "[No Variations]"
Add component (AddParameter): Name = "Part number NEMS"; Value = "100100043"; VariantName = "[No Variations]"
Add component (AddParameter): Name = "Part number Norautron"; Value = "N.A."; VariantName = "[No Variations]"
Add component (AddParameter): Name = "PartId"; Value = "100100043"; VariantName = "[No Variations]"
Add component (AddParameter): Name = "Published"; Value = "2014-11-13"; VariantName = "[No Variations]"
Add component (AddParameter): Name = "Supplier 1"; Value = "N.A."; VariantName = "[No Variations]"
Add component (AddParameter): Name = "Supplier 2"; Value = "N.A."; VariantName = "[No Variations]"
Add component (AddParameter): Name = "Supplier Part Number 1"; Value = "N.A."; VariantName = "[No Variations]"
Add component (AddParameter): Name = "Supplier Part Number 2"; Value = "N.A."; VariantName = "[No Variations]"
Add component (AddParameter): Name = "Value"; Value = "1k"; VariantName = "[No Variations]"
Added Component: Designator=S1(SSAJ120100)
Add component (AddParameter): Name = "Arrow Part Number"; Value = ""; VariantName = "[No Variations]"
Add component (AddParameter): Name = "Arrow Price/Stock"; Value = ""; VariantName = "[No Variations]"
Add component (AddParameter): Name = "Datasheet Link"; Value = "https://tech.alpsalpine.com/e/products/detail/SSAJ120100/#ancFig2"; VariantName = "[No Variations]"
Add component (AddParameter): Name = "Height"; Value = "0.9mm"; VariantName = "[No Variations]"
Add component (AddParameter): Name = "Manufacturer_Name"; Value = "ALPS Electric"; VariantName = "[No Variations]"
Add component (AddParameter): Name = "Manufacturer_Part_Number"; Value = "SSAJ120100"; VariantName = "[No Variations]"
Add component (AddParameter): Name = "Mouser Part Number"; Value = "688-SSAJ120100"; VariantName = "[No Variations]"
Add component (AddParameter): Name = "Mouser Price/Stock"; Value = "https://www.mouser.co.uk/ProductDetail/Alps-Alpine/SSAJ120100?qs=35GPJvxY%252Bl5mRNwFoBrl2g%3D%3D"; VariantName = "[No Variations]"
Added Component: Designator=U1(FP-LGA12-DM00170568-MFG)
Add component (AddParameter): Name = "Accel Range"; Value = "2/4/8/16g"; VariantName = "[No Variations]"
Add component (AddParameter): Name = "Accel Resolution"; Value = "14bits"; VariantName = "[No Variations]"
Add component (AddParameter): Name = "Automotive"; Value = "No"; VariantName = "[No Variations]"
Add component (AddParameter): Name = "Category"; Value = "IC"; VariantName = "[No Variations]"
Add component (AddParameter): Name = "ComponentLink2Description"; Value = "Datasheet"; VariantName = "[No Variations]"
Add component (AddParameter): Name = "ComponentLink2URL"; Value = "https://www.st.com/resource/en/datasheet/lis2dw12.pdf"; VariantName = "[No Variations]"
Add component (AddParameter): Name = "Device Class L1"; Value = "Sensors"; VariantName = "[No Variations]"
Add component (AddParameter): Name = "Device Class L2"; Value = "Motion Sensors"; VariantName = "[No Variations]"
Add component (AddParameter): Name = "Device Class L3"; Value = "Accelerometers"; VariantName = "[No Variations]"
Add component (AddParameter): Name = "Digikey Description"; Value = "ACCEL 2-16G I2C/SPI 12LGA"; VariantName = "[No Variations]"
Add component (AddParameter): Name = "Footprint Url"; Value = "https://www.st.com/content/ccc/resource/technical/document/technical_note/73/17/9c/16/dd/96/4a/01/CD00134799.pdf/files/CD00134799.pdf/jcr:content/translations/en.CD00134799.pdf"; VariantName = "[No Variations]"
Add component (AddParameter): Name = "Height"; Value = "0.7mm"; VariantName = "[No Variations]"
Add component (AddParameter): Name = "Lead Free"; Value = "Yes"; VariantName = "[No Variations]"
Add component (AddParameter): Name = "Manufacturer"; Value = "STMicroelectronics"; VariantName = "[No Variations]"
Add component (AddParameter): Name = "Manufacturer Part Number"; Value = "LIS2DW12TR"; VariantName = "[No Variations]"
Add component (AddParameter): Name = "Max Supply Voltage"; Value = "3.6V"; VariantName = "[No Variations]"
Add component (AddParameter): Name = "Min Supply Voltage"; Value = "1.62V"; VariantName = "[No Variations]"
Add component (AddParameter): Name = "Mouser Description"; Value = "Accelerometer Triple ±2g/±4g/±8g/±16g 1.62V to 3.6V 0.244mg/digit/0.488mg/digit/0.976mg/digit/1.952mg/digit 12-Pin LG..."; VariantName = "[No Variations]"
Add component (AddParameter): Name = "Octopart"; Value = "https://octopart.com/lis2dw12tr-stmicroelectronics-77080925"; VariantName = "[No Variations]"
Add component (AddParameter): Name = "Operating Supply Current"; Value = "0.38-90uA"; VariantName = "[No Variations]"
Add component (AddParameter): Name = "Package"; Value = "LGA12-DM00170568"; VariantName = "[No Variations]"
Add component (AddParameter): Name = "RoHS"; Value = "TRUE"; VariantName = "[No Variations]"
Add component (AddParameter): Name = "Sensor Output"; Value = "I2C,SPI"; VariantName = "[No Variations]"
Add component (AddParameter): Name = "Temperature"; Value = "-40°C to +85°C"; VariantName = "[No Variations]"
Add component (AddParameter): Name = "Temperature Range High"; Value = "+85°C"; VariantName = "[No Variations]"
Add component (AddParameter): Name = "Temperature Range Low"; Value = "-40°C"; VariantName = "[No Variations]"
Add Component: Footprint Not Found QFN40P600X600X90-48N
Added Component: Designator=U3(XDFN4_711AJ_ONS)
Add component (AddParameter): Name = "Copyright"; Value = "Copyright (C) 2025 Ultra Librarian. All rights reserved."; VariantName = "[No Variations]"
Add component (AddParameter): Name = "Manufacturer_Name"; Value = "onsemi"; VariantName = "[No Variations]"
Add component (AddParameter): Name = "Manufacturer_Part_Number"; Value = "NCP163AMX180TBG"; VariantName = "[No Variations]"
Add component (AddParameter): Name = "RefDes"; Value = "RefDes"; VariantName = "[No Variations]"
Add component (AddParameter): Name = "Type"; Value = "Type"; VariantName = "[No Variations]"
Added Component: Designator=U4(nRF54L15 CUSTOM)
Add component (AddParameter): Name = "Artikkelnr Noca"; Value = "N.A."; VariantName = "[No Variations]"
Add component (AddParameter): Name = "Assembly"; Value = ""; VariantName = "[No Variations]"
Add component (AddParameter): Name = "Author"; Value = "stl1"; VariantName = "[No Variations]"
Add component (AddParameter): Name = "Component Class"; Value = "Nordic_Devices"; VariantName = "[No Variations]"
Add component (AddParameter): Name = "Component Status"; Value = "Active"; VariantName = "[No Variations]"
Add component (AddParameter): Name = "ComponentLink1Description"; Value = "Datasheet"; VariantName = "[No Variations]"
Add component (AddParameter): Name = "ComponentLink1URL"; Value = "N.A."; VariantName = "[No Variations]"
Add component (AddParameter): Name = "ComponentLink2Description"; Value = "Supplier link"; VariantName = "[No Variations]"
Add component (AddParameter): Name = "ComponentLink2URL"; Value = "N.A."; VariantName = "[No Variations]"
Add component (AddParameter): Name = "Footprint Doc"; Value = "QFN-48"; VariantName = "[No Variations]"
Add component (AddParameter): Name = "HelpURL"; Value = "N.A."; VariantName = "[No Variations]"
Add component (AddParameter): Name = "LatestRevisionDate"; Value = "2024-11-27"; VariantName = "[No Variations]"
Add component (AddParameter): Name = "Manufacturer"; Value = "Nordic Semiconductor"; VariantName = "[No Variations]"
Add component (AddParameter): Name = "Manufacturer Part Number"; Value = "nRF54L15-QFAA"; VariantName = "[No Variations]"
Add component (AddParameter): Name = "Note"; Value = "N.A."; VariantName = "[No Variations]"
Add component (AddParameter): Name = "Pad Count"; Value = "49"; VariantName = "[No Variations]"
Add component (AddParameter): Name = "Part Number"; Value = "nRF54L15-QFAA"; VariantName = "[No Variations]"
Add component (AddParameter): Name = "Part number IPS"; Value = "N.A."; VariantName = "[No Variations]"
Add component (AddParameter): Name = "Part number NEMS"; Value = "102000370"; VariantName = "[No Variations]"
Add component (AddParameter): Name = "Part number Norautron"; Value = "N.A."; VariantName = "[No Variations]"
Add component (AddParameter): Name = "PartId"; Value = "102000370"; VariantName = "[No Variations]"
Add component (AddParameter): Name = "Published"; Value = "2024-11-27"; VariantName = "[No Variations]"
Add component (AddParameter): Name = "Supplier 1"; Value = "Nordic Semiconductor"; VariantName = "[No Variations]"
Add component (AddParameter): Name = "Supplier 2"; Value = "N.A."; VariantName = "[No Variations]"
Add component (AddParameter): Name = "Supplier Part Number 1"; Value = "nRF54L15-QFAA"; VariantName = "[No Variations]"
Add component (AddParameter): Name = "Supplier Part Number 2"; Value = "N.A."; VariantName = "[No Variations]"
Add component (AddParameter): Name = "Value"; Value = "nRF54L15-QFAA"; VariantName = "[No Variations]"
Added Component: Designator=Y?(ECS320837B2CTNTR)
Add component (AddParameter): Name = "Arrow Part Number"; Value = ""; VariantName = "[No Variations]"
Add component (AddParameter): Name = "Arrow Price/Stock"; Value = ""; VariantName = "[No Variations]"
Add component (AddParameter): Name = "Datasheet Link"; Value = "https://ecsxtal.com/store/pdf/ECX-1637B2.pdf"; VariantName = "[No Variations]"
Add component (AddParameter): Name = "Height"; Value = "0.5mm"; VariantName = "[No Variations]"
Add component (AddParameter): Name = "Manufacturer_Name"; Value = "ECS"; VariantName = "[No Variations]"
Add component (AddParameter): Name = "Manufacturer_Part_Number"; Value = "ECS-320-8-37B2-CTN-TR"; VariantName = "[No Variations]"
Add component (AddParameter): Name = "Mouser Part Number"; Value = "520-320-8-37B2-CTNTR"; VariantName = "[No Variations]"
Add component (AddParameter): Name = "Mouser Price/Stock"; Value = "https://www.mouser.co.uk/ProductDetail/ECS/ECS-320-8-37B2-CTN-TR?qs=aP1CjGhiNiHdeKDzQVYpfg%3D%3D"; VariantName = "[No Variations]"
Added Pin To Net: NetName=+1.8V Pin=C8-2
Added Pin To Net: NetName=+1.8V Pin=C10-1
Added Pin To Net: NetName=+1.8V Pin=C11-1
Added Pin To Net: NetName=+1.8V Pin=C23-1
Added Pin To Net: NetName=+1.8V Pin=C24-1
Added Pin To Net: NetName=+1.8V Pin=IC1-1
Added Pin To Net: NetName=+1.8V Pin=IC2-48
Added Pin To Net: NetName=+1.8V Pin=IC2-50
Added Pin To Net: NetName=+1.8V Pin=L2-1
Added Pin To Net: NetName=+1.8V Pin=R13-2
Added Pin To Net: NetName=+1.8V Pin=R15-2
Added Pin To Net: NetName=+1.8V Pin=R16-2
Added Pin To Net: NetName=+1.8V Pin=R17-2
Added Pin To Net: NetName=+1.8V Pin=R18-2
Added Pin To Net: NetName=+1.8V Pin=R19-2
Added Pin To Net: NetName=+1.8V Pin=U1-2
Added Pin To Net: NetName=+1.8V Pin=U1-9
Added Pin To Net: NetName=+1.8V Pin=U1-10
Added Net: Name=+1.8V
Added Pin To Net: NetName=+5V Pin=C12-1
Added Pin To Net: NetName=+5V Pin=C13-1
Added Pin To Net: NetName=+5V Pin=C22-1
Added Pin To Net: NetName=+5V Pin=C32-1
Added Pin To Net: NetName=+5V Pin=IC2-1
Added Pin To Net: NetName=+5V Pin=IC2-2
Added Pin To Net: NetName=+5V Pin=IC2-3
Added Pin To Net: NetName=+5V Pin=IC2-4
Added Pin To Net: NetName=+5V Pin=IC2-5
Added Pin To Net: NetName=+5V Pin=IC2-7
Added Pin To Net: NetName=+5V Pin=IC2-9
Added Pin To Net: NetName=+5V Pin=IC2-11
Added Pin To Net: NetName=+5V Pin=IC2-13
Added Pin To Net: NetName=+5V Pin=IC2-15
Added Pin To Net: NetName=+5V Pin=IC2-19
Added Pin To Net: NetName=+5V Pin=IC2-21
Added Pin To Net: NetName=+5V Pin=IC2-22
Added Pin To Net: NetName=+5V Pin=IC2-54
Added Pin To Net: NetName=+5V Pin=IC2-56
Added Pin To Net: NetName=+5V Pin=IC2-59
Added Pin To Net: NetName=+5V Pin=U3-1
Added Net: Name=+5V
Added Pin To Net: NetName=CC1 Pin=IC5-1
Added Pin To Net: NetName=CC1 Pin=J4-A5
Added Pin To Net: NetName=CC1 Pin=R4-1
Added Net: Name=CC1
Added Pin To Net: NetName=CC2 Pin=IC5-3
Added Pin To Net: NetName=CC2 Pin=J4-B5
Added Pin To Net: NetName=CC2 Pin=R3-1
Added Net: Name=CC2
Added Pin To Net: NetName=D_N Pin=IC1-19
Added Pin To Net: NetName=D_N Pin=IC5-6
Added Pin To Net: NetName=D_N Pin=J4-A7
Added Pin To Net: NetName=D_N Pin=J4-B7
Added Net: Name=D_N
Added Pin To Net: NetName=D_P Pin=IC1-20
Added Pin To Net: NetName=D_P Pin=IC5-4
Added Pin To Net: NetName=D_P Pin=J4-A6
Added Pin To Net: NetName=D_P Pin=J4-B6
Added Net: Name=D_P
Added Pin To Net: NetName=DCC Pin=L4-1
Added Pin To Net: NetName=DCC Pin=U4-46
Added Net: Name=DCC
Added Pin To Net: NetName=DECA Pin=C48-2
Added Pin To Net: NetName=DECA Pin=C49-2
Added Pin To Net: NetName=DECA Pin=C50-2
Added Pin To Net: NetName=DECA Pin=FB1-2
Added Pin To Net: NetName=DECA Pin=U4-33
Added Pin To Net: NetName=DECA Pin=U4-43
Added Net: Name=DECA
Added Pin To Net: NetName=DECD Pin=C44-2
Added Pin To Net: NetName=DECD Pin=FB1-1
Added Pin To Net: NetName=DECD Pin=L4-2
Added Pin To Net: NetName=DECD Pin=U4-45
Added Net: Name=DECD
Added Pin To Net: NetName=FB Pin=IC4-1
Added Pin To Net: NetName=FB Pin=R1-1
Added Pin To Net: NetName=FB Pin=R24-1
Added Net: Name=FB
Added Pin To Net: NetName=GND Pin=C1-1
Added Pin To Net: NetName=GND Pin=C2-1
Added Pin To Net: NetName=GND Pin=C3-2
Added Pin To Net: NetName=GND Pin=C4-2
Added Pin To Net: NetName=GND Pin=C5-2
Added Pin To Net: NetName=GND Pin=C6-2
Added Pin To Net: NetName=GND Pin=C7-2
Added Pin To Net: NetName=GND Pin=C8-1
Added Pin To Net: NetName=GND Pin=C9-2
Added Pin To Net: NetName=GND Pin=C10-2
Added Pin To Net: NetName=GND Pin=C11-2
Added Pin To Net: NetName=GND Pin=C12-2
Added Pin To Net: NetName=GND Pin=C13-2
Added Pin To Net: NetName=GND Pin=C14-2
Added Pin To Net: NetName=GND Pin=C15-2
Added Pin To Net: NetName=GND Pin=C16-2
Added Pin To Net: NetName=GND Pin=C17-2
Added Pin To Net: NetName=GND Pin=C18-2
Added Pin To Net: NetName=GND Pin=C19-2
Added Pin To Net: NetName=GND Pin=C20-2
Added Pin To Net: NetName=GND Pin=C22-2
Added Pin To Net: NetName=GND Pin=C23-2
Added Pin To Net: NetName=GND Pin=C24-2
Added Pin To Net: NetName=GND Pin=C31-2
Added Pin To Net: NetName=GND Pin=C32-2
Added Pin To Net: NetName=GND Pin=C39-2
Added Pin To Net: NetName=GND Pin=C40-2
Added Pin To Net: NetName=GND Pin=C41-2
Added Pin To Net: NetName=GND Pin=C42-1
Added Pin To Net: NetName=GND Pin=C43-2
Added Pin To Net: NetName=GND Pin=C44-1
Added Pin To Net: NetName=GND Pin=C48-1
Added Pin To Net: NetName=GND Pin=C49-1
Added Pin To Net: NetName=GND Pin=C50-1
Added Pin To Net: NetName=GND Pin=C51-1
Added Pin To Net: NetName=GND Pin=D1-1
Added Pin To Net: NetName=GND Pin=IC1-2
Added Pin To Net: NetName=GND Pin=IC1-3
Added Pin To Net: NetName=GND Pin=IC1-4
Added Pin To Net: NetName=GND Pin=IC1-5
Added Pin To Net: NetName=GND Pin=IC1-6
Added Pin To Net: NetName=GND Pin=IC1-7
Added Pin To Net: NetName=GND Pin=IC1-11
Added Pin To Net: NetName=GND Pin=IC1-23
Added Pin To Net: NetName=GND Pin=IC1-25
Added Pin To Net: NetName=GND Pin=IC2-18
Added Pin To Net: NetName=GND Pin=IC2-20
Added Pin To Net: NetName=GND Pin=IC2-23
Added Pin To Net: NetName=GND Pin=IC2-25
Added Pin To Net: NetName=GND Pin=IC2-31
Added Pin To Net: NetName=GND Pin=IC2-32
Added Pin To Net: NetName=GND Pin=IC2-33
Added Pin To Net: NetName=GND Pin=IC2-41
Added Pin To Net: NetName=GND Pin=IC2-49
Added Pin To Net: NetName=GND Pin=IC2-51
Added Pin To Net: NetName=GND Pin=IC2-53
Added Pin To Net: NetName=GND Pin=IC2-57
Added Pin To Net: NetName=GND Pin=IC2-58
Added Pin To Net: NetName=GND Pin=IC2-60
Added Pin To Net: NetName=GND Pin=IC2-62
Added Pin To Net: NetName=GND Pin=IC4-4
Added Pin To Net: NetName=GND Pin=IC5-2
Added Pin To Net: NetName=GND Pin=J1-11
Added Pin To Net: NetName=GND Pin=J1-12
Added Pin To Net: NetName=GND Pin=J2-2
Added Pin To Net: NetName=GND Pin=J2-MP1
Added Pin To Net: NetName=GND Pin=J2-MP2
Added Pin To Net: NetName=GND Pin=J4-A1B12
Added Pin To Net: NetName=GND Pin=J4-B1A12
Added Pin To Net: NetName=GND Pin=J4-SH1
Added Pin To Net: NetName=GND Pin=J4-SH2
Added Pin To Net: NetName=GND Pin=J4-SH3
Added Pin To Net: NetName=GND Pin=J4-SH4
Added Pin To Net: NetName=GND Pin=R2-1
Added Pin To Net: NetName=GND Pin=R3-2
Added Pin To Net: NetName=GND Pin=R4-2
Added Pin To Net: NetName=GND Pin=R6-2
Added Pin To Net: NetName=GND Pin=R20-1
Added Pin To Net: NetName=GND Pin=R21-1
Added Pin To Net: NetName=GND Pin=R22-1
Added Pin To Net: NetName=GND Pin=R23-1
Added Pin To Net: NetName=GND Pin=R24-2
Added Pin To Net: NetName=GND Pin=S1-4
Added Pin To Net: NetName=GND Pin=S1-5
Added Pin To Net: NetName=GND Pin=U1-3
Added Pin To Net: NetName=GND Pin=U1-5
Added Pin To Net: NetName=GND Pin=U1-6
Added Pin To Net: NetName=GND Pin=U1-7
Added Pin To Net: NetName=GND Pin=U1-8
Added Pin To Net: NetName=GND Pin=U3-2
Added Pin To Net: NetName=GND Pin=U3-5
Added Pin To Net: NetName=GND Pin=U4-32
Added Pin To Net: NetName=GND Pin=U4-44
Added Pin To Net: NetName=GND Pin=U4-49
Added Pin To Net: NetName=GND Pin=Y?-2
Added Pin To Net: NetName=GND Pin=Y?-4
Added Net: Name=GND
Added Pin To Net: NetName=NetC7_1 Pin=C7-1
Added Pin To Net: NetName=NetC7_1 Pin=IC1-21
Added Net: Name=NetC7_1
Added Pin To Net: NetName=NetC14_1 Pin=C14-1
Added Pin To Net: NetName=NetC14_1 Pin=IC2-28
Added Net: Name=NetC14_1
Added Pin To Net: NetName=NetC15_1 Pin=C15-1
Added Pin To Net: NetName=NetC15_1 Pin=IC2-30
Added Net: Name=NetC15_1
Added Pin To Net: NetName=NetC16_1 Pin=C16-1
Added Pin To Net: NetName=NetC16_1 Pin=C17-1
Added Pin To Net: NetName=NetC16_1 Pin=IC2-55
Added Net: Name=NetC16_1
Added Pin To Net: NetName=NetC18_1 Pin=C18-1
Added Pin To Net: NetName=NetC18_1 Pin=IC2-26
Added Net: Name=NetC18_1
Added Pin To Net: NetName=NetC19_1 Pin=C19-1
Added Pin To Net: NetName=NetC19_1 Pin=C20-1
Added Pin To Net: NetName=NetC19_1 Pin=IC2-24
Added Net: Name=NetC19_1
Added Pin To Net: NetName=NetC21_2 Pin=C21-2
Added Pin To Net: NetName=NetC21_2 Pin=IC2-61
Added Pin To Net: NetName=NetC21_2 Pin=R8-1
Added Net: Name=NetC21_2
Added Pin To Net: NetName=NetC25_1 Pin=C25-1
Added Pin To Net: NetName=NetC25_1 Pin=C26-1
Added Pin To Net: NetName=NetC25_1 Pin=C27-1
Added Pin To Net: NetName=NetC25_1 Pin=C28-1
Added Pin To Net: NetName=NetC25_1 Pin=C29-1
Added Pin To Net: NetName=NetC25_1 Pin=C30-1
Added Pin To Net: NetName=NetC25_1 Pin=IC2-17
Added Pin To Net: NetName=NetC25_1 Pin=R14-2
Added Net: Name=NetC25_1
Added Pin To Net: NetName=NetC25_2 Pin=C25-2
Added Pin To Net: NetName=NetC25_2 Pin=IC2-6
Added Pin To Net: NetName=NetC25_2 Pin=R12-2
Added Net: Name=NetC25_2
Added Pin To Net: NetName=NetC26_2 Pin=C26-2
Added Pin To Net: NetName=NetC26_2 Pin=IC2-8
Added Pin To Net: NetName=NetC26_2 Pin=R11-2
Added Net: Name=NetC26_2
Added Pin To Net: NetName=NetC27_2 Pin=C27-2
Added Pin To Net: NetName=NetC27_2 Pin=IC2-10
Added Pin To Net: NetName=NetC27_2 Pin=R10-2
Added Net: Name=NetC27_2
Added Pin To Net: NetName=NetC28_2 Pin=C28-2
Added Pin To Net: NetName=NetC28_2 Pin=IC2-12
Added Pin To Net: NetName=NetC28_2 Pin=R9-2
Added Net: Name=NetC28_2
Added Pin To Net: NetName=NetC29_2 Pin=C29-2
Added Pin To Net: NetName=NetC29_2 Pin=IC2-14
Added Pin To Net: NetName=NetC29_2 Pin=R7-2
Added Net: Name=NetC29_2
Added Pin To Net: NetName=NetC30_2 Pin=C30-2
Added Pin To Net: NetName=NetC30_2 Pin=IC2-16
Added Pin To Net: NetName=NetC30_2 Pin=R5-2
Added Net: Name=NetC30_2
Added Net: Name=NetC45_2
Added Net: Name=NetC46_2
Added Pin To Net: NetName=NetC51_2 Pin=C51-2
Added Pin To Net: NetName=NetC51_2 Pin=R25-1
Added Pin To Net: NetName=NetC51_2 Pin=U4-30
Added Net: Name=NetC51_2
Added Pin To Net: NetName=NetIC1_12 Pin=IC1-12
Added Pin To Net: NetName=NetIC1_12 Pin=R6-1
Added Net: Name=NetIC1_12
Added Pin To Net: NetName=NetIC1_14 Pin=IC1-14
Added Pin To Net: NetName=NetIC1_14 Pin=R2-2
Added Net: Name=NetIC1_14
Added Pin To Net: NetName=NetIC1_22 Pin=IC1-22
Added Pin To Net: NetName=NetIC1_22 Pin=L2-2
Added Net: Name=NetIC1_22
Added Pin To Net: NetName=NetIC2_42 Pin=IC2-42
Added Pin To Net: NetName=NetIC2_42 Pin=R20-2
Added Net: Name=NetIC2_42
Added Pin To Net: NetName=NetIC2_44 Pin=IC2-44
Added Pin To Net: NetName=NetIC2_44 Pin=R21-2
Added Net: Name=NetIC2_44
Added Pin To Net: NetName=NetIC2_45 Pin=IC2-45
Added Pin To Net: NetName=NetIC2_45 Pin=R22-2
Added Net: Name=NetIC2_45
Added Pin To Net: NetName=NetIC2_46 Pin=IC2-46
Added Pin To Net: NetName=NetIC2_46 Pin=R23-2
Added Net: Name=NetIC2_46
Added Pin To Net: NetName=NetIC2_52 Pin=IC2-52
Added Pin To Net: NetName=NetIC2_52 Pin=R17-1
Added Net: Name=NetIC2_52
Added Pin To Net: NetName=NetIC4_5 Pin=IC4-5
Added Pin To Net: NetName=NetIC4_5 Pin=L1-1
Added Net: Name=NetIC4_5
Added Pin To Net: NetName=NetL5_1 Pin=U4-31
Added Net: Name=NetL5_1
Added Pin To Net: NetName=NetR13_1 Pin=R13-1
Added Pin To Net: NetName=NetR13_1 Pin=U1-1
Added Net: Name=NetR13_1
Added Pin To Net: NetName=NetR15_1 Pin=R15-1
Added Pin To Net: NetName=NetR15_1 Pin=U1-4
Added Net: Name=NetR15_1
Added Pin To Net: NetName=NRESET Pin=R25-2
Added Net: Name=NRESET
Added Pin To Net: NetName=NRF_ADS_CS Pin=IC2-39
Added Pin To Net: NetName=NRF_ADS_CS Pin=R16-1
Added Net: Name=NRF_ADS_CS
Added Pin To Net: NetName=NRF_ADS_DIN Pin=IC2-34
Added Net: Name=NRF_ADS_DIN
Added Pin To Net: NetName=NRF_ADS_DOUT Pin=IC2-43
Added Net: Name=NRF_ADS_DOUT
Added Pin To Net: NetName=NRF_ADS_DRDY Pin=IC2-47
Added Net: Name=NRF_ADS_DRDY
Added Pin To Net: NetName=NRF_ADS_PWDN Pin=IC2-35
Added Pin To Net: NetName=NRF_ADS_PWDN Pin=R18-1
Added Net: Name=NRF_ADS_PWDN
Added Pin To Net: NetName=NRF_ADS_RESET Pin=IC2-36
Added Pin To Net: NetName=NRF_ADS_RESET Pin=R19-1
Added Net: Name=NRF_ADS_RESET
Added Pin To Net: NetName=NRF_ADS_SCLK Pin=IC2-40
Added Net: Name=NRF_ADS_SCLK
Added Pin To Net: NetName=NRF_ADS_START Pin=IC2-38
Added Net: Name=NRF_ADS_START
Added Pin To Net: NetName=NRF_IMU_INT1 Pin=U1-12
Added Net: Name=NRF_IMU_INT1
Added Pin To Net: NetName=NRF_IMU_INT2 Pin=U1-11
Added Net: Name=NRF_IMU_INT2
Added Pin To Net: NetName=NRF_PMIC_CHG Pin=IC1-8
Added Net: Name=NRF_PMIC_CHG
Added Pin To Net: NetName=NRF_PMIC_ERR Pin=IC1-10
Added Net: Name=NRF_PMIC_ERR
Added Pin To Net: NetName=Pad1 Pin=R5-1
Added Net: Name=Pad1
Added Pin To Net: NetName=Pad2 Pin=R7-1
Added Net: Name=Pad2
Added Pin To Net: NetName=Pad3 Pin=R9-1
Added Net: Name=Pad3
Added Pin To Net: NetName=Pad4 Pin=R10-1
Added Net: Name=Pad4
Added Pin To Net: NetName=Pad5 Pin=R11-1
Added Net: Name=Pad5
Added Pin To Net: NetName=Pad6 Pin=R12-1
Added Net: Name=Pad6
Added Pin To Net: NetName=Pad7 Pin=R14-1
Added Net: Name=Pad7
Added Pin To Net: NetName=Pad8 Pin=C21-1
Added Pin To Net: NetName=Pad8 Pin=IC2-63
Added Pin To Net: NetName=Pad8 Pin=R8-2
Added Net: Name=Pad8
Added Net: Name=RF
Added Pin To Net: NetName=SWDCLK Pin=U4-26
Added Net: Name=SWDCLK
Added Pin To Net: NetName=SWDIO Pin=U4-25
Added Net: Name=SWDIO
Added Pin To Net: NetName=VBAT_PRE Pin=J2-1
Added Pin To Net: NetName=VBAT_PRE Pin=S1-3
Added Net: Name=VBAT_PRE
Added Pin To Net: NetName=VBAT Pin=C9-1
Added Pin To Net: NetName=VBAT Pin=IC1-15
Added Pin To Net: NetName=VBAT Pin=S1-1
Added Net: Name=VBAT
Added Pin To Net: NetName=VBOOST Pin=C2-2
Added Pin To Net: NetName=VBOOST Pin=C31-1
Added Pin To Net: NetName=VBOOST Pin=IC4-6
Added Pin To Net: NetName=VBOOST Pin=R1-2
Added Pin To Net: NetName=VBOOST Pin=U3-3
Added Pin To Net: NetName=VBOOST Pin=U3-4
Added Net: Name=VBOOST
Added Pin To Net: NetName=VBUS_PRE Pin=C3-1
Added Pin To Net: NetName=VBUS_PRE Pin=C4-1
Added Pin To Net: NetName=VBUS_PRE Pin=D1-2
Added Pin To Net: NetName=VBUS_PRE Pin=F1-1
Added Pin To Net: NetName=VBUS_PRE Pin=J4-A4B9
Added Pin To Net: NetName=VBUS_PRE Pin=J4-B4A9
Added Net: Name=VBUS_PRE
Added Pin To Net: NetName=VBUS Pin=C5-1
Added Pin To Net: NetName=VBUS Pin=F1-2
Added Pin To Net: NetName=VBUS Pin=IC1-17
Added Net: Name=VBUS
Added Pin To Net: NetName=VDD_nRF Pin=C39-1
Added Pin To Net: NetName=VDD_nRF Pin=C40-1
Added Pin To Net: NetName=VDD_nRF Pin=C41-1
Added Pin To Net: NetName=VDD_nRF Pin=C42-2
Added Pin To Net: NetName=VDD_nRF Pin=C43-1
Added Pin To Net: NetName=VDD_nRF Pin=U4-10
Added Pin To Net: NetName=VDD_nRF Pin=U4-22
Added Pin To Net: NetName=VDD_nRF Pin=U4-36
Added Pin To Net: NetName=VDD_nRF Pin=U4-47
Added Pin To Net: NetName=VDD_nRF Pin=U4-48
Added Net: Name=VDD_nRF
Added Pin To Net: NetName=VSYS Pin=C1-2
Added Pin To Net: NetName=VSYS Pin=C6-1
Added Pin To Net: NetName=VSYS Pin=IC1-9
Added Pin To Net: NetName=VSYS Pin=IC1-16
Added Pin To Net: NetName=VSYS Pin=IC4-2
Added Pin To Net: NetName=VSYS Pin=IC4-3
Added Pin To Net: NetName=VSYS Pin=L1-2
Added Net: Name=VSYS
Added Pin To Net: NetName=XC1 Pin=U4-34
Added Pin To Net: NetName=XC1 Pin=Y?-3
Added Net: Name=XC1
Added Pin To Net: NetName=XC2 Pin=U4-35
Added Pin To Net: NetName=XC2 Pin=Y?-1
Added Net: Name=XC2
Added Class: Name=EEG_Thesis
Added Differential Pair: Name=D
Added Rule: Name=Schematic Supply Nets
Added Rule: Name=Schematic Supply Nets_1
Added Rule: Name=Schematic Supply Nets_2
Added Rule: Name=Schematic Supply Nets_3
Added Rule: Name=Schematic Supply Nets_4
Added Rule: Name=Schematic Supply Nets_5
Added Rule: Name=Schematic Supply Nets_6
Added Rule: Name=Schematic Supply Nets_7
Added Rule: Name=Schematic Supply Nets_8
Added Rule: Name=Schematic Supply Nets_9
Added Class: Name=USB
