time_s,eeg_amplitude_uv,eeg_blink,eeg_railed,cv_ear,cv_blink,bird_y,game_state,score
0.0026,0.0,0,0,1.0,0,285.0,waiting,0
0.0171,0.0,0,0,1.0,0,295.06,waiting,0
0.0328,0.0,0,0,1.0,0,294.72,waiting,0
0.0484,0.0,0,0,1.0,0,294.36,waiting,0
0.0651,0.0,0,0,1.0,0,293.95,waiting,0
0.0821,0.0,0,0,1.0,0,293.48,waiting,0
0.0984,0.0,0,0,1.0,0,292.99,waiting,0
0.1152,0.0,0,0,1.0,0,292.5,waiting,0
0.1334,0.0,0,0,1.0,0,291.95,waiting,0
0.1631,0.0,0,0,1.0,0,291.36,waiting,0
0.1915,0.0,0,0,1.0,0,290.31,waiting,0
0.2079,0.0,0,0,1.0,0,289.28,waiting,0
0.224,0.0,0,0,1.0,0,288.68,waiting,0
0.2396,0.0,0,0,1.0,0,288.06,waiting,0
0.2564,0.0,0,0,1.0,0,287.44,waiting,0
0.2731,0.0,0,0,1.0,0,286.77,waiting,0
0.2889,0.0,0,0,1.0,0,286.14,waiting,0
0.3057,0.0,0,0,1.0,0,285.5,waiting,0
0.3224,0.0,0,0,1.0,0,284.82,waiting,0
0.3391,0.0,0,0,1.0,0,284.14,waiting,0
0.3547,0.0,0,0,1.0,0,283.46,waiting,0
0.3708,0.0,0,0,1.0,0,282.87,waiting,0
0.387,0.0,0,0,1.0,0,282.24,waiting,0
0.4024,0.0,0,0,1.0,0,281.62,waiting,0
0.4191,0.0,0,0,1.0,0,281.01,waiting,0
0.4348,0.0,0,0,1.0,0,280.38,waiting,0
0.4517,0.0,0,0,1.0,0,279.83,waiting,0
0.4682,0.0,0,0,1.0,0,279.23,waiting,0
0.4846,0.0,0,0,1.0,0,278.64,waiting,0
0.5013,0.0,0,0,1.0,0,278.11,waiting,0
0.518,0.0,0,0,1.0,0,277.56,waiting,0
0.5343,0.0,0,0,1.0,0,277.07,waiting,0
0.5509,0.0,0,0,1.0,0,276.57,waiting,0
0.5675,0.0,0,0,1.0,0,276.13,waiting,0
0.5841,0.0,0,0,1.0,0,275.69,waiting,0
0.5995,0.0,0,0,1.0,0,275.3,waiting,0
0.6158,0.0,0,0,1.0,0,274.93,waiting,0
0.6321,0.0,0,0,1.0,0,274.6,waiting,0
0.6478,0.0,0,0,1.0,0,274.28,waiting,0
0.6643,0.0,0,0,1.0,0,274.02,waiting,0
0.6808,0.0,0,0,1.0,0,273.76,waiting,0
0.6974,0.0,0,0,1.0,0,273.56,waiting,0
0.7144,0.0,0,0,0.24022,0,273.37,waiting,0
0.7305,0.0,0,0,0.24022,0,273.22,waiting,0
0.7471,0.0,0,0,0.22238,0,273.12,waiting,0
0.7631,0.0,0,0,0.22238,0,273.04,waiting,0
0.7787,0.0,0,0,0.24724,0,273.01,waiting,0
0.7952,0.0,0,0,0.23526,0,273.0,waiting,0
0.8121,0.0,0,0,0.23526,0,273.04,waiting,0
0.8277,0.0,0,0,0.2171,0,273.11,waiting,0
0.8436,0.0,0,0,0.18897,0,273.2,waiting,0
0.8595,0.0,0,0,0.18897,0,273.34,waiting,0
0.8765,0.0,0,0,0.18487,0,273.5,waiting,0
0.8933,0.0,0,0,0.18487,0,273.72,waiting,0
0.9102,0.0,0,0,0.1747,0,273.97,waiting,0
0.9272,0.0,0,0,0.1747,0,274.25,waiting,0
0.9443,0.0,0,0,0.1747,0,274.57,waiting,0
0.9609,0.0,0,0,0.17768,0,274.93,waiting,0
0.977,0.0,0,0,0.17768,0,275.29,waiting,0
0.9932,0.0,0,0,0.30316,1,275.7,waiting,0
1.0097,0.0,0,0,0.30316,0,276.12,waiting,0
1.0261,0.0,0,0,0.23229,0,276.56,waiting,0
1.0422,0.0,0,0,0.23229,0,277.06,waiting,0
1.0591,0.0,0,0,0.27218,0,277.55,waiting,0
1.0761,0.0,0,0,0.27218,0,278.1,waiting,0
1.0928,0.0,0,0,0.29226,0,278.66,waiting,0
1.1093,0.0,0,0,0.29226,0,279.21,waiting,0
1.1259,0.0,0,0,0.25767,0,279.82,waiting,0
1.1419,0.0,0,0,0.25767,0,280.4,waiting,0
1.1579,0.0,0,0,0.29175,0,281.0,waiting,0
1.1739,0.0,0,0,0.29175,0,281.61,waiting,0
1.1895,0.0,0,0,0.27528,0,282.23,waiting,0
1.2055,0.0,0,0,0.27528,0,282.86,waiting,0
1.222,0.0,0,0,0.28693,0,283.49,waiting,0
1.2381,0.0,0,0,0.28693,0,284.16,waiting,0
1.2541,0.0,0,0,0.25466,0,284.76,waiting,0
1.2707,0.0,0,0,0.25466,0,285.44,waiting,0
1.2867,0.0,0,0,0.25466,0,286.08,waiting,0
1.3031,0.0,0,0,0.25798,0,286.72,waiting,0
1.3205,0.0,0,0,0.25798,0,287.39,waiting,0
1.3363,0.0,0,0,0.28411,0,288.05,waiting,0
1.3534,0.0,0,0,0.28411,0,288.66,waiting,0
1.3695,0.0,0,0,0.24616,0,289.31,waiting,0
1.3856,0.0,0,0,0.26953,0,289.9,waiting,0
1.4021,0.0,0,0,0.26953,0,290.47,waiting,0
1.4187,0.0,0,0,0.26953,0,291.07,waiting,0
1.4349,0.0,0,0,0.22823,0,291.61,waiting,0
1.4511,0.0,0,0,0.25671,0,292.14,waiting,0
1.4673,0.0,0,0,0.25671,0,292.67,waiting,0
1.4841,0.0,0,0,0.25,0,293.15,waiting,0
1.4998,0.0,0,0,0.25,0,293.61,waiting,0
1.5161,0.0,0,0,0.25,0,294.04,waiting,0
1.5328,0.0,0,0,0.26862,0,294.48,waiting,0
1.5487,0.0,0,0,0.26862,0,294.86,waiting,0
1.5647,0.0,0,0,0.24727,0,295.21,waiting,0
1.5808,0.0,0,0,0.24727,0,295.53,waiting,0
1.5966,0.0,0,0,0.27282,0,295.82,waiting,0
1.6134,0.0,0,0,0.27282,0,296.08,waiting,0
1.6301,0.0,0,0,0.23875,0,296.32,waiting,0
1.6475,0.0,0,0,0.23875,0,296.53,waiting,0
1.6633,0.0,0,0,0.23875,0,296.7,waiting,0
1.6794,0.0,0,0,0.22823,0,296.83,waiting,0
1.6965,0.0,0,0,0.22823,0,296.92,waiting,0
1.7135,0.0,0,0,0.22823,0,296.98,waiting,0
1.7298,0.0,0,0,0.26567,0,297.0,waiting,0
1.7457,0.0,0,0,0.26567,0,296.99,waiting,0
1.762,0.0,0,0,0.22596,0,296.94,waiting,0
1.7779,0.0,0,0,0.27341,0,296.85,waiting,0
1.7942,0.0,0,0,0.27341,0,296.74,waiting,0
1.8108,0.0,0,0,0.27341,0,296.58,waiting,0
1.8265,0.0,0,0,0.25373,0,296.39,waiting,0
1.8424,0.0,0,0,0.25373,0,296.18,waiting,0
1.859,0.0,0,0,0.24378,0,295.93,waiting,0
1.8753,0.0,0,0,0.24378,0,295.63,waiting,0
1.8923,0.0,0,0,0.25413,0,295.32,waiting,0
1.9093,1549.1831,1,0,0.25413,0,294.95,waiting,0
1.9263,1549.1831,0,0,0.2845,0,294.56,playing,0
1.943,1549.1831,0,0,0.2845,0,288.24,playing,0
1.9586,990.846,0,0,0.2845,0,282.59,playing,0
1.9751,990.846,0,0,0.29485,0,277.21,playing,0
1.9916,990.846,0,0,0.29442,0,271.81,playing,0
2.0082,529.1181,0,0,0.29442,0,267.02,playing,0
2.0268,529.1181,0,0,0.29442,0,262.24,playing,0
2.0442,-117.6647,0,0,0.27893,0,257.29,playing,0
2.0609,-117.6647,0,0,0.27893,0,253.19,playing,0
2.0775,-117.6647,0,0,0.2833,0,249.6,playing,0
2.0937,-117.6647,0,0,0.2833,0,246.12,playing,0
2.1099,-117.6647,0,0,0.2833,0,243.11,playing,0
2.1262,-117.6647,0,0,0.28661,0,240.39,playing,0
2.1415,-318.9266,0,0,0.28661,0,237.96,playing,0
2.1575,-318.9266,0,0,0.25078,0,235.8,playing,0
2.1742,-453.8477,0,0,0.23852,0,233.92,playing,0
2.1902,-575.5062,0,0,0.23852,0,232.33,playing,0
2.2073,-575.5062,0,0,0.23852,0,230.96,playing,0
2.2237,-572.0826,0,0,0.27612,0,229.9,playing,0
2.2394,-572.0826,0,0,0.27612,0,229.18,playing,0
2.2563,-572.0826,0,0,0.27621,0,228.75,playing,0
2.2728,-572.0826,0,0,0.27621,0,228.61,playing,0
2.2889,-572.0826,0,0,0.28748,0,228.76,playing,0
2.305,-572.0826,0,0,0.28748,0,229.19,playing,0
2.3206,-543.1873,0,0,0.30501,0,229.9,playing,0
2.3373,-543.1873,0,0,0.30501,0,230.9,playing,0
2.3534,-504.0229,0,0,0.26881,0,232.27,playing,0
2.37,-414.0316,1,0,0.26881,0,233.84,playing,0
2.3863,-414.0316,0,0,0.18439,0,227.89,playing,0
2.4034,-357.6441,0,0,0.18439,0,221.87,playing,0
2.4201,-304.0142,0,0,0.22337,1,216.18,playing,0
2.4361,-304.0142,0,0,0.22337,0,211.1,playing,0
2.4517,-249.7093,0,0,0.16156,0,206.3,playing,0
2.4677,-249.7093,0,0,0.16156,0,201.79,playing,0
2.4842,-203.5769,0,0,0.18874,0,197.55,playing,0
2.5004,-203.5769,0,0,0.18874,0,193.37,playing,0
2.5171,-162.6692,0,0,0.16653,0,189.72,playing,0
2.5327,-162.6692,0,0,0.16653,0,186.35,playing,0
2.5489,-126.3584,0,0,0.16653,0,183.26,playing,0
2.5651,-126.3584,0,0,0.10203,0,180.45,playing,0
2.5807,-93.9897,0,0,0.10203,0,177.93,playing,0
2.5969,-93.9897,0,0,0.15053,0,175.68,playing,0
2.6141,-66.8534,0,0,0.23318,0,173.72,playing,0
2.6302,-66.8534,0,0,0.23318,0,171.95,playing,0
2.6473,-43.9586,0,0,0.20987,0,170.5,playing,0
2.6638,-43.9586,0,0,0.20987,0,169.37,playing,0
2.6799,-25.2904,0,0,0.25811,0,168.58,playing,0
2.696,-25.2904,0,0,0.25811,0,168.08,playing,0
2.712,-10.2755,0,0,0.26155,0,167.86,playing,0
2.7291,-10.2755,0,0,0.26155,0,167.94,playing,0
2.7457,1.2071,0,0,0.272,0,168.3,playing,0
2.7618,1.2071,0,0,0.272,0,169.0,playing,0
2.7779,9.9992,0,0,0.25079,0,169.94,playing,0
2.7943,9.9992,0,0,0.25079,0,171.17,playing,0
2.8104,16.316,0,0,0.23942,0,172.78,playing,0
2.8276,16.316,0,0,0.23942,0,174.59,playing,0
2.8437,20.5312,0,0,0.26127,0,176.82,playing,0
2.8597,20.5312,0,0,0.26127,0,179.2,playing,0
2.8758,23.1984,1,0,0.26127,0,181.87,playing,0
2.8919,23.1984,0,0,0.28689,0,175.91,playing,0
2.9084,24.3051,0,0,0.28689,0,170.24,playing,0
2.9246,24.1239,0,0,0.2801,0,164.52,playing,0
2.9411,24.1239,0,0,0.2801,0,159.43,playing,0
2.9567,24.1239,0,0,0.26253,0,154.61,playing,0
2.9732,23.5722,0,0,0.26253,0,150.08,playing,0
2.9897,23.5722,0,0,0.27634,0,145.58,playing,0
3.0062,20.1971,0,0,0.27634,0,141.63,playing,0
3.0231,10.8074,0,0,0.25816,0,137.75,playing,0
3.0396,10.8074,0,0,0.25816,0,134.38,playing,0
3.056,10.8074,0,0,0.26913,0,131.11,playing,0
3.0721,20.5113,0,0,0.26913,0,128.32,playing,0
3.0883,17.342,0,0,0.18884,0,125.81,playing,0
3.1047,17.342,0,0,0.18884,0,123.46,playing,0
3.1208,20.3023,0,0,0.19692,0,121.54,playing,0
3.1369,20.3023,0,0,0.19692,0,119.89,playing,0
3.1531,16.7164,0,0,0.23964,1,118.53,playing,0
3.1695,16.7164,0,0,0.23964,0,117.39,playing,0
3.1858,12.7892,0,0,0.12488,0,116.61,playing,0
3.202,12.7892,0,0,0.12488,0,116.11,playing,0
3.2184,12.7892,0,0,0.25025,0,115.89,playing,0
3.2348,12.7892,0,0,0.25025,0,115.97,playing,0
3.2508,12.7892,0,0,0.25025,0,116.33,playing,0
3.2674,5.9695,0,0,0.22379,0,116.97,playing,0
3.2835,5.9695,0,0,0.22379,0,117.97,playing,0
3.3,3.8045,0,0,0.22784,0,119.19,playing,0
3.3166,3.8045,0,0,0.22784,0,120.7,playing,0
3.3331,3.8045,0,0,0.25085,0,122.61,playing,0
3.3484,1.234,0,0,0.25085,0,124.7,playing,0
3.3653,1.234,0,0,0.22762,0,127.06,playing,0
3.3828,1.234,0,0,0.22762,0,129.9,playing,0
3.3992,0.2852,0,0,0.25847,0,133.05,playing,0
3.4157,0.2852,0,0,0.26214,0,136.51,playing,0
3.4323,0.2852,0,0,0.26214,0,140.06,playing,0
3.4493,-0.6859,0,0,0.23565,0,144.15,playing,0
3.4656,-0.6859,0,0,0.23565,0,148.55,playing,0
3.4821,-1.6233,0,0,0.26599,0,152.97,playing,0
3.4987,-1.6233,0,0,0.26599,0,157.99,playing,0
3.5152,-1.6233,0,0,0.25487,0,163.0,playing,0
3.5321,-1.8853,0,0,0.25487,0,168.64,playing,0
3.5473,-1.8853,0,0,0.25085,0,174.22,playing,0
3.5639,-1.8853,0,0,0.25085,0,180.09,playing,0
3.5799,-2.1476,0,0,0.25085,0,186.24,playing,0
3.5964,-2.1476,0,0,0.2429,0,192.68,playing,0
3.6128,-2.1476,0,0,0.2429,0,199.83,playing,0
3.6285,-1.7827,0,0,0.2735,0,206.84,playing,0
3.645,-1.7827,0,0,0.2735,0,214.13,playing,0
3.6607,-1.1587,0,0,0.27333,0,221.71,playing,0
3.6773,-1.1587,0,0,0.27333,0,229.57,playing,0
3.6938,-1.1587,0,0,0.26533,0,238.24,playing,0
3.7094,-0.606,0,0,0.26533,0,246.67,playing,0
3.726,-0.606,0,0,0.25085,0,255.39,playing,0
3.7421,-0.606,0,0,0.25085,0,264.4,playing,0
3.7595,-8.2555,0,0,0.26177,0,274.28,playing,0
3.7765,-8.2555,0,0,0.26177,0,284.48,playing,0
3.793,-8.2555,0,0,0.25,0,295.0,playing,0
3.8087,-2.0491,0,0,0.25,0,305.18,playing,0
3.8252,-2.0491,0,0,0.20693,0,315.64,playing,0
3.8419,-0.1188,0,0,0.20693,0,327.07,playing,0
3.8582,-0.1188,0,0,0.18934,0,338.12,playing,0
3.8747,-0.1188,0,0,0.18934,0,350.02,playing,0
3.8908,-0.1188,0,0,0.18266,0,361.22,playing,0
3.9069,-0.1188,0,0,0.18266,0,372.42,playing,0
3.9231,-0.1188,0,0,0.1561,0,383.62,playing,0
3.94,7.2005,0,0,0.1561,0,395.52,playing,0
3.9561,7.2005,0,0,0.1561,0,406.72,playing,0
3.972,7.2005,0,0,0.15599,0,417.92,dead,0
3.9885,7.2005,0,0,0.15599,0,429.12,dead,0
4.0051,7.2005,0,0,0.22003,1,441.02,dead,0
4.0222,7.098,0,0,0.22003,0,452.92,dead,0
4.0396,7.098,0,0,0.20118,0,464.82,dead,0
4.0561,7.098,0,0,0.25434,0,476.72,dead,0
4.0725,-0.534,0,0,0.25434,0,487.92,dead,0
4.0889,-0.534,0,0,0.24689,0,496.0,dead,0
4.1052,-0.534,0,0,0.24689,0,496.0,dead,0
4.1221,-1.2843,0,0,0.23328,0,496.0,dead,0
4.1375,-1.2843,0,0,0.23328,0,496.0,dead,0
4.1541,-1.2843,0,0,0.26983,0,496.0,dead,0
4.1694,-1.2843,0,0,0.26983,0,496.0,dead,0
4.1857,-1.2843,0,0,0.28422,0,496.0,dead,0
4.202,-1.5472,0,0,0.28422,0,496.0,dead,0
4.2179,-1.5472,0,0,0.25816,0,496.0,dead,0
4.2345,-1.5472,0,0,0.25816,0,496.0,dead,0
4.2511,-1.1113,0,0,0.26604,0,496.0,dead,0
4.2672,-1.1113,0,0,0.26604,0,496.0,dead,0
4.2835,-1.1113,0,0,0.26604,0,496.0,dead,0
4.3004,-0.9372,0,0,0.26528,0,496.0,dead,0
4.317,-0.9372,0,0,0.26528,0,496.0,dead,0
4.3336,-0.9372,0,0,0.25753,0,496.0,dead,0
4.3499,-0.9372,0,0,0.25753,0,496.0,dead,0
4.3665,-0.9372,0,0,0.29904,0,496.0,dead,0
4.3827,-0.1725,0,0,0.29904,0,496.0,dead,0
4.3991,-0.1725,0,0,0.24346,0,496.0,dead,0
4.4158,-0.1725,0,0,0.24346,0,496.0,dead,0
4.432,-0.3945,0,0,0.28222,0,496.0,dead,0
4.4487,-0.3945,0,0,0.28222,0,496.0,dead,0
4.4647,-0.3945,0,0,0.23949,0,496.0,dead,0
4.4815,-1.3639,0,0,0.23949,0,496.0,dead,0
4.498,-1.3639,0,0,0.24668,0,496.0,dead,0
4.5137,-10.0318,0,0,0.24668,0,496.0,dead,0
4.5298,-10.0318,0,0,0.22835,0,496.0,dead,0
4.5463,-10.0318,0,0,0.22835,0,496.0,dead,0
4.5635,-1.2637,0,0,0.15606,0,496.0,dead,0
4.58,-1.2637,0,0,0.15606,0,496.0,dead,0
4.5962,-1.2637,0,0,0.17599,0,496.0,dead,0
4.6123,6.5009,0,0,0.17599,0,496.0,dead,0
4.6289,6.5009,0,0,0.22374,1,496.0,dead,0
4.645,6.5009,0,0,0.22374,0,496.0,dead,0
4.6606,7.3588,0,0,0.22374,0,496.0,dead,0
4.6768,7.3588,0,0,0.22374,0,496.0,dead,0
4.6929,7.3588,0,0,0.22374,0,496.0,dead,0
4.7089,7.3588,0,0,0.17408,0,496.0,dead,0
4.7268,7.3588,0,0,0.17408,0,496.0,dead,0
4.7433,2.4103,0,0,0.1796,0,496.0,dead,0
4.7604,2.4103,0,0,0.1796,0,496.0,dead,0
4.7769,2.4103,0,0,0.23184,0,496.0,dead,0
4.7935,-0.0543,0,0,0.2736,0,496.0,dead,0
4.8102,-0.0543,0,0,0.2736,0,496.0,dead,0
4.8266,-0.0543,0,0,0.2735,0,496.0,dead,0
4.8426,-1.5176,0,0,0.2735,0,496.0,dead,0
4.8587,-1.5176,0,0,0.24278,0,496.0,dead,0
4.8749,-2.0382,0,0,0.24278,0,496.0,dead,0
4.8907,-2.0382,0,0,0.24684,0,496.0,dead,0
4.9071,-2.0382,0,0,0.24684,0,496.0,dead,0
4.9234,-1.5144,0,0,0.23193,0,496.0,dead,0
4.9398,-1.5144,0,0,0.23193,0,496.0,dead,0
4.9561,-1.5144,0,0,0.26907,0,496.0,dead,0
4.9725,-1.3381,0,0,0.26907,0,496.0,dead,0
4.9895,-1.3381,0,0,0.26907,0,496.0,dead,0
5.0059,-1.3381,0,0,0.25079,0,496.0,dead,0
5.0226,-1.5297,0,0,0.25079,0,496.0,dead,0
5.0392,-1.5297,0,0,0.25041,0,496.0,dead,0
5.0556,-1.6959,0,0,0.25041,0,496.0,dead,0
5.0716,-1.6959,0,0,0.25041,0,496.0,dead,0
5.0879,-1.6959,0,0,0.25041,0,496.0,dead,0
5.1043,-1.6975,0,0,0.26614,0,496.0,dead,0
5.1209,-1.6975,0,0,0.26614,0,496.0,dead,0
5.1367,-1.6975,0,0,0.25749,0,496.0,dead,0
5.1532,-1.3883,0,0,0.25749,0,496.0,dead,0
5.1703,-1.3883,0,0,0.26897,0,496.0,dead,0
5.1868,-1.3883,0,0,0.26897,0,496.0,dead,0
5.2035,-0.4175,0,0,0.26857,0,496.0,dead,0
5.2195,-0.4175,0,0,0.26857,0,496.0,dead,0
5.2354,0.7923,0,0,0.25763,0,496.0,dead,0
5.2519,0.7923,0,0,0.25763,0,496.0,dead,0
5.268,0.7923,0,0,0.24375,0,496.0,dead,0
5.2847,0.6391,0,0,0.24375,0,496.0,dead,0
5.3005,0.6391,0,0,0.27637,0,496.0,dead,0
5.3171,0.6391,0,0,0.27637,0,496.0,dead,0
5.3332,0.6364,0,0,0.25401,0,496.0,dead,0
5.3498,0.6364,0,0,0.25401,0,496.0,dead,0
5.3664,0.6364,0,0,0.25401,0,496.0,dead,0
5.3835,0.4573,0,0,0.20636,0,496.0,dead,0
5.3996,0.4573,0,0,0.2288,0,496.0,dead,0
5.4156,0.3403,0,0,0.2288,0,496.0,dead,0
5.432,0.3403,0,0,0.23933,0,496.0,dead,0
5.4486,0.3403,0,0,0.23933,0,496.0,dead,0
5.4654,-9.3176,0,0,0.23933,0,496.0,dead,0
5.4824,-9.3176,0,0,0.23933,0,496.0,dead,0
5.4986,-9.3176,0,0,0.19008,0,496.0,dead,0
5.5149,-4.3579,0,0,0.19008,0,496.0,dead,0
5.5316,-4.3579,0,0,0.22937,1,496.0,dead,0
5.5484,4.0874,0,0,0.22937,0,496.0,dead,0
5.5654,4.0874,0,0,0.19822,0,496.0,dead,0
5.5819,4.0874,0,0,0.19822,0,496.0,dead,0
5.5975,4.0874,0,0,0.1957,0,496.0,dead,0
5.6141,4.0874,0,0,0.1957,0,496.0,dead,0
5.6296,4.0874,0,0,0.17273,0,496.0,dead,0
5.6457,4.4734,0,0,0.17273,0,496.0,dead,0
5.6618,4.4734,0,0,0.14997,0,496.0,dead,0
5.6783,4.4734,0,0,0.14997,0,496.0,dead,0
5.6949,2.5331,0,0,0.14997,0,496.0,dead,0
5.7104,2.5331,0,0,0.16943,0,496.0,dead,0
5.7265,2.5331,0,0,0.16943,0,496.0,dead,0
5.7425,1.4907,0,0,0.19996,0,496.0,dead,0
5.7587,1.4907,0,0,0.19996,0,496.0,dead,0
5.7753,0.9444,0,0,0.22447,0,496.0,dead,0
5.7921,0.9444,0,0,0.22447,0,496.0,dead,0
5.8088,0.9444,0,0,0.16364,0,496.0,dead,0
5.8248,-0.0469,0,0,0.16364,0,496.0,dead,0
5.841,-0.0469,0,0,0.18227,0,496.0,dead,0
5.8572,-0.0469,0,0,0.18227,0,496.0,dead,0
5.8737,-0.3536,0,0,0.18227,0,496.0,dead,0
5.8898,-0.3536,0,0,0.18227,0,496.0,dead,0
5.9059,-0.3536,0,0,0.15351,0,496.0,dead,0
5.9224,-1.3111,0,0,0.15351,0,496.0,dead,0
5.9389,-1.3111,0,0,0.1757,0,496.0,dead,0
5.9555,-2.23,0,0,0.1757,0,496.0,dead,0
5.9725,-2.23,0,0,0.19992,0,496.0,dead,0
5.9891,-2.23,0,0,0.19992,0,496.0,dead,0
6.0051,-1.2751,0,0,0.20948,1,496.0,dead,0
6.0217,-1.2751,0,0,0.20948,0,496.0,dead,0
6.0378,-1.2751,0,0,0.23532,0,496.0,dead,0
6.0548,-0.8478,0,0,0.23532,0,496.0,dead,0
6.0718,-0.8478,0,0,0.23532,0,496.0,dead,0
6.0884,-0.7175,0,0,0.22823,0,496.0,dead,0
6.1054,-0.4248,0,0,0.22823,0,496.0,dead,0
6.122,-0.4248,0,0,0.21349,0,496.0,dead,0
6.1376,-0.5156,0,0,0.20228,0,496.0,dead,0
6.1542,-0.5156,0,0,0.20228,0,496.0,dead,0
6.1698,-0.5156,0,0,0.20566,0,496.0,dead,0
6.1864,0.0018,0,0,0.20566,0,496.0,dead,0
6.203,0.0018,0,0,0.23169,0,496.0,dead,0
6.2186,0.0018,0,0,0.23169,0,496.0,dead,0
6.2351,24.8687,1,0,0.20568,0,496.0,dead,0
6.2507,24.8687,0,0,0.20568,0,285.0,playing,0
6.2667,24.8687,0,0,0.20568,0,279.04,playing,0
6.2827,64.6218,0,0,0.20568,0,273.36,playing,0
6.2984,64.6218,0,0,0.17542,0,267.97,playing,0
6.3145,26.2937,0,0,0.17542,0,262.86,playing,0
6.331,26.2937,0,0,0.19118,0,258.02,playing,0
6.3466,26.2937,0,0,0.19118,0,253.47,playing,0
6.3628,-37.3008,0,0,0.19175,0,249.2,playing,0
6.3789,-37.3008,0,0,0.19175,0,245.22,playing,0
6.3954,-37.3008,0,0,0.19175,0,241.51,playing,0
6.4125,-27.9292,0,0,0.17038,0,237.89,playing,0
6.4292,-27.9292,0,0,0.17038,0,234.59,playing,0
6.4463,-27.9292,0,0,0.18479,0,231.61,playing,0
6.4628,-15.7668,0,0,0.18479,0,228.94,playing,0
6.4787,-15.7668,0,0,0.21416,1,226.71,playing,0
6.4951,-9.9355,0,0,0.21416,0,224.77,playing,0
6.5106,-9.9355,0,0,0.23123,0,223.11,playing,0
6.5273,-9.9355,0,0,0.23123,0,221.72,playing,0
6.5439,-6.0686,0,0,0.20636,0,220.57,playing,0
6.5597,-6.0686,0,0,0.20636,0,219.77,playing,0
6.5764,-6.0686,0,0,0.20636,0,219.25,playing,0
6.593,-0.1856,0,0,0.22458,0,219.02,playing,0
6.6085,-0.1856,0,0,0.22458,0,219.08,playing,0
6.6261,-0.1856,0,0,0.18034,0,219.46,playing,0
6.6422,2.0705,0,0,0.18034,0,220.1,playing,0
6.659,2.0705,0,0,0.18984,0,221.1,playing,0
6.6756,4.1867,0,0,0.18984,0,222.32,playing,0
6.6919,4.1867,0,0,0.20584,0,223.94,playing,0
6.7076,4.1867,0,0,0.20584,0,225.74,playing,0
6.7238,5.063,0,0,0.20584,0,227.83,playing,0
6.7399,5.063,0,0,0.20584,0,230.19,playing,0
6.7566,5.063,0,0,0.16738,0,232.84,playing,0
6.7726,4.9121,0,0,0.16738,0,235.97,playing,0
6.7892,4.9121,0,0,0.16738,0,239.2,playing,0
6.8051,4.9121,0,0,0.16738,0,242.71,playing,0
6.8217,3.273,0,0,0.16738,0,246.76,playing,0
6.8383,3.273,0,0,0.20543,1,250.85,playing,0
6.8548,3.273,0,0,0.20543,0,255.52,playing,0
6.8713,3.273,0,0,0.16904,0,260.19,playing,0
6.8879,3.273,0,0,0.16904,0,265.47,playing,0
6.9044,5.7898,0,0,0.17595,0,270.72,playing,0
6.9209,5.7898,0,0,0.17595,0,276.62,playing,0
6.9372,5.7898,0,0,0.18993,0,282.46,playing,0
6.9537,3.7911,0,0,0.18993,0,288.97,playing,0
6.9703,3.7911,0,0,0.19742,0,295.39,playing,0
6.9868,3.7911,0,0,0.19742,0,302.52,playing,0
7.0041,3.7911,0,0,0.18002,0,309.51,playing,0
7.0202,3.7911,0,0,0.18002,0,317.26,playing,0
7.0369,10.7427,0,0,0.20134,0,325.33,playing,0
7.0534,10.7427,0,0,0.20134,0,333.21,playing,0
7.0695,10.7427,0,0,0.28328,0,341.89,playing,0
7.086,10.5021,0,0,0.28328,0,350.35,playing,0
7.1016,10.5021,0,0,0.18329,0,359.09,playing,0
7.1182,10.5021,0,0,0.18329,0,368.11,playing,0
7.1352,7.7825,0,0,0.15965,0,378.01,playing,0
7.1517,7.7825,0,0,0.15965,0,388.23,playing,0
7.1678,7.7825,0,0,0.16445,0,398.12,playing,0
7.1843,5.6976,0,0,0.16445,0,408.31,playing,0
7.2005,5.6976,0,0,0.13628,0,419.44,playing,0
7.217,2.8904,0,0,0.13628,0,430.2,playing,0
7.2331,2.8904,0,0,0.14452,0,441.25,playing,0
7.2501,2.8904,0,0,0.14452,0,453.15,playing,0
7.2662,-1.1339,0,0,0.15058,0,464.35,playing,0
7.2827,-1.1339,0,0,0.15058,0,476.25,playing,0
7.2989,-1.1339,0,0,0.19742,0,487.45,playing,0
7.3154,-1.1339,0,0,0.19742,0,498.65,dead,0
7.3325,-1.1339,0,0,0.15709,0,496.0,dead,0
7.349,-2.2966,0,0,0.15709,0,496.0,dead,0
7.3646,-2.2062,0,0,0.17957,0,496.0,dead,0
7.3811,-2.2062,0,0,0.17957,0,496.0,dead,0
7.3982,-2.5675,0,0,0.17768,0,496.0,dead,0
7.4147,-2.5675,0,0,0.17768,0,496.0,dead,0
7.431,-2.5675,0,0,0.21806,1,496.0,dead,0
7.4465,-2.0236,0,0,0.21806,0,496.0,dead,0
7.4635,-2.0236,0,0,0.16774,0,496.0,dead,0
7.4811,-2.0236,0,0,0.16774,0,496.0,dead,0
7.4981,-2.4309,0,0,0.18589,0,496.0,dead,0
7.5157,-2.4309,0,0,0.18589,0,496.0,dead,0
7.5321,-2.2882,0,0,0.14753,0,496.0,dead,0
7.5486,-2.2882,0,0,0.14753,0,496.0,dead,0
7.5652,-2.2882,0,0,0.1978,0,496.0,dead,0
7.582,-17.8343,1,0,0.1978,0,496.0,dead,0
7.5992,-17.8343,0,0,0.22788,0,285.0,playing,0
7.6158,-17.8343,0,0,0.20688,0,278.69,playing,0
7.6316,-4.5469,0,0,0.20688,0,273.03,playing,0
7.6492,-4.5469,0,0,0.18151,0,267.65,playing,0
7.6647,-6.1409,0,0,0.18151,0,262.26,playing,0
7.6818,-6.1409,0,0,0.18151,0,257.46,playing,0
7.698,-6.1409,0,0,0.15447,0,252.68,playing,0
7.7145,9.3909,0,0,0.15447,0,248.46,playing,0
7.7311,9.3909,0,0,0.18561,0,244.3,playing,0
7.7477,9.3909,0,0,0.18561,0,240.67,playing,0
7.7637,8.7767,0,0,0.16795,0,237.12,playing,0
7.7804,8.7767,0,0,0.16795,0,234.07,playing,0
7.7965,8.7767,0,0,0.20445,0,231.14,playing,0
7.8136,4.9305,0,0,0.12387,0,228.67,playing,0
7.8297,4.9305,0,0,0.12387,0,226.36,playing,0
7.8469,3.3151,0,0,0.12387,0,224.46,playing,0
7.8624,3.3151,0,0,0.18329,0,222.77,playing,0
7.8797,3.3151,0,0,0.18329,0,221.46,playing,0
7.8958,1.1397,0,0,0.16232,0,220.38,playing,0
7.9125,1.1397,0,0,0.17541,0,219.65,playing,0
7.9288,1.1397,0,0,0.17541,0,219.19,playing,0
7.9455,1.1397,0,0,0.15712,0,219.04,playing,0
7.9616,1.1397,0,0,0.15712,0,219.2,playing,0
7.9777,1.1397,0,0,0.16028,0,219.63,playing,0
7.9936,-0.5326,0,0,0.16028,0,220.34,playing,0
8.0111,-0.5326,0,0,0.16028,0,221.34,playing,0
8.0281,-0.9492,0,0,0.18231,0,222.81,playing,0
8.0442,-0.9492,0,0,0.18231,0,224.4,playing,0
8.0613,-0.9492,0,0,0.19683,0,226.41,playing,0
8.0779,-0.9492,0,0,0.20243,0,228.74,playing,0
8.0939,-0.9492,0,0,0.20243,0,231.21,playing,0
8.1105,-0.9492,0,0,0.20243,0,233.96,playing,0
8.1271,-2.607,0,0,0.17853,0,237.21,playing,0
8.1437,-2.607,0,0,0.17853,0,240.54,playing,0
8.1594,-1.9224,0,0,0.16245,0,244.4,playing,0
8.1765,-1.9224,0,0,0.16245,0,248.32,playing,0
8.193,-1.9224,0,0,0.1897,0,252.8,playing,0
8.2086,-1.879,0,0,0.1897,1,257.29,playing,0
8.2247,-1.879,0,0,0.2168,0,262.07,playing,0
8.2419,-1.879,0,0,0.2168,0,267.13,playing,0
8.2584,-11.7851,1,0,0.18052,0,272.82,playing,0
8.2754,-11.7851,0,0,0.18052,0,266.51,playing,0
8.292,-11.7851,0,0,0.20836,0,260.52,playing,0
8.3085,8.9943,0,0,0.20836,0,255.16,playing,0
8.3246,8.9943,0,0,0.17704,0,249.78,playing,0
8.3416,-2.3589,0,0,0.17704,0,245.0,playing,0
8.3577,-2.3589,0,0,0.16476,0,240.24,playing,0
8.3747,-2.3589,0,0,0.16476,0,236.04,playing,0
8.3908,5.3546,0,0,0.15209,0,231.9,playing,0
8.4073,5.3546,0,0,0.15624,0,228.28,playing,0
8.4238,5.3546,0,0,0.15624,0,224.76,playing,0
8.4404,5.3546,0,0,0.15624,0,221.72,playing,0
8.4569,5.3546,0,0,0.15223,0,218.81,playing,0
8.4734,5.3546,0,0,0.15223,0,216.35,playing,0
8.49,2.74,0,0,0.13907,0,214.06,playing,0
8.5056,2.74,0,0,0.13907,0,212.19,playing,0
8.5221,1.2753,0,0,0.13907,0,210.59,playing,0
8.5383,1.2753,0,0,0.16084,0,209.28,playing,0
8.5553,1.2753,0,0,0.16084,0,208.21,playing,0
8.5717,-0.8864,0,0,0.16084,0,207.45,playing,0
8.5877,-0.8864,0,0,0.20949,1,207.02,playing,0
8.6043,-0.8864,0,0,0.20949,0,206.86,playing,0
8.6213,-1.1275,0,0,0.20949,0,207.02,playing,0
8.6384,-1.1275,0,0,0.15432,0,207.5,playing,0
8.655,-0.8272,0,0,0.15432,0,208.29,playing,0
8.6711,-0.8272,0,0,0.15432,0,209.32,playing,0
8.6874,-0.8272,0,0,0.19901,0,210.63,playing,0
8.7045,-1.4791,0,0,0.19901,0,212.34,playing,0
8.7209,-1.4791,0,0,0.19901,0,214.37,playing,0
8.7367,-1.4791,0,0,0.16414,0,216.56,playing,0
8.7527,-2.0811,0,0,0.16414,0,219.03,playing,0
8.769,-2.0811,0,0,0.16414,0,221.79,playing,0
8.7853,-2.0811,0,0,0.1791,0,224.82,playing,0
8.8018,-1.2667,0,0,0.1791,0,228.36,playing,0
8.8184,-1.2667,0,0,0.1791,0,231.98,playing,0
8.8349,-1.3697,0,0,0.16425,0,236.14,playing,0
8.851,-1.3697,0,0,0.16425,0,240.34,playing,0
8.8665,-1.3697,0,0,0.16425,0,244.82,playing,0
8.8836,-16.6518,1,0,0.19266,0,249.58,playing,0
8.9002,-16.6518,0,0,0.19266,0,243.26,playing,0
8.9168,-16.6518,0,0,0.19266,0,237.27,playing,0
8.9326,24.9326,0,0,0.24615,1,231.91,playing,0
8.9489,24.9326,0,0,0.24615,0,226.83,playing,0
8.9655,24.9326,0,0,0.24615,0,222.03,playing,0
8.9823,0.5576,0,0,0.23611,0,217.26,playing,0
8.9989,0.5576,0,0,0.23611,0,212.79,playing,0
9.0154,-0.3712,0,0,0.23611,0,208.88,playing,0
9.0315,-0.3712,0,0,0.18713,0,205.03,playing,0
9.0475,-0.3712,0,0,0.18713,0,201.7,playing,0
9.0639,2.3174,0,0,0.18713,0,198.64,playing,0
9.08,2.3174,0,0,0.20303,0,195.87,playing,0
9.0961,2.3174,0,0,0.20303,0,193.38,playing,0
9.1122,2.3671,0,0,0.20303,0,191.17,playing,0
9.1288,2.3671,0,0,0.18641,0,189.14,playing,0
9.1444,2.3671,0,0,0.18641,0,187.51,playing,0
9.1609,0.2939,0,0,0.18641,0,186.16,playing,0
9.1764,0.2939,0,0,0.16188,0,185.1,playing,0
9.1925,0.2939,0,0,0.16188,0,184.31,playing,0
9.209,-0.3827,0,0,0.16188,0,183.81,playing,0
9.2246,-0.3827,0,0,0.18708,0,183.59,playing,0
9.2414,-0.8303,0,0,0.18708,0,183.65,playing,0
9.258,-0.8303,0,0,0.18708,0,184.03,playing,0
9.274,-0.8303,0,0,0.20543,1,184.68,playing,0
9.2896,-1.4722,0,0,0.20543,0,185.6,playing,0
9.3055,-1.4722,0,0,0.20543,0,186.8,playing,0
9.3221,-1.4722,0,0,0.2181,0,188.29,playing,0
9.3387,-1.6181,0,0,0.2181,0,190.06,playing,0
9.3552,-1.6181,0,0,0.2181,0,192.25,playing,0
9.3718,-1.6181,0,0,0.20902,0,194.77,playing,0
9.3879,-1.279,0,0,0.20902,0,197.42,playing,0
9.4044,-1.279,0,0,0.20902,0,200.35,playing,0
9.421,-1.0638,0,0,0.22515,0,203.78,playing,0
9.4366,-1.0638,0,0,0.22515,0,207.29,playing,0
9.4531,-1.0638,0,0,0.22515,0,211.08,playing,0
9.4691,-0.5293,0,0,0.23527,0,215.15,playing,0
9.4862,-0.5293,0,0,0.23527,0,219.8,playing,0
9.5032,-0.5293,0,0,0.23527,0,224.76,playing,0
9.5203,-0.41,0,0,0.25453,0,230.05,playing,0
9.5374,-0.41,0,0,0.25453,0,235.65,playing,0
9.5543,-0.9707,0,0,0.25453,0,241.56,playing,0
9.5709,-0.9707,0,0,0.25453,0,247.8,playing,0
9.587,-0.9707,0,0,0.22931,0,253.95,playing,0
9.6031,-13.2051,1,0,0.22931,0,260.38,playing,0
9.6187,-13.2051,0,0,0.22931,0,254.42,playing,0
9.6352,-13.2051,0,0,0.24663,0,248.75,playing,0
9.6518,-3.1487,0,0,0.24663,0,243.03,playing,0
9.6683,-3.1487,0,0,0.24663,0,237.94,playing,0
9.6854,-3.1487,0,0,0.23657,0,232.84,playing,0
9.7024,4.1288,0,0,0.23657,0,228.06,playing,0
9.7195,4.1288,0,0,0.23657,0,223.6,playing,0
9.736,9.3434,0,0,0.1974,0,219.46,playing,0
9.7521,9.3434,0,0,0.1974,0,215.84,playing,0
9.7687,9.3434,0,0,0.1974,0,212.31,playing,0
9.7852,7.8129,0,0,0.14031,0,209.28,playing,0
9.8024,7.8129,0,0,0.14031,0,206.37,playing,0
9.8195,7.8129,0,0,0.14031,0,203.78,playing,0
9.8361,5.6961,0,0,0.19166,0,201.5,playing,0
9.8533,5.6961,0,0,0.19166,0,199.55,playing,0
9.8698,4.1377,0,0,0.19166,0,197.91,playing,0
9.8858,4.1377,0,0,0.19166,0,196.65,playing,0
9.9019,4.1377,0,0,0.17491,0,195.68,playing,0
9.918,0.4045,0,0,0.17491,0,194.98,playing,0
9.9335,0.4045,0,0,0.17491,0,194.57,playing,0
9.9503,0.4045,0,0,0.17431,0,194.43,playing,0
9.9674,-0.2139,0,0,0.17431,0,194.61,playing,0
9.9834,-0.2139,0,0,0.17431,0,195.1,playing,0
9.9997,-0.2139,0,0,0.18935,0,195.85,playing,0
10.0156,-1.257,0,0,0.18935,0,196.88,playing,0
10.0323,-1.257,0,0,0.18935,0,198.19,playing,0
10.0491,-1.257,0,0,0.20765,1,199.9,playing,1
10.0646,-0.9834,0,0,0.20765,0,201.79,playing,1
10.0817,-0.9834,0,0,0.20765,0,203.96,playing,1
10.0982,-1.209,0,0,0.25421,0,206.59,playing,1
10.1152,-1.209,0,0,0.25421,0,209.54,playing,1
10.1323,-1.209,0,0,0.25421,0,212.8,playing,1
10.1493,-1.9589,0,0,0.24235,0,216.38,playing,1
10.1663,-1.9589,0,0,0.24235,0,220.28,playing,1
10.1834,-1.9589,0,0,0.24235,0,224.49,playing,1
10.2,-2.3308,0,0,0.23858,0,229.03,playing,1
10.216,-2.3308,0,0,0.23858,0,233.57,playing,1
10.232,-9.716,1,0,0.23858,0,238.4,playing,1
10.2482,-9.716,0,0,0.2472,0,232.45,playing,1
10.2652,-9.716,0,0,0.2472,0,226.43,playing,1
10.2814,4.3785,0,0,0.2472,0,220.74,playing,1
10.298,4.3785,0,0,0.21741,0,215.66,playing,1
10.3135,4.3785,0,0,0.21741,0,210.86,playing,1
10.3305,-0.3862,0,0,0.21741,0,206.35,playing,1
10.3471,-0.3862,0,0,0.20445,0,201.87,playing,1
10.3626,-0.3862,0,0,0.20445,0,197.93,playing,1
10.3791,5.9216,0,0,0.20445,0,194.28,playing,1
10.3952,5.9216,0,0,0.21133,1,190.91,playing,1
10.4121,8.7621,0,0,0.21133,0,187.65,playing,1
10.4282,8.7621,0,0,0.21133,0,184.86,playing,1
10.4442,8.7621,0,0,0.19656,0,182.35,playing,1
10.4607,6.0617,0,0,0.19656,0,180.0,playing,1
10.4768,6.0617,0,0,0.19656,0,178.07,playing,1
10.4945,6.0617,0,0,0.19656,0,176.43,playing,1
10.511,4.1624,0,0,0.19929,0,174.93,playing,1
10.5265,4.1624,0,0,0.19929,0,173.88,playing,1
10.5431,4.1624,0,0,0.19929,0,173.11,playing,1
10.5591,2.1698,0,0,0.20893,0,172.63,playing,1
10.5747,2.1698,0,0,0.20893,0,172.43,playing,1
10.5912,0.2167,0,0,0.20893,0,172.51,playing,1
10.6082,0.2167,0,0,0.20843,0,172.91,playing,1
10.6243,0.2167,0,0,0.20843,0,173.63,playing,1
10.6402,-0.5357,0,0,0.20843,0,174.58,playing,1
10.6568,-0.5357,0,0,0.21282,0,175.82,playing,1
10.6733,-0.5357,0,0,0.21282,0,177.35,playing,1
10.6904,-0.927,0,0,0.21282,0,179.28,playing,1
10.7074,-0.927,0,0,0.21282,0,181.53,playing,1
10.724,-0.8917,0,0,0.21282,0,184.1,playing,1
10.7401,-0.8917,0,0,0.21282,0,186.8,playing,1
10.7566,-0.8917,0,0,0.25127,0,189.99,playing,1
10.7732,-1.3972,0,0,0.25127,0,193.27,playing,1
10.7904,-1.3972,0,0,0.25127,0,197.08,playing,1
10.8069,-1.3972,0,0,0.25861,0,201.2,playing,1
10.823,-2.5349,0,0,0.25861,0,205.36,playing,1
10.8385,-2.5349,0,0,0.25861,0,209.8,playing,1
10.8551,-2.5349,0,0,0.30193,0,214.53,playing,1
10.8718,-6.4449,0,0,0.30193,0,219.87,playing,1
10.888,-6.4449,0,0,0.30193,0,225.17,playing,1
10.9041,-16.3643,1,0,0.24219,0,230.76,playing,1
10.9198,-1.5616,0,0,0.24219,0,224.8,playing,1
10.9353,-1.5616,0,0,0.24219,0,219.13,playing,1
10.9525,11.2043,0,0,0.24219,0,213.73,playing,1
10.9695,11.2043,0,0,0.23973,0,208.32,playing,1
10.9865,11.2043,0,0,0.23973,0,203.22,playing,1
11.0031,-2.5574,0,0,0.23973,0,198.44,playing,1
11.0187,-2.5574,0,0,0.16217,0,194.22,playing,1
11.0347,-2.5574,0,0,0.16217,0,190.29,playing,1
11.0505,9.9976,0,0,0.16217,0,186.64,playing,1
11.0667,9.9976,0,0,0.15699,0,183.27,playing,1
11.0832,9.9976,0,0,0.15699,0,180.18,playing,1
11.1003,8.921,0,0,0.15699,0,177.21,playing,1
11.1173,8.921,0,0,0.15699,0,174.56,playing,1
11.1339,1.8724,0,0,0.13805,0,172.24,playing,1
11.1498,1.8724,0,0,0.13805,0,170.33,playing,1
11.1664,1.8724,0,0,0.13805,0,168.7,playing,1
11.1825,-0.4312,0,0,0.13622,0,167.28,playing,1
11.1996,-0.4312,0,0,0.13622,0,166.24,playing,1
11.2156,-0.4312,0,0,0.13622,0,165.44,playing,1
11.2325,-2.2843,0,0,0.17704,0,164.97,playing,1
11.249,-2.2843,0,0,0.17704,0,164.79,playing,1
11.2665,-3.3575,0,0,0.17704,0,164.91,playing,1
11.2846,-3.3575,0,0,0.227,1,165.44,playing,1
11.3012,-3.3575,0,0,0.227,0,166.23,playing,1
11.3178,-3.0402,0,0,0.227,0,167.35,playing,1
11.3338,-3.0402,0,0,0.23526,0,168.67,playing,1
11.3504,-3.0402,0,0,0.23526,0,170.28,playing,1
11.3664,-2.9703,0,0,0.23526,0,172.31,playing,1
11.3831,-2.9703,0,0,0.22645,0,174.5,playing,1
11.3986,-2.9703,0,0,0.22645,0,176.97,playing,1
11.4152,-2.8672,0,0,0.22645,0,179.73,playing,1
11.4317,-2.8672,0,0,0.24341,0,182.97,playing,1
11.4483,-2.5121,0,0,0.24341,0,186.31,playing,1
11.4653,-2.5121,0,0,0.24341,0,190.17,playing,1
11.4818,-2.5121,0,0,0.24373,0,194.34,playing,1
11.4974,-1.6176,0,0,0.24373,0,198.56,playing,1
11.5136,-1.6176,0,0,0.24373,0,203.06,playing,1
11.5302,-1.6176,0,0,0.25835,0,207.83,playing,1
11.5473,-10.1463,0,0,0.25835,0,213.23,playing,1
11.5643,-10.1463,0,0,0.25835,0,218.94,playing,1
11.5815,-0.7503,1,0,0.24219,0,224.97,playing,1
11.598,-0.7503,0,0,0.24219,0,218.66,playing,1
11.614,-0.7503,0,0,0.30599,0,213.0,playing,1
11.6301,-1.4975,0,0,0.30599,0,207.62,playing,1
11.6456,-1.4975,0,0,0.19953,0,202.52,playing,1
11.6621,-1.4975,0,0,0.19953,0,197.71,playing,1
11.6787,1.8702,0,0,0.15488,0,192.91,playing,1
11.6953,1.8702,0,0,0.15488,0,188.68,playing,1
11.7118,1.8702,0,0,0.16467,0,184.5,playing,1
11.7275,7.9958,0,0,0.16467,0,180.85,playing,1
11.7436,7.9958,0,0,0.16127,0,177.47,playing,1
11.76,8.6003,0,0,0.16127,0,174.38,playing,1
11.7762,7.7174,0,0,0.16127,0,171.58,playing,1
11.7921,7.7174,0,0,0.16127,0,169.05,playing,1
11.8081,4.4029,0,0,0.14693,0,166.81,playing,1
11.8247,4.4029,0,0,0.14693,0,164.74,playing,1
11.8405,4.4029,0,0,0.177,0,163.07,playing,1
11.8568,2.4712,0,0,0.177,0,161.69,playing,1
11.8731,2.4712,0,0,0.15468,0,160.59,playing,1
11.8899,2.4712,0,0,0.15468,0,159.74,playing,2
11.9055,0.9661,0,0,0.14983,0,159.22,playing,2
11.9224,0.9661,0,0,0.14983,0,158.98,playing,2
11.9392,0.5825,0,0,0.22346,1,159.05,playing,2
11.9547,0.5825,0,0,0.22346,0,159.39,playing,2
11.9713,0.5825,0,0,0.19872,0,160.01,playing,2
11.9878,-0.3952,0,0,0.19872,0,160.99,playing,2
12.0039,-0.3952,0,0,0.22843,0,162.2,playing,2
12.0197,-0.3952,0,0,0.22843,0,163.68,playing,2
12.0357,-0.9942,0,0,0.21261,0,165.45,playing,2
12.0514,-0.9942,0,0,0.21261,0,167.5,playing,2
12.0674,-0.9942,0,0,0.24742,0,169.83,playing,2
12.0845,-1.5867,0,0,0.24742,0,172.45,playing,2
12.1006,-1.5867,0,0,0.24742,0,175.54,playing,2
12.1172,-1.5867,0,0,0.24742,0,178.73,playing,2
12.1323,-1.1001,0,0,0.19545,0,182.21,playing,2
12.1489,-1.1001,0,0,0.19545,0,185.97,playing,2
12.1649,-0.9445,0,0,0.24711,0,190.0,playing,2
12.1806,-0.9445,0,0,0.24711,0,194.32,playing,2
12.1966,-0.9445,0,0,0.27266,0,198.93,playing,2
12.2132,-1.1677,0,0,0.27266,0,203.81,playing,2
12.2301,-1.1677,0,0,0.24237,0,209.31,playing,2
12.2467,-1.1677,0,0,0.24237,0,215.14,playing,2
12.2629,-0.7297,0,0,0.27183,0,220.9,playing,2
12.2784,-0.7297,0,0,0.27183,0,226.95,playing,2
12.2951,-0.7297,0,0,0.23901,0,233.27,playing,2
12.3118,-0.6004,0,0,0.23901,0,240.31,playing,2
12.3278,-0.6004,0,0,0.22867,0,247.22,playing,2
12.3443,-0.1996,0,0,0.22867,0,254.41,playing,2
12.3611,-0.4334,0,0,0.25817,0,262.36,playing,2
12.3764,-0.4334,0,0,0.25817,0,270.13,playing,2
12.3934,-0.4694,0,0,0.22515,0,278.19,playing,2
12.4117,-0.4694,0,0,0.22515,0,287.06,playing,2
12.4291,-0.4694,0,0,0.22706,0,297.37,playing,2
12.4467,-0.7688,0,0,0.22706,0,306.92,playing,2
12.4631,-0.7688,0,0,0.22706,0,316.78,playing,2
12.4791,-1.804,0,0,0.22706,0,326.34,playing,2
12.4958,-14.0273,1,0,0.25811,0,336.83,playing,2
12.5119,-14.0273,0,0,0.25811,0,330.87,playing,2
12.5277,-9.3894,0,0,0.28607,0,325.19,playing,2
12.544,-9.3894,0,0,0.28607,0,319.79,playing,2
12.5602,-9.3894,0,0,0.24668,0,314.68,playing,2
12.5773,-2.2763,0,0,0.24668,0,309.57,playing,2
12.5938,-2.2763,0,0,0.24304,0,304.77,playing,2
12.61,-2.2763,0,0,0.24304,0,300.54,playing,2
12.6265,5.1037,0,0,0.18329,0,296.58,playing,2
12.6426,5.1037,0,0,0.18329,0,292.7,playing,2
12.6589,5.1037,0,0,0.16009,0,289.33,playing,2
12.675,5.1037,0,0,0.16009,0,286.24,playing,2
12.6905,5.1037,0,0,0.17179,0,283.43,playing,2
12.707,5.8012,0,0,0.17179,0,280.91,playing,2
12.7232,5.8012,0,0,0.18931,0,278.66,playing,2
12.7401,5.8012,0,0,0.18931,0,276.59,playing,2
12.7556,3.6149,0,0,0.1475,0,274.93,playing,2
12.7722,3.6149,0,0,0.1475,0,273.55,playing,2
12.7887,3.6149,0,0,0.1475,0,272.4,playing,2
12.8048,1.3002,0,0,0.1475,0,271.6,playing,2
12.8209,1.3002,0,0,0.18017,0,271.08,playing,2
12.8365,1.3002,0,0,0.18017,0,270.84,playing,2
12.8532,0.7608,0,0,0.17459,0,270.88,playing,2
12.869,0.7608,0,0,0.17459,0,271.21,playing,2
12.8852,0.0251,0,0,0.20079,0,271.81,playing,2
12.9007,0.0251,0,0,0.20079,0,272.7,playing,2
12.9167,0.0251,0,0,0.21718,1,273.87,playing,2
12.9332,-0.7345,0,0,0.21718,0,275.32,playing,2
12.9507,-0.7345,0,0,0.21088,0,277.18,playing,2
12.9669,-0.7345,0,0,0.21088,0,279.36,playing,2
12.9841,-0.9871,0,0,0.23204,0,281.85,playing,2
12.9996,-0.9871,0,0,0.23204,0,284.48,playing,2
13.0159,-0.9871,0,0,0.2109,0,287.4,playing,2
13.0318,-1.393,0,0,0.2109,0,290.59,playing,2
13.0484,-1.393,0,0,0.24261,0,294.06,playing,2
13.0647,-1.3562,0,0,0.24261,0,298.08,playing,2
13.081,-1.3562,0,0,0.2622,0,302.13,playing,2
13.0965,-1.3562,0,0,0.2622,0,306.47,playing,2
13.1128,-1.4236,0,0,0.25041,0,311.09,playing,2
13.1294,-1.4236,0,0,0.25041,0,315.99,playing,2
13.1454,-1.4236,0,0,0.22794,0,321.51,playing,2
13.1619,-1.7129,0,0,0.22794,0,327.0,playing,2
13.1782,-1.7129,0,0,0.23193,0,332.76,playing,2
13.195,-1.7129,0,0,0.23193,0,339.2,playing,2
13.2107,-13.3196,1,0,0.26593,0,345.54,playing,2
13.2268,-13.3196,0,0,0.26593,0,339.59,playing,2
13.2431,-13.3196,0,0,0.22789,0,333.91,playing,2
13.2599,-2.193,0,0,0.22789,0,328.2,playing,2
13.2766,-2.193,0,0,0.22388,0,323.1,playing,2
13.2926,-2.6263,0,0,0.22388,0,318.0,playing,2
13.3088,-2.6263,0,0,0.17298,0,313.49,playing,2
13.3248,-2.6263,0,0,0.17298,0,309.25,playing,2
13.3408,1.6278,0,0,0.25423,1,305.3,playing,2
13.3569,1.6278,0,0,0.25423,0,301.63,playing,2
13.3733,1.6278,0,0,0.2029,0,298.24,playing,2
13.39,10.9227,0,0,0.2029,0,294.96,playing,2
13.406,10.9227,0,0,0.18461,0,292.15,playing,2
13.4216,10.9227,0,0,0.18461,0,289.63,playing,2
13.4381,8.9708,0,0,0.24987,0,287.38,playing,2
13.4547,8.9708,0,0,0.24987,0,285.31,playing,2
13.4712,4.3402,0,0,0.21202,0,283.65,playing,2
13.4882,4.3402,0,0,0.21202,0,282.2,playing,2
13.5052,4.3402,0,0,0.16484,0,281.07,playing,2
13.5223,2.0898,0,0,0.16484,0,280.25,playing,2
13.5394,2.0898,0,0,0.15922,0,279.76,playing,2
13.556,2.0898,0,0,0.15922,0,279.58,playing,2
13.5721,0.2457,0,0,0.17486,0,279.69,playing,2
13.5881,0.2457,0,0,0.17486,0,280.09,playing,2
13.604,-0.5617,0,0,0.18571,0,280.76,playing,2
13.6198,-0.5617,0,0,0.18571,0,281.72,playing,2
13.6358,-0.5617,0,0,0.22337,1,282.96,playing,2
13.6519,-0.5617,0,0,0.22337,0,284.48,playing,2
13.6684,-0.5617,0,0,0.24311,0,286.29,playing,2
13.6849,-0.5617,0,0,0.24311,0,288.52,playing,2
13.701,-2.6956,0,0,0.24309,0,290.9,playing,2
13.717,-2.6956,0,0,0.24309,0,293.57,playing,2
13.7336,-2.6956,0,0,0.24284,0,296.52,playing,3
13.7501,-2.0608,0,0,0.24284,0,299.97,playing,3
13.7666,-2.0608,0,0,0.21071,0,303.73,playing,3
13.7837,-1.8376,0,0,0.21071,0,307.56,playing,3
13.7997,-1.8376,0,0,0.24213,0,311.95,playing,3
13.8162,-1.8376,0,0,0.24213,0,316.35,playing,3
13.8323,-2.2085,0,0,0.24237,0,321.35,playing,3
13.849,-2.2085,0,0,0.24237,0,326.34,playing,3
13.865,-2.2085,0,0,0.24658,0,331.61,playing,3
13.881,-15.6598,1,0,0.24658,0,337.17,playing,3
13.8967,-15.6598,0,0,0.20997,0,331.21,playing,3
13.9129,-15.6598,0,0,0.20997,0,325.53,playing,3
13.9289,23.8521,0,0,0.23886,0,320.14,playing,3
13.9449,23.8521,0,0,0.23886,0,315.02,playing,3
13.9605,23.8521,0,0,0.1864,0,310.19,playing,3
13.9771,-4.0928,0,0,0.1864,0,305.64,playing,3
13.9937,-4.0928,0,0,0.23884,1,301.12,playing,3
14.0095,2.4024,0,0,0.23884,0,297.15,playing,3
14.026,3.4422,0,0,0.18507,0,293.46,playing,3
14.0415,3.4422,0,0,0.18507,0,290.06,playing,3
14.0581,2.0875,0,0,0.20979,0,286.93,playing,3
14.0748,2.0875,0,0,0.20979,0,283.93,playing,3
14.091,2.0875,0,0,0.17547,0,281.39,playing,3
14.1072,0.4464,0,0,0.17547,0,279.13,playing,3
14.1243,0.4464,0,0,0.1612,0,277.04,playing,3
14.1411,0.4464,0,0,0.1612,0,275.27,playing,3
14.1583,-0.7272,0,0,0.17884,0,273.82,playing,3
14.1748,-0.7272,0,0,0.17884,0,272.69,playing,3
14.1909,-1.4242,0,0,0.18255,0,271.9,playing,3
14.2069,-1.4242,0,0,0.18255,0,271.4,playing,3
14.2225,-1.4242,0,0,0.19223,0,271.18,playing,3
14.2385,-1.9755,0,0,0.19223,0,271.24,playing,3
14.2546,-1.9755,0,0,0.2237,1,271.58,playing,3
14.2711,-1.9755,0,0,0.2237,0,272.21,playing,3
14.2869,-1.8211,0,0,0.23565,0,273.11,playing,3
14.3027,-1.8211,0,0,0.23565,0,274.3,playing,3
14.3184,-1.8211,0,0,0.24988,0,275.77,playing,3
14.3355,-1.3885,0,0,0.24988,0,277.52,playing,3
14.352,-1.3885,0,0,0.23536,0,279.7,playing,3
14.3676,-1.3885,0,0,0.23536,0,282.03,playing,3
14.3837,-1.3885,0,0,0.23951,0,284.64,playing,3
14.4006,-1.3885,0,0,0.23951,0,287.54,playing,3
14.4173,-0.5249,0,0,0.2461,0,290.93,playing,3
14.4338,-0.5249,0,0,0.2461,0,294.64,playing,3
14.4499,-0.5249,0,0,0.23184,0,298.42,playing,3
14.4664,-0.8868,0,0,0.23184,0,302.47,playing,3
14.4824,-0.8868,0,0,0.25076,0,307.1,playing,3
14.4991,-0.8868,0,0,0.25076,0,311.74,playing,3
14.5163,-0.8626,0,0,0.26546,0,316.98,playing,3
14.5326,-0.8626,0,0,0.26546,0,322.54,playing,3
14.5488,-0.8626,0,0,0.23928,0,328.06,playing,3
14.5643,-0.8626,0,0,0.23928,0,333.86,playing,3
14.5807,-0.8626,0,0,0.22457,0,339.94,playing,3
14.5974,-0.7002,0,0,0.22457,0,346.3,playing,3
14.6145,-0.7002,0,0,0.21034,0,353.38,playing,3
14.631,-0.7002,0,0,0.21034,0,360.77,playing,3
14.6471,-0.4306,0,0,0.25083,0,368.01,playing,3
14.6627,-0.4306,0,0,0.25083,0,375.54,playing,3
14.6794,-0.4306,0,0,0.22423,0,383.34,playing,3
14.6964,-8.3259,1,0,0.22423,0,391.95,playing,3
14.7135,-8.3259,0,0,0.26599,0,385.64,playing,3
14.7305,-8.3259,0,0,0.26599,0,379.65,playing,3
14.7471,-8.3259,0,0,0.1808,0,373.97,playing,3
14.7631,-8.3259,0,0,0.1808,0,368.91,playing,3
14.7802,-2.0106,0,0,0.16889,0,363.85,playing,3
14.7967,-2.0106,0,0,0.16889,0,359.11,playing,3
14.8132,-2.0106,0,0,0.21538,1,354.93,playing,3
14.83,10.525,0,0,0.21538,0,350.8,playing,3
14.8461,10.525,0,0,0.17686,0,347.2,playing,3
14.8631,9.3223,0,0,0.17686,0,343.7,playing,3
14.8797,9.3223,0,0,0.18462,0,340.51,playing,3
14.8956,9.3223,0,0,0.18462,0,337.79,playing,3
14.9115,4.9327,0,0,0.15196,0,335.35,playing,3
14.9278,4.9327,0,0,0.15196,0,333.19,playing,3
14.944,4.9327,0,0,0.15683,0,331.32,playing,3
14.9594,3.5024,0,0,0.15683,0,329.72,playing,3
14.9765,3.5024,0,0,0.2173,0,328.41,playing,3
14.993,3.5024,0,0,0.2173,0,327.33,playing,3
15.0091,1.9649,0,0,0.23974,0,326.6,playing,3
15.0261,1.9649,0,0,0.23974,0,326.14,playing,3
15.0421,1.9649,0,0,0.21339,0,325.99,playing,3
15.0588,-0.0772,0,0,0.21339,0,326.15,playing,3
15.0751,-0.0772,0,0,0.24286,0,326.58,playing,3
15.0917,-0.758,0,0,0.24286,0,327.36,playing,3
15.1079,-0.758,0,0,0.23928,0,328.37,playing,3
15.1238,-0.758,0,0,0.23928,0,329.66,playing,3
15.1399,-1.2686,0,0,0.26931,0,331.24,playing,3
15.1559,-1.2686,0,0,0.26931,0,333.09,playing,3
15.172,-1.2686,0,0,0.26907,0,335.23,playing,3
15.1876,-1.6212,0,0,0.26907,0,337.65,playing,3
15.2041,-1.6212,0,0,0.28317,0,340.35,playing,3
15.2193,-1.6212,0,0,0.28317,0,343.33,playing,3
15.236,-0.9867,0,0,0.23574,0,346.6,playing,3
15.2518,-0.9867,0,0,0.23574,0,350.14,playing,3
15.2685,-0.9867,0,0,0.24305,0,353.97,playing,3
15.2855,-1.04,0,0,0.24305,0,358.35,playing,3
15.3024,-1.04,0,0,0.26177,0,363.06,playing,3
15.3191,-1.1506,0,0,0.26177,0,368.08,playing,3
15.3352,-1.1506,0,0,0.28282,0,373.08,playing,3
15.3517,-1.1506,0,0,0.28282,0,378.72,playing,3
15.3679,-3.3209,0,0,0.2966,0,384.31,playing,3
15.3839,-3.3209,0,0,0.2966,0,390.18,playing,3
15.4007,-3.3209,0,0,0.269,0,396.33,playing,3
15.4169,-4.4628,0,0,0.269,0,403.18,playing,3
15.433,-4.4628,0,0,0.27696,0,409.91,playing,3
15.4495,-15.6716,1,0,0.27696,0,416.92,dead,3
15.4657,-8.7328,0,0,0.2913,0,285.0,playing,0
15.4824,-8.7328,0,0,0.2913,0,279.04,playing,0
15.4987,-8.7328,0,0,0.19341,0,273.03,playing,0
15.5152,-8.7328,0,0,0.19341,0,267.65,playing,0
15.5319,-8.7328,0,0,0.17508,0,262.26,playing,0
15.5475,5.9684,0,0,0.17508,0,257.46,playing,0
15.564,5.9684,0,0,0.17508,0,252.94,playing,0
15.5807,5.9684,0,0,0.18805,0,248.46,playing,0
15.5969,9.7385,0,0,0.21381,1,244.53,playing,0
15.613,9.7385,0,0,0.21381,0,240.88,playing,0
15.6292,9.7385,0,0,0.21381,0,237.51,playing,0
15.6459,8.0239,0,0,0.22261,0,234.24,playing,0
15.6636,8.0239,0,0,0.22261,0,231.45,playing,0
15.6801,5.1862,0,0,0.20214,0,228.67,playing,0
15.6963,5.1862,0,0,0.20214,0,226.48,playing,0
15.7129,5.1862,0,0,0.20562,0,224.47,playing,0
15.729,2.1352,0,0,0.19381,0,222.85,playing,0
15.7446,2.1352,0,0,0.19381,0,221.52,playing,0
15.7616,2.1352,0,0,0.19381,0,220.48,playing,0
15.7777,0.9641,0,0,0.20948,0,219.68,playing,0
15.7947,0.9641,0,0,0.20948,0,219.21,playing,0
15.8108,-0.7693,0,0,0.2542,0,219.03,playing,0
15.8274,-0.7693,0,0,0.2542,0,219.15,playing,0
15.8437,-0.7693,0,0,0.26506,0,219.59,playing,0
15.8597,-0.5405,0,0,0.26506,0,220.28,playing,0
15.8762,-0.5405,0,0,0.28514,0,221.26,playing,0
15.8933,-0.5405,0,0,0.28514,0,222.61,playing,0
15.9102,-0.6517,0,0,0.30632,0,224.29,playing,0
15.9269,-0.6517,0,0,0.30632,0,226.28,playing,0
15.9425,-0.6517,0,0,0.26127,0,228.43,playing,0
15.959,-1.1454,0,0,0.26127,0,230.87,playing,0
15.9746,-1.1454,0,0,0.23928,0,233.59,playing,0
15.9915,-0.9811,0,0,0.23928,0,236.59,playing,0
16.008,-0.9811,0,0,0.28379,0,240.09,playing,0
16.0236,-0.9811,0,0,0.28379,0,243.67,playing,0
16.0406,-1.3164,0,0,0.27219,0,247.54,playing,0
16.0572,-1.3164,0,0,0.27219,0,251.96,playing,0
16.0743,-1.3164,0,0,0.28269,0,256.7,playing,0
16.0907,-1.0748,0,0,0.28269,0,261.75,playing,0
16.1068,-1.0748,0,0,0.28101,0,266.8,playing,0
16.1234,-0.8663,0,0,0.28101,0,272.12,playing,0
16.14,-12.9008,1,0,0.2615,0,278.09,playing,0
16.1557,-12.9008,0,0,0.2615,0,272.13,playing,0
16.1723,-13.5276,0,0,0.23623,0,266.46,playing,0
16.1893,-13.5276,0,0,0.23623,0,260.74,playing,0
16.2056,-13.5276,0,0,0.19043,0,255.35,playing,0
16.222,-7.6819,0,0,0.19043,0,250.55,playing,0
16.2384,-7.6819,0,0,0.1899,0,246.04,playing,0
16.2554,-7.6819,0,0,0.1899,0,241.56,playing,0
16.2717,10.0186,0,0,0.1899,0,237.39,playing,0
16.2883,10.0186,0,0,0.1899,0,233.76,playing,0
16.305,10.2604,0,0,0.1899,0,230.21,playing,0
16.321,10.2604,0,0,0.16538,0,227.16,playing,0
16.3368,10.2604,0,0,0.16538,0,224.39,playing,0
16.3534,5.3502,0,0,0.20058,0,221.9,playing,0
16.37,5.3502,0,0,0.20058,0,219.57,playing,0
16.386,5.3502,0,0,0.13644,0,217.66,playing,0
16.4016,3.6761,0,0,0.13644,0,216.03,playing,0
16.4176,3.6761,0,0,0.24331,1,214.68,playing,0
16.4342,3.6761,0,0,0.24331,0,213.62,playing,0
16.4503,2.5815,0,0,0.21493,0,212.83,playing,0
16.4668,2.5815,0,0,0.21493,0,212.32,playing,0
16.4829,2.5815,0,0,0.22007,0,212.11,playing,0
16.4991,0.0599,0,0,0.22007,0,212.19,playing,0
16.5155,0.0599,0,0,0.23967,0,212.55,playing,0
16.5325,-1.35,0,0,0.23967,0,213.25,playing,0
16.5489,-1.35,0,0,0.2431,0,214.27,playing,0
16.565,-1.35,0,0,0.2431,0,215.51,playing,0
16.5818,-2.4176,0,0,0.24615,0,217.15,playing,0
16.5982,-2.4176,0,0,0.24615,0,218.97,playing,0
16.6147,-2.4176,0,0,0.24615,0,221.22,playing,0
16.6312,-2.4176,0,0,0.26262,0,223.62,playing,0
16.6478,-2.4176,0,0,0.26262,0,226.49,playing,0
16.6643,-3.3697,0,0,0.28336,0,229.47,playing,0
16.6809,-3.7747,0,0,0.28336,0,232.96,playing,0
16.697,-3.7747,0,0,0.28336,0,236.52,playing,0
16.7131,-3.0999,0,0,0.24663,0,240.37,playing,0
16.7289,-3.0999,0,0,0.24663,0,244.49,playing,0
16.7446,-3.0999,0,0,0.20244,0,248.9,playing,0
16.761,-3.3124,0,0,0.20244,0,253.59,playing,0
16.7772,-3.3124,0,0,0.25873,1,258.56,playing,0
16.7925,-3.3124,0,0,0.25873,0,263.82,playing,0
16.8096,-2.6585,0,0,0.23875,0,269.35,playing,0
16.8262,-2.6585,0,0,0.23875,0,275.55,playing,0
16.8424,-2.6585,0,0,0.26567,0,281.66,playing,0
16.8591,-2.361,0,0,0.26567,0,288.48,playing,0
16.8752,-2.361,0,0,0.23589,0,295.17,playing,0
16.8919,-2.371,0,0,0.23589,0,302.61,playing,0
16.9085,-2.371,0,0,0.25714,0,309.88,playing,0
16.9253,-2.371,0,0,0.25714,0,317.93,playing,0
16.9416,-10.3224,1,0,0.26238,0,326.3,playing,0
16.9585,-10.3224,0,0,0.26238,0,320.34,playing,0
16.9748,-10.3224,0,0,0.26238,0,314.33,playing,0
16.9912,-5.3577,0,0,0.26238,0,308.95,playing,0
17.0078,-5.3577,0,0,0.18931,0,303.56,playing,0
17.0238,-5.3577,0,0,0.18931,0,298.76,playing,0
17.0399,10.6191,0,0,0.17283,0,294.24,playing,0
17.0559,10.6191,0,0,0.17283,0,290.01,playing,0
17.0723,9.0994,0,0,0.17257,0,286.06,playing,0
17.0891,9.0994,0,0,0.17257,0,282.18,playing,0
17.1044,9.0994,0,0,0.17257,0,278.81,playing,0
17.1216,6.5222,0,0,0.18649,0,275.72,playing,0
17.139,6.5222,0,0,0.18649,1,272.75,playing,0
17.1565,6.5222,0,0,0.21657,0,269.97,playing,0
17.1735,2.5143,0,0,0.21657,0,267.66,playing,0
17.1897,2.5143,0,0,0.24107,0,265.67,playing,0
17.2063,1.2341,0,0,0.24107,0,264.07,playing,0
17.223,1.2341,0,0,0.26853,0,262.7,playing,0
17.2396,1.2341,0,0,0.26853,0,261.68,playing,0
17.2561,-1.0004,0,0,0.24705,0,260.93,playing,0
17.2726,-1.0004,0,0,0.24705,0,260.49,playing,0
17.2888,-1.0004,0,0,0.22927,0,260.35,playing,0
17.3068,-1.7154,0,0,0.22927,0,260.5,playing,0
17.3234,-1.7154,0,0,0.22927,0,261.03,playing,0
17.34,-1.9783,0,0,0.22423,0,261.84,playing,0
17.3561,-1.9783,0,0,0.22423,0,262.88,playing,0
17.372,-1.9783,0,0,0.22423,0,264.21,playing,0
17.3891,-1.9783,0,0,0.26435,0,265.94,playing,0
17.4051,-1.9783,0,0,0.26435,0,267.85,playing,0
17.4216,-1.9783,0,0,0.28146,0,270.2,playing,0
17.4382,-1.0748,0,0,0.28146,0,272.69,playing,0
17.4537,-1.0748,0,0,0.2487,0,275.46,playing,0
17.4707,-1.0748,0,0,0.2487,0,278.51,playing,0
17.4872,-0.442,0,0,0.25051,0,282.07,playing,0
17.5038,-0.442,0,0,0.28788,0,285.95,playing,0
17.5195,-0.2281,0,0,0.28788,0,289.88,playing,0
17.5365,-0.2281,0,0,0.28788,0,294.1,playing,0
17.5531,-0.2281,0,0,0.3096,0,298.89,playing,0
17.5697,-0.0361,0,0,0.3096,0,303.69,playing,0
17.5854,-0.0361,0,0,0.27951,0,309.1,playing,0
17.602,-0.0361,0,0,0.27951,0,314.48,playing,0
17.619,0.8468,0,0,0.30019,0,320.51,playing,0
17.6356,0.8468,0,0,0.28605,0,326.46,playing,0
17.6518,0.8468,0,0,0.28605,0,333.11,playing,0
17.6689,0.909,0,0,0.28605,0,339.65,playing,0
17.6854,0.909,0,0,0.28605,0,346.91,playing,0
17.7014,1.3558,0,0,0.28605,0,354.5,dead,0
17.7175,1.3558,0,0,0.27656,0,361.91,dead,0
17.7346,1.3558,0,0,0.27656,0,369.61,dead,0
17.7511,1.0537,0,0,0.26279,0,378.11,dead,0
17.7682,1.0537,0,0,0.26279,0,386.39,dead,0
17.7852,1.0537,0,0,0.27246,0,396.06,dead,0
17.8023,1.1518,0,0,0.30022,0,405.51,dead,0
17.819,1.1518,0,0,0.30022,0,415.28,dead,0
17.8352,1.489,0,0,0.30022,0,424.76,dead,0
17.8523,1.4139,0,0,0.26722,0,435.15,dead,0
17.8688,1.4139,0,0,0.26722,0,445.85,dead,0
17.8847,1.0481,0,0,0.28267,0,456.21,dead,0
17.9008,1.0481,0,0,0.28267,0,466.85,dead,0
17.9168,1.0481,0,0,0.27546,0,477.77,dead,0
17.9334,0.8729,0,0,0.27546,0,488.97,dead,0
17.9499,0.8729,0,0,0.25984,0,496.0,dead,0
17.9664,0.8729,0,0,0.25984,0,496.0,dead,0
17.983,0.9757,0,0,0.24178,0,496.0,dead,0
17.999,0.9757,0,0,0.24178,0,496.0,dead,0
18.0151,0.6574,0,0,0.24178,0,496.0,dead,0
18.0311,0.6574,0,0,0.24178,0,496.0,dead,0
18.0471,0.6574,0,0,0.27673,0,496.0,dead,0
18.0631,0.6417,0,0,0.27673,0,496.0,dead,0
18.0798,0.6417,0,0,0.28491,0,496.0,dead,0
18.0959,0.6417,0,0,0.28491,0,496.0,dead,0
18.112,0.952,0,0,0.25684,0,496.0,dead,0
18.1286,0.952,0,0,0.25684,0,496.0,dead,0
18.1452,0.952,0,0,0.23145,0,496.0,dead,0
18.1619,-0.4376,0,0,0.23145,0,496.0,dead,0
18.1779,-0.4376,0,0,0.26674,0,496.0,dead,0
18.1944,-0.5402,0,0,0.26674,0,496.0,dead,0
18.211,-0.5402,0,0,0.2225,0,496.0,dead,0
18.2275,-0.5402,0,0,0.2225,0,496.0,dead,0
18.2445,-0.1045,0,0,0.24442,0,496.0,dead,0
18.2611,-0.1045,0,0,0.24442,0,496.0,dead,0
18.2773,-0.1045,0,0,0.26414,0,496.0,dead,0
18.2934,-0.1189,0,0,0.26414,0,496.0,dead,0
18.3102,-0.1189,0,0,0.25717,0,496.0,dead,0
18.3264,-0.1189,0,0,0.25717,0,496.0,dead,0
18.3427,-0.1011,0,0,0.22123,0,496.0,dead,0
18.359,-0.1011,0,0,0.22123,0,496.0,dead,0
18.3756,-0.2565,0,0,0.22123,0,496.0,dead,0
18.3921,-0.2565,0,0,0.22123,0,496.0,dead,0
18.4077,-0.2565,0,0,0.254,0,496.0,dead,0
18.424,-0.6461,0,0,0.254,0,496.0,dead,0
18.4394,-0.6461,0,0,0.24494,0,496.0,dead,0
18.456,-0.6461,0,0,0.24494,0,496.0,dead,0
18.472,-0.1539,0,0,0.26008,0,496.0,dead,0
18.4881,-0.1539,0,0,0.26008,0,496.0,dead,0
18.5037,-0.1539,0,0,0.25364,0,496.0,dead,0
18.5196,0.0679,0,0,0.25364,0,496.0,dead,0
18.5358,0.0679,0,0,0.2731,0,496.0,dead,0
18.5523,0.0679,0,0,0.2731,0,496.0,dead,0
18.5693,-0.016,0,0,0.27537,0,496.0,dead,0
18.5858,-0.016,0,0,0.27537,0,496.0,dead,0
18.602,-0.0626,0,0,0.26424,0,496.0,dead,0
18.618,-0.0626,0,0,0.26424,0,496.0,dead,0
18.6343,-0.0626,0,0,0.25705,0,496.0,dead,0
18.6508,0.0537,0,0,0.25705,0,496.0,dead,0
18.6668,0.0537,0,0,0.25968,0,496.0,dead,0
18.6829,0.0537,0,0,0.25968,0,496.0,dead,0
18.6991,0.1871,0,0,0.25331,0,496.0,dead,0
18.7154,0.1871,0,0,0.25331,0,496.0,dead,0
18.7322,0.1871,0,0,0.27315,0,496.0,dead,0
18.7489,0.1193,0,0,0.27315,0,496.0,dead,0
18.765,0.1193,0,0,0.24114,0,496.0,dead,0
18.7815,0.2404,0,0,0.24114,0,496.0,dead,0
18.7983,0.2404,0,0,0.25437,0,496.0,dead,0
18.8156,0.2404,0,0,0.25437,0,496.0,dead,0
18.8327,0.1125,0,0,0.25059,0,496.0,dead,0
18.8503,0.1125,0,0,0.25059,0,496.0,dead,0
18.8674,0.1125,0,0,0.23816,0,496.0,dead,0
18.884,0.6615,0,0,0.23816,0,496.0,dead,0
18.9009,0.6615,0,0,0.24765,0,496.0,dead,0
18.9187,0.5238,0,0,0.24765,0,496.0,dead,0
18.9352,0.5238,0,0,0.27607,0,496.0,dead,0
18.9526,0.5238,0,0,0.25123,0,496.0,dead,0
18.9692,0.5783,0,0,0.25123,0,496.0,dead,0
18.9862,0.5783,0,0,0.25123,0,496.0,dead,0
19.003,0.5783,0,0,0.26074,0,496.0,dead,0
19.0192,0.8739,0,0,0.26074,0,496.0,dead,0
19.0362,0.8739,0,0,0.26343,0,496.0,dead,0
19.0529,-0.2614,0,0,0.26343,0,496.0,dead,0
19.0695,-0.2614,0,0,0.3092,0,496.0,dead,0
19.0866,-0.2614,0,0,0.3092,0,496.0,dead,0
19.1026,-0.1345,0,0,0.26033,0,496.0,dead,0
19.1191,-0.1345,0,0,0.26033,0,496.0,dead,0
19.135,-0.1345,0,0,0.28896,0,496.0,dead,0
19.1513,-0.4165,0,0,0.28896,0,496.0,dead,0
19.1679,-0.4165,0,0,0.28538,0,496.0,dead,0
19.1842,-0.533,0,0,0.28538,0,496.0,dead,0
19.2013,-0.533,0,0,0.25687,0,496.0,dead,0
19.2179,-0.533,0,0,0.25687,0,496.0,dead,0
19.2342,-0.1075,0,0,0.26257,0,496.0,dead,0
19.2504,-0.1075,0,0,0.26257,0,496.0,dead,0
19.2673,-0.1075,0,0,,0,496.0,dead,0
19.2835,-0.1075,0,0,,0,496.0,dead,0
19.2997,-0.1075,0,0,0.25048,0,496.0,dead,0
19.3157,-0.1075,0,0,0.25048,0,496.0,dead,0
19.3317,0.8981,0,0,0.22406,0,496.0,dead,0
19.3478,0.8981,0,0,0.22406,0,496.0,dead,0
19.3644,1.2613,0,0,0.23191,0,496.0,dead,0
19.3809,1.3181,0,0,0.23191,0,496.0,dead,0
19.3964,1.3181,0,0,0.28247,0,496.0,dead,0
19.4125,1.2286,0,0,0.28247,0,496.0,dead,0
19.4288,1.2286,0,0,0.2842,0,496.0,dead,0
19.4449,1.2286,0,0,0.2842,0,496.0,dead,0
19.4607,1.6352,0,0,0.25973,0,496.0,dead,0
19.4765,1.6352,0,0,0.25973,0,496.0,dead,0
19.4933,1.6352,0,0,0.26647,0,496.0,dead,0
19.5097,1.7169,0,0,0.26647,0,496.0,dead,0
19.5258,1.7169,0,0,0.27432,0,496.0,dead,0
19.5423,1.7169,0,0,0.27432,0,496.0,dead,0
19.559,2.1631,0,0,0.31132,0,496.0,dead,0
19.5754,2.1631,0,0,0.31132,0,496.0,dead,0
19.5922,1.9468,0,0,0.25321,0,496.0,dead,0
19.6088,1.9468,0,0,0.25321,0,496.0,dead,0
19.6247,1.9468,0,0,0.3041,0,496.0,dead,0
19.6409,2.0201,0,0,0.3041,0,496.0,dead,0
19.6569,2.0201,0,0,0.28132,0,496.0,dead,0
19.6724,2.0201,0,0,0.28132,0,496.0,dead,0
19.6888,2.4395,0,0,0.30441,0,496.0,dead,0
19.7048,2.4395,0,0,0.30441,0,496.0,dead,0
19.7207,2.4395,0,0,0.28837,0,496.0,dead,0
19.7371,2.4395,0,0,0.28837,0,496.0,dead,0
19.7526,2.4395,0,0,0.28196,0,496.0,dead,0
19.7689,2.397,0,0,0.28196,0,496.0,dead,0
19.7845,1.8,0,0,0.28196,0,496.0,dead,0
19.8011,1.8,0,0,0.28268,0,496.0,dead,0
19.8173,0.9611,0,0,0.28268,0,496.0,dead,0
19.8345,0.9611,0,0,0.29476,0,496.0,dead,0
19.851,0.9611,0,0,0.29476,0,496.0,dead,0
19.8671,0.2206,0,0,0.29801,0,496.0,dead,0
19.8829,0.2206,0,0,0.29801,0,496.0,dead,0
19.8987,0.2206,0,0,0.28396,0,496.0,dead,0
19.9145,-0.9566,0,0,0.28396,0,496.0,dead,0
19.931,-0.9566,0,0,0.29877,0,496.0,dead,0
19.9471,-0.9566,0,0,0.29877,0,496.0,dead,0
19.9631,-1.3834,0,0,0.29227,0,496.0,dead,0
19.9797,-1.3834,0,0,0.29227,0,496.0,dead,0
19.996,-1.7782,0,0,0.26327,0,496.0,dead,0
20.0123,-1.7782,0,0,0.26327,0,496.0,dead,0
20.0293,-1.7782,0,0,0.28803,0,496.0,dead,0
20.0463,-2.7111,0,0,0.28803,0,496.0,dead,0
20.0629,-2.7111,0,0,0.31238,0,496.0,dead,0
20.0791,-2.7111,0,0,0.31238,0,496.0,dead,0
20.0957,-2.3557,0,0,0.28823,0,496.0,dead,0
20.1123,-2.3557,0,0,0.28823,0,496.0,dead,0
20.1299,-2.1931,0,0,0.28823,0,496.0,dead,0
20.1467,-1.7078,0,0,0.29005,0,496.0,dead,0
20.1627,-1.7078,0,0,0.29005,0,496.0,dead,0
20.1794,-1.7187,0,0,0.30134,0,496.0,dead,0
20.1954,-1.7187,0,0,0.30134,0,496.0,dead,0
20.2124,-1.7187,0,0,0.30668,0,496.0,dead,0
20.2286,-1.3781,0,0,0.30668,0,496.0,dead,0
20.2451,-1.3781,0,0,0.31273,0,496.0,dead,0
20.2622,-1.3781,0,0,0.31273,0,496.0,dead,0
20.2789,-1.9536,0,0,0.33153,0,496.0,dead,0
20.2954,-1.9536,0,0,0.33153,0,496.0,dead,0
20.3119,-1.8279,0,0,0.2962,0,496.0,dead,0
20.3285,-1.8279,0,0,0.2962,0,496.0,dead,0
20.3452,-1.8279,0,0,0.29751,0,496.0,dead,0
20.3614,-0.7543,0,0,0.29751,0,496.0,dead,0
20.3786,-0.7543,0,0,0.31464,0,496.0,dead,0
20.395,-0.7543,0,0,0.31464,0,496.0,dead,0
20.4107,-0.7186,0,0,0.2855,0,496.0,dead,0
20.4269,-0.7186,0,0,0.2855,0,496.0,dead,0
20.4434,-0.7186,0,0,0.297,0,496.0,dead,0
20.4602,-0.4368,0,0,0.297,0,496.0,dead,0
20.4767,-0.4368,0,0,0.30916,0,496.0,dead,0
20.4932,0.1584,0,0,0.30916,0,496.0,dead,0
20.5095,0.1584,0,0,0.2944,0,496.0,dead,0
20.5252,0.1584,0,0,0.2944,0,496.0,dead,0
20.5421,0.6352,0,0,0.28858,0,496.0,dead,0
20.559,0.6352,0,0,0.28858,0,496.0,dead,0
20.5746,0.6352,0,0,0.3125,0,496.0,dead,0
20.5906,0.7065,0,0,0.3125,0,496.0,dead,0
20.6065,0.7065,0,0,0.30477,0,496.0,dead,0
20.6234,0.7065,0,0,0.30477,0,496.0,dead,0
20.6401,0.7065,0,0,0.2905,0,496.0,dead,0
20.6562,0.7065,0,0,0.2905,0,496.0,dead,0
20.6727,-0.1329,0,0,0.27541,0,496.0,dead,0
20.6888,-0.1329,0,0,0.27541,0,496.0,dead,0
20.7051,-0.1329,0,0,0.27832,0,496.0,dead,0
20.7211,0.1461,0,0,0.27832,0,496.0,dead,0
20.7384,0.1461,0,0,,0,496.0,dead,0
20.7544,0.1461,0,0,,0,496.0,dead,0
20.7707,-0.3728,0,0,0.31147,0,496.0,dead,0
20.7867,-0.3728,0,0,0.31147,0,496.0,dead,0
20.8041,-0.4145,0,0,0.30017,0,496.0,dead,0
20.8202,-0.3123,0,0,0.30017,0,496.0,dead,0
20.8364,-0.3123,0,0,,0,496.0,dead,0
20.853,-0.1074,0,0,,0,496.0,dead,0
20.8691,-0.1074,0,0,0.28146,0,496.0,dead,0
20.8854,-0.1074,0,0,0.28146,0,496.0,dead,0
20.902,-0.2129,0,0,,0,496.0,dead,0
20.9185,-0.2129,0,0,,0,496.0,dead,0
20.9348,-0.2129,0,0,,0,496.0,dead,0
20.9513,0.285,0,0,,0,496.0,dead,0
20.9685,0.285,0,0,0.2408,0,496.0,dead,0
20.985,-0.6179,0,0,0.2408,0,496.0,dead,0
21.0007,-0.6179,0,0,0.26049,0,496.0,dead,0
21.0172,-0.6179,0,0,0.26049,0,496.0,dead,0
21.0338,-0.738,0,0,0.33119,0,496.0,dead,0
21.0503,-0.738,0,0,0.33119,0,496.0,dead,0
21.067,-0.738,0,0,0.33103,0,496.0,dead,0
21.0832,-0.3225,0,0,0.33103,0,496.0,dead,0
21.0984,-0.3225,0,0,0.32757,0,496.0,dead,0
21.1145,-0.3225,0,0,0.32757,0,496.0,dead,0
21.1315,-0.3643,0,0,0.29568,0,496.0,dead,0
21.1484,-0.3643,0,0,0.29568,0,496.0,dead,0
21.1647,-0.4405,0,0,0.26823,0,496.0,dead,0
21.181,-0.4405,0,0,0.26823,0,496.0,dead,0
21.1981,-0.4405,0,0,0.26823,0,496.0,dead,0
21.2146,-0.1256,0,0,0.31029,0,496.0,dead,0
21.2308,-0.1256,0,0,0.31029,0,496.0,dead,0
21.2476,-0.1256,0,0,0.30475,0,496.0,dead,0
21.2641,-0.0602,0,0,0.30475,0,496.0,dead,0
21.2807,-0.0602,0,0,0.32389,0,496.0,dead,0
21.2977,-0.0602,0,0,0.32389,0,496.0,dead,0
21.3137,0.3114,0,0,0.35489,0,496.0,dead,0
21.3294,0.3114,0,0,0.35489,0,496.0,dead,0
21.3463,0.5991,0,0,0.30055,0,496.0,dead,0
21.3629,0.5991,0,0,0.30055,0,496.0,dead,0
21.379,0.5991,0,0,0.31505,0,496.0,dead,0
21.3955,0.4179,0,0,0.31505,0,496.0,dead,0
21.4126,0.4179,0,0,0.36335,0,496.0,dead,0
21.4292,0.4179,0,0,0.36335,0,496.0,dead,0
21.4458,0.693,0,0,0.33307,0,496.0,dead,0
21.4618,0.693,0,0,0.33307,0,496.0,dead,0
21.4774,0.693,0,0,0.29969,0,496.0,dead,0
21.4939,0.2212,0,0,0.29969,0,496.0,dead,0
21.5097,0.2212,0,0,0.33594,0,496.0,dead,0
21.5263,0.3481,0,0,0.33594,0,496.0,dead,0
21.5433,0.3481,0,0,0.34167,0,496.0,dead,0
21.5599,0.3481,0,0,0.34167,0,496.0,dead,0
21.5764,-0.3012,0,0,0.2964,0,496.0,dead,0
21.5924,-0.3012,0,0,0.2964,0,496.0,dead,0
21.6093,-0.3012,0,0,0.35308,0,496.0,dead,0
21.6265,0.162,0,0,0.35308,0,496.0,dead,0
21.6435,0.162,0,0,0.32023,0,496.0,dead,0
21.6601,0.3821,0,0,0.32023,0,496.0,dead,0
21.6756,0.3821,0,0,0.29004,0,496.0,dead,0
21.6916,0.3821,0,0,0.29004,0,496.0,dead,0
21.708,-0.185,0,0,0.23467,0,496.0,dead,0
21.724,-0.185,0,0,0.23467,0,496.0,dead,0
21.74,-0.185,0,0,0.36146,0,496.0,dead,0
21.7566,-0.031,0,0,0.36146,0,496.0,dead,0
21.7737,-0.031,0,0,0.29499,0,496.0,dead,0
21.7898,-0.031,0,0,0.29499,0,496.0,dead,0
21.8059,-0.5344,0,0,0.35978,0,496.0,dead,0
21.822,-0.5344,0,0,0.35978,0,496.0,dead,0
21.8381,-0.5344,0,0,0.29667,0,496.0,dead,0
21.8537,0.0791,0,0,0.29667,0,496.0,dead,0
21.8696,0.0791,0,0,0.34189,0,496.0,dead,0
21.8862,-0.1693,0,0,0.34189,0,496.0,dead,0
21.9028,-0.1693,0,0,0.34189,0,496.0,dead,0
21.919,-0.1693,0,0,0.32907,0,496.0,dead,0
21.935,-0.7028,0,0,0.32907,0,496.0,dead,0
21.9508,-0.7028,0,0,0.36274,0,496.0,dead,0
21.9668,-0.7028,0,0,0.36274,0,496.0,dead,0
21.9825,-0.4474,0,0,0.32894,0,496.0,dead,0
21.9985,-0.4474,0,0,0.32894,0,496.0,dead,0
22.0151,-0.4474,0,0,0.29977,0,496.0,dead,0
22.0312,-0.2064,0,0,0.29977,0,496.0,dead,0
22.0482,-0.2064,0,0,0.33947,0,496.0,dead,0
22.0653,0.0086,0,0,0.33947,0,496.0,dead,0
22.0824,0.0086,0,0,0.36838,0,496.0,dead,0
22.0994,0.0086,0,0,0.36838,0,496.0,dead,0
22.116,0.6606,0,0,0.32902,0,496.0,dead,0
22.132,0.6606,0,0,0.32902,0,496.0,dead,0
22.1476,0.6606,0,0,0.34045,0,496.0,dead,0
22.1637,1.415,0,0,0.34045,0,496.0,dead,0
22.1798,1.415,0,0,0.32514,0,496.0,dead,0
22.196,1.415,0,0,0.32514,0,496.0,dead,0
22.212,2.177,0,0,0.35442,0,496.0,dead,0
22.2285,2.177,0,0,0.35442,0,496.0,dead,0
22.2454,2.3052,0,0,0.35442,0,496.0,dead,0
22.2622,2.3052,0,0,0.35442,0,496.0,dead,0
22.2793,2.3052,0,0,,0,496.0,dead,0
22.2963,2.6004,0,0,,0,496.0,dead,0
22.3132,2.6004,0,0,,0,496.0,dead,0
22.3303,2.6004,0,0,,0,496.0,dead,0
22.347,2.6925,0,0,,0,496.0,dead,0
22.3631,2.6925,0,0,,0,496.0,dead,0
22.3806,2.2088,0,0,,0,496.0,dead,0
22.3967,2.2088,0,0,,0,496.0,dead,0
22.4127,2.2088,0,0,,0,496.0,dead,0
22.4288,1.7431,0,0,,0,496.0,dead,0
22.4454,1.7431,0,0,,0,496.0,dead,0
22.4617,1.7431,0,0,,0,496.0,dead,0
22.4777,1.1911,0,0,,0,496.0,dead,0
22.4943,1.6025,0,0,,0,496.0,dead,0
22.5115,1.6025,0,0,,0,496.0,dead,0
22.5282,1.7258,0,0,,0,496.0,dead,0
22.5449,1.7258,0,0,,0,496.0,dead,0
22.5609,1.6719,0,0,,0,496.0,dead,0
22.5775,1.6719,0,0,,0,496.0,dead,0
22.594,1.6719,0,0,,0,496.0,dead,0
22.6106,0.8268,0,0,,0,496.0,dead,0
22.6266,0.8268,0,0,,0,496.0,dead,0
22.6431,0.8268,0,0,,0,496.0,dead,0
22.6587,0.9814,0,0,,0,496.0,dead,0
22.675,0.9814,0,0,,0,496.0,dead,0
22.6914,0.9814,0,0,,0,496.0,dead,0
22.7075,0.9814,0,0,,0,496.0,dead,0
22.7236,0.9814,0,0,,0,496.0,dead,0
22.7401,0.0955,0,0,,0,496.0,dead,0
22.7567,-0.4888,0,0,,0,496.0,dead,0
22.773,-0.4888,0,0,,0,496.0,dead,0
22.7889,-0.7691,0,0,,0,496.0,dead,0
22.8051,-0.7691,0,0,,0,496.0,dead,0
22.8224,-0.7691,0,0,,0,496.0,dead,0
22.8389,-0.8265,0,0,0.3654,0,496.0,dead,0
22.8554,-0.8265,0,0,0.3654,0,496.0,dead,0
22.872,-0.8265,0,0,0.33619,0,496.0,dead,0
22.888,-2.0927,0,0,0.33619,0,496.0,dead,0
22.9041,-2.0927,0,0,0.32896,0,496.0,dead,0
22.9202,-1.8078,0,0,0.32896,0,496.0,dead,0
22.9362,-1.8078,0,0,0.32896,0,496.0,dead,0
22.9533,-1.8078,0,0,0.32896,0,496.0,dead,0
22.9695,-1.8945,0,0,0.30912,0,496.0,dead,0
22.9861,-1.8945,0,0,0.30912,0,496.0,dead,0
23.0018,-1.8945,0,0,0.33107,0,496.0,dead,0
23.018,-2.0834,0,0,0.33107,0,496.0,dead,0
23.0341,-2.0834,0,0,,0,496.0,dead,0
23.0496,-2.0834,0,0,,0,496.0,dead,0
23.0662,-1.9961,0,0,0.29888,0,496.0,dead,0
23.0823,-1.9961,0,0,0.29888,0,496.0,dead,0
23.0989,-2.0581,0,0,0.29888,0,496.0,dead,0
23.1154,-2.0581,0,0,0.33403,0,496.0,dead,0
23.133,-2.0581,0,0,0.33403,0,496.0,dead,0
23.1477,-14.4157,1,0,0.34439,0,496.0,dead,0
23.1643,-14.4157,0,0,0.34439,0,285.0,playing,0
23.1802,-14.4157,0,0,0.31108,0,278.69,playing,0
23.1968,-7.1731,0,0,0.31108,0,273.03,playing,0
23.2125,-7.1731,0,0,0.22997,0,267.65,playing,0
23.2287,-7.1731,0,0,0.22997,0,262.56,playing,0
23.2452,8.0947,0,0,0.15533,0,257.74,playing,0
23.2618,8.0947,0,0,0.15533,0,252.94,playing,0
23.2774,8.0947,0,0,0.17804,0,248.71,playing,0
23.295,6.0531,0,0,0.17804,0,244.76,playing,0
23.3115,6.0531,0,0,0.17804,0,240.67,playing,0
23.328,4.0131,0,0,0.22695,1,237.31,playing,0
23.3445,4.0131,0,0,0.22695,0,234.24,playing,0
23.3616,4.0131,0,0,0.23438,0,231.3,playing,0
23.3786,2.2843,0,0,0.23438,0,228.67,playing,0
23.3948,1.353,0,0,0.27032,0,226.36,playing,0
23.4113,1.353,0,0,0.27032,0,224.47,playing,0
23.4284,0.3619,0,0,0.27663,0,222.77,playing,0
23.4451,0.3619,0,0,0.27663,0,221.4,playing,0
23.461,-0.3016,0,0,0.27663,0,220.38,playing,0
23.4769,-1.0448,0,0,0.29442,0,219.65,playing,0
23.4935,-1.0448,0,0,0.29442,0,219.2,playing,0
23.5101,-1.4408,0,0,0.30579,0,219.04,playing,0
23.5266,-1.4408,0,0,0.30579,0,219.2,playing,0
23.5427,-1.4408,0,0,0.32385,0,219.63,playing,0
23.5592,-2.1394,0,0,0.32385,0,220.34,playing,0
23.5763,-2.1394,0,0,0.2975,0,221.42,playing,0
23.5928,-2.1394,0,0,0.2975,0,222.81,playing,0
23.6089,-1.831,0,0,0.27748,0,224.4,playing,0
23.6254,-1.831,0,0,0.27748,0,226.28,playing,0
23.6414,-2.0046,0,0,0.27748,0,228.58,playing,0
23.658,-2.0046,0,0,0.27748,0,231.04,playing,0
23.6737,-2.0046,0,0,0.30702,0,233.78,playing,0
23.6898,-1.8492,0,0,0.30702,0,236.79,playing,0
23.7058,-1.8492,0,0,0.33546,0,240.09,playing,0
23.7213,-1.8492,0,0,0.33546,0,243.67,playing,0
23.7374,-1.3656,0,0,0.31911,0,247.54,playing,0
23.754,-1.3656,0,0,0.31911,0,251.68,playing,0
23.7701,-1.3656,0,0,0.35584,0,256.1,playing,0
23.7867,-1.0829,0,0,0.35584,0,261.12,playing,0
23.8032,-1.0829,0,0,,0,266.13,playing,0
23.8197,-1.9057,0,0,,0,271.77,playing,0
23.8363,-1.9057,0,0,,0,277.36,playing,0
23.8529,-1.9057,0,0,,0,283.61,playing,0
23.8688,-1.9057,0,0,,0,289.78,playing,0
23.8853,-1.9057,0,0,,0,296.23,playing,0
23.9018,-1.9057,0,0,,0,303.4,playing,0
23.9184,-14.6625,1,0,,0,310.43,playing,0
23.9355,-14.6625,0,0,,0,304.12,playing,0
23.9515,-14.6625,0,0,,0,298.12,playing,0
23.9681,-5.7164,0,0,,0,292.76,playing,0
23.9841,-5.7164,0,0,0.19688,0,287.68,playing,0
24.0001,-5.7164,0,0,0.19688,0,282.89,playing,0
24.0167,-5.7164,0,0,0.19688,0,278.11,playing,0
24.0327,-5.7164,0,0,0.19688,0,273.89,playing,0
24.0488,10.7612,0,0,0.17202,0,269.96,playing,0
24.0649,10.7612,0,0,0.17202,0,266.31,playing,0
24.0805,10.7612,0,0,0.17483,0,262.93,playing,0
24.0971,7.972,0,0,0.17483,0,259.84,playing,0
24.1126,7.972,0,0,0.18126,0,257.04,playing,0
24.1291,7.972,0,0,0.18126,0,254.51,playing,0
24.1446,4.2085,0,0,0.23662,1,252.27,playing,0
24.1612,4.2085,0,0,0.23662,0,250.3,playing,0
24.1783,2.7619,0,0,0.29808,0,248.53,playing,0
24.1949,2.7619,0,0,0.29808,0,247.08,playing,0
24.2112,2.7619,0,0,0.24767,0,246.0,playing,0
24.2278,1.6963,0,0,0.24767,0,245.17,playing,0
24.2439,1.6963,0,0,0.27572,0,244.67,playing,0
24.2599,1.6963,0,0,0.27572,0,244.44,playing,0
24.2757,0.2963,0,0,0.26872,0,244.51,playing,0
24.2924,0.2963,0,0,0.26872,0,244.85,playing,0
24.3089,0.2963,0,0,0.29773,0,245.53,playing,0
24.3254,-0.0217,0,0,0.29773,0,246.45,playing,0
24.3415,-0.0217,0,0,0.29773,0,247.75,playing,0
24.358,-0.0217,0,0,0.29773,0,249.26,playing,0
24.3739,-0.678,0,0,0.29021,0,251.04,playing,0
24.39,-0.678,0,0,0.29021,0,253.11,playing,0
24.4061,-0.4629,0,0,0.29203,0,255.46,playing,0
24.4227,-0.4629,0,0,0.29203,0,258.27,playing,0
24.439,-0.4629,0,0,0.29405,0,261.2,playing,0
24.4546,-0.9659,0,0,0.29405,0,264.41,playing,0
24.4707,-0.9659,0,0,0.28013,0,267.9,playing,0
24.4874,-0.9659,0,0,0.28013,0,271.68,playing,0
24.5035,-9.8661,0,0,0.31098,0,276.01,playing,0
24.5201,-9.8661,0,0,0.31098,0,280.36,playing,0
24.5358,-9.8661,0,0,0.27244,0,285.0,playing,0
24.5519,-12.9839,1,0,0.27244,0,289.92,playing,0
24.5681,-12.9839,0,0,0.2883,0,283.96,playing,0
24.5852,0.2668,0,0,0.2883,0,277.95,playing,0
24.6022,0.2668,0,0,0.19736,0,272.25,playing,0
24.6194,0.2668,0,0,0.19736,0,266.87,playing,0
24.6356,11.0344,0,0,0.18362,0,261.81,playing,0
24.6526,11.0344,0,0,0.18362,0,257.33,playing,0
24.6686,11.0344,0,0,0.17214,0,252.89,playing,0
24.6846,10.7774,0,0,0.17214,0,248.99,playing,0
24.7016,10.7774,0,0,0.16965,0,245.38,playing,0
24.7178,10.7774,0,0,0.16965,0,241.85,playing,0
24.7339,8.354,0,0,0.18647,0,238.81,playing,0
24.7504,8.354,0,0,0.18647,0,236.06,playing,0
24.7665,2.7016,0,0,0.20221,0,233.45,playing,0
24.7831,2.7016,0,0,0.20221,0,231.27,playing,0
24.7991,2.7016,0,0,0.21538,1,229.38,playing,0
24.8146,2.7016,0,0,0.21538,0,227.77,playing,0
24.8305,2.7016,0,0,0.2735,0,226.44,playing,0
24.8474,2.7016,0,0,0.2735,0,225.39,playing,0
24.8635,-0.8802,0,0,0.2919,0,224.6,playing,0
24.8805,-0.8802,0,0,0.2919,0,224.13,playing,0
24.8971,-0.8802,0,0,0.23581,0,223.95,playing,0
24.9127,-1.1933,0,0,0.23581,0,224.06,playing,0
24.93,-1.1933,0,0,0.22422,0,224.46,playing,0
24.9458,-1.1933,0,0,0.22422,0,225.2,playing,0
24.9615,-1.1933,0,0,0.26914,0,226.17,playing,0
24.9781,-1.1933,0,0,0.26914,0,227.43,playing,0
24.9952,-1.894,0,0,0.26511,0,229.09,playing,0
25.0118,-1.894,0,0,0.26511,0,231.06,playing,0
25.0276,-1.894,0,0,0.27273,0,233.19,playing,0
25.0442,-1.3598,0,0,0.27273,0,235.61,playing,0
25.0597,-1.3598,0,0,0.30327,0,238.31,playing,0
25.0764,-1.3598,0,0,0.30327,0,241.3,playing,0
25.0932,-0.9342,0,0,0.26604,0,244.78,playing,0
25.1098,-0.9342,0,0,0.26604,0,248.59,playing,0
25.126,-13.8965,1,0,0.27377,0,252.45,playing,0
25.1417,-13.8965,0,0,0.27377,0,246.49,playing,0
25.1584,-13.8965,0,0,0.26541,0,240.82,playing,0
25.1755,-4.63,0,0,0.26541,0,235.1,playing,0
25.1919,-4.63,0,0,0.19688,0,229.71,playing,0
25.208,-4.63,0,0,0.19688,0,224.91,playing,0
25.2245,-1.7091,0,0,0.21144,1,220.39,playing,0
25.241,-1.7091,0,0,0.21144,0,215.91,playing,0
25.2578,-1.7091,0,0,0.18462,0,211.98,playing,0
25.2738,11.1733,0,0,0.18462,0,208.12,playing,0
25.2896,11.1733,0,0,0.19723,0,204.76,playing,0
25.3063,8.681,0,0,0.19723,0,201.69,playing,0
25.3233,8.681,0,0,0.19443,0,198.75,playing,0
25.3399,8.681,0,0,0.19443,0,196.12,playing,0
25.3563,8.681,0,0,0.15772,0,193.93,playing,0
25.373,8.681,0,0,0.15772,0,191.91,playing,0
25.3887,8.681,0,0,0.18939,0,190.3,playing,0
25.4048,2.6521,0,0,0.18939,0,188.97,playing,0
25.4218,2.6521,0,0,0.24231,0,187.93,playing,0
25.4385,1.3078,0,0,0.24231,0,187.13,playing,0
25.455,1.3078,0,0,0.21589,0,186.65,playing,0
25.4707,1.3078,0,0,0.21589,0,186.48,playing,0
25.487,-0.249,0,0,0.21589,0,186.6,playing,0
25.5041,-0.249,0,0,0.25915,0,187.04,playing,0
25.521,-0.249,0,0,0.26471,0,187.79,playing,0
25.5364,-1.147,0,0,0.26471,0,188.79,playing,0
25.5531,-1.147,0,0,0.26471,0,190.06,playing,0
25.5706,-1.147,0,0,0.24663,0,191.73,playing,0
25.5867,-1.6637,0,0,0.24663,0,193.73,playing,0
25.6028,-1.6637,0,0,0.25765,0,195.88,playing,0
25.62,-2.5854,0,0,0.25765,0,198.32,playing,1
25.6368,-2.5854,0,0,0.25127,0,201.42,playing,1
25.653,-2.5854,0,0,0.25127,0,204.45,playing,1
25.6692,-2.6583,0,0,0.26125,0,207.77,playing,1
25.6859,-2.6583,0,0,0.26125,0,211.61,playing,1
25.7019,-2.6583,0,0,0.25735,0,215.51,playing,1
25.7185,-2.1687,0,0,0.25735,0,219.69,playing,1
25.7346,-2.1687,0,0,0.23898,0,224.44,playing,1
25.7512,-2.1687,0,0,0.23898,0,229.2,playing,1
25.7683,-1.3329,0,0,0.26176,0,234.58,playing,1
25.785,-1.3329,0,0,0.26176,0,240.27,playing,1
25.8011,-8.2024,0,0,0.23924,0,245.91,playing,1
25.818,-8.2024,0,0,0.23924,0,252.22,playing,1
25.8345,-8.2024,0,0,0.26465,0,258.44,playing,1
25.851,-14.5589,1,0,0.26465,0,265.37,playing,1
25.8671,-14.5589,0,0,0.26127,0,259.41,playing,1
25.8829,-14.5589,0,0,0.26127,0,253.74,playing,1
25.899,-7.0852,0,0,0.19734,0,248.34,playing,1
25.9152,-7.0852,0,0,0.19734,0,243.23,playing,1
25.9323,-7.0852,0,0,0.22701,1,238.11,playing,1
25.9489,9.2748,0,0,0.22701,0,233.32,playing,1
25.9644,9.2748,0,0,0.20957,0,229.08,playing,1
25.9805,11.1317,0,0,0.20957,0,225.13,playing,1
25.9971,11.1317,0,0,0.19225,0,221.46,playing,1
26.0131,11.1317,0,0,0.19225,0,218.07,playing,1
26.0301,6.7524,0,0,0.14987,0,214.79,playing,1
26.0455,6.7524,0,0,0.14987,0,211.98,playing,1
26.062,6.7524,0,0,0.2281,0,209.45,playing,1
26.0777,4.8235,0,0,0.2281,0,207.21,playing,1
26.0938,4.8235,0,0,0.2181,0,205.25,playing,1
26.1096,4.8235,0,0,0.2181,0,203.56,playing,1
26.1262,3.1668,0,0,0.25029,0,202.16,playing,1
26.1431,3.1668,0,0,0.25029,0,200.99,playing,1
26.1586,3.1668,0,0,0.25029,0,200.18,playing,1
26.1747,0.7107,0,0,0.23239,0,199.64,playing,1
26.1912,0.7107,0,0,0.23239,0,199.38,playing,1
26.2075,0.376,0,0,0.27576,0,199.43,playing,1
26.224,0.376,0,0,0.27576,0,199.75,playing,1
26.2396,0.376,0,0,0.24994,0,200.36,playing,1
26.2561,-0.5181,0,0,0.24994,0,201.25,playing,1
26.2732,-0.5181,0,0,0.21698,0,202.51,playing,1
26.2898,-0.5181,0,0,0.21698,0,204.09,playing,1
26.3058,-1.3298,0,0,0.27308,0,205.86,playing,1
26.3217,-1.3298,0,0,0.27308,0,207.9,playing,1
26.3379,-1.3298,0,0,0.25042,0,210.24,playing,1
26.3538,-1.1609,0,0,0.25042,0,212.85,playing,1
26.3704,-1.1609,0,0,0.27852,0,215.74,playing,1
26.387,-3.7614,0,0,0.27852,0,219.14,playing,1
26.4031,-3.7614,0,0,0.29844,0,222.61,playing,1
26.4189,-3.7614,0,0,0.29844,0,226.37,playing,1
26.4346,-15.3953,1,0,0.2797,0,230.41,playing,1
26.4515,-15.3953,0,0,0.2797,0,224.45,playing,1
26.4678,-15.3953,0,0,0.22811,0,218.44,playing,1
26.4838,-2.7753,0,0,0.22811,0,213.06,playing,1
26.4997,-2.7753,0,0,0.18173,0,207.96,playing,1
26.516,-2.7753,0,0,0.18173,0,203.15,playing,1
26.5322,-1.8807,0,0,0.175,0,198.61,playing,1
26.5487,-1.8807,0,0,0.175,0,194.12,playing,1
26.5653,7.6523,0,0,0.16158,0,190.16,playing,1
26.5825,7.6523,0,0,0.16158,0,186.28,playing,1
26.5997,7.6523,0,0,0.17388,0,182.72,playing,1
26.6162,8.8257,0,0,0.17388,0,179.47,playing,1
26.6334,8.8257,0,0,0.1578,0,176.55,playing,1
26.6503,8.8257,0,0,0.20546,1,173.94,playing,1
26.6673,6.4867,0,0,0.20546,0,171.65,playing,1
26.6844,6.4867,0,0,0.22327,0,169.67,playing,1
26.7012,2.212,0,0,0.22327,0,168.02,playing,1
26.718,2.212,0,0,0.23456,0,166.68,playing,1
26.7336,2.212,0,0,0.23456,0,165.7,playing,1
26.7505,0.9053,0,0,0.26816,0,165.01,playing,1
26.7671,0.9053,0,0,0.26816,0,164.58,playing,1
26.7826,0.9053,0,0,0.26552,0,164.47,playing,1
26.7994,0.0622,0,0,0.26552,0,164.64,playing,1
26.8154,0.0622,0,0,0.26552,0,165.13,playing,1
26.832,0.0622,0,0,0.26956,0,165.88,playing,1
26.8485,-1.127,0,0,0.26956,0,166.91,playing,1
26.8654,-1.127,0,0,0.26511,0,168.32,playing,1
26.8816,-1.6609,0,0,0.26511,0,170.05,playing,1
26.8983,-1.6609,0,0,0.26914,0,171.95,playing,1
26.9143,-1.6609,0,0,0.26914,0,174.3,playing,1
26.9313,-1.9979,0,0,0.29663,0,176.79,playing,1
26.9479,-1.9979,0,0,0.29663,0,179.75,playing,1
26.9639,-1.9979,0,0,0.29581,0,182.82,playing,1
26.98,-1.5502,0,0,0.29581,0,186.18,playing,1
26.9963,-1.5502,0,0,0.27206,0,189.81,playing,1
27.0129,-1.3977,0,0,0.27206,0,193.99,playing,1
27.0304,-1.3977,0,0,0.2388,0,198.48,playing,1
27.0475,-1.3977,0,0,0.2388,0,203.3,playing,1
27.0646,-1.8392,0,0,0.26506,0,208.43,playing,1
27.0807,-1.8392,0,0,0.31197,0,213.88,playing,1
27.0964,-1.8392,0,0,0.31197,0,219.29,playing,1
27.1135,-17.3575,1,0,0.24305,0,224.99,playing,1
27.1305,-17.3575,0,0,0.24305,0,218.67,playing,1
27.1473,-17.3575,0,0,0.24305,0,212.68,playing,1
27.1639,-4.4821,0,0,0.18518,0,207.0,playing,1
27.1801,-4.4821,0,0,0.18518,0,201.94,playing,1
27.1959,2.305,0,0,0.21643,1,197.16,playing,1
27.2119,2.305,0,0,0.21643,0,192.66,playing,1
27.2279,2.305,0,0,0.21014,0,188.45,playing,1
27.2444,10.5125,0,0,0.21014,0,184.51,playing,1
27.2616,10.5125,0,0,0.214,0,180.65,playing,1
27.2782,10.5125,0,0,0.214,0,177.11,playing,1
27.2949,6.7699,0,0,0.18935,0,173.88,playing,1
27.3111,6.7699,0,0,0.18935,0,171.13,playing,1
27.327,6.7699,0,0,0.16398,0,168.65,playing,1
27.343,4.2919,0,0,0.16398,0,166.46,playing,1
27.359,4.2919,0,0,0.23479,0,164.55,playing,1
27.3749,2.2603,0,0,0.23479,0,162.92,playing,1
27.3911,0.1192,0,0,0.26557,0,161.57,playing,1
27.4082,0.1192,0,0,0.26557,0,160.46,playing,1
27.4249,-0.5193,0,0,0.22106,0,159.66,playing,1
27.4409,-0.5193,0,0,0.22106,0,159.2,playing,1
27.4566,-0.5193,0,0,0.24284,0,159.01,playing,1
27.4733,-0.9857,0,0,0.24284,0,159.11,playing,2
27.4898,-0.9857,0,0,0.23882,0,159.53,playing,2
27.5066,-0.9857,0,0,0.23882,0,160.2,playing,2
27.5226,-0.9719,0,0,0.23882,0,161.24,playing,2
27.5391,-0.9719,0,0,0.23119,0,162.5,playing,2
27.5564,-1.232,0,0,0.23119,0,164.15,playing,2
27.5727,-1.232,0,0,0.25873,0,166.13,playing,2
27.5887,-1.232,0,0,0.25873,0,168.26,playing,2
27.6048,-1.4321,0,0,0.24259,0,170.68,playing,2
27.6207,-1.4321,0,0,0.24259,0,173.38,playing,2
27.637,-1.4321,0,0,0.26487,0,176.37,playing,2
27.654,-1.658,0,0,0.25752,0,179.63,playing,2
27.6707,-1.658,0,0,0.25752,0,183.66,playing,2
27.6872,-1.658,0,0,0.28358,0,187.52,playing,2
27.7044,-1.168,0,0,0.28358,0,191.94,playing,2
27.7218,-1.168,0,0,0.25415,0,196.68,playing,2
27.7375,-1.2785,0,0,0.25415,0,201.74,playing,2
27.754,-1.2785,0,0,0.26991,0,206.78,playing,2
27.7702,-1.2785,0,0,0.26991,0,212.1,playing,2
27.7868,-1.2785,0,0,0.28819,0,218.08,playing,2
27.8023,-1.2785,0,0,0.28819,0,223.98,playing,2
27.8189,-1.2785,0,0,0.22848,0,230.17,playing,2
27.8352,-6.7835,1,0,0.22848,0,236.63,playing,2
27.8525,-6.7835,0,0,0.22848,0,230.32,playing,2
27.8692,-1.1104,0,0,0.22848,0,224.33,playing,2
27.8853,-1.1104,0,0,0.22848,0,218.97,playing,2
27.9022,-1.1104,0,0,0.19214,0,213.59,playing,2
27.9187,11.4666,0,0,0.19214,0,208.53,playing,2
27.9349,11.4666,0,0,0.15977,0,204.05,playing,2
27.9516,11.4666,0,0,0.15977,0,199.85,playing,2
27.9682,12.386,0,0,0.17039,0,195.71,playing,2
27.9851,12.386,0,0,0.17039,0,191.89,playing,2
28.0006,12.386,0,0,0.16785,0,188.57,playing,2
28.0166,9.0477,0,0,0.16785,0,185.53,playing,2
28.0333,9.0477,0,0,0.17183,0,182.78,playing,2
28.0498,6.6076,0,0,0.17183,0,180.17,playing,2
28.0657,4.5171,0,0,0.20138,0,177.99,playing,2
28.082,4.5171,0,0,0.20138,0,176.1,playing,2
28.098,2.7639,0,0,0.25041,1,174.49,playing,2
28.1142,2.7639,0,0,0.25041,0,173.16,playing,2
28.1312,2.7639,0,0,0.18993,0,172.06,playing,2
28.1482,0.0409,0,0,0.18993,0,171.29,playing,2
28.1646,0.0409,0,0,0.21974,0,170.83,playing,2
28.1806,0.0409,0,0,0.21974,0,170.68,playing,2
28.1969,-0.9595,0,0,0.25446,0,170.81,playing,2
28.2129,-0.9595,0,0,0.25446,0,171.22,playing,2
28.2285,-1.6781,0,0,0.25446,0,171.91,playing,2
28.2451,-1.6781,0,0,0.21419,0,172.89,playing,2
28.261,-1.6781,0,0,0.21419,0,174.15,playing,2
28.2773,-1.4556,0,0,0.21419,0,175.69,playing,2
28.2949,-1.4556,0,0,0.2545,0,177.64,playing,2
28.312,-1.4556,0,0,0.2545,0,180.07,playing,2
28.3275,-1.6322,0,0,0.25799,0,182.5,playing,2
28.344,-1.6322,0,0,0.25799,0,185.22,playing,2
28.3599,-1.6322,0,0,0.28183,0,188.22,playing,2
28.3775,-1.9486,0,0,0.28183,0,191.73,playing,2
28.3944,-1.9486,0,0,0.26108,0,195.55,playing,2
28.4115,-1.7958,0,0,0.26108,0,199.69,playing,2
28.4281,-1.7958,0,0,0.27231,0,204.15,playing,2
28.4437,-1.7958,0,0,0.27231,0,208.63,playing,2
28.4605,-1.4673,0,0,0.24657,0,213.39,playing,2
28.4773,-1.4673,0,0,0.24657,0,218.76,playing,2
28.4939,-1.4673,0,0,0.27706,0,224.46,playing,2
28.5099,-1.4495,0,0,0.27706,0,230.1,playing,2
28.5255,-1.4495,0,0,0.24278,0,236.02,playing,2
28.5421,-1.4495,0,0,0.24278,0,242.22,playing,2
28.5589,-1.1151,0,0,0.24278,0,249.13,playing,2
28.5744,-1.1151,0,0,0.27357,0,255.91,playing,2
28.591,-12.4664,1,0,0.27357,0,262.98,playing,2
28.6068,-12.4664,0,0,0.24994,0,257.02,playing,2
28.6228,-12.4664,0,0,0.24994,0,251.34,playing,2
28.6384,0.1145,0,0,0.20584,0,245.95,playing,2
28.6553,0.1145,0,0,0.20584,0,240.84,playing,2
28.6722,0.1145,0,0,0.20584,0,235.72,playing,2
28.6894,-1.3839,0,0,0.20584,0,230.92,playing,2
28.706,-1.3839,0,0,0.17472,0,226.44,playing,2
28.7222,-1.3839,0,0,0.17472,0,222.28,playing,2
28.7386,4.7203,0,0,0.19692,0,218.65,playing,2
28.7552,4.7203,0,0,0.19692,0,215.29,playing,2
28.7723,8.9357,0,0,0.15055,0,212.05,playing,2
28.789,8.9357,0,0,0.15055,0,209.12,playing,2
28.8051,8.9357,0,0,0.19157,0,206.65,playing,2
28.8218,6.8907,0,0,0.19157,0,204.34,playing,2
28.8379,6.8907,0,0,0.14655,0,202.44,playing,2
28.8536,6.8907,0,0,0.14655,0,200.83,playing,2
28.8697,6.8907,0,0,0.23486,1,199.5,playing,2
28.8866,6.8907,0,0,0.20105,0,198.46,playing,2
28.9043,2.5381,0,0,0.20105,0,197.63,playing,2
28.9211,0.2201,0,0,0.20105,0,197.17,playing,2
28.9366,0.2201,0,0,0.20105,0,197.02,playing,2
28.9527,-0.4901,0,0,0.25477,0,197.15,playing,2
28.9686,-0.4901,0,0,0.23864,0,197.57,playing,2
28.9852,-0.4901,0,0,0.23864,0,198.26,playing,2
29.0019,-1.2452,0,0,0.2545,0,199.32,playing,2
29.0179,-1.2452,0,0,0.2545,0,200.59,playing,2
29.0342,-1.2452,0,0,0.2767,0,202.15,playing,2
29.0514,-2.215,0,0,0.2767,0,204.12,playing,2
29.0683,-2.215,0,0,0.2767,0,206.41,playing,2
29.0854,-2.0924,0,0,0.2767,0,209.02,playing,2
29.1022,-2.0924,0,0,0.27392,0,211.94,playing,2
29.1193,-2.0924,0,0,0.27392,0,215.19,playing,2
29.1362,-2.1187,0,0,0.27357,0,218.75,playing,2
29.1528,-2.1187,0,0,0.27357,0,222.63,playing,2
29.1685,-2.1187,0,0,0.29238,0,226.56,playing,2
29.1847,-1.4332,0,0,0.29238,0,230.78,playing,2
29.2008,-1.4332,0,0,0.25888,0,235.27,playing,2
29.2165,-1.4332,0,0,0.25888,0,240.05,playing,2
29.2325,-1.399,0,0,0.25034,0,245.11,playing,2
29.2496,-1.399,0,0,0.25034,0,250.45,playing,2
29.2659,-14.8878,1,0,0.25034,0,256.44,playing,2
29.2817,-14.8878,0,0,0.27428,0,250.48,playing,2
29.298,-14.8878,0,0,0.27428,0,244.81,playing,2
29.3142,-11.3315,0,0,0.25724,0,239.41,playing,3
29.3314,-11.3315,0,0,0.25724,0,234.0,playing,3
29.3481,-11.3315,0,0,0.17704,0,228.9,playing,3
29.3653,-0.9268,0,0,0.17704,0,224.12,playing,3
29.3818,-0.9268,0,0,0.1522,0,219.66,playing,3
29.3983,-0.9268,0,0,0.1522,0,215.74,playing,3
29.4155,9.3606,0,0,0.162,0,211.9,playing,3
29.432,9.3606,0,0,0.16,0,208.38,playing,3
29.4476,10.7132,0,0,0.16,0,205.34,playing,3
29.4634,10.7132,0,0,0.16,0,202.58,playing,3
29.4797,10.7132,0,0,0.16,0,200.11,playing,3
29.4953,5.7364,0,0,0.16,0,197.92,playing,3
29.5124,5.7364,0,0,0.14835,0,196.01,playing,3
29.5294,5.7364,0,0,0.18171,0,194.3,playing,3
29.5462,4.3717,0,0,0.18171,0,192.9,playing,3
29.563,4.3717,0,0,0.2467,1,191.83,playing,3
29.5789,2.9389,0,0,0.2467,0,191.09,playing,3
29.5948,2.9389,0,0,0.26896,0,190.64,playing,3
29.6107,2.9389,0,0,0.26896,0,190.48,playing,3
29.6268,0.2196,0,0,0.26896,0,190.59,playing,3
29.6426,0.2196,0,0,0.26528,0,190.99,playing,3
29.6593,0.2196,0,0,0.26528,0,191.66,playing,3
29.6761,0.2196,0,0,0.26533,0,192.7,playing,3
29.6917,0.2196,0,0,0.26533,0,193.96,playing,3
29.7087,0.2196,0,0,0.24995,0,195.5,playing,3
29.7253,-2.2383,0,0,0.24995,0,197.45,playing,3
29.7422,-2.2383,0,0,0.27693,0,199.72,playing,3
29.7582,-2.2383,0,0,0.27693,0,202.14,playing,3
29.7755,-2.3407,0,0,0.26511,0,205.03,playing,3
29.792,-2.3407,0,0,0.26511,0,208.23,playing,3
29.8076,-2.1474,0,0,0.28365,0,211.53,playing,3
29.8241,-2.1474,0,0,0.28365,0,215.11,playing,3
29.8398,-2.1474,0,0,0.2803,0,218.98,playing,3
29.8559,-1.727,0,0,0.2803,0,223.12,playing,3
29.8716,-1.727,0,0,0.2803,0,227.55,playing,3
29.8885,-1.727,0,0,0.2803,0,232.25,playing,3
29.9051,-1.598,0,0,0.24331,0,237.57,playing,3
29.9212,-1.598,0,0,0.24331,0,242.86,playing,3
29.938,-1.598,0,0,0.25822,0,248.8,playing,3
29.954,-1.0501,0,0,0.25822,0,254.67,playing,3
29.9697,-1.0501,0,0,0.25822,0,260.82,playing,3
29.9865,-0.96,0,0,0.27557,0,267.25,playing,3
30.0036,-0.96,0,0,0.27557,0,274.4,playing,3
30.0197,-0.96,0,0,0.28308,0,281.87,playing,3
30.0357,-17.0846,1,0,0.28308,0,289.18,playing,3
30.0524,-17.0846,0,0,0.29545,0,283.22,playing,3
30.0689,-17.0846,0,0,0.29545,0,277.21,playing,3
30.0846,-11.0525,0,0,0.29412,0,271.83,playing,3
30.1007,-11.0525,0,0,0.29412,0,266.74,playing,3
30.1174,-11.0525,0,0,0.20671,0,261.92,playing,3
30.1339,-3.0952,0,0,0.20671,0,257.13,playing,3
30.1503,-3.0952,0,0,0.20757,0,252.89,playing,3
30.1674,2.708,0,0,0.20757,0,248.71,playing,3
30.184,2.708,0,0,0.23275,0,244.85,playing,3
30.2004,2.708,0,0,0.22296,0,241.5,playing,3
30.2174,11.1051,0,0,0.22296,0,238.25,playing,3
30.2343,11.1051,0,0,0.19411,0,235.32,playing,3
30.2511,11.1051,0,0,0.19411,0,232.71,playing,3
30.2683,10.3529,0,0,0.19411,0,230.42,playing,3
30.2851,10.3529,0,0,0.19411,0,228.45,playing,3
30.3023,7.1704,0,0,0.19411,0,226.87,playing,3
30.3195,7.1704,0,0,0.18057,0,225.46,playing,3
30.3361,7.1704,0,0,0.18057,0,224.44,playing,3
30.3529,4.2826,0,0,0.18057,0,223.73,playing,3
30.369,4.2826,0,0,0.21592,1,223.35,playing,3
30.385,4.2826,0,0,0.26556,0,223.26,playing,3
30.4011,0.1113,0,0,0.26556,0,223.44,playing,3
30.4166,0.1113,0,0,0.30912,0,223.91,playing,3
30.4337,-0.7406,0,0,0.30912,0,224.65,playing,3
30.4504,-0.7406,0,0,0.36441,0,225.76,playing,3
30.4675,-0.7406,0,0,0.36441,0,227.19,playing,3
30.4842,-1.7438,0,0,0.33858,0,228.94,playing,3
30.5013,-1.7438,0,0,0.33858,0,231.01,playing,3
30.5178,-1.7438,0,0,0.34553,0,233.39,playing,3
30.5348,-1.6814,0,0,0.34553,0,235.92,playing,3
30.5508,-1.6814,0,0,0.34061,0,238.92,playing,3
30.5673,-1.6814,0,0,0.34061,0,242.02,playing,3
30.5838,-1.6976,0,0,0.33871,0,245.64,playing,3
30.5999,-1.6976,0,0,0.34331,0,249.33,playing,3
30.6154,-1.5779,0,0,0.34331,0,253.29,playing,3
30.6325,-1.5779,0,0,0.36419,0,257.54,playing,3
30.6492,-1.5779,0,0,0.36419,0,262.38,playing,3
30.666,-15.7843,1,0,0.36419,0,267.53,playing,3
30.6823,-15.7843,0,0,0.30465,0,261.57,playing,3
30.6991,-15.7843,0,0,0.30465,0,255.56,playing,3
30.7162,4.5724,0,0,0.24189,0,249.86,playing,3
30.7323,4.5724,0,0,0.24189,0,244.48,playing,3
30.7495,-7.2728,0,0,0.15981,0,239.71,playing,3
30.7656,-7.2728,0,0,0.15981,0,234.95,playing,3
30.7824,-7.2728,0,0,0.21505,1,230.75,playing,3
30.7992,-7.5777,0,0,0.21505,0,226.6,playing,3
30.8157,-7.5777,0,0,0.19667,0,222.78,playing,3
30.8315,-7.5777,0,0,0.19667,0,219.46,playing,3
30.8482,1.4478,0,0,0.17235,0,216.42,playing,3
30.8656,1.4478,0,0,0.17235,0,213.51,playing,3
30.8823,1.4478,0,0,0.1887,0,210.92,playing,3
30.8994,8.5103,0,0,0.1887,0,208.65,playing,3
30.9163,8.5103,0,0,0.19433,0,206.7,playing,3
30.9333,9.0285,0,0,0.19433,0,205.06,playing,3
30.9496,9.0285,0,0,0.2182,0,203.74,playing,3
30.9661,9.0285,0,0,0.2577,0,202.78,playing,3
30.983,9.0285,0,0,0.2577,0,202.08,playing,3
31.0001,9.0285,0,0,0.2577,0,201.7,playing,3
31.016,9.0285,0,0,0.28795,0,201.61,playing,3
31.0322,1.2582,0,0,0.28795,0,201.82,playing,3
31.0491,1.2582,0,0,0.3387,0,202.35,playing,3
31.0649,-0.2392,0,0,0.3387,0,203.13,playing,3
31.0807,-0.2392,0,0,0.33153,0,204.19,playing,3
31.097,-0.2392,0,0,0.33153,0,205.54,playing,3
31.1129,-0.2392,0,0,0.34793,0,207.17,playing,3
31.129,-0.2392,0,0,0.34793,0,209.08,playing,3
31.1448,-0.2392,0,0,0.33153,0,211.27,playing,3
31.1604,-1.7914,0,0,0.33153,0,213.74,playing,3
31.1776,-1.7914,0,0,0.3555,0,216.49,playing,4
31.194,-1.7914,0,0,0.3555,0,219.73,playing,4
31.2103,-2.0447,0,0,0.28711,0,223.07,playing,4
31.227,-2.0447,0,0,0.28711,0,226.93,playing,4
31.2427,-2.0447,0,0,0.33538,0,230.85,playing,4
31.2588,-1.6982,0,0,0.33538,0,235.04,playing,4
31.2746,-1.6982,0,0,0.33532,0,239.52,playing,4
31.2912,-1.6811,0,0,0.33532,0,244.28,playing,4
31.3083,-1.6811,0,0,0.3022,0,249.66,playing,4
31.3252,-1.6811,0,0,0.3022,0,255.35,playing,4
31.3423,-11.0725,0,0,0.34724,0,261.36,playing,4
31.3589,-11.0725,0,0,0.34724,0,267.69,playing,4
31.3755,-11.0725,0,0,0.34724,0,273.93,playing,4
31.3923,0.2925,1,0,0.23188,0,280.87,playing,4
31.4095,0.2925,0,0,0.23188,0,274.56,playing,4
31.4262,0.8547,0,0,0.17773,0,268.57,playing,4
31.4436,0.8547,0,0,0.17773,0,262.89,playing,4
31.4602,0.8547,0,0,0.21714,1,257.53,playing,4
31.4766,1.098,0,0,0.21714,0,252.49,playing,4
31.4928,1.098,0,0,0.17483,0,248.03,playing,4
31.5086,1.098,0,0,0.17483,0,243.85,playing,4
31.5251,-1.7794,0,0,0.16722,0,239.95,playing,4
31.5405,-1.7794,0,0,0.16722,0,236.33,playing,4
31.5566,-1.7794,0,0,0.19457,0,233.0,playing,4
31.5727,8.0791,0,0,0.19457,0,229.94,playing,4
31.589,8.0791,0,0,0.17558,0,227.17,playing,4
31.6051,8.0791,0,0,0.17558,0,224.68,playing,4
31.6212,8.0791,0,0,0.19661,0,222.47,playing,4
31.6381,8.0791,0,0,0.19661,0,220.44,playing,4
31.6546,5.9108,0,0,0.18037,0,218.73,playing,4
31.6728,5.9108,0,0,0.30289,0,217.4,playing,4
31.6895,5.9108,0,0,0.30289,0,216.26,playing,4
31.7066,1.1824,0,0,0.33284,0,215.5,playing,4
31.7231,1.1824,0,0,0.33284,0,215.06,playing,4
31.739,-0.0875,0,0,0.33284,0,214.93,playing,4
31.7549,-0.0875,0,0,0.34079,0,215.08,playing,4
31.7709,-0.0875,0,0,0.34079,0,215.51,playing,4
31.7875,-0.6296,0,0,0.34272,0,216.22,playing,4
31.8041,-0.6296,0,0,0.34272,0,217.29,playing,4
31.821,-0.6296,0,0,0.31441,0,218.68,playing,4
31.8366,-1.8786,0,0,0.31441,0,220.28,playing,4
31.8531,-1.8786,0,0,0.35729,0,222.15,playing,4
31.8687,-1.8786,0,0,0.35729,0,224.31,playing,4
31.8853,-1.5125,0,0,0.33364,0,226.74,playing,4
31.9022,-1.5125,0,0,0.33364,0,229.65,playing,4
31.9187,-1.4924,0,0,0.3551,0,232.87,playing,4
31.9351,-1.2883,0,0,0.3551,0,236.19,playing,4
31.9514,-1.2883,0,0,0.32626,0,239.79,playing,4
31.9684,-1.2171,0,0,0.32626,0,243.93,playing,4
31.9848,-1.2171,0,0,0.35584,0,248.39,playing,4
32.0012,-1.2171,0,0,0.35584,0,252.87,playing,4
32.0182,-1.7211,0,0,0.36469,0,257.94,playing,4
32.0349,-1.7211,0,0,0.36469,0,263.34,playing,4
32.0508,-1.7211,0,0,0.34336,0,268.7,playing,4
32.0667,-1.1338,0,0,0.34336,0,274.34,playing,4
32.0826,-1.1338,0,0,0.34336,0,280.26,playing,4
32.0995,-1.6542,0,0,0.33815,0,286.46,playing,4
32.1162,-1.6542,0,0,0.33815,0,293.37,playing,4
32.1333,-1.6542,0,0,0.341,0,300.6,playing,4
32.1502,-6.5469,1,0,0.341,0,308.14,playing,4
32.1674,-6.5469,0,0,0.33085,0,301.83,playing,4
32.1843,-6.5469,0,0,0.21261,0,295.84,playing,4
32.2011,-1.0471,0,0,0.21261,0,290.16,playing,4
32.2172,-1.0471,0,0,0.20656,0,285.1,playing,4
32.2342,-0.787,0,0,0.20656,0,280.04,playing,4
32.2509,-0.787,0,0,0.20263,0,275.3,playing,4
32.2672,-0.787,0,0,0.20263,0,271.12,playing,4
32.2845,0.198,0,0,0.22095,1,266.99,playing,4
32.3015,0.198,0,0,0.22095,0,263.19,playing,4
32.3187,0.198,0,0,0.24194,0,259.7,playing,4
32.3355,9.5236,0,0,0.24194,0,256.53,playing,4
32.3522,9.5236,0,0,0.23008,0,253.67,playing,4
32.3692,11.0745,0,0,0.23008,0,251.14,playing,4
32.385,8.8895,0,0,0.21344,0,249.04,playing,4
32.4007,8.8895,0,0,0.21344,0,247.21,playing,4
32.4173,6.1122,0,0,0.22835,0,245.67,playing,4
32.4338,6.1122,0,0,0.22835,0,244.35,playing,4
32.4498,6.1122,0,0,0.22835,0,243.39,playing,4
32.466,3.4376,0,0,0.32874,0,242.72,playing,4
32.482,3.4376,0,0,0.32874,0,242.32,playing,4
32.4979,3.4376,0,0,0.31429,0,242.2,playing,4
32.5136,1.6119,0,0,0.31429,0,242.37,playing,4
32.5304,1.6119,0,0,0.34043,0,242.82,playing,4
32.5468,1.6119,0,0,0.34043,0,243.61,playing,4
32.5631,-0.8664,0,0,0.34306,0,244.64,playing,4
32.5798,-0.8664,0,0,0.34306,0,246.05,playing,4
32.5966,-2.2433,0,0,0.2938,0,247.66,playing,4
32.6127,-2.2433,0,0,0.2938,0,249.69,playing,4
32.6288,-2.2433,0,0,0.3259,0,251.88,playing,4
32.6448,-2.61,0,0,0.3259,0,254.35,playing,4
32.661,-2.61,0,0,0.33117,0,257.1,playing,4
32.6769,-2.61,0,0,0.33117,0,260.14,playing,4
32.6934,-2.6173,0,0,0.34307,0,263.46,playing,4
32.7104,-2.6173,0,0,0.34307,0,267.3,playing,4
32.7274,-2.6173,0,0,0.34496,0,271.46,playing,4
32.7443,-2.6173,0,0,0.32392,0,275.94,playing,4
32.7612,-2.6173,0,0,0.32392,0,280.73,playing,4
32.7769,-1.812,0,0,0.32392,0,285.53,playing,4
32.7929,-1.812,0,0,0.33549,0,290.6,playing,4
32.8085,-1.812,0,0,0.33549,0,295.96,playing,4
32.8253,-15.3739,1,0,0.3431,0,301.6,playing,4
32.8424,-15.3739,0,0,0.3431,0,295.29,playing,4
32.8587,-15.3739,0,0,0.31623,0,289.3,playing,4
32.8754,-8.6622,0,0,0.31623,0,283.94,playing,4
32.8921,-8.6622,0,0,0.2083,0,278.56,playing,4
32.9078,-8.6622,0,0,0.2083,0,273.78,playing,4
32.9245,-3.1179,0,0,0.1747,0,269.28,playing,4
32.9408,-3.1179,0,0,0.1747,0,264.82,playing,4
32.957,-0.7328,0,0,0.20363,0,260.9,playing,4
32.9727,-0.7328,0,0,0.20363,0,257.27,playing,4
32.9889,-0.7328,0,0,0.20816,1,253.92,playing,4
33.005,9.5214,0,0,0.20816,0,250.84,playing,4
33.0208,9.5214,0,0,0.19094,0,248.05,playing,5
33.0367,9.5214,0,0,0.19094,0,245.54,playing,5
33.0528,11.5461,0,0,0.19824,0,243.32,playing,5
33.0689,11.5461,0,0,0.19824,0,241.37,playing,5
33.0852,11.5461,0,0,0.22373,0,239.71,playing,5
33.102,8.9088,0,0,0.22373,0,238.26,playing,5
33.1181,8.9088,0,0,0.24284,0,237.17,playing,5
33.1339,6.0723,0,0,0.24284,0,236.37,playing,5
33.1503,4.0417,0,0,0.24284,0,235.85,playing,5
33.1675,4.0417,0,0,0.27379,0,235.62,playing,5
33.1842,1.7546,0,0,0.27379,0,235.7,playing,5
33.2012,1.7546,0,0,0.34091,0,236.1,playing,5
33.2181,1.7546,0,0,0.34091,0,236.82,playing,5
33.2341,0.809,0,0,0.3235,0,237.78,playing,5
33.2506,0.809,0,0,0.3235,0,239.12,playing,5
33.2671,0.809,0,0,0.31175,0,240.66,playing,5
33.2843,-1.0563,0,0,0.31175,0,242.61,playing,5
33.3009,-1.0563,0,0,0.34994,0,244.88,playing,5
33.3164,-1.6603,0,0,0.34994,0,247.3,playing,5
33.333,-1.6603,0,0,0.32833,0,250.0,playing,5
33.3491,-1.6603,0,0,0.32833,0,252.98,playing,5
33.3651,-1.9257,0,0,0.32883,0,256.25,playing,5
33.3823,-1.9257,0,0,0.32883,0,260.03,playing,5
33.3989,-1.9257,0,0,0.33127,0,264.14,playing,5
33.4149,-2.5109,0,0,0.33127,0,268.28,playing,5
33.4309,-2.5109,0,0,0.3894,0,272.71,playing,5
33.447,-2.5109,0,0,0.3894,0,277.41,playing,5
33.464,-3.159,0,0,0.32809,0,282.73,playing,5
33.4802,-3.159,0,0,0.32809,0,288.02,playing,5
33.4972,-2.5143,0,0,0.32809,0,293.96,playing,5
33.5142,-2.5143,0,0,0.32604,0,300.21,playing,5
33.531,-2.5143,0,0,0.33151,0,306.78,playing,5
33.5463,-4.615,0,0,0.33151,0,313.25,playing,5
33.5631,-4.615,0,0,0.32554,0,320.0,playing,5
33.5788,-4.615,0,0,0.32554,0,327.03,playing,5
33.5954,-10.9243,1,0,0.31435,0,334.34,playing,5
33.6125,-10.9243,0,0,0.31435,0,328.03,playing,5
33.6287,-5.3301,0,0,0.26257,0,322.04,playing,5
33.6445,-5.3301,0,0,0.26257,0,316.68,playing,5
33.6614,-5.3301,0,0,0.21244,0,311.6,playing,5
33.6785,-5.3301,0,0,0.21244,0,306.52,playing,5
33.6956,-5.3301,0,0,0.1935,0,301.76,playing,5
33.7116,-5.3301,0,0,0.1935,0,297.32,playing,5
33.7279,-2.4451,0,0,0.22494,1,293.42,playing,5
33.7438,-2.4451,0,0,0.22494,0,289.8,playing,5
33.7599,-2.4451,0,0,0.20504,0,286.46,playing,5
33.7761,-0.6482,0,0,0.20504,0,283.41,playing,5
33.7919,-0.6482,0,0,0.1819,0,280.64,playing,5
33.808,3.3913,0,0,0.1819,0,278.15,playing,5
33.8251,12.3112,0,0,0.1897,0,275.82,playing,5
33.8417,12.3112,0,0,0.1897,0,273.91,playing,5
33.8577,8.6426,0,0,0.1897,0,272.19,playing,5
33.874,8.6426,0,0,0.1897,0,270.87,playing,5
33.8896,8.6426,0,0,0.1897,0,269.82,playing,5
33.906,5.1935,0,0,0.1897,0,269.05,playing,5
33.9231,5.1935,0,0,0.30388,0,268.55,playing,5
33.9391,5.1935,0,0,0.3233,0,268.37,playing,5
33.9547,1.4205,0,0,0.3233,0,268.46,playing,5
33.9704,1.4205,0,0,0.30152,0,268.84,playing,5
33.9873,1.4205,0,0,0.30152,0,269.5,playing,5
34.004,-0.2785,0,0,0.31336,0,270.52,playing,5
34.0197,-0.2785,0,0,0.31336,0,271.76,playing,5
34.0359,-1.6392,0,0,0.31911,0,273.28,playing,5
34.0517,-1.6392,0,0,0.31911,0,275.08,playing,5
34.0679,-1.6392,0,0,0.32413,0,277.17,playing,5
34.0834,-1.9893,0,0,0.32413,0,279.54,playing,5
34.1,-1.9893,0,0,0.33608,0,282.18,playing,5
34.1159,-1.9893,0,0,0.33608,0,285.11,playing,5
34.1321,-1.8737,0,0,0.32111,0,288.32,playing,5
34.1478,-1.8737,0,0,0.32111,0,291.82,playing,5
34.1638,-1.8737,0,0,0.34577,0,295.59,playing,5
34.1794,-2.4165,0,0,0.34577,0,299.65,playing,5
34.1959,-2.4165,0,0,0.34577,0,303.99,playing,5
34.212,-2.4165,0,0,0.32853,0,308.6,playing,5
34.2283,-13.7618,1,0,0.32853,0,313.51,playing,5
34.245,-13.7618,0,0,0.33335,0,307.19,playing,5
34.261,-3.8631,0,0,0.33335,0,301.53,playing,5
34.2776,-3.8631,0,0,0.33335,0,296.16,playing,5
34.2942,-3.8631,0,0,0.33335,0,290.76,playing,5
34.311,-1.606,0,0,0.16528,0,285.68,playing,5
34.3286,-1.606,0,0,0.18826,0,280.92,playing,5
34.3445,-1.606,0,0,0.18826,0,276.48,playing,5
34.3611,-3.8039,0,0,0.18826,0,272.58,playing,5
34.3784,-3.8039,0,0,0.16797,0,268.76,playing,5
34.3954,-2.3466,0,0,0.18374,0,265.25,playing,5
34.4124,-2.3466,0,0,0.18374,0,262.06,playing,5
34.429,-2.3466,0,0,0.18792,0,259.19,playing,5
34.4447,12.2004,0,0,0.18792,0,256.77,playing,5
34.4613,12.2004,0,0,0.16149,0,254.63,playing,5
34.4777,12.2004,0,0,0.16149,0,252.67,playing,5
34.4937,8.2873,0,0,0.1475,0,251.12,playing,5
34.5102,8.2873,0,0,0.1475,0,249.84,playing,5
34.5269,8.2873,0,0,0.26509,1,248.8,playing,5
34.5434,5.4847,0,0,0.26509,0,248.1,playing,5
34.5595,5.4847,0,0,0.26509,0,247.68,playing,5
34.5766,2.9982,0,0,0.33307,0,247.57,playing,5
34.5931,2.9982,0,0,0.33307,0,247.76,playing,5
34.609,2.9982,0,0,0.3085,0,248.23,playing,5
34.6254,0.0774,0,0,0.3085,0,248.98,playing,5
34.642,0.0774,0,0,0.31694,0,250.09,playing,5
34.659,0.0774,0,0,0.31694,0,251.52,playing,5
34.6748,-0.9722,0,0,0.31694,0,253.14,playing,5
34.691,-0.9722,0,0,0.31694,0,255.05,playing,5
34.7073,-0.9722,0,0,0.31347,0,257.24,playing,5
34.7237,-1.7481,0,0,0.31347,0,259.89,playing,5
34.7401,-1.7481,0,0,0.35149,0,262.66,playing,5
34.756,-1.4946,0,0,0.35149,0,265.71,playing,5
34.7723,-1.4946,0,0,0.3426,0,269.05,playing,5
34.789,-1.4946,0,0,0.3426,0,272.91,playing,5
34.8054,-1.8249,0,0,0.32349,0,276.82,playing,5
34.8235,-1.8249,0,0,0.34994,0,281.3,playing,5
34.8397,-1.8249,0,0,0.34994,0,286.4,playing,5
34.8566,-1.8785,0,0,0.34994,0,291.21,playing,5
34.8731,-1.8785,0,0,0.34973,0,296.64,playing,6
34.8905,-2.1292,0,0,0.34973,0,302.39,playing,6
34.9067,-2.1292,0,0,0.34973,0,308.46,playing,6
34.9226,-2.1292,0,0,0.34995,0,314.45,playing,6
34.9385,-5.7027,0,0,0.3171,0,320.73,playing,6
34.9549,-5.7027,0,0,0.3171,0,327.28,playing,6
34.9712,-5.7027,0,0,0.32121,0,334.12,playing,6
34.9883,-16.6895,1,0,0.32121,0,341.7,playing,6
35.0051,-16.6895,0,0,0.33813,0,335.39,playing,6
35.0213,-16.6895,0,0,0.33813,0,329.73,playing,6
35.0375,-5.887,0,0,0.26613,0,324.03,playing,6
35.0534,-5.887,0,0,0.26613,0,318.95,playing,6
35.0695,-2.0867,0,0,0.26613,0,314.16,playing,6
35.0863,-2.0867,0,0,0.26613,0,309.64,playing,6
35.1028,-2.0867,0,0,0.26613,0,305.16,playing,6
35.1188,-1.9027,0,0,0.2719,0,301.23,playing,6
35.1352,-1.9027,0,0,0.23784,0,297.58,playing,6
35.1519,-1.9027,0,0,0.23784,0,294.01,playing,6
35.1677,9.6337,0,0,0.22457,0,290.94,playing,6
35.1839,9.6337,0,0,0.22457,0,288.15,playing,6
35.1997,9.6337,0,0,0.23669,0,285.64,playing,6
35.2165,13.1201,0,0,0.23669,0,283.41,playing,6
35.2331,13.1201,0,0,0.22632,0,281.37,playing,6
35.2483,10.9687,0,0,0.22632,0,279.72,playing,6
35.2644,8.2623,0,0,0.22632,0,278.35,playing,6
35.281,8.2623,0,0,0.28234,0,277.27,playing,6
35.2969,5.4598,0,0,0.28234,0,276.47,playing,6
35.3128,5.4598,0,0,0.28422,0,275.95,playing,6
35.3291,5.4598,0,0,0.28422,0,275.71,playing,6
35.3452,2.9467,0,0,0.33292,0,275.75,playing,6
35.3622,2.9467,0,0,0.33292,0,276.12,playing,6
35.3785,2.9467,0,0,0.27701,0,276.8,playing,6
35.3944,0.2252,0,0,0.27701,0,277.72,playing,6
35.4116,0.2252,0,0,0.3282,0,278.93,playing,6
35.4281,0.2252,0,0,0.3282,0,280.53,playing,6
35.4439,-0.9094,0,0,0.32101,0,282.31,playing,6
35.4595,-0.9094,0,0,0.32101,0,284.38,playing,6
35.4767,-1.9651,0,0,0.32101,0,286.73,playing,6
35.4933,-1.9651,0,0,0.32101,0,289.54,playing,6
35.5104,-1.9651,0,0,0.32874,0,292.67,playing,6
35.5274,-2.344,0,0,0.29926,0,296.12,playing,6
35.5438,-2.344,0,0,0.29926,0,299.89,playing,6
35.5598,-2.344,0,0,0.29926,0,303.72,playing,6
35.5771,-2.4843,0,0,0.3424,0,308.1,playing,6
35.5927,-2.4843,0,0,0.3424,0,312.51,playing,6
35.6085,-3.9903,0,0,0.3424,0,317.2,playing,6
35.6245,-17.791,1,0,0.34813,0,322.17,playing,6
35.641,-17.791,0,0,0.28244,0,316.21,playing,6
35.6574,-5.1576,0,0,0.28244,0,310.53,playing,6
35.6736,-5.1576,0,0,0.18292,0,304.82,playing,6
35.6905,-5.1576,0,0,0.18292,0,299.72,playing,6
35.7068,-7.0076,0,0,0.17733,0,294.63,playing,6
35.7227,-7.0076,0,0,0.17733,0,290.11,playing,6
35.7387,-7.0076,0,0,0.19809,0,285.88,playing,6
35.7552,2.9026,0,0,0.19809,0,281.93,playing,6
35.7714,2.9026,0,0,0.2107,1,278.26,playing,6
35.7884,2.9026,0,0,0.2107,0,274.67,playing,6
35.8047,7.8414,0,0,0.1948,0,271.41,playing,6
35.8205,7.8414,0,0,0.1948,0,268.62,playing,6
35.8376,6.2613,0,0,0.16711,0,266.11,playing,6
35.8547,6.2613,0,0,0.16711,0,263.76,playing,6
35.8706,6.2613,0,0,0.16711,0,261.73,playing,6
35.8872,6.2613,0,0,0.16711,0,260.11,playing,6
35.9039,6.2613,0,0,0.34443,0,258.69,playing,6
35.9198,6.2613,0,0,0.34443,0,257.64,playing,6
35.9367,0.4927,0,0,0.2803,0,256.88,playing,6
35.9534,0.4927,0,0,0.2803,0,256.38,playing,6
35.9695,-0.3148,0,0,0.2803,0,256.2,playing,6
35.9863,-0.3148,0,0,0.27972,0,256.32,playing,6
36.0035,-0.3148,0,0,0.27972,0,256.76,playing,6
36.0205,-0.5714,0,0,0.31894,0,257.51,playing,6
36.0382,-0.5714,0,0,0.31894,0,258.59,playing,6
36.0556,-0.5714,0,0,0.26545,0,260.08,playing,6
36.0716,-1.2826,0,0,0.28017,0,261.81,playing,6
36.0882,-1.2826,0,0,0.28017,0,263.72,playing,6
36.1049,-1.7756,0,0,0.29857,0,266.06,playing,6
36.1206,-1.7756,0,0,0.29857,0,268.55,playing,6
36.1371,-1.7756,0,0,0.2957,0,271.32,playing,6
36.1528,-2.3559,0,0,0.2957,0,274.38,playing,6
36.1685,-2.3559,0,0,0.32442,0,277.71,playing,6
36.1851,-2.3559,0,0,0.32442,0,281.33,playing,6
36.2013,-2.101,0,0,0.35354,0,285.23,playing,6
36.2176,-2.101,0,0,0.35354,0,289.68,playing,6
36.2346,-2.101,0,0,0.33992,0,294.16,playing,6
36.2511,-16.9413,1,0,0.33992,0,299.24,playing,6
36.2679,-16.9413,0,0,0.2573,0,292.93,playing,6
36.2838,-16.9413,0,0,0.2573,0,287.27,playing,6
36.3002,-16.9413,0,0,0.2573,0,281.89,playing,6
36.3171,-16.9413,0,0,0.21826,0,276.49,playing,6
36.3335,-5.1457,0,0,0.21826,0,271.7,playing,6
36.3504,-5.1457,0,0,0.24704,0,266.92,playing,6
36.3675,-5.1457,0,0,0.24704,0,262.46,playing,6
36.3844,7.2158,0,0,0.15943,0,258.32,playing,6
36.4014,7.2158,0,0,0.15943,0,254.49,playing,6
36.4186,8.4257,0,0,0.16664,0,250.98,playing,6
36.4352,8.4257,0,0,0.16664,0,247.79,playing,6
36.4522,8.4257,0,0,0.14452,0,244.92,playing,6
36.4693,7.3082,0,0,0.14452,0,242.37,playing,6
36.4865,7.3082,0,0,0.15284,0,240.13,playing,6
36.5036,7.3082,0,0,0.23866,1,238.22,playing,6
36.5202,2.8709,0,0,0.23866,0,236.62,playing,6
36.5372,2.8709,0,0,0.30808,0,235.33,playing,6
36.5534,1.279,0,0,0.30808,0,234.41,playing,6
36.5707,1.279,0,0,0.33324,0,233.75,playing,6
36.5869,1.279,0,0,0.33324,0,233.4,playing,6
36.6028,-0.715,0,0,0.32881,0,233.35,playing,6
36.6188,-0.715,0,0,0.32881,0,233.59,playing,6
36.635,-0.715,0,0,0.32445,0,234.11,playing,6
36.6512,-1.0265,0,0,0.32445,0,234.91,playing,6
36.6682,-1.0265,0,0,0.32445,0,236.08,playing,6
36.6854,-1.0265,0,0,0.32881,0,237.56,playing,6
36.7026,-1.2746,0,0,0.32881,0,239.37,playing,6
36.7196,-1.2746,0,0,0.28741,0,241.49,playing,7
36.7356,-1.4613,0,0,0.28741,0,243.93,playing,7
36.7523,-1.4613,0,0,0.2735,0,246.5,playing,7
36.7695,-1.4613,0,0,0.2735,0,249.56,playing,7
36.7863,-1.3244,0,0,0.28418,0,252.94,playing,7
36.8034,-1.3244,0,0,0.28418,0,256.63,playing,7
36.8204,-1.3244,0,0,0.29093,0,260.64,playing,7
36.8372,-1.3791,0,0,0.29093,0,264.97,playing,7
36.8536,-1.3791,0,0,0.33056,0,269.61,playing,7
36.8697,-1.3791,0,0,0.33056,0,274.27,playing,7
36.8864,-1.3791,0,0,0.30609,0,279.2,playing,7
36.9039,-1.3791,0,0,0.30609,0,284.77,playing,7
36.92,-7.8449,1,0,0.29888,0,290.65,playing,7
36.9363,-7.8449,0,0,0.29673,0,284.69,playing,7
36.9534,-7.8449,0,0,0.29673,0,278.67,playing,7
36.9696,12.2979,0,0,0.18792,0,272.98,playing,7
36.9856,12.2979,0,0,0.18792,0,267.9,playing,7
37.0017,12.2979,0,0,0.18792,0,263.1,playing,7
37.0181,-1.2765,0,0,0.18792,0,258.59,playing,7
37.0336,-1.2765,0,0,0.16618,0,254.36,playing,7
37.0493,-11.669,0,0,0.20873,1,250.4,playing,7
37.066,-8.1654,0,0,0.20873,0,246.73,playing,7
37.0816,-8.1654,0,0,0.16889,0,243.34,playing,7
37.0983,2.565,0,0,0.16889,0,240.24,playing,7
37.1147,2.565,0,0,0.26252,0,237.25,playing,7
37.1304,2.565,0,0,0.26252,0,234.73,playing,7
37.1475,8.1315,0,0,0.23375,0,232.48,playing,7
37.1635,8.1315,0,0,0.23375,0,230.42,playing,7
37.1805,8.1315,0,0,0.1881,0,228.75,playing,7
37.1966,5.5549,0,0,0.1881,0,227.3,playing,7
37.2136,5.5549,0,0,0.23239,0,226.22,playing,7
37.2297,5.5549,0,0,0.23239,0,225.39,playing,7
37.2465,5.5549,0,0,0.25421,0,224.88,playing,7
37.2624,5.5549,0,0,0.25421,0,224.67,playing,7
37.279,0.6763,0,0,0.27935,0,224.75,playing,7
37.2955,0.6763,0,0,0.27935,0,225.11,playing,7
37.3121,0.6763,0,0,0.29663,0,225.81,playing,7
37.3281,0.479,0,0,0.29663,0,226.75,playing,7
37.3442,0.479,0,0,0.32881,0,227.97,playing,7
37.3613,0.479,0,0,0.32881,0,229.59,playing,7
37.3779,-0.5991,0,0,0.32881,0,231.52,playing,7
37.3946,-0.5991,0,0,0.31101,0,233.62,playing,7
37.4111,-0.949,0,0,0.31101,0,236.17,playing,7
37.4283,-0.949,0,0,0.33094,0,239.04,playing,7
37.4454,-0.949,0,0,0.33094,0,242.23,playing,7
37.4625,-1.525,0,0,0.35053,0,245.74,playing,7
37.4795,-1.525,0,0,0.32161,0,249.56,playing,7
37.4961,-1.525,0,0,0.32161,0,253.7,playing,7
37.5127,-14.2887,1,0,0.34594,0,257.88,playing,7
37.5287,-14.2887,0,0,0.34594,0,251.57,playing,7
37.5447,-6.0104,0,0,0.32379,0,245.91,playing,7
37.5608,-6.0104,0,0,0.32379,0,240.53,playing,7
37.5771,-6.0104,0,0,0.17045,0,235.44,playing,7
37.5928,0.851,0,0,0.17045,0,230.62,playing,7
37.6089,0.851,0,0,0.19179,0,226.09,playing,7
37.6249,0.851,0,0,0.19179,0,221.84,playing,7
37.6411,-5.9682,0,0,0.18745,0,217.87,playing,7
37.6569,-5.9682,0,0,0.18745,0,214.18,playing,7
37.6731,-5.9682,0,0,0.21539,1,210.77,playing,7
37.6889,0.1726,0,0,0.21539,0,207.65,playing,7
37.705,0.1726,0,0,0.21539,0,204.81,playing,7
37.7211,0.1726,0,0,0.21539,0,202.24,playing,7
37.7385,10.6766,0,0,0.17179,0,199.84,playing,7
37.7552,10.6766,0,0,0.17256,0,197.75,playing,7
37.7713,7.975,0,0,0.17256,0,196.07,playing,7
37.788,7.975,0,0,0.20417,0,194.6,playing,7
37.8037,7.975,0,0,0.20417,0,193.5,playing,7
37.82,2.3702,0,0,0.22313,0,192.68,playing,7
37.836,2.3702,0,0,0.22313,0,192.15,playing,7
37.8516,2.3702,0,0,0.28659,0,191.89,playing,7
37.8686,1.058,0,0,0.28659,0,191.92,playing,7
37.8857,1.058,0,0,0.34049,0,192.26,playing,7
37.9018,1.058,0,0,0.34049,0,192.92,playing,7
37.9182,-0.2496,0,0,0.33628,0,193.83,playing,7
37.9348,-0.2496,0,0,0.33628,0,195.11,playing,7
37.9509,-1.7573,0,0,0.28118,0,196.6,playing,7
37.967,-1.7573,0,0,0.28118,0,198.36,playing,7
37.9829,-1.7573,0,0,0.28713,0,200.41,playing,7
37.9985,-2.4104,0,0,0.28713,0,202.74,playing,7
38.0148,-2.4104,0,0,0.30866,0,205.36,playing,7
38.0311,-2.4104,0,0,0.30866,0,208.25,playing,7
38.048,-16.1483,1,0,0.30032,0,211.64,playing,7
38.0641,-16.1483,0,0,0.30032,0,205.69,playing,7
38.0804,-16.1483,0,0,0.30032,0,200.01,playing,7
38.0968,23.6885,0,0,0.30663,0,194.3,playing,7
38.1126,23.6885,0,0,0.30663,0,189.2,playing,7
38.1285,34.6645,0,0,0.22538,0,184.39,playing,7
38.1451,34.6645,0,0,0.22538,0,179.85,playing,7
38.1611,34.6645,0,0,0.18299,0,175.6,playing,7
38.1782,-16.022,0,0,0.18299,0,171.4,playing,7
38.1951,-16.022,0,0,0.19519,0,167.52,playing,7
38.2117,-16.022,0,0,0.19519,0,163.96,playing,7
38.2273,-1.8246,0,0,0.15254,0,160.89,playing,7
38.2441,-1.8246,0,0,0.15254,0,158.1,playing,7
38.26,-1.8246,0,0,0.15838,0,155.59,playing,7
38.2757,-0.6504,0,0,0.15838,0,153.36,playing,7
38.292,-0.6504,0,0,0.18856,0,151.41,playing,7
38.308,-0.6504,0,0,0.18856,0,149.75,playing,7
38.3241,-1.2533,0,0,0.17778,0,148.37,playing,7
38.3398,-1.2533,0,0,0.17778,0,147.27,playing,7
38.3559,-2.2133,0,0,0.26689,1,146.45,playing,7
38.3722,-2.2133,0,0,0.26689,0,145.91,playing,7
38.3882,-2.2133,0,0,0.30621,0,145.65,playing,7
38.4055,-2.1799,0,0,0.30621,0,145.7,playing,7
38.4221,-2.1799,0,0,0.30621,0,146.06,playing,7
38.4376,-2.1799,0,0,0.32874,0,146.69,playing,7
38.4547,-1.9824,0,0,0.3204,0,147.59,playing,7
38.4723,-1.9824,0,0,0.3204,0,148.97,playing,7
38.4893,-1.7314,0,0,0.34363,0,150.59,playing,7
38.5063,-1.7314,0,0,0.34363,0,152.52,playing,7
38.5229,-1.7314,0,0,0.28993,0,154.77,playing,7
38.5385,-1.4934,0,0,0.28993,0,157.17,playing,7
38.5551,-1.4934,0,0,0.305,0,159.86,playing,8
38.572,-1.4934,0,0,0.305,0,163.03,playing,8
38.5882,-0.9493,0,0,0.30539,0,166.29,playing,8
38.6048,-0.9493,0,0,0.30539,0,170.08,playing,8
38.6209,-0.9493,0,0,0.29436,0,173.92,playing,8
38.6368,-0.796,0,0,0.29436,0,178.05,playing,8
38.6529,-0.796,0,0,0.29545,0,182.46,playing,8
38.6689,-0.8779,0,0,0.29545,0,187.14,playing,8
38.685,-0.8779,0,0,0.27649,0,192.12,playing,8
38.7007,-0.8779,0,0,0.27649,0,197.37,playing,8
38.7169,-15.8938,1,0,0.32406,0,202.9,playing,8
38.7335,-15.8938,0,0,0.32406,0,196.94,playing,8
38.7494,-15.8938,0,0,0.24989,0,190.93,playing,8
38.7655,-5.9903,0,0,0.24989,0,185.55,playing,8
38.7821,-5.9903,0,0,0.24989,0,180.46,playing,8
38.7982,-5.9903,0,0,0.19631,0,175.64,playing,8
38.8153,-3.3679,0,0,0.19631,0,170.85,playing,8
38.8324,-3.3679,0,0,0.22645,1,166.37,playing,8
38.8484,-0.1355,0,0,0.22645,0,162.21,playing,8
38.8649,-0.1355,0,0,0.2033,0,158.57,playing,8
38.8805,-0.1355,0,0,0.2033,0,155.22,playing,8
38.8972,9.5328,0,0,0.15952,0,152.14,playing,8
38.9142,9.5328,0,0,0.15952,0,149.2,playing,8
38.9311,9.5328,0,0,0.17933,0,146.57,playing,8
38.9467,12.9566,0,0,0.17933,0,144.38,playing,8
38.9633,12.9566,0,0,0.1377,0,142.47,playing,8
38.9803,12.9566,0,0,0.1377,0,140.76,playing,8
38.9964,10.0762,0,0,0.18707,0,139.36,playing,8
39.0135,10.0762,0,0,0.18707,0,138.33,playing,8
39.0301,5.351,0,0,0.16476,0,137.55,playing,8
39.0456,5.351,0,0,0.16476,0,137.11,playing,8
39.0623,5.351,0,0,0.21931,0,136.94,playing,8
39.0793,3.1962,0,0,0.21931,0,137.08,playing,8
39.0957,3.1962,0,0,0.28155,0,137.53,playing,8
39.1122,3.1962,0,0,0.28155,0,138.25,playing,8
39.1294,1.3969,0,0,0.24711,0,139.32,playing,8
39.146,1.3969,0,0,0.24711,0,140.71,playing,8
39.1619,1.3969,0,0,0.31033,0,142.3,playing,8
39.1781,-1.2224,0,0,0.31033,0,144.18,playing,8
39.1937,-1.2224,0,0,0.27813,0,146.33,playing,8
39.2104,-1.9701,0,0,0.27813,0,148.77,playing,8
39.2272,-1.9701,0,0,0.33631,0,151.68,playing,8
39.2438,-1.9701,0,0,0.33631,0,154.9,playing,8
39.2594,-1.9519,0,0,0.29355,0,158.22,playing,8
39.276,-1.9519,0,0,0.29355,0,161.82,playing,8
39.292,-1.9519,0,0,0.25351,0,165.7,playing,8
39.3081,-1.4684,0,0,0.25351,0,169.86,playing,8
39.3235,-1.4684,0,0,0.28418,0,174.3,playing,8
39.3404,-1.4684,0,0,0.28418,0,179.03,playing,8
39.3573,-1.8924,0,0,0.31455,0,184.36,playing,8
39.3737,-1.8924,0,0,0.31455,0,190.02,playing,8
39.3902,-1.7597,0,0,0.28941,0,195.63,playing,8
39.4057,-1.7597,0,0,0.28941,0,201.51,playing,8
39.4217,-1.7597,0,0,0.26648,0,207.68,playing,8
39.4382,-2.0515,0,0,0.26648,0,214.13,playing,8
39.4548,-2.0515,0,0,0.29862,0,221.3,playing,8
39.4707,-2.0515,0,0,0.29862,0,228.33,playing,8
39.4872,-20.9216,1,0,0.29862,0,235.64,playing,8
39.5042,-20.9216,0,0,0.28819,0,229.33,playing,8
39.5211,-20.9216,0,0,0.28819,0,223.34,playing,8
39.5383,13.4278,0,0,0.32569,0,217.66,playing,8
39.5554,13.4278,0,0,0.32569,0,212.3,playing,8
39.5719,12.6594,0,0,0.18528,0,207.26,playing,8
39.5881,12.6594,0,0,0.18528,0,202.8,playing,8
39.6044,12.6594,0,0,0.18247,0,198.62,playing,8
39.6209,-2.644,0,0,0.18247,0,194.49,playing,8
39.6372,-2.644,0,0,0.20325,0,190.89,playing,8
39.6537,-2.644,0,0,0.20325,0,187.39,playing,8
39.6698,3.3088,0,0,0.16091,0,184.37,playing,8
39.6853,3.3088,0,0,0.16642,0,181.63,playing,8
39.7034,3.9268,0,0,0.16642,0,179.04,playing,8
39.7199,2.8797,0,0,0.14454,0,176.77,playing,8
39.7364,2.8797,0,0,0.14454,0,174.91,playing,8
39.7529,2.0844,0,0,0.21511,1,173.25,playing,8
39.7691,2.0844,0,0,0.21511,0,171.98,playing,8
39.7862,2.0844,0,0,0.21511,0,170.94,playing,8
39.8028,0.5492,0,0,0.2392,0,170.22,playing,8
39.8183,0.5492,0,0,0.2392,0,169.82,playing,8
39.8351,0.5492,0,0,0.2392,0,169.7,playing,8
39.8512,-0.6999,0,0,0.2392,0,169.87,playing,8
39.869,-0.6999,0,0,0.2392,0,170.37,playing,8
39.8844,-1.3366,0,0,0.24301,0,171.18,playing,8
39.901,-1.3366,0,0,0.24301,0,172.22,playing,8
39.9185,-1.3366,0,0,0.24738,0,173.65,playing,8
39.9351,-0.9508,0,0,0.24738,0,175.4,playing,8
39.952,-0.9508,0,0,0.2735,0,177.47,playing,8
39.9682,-0.9508,0,0,0.2735,0,179.69,playing,8
39.9853,-1.0849,0,0,0.26599,0,182.38,playing,8
40.0024,-1.0849,0,0,0.26599,0,185.38,playing,8
40.019,-0.7266,0,0,0.26599,0,188.69,playing,8
40.0351,-0.7266,0,0,0.27381,0,192.1,playing,8
40.0518,-0.7266,0,0,0.27381,0,196.03,playing,8
40.0679,-1.1991,0,0,0.32157,0,200.02,playing,8
40.084,-1.1991,0,0,0.32157,0,204.29,playing,8
40.1001,-1.1991,0,0,0.32157,0,208.84,playing,8
40.1173,-0.93,0,0,0.28145,0,213.99,playing,8
40.1344,-0.93,0,0,0.28145,0,219.46,playing,8
40.151,-0.93,0,0,0.29899,0,225.24,playing,8
40.1671,-11.2904,1,0,0.29899,0,230.97,playing,8
40.1844,-11.2904,0,0,0.29386,0,224.66,playing,8
40.2005,29.9169,0,0,0.29386,0,218.66,playing,8
40.2167,29.9169,0,0,0.30313,0,213.3,playing,8
40.2333,29.9169,0,0,0.30313,0,208.23,playing,8
40.2499,8.1556,0,0,0.30313,0,203.15,playing,8
40.2664,8.1556,0,0,0.30313,0,198.65,playing,8
40.2828,8.1556,0,0,0.30313,0,194.19,playing,8
40.2994,0.5068,0,0,0.22373,0,190.27,playing,8
40.316,0.5068,0,0,0.22373,0,186.43,playing,8
40.3321,0.5068,0,0,0.19611,0,183.09,playing,8
40.3481,2.5228,0,0,0.19611,0,180.04,playing,8
40.3651,2.5228,0,0,0.19611,1,177.11,playing,8
40.3818,2.5228,0,0,0.24181,0,174.5,playing,8
40.3973,2.5228,0,0,0.24181,0,172.33,playing,8
40.4139,2.5228,0,0,0.14904,0,170.43,playing,9
40.4305,-0.7469,0,0,0.14904,0,168.82,playing,9
40.4471,-0.7469,0,0,0.17549,0,167.43,playing,9
40.4638,-0.7469,0,0,0.17549,0,166.35,playing,9
40.48,-1.3381,0,0,0.17504,0,165.62,playing,9
40.4972,-1.3381,0,0,0.17504,0,165.16,playing,9
40.5137,-1.5492,0,0,0.17504,0,165.02,playing,9
40.5309,-2.1731,0,0,0.22198,0,165.2,playing,9
40.547,-2.1731,0,0,0.22198,0,165.65,playing,9
40.5625,-1.9159,0,0,0.21143,0,166.38,playing,9
40.5784,-1.9159,0,0,0.21143,0,167.39,playing,9
40.5965,-1.9159,0,0,0.21143,0,168.68,playing,9
40.6132,-1.2391,0,0,0.27883,0,170.49,playing,9
40.6298,-1.2391,0,0,0.27883,0,172.52,playing,9
40.6463,-1.2391,0,0,0.27692,0,174.71,playing,9
40.6628,-1.1285,0,0,0.27692,0,177.36,playing,9
40.6792,-1.1285,0,0,0.27692,0,180.13,playing,9
40.6958,-0.8351,0,0,0.25075,0,183.39,playing,9
40.7121,-0.8351,0,0,0.25075,0,186.74,playing,9
40.7283,-0.8351,0,0,0.27224,0,190.37,playing,9
40.7457,-0.5055,0,0,0.27224,0,194.55,playing,9
40.7613,-0.5055,0,0,0.27729,0,199.05,playing,9
40.7785,-0.5055,0,0,0.27729,0,203.56,playing,9
40.7946,-0.4676,0,0,0.27729,0,208.68,playing,9
40.8112,-0.4676,0,0,0.29926,0,213.77,playing,9
40.8278,-0.4676,0,0,0.29926,0,219.5,playing,9
40.8434,-15.2216,1,0,0.2839,0,225.18,playing,9
40.8602,-15.2216,0,0,0.2839,0,219.22,playing,9
40.877,-9.4293,0,0,0.29093,0,213.21,playing,9
40.8933,-9.4293,0,0,0.29093,0,207.83,playing,9
40.9107,-9.4293,0,0,0.25907,0,202.43,playing,9
40.9267,7.5276,0,0,0.25907,0,197.35,playing,9
40.9434,7.5276,0,0,0.25907,0,192.86,playing,9
40.96,7.5276,0,0,0.25907,0,188.4,playing,9
40.9761,-2.1538,0,0,0.25907,0,184.48,playing,9
40.9929,-2.1538,0,0,0.23768,0,180.64,playing,9
41.009,-2.1538,0,0,0.23768,0,177.3,playing,9
41.025,-2.1538,0,0,0.23768,0,174.25,playing,9
41.0433,-2.1538,0,0,0.1796,0,171.17,playing,9
41.0603,13.1081,0,0,0.1796,0,168.57,playing,9
41.0769,13.1081,0,0,0.17059,0,166.3,playing,9
41.093,13.1081,0,0,0.17059,0,164.44,playing,9
41.1086,9.347,0,0,0.21188,1,162.87,playing,9
41.1247,9.347,0,0,0.21188,0,161.57,playing,9
41.1409,9.347,0,0,0.1467,0,160.56,playing,9
41.1564,3.114,0,0,0.1467,0,159.83,playing,9
41.173,3.114,0,0,0.1467,0,159.38,playing,9
41.1885,1.2695,0,0,0.15383,0,159.21,playing,9
41.2045,1.2695,0,0,0.15383,0,159.33,playing,9
41.2207,1.2695,0,0,0.2244,0,159.72,playing,9
41.2367,-0.2254,0,0,0.2244,0,160.4,playing,9
41.2533,-0.2254,0,0,0.2244,0,161.36,playing,9
41.2698,-0.2254,0,0,0.24712,0,162.69,playing,9
41.2859,-2.0376,0,0,0.24712,0,164.23,playing,9
41.3024,-2.0376,0,0,0.25811,0,166.05,playing,9
41.3189,-2.0376,0,0,0.25811,0,168.3,playing,9
41.3351,-2.3577,0,0,0.25811,0,170.71,playing,9
41.3508,-2.3577,0,0,0.2583,0,173.39,playing,9
41.3666,-2.3577,0,0,0.2583,0,176.35,playing,9
41.3827,-2.8785,0,0,0.22407,0,179.6,playing,9
41.3992,-2.8785,0,0,0.22407,0,183.13,playing,9
41.4157,-2.8125,0,0,0.28005,0,187.2,playing,9
41.432,-2.8125,0,0,0.28005,0,191.3,playing,9
41.4476,-2.8125,0,0,0.28005,0,195.69,playing,9
41.4642,-2.7491,0,0,0.2132,0,200.37,playing,9
41.4813,-2.7491,0,0,0.2132,0,205.65,playing,9
41.4969,-2.7491,0,0,0.30306,0,210.9,playing,9
41.513,-1.8782,0,0,0.30306,0,216.44,playing,9
41.5287,-1.8782,0,0,0.27285,0,222.25,playing,9
41.5452,-1.8782,0,0,0.27285,0,228.35,playing,9
41.5622,-1.5208,0,0,0.27285,0,234.73,playing,9
41.5793,-1.5208,0,0,0.25444,0,242.26,playing,9
41.5958,-0.8774,0,0,0.25444,0,249.69,playing,9
41.6118,-0.8774,0,0,0.26925,0,256.97,playing,9
41.6279,-0.8774,0,0,0.26925,0,264.53,playing,9
41.6444,-0.9619,0,0,0.26925,0,272.37,playing,9
41.6609,-0.9619,0,0,0.26925,0,281.02,playing,9
41.6773,-0.9619,0,0,0.26925,0,289.44,playing,9
41.6938,-2.2798,0,0,0.29716,0,298.7,playing,9
41.7096,-2.2798,0,0,0.29716,0,307.7,playing,9
41.7257,-2.2798,0,0,0.33367,0,316.99,playing,9
41.7418,-8.8553,1,0,0.33367,0,326.55,playing,9
41.7584,-8.8553,0,0,0.33402,0,320.59,playing,9
41.7751,0.2741,0,0,0.33402,0,314.58,playing,9
41.7913,0.2741,0,0,0.33402,0,309.2,playing,9
41.8081,0.2741,0,0,0.31592,0,303.81,playing,9
41.8242,0.003,0,0,0.31592,0,299.01,playing,9
41.8404,0.003,0,0,0.25034,0,294.5,playing,9
41.8574,0.003,0,0,0.25034,0,290.02,playing,9
41.8744,0.003,0,0,0.16609,0,285.85,playing,9
41.8915,0.003,0,0,0.16609,0,282.01,playing,9
41.9084,9.2272,0,0,0.17689,0,278.48,playing,9
41.9244,12.3031,0,0,0.17689,0,275.28,playing,9
41.9406,12.3031,0,0,0.17689,0,272.54,playing,9
41.9576,11.1922,0,0,0.19376,0,270.08,playing,9
41.9746,11.1922,0,0,0.19376,0,267.79,playing,9
41.9905,11.1922,0,0,0.19376,1,265.82,playing,9
42.0079,11.1922,0,0,0.22169,0,264.16,playing,9
42.0237,4.8141,0,0,0.22169,0,262.89,playing,9
42.0403,4.8141,0,0,0.26984,0,261.89,playing,9
42.0564,0.5321,0,0,0.26984,0,261.15,playing,9
42.0734,0.5321,0,0,0.27396,0,260.74,playing,9
42.0899,-0.5896,0,0,0.27396,0,260.61,playing,9
42.1074,-0.5896,0,0,0.27396,0,260.78,playing,9
42.1255,-0.5896,0,0,0.2357,0,261.37,playing,9
42.1421,-1.486,0,0,0.2357,0,262.22,playing,9
42.1581,-1.486,0,0,0.28922,0,263.31,playing,9
42.1752,-1.486,0,0,0.28922,0,264.77,playing,9
42.1923,-1.7962,0,0,0.28922,0,266.56,playing,9
42.209,-1.7962,0,0,0.28359,0,268.66,playing,9
42.2256,-2.2396,0,0,0.28359,0,270.92,playing,9
42.2418,-2.2396,0,0,0.30807,0,273.64,playing,9
42.2584,-2.2396,0,0,0.30807,0,276.48,playing,10
42.2754,-2.0004,0,0,0.30807,0,279.82,playing,10
42.2922,-2.0004,0,0,0.30431,0,283.48,playing,10
42.3079,-2.0004,0,0,0.30431,0,287.2,playing,10
42.3239,-6.4932,0,0,0.30431,0,291.2,playing,10
42.3396,-6.4932,0,0,0.29882,0,295.49,playing,10
42.3561,-6.4932,0,0,0.29882,0,300.05,playing,10
42.3717,-18.7035,1,0,0.30785,0,304.9,playing,10
42.3883,-18.7035,0,0,0.30785,0,298.94,playing,10
42.4048,-7.2363,0,0,0.31287,0,292.93,playing,10
42.4214,-7.2363,0,0,0.31287,0,287.55,playing,10
42.4379,-7.2363,0,0,0.31287,0,282.16,playing,10
42.454,-4.4288,0,0,0.29039,0,277.36,playing,10
42.4701,-4.4288,0,0,0.29039,0,272.84,playing,10
42.4861,-4.4288,0,0,0.20019,0,268.61,playing,10
42.5034,9.9077,0,0,0.20019,0,264.43,playing,10
42.52,9.9077,0,0,0.20019,0,260.57,playing,10
42.5357,9.9077,0,0,0.19094,0,257.21,playing,10
42.5518,14.5644,0,0,0.19094,0,254.14,playing,10
42.5685,14.5644,0,0,0.16822,0,251.35,playing,10
42.5851,13.4329,0,0,0.16822,0,248.7,playing,10
42.6007,13.4329,0,0,0.2019,0,246.49,playing,10
42.6168,13.4329,0,0,0.2019,0,244.57,playing,10
42.6324,9.8328,0,0,0.2019,0,242.92,playing,10
42.6486,9.8328,0,0,0.16463,0,241.56,playing,10
42.6654,9.8328,0,0,0.16463,0,240.47,playing,10
42.6814,4.2775,0,0,0.19944,0,239.64,playing,10
42.6975,4.2775,0,0,0.19944,0,239.14,playing,10
42.7141,4.2775,0,0,0.25447,1,238.92,playing,10
42.7313,0.5773,0,0,0.25447,0,239.0,playing,10
42.7481,0.5773,0,0,0.25447,0,239.4,playing,10
42.7637,0.5773,0,0,0.21261,0,240.06,playing,10
42.7805,0.5773,0,0,0.21261,0,241.0,playing,10
42.797,0.5773,0,0,0.27392,0,242.32,playing,10
42.8125,-2.3864,0,0,0.27392,0,243.84,playing,10
42.8286,-2.3864,0,0,0.2609,0,245.64,playing,10
42.8452,-2.3864,0,0,0.2609,0,247.73,playing,10
42.8617,-2.859,0,0,0.2609,0,250.26,playing,10
42.8784,-2.859,0,0,0.29809,0,252.93,playing,10
42.8955,-2.859,0,0,0.29809,0,256.08,playing,10
42.9121,-2.859,0,0,0.27935,0,259.54,playing,10
42.9288,-2.859,0,0,0.27935,0,263.33,playing,10
42.9444,-6.7075,0,0,0.32121,0,267.17,playing,10
42.961,-18.5555,1,0,0.32121,0,271.3,playing,10
42.9766,-18.5555,0,0,0.32121,0,265.34,playing,10
42.9926,-12.1617,0,0,0.28181,0,259.67,playing,10
43.0088,-12.1617,0,0,0.28181,0,254.27,playing,10
43.0248,-12.1617,0,0,0.26636,0,249.16,playing,10
43.0409,-12.1617,0,0,0.26636,0,244.33,playing,10
43.0569,0.9117,0,0,0.24323,0,239.77,playing,10
43.0725,0.9117,0,0,0.24323,0,235.51,playing,10
43.0884,-4.4114,0,0,0.24323,0,231.52,playing,10
43.1045,-4.4114,0,0,0.18805,0,227.81,playing,10
43.1211,-4.4114,0,0,0.18805,0,224.39,playing,10
43.1378,9.8916,0,0,0.17588,0,221.07,playing,10
43.1538,9.8916,0,0,0.17588,0,218.23,playing,10
43.1699,13.2423,0,0,0.17588,0,215.66,playing,10
43.1868,10.6435,0,0,0.17386,0,213.26,playing,10
43.2024,10.6435,0,0,0.17386,0,211.28,playing,10
43.219,7.7961,0,0,0.19864,0,209.58,playing,10
43.2351,7.7961,0,0,0.19864,0,208.16,playing,10
43.2507,7.7961,0,0,0.21896,1,207.03,playing,10
43.2663,2.8565,0,0,0.21896,0,206.17,playing,10
43.2828,2.8565,0,0,0.21896,0,205.6,playing,10
43.2989,2.8565,0,0,0.18685,0,205.31,playing,10
43.3154,1.0541,0,0,0.18685,0,205.3,playing,10
43.3317,1.0541,0,0,0.24657,0,205.61,playing,10
43.3482,1.0541,0,0,0.24657,0,206.18,playing,10
43.3653,1.0541,0,0,0.30088,0,207.1,playing,10
43.3819,1.0541,0,0,0.30088,0,208.35,playing,10
43.3979,-1.784,0,0,0.30088,0,209.8,playing,10
43.4139,-1.784,0,0,0.28847,0,211.53,playing,10
43.4301,-1.784,0,0,0.28847,0,213.54,playing,10
43.4462,-2.2854,0,0,0.28609,0,215.84,playing,10
43.4628,-2.2854,0,0,0.28609,0,218.6,playing,10
43.4788,-2.2854,0,0,0.30799,0,221.47,playing,10
43.4949,-2.3808,0,0,0.30799,0,224.63,playing,10
43.5106,-2.3808,0,0,0.30799,0,228.07,playing,10
43.5267,-2.3808,0,0,0.30799,0,231.79,playing,10
43.5434,-2.1627,0,0,0.27374,0,235.8,playing,10
43.56,-2.1627,0,0,0.27374,0,240.37,playing,10
43.577,-2.1139,0,0,0.27374,0,245.26,playing,10
43.5926,-2.1139,0,0,0.31543,0,250.14,playing,10
43.609,-2.1139,0,0,0.31543,0,255.31,playing,10
43.6251,-2.1449,0,0,0.31543,0,260.75,playing,10
43.6411,-2.1449,0,0,0.24331,0,266.48,playing,10
43.6578,-2.1449,0,0,0.24331,0,272.88,playing,10
43.674,-1.8758,0,0,0.24331,0,279.19,playing,10
43.6901,-1.8758,0,0,0.26865,0,285.78,playing,10
43.7072,-1.8758,0,0,0.26865,0,293.1,playing,10
43.7242,-17.5985,1,0,0.26865,0,300.74,playing,10
43.7413,-17.5985,0,0,0.26865,0,294.43,playing,10
43.7579,-4.9992,0,0,0.29899,0,288.44,playing,10
43.7734,-4.9992,0,0,0.29899,0,283.08,playing,10
43.7895,-4.9992,0,0,0.29899,0,278.0,playing,10
43.806,-5.3487,0,0,0.2324,0,273.2,playing,10
43.822,-5.3487,0,0,0.2324,0,268.68,playing,10
43.8376,-5.3487,0,0,0.24569,0,264.45,playing,10
43.8544,-3.5952,0,0,0.24569,0,260.5,playing,10
43.8705,-3.5952,0,0,0.19791,0,256.62,playing,10
43.8875,-3.5952,0,0,0.19791,0,253.25,playing,10
43.9035,7.9547,0,0,0.14822,0,249.98,playing,10
43.9202,7.9547,0,0,0.14822,0,247.19,playing,10
43.9375,8.6314,0,0,0.21099,1,244.55,playing,10
43.9543,8.6314,0,0,0.14047,0,242.22,playing,10
43.9705,8.6314,0,0,0.14047,0,240.21,playing,10
43.9868,6.3681,0,0,0.21588,0,238.59,playing,10
44.0025,6.3681,0,0,0.19794,0,237.26,playing,10
44.0189,6.3681,0,0,0.19794,0,236.22,playing,10
44.0345,3.783,0,0,0.26551,0,235.45,playing,10
44.0514,3.783,0,0,0.26551,0,234.97,playing,10
44.0681,2.2894,0,0,0.31721,0,234.77,playing,10
44.0857,0.8117,0,0,0.31721,0,234.89,playing,10
44.1022,0.8117,0,0,0.28956,0,235.37,playing,11
44.1193,-0.1494,0,0,0.27671,0,236.09,playing,11
44.1359,-0.1494,0,0,0.27671,0,237.16,playing,11
44.1521,-0.1494,0,0,0.27325,0,238.45,playing,11
44.1679,-0.7035,0,0,0.27325,0,240.03,playing,11
44.1839,-0.7035,0,0,0.28739,0,241.88,playing,11
44.2006,-0.7035,0,0,0.28739,0,244.02,playing,11
44.2166,-1.1248,0,0,0.28739,0,246.61,playing,11
44.2335,-1.1248,0,0,0.31543,0,249.33,playing,11
44.2496,-1.2734,0,0,0.29574,0,252.53,playing,11
44.2665,-1.2734,0,0,0.29574,0,255.83,playing,11
44.2828,-1.2734,0,0,0.31366,0,259.66,playing,11
44.2986,-1.4694,0,0,0.31366,0,263.54,playing,11
44.3152,-1.4694,0,0,0.3613,0,267.7,playing,11
44.3318,-1.4694,0,0,0.3613,0,272.44,playing,11
44.3474,-3.903,0,0,0.3385,0,277.18,playing,11
44.3642,-3.903,0,0,0.3385,0,282.2,playing,11
44.3813,-3.903,0,0,0.3385,0,287.86,playing,11
44.3986,-10.1495,1,0,0.30762,0,293.83,playing,11
44.4151,-10.1495,0,0,0.30762,0,287.52,playing,11
44.4322,-1.5475,0,0,0.2593,0,281.53,playing,11
44.4487,-1.5475,0,0,0.2593,0,275.85,playing,11
44.4648,-1.5475,0,0,0.22645,0,270.79,playing,11
44.481,2.8716,0,0,0.22645,0,266.01,playing,11
44.497,2.8716,0,0,0.21932,0,261.51,playing,11
44.5131,2.8716,0,0,0.21932,0,257.3,playing,11
44.5302,11.4229,0,0,0.22935,0,253.14,playing,11
44.547,11.4229,0,0,0.22935,0,249.29,playing,11
44.563,11.726,0,0,0.19333,0,245.96,playing,11
44.5801,11.726,0,0,0.19333,0,242.73,playing,11
44.5963,11.726,0,0,0.18918,0,239.97,playing,11
44.6128,7.084,0,0,0.18918,0,237.37,playing,11
44.6289,7.084,0,0,0.20887,1,235.19,playing,11
44.6449,7.084,0,0,0.20887,0,233.3,playing,11
44.6614,4.3761,0,0,0.25094,0,231.69,playing,11
44.6784,4.3761,0,0,0.25094,0,230.29,playing,11
44.6952,4.3761,0,0,0.24256,0,229.22,playing,11
44.7116,0.7851,0,0,0.24256,0,228.46,playing,11
44.7275,0.7851,0,0,0.25817,0,228.03,playing,11
44.7444,-0.1265,0,0,0.25817,0,227.88,playing,11
44.7612,-0.1265,0,0,0.3044,0,228.03,playing,11
44.7767,-0.1265,0,0,0.3044,0,228.46,playing,11
44.7928,-1.0148,0,0,0.3044,0,229.18,playing,11
44.8089,-1.0148,0,0,0.30277,0,230.17,playing,11
44.825,-1.0148,0,0,0.28,0,231.45,playing,11
44.841,-1.7703,0,0,0.28,0,233.0,playing,11
44.8566,-1.7703,0,0,0.3122,0,234.84,playing,11
44.8731,-1.7703,0,0,0.3122,0,236.96,playing,11
44.8894,-1.4813,0,0,0.3122,0,239.36,playing,11
44.9059,-1.4813,0,0,0.28247,0,242.23,playing,11
44.9216,-1.4813,0,0,0.31789,0,245.21,playing,11
44.9383,-1.7872,0,0,0.31789,0,248.48,playing,11
44.9551,-1.7872,0,0,0.28719,0,252.26,playing,11
44.9709,-1.6655,0,0,0.28719,0,256.11,playing,11
44.9868,-1.6655,0,0,0.30857,0,260.24,playing,11
45.0023,-1.6655,0,0,0.30857,0,264.64,playing,11
45.0189,-9.2649,0,0,0.31026,0,269.33,playing,11
45.0352,-9.2649,0,0,0.31026,0,274.3,playing,11
45.0521,-9.2649,0,0,0.24711,0,279.9,playing,11
45.0679,-3.2828,1,0,0.24711,0,285.46,playing,11
45.0839,-3.2828,0,0,0.24711,0,279.5,playing,11
45.1001,-3.2828,0,0,0.20731,0,273.82,playing,11
45.1172,-5.4989,0,0,0.20731,0,268.11,playing,11
45.1345,-5.4989,0,0,0.27405,0,262.71,playing,11
45.1512,-4.8321,0,0,0.27405,0,257.63,playing,11
45.1685,4.0591,0,0,0.22088,0,252.87,playing,11
45.1849,4.0591,0,0,0.22088,0,248.43,playing,11
45.2007,12.0302,0,0,0.23828,0,244.53,playing,11
45.2165,12.0302,0,0,0.23828,0,240.91,playing,11
45.2332,12.0302,0,0,0.23951,0,237.58,playing,11
45.2503,13.3299,0,0,0.23951,0,234.35,playing,11
45.2671,13.3299,0,0,0.15897,0,231.44,playing,11
45.2826,13.3299,0,0,0.15897,0,228.99,playing,11
45.2989,7.7306,0,0,0.20135,0,226.81,playing,11
45.3149,7.7306,0,0,0.20135,0,224.92,playing,11
45.3306,4.6041,0,0,0.24318,1,223.31,playing,11
45.3472,4.6041,0,0,0.24318,0,221.98,playing,11
45.3637,4.6041,0,0,0.24011,0,220.93,playing,11
45.3798,1.3059,0,0,0.24011,0,220.14,playing,11
45.3963,1.3059,0,0,0.29091,0,219.67,playing,11
45.4128,1.3059,0,0,0.29091,0,219.49,playing,11
45.4292,-0.1057,0,0,0.27367,0,219.6,playing,11
45.4461,-0.1057,0,0,0.27367,0,220.04,playing,11
45.4632,-0.9968,0,0,0.27367,0,220.8,playing,11
45.4803,-0.9968,0,0,0.27367,0,221.87,playing,11
45.4973,-0.9968,0,0,0.28104,0,223.27,playing,11
45.514,-2.8116,0,0,0.28104,0,224.98,playing,11
45.5296,-2.8116,0,0,0.28843,0,226.87,playing,11
45.5457,-2.8116,0,0,0.28843,0,229.04,playing,11
45.5614,-3.2035,0,0,0.26847,0,231.49,playing,11
45.5782,-3.2035,0,0,0.26847,0,234.23,playing,11
45.5947,-3.2035,0,0,0.313,0,237.45,playing,11
45.6112,-3.0427,0,0,0.313,0,240.77,playing,11
45.6268,-3.0427,0,0,0.27582,0,244.37,playing,11
45.6423,-3.0427,0,0,0.27582,0,248.25,playing,11
45.6589,-3.4173,0,0,0.27771,0,252.41,playing,11
45.6744,-3.4173,0,0,0.27771,0,256.85,playing,11
45.6915,-6.4587,0,0,0.30203,0,261.58,playing,11
45.7075,-6.4587,0,0,0.30203,0,266.92,playing,11
45.7243,-6.4587,0,0,0.23526,0,272.22,playing,11
45.7414,-17.6187,1,0,0.23526,0,278.18,playing,11
45.7583,-17.6187,0,0,0.20747,0,271.87,playing,11
45.7753,-17.6187,0,0,0.20747,0,265.87,playing,11
45.7925,-5.8963,0,0,0.20747,0,260.2,playing,11
45.8096,-5.8963,0,0,0.18075,0,254.84,playing,11
45.8257,9.6292,0,0,0.18075,0,249.8,playing,11
45.842,9.6292,0,0,0.18075,0,245.33,playing,11
45.8582,9.6292,0,0,0.27901,1,241.15,playing,11
45.8742,16.6958,0,0,0.27901,0,237.25,playing,11
45.8908,16.6958,0,0,0.27901,0,233.43,playing,11
45.9067,16.6958,0,0,0.20206,0,230.11,playing,11
45.9228,13.9143,0,0,0.20206,0,227.07,playing,11
45.9391,13.9143,0,0,0.22317,0,224.32,playing,11
45.9562,13.9143,0,0,0.22317,0,221.71,playing,12
45.9727,10.29,0,0,0.2663,0,219.42,playing,12
45.9887,10.29,0,0,0.2663,0,217.54,playing,12
46.0049,4.2561,0,0,0.25835,0,215.95,playing,12
46.021,4.2561,0,0,0.25835,0,214.64,playing,12
46.0373,4.2561,0,0,0.26655,0,213.61,playing,12
46.054,0.0332,0,0,0.26655,0,212.83,playing,12
46.0694,0.0332,0,0,0.31281,0,212.38,playing,12
46.0865,0.0332,0,0,0.31281,0,212.21,playing,12
46.1032,-1.2533,0,0,0.27308,0,212.35,playing,12
46.1191,-1.2533,0,0,0.27308,0,212.76,playing,12
46.1356,-1.2533,0,0,0.25818,0,213.52,playing,12
46.1516,-1.863,0,0,0.25818,0,214.51,playing,12
46.1682,-1.863,0,0,0.25818,0,215.79,playing,12
46.1853,-2.6898,0,0,0.26941,0,217.46,playing,12
46.2021,-2.6898,0,0,0.26577,0,219.45,playing,12
46.2193,-2.6898,0,0,0.26577,0,221.76,playing,12
46.2362,-2.3441,0,0,0.27302,0,224.39,playing,12
46.2533,-2.3441,0,0,0.27302,0,227.33,playing,12
46.2703,-2.3441,0,0,0.27302,0,230.59,playing,12
46.2867,-2.3918,0,0,0.27302,0,234.18,playing,12
46.3032,-2.3918,0,0,0.26571,0,237.83,playing,12
46.3203,-2.2204,0,0,0.26571,0,242.02,playing,12
46.337,-2.2204,0,0,0.30023,0,246.54,playing,12
46.3533,-2.2204,0,0,0.30023,0,251.07,playing,12
46.37,-2.9577,0,0,0.30195,0,256.2,playing,12
46.386,-2.9577,0,0,0.30195,0,261.31,playing,12
46.4022,-2.9577,0,0,0.30862,0,266.71,playing,12
46.4177,-14.2949,1,0,0.30862,0,272.38,playing,12
46.4338,-14.2949,0,0,0.21965,0,266.42,playing,12
46.4496,-14.2949,0,0,0.21965,0,260.75,playing,12
46.4661,-6.2317,0,0,0.19213,0,255.35,playing,12
46.4831,-6.2317,0,0,0.19213,0,249.94,playing,12
46.5003,-0.7189,0,0,0.19213,0,244.84,playing,12
46.5164,-0.7189,0,0,0.22596,1,240.06,playing,12
46.5326,-0.7189,0,0,0.22596,0,235.85,playing,12
46.5492,11.554,0,0,0.22596,0,231.91,playing,12
46.5653,11.554,0,0,0.23426,0,228.26,playing,12
46.5818,11.554,0,0,0.23426,0,224.7,playing,12
46.598,14.7066,0,0,0.17554,0,221.62,playing,12
46.6141,14.7066,0,0,0.20394,0,218.83,playing,12
46.631,14.7066,0,0,0.20394,0,216.19,playing,12
46.6467,9.326,0,0,0.21059,0,213.98,playing,12
46.6624,9.326,0,0,0.21059,0,212.05,playing,12
46.6791,9.326,0,0,0.21059,0,210.4,playing,12
46.6971,9.326,0,0,0.27002,0,208.97,playing,12
46.7128,9.326,0,0,0.27002,0,207.86,playing,12
46.7289,1.822,0,0,0.26253,0,207.09,playing,12
46.7451,1.822,0,0,0.26253,0,206.61,playing,12
46.7622,1.822,0,0,0.28184,0,206.41,playing,12
46.778,-0.0267,0,0,0.28184,0,206.51,playing,12
46.7937,-0.0267,0,0,0.27693,0,206.88,playing,12
46.8102,-0.0267,0,0,0.27693,0,207.54,playing,12
46.8272,-0.945,0,0,0.30278,0,208.56,playing,12
46.8439,-0.945,0,0,0.30278,0,209.9,playing,12
46.8597,-2.4455,0,0,0.30278,0,211.44,playing,12
46.8763,-2.4455,0,0,0.30278,0,213.26,playing,12
46.8935,-2.4455,0,0,0.3049,0,215.51,playing,12
46.9098,-2.2772,0,0,0.3049,0,218.08,playing,12
46.9258,-2.2772,0,0,0.3049,0,220.78,playing,12
46.9413,-2.2772,0,0,0.29978,0,223.76,playing,12
46.9584,-2.2082,0,0,0.29978,0,227.03,playing,12
46.9749,-2.2082,0,0,0.30069,0,230.81,playing,12
46.991,-2.2082,0,0,0.30069,0,234.66,playing,12
47.0071,-2.4647,0,0,0.30012,0,238.78,playing,12
47.0231,-2.4647,0,0,0.30012,0,243.19,playing,12
47.0387,-2.5334,0,0,0.30012,0,247.88,playing,12
47.0553,-10.8209,0,0,0.28286,0,252.85,playing,12
47.0714,-10.8209,0,0,0.28286,0,258.45,playing,12
47.0885,-17.3417,1,0,0.28286,0,264.0,playing,12
47.1052,-17.3417,0,0,0.30855,0,257.69,playing,12
47.1213,-17.3417,0,0,0.30855,0,251.7,playing,12
47.138,-4.2207,0,0,0.25765,0,246.34,playing,12
47.1536,-4.2207,0,0,0.25765,0,241.26,playing,12
47.1701,-4.2207,0,0,0.25765,0,236.46,playing,12
47.1872,0.9057,0,0,0.24215,0,231.68,playing,12
47.2038,0.9057,0,0,0.24215,0,227.22,playing,12
47.2198,11.2279,0,0,0.17048,0,223.31,playing,12
47.2363,11.2279,0,0,0.17048,0,219.67,playing,12
47.2529,11.2279,0,0,0.20955,1,216.13,playing,12
47.269,11.1074,0,0,0.20955,0,213.07,playing,12
47.2847,11.1074,0,0,0.20955,0,210.3,playing,12
47.3008,11.1074,0,0,0.20955,0,207.81,playing,12
47.3168,7.7424,0,0,0.20955,0,205.6,playing,12
47.3324,7.7424,0,0,0.23481,0,203.67,playing,12
47.3493,7.7424,0,0,0.23481,0,202.03,playing,12
47.3664,5.0516,0,0,0.22218,0,200.59,playing,12
47.3835,5.0516,0,0,0.22218,0,199.48,playing,12
47.3996,2.4884,0,0,0.15782,0,198.68,playing,12
47.4161,1.6447,0,0,0.15782,0,198.22,playing,12
47.4327,1.6447,0,0,0.15782,0,198.03,playing,12
47.449,0.7144,0,0,0.25037,0,198.15,playing,12
47.4645,0.7144,0,0,0.25037,0,198.55,playing,12
47.4813,0.7144,0,0,0.24213,0,199.22,playing,12
47.4978,-0.758,0,0,0.24213,0,200.26,playing,12
47.5137,-0.758,0,0,0.25042,0,201.52,playing,12
47.5299,-0.758,0,0,0.25042,0,203.06,playing,12
47.5464,-1.8092,0,0,0.25042,0,204.88,playing,12
47.5626,-1.8092,0,0,0.26155,0,207.13,playing,12
47.5792,-1.8536,0,0,0.26155,0,209.53,playing,12
47.5958,-1.8536,0,0,0.28047,0,212.4,playing,12
47.6113,-1.8536,0,0,0.28047,0,215.39,playing,12
47.6284,-1.7119,0,0,0.26483,0,218.65,playing,12
47.6445,-1.7119,0,0,0.26483,0,222.44,playing,12
47.6615,-1.7119,0,0,0.26483,0,226.28,playing,12
47.6783,-2.2527,0,0,0.32542,0,230.68,playing,12
47.6948,-2.2527,0,0,0.32542,0,235.4,playing,12
47.7104,-2.2527,0,0,0.28823,0,240.13,playing,12
47.7269,-6.8641,0,0,0.28823,0,245.13,playing,12
47.7426,-6.8641,0,0,0.28823,0,250.42,playing,12
47.7589,-18.5179,1,0,0.32318,0,255.99,playing,12
47.7749,-18.5179,0,0,0.32318,0,250.03,playing,12
47.7911,-18.5179,0,0,0.2977,0,244.36,playing,12
47.8081,-5.9312,0,0,0.2977,0,238.64,playing,13
47.8252,-5.9312,0,0,0.27408,0,233.25,playing,13
47.8422,-5.9312,0,0,0.27408,0,228.17,playing,13
47.8593,-4.1754,0,0,0.15428,0,223.41,playing,13
47.8764,-4.1754,0,0,0.15428,0,218.97,playing,13
47.8925,-4.1754,0,0,0.15428,0,214.84,playing,13
47.9095,9.7257,0,0,0.25492,1,211.24,playing,13
47.926,9.7257,0,0,0.25492,0,207.74,playing,13
47.9422,10.1381,0,0,0.23362,0,204.72,playing,13
47.9592,10.1381,0,0,0.23362,0,201.83,playing,13
47.9763,10.1381,0,0,0.23362,0,199.26,playing,13
47.9933,7.0173,0,0,0.2011,0,197.0,playing,13
48.01,7.0173,0,0,0.1923,0,195.06,playing,13
48.0259,7.0173,0,0,0.1923,0,193.52,playing,13
48.0414,4.305,0,0,0.25145,0,192.26,playing,13
48.0584,4.305,0,0,0.25145,0,191.29,playing,13
48.0751,0.9443,0,0,0.28515,0,190.57,playing,13
48.0905,0.9443,0,0,0.28111,0,190.17,playing,13
48.1073,0.9443,0,0,0.28111,0,190.05,playing,13
48.1245,0.3445,0,0,0.33063,0,190.25,playing,13
48.1412,0.3445,0,0,0.27929,0,190.76,playing,13
48.1569,0.3445,0,0,0.27929,0,191.53,playing,13
48.1725,-0.4111,0,0,0.30032,0,192.57,playing,13
48.1885,-0.4111,0,0,0.30032,0,193.9,playing,13
48.2047,-0.4111,0,0,0.28836,0,195.51,playing,13
48.2211,-1.0565,0,0,0.28836,0,197.4,playing,13
48.2368,-1.0565,0,0,0.29981,0,199.58,playing,13
48.2526,-1.0565,0,0,0.29981,0,202.03,playing,13
48.2692,-1.8068,0,0,0.29981,0,204.77,playing,13
48.2848,-1.8068,0,0,0.30148,0,207.78,playing,13
48.3006,-1.7348,0,0,0.30148,0,211.08,playing,13
48.3167,-1.7348,0,0,0.25893,0,214.66,playing,13
48.3327,-1.7348,0,0,0.25893,0,218.53,playing,13
48.3488,-3.1223,0,0,0.32577,0,222.67,playing,13
48.3645,-3.1223,0,0,0.32577,0,227.1,playing,13
48.3805,-3.1223,0,0,0.33068,0,231.8,playing,13
48.3966,-12.0204,1,0,0.33068,0,236.79,playing,13
48.4128,-12.0204,0,0,0.29673,0,230.83,playing,13
48.4287,-12.0204,0,0,0.29673,0,225.16,playing,13
48.4449,-8.4734,0,0,0.20386,0,219.76,playing,13
48.4609,-8.4734,0,0,0.20386,0,214.65,playing,13
48.4768,-8.4734,0,0,0.25497,1,209.82,playing,13
48.4934,-5.167,0,0,0.25497,0,205.27,playing,13
48.5104,-5.167,0,0,0.22868,0,200.75,playing,13
48.5273,6.4602,0,0,0.22868,0,196.55,playing,13
48.5441,6.4602,0,0,0.17855,0,192.67,playing,13
48.5607,6.4602,0,0,0.17855,0,189.11,playing,13
48.5769,6.4602,0,0,0.22689,0,186.03,playing,13
48.5928,6.4602,0,0,0.22689,0,183.24,playing,13
48.6085,6.4602,0,0,0.22689,0,180.73,playing,13
48.6253,11.2564,0,0,0.20588,0,178.51,playing,13
48.642,11.2564,0,0,0.20588,0,176.46,playing,13
48.6576,11.2564,0,0,0.25051,0,174.81,playing,13
48.6738,8.1488,0,0,0.25051,0,173.45,playing,13
48.6903,8.1488,0,0,0.27413,0,172.36,playing,13
48.7073,3.2801,0,0,0.27413,0,171.53,playing,13
48.7238,3.2801,0,0,0.23927,0,171.02,playing,13
48.7395,3.2801,0,0,0.23927,0,170.81,playing,13
48.7566,1.3579,0,0,0.27669,0,170.89,playing,13
48.7728,1.3579,0,0,0.27669,0,171.29,playing,13
48.7888,1.3579,0,0,0.26225,0,171.95,playing,13
48.8049,0.0454,0,0,0.26225,0,172.89,playing,13
48.821,0.0454,0,0,0.2738,0,174.11,playing,13
48.8368,0.0454,0,0,0.2738,0,175.62,playing,13
48.8533,-1.9046,0,0,0.26911,0,177.4,playing,13
48.8703,-1.9046,0,0,0.26911,0,179.62,playing,13
48.8873,-2.5013,0,0,0.28401,0,182.15,playing,13
48.9043,-2.5013,0,0,0.24278,0,185.0,playing,13
48.9214,-2.5013,0,0,0.24278,0,188.17,playing,13
48.9383,-2.7354,0,0,0.27332,0,191.66,playing,13
48.9549,-2.7354,0,0,0.27332,0,195.46,playing,13
48.9705,-2.7354,0,0,0.27332,0,199.33,playing,13
48.9863,-3.7941,0,0,0.26643,0,203.47,playing,13
49.0033,-3.7941,0,0,0.26643,0,207.9,playing,13
49.0206,-11.2874,0,0,0.29717,0,212.92,playing,13
49.0372,-11.2874,0,0,0.29717,0,218.25,playing,13
49.0545,-11.2874,0,0,0.2542,0,223.91,playing,13
49.0705,-11.1965,1,0,0.2542,0,229.88,playing,13
49.0877,-11.1965,0,0,0.19527,0,223.92,playing,13
49.1036,-11.1965,0,0,0.19527,0,217.91,playing,13
49.1197,-6.9254,0,0,0.24187,1,212.53,playing,13
49.1355,-6.9254,0,0,0.24187,0,207.44,playing,13
49.1525,-6.9254,0,0,0.17665,0,202.62,playing,13
49.1686,-1.1578,0,0,0.17665,0,197.83,playing,13
49.1848,-1.1578,0,0,0.20737,0,193.59,playing,13
49.2009,7.8921,0,0,0.20737,0,189.64,playing,13
49.2173,7.8921,0,0,0.22574,0,185.97,playing,13
49.2339,7.8921,0,0,0.22574,0,182.39,playing,13
49.25,14.2973,0,0,0.20881,0,179.3,playing,13
49.2661,14.2973,0,0,0.20881,0,176.49,playing,13
49.2822,14.2973,0,0,0.23426,0,173.96,playing,13
49.2989,12.2627,0,0,0.23426,0,171.6,playing,13
49.3156,12.2627,0,0,0.23426,0,169.65,playing,13
49.3319,12.2627,0,0,0.22222,0,167.9,playing,13
49.3479,8.4386,0,0,0.22222,0,166.54,playing,13
49.3644,8.4386,0,0,0.198,0,165.46,playing,13
49.3808,3.5077,0,0,0.198,0,164.62,playing,13
49.3976,3.5077,0,0,0.24299,1,164.12,playing,13
49.4136,3.5077,0,0,0.24299,0,163.9,playing,13
49.4297,1.7547,0,0,0.24705,0,163.98,playing,13
49.4456,1.7547,0,0,0.24705,0,164.34,playing,13
49.4614,1.7547,0,0,0.27735,0,164.98,playing,13
49.4784,0.4222,0,0,0.27735,0,165.91,playing,13
49.4945,0.4222,0,0,0.28861,0,167.21,playing,13
49.5113,0.4222,0,0,0.27308,0,168.71,playing,13
49.5277,-0.8244,0,0,0.27308,0,170.63,playing,13
49.5441,-0.8244,0,0,0.27267,0,172.71,playing,13
49.5599,-2.1598,0,0,0.27267,0,175.08,playing,13
49.5759,-2.1598,0,0,0.28762,0,177.73,playing,13
49.5916,-2.1598,0,0,0.28762,0,180.65,playing,13
49.6085,-2.7241,0,0,0.2923,0,183.87,playing,13
49.6256,-2.7241,0,0,0.2923,0,187.6,playing,13
49.6419,-2.7241,0,0,0.29231,0,191.64,playing,13
49.6576,-2.943,0,0,0.29231,0,195.73,playing,14
49.674,-2.943,0,0,0.29231,0,200.11,playing,14
49.6898,-2.943,0,0,0.29231,0,204.76,playing,14
49.706,-3.0153,0,0,0.27308,0,209.7,playing,14
49.722,-3.0153,0,0,0.28723,0,214.92,playing,14
49.7383,-7.6391,0,0,0.28723,0,220.41,playing,14
49.7554,-19.2031,1,0,0.29881,0,226.58,playing,14
49.7726,-19.2031,0,0,0.29881,0,220.26,playing,14
49.7888,-13.6505,0,0,0.26611,0,214.27,playing,14
49.8052,-13.6505,0,0,0.26611,0,208.91,playing,14
49.8222,-13.6505,0,0,0.19291,0,203.53,playing,14
49.8392,-4.8749,0,0,0.19291,0,198.47,playing,14
49.8562,-4.8749,0,0,0.18381,0,193.73,playing,14
49.8728,-4.8749,0,0,0.18381,0,189.31,playing,14
49.8886,2.2236,0,0,0.21086,1,185.43,playing,14
49.9051,2.2236,0,0,0.21086,0,181.83,playing,14
49.922,10.8499,0,0,0.22177,0,178.32,playing,14
49.9378,10.8499,0,0,0.22177,0,175.3,playing,14
49.9535,10.8499,0,0,0.21904,0,172.56,playing,14
49.9702,11.3014,0,0,0.21904,0,170.11,playing,14
49.9877,11.3014,0,0,0.19411,0,167.82,playing,14
50.0034,11.3014,0,0,0.19411,0,165.84,playing,14
50.0203,11.3014,0,0,0.19411,0,164.27,playing,14
50.0373,11.3014,0,0,0.25059,0,162.91,playing,14
50.0543,5.3063,0,0,0.26229,0,161.87,playing,14
50.0711,3.3825,0,0,0.26229,0,161.15,playing,14
50.0883,3.3825,0,0,0.2735,0,160.75,playing,14
50.1049,2.1376,0,0,0.2735,0,160.66,playing,14
50.1209,2.1376,0,0,0.24207,0,160.86,playing,14
50.1371,2.1376,0,0,0.24207,0,161.35,playing,14
50.154,0.2701,0,0,0.27267,0,162.18,playing,14
50.17,0.2701,0,0,0.27267,0,163.24,playing,14
50.1856,0.2701,0,0,0.29712,0,164.59,playing,14
50.2022,-0.927,0,0,0.29712,0,166.21,playing,14
50.218,-0.927,0,0,0.26511,0,168.12,playing,14
50.234,-1.1205,0,0,0.26511,0,170.31,playing,14
50.2494,-1.1205,0,0,0.19463,0,172.79,playing,14
50.2661,-1.1205,0,0,0.19463,0,175.54,playing,14
50.282,-1.7675,0,0,0.25824,1,178.57,playing,14
50.2979,-1.7675,0,0,0.25824,0,181.89,playing,14
50.3135,-1.7675,0,0,0.28819,0,185.49,playing,14
50.3302,-2.0815,0,0,0.28819,0,189.37,playing,14
50.3471,-2.0815,0,0,0.27776,0,193.81,playing,14
50.3639,-2.0815,0,0,0.27776,0,198.57,playing,14
50.3805,-3.2018,0,0,0.27776,0,203.33,playing,14
50.397,-3.2018,0,0,0.29378,0,208.7,playing,14
50.4135,-3.2018,0,0,0.29378,0,214.04,playing,14
50.4302,-3.2018,0,0,0.26178,0,220.04,playing,14
50.4473,-3.2018,0,0,0.26178,0,226.35,playing,14
50.4636,-7.3852,0,0,0.27952,0,232.98,playing,14
50.4805,-7.3852,0,0,0.27952,0,239.5,playing,14
50.4976,-7.3852,0,0,0.27177,0,246.74,playing,14
50.5138,-10.1027,1,0,0.27177,0,254.3,playing,14
50.5305,-10.1027,0,0,0.1843,0,248.35,playing,14
50.5468,-10.1027,0,0,0.1843,0,242.33,playing,14
50.5626,-7.438,0,0,0.18759,0,236.96,playing,14
50.5788,-7.438,0,0,0.18759,0,231.86,playing,14
50.5953,7.7009,0,0,0.18328,0,227.05,playing,14
50.6123,7.7009,0,0,0.18328,0,222.25,playing,14
50.6293,7.7009,0,0,0.17207,0,217.77,playing,14
50.6464,11.479,0,0,0.17207,0,213.61,playing,14
50.6627,11.479,0,0,0.2426,1,209.76,playing,14
50.6795,11.479,0,0,0.24774,0,206.43,playing,14
50.6963,10.5904,0,0,0.24774,0,203.2,playing,14
50.7129,10.5904,0,0,0.24774,0,200.29,playing,14
50.7287,8.0959,0,0,0.24774,0,197.84,playing,14
50.7446,5.2928,0,0,0.27201,0,195.66,playing,14
50.7604,5.2928,0,0,0.27098,0,193.77,playing,14
50.7773,3.4448,0,0,0.27098,0,192.16,playing,14
50.794,3.4448,0,0,0.24682,0,190.76,playing,14
50.81,3.4448,0,0,0.24682,0,189.73,playing,14
50.8261,0.7171,0,0,0.24658,0,188.98,playing,14
50.8433,0.7171,0,0,0.24658,0,188.51,playing,14
50.8604,0.7171,0,0,0.26359,0,188.35,playing,14
50.8765,-0.0198,0,0,0.26359,0,188.5,playing,14
50.8936,-0.0198,0,0,0.26023,0,188.93,playing,14
50.9095,-0.5901,0,0,0.26023,0,189.71,playing,14
50.926,-0.5901,0,0,0.29343,0,190.72,playing,14
50.9432,-0.5901,0,0,0.29343,0,192.11,playing,14
50.9602,-0.5535,0,0,0.27794,0,193.82,playing,14
50.9766,-0.5535,0,0,0.27794,0,195.85,playing,14
50.9933,-0.5535,0,0,0.24696,0,198.04,playing,14
51.0104,-0.4831,0,0,0.24696,0,200.69,playing,14
51.0274,-0.4831,0,0,0.26755,0,203.65,playing,14
51.0435,-0.7341,0,0,0.26755,0,206.93,playing,14
51.0604,-5.2049,0,0,0.28565,0,210.3,playing,14
51.0766,-5.2049,0,0,0.28565,0,214.2,playing,14
51.0927,-16.9728,1,0,0.28565,0,218.15,playing,14
51.1084,-16.9728,0,0,0.28979,0,212.19,playing,14
51.1256,-16.9728,0,0,0.28979,0,206.51,playing,14
51.1417,-9.1382,0,0,0.23682,0,200.8,playing,14
51.1578,-9.1382,0,0,0.23682,0,195.7,playing,14
51.174,-9.1382,0,0,0.18746,0,190.89,playing,14
51.1899,-3.1625,0,0,0.26178,1,186.36,playing,14
51.206,-3.1625,0,0,0.26178,0,182.11,playing,14
51.222,-3.1625,0,0,0.26178,0,178.14,playing,14
51.2392,5.9901,0,0,0.24621,0,174.24,playing,14
51.2563,5.9901,0,0,0.24244,0,170.66,playing,14
51.2729,14.7671,0,0,0.24244,0,167.39,playing,14
51.2888,14.7671,0,0,0.25746,0,164.6,playing,14
51.3055,14.7671,0,0,0.25746,0,162.09,playing,14
51.322,13.2221,0,0,0.22756,0,159.74,playing,14
51.3376,13.2221,0,0,0.22756,0,157.82,playing,14
51.3542,13.2221,0,0,0.28353,0,156.17,playing,14
51.3712,10.5559,0,0,0.28353,0,154.74,playing,14
51.3878,10.5559,0,0,0.26814,0,153.62,playing,14
51.4039,10.5559,0,0,0.26814,0,152.86,playing,14
51.42,10.5559,0,0,0.26814,0,152.37,playing,14
51.436,10.5559,0,0,0.26814,0,152.17,playing,14
51.4526,3.3174,0,0,0.31571,0,152.25,playing,14
51.4686,3.3174,0,0,0.32889,0,152.65,playing,14
51.4847,3.3174,0,0,0.32889,0,153.31,playing,14
51.5008,-0.0938,0,0,0.32889,0,154.25,playing,15
51.5168,-0.0938,0,0,0.32889,0,155.47,playing,15
51.5325,-0.0938,0,0,0.29314,0,156.98,playing,15
51.5486,-1.2086,0,0,0.29314,0,158.76,playing,15
51.5652,-1.2086,0,0,0.33107,0,160.83,playing,15
51.5819,-1.2086,0,0,0.33107,0,163.34,playing,15
51.5983,-2.2463,0,0,0.32003,0,165.99,playing,15
51.6153,-2.2463,0,0,0.32003,0,169.12,playing,15
51.632,-2.6682,0,0,0.3283,0,172.57,playing,15
51.648,-2.6682,0,0,0.3283,0,176.1,playing,15
51.6636,-2.6682,0,0,0.2936,0,179.91,playing,15
51.6802,-2.6215,0,0,0.2936,0,184.0,playing,15
51.6962,-2.6215,0,0,0.30333,0,188.37,playing,15
51.7131,-2.6215,0,0,0.30333,0,193.34,playing,15
51.7299,-3.1649,0,0,0.3113,0,198.62,playing,15
51.7457,-3.1649,0,0,0.3113,0,203.87,playing,15
51.7625,-3.1649,0,0,0.32438,0,209.41,playing,15
51.7793,-3.0841,0,0,0.32438,0,215.61,playing,15
51.7963,-3.0841,0,0,0.32438,0,222.12,playing,15
51.813,-5.7755,0,0,0.30675,0,228.96,playing,15
51.8286,-5.7755,0,0,0.30675,0,235.67,playing,15
51.8446,-5.7755,0,0,0.30689,0,242.66,playing,15
51.8606,-13.0034,1,0,0.30689,0,249.94,playing,15
51.8767,-13.0034,0,0,0.30689,0,243.98,playing,15
51.8932,-13.0034,0,0,0.30689,0,238.31,playing,15
51.9102,-7.9807,0,0,0.24305,0,232.59,playing,15
51.9272,-7.9807,0,0,0.24305,0,227.2,playing,15
51.944,-2.3515,0,0,0.24334,0,222.12,playing,15
51.9603,10.2016,0,0,0.24334,0,217.62,playing,15
51.9772,10.2016,0,0,0.23858,0,213.16,playing,15
51.9935,13.5202,0,0,0.23858,0,209.24,playing,15
52.0098,13.5202,0,0,0.23993,0,205.4,playing,15
52.0259,13.5202,0,0,0.23993,0,202.06,playing,15
52.042,11.5754,0,0,0.23993,0,199.01,playing,15
52.0585,11.5754,0,0,0.23887,0,196.24,playing,15
52.0751,11.5754,0,0,0.23887,0,193.61,playing,15
52.0907,6.4164,0,0,0.24694,0,191.42,playing,15
52.1068,6.4164,0,0,0.24694,0,189.51,playing,15
52.1228,6.4164,0,0,0.24694,0,187.88,playing,15
52.14,4.3017,0,0,0.1838,0,186.46,playing,15
52.1555,4.3017,0,0,0.1838,0,185.42,playing,15
52.1716,1.2459,0,0,0.1838,0,184.65,playing,15
52.1876,1.2459,0,0,0.1838,0,184.16,playing,15
52.2042,1.2459,0,0,0.2921,1,183.96,playing,15
52.2213,0.4667,0,0,0.2921,0,184.06,playing,15
52.2382,0.4667,0,0,0.2921,0,184.48,playing,15
52.2553,0.4667,0,0,0.3334,0,185.22,playing,15
52.2719,-0.1538,0,0,0.3334,0,186.28,playing,15
52.288,-0.1538,0,0,0.29773,0,187.55,playing,15
52.3041,-0.6897,0,0,0.29773,0,189.11,playing,15
52.3213,-1.4717,0,0,0.30589,0,191.08,playing,15
52.3383,-1.4717,0,0,0.30589,0,193.37,playing,15
52.3554,-1.4717,0,0,0.32185,0,195.98,playing,15
52.3715,-1.4717,0,0,0.32185,0,198.9,playing,15
52.3876,-1.4717,0,0,0.32185,0,201.94,playing,15
52.4044,-2.074,0,0,0.29947,0,205.26,playing,15
52.421,-2.074,0,0,0.29947,0,209.1,playing,15
52.4381,-2.074,0,0,0.32117,0,213.0,playing,15
52.4537,-2.2329,0,0,0.32117,0,217.46,playing,15
52.4698,-2.2329,0,0,0.31498,0,221.93,playing,15
52.4858,-3.4226,0,0,0.31498,0,226.69,playing,15
52.5014,-3.4226,0,0,0.31498,0,231.74,playing,15
52.5177,-3.4226,0,0,0.29902,0,237.06,playing,15
52.5338,-13.4359,1,0,0.29902,0,242.66,playing,15
52.5499,-13.4359,0,0,0.2933,0,236.7,playing,15
52.566,-13.4359,0,0,0.2933,0,231.03,playing,15
52.5816,-5.3255,0,0,0.23482,0,225.63,playing,15
52.5982,-5.3255,0,0,0.23482,0,220.52,playing,15
52.6152,-5.3255,0,0,0.23482,0,215.4,playing,15
52.6307,4.5971,0,0,0.22109,0,210.87,playing,15
52.6468,4.5971,0,0,0.22109,0,206.62,playing,15
52.6648,14.039,0,0,0.22109,0,202.65,playing,15
52.681,14.039,0,0,0.24328,0,198.54,playing,15
52.6963,14.039,0,0,0.24328,0,195.17,playing,15
52.7124,10.0504,0,0,0.21533,0,192.08,playing,15
52.7287,10.0504,0,0,0.21533,0,189.27,playing,15
52.7448,10.0504,0,0,0.21533,0,186.75,playing,15
52.7612,7.1005,0,0,0.21643,0,184.5,playing,15
52.7782,7.1005,0,0,0.21643,0,182.43,playing,15
52.7951,7.1005,0,0,0.24726,0,180.68,playing,15
52.8111,4.4415,0,0,0.24726,0,179.32,playing,15
52.8272,4.4415,0,0,0.24726,0,178.24,playing,15
52.8433,3.1119,0,0,0.26929,0,177.43,playing,15
52.8595,1.6019,0,0,0.26929,0,176.9,playing,15
52.8756,1.6019,0,0,0.26929,0,176.68,playing,15
52.8916,0.9251,0,0,0.26929,0,176.74,playing,15
52.9076,0.9251,0,0,0.26929,0,177.08,playing,15
52.9236,0.9251,0,0,0.26988,0,177.71,playing,15
52.9399,-0.3819,0,0,0.26988,0,178.61,playing,15
52.956,-0.3819,0,0,0.26988,0,179.8,playing,15
52.9717,-0.3819,0,0,0.31321,0,181.27,playing,15
52.9878,-1.0878,0,0,0.31321,0,183.02,playing,15
53.0044,-1.0878,0,0,0.25088,0,185.05,playing,15
53.0209,-1.0878,0,0,0.25088,0,187.53,playing,15
53.0381,-0.8904,0,0,0.25088,0,190.14,playing,15
53.0551,-0.8904,0,0,0.30758,0,193.44,playing,15
53.0717,-1.3437,0,0,0.30758,0,196.65,playing,15
53.0877,-1.3437,0,0,0.31301,0,200.38,playing,15
53.1037,-1.3437,0,0,0.31301,0,204.17,playing,15
53.1214,-1.6452,0,0,0.31301,0,208.24,playing,15
53.1383,-1.6452,0,0,0.30327,0,213.18,playing,15
53.1549,-1.6452,0,0,0.30327,0,218.17,playing,15
53.1715,-2.6714,0,0,0.33406,0,223.14,playing,15
53.1876,-2.6714,0,0,0.33406,0,228.74,playing,15
53.2042,-2.5831,0,0,0.32372,0,234.29,playing,15
53.2198,-2.5831,0,0,0.32372,0,240.12,playing,15
53.2358,-2.5831,0,0,0.32372,0,246.24,playing,15
53.2518,-3.1644,0,0,0.35259,0,252.63,playing,15
53.2679,-3.1644,0,0,0.35259,0,259.31,playing,15
53.2839,-3.1644,0,0,0.27513,0,266.27,playing,15
53.2995,-12.5124,1,0,0.27513,0,273.51,playing,15
53.3166,-12.5124,0,0,0.27513,0,267.56,playing,15
53.3333,-12.5124,0,0,0.3123,0,261.54,playing,15
53.35,-5.5282,0,0,0.3123,0,255.85,playing,15
53.3659,-5.5282,0,0,0.30369,0,250.77,playing,16
53.3821,-5.5282,0,0,0.30369,0,245.97,playing,16
53.3978,4.6151,0,0,0.25757,0,241.46,playing,16
53.414,4.6151,0,0,0.25757,0,237.22,playing,16
53.43,11.2726,0,0,0.25757,0,233.27,playing,16
53.446,11.2726,0,0,0.22104,0,229.6,playing,16
53.462,11.2726,0,0,0.22104,0,226.21,playing,16
53.4781,11.2372,0,0,0.20432,0,223.11,playing,16
53.4936,11.2372,0,0,0.20432,0,220.28,playing,16
53.5102,11.2372,0,0,0.21256,1,217.74,playing,16
53.5274,6.9152,0,0,0.21256,0,215.35,playing,16
53.5445,6.9152,0,0,0.21256,0,213.28,playing,16
53.5606,6.9152,0,0,0.22522,0,211.53,playing,16
53.5769,4.7322,0,0,0.22522,0,210.17,playing,16
53.5926,4.7322,0,0,0.22522,0,209.09,playing,16
53.6087,2.9399,0,0,0.22522,0,208.28,playing,16
53.6253,1.8163,0,0,0.25442,0,207.76,playing,16
53.6417,1.8163,0,0,0.25442,0,207.53,playing,16
53.6578,0.3781,0,0,0.25442,0,207.59,playing,16
53.6744,0.3781,0,0,0.27264,0,207.93,playing,16
53.6915,0.3781,0,0,0.27264,0,208.61,playing,16
53.7073,-0.3567,0,0,0.26593,0,209.61,playing,16
53.7239,-0.3567,0,0,0.26593,0,210.84,playing,16
53.74,-0.3567,0,0,0.27182,0,212.34,playing,16
53.7556,-0.3567,0,0,0.27182,0,214.13,playing,16
53.7721,-0.3567,0,0,0.27182,0,216.19,playing,16
53.7877,-0.3567,0,0,0.26761,0,218.54,playing,16
53.8044,-1.3247,0,0,0.26761,0,221.17,playing,16
53.8209,-1.3247,0,0,0.31828,0,224.29,playing,16
53.8369,-1.3247,0,0,0.31828,0,227.5,playing,16
53.8539,-2.0574,0,0,0.31828,0,230.99,playing,16
53.8695,-2.0574,0,0,0.28799,0,235.02,playing,16
53.8856,-2.0126,0,0,0.28799,0,239.09,playing,16
53.9031,-2.0126,0,0,0.28799,0,243.45,playing,16
53.9202,-2.0126,0,0,0.28287,0,248.7,playing,16
53.9367,-1.4771,0,0,0.28287,0,253.99,playing,16
53.9528,-1.4771,0,0,0.31817,0,259.24,playing,16
53.9688,-2.1947,0,0,0.31817,0,264.77,playing,16
53.9854,-8.7242,0,0,0.26506,0,270.59,playing,16
54.0026,-8.7242,0,0,0.26506,0,277.09,playing,16
54.0186,-16.3407,1,0,0.26506,0,283.9,playing,16
54.0352,-16.3407,0,0,0.33387,0,277.94,playing,16
54.0507,-16.3407,0,0,0.2777,0,272.27,playing,16
54.0667,-4.0742,0,0,0.2777,0,266.87,playing,16
54.0828,-4.0742,0,0,0.23859,0,261.76,playing,16
54.0988,-4.0742,0,0,0.21959,0,256.93,playing,16
54.1148,-0.85,0,0,0.21959,0,252.37,playing,16
54.1314,-0.85,0,0,0.21959,0,248.11,playing,16
54.1484,13.0321,0,0,0.18971,0,243.89,playing,16
54.1655,13.0321,0,0,0.20192,0,239.99,playing,16
54.1821,13.0321,0,0,0.20192,0,236.41,playing,16
54.1982,13.557,0,0,0.18553,0,233.32,playing,16
54.2152,13.557,0,0,0.12466,0,230.35,playing,16
54.2323,13.557,0,0,0.12466,0,227.71,playing,16
54.2488,10.1501,0,0,0.14752,0,225.38,playing,16
54.2653,10.1501,0,0,0.14752,0,223.47,playing,16
54.2823,10.1501,0,0,0.22984,1,221.75,playing,16
54.2993,6.7029,0,0,0.22984,0,220.36,playing,16
54.3158,6.7029,0,0,0.26355,0,219.28,playing,16
54.3317,2.761,0,0,0.26355,0,218.55,playing,16
54.3477,2.761,0,0,0.25045,0,218.1,playing,16
54.3637,2.761,0,0,0.25045,0,217.94,playing,16
54.38,1.0402,0,0,0.25886,0,218.05,playing,16
54.396,1.0402,0,0,0.25886,0,218.44,playing,16
54.4118,1.0402,0,0,0.25818,0,219.12,playing,16
54.428,-1.249,0,0,0.25818,0,220.08,playing,16
54.444,-1.249,0,0,0.27758,0,221.32,playing,16
54.4602,-1.249,0,0,0.27758,0,222.84,playing,16
54.4773,-2.7775,0,0,0.24245,0,224.78,playing,16
54.4943,-2.7775,0,0,0.24245,0,227.03,playing,16
54.5109,-2.2536,0,0,0.27578,0,229.6,playing,16
54.5265,-2.2536,0,0,0.27578,0,232.3,playing,16
54.5431,-2.2536,0,0,0.25388,0,235.28,playing,16
54.5591,-1.4679,0,0,0.25388,0,238.55,playing,16
54.5747,-1.4679,0,0,0.25806,0,242.09,playing,16
54.5912,-1.4679,0,0,0.25806,0,245.92,playing,16
54.6078,-0.6072,0,0,0.25806,0,250.3,playing,16
54.6252,-0.6072,0,0,0.29364,0,254.71,playing,16
54.6407,-0.6072,0,0,0.29364,0,259.71,playing,16
54.6566,-0.4307,0,0,0.30172,0,264.7,playing,16
54.6726,-0.4307,0,0,0.30172,0,269.97,playing,16
54.6891,0.2774,0,0,0.32259,0,275.52,playing,16
54.7057,0.2774,0,0,0.32259,0,281.74,playing,16
54.7223,0.2774,0,0,0.3424,0,287.87,playing,16
54.7393,-0.6323,0,0,0.3424,0,294.71,playing,16
54.7561,-0.6323,0,0,0.3094,0,301.86,playing,16
54.7727,-0.6323,0,0,0.3094,0,309.33,playing,16
54.7894,-0.8009,0,0,0.27145,0,316.64,playing,16
54.8064,-0.8009,0,0,0.26371,0,324.73,dead,16
54.8225,-0.8009,0,0,0.26371,0,333.13,dead,16
54.839,-7.9517,1,0,0.26371,0,341.32,dead,16
54.8557,-7.9517,0,0,0.23198,0,285.0,playing,0
54.8723,-1.5775,0,0,0.23198,0,279.04,playing,0
54.8887,-1.5775,0,0,0.1614,0,273.03,playing,0
54.9045,-1.5775,0,0,0.14527,0,267.65,playing,0
54.921,-2.0221,0,0,0.14527,0,262.56,playing,0
54.937,-2.0221,0,0,0.14527,0,257.74,playing,0
54.9542,-2.0221,0,0,0.18226,0,253.21,playing,0
54.9698,10.189,0,0,0.18226,0,248.71,playing,0
54.9855,10.189,0,0,0.13432,0,244.76,playing,0
55.0018,10.189,0,0,0.13432,0,241.09,playing,0
55.0175,13.4383,0,0,0.14512,0,237.7,playing,0
55.0335,13.4383,0,0,0.14512,0,234.59,playing,0
55.05,11.269,0,0,0.1547,0,231.77,playing,0
55.0666,8.0313,0,0,0.1547,0,229.08,playing,0
55.0826,8.0313,0,0,0.15562,0,226.84,playing,0
55.0991,4.9697,0,0,0.15562,0,224.87,playing,0
55.1147,4.9697,0,0,0.18245,0,223.19,playing,0
55.1312,4.9697,0,0,0.18245,0,221.79,playing,0
55.1481,2.2073,0,0,0.2235,1,220.62,playing,0
55.1641,2.2073,0,0,0.2235,0,219.8,playing,0
55.1797,2.2073,0,0,0.18415,0,219.27,playing,0
55.1963,0.8486,0,0,0.18415,0,219.01,playing,0
55.2129,0.8486,0,0,0.22261,0,219.06,playing,0
55.229,-0.0823,0,0,0.22261,0,219.38,playing,0
55.2451,-1.8334,0,0,0.25445,0,219.99,playing,0
55.2618,-1.8334,0,0,0.25445,0,220.95,playing,0
55.2776,-3.4917,0,0,0.22207,0,222.14,playing,0
55.2944,-3.4917,0,0,0.22207,0,223.6,playing,0
55.3113,-3.4917,0,0,0.22207,0,225.48,playing,0
55.3286,-3.395,0,0,0.23161,0,227.68,playing,0
55.3446,-3.395,0,0,0.23161,0,230.19,playing,0
55.3613,-3.395,0,0,0.24983,0,232.84,playing,0
55.3783,-3.7939,0,0,0.24983,0,235.97,playing,0
55.3953,-3.7939,0,0,0.26957,0,239.42,playing,0
55.4124,-3.6599,0,0,0.26957,0,243.19,playing,0
55.4282,-3.6599,0,0,0.23186,0,247.27,playing,0
55.4449,-3.6599,0,0,0.23186,0,251.4,playing,0
55.4611,-3.6066,0,0,0.26769,0,255.81,playing,0
55.478,-3.6066,0,0,0.26769,0,260.81,playing,0
55.4941,-3.6066,0,0,0.24131,0,265.8,playing,0
55.5099,-2.652,0,0,0.24131,0,271.07,playing,0
55.5265,-2.652,0,0,0.24092,0,276.62,playing,0
55.5426,-2.652,0,0,0.24092,0,282.84,playing,0
55.5591,-2.426,0,0,0.27702,0,288.97,playing,0
55.5763,-2.426,0,0,0.25,0,295.81,playing,0
55.593,-7.6984,0,0,0.25,0,302.96,playing,0
55.6086,-7.6984,0,0,0.25446,0,309.97,playing,0
55.6253,-7.6984,0,0,0.25446,0,317.26,playing,0
55.6421,-5.2117,1,0,0.25446,0,325.33,playing,0
55.6576,-5.2117,0,0,0.16194,0,319.37,playing,0
55.6743,-5.2117,0,0,0.16194,0,313.7,playing,0
55.6904,-2.5643,0,0,0.12178,0,307.98,playing,0
55.7075,-2.5643,0,0,0.12178,0,302.89,playing,0
55.7242,-4.9527,0,0,0.1298,0,297.79,playing,0
55.7411,-0.5518,0,0,0.1298,0,293.01,playing,0
55.757,-0.5518,0,0,0.15263,0,288.8,playing,0
55.7726,11.0036,0,0,0.15263,0,284.86,playing,0
55.7887,11.0036,0,0,0.15263,0,281.21,playing,0
55.8053,11.0036,0,0,0.1163,0,277.84,playing,0
55.8221,13.3345,0,0,0.14924,0,274.57,playing,0
55.8377,13.3345,0,0,0.14924,0,271.78,playing,0
55.8536,13.3345,0,0,0.14888,0,269.28,playing,0
55.87,8.4572,0,0,0.14888,0,267.05,playing,0
55.8854,8.4572,0,0,0.1916,0,265.1,playing,0
55.9024,8.4572,0,0,0.1916,0,263.44,playing,0
55.9186,5.5843,0,0,0.20341,0,261.99,playing,0
55.9348,5.5843,0,0,0.20341,0,260.91,playing,0
55.9514,1.8707,0,0,0.27231,1,260.1,playing,0
55.9685,1.8707,0,0,0.27231,0,259.57,playing,0
55.9854,1.8707,0,0,0.25507,0,259.35,playing,0
56.0013,0.115,0,0,0.25507,0,259.46,playing,0
56.0185,0.115,0,0,0.25507,0,259.83,playing,0
56.0347,0.115,0,0,0.2548,0,260.55,playing,0
56.0507,-1.0933,0,0,0.2548,0,261.51,playing,0
56.0665,-1.0933,0,0,0.26833,0,262.75,playing,0
56.0831,-1.4184,0,0,0.26833,0,264.27,playing,0
56.1002,-1.8891,0,0,0.26315,0,266.21,playing,0
56.1184,-1.8891,0,0,0.26315,0,268.46,playing,0
56.1346,-2.3538,0,0,0.26443,0,271.2,playing,0
56.1507,-2.3538,0,0,0.26443,0,273.92,playing,0
56.1666,-2.3538,0,0,0.25455,0,276.92,playing,0
56.1837,-2.6549,0,0,0.25455,0,280.2,playing,0
56.2001,-2.6549,0,0,0.23692,0,284.01,playing,0
56.2162,-2.6549,0,0,0.26461,0,287.87,playing,0
56.2328,-2.1161,0,0,0.26461,0,292.29,playing,0
56.2487,-2.1161,0,0,0.24984,0,296.73,playing,0
56.2652,-1.6475,0,0,0.24984,0,301.46,playing,0
56.281,-1.6475,0,0,0.27254,0,306.46,playing,0
56.297,-1.6475,0,0,0.27254,0,311.75,playing,0
56.3129,-1.6704,0,0,0.25446,0,317.32,playing,0
56.3287,-1.6704,0,0,0.25446,0,323.17,playing,0
56.3444,-1.6704,0,0,0.25446,0,329.31,playing,0
56.3609,-1.6004,0,0,0.26891,0,335.72,playing,0
56.3765,-1.6004,0,0,0.26891,0,342.42,playing,0
56.3926,-1.6004,0,0,0.28562,0,349.39,playing,0
56.4088,-9.7969,0,0,0.28562,0,356.65,playing,0
56.4252,-9.7969,0,0,0.25014,0,364.19,playing,0
56.442,-9.7969,0,0,0.25014,0,372.52,playing,0
56.4586,-16.6778,1,0,0.2551,0,380.65,playing,0
56.4751,-16.6778,0,0,0.2551,0,374.33,playing,0
56.491,-3.0797,0,0,0.13252,0,368.67,playing,0
56.5072,-3.0797,0,0,0.13252,0,363.3,playing,0
56.5244,-3.0797,0,0,0.14685,0,357.9,playing,0
56.5406,0.5779,0,0,0.14685,0,352.82,playing,0
56.5565,0.5779,0,0,0.12698,0,348.33,playing,0
56.5726,0.5779,0,0,0.12698,0,344.11,playing,0
56.589,9.8676,0,0,0.14359,0,340.17,playing,0
56.605,9.8676,0,0,0.14359,0,336.52,playing,0
56.621,9.8676,0,0,0.16156,0,333.15,playing,0
56.6373,11.834,0,0,0.16156,0,330.06,playing,0
56.6539,11.834,0,0,0.15275,0,327.1,playing,0
56.6698,8.0249,0,0,0.15275,0,324.59,playing,0
56.6855,8.0249,0,0,0.17553,0,322.36,playing,0
56.7021,8.0249,0,0,0.17553,0,320.41,playing,0
56.7192,3.429,0,0,0.17553,0,318.67,playing,0
56.7359,3.429,0,0,0.21335,1,317.23,playing,0
56.7519,3.429,0,0,0.21335,0,316.17,playing,0
56.7676,1.759,0,0,0.24984,0,315.38,playing,0
56.7841,1.759,0,0,0.24984,0,314.88,playing,0
56.8001,1.759,0,0,0.23662,0,314.66,playing,0
56.8159,1.759,0,0,0.23662,0,314.72,playing,0
56.8317,1.759,0,0,0.26918,0,315.06,playing,0
56.8478,1.759,0,0,0.26918,0,315.69,playing,0
56.8643,-1.2983,0,0,0.2726,0,316.59,playing,0
56.881,-1.2983,0,0,0.2726,0,317.87,playing,0
56.8967,-2.0751,0,0,0.25022,0,319.36,dead,0
56.9132,-2.0751,0,0,0.25022,0,321.13,dead,0
56.9294,-2.0751,0,0,0.2515,0,323.32,dead,0
56.946,-2.7081,0,0,0.2515,0,325.67,dead,0
56.9624,-2.7081,0,0,0.2794,0,328.3,dead,0
56.979,-2.7081,0,0,0.2794,0,331.42,dead,0
56.9949,-2.465,0,0,0.25049,0,334.63,dead,0
57.0105,-2.465,0,0,0.25049,0,338.12,dead,0
57.0271,-2.465,0,0,0.24984,0,341.9,dead,0
57.0442,-2.0646,0,0,0.24984,0,346.22,dead,0
57.0599,-2.0646,0,0,0.24984,0,350.58,dead,0
57.0763,-3.2165,0,0,0.24984,0,355.22,dead,0
57.0938,-3.2165,0,0,0.24984,0,360.46,dead,0
57.1105,-3.2165,0,0,0.2595,0,366.02,dead,0
57.1269,-15.0619,1,0,0.23207,0,371.9,dead,0
57.1425,-15.0619,0,0,0.23207,0,285.0,playing,0
57.1594,-15.0619,0,0,0.23207,0,279.04,playing,0
57.1759,-3.5102,0,0,0.17678,0,273.03,playing,0
57.1916,-3.5102,0,0,0.15527,0,267.65,playing,0
57.2082,-3.4526,0,0,0.15527,0,262.56,playing,0
57.2253,-3.4526,0,0,0.17622,0,257.46,playing,0
57.2419,-3.4526,0,0,0.17622,0,252.68,playing,0
57.2575,7.4312,0,0,0.17622,0,248.46,playing,0
57.274,7.4312,0,0,0.12825,0,244.53,playing,0
57.2895,7.4312,0,0,0.15692,0,240.88,playing,0
57.3061,14.534,0,0,0.15692,0,237.51,playing,0
57.3226,14.534,0,0,0.15498,0,234.24,playing,0
57.3392,14.534,0,0,0.15498,0,231.45,playing,0
57.3562,11.0934,0,0,0.17973,0,228.8,playing,0
57.3733,11.0934,0,0,0.17973,0,226.48,playing,0
57.3894,5.284,0,0,0.19431,0,224.46,playing,0
57.4059,5.284,0,0,0.19431,0,222.85,playing,0
57.4225,5.284,0,0,0.19431,0,221.52,playing,0
57.4392,3.0362,0,0,0.19975,0,220.43,playing,0
57.4549,3.0362,0,0,0.19975,0,219.68,playing,0
57.4704,3.0362,0,0,0.19975,0,219.21,playing,0
57.4873,3.0362,0,0,0.19975,0,219.03,playing,0
57.5041,3.0362,0,0,0.2452,1,219.15,playing,0
57.5198,3.0362,0,0,0.2452,0,219.54,playing,0
57.5359,-0.8417,0,0,0.26338,0,220.22,playing,0
57.552,-0.8417,0,0,0.26338,0,221.18,playing,0
57.5677,-0.8417,0,0,0.25974,0,222.42,playing,0
57.5842,-1.7779,0,0,0.25974,0,223.94,playing,0
57.6001,-1.7779,0,0,0.23108,0,225.74,playing,0
57.6167,-2.2202,0,0,0.23108,0,227.98,playing,0
57.6333,-2.2202,0,0,0.25477,0,230.36,playing,0
57.6504,-2.2202,0,0,0.25477,0,233.21,playing,0
57.6665,-2.2397,0,0,0.23596,0,236.38,playing,0
57.6832,-2.2397,0,0,0.23596,0,239.64,playing,0
57.7003,-2.2397,0,0,0.27327,0,243.43,playing,0
57.717,-2.1685,0,0,0.27327,0,247.53,playing,0
57.7332,-2.1685,0,0,0.25453,0,251.68,playing,0
57.7487,-2.3376,0,0,0.25453,0,256.1,playing,0
57.7652,-2.4429,0,0,0.25453,0,260.81,playing,0
57.7808,-2.4429,0,0,0.27256,0,265.8,playing,0
57.7969,-2.7388,0,0,0.27256,0,271.07,playing,0
57.813,-2.7388,0,0,0.24195,0,276.62,playing,0
57.829,-2.7388,0,0,0.24195,0,282.46,playing,0
57.8455,-19.7233,1,0,0.27669,0,288.57,playing,0
57.8614,-19.7233,0,0,0.27669,0,282.26,playing,0
57.8778,-19.7233,0,0,0.27669,0,276.6,playing,0
57.8943,-8.7409,0,0,0.27669,0,271.22,playing,0
57.9116,-8.7409,0,0,0.17378,0,265.83,playing,0
57.9275,-8.7409,0,0,0.17378,0,260.75,playing,0
57.9436,-4.8212,0,0,0.12827,0,256.25,playing,0
57.9598,-4.8212,0,0,0.15941,0,252.03,playing,0
57.9757,4.7451,0,0,0.15941,0,248.1,playing,0
57.9917,4.7451,0,0,0.18427,0,244.45,playing,0
58.0086,4.7451,0,0,0.18427,0,241.08,playing,0
58.0249,4.7451,0,0,0.15563,0,237.81,playing,0
58.0406,4.7451,0,0,0.15563,0,235.02,playing,0
58.0566,4.7451,0,0,0.15563,0,232.51,playing,0
58.0735,10.3717,0,0,0.14888,0,230.29,playing,0
58.0903,10.3717,0,0,0.20433,0,228.24,playing,0
58.1072,10.3717,0,0,0.20433,0,226.51,playing,0
58.1233,7.3523,0,0,0.20433,0,225.09,playing,0
58.1403,7.3523,0,0,0.20433,0,224.05,playing,0
58.1564,2.6236,0,0,0.20979,1,223.25,playing,0
58.1735,2.6236,0,0,0.22374,0,222.78,playing,0
58.1906,2.6236,0,0,0.22374,0,222.6,playing,0
58.2073,0.8563,0,0,0.24123,0,222.74,playing,0
58.2244,0.8563,0,0,0.24123,0,223.2,playing,0
58.2409,0.8563,0,0,0.25876,0,223.98,playing,0
58.257,-0.4868,0,0,0.25876,0,224.99,playing,0
58.2727,-0.4868,0,0,0.25876,0,226.28,playing,0
58.2883,-1.5318,0,0,0.25876,0,227.85,playing,0
58.3053,-2.1353,0,0,0.23633,0,229.71,playing,0
58.3222,-2.1353,0,0,0.23633,0,232.0,playing,0
58.3378,-2.3731,0,0,0.22207,0,234.44,playing,0
58.3534,-2.3731,0,0,0.22207,0,237.16,playing,0
58.37,-2.3731,0,0,0.26379,0,240.16,playing,0
58.3855,-2.6815,0,0,0.26379,0,243.44,playing,0
58.4017,-2.6815,0,0,0.25512,0,247.0,playing,0
58.4177,-2.6815,0,0,0.25512,0,250.85,playing,0
58.4338,-2.1473,0,0,0.24131,0,254.97,playing,0
58.4498,-2.1473,0,0,0.24131,0,259.38,playing,0
58.4665,-2.1473,0,0,0.24131,0,264.07,playing,0
58.4829,-2.1933,0,0,0.23762,0,269.37,playing,0
58.4989,-2.1933,0,0,0.23762,0,274.64,playing,0
58.5151,-2.7143,0,0,0.26338,0,280.19,playing,0
58.5311,-2.7143,0,0,0.26338,0,286.03,playing,0
58.5482,-2.7143,0,0,0.27362,0,292.54,playing,0
58.5651,-2.3286,0,0,0.27362,0,299.38,playing,0
58.5811,-2.3286,0,0,0.26833,0,306.09,playing,0
58.5982,-2.3286,0,0,0.26833,0,313.54,playing,0
58.6153,-19.9837,1,0,0.25884,0,321.31,playing,0
58.6327,-19.9837,0,0,0.27378,0,315.0,playing,0
58.6487,-9.2414,0,0,0.27378,0,309.0,playing,0
58.6655,-9.2414,0,0,0.27378,0,303.64,playing,0
58.682,-9.2414,0,0,0.27378,0,298.27,playing,0
58.6975,-6.4239,0,0,0.27378,0,293.49,playing,0
58.714,-6.4239,0,0,0.1867,0,288.99,playing,0
58.7307,-6.4239,0,0,0.14632,0,284.77,playing,0
58.7469,8.7057,0,0,0.14632,0,280.61,playing,0
58.7628,8.7057,0,0,0.17341,0,276.98,playing,0
58.779,8.7057,0,0,0.17341,0,273.62,playing,0
58.7958,14.7155,0,0,0.15703,0,270.38,playing,0
58.8118,14.7155,0,0,0.15703,0,267.61,playing,0
58.8279,13.9697,0,0,0.15703,0,265.11,playing,0
58.8439,10.9037,0,0,0.16939,0,262.9,playing,0
58.8599,10.9037,0,0,0.16939,0,260.98,playing,0
58.876,7.9918,0,0,0.1554,0,259.33,playing,0
58.8916,7.9918,0,0,0.1554,0,257.97,playing,0
58.9084,7.9918,0,0,0.18487,0,256.88,playing,0
58.9254,5.1234,0,0,0.18487,0,256.05,playing,0
58.9421,5.1234,0,0,0.22283,1,255.53,playing,0
58.9592,5.1234,0,0,0.22283,0,255.34,playing,0
58.9762,3.4573,0,0,0.21282,0,255.46,playing,0
58.9933,3.4573,0,0,0.21282,0,255.9,playing,0
59.0103,0.5222,0,0,0.24628,0,256.65,playing,0
59.0275,0.5222,0,0,0.24628,0,257.73,playing,0
59.0436,0.5222,0,0,0.2462,0,259.12,playing,0
59.0598,-1.0943,0,0,0.2462,0,260.71,playing,0
59.0761,-1.0943,0,0,0.2462,0,262.58,playing,0
59.0927,-1.0943,0,0,0.2462,0,264.89,playing,0
59.1093,-1.8001,0,0,0.27932,0,267.35,playing,0
59.1258,-1.8001,0,0,0.27932,0,270.27,playing,0
59.142,-1.8001,0,0,0.25518,0,273.31,playing,0
59.1576,-1.9742,0,0,0.25518,0,276.63,playing,0
59.1742,-1.9742,0,0,0.25518,0,280.22,dead,0
59.1906,-2.4214,0,0,0.23692,0,284.37,dead,0
59.2071,-2.4214,0,0,0.23692,0,288.54,dead,0
59.2232,-2.4214,0,0,0.25446,0,293.01,dead,0
59.2398,-5.8727,0,0,0.26338,0,298.06,dead,0
59.2563,-5.8727,0,0,0.26338,0,303.1,dead,0
59.2725,-5.8727,0,0,0.22238,0,308.78,dead,0
59.289,-5.8849,1,0,0.22238,0,314.4,dead,0
59.3046,-5.8849,0,0,0.17562,0,285.0,playing,0
59.3211,-5.8849,0,0,0.17562,0,279.04,playing,0
59.3381,-7.8678,0,0,0.17813,0,273.03,playing,0
59.3536,-7.8678,0,0,0.17813,0,267.65,playing,0
59.3703,-3.6237,0,0,0.17103,0,262.56,playing,0
59.3869,-3.6237,0,0,0.17103,0,257.46,playing,0
59.4027,-3.6237,0,0,0.16036,0,252.94,playing,0
59.4196,12.5323,0,0,0.16036,0,248.71,playing,0
59.4362,12.5323,0,0,0.14588,0,244.53,playing,0
59.4533,12.5323,0,0,0.14588,0,240.67,playing,0
59.4694,10.849,0,0,0.14588,0,237.12,playing,0
59.4865,10.849,0,0,0.14588,0,234.07,playing,0
59.503,8.0434,0,0,0.17923,0,231.14,playing,0
59.519,4.9642,0,0,0.17923,0,228.67,playing,0
59.5354,4.9642,0,0,0.17923,0,226.48,playing,0
59.552,3.1452,0,0,0.19493,0,224.46,playing,0
59.5678,3.1452,0,0,0.19493,0,222.85,playing,0
59.5838,3.1452,0,0,0.23662,1,221.52,playing,0
59.5998,1.5076,0,0,0.23662,0,220.48,playing,0
59.6156,1.5076,0,0,0.22284,0,219.71,playing,0
59.6317,1.5076,0,0,0.22284,0,219.22,playing,0
59.6478,0.059,0,0,0.23727,0,219.02,playing,0
59.6639,0.059,0,0,0.23727,0,219.1,playing,0
59.6798,0.059,0,0,0.22711,0,219.46,playing,0
59.696,-0.579,0,0,0.22711,0,220.1,playing,0
59.7126,-0.579,0,0,0.22711,0,221.02,playing,0
59.7294,-0.579,0,0,0.26413,0,222.32,playing,0
59.7468,-0.579,0,0,0.26413,0,223.94,playing,0
59.7642,-0.579,0,0,0.23281,0,226.01,playing,0
59.7812,-1.6331,0,0,0.27272,0,228.28,playing,0
59.798,-1.6331,0,0,0.27272,0,230.87,playing,0
59.8141,-1.6331,0,0,0.25446,0,233.59,playing,0
59.8301,-2.2087,0,0,0.25446,0,236.59,playing,0
59.8462,-2.2087,0,0,0.28694,0,239.87,playing,0
59.8628,-2.2087,0,0,0.28694,0,243.67,playing,0
59.8788,-2.0133,0,0,0.28694,0,247.54,playing,0
59.8948,-2.0133,0,0,0.241,0,251.68,playing,0
59.9111,-1.9018,0,0,0.241,0,256.1,playing,0
59.9286,-1.9018,0,0,0.24078,0,261.12,playing,0
59.9445,-1.9018,0,0,0.24584,0,266.46,playing,0
59.9611,-18.6847,1,0,0.24584,0,271.77,playing,0
59.9782,-18.6847,0,0,0.24984,0,265.46,playing,0
59.9952,-18.6847,0,0,0.24984,0,259.46,playing,0
60.0123,-8.8897,0,0,0.15306,0,253.79,playing,0
60.0294,-8.8897,0,0,0.15306,0,248.43,playing,0
60.0465,4.4666,0,0,0.1586,0,243.39,playing,0
60.0636,4.4666,0,0,0.1586,0,238.66,playing,0
60.0808,4.4666,0,0,0.1641,0,234.26,playing,0
60.0968,13.2476,0,0,0.1641,0,230.17,playing,0
60.1131,13.2476,0,0,0.18064,0,226.61,playing,0
60.1288,13.2476,0,0,0.18064,0,223.32,playing,0
60.1446,12.9662,0,0,0.14903,0,220.32,playing,0
60.1613,12.9662,0,0,0.14903,0,217.6,playing,0
60.1786,9.6031,0,0,0.17207,0,215.03,playing,0
60.1949,6.4046,0,0,0.17207,0,212.78,playing,0
60.2113,6.4046,0,0,0.20315,0,210.94,playing,0
60.2276,4.0563,0,0,0.20315,0,209.3,playing,0
60.2448,4.0563,0,0,0.20315,0,208.04,playing,0
60.2612,4.0563,0,0,0.18793,0,207.02,playing,0
60.2779,0.4372,0,0,0.18793,0,206.32,playing,0
60.2934,0.4372,0,0,0.25445,1,205.94,playing,0
60.31,0.4372,0,0,0.25445,0,205.84,playing,0
60.3264,-0.5069,0,0,0.22285,0,206.03,playing,0
60.3433,-0.5069,0,0,0.20048,0,206.54,playing,0
60.3608,-0.9619,0,0,0.20048,0,207.44,playing,0
60.3764,-0.9619,0,0,0.20048,0,208.52,playing,0
60.3927,-0.9619,0,0,0.27734,0,209.88,playing,0
60.4089,-1.6803,0,0,0.24992,0,211.53,playing,0
60.4245,-1.6803,0,0,0.24992,0,213.46,playing,0
60.4412,-1.6803,0,0,0.25616,0,215.66,playing,0
60.4583,-1.9099,0,0,0.25616,0,218.33,playing,0
60.4751,-1.9099,0,0,0.22575,0,221.31,playing,0
60.4908,-1.9099,0,0,0.22575,0,224.4,playing,0
60.5063,-1.7199,0,0,0.24562,0,227.77,playing,0
60.5233,-1.7199,0,0,0.24562,0,231.42,playing,0
60.5405,-9.2183,0,0,0.24554,0,235.61,playing,0
60.5571,-9.2183,0,0,0.24554,0,240.13,playing,0
60.5732,-9.2183,0,0,0.24554,0,244.66,playing,0
60.5902,-15.802,1,0,0.26891,0,249.79,playing,0
60.6075,-15.802,0,0,0.26891,0,243.48,playing,0
60.6241,-15.802,0,0,0.16648,0,237.49,playing,0
60.6396,1.5522,0,0,0.16648,0,232.13,playing,0
60.6559,1.5522,0,0,0.19286,0,227.05,playing,0
60.6716,1.5522,0,0,0.19286,0,222.25,playing,0
60.6882,-3.8932,0,0,0.16014,0,217.74,playing,0
60.7047,-3.8932,0,0,0.16014,0,213.26,playing,0
60.7207,3.4908,0,0,0.12789,0,209.32,playing,0
60.7367,3.4908,0,0,0.12789,0,205.67,playing,0
60.7534,3.4908,0,0,0.1651,0,202.3,playing,0
60.7699,1.4073,0,0,0.1651,0,199.03,playing,0
60.7854,1.4073,0,0,0.13698,0,196.24,playing,0
60.8017,1.4073,0,0,0.13698,0,193.74,playing,0
60.8175,0.5168,0,0,0.20154,0,191.51,playing,0
60.834,0.5168,0,0,0.20154,0,189.56,playing,0
60.85,0.5168,0,0,0.25423,1,187.9,playing,0
60.8658,-0.5331,0,0,0.25423,0,186.52,playing,0
60.882,-0.5331,0,0,0.24984,0,185.42,playing,0
60.8991,-0.8692,0,0,0.24984,0,184.56,playing,0
60.9151,-1.1522,0,0,0.28166,0,184.04,playing,0
60.9322,-1.1522,0,0,0.28166,0,183.81,playing,0
60.9492,-1.3184,0,0,0.28166,0,183.89,playing,0
60.9657,-1.3184,0,0,0.27217,0,184.29,playing,0
60.9818,-1.3184,0,0,0.27217,0,184.95,playing,0
60.9983,-0.9224,0,0,0.25454,0,185.89,playing,0
61.0147,-0.9224,0,0,0.25454,0,187.21,playing,0
61.0314,-0.9224,0,0,0.28132,0,188.73,playing,0
61.048,-1.1309,0,0,0.28132,0,190.67,playing,0
61.0636,-1.1309,0,0,0.28132,0,192.77,playing,0
61.0797,-0.6481,0,0,0.28681,0,195.15,playing,0
61.0957,-0.6481,0,0,0.28681,0,197.82,playing,0
61.1123,-0.6481,0,0,0.28156,0,200.77,playing,0
61.1289,-0.7464,0,0,0.28156,0,204.22,playing,0
61.1449,-0.7464,0,0,0.28156,0,207.74,playing,0
61.161,-0.7464,0,0,0.26777,0,211.55,playing,0
61.1781,-2.0101,0,0,0.26777,0,215.92,playing,0
61.1958,-2.0101,0,0,0.26777,0,220.6,playing,0
61.2118,-2.0101,0,0,0.27306,0,225.6,playing,0
61.2273,-5.9986,1,0,0.27306,0,230.59,playing,0
61.2444,-5.9986,0,0,0.26966,0,224.63,playing,0
61.2605,1.3445,0,0,0.26966,0,218.62,playing,0
61.2765,1.3445,0,0,0.23179,0,213.24,playing,0
61.2937,1.3445,0,0,0.23179,0,208.15,playing,0
61.3103,6.862,0,0,0.23179,0,203.05,playing,0
61.3274,6.862,0,0,0.16958,0,198.27,playing,0
61.3435,6.862,0,0,0.16958,0,193.81,playing,0
61.3605,12.4635,0,0,0.16661,0,189.9,playing,0
61.3766,12.4635,0,0,0.16661,0,186.05,playing,0
61.3931,11.2311,0,0,0.14749,0,182.72,playing,0
61.4092,8.7146,0,0,0.14749,0,179.66,playing,0
61.4247,8.7146,0,0,0.14482,0,176.89,playing,0
61.4407,6.0931,0,0,0.14482,0,174.4,playing,0
61.4573,6.0931,0,0,0.14482,0,172.19,playing,0
61.4738,6.0931,0,0,0.21249,1,170.16,playing,0
61.4899,3.4501,0,0,0.21249,0,168.53,playing,0
61.506,3.4501,0,0,0.14603,0,167.18,playing,0
61.5216,3.4501,0,0,0.14603,0,166.12,playing,0
61.5378,0.165,0,0,0.19993,0,165.33,playing,0
61.5539,0.165,0,0,0.19993,0,164.83,playing,0
61.5699,0.165,0,0,0.19993,0,164.61,playing,0
61.586,-0.5404,0,0,0.19417,0,164.67,playing,0
61.6017,-0.5404,0,0,0.19417,0,165.01,playing,0
61.6183,-1.5172,0,0,0.21819,0,165.64,playing,0
61.6344,-2.212,0,0,0.21819,0,166.62,playing,0
61.6504,-2.212,0,0,0.21819,0,167.82,playing,0
61.6673,-2.4055,0,0,0.24219,0,169.31,playing,0
61.6836,-2.4055,0,0,0.24219,0,171.21,playing,0
61.6997,-2.4055,0,0,0.22215,0,173.27,playing,0
61.7155,-2.4788,0,0,0.22215,0,175.62,playing,0
61.7318,-2.4788,0,0,0.28165,0,178.25,playing,0
61.7475,-2.4788,0,0,0.28165,0,181.16,playing,1
61.7645,-1.8214,0,0,0.28165,0,184.36,playing,1
61.7803,-1.8214,0,0,0.26339,0,188.07,playing,1
61.7968,-1.8214,0,0,0.26339,0,191.84,playing,1
61.8129,-1.8214,0,0,0.27669,0,195.9,playing,1
61.829,-1.8214,0,0,0.27669,0,200.24,playing,1
61.8451,-1.774,0,0,0.27669,0,204.86,playing,1
61.8612,-1.9944,0,0,0.26308,0,209.76,playing,1
61.8785,-1.9944,0,0,0.26308,0,215.28,playing,1
61.8951,-3.0327,0,0,0.28095,0,221.12,playing,1
61.9112,-3.0327,0,0,0.28095,0,226.91,playing,1
61.9278,-3.0327,0,0,0.25885,0,233.37,playing,1
61.9438,-2.1419,1,0,0.25885,0,239.73,playing,1
61.9609,-2.1419,0,0,0.25885,0,233.77,playing,1
61.9769,-2.1419,0,0,0.25884,0,227.76,playing,1
61.993,-7.004,0,0,0.25884,0,222.38,playing,1
62.0085,-7.004,0,0,0.25956,0,217.28,playing,1
62.0251,-4.854,0,0,0.25956,0,212.47,playing,1
62.0408,-4.854,0,0,0.25956,0,207.93,playing,1
62.0565,-4.854,0,0,0.13814,0,203.68,playing,1
62.0731,11.7268,0,0,0.13814,0,199.71,playing,1
62.0902,11.7268,0,0,0.13814,0,195.81,playing,1
62.1062,11.7268,0,0,0.13864,0,192.43,playing,1
62.1228,10.0666,0,0,0.13864,0,189.14,playing,1
62.1395,10.0666,0,0,0.13864,0,186.33,playing,1
62.1566,10.0666,0,0,0.16156,0,183.67,playing,1
62.1729,4.6914,0,0,0.16156,0,181.32,playing,1
62.1895,4.6914,0,0,0.16156,0,179.39,playing,1
62.2063,2.5255,0,0,0.16156,0,177.66,playing,1
62.2233,2.5255,0,0,0.16156,0,176.25,playing,1
62.24,2.5255,0,0,0.16156,0,175.16,playing,1
62.256,0.9903,0,0,0.23647,1,174.41,playing,1
62.2721,0.9903,0,0,0.23647,0,173.94,playing,1
62.2882,0.9903,0,0,0.25854,0,173.75,playing,1
62.3037,-0.2844,0,0,0.25854,0,173.85,playing,1
62.3203,-0.2844,0,0,0.25854,0,174.23,playing,1
62.3364,-0.2844,0,0,0.20875,0,174.95,playing,1
62.3534,-0.2493,0,0,0.20875,0,175.9,playing,1
62.3702,-0.2493,0,0,0.26455,0,177.24,playing,1
62.3874,-1.3849,0,0,0.26455,0,178.9,playing,1
62.4039,-1.3849,0,0,0.25455,0,180.87,playing,1
62.42,-1.3849,0,0,0.25455,0,183.0,playing,1
62.4356,-1.3062,0,0,0.28166,0,185.42,playing,1
62.4516,-1.3062,0,0,0.28166,0,188.12,playing,1
62.4677,-1.3062,0,0,0.28166,0,191.11,playing,1
62.4844,-1.2054,0,0,0.2684,0,194.37,playing,1
62.5009,-1.2054,0,0,0.2684,0,198.16,playing,1
62.517,-1.2054,0,0,0.26339,0,202.0,playing,1
62.5325,-1.3943,0,0,0.26339,0,206.13,playing,1
62.5492,-1.3943,0,0,0.26769,0,210.54,playing,1
62.5657,-1.1841,0,0,0.26769,0,215.54,playing,1
62.5818,-1.1841,0,0,0.26769,0,220.53,playing,1
62.5978,-1.1841,0,0,0.26347,0,225.8,playing,1
62.6138,-1.2066,0,0,0.26347,0,231.35,playing,1
62.6304,-1.2066,0,0,0.25884,0,237.18,playing,1
62.6469,-1.2066,0,0,0.25884,0,243.7,playing,1
62.6625,-1.2674,0,0,0.25884,0,250.11,playing,1
62.6785,-1.2674,0,0,0.26351,0,256.81,playing,1
62.6951,-1.2674,0,0,0.26351,0,263.79,playing,1
62.7116,-1.2793,0,0,0.27728,0,271.05,playing,1
62.7277,-1.2793,0,0,0.27728,0,279.08,playing,1
62.7442,-1.7471,0,0,0.24585,0,286.92,playing,1
62.7608,-1.7471,0,0,0.24585,0,295.56,playing,1
62.7769,-1.7471,0,0,0.24585,0,303.99,playing,1
62.7925,-12.4618,1,0,0.27679,0,312.69,playing,1
62.8084,-12.4618,0,0,0.27679,0,306.73,playing,1
62.825,-12.4618,0,0,0.27297,0,301.05,playing,1
62.8407,19.8328,0,0,0.27297,0,295.66,playing,1
62.8568,19.8328,0,0,0.29067,0,290.54,playing,1
62.8728,19.8328,0,0,0.29067,0,285.71,playing,1
62.8883,1.644,0,0,0.29067,0,281.16,playing,1
62.9044,1.644,0,0,0.2641,0,276.89,playing,1
62.9207,1.644,0,0,0.2641,0,272.91,playing,1
62.9378,8.4474,0,0,0.2641,0,269.2,playing,1
62.9539,8.4474,0,0,0.15804,0,265.58,playing,1
62.9705,4.9397,0,0,0.15804,0,262.46,playing,1
62.9871,4.9397,0,0,0.14395,0,259.45,playing,1
63.0036,4.9397,0,0,0.14395,0,256.91,playing,1
63.0202,2.5259,0,0,0.12792,0,254.52,playing,1
63.0368,2.5259,0,0,0.12792,0,252.46,playing,1
63.0535,2.5259,0,0,0.21421,1,250.79,playing,1
63.07,0.2179,0,0,0.21421,0,249.34,playing,1
63.0861,0.2179,0,0,0.21421,0,248.26,playing,1
63.1022,0.2179,0,0,0.21421,0,247.46,playing,1
63.1192,-0.6471,0,0,0.21421,0,246.92,playing,1
63.1363,-0.6471,0,0,0.21421,0,246.71,playing,1
63.1529,-0.8129,0,0,0.24983,0,246.81,playing,1
63.1689,-0.8129,0,0,0.24983,0,247.19,playing,1
63.1849,-0.8129,0,0,0.2677,0,247.85,playing,1
63.201,-0.9724,0,0,0.2677,0,248.79,playing,1
63.217,-0.9724,0,0,0.21489,0,250.01,playing,1
63.2331,-0.9724,0,0,0.21489,0,251.51,playing,1
63.2491,-1.4651,0,0,0.21489,0,253.3,playing,1
63.2651,-1.4651,0,0,0.28602,0,255.37,playing,1
63.2819,-1.4651,0,0,0.28602,0,257.88,playing,1
63.2981,-1.1961,0,0,0.28694,0,260.53,playing,1
63.3156,-1.1961,0,0,0.28694,0,263.66,playing,1
63.3319,-1.0459,0,0,0.28694,0,267.11,playing,1
63.3484,-1.0459,0,0,0.24163,0,270.64,playing,1
63.3655,-1.0459,0,0,0.24163,0,274.7,playing,1
63.3821,-0.9005,0,0,0.29364,0,279.09,playing,1
63.3982,-0.9005,0,0,0.29364,0,283.5,playing,1
63.4153,-0.9005,0,0,0.30371,0,288.5,playing,1
63.4324,-1.1877,0,0,0.30371,0,293.82,playing,1
63.4494,-1.1877,0,0,0.30371,0,299.45,playing,1
63.4654,-5.9261,0,0,0.2373,0,305.41,playing,1
63.4815,-5.9261,0,0,0.2373,0,311.3,playing,1
63.4985,-5.9261,0,0,0.2373,0,317.46,playing,1
63.5152,-1.6582,1,0,0.27231,0,324.34,playing,1
63.5325,-1.6582,0,0,0.27231,0,318.02,playing,1
63.5494,-1.6582,0,0,0.27231,0,312.03,playing,1
63.5659,-6.044,0,0,0.18246,0,306.35,playing,1
63.5815,-6.044,0,0,0.18246,0,301.29,playing,1
63.5984,-4.1409,0,0,0.17201,0,296.51,playing,2
63.6145,-4.1409,0,0,0.17201,0,291.75,playing,2
63.6306,-4.1409,0,0,0.17395,0,287.55,playing,2
63.6468,7.669,0,0,0.17395,0,283.64,playing,2
63.6629,7.669,0,0,0.17395,0,280.0,playing,2
63.6784,7.669,0,0,0.1856,0,276.65,playing,2
63.6953,13.1874,0,0,0.1856,0,273.58,playing,2
63.7123,13.1874,0,0,0.15785,0,270.63,playing,2
63.7295,13.1874,0,0,0.15785,0,268.0,playing,2
63.7461,9.2191,0,0,0.15785,0,265.69,playing,2
63.7631,9.2191,0,0,0.15203,0,263.7,playing,2
63.7803,6.179,0,0,0.15203,0,262.03,playing,2
63.797,6.179,0,0,0.17917,0,260.67,playing,2
63.813,6.179,0,0,0.17917,0,259.67,playing,2
63.829,3.4703,0,0,0.17917,0,258.96,playing,2
63.8451,3.4703,0,0,0.17917,0,258.53,playing,2
63.8621,3.4703,0,0,0.17268,0,258.39,playing,2
63.8782,0.2482,0,0,0.17268,0,258.54,playing,2
63.8937,0.2482,0,0,0.17268,0,258.97,playing,2
63.9097,0.2482,0,0,0.23081,1,259.68,playing,2
63.9258,-0.3631,0,0,0.23081,0,260.67,playing,2
63.9424,-0.3631,0,0,0.21945,0,261.95,playing,2
63.9594,-1.2495,0,0,0.21945,0,263.62,playing,2
63.9759,-1.2495,0,0,0.25117,0,265.61,playing,2
63.992,-1.2495,0,0,0.25117,0,267.77,playing,2
64.0075,-2.1341,0,0,0.25117,0,270.2,playing,2
64.0235,-2.1341,0,0,0.26474,0,272.92,playing,2
64.0401,-2.1341,0,0,0.26474,0,275.92,playing,2
64.0556,-2.3981,0,0,0.30371,0,279.2,playing,2
64.0717,-2.3981,0,0,0.30371,0,282.77,playing,2
64.0879,-2.3981,0,0,0.26716,0,286.61,playing,2
64.104,-2.1234,0,0,0.24614,0,290.74,playing,2
64.1196,-2.1234,0,0,0.24614,0,295.14,playing,2
64.1356,-2.1234,0,0,0.2677,0,299.83,playing,2
64.1517,-1.9298,0,0,0.2677,0,304.81,playing,2
64.168,-1.9298,0,0,0.27286,0,310.06,playing,2
64.1836,-1.7357,0,0,0.27286,0,315.59,playing,2
64.2003,-4.1976,0,0,0.27286,0,321.41,playing,2
64.2174,-4.1976,0,0,0.26293,0,327.91,playing,2
64.2335,-14.9245,1,0,0.25515,0,334.72,playing,2
64.2495,-14.9245,0,0,0.25515,0,328.76,playing,2
64.2661,-14.9245,0,0,0.25515,0,323.09,playing,2
64.2817,-13.0022,0,0,0.25515,0,317.69,playing,2
64.298,-13.0022,0,0,0.25515,0,312.58,playing,2
64.3141,-13.0022,0,0,0.16315,0,307.75,playing,2
64.3299,-2.1837,0,0,0.16315,0,303.2,playing,2
64.346,-2.1837,0,0,0.176,0,298.93,playing,2
64.3621,-2.1837,0,0,0.17489,0,294.94,playing,2
64.3784,0.9263,0,0,0.17489,0,291.02,playing,2
64.3953,0.9263,0,0,0.19068,0,287.61,playing,2
64.4125,4.4343,0,0,0.19068,0,284.31,playing,2
64.4293,4.4343,0,0,0.16427,0,281.33,playing,2
64.4461,4.4343,0,0,0.16427,0,278.66,playing,2
64.4624,8.3381,0,0,0.16427,0,276.44,playing,2
64.4789,8.3381,0,0,0.19483,0,274.39,playing,2
64.4945,8.3381,0,0,0.19483,0,272.74,playing,2
64.5106,13.8322,0,0,0.17923,0,271.38,playing,2
64.5266,13.8322,0,0,0.17923,0,270.29,playing,2
64.5426,13.8322,0,0,0.16435,0,269.49,playing,2
64.5585,10.2852,0,0,0.16435,0,268.97,playing,2
64.5755,10.2852,0,0,0.20052,0,268.73,playing,2
64.5916,5.3455,0,0,0.20052,0,268.8,playing,2
64.6084,5.3455,0,0,0.24091,1,269.14,playing,2
64.6254,5.3455,0,0,0.24091,0,269.82,playing,2
64.6423,1.756,0,0,0.26316,0,270.82,playing,2
64.6593,1.756,0,0,0.26316,0,272.14,playing,2
64.6766,1.756,0,0,0.26316,0,273.77,playing,2
64.6935,1.756,0,0,0.26316,0,275.73,playing,2
64.7101,1.756,0,0,0.26314,0,278.0,playing,2
64.7283,-1.3821,0,0,0.26314,0,280.59,playing,2
64.7449,-2.0363,0,0,0.24253,0,283.69,playing,2
64.761,-2.0363,0,0,0.29464,0,286.72,playing,2
64.777,-2.3243,0,0,0.29464,0,290.04,playing,2
64.793,-2.3243,0,0,0.29464,0,293.64,playing,2
64.8099,-2.3243,0,0,0.27661,0,297.52,playing,2
64.8262,-2.3646,0,0,0.27661,0,301.96,playing,2
64.843,-2.3646,0,0,0.27669,0,306.72,playing,2
64.8585,-2.5713,0,0,0.27669,0,311.48,playing,2
64.8744,-3.0214,0,0,0.30934,0,316.52,playing,2
64.8914,-3.0214,0,0,0.30934,0,321.84,playing,2
64.9082,-2.8886,0,0,0.25908,0,327.81,playing,2
64.9247,-2.8886,0,0,0.25908,0,334.11,playing,2
64.9412,-2.8886,0,0,0.26338,0,340.31,playing,2
64.9579,-21.0413,1,0,0.26338,0,347.22,playing,2
64.974,-21.0413,0,0,0.29619,0,341.26,playing,2
64.9902,-21.0413,0,0,0.29619,0,335.58,playing,2
65.0067,-2.8812,0,0,0.19902,0,329.87,playing,2
65.0228,-2.8812,0,0,0.19902,0,324.77,playing,2
65.0393,-7.4576,0,0,0.2306,1,319.96,playing,2
65.0557,-7.4576,0,0,0.2306,0,315.16,playing,2
65.0717,-7.4576,0,0,0.2306,0,310.93,playing,2
65.0876,13.5348,0,0,0.2306,0,306.98,playing,2
65.1041,13.5348,0,0,0.16185,0,303.31,playing,2
65.1207,13.5348,0,0,0.16185,0,299.72,playing,2
65.1367,13.8927,0,0,0.15626,0,296.63,playing,2
65.1533,13.8927,0,0,0.15626,0,293.83,playing,2
65.1704,13.8927,0,0,0.15626,0,291.16,playing,2
65.187,8.0316,0,0,0.15782,0,288.81,playing,2
65.2031,8.0316,0,0,0.15782,0,286.88,playing,2
65.2198,5.3972,0,0,0.1994,0,285.15,playing,2
65.2366,5.3972,0,0,0.1994,0,283.81,playing,2
65.2532,5.3972,0,0,0.25047,0,282.69,playing,2
65.2702,2.7692,0,0,0.25047,0,281.9,playing,2
65.2873,2.7692,0,0,0.2311,0,281.42,playing,2
65.3043,2.7692,0,0,0.25421,0,281.26,playing,2
65.3213,-1.2611,0,0,0.25421,0,281.42,playing,2
65.3383,-1.2611,0,0,0.25942,0,281.89,playing,2
65.3554,-2.1415,0,0,0.25942,0,282.69,playing,2
65.3718,-2.1415,0,0,0.2724,0,283.8,playing,2
65.3878,-2.1415,0,0,0.2724,0,285.13,playing,2
65.4034,-4.1285,0,0,0.27816,0,286.74,playing,2
65.4195,-4.1285,0,0,0.27816,0,288.63,playing,2
65.4365,-4.1285,0,0,0.24166,0,290.8,playing,3
65.4528,-4.8051,0,0,0.24166,0,293.43,playing,3
65.4688,-4.8051,0,0,0.2511,0,296.18,playing,3
65.4852,-4.8051,0,0,0.2511,0,299.22,playing,3
65.502,-4.6378,0,0,0.2511,0,302.76,playing,3
65.5178,-4.6378,0,0,0.24253,0,306.38,playing,3
65.5339,-3.9926,0,0,0.24253,0,310.27,playing,3
65.5499,-3.9926,0,0,0.25395,0,314.45,playing,3
65.566,-3.9926,0,0,0.25395,0,318.91,playing,3
65.5816,-3.3081,0,0,0.25893,0,323.66,playing,3
65.5976,-3.3081,0,0,0.25893,0,328.68,playing,3
65.6144,-3.3081,0,0,0.2079,0,333.98,playing,3
65.6312,-20.9826,1,0,0.2079,0,339.94,playing,3
65.6485,-20.9826,0,0,0.27231,0,333.63,playing,3
65.6645,-20.9826,0,0,0.27231,0,327.63,playing,3
65.6811,-14.0896,0,0,0.1761,0,322.27,playing,3
65.6972,-14.0896,0,0,0.1761,0,317.2,playing,3
65.7142,-8.9774,0,0,0.15661,0,312.12,playing,3
65.7313,-8.9774,0,0,0.15661,0,307.36,playing,3
65.748,-8.9774,0,0,0.14504,0,302.92,playing,3
65.7641,-1.2985,0,0,0.14504,0,299.02,playing,3
65.7809,-1.2985,0,0,0.1322,0,295.19,playing,3
65.7976,-1.2985,0,0,0.12593,0,291.87,playing,3
65.8136,10.8932,0,0,0.12593,0,288.66,playing,3
65.8307,10.8932,0,0,0.18436,0,285.93,playing,3
65.8479,19.1002,0,0,0.18436,0,283.2,playing,3
65.8647,16.7435,0,0,0.18436,0,280.95,playing,3
65.8815,16.7435,0,0,0.15093,0,279.11,playing,3
65.8987,12.6136,0,0,0.15093,0,277.47,playing,3
65.9152,12.6136,0,0,0.17097,0,276.15,playing,3
65.9319,12.6136,0,0,0.17097,0,275.15,playing,3
65.9484,9.204,0,0,0.19766,0,274.49,playing,3
65.965,9.204,0,0,0.19766,0,274.11,playing,3
65.9808,9.204,0,0,0.23263,1,274.03,playing,3
65.9977,3.5633,0,0,0.23263,0,274.23,playing,3
66.0143,3.5633,0,0,0.19704,0,274.76,playing,3
66.0309,2.0401,0,0,0.19704,0,275.61,playing,3
66.0469,2.0401,0,0,0.27261,0,276.69,playing,3
66.0624,2.0401,0,0,0.27261,0,278.06,playing,3
66.0793,-0.6399,0,0,0.28175,0,279.7,playing,3
66.0961,-0.6399,0,0,0.28175,0,281.77,playing,3
66.113,-0.6399,0,0,0.25487,0,284.15,playing,3
66.1289,-0.9851,0,0,0.25487,0,286.67,playing,3
66.1444,-0.9851,0,0,0.27645,0,289.48,playing,3
66.1611,-0.9851,0,0,0.27645,0,292.57,playing,3
66.1772,-1.6116,0,0,0.24497,0,295.94,playing,3
66.193,-1.6116,0,0,0.24497,0,299.59,playing,3
66.2093,-1.5217,0,0,0.24497,0,303.79,playing,3
66.2254,-2.2961,0,0,0.24155,0,308.02,playing,3
66.2425,-2.2961,0,0,0.24155,0,312.53,playing,3
66.2591,-2.7889,0,0,0.28233,0,317.65,playing,3
66.2762,-2.7889,0,0,0.28233,0,323.08,playing,3
66.2934,-2.7889,0,0,0.28175,0,328.83,playing,3
66.3111,-16.1338,1,0,0.28175,0,334.89,playing,3
66.3277,-16.1338,0,0,0.26908,0,328.23,playing,3
66.3443,-10.3077,0,0,0.1207,0,322.59,playing,3
66.3609,-10.3077,0,0,0.1207,0,316.91,playing,3
66.377,-10.3077,0,0,0.16249,0,311.85,playing,3
66.3929,-6.8117,0,0,0.16249,0,307.07,playing,3
66.4089,-6.8117,0,0,0.16249,0,302.57,playing,3
66.425,-6.8117,0,0,0.16842,0,298.36,playing,3
66.4411,8.3682,0,0,0.11231,0,294.42,playing,3
66.4572,8.3682,0,0,0.11231,0,290.77,playing,3
66.474,8.3682,0,0,0.1536,0,287.21,playing,3
66.4903,14.4024,0,0,0.1536,0,284.14,playing,3
66.5072,14.4024,0,0,0.14975,0,281.19,playing,3
66.5241,14.4024,0,0,0.14975,0,278.56,playing,3
66.5401,14.4024,0,0,0.18254,0,276.37,playing,3
66.5564,14.4024,0,0,0.18254,0,274.46,playing,3
66.5725,7.9471,0,0,0.18254,0,272.75,playing,3
66.589,7.9471,0,0,0.24099,1,271.42,playing,3
66.6056,7.9471,0,0,0.24099,0,270.32,playing,3
66.6225,2.793,0,0,0.25496,0,269.57,playing,3
66.6389,2.793,0,0,0.25496,0,269.1,playing,3
66.6547,2.793,0,0,0.21789,0,268.93,playing,3
66.6709,1.5858,0,0,0.21789,0,269.04,playing,3
66.6868,1.5858,0,0,0.27351,0,269.44,playing,3
66.7023,1.5858,0,0,0.27351,0,270.11,playing,3
66.7188,0.5559,0,0,0.24554,0,271.07,playing,3
66.7351,0.5559,0,0,0.24554,0,272.31,playing,3
66.7511,-0.8969,0,0,0.27331,0,273.83,playing,3
66.7682,-0.8969,0,0,0.27331,0,275.77,playing,3
66.785,-0.8969,0,0,0.26901,0,278.02,playing,3
66.8011,-1.4196,0,0,0.26901,0,280.42,playing,3
66.8181,-1.4196,0,0,0.24554,0,283.29,playing,3
66.8352,-1.4196,0,0,0.24554,0,286.48,playing,3
66.852,-1.8081,0,0,0.27727,0,289.99,playing,3
66.8684,-1.8081,0,0,0.27727,0,293.57,playing,3
66.8851,-3.5576,0,0,0.23732,0,297.69,playing,3
66.9025,-3.5576,0,0,0.23732,0,302.13,playing,3
66.9194,-3.5576,0,0,0.23732,0,306.89,playing,3
66.9362,-17.472,1,0,0.26324,0,311.96,playing,3
66.9534,-17.472,0,0,0.24099,0,305.65,playing,3
66.9703,-17.472,0,0,0.24099,0,299.66,playing,3
66.9874,-9.4274,0,0,0.24099,0,293.98,playing,3
67.0045,-9.4274,0,0,0.13729,0,288.62,playing,3
67.0208,-5.203,0,0,0.14905,0,283.58,playing,3
67.0369,-5.203,0,0,0.14905,0,279.12,playing,3
67.0528,-5.203,0,0,0.19121,0,274.94,playing,3
67.069,1.3783,0,0,0.19121,0,271.04,playing,3
67.0851,1.3783,0,0,0.14922,0,267.42,playing,3
67.101,1.3783,0,0,0.14922,0,264.09,playing,3
67.1169,9.1294,0,0,0.18585,0,261.03,playing,3
67.1325,9.1294,0,0,0.18585,0,258.26,playing,3
67.1492,9.1294,0,0,0.15698,0,255.77,playing,3
67.166,11.8901,0,0,0.15698,0,253.44,playing,3
67.1821,11.8901,0,0,0.20154,0,251.53,playing,3
67.1978,11.8901,0,0,0.20154,0,249.9,playing,3
67.2138,11.4211,0,0,0.17487,0,248.55,playing,3
67.2298,11.4211,0,0,0.17487,0,247.49,playing,3
67.2458,8.0973,0,0,0.1592,0,246.7,playing,3
67.2617,8.0973,0,0,0.1592,0,246.2,playing,3
67.278,8.0973,0,0,0.1592,0,245.98,playing,3
67.2937,2.7409,0,0,0.18826,0,246.04,playing,4
67.3097,2.7409,0,0,0.18826,0,246.38,playing,4
67.3258,2.7409,0,0,0.23575,1,247.01,playing,4
67.342,1.3205,0,0,0.23575,0,247.91,playing,4
67.3577,1.3205,0,0,0.23247,0,249.1,playing,4
67.3738,1.3205,0,0,0.23247,0,250.57,playing,4
67.3904,-0.1057,0,0,0.23735,0,252.32,playing,4
67.4065,-0.1057,0,0,0.23735,0,254.5,playing,4
67.4231,-0.1057,0,0,0.22523,0,256.83,playing,4
67.4396,-1.6383,0,0,0.22523,0,259.44,playing,4
67.4554,-1.6383,0,0,0.26356,0,262.53,playing,4
67.4722,-1.6383,0,0,0.26356,0,265.73,playing,4
67.489,-1.6383,0,0,0.22776,0,269.44,playing,4
67.5045,-1.6383,0,0,0.22776,0,273.21,playing,4
67.5216,-2.7534,0,0,0.23337,0,277.27,playing,4
67.5378,-2.7534,0,0,0.23337,0,281.9,playing,4
67.5543,-2.7534,0,0,0.26769,0,286.53,playing,4
67.5715,-2.9532,0,0,0.26769,0,291.78,playing,4
67.588,-2.9532,0,0,0.28208,0,297.34,playing,4
67.6038,-2.5038,0,0,0.28208,0,302.86,playing,4
67.6209,-2.5038,0,0,0.28208,0,309.04,playing,4
67.6374,-2.5038,0,0,0.23669,0,315.13,playing,4
67.6542,-19.4004,1,0,0.23669,0,321.93,playing,4
67.671,-19.4004,0,0,0.24523,0,315.62,playing,4
67.6872,-19.4004,0,0,0.24523,0,309.96,playing,4
67.7044,-10.6361,0,0,0.1462,0,304.27,playing,4
67.7206,-10.6361,0,0,0.19437,0,298.89,playing,4
67.7365,-10.6361,0,0,0.19437,0,294.11,playing,4
67.7533,5.3118,0,0,0.24481,1,289.61,playing,4
67.7706,5.3118,0,0,0.24481,0,285.15,playing,4
67.7867,12.7729,0,0,0.18917,0,281.01,playing,4
67.8028,12.7729,0,0,0.18917,0,277.39,playing,4
67.8186,12.7729,0,0,0.1319,0,274.05,playing,4
67.8355,12.1337,0,0,0.1319,0,271.0,playing,4
67.8521,12.1337,0,0,0.184,0,268.07,playing,4
67.868,12.1337,0,0,0.184,0,265.6,playing,4
67.8838,6.4619,0,0,0.16576,0,263.41,playing,4
67.9001,6.4619,0,0,0.16576,0,261.5,playing,4
67.9161,6.4619,0,0,0.21867,0,259.87,playing,4
67.9313,4.205,0,0,0.21867,0,258.52,playing,4
67.9479,4.205,0,0,0.24134,0,257.45,playing,4
67.9636,1.4935,0,0,0.24134,0,256.67,playing,4
67.9801,1.4935,0,0,0.24134,0,256.17,playing,4
67.9967,1.4935,0,0,0.2462,0,255.95,playing,4
68.013,0.2741,0,0,0.2462,0,256.03,playing,4
68.0292,0.2741,0,0,0.26314,0,256.39,playing,4
68.0458,0.2741,0,0,0.26314,0,257.09,playing,4
68.0614,-0.793,0,0,0.26314,0,258.03,playing,4
68.0783,-0.793,0,0,0.2161,0,259.25,playing,4
68.0954,-0.793,0,0,0.2161,0,260.87,playing,4
68.1125,-2.4258,0,0,0.25918,0,262.81,playing,4
68.1288,-2.4258,0,0,0.25918,0,265.06,playing,4
68.145,-17.8241,1,0,0.2386,0,267.46,playing,4
68.1622,-17.8241,0,0,0.2386,0,261.15,playing,4
68.1784,-17.8241,0,0,0.2338,0,255.49,playing,4
68.1951,-9.4833,0,0,0.2338,0,249.79,playing,4
68.2113,-9.4833,0,0,0.2338,0,244.71,playing,4
68.2279,-9.4833,0,0,0.15918,0,239.64,playing,4
68.2439,-3.2314,0,0,0.15918,0,235.14,playing,4
68.2596,-3.2314,0,0,0.14113,0,230.92,playing,4
68.2756,-3.2314,0,0,0.14113,0,226.99,playing,4
68.2927,12.1446,0,0,0.14113,0,223.34,playing,4
68.3084,12.1446,0,0,0.12934,0,219.77,playing,4
68.3249,12.9152,0,0,0.12934,0,216.7,playing,4
68.3405,12.9152,0,0,0.16723,0,213.91,playing,4
68.3566,12.9152,0,0,0.16723,0,211.4,playing,4
68.3736,10.5561,0,0,0.1374,0,209.17,playing,4
68.3902,10.5561,0,0,0.1374,0,207.13,playing,4
68.4072,10.5561,0,0,0.16156,0,205.4,playing,4
68.4237,8.0565,0,0,0.16156,0,203.98,playing,4
68.4398,8.0565,0,0,0.16156,0,202.93,playing,4
68.4559,8.0565,0,0,0.19508,0,202.17,playing,4
68.4717,3.2752,0,0,0.19508,0,201.68,playing,4
68.4884,3.2752,0,0,0.21976,1,201.48,playing,4
68.5054,0.5006,0,0,0.21976,0,201.58,playing,4
68.5225,0.5006,0,0,0.21256,0,202.0,playing,4
68.5395,0.5006,0,0,0.21256,0,202.74,playing,4
68.5561,-0.2358,0,0,0.21256,0,203.8,playing,4
68.5732,-0.2358,0,0,0.24581,0,205.17,playing,4
68.5901,-0.2358,0,0,0.24581,0,206.86,playing,4
68.6067,-1.4869,0,0,0.26439,0,208.73,playing,4
68.6229,-1.4869,0,0,0.26439,0,211.04,playing,4
68.6397,-1.8151,0,0,0.27716,0,213.5,playing,4
68.6557,-1.8151,0,0,0.27716,0,216.42,playing,4
68.6722,-1.8151,0,0,0.27716,0,219.46,playing,4
68.6891,-18.3044,1,0,0.24592,0,223.0,playing,4
68.7055,-18.3044,0,0,0.24592,0,217.04,playing,4
68.7218,-18.3044,0,0,0.25545,0,211.03,playing,4
68.7373,-8.464,0,0,0.25545,0,205.65,playing,4
68.7539,-8.464,0,0,0.25413,0,200.56,playing,4
68.7703,-8.464,0,0,0.25413,0,195.74,playing,4
68.7874,-4.9238,0,0,0.25413,0,190.94,playing,4
68.8045,-4.9238,0,0,0.26435,0,186.47,playing,4
68.8205,-0.6358,0,0,0.26435,0,182.3,playing,4
68.8372,-0.6358,0,0,0.15279,0,178.67,playing,4
68.8528,-0.6358,0,0,0.15279,0,175.31,playing,4
68.869,14.4844,0,0,0.16044,0,172.24,playing,4
68.8849,14.4844,0,0,0.16044,0,169.45,playing,4
68.9015,14.4844,0,0,0.16044,0,166.94,playing,4
68.9181,12.185,0,0,0.13553,0,164.6,playing,4
68.9352,12.185,0,0,0.13553,0,162.57,playing,4
68.9518,12.185,0,0,0.14395,0,160.85,playing,4
68.9679,6.4231,0,0,0.14395,0,159.52,playing,4
68.984,6.4231,0,0,0.17419,0,158.48,playing,4
69.0011,3.6321,0,0,0.17419,0,157.68,playing,4
69.0171,3.6321,0,0,0.17419,0,157.21,playing,4
69.0327,3.6321,0,0,0.19397,0,157.03,playing,4
69.0488,1.5231,0,0,0.19397,0,157.12,playing,4
69.0644,1.5231,0,0,0.19397,0,157.5,playing,4
69.081,1.5231,0,0,0.19397,0,158.16,playing,4
69.097,-0.8165,0,0,0.19397,0,159.1,playing,4
69.1131,-0.8165,0,0,0.20315,0,160.32,playing,4
69.1286,-0.8165,0,0,0.20315,0,161.83,playing,4
69.1451,-1.5749,0,0,0.25054,1,163.61,playing,5
69.1612,-1.5749,0,0,0.25054,0,165.68,playing,5
69.1783,-2.2755,0,0,0.21489,0,168.2,playing,5
69.1944,-2.4356,0,0,0.21489,0,171.03,playing,5
69.2108,-2.4356,0,0,0.21489,0,173.97,playing,5
69.2289,-2.5651,0,0,0.21489,0,177.2,playing,5
69.2449,-2.5651,0,0,0.25884,0,181.19,playing,5
69.261,-2.5651,0,0,0.25884,0,185.02,playing,5
69.2779,-2.728,0,0,0.25462,0,189.4,playing,5
69.294,-2.728,0,0,0.25462,0,193.81,playing,5
69.3101,-2.728,0,0,0.27661,0,198.5,playing,5
69.3272,-1.9193,0,0,0.27661,0,203.8,playing,5
69.3438,-1.9193,0,0,0.269,0,209.42,playing,5
69.3598,-1.9193,0,0,0.269,0,214.99,playing,5
69.3759,-1.9193,0,0,0.269,0,220.84,playing,5
69.3916,-1.9193,0,0,0.2645,0,226.97,playing,5
69.4087,-2.2308,0,0,0.2645,0,233.39,playing,5
69.4248,-2.2308,0,0,0.27825,0,240.52,playing,5
69.4408,-2.2308,0,0,0.27825,0,247.52,playing,5
69.4568,-2.5303,0,0,0.27825,0,254.79,playing,5
69.4726,-2.5303,0,0,0.25814,0,262.35,playing,5
69.4893,-2.5303,0,0,0.25814,0,270.19,playing,5
69.5059,-0.9001,0,0,0.28175,0,278.84,playing,5
69.522,-0.9001,0,0,0.28175,0,287.26,playing,5
69.5379,-0.3079,0,0,0.28175,0,295.96,playing,5
69.5544,-3.9091,0,0,0.2838,0,305.53,playing,5
69.5713,-3.9091,0,0,0.2838,0,314.81,playing,5
69.5885,-17.3377,1,0,0.27778,0,324.99,playing,5
69.605,-17.3377,0,0,0.27778,0,318.68,playing,5
69.6215,-17.3377,0,0,0.27778,0,313.02,playing,5
69.6388,-6.1979,0,0,0.28745,0,307.01,playing,5
69.6549,-6.1979,0,0,0.28745,0,301.95,playing,5
69.671,-6.1979,0,0,0.1374,0,297.17,playing,5
69.6871,-3.2029,0,0,0.1374,0,292.67,playing,5
69.7026,-3.2029,0,0,0.1509,0,288.46,playing,5
69.7191,1.0613,0,0,0.1509,0,284.52,playing,5
69.7352,1.0613,0,0,0.1509,0,280.87,playing,5
69.7503,1.0613,0,0,0.15693,0,277.5,playing,5
69.7671,16.1594,0,0,0.15693,0,274.41,playing,5
69.7827,16.1594,0,0,0.15693,0,271.6,playing,5
69.7988,16.1594,0,0,0.15693,0,269.07,playing,5
69.8147,13.7948,0,0,0.15693,0,266.83,playing,5
69.8304,13.7948,0,0,0.13458,0,264.87,playing,5
69.847,13.7948,0,0,0.13458,0,263.18,playing,5
69.8625,7.6373,0,0,0.1565,0,261.78,playing,5
69.8785,7.6373,0,0,0.1565,0,260.67,playing,5
69.8951,7.6373,0,0,0.11816,0,259.83,playing,5
69.9105,5.0509,0,0,0.11816,0,259.27,playing,5
69.9271,5.0509,0,0,0.11816,0,259.0,playing,5
69.9431,5.0509,0,0,0.12264,0,259.01,playing,5
69.9602,2.9599,0,0,0.12264,0,259.34,playing,5
69.9762,2.9599,0,0,0.12264,0,259.92,playing,5
69.9918,0.1578,0,0,0.23672,1,260.79,playing,5
70.0078,0.1578,0,0,0.23672,0,261.95,playing,5
70.0243,0.1578,0,0,0.23672,0,263.38,playing,5
70.0406,-0.7388,0,0,0.20429,0,265.22,playing,5
70.0577,-0.7388,0,0,0.20429,0,267.24,playing,5
70.0757,-0.7388,0,0,0.20429,0,269.69,playing,5
70.0919,-1.9697,0,0,0.24097,0,272.65,playing,5
70.1082,-1.9697,0,0,0.24097,0,275.56,playing,5
70.1252,-2.3031,0,0,0.24097,0,278.98,playing,5
70.142,-2.3031,0,0,0.24097,0,282.71,playing,5
70.1587,-2.3031,0,0,0.24097,0,286.5,playing,5
70.1766,-13.5805,1,0,0.24097,0,290.85,playing,5
70.1931,-13.5805,0,0,0.25485,0,284.18,playing,5
70.21,-13.5805,0,0,0.25485,0,278.21,playing,5
70.2265,-15.6285,0,0,0.25485,0,272.86,playing,5
70.2428,-15.6285,0,0,0.25485,0,267.51,playing,5
70.2591,-10.0336,0,0,0.26347,0,262.74,playing,5
70.2746,-10.0336,0,0,0.26347,0,258.26,playing,5
70.291,-10.0336,0,0,0.22861,0,254.07,playing,5
70.3066,-4.7128,0,0,0.22861,0,250.15,playing,5
70.3231,-4.7128,0,0,0.22861,0,246.51,playing,5
70.3396,-4.7128,0,0,0.24159,0,243.16,playing,5
70.3555,12.9775,0,0,0.24159,0,239.91,playing,5
70.3725,12.9775,0,0,0.20115,0,237.14,playing,5
70.3888,12.9775,0,0,0.20115,0,234.51,playing,5
70.4048,11.1308,0,0,0.12631,0,232.32,playing,5
70.4204,11.1308,0,0,0.12631,0,230.41,playing,5
70.4369,11.1308,0,0,0.12631,0,228.78,playing,5
70.4525,5.1441,0,0,0.12631,0,227.44,playing,5
70.469,5.1441,0,0,0.12631,0,226.37,playing,5
70.4845,5.1441,0,0,0.12631,0,225.59,playing,5
70.5003,5.1441,0,0,0.19023,0,225.08,playing,5
70.5186,5.1441,0,0,0.19023,0,224.86,playing,5
70.5367,0.0914,0,0,0.19023,0,224.92,playing,5
70.553,0.0914,0,0,0.19023,0,225.44,playing,5
70.5691,0.0914,0,0,0.19684,0,226.13,playing,5
70.5847,-0.6332,0,0,0.19684,0,227.11,playing,5
70.6008,-0.6332,0,0,0.19684,0,228.37,playing,5
70.6173,-0.6332,0,0,0.27778,1,229.91,playing,5
70.6344,-1.1243,0,0,0.27778,0,231.86,playing,5
70.6512,-1.1243,0,0,0.27778,0,234.13,playing,5
70.6667,-1.474,0,0,0.27778,0,236.55,playing,5
70.6828,-1.474,0,0,0.25446,0,239.25,playing,5
70.6988,-1.474,0,0,0.25446,0,242.23,playing,5
70.7143,-0.9712,0,0,0.25446,0,245.5,playing,5
70.7304,-0.9712,0,0,0.24992,0,249.04,playing,5
70.747,-0.9712,0,0,0.24992,0,252.87,playing,5
70.7631,-12.1509,1,0,0.24532,0,256.98,playing,5
70.7788,-12.1509,0,0,0.24532,0,251.02,playing,5
70.7949,-12.1509,0,0,0.24532,0,245.34,playing,5
70.8105,-14.2513,0,0,0.23603,0,239.95,playing,5
70.827,-14.2513,0,0,0.23603,0,234.83,playing,5
70.8431,-14.2513,0,0,0.23603,0,230.0,playing,5
70.8591,-4.6066,0,0,0.23603,0,225.45,playing,5
70.8751,-4.6066,0,0,0.23603,0,221.18,playing,5
70.891,6.7068,0,0,0.24229,0,217.2,playing,5
70.907,6.7068,0,0,0.24229,0,213.49,playing,5
70.9229,6.7068,0,0,0.16661,0,210.07,playing,5
70.9392,11.3116,0,0,0.16661,0,206.92,playing,5
70.9548,11.3116,0,0,0.16661,0,204.06,playing,5
70.9714,11.3116,0,0,0.17222,0,201.48,playing,5
70.9875,7.9189,0,0,0.17222,0,199.06,playing,6
71.0037,7.9189,0,0,0.1567,0,197.06,playing,6
71.0198,7.9189,0,0,0.1567,0,195.35,playing,6
71.0358,5.4066,0,0,0.16561,0,193.91,playing,6
71.0519,5.4066,0,0,0.16561,0,192.76,playing,6
71.0681,4.0825,0,0,0.16561,0,191.89,playing,6
71.0852,2.0841,0,0,0.15067,0,191.28,playing,6
71.1022,2.0841,0,0,0.15067,0,190.99,playing,6
71.1191,0.5438,0,0,0.21715,1,191.01,playing,6
71.1348,0.5438,0,0,0.21715,0,191.32,playing,6
71.1508,0.5438,0,0,0.21715,0,191.91,playing,6
71.1666,-0.1214,0,0,0.25417,0,192.78,playing,6
71.1826,-0.1214,0,0,0.25918,0,193.93,playing,6
71.1994,-0.1214,0,0,0.25918,0,195.37,playing,6
71.2164,-0.1214,0,0,0.25529,0,197.21,playing,6
71.2334,-0.1214,0,0,0.25529,0,199.37,playing,6
71.2495,-0.9571,0,0,0.23663,0,201.84,playing,6
71.266,-0.9571,0,0,0.23663,0,204.46,playing,6
71.2816,-0.9571,0,0,0.28819,0,207.35,playing,6
71.2982,-2.6133,0,0,0.28819,0,210.53,playing,6
71.3153,-2.6133,0,0,0.27892,0,214.22,playing,6
71.3321,-2.6133,0,0,0.27892,0,218.23,playing,6
71.3482,-2.6193,0,0,0.25049,0,222.28,playing,6
71.3652,-2.6193,0,0,0.25049,0,226.91,playing,6
71.3824,-2.6193,0,0,0.21104,0,231.86,playing,6
71.3989,-1.8551,0,0,0.2724,0,237.12,playing,6
71.4144,-1.8551,0,0,0.2724,0,242.36,playing,6
71.4315,-1.3379,0,0,0.2724,0,247.87,playing,6
71.4482,-1.3379,0,0,0.25413,0,254.05,playing,6
71.4655,-1.3379,0,0,0.26891,0,260.55,playing,6
71.4824,-2.9281,0,0,0.26891,0,267.36,playing,6
71.4985,-2.9281,0,0,0.26891,0,274.5,playing,6
71.5157,-2.9281,0,0,0.25992,0,281.49,playing,6
71.5324,-12.6295,1,0,0.25992,0,289.24,playing,6
71.5491,-12.6295,0,0,0.24595,0,282.93,playing,6
71.5661,-7.4746,0,0,0.24595,0,276.94,playing,6
71.5821,-7.4746,0,0,0.16393,0,271.58,playing,6
71.5992,-7.4746,0,0,0.16393,0,266.2,playing,6
71.6162,-4.0197,0,0,0.15429,0,261.14,playing,6
71.6335,-4.0197,0,0,0.15429,0,256.4,playing,6
71.6497,-4.0197,0,0,0.16454,0,251.98,playing,6
71.6658,14.172,0,0,0.16454,0,248.09,playing,6
71.6813,14.172,0,0,0.1614,0,244.49,playing,6
71.6979,14.172,0,0,0.1614,0,241.18,playing,6
71.7141,13.7703,0,0,0.14216,0,238.14,playing,6
71.7312,13.7703,0,0,0.14216,0,235.23,playing,6
71.7473,10.9121,0,0,0.19489,0,232.64,playing,6
71.7642,10.9121,0,0,0.19489,0,230.48,playing,6
71.7802,10.9121,0,0,0.1961,0,228.61,playing,6
71.7972,5.9859,0,0,0.1961,0,226.93,playing,6
71.8142,5.9859,0,0,0.18247,0,225.58,playing,6
71.8306,5.9859,0,0,0.18247,0,224.54,playing,6
71.8468,1.9884,0,0,0.18247,0,223.84,playing,6
71.8629,1.9884,0,0,0.18738,0,223.43,playing,6
71.8792,0.7742,0,0,0.24236,1,223.29,playing,6
71.8959,0.7742,0,0,0.24236,0,223.47,playing,6
71.9117,0.7742,0,0,0.2161,0,223.92,playing,6
71.9276,-0.3541,0,0,0.2161,0,224.65,playing,6
71.9443,-0.3541,0,0,0.2161,0,225.66,playing,6
71.961,-0.3541,0,0,0.20521,0,227.05,playing,6
71.9767,-2.022,0,0,0.20525,0,228.64,playing,6
71.9929,-2.022,0,0,0.20525,0,230.52,playing,6
72.0088,-2.022,0,0,0.22825,0,232.67,playing,6
72.0255,-2.1285,0,0,0.22825,0,235.11,playing,6
72.0424,-2.1285,0,0,0.21495,0,238.02,playing,6
72.0591,-2.2767,0,0,0.21495,0,241.24,playing,6
72.0752,-2.9855,0,0,0.26339,0,244.56,playing,6
72.0909,-2.9855,0,0,0.26339,0,248.16,playing,6
72.1065,-3.081,0,0,0.23669,0,252.04,playing,6
72.1234,-3.081,0,0,0.23669,0,256.2,playing,6
72.1398,-3.081,0,0,0.24561,0,260.94,playing,6
72.1561,-4.8942,0,0,0.24561,0,265.68,playing,6
72.1721,-4.8942,0,0,0.24134,0,270.71,playing,6
72.1877,-4.8942,0,0,0.24134,0,276.01,playing,6
72.2045,-8.4006,0,0,0.24134,0,281.6,playing,6
72.2211,-8.4006,0,0,0.21915,0,287.85,playing,6
72.2366,-8.4006,0,0,0.21915,0,294.02,playing,6
72.2527,-12.0455,1,0,0.20076,0,300.47,playing,6
72.2688,-12.0455,0,0,0.20076,0,294.51,playing,6
72.2849,1.905,0,0,0.13695,0,288.83,playing,6
72.3012,1.905,0,0,0.13695,0,283.44,playing,6
72.3184,1.905,0,0,0.15187,0,278.02,playing,6
72.3356,12.2567,0,0,0.15187,0,272.93,playing,6
72.3526,12.2567,0,0,0.15177,0,268.15,playing,6
72.3687,12.2567,0,0,0.15177,0,263.69,playing,6
72.3854,14.7329,0,0,0.10958,0,259.77,playing,6
72.4021,14.7329,0,0,0.10958,0,255.93,playing,6
72.4178,11.6163,0,0,0.16861,0,252.59,playing,6
72.4339,7.9444,0,0,0.16861,0,249.54,playing,6
72.4505,7.9444,0,0,0.14341,0,246.77,playing,6
72.4676,4.8495,0,0,0.14341,0,244.14,playing,6
72.4841,4.8495,0,0,0.2135,1,241.83,playing,6
72.5022,4.8495,0,0,0.20925,0,239.83,playing,6
72.5191,2.6245,0,0,0.20925,0,238.08,playing,6
72.5348,2.6245,0,0,0.20925,0,236.8,playing,6
72.5506,2.6245,0,0,0.2306,0,235.81,playing,6
72.5673,-0.1855,0,0,0.2306,0,235.1,playing,6
72.5839,-0.1855,0,0,0.25059,0,234.66,playing,6
72.5996,-0.3796,0,0,0.25059,0,234.52,playing,6
72.6166,-0.3796,0,0,0.24587,0,234.67,playing,6
72.6335,-0.3796,0,0,0.24587,0,235.15,playing,6
72.6501,-1.2839,0,0,0.23669,0,235.94,playing,6
72.6659,-1.2839,0,0,0.23669,0,236.97,playing,6
72.6815,-1.2839,0,0,0.2145,0,238.28,playing,6
72.6976,-1.5383,0,0,0.2145,0,239.87,playing,6
72.7138,-1.5383,0,0,0.23199,0,241.75,playing,6
72.7299,-1.5383,0,0,0.23199,0,243.9,playing,6
72.746,-1.6728,0,0,0.23315,0,246.34,playing,6
72.7621,-1.6728,0,0,0.23315,0,249.06,playing,6
72.7781,-1.5444,0,0,0.26413,0,252.06,playing,6
72.7952,-1.5444,0,0,0.26413,0,255.56,playing,6
72.811,-1.5444,0,0,0.24134,0,259.14,playing,6
72.8267,-1.7416,0,0,0.24134,0,263.0,playing,6
72.8423,-1.7416,0,0,0.23659,0,267.15,playing,7
72.8589,-1.7416,0,0,0.23659,0,271.57,playing,7
72.8746,-1.6807,0,0,0.23263,0,276.28,playing,7
72.8916,-1.6807,0,0,0.23263,0,281.27,playing,7
72.9086,-1.6807,0,0,0.23263,0,286.89,playing,7
72.9253,-1.6807,0,0,0.25572,0,292.83,playing,7
72.9423,-1.6807,0,0,0.25572,0,299.08,playing,7
72.9589,-8.2654,0,0,0.2836,0,305.65,playing,7
72.9747,-7.5479,1,0,0.2836,0,312.12,playing,7
72.9907,-7.5479,0,0,0.19312,0,306.16,playing,7
73.0071,-1.7661,0,0,0.19312,0,300.48,playing,7
73.023,-1.7661,0,0,0.13605,0,295.09,playing,7
73.0391,-1.7661,0,0,0.13605,0,289.98,playing,7
73.0555,9.9647,0,0,0.1367,0,285.14,playing,7
73.0718,9.9647,0,0,0.1367,0,280.33,playing,7
73.0878,9.9647,0,0,0.15155,0,276.08,playing,7
73.1042,8.3545,0,0,0.15155,0,272.11,playing,7
73.1209,8.3545,0,0,0.19408,0,268.21,playing,7
73.1367,8.3545,0,0,0.19408,0,264.82,playing,7
73.1527,6.5573,0,0,0.18916,0,261.71,playing,7
73.1692,6.5573,0,0,0.18916,0,258.88,playing,7
73.1862,3.4606,0,0,0.1825,0,256.2,playing,7
73.2028,3.4606,0,0,0.1825,0,253.83,playing,7
73.2193,3.4606,0,0,0.19262,0,251.89,playing,7
73.2363,2.2282,0,0,0.19262,0,250.14,playing,7
73.2529,2.2282,0,0,0.19262,0,248.71,playing,7
73.2689,2.2282,0,0,0.22743,1,247.64,playing,7
73.2855,0.5609,0,0,0.22743,0,246.86,playing,7
73.3023,0.5609,0,0,0.2364,0,246.34,playing,7
73.3202,-0.2128,0,0,0.23217,0,246.15,playing,7
73.3367,-0.2128,0,0,0.23217,0,246.29,playing,7
73.3527,-0.2128,0,0,0.21031,0,246.71,playing,7
73.3685,-0.7247,0,0,0.21031,0,247.4,playing,7
73.3856,-0.7247,0,0,0.23207,0,248.38,playing,7
73.4027,-0.7247,0,0,0.23207,0,249.73,playing,7
73.419,-1.0293,0,0,0.228,0,251.4,playing,7
73.435,-1.0293,0,0,0.228,0,253.26,playing,7
73.4506,-1.0293,0,0,0.24521,0,255.4,playing,7
73.4676,-1.0293,0,0,0.24521,0,257.82,playing,7
73.4848,-1.0293,0,0,0.21811,0,260.71,playing,7
73.5009,-1.166,0,0,0.21811,0,263.91,playing,7
73.5168,-1.166,0,0,0.22377,0,267.21,playing,7
73.5332,-1.166,0,0,0.22377,0,270.79,playing,7
73.5492,-1.1398,0,0,0.2192,0,274.65,playing,7
73.5663,-1.1398,0,0,0.2192,0,279.08,playing,7
73.5832,-1.1398,0,0,0.27844,0,283.82,playing,7
73.6001,-1.4769,0,0,0.27844,0,288.87,playing,7
73.6176,-1.4769,0,0,0.27844,0,294.25,playing,7
73.6337,-8.1784,0,0,0.22769,0,299.94,playing,7
73.6498,-17.2009,1,0,0.22769,0,305.58,playing,7
73.6659,-17.2009,0,0,0.24154,0,299.62,playing,7
73.6814,-1.5475,0,0,0.24154,0,293.95,playing,7
73.6978,-1.5475,0,0,0.14078,0,288.55,playing,7
73.7139,-1.5475,0,0,0.14078,0,283.44,playing,7
73.7299,3.3908,0,0,0.15592,0,278.61,playing,7
73.7459,3.3908,0,0,0.15592,0,274.06,playing,7
73.7626,3.3908,0,0,0.1713,0,269.79,playing,7
73.7796,10.2109,0,0,0.1713,0,265.57,playing,7
73.7963,10.2109,0,0,0.12714,0,261.67,playing,7
73.8132,10.2109,0,0,0.12714,0,258.09,playing,7
73.8302,10.089,0,0,0.16791,0,254.82,playing,7
73.8467,10.089,0,0,0.19328,0,251.88,playing,7
73.8637,5.8955,0,0,0.19328,0,249.25,playing,7
73.88,5.8955,0,0,0.25,1,247.06,playing,7
73.8956,5.8955,0,0,0.25,0,245.15,playing,7
73.9113,3.7364,0,0,0.20596,0,243.52,playing,7
73.9277,3.7364,0,0,0.20596,0,242.17,playing,7
73.9443,3.7364,0,0,0.20596,0,241.1,playing,7
73.9616,1.188,0,0,0.22284,0,240.29,playing,7
73.9784,1.188,0,0,0.22284,0,239.79,playing,7
73.9953,0.4311,0,0,0.24595,0,239.62,playing,7
74.0118,0.4311,0,0,0.24595,0,239.75,playing,7
74.0274,0.4311,0,0,0.22703,0,240.17,playing,7
74.0442,-0.3445,0,0,0.22703,0,240.86,playing,7
74.0611,-0.3445,0,0,0.26484,0,241.92,playing,7
74.0786,-0.3445,0,0,0.26484,0,243.29,playing,7
74.0955,-0.8263,0,0,0.23209,0,244.98,playing,7
74.1121,-0.8263,0,0,0.23209,0,246.99,playing,7
74.1285,-0.9588,0,0,0.25944,0,249.32,playing,7
74.1446,-1.2476,0,0,0.25944,0,251.79,playing,7
74.1612,-1.2476,0,0,0.2455,0,254.55,playing,7
74.1785,-1.0445,0,0,0.2455,0,257.79,playing,7
74.1954,-1.0445,0,0,0.25049,0,261.35,playing,7
74.2122,-1.0445,0,0,0.25049,0,265.23,playing,7
74.2289,-1.3382,0,0,0.224,0,269.16,playing,7
74.2446,-1.3382,0,0,0.224,0,273.66,playing,7
74.2607,-1.3382,0,0,0.23176,0,278.17,playing,7
74.2765,-3.0942,0,0,0.23176,0,282.97,playing,7
74.2928,-3.0942,0,0,0.2373,0,288.04,playing,7
74.3094,-7.8182,1,0,0.2373,0,293.4,playing,7
74.3259,-7.8182,0,0,0.2373,0,287.09,playing,7
74.3419,-7.8182,0,0,0.23801,0,281.43,playing,7
74.3578,-4.736,0,0,0.23801,0,276.05,playing,7
74.3744,-4.736,0,0,0.1776,0,270.96,playing,7
74.3909,-4.736,0,0,0.1776,0,265.86,playing,7
74.4071,9.9301,0,0,0.17257,0,261.35,playing,7
74.4231,9.9301,0,0,0.17257,0,257.11,playing,7
74.4398,9.9301,0,0,0.14113,0,252.93,playing,7
74.4564,8.2067,0,0,0.14113,0,249.28,playing,7
74.4729,8.2067,0,0,0.15936,0,245.72,playing,7
74.4884,6.2971,0,0,0.1884,0,242.64,playing,7
74.5051,6.2971,0,0,0.1884,0,239.85,playing,7
74.5212,6.2971,0,0,0.20824,1,237.35,playing,7
74.5382,2.589,0,0,0.20824,0,235.0,playing,7
74.5548,2.589,0,0,0.22307,0,232.97,playing,7
74.5708,2.589,0,0,0.22307,0,231.34,playing,7
74.5869,1.2153,0,0,0.25884,0,229.99,playing,7
74.6029,1.2153,0,0,0.25884,0,228.93,playing,7
74.619,1.2153,0,0,0.21489,0,228.14,playing,7
74.635,-0.4924,0,0,0.21489,0,227.64,playing,7
74.6512,-0.4924,0,0,0.21489,0,227.42,playing,7
74.6667,-0.4924,0,0,0.21489,0,227.48,playing,7
74.6834,-1.5872,0,0,0.21489,0,227.82,playing,7
74.7004,-1.5872,0,0,0.21489,0,228.5,playing,8
74.717,-1.5872,0,0,0.26943,0,229.5,playing,8
74.7341,-1.5872,0,0,0.24984,0,230.82,playing,8
74.7497,-1.5872,0,0,0.24984,0,232.34,playing,8
74.766,-1.6736,0,0,0.22455,0,234.15,playing,8
74.782,-1.6736,0,0,0.22455,0,236.23,playing,8
74.7979,-1.6736,0,0,0.27295,0,238.6,playing,8
74.8133,-1.6446,0,0,0.27295,0,241.24,playing,8
74.8303,-1.6446,0,0,0.2381,0,244.17,playing,8
74.847,-1.6446,0,0,0.2381,0,247.61,playing,8
74.8631,-1.5791,0,0,0.22711,0,251.12,playing,8
74.8798,-1.5791,0,0,0.22711,0,255.16,playing,8
74.8964,-1.4603,0,0,0.2601,0,259.25,playing,8
74.9133,-1.4603,0,0,0.2601,0,263.92,playing,8
74.9304,-1.4603,0,0,0.22408,0,268.9,playing,8
74.947,-16.9515,1,0,0.22408,0,274.2,playing,8
74.9632,-16.9515,0,0,0.24521,0,268.24,playing,8
74.9805,-16.9515,0,0,0.24521,0,262.23,playing,8
74.9975,-16.9515,0,0,0.14753,0,256.54,playing,8
75.0143,-16.9515,0,0,0.14753,0,251.16,playing,8
75.0307,-16.9515,0,0,0.14753,0,246.1,playing,8
75.0468,-16.9515,0,0,0.17265,0,241.62,playing,8
75.0632,-16.9515,0,0,0.17265,0,237.42,playing,8
75.0804,12.7417,0,0,0.17265,0,233.28,playing,8
75.0974,12.7417,0,0,0.11261,0,229.45,playing,8
75.1135,12.7417,0,0,0.11261,0,225.95,playing,8
75.1303,10.0374,0,0,0.11261,0,222.93,playing,8
75.1473,10.0374,0,0,0.11976,0,220.04,playing,8
75.1641,7.4549,0,0,0.11976,0,217.47,playing,8
75.18,4.7778,0,0,0.16861,0,215.33,playing,8
75.196,4.7778,0,0,0.16861,0,213.47,playing,8
75.2131,2.8173,0,0,0.16861,0,211.89,playing,8
75.229,2.8173,0,0,0.18689,0,210.54,playing,8
75.245,2.8173,0,0,0.18689,0,209.54,playing,8
75.2614,1.4677,0,0,0.20886,1,208.83,playing,8
75.2778,1.4677,0,0,0.20886,0,208.39,playing,8
75.2937,1.4677,0,0,0.184,0,208.25,playing,8
75.3093,-0.4954,0,0,0.184,0,208.4,playing,8
75.3264,-0.4954,0,0,0.2044,0,208.83,playing,8
75.3425,-0.4954,0,0,0.2044,0,209.61,playing,8
75.3585,-0.4954,0,0,0.23199,0,210.62,playing,8
75.3754,-0.4954,0,0,0.23199,0,211.91,playing,8
75.3921,-1.9239,0,0,0.23199,0,213.6,playing,8
75.4081,-1.9239,0,0,0.23199,0,215.48,playing,8
75.4239,-1.9239,0,0,0.23199,0,217.63,playing,8
75.4398,-1.9725,0,0,0.24984,0,220.07,playing,8
75.4557,-1.9725,0,0,0.24984,0,222.79,playing,8
75.4723,-1.9725,0,0,0.24984,0,225.79,playing,8
75.4892,-1.3837,0,0,0.23702,0,229.29,playing,8
75.5061,-1.3837,0,0,0.23702,0,233.12,playing,8
75.5222,-1.3837,0,0,0.23139,0,237.0,playing,8
75.5389,-2.0681,0,0,0.23139,0,241.44,playing,8
75.5547,-2.0681,0,0,0.23207,0,245.9,playing,8
75.5714,-1.4492,0,0,0.23207,0,250.64,playing,8
75.5882,-1.4492,0,0,0.23207,0,256.0,playing,8
75.6054,-1.4492,0,0,0.24092,0,261.67,playing,8
75.6225,-1.2402,0,0,0.24092,0,267.66,playing,8
75.6388,-1.2402,0,0,0.25983,0,273.97,playing,8
75.6557,-1.2402,0,0,0.25983,0,280.2,playing,8
75.6717,-9.0417,0,0,0.25983,0,287.12,playing,8
75.689,-9.0417,0,0,0.25876,0,294.37,playing,8
75.7055,-16.9008,1,0,0.25876,0,301.47,playing,8
75.7216,-16.9008,0,0,0.28752,0,295.16,playing,8
75.738,-16.9008,0,0,0.28752,0,289.5,playing,8
75.7534,-4.6458,0,0,0.21369,0,284.12,playing,8
75.7696,-4.6458,0,0,0.21369,0,279.02,playing,8
75.7861,-4.6458,0,0,0.21369,0,274.21,playing,8
75.8027,-0.7161,0,0,0.1522,0,269.68,playing,8
75.8193,-0.7161,0,0,0.1522,0,265.18,playing,8
75.8362,-0.7161,0,0,0.13081,0,261.0,playing,8
75.8525,14.3741,0,0,0.13081,0,257.14,playing,8
75.8687,14.3741,0,0,0.13081,0,253.78,playing,8
75.8848,12.5915,0,0,0.12947,0,250.71,playing,8
75.9016,12.5915,0,0,0.12947,0,247.92,playing,8
75.9185,12.5915,0,0,0.17278,0,245.27,playing,8
75.9349,9.3268,0,0,0.17278,0,242.94,playing,8
75.951,9.3268,0,0,0.17278,0,241.03,playing,8
75.9671,9.3268,0,0,0.14063,0,239.4,playing,8
75.983,7.073,0,0,0.14063,0,238.06,playing,8
75.9987,7.073,0,0,0.2,0,236.99,playing,8
76.0148,7.073,0,0,0.2,0,236.21,playing,8
76.0314,2.6302,0,0,0.1996,0,235.71,playing,8
76.0482,2.6302,0,0,0.1996,0,235.49,playing,8
76.0655,0.0194,0,0,0.24521,1,235.59,playing,8
76.0827,0.0194,0,0,0.24521,0,236.01,playing,8
76.0987,0.0194,0,0,0.24521,0,236.75,playing,8
76.1152,-0.828,0,0,0.24521,0,237.73,playing,8
76.1322,-0.828,0,0,0.24521,0,239.08,playing,8
76.1488,-0.828,0,0,0.26285,0,240.75,playing,8
76.1647,-1.4139,0,0,0.26285,0,242.61,playing,8
76.1805,-1.4139,0,0,0.21065,0,244.75,playing,8
76.1966,-1.4139,0,0,0.21065,0,247.17,playing,8
76.2133,-1.8908,0,0,0.21065,0,249.87,playing,8
76.2302,-1.8908,0,0,0.22703,0,253.05,playing,8
76.2472,-2.1966,0,0,0.22703,0,256.56,playing,8
76.2641,-2.1966,0,0,0.25125,0,260.38,playing,8
76.2798,-2.1966,0,0,0.25125,0,264.26,playing,8
76.2967,-4.1358,0,0,0.25125,0,268.42,playing,8
76.3132,-4.1358,0,0,0.20603,0,273.16,playing,8
76.3288,-4.1358,0,0,0.20603,0,277.91,playing,8
76.3453,-18.2583,1,0,0.23596,0,282.93,playing,8
76.3618,-18.2583,0,0,0.23596,0,276.62,playing,8
76.3783,-9.9435,0,0,0.241,0,270.96,playing,8
76.3951,-9.9435,0,0,0.241,0,265.26,playing,8
76.4112,-9.9435,0,0,0.144,0,260.19,playing,8
76.4284,-4.3316,0,0,0.144,0,255.11,playing,8
76.4449,-4.3316,0,0,0.144,0,250.35,playing,8
76.4617,-4.3316,0,0,0.13327,0,246.15,playing,8
76.4784,10.4629,0,0,0.13327,0,242.01,playing,8
76.4955,10.4629,0,0,0.15017,0,238.18,playing,8
76.5122,10.4629,0,0,0.15017,0,234.67,playing,8
76.5291,11.1115,0,0,0.15017,0,231.49,playing,8
76.546,11.1115,0,0,0.12928,0,228.61,playing,9
76.5621,8.1309,0,0,0.12928,0,226.19,playing,9
76.5782,8.1309,0,0,0.14485,0,224.05,playing,9
76.5956,8.1309,0,0,0.14485,0,222.1,playing,9
76.6124,5.1629,0,0,0.14485,0,220.46,playing,9
76.6287,5.1629,0,0,0.17063,0,219.14,playing,9
76.6454,5.1629,0,0,0.17063,0,218.18,playing,9
76.6613,1.4008,0,0,0.19539,0,217.48,playing,9
76.6782,1.4008,0,0,0.19539,0,217.1,playing,9
76.6954,0.0646,0,0,0.19539,0,217.02,playing,9
76.7132,0.0646,0,0,0.23179,1,217.25,playing,9
76.7296,0.0646,0,0,0.23179,0,217.85,playing,9
76.7453,-0.9944,0,0,0.23179,0,218.67,playing,9
76.7619,-0.9944,0,0,0.1941,0,219.77,playing,9
76.7786,-0.9944,0,0,0.1941,0,221.15,playing,9
76.7947,-1.5393,0,0,0.19684,0,222.93,playing,9
76.8104,-1.5393,0,0,0.19684,0,224.9,playing,9
76.8266,-1.5393,0,0,0.19684,0,227.14,playing,9
76.8429,-1.571,0,0,0.19684,0,229.66,playing,9
76.859,-1.571,0,0,0.19684,0,232.47,playing,9
76.8745,-1.6756,0,0,0.19704,0,235.56,playing,9
76.8911,-1.6756,0,0,0.19704,0,238.93,playing,9
76.9073,-1.6756,0,0,0.19704,0,242.58,playing,9
76.9237,-1.6756,0,0,0.23596,0,246.78,playing,9
76.94,-1.6756,0,0,0.23596,0,251.01,playing,9
76.9561,-1.6756,0,0,0.25932,0,255.52,playing,9
76.9717,-1.7751,0,0,0.25932,0,260.32,playing,9
76.9879,-1.7751,0,0,0.23629,0,265.39,playing,9
77.004,-1.7751,0,0,0.23629,0,270.75,playing,9
77.0207,-10.7154,0,0,0.23629,0,276.39,playing,9
77.037,-10.7154,0,0,0.23644,0,282.7,playing,9
77.0526,-17.4343,1,0,0.23644,0,288.92,playing,9
77.0689,-17.4343,0,0,0.24521,0,282.97,playing,9
77.0851,-17.4343,0,0,0.24521,0,277.29,playing,9
77.1014,-1.944,0,0,0.24521,0,271.89,playing,9
77.1189,-1.944,0,0,0.14774,0,266.48,playing,9
77.1351,-1.944,0,0,0.14774,0,261.38,playing,9
77.1512,1.4288,0,0,0.14774,0,256.87,playing,9
77.1682,1.4288,0,0,0.14774,0,252.39,playing,9
77.1847,1.4288,0,0,0.12844,0,248.23,playing,9
77.2015,11.2741,0,0,0.12844,0,244.59,playing,9
77.218,11.2741,0,0,0.12844,0,241.05,playing,9
77.2336,12.8742,0,0,0.13155,0,237.99,playing,9
77.2496,10.362,0,0,0.13155,0,235.22,playing,9
77.2657,10.362,0,0,0.17234,0,232.73,playing,9
77.2821,7.1223,0,0,0.17234,0,230.52,playing,9
77.298,7.1223,0,0,0.17234,0,228.59,playing,9
77.3136,7.1223,0,0,0.13455,0,226.94,playing,9
77.3296,2.294,0,0,0.13455,0,225.58,playing,9
77.3457,2.294,0,0,0.16819,0,224.5,playing,9
77.3618,2.294,0,0,0.16819,0,223.69,playing,9
77.3781,1.2037,0,0,0.16819,0,223.17,playing,9
77.3949,1.2037,0,0,0.16819,0,222.94,playing,9
77.4114,1.2037,0,0,0.16246,0,223.02,playing,9
77.4283,-1.102,0,0,0.16246,0,223.38,playing,9
77.4444,-1.102,0,0,0.16246,0,224.08,playing,9
77.4614,-1.191,0,0,0.15616,0,225.02,playing,9
77.4786,-1.191,0,0,0.15616,0,226.34,playing,9
77.4955,-1.191,0,0,0.21914,1,227.98,playing,9
77.5121,-1.3521,0,0,0.21914,0,229.93,playing,9
77.5285,-1.3521,0,0,0.21914,0,232.05,playing,9
77.5448,-1.3521,0,0,0.243,0,234.62,playing,9
77.561,-1.3646,0,0,0.243,0,237.32,playing,9
77.5767,-1.3646,0,0,0.25125,0,240.3,playing,9
77.5934,-1.4793,0,0,0.25125,0,243.57,playing,9
77.6107,-1.4793,0,0,0.25446,0,247.35,playing,9
77.6269,-1.4793,0,0,0.25446,0,251.46,playing,9
77.6425,-6.5157,0,0,0.25446,0,255.6,playing,9
77.6596,-6.5157,0,0,0.23155,0,260.03,playing,9
77.6763,-6.5157,0,0,0.23155,0,265.05,playing,9
77.6924,-18.0082,1,0,0.24554,0,270.39,playing,9
77.7086,-18.0082,0,0,0.24554,0,264.43,playing,9
77.7247,-18.0082,0,0,0.22261,0,258.75,playing,9
77.7408,-5.9245,0,0,0.22261,0,253.36,playing,9
77.7564,-5.9245,0,0,0.22261,0,248.24,playing,9
77.7735,1.2318,0,0,0.18953,0,243.41,playing,9
77.7902,1.2318,0,0,0.18953,0,238.59,playing,9
77.8071,1.2318,0,0,0.14078,0,234.1,playing,9
77.8225,10.7722,0,0,0.14078,0,230.14,playing,9
77.84,10.7722,0,0,0.14078,0,226.47,playing,9
77.8574,10.7722,0,0,0.13422,0,222.7,playing,9
77.8742,13.4445,0,0,0.13422,0,219.45,playing,9
77.8906,13.4445,0,0,0.13829,0,216.53,playing,9
77.9076,13.4445,0,0,0.13829,0,214.05,playing,9
77.9236,8.5066,0,0,0.15229,0,211.74,playing,9
77.9401,8.5066,0,0,0.15229,0,209.85,playing,9
77.9563,3.998,0,0,0.13942,0,208.24,playing,9
77.9732,3.998,0,0,0.13942,0,206.85,playing,9
77.9914,3.998,0,0,0.13942,0,205.77,playing,9
78.0073,2.6618,0,0,0.15698,0,204.99,playing,9
78.0244,2.6618,0,0,0.15698,0,204.57,playing,9
78.0415,2.6618,0,0,0.16732,0,204.45,playing,9
78.0582,1.1937,0,0,0.16732,0,204.65,playing,9
78.0745,1.1937,0,0,0.22785,1,205.16,playing,9
78.0913,-1.0915,0,0,0.22785,0,205.92,playing,9
78.1081,-1.0915,0,0,0.22785,0,207.05,playing,9
78.1238,-1.0915,0,0,0.21778,0,208.4,playing,9
78.1401,-1.2574,0,0,0.21778,0,210.03,playing,9
78.1557,-1.2574,0,0,0.23337,0,211.94,playing,9
78.1715,-1.2574,0,0,0.23337,0,214.13,playing,9
78.188,-1.9226,0,0,0.23337,0,216.6,playing,9
78.2041,-1.9226,0,0,0.22247,0,219.35,playing,9
78.2211,-1.9226,0,0,0.24467,0,222.6,playing,9
78.2368,-2.8014,0,0,0.24467,0,225.93,playing,9
78.2529,-2.8014,0,0,0.27844,0,229.55,playing,9
78.2688,-2.5952,0,0,0.27844,0,233.44,playing,9
78.2846,-2.5952,0,0,0.28156,0,237.62,playing,9
78.3008,-2.5952,0,0,0.28156,0,242.08,playing,9
78.3171,-2.3499,0,0,0.23199,0,246.83,playing,9
78.333,-2.3499,0,0,0.23199,0,251.85,playing,9
78.3492,-2.3499,0,0,0.24594,0,257.16,playing,9
78.3663,-2.1092,0,0,0.24594,0,263.11,playing,9
78.383,-2.1092,0,0,0.26726,0,269.38,playing,9
78.4004,-2.1092,0,0,0.26726,0,275.97,playing,10
78.4171,-17.5916,1,0,0.23199,0,282.88,playing,10
78.4334,-17.5916,0,0,0.23199,0,276.92,playing,10
78.4497,-14.2824,0,0,0.26891,0,270.91,playing,10
78.4658,-14.2824,0,0,0.26891,0,265.53,playing,10
78.4822,-14.2824,0,0,0.16861,0,260.44,playing,10
78.4989,-7.8866,0,0,0.16861,0,255.34,playing,10
78.5149,-7.8866,0,0,0.16861,0,250.83,playing,10
78.5311,-7.8866,0,0,0.1424,0,246.59,playing,10
78.5485,9.1828,0,0,0.1424,0,242.41,playing,10
78.5647,9.1828,0,0,0.15338,0,238.55,playing,10
78.5806,9.1828,0,0,0.15338,0,235.2,playing,10
78.5965,11.9884,0,0,0.15213,0,232.12,playing,10
78.6131,11.9884,0,0,0.15213,0,229.33,playing,10
78.6301,8.2766,0,0,0.15918,0,226.69,playing,10
78.6474,8.2766,0,0,0.20691,1,224.36,playing,10
78.6644,8.2766,0,0,0.20691,0,222.35,playing,10
78.682,6.035,0,0,0.21259,0,220.65,playing,10
78.6978,6.035,0,0,0.21259,0,219.28,playing,10
78.7136,6.035,0,0,0.21673,0,218.27,playing,10
78.7302,3.9317,0,0,0.21673,0,217.53,playing,10
78.7471,3.9317,0,0,0.24624,0,217.08,playing,10
78.7626,2.6236,0,0,0.24624,0,216.92,playing,10
78.7788,1.2578,0,0,0.22711,0,217.06,playing,10
78.7949,1.2578,0,0,0.22711,0,217.47,playing,10
78.8108,1.2578,0,0,0.24991,0,218.16,playing,10
78.8271,1.2578,0,0,0.24991,0,219.14,playing,10
78.8432,1.2578,0,0,0.26849,0,220.4,playing,10
78.8599,-0.0097,0,0,0.26849,0,222.05,playing,10
78.8761,-0.0097,0,0,0.26849,0,223.89,playing,10
78.8935,-0.0097,0,0,0.24141,0,226.16,playing,10
78.9097,-1.0953,0,0,0.24141,0,228.75,playing,10
78.9258,-1.0953,0,0,0.27728,0,231.47,playing,10
78.9416,-1.0953,0,0,0.27728,0,234.47,playing,10
78.9584,-1.6383,0,0,0.25454,0,237.75,playing,10
78.9755,-1.6383,0,0,0.25454,0,241.55,playing,10
78.9923,-2.308,0,0,0.24166,0,245.68,playing,10
79.0091,-2.308,0,0,0.24166,0,250.12,playing,10
79.0262,-2.308,0,0,0.25576,0,254.88,playing,10
79.0432,-2.2794,0,0,0.25576,0,259.95,playing,10
79.0605,-2.2794,0,0,0.25885,0,265.35,playing,10
79.0766,-2.2794,0,0,0.25885,0,271.06,playing,10
79.093,-2.4645,0,0,0.27669,0,276.72,playing,10
79.1086,-2.4645,0,0,0.27669,0,282.65,playing,10
79.125,-19.2176,1,0,0.22876,0,288.88,playing,10
79.1414,-19.2176,0,0,0.22876,0,282.92,playing,10
79.1582,-19.2176,0,0,0.19772,0,276.9,playing,10
79.1753,-19.2176,0,0,0.14141,0,271.21,playing,10
79.192,-19.2176,0,0,0.14141,0,265.83,playing,10
79.2077,-19.2176,0,0,0.14141,0,261.05,playing,10
79.2243,-6.9349,0,0,0.18037,0,256.56,playing,10
79.2411,-6.9349,0,0,0.18037,0,252.09,playing,10
79.2569,-6.9349,0,0,0.14482,0,248.18,playing,10
79.2729,12.5401,0,0,0.14482,0,244.54,playing,10
79.289,12.5401,0,0,0.14261,0,241.19,playing,10
79.3051,10.5927,0,0,0.14261,0,238.12,playing,10
79.3217,10.5927,0,0,0.14261,0,235.33,playing,10
79.3384,10.5927,0,0,0.13422,0,232.68,playing,10
79.3552,7.8401,0,0,0.21358,1,230.35,playing,10
79.3719,7.8401,0,0,0.21358,0,228.34,playing,10
79.3881,7.8401,0,0,0.18597,0,226.73,playing,10
79.4045,3.4163,0,0,0.18597,0,225.4,playing,10
79.4212,3.4163,0,0,0.18826,0,224.3,playing,10
79.4379,3.4163,0,0,0.18826,0,223.53,playing,10
79.4537,1.9134,0,0,0.2492,0,223.08,playing,10
79.4703,1.9134,0,0,0.2492,0,222.91,playing,10
79.4869,0.4148,0,0,0.25941,0,223.05,playing,10
79.5025,0.4148,0,0,0.25941,0,223.46,playing,10
79.5193,0.4148,0,0,0.23355,0,224.16,playing,10
79.5354,-1.0389,0,0,0.23355,0,225.21,playing,10
79.5524,-1.0389,0,0,0.26413,0,226.49,playing,10
79.569,-1.0389,0,0,0.26413,0,228.16,playing,10
79.585,-1.1264,0,0,0.26413,0,230.02,playing,10
79.6007,-1.1264,0,0,0.24532,0,232.15,playing,10
79.6168,-1.1264,0,0,0.24532,0,234.57,playing,10
79.6333,-1.6572,0,0,0.25047,0,237.27,playing,10
79.65,-1.6572,0,0,0.25047,0,240.46,playing,10
79.6657,-12.905,1,0,0.24562,0,243.74,playing,10
79.6818,-12.905,0,0,0.24562,0,237.78,playing,10
79.6985,-12.905,0,0,0.27264,0,232.11,playing,10
79.7148,-17.4879,0,0,0.27264,0,226.39,playing,10
79.7311,-17.4879,0,0,0.17992,0,221.3,playing,10
79.7472,-17.4879,0,0,0.17992,0,216.48,playing,10
79.7641,-17.4879,0,0,0.15245,0,211.69,playing,10
79.7802,-17.4879,0,0,0.15245,0,207.45,playing,10
79.7966,-17.4879,0,0,0.12723,0,203.27,playing,10
79.8131,-5.293,0,0,0.12723,0,199.62,playing,10
79.8291,-5.293,0,0,0.18272,0,196.25,playing,10
79.8447,12.1661,0,0,0.18272,0,193.16,playing,10
79.8612,10.3601,0,0,0.14639,0,190.35,playing,10
79.878,10.3601,0,0,0.15418,0,187.68,playing,10
79.8935,8.0573,0,0,0.15418,0,185.46,playing,10
79.91,8.0573,0,0,0.15418,0,183.51,playing,10
79.9262,8.0573,0,0,0.15418,0,181.85,playing,10
79.943,5.5453,0,0,0.19704,0,180.4,playing,10
79.9587,5.5453,0,0,0.19704,0,179.31,playing,10
79.9748,5.5453,0,0,0.18954,0,178.51,playing,10
79.9908,2.571,0,0,0.18954,0,177.99,playing,10
80.007,2.571,0,0,0.23998,1,177.75,playing,10
80.0229,2.571,0,0,0.2271,0,177.8,playing,10
80.0387,2.571,0,0,0.2271,0,178.12,playing,10
80.0548,2.571,0,0,0.24678,0,178.73,playing,10
80.0705,-0.0597,0,0,0.24678,0,179.62,playing,10
80.0869,-0.5898,0,0,0.24678,0,180.79,playing,10
80.103,-0.5898,0,0,0.26786,0,182.24,playing,10
80.119,-0.5898,0,0,0.26786,0,183.97,playing,10
80.1362,-0.5898,0,0,0.25985,0,186.13,playing,10
80.1522,-0.5898,0,0,0.23242,0,188.44,playing,10
80.169,-1.6779,0,0,0.23242,0,191.22,playing,10
80.1849,-1.6779,0,0,0.26777,0,194.11,playing,10
80.2007,-1.6779,0,0,0.26777,0,197.29,playing,10
80.2169,-1.4297,0,0,0.23596,0,200.75,playing,10
80.233,-1.4297,0,0,0.23596,0,204.49,playing,10
80.2486,-1.6971,0,0,0.25063,0,208.51,playing,10
80.2652,-1.6971,0,0,0.25063,0,212.81,playing,11
80.2811,-1.6971,0,0,0.25063,0,217.39,playing,11
80.2979,-2.0713,0,0,0.23629,0,222.58,playing,11
80.3136,-2.0713,0,0,0.23629,0,227.75,playing,11
80.3311,-2.0713,0,0,0.24984,0,233.19,playing,11
80.3472,-15.7102,1,0,0.24984,0,239.3,playing,11
80.3635,-15.7102,0,0,0.26899,0,233.34,playing,11
80.3795,-15.7102,0,0,0.26899,0,227.33,playing,11
80.3953,-15.1972,0,0,0.17805,0,221.95,playing,11
80.4119,-15.1972,0,0,0.17805,0,216.85,playing,11
80.4284,-9.5767,0,0,0.16119,0,212.04,playing,11
80.4449,-3.6543,0,0,0.16119,0,207.24,playing,11
80.4616,-3.6543,0,0,0.16102,0,203.01,playing,11
80.4786,11.2958,0,0,0.16102,0,198.83,playing,11
80.4949,11.2958,0,0,0.15563,0,194.96,playing,11
80.5105,11.2958,0,0,0.15563,0,191.61,playing,11
80.5265,11.2958,0,0,0.18917,0,188.54,playing,11
80.5437,11.2958,0,0,0.18917,0,185.75,playing,11
80.5599,11.2958,0,0,0.16396,0,183.1,playing,11
80.576,8.7262,0,0,0.16396,0,180.89,playing,11
80.5922,8.7262,0,0,0.16479,0,178.96,playing,11
80.6089,5.629,0,0,0.16479,0,177.23,playing,11
80.6252,5.629,0,0,0.16479,0,175.89,playing,11
80.642,5.629,0,0,0.16843,0,174.77,playing,11
80.6581,1.0622,0,0,0.16843,0,174.01,playing,11
80.6743,1.0622,0,0,0.16843,0,173.52,playing,11
80.691,1.0622,0,0,0.16843,0,173.32,playing,11
80.7067,0.1888,0,0,0.21415,1,173.42,playing,11
80.7234,0.1888,0,0,0.21415,0,173.8,playing,11
80.7396,0.1888,0,0,0.21277,0,174.52,playing,11
80.7562,-0.7483,0,0,0.21277,0,175.48,playing,11
80.7717,-0.7483,0,0,0.25049,0,176.72,playing,11
80.7884,-1.1507,0,0,0.25049,0,178.24,playing,11
80.8045,-1.1507,0,0,0.25446,0,180.17,playing,11
80.8213,-1.1507,0,0,0.25446,0,182.27,playing,11
80.8376,-1.5584,0,0,0.22348,0,184.83,playing,11
80.8546,-1.5584,0,0,0.22348,0,187.51,playing,11
80.8722,-1.5584,0,0,0.25016,0,190.88,playing,11
80.8882,-1.195,0,0,0.2496,0,194.17,playing,11
80.9049,-1.195,0,0,0.2496,0,197.97,playing,11
80.9206,-1.195,0,0,0.23176,0,201.83,playing,11
80.9372,-1.6873,0,0,0.23176,0,205.98,playing,11
80.9542,-1.6873,0,0,0.23209,0,210.7,playing,11
80.9714,-1.4512,0,0,0.23209,0,215.74,playing,11
80.9884,-1.4512,0,0,0.23209,0,221.09,playing,11
81.0056,-1.4512,0,0,0.24625,0,226.77,playing,11
81.0216,-1.7119,0,0,0.24625,0,232.76,playing,11
81.0382,-1.7119,0,0,0.23155,0,238.68,playing,11
81.0553,-1.7119,0,0,0.23155,0,245.29,playing,11
81.0719,-1.3023,0,0,0.23155,0,252.22,playing,11
81.0885,-1.3023,0,0,0.23155,0,259.02,playing,11
81.105,-1.3023,0,0,0.25047,0,266.57,playing,11
81.1212,-1.3023,0,0,0.25047,0,273.95,playing,11
81.1373,-1.3023,0,0,0.25446,0,281.61,playing,11
81.1541,-2.536,0,0,0.25446,0,290.07,playing,11
81.1697,-2.536,0,0,0.23395,0,298.32,playing,11
81.1855,-2.536,0,0,0.23395,0,306.84,playing,11
81.2022,-11.69,1,0,0.24527,0,315.65,playing,11
81.2187,-11.69,0,0,0.24527,0,309.34,playing,11
81.2353,-11.69,0,0,0.15925,0,303.68,playing,11
81.2519,-6.1257,0,0,0.15925,0,297.99,playing,11
81.268,-6.1257,0,0,0.14356,0,292.91,playing,11
81.2841,1.3031,0,0,0.14356,0,288.11,playing,11
81.2997,1.3031,0,0,0.13511,0,283.6,playing,11
81.3165,1.3031,0,0,0.13511,0,279.36,playing,11
81.3332,14.4275,0,0,0.13511,0,275.18,playing,11
81.3496,14.4275,0,0,0.15789,0,271.32,playing,11
81.3666,14.4275,0,0,0.15789,0,267.97,playing,11
81.3827,11.4474,0,0,0.15789,0,264.72,playing,11
81.3991,11.4474,0,0,0.14078,0,261.95,playing,11
81.4166,11.4474,0,0,0.14078,0,259.32,playing,11
81.4333,5.142,0,0,0.11442,0,257.01,playing,11
81.4502,5.142,0,0,0.16157,0,255.02,playing,11
81.467,2.9566,0,0,0.16157,0,253.34,playing,11
81.4827,2.9566,0,0,0.16157,0,252.05,playing,11
81.4992,2.9566,0,0,0.20454,0,251.03,playing,11
81.5158,1.3957,0,0,0.20454,0,250.28,playing,11
81.5317,1.3957,0,0,0.21335,1,249.84,playing,11
81.5474,1.3957,0,0,0.21335,0,249.69,playing,11
81.5642,-0.6809,0,0,0.24597,0,249.83,playing,11
81.58,-0.6809,0,0,0.24597,0,250.24,playing,11
81.5959,-0.6809,0,0,0.23735,0,250.93,playing,11
81.6119,-1.2807,0,0,0.23735,0,251.91,playing,11
81.6276,-1.2807,0,0,0.24092,0,253.17,playing,11
81.6445,-1.2807,0,0,0.24092,0,254.71,playing,11
81.661,-1.2807,0,0,0.2278,0,256.66,playing,11
81.6772,-1.2807,0,0,0.2278,0,258.78,playing,11
81.6939,-1.9457,0,0,0.2278,0,261.35,playing,11
81.7097,-1.9457,0,0,0.24099,0,264.05,playing,11
81.7258,-1.9457,0,0,0.24099,0,267.03,playing,11
81.7422,-1.551,0,0,0.2456,0,270.3,playing,11
81.7591,-1.551,0,0,0.2456,0,274.08,playing,11
81.7748,-1.551,0,0,0.25455,0,277.93,playing,11
81.7904,-1.551,0,0,0.25455,0,282.05,playing,11
81.807,-1.551,0,0,0.23659,0,286.46,playing,11
81.8225,-1.551,0,0,0.23659,0,291.15,playing,11
81.8387,-8.7575,0,0,0.20811,0,296.12,playing,11
81.8553,-8.7575,0,0,0.20811,0,301.37,playing,11
81.8721,-11.8985,1,0,0.20811,0,307.27,playing,11
81.8884,-11.8985,0,0,0.20811,0,301.32,playing,11
81.9052,-11.8985,0,0,0.12556,0,295.3,playing,11
81.9207,-6.5909,0,0,0.12556,0,289.92,playing,11
81.9363,-6.5909,0,0,0.16433,0,284.83,playing,11
81.9525,-6.5909,0,0,0.16433,0,280.01,playing,11
81.9686,13.5604,0,0,0.14166,0,275.48,playing,11
81.9846,13.5604,0,0,0.14166,0,271.23,playing,11
82.0011,13.5604,0,0,0.1422,0,267.26,playing,11
82.0166,11.9117,0,0,0.1422,0,263.57,playing,11
82.0336,11.9117,0,0,0.1422,0,260.17,playing,11
82.0498,9.0435,0,0,0.1398,0,256.86,playing,11
82.0654,9.0435,0,0,0.1398,0,254.04,playing,11
82.0816,9.0435,0,0,0.1398,0,251.5,playing,11
82.0977,4.3732,0,0,0.16126,0,249.23,playing,12
82.1142,4.3732,0,0,0.16126,0,247.25,playing,12
82.1304,4.3732,0,0,0.17337,0,245.47,playing,12
82.1472,2.697,0,0,0.20591,1,244.07,playing,12
82.1642,2.697,0,0,0.20591,0,242.9,playing,12
82.1813,2.697,0,0,0.19797,0,242.04,playing,12
82.1978,0.6076,0,0,0.19797,0,241.51,playing,12
82.2145,0.6076,0,0,0.24107,0,241.29,playing,12
82.2315,-0.3473,0,0,0.24107,0,241.37,playing,12
82.2476,-0.3473,0,0,0.22307,0,241.77,playing,12
82.2642,-0.3473,0,0,0.22307,0,242.43,playing,12
82.2813,-1.2266,0,0,0.22307,0,243.45,playing,12
82.2983,-1.2266,0,0,0.22307,0,244.79,playing,12
82.3154,-1.2266,0,0,0.24992,0,246.44,playing,12
82.332,-2.0045,0,0,0.24992,0,248.41,playing,12
82.3485,-2.0045,0,0,0.24992,0,250.55,playing,12
82.3651,-2.1499,0,0,0.237,0,253.14,playing,12
82.3819,-2.1499,0,0,0.237,0,256.05,playing,12
82.3985,-2.1499,0,0,0.21811,0,259.07,playing,12
82.4156,-2.7641,0,0,0.21811,0,262.59,playing,12
82.4319,-2.7641,0,0,0.21811,0,266.43,playing,12
82.4476,-2.7641,0,0,0.21811,0,270.33,playing,12
82.4637,-2.1219,0,0,0.21811,0,274.51,playing,12
82.4798,-2.1219,0,0,0.23273,0,278.97,playing,12
82.4959,-2.1219,0,0,0.23273,0,283.71,playing,12
82.512,-5.1208,0,0,0.23273,0,288.74,playing,12
82.5289,-5.1208,0,0,0.21415,0,294.39,playing,12
82.5445,-18.5971,1,0,0.21415,0,300.0,playing,12
82.5614,-12.5554,0,0,0.21365,0,294.04,playing,12
82.5779,-12.5554,0,0,0.21365,0,288.02,playing,12
82.594,-12.5554,0,0,0.2286,0,282.65,playing,12
82.6096,-12.5554,0,0,0.2286,0,277.55,playing,12
82.6256,-12.5554,0,0,0.2286,0,272.74,playing,12
82.6417,12.3485,0,0,0.21373,0,268.2,playing,12
82.6577,12.3485,0,0,0.21373,0,263.95,playing,12
82.6742,12.3485,0,0,0.21373,0,259.98,playing,12
82.6914,11.5237,0,0,0.2004,0,256.08,playing,12
82.708,11.5237,0,0,0.2004,0,252.5,playing,12
82.7245,8.9489,0,0,0.15429,0,249.41,playing,12
82.7411,8.9489,0,0,0.15429,0,246.45,playing,12
82.7566,8.9489,0,0,0.15925,0,243.94,playing,12
82.7727,3.8813,0,0,0.15925,0,241.71,playing,12
82.7893,3.8813,0,0,0.15925,0,239.77,playing,12
82.8059,3.8813,0,0,0.17827,0,238.02,playing,12
82.8225,2.8153,0,0,0.17827,0,236.65,playing,12
82.8391,2.8153,0,0,0.23801,1,235.52,playing,12
82.8551,2.8153,0,0,0.23801,0,234.74,playing,12
82.8704,0.4161,0,0,0.23801,0,234.23,playing,12
82.8875,0.4161,0,0,0.20995,0,234.01,playing,12
82.9036,0.204,0,0,0.20995,0,234.1,playing,12
82.9206,0.204,0,0,0.25917,0,234.46,playing,12
82.9372,0.204,0,0,0.25917,0,235.16,playing,12
82.9527,-0.3999,0,0,0.25917,0,236.1,playing,12
82.9692,-0.3999,0,0,0.22767,0,237.32,playing,12
82.9863,-0.3999,0,0,0.22767,0,238.94,playing,12
83.0033,-0.8274,0,0,0.22121,0,240.87,playing,12
83.0204,-0.8274,0,0,0.22121,0,243.12,playing,12
83.0374,-0.8274,0,0,0.22121,0,245.69,playing,12
83.054,-1.1648,0,0,0.23207,0,248.58,playing,12
83.07,-1.1648,0,0,0.23207,0,251.58,playing,12
83.0864,-2.9244,0,0,0.23199,0,254.86,playing,12
83.1027,-2.9244,0,0,0.23199,0,258.67,playing,12
83.1198,-2.9244,0,0,0.23199,0,262.53,playing,12
83.1364,-13.961,1,0,0.21938,0,266.95,playing,12
83.1529,-13.961,0,0,0.21938,0,260.64,playing,12
83.1695,-13.961,0,0,0.21046,0,254.98,playing,12
83.1858,-14.1819,0,0,0.21046,0,249.29,playing,12
83.2018,-14.1819,0,0,0.23384,0,244.21,playing,12
83.2182,-7.6531,0,0,0.23384,0,239.41,playing,12
83.2348,-3.1671,0,0,0.23384,0,234.63,playing,12
83.2509,-3.1671,0,0,0.28695,0,230.42,playing,12
83.2665,6.2848,0,0,0.28695,0,226.48,playing,12
83.283,6.2848,0,0,0.28695,0,222.83,playing,12
83.2995,6.2848,0,0,0.2007,0,219.46,playing,12
83.3161,10.707,0,0,0.2007,0,216.19,playing,12
83.3322,10.707,0,0,0.13866,0,213.4,playing,12
83.3488,10.707,0,0,0.13866,0,210.76,playing,12
83.3654,7.9625,0,0,0.13133,0,208.55,playing,12
83.3825,7.9625,0,0,0.13133,0,206.52,playing,12
83.399,5.3763,0,0,0.13133,0,204.8,playing,12
83.4155,5.3763,0,0,0.18093,0,203.47,playing,12
83.4321,5.3763,0,0,0.18093,0,202.38,playing,12
83.4482,2.301,0,0,0.18582,0,201.63,playing,12
83.4643,2.301,0,0,0.18582,0,201.15,playing,12
83.4808,2.301,0,0,0.18582,0,200.99,playing,12
83.4969,2.301,0,0,0.21468,1,201.1,playing,12
83.5129,2.301,0,0,0.21468,0,201.49,playing,12
83.5284,2.301,0,0,0.22777,0,202.17,playing,12
83.5447,0.9435,0,0,0.22777,0,203.13,playing,12
83.5608,0.9435,0,0,0.22777,0,204.37,playing,12
83.5765,0.9435,0,0,0.25445,0,205.89,playing,12
83.5925,-1.2084,0,0,0.25445,0,207.69,playing,12
83.6091,-1.2084,0,0,0.25876,0,209.78,playing,12
83.625,-1.4845,0,0,0.25876,0,212.15,playing,12
83.6411,-1.4845,0,0,0.25876,0,214.79,playing,12
83.6566,-1.4845,0,0,0.24177,0,217.72,playing,12
83.6731,-1.5545,0,0,0.24177,0,220.93,playing,12
83.69,-1.5545,0,0,0.2333,0,224.66,playing,12
83.7066,-1.5545,0,0,0.2333,0,228.46,playing,12
83.7231,-1.6886,0,0,0.2333,0,232.8,playing,12
83.7392,-1.6886,0,0,0.24984,0,237.18,playing,12
83.7562,-1.6886,0,0,0.24984,0,242.14,playing,12
83.7732,-1.7682,0,0,0.24617,0,247.42,playing,12
83.7898,-1.7682,0,0,0.24617,0,253.02,playing,12
83.8056,-1.7798,0,0,0.28175,0,258.57,playing,12
83.8219,-1.7798,0,0,0.28175,0,264.41,playing,12
83.8385,-1.7798,0,0,0.28175,0,270.52,playing,12
83.8553,-16.5687,1,0,0.28553,0,277.34,playing,12
83.8717,-16.5687,0,0,0.28553,0,271.03,playing,12
83.8882,-16.5687,0,0,0.26371,0,265.37,playing,12
83.9043,-9.4051,0,0,0.26371,0,259.67,playing,12
83.9213,-9.4051,0,0,0.26371,0,254.59,playing,12
83.9378,-9.4051,0,0,0.2644,0,249.51,playing,12
83.9534,4.4773,0,0,0.2644,0,245.02,playing,13
83.9704,4.4773,0,0,0.14513,0,240.8,playing,13
83.9875,10.3788,0,0,0.14513,0,236.64,playing,13
84.0035,10.3788,0,0,0.15284,0,232.8,playing,13
84.0202,10.3788,0,0,0.15284,0,229.46,playing,13
84.0372,8.4825,0,0,0.15284,0,226.23,playing,13
84.0528,8.4825,0,0,0.15575,0,223.48,playing,13
84.0686,8.4825,0,0,0.15575,0,221.0,playing,13
84.0849,6.136,0,0,0.179,0,218.81,playing,13
84.1012,6.136,0,0,0.179,0,216.9,playing,13
84.1183,4.0322,0,0,0.179,0,215.19,playing,13
84.1348,4.0322,0,0,0.20966,1,213.8,playing,13
84.1509,4.0322,0,0,0.20966,0,212.77,playing,13
84.1674,0.3227,0,0,0.17846,0,212.02,playing,13
84.1837,0.3227,0,0,0.17846,0,211.54,playing,13
84.2004,0.3227,0,0,0.17846,0,211.37,playing,13
84.2172,-0.1944,0,0,0.23199,0,211.51,playing,13
84.2332,-0.1944,0,0,0.23199,0,211.92,playing,13
84.2503,-0.1944,0,0,0.23199,0,212.68,playing,13
84.2671,-0.9181,0,0,0.20536,0,213.75,playing,13
84.2832,-0.9181,0,0,0.20536,0,215.05,playing,13
84.3014,-1.5458,0,0,0.20536,0,216.74,playing,13
84.318,-1.5458,0,0,0.22813,0,218.89,playing,13
84.3341,-1.5458,0,0,0.22813,0,221.08,playing,13
84.3502,-1.8828,0,0,0.23692,0,223.55,playing,13
84.3672,-1.8828,0,0,0.23692,0,226.49,playing,13
84.3838,-1.8828,0,0,0.22817,0,229.76,playing,13
84.4003,-2.2322,0,0,0.22817,0,233.11,playing,13
84.4189,-2.2322,0,0,0.22817,0,236.99,playing,13
84.4349,-1.8055,0,0,0.28166,0,241.45,playing,13
84.4508,-1.8055,0,0,0.28166,0,245.7,playing,13
84.4666,-1.8055,0,0,0.22284,0,250.23,playing,13
84.4826,-1.8055,0,0,0.22284,0,255.04,playing,13
84.4996,-1.8055,0,0,0.21052,0,260.14,playing,13
84.5156,-1.8055,0,0,0.21052,0,265.87,playing,13
84.5315,-7.3355,1,0,0.21052,0,271.54,playing,13
84.5483,-7.3355,0,0,0.16989,0,265.59,playing,13
84.5644,-7.3355,0,0,0.16989,0,259.57,playing,13
84.5809,3.5022,0,0,0.12206,0,254.2,playing,13
84.597,3.5022,0,0,0.12206,0,249.1,playing,13
84.6132,12.5092,0,0,0.13879,0,244.29,playing,13
84.6299,12.2789,0,0,0.13879,0,239.49,playing,13
84.646,12.2789,0,0,0.13879,0,235.25,playing,13
84.6623,9.7959,0,0,0.14629,0,231.3,playing,13
84.6793,9.7959,0,0,0.14629,0,227.42,playing,13
84.6958,9.7959,0,0,0.12999,0,223.86,playing,13
84.712,6.7806,0,0,0.12999,0,220.79,playing,13
84.7281,6.7806,0,0,0.12999,0,218.0,playing,13
84.7452,6.7806,0,0,0.17276,0,215.35,playing,13
84.7618,2.2281,0,0,0.17276,0,213.02,playing,13
84.7784,2.2281,0,0,0.15361,0,211.11,playing,13
84.7955,1.0947,0,0,0.15361,0,209.4,playing,13
84.8126,1.0947,0,0,0.15361,0,208.0,playing,13
84.8283,1.0947,0,0,0.19142,0,206.93,playing,13
84.8455,-0.5239,0,0,0.19142,0,206.2,playing,13
84.8625,-0.5239,0,0,0.23281,1,205.74,playing,13
84.8786,-0.5239,0,0,0.23281,0,205.6,playing,13
84.8954,-0.9071,0,0,0.22315,0,205.74,playing,13
84.9125,-0.9071,0,0,0.22315,0,206.22,playing,13
84.9292,-1.0794,0,0,0.25413,0,207.01,playing,13
84.9459,-1.0794,0,0,0.25413,0,208.13,playing,13
84.9615,-1.0794,0,0,0.25413,0,209.45,playing,13
84.9776,-1.3806,0,0,0.22259,0,211.06,playing,13
84.9943,-1.3806,0,0,0.22259,0,212.96,playing,13
85.0114,-1.3806,0,0,0.25422,0,215.28,playing,13
85.0281,-1.4622,0,0,0.25422,0,217.93,playing,13
85.0437,-1.4622,0,0,0.25422,0,220.7,playing,13
85.0597,-1.4622,0,0,0.22381,0,223.75,playing,13
85.0762,-11.7445,0,0,0.22381,0,227.09,playing,13
85.0927,-11.7445,0,0,0.2551,0,230.95,playing,13
85.1093,-17.149,1,0,0.2551,0,234.86,playing,13
85.1263,-17.149,0,0,0.24131,0,228.55,playing,13
85.1423,-17.149,0,0,0.24131,0,222.56,playing,13
85.1596,-10.6887,0,0,0.24131,0,217.2,playing,13
85.176,-10.6887,0,0,0.15552,0,211.82,playing,13
85.192,-10.6887,0,0,0.15552,0,207.04,playing,13
85.2081,3.9559,0,0,0.17308,0,202.54,playing,13
85.2241,3.9559,0,0,0.17308,0,198.33,playing,13
85.2402,3.9559,0,0,0.11816,0,194.39,playing,13
85.2572,11.8104,0,0,0.11816,0,190.53,playing,13
85.2728,11.8104,0,0,0.11816,0,187.18,playing,13
85.289,12.4247,0,0,0.15564,0,184.1,playing,13
85.3051,12.4247,0,0,0.15564,0,181.31,playing,13
85.3211,12.4247,0,0,0.15564,0,178.8,playing,13
85.3372,8.3727,0,0,0.15434,0,176.58,playing,13
85.3542,8.3727,0,0,0.15434,0,174.53,playing,13
85.3714,8.3727,0,0,0.12637,0,172.8,playing,13
85.3879,5.6469,0,0,0.12637,0,171.39,playing,13
85.404,5.6469,0,0,0.12637,0,170.34,playing,13
85.4195,5.6469,0,0,0.23895,1,169.57,playing,13
85.436,3.6358,0,0,0.23895,0,169.09,playing,13
85.4516,3.6358,0,0,0.17284,0,168.88,playing,13
85.4682,1.6688,0,0,0.17284,0,168.96,playing,13
85.4852,0.7838,0,0,0.17284,0,169.36,playing,13
85.5018,0.7838,0,0,0.21173,0,170.08,playing,13
85.5178,-0.6061,0,0,0.21173,0,171.04,playing,13
85.5333,-0.6061,0,0,0.23606,0,172.28,playing,13
85.5504,-0.6061,0,0,0.23606,0,173.8,playing,13
85.5669,-2.0143,0,0,0.228,0,175.74,playing,13
85.583,-2.0143,0,0,0.228,0,177.84,playing,13
85.5986,-2.0143,0,0,0.228,0,180.22,playing,13
85.6146,-1.9965,0,0,0.26007,0,182.89,playing,13
85.6306,-1.9965,0,0,0.26007,0,185.84,playing,13
85.6467,-1.9965,0,0,0.26007,0,189.06,playing,13
85.6626,-2.1461,0,0,0.25047,0,192.57,playing,13
85.6792,-2.1461,0,0,0.25047,0,196.37,playing,13
85.6957,-1.8822,0,0,0.24984,0,200.71,playing,13
85.7119,-1.8822,0,0,0.24984,0,205.09,playing,13
85.7274,-1.8822,0,0,0.25876,0,209.74,playing,13
85.7436,-12.0471,1,0,0.25876,0,214.68,playing,13
85.7597,-12.0471,0,0,0.25876,0,208.72,playing,13
85.7765,-12.0471,0,0,0.23631,0,203.04,playing,13
85.7925,-16.7268,0,0,0.23631,0,197.33,playing,13
85.8087,-16.7268,0,0,0.23631,0,192.23,playing,14
85.8248,-16.7268,0,0,0.25876,0,187.42,playing,14
85.8415,-10.4168,0,0,0.25876,0,182.88,playing,14
85.8579,-10.4168,0,0,0.16975,0,178.39,playing,14
85.8739,-5.5554,0,0,0.16975,0,174.43,playing,14
85.8897,-2.9567,0,0,0.16975,0,170.76,playing,14
85.9062,-2.9567,0,0,0.14774,0,167.38,playing,14
85.9233,7.5792,0,0,0.14774,0,164.09,playing,14
85.9398,7.5792,0,0,0.13372,0,161.13,playing,14
85.9558,7.5792,0,0,0.13372,0,158.62,playing,14
85.9719,14.6941,0,0,0.1675,0,156.39,playing,14
85.988,14.6941,0,0,0.1675,0,154.45,playing,14
86.0041,14.6941,0,0,0.1675,0,152.78,playing,14
86.0201,10.7498,0,0,0.13432,0,151.4,playing,14
86.0361,10.7498,0,0,0.13432,0,150.3,playing,14
86.0531,10.7498,0,0,0.13432,0,149.45,playing,14
86.0697,8.1331,0,0,0.14111,0,148.91,playing,14
86.0862,8.1331,0,0,0.14111,0,148.69,playing,14
86.1028,2.0643,0,0,0.15301,0,148.78,playing,14
86.1184,2.0643,0,0,0.15301,0,149.14,playing,14
86.135,2.0643,0,0,0.18582,0,149.78,playing,14
86.151,1.0534,0,0,0.18582,0,150.7,playing,14
86.1665,1.0534,0,0,0.18582,0,151.91,playing,14
86.1836,1.0534,0,0,0.20801,1,153.39,playing,14
86.1996,-0.9202,0,0,0.20801,0,155.29,playing,14
86.2162,-0.9202,0,0,0.18264,0,157.36,playing,14
86.2327,-0.9202,0,0,0.18264,0,159.87,playing,14
86.2496,-2.2846,0,0,0.18264,0,162.52,playing,14
86.2667,-2.2846,0,0,0.18264,0,165.65,playing,14
86.2835,-2.4091,0,0,0.22274,0,169.1,playing,14
86.3003,-2.4091,0,0,0.22274,0,172.87,playing,14
86.3173,-2.4091,0,0,0.24584,0,176.95,playing,14
86.3338,-2.2605,0,0,0.24584,0,181.35,playing,14
86.3499,-2.2605,0,0,0.24584,0,185.78,playing,14
86.3654,-2.2605,0,0,0.25862,0,190.49,playing,14
86.382,-2.2394,0,0,0.25862,0,195.48,playing,14
86.3983,-2.2394,0,0,0.22081,0,200.75,playing,14
86.4153,-2.4673,0,0,0.22081,0,206.66,playing,14
86.4324,-2.4673,0,0,0.22081,0,212.9,playing,14
86.449,-2.4673,0,0,0.26338,0,219.45,playing,14
86.465,-2.4673,0,0,0.26338,0,225.9,playing,14
86.481,-2.4673,0,0,0.28571,0,232.63,playing,14
86.4971,-2.4673,0,0,0.28571,0,239.65,playing,14
86.5127,-2.3128,0,0,0.28571,0,246.94,playing,14
86.5287,-1.4072,0,0,0.22769,0,254.52,playing,14
86.5447,-1.4072,0,0,0.22769,0,262.38,playing,14
86.5613,-15.3018,1,0,0.28166,0,270.51,playing,14
86.5784,-15.3018,0,0,0.28166,0,264.2,playing,14
86.5954,-15.6875,0,0,0.25917,0,258.21,playing,14
86.6122,-15.6875,0,0,0.25917,0,252.53,playing,14
86.6288,-15.6875,0,0,0.25917,0,247.17,playing,14
86.6459,-0.3068,0,0,0.15263,0,242.41,playing,14
86.6616,-0.3068,0,0,0.15263,0,237.67,playing,14
86.6778,-0.3068,0,0,0.15263,0,233.49,playing,14
86.694,12.3638,0,0,0.15263,0,229.59,playing,14
86.7096,12.3638,0,0,0.15263,0,225.97,playing,14
86.7261,12.3638,0,0,0.17562,0,222.64,playing,14
86.7432,13.1592,0,0,0.17562,0,219.41,playing,14
86.7587,13.1592,0,0,0.17562,0,216.65,playing,14
86.7747,6.8814,0,0,0.17562,0,214.18,playing,14
86.7913,6.8814,0,0,0.13112,0,211.99,playing,14
86.8079,6.8814,0,0,0.13112,0,209.98,playing,14
86.8235,4.8884,0,0,0.18559,0,208.37,playing,14
86.8401,4.8884,0,0,0.18559,0,207.04,playing,14
86.8561,4.8884,0,0,0.18559,0,205.99,playing,14
86.8735,1.7869,0,0,0.15061,0,205.19,playing,14
86.8905,1.7869,0,0,0.15061,0,204.72,playing,14
86.9068,1.7869,0,0,0.20865,1,204.56,playing,14
86.9228,1.2097,0,0,0.20865,0,204.69,playing,14
86.9384,1.2097,0,0,0.22767,0,205.1,playing,14
86.9554,0.1716,0,0,0.22767,0,205.79,playing,14
86.972,0.1716,0,0,0.22767,0,206.85,playing,14
86.9886,0.1716,0,0,0.23808,0,208.13,playing,14
87.0053,-0.7682,0,0,0.23808,0,209.8,playing,14
87.0226,-0.7682,0,0,0.23723,0,211.79,playing,14
87.0392,-0.7682,0,0,0.23723,0,214.1,playing,14
87.0552,-1.158,0,0,0.23604,0,216.72,playing,14
87.0719,-1.158,0,0,0.23604,0,219.48,playing,14
87.0878,-1.158,0,0,0.23604,0,222.51,playing,14
87.1038,-1.6059,0,0,0.23604,0,225.83,playing,14
87.1201,-1.6059,0,0,0.2548,0,229.43,playing,14
87.1372,-1.6059,0,0,0.2548,0,233.57,playing,14
87.1538,-1.6059,0,0,0.22315,0,238.03,playing,14
87.1705,-1.6059,0,0,0.22315,0,242.51,playing,14
87.1865,-5.4704,0,0,0.22315,0,247.58,playing,14
87.2031,-5.4704,0,0,0.27231,0,252.64,playing,14
87.2198,-5.4704,0,0,0.27231,0,258.34,playing,14
87.2354,-17.2392,1,0,0.27295,0,263.98,playing,14
87.2515,-17.2392,0,0,0.27295,0,258.02,playing,14
87.2681,-17.2392,0,0,0.27295,0,252.34,playing,14
87.2839,-12.5149,0,0,0.224,0,246.95,playing,14
87.2995,-12.5149,0,0,0.224,0,241.83,playing,14
87.3165,-7.0253,0,0,0.224,0,237.0,playing,14
87.3327,-7.0253,0,0,0.15339,0,232.18,playing,14
87.3489,-7.0253,0,0,0.15339,0,227.93,playing,14
87.3649,8.2139,0,0,0.15339,0,223.96,playing,14
87.3815,8.2139,0,0,0.17342,0,220.27,playing,14
87.3976,8.2139,0,0,0.17342,0,216.67,playing,14
87.4136,12.9729,0,0,0.17342,0,213.57,playing,14
87.4298,12.9729,0,0,0.17342,0,210.74,playing,14
87.4458,12.9729,0,0,0.17342,0,208.2,playing,14
87.4619,10.1377,0,0,0.16408,0,205.93,playing,14
87.4774,10.1377,0,0,0.16408,0,203.95,playing,14
87.494,6.4892,0,0,0.16408,0,202.25,playing,14
87.5095,6.4892,0,0,0.23105,1,200.84,playing,14
87.5257,6.4892,0,0,0.23105,0,199.7,playing,14
87.542,2.1453,0,0,0.23105,0,198.85,playing,14
87.5582,2.1453,0,0,0.20348,0,198.27,playing,14
87.5745,2.1453,0,0,0.20348,0,197.98,playing,14
87.591,0.7187,0,0,0.25118,0,197.99,playing,14
87.6067,0.7187,0,0,0.25118,0,198.28,playing,14
87.6229,0.7187,0,0,0.23725,0,198.85,playing,14
87.64,-1.293,0,0,0.23725,0,199.78,playing,15
87.6563,-1.293,0,0,0.23725,0,200.93,playing,15
87.6727,-1.293,0,0,0.22802,0,202.47,playing,15
87.6891,-1.4039,0,0,0.22802,0,204.2,playing,15
87.7059,-1.4039,0,0,0.24163,0,206.36,playing,15
87.7225,-1.4039,0,0,0.24163,0,208.68,playing,15
87.7391,-1.4039,0,0,0.24163,0,211.45,playing,15
87.7551,-1.4039,0,0,0.24163,0,214.35,playing,15
87.7708,-2.1163,0,0,0.24163,0,217.52,playing,15
87.7873,-2.1163,0,0,0.22861,0,220.98,playing,15
87.8039,-2.1163,0,0,0.22861,0,224.97,playing,15
87.8199,-2.3339,0,0,0.27249,0,229.01,playing,15
87.836,-2.3339,0,0,0.27249,0,233.33,playing,15
87.8519,-2.3339,0,0,0.29343,0,237.93,playing,15
87.868,-3.4032,0,0,0.29343,0,242.82,playing,15
87.8842,-3.4032,0,0,0.29343,0,247.98,playing,15
87.9011,-17.508,1,0,0.26428,0,253.79,playing,15
87.9172,-17.508,0,0,0.26428,0,247.83,playing,15
87.935,-17.508,0,0,0.24092,0,241.81,playing,15
87.9511,-14.1841,0,0,0.24092,0,236.12,playing,15
87.9673,-14.1841,0,0,0.28618,0,231.04,playing,15
87.9839,-14.1841,0,0,0.28618,0,225.96,playing,15
88.0011,-2.7776,0,0,0.28618,0,221.47,playing,15
88.0177,-2.7776,0,0,0.23155,0,216.76,playing,15
88.0339,9.0995,0,0,0.23155,0,212.86,playing,15
88.05,9.0995,0,0,0.1615,0,209.25,playing,15
88.0657,9.0995,0,0,0.1615,0,205.91,playing,15
88.0824,12.5554,0,0,0.16728,0,202.85,playing,15
88.099,12.5554,0,0,0.16728,0,199.93,playing,15
88.1151,12.5554,0,0,0.12207,0,197.45,playing,15
88.1312,9.5228,0,0,0.12207,0,195.26,playing,15
88.1479,9.5228,0,0,0.12207,0,193.25,playing,15
88.1635,9.5228,0,0,0.18425,0,191.64,playing,15
88.18,6.4572,0,0,0.18425,0,190.31,playing,15
88.1958,6.4572,0,0,0.24142,1,189.26,playing,15
88.2118,6.4572,0,0,0.24142,0,188.5,playing,15
88.2279,4.1618,0,0,0.20611,0,188.01,playing,15
88.2451,4.1618,0,0,0.20611,0,187.81,playing,15
88.2613,4.1618,0,0,0.20611,0,187.91,playing,15
88.2781,4.1618,0,0,0.22179,0,188.33,playing,15
88.2947,4.1618,0,0,0.22179,0,189.07,playing,15
88.3109,-0.5729,0,0,0.23273,0,190.04,playing,15
88.3267,-0.5729,0,0,0.23273,0,191.3,playing,15
88.3432,-0.5729,0,0,0.23199,0,192.84,playing,15
88.3601,-1.1559,0,0,0.23199,0,194.79,playing,15
88.3758,-1.1559,0,0,0.23199,0,196.91,playing,15
88.392,-1.1559,0,0,0.23199,0,199.31,playing,15
88.4074,-2.0759,0,0,0.23199,0,202.0,playing,15
88.4241,-2.0759,0,0,0.23199,0,204.96,playing,15
88.4401,-2.583,0,0,0.22807,0,208.21,playing,15
88.4563,-2.583,0,0,0.22807,0,211.74,playing,15
88.4733,-2.583,0,0,0.23271,0,215.8,playing,15
88.4901,-4.8731,0,0,0.23271,0,220.19,playing,15
88.5058,-4.8731,0,0,0.23271,0,224.6,playing,15
88.5222,-4.8731,0,0,0.25876,0,229.29,playing,15
88.539,-14.3021,1,0,0.25876,0,234.59,playing,15
88.555,-14.3021,0,0,0.24533,0,228.63,playing,15
88.5707,-14.3021,0,0,0.24533,0,222.95,playing,15
88.5871,-9.7878,0,0,0.24533,0,217.56,playing,15
88.6037,-9.7878,0,0,0.26338,0,212.14,playing,15
88.6198,-2.0406,0,0,0.26338,0,207.33,playing,15
88.636,-2.0406,0,0,0.22719,0,202.79,playing,15
88.6519,-2.0406,0,0,0.22719,0,198.54,playing,15
88.6682,13.4759,0,0,0.14499,0,194.57,playing,15
88.6849,13.4759,0,0,0.14499,0,190.67,playing,15
88.7011,13.4759,0,0,0.14499,0,187.28,playing,15
88.7167,12.5263,0,0,0.1248,0,184.18,playing,15
88.7327,12.5263,0,0,0.1248,0,181.35,playing,15
88.7488,12.5263,0,0,0.15506,0,178.81,playing,15
88.7655,6.0595,0,0,0.15506,0,176.55,playing,15
88.7819,6.0595,0,0,0.15506,0,174.46,playing,15
88.7981,4.5691,0,0,0.15506,0,172.78,playing,15
88.8146,4.5691,0,0,0.15175,0,171.31,playing,15
88.8308,4.5691,0,0,0.15175,0,170.21,playing,15
88.8474,4.5691,0,0,0.15175,0,169.39,playing,15
88.8641,4.5691,0,0,0.23705,1,168.84,playing,15
88.8798,4.5691,0,0,0.23705,0,168.6,playing,15
88.8955,2.7987,0,0,0.23705,0,168.64,playing,15
88.9119,0.6208,0,0,0.23596,0,168.97,playing,15
88.928,0.6208,0,0,0.23596,0,169.57,playing,15
88.9445,-0.8309,0,0,0.2267,0,170.46,playing,15
88.9608,-0.8309,0,0,0.2267,0,171.72,playing,15
88.9765,-0.8309,0,0,0.24488,0,173.19,playing,15
88.9932,-1.6073,0,0,0.24488,0,174.94,playing,15
89.0091,-1.6073,0,0,0.24457,0,176.97,playing,15
89.0251,-1.7344,0,0,0.24457,0,179.29,playing,15
89.0419,-1.7344,0,0,0.24457,0,182.06,playing,15
89.0579,-1.7344,0,0,0.23198,0,184.96,playing,15
89.0739,-1.7574,0,0,0.23198,0,188.13,playing,15
89.0895,-1.7574,0,0,0.23198,0,191.59,playing,15
89.1058,-1.7574,0,0,0.20972,0,195.33,playing,15
89.122,-2.566,0,0,0.20972,0,199.35,playing,15
89.1394,-2.566,0,0,0.20972,0,203.65,playing,15
89.1554,-2.566,0,0,0.23273,0,208.85,playing,15
89.1721,-13.2412,1,0,0.23273,0,213.75,playing,15
89.1883,-13.2412,0,0,0.25049,0,207.79,playing,15
89.2054,-14.0275,0,0,0.25049,0,201.78,playing,15
89.2216,-14.0275,0,0,0.24124,0,196.08,playing,15
89.2377,-14.0275,0,0,0.24124,0,191.01,playing,15
89.2539,-5.1967,0,0,0.24124,0,186.21,playing,15
89.27,-5.1967,0,0,0.21282,0,181.69,playing,15
89.2863,-5.1967,0,0,0.21282,0,177.46,playing,15
89.3028,4.7362,0,0,0.21282,0,173.28,playing,15
89.3188,4.7362,0,0,0.18071,0,169.63,playing,15
89.3355,4.7362,0,0,0.18071,0,166.26,playing,15
89.3521,11.5768,0,0,0.15506,0,162.99,playing,15
89.3687,11.5768,0,0,0.15506,0,160.2,playing,15
89.3848,8.9902,0,0,0.15506,0,157.55,playing,15
89.4014,8.9902,0,0,0.14373,0,155.35,playing,15
89.4174,8.9902,0,0,0.14373,0,153.32,playing,15
89.4337,4.5401,0,0,0.16089,0,151.69,playing,15
89.4498,4.5401,0,0,0.16089,0,150.34,playing,15
89.4659,4.5401,0,0,0.16156,0,149.27,playing,15
89.4815,2.3014,0,0,0.16156,0,148.49,playing,15
89.4982,2.3014,0,0,0.16156,0,147.99,playing,16
89.5143,2.3014,0,0,0.20041,0,147.77,playing,16
89.5313,0.6144,0,0,0.20041,0,147.85,playing,16
89.5481,0.6144,0,0,0.19993,0,148.25,playing,16
89.5649,-0.6952,0,0,0.19993,0,148.97,playing,16
89.5806,-0.6952,0,0,0.19993,0,149.93,playing,16
89.597,-0.6952,0,0,0.2133,1,151.17,playing,16
89.6126,-0.9444,0,0,0.2133,0,152.69,playing,16
89.6294,-0.9444,0,0,0.19068,0,154.49,playing,16
89.646,-0.9444,0,0,0.19068,0,156.73,playing,16
89.6622,-1.8157,0,0,0.19068,0,159.11,playing,16
89.6788,-1.8157,0,0,0.25446,0,161.96,playing,16
89.695,-1.8157,0,0,0.25446,0,164.93,playing,16
89.711,-1.4943,0,0,0.25446,0,168.17,playing,16
89.7272,-1.4943,0,0,0.235,0,171.7,playing,16
89.744,-1.3172,0,0,0.235,0,175.77,playing,16
89.7617,-1.5766,0,0,0.235,0,180.15,playing,16
89.7793,-1.5766,0,0,0.23347,0,185.15,playing,16
89.7961,-1.722,0,0,0.23347,0,190.19,playing,16
89.8129,-1.722,0,0,0.23239,0,195.55,playing,16
89.8288,-1.722,0,0,0.23239,0,200.87,playing,16
89.8455,-2.1231,0,0,0.25047,0,206.47,playing,16
89.8616,-2.1231,0,0,0.25047,0,212.75,playing,16
89.8781,-2.1231,0,0,0.25047,0,218.93,playing,16
89.8952,-17.1217,1,0,0.22381,0,225.82,playing,16
89.9123,-17.1217,0,0,0.22381,0,219.51,playing,16
89.9288,-11.5889,0,0,0.22424,0,213.52,playing,16
89.9449,-11.5889,0,0,0.22424,0,208.16,playing,16
89.9613,-11.5889,0,0,0.20765,0,203.08,playing,16
89.9796,-11.5889,0,0,0.20765,0,198.0,playing,16
89.9954,-11.5889,0,0,0.16842,0,192.98,playing,16
90.0116,-11.5889,0,0,0.16842,0,188.8,playing,16
90.0277,6.7324,0,0,0.16842,0,184.9,playing,16
90.0438,6.7324,0,0,0.14805,0,181.28,playing,16
90.0599,14.9633,0,0,0.14805,0,177.95,playing,16
90.0758,14.9633,0,0,0.13711,0,174.89,playing,16
90.0924,14.9633,0,0,0.13711,0,172.12,playing,16
90.109,11.9028,0,0,0.15072,0,169.49,playing,16
90.125,11.9028,0,0,0.15072,0,167.3,playing,16
90.1406,11.9028,0,0,0.15072,0,165.39,playing,16
90.1569,8.2057,0,0,0.14223,0,163.76,playing,16
90.173,8.2057,0,0,0.14223,0,162.41,playing,16
90.1891,8.2057,0,0,0.14223,0,161.35,playing,16
90.2057,2.917,0,0,0.15418,0,160.53,playing,16
90.2223,2.917,0,0,0.15418,0,160.05,playing,16
90.239,1.2822,0,0,0.18888,0,159.85,playing,16
90.2549,1.2822,0,0,0.18888,0,159.95,playing,16
90.2706,1.2822,0,0,0.2039,0,160.32,playing,16
90.2867,0.4477,0,0,0.2039,0,160.98,playing,16
90.3043,0.4477,0,0,0.2039,1,161.92,playing,16
90.321,0.4477,0,0,0.22171,0,163.34,playing,16
90.3366,-1.5566,0,0,0.22171,0,164.88,playing,16
90.3524,-1.5566,0,0,0.21894,0,166.7,playing,16
90.369,-1.5566,0,0,0.21894,0,168.8,playing,16
90.3856,-2.1511,0,0,0.23263,0,171.19,playing,16
90.4022,-2.1511,0,0,0.23263,0,174.04,playing,16
90.4199,-2.5874,0,0,0.24132,0,177.21,playing,16
90.4364,-2.5874,0,0,0.24132,0,180.69,playing,16
90.453,-2.5874,0,0,0.25482,0,184.5,playing,16
90.4688,-2.8477,0,0,0.25482,0,188.36,playing,16
90.4857,-2.8477,0,0,0.25482,0,192.5,playing,16
90.5023,-2.8477,0,0,0.24166,0,197.22,playing,16
90.5193,-2.6077,0,0,0.24166,0,202.26,playing,16
90.5362,-2.6077,0,0,0.24166,0,207.62,playing,16
90.5533,-2.6077,0,0,0.23209,0,213.29,playing,16
90.5696,-2.6077,0,0,0.23209,0,219.29,playing,16
90.5863,-2.6077,0,0,0.28941,0,225.21,playing,16
90.6033,-16.8441,1,0,0.28941,0,231.82,playing,16
90.6194,-16.8441,0,0,0.28941,0,225.51,playing,16
90.6357,-16.8441,0,0,0.24992,0,219.85,playing,16
90.6519,-9.5718,0,0,0.24992,0,214.47,playing,16
90.6679,-9.5718,0,0,0.24484,0,209.37,playing,16
90.6838,-9.5718,0,0,0.24484,0,204.56,playing,16
90.7,-5.4831,0,0,0.14824,0,200.03,playing,16
90.7159,-5.4831,0,0,0.14824,0,195.77,playing,16
90.7321,-5.4831,0,0,0.12905,0,191.8,playing,16
90.748,4.4049,0,0,0.12905,0,188.12,playing,16
90.7641,4.4049,0,0,0.12905,0,184.71,playing,16
90.7795,8.2905,0,0,0.15459,0,181.59,playing,16
90.7962,8.2905,0,0,0.15459,0,178.74,playing,16
90.8131,8.2905,0,0,0.15459,0,176.04,playing,16
90.8299,8.2905,0,0,0.13709,0,173.65,playing,16
90.8455,8.2905,0,0,0.13709,0,171.69,playing,16
90.8621,8.2905,0,0,0.15457,0,170.01,playing,16
90.8782,6.3285,0,0,0.15457,0,168.61,playing,16
90.8948,6.3285,0,0,0.14353,0,167.44,playing,16
90.9105,6.3285,0,0,0.14353,0,166.62,playing,16
90.9271,4.5008,0,0,0.14353,0,166.08,dead,16
90.9438,4.5008,0,0,0.17123,0,165.83,dead,16
90.9599,2.4815,0,0,0.17123,0,165.87,dead,16
90.9765,2.4815,0,0,0.2165,1,166.2,dead,16
90.9931,2.4815,0,0,0.2165,0,166.86,dead,16
91.01,-0.3225,0,0,0.23281,0,167.84,dead,16
91.0261,-0.3225,0,0,0.23281,0,169.05,dead,16
91.0417,-0.3225,0,0,0.23281,0,170.53,dead,16
91.058,-0.8463,0,0,0.24542,0,172.3,dead,16
91.0736,-0.8463,0,0,0.24542,0,174.35,dead,16
91.0901,-0.8463,0,0,0.24572,0,176.68,dead,16
91.1062,-1.7373,0,0,0.24572,0,179.29,dead,16
91.1227,-1.7373,0,0,0.24572,0,182.39,dead,16
91.1393,-2.1635,0,0,0.25049,0,185.58,dead,16
91.1559,-2.5361,0,0,0.25049,0,189.29,dead,16
91.1715,-2.5361,0,0,0.26011,0,193.07,dead,16
91.1884,-2.2806,0,0,0.26011,0,197.12,dead,16
91.2054,-2.2806,0,0,0.26011,0,201.75,dead,16
91.2221,-2.2806,0,0,0.25597,0,206.7,dead,16
91.238,-8.8228,0,0,0.25597,0,211.63,dead,16
91.2536,-8.8228,0,0,0.25597,0,216.85,dead,16
91.2693,-8.8228,0,0,0.27679,0,222.35,dead,16
91.2854,-16.5251,1,0,0.27679,0,228.13,dead,16
91.3022,-16.5251,0,0,0.27679,0,285.0,playing,0
91.3194,-6.7171,0,0,0.25059,0,278.69,playing,0
91.3357,-6.7171,0,0,0.25059,0,272.69,playing,0
91.3518,-6.7171,0,0,0.25059,0,267.33,playing,0
91.3683,-2.8504,0,0,0.28165,0,262.26,playing,0
91.3849,-2.8504,0,0,0.28165,0,257.18,playing,0
91.4015,-2.8504,0,0,0.17672,0,252.68,playing,0
91.4178,15.7904,0,0,0.17672,0,248.22,playing,0
91.4337,15.7904,0,0,0.17672,0,244.3,playing,0
91.4495,15.7904,0,0,0.14888,0,240.67,playing,0
91.4658,13.4898,0,0,0.14888,0,237.31,playing,0
91.482,13.4898,0,0,0.15713,0,234.24,playing,0
91.4984,9.9539,0,0,0.15713,0,231.45,playing,0
91.5149,9.9539,0,0,0.15713,0,228.8,playing,0
91.5315,9.9539,0,0,0.15339,0,226.59,playing,0
91.5482,4.146,0,0,0.15339,0,224.56,playing,0
91.5649,4.146,0,0,0.15903,0,222.85,playing,0
91.581,4.146,0,0,0.15903,0,221.52,playing,0
91.5965,2.7129,0,0,0.15207,0,220.48,playing,0
91.6131,2.7129,0,0,0.15207,0,219.71,playing,0
91.6286,2.7129,0,0,0.15207,0,219.22,playing,0
91.6447,0.4363,0,0,0.1772,0,219.02,playing,0
91.6607,0.4363,0,0,0.1772,0,219.1,playing,0
91.6784,0.4363,0,0,0.1772,1,219.46,playing,0
91.6945,-0.5611,0,0,0.21358,0,220.22,playing,0
91.7107,-0.5611,0,0,0.21358,0,221.18,playing,0
91.7274,-1.0587,0,0,0.23629,0,222.42,playing,0
91.7437,-1.0587,0,0,0.23629,0,224.05,playing,0
91.7604,-1.0587,0,0,0.26769,0,225.88,playing,0
91.7773,-1.7738,0,0,0.26769,0,228.13,playing,0
91.794,-1.7738,0,0,0.26769,0,230.7,playing,0
91.81,-1.7738,0,0,0.25049,0,233.4,playing,0
91.8257,-2.1307,0,0,0.25049,0,236.38,playing,0
91.8415,-2.1307,0,0,0.27272,0,239.65,playing,0
91.8581,-2.1307,0,0,0.27272,0,243.19,playing,0
91.8741,-2.0846,0,0,0.27272,0,247.02,playing,0
91.8913,-2.0846,0,0,0.25529,0,251.4,playing,0
91.9079,-2.7032,0,0,0.25529,0,256.1,playing,0
91.9242,-2.7032,0,0,0.2724,0,260.81,playing,0
91.9398,-2.7032,0,0,0.2724,0,265.8,playing,0
91.9559,-2.9641,0,0,0.24984,0,271.07,playing,0
91.972,-2.9641,0,0,0.24984,0,276.62,playing,0
91.9875,-2.9641,0,0,0.24984,0,282.46,playing,0
92.0042,-16.808,1,0,0.24982,0,288.57,playing,0
92.0213,-16.808,0,0,0.24982,0,282.26,playing,0
92.0383,-16.808,0,0,0.27314,0,276.27,playing,0
92.0554,-16.808,0,0,0.27314,0,270.59,playing,0
92.0725,-16.808,0,0,0.29501,0,265.23,playing,0
92.0886,-5.292,0,0,0.29501,0,260.19,playing,0
92.1056,-5.292,0,0,0.29501,0,255.73,playing,0
92.1217,-5.292,0,0,0.1916,0,251.3,playing,0
92.1378,-1.6651,0,0,0.1916,0,247.42,playing,0
92.1544,-1.6651,0,0,0.17567,0,243.82,playing,0
92.1707,-1.6651,0,0,0.17567,0,240.32,playing,0
92.1867,10.5737,0,0,0.17567,0,237.3,playing,0
92.2033,10.5737,0,0,0.13253,0,234.56,playing,0
92.2204,14.7636,0,0,0.13253,0,231.97,playing,0
92.237,14.7636,0,0,0.14373,0,229.7,playing,0
92.2525,14.7636,0,0,0.14373,0,227.84,playing,0
92.2687,11.5077,0,0,0.14373,0,226.26,playing,0
92.2847,11.5077,0,0,0.14373,0,224.97,playing,0
92.3008,11.5077,0,0,0.14373,0,223.95,playing,0
92.3173,4.9725,0,0,0.14373,0,223.22,playing,0
92.3339,4.9725,0,0,0.19588,0,222.76,playing,0
92.3495,4.9725,0,0,0.19588,0,222.61,playing,0
92.3655,2.9677,0,0,0.25926,1,222.75,playing,0
92.3822,2.9677,0,0,0.25926,0,223.16,playing,0
92.3992,2.9677,0,0,0.25926,0,223.91,playing,0
92.4161,2.9677,0,0,0.22307,0,224.99,playing,0
92.4329,2.9677,0,0,0.22307,0,226.38,playing,0
92.4491,-0.9657,0,0,0.25418,0,227.97,playing,0
92.4647,-0.9657,0,0,0.25418,0,229.85,playing,0
92.4813,-0.9657,0,0,0.25418,0,232.0,playing,0
92.4975,-1.5432,0,0,0.27542,0,234.61,playing,0
92.5138,-1.5432,0,0,0.27542,0,237.35,playing,0
92.5304,-1.5432,0,0,0.2503,0,240.36,playing,0
92.547,-2.1406,0,0,0.2503,0,243.89,playing,0
92.5635,-2.1406,0,0,0.2503,0,247.49,playing,0
92.5801,-4.6882,0,0,0.22767,0,251.63,playing,0
92.5956,-4.6882,0,0,0.22767,0,255.81,playing,0
92.6122,-4.6882,0,0,0.25948,0,260.27,playing,0
92.6287,-18.276,1,0,0.25948,0,265.32,playing,0
92.6447,-18.276,0,0,0.2466,0,259.37,playing,0
92.6608,-18.276,0,0,0.2466,0,253.69,playing,0
92.6774,-7.7287,0,0,0.2466,0,248.29,playing,0
92.6944,-7.7287,0,0,0.2466,0,242.88,playing,0
92.7114,-7.7287,0,0,0.2466,0,237.78,playing,0
92.728,-0.6138,0,0,0.2638,0,233.0,playing,0
92.7441,-0.6138,0,0,0.2638,0,228.79,playing,0
92.7602,11.5245,0,0,0.24992,0,224.85,playing,0
92.7773,11.5245,0,0,0.24992,0,220.99,playing,0
92.7938,11.5245,0,0,0.24992,0,217.45,playing,0
92.8104,8.1709,0,0,0.16593,0,214.22,playing,0
92.827,8.1709,0,0,0.16593,0,211.47,playing,0
92.8431,8.1709,0,0,0.16842,0,208.99,playing,0
92.8597,6.6701,0,0,0.16842,0,206.68,playing,0
92.8762,6.6701,0,0,0.17973,0,204.79,playing,0
92.8928,4.2648,0,0,0.17973,0,203.1,playing,0
92.9094,2.7105,0,0,0.25875,1,201.78,playing,0
92.9265,2.7105,0,0,0.25875,0,200.71,playing,0
92.943,1.1924,0,0,0.25875,0,199.95,playing,0
92.9586,1.1924,0,0,0.24982,0,199.52,playing,0
92.9751,1.1924,0,0,0.24982,0,199.37,playing,0
92.9914,-0.0465,0,0,0.24982,0,199.52,playing,0
93.0085,-0.0465,0,0,0.24982,0,199.96,playing,0
93.0251,-0.0465,0,0,0.24982,0,200.73,playing,0
93.0406,-1.0922,0,0,0.27661,0,201.74,playing,0
93.0572,-1.0922,0,0,0.27661,0,203.03,playing,0
93.0723,-1.0922,0,0,0.24992,0,204.61,playing,0
93.0883,-1.2844,0,0,0.24992,0,206.46,playing,0
93.1049,-1.2844,0,0,0.24992,0,208.6,playing,0
93.1204,-1.7723,0,0,0.26085,0,211.02,playing,0
93.137,-1.7723,0,0,0.26085,0,213.72,playing,0
93.1527,-1.7723,0,0,0.23791,0,216.7,playing,0
93.1693,-5.5414,0,0,0.23791,0,219.97,playing,0
93.1865,-5.5414,0,0,0.23604,0,223.75,playing,0
93.2025,-5.5414,0,0,0.23604,0,227.86,playing,0
93.2191,-11.881,1,0,0.23604,0,232.0,playing,0
93.2351,-11.881,0,0,0.26356,0,226.04,playing,0
93.2522,-11.881,0,0,0.26356,0,220.03,playing,0
93.2677,-5.9955,0,0,0.24755,0,214.65,playing,0
93.2843,-5.9955,0,0,0.24755,0,209.56,playing,0
93.3014,11.1547,0,0,0.24755,0,204.46,playing,0
93.3181,11.1547,0,0,0.16536,0,199.68,playing,0
93.3336,11.1547,0,0,0.16536,0,195.47,playing,0
93.3497,9.8658,0,0,0.16629,0,191.53,playing,0
93.3658,9.8658,0,0,0.16629,0,187.88,playing,0
93.3819,9.8658,0,0,0.16629,0,184.51,playing,0
93.398,7.8441,0,0,0.17998,0,181.42,playing,0
93.4145,7.8441,0,0,0.17998,0,178.61,playing,0
93.4311,7.8441,0,0,0.17998,0,175.94,playing,0
93.4471,3.383,0,0,0.20262,0,173.72,playing,0
93.4637,3.383,0,0,0.20262,0,171.67,playing,0
93.4797,1.1715,0,0,0.22288,1,170.02,playing,0
93.4958,1.1715,0,0,0.22288,0,168.66,playing,0
93.5114,1.1715,0,0,0.22288,0,167.57,playing,0
93.528,-2.1734,0,0,0.19637,0,166.77,playing,0
93.5445,-2.1734,0,0,0.19637,0,166.25,playing,0
93.5611,-2.1734,0,0,0.24134,0,166.02,playing,0
93.5767,-2.5165,0,0,0.24134,0,166.08,playing,0
93.5937,-2.5165,0,0,0.24134,0,166.42,playing,0
93.6103,-2.5165,0,0,0.24537,0,167.16,playing,0
93.6268,-2.7469,0,0,0.24537,0,168.1,playing,0
93.6434,-2.7469,0,0,0.22039,0,169.33,playing,0
93.6604,-2.6975,0,0,0.22039,0,170.94,playing,0
93.6766,-2.6975,0,0,0.22039,0,172.88,playing,0
93.6932,-2.6975,0,0,0.24107,0,174.98,playing,0
93.7092,-2.8985,0,0,0.24107,0,177.36,playing,0
93.7258,-2.8985,0,0,0.24107,0,180.21,playing,0
93.7419,-2.8985,0,0,0.24107,0,183.18,playing,0
93.758,-1.8317,0,0,0.24107,0,186.43,playing,1
93.774,-1.8317,0,0,0.26983,0,189.95,playing,1
93.7896,-1.8317,0,0,0.26983,0,193.76,playing,1
93.8061,-1.7434,0,0,0.26983,0,197.85,playing,1
93.8228,-1.7434,0,0,0.24521,0,202.52,playing,1
93.839,-1.522,0,0,0.24521,0,207.19,playing,1
93.855,-1.522,0,0,0.24521,0,212.15,playing,1
93.8706,-1.522,0,0,0.25049,0,217.38,playing,1
93.8867,-16.2955,1,0,0.25049,0,222.9,playing,1
93.9023,-16.2955,0,0,0.25049,0,216.94,playing,1
93.9195,-16.2955,0,0,0.25049,0,211.26,playing,1
93.936,-9.7063,0,0,0.25454,0,205.55,playing,1
93.9516,-9.7063,0,0,0.25454,0,200.45,playing,1
93.9677,-9.7063,0,0,0.15617,0,195.64,playing,1
93.9838,10.8414,0,0,0.15617,0,191.11,playing,1
93.9999,10.8414,0,0,0.19713,0,186.85,playing,1
94.016,10.8414,0,0,0.19713,0,182.88,playing,1
94.0321,11.4416,0,0,0.19713,0,179.2,playing,1
94.0477,11.4416,0,0,0.19713,0,175.79,playing,1
94.0642,9.2071,0,0,0.19713,0,172.67,playing,1
94.0808,9.2071,0,0,0.16024,0,169.66,playing,1
94.0973,9.2071,0,0,0.16024,0,167.12,playing,1
94.1139,5.159,0,0,0.16024,0,164.73,playing,1
94.1304,5.159,0,0,0.1877,0,162.77,playing,1
94.1476,5.159,0,0,0.1877,0,161.0,playing,1
94.1642,3.4745,0,0,0.17562,0,159.55,playing,1
94.1814,3.4745,0,0,0.17562,0,158.42,playing,1
94.1973,3.4745,0,0,0.23198,1,157.61,playing,1
94.2144,1.4072,0,0,0.23198,0,157.12,playing,1
94.2314,1.4072,0,0,0.23198,0,156.92,playing,1
94.2475,0.5523,0,0,0.21282,0,157.04,playing,1
94.2641,0.5523,0,0,0.21282,0,157.44,playing,1
94.2797,0.5523,0,0,0.23227,0,158.12,playing,1
94.2953,-0.3914,0,0,0.23227,0,159.08,playing,1
94.3124,-0.3914,0,0,0.22268,0,160.32,playing,1
94.3295,-0.3914,0,0,0.22268,0,161.95,playing,1
94.346,-0.7224,0,0,0.22268,0,163.9,playing,1
94.3616,-0.7224,0,0,0.25948,0,166.02,playing,1
94.3782,-0.7224,0,0,0.25948,0,168.43,playing,1
94.3947,-1.0919,0,0,0.24484,0,171.3,playing,1
94.4114,-1.0919,0,0,0.24484,0,174.28,playing,1
94.4274,-1.9987,0,0,0.24484,0,177.76,playing,1
94.4436,-1.9987,0,0,0.28267,0,181.33,playing,1
94.4602,-1.9987,0,0,0.28267,0,185.17,playing,1
94.4757,-1.9987,0,0,0.28267,0,189.3,playing,1
94.4918,-1.9987,0,0,0.25057,0,193.71,playing,1
94.5084,-1.9987,0,0,0.25057,0,198.4,playing,1
94.5244,-1.3855,0,0,0.24984,0,203.7,playing,1
94.541,-1.3855,0,0,0.24984,0,208.97,playing,1
94.557,-1.3855,0,0,0.24984,0,214.52,playing,1
94.5731,-1.3855,0,0,0.27738,0,220.35,playing,1
94.5891,-1.3855,0,0,0.27738,0,226.47,playing,1
94.6047,-1.1279,0,0,0.26807,0,232.86,playing,1
94.6217,-1.1279,0,0,0.26807,0,239.98,playing,1
94.6376,-1.1279,0,0,0.26807,0,246.96,playing,1
94.6546,-0.8158,0,0,0.25886,0,254.22,playing,1
94.6714,-0.8158,0,0,0.25886,0,262.25,playing,1
94.688,-0.8158,0,0,0.26904,0,270.6,playing,1
94.704,-13.7119,1,0,0.26904,0,278.73,playing,1
94.7202,-13.7119,0,0,0.26904,0,272.78,playing,1
94.7373,-13.7119,0,0,0.2774,0,266.76,playing,1
94.7543,-6.8089,0,0,0.2774,0,261.07,playing,1
94.771,-6.8089,0,0,0.25532,0,255.69,playing,1
94.7871,-2.7281,0,0,0.25532,0,250.91,playing,1
94.8032,-2.7281,0,0,0.23743,0,246.41,playing,1
94.8203,-2.7281,0,0,0.23743,0,241.95,playing,1
94.8363,7.9332,0,0,0.23743,0,237.81,playing,1
94.8524,7.9332,0,0,0.2104,0,234.19,playing,1
94.869,7.9332,0,0,0.2104,0,230.86,playing,1
94.8853,13.3743,0,0,0.18336,0,227.8,playing,1
94.9019,13.3743,0,0,0.18336,0,224.88,playing,1
94.9179,12.1332,0,0,0.18336,0,222.4,playing,1
94.934,10.3222,0,0,0.15693,0,220.21,playing,1
94.9501,10.3222,0,0,0.15693,0,218.3,playing,1
94.9667,4.6359,0,0,0.15693,1,216.67,playing,1
94.9838,4.6359,0,0,0.20925,0,215.19,playing,1
95.0004,4.6359,0,0,0.20925,0,214.16,playing,1
95.0178,2.9054,0,0,0.17493,0,213.39,playing,1
95.0339,2.9054,0,0,0.17493,0,212.93,playing,1
95.0498,2.9054,0,0,0.21148,0,212.78,playing,1
95.0654,0.61,0,0,0.21148,0,212.91,playing,1
95.0821,0.61,0,0,0.22307,0,213.32,playing,1
95.0986,0.0107,0,0,0.22307,0,214.02,playing,1
95.1152,-1.1218,0,0,0.22307,0,215.07,playing,1
95.1312,-1.1218,0,0,0.23611,0,216.35,playing,1
95.1484,-2.0228,0,0,0.23611,0,218.02,playing,1
95.1649,-2.0228,0,0,0.25047,0,220.01,playing,1
95.1805,-2.0228,0,0,0.25047,0,222.17,dead,1
95.1972,-2.8868,0,0,0.20865,0,224.6,dead,1
95.2137,-2.8868,0,0,0.20865,0,227.51,dead,1
95.2303,-2.8868,0,0,0.20865,0,230.53,dead,1
95.2474,-2.731,0,0,0.24246,0,234.05,dead,1
95.264,-2.731,0,0,0.24246,0,237.89,dead,1
95.2795,-2.4828,0,0,0.24091,0,241.79,dead,1
95.2976,-2.4828,0,0,0.24091,0,245.97,dead,1
95.3137,-2.4828,0,0,0.23662,0,251.03,dead,1
95.3303,-2.2761,0,0,0.23662,0,255.81,dead,1
95.3473,-2.2761,0,0,0.23662,0,261.2,dead,1
95.3644,-2.2761,0,0,0.28092,0,266.91,dead,1
95.3805,-2.3267,0,0,0.28092,0,272.94,dead,1
95.3971,-2.3267,0,0,0.23141,0,278.9,dead,1
95.4136,-1.797,0,0,0.23141,0,285.55,dead,1
95.4307,-18.4409,1,0,0.23141,0,292.08,dead,1
95.4473,-18.4409,0,0,0.23199,0,285.0,playing,0
95.4638,-13.6907,0,0,0.23199,0,278.69,playing,0
95.4805,-13.6907,0,0,0.242,0,273.03,playing,0
95.4976,-13.6907,0,0,0.242,0,267.33,playing,0
95.5142,-13.6907,0,0,0.25074,0,261.96,playing,0
95.5308,-13.6907,0,0,0.25074,0,256.9,playing,0
95.5474,-13.6907,0,0,0.24529,0,252.42,playing,0
95.5634,10.0297,0,0,0.24529,0,247.98,playing,0
95.5795,10.0297,0,0,0.24529,0,244.08,playing,0
95.5966,13.4827,0,0,0.2138,0,240.46,playing,0
95.6132,13.4827,0,0,0.2138,0,236.93,playing,0
95.6297,13.4827,0,0,0.10599,0,233.72,playing,0
95.6463,8.5931,0,0,0.10599,0,230.99,playing,0
95.6629,8.5931,0,0,0.10599,0,228.4,playing,0
95.6795,8.5931,0,0,0.14261,0,226.24,playing,0
95.6961,6.2035,0,0,0.14261,0,224.27,playing,0
95.7117,6.2035,0,0,0.13658,0,222.69,playing,0
95.7282,4.2457,0,0,0.13658,0,221.4,playing,0
95.7453,4.2457,0,0,0.13658,0,220.34,playing,0
95.7618,4.2457,0,0,0.17675,0,219.6,playing,0
95.7779,0.647,0,0,0.17675,0,219.18,playing,0
95.7945,0.647,0,0,0.17675,0,219.05,playing,0
95.8107,0.647,0,0,0.23672,1,219.23,playing,0
95.8273,0.647,0,0,0.23672,0,219.68,playing,0
95.8438,0.647,0,0,0.17598,0,220.47,playing,0
95.8594,0.647,0,0,0.17598,0,221.5,playing,0
95.8759,-1.378,0,0,0.17598,0,222.81,playing,0
95.8935,-1.378,0,0,0.20896,0,224.52,playing,0
95.9101,-1.3897,0,0,0.20896,0,226.55,playing,0
95.9262,-1.3897,0,0,0.23209,0,228.74,playing,0
95.9429,-1.3897,0,0,0.23209,0,231.38,playing,0
95.959,-1.9108,0,0,0.24058,0,234.15,playing,0
95.9746,-1.9108,0,0,0.24058,0,237.21,playing,0
95.9913,-1.9108,0,0,0.22307,0,240.54,playing,0
96.0084,-1.93,0,0,0.22307,0,244.4,playing,0
96.0253,-1.93,0,0,0.22307,0,248.58,playing,0
96.0424,-1.93,0,0,0.22285,0,253.08,playing,0
96.0585,-1.4684,0,0,0.22285,0,257.89,playing,0
96.0751,-1.4684,0,0,0.272,0,262.7,playing,0
96.0907,-1.2429,0,0,0.272,0,267.8,playing,0
96.1078,-1.2429,0,0,0.272,0,273.17,playing,0
96.1253,-1.2429,0,0,0.28562,0,279.58,playing,0
96.1419,-0.887,0,0,0.28562,0,285.95,playing,0
96.158,-0.887,0,0,0.24532,0,292.22,playing,0
96.1742,-0.887,0,0,0.24532,0,298.77,playing,0
96.1904,-0.5437,0,0,0.24092,0,306.06,playing,0
96.2074,-0.5437,0,0,0.24092,0,313.19,playing,0
96.224,-6.2075,0,0,0.27661,0,321.09,playing,0
96.2407,-17.0773,1,0,0.27661,0,328.81,playing,0
96.2568,-17.0773,0,0,0.27661,0,322.5,playing,0
96.2728,-9.7445,0,0,0.24131,0,316.84,playing,0
96.2889,-9.7445,0,0,0.24131,0,311.46,playing,0
96.3049,-9.7445,0,0,0.16638,0,306.37,playing,0
96.3205,10.3327,0,0,0.16638,0,301.55,playing,0
96.3371,10.3327,0,0,0.16638,0,297.02,playing,0
96.3532,10.3327,0,0,0.20334,0,292.77,playing,0
96.3697,13.0707,0,0,0.20334,0,288.57,playing,0
96.3859,13.0707,0,0,0.13723,0,284.9,playing,0
96.4016,13.0707,0,0,0.13723,0,281.51,playing,0
96.4176,10.1607,0,0,0.13723,0,278.4,playing,0
96.4342,10.1607,0,0,0.15145,0,275.58,playing,0
96.4513,4.3377,0,0,0.15145,0,272.89,playing,0
96.4678,4.3377,0,0,0.16773,0,270.53,playing,0
96.4835,4.3377,0,0,0.16773,0,268.58,playing,0
96.501,3.3292,0,0,0.16773,0,266.92,playing,0
96.5166,3.3292,0,0,0.17256,0,265.47,playing,0
96.5331,3.3292,0,0,0.17256,0,264.38,playing,0
96.5498,0.8699,0,0,0.20883,1,263.55,playing,0
96.5658,0.8699,0,0,0.20883,0,263.05,playing,0
96.5825,0.8699,0,0,0.21496,0,262.83,playing,0
96.5986,-0.0285,0,0,0.21496,0,262.91,playing,0
96.6151,-0.0285,0,0,0.26347,0,263.27,playing,0
96.6322,-0.9375,0,0,0.26347,0,263.97,playing,0
96.6488,-0.9375,0,0,0.26347,0,264.99,playing,0
96.6653,-0.9375,0,0,0.25893,0,266.23,playing,0
96.6819,-1.2994,0,0,0.25893,0,267.86,playing,0
96.6975,-1.2994,0,0,0.26832,0,269.68,playing,0
96.7136,-1.2994,0,0,0.26832,0,271.79,playing,0
96.7307,-2.0605,0,0,0.27241,0,274.17,playing,0
96.7467,-2.0605,0,0,0.27241,0,277.02,playing,0
96.7632,-2.0605,0,0,0.27241,0,279.99,playing,0
96.7794,-2.1859,0,0,0.26338,0,283.45,playing,0
96.7959,-2.1859,0,0,0.26338,0,287.0,playing,0
96.8126,-7.9075,0,0,0.26338,0,290.83,playing,0
96.8293,-7.9075,0,0,0.25134,0,295.21,playing,0
96.8456,-7.9075,0,0,0.25134,0,299.91,playing,0
96.8622,-16.8097,1,0,0.27273,0,304.62,playing,0
96.8783,-16.8097,0,0,0.27273,0,298.66,playing,0
96.8954,-16.8097,0,0,0.24984,0,292.65,playing,0
96.9121,-5.2278,0,0,0.24984,0,286.95,playing,0
96.9282,-5.2278,0,0,0.24984,0,281.88,playing,0
96.9452,6.7804,0,0,0.24524,0,276.8,playing,0
96.9618,6.7804,0,0,0.24524,0,272.04,playing,0
96.9779,6.7804,0,0,0.16098,0,267.84,playing,0
96.994,11.0512,0,0,0.16098,0,263.92,playing,0
97.0101,11.0512,0,0,0.16098,0,260.29,playing,0
97.0256,11.0512,0,0,0.15693,0,256.93,playing,0
97.0417,8.5131,0,0,0.15693,0,253.86,playing,0
97.0583,8.5131,0,0,0.14606,0,251.07,playing,0
97.0749,8.5131,0,0,0.14606,0,248.43,playing,0
97.0905,5.768,0,0,0.14606,0,246.22,playing,0
97.1076,5.768,0,0,0.16936,0,244.29,playing,0
97.1242,3.9009,0,0,0.16936,0,242.56,playing,0
97.1408,2.283,0,0,0.21282,1,241.14,playing,0
97.1565,2.283,0,0,0.21282,0,240.1,playing,0
97.1725,0.6705,0,0,0.21778,0,239.33,playing,0
97.1894,0.6705,0,0,0.21778,0,238.84,playing,0
97.2066,0.6705,0,0,0.21151,0,238.65,playing,0
97.2229,-0.4537,0,0,0.21151,0,238.77,playing,0
97.2386,-0.4537,0,0,0.21151,0,239.16,playing,0
97.2548,-0.4537,0,0,0.2372,0,239.84,playing,0
97.2709,-0.6879,0,0,0.2372,0,240.8,playing,0
97.2875,-0.6879,0,0,0.23207,0,242.04,playing,0
97.304,-1.2838,0,0,0.23207,0,243.67,playing,0
97.321,-1.629,0,0,0.23207,0,245.5,playing,0
97.3381,-1.629,0,0,0.25446,0,247.9,playing,0
97.3546,-1.3842,0,0,0.25446,0,250.49,playing,0
97.3712,-1.3842,0,0,0.23263,0,253.21,playing,0
97.3867,-1.3842,0,0,0.23263,0,256.21,playing,0
97.4033,-1.8576,0,0,0.25917,0,259.49,playing,0
97.4204,-1.8576,0,0,0.25917,0,263.29,playing,0
97.4375,-1.8576,0,0,0.25917,0,267.42,playing,0
97.4536,-3.3883,0,0,0.27726,0,271.86,playing,0
97.4701,-3.3883,0,0,0.27726,0,276.32,playing,0
97.4862,-18.5084,1,0,0.26405,0,281.06,playing,0
97.5027,-18.5084,0,0,0.26405,0,274.75,playing,0
97.5188,-18.5084,0,0,0.26405,0,269.09,playing,0
97.5348,-7.5319,0,0,0.26899,0,263.71,playing,0
97.5509,-7.5319,0,0,0.26899,0,258.61,playing,0
97.567,-7.5319,0,0,0.28156,0,253.8,playing,0
97.5826,7.6026,0,0,0.28156,0,249.27,playing,0
97.5996,7.6026,0,0,0.25446,0,245.02,playing,0
97.6157,7.6026,0,0,0.25446,0,240.82,playing,0
97.6322,11.5201,0,0,0.25446,0,237.15,playing,0
97.6493,11.5201,0,0,0.15074,0,233.57,playing,0
97.6659,7.3431,0,0,0.15074,0,230.3,playing,0
97.6825,7.3431,0,0,0.16115,0,227.51,playing,0
97.6991,7.3431,0,0,0.16115,0,224.86,playing,0
97.7146,7.3431,0,0,0.16655,0,222.65,playing,0
97.7307,7.3431,0,0,0.16655,0,220.73,playing,0
97.7468,7.3431,0,0,0.16655,0,219.08,playing,0
97.7634,1.9341,0,0,0.20514,1,217.71,playing,0
97.7799,1.9341,0,0,0.20514,0,216.58,playing,0
97.7965,1.9341,0,0,0.20939,0,215.8,playing,0
97.813,0.7654,0,0,0.20939,0,215.28,playing,0
97.8286,0.7654,0,0,0.20939,0,215.08,playing,0
97.8446,0.7654,0,0,0.23323,0,215.16,playing,0
97.8607,-0.2571,0,0,0.23323,0,215.52,playing,0
97.8773,-0.2571,0,0,0.25467,0,216.16,playing,0
97.8938,-0.9852,0,0,0.25467,0,217.16,playing,1
97.9099,-0.9852,0,0,0.25467,0,218.38,playing,1
97.9269,-0.9852,0,0,0.28811,0,220.0,playing,1
97.943,-1.2595,0,0,0.28811,0,221.8,playing,1
97.9586,-1.2595,0,0,0.24521,0,223.89,playing,1
97.9746,-1.2595,0,0,0.24521,0,226.25,playing,1
97.9917,-0.9884,0,0,0.24521,0,228.9,playing,1
98.0077,-0.9884,0,0,0.26805,0,232.03,playing,1
98.0243,-1.288,0,0,0.26805,0,235.26,playing,1
98.0408,-1.288,0,0,0.23692,0,239.01,playing,1
98.0564,-1.288,0,0,0.23692,0,242.82,playing,1
98.0729,-1.3667,0,0,0.29147,0,246.91,playing,1
98.0886,-1.3667,0,0,0.29147,0,251.28,playing,1
98.1056,-1.3667,0,0,0.29147,0,255.94,playing,1
98.1223,-1.0761,0,0,0.22307,0,261.2,playing,1
98.1389,-1.0761,0,0,0.22307,0,266.78,playing,1
98.1549,-1.0761,0,0,0.25413,0,272.32,playing,1
98.1705,-0.9594,0,0,0.25413,0,278.13,playing,1
98.1871,-0.9594,0,0,0.23355,0,284.23,playing,1
98.2032,-10.6598,0,0,0.23355,0,290.61,playing,1
98.2203,-15.447,1,0,0.23355,0,297.71,playing,1
98.2369,-15.447,0,0,0.24166,0,291.39,playing,1
98.2529,-7.9201,0,0,0.24166,0,285.73,playing,1
98.269,-7.9201,0,0,0.2281,0,280.36,playing,1
98.2846,-7.9201,0,0,0.2281,0,275.26,playing,1
98.3007,10.376,0,0,0.2281,0,270.45,playing,1
98.3174,10.376,0,0,0.13549,0,265.91,playing,1
98.3339,10.376,0,0,0.13549,0,261.42,playing,1
98.3499,10.2305,0,0,0.13549,0,257.46,playing,1
98.366,10.2305,0,0,0.15575,0,253.79,playing,1
98.3841,8.2612,0,0,0.15575,0,250.21,playing,1
98.4001,8.2612,0,0,0.13965,0,246.95,playing,1
98.4172,8.2612,0,0,0.13965,0,244.0,playing,1
98.4337,4.0389,0,0,0.13965,0,241.37,playing,1
98.4504,4.0389,0,0,0.15457,0,239.18,playing,1
98.4669,4.0389,0,0,0.15457,0,237.17,playing,1
98.4825,2.467,0,0,0.16396,0,235.56,playing,1
98.4991,2.467,0,0,0.16396,0,234.23,playing,1
98.5147,2.467,0,0,0.16396,0,233.18,playing,1
98.5313,0.2722,0,0,0.18953,0,232.41,playing,1
98.5479,0.2722,0,0,0.18953,0,231.92,playing,1
98.5645,-0.4128,0,0,0.21415,1,231.73,playing,1
98.581,-0.4128,0,0,0.21415,0,231.85,playing,1
98.5966,-0.4128,0,0,0.21358,0,232.25,playing,1
98.6131,-0.619,0,0,0.21358,0,232.93,playing,1
98.6297,-0.619,0,0,0.21358,0,233.88,playing,1
98.6462,-0.619,0,0,0.22169,0,235.22,playing,1
98.6628,-0.6652,0,0,0.22169,0,236.87,playing,1
98.6788,-0.6652,0,0,0.22169,0,238.71,playing,1
98.6954,-0.6652,0,0,0.22169,0,240.83,playing,1
98.7124,-1.2302,0,0,0.22207,0,243.4,playing,1
98.729,-1.2302,0,0,0.22207,0,246.29,playing,1
98.7445,-1.4249,0,0,0.25956,0,249.29,playing,1
98.7611,-1.4249,0,0,0.25956,0,252.57,playing,1
98.7766,-1.4249,0,0,0.25956,0,256.14,playing,1
98.7932,-1.4249,0,0,0.24992,0,259.98,playing,1
98.8097,-1.4249,0,0,0.24992,0,264.38,playing,1
98.8263,-1.4249,0,0,0.27341,0,268.81,playing,1
98.8424,-1.3346,0,0,0.27341,0,273.83,playing,1
98.8589,-1.3346,0,0,0.24956,0,278.84,playing,1
98.875,-1.3346,0,0,0.24956,0,284.12,playing,1
98.8906,-3.4762,0,0,0.24956,0,289.69,playing,1
98.9072,-3.4762,0,0,0.24983,0,295.54,playing,1
98.9227,-3.4762,0,0,0.24983,0,301.68,playing,1
98.9388,-11.334,1,0,0.23334,0,308.09,playing,1
98.9554,-11.334,0,0,0.23334,0,302.13,playing,1
98.972,-4.7535,0,0,0.23334,0,296.12,playing,1
98.988,-4.7535,0,0,0.19698,0,290.74,playing,1
99.0041,-4.7535,0,0,0.19698,0,285.65,playing,1
99.0201,12.2439,0,0,0.19698,0,280.83,playing,1
99.036,12.2439,0,0,0.16747,0,276.3,playing,1
99.0522,12.2439,0,0,0.16747,0,272.05,playing,1
99.0694,9.2099,0,0,0.16747,0,267.85,playing,1
99.0865,9.2099,0,0,0.14474,0,263.97,playing,1
99.1035,7.6955,0,0,0.14474,0,260.4,playing,1
99.1201,5.1961,0,0,0.15056,0,257.16,playing,1
99.1366,5.1961,0,0,0.15056,0,254.23,playing,1
99.1533,3.4692,0,0,0.12525,0,251.76,playing,1
99.1698,3.4692,0,0,0.12525,0,249.45,playing,1
99.1865,3.4692,0,0,0.12525,0,247.56,playing,1
99.2031,1.4572,0,0,0.16921,0,245.86,playing,1
99.2191,1.4572,0,0,0.16921,0,244.55,playing,1
99.2347,1.4572,0,0,0.1963,0,243.52,playing,1
99.2507,-0.1473,0,0,0.1963,0,242.77,playing,1
99.2672,-0.1473,0,0,0.2112,1,242.3,playing,1
99.2838,-0.7555,0,0,0.2112,0,242.13,playing,1
99.3008,-0.7555,0,0,0.2112,0,242.24,playing,1
99.3169,-0.7555,0,0,0.21282,0,242.68,playing,1
99.3324,-1.4536,0,0,0.21282,0,243.37,playing,1
99.349,-1.4536,0,0,0.21735,0,244.35,playing,1
99.3651,-1.4536,0,0,0.21735,0,245.61,playing,1
99.3807,-1.509,0,0,0.21735,0,247.14,playing,1
99.3967,-1.509,0,0,0.21735,0,248.97,playing,1
99.4133,-1.509,0,0,0.21735,0,251.07,playing,1
99.4298,-1.8809,0,0,0.24554,0,253.62,playing,1
99.4454,-1.8809,0,0,0.24554,0,256.3,playing,1
99.462,-1.8809,0,0,0.23662,0,259.27,playing,1
99.4775,-1.3204,0,0,0.23662,0,262.51,playing,1
99.4941,-1.3204,0,0,0.23662,0,266.04,playing,1
99.5096,-2.657,0,0,0.24035,0,269.85,playing,1
99.5261,-2.657,0,0,0.24035,0,273.94,playing,1
99.5417,-2.657,0,0,0.24035,0,278.32,playing,1
99.5583,-11.3258,1,0,0.25512,0,282.97,playing,1
99.5744,-11.3258,0,0,0.25512,0,276.66,playing,1
99.5915,-11.3258,0,0,0.20677,0,271.0,playing,1
99.608,-5.2997,0,0,0.20677,0,265.3,playing,1
99.6236,-5.2997,0,0,0.13191,0,260.23,playing,1
99.6397,-5.2997,0,0,0.13191,0,255.43,playing,1
99.6562,12.2233,0,0,0.13191,0,250.91,playing,1
99.6727,12.2233,0,0,0.13191,0,246.43,playing,1
99.6888,10.4457,0,0,0.13191,0,242.5,playing,1
99.7044,10.4457,0,0,0.14641,0,238.85,playing,1
99.7214,10.4457,0,0,0.14641,0,235.48,playing,1
99.7384,7.7285,0,0,0.14641,0,232.21,playing,2
99.7549,7.7285,0,0,0.1565,0,229.27,playing,2
99.7705,7.7285,0,0,0.1565,0,226.77,playing,2
99.787,3.3257,0,0,0.14192,0,224.56,playing,2
99.8041,3.3257,0,0,0.14192,0,222.53,playing,2
99.8207,3.3257,0,0,0.12737,0,220.82,playing,2
99.8373,1.3847,0,0,0.12737,0,219.49,playing,2
99.8538,1.3847,0,0,0.12737,0,218.4,playing,2
99.8703,-0.6208,0,0,0.16487,0,217.65,playing,2
99.887,-0.6208,0,0,0.16487,0,217.17,playing,2
99.9026,-0.6208,0,0,0.22292,1,217.0,playing,2
99.9186,-1.3061,0,0,0.22292,0,217.12,playing,2
99.9352,-1.3061,0,0,0.22292,0,217.51,playing,2
99.9514,-1.3061,0,0,0.20596,0,218.25,playing,2
99.9676,-1.648,0,0,0.20596,0,219.23,playing,2
99.9833,-1.648,0,0,0.23701,0,220.48,playing,2
99.9999,-1.648,0,0,0.23701,0,222.02,playing,2
100.0159,-1.3506,0,0,0.23701,0,223.84,playing,2
100.0315,-1.3506,0,0,0.22285,0,225.95,playing,2
100.0481,-1.6499,0,0,0.22285,0,228.33,playing,2
100.0646,-1.6499,0,0,0.24484,0,231.18,playing,2
100.0812,-1.6499,0,0,0.24484,0,234.15,playing,2
100.0983,-1.7697,0,0,0.23108,0,237.61,playing,2
100.1153,-1.7697,0,0,0.23108,0,241.4,playing,2
100.1324,-1.7697,0,0,0.23108,0,245.5,playing,2
100.1491,-1.8066,0,0,0.23648,0,249.93,playing,2
100.1646,-1.8066,0,0,0.23648,0,254.37,playing,2
100.1816,-1.8066,0,0,0.2112,0,259.09,playing,2
100.1982,-1.747,0,0,0.2112,0,264.43,playing,2
100.2148,-1.747,0,0,0.2112,0,270.09,playing,2
100.2308,-1.1298,0,0,0.23281,0,275.69,playing,2
100.2463,-1.1298,0,0,0.23281,0,281.58,playing,2
100.2629,-1.1298,0,0,0.23199,0,287.75,playing,2
100.2785,-1.2455,0,0,0.23199,0,294.2,playing,2
100.2951,-1.2455,0,0,0.25885,0,300.93,playing,2
100.3111,-1.2455,0,0,0.25885,0,307.94,playing,2
100.3267,-13.623,1,0,0.25885,0,315.23,playing,2
100.3433,-13.623,0,0,0.26404,0,309.28,playing,2
100.3593,-13.623,0,0,0.26404,0,303.26,playing,2
100.3764,-5.6024,0,0,0.26404,0,297.89,playing,2
100.3925,-5.6024,0,0,0.26404,0,292.49,playing,2
100.4086,5.7406,0,0,0.26404,0,287.69,playing,2
100.4247,5.7406,0,0,0.21788,0,283.18,playing,2
100.4412,5.7406,0,0,0.21788,0,278.94,playing,2
100.4583,10.8673,0,0,0.14718,0,274.76,playing,2
100.4754,10.8673,0,0,0.14718,0,270.9,playing,2
100.492,10.8673,0,0,0.14718,0,267.36,playing,2
100.5076,8.4399,0,0,0.17257,0,264.3,playing,2
100.5247,8.4399,0,0,0.17257,0,261.53,playing,2
100.5408,8.4399,0,0,0.15186,0,258.9,playing,2
100.5564,8.4399,0,0,0.15186,0,256.71,playing,2
100.573,8.4399,0,0,0.15186,0,254.8,playing,2
100.5887,6.0118,0,0,0.10976,0,253.17,playing,2
100.6052,6.0118,0,0,0.10976,0,251.82,playing,2
100.6217,6.0118,0,0,0.21282,1,250.71,playing,2
100.6383,0.3491,0,0,0.21282,0,249.94,playing,2
100.6554,0.3491,0,0,0.21282,0,249.45,playing,2
100.672,0.3491,0,0,0.25992,0,249.27,playing,2
100.6882,-0.3407,0,0,0.25992,0,249.38,playing,2
100.7048,-0.3407,0,0,0.24209,0,249.82,playing,2
100.7209,-0.3407,0,0,0.24209,0,250.52,playing,2
100.737,-0.3407,0,0,0.24209,0,251.49,playing,2
100.7528,-0.3407,0,0,0.24554,0,252.75,playing,2
100.7688,-1.2744,0,0,0.24554,0,254.29,playing,2
100.7854,-1.4113,0,0,0.21811,0,256.24,playing,2
100.8025,-1.4113,0,0,0.21811,0,258.36,playing,2
100.819,-1.6211,0,0,0.24521,0,260.93,playing,2
100.8346,-1.6211,0,0,0.24521,0,263.63,playing,2
100.8519,-1.6211,0,0,0.24521,0,266.62,playing,2
100.868,-1.8801,0,0,0.24131,0,270.1,playing,2
100.8835,-1.8801,0,0,0.24131,0,273.66,playing,2
100.9001,-1.8801,0,0,0.25457,0,277.51,playing,2
100.9172,-1.6312,0,0,0.25457,0,281.91,playing,2
100.9343,-1.6312,0,0,0.2594,0,286.63,playing,2
100.9514,-5.6653,0,0,0.2594,0,291.67,playing,2
100.9685,-5.6653,0,0,0.2736,0,297.03,playing,2
100.9851,-5.6653,0,0,0.2736,0,302.7,playing,2
101.0007,-12.3534,1,0,0.2736,0,308.33,playing,2
101.0162,-12.3534,0,0,0.25446,0,302.37,playing,2
101.0323,-12.3534,0,0,0.25446,0,296.69,playing,2
101.0494,-5.8494,0,0,0.26777,0,291.3,playing,2
101.0654,-5.8494,0,0,0.26777,0,285.88,playing,2
101.0816,-5.8494,0,0,0.26777,0,281.07,playing,2
101.0976,5.5266,0,0,0.20298,0,276.53,playing,2
101.1137,5.5266,0,0,0.20298,0,272.28,playing,2
101.1298,11.8626,0,0,0.15516,0,268.31,playing,2
101.1459,11.8626,0,0,0.15516,0,264.63,playing,2
101.1625,11.8626,0,0,0.15516,0,261.22,playing,2
101.1796,8.754,0,0,0.1619,0,257.92,playing,2
101.1962,8.754,0,0,0.1619,0,254.93,playing,2
101.2122,8.754,0,0,0.14098,0,252.41,playing,2
101.2288,3.6866,0,0,0.14098,0,250.04,playing,2
101.2445,3.6866,0,0,0.14359,0,248.1,playing,2
101.2607,3.6866,0,0,0.14359,0,246.43,playing,2
101.2773,1.8356,0,0,0.14359,0,245.05,playing,2
101.2939,1.8356,0,0,0.15352,0,243.9,playing,2
101.3095,0.0424,0,0,0.15352,0,243.1,playing,2
101.3265,0.0424,0,0,0.20111,0,242.58,playing,2
101.3427,0.0424,0,0,0.20111,0,242.34,playing,2
101.3591,-0.8877,0,0,0.20111,1,242.4,playing,2
101.3762,-0.8877,0,0,0.20523,0,242.79,playing,2
101.3925,-0.8877,0,0,0.20523,0,243.49,playing,2
101.4091,-1.5322,0,0,0.25455,0,244.43,playing,2
101.425,-1.5322,0,0,0.25455,0,245.65,playing,2
101.4406,-1.5322,0,0,0.25455,0,247.15,playing,2
101.4571,-1.7053,0,0,0.22287,0,248.94,playing,2
101.4737,-1.7053,0,0,0.22287,0,251.01,playing,2
101.4898,-1.7053,0,0,0.25885,0,253.52,playing,2
101.5053,-1.7053,0,0,0.25885,0,256.17,playing,2
101.5225,-1.7053,0,0,0.25885,0,259.1,playing,2
101.5392,-1.8398,0,0,0.25047,0,262.53,playing,2
101.5563,-1.8398,0,0,0.25047,0,266.28,playing,2
101.5728,-1.8398,0,0,0.24991,0,270.34,playing,2
101.5884,-1.4081,0,0,0.24991,0,274.45,playing,3
101.6054,-1.4081,0,0,0.25851,0,278.84,playing,3
101.6215,-1.4081,0,0,0.25851,0,283.83,playing,3
101.638,-2.7691,0,0,0.25851,0,288.8,playing,3
101.6539,-2.7691,0,0,0.25446,0,294.05,playing,3
101.6701,-14.3006,1,0,0.25446,0,299.58,playing,3
101.6861,-14.3006,0,0,0.25423,0,293.63,playing,3
101.7032,-14.3006,0,0,0.25423,0,287.61,playing,3
101.7203,-7.6954,0,0,0.25423,0,281.92,playing,3
101.7374,-7.6954,0,0,0.26891,0,276.54,playing,3
101.7539,-7.6954,0,0,0.26891,0,271.48,playing,3
101.7695,10.7952,0,0,0.23207,0,267.0,playing,3
101.7855,10.7952,0,0,0.23207,0,262.8,playing,3
101.8028,10.7952,0,0,0.23207,0,258.89,playing,3
101.8196,11.7861,0,0,0.14302,0,255.04,playing,3
101.8364,11.7861,0,0,0.14302,0,251.52,playing,3
101.853,9.6297,0,0,0.15544,0,248.31,playing,3
101.8686,9.6297,0,0,0.15544,0,245.57,playing,3
101.8852,9.6297,0,0,0.15563,0,243.11,playing,3
101.9022,4.4153,0,0,0.15563,0,240.82,playing,3
101.9188,4.4153,0,0,0.15563,0,238.85,playing,3
101.9353,4.4153,0,0,0.14635,0,237.27,playing,3
101.9519,3.2289,0,0,0.14635,0,235.92,playing,3
101.968,3.2289,0,0,0.23068,1,234.92,playing,3
101.9841,2.0067,0,0,0.23068,0,234.21,playing,3
102.0002,0.8835,0,0,0.23694,0,233.78,playing,3
102.0172,0.8835,0,0,0.23694,0,233.63,playing,3
102.0338,0.3076,0,0,0.23694,0,233.81,playing,3
102.0504,0.3076,0,0,0.23263,0,234.26,playing,3
102.067,0.3076,0,0,0.23263,0,235.05,playing,3
102.0826,-0.2927,0,0,0.23624,0,236.08,playing,3
102.0992,-0.2927,0,0,0.23624,0,237.39,playing,3
102.1162,-0.2927,0,0,0.23624,0,239.1,playing,3
102.1333,-1.3476,0,0,0.22712,0,241.13,playing,3
102.1499,-1.3476,0,0,0.22712,0,243.48,playing,3
102.166,-1.3422,0,0,0.24554,0,245.97,playing,3
102.1816,-1.3422,0,0,0.24554,0,248.74,playing,3
102.1982,-1.3422,0,0,0.25428,0,251.79,playing,3
102.2142,-2.1027,0,0,0.25428,0,255.13,playing,3
102.2308,-2.1027,0,0,0.25428,0,258.99,playing,3
102.2468,-2.1027,0,0,0.25592,0,262.9,playing,3
102.2634,-15.6214,1,0,0.25592,0,267.1,playing,3
102.2795,-15.6214,0,0,0.26769,0,260.79,playing,3
102.2956,-15.6214,0,0,0.26769,0,255.13,playing,3
102.3122,-8.5956,0,0,0.25115,0,249.75,playing,3
102.3286,-8.5956,0,0,0.25115,0,244.65,playing,3
102.3456,1.3575,0,0,0.25115,0,239.56,playing,3
102.3617,1.3575,0,0,0.22769,0,234.78,playing,3
102.3778,1.3575,0,0,0.22769,0,230.56,playing,3
102.3938,9.5729,0,0,0.15418,0,226.63,playing,3
102.4099,9.5729,0,0,0.15418,0,222.97,playing,3
102.4259,9.5729,0,0,0.15418,0,219.6,playing,3
102.442,10.5945,0,0,0.14865,0,216.51,playing,3
102.4576,10.5945,0,0,0.14865,0,213.71,playing,3
102.4738,10.5945,0,0,0.14865,0,211.18,playing,3
102.4895,7.0082,0,0,0.1479,0,208.93,playing,3
102.5061,7.0082,0,0,0.1479,0,206.97,playing,3
102.5217,7.0082,0,0,0.12468,0,205.29,playing,3
102.5377,4.7367,0,0,0.12468,0,203.89,playing,3
102.5538,4.7367,0,0,0.12468,0,202.77,playing,3
102.5698,0.9326,0,0,0.19281,0,201.93,playing,3
102.5865,0.9326,0,0,0.19281,0,201.38,playing,3
102.6031,0.9326,0,0,0.22703,1,201.11,playing,3
102.6191,-0.0632,0,0,0.22703,0,201.13,playing,3
102.6347,-0.0632,0,0,0.22703,0,201.44,playing,3
102.6508,-0.0632,0,0,0.21496,0,202.03,playing,3
102.6674,-1.3755,0,0,0.21496,0,202.9,playing,3
102.684,-1.3755,0,0,0.25047,0,204.14,playing,3
102.7002,-1.3755,0,0,0.25047,0,205.59,playing,3
102.7162,-1.4291,0,0,0.25584,0,207.33,playing,3
102.7323,-1.4291,0,0,0.25584,0,209.48,playing,3
102.749,-1.582,0,0,0.25584,0,211.8,playing,3
102.7651,-1.582,0,0,0.24484,0,214.39,playing,3
102.7817,-1.582,0,0,0.24484,0,217.47,playing,3
102.7984,-1.4631,0,0,0.24577,0,220.64,playing,3
102.8154,-1.4631,0,0,0.24577,0,224.34,playing,3
102.832,-1.4631,0,0,0.26338,0,228.35,playing,3
102.8481,-1.3252,0,0,0.26338,0,232.4,playing,3
102.8636,-1.3252,0,0,0.26338,0,236.74,playing,3
102.8802,-1.3252,0,0,0.25974,0,241.36,playing,3
102.8962,-0.7639,0,0,0.25974,0,246.26,playing,3
102.9129,-0.7639,0,0,0.27669,0,251.79,playing,3
102.9289,-8.0374,0,0,0.27669,0,257.27,playing,3
102.9458,-8.0374,0,0,0.27669,0,263.03,playing,3
102.9634,-8.0374,0,0,0.26769,0,269.87,playing,3
102.9795,-11.0801,1,0,0.26769,0,276.65,playing,3
102.9966,-11.0801,0,0,0.30211,0,270.69,playing,3
103.0136,-11.0801,0,0,0.30211,0,264.68,playing,3
103.0302,-5.6597,0,0,0.2764,0,258.98,playing,3
103.0468,-5.6597,0,0,0.2764,0,253.61,playing,3
103.0628,-0.5795,0,0,0.2764,0,248.83,playing,3
103.0789,-0.5795,0,0,0.17181,0,244.33,playing,3
103.095,-0.5795,0,0,0.17181,0,240.11,playing,3
103.1107,14.4162,0,0,0.17181,0,236.18,playing,3
103.1284,14.4162,0,0,0.14078,0,232.32,playing,3
103.145,14.4162,0,0,0.14078,0,228.77,playing,3
103.1606,12.1335,0,0,0.1138,0,225.72,playing,3
103.1771,12.1335,0,0,0.1138,0,222.94,playing,3
103.1927,12.1335,0,0,0.15806,0,220.45,playing,3
103.2092,5.8402,0,0,0.15806,0,218.24,playing,3
103.2258,5.8402,0,0,0.15806,0,216.21,playing,3
103.2424,5.8402,0,0,0.14242,0,214.58,playing,3
103.2585,3.4568,0,0,0.14242,0,213.17,playing,3
103.2755,3.4568,0,0,0.18923,0,212.12,playing,3
103.2922,1.6506,0,0,0.18923,0,211.33,playing,3
103.3083,1.6506,0,0,0.24131,1,210.86,playing,3
103.3253,1.6506,0,0,0.24131,0,210.68,playing,3
103.3419,-0.8991,0,0,0.24131,0,210.82,playing,3
103.3574,-0.8991,0,0,0.23132,0,211.24,playing,3
103.3735,-0.8991,0,0,0.23132,0,211.93,playing,3
103.3901,-0.8991,0,0,0.23132,0,212.91,playing,3
103.4056,-0.8991,0,0,0.20154,0,214.16,playing,3
103.4222,-0.8991,0,0,0.20154,0,215.7,playing,3
103.4389,-2.1251,0,0,0.22445,0,217.66,playing,4
103.455,-2.1251,0,0,0.22445,0,219.78,playing,4
103.4711,-2.1202,0,0,0.22445,0,222.18,playing,4
103.4872,-2.1202,0,0,0.22445,0,224.86,playing,4
103.5037,-2.1202,0,0,0.23723,0,228.03,playing,4
103.5197,-2.0972,0,0,0.23723,0,231.29,playing,4
103.5365,-2.0972,0,0,0.24092,0,234.84,playing,4
103.5531,-2.0972,0,0,0.24092,0,238.92,playing,4
103.5686,-2.2862,0,0,0.24092,0,243.05,playing,4
103.5853,-2.2862,0,0,0.25431,0,247.46,playing,4
103.602,-2.2862,0,0,0.25431,0,252.46,playing,4
103.6181,-2.2862,0,0,0.25038,0,257.45,playing,4
103.6336,-2.2862,0,0,0.25038,0,262.72,playing,4
103.6502,-2.1809,0,0,0.23572,0,268.27,playing,4
103.6673,-2.1809,0,0,0.23572,0,274.49,playing,4
103.6839,-2.1809,0,0,0.23572,0,281.02,playing,4
103.6994,-14.6102,1,0,0.24156,0,287.45,playing,4
103.716,-14.6102,0,0,0.24156,0,281.5,playing,4
103.7322,-14.6102,0,0,0.24156,0,275.82,playing,4
103.7488,-8.3174,0,0,0.24592,0,270.11,playing,4
103.7653,-8.3174,0,0,0.24592,0,265.01,playing,4
103.7825,-8.3174,0,0,0.19056,0,259.91,playing,4
103.799,7.0791,0,0,0.19056,0,255.13,playing,4
103.8151,7.0791,0,0,0.1673,0,250.92,playing,4
103.8317,11.4879,0,0,0.1673,0,246.76,playing,4
103.8484,11.4879,0,0,0.1673,0,243.12,playing,4
103.8651,11.4879,0,0,0.17881,0,239.58,playing,4
103.8817,7.9883,0,0,0.17881,0,236.35,playing,4
103.8984,7.9883,0,0,0.17881,0,233.6,playing,4
103.9155,7.9883,0,0,0.17881,0,230.99,playing,4
103.9315,4.9892,0,0,0.15418,0,228.69,playing,4
103.9478,4.9892,0,0,0.15418,0,226.82,playing,4
103.9645,3.3039,0,0,0.17881,0,225.23,playing,4
103.9804,3.3039,0,0,0.17881,0,223.85,playing,4
103.997,3.3039,0,0,0.17881,0,222.84,playing,4
104.0132,0.8613,0,0,0.23701,1,222.11,playing,4
104.0298,0.8613,0,0,0.23701,0,221.65,playing,4
104.0454,0.8613,0,0,0.2552,0,221.5,playing,4
104.062,0.0046,0,0,0.2552,0,221.63,playing,4
104.0782,0.0046,0,0,0.2552,0,222.04,playing,4
104.0944,0.0046,0,0,0.26369,0,222.8,playing,4
104.1108,-0.6855,0,0,0.26369,0,223.79,playing,4
104.1263,-0.6855,0,0,0.27208,0,225.07,playing,4
104.1434,-0.8927,0,0,0.27208,0,226.62,playing,4
104.16,-0.8927,0,0,0.27178,0,228.59,playing,4
104.1765,-0.8927,0,0,0.27178,0,230.88,playing,4
104.1932,-1.1748,0,0,0.27178,0,233.32,playing,4
104.2098,-1.1748,0,0,0.24985,0,236.23,playing,4
104.2253,-1.1748,0,0,0.24985,0,239.25,playing,4
104.2419,-3.2782,0,0,0.24984,0,242.55,playing,4
104.2586,-3.2782,0,0,0.24984,0,246.13,playing,4
104.2756,-3.2782,0,0,0.26059,0,250.25,playing,4
104.292,-11.6403,0,0,0.26059,0,254.69,playing,4
104.3081,-11.6403,0,0,0.26059,0,259.15,playing,4
104.3246,-13.1378,1,0,0.26059,0,264.21,playing,4
104.3408,-13.1378,0,0,0.26059,0,258.25,playing,4
104.3568,-13.1378,0,0,0.28265,0,252.57,playing,4
104.3723,-4.6811,0,0,0.28265,0,247.18,playing,4
104.3894,-4.6811,0,0,0.28265,0,242.06,playing,4
104.406,-4.6811,0,0,0.26833,0,236.95,playing,4
104.4225,5.4432,0,0,0.26833,0,232.42,playing,4
104.4392,5.4432,0,0,0.1573,0,227.92,playing,4
104.4552,5.4432,0,0,0.1573,0,223.96,playing,4
104.4741,11.7511,0,0,0.1573,0,220.08,playing,4
104.4902,11.7511,0,0,0.16056,0,216.14,playing,4
104.5065,9.3271,0,0,0.16056,0,213.11,playing,4
104.523,9.3271,0,0,0.14019,0,210.35,playing,4
104.5392,9.3271,0,0,0.14019,0,207.88,playing,4
104.5562,4.3977,0,0,0.14019,0,205.57,playing,4
104.573,4.3977,0,0,0.18159,0,203.57,playing,4
104.5893,4.3977,0,0,0.18159,0,201.98,playing,4
104.6064,2.343,0,0,0.18159,0,200.61,playing,4
104.623,2.343,0,0,0.18159,0,199.55,playing,4
104.6395,1.3054,0,0,0.18159,0,198.84,playing,4
104.6561,1.3054,0,0,0.20115,0,198.39,playing,4
104.6732,1.3054,0,0,0.20115,0,198.27,playing,4
104.6903,0.4543,0,0,0.22776,1,198.47,playing,4
104.7068,0.4543,0,0,0.22776,0,198.98,playing,4
104.7233,0.4543,0,0,0.23756,0,199.75,playing,4
104.7399,-0.9118,0,0,0.23756,0,200.88,playing,4
104.7559,-0.9118,0,0,0.23756,0,202.22,playing,4
104.7721,-0.9118,0,0,0.23207,0,203.85,playing,4
104.7885,-2.1197,0,0,0.23207,0,205.76,playing,4
104.805,-2.1197,0,0,0.25956,0,208.1,playing,4
104.821,-2.6989,0,0,0.25956,0,210.59,playing,4
104.8371,-2.6989,0,0,0.25956,0,213.36,playing,4
104.8542,-2.6989,0,0,0.23702,0,216.63,playing,4
104.8708,-2.1527,0,0,0.23702,0,220.21,playing,4
104.8875,-2.1527,0,0,0.24521,0,223.86,playing,4
104.904,-2.1527,0,0,0.24521,0,228.06,playing,4
104.9206,-15.75,1,0,0.25111,0,232.29,playing,4
104.9376,-15.75,0,0,0.25111,0,225.98,playing,4
104.9547,-14.6547,0,0,0.25876,0,219.98,playing,4
104.9707,-14.6547,0,0,0.25876,0,214.31,playing,4
104.9868,-14.6547,0,0,0.14458,0,209.24,playing,4
105.0033,0.1605,0,0,0.14458,0,204.47,playing,4
105.0203,0.1605,0,0,0.14458,0,199.71,playing,4
105.0369,0.1605,0,0,0.14048,0,195.26,playing,4
105.0534,9.3419,0,0,0.14048,0,191.36,playing,4
105.07,9.3419,0,0,0.15359,0,187.54,playing,4
105.0856,9.3419,0,0,0.15359,0,184.22,playing,4
105.1017,9.574,0,0,0.15359,0,181.18,playing,4
105.1178,9.574,0,0,0.12304,0,178.43,playing,4
105.1344,6.9418,0,0,0.12304,0,175.96,playing,4
105.151,6.9418,0,0,0.12304,0,173.64,playing,4
105.1675,6.9418,0,0,0.15647,0,171.75,playing,4
105.1841,5.3709,0,0,0.15647,0,170.06,playing,4
105.1998,5.3709,0,0,0.15461,0,168.75,playing,4
105.2158,5.3709,0,0,0.15461,0,167.72,playing,4
105.2317,1.6987,0,0,0.18738,0,166.97,playing,4
105.2474,1.6987,0,0,0.18738,0,166.5,playing,4
105.2639,1.6987,0,0,0.18738,0,166.31,playing,4
105.28,0.6683,0,0,0.2283,1,166.41,playing,5
105.2955,0.6683,0,0,0.2283,0,166.79,playing,5
105.3121,0.6683,0,0,0.2283,0,167.45,playing,5
105.3283,-0.2451,0,0,0.2283,0,168.39,playing,5
105.3449,-0.2451,0,0,0.26411,0,169.71,playing,5
105.3605,-0.8069,0,0,0.26411,0,171.23,playing,5
105.3771,-0.8069,0,0,0.26411,0,173.03,playing,5
105.3925,-0.8069,0,0,0.21946,0,175.12,playing,5
105.4095,-0.8069,0,0,0.21946,0,177.48,playing,5
105.4265,-0.8069,0,0,0.20963,0,180.31,playing,5
105.4425,-0.8069,0,0,0.20963,0,183.46,playing,5
105.4586,-2.0243,0,0,0.24496,0,186.71,playing,5
105.4746,-2.0243,0,0,0.24496,0,190.24,playing,5
105.4907,-2.0243,0,0,0.24496,0,194.05,playing,5
105.5062,-2.1574,0,0,0.25917,0,198.14,playing,5
105.5234,-2.1574,0,0,0.25917,0,202.51,playing,5
105.54,-2.5503,0,0,0.25917,0,207.48,playing,5
105.5566,-3.6787,0,0,0.25916,0,212.76,playing,5
105.5742,-3.6787,0,0,0.25916,0,218.01,playing,5
105.5899,-16.053,1,0,0.25916,0,223.91,playing,5
105.6057,-16.053,0,0,0.25916,0,217.95,playing,5
105.6218,-16.053,0,0,0.2724,0,212.27,playing,5
105.6384,-15.061,0,0,0.2724,0,206.88,playing,5
105.6554,-15.061,0,0,0.2724,0,201.46,playing,5
105.6724,-15.061,0,0,0.25992,0,196.37,playing,5
105.6888,-2.9604,0,0,0.25992,0,191.59,playing,5
105.7048,-2.9604,0,0,0.25992,0,187.37,playing,5
105.7212,10.3873,0,0,0.14825,0,183.44,playing,5
105.7384,10.3873,0,0,0.14825,0,179.58,playing,5
105.7546,10.3873,0,0,0.23034,1,176.03,playing,5
105.7707,10.8564,0,0,0.23034,0,172.98,playing,5
105.7869,10.8564,0,0,0.23034,0,170.21,playing,5
105.8042,10.8564,0,0,0.16958,0,167.58,playing,5
105.8212,8.8199,0,0,0.16958,0,165.27,playing,5
105.8373,8.8199,0,0,0.14845,0,163.37,playing,5
105.8543,6.4295,0,0,0.14845,0,161.68,playing,5
105.8709,6.4295,0,0,0.16638,0,160.31,playing,5
105.8871,6.4295,0,0,0.16638,0,159.29,playing,5
105.9028,2.2842,0,0,0.17049,0,158.56,playing,5
105.9188,2.2842,0,0,0.17049,0,158.11,playing,5
105.9353,2.2842,0,0,0.17049,0,157.94,playing,5
105.9525,1.2851,0,0,0.16728,0,158.08,playing,5
105.9695,1.2851,0,0,0.16728,0,158.54,playing,5
105.9856,1.2851,0,0,0.21623,0,159.32,playing,5
106.0022,0.4066,0,0,0.21623,0,160.33,playing,5
106.0193,0.4066,0,0,0.26264,0,161.72,playing,5
106.0364,-0.9129,0,0,0.26264,0,163.43,playing,5
106.0535,-0.9129,0,0,0.26264,0,165.46,playing,5
106.0696,-0.9129,0,0,0.22703,0,167.8,playing,5
106.0862,-1.1799,0,0,0.22703,0,170.29,playing,5
106.1028,-1.1799,0,0,0.25974,0,173.26,playing,5
106.1184,-1.1799,0,0,0.25974,0,176.33,playing,5
106.135,-0.9388,0,0,0.26951,0,179.68,playing,5
106.1511,-0.9388,0,0,0.26951,0,183.31,playing,5
106.1666,-0.9388,0,0,0.26951,0,187.23,playing,5
106.1832,-0.9388,0,0,0.27835,0,191.42,playing,5
106.1988,-0.9388,0,0,0.27835,0,195.9,playing,5
106.2153,-1.4832,0,0,0.24563,0,200.66,playing,5
106.2319,-1.4832,0,0,0.24563,0,206.04,playing,5
106.2481,-1.4832,0,0,0.25567,0,211.38,playing,5
106.2636,-0.9865,0,0,0.25567,0,217.0,playing,5
106.2801,-0.9865,0,0,0.25567,0,222.91,playing,5
106.2962,-0.9865,0,0,0.26411,0,229.09,playing,5
106.3127,-1.523,0,0,0.26411,0,235.98,playing,5
106.3293,-1.523,0,0,0.16944,0,242.75,playing,5
106.3464,-1.523,0,0,0.16944,0,250.25,playing,5
106.3639,7.1838,1,0,0.16944,0,258.08,playing,5
106.38,7.1838,0,0,0.16944,0,251.77,playing,5
106.3961,10.5168,0,0,0.16944,0,246.11,playing,5
106.4127,10.5168,0,0,0.16944,0,240.41,playing,5
106.4294,10.5168,0,0,0.17144,0,235.33,playing,5
106.4462,6.3655,0,0,0.17144,0,230.26,playing,5
106.4627,6.3655,0,0,0.17144,0,225.5,playing,5
106.4788,6.3655,0,0,0.17144,0,221.3,playing,5
106.4944,4.3151,0,0,0.15002,0,217.38,playing,5
106.5105,4.3151,0,0,0.15002,0,213.75,playing,5
106.5271,4.3151,0,0,0.21908,1,210.39,playing,5
106.5427,4.3151,0,0,0.21908,0,207.32,playing,5
106.5587,4.3151,0,0,0.21908,0,204.53,playing,5
106.5747,2.0281,0,0,0.20448,0,202.02,playing,5
106.5909,1.3925,0,0,0.20448,0,199.79,playing,5
106.607,1.3925,0,0,0.24155,0,197.85,playing,5
106.6225,0.2781,0,0,0.24155,0,196.18,playing,5
106.6391,0.2781,0,0,0.24155,0,194.8,playing,5
106.6551,0.2781,0,0,0.26901,0,193.7,playing,5
106.6722,-0.5967,0,0,0.26901,0,192.85,playing,5
106.6888,-0.5967,0,0,0.24031,0,192.32,playing,5
106.7048,-0.5967,0,0,0.24031,0,192.1,playing,5
106.7214,-1.0315,0,0,0.24031,0,192.16,playing,5
106.738,-1.0315,0,0,0.23199,0,192.54,playing,5
106.7545,-1.5682,0,0,0.23199,0,193.18,playing,5
106.771,-1.5682,0,0,0.2604,0,194.18,playing,5
106.7872,-1.5682,0,0,0.2604,0,195.4,playing,5
106.8033,-1.6233,0,0,0.24237,0,196.91,playing,5
106.8203,-1.6233,0,0,0.24237,0,198.82,playing,5
106.837,-1.6233,0,0,0.24237,0,201.06,playing,5
106.8531,-1.4804,0,0,0.25893,0,203.44,playing,5
106.8691,-1.4804,0,0,0.25893,0,206.11,playing,5
106.8852,-1.4804,0,0,0.2634,0,209.05,playing,5
106.9023,-12.3829,1,0,0.2634,0,212.5,playing,5
106.9189,-12.3829,0,0,0.25983,0,206.19,playing,5
106.9354,-15.9218,0,0,0.25983,0,200.53,playing,5
106.9521,-15.9218,0,0,0.25983,0,194.84,playing,5
106.9677,-15.9218,0,0,0.241,0,189.76,playing,5
106.9838,4.598,0,0,0.241,0,184.96,playing,5
107.0,4.598,0,0,0.24154,0,180.45,playing,5
107.0165,4.598,0,0,0.24154,0,176.21,playing,5
107.033,10.7351,0,0,0.22307,0,172.03,playing,5
107.0486,10.7351,0,0,0.22307,0,168.38,playing,5
107.0652,10.7351,0,0,0.22307,0,165.01,playing,5
107.0808,10.3644,0,0,0.17046,0,161.92,playing,5
107.0964,10.3644,0,0,0.17046,0,159.11,playing,5
107.1135,8.3214,0,0,0.1446,0,156.58,playing,5
107.1295,5.7311,0,0,0.1446,0,154.22,playing,6
107.146,5.7311,0,0,0.14749,0,152.27,playing,6
107.1621,5.7311,0,0,0.14749,0,150.61,playing,6
107.1776,5.7311,0,0,0.14749,0,149.23,playing,6
107.1942,5.7311,0,0,0.17456,0,148.12,playing,6
107.2108,2.8382,0,0,0.17456,0,147.27,playing,6
107.2274,2.8382,0,0,0.19772,0,146.75,playing,6
107.2439,2.8382,0,0,0.19772,0,146.52,playing,6
107.2595,0.4283,0,0,0.22841,1,146.58,playing,6
107.2756,0.4283,0,0,0.22841,0,146.92,playing,6
107.2917,0.4283,0,0,0.22841,0,147.55,playing,6
107.3084,-0.3553,0,0,0.23199,0,148.45,playing,6
107.3249,-0.3553,0,0,0.23199,0,149.73,playing,6
107.3415,-1.5875,0,0,0.26013,0,151.22,playing,6
107.358,-1.5875,0,0,0.26013,0,153.11,playing,6
107.3736,-1.5875,0,0,0.26013,0,155.18,playing,6
107.3903,-1.6127,0,0,0.20677,0,157.53,playing,6
107.4074,-1.6127,0,0,0.20677,0,160.34,playing,6
107.4244,-1.6127,0,0,0.20677,0,163.48,playing,6
107.4411,-1.729,0,0,0.24521,0,166.92,playing,6
107.4571,-1.729,0,0,0.24521,0,170.45,playing,6
107.4732,-1.7023,0,0,0.25962,0,174.26,playing,6
107.4903,-1.7023,0,0,0.25962,0,178.63,playing,6
107.5068,-1.7023,0,0,0.26012,0,183.31,playing,6
107.5224,-1.4971,0,0,0.26012,0,188.0,playing,6
107.539,-1.4971,0,0,0.26012,0,192.97,playing,6
107.5546,-1.4971,0,0,0.23273,0,198.23,playing,6
107.5707,-1.2382,0,0,0.23273,0,203.76,playing,6
107.5869,-1.2382,0,0,0.23273,0,209.58,playing,6
107.6029,-1.2382,0,0,0.22899,0,215.67,playing,6
107.6194,-1.1177,0,0,0.22899,0,222.05,playing,6
107.6361,-1.1177,0,0,0.24587,0,229.15,playing,6
107.6521,-1.1177,0,0,0.24587,0,236.11,playing,6
107.6687,-14.8033,1,0,0.25974,0,243.82,playing,6
107.6854,-14.8033,0,0,0.25974,0,237.86,playing,6
107.702,-7.6657,0,0,0.25974,0,231.85,playing,6
107.7181,-7.6657,0,0,0.25974,0,226.47,playing,6
107.7342,-7.6657,0,0,0.25974,0,221.38,playing,6
107.7507,-1.9985,0,0,0.25932,0,216.28,playing,6
107.7668,-1.9985,0,0,0.25932,0,211.76,playing,6
107.7829,-1.9985,0,0,0.22407,0,207.53,playing,6
107.799,12.0894,0,0,0.22407,0,203.58,playing,6
107.8156,12.0894,0,0,0.22407,0,199.91,playing,6
107.8326,12.0894,0,0,0.13735,0,196.14,playing,6
107.8488,10.5015,0,0,0.13735,0,193.06,playing,6
107.8649,10.5015,0,0,0.17846,0,190.27,playing,6
107.8804,5.572,0,0,0.17846,0,187.76,playing,6
107.897,5.572,0,0,0.17846,1,185.54,playing,6
107.9144,5.572,0,0,0.21365,0,183.49,playing,6
107.9306,3.8514,0,0,0.21365,0,181.76,playing,6
107.947,3.8514,0,0,0.24175,0,180.41,playing,6
107.9627,3.8514,0,0,0.24175,0,179.35,playing,6
107.9793,2.3343,0,0,0.24992,0,178.56,playing,6
107.9959,2.3343,0,0,0.24992,0,178.05,playing,6
108.0114,2.3343,0,0,0.21988,0,177.84,playing,6
108.028,0.7605,0,0,0.21988,0,177.92,playing,6
108.0445,0.7605,0,0,0.21988,0,178.28,playing,6
108.0607,-0.2664,0,0,0.25485,0,178.98,playing,6
108.0774,-0.2664,0,0,0.25485,0,179.92,playing,6
108.094,-0.2664,0,0,0.27186,0,181.24,playing,6
108.1096,-0.7288,0,0,0.27186,0,182.76,playing,6
108.1262,-0.7288,0,0,0.224,0,184.56,playing,6
108.1433,-0.7288,0,0,0.224,0,186.8,playing,6
108.1598,-1.7431,0,0,0.224,0,189.35,playing,6
108.1759,-1.7431,0,0,0.23596,0,192.03,playing,6
108.192,-1.7431,0,0,0.23596,0,195.0,playing,6
108.2076,-2.4083,0,0,0.27231,0,198.24,playing,6
108.2241,-2.4083,0,0,0.27231,0,201.77,playing,6
108.2397,-1.9094,0,0,0.27231,0,205.58,playing,6
108.2573,-1.9094,0,0,0.2727,0,209.95,playing,6
108.2743,-1.9094,0,0,0.2727,0,214.63,playing,6
108.2909,-3.7377,0,0,0.2192,0,219.63,playing,6
108.307,-3.7377,0,0,0.2192,0,224.62,playing,6
108.3226,-3.7377,0,0,0.26778,0,229.89,playing,6
108.3387,-12.0701,1,0,0.26778,0,235.44,playing,6
108.3558,-12.0701,0,0,0.26778,0,229.49,playing,6
108.3719,-12.0701,0,0,0.25,0,223.47,playing,6
108.388,-1.3799,0,0,0.25,0,218.1,playing,6
108.4035,-1.3799,0,0,0.25047,0,213.0,playing,6
108.42,10.6502,0,0,0.25047,0,208.18,playing,6
108.4362,10.6502,0,0,0.19142,0,203.65,playing,6
108.4525,10.6502,0,0,0.19142,0,199.15,playing,6
108.4696,8.4416,0,0,0.19142,0,195.2,playing,6
108.4862,8.4416,0,0,0.1644,0,191.32,playing,6
108.5032,8.4416,0,0,0.1644,0,187.76,playing,6
108.5198,6.4269,0,0,0.1561,0,184.51,playing,6
108.5359,6.4269,0,0,0.1561,0,181.74,playing,6
108.5535,6.4269,0,0,0.1561,0,179.25,playing,6
108.5706,3.4808,0,0,0.15326,0,176.8,playing,6
108.5877,3.4808,0,0,0.15326,0,174.81,playing,6
108.6038,2.1272,0,0,0.14751,0,173.13,playing,6
108.6199,2.1272,0,0,0.14751,0,171.84,playing,6
108.636,2.1272,0,0,0.21173,1,170.83,playing,6
108.6532,0.1723,0,0,0.21173,0,170.07,playing,6
108.6706,0.1723,0,0,0.21424,0,169.63,playing,6
108.6871,0.1723,0,0,0.21424,0,169.51,playing,6
108.7042,-0.6987,0,0,0.21424,0,169.7,playing,6
108.7203,-0.6987,0,0,0.23018,0,170.17,playing,6
108.7374,-0.6987,0,0,0.23018,0,170.98,playing,6
108.7541,-0.6987,0,0,0.22966,0,172.11,playing,6
108.7701,-0.6987,0,0,0.22966,0,173.46,playing,6
108.7872,-1.5034,0,0,0.25095,0,175.2,playing,6
108.8038,-1.5034,0,0,0.25095,0,177.27,playing,6
108.8199,-1.5034,0,0,0.25095,0,179.5,playing,6
108.836,-1.4574,0,0,0.24983,0,182.0,playing,6
108.8516,-1.4574,0,0,0.24983,0,184.79,playing,6
108.8682,-1.6916,0,0,0.26843,0,187.86,playing,6
108.8847,-1.5651,0,0,0.26843,0,191.44,playing,6
108.9009,-1.5651,0,0,0.26843,0,195.09,playing,6
108.9175,-1.4628,0,0,0.27273,0,199.03,playing,6
108.9335,-1.4628,0,0,0.27273,0,203.52,playing,6
108.9496,-1.4628,0,0,0.26356,0,208.04,playing,6
108.9657,-1.6996,0,0,0.26356,0,212.83,playing,6
108.9814,-1.6996,0,0,0.269,0,217.91,playing,7
108.9975,-1.6996,0,0,0.269,0,223.27,playing,7
109.0146,-16.3359,1,0,0.269,0,228.91,playing,7
109.0312,-16.3359,0,0,0.25446,0,222.59,playing,7
109.0483,-10.0219,0,0,0.25446,0,216.6,playing,7
109.0644,-10.0219,0,0,0.27669,0,210.92,playing,7
109.0805,-10.0219,0,0,0.27669,0,205.86,playing,7
109.0975,-10.0219,0,0,0.25932,0,201.08,playing,7
109.1136,-10.0219,0,0,0.25932,0,196.32,playing,7
109.1302,-10.0219,0,0,0.16953,0,192.13,playing,7
109.1468,12.5944,0,0,0.16953,0,187.98,playing,7
109.1629,12.5944,0,0,0.16953,0,184.36,playing,7
109.1785,12.5944,0,0,0.1567,0,181.03,playing,7
109.1946,9.5959,0,0,0.1567,0,177.97,playing,7
109.2106,9.5959,0,0,0.14796,0,175.2,playing,7
109.2267,9.5959,0,0,0.14796,0,172.71,playing,7
109.2427,4.9202,0,0,0.14796,0,170.5,playing,7
109.2593,4.9202,0,0,0.17084,0,168.57,playing,7
109.2764,3.0539,0,0,0.17084,0,166.84,playing,7
109.2935,3.0539,0,0,0.15378,0,165.43,playing,7
109.3106,3.0539,0,0,0.15378,0,164.33,playing,7
109.3271,0.6726,0,0,0.18087,0,163.56,playing,7
109.3427,0.6726,0,0,0.18087,0,163.11,playing,7
109.3583,0.6726,0,0,0.18087,0,162.94,playing,7
109.375,-0.2987,0,0,0.17917,0,163.05,playing,7
109.3906,-0.2987,0,0,0.17917,0,163.45,playing,7
109.4072,-0.2987,0,0,0.22868,1,164.13,playing,7
109.4227,-0.5104,0,0,0.22868,0,165.08,playing,7
109.4388,-0.5104,0,0,0.22868,0,166.32,playing,7
109.4558,-1.4039,0,0,0.27231,0,167.96,playing,7
109.4713,-1.4039,0,0,0.27231,0,169.78,playing,7
109.4874,-1.4039,0,0,0.25893,0,171.88,playing,7
109.5039,-1.4943,0,0,0.25893,0,174.27,playing,7
109.52,-1.4943,0,0,0.237,0,176.93,playing,7
109.5361,-1.4943,0,0,0.237,0,179.88,playing,7
109.5527,-1.5481,0,0,0.27742,0,183.33,playing,7
109.569,-1.5481,0,0,0.27742,0,186.86,playing,7
109.5851,-1.5481,0,0,0.27742,0,190.67,playing,7
109.6007,-1.6178,0,0,0.24569,0,194.76,playing,7
109.6174,-1.6178,0,0,0.24569,0,199.13,playing,7
109.6341,-1.7647,0,0,0.25423,0,204.09,playing,7
109.6508,-1.7647,0,0,0.25423,0,209.38,playing,7
109.6668,-1.7647,0,0,0.23727,0,214.63,playing,7
109.683,-2.2219,0,0,0.23727,0,220.16,playing,7
109.6986,-2.2219,0,0,0.23727,0,225.98,playing,7
109.7151,-2.2219,0,0,0.2594,0,232.08,playing,7
109.7317,-13.4976,1,0,0.2594,0,238.87,playing,7
109.7478,-13.4976,0,0,0.23269,0,232.92,playing,7
109.7639,-13.4976,0,0,0.23269,0,227.24,playing,7
109.78,-8.993,0,0,0.26286,0,221.84,playing,7
109.796,-8.993,0,0,0.26286,0,216.73,playing,7
109.8121,-8.993,0,0,0.26286,0,211.9,playing,7
109.8277,-2.3955,0,0,0.21448,0,207.35,playing,7
109.8438,-2.3955,0,0,0.21448,0,203.08,playing,7
109.8599,13.1199,0,0,0.15846,0,199.09,playing,7
109.876,13.1199,0,0,0.15846,0,195.39,playing,7
109.8926,13.1199,0,0,0.15846,0,191.96,playing,7
109.9102,10.9223,0,0,0.16646,0,188.47,playing,7
109.9268,10.9223,0,0,0.16646,0,185.48,playing,7
109.9429,10.9223,0,0,0.16646,0,182.96,playing,7
109.9588,7.8206,0,0,0.16646,0,180.71,playing,7
109.9753,7.8206,0,0,0.15187,0,178.75,playing,7
109.992,7.8206,0,0,0.15187,0,176.98,playing,7
110.008,5.3705,0,0,0.17819,0,175.6,playing,7
110.0236,5.3705,0,0,0.17819,0,174.5,playing,7
110.0406,3.0974,0,0,0.17819,0,173.68,playing,7
110.0567,3.0974,0,0,0.18738,0,173.13,playing,7
110.0724,3.0974,0,0,0.18738,0,172.89,playing,7
110.089,0.2565,0,0,0.18738,0,172.93,playing,7
110.105,0.2565,0,0,0.24164,1,173.26,playing,7
110.1206,0.2565,0,0,0.24164,0,173.86,playing,7
110.138,-0.5341,0,0,0.24164,0,174.75,playing,7
110.1553,-0.5341,0,0,0.28308,0,176.1,playing,7
110.172,-0.5341,0,0,0.28308,0,177.7,playing,7
110.1886,-1.1619,0,0,0.29667,0,179.49,playing,7
110.2048,-1.1619,0,0,0.29667,0,181.7,playing,7
110.2209,-1.206,0,0,0.29667,0,184.07,playing,7
110.2371,-1.206,0,0,0.29667,0,186.72,playing,7
110.2531,-1.206,0,0,0.24124,0,189.65,playing,7
110.2697,-1.2798,0,0,0.24124,0,193.08,playing,7
110.2858,-1.2798,0,0,0.24124,0,196.59,playing,7
110.3019,-1.2798,0,0,0.27186,0,200.38,playing,7
110.3175,-1.3619,0,0,0.27186,0,204.45,playing,7
110.3337,-1.3619,0,0,0.25885,0,208.81,playing,7
110.3502,-1.3619,0,0,0.25885,0,213.45,playing,7
110.3674,-1.372,0,0,0.25885,0,218.69,playing,7
110.3835,-1.372,0,0,0.26843,0,224.25,playing,7
110.4,-2.4641,0,0,0.26843,0,229.77,playing,7
110.416,-2.4641,0,0,0.24155,0,235.57,playing,7
110.4321,-2.4641,0,0,0.24155,0,241.65,playing,7
110.4492,-14.1722,1,0,0.24155,0,248.01,playing,7
110.4657,-14.1722,0,0,0.25058,0,241.35,playing,7
110.4818,-14.1722,0,0,0.25058,0,235.7,playing,7
110.4979,-9.1184,0,0,0.24992,0,230.34,playing,7
110.514,-9.1184,0,0,0.24992,0,225.27,playing,7
110.5301,-9.1184,0,0,0.22807,0,220.47,playing,7
110.5461,11.2153,0,0,0.22807,0,215.95,playing,7
110.5632,11.2153,0,0,0.22807,0,211.47,playing,7
110.5798,11.146,0,0,0.1398,0,207.31,playing,7
110.5959,11.146,0,0,0.1398,0,203.68,playing,7
110.6119,11.146,0,0,0.16424,0,200.32,playing,7
110.6281,9.2254,0,0,0.16424,0,197.25,playing,7
110.6437,9.2254,0,0,0.16451,0,194.46,playing,7
110.6598,9.2254,0,0,0.16451,0,191.95,playing,7
110.6764,4.3853,0,0,0.16451,0,189.73,playing,7
110.6935,4.3853,0,0,0.16451,0,187.68,playing,7
110.7106,4.3853,0,0,0.16451,0,185.95,playing,7
110.7278,2.646,0,0,0.23611,1,184.47,playing,7
110.7439,2.646,0,0,0.23611,0,183.44,playing,7
110.7599,-0.041,0,0,0.23199,0,182.69,playing,7
110.7756,-0.041,0,0,0.23199,0,182.22,playing,7
110.7917,-0.041,0,0,0.2743,0,182.04,playing,7
110.8078,-0.7309,0,0,0.2743,0,182.13,playing,7
110.8239,-0.7309,0,0,0.2743,0,182.51,playing,8
110.8395,-0.7309,0,0,0.26277,0,183.17,playing,8
110.8566,-1.2319,0,0,0.26277,0,184.11,playing,8
110.8731,-1.2319,0,0,0.27273,0,185.43,playing,8
110.8897,-1.2319,0,0,0.27273,0,187.07,playing,8
110.9057,-2.0021,0,0,0.27231,0,188.89,playing,8
110.9217,-2.0021,0,0,0.27231,0,190.99,playing,8
110.9383,-2.2488,0,0,0.27231,0,193.37,playing,8
110.9549,-2.2488,0,0,0.27231,0,196.22,playing,8
110.9707,-2.2488,0,0,0.27231,0,199.19,playing,8
110.9868,-1.5249,0,0,0.25446,0,202.43,playing,8
111.0029,-1.5249,0,0,0.25446,0,205.96,playing,8
111.0189,-1.5249,0,0,0.25446,0,209.77,playing,8
111.035,-0.9721,0,0,0.2684,0,213.86,playing,8
111.0521,-0.9721,0,0,0.2684,0,218.53,playing,8
111.0676,-0.9721,0,0,0.29058,0,223.2,playing,8
111.0837,-0.6249,0,0,0.29058,0,228.15,playing,8
111.1002,-0.6249,0,0,0.2724,0,233.39,playing,8
111.1167,-0.6249,0,0,0.2724,0,239.27,playing,8
111.1328,-15.5183,1,0,0.2724,0,245.09,playing,8
111.1483,-15.5183,0,0,0.25908,0,239.13,playing,8
111.1648,-9.1565,0,0,0.25908,0,233.45,playing,8
111.1805,-9.1565,0,0,0.26015,0,228.06,playing,8
111.1966,-9.1565,0,0,0.26015,0,222.94,playing,8
111.2127,-1.9947,0,0,0.26015,0,218.11,playing,8
111.2287,-1.9947,0,0,0.27031,0,213.56,playing,8
111.2448,-1.9947,0,0,0.27031,0,209.29,playing,8
111.2609,-1.9947,0,0,0.18065,0,205.3,playing,8
111.2764,-1.9947,0,0,0.18065,0,201.6,playing,8
111.2935,-1.9947,0,0,0.19328,0,198.17,playing,8
111.31,7.2517,0,0,0.19328,0,194.85,playing,8
111.3256,7.2517,0,0,0.19328,0,192.01,playing,8
111.3418,7.2517,0,0,0.16422,0,189.45,playing,8
111.3573,4.9454,0,0,0.16422,0,187.17,playing,8
111.3739,4.9454,0,0,0.2168,1,185.17,playing,8
111.3894,3.1455,0,0,0.2168,0,183.45,playing,8
111.406,3.1455,0,0,0.2168,0,182.02,playing,8
111.4225,3.1455,0,0,0.23667,0,180.86,playing,8
111.4386,0.1785,0,0,0.23667,0,179.96,playing,8
111.4551,0.1785,0,0,0.28301,0,179.38,playing,8
111.4723,0.1785,0,0,0.28301,0,179.09,playing,8
111.4894,-0.0359,0,0,0.25114,0,179.12,playing,8
111.5059,-0.0359,0,0,0.25114,0,179.47,playing,8
111.5215,-0.0359,0,0,0.25114,0,180.07,playing,8
111.5386,-0.8463,0,0,0.25947,0,181.03,playing,8
111.5552,-0.8463,0,0,0.25947,0,182.22,playing,8
111.5723,-2.005,0,0,0.27816,0,183.8,playing,8
111.5889,-2.005,0,0,0.27816,0,185.7,playing,8
111.6054,-2.005,0,0,0.24529,0,187.77,playing,8
111.6225,-1.6477,0,0,0.24529,0,190.28,playing,8
111.6396,-1.6477,0,0,0.24529,0,193.11,playing,8
111.6566,-1.6477,0,0,0.24529,0,196.26,playing,8
111.6726,-15.5583,1,0,0.24529,0,199.73,playing,8
111.6893,-15.5583,0,0,0.27307,0,193.77,playing,8
111.7063,-14.2076,0,0,0.27307,0,187.76,playing,8
111.7229,-14.2076,0,0,0.26777,0,182.06,playing,8
111.739,-14.2076,0,0,0.26777,0,176.98,playing,8
111.7545,-14.2076,0,0,0.29825,0,172.19,playing,8
111.7706,-14.2076,0,0,0.29825,0,167.67,playing,8
111.7866,-14.2076,0,0,0.29825,0,163.44,playing,8
111.8023,5.4368,0,0,0.28358,0,159.49,playing,8
111.8187,5.4368,0,0,0.28358,0,155.82,playing,8
111.8353,5.4368,0,0,0.28358,0,152.43,playing,8
111.8524,13.3127,0,0,0.21312,0,149.15,playing,8
111.87,13.3127,0,0,0.21312,0,146.18,playing,8
111.8865,12.1826,0,0,0.18582,0,143.53,playing,8
111.9031,12.1826,0,0,0.18582,0,141.2,playing,8
111.9202,12.1826,0,0,0.18582,0,139.19,playing,8
111.9368,7.0176,0,0,0.17618,0,137.5,playing,8
111.9529,7.0176,0,0,0.17618,0,136.19,playing,8
111.9695,7.0176,0,0,0.17618,1,135.16,playing,8
111.9859,4.423,0,0,0.24029,0,134.38,playing,8
112.0015,4.423,0,0,0.24029,0,133.93,playing,8
112.018,2.8267,0,0,0.22711,0,133.76,playing,8
112.0341,1.5711,0,0,0.22711,0,133.88,playing,8
112.0501,1.5711,0,0,0.22711,0,134.27,playing,8
112.0672,0.0563,0,0,0.28015,0,135.01,playing,8
112.0842,0.0563,0,0,0.28015,0,136.07,playing,8
112.1008,0.0563,0,0,0.25893,0,137.44,playing,8
112.1174,-1.3268,0,0,0.25893,0,139.01,playing,8
112.134,-1.3268,0,0,0.24985,0,141.0,playing,8
112.1501,-1.3268,0,0,0.24985,0,143.16,playing,8
112.1662,-1.5496,0,0,0.24985,0,145.6,playing,8
112.1833,-1.5496,0,0,0.241,0,148.5,playing,8
112.2003,-1.9611,0,0,0.241,0,151.73,playing,8
112.2174,-1.9611,0,0,0.25488,0,155.27,playing,8
112.2339,-1.9611,0,0,0.25488,0,159.13,playing,8
112.2505,-2.6322,0,0,0.25488,0,163.05,playing,8
112.267,-2.6322,0,0,0.28562,0,167.52,playing,8
112.2826,-2.6322,0,0,0.28562,0,172.02,playing,8
112.2991,-2.0028,0,0,0.28835,0,176.8,playing,8
112.3147,-2.0028,0,0,0.28835,0,181.86,playing,8
112.3308,-2.0028,0,0,0.26905,0,187.2,playing,8
112.3469,-3.1323,0,0,0.26905,0,192.82,playing,8
112.3624,-3.1323,0,0,0.26905,0,198.72,playing,8
112.3796,-15.9415,1,0,0.2452,0,204.91,playing,8
112.3962,-15.9415,0,0,0.2452,0,198.6,playing,8
112.4132,-15.9415,0,0,0.27661,0,192.6,playing,8
112.4298,-9.0345,0,0,0.27661,0,186.93,playing,8
112.4458,-9.0345,0,0,0.27661,0,181.87,playing,8
112.4619,-9.0345,0,0,0.27475,0,177.09,playing,8
112.478,-1.9101,0,0,0.27475,0,172.59,playing,8
112.494,-1.9101,0,0,0.27475,0,168.37,playing,8
112.5101,-1.9101,0,0,0.14386,0,164.44,playing,8
112.5267,11.5643,0,0,0.14386,0,160.58,playing,8
112.5428,11.5643,0,0,0.14386,0,157.22,playing,8
112.5584,13.0474,0,0,0.14269,0,154.15,playing,8
112.5744,11.451,0,0,0.14269,0,151.36,playing,8
112.591,11.451,0,0,0.15575,0,148.85,playing,8
112.6071,8.1444,0,0,0.15575,0,146.63,playing,8
112.6226,8.1444,0,0,0.15575,0,144.68,playing,8
112.6393,8.1444,0,0,0.14228,0,143.02,playing,8
112.6558,3.6092,0,0,0.14228,0,141.57,playing,8
112.6719,3.6092,0,0,0.17586,0,140.48,playing,9
112.6875,3.6092,0,0,0.17586,0,139.68,playing,9
112.7045,2.4891,0,0,0.17586,0,139.16,playing,9
112.7206,2.4891,0,0,0.18597,0,138.93,playing,9
112.7371,2.4891,0,0,0.18597,0,138.99,playing,9
112.7546,1.1381,0,0,0.21785,1,139.37,playing,9
112.7707,1.1381,0,0,0.21785,0,140.07,playing,9
112.7872,-0.8034,0,0,0.20454,0,141.01,playing,9
112.8043,-0.8034,0,0,0.20454,0,142.33,playing,9
112.8214,-0.8034,0,0,0.20454,0,143.96,playing,9
112.8385,-0.8034,0,0,0.26347,0,145.92,playing,9
112.8555,-0.8034,0,0,0.26347,0,148.19,playing,9
112.8726,-0.8034,0,0,0.24167,0,150.78,playing,9
112.8891,-1.7383,0,0,0.24167,0,153.68,playing,9
112.9056,-1.7383,0,0,0.24484,0,156.91,playing,9
112.9217,-1.9175,0,0,0.24484,0,160.23,playing,9
112.9377,-1.9175,0,0,0.24484,0,163.82,playing,9
112.9538,-1.9175,0,0,0.28166,0,167.7,playing,9
112.9699,-2.4293,0,0,0.28166,0,171.87,playing,9
112.9865,-2.4293,0,0,0.26832,0,176.31,playing,9
113.0035,-2.4293,0,0,0.26832,0,181.35,playing,9
113.0195,-1.5334,0,0,0.26316,0,186.7,playing,9
113.0361,-1.5334,0,0,0.26316,0,192.03,playing,9
113.0521,-1.5334,0,0,0.30462,0,197.63,playing,9
113.0682,-2.3284,0,0,0.30462,0,203.52,playing,9
113.0853,-2.3284,0,0,0.30462,0,210.09,playing,9
113.1008,-13.1098,1,0,0.23692,0,216.56,playing,9
113.1169,-13.1098,0,0,0.23692,0,210.6,playing,9
113.133,-13.1098,0,0,0.24562,0,204.92,playing,9
113.1492,-6.5143,0,0,0.24562,0,199.53,playing,9
113.1647,-6.5143,0,0,0.24562,0,194.41,playing,9
113.1808,-6.5143,0,0,0.18339,0,189.58,playing,9
113.1968,1.3699,0,0,0.18339,0,185.03,playing,9
113.2129,1.3699,0,0,0.14001,0,180.76,playing,9
113.229,1.3699,0,0,0.14001,0,176.78,playing,9
113.2445,11.0614,0,0,0.14001,0,173.07,playing,9
113.2606,11.0614,0,0,0.16156,0,169.65,playing,9
113.2772,11.0614,0,0,0.16156,0,166.5,playing,9
113.2933,9.0673,0,0,0.17653,0,163.64,playing,9
113.3103,9.0673,0,0,0.17653,0,160.92,playing,9
113.3269,4.9307,0,0,0.17653,0,158.52,playing,9
113.3424,4.9307,0,0,0.1714,0,156.54,playing,9
113.3585,4.9307,0,0,0.1714,0,154.84,playing,9
113.3746,2.6658,0,0,0.14115,0,153.42,playing,9
113.3907,2.6658,0,0,0.14115,0,152.28,playing,9
113.4067,2.6658,0,0,0.14115,0,151.43,playing,9
113.4233,1.2806,0,0,0.16132,0,150.86,playing,9
113.4399,1.2806,0,0,0.16132,0,150.57,playing,9
113.4559,1.2806,0,0,0.16132,0,150.57,playing,9
113.472,0.0227,0,0,0.25485,1,150.86,playing,9
113.4875,0.0227,0,0,0.25485,0,151.44,playing,9
113.504,-0.2174,0,0,0.27231,0,152.29,playing,9
113.5196,-0.2174,0,0,0.27231,0,153.42,playing,9
113.5366,-0.2174,0,0,0.27231,0,154.84,playing,9
113.5527,-1.1144,0,0,0.25908,0,156.66,playing,9
113.5692,-1.1144,0,0,0.25908,0,158.66,playing,9
113.5863,-1.1144,0,0,0.26899,0,161.1,playing,9
113.6028,-1.2143,0,0,0.26899,0,163.85,playing,9
113.6194,-1.2143,0,0,0.26901,0,166.73,playing,9
113.636,-1.2143,0,0,0.26901,0,170.11,playing,9
113.6515,-1.5549,0,0,0.27716,0,173.56,playing,9
113.6676,-1.5549,0,0,0.27716,0,177.3,playing,9
113.6837,-1.1391,0,0,0.27716,0,181.32,playing,9
113.6998,-1.1794,0,0,0.28609,0,185.63,playing,9
113.7158,-1.1794,0,0,0.28609,0,190.21,playing,9
113.7319,-1.2677,0,0,0.28609,0,195.08,playing,9
113.7484,-1.2677,0,0,0.27394,0,200.22,playing,9
113.765,-1.2677,0,0,0.27394,0,206.01,playing,9
113.7806,-1.2515,0,0,0.28618,0,211.74,playing,9
113.7967,-1.2515,0,0,0.28618,0,217.75,playing,9
113.8132,-1.2515,0,0,0.28618,0,224.04,playing,9
113.8298,-14.8191,1,0,0.25956,0,231.04,playing,9
113.8458,-14.8191,0,0,0.25956,0,225.08,playing,9
113.8619,-14.8191,0,0,0.27816,0,219.41,playing,9
113.8785,-10.0076,0,0,0.27816,0,214.01,playing,9
113.8955,-10.0076,0,0,0.27816,0,208.6,playing,9
113.9121,-2.4123,0,0,0.19993,0,203.5,playing,9
113.9286,-2.4123,0,0,0.19993,0,198.72,playing,9
113.9447,-2.4123,0,0,0.19578,0,194.5,playing,9
113.9612,2.365,0,0,0.19578,0,190.57,playing,9
113.9783,2.365,0,0,0.17672,0,186.71,playing,9
113.9949,2.365,0,0,0.17672,0,183.16,playing,9
114.0105,16.371,0,0,0.17672,0,180.11,playing,9
114.0271,16.371,0,0,0.1354,0,177.34,playing,9
114.0427,16.371,0,0,0.1354,0,174.84,playing,9
114.0588,13.3147,0,0,0.16085,0,172.64,playing,9
114.0754,13.3147,0,0,0.16085,0,170.71,playing,9
114.092,9.3541,0,0,0.16085,0,168.98,playing,9
114.1081,9.3541,0,0,0.176,0,167.63,playing,9
114.1246,9.3541,0,0,0.176,0,166.52,playing,9
114.1412,3.4359,0,0,0.17722,0,165.75,playing,9
114.1578,3.4359,0,0,0.17722,0,165.25,playing,9
114.1739,3.4359,0,0,0.14669,0,165.07,playing,9
114.1899,1.3138,0,0,0.14669,0,165.16,playing,9
114.2064,1.3138,0,0,0.14669,0,165.54,playing,9
114.223,0.035,0,0,0.16325,0,166.26,playing,9
114.24,-1.3882,0,0,0.16325,0,167.3,playing,9
114.2556,-1.3882,0,0,0.1794,0,168.55,playing,9
114.2716,-1.9669,0,0,0.1794,0,170.09,playing,9
114.2882,-1.9669,0,0,0.23108,1,171.91,playing,9
114.3053,-1.9669,0,0,0.23108,0,174.17,playing,9
114.3225,-2.1289,0,0,0.23108,0,176.74,playing,9
114.3391,-2.1289,0,0,0.24983,0,179.63,playing,9
114.3562,-2.1289,0,0,0.24983,0,182.83,playing,9
114.3728,-2.5431,0,0,0.28156,0,186.36,playing,9
114.3884,-2.5431,0,0,0.28156,0,189.95,playing,9
114.4055,-2.2393,0,0,0.30238,0,193.83,playing,9
114.4215,-2.2393,0,0,0.30238,0,198.27,playing,9
114.4382,-2.2393,0,0,0.30238,0,202.74,playing,9
114.4548,-6.2857,0,0,0.30238,0,207.79,playing,9
114.4705,-6.2857,0,0,0.2951,0,212.83,playing,9
114.487,-6.2857,0,0,0.2951,0,218.16,playing,9
114.5036,-18.1482,1,0,0.2951,0,223.76,playing,9
114.5202,-18.1482,0,0,0.24562,0,217.45,playing,10
114.5373,-18.1482,0,0,0.24562,0,211.46,playing,10
114.5543,-6.6219,0,0,0.24562,0,205.78,playing,10
114.5714,-6.6219,0,0,0.26771,0,200.42,playing,10
114.5875,0.7129,0,0,0.26771,0,195.38,playing,10
114.6041,0.7129,0,0,0.22184,0,190.92,playing,10
114.6211,0.7129,0,0,0.22184,0,186.5,playing,10
114.6389,9.6778,0,0,0.22184,0,182.61,playing,10
114.6551,9.6778,0,0,0.22184,0,178.6,playing,10
114.671,9.6778,0,0,0.18781,0,175.32,playing,10
114.6872,9.7836,0,0,0.18781,0,172.32,playing,10
114.7042,9.7836,0,0,0.11921,0,169.45,playing,10
114.7209,7.3096,0,0,0.11921,0,166.89,playing,10
114.7365,7.3096,0,0,0.20803,1,164.77,playing,10
114.7528,7.3096,0,0,0.20803,0,162.93,playing,10
114.7694,4.2851,0,0,0.20803,0,161.37,playing,10
114.786,4.2851,0,0,0.2165,0,160.04,playing,10
114.8021,4.2851,0,0,0.2165,0,159.06,playing,10
114.8177,2.4356,0,0,0.26466,0,158.36,playing,10
114.8337,2.4356,0,0,0.26466,0,157.95,playing,10
114.8498,2.4356,0,0,0.26466,0,157.82,playing,10
114.8674,1.3339,0,0,0.24984,0,157.99,playing,10
114.8839,1.3339,0,0,0.24984,0,158.49,playing,10
114.9,-0.2673,0,0,0.24561,0,159.23,playing,10
114.9156,-0.2673,0,0,0.24561,0,160.26,playing,10
114.9317,-0.2673,0,0,0.24561,0,161.57,playing,10
114.9482,-1.3038,0,0,0.27736,0,163.17,playing,10
114.9648,-1.3038,0,0,0.27736,0,165.17,playing,10
114.9811,-1.3038,0,0,0.26832,0,167.35,playing,10
114.9976,-1.9185,0,0,0.26832,0,169.8,playing,10
115.0147,-1.9185,0,0,0.28189,0,172.73,playing,10
115.0308,-1.9185,0,0,0.28189,0,175.97,playing,10
115.0469,-2.0047,0,0,0.28189,0,179.31,playing,10
115.063,-2.0047,0,0,0.26377,0,182.92,playing,10
115.079,-1.9468,0,0,0.26377,0,186.82,playing,10
115.0946,-1.9468,0,0,0.27273,0,191.0,playing,10
115.1107,-1.9468,0,0,0.27273,0,195.46,playing,10
115.1273,-1.6853,0,0,0.25893,0,200.2,playing,10
115.1443,-1.6853,0,0,0.25893,0,205.56,playing,10
115.1609,-1.6853,0,0,0.25893,0,211.23,playing,10
115.1765,-1.7477,0,0,0.241,0,216.86,playing,10
115.1931,-1.7477,0,0,0.241,0,222.76,playing,10
115.2091,-1.7477,0,0,0.23723,0,228.94,playing,10
115.2251,-14.9754,1,0,0.23723,0,235.41,playing,10
115.2422,-14.9754,0,0,0.25862,0,229.1,playing,10
115.2588,-10.1288,0,0,0.25862,0,223.11,playing,10
115.2754,-10.1288,0,0,0.25862,0,217.75,playing,10
115.292,-10.1288,0,0,0.24587,0,212.37,playing,10
115.3086,-4.5952,0,0,0.24587,0,207.59,playing,10
115.3256,-4.5952,0,0,0.27725,0,202.83,playing,10
115.3422,-4.5952,0,0,0.27725,0,198.39,playing,10
115.3592,13.4905,0,0,0.17371,0,194.26,playing,10
115.3763,13.4905,0,0,0.17371,0,190.46,playing,10
115.3929,13.4905,0,0,0.17371,0,186.97,playing,10
115.409,12.2176,0,0,0.16211,0,183.97,playing,10
115.425,12.2176,0,0,0.16211,0,181.25,playing,10
115.4406,6.3513,0,0,0.16211,0,178.81,playing,10
115.4572,6.3513,0,0,0.17025,0,176.65,playing,10
115.4742,6.3513,0,0,0.17025,0,174.68,playing,10
115.4914,3.9429,0,0,0.2041,0,173.02,playing,10
115.5079,3.9429,0,0,0.2041,0,171.68,playing,10
115.5235,3.9429,0,0,0.1814,0,170.71,playing,10
115.5396,2.6338,0,0,0.1814,0,170.01,playing,10
115.5562,2.6338,0,0,0.1814,0,169.6,playing,10
115.5733,1.3916,0,0,0.24554,1,169.47,playing,10
115.5899,0.5728,0,0,0.24554,0,169.67,playing,10
115.6065,0.5728,0,0,0.21468,0,170.13,playing,10
115.6226,-0.3262,0,0,0.21468,0,170.95,playing,10
115.6387,-0.3262,0,0,0.22942,0,171.99,playing,10
115.6553,-0.3262,0,0,0.22942,0,173.32,playing,10
115.6724,-1.5086,0,0,0.22942,0,175.05,playing,10
115.6891,-1.5086,0,0,0.25511,0,177.1,playing,10
115.7052,-1.5086,0,0,0.25511,0,179.31,playing,10
115.7207,-1.868,0,0,0.22307,0,181.8,playing,10
115.7373,-1.868,0,0,0.22307,0,184.57,playing,10
115.7544,-2.0333,0,0,0.22307,0,187.83,playing,10
115.7709,-2.0333,0,0,0.22265,0,191.41,playing,10
115.7875,-2.0333,0,0,0.22265,0,195.06,playing,10
115.8035,-2.1615,0,0,0.24617,0,199.26,playing,10
115.8202,-2.1615,0,0,0.24617,0,203.49,playing,10
115.8357,-2.1615,0,0,0.24617,0,208.0,playing,10
115.8519,-2.0688,0,0,0.24617,0,212.8,playing,10
115.868,-2.0688,0,0,0.23612,0,217.88,playing,10
115.8836,-2.0688,0,0,0.23612,0,223.23,playing,10
115.8997,-1.6558,0,0,0.23612,0,228.87,playing,10
115.9163,-1.6558,0,0,0.23612,0,234.8,playing,10
115.9334,-1.346,0,0,0.24984,0,241.4,playing,10
115.9502,-1.346,0,0,0.24984,0,248.33,playing,10
115.9673,-1.346,0,0,0.24984,0,255.58,playing,10
115.9838,-1.4613,0,0,0.25523,0,263.14,playing,10
115.9999,-1.4613,0,0,0.25523,0,270.54,playing,10
116.0154,-1.4613,0,0,0.25523,0,278.22,playing,10
116.0341,-14.5138,1,0,0.25523,0,286.19,playing,10
116.0497,-14.5138,0,0,0.24992,0,279.52,playing,10
116.0657,-14.5138,0,0,0.24992,0,273.88,playing,10
116.0818,-7.8182,0,0,0.24992,0,268.52,playing,10
116.0979,-7.8182,0,0,0.28627,0,263.44,playing,10
116.1139,2.9203,0,0,0.28627,0,258.65,playing,10
116.13,7.3716,0,0,0.28627,0,254.13,playing,10
116.1466,7.3716,0,0,0.28627,0,249.65,playing,10
116.1632,10.2211,0,0,0.18861,0,245.72,playing,10
116.1803,10.2211,0,0,0.18861,0,241.85,playing,10
116.1969,10.2211,0,0,0.1465,0,238.31,playing,10
116.2134,9.4124,0,0,0.1465,0,235.25,playing,10
116.2295,9.4124,0,0,0.1465,0,232.33,playing,10
116.2455,9.4124,0,0,0.1465,0,229.85,playing,10
116.2616,5.6011,0,0,0.1465,0,227.66,playing,10
116.2777,5.6011,0,0,0.1465,0,225.75,playing,10
116.2938,3.8205,0,0,0.18468,0,224.12,playing,10
116.3103,3.8205,0,0,0.18468,0,222.78,playing,10
116.3274,3.8205,0,0,0.18468,1,221.66,playing,10
116.344,2.1291,0,0,0.21117,0,220.87,playing,10
116.3601,2.1291,0,0,0.21117,0,220.4,playing,11
116.3761,2.1291,0,0,0.22831,0,220.21,playing,11
116.3917,0.9418,0,0,0.22831,0,220.31,playing,11
116.408,0.9418,0,0,0.26891,0,220.69,playing,11
116.4237,0.9418,0,0,0.26891,0,221.35,playing,11
116.4403,-0.8794,0,0,0.26891,0,222.29,playing,11
116.4568,-0.8794,0,0,0.24521,0,223.6,playing,11
116.4729,-0.8794,0,0,0.24521,0,225.13,playing,11
116.4889,-1.2641,0,0,0.24521,0,226.93,playing,11
116.505,-1.2641,0,0,0.22462,0,229.01,playing,11
116.5205,-1.3602,0,0,0.22462,0,231.38,playing,11
116.5366,-1.3602,0,0,0.22462,0,234.03,playing,11
116.5533,-1.3602,0,0,0.26305,0,236.96,playing,11
116.5699,-1.3111,0,0,0.26305,0,240.39,playing,11
116.5865,-1.3111,0,0,0.26305,0,243.9,playing,11
116.6026,-1.3111,0,0,0.26873,0,247.95,playing,11
116.6192,-1.5711,0,0,0.26873,0,252.04,playing,11
116.6353,-1.5711,0,0,0.26873,0,256.41,playing,11
116.6519,-1.5711,0,0,0.27789,0,261.37,playing,11
116.6679,-17.339,1,0,0.27789,0,266.33,playing,11
116.6835,-17.339,0,0,0.23603,0,260.37,playing,11
116.7001,-11.2377,0,0,0.23603,0,254.69,playing,11
116.7177,-11.2377,0,0,0.24984,0,248.98,playing,11
116.7337,-11.2377,0,0,0.24984,0,243.58,playing,11
116.7503,0.464,0,0,0.24984,0,238.79,playing,11
116.7673,0.464,0,0,0.22496,0,234.01,playing,11
116.7834,0.464,0,0,0.22496,0,229.55,playing,11
116.8,9.1346,0,0,0.17541,0,225.63,playing,11
116.8165,9.1346,0,0,0.17541,0,222.0,playing,11
116.8331,6.9448,0,0,0.17282,0,218.45,playing,11
116.8486,6.9448,0,0,0.17282,0,215.4,playing,11
116.8651,6.9448,0,0,0.17282,0,212.62,playing,11
116.8823,3.2088,0,0,0.17282,0,210.13,playing,11
116.8987,3.2088,0,0,0.15931,0,207.69,playing,11
116.9145,3.2088,0,0,0.15931,0,205.79,playing,11
116.9316,2.1196,0,0,0.24227,1,204.18,playing,11
116.9477,2.1196,0,0,0.24227,0,202.79,playing,11
116.9637,2.1196,0,0,0.24227,0,201.76,playing,11
116.9798,1.438,0,0,0.23644,0,201.01,playing,11
116.9959,1.438,0,0,0.23644,0,200.54,playing,11
117.012,1.438,0,0,0.20886,0,200.36,playing,11
117.0276,-0.276,0,0,0.20886,0,200.45,playing,11
117.0437,-0.276,0,0,0.20886,0,200.83,playing,11
117.0592,0.1252,0,0,0.28166,0,201.49,playing,11
117.0763,0.1252,0,0,0.28166,0,202.43,playing,11
117.0937,0.1252,0,0,0.25916,0,203.75,playing,11
117.1097,-0.687,0,0,0.25916,0,205.38,playing,11
117.1253,-0.687,0,0,0.30452,0,207.2,playing,11
117.1425,-0.687,0,0,0.30452,0,209.31,playing,11
117.1586,-0.775,0,0,0.30452,0,211.86,playing,11
117.1756,-0.775,0,0,0.24537,0,214.54,playing,11
117.1917,-0.775,0,0,0.24537,0,217.71,playing,11
117.2078,-0.7961,0,0,0.26389,0,220.97,playing,11
117.2239,-0.7961,0,0,0.26389,0,224.52,playing,11
117.24,-0.6765,0,0,0.25446,0,228.35,playing,11
117.256,-0.6765,0,0,0.25446,0,232.46,playing,11
117.2716,-0.6765,0,0,0.25446,0,236.85,playing,11
117.2881,-0.7485,0,0,0.25446,0,241.52,playing,11
117.3052,-0.7485,0,0,0.25446,0,246.8,playing,11
117.3218,-0.7485,0,0,0.25494,0,252.4,playing,11
117.3379,-17.7984,1,0,0.25494,0,257.95,playing,11
117.354,-17.7984,0,0,0.25494,0,251.99,playing,11
117.3701,-17.7984,0,0,0.26824,0,246.32,playing,11
117.3867,-12.3195,0,0,0.26824,0,240.6,playing,11
117.4028,-12.3195,0,0,0.26905,0,235.51,playing,11
117.4189,-2.656,0,0,0.26905,0,230.69,playing,11
117.4365,-2.656,0,0,0.26905,0,226.16,playing,11
117.4531,-2.656,0,0,0.29575,0,221.42,playing,11
117.4686,8.4927,0,0,0.29575,0,217.48,playing,11
117.4852,8.4927,0,0,0.25055,0,213.83,playing,11
117.5014,8.4927,0,0,0.25055,0,210.27,playing,11
117.5185,8.4927,0,0,0.15388,0,207.19,playing,11
117.5345,8.4927,0,0,0.15388,0,204.25,playing,11
117.5506,8.4927,0,0,0.15388,0,201.76,playing,11
117.5677,7.8803,0,0,0.18675,0,199.55,playing,11
117.5838,7.8803,0,0,0.18675,0,197.52,playing,11
117.5999,6.3948,0,0,0.18675,0,195.89,playing,11
117.6159,3.4815,0,0,0.21422,1,194.54,playing,11
117.632,3.4815,0,0,0.21422,0,193.48,playing,11
117.648,3.4815,0,0,0.22681,0,192.69,playing,11
117.6636,3.4815,0,0,0.22681,0,192.19,playing,11
117.6797,3.4815,0,0,0.22681,0,191.97,playing,11
117.6962,1.1147,0,0,0.25956,0,192.03,playing,11
117.7128,1.1147,0,0,0.25956,0,192.41,playing,11
117.7288,1.1147,0,0,0.28751,0,193.05,playing,11
117.7444,0.5742,0,0,0.28751,0,193.98,playing,11
117.7605,0.5742,0,0,0.28751,0,195.18,playing,11
117.777,0.5742,0,0,0.26439,0,196.67,playing,11
117.7926,-0.8357,0,0,0.26439,0,198.44,playing,11
117.8086,-0.8357,0,0,0.26381,0,200.49,playing,11
117.8247,-1.3346,0,0,0.26381,0,202.82,playing,11
117.8407,-1.3346,0,0,0.26381,0,205.43,playing,11
117.8573,-1.3346,0,0,0.28175,0,208.32,playing,11
117.8743,-1.2791,0,0,0.28175,0,211.72,playing,11
117.8909,-1.2791,0,0,0.29081,0,215.43,playing,11
117.907,-1.2791,0,0,0.29081,0,219.2,playing,11
117.9231,-0.7934,0,0,0.25512,0,223.26,playing,11
117.9402,-0.7934,0,0,0.25512,0,227.89,playing,11
117.9567,-0.7934,0,0,0.25512,0,232.83,playing,11
117.9733,-1.1483,0,0,0.26468,0,237.77,playing,11
117.9898,-1.1483,0,0,0.26468,0,243.33,playing,11
118.0059,-15.1785,1,0,0.26468,0,248.85,playing,11
118.0219,-15.1785,0,0,0.26468,0,242.89,playing,11
118.038,-15.1785,0,0,0.25047,0,237.21,playing,11
118.0551,-9.2779,0,0,0.25047,0,231.5,playing,11
118.0716,-9.2779,0,0,0.25047,0,226.4,playing,11
118.0877,-9.2779,0,0,0.2767,0,221.3,playing,11
118.1038,1.3464,0,0,0.2767,0,216.79,playing,11
118.1204,1.3464,0,0,0.2767,0,212.56,playing,11
118.1365,1.3464,0,0,0.15154,0,208.38,playing,11
118.153,8.7241,0,0,0.15154,0,204.72,playing,11
118.1691,8.7241,0,0,0.20747,1,201.35,playing,11
118.1852,10.7589,0,0,0.20747,0,198.26,playing,11
118.2019,10.7589,0,0,0.20747,0,195.3,playing,12
118.218,10.7589,0,0,0.15547,0,192.79,playing,12
118.234,7.9641,0,0,0.15547,0,190.56,playing,12
118.2501,7.9641,0,0,0.11687,0,188.62,playing,12
118.2657,7.9641,0,0,0.11687,0,186.95,playing,12
118.2818,5.7801,0,0,0.11687,0,185.57,playing,12
118.2983,5.7801,0,0,0.15402,0,184.47,playing,12
118.3153,5.7801,0,0,0.15402,0,183.62,playing,12
118.3319,2.7554,0,0,0.18337,0,183.08,playing,12
118.3475,2.7554,0,0,0.18337,0,182.86,playing,12
118.3651,1.0596,0,0,0.18337,0,182.92,playing,12
118.3821,1.0596,0,0,0.27789,0,183.35,playing,12
118.3982,1.0596,0,0,0.27789,0,184.01,playing,12
118.4147,-0.3526,0,0,0.2594,0,185.03,playing,12
118.4308,-0.3526,0,0,0.2594,0,186.27,playing,12
118.4466,-0.3526,0,0,0.2594,0,187.79,playing,12
118.4626,-1.9815,0,0,0.27208,0,189.59,playing,12
118.4787,-1.9815,0,0,0.27208,0,191.68,playing,12
118.4947,-1.9815,0,0,0.27208,0,194.04,playing,12
118.5112,-1.9815,0,0,0.25056,0,196.69,playing,12
118.5278,-1.9815,0,0,0.25056,0,199.82,playing,12
118.5443,-2.4483,0,0,0.28562,0,203.05,playing,12
118.5612,-2.5179,0,0,0.28562,0,206.8,playing,12
118.5782,-2.5179,0,0,0.25388,0,210.86,playing,12
118.5952,-2.5062,0,0,0.25388,0,215.25,playing,12
118.6118,-2.5062,0,0,0.25388,0,219.95,playing,12
118.6286,-2.5062,0,0,0.26724,0,224.66,playing,12
118.6452,-1.9542,0,0,0.26724,0,229.98,playing,12
118.6618,-1.9542,0,0,0.2767,0,235.61,playing,12
118.6777,-1.9542,0,0,0.2767,0,241.2,playing,12
118.6939,-15.6589,1,0,0.2767,0,247.07,playing,12
118.71,-15.6589,0,0,0.2767,0,241.11,playing,12
118.7263,-11.5343,0,0,0.30745,0,235.44,playing,12
118.7434,-11.5343,0,0,0.30745,0,229.72,playing,12
118.7604,-11.5343,0,0,0.21811,0,224.33,playing,12
118.7766,6.2188,0,0,0.21811,0,219.25,playing,12
118.7931,6.2188,0,0,0.21811,0,214.75,playing,12
118.8107,6.2188,0,0,0.14715,0,210.29,playing,12
118.8273,12.2,0,0,0.14715,0,206.15,playing,12
118.8433,12.2,0,0,0.19608,0,202.32,playing,12
118.8597,10.9322,0,0,0.19608,0,199.0,playing,12
118.8757,10.9322,0,0,0.19608,0,195.97,playing,12
118.8918,10.9322,0,0,0.13991,0,193.21,playing,12
118.9084,5.8562,0,0,0.13991,0,190.74,playing,12
118.925,5.8562,0,0,0.13991,0,188.43,playing,12
118.9405,5.8562,0,0,0.14499,0,186.53,playing,12
118.9566,3.7856,0,0,0.14499,0,184.92,playing,12
118.9732,3.7856,0,0,0.14499,0,183.59,playing,12
118.9903,3.7856,0,0,0.1479,0,182.5,playing,12
119.0074,0.8286,0,0,0.1479,0,181.72,playing,12
119.0239,0.8286,0,0,0.1479,0,181.26,playing,12
119.04,0.1984,0,0,0.19431,0,181.11,playing,12
119.056,0.1984,0,0,0.19431,0,181.24,playing,12
119.072,0.1984,0,0,0.24092,1,181.66,playing,12
119.0881,-0.4012,0,0,0.24092,0,182.35,playing,12
119.1041,-0.4012,0,0,0.24092,0,183.33,playing,12
119.1197,-0.4012,0,0,0.28166,0,184.58,playing,12
119.1357,-1.2061,0,0,0.28166,0,186.12,playing,12
119.1517,-1.2061,0,0,0.25887,0,187.94,playing,12
119.1683,-1.2061,0,0,0.25887,0,190.05,playing,12
119.1847,-1.3815,0,0,0.25887,0,192.6,playing,12
119.2014,-1.3815,0,0,0.25909,0,195.28,playing,12
119.2184,-1.333,0,0,0.25909,0,198.45,playing,12
119.2345,-1.3666,0,0,0.24676,0,201.94,playing,12
119.2516,-1.3666,0,0,0.24676,0,205.5,playing,12
119.2682,-1.7408,0,0,0.24676,0,209.6,playing,12
119.2844,-1.7408,0,0,0.27223,0,214.03,playing,12
119.3015,-1.7408,0,0,0.27223,0,218.47,playing,12
119.3181,-1.4736,0,0,0.24167,0,223.51,playing,12
119.3341,-1.4736,0,0,0.24167,0,228.53,playing,12
119.3522,-1.4736,0,0,0.24167,0,234.19,playing,12
119.3688,-15.9352,1,0,0.24523,0,240.53,playing,12
119.3853,-15.9352,0,0,0.24523,0,234.57,playing,12
119.4019,-10.5762,0,0,0.27305,0,228.56,playing,12
119.4179,-10.5762,0,0,0.27305,0,223.18,playing,12
119.4335,-10.5762,0,0,0.26716,0,218.09,playing,12
119.4502,-5.5969,0,0,0.26716,0,213.27,playing,12
119.4673,-5.5969,0,0,0.26716,0,208.48,playing,12
119.4839,-5.5969,0,0,0.22388,0,204.0,playing,12
119.5005,13.6749,0,0,0.22388,0,200.06,playing,12
119.5171,13.6749,0,0,0.22388,0,196.2,playing,12
119.5327,13.6749,0,0,0.17218,0,192.85,playing,12
119.5487,13.6749,0,0,0.17218,0,189.77,playing,12
119.5653,13.6749,0,0,0.17218,0,186.98,playing,12
119.5813,7.3255,0,0,0.15045,0,184.34,playing,12
119.5975,7.3255,0,0,0.15045,0,182.13,playing,12
119.6145,7.3255,0,0,0.1963,0,180.2,playing,12
119.6306,5.3089,0,0,0.1963,0,178.47,playing,12
119.6477,5.3089,0,0,0.1963,0,177.12,playing,12
119.6643,5.3089,0,0,0.23659,1,176.01,playing,12
119.6808,1.9651,0,0,0.23659,0,175.21,playing,12
119.6974,1.9651,0,0,0.24497,0,174.75,playing,12
119.714,0.7848,0,0,0.24497,0,174.57,playing,12
119.7296,0.7848,0,0,0.24497,0,174.68,playing,12
119.7477,0.7848,0,0,0.24497,0,175.08,playing,12
119.7637,-0.327,0,0,0.24521,0,175.88,playing,12
119.7803,-0.327,0,0,0.24521,0,176.87,playing,12
119.7968,-0.327,0,0,0.26824,0,178.24,playing,12
119.8129,-1.1116,0,0,0.26824,0,179.82,playing,12
119.829,-1.1116,0,0,0.25054,0,181.67,playing,12
119.8455,-1.1116,0,0,0.25054,0,183.81,playing,12
119.8616,-1.4533,0,0,0.25054,0,186.4,playing,12
119.8776,-1.4533,0,0,0.25446,0,189.12,playing,12
119.8937,-1.406,0,0,0.25446,0,192.12,playing,12
119.9097,-1.7855,0,0,0.29735,0,195.4,playing,12
119.9258,-1.7855,0,0,0.29735,0,198.96,playing,12
119.9414,-1.9029,0,0,0.26769,0,202.81,playing,12
119.9585,-1.9029,0,0,0.26769,0,206.94,playing,12
119.9755,-1.9029,0,0,0.25884,0,211.64,playing,12
119.9916,-1.6994,0,0,0.25884,0,216.66,playing,12
120.0082,-1.6994,0,0,0.25884,0,221.66,playing,12
120.0247,-1.6994,0,0,0.28401,0,227.3,playing,12
120.0409,-11.9243,0,0,0.28401,0,232.89,playing,12
120.0569,-11.9243,0,0,0.28401,0,238.76,playing,13
120.0735,-16.4237,1,0,0.29027,0,245.31,playing,13
120.0895,-16.4237,0,0,0.29027,0,239.35,playing,13
120.1056,-16.4237,0,0,0.28502,0,233.68,playing,13
120.1226,-5.3301,0,0,0.28502,0,228.28,playing,13
120.1387,-5.3301,0,0,0.15856,0,222.87,playing,13
120.1553,-5.3301,0,0,0.15856,0,218.05,playing,13
120.1724,5.5905,0,0,0.16752,0,213.25,playing,13
120.1889,5.5905,0,0,0.16752,0,208.77,playing,13
120.2055,5.5905,0,0,0.16752,0,204.84,playing,13
120.2216,11.9868,0,0,0.15369,0,200.98,playing,13
120.2376,11.9868,0,0,0.15369,0,197.62,playing,13
120.2547,8.9856,0,0,0.18681,0,194.55,playing,13
120.2712,8.9856,0,0,0.18681,0,191.61,playing,13
120.2878,8.9856,0,0,0.18681,0,188.98,playing,13
120.3033,6.0322,0,0,0.14078,0,186.79,playing,13
120.3204,6.0322,0,0,0.14078,0,184.88,playing,13
120.3376,6.0322,0,0,0.19492,0,183.16,playing,13
120.3536,3.2526,0,0,0.19492,0,181.77,playing,13
120.3702,3.2526,0,0,0.17819,0,180.74,playing,13
120.3872,3.2526,0,0,0.17819,0,179.96,playing,13
120.4037,1.5663,0,0,0.17819,0,179.5,playing,13
120.4203,1.5663,0,0,0.20231,0,179.35,playing,13
120.4375,-0.2093,0,0,0.20231,0,179.51,playing,13
120.4544,-0.2093,0,0,0.24529,1,179.99,playing,13
120.4715,-0.2093,0,0,0.24529,0,180.78,playing,13
120.4875,-0.9085,0,0,0.24529,0,181.89,playing,13
120.5046,-0.9085,0,0,0.25047,0,183.22,playing,13
120.5212,-0.9085,0,0,0.25047,0,184.95,playing,13
120.5389,-1.1027,0,0,0.25047,0,187.0,playing,13
120.5564,-1.1027,0,0,0.26339,0,189.52,playing,13
120.573,-1.9077,0,0,0.26339,0,192.22,playing,13
120.5896,-1.9077,0,0,0.26339,0,195.05,playing,13
120.6056,-1.9077,0,0,0.25885,0,198.36,playing,13
120.6222,-2.0156,0,0,0.25885,0,201.77,playing,13
120.6394,-2.0156,0,0,0.25477,0,205.7,playing,13
120.6564,-2.0156,0,0,0.25477,0,209.96,playing,13
120.6729,-2.4167,0,0,0.25035,0,214.53,playing,13
120.689,-2.4167,0,0,0.25035,0,219.11,playing,13
120.7045,-9.7695,0,0,0.25035,0,223.98,playing,13
120.7211,-9.7695,0,0,0.2677,0,229.13,playing,13
120.7377,-9.7695,0,0,0.2677,0,234.91,playing,13
120.7543,-17.0981,1,0,0.29464,0,240.64,playing,13
120.7708,-17.0981,0,0,0.29464,0,234.33,playing,13
120.7869,-17.0981,0,0,0.29464,0,228.67,playing,13
120.8024,-10.3125,0,0,0.24993,0,223.29,playing,13
120.8189,-10.3125,0,0,0.24993,0,218.2,playing,13
120.8345,-10.3125,0,0,0.15373,0,213.38,playing,13
120.8506,10.4114,0,0,0.15373,0,208.85,playing,13
120.8666,10.4114,0,0,0.15373,0,204.6,playing,13
120.8827,13.5773,0,0,0.16171,0,200.63,playing,13
120.8993,10.5704,0,0,0.16171,0,196.94,playing,13
120.9159,10.5704,0,0,0.16936,0,193.34,playing,13
120.9321,7.298,0,0,0.16936,0,190.23,playing,13
120.9487,7.298,0,0,0.16936,0,187.25,playing,13
120.9652,7.298,0,0,0.15373,0,184.72,playing,13
120.9822,4.7908,0,0,0.15373,0,182.36,playing,13
120.9994,4.7908,0,0,0.15402,0,180.31,playing,13
121.016,4.7908,0,0,0.15402,0,178.58,playing,13
121.0315,1.5407,0,0,0.15402,0,177.23,playing,13
121.0486,1.5407,0,0,0.22388,1,176.16,playing,13
121.0647,0.1705,0,0,0.22388,0,175.35,playing,13
121.0808,0.1705,0,0,0.18501,0,174.86,playing,13
121.0973,0.1705,0,0,0.18501,0,174.66,playing,13
121.1139,-1.4549,0,0,0.23559,0,174.76,playing,13
121.1295,-1.4549,0,0,0.23559,0,175.14,playing,13
121.1456,-1.4549,0,0,0.23559,0,175.8,playing,13
121.1621,-1.6687,0,0,0.26852,0,176.74,playing,13
121.1782,-1.6687,0,0,0.26852,0,177.96,playing,13
121.1937,-1.6687,0,0,0.26852,0,179.47,playing,13
121.2098,-1.4255,0,0,0.23669,0,181.25,playing,13
121.2259,-1.4255,0,0,0.23669,0,183.32,playing,13
121.2419,-1.4255,0,0,0.27231,0,185.67,playing,13
121.2575,-1.7419,0,0,0.27231,0,188.3,playing,13
121.2755,-1.7419,0,0,0.27231,0,191.21,playing,13
121.2931,-1.7615,0,0,0.2452,0,195.07,playing,13
121.3097,-1.7615,0,0,0.2452,0,198.83,playing,13
121.3263,-1.7615,0,0,0.26377,0,202.66,playing,13
121.3435,-1.7615,0,0,0.26377,0,207.05,playing,13
121.3606,-1.7615,0,0,0.23823,0,211.75,playing,13
121.3771,-1.7615,0,0,0.23823,0,216.77,playing,13
121.3927,-0.6751,0,0,0.23823,0,221.77,playing,13
121.4095,-0.6751,0,0,0.27671,0,227.06,playing,13
121.4264,-0.8156,0,0,0.27671,0,233.0,playing,13
121.4435,-0.8156,0,0,0.26905,0,239.25,playing,13
121.4606,-0.8156,0,0,0.26905,0,245.82,playing,13
121.4772,-15.3868,1,0,0.29803,0,252.71,playing,13
121.4929,-15.3868,0,0,0.29803,0,246.76,playing,13
121.5094,-15.3868,0,0,0.29803,0,241.08,playing,13
121.526,-9.092,0,0,0.29803,0,235.37,playing,13
121.5419,-9.092,0,0,0.29803,0,230.27,playing,13
121.5579,-4.3905,0,0,0.20896,0,225.46,playing,13
121.574,9.6815,0,0,0.20896,0,220.92,playing,13
121.59,9.6815,0,0,0.20896,0,216.67,playing,13
121.6061,13.7026,0,0,0.19483,0,212.7,playing,13
121.6226,13.7026,0,0,0.19483,0,208.8,playing,13
121.6393,13.7026,0,0,0.15348,0,205.41,playing,13
121.6558,11.541,0,0,0.15348,0,202.13,playing,13
121.6716,11.541,0,0,0.15348,0,199.32,playing,13
121.6882,11.541,0,0,0.14774,0,196.8,playing,13
121.7054,6.1079,0,0,0.14774,0,194.43,playing,13
121.7233,6.1079,0,0,0.14774,0,192.38,playing,13
121.7399,4.0144,0,0,0.15958,0,190.57,playing,13
121.7564,4.0144,0,0,0.15958,0,189.24,playing,13
121.773,4.0144,0,0,0.15958,0,188.14,playing,13
121.7888,1.3065,0,0,0.12987,0,187.4,playing,13
121.8044,1.3065,0,0,0.12987,0,186.93,playing,13
121.8211,1.3065,0,0,0.12987,1,186.74,playing,13
121.8363,-0.2059,0,0,0.24227,0,186.84,playing,13
121.8533,-0.2059,0,0,0.24227,0,187.22,playing,13
121.8699,-0.2059,0,0,0.24227,0,187.94,playing,13
121.8859,-0.7983,0,0,0.24227,0,188.89,playing,13
121.9025,-0.7983,0,0,0.24155,0,190.13,playing,14
121.919,-1.9116,0,0,0.24155,0,191.77,playing,14
121.9361,-1.9116,0,0,0.2726,0,193.72,playing,14
121.9517,-1.9116,0,0,0.2726,0,195.84,playing,14
121.9677,-2.1161,0,0,0.2726,0,198.24,playing,14
121.9846,-2.1161,0,0,0.27578,0,200.93,playing,14
122.0012,-2.1161,0,0,0.27578,0,204.1,playing,14
122.0183,-1.964,0,0,0.25983,0,207.58,playing,14
122.0348,-1.964,0,0,0.25983,0,211.39,playing,14
122.051,-1.964,0,0,0.23723,0,215.25,playing,14
122.0665,-1.8123,0,0,0.23723,0,219.39,playing,14
122.0834,-1.8123,0,0,0.23723,0,223.82,playing,14
122.1,-1.7146,0,0,0.26769,0,228.84,playing,14
122.116,-1.7146,0,0,0.26769,0,233.85,playing,14
122.1322,-1.7146,0,0,0.24985,0,239.13,playing,14
122.1488,-3.2801,0,0,0.24985,0,245.07,playing,14
122.1649,-3.2801,0,0,0.25047,0,250.94,playing,14
122.1809,-3.2801,0,0,0.25047,0,257.09,playing,14
122.1965,-3.2801,0,0,0.25947,0,263.52,playing,14
122.213,-3.2801,0,0,0.25947,0,270.24,playing,14
122.2286,-3.2801,0,0,0.25947,0,277.23,playing,14
122.2446,-7.6832,1,0,0.25947,0,284.51,playing,14
122.2607,-7.6832,0,0,0.25947,0,278.55,playing,14
122.2773,-7.6832,0,0,0.26786,0,272.87,playing,14
122.2934,-7.6832,0,0,0.26786,0,267.16,playing,14
122.3099,-7.6832,0,0,0.26786,0,262.06,playing,14
122.327,12.5876,0,0,0.24107,0,256.97,playing,14
122.3425,12.5876,0,0,0.24107,0,252.45,playing,14
122.3596,12.5876,0,0,0.15265,0,248.22,playing,14
122.376,10.1441,0,0,0.15265,0,244.04,playing,14
122.3915,10.1441,0,0,0.15224,0,240.38,playing,14
122.4076,10.1441,0,0,0.15224,0,237.01,playing,14
122.4236,7.6137,0,0,0.15224,0,233.92,playing,14
122.4394,7.6137,0,0,0.16184,0,231.11,playing,14
122.456,7.6137,0,0,0.16184,0,228.59,playing,14
122.4722,3.6227,0,0,0.15276,0,226.34,playing,14
122.4893,3.6227,0,0,0.15276,0,224.28,playing,14
122.5058,2.1629,0,0,0.18506,0,222.53,playing,14
122.5224,2.1629,0,0,0.18506,0,221.16,playing,14
122.5384,2.1629,0,0,0.27389,1,220.03,playing,14
122.5545,0.9854,0,0,0.27389,0,219.25,playing,14
122.571,0.9854,0,0,0.27389,0,218.74,playing,14
122.5871,0.9854,0,0,0.24521,0,218.52,playing,14
122.6042,-0.6438,0,0,0.24521,0,218.61,playing,14
122.6203,-0.6438,0,0,0.24992,0,219.01,playing,14
122.6378,-1.0059,0,0,0.24992,0,219.67,playing,14
122.6538,-1.0059,0,0,0.26338,0,220.69,playing,14
122.6698,-1.0059,0,0,0.26338,0,221.93,playing,14
122.6856,-2.2511,0,0,0.26338,0,223.45,playing,14
122.7026,-2.2511,0,0,0.30545,0,225.25,playing,14
122.719,-2.2511,0,0,0.30545,0,227.48,playing,14
122.7349,-2.6835,0,0,0.26769,0,229.87,playing,14
122.7509,-2.6835,0,0,0.26769,0,232.53,playing,14
122.768,-2.6835,0,0,0.29058,0,235.48,playing,14
122.7851,-2.1849,0,0,0.29058,0,239.15,playing,14
122.8011,-2.1849,0,0,0.29058,0,242.7,playing,14
122.8167,-2.1849,0,0,0.25948,0,246.53,playing,14
122.8327,-3.1054,0,0,0.25948,0,250.63,playing,14
122.8493,-3.1054,0,0,0.25497,0,255.02,playing,14
122.8664,-15.6482,1,0,0.25497,0,260.01,playing,14
122.8825,-15.6482,0,0,0.29194,0,253.7,playing,14
122.8989,-15.6482,0,0,0.29194,0,248.04,playing,14
122.9151,-9.1963,0,0,0.29194,0,242.66,playing,14
122.9305,-9.1963,0,0,0.29194,0,237.56,playing,14
122.9465,-9.1963,0,0,0.29194,0,232.75,playing,14
122.9627,-5.3338,0,0,0.24984,0,228.22,playing,14
122.9786,-5.3338,0,0,0.24984,0,223.96,playing,14
122.9952,-5.3338,0,0,0.24109,0,219.99,playing,14
123.0121,13.2103,0,0,0.24109,0,216.09,playing,14
123.0276,13.2103,0,0,0.24109,0,212.71,playing,14
123.0442,14.3658,0,0,0.16937,0,209.6,playing,14
123.0608,14.3658,0,0,0.16937,0,206.61,playing,14
123.0768,14.3658,0,0,0.17079,0,204.09,playing,14
123.0929,8.4959,0,0,0.17079,0,201.84,playing,14
123.109,8.4959,0,0,0.17079,0,199.88,playing,14
123.1251,8.4959,0,0,0.14615,0,198.2,playing,14
123.1424,5.7543,0,0,0.14615,0,196.73,playing,14
123.1595,5.7543,0,0,0.16511,0,195.58,playing,14
123.1755,5.7543,0,0,0.16511,0,194.75,playing,14
123.1921,3.4087,0,0,0.15698,0,194.24,playing,14
123.2085,3.4087,0,0,0.15698,0,194.03,playing,14
123.2256,1.5918,0,0,0.15698,0,194.11,playing,14
123.2423,1.5918,0,0,0.23662,1,194.51,playing,14
123.2593,1.5918,0,0,0.23662,0,195.23,playing,14
123.2763,1.5918,0,0,0.24725,0,196.26,playing,14
123.2929,1.5918,0,0,0.24725,0,197.62,playing,14
123.3084,1.5918,0,0,0.24725,0,199.18,playing,14
123.3245,-0.6574,0,0,0.23611,0,201.01,playing,14
123.3406,-0.6574,0,0,0.23611,0,203.13,playing,14
123.358,-1.7348,0,0,0.27868,0,205.54,playing,14
123.3736,-1.7348,0,0,0.27868,0,208.4,playing,14
123.3898,-1.7348,0,0,0.29262,0,211.39,playing,14
123.4058,-1.7348,0,0,0.29262,0,214.65,playing,14
123.4219,-1.7348,0,0,0.2767,0,218.2,playing,14
123.4383,-1.7348,0,0,0.2767,0,222.02,playing,14
123.4554,-1.9161,0,0,0.2767,0,226.41,playing,14
123.4726,-1.9161,0,0,0.28627,0,231.11,playing,14
123.4886,-1.9161,0,0,0.28627,0,236.13,playing,14
123.5057,-2.2054,0,0,0.28562,0,241.14,playing,14
123.5218,-2.2054,0,0,0.28562,0,246.77,playing,14
123.5385,-2.2054,0,0,0.28156,0,252.36,playing,14
123.5543,-2.2054,0,0,0.28156,0,258.62,playing,14
123.5713,-2.2054,0,0,0.32459,0,264.78,playing,14
123.5884,-15.0779,1,0,0.32459,0,271.66,playing,14
123.6044,-15.0779,0,0,0.32459,0,265.34,playing,14
123.6208,-15.0779,0,0,0.32459,0,259.68,playing,14
123.6366,-16.2302,0,0,0.32459,0,254.31,playing,14
123.6533,-16.2302,0,0,0.24058,0,249.21,playing,14
123.6699,-16.2302,0,0,0.24058,0,244.11,playing,14
123.6865,2.8149,0,0,0.27295,0,239.6,playing,14
123.7032,2.8149,0,0,0.27295,0,235.12,playing,14
123.7198,10.0475,0,0,0.24097,0,230.96,playing,14
123.7359,10.0475,0,0,0.24097,0,227.32,playing,14
123.752,10.0475,0,0,0.24097,0,223.97,playing,14
123.768,10.5414,0,0,0.16476,0,220.9,playing,15
123.7836,10.5414,0,0,0.16476,0,218.11,playing,15
123.8001,10.5414,0,0,0.16476,0,215.6,playing,15
123.8161,6.8371,0,0,0.16072,0,213.37,playing,15
123.8333,6.8371,0,0,0.16072,0,211.32,playing,15
123.8497,6.8371,0,0,0.19887,0,209.59,playing,15
123.8657,4.8052,0,0,0.19887,0,208.24,playing,15
123.8819,4.8052,0,0,0.19887,0,207.18,playing,15
123.898,2.726,0,0,0.19887,0,206.39,playing,15
123.9151,1.6646,0,0,0.19887,0,205.88,playing,15
123.9312,1.6646,0,0,0.22681,1,205.68,playing,15
123.9473,0.8543,0,0,0.22681,0,205.78,playing,15
123.9639,0.8543,0,0,0.22681,0,206.16,playing,15
123.98,0.8543,0,0,0.22681,0,206.81,playing,15
123.9959,0.1795,0,0,0.22681,0,207.76,playing,15
124.012,0.1795,0,0,0.22681,0,208.98,playing,15
124.0281,0.1795,0,0,0.26277,0,210.48,playing,15
124.0441,-1.1617,0,0,0.26277,0,212.27,playing,15
124.0607,-1.1617,0,0,0.24246,0,214.48,playing,15
124.0772,-1.1617,0,0,0.24246,0,216.85,playing,15
124.0928,-1.4753,0,0,0.24657,0,219.5,playing,15
124.1089,-1.4753,0,0,0.24657,0,222.43,playing,15
124.1251,-1.3417,0,0,0.24657,0,225.64,playing,15
124.1418,-1.3417,0,0,0.22414,0,229.37,playing,15
124.1578,-1.3417,0,0,0.22414,0,233.16,playing,15
124.1733,-1.3417,0,0,0.25415,0,237.23,playing,15
124.1899,-1.3417,0,0,0.25415,0,241.59,playing,15
124.2059,-1.3417,0,0,0.25415,0,246.23,playing,15
124.222,-1.0483,0,0,0.25969,0,251.14,playing,15
124.2377,-1.0483,0,0,0.25969,0,256.34,playing,15
124.2537,-1.0483,0,0,0.27632,0,261.83,playing,15
124.2698,-1.012,0,0,0.27632,0,267.59,playing,15
124.2858,-1.012,0,0,0.27632,0,273.63,playing,15
124.3014,-1.012,0,0,0.2855,0,279.96,playing,15
124.3179,-4.9555,0,0,0.2855,0,286.57,playing,15
124.3335,-4.9555,0,0,0.24686,0,293.46,playing,15
124.3505,-11.5821,1,0,0.24686,0,300.63,playing,15
124.3665,-11.5821,0,0,0.24686,0,294.32,playing,15
124.3831,-11.5821,0,0,0.24159,0,288.66,playing,15
124.3989,-3.5023,0,0,0.24159,0,283.28,playing,15
124.415,-3.5023,0,0,0.14739,0,278.18,playing,15
124.4315,-3.5023,0,0,0.14739,0,273.37,playing,15
124.4485,9.0487,0,0,0.17371,0,268.57,playing,15
124.465,9.0487,0,0,0.17371,0,264.09,playing,15
124.4811,9.0487,0,0,0.17371,0,260.16,playing,15
124.4973,9.7999,0,0,0.16918,0,256.51,playing,15
124.5138,9.7999,0,0,0.16918,0,252.94,playing,15
124.5299,8.1541,0,0,0.18715,0,249.87,playing,15
124.5459,8.1541,0,0,0.18715,0,247.08,playing,15
124.562,8.1541,0,0,0.18715,0,244.57,playing,15
124.5776,4.674,0,0,0.14496,0,242.34,playing,15
124.5937,4.674,0,0,0.14496,0,240.4,playing,15
124.6097,4.674,0,0,0.14496,0,238.73,playing,15
124.6258,3.1618,0,0,0.18087,0,237.35,playing,15
124.642,3.1618,0,0,0.18087,0,236.25,playing,15
124.6575,3.1618,0,0,0.22215,1,235.43,playing,15
124.6741,1.2741,0,0,0.22215,0,234.89,playing,15
124.6906,1.2741,0,0,0.22215,0,234.64,playing,15
124.7071,1.2741,0,0,0.23273,0,234.68,playing,15
124.7232,0.4369,0,0,0.23273,0,235.01,playing,15
124.7387,0.4369,0,0,0.23333,0,235.62,playing,15
124.7547,-0.3809,0,0,0.23333,0,236.5,playing,15
124.7713,-0.3809,0,0,0.2764,0,237.67,playing,15
124.7879,-0.3809,0,0,0.2764,0,239.23,playing,15
124.804,-1.1978,0,0,0.25908,0,240.98,playing,15
124.8201,-1.1978,0,0,0.25908,0,243.02,playing,15
124.8357,-1.1978,0,0,0.25908,0,245.33,playing,15
124.8518,-1.6939,0,0,0.26338,0,247.92,playing,15
124.8679,-1.6939,0,0,0.26338,0,250.8,playing,15
124.884,-1.6939,0,0,0.26338,0,253.96,playing,15
124.9005,-1.3999,0,0,0.28212,0,257.4,playing,15
124.9176,-1.3999,0,0,0.28212,0,261.37,playing,15
124.9341,-0.9157,0,0,0.28123,0,265.66,playing,15
124.9512,-0.9705,0,0,0.28123,0,270.27,playing,15
124.9678,-0.9705,0,0,0.25885,0,275.2,playing,15
124.984,-0.9158,0,0,0.25885,0,280.12,playing,15
125.0002,-0.9158,0,0,0.28752,0,285.32,playing,15
125.0172,-0.9158,0,0,0.28752,0,291.16,playing,15
125.0338,-1.6544,0,0,0.28752,0,297.32,playing,15
125.0497,-1.6544,0,0,0.26004,0,303.4,playing,15
125.066,-1.6544,0,0,0.26004,0,309.76,playing,15
125.083,-14.0168,1,0,0.26004,0,316.41,playing,15
125.0986,-14.0168,0,0,0.27669,0,310.09,playing,15
125.1153,-8.1144,0,0,0.27669,0,304.43,playing,15
125.1324,-8.1144,0,0,0.20061,0,298.74,playing,15
125.1487,-8.1144,0,0,0.20061,0,293.36,playing,15
125.1653,12.0936,0,0,0.18674,0,288.58,playing,15
125.1814,12.0936,0,0,0.18674,0,283.82,playing,15
125.1979,12.0936,0,0,0.16511,0,279.62,playing,15
125.214,12.6808,0,0,0.16511,0,275.71,playing,15
125.23,12.6808,0,0,0.16511,0,272.07,playing,15
125.2466,12.6808,0,0,0.22036,1,268.72,playing,15
125.2631,7.2534,0,0,0.22036,0,265.47,playing,15
125.2787,7.2534,0,0,0.18402,0,262.7,playing,15
125.2947,4.6732,0,0,0.18402,0,260.21,playing,15
125.3107,4.6732,0,0,0.18402,0,258.0,playing,15
125.3268,4.6732,0,0,0.15504,0,256.07,playing,15
125.3428,1.7559,0,0,0.15504,0,254.43,playing,15
125.3598,1.7559,0,0,0.15504,0,253.06,playing,15
125.3764,1.7559,0,0,0.22107,0,251.93,playing,15
125.3934,0.3716,0,0,0.22107,0,251.11,playing,15
125.41,0.3716,0,0,0.25529,0,250.62,playing,15
125.426,0.3716,0,0,0.25529,0,250.43,playing,15
125.4415,-0.2081,0,0,0.18738,0,250.53,playing,15
125.4575,-0.2081,0,0,0.18738,0,250.91,playing,15
125.4742,-0.9946,0,0,0.18738,0,251.57,playing,15
125.4898,-1.4117,0,0,0.29343,0,252.51,playing,15
125.5064,-1.4117,0,0,0.29343,0,253.73,playing,15
125.5228,-2.2467,0,0,0.2463,0,255.35,playing,15
125.5384,-2.2467,0,0,0.2463,0,257.15,playing,15
125.5544,-2.2467,0,0,0.2463,0,259.23,playing,15
125.5705,-2.4959,0,0,0.27874,0,261.6,playing,15
125.5867,-2.4959,0,0,0.27874,0,264.25,playing,15
125.6028,-2.4959,0,0,0.26786,0,267.18,playing,15
125.6186,-2.497,0,0,0.26786,0,270.39,playing,16
125.6347,-2.497,0,0,0.26786,0,273.88,playing,16
125.6513,-2.497,0,0,0.26012,0,277.66,playing,16
125.6678,-2.2967,0,0,0.26012,0,281.98,playing,16
125.6836,-2.2967,0,0,0.31125,0,286.34,playing,16
125.7002,-2.9842,0,0,0.31125,0,290.98,playing,16
125.7172,-2.9842,0,0,0.25983,0,296.22,playing,16
125.7334,-2.9842,0,0,0.25983,0,301.78,playing,16
125.75,-17.3418,1,0,0.25983,0,307.3,playing,16
125.7655,-17.3418,0,0,0.27295,0,301.34,playing,16
125.7815,-17.3418,0,0,0.27295,0,295.66,playing,16
125.7981,-7.8724,0,0,0.29514,0,290.27,playing,16
125.8144,-7.8724,0,0,0.29514,0,285.16,playing,16
125.8305,-7.8724,0,0,0.29514,0,280.04,playing,16
125.8466,-3.7115,0,0,0.19519,0,275.51,playing,16
125.8636,-3.7115,0,0,0.19519,0,271.26,playing,16
125.88,10.035,0,0,0.18215,0,267.06,playing,16
125.8966,10.035,0,0,0.18215,0,263.39,playing,16
125.9126,10.035,0,0,0.18215,0,259.8,playing,16
125.9286,12.2468,0,0,0.18237,0,256.72,playing,16
125.9447,12.2468,0,0,0.18237,0,253.91,playing,16
125.9607,12.2468,0,0,0.17222,0,251.38,playing,16
125.9777,9.2402,0,0,0.17222,0,249.14,playing,16
125.9937,9.2402,0,0,0.17222,0,247.07,playing,16
126.0097,9.2402,0,0,0.153,0,245.4,playing,16
126.0263,4.5446,0,0,0.153,0,244.02,playing,16
126.0432,4.5446,0,0,0.14685,0,242.87,playing,16
126.0603,2.3005,0,0,0.14685,0,242.04,playing,16
126.0773,2.3005,0,0,0.20085,0,241.52,playing,16
126.0939,2.3005,0,0,0.20085,0,241.33,playing,16
126.1095,0.3568,0,0,0.20085,0,241.42,playing,16
126.126,0.3568,0,0,0.26413,1,241.8,playing,16
126.1426,0.3568,0,0,0.26413,0,242.46,playing,16
126.1595,-0.6436,0,0,0.24192,0,243.48,playing,16
126.1753,-0.6436,0,0,0.24192,0,244.81,playing,16
126.1914,-0.6436,0,0,0.24192,0,246.35,playing,16
126.2081,-0.9335,0,0,0.27901,0,248.17,playing,16
126.2242,-0.9335,0,0,0.27901,0,250.28,playing,16
126.2414,-1.7151,0,0,0.27682,0,252.83,playing,16
126.2576,-1.7151,0,0,0.27682,0,255.7,playing,16
126.2737,-1.7151,0,0,0.25108,0,258.68,playing,16
126.2897,-1.9075,0,0,0.25108,0,261.94,playing,16
126.3062,-1.9075,0,0,0.25108,0,265.49,playing,16
126.3238,-1.9075,0,0,0.27734,0,269.57,playing,16
126.3399,-3.9205,0,0,0.27734,0,273.98,playing,16
126.3564,-3.9205,0,0,0.27734,0,278.4,playing,16
126.3729,-17.2311,1,0,0.28553,0,283.42,playing,16
126.3895,-17.2311,0,0,0.28553,0,277.46,playing,16
126.4056,-17.2311,0,0,0.25876,0,271.45,playing,16
126.4224,-13.4694,0,0,0.25876,0,266.07,playing,16
126.439,-13.4694,0,0,0.27362,0,260.68,playing,16
126.4556,-13.4694,0,0,0.27362,0,255.88,playing,16
126.4726,-2.3234,0,0,0.21145,0,251.1,playing,16
126.4892,-2.3234,0,0,0.21145,0,246.64,playing,16
126.5063,-2.3234,0,0,0.21145,0,242.5,playing,16
126.5233,3.7107,0,0,0.18821,0,238.67,playing,16
126.5399,3.7107,0,0,0.18821,0,235.17,playing,16
126.556,12.1515,0,0,0.20474,0,232.15,playing,16
126.5722,12.1515,0,0,0.20474,0,229.41,playing,16
126.588,12.1515,0,0,0.20474,0,226.95,playing,16
126.604,8.9207,0,0,0.16939,0,224.78,playing,16
126.6206,8.9207,0,0,0.16939,0,222.89,playing,16
126.6366,8.9207,0,0,0.16939,0,221.19,playing,16
126.6527,6.6455,0,0,0.16492,0,219.88,playing,16
126.6687,6.6455,0,0,0.16492,0,218.85,playing,16
126.6848,6.6455,0,0,0.14147,0,218.1,playing,16
126.7004,3.0074,0,0,0.14147,0,217.64,playing,16
126.7174,3.0074,0,0,0.21752,1,217.45,playing,16
126.7335,1.9294,0,0,0.21752,0,217.57,playing,16
126.75,1.9294,0,0,0.21752,0,217.97,playing,16
126.7661,1.9294,0,0,0.22215,0,218.64,playing,16
126.7826,0.377,0,0,0.22215,0,219.6,playing,16
126.7996,0.377,0,0,0.28175,0,220.94,playing,16
126.8159,0.377,0,0,0.28175,0,222.59,playing,16
126.8315,-0.2126,0,0,0.28175,0,224.43,playing,16
126.8481,-0.2126,0,0,0.29081,0,226.55,playing,16
126.8642,-0.2126,0,0,0.29081,0,228.95,playing,16
126.8813,-0.2126,0,0,0.29058,0,231.82,playing,16
126.8983,-0.2126,0,0,0.29058,0,235.01,playing,16
126.9153,-1.0213,0,0,0.28684,0,238.51,playing,16
126.9319,-1.0213,0,0,0.28684,0,242.34,playing,16
126.9475,-1.0213,0,0,0.28684,0,246.22,playing,16
126.9646,-1.9026,0,0,0.28571,0,250.38,playing,16
126.9807,-1.9026,0,0,0.28571,0,255.12,playing,16
126.9972,-1.9026,0,0,0.28571,0,259.86,playing,16
127.0142,-1.9026,0,0,0.30347,0,265.22,playing,16
127.0305,-1.9026,0,0,0.30347,0,270.89,playing,16
127.0466,-1.9026,0,0,0.27768,0,276.51,playing,16
127.0626,-11.2447,1,0,0.27768,0,282.42,playing,16
127.0789,-11.2447,0,0,0.27845,0,276.46,playing,16
127.095,-5.4251,0,0,0.27845,0,270.78,playing,16
127.1113,-5.4251,0,0,0.27845,0,265.39,playing,16
127.1277,-5.4251,0,0,0.16325,0,259.97,playing,16
127.1443,10.7179,0,0,0.16325,0,255.16,playing,16
127.1609,10.7179,0,0,0.20839,1,250.36,playing,16
127.1775,10.7179,0,0,0.20839,0,246.13,playing,16
127.1935,9.8602,0,0,0.13141,0,241.95,playing,16
127.2103,9.8602,0,0,0.13141,0,238.29,playing,16
127.2274,9.8602,0,0,0.16713,0,234.73,playing,16
127.2444,5.2462,0,0,0.16713,0,231.49,playing,16
127.2605,5.2462,0,0,0.16713,0,228.56,playing,16
127.2765,3.1861,0,0,0.15942,0,226.09,playing,16
127.2925,3.1861,0,0,0.15942,0,223.89,playing,16
127.3086,3.1861,0,0,0.17276,0,221.98,playing,16
127.325,2.2081,0,0,0.17276,0,220.35,playing,16
127.341,2.2081,0,0,0.17276,0,219.01,playing,16
127.3573,2.2081,0,0,0.25985,0,217.94,playing,16
127.3743,0.6969,0,0,0.25985,0,217.13,playing,16
127.3909,0.6969,0,0,0.27282,0,216.63,playing,16
127.4072,0.6969,0,0,0.27282,0,216.45,playing,16
127.4233,-0.0105,0,0,0.29993,0,216.57,playing,16
127.4401,-0.0105,0,0,0.29993,0,216.96,playing,16
127.4558,-1.168,0,0,0.29993,0,217.64,playing,17
127.4714,-1.168,0,0,0.24142,0,218.6,playing,17
127.4881,-1.168,0,0,0.24142,0,219.84,playing,17
127.5047,-1.5074,0,0,0.24142,0,221.47,playing,17
127.5208,-1.5074,0,0,0.24142,0,223.29,playing,17
127.5374,-1.5074,0,0,0.2684,0,225.39,playing,17
127.5539,-1.5005,0,0,0.2684,0,227.95,playing,17
127.5695,-1.5005,0,0,0.27345,0,230.63,playing,17
127.5856,-1.5005,0,0,0.27345,0,233.59,playing,17
127.6015,-1.3687,0,0,0.27345,0,236.84,playing,17
127.6176,-1.3687,0,0,0.28126,0,240.37,playing,17
127.6336,-1.8834,0,0,0.28126,0,244.18,playing,17
127.6512,-1.8834,0,0,0.28126,0,248.54,playing,17
127.6682,-1.8834,0,0,0.26896,0,253.23,playing,17
127.6853,-17.2728,1,0,0.26896,0,258.23,playing,17
127.7018,-17.2728,0,0,0.2855,0,251.92,playing,17
127.7193,-17.2728,0,0,0.2855,0,245.92,playing,17
127.7359,-11.1335,0,0,0.28102,0,240.25,playing,17
127.7515,-11.1335,0,0,0.28102,0,235.19,playing,17
127.7673,-6.6866,0,0,0.15258,0,230.41,playing,17
127.784,-0.7388,0,0,0.15258,0,225.91,playing,17
127.8001,-0.7388,0,0,0.15258,0,221.69,playing,17
127.8167,7.9804,0,0,0.15826,0,217.53,playing,17
127.8328,7.9804,0,0,0.15826,0,213.9,playing,17
127.8489,7.9804,0,0,0.15826,0,210.54,playing,17
127.8652,14.1495,0,0,0.14211,0,207.47,playing,17
127.8818,14.1495,0,0,0.14211,0,204.52,playing,17
127.8979,14.1495,0,0,0.14211,0,202.03,playing,17
127.9134,12.3112,0,0,0.16482,0,199.82,playing,17
127.93,12.3112,0,0,0.16482,0,197.9,playing,17
127.9465,12.3112,0,0,0.16482,0,196.25,playing,17
127.9631,12.3112,0,0,0.16396,0,194.82,playing,17
127.9792,12.3112,0,0,0.16396,0,193.75,playing,17
127.996,6.8186,0,0,0.17837,0,192.94,playing,17
128.012,2.2232,0,0,0.17837,0,192.45,playing,17
128.0281,2.2232,0,0,0.24983,1,192.25,playing,17
128.0441,1.347,0,0,0.24983,0,192.33,playing,17
128.0604,1.347,0,0,0.24983,0,192.69,playing,17
128.0767,1.347,0,0,0.24983,0,193.39,playing,17
128.0935,0.0213,0,0,0.24983,0,194.33,playing,17
128.1096,0.0213,0,0,0.22261,0,195.65,playing,17
128.1256,0.0213,0,0,0.22261,0,197.17,playing,17
128.1422,-1.1938,0,0,0.24629,0,198.97,playing,17
128.1594,-1.1938,0,0,0.24629,0,201.21,playing,17
128.1755,-1.8173,0,0,0.24629,0,203.76,playing,17
128.1918,-1.8173,0,0,0.24629,0,206.44,playing,17
128.2074,-1.8173,0,0,0.24629,0,209.41,playing,17
128.224,-1.9092,0,0,0.29133,0,212.65,playing,17
128.2394,-1.9092,0,0,0.29133,0,216.18,playing,17
128.2565,-1.9092,0,0,0.29133,0,219.99,playing,17
128.2731,-1.8481,0,0,0.27359,0,224.35,playing,17
128.2902,-1.8481,0,0,0.27359,0,229.04,playing,17
128.3067,-1.8481,0,0,0.25119,0,234.04,playing,17
128.3228,-1.6681,0,0,0.25119,0,239.03,playing,17
128.339,-1.6681,0,0,0.25119,0,244.3,playing,17
128.3549,-1.6053,0,0,0.31292,0,249.85,playing,17
128.3704,-1.6053,0,0,0.31292,0,255.68,playing,17
128.3874,-1.6053,0,0,0.24648,0,261.8,playing,17
128.4044,-1.1722,0,0,0.24648,0,268.61,playing,17
128.4215,-1.1722,0,0,0.24593,0,275.75,playing,17
128.4386,-1.1722,0,0,0.24593,0,283.2,playing,17
128.4551,-16.7365,1,0,0.27331,0,290.97,playing,17
128.4711,-16.7365,0,0,0.27331,0,285.01,playing,17
128.4872,-16.7365,0,0,0.27331,0,279.33,playing,17
128.5043,-10.1934,0,0,0.26897,0,273.62,playing,17
128.5207,-10.1934,0,0,0.26897,0,268.22,playing,17
128.5367,-5.0478,0,0,0.26897,0,263.43,playing,17
128.5533,-5.0478,0,0,0.14482,0,258.91,playing,17
128.5698,-5.0478,0,0,0.14482,0,254.43,playing,17
128.5858,12.8146,0,0,0.16321,0,250.5,playing,17
128.6024,12.8146,0,0,0.16321,0,246.84,playing,17
128.6194,12.8146,0,0,0.17744,0,243.28,playing,17
128.636,12.2803,0,0,0.17744,0,240.04,playing,17
128.6516,12.2803,0,0,0.17744,0,237.26,playing,17
128.6682,9.9626,0,0,0.21795,1,234.77,playing,17
128.6852,6.5503,0,0,0.21795,0,232.44,playing,17
128.7025,6.5503,0,0,0.12216,0,230.43,playing,17
128.7186,4.8351,0,0,0.12216,0,228.74,playing,17
128.7352,4.8351,0,0,0.22207,0,227.43,playing,17
128.7523,4.8351,0,0,0.22207,0,226.35,playing,17
128.7701,2.727,0,0,0.22207,0,225.59,playing,17
128.7862,2.727,0,0,0.23384,0,225.15,playing,17
128.8022,2.727,0,0,0.23384,0,225.02,playing,17
128.8193,-0.4883,0,0,0.25446,0,225.2,playing,17
128.8354,-0.4883,0,0,0.25446,0,225.69,playing,17
128.8525,-0.9729,0,0,0.23596,0,226.44,playing,17
128.8691,-0.9729,0,0,0.23596,0,227.55,playing,17
128.8851,-0.9729,0,0,0.23596,0,228.88,playing,17
128.9016,-1.7323,0,0,0.23596,0,230.61,playing,17
128.9181,-1.7323,0,0,0.23596,0,232.52,playing,17
128.9347,-1.7323,0,0,0.2236,0,234.71,playing,17
128.9507,-2.136,0,0,0.2236,0,237.35,playing,17
128.9677,-2.136,0,0,0.2236,0,240.12,playing,17
128.9853,-2.1335,0,0,0.22843,0,243.6,playing,17
129.0018,-2.1335,0,0,0.22843,0,247.2,playing,17
129.0179,-2.1335,0,0,0.26786,0,250.86,playing,17
129.0344,-2.0388,0,0,0.26786,0,254.81,playing,17
129.051,-2.0388,0,0,0.26786,0,259.33,playing,17
129.0665,-2.0388,0,0,0.26786,0,263.86,playing,17
129.0828,-1.4953,0,0,0.26786,0,268.67,playing,17
129.0988,-1.4953,0,0,0.26786,0,273.77,playing,17
129.1149,-1.4953,0,0,0.26786,0,279.14,playing,17
129.1314,-1.4953,0,0,0.28166,0,284.8,playing,17
129.1485,-1.4953,0,0,0.28166,0,291.13,playing,17
129.1651,-13.1195,1,0,0.26347,0,297.78,playing,17
129.1806,-13.774,0,0,0.26347,0,291.82,playing,17
129.1976,-13.774,0,0,0.26347,0,286.14,playing,17
129.2141,-9.1408,0,0,0.23758,0,280.43,playing,17
129.2301,-9.1408,0,0,0.23758,0,275.33,playing,17
129.2469,-9.1408,0,0,0.23758,0,270.24,playing,17
129.2624,-1.98,0,0,0.23758,0,265.72,playing,17
129.2795,-1.98,0,0,0.16936,0,261.49,playing,17
129.2955,-1.98,0,0,0.16936,0,257.31,playing,17
129.3126,8.3134,0,0,0.16936,0,253.65,playing,18
129.3298,8.3134,0,0,0.18091,0,249.9,playing,18
129.3455,13.6962,0,0,0.18091,0,246.85,playing,18
129.3626,13.6962,0,0,0.16315,0,244.07,playing,18
129.3785,13.6962,0,0,0.16315,0,241.45,playing,18
129.3956,10.7477,0,0,0.15762,0,239.25,playing,18
129.4115,10.7477,0,0,0.15762,0,237.24,playing,18
129.4281,10.7477,0,0,0.15762,0,235.63,playing,18
129.4441,7.8998,0,0,0.16326,0,234.3,playing,18
129.4612,7.8998,0,0,0.16326,0,233.21,playing,18
129.4782,7.8998,0,0,0.12048,0,232.43,playing,18
129.4948,3.0684,0,0,0.12048,0,231.97,playing,18
129.5113,3.0684,0,0,0.12048,1,231.82,playing,18
129.5279,1.6093,0,0,0.24983,0,231.98,playing,18
129.5439,1.6093,0,0,0.24983,0,232.41,playing,18
129.5595,1.6093,0,0,0.24554,0,233.12,playing,18
129.576,-0.614,0,0,0.24554,0,234.12,playing,18
129.592,-0.614,0,0,0.23262,0,235.39,playing,18
129.6081,-0.614,0,0,0.23262,0,236.95,playing,18
129.6237,-1.6808,0,0,0.23262,0,238.79,playing,18
129.6398,-1.6808,0,0,0.26841,0,240.91,playing,18
129.6558,-1.6808,0,0,0.26841,0,243.31,playing,18
129.6718,-2.3966,0,0,0.29332,0,245.99,playing,18
129.6879,-2.3966,0,0,0.29332,0,248.96,playing,18
129.7039,-2.7672,0,0,0.25876,0,252.2,playing,18
129.7209,-2.4112,0,0,0.25876,0,255.97,playing,18
129.7365,-2.4112,0,0,0.25876,0,259.8,playing,18
129.7535,-2.5837,0,0,0.25583,0,263.9,playing,18
129.7704,-2.5837,0,0,0.25583,0,268.59,playing,18
129.787,-2.5837,0,0,0.25818,0,273.59,playing,18
129.803,-13.443,1,0,0.25818,0,278.58,playing,18
129.8191,-13.443,0,0,0.25818,0,272.62,playing,18
129.8351,-13.443,0,0,0.25948,0,266.94,playing,18
129.8522,-13.0494,0,0,0.25948,0,261.23,playing,18
129.8692,-13.0494,0,0,0.27835,0,255.83,playing,18
129.8858,-13.0494,0,0,0.27835,0,250.76,playing,18
129.9023,-13.0494,0,0,0.241,0,246.26,playing,18
129.9188,-13.0494,0,0,0.241,0,241.8,playing,18
129.9354,-13.0494,0,0,0.15356,0,237.88,playing,18
129.952,-13.0494,0,0,0.15356,0,234.04,playing,18
129.9676,-13.0494,0,0,0.15356,0,230.7,playing,18
129.9842,-0.4721,0,0,0.16317,0,227.65,playing,18
130.0013,-0.4721,0,0,0.16317,0,224.72,playing,18
130.0179,4.5414,0,0,0.15337,0,222.11,playing,18
130.0344,12.6385,0,0,0.15337,0,219.94,playing,18
130.051,12.6385,0,0,0.15337,0,217.94,playing,18
130.067,15.0579,0,0,0.18802,0,216.35,playing,18
130.083,15.0579,0,0,0.18802,0,215.04,playing,18
130.1001,15.0579,0,0,0.1531,0,213.96,playing,18
130.1162,12.4316,0,0,0.1531,0,213.23,playing,18
130.1327,12.4316,0,0,0.15761,0,212.77,playing,18
130.1488,12.4316,0,0,0.15761,0,212.62,playing,18
130.1644,6.485,0,0,0.15761,0,212.75,playing,18
130.181,6.485,0,0,0.17764,0,213.16,playing,18
130.1968,6.485,0,0,0.17764,0,213.86,playing,18
130.2129,4.0731,0,0,0.14772,0,214.84,playing,18
130.2291,4.0731,0,0,0.14772,0,216.09,playing,18
130.2449,0.3688,0,0,0.14772,0,217.63,playing,18
130.2612,0.3688,0,0,0.16638,0,219.45,playing,18
130.2776,0.3688,0,0,0.16638,0,221.71,playing,18
130.2942,-1.0183,0,0,0.27738,1,224.11,playing,18
130.3113,-1.0183,0,0,0.27738,0,226.98,playing,18
130.3279,-1.0183,0,0,0.26363,0,230.16,playing,18
130.3437,-2.2038,0,0,0.26363,0,233.45,playing,18
130.3598,-2.2038,0,0,0.26363,0,237.01,playing,18
130.3763,-2.2038,0,0,0.26452,0,240.85,playing,18
130.393,-2.9807,0,0,0.26452,0,245.26,playing,18
130.4085,-2.9807,0,0,0.29794,0,249.68,playing,18
130.4249,-3.0392,0,0,0.29794,0,254.39,playing,18
130.4407,-3.0392,0,0,0.29794,0,259.38,playing,18
130.4584,-3.0392,0,0,0.26909,0,265.0,playing,18
130.4755,-3.0356,0,0,0.26909,0,270.93,playing,18
130.4923,-3.0356,0,0,0.29609,0,277.19,playing,18
130.509,-3.0356,0,0,0.29609,0,283.76,playing,18
130.525,-2.7269,0,0,0.29609,0,290.23,playing,18
130.5417,-2.7269,0,0,0.25126,0,297.42,playing,18
130.5577,-2.5957,0,0,0.25126,0,304.46,playing,18
130.5737,-6.2374,0,0,0.28643,0,311.79,playing,18
130.5898,-6.2374,0,0,0.28643,0,319.4,playing,18
130.6063,-16.2909,1,0,0.27661,0,327.3,playing,18
130.6229,-16.2909,0,0,0.27661,0,320.99,playing,18
130.639,-16.2909,0,0,0.26422,0,315.33,playing,18
130.6556,-11.9669,0,0,0.26422,0,309.95,playing,18
130.6714,-11.9669,0,0,0.26422,0,304.55,playing,18
130.6875,-11.9669,0,0,0.28134,0,299.76,playing,18
130.7042,-6.7456,0,0,0.28134,0,295.24,playing,18
130.7215,-6.7456,0,0,0.18861,0,290.76,playing,18
130.7386,-2.6437,0,0,0.18861,0,286.6,playing,18
130.7555,0.2762,0,0,0.18861,0,282.76,playing,18
130.7721,0.2762,0,0,0.12712,0,279.23,playing,18
130.789,4.2961,0,0,0.12712,0,276.02,playing,18
130.8047,4.2961,0,0,0.17012,0,273.28,playing,18
130.8207,4.2961,0,0,0.17012,0,270.83,playing,18
130.8367,15.2686,0,0,0.16162,0,268.65,playing,18
130.8528,15.2686,0,0,0.16162,0,266.76,playing,18
130.8693,15.2686,0,0,0.1747,0,265.15,playing,18
130.8858,13.7585,0,0,0.1747,0,263.76,playing,18
130.9025,13.7585,0,0,0.1747,0,262.73,playing,18
130.9191,10.4641,0,0,0.20475,0,261.95,playing,18
130.9352,6.9674,0,0,0.20475,0,261.5,playing,18
130.9518,6.9674,0,0,0.21194,1,261.34,playing,18
130.9684,4.2619,0,0,0.21194,0,261.47,playing,18
130.985,4.2619,0,0,0.21194,0,261.93,playing,18
131.0016,4.2619,0,0,0.13141,0,262.7,playing,18
131.0182,0.7224,0,0,0.13141,0,263.71,playing,18
131.0337,0.7224,0,0,0.14373,0,265.01,playing,18
131.0499,0.7224,0,0,0.14373,0,266.58,playing,18
131.0656,-0.577,0,0,0.25492,0,268.44,playing,18
131.0815,-0.577,0,0,0.25492,0,270.58,playing,18
131.0976,-0.577,0,0,0.25492,0,272.99,playing,18
131.1136,-1.4755,0,0,0.26404,0,275.7,playing,18
131.1297,-1.4755,0,0,0.26404,0,278.68,playing,18
131.1457,-2.1771,0,0,0.26404,0,281.94,playing,18
131.1618,-2.1771,0,0,0.2724,0,285.49,playing,19
131.1778,-2.1771,0,0,0.2724,0,289.31,playing,19
131.1943,-2.6012,0,0,0.2724,0,293.42,playing,19
131.2104,-2.6012,0,0,0.22863,0,298.11,playing,19
131.2264,-2.6012,0,0,0.22863,0,302.8,playing,19
131.2435,-3.0041,0,0,0.22863,0,307.77,playing,19
131.2601,-3.0041,0,0,0.25479,0,313.37,playing,19
131.2756,-3.0041,0,0,0.25479,0,318.92,playing,19
131.2916,-2.7012,0,0,0.27328,0,324.75,playing,19
131.3081,-2.7012,0,0,0.27328,0,330.87,playing,19
131.3252,-14.8177,1,0,0.21046,0,337.27,playing,19
131.3423,-14.8177,0,0,0.21046,0,330.6,playing,19
131.3585,-14.8177,0,0,0.21046,0,324.63,playing,19
131.3745,-11.9578,0,0,0.25948,0,319.28,playing,19
131.3911,-11.9578,0,0,0.25948,0,314.22,playing,19
131.4066,-11.9578,0,0,0.24155,0,309.44,playing,19
131.4237,-7.1675,0,0,0.24155,0,304.95,playing,19
131.4401,-7.1675,0,0,0.24155,0,300.49,playing,19
131.4556,-7.1675,0,0,0.22736,0,296.57,playing,19
131.4717,7.5489,0,0,0.22736,0,292.93,playing,19
131.4877,7.5489,0,0,0.22736,0,289.58,playing,19
131.5043,13.3307,0,0,0.14879,0,286.51,playing,19
131.5213,13.3307,0,0,0.14879,0,283.56,playing,19
131.5386,13.3307,0,0,0.15017,0,280.93,playing,19
131.5555,10.9473,0,0,0.15017,0,278.62,playing,19
131.5721,10.9473,0,0,0.15017,0,276.63,playing,19
131.5887,10.9473,0,0,0.16638,0,274.96,playing,19
131.6052,7.345,0,0,0.16638,0,273.66,playing,19
131.6218,7.345,0,0,0.15997,0,272.6,playing,19
131.6379,4.5213,0,0,0.15997,0,271.89,playing,19
131.6545,4.5213,0,0,0.15997,0,271.46,playing,19
131.6715,4.5213,0,0,0.18337,0,271.32,playing,19
131.6885,3.2457,0,0,0.18337,0,271.49,playing,19
131.7046,1.5373,0,0,0.20993,1,271.99,playing,19
131.7206,1.5373,0,0,0.20993,0,272.74,playing,19
131.7368,1.5373,0,0,0.23199,0,273.77,playing,19
131.7534,1.5373,0,0,0.23199,0,275.08,playing,19
131.7705,1.5373,0,0,0.23199,0,276.79,playing,19
131.7865,-1.457,0,0,0.22776,0,278.81,playing,19
131.8027,-1.457,0,0,0.22776,0,281.0,playing,19
131.8188,-1.9685,0,0,0.24992,0,283.48,playing,19
131.8346,-1.9685,0,0,0.24992,0,286.23,playing,19
131.8508,-1.9685,0,0,0.24992,0,289.27,playing,19
131.8665,-1.9983,0,0,0.24606,0,292.58,playing,19
131.8826,-1.9983,0,0,0.24606,0,296.18,playing,19
131.8996,-1.9983,0,0,0.24606,0,300.06,playing,19
131.9172,-2.6124,0,0,0.25056,0,304.78,playing,19
131.9338,-2.6124,0,0,0.25056,0,309.56,playing,19
131.9495,-2.6124,0,0,0.25463,0,314.34,playing,19
131.966,-4.1464,0,0,0.25463,0,319.4,playing,19
131.9816,-4.1464,0,0,0.25463,0,324.74,playing,19
131.9976,-18.6601,1,0,0.26338,0,330.36,playing,19
132.0135,-14.1279,0,0,0.26338,0,324.4,playing,19
132.0293,-14.1279,0,0,0.25484,0,318.72,playing,19
132.0454,-8.4234,0,0,0.25484,0,313.33,playing,19
132.0625,-8.4234,0,0,0.29101,0,308.21,playing,19
132.0785,-8.4234,0,0,0.29101,0,303.1,playing,19
132.0955,-1.3241,0,0,0.29101,0,298.57,playing,19
132.1122,-1.3241,0,0,0.24991,0,294.07,playing,19
132.1282,-1.3241,0,0,0.24991,0,290.12,playing,19
132.1445,12.0398,0,0,0.17103,0,286.24,playing,19
132.1615,12.0398,0,0,0.17103,0,282.86,playing,19
132.1785,12.0983,0,0,0.14622,0,279.6,playing,19
132.1956,12.0983,0,0,0.14622,0,276.65,playing,19
132.2126,12.0983,0,0,0.13902,0,274.03,playing,19
132.2289,6.4467,0,0,0.13902,0,271.72,playing,19
132.2445,6.4467,0,0,0.13902,0,269.82,playing,19
132.2616,6.4467,0,0,0.15016,0,268.21,playing,19
132.2776,4.3079,0,0,0.15016,0,266.82,playing,19
132.2947,4.3079,0,0,0.20433,0,265.79,playing,19
132.3113,4.3079,0,0,0.20433,0,265.01,playing,19
132.3274,2.8273,0,0,0.20034,0,264.55,playing,19
132.3443,2.8273,0,0,0.20034,0,264.4,playing,19
132.3615,-0.063,0,0,0.20034,0,264.56,playing,19
132.378,-0.063,0,0,0.21289,1,265.03,playing,19
132.3941,-0.063,0,0,0.21289,0,265.76,playing,19
132.4102,-0.6884,0,0,0.224,0,266.78,playing,19
132.4273,-0.6884,0,0,0.224,0,268.17,playing,19
132.4439,-0.6884,0,0,0.224,0,269.88,playing,19
132.46,-1.4391,0,0,0.24993,0,271.77,playing,19
132.4763,-1.4391,0,0,0.24993,0,273.94,playing,19
132.4928,-1.4391,0,0,0.2552,0,276.57,playing,19
132.509,-2.0384,0,0,0.2552,0,279.32,playing,19
132.5251,-2.0384,0,0,0.2552,0,282.36,playing,19
132.5408,-2.0384,0,0,0.26842,0,285.67,playing,19
132.5579,-2.0384,0,0,0.26842,0,289.27,playing,19
132.5736,-2.0384,0,0,0.25485,0,293.41,playing,19
132.5901,-16.1296,1,0,0.25485,0,297.59,playing,19
132.6057,-16.1296,0,0,0.25485,0,291.63,playing,19
132.6223,-16.1296,0,0,0.25485,0,285.96,playing,19
132.6389,-9.944,0,0,0.22284,0,280.24,playing,19
132.6546,-9.944,0,0,0.22284,0,275.15,playing,19
132.6713,-9.944,0,0,0.15698,0,270.33,playing,19
132.6879,-5.2882,0,0,0.15698,0,265.54,playing,19
132.7045,-5.2882,0,0,0.15698,0,261.3,playing,19
132.7215,9.9435,0,0,0.14516,0,257.12,playing,19
132.7376,9.9435,0,0,0.14516,0,253.26,playing,19
132.7537,9.9435,0,0,0.15819,0,249.91,playing,19
132.7699,13.0675,0,0,0.15819,0,246.83,playing,19
132.7862,13.0675,0,0,0.13591,0,244.04,playing,19
132.803,13.0675,0,0,0.13591,0,241.4,playing,19
132.819,8.4168,0,0,0.13591,0,239.19,playing,19
132.8345,8.4168,0,0,0.17392,0,237.26,playing,19
132.8505,8.4168,0,0,0.17392,0,235.61,playing,19
132.8672,5.4276,0,0,0.22189,1,234.25,playing,19
132.8838,5.4276,0,0,0.22189,0,233.12,playing,19
132.8994,3.4281,0,0,0.22189,0,232.33,playing,19
132.9164,1.9003,0,0,0.22767,0,231.83,playing,19
132.9329,1.9003,0,0,0.22767,0,231.61,playing,19
132.9485,1.9003,0,0,0.24493,0,231.69,playing,19
132.9655,1.9003,0,0,0.24493,0,232.05,playing,19
132.9825,1.9003,0,0,0.23207,0,232.75,playing,19
132.9997,-0.204,0,0,0.23207,0,233.77,playing,20
133.0157,-0.204,0,0,0.22307,0,235.11,playing,20
133.0323,-0.204,0,0,0.22307,0,236.65,playing,20
133.0484,-1.5855,0,0,0.22307,0,238.6,playing,20
133.0648,-1.5855,0,0,0.22681,0,240.72,playing,20
133.0815,-1.5113,0,0,0.22681,0,243.12,playing,20
133.0985,-1.5113,0,0,0.27272,0,245.99,playing,20
133.1145,-1.5113,0,0,0.27272,0,249.18,playing,20
133.1316,-1.8274,0,0,0.27272,0,252.46,playing,20
133.1476,-1.8274,0,0,0.27272,0,256.26,playing,20
133.1641,-1.8274,0,0,0.27272,0,260.13,playing,20
133.181,-1.7092,0,0,0.23281,0,264.55,playing,20
133.1965,-1.7092,0,0,0.23281,0,268.99,playing,20
133.2135,-1.5771,0,0,0.22284,0,273.72,playing,20
133.2296,-1.5771,0,0,0.22284,0,279.05,playing,20
133.2476,-1.5771,0,0,0.22284,0,284.36,playing,20
133.2637,-12.7699,1,0,0.25884,0,290.69,playing,20
133.28,-12.7699,0,0,0.25884,0,284.73,playing,20
133.2961,-12.7699,0,0,0.27632,0,279.05,playing,20
133.3132,-10.3025,0,0,0.27632,0,273.34,playing,20
133.3302,-10.3025,0,0,0.27632,0,267.94,playing,20
133.3467,-10.3025,0,0,0.24959,0,262.86,playing,20
133.3633,3.4145,0,0,0.24959,0,258.37,playing,20
133.3798,3.4145,0,0,0.14881,0,253.9,playing,20
133.3963,12.198,0,0,0.14881,0,249.99,playing,20
133.4129,12.198,0,0,0.14359,0,246.14,playing,20
133.4289,12.198,0,0,0.14359,0,242.81,playing,20
133.4449,13.4056,0,0,0.14359,0,239.75,playing,20
133.4605,13.4056,0,0,0.14359,0,236.98,playing,20
133.477,13.4056,0,0,0.14359,0,234.49,playing,20
133.4926,8.0609,0,0,0.14461,0,232.28,playing,20
133.5087,8.0609,0,0,0.14461,0,230.35,playing,20
133.5252,8.0609,0,0,0.14461,0,228.71,playing,20
133.5418,5.6386,0,0,0.17545,0,227.27,playing,20
133.558,5.6386,0,0,0.17545,0,226.21,playing,20
133.574,4.1176,0,0,0.21969,1,225.42,playing,20
133.5901,4.1176,0,0,0.21969,0,224.92,playing,20
133.6066,4.1176,0,0,0.21969,0,224.7,playing,20
133.6232,2.0651,0,0,0.22703,0,224.78,playing,20
133.6403,2.0651,0,0,0.22703,0,225.19,playing,20
133.6574,2.0651,0,0,0.26338,0,225.9,playing,20
133.6744,-1.4816,0,0,0.26338,0,226.94,playing,20
133.6906,-1.4816,0,0,0.26347,0,228.3,playing,20
133.7071,-1.4816,0,0,0.26347,0,229.85,playing,20
133.7231,-1.7624,0,0,0.26347,0,231.69,playing,20
133.7392,-1.7624,0,0,0.24521,0,233.81,playing,20
133.7558,-2.0672,0,0,0.24521,0,236.38,playing,20
133.7718,-2.0672,0,0,0.22703,0,239.08,playing,20
133.7879,-2.0672,0,0,0.22703,0,242.07,playing,20
133.8034,-2.1458,0,0,0.22703,0,245.33,playing,20
133.8199,-2.1458,0,0,0.24092,0,248.88,playing,20
133.8359,-2.1458,0,0,0.24092,0,252.7,playing,20
133.8515,-2.3227,0,0,0.24537,0,256.81,playing,20
133.8686,-2.3227,0,0,0.24537,0,261.2,playing,20
133.8847,-2.3227,0,0,0.24537,0,266.18,playing,20
133.9007,-7.3708,0,0,0.24537,0,271.16,playing,20
133.9167,-7.3708,0,0,0.2724,0,276.41,playing,20
133.9331,-16.0851,1,0,0.2724,0,281.94,playing,20
133.9492,-10.3446,0,0,0.2724,0,275.98,playing,20
133.9663,-10.3446,0,0,0.21446,0,269.97,playing,20
133.983,-6.0396,0,0,0.21446,0,264.28,playing,20
133.9991,-6.0396,0,0,0.15935,0,259.2,playing,20
134.0163,-6.0396,0,0,0.15935,0,254.12,playing,20
134.0325,8.2301,0,0,0.17152,0,249.36,playing,20
134.049,8.2301,0,0,0.17152,0,245.16,playing,20
134.0655,8.2301,0,0,0.15997,0,241.24,playing,20
134.0817,12.0675,0,0,0.15997,0,237.4,playing,20
134.0982,12.0675,0,0,0.15997,0,234.07,playing,20
134.1153,8.0977,0,0,0.14411,0,230.84,playing,20
134.1323,8.0977,0,0,0.14411,0,227.93,playing,20
134.1494,8.0977,0,0,0.15057,0,225.34,playing,20
134.1655,5.8096,0,0,0.15057,0,223.07,playing,20
134.1821,5.8096,0,0,0.15057,0,221.21,playing,20
134.1992,5.8096,0,0,0.15057,0,219.55,playing,20
134.2162,3.8736,0,0,0.15057,0,218.21,playing,20
134.2323,3.8736,0,0,0.15949,0,217.19,playing,20
134.2489,2.0879,0,0,0.15949,0,216.52,playing,20
134.2649,1.3382,0,0,0.25908,1,216.12,playing,20
134.2815,1.3382,0,0,0.25908,0,216.0,playing,20
134.2975,1.3382,0,0,0.25908,0,216.2,playing,20
134.314,1.3382,0,0,0.23676,0,216.67,playing,20
134.3301,1.3382,0,0,0.23676,0,217.41,playing,20
134.3472,-0.6876,0,0,0.26049,0,218.52,playing,20
134.3643,-0.6876,0,0,0.26049,0,219.95,playing,20
134.3809,-0.6876,0,0,0.23241,0,221.7,playing,20
134.397,-1.8252,0,0,0.23241,0,223.63,playing,20
134.4134,-1.8252,0,0,0.23241,0,225.84,playing,20
134.43,-2.1154,0,0,0.28132,0,228.5,playing,20
134.4461,-2.1154,0,0,0.28132,0,231.29,playing,20
134.4622,-2.1154,0,0,0.28062,0,234.36,playing,20
134.4795,-2.1102,0,0,0.28062,0,237.94,playing,20
134.4961,-2.1102,0,0,0.2551,0,241.84,playing,20
134.5133,-2.1102,0,0,0.2551,0,246.05,playing,20
134.5298,-3.3648,0,0,0.2551,0,250.59,playing,20
134.5461,-3.3648,0,0,0.28123,0,255.14,playing,20
134.5632,-3.3648,0,0,0.28123,0,260.29,playing,20
134.5792,-3.3648,0,0,0.27679,0,265.42,playing,20
134.5963,-3.3648,0,0,0.27679,0,271.19,playing,20
134.6128,-13.8384,1,0,0.27231,0,277.27,playing,20
134.6288,-13.8384,0,0,0.27231,0,271.31,playing,20
134.6449,-13.8384,0,0,0.27231,0,265.64,playing,20
134.6611,-5.6363,0,0,0.19048,0,260.24,playing,20
134.6777,-5.6363,0,0,0.19048,0,254.83,playing,20
134.6942,-5.6363,0,0,0.17419,0,250.01,playing,20
134.7108,12.7484,0,0,0.17419,0,245.21,playing,20
134.7273,12.7484,0,0,0.17419,0,240.98,playing,20
134.744,14.6199,0,0,0.15827,0,236.8,playing,20
134.7606,14.6199,0,0,0.15827,0,233.15,playing,20
134.7771,14.6199,0,0,0.15284,0,229.58,playing,20
134.7932,12.1612,0,0,0.15284,0,226.51,playing,20
134.8089,12.1612,0,0,0.17125,0,223.72,playing,20
134.825,12.1612,0,0,0.17125,0,221.21,playing,20
134.8411,5.9521,0,0,0.17125,0,218.99,playing,20
134.8577,5.9521,0,0,0.14128,0,216.94,playing,21
134.8742,5.9521,0,0,0.14128,0,215.29,playing,21
134.8908,3.5115,0,0,0.14128,0,213.86,playing,21
134.9068,3.5115,0,0,0.14128,0,212.79,playing,21
134.9234,0.4328,0,0,0.21124,1,212.01,playing,21
134.9405,0.4328,0,0,0.21124,0,211.5,playing,21
134.9572,0.4328,0,0,0.21124,0,211.3,playing,21
134.9738,-0.1551,0,0,0.18176,0,211.42,playing,21
134.9895,-0.1551,0,0,0.18176,0,211.81,playing,21
135.0067,-0.1551,0,0,0.23629,0,212.49,playing,21
135.0227,-1.958,0,0,0.23629,0,213.53,playing,21
135.0388,-1.958,0,0,0.26777,0,214.79,playing,21
135.0545,-1.958,0,0,0.26777,0,216.32,playing,21
135.0706,-2.3311,0,0,0.26777,0,218.15,playing,21
135.0871,-2.3311,0,0,0.25484,0,220.25,playing,21
135.1046,-2.5,0,0,0.25484,0,222.8,playing,21
135.1209,-2.5,0,0,0.25484,0,225.67,playing,21
135.137,-2.5,0,0,0.25446,0,228.65,playing,21
135.1532,-1.9332,0,0,0.25446,0,231.92,playing,21
135.1697,-1.9332,0,0,0.28571,0,235.7,playing,21
135.1858,-1.9332,0,0,0.28571,0,239.55,playing,21
135.2023,-2.2693,0,0,0.28571,0,243.67,playing,21
135.2194,-2.2693,0,0,0.26833,0,248.37,playing,21
135.2355,-2.2693,0,0,0.26833,0,253.39,playing,21
135.2523,-18.5922,1,0,0.29349,0,258.4,playing,21
135.2688,-18.5922,0,0,0.29349,0,252.09,playing,21
135.2849,-14.7041,0,0,0.29349,0,246.43,playing,21
135.301,-14.7041,0,0,0.28198,0,241.05,playing,21
135.3166,-14.7041,0,0,0.28198,0,235.96,playing,21
135.3336,-9.1332,0,0,0.28198,0,231.14,playing,21
135.3499,-9.1332,0,0,0.27768,0,226.34,playing,21
135.3661,-9.1332,0,0,0.27768,0,222.11,playing,21
135.3827,12.429,0,0,0.19048,0,217.93,playing,21
135.3988,12.429,0,0,0.19048,0,214.28,playing,21
135.4148,12.429,0,0,0.15827,0,210.91,playing,21
135.431,12.5805,0,0,0.15827,0,207.82,playing,21
135.4466,12.5805,0,0,0.15827,0,205.01,playing,21
135.4632,10.6061,0,0,0.1747,0,202.48,playing,21
135.4797,7.3821,0,0,0.1747,0,200.12,playing,21
135.4962,7.3821,0,0,0.179,0,198.17,playing,21
135.5123,7.3821,0,0,0.179,0,196.42,playing,21
135.5288,7.3821,0,0,0.179,0,195.06,playing,21
135.5449,7.3821,0,0,0.20159,0,193.97,playing,21
135.5609,1.6883,0,0,0.20159,0,193.17,playing,21
135.5776,1.6883,0,0,0.18842,0,192.65,playing,21
135.5947,1.6883,0,0,0.18842,0,192.42,playing,21
135.6112,0.2911,0,0,0.18842,0,192.5,playing,21
135.6283,0.2911,0,0,0.18842,0,192.9,playing,21
135.6453,-0.3258,0,0,0.18842,0,193.62,playing,21
135.6624,-0.3258,0,0,0.20747,1,194.66,playing,21
135.6794,-0.3258,0,0,0.20747,0,196.01,playing,21
135.6959,-1.3341,0,0,0.30747,0,197.69,playing,21
135.7115,-1.3341,0,0,0.30747,0,199.54,playing,21
135.7275,-1.3341,0,0,0.2951,0,201.68,playing,21
135.7436,-0.3764,0,0,0.2951,0,204.1,playing,21
135.7598,-0.3764,0,0,0.2951,0,206.8,playing,21
135.7754,-0.3764,0,0,0.31606,0,209.78,playing,21
135.7918,-1.2589,0,0,0.31606,0,213.05,playing,21
135.808,-1.2589,0,0,0.2724,0,216.59,playing,21
135.824,-1.433,0,0,0.2724,0,220.42,playing,21
135.8396,-1.433,0,0,0.2724,0,224.53,playing,21
135.8553,-1.433,0,0,0.29067,0,228.92,playing,21
135.8717,-1.5475,0,0,0.29067,0,233.59,playing,21
135.8873,-1.5475,0,0,0.27733,0,238.54,playing,21
135.9038,-1.5475,0,0,0.27733,0,243.78,playing,21
135.9194,-1.5113,0,0,0.27733,0,249.29,playing,21
135.9355,-1.5113,0,0,0.31481,0,255.09,playing,21
135.9515,-1.5113,0,0,0.31481,0,261.17,playing,21
135.9681,-1.9817,0,0,0.29455,0,267.53,playing,21
135.9841,-1.9817,0,0,0.29455,0,274.18,playing,21
136.0006,-1.9817,0,0,0.31309,0,281.55,playing,21
136.0169,-15.5434,1,0,0.31309,0,288.78,playing,21
136.0334,-15.5434,0,0,0.31309,0,282.82,playing,21
136.05,-6.5649,0,0,0.30075,0,276.81,playing,21
136.0665,-6.5649,0,0,0.30075,0,271.43,playing,21
136.0825,-6.5649,0,0,0.31296,0,266.03,playing,21
136.0986,-0.0089,0,0,0.31296,0,261.24,playing,21
136.1146,-0.0089,0,0,0.23148,0,256.72,playing,21
136.1313,-0.0089,0,0,0.23148,0,252.49,playing,21
136.1474,10.4198,0,0,0.23148,0,248.31,playing,21
136.1637,10.4198,0,0,0.17046,0,244.66,playing,21
136.1802,10.4198,0,0,0.17046,0,241.28,playing,21
136.1973,8.4099,0,0,0.18506,0,238.02,playing,21
136.2137,8.4099,0,0,0.18506,0,235.07,playing,21
136.2299,4.5211,0,0,0.18506,0,232.58,playing,21
136.2465,4.5211,0,0,0.17025,0,230.37,playing,21
136.2635,4.5211,0,0,0.17025,0,228.34,playing,21
136.2796,3.2358,0,0,0.16298,0,226.63,playing,21
136.2966,3.2358,0,0,0.16298,0,225.3,playing,21
136.3127,3.2358,0,0,0.24029,1,224.21,playing,21
136.3287,2.6886,0,0,0.24029,0,223.46,playing,21
136.3453,2.6886,0,0,0.24029,0,222.99,playing,21
136.3619,2.6886,0,0,0.23141,0,222.81,playing,21
136.3779,0.7788,0,0,0.23141,0,222.93,playing,21
136.3935,0.7788,0,0,0.28419,0,223.32,playing,21
136.4105,0.0634,0,0,0.28419,0,224.0,playing,21
136.4277,0.0634,0,0,0.28618,0,225.03,playing,21
136.4435,0.0634,0,0,0.28618,0,226.39,playing,21
136.4605,-0.2772,0,0,0.28618,0,227.95,playing,21
136.4771,-0.2772,0,0,0.25,0,229.92,playing,21
136.4931,-0.2772,0,0,0.25,0,232.06,playing,21
136.5096,-1.1584,0,0,0.2463,0,234.65,playing,21
136.5257,-1.1584,0,0,0.2463,0,237.36,playing,21
136.5428,-1.1584,0,0,0.2463,0,240.36,playing,21
136.56,-0.9321,0,0,0.28742,0,244.1,playing,21
136.5756,-0.9321,0,0,0.28742,0,247.69,playing,21
136.5922,-12.4049,1,0,0.28742,0,251.57,playing,21
136.6088,-12.4049,0,0,0.26277,0,245.26,playing,21
136.6253,-12.4049,0,0,0.26277,0,239.6,playing,21
136.6421,-16.207,0,0,0.26277,0,233.91,playing,21
136.6592,-16.207,0,0,0.29091,0,228.53,playing,21
136.6758,-16.207,0,0,0.29091,0,223.47,playing,21
136.6918,-3.8712,0,0,0.29091,0,218.99,playing,21
136.7084,-3.8712,0,0,0.25431,0,214.79,playing,22
136.7251,4.6551,0,0,0.25431,0,210.65,playing,22
136.7412,4.6551,0,0,0.25431,0,207.03,playing,22
136.7573,4.6551,0,0,0.20684,0,203.7,playing,22
136.7738,10.5227,0,0,0.20684,0,200.47,playing,22
136.7894,10.5227,0,0,0.17653,0,197.71,playing,22
136.8054,10.5227,0,0,0.17653,0,195.24,playing,22
136.8226,9.6367,0,0,0.17653,0,193.05,playing,22
136.8392,9.6367,0,0,0.15123,0,191.04,playing,22
136.8562,9.6367,0,0,0.15123,0,189.34,playing,22
136.8727,9.6367,0,0,0.16735,0,187.97,playing,22
136.8888,9.6367,0,0,0.16735,0,186.96,playing,22
136.9053,5.1368,0,0,0.18912,0,186.23,playing,22
136.922,2.8725,0,0,0.18912,0,185.77,playing,22
136.938,2.8725,0,0,0.18912,0,185.62,playing,22
136.9538,1.6606,0,0,0.18608,0,185.75,playing,22
136.9701,1.6606,0,0,0.18608,0,186.16,playing,22
136.9857,1.6606,0,0,0.18608,1,186.85,playing,22
137.0015,-0.0573,0,0,0.24636,0,187.83,playing,22
137.0177,-0.0573,0,0,0.24636,0,189.09,playing,22
137.0338,-0.0573,0,0,0.24497,0,190.63,playing,22
137.0498,-1.4222,0,0,0.24497,0,192.45,playing,22
137.0659,-1.4222,0,0,0.24107,0,194.55,playing,22
137.0815,-1.4222,0,0,0.24107,0,196.93,playing,22
137.0976,-1.5548,0,0,0.24107,0,199.6,playing,22
137.1141,-1.5548,0,0,0.26833,0,202.55,playing,22
137.1313,-2.0364,0,0,0.26833,0,206.0,playing,22
137.1478,-2.0364,0,0,0.25455,0,209.76,playing,22
137.1639,-2.0364,0,0,0.25455,0,213.59,playing,22
137.1794,-2.0868,0,0,0.2453,0,217.7,playing,22
137.1955,-2.0868,0,0,0.2453,0,222.09,playing,22
137.2115,-2.0868,0,0,0.2453,0,226.76,playing,22
137.2285,-14.4587,1,0,0.2724,0,231.72,playing,22
137.2446,-14.4587,0,0,0.2724,0,225.4,playing,22
137.2607,-14.4587,0,0,0.24092,0,219.74,playing,22
137.2773,-14.1924,0,0,0.24092,0,214.37,playing,22
137.2938,-14.1924,0,0,0.25948,0,208.97,playing,22
137.3104,-9.5211,0,0,0.25948,0,204.17,playing,22
137.3269,-9.5211,0,0,0.2724,0,199.4,playing,22
137.3424,-9.5211,0,0,0.2724,0,195.18,playing,22
137.359,-9.5211,0,0,0.2724,0,191.24,playing,22
137.375,-9.5211,0,0,0.18487,0,187.59,playing,22
137.3906,-9.5211,0,0,0.18487,0,184.22,playing,22
137.4082,-5.0261,0,0,0.18487,0,181.13,playing,22
137.4252,-5.0261,0,0,0.17745,0,178.01,playing,22
137.4423,-5.0261,0,0,0.17745,0,175.38,playing,22
137.4593,10.1336,0,0,0.20154,0,173.07,playing,22
137.4758,10.1336,0,0,0.20154,0,171.08,playing,22
137.4919,7.2878,0,0,0.12786,0,169.49,playing,22
137.5079,7.2878,0,0,0.12786,0,168.18,playing,22
137.524,7.2878,0,0,0.18826,0,167.14,playing,22
137.54,4.6254,0,0,0.18826,0,166.4,playing,22
137.5558,4.6254,0,0,0.18826,0,165.93,playing,22
137.572,4.6254,0,0,0.23337,1,165.74,playing,22
137.5876,1.5962,0,0,0.23337,0,165.84,playing,22
137.6041,1.5962,0,0,0.23345,0,166.22,playing,22
137.6212,1.5962,0,0,0.23345,0,166.94,playing,22
137.6377,0.5967,0,0,0.23345,0,167.97,playing,22
137.6539,0.5967,0,0,0.26338,0,169.23,playing,22
137.6705,-1.8015,0,0,0.26338,0,170.77,playing,22
137.6865,-1.8015,0,0,0.26966,0,172.72,playing,22
137.7026,-1.8015,0,0,0.26966,0,174.84,playing,22
137.7186,-2.0566,0,0,0.26966,0,177.24,playing,22
137.7351,-2.0566,0,0,0.27272,0,179.93,playing,22
137.7507,-2.0566,0,0,0.27272,0,182.89,playing,22
137.7672,-2.1323,0,0,0.26356,0,186.14,playing,22
137.7838,-2.1323,0,0,0.26356,0,189.91,playing,22
137.7993,-2.1323,0,0,0.27834,0,193.73,playing,22
137.8163,-2.5378,0,0,0.27834,0,197.84,playing,22
137.8325,-2.5378,0,0,0.27834,0,202.53,playing,22
137.8486,-2.8163,0,0,0.25551,0,207.22,playing,22
137.8648,-2.8163,0,0,0.25551,0,212.19,playing,22
137.8809,-2.8163,0,0,0.24984,0,217.44,playing,22
137.8969,-1.7126,0,0,0.24984,0,222.97,playing,22
137.913,-1.7126,0,0,0.24984,0,228.79,playing,22
137.9285,-1.7126,0,0,0.24992,0,234.89,playing,22
137.9445,-1.7325,0,0,0.24992,0,241.27,playing,22
137.9611,-1.7325,0,0,0.28165,0,247.93,playing,22
137.9782,-1.7325,0,0,0.28165,0,255.32,playing,22
137.9948,-15.4138,1,0,0.25453,0,263.04,playing,22
138.0108,-15.4138,0,0,0.25453,0,257.08,playing,22
138.0269,-15.4138,0,0,0.25453,0,251.4,playing,22
138.043,-9.6902,0,0,0.27734,0,246.0,playing,22
138.059,-9.6902,0,0,0.27734,0,240.89,playing,22
138.0751,-4.7946,0,0,0.27734,0,236.06,playing,22
138.0917,-4.7946,0,0,0.24092,0,231.24,playing,22
138.1082,-4.7946,0,0,0.24092,0,226.99,playing,22
138.1237,9.5832,0,0,0.22284,0,223.02,playing,22
138.1398,9.5832,0,0,0.22284,0,219.33,playing,22
138.1558,9.5832,0,0,0.15767,0,215.93,playing,22
138.1716,15.2701,0,0,0.15767,0,212.8,playing,22
138.1881,15.2701,0,0,0.15767,0,209.96,playing,22
138.2036,15.2701,0,0,0.1713,0,207.4,playing,22
138.2202,15.2701,0,0,0.1713,0,205.12,playing,22
138.2367,15.2701,0,0,0.17276,0,203.01,playing,22
138.2528,15.2701,0,0,0.17276,0,201.31,playing,22
138.2694,7.378,0,0,0.17276,0,199.9,playing,22
138.2865,7.378,0,0,0.19051,0,198.71,playing,22
138.3025,4.4116,0,0,0.19051,0,197.84,playing,22
138.3196,4.4116,0,0,0.20893,1,197.3,playing,22
138.3366,4.4116,0,0,0.20893,0,197.05,playing,22
138.3532,2.9114,0,0,0.25454,0,197.11,playing,22
138.3702,2.9114,0,0,0.25454,0,197.49,playing,22
138.3873,2.9114,0,0,0.25974,0,198.19,playing,22
138.4038,0.1855,0,0,0.25974,0,199.21,playing,22
138.4209,0.1855,0,0,0.25974,0,200.45,playing,22
138.4367,-0.5654,0,0,0.25056,0,202.09,playing,22
138.4527,-0.5654,0,0,0.25056,0,203.91,playing,22
138.4688,-0.5654,0,0,0.26842,0,206.01,playing,22
138.4848,-1.9575,0,0,0.26842,0,208.4,playing,22
138.5004,-1.9575,0,0,0.28223,0,211.06,playing,22
138.5164,-1.9575,0,0,0.28223,0,214.01,playing,22
138.5324,-2.3538,0,0,0.28223,0,217.24,playing,22
138.549,-2.3538,0,0,0.2594,0,220.75,playing,23
138.5651,-2.3538,0,0,0.2594,0,224.54,playing,23
138.5807,-2.9325,0,0,0.2602,0,228.61,playing,23
138.5967,-2.9325,0,0,0.2602,0,232.97,playing,23
138.6132,-3.9414,0,0,0.2602,0,237.61,playing,23
138.6303,-3.9414,0,0,0.25063,0,242.85,playing,23
138.6473,-3.9414,0,0,0.25063,0,248.41,playing,23
138.6644,-17.7791,1,0,0.24192,0,254.29,playing,23
138.6808,-17.7791,0,0,0.24192,0,247.98,playing,23
138.6973,-17.7791,0,0,0.24192,0,242.32,playing,23
138.7134,-8.7689,0,0,0.2905,0,236.63,playing,23
138.7294,-8.7689,0,0,0.2905,0,231.55,playing,23
138.7455,-8.7689,0,0,0.2905,0,226.75,playing,23
138.762,0.1427,0,0,0.29301,0,222.24,playing,23
138.7775,0.1427,0,0,0.29301,0,218.0,playing,23
138.7936,11.6823,0,0,0.18883,0,214.05,playing,23
138.8099,11.6823,0,0,0.18883,0,210.38,playing,23
138.8259,11.6823,0,0,0.15602,0,206.99,playing,23
138.8416,10.422,0,0,0.15602,0,203.88,playing,23
138.859,10.422,0,0,0.15602,0,201.06,playing,23
138.875,10.422,0,0,0.15958,0,198.37,playing,23
138.8908,7.9425,0,0,0.15958,0,196.13,playing,23
138.9074,7.9425,0,0,0.17289,0,194.17,playing,23
138.9245,7.9425,0,0,0.17289,0,192.4,playing,23
138.9405,5.9066,0,0,0.196,0,190.95,playing,23
138.9571,5.9066,0,0,0.196,0,189.86,playing,23
138.9731,4.2715,0,0,0.196,0,189.06,playing,23
138.9892,2.7044,0,0,0.18383,0,188.54,playing,23
139.0059,2.7044,0,0,0.18383,0,188.31,playing,23
139.0215,0.1239,0,0,0.24984,1,188.37,playing,23
139.0378,0.1239,0,0,0.24984,0,188.71,playing,23
139.0539,0.1239,0,0,0.24984,0,189.34,playing,23
139.0704,-0.1875,0,0,0.23269,0,190.24,playing,23
139.0865,-0.1875,0,0,0.23269,0,191.52,playing,23
139.1025,-0.1875,0,0,0.23269,0,193.01,playing,23
139.1196,-1.217,0,0,0.23269,0,194.78,playing,23
139.1355,-1.217,0,0,0.23269,0,196.97,playing,23
139.1516,-1.217,0,0,0.26909,0,199.32,playing,23
139.1685,-1.8119,0,0,0.26909,0,201.95,playing,23
139.1848,-1.8119,0,0,0.26909,0,205.06,playing,23
139.2011,-1.8005,0,0,0.31245,0,208.28,playing,23
139.2178,-1.8005,0,0,0.31245,0,212.01,playing,23
139.2343,-1.8005,0,0,0.27724,0,215.8,playing,23
139.2509,-10.1528,0,0,0.27724,0,220.14,playing,23
139.2669,-10.1528,0,0,0.27724,0,224.52,playing,23
139.283,-10.1528,0,0,0.25024,0,229.17,playing,23
139.2996,-10.1528,0,0,0.25024,0,234.11,playing,23
139.3166,-10.1528,0,0,0.2551,0,239.67,playing,23
139.3324,-10.1528,0,0,0.2551,0,245.55,playing,23
139.3494,-7.3682,1,0,0.2551,0,251.37,playing,23
139.366,-7.3682,0,0,0.26842,0,245.05,playing,23
139.3816,0.5041,0,0,0.26842,0,239.39,playing,23
139.3977,0.5041,0,0,0.26842,0,234.02,playing,23
139.4142,0.5041,0,0,0.1713,0,228.92,playing,23
139.4313,11.3432,0,0,0.1713,0,223.82,playing,23
139.4474,11.3432,0,0,0.14499,0,219.05,playing,23
139.4634,11.3432,0,0,0.14499,0,214.83,playing,23
139.4805,9.3544,0,0,0.14499,0,210.9,playing,23
139.4968,9.3544,0,0,0.13789,0,207.03,playing,23
139.5128,7.1041,0,0,0.13789,0,203.68,playing,23
139.5299,7.1041,0,0,0.13004,0,200.43,playing,23
139.5461,7.1041,0,0,0.13004,0,197.66,playing,23
139.5622,5.2771,0,0,0.1734,0,195.17,playing,23
139.5785,5.2771,0,0,0.1734,0,192.84,playing,23
139.5951,5.2771,0,0,0.1734,0,190.93,playing,23
139.611,1.511,0,0,0.2065,1,189.3,playing,23
139.627,1.511,0,0,0.2065,0,187.95,playing,23
139.643,1.511,0,0,0.21489,0,186.89,playing,23
139.6593,0.3949,0,0,0.21489,0,186.1,playing,23
139.6764,0.3949,0,0,0.21489,0,185.59,playing,23
139.693,-0.3329,0,0,0.22703,0,185.39,playing,23
139.7091,-0.8402,0,0,0.22703,0,185.49,playing,23
139.7247,-0.8402,0,0,0.22307,0,185.87,playing,23
139.7409,-1.3781,0,0,0.22307,0,186.53,playing,23
139.7571,-1.3781,0,0,0.2334,0,187.47,playing,23
139.7732,-1.3781,0,0,0.2334,0,188.69,playing,23
139.7898,-1.3781,0,0,0.2334,0,190.31,playing,23
139.8053,-1.3781,0,0,0.23199,0,192.11,playing,23
139.8224,-1.3781,0,0,0.23199,0,194.19,playing,23
139.8388,-1.6478,0,0,0.23199,0,196.73,playing,23
139.8549,-2.2494,0,0,0.23199,0,199.39,playing,23
139.871,-2.2494,0,0,0.22184,0,202.34,playing,23
139.887,-1.9624,0,0,0.22184,0,205.57,playing,23
139.9028,-1.9624,0,0,0.22184,0,209.08,playing,23
139.9189,-3.7646,0,0,0.24132,0,212.87,playing,23
139.935,-3.7646,0,0,0.24132,0,216.94,playing,23
139.9514,-3.7646,0,0,0.23199,0,221.3,playing,23
139.9685,-18.0046,1,0,0.23199,0,226.24,playing,23
139.9845,-18.0046,0,0,0.23199,0,219.93,playing,23
140.0006,-18.0046,0,0,0.25524,0,214.27,playing,23
140.0172,-7.9492,0,0,0.25524,0,208.9,playing,23
140.0337,-7.9492,0,0,0.25524,0,203.8,playing,23
140.0508,-7.9492,0,0,0.25484,0,198.42,playing,23
140.0668,-2.3139,0,0,0.25484,0,193.93,playing,23
140.0825,-2.3139,0,0,0.18776,0,189.71,playing,23
140.099,-2.3139,0,0,0.18776,0,185.77,playing,23
140.115,-2.3139,0,0,0.18776,0,182.12,playing,23
140.1305,-2.3139,0,0,0.18776,0,178.75,playing,23
140.1474,10.5971,0,0,0.18776,0,175.66,playing,23
140.1645,11.6421,0,0,0.18523,0,172.7,playing,23
140.1817,11.6421,0,0,0.18523,0,170.05,playing,23
140.1985,8.7599,0,0,0.1724,0,167.72,playing,23
140.2155,8.7599,0,0,0.1724,0,165.71,playing,23
140.2331,8.7599,0,0,0.1724,0,164.02,playing,23
140.2502,6.0825,0,0,0.15356,0,162.58,playing,23
140.2673,6.0825,0,0,0.15356,0,161.54,playing,23
140.2843,2.2078,0,0,0.13671,0,160.82,playing,23
140.3014,2.2078,0,0,0.13671,0,160.42,playing,23
140.318,2.2078,0,0,0.18861,0,160.33,playing,23
140.334,0.6602,0,0,0.18861,0,160.53,playing,23
140.3516,0.6602,0,0,0.18861,0,161.02,playing,23
140.3677,0.6602,0,0,0.18578,0,161.92,playing,23
140.3843,-1.0651,0,0,0.18578,0,163.0,playing,23
140.4008,-1.0651,0,0,0.19684,0,164.47,playing,24
140.4166,-1.5678,0,0,0.19684,0,166.13,playing,24
140.4332,-1.5678,0,0,0.19684,0,168.07,playing,24
140.4504,-1.5678,0,0,0.22002,1,170.46,playing,24
140.467,-1.6599,0,0,0.22002,0,173.16,playing,24
140.483,-1.6599,0,0,0.2641,0,175.98,playing,24
140.4991,-1.6599,0,0,0.2641,0,179.09,playing,24
140.5152,-1.7669,0,0,0.21395,0,182.47,playing,24
140.5318,-1.7669,0,0,0.21395,0,186.39,playing,24
140.5479,-1.7669,0,0,0.21395,0,190.36,playing,24
140.565,-1.505,0,0,0.23337,0,194.89,playing,24
140.5811,-1.505,0,0,0.23337,0,199.44,playing,24
140.5971,-1.3833,0,0,0.25948,0,204.27,playing,24
140.6127,-1.3833,0,0,0.25948,0,209.38,playing,24
140.6293,-1.3833,0,0,0.25948,0,214.78,playing,24
140.6457,-2.2602,0,0,0.28627,0,220.83,playing,24
140.6615,-2.2602,0,0,0.28627,0,226.8,playing,24
140.6775,-2.2602,0,0,0.22831,0,233.06,playing,24
140.6941,-13.916,1,0,0.22831,0,239.59,playing,24
140.7107,-13.916,0,0,0.22831,0,233.64,playing,24
140.7267,-13.916,0,0,0.21489,0,227.62,playing,24
140.7428,-8.2131,0,0,0.21489,0,222.25,playing,24
140.759,-8.2131,0,0,0.16929,0,217.15,playing,24
140.7755,-0.7106,0,0,0.16929,0,212.33,playing,24
140.7921,-0.7106,0,0,0.16929,0,207.54,playing,24
140.8086,-0.7106,0,0,0.15279,0,203.06,playing,24
140.8247,12.6944,0,0,0.15279,0,199.12,playing,24
140.8407,12.6944,0,0,0.15279,0,195.47,playing,24
140.8567,12.6944,0,0,0.15279,0,192.1,playing,24
140.8742,10.2712,0,0,0.15279,0,189.01,playing,24
140.8908,10.2712,0,0,0.16334,0,185.89,playing,24
140.9063,10.2712,0,0,0.16334,0,183.4,playing,24
140.9224,5.343,0,0,0.14903,0,181.19,playing,24
140.9395,5.343,0,0,0.14903,0,179.26,playing,24
140.9554,3.6889,0,0,0.17027,0,177.53,playing,24
140.9715,3.6889,0,0,0.17027,0,176.18,playing,24
140.9879,3.6889,0,0,0.17829,0,175.12,playing,24
141.0039,1.8637,0,0,0.17829,0,174.33,playing,24
141.02,1.8637,0,0,0.17829,0,173.83,playing,24
141.0355,1.8637,0,0,0.21059,1,173.61,playing,24
141.0518,0.0047,0,0,0.21059,0,173.67,playing,24
141.0685,0.0047,0,0,0.21059,0,174.01,playing,24
141.0852,0.0047,0,0,0.241,0,174.7,playing,24
141.1024,-0.8933,0,0,0.241,0,175.7,playing,24
141.1185,-0.8933,0,0,0.21945,0,177.01,playing,24
141.135,-1.9256,0,0,0.21945,0,178.53,playing,24
141.1515,-1.9256,0,0,0.26808,0,180.34,playing,24
141.1683,-1.9256,0,0,0.26808,0,182.57,playing,24
141.1849,-1.9696,0,0,0.26808,0,185.12,playing,24
141.2005,-1.9696,0,0,0.30919,0,187.81,playing,24
141.2176,-1.9696,0,0,0.30919,0,190.77,playing,24
141.2347,-1.4171,0,0,0.25446,0,194.24,playing,24
141.2507,-1.4171,0,0,0.25446,0,198.03,playing,24
141.2673,-1.4171,0,0,0.26369,0,201.87,playing,24
141.2844,-2.4308,0,0,0.26369,0,206.27,playing,24
141.3014,-2.4308,0,0,0.26369,0,210.99,playing,24
141.318,-16.4582,1,0,0.28126,0,216.03,playing,24
141.334,-16.4582,0,0,0.28126,0,210.07,playing,24
141.3501,-16.4582,0,0,0.23269,0,204.4,playing,24
141.367,-9.0724,0,0,0.23269,0,198.68,playing,24
141.3826,-9.0724,0,0,0.24624,0,193.59,playing,24
141.3987,-9.0724,0,0,0.24624,0,188.77,playing,24
141.415,-4.5405,0,0,0.24624,0,184.24,playing,24
141.4313,-4.5405,0,0,0.16958,0,179.99,playing,24
141.4481,-0.7633,0,0,0.16958,0,175.79,playing,24
141.4636,9.1561,0,0,0.15789,0,172.12,playing,24
141.4799,9.1561,0,0,0.15789,0,168.73,playing,24
141.4967,14.2035,0,0,0.15789,0,165.62,playing,24
141.5127,14.2035,0,0,0.15942,0,162.64,playing,24
141.5287,14.2035,0,0,0.15942,0,160.11,playing,24
141.5447,13.0566,0,0,0.1517,0,157.87,playing,24
141.5608,13.0566,0,0,0.1517,0,155.91,playing,24
141.5768,13.0566,0,0,0.16061,0,154.22,playing,24
141.5928,7.4408,0,0,0.16061,0,152.82,playing,24
141.6094,7.4408,0,0,0.16061,0,151.71,playing,24
141.6265,7.4408,0,0,0.15713,0,150.84,playing,24
141.6425,4.5899,0,0,0.15713,0,150.28,playing,24
141.6592,4.5899,0,0,0.15822,0,150.04,playing,24
141.6747,1.0644,0,0,0.15822,0,150.09,playing,24
141.6912,1.0644,0,0,0.22496,1,150.41,playing,24
141.708,1.0644,0,0,0.22496,0,151.08,playing,24
141.7241,0.0748,0,0,0.22496,0,151.98,playing,24
141.7402,0.0748,0,0,0.21785,0,153.17,playing,24
141.7567,0.0748,0,0,0.21785,0,154.75,playing,24
141.7733,-0.6986,0,0,0.25948,0,156.52,playing,24
141.7894,-0.6986,0,0,0.25948,0,158.71,playing,24
141.806,-0.6986,0,0,0.22807,0,161.06,playing,24
141.8215,-2.146,0,0,0.22807,0,163.69,playing,24
141.8386,-2.146,0,0,0.22807,0,166.6,playing,24
141.8552,-2.3315,0,0,0.224,0,170.02,playing,24
141.8718,-2.3315,0,0,0.224,0,173.75,playing,24
141.8881,-2.3315,0,0,0.26832,0,177.54,playing,24
141.9056,-2.5776,0,0,0.26832,0,181.88,playing,24
141.9222,-2.5776,0,0,0.26832,0,186.55,playing,24
141.9392,-2.5776,0,0,0.25484,0,191.53,playing,24
141.9558,-6.0194,0,0,0.25484,0,196.83,playing,24
141.9719,-6.0194,0,0,0.26852,0,202.1,playing,24
141.9886,-6.0194,0,0,0.26852,0,207.65,playing,24
142.0051,-6.0194,0,0,0.2543,0,213.87,playing,24
142.0223,-6.0194,0,0,0.2543,0,220.41,playing,24
142.0395,-8.9144,1,0,0.2543,0,227.26,playing,24
142.0561,-8.9144,0,0,0.21519,0,220.95,playing,24
142.0721,-8.9144,0,0,0.21519,0,215.29,playing,24
142.0882,-4.6365,0,0,0.21519,0,209.91,playing,24
142.1052,-4.6365,0,0,0.14988,0,204.51,playing,24
142.1223,-4.6365,0,0,0.14988,0,199.44,playing,24
142.1393,-4.6365,0,0,0.173,0,194.68,playing,24
142.156,-4.6365,0,0,0.173,0,190.23,playing,24
142.1715,-4.6365,0,0,0.15903,0,186.34,playing,24
142.1884,-4.6365,0,0,0.15903,0,182.72,playing,24
142.2053,-4.6365,0,0,0.15903,0,179.19,playing,24
142.2219,7.681,0,0,0.16417,0,175.98,playing,24
142.2374,7.681,0,0,0.16417,0,173.25,playing,25
142.254,7.681,0,0,0.14447,0,170.79,playing,25
142.27,5.087,0,0,0.14447,0,168.62,playing,25
142.2861,5.087,0,0,0.15418,0,166.72,playing,25
142.3023,5.087,0,0,0.15418,0,165.11,playing,25
142.3186,3.2897,0,0,0.15418,0,163.72,playing,25
142.3351,3.2897,0,0,0.16133,0,162.69,playing,25
142.3522,-0.091,0,0,0.16133,0,161.91,playing,25
142.3689,-0.091,0,0,0.21415,1,161.45,playing,25
142.3844,-0.091,0,0,0.21415,0,161.3,playing,25
142.4005,-1.3569,0,0,0.21415,0,161.43,playing,25
142.4171,-1.3569,0,0,0.22442,0,161.85,playing,25
142.4336,-1.3569,0,0,0.22442,0,162.6,playing,25
142.4505,-2.3964,0,0,0.26904,0,163.6,playing,25
142.4675,-2.3964,0,0,0.26904,0,164.97,playing,25
142.4837,-2.0276,0,0,0.24529,0,166.66,playing,25
142.5004,-2.0276,0,0,0.24529,0,168.53,playing,25
142.517,-2.0276,0,0,0.24529,0,170.84,playing,25
142.534,-2.4708,0,0,0.25948,0,173.47,playing,25
142.5501,-2.4708,0,0,0.25948,0,176.22,playing,25
142.5657,-2.4708,0,0,0.29285,0,179.26,playing,25
142.5817,-1.9129,0,0,0.29285,0,182.57,playing,25
142.5979,-1.9129,0,0,0.29285,0,186.17,playing,25
142.6139,-1.9129,0,0,0.25908,0,190.05,playing,25
142.63,-2.0993,0,0,0.25908,0,194.21,playing,25
142.6456,-2.0993,0,0,0.25422,0,198.66,playing,25
142.6619,-2.0993,0,0,0.25422,0,203.38,playing,25
142.6774,-16.4393,1,0,0.25422,0,208.39,playing,25
142.694,-16.4393,0,0,0.27661,0,202.43,playing,25
142.7095,-11.095,0,0,0.27661,0,196.75,playing,25
142.7261,-11.095,0,0,0.27768,0,191.36,playing,25
142.7427,-11.095,0,0,0.27768,0,186.25,playing,25
142.7583,-6.0265,0,0,0.18231,0,181.13,playing,25
142.7749,-6.0265,0,0,0.18231,0,176.6,playing,25
142.7909,-6.0265,0,0,0.18231,0,172.35,playing,25
142.807,10.7085,0,0,0.17042,0,168.38,playing,25
142.823,10.7085,0,0,0.17042,0,164.69,playing,25
142.8391,10.7085,0,0,0.18441,0,161.28,playing,25
142.8547,11.6139,0,0,0.18441,0,158.16,playing,25
142.8707,11.6139,0,0,0.18441,0,155.31,playing,25
142.8873,11.6139,0,0,0.17234,0,152.75,playing,25
142.9038,8.1115,0,0,0.17234,0,150.35,playing,25
142.9194,8.1115,0,0,0.15822,0,148.37,playing,25
142.9355,8.1115,0,0,0.15822,0,146.67,playing,25
142.9521,8.1115,0,0,0.15822,0,145.25,playing,25
142.9683,8.1115,0,0,0.15918,0,144.11,playing,25
142.9849,3.7272,0,0,0.15918,0,143.23,playing,25
143.0005,3.7272,0,0,0.19614,0,142.67,playing,25
143.0174,3.7272,0,0,0.19614,0,142.4,playing,25
143.034,1.8261,0,0,0.19654,0,142.42,playing,25
143.0505,1.8261,0,0,0.19654,0,142.73,playing,25
143.0671,1.8261,0,0,0.19654,0,143.38,playing,25
143.0831,1.8261,0,0,0.24493,1,144.26,playing,25
143.0993,1.8261,0,0,0.24493,0,145.43,playing,25
143.1153,0.908,0,0,0.2329,0,146.99,playing,25
143.132,-1.3305,0,0,0.2329,0,148.74,playing,25
143.1481,-1.3305,0,0,0.24099,0,150.78,playing,25
143.1641,-1.4054,0,0,0.24099,0,153.09,playing,25
143.1797,-1.4054,0,0,0.24099,0,155.68,playing,25
143.1962,-1.4054,0,0,0.25127,0,158.56,playing,25
143.2128,-1.8754,0,0,0.25127,0,161.94,playing,25
143.2303,-1.8754,0,0,0.25127,0,165.39,playing,25
143.2474,-2.4021,0,0,0.26724,0,169.64,playing,25
143.2639,-2.341,0,0,0.26724,0,173.97,playing,25
143.2799,-2.341,0,0,0.25876,0,178.32,playing,25
143.296,-1.7519,0,0,0.25876,0,182.96,playing,25
143.3115,-1.7519,0,0,0.25958,0,187.88,playing,25
143.3275,-1.7519,0,0,0.25958,0,193.08,playing,25
143.3441,-2.6341,0,0,0.26841,0,198.56,playing,25
143.3613,-2.6341,0,0,0.26841,0,204.7,playing,25
143.3783,-2.6341,0,0,0.26841,0,211.16,playing,25
143.3954,-11.7223,0,0,0.30062,0,217.94,playing,25
143.412,-11.7223,0,0,0.30062,0,225.04,playing,25
143.4275,-15.6394,1,0,0.27891,0,232.0,playing,25
143.4435,-15.6394,0,0,0.27891,0,226.04,playing,25
143.4597,-15.6394,0,0,0.27331,0,220.36,playing,25
143.4757,-5.6202,0,0,0.27331,0,214.97,playing,25
143.4918,-5.6202,0,0,0.27331,0,209.85,playing,25
143.5083,-5.6202,0,0,0.21146,0,205.02,playing,25
143.5248,0.2307,0,0,0.21146,0,200.2,playing,25
143.541,0.2307,0,0,0.13102,0,195.95,playing,25
143.5565,0.2307,0,0,0.13102,0,191.98,playing,25
143.5736,12.7713,0,0,0.13102,0,188.3,playing,25
143.5904,12.7713,0,0,0.17747,0,184.69,playing,25
143.6072,12.7713,0,0,0.17747,0,181.41,playing,25
143.6242,12.0628,0,0,0.18679,0,178.45,playing,25
143.6412,12.0628,0,0,0.18679,0,175.8,playing,25
143.6583,9.8116,0,0,0.13919,0,173.47,playing,25
143.6753,9.8116,0,0,0.13919,0,171.46,playing,25
143.6916,9.8116,0,0,0.19174,0,169.77,playing,25
143.7076,5.4836,0,0,0.19174,0,168.45,playing,25
143.7247,5.4836,0,0,0.19174,0,167.42,playing,25
143.7407,5.4836,0,0,0.15909,0,166.65,playing,25
143.7572,3.463,0,0,0.15909,0,166.2,playing,25
143.7743,3.463,0,0,0.1814,0,166.04,playing,25
143.7915,0.2711,0,0,0.1814,0,166.2,playing,25
143.8081,0.2711,0,0,0.22307,1,166.67,playing,25
143.8237,0.2711,0,0,0.22307,0,167.4,playing,25
143.8402,-0.73,0,0,0.26026,0,168.41,playing,25
143.8573,-0.73,0,0,0.26026,0,169.81,playing,25
143.8743,-0.73,0,0,0.26026,0,171.52,playing,25
143.8914,-1.8018,0,0,0.2543,0,173.54,playing,25
143.9074,-1.8018,0,0,0.2543,0,175.89,playing,25
143.9241,-2.4651,0,0,0.26769,0,178.38,playing,25
143.9408,-2.4651,0,0,0.26769,0,181.34,playing,25
143.957,-2.4651,0,0,0.26769,0,184.41,playing,25
143.9725,-2.4792,0,0,0.24984,0,187.76,playing,25
143.9885,-2.4792,0,0,0.24984,0,191.4,playing,25
144.0045,-2.4792,0,0,0.26849,0,195.31,playing,25
144.0207,-2.0547,0,0,0.26849,0,199.51,playing,25
144.0368,-2.0547,0,0,0.24561,0,203.99,playing,25
144.0534,-2.0547,0,0,0.24561,0,209.06,playing,25
144.0695,-1.4804,0,0,0.24561,0,214.12,playing,25
144.086,-1.4804,0,0,0.27733,0,219.46,playing,25
144.1022,-1.4804,0,0,0.27733,0,225.09,playing,26
144.1192,-4.2692,0,0,0.25948,0,231.38,playing,26
144.1362,-4.2692,0,0,0.25948,0,237.99,playing,26
144.1528,-13.7714,1,0,0.27297,0,244.92,playing,26
144.1693,-13.7714,0,0,0.27297,0,238.96,playing,26
144.1859,-13.7714,0,0,0.27297,0,232.94,playing,26
144.2019,-6.1832,0,0,0.18578,0,227.57,playing,26
144.218,-6.1832,0,0,0.18578,0,222.47,playing,26
144.234,-6.1832,0,0,0.15785,0,217.66,playing,26
144.2497,9.9914,0,0,0.15785,0,213.12,playing,26
144.2658,9.9914,0,0,0.15785,0,208.87,playing,26
144.2828,9.9914,0,0,0.1347,0,204.67,playing,26
144.2994,9.9914,0,0,0.1347,0,201.0,playing,26
144.3155,9.9914,0,0,0.18604,0,197.42,playing,26
144.3315,8.606,0,0,0.18604,0,194.33,playing,26
144.3478,8.606,0,0,0.16457,0,191.52,playing,26
144.3645,8.606,0,0,0.16457,0,189.0,playing,26
144.3815,4.1978,0,0,0.16457,0,186.63,playing,26
144.3982,4.1978,0,0,0.13435,0,184.58,playing,26
144.4153,4.1978,0,0,0.13435,0,182.85,playing,26
144.4318,2.5838,0,0,0.17198,0,181.44,playing,26
144.4484,2.5838,0,0,0.17198,0,180.39,playing,26
144.4654,0.8302,0,0,0.19993,0,179.6,playing,26
144.4815,0.8302,0,0,0.19993,0,179.12,playing,26
144.4985,0.8302,0,0,0.23827,1,178.95,playing,26
144.5148,0.1368,0,0,0.23827,0,179.09,playing,26
144.5314,0.1368,0,0,0.23827,0,179.5,playing,26
144.548,0.1368,0,0,0.237,0,180.26,playing,26
144.5635,0.1368,0,0,0.237,0,181.25,playing,26
144.5806,0.1368,0,0,0.24185,0,182.53,playing,26
144.5967,0.1368,0,0,0.24185,0,184.2,playing,26
144.6132,0.1368,0,0,0.24185,0,186.06,playing,26
144.6298,0.1368,0,0,0.21908,0,188.35,playing,26
144.6453,-1.4927,0,0,0.21908,0,190.78,playing,26
144.6619,-1.4927,0,0,0.27209,0,193.5,playing,26
144.6779,-1.4927,0,0,0.27209,0,196.5,playing,26
144.694,-1.6166,0,0,0.27186,0,199.78,playing,26
144.7106,-1.6166,0,0,0.27186,0,203.35,playing,26
144.7266,-1.6166,0,0,0.27186,0,207.45,playing,26
144.7435,-1.4725,0,0,0.24092,0,211.59,playing,26
144.7595,-1.4725,0,0,0.24092,0,216.31,playing,26
144.7766,-1.4725,0,0,0.24174,0,221.04,playing,26
144.7931,-1.4779,0,0,0.24174,0,226.38,playing,26
144.8102,-1.4779,0,0,0.24155,0,232.03,playing,26
144.8272,-2.9851,0,0,0.24155,0,238.01,playing,26
144.8444,-2.9851,0,0,0.24155,0,244.3,playing,26
144.8613,-2.9851,0,0,0.26849,0,250.91,playing,26
144.8778,-16.7754,1,0,0.26849,0,257.84,playing,26
144.8944,-16.7754,0,0,0.2807,0,251.88,playing,26
144.911,-16.7754,0,0,0.2807,0,245.86,playing,26
144.9275,-6.1575,0,0,0.20861,0,240.49,playing,26
144.9435,-6.1575,0,0,0.20861,0,235.09,playing,26
144.9597,-6.1575,0,0,0.20861,0,230.29,playing,26
144.9762,-6.1575,0,0,0.13862,0,225.78,playing,26
144.9933,-6.1575,0,0,0.13862,0,221.3,playing,26
145.0096,7.4556,0,0,0.14227,0,217.14,playing,26
145.0256,7.4556,0,0,0.14227,0,213.5,playing,26
145.0422,7.4556,0,0,0.18176,0,210.15,playing,26
145.0589,11.5369,0,0,0.18176,0,206.9,playing,26
145.0744,11.5369,0,0,0.18176,0,204.13,playing,26
145.091,11.5369,0,0,0.18176,0,201.64,playing,26
145.107,9.431,0,0,0.18176,0,199.43,playing,26
145.1231,9.431,0,0,0.1713,0,197.5,playing,26
145.1391,4.4823,0,0,0.1713,0,195.86,playing,26
145.1552,4.4823,0,0,0.15563,0,194.49,playing,26
145.1723,4.4823,0,0,0.15563,0,193.36,playing,26
145.1894,2.7029,0,0,0.15563,0,192.55,playing,26
145.2065,2.7029,0,0,0.17316,0,192.05,playing,26
145.2226,2.7029,0,0,0.17316,0,191.87,playing,26
145.2393,1.0613,0,0,0.21542,1,191.98,playing,26
145.2554,1.0613,0,0,0.21542,0,192.42,playing,26
145.2724,1.0613,0,0,0.21542,0,193.12,playing,26
145.2885,-0.1887,0,0,0.26356,0,194.17,playing,26
145.305,-0.1887,0,0,0.26356,0,195.45,playing,26
145.3206,-0.1887,0,0,0.21496,0,197.0,playing,26
145.3376,-0.1887,0,0,0.21496,0,198.84,playing,26
145.3537,-0.1887,0,0,0.25983,0,201.11,playing,26
145.3697,-1.9675,0,0,0.25983,0,203.53,playing,26
145.3859,-1.9675,0,0,0.25983,0,206.23,playing,26
145.4014,-1.9675,0,0,0.26786,0,209.22,playing,26
145.4182,-2.2883,0,0,0.26786,0,212.48,playing,26
145.4337,-2.2883,0,0,0.26786,0,216.03,playing,26
145.4498,-2.2883,0,0,0.27329,0,219.85,playing,26
145.4654,-1.9178,0,0,0.27329,0,223.96,playing,26
145.4819,-1.9178,0,0,0.2367,0,228.35,playing,26
145.498,-1.6752,0,0,0.2367,0,233.02,playing,26
145.515,-1.6752,0,0,0.23323,0,238.31,playing,26
145.5312,-1.6752,0,0,0.23323,0,243.56,playing,26
145.5472,-1.6752,0,0,0.23323,0,249.09,playing,26
145.5633,-1.6752,0,0,0.25862,0,254.91,playing,26
145.5803,-1.6752,0,0,0.25862,0,261.41,playing,26
145.5964,-1.3366,0,0,0.21788,0,268.22,playing,26
145.6125,-1.3366,0,0,0.21788,0,274.92,playing,26
145.6296,-1.3366,0,0,0.25948,0,281.9,playing,26
145.6456,-3.7975,0,0,0.25948,0,289.63,playing,26
145.6623,-3.7975,0,0,0.25948,0,297.19,playing,26
145.6789,-16.4822,1,0,0.23629,0,305.53,playing,26
145.6955,-12.8579,0,0,0.23629,0,299.58,playing,26
145.7116,-12.8579,0,0,0.24984,0,293.56,playing,26
145.7276,-7.2214,0,0,0.24984,0,288.19,playing,26
145.7437,-7.2214,0,0,0.23207,0,283.09,playing,26
145.7604,-7.2214,0,0,0.23207,0,278.28,playing,26
145.7774,7.1223,0,0,0.23207,0,273.48,playing,26
145.794,7.1223,0,0,0.23207,0,269.0,playing,26
145.8104,7.1223,0,0,0.23207,0,265.06,playing,26
145.8276,11.5953,0,0,0.16505,0,261.2,playing,26
145.8443,11.5953,0,0,0.16505,0,257.66,playing,26
145.8612,8.736,0,0,0.17268,0,254.43,playing,26
145.8778,8.736,0,0,0.17268,0,251.52,playing,26
145.8939,8.736,0,0,0.17268,0,249.07,playing,26
145.9096,8.736,0,0,0.14249,0,246.89,playing,26
145.9262,8.736,0,0,0.14249,0,245.0,playing,26
145.9433,8.736,0,0,0.11585,0,243.31,playing,27
145.9595,2.6244,0,0,0.11585,0,241.93,playing,27
145.976,2.6244,0,0,0.11585,0,240.92,playing,27
145.9919,2.6244,0,0,0.18956,0,240.19,playing,27
146.0083,1.6385,0,0,0.18956,0,239.74,playing,27
146.0254,1.6385,0,0,0.1794,0,239.58,playing,27
146.0415,-1.0994,0,0,0.1794,0,239.73,playing,27
146.0596,-1.0994,0,0,0.1794,0,240.17,playing,27
146.0759,-1.0994,0,0,0.20088,0,241.01,playing,27
146.0919,-1.9811,0,0,0.20088,0,242.03,playing,27
146.1075,-1.9811,0,0,0.19637,0,243.34,playing,27
146.1245,-1.9811,0,0,0.19637,0,244.94,playing,27
146.1405,-1.862,0,0,0.22315,1,246.95,playing,27
146.1576,-1.862,0,0,0.22315,0,249.12,playing,27
146.1735,-1.7931,0,0,0.26605,0,251.75,playing,27
146.1901,-1.7931,0,0,0.26605,0,254.5,playing,27
146.2062,-1.7931,0,0,0.26605,0,257.53,playing,27
146.2217,-1.8691,0,0,0.24592,0,260.85,playing,27
146.2379,-1.8691,0,0,0.24592,0,264.45,playing,27
146.254,-1.8691,0,0,0.23198,0,268.33,playing,27
146.2699,-1.7297,0,0,0.23198,0,272.49,playing,27
146.2865,-1.7297,0,0,0.23198,0,276.93,playing,27
146.3035,-1.7297,0,0,0.22361,0,281.97,playing,27
146.3201,-1.7297,0,0,0.22361,0,287.33,playing,27
146.3367,-1.7297,0,0,0.2327,0,292.65,playing,27
146.3533,-2.4654,0,0,0.2327,0,298.63,playing,27
146.3698,-13.6767,1,0,0.24624,0,304.92,playing,27
146.3864,-13.6767,0,0,0.24624,0,298.96,playing,27
146.4029,-8.2663,0,0,0.19719,0,292.95,playing,27
146.4185,-8.2663,0,0,0.19719,0,287.57,playing,27
146.435,-8.2663,0,0,0.19719,0,282.47,playing,27
146.4507,4.9158,0,0,0.17506,0,277.66,playing,27
146.4673,4.9158,0,0,0.17506,0,273.13,playing,27
146.4849,4.9158,0,0,0.17506,0,268.63,playing,27
146.5015,11.4812,0,0,0.17506,0,264.45,playing,27
146.5176,11.4812,0,0,0.17506,0,260.59,playing,27
146.5336,8.9353,0,0,0.19229,0,257.23,playing,27
146.5503,8.9353,0,0,0.19229,0,254.16,playing,27
146.5674,8.9353,0,0,0.14541,0,251.21,playing,27
146.5841,4.0963,0,0,0.14541,0,248.59,playing,27
146.6011,4.0963,0,0,0.20172,0,246.28,playing,27
146.6167,4.0963,0,0,0.20172,0,244.38,playing,27
146.6328,4.0963,0,0,0.20172,0,242.77,playing,27
146.6488,4.0963,0,0,0.14373,0,241.44,playing,27
146.6649,4.0963,0,0,0.14373,0,240.39,playing,27
146.6804,4.0963,0,0,0.14373,0,239.63,playing,27
146.6975,4.0963,0,0,0.15002,0,239.14,playing,27
146.714,1.2041,0,0,0.15002,0,238.95,playing,27
146.7301,-0.0827,0,0,0.18176,0,239.04,playing,27
146.7467,-0.0827,0,0,0.18176,0,239.42,playing,27
146.7633,-0.81,0,0,0.18176,0,240.14,playing,27
146.7799,-0.81,0,0,0.1963,0,241.18,playing,27
146.7964,-0.81,0,0,0.1963,0,242.43,playing,27
146.8134,-1.198,0,0,0.25063,1,244.09,playing,27
146.8293,-1.198,0,0,0.25063,0,246.06,playing,27
146.8464,-1.198,0,0,0.25063,0,248.2,playing,27
146.863,-2.2077,0,0,0.25063,0,250.79,playing,27
146.8791,-2.2077,0,0,0.25454,0,253.5,playing,27
146.8946,-2.6028,0,0,0.25454,0,256.5,playing,27
146.911,-2.1982,0,0,0.22783,0,259.79,playing,27
146.9266,-2.1982,0,0,0.22783,0,263.35,playing,27
146.9432,-2.0525,0,0,0.22783,0,267.19,playing,27
146.9602,-2.0525,0,0,0.27328,0,271.6,playing,27
146.9768,-2.0525,0,0,0.27328,0,276.32,playing,27
146.9933,-4.7781,0,0,0.24598,0,281.04,playing,27
147.0105,-4.7781,0,0,0.24598,0,286.38,playing,27
147.0286,-4.7781,0,0,0.24598,0,292.04,playing,27
147.0451,-12.2663,1,0,0.24496,0,298.38,playing,27
147.0617,-12.2663,0,0,0.24496,0,292.07,playing,27
147.0777,-5.3211,0,0,0.27272,0,286.41,playing,27
147.0944,-5.3211,0,0,0.27272,0,281.03,playing,27
147.111,-5.3211,0,0,0.27272,0,275.64,playing,27
147.1265,4.6816,0,0,0.13207,0,270.84,playing,27
147.1431,4.6816,0,0,0.13207,0,266.32,playing,27
147.1586,4.6816,0,0,0.1422,0,262.09,playing,27
147.1746,12.1061,0,0,0.1422,0,258.14,playing,27
147.1908,12.1061,0,0,0.1422,0,254.47,playing,27
147.2068,12.1061,0,0,0.14242,0,251.08,playing,27
147.2229,9.6432,0,0,0.14242,0,247.97,playing,27
147.2385,9.6432,0,0,0.11344,0,245.15,playing,27
147.2545,4.8383,0,0,0.11344,0,242.6,playing,27
147.2707,4.8383,0,0,0.11344,0,240.34,playing,27
147.2871,4.8383,0,0,0.15373,0,238.36,playing,27
147.3042,2.9348,0,0,0.15373,0,236.57,playing,27
147.3203,2.9348,0,0,0.20144,0,235.1,playing,27
147.3374,2.9348,0,0,0.20144,0,234.0,playing,27
147.3544,0.199,0,0,0.19137,0,233.15,playing,27
147.3714,0.199,0,0,0.19137,0,232.62,playing,27
147.3882,-0.3178,0,0,0.23667,1,232.4,playing,27
147.4048,-0.3178,0,0,0.23667,0,232.5,playing,27
147.4208,-0.3178,0,0,0.23667,0,232.88,playing,27
147.4368,-0.9726,0,0,0.25047,0,233.54,playing,27
147.4529,-0.9726,0,0,0.25047,0,234.48,playing,27
147.4689,-0.9726,0,0,0.23836,0,235.7,playing,27
147.4844,-1.471,0,0,0.23836,0,237.21,playing,27
147.5017,-1.471,0,0,0.23836,0,238.99,playing,27
147.5178,-1.471,0,0,0.2454,0,241.21,playing,27
147.5343,-1.509,0,0,0.2454,0,243.58,playing,27
147.5514,-1.509,0,0,0.22462,0,246.41,playing,27
147.568,-1.6927,0,0,0.22462,0,249.56,playing,27
147.5836,-1.8486,0,0,0.22462,0,252.8,playing,27
147.6006,-1.8486,0,0,0.24596,0,256.57,playing,27
147.6172,-7.1927,0,0,0.24596,0,260.4,playing,27
147.6337,-7.1927,0,0,0.24188,0,264.78,playing,27
147.6498,-7.1927,0,0,0.24188,0,269.19,playing,27
147.6658,-17.7047,1,0,0.25948,0,273.88,playing,27
147.6824,-17.7047,0,0,0.25948,0,267.92,playing,27
147.6994,-17.7047,0,0,0.25948,0,261.91,playing,27
147.7163,-7.2939,0,0,0.26003,0,256.21,playing,27
147.7334,-7.2939,0,0,0.26003,0,250.84,playing,27
147.7499,1.9249,0,0,0.28165,0,245.78,playing,27
147.7664,1.9249,0,0,0.28165,0,241.3,playing,27
147.7825,1.9249,0,0,0.28165,0,236.86,playing,27
147.799,1.9249,0,0,0.12906,0,232.96,playing,28
147.8151,1.9249,0,0,0.12906,0,229.34,playing,28
147.8311,1.9249,0,0,0.14735,0,226.0,playing,28
147.8482,10.1464,0,0,0.14735,0,222.78,playing,28
147.8652,10.1464,0,0,0.15115,0,219.87,playing,28
147.882,10.1464,0,0,0.15115,0,217.28,playing,28
147.8991,7.9604,0,0,0.15115,0,215.12,playing,28
147.9156,7.9604,0,0,0.15562,0,213.05,playing,28
147.9318,3.7572,0,0,0.15562,0,211.49,playing,28
147.9479,3.7572,0,0,0.17322,0,210.21,playing,28
147.9635,3.7572,0,0,0.17322,0,209.22,playing,28
147.9796,2.3585,0,0,0.17322,0,208.51,playing,28
147.9965,2.3585,0,0,0.23669,1,208.07,playing,28
148.0131,2.3585,0,0,0.23669,0,207.93,playing,28
148.0321,0.2755,0,0,0.23669,0,208.11,playing,28
148.0492,0.2755,0,0,0.23198,0,208.7,playing,28
148.0657,-0.9051,0,0,0.23198,0,209.55,playing,28
148.0834,-0.9051,0,0,0.23198,0,210.64,playing,28
148.1002,-0.9051,0,0,0.25974,0,212.21,playing,28
148.1169,-1.1204,0,0,0.25974,0,214.01,playing,28
148.133,-1.1204,0,0,0.25,0,215.99,playing,28
148.149,-1.1204,0,0,0.25,0,218.25,playing,28
148.1651,-2.2454,0,0,0.25428,0,220.79,playing,28
148.1807,-2.2454,0,0,0.25428,0,223.62,playing,28
148.1967,-2.2454,0,0,0.25428,0,226.72,playing,28
148.2125,-2.0122,0,0,0.25032,0,230.11,playing,28
148.2286,-2.0122,0,0,0.25032,0,233.78,playing,28
148.2457,-1.3778,0,0,0.2383,0,237.73,playing,28
148.2617,-1.3778,0,0,0.2383,0,242.25,playing,28
148.2778,-1.3778,0,0,0.2734,0,246.78,playing,28
148.2934,-1.3379,0,0,0.2734,0,251.59,playing,28
148.31,-1.3379,0,0,0.28132,0,256.68,playing,28
148.3266,-1.3379,0,0,0.28132,0,262.42,playing,28
148.3436,-2.5619,0,0,0.28132,0,268.09,playing,28
148.3602,-2.5619,0,0,0.25423,0,274.44,playing,28
148.3772,-17.8315,1,0,0.25423,0,281.1,playing,28
148.394,-12.3095,0,0,0.27354,0,274.79,playing,28
148.41,-12.3095,0,0,0.27354,0,269.13,playing,28
148.4261,-7.3731,0,0,0.16457,0,263.76,playing,28
148.4422,-7.3731,0,0,0.16457,0,258.66,playing,28
148.4588,-7.3731,0,0,0.16457,0,253.56,playing,28
148.4751,11.05,0,0,0.17829,0,249.05,playing,28
148.4912,11.05,0,0,0.17829,0,244.81,playing,28
148.5083,11.05,0,0,0.15918,0,240.63,playing,28
148.5248,10.0939,0,0,0.15918,0,236.77,playing,28
148.5409,10.0939,0,0,0.15918,0,233.42,playing,28
148.5572,10.0939,0,0,0.16528,0,230.35,playing,28
148.5737,7.6463,0,0,0.16528,0,227.4,playing,28
148.5905,7.6463,0,0,0.19248,0,224.91,playing,28
148.6075,4.1642,0,0,0.19248,0,222.58,playing,28
148.6245,4.1642,0,0,0.19296,0,220.57,playing,28
148.6406,4.1642,0,0,0.19296,0,218.87,playing,28
148.6572,3.0637,0,0,0.19296,0,217.56,playing,28
148.6736,3.0637,0,0,0.19296,0,216.53,playing,28
148.6911,3.0637,0,0,0.22608,1,215.73,playing,28
148.7079,0.9678,0,0,0.22608,0,215.29,playing,28
148.724,0.9678,0,0,0.23596,0,215.16,playing,28
148.7401,0.9678,0,0,0.23596,0,215.31,playing,28
148.7561,0.9678,0,0,0.24527,0,215.74,playing,28
148.7732,0.9678,0,0,0.24527,0,216.51,playing,28
148.7893,-1.274,0,0,0.26786,0,217.52,playing,28
148.8064,-1.274,0,0,0.26786,0,218.91,playing,28
148.8235,-1.274,0,0,0.26786,0,220.62,playing,28
148.8395,-1.6098,0,0,0.23669,0,222.65,playing,28
148.8559,-1.6098,0,0,0.23669,0,224.84,playing,28
148.8719,-1.6098,0,0,0.26841,0,227.32,playing,28
148.888,-1.424,0,0,0.26841,0,230.07,playing,28
148.9042,-1.424,0,0,0.26841,0,233.1,playing,28
148.921,-2.1626,0,0,0.26716,0,236.65,playing,28
148.9379,-2.1626,0,0,0.26716,0,240.26,playing,28
148.954,-2.1626,0,0,0.28704,0,244.42,playing,28
148.9711,-7.108,0,0,0.28704,0,248.9,playing,28
148.9881,-7.108,0,0,0.28704,0,253.4,playing,28
149.0042,-7.108,0,0,0.29181,0,258.49,playing,28
149.0212,-16.654,1,0,0.29181,0,263.9,playing,28
149.0372,-16.654,0,0,0.26011,0,257.95,playing,28
149.0542,2.2901,0,0,0.26011,0,251.93,playing,28
149.0713,2.2901,0,0,0.15002,0,246.24,playing,28
149.0879,2.2901,0,0,0.15002,0,240.86,playing,28
149.1049,9.2103,0,0,0.15002,0,236.08,playing,28
149.1215,9.2103,0,0,0.18441,0,231.32,playing,28
149.138,9.2103,0,0,0.18441,0,226.88,playing,28
149.1541,8.9941,0,0,0.12722,0,222.98,playing,28
149.1706,7.4502,0,0,0.12722,0,219.16,playing,28
149.1872,7.4502,0,0,0.14774,0,215.84,playing,28
149.2027,5.1275,0,0,0.14774,0,212.8,playing,28
149.2182,5.1275,0,0,0.2314,1,210.04,playing,28
149.2353,5.1275,0,0,0.2314,0,207.57,playing,28
149.2524,5.1275,0,0,0.2314,0,205.26,playing,28
149.2695,5.1275,0,0,0.23641,0,203.27,playing,28
149.286,1.3896,0,0,0.23641,0,201.59,playing,28
149.3021,1.3896,0,0,0.25926,0,200.3,playing,28
149.3176,1.3896,0,0,0.25926,0,199.29,playing,28
149.3337,0.4571,0,0,0.25463,0,198.56,playing,28
149.35,0.4571,0,0,0.25463,0,198.11,playing,28
149.3661,0.4571,0,0,0.25463,0,197.94,playing,28
149.3822,-0.8512,0,0,0.25428,0,198.05,playing,28
149.3993,-0.8512,0,0,0.25428,0,198.49,playing,28
149.416,-1.0814,0,0,0.30397,0,199.25,playing,28
149.4316,-1.0814,0,0,0.30397,0,200.24,playing,28
149.4481,-1.0814,0,0,0.29671,0,201.52,playing,28
149.4646,-0.9376,0,0,0.29671,0,203.19,playing,28
149.4807,-0.9376,0,0,0.29671,0,205.04,playing,28
149.4972,-0.9376,0,0,0.28618,0,207.18,playing,28
149.5143,-0.9995,0,0,0.28618,0,209.77,playing,28
149.5308,-0.9995,0,0,0.29042,0,212.68,playing,28
149.5468,-0.9995,0,0,0.29042,0,215.7,playing,28
149.5624,-0.9529,0,0,0.29042,0,218.99,playing,28
149.5789,-0.9529,0,0,0.2757,0,222.58,playing,28
149.5945,-16.0247,1,0,0.2757,0,226.44,playing,28
149.611,-16.0247,0,0,0.28553,0,220.48,playing,28
149.6276,-16.0247,0,0,0.28553,0,214.8,playing,28
149.6436,-16.0247,0,0,0.28562,0,209.09,playing,29
149.6602,-16.0247,0,0,0.28562,0,203.99,playing,29
149.6772,-16.0247,0,0,0.29158,0,198.9,playing,29
149.6943,-11.2784,0,0,0.29158,0,194.12,playing,29
149.7108,-11.2784,0,0,0.27314,0,189.66,playing,29
149.7284,-4.6391,0,0,0.27314,0,185.74,playing,29
149.7445,11.2589,0,0,0.27314,0,181.69,playing,29
149.7614,11.2589,0,0,0.24109,0,178.37,playing,29
149.7775,8.7592,0,0,0.24109,0,175.16,playing,29
149.794,8.7592,0,0,0.14808,0,172.43,playing,29
149.8101,8.7592,0,0,0.14808,0,169.97,playing,29
149.8261,4.4418,0,0,0.16732,0,167.8,playing,29
149.8421,4.4418,0,0,0.16732,0,165.9,playing,29
149.8577,4.4418,0,0,0.16732,0,164.29,playing,29
149.8742,2.4972,0,0,0.21365,1,162.96,playing,29
149.8912,2.4972,0,0,0.21365,0,161.87,playing,29
149.9084,1.8374,0,0,0.18597,0,161.09,playing,29
149.9245,0.7413,0,0,0.18597,0,160.63,playing,29
149.9405,0.7413,0,0,0.17655,0,160.48,playing,29
149.9573,0.3987,0,0,0.17655,0,160.61,playing,29
149.9733,0.3987,0,0,0.17655,0,161.07,playing,29
149.9899,0.3987,0,0,0.25517,0,161.78,playing,29
150.0059,-0.5828,0,0,0.25517,0,162.78,playing,29
150.0219,-0.5828,0,0,0.28166,0,164.05,playing,29
150.0381,-0.5828,0,0,0.28166,0,165.61,playing,29
150.0541,-1.6885,0,0,0.28166,0,167.45,playing,29
150.0707,-1.6885,0,0,0.23825,0,169.72,playing,29
150.0867,-1.6885,0,0,0.23825,0,172.14,playing,29
150.1033,-2.1909,0,0,0.23199,0,174.84,playing,29
150.1203,-2.1909,0,0,0.23199,0,178.02,playing,29
150.1364,-1.933,0,0,0.23613,0,181.53,playing,29
150.1524,-1.933,0,0,0.23613,0,185.11,playing,29
150.17,-1.933,0,0,0.23613,0,188.97,playing,29
150.1861,-2.1006,0,0,0.24155,0,193.39,playing,29
150.2022,-2.1006,0,0,0.24155,0,197.84,playing,29
150.2192,-2.1006,0,0,0.25518,0,202.88,playing,29
150.2358,-1.5114,0,0,0.25518,0,208.23,playing,29
150.2523,-1.5114,0,0,0.25512,0,213.56,playing,29
150.2693,-13.9824,1,0,0.25512,0,219.53,playing,29
150.2858,-13.9824,0,0,0.25512,0,213.22,playing,29
150.3024,-13.9824,0,0,0.28265,0,207.56,playing,29
150.3187,-11.0032,0,0,0.28265,0,201.86,playing,29
150.3347,-11.0032,0,0,0.29887,0,196.79,playing,29
150.3514,-11.0032,0,0,0.29887,0,191.99,playing,29
150.3674,6.6206,0,0,0.29887,0,187.21,playing,29
150.3841,6.6206,0,0,0.27632,0,182.99,playing,29
150.4012,6.6206,0,0,0.27632,0,178.83,playing,29
150.4184,10.5171,0,0,0.19786,0,174.99,playing,29
150.4354,10.5171,0,0,0.19786,0,171.46,playing,29
150.4524,9.217,0,0,0.19217,0,168.26,playing,29
150.4685,9.217,0,0,0.19217,0,165.37,playing,29
150.485,9.217,0,0,0.14386,0,162.93,playing,29
150.5011,5.3575,0,0,0.14386,0,160.77,playing,29
150.5171,5.3575,0,0,0.14386,0,158.89,playing,29
150.5327,5.3575,0,0,0.17563,0,157.3,playing,29
150.5487,3.4839,0,0,0.17563,0,155.99,playing,29
150.5652,3.4839,0,0,0.14888,0,154.96,playing,29
150.5818,3.4839,0,0,0.14888,0,154.18,playing,29
150.5994,0.9305,0,0,0.14888,1,153.73,playing,29
150.616,0.9305,0,0,0.22585,0,153.58,playing,29
150.6318,0.9305,0,0,0.22585,0,153.73,playing,29
150.6483,0.9305,0,0,0.24615,0,154.16,playing,29
150.6653,0.9305,0,0,0.24615,0,154.94,playing,29
150.6824,-0.2378,0,0,0.24615,0,156.03,playing,29
150.699,-0.2378,0,0,0.24615,0,157.44,playing,29
150.7151,-0.2378,0,0,0.26814,0,159.05,playing,29
150.7311,-0.6342,0,0,0.26814,0,160.94,playing,29
150.7472,-0.6342,0,0,0.26814,0,163.11,playing,29
150.7637,-1.3052,0,0,0.26833,0,165.74,playing,29
150.7803,-1.3052,0,0,0.26833,0,168.5,playing,29
150.7964,-1.3052,0,0,0.2811,0,171.74,playing,29
150.8129,-1.8936,0,0,0.2811,0,175.07,playing,29
150.829,-1.8936,0,0,0.2811,0,178.69,playing,29
150.8456,-1.8936,0,0,0.22162,0,182.59,playing,29
150.8617,-1.4737,0,0,0.22162,0,187.05,playing,29
150.8779,-1.4737,0,0,0.26957,0,191.52,playing,29
150.8939,-1.4737,0,0,0.26957,0,196.28,playing,29
150.9105,-1.399,0,0,0.26957,0,201.33,playing,29
150.9267,-1.399,0,0,0.28276,0,207.0,playing,29
150.9428,-1.399,0,0,0.28276,0,212.62,playing,29
150.9593,-1.6834,0,0,0.2807,0,218.53,playing,29
150.9764,-1.6834,0,0,0.2807,0,225.12,playing,29
150.9929,-4.1581,0,0,0.27327,0,232.03,playing,29
151.0085,-4.1581,0,0,0.27327,0,238.81,playing,29
151.0255,-4.1581,0,0,0.22475,0,245.88,playing,29
151.0421,-12.3923,1,0,0.22475,0,253.7,playing,29
151.0577,-12.3923,0,0,0.22475,0,247.74,playing,29
151.0741,-12.3923,0,0,0.2823,0,242.07,playing,29
151.0896,-7.2689,0,0,0.2823,0,236.67,playing,29
151.1057,-7.2689,0,0,0.2823,0,231.56,playing,29
151.1223,-7.2689,0,0,0.2823,0,226.73,playing,29
151.1389,1.5446,0,0,0.2823,0,221.91,playing,29
151.155,1.5446,0,0,0.27725,0,217.66,playing,29
151.1715,14.1039,0,0,0.27725,0,213.69,playing,29
151.1881,14.1039,0,0,0.15433,0,209.79,playing,29
151.2041,14.1039,0,0,0.15433,0,206.4,playing,29
151.2201,11.6192,0,0,0.15433,0,203.29,playing,29
151.2373,11.6192,0,0,0.17234,0,200.31,playing,29
151.2539,11.6192,0,0,0.17234,0,197.64,playing,29
151.2695,5.8759,0,0,0.1867,0,195.42,playing,29
151.2861,5.8759,0,0,0.1867,0,193.47,playing,29
151.3017,5.8759,0,0,0.17468,0,191.81,playing,29
151.3175,3.6415,0,0,0.17468,0,190.42,playing,29
151.3343,3.6415,0,0,0.17468,0,189.32,playing,29
151.3509,0.2554,0,0,0.18578,0,188.47,playing,29
151.3669,0.2554,0,0,0.18578,0,187.95,playing,29
151.3834,0.2554,0,0,0.18578,0,187.71,playing,29
151.4,-0.4413,0,0,0.18578,0,187.78,playing,29
151.4155,-0.4413,0,0,0.20596,1,188.12,playing,29
151.4317,-0.4413,0,0,0.20596,0,188.74,playing,29
151.4482,-0.7431,0,0,0.20596,0,189.65,playing,29
151.4648,-0.7431,0,0,0.25049,0,190.93,playing,29
151.4808,-0.7431,0,0,0.25049,0,192.42,playing,29
151.4969,-1.9948,0,0,0.24163,0,194.18,playing,30
151.513,-1.9948,0,0,0.24163,0,196.23,playing,30
151.529,-2.1294,0,0,0.24163,0,198.57,playing,30
151.545,-2.1294,0,0,0.27272,0,201.18,playing,30
151.5615,-2.1294,0,0,0.27272,0,204.07,playing,30
151.5776,-2.1294,0,0,0.2456,0,207.47,playing,30
151.5942,-2.1294,0,0,0.2456,0,210.94,playing,30
151.6104,-2.1294,0,0,0.2456,0,214.7,playing,30
151.6271,-1.9845,0,0,0.24192,0,219.01,playing,30
151.6431,-1.9845,0,0,0.24192,0,223.34,playing,30
151.6592,-1.9845,0,0,0.27178,0,227.96,playing,30
151.6763,-1.6005,0,0,0.27178,0,233.19,playing,30
151.694,-1.6005,0,0,0.27178,0,238.73,playing,30
151.7106,-16.0961,1,0,0.29677,0,244.96,playing,30
151.7271,-16.0961,0,0,0.29677,0,239.0,playing,30
151.7437,-16.0961,0,0,0.22307,0,232.99,playing,30
151.7597,-16.0961,0,0,0.22307,0,227.61,playing,30
151.7758,-16.0961,0,0,0.23773,0,222.51,playing,30
151.7919,-16.0961,0,0,0.23773,0,217.7,playing,30
151.8089,1.2374,0,0,0.23773,0,213.17,playing,30
151.8255,1.2374,0,0,0.23773,0,208.67,playing,30
151.8421,1.2374,0,0,0.23773,0,204.49,playing,30
151.8592,5.7195,0,0,0.14751,0,200.63,playing,30
151.8758,5.7195,0,0,0.14751,0,197.08,playing,30
151.8918,9.3474,0,0,0.14751,0,194.03,playing,30
151.9084,9.3474,0,0,0.14751,0,191.25,playing,30
151.9255,9.3474,0,0,0.17289,0,188.63,playing,30
151.9423,8.5528,0,0,0.17289,0,186.32,playing,30
151.9593,8.5528,0,0,0.16353,0,184.32,playing,30
151.9759,8.5528,0,0,0.16353,0,182.65,playing,30
151.9919,6.8358,0,0,0.16014,0,181.36,playing,30
152.0075,6.8358,0,0,0.16014,0,180.34,playing,30
152.0251,3.5313,0,0,0.16014,0,179.61,playing,30
152.0423,3.5313,0,0,0.19217,0,179.14,playing,30
152.0589,3.5313,0,0,0.19217,0,179.02,playing,30
152.0754,2.476,0,0,0.18264,0,179.19,playing,30
152.092,2.476,0,0,0.18264,0,179.68,playing,30
152.1081,2.476,0,0,0.18264,0,180.43,playing,30
152.1236,1.0942,0,0,0.18264,0,181.46,playing,30
152.1412,1.0942,0,0,0.18264,1,182.77,playing,30
152.1583,-0.3797,0,0,0.21424,0,184.6,playing,30
152.1753,-0.7714,0,0,0.21424,0,186.65,playing,30
152.192,-0.7714,0,0,0.24569,0,189.01,playing,30
152.2081,-1.4574,0,0,0.24569,0,191.52,playing,30
152.2241,-1.4574,0,0,0.22776,0,194.31,playing,30
152.2412,-1.4574,0,0,0.22776,0,197.59,playing,30
152.2577,-1.6825,0,0,0.25446,0,201.19,playing,30
152.2738,-1.6825,0,0,0.25446,0,204.86,playing,30
152.2898,-1.6825,0,0,0.25446,0,208.81,playing,30
152.3059,-1.9771,0,0,0.26356,0,213.04,playing,30
152.3219,-1.9771,0,0,0.26356,0,217.55,playing,30
152.3375,-1.9771,0,0,0.2951,0,222.35,playing,30
152.3536,-2.0236,0,0,0.2951,0,227.42,playing,30
152.3696,-2.0236,0,0,0.2951,0,232.78,playing,30
152.3857,-1.8477,0,0,0.27733,0,238.42,playing,30
152.4018,-1.8477,0,0,0.27733,0,244.34,playing,30
152.4179,-1.8477,0,0,0.31289,0,250.55,playing,30
152.4339,-1.5305,0,0,0.31289,0,257.03,playing,30
152.4505,-1.5305,0,0,0.31289,0,263.8,playing,30
152.4665,-1.5305,0,0,0.26312,0,271.31,playing,30
152.4836,-1.2349,0,0,0.26312,0,278.65,playing,30
152.5002,-1.2349,0,0,0.28544,0,286.78,playing,30
152.5163,-1.2349,0,0,0.28544,0,295.22,playing,30
152.5325,-1.2349,0,0,0.28985,0,303.45,playing,30
152.5491,-1.2349,0,0,0.28985,0,311.96,playing,30
152.5663,-0.7642,0,0,0.28985,0,321.31,playing,30
152.5831,-0.7642,0,0,0.28618,0,330.99,playing,30
152.5987,-0.7642,0,0,0.28618,0,340.38,playing,30
152.6144,-8.1901,0,0,0.27367,0,350.05,playing,30
152.631,-8.1901,0,0,0.27367,0,360.0,playing,30
152.6476,-8.1901,0,0,0.25455,0,370.24,playing,30
152.6636,-13.8876,1,0,0.25455,0,381.43,playing,30
152.6797,-13.8876,0,0,0.25455,0,375.47,playing,30
152.6963,-13.8876,0,0,0.26777,0,369.79,playing,30
152.7129,-4.4406,0,0,0.26777,0,364.08,playing,30
152.7295,-4.4406,0,0,0.15373,0,358.98,playing,30
152.7456,6.8409,0,0,0.15373,0,353.89,playing,30
152.7622,6.8409,0,0,0.15373,0,349.37,playing,30
152.7783,6.8409,0,0,0.15885,0,345.14,playing,30
152.7948,12.2595,0,0,0.15885,0,340.96,playing,30
152.8109,12.2595,0,0,0.15885,0,337.3,playing,30
152.8274,12.2595,0,0,0.15885,0,333.93,playing,30
152.8445,9.3901,0,0,0.15885,0,330.67,playing,30
152.8615,9.3901,0,0,0.16136,0,327.72,playing,30
152.8781,9.3901,0,0,0.16136,0,325.09,playing,30
152.8942,7.1485,0,0,0.1573,0,322.9,playing,30
152.9113,7.1485,0,0,0.1573,0,320.89,playing,30
152.9278,3.0421,0,0,0.1573,0,319.2,playing,30
152.9444,3.0421,0,0,0.14635,0,317.89,playing,30
152.961,3.0421,0,0,0.14635,0,316.81,playing,30
152.9781,1.3563,0,0,0.14635,0,316.05,playing,30
152.9957,1.3563,0,0,0.17097,0,315.6,playing,30
153.0117,1.3563,0,0,0.17097,0,315.49,playing,30
153.0278,-0.0305,0,0,0.23206,1,315.66,playing,30
153.0439,-0.0305,0,0,0.23206,0,316.1,playing,30
153.0599,-0.6284,0,0,0.23206,0,316.83,playing,30
153.0765,-0.6284,0,0,0.25445,0,317.84,playing,30
153.0925,-0.6284,0,0,0.25445,0,319.24,playing,30
153.1086,-1.7774,0,0,0.26369,0,320.83,playing,30
153.1252,-1.7774,0,0,0.26369,0,322.7,playing,30
153.1407,-1.7774,0,0,0.26369,0,324.86,playing,30
153.1567,-2.7827,0,0,0.26369,0,327.29,playing,30
153.1728,-2.7827,0,0,0.26369,0,330.01,playing,30
153.1884,-2.7827,0,0,0.2161,0,333.01,playing,30
153.2054,-2.4981,0,0,0.2161,0,336.29,playing,30
153.222,-2.4981,0,0,0.2161,0,340.1,playing,30
153.2381,-1.3438,0,0,0.29285,0,343.96,playing,30
153.2541,-1.3438,0,0,0.29285,0,348.11,playing,30
153.2701,-1.3438,0,0,0.25882,0,352.53,playing,30
153.2867,-13.7431,1,0,0.25882,0,357.55,playing,30
153.3028,-13.7431,0,0,0.25882,0,351.59,playing,30
153.3199,-13.7431,0,0,0.24992,0,345.58,playing,30
153.3354,-14.8272,0,0,0.24992,0,340.2,playing,31
153.3516,-14.8272,0,0,0.26518,0,335.11,playing,31
153.3682,-14.8272,0,0,0.26518,0,330.29,playing,31
153.3847,7.9002,0,0,0.24143,0,325.49,playing,31
153.4013,7.9002,0,0,0.24143,0,321.26,playing,31
153.4174,7.9002,0,0,0.19599,0,317.08,playing,31
153.4345,10.0127,0,0,0.19599,0,313.43,playing,31
153.4515,10.0127,0,0,0.19599,0,309.86,playing,31
153.4685,8.6828,0,0,0.1517,0,306.62,playing,31
153.4846,8.6828,0,0,0.1517,0,303.69,playing,31
153.5012,8.6828,0,0,0.16638,0,301.22,playing,31
153.5182,4.7783,0,0,0.16638,0,298.91,playing,31
153.5348,4.7783,0,0,0.15339,0,296.92,playing,31
153.5509,4.7783,0,0,0.15339,0,295.32,playing,31
153.5675,2.9899,0,0,0.15339,0,294.01,playing,31
153.5841,2.9899,0,0,0.13516,0,292.93,playing,31
153.6012,0.805,0,0,0.13516,0,292.18,playing,31
153.6178,0.805,0,0,0.17562,0,291.74,playing,31
153.6339,0.805,0,0,0.17562,0,291.6,playing,31
153.65,0.1256,0,0,0.197,0,291.75,playing,31
153.6655,0.1256,0,0,0.197,0,292.18,playing,31
153.6815,0.1256,0,0,0.197,0,292.89,playing,31
153.6981,-0.544,0,0,0.27768,1,293.89,playing,31
153.7152,-0.544,0,0,0.27768,0,295.26,playing,31
153.7317,-0.544,0,0,0.24124,0,296.95,playing,31
153.7478,-0.544,0,0,0.24124,0,298.83,playing,31
153.7639,-0.544,0,0,0.25995,0,300.98,playing,31
153.78,-0.5119,0,0,0.25995,0,303.42,playing,31
153.7962,-0.5119,0,0,0.25995,0,306.14,playing,31
153.8128,-0.5119,0,0,0.29412,0,309.34,playing,31
153.8288,-0.963,0,0,0.29412,0,312.64,playing,31
153.8444,-0.963,0,0,0.25518,0,316.22,playing,31
153.8605,-0.963,0,0,0.25518,0,320.09,playing,31
153.8771,-0.9673,0,0,0.25518,0,324.23,playing,31
153.8942,-0.9673,0,0,0.22307,0,328.95,playing,31
153.9113,-0.9673,0,0,0.22307,0,333.99,playing,31
153.9284,-4.4756,0,0,0.27209,0,339.35,playing,31
153.9455,-4.4756,0,0,0.27209,0,345.02,playing,31
153.9616,-4.4756,0,0,0.26841,0,351.01,playing,31
153.9776,-4.4756,0,0,0.26841,0,356.93,playing,31
153.9939,-4.4756,0,0,0.25055,0,363.14,playing,31
154.01,-12.4298,1,0,0.25055,0,369.62,playing,31
154.0256,-12.4298,0,0,0.25055,0,363.66,playing,31
154.0427,-12.4298,0,0,0.23572,0,357.65,playing,31
154.0593,6.6196,0,0,0.23572,0,352.27,playing,31
154.0764,6.6196,0,0,0.18264,0,346.88,playing,31
154.0935,11.5857,0,0,0.18264,0,341.8,playing,31
154.1105,11.5857,0,0,0.11728,0,337.04,playing,31
154.1271,11.5857,0,0,0.11728,0,332.6,playing,31
154.1431,7.3016,0,0,0.11728,0,328.7,playing,31
154.1601,7.3016,0,0,0.11889,0,324.87,playing,31
154.1757,7.3016,0,0,0.11889,0,321.56,playing,31
154.1923,5.2094,0,0,0.15338,0,318.52,playing,31
154.2094,5.2094,0,0,0.15338,0,315.61,playing,31
154.2259,5.2094,0,0,0.13341,0,313.02,playing,31
154.242,3.5458,0,0,0.13341,0,310.86,playing,31
154.2581,3.5458,0,0,0.14626,0,308.99,playing,31
154.2751,0.7709,0,0,0.14626,0,307.31,playing,31
154.2922,0.7709,0,0,0.14626,0,305.96,playing,31
154.3094,0.7709,0,0,0.14739,0,304.92,playing,31
154.3259,0.2189,0,0,0.14739,0,304.2,playing,31
154.342,0.2189,0,0,0.21191,1,303.8,playing,31
154.3581,0.2189,0,0,0.21191,0,303.68,playing,31
154.3736,-0.5653,0,0,0.20523,0,303.85,playing,31
154.3897,-0.5653,0,0,0.20523,0,304.3,playing,31
154.4063,-0.5653,0,0,0.20523,0,305.03,playing,31
154.4229,-1.12,0,0,0.23198,0,306.12,playing,31
154.4393,-1.12,0,0,0.23198,0,307.43,playing,31
154.4553,-1.1259,0,0,0.23198,0,309.14,playing,31
154.472,-1.1259,0,0,0.24766,0,311.03,playing,31
154.4876,-1.1259,0,0,0.24766,0,313.21,playing,31
154.5037,-1.0686,0,0,0.28179,0,315.66,playing,31
154.5203,-1.0686,0,0,0.28179,0,318.4,playing,31
154.5374,-1.0686,0,0,0.27768,0,321.62,playing,31
154.5535,-1.7809,0,0,0.27768,0,325.16,playing,31
154.5701,-1.7809,0,0,0.24623,0,328.78,playing,31
154.5861,-1.7809,0,0,0.24623,0,332.68,playing,31
154.6029,-13.382,1,0,0.24623,0,337.14,playing,31
154.6185,-13.382,0,0,0.27285,0,331.18,playing,31
154.6345,-8.9316,0,0,0.27285,0,325.5,playing,31
154.6511,-8.9316,0,0,0.17935,0,320.11,playing,31
154.6677,-8.9316,0,0,0.17935,0,314.69,playing,31
154.6843,-4.8374,0,0,0.17935,0,309.88,playing,31
154.7004,-4.8374,0,0,0.19523,0,305.08,playing,31
154.7164,-4.8374,0,0,0.19523,0,300.85,playing,31
154.7335,12.5974,0,0,0.19523,0,296.89,playing,31
154.7501,12.5974,0,0,0.15142,0,293.01,playing,31
154.7675,12.5974,0,0,0.15142,0,289.45,playing,31
154.7843,12.5974,0,0,0.15142,0,286.2,playing,31
154.8013,12.5974,0,0,0.13437,0,283.28,playing,31
154.818,7.8433,0,0,0.13437,0,280.67,playing,31
154.8346,7.8433,0,0,0.13203,0,278.49,playing,31
154.8506,7.8433,0,0,0.13203,0,276.5,playing,31
154.8667,3.3725,0,0,0.15284,0,274.91,playing,31
154.8832,3.3725,0,0,0.15284,0,273.6,playing,31
154.8997,3.3725,0,0,0.17265,0,272.52,playing,31
154.9158,1.9657,0,0,0.17265,0,271.79,playing,31
154.9338,1.9657,0,0,0.17265,0,271.34,playing,31
154.9499,-0.5603,0,0,0.17027,0,271.19,playing,31
154.9659,-0.5603,0,0,0.17027,0,271.34,playing,31
154.9822,-0.5603,0,0,0.20115,0,271.77,playing,31
154.9984,-0.8085,0,0,0.20115,0,272.54,playing,31
155.0154,-0.8085,0,0,0.21358,1,273.55,playing,31
155.0321,-0.8085,0,0,0.21358,0,274.95,playing,31
155.0482,-1.4963,0,0,0.22192,0,276.54,playing,31
155.0647,-1.4963,0,0,0.22192,0,278.55,playing,31
155.0808,-1.4963,0,0,0.22192,0,280.72,playing,31
155.0969,-2.0965,0,0,0.24132,0,283.18,playing,31
155.113,-2.0965,0,0,0.24132,0,285.91,playing,31
155.129,-2.3169,0,0,0.22782,0,288.93,playing,31
155.1445,-2.3169,0,0,0.22782,0,292.23,playing,31
155.1606,-2.3169,0,0,0.2515,0,295.81,playing,31
155.1767,-2.0989,0,0,0.2515,0,299.67,playing,32
155.1926,-2.0989,0,0,0.2515,0,303.82,playing,32
155.2093,-2.0989,0,0,0.25884,0,308.24,playing,32
155.2263,-1.5956,0,0,0.25884,0,313.26,playing,32
155.2429,-1.5956,0,0,0.24058,0,318.6,playing,32
155.2584,-1.5956,0,0,0.24058,0,323.91,playing,32
155.2745,-1.3951,0,0,0.28618,0,329.49,playing,32
155.2908,-1.3951,0,0,0.28618,0,335.36,playing,32
155.3068,-1.3951,0,0,0.28618,0,341.51,playing,32
155.3229,-1.3769,0,0,0.25884,0,347.94,playing,32
155.3389,-1.3769,0,0,0.25884,0,354.66,playing,32
155.355,-1.3769,0,0,0.27892,0,361.65,playing,32
155.3711,-1.3769,0,0,0.27892,0,368.93,playing,32
155.3872,-1.3769,0,0,0.27892,0,376.49,playing,32
155.4037,-11.3335,1,0,0.26502,0,384.84,playing,32
155.4198,-11.3335,0,0,0.26502,0,378.88,playing,32
155.4364,-11.3335,0,0,0.25512,0,373.2,playing,32
155.4529,-2.7434,0,0,0.25512,0,367.49,playing,32
155.469,-2.7434,0,0,0.15057,0,362.39,playing,32
155.4856,-2.7434,0,0,0.15057,0,357.58,playing,32
155.5022,10.8952,0,0,0.17435,0,352.78,playing,32
155.5188,10.8952,0,0,0.17435,0,348.3,playing,32
155.5348,9.1239,0,0,0.17435,0,344.37,playing,32
155.5509,9.1239,0,0,0.15918,0,340.71,playing,32
155.567,9.1239,0,0,0.15918,0,337.34,playing,32
155.583,9.1239,0,0,0.12796,0,334.25,playing,32
155.5991,9.1239,0,0,0.12796,0,331.44,playing,32
155.6146,9.1239,0,0,0.12796,0,328.92,playing,32
155.6312,2.6344,0,0,0.14903,0,326.67,playing,32
155.6479,2.6344,0,0,0.14903,0,324.61,playing,32
155.6637,2.6344,0,0,0.17846,0,322.94,playing,32
155.6808,1.5886,0,0,0.17846,0,321.49,playing,32
155.6973,1.5886,0,0,0.16583,0,320.41,playing,32
155.7144,0.3274,0,0,0.16583,0,319.58,playing,32
155.7315,0.3274,0,0,0.16583,0,319.06,playing,32
155.7481,0.3274,0,0,0.21521,1,318.86,playing,32
155.7651,-0.5008,0,0,0.21521,0,318.98,playing,32
155.7823,-0.5008,0,0,0.24163,0,319.42,playing,32
155.7984,-0.5008,0,0,0.24163,0,320.18,playing,32
155.8149,-0.6157,0,0,0.26739,0,321.17,playing,32
155.8316,-0.6157,0,0,0.26739,0,322.45,playing,32
155.8481,-1.2158,0,0,0.26739,0,324.12,playing,32
155.8652,-1.2158,0,0,0.26003,0,326.11,playing,32
155.8818,-1.2158,0,0,0.26003,0,328.42,playing,32
155.8984,-1.3987,0,0,0.26549,0,330.87,playing,32
155.9154,-1.3987,0,0,0.26549,0,333.8,playing,32
155.9326,-1.3987,0,0,0.24584,0,337.04,playing,32
155.9487,-12.1713,1,0,0.24584,0,340.6,playing,32
155.9648,-12.1713,0,0,0.24584,0,334.65,playing,32
155.981,-12.1713,0,0,0.26348,0,328.97,playing,32
155.9975,-15.1162,0,0,0.26348,0,323.57,playing,32
156.0151,-15.1162,0,0,0.26348,0,318.16,playing,32
156.0311,-1.0961,0,0,0.25579,0,313.06,playing,32
156.0482,-1.0961,0,0,0.25579,0,308.28,playing,32
156.0652,-1.0961,0,0,0.15258,0,303.82,playing,32
156.0818,10.1245,0,0,0.15258,0,299.68,playing,32
156.0979,10.1245,0,0,0.16003,0,296.06,playing,32
156.1139,10.1245,0,0,0.16003,0,292.73,playing,32
156.13,10.1245,0,0,0.17667,0,289.67,playing,32
156.146,10.1245,0,0,0.17667,0,286.9,playing,32
156.1621,10.1245,0,0,0.17667,0,284.41,playing,32
156.1786,9.4798,0,0,0.14516,0,282.08,playing,32
156.1947,9.4798,0,0,0.14516,0,280.17,playing,32
156.2107,4.4829,0,0,0.14626,0,278.54,playing,32
156.2268,4.4829,0,0,0.14626,0,277.19,playing,32
156.2433,4.4829,0,0,0.14626,0,276.13,playing,32
156.2594,1.5165,0,0,0.15659,0,275.31,playing,32
156.2759,1.5165,0,0,0.15659,0,274.83,playing,32
156.292,1.5165,0,0,0.20154,0,274.63,playing,32
156.3086,1.5165,0,0,0.20154,0,274.7,playing,32
156.3247,1.5165,0,0,0.21683,1,275.11,playing,32
156.3407,1.5165,0,0,0.21683,0,275.76,playing,32
156.3568,-0.759,0,0,0.25,0,276.71,playing,32
156.3733,-0.759,0,0,0.25,0,277.93,playing,32
156.3904,-0.759,0,0,0.25,0,279.54,playing,32
156.4069,-1.3828,0,0,0.22688,0,281.48,playing,32
156.423,-1.3828,0,0,0.22688,0,283.58,playing,32
156.4392,-1.6847,0,0,0.24595,0,285.97,playing,32
156.4562,-1.6847,0,0,0.24595,0,288.82,playing,32
156.4728,-1.6847,0,0,0.24595,0,291.99,playing,32
156.4889,-1.4081,0,0,0.24563,0,295.25,playing,32
156.5044,-1.4081,0,0,0.24563,0,298.79,playing,32
156.5205,-1.4081,0,0,0.24138,0,302.62,playing,32
156.5366,-1.4097,0,0,0.24138,0,306.73,playing,32
156.5531,-1.4097,0,0,0.24561,0,311.12,playing,32
156.5702,-15.69,1,0,0.24561,0,316.1,playing,32
156.5862,-15.69,0,0,0.24561,0,310.15,playing,32
156.6033,-15.69,0,0,0.24237,0,304.13,playing,32
156.6193,-10.7384,0,0,0.24237,0,298.44,playing,32
156.6367,-10.7384,0,0,0.14978,0,293.36,playing,32
156.6533,-10.7384,0,0,0.14978,0,288.28,playing,32
156.6703,-3.0001,0,0,0.14978,0,283.52,playing,32
156.6869,-3.0001,0,0,0.14978,0,279.08,playing,32
156.7025,7.4,0,0,0.14978,0,275.18,playing,32
156.719,10.2446,0,0,0.14204,0,271.56,playing,32
156.7351,10.2446,0,0,0.14204,0,268.23,playing,32
156.7511,8.8704,0,0,0.15339,0,265.17,playing,32
156.7682,8.8704,0,0,0.15339,0,262.24,playing,32
156.7848,8.8704,0,0,0.15339,0,259.64,playing,32
156.8009,6.3859,0,0,0.18487,0,257.46,playing,32
156.8171,6.3859,0,0,0.18487,0,255.57,playing,32
156.8332,6.3859,0,0,0.15547,0,253.96,playing,32
156.8488,3.0232,0,0,0.15547,0,252.63,playing,32
156.8648,3.0232,0,0,0.15547,1,251.58,playing,32
156.881,3.0232,0,0,0.22703,0,250.81,playing,32
156.8971,1.5825,0,0,0.22703,0,250.33,playing,32
156.9146,1.5825,0,0,0.20886,0,250.13,playing,32
156.9306,-0.3332,0,0,0.20886,0,250.25,playing,32
156.9472,-0.3332,0,0,0.2285,0,250.65,playing,32
156.9639,-0.3332,0,0,0.2285,0,251.38,playing,32
156.9794,-0.7702,0,0,0.2285,0,252.36,playing,32
156.996,-0.7702,0,0,0.28256,0,253.62,playing,32
157.0116,-0.7702,0,0,0.28256,0,255.16,playing,32
157.028,-1.6363,0,0,0.24605,0,256.98,playing,33
157.0444,-1.6363,0,0,0.24605,0,259.08,playing,33
157.0615,-1.6363,0,0,0.24605,0,261.63,playing,33
157.0776,-1.7084,0,0,0.24605,0,264.5,playing,33
157.0941,-1.7084,0,0,0.24605,0,267.48,playing,33
157.1102,-1.6779,0,0,0.25853,0,270.75,playing,33
157.1275,-1.6779,0,0,0.25853,0,274.53,playing,33
157.1441,-1.6779,0,0,0.25853,0,278.64,playing,33
157.1608,-1.6677,0,0,0.2724,0,283.06,playing,33
157.1768,-1.6677,0,0,0.2724,0,287.5,playing,33
157.1935,-1.6677,0,0,0.2724,0,292.23,playing,33
157.21,-1.8174,0,0,0.24265,0,297.57,playing,33
157.2261,-1.8174,0,0,0.24265,0,302.87,playing,33
157.2417,-1.8174,0,0,0.24265,0,308.46,playing,33
157.2583,-9.8982,0,0,0.25908,0,314.33,playing,33
157.2753,-9.8982,0,0,0.25908,0,320.88,playing,33
157.2919,-8.5894,1,0,0.25908,0,327.75,playing,33
157.3075,-8.5894,0,0,0.22862,0,321.79,playing,33
157.3245,-8.5894,0,0,0.22862,0,316.12,playing,33
157.3411,-1.691,0,0,0.22862,0,310.4,playing,33
157.3581,-1.691,0,0,0.14381,0,305.01,playing,33
157.3752,-1.691,0,0,0.14381,0,299.93,playing,33
157.3923,12.1406,0,0,0.15265,0,295.17,playing,33
157.4094,12.1406,0,0,0.15265,0,290.73,playing,33
157.4255,10.3357,0,0,0.15265,0,286.6,playing,33
157.442,10.3357,0,0,0.15265,0,283.0,playing,33
157.4581,10.3357,0,0,0.15265,0,279.68,playing,33
157.4741,5.1111,0,0,0.14469,0,276.65,playing,33
157.4913,5.1111,0,0,0.14469,0,273.74,playing,33
157.5087,5.1111,0,0,0.17375,0,271.15,playing,33
157.5244,3.0424,0,0,0.17375,0,268.88,playing,33
157.5414,3.0424,0,0,0.14756,0,267.02,playing,33
157.5585,1.9002,0,0,0.14756,0,265.36,playing,33
157.5755,1.9002,0,0,0.19266,0,264.02,playing,33
157.5916,1.9002,0,0,0.19266,0,263.0,playing,33
157.6077,-0.7685,0,0,0.19266,0,262.33,playing,33
157.6242,-0.7685,0,0,0.18689,0,261.93,playing,33
157.6408,-0.7685,0,0,0.18689,0,261.83,playing,33
157.6568,-0.985,0,0,0.21422,1,262.01,playing,33
157.6729,-0.985,0,0,0.21422,0,262.47,playing,33
157.689,-0.985,0,0,0.21422,0,263.22,playing,33
157.7045,-1.9601,0,0,0.22881,0,264.25,playing,33
157.7205,-1.9601,0,0,0.22881,0,265.56,playing,33
157.7371,-1.9601,0,0,0.21563,0,267.15,playing,33
157.7537,-1.7715,0,0,0.21563,0,269.16,playing,33
157.7703,-1.7715,0,0,0.21563,0,271.34,playing,33
157.7874,-1.8536,0,0,0.25454,0,273.96,playing,33
157.8045,-1.8536,0,0,0.25454,0,276.91,playing,33
157.8216,-1.8536,0,0,0.25063,0,280.17,playing,33
157.8376,-4.17,0,0,0.25063,0,283.75,playing,33
157.8537,-4.17,0,0,0.29677,0,287.4,playing,33
157.8697,-4.17,0,0,0.29677,0,291.33,playing,33
157.8863,-11.3836,1,0,0.24562,0,295.55,playing,33
157.9029,-11.3836,0,0,0.24562,0,289.24,playing,33
157.919,6.9008,0,0,0.24562,0,283.58,playing,33
157.9345,6.9008,0,0,0.13359,0,278.2,playing,33
157.951,6.9008,0,0,0.13359,0,273.1,playing,33
157.9666,10.4121,0,0,0.12578,0,268.29,playing,33
157.9831,10.4121,0,0,0.12578,0,263.76,playing,33
157.9997,10.4121,0,0,0.12578,0,259.26,playing,33
158.0173,8.6178,0,0,0.1595,0,255.08,playing,33
158.0343,8.6178,0,0,0.1595,0,251.21,playing,33
158.0509,8.6178,0,0,0.14092,0,247.67,playing,33
158.0669,4.4748,0,0,0.14092,0,244.62,playing,33
158.083,4.4748,0,0,0.15279,0,241.84,playing,33
158.0985,2.5914,0,0,0.15279,0,239.35,playing,33
158.1151,2.5914,0,0,0.15279,0,237.14,playing,33
158.1312,2.5914,0,0,0.15279,0,235.21,playing,33
158.1483,0.2995,0,0,0.15279,0,233.48,playing,33
158.1649,0.2995,0,0,0.18506,0,232.07,playing,33
158.1815,0.2995,0,0,0.18506,0,231.02,playing,33
158.1986,0.2995,0,0,0.18691,0,230.23,playing,33
158.2146,0.2995,0,0,0.18691,0,229.75,playing,33
158.2312,0.2995,0,0,0.18691,0,229.58,playing,33
158.2477,-0.3363,0,0,0.21795,1,229.72,playing,33
158.2638,-0.3363,0,0,0.21795,0,230.13,playing,33
158.2803,-0.3363,0,0,0.22127,0,230.83,playing,33
158.2969,-0.3363,0,0,0.22127,0,231.88,playing,33
158.3129,-0.3363,0,0,0.22127,0,233.16,playing,33
158.3295,-0.9869,0,0,0.24529,0,234.83,playing,33
158.3456,-0.9869,0,0,0.24529,0,236.69,playing,33
158.3621,-0.9869,0,0,0.24068,0,238.83,playing,33
158.3792,-1.4395,0,0,0.24068,0,241.41,playing,33
158.3948,-1.4395,0,0,0.23659,0,244.13,playing,33
158.4113,-1.4395,0,0,0.23659,0,247.13,playing,33
158.4273,-1.9982,0,0,0.27768,0,250.64,playing,33
158.444,-1.9982,0,0,0.27768,0,254.22,playing,33
158.46,-4.2506,0,0,0.27768,0,258.08,playing,33
158.4765,-4.2506,0,0,0.2602,0,262.23,playing,33
158.4926,-4.2506,0,0,0.2602,0,266.95,playing,33
158.5086,-11.6867,1,0,0.24185,0,271.67,playing,33
158.5252,-11.6867,0,0,0.24185,0,265.71,playing,33
158.5418,-11.6867,0,0,0.20611,0,259.7,playing,33
158.5584,-6.8046,0,0,0.20611,0,254.32,playing,33
158.5744,-6.8046,0,0,0.20611,0,248.93,playing,33
158.5905,-6.8046,0,0,0.15636,0,244.13,playing,33
158.6071,11.985,0,0,0.15636,0,239.61,playing,33
158.6232,11.985,0,0,0.16791,0,235.38,playing,33
158.6402,13.1912,0,0,0.16791,0,231.2,playing,33
158.6573,13.1912,0,0,0.16791,0,227.34,playing,33
158.6738,13.1912,0,0,0.14735,0,223.79,playing,33
158.6895,10.4942,0,0,0.14735,0,220.74,playing,33
158.7066,10.4942,0,0,0.14735,0,217.97,playing,33
158.7237,10.4942,0,0,0.12463,0,215.34,playing,33
158.7403,5.5346,0,0,0.12463,0,213.03,playing,33
158.7568,5.5346,0,0,0.14888,0,211.04,playing,33
158.7733,2.9051,0,0,0.14888,0,209.44,playing,33
158.79,2.9051,0,0,0.19993,0,208.07,playing,33
158.806,2.9051,0,0,0.19993,0,207.05,playing,33
158.8217,-0.0411,0,0,0.19993,0,206.32,playing,33
158.8378,-0.0411,0,0,0.19993,0,205.87,playing,33
158.8538,-0.0411,0,0,0.19993,0,205.7,playing,33
158.8699,-0.8087,0,0,0.18176,0,205.82,playing,33
158.8859,-0.8087,0,0,0.18176,0,206.21,playing,34
158.902,-0.8087,0,0,0.18176,0,206.89,playing,34
158.9176,-1.7871,0,0,0.2367,1,207.85,playing,34
158.9337,-1.7871,0,0,0.2367,0,209.09,playing,34
158.9498,-1.7871,0,0,0.24166,0,210.61,playing,34
158.9664,-2.2045,0,0,0.24166,0,212.41,playing,34
158.983,-2.2045,0,0,0.25854,0,214.65,playing,34
158.9991,-2.2045,0,0,0.25854,0,217.03,playing,34
159.0151,-2.278,0,0,0.25854,0,219.7,playing,34
159.0322,-2.278,0,0,0.24628,0,222.85,playing,34
159.0492,-1.9725,0,0,0.24628,0,226.32,playing,34
159.0658,-1.9725,0,0,0.23209,0,230.1,playing,34
159.0834,-1.9725,0,0,0.23209,0,234.2,playing,34
159.1004,-1.9725,0,0,0.25966,0,238.63,playing,34
159.1165,-1.9725,0,0,0.25966,0,243.37,playing,34
159.1331,-2.0207,0,0,0.25966,0,248.11,playing,34
159.1492,-2.0207,0,0,0.22831,0,253.13,playing,34
159.1662,-2.0207,0,0,0.22831,0,258.79,playing,34
159.1833,-5.9944,0,0,0.26007,0,264.76,playing,34
159.1994,-5.9944,0,0,0.26007,0,271.05,playing,34
159.2162,-5.9944,0,0,0.24592,0,277.26,playing,34
159.2324,-16.387,1,0,0.24592,0,284.17,playing,34
159.2502,-16.387,0,0,0.24592,0,278.21,playing,34
159.2668,-16.387,0,0,0.28618,0,271.86,playing,34
159.2824,-4.5035,0,0,0.28618,0,266.5,playing,34
159.2985,-4.5035,0,0,0.18157,0,261.42,playing,34
159.3147,7.0223,0,0,0.18157,0,256.63,playing,34
159.3308,7.0223,0,0,0.13415,0,252.11,playing,34
159.3474,7.0223,0,0,0.13415,0,247.88,playing,34
159.3634,10.0179,0,0,0.13415,0,243.7,playing,34
159.3805,10.0179,0,0,0.17025,0,240.04,playing,34
159.3971,10.0179,0,0,0.17025,0,236.48,playing,34
159.4136,8.259,0,0,0.16298,0,233.41,playing,34
159.4297,8.259,0,0,0.16298,0,230.46,playing,34
159.4457,8.259,0,0,0.15935,0,227.97,playing,34
159.4614,6.7296,0,0,0.15935,0,225.76,playing,34
159.478,6.7296,0,0,0.15935,0,223.83,playing,34
159.4941,4.7844,0,0,0.16748,0,222.19,playing,34
159.5107,3.3343,0,0,0.16748,0,220.76,playing,34
159.5267,3.3343,0,0,0.2278,1,219.69,playing,34
159.5428,1.8046,0,0,0.2278,0,218.91,playing,34
159.5589,1.8046,0,0,0.2278,0,218.4,playing,34
159.5749,1.8046,0,0,0.24058,0,218.18,playing,34
159.5915,-0.4789,0,0,0.24058,0,218.24,playing,34
159.6076,-0.4789,0,0,0.22388,0,218.63,playing,34
159.6236,-0.4789,0,0,0.22388,0,219.27,playing,34
159.6402,-1.048,0,0,0.21968,0,220.19,playing,34
159.6573,-1.048,0,0,0.21968,0,221.49,playing,34
159.6738,-1.586,0,0,0.21968,0,223.11,playing,34
159.69,-1.586,0,0,0.25885,0,224.91,playing,34
159.7055,-1.586,0,0,0.25885,0,226.99,playing,34
159.7226,-2.1664,0,0,0.25885,0,229.36,playing,34
159.7392,-2.1664,0,0,0.23273,0,232.19,playing,34
159.7558,-2.1664,0,0,0.23273,0,235.34,playing,34
159.7719,-2.0738,0,0,0.25917,0,238.59,playing,34
159.7885,-2.0738,0,0,0.25917,0,242.12,playing,34
159.8046,-2.0738,0,0,0.26769,0,246.18,playing,34
159.8212,-1.4957,0,0,0.26769,0,250.29,playing,34
159.8384,-1.4957,0,0,0.26769,0,254.98,playing,34
159.8549,-2.7369,0,0,0.24984,0,259.98,playing,34
159.8705,-2.7369,0,0,0.24984,0,264.97,playing,34
159.8871,-2.7369,0,0,0.2952,0,270.24,playing,34
159.9032,-16.5236,1,0,0.2952,0,275.79,playing,34
159.9197,-16.5236,0,0,0.25959,0,269.48,playing,34
159.9358,-16.5236,0,0,0.25959,0,263.82,playing,34
159.9519,-6.1807,0,0,0.25959,0,258.44,playing,34
159.968,-6.1807,0,0,0.25063,0,253.34,playing,34
159.9841,-6.1807,0,0,0.25063,0,248.53,playing,34
160.0002,5.8547,0,0,0.18506,0,244.0,playing,34
160.0167,5.8547,0,0,0.18506,0,239.5,playing,34
160.0327,5.8547,0,0,0.18506,0,235.55,playing,34
160.0493,11.532,0,0,0.16636,0,231.88,playing,34
160.0664,11.532,0,0,0.16636,0,228.29,playing,34
160.0834,9.9333,0,0,0.14374,0,225.03,playing,34
160.1005,9.9333,0,0,0.14374,0,222.08,playing,34
160.1171,9.9333,0,0,0.15789,0,219.46,playing,34
160.1331,3.814,0,0,0.15789,0,217.26,playing,34
160.1502,3.814,0,0,0.15245,0,215.25,playing,34
160.1673,2.2002,0,0,0.15245,0,213.56,playing,34
160.1843,2.2002,0,0,0.15245,0,212.18,playing,34
160.2004,2.2002,0,0,0.16082,0,211.13,playing,34
160.2175,1.1098,0,0,0.16082,0,210.41,playing,34
160.2335,1.1098,0,0,0.21289,1,209.97,playing,34
160.2496,1.1098,0,0,0.21289,0,209.84,playing,34
160.2661,-0.2467,0,0,0.2307,0,209.99,playing,34
160.2827,-0.2467,0,0,0.2307,0,210.47,playing,34
160.2988,-0.2467,0,0,0.2307,0,211.19,playing,34
160.3149,-0.3719,0,0,0.27734,0,212.21,playing,34
160.331,-0.3719,0,0,0.27734,0,213.5,playing,34
160.3465,-0.3719,0,0,0.27231,0,215.07,playing,34
160.3631,-0.708,0,0,0.27231,0,216.93,playing,34
160.3786,-0.708,0,0,0.24993,0,219.07,playing,34
160.3962,-0.6494,0,0,0.24993,0,221.66,playing,34
160.4133,-0.6494,0,0,0.24993,0,224.56,playing,34
160.4303,-0.6494,0,0,0.23702,0,227.79,playing,34
160.4474,-0.8539,0,0,0.23702,0,231.33,playing,34
160.4639,-0.8539,0,0,0.24134,0,235.19,playing,34
160.4806,-0.8539,0,0,0.24134,0,239.11,playing,34
160.4961,-1.1469,0,0,0.21495,0,243.3,playing,34
160.5132,-1.1469,0,0,0.21495,0,248.08,playing,34
160.5302,-0.8433,0,0,0.21495,0,253.18,playing,34
160.5469,-0.8433,0,0,0.28817,0,258.59,playing,34
160.5634,-0.8433,0,0,0.28817,0,263.96,playing,34
160.58,-2.4907,0,0,0.30023,0,269.99,playing,34
160.5956,-2.4907,0,0,0.30023,0,275.95,playing,34
160.6122,-2.4907,0,0,0.30023,0,282.19,playing,34
160.6293,-13.2189,1,0,0.25884,0,289.14,playing,34
160.6454,-13.2189,0,0,0.25884,0,282.82,playing,34
160.662,-13.2189,0,0,0.25884,0,277.16,playing,34
160.6781,-9.0289,0,0,0.21546,0,271.79,playing,34
160.6937,-9.0289,0,0,0.21546,0,266.69,playing,34
160.7098,-4.9846,0,0,0.21546,0,261.88,playing,34
160.7254,-4.9846,0,0,0.15284,0,257.34,playing,35
160.7414,-4.9846,0,0,0.15284,0,253.09,playing,35
160.7585,12.3356,0,0,0.14774,0,249.12,playing,35
160.7756,12.3356,0,0,0.14774,0,245.22,playing,35
160.7922,12.3356,0,0,0.14774,0,241.64,playing,35
160.8094,11.0037,0,0,0.18842,0,238.38,playing,35
160.8259,11.0037,0,0,0.18842,0,235.43,playing,35
160.8415,11.0037,0,0,0.18842,0,232.94,playing,35
160.8581,7.2903,0,0,0.16821,0,230.73,playing,35
160.8741,7.2903,0,0,0.16821,0,228.8,playing,35
160.8898,4.3132,0,0,0.17917,0,227.16,playing,35
160.9059,4.3132,0,0,0.17917,0,225.79,playing,35
160.9224,4.3132,0,0,0.17917,0,224.71,playing,35
160.9385,0.7838,0,0,0.14128,0,223.87,playing,35
160.955,0.7838,0,0,0.14128,0,223.37,playing,35
160.9706,0.7838,0,0,0.17658,0,223.15,playing,35
160.9872,-0.255,0,0,0.17658,0,223.21,playing,35
161.0038,-0.255,0,0,0.17658,0,223.59,playing,35
161.0198,-0.255,0,0,0.22381,1,224.24,playing,35
161.0364,-0.8934,0,0,0.22381,0,225.16,playing,35
161.0524,-0.8934,0,0,0.24984,0,226.46,playing,35
161.0685,-0.8934,0,0,0.24984,0,227.96,playing,35
161.085,-1.5649,0,0,0.24984,0,229.75,playing,35
161.1006,-1.5649,0,0,0.24603,0,231.81,playing,35
161.1167,-1.7735,0,0,0.24603,0,234.16,playing,35
161.1327,-1.7735,0,0,0.28245,0,236.79,playing,35
161.1488,-1.7735,0,0,0.28245,0,239.71,playing,35
161.1643,-1.7453,0,0,0.28245,0,242.9,playing,35
161.1809,-1.7453,0,0,0.23728,0,246.37,playing,35
161.197,-1.7453,0,0,0.23728,0,250.13,playing,35
161.2125,-1.3439,0,0,0.25908,0,254.17,playing,35
161.2286,-1.3439,0,0,0.25908,0,258.49,playing,35
161.2452,-1.3439,0,0,0.25052,0,263.09,playing,35
161.2618,-2.7793,0,0,0.25052,0,268.3,playing,35
161.2784,-2.7793,0,0,0.25052,0,273.48,playing,35
161.2954,-16.4066,1,0,0.228,0,279.31,playing,35
161.3115,-16.4066,0,0,0.228,0,272.99,playing,35
161.3275,-16.4066,0,0,0.27724,0,267.33,playing,35
161.3441,-16.4066,0,0,0.27724,0,261.96,playing,35
161.3602,-16.4066,0,0,0.27724,0,256.86,playing,35
161.3772,-16.4066,0,0,0.25047,0,251.76,playing,35
161.3943,-3.9461,0,0,0.25047,0,246.99,playing,35
161.4114,-3.9461,0,0,0.25862,0,242.52,playing,35
161.4279,9.528,0,0,0.25862,0,238.38,playing,35
161.4443,9.528,0,0,0.13318,0,234.76,playing,35
161.4606,9.528,0,0,0.13318,0,231.24,playing,35
161.4767,11.7531,0,0,0.14849,0,228.2,playing,35
161.4928,11.7531,0,0,0.14849,0,225.45,playing,35
161.5084,11.7531,0,0,0.14849,0,222.97,playing,35
161.5249,11.7531,0,0,0.15806,0,220.78,playing,35
161.541,11.7531,0,0,0.15806,0,218.87,playing,35
161.5565,11.7531,0,0,0.13845,0,217.24,playing,35
161.5735,3.7663,0,0,0.13845,0,215.89,playing,35
161.5896,3.7663,0,0,0.1673,0,214.78,playing,35
161.6057,3.7663,0,0,0.1673,0,214.01,playing,35
161.6223,1.7484,0,0,0.1673,0,213.53,playing,35
161.6388,1.7484,0,0,0.16638,0,213.33,playing,35
161.6549,0.4975,0,0,0.16638,0,213.43,playing,35
161.6725,0.4975,0,0,0.16638,0,213.81,playing,35
161.6887,0.4975,0,0,0.16216,0,214.59,playing,35
161.7049,-0.9914,0,0,0.16216,0,215.56,playing,35
161.721,-0.9914,0,0,0.27264,1,216.82,playing,35
161.7371,-0.9914,0,0,0.27264,0,218.36,playing,35
161.7532,-1.5671,0,0,0.27264,0,220.18,playing,35
161.7703,-1.5671,0,0,0.27264,0,222.43,playing,35
161.7885,-1.8829,0,0,0.25894,0,225.0,playing,35
161.805,-1.8829,0,0,0.25894,0,228.08,playing,35
161.8211,-1.8829,0,0,0.25894,0,231.1,playing,35
161.8383,-1.4672,0,0,0.25894,0,234.62,playing,35
161.8544,-1.4672,0,0,0.2235,0,238.47,playing,35
161.871,-1.4672,0,0,0.2235,0,242.36,playing,35
161.8881,-0.6066,0,0,0.2235,0,246.54,playing,35
161.9036,-0.6066,0,0,0.2551,0,251.3,playing,35
161.9202,-0.6066,0,0,0.2551,0,256.06,playing,35
161.9367,-1.0046,0,0,0.26807,0,261.44,playing,35
161.9532,-1.0046,0,0,0.26807,0,266.78,playing,35
161.9698,-1.0046,0,0,0.24688,0,272.77,playing,35
161.9864,-1.0046,0,0,0.24688,0,278.69,playing,35
162.0026,-1.0046,0,0,0.24688,0,285.3,playing,35
162.0187,-1.6587,0,0,0.24688,0,291.8,playing,35
162.0352,-1.6587,0,0,0.28553,0,298.59,playing,35
162.0522,-1.6587,0,0,0.28553,0,306.11,playing,35
162.0694,-18.6654,1,0,0.27797,0,313.96,playing,35
162.0855,-18.6654,0,0,0.27797,0,307.64,playing,35
162.1021,-18.6654,0,0,0.27797,0,301.98,playing,35
162.1177,-14.2554,0,0,0.2909,0,296.61,playing,35
162.1338,-14.2554,0,0,0.2909,0,291.51,playing,35
162.1498,5.3105,0,0,0.25415,0,286.7,playing,35
162.1664,5.3105,0,0,0.25415,0,282.16,playing,35
162.1834,5.3105,0,0,0.16032,0,277.67,playing,35
162.2,12.144,0,0,0.16032,0,273.49,playing,35
162.2166,12.144,0,0,0.16032,0,269.83,playing,35
162.2327,12.144,0,0,0.17862,0,266.27,playing,35
162.2493,12.144,0,0,0.17862,0,263.2,playing,35
162.2658,12.144,0,0,0.14617,0,260.25,playing,35
162.2824,12.144,0,0,0.14617,0,257.76,playing,35
162.299,5.9811,0,0,0.14752,0,255.43,playing,35
162.3145,5.9811,0,0,0.14752,0,253.52,playing,35
162.3306,4.2581,0,0,0.14752,0,251.89,playing,35
162.3472,4.2581,0,0,0.13529,0,250.54,playing,35
162.3643,4.2581,0,0,0.13529,0,249.43,playing,35
162.3804,1.3145,0,0,0.15242,0,248.64,playing,35
162.3965,1.3145,0,0,0.15242,0,248.17,playing,35
162.4125,1.3145,0,0,0.18915,0,247.98,playing,35
162.4292,-0.1229,0,0,0.18915,0,248.08,playing,35
162.4463,-0.1229,0,0,0.18915,0,248.5,playing,35
162.4633,-0.3738,0,0,0.22307,1,249.24,playing,35
162.4798,-0.7276,0,0,0.22307,0,250.29,playing,35
162.4954,-0.7276,0,0,0.1961,0,251.57,playing,35
162.5115,-1.1177,0,0,0.1961,0,253.12,playing,35
162.5276,-1.1177,0,0,0.1961,0,254.96,playing,35
162.5442,-1.1177,0,0,0.24131,0,257.08,playing,35
162.5612,-1.6237,0,0,0.24131,0,259.65,playing,35
162.5783,-1.6237,0,0,0.21395,0,262.54,playing,36
162.5945,-1.6237,0,0,0.21395,0,265.75,playing,36
162.6111,-1.6203,0,0,0.21395,0,269.05,playing,36
162.6271,-1.6203,0,0,0.27264,0,272.63,playing,36
162.6427,-1.2335,0,0,0.27264,0,276.49,playing,36
162.6588,-1.2335,0,0,0.27264,0,280.63,playing,36
162.6749,-1.2335,0,0,0.27264,0,285.06,playing,36
162.691,-15.5984,1,0,0.24694,0,289.77,playing,36
162.7066,-15.5984,0,0,0.24694,0,283.81,playing,36
162.7231,-15.5984,0,0,0.24694,0,278.13,playing,36
162.7397,-9.0242,0,0,0.23794,0,272.42,playing,36
162.7563,-9.0242,0,0,0.23794,0,267.32,playing,36
162.7728,-9.0242,0,0,0.23794,0,262.23,playing,36
162.789,4.0425,0,0,0.16171,0,257.71,playing,36
162.8045,4.0425,0,0,0.16171,0,253.48,playing,36
162.8211,4.0425,0,0,0.16171,0,249.52,playing,36
162.8383,10.4642,0,0,0.15074,0,245.64,playing,36
162.8553,10.4642,0,0,0.15074,0,242.08,playing,36
162.8719,7.8451,0,0,0.16416,0,238.83,playing,36
162.888,7.8451,0,0,0.16416,0,236.06,playing,36
162.9051,7.8451,0,0,0.16416,0,233.57,playing,36
162.9212,5.6039,0,0,0.14357,0,231.24,playing,36
162.9383,5.6039,0,0,0.14357,0,229.23,playing,36
162.9548,5.6039,0,0,0.13825,0,227.54,playing,36
162.9709,5.6039,0,0,0.13825,0,226.23,playing,36
162.9871,5.6039,0,0,0.21046,1,225.2,playing,36
163.0031,3.0254,0,0,0.21046,0,224.45,playing,36
163.0188,3.0254,0,0,0.21046,0,223.98,playing,36
163.0353,3.0254,0,0,0.21198,0,223.79,playing,36
163.0519,-0.8705,0,0,0.21198,0,223.91,playing,36
163.0679,-0.8705,0,0,0.22681,0,224.31,playing,36
163.0841,-0.8705,0,0,0.22681,0,224.99,playing,36
163.1001,-1.2,0,0,0.22681,0,225.94,playing,36
163.1172,-1.2,0,0,0.24058,0,227.28,playing,36
163.1339,-1.2,0,0,0.24058,0,228.94,playing,36
163.15,-1.3876,0,0,0.22307,0,230.77,playing,36
163.166,-1.3876,0,0,0.22307,0,232.89,playing,36
163.1821,-1.3876,0,0,0.22307,0,235.3,playing,36
163.1986,-1.2317,0,0,0.27282,0,238.16,playing,36
163.2147,-1.2317,0,0,0.27282,0,241.15,playing,36
163.2307,-1.8646,0,0,0.27282,0,244.41,playing,36
163.2463,-1.8646,0,0,0.25047,0,247.96,playing,36
163.2633,-1.8646,0,0,0.25047,0,251.78,playing,36
163.2799,-14.7079,1,0,0.24624,0,256.17,playing,36
163.2964,-14.7079,0,0,0.24624,0,250.21,playing,36
163.3125,-14.7079,0,0,0.27264,0,244.2,playing,36
163.329,-9.2677,0,0,0.27264,0,238.82,playing,36
163.3453,-9.2677,0,0,0.18245,0,233.72,playing,36
163.3623,-9.2677,0,0,0.18245,0,228.63,playing,36
163.3788,10.7192,0,0,0.18245,0,223.85,playing,36
163.3944,10.7192,0,0,0.18245,0,219.63,playing,36
163.411,10.8854,0,0,0.18245,0,215.7,playing,36
163.427,10.8854,0,0,0.20427,0,212.04,playing,36
163.4431,10.8854,0,0,0.20427,0,208.67,playing,36
163.4591,8.3997,0,0,0.15264,0,205.58,playing,36
163.4767,8.3997,0,0,0.15264,0,202.62,playing,36
163.4928,8.3997,0,0,0.15264,0,199.97,playing,36
163.5089,3.8964,0,0,0.13065,0,197.76,playing,36
163.5249,3.8964,0,0,0.13065,0,195.83,playing,36
163.5405,3.8964,0,0,0.13283,0,194.19,playing,36
163.5571,2.4583,0,0,0.13283,0,192.82,playing,36
163.5726,2.4583,0,0,0.13283,0,191.74,playing,36
163.5892,1.6575,0,0,0.15352,0,190.94,playing,36
163.6047,1.6575,0,0,0.15352,0,190.42,playing,36
163.6209,1.6575,0,0,0.189,0,190.18,playing,36
163.6368,-0.3407,0,0,0.189,0,190.22,playing,36
163.6533,-0.3407,0,0,0.189,0,190.55,playing,36
163.6703,-0.3407,0,0,0.23207,1,191.21,playing,36
163.6869,-0.9406,0,0,0.23207,0,192.19,playing,36
163.7035,-0.9406,0,0,0.23572,0,193.4,playing,36
163.7195,-0.9406,0,0,0.23572,0,194.99,playing,36
163.7356,-1.3286,0,0,0.21933,0,196.78,playing,36
163.7518,-1.3286,0,0,0.21933,0,198.85,playing,36
163.7683,-1.7759,0,0,0.23263,0,201.2,playing,36
163.7844,-1.7759,0,0,0.23263,0,204.01,playing,36
163.801,-1.7759,0,0,0.23263,0,206.94,playing,36
163.817,-2.0875,0,0,0.24092,0,210.15,playing,36
163.833,-8.1174,0,0,0.24092,0,213.64,playing,36
163.8486,-8.1174,0,0,0.23419,0,217.42,playing,36
163.8647,-8.1174,0,0,0.23419,0,221.47,playing,36
163.8813,-8.1174,0,0,0.23419,0,225.81,playing,36
163.8979,-8.1174,0,0,0.23668,0,230.74,playing,36
163.9139,-5.7058,1,0,0.23668,0,235.66,playing,36
163.93,-5.7058,0,0,0.15713,0,229.7,playing,36
163.9461,-5.7058,0,0,0.15713,0,224.02,playing,36
163.9617,-0.7424,0,0,0.15713,0,218.63,playing,36
163.9787,-0.7424,0,0,0.12928,0,213.21,playing,36
163.9948,9.1746,0,0,0.12928,0,208.4,playing,36
164.0109,9.1746,0,0,0.17138,0,203.86,playing,36
164.0274,9.1746,0,0,0.17138,0,199.61,playing,36
164.0435,9.5234,0,0,0.18405,0,195.41,playing,36
164.0601,9.5234,0,0,0.18405,0,191.74,playing,36
164.0757,9.5234,0,0,0.18405,0,188.36,playing,36
164.0923,6.986,0,0,0.18405,0,185.25,playing,36
164.1088,6.986,0,0,0.18405,0,182.26,playing,36
164.1249,6.986,0,0,0.15359,0,179.74,playing,36
164.1406,4.8109,0,0,0.15359,0,177.49,playing,36
164.1572,4.8109,0,0,0.15359,0,175.53,playing,36
164.1733,3.2845,0,0,0.15002,0,173.85,playing,36
164.1903,1.9916,0,0,0.15002,0,172.38,playing,36
164.2069,1.9916,0,0,0.18468,0,171.23,playing,36
164.2229,1.9916,0,0,0.18468,0,170.43,playing,36
164.2386,1.9916,0,0,0.23207,1,169.91,playing,36
164.2552,1.9916,0,0,0.23207,0,169.67,playing,36
164.2728,0.9341,0,0,0.23207,0,169.73,playing,36
164.2889,0.9341,0,0,0.20066,0,170.12,playing,36
164.3055,0.9341,0,0,0.20066,0,170.76,playing,36
164.3221,-0.9959,0,0,0.25445,0,171.76,playing,36
164.3381,-0.9959,0,0,0.25445,0,172.98,playing,36
164.3537,-1.986,0,0,0.25445,0,174.48,playing,36
164.3703,-1.986,0,0,0.22813,0,176.27,playing,36
164.3873,-1.986,0,0,0.22813,0,178.48,playing,36
164.4039,-2.3077,0,0,0.24099,0,181.02,playing,36
164.4204,-2.3077,0,0,0.24099,0,183.68,playing,37
164.4375,-2.3077,0,0,0.25862,0,186.83,playing,37
164.4536,-1.3547,0,0,0.25862,0,190.3,playing,37
164.4706,-1.3547,0,0,0.25862,0,193.85,playing,37
164.4868,-1.3547,0,0,0.23659,0,197.93,playing,37
164.5028,-10.6132,0,0,0.23659,0,202.06,playing,37
164.5194,-10.6132,0,0,0.25,0,206.47,playing,37
164.536,-15.7317,1,0,0.25,0,211.47,playing,37
164.5521,-15.7317,0,0,0.25,0,205.51,playing,37
164.5693,-15.7317,0,0,0.28571,0,199.5,playing,37
164.5858,-10.6403,0,0,0.28571,0,193.8,playing,37
164.6019,-10.6403,0,0,0.28571,0,188.72,playing,37
164.6184,-10.6403,0,0,0.27789,0,183.93,playing,37
164.635,5.4135,0,0,0.27789,0,179.15,playing,37
164.6515,5.4135,0,0,0.18676,0,174.93,playing,37
164.6681,12.1921,0,0,0.18676,0,170.77,playing,37
164.6837,12.1921,0,0,0.18295,0,167.13,playing,37
164.7002,12.1921,0,0,0.18295,0,163.78,playing,37
164.7173,8.8415,0,0,0.15175,0,160.54,playing,37
164.7343,8.8415,0,0,0.15175,0,157.61,playing,37
164.7514,8.8415,0,0,0.15175,0,155.0,playing,37
164.768,6.2492,0,0,0.15654,0,152.71,playing,37
164.7841,6.2492,0,0,0.15654,0,150.83,playing,37
164.8011,6.2492,0,0,0.15654,0,149.24,playing,37
164.8172,4.4067,0,0,0.15654,0,147.86,playing,37
164.8327,4.4067,0,0,0.15654,0,146.85,playing,37
164.8483,2.9216,0,0,0.17681,0,146.12,playing,37
164.8653,1.9442,0,0,0.17681,0,145.67,playing,37
164.882,1.9442,0,0,0.17681,0,145.51,playing,37
164.898,0.9351,0,0,0.21938,1,145.64,playing,37
164.9141,0.9351,0,0,0.21938,0,146.05,playing,37
164.9296,0.9351,0,0,0.25956,0,146.75,playing,37
164.9462,-1.1237,0,0,0.25956,0,147.72,playing,37
164.9633,-1.1237,0,0,0.25956,0,149.08,playing,37
164.9799,-1.1237,0,0,0.24068,0,150.75,playing,37
164.9959,-1.6186,0,0,0.24068,0,152.61,playing,37
165.0115,-1.6186,0,0,0.24068,0,154.75,playing,37
165.0291,-2.7213,0,0,0.24185,0,157.33,playing,37
165.0447,-2.7213,0,0,0.24185,0,160.05,playing,37
165.0608,-2.7213,0,0,0.25446,0,163.05,playing,37
165.0768,-2.4604,0,0,0.25446,0,166.33,playing,37
165.0929,-2.4604,0,0,0.26286,0,169.9,playing,37
165.1095,-2.4604,0,0,0.26286,0,173.74,playing,37
165.1256,-2.4604,0,0,0.26286,0,178.15,playing,37
165.1417,-2.4604,0,0,0.25884,0,182.57,playing,37
165.1578,-2.4604,0,0,0.25884,0,187.28,playing,37
165.1744,-1.5687,0,0,0.25884,0,192.27,playing,37
165.191,-1.5687,0,0,0.28752,0,197.89,playing,37
165.2071,-1.5687,0,0,0.28752,0,203.45,playing,37
165.2231,-1.1267,0,0,0.28562,0,209.31,playing,37
165.2406,-1.1267,0,0,0.28562,0,215.84,playing,37
165.2567,-0.3884,0,0,0.25485,0,222.69,playing,37
165.2733,-0.3884,0,0,0.25485,0,229.42,playing,37
165.2894,-0.3884,0,0,0.25485,0,236.89,playing,37
165.3064,0.1767,0,0,0.25884,0,244.21,playing,37
165.3235,0.1767,0,0,0.25884,0,252.29,playing,37
165.3416,0.1767,0,0,0.25884,0,260.7,playing,37
165.3581,-0.5093,0,0,0.28335,0,269.95,playing,37
165.3746,-0.5093,0,0,0.28335,0,279.01,playing,37
165.3913,-13.6897,1,0,0.26786,0,287.82,playing,37
165.4079,-13.6897,0,0,0.26786,0,281.51,playing,37
165.4244,-13.6897,0,0,0.26786,0,275.85,playing,37
165.441,-6.7659,0,0,0.18578,0,270.15,playing,37
165.4575,-6.7659,0,0,0.18578,0,265.08,playing,37
165.4736,-6.7659,0,0,0.16315,0,260.0,playing,37
165.4902,10.3831,0,0,0.16315,0,255.5,playing,37
165.5083,10.3831,0,0,0.16315,0,251.04,playing,37
165.5248,10.3729,0,0,0.16281,0,246.67,playing,37
165.5409,10.3729,0,0,0.16281,0,243.07,playing,37
165.5575,10.3729,0,0,0.15265,0,239.76,playing,37
165.5736,8.6636,0,0,0.15265,0,236.55,playing,37
165.5902,8.6636,0,0,0.15036,0,233.81,playing,37
165.6073,8.6636,0,0,0.15036,0,231.22,playing,37
165.6238,4.7714,0,0,0.15036,0,228.95,playing,37
165.6404,4.7714,0,0,0.15874,0,227.09,playing,37
165.6579,2.9027,0,0,0.15874,0,225.43,playing,37
165.674,2.9027,0,0,0.22703,1,224.09,playing,37
165.6901,2.9027,0,0,0.22703,0,223.12,playing,37
165.7056,1.0733,0,0,0.19138,0,222.42,playing,37
165.7222,1.0733,0,0,0.19138,0,222.01,playing,37
165.7377,1.0733,0,0,0.19138,0,221.87,playing,37
165.7538,-0.2908,0,0,0.21852,0,222.02,playing,37
165.7704,-0.2908,0,0,0.21852,0,222.45,playing,37
165.787,-0.2908,0,0,0.23199,0,223.23,playing,37
165.8035,-1.6555,0,0,0.23199,0,224.24,playing,37
165.8206,-1.6555,0,0,0.23199,0,225.63,playing,37
165.8374,-2.1341,0,0,0.22321,0,227.34,playing,37
165.8545,-2.1341,0,0,0.22321,0,229.37,playing,37
165.8715,-2.1341,0,0,0.26347,0,231.72,playing,37
165.8876,-1.8517,0,0,0.26347,0,234.38,playing,37
165.9037,-1.8517,0,0,0.23214,0,237.17,playing,37
165.92,-1.8517,0,0,0.23214,0,240.24,playing,37
165.9365,-1.6621,0,0,0.25421,0,243.59,playing,37
165.9531,-1.6621,0,0,0.25421,0,247.47,playing,37
165.9691,-1.6621,0,0,0.25421,0,251.4,playing,37
165.9852,-1.5566,0,0,0.23207,0,255.62,playing,37
166.0012,-1.5566,0,0,0.23207,0,260.11,playing,37
166.0178,-1.3776,0,0,0.23199,0,265.21,playing,37
166.0333,-1.6078,0,0,0.23199,0,270.29,playing,37
166.0504,-1.6078,0,0,0.23199,0,275.64,playing,37
166.0669,-8.3723,0,0,0.26786,0,281.65,playing,37
166.083,-8.3723,0,0,0.26786,0,287.59,playing,37
166.0986,-8.3723,0,0,0.24131,0,293.81,playing,37
166.1146,-13.0325,1,0,0.24131,0,300.32,playing,37
166.1312,-13.0325,0,0,0.23177,0,294.36,playing,37
166.1478,-13.0325,0,0,0.23177,0,288.35,playing,37
166.1644,-7.1928,0,0,0.23177,0,282.97,playing,37
166.1814,-7.1928,0,0,0.17168,0,277.57,playing,37
166.198,-2.5898,0,0,0.17168,0,272.49,playing,37
166.2136,-2.5898,0,0,0.16499,0,268.0,playing,37
166.2301,-2.5898,0,0,0.16499,0,263.78,playing,37
166.2466,14.0332,0,0,0.16499,0,259.85,playing,37
166.2637,14.0332,0,0,0.16552,0,255.78,playing,37
166.2797,14.0332,0,0,0.16552,0,252.44,playing,38
166.2958,11.3806,0,0,0.19385,0,249.39,playing,38
166.3114,11.3806,0,0,0.19385,0,246.61,playing,38
166.3279,11.3806,0,0,0.17562,0,244.12,playing,38
166.3447,8.5061,0,0,0.17562,0,241.91,playing,38
166.3612,8.5061,0,0,0.1605,0,239.88,playing,38
166.3783,6.2844,0,0,0.1605,0,238.17,playing,38
166.3949,4.5328,0,0,0.1605,0,236.78,playing,38
166.4104,4.5328,0,0,0.18093,0,235.75,playing,38
166.4275,2.4744,0,0,0.18093,0,235.0,playing,38
166.4441,2.4744,0,0,0.19719,0,234.52,playing,38
166.4601,2.4744,0,0,0.19719,0,234.35,playing,38
166.4767,1.0006,0,0,0.18881,0,234.49,playing,38
166.4927,1.0006,0,0,0.18881,0,234.9,playing,38
166.5088,1.0006,0,0,0.18881,0,235.6,playing,38
166.5249,-0.7748,0,0,0.19063,0,236.57,playing,38
166.5415,-0.7748,0,0,0.19063,0,237.83,playing,38
166.5585,-1.2807,0,0,0.18721,0,239.49,playing,38
166.5751,-1.2807,0,0,0.18721,0,241.46,playing,38
166.5907,-1.2807,0,0,0.23281,1,243.6,playing,38
166.6072,-1.9383,0,0,0.23281,0,246.02,playing,38
166.6249,-1.9383,0,0,0.23281,0,248.9,playing,38
166.6406,-1.9383,0,0,0.18826,0,252.11,playing,38
166.6577,-1.8064,0,0,0.18826,0,255.41,playing,38
166.6738,-1.8064,0,0,0.23783,0,259.23,playing,38
166.69,-1.8064,0,0,0.23783,0,263.11,playing,38
166.7055,-1.8064,0,0,0.23783,0,267.27,playing,38
166.7216,-1.8064,0,0,0.23783,0,271.72,playing,38
166.7383,-2.3328,0,0,0.27217,0,276.44,playing,38
166.7553,-2.1555,0,0,0.27217,0,281.78,playing,38
166.7714,-2.1555,0,0,0.27217,0,287.44,playing,38
166.7881,-1.5727,0,0,0.25946,0,293.04,playing,38
166.8036,-1.5727,0,0,0.25946,0,298.93,playing,38
166.8196,-1.5727,0,0,0.25047,0,305.1,playing,38
166.8357,-16.9115,1,0,0.25047,0,311.54,playing,38
166.8523,-16.9115,0,0,0.25047,0,305.59,playing,38
166.8687,-16.9115,0,0,0.25047,0,299.57,playing,38
166.8853,-9.8728,0,0,0.25908,0,294.2,playing,38
166.9023,-9.8728,0,0,0.25908,0,288.8,playing,38
166.9194,9.3045,0,0,0.19772,0,283.72,playing,38
166.9355,9.3045,0,0,0.19772,0,278.96,playing,38
166.9516,9.3045,0,0,0.15494,0,274.76,playing,38
166.9682,9.6362,0,0,0.15494,0,270.85,playing,38
166.9848,9.6362,0,0,0.15494,0,267.0,playing,38
167.0014,9.6362,0,0,0.19161,0,263.67,playing,38
167.018,7.3473,0,0,0.19161,0,260.44,playing,38
167.034,7.3473,0,0,0.17973,0,257.69,playing,38
167.0497,7.3473,0,0,0.17973,0,255.21,playing,38
167.0668,3.9508,0,0,0.15268,0,253.02,playing,38
167.0834,3.9508,0,0,0.15268,0,250.91,playing,38
167.1005,2.2214,0,0,0.15268,0,249.32,playing,38
167.1171,2.2214,0,0,0.17347,0,247.94,playing,38
167.1331,2.2214,0,0,0.17347,0,246.93,playing,38
167.1487,0.3123,0,0,0.1825,0,246.2,playing,38
167.1652,0.3123,0,0,0.1825,0,245.75,playing,38
167.1823,0.3123,0,0,0.24092,1,245.59,playing,38
167.1989,-0.2632,0,0,0.24092,0,245.75,playing,38
167.215,-0.2632,0,0,0.24092,0,246.18,playing,38
167.2305,-0.2632,0,0,0.21791,0,246.89,playing,38
167.2471,-0.8821,0,0,0.21791,0,247.88,playing,38
167.2627,-0.8821,0,0,0.25583,0,249.16,playing,38
167.2792,-1.0787,0,0,0.25583,0,250.71,playing,38
167.2959,-1.0787,0,0,0.25583,0,252.69,playing,38
167.3115,-1.0787,0,0,0.22207,0,254.82,playing,38
167.3285,-1.1621,0,0,0.22207,0,257.24,playing,38
167.3456,-1.1621,0,0,0.25,0,260.13,playing,38
167.3617,-1.1621,0,0,0.25,0,263.34,playing,38
167.3783,-1.0646,0,0,0.19292,0,266.64,playing,38
167.3943,-1.0646,0,0,0.19292,0,270.46,playing,38
167.4104,-1.0646,0,0,0.19292,0,274.34,playing,38
167.427,-0.8186,0,0,0.24594,0,278.5,playing,38
167.443,-0.8186,0,0,0.24594,0,282.94,playing,38
167.4587,-0.8186,0,0,0.24594,0,287.67,playing,38
167.4753,-1.1834,0,0,0.27293,0,292.68,playing,38
167.492,-1.1834,0,0,0.27293,0,298.31,playing,38
167.5081,-14.8207,1,0,0.27293,0,303.9,playing,38
167.5241,-14.8207,0,0,0.24138,0,297.94,playing,38
167.5402,-14.8207,0,0,0.24138,0,292.27,playing,38
167.5568,-10.7943,0,0,0.24138,0,286.55,playing,38
167.5729,-10.7943,0,0,0.26075,0,281.46,playing,38
167.5896,-10.7943,0,0,0.26075,0,276.64,playing,38
167.6067,6.6935,0,0,0.26075,0,271.84,playing,38
167.6242,6.6935,0,0,0.21007,0,267.12,playing,38
167.6413,6.6935,0,0,0.21007,0,262.98,playing,38
167.6578,6.6935,0,0,0.20158,0,259.15,playing,38
167.6744,6.6935,0,0,0.20158,0,255.83,playing,38
167.6911,6.4524,0,0,0.20158,0,252.63,playing,38
167.7066,6.4524,0,0,0.16308,0,249.89,playing,38
167.7226,6.4524,0,0,0.16308,0,247.43,playing,38
167.7392,4.4969,0,0,0.19229,0,245.26,playing,38
167.7562,4.4969,0,0,0.19229,0,243.27,playing,38
167.7733,3.3078,0,0,0.19229,0,241.59,dead,38
167.7899,3.3078,0,0,0.24505,1,240.23,dead,38
167.8054,3.3078,0,0,0.24505,0,239.24,dead,38
167.8225,0.7134,0,0,0.21259,0,238.53,dead,38
167.8391,0.7134,0,0,0.21259,0,238.09,dead,38
167.8546,0.7134,0,0,0.21259,0,237.95,dead,38
167.8707,-0.0075,0,0,0.26371,0,238.1,dead,38
167.8867,-0.0075,0,0,0.26371,0,238.53,dead,38
167.9033,-0.0075,0,0,0.2548,0,239.24,dead,38
167.9203,-0.7193,0,0,0.2548,0,240.32,dead,38
167.9369,-0.7193,0,0,0.2548,0,241.71,dead,38
167.9535,-1.4851,0,0,0.24678,0,243.3,dead,38
167.9701,-1.4851,0,0,0.24678,0,245.31,dead,38
167.9872,-1.4851,0,0,0.24678,0,247.64,dead,38
168.0038,-1.8269,0,0,0.24497,0,250.28,dead,38
168.0203,-1.8269,0,0,0.24497,0,253.06,dead,38
168.0366,-1.8269,0,0,0.2327,0,256.32,dead,38
168.0534,-1.129,0,0,0.2327,0,259.67,dead,38
168.0703,-1.129,0,0,0.24066,0,263.55,dead,38
168.0869,-1.129,0,0,0.24066,0,267.75,dead,38
168.103,-1.0266,0,0,0.28562,0,271.98,dead,38
168.1191,-1.0266,0,0,0.28562,0,276.49,dead,38
168.1347,-0.8122,0,0,0.28562,0,281.29,dead,38
168.1513,-0.8122,0,0,0.27306,0,286.36,dead,38
168.1678,-0.8122,0,0,0.27306,0,292.08,dead,38
168.1835,-0.1179,0,0,0.25119,0,297.73,dead,38
168.1996,-0.1179,0,0,0.25119,0,303.67,dead,38
168.2177,-0.1179,0,0,0.25119,0,309.89,dead,38
168.2343,-0.5926,0,0,0.2684,0,317.25,dead,38
168.2509,-0.5926,0,0,0.2684,0,324.51,dead,38
168.267,-0.5926,0,0,0.24229,0,331.63,dead,38
168.2825,-14.3267,1,0,0.24229,0,339.03,dead,38
168.2991,-14.3267,0,0,0.24229,0,285.0,playing,0
168.3151,-8.7274,0,0,0.2543,0,279.04,playing,0
168.3318,-8.7274,0,0,0.2543,0,273.03,playing,0
168.348,-8.7274,0,0,0.15654,0,267.65,playing,0
168.3635,1.8229,0,0,0.15654,0,262.56,playing,0
168.3801,1.8229,0,0,0.15654,0,257.74,playing,0
168.3966,1.8229,0,0,0.1611,0,253.21,playing,0
168.4132,10.7222,0,0,0.1611,0,248.71,playing,0
168.4297,10.7222,0,0,0.1611,0,244.53,playing,0
168.4468,10.7222,0,0,0.1563,0,240.67,playing,0
168.4634,8.5924,0,0,0.1563,0,237.31,playing,0
168.48,8.5924,0,0,0.15562,0,234.07,playing,0
168.4956,3.4742,0,0,0.15562,0,231.3,playing,0
168.5117,3.4742,0,0,0.18022,0,228.8,playing,0
168.5278,3.4742,0,0,0.18022,0,226.59,playing,0
168.5438,2.3101,0,0,0.18022,0,224.67,playing,0
168.5599,2.3101,0,0,0.16752,0,223.02,playing,0
168.5764,2.3101,0,0,0.16752,0,221.66,playing,0
168.593,1.423,0,0,0.16752,1,220.52,playing,0
168.6101,1.423,0,0,0.22359,0,219.71,playing,0
168.6261,1.423,0,0,0.22359,0,219.22,playing,0
168.6422,-0.0397,0,0,0.21107,0,219.02,playing,0
168.6588,-0.0397,0,0,0.21107,0,219.12,playing,0
168.6747,-0.0397,0,0,0.21107,0,219.5,playing,0
168.6912,-0.0397,0,0,0.21107,0,220.16,playing,0
168.7083,-0.0397,0,0,0.21107,0,221.18,playing,0
168.7253,-1.5681,0,0,0.26807,0,222.51,playing,0
168.7419,-1.5681,0,0,0.26807,0,224.17,playing,0
168.7579,-1.5681,0,0,0.25446,0,226.01,playing,0
168.774,-1.8823,0,0,0.25446,0,228.13,playing,0
168.7902,-1.8823,0,0,0.24587,0,230.53,playing,0
168.8062,-1.8823,0,0,0.24587,0,233.21,playing,0
168.8248,-1.8593,0,0,0.24587,0,236.38,playing,0
168.8414,-1.8593,0,0,0.22284,0,240.09,playing,0
168.8585,-1.6311,0,0,0.22284,0,243.92,playing,0
168.875,-1.6311,0,0,0.25055,0,248.06,playing,0
168.8911,-1.6311,0,0,0.25055,0,252.24,playing,0
168.9082,-1.5268,0,0,0.2724,0,256.99,playing,0
168.9252,-1.5268,0,0,0.2724,0,262.07,playing,0
168.9418,-1.5268,0,0,0.26347,0,267.46,playing,0
168.9579,-0.9238,0,0,0.26347,0,272.82,playing,0
168.9739,-0.9238,0,0,0.26347,0,278.46,playing,0
168.9905,-4.7935,0,0,0.26347,0,284.77,playing,0
169.0071,-4.7935,0,0,0.26347,0,290.99,playing,0
169.0226,-4.7935,0,0,0.2734,0,297.5,playing,0
169.0387,-9.1657,1,0,0.2734,0,304.28,playing,0
169.0547,-9.1657,0,0,0.27661,0,298.32,playing,0
169.0708,-9.1657,0,0,0.27661,0,292.64,playing,0
169.0869,3.575,0,0,0.27661,0,287.25,playing,0
169.103,3.575,0,0,0.24992,0,282.14,playing,0
169.119,3.575,0,0,0.24992,0,277.3,playing,0
169.1346,9.5924,0,0,0.18101,0,272.75,playing,0
169.1507,9.5924,0,0,0.18101,0,268.48,playing,0
169.1667,9.5924,0,0,0.18101,0,264.5,playing,0
169.1828,6.1954,0,0,0.16644,0,260.79,playing,0
169.1993,6.1954,0,0,0.16644,0,257.37,playing,0
169.2164,4.1185,0,0,0.14916,0,254.05,playing,0
169.2324,4.1185,0,0,0.14916,0,251.05,playing,0
169.2485,4.1185,0,0,0.14916,0,248.5,playing,0
169.2651,1.6256,0,0,0.18842,0,246.24,playing,0
169.2806,1.6256,0,0,0.18842,0,244.26,playing,0
169.2967,1.6256,0,0,0.189,0,242.56,playing,0
169.3128,1.0494,0,0,0.189,0,241.14,playing,0
169.3288,1.0494,0,0,0.23206,1,240.01,playing,0
169.3449,1.0494,0,0,0.23206,0,239.15,playing,0
169.3609,0.4652,0,0,0.23206,0,238.58,playing,0
169.377,0.4652,0,0,0.23206,0,238.29,playing,0
169.3931,-0.0216,0,0,0.23206,0,238.28,playing,0
169.4092,-0.6131,0,0,0.2496,0,238.55,playing,0
169.4262,-0.6131,0,0,0.2496,0,239.16,playing,0
169.4428,-0.8827,0,0,0.2496,0,240.08,playing,0
169.4584,-0.8827,0,0,0.25876,0,241.23,playing,0
169.475,-0.8827,0,0,0.25876,0,242.67,playing,0
169.4911,-0.8655,0,0,0.25876,0,244.38,playing,0
169.5082,-0.8655,0,0,0.25876,0,246.52,playing,0
169.5248,-0.8655,0,0,0.27778,0,248.98,playing,0
169.5409,-0.8655,0,0,0.27778,0,251.58,playing,0
169.5569,-0.8655,0,0,0.25908,0,254.45,playing,0
169.573,-1.313,0,0,0.25908,0,257.61,playing,0
169.5896,-1.5263,0,0,0.24227,0,261.05,playing,0
169.6056,-1.5263,0,0,0.24227,0,265.02,playing,0
169.6226,-0.8926,0,0,0.24227,0,269.04,playing,0
169.6394,-0.8926,0,0,0.27816,0,273.63,playing,0
169.6564,-0.8926,0,0,0.27816,0,278.54,playing,0
169.6725,-0.8926,0,0,0.25876,0,283.77,playing,0
169.6892,-0.8926,0,0,0.25876,0,288.97,playing,0
169.7062,-0.8926,0,0,0.25876,0,294.81,playing,0
169.7228,-0.8926,0,0,0.25876,0,300.97,playing,0
169.7399,-0.8926,0,0,0.25876,0,307.05,playing,0
169.7574,-6.0489,1,0,0.24983,0,314.25,playing,0
169.7744,-6.0489,0,0,0.24983,0,307.94,playing,0
169.7905,-6.0489,0,0,0.26338,0,301.94,playing,0
169.8066,8.0509,0,0,0.26338,0,296.58,playing,0
169.8226,8.0509,0,0,0.1796,0,291.5,playing,0
169.8387,8.0509,0,0,0.1796,0,286.71,playing,0
169.8552,9.6668,0,0,0.1796,0,282.19,playing,0
169.8718,9.6668,0,0,0.15925,0,277.71,playing,0
169.8884,7.0314,0,0,0.15925,0,273.78,playing,0
169.9044,7.0314,0,0,0.19786,0,269.92,playing,0
169.9214,7.0314,0,0,0.19786,0,266.56,playing,0
169.9381,3.3736,0,0,0.15698,0,263.32,playing,0
169.9553,3.3736,0,0,0.15698,0,260.39,playing,0
169.9719,3.3736,0,0,0.15698,0,257.78,playing,0
169.9875,1.6848,0,0,0.20949,1,255.61,playing,0
170.0045,1.6848,0,0,0.20949,0,253.71,playing,0
170.0215,1.6848,0,0,0.22802,0,252.02,playing,0
170.0381,1.6848,0,0,0.22802,0,250.64,playing,0
170.0552,1.6848,0,0,0.22802,0,249.59,playing,0
170.0717,-0.4874,0,0,0.25455,0,248.85,playing,0
170.0883,-0.4874,0,0,0.25455,0,248.43,playing,0
170.1053,-0.4874,0,0,0.25974,0,248.31,playing,0
170.1224,-1.231,0,0,0.25974,0,248.51,playing,0
170.1385,-1.231,0,0,0.24984,0,249.02,playing,0
170.1555,-1.231,0,0,0.24984,0,249.78,playing,0
170.1721,-1.7258,0,0,0.241,0,250.91,playing,0
170.1892,-1.7258,0,0,0.241,0,252.36,playing,0
170.2058,-1.3285,0,0,0.241,0,254.13,playing,0
170.2224,-1.3285,0,0,0.24984,0,256.07,playing,0
170.2394,-1.3285,0,0,0.24984,0,258.46,playing,0
170.2563,-1.2266,0,0,0.25047,0,261.16,playing,0
170.2728,-1.2266,0,0,0.25047,0,264.18,playing,0
170.2887,-1.2266,0,0,0.2562,0,267.3,playing,0
170.3053,-1.3124,0,0,0.2562,0,270.71,playing,0
170.3219,-1.3124,0,0,0.2562,0,274.64,playing,0
170.3381,-1.2693,0,0,0.2724,0,278.63,playing,0
170.3552,-1.2693,0,0,0.2724,0,283.18,playing,0
170.3718,-1.2693,0,0,0.30535,0,288.05,playing,0
170.3881,-5.2161,0,0,0.30535,0,292.92,playing,0
170.4042,-5.2161,0,0,0.30535,0,298.06,playing,0
170.4208,-5.2161,0,0,0.30535,0,303.85,playing,0
170.4374,-14.9999,1,0,0.30535,0,309.58,playing,0
170.454,-14.9999,0,0,0.25581,0,303.27,playing,0
170.4696,-14.9999,0,0,0.25581,0,297.61,playing,0
170.4866,-8.4011,0,0,0.27153,0,292.23,playing,0
170.5031,-8.4011,0,0,0.27153,0,286.83,playing,0
170.5207,9.3551,0,0,0.27153,0,281.75,playing,0
170.5383,9.3551,0,0,0.27836,0,276.73,playing,0
170.5549,9.3551,0,0,0.27836,0,272.31,playing,0
170.5704,7.9308,0,0,0.13617,0,268.43,playing,0
170.5865,7.9308,0,0,0.13617,0,264.83,playing,0
170.6035,7.9308,0,0,0.14639,0,261.51,playing,0
170.6196,4.011,0,0,0.14639,0,258.3,playing,0
170.6367,4.011,0,0,0.14639,0,255.57,playing,0
170.6528,2.8078,0,0,0.14373,0,252.97,playing,0
170.6688,2.8078,0,0,0.14373,0,250.82,playing,0
170.6854,2.8078,0,0,0.20576,1,248.94,playing,0
170.7025,0.8464,0,0,0.20576,0,247.27,playing,0
170.7186,0.8464,0,0,0.20576,0,245.91,playing,0
170.7357,0.8464,0,0,0.25489,0,244.92,playing,0
170.7518,0.1215,0,0,0.25489,0,244.18,playing,1
170.7683,0.1215,0,0,0.25489,0,243.76,playing,1
170.7854,0.1215,0,0,0.23636,0,243.64,playing,1
170.8019,-0.2706,0,0,0.23636,0,243.84,playing,1
170.8185,-0.2706,0,0,0.23636,0,244.3,playing,1
170.8346,-0.7195,0,0,0.23636,0,245.11,playing,1
170.8506,-0.7195,0,0,0.24561,0,246.16,playing,1
170.8667,-0.7195,0,0,0.24561,0,247.49,playing,1
170.8828,-0.8979,0,0,0.24561,0,249.1,playing,1
170.8993,-1.1357,0,0,0.25446,0,250.99,playing,1
170.9154,-1.1357,0,0,0.25446,0,253.32,playing,1
170.9319,-0.6849,0,0,0.27825,0,255.79,playing,1
170.948,-0.6849,0,0,0.27825,0,258.54,playing,1
170.9645,-0.6849,0,0,0.27825,0,261.58,playing,1
170.9811,-0.1974,0,0,0.28627,0,265.12,playing,1
170.9972,-0.1974,0,0,0.28627,0,268.74,playing,1
171.0143,-0.4635,0,0,0.28627,0,272.9,playing,1
171.0309,-0.4635,0,0,0.23204,0,277.37,playing,1
171.0475,-0.4635,0,0,0.23204,0,281.87,playing,1
171.0641,-2.6752,0,0,0.23204,0,286.96,playing,1
171.0806,-17.8224,1,0,0.2594,0,292.38,playing,1
171.0972,-17.8224,0,0,0.2594,0,286.42,playing,1
171.1137,-9.8299,0,0,0.28175,0,280.41,playing,1
171.1298,-9.8299,0,0,0.28175,0,275.03,playing,1
171.1463,-9.8299,0,0,0.28175,0,269.93,playing,1
171.1629,10.475,0,0,0.17012,0,264.84,playing,1
171.1785,10.475,0,0,0.17012,0,260.32,playing,1
171.1951,10.475,0,0,0.17012,0,256.09,playing,1
171.2111,10.475,0,0,0.15697,0,252.13,playing,1
171.2267,10.475,0,0,0.15697,0,248.46,playing,1
171.2432,11.611,0,0,0.15697,0,245.08,playing,1
171.2598,11.611,0,0,0.1348,0,241.79,playing,1
171.2758,11.611,0,0,0.1348,0,238.99,playing,1
171.2929,5.8113,0,0,0.1348,0,236.46,playing,1
171.31,5.8113,0,0,0.15111,0,233.97,playing,1
171.326,5.8113,0,0,0.15111,0,232.04,playing,1
171.3416,2.2037,0,0,0.15111,0,230.4,playing,1
171.3577,2.2037,0,0,0.11817,0,229.03,playing,1
171.3742,0.3687,0,0,0.11817,0,227.95,playing,1
171.3908,0.3687,0,0,0.2452,1,227.12,playing,1
171.4074,0.3687,0,0,0.2452,0,226.62,playing,1
171.424,-0.5498,0,0,0.2452,0,226.4,playing,1
171.44,-0.5498,0,0,0.21715,0,226.48,playing,1
171.4556,-0.5498,0,0,0.21715,0,226.84,playing,1
171.4717,-0.4754,0,0,0.21715,0,227.48,playing,1
171.4889,-0.4754,0,0,0.21715,0,228.4,playing,1
171.5064,-0.4754,0,0,0.23635,0,229.8,playing,1
171.5234,-0.6695,0,0,0.23635,0,231.43,playing,1
171.54,-0.6695,0,0,0.23635,0,233.39,playing,1
171.5565,-1.1739,0,0,0.24099,0,235.66,playing,1
171.5736,-1.1739,0,0,0.24099,0,238.08,playing,1
171.5902,-1.1739,0,0,0.25055,0,240.96,playing,1
171.6073,-1.2525,0,0,0.25055,0,244.17,playing,1
171.6238,-1.2525,0,0,0.25055,0,247.7,playing,1
171.6399,-1.2525,0,0,0.27738,0,251.29,playing,1
171.6554,-1.4123,0,0,0.27738,0,255.17,playing,1
171.6715,-1.4123,0,0,0.27738,0,259.34,playing,1
171.6886,-3.539,0,0,0.26469,0,263.78,playing,1
171.7052,-9.4316,0,0,0.26469,0,268.82,playing,1
171.7218,-9.4316,0,0,0.26469,0,274.17,playing,1
171.7378,-14.8299,1,0,0.26469,0,279.5,playing,1
171.7539,-14.8299,0,0,0.23269,0,273.54,playing,1
171.7694,-14.8299,0,0,0.23269,0,267.86,playing,1
171.7865,-9.7826,0,0,0.23269,0,262.47,playing,1
171.8031,-9.7826,0,0,0.23629,0,257.05,playing,1
171.8196,-9.7826,0,0,0.23629,0,252.24,playing,1
171.8358,6.754,0,0,0.23629,0,247.44,playing,1
171.8523,6.754,0,0,0.16234,0,243.21,playing,1
171.8689,6.754,0,0,0.16234,0,239.03,playing,1
171.885,6.3218,0,0,0.16234,0,235.37,playing,1
171.901,6.3218,0,0,0.16234,0,232.0,playing,1
171.9177,6.5659,0,0,0.14552,0,228.91,playing,1
171.9341,6.5659,0,0,0.14552,0,225.95,playing,1
171.9497,6.5659,0,0,0.14552,0,223.44,playing,1
171.9658,5.9554,0,0,0.14743,0,221.21,playing,1
171.9819,5.9554,0,0,0.14743,0,219.27,playing,1
171.9984,5.9554,0,0,0.14743,0,217.6,playing,1
172.0145,4.3325,0,0,0.23559,1,216.15,playing,1
172.0306,4.3325,0,0,0.23559,0,215.07,playing,1
172.0466,4.3325,0,0,0.23559,0,214.27,playing,1
172.0627,2.3789,0,0,0.23559,0,213.75,playing,1
172.0793,2.3789,0,0,0.23659,0,213.51,playing,1
172.0954,1.0543,0,0,0.23659,0,213.57,playing,1
172.1125,1.0543,0,0,0.23659,0,213.92,playing,1
172.1286,1.0543,0,0,0.24092,0,214.6,playing,1
172.1452,-0.5486,0,0,0.24092,0,215.52,playing,1
172.1627,-0.5486,0,0,0.24092,0,216.82,playing,1
172.1788,-0.5486,0,0,0.22807,0,218.44,playing,1
172.1949,-0.7997,0,0,0.22807,0,220.24,playing,1
172.2109,-0.7997,0,0,0.22807,0,222.32,playing,1
172.2265,-0.7997,0,0,0.25944,0,224.69,playing,1
172.243,-1.2323,0,0,0.25944,0,227.34,playing,1
172.2591,-1.2323,0,0,0.25944,0,230.27,playing,1
172.2751,-1.2323,0,0,0.30016,0,233.48,playing,1
172.2922,-1.2323,0,0,0.30016,0,237.21,playing,1
172.3094,-1.2323,0,0,0.30016,0,241.26,playing,1
172.3264,-13.1073,1,0,0.26349,0,245.62,playing,1
172.3431,-13.1073,0,0,0.26349,0,239.31,playing,1
172.3586,-13.1073,0,0,0.26349,0,233.65,playing,1
172.3757,-13.1073,0,0,0.25876,0,228.27,playing,1
172.3918,-13.1073,0,0,0.25876,0,222.88,playing,1
172.4083,-13.1073,0,0,0.25876,0,218.08,playing,1
172.4254,7.5577,0,0,0.17881,0,213.3,playing,1
172.442,7.5577,0,0,0.17881,0,208.84,playing,1
172.4585,7.3526,0,0,0.17881,0,204.92,playing,1
172.4751,7.3526,0,0,0.1644,0,201.08,playing,1
172.4922,7.3526,0,0,0.1644,0,197.56,playing,1
172.5085,5.6293,0,0,0.1644,0,194.35,playing,1
172.5266,5.6293,0,0,0.1644,0,191.61,playing,1
172.5433,5.6293,0,0,0.15169,0,188.89,playing,1
172.5598,4.2654,0,0,0.15169,0,186.63,playing,1
172.5761,4.2654,0,0,0.15169,0,184.79,playing,1
172.5925,1.5838,0,0,0.15169,0,183.16,playing,2
172.6089,1.5838,0,0,0.20242,0,181.9,playing,2
172.625,1.5838,0,0,0.20242,0,180.92,playing,2
172.6405,-0.2593,0,0,0.20242,0,180.22,playing,2
172.6569,-0.2593,0,0,0.2067,1,179.81,playing,2
172.6729,-0.2593,0,0,0.2067,0,179.68,playing,2
172.6895,-1.0089,0,0,0.2067,0,179.82,playing,2
172.7061,-1.0089,0,0,0.24166,0,180.3,playing,2
172.7232,-0.7055,0,0,0.24166,0,181.09,playing,2
172.7397,-1.3106,0,0,0.24166,0,182.21,playing,2
172.7568,-1.3106,0,0,0.22273,0,183.53,playing,2
172.7734,-1.4768,0,0,0.22273,0,185.26,playing,2
172.7895,-1.4768,0,0,0.22273,0,187.31,playing,2
172.8063,-1.4768,0,0,0.22273,0,189.52,playing,2
172.8216,-1.8113,0,0,0.22273,0,192.01,playing,2
172.8383,-1.8113,0,0,0.24529,0,194.78,playing,2
172.8554,-1.8113,0,0,0.24529,0,198.04,playing,2
172.8716,-1.6616,0,0,0.24529,0,201.62,playing,2
172.8878,-1.6616,0,0,0.24529,0,205.27,playing,2
172.9033,-1.5159,0,0,0.27242,0,209.2,playing,2
172.9199,-1.5159,0,0,0.27242,0,213.42,playing,2
172.9359,-1.5159,0,0,0.27242,0,217.92,playing,2
172.952,-12.7644,1,0,0.27242,0,222.69,playing,2
172.9682,-12.7644,0,0,0.26786,0,216.73,playing,2
172.9848,-12.7644,0,0,0.26786,0,210.72,playing,2
173.0009,-7.9935,0,0,0.26786,0,205.34,playing,2
173.017,-7.9935,0,0,0.26786,0,200.25,playing,2
173.0331,-7.9935,0,0,0.17302,0,195.43,playing,2
173.0486,9.4506,0,0,0.17302,0,190.9,playing,2
173.0652,9.4506,0,0,0.17302,0,186.65,playing,2
173.0818,9.4506,0,0,0.13937,0,182.45,playing,2
173.0979,11.2262,0,0,0.13937,0,178.78,playing,2
173.114,11.2262,0,0,0.13937,0,175.39,playing,2
173.1307,8.7761,0,0,0.13937,0,172.28,playing,2
173.1468,8.7761,0,0,0.18711,0,169.3,playing,2
173.1628,8.7761,0,0,0.18711,0,166.77,playing,2
173.1791,6.2864,0,0,0.18711,0,164.53,playing,2
173.1957,6.2864,0,0,0.18711,0,162.46,playing,2
173.2122,6.2864,0,0,0.13516,0,160.8,playing,2
173.2293,3.3732,0,0,0.13516,0,159.35,playing,2
173.2464,3.3732,0,0,0.13516,0,158.22,playing,2
173.2645,1.7021,0,0,0.21811,1,157.4,playing,2
173.2806,0.7024,0,0,0.21811,0,156.9,playing,2
173.2967,0.7024,0,0,0.21811,0,156.73,playing,2
173.3132,0.7024,0,0,0.21811,0,156.84,playing,2
173.3293,0.7024,0,0,0.20207,0,157.28,playing,2
173.3464,0.7024,0,0,0.20207,0,157.97,playing,2
173.3625,-1.3882,0,0,0.20207,0,159.03,playing,2
173.3791,-1.3882,0,0,0.19954,0,160.31,playing,2
173.3957,-1.3882,0,0,0.19954,0,161.98,playing,2
173.4118,-2.2773,0,0,0.19954,0,163.83,playing,2
173.4279,-2.2773,0,0,0.19954,0,165.97,playing,2
173.445,-1.4207,0,0,0.22388,0,168.56,playing,2
173.4605,-1.4207,0,0,0.22388,0,171.28,playing,2
173.4771,-1.4207,0,0,0.22388,0,174.28,playing,2
173.4928,-1.7309,0,0,0.22874,0,177.56,playing,2
173.5094,-1.7309,0,0,0.22874,0,181.12,playing,2
173.5254,-1.7309,0,0,0.22874,0,185.23,playing,2
173.5425,-2.907,0,0,0.26864,0,189.37,playing,2
173.5586,-2.907,0,0,0.26864,0,194.09,playing,2
173.5757,-2.907,0,0,0.26864,0,198.82,playing,2
173.5922,-6.6665,0,0,0.23799,0,204.16,playing,2
173.6088,-6.6665,0,0,0.23799,0,209.81,playing,2
173.6256,-10.9453,1,0,0.23799,0,215.42,playing,2
173.6417,-10.9453,0,0,0.25114,0,209.1,playing,2
173.6578,-10.9453,0,0,0.25114,0,203.44,playing,2
173.6743,-4.9997,0,0,0.25114,0,198.07,playing,2
173.6915,-4.9997,0,0,0.23781,0,192.67,playing,2
173.7079,-4.9997,0,0,0.23781,0,187.59,playing,2
173.7244,11.9855,0,0,0.23781,0,183.1,playing,2
173.7415,11.9855,0,0,0.16999,0,178.64,playing,2
173.758,11.9855,0,0,0.16999,0,174.49,playing,2
173.7747,9.7567,0,0,0.16999,0,170.67,playing,2
173.7908,9.7567,0,0,0.16156,0,167.35,playing,2
173.8076,9.7567,0,0,0.16156,0,164.31,playing,2
173.8236,4.9754,0,0,0.16156,0,161.4,playing,2
173.8402,4.9754,0,0,0.15713,0,158.95,playing,2
173.8573,3.3335,0,0,0.15713,0,156.66,playing,2
173.8744,3.3335,0,0,0.15713,0,154.68,playing,2
173.8916,3.3335,0,0,0.23209,1,153.03,playing,2
173.9081,2.282,0,0,0.23209,0,151.69,playing,2
173.9242,2.282,0,0,0.23209,0,150.71,playing,2
173.9408,-0.0214,0,0,0.2654,0,149.99,playing,2
173.9568,-0.0214,0,0,0.2654,0,149.59,playing,2
173.9729,-0.0214,0,0,0.2654,0,149.48,playing,2
173.9895,-0.5658,0,0,0.26428,0,149.64,playing,2
174.0061,-0.5658,0,0,0.26428,0,150.14,playing,2
174.0226,-0.5658,0,0,0.26428,0,150.89,playing,2
174.0391,-1.2353,0,0,0.25885,0,152.0,playing,2
174.0552,-1.2353,0,0,0.25885,0,153.33,playing,2
174.0714,-1.2353,0,0,0.25885,0,154.94,playing,2
174.088,-0.8849,0,0,0.27957,0,156.96,playing,2
174.1036,-0.8849,0,0,0.27957,0,159.15,playing,2
174.1201,-1.4567,0,0,0.27957,0,161.63,playing,2
174.1362,-1.4567,0,0,0.25893,0,164.38,playing,2
174.1533,-1.4567,0,0,0.25893,0,167.62,playing,2
174.17,-1.0758,0,0,0.25893,0,171.18,playing,2
174.1861,-1.0758,0,0,0.2836,0,174.82,playing,2
174.2031,-1.0758,0,0,0.2836,0,179.0,playing,2
174.2196,-1.5409,0,0,0.2836,0,183.49,playing,2
174.2363,-1.5409,0,0,0.25932,0,188.01,playing,2
174.2525,-1.5409,0,0,0.25932,0,193.12,playing,2
174.2686,-4.2078,0,0,0.25932,0,198.22,playing,2
174.2847,-4.2078,0,0,0.28562,0,203.59,playing,2
174.3013,-10.6302,1,0,0.28562,0,209.25,playing,2
174.3179,-10.6302,0,0,0.28562,0,202.94,playing,2
174.3344,-10.6302,0,0,0.28562,0,197.28,playing,2
174.3511,-4.7131,0,0,0.28562,0,191.58,playing,2
174.3677,-4.7131,0,0,0.28562,0,186.21,playing,2
174.3843,-4.7131,0,0,0.2946,0,181.43,playing,2
174.401,6.1345,0,0,0.2946,0,176.67,playing,2
174.4166,6.1345,0,0,0.2946,0,172.47,playing,2
174.4326,6.1345,0,0,0.16031,0,168.55,playing,3
174.4487,12.2857,0,0,0.16031,0,164.92,playing,3
174.4647,12.2857,0,0,0.16031,0,161.56,playing,3
174.4808,8.3841,0,0,0.12858,0,158.49,playing,3
174.4965,8.3841,0,0,0.12858,0,155.7,playing,3
174.5129,8.3841,0,0,0.12858,0,153.19,playing,3
174.5295,5.9938,0,0,0.15682,0,150.96,playing,3
174.5455,5.9938,0,0,0.15682,0,148.92,playing,3
174.5625,5.9938,0,0,0.15682,0,147.27,playing,3
174.5787,3.7957,0,0,0.15974,0,145.84,playing,3
174.5948,3.7957,0,0,0.15974,0,144.77,playing,3
174.6109,3.7957,0,0,0.15974,0,143.99,playing,3
174.627,0.4724,0,0,0.20038,0,143.49,playing,3
174.6431,0.4724,0,0,0.20038,0,143.26,playing,3
174.6591,-0.6637,0,0,0.20038,0,143.33,playing,3
174.6752,-0.6637,0,0,0.24968,1,143.67,playing,3
174.6922,-0.6637,0,0,0.24968,0,144.35,playing,3
174.7093,-1.3429,0,0,0.24968,0,145.35,playing,3
174.7264,-1.3429,0,0,0.24983,0,146.67,playing,3
174.7425,-1.3429,0,0,0.24983,0,148.3,playing,3
174.7591,-1.8329,0,0,0.24983,0,150.12,playing,3
174.7751,-1.8329,0,0,0.26778,0,152.23,playing,3
174.7913,-1.8329,0,0,0.26778,0,154.61,playing,3
174.8074,-1.7776,0,0,0.26778,0,157.46,playing,3
174.8244,-1.7776,0,0,0.26778,0,160.42,playing,3
174.8416,-1.8232,0,0,0.26347,0,163.89,playing,3
174.8582,-1.9813,0,0,0.26347,0,167.68,playing,3
174.8748,-1.9813,0,0,0.26347,0,171.78,playing,3
174.8909,-2.1595,0,0,0.26347,0,175.93,playing,3
174.9073,-2.1595,0,0,0.26347,0,180.35,playing,3
174.9237,-2.1595,0,0,0.26003,0,185.37,playing,3
174.9396,-2.0678,0,0,0.26003,0,190.38,playing,3
174.9563,-2.0678,0,0,0.26003,0,195.67,playing,3
174.9727,-2.0678,0,0,0.25446,0,201.6,playing,3
174.9888,-3.8578,0,0,0.25446,0,207.47,playing,3
175.0054,-3.8578,0,0,0.25446,0,213.62,playing,3
175.0233,-16.2904,1,0,0.25446,0,220.48,playing,3
175.0398,-16.2904,0,0,0.25,0,213.81,playing,3
175.0566,-16.2904,0,0,0.25,0,208.17,playing,3
175.0727,-6.5751,0,0,0.25,0,202.49,playing,3
175.0895,-6.5751,0,0,0.27768,0,197.43,playing,3
175.106,-6.5751,0,0,0.27768,0,192.37,playing,3
175.122,4.2428,0,0,0.27768,0,187.89,playing,3
175.1381,4.2428,0,0,0.27768,0,183.7,playing,3
175.1548,12.2953,0,0,0.3014,0,179.55,playing,3
175.1709,12.2397,0,0,0.3014,0,175.93,playing,3
175.187,12.2397,0,0,0.3014,0,172.6,playing,3
175.2036,12.2397,0,0,0.16188,0,169.54,playing,3
175.2197,12.2397,0,0,0.16188,0,166.62,playing,3
175.2368,12.2397,0,0,0.16188,0,164.01,playing,3
175.2533,6.7959,0,0,0.16731,0,161.83,playing,3
175.2704,6.7959,0,0,0.16731,0,159.84,playing,3
175.2901,4.2354,0,0,0.1707,0,158.17,playing,3
175.3066,2.6966,0,0,0.1707,0,156.64,playing,3
175.3232,2.6966,0,0,0.1707,0,155.69,playing,3
175.3414,2.6966,0,0,0.1707,1,155.01,playing,3
175.358,2.6966,0,0,0.2375,0,154.64,playing,3
175.3736,2.6966,0,0,0.2375,0,154.6,playing,3
175.3901,-0.9303,0,0,0.2375,0,154.84,playing,3
175.4057,-0.9303,0,0,0.23596,0,155.35,playing,3
175.4218,-0.9303,0,0,0.23596,0,156.15,playing,3
175.4395,-1.1504,0,0,0.23596,0,157.24,playing,3
175.4565,-1.1504,0,0,0.25479,0,158.92,playing,3
175.4736,-1.9652,0,0,0.25479,0,160.61,playing,3
175.4897,-1.9652,0,0,0.24686,0,162.74,playing,3
175.5057,-1.9652,0,0,0.24686,0,165.01,playing,3
175.5218,-2.5201,0,0,0.24686,0,167.57,playing,3
175.5379,-2.5201,0,0,0.24686,0,170.42,playing,3
175.554,-2.5201,0,0,0.241,0,173.54,playing,3
175.5695,-1.654,0,0,0.241,0,176.94,playing,3
175.5862,-1.654,0,0,0.241,0,180.63,playing,3
175.6017,-1.654,0,0,0.25,0,184.6,playing,3
175.6178,-1.0267,0,0,0.25,0,188.85,playing,3
175.6343,-1.0267,0,0,0.25,0,193.38,playing,3
175.6509,-1.4257,0,0,0.25917,0,198.51,playing,3
175.6671,-1.4257,0,0,0.25917,0,203.62,playing,3
175.6836,-1.4257,0,0,0.25917,0,209.02,playing,3
175.6998,-6.4605,0,0,0.26338,0,215.07,playing,3
175.7159,-6.4605,0,0,0.26338,0,221.04,playing,3
175.7325,-6.4605,0,0,0.26338,0,227.3,playing,3
175.7491,-11.6888,1,0,0.30876,0,234.26,playing,3
175.7651,-11.6888,0,0,0.30876,0,228.3,playing,3
175.7818,-11.6888,0,0,0.30876,0,222.29,playing,3
175.7974,-6.9718,0,0,0.30876,0,216.91,playing,3
175.814,-6.9718,0,0,0.21726,0,211.82,playing,3
175.8296,12.2345,0,0,0.21726,0,207.0,playing,3
175.8461,12.2345,0,0,0.21726,0,202.47,playing,3
175.8617,12.2345,0,0,0.14397,0,198.22,playing,3
175.8778,14.3369,0,0,0.14397,0,194.25,playing,3
175.8934,14.3369,0,0,0.14397,0,190.56,playing,3
175.9094,14.3369,0,0,0.14397,0,187.15,playing,3
175.926,11.349,0,0,0.13055,0,184.03,playing,3
175.9421,11.349,0,0,0.13055,0,181.19,playing,3
175.9592,11.349,0,0,0.13055,0,178.48,playing,3
175.9763,5.1597,0,0,0.14192,0,176.1,playing,3
175.9929,5.1597,0,0,0.14192,0,174.03,playing,3
176.0094,3.2897,0,0,0.14192,0,172.37,playing,3
176.026,3.2897,0,0,0.21282,1,170.92,playing,3
176.0416,3.2897,0,0,0.21282,0,169.83,playing,3
176.0578,0.6912,0,0,0.21282,0,169.03,playing,3
176.0744,0.6912,0,0,0.21282,0,168.51,playing,3
176.0915,0.6912,0,0,0.25463,0,168.28,playing,3
176.1082,-0.3597,0,0,0.25463,0,168.36,playing,3
176.1248,-0.3597,0,0,0.25463,0,168.76,playing,3
176.1404,-0.3597,0,0,0.25463,0,169.42,playing,3
176.1571,-1.0148,0,0,0.25454,0,170.36,playing,3
176.1727,-1.0148,0,0,0.25454,0,171.58,playing,3
176.1898,-1.5775,0,0,0.25454,0,173.09,playing,3
176.2053,-1.5775,0,0,0.23725,0,175.0,playing,3
176.2223,-1.5775,0,0,0.23725,0,177.09,playing,3
176.2389,-1.9625,0,0,0.23725,0,179.62,playing,3
176.2564,-1.9625,0,0,0.27669,0,182.29,playing,3
176.2727,-1.9625,0,0,0.27669,0,185.64,playing,4
176.2888,-2.2448,0,0,0.27669,0,188.91,playing,4
176.3049,-2.2448,0,0,0.25485,0,192.45,playing,4
176.3214,-2.2448,0,0,0.25485,0,196.28,playing,4
176.3375,-1.5413,0,0,0.25485,0,200.66,playing,4
176.3541,-1.5413,0,0,0.24174,0,205.07,playing,4
176.3696,-1.382,0,0,0.24174,0,209.76,playing,4
176.3857,-1.382,0,0,0.24174,0,214.73,playing,4
176.4013,-1.382,0,0,0.24174,0,219.98,playing,4
176.4185,-1.6286,0,0,0.24174,0,225.52,playing,4
176.4346,-1.6286,0,0,0.24174,0,231.72,playing,4
176.4507,-1.6286,0,0,0.25876,0,237.83,playing,4
176.4667,-17.6693,1,0,0.25876,0,244.23,playing,4
176.4823,-17.6693,0,0,0.25876,0,238.27,playing,4
176.4993,-17.6693,0,0,0.27269,0,232.59,playing,4
176.5164,-4.0479,0,0,0.27269,0,226.88,playing,4
176.5325,-4.0479,0,0,0.27269,0,221.48,playing,4
176.5491,4.468,0,0,0.12941,0,216.69,playing,4
176.5666,4.468,0,0,0.12941,0,211.91,playing,4
176.5828,4.468,0,0,0.12941,0,207.45,playing,4
176.599,11.3608,0,0,0.16704,0,203.53,playing,4
176.6145,11.3608,0,0,0.16704,0,199.9,playing,4
176.6306,11.3608,0,0,0.16704,0,196.54,playing,4
176.6472,8.9209,0,0,0.14512,0,193.47,playing,4
176.6638,8.9209,0,0,0.14512,0,190.52,playing,4
176.6798,8.9209,0,0,0.14512,0,188.03,playing,4
176.6974,5.5875,0,0,0.14512,0,185.82,playing,4
176.714,5.5875,0,0,0.15265,0,183.69,playing,4
176.7305,2.2607,0,0,0.15265,0,182.08,playing,4
176.7471,2.2607,0,0,0.15265,0,180.69,playing,4
176.7636,2.2607,0,0,0.15339,0,179.61,playing,4
176.7797,1.2987,0,0,0.15339,0,178.88,playing,4
176.7959,1.2987,0,0,0.15339,0,178.43,playing,4
176.8123,1.2987,0,0,0.24627,1,178.26,playing,4
176.8316,-0.4259,0,0,0.24627,0,178.4,playing,4
176.8482,-0.4259,0,0,0.24627,0,178.96,playing,4
176.8653,-1.1786,0,0,0.24627,0,179.77,playing,4
176.8819,-1.1786,0,0,0.24627,0,180.9,playing,4
176.8979,-1.1786,0,0,0.24554,0,182.25,playing,4
176.914,-1.478,0,0,0.24554,0,183.87,playing,4
176.9295,-1.478,0,0,0.24554,0,185.78,playing,4
176.9456,-1.478,0,0,0.23288,0,187.97,playing,4
176.9617,-1.6236,0,0,0.23288,0,190.44,playing,4
176.9777,-1.6236,0,0,0.23288,0,193.2,playing,4
176.9938,-1.6236,0,0,0.27273,0,196.23,playing,4
177.0099,-1.8896,0,0,0.27273,0,199.55,playing,4
177.0264,-1.8896,0,0,0.27273,0,203.15,playing,4
177.042,-1.8896,0,0,0.25512,0,207.03,playing,4
177.0601,-1.7237,0,0,0.25512,0,211.47,playing,4
177.0758,-1.7237,0,0,0.25512,0,216.23,playing,4
177.0924,-1.7237,0,0,0.24991,0,220.99,playing,4
177.1094,-1.7237,0,0,0.24991,0,226.36,playing,4
177.1255,-1.7237,0,0,0.24991,0,232.06,playing,4
177.1426,-14.9894,1,0,0.26849,0,237.7,playing,4
177.1592,-14.9894,0,0,0.26849,0,231.38,playing,4
177.1752,-14.9894,0,0,0.26849,0,225.72,playing,4
177.1919,-7.7618,0,0,0.28553,0,220.03,playing,4
177.2074,-7.7618,0,0,0.28553,0,214.95,playing,4
177.2245,-2.7414,0,0,0.28553,0,210.15,playing,4
177.2408,-2.7414,0,0,0.21415,0,205.37,playing,4
177.2575,-2.7414,0,0,0.21415,0,201.16,playing,4
177.2745,3.3304,0,0,0.21415,0,197.0,playing,4
177.2906,3.3304,0,0,0.18087,0,193.15,playing,4
177.3067,3.3304,0,0,0.18087,0,189.82,playing,4
177.323,12.7012,0,0,0.18087,0,186.76,playing,4
177.339,12.7012,0,0,0.18087,0,183.99,playing,4
177.355,12.7012,0,0,0.16064,0,181.5,playing,4
177.3712,7.096,0,0,0.16064,0,179.29,playing,4
177.3883,7.096,0,0,0.16064,0,177.26,playing,4
177.4048,4.3115,0,0,0.16064,0,175.55,playing,4
177.421,4.3115,0,0,0.14499,0,174.22,playing,4
177.4375,4.3115,0,0,0.14499,0,173.17,playing,4
177.4541,2.3782,0,0,0.14499,0,172.37,playing,4
177.4706,2.3782,0,0,0.19504,0,171.9,playing,4
177.4875,2.3782,0,0,0.19504,0,171.73,playing,4
177.5035,0.8498,0,0,0.19504,0,171.87,playing,4
177.5201,0.8498,0,0,0.19504,0,172.28,playing,4
177.5362,0.8498,0,0,0.17636,0,172.98,playing,4
177.5532,-1.1433,0,0,0.17636,0,174.03,playing,4
177.5704,-1.1433,0,0,0.17636,0,175.4,playing,4
177.588,-1.1433,0,0,0.17636,1,177.1,playing,4
177.6046,-1.1433,0,0,0.26786,0,179.24,playing,4
177.6206,-1.1433,0,0,0.26786,0,181.43,playing,4
177.6372,-1.2211,0,0,0.26786,0,183.91,playing,4
177.6542,-1.2211,0,0,0.27273,0,186.85,playing,4
177.6708,-1.2211,0,0,0.27273,0,190.11,playing,4
177.6879,-1.4671,0,0,0.27273,0,193.69,playing,4
177.7039,-1.4671,0,0,0.23199,0,197.34,playing,4
177.72,-1.1737,0,0,0.23199,0,201.28,playing,4
177.7371,-1.1737,0,0,0.23199,0,205.77,playing,4
177.7531,-1.1737,0,0,0.242,0,210.29,playing,4
177.7692,-1.4962,0,0,0.242,0,215.08,playing,4
177.7852,-1.4962,0,0,0.242,0,220.16,playing,4
177.8023,-1.4962,0,0,0.26841,0,225.87,playing,4
177.8194,-15.7735,1,0,0.26841,0,231.9,playing,4
177.8364,-15.7735,0,0,0.26841,0,225.59,playing,4
177.853,-15.7735,0,0,0.26841,0,219.59,playing,4
177.8691,-8.2184,0,0,0.25876,0,214.23,playing,4
177.8847,-8.2184,0,0,0.25876,0,209.16,playing,4
177.9009,-1.6214,0,0,0.25876,0,204.36,playing,4
177.9169,-1.6214,0,0,0.25876,0,199.84,playing,4
177.9331,-1.6214,0,0,0.20329,0,195.61,playing,4
177.9504,11.3225,0,0,0.20329,0,191.43,playing,4
177.9671,11.3225,0,0,0.20329,0,187.57,playing,4
177.9841,11.3225,0,0,0.20329,0,184.02,playing,4
178.0002,9.0662,0,0,0.18578,0,180.97,playing,4
178.0168,9.0662,0,0,0.18578,0,178.04,playing,4
178.0329,9.0662,0,0,0.18578,0,175.57,playing,4
178.0485,9.0662,0,0,0.18578,0,173.38,playing,4
178.0653,9.0662,0,0,0.15698,0,171.47,playing,4
178.0817,4.0041,0,0,0.15698,0,169.75,playing,4
178.0973,2.4092,0,0,0.15698,0,168.42,playing,4
178.1139,2.4092,0,0,0.15698,0,167.38,playing,4
178.1324,1.4566,0,0,0.15698,1,166.61,playing,5
178.1491,1.4566,0,0,0.21358,0,166.1,playing,5
178.1651,1.4566,0,0,0.21358,0,165.95,playing,5
178.1813,-0.5358,0,0,0.21358,0,166.1,playing,5
178.1979,-0.5358,0,0,0.21358,0,166.54,playing,5
178.215,-0.5953,0,0,0.22746,0,167.25,playing,5
178.2305,-0.5953,0,0,0.22746,0,168.32,playing,5
178.2466,-0.5953,0,0,0.22746,0,169.61,playing,5
178.2631,-1.2192,0,0,0.22746,0,171.19,playing,5
178.2792,-1.2192,0,0,0.22746,0,173.04,playing,5
178.2972,-1.2192,0,0,0.24537,0,175.33,playing,5
178.3143,-1.5792,0,0,0.24537,0,178.12,playing,5
178.3309,-1.5792,0,0,0.24537,0,181.06,playing,5
178.3465,-1.5792,0,0,0.24537,0,184.11,playing,5
178.3646,-1.6622,0,0,0.24537,0,187.45,playing,5
178.3811,-1.6622,0,0,0.24529,0,191.55,playing,5
178.3972,-1.3421,0,0,0.24529,0,195.49,playing,5
178.4138,-1.3421,0,0,0.24529,0,199.98,playing,5
178.4294,-1.3421,0,0,0.24529,0,204.5,playing,5
178.4474,-1.0435,0,0,0.24993,0,209.29,playing,5
178.4635,-1.0435,0,0,0.24993,0,215.04,playing,5
178.4801,-1.0435,0,0,0.24993,0,220.44,playing,5
178.4967,-1.1663,0,0,0.24993,0,226.49,playing,5
178.5127,-1.1663,0,0,0.24993,0,232.46,playing,5
178.5288,-4.11,0,0,0.25418,0,238.72,playing,5
178.5454,-4.11,0,0,0.25418,0,245.25,playing,5
178.5614,-4.11,0,0,0.25418,0,252.52,playing,5
178.5776,-16.8176,1,0,0.25885,0,259.64,playing,5
178.5936,-16.8176,0,0,0.25885,0,253.68,playing,5
178.6097,-16.8176,0,0,0.25885,0,248.0,playing,5
178.6262,-7.5638,0,0,0.24092,0,242.61,playing,5
178.6423,-7.5638,0,0,0.24092,0,237.19,playing,5
178.6593,-7.5638,0,0,0.24092,0,232.38,playing,5
178.6765,1.4057,0,0,0.19486,0,227.58,playing,5
178.6935,1.4057,0,0,0.19486,0,223.1,playing,5
178.7106,13.2402,0,0,0.19486,0,218.71,playing,5
178.7267,13.2402,0,0,0.19486,0,215.1,playing,5
178.7428,13.2402,0,0,0.16821,0,211.76,playing,5
178.7604,10.7263,0,0,0.16821,0,208.71,playing,5
178.777,10.7263,0,0,0.16821,0,205.63,playing,5
178.7926,10.7263,0,0,0.16821,0,203.17,playing,5
178.8087,7.526,0,0,0.13602,0,201.0,playing,5
178.8253,7.526,0,0,0.13602,0,199.1,playing,5
178.8424,6.0302,0,0,0.13602,0,197.41,playing,5
178.859,3.8696,0,0,0.13602,0,196.03,playing,5
178.8756,3.8696,0,0,0.18374,0,195.02,playing,5
178.8921,2.2567,0,0,0.18374,0,194.26,playing,5
178.9092,2.2567,0,0,0.18374,0,193.82,playing,5
178.9262,2.2567,0,0,0.20886,1,193.7,playing,5
178.9428,-0.4934,0,0,0.20886,0,193.9,playing,5
178.9595,-0.4934,0,0,0.20886,0,194.36,playing,5
178.9761,-0.4934,0,0,0.20886,0,195.17,playing,5
178.9928,-0.4934,0,0,0.20962,0,196.3,playing,5
179.0088,-0.4934,0,0,0.20962,0,197.65,playing,5
179.0262,-1.457,0,0,0.20962,0,199.4,playing,5
179.0428,-1.457,0,0,0.20962,0,201.46,playing,5
179.0589,-1.457,0,0,0.1941,0,203.69,playing,5
179.075,-2.0436,0,0,0.1941,0,206.2,playing,5
179.0916,-2.0436,0,0,0.1941,0,208.99,playing,5
179.1076,-2.0436,0,0,0.2604,0,212.27,playing,5
179.1242,-1.5444,0,0,0.2604,0,215.64,playing,5
179.1402,-1.5444,0,0,0.2604,0,219.29,playing,5
179.1573,-1.5444,0,0,0.25582,0,223.48,playing,5
179.1733,-1.587,0,0,0.25582,0,228.0,playing,5
179.1904,-1.587,0,0,0.25582,0,232.53,playing,5
179.2069,-1.499,0,0,0.24107,0,237.66,playing,5
179.223,-1.499,0,0,0.24107,0,242.77,playing,5
179.2396,-1.499,0,0,0.24107,0,248.17,playing,5
179.2561,-1.0994,0,0,0.23662,0,254.22,playing,5
179.2727,-1.0994,0,0,0.23662,0,260.58,playing,5
179.2888,-1.0994,0,0,0.23662,0,266.86,playing,5
179.3048,-12.4651,1,0,0.25524,0,273.41,playing,5
179.3209,-12.4651,0,0,0.25524,0,267.45,playing,5
179.3364,-12.4651,0,0,0.25524,0,261.78,playing,5
179.353,-16.3528,0,0,0.24622,0,256.38,playing,5
179.3686,-16.3528,0,0,0.24622,0,251.27,playing,5
179.3846,4.5774,0,0,0.24622,0,246.44,playing,5
179.4007,4.5774,0,0,0.18793,0,241.89,playing,5
179.4167,4.5774,0,0,0.18793,0,237.62,playing,5
179.4333,11.9942,0,0,0.18793,0,233.63,playing,5
179.4499,11.9942,0,0,0.18597,0,229.71,playing,5
179.4654,11.9942,0,0,0.18597,0,226.31,playing,5
179.482,10.6691,0,0,0.18597,0,223.18,playing,5
179.4981,10.6691,0,0,0.16713,0,220.34,playing,5
179.5146,10.6691,0,0,0.16713,0,217.63,playing,5
179.5307,5.6972,0,0,0.16713,0,215.37,playing,5
179.5473,5.6972,0,0,0.13391,0,213.39,playing,5
179.5643,4.1461,0,0,0.13391,0,211.6,playing,5
179.5814,4.1461,0,0,0.13391,0,210.14,playing,5
179.598,4.1461,0,0,0.15728,0,208.98,playing,5
179.614,1.2972,0,0,0.15728,0,208.18,playing,5
179.6302,1.2972,0,0,0.15728,0,207.66,playing,5
179.6477,1.2972,0,0,0.15575,0,207.43,playing,5
179.6635,0.6278,0,0,0.15575,0,207.51,playing,5
179.6801,0.6278,0,0,0.15575,0,207.87,playing,5
179.6962,0.6278,0,0,0.22184,1,208.51,playing,5
179.7128,-0.7436,0,0,0.22184,0,209.51,playing,5
179.7294,-0.7436,0,0,0.22184,0,210.74,playing,5
179.746,-0.9822,0,0,0.26852,0,212.35,playing,5
179.7619,-0.9822,0,0,0.26852,0,214.16,playing,5
179.778,-0.9822,0,0,0.26852,0,216.24,playing,5
179.794,-1.4757,0,0,0.26852,0,218.61,playing,5
179.8102,-1.4757,0,0,0.24171,0,221.25,playing,5
179.8253,-1.4757,0,0,0.24171,0,224.18,playing,5
179.8419,-1.6812,0,0,0.24171,0,227.4,playing,5
179.858,-1.6812,0,0,0.24171,0,230.89,playing,5
179.874,-1.6812,0,0,0.24171,0,234.66,playing,5
179.8901,-1.7621,0,0,0.27304,0,238.72,playing,5
179.9072,-1.7621,0,0,0.27304,0,243.35,playing,5
179.9227,-1.7621,0,0,0.27304,0,247.98,playing,5
179.9393,-1.7915,0,0,0.27231,0,252.9,playing,5
179.9563,-1.7915,0,0,0.27231,0,258.44,playing,5
179.9729,-6.7496,0,0,0.27231,0,264.31,playing,6
179.9895,-6.7496,0,0,0.24181,0,270.1,playing,6
180.006,-6.7496,0,0,0.24181,0,276.58,playing,6
180.0225,-17.7813,1,0,0.24181,0,282.96,playing,6
180.0392,-17.7813,0,0,0.2807,0,276.65,playing,6
180.0552,-17.7813,0,0,0.2807,0,270.99,playing,6
180.0753,-5.8165,0,0,0.2807,0,265.3,playing,6
180.0924,-5.8165,0,0,0.2807,0,259.04,playing,6
180.1085,8.9499,0,0,0.28627,0,254.03,playing,6
180.1251,8.9499,0,0,0.28627,0,249.61,playing,6
180.1422,8.9499,0,0,0.28627,0,245.22,playing,6
180.1584,11.8536,0,0,0.15002,0,241.15,playing,6
180.1755,11.8536,0,0,0.15002,0,237.6,playing,6
180.191,11.8536,0,0,0.15002,0,234.34,playing,6
180.2066,8.465,0,0,0.15763,0,231.35,playing,6
180.2231,8.465,0,0,0.15763,0,228.65,playing,6
180.2392,8.465,0,0,0.15763,0,226.23,playing,6
180.2563,5.9397,0,0,0.14091,0,223.98,playing,6
180.2728,5.9397,0,0,0.14091,0,222.04,playing,6
180.2889,2.5809,0,0,0.14091,0,220.5,playing,6
180.305,2.5809,0,0,0.14091,0,219.24,playing,6
180.3208,2.5809,0,0,0.14091,0,218.26,playing,6
180.337,0.6115,0,0,0.14091,0,217.57,playing,6
180.3536,0.6115,0,0,0.17862,0,217.15,playing,6
180.3703,0.6115,0,0,0.17862,0,217.03,playing,6
180.3874,-0.8584,0,0,0.17862,0,217.23,playing,6
180.404,-0.8584,0,0,0.21079,1,217.74,playing,6
180.4199,-1.6888,0,0,0.21079,0,218.5,playing,6
180.436,-1.6888,0,0,0.21079,0,219.55,playing,6
180.4521,-1.6888,0,0,0.22192,0,220.88,playing,6
180.4688,-1.3862,0,0,0.22192,0,222.61,playing,6
180.4848,-1.3862,0,0,0.22192,0,224.52,playing,6
180.5019,-1.3862,0,0,0.2684,0,226.86,playing,6
180.5186,-1.607,0,0,0.2684,0,229.35,playing,6
180.5347,-1.607,0,0,0.2684,0,232.32,playing,6
180.5509,-1.607,0,0,0.24984,0,235.39,playing,6
180.5669,-1.8435,0,0,0.24984,0,238.74,playing,6
180.583,-1.8435,0,0,0.24984,0,242.37,playing,6
180.5991,-1.785,0,0,0.24984,0,246.29,playing,6
180.6157,-1.5961,0,0,0.23637,0,250.76,playing,6
180.6329,-1.5961,0,0,0.23637,0,255.26,playing,6
180.6485,-1.3364,0,0,0.23637,0,260.36,playing,6
180.6646,-1.3364,0,0,0.23637,0,265.43,playing,6
180.6806,-1.3364,0,0,0.23637,0,270.79,playing,6
180.6973,-3.7001,0,0,0.23637,0,276.43,playing,6
180.7139,-3.7001,0,0,0.24603,0,282.74,playing,6
180.73,-3.7001,0,0,0.24603,0,288.96,playing,6
180.7465,-15.3993,1,0,0.24603,0,295.46,playing,6
180.7631,-15.3993,0,0,0.24626,0,289.15,playing,6
180.7802,-7.5607,0,0,0.24626,0,283.16,playing,6
180.7973,-7.5607,0,0,0.24626,0,277.48,playing,6
180.8138,-7.5607,0,0,0.15187,0,272.12,playing,6
180.8309,11.4145,0,0,0.15187,0,267.36,playing,6
180.847,11.4145,0,0,0.15187,0,262.62,playing,6
180.8636,11.4145,0,0,0.17745,0,258.44,playing,6
180.8802,10.6887,0,0,0.17745,0,254.32,playing,6
180.8967,10.6887,0,0,0.17745,0,250.51,playing,6
180.9128,7.6764,0,0,0.15187,0,247.21,playing,6
180.9289,7.6764,0,0,0.15187,0,244.19,playing,6
180.9449,7.6764,0,0,0.15187,0,241.45,playing,6
180.9617,4.0728,0,0,0.15187,0,239.0,playing,6
180.9783,4.0728,0,0,0.15762,0,236.59,playing,6
180.9954,4.0728,0,0,0.15762,0,234.73,playing,6
181.0124,2.5913,0,0,0.15762,0,233.08,playing,6
181.029,2.5913,0,0,0.21545,1,231.74,playing,6
181.0456,2.5913,0,0,0.21545,0,230.76,playing,6
181.0617,-0.0414,0,0,0.21545,0,230.04,playing,6
181.0783,-0.0414,0,0,0.20819,0,229.64,playing,6
181.0953,-0.4778,0,0,0.20819,0,229.54,playing,6
181.1119,-0.4778,0,0,0.20819,0,229.75,playing,6
181.1284,-0.4778,0,0,0.20919,0,230.24,playing,6
181.145,-1.0451,0,0,0.20919,0,231.07,playing,6
181.1616,-1.0451,0,0,0.20919,0,232.13,playing,6
181.1782,-1.0451,0,0,0.24993,0,233.58,playing,6
181.1948,-1.5269,0,0,0.24993,0,235.35,playing,6
181.2114,-1.5269,0,0,0.24993,0,237.29,playing,6
181.228,-1.6191,0,0,0.26314,0,239.67,playing,6
181.2441,-1.6191,0,0,0.26314,0,242.2,playing,6
181.2602,-1.6191,0,0,0.26314,0,245.0,playing,6
181.2757,-1.2396,0,0,0.26314,0,248.09,playing,6
181.2914,-1.2396,0,0,0.28166,0,251.46,playing,6
181.3082,-1.2396,0,0,0.28166,0,255.11,playing,6
181.3237,-1.4118,0,0,0.28166,0,259.05,playing,6
181.3403,-1.4118,0,0,0.27835,0,263.26,playing,6
181.3574,-1.4118,0,0,0.27835,0,268.06,playing,6
181.3735,-3.5794,0,0,0.27835,0,273.17,playing,6
181.3901,-3.5794,0,0,0.27835,0,278.26,playing,6
181.4061,-3.5794,0,0,0.23774,0,283.64,playing,6
181.4217,-17.5064,1,0,0.23774,0,289.3,playing,6
181.4378,-17.5064,0,0,0.23774,0,283.34,playing,6
181.4549,-17.5064,0,0,0.23199,0,277.66,playing,6
181.471,-10.7402,0,0,0.23199,0,271.95,playing,6
181.4871,-10.7402,0,0,0.23199,0,266.85,playing,6
181.5027,8.4474,0,0,0.23199,0,262.04,playing,6
181.5188,8.4474,0,0,0.23692,0,257.51,playing,6
181.5348,8.4474,0,0,0.23692,0,253.25,playing,6
181.5509,13.2549,0,0,0.23692,0,249.28,playing,6
181.567,13.2549,0,0,0.14247,0,245.6,playing,6
181.5831,13.2549,0,0,0.14247,0,242.19,playing,6
181.5987,8.2848,0,0,0.14247,0,239.07,playing,6
181.6152,8.2848,0,0,0.14247,0,236.22,playing,6
181.6318,8.2848,0,0,0.12728,0,233.52,playing,6
181.6484,4.7881,0,0,0.12728,0,231.26,playing,6
181.6649,4.7881,0,0,0.12728,0,229.17,playing,6
181.6816,3.3604,0,0,0.15407,0,227.49,playing,6
181.6982,3.3604,0,0,0.15407,0,226.02,playing,6
181.7147,3.3604,0,0,0.15407,0,224.87,playing,6
181.7302,1.0657,0,0,0.15407,0,224.07,playing,6
181.7466,1.0657,0,0,0.15407,0,223.55,playing,6
181.7629,1.0657,0,0,0.15407,0,223.31,playing,6
181.7789,0.1486,0,0,0.15407,0,223.35,playing,6
181.7956,0.1486,0,0,0.25487,1,223.68,playing,6
181.8133,0.1486,0,0,0.25487,0,224.34,playing,6
181.8288,-0.3869,0,0,0.25487,0,225.32,playing,7
181.8448,-0.3869,0,0,0.25487,0,226.53,playing,7
181.8604,-0.9369,0,0,0.25487,0,228.01,playing,7
181.8765,-0.9369,0,0,0.23694,0,229.78,playing,7
181.8925,-0.9369,0,0,0.23694,0,231.83,playing,7
181.9091,-0.8214,0,0,0.23694,0,234.16,playing,7
181.9247,-0.8214,0,0,0.26901,0,236.77,playing,7
181.9413,-0.8214,0,0,0.26901,0,239.67,playing,7
181.9582,-1.1218,0,0,0.26901,0,243.06,playing,7
181.9748,-1.1218,0,0,0.26901,0,246.77,playing,7
181.9908,-1.1218,0,0,0.25446,0,250.55,playing,7
182.0071,-1.5895,0,0,0.25446,0,254.6,playing,7
182.0237,-1.5895,0,0,0.25446,0,259.23,playing,7
182.0403,-9.8988,0,0,0.25454,0,263.87,playing,7
182.0568,-9.8988,0,0,0.25454,0,269.11,playing,7
182.0736,-9.8988,0,0,0.25454,0,274.33,playing,7
182.0902,-16.9259,1,0,0.25454,0,280.19,playing,7
182.1073,-16.9259,0,0,0.27798,0,273.88,playing,7
182.1244,-16.9259,0,0,0.27798,0,267.89,playing,7
182.1409,-11.4281,0,0,0.27798,0,262.21,playing,7
182.1569,-11.4281,0,0,0.2738,0,257.15,playing,7
182.1734,-11.4281,0,0,0.2738,0,252.37,playing,7
182.1895,10.4897,0,0,0.2738,0,247.87,playing,7
182.2066,10.4897,0,0,0.15245,0,243.41,playing,7
182.2228,11.1215,0,0,0.15245,0,239.27,playing,7
182.2393,11.1215,0,0,0.15245,0,235.65,playing,7
182.2559,11.1215,0,0,0.15245,0,232.12,playing,7
182.2722,6.3806,0,0,0.15245,0,229.09,playing,7
182.289,6.3806,0,0,0.17135,0,226.18,playing,7
182.3047,6.3806,0,0,0.17135,0,223.72,playing,7
182.3208,6.3806,0,0,0.17135,0,221.55,playing,7
182.3373,6.3806,0,0,0.17135,0,219.66,playing,7
182.3544,4.5966,0,0,0.13812,0,217.96,playing,7
182.3715,2.6546,0,0,0.13812,0,216.59,playing,7
182.3881,2.6546,0,0,0.13812,0,215.53,playing,7
182.4052,0.7404,0,0,0.23294,1,214.79,playing,7
182.4214,0.7404,0,0,0.23294,0,214.37,playing,7
182.4375,0.7404,0,0,0.23294,0,214.25,playing,7
182.4545,0.5082,0,0,0.23294,0,214.42,playing,7
182.4712,0.5082,0,0,0.21649,0,214.91,playing,7
182.4882,-0.4484,0,0,0.21649,0,215.73,playing,7
182.5047,-0.8377,0,0,0.21649,0,216.86,playing,7
182.5207,-0.8377,0,0,0.21649,0,218.2,playing,7
182.5363,-1.3034,0,0,0.2496,0,219.83,playing,7
182.5529,-1.3034,0,0,0.2496,0,221.74,playing,7
182.5696,-1.3034,0,0,0.2496,0,223.93,playing,7
182.5858,-0.7711,0,0,0.2496,0,226.57,playing,7
182.602,-0.7711,0,0,0.26903,0,229.35,playing,7
182.6182,-0.7711,0,0,0.26903,0,232.4,playing,7
182.6337,-1.0406,0,0,0.26903,0,235.73,playing,7
182.6503,-1.0406,0,0,0.26903,0,239.35,playing,7
182.6668,-1.0406,0,0,0.22703,0,243.51,playing,7
182.6839,-1.3049,0,0,0.22703,0,247.99,playing,7
182.7,-1.3049,0,0,0.22703,0,252.48,playing,7
182.7156,-17.0752,1,0,0.22703,0,257.26,playing,7
182.7321,-17.0752,0,0,0.22831,0,251.3,playing,7
182.7492,-17.0752,0,0,0.22831,0,245.29,playing,7
182.7658,-17.0752,0,0,0.22831,0,239.59,playing,7
182.7824,-17.0752,0,0,0.22831,0,234.52,playing,7
182.7992,-17.0752,0,0,0.22321,0,229.44,playing,7
182.8155,-4.8112,0,0,0.22321,0,224.68,playing,7
182.8321,-4.8112,0,0,0.22321,0,220.48,playing,7
182.8478,-4.8112,0,0,0.22321,0,216.56,playing,7
182.8649,10.095,0,0,0.14903,0,212.93,playing,7
182.881,10.095,0,0,0.14903,0,209.38,playing,7
182.8974,8.3205,0,0,0.14903,0,206.33,playing,7
182.9135,8.3205,0,0,0.14903,0,203.4,playing,7
182.9316,8.3205,0,0,0.14903,0,200.93,playing,7
182.9479,4.5329,0,0,0.16156,0,198.5,playing,7
182.9635,4.5329,0,0,0.16156,0,196.63,playing,7
182.9795,4.5329,0,0,0.16156,0,195.03,playing,7
182.9956,2.5563,0,0,0.16156,0,193.72,playing,7
183.0126,2.5563,0,0,0.16072,0,192.69,playing,7
183.0292,1.4845,0,0,0.16072,0,191.91,playing,7
183.0463,1.4845,0,0,0.16072,0,191.45,playing,7
183.0627,1.4845,0,0,0.25,1,191.31,playing,7
183.0788,-0.1947,0,0,0.25,0,191.46,playing,7
183.0951,-0.1947,0,0,0.25,0,191.89,playing,7
183.1112,-0.1947,0,0,0.21844,0,192.6,playing,7
183.1283,-0.862,0,0,0.21844,0,193.68,playing,7
183.1453,-0.862,0,0,0.21844,0,195.07,playing,7
183.1619,-0.862,0,0,0.25463,0,196.78,playing,7
183.178,-1.7492,0,0,0.25463,0,198.67,playing,7
183.194,-1.7492,0,0,0.25463,0,200.85,playing,7
183.2105,-1.707,0,0,0.23207,0,203.3,playing,7
183.2271,-1.707,0,0,0.23207,0,206.23,playing,7
183.2424,-1.707,0,0,0.23207,0,209.26,playing,7
183.2587,-1.5063,0,0,0.24099,0,212.58,playing,7
183.2747,-1.5063,0,0,0.24099,0,216.18,playing,7
183.2915,-1.5063,0,0,0.24099,0,220.06,playing,7
183.3081,-1.4291,0,0,0.21908,0,224.5,playing,7
183.3251,-1.4291,0,0,0.21908,0,229.25,playing,7
183.3403,-1.4291,0,0,0.21908,0,234.01,playing,7
183.3568,-1.2781,0,0,0.21908,0,239.06,playing,7
183.3729,-1.2781,0,0,0.24663,0,244.38,playing,7
183.3888,-3.5915,0,0,0.24663,0,249.98,playing,7
183.4052,-14.1385,1,0,0.24663,0,255.87,playing,7
183.4219,-14.1385,0,0,0.25119,0,249.56,playing,7
183.4385,-10.0422,0,0,0.25119,0,243.9,playing,7
183.4546,-10.0422,0,0,0.25119,0,238.2,playing,7
183.4706,-10.0422,0,0,0.25119,0,233.13,playing,7
183.4918,-1.7434,0,0,0.24166,0,228.33,playing,7
183.5077,-1.7434,0,0,0.24166,0,222.52,playing,7
183.5243,1.806,0,0,0.24166,0,218.37,playing,7
183.541,1.806,0,0,0.24166,0,214.29,playing,7
183.5572,1.806,0,0,0.28199,0,210.72,playing,7
183.5743,8.0533,0,0,0.28199,0,207.25,playing,7
183.5916,8.0533,0,0,0.28199,0,204.1,playing,7
183.6083,8.0533,0,0,0.28199,0,201.27,playing,7
183.6253,10.4611,0,0,0.17581,0,198.75,playing,7
183.6419,10.4611,0,0,0.17581,0,196.55,playing,7
183.6575,10.4611,0,0,0.17581,0,194.76,playing,7
183.675,7.8136,0,0,0.17581,0,193.26,playing,8
183.6918,7.8136,0,0,0.16065,0,191.92,playing,8
183.7084,5.3055,0,0,0.16065,0,191.01,playing,8
183.725,5.3055,0,0,0.16065,0,190.37,playing,8
183.7411,5.3055,0,0,0.21148,1,190.04,playing,8
183.7581,1.84,0,0,0.21148,0,190.01,playing,8
183.7746,1.84,0,0,0.21148,0,190.3,playing,8
183.7912,1.84,0,0,0.21148,0,190.86,playing,8
183.8078,0.6308,0,0,0.26012,0,191.76,playing,8
183.8244,0.6308,0,0,0.26012,0,192.9,playing,8
183.8409,0.5479,0,0,0.26012,0,194.42,playing,8
183.857,0.5479,0,0,0.26012,0,196.13,playing,8
183.873,0.5479,0,0,0.26452,0,198.13,playing,8
183.8894,-0.2013,0,0,0.26452,0,200.41,playing,8
183.9059,-0.2013,0,0,0.26452,0,203.15,playing,8
183.922,-0.2013,0,0,0.26452,0,206.01,playing,8
183.938,-1.4356,0,0,0.24068,0,209.15,playing,8
183.9536,-1.4356,0,0,0.24068,0,212.57,playing,8
183.9701,-1.4356,0,0,0.24068,0,216.27,playing,8
183.9864,-1.7546,0,0,0.27264,0,220.26,playing,8
184.0034,-1.7546,0,0,0.27264,0,224.81,playing,8
184.0195,-2.5194,0,0,0.27264,0,229.68,playing,8
184.0353,-2.5194,0,0,0.25916,0,234.55,playing,8
184.0523,-2.5194,0,0,0.25916,0,239.7,playing,8
184.0684,-2.3496,0,0,0.25916,0,245.48,playing,8
184.0845,-2.3496,0,0,0.24131,0,251.21,playing,8
184.1013,-2.3496,0,0,0.24131,0,257.22,playing,8
184.1186,-2.3007,0,0,0.24131,0,263.92,playing,8
184.1363,-2.3007,0,0,0.25,0,270.94,playing,8
184.1523,-1.8523,0,0,0.25,0,278.73,playing,8
184.1699,-1.8523,0,0,0.25,0,286.41,playing,8
184.1864,-1.8523,0,0,0.25,0,293.92,playing,8
184.203,-5.9467,0,0,0.25,0,302.21,playing,8
184.2191,-5.9467,0,0,0.27825,0,310.29,playing,8
184.2351,-5.9467,0,0,0.27825,0,318.66,playing,8
184.2506,-9.8112,1,0,0.27825,0,327.31,playing,8
184.267,-9.8112,0,0,0.21979,0,321.35,playing,8
184.2825,-9.8112,0,0,0.21979,0,315.68,playing,8
184.2993,-3.1284,0,0,0.21979,0,310.28,playing,8
184.3163,-3.1284,0,0,0.14525,0,304.87,playing,8
184.3336,1.349,0,0,0.14525,0,299.77,playing,8
184.3503,1.349,0,0,0.14525,0,294.99,playing,8
184.3668,1.349,0,0,0.14525,0,290.53,playing,8
184.3835,12.9012,0,0,0.18738,0,286.61,playing,8
184.3999,12.9012,0,0,0.18738,0,282.77,playing,8
184.416,12.9012,0,0,0.18738,0,279.44,playing,8
184.4316,10.5517,0,0,0.14713,0,276.38,playing,8
184.4479,10.5517,0,0,0.14713,0,273.61,playing,8
184.4639,10.5517,0,0,0.14713,0,271.12,playing,8
184.4805,7.5783,0,0,0.15352,0,268.91,playing,8
184.4966,7.5783,0,0,0.15352,0,266.88,playing,8
184.5126,7.5783,0,0,0.15352,0,265.25,playing,8
184.5292,3.5642,0,0,0.15352,0,263.9,playing,8
184.5463,3.5642,0,0,0.17135,0,262.79,playing,8
184.5628,3.5642,0,0,0.17135,0,261.99,playing,8
184.5784,3.5642,0,0,0.17135,0,261.52,playing,8
184.595,3.5642,0,0,0.17135,0,261.34,playing,8
184.6109,2.0945,0,0,0.22782,1,261.44,playing,8
184.6266,2.0945,0,0,0.22782,0,261.81,playing,8
184.6433,2.0945,0,0,0.22782,0,262.47,playing,8
184.6603,1.2541,0,0,0.22782,0,263.49,playing,8
184.6773,1.2541,0,0,0.18516,0,264.83,playing,8
184.6944,0.0365,0,0,0.18516,0,266.48,playing,8
184.7111,-1.5919,0,0,0.18516,0,268.45,playing,8
184.7266,-1.5919,0,0,0.24237,0,270.59,playing,8
184.7432,-1.9494,0,0,0.24237,0,273.01,playing,8
184.7598,-1.9494,0,0,0.24237,0,275.9,playing,8
184.7763,-1.9494,0,0,0.24237,0,278.9,playing,8
184.7935,-1.8809,0,0,0.21489,0,282.4,playing,8
184.8101,-1.8809,0,0,0.21489,0,286.23,playing,8
184.8257,-1.8809,0,0,0.21489,0,290.11,playing,8
184.8423,-2.2788,0,0,0.21489,0,294.27,playing,8
184.8588,-2.2788,0,0,0.27295,0,299.01,playing,8
184.8749,-2.903,0,0,0.27295,0,303.75,playing,8
184.8909,-2.903,0,0,0.27295,0,308.77,playing,8
184.9075,-2.903,0,0,0.21916,0,314.08,playing,8
184.9241,-2.3977,0,0,0.21916,0,320.03,playing,8
184.9412,-2.3977,0,0,0.21916,0,326.31,playing,8
184.9583,-2.3977,0,0,0.24659,0,332.9,playing,8
184.9748,-10.6719,0,0,0.24659,0,339.81,playing,8
184.9904,-10.6719,0,0,0.24659,0,346.59,playing,8
185.0069,-10.6719,0,0,0.25876,0,353.66,playing,8
185.0235,-11.8376,1,0,0.25876,0,361.0,playing,8
185.0403,-11.8376,0,0,0.25876,0,354.69,playing,8
185.0574,5.4393,0,0,0.21888,0,348.7,playing,8
185.0739,5.4393,0,0,0.21888,0,343.02,playing,8
185.0905,5.4393,0,0,0.21888,0,337.96,playing,8
185.1065,11.2239,0,0,0.15057,0,332.9,playing,8
185.123,11.2239,0,0,0.15057,0,328.42,playing,8
185.1391,11.2239,0,0,0.15057,0,324.22,playing,8
185.1544,10.1057,0,0,0.14367,0,320.31,playing,8
185.1705,10.1057,0,0,0.14367,0,316.67,playing,8
185.1871,7.8365,0,0,0.14367,0,313.32,playing,8
185.2041,5.8939,0,0,0.17268,0,310.07,playing,8
185.2201,5.8939,0,0,0.17268,0,307.3,playing,8
185.2357,3.7262,0,0,0.17268,0,304.81,playing,8
185.2517,3.7262,0,0,0.12804,0,302.6,playing,8
185.2687,3.7262,0,0,0.12804,0,300.67,playing,8
185.2848,1.1337,0,0,0.12804,0,298.94,playing,8
185.3016,1.1337,0,0,0.20502,1,297.59,playing,8
185.3182,1.1337,0,0,0.20502,0,296.48,playing,8
185.3342,-0.2546,0,0,0.20502,0,295.71,playing,8
185.3499,-0.2546,0,0,0.19687,0,295.23,playing,8
185.366,-0.2546,0,0,0.19687,0,295.03,playing,8
185.3825,-0.503,0,0,0.19687,0,295.1,playing,8
185.3991,-0.503,0,0,0.19869,0,295.5,playing,8
185.4157,-1.0418,0,0,0.19869,0,296.16,playing,8
185.4335,-1.0418,0,0,0.19869,0,297.18,playing,8
185.4495,-1.0418,0,0,0.27341,0,298.62,playing,8
185.4661,-1.5867,0,0,0.27341,0,300.17,playing,8
185.4816,-1.5867,0,0,0.27341,0,302.01,playing,8
185.4978,-1.5867,0,0,0.21602,0,304.13,playing,8
185.5149,-1.1563,0,0,0.21602,0,306.7,playing,9
185.5325,-1.1563,0,0,0.21602,0,309.4,playing,9
185.5491,-2.6571,0,0,0.22307,0,312.8,playing,9
185.5662,-2.6571,0,0,0.22307,0,316.32,playing,9
185.5823,-2.6571,0,0,0.22215,0,319.92,playing,9
185.5993,-2.6571,0,0,0.22215,0,324.06,playing,9
185.6163,-2.6571,0,0,0.22215,0,328.52,playing,9
185.6329,-2.6571,0,0,0.22215,0,333.3,playing,9
185.65,-9.7271,1,0,0.21468,0,338.39,playing,9
185.6656,-9.7271,0,0,0.21468,0,332.43,playing,9
185.6817,-9.7271,0,0,0.21468,0,326.76,playing,9
185.6982,-9.7271,0,0,0.15143,0,321.36,playing,9
185.7152,-9.7271,0,0,0.15143,0,315.95,playing,9
185.7318,9.5389,0,0,0.15143,0,310.85,playing,9
185.7483,9.5389,0,0,0.14092,0,306.34,playing,9
185.7654,9.5389,0,0,0.14092,0,301.86,playing,9
185.7821,8.1061,0,0,0.14092,0,297.69,playing,9
185.7977,8.1061,0,0,0.15418,0,294.06,playing,9
185.8143,8.1061,0,0,0.15418,0,290.71,playing,9
185.8309,4.2584,0,0,0.15418,0,287.46,playing,9
185.8467,4.2584,0,0,0.1581,0,284.69,playing,9
185.8628,4.2584,0,0,0.1581,0,282.2,playing,9
185.8789,2.6317,0,0,0.1581,0,279.99,playing,9
185.8945,2.6317,0,0,0.1581,0,278.06,playing,9
185.9105,2.289,0,0,0.1581,0,276.41,playing,9
185.9271,2.289,0,0,0.1581,0,275.05,playing,9
185.9436,2.289,0,0,0.21117,1,273.96,playing,9
185.9599,0.6902,0,0,0.21117,0,273.13,playing,9
185.9759,0.6902,0,0,0.21117,0,272.63,playing,9
185.992,0.6902,0,0,0.2463,0,272.41,playing,9
186.0076,-0.1376,0,0,0.2463,0,272.47,playing,9
186.0236,-0.1376,0,0,0.2463,0,272.81,playing,9
186.0396,-0.1376,0,0,0.27734,0,273.44,playing,9
186.0557,-0.9652,0,0,0.27734,0,274.34,playing,9
186.0717,-0.9652,0,0,0.27734,0,275.53,playing,9
186.0888,-1.1177,0,0,0.26348,0,277.0,playing,9
186.1053,-1.1177,0,0,0.26348,0,278.88,playing,9
186.1224,-1.1177,0,0,0.26348,0,281.07,playing,9
186.1391,-1.0928,0,0,0.25055,0,283.59,playing,9
186.1551,-1.0928,0,0,0.25055,0,286.23,playing,9
186.1707,-1.0928,0,0,0.25055,0,289.16,playing,9
186.1868,-1.2381,0,0,0.2416,0,292.38,playing,9
186.2028,-1.2381,0,0,0.2416,0,295.87,playing,9
186.2188,-1.2381,0,0,0.2416,0,299.64,playing,9
186.2349,-10.1972,0,0,0.2416,0,303.7,playing,9
186.2505,-10.1972,0,0,0.2416,0,308.04,playing,9
186.267,-12.2897,1,0,0.2416,0,312.66,playing,9
186.2835,-8.8391,0,0,0.28684,0,306.34,playing,9
186.2996,-8.8391,0,0,0.28684,0,300.68,playing,9
186.3161,-2.5045,0,0,0.28684,0,295.31,playing,9
186.3317,-2.5045,0,0,0.23237,0,290.21,playing,9
186.3483,-2.5045,0,0,0.23237,0,285.4,playing,9
186.3648,6.8296,0,0,0.23237,0,280.6,playing,9
186.3816,6.8296,0,0,0.14712,0,276.37,playing,9
186.3976,6.8296,0,0,0.14712,0,272.18,playing,9
186.4137,7.77,0,0,0.14712,0,268.53,playing,9
186.4297,7.77,0,0,0.1531,0,265.16,playing,9
186.4458,7.77,0,0,0.1531,0,262.07,playing,9
186.4618,5.5132,0,0,0.1531,0,259.26,playing,9
186.4784,5.5132,0,0,0.18245,0,256.74,playing,9
186.4949,2.8792,0,0,0.18245,0,254.37,playing,9
186.5105,2.8792,0,0,0.18245,0,252.42,playing,9
186.5265,2.8792,0,0,0.18897,0,250.76,playing,9
186.5431,2.8792,0,0,0.18897,0,249.38,playing,9
186.5612,2.8792,0,0,0.18897,1,248.28,playing,9
186.5784,2.8792,0,0,0.23132,0,247.37,playing,9
186.5947,0.3809,0,0,0.23132,0,246.87,playing,9
186.6129,0.3809,0,0,0.23132,0,246.69,playing,9
186.6304,-0.0892,0,0,0.23132,0,246.86,playing,9
186.6471,-0.0892,0,0,0.23132,0,247.34,playing,9
186.6627,-0.0892,0,0,0.23132,0,248.07,playing,9
186.679,-0.9087,0,0,0.24992,0,249.08,playing,9
186.695,-0.9087,0,0,0.24992,0,250.37,playing,9
186.7104,-0.9087,0,0,0.24992,0,251.95,playing,9
186.7265,-1.3512,0,0,0.27399,0,253.8,playing,9
186.743,-1.3512,0,0,0.27399,0,255.94,playing,9
186.7606,-1.3512,0,0,0.27399,0,258.53,playing,9
186.7771,-1.4894,0,0,0.23572,0,261.44,playing,9
186.7927,-1.4894,0,0,0.23572,0,264.45,playing,9
186.8092,-3.2317,0,0,0.23572,0,267.75,playing,9
186.8268,-3.2317,0,0,0.23572,0,271.58,playing,9
186.8443,-3.2317,0,0,0.24173,0,275.98,playing,9
186.8608,-12.7481,1,0,0.24173,0,280.46,playing,9
186.8774,-12.7481,0,0,0.24173,0,274.5,playing,9
186.894,-12.7481,0,0,0.26394,0,268.49,playing,9
186.9101,-7.613,0,0,0.26394,0,263.11,playing,9
186.9261,-7.613,0,0,0.26394,0,258.01,playing,9
186.9428,-7.613,0,0,0.21855,0,252.92,playing,9
186.9588,10.8658,0,0,0.21855,0,248.4,playing,9
186.9753,10.8658,0,0,0.21855,0,244.17,playing,9
186.9919,10.6301,0,0,0.21855,0,239.99,playing,9
187.0083,10.6301,0,0,0.21855,0,236.34,playing,9
187.0253,10.6301,0,0,0.21855,0,232.77,playing,9
187.0424,10.6301,0,0,0.16552,0,229.53,playing,9
187.0595,10.6301,0,0,0.16552,0,226.6,playing,9
187.0762,10.6301,0,0,0.16552,0,223.99,playing,9
187.0928,8.3671,0,0,0.15014,0,221.7,playing,9
187.1091,8.3671,0,0,0.15014,0,219.82,playing,9
187.1251,6.4615,0,0,0.15014,0,218.23,playing,9
187.1412,6.4615,0,0,0.15014,0,216.92,playing,9
187.1574,6.4615,0,0,0.21895,1,215.84,playing,9
187.1735,1.4612,0,0,0.21895,0,215.11,playing,9
187.19,0.7679,0,0,0.21895,0,214.66,playing,9
187.2066,0.7679,0,0,0.21895,0,214.49,playing,9
187.2231,-0.0079,0,0,0.2278,0,214.63,playing,9
187.2403,-0.0079,0,0,0.2278,0,215.09,playing,9
187.2564,-0.0079,0,0,0.2278,0,215.86,playing,9
187.2725,-1.1754,0,0,0.26833,0,216.88,playing,9
187.2895,-1.1754,0,0,0.26833,0,218.17,playing,9
187.3056,-1.165,0,0,0.26833,0,219.86,playing,9
187.3224,-1.165,0,0,0.25916,0,221.73,playing,9
187.3385,-1.165,0,0,0.25916,0,224.04,playing,9
187.3545,-1.6308,0,0,0.25916,0,226.5,playing,9
187.3706,-1.6308,0,0,0.26049,0,229.23,playing,10
187.3871,-1.6308,0,0,0.26049,0,232.25,playing,10
187.4027,-1.065,0,0,0.26049,0,235.55,playing,10
187.4197,-1.065,0,0,0.26389,0,239.13,playing,10
187.4364,-1.065,0,0,0.26389,0,243.25,playing,10
187.4523,-1.1188,0,0,0.26389,0,247.69,playing,10
187.4685,-1.1188,0,0,0.26314,0,252.15,playing,10
187.485,-7.6697,0,0,0.26314,0,256.9,playing,10
187.5011,-7.6697,0,0,0.26314,0,261.92,playing,10
187.5184,-7.6697,0,0,0.28156,0,267.58,playing,10
187.5354,-10.0499,1,0,0.28156,0,273.55,playing,10
187.5527,-10.0499,0,0,0.26901,0,267.24,playing,10
187.5688,-10.0499,0,0,0.26901,0,261.24,playing,10
187.5845,-1.7424,0,0,0.26901,0,255.88,playing,10
187.6011,-1.7424,0,0,0.15804,0,250.81,playing,10
187.6167,-1.7424,0,0,0.15804,0,246.01,playing,10
187.6332,10.0928,0,0,0.15804,0,241.49,playing,10
187.6502,10.0928,0,0,0.15804,0,237.01,playing,10
187.6668,8.129,0,0,0.14979,0,232.85,playing,10
187.6829,8.129,0,0,0.14979,0,229.22,playing,10
187.699,8.129,0,0,0.14979,0,225.86,playing,10
187.7144,3.7247,0,0,0.1166,0,222.79,playing,10
187.731,3.7247,0,0,0.1166,0,220.0,playing,10
187.7475,3.7247,0,0,0.1166,0,217.49,playing,10
187.7641,2.3083,0,0,0.12398,0,215.14,playing,10
187.7811,2.3083,0,0,0.12398,0,213.11,playing,10
187.7977,2.3083,0,0,0.12398,0,211.4,playing,10
187.8142,0.9176,0,0,0.15474,0,210.07,playing,10
187.8308,0.9176,0,0,0.15474,0,208.98,playing,10
187.8464,-0.2913,0,0,0.15474,0,208.23,playing,10
187.8629,-0.2913,0,0,0.23611,1,207.76,playing,10
187.879,-0.2913,0,0,0.23611,0,207.58,playing,10
187.895,-0.4886,0,0,0.23611,0,207.67,playing,10
187.9111,-0.4886,0,0,0.23611,0,208.05,playing,10
187.9276,-0.4886,0,0,0.21768,0,208.77,playing,10
187.9436,-0.6638,0,0,0.21768,0,209.73,playing,10
187.9602,-0.6638,0,0,0.21768,0,210.97,playing,10
187.9773,-0.6638,0,0,0.25024,0,212.6,playing,10
187.9937,-0.7874,0,0,0.25024,0,214.56,playing,10
188.0103,-0.7874,0,0,0.25024,0,216.68,playing,10
188.0268,-0.9398,0,0,0.25024,0,219.25,playing,10
188.0424,-0.9398,0,0,0.25024,0,221.95,playing,10
188.0594,-0.9398,0,0,0.25024,0,224.93,playing,10
188.0765,-1.0285,0,0,0.23252,0,228.42,playing,10
188.0925,-1.0285,0,0,0.23252,0,232.22,playing,10
188.1096,-1.0285,0,0,0.23252,0,236.08,playing,10
188.1265,-1.1145,0,0,0.27231,0,240.51,playing,10
188.1434,-1.1145,0,0,0.27231,0,245.24,playing,10
188.1602,-1.4146,0,0,0.27231,0,250.3,playing,10
188.1773,-1.4146,0,0,0.246,0,255.68,playing,10
188.1939,-1.4146,0,0,0.246,0,261.37,playing,10
188.2105,-1.7364,0,0,0.246,0,267.01,playing,10
188.2265,-1.7364,0,0,0.26841,0,273.32,playing,10
188.2426,-1.7364,0,0,0.26841,0,279.54,playing,10
188.2583,-1.7364,0,0,0.26841,0,286.04,playing,10
188.2744,-1.7364,0,0,0.26841,0,292.83,playing,10
188.291,-1.7364,0,0,0.2736,0,299.89,playing,10
188.3081,-9.3732,0,0,0.2736,0,307.72,playing,10
188.3237,-9.3732,0,0,0.2736,0,315.37,playing,10
188.3394,-17.1102,1,0,0.26873,0,323.29,playing,10
188.3555,-17.1102,0,0,0.26873,0,317.34,playing,10
188.3721,-17.1102,0,0,0.26873,0,311.66,playing,10
188.3882,-1.9948,0,0,0.26873,0,306.26,playing,10
188.4035,-1.9948,0,0,0.23155,0,301.15,playing,10
188.4196,-1.9948,0,0,0.23155,0,296.32,playing,10
188.4366,-1.9948,0,0,0.23155,0,291.77,playing,10
188.4527,-1.9948,0,0,0.16593,0,287.25,playing,10
188.4688,-1.9948,0,0,0.16593,0,283.28,playing,10
188.4854,11.8079,0,0,0.16593,0,279.59,playing,10
188.502,11.8079,0,0,0.14702,0,275.99,playing,10
188.5193,9.6772,0,0,0.14702,0,272.89,playing,10
188.5358,7.8966,0,0,0.14702,0,269.75,playing,10
188.5514,7.8966,0,0,0.14702,0,267.24,playing,10
188.5676,5.9352,0,0,0.15856,0,265.01,playing,10
188.5837,5.9352,0,0,0.15856,0,263.06,playing,10
188.5997,5.9352,0,0,0.15856,0,261.4,playing,10
188.6163,2.0065,0,0,0.17014,0,260.02,playing,10
188.6334,2.0065,0,0,0.17014,0,258.87,playing,10
188.6494,2.0065,0,0,0.17014,0,258.03,playing,10
188.6662,2.0065,0,0,0.17014,0,257.53,playing,10
188.683,2.0065,0,0,0.20523,1,257.32,playing,10
188.6985,2.0065,0,0,0.20523,0,257.39,playing,10
188.7148,1.2042,0,0,0.20523,0,257.75,playing,10
188.7315,0.4477,0,0,0.20523,0,258.4,playing,10
188.749,-0.6408,0,0,0.20523,0,259.4,playing,10
188.7656,-0.6408,0,0,0.24163,0,260.71,playing,10
188.7817,-0.6408,0,0,0.24163,0,262.35,playing,10
188.7985,-0.93,0,0,0.24163,0,264.17,playing,10
188.8147,-0.93,0,0,0.24163,0,266.42,playing,10
188.8313,-0.93,0,0,0.24529,0,268.82,playing,10
188.8485,-1.185,0,0,0.24529,0,271.69,playing,10
188.8646,-1.185,0,0,0.23199,0,274.88,playing,10
188.8812,-1.0971,0,0,0.23199,0,278.16,playing,10
188.8979,-1.0971,0,0,0.23199,0,281.97,playing,10
188.9136,-1.0971,0,0,0.24207,0,285.83,playing,10
188.9298,-1.0384,0,0,0.24207,0,289.97,playing,10
188.9456,-1.0384,0,0,0.24207,0,294.4,playing,10
188.9618,-1.0384,0,0,0.21117,0,299.11,playing,10
188.9781,-8.2561,0,0,0.21117,0,304.09,playing,10
188.9942,-8.2561,0,0,0.21117,0,309.36,playing,10
189.0104,-8.2561,0,0,0.24529,0,315.28,playing,10
189.027,-15.1844,1,0,0.24529,0,321.13,playing,10
189.0431,-15.1844,0,0,0.24529,0,315.18,playing,10
189.0587,-4.6585,0,0,0.2373,0,309.5,playing,10
189.0749,-4.6585,0,0,0.2373,0,304.1,playing,10
189.0905,-4.6585,0,0,0.2373,0,298.99,playing,10
189.1076,6.2587,0,0,0.23648,0,294.16,playing,10
189.1236,6.2587,0,0,0.23648,0,289.34,playing,10
189.1401,6.2587,0,0,0.23648,0,285.09,playing,10
189.1567,11.4252,0,0,0.11971,0,281.12,playing,10
189.1733,11.4252,0,0,0.11971,0,277.22,playing,10
189.1905,11.4252,0,0,0.11971,0,273.64,playing,10
189.2075,8.4844,0,0,0.11971,0,270.38,playing,10
189.2239,8.4844,0,0,0.11971,0,267.43,playing,11
189.2393,6.3469,0,0,0.11702,0,264.94,playing,11
189.2558,6.3469,0,0,0.11702,0,262.73,playing,11
189.2719,6.3469,0,0,0.11702,0,260.8,playing,11
189.288,2.4715,0,0,0.11702,0,259.15,playing,11
189.3036,2.4715,0,0,0.11702,0,257.79,playing,11
189.3197,2.4715,0,0,0.15475,0,256.71,playing,11
189.3358,1.5926,0,0,0.15475,0,255.9,playing,11
189.3517,1.5926,0,0,0.15475,0,255.38,playing,11
189.3677,1.5926,0,0,0.1963,0,255.15,playing,11
189.3843,1.5926,0,0,0.1963,0,255.19,playing,11
189.4006,1.5926,0,0,0.1963,0,255.55,playing,11
189.4171,1.1495,0,0,0.20138,0,256.18,playing,11
189.4337,1.1495,0,0,0.20138,0,257.16,playing,11
189.4497,1.1495,0,0,0.20138,0,258.36,playing,11
189.4663,1.1495,0,0,0.21585,1,259.85,playing,11
189.4828,1.1495,0,0,0.21585,0,261.75,playing,11
189.4989,1.1495,0,0,0.21585,0,263.81,playing,11
189.5155,-1.2869,0,0,0.25917,0,266.16,playing,11
189.5321,-1.2869,0,0,0.25917,0,268.98,playing,11
189.5482,-1.2869,0,0,0.25917,0,271.91,playing,11
189.5652,-0.9716,0,0,0.22871,0,275.34,playing,11
189.5818,-0.9716,0,0,0.22871,0,279.08,playing,11
189.5978,-1.3169,0,0,0.22871,0,282.89,playing,11
189.6138,-1.3169,0,0,0.236,0,286.99,playing,11
189.6301,-1.3169,0,0,0.236,0,291.36,playing,11
189.6464,-2.2453,0,0,0.236,0,296.01,playing,11
189.663,-2.2453,0,0,0.23692,0,301.28,playing,11
189.6796,-2.2453,0,0,0.23692,0,306.51,playing,11
189.6956,-1.761,0,0,0.23692,0,312.39,playing,11
189.7127,-1.761,0,0,0.24561,0,318.21,playing,11
189.7287,-1.761,0,0,0.24561,0,324.7,playing,11
189.7447,-15.0676,1,0,0.24561,0,331.1,playing,11
189.7608,-15.0676,0,0,0.21938,0,325.14,playing,11
189.7769,-15.0676,0,0,0.21938,0,319.47,playing,11
189.7935,-9.5764,0,0,0.21938,0,313.75,playing,11
189.8096,-9.5764,0,0,0.2654,0,308.66,playing,11
189.8262,10.0705,0,0,0.2654,0,303.84,playing,11
189.8439,10.0705,0,0,0.2654,0,299.04,playing,11
189.8599,10.0705,0,0,0.2654,0,294.57,playing,11
189.8756,10.8963,0,0,0.13253,0,290.63,playing,11
189.892,10.8963,0,0,0.13253,0,286.98,playing,11
189.9081,10.8963,0,0,0.13253,0,283.61,playing,11
189.9246,9.1582,0,0,0.1525,0,280.34,playing,11
189.9412,9.1582,0,0,0.1525,0,277.55,playing,11
189.9577,6.927,0,0,0.1525,0,274.91,playing,11
189.9734,5.3185,0,0,0.15224,0,272.7,playing,11
189.99,5.3185,0,0,0.15224,0,270.77,playing,11
190.0055,3.5454,0,0,0.15224,0,269.12,playing,11
190.0216,3.5454,0,0,0.22291,1,267.76,playing,11
190.0377,3.5454,0,0,0.22291,0,266.67,playing,11
190.0541,0.8666,0,0,0.22291,0,265.87,playing,11
190.0702,0.8666,0,0,0.22284,0,265.35,playing,11
190.0869,0.8666,0,0,0.22284,0,265.12,playing,11
190.103,0.1435,0,0,0.22284,0,265.18,playing,11
190.119,0.1435,0,0,0.22284,0,265.52,playing,11
190.1351,0.1435,0,0,0.23662,0,266.14,playing,11
190.1522,-0.6072,0,0,0.23662,0,267.13,playing,11
190.1689,-0.6072,0,0,0.23662,0,268.42,playing,11
190.1849,-1.3479,0,0,0.20879,0,269.93,playing,11
190.2015,-1.3479,0,0,0.20879,0,271.71,playing,11
190.218,-1.3479,0,0,0.20879,0,273.93,playing,11
190.234,-1.3386,0,0,0.21489,0,276.3,playing,11
190.2501,-1.3386,0,0,0.21489,0,278.94,playing,11
190.2661,-1.3386,0,0,0.21489,0,281.87,playing,11
190.2833,-2.6145,0,0,0.25544,0,285.3,playing,11
190.2996,-2.6145,0,0,0.25544,0,289.05,playing,11
190.3162,-2.6145,0,0,0.25544,0,292.86,playing,11
190.333,-2.6145,0,0,0.24155,0,297.23,playing,11
190.3485,-2.6145,0,0,0.24155,0,301.62,playing,11
190.3649,-5.3175,0,0,0.24155,0,306.29,playing,11
190.3805,-12.1209,1,0,0.24155,0,311.24,playing,11
190.397,-12.1209,0,0,0.26769,0,305.28,playing,11
190.4131,-9.008,0,0,0.26769,0,299.61,playing,11
190.4293,-9.008,0,0,0.26769,0,294.21,playing,11
190.4459,-9.008,0,0,0.22703,0,288.8,playing,11
190.4623,-4.6638,0,0,0.22703,0,283.98,playing,11
190.4788,-4.6638,0,0,0.22703,0,279.19,playing,11
190.4944,-4.6638,0,0,0.17372,0,274.95,playing,11
190.5112,13.3637,0,0,0.17372,0,271.0,playing,11
190.5272,13.3637,0,0,0.17372,0,267.33,playing,11
190.5435,12.6958,0,0,0.16534,0,263.75,playing,11
190.5605,12.6958,0,0,0.16534,0,260.66,playing,11
190.5776,12.6958,0,0,0.16534,0,257.69,playing,11
190.5937,9.4034,0,0,0.14737,0,255.05,playing,11
190.6102,9.4034,0,0,0.14737,0,252.84,playing,11
190.6272,9.4034,0,0,0.14737,0,250.81,playing,11
190.6442,4.9456,0,0,0.157,0,249.1,playing,11
190.6613,4.9456,0,0,0.157,0,247.7,playing,11
190.6784,2.8564,0,0,0.157,0,246.63,playing,11
190.6952,2.8564,0,0,0.157,0,245.87,playing,11
190.7118,2.8564,0,0,0.157,0,245.43,playing,11
190.7289,0.5871,0,0,0.16663,0,245.3,playing,11
190.7445,0.5871,0,0,0.16663,0,245.47,playing,11
190.7611,0.5871,0,0,0.16663,0,245.92,playing,11
190.7773,-0.2718,0,0,0.16663,0,246.65,playing,11
190.7945,-0.2718,0,0,0.21282,1,247.74,playing,11
190.811,-0.2718,0,0,0.21282,0,249.15,playing,11
190.827,-0.5636,0,0,0.21282,0,250.76,playing,11
190.8431,-0.5636,0,0,0.241,0,252.65,playing,11
190.8597,-1.18,0,0,0.241,0,254.98,playing,11
190.8762,-1.18,0,0,0.241,0,257.45,playing,11
190.8928,-1.18,0,0,0.24271,0,260.4,playing,11
190.9088,-1.606,0,0,0.24271,0,263.45,playing,11
190.9243,-1.606,0,0,0.24271,0,266.78,playing,11
190.9404,-1.606,0,0,0.2542,0,270.4,playing,11
190.9569,-2.6427,0,0,0.2542,0,274.3,playing,11
190.973,-2.6427,0,0,0.2542,0,278.48,playing,11
190.989,-2.6427,0,0,0.23209,0,282.94,playing,11
191.0048,-2.4795,0,0,0.23209,0,287.68,playing,11
191.0206,-2.4795,0,0,0.23209,0,292.7,playing,11
191.037,-6.0859,0,0,0.20242,0,298.01,playing,11
191.0536,-6.0859,0,0,0.20242,0,303.97,playing,12
191.0696,-6.0859,0,0,0.20242,0,309.85,playing,12
191.0858,-12.8291,1,0,0.24078,1,316.02,playing,12
191.1024,-12.8291,0,0,0.24078,0,310.06,playing,12
191.1195,-12.8291,0,0,0.24078,0,304.05,playing,12
191.1367,-8.0451,0,0,0.24078,0,298.35,playing,12
191.1529,-8.0451,0,0,0.17169,0,292.98,playing,12
191.1694,-8.0451,0,0,0.17169,0,288.2,playing,12
191.186,11.7644,0,0,0.17169,0,283.44,playing,12
191.2022,11.7644,0,0,0.15789,0,279.24,playing,12
191.2176,11.7644,0,0,0.15789,0,275.32,playing,12
191.2338,13.3957,0,0,0.15789,0,271.69,playing,12
191.2502,13.3957,0,0,0.15789,0,268.33,playing,12
191.2662,11.1283,0,0,0.15918,0,265.26,playing,12
191.2824,11.1283,0,0,0.15918,0,262.32,playing,12
191.2985,11.1283,0,0,0.15918,0,259.82,playing,12
191.3146,6.1335,0,0,0.15052,0,257.61,playing,12
191.3317,6.1335,0,0,0.15052,0,255.69,playing,12
191.3483,6.1335,0,0,0.15052,0,253.96,playing,12
191.3654,3.6476,0,0,0.19189,0,252.54,playing,12
191.3824,3.6476,0,0,0.19189,0,251.45,playing,12
191.3985,0.2218,0,0,0.19189,0,250.67,playing,12
191.4147,0.2218,0,0,0.21496,1,250.22,playing,12
191.4307,0.2218,0,0,0.21496,0,250.05,playing,12
191.4472,-0.8361,0,0,0.21496,0,250.17,playing,12
191.464,-0.8361,0,0,0.19068,0,250.61,playing,12
191.4796,-0.8361,0,0,0.19068,0,251.3,playing,12
191.4956,-1.6713,0,0,0.19068,0,252.28,playing,12
191.5117,-1.6713,0,0,0.2067,0,253.53,playing,12
191.5277,-1.6713,0,0,0.2067,0,255.07,playing,12
191.5439,-2.0943,0,0,0.2067,0,256.89,playing,12
191.5599,-2.0943,0,0,0.22307,0,259.0,playing,12
191.5765,-2.0943,0,0,0.22307,0,261.38,playing,12
191.593,-1.9041,0,0,0.22307,0,264.23,playing,12
191.609,-1.9041,0,0,0.23596,0,267.2,playing,12
191.6251,-2.0452,0,0,0.23596,0,270.44,playing,12
191.6416,-2.0452,0,0,0.23596,0,273.97,playing,12
191.6581,-2.0452,0,0,0.25948,0,278.04,playing,12
191.6752,-1.8537,0,0,0.25948,0,282.42,playing,12
191.6927,-1.8537,0,0,0.25948,0,287.12,playing,12
191.7089,-1.8537,0,0,0.25908,0,292.14,playing,12
191.7249,-2.3345,0,0,0.25908,0,297.15,playing,12
191.7415,-2.3345,0,0,0.26415,0,302.44,playing,12
191.7581,-1.719,0,0,0.26415,0,308.37,playing,12
191.7746,-1.3631,0,0,0.26415,0,314.63,playing,12
191.7911,-1.3631,0,0,0.26415,0,320.8,playing,12
191.8077,-4.975,0,0,0.21422,0,327.67,playing,12
191.8237,-4.975,0,0,0.21422,0,334.42,playing,12
191.8399,-4.975,0,0,0.21422,0,341.45,playing,12
191.8565,-16.135,1,0,0.21422,0,348.76,playing,12
191.8728,-11.9018,0,0,0.24531,0,342.45,playing,12
191.8888,-11.9018,0,0,0.24531,0,336.79,playing,12
191.9048,-6.766,0,0,0.24531,0,331.41,playing,12
191.9219,-6.766,0,0,0.24531,0,326.31,playing,12
191.9375,6.2968,0,0,0.24209,0,321.22,playing,12
191.9551,13.1433,0,0,0.24209,0,316.44,playing,12
191.9711,13.1433,0,0,0.24209,0,312.22,playing,12
191.9867,11.9133,0,0,0.16072,0,308.29,playing,12
192.0032,11.9133,0,0,0.16072,0,304.64,playing,12
192.0199,11.9133,0,0,0.16072,0,301.07,playing,12
192.036,9.1403,0,0,0.15036,0,298.0,playing,12
192.0521,9.1403,0,0,0.15036,0,295.21,playing,12
192.0676,9.1403,0,0,0.15036,0,292.7,playing,12
192.0841,5.0478,0,0,0.15207,0,290.47,playing,12
192.1012,5.0478,0,0,0.15207,0,288.43,playing,12
192.1178,3.041,0,0,0.15207,0,286.69,playing,12
192.1342,3.041,0,0,0.15072,0,285.35,playing,12
192.1507,3.041,0,0,0.15072,0,284.23,playing,12
192.1667,0.2345,0,0,0.15072,0,283.47,playing,12
192.1823,0.2345,0,0,0.19266,0,282.98,playing,12
192.1994,0.2345,0,0,0.19266,0,282.78,playing,12
192.2159,0.2345,0,0,0.19266,0,282.88,playing,12
192.2316,0.2345,0,0,0.25446,1,283.26,playing,12
192.2482,0.2345,0,0,0.25446,0,283.92,playing,12
192.2647,-0.8716,0,0,0.25446,0,284.86,playing,12
192.2813,-0.8716,0,0,0.22381,0,286.18,playing,12
192.2979,-1.4164,0,0,0.22381,0,287.81,playing,12
192.3136,-1.6916,0,0,0.22381,0,289.63,playing,12
192.3297,-1.6916,0,0,0.23293,0,291.74,playing,12
192.3462,-1.565,0,0,0.23293,0,294.12,playing,12
192.3632,-1.565,0,0,0.23293,0,296.97,playing,12
192.3798,-1.565,0,0,0.22843,0,300.14,playing,12
192.3958,-1.88,0,0,0.22843,0,303.4,playing,12
192.4119,-1.88,0,0,0.22843,0,306.95,playing,12
192.4275,-1.88,0,0,0.23567,0,310.78,playing,12
192.4435,-1.8808,0,0,0.23567,0,314.88,playing,12
192.4605,-1.8808,0,0,0.23567,0,319.28,playing,12
192.4766,-1.8808,0,0,0.2594,0,324.26,playing,12
192.4926,-11.3541,0,0,0.2594,0,329.23,playing,12
192.5086,-11.3541,0,0,0.2594,0,334.48,playing,12
192.5252,-10.5824,1,0,0.26402,0,340.02,dead,12
192.5413,-10.5824,0,0,0.26402,0,285.0,playing,0
192.5573,-10.5824,0,0,0.26402,0,279.04,playing,0
192.5738,-5.9326,0,0,0.26402,0,273.36,playing,0
192.5899,-5.9326,0,0,0.26402,0,267.97,playing,0
192.6064,-5.9326,0,0,0.26402,0,262.86,playing,0
192.623,11.0491,0,0,0.20561,0,257.74,playing,0
192.6391,11.0491,0,0,0.20561,0,253.21,playing,0
192.6546,11.0491,0,0,0.20561,0,248.96,playing,0
192.6713,13.3782,0,0,0.15057,0,244.99,playing,0
192.6884,13.3782,0,0,0.15057,0,241.09,playing,0
192.7054,10.917,0,0,0.15057,0,237.51,playing,0
192.722,10.917,0,0,0.15029,0,234.24,playing,0
192.7376,10.917,0,0,0.15029,0,231.45,playing,0
192.7545,5.9515,0,0,0.15029,0,228.94,playing,0
192.7711,5.9515,0,0,0.12262,0,226.59,playing,0
192.7871,5.9515,0,0,0.12262,0,224.67,playing,0
192.8036,3.6437,0,0,0.12262,0,222.94,playing,0
192.8202,3.6437,0,0,0.1398,0,221.59,playing,0
192.8373,3.6437,0,0,0.1398,0,220.48,playing,0
192.8539,1.1718,0,0,0.1398,0,219.68,playing,0
192.8693,1.1718,0,0,0.22751,1,219.21,playing,0
192.8858,-0.1505,0,0,0.22751,0,219.03,playing,0
192.9019,-0.1505,0,0,0.22751,0,219.12,playing,0
192.9184,-0.1505,0,0,0.22751,0,219.5,playing,0
192.9346,-1.2002,0,0,0.20168,0,220.22,playing,0
192.9512,-1.2002,0,0,0.20168,0,221.18,playing,0
192.9667,-1.2002,0,0,0.20168,0,222.42,playing,0
192.9832,-1.7282,0,0,0.20168,0,223.94,playing,0
193.0003,-1.7282,0,0,0.20168,0,225.87,playing,0
193.0169,-1.7282,0,0,0.20168,0,228.13,playing,0
193.033,-1.9926,0,0,0.20168,0,230.53,playing,0
193.0486,-1.9926,0,0,0.26011,0,233.21,playing,0
193.0649,-2.0875,0,0,0.26011,0,236.18,playing,0
193.081,-2.0875,0,0,0.26011,0,239.42,playing,0
193.0965,-2.0875,0,0,0.26011,0,242.95,playing,0
193.1128,-2.3528,0,0,0.24993,0,246.76,playing,0
193.1288,-2.3528,0,0,0.24993,0,250.85,playing,0
193.1454,-2.3528,0,0,0.24993,0,255.22,playing,0
193.163,-3.6572,0,0,0.24219,0,260.19,playing,0
193.1785,-3.6572,0,0,0.24219,0,265.47,playing,0
193.1951,-3.6572,0,0,0.24219,0,270.72,playing,0
193.2115,-13.5331,1,0,0.25046,0,276.62,playing,0
193.2276,-13.5331,0,0,0.25046,0,270.66,playing,0
193.2436,-8.5633,0,0,0.25046,0,264.99,playing,0
193.2602,-8.5633,0,0,0.25479,0,259.59,playing,0
193.2768,-8.5633,0,0,0.25479,0,254.18,playing,0
193.2923,9.3868,0,0,0.25479,0,249.36,playing,0
193.3094,9.3868,0,0,0.16754,0,244.83,playing,0
193.3264,9.3868,0,0,0.16754,0,240.33,playing,0
193.3435,12.8058,0,0,0.16754,0,236.15,playing,0
193.3605,12.8058,0,0,0.1614,0,232.29,playing,0
193.3766,12.8058,0,0,0.1614,0,228.74,playing,0
193.3927,11.1042,0,0,0.1614,0,225.69,playing,0
193.4087,11.1042,0,0,0.15017,0,222.92,playing,0
193.4253,8.0734,0,0,0.15017,0,220.43,playing,0
193.4418,5.9801,0,0,0.15017,0,218.1,playing,0
193.4579,5.9801,0,0,0.15559,0,216.19,playing,0
193.4734,3.9278,0,0,0.15559,0,214.56,playing,0
193.49,3.9278,0,0,0.15559,0,213.21,playing,0
193.5059,3.9278,0,0,0.19195,0,212.15,playing,0
193.5221,1.0102,0,0,0.19195,0,211.36,playing,0
193.5374,1.0102,0,0,0.19195,0,210.86,playing,0
193.5542,1.0102,0,0,0.2406,1,210.64,playing,0
193.5708,-0.0429,0,0,0.2406,0,210.72,playing,0
193.5868,-0.0429,0,0,0.2406,0,211.08,playing,0
193.6031,-0.7277,0,0,0.2604,0,211.72,playing,0
193.6186,-0.7277,0,0,0.2604,0,212.65,playing,0
193.6353,-0.7277,0,0,0.2604,0,213.85,playing,0
193.6518,-1.6656,0,0,0.21365,0,215.45,playing,0
193.6679,-1.6656,0,0,0.21365,0,217.23,playing,0
193.6839,-1.6656,0,0,0.21365,0,219.3,playing,0
193.6999,-2.1078,0,0,0.26389,0,221.65,playing,0
193.7155,-2.1078,0,0,0.26389,0,224.28,playing,0
193.7321,-2.1078,0,0,0.26389,0,227.19,playing,0
193.7484,-15.9975,1,0,0.25422,0,230.39,playing,0
193.7649,-15.9975,0,0,0.25422,0,224.07,playing,0
193.7811,-15.9975,0,0,0.25422,0,218.42,playing,0
193.7973,-10.9477,0,0,0.26778,0,213.04,playing,0
193.8138,-10.9477,0,0,0.26778,0,207.64,playing,0
193.8304,2.4086,0,0,0.26778,0,202.84,playing,0
193.8474,2.4086,0,0,0.25463,0,198.07,playing,0
193.864,2.4086,0,0,0.25463,0,193.61,playing,0
193.88,2.4086,0,0,0.25463,0,189.69,playing,0
193.8961,2.4086,0,0,0.18976,0,186.05,playing,0
193.9132,2.4086,0,0,0.18976,0,182.51,playing,0
193.9297,11.6043,0,0,0.18976,0,179.28,playing,0
193.9463,11.6043,0,0,0.18976,0,176.53,playing,0
193.9628,11.6043,0,0,0.17653,0,173.92,playing,0
193.9784,7.0962,0,0,0.17653,0,171.74,playing,0
193.9949,7.0962,0,0,0.17653,0,169.85,playing,0
194.0107,4.817,0,0,0.14228,0,168.24,playing,0
194.0273,4.817,0,0,0.14228,0,166.91,playing,0
194.0434,4.817,0,0,0.14228,0,165.81,playing,0
194.0595,1.9395,0,0,0.17201,0,165.07,playing,0
194.0755,1.9395,0,0,0.17201,0,164.6,playing,0
194.0916,1.9395,0,0,0.17201,0,164.41,playing,0
194.1082,1.9395,0,0,0.19954,0,164.51,playing,0
194.1253,1.9395,0,0,0.19954,0,164.93,playing,0
194.1433,0.4644,0,0,0.19954,0,165.67,playing,0
194.1601,-0.2646,0,0,0.21811,1,166.8,playing,0
194.1767,-0.2646,0,0,0.21811,0,168.2,playing,0
194.1927,-1.2267,0,0,0.21811,0,169.79,playing,0
194.2092,-1.2267,0,0,0.21811,0,171.66,playing,0
194.2258,-1.2267,0,0,0.25947,0,173.97,playing,0
194.242,-1.422,0,0,0.25947,0,176.43,playing,0
194.2581,-1.422,0,0,0.25947,0,179.16,playing,0
194.2743,-1.422,0,0,0.25885,0,182.18,playing,0
194.2909,-2.139,0,0,0.25885,0,185.7,playing,0
194.3069,-2.139,0,0,0.25885,0,189.3,playing,0
194.3235,-1.6868,0,0,0.25058,0,193.18,playing,0
194.3404,-1.6868,0,0,0.25058,0,197.62,playing,0
194.3569,-1.6868,0,0,0.25058,0,202.38,playing,0
194.3734,-4.2518,0,0,0.27664,0,207.14,playing,0
194.39,-4.2518,0,0,0.27664,0,212.52,playing,0
194.406,-4.2518,0,0,0.27664,0,217.86,playing,0
194.4221,-4.2518,0,0,0.27169,0,223.48,playing,0
194.4382,-4.2518,0,0,0.27169,0,229.38,playing,0
194.4544,-4.2518,0,0,0.27169,0,235.97,playing,0
194.4704,-7.3544,1,0,0.15394,0,242.46,playing,0
194.4875,-7.3544,0,0,0.15394,0,236.5,playing,0
194.504,8.6903,0,0,0.15394,0,230.49,playing,0
194.5206,8.6903,0,0,0.21277,1,225.11,playing,0
194.5367,8.6903,0,0,0.21277,0,219.71,playing,0
194.5529,13.9211,0,0,0.21277,0,214.92,playing,0
194.569,13.9211,0,0,0.18045,0,210.4,playing,0
194.5851,13.9211,0,0,0.18045,0,206.17,playing,0
194.6007,11.979,0,0,0.18045,0,202.22,playing,0
194.6164,11.979,0,0,0.18618,0,198.55,playing,0
194.633,11.979,0,0,0.18618,0,195.16,playing,0
194.6486,6.0339,0,0,0.18618,0,192.05,playing,0
194.6645,6.0339,0,0,0.14739,0,189.22,playing,0
194.681,6.0339,0,0,0.14739,0,186.68,playing,0
194.6971,3.7967,0,0,0.14739,0,184.42,playing,0
194.7131,3.7967,0,0,0.13735,0,182.44,playing,0
194.7306,0.756,0,0,0.13735,0,180.65,playing,0
194.7472,0.756,0,0,0.13735,0,179.18,playing,0
194.7632,0.756,0,0,0.18022,0,178.08,playing,0
194.7797,0.0484,0,0,0.18022,0,177.23,playing,0
194.7968,0.0484,0,0,0.18022,1,176.71,playing,0
194.8123,0.0484,0,0,0.24058,0,176.47,playing,0
194.8289,-0.9544,0,0,0.24058,0,176.54,playing,0
194.8464,-0.9544,0,0,0.24058,0,176.88,playing,0
194.864,-1.934,0,0,0.27231,0,177.62,playing,0
194.8806,-1.934,0,0,0.27231,0,178.72,playing,0
194.8966,-1.934,0,0,0.27231,0,179.97,playing,0
194.9132,-1.7476,0,0,0.24984,0,181.51,playing,0
194.9303,-1.7476,0,0,0.24984,0,183.47,playing,0
194.9469,-1.7476,0,0,0.24984,0,185.74,playing,0
194.963,-1.8347,0,0,0.26739,0,188.16,playing,0
194.9786,-1.8347,0,0,0.26739,0,190.86,playing,0
194.9947,-1.8347,0,0,0.26739,0,193.84,playing,1
195.0117,-1.7488,0,0,0.28298,0,197.1,playing,1
195.0277,-1.7488,0,0,0.28298,0,200.89,playing,1
195.0437,-1.7488,0,0,0.28298,0,204.74,playing,1
195.0598,-1.7488,0,0,0.25908,0,208.86,playing,1
195.0754,-1.7488,0,0,0.25908,0,213.27,playing,1
195.0915,-9.5388,1,0,0.25908,0,217.96,playing,1
195.1085,-9.5388,0,0,0.27331,0,212.0,playing,1
195.1251,-9.5388,0,0,0.27331,0,205.99,playing,1
195.1416,-0.9538,0,0,0.27331,0,200.61,playing,1
195.1577,-0.9538,0,0,0.14626,0,195.21,playing,1
195.1737,-0.9538,0,0,0.14626,0,190.42,playing,1
195.1903,8.8673,0,0,0.14626,0,185.9,playing,1
195.2067,8.8673,0,0,0.15032,0,181.42,playing,1
195.2227,6.8323,0,0,0.15032,0,177.49,playing,1
195.239,6.8323,0,0,0.15032,0,173.84,playing,1
195.2566,6.8323,0,0,0.16681,0,170.27,playing,1
195.2736,5.2139,0,0,0.16681,0,167.03,playing,1
195.2903,5.2139,0,0,0.16681,0,164.1,playing,1
195.3074,5.2139,0,0,0.13089,0,161.49,playing,1
195.3236,2.1672,0,0,0.13089,0,159.2,playing,1
195.3399,2.1672,0,0,0.16439,0,157.32,playing,1
195.356,2.1672,0,0,0.16439,0,155.73,playing,1
195.3716,1.664,0,0,0.16439,0,154.42,playing,1
195.3876,1.664,0,0,0.22095,1,153.39,playing,1
195.4037,0.9547,0,0,0.22095,0,152.64,playing,1
195.4204,0.9547,0,0,0.22095,0,152.17,playing,1
195.437,0.9547,0,0,0.2041,0,151.99,playing,1
195.4527,-0.3036,0,0,0.2041,0,152.11,playing,1
195.4696,-0.3036,0,0,0.2041,0,152.5,playing,1
195.4862,-0.3036,0,0,0.24554,0,153.24,playing,1
195.5019,-1.035,0,0,0.24554,0,154.22,playing,1
195.5184,-1.035,0,0,0.24554,0,155.47,playing,1
195.535,-1.035,0,0,0.28995,0,157.13,playing,1
195.5506,-1.2187,0,0,0.28995,0,158.97,playing,1
195.5666,-1.2187,0,0,0.28995,0,161.09,playing,1
195.5827,-1.4843,0,0,0.2542,0,163.49,playing,1
195.5988,-1.4843,0,0,0.2542,0,166.17,playing,1
195.6149,-1.4843,0,0,0.2542,0,169.14,playing,1
195.6317,-1.3285,0,0,0.26372,0,172.38,playing,1
195.6477,-1.3285,0,0,0.26372,0,176.15,playing,1
195.6638,-1.3285,0,0,0.26372,0,179.98,playing,1
195.6799,-1.324,0,0,0.24058,0,184.09,playing,1
195.6955,-1.324,0,0,0.24058,0,188.48,playing,1
195.712,-1.324,0,0,0.24058,0,193.15,playing,1
195.7284,-1.0264,0,0,0.24058,0,198.1,playing,1
195.7454,-1.0264,0,0,0.24185,0,203.68,playing,1
195.7615,-1.0264,0,0,0.24185,0,209.58,playing,1
195.7779,-0.4739,0,0,0.24185,0,215.42,playing,1
195.7935,-0.4739,0,0,0.24185,0,221.53,playing,1
195.8101,-0.0475,0,0,0.23801,0,227.93,playing,1
195.8259,-0.0475,0,0,0.23801,0,234.61,playing,1
195.8421,-0.0475,0,0,0.23801,0,241.57,playing,1
195.8588,-0.7816,0,0,0.23801,0,249.28,playing,1
195.8746,-0.7816,0,0,0.31355,0,256.82,playing,1
195.8913,-0.7816,0,0,0.31355,0,264.64,playing,1
195.9081,-0.7816,0,0,0.31355,0,273.27,playing,1
195.9252,-0.7816,0,0,0.31355,0,282.22,playing,1
195.9435,-0.6682,0,0,0.28819,0,292.05,playing,1
195.9601,-1.6754,0,0,0.28819,0,301.65,playing,1
195.9755,-1.6754,0,0,0.28819,0,310.97,playing,1
195.9921,-1.6754,0,0,0.27209,0,320.57,playing,1
196.0092,-1.6754,0,0,0.27209,0,331.09,playing,1
196.0262,-1.6754,0,0,0.27209,0,341.92,playing,1
196.043,-13.6386,1,0,0.25891,0,353.08,playing,1
196.0594,-13.6386,0,0,0.25891,0,347.12,playing,1
196.076,-13.6386,0,0,0.25891,0,341.1,playing,1
196.0916,-2.7545,0,0,0.25891,0,335.73,playing,1
196.1075,-2.7545,0,0,0.25891,0,330.63,playing,1
196.1237,8.4222,0,0,0.27759,0,325.82,playing,1
196.1403,8.4222,0,0,0.27759,0,321.28,playing,1
196.1568,8.4222,0,0,0.27759,0,316.78,playing,1
196.1734,12.3675,0,0,0.17899,0,312.83,playing,1
196.1919,12.3675,0,0,0.17899,0,308.95,playing,1
196.2075,12.3675,0,0,0.17899,0,305.2,playing,1
196.2236,9.6702,0,0,0.14888,0,302.14,playing,1
196.2402,9.6702,0,0,0.14888,0,299.37,playing,1
196.2567,9.6702,0,0,0.14888,0,296.74,playing,1
196.2729,7.1863,0,0,0.17291,0,294.55,playing,1
196.2885,7.1863,0,0,0.17291,0,292.64,playing,1
196.3045,3.0931,0,0,0.17291,0,291.01,playing,1
196.3211,3.0931,0,0,0.18319,0,289.66,playing,1
196.3376,3.0931,0,0,0.18319,0,288.55,playing,1
196.3541,2.0703,0,0,0.18319,0,287.78,playing,1
196.3702,2.0703,0,0,0.19032,0,287.3,playing,1
196.3867,2.0703,0,0,0.19032,0,287.1,playing,1
196.4043,0.2546,0,0,0.19032,1,287.2,playing,1
196.4204,0.2546,0,0,0.22207,0,287.66,playing,1
196.437,-0.7107,0,0,0.22207,0,288.36,playing,1
196.4541,-0.7107,0,0,0.26833,0,289.41,playing,1
196.471,-0.7107,0,0,0.26833,0,290.79,playing,1
196.4866,-1.2327,0,0,0.26833,0,292.36,playing,1
196.5032,-1.2327,0,0,0.24617,0,294.22,playing,1
196.5198,-1.2327,0,0,0.24617,0,296.51,playing,1
196.537,-2.2283,0,0,0.24617,0,298.94,playing,1
196.5535,-2.2283,0,0,0.24617,0,302.04,playing,1
196.5706,-2.2283,0,0,0.24617,0,305.08,playing,1
196.5872,-2.3548,0,0,0.28279,0,308.62,playing,1
196.6042,-2.3548,0,0,0.28279,0,312.48,playing,1
196.6208,-5.0704,0,0,0.28279,0,316.66,playing,1
196.6364,-5.0704,0,0,0.28222,0,320.87,playing,1
196.653,-5.0704,0,0,0.28222,0,325.37,playing,1
196.6691,-18.634,1,0,0.28222,0,330.15,playing,1
196.6849,-18.634,0,0,0.27759,0,324.19,playing,1
196.701,-18.634,0,0,0.27759,0,318.51,playing,1
196.7171,-12.5768,0,0,0.27759,0,313.12,playing,1
196.7332,-12.5768,0,0,0.26899,0,308.0,playing,1
196.7503,-12.5768,0,0,0.26899,0,302.89,playing,1
196.7668,-0.6507,0,0,0.26899,0,298.09,playing,1
196.7826,-0.6507,0,0,0.2551,0,293.86,playing,1
196.7992,12.0004,0,0,0.2551,0,289.9,playing,1
196.8159,12.0004,0,0,0.2551,0,286.02,playing,1
196.832,12.0004,0,0,0.15993,0,282.65,playing,1
196.8476,10.4038,0,0,0.15993,0,279.56,playing,2
196.8636,10.4038,0,0,0.15993,0,276.76,playing,2
196.88,10.4038,0,0,0.15017,0,274.23,playing,2
196.8958,7.6397,0,0,0.15017,0,271.98,playing,2
196.9124,7.6397,0,0,0.15017,0,270.02,playing,2
196.929,7.6397,0,0,0.15017,0,268.25,playing,2
196.9456,5.6765,0,0,0.17216,0,266.87,playing,2
196.9622,5.6765,0,0,0.17216,0,265.72,playing,2
196.9784,5.6765,0,0,0.17216,0,264.89,playing,2
196.9949,5.6765,0,0,0.18468,0,264.38,playing,2
197.0105,5.6765,0,0,0.18468,0,264.16,playing,2
197.0265,0.4834,0,0,0.18468,0,264.22,playing,2
197.0431,0.4834,0,0,0.18468,0,264.57,playing,2
197.0591,0.4834,0,0,0.20865,1,265.19,playing,2
197.0762,-0.6482,0,0,0.20865,0,266.17,playing,2
197.0942,-0.6482,0,0,0.20865,0,267.47,playing,2
197.1107,-0.6482,0,0,0.24123,0,269.2,playing,2
197.1273,-1.0095,0,0,0.24123,0,271.02,playing,2
197.1435,-1.0095,0,0,0.24058,0,273.27,playing,2
197.1601,-1.49,0,0,0.24058,0,275.68,playing,2
197.1761,-1.49,0,0,0.24058,0,278.36,playing,2
197.1932,-1.49,0,0,0.24058,0,281.53,playing,2
197.2104,-1.7119,0,0,0.25884,0,285.02,playing,2
197.2271,-1.7119,0,0,0.25884,0,288.82,playing,2
197.2427,-1.7119,0,0,0.25884,0,292.68,playing,2
197.2588,-1.737,0,0,0.26971,0,296.83,playing,2
197.275,-1.737,0,0,0.26971,0,301.25,playing,2
197.2912,-1.737,0,0,0.26971,0,305.96,playing,2
197.3084,-10.1285,0,0,0.25862,0,311.28,playing,2
197.3248,-10.1285,0,0,0.25862,0,316.92,playing,2
197.3415,-18.3733,1,0,0.25862,0,322.5,playing,2
197.3577,-18.3733,0,0,0.25862,0,316.19,playing,2
197.3742,-18.3733,0,0,0.31802,0,310.53,playing,2
197.3913,-9.8375,0,0,0.31802,0,304.84,playing,2
197.408,-9.8375,0,0,0.31802,0,299.46,playing,2
197.4236,-9.8375,0,0,0.31802,0,294.68,playing,2
197.4397,10.7945,0,0,0.14809,0,290.18,playing,2
197.4562,10.7945,0,0,0.14809,0,285.97,playing,2
197.4728,10.7945,0,0,0.14809,0,281.8,playing,2
197.4905,11.5335,0,0,0.15293,0,277.96,playing,2
197.5075,11.5335,0,0,0.15293,0,274.44,playing,2
197.524,7.1726,0,0,0.15293,0,271.23,playing,2
197.5397,7.1726,0,0,0.15293,0,268.49,playing,2
197.5557,7.1726,0,0,0.15293,0,266.03,playing,2
197.5717,4.7588,0,0,0.15293,0,263.86,playing,2
197.5879,4.7588,0,0,0.12154,0,261.97,playing,2
197.6039,4.7588,0,0,0.12154,0,260.36,playing,2
197.6204,1.826,0,0,0.12154,0,259.03,playing,2
197.6365,1.826,0,0,0.17025,0,257.93,playing,2
197.653,1.826,0,0,0.17025,0,257.18,playing,2
197.6691,0.8445,0,0,0.17025,0,256.72,playing,2
197.6852,0.8445,0,0,0.21631,1,256.53,playing,2
197.7018,-0.0406,0,0,0.21631,0,256.65,playing,2
197.7181,-0.0406,0,0,0.21631,0,257.05,playing,2
197.7352,-0.0406,0,0,0.25944,0,257.78,playing,2
197.7522,-1.2837,0,0,0.25944,0,258.84,playing,2
197.7693,-1.2837,0,0,0.25944,0,260.21,playing,2
197.7853,-1.2837,0,0,0.22479,0,261.9,playing,2
197.8019,-1.3263,0,0,0.22479,0,263.78,playing,2
197.8181,-1.3263,0,0,0.22479,0,265.93,playing,2
197.8336,-1.48,0,0,0.26011,0,268.37,playing,2
197.8503,-1.3414,0,0,0.26011,0,271.09,playing,2
197.8668,-1.3414,0,0,0.26011,0,274.29,playing,2
197.8829,-1.3414,0,0,0.26011,0,277.59,playing,2
197.8997,-1.3414,0,0,0.26394,0,281.42,playing,2
197.9161,-1.3414,0,0,0.26394,0,285.3,playing,2
197.9317,-12.1641,1,0,0.26394,0,289.46,playing,2
197.9482,-12.1641,0,0,0.26394,0,283.5,playing,2
197.9653,-12.1641,0,0,0.26394,0,277.49,playing,2
197.9818,-15.6542,0,0,0.26394,0,271.79,playing,2
197.9979,-15.6542,0,0,0.26394,0,266.71,playing,2
198.0139,-9.0957,0,0,0.24205,0,261.92,playing,2
198.0296,-9.0957,0,0,0.24205,0,257.4,playing,2
198.0463,-9.0957,0,0,0.24205,0,253.17,playing,2
198.0629,8.5636,0,0,0.17786,0,248.99,playing,2
198.0791,8.5636,0,0,0.17786,0,245.33,playing,2
198.0951,8.5636,0,0,0.17786,0,241.96,playing,2
198.1123,9.957,0,0,0.17786,0,238.7,playing,2
198.1284,9.957,0,0,0.18231,0,235.75,playing,2
198.1445,9.957,0,0,0.18231,0,233.26,playing,2
198.1605,8.1373,0,0,0.18231,0,231.05,playing,2
198.1776,8.1373,0,0,0.14979,0,229.12,playing,2
198.1937,6.0006,0,0,0.14979,0,227.39,playing,2
198.2099,4.4669,0,0,0.14979,0,226.05,playing,2
198.2259,4.4669,0,0,0.14979,0,224.98,playing,2
198.2414,2.8138,0,0,0.15001,0,224.2,playing,2
198.2585,2.8138,0,0,0.15001,0,223.7,playing,2
198.2755,2.8138,0,0,0.15001,0,223.48,playing,2
198.2921,1.0484,0,0,0.20412,0,223.58,playing,2
198.3092,1.0484,0,0,0.20412,0,224.0,playing,2
198.3257,1.0484,0,0,0.20412,1,224.74,playing,2
198.3426,0.2553,0,0,0.21289,0,225.71,playing,2
198.3591,0.2553,0,0,0.21289,0,227.07,playing,2
198.3751,-0.3546,0,0,0.21938,0,228.63,playing,2
198.3923,-0.3546,0,0,0.21938,0,230.6,playing,2
198.4084,-0.3546,0,0,0.21938,0,232.89,playing,2
198.425,-1.3661,0,0,0.27942,0,235.33,playing,2
198.4411,-1.3661,0,0,0.27942,0,238.04,playing,2
198.4572,-1.3661,0,0,0.27942,0,241.04,playing,2
198.4733,-1.5031,0,0,0.27942,0,244.55,playing,2
198.4904,-1.5031,0,0,0.26347,0,248.13,playing,2
198.507,-1.5031,0,0,0.26347,0,252.25,playing,2
198.523,-1.8637,0,0,0.26347,0,256.41,playing,2
198.5386,-1.8637,0,0,0.26868,0,260.86,playing,2
198.5549,-5.6243,0,0,0.26868,0,265.58,playing,2
198.571,-5.6243,0,0,0.26868,0,270.59,playing,2
198.587,-5.6243,0,0,0.26868,0,275.88,playing,2
198.6043,-17.3403,1,0,0.26868,0,281.81,playing,2
198.6214,-17.3403,0,0,0.26868,0,275.5,playing,2
198.6383,-17.3403,0,0,0.25876,0,269.51,playing,2
198.6546,-5.0922,0,0,0.25876,0,263.83,playing,2
198.6707,-5.0922,0,0,0.25876,0,258.77,playing,2
198.6872,-5.0922,0,0,0.25876,0,253.99,playing,2
198.7037,6.1733,0,0,0.28039,0,249.23,playing,3
198.7195,6.1733,0,0,0.28039,0,245.03,playing,3
198.7356,10.4794,0,0,0.28039,0,241.11,playing,3
198.752,10.4794,0,0,0.28039,0,237.48,playing,3
198.7681,10.4794,0,0,0.28563,0,234.13,playing,3
198.7838,7.9009,0,0,0.28563,0,231.05,playing,3
198.7998,7.9009,0,0,0.28563,0,228.26,playing,3
198.8157,7.9009,0,0,0.1393,0,225.75,playing,3
198.8317,7.9009,0,0,0.1393,0,223.53,playing,3
198.8483,7.9009,0,0,0.1393,0,221.58,playing,3
198.8649,7.9009,0,0,0.18826,0,219.83,playing,3
198.8809,2.1582,0,0,0.18826,0,218.47,playing,3
198.8975,2.1582,0,0,0.18826,0,217.38,playing,3
198.9148,1.1855,0,0,0.20334,0,216.55,playing,3
198.9313,1.1855,0,0,0.20334,0,216.04,playing,3
198.9484,1.1855,0,0,0.20334,0,215.84,playing,3
198.9644,-0.1094,0,0,0.20334,0,215.96,playing,3
198.981,-0.1094,0,0,0.20334,0,216.36,playing,3
198.997,-0.1094,0,0,0.20334,0,217.03,playing,3
199.0131,-0.5578,0,0,0.22307,1,217.99,playing,3
199.0301,-0.5578,0,0,0.22307,0,219.33,playing,3
199.0462,-0.5578,0,0,0.22307,0,220.87,playing,3
199.0633,-1.1216,0,0,0.23713,0,222.82,playing,3
199.0803,-1.1216,0,0,0.23713,0,225.09,playing,3
199.0973,-0.9909,0,0,0.23713,0,227.68,playing,3
199.1144,-0.9909,0,0,0.26444,0,230.59,playing,3
199.1304,-0.9909,0,0,0.26444,0,233.81,playing,3
199.147,-1.0023,0,0,0.26444,0,237.13,playing,3
199.163,-1.0023,0,0,0.2704,0,240.73,playing,3
199.1786,-1.0023,0,0,0.2704,0,244.61,playing,3
199.1944,-4.8599,0,0,0.2704,0,248.77,playing,3
199.2107,-4.8599,0,0,0.2704,0,253.21,playing,3
199.2264,-4.8599,0,0,0.27759,0,257.94,playing,3
199.2449,-17.2818,1,0,0.27759,0,262.94,playing,3
199.2616,-17.2818,0,0,0.27759,0,256.28,playing,3
199.2778,-11.5979,0,0,0.27759,0,250.3,playing,3
199.2936,-11.5979,0,0,0.25908,0,244.96,playing,3
199.3102,-11.5979,0,0,0.25908,0,239.9,playing,3
199.3262,3.9093,0,0,0.25908,0,235.12,playing,3
199.3428,3.9093,0,0,0.18245,0,230.36,playing,3
199.3594,3.9093,0,0,0.18245,0,226.16,playing,3
199.3755,10.9463,0,0,0.18245,0,222.02,playing,3
199.3922,10.9463,0,0,0.13371,0,218.4,playing,3
199.4078,10.9463,0,0,0.13371,0,215.07,playing,3
199.4239,7.8959,0,0,0.13371,0,212.01,playing,3
199.44,7.8959,0,0,0.13371,0,209.24,playing,3
199.456,5.6505,0,0,0.14555,0,206.75,playing,3
199.4718,5.6505,0,0,0.14555,0,204.54,playing,3
199.4878,5.6505,0,0,0.14555,0,202.61,playing,3
199.5044,2.753,0,0,0.14878,0,200.96,playing,3
199.5212,2.753,0,0,0.14878,0,199.53,playing,3
199.5367,2.753,0,0,0.14878,0,198.47,playing,3
199.5533,1.471,0,0,0.13788,0,197.68,playing,3
199.57,1.471,0,0,0.13788,0,197.17,playing,3
199.586,1.471,0,0,0.13788,0,196.96,playing,3
199.6026,0.606,0,0,0.23148,1,197.04,playing,3
199.6191,0.606,0,0,0.23148,0,197.44,playing,3
199.6347,-0.7754,0,0,0.23148,0,198.1,playing,3
199.6506,-0.7754,0,0,0.23148,0,199.04,playing,3
199.6667,-0.7754,0,0,0.24983,0,200.27,playing,3
199.6829,-0.9773,0,0,0.24983,0,201.77,playing,3
199.6985,-0.9773,0,0,0.24983,0,203.56,playing,3
199.715,-0.9773,0,0,0.24983,0,205.62,playing,3
199.7311,-1.5474,0,0,0.24173,0,207.97,playing,3
199.7481,-1.5474,0,0,0.24173,0,210.79,playing,3
199.7642,-1.5474,0,0,0.24173,0,213.72,playing,3
199.7807,-1.5474,0,0,0.22802,0,217.15,playing,3
199.7967,-1.5474,0,0,0.22802,0,220.66,playing,3
199.8128,-1.5474,0,0,0.22802,0,224.45,playing,3
199.8293,-1.3443,0,0,0.22433,0,228.52,playing,3
199.8456,-1.3443,0,0,0.22433,0,233.17,playing,3
199.8617,-6.3294,0,0,0.22433,0,237.82,playing,3
199.8778,-6.3294,0,0,0.21946,0,242.76,playing,3
199.8941,-6.3294,0,0,0.21946,0,247.98,playing,3
199.9102,-15.2391,1,0,0.21946,0,253.48,playing,3
199.9273,-15.2391,0,0,0.21946,0,247.16,playing,3
199.9439,-15.2391,0,0,0.27272,0,241.17,playing,3
199.9599,-7.4958,0,0,0.27272,0,235.81,playing,3
199.9755,-7.4958,0,0,0.27272,0,230.73,playing,3
199.9915,-7.4958,0,0,0.27272,0,225.93,playing,3
200.0081,-3.9444,0,0,0.25854,0,221.42,playing,3
200.0246,-3.9444,0,0,0.25854,0,216.94,playing,3
200.0407,-2.5161,0,0,0.25854,0,213.0,playing,3
200.0567,-2.5161,0,0,0.15169,0,209.35,playing,3
200.0727,-2.5161,0,0,0.15169,0,205.98,playing,3
200.0883,1.7748,0,0,0.15169,0,202.89,playing,3
200.1048,1.7748,0,0,0.17422,0,200.08,playing,3
200.1209,1.7748,0,0,0.17422,0,197.56,playing,3
200.1369,14.6512,0,0,0.17422,0,195.31,playing,3
200.1535,14.6512,0,0,0.1525,0,193.35,playing,3
200.17,14.6512,0,0,0.1525,0,191.58,playing,3
200.1858,10.1335,0,0,0.1525,0,190.2,playing,3
200.2018,10.1335,0,0,0.1348,0,189.1,playing,3
200.2179,10.1335,0,0,0.1348,0,188.28,playing,3
200.2352,7.0816,0,0,0.1348,0,187.73,playing,3
200.252,7.0816,0,0,0.16244,0,187.49,playing,3
200.2682,4.744,0,0,0.16244,0,187.55,playing,3
200.2841,4.744,0,0,0.16244,0,187.89,playing,3
200.3001,4.744,0,0,0.16244,0,188.52,playing,3
200.3167,1.6786,0,0,0.11994,0,189.5,playing,3
200.3331,1.6786,0,0,0.11994,0,190.7,playing,3
200.3502,1.6786,0,0,0.11994,0,192.3,playing,3
200.3668,0.3867,0,0,0.22736,1,194.22,playing,3
200.3829,0.3867,0,0,0.22736,0,196.3,playing,3
200.3989,-1.0224,0,0,0.22736,0,198.67,playing,3
200.415,-1.584,0,0,0.22736,0,201.32,playing,3
200.431,-1.584,0,0,0.24992,0,204.25,playing,3
200.4466,-2.0614,0,0,0.24992,0,207.46,playing,3
200.4623,-2.0614,0,0,0.24992,0,210.95,playing,3
200.4793,-2.0614,0,0,0.24092,0,214.73,playing,3
200.4958,-2.1363,0,0,0.24092,0,219.05,playing,3
200.5119,-2.1363,0,0,0.24092,0,223.41,playing,3
200.5278,-2.1363,0,0,0.24092,0,228.05,playing,3
200.5442,-2.4146,0,0,0.24066,0,232.96,playing,4
200.5605,-2.4146,0,0,0.24066,0,238.51,playing,4
200.5774,-2.4146,0,0,0.24066,0,244.01,playing,4
200.5944,-2.3978,0,0,0.23659,0,250.17,playing,4
200.6106,-2.3978,0,0,0.23659,0,256.65,playing,4
200.6269,-17.4348,1,0,0.23659,0,263.03,playing,4
200.6425,-17.4348,0,0,0.23273,0,257.07,playing,4
200.6586,-17.4348,0,0,0.23273,0,251.39,playing,4
200.6751,-15.4111,0,0,0.23273,0,245.99,playing,4
200.6922,-15.4111,0,0,0.27902,0,240.58,playing,4
200.7088,-15.4111,0,0,0.27902,0,235.48,playing,4
200.7253,-9.663,0,0,0.27902,0,230.97,playing,4
200.7424,-9.663,0,0,0.24554,0,226.49,playing,4
200.7585,-3.3167,0,0,0.24554,0,222.33,playing,4
200.775,7.8603,0,0,0.20154,0,218.69,playing,4
200.7906,7.8603,0,0,0.20154,0,215.34,playing,4
200.8067,13.0128,0,0,0.20154,0,212.27,playing,4
200.8227,13.0128,0,0,0.19503,0,209.48,playing,4
200.8394,13.0128,0,0,0.19503,0,206.97,playing,4
200.8564,8.8138,0,0,0.19503,0,204.62,playing,4
200.8736,8.8138,0,0,0.15975,0,202.59,playing,4
200.8906,8.8138,0,0,0.15975,0,200.88,playing,4
200.9067,6.2688,0,0,0.15975,0,199.48,playing,4
200.9227,6.2688,0,0,0.15713,0,198.45,playing,4
200.9387,4.1314,0,0,0.15713,0,197.7,playing,4
200.9548,4.1314,0,0,0.15713,0,197.24,playing,4
200.9714,4.1314,0,0,0.16378,0,197.05,playing,4
200.9879,2.1665,0,0,0.16378,0,197.17,playing,4
201.004,2.1665,0,0,0.16378,0,197.57,playing,4
201.02,2.1665,0,0,0.19254,0,198.24,playing,4
201.0353,0.0967,0,0,0.19254,0,199.2,playing,4
201.0524,0.0967,0,0,0.19254,0,200.44,playing,4
201.0689,0.0967,0,0,0.22455,1,202.08,playing,4
201.0849,-1.1168,0,0,0.22455,0,203.9,playing,4
201.1005,-1.1168,0,0,0.22455,0,206.0,playing,4
201.1171,-1.1168,0,0,0.22314,0,208.39,playing,4
201.1325,-1.2639,0,0,0.22314,0,211.05,playing,4
201.149,-1.2639,0,0,0.22314,0,214.0,playing,4
201.1656,-1.4565,0,0,0.23207,0,217.23,playing,4
201.1816,-1.4565,0,0,0.23207,0,220.98,playing,4
201.1979,-1.4565,0,0,0.23207,0,224.79,playing,4
201.215,-1.4969,0,0,0.23207,0,228.88,playing,4
201.2321,-1.4969,0,0,0.23132,0,233.84,playing,4
201.2476,-1.4969,0,0,0.23132,0,238.53,playing,4
201.2641,-1.4562,0,0,0.23132,0,243.5,playing,4
201.2802,-1.4562,0,0,0.24068,0,248.75,playing,4
201.2968,-1.4562,0,0,0.24068,0,254.65,playing,4
201.3128,-17.7748,1,0,0.24068,0,260.48,playing,4
201.3289,-17.7748,0,0,0.25185,0,254.52,playing,4
201.3459,-13.984,0,0,0.25185,0,248.51,playing,4
201.3625,-13.984,0,0,0.25185,0,243.13,playing,4
201.3791,-13.984,0,0,0.23692,0,237.74,playing,4
201.3951,-7.2206,0,0,0.23692,0,232.94,playing,4
201.4117,5.4156,0,0,0.23692,0,228.16,playing,4
201.4285,5.4156,0,0,0.27778,0,223.95,playing,4
201.4451,11.2185,0,0,0.27778,0,219.78,playing,4
201.4611,11.2185,0,0,0.27778,0,216.15,playing,4
201.4782,10.3321,0,0,0.20508,0,212.6,playing,4
201.4953,10.3321,0,0,0.20508,0,209.38,playing,4
201.5118,10.3321,0,0,0.20508,0,206.47,playing,4
201.5277,5.8452,0,0,0.15422,0,204.01,playing,4
201.5433,5.8452,0,0,0.15422,0,201.84,playing,4
201.5593,5.8452,0,0,0.15422,0,199.95,playing,4
201.5759,3.9454,0,0,0.16883,0,198.33,playing,4
201.5925,3.9454,0,0,0.16883,0,197.01,playing,4
201.6085,3.9454,0,0,0.16883,0,195.91,playing,4
201.6246,1.466,0,0,0.17812,0,195.16,playing,4
201.6418,1.466,0,0,0.17812,0,194.69,playing,4
201.6578,1.466,0,0,0.17812,0,194.52,playing,4
201.6739,1.466,0,0,0.22215,1,194.63,playing,4
201.6905,1.466,0,0,0.22215,0,195.02,playing,4
201.707,-0.2052,0,0,0.22215,0,195.76,playing,4
201.7225,-0.2052,0,0,0.20052,0,196.74,playing,4
201.7391,-0.2052,0,0,0.20052,0,198.0,playing,4
201.7546,-1.3108,0,0,0.20052,0,199.54,playing,4
201.7712,-1.3108,0,0,0.20763,0,201.36,playing,4
201.7867,-1.3108,0,0,0.20763,0,203.46,playing,4
201.8032,-1.4282,0,0,0.20763,0,205.84,playing,4
201.8198,-1.4282,0,0,0.28256,0,208.69,playing,4
201.8354,-1.4282,0,0,0.28256,0,211.66,playing,4
201.852,-1.9092,0,0,0.28256,0,214.9,playing,4
201.868,-1.9092,0,0,0.22099,0,218.43,playing,4
201.8841,-1.743,0,0,0.22099,0,222.24,playing,4
201.8995,-1.743,0,0,0.22099,0,226.33,playing,4
201.9161,-1.743,0,0,0.22099,0,230.71,playing,4
201.9323,-8.7227,0,0,0.20919,0,235.36,playing,4
201.9489,-8.7227,0,0,0.20919,0,240.62,playing,4
201.9652,-8.7227,0,0,0.20919,0,245.86,playing,4
201.9823,-11.041,1,0,0.24669,0,251.74,playing,4
201.9989,-11.041,0,0,0.24669,0,245.43,playing,4
202.0147,-11.041,0,0,0.24669,0,239.77,playing,4
202.031,-6.1518,0,0,0.20939,0,234.39,playing,4
202.0476,-6.1518,0,0,0.20939,0,229.29,playing,4
202.0637,5.3912,0,0,0.20939,0,224.2,playing,4
202.0804,5.3912,0,0,0.20026,0,219.68,playing,4
202.097,5.3912,0,0,0.20026,0,215.2,playing,4
202.113,11.8283,0,0,0.20026,0,211.27,playing,4
202.1286,11.8283,0,0,0.15279,0,207.62,playing,4
202.1452,11.8283,0,0,0.15279,0,204.24,playing,4
202.1621,11.0332,0,0,0.15279,0,200.98,playing,4
202.1783,11.0332,0,0,0.14141,0,198.19,playing,4
202.1948,11.0332,0,0,0.14141,0,195.54,playing,4
202.2109,8.785,0,0,0.14141,0,193.33,playing,4
202.2275,6.5975,0,0,0.14114,0,191.41,playing,4
202.2437,4.5187,0,0,0.14114,0,189.68,playing,4
202.2598,4.5187,0,0,0.14114,0,188.33,playing,4
202.2759,4.5187,0,0,0.17769,0,187.26,playing,4
202.2925,1.3389,0,0,0.17769,0,186.48,playing,4
202.3085,1.3389,0,0,0.17769,0,185.96,playing,4
202.3249,1.3389,0,0,0.1996,0,185.76,playing,4
202.3406,0.346,0,0,0.1996,0,185.84,playing,4
202.3572,0.346,0,0,0.1996,1,186.2,playing,4
202.3738,0.346,0,0,0.22307,0,186.9,playing,4
202.3899,-0.6308,0,0,0.22307,0,187.84,playing,4
202.4054,-0.6308,0,0,0.22307,0,189.06,playing,5
202.4216,-0.6308,0,0,0.19523,0,190.57,playing,5
202.4383,-1.3788,0,0,0.19523,0,192.35,playing,5
202.4561,-1.3788,0,0,0.19523,0,194.57,playing,5
202.4734,-1.5826,0,0,0.2562,0,197.27,playing,5
202.4905,-1.5826,0,0,0.2562,0,200.14,playing,5
202.5066,-1.5826,0,0,0.24092,0,203.33,playing,5
202.5229,-1.5102,0,0,0.24092,0,206.61,playing,5
202.5391,-1.5102,0,0,0.24092,0,210.17,playing,5
202.5551,-1.5102,0,0,0.23263,0,214.02,playing,5
202.5717,-1.409,0,0,0.23263,0,218.14,playing,5
202.5873,-1.409,0,0,0.23263,0,222.84,playing,5
202.6044,-2.0235,0,0,0.30602,0,227.55,playing,5
202.6215,-2.0235,0,0,0.30602,0,232.87,playing,5
202.6378,-2.0235,0,0,0.30602,0,238.51,playing,5
202.6538,-16.227,1,0,0.25061,0,244.09,playing,5
202.6696,-16.227,0,0,0.25061,0,238.14,playing,5
202.6857,-16.227,0,0,0.25061,0,232.46,playing,5
202.7023,-10.8435,0,0,0.2724,0,227.06,playing,5
202.7194,-10.8435,0,0,0.2724,0,221.65,playing,5
202.7354,-10.8435,0,0,0.2724,0,216.55,playing,5
202.7513,8.7633,0,0,0.23388,0,212.04,playing,5
202.7686,8.7633,0,0,0.23388,0,207.8,playing,5
202.7847,12.3677,0,0,0.23388,0,203.62,playing,5
202.8007,12.3677,0,0,0.13826,0,199.97,playing,5
202.8172,12.3677,0,0,0.13826,0,196.6,playing,5
202.8338,8.1285,0,0,0.13826,0,193.34,playing,5
202.85,8.1285,0,0,0.13826,0,190.55,playing,5
202.8657,8.1285,0,0,0.1565,0,188.04,playing,5
202.882,5.1774,0,0,0.1565,0,185.81,playing,5
202.8984,5.1774,0,0,0.1565,0,183.86,playing,5
202.9144,5.1774,0,0,0.15017,0,182.11,playing,5
202.9315,3.3654,0,0,0.15017,0,180.75,playing,5
202.9482,3.3654,0,0,0.15017,0,179.62,playing,5
202.965,0.7482,0,0,0.14111,0,178.8,playing,5
202.9812,0.7482,0,0,0.14111,0,178.32,playing,5
202.9983,0.7482,0,0,0.14111,0,178.12,playing,5
203.0154,-0.0302,0,0,0.1598,0,178.24,playing,5
203.0319,-0.0302,0,0,0.1598,0,178.68,playing,5
203.0485,-0.0302,0,0,0.1598,0,179.38,playing,5
203.065,-1.1563,0,0,0.25512,1,180.43,playing,5
203.0806,-1.1563,0,0,0.25512,0,181.71,playing,5
203.0972,-1.1563,0,0,0.25512,0,183.26,playing,5
203.1135,-1.4828,0,0,0.23737,0,185.24,playing,5
203.1295,-1.4828,0,0,0.23737,0,187.37,playing,5
203.1462,-1.2178,0,0,0.23737,0,189.79,playing,5
203.1632,-1.2178,0,0,0.23737,0,192.68,playing,5
203.1804,-1.2178,0,0,0.23199,0,195.89,playing,5
203.1965,-1.6136,0,0,0.23199,0,199.41,playing,5
203.2131,-1.6136,0,0,0.23199,0,203.01,playing,5
203.2301,-1.6136,0,0,0.23199,0,207.15,playing,5
203.2483,-1.4455,0,0,0.23199,0,211.61,playing,5
203.2646,-1.4455,0,0,0.2741,0,216.69,playing,5
203.2807,-1.7769,0,0,0.2741,0,221.48,playing,5
203.2973,-1.7769,0,0,0.2741,0,226.56,playing,5
203.3139,-1.7769,0,0,0.2741,0,232.27,playing,5
203.3293,-2.5206,0,0,0.25489,0,237.93,playing,5
203.3464,-2.5206,0,0,0.25489,0,243.87,playing,5
203.3625,-2.5206,0,0,0.25489,0,250.5,playing,5
203.3792,-14.0544,1,0,0.28751,0,257.02,playing,5
203.396,-14.0544,0,0,0.28751,0,250.7,playing,5
203.4127,-13.7629,0,0,0.28751,0,245.05,playing,5
203.4297,-9.1664,0,0,0.28751,0,239.04,playing,5
203.4458,-9.1664,0,0,0.25423,0,233.97,playing,5
203.4626,-3.204,0,0,0.25423,0,229.2,playing,5
203.4795,-3.204,0,0,0.25423,0,224.44,playing,5
203.4961,-3.204,0,0,0.25423,0,219.99,playing,5
203.514,12.875,0,0,0.17695,0,215.87,playing,5
203.5301,12.875,0,0,0.17695,0,212.06,playing,5
203.5461,12.875,0,0,0.17695,0,208.76,playing,5
203.5627,11.3065,0,0,0.15474,0,205.57,playing,5
203.5789,11.3065,0,0,0.15474,0,202.85,playing,5
203.5954,8.4829,0,0,0.15474,0,200.41,playing,5
203.6125,8.4829,0,0,0.14631,0,198.14,playing,5
203.6293,8.4829,0,0,0.14631,0,196.19,playing,5
203.6464,3.9921,0,0,0.14631,0,194.55,playing,5
203.6631,3.9921,0,0,0.13868,0,193.23,playing,5
203.6793,3.9921,0,0,0.13868,0,192.27,playing,5
203.6961,2.43,0,0,0.13868,0,191.57,playing,5
203.7134,2.43,0,0,0.14578,0,191.18,playing,5
203.7298,0.111,0,0,0.14578,0,191.12,playing,5
203.7457,0.111,0,0,0.25974,1,191.34,playing,5
203.7617,0.111,0,0,0.25974,0,191.84,playing,5
203.7783,-0.5152,0,0,0.25974,0,192.62,playing,5
203.795,-0.5152,0,0,0.228,0,193.77,playing,5
203.8116,-0.5152,0,0,0.228,0,195.13,playing,5
203.8281,-1.0585,0,0,0.228,0,196.9,playing,5
203.8438,-1.0585,0,0,0.228,0,198.84,playing,5
203.8601,-1.0585,0,0,0.228,0,201.07,playing,5
203.8762,-1.7141,0,0,0.228,0,203.58,playing,5
203.8934,-1.7141,0,0,0.2373,0,206.56,playing,5
203.9102,-2.1505,0,0,0.2373,0,209.86,playing,5
203.9263,-2.1505,0,0,0.2373,0,213.47,playing,5
203.9429,-2.1505,0,0,0.2373,0,217.16,playing,5
203.959,-2.0691,0,0,0.24066,0,221.13,playing,5
203.975,-2.0691,0,0,0.24066,0,225.38,playing,5
203.9911,-2.0691,0,0,0.24066,0,229.91,playing,5
204.0067,-1.7031,0,0,0.23804,0,234.72,playing,5
204.0227,-1.7031,0,0,0.23804,0,239.82,playing,5
204.039,-1.7031,0,0,0.23804,0,245.19,playing,5
204.055,-1.0722,0,0,0.23648,0,250.85,playing,5
204.0708,-1.0722,0,0,0.23648,0,256.79,playing,5
204.0865,-1.0722,0,0,0.23648,0,263.01,playing,5
204.103,-1.3879,0,0,0.27231,0,269.51,playing,5
204.119,-1.3879,0,0,0.27231,0,276.3,playing,5
204.1346,-5.2341,0,0,0.27231,0,283.36,playing,5
204.1508,-5.2341,0,0,0.24569,0,290.71,playing,5
204.1674,-5.2341,0,0,0.24569,0,298.34,playing,5
204.1841,-15.5365,1,0,0.24569,0,306.76,playing,5
204.2002,-15.5365,0,0,0.25029,0,300.8,playing,5
204.2173,-15.5365,0,0,0.25029,0,294.79,playing,5
204.2339,-9.4567,0,0,0.25029,0,289.1,playing,5
204.25,-9.4567,0,0,0.25029,0,284.02,playing,6
204.2654,-9.4567,0,0,0.25029,0,279.22,playing,6
204.2813,0.3703,0,0,0.25029,0,274.71,playing,6
204.2979,0.3703,0,0,0.24983,0,270.47,playing,6
204.3139,11.8441,0,0,0.24983,0,266.52,playing,6
204.3305,11.3138,0,0,0.24983,0,262.85,playing,6
204.3471,11.3138,0,0,0.17973,0,259.27,playing,6
204.3626,8.5557,0,0,0.17973,0,256.18,playing,6
204.3793,8.5557,0,0,0.17973,0,253.37,playing,6
204.3959,8.5557,0,0,0.16097,0,250.7,playing,6
204.4116,5.026,0,0,0.16097,0,248.48,playing,6
204.4277,5.026,0,0,0.16097,0,246.53,playing,6
204.4438,5.026,0,0,0.15698,0,244.87,playing,6
204.4599,3.6514,0,0,0.15698,0,243.49,playing,6
204.4754,3.6514,0,0,0.15698,0,242.38,playing,6
204.492,3.6514,0,0,0.24171,1,241.57,playing,6
204.5083,3.6514,0,0,0.24171,0,241.03,playing,6
204.5253,3.6514,0,0,0.24171,0,240.77,playing,6
204.5425,0.3477,0,0,0.19462,0,240.84,playing,6
204.559,0.3477,0,0,0.19462,0,241.22,playing,6
204.5746,0.3477,0,0,0.19462,0,241.86,playing,6
204.5913,-0.5751,0,0,0.19462,0,242.79,playing,6
204.6079,-0.5751,0,0,0.19462,0,244.09,playing,6
204.6239,-0.5751,0,0,0.21952,0,245.59,playing,6
204.6396,-0.5751,0,0,0.21952,0,247.37,playing,6
204.6562,-0.5751,0,0,0.21952,0,249.44,playing,6
204.6729,-1.4497,0,0,0.24605,0,251.96,playing,6
204.6884,-1.691,0,0,0.24605,0,254.6,playing,6
204.7048,-1.691,0,0,0.24605,0,257.53,playing,6
204.7216,-1.9894,0,0,0.25956,0,260.74,playing,6
204.7383,-1.9894,0,0,0.25956,0,264.47,playing,6
204.7553,-1.9894,0,0,0.25956,0,268.52,playing,6
204.7725,-15.1873,1,0,0.22861,0,272.89,playing,6
204.7891,-15.1873,0,0,0.22861,0,266.58,playing,6
204.8051,-15.1873,0,0,0.22861,0,260.92,playing,6
204.8217,-10.2427,0,0,0.25974,0,255.22,playing,6
204.8382,-10.2427,0,0,0.25974,0,250.14,playing,6
204.8548,2.7652,0,0,0.25974,0,245.07,playing,6
204.8713,2.7652,0,0,0.20664,0,240.57,playing,6
204.8884,2.7652,0,0,0.20664,0,236.11,playing,6
204.9067,10.3202,0,0,0.20664,0,231.96,playing,6
204.9233,10.3202,0,0,0.13839,0,227.93,playing,6
204.9398,10.3202,0,0,0.13839,0,224.45,playing,6
204.9564,10.356,0,0,0.13839,0,221.44,playing,6
204.9734,10.356,0,0,0.13839,0,218.57,playing,6
204.99,5.5332,0,0,0.13839,0,216.02,playing,6
205.0061,5.5332,0,0,0.13839,0,213.9,playing,6
205.0226,5.5332,0,0,0.13839,0,212.06,playing,6
205.0402,3.8266,0,0,0.11272,0,210.34,playing,6
205.0572,3.8266,0,0,0.11272,0,209.04,playing,6
205.0743,3.8266,0,0,0.16921,0,208.06,playing,6
205.0913,1.3799,0,0,0.16921,0,207.4,playing,6
205.1084,1.3799,0,0,0.16921,0,207.05,playing,6
205.1249,0.4553,0,0,0.24058,1,207.02,playing,6
205.1409,0.4553,0,0,0.24058,0,207.27,playing,6
205.1575,0.4553,0,0,0.24058,0,207.81,playing,6
205.1739,-0.0826,0,0,0.23217,0,208.7,playing,6
205.1899,-0.0826,0,0,0.23217,0,209.82,playing,6
205.2065,-0.0826,0,0,0.23217,0,211.21,playing,6
205.2228,-0.6384,0,0,0.23692,0,213.02,playing,6
205.2389,-0.6384,0,0,0.23692,0,215.0,playing,6
205.2555,-0.6384,0,0,0.23692,0,217.26,playing,6
205.2716,-1.6706,0,0,0.2724,0,219.98,playing,6
205.2885,-1.6706,0,0,0.2724,0,222.82,playing,6
205.3055,-2.1908,0,0,0.2724,0,226.16,playing,6
205.3222,-2.1908,0,0,0.25885,0,229.81,playing,6
205.3387,-2.1908,0,0,0.25885,0,233.78,playing,6
205.3548,-2.1908,0,0,0.25885,0,237.8,playing,6
205.3713,-2.1908,0,0,0.25415,0,242.11,playing,6
205.3885,-2.1908,0,0,0.25415,0,247.0,playing,6
205.4053,-9.8402,1,0,0.25415,0,252.2,playing,6
205.4209,-9.8402,0,0,0.25415,0,246.24,playing,6
205.4391,-9.8402,0,0,0.25415,0,240.57,playing,6
205.4555,-9.8402,0,0,0.25047,0,234.22,playing,6
205.4723,-9.8402,0,0,0.25047,0,229.16,playing,6
205.489,-3.7987,0,0,0.25047,0,224.1,playing,6
205.5045,6.0165,0,0,0.25047,0,219.62,playing,6
205.5211,6.0165,0,0,0.23596,0,215.43,playing,6
205.5375,9.3003,0,0,0.23596,0,211.51,playing,6
205.5546,9.3003,0,0,0.23596,0,207.67,playing,6
205.5706,9.3003,0,0,0.12547,0,204.14,playing,6
205.5868,7.1717,0,0,0.12547,0,201.1,playing,6
205.6033,7.1717,0,0,0.12547,0,198.35,playing,6
205.6203,3.2019,0,0,0.12547,0,195.74,playing,6
205.6369,3.2019,0,0,0.20228,0,193.45,playing,6
205.653,3.2019,0,0,0.20228,0,191.57,playing,6
205.6685,2.2534,0,0,0.20228,0,189.98,playing,6
205.6846,2.2534,0,0,0.25022,1,188.67,playing,6
205.7011,2.2534,0,0,0.25022,0,187.64,playing,6
205.7182,0.9168,0,0,0.25022,0,186.86,playing,6
205.7337,0.9168,0,0,0.20803,0,186.41,playing,6
205.7503,0.9168,0,0,0.20803,0,186.24,playing,6
205.7673,0.9168,0,0,0.20803,0,186.38,playing,6
205.7839,0.9168,0,0,0.2559,0,186.84,playing,6
205.8,-1.0832,0,0,0.2559,0,187.55,playing,6
205.8176,-1.0832,0,0,0.2559,0,188.62,playing,6
205.8341,-1.0832,0,0,0.23132,0,190.02,playing,6
205.8512,-1.5008,0,0,0.23132,0,191.73,playing,6
205.8683,-1.5008,0,0,0.23132,0,193.75,playing,6
205.8848,-1.5008,0,0,0.23644,0,196.1,playing,6
205.9014,-1.8445,0,0,0.23644,0,198.59,playing,6
205.9189,-1.8445,0,0,0.23644,0,201.55,playing,6
205.936,-1.9265,0,0,0.21885,0,205.05,playing,6
205.9523,-1.9265,0,0,0.21885,0,208.43,playing,6
205.9689,-1.9265,0,0,0.21885,0,212.35,playing,6
205.9847,-6.0416,0,0,0.26777,0,216.32,playing,6
206.001,-6.0416,0,0,0.26777,0,220.57,playing,6
206.0171,-6.0416,0,0,0.26777,0,225.1,playing,6
206.0326,-12.7508,1,0,0.21563,0,229.91,playing,6
206.0493,-12.7508,0,0,0.21563,0,223.95,playing,6
206.0657,-12.7508,0,0,0.21563,0,217.94,playing,6
206.0822,-10.2063,0,0,0.21563,0,212.56,playing,6
206.0989,-10.2063,0,0,0.22521,0,207.17,playing,7
206.1152,-4.4092,0,0,0.22521,0,202.37,playing,7
206.1318,-4.4092,0,0,0.22521,0,197.59,playing,7
206.1479,-4.4092,0,0,0.13555,0,193.38,playing,7
206.1639,-2.3691,0,0,0.13555,0,189.44,playing,7
206.18,-2.3691,0,0,0.13555,0,185.79,playing,7
206.196,-2.3691,0,0,0.13555,0,182.42,playing,7
206.2121,12.4498,0,0,0.18084,0,179.33,playing,7
206.2276,12.4498,0,0,0.18084,0,176.52,playing,7
206.2442,12.4498,0,0,0.18084,0,173.99,playing,7
206.2613,11.4789,0,0,0.15469,0,171.63,playing,7
206.2784,11.4789,0,0,0.15469,0,169.58,playing,7
206.2953,6.3832,0,0,0.15469,0,167.85,playing,7
206.3108,6.3832,0,0,0.15279,0,166.5,playing,7
206.3268,6.3832,0,0,0.15279,0,165.44,playing,7
206.3424,4.1931,0,0,0.15279,0,164.65,playing,7
206.359,4.1931,0,0,0.20757,1,164.15,playing,7
206.3751,4.1931,0,0,0.20757,0,163.93,playing,7
206.3917,2.3908,0,0,0.20757,0,164.01,playing,7
206.4072,2.3908,0,0,0.24123,0,164.37,playing,7
206.4233,2.3908,0,0,0.24123,0,165.01,playing,7
206.4402,-0.0891,0,0,0.24123,0,165.94,playing,7
206.4555,-0.0891,0,0,0.24123,0,167.14,playing,7
206.4721,-0.0891,0,0,0.18725,0,168.63,playing,7
206.4877,-0.5216,0,0,0.18725,0,170.4,playing,7
206.5043,-0.5216,0,0,0.18725,0,172.45,playing,7
206.5219,-0.8387,0,0,0.18725,0,174.94,playing,7
206.5374,-1.2555,0,0,0.18725,0,177.75,playing,7
206.554,-1.2555,0,0,0.22284,0,180.68,playing,7
206.5705,-1.3895,0,0,0.22284,0,183.9,playing,7
206.5865,-1.3895,0,0,0.22284,0,187.62,playing,7
206.6026,-1.3895,0,0,0.25049,0,191.42,playing,7
206.6191,-1.4085,0,0,0.25049,0,195.49,playing,7
206.6352,-1.4085,0,0,0.25049,0,199.85,playing,7
206.6523,-1.461,0,0,0.29217,0,204.79,playing,7
206.6689,-2.1281,0,0,0.29217,0,210.05,playing,7
206.685,-2.1281,0,0,0.29217,0,215.29,playing,7
206.7014,-2.1971,0,0,0.21415,0,220.81,playing,7
206.7179,-2.1971,0,0,0.21415,0,226.99,playing,7
206.7345,-2.1971,0,0,0.21415,0,233.08,playing,7
206.7511,-1.8385,0,0,0.24992,0,239.88,playing,7
206.7666,-1.8385,0,0,0.24992,0,246.56,playing,7
206.7833,-1.8385,0,0,0.24992,0,253.52,playing,7
206.7994,-1.8385,0,0,0.24992,0,261.23,playing,7
206.8159,-1.8385,0,0,0.24992,0,268.77,playing,7
206.8339,-1.8385,0,0,0.23114,0,276.59,playing,7
206.8504,-1.3185,0,0,0.23114,0,285.75,playing,7
206.8675,-1.3185,0,0,0.23114,0,294.72,playing,7
206.8845,-1.913,0,0,0.23114,0,304.0,playing,7
206.9009,-1.913,0,0,0.23402,0,313.6,playing,7
206.9174,-1.913,0,0,0.23402,0,322.92,playing,7
206.9335,-14.9007,1,0,0.23402,0,333.14,playing,7
206.95,-14.9007,0,0,0.26338,0,327.18,playing,7
206.9661,-14.9007,0,0,0.26338,0,321.5,playing,7
206.9821,-4.4224,0,0,0.26338,0,316.11,playing,7
206.9977,-4.4224,0,0,0.25882,0,311.0,playing,7
207.0143,1.7777,0,0,0.25882,0,306.16,playing,7
207.0314,1.7777,0,0,0.25882,0,301.35,playing,7
207.0475,1.7777,0,0,0.25882,0,296.85,playing,7
207.0633,9.8283,0,0,0.29238,0,292.9,playing,7
207.0801,9.8283,0,0,0.29238,0,289.23,playing,7
207.0972,9.8283,0,0,0.29238,0,285.64,playing,7
207.1138,8.2778,0,0,0.29238,0,282.38,playing,7
207.13,8.2778,0,0,0.21016,0,279.59,playing,7
207.146,8.2778,0,0,0.21016,0,277.08,playing,7
207.163,6.3147,0,0,0.21016,0,274.73,playing,7
207.1787,6.3147,0,0,0.21016,0,272.81,playing,7
207.1953,3.2322,0,0,0.20795,0,271.16,playing,7
207.2118,3.2322,0,0,0.20795,0,269.73,playing,7
207.2279,3.2322,0,0,0.20795,0,268.66,playing,7
207.2444,2.5065,0,0,0.26003,0,267.88,playing,7
207.2606,2.5065,0,0,0.26003,0,267.36,playing,7
207.2772,2.5065,0,0,0.26003,0,267.16,playing,7
207.2936,0.312,0,0,0.26003,0,267.26,playing,7
207.3102,0.312,0,0,0.24163,0,267.64,playing,7
207.3277,0.312,0,0,0.24163,0,268.36,playing,7
207.3438,0.312,0,0,0.24163,0,269.4,playing,7
207.3598,0.312,0,0,0.23199,0,270.65,playing,7
207.3764,-0.7734,0,0,0.23199,0,272.19,playing,7
207.3934,-0.7734,0,0,0.23199,0,274.15,playing,7
207.4101,-0.7734,0,0,0.26049,0,276.42,playing,7
207.4261,-1.8512,0,0,0.26049,0,278.84,playing,7
207.4422,-1.8512,0,0,0.26049,0,281.54,playing,7
207.4582,-1.8512,0,0,0.25526,0,284.52,playing,7
207.4748,-1.7716,0,0,0.25526,0,288.01,playing,7
207.4908,-1.7716,0,0,0.25526,0,291.57,playing,7
207.5068,-2.0064,0,0,0.21624,0,295.41,playing,7
207.5239,-2.1675,0,0,0.21624,0,299.82,playing,7
207.5401,-2.1675,0,0,0.21624,0,304.24,playing,7
207.5566,-2.7029,0,0,0.25111,0,308.95,playing,7
207.5727,-2.7029,0,0,0.25111,0,314.27,playing,7
207.5885,-2.7029,0,0,0.25111,0,319.56,playing,7
207.605,-11.4036,0,0,0.25111,0,325.13,playing,7
207.6216,-11.4036,0,0,0.22408,0,330.98,playing,7
207.6382,-11.4036,0,0,0.22408,0,337.51,playing,7
207.6545,-9.5264,1,0,0.22408,0,344.37,playing,7
207.6705,-9.5264,0,0,0.26888,0,338.41,playing,7
207.6866,-9.5264,0,0,0.26888,0,332.73,playing,7
207.7031,4.398,0,0,0.26888,0,327.34,playing,7
207.7187,4.398,0,0,0.22687,0,322.22,playing,7
207.7353,10.3548,0,0,0.22687,0,317.39,playing,7
207.7519,10.3548,0,0,0.22687,0,312.57,playing,7
207.7684,10.3548,0,0,0.16224,0,308.32,playing,7
207.7849,7.9243,0,0,0.16224,0,304.12,playing,7
207.8009,7.9243,0,0,0.16224,0,300.45,playing,7
207.8164,7.9243,0,0,0.14731,0,297.06,playing,7
207.8335,5.9128,0,0,0.14731,0,293.96,playing,7
207.8495,5.9128,0,0,0.14731,0,290.97,playing,7
207.8666,5.9128,0,0,0.15767,0,288.45,playing,7
207.8826,2.4613,0,0,0.15767,0,286.08,playing,7
207.8986,2.4613,0,0,0.15767,0,284.13,playing,7
207.9152,1.172,0,0,0.20842,1,282.47,playing,7
207.9323,1.172,0,0,0.20842,0,281.02,playing,7
207.9488,1.172,0,0,0.20842,0,279.89,playing,8
207.9659,-0.6954,0,0,0.21335,0,279.1,playing,8
207.9825,-0.6954,0,0,0.21335,0,278.59,playing,8
207.9995,-0.6954,0,0,0.21335,0,278.39,playing,8
208.0154,-0.6248,0,0,0.21335,0,278.51,playing,8
208.0322,-0.6248,0,0,0.18447,0,278.91,playing,8
208.0483,-1.0247,0,0,0.18447,0,279.58,playing,8
208.0653,-1.0247,0,0,0.18447,0,280.62,playing,8
208.0819,-1.0247,0,0,0.22307,0,281.98,playing,8
208.098,-1.2279,0,0,0.22307,0,283.53,playing,8
208.1135,-1.2279,0,0,0.22307,0,285.37,playing,8
208.1306,-1.2279,0,0,0.24066,0,287.49,playing,8
208.1471,-1.2681,0,0,0.24066,0,290.06,playing,8
208.1641,-1.2681,0,0,0.24066,0,292.76,playing,8
208.1812,-1.2681,0,0,0.24097,0,296.16,playing,8
208.1983,-1.684,0,0,0.24097,0,299.68,playing,8
208.2154,-1.684,0,0,0.24097,0,303.52,playing,8
208.232,-4.0458,0,0,0.25529,0,307.68,playing,8
208.2481,-4.0458,0,0,0.25529,0,311.88,playing,8
208.2635,-4.0458,0,0,0.25529,0,316.36,playing,8
208.2801,-15.0072,1,0,0.22718,0,321.12,playing,8
208.2961,-15.0072,0,0,0.22718,0,315.16,playing,8
208.3116,-15.0072,0,0,0.22718,0,309.48,playing,8
208.3282,-8.0072,0,0,0.2292,0,304.09,playing,8
208.3448,-8.0072,0,0,0.2292,0,298.67,playing,8
208.3614,-8.0072,0,0,0.2292,0,293.86,playing,8
208.3782,-3.4047,0,0,0.26786,0,289.06,playing,8
208.3954,-3.4047,0,0,0.26786,0,284.58,playing,8
208.412,13.5749,0,0,0.26786,0,280.42,playing,8
208.4275,13.5749,0,0,0.26786,0,276.79,playing,8
208.4436,13.5749,0,0,0.16683,0,273.43,playing,8
208.4596,12.6346,0,0,0.16683,0,270.36,playing,8
208.4762,12.6346,0,0,0.16683,0,267.57,playing,8
208.4933,12.6346,0,0,0.14903,0,264.92,playing,8
208.5104,9.7516,0,0,0.14903,0,262.59,playing,8
208.5274,9.7516,0,0,0.14903,0,260.58,playing,8
208.5433,7.499,0,0,0.14342,0,258.89,playing,8
208.5595,4.4525,0,0,0.14342,0,257.58,playing,8
208.5755,4.4525,0,0,0.14342,0,256.55,playing,8
208.5921,2.6172,0,0,0.13496,0,255.8,playing,8
208.6087,2.6172,0,0,0.13496,0,255.32,playing,8
208.6248,2.6172,0,0,0.13496,0,255.15,playing,8
208.6414,0.197,0,0,0.14046,0,255.27,playing,8
208.6575,0.197,0,0,0.14046,0,255.71,playing,8
208.6733,0.197,0,0,0.14046,0,256.4,playing,8
208.6894,-0.4137,0,0,0.24629,1,257.38,playing,8
208.7059,-0.4137,0,0,0.24629,0,258.63,playing,8
208.722,-0.4137,0,0,0.24629,0,260.17,playing,8
208.7384,-1.1464,0,0,0.24629,0,261.99,playing,8
208.7545,-1.1464,0,0,0.24173,0,264.25,playing,8
208.7711,-1.9135,0,0,0.24173,0,266.65,playing,8
208.7873,-1.9135,0,0,0.24173,0,269.33,playing,8
208.8038,-1.9135,0,0,0.224,0,272.5,playing,8
208.8202,-1.8993,0,0,0.224,0,275.76,playing,8
208.8372,-1.8993,0,0,0.224,0,279.55,playing,8
208.8543,-1.8993,0,0,0.26338,0,283.65,playing,8
208.8709,-2.4025,0,0,0.26338,0,288.07,playing,8
208.8865,-2.4025,0,0,0.26338,0,292.52,playing,8
208.9031,-2.324,0,0,0.26469,0,297.24,playing,8
208.9192,-2.324,0,0,0.26469,0,302.25,playing,8
208.9348,-2.324,0,0,0.26469,0,307.54,playing,8
208.9505,-1.5759,0,0,0.24521,0,313.11,playing,8
208.9666,-1.5759,0,0,0.24521,0,318.96,playing,8
208.9827,-1.5759,0,0,0.24521,0,325.09,playing,8
208.9994,-11.645,0,0,0.28704,0,331.51,playing,8
209.016,-11.645,0,0,0.28704,0,338.64,playing,8
209.0316,-11.645,0,0,0.28704,0,345.63,playing,8
209.0479,-15.0482,1,0,0.27844,0,352.91,playing,8
209.0634,-15.0482,0,0,0.27844,0,346.95,playing,8
209.0801,-15.0482,0,0,0.27844,0,341.28,playing,8
209.0961,-4.2003,0,0,0.23209,0,335.88,playing,8
209.1122,-4.2003,0,0,0.23209,0,330.77,playing,8
209.1289,8.5302,0,0,0.23209,0,325.65,playing,8
209.1454,8.5302,0,0,0.23209,0,321.12,playing,8
209.1617,8.5302,0,0,0.23209,0,316.62,playing,8
209.1787,11.9612,0,0,0.23209,0,312.67,playing,8
209.1953,11.9612,0,0,0.16014,0,308.79,playing,8
209.2124,11.9612,0,0,0.16014,0,305.22,playing,8
209.2292,11.9612,0,0,0.16014,0,301.98,playing,8
209.2456,11.9612,0,0,0.14469,0,299.05,playing,8
209.2622,9.1795,0,0,0.14469,0,296.58,playing,8
209.2787,6.2645,0,0,0.14469,0,294.27,playing,8
209.295,6.2645,0,0,0.17898,0,292.37,playing,8
209.3111,1.9049,0,0,0.17898,0,290.76,playing,8
209.3272,1.9049,0,0,0.17898,0,289.43,playing,8
209.3437,1.9049,0,0,0.14001,0,288.34,playing,8
209.36,0.7387,0,0,0.14001,0,287.59,playing,8
209.3766,0.7387,0,0,0.14001,0,287.12,playing,8
209.3934,0.7387,0,0,0.19431,0,286.94,playing,8
209.4095,0.042,0,0,0.19431,0,287.08,playing,8
209.4261,0.042,0,0,0.19431,0,287.5,playing,8
209.4416,-0.2886,0,0,0.241,1,288.19,playing,8
209.4581,-1.5179,0,0,0.241,0,289.17,playing,8
209.4742,-1.5179,0,0,0.241,0,290.42,playing,8
209.4914,-1.4799,0,0,0.21885,0,292.08,playing,8
209.508,-1.4799,0,0,0.21885,0,294.05,playing,8
209.5236,-1.4799,0,0,0.21885,0,296.19,playing,8
209.5403,-2.5047,0,0,0.21885,0,298.61,playing,8
209.5573,-2.5047,0,0,0.21885,0,301.5,playing,8
209.5738,-2.5047,0,0,0.21885,0,304.7,playing,8
209.5894,-2.7824,0,0,0.24623,0,308.0,playing,8
209.6059,-2.7824,0,0,0.24623,0,311.58,playing,8
209.6215,-2.7824,0,0,0.24623,0,315.44,playing,8
209.6382,-2.7176,0,0,0.26348,0,319.59,playing,8
209.6552,-2.7176,0,0,0.26348,0,324.31,playing,8
209.6722,-12.6631,1,0,0.26348,0,329.35,playing,8
209.6888,-12.6631,0,0,0.26832,0,323.04,playing,8
209.7051,-12.6631,0,0,0.26832,0,317.38,playing,8
209.7208,-15.1032,0,0,0.26832,0,312.0,playing,8
209.7381,-15.1032,0,0,0.25512,0,306.9,playing,8
209.7535,-15.1032,0,0,0.25512,0,301.81,playing,8
209.7696,-3.5947,0,0,0.25512,0,297.29,playing,8
209.7856,-3.5947,0,0,0.24454,0,293.06,playing,8
209.8024,6.7858,0,0,0.24454,0,289.11,playing,9
209.8195,6.7858,0,0,0.24454,0,285.22,playing,9
209.8363,6.7858,0,0,0.12733,0,281.66,playing,9
209.8528,10.6781,0,0,0.12733,0,278.42,playing,9
209.869,10.6781,0,0,0.12733,0,275.64,playing,9
209.8853,10.6781,0,0,0.1447,0,273.15,playing,9
209.9018,9.6755,0,0,0.1447,0,270.82,playing,9
209.92,9.6755,0,0,0.1447,0,268.91,playing,9
209.936,9.6755,0,0,0.13851,0,267.12,playing,9
209.9521,5.4859,0,0,0.13851,0,265.81,playing,9
209.9703,5.4859,0,0,0.13851,0,264.78,playing,9
209.9873,3.2262,0,0,0.16119,0,263.95,playing,9
210.0039,3.2262,0,0,0.16119,0,263.53,playing,9
210.0235,3.2262,0,0,0.16119,0,263.41,playing,9
210.0397,1.5863,0,0,0.19576,0,263.71,playing,9
210.0562,1.5863,0,0,0.19576,0,264.23,playing,9
210.0728,1.5863,0,0,0.19576,0,265.1,playing,9
210.0884,-0.3671,0,0,0.19576,0,266.2,playing,9
210.1044,-0.3671,0,0,0.2007,0,267.58,playing,9
210.1205,-0.6641,0,0,0.2007,0,269.24,playing,9
210.1365,-0.6641,0,0,0.2007,0,271.18,playing,9
210.1529,-0.6641,0,0,0.2007,0,273.41,playing,9
210.169,-0.6641,0,0,0.2007,0,275.92,playing,9
210.185,-0.6641,0,0,0.24532,1,278.71,playing,9
210.2007,-0.6641,0,0,0.24532,0,281.78,playing,9
210.2167,-1.4839,0,0,0.24532,0,285.13,playing,9
210.2328,-1.4839,0,0,0.23567,0,288.76,playing,9
210.249,-1.4839,0,0,0.23567,0,292.68,playing,9
210.2651,-2.0632,0,0,0.23567,0,296.87,playing,9
210.2809,-2.0632,0,0,0.25484,0,301.35,playing,9
210.297,-2.5522,0,0,0.25484,0,306.11,playing,9
210.314,-1.6026,0,0,0.25484,0,311.49,playing,9
210.3304,-1.6026,0,0,0.23534,0,316.83,playing,9
210.3465,-1.6269,0,0,0.23534,0,322.82,playing,9
210.3625,-1.6269,0,0,0.23534,0,328.74,playing,9
210.3788,-1.6269,0,0,0.24992,0,334.95,playing,9
210.3957,-2.6179,0,0,0.24992,0,341.43,playing,9
210.4125,-2.6179,0,0,0.24992,0,348.64,playing,9
210.4293,-2.6179,0,0,0.24992,0,356.16,playing,9
210.4459,-17.7923,1,0,0.22777,0,364.01,playing,9
210.4615,-17.7923,0,0,0.22777,0,358.05,playing,9
210.4785,-12.0425,0,0,0.22777,0,352.37,playing,9
210.4947,-12.0425,0,0,0.22777,0,346.66,playing,9
210.5107,-12.0425,0,0,0.22777,0,341.56,playing,9
210.5284,10.8842,0,0,0.24066,0,336.75,playing,9
210.5451,10.8842,0,0,0.24066,0,331.69,playing,9
210.5607,10.8842,0,0,0.24066,0,327.47,playing,9
210.5773,10.2755,0,0,0.24066,0,323.54,playing,9
210.5939,10.2755,0,0,0.12902,0,319.68,playing,9
210.6101,10.2755,0,0,0.12902,0,316.32,playing,9
210.6267,8.6022,0,0,0.12902,0,313.08,playing,9
210.6434,8.6022,0,0,0.11435,0,310.3,playing,9
210.66,6.2172,0,0,0.11435,0,307.68,playing,9
210.6761,6.2172,0,0,0.11435,0,305.48,playing,9
210.6928,6.2172,0,0,0.13811,0,303.47,playing,9
210.7094,2.7126,0,0,0.13811,0,301.86,playing,9
210.7259,2.7126,0,0,0.13811,0,300.47,playing,9
210.7416,2.7126,0,0,0.19882,0,299.44,playing,9
210.7584,0.9414,0,0,0.19882,0,298.69,playing,9
210.7749,0.9414,0,0,0.19882,0,298.21,playing,9
210.7907,0.9414,0,0,0.24617,1,298.04,playing,9
210.8068,0.0785,0,0,0.24617,0,298.16,playing,9
210.8232,0.0785,0,0,0.24617,0,298.55,playing,9
210.8399,-0.4336,0,0,0.26909,0,299.29,playing,9
210.8561,-0.4336,0,0,0.26909,0,300.27,playing,9
210.8716,-0.4336,0,0,0.26909,0,301.52,playing,9
210.8881,-1.3753,0,0,0.27341,0,303.06,playing,9
210.9042,-1.3753,0,0,0.27341,0,304.88,playing,9
210.9212,-1.3753,0,0,0.27341,0,307.14,playing,9
210.9383,-1.412,0,0,0.25445,0,309.71,playing,9
210.9554,-1.412,0,0,0.25445,0,312.59,playing,9
210.9715,-1.412,0,0,0.25445,0,315.8,playing,9
210.9876,-16.0572,1,0,0.26347,0,319.1,playing,9
211.0037,-16.0572,0,0,0.26347,0,313.14,playing,9
211.02,-10.5839,0,0,0.26347,0,307.46,playing,9
211.0363,-10.5839,0,0,0.26903,0,302.07,playing,9
211.0529,-10.5839,0,0,0.26903,0,296.65,playing,9
211.069,8.4356,0,0,0.26903,0,291.84,playing,9
211.0848,8.4356,0,0,0.30067,0,287.31,playing,9
211.1008,8.4356,0,0,0.30067,0,283.06,playing,9
211.1169,8.4356,0,0,0.30067,0,279.09,playing,9
211.1329,8.4356,0,0,0.23952,0,275.4,playing,9
211.1492,8.4356,0,0,0.23952,0,271.99,playing,9
211.1653,8.0214,0,0,0.23952,0,268.69,playing,9
211.1818,8.0214,0,0,0.16203,0,265.87,playing,9
211.1979,5.926,0,0,0.16203,0,263.32,playing,9
211.2145,4.297,0,0,0.16203,0,261.06,playing,9
211.2307,4.297,0,0,0.18861,0,258.97,playing,9
211.2468,3.0116,0,0,0.18861,0,257.29,playing,9
211.2634,3.0116,0,0,0.18861,0,255.89,playing,9
211.2795,3.0116,0,0,0.22455,1,254.72,playing,9
211.296,1.0417,0,0,0.22455,0,253.9,playing,9
211.3116,1.0417,0,0,0.22455,0,253.36,playing,9
211.3277,1.0417,0,0,0.19704,0,253.11,playing,9
211.3437,0.3806,0,0,0.19704,0,253.13,playing,9
211.3598,0.3806,0,0,0.19704,0,253.44,playing,9
211.3758,0.3806,0,0,0.23217,0,254.03,playing,9
211.3915,-0.258,0,0,0.23217,0,254.9,playing,9
211.4075,-0.258,0,0,0.23217,0,256.05,playing,9
211.4236,-0.8951,0,0,0.22767,0,257.49,playing,9
211.44,-0.8239,0,0,0.22767,0,259.2,playing,9
211.4563,-0.8239,0,0,0.22767,0,261.2,playing,9
211.4734,-0.84,0,0,0.26419,0,263.64,playing,9
211.4901,-0.84,0,0,0.26419,0,266.4,playing,9
211.5071,-0.84,0,0,0.26419,0,269.47,playing,9
211.5227,-1.5094,0,0,0.27833,0,272.65,playing,9
211.5394,-1.5094,0,0,0.27833,0,276.1,dead,9
211.5556,-1.5094,0,0,0.27833,0,280.1,dead,9
211.5721,-13.1729,1,0,0.27833,0,284.13,dead,9
211.5883,-13.1729,0,0,0.27833,0,285.0,playing,0
211.6054,-14.9885,0,0,0.27833,0,279.04,playing,0
211.622,-14.9885,0,0,0.27833,0,273.03,playing,0
211.638,-14.9885,0,0,0.23218,0,267.65,playing,0
211.654,-5.5681,0,0,0.23218,0,262.56,playing,0
211.67,-5.5681,0,0,0.23218,0,257.74,playing,0
211.6861,-5.5681,0,0,0.24554,0,253.21,playing,0
211.7027,5.0705,0,0,0.24554,0,248.71,playing,0
211.7192,5.0705,0,0,0.24554,0,244.76,playing,0
211.7358,5.0705,0,0,0.15311,0,240.88,playing,0
211.7519,11.8393,0,0,0.15311,0,237.51,playing,0
211.7685,11.8393,0,0,0.15311,0,234.42,playing,0
211.7851,9.5021,0,0,0.17069,0,231.45,playing,0
211.8012,9.5021,0,0,0.17069,0,228.94,playing,0
211.8183,9.5021,0,0,0.17069,0,226.59,playing,0
211.8353,7.2253,0,0,0.15844,0,224.56,playing,0
211.8515,7.2253,0,0,0.15844,0,222.85,playing,0
211.8676,7.2253,0,0,0.15844,0,221.52,playing,0
211.8837,2.8948,0,0,0.15844,0,220.48,playing,0
211.9012,2.8948,0,0,0.13602,0,219.68,playing,0
211.9183,1.2262,0,0,0.13602,0,219.2,playing,0
211.9333,1.2262,0,0,0.14499,0,219.03,playing,0
211.9496,1.2262,0,0,0.14499,0,219.15,playing,0
211.9664,-0.0186,0,0,0.14499,0,219.54,playing,0
211.9837,-0.9048,0,0,0.14499,0,220.28,playing,0
211.9994,-0.9048,0,0,0.14499,0,221.34,playing,0
212.0156,-1.4883,0,0,0.21888,1,222.61,playing,0
212.0322,-1.4883,0,0,0.21888,0,224.17,playing,0
212.0485,-1.4883,0,0,0.21888,0,226.14,playing,0
212.0651,-2.1658,0,0,0.21888,0,228.28,playing,0
212.0816,-2.1658,0,0,0.21888,0,230.87,playing,0
212.0983,-2.097,0,0,0.22408,0,233.59,playing,0
212.1152,-2.3229,0,0,0.22408,0,236.79,playing,0
212.1308,-2.3229,0,0,0.22408,0,240.09,playing,0
212.1469,-2.7418,0,0,0.23273,0,243.67,playing,0
212.163,-2.7418,0,0,0.23273,0,247.53,playing,0
212.1791,-2.7418,0,0,0.23273,0,251.68,playing,0
212.1948,-1.521,0,0,0.26003,0,256.1,playing,0
212.2104,-1.521,0,0,0.26003,0,260.81,playing,0
212.2264,-1.521,0,0,0.26003,0,265.8,playing,0
212.2435,-1.3911,0,0,0.23614,0,271.07,playing,0
212.2602,-1.3911,0,0,0.23614,0,276.99,playing,0
212.2772,-1.1639,0,0,0.23614,0,283.22,playing,0
212.2939,-1.1639,0,0,0.25531,0,289.78,playing,0
212.3106,-1.1639,0,0,0.25531,0,296.23,playing,0
212.3275,-1.2818,0,0,0.25531,0,303.4,playing,0
212.3435,-1.2818,0,0,0.24992,0,310.89,playing,0
212.3597,-1.2818,0,0,0.24992,0,318.22,playing,0
212.3758,-9.2889,0,0,0.24992,0,325.83,playing,0
212.3924,-9.2889,0,0,0.24982,0,333.72,playing,0
212.4089,-9.2889,0,0,0.24982,0,342.42,playing,0
212.4254,-10.5087,1,0,0.24982,0,350.9,playing,0
212.4415,-10.5087,0,0,0.22285,0,344.58,playing,0
212.4581,2.1363,0,0,0.22285,0,338.93,playing,0
212.4741,2.1363,0,0,0.22285,0,333.55,playing,0
212.4902,2.1363,0,0,0.2452,0,328.45,playing,0
212.5072,10.3053,0,0,0.2452,0,323.36,playing,0
212.5253,10.3053,0,0,0.2452,0,318.58,playing,0
212.5423,10.3053,0,0,0.14581,0,313.87,playing,0
212.5594,8.1315,0,0,0.14581,0,309.75,playing,0
212.5766,8.1315,0,0,0.17735,0,305.94,playing,0
212.5928,6.5472,0,0,0.17735,0,302.45,playing,0
212.6094,6.5472,0,0,0.17735,0,299.45,playing,0
212.6264,6.5472,0,0,0.16838,0,296.58,playing,0
212.6435,3.773,0,0,0.16838,0,294.03,playing,0
212.6595,3.773,0,0,0.16838,0,291.79,playing,0
212.6766,3.773,0,0,0.18506,0,289.97,playing,0
212.6928,2.6763,0,0,0.18506,0,288.35,playing,0
212.7088,2.6763,0,0,0.18506,0,287.11,playing,0
212.7253,2.6763,0,0,0.18506,0,286.15,playing,0
212.7424,2.1359,0,0,0.19478,0,285.45,playing,0
212.759,2.1359,0,0,0.19478,0,285.06,playing,0
212.7745,0.3248,0,0,0.19478,0,284.98,playing,0
212.7911,0.3248,0,0,0.21885,1,285.19,playing,0
212.8082,0.3248,0,0,0.21885,0,285.72,playing,0
212.8237,0.0635,0,0,0.21885,0,286.5,playing,0
212.8398,0.0635,0,0,0.26072,0,287.56,playing,0
212.8558,0.0635,0,0,0.26072,0,288.91,playing,0
212.8719,-0.5367,0,0,0.26072,0,290.54,playing,0
212.888,-0.5367,0,0,0.25455,0,292.45,playing,0
212.9041,-0.5367,0,0,0.25455,0,294.64,playing,0
212.9202,-1.1669,0,0,0.25455,0,297.11,playing,0
212.9363,-1.1669,0,0,0.25455,0,299.86,playing,0
212.9554,-1.1001,0,0,0.25876,0,303.1,playing,0
212.9716,-1.1001,0,0,0.25876,0,307.13,playing,0
212.9877,-1.1001,0,0,0.25876,0,310.8,playing,0
213.0049,-1.4809,0,0,0.25876,0,314.75,playing,0
213.021,-1.4809,0,0,0.25876,0,319.26,playing,0
213.0365,-1.4809,0,0,0.25983,0,323.79,playing,0
213.0526,-6.8093,0,0,0.25983,0,328.61,playing,0
213.0692,-6.8093,0,0,0.25983,0,333.7,playing,0
213.0857,-6.8093,0,0,0.25983,0,339.43,playing,0
213.1024,-15.1185,1,0,0.25974,0,345.11,playing,0
213.119,-15.1185,0,0,0.25974,0,338.79,playing,0
213.135,-12.9626,0,0,0.25974,0,333.13,playing,0
213.1506,-12.9626,0,0,0.25974,0,327.76,playing,0
213.1666,-12.9626,0,0,0.22378,0,322.66,playing,0
213.1847,4.4896,0,0,0.22378,0,317.85,playing,0
213.2013,4.4896,0,0,0.22378,0,312.79,playing,0
213.218,4.4896,0,0,0.22378,0,308.33,playing,0
213.2374,9.3408,0,0,0.22378,0,304.41,playing,0
213.2536,9.3408,0,0,0.18408,0,299.95,playing,0
213.2701,8.8195,0,0,0.18408,0,296.67,playing,0
213.2872,8.8195,0,0,0.18408,0,293.5,playing,0
213.3042,8.8195,0,0,0.18395,0,290.65,playing,0
213.3213,8.9142,0,0,0.18395,0,288.11,playing,0
213.3378,8.9142,0,0,0.18395,0,285.9,playing,0
213.3549,8.9142,0,0,0.17031,0,284.09,playing,0
213.3705,7.2154,0,0,0.17031,0,282.49,playing,0
213.387,7.2154,0,0,0.17031,0,281.27,playing,0
213.403,6.3784,0,0,0.18435,0,280.32,playing,0
213.4206,6.3784,0,0,0.18435,0,279.64,playing,0
213.4381,6.3784,0,0,0.18435,0,279.28,playing,0
213.4542,6.7401,0,0,0.17233,0,279.23,playing,0
213.4709,6.7401,0,0,0.17233,0,279.5,playing,0
213.4895,6.7401,0,0,0.17233,1,280.03,playing,0
213.506,5.0548,0,0,0.20977,0,281.07,playing,0
213.5215,5.0548,0,0,0.20977,0,282.22,playing,0
213.5376,2.1646,0,0,0.20977,0,283.65,playing,0
213.5541,-1.268,0,0,0.24992,0,285.37,playing,0
213.5712,-1.268,0,0,0.24992,0,287.51,playing,0
213.5868,-4.0644,0,0,0.24992,0,289.81,playing,0
213.6028,-4.0644,0,0,0.2455,0,292.38,playing,0
213.6183,-4.0644,0,0,0.2455,0,295.24,playing,0
213.6354,-6.8978,0,0,0.2455,0,298.38,playing,0
213.6525,-6.8978,0,0,0.23151,0,302.04,playing,0
213.6696,-6.8978,0,0,0.23151,0,306.01,playing,0
213.6857,-5.633,0,0,0.23151,0,310.3,playing,0
213.7018,-5.633,0,0,0.23151,0,314.62,playing,0
213.7184,-6.2759,0,0,0.24984,0,319.22,playing,0
213.7355,-6.2759,0,0,0.24984,0,324.43,playing,0
213.7515,-6.2759,0,0,0.24984,0,329.96,playing,0
213.7681,-13.9985,1,0,0.24984,0,335.44,playing,0
213.7838,-13.9985,0,0,0.26501,0,329.48,playing,0
213.7998,-13.9985,0,0,0.26501,0,323.8,playing,0
213.8157,-13.9985,0,0,0.26501,0,318.41,playing,0
213.8318,-13.9985,0,0,0.26501,0,313.29,playing,0
213.8478,-13.9985,0,0,0.1867,0,308.46,playing,0
213.8633,11.4937,0,0,0.1867,0,303.91,playing,0
213.8799,11.4937,0,0,0.1867,0,299.64,playing,0
213.8965,11.4937,0,0,0.17608,0,295.65,playing,0
213.9125,12.8534,0,0,0.17608,0,291.74,playing,0
213.9291,12.8534,0,0,0.17608,0,288.33,playing,0
213.9443,12.425,0,0,0.1509,0,285.2,playing,0
213.9614,12.425,0,0,0.1509,0,282.36,playing,0
213.9774,12.425,0,0,0.1509,0,279.66,playing,0
213.9936,7.9269,0,0,0.17323,0,277.4,playing,0
214.0102,7.9269,0,0,0.17323,0,275.42,playing,0
214.0262,7.9269,0,0,0.17323,0,273.72,playing,0
214.0433,5.4273,0,0,0.15711,0,272.23,playing,1
214.0603,5.4273,0,0,0.15711,0,271.06,playing,1
214.0774,5.4273,0,0,0.15711,0,270.21,playing,1
214.0936,1.3264,0,0,0.23648,1,269.67,playing,1
214.1097,1.3264,0,0,0.23648,0,269.45,playing,1
214.1263,-0.6489,0,0,0.23648,0,269.51,playing,1
214.1431,-0.6489,0,0,0.25417,0,269.9,playing,1
214.1596,-0.6489,0,0,0.25417,0,270.6,playing,1
214.1762,-3.1706,0,0,0.25417,0,271.54,playing,1
214.1932,-3.1706,0,0,0.25417,0,272.85,playing,1
214.2097,-3.1706,0,0,0.25049,0,274.49,playing,1
214.2258,-11.4424,0,0,0.25049,0,276.31,playing,1
214.2421,-11.4424,0,0,0.25049,0,278.41,playing,1
214.2577,-17.8342,1,0,0.23672,0,280.8,playing,1
214.2746,-17.8342,0,0,0.23672,0,274.49,playing,1
214.2911,-17.8342,0,0,0.23672,0,268.83,playing,1
214.3082,-7.2435,0,0,0.24058,0,263.13,playing,1
214.3244,-7.2435,0,0,0.24058,0,257.75,playing,1
214.3404,-7.2435,0,0,0.24058,0,252.97,playing,1
214.3565,-4.1843,0,0,0.24058,0,248.48,playing,1
214.3731,-4.1843,0,0,0.18588,0,244.26,playing,1
214.3897,-4.1843,0,0,0.18588,0,240.1,playing,1
214.4058,12.3324,0,0,0.18588,0,236.46,playing,1
214.4224,12.3324,0,0,0.18103,0,233.11,playing,1
214.4387,10.7789,0,0,0.18103,0,229.87,playing,1
214.4554,10.7789,0,0,0.18103,0,227.09,playing,1
214.4733,10.7789,0,0,0.18103,0,224.46,playing,1
214.4902,8.137,0,0,0.1515,0,222.04,playing,1
214.5066,8.137,0,0,0.1515,0,220.06,playing,1
214.5231,8.137,0,0,0.1515,0,218.49,playing,1
214.539,3.5509,0,0,0.16944,0,217.19,playing,1
214.5545,3.5509,0,0,0.16944,0,216.18,playing,1
214.5714,3.5509,0,0,0.16944,0,215.45,playing,1
214.588,2.2374,0,0,0.2415,1,214.99,playing,1
214.6036,2.2374,0,0,0.2415,0,214.84,playing,1
214.6201,0.7301,0,0,0.2415,0,214.97,playing,1
214.6357,0.7301,0,0,0.20754,0,215.38,playing,1
214.6517,0.7301,0,0,0.20754,0,216.08,playing,1
214.6682,0.0418,0,0,0.20754,0,217.05,playing,1
214.6849,0.0418,0,0,0.21788,0,218.41,playing,1
214.7004,0.0418,0,0,0.21788,0,219.97,playing,1
214.7164,-0.4589,0,0,0.21788,0,221.8,playing,1
214.7333,-0.4589,0,0,0.23261,0,223.92,playing,1
214.7499,-0.4589,0,0,0.23261,0,226.5,playing,1
214.7681,-0.934,0,0,0.23261,0,229.2,playing,1
214.7846,-0.934,0,0,0.22843,0,232.8,playing,1
214.8012,-3.1815,0,0,0.22843,0,236.12,playing,1
214.8183,-3.1815,0,0,0.25908,0,239.96,playing,1
214.8348,-3.1815,0,0,0.25908,0,244.12,playing,1
214.8509,-12.6056,1,0,0.25908,0,248.32,playing,1
214.867,-12.6056,0,0,0.24177,0,242.36,playing,1
214.8825,-12.6056,0,0,0.24177,0,236.68,playing,1
214.8985,-7.0272,0,0,0.24177,0,231.29,playing,1
214.9156,-7.0272,0,0,0.23313,0,226.17,playing,1
214.9326,-4.0213,0,0,0.23313,0,221.06,playing,1
214.9487,-4.0213,0,0,0.23313,0,216.26,playing,1
214.9647,-4.0213,0,0,0.13228,0,212.03,playing,1
214.9808,10.4766,0,0,0.13228,0,208.07,playing,1
214.9964,10.4766,0,0,0.13228,0,204.4,playing,1
215.0135,10.4766,0,0,0.13228,0,201.01,playing,1
215.03,12.2411,0,0,0.15126,0,197.73,playing,1
215.0465,12.2411,0,0,0.15126,0,194.92,playing,1
215.0636,12.2411,0,0,0.15126,0,192.26,playing,1
215.0807,7.1398,0,0,0.17915,0,189.79,playing,1
215.0967,7.1398,0,0,0.17915,0,187.88,playing,1
215.1133,7.1398,0,0,0.16861,0,186.25,playing,1
215.1304,4.8353,0,0,0.16861,0,184.84,playing,1
215.1474,4.8353,0,0,0.16861,0,183.75,playing,1
215.164,3.0764,0,0,0.16861,0,182.97,playing,1
215.1795,3.0764,0,0,0.16861,0,182.52,playing,1
215.1966,3.0764,0,0,0.16861,0,182.35,playing,1
215.2136,0.8236,0,0,0.17204,0,182.49,playing,1
215.2296,0.8236,0,0,0.17204,0,182.95,playing,1
215.2477,0.8236,0,0,0.17204,0,183.66,playing,1
215.2647,-1.0581,0,0,0.24982,1,184.9,playing,1
215.2807,-1.0581,0,0,0.24982,0,186.23,playing,1
215.2968,-1.9832,0,0,0.23635,0,187.84,playing,1
215.3134,-1.9832,0,0,0.23635,0,189.73,playing,1
215.3299,-1.9832,0,0,0.23635,0,192.06,playing,1
215.346,-2.0478,0,0,0.23559,0,194.53,playing,1
215.362,-2.0478,0,0,0.23559,0,197.28,playing,1
215.3781,-2.0478,0,0,0.23559,0,200.32,playing,1
215.3952,-2.3075,0,0,0.23559,0,203.86,playing,1
215.4111,-2.3075,0,0,0.2204,0,207.48,playing,1
215.4277,-2.3348,0,0,0.2204,0,211.64,playing,1
215.4438,-2.3348,0,0,0.2204,0,215.83,playing,1
215.4604,-2.3348,0,0,0.222,0,220.31,playing,1
215.4775,-2.5068,0,0,0.222,0,225.39,playing,1
215.4951,-2.5068,0,0,0.222,0,230.78,playing,1
215.5122,-2.5068,0,0,0.222,0,236.85,playing,1
215.5293,-16.7619,1,0,0.222,0,242.9,playing,1
215.5463,-16.7619,0,0,0.222,0,236.59,playing,1
215.5629,-10.0336,0,0,0.22703,0,230.59,playing,1
215.5789,-10.0336,0,0,0.22703,0,225.23,playing,1
215.5945,-10.0336,0,0,0.22703,0,220.15,playing,1
215.6107,-6.1545,0,0,0.12044,0,215.36,playing,1
215.6273,-6.1545,0,0,0.12044,0,210.84,playing,1
215.6438,-6.1545,0,0,0.12044,0,206.36,playing,1
215.6594,11.7952,0,0,0.11392,0,202.43,playing,1
215.6764,11.7952,0,0,0.11392,0,198.78,playing,1
215.6929,11.7952,0,0,0.11392,0,195.21,playing,1
215.7085,10.6779,0,0,0.19424,0,192.14,playing,1
215.7255,10.6779,0,0,0.19424,0,189.35,playing,1
215.7421,10.6779,0,0,0.19424,0,186.7,playing,1
215.7592,7.8389,0,0,0.12808,0,184.37,playing,1
215.776,7.8389,0,0,0.12808,0,182.36,playing,1
215.7916,5.5061,0,0,0.12808,0,180.75,playing,1
215.8082,5.5061,0,0,0.14212,0,179.42,playing,1
215.8243,5.5061,0,0,0.14212,0,178.33,playing,1
215.8414,3.6118,0,0,0.14212,0,177.58,playing,1
215.8582,3.6118,0,0,0.15789,0,177.1,playing,1
215.8753,3.6118,0,0,0.15789,0,176.94,playing,1
215.8924,2.0846,0,0,0.15789,0,177.1,playing,2
215.909,2.0846,0,0,0.15022,0,177.58,playing,2
215.925,0.0671,0,0,0.15022,0,178.31,playing,2
215.9412,-0.9592,0,0,0.15022,0,179.32,playing,2
215.9572,-0.9592,0,0,0.14489,0,180.61,playing,2
215.9743,-0.9592,0,0,0.14489,0,182.3,playing,2
215.9913,-0.9592,0,0,0.14489,0,184.31,playing,2
216.0085,-0.9592,0,0,0.20448,0,186.64,playing,2
216.025,-8.306,0,0,0.20448,0,189.28,playing,2
216.041,-8.306,0,0,0.20448,0,192.05,playing,2
216.0576,-9.4934,0,0,0.14637,0,195.11,playing,2
216.0741,-9.4934,0,0,0.14637,0,198.67,playing,2
216.0914,-9.4934,0,0,0.14637,0,202.55,playing,2
216.108,-4.5359,0,0,0.15904,0,206.75,playing,2
216.1241,-4.5359,0,0,0.15904,0,210.98,playing,2
216.1405,-4.5359,0,0,0.15904,0,215.49,playing,2
216.1573,-4.3868,0,0,0.13611,0,220.6,playing,2
216.1734,-4.3868,0,0,0.13611,0,226.04,playing,2
216.1913,-4.3868,0,0,0.13611,0,231.43,playing,2
216.2085,5.646,0,0,0.14078,0,237.85,playing,2
216.2249,5.646,0,0,0.14078,0,244.24,playing,2
216.2424,10.0612,0,0,0.14078,0,250.53,playing,2
216.259,10.0612,0,0,0.10783,0,257.96,playing,2
216.2745,10.0612,0,0,0.10783,0,264.85,playing,2
216.291,8.9584,0,0,0.10783,0,272.02,playing,2
216.3072,8.9584,0,0,0.12298,0,279.48,playing,2
216.3243,8.9584,0,0,0.12298,0,287.71,playing,2
216.3408,4.2981,0,0,0.12298,0,296.27,playing,2
216.3569,4.2981,0,0,0.12298,0,304.6,playing,2
216.3733,4.2981,0,0,0.12632,0,313.22,playing,2
216.3899,2.4931,0,0,0.12632,0,322.69,playing,2
216.4065,2.4931,0,0,0.12632,0,331.88,playing,2
216.4235,0.8046,0,0,0.14373,0,341.97,playing,2
216.4402,0.8046,0,0,0.14373,0,352.38,playing,2
216.4573,0.8046,0,0,0.14373,0,363.1,playing,2
216.4744,0.3282,0,0,0.14373,0,374.14,playing,2
216.4905,0.3282,0,0,0.25049,1,385.5,playing,2
216.5076,0.4199,0,0,0.25049,0,396.47,playing,2
216.5241,0.4199,0,0,0.25049,0,408.37,playing,2
216.5397,0.4199,0,0,0.25049,0,419.57,playing,2
216.5553,-1.5509,0,0,0.25049,0,430.77,playing,2
216.5724,-1.5509,0,0,0.25049,0,441.97,playing,2
216.5889,-1.5509,0,0,0.25049,0,453.87,playing,2
216.605,-12.2917,1,0,0.21448,0,465.07,playing,2
216.6219,-12.2917,0,0,0.21448,0,458.76,playing,2
216.6382,-12.2917,0,0,0.21448,0,453.1,playing,2
216.6558,-8.7475,0,0,0.21448,0,447.41,playing,2
216.6719,-8.7475,0,0,0.27864,0,442.03,playing,2
216.6884,-4.7847,0,0,0.27864,0,437.25,playing,2
216.7045,-4.7847,0,0,0.27864,0,432.49,playing,2
216.7215,-4.7847,0,0,0.20889,0,428.29,playing,2
216.7376,7.8083,0,0,0.20889,0,424.15,playing,2
216.7541,7.8083,0,0,0.20889,0,420.53,playing,2
216.7702,7.8083,0,0,0.12401,0,417.19,playing,2
216.7873,7.8083,0,0,0.12401,0,413.97,playing,2
216.8038,7.8083,0,0,0.12401,0,411.06,playing,2
216.8198,7.8083,0,0,0.14469,0,408.6,playing,2
216.8361,7.307,0,0,0.14469,0,406.43,playing,2
216.8526,7.307,0,0,0.14469,0,404.44,playing,2
216.8694,10.1202,0,0,0.14469,0,402.84,playing,2
216.8865,8.389,0,0,0.15506,0,401.47,playing,2
216.903,8.389,0,0,0.15506,0,400.41,playing,2
216.9202,6.6998,0,0,0.15506,0,399.67,playing,2
216.9374,6.6998,0,0,0.13324,0,399.25,playing,2
216.9536,6.6998,0,0,0.13324,0,399.15,playing,2
216.9697,2.403,0,0,0.13324,0,399.33,playing,2
216.986,2.403,0,0,0.16048,0,399.8,playing,2
217.0014,2.403,0,0,0.16048,0,400.54,playing,2
217.018,0.7333,0,0,0.16048,0,401.57,playing,2
217.0335,0.7333,0,0,0.16048,0,402.88,playing,2
217.0501,-1.3289,0,0,0.16048,0,404.47,playing,2
217.0654,-1.3289,0,0,0.20974,1,406.35,playing,2
217.0819,-1.3289,0,0,0.20974,0,408.5,playing,2
217.0975,-9.895,0,0,0.20974,0,410.94,playing,2
217.114,-9.895,0,0,0.20951,0,413.66,playing,2
217.1301,-9.895,0,0,0.20951,0,416.66,playing,2
217.1466,-17.4469,1,0,0.20951,0,420.16,playing,2
217.1627,-17.4469,0,0,0.24123,0,414.2,playing,2
217.1789,-17.4469,0,0,0.24123,0,408.53,playing,2
217.195,-4.4015,0,0,0.24123,0,403.13,playing,2
217.2111,-4.4015,0,0,0.24123,0,398.02,playing,2
217.2269,-4.4015,0,0,0.24123,0,393.19,playing,2
217.2434,2.7528,0,0,0.24123,0,388.64,playing,2
217.26,2.7528,0,0,0.16416,0,384.12,playing,2
217.2755,10.0096,0,0,0.16416,0,380.15,playing,2
217.2926,10.0096,0,0,0.16416,0,376.46,playing,2
217.3092,10.0096,0,0,0.16416,0,372.86,playing,2
217.3263,7.1886,0,0,0.1867,0,369.58,playing,2
217.343,7.1886,0,0,0.1867,0,366.61,playing,2
217.3596,7.1886,0,0,0.1867,0,364.11,playing,2
217.3761,4.5398,0,0,0.17249,0,361.76,playing,2
217.3932,4.5398,0,0,0.17249,0,359.73,playing,2
217.4099,0.9817,0,0,0.17249,1,358.02,playing,2
217.4273,0.9817,0,0,0.22153,0,356.62,playing,2
217.4443,0.9817,0,0,0.22153,0,355.55,playing,2
217.4612,-0.08,0,0,0.23209,0,354.79,playing,2
217.4783,-0.08,0,0,0.23209,0,354.35,playing,2
217.4954,-0.08,0,0,0.23209,0,354.22,playing,2
217.512,-0.8939,0,0,0.22261,0,354.42,playing,2
217.5281,-0.8939,0,0,0.22261,0,354.89,playing,2
217.5442,-1.9312,0,0,0.22261,0,355.63,playing,2
217.5613,-1.9312,0,0,0.22469,0,356.74,playing,2
217.5778,-1.9312,0,0,0.22469,0,358.17,playing,2
217.5938,-1.6776,0,0,0.22469,0,359.8,playing,2
217.6099,-1.6776,0,0,0.25956,0,361.71,playing,2
217.6265,-1.6776,0,0,0.25956,0,363.9,playing,2
217.6431,-9.7666,0,0,0.25956,0,366.55,playing,2
217.6586,-9.7666,0,0,0.26404,0,369.32,playing,2
217.6747,-9.7666,0,0,0.26404,0,372.37,playing,2
217.6904,-16.7323,1,0,0.26404,0,375.7,playing,2
217.7069,-16.7323,0,0,0.25549,0,369.75,playing,2
217.7235,-16.7323,0,0,0.25549,0,364.07,playing,2
217.74,-16.7323,0,0,0.25549,0,358.36,playing,3
217.7566,-16.7323,0,0,0.22741,0,353.26,playing,3
217.7731,-10.1692,0,0,0.22741,0,348.16,playing,3
217.789,-10.1692,0,0,0.22741,0,343.65,playing,3
217.8048,-10.1692,0,0,0.14192,0,339.41,playing,3
217.8211,-10.1692,0,0,0.14192,0,335.46,playing,3
217.8382,-10.1692,0,0,0.14192,0,331.58,playing,3
217.8553,-10.1692,0,0,0.14192,0,328.02,playing,3
217.8734,8.2726,0,0,0.17969,0,324.77,playing,3
217.89,13.2591,0,0,0.17969,0,321.69,playing,3
217.9056,9.4228,0,0,0.17969,0,319.24,playing,3
217.9216,9.4228,0,0,0.17969,0,317.06,playing,3
217.9382,9.4228,0,0,0.14626,0,315.17,playing,3
217.955,6.8141,0,0,0.14626,0,313.48,playing,3
217.9712,6.8141,0,0,0.14626,0,312.16,playing,3
217.9884,6.8141,0,0,0.18853,0,311.09,playing,3
218.0047,2.3031,0,0,0.18853,0,310.33,playing,3
218.0214,2.3031,0,0,0.18853,0,309.9,playing,3
218.0379,1.067,0,0,0.21448,1,309.76,playing,3
218.054,1.067,0,0,0.21448,0,309.91,playing,3
218.0698,1.067,0,0,0.21448,0,310.34,playing,3
218.0856,-0.0633,0,0,0.21448,0,311.05,playing,3
218.1014,-1.0818,0,0,0.22304,0,312.04,playing,3
218.1183,-1.0818,0,0,0.22304,0,313.32,playing,3
218.1354,-1.6557,0,0,0.22261,0,314.99,playing,3
218.1526,-1.6557,0,0,0.22261,0,316.98,playing,3
218.1692,-1.6557,0,0,0.22261,0,319.29,playing,3
218.1858,-2.271,0,0,0.24253,0,321.92,playing,3
218.202,-2.271,0,0,0.24253,0,324.67,playing,3
218.2176,-2.271,0,0,0.24253,0,327.7,playing,3
218.2346,-2.5131,0,0,0.26049,0,331.02,playing,3
218.2512,-2.5131,0,0,0.26049,0,334.86,playing,3
218.2682,-3.0914,0,0,0.26049,0,339.02,playing,3
218.2835,-3.0914,0,0,0.26049,0,343.22,playing,3
218.2993,-3.0914,0,0,0.24031,0,347.7,playing,3
218.3159,-16.7892,1,0,0.24031,0,352.46,playing,3
218.332,-16.7892,0,0,0.24031,0,346.5,playing,3
218.3489,-16.7892,0,0,0.24031,0,340.49,playing,3
218.3664,-10.8549,0,0,0.24031,0,335.11,playing,3
218.383,-10.8549,0,0,0.27273,0,329.42,playing,3
218.3986,-5.8785,0,0,0.27273,0,324.64,playing,3
218.4151,-5.8785,0,0,0.27273,0,320.14,playing,3
218.4325,-5.8785,0,0,0.24554,0,315.68,playing,3
218.4492,11.6648,0,0,0.24554,0,311.54,playing,3
218.4658,11.6648,0,0,0.24554,0,307.71,playing,3
218.4814,11.6648,0,0,0.16317,0,304.39,playing,3
218.4979,12.8662,0,0,0.16317,0,301.36,playing,3
218.5135,12.8662,0,0,0.16317,0,298.6,playing,3
218.5301,12.8662,0,0,0.10992,0,296.13,playing,3
218.5466,7.0558,0,0,0.10992,0,293.93,playing,3
218.5626,7.0558,0,0,0.10992,0,291.92,playing,3
218.5787,4.6526,0,0,0.15806,0,290.31,playing,3
218.5953,4.6526,0,0,0.15806,0,288.98,playing,3
218.6135,4.6526,0,0,0.15806,0,287.89,playing,3
218.6304,1.1032,0,0,0.13448,0,287.09,playing,3
218.6465,1.1032,0,0,0.13448,0,286.64,playing,3
218.6626,1.1032,0,0,0.21061,1,286.51,playing,3
218.6792,1.1032,0,0,0.21061,0,286.66,playing,3
218.6961,1.1032,0,0,0.21061,0,287.14,playing,3
218.7116,1.1032,0,0,0.17088,0,287.87,playing,3
218.7278,-0.7302,0,0,0.17088,0,288.88,playing,3
218.7436,-0.7302,0,0,0.17088,0,290.17,playing,3
218.7604,-0.7302,0,0,0.18264,0,291.74,playing,3
218.7775,-0.7302,0,0,0.18264,0,293.74,playing,3
218.7939,-0.7302,0,0,0.18264,0,296.04,playing,3
218.8096,-2.1798,0,0,0.20115,0,298.5,playing,3
218.8262,-2.1798,0,0,0.20115,0,301.23,playing,3
218.8428,-2.1798,0,0,0.20115,0,304.46,playing,3
218.8596,-2.3395,0,0,0.20115,0,307.78,playing,3
218.8757,-5.074,0,0,0.22866,0,311.62,playing,3
218.8922,-5.074,0,0,0.22866,0,315.52,playing,3
218.9089,-14.0937,1,0,0.22866,0,319.97,playing,3
218.9254,-14.0937,0,0,0.22284,0,314.02,playing,3
218.9423,-14.8246,0,0,0.22284,0,308.0,playing,3
218.9585,-14.8246,0,0,0.22284,0,302.31,playing,3
218.9746,-14.8246,0,0,0.23263,0,297.23,playing,3
218.9906,-5.2995,0,0,0.23263,0,292.43,playing,3
219.0067,-5.2995,0,0,0.23263,0,287.92,playing,3
219.0243,-5.2995,0,0,0.23263,0,283.68,playing,3
219.0415,4.1461,0,0,0.21867,0,279.28,playing,3
219.0583,4.1461,0,0,0.21867,0,275.43,playing,3
219.0748,12.7213,0,0,0.21867,0,271.91,playing,3
219.0914,12.7213,0,0,0.13341,0,268.87,playing,3
219.1075,12.7213,0,0,0.13341,0,266.12,playing,3
219.1237,10.3237,0,0,0.13341,0,263.51,playing,3
219.1398,10.3237,0,0,0.1605,0,261.33,playing,3
219.1556,10.3237,0,0,0.1605,0,259.44,playing,3
219.1718,7.148,0,0,0.1605,0,257.83,playing,3
219.1878,7.148,0,0,0.13077,0,256.5,playing,3
219.2043,7.148,0,0,0.13077,0,255.45,playing,3
219.221,4.8737,0,0,0.13077,0,254.66,playing,3
219.237,4.8737,0,0,0.14469,0,254.19,playing,3
219.2528,0.8008,0,0,0.14469,0,254.0,playing,3
219.2691,0.8008,0,0,0.14469,0,254.1,playing,3
219.2853,0.8008,0,0,0.1996,0,254.52,playing,3
219.302,-0.4849,0,0,0.1996,0,255.2,playing,3
219.3176,-0.4849,0,0,0.1996,0,256.15,playing,3
219.3342,-0.4849,0,0,0.25413,1,257.39,playing,3
219.3515,-1.1421,0,0,0.25413,0,259.03,playing,3
219.3685,-1.1421,0,0,0.25413,0,260.98,playing,3
219.385,-1.1421,0,0,0.26315,0,263.25,playing,3
219.4008,-2.0916,0,0,0.26315,0,265.67,playing,3
219.4174,-2.0916,0,0,0.26315,0,268.37,playing,3
219.434,-16.81,1,0,0.26316,0,271.56,playing,3
219.4508,-16.81,0,0,0.26316,0,265.25,playing,3
219.4668,-16.81,0,0,0.26316,0,259.59,playing,3
219.4829,-11.0813,0,0,0.23199,0,254.21,playing,3
219.4986,-11.0813,0,0,0.23199,0,249.12,playing,3
219.5151,-11.0813,0,0,0.23199,0,244.3,playing,3
219.5312,-11.0813,0,0,0.19172,0,239.77,playing,3
219.5477,-11.0813,0,0,0.19172,0,235.27,playing,3
219.5642,-11.0813,0,0,0.19172,0,231.32,playing,3
219.5813,6.7214,0,0,0.1138,0,227.44,playing,4
219.5979,6.7214,0,0,0.1138,0,223.87,playing,4
219.614,8.7828,0,0,0.1138,0,220.8,playing,4
219.63,8.7828,0,0,0.14764,0,218.01,playing,4
219.6461,8.7828,0,0,0.14764,0,215.5,playing,4
219.6616,6.7118,0,0,0.14764,0,213.28,playing,4
219.6786,6.7118,0,0,0.12965,0,211.33,playing,4
219.6947,6.7118,0,0,0.12965,0,209.58,playing,4
219.7112,5.2057,0,0,0.12965,0,208.22,playing,4
219.7284,5.2057,0,0,0.20058,0,207.08,playing,4
219.745,5.2057,0,0,0.20058,0,206.27,playing,4
219.7606,2.4075,0,0,0.20058,0,205.79,playing,4
219.7776,2.4075,0,0,0.1747,0,205.58,playing,4
219.7942,2.4075,0,0,0.1747,0,205.68,playing,4
219.8112,2.4075,0,0,0.1747,0,206.1,playing,4
219.828,2.4075,0,0,0.18022,0,206.84,playing,4
219.8435,-1.3975,0,0,0.18022,0,207.82,playing,4
219.8601,-1.3975,0,0,0.18022,0,209.08,playing,4
219.8758,-1.3975,0,0,0.19937,0,210.61,playing,4
219.8914,-1.9201,0,0,0.19937,0,212.44,playing,4
219.9079,-1.9201,0,0,0.19937,0,214.54,playing,4
219.924,-1.9201,0,0,0.23186,1,216.92,playing,4
219.94,-1.9201,0,0,0.23186,0,219.59,playing,4
219.9556,-1.9201,0,0,0.23186,0,222.53,playing,4
219.9722,-2.2937,0,0,0.23132,0,225.76,playing,4
219.9892,-1.6739,0,0,0.23132,0,229.51,playing,4
220.0063,-1.6739,0,0,0.23132,0,233.58,playing,4
220.0224,-1.6064,0,0,0.22307,0,237.96,playing,4
220.0386,-1.6064,0,0,0.22307,0,242.37,playing,4
220.0547,-1.6064,0,0,0.22307,0,247.06,playing,4
220.0706,-1.4244,0,0,0.24612,0,252.03,playing,4
220.0868,-1.2745,0,0,0.24612,0,257.28,playing,4
220.1026,-1.2745,0,0,0.24612,0,262.82,playing,4
220.1189,-4.8548,0,0,0.24612,0,268.63,playing,4
220.135,-4.8548,0,0,0.20942,0,274.73,playing,4
220.1515,-4.8548,0,0,0.20942,0,281.11,playing,4
220.1681,-14.9521,1,0,0.20942,0,288.21,playing,4
220.1837,-14.9521,0,0,0.20942,0,282.25,playing,4
220.2004,-7.2499,0,0,0.2407,0,276.57,playing,4
220.2174,-7.2499,0,0,0.2407,0,270.86,playing,4
220.2339,-7.2499,0,0,0.2407,0,265.46,playing,4
220.2505,-4.2847,0,0,0.12963,0,260.67,playing,4
220.267,-4.2847,0,0,0.12963,0,255.89,playing,4
220.2836,-4.2847,0,0,0.12963,0,251.67,playing,4
220.2997,-1.7101,0,0,0.13305,0,247.51,playing,4
220.3158,-1.7101,0,0,0.13305,0,243.87,playing,4
220.3324,-1.7101,0,0,0.13305,0,240.52,playing,4
220.3492,11.2612,0,0,0.13746,0,237.28,playing,4
220.3663,11.2612,0,0,0.13746,0,234.35,playing,4
220.3828,15.275,0,0,0.13746,0,231.74,playing,4
220.4,15.275,0,0,0.13746,0,229.56,playing,4
220.416,15.275,0,0,0.13588,0,227.57,playing,4
220.4322,9.696,0,0,0.13588,0,225.98,playing,4
220.4504,9.696,0,0,0.13588,0,224.6,playing,4
220.4679,6.5578,0,0,0.15263,0,223.5,playing,4
220.4834,6.5578,0,0,0.15263,0,222.78,playing,4
220.5,6.5578,0,0,0.15263,0,222.39,playing,4
220.5156,3.1169,0,0,0.12054,0,222.27,playing,4
220.5318,3.1169,0,0,0.12054,0,222.44,playing,4
220.548,3.1169,0,0,0.18506,0,222.88,playing,4
220.564,1.0043,0,0,0.18506,0,223.61,playing,4
220.5797,1.0043,0,0,0.18506,0,224.63,playing,4
220.596,1.0043,0,0,0.22368,1,225.92,playing,4
220.6121,1.0043,0,0,0.22368,0,227.49,playing,4
220.6293,1.0043,0,0,0.22368,0,229.48,playing,4
220.6458,1.0043,0,0,0.20086,0,231.79,playing,4
220.6618,-2.9833,0,0,0.20086,0,234.25,playing,4
220.6784,-2.9833,0,0,0.20086,0,236.98,playing,4
220.6955,-2.7621,0,0,0.23141,0,240.21,playing,4
220.712,-2.7621,0,0,0.23141,0,243.75,playing,4
220.7275,-2.7621,0,0,0.23141,0,247.37,playing,4
220.7441,-2.3619,0,0,0.23141,0,251.26,playing,4
220.7597,-2.3619,0,0,0.23662,0,255.44,playing,4
220.7757,-2.3619,0,0,0.23662,0,259.9,playing,4
220.7913,-2.3164,0,0,0.23662,0,264.65,playing,4
220.808,-2.3164,0,0,0.22633,0,269.67,playing,4
220.824,-2.3164,0,0,0.22633,0,274.98,playing,4
220.84,-1.7428,0,0,0.22633,0,280.56,playing,4
220.8555,-1.7428,0,0,0.23209,0,286.43,playing,4
220.8716,-1.7428,0,0,0.23209,0,292.58,playing,4
220.8879,-1.556,0,0,0.23209,0,299.01,playing,4
220.9042,-1.556,0,0,0.22713,0,305.73,playing,4
220.9207,-0.9956,0,0,0.22713,0,313.18,playing,4
220.9373,-0.9956,0,0,0.22713,0,320.47,playing,4
220.9539,-0.9956,0,0,0.22713,0,328.54,playing,4
220.9696,-11.1938,0,0,0.22713,0,336.42,playing,4
220.9857,-11.1938,0,0,0.25983,0,344.57,playing,4
221.0018,-11.1938,0,0,0.25983,0,353.01,playing,4
221.0188,-15.69,1,0,0.25983,0,361.73,playing,4
221.0354,-15.69,0,0,0.25983,0,355.42,playing,4
221.0542,-8.3588,0,0,0.23184,0,349.43,playing,4
221.0703,-8.3588,0,0,0.23184,0,343.12,playing,4
221.0865,-8.3588,0,0,0.23184,0,338.1,playing,4
221.1026,8.4166,0,0,0.23184,0,333.35,playing,4
221.1187,8.4166,0,0,0.20689,0,328.89,playing,4
221.1347,8.4166,0,0,0.20689,0,324.71,playing,4
221.1512,12.5411,0,0,0.20689,0,320.81,playing,4
221.1683,12.5411,0,0,0.15569,0,316.99,playing,4
221.1848,12.5411,0,0,0.15569,0,313.48,playing,4
221.2009,11.1498,0,0,0.15569,0,310.46,playing,4
221.2169,11.1498,0,0,0.14888,0,307.72,playing,4
221.233,8.2999,0,0,0.14888,0,305.27,playing,4
221.2491,6.325,0,0,0.14888,0,303.09,playing,4
221.2662,6.325,0,0,0.15664,0,301.1,playing,4
221.2827,3.9212,0,0,0.15664,0,299.42,playing,4
221.2987,3.9212,0,0,0.15664,0,298.13,playing,4
221.3153,3.9212,0,0,0.14228,0,297.12,playing,4
221.3319,0.8311,0,0,0.14228,0,296.36,playing,4
221.3484,0.8311,0,0,0.14228,0,295.93,playing,4
221.3649,0.8311,0,0,0.20783,1,295.79,playing,4
221.381,-0.0856,0,0,0.20783,0,295.94,playing,4
221.3967,-0.0856,0,0,0.20783,0,296.37,playing,4
221.4128,-0.8293,0,0,0.2279,0,297.08,playing,4
221.4293,-1.1295,0,0,0.2279,0,298.07,playing,5
221.4466,-1.1295,0,0,0.2279,0,299.44,playing,5
221.4627,-2.1177,0,0,0.2279,0,301.14,playing,5
221.4792,-2.1177,0,0,0.2279,0,303.01,playing,5
221.4958,-2.1177,0,0,0.2279,0,305.32,playing,5
221.512,-2.1177,0,0,0.21885,0,307.77,playing,5
221.5281,-2.1177,0,0,0.21885,0,310.51,playing,5
221.5436,-2.1177,0,0,0.21885,0,313.53,playing,5
221.5604,-1.0757,0,0,0.24645,0,316.83,playing,5
221.5764,-1.0757,0,0,0.24645,0,320.65,playing,5
221.5936,-1.5842,0,0,0.24645,0,324.53,playing,5
221.61,-1.5842,0,0,0.22337,0,328.97,playing,5
221.6265,-1.5842,0,0,0.22337,0,333.43,playing,5
221.6431,-1.5756,0,0,0.22337,0,338.49,playing,5
221.6591,-1.5756,0,0,0.24657,0,343.53,playing,5
221.6754,-1.5756,0,0,0.24657,0,349.2,playing,5
221.6925,-6.7519,0,0,0.24657,0,354.83,playing,5
221.7092,-6.7519,0,0,0.24008,0,361.12,playing,5
221.7257,-6.7519,0,0,0.24008,0,367.73,playing,5
221.7433,-6.7519,0,0,0.24008,0,374.23,playing,5
221.7598,-6.7519,0,0,0.2561,0,381.9,playing,5
221.7759,-2.4769,1,0,0.2561,0,389.0,playing,5
221.7924,-2.4769,0,0,0.2561,0,383.04,playing,5
221.8092,-2.4769,0,0,0.2561,0,377.03,playing,5
221.8258,9.2858,0,0,0.2561,0,371.34,playing,5
221.8423,9.2858,0,0,0.2561,0,366.26,playing,5
221.8589,9.2858,0,0,0.21708,0,361.18,playing,5
221.8755,10.2815,0,0,0.21708,0,356.68,playing,5
221.892,10.2815,0,0,0.21708,0,352.22,playing,5
221.9085,10.2815,0,0,0.14423,0,348.3,playing,5
221.9246,7.7408,0,0,0.14423,0,344.46,playing,5
221.9411,7.7408,0,0,0.14423,0,341.12,playing,5
221.9582,3.2276,0,0,0.14863,0,337.9,playing,5
221.9752,3.2276,0,0,0.14863,0,334.99,playing,5
221.9928,3.2276,0,0,0.14863,0,332.4,playing,5
222.0092,1.8126,0,0,0.12071,0,330.13,playing,5
222.0257,1.8126,0,0,0.12071,0,328.17,playing,5
222.0423,1.8126,0,0,0.12071,0,326.61,playing,5
222.0589,0.5943,0,0,0.15002,0,325.27,playing,5
222.0754,0.5943,0,0,0.15002,0,324.3,playing,5
222.0923,-0.595,0,0,0.18956,0,323.58,playing,5
222.1094,-0.595,0,0,0.18956,0,323.17,playing,5
222.1259,-0.595,0,0,0.18956,0,323.09,playing,5
222.142,-1.1703,0,0,0.18956,0,323.29,playing,5
222.1576,-1.1703,0,0,0.20558,1,323.77,playing,5
222.1737,-1.1703,0,0,0.20558,0,324.54,playing,5
222.1898,-1.368,0,0,0.20558,0,325.58,playing,5
222.2053,-1.368,0,0,0.22359,0,326.91,playing,5
222.2222,-1.4363,0,0,0.22359,0,328.52,playing,5
222.2388,-1.1428,0,0,0.22359,0,330.55,playing,5
222.2555,-1.1428,0,0,0.22813,0,332.74,playing,5
222.2722,-1.0976,0,0,0.22813,0,335.39,playing,5
222.2891,-1.0976,0,0,0.22813,0,338.35,playing,5
222.3049,-1.0976,0,0,0.22184,0,341.42,playing,5
222.321,-1.0842,0,0,0.22184,0,344.77,playing,5
222.3365,-1.0842,0,0,0.22184,0,348.4,playing,5
222.3527,-1.0842,0,0,0.22831,0,352.32,playing,5
222.369,-9.9416,0,0,0.22831,0,356.52,playing,5
222.3852,-9.9416,0,0,0.22831,0,361.0,playing,5
222.4008,-9.9416,0,0,0.22831,0,365.76,playing,5
222.4174,-6.5916,1,0,0.26913,0,370.8,playing,5
222.4345,-6.5916,0,0,0.26913,0,364.48,playing,5
222.4504,-6.5916,0,0,0.26913,0,358.49,playing,5
222.4675,-6.5916,0,0,0.26913,0,353.13,playing,5
222.4836,-6.5916,0,0,0.23692,0,347.75,playing,5
222.5001,7.1082,0,0,0.23692,0,342.97,playing,5
222.5172,7.1082,0,0,0.23692,0,338.21,playing,5
222.5332,7.1082,0,0,0.1619,0,334.02,playing,5
222.5498,7.3674,0,0,0.1619,0,329.87,playing,5
222.5663,7.3674,0,0,0.1619,0,326.26,playing,5
222.583,6.1924,0,0,0.14244,0,322.73,playing,5
222.5995,6.1924,0,0,0.14244,0,319.69,playing,5
222.6161,6.1924,0,0,0.14244,0,316.78,playing,5
222.6316,3.0912,0,0,0.16918,0,314.33,playing,5
222.6477,3.0912,0,0,0.16918,0,312.15,playing,5
222.6642,3.0912,0,0,0.16918,0,310.26,playing,5
222.6803,1.9709,0,0,0.15002,0,308.57,playing,5
222.6969,1.9709,0,0,0.15002,0,307.26,playing,5
222.7134,1.9709,0,0,0.15002,0,306.23,playing,5
222.7305,0.8153,0,0,0.13778,0,305.45,playing,5
222.747,0.8153,0,0,0.13778,0,304.99,playing,5
222.7641,0.4762,0,0,0.13778,0,304.84,playing,5
222.7806,0.2204,0,0,0.14111,0,305.03,playing,5
222.7972,0.2204,0,0,0.14111,0,305.47,playing,5
222.8154,-0.376,0,0,0.14111,0,306.27,playing,5
222.832,-0.376,0,0,0.20337,0,307.46,playing,5
222.848,-0.376,0,0,0.20337,0,308.81,playing,5
222.8646,-0.7154,0,0,0.22665,1,310.44,playing,5
222.8812,-0.7154,0,0,0.22665,0,312.48,playing,5
222.8977,-1.1372,0,0,0.22665,0,314.85,playing,5
222.914,-1.1334,0,0,0.22665,0,317.36,playing,5
222.9298,-1.1334,0,0,0.22337,0,320.15,playing,5
222.9461,-1.1557,0,0,0.22337,0,323.22,playing,5
222.9633,-1.1557,0,0,0.22337,0,326.8,playing,5
222.9794,-1.1557,0,0,0.22337,0,330.69,playing,5
222.9955,-17.3297,1,0,0.22851,0,334.64,playing,5
223.0121,-17.3297,0,0,0.22851,0,328.69,playing,5
223.0281,-17.3297,0,0,0.22851,0,323.01,playing,5
223.0441,-11.6536,0,0,0.2279,0,317.61,playing,5
223.0607,-11.6536,0,0,0.2279,0,312.2,playing,5
223.0767,-4.0415,0,0,0.2279,0,307.38,playing,5
223.0927,9.0562,0,0,0.2279,0,302.85,playing,5
223.1088,9.0562,0,0,0.16995,0,298.6,playing,5
223.1248,10.6947,0,0,0.16995,0,294.63,playing,5
223.1408,10.6947,0,0,0.16995,0,290.94,playing,5
223.1574,10.6947,0,0,0.18339,0,287.54,playing,5
223.1737,8.0998,0,0,0.18339,0,284.24,playing,5
223.1898,8.0998,0,0,0.18339,0,281.41,playing,5
223.2064,8.0998,0,0,0.18339,0,278.87,playing,5
223.2231,4.0506,0,0,0.18339,0,276.48,playing,5
223.2397,4.0506,0,0,0.18339,0,274.41,playing,5
223.2555,4.0506,0,0,0.1745,0,272.75,playing,5
223.2721,2.6431,0,0,0.1745,0,271.37,playing,5
223.2886,2.6431,0,0,0.1745,0,270.22,playing,6
223.3054,0.3446,0,0,0.19793,0,269.41,playing,6
223.3225,0.3446,0,0,0.19793,0,268.88,playing,6
223.339,0.3446,0,0,0.19793,0,268.67,playing,6
223.3551,0.0411,0,0,0.19793,1,268.74,playing,6
223.3722,0.0411,0,0,0.21867,0,269.14,playing,6
223.3883,0.0411,0,0,0.21867,0,269.8,playing,6
223.4048,-1.0497,0,0,0.21867,0,270.82,playing,6
223.4214,-1.0497,0,0,0.20468,0,272.06,playing,6
223.4381,-1.5285,0,0,0.20468,0,273.7,playing,6
223.4547,-1.5226,0,0,0.20468,0,275.65,playing,6
223.4707,-1.5226,0,0,0.20525,0,277.77,playing,6
223.4867,-1.8365,0,0,0.20525,0,280.17,playing,6
223.5027,-1.8365,0,0,0.20525,0,282.86,playing,6
223.5193,-1.8365,0,0,0.2325,0,285.82,playing,6
223.5364,-1.4547,0,0,0.2325,0,289.29,playing,6
223.5528,-1.4547,0,0,0.2325,0,293.07,playing,6
223.5692,-1.4547,0,0,0.21395,0,296.92,playing,6
223.5859,-1.4547,0,0,0.21395,0,301.32,playing,6
223.6015,-1.4547,0,0,0.21395,0,305.75,playing,6
223.6176,-1.4547,0,0,0.242,0,310.45,playing,6
223.6341,-7.7574,0,0,0.242,0,315.44,playing,6
223.6503,-7.7574,0,0,0.242,0,320.71,playing,6
223.6668,-9.9667,1,0,0.25022,0,326.63,playing,6
223.6828,-9.9667,0,0,0.25022,0,320.67,playing,6
223.6989,-9.9667,0,0,0.25022,0,315.0,playing,6
223.7145,-3.9283,0,0,0.23672,0,309.6,playing,6
223.7309,-3.9283,0,0,0.23672,0,304.49,playing,6
223.7471,-3.9283,0,0,0.23672,0,299.66,playing,6
223.7629,12.4069,0,0,0.23672,0,295.11,playing,6
223.7788,12.4069,0,0,0.16725,0,290.84,playing,6
223.7954,12.4069,0,0,0.16725,0,286.85,playing,6
223.8115,10.9165,0,0,0.16725,0,282.93,playing,6
223.8276,10.9165,0,0,0.1611,0,279.52,playing,6
223.8439,8.319,0,0,0.1611,0,276.4,playing,6
223.86,8.319,0,0,0.1611,0,273.56,playing,6
223.8767,8.319,0,0,0.179,0,270.99,playing,6
223.8928,3.5328,0,0,0.179,0,268.59,playing,6
223.9089,3.5328,0,0,0.179,0,266.61,playing,6
223.9255,3.5328,0,0,0.179,0,264.91,playing,6
223.9415,0.9854,0,0,0.19502,0,263.42,playing,6
223.9576,0.9854,0,0,0.19502,0,262.31,playing,6
223.974,0.9854,0,0,0.19502,0,261.47,playing,6
223.9901,-1.155,0,0,0.19502,0,260.91,playing,6
224.0057,-1.155,0,0,0.18005,0,260.64,playing,6
224.0223,-1.155,0,0,0.18005,0,260.65,playing,6
224.0393,-1.3211,0,0,0.18005,0,260.97,playing,6
224.0553,-1.3211,0,0,0.1929,0,261.62,playing,6
224.0714,-1.5054,0,0,0.1929,0,262.51,playing,6
224.0884,-1.5054,0,0,0.1929,0,263.68,playing,6
224.105,-1.5054,0,0,0.24064,1,265.24,playing,6
224.1208,-1.8138,0,0,0.24064,0,266.99,playing,6
224.1377,-1.8138,0,0,0.24064,0,269.02,playing,6
224.1538,-1.8138,0,0,0.24992,0,271.5,playing,6
224.1697,-2.2207,0,0,0.24992,0,274.11,playing,6
224.1858,-2.2207,0,0,0.24992,0,277.0,playing,6
224.2023,-2.3652,0,0,0.24992,0,280.18,playing,6
224.2194,-2.399,0,0,0.24497,0,283.87,playing,6
224.2361,-2.399,0,0,0.24497,0,287.88,playing,6
224.2518,-1.8848,0,0,0.24497,0,291.94,playing,6
224.2679,-1.8848,0,0,0.24497,0,296.28,playing,6
224.2845,-1.8848,0,0,0.22217,0,300.89,playing,6
224.3006,-15.153,1,0,0.22217,0,306.12,playing,6
224.3166,-15.153,0,0,0.22217,0,300.16,playing,6
224.3327,-15.153,0,0,0.2556,0,294.49,playing,6
224.3487,-15.153,0,0,0.2556,0,289.09,playing,6
224.3643,-15.153,0,0,0.2556,0,283.98,playing,6
224.3803,-15.153,0,0,0.15518,0,279.14,playing,6
224.3969,-0.31,0,0,0.15518,0,274.59,playing,6
224.4129,-0.31,0,0,0.15518,0,270.33,playing,6
224.4291,12.2736,0,0,0.1725,0,266.34,playing,6
224.4462,12.2736,0,0,0.1725,0,262.42,playing,6
224.4618,12.2736,0,0,0.1725,0,259.01,playing,6
224.4779,10.6055,0,0,0.17636,0,255.89,playing,6
224.4938,10.6055,0,0,0.17636,0,253.05,playing,6
224.5099,10.6055,0,0,0.17636,0,250.48,playing,6
224.526,5.4285,0,0,0.15169,0,248.2,playing,6
224.5421,5.4285,0,0,0.15169,0,246.21,playing,6
224.559,5.4285,0,0,0.15169,0,244.4,playing,6
224.5746,3.4606,0,0,0.14665,0,242.98,playing,6
224.5912,3.4606,0,0,0.14665,0,241.85,playing,6
224.6067,3.4606,0,0,0.14665,0,240.99,playing,6
224.6228,2.352,0,0,0.1517,0,240.42,playing,6
224.6394,2.352,0,0,0.1517,0,240.13,playing,6
224.6564,0.9116,0,0,0.1517,0,240.14,playing,6
224.6725,0.9116,0,0,0.16734,0,240.46,playing,6
224.6892,0.9116,0,0,0.16734,0,241.05,playing,6
224.7058,-0.3494,0,0,0.16734,0,241.99,playing,6
224.7224,-0.3494,0,0,0.23275,1,243.16,playing,6
224.7389,-0.3494,0,0,0.23275,0,244.73,playing,6
224.7554,-0.9387,0,0,0.23275,0,246.48,playing,6
224.7723,-0.9387,0,0,0.22736,0,248.65,playing,6
224.7886,-1.8732,0,0,0.22736,0,251.15,playing,6
224.8047,-1.8732,0,0,0.22736,0,253.78,playing,6
224.821,-1.8732,0,0,0.24099,0,256.69,playing,6
224.8373,-2.3563,0,0,0.24099,0,259.88,playing,6
224.8544,-2.3563,0,0,0.24099,0,263.6,playing,6
224.871,-2.3563,0,0,0.2159,0,267.62,playing,6
224.8871,-2.2446,0,0,0.2159,0,271.7,playing,6
224.9027,-2.2446,0,0,0.2159,0,276.05,playing,6
224.9193,-2.2446,0,0,0.24111,0,280.69,playing,6
224.9362,-2.317,0,0,0.24111,0,285.93,playing,6
224.9528,-2.317,0,0,0.24111,0,291.5,playing,6
224.969,-17.9185,1,0,0.22307,0,297.01,playing,6
224.985,-17.9185,0,0,0.22307,0,291.06,playing,6
225.0011,-17.9185,0,0,0.22307,0,285.38,playing,6
225.0167,-12.8237,0,0,0.21811,0,279.98,playing,6
225.0324,-12.8237,0,0,0.21811,0,274.87,playing,6
225.0491,-12.8237,0,0,0.21811,0,270.04,playing,6
225.0646,-7.704,0,0,0.15695,0,265.49,playing,6
225.0809,-7.704,0,0,0.15695,0,261.22,playing,6
225.0964,-7.704,0,0,0.15695,0,257.23,playing,6
225.113,7.1798,0,0,0.16957,0,253.53,playing,6
225.1296,7.1798,0,0,0.16957,0,250.1,playing,7
225.1462,7.1798,0,0,0.16957,0,246.78,playing,7
225.1622,14.9383,0,0,0.16035,0,243.94,playing,7
225.1792,14.9383,0,0,0.16035,0,241.24,playing,7
225.1963,10.8165,0,0,0.16035,0,238.85,playing,7
225.213,10.8165,0,0,0.17011,0,236.78,playing,7
225.2292,10.8165,0,0,0.17011,0,235.12,playing,7
225.2468,7.8722,0,0,0.17011,0,233.67,playing,7
225.2629,7.8722,0,0,0.1659,0,232.54,playing,7
225.2793,7.8722,0,0,0.1659,0,231.75,playing,7
225.2953,5.1551,0,0,0.12154,0,231.24,playing,7
225.3124,5.1551,0,0,0.12154,0,231.03,playing,7
225.3289,3.3211,0,0,0.12154,0,231.14,playing,7
225.345,1.8528,0,0,0.16804,0,231.51,playing,7
225.3616,1.8528,0,0,0.16804,0,232.17,playing,7
225.3781,0.5782,0,0,0.16804,0,233.19,playing,7
225.3952,0.5782,0,0,0.16804,0,234.53,playing,7
225.4118,0.5782,0,0,0.1929,0,236.18,playing,7
225.4279,-0.93,0,0,0.1929,0,238.02,playing,7
225.4439,-0.93,0,0,0.1929,0,240.14,playing,7
225.46,-0.93,0,0,0.22703,1,242.54,playing,7
225.4766,-1.1742,0,0,0.22703,0,245.23,playing,7
225.4935,-1.1742,0,0,0.22703,0,248.39,playing,7
225.5093,-1.7298,0,0,0.23151,0,251.88,playing,7
225.5253,-1.7298,0,0,0.23151,0,255.44,playing,7
225.5417,-1.7298,0,0,0.23151,0,259.29,playing,7
225.5577,-2.739,0,0,0.22207,0,263.42,playing,7
225.5743,-2.739,0,0,0.22207,0,267.82,playing,7
225.5913,-2.739,0,0,0.22207,0,272.82,playing,7
225.6084,-10.4614,0,0,0.24092,0,278.14,playing,7
225.625,-10.4614,0,0,0.24092,0,283.78,playing,7
225.6409,-10.4614,0,0,0.24092,0,289.37,playing,7
225.6569,-12.5589,1,0,0.22767,0,295.24,playing,7
225.6725,-12.5589,0,0,0.22767,0,289.28,playing,7
225.6885,-8.0334,0,0,0.22767,0,283.6,playing,7
225.7043,-8.0334,0,0,0.1415,0,278.21,playing,7
225.7215,-8.0334,0,0,0.1415,0,273.09,playing,7
225.7381,-3.9751,0,0,0.1415,0,267.98,playing,7
225.7536,-3.9751,0,0,0.13578,0,263.45,playing,7
225.7707,-3.9751,0,0,0.13578,0,259.19,playing,7
225.7872,14.0674,0,0,0.13578,0,255.0,playing,7
225.8043,14.0674,0,0,0.1359,0,251.11,playing,7
225.8215,14.0674,0,0,0.1359,0,247.55,playing,7
225.838,14.1188,0,0,0.15017,0,244.31,playing,7
225.8551,14.1188,0,0,0.15017,0,241.38,playing,7
225.8709,7.8378,0,0,0.15017,0,238.9,playing,7
225.8864,7.8378,0,0,0.15017,0,236.71,playing,7
225.9034,7.8378,0,0,0.14863,0,234.8,playing,7
225.9205,4.9353,0,0,0.14863,0,233.09,playing,7
225.9387,4.9353,0,0,0.14863,0,231.7,playing,7
225.9545,4.9353,0,0,0.12065,0,230.58,playing,7
225.9706,2.3042,0,0,0.12065,0,229.86,playing,7
225.9867,2.3042,0,0,0.12065,0,229.43,playing,7
226.0047,2.3042,0,0,0.179,0,229.28,playing,7
226.0214,-0.0707,0,0,0.179,0,229.5,playing,7
226.0386,-0.0707,0,0,0.179,0,229.96,playing,7
226.0548,-0.512,0,0,0.22261,1,230.78,playing,7
226.0713,-0.512,0,0,0.22261,0,231.82,playing,7
226.0879,-0.512,0,0,0.22261,0,233.25,playing,7
226.1034,-1.7461,0,0,0.24983,0,234.88,playing,7
226.1198,-1.7461,0,0,0.24983,0,236.79,playing,7
226.1353,-1.7461,0,0,0.24983,0,238.98,playing,7
226.1519,-1.8881,0,0,0.23789,0,241.45,playing,7
226.1685,-1.8881,0,0,0.23789,0,244.4,playing,7
226.1856,-5.2699,0,0,0.23789,0,247.45,playing,7
226.2017,-5.2699,0,0,0.22171,0,251.01,playing,7
226.2179,-5.2699,0,0,0.22171,0,254.64,playing,7
226.2339,-17.9976,1,0,0.22171,0,258.56,playing,7
226.2497,-17.9976,0,0,0.22261,0,252.6,playing,7
226.2667,-17.9976,0,0,0.22261,0,246.92,playing,7
226.2832,-6.8102,0,0,0.22261,0,241.21,playing,7
226.2998,-6.8102,0,0,0.16717,0,235.81,playing,7
226.3159,-6.8102,0,0,0.16717,0,231.02,playing,7
226.3324,8.1713,0,0,0.16717,0,226.5,playing,7
226.3489,8.1713,0,0,0.13422,0,222.02,playing,7
226.365,9.4658,0,0,0.13422,0,218.09,playing,7
226.3806,9.4658,0,0,0.13422,0,214.44,playing,7
226.3971,9.4658,0,0,0.13557,0,211.06,playing,7
226.4131,8.408,0,0,0.13557,0,207.98,playing,7
226.4297,8.408,0,0,0.13557,0,205.17,playing,7
226.4462,8.408,0,0,0.17846,0,202.5,playing,7
226.4633,3.9254,0,0,0.17846,0,200.15,playing,7
226.4803,3.9254,0,0,0.17846,0,198.12,playing,7
226.4966,3.9254,0,0,0.13462,0,196.41,playing,7
226.5126,1.8146,0,0,0.13462,0,195.08,playing,7
226.5291,1.8146,0,0,0.13462,0,194.03,playing,7
226.5462,0.0481,0,0,0.15447,0,193.24,playing,7
226.5627,0.0481,0,0,0.15447,0,192.76,playing,7
226.5789,0.0481,0,0,0.15447,0,192.59,playing,7
226.595,-0.7289,0,0,0.22802,1,192.71,playing,7
226.6106,-0.7289,0,0,0.22802,0,193.1,playing,7
226.6266,-0.7289,0,0,0.22802,0,193.78,playing,7
226.6426,-1.0923,0,0,0.23629,0,194.74,playing,7
226.6587,-1.0923,0,0,0.23629,0,195.98,playing,7
226.6752,-1.0923,0,0,0.23629,0,197.5,playing,7
226.691,-1.0053,0,0,0.2279,0,199.3,playing,7
226.7071,-1.0053,0,0,0.2279,0,201.39,playing,7
226.7226,-1.1345,0,0,0.2279,0,203.75,playing,7
226.7391,-1.1345,0,0,0.2279,0,206.4,playing,7
226.7562,-1.1345,0,0,0.2279,0,209.53,playing,7
226.7728,-2.0105,0,0,0.24092,0,212.98,playing,7
226.7888,-2.0105,0,0,0.24092,0,216.51,playing,7
226.8044,-2.0105,0,0,0.24092,0,220.32,playing,7
226.821,-8.4991,0,0,0.27321,0,224.41,playing,7
226.8365,-8.4991,0,0,0.27321,0,228.78,playing,7
226.8531,-8.4991,0,0,0.27321,0,233.44,playing,7
226.8691,-10.7628,1,0,0.27321,0,238.37,playing,7
226.8857,-10.7628,0,0,0.2655,0,232.06,playing,7
226.9023,-10.7628,0,0,0.2655,0,226.4,playing,7
226.9208,-6.4939,0,0,0.2655,0,220.71,playing,7
226.937,-6.4939,0,0,0.12928,0,215.03,playing,7
226.9535,-3.0737,0,0,0.12928,0,210.27,playing,7
226.9696,-3.0737,0,0,0.12928,0,205.53,playing,7
226.9861,-3.0737,0,0,0.16164,0,201.35,playing,8
227.0022,10.4467,0,0,0.16164,0,197.45,playing,8
227.0208,10.4467,0,0,0.16164,0,193.63,playing,8
227.0371,10.4467,0,0,0.16435,0,189.93,playing,8
227.0541,14.3387,0,0,0.16435,0,186.76,playing,8
227.0696,14.3387,0,0,0.15154,0,184.06,playing,8
227.0856,10.0098,0,0,0.15154,0,181.64,playing,8
227.1019,10.0098,0,0,0.15154,0,179.5,playing,8
227.1177,10.0098,0,0,0.15154,0,177.64,playing,8
227.1343,6.6547,0,0,0.15154,0,176.07,playing,8
227.1509,6.6547,0,0,0.15154,0,174.71,playing,8
227.1665,6.6547,0,0,0.15154,0,173.71,playing,8
227.183,6.6547,0,0,0.1675,0,173.0,playing,8
227.1991,6.6547,0,0,0.1675,0,172.57,playing,8
227.2156,6.6547,0,0,0.1675,0,172.43,playing,8
227.2322,0.9836,0,0,0.21007,1,172.58,playing,8
227.2488,0.9836,0,0,0.21007,0,173.05,playing,8
227.2649,-0.2092,0,0,0.21007,0,173.78,playing,8
227.281,-0.2092,0,0,0.22818,0,174.79,playing,8
227.297,-0.2092,0,0,0.22818,0,176.09,playing,8
227.3129,-2.1371,0,0,0.22818,0,177.66,playing,8
227.3287,-2.1371,0,0,0.19869,0,179.52,playing,8
227.3452,-2.1371,0,0,0.19869,0,181.65,playing,8
227.3617,-2.241,0,0,0.19869,0,184.24,playing,8
227.3783,-2.241,0,0,0.21468,0,186.96,playing,8
227.3953,-2.241,0,0,0.21468,0,190.17,playing,8
227.4119,-2.7474,0,0,0.21468,0,193.69,playing,8
227.4279,-2.7474,0,0,0.2278,0,197.29,playing,8
227.4445,-2.3536,0,0,0.2278,0,201.17,playing,8
227.4611,-2.3536,0,0,0.19975,0,205.61,playing,8
227.4776,-2.3536,0,0,0.19975,0,210.37,playing,8
227.4941,-2.7297,0,0,0.19975,0,215.13,playing,8
227.5107,-2.7297,0,0,0.19975,1,220.17,playing,8
227.5267,-2.7297,0,0,0.21046,0,225.84,playing,8
227.5428,-14.3192,1,0,0.21046,0,231.47,playing,8
227.5593,-14.3192,0,0,0.21046,0,225.51,playing,8
227.5764,-14.3192,0,0,0.24108,0,219.5,playing,8
227.5931,-13.1956,0,0,0.24108,0,213.8,playing,8
227.6091,-13.1956,0,0,0.24108,0,208.72,playing,8
227.6246,-9.2996,0,0,0.16821,0,203.93,playing,8
227.6407,-9.2996,0,0,0.16821,0,199.41,playing,8
227.6567,-9.2996,0,0,0.16821,0,195.18,playing,8
227.6723,-9.2996,0,0,0.14205,0,191.23,playing,8
227.689,-9.2996,0,0,0.14205,0,187.55,playing,8
227.7057,-9.2996,0,0,0.14205,0,184.17,playing,8
227.7223,1.7018,0,0,0.17053,0,180.88,playing,8
227.7395,1.7018,0,0,0.17053,0,177.92,playing,8
227.7558,1.7018,0,0,0.15298,0,175.27,playing,8
227.7719,16.4466,0,0,0.15298,0,173.06,playing,8
227.7883,16.4466,0,0,0.15298,0,171.13,playing,8
227.8049,14.6102,0,0,0.17727,0,169.4,playing,8
227.8215,14.6102,0,0,0.17727,0,168.06,playing,8
227.838,14.6102,0,0,0.17727,0,166.94,playing,8
227.8541,11.3392,0,0,0.17727,0,166.18,playing,8
227.8706,11.3392,0,0,0.13633,0,165.68,playing,8
227.8867,11.3392,0,0,0.13633,0,165.49,playing,8
227.9027,4.4116,0,0,0.16035,0,165.59,playing,8
227.9193,4.4116,0,0,0.16035,0,165.97,playing,8
227.9359,4.4116,0,0,0.16035,0,166.69,playing,8
227.952,2.1479,0,0,0.1614,0,167.65,playing,8
227.9685,2.1479,0,0,0.1614,0,168.89,playing,8
227.9853,-0.7056,0,0,0.1614,0,170.52,playing,8
228.0024,-0.7056,0,0,0.1517,0,172.47,playing,8
228.0185,-0.7056,0,0,0.1517,0,174.75,playing,8
228.035,-1.2086,0,0,0.1517,0,177.16,playing,8
228.0519,-1.2086,0,0,0.1912,0,180.05,playing,8
228.0677,-1.2086,0,0,0.1912,0,183.05,playing,8
228.0843,-2.2135,0,0,0.1912,0,186.33,playing,8
228.1008,-2.2135,0,0,0.20995,1,190.14,playing,8
228.1164,-2.2135,0,0,0.20995,0,194.0,playing,8
228.1349,-2.5597,0,0,0.20995,0,198.15,playing,8
228.1505,-2.5597,0,0,0.24632,0,203.16,playing,8
228.1671,-2.8149,0,0,0.24632,0,207.91,playing,8
228.1831,-2.8149,0,0,0.24632,0,212.93,playing,8
228.1993,-2.8149,0,0,0.23199,0,218.24,playing,8
228.2164,-1.6105,0,0,0.23199,0,224.19,playing,8
228.2329,-1.6105,0,0,0.23141,0,230.46,playing,8
228.2485,-1.6105,0,0,0.23141,0,236.65,playing,8
228.2645,-2.0506,0,0,0.23141,0,243.12,playing,8
228.2825,-2.0506,0,0,0.23141,0,249.87,playing,8
228.2985,-2.0143,0,0,0.23209,0,257.81,playing,8
228.3144,-2.0143,0,0,0.23209,0,265.16,playing,8
228.3317,-2.0143,0,0,0.23209,0,272.79,playing,8
228.3486,-1.9021,0,0,0.241,0,281.21,playing,8
228.3651,-1.9021,0,0,0.241,0,289.96,playing,8
228.3807,-1.9021,0,0,0.241,0,298.46,playing,8
228.3965,-1.4086,0,0,0.24952,0,307.25,playing,8
228.4131,-1.4086,0,0,0.24952,0,316.33,playing,8
228.4296,-1.4086,0,0,0.24952,0,326.28,playing,8
228.4455,-5.2215,0,0,0.26444,0,335.94,playing,8
228.4621,-5.2215,0,0,0.26444,0,345.87,playing,8
228.4782,-5.2215,0,0,0.26444,0,356.09,playing,8
228.4949,-16.8841,1,0,0.26444,0,367.26,playing,8
228.5104,-16.8841,0,0,0.24956,0,361.3,playing,8
228.5265,-12.3756,0,0,0.24956,0,355.62,playing,8
228.5426,-12.3756,0,0,0.24956,0,350.23,playing,8
228.5593,-12.3756,0,0,0.24956,0,345.11,playing,8
228.5764,-0.0752,0,0,0.24956,0,340.0,playing,8
228.5927,-0.0752,0,0,0.24983,0,335.2,playing,8
228.6089,-0.0752,0,0,0.24983,0,330.97,playing,8
228.6272,7.486,0,0,0.24983,0,327.02,playing,8
228.6442,7.486,0,0,0.24983,0,322.72,playing,8
228.6608,12.1937,0,0,0.24983,0,319.19,playing,8
228.6764,12.1937,0,0,0.17427,0,316.16,playing,8
228.6935,12.1937,0,0,0.17427,0,313.4,playing,8
228.7096,9.9287,0,0,0.16753,0,310.79,playing,8
228.7256,9.9287,0,0,0.16753,0,308.62,playing,8
228.7413,9.9287,0,0,0.16753,0,306.73,playing,8
228.7583,5.1616,0,0,0.14355,0,305.11,playing,8
228.7749,5.1616,0,0,0.14355,0,303.72,playing,8
228.7914,5.1616,0,0,0.14355,0,302.69,playing,8
228.808,3.4671,0,0,0.13191,0,301.91,playing,8
228.8234,3.4671,0,0,0.13191,0,301.46,playing,8
228.8396,2.0352,0,0,0.13191,0,301.3,playing,9
228.8566,2.0352,0,0,0.13191,0,301.41,playing,9
228.8727,2.0352,0,0,0.13191,0,301.85,playing,9
228.8893,0.1302,0,0,0.13191,0,302.54,playing,9
228.9058,0.1302,0,0,0.20977,1,303.6,playing,9
228.9218,0.1302,0,0,0.20977,0,304.87,playing,9
228.9379,-0.9933,0,0,0.20977,0,306.43,playing,9
228.9539,-0.9933,0,0,0.20842,0,308.27,playing,9
228.97,-0.9933,0,0,0.20842,0,310.39,playing,9
228.9855,-2.1794,0,0,0.20842,0,312.79,playing,9
229.0022,-2.1794,0,0,0.21351,0,315.47,playing,9
229.0188,-2.1899,0,0,0.21351,0,318.64,playing,9
229.0353,-2.1899,0,0,0.21351,0,321.91,playing,9
229.0524,-2.1899,0,0,0.1963,0,325.69,playing,9
229.0694,-2.8851,0,0,0.1963,0,329.8,playing,9
229.0854,-2.8851,0,0,0.1963,0,334.22,playing,9
229.1025,-2.8851,0,0,0.18428,0,338.66,playing,9
229.1191,-16.9402,1,0,0.18428,0,343.7,playing,9
229.1351,-16.9402,0,0,0.18428,0,337.74,playing,9
229.1513,-16.9402,0,0,0.23217,0,332.06,playing,9
229.1678,-11.8906,0,0,0.23217,0,326.35,playing,9
229.1837,-11.8906,0,0,0.23217,0,321.25,playing,9
229.2007,2.3518,0,0,0.20596,0,316.44,playing,9
229.2174,2.3518,0,0,0.20596,0,311.64,playing,9
229.2344,2.3518,0,0,0.20596,0,307.16,playing,9
229.2506,12.4201,0,0,0.16343,0,303.0,playing,9
229.2672,12.4201,0,0,0.16343,0,299.37,playing,9
229.2842,12.4201,0,0,0.16343,0,295.82,playing,9
229.3013,12.9849,0,0,0.18045,0,292.6,playing,9
229.3178,12.9849,0,0,0.18045,0,289.69,playing,9
229.3338,7.7196,0,0,0.18045,0,287.23,playing,9
229.3499,7.7196,0,0,0.18045,0,285.06,playing,9
229.3665,7.7196,0,0,0.15715,0,283.16,playing,9
229.383,5.4761,0,0,0.15715,0,281.47,playing,9
229.3991,5.4761,0,0,0.15715,0,280.16,playing,9
229.4152,5.4761,0,0,0.17545,0,279.13,playing,9
229.4323,1.7414,0,0,0.17545,0,278.35,playing,9
229.4494,1.7414,0,0,0.17545,0,277.89,playing,9
229.4661,1.7414,0,0,0.20427,0,277.75,playing,9
229.4821,0.8335,0,0,0.20427,0,277.9,playing,9
229.4986,0.8335,0,0,0.20427,0,278.38,playing,9
229.5147,-0.2837,0,0,0.19196,0,279.11,playing,9
229.5307,-0.2837,0,0,0.19196,0,280.12,playing,9
229.5468,-0.2837,0,0,0.19196,0,281.41,playing,9
229.5633,-1.6833,0,0,0.20724,1,282.98,playing,9
229.5794,-1.6833,0,0,0.20724,0,284.97,playing,9
229.596,-1.6833,0,0,0.20724,0,287.13,playing,9
229.6126,-2.0387,0,0,0.20724,0,289.57,playing,9
229.6293,-2.0387,0,0,0.22736,0,292.47,playing,9
229.6453,-2.0387,0,0,0.22736,0,295.7,playing,9
229.6624,-2.4561,0,0,0.22736,0,299.02,playing,9
229.6789,-2.4561,0,0,0.21391,0,302.86,playing,9
229.6953,-2.908,0,0,0.21391,0,306.75,playing,9
229.7119,-2.908,0,0,0.21391,0,311.21,playing,9
229.7285,-2.908,0,0,0.21788,0,315.69,playing,9
229.7446,-3.6446,0,0,0.21788,0,320.77,playing,9
229.7617,-3.6446,0,0,0.21788,0,325.83,playing,9
229.7778,-3.6446,0,0,0.21788,0,331.52,playing,9
229.7952,-13.4039,1,0,0.2112,0,337.53,playing,9
229.8118,-13.4039,0,0,0.2112,0,331.22,playing,9
229.8278,-13.6439,0,0,0.2112,0,325.56,playing,9
229.8444,-13.6439,0,0,0.21811,0,320.18,playing,9
229.8605,-13.6439,0,0,0.21811,0,314.79,playing,9
229.8765,-3.5945,0,0,0.21811,0,309.99,playing,9
229.8931,-3.5945,0,0,0.18425,0,305.48,playing,9
229.9086,-3.5945,0,0,0.18425,0,301.24,playing,9
229.9246,-1.4103,0,0,0.18425,0,297.29,playing,9
229.9417,-1.4103,0,0,0.16414,0,293.62,playing,9
229.9577,-1.4103,0,0,0.16414,0,290.04,playing,9
229.9742,7.854,0,0,0.16414,0,286.95,playing,9
229.9913,7.854,0,0,0.17602,0,283.98,playing,9
230.0074,7.854,0,0,0.17602,0,281.34,playing,9
230.0239,7.854,0,0,0.17602,0,279.13,playing,9
230.0395,7.854,0,0,0.1662,0,277.2,playing,9
230.0566,11.9577,0,0,0.1662,0,275.55,playing,9
230.0727,11.9577,0,0,0.1662,0,274.12,playing,9
230.0888,11.9577,0,0,0.12395,0,273.06,playing,9
230.1046,9.4241,0,0,0.12395,0,272.27,playing,9
230.121,9.4241,0,0,0.12395,0,271.77,playing,9
230.1366,9.4241,0,0,0.12395,0,271.55,playing,9
230.1536,4.8309,0,0,0.13695,0,271.61,playing,9
230.1697,4.8309,0,0,0.13695,0,271.99,playing,9
230.1857,4.8309,0,0,0.13695,0,272.63,playing,9
230.2018,1.5516,0,0,0.19512,0,273.56,playing,9
230.2178,1.5516,0,0,0.19512,0,274.76,playing,9
230.2338,0.4205,0,0,0.19512,0,276.25,playing,9
230.2499,0.4205,0,0,0.1775,0,278.02,playing,9
230.266,0.4205,0,0,0.1775,0,280.07,playing,9
230.2816,-0.7056,0,0,0.1775,0,282.4,playing,9
230.2982,-0.7056,0,0,0.21335,1,285.01,playing,9
230.3152,-0.7056,0,0,0.21335,0,288.1,playing,9
230.3317,-1.7056,0,0,0.21335,0,291.51,playing,9
230.3483,-1.7056,0,0,0.19483,0,295.01,playing,9
230.3644,-1.7056,0,0,0.19483,0,299.04,playing,9
230.3815,-2.0069,0,0,0.19483,0,303.11,playing,9
230.3976,-2.0069,0,0,0.21122,0,307.76,playing,9
230.4137,-6.4809,0,0,0.21122,0,312.41,playing,9
230.4299,-6.4809,0,0,0.21122,0,317.35,playing,9
230.4465,-6.4809,0,0,0.23034,0,322.56,playing,9
230.4637,-17.4284,1,0,0.23034,0,328.43,playing,9
230.4798,-17.4284,0,0,0.23034,0,322.11,playing,9
230.4959,-17.4284,0,0,0.2269,0,316.45,playing,9
230.5125,-15.2917,0,0,0.2269,0,311.08,playing,9
230.5291,-15.2917,0,0,0.2269,0,305.68,playing,9
230.5452,-15.2917,0,0,0.19407,0,300.88,playing,9
230.563,3.51,0,0,0.19407,0,296.11,playing,9
230.579,3.51,0,0,0.19407,0,291.65,playing,9
230.5948,11.1995,0,0,0.20561,1,287.73,playing,9
230.6111,11.1995,0,0,0.20561,0,284.09,playing,9
230.6276,11.1995,0,0,0.20561,0,280.55,playing,9
230.6443,9.0217,0,0,0.14381,0,277.49,playing,9
230.6605,9.0217,0,0,0.14381,0,274.57,playing,9
230.6771,9.0217,0,0,0.14381,0,272.09,playing,9
230.693,6.6774,0,0,0.12747,0,269.9,playing,10
230.7092,6.6774,0,0,0.12747,0,267.99,playing,10
230.7258,6.6774,0,0,0.12747,0,266.28,playing,10
230.7422,4.6565,0,0,0.15783,0,264.95,playing,10
230.7588,4.6565,0,0,0.15783,0,263.85,playing,10
230.7753,1.7413,0,0,0.15783,0,263.11,playing,10
230.7925,1.7413,0,0,0.17591,0,262.63,playing,10
230.8095,1.7413,0,0,0.17591,0,262.47,playing,10
230.8255,1.0626,0,0,0.17591,0,262.63,playing,10
230.8421,1.0626,0,0,0.1517,0,263.06,playing,10
230.8584,1.0626,0,0,0.1517,0,263.77,playing,10
230.8769,-0.5248,0,0,0.1517,0,264.84,playing,10
230.8943,-0.5248,0,0,0.1903,0,266.44,playing,10
230.9104,-0.7373,0,0,0.1903,0,268.19,playing,10
230.9276,-0.7373,0,0,0.18808,0,270.11,playing,10
230.9446,-0.7373,0,0,0.18808,0,272.48,playing,10
230.9606,-0.7373,0,0,0.18808,0,275.16,playing,10
230.9767,-0.7373,0,0,0.1814,0,277.97,playing,10
230.9925,-0.7373,0,0,0.1814,0,281.06,playing,10
231.0091,-1.6159,0,0,0.1814,0,284.43,playing,10
231.0256,-1.6159,0,0,0.19007,0,288.32,playing,10
231.0418,-1.6159,0,0,0.19007,0,292.27,playing,10
231.0578,-1.3261,0,0,0.19007,0,296.51,playing,10
231.0734,-1.3261,0,0,0.20939,1,301.02,playing,10
231.0896,-18.4661,1,0,0.20939,0,305.82,playing,10
231.1061,-18.4661,0,0,0.20939,0,299.86,playing,10
231.123,-18.4661,0,0,0.19909,0,293.84,playing,10
231.1386,-14.4128,0,0,0.19909,0,288.47,playing,10
231.1552,-14.4128,0,0,0.19909,0,283.37,playing,10
231.1717,-14.4128,0,0,0.19909,0,278.27,playing,10
231.1935,-14.4128,0,0,0.19909,0,273.76,playing,10
231.21,-8.8174,0,0,0.20939,0,268.08,playing,10
231.2262,12.8592,0,0,0.20939,0,264.24,playing,10
231.2429,12.8592,0,0,0.20939,0,260.47,playing,10
231.2605,12.8592,0,0,0.20939,0,257.2,playing,10
231.2771,12.9717,0,0,0.15017,0,253.88,playing,10
231.2927,12.9717,0,0,0.15017,0,251.22,playing,10
231.3093,12.9717,0,0,0.15017,0,248.83,playing,10
231.3255,7.1194,0,0,0.1371,0,246.61,playing,10
231.3422,7.1194,0,0,0.1371,0,244.81,playing,10
231.3587,7.1194,0,0,0.1371,0,243.21,playing,10
231.375,5.4127,0,0,0.1371,0,241.99,playing,10
231.3913,5.4127,0,0,0.14903,0,241.04,playing,10
231.4074,3.3804,0,0,0.14903,0,240.36,playing,10
231.4238,3.3804,0,0,0.14903,0,240.0,playing,10
231.4399,3.3804,0,0,0.14903,0,239.92,playing,10
231.456,0.5845,0,0,0.1494,0,240.12,playing,10
231.4721,0.5845,0,0,0.1494,0,240.6,playing,10
231.4881,0.5845,0,0,0.1494,0,241.37,playing,10
231.5047,-0.3453,0,0,0.20273,0,242.5,playing,10
231.5212,-0.3453,0,0,0.20273,0,243.84,playing,10
231.5377,-0.8609,0,0,0.20273,0,245.59,playing,10
231.5537,-1.5229,0,0,0.20273,0,247.52,playing,10
231.5706,-1.5229,0,0,0.19101,0,249.73,playing,10
231.5868,-1.4956,0,0,0.19101,0,252.39,playing,10
231.6028,-1.4956,0,0,0.19101,0,255.18,playing,10
231.6194,-1.4956,0,0,0.19101,0,258.25,playing,10
231.6363,-1.5157,0,0,0.19101,0,261.83,playing,10
231.6534,-1.5157,0,0,0.2281,1,265.73,playing,10
231.67,-1.5157,0,0,0.2281,0,269.94,playing,10
231.6864,-2.161,0,0,0.2281,0,274.19,playing,10
231.7029,-2.161,0,0,0.20356,0,279.03,playing,10
231.7189,-3.3969,0,0,0.20356,0,283.86,playing,10
231.7345,-3.3969,0,0,0.20356,0,288.97,playing,10
231.7512,-3.3969,0,0,0.21259,0,294.36,playing,10
231.7682,-3.3969,0,0,0.21259,0,300.41,playing,10
231.7848,-3.3969,0,0,0.21259,0,306.78,playing,10
231.8009,-3.3969,0,0,0.25022,0,313.05,playing,10
231.8175,-10.0991,1,0,0.25022,0,319.61,playing,10
231.8341,-10.0991,0,0,0.25022,0,313.29,playing,10
231.8498,-10.0991,0,0,0.19523,0,307.64,playing,10
231.8654,-6.7308,0,0,0.19523,0,302.26,playing,10
231.882,-6.7308,0,0,0.19523,0,297.16,playing,10
231.8983,-2.2498,0,0,0.15339,0,292.35,playing,10
231.9154,-2.2498,0,0,0.15339,0,287.55,playing,10
231.9321,-2.2498,0,0,0.14746,0,283.07,playing,10
231.9487,12.9427,0,0,0.14746,0,278.91,playing,10
231.9647,12.9427,0,0,0.14746,0,275.27,playing,10
231.9804,12.9427,0,0,0.14746,0,271.92,playing,10
231.9966,9.9872,0,0,0.13578,0,268.85,playing,10
232.0127,9.9872,0,0,0.13578,0,266.06,playing,10
232.0289,9.9872,0,0,0.13578,0,263.55,playing,10
232.0449,7.2971,0,0,0.13848,0,261.32,playing,10
232.0614,7.2971,0,0,0.13848,0,259.38,playing,10
232.078,4.5966,0,0,0.13848,0,257.63,playing,10
232.0952,4.5966,0,0,0.1166,0,256.2,playing,10
232.112,4.5966,0,0,0.1166,0,255.08,playing,10
232.128,1.1609,0,0,0.1166,0,254.32,playing,10
232.1444,1.1609,0,0,0.14958,0,253.83,playing,10
232.1615,1.1609,0,0,0.14958,0,253.63,playing,10
232.178,0.0631,0,0,0.14958,0,253.75,playing,10
232.1941,0.0631,0,0,0.16354,0,254.15,playing,10
232.2116,0.0631,0,0,0.16354,0,254.89,playing,10
232.2287,-0.8889,0,0,0.16354,0,255.94,playing,10
232.2454,-0.8889,0,0,0.21708,1,257.32,playing,10
232.262,-1.2732,0,0,0.21708,0,259.01,playing,10
232.2782,-1.2732,0,0,0.21708,0,260.88,playing,10
232.297,-1.2732,0,0,0.21708,0,263.19,playing,10
232.3125,-1.7865,0,0,0.22862,0,265.99,playing,10
232.329,-1.7865,0,0,0.22862,0,268.76,playing,10
232.3443,-1.7865,0,0,0.22862,0,271.82,playing,10
232.3609,-1.9444,0,0,0.19385,0,275.15,playing,10
232.3765,-1.9444,0,0,0.19385,0,278.77,playing,10
232.3932,-1.8878,0,0,0.19385,0,282.66,playing,10
232.4097,-1.8878,0,0,0.22261,0,287.12,playing,10
232.4252,-1.8878,0,0,0.22261,0,291.6,playing,10
232.4419,-15.3522,1,0,0.22261,0,296.36,playing,10
232.4578,-15.3522,0,0,0.19007,0,290.4,playing,10
232.4744,-15.3522,0,0,0.19007,0,284.73,playing,10
232.4911,-12.7841,0,0,0.19007,0,279.01,playing,10
232.5072,-12.7841,0,0,0.20273,0,273.92,playing,10
232.5238,-12.7841,0,0,0.20273,0,268.82,playing,11
232.5401,2.227,0,0,0.20273,0,264.3,playing,11
232.5562,2.227,0,0,0.21729,1,260.07,playing,11
232.5722,2.227,0,0,0.21729,0,256.12,playing,11
232.5887,10.421,0,0,0.21729,0,252.24,playing,11
232.6058,10.421,0,0,0.17627,0,248.87,playing,11
232.6214,10.8375,0,0,0.17627,0,245.6,playing,11
232.6384,10.8375,0,0,0.17627,0,242.81,playing,11
232.6544,10.8375,0,0,0.14992,0,240.16,playing,11
232.6705,6.2728,0,0,0.14992,0,237.96,playing,11
232.6876,6.2728,0,0,0.14992,0,236.03,playing,11
232.7037,6.2728,0,0,0.16381,0,234.3,playing,11
232.7204,6.2728,0,0,0.16381,0,232.95,playing,11
232.737,6.2728,0,0,0.16381,0,231.84,playing,11
232.7525,4.2727,0,0,0.16381,0,231.07,playing,11
232.7692,1.1936,0,0,0.16381,0,230.58,playing,11
232.7848,1.1936,0,0,0.16381,0,230.38,playing,11
232.8009,-0.2587,0,0,0.16381,0,230.46,playing,11
232.817,-0.2587,0,0,0.16381,0,230.82,playing,11
232.8326,-0.2587,0,0,0.20474,0,231.46,playing,11
232.8497,-0.7465,0,0,0.20474,0,232.38,playing,11
232.8667,-0.7465,0,0,0.20474,0,233.68,playing,11
232.8833,-0.7465,0,0,0.19195,0,235.3,playing,11
232.8999,-1.0983,0,0,0.19195,0,237.23,playing,11
232.9162,-1.0983,0,0,0.19195,0,239.34,playing,11
232.9333,-1.4281,0,0,0.20026,0,241.89,playing,11
232.9499,-1.4281,0,0,0.20026,0,244.76,playing,11
232.9664,-1.4281,0,0,0.20026,0,247.74,playing,11
232.9831,-2.1116,0,0,0.17655,0,251.23,playing,11
232.9983,-2.1116,0,0,0.17655,0,254.79,playing,11
233.0144,-2.1116,0,0,0.17655,0,258.64,playing,11
233.0305,-1.7949,0,0,0.18487,0,262.76,playing,11
233.0466,-1.7949,0,0,0.18487,0,267.17,playing,11
233.0636,-1.7949,0,0,0.18487,0,271.86,playing,11
233.0802,-2.0084,0,0,0.20916,1,277.16,playing,11
233.0977,-2.0084,0,0,0.20916,0,282.78,playing,11
233.1139,-4.1415,0,0,0.20916,0,288.71,playing,11
233.1315,-4.1415,0,0,0.22802,0,294.97,playing,11
233.1478,-4.1415,0,0,0.22802,0,301.54,playing,11
233.1643,-13.9492,1,0,0.22802,0,308.01,playing,11
233.1813,-13.9492,0,0,0.22802,0,301.7,playing,11
233.1979,-13.9492,0,0,0.20328,0,295.7,playing,11
233.2138,-7.2077,0,0,0.20328,0,290.34,playing,11
233.2299,-7.2077,0,0,0.20328,0,285.26,playing,11
233.2459,-7.2077,0,0,0.21819,0,280.47,playing,11
233.2634,-1.2999,0,0,0.21819,0,275.69,playing,11
233.2795,-1.2999,0,0,0.21819,0,271.23,playing,11
233.2959,1.7809,0,0,0.17276,0,267.31,playing,11
233.3125,1.7809,0,0,0.17276,0,263.68,playing,11
233.3301,1.7809,0,0,0.17276,0,260.13,playing,11
233.3473,12.1047,0,0,0.18578,0,256.73,playing,11
233.3643,12.1047,0,0,0.18578,0,253.84,playing,11
233.3809,12.1047,0,0,0.16745,0,251.27,playing,11
233.397,10.9646,0,0,0.16745,0,249.13,playing,11
233.4131,10.9646,0,0,0.16745,0,247.28,playing,11
233.4297,6.535,0,0,0.16745,0,245.7,playing,11
233.4457,6.535,0,0,0.14622,0,244.34,playing,11
233.4623,6.535,0,0,0.14622,0,243.35,playing,11
233.4793,3.753,0,0,0.14622,0,242.61,playing,11
233.4959,3.753,0,0,0.17276,0,242.19,playing,11
233.5124,3.753,0,0,0.17276,0,242.07,playing,11
233.529,1.8723,0,0,0.17276,0,242.27,playing,11
233.5446,1.8723,0,0,0.1619,0,242.73,playing,11
233.5608,1.8723,0,0,0.1619,0,243.48,playing,11
233.5773,0.8068,0,0,0.1619,0,244.51,playing,11
233.5943,0.8068,0,0,0.16626,0,245.92,playing,11
233.6104,-0.0818,0,0,0.16626,0,247.65,playing,11
233.627,-0.9415,0,0,0.16626,0,249.56,playing,11
233.6429,-0.9415,0,0,0.16626,0,251.75,playing,11
233.6589,-1.5964,0,0,0.16626,0,254.22,playing,11
233.6748,-2.2986,0,0,0.18176,0,256.97,playing,11
233.6914,-2.2986,0,0,0.18176,0,260.01,playing,11
233.7075,-1.8752,0,0,0.18176,0,263.55,playing,11
233.7234,-1.8752,0,0,0.18176,0,267.17,playing,11
233.7394,-1.8752,0,0,0.19347,0,271.06,playing,11
233.7558,-1.9117,0,0,0.19347,0,275.24,playing,11
233.7719,-1.9117,0,0,0.19347,0,279.7,playing,11
233.788,-1.9117,0,0,0.19347,0,284.45,playing,11
233.8035,-2.05,0,0,0.19347,0,289.47,playing,11
233.8197,-2.05,0,0,0.19347,0,294.78,playing,11
233.8363,-17.5676,1,0,0.19347,0,300.36,playing,11
233.8523,-17.5676,0,0,0.22348,1,294.05,playing,11
233.869,-17.5676,0,0,0.22348,0,288.39,playing,11
233.8869,-12.4763,0,0,0.22348,0,283.02,playing,11
233.9023,-4.8703,0,0,0.22348,0,277.32,playing,11
233.9191,-4.8703,0,0,0.22348,0,272.54,playing,11
233.9346,7.9178,0,0,0.20156,0,268.05,playing,11
233.9512,7.9178,0,0,0.20156,0,263.83,playing,11
233.9673,7.9178,0,0,0.20156,0,259.89,playing,11
233.9843,11.6008,0,0,0.14469,0,256.03,playing,11
234.0005,11.6008,0,0,0.14469,0,252.49,playing,11
234.017,7.6758,0,0,0.14469,0,249.43,playing,11
234.0331,7.6758,0,0,0.15783,0,246.66,playing,11
234.0492,7.6758,0,0,0.15783,0,244.17,playing,11
234.0647,5.411,0,0,0.15783,0,241.96,playing,11
234.0808,5.411,0,0,0.1515,0,240.03,playing,11
234.0974,5.411,0,0,0.1515,0,238.39,playing,11
234.1139,1.4396,0,0,0.1515,0,236.95,playing,11
234.13,1.4396,0,0,0.18695,0,235.89,playing,11
234.1455,1.4396,0,0,0.18695,0,235.1,playing,11
234.1615,0.648,0,0,0.18695,0,234.6,playing,11
234.1776,0.648,0,0,0.17268,0,234.38,playing,11
234.1936,-0.1061,0,0,0.17268,0,234.44,playing,11
234.2102,-0.9051,0,0,0.17268,0,234.78,playing,11
234.2272,-0.9051,0,0,0.17769,0,235.47,playing,11
234.2443,-1.018,0,0,0.17769,0,236.47,playing,11
234.2612,-1.018,0,0,0.17769,0,237.78,playing,11
234.2772,-1.018,0,0,0.2371,1,239.3,playing,11
234.2938,-1.018,0,0,0.2371,0,241.24,playing,11
234.3098,-1.018,0,0,0.2371,0,243.34,playing,11
234.3264,-1.018,0,0,0.19229,0,245.73,playing,11
234.343,-1.018,0,0,0.19229,0,248.58,playing,11
234.359,-1.018,0,0,0.19229,0,251.54,playing,11
234.375,-2.2209,0,0,0.21821,0,254.79,playing,12
234.3912,-1.7517,0,0,0.21821,0,258.32,playing,12
234.4083,-1.7517,0,0,0.21821,0,262.38,playing,12
234.4243,-15.8894,1,0,0.21073,0,266.77,playing,12
234.4413,-15.8894,0,0,0.21073,0,260.81,playing,12
234.4574,-15.8894,0,0,0.21073,0,254.8,playing,12
234.4744,-12.5573,0,0,0.25431,0,249.42,playing,12
234.4911,-12.5573,0,0,0.25431,0,244.02,playing,12
234.5066,-12.5573,0,0,0.25431,0,239.23,playing,12
234.5232,-5.3875,0,0,0.22381,0,234.71,playing,12
234.5398,-5.3875,0,0,0.22381,0,230.23,playing,12
234.5554,10.8953,0,0,0.22381,0,226.3,playing,12
234.5723,10.8953,0,0,0.16511,0,222.64,playing,12
234.589,10.8953,0,0,0.16511,0,219.08,playing,12
234.6045,9.8211,0,0,0.16511,0,216.01,playing,12
234.6206,9.8211,0,0,0.14753,0,213.22,playing,12
234.6366,9.8211,0,0,0.14753,0,210.71,playing,12
234.6527,5.5036,0,0,0.14753,0,208.48,playing,12
234.6695,5.5036,0,0,0.1622,0,206.54,playing,12
234.6856,5.5036,0,0,0.1622,0,204.79,playing,12
234.7024,3.7856,0,0,0.1622,0,203.42,playing,12
234.72,3.7856,0,0,0.1622,0,202.29,playing,12
234.7366,3.7856,0,0,0.16593,0,201.45,playing,12
234.7532,3.7856,0,0,0.16593,0,200.98,playing,12
234.7703,3.7856,0,0,0.14888,0,200.8,playing,12
234.7866,0.6814,0,0,0.14888,0,200.94,playing,12
234.8026,0.6814,0,0,0.14888,0,201.35,playing,12
234.8192,0.6814,0,0,0.14888,0,202.05,playing,12
234.8358,-0.1629,0,0,0.14888,0,203.1,playing,12
234.852,-0.1629,0,0,0.14888,0,204.38,playing,12
234.8681,-0.8939,0,0,0.21261,1,205.94,playing,12
234.8842,-0.8939,0,0,0.21261,0,207.77,playing,12
234.9007,-0.8939,0,0,0.21261,0,210.05,playing,12
234.9168,-1.3807,0,0,0.21261,0,212.46,playing,12
234.9329,-1.3807,0,0,0.19931,0,215.17,playing,12
234.949,-1.3807,0,0,0.19931,0,218.15,playing,12
234.9645,-1.3632,0,0,0.19931,0,221.41,playing,12
234.9805,-1.3632,0,0,0.19931,0,224.96,playing,12
234.9977,-1.3632,0,0,0.25512,0,228.78,playing,12
235.0137,-14.7316,1,0,0.25512,0,233.17,playing,12
235.0298,-14.7316,0,0,0.25512,0,227.21,playing,12
235.0453,-14.7316,0,0,0.20576,0,221.53,playing,12
235.0614,-14.0032,0,0,0.20576,0,216.14,playing,12
235.0784,-14.0032,0,0,0.20576,0,211.02,playing,12
235.0951,-1.2271,0,0,0.22217,0,205.91,playing,12
235.1111,-1.2271,0,0,0.22217,0,201.38,playing,12
235.1267,-1.2271,0,0,0.22217,0,197.13,playing,12
235.1429,8.7951,0,0,0.18339,0,193.16,playing,12
235.1595,8.7951,0,0,0.18339,0,189.47,playing,12
235.1759,8.7951,0,0,0.18339,0,185.87,playing,12
235.192,11.854,0,0,0.15593,0,182.76,playing,12
235.208,11.854,0,0,0.15593,0,179.93,playing,12
235.2241,11.854,0,0,0.15593,0,177.39,playing,12
235.2396,7.3806,0,0,0.16154,0,175.13,playing,12
235.2557,7.3806,0,0,0.16154,0,173.15,playing,12
235.2717,7.3806,0,0,0.16154,0,171.45,playing,12
235.2883,5.1609,0,0,0.12698,0,170.03,playing,12
235.3049,5.1609,0,0,0.12698,0,168.84,playing,12
235.3214,1.4454,0,0,0.12698,0,168.01,playing,12
235.3385,1.4454,0,0,0.14774,0,167.43,playing,12
235.355,1.4454,0,0,0.14774,0,167.18,playing,12
235.371,0.3774,0,0,0.14774,0,167.22,playing,12
235.3877,0.3774,0,0,0.16157,0,167.55,playing,12
235.4037,0.3774,0,0,0.16157,0,168.21,playing,12
235.4202,-0.305,0,0,0.16157,0,169.12,playing,12
235.4363,-0.305,0,0,0.2008,0,170.4,playing,12
235.4523,-0.5518,0,0,0.2008,0,171.88,playing,12
235.4689,-0.9316,0,0,0.2008,0,173.65,playing,12
235.4847,-0.9316,0,0,0.20156,0,175.7,playing,12
235.5009,-1.4306,0,0,0.20156,0,178.03,playing,12
235.5178,-1.4306,0,0,0.20156,0,180.65,playing,12
235.5341,-1.4306,0,0,0.20337,0,183.74,playing,12
235.5501,-1.5788,0,0,0.20337,0,186.93,playing,12
235.5672,-1.5788,0,0,0.20337,0,190.64,playing,12
235.5827,-1.5788,0,0,0.22284,1,194.42,playing,12
235.5987,-1.9352,0,0,0.22284,0,198.47,playing,12
235.6153,-1.9352,0,0,0.22284,0,202.81,playing,12
235.6318,-2.0839,0,0,0.22162,0,207.74,playing,12
235.6479,-10.7928,0,0,0.22162,0,212.66,playing,12
235.6649,-10.7928,0,0,0.22162,0,217.86,playing,12
235.682,-16.0107,1,0,0.22712,0,224.06,playing,12
235.698,-16.0107,0,0,0.22712,0,218.11,playing,12
235.7141,-16.0107,0,0,0.21818,0,212.43,playing,12
235.7297,-10.7059,0,0,0.21818,0,207.03,playing,12
235.7468,-10.7059,0,0,0.21818,0,201.92,playing,12
235.7625,-10.7059,0,0,0.21818,0,196.8,playing,12
235.7791,9.5195,0,0,0.23108,0,192.27,playing,12
235.7951,9.5195,0,0,0.23108,0,188.02,playing,12
235.8113,12.528,0,0,0.23108,0,184.05,playing,12
235.8274,12.528,0,0,0.17834,0,180.15,playing,12
235.8439,12.528,0,0,0.17834,0,176.76,playing,12
235.861,7.7736,0,0,0.17834,0,173.66,playing,12
235.8785,7.7736,0,0,0.15338,0,170.52,playing,12
235.8951,7.7736,0,0,0.15338,0,167.87,playing,12
235.9106,5.6096,0,0,0.14976,0,165.66,playing,12
235.9272,5.6096,0,0,0.14976,0,163.73,playing,12
235.9437,5.6096,0,0,0.14976,0,162.0,playing,12
235.9613,3.6124,0,0,0.14976,0,160.65,playing,12
235.9783,3.6124,0,0,0.17288,0,159.49,playing,12
235.9949,-0.0417,0,0,0.17288,0,158.72,playing,12
236.0114,-0.0417,0,0,0.17288,0,158.27,playing,12
236.0278,-0.0417,0,0,0.15925,0,158.11,playing,12
236.0438,-0.5004,0,0,0.15925,0,158.24,playing,12
236.0619,-0.5004,0,0,0.15925,0,158.65,playing,12
236.078,-0.5004,0,0,0.19169,0,159.47,playing,12
236.0941,-0.9436,0,0,0.19169,0,160.48,playing,12
236.1096,-0.9436,0,0,0.16754,0,161.78,playing,12
236.1255,-0.9436,0,0,0.16754,0,163.35,playing,12
236.142,-1.4113,0,0,0.16754,0,165.21,playing,12
236.1576,-1.4113,0,0,0.16754,0,167.34,playing,12
236.174,-1.7661,0,0,0.21864,1,169.76,playing,12
236.1906,-1.7661,0,0,0.21864,0,172.46,playing,12
236.2072,-1.7661,0,0,0.21864,0,175.65,playing,13
236.2237,-1.6558,0,0,0.19142,0,179.16,playing,13
236.2398,-1.6558,0,0,0.19142,0,182.74,playing,13
236.2563,-1.6558,0,0,0.19142,0,186.6,playing,13
236.2734,-1.9068,0,0,0.20439,0,191.02,playing,13
236.2905,-1.9068,0,0,0.20439,0,195.76,playing,13
236.3075,-1.9068,0,0,0.19774,0,200.82,playing,13
236.3242,-15.7228,1,0,0.19774,0,206.2,playing,13
236.3405,-15.7228,0,0,0.19774,0,199.88,playing,13
236.357,-13.6044,0,0,0.19774,0,194.22,playing,13
236.3735,-13.6044,0,0,0.24031,0,188.53,playing,13
236.3901,-13.6044,0,0,0.24031,0,183.45,playing,13
236.4056,-7.3356,0,0,0.24031,0,178.65,playing,13
236.4217,-7.3356,0,0,0.2375,0,174.14,playing,13
236.4373,-7.3356,0,0,0.2375,0,169.9,playing,13
236.4545,11.4394,0,0,0.2375,0,165.95,playing,13
236.4706,11.4394,0,0,0.20274,0,162.07,playing,13
236.4881,12.1706,0,0,0.20274,0,158.7,playing,13
236.5041,12.1706,0,0,0.20274,0,155.44,playing,13
236.5197,12.1706,0,0,0.15187,0,152.65,playing,13
236.5362,6.8908,0,0,0.15187,0,150.14,playing,13
236.5534,6.8908,0,0,0.15187,0,147.79,playing,13
236.5701,6.8908,0,0,0.15017,0,145.76,playing,13
236.5867,4.4319,0,0,0.15017,0,144.05,playing,13
236.6037,4.4319,0,0,0.15017,0,142.72,playing,13
236.6203,4.4319,0,0,0.16161,0,141.62,playing,13
236.6374,4.4319,0,0,0.16161,0,140.85,playing,13
236.6535,4.4319,0,0,0.16161,0,140.39,playing,13
236.67,0.2114,0,0,0.13305,0,140.24,playing,13
236.6866,0.2114,0,0,0.13305,0,140.37,playing,13
236.7036,0.2114,0,0,0.13305,0,140.83,playing,13
236.7198,-0.5639,0,0,0.17653,0,141.6,playing,13
236.7354,-0.5639,0,0,0.17653,0,142.61,playing,13
236.7534,-0.5639,0,0,0.17653,0,143.91,playing,13
236.77,-1.3107,0,0,0.1825,0,145.72,playing,13
236.7866,-1.3107,0,0,0.1825,0,147.61,playing,13
236.8035,-1.2799,0,0,0.21885,1,149.93,playing,13
236.8199,-1.2799,0,0,0.21885,0,152.58,playing,13
236.8356,-1.2799,0,0,0.21885,0,155.35,playing,13
236.8522,-1.9686,0,0,0.241,0,158.4,playing,13
236.8687,-1.9686,0,0,0.241,0,161.97,playing,13
236.8853,-1.9686,0,0,0.241,0,165.6,playing,13
236.9018,-1.7667,0,0,0.21961,0,169.78,playing,13
236.9184,-1.7667,0,0,0.21961,0,173.99,playing,13
236.9359,-1.7667,0,0,0.21961,0,178.79,playing,13
236.952,-2.1419,0,0,0.25087,0,183.9,playing,13
236.9676,-2.1419,0,0,0.25087,0,189.0,playing,13
236.9837,-15.3114,1,0,0.20977,0,194.37,playing,13
236.9997,-15.3114,0,0,0.20977,0,188.41,playing,13
237.0163,-15.3114,0,0,0.20977,0,182.74,playing,13
237.0333,-10.0286,0,0,0.24984,0,177.02,playing,13
237.0498,-10.0286,0,0,0.24984,0,171.63,playing,13
237.0662,-10.0286,0,0,0.24984,0,166.83,playing,13
237.0833,-2.7519,0,0,0.24075,0,162.05,playing,13
237.0996,-2.7519,0,0,0.24075,0,157.59,playing,13
237.1161,-2.7519,0,0,0.24075,0,153.67,playing,13
237.1334,11.0959,0,0,0.1926,0,149.83,playing,13
237.1501,11.0959,0,0,0.1926,0,146.3,playing,13
237.1672,10.2087,0,0,0.1926,0,143.1,playing,13
237.1828,10.2087,0,0,0.15547,0,140.36,playing,13
237.1994,10.2087,0,0,0.15547,0,137.9,playing,13
237.2164,6.0426,0,0,0.15547,0,135.61,playing,13
237.234,6.0426,0,0,0.15547,0,133.64,playing,13
237.2515,6.0426,0,0,0.12514,0,131.9,playing,13
237.2675,4.0152,0,0,0.12514,0,130.58,playing,13
237.2836,4.0152,0,0,0.12514,0,129.62,playing,13
237.2997,2.6877,0,0,0.13577,0,128.95,playing,13
237.3158,2.6877,0,0,0.13577,0,128.55,playing,13
237.3318,2.6877,0,0,0.13577,0,128.43,playing,13
237.3484,0.3273,0,0,0.17278,0,128.6,playing,13
237.3654,0.3273,0,0,0.17278,0,129.1,playing,13
237.382,0.3273,0,0,0.17278,0,129.91,playing,13
237.3988,-0.2275,0,0,0.22012,1,130.95,playing,13
237.4148,-0.2275,0,0,0.22012,0,132.38,playing,13
237.4304,-0.2275,0,0,0.22012,0,134.01,playing,13
237.447,-0.883,0,0,0.22012,0,135.92,playing,13
237.4632,-0.883,0,0,0.24632,0,138.11,playing,13
237.4798,-1.579,0,0,0.24632,0,140.76,playing,13
237.4959,-1.579,0,0,0.24632,0,143.53,playing,13
237.5124,-1.579,0,0,0.24632,0,146.58,playing,13
237.5285,-1.5872,0,0,0.2281,0,150.14,playing,13
237.5446,-1.5872,0,0,0.2281,0,153.77,playing,13
237.5607,-1.5872,0,0,0.2281,0,157.69,playing,13
237.577,-1.494,0,0,0.24058,0,161.89,playing,13
237.593,-1.494,0,0,0.24058,0,166.37,playing,13
237.6106,-1.494,0,0,0.24058,0,171.13,playing,13
237.6271,-1.043,0,0,0.23217,0,176.84,playing,13
237.6427,-1.043,0,0,0.23217,0,182.19,playing,13
237.6593,-2.288,0,0,0.23217,0,187.83,playing,13
237.6764,-2.288,0,0,0.25908,0,194.15,playing,13
237.6931,-2.288,0,0,0.25908,0,200.77,playing,13
237.7102,-4.9466,0,0,0.25908,0,207.72,playing,13
237.7268,-4.9466,0,0,0.25908,0,214.98,playing,13
237.7429,-4.9466,0,0,0.2325,0,222.1,playing,13
237.759,-17.4732,1,0,0.2325,0,229.5,playing,13
237.7751,-17.4732,0,0,0.2325,0,223.54,playing,13
237.7909,-17.4732,0,0,0.23132,0,217.87,playing,13
237.8066,-0.245,0,0,0.23132,0,212.47,playing,13
237.8231,-0.245,0,0,0.23132,0,207.36,playing,13
237.8405,1.4273,0,0,0.23132,0,202.24,playing,13
237.8576,1.4273,0,0,0.18993,0,197.45,playing,13
237.8737,1.4273,0,0,0.18993,0,192.97,playing,13
237.8898,1.245,0,0,0.18993,0,189.03,playing,13
237.9069,1.245,0,0,0.1858,0,185.38,playing,13
237.9224,1.245,0,0,0.1858,0,181.82,playing,13
237.939,6.5474,0,0,0.1858,0,178.74,playing,13
237.955,6.5474,0,0,0.14365,0,175.95,playing,13
237.9711,6.5474,0,0,0.14365,0,173.44,playing,13
237.9875,10.192,0,0,0.14365,0,171.1,playing,13
238.0045,10.192,0,0,0.14536,0,169.17,playing,13
238.0206,7.8904,0,0,0.14536,0,167.44,playing,13
238.0371,7.8904,0,0,0.14536,0,166.09,playing,13
238.0533,7.8904,0,0,0.15402,0,165.03,playing,14
238.0703,5.8669,0,0,0.15402,0,164.21,playing,14
238.087,5.8669,0,0,0.15402,0,163.71,playing,14
238.103,5.8669,0,0,0.14717,0,163.53,playing,14
238.1192,2.0749,0,0,0.14717,0,163.63,playing,14
238.1362,2.0749,0,0,0.14717,0,164.05,playing,14
238.1528,0.6594,0,0,0.14516,0,164.78,playing,14
238.1689,0.6594,0,0,0.14516,0,165.76,playing,14
238.185,0.6594,0,0,0.14516,0,167.02,playing,14
238.201,-0.6414,0,0,0.14516,0,168.56,playing,14
238.2171,-0.6414,0,0,0.16629,0,170.38,playing,14
238.2326,-0.6414,0,0,0.16629,0,172.48,playing,14
238.2493,-0.921,0,0,0.16629,0,174.86,playing,14
238.2668,-0.921,0,0,0.16629,1,177.71,playing,14
238.2839,-0.921,0,0,0.22758,0,181.09,playing,14
238.3001,-1.6948,0,0,0.22758,0,184.37,playing,14
238.3159,-1.6948,0,0,0.22758,0,187.93,playing,14
238.3316,-1.6948,0,0,0.20429,0,191.78,playing,14
238.3479,-1.9527,0,0,0.20429,0,195.9,playing,14
238.3644,-1.9527,0,0,0.20429,0,200.31,playing,14
238.3809,-1.7119,0,0,0.23139,0,205.31,playing,14
238.397,-1.7119,0,0,0.23139,0,210.3,playing,14
238.4135,-1.7119,0,0,0.23139,0,215.57,playing,14
238.4306,-1.6028,0,0,0.25908,0,221.49,playing,14
238.4466,-1.6028,0,0,0.25908,0,227.73,playing,14
238.4627,-1.6028,0,0,0.25908,0,233.88,playing,14
238.4788,-1.6028,0,0,0.25512,0,240.31,playing,14
238.4948,-1.6028,0,0,0.25512,0,247.02,playing,14
238.5109,-1.6028,0,0,0.25512,0,254.02,playing,14
238.5274,-1.4495,0,0,0.25512,0,261.29,playing,14
238.544,-1.4495,0,0,0.24177,0,269.34,playing,14
238.5602,-13.1115,1,0,0.24177,0,277.2,playing,14
238.5773,-9.1458,0,0,0.24177,0,270.89,playing,14
238.5939,-9.1458,0,0,0.23709,0,264.9,playing,14
238.6095,-2.5884,0,0,0.23709,0,259.54,playing,14
238.626,-2.5884,0,0,0.23709,0,254.46,playing,14
238.6421,-2.5884,0,0,0.14316,0,249.66,playing,14
238.6614,7.1842,0,0,0.14316,0,244.88,playing,14
238.6778,7.1842,0,0,0.14316,0,239.94,playing,14
238.6942,10.2448,0,0,0.14316,0,236.06,playing,14
238.7112,10.2448,0,0,0.14316,0,232.25,playing,14
238.7278,10.2448,0,0,0.16479,0,228.76,playing,14
238.7444,7.6401,0,0,0.16479,0,225.76,playing,14
238.7627,7.6401,0,0,0.16479,0,222.89,playing,14
238.7788,7.6401,0,0,0.13341,0,220.2,playing,14
238.7948,3.8027,0,0,0.13341,0,218.1,playing,14
238.8108,3.8027,0,0,0.13341,0,216.28,playing,14
238.8269,3.8027,0,0,0.15402,0,214.74,playing,14
238.8423,2.0151,0,0,0.15402,0,213.48,playing,14
238.8594,2.0151,0,0,0.15402,0,212.5,playing,14
238.8765,1.0562,0,0,0.18932,0,211.78,playing,14
238.893,1.0562,0,0,0.18932,0,211.38,playing,14
238.909,1.0562,0,0,0.18932,0,211.28,playing,14
238.9246,1.0562,0,0,0.18932,0,211.46,playing,14
238.9416,1.0562,0,0,0.17862,0,211.93,playing,14
238.9582,1.0562,0,0,0.17862,0,212.74,playing,14
238.9753,-0.6856,0,0,0.17862,0,213.87,playing,14
238.9925,-0.6856,0,0,0.21885,1,215.32,playing,14
239.0091,-1.1965,0,0,0.21885,0,217.09,playing,14
239.0246,-1.1965,0,0,0.21885,0,219.03,playing,14
239.0408,-1.1965,0,0,0.21885,0,221.26,playing,14
239.0569,-1.1661,0,0,0.21885,0,223.76,playing,14
239.0734,-1.1661,0,0,0.21885,0,226.55,playing,14
239.0895,-1.1661,0,0,0.24099,0,229.83,playing,14
239.1055,-1.6477,0,0,0.24099,0,233.2,playing,14
239.1221,-1.6477,0,0,0.24099,0,236.85,playing,14
239.1378,-1.6477,0,0,0.24099,0,240.79,playing,14
239.1545,-1.7113,0,0,0.24099,0,245.0,playing,14
239.1709,-1.7113,0,0,0.25047,0,249.8,playing,14
239.1866,-1.7113,0,0,0.25047,0,254.59,playing,14
239.204,-5.1863,0,0,0.25047,0,259.67,playing,14
239.2197,-5.1863,0,0,0.25047,0,265.38,playing,14
239.2358,-17.0118,1,0,0.25047,0,271.04,playing,14
239.2528,-17.0118,0,0,0.23198,0,264.73,playing,14
239.2689,-17.0118,0,0,0.23198,0,259.07,playing,14
239.2849,-12.6337,0,0,0.22621,0,253.69,playing,14
239.3015,-12.6337,0,0,0.22621,0,248.59,playing,14
239.3176,-12.6337,0,0,0.22621,0,243.5,playing,14
239.3336,-1.2314,0,0,0.20712,0,238.98,playing,14
239.3503,-1.2314,0,0,0.20712,0,234.75,playing,14
239.3679,9.9705,0,0,0.20712,0,230.57,playing,14
239.3844,9.9705,0,0,0.1747,0,226.71,playing,14
239.4005,9.9705,0,0,0.1747,0,223.16,playing,14
239.4171,12.2354,0,0,0.1747,0,220.11,playing,14
239.4336,12.2354,0,0,0.18912,0,217.33,playing,14
239.4497,12.2354,0,0,0.18912,0,214.71,playing,14
239.4662,12.2354,0,0,0.18912,0,212.51,playing,14
239.483,12.2354,0,0,0.15231,0,210.5,playing,14
239.4994,12.2354,0,0,0.15231,0,208.89,playing,14
239.5154,6.6414,0,0,0.15231,0,207.5,playing,14
239.532,6.6414,0,0,0.18095,0,206.47,playing,14
239.5476,6.6414,0,0,0.18095,0,205.72,playing,14
239.5643,2.4356,0,0,0.18095,0,205.25,playing,14
239.5809,2.4356,0,0,0.17769,0,205.07,playing,14
239.5974,1.0331,0,0,0.17769,0,205.19,playing,14
239.6137,1.0331,0,0,0.17769,0,205.62,playing,14
239.6294,1.0331,0,0,0.18087,0,206.32,playing,14
239.6465,-0.9119,0,0,0.18087,0,207.3,playing,14
239.6625,-0.9119,0,0,0.18087,0,208.65,playing,14
239.6786,-0.9119,0,0,0.18559,0,210.21,playing,14
239.6946,-0.8001,0,0,0.18559,0,212.05,playing,14
239.7109,-0.8001,0,0,0.18559,0,214.17,playing,14
239.7267,-0.8001,0,0,0.20063,0,216.57,playing,14
239.7433,-1.2471,0,0,0.20063,0,219.25,playing,14
239.7604,-1.2471,0,0,0.20063,0,222.42,playing,14
239.7769,-1.4401,0,0,0.20063,0,225.91,playing,14
239.793,-1.4401,0,0,0.20414,0,229.47,playing,14
239.8085,-1.4401,0,0,0.20414,0,233.31,playing,14
239.8247,-1.8827,0,0,0.20414,0,237.44,playing,14
239.841,-1.8827,0,0,0.20414,0,241.85,playing,14
239.8568,-1.8827,0,0,0.20414,0,246.54,playing,14
239.8732,-3.2982,0,0,0.20414,0,251.51,playing,14
239.8898,-3.2982,0,0,0.22261,1,257.11,playing,14
239.9063,-3.2982,0,0,0.22261,0,262.66,playing,15
239.9224,-14.9548,1,0,0.22261,0,268.88,playing,15
239.9384,-14.9548,0,0,0.22261,0,262.92,playing,15
239.9548,-14.2598,0,0,0.18247,0,257.24,playing,15
239.971,-14.2598,0,0,0.18247,0,251.85,playing,15
239.9863,-14.2598,0,0,0.18247,0,246.73,playing,15
240.0029,-8.2272,0,0,0.18247,0,241.9,playing,15
240.0192,-8.2272,0,0,0.23774,0,237.35,playing,15
240.0362,-8.2272,0,0,0.23774,0,232.83,playing,15
240.0528,5.9352,0,0,0.23774,0,228.64,playing,15
240.0694,5.9352,0,0,0.23774,0,224.96,playing,15
240.0877,5.9352,0,0,0.15849,0,221.38,playing,15
240.1037,9.8728,0,0,0.15849,0,217.95,playing,15
240.1198,9.8728,0,0,0.15849,0,215.17,playing,15
240.1355,7.6297,0,0,0.15849,0,212.68,playing,15
240.1521,7.6297,0,0,0.09097,0,210.47,playing,15
240.1692,7.6297,0,0,0.09097,0,208.44,playing,15
240.1856,5.4731,0,0,0.09097,0,206.73,playing,15
240.2022,5.4731,0,0,0.15289,0,205.4,playing,15
240.2193,5.4731,0,0,0.15289,0,204.31,playing,15
240.2358,2.1206,0,0,0.15289,0,203.53,playing,15
240.2523,2.1206,0,0,0.1645,0,203.08,playing,15
240.2694,0.8073,0,0,0.1645,0,202.92,playing,15
240.286,0.8073,0,0,0.1645,0,203.08,playing,15
240.3019,0.8073,0,0,0.18319,0,203.51,playing,15
240.3185,-1.0851,0,0,0.18319,0,204.22,playing,15
240.3356,-1.0851,0,0,0.18319,0,205.3,playing,15
240.3516,-1.0851,0,0,0.18228,0,206.69,playing,15
240.3682,-1.4269,0,0,0.18228,0,208.28,playing,15
240.3842,-1.4269,0,0,0.18228,0,210.15,playing,15
240.4009,-1.4269,0,0,0.18228,0,212.46,playing,15
240.4175,-1.3878,0,0,0.21563,1,214.92,playing,15
240.4341,-1.3878,0,0,0.21563,0,217.84,playing,15
240.4496,-1.2193,0,0,0.21563,0,220.88,playing,15
240.4661,-1.2193,0,0,0.21414,0,224.19,playing,15
240.4832,-1.2193,0,0,0.21414,0,228.04,playing,15
240.4999,-1.6066,0,0,0.21414,0,232.2,playing,15
240.5165,-1.6066,0,0,0.22284,0,236.39,playing,15
240.5331,-1.6066,0,0,0.22284,0,241.17,playing,15
240.5507,-6.6469,0,0,0.22284,0,246.26,playing,15
240.5667,-6.6469,0,0,0.16098,0,251.68,playing,15
240.5828,-6.6469,0,0,0.16098,0,257.05,playing,15
240.5993,-15.4996,1,0,0.16098,0,262.71,playing,15
240.6159,-15.4996,0,0,0.16098,0,256.4,playing,15
240.6336,-11.4383,0,0,0.22758,0,250.74,playing,15
240.6502,-11.4383,0,0,0.22758,0,244.73,playing,15
240.6675,-11.4383,0,0,0.22758,0,239.37,playing,15
240.6839,7.7273,0,0,0.22758,0,234.33,playing,15
240.7003,7.7273,0,0,0.22261,0,229.87,playing,15
240.7171,7.7273,0,0,0.22261,0,225.45,playing,15
240.7337,10.8154,0,0,0.22261,0,221.34,playing,15
240.7493,10.8154,0,0,0.13522,0,217.76,playing,15
240.7663,6.9357,0,0,0.13522,0,214.46,playing,15
240.7829,6.9357,0,0,0.13522,0,211.27,playing,15
240.7989,6.9357,0,0,0.15115,0,208.55,playing,15
240.8149,4.9418,0,0,0.15115,0,206.11,playing,15
240.831,4.9418,0,0,0.15115,0,203.95,playing,15
240.847,4.9418,0,0,0.16298,0,202.08,playing,15
240.8625,3.0322,0,0,0.16298,0,200.48,playing,15
240.879,3.0322,0,0,0.16298,0,199.17,playing,15
240.895,3.0322,0,0,0.19234,0,198.14,playing,15
240.9111,0.8267,0,0,0.19234,0,197.39,playing,15
240.9277,0.8267,0,0,0.19234,0,196.91,playing,15
240.9443,0.3682,0,0,0.16072,0,196.75,playing,15
240.9608,0.3682,0,0,0.16072,0,196.89,playing,15
240.9774,0.3682,0,0,0.16072,0,197.3,playing,15
240.9943,-0.9981,0,0,0.18351,0,198.05,playing,15
241.0103,-0.9981,0,0,0.18351,0,199.13,playing,15
241.0269,-0.9981,0,0,0.18351,0,200.42,playing,15
241.043,-1.2104,0,0,0.18351,0,202.0,playing,15
241.0591,-1.2104,0,0,0.21026,1,203.85,playing,15
241.0752,-1.2104,0,0,0.21026,0,205.99,playing,15
241.0908,-0.2289,0,0,0.21026,0,208.41,playing,15
241.1074,-0.2289,0,0,0.21026,0,211.11,playing,15
241.1237,-0.2289,0,0,0.23199,0,214.3,playing,15
241.1401,-0.6301,0,0,0.23199,0,217.58,playing,15
241.1567,-0.6301,0,0,0.23199,0,221.14,playing,15
241.1733,-1.2286,0,0,0.23199,0,225.25,playing,15
241.1899,-1.2286,0,0,0.23132,0,229.67,playing,15
241.206,-1.2286,0,0,0.23132,0,234.11,playing,15
241.2237,-1.2699,0,0,0.23132,0,238.84,playing,15
241.2396,-1.2699,0,0,0.23132,0,244.51,playing,15
241.2557,-1.2699,0,0,0.22337,0,249.83,playing,15
241.2724,-1.2097,0,0,0.22337,0,255.44,playing,15
241.2886,-1.2097,0,0,0.22337,0,261.71,playing,15
241.3066,-1.2251,0,0,0.22337,0,267.89,playing,15
241.3225,-1.2251,0,0,0.23198,0,275.21,playing,15
241.339,-1.2251,0,0,0.23198,0,281.99,playing,15
241.3566,-0.7943,0,0,0.23198,0,289.06,playing,15
241.3728,-0.7943,0,0,0.23273,0,297.36,playing,15
241.3894,-0.7943,0,0,0.23273,0,305.03,playing,15
241.4055,-13.0794,1,0,0.23273,0,313.49,playing,15
241.4222,-13.0794,0,0,0.22265,0,307.53,playing,15
241.4398,-6.4901,0,0,0.22265,0,301.52,playing,15
241.4563,-6.4901,0,0,0.22265,0,295.82,playing,15
241.4733,-6.4901,0,0,0.22265,0,290.45,playing,15
241.4894,4.4898,0,0,0.22265,0,285.39,playing,15
241.5056,4.4898,0,0,0.23253,0,280.91,playing,15
241.5221,4.4898,0,0,0.23253,0,276.71,playing,15
241.5392,8.596,0,0,0.23253,0,272.57,playing,15
241.5572,8.596,0,0,0.23253,0,268.74,playing,15
241.5738,9.6117,0,0,0.17323,0,265.05,playing,15
241.5894,9.6117,0,0,0.17323,0,262.05,playing,15
241.6054,9.6117,0,0,0.17323,0,259.33,playing,15
241.6215,6.3882,0,0,0.2007,0,256.89,playing,15
241.6376,6.3882,0,0,0.2007,0,254.73,playing,15
241.6536,6.3882,0,0,0.2007,0,252.85,playing,15
241.6697,2.635,0,0,0.16017,0,251.26,playing,15
241.6857,2.635,0,0,0.16017,0,249.95,playing,15
241.7018,2.635,0,0,0.16017,0,248.92,playing,15
241.7178,1.4244,0,0,0.26748,1,248.17,playing,15
241.7343,1.4244,0,0,0.26748,0,247.7,playing,15
241.7509,1.4244,0,0,0.26748,0,247.52,playing,16
241.7665,0.8547,0,0,0.1908,0,247.64,playing,16
241.7838,0.8547,0,0,0.1908,0,248.03,playing,16
241.8002,0.8547,0,0,0.1908,0,248.77,playing,16
241.8158,0.8547,0,0,0.1908,0,249.75,playing,16
241.8371,0.8547,0,0,0.21358,0,251.0,playing,16
241.8574,-1.0059,0,0,0.21358,0,253.14,playing,16
241.8744,-1.0059,0,0,0.21358,0,255.76,playing,16
241.8915,-1.2071,0,0,0.21358,0,258.2,playing,16
241.9076,-1.2071,0,0,0.21358,0,260.96,playing,16
241.9234,-1.2071,0,0,0.22687,0,263.83,playing,16
241.9409,-1.1607,0,0,0.22687,0,266.99,playing,16
241.9575,-1.1607,0,0,0.22687,0,270.67,playing,16
241.9738,-1.1607,0,0,0.22687,0,274.66,playing,16
241.9904,-1.7862,0,0,0.22687,0,278.7,playing,16
242.0068,-1.7862,0,0,0.20505,0,283.31,playing,16
242.0249,-7.8193,0,0,0.20505,0,287.92,playing,16
242.0414,-7.8193,0,0,0.20505,0,293.48,playing,16
242.0574,-7.8193,0,0,0.20505,0,299.04,playing,16
242.0733,-16.6437,1,0,0.20505,0,304.56,playing,16
242.09,-16.6437,0,0,0.22207,0,298.6,playing,16
242.1061,-16.6437,0,0,0.22207,0,292.92,playing,16
242.1227,-2.4356,0,0,0.22207,0,287.21,playing,16
242.1395,-2.4356,0,0,0.22207,0,282.11,playing,16
242.1565,-2.4356,0,0,0.22207,0,277.02,playing,16
242.1729,9.8095,0,0,0.15457,0,272.24,playing,16
242.1892,9.8095,0,0,0.15457,0,268.02,playing,16
242.2058,12.4925,0,0,0.15457,0,263.86,playing,16
242.2217,12.4925,0,0,0.18896,0,260.22,playing,16
242.2382,12.4925,0,0,0.18896,0,256.87,playing,16
242.2554,7.6789,0,0,0.18896,0,253.62,playing,16
242.2721,7.6789,0,0,0.19025,0,250.7,playing,16
242.2887,7.6789,0,0,0.19025,0,248.09,playing,16
242.3043,5.3776,0,0,0.19025,0,245.91,playing,16
242.3214,5.3776,0,0,0.1564,0,244.02,playing,16
242.3375,2.5019,0,0,0.1564,0,242.33,playing,16
242.3537,1.2989,0,0,0.1564,0,241.02,playing,16
242.3702,1.2989,0,0,0.1564,0,239.99,playing,16
242.3873,1.2989,0,0,0.14992,0,239.21,playing,16
242.4043,1.2989,0,0,0.14992,0,238.75,playing,16
242.4214,1.2989,0,0,0.14992,0,238.61,playing,16
242.4419,-1.1621,0,0,0.14992,0,238.79,playing,16
242.458,-1.1621,0,0,0.14992,0,239.43,playing,16
242.474,-1.6888,0,0,0.16974,0,240.23,playing,16
242.4908,-1.6888,0,0,0.16974,0,241.31,playing,16
242.5066,-1.6888,0,0,0.16974,0,242.78,playing,16
242.5228,-1.7628,0,0,0.16974,0,244.44,playing,16
242.5394,-1.7628,0,0,0.18176,0,246.39,playing,16
242.556,-1.7628,0,0,0.18176,0,248.77,playing,16
242.5725,-1.8532,0,0,0.18176,0,251.3,playing,16
242.5891,-1.8532,0,0,0.19502,0,254.3,playing,16
242.6046,-1.8532,0,0,0.19502,0,257.4,playing,16
242.6211,-1.6587,0,0,0.19502,0,260.79,playing,16
242.6376,-1.6587,0,0,0.19502,0,264.46,playing,16
242.6542,-1.6969,0,0,0.20352,0,268.67,playing,16
242.6712,-3.6025,0,0,0.20352,0,273.21,playing,16
242.688,-3.6025,0,0,0.20352,0,278.06,playing,16
242.7036,-15.2475,1,0,0.20352,0,282.91,playing,16
242.7197,-15.2475,0,0,0.22207,1,276.95,playing,16
242.7356,-15.2475,0,0,0.22207,0,271.27,playing,16
242.7522,-15.255,0,0,0.22207,0,265.88,playing,16
242.7697,-15.255,0,0,0.19178,0,260.46,playing,16
242.7855,-15.255,0,0,0.19178,0,255.37,playing,16
242.802,6.2067,0,0,0.19178,0,250.85,playing,16
242.818,6.2067,0,0,0.19178,0,246.62,playing,16
242.8336,12.6528,0,0,0.16016,0,242.67,playing,16
242.8502,12.6528,0,0,0.16016,0,239.0,playing,16
242.8673,12.6528,0,0,0.16016,0,235.41,playing,16
242.8841,8.5513,0,0,0.18413,0,232.15,playing,16
242.8997,8.5513,0,0,0.18413,0,229.36,playing,16
242.9157,8.5513,0,0,0.18413,0,226.85,playing,16
242.9323,6.5873,0,0,0.17207,0,224.62,playing,16
242.9488,6.5873,0,0,0.17207,0,222.57,playing,16
242.9653,6.5873,0,0,0.17207,0,220.93,playing,16
242.9824,4.6743,0,0,0.17207,0,219.5,playing,16
242.999,4.6743,0,0,0.18124,0,218.38,playing,16
243.0148,4.6743,0,0,0.18124,0,217.62,playing,16
243.0314,4.6743,0,0,0.18124,0,217.13,playing,16
243.0479,4.6743,0,0,0.19004,0,216.93,playing,16
243.064,-0.1396,0,0,0.19004,0,217.03,playing,16
243.08,-0.1396,0,0,0.19004,0,217.41,playing,16
243.0958,-0.1396,0,0,0.18864,0,218.07,playing,16
243.1118,-1.796,0,0,0.18864,0,219.01,playing,16
243.1281,-1.796,0,0,0.18864,0,220.23,playing,16
243.1452,-1.796,0,0,0.18864,0,221.85,playing,16
243.1612,-1.7522,0,0,0.22611,1,223.65,playing,16
243.1783,-1.7522,0,0,0.22611,0,225.88,playing,16
243.1953,-1.7856,0,0,0.22611,0,228.44,playing,16
243.2114,-1.7856,0,0,0.21358,0,231.31,playing,16
243.2284,-1.7856,0,0,0.21358,0,234.29,playing,16
243.2454,-1.9367,0,0,0.21358,0,237.78,playing,16
243.2615,-1.9367,0,0,0.22261,0,241.58,playing,16
243.2786,-1.9367,0,0,0.22261,0,245.44,playing,16
243.2952,-1.2455,0,0,0.22261,0,249.86,playing,16
243.3119,-1.2455,0,0,0.21218,0,254.6,playing,16
243.3294,-13.2586,1,0,0.21218,0,259.35,playing,16
243.3465,-13.2586,0,0,0.21218,0,252.68,playing,16
243.3631,-13.2586,0,0,0.20581,0,246.71,playing,16
243.3797,-14.587,0,0,0.20581,0,241.05,playing,16
243.3964,-14.587,0,0,0.20581,0,236.01,playing,16
243.413,-14.587,0,0,0.22284,0,230.97,playing,16
243.4291,-8.7182,0,0,0.22284,0,226.5,playing,16
243.4462,-8.7182,0,0,0.22284,0,222.08,playing,16
243.464,-0.4654,0,0,0.17881,0,217.97,playing,16
243.4809,10.2845,0,0,0.17881,0,213.98,playing,16
243.497,10.2845,0,0,0.17881,0,210.72,playing,16
243.5132,11.5197,0,0,0.17881,0,207.73,playing,16
243.5296,11.5197,0,0,0.17881,0,204.88,playing,16
243.5477,11.5197,0,0,0.16918,0,202.48,playing,16
243.5644,6.9359,0,0,0.16918,0,200.13,playing,16
243.5809,6.9359,0,0,0.16918,0,198.23,playing,16
243.5975,6.9359,0,0,0.16918,0,196.73,playing,16
243.614,5.458,0,0,0.13823,0,195.44,playing,17
243.6299,5.458,0,0,0.13823,0,194.52,playing,17
243.6457,3.143,0,0,0.13823,0,193.88,playing,17
243.6618,3.143,0,0,0.13823,0,193.51,playing,17
243.6774,3.143,0,0,0.13823,0,193.43,playing,17
243.6971,0.981,0,0,0.14228,0,193.64,playing,17
243.7132,0.981,0,0,0.14228,0,194.27,playing,17
243.7303,0.981,0,0,0.14228,0,195.16,playing,17
243.7473,-0.0815,0,0,0.14228,0,196.37,playing,17
243.7643,-0.0815,0,0,0.197,0,197.89,playing,17
243.781,-1.1139,0,0,0.197,0,199.73,playing,17
243.7976,-1.1139,0,0,0.197,0,201.89,playing,17
243.8141,-1.1139,0,0,0.20177,0,204.2,playing,17
243.8312,-1.3837,0,0,0.20177,0,206.98,playing,17
243.8483,-1.3837,0,0,0.20177,0,210.07,playing,17
243.8643,-1.3837,0,0,0.20923,1,213.48,playing,17
243.8809,-1.8049,0,0,0.20923,0,216.98,playing,17
243.8964,-1.8049,0,0,0.20923,0,220.75,playing,17
243.9125,-2.0638,0,0,0.20103,0,224.81,playing,17
243.9296,-2.0638,0,0,0.20103,0,229.15,playing,17
243.9461,-2.0638,0,0,0.20103,0,234.07,playing,17
243.9622,-2.3737,0,0,0.20103,0,238.99,playing,17
243.9789,-2.3737,0,0,0.24177,0,244.53,playing,17
243.9954,-2.3737,0,0,0.24177,0,250.03,playing,17
244.0115,-17.0488,1,0,0.24177,0,256.19,playing,17
244.028,-17.0488,0,0,0.23768,0,250.24,playing,17
244.0441,-17.0488,0,0,0.23768,0,244.56,playing,17
244.0606,-13.9713,0,0,0.23768,0,239.16,playing,17
244.0777,-13.9713,0,0,0.24588,0,233.75,playing,17
244.0945,1.6705,0,0,0.24588,0,228.65,playing,17
244.1111,1.6705,0,0,0.24588,0,223.87,playing,17
244.1282,1.6705,0,0,0.23177,0,219.41,playing,17
244.1442,12.4671,0,0,0.23177,0,215.5,playing,17
244.1613,12.4671,0,0,0.23177,0,211.65,playing,17
244.1789,12.4671,0,0,0.23177,0,208.13,playing,17
244.1959,12.4671,0,0,0.15903,0,204.92,playing,17
244.212,12.4671,0,0,0.15903,0,202.03,playing,17
244.2275,12.4671,0,0,0.15903,0,199.59,playing,17
244.2441,13.213,0,0,0.15903,0,197.43,playing,17
244.2605,13.213,0,0,0.17976,0,195.56,playing,17
244.2773,5.5939,0,0,0.17976,0,193.88,playing,17
244.2938,5.5939,0,0,0.17976,0,192.53,playing,17
244.3097,5.5939,0,0,0.17976,0,191.53,playing,17
244.3267,1.0132,0,0,0.17976,0,190.82,playing,17
244.3445,1.0132,0,0,0.13164,0,190.37,playing,17
244.3611,1.0132,0,0,0.13164,0,190.27,playing,17
244.3767,-0.1852,0,0,0.13164,0,190.45,playing,17
244.3932,-0.1852,0,0,0.13164,0,190.92,playing,17
244.4115,-1.3659,0,0,0.13164,0,191.73,playing,17
244.4283,-1.3659,0,0,0.13164,0,192.95,playing,17
244.445,-1.3659,0,0,0.13164,0,194.41,playing,17
244.4614,-1.9478,0,0,0.13164,0,196.08,playing,17
244.4781,-1.9478,0,0,0.19195,0,198.16,playing,17
244.4943,-1.9478,0,0,0.19195,0,200.4,playing,17
244.5107,-1.5259,0,0,0.19195,0,203.11,playing,17
244.5268,-1.5259,0,0,0.21785,1,205.93,playing,17
244.5423,-1.6939,0,0,0.21785,0,209.04,playing,17
244.5594,-1.6564,0,0,0.21785,0,212.42,playing,17
244.5755,-1.6564,0,0,0.22337,0,216.34,playing,17
244.5923,-1.7499,0,0,0.22337,0,220.31,playing,17
244.6093,-1.7499,0,0,0.22337,0,224.84,playing,17
244.6263,-1.7499,0,0,0.22207,0,229.69,playing,17
244.6424,-1.2593,0,0,0.22207,0,234.86,playing,17
244.6591,-1.2593,0,0,0.22207,0,240.01,playing,17
244.6756,-1.2593,0,0,0.22207,0,245.44,playing,17
244.6915,-10.7581,0,0,0.20174,0,251.52,playing,17
244.7081,-10.7581,0,0,0.20174,0,257.53,playing,17
244.7252,-14.5628,1,0,0.20174,0,264.24,playing,17
244.7418,-14.5628,0,0,0.25024,0,257.93,playing,17
244.7583,-14.5628,0,0,0.25024,0,252.27,playing,17
244.7765,-14.5628,0,0,0.25024,0,246.57,playing,17
244.7923,-14.5628,0,0,0.26371,0,240.9,playing,17
244.8094,-14.5628,0,0,0.26371,0,236.14,playing,17
244.8265,9.853,0,0,0.26371,0,231.39,playing,17
244.8436,9.853,0,0,0.19138,0,226.97,playing,17
244.8601,11.7752,0,0,0.19138,0,222.87,playing,17
244.8782,11.7752,0,0,0.19138,0,219.08,playing,17
244.8948,11.7752,0,0,0.20061,0,215.42,playing,17
244.9114,6.9015,0,0,0.20061,0,212.46,playing,17
244.9275,6.9015,0,0,0.20061,0,209.62,playing,17
244.9438,6.9015,0,0,0.13019,0,207.24,playing,17
244.9602,4.515,0,0,0.13019,0,205.13,playing,17
244.9773,4.515,0,0,0.13019,0,203.22,playing,17
244.9944,4.515,0,0,0.15374,0,201.62,playing,17
245.0109,4.515,0,0,0.15374,0,200.34,playing,17
245.0271,4.515,0,0,0.15374,0,199.41,playing,17
245.0432,0.3882,0,0,0.15374,0,198.77,playing,17
245.0594,0.3882,0,0,0.15374,0,198.4,playing,17
245.076,0.3882,0,0,0.15374,0,198.34,playing,17
245.0917,-0.1648,0,0,0.15374,0,198.56,playing,17
245.1078,-0.1648,0,0,0.16017,0,199.06,playing,17
245.1239,-0.1648,0,0,0.16017,0,199.84,playing,17
245.1405,-0.6541,0,0,0.16017,0,200.91,playing,17
245.1568,-0.6541,0,0,0.18578,0,202.35,playing,17
245.1735,-0.7445,0,0,0.18578,0,204.0,playing,17
245.1901,-0.7807,0,0,0.18578,0,206.06,playing,17
245.2067,-0.7807,0,0,0.18578,0,208.45,playing,17
245.2231,-1.2504,0,0,0.24521,1,210.97,playing,17
245.2398,-1.2504,0,0,0.24521,0,213.97,playing,17
245.2558,-1.2504,0,0,0.24521,0,217.08,playing,17
245.2719,-6.3109,0,0,0.25024,0,220.47,playing,17
245.2875,-6.3109,0,0,0.25024,0,224.13,playing,17
245.304,-6.3109,0,0,0.25024,0,228.09,playing,17
245.3196,-14.834,1,0,0.21811,0,232.32,playing,17
245.3362,-14.834,0,0,0.21811,0,226.36,playing,17
245.3517,-14.834,0,0,0.21811,0,220.68,playing,17
245.3683,0.7248,0,0,0.21811,0,215.29,playing,17
245.3848,0.7248,0,0,0.13819,0,209.87,playing,17
245.4014,7.7342,0,0,0.13819,0,205.06,playing,17
245.4181,7.7342,0,0,0.13819,0,200.26,playing,17
245.4342,7.7342,0,0,0.14629,0,196.03,playing,17
245.451,7.6779,0,0,0.14629,0,191.85,playing,18
245.468,7.6779,0,0,0.14629,0,187.98,playing,18
245.4836,7.6779,0,0,0.1613,0,184.63,playing,18
245.5003,5.896,0,0,0.1613,0,181.56,playing,18
245.517,5.896,0,0,0.1613,0,178.61,playing,18
245.5351,4.0181,0,0,0.16713,0,176.12,playing,18
245.5522,4.0181,0,0,0.16713,0,173.56,playing,18
245.5694,4.0181,0,0,0.16713,0,171.59,playing,18
245.5859,1.3757,0,0,0.13602,0,169.93,playing,18
245.6015,1.3757,0,0,0.13602,0,168.65,playing,18
245.6181,1.3757,0,0,0.13602,0,167.66,playing,18
245.6342,0.156,0,0,0.16407,0,166.94,playing,18
245.6499,0.156,0,0,0.16407,0,166.51,playing,18
245.6659,0.156,0,0,0.16407,0,166.36,playing,18
245.6824,-0.1033,0,0,0.19266,0,166.49,playing,18
245.699,-0.1033,0,0,0.19266,0,166.95,playing,18
245.7151,-0.9447,0,0,0.19266,0,167.66,playing,18
245.7322,-0.9447,0,0,0.23316,1,168.74,playing,18
245.7488,-0.9447,0,0,0.23316,0,170.13,playing,18
245.7652,-1.3797,0,0,0.23316,0,171.72,playing,18
245.7823,-1.3797,0,0,0.20654,0,173.73,playing,18
245.7994,-1.3797,0,0,0.20654,0,176.06,playing,18
245.8154,-1.4942,0,0,0.20654,0,178.7,playing,18
245.8315,-1.4942,0,0,0.23781,0,181.47,playing,18
245.8476,-1.0777,0,0,0.23781,0,184.53,playing,18
245.8642,-1.0777,0,0,0.23781,0,187.86,playing,18
245.8813,-1.0777,0,0,0.21811,0,191.72,playing,18
245.8981,-1.2172,0,0,0.21811,0,195.9,playing,18
245.9137,-1.2172,0,0,0.21811,0,200.12,playing,18
245.9301,-1.2172,0,0,0.2311,0,204.61,playing,18
245.9472,-4.3036,0,0,0.2311,0,209.39,playing,18
245.9637,-4.3036,0,0,0.2311,0,215.12,playing,18
245.9793,-4.3036,0,0,0.2311,0,220.5,playing,18
245.9964,-11.1008,1,0,0.24058,0,226.15,playing,18
246.0125,-11.1008,0,0,0.24058,0,219.84,playing,18
246.029,0.2909,0,0,0.24058,0,214.18,playing,18
246.0461,0.2909,0,0,0.24058,0,208.49,playing,18
246.0626,0.2909,0,0,0.17113,0,203.41,playing,18
246.0787,9.703,0,0,0.17113,0,198.33,playing,18
246.0949,9.703,0,0,0.17113,0,193.83,playing,18
246.1109,9.703,0,0,0.17113,0,189.62,playing,18
246.1266,8.4647,0,0,0.17113,0,185.68,playing,18
246.1427,8.4647,0,0,0.17113,0,182.03,playing,18
246.1613,8.4647,0,0,0.17113,0,178.66,playing,18
246.1777,6.5163,0,0,0.15626,0,175.05,playing,18
246.1933,6.5163,0,0,0.15626,0,172.3,playing,18
246.2094,4.4056,0,0,0.15626,0,169.82,playing,18
246.2256,2.9487,0,0,0.15626,0,167.63,playing,18
246.2417,2.9487,0,0,0.14489,0,165.72,playing,18
246.2578,0.9883,0,0,0.14489,0,164.09,playing,18
246.2733,0.9883,0,0,0.14489,0,162.75,playing,18
246.2899,0.9883,0,0,0.14489,0,161.68,playing,18
246.3059,-0.1513,0,0,0.18528,0,160.9,playing,18
246.3225,-0.1513,0,0,0.18528,0,160.39,playing,18
246.3386,-0.1513,0,0,0.18528,0,160.18,playing,18
246.3553,-0.5542,0,0,0.15057,0,160.26,playing,18
246.3716,-0.5542,0,0,0.15057,0,160.66,playing,18
246.388,-0.9099,0,0,0.15057,0,161.32,playing,18
246.4057,-0.9099,0,0,0.15057,0,162.34,playing,18
246.422,-0.9099,0,0,0.20448,0,163.67,playing,18
246.4378,-1.5652,0,0,0.20448,0,165.21,playing,18
246.4533,-1.5652,0,0,0.20448,0,167.03,playing,18
246.4701,-1.5652,0,0,0.20448,0,169.13,playing,18
246.4872,-0.8678,0,0,0.20236,0,171.69,playing,18
246.5027,-0.8678,0,0,0.20236,0,174.37,playing,18
246.5183,-0.8678,0,0,0.20236,0,177.33,playing,18
246.5348,-0.8679,0,0,0.20236,0,180.58,playing,18
246.5518,-0.8679,0,0,0.21563,1,184.11,playing,18
246.5675,-0.8679,0,0,0.21563,0,188.17,playing,18
246.586,-11.877,0,0,0.21563,0,192.28,playing,18
246.6021,-11.877,0,0,0.21563,0,197.26,playing,18
246.6187,-16.4228,1,0,0.21563,0,202.28,playing,18
246.6347,-16.4228,0,0,0.24484,0,196.32,playing,18
246.6513,-16.4228,0,0,0.24484,0,190.65,playing,18
246.6678,-4.4861,0,0,0.24484,0,184.93,playing,18
246.6837,-4.4861,0,0,0.22736,0,179.84,playing,18
246.6999,-4.4861,0,0,0.22736,0,175.02,playing,18
246.7159,9.0421,0,0,0.22736,0,170.49,playing,18
246.7325,9.0421,0,0,0.22736,0,166.24,playing,18
246.749,11.7628,0,0,0.14888,0,162.04,playing,18
246.7651,11.7628,0,0,0.14888,0,158.37,playing,18
246.7807,11.7628,0,0,0.14888,0,154.98,playing,18
246.7977,8.4012,0,0,0.18182,0,151.87,playing,18
246.814,8.4012,0,0,0.18182,0,148.89,playing,18
246.83,8.4012,0,0,0.18182,0,146.36,playing,18
246.8462,5.8072,0,0,0.13191,0,144.12,playing,18
246.8625,5.8072,0,0,0.13191,0,142.05,playing,18
246.8792,5.8072,0,0,0.13191,0,140.39,playing,18
246.896,2.5943,0,0,0.18186,0,138.94,playing,18
246.9125,2.5943,0,0,0.18186,0,137.85,playing,18
246.929,1.5325,0,0,0.18186,0,137.02,playing,18
246.9453,1.5325,0,0,0.18186,0,136.52,playing,18
246.9619,1.5325,0,0,0.18808,0,136.3,playing,18
246.9785,0.214,0,0,0.18808,0,136.38,playing,18
246.9948,0.214,0,0,0.18808,0,136.78,playing,18
247.0114,0.214,0,0,0.18808,0,137.44,playing,18
247.027,-0.6795,0,0,0.18821,0,138.38,playing,18
247.0445,-0.6795,0,0,0.18821,0,139.7,playing,18
247.0606,-0.6795,0,0,0.18821,0,141.34,playing,18
247.0765,-1.4775,0,0,0.19986,0,143.16,playing,18
247.0926,-1.4775,0,0,0.19986,0,145.26,playing,18
247.1086,-2.1226,0,0,0.19986,0,147.64,playing,18
247.1253,-2.1226,0,0,0.19986,1,150.31,playing,18
247.1416,-2.1226,0,0,0.23559,0,153.46,playing,18
247.1577,-1.2938,0,0,0.23559,0,156.7,playing,18
247.1737,-1.2938,0,0,0.23559,0,160.23,playing,18
247.1898,-1.2938,0,0,0.23559,0,164.04,playing,18
247.2059,-1.2992,0,0,0.21785,0,168.13,playing,18
247.222,-1.2992,0,0,0.21785,0,172.51,playing,18
247.2375,-1.2992,0,0,0.21785,0,177.16,playing,18
247.2593,-1.8432,0,0,0.21785,0,182.1,playing,18
247.2737,-1.8432,0,0,0.23662,0,188.71,playing,18
247.2898,-1.7853,0,0,0.23662,0,194.28,playing,19
247.3057,-1.7853,0,0,0.23662,0,200.13,playing,19
247.3223,-1.7853,0,0,0.23662,0,206.26,playing,19
247.3409,-2.7471,0,0,0.23662,0,213.09,playing,19
247.3575,-2.7471,0,0,0.24529,0,221.13,playing,19
247.3733,-2.7471,0,0,0.24529,0,228.18,playing,19
247.39,-19.0459,1,0,0.24529,0,235.51,playing,19
247.4055,-19.0459,0,0,0.25974,0,229.55,playing,19
247.4225,-19.0459,0,0,0.25974,0,223.87,playing,19
247.4389,-11.8701,0,0,0.25974,0,218.16,playing,19
247.4545,-11.8701,0,0,0.2279,0,213.06,playing,19
247.4743,-6.468,0,0,0.2279,0,208.25,playing,19
247.4914,5.1138,0,0,0.2279,0,202.67,playing,19
247.5082,5.1138,0,0,0.2279,0,198.25,playing,19
247.5289,12.7841,0,0,0.22291,0,194.14,playing,19
247.5455,12.7841,0,0,0.22291,0,189.75,playing,19
247.5622,9.1539,0,0,0.22291,0,186.34,playing,19
247.5784,9.1539,0,0,0.22291,0,183.24,playing,19
247.5953,9.1539,0,0,0.14512,0,180.61,playing,19
247.6119,6.8325,0,0,0.14512,0,178.13,playing,19
247.6284,6.8325,0,0,0.14512,0,176.08,playing,19
247.6445,6.8325,0,0,0.14512,0,174.22,playing,19
247.6604,4.8815,0,0,0.12401,0,172.75,playing,19
247.6767,2.8799,0,0,0.12401,0,171.56,playing,19
247.6932,1.8342,0,0,0.12401,0,170.65,playing,19
247.7102,1.8342,0,0,0.12401,0,170.01,playing,19
247.7272,1.8342,0,0,0.18215,0,169.68,playing,19
247.7438,1.8342,0,0,0.18215,0,169.67,playing,19
247.7598,1.8342,0,0,0.18215,0,169.94,playing,19
247.7763,1.8342,0,0,0.18861,0,170.49,playing,19
247.7924,-0.6145,0,0,0.18861,0,171.4,playing,19
247.8086,-0.6145,0,0,0.18861,0,172.53,playing,19
247.8243,-0.6145,0,0,0.21261,1,173.95,playing,19
247.8411,-1.2276,0,0,0.21261,0,175.65,playing,19
247.8572,-1.2276,0,0,0.21261,0,177.63,playing,19
247.8737,-1.4698,0,0,0.21468,0,180.05,playing,19
247.8913,-1.4698,0,0,0.21468,0,182.61,playing,19
247.9068,-1.4698,0,0,0.21468,0,185.65,playing,19
247.9229,-1.6884,0,0,0.21791,0,188.79,playing,19
247.939,-1.6884,0,0,0.21791,0,192.21,playing,19
247.9545,-1.6884,0,0,0.21791,0,195.91,playing,19
247.9706,-1.6884,0,0,0.2325,0,199.9,playing,19
247.9871,-1.6884,0,0,0.2325,0,204.17,playing,19
248.0032,-1.6884,0,0,0.2325,0,208.71,playing,19
248.0199,-13.9264,1,0,0.26484,0,213.86,playing,19
248.0364,-13.9264,0,0,0.26484,0,207.91,playing,19
248.0529,-8.6759,0,0,0.26484,0,201.89,playing,19
248.0695,-8.6759,0,0,0.22192,0,196.52,playing,19
248.086,-8.6759,0,0,0.22192,0,191.12,playing,19
248.1018,-1.4536,0,0,0.22192,0,186.32,playing,19
248.1184,-1.4536,0,0,0.17636,0,181.81,playing,19
248.1344,-1.4536,0,0,0.17636,0,177.33,playing,19
248.151,2.7965,0,0,0.17636,0,173.39,playing,19
248.1672,2.7965,0,0,0.1786,0,169.74,playing,19
248.1843,2.7965,0,0,0.1786,0,166.18,playing,19
248.201,12.2891,0,0,0.1786,0,162.93,playing,19
248.2166,12.2891,0,0,0.13216,0,160.16,playing,19
248.2331,13.937,0,0,0.13216,0,157.67,playing,19
248.2487,13.937,0,0,0.13216,0,155.46,playing,19
248.2652,13.937,0,0,0.15002,0,153.53,playing,19
248.2819,7.675,0,0,0.15002,0,151.8,playing,19
248.2981,7.675,0,0,0.15002,0,150.45,playing,19
248.3136,7.675,0,0,0.18027,0,149.39,playing,19
248.3307,1.8687,0,0,0.18027,0,148.6,playing,19
248.3467,1.8687,0,0,0.18027,0,148.09,playing,19
248.3632,1.8687,0,0,0.23692,1,147.89,playing,19
248.3799,-0.1441,0,0,0.23692,0,147.99,playing,19
248.3955,-0.1441,0,0,0.23692,0,148.37,playing,19
248.4121,-0.1441,0,0,0.19793,0,149.02,playing,19
248.4276,-1.3285,0,0,0.19793,0,149.97,playing,19
248.4434,-1.3285,0,0,0.19793,0,151.19,playing,19
248.46,-2.1592,0,0,0.19793,0,152.69,playing,19
248.4753,-2.1592,0,0,0.21282,0,154.48,playing,19
248.4923,-2.1592,0,0,0.21282,0,156.54,playing,19
248.5083,-2.3943,0,0,0.21282,0,159.06,playing,19
248.5253,-2.3943,0,0,0.25431,0,161.71,playing,19
248.542,-2.3943,0,0,0.25431,0,164.84,playing,19
248.5581,-2.941,0,0,0.25431,0,168.07,playing,19
248.5736,-2.941,0,0,0.27217,0,171.58,playing,19
248.5902,-2.941,0,0,0.27217,0,175.37,playing,19
248.6073,-7.8337,0,0,0.27217,0,179.72,playing,19
248.6243,-7.8337,0,0,0.29943,0,184.38,playing,19
248.6414,-18.6705,1,0,0.29943,0,189.36,playing,19
248.6574,-18.6705,0,0,0.29943,0,183.05,playing,19
248.6739,-18.6705,0,0,0.2807,0,177.39,playing,19
248.6902,-6.7348,0,0,0.2807,0,172.01,playing,19
248.7068,-6.7348,0,0,0.2807,0,166.62,playing,19
248.7228,-6.7348,0,0,0.22043,0,161.82,playing,19
248.7389,-1.5884,0,0,0.22043,0,157.31,playing,19
248.7552,-1.5884,0,0,0.22043,0,153.07,dead,19
248.7708,-1.5884,0,0,0.16242,0,149.12,dead,19
248.7868,11.9776,0,0,0.16242,0,145.45,dead,19
248.8029,11.9776,0,0,0.16242,0,142.06,dead,19
248.8185,11.9776,0,0,0.17032,0,138.96,dead,19
248.835,11.9776,0,0,0.17032,0,136.13,dead,19
248.8511,11.9776,0,0,0.17032,0,133.59,dead,19
248.8671,8.2579,0,0,0.19578,0,131.32,dead,19
248.8837,8.2579,0,0,0.19578,0,129.24,dead,19
248.8997,8.2579,0,0,0.19578,0,127.56,dead,19
248.9158,8.2579,0,0,0.17611,0,126.16,dead,19
248.9323,8.2579,0,0,0.17611,0,125.04,dead,19
248.9493,8.2579,0,0,0.17611,0,124.17,dead,19
248.9663,3.8629,0,0,0.19452,0,123.61,dead,19
248.9823,3.8629,0,0,0.19452,0,123.38,dead,19
248.9994,0.4488,0,0,0.19452,0,123.44,dead,19
249.0165,0.4488,0,0,0.26347,1,123.82,dead,19
249.033,0.4488,0,0,0.26347,0,124.52,dead,19
249.049,-0.2171,0,0,0.26347,0,125.46,dead,19
249.0649,-0.2171,0,0,0.25455,0,126.69,dead,19
249.0809,-0.2171,0,0,0.25455,0,128.19,dead,19
249.0965,-1.0988,0,0,0.25455,0,129.98,dead,19
249.1132,-1.0988,0,0,0.2462,0,132.04,dead,19
249.1292,-1.0988,0,0,0.2462,0,134.39,dead,19
249.1465,-1.0988,0,0,0.2462,0,137.21,dead,19
249.1631,-1.0988,0,0,0.26778,0,140.34,dead,19
249.1794,-1.7698,0,0,0.26778,0,143.79,dead,19
249.1964,-1.7698,0,0,0.26778,0,147.31,dead,19
249.2125,-1.7698,0,0,0.29834,0,151.38,dead,19
249.2285,-18.5293,1,0,0.29834,0,155.49,dead,19
249.2456,-18.5293,0,0,0.29834,0,285.0,playing,0
249.2622,-18.5293,0,0,0.30226,0,278.69,playing,0
249.2789,-13.727,0,0,0.30226,0,272.69,playing,0
249.2949,-13.727,0,0,0.30226,0,267.33,playing,0
249.311,-13.727,0,0,0.31082,0,262.26,playing,0
249.3265,-6.8542,0,0,0.31082,0,257.46,playing,0
249.3425,-6.8542,0,0,0.31082,0,252.94,playing,0
249.3591,0.776,0,0,0.22409,0,248.71,playing,0
249.3751,0.776,0,0,0.22409,0,244.76,playing,0
249.3912,0.776,0,0,0.22409,0,241.09,playing,0
249.4083,12.3347,0,0,0.21533,0,237.51,playing,0
249.4248,12.3347,0,0,0.21533,0,234.24,playing,0
249.4414,12.3347,0,0,0.21533,0,231.45,playing,0
249.4579,10.3153,0,0,0.15885,0,228.8,playing,0
249.474,10.3153,0,0,0.15885,0,226.59,playing,0
249.49,10.3153,0,0,0.15885,0,224.67,playing,0
249.5054,7.4738,0,0,0.15146,0,223.02,playing,0
249.5219,7.4738,0,0,0.15146,0,221.66,playing,0
249.5381,7.4738,0,0,0.15146,0,220.57,playing,0
249.5542,7.4738,0,0,0.12004,0,219.77,playing,0
249.5708,7.4738,0,0,0.12004,0,219.24,playing,0
249.5868,5.0542,0,0,0.12004,0,219.02,playing,0
249.6029,5.0542,0,0,0.26716,1,219.08,playing,0
249.6194,5.0542,0,0,0.26716,0,219.42,playing,0
249.6361,0.2078,0,0,0.26716,0,220.1,playing,0
249.6522,0.2078,0,0,0.27844,0,221.02,playing,0
249.6692,0.2078,0,0,0.27844,0,222.32,playing,0
249.6858,-0.4071,0,0,0.27844,0,223.94,playing,0
249.7014,-0.4071,0,0,0.2946,0,225.74,playing,0
249.7179,-0.4071,0,0,0.2946,0,227.83,playing,0
249.7334,-0.7918,0,0,0.2946,0,230.19,playing,0
249.7495,-0.7918,0,0,0.31992,0,232.84,playing,0
249.7665,-1.2262,0,0,0.31992,0,235.77,playing,0
249.7831,-1.2262,0,0,0.31992,0,239.2,playing,0
249.7993,-1.2262,0,0,0.31589,0,242.71,playing,0
249.8164,-1.071,0,0,0.31589,0,246.76,playing,0
249.8325,-1.071,0,0,0.31589,0,251.13,playing,0
249.8492,-1.071,0,0,0.3203,0,255.52,playing,0
249.8662,-1.071,0,0,0.3203,0,260.5,playing,0
249.8827,-1.071,0,0,0.3203,0,265.8,playing,0
249.8984,-13.1972,1,0,0.31987,0,271.07,playing,0
249.9149,-15.5797,0,0,0.31987,0,265.11,playing,0
249.9315,-15.5797,0,0,0.31987,0,259.43,playing,0
249.948,-15.5797,0,0,0.32759,0,253.72,playing,0
249.965,-15.5797,0,0,0.32759,0,248.33,playing,0
249.9806,-15.5797,0,0,0.32759,0,243.53,playing,0
249.9972,-15.5797,0,0,0.26777,0,239.01,playing,0
250.0126,-15.5797,0,0,0.26777,0,234.78,playing,0
250.0291,-15.5797,0,0,0.26777,0,230.83,playing,0
250.0457,12.276,0,0,0.17489,0,226.95,playing,0
250.0622,12.276,0,0,0.17489,0,223.58,playing,0
250.0783,10.9617,0,0,0.17489,0,220.31,playing,0
250.0944,10.9617,0,0,0.1867,0,217.52,playing,0
250.1115,10.9617,0,0,0.1867,0,215.01,playing,0
250.1286,4.9186,0,0,0.1867,0,212.66,playing,0
250.1446,4.9186,0,0,0.14944,0,210.63,playing,0
250.1612,4.9186,0,0,0.14944,0,209.01,playing,0
250.1777,1.7608,0,0,0.14944,0,207.59,playing,0
250.1938,1.7608,0,0,0.25446,1,206.55,playing,0
250.21,1.7608,0,0,0.25446,0,205.78,playing,0
250.2265,-0.4084,0,0,0.25446,0,205.29,playing,0
250.2428,-0.4084,0,0,0.3022,0,205.1,playing,0
250.2592,-0.6273,0,0,0.3022,0,205.19,playing,0
250.2754,-0.6273,0,0,0.3022,0,205.57,playing,0
250.2925,-0.6273,0,0,0.3022,0,206.29,playing,0
250.3096,-0.5083,0,0,0.3022,0,207.33,playing,0
250.3266,-0.5083,0,0,0.3022,0,208.68,playing,0
250.3431,-0.5083,0,0,0.3022,0,210.35,playing,0
250.3592,-0.43,0,0,0.34245,0,212.21,playing,0
250.3763,-0.43,0,0,0.34245,0,214.5,playing,0
250.3929,-0.9077,0,0,0.34245,0,217.11,playing,0
250.4087,-0.9077,0,0,0.34245,0,219.84,playing,0
250.4253,-0.9077,0,0,0.35219,0,222.86,playing,0
250.4419,-15.9686,1,0,0.35219,0,226.39,playing,0
250.4574,-15.9686,0,0,0.35219,0,220.43,playing,0
250.4737,-15.9686,0,0,0.35219,0,214.75,playing,0
250.4903,-9.6516,0,0,0.32241,0,209.36,playing,0
250.5073,-9.6516,0,0,0.32241,0,203.94,playing,0
250.5244,-9.6516,0,0,0.32241,0,198.84,playing,0
250.5409,-6.6359,0,0,0.32241,0,194.07,playing,0
250.5571,-6.6359,0,0,0.33184,0,189.85,playing,0
250.5732,-3.5525,0,0,0.33184,0,185.91,playing,0
250.5903,-3.5525,0,0,0.33184,0,182.05,playing,0
250.6078,-3.5525,0,0,0.33184,0,178.51,playing,0
250.6244,6.7967,0,0,0.15263,0,175.11,playing,0
250.6405,6.7967,0,0,0.15263,0,172.37,playing,0
250.6571,6.7967,0,0,0.15263,0,169.92,playing,0
250.6726,8.9107,0,0,0.14348,0,167.74,playing,0
250.689,8.9107,0,0,0.14348,0,165.85,playing,0
250.7049,8.9107,0,0,0.14348,0,164.24,playing,0
250.7205,8.9107,0,0,0.17033,0,162.91,playing,0
250.737,8.9107,0,0,0.17033,0,161.86,playing,0
250.7526,7.7103,0,0,0.17033,0,161.1,playing,0
250.7692,4.842,0,0,0.14268,0,160.61,playing,0
250.7863,4.842,0,0,0.14268,0,160.41,playing,0
250.8029,4.842,0,0,0.14268,0,160.53,playing,0
250.8184,4.842,0,0,0.14268,0,160.93,playing,0
250.8355,4.842,0,0,0.14268,0,161.61,playing,0
250.8515,0.4582,0,0,0.23534,1,162.64,playing,0
250.8676,0.4582,0,0,0.23534,0,163.9,playing,0
250.8837,0.4582,0,0,0.23534,0,165.44,playing,0
250.9004,-0.4251,0,0,0.30403,0,167.26,playing,0
250.9175,-0.4251,0,0,0.30403,0,169.51,playing,0
250.934,-1.4116,0,0,0.30403,0,172.08,playing,0
250.9502,-1.4116,0,0,0.30403,0,174.78,playing,0
250.9667,-1.4116,0,0,0.31118,0,177.97,playing,0
250.9825,-1.6769,0,0,0.31118,0,181.25,playing,0
250.9991,-1.6769,0,0,0.31118,0,184.82,playing,0
251.0167,-1.6769,0,0,0.31118,0,188.66,playing,0
251.0332,-1.4728,0,0,0.31118,0,193.34,playing,0
251.0498,-1.4728,0,0,0.31118,0,198.08,playing,0
251.0658,-1.4728,0,0,0.31118,0,202.83,playing,0
251.0824,-1.6594,0,0,0.31734,0,207.85,playing,0
251.0989,-1.6594,0,0,0.31734,0,213.51,playing,0
251.1145,-2.2811,0,0,0.33441,0,219.11,playing,0
251.1309,-2.2811,0,0,0.33441,0,225.0,playing,0
251.147,-2.2811,0,0,0.33441,0,231.16,playing,0
251.1632,-6.3642,0,0,0.33441,0,237.61,playing,0
251.1798,-6.3642,0,0,0.33333,0,244.78,playing,0
251.1964,-6.3642,0,0,0.33333,0,251.82,playing,0
251.2134,-16.1678,1,0,0.33333,0,259.6,playing,0
251.2305,-16.1678,0,0,0.31951,0,253.29,playing,0
251.2475,-16.1678,0,0,0.31951,0,247.3,playing,0
251.2645,-16.1678,0,0,0.31951,0,241.62,playing,0
251.2808,-16.1678,0,0,0.29824,0,236.26,playing,0
251.2969,-10.3945,0,0,0.29824,0,231.5,playing,0
251.314,-10.3945,0,0,0.29824,0,226.76,playing,0
251.3307,-10.3945,0,0,0.29824,0,222.58,playing,0
251.3551,2.7981,0,0,0.1963,0,218.45,playing,0
251.3722,10.4937,0,0,0.1963,0,213.08,playing,0
251.3877,13.3026,0,0,0.1963,0,209.92,playing,0
251.4035,13.3026,0,0,0.1963,0,207.04,playing,0
251.4196,13.3026,0,0,0.1963,0,204.44,playing,0
251.4362,10.8765,0,0,0.15198,0,202.13,playing,0
251.4533,10.8765,0,0,0.15198,0,199.98,playing,0
251.4708,10.8765,0,0,0.15198,0,198.16,playing,0
251.4872,4.9542,0,0,0.15198,0,196.65,playing,0
251.504,4.9542,0,0,0.1833,0,195.47,playing,0
251.5202,2.7166,0,0,0.1833,0,194.63,playing,0
251.5373,2.7166,0,0,0.1833,0,194.06,playing,0
251.554,2.7166,0,0,0.16016,0,193.8,playing,0
251.5711,0.4259,0,0,0.16016,0,193.85,playing,0
251.5876,0.4259,0,0,0.16016,0,194.21,playing,0
251.6037,0.4259,0,0,0.31686,1,194.89,playing,0
251.6197,-1.0716,0,0,0.31686,0,195.82,playing,0
251.6358,-1.0716,0,0,0.31686,0,197.02,playing,0
251.6554,-1.7979,0,0,0.31686,0,198.51,playing,0
251.6725,-1.7979,0,0,0.28627,0,200.81,playing,0
251.6892,-1.7979,0,0,0.28627,0,203.08,playing,1
251.7058,-2.5426,0,0,0.28627,0,205.67,playing,1
251.722,-2.5426,0,0,0.28627,0,208.38,playing,1
251.738,-2.5426,0,0,0.28627,0,211.38,playing,1
251.754,-2.437,0,0,0.28627,0,214.67,playing,1
251.7699,-2.437,0,0,0.33344,0,218.23,playing,1
251.7865,-2.437,0,0,0.33344,0,222.07,playing,1
251.8025,-2.3834,0,0,0.33344,0,226.48,playing,1
251.8186,-2.3834,0,0,0.30164,0,230.9,playing,1
251.8351,-6.116,0,0,0.30164,0,235.61,playing,1
251.8508,-6.116,0,0,0.30164,0,240.6,playing,1
251.8668,-6.116,0,0,0.29794,0,245.87,playing,1
251.8834,-17.4351,1,0,0.29794,0,251.42,playing,1
251.8999,-17.4351,0,0,0.29794,0,245.11,playing,1
251.9154,-17.4351,0,0,0.3362,0,239.45,playing,1
251.9323,8.9355,0,0,0.3362,0,234.07,playing,1
251.9494,8.9355,0,0,0.3362,0,228.68,playing,1
251.966,8.9355,0,0,0.18446,0,223.6,playing,1
251.9829,-0.7081,0,0,0.18446,0,218.84,playing,1
251.999,-0.7081,0,0,0.18446,0,214.64,playing,1
252.0143,8.1384,0,0,0.19161,0,210.72,playing,1
252.0314,8.1384,0,0,0.19161,0,207.09,playing,1
252.0474,8.1384,0,0,0.19161,0,203.54,playing,1
252.064,5.7847,0,0,0.18355,0,200.49,playing,1
252.0796,5.7847,0,0,0.18355,0,197.72,playing,1
252.0962,5.7847,0,0,0.18355,0,195.22,playing,1
252.1134,1.5382,0,0,0.18355,0,192.9,playing,1
252.1295,1.5382,0,0,0.15457,0,190.88,playing,1
252.1456,1.5382,0,0,0.15457,0,189.27,playing,1
252.1621,0.2852,0,0,0.15457,0,187.94,playing,1
252.1777,0.2852,0,0,0.22297,1,186.9,playing,1
252.1938,-0.2386,0,0,0.22297,0,186.13,playing,1
252.2101,-0.2386,0,0,0.22297,0,185.64,playing,1
252.2267,-0.2386,0,0,0.28571,0,185.45,playing,1
252.2479,-0.9757,0,0,0.28571,0,185.54,playing,1
252.2641,-0.9757,0,0,0.28571,0,186.15,playing,1
252.2799,-0.9757,0,0,0.28571,0,186.9,playing,1
252.2979,-1.353,0,0,0.27282,0,187.93,playing,1
252.3143,-1.353,0,0,0.27282,0,189.44,playing,1
252.3303,-1.8821,0,0,0.27282,0,191.19,playing,1
252.3468,-1.8821,0,0,0.27282,0,193.12,playing,1
252.3623,-1.8821,0,0,0.27282,0,195.33,playing,1
252.3788,-1.4908,0,0,0.29091,0,197.82,playing,1
252.3954,-1.4908,0,0,0.29091,0,200.59,playing,1
252.4125,-1.4908,0,0,0.29091,0,203.85,playing,1
252.4286,-1.5442,0,0,0.29091,0,207.43,playing,1
252.4446,-1.5442,0,0,0.2724,0,211.08,playing,1
252.4607,-1.5442,0,0,0.2724,0,215.01,playing,1
252.4767,-1.5461,0,0,0.2724,0,219.23,playing,1
252.4933,-1.5461,0,0,0.28673,0,223.72,playing,1
252.5098,-3.8339,0,0,0.28673,0,228.82,playing,1
252.5263,-3.8339,0,0,0.28673,0,233.9,playing,1
252.543,-3.8339,0,0,0.30776,0,239.61,playing,1
252.5591,-8.0314,1,0,0.30776,0,245.27,playing,1
252.5751,-8.0314,0,0,0.30776,0,239.31,playing,1
252.5922,-8.0314,0,0,0.30776,0,233.29,playing,1
252.6088,-4.1985,0,0,0.30776,0,227.6,playing,1
252.625,-4.1985,0,0,0.30696,0,222.52,playing,1
252.6416,-4.1985,0,0,0.30696,0,217.72,playing,1
252.6583,0.5879,0,0,0.30696,0,212.94,playing,1
252.6753,0.5879,0,0,0.21877,0,208.48,playing,1
252.6924,0.5879,0,0,0.21877,0,204.34,playing,1
252.7086,0.5879,0,0,0.21877,0,200.52,playing,1
252.7248,0.5879,0,0,0.2804,0,197.2,playing,1
252.7409,10.5161,0,0,0.2804,0,194.16,playing,1
252.7571,10.5161,0,0,0.2804,0,191.41,playing,1
252.7732,10.5161,0,0,0.18103,0,188.93,playing,1
252.7897,3.8838,0,0,0.18103,0,186.62,playing,1
252.8058,3.8838,0,0,0.18103,0,184.73,playing,1
252.8219,3.8838,0,0,0.18408,0,183.12,playing,1
252.8375,1.7955,0,0,0.18408,0,181.79,playing,1
252.8535,1.7955,0,0,0.18408,0,180.74,playing,1
252.8701,0.9904,0,0,0.2278,1,179.97,playing,1
252.8856,0.9904,0,0,0.2278,0,179.49,playing,1
252.9017,0.9904,0,0,0.2278,0,179.29,playing,1
252.9179,0.9904,0,0,0.27679,0,179.36,playing,1
252.9339,0.9904,0,0,0.27679,0,179.72,playing,1
252.95,0.9904,0,0,0.27679,0,180.37,playing,1
252.9665,-0.5631,0,0,0.28123,0,181.29,playing,1
252.9835,-0.5631,0,0,0.28123,0,182.59,playing,1
253.0006,-1.0053,0,0,0.28123,0,184.2,playing,1
253.0172,-1.1812,0,0,0.29881,0,186.14,playing,1
253.0338,-1.1812,0,0,0.29881,0,188.39,playing,1
253.0498,-1.8319,0,0,0.29881,0,190.79,playing,1
253.066,-1.8319,0,0,0.30413,0,193.48,playing,1
253.0817,-1.8319,0,0,0.30413,0,196.44,playing,1
253.0983,-1.7002,0,0,0.30413,0,199.69,playing,1
253.1149,-1.7002,0,0,0.30508,0,203.45,playing,1
253.1314,-1.7002,0,0,0.30508,0,207.28,dead,1
253.1475,-1.6996,0,0,0.30508,0,211.67,dead,1
253.1637,-1.6996,0,0,0.32175,0,216.07,dead,1
253.1799,-1.6996,0,0,0.32175,0,220.76,dead,1
253.1964,-1.0526,0,0,0.32175,0,225.74,dead,1
253.2134,-1.0526,0,0,0.32494,0,231.34,dead,1
253.2303,-6.293,0,0,0.32494,0,237.25,dead,1
253.2474,-6.293,0,0,0.32494,0,243.49,dead,1
253.2646,-6.293,0,0,0.29825,0,250.04,dead,1
253.2807,-17.9579,1,0,0.29825,0,256.91,dead,1
253.2969,-17.9579,0,0,0.29825,0,285.0,playing,0
253.3139,-17.9579,0,0,0.28094,0,279.04,playing,0
253.3285,-5.9411,0,0,0.28094,0,273.36,playing,0
253.345,-5.9411,0,0,0.28094,0,267.97,playing,0
253.3609,-5.9411,0,0,0.28923,0,262.86,playing,0
253.377,5.9191,0,0,0.28923,0,258.02,playing,0
253.3927,5.9191,0,0,0.28923,0,253.47,playing,0
253.4094,11.7258,0,0,0.14325,0,249.2,playing,0
253.4259,11.7258,0,0,0.14325,0,244.99,playing,0
253.4415,11.7258,0,0,0.14325,0,241.3,playing,0
253.4577,7.6723,0,0,0.15495,0,237.89,playing,0
253.4742,7.6723,0,0,0.15495,0,234.77,playing,0
253.4908,7.6723,0,0,0.15495,0,231.77,playing,0
253.5074,4.9745,0,0,0.141,0,229.22,playing,0
253.5234,4.9745,0,0,0.141,0,226.84,playing,0
253.5395,4.9745,0,0,0.141,0,224.87,playing,0
253.556,4.9745,0,0,0.19512,0,223.19,playing,0
253.572,4.9745,0,0,0.19512,0,221.79,playing,0
253.5881,4.9745,0,0,0.19512,0,220.67,playing,0
253.6039,0.2365,0,0,0.21282,1,219.84,playing,0
253.6207,0.2365,0,0,0.21282,0,219.28,playing,0
253.6373,0.2365,0,0,0.21282,0,219.01,playing,0
253.6538,0.2365,0,0,0.2604,0,219.06,playing,0
253.6703,0.2365,0,0,0.2604,0,219.38,playing,0
253.687,-0.5315,0,0,0.2604,0,220.04,playing,0
253.7036,-0.5315,0,0,0.26849,0,220.95,playing,0
253.7196,-0.5315,0,0,0.26849,0,222.23,playing,0
253.7357,-0.9191,0,0,0.26849,0,223.72,playing,0
253.7518,-0.9191,0,0,0.29101,0,225.48,playing,0
253.7682,-1.1995,0,0,0.29101,0,227.53,playing,0
253.7853,-1.1995,0,0,0.29101,0,230.03,playing,0
253.8014,-1.1995,0,0,0.29101,0,232.84,playing,0
253.818,-1.1995,0,0,0.28618,0,235.77,playing,0
253.834,-1.1995,0,0,0.28618,0,238.98,playing,0
253.8497,-1.1995,0,0,0.28618,0,242.48,playing,0
253.8659,-1.0612,0,0,0.32192,0,246.25,playing,0
253.882,-1.0612,0,0,0.32192,0,250.31,playing,0
253.8976,-1.0612,0,0,0.32192,0,254.64,playing,0
253.9142,-0.6275,0,0,0.30163,0,259.26,playing,0
253.9305,-0.6275,0,0,0.30163,0,264.49,playing,0
253.947,-0.6275,0,0,0.30163,0,269.69,playing,0
253.9625,-0.6275,0,0,0.31003,0,275.17,playing,0
253.979,-0.6275,0,0,0.31003,0,280.93,playing,0
253.9951,-17.4147,1,0,0.31003,0,286.98,playing,0
254.0106,-17.4147,0,0,0.31003,0,281.02,playing,0
254.0267,-17.4147,0,0,0.33929,0,275.34,playing,0
254.0435,-3.5096,0,0,0.33929,0,269.95,playing,0
254.0601,-3.5096,0,0,0.33929,0,264.53,playing,0
254.0767,-3.5096,0,0,0.31558,0,259.44,playing,0
254.0933,4.6799,0,0,0.31558,0,254.92,playing,0
254.1095,4.6799,0,0,0.31558,0,250.44,playing,0
254.1254,4.6799,0,0,0.18934,0,246.51,playing,0
254.1415,9.438,0,0,0.18934,0,242.85,playing,0
254.1581,9.438,0,0,0.18934,0,239.48,playing,0
254.1772,7.7423,0,0,0.18934,0,236.39,playing,0
254.1937,7.7423,0,0,0.15047,0,232.97,playing,0
254.2098,7.7423,0,0,0.15047,0,230.52,playing,0
254.2263,1.6939,0,0,0.15047,0,228.34,playing,0
254.2429,1.6939,0,0,0.16032,0,226.35,playing,0
254.2592,1.6939,0,0,0.16032,0,224.76,playing,0
254.2754,0.5598,0,0,0.16032,0,223.38,playing,0
254.292,0.5598,0,0,0.16032,0,222.37,playing,0
254.3102,-0.5341,0,0,0.19786,0,221.64,playing,0
254.3272,-0.5341,0,0,0.19786,0,221.17,playing,0
254.3438,-0.5341,0,0,0.19786,0,221.06,playing,0
254.3599,-1.3056,0,0,0.25413,1,221.25,playing,0
254.376,-1.3056,0,0,0.25413,0,221.71,playing,0
254.3921,-1.3056,0,0,0.25413,0,222.46,playing,0
254.4077,-1.3402,0,0,0.28123,0,223.49,playing,0
254.4238,-1.3402,0,0,0.28123,0,224.8,playing,0
254.4418,-1.3402,0,0,0.28123,0,226.39,playing,0
254.4579,-1.0661,0,0,0.3022,0,228.54,playing,0
254.4739,-1.0661,0,0,0.3022,0,230.73,playing,0
254.4895,-0.7924,0,0,0.3022,0,233.2,playing,0
254.5056,-0.7924,0,0,0.31167,0,235.95,playing,0
254.5216,-0.7924,0,0,0.31167,0,238.99,playing,0
254.5377,-0.355,0,0,0.31167,0,242.3,playing,0
254.5543,-0.355,0,0,0.31072,0,245.9,playing,0
254.5712,-0.355,0,0,0.31072,0,250.04,playing,0
254.5893,-0.702,0,0,0.31072,0,254.5,playing,0
254.6058,-0.702,0,0,0.35345,0,259.58,playing,0
254.6219,-1.0209,0,0,0.35345,0,264.38,playing,0
254.6386,-1.3288,0,0,0.35345,0,269.45,playing,0
254.6551,-1.3288,0,0,0.35137,0,275.17,playing,0
254.6719,-9.8628,0,0,0.35137,0,281.2,playing,0
254.6901,-9.8628,0,0,0.35137,0,287.15,playing,0
254.7068,-9.8628,0,0,0.29302,0,294.62,playing,0
254.7233,-11.4146,1,0,0.29302,0,301.2,playing,0
254.7416,-11.4146,0,0,0.29302,0,294.88,playing,0
254.7586,0.8172,0,0,0.29675,0,288.23,playing,0
254.7746,0.8172,0,0,0.29675,0,282.9,playing,0
254.7907,0.8172,0,0,0.30288,0,277.86,playing,0
254.8074,0.8172,0,0,0.30288,0,273.1,playing,0
254.824,0.8172,0,0,0.30288,0,268.35,playing,0
254.8402,0.8172,0,0,0.30288,0,264.17,playing,0
254.8573,4.3587,0,0,0.24092,0,260.05,playing,0
254.8738,4.3587,0,0,0.24092,0,256.24,playing,0
254.8905,4.3587,0,0,0.24092,0,252.94,playing,0
254.9076,8.7145,0,0,0.16227,0,249.75,playing,0
254.9241,8.7145,0,0,0.16227,0,246.88,playing,0
254.9412,7.2699,0,0,0.16227,0,244.33,playing,0
254.9582,7.2699,0,0,0.10621,0,242.09,playing,0
254.9743,7.2699,0,0,0.10621,0,240.18,playing,0
254.9908,5.1477,0,0,0.10621,0,238.65,playing,0
255.0073,5.1477,0,0,0.15918,0,237.41,playing,0
255.0238,5.1477,0,0,0.15918,0,236.41,playing,0
255.0399,1.7008,0,0,0.15918,0,235.75,playing,0
255.0564,1.7008,0,0,0.21956,1,235.37,playing,0
255.0715,1.7008,0,0,0.21956,0,235.27,playing,0
255.0885,0.8832,0,0,0.21956,0,235.46,playing,0
255.1051,0.8832,0,0,0.21435,0,235.97,playing,0
255.1217,-0.715,0,0,0.21435,0,236.8,playing,0
255.1383,-0.715,0,0,0.25862,0,237.86,playing,0
255.1549,-0.715,0,0,0.25862,0,239.31,playing,0
255.1704,-1.2282,0,0,0.25862,0,240.96,playing,0
255.1876,-1.2282,0,0,0.28653,0,242.88,playing,0
255.2038,-1.2282,0,0,0.28653,0,245.25,playing,0
255.2205,-1.961,0,0,0.28653,0,247.76,playing,0
255.2371,-1.961,0,0,0.28653,0,250.74,playing,0
255.2532,-2.8747,0,0,0.30761,0,253.83,playing,0
255.2702,-2.8747,0,0,0.30761,0,257.43,playing,0
255.2871,-2.8747,0,0,0.30761,0,261.34,playing,0
255.3027,-2.7565,0,0,0.29655,0,265.31,playing,0
255.3187,-2.7565,0,0,0.29655,0,269.56,playing,0
255.3349,-2.7565,0,0,0.29655,0,274.09,playing,0
255.3515,-1.6556,0,0,0.30403,0,278.9,playing,0
255.3685,-1.6556,0,0,0.30403,0,284.33,playing,0
255.3851,-1.6556,0,0,0.30403,0,290.08,playing,0
255.4011,-2.8031,0,0,0.30509,0,295.78,playing,0
255.4177,-2.8031,0,0,0.30509,0,302.14,playing,0
255.4338,-9.8144,1,0,0.30509,0,308.42,playing,0
255.4499,-9.8144,0,0,0.32797,0,302.46,playing,0
255.4664,-9.8144,0,0,0.32797,0,296.78,playing,0
255.4825,-5.3216,0,0,0.32797,0,291.07,playing,0
255.4991,-5.3216,0,0,0.27273,0,285.97,playing,0
255.5146,-5.3216,0,0,0.27273,0,281.16,playing,0
255.5312,-1.8296,0,0,0.27273,0,276.63,playing,0
255.5467,-1.8296,0,0,0.14031,0,272.37,playing,0
255.5627,-1.8296,0,0,0.14031,0,268.4,playing,0
255.5793,13.9657,0,0,0.14031,0,264.72,playing,0
255.5963,13.9657,0,0,0.18518,0,261.12,playing,0
255.6137,15.8806,0,0,0.18518,0,257.83,playing,0
255.6302,15.8806,0,0,0.18518,0,254.87,playing,0
255.6467,15.8806,0,0,0.15693,0,252.22,playing,0
255.6633,8.48,0,0,0.15693,0,250.01,playing,0
255.6808,8.48,0,0,0.15693,0,247.98,playing,0
255.6984,8.48,0,0,0.15992,0,246.19,playing,0
255.715,5.1388,0,0,0.15992,0,244.81,playing,0
255.7313,5.1388,0,0,0.15992,0,243.8,playing,0
255.7483,3.0553,0,0,0.15356,0,243.04,playing,1
255.7648,3.0553,0,0,0.15356,0,242.6,playing,1
255.7809,3.0553,0,0,0.24166,1,242.47,playing,1
255.7972,-0.7385,0,0,0.24166,0,242.62,playing,1
255.8142,-0.7385,0,0,0.24166,0,243.09,playing,1
255.8313,-0.7385,0,0,0.24166,0,243.89,playing,1
255.8482,-0.7385,0,0,0.28571,0,245.0,playing,1
255.8647,-0.7385,0,0,0.28571,0,246.43,playing,1
255.8815,-0.7385,0,0,0.28571,0,248.06,playing,1
255.8977,-2.876,0,0,0.30154,0,250.1,playing,1
255.9133,-2.876,0,0,0.30154,0,252.31,playing,1
255.9304,-2.8486,0,0,0.30154,0,254.8,playing,1
255.947,-2.8486,0,0,0.30154,0,257.76,playing,1
255.9631,-2.8486,0,0,0.30154,0,260.84,playing,1
255.9786,-2.8365,0,0,0.30154,0,264.19,playing,1
255.9946,-2.8365,0,0,0.28079,0,267.82,playing,1
256.0114,-2.8365,0,0,0.28079,0,271.74,playing,1
256.0279,-1.9173,0,0,0.28079,0,276.21,playing,1
256.044,-1.9173,0,0,0.29044,0,280.71,playing,1
256.06,-1.9173,0,0,0.29044,0,285.49,playing,1
256.0757,-2.1055,0,0,0.29044,0,290.55,playing,1
256.0918,-2.1055,0,0,0.33121,0,295.89,playing,1
256.1081,-2.1055,0,0,0.33121,0,301.51,playing,1
256.1234,-10.5433,0,0,0.33121,0,307.41,playing,1
256.14,-10.5433,0,0,0.33121,0,313.6,playing,1
256.1563,-16.138,1,0,0.3361,0,320.07,playing,1
256.1733,-16.138,0,0,0.3361,0,313.75,playing,1
256.1899,-16.138,0,0,0.3361,0,307.76,playing,1
256.2061,-16.138,0,0,0.31438,0,302.4,playing,1
256.222,-16.138,0,0,0.31438,0,297.32,playing,1
256.2377,-16.138,0,0,0.31438,0,292.52,playing,1
256.2533,-2.1446,0,0,0.31438,0,288.01,playing,1
256.27,-2.1446,0,0,0.28125,0,283.78,playing,1
256.286,-2.1446,0,0,0.28125,0,279.82,playing,1
256.3021,9.619,0,0,0.28125,0,276.15,playing,1
256.3181,9.619,0,0,0.1592,0,272.76,playing,1
256.3337,13.1859,0,0,0.1592,0,269.66,playing,1
256.3497,13.1859,0,0,0.1592,0,266.83,playing,1
256.3663,13.1859,0,0,0.1592,0,264.29,playing,1
256.3828,9.2552,0,0,0.14496,0,261.9,playing,1
256.3988,9.2552,0,0,0.14496,0,259.94,playing,1
256.4154,9.2552,0,0,0.14496,0,258.26,playing,1
256.4321,6.3022,0,0,0.15016,0,256.79,playing,1
256.4487,6.3022,0,0,0.15016,0,255.64,playing,1
256.4648,6.3022,0,0,0.15016,0,254.84,playing,1
256.4822,6.3022,0,0,0.15016,0,254.32,playing,1
256.4993,6.3022,0,0,0.18248,0,254.09,playing,1
256.5157,0.5393,0,0,0.18248,0,254.19,playing,1
256.5334,0.5393,0,0,0.18248,0,254.61,playing,1
256.55,0.5393,0,0,0.20747,1,255.35,playing,1
256.5666,-1.8065,0,0,0.20747,0,256.32,playing,1
256.5831,-1.8065,0,0,0.20747,0,257.68,playing,1
256.5987,-1.8065,0,0,0.20747,0,259.24,playing,1
256.6144,-2.2059,0,0,0.26305,0,261.07,playing,1
256.631,-2.2059,0,0,0.26305,0,263.19,playing,1
256.6475,-2.4337,0,0,0.26305,0,265.6,playing,1
256.664,-2.3987,0,0,0.28005,0,268.47,playing,1
256.6801,-2.3987,0,0,0.28005,0,271.45,playing,1
256.6956,-2.6525,0,0,0.28005,0,274.71,playing,1
256.7122,-2.6525,0,0,0.28079,0,278.26,playing,1
256.7292,-2.6525,0,0,0.28079,0,282.34,playing,1
256.7473,-2.4552,0,0,0.28079,0,286.75,playing,1
256.7643,-2.4552,0,0,0.28932,0,291.76,playing,1
256.7808,-2.4552,0,0,0.28932,0,296.82,playing,1
256.7969,-16.689,1,0,0.29455,0,301.86,playing,1
256.813,-16.689,0,0,0.29455,0,295.9,playing,1
256.8291,-10.1615,0,0,0.29455,0,290.23,playing,1
256.8446,-10.1615,0,0,0.29455,0,284.83,playing,1
256.8607,-10.1615,0,0,0.29881,0,279.72,playing,1
256.8768,5.4739,0,0,0.29881,0,274.89,playing,1
256.8928,5.4739,0,0,0.29881,0,270.34,playing,1
256.9094,5.4739,0,0,0.16826,0,266.07,playing,1
256.9254,11.0446,0,0,0.16826,0,261.85,playing,1
256.9425,11.0446,0,0,0.16826,0,258.16,playing,1
256.9585,11.0446,0,0,0.13282,0,254.56,playing,1
256.9746,10.535,0,0,0.13282,0,251.45,playing,1
256.9911,10.535,0,0,0.13282,0,248.63,playing,1
257.0082,7.8485,0,0,0.13282,0,245.94,playing,1
257.0237,5.1827,0,0,0.13282,0,243.7,playing,1
257.0402,5.1827,0,0,0.13282,0,241.74,playing,1
257.0569,3.2182,0,0,0.15356,0,239.97,playing,1
257.0734,3.2182,0,0,0.15356,0,238.59,playing,1
257.0901,3.2182,0,0,0.15356,0,237.44,playing,1
257.1061,0.9272,0,0,0.14888,0,236.63,playing,1
257.1232,0.9272,0,0,0.14888,0,236.1,playing,1
257.1402,0.9272,0,0,0.14888,0,235.88,playing,1
257.1568,0.2266,0,0,0.19515,0,235.99,playing,1
257.1729,0.2266,0,0,0.19515,0,236.36,playing,1
257.1894,-0.1692,0,0,0.19515,0,237.02,playing,1
257.206,-0.1692,0,0,0.29511,1,238.04,playing,1
257.2215,-0.1692,0,0,0.29511,0,239.28,playing,1
257.2376,-1.1217,0,0,0.29511,0,240.8,playing,1
257.2536,-1.1217,0,0,0.2677,0,242.61,playing,1
257.2696,-1.1217,0,0,0.2677,0,244.69,playing,1
257.2857,-1.0912,0,0,0.2677,0,247.06,playing,1
257.3018,-1.0912,0,0,0.26846,0,249.7,playing,1
257.3183,-1.0912,0,0,0.26846,0,252.63,playing,1
257.3356,-1.138,0,0,0.26846,0,256.07,playing,1
257.3518,-1.138,0,0,0.26846,0,259.81,playing,1
257.3696,-1.4906,0,0,0.26846,0,263.62,playing,1
257.3856,-1.4906,0,0,0.26846,0,268.27,playing,1
257.4018,-1.4906,0,0,0.26846,0,272.67,playing,1
257.4184,-1.4906,0,0,0.28986,0,277.67,playing,1
257.4348,-1.4906,0,0,0.28986,0,282.66,playing,1
257.4513,-1.4906,0,0,0.28986,0,287.93,playing,1
257.4679,-14.6139,1,0,0.28986,0,293.85,playing,1
257.4833,-14.6139,0,0,0.29032,0,287.89,playing,1
257.4998,-14.6139,0,0,0.29032,0,282.22,playing,1
257.5159,-15.7199,0,0,0.29032,0,276.82,playing,1
257.532,-15.7199,0,0,0.29511,0,271.71,playing,1
257.5475,-8.4306,0,0,0.29511,0,266.88,playing,1
257.5641,-5.2128,0,0,0.29511,0,262.33,playing,1
257.5797,-5.2128,0,0,0.27241,0,258.06,playing,1
257.5962,-1.9993,0,0,0.27241,0,254.07,playing,2
257.6133,-1.9993,0,0,0.27241,0,250.15,playing,2
257.6293,-1.9993,0,0,0.20257,0,246.55,playing,2
257.6456,1.0371,0,0,0.20257,0,243.44,playing,2
257.6621,1.0371,0,0,0.20257,0,240.62,playing,2
257.6781,1.0371,0,0,0.19269,0,238.07,playing,2
257.6954,16.316,0,0,0.19269,0,235.69,playing,2
257.7124,16.316,0,0,0.19269,0,233.62,playing,2
257.7295,14.0211,0,0,0.19269,0,231.87,playing,2
257.7476,14.0211,0,0,0.19269,0,230.44,playing,2
257.7634,14.0211,0,0,0.18093,0,229.28,playing,2
257.7795,14.0211,0,0,0.18093,0,228.53,playing,2
257.7955,14.0211,0,0,0.18093,0,228.07,playing,2
257.8126,14.0211,0,0,0.21448,1,227.88,playing,2
257.8296,4.0351,0,0,0.21448,0,228.0,playing,2
257.8462,4.0351,0,0,0.21448,0,228.44,playing,2
257.8617,4.0351,0,0,0.18279,0,229.13,playing,2
257.8773,2.3238,0,0,0.18279,0,230.11,playing,2
257.8944,2.3238,0,0,0.18279,0,231.37,playing,2
257.9114,-0.271,0,0,0.17422,0,233.02,playing,2
257.9285,-0.271,0,0,0.17422,0,234.99,playing,2
257.9446,-0.271,0,0,0.17422,0,237.28,playing,2
257.9606,-1.2165,0,0,0.28901,0,239.72,playing,2
257.9766,-1.2165,0,0,0.28901,0,242.44,playing,2
257.9932,-1.2165,0,0,0.28901,0,245.44,playing,2
258.0102,-2.2871,0,0,0.28901,0,248.94,playing,2
258.0268,-2.2871,0,0,0.28901,0,252.77,playing,2
258.0433,-2.2871,0,0,0.28901,0,256.65,playing,2
258.0598,-2.2871,0,0,0.27745,0,261.09,playing,2
258.0759,-2.2871,0,0,0.27745,0,265.55,playing,2
258.0924,-2.9235,0,0,0.27745,0,270.29,playing,2
258.109,-2.9235,0,0,0.29081,0,275.65,playing,2
258.125,-2.9235,0,0,0.29081,0,280.97,playing,2
258.1405,-2.8398,0,0,0.29081,0,286.58,playing,2
258.1571,-2.8398,0,0,0.28126,0,292.46,playing,2
258.1731,-2.8398,0,0,0.28126,0,298.63,playing,2
258.1897,-8.5447,0,0,0.28126,0,305.5,playing,2
258.2062,-8.5447,0,0,0.31073,0,312.25,playing,2
258.2232,-17.5704,1,0,0.31073,0,319.74,playing,2
258.2403,-17.5704,0,0,0.31073,0,313.43,playing,2
258.2567,-17.5704,0,0,0.29897,0,307.43,playing,2
258.2727,-17.5704,0,0,0.29897,0,302.07,playing,2
258.2886,-17.5704,0,0,0.29897,0,296.99,playing,2
258.3052,-17.5704,0,0,0.20391,0,292.2,playing,2
258.3224,9.8295,0,0,0.20391,0,287.42,playing,2
258.3395,9.8295,0,0,0.20391,0,282.96,playing,2
258.3555,9.8295,0,0,0.20391,0,278.81,playing,2
258.3722,9.8295,0,0,0.19385,0,275.2,playing,2
258.3887,9.8295,0,0,0.19385,0,271.67,playing,2
258.4053,14.6492,0,0,0.19385,0,268.63,playing,2
258.4223,14.6492,0,0,0.19385,0,265.73,playing,2
258.4389,14.6492,0,0,0.19385,0,263.13,playing,2
258.4555,9.3682,0,0,0.19385,0,260.98,playing,2
258.4726,9.3682,0,0,0.19385,0,259.0,playing,2
258.4887,9.3682,0,0,0.19385,0,257.35,playing,2
258.5048,3.7293,0,0,0.19385,0,256.07,playing,2
258.5225,3.7293,0,0,0.17205,0,255.08,playing,2
258.5393,1.753,0,0,0.17205,0,254.31,playing,2
258.5559,1.753,0,0,0.17205,0,253.91,playing,2
258.5726,1.753,0,0,0.17205,0,253.81,playing,2
258.5886,-0.1983,0,0,0.17846,0,254.03,playing,2
258.605,-0.1983,0,0,0.17846,0,254.51,playing,2
258.6222,-0.1983,0,0,0.17846,1,255.27,playing,2
258.6394,-0.9342,0,0,0.31862,0,256.49,playing,2
258.6564,-0.9342,0,0,0.31862,0,257.96,playing,2
258.6734,-2.303,0,0,0.31862,0,259.74,playing,2
258.69,-2.303,0,0,0.29655,0,261.85,playing,2
258.7061,-2.303,0,0,0.29655,0,264.11,playing,2
258.7227,-2.1727,0,0,0.29655,0,266.65,playing,2
258.7393,-2.1727,0,0,0.29655,0,269.67,playing,2
258.7562,-2.1727,0,0,0.30517,0,273.01,playing,2
258.773,-2.8029,0,0,0.30517,0,276.66,playing,2
258.7888,-2.8029,0,0,0.30517,0,280.38,playing,2
258.8043,-2.8029,0,0,0.28562,0,284.39,playing,2
258.8209,-2.5183,0,0,0.28562,0,288.67,playing,2
258.8369,-2.5183,0,0,0.28562,0,293.24,playing,2
258.853,-1.9333,0,0,0.29337,0,298.09,playing,2
258.8691,-1.9333,0,0,0.29337,0,303.21,playing,2
258.8845,-1.9333,0,0,0.29337,0,308.63,playing,2
258.9011,-14.8805,1,0,0.31579,0,314.32,playing,2
258.9182,-14.8805,0,0,0.31579,0,308.01,playing,2
258.9353,-14.8805,0,0,0.31579,0,302.01,playing,2
258.952,-9.6168,0,0,0.3395,0,296.34,playing,2
258.9683,-9.6168,0,0,0.3395,0,291.28,playing,2
258.9848,-9.6168,0,0,0.3395,0,286.22,playing,2
259.0004,-1.5862,0,0,0.20905,0,281.74,playing,2
259.0169,-1.5862,0,0,0.20905,0,277.54,playing,2
259.033,7.0709,0,0,0.20905,0,273.62,playing,2
259.049,7.0709,0,0,0.20905,0,269.99,playing,2
259.0643,7.0709,0,0,0.227,0,266.63,playing,2
259.0813,14.161,0,0,0.227,0,263.56,playing,2
259.0974,14.161,0,0,0.227,0,260.61,playing,2
259.1139,14.161,0,0,0.16603,0,258.12,playing,2
259.1304,9.6777,0,0,0.16603,0,255.91,playing,2
259.1475,9.6777,0,0,0.16603,0,253.88,playing,2
259.1641,9.6777,0,0,0.25059,1,252.17,playing,2
259.1804,6.6735,0,0,0.25059,0,250.84,playing,2
259.1971,6.6735,0,0,0.25059,0,249.75,playing,2
259.2132,4.1286,0,0,0.24991,0,249.0,playing,2
259.2302,2.0277,0,0,0.24991,0,248.52,playing,2
259.2468,2.0277,0,0,0.24991,0,248.36,playing,2
259.2629,0.4376,0,0,0.26807,0,248.49,playing,2
259.2791,0.4376,0,0,0.26807,0,248.9,playing,2
259.2957,0.4376,0,0,0.26807,0,249.66,playing,2
259.3127,-0.5594,0,0,0.26807,0,250.65,playing,2
259.3288,-0.5594,0,0,0.26905,0,252.03,playing,2
259.3451,-0.5594,0,0,0.26905,0,253.6,playing,2
259.3622,-2.0016,0,0,0.26905,0,255.59,playing,2
259.3781,-2.0016,0,0,0.2931,0,257.75,playing,2
259.3937,-2.0326,0,0,0.2931,0,260.19,playing,2
259.4106,-2.0326,0,0,0.2931,0,262.9,playing,2
259.4266,-2.0326,0,0,0.3125,0,266.11,playing,2
259.4433,-3.5928,0,0,0.3125,0,269.41,playing,3
259.46,-3.5928,0,0,0.3125,0,273.23,playing,3
259.4755,-3.5928,0,0,0.30172,0,277.11,playing,3
259.4931,-3.5928,0,0,0.30172,0,281.27,dead,3
259.5087,-3.5928,0,0,0.30172,0,286.01,dead,3
259.5247,-3.5928,0,0,0.35088,0,290.76,dead,3
259.5413,-5.7981,0,0,0.35088,0,295.78,dead,3
259.5579,-5.7981,0,0,0.35088,0,301.44,dead,3
259.5744,-11.7897,1,0,0.33974,0,307.04,dead,3
259.591,-11.7897,0,0,0.33974,0,285.0,playing,0
259.607,-11.7897,0,0,0.33974,0,279.04,playing,0
259.6236,-5.6655,0,0,0.33027,0,273.36,playing,0
259.6402,-5.6655,0,0,0.33027,0,267.65,playing,0
259.6583,-5.6655,0,0,0.33027,0,262.26,playing,0
259.6748,6.3356,0,0,0.26716,0,256.9,playing,0
259.6908,6.3356,0,0,0.26716,0,252.42,playing,0
259.7079,-3.3934,0,0,0.16826,0,248.22,playing,0
259.7254,-3.3934,0,0,0.16826,0,243.85,playing,0
259.742,-3.3934,0,0,0.16826,0,240.05,playing,0
259.759,-1.1978,0,0,0.16826,0,236.75,playing,0
259.7756,-1.1978,0,0,0.18113,0,233.39,playing,0
259.7927,-1.1978,0,0,0.18113,0,230.69,playing,0
259.8093,-1.1978,0,0,0.18113,0,228.13,playing,0
259.8258,-1.1978,0,0,0.18183,0,225.9,playing,0
259.8423,0.1224,0,0,0.18183,0,224.08,playing,0
259.8604,15.4275,0,0,0.18183,0,222.46,playing,0
259.877,15.4275,0,0,0.14787,0,221.1,playing,0
259.8936,9.4481,0,0,0.14787,0,220.18,playing,0
259.9102,9.4481,0,0,0.17131,0,219.51,playing,0
259.9267,9.4481,0,0,0.17131,0,219.16,playing,0
259.9433,5.7335,0,0,0.17131,0,219.12,playing,0
259.9603,5.7335,0,0,0.14774,0,219.39,playing,0
259.9769,1.5555,0,0,0.14774,0,219.98,playing,0
259.9929,1.5555,0,0,0.14774,0,220.81,playing,0
260.0089,1.5555,0,0,0.14811,0,221.93,playing,0
260.0247,-0.7345,0,0,0.14811,0,223.33,playing,0
260.0412,-0.7345,0,0,0.14811,0,225.01,playing,0
260.0578,-0.7345,0,0,0.21791,1,227.11,playing,0
260.0744,-1.6896,0,0,0.21791,0,229.37,playing,0
260.0915,-1.6896,0,0,0.21791,0,232.09,playing,0
260.1081,-1.6896,0,0,0.24648,0,235.13,playing,0
260.1252,-2.6028,0,0,0.24648,0,238.49,playing,0
260.1418,-2.6028,0,0,0.24648,0,242.16,playing,0
260.1583,-2.7498,0,0,0.31897,0,245.9,playing,0
260.1749,-2.7498,0,0,0.31897,0,250.19,playing,0
260.1929,-2.7498,0,0,0.31897,0,254.51,playing,0
260.21,-2.7805,0,0,0.32759,0,260.04,playing,0
260.2261,-2.7805,0,0,0.32759,0,264.97,playing,0
260.2416,-2.7805,0,0,0.32759,0,270.19,playing,0
260.2577,-3.3677,0,0,0.31986,0,275.69,playing,0
260.2737,-3.3677,0,0,0.31986,0,281.47,playing,0
260.2903,-3.3677,0,0,0.31986,0,287.53,playing,0
260.3063,-10.1295,0,0,0.32554,0,294.29,playing,0
260.3234,-10.1295,0,0,0.32554,0,300.93,playing,0
260.3395,-10.4926,1,0,0.32554,0,308.31,playing,0
260.3556,-10.4926,0,0,0.32554,0,302.35,playing,0
260.3721,-10.4926,0,0,0.31746,0,296.68,playing,0
260.3887,-4.1625,0,0,0.31746,0,290.96,playing,0
260.4047,-4.1625,0,0,0.31746,0,285.87,playing,0
260.4208,-4.1625,0,0,0.19766,0,281.05,playing,0
260.4374,-2.2619,0,0,0.19766,0,276.52,playing,0
260.4544,-2.2619,0,0,0.19766,0,272.02,playing,0
260.4756,10.746,0,0,0.16115,0,267.84,playing,0
260.4916,10.746,0,0,0.16115,0,263.16,playing,0
260.5082,10.746,0,0,0.16115,0,259.88,playing,0
260.5248,14.2855,0,0,0.14418,0,256.71,playing,0
260.5413,14.2855,0,0,0.14418,0,254.01,playing,0
260.5584,14.2855,0,0,0.14418,0,251.45,playing,0
260.5743,9.2865,0,0,0.1533,0,249.22,playing,0
260.5908,9.2865,0,0,0.1533,0,247.39,playing,0
260.6069,9.2865,0,0,0.1533,0,245.85,playing,0
260.6224,6.4686,0,0,0.15811,0,244.59,playing,0
260.6388,6.4686,0,0,0.15811,0,243.62,playing,0
260.6554,4.091,0,0,0.15811,0,242.92,playing,0
260.6716,4.091,0,0,0.15036,0,242.5,playing,0
260.688,4.091,0,0,0.15036,0,242.38,playing,0
260.7039,0.966,0,0,0.15036,0,242.55,playing,0
260.7207,0.966,0,0,0.26361,1,243.0,playing,0
260.7372,0.966,0,0,0.26361,0,243.79,playing,0
260.7563,-0.4901,0,0,0.26361,0,244.9,playing,0
260.7733,-0.4901,0,0,0.26316,0,246.54,playing,0
260.7901,-2.7671,0,0,0.26316,0,248.33,playing,0
260.8056,-2.7671,0,0,0.26316,0,250.29,playing,0
260.8219,-2.7671,0,0,0.26338,0,252.53,playing,0
260.8383,-3.1068,0,0,0.26338,0,255.06,playing,0
260.8548,-3.1068,0,0,0.26338,0,258.06,playing,0
260.8704,-3.1068,0,0,0.24623,0,261.16,playing,0
260.8864,-3.3821,0,0,0.24623,0,264.55,playing,0
260.9031,-3.3821,0,0,0.24623,0,268.22,playing,0
260.9193,-3.3821,0,0,0.2757,0,272.17,playing,0
260.9364,-2.7305,0,0,0.2757,0,276.69,playing,0
260.9529,-2.7305,0,0,0.2757,0,281.52,playing,0
260.9689,-2.7305,0,0,0.29887,0,286.35,playing,0
260.985,-2.7305,0,0,0.29887,0,291.46,playing,0
261.0014,-2.7305,0,0,0.29887,0,296.85,playing,0
261.0185,-8.6748,0,0,0.32797,0,302.9,playing,0
261.0352,-8.6748,0,0,0.32797,0,309.27,playing,0
261.0523,-8.6748,0,0,0.33344,0,315.95,playing,0
261.0684,-14.9803,1,0,0.33344,0,322.96,playing,0
261.0847,-14.9803,0,0,0.33344,0,317.0,playing,0
261.1012,-14.9803,0,0,0.33344,0,311.32,playing,0
261.1183,-2.8729,0,0,0.32998,0,305.61,playing,0
261.1348,-2.8729,0,0,0.32998,0,300.21,playing,0
261.1525,4.598,0,0,0.32998,0,295.41,playing,0
261.1685,4.598,0,0,0.20356,0,290.37,playing,0
261.1851,4.598,0,0,0.20356,0,286.18,playing,0
261.2013,3.7125,0,0,0.21726,1,282.26,playing,0
261.2184,3.7125,0,0,0.21726,0,278.42,playing,0
261.2354,3.7125,0,0,0.21726,0,274.89,playing,0
261.2524,8.3915,0,0,0.14972,0,271.68,playing,0
261.269,8.3915,0,0,0.14972,0,268.79,playing,0
261.285,10.0564,0,0,0.14972,0,266.35,playing,0
261.3021,10.0564,0,0,0.16858,0,264.08,playing,0
261.3182,10.0564,0,0,0.16858,0,262.22,playing,0
261.3347,9.2169,0,0,0.16858,0,260.57,playing,0
261.3513,9.2169,0,0,0.16933,0,259.29,playing,0
261.3674,9.2169,0,0,0.16933,0,258.25,playing,0
261.3836,4.2132,0,0,0.16933,0,257.56,playing,0
261.4009,4.2132,0,0,0.21563,0,257.14,playing,0
261.4166,4.2132,0,0,0.21563,0,257.02,playing,0
261.433,1.8291,0,0,0.21563,0,257.19,playing,0
261.4487,1.8291,0,0,0.24554,0,257.63,playing,0
261.4646,-1.0113,0,0,0.24554,0,258.36,playing,0
261.4812,-1.0113,0,0,0.24554,0,259.37,playing,0
261.4983,-1.0113,0,0,0.27342,0,260.77,playing,0
261.515,-1.0113,0,0,0.27342,0,262.48,playing,0
261.531,-1.0113,0,0,0.27342,0,264.37,playing,0
261.5499,-1.0113,0,0,0.27342,0,266.54,playing,0
261.5654,-2.1632,0,0,0.28553,0,269.52,playing,0
261.582,-2.1632,0,0,0.28553,0,272.31,playing,0
261.6001,-2.2412,0,0,0.28553,0,275.38,playing,0
261.6161,-2.2412,0,0,0.2798,0,279.19,playing,0
261.6332,-2.2412,0,0,0.2798,0,283.1,playing,0
261.6502,-2.1738,0,0,0.2798,0,287.34,playing,0
261.6673,-2.1738,0,0,0.34512,0,291.89,playing,0
261.6843,-2.1738,0,0,0.34512,0,296.76,playing,0
261.7004,-2.1678,0,0,0.34512,0,301.95,playing,0
261.717,-2.1678,0,0,0.31296,0,307.12,playing,0
261.7329,-2.562,0,0,0.31296,0,312.56,playing,0
261.7495,-2.562,0,0,0.31296,0,318.29,playing,0
261.7665,-2.562,0,0,0.32802,0,324.69,playing,0
261.7831,-16.6684,1,0,0.32802,0,331.42,playing,0
261.7998,-16.6684,0,0,0.32802,0,325.1,playing,0
261.8163,-16.6684,0,0,0.32802,0,319.44,playing,0
261.8334,-11.0477,0,0,0.33879,0,313.75,playing,0
261.8505,-11.0477,0,0,0.33879,0,308.37,playing,0
261.8675,-11.0477,0,0,0.33879,0,303.31,playing,0
261.8842,-4.1292,0,0,0.23281,0,298.57,playing,0
261.901,-4.1292,0,0,0.23281,0,294.15,playing,0
261.9167,3.3089,0,0,0.23281,0,290.27,playing,0
261.9328,3.3089,0,0,0.23281,0,286.67,playing,0
261.9493,3.3089,0,0,0.18993,0,283.35,playing,0
261.9663,12.8341,0,0,0.18993,0,280.14,playing,0
261.9829,12.8341,0,0,0.18993,0,277.25,playing,0
261.9995,12.8341,0,0,0.18993,0,274.81,playing,0
262.0157,7.0734,0,0,0.23409,1,272.54,playing,0
262.0317,7.0734,0,0,0.23409,0,270.68,playing,1
262.0478,4.1344,0,0,0.23409,0,269.11,playing,1
262.064,4.1344,0,0,0.23409,0,267.81,playing,1
262.0795,4.1344,0,0,0.17155,0,266.8,playing,1
262.0961,1.8643,0,0,0.17155,0,266.07,playing,1
262.1132,1.8643,0,0,0.17155,0,265.61,playing,1
262.1297,1.8643,0,0,0.24493,0,265.47,playing,1
262.1458,0.2601,0,0,0.24493,0,265.62,playing,1
262.1613,0.2601,0,0,0.24493,0,266.05,playing,1
262.1784,0.2601,0,0,0.22368,0,266.76,playing,1
262.1939,-0.8969,0,0,0.22368,0,267.75,playing,1
262.2105,-1.6576,0,0,0.22368,0,269.03,playing,1
262.2275,-1.6576,0,0,0.22368,0,270.7,playing,1
262.2442,-2.1648,0,0,0.30347,0,272.69,playing,1
262.2612,-2.1648,0,0,0.30347,0,275.0,playing,1
262.2778,-2.119,0,0,0.30347,0,277.63,playing,1
262.2938,-2.119,0,0,0.30347,0,280.38,playing,1
262.3098,-2.119,0,0,0.30347,0,283.41,playing,1
262.3259,-2.04,0,0,0.30347,0,286.73,playing,1
262.3414,-2.04,0,0,0.272,0,290.33,playing,1
262.3585,-2.04,0,0,0.272,0,294.21,playing,1
262.375,-1.5676,0,0,0.272,0,298.65,playing,1
262.3907,-1.5676,0,0,0.32491,0,303.11,playing,1
262.4067,-0.9874,0,0,0.32491,0,307.85,playing,1
262.4241,-0.9874,0,0,0.32491,0,313.21,playing,1
262.4402,-0.9874,0,0,0.31613,0,318.53,playing,1
262.4567,-13.6202,1,0,0.31613,0,324.51,playing,1
262.4733,-13.6202,0,0,0.31613,0,318.55,playing,1
262.4904,-13.6202,0,0,0.3022,0,312.54,playing,1
262.507,-7.662,0,0,0.3022,0,306.84,playing,1
262.5236,-7.662,0,0,0.3022,0,301.76,playing,1
262.5397,-7.662,0,0,0.30776,0,296.68,playing,1
262.5563,-0.4488,0,0,0.30776,0,292.19,playing,1
262.5734,-0.4488,0,0,0.30776,0,287.73,playing,1
262.5899,10.5489,0,0,0.21644,0,283.58,playing,1
262.606,10.5489,0,0,0.21644,0,279.97,playing,1
262.622,10.5489,0,0,0.21644,0,276.63,playing,1
262.6377,13.5808,0,0,0.15804,0,273.58,playing,1
262.6537,13.5808,0,0,0.15804,0,270.8,playing,1
262.6698,13.5808,0,0,0.15804,0,268.31,playing,1
262.6874,7.7429,0,0,0.15804,0,266.1,playing,1
262.7044,7.7429,0,0,0.14499,0,263.97,playing,1
262.7214,7.7429,0,0,0.14499,0,262.28,playing,1
262.7381,7.7429,0,0,0.20703,1,260.9,playing,1
262.7536,7.7429,0,0,0.20703,0,259.89,playing,1
262.7693,7.7429,0,0,0.20703,0,259.16,playing,1
262.7854,7.7429,0,0,0.20703,0,258.71,playing,1
262.8015,7.7429,0,0,0.25948,0,258.54,playing,1
262.8181,0.3174,0,0,0.25948,0,258.66,playing,1
262.8336,0.3174,0,0,0.25948,0,259.05,playing,1
262.8499,0.3174,0,0,0.25948,0,259.73,playing,1
262.8662,0.3174,0,0,0.27264,0,260.69,playing,1
262.8823,0.3174,0,0,0.27264,0,262.02,playing,1
262.8994,0.3174,0,0,0.27264,0,263.56,playing,1
262.9164,-2.1285,0,0,0.27264,0,265.51,playing,1
262.9325,-2.1285,0,0,0.29403,0,267.79,playing,1
262.9485,-2.4266,0,0,0.29403,0,270.21,playing,1
262.9656,-2.4266,0,0,0.29403,0,272.91,playing,1
262.9821,-2.4266,0,0,0.31897,0,276.09,playing,1
262.9982,-2.1435,0,0,0.31897,0,279.38,playing,1
263.0147,-2.1435,0,0,0.31897,0,283.18,playing,1
263.0304,-2.1435,0,0,0.3107,0,287.04,playing,1
263.047,-2.1435,0,0,0.3107,0,291.19,playing,1
263.0631,-2.1435,0,0,0.3107,0,295.61,playing,1
263.079,-2.1435,0,0,0.3107,0,300.32,playing,1
263.0946,-2.1435,0,0,0.30517,0,305.31,playing,1
263.111,-2.1435,0,0,0.30517,0,310.58,playing,1
263.1275,-2.1435,0,0,0.30517,0,316.13,playing,1
263.1442,-2.1435,0,0,0.33374,0,322.35,playing,1
263.1608,-2.1435,0,0,0.33374,0,328.88,playing,1
263.1774,-5.2057,0,0,0.33374,0,335.31,playing,1
263.1936,-5.2057,0,0,0.34526,0,342.47,playing,1
263.2101,-5.2057,0,0,0.34526,0,349.48,playing,1
263.2262,-10.05,1,0,0.34526,0,356.77,playing,1
263.2417,-10.05,0,0,0.3361,0,350.81,playing,1
263.2583,-10.05,0,0,0.3361,0,345.14,playing,1
263.2753,-4.2637,0,0,0.3361,0,339.42,playing,1
263.2919,-4.2637,0,0,0.30402,0,334.03,playing,1
263.3084,-1.7048,0,0,0.30402,0,329.23,playing,1
263.3249,-1.7048,0,0,0.30402,0,324.45,playing,1
263.3415,-1.7048,0,0,0.30402,0,320.24,playing,1
263.358,14.4387,0,0,0.30402,0,316.08,playing,1
263.3741,14.4387,0,0,0.30402,0,312.44,playing,1
263.3896,14.4387,0,0,0.20336,0,309.09,playing,1
263.4062,12.618,0,0,0.20336,0,306.01,playing,1
263.4232,12.618,0,0,0.20336,0,303.07,playing,1
263.4403,12.618,0,0,0.17228,0,300.44,playing,1
263.4569,6.3005,0,0,0.17228,0,298.13,playing,1
263.4736,6.3005,0,0,0.17228,0,296.24,playing,1
263.4898,3.439,0,0,0.15376,0,294.54,playing,1
263.5063,3.439,0,0,0.15376,0,293.23,playing,1
263.5234,3.439,0,0,0.15376,0,292.16,playing,1
263.5405,1.6313,0,0,0.26849,1,291.4,playing,1
263.5571,1.6313,0,0,0.26849,0,290.96,playing,1
263.5732,1.6313,0,0,0.26849,0,290.82,playing,1
263.5903,-0.9796,0,0,0.26849,0,291.0,playing,1
263.6073,-0.9796,0,0,0.24529,0,291.5,playing,1
263.6239,-1.5197,0,0,0.24529,0,292.31,playing,1
263.6399,-1.5197,0,0,0.24529,0,293.36,playing,1
263.6565,-1.5197,0,0,0.27716,0,294.68,playing,1
263.673,-1.3916,0,0,0.27716,0,296.41,playing,1
263.6896,-1.3916,0,0,0.27716,0,298.32,playing,1
263.7062,-1.3916,0,0,0.29464,0,300.67,playing,1
263.7232,-1.3916,0,0,0.29464,0,303.33,dead,1
263.7397,-1.3916,0,0,0.29464,0,306.31,dead,1
263.7558,-1.3916,0,0,0.32716,0,309.4,dead,1
263.7718,-1.7914,0,0,0.32716,0,312.77,dead,1
263.7877,-1.7914,0,0,0.32716,0,316.42,dead,1
263.8042,-1.9858,0,0,0.33088,0,320.35,dead,1
263.8213,-1.8582,0,0,0.33088,0,324.85,dead,1
263.8383,-1.8582,0,0,0.33088,0,329.66,dead,1
263.8549,-1.6405,0,0,0.33942,0,334.8,dead,1
263.8715,-1.6405,0,0,0.33942,0,339.91,dead,1
263.8881,-1.6405,0,0,0.33942,0,345.66,dead,1
263.9041,-17.9584,1,0,0.33036,0,351.35,dead,1
263.9212,-17.9584,0,0,0.33036,0,285.0,playing,0
263.9377,-11.38,0,0,0.33036,0,278.69,playing,0
263.955,-11.38,0,0,0.34008,0,272.69,playing,0
263.971,-11.38,0,0,0.34008,0,267.33,playing,0
263.9866,-7.4709,0,0,0.34008,0,262.26,playing,0
264.0031,-7.4709,0,0,0.3631,0,257.46,playing,0
264.0196,-7.4709,0,0,0.3631,0,252.68,playing,0
264.0362,-3.8475,0,0,0.3631,0,248.46,playing,0
264.0529,-3.8475,0,0,0.15422,0,244.3,playing,0
264.0694,-3.8475,0,0,0.15422,0,240.67,playing,0
264.0855,11.7456,0,0,0.15422,0,237.12,playing,0
264.1016,11.7456,0,0,0.18254,0,234.07,playing,0
264.1181,13.2689,0,0,0.18254,0,231.3,playing,0
264.1352,10.9319,0,0,0.18254,0,228.67,playing,0
264.1512,10.9319,0,0,0.18091,0,226.48,playing,0
264.1678,7.7946,0,0,0.18091,0,224.46,playing,0
264.1839,7.7946,0,0,0.18091,0,222.85,playing,0
264.2005,7.7946,0,0,0.15713,0,221.52,playing,0
264.2171,7.7946,0,0,0.15713,0,220.43,playing,0
264.2326,7.7946,0,0,0.15713,0,219.68,playing,0
264.2487,7.7946,0,0,0.1967,0,219.21,playing,0
264.2644,1.0109,0,0,0.1967,0,219.03,playing,0
264.2808,1.0109,0,0,0.1967,0,219.12,playing,0
264.2964,1.0109,0,0,0.1967,1,219.5,playing,0
264.3134,-0.37,0,0,0.30358,0,220.16,playing,0
264.3296,-0.37,0,0,0.30358,0,221.18,playing,0
264.3462,-1.3107,0,0,0.30358,0,222.42,playing,0
264.3628,-1.3107,0,0,0.30358,0,224.05,playing,0
264.3796,-1.3107,0,0,0.28672,0,226.01,playing,0
264.3965,-1.8822,0,0,0.28672,0,228.13,playing,0
264.4129,-1.8822,0,0,0.28672,0,230.7,playing,0
264.4289,-1.8822,0,0,0.30744,0,233.4,playing,0
264.4445,-1.4782,0,0,0.30744,0,236.38,playing,0
264.4606,-1.4782,0,0,0.30744,0,239.64,playing,0
264.4782,-1.4782,0,0,0.30744,0,243.19,playing,0
264.4952,-1.3603,0,0,0.29412,0,247.54,playing,0
264.5123,-1.3603,0,0,0.29412,0,251.96,playing,0
264.5288,-1.3285,0,0,0.29412,0,256.7,playing,0
264.5457,-1.3285,0,0,0.29412,0,261.44,playing,0
264.5617,-1.3285,0,0,0.29302,0,266.8,playing,0
264.5783,-1.9013,0,0,0.29302,0,272.12,playing,0
264.5948,-1.9013,0,0,0.29302,0,278.09,playing,0
264.6106,-1.9013,0,0,0.28448,0,284.0,playing,0
264.6272,-7.6733,0,0,0.28448,0,290.18,playing,0
264.6438,-7.6733,0,0,0.28448,0,297.07,playing,0
264.6601,-10.0038,1,0,0.28448,0,303.84,playing,0
264.6767,-10.0038,0,0,0.32122,0,297.53,playing,0
264.6927,-10.0038,0,0,0.32122,0,291.87,playing,0
264.7087,-1.4141,0,0,0.32122,0,286.49,playing,0
264.7248,-1.4141,0,0,0.32122,0,281.39,playing,0
264.7413,-1.4141,0,0,0.31025,0,276.58,playing,0
264.7584,3.9621,0,0,0.31025,0,271.78,playing,0
264.7749,3.9621,0,0,0.31025,0,267.3,playing,0
264.7914,3.9621,0,0,0.1624,0,263.37,playing,0
264.808,11.4379,0,0,0.1624,0,259.51,playing,0
264.824,11.4379,0,0,0.1624,0,256.15,playing,0
264.8401,8.6425,0,0,0.16468,0,253.08,playing,0
264.8556,8.6425,0,0,0.16468,0,250.29,playing,0
264.8716,8.6425,0,0,0.16468,0,247.78,playing,0
264.8882,8.6425,0,0,0.15895,0,245.55,playing,0
264.9053,8.6425,0,0,0.15895,0,243.51,playing,0
264.9223,8.6425,0,0,0.13746,0,241.77,playing,0
264.9383,2.1147,0,0,0.13746,0,240.36,playing,0
264.9548,2.1147,0,0,0.13746,0,239.31,playing,0
264.9714,2.1147,0,0,0.13746,0,238.55,playing,0
264.9878,0.977,0,0,0.21803,1,238.05,playing,0
265.0043,0.977,0,0,0.21803,0,237.87,playing,0
265.0209,-0.6623,0,0,0.21803,0,237.99,playing,0
265.0369,-0.6623,0,0,0.3091,0,238.38,playing,0
265.0529,-0.6623,0,0,0.3091,0,239.06,playing,0
265.0685,-1.3926,0,0,0.3091,0,240.02,playing,0
265.085,-1.3926,0,0,0.29984,0,241.26,playing,0
265.1011,-1.3926,0,0,0.29984,0,242.78,playing,0
265.1171,-1.3926,0,0,0.29984,0,244.58,playing,0
265.1332,-1.3926,0,0,0.30958,0,246.67,playing,0
265.1502,-1.3926,0,0,0.30958,0,249.2,playing,0
265.1667,-1.3926,0,0,0.30958,0,252.05,playing,0
265.1828,-1.3926,0,0,0.27178,0,255.01,playing,0
265.1994,-2.2528,0,0,0.27178,0,258.26,playing,0
265.2159,-2.2528,0,0,0.27178,0,262.03,playing,0
265.2324,-2.2528,0,0,0.28868,0,265.86,playing,0
265.249,-2.1498,0,0,0.28868,0,270.24,playing,0
265.2666,-2.1498,0,0,0.28868,0,274.94,playing,0
265.2832,-2.1498,0,0,0.28868,0,279.96,playing,0
265.3003,-1.9459,0,0,0.29825,0,285.3,playing,0
265.3167,-1.9459,0,0,0.29825,0,290.96,playing,0
265.3332,-1.5954,0,0,0.29825,0,296.56,playing,0
265.3496,-1.5954,0,0,0.29825,0,302.83,playing,0
265.3654,-1.5954,0,0,0.35046,0,309.02,playing,0
265.3825,-1.0621,0,0,0.35046,0,315.49,playing,0
265.399,-1.0621,0,0,0.35046,0,322.68,playing,0
265.4149,-1.0621,0,0,0.33918,0,329.72,playing,0
265.4308,-3.5887,0,0,0.33918,0,337.05,playing,0
265.4469,-3.5887,0,0,0.33918,0,344.66,playing,0
265.4624,-3.5887,0,0,0.31286,0,352.56,playing,0
265.4788,-3.5887,0,0,0.31286,0,360.73,playing,0
265.4945,-3.5887,0,0,0.31286,0,369.19,playing,0
265.5111,-3.5887,0,0,0.33395,0,377.93,playing,0
265.5267,-9.9469,1,0,0.33395,0,386.94,playing,0
265.5427,-9.9469,0,0,0.33395,0,380.99,playing,0
265.5593,6.7595,0,0,0.35949,0,375.31,playing,0
265.5753,6.7595,0,0,0.35949,0,369.6,playing,0
265.5924,6.7595,0,0,0.35949,0,364.5,playing,0
265.6094,13.3428,0,0,0.18625,0,359.4,playing,0
265.6255,13.3428,0,0,0.18625,0,354.62,playing,0
265.644,13.3428,0,0,0.18625,0,350.41,playing,0
265.6595,13.3428,0,0,0.1576,0,346.02,playing,0
265.6756,13.3428,0,0,0.1576,0,342.4,playing,0
265.6922,13.3428,0,0,0.1576,0,339.07,playing,0
265.7087,6.068,0,0,0.13875,0,335.84,playing,0
265.7255,6.068,0,0,0.13875,0,333.09,playing,0
265.7421,3.9773,0,0,0.13875,0,330.48,playing,0
265.7581,3.9773,0,0,0.18769,0,328.3,playing,0
265.7742,3.9773,0,0,0.18769,0,326.41,playing,0
265.792,0.4802,0,0,0.18769,0,324.72,playing,0
265.808,0.4802,0,0,0.24983,1,323.34,playing,0
265.8241,0.4802,0,0,0.24983,0,322.33,playing,0
265.841,-0.4367,0,0,0.24983,0,321.57,playing,0
265.8571,-0.4367,0,0,0.28694,0,321.14,playing,0
265.8742,-1.2006,0,0,0.28694,0,321.0,playing,0
265.8909,-1.2006,0,0,0.30745,0,321.17,playing,0
265.9071,-1.2006,0,0,0.30745,0,321.62,playing,0
265.9232,-2.4896,0,0,0.30745,0,322.35,playing,0
265.9403,-2.4896,0,0,0.28333,0,323.44,playing,0
265.957,-2.4896,0,0,0.28333,0,324.86,dead,0
265.974,-3.0922,0,0,0.32789,0,326.58,dead,0
265.9896,-3.0922,0,0,0.32789,0,328.49,dead,0
266.0062,-3.0922,0,0,0.32789,0,330.68,dead,0
266.0228,-2.6761,0,0,0.33982,0,333.33,dead,0
266.0394,-2.6761,0,0,0.33982,0,336.1,dead,0
266.0559,-2.225,0,0,0.33982,0,339.36,dead,0
266.0725,-2.225,0,0,0.33982,0,342.71,dead,0
266.0887,-2.225,0,0,0.31897,0,346.59,dead,0
266.1049,-2.0984,0,0,0.31897,0,350.53,dead,0
266.1206,-2.0984,0,0,0.31897,0,354.74,dead,0
266.1376,-2.0984,0,0,0.31987,0,359.24,dead,0
266.1536,-7.8846,0,0,0.31987,0,364.33,dead,0
266.1702,-7.8846,0,0,0.31987,0,369.41,dead,0
266.1865,-7.8846,0,0,0.34238,0,375.12,dead,0
266.2026,-14.6185,1,0,0.34238,0,380.78,dead,0
266.2192,-14.6185,0,0,0.34238,0,285.0,playing,0
266.2357,-3.0282,0,0,0.33313,0,278.69,playing,0
266.2518,-3.0282,0,0,0.33313,0,273.03,playing,0
266.2684,-3.0282,0,0,0.33313,0,267.65,playing,0
266.2851,10.0539,0,0,0.20381,0,262.26,playing,0
266.3021,10.0539,0,0,0.20381,0,257.18,playing,0
266.3182,10.0539,0,0,0.20381,0,252.68,playing,0
266.3348,12.672,0,0,0.20381,0,248.22,playing,0
266.3512,12.672,0,0,0.16844,0,244.3,playing,0
266.3689,-3.7949,0,0,0.16844,0,240.46,playing,0
266.3866,-3.7949,0,0,0.16844,0,236.75,playing,0
266.4032,-3.7949,0,0,0.18362,0,233.56,playing,0
266.4197,-7.2772,0,0,0.18362,0,230.68,playing,0
266.4358,-7.2772,0,0,0.18362,0,228.26,playing,0
266.4526,-7.2772,0,0,0.15359,0,226.12,playing,0
266.4692,8.3235,0,0,0.15359,0,224.17,playing,0
266.4866,8.3235,0,0,0.15359,0,222.53,playing,0
266.5032,11.5512,0,0,0.18864,0,221.21,playing,0
266.5198,11.5512,0,0,0.18864,0,220.21,playing,0
266.5364,11.5512,0,0,0.18864,0,219.55,playing,0
266.5529,9.8652,0,0,0.18864,0,219.17,playing,0
266.5689,9.8652,0,0,0.17025,0,219.09,playing,0
266.5845,9.8652,0,0,0.17025,0,219.29,playing,0
266.6006,3.403,0,0,0.17025,0,219.77,playing,0
266.6166,3.403,0,0,0.18093,0,220.54,playing,0
266.6323,3.403,0,0,0.18093,0,221.58,playing,0
266.649,0.9489,0,0,0.18093,0,222.91,playing,0
266.6652,0.9489,0,0,0.22088,1,224.52,playing,0
266.6819,-0.2653,0,0,0.22088,0,226.55,playing,0
266.6976,-0.2653,0,0,0.22088,0,228.74,playing,0
266.714,-0.2653,0,0,0.24592,0,231.21,playing,0
266.7296,-2.2143,0,0,0.24592,0,233.96,playing,0
266.7466,-2.2143,0,0,0.24592,0,237.0,playing,0
266.7632,-2.2143,0,0,0.28189,0,240.54,playing,0
266.7799,-6.2022,0,0,0.28189,0,244.4,playing,0
266.7959,-6.2022,0,0,0.28189,0,248.32,playing,0
266.812,-6.2022,0,0,0.29881,0,252.52,playing,0
266.828,-13.9676,1,0,0.29881,0,256.99,playing,0
266.844,-13.9676,0,0,0.29881,0,251.04,playing,0
266.8601,-13.9676,0,0,0.29993,0,245.36,playing,0
266.8767,-14.4891,0,0,0.29993,0,239.64,playing,0
266.8939,-14.4891,0,0,0.29993,0,234.55,playing,0
266.9101,-5.4051,0,0,0.26905,0,229.45,playing,0
266.9256,-5.4051,0,0,0.26905,0,224.94,playing,0
266.9417,-5.4051,0,0,0.18159,0,220.7,playing,0
266.9581,-2.5735,0,0,0.18159,0,216.75,playing,0
266.9737,-2.5735,0,0,0.18159,0,213.08,playing,0
266.9899,-2.5735,0,0,0.18159,0,209.69,playing,0
267.0059,12.3035,0,0,0.20434,0,206.59,playing,0
267.0223,12.3035,0,0,0.20434,0,203.76,playing,0
267.0393,12.3035,0,0,0.20434,0,201.08,playing,0
267.0559,12.7602,0,0,0.17551,0,198.71,playing,0
267.0725,12.7602,0,0,0.17551,0,196.76,playing,0
267.0896,10.4247,0,0,0.17551,0,195.01,playing,0
267.1061,10.4247,0,0,0.17181,0,193.58,playing,0
267.1216,10.4247,0,0,0.17181,0,192.52,playing,0
267.1382,4.2025,0,0,0.17181,0,191.73,playing,0
267.155,4.2025,0,0,0.1973,0,191.22,playing,0
267.1706,4.2025,0,0,0.1973,0,191.01,playing,0
267.1875,2.4864,0,0,0.1973,0,191.09,playing,0
267.2043,2.4864,0,0,0.27807,1,191.49,playing,0
267.2209,2.4864,0,0,0.27807,0,192.21,playing,0
267.2371,2.4864,0,0,0.27807,0,193.17,playing,0
267.2526,2.4864,0,0,0.25047,0,194.41,playing,0
267.2687,2.4864,0,0,0.25047,0,195.93,playing,0
267.2848,2.4864,0,0,0.25047,0,197.74,playing,0
267.3034,2.4864,0,0,0.25047,0,199.82,playing,0
267.3209,-0.0201,0,0,0.2807,0,202.69,playing,0
267.3375,-0.0201,0,0,0.2807,0,205.58,playing,0
267.3535,-0.0201,0,0,0.2807,0,208.79,playing,0
267.3696,-2.7521,0,0,0.27725,0,212.09,playing,0
267.3857,-2.7521,0,0,0.27725,0,215.67,playing,0
267.4014,-2.7521,0,0,0.27725,0,219.53,playing,0
267.4184,-2.8804,0,0,0.27725,0,223.68,playing,0
267.4345,-2.8804,0,0,0.31895,0,228.4,playing,0
267.4512,-2.5898,0,0,0.31895,0,233.12,playing,0
267.4667,-2.5898,0,0,0.31895,0,238.13,playing,0
267.4825,-2.5898,0,0,0.32182,0,243.42,playing,0
267.4989,-2.6154,0,0,0.32182,0,248.98,playing,0
267.5147,-2.6154,0,0,0.32182,0,254.84,playing,0
267.531,-2.6154,0,0,0.31351,0,260.97,playing,0
267.5473,-2.4395,0,0,0.31351,0,267.38,playing,0
267.5633,-2.4395,0,0,0.31351,0,274.52,playing,0
267.58,-2.4395,0,0,0.28861,0,281.51,playing,0
267.596,-8.8316,0,0,0.28861,0,288.79,playing,0
267.6116,-8.8316,0,0,0.28861,0,296.35,playing,0
267.6289,-15.8882,1,0,0.32143,0,304.19,playing,0
267.6448,-15.8882,0,0,0.32143,0,297.87,playing,0
267.6614,-15.8882,0,0,0.32143,0,292.22,playing,0
267.6779,-4.2657,0,0,0.32849,0,286.52,playing,0
267.6939,-4.2657,0,0,0.32849,0,281.44,playing,0
267.71,-4.2657,0,0,0.32849,0,276.65,playing,0
267.7258,4.2026,0,0,0.20919,0,272.13,playing,0
267.7415,4.2026,0,0,0.20919,0,267.9,playing,0
267.7577,4.2026,0,0,0.20919,0,263.94,playing,0
267.7738,3.7996,0,0,0.20919,0,260.27,playing,0
267.7898,3.7996,0,0,0.17744,0,256.89,playing,0
267.8058,3.7996,0,0,0.17744,0,253.78,playing,0
267.8219,3.7996,0,0,0.17744,0,250.95,playing,0
267.8381,3.7996,0,0,0.17744,0,248.41,playing,0
267.8546,11.5902,0,0,0.16829,0,246.02,playing,0
267.8712,11.5902,0,0,0.16829,0,244.06,playing,0
267.8883,11.5902,0,0,0.14469,0,242.29,playing,0
267.9049,5.2801,0,0,0.14469,0,240.84,playing,0
267.9212,5.2801,0,0,0.14469,0,239.76,playing,0
267.9383,5.2801,0,0,0.14469,0,238.93,playing,0
267.955,3.34,0,0,0.14469,0,238.41,playing,0
267.971,3.34,0,0,0.14469,0,238.21,playing,0
267.9865,1.7535,0,0,0.24505,1,238.29,playing,0
268.0026,1.7535,0,0,0.24505,0,238.65,playing,0
268.0191,1.7535,0,0,0.24505,0,239.29,playing,0
268.0352,-1.3977,0,0,0.24505,0,240.21,playing,0
268.0531,-1.3977,0,0,0.23411,0,241.61,playing,0
268.0691,-1.3977,0,0,0.23411,0,243.13,playing,0
268.0878,-1.3977,0,0,0.23411,0,245.06,playing,0
268.1038,-1.3977,0,0,0.26762,0,247.47,playing,0
268.1194,-1.3977,0,0,0.26762,0,249.89,playing,0
268.1365,-2.5248,0,0,0.30023,0,252.59,playing,0
268.1525,-2.5248,0,0,0.30023,0,255.77,playing,0
268.1691,-1.9231,0,0,0.30023,0,259.06,playing,0
268.1851,-1.9231,0,0,,0,262.62,playing,0
268.2008,-1.9231,0,0,,0,266.46,playing,0
268.2168,-1.6931,0,0,,0,270.59,playing,0
268.2329,-1.6931,0,0,,0,275.0,playing,0
268.2485,-1.6931,0,0,,0,279.69,playing,0
268.265,-1.9115,0,0,,0,284.66,playing,0
268.2807,-1.9115,0,0,,0,289.91,playing,0
268.2968,-1.9115,0,0,,0,295.45,playing,0
268.3123,-9.0315,0,0,,0,301.26,playing,0
268.3295,-9.0315,0,0,,0,307.36,playing,0
268.3457,-9.0315,0,0,,0,314.16,playing,0
268.3618,-8.6928,1,0,0.30726,0,320.83,playing,0
268.3784,-8.6928,0,0,0.30726,0,314.88,playing,0
268.3955,-3.4678,0,0,0.30726,0,308.86,playing,0
268.4115,-3.4678,0,0,0.30726,0,303.17,playing,0
268.4282,-3.4678,0,0,,0,298.09,playing,0
268.4448,-3.4678,0,0,,0,293.01,playing,0
268.4615,-3.4678,0,0,,0,288.51,playing,0
268.4783,-3.4678,0,0,0.26546,0,284.05,playing,0
268.4948,7.2031,0,0,0.26546,0,279.91,playing,0
268.5109,7.2031,0,0,0.26546,0,276.29,playing,0
268.5271,7.6995,0,0,0.1867,0,272.96,playing,0
268.5442,7.6995,0,0,0.1867,0,269.73,playing,0
268.5597,7.6995,0,0,0.1867,0,266.98,playing,0
268.5757,5.719,0,0,0.20578,1,264.5,playing,0
268.5913,5.719,0,0,0.20578,0,262.31,playing,0
268.608,5.719,0,0,0.20578,0,260.4,playing,0
268.6241,4.1536,0,0,0.1867,0,258.77,playing,0
268.6412,4.1536,0,0,0.1867,0,257.36,playing,0
268.6578,4.1536,0,0,0.1867,0,256.26,playing,0
268.6733,0.982,0,0,0.21563,0,255.51,playing,1
268.6905,0.982,0,0,0.21563,0,255.05,playing,1
268.7075,0.0998,0,0,0.21563,0,254.87,playing,1
268.7236,0.0998,0,0,0.25489,0,255.01,playing,1
268.7395,0.0998,0,0,0.25489,0,255.42,playing,1
268.7557,0.0998,0,0,0.25489,0,256.12,playing,1
268.7721,0.0998,0,0,0.25046,0,257.09,playing,1
268.7882,0.0998,0,0,0.25046,0,258.35,playing,1
268.8047,-2.1419,0,0,0.25046,0,260.0,playing,1
268.8213,-2.1419,0,0,0.28485,0,261.84,playing,1
268.8379,-2.1419,0,0,0.28485,0,264.11,playing,1
268.8539,-2.1435,0,0,0.28485,0,266.53,playing,1
268.8705,-2.1435,0,0,0.2724,0,269.23,playing,1
268.8865,-2.2297,0,0,0.2724,0,272.42,playing,1
268.903,-2.0344,0,0,0.2724,0,275.7,playing,1
268.9191,-2.0344,0,0,0.26724,0,279.26,playing,1
268.9351,-2.5039,0,0,0.26724,0,283.11,playing,1
268.9507,-2.5039,0,0,0.26724,0,287.24,playing,1
268.9674,-2.5039,0,0,0.2844,0,291.64,playing,1
268.9844,-4.2333,0,0,0.2844,0,296.65,playing,1
269.001,-4.2333,0,0,0.2844,0,301.96,playing,1
269.0175,-4.2333,0,0,0.30211,0,307.6,playing,1
269.0341,-6.6266,0,0,0.30211,0,313.19,playing,1
269.0496,-6.6266,0,0,0.28962,0,319.06,playing,1
269.0667,-9.5864,0,0,0.28962,0,325.21,playing,1
269.0833,-9.5864,0,0,0.28962,0,332.06,playing,1
269.0999,-9.5864,0,0,0.30268,0,339.23,playing,1
269.116,-1.9874,0,0,0.30268,0,346.26,playing,1
269.1316,-1.9874,0,0,0.30268,0,353.57,playing,1
269.1476,-1.9874,0,0,0.30268,0,361.17,playing,1
269.1641,-3.4733,0,0,0.31345,0,369.04,playing,1
269.1813,-3.4733,0,0,0.31345,0,377.73,playing,1
269.1978,-3.4733,0,0,0.31345,0,386.73,playing,1
269.2139,-2.7237,0,0,0.22478,0,395.49,playing,1
269.2304,-2.7237,0,0,0.22478,0,404.52,playing,1
269.2469,-2.7237,0,0,0.18597,0,414.44,playing,1
269.264,10.0434,0,0,0.18597,0,424.68,playing,1
269.2802,10.0434,0,0,0.18597,0,434.6,playing,1
269.2973,10.0434,0,0,0.15711,0,445.45,playing,1
269.3143,10.0434,0,0,0.15711,0,456.62,playing,1
269.3308,10.0434,0,0,0.15711,0,468.11,playing,1
269.3474,7.8276,1,0,0.15711,0,479.21,playing,1
269.3634,7.8276,0,0,0.18267,0,472.9,playing,1
269.3796,7.8276,0,0,0.18267,0,467.24,playing,1
269.3957,5.4426,0,0,0.18267,0,461.86,playing,1
269.4117,5.4426,0,0,0.18241,0,456.77,playing,1
269.4277,3.3137,0,0,0.18241,0,451.95,playing,1
269.4437,3.3137,0,0,0.18241,0,447.42,playing,1
269.4604,3.3137,0,0,0.17374,0,443.17,playing,1
269.4773,1.8121,0,0,0.17374,0,438.97,playing,1
269.4944,0.2797,0,0,0.17374,0,435.09,playing,1
269.5114,0.2797,0,0,0.17374,0,431.52,playing,1
269.5275,-0.8301,0,0,0.21422,1,428.28,playing,1
269.5435,-0.8301,0,0,0.21422,0,425.51,playing,1
269.5601,-0.8301,0,0,0.21422,0,423.01,playing,1
269.5771,-2.8824,0,0,0.26452,0,420.69,playing,1
269.5926,-2.8824,0,0,0.26452,0,418.78,playing,1
269.6092,-2.9767,0,0,0.26452,0,417.15,playing,1
269.6262,-2.9767,0,0,0.27679,0,415.73,playing,1
269.6433,-2.9767,0,0,0.27679,0,414.64,playing,1
269.6609,-2.8197,0,0,0.27679,0,413.86,playing,1
269.6769,-2.8197,0,0,0.27679,0,413.4,playing,1
269.6934,-2.8197,0,0,0.27679,0,413.25,playing,1
269.711,-2.4446,0,0,0.27679,0,413.41,playing,1
269.727,-2.4446,0,0,0.32293,0,413.89,playing,1
269.7441,-1.6557,0,0,0.32293,0,414.62,playing,1
269.7596,-1.6557,0,0,0.31968,0,415.71,playing,1
269.776,-1.6557,0,0,0.31968,0,417.02,playing,1
269.7926,-1.7123,0,0,0.31968,0,418.61,playing,1
269.8091,-1.7123,0,0,0.31398,0,420.62,playing,1
269.8261,-1.7123,0,0,0.31398,0,422.95,playing,1
269.8427,-1.1593,0,0,0.31398,0,425.59,playing,1
269.859,-1.1593,0,0,0.3244,0,428.36,playing,1
269.8748,-1.1593,0,0,0.3244,0,431.42,playing,1
269.8912,-0.7804,0,0,0.3244,0,434.75,playing,1
269.9083,-0.7804,0,0,0.3244,0,438.61,playing,1
269.9253,-0.7804,0,0,0.33377,0,442.79,playing,1
269.942,-0.7804,0,0,0.33377,0,447.29,playing,1
269.9575,-0.7804,0,0,0.33377,0,451.8,playing,1
269.9742,-10.9339,1,0,0.31082,0,456.6,playing,1
269.9913,-10.9339,0,0,0.31082,0,450.28,playing,1
270.0079,-10.9339,0,0,0.31082,0,444.29,playing,1
270.0239,4.4642,0,0,0.31082,0,438.93,playing,1
270.0402,4.4642,0,0,0.31082,0,433.85,playing,1
270.0573,7.4849,0,0,0.31082,0,428.77,playing,1
270.074,7.4849,0,0,0.17829,0,424.01,playing,1
270.0897,7.4849,0,0,0.17829,0,419.82,playing,1
270.1057,10.8974,0,0,0.17829,0,415.9,dead,1
270.1218,10.8974,0,0,0.21289,1,412.26,dead,1
270.138,10.8974,0,0,0.21289,0,408.91,dead,1
270.154,7.3678,0,0,0.21289,0,405.84,dead,1
270.1696,7.3678,0,0,0.16331,0,403.05,dead,1
270.1857,7.3678,0,0,0.16331,0,400.54,dead,1
270.2022,4.8946,0,0,0.16331,0,398.31,dead,1
270.2188,4.8946,0,0,0.1713,0,396.26,dead,1
270.2348,4.8946,0,0,0.1713,0,394.62,dead,1
270.2509,1.6538,0,0,0.1713,0,393.25,dead,1
270.2665,1.6538,0,0,0.24173,0,392.17,dead,1
270.2831,1.6538,0,0,0.24173,0,391.37,dead,1
270.2996,0.5264,0,0,0.24173,0,390.83,dead,1
270.3161,0.5264,0,0,0.24173,0,390.61,dead,1
270.3333,-0.134,0,0,0.2374,0,390.7,dead,1
270.3498,-0.134,0,0,0.2374,0,391.1,dead,1
270.3659,-0.134,0,0,0.2374,0,391.76,dead,1
270.3814,-1.4649,0,0,0.2374,0,392.7,dead,1
270.3983,-1.4649,0,0,0.24554,0,393.92,dead,1
270.4153,-1.4649,0,0,0.24554,0,395.54,dead,1
270.4313,-1.9447,0,0,0.24554,0,397.47,dead,1
270.4479,-1.9447,0,0,0.24554,0,399.57,dead,1
270.4634,-2.1965,0,0,0.27295,0,401.96,dead,1
270.4805,-2.1965,0,0,0.27295,0,404.62,dead,1
270.497,-2.1965,0,0,0.27295,0,407.77,dead,1
270.5131,-1.7251,0,0,0.27669,0,411.02,dead,1
270.5297,-1.7251,0,0,0.27669,0,414.79,dead,1
270.5463,-1.7251,0,0,0.27669,0,418.61,dead,1
270.5628,-1.3352,0,0,0.29349,0,423.0,dead,1
270.5794,-1.3352,0,0,0.29349,0,427.41,dead,1
270.5954,-1.3352,0,0,0.29349,0,432.41,dead,1
270.6115,-0.9119,0,0,0.31073,0,437.4,dead,1
270.6284,-0.9119,0,0,0.31073,0,442.67,dead,1
270.6445,-0.9119,0,0,0.31073,0,448.58,dead,1
270.662,-0.9119,0,0,0.31073,0,454.44,dead,1
270.6786,-0.9119,0,0,0.31897,0,461.37,dead,1
270.6946,-1.2935,0,0,0.31897,0,467.82,dead,1
270.7107,-1.2935,0,0,0.31897,0,474.56,dead,1
270.7265,-1.2935,0,0,0.32559,0,481.57,dead,1
270.7426,-0.8557,0,0,0.32559,0,488.86,dead,1
270.7586,-0.8557,0,0,0.32559,0,496.0,dead,1
270.7752,-0.8557,0,0,0.29878,0,496.0,dead,1
270.7918,-5.7633,0,0,0.29878,0,496.0,dead,1
270.8083,-5.7633,0,0,0.29878,0,496.0,dead,1
270.8249,-13.5852,1,0,0.32806,0,496.0,dead,1
270.8405,-13.5852,0,0,0.32806,0,285.0,playing,0
270.8571,-13.5852,0,0,0.32806,0,279.04,playing,0
270.8726,-9.1517,0,0,0.30744,0,273.36,playing,0
270.8888,-9.1517,0,0,0.30744,0,267.97,playing,0
270.9048,-9.1517,0,0,0.30744,0,262.86,playing,0
270.9214,7.7599,0,0,0.17769,0,258.02,playing,0
270.938,7.7599,0,0,0.17769,0,253.21,playing,0
270.9541,7.7599,0,0,0.17769,0,248.96,playing,0
270.9696,13.8286,0,0,0.19684,0,244.99,playing,0
270.9862,13.8286,0,0,0.19684,0,241.3,playing,0
271.0019,12.8044,0,0,0.19684,0,237.89,playing,0
271.0185,9.5668,0,0,0.20329,0,234.77,playing,0
271.0347,9.5668,0,0,0.20329,0,231.77,playing,0
271.0513,6.3288,0,0,0.20329,0,229.22,playing,0
271.0682,6.3288,0,0,0.16918,0,226.84,playing,0
271.0853,6.3288,0,0,0.16918,0,224.77,playing,0
271.1024,4.1913,0,0,0.16918,0,223.02,playing,0
271.1188,4.1913,0,0,0.1575,0,221.59,playing,0
271.1353,4.1913,0,0,0.1575,0,220.52,playing,0
271.1522,1.4688,0,0,0.1575,0,219.71,playing,0
271.1688,1.4688,0,0,0.17316,0,219.21,playing,0
271.1854,0.1726,0,0,0.17316,0,219.03,playing,0
271.2021,0.1726,0,0,0.26339,1,219.15,playing,0
271.2187,0.1726,0,0,0.26339,0,219.59,playing,0
271.2352,-1.7595,0,0,0.26339,0,220.28,playing,0
271.2518,-1.7595,0,0,0.27326,0,221.34,playing,0
271.2678,-1.7595,0,0,0.27326,0,222.61,playing,0
271.2845,-2.4092,0,0,0.27326,0,224.17,playing,0
271.3012,-2.4092,0,0,0.28618,0,226.14,playing,0
271.3174,-2.5161,0,0,0.28618,0,228.43,playing,0
271.3345,-2.5161,0,0,0.28618,0,230.87,playing,0
271.351,-2.5161,0,0,0.28618,0,233.77,playing,0
271.3672,-1.4909,0,0,0.28683,0,236.79,playing,0
271.3843,-1.4909,0,0,0.28683,0,240.32,playing,0
271.4008,-1.4909,0,0,0.28683,0,244.16,playing,0
271.4169,-1.4426,0,0,0.3022,0,248.06,playing,0
271.4329,-1.4426,0,0,0.3022,0,252.23,playing,0
271.4485,-1.4426,0,0,0.3022,0,256.7,playing,0
271.4644,-0.9085,0,0,0.28502,0,261.44,playing,0
271.4809,-0.9085,0,0,0.28502,0,266.46,playing,0
271.4964,-0.9085,0,0,0.28502,0,271.77,playing,0
271.5124,-1.4344,0,0,0.31299,0,277.35,playing,0
271.529,-1.4344,0,0,0.31299,0,283.22,playing,0
271.5455,-1.5032,0,0,0.31299,0,289.37,playing,0
271.5621,-1.5032,0,0,,0,296.23,playing,0
271.578,-1.5032,0,0,,0,302.96,playing,0
271.5945,-0.7895,0,0,,0,310.43,playing,0
271.611,-0.7895,0,0,,0,317.74,playing,0
271.6276,-0.7895,0,0,,0,325.33,playing,0
271.6442,-0.4509,0,0,,0,333.72,playing,0
271.6604,-0.4509,0,0,,0,342.42,playing,0
271.6775,-0.3532,0,0,,0,350.9,playing,0
271.6936,-8.5652,0,0,,0,360.22,playing,0
271.7095,-8.5652,0,0,,0,369.27,playing,0
271.7261,-15.2233,1,0,,0,378.61,playing,0
271.7432,-15.2233,0,0,,0,372.65,playing,0
271.7601,-15.2233,0,0,0.32491,0,366.3,playing,0
271.7761,-6.3156,0,0,0.32491,0,360.94,playing,0
271.7917,-6.3156,0,0,0.32491,0,355.86,playing,0
271.8078,-6.3156,0,0,0.35142,0,351.07,playing,0
271.8243,12.2301,0,0,0.35142,0,346.55,playing,0
271.8409,12.2301,0,0,0.35142,0,342.07,playing,0
271.8575,10.4856,0,0,0.18248,0,338.14,playing,0
271.8741,10.4856,0,0,0.18248,0,334.28,playing,0
271.8912,10.4856,0,0,0.18248,0,330.73,playing,0
271.9083,10.4856,0,0,0.17239,0,327.51,playing,0
271.9248,10.4856,0,0,0.17239,0,324.6,playing,0
271.9414,10.4856,0,0,0.17239,0,322.14,playing,0
271.9575,7.5126,0,0,0.19863,0,319.85,playing,0
271.9736,7.5126,0,0,0.19863,0,317.97,playing,0
271.9902,7.5126,0,0,0.19863,0,316.38,playing,0
272.0068,1.0238,0,0,0.1994,0,315.0,playing,0
272.0228,1.0238,0,0,0.1994,0,313.99,playing,0
272.0389,-0.4368,0,0,0.1994,0,313.26,playing,0
272.0549,-0.4368,0,0,0.22368,1,312.81,playing,0
272.071,-0.4368,0,0,0.22368,0,312.64,playing,0
272.0871,-0.8455,0,0,0.22368,0,312.76,playing,0
272.1031,-0.8455,0,0,0.25421,0,313.15,playing,0
272.1202,-0.8455,0,0,0.25421,0,313.89,playing,0
272.1362,-1.4681,0,0,0.25421,0,314.87,playing,0
272.1528,-1.4681,0,0,0.28972,0,316.22,playing,0
272.1694,-1.4681,0,0,0.28972,0,317.78,playing,0
272.186,-1.5405,0,0,0.28972,0,319.75,playing,0
272.2021,-1.5405,0,0,0.27726,0,321.89,playing,0
272.2192,-1.2332,0,0,0.27726,0,324.48,playing,0
272.2363,-1.2332,0,0,0.27726,0,327.38,playing,0
272.2549,-1.2332,0,0,0.27726,0,330.61,playing,0
272.271,-1.8442,0,0,0.30211,0,334.38,playing,0
272.2871,-1.8442,0,0,0.30211,0,338.01,playing,0
272.3031,-1.8442,0,0,0.30211,0,341.93,playing,0
272.3187,-9.7207,0,0,0.31289,0,346.12,playing,0
272.3352,-9.7207,0,0,0.31289,0,350.6,playing,0
272.3529,-8.7232,0,0,0.31289,0,355.68,playing,0
272.369,0.973,0,0,0.31299,0,361.07,playing,0
272.3853,0.973,0,0,0.31299,0,366.43,playing,0
272.4016,3.1542,0,0,0.31299,0,372.44,playing,0
272.4197,3.1542,0,0,0.31299,0,378.38,playing,0
272.4363,3.1542,0,0,0.19157,0,385.42,playing,0
272.4534,-10.3275,0,0,0.19157,0,392.39,playing,0
272.47,-10.3275,0,0,0.19157,0,399.67,playing,0
272.4861,-10.3275,0,0,0.24811,1,406.8,playing,0
272.5027,-8.1057,1,0,0.24811,0,414.7,playing,0
272.5188,-8.1057,0,0,0.24811,0,408.75,playing,0
272.5354,-3.2849,0,0,0.26324,0,403.07,playing,0
272.5519,-3.2849,0,0,0.26324,0,397.35,playing,0
272.5685,-3.2849,0,0,0.26324,0,392.26,playing,0
272.5846,14.3348,0,0,0.26324,0,387.16,playing,0
272.6007,14.3348,0,0,0.24674,0,382.65,playing,0
272.6167,14.3348,0,0,0.24674,0,378.41,playing,0
272.6332,14.3348,0,0,0.24674,0,374.46,playing,0
272.6499,14.3348,0,0,0.16959,0,370.58,playing,0
272.6659,14.3348,0,0,0.16959,0,367.21,playing,0
272.6825,5.5673,0,0,0.16959,0,364.12,playing,0
272.6986,5.5673,0,0,0.17838,0,361.15,playing,0
272.7152,2.8324,0,0,0.17838,0,358.65,playing,0
272.7307,2.8324,0,0,0.17838,0,356.42,playing,0
272.7468,2.8324,0,0,0.17672,0,354.47,playing,0
272.7634,0.996,0,0,0.17672,0,352.81,playing,0
272.7799,0.996,0,0,0.17672,0,351.36,playing,0
272.7955,0.996,0,0,0.24554,1,350.28,playing,0
272.8115,-0.8083,0,0,0.24554,0,349.47,playing,0
272.8281,-0.8083,0,0,0.24554,0,348.95,playing,0
272.8437,-0.8083,0,0,0.26316,0,348.72,playing,0
272.8606,-0.8083,0,0,0.26316,0,348.76,playing,0
272.8766,-0.8083,0,0,0.26316,0,349.12,dead,0
272.8934,-1.2197,0,0,0.26315,0,349.75,dead,0
272.9104,-1.2197,0,0,0.26315,0,350.73,dead,0
272.9286,-1.2197,0,0,0.26315,0,352.03,dead,0
272.9451,-2.787,0,0,0.27679,0,353.76,dead,0
272.9612,-2.787,0,0,0.27679,0,355.58,dead,0
272.9779,-2.787,0,0,0.28494,0,357.83,dead,0
272.9945,-2.84,0,0,0.28494,0,360.23,dead,0
273.0105,-2.84,0,0,0.28494,0,363.1,dead,0
273.0271,-2.84,0,0,0.28494,0,366.09,dead,0
273.0432,-2.84,0,0,0.30727,0,369.35,dead,0
273.0599,-2.84,0,0,0.30727,0,373.13,dead,0
273.0764,-2.5549,0,0,0.30727,0,376.98,dead,0
273.0925,-2.5549,0,0,0.30774,0,381.38,dead,0
273.1086,-2.5549,0,0,0.30774,0,385.81,dead,0
273.1251,-1.2931,0,0,0.30774,0,390.52,dead,0
273.1412,-1.2931,0,0,0.3284,0,395.5,dead,0
273.1579,-1.2931,0,0,0.3284,0,401.12,dead,0
273.1744,-1.1299,0,0,0.3284,0,406.69,dead,0
273.191,-1.1299,0,0,0.30172,0,412.93,dead,0
273.2066,-0.982,0,0,0.30172,0,419.08,dead,0
273.2232,-0.982,0,0,0.30172,0,425.51,dead,0
273.2403,-0.982,0,0,,0,432.66,dead,0
273.2573,-7.8338,0,0,,0,440.13,dead,0
273.2739,-7.8338,0,0,,0,447.92,dead,0
273.2901,-7.8338,0,0,,0,455.53,dead,0
273.3055,-11.6627,1,0,,0,463.42,dead,0
273.3226,-11.6627,0,0,,0,285.0,playing,0
273.3392,-11.6627,0,0,,0,278.69,playing,0
273.3563,-8.0424,0,0,,0,272.69,playing,0
273.3733,-8.0424,0,0,,0,267.02,playing,0
273.3899,9.4277,0,0,,0,261.66,playing,0
273.4065,9.4277,0,0,0.23219,0,256.9,playing,0
273.4231,9.4277,0,0,0.23219,0,252.16,playing,0
273.4387,12.6354,0,0,0.23219,0,247.98,playing,0
273.4548,12.6354,0,0,0.1727,0,244.08,playing,0
273.4714,12.6354,0,0,0.1727,0,240.25,playing,0
273.4886,10.7999,0,0,0.1727,0,236.93,playing,0
273.5047,10.7999,0,0,0.1727,0,233.72,playing,0
273.5203,10.7999,0,0,0.1727,0,230.99,playing,0
273.5369,5.1246,0,0,0.1727,0,228.53,playing,0
273.553,5.1246,0,0,0.18833,0,226.36,playing,0
273.5686,1.7706,0,0,0.18833,0,224.46,playing,0
273.5861,1.7706,0,0,0.18833,0,222.77,playing,0
273.6017,1.7706,0,0,0.18833,0,221.46,playing,0
273.6178,0.0394,0,0,0.20103,0,220.43,playing,0
273.6343,0.0394,0,0,0.20103,0,219.68,playing,0
273.6514,0.0394,0,0,0.20103,0,219.2,playing,0
273.6679,-0.4321,0,0,0.20103,0,219.04,playing,0
273.6853,-0.4321,0,0,0.2067,1,219.17,playing,0
273.7024,-0.4321,0,0,0.2067,0,219.68,playing,0
273.7195,-1.5084,0,0,0.2067,0,220.47,playing,0
273.7361,-1.5084,0,0,0.2067,0,221.58,playing,0
273.7526,-1.5084,0,0,0.26338,0,222.91,playing,0
273.7687,-1.5084,0,0,0.26338,0,224.64,playing,0
273.7857,-1.5084,0,0,0.26338,0,226.55,playing,0
273.8033,-2.1661,0,0,0.24561,0,229.05,playing,0
273.8199,-2.1661,0,0,0.24561,0,231.74,playing,0
273.8359,-2.1661,0,0,0.25518,0,234.54,playing,0
273.8515,-1.4239,0,0,0.25518,0,237.63,playing,0
273.8675,-1.4239,0,0,0.25518,0,241.0,playing,0
273.8841,-1.7699,0,0,0.25518,0,244.65,playing,0
273.9007,-1.7699,0,0,0.27632,0,248.58,playing,0
273.9168,-1.7699,0,0,0.27632,0,253.08,playing,0
273.9328,-0.7747,0,0,0.27632,0,257.59,playing,0
273.9494,-0.7747,0,0,0.27632,0,262.39,playing,0
273.9665,-0.7747,0,0,0.27632,0,267.8,playing,0
273.9826,-10.4634,0,0,0.27632,0,273.53,playing,0
273.9986,-10.4634,0,0,0.33025,0,279.21,playing,0
274.0147,-10.4634,0,0,0.33025,0,285.16,playing,0
274.0313,-7.6822,1,0,0.33025,0,291.4,playing,0
274.0484,-7.6822,0,0,0.31113,0,285.09,playing,0
274.0649,-2.7233,0,0,0.31113,0,279.1,playing,0
274.0805,-2.7233,0,0,0.31113,0,273.74,playing,0
274.0966,-2.7233,0,0,0.21036,0,268.66,playing,0
274.1131,8.1494,0,0,0.21036,0,263.86,playing,0
274.1287,8.1494,0,0,0.21036,0,259.35,playing,0
274.1448,8.1494,0,0,0.18772,0,255.11,playing,0
274.1609,8.1967,0,0,0.18772,0,251.16,playing,0
274.177,8.1967,0,0,0.18772,0,247.49,playing,0
274.1926,8.1967,0,0,0.20989,1,244.1,playing,0
274.2087,7.67,0,0,0.20989,0,240.99,playing,0
274.2247,7.67,0,0,0.20989,0,238.17,playing,0
274.2409,7.67,0,0,0.18761,0,235.62,playing,0
274.257,4.278,0,0,0.18761,0,233.36,playing,0
274.2731,4.278,0,0,0.18761,0,231.38,playing,0
274.2898,2.9689,0,0,0.18725,0,229.59,playing,0
274.3058,2.9689,0,0,0.18725,0,228.19,playing,0
274.3219,2.9689,0,0,0.18725,0,227.08,playing,0
274.338,0.5594,0,0,0.26777,0,226.24,playing,0
274.3536,0.5594,0,0,0.26777,0,225.68,playing,0
274.3702,0.5594,0,0,0.26777,0,225.41,playing,0
274.3867,-0.1606,0,0,0.23761,0,225.44,playing,0
274.4028,-0.1606,0,0,0.23761,0,225.74,playing,0
274.419,-0.1606,0,0,0.23761,0,226.33,playing,0
274.435,-0.1606,0,0,0.25893,0,227.2,playing,0
274.4517,-0.1606,0,0,0.25893,0,228.36,playing,0
274.4678,-1.0637,0,0,0.25893,0,229.9,playing,0
274.4833,-1.5651,0,0,0.25893,0,231.63,playing,0
274.5004,-1.5651,0,0,0.25893,0,233.64,playing,0
274.5176,-1.7676,0,0,0.25893,0,236.1,playing,0
274.5337,-1.7676,0,0,0.26339,0,238.88,playing,0
274.5508,-1.7676,0,0,0.26339,0,241.77,playing,0
274.5673,-1.605,0,0,0.26339,0,245.17,playing,0
274.5845,-1.605,0,0,0.26316,0,248.88,playing,0
274.6011,-1.605,0,0,0.26316,0,252.91,playing,0
274.6172,-1.3305,0,0,0.26316,0,256.98,playing,0
274.6343,-1.3305,0,0,0.26316,0,261.63,playing,0
274.6514,-1.3436,0,0,0.26285,0,266.59,playing,0
274.6685,-1.3436,0,0,0.26285,0,271.87,playing,0
274.6851,-1.3436,0,0,0.26285,0,277.47,playing,0
274.7028,-16.2911,1,0,0.26285,0,283.39,playing,0
274.7174,-16.2911,0,0,0.24676,0,277.43,playing,0
274.7337,-16.2911,0,0,0.24676,0,271.75,playing,0
274.7517,-9.116,0,0,0.24676,0,266.36,playing,0
274.7684,-9.116,0,0,0.24676,0,260.65,playing,0
274.7845,10.784,0,0,0.24676,0,255.57,playing,0
274.801,10.784,0,0,0.27231,0,251.07,playing,0
274.8167,10.784,0,0,0.27231,0,246.85,playing,0
274.8328,12.0546,0,0,0.27231,0,242.92,playing,0
274.8489,12.0546,0,0,0.27231,0,239.27,playing,0
274.8654,12.0546,0,0,0.18833,0,235.9,playing,0
274.882,9.4055,0,0,0.18833,0,232.63,playing,0
274.8981,9.4055,0,0,0.18833,0,229.84,playing,0
274.9142,9.4055,0,0,0.17782,0,227.33,playing,0
274.9313,4.7942,0,0,0.17782,0,224.99,playing,0
274.948,4.7942,0,0,0.17782,0,222.96,playing,0
274.965,2.7286,0,0,0.17782,0,221.33,playing,0
274.9811,2.7286,0,0,0.17782,0,219.91,playing,0
275.0003,2.7286,0,0,0.17782,0,218.82,playing,0
275.0183,0.6501,0,0,0.17782,0,217.99,playing,0
275.0349,0.6501,0,0,0.17782,0,217.57,playing,0
275.0509,0.6501,0,0,0.24617,1,217.47,playing,0
275.0664,-0.1515,0,0,0.24617,0,217.65,playing,0
275.083,-0.1515,0,0,0.24617,0,218.12,playing,0
275.0991,-0.6858,0,0,0.21671,0,218.87,playing,0
275.1151,-0.6858,0,0,0.21671,0,219.89,playing,0
275.1322,-0.6858,0,0,0.21671,0,221.31,playing,0
275.1493,-2.3474,0,0,0.26471,0,223.03,playing,0
275.1654,-2.3474,0,0,0.26471,0,225.08,playing,0
275.1825,-2.3474,0,0,0.26471,0,227.29,playing,0
275.1996,-2.5665,0,0,0.26471,0,229.95,playing,0
275.2161,-2.5665,0,0,0.2333,0,232.93,playing,0
275.2327,-2.5665,0,0,0.2333,0,236.23,playing,0
275.2492,-2.5665,0,0,0.2333,0,239.62,playing,0
275.2663,-2.5665,0,0,0.2677,0,243.54,playing,0
275.2828,-2.5262,0,0,0.2677,0,247.77,playing,0
275.2984,-2.5262,0,0,0.2677,0,252.04,playing,0
275.3149,-2.5262,0,0,0.24529,0,256.59,playing,0
275.3309,-1.9259,0,0,0.24529,0,261.42,playing,0
275.3467,-1.9259,0,0,0.24529,0,266.53,playing,0
275.3627,-1.9259,0,0,0.26003,0,271.93,playing,0
275.3789,-1.8607,0,0,0.26003,0,277.6,playing,0
275.3945,-1.8607,0,0,0.26003,0,283.56,playing,0
275.4111,-1.8607,0,0,0.26003,0,289.8,playing,0
275.4266,-1.6797,0,0,0.26003,0,296.32,playing,0
275.4427,-1.6797,0,0,0.27208,0,303.12,playing,0
275.4588,-7.4096,0,0,0.27208,0,310.2,playing,0
275.4749,-7.1657,0,0,0.27208,0,317.57,playing,0
275.4908,-7.1657,0,0,0.28153,0,325.21,playing,0
275.5064,-12.1028,1,0,0.28153,0,333.14,playing,0
275.5234,-12.1028,0,0,0.28153,0,327.18,playing,0
275.5396,-12.1028,0,0,0.24992,0,321.17,playing,0
275.5562,-6.1648,0,0,0.24992,0,315.79,playing,0
275.5733,-6.1648,0,0,0.24992,0,310.39,playing,0
275.5904,-6.1648,0,0,0.24992,0,305.32,playing,0
275.607,11.7274,0,0,0.24992,0,300.56,playing,0
275.6243,11.7274,0,0,0.18408,0,296.36,playing,0
275.6409,13.7345,0,0,0.18408,0,291.99,playing,0
275.657,13.7345,0,0,0.18408,0,288.39,playing,0
275.673,13.7345,0,0,0.19668,0,285.07,playing,0
275.6891,8.1372,0,0,0.19668,0,282.04,playing,0
275.7051,8.1372,0,0,0.19668,0,279.28,playing,0
275.7222,8.1372,0,0,0.1825,0,276.67,playing,0
275.7384,5.701,0,0,0.1825,0,274.38,playing,0
275.7554,5.701,0,0,0.1825,0,272.51,playing,0
275.7716,5.701,0,0,0.2112,1,270.83,playing,1
275.7877,5.701,0,0,0.2112,0,269.54,playing,1
275.8043,5.701,0,0,0.2112,0,268.52,playing,1
275.821,1.074,0,0,0.20962,0,267.77,playing,1
275.8371,1.074,0,0,0.20962,0,267.33,playing,1
275.8532,1.074,0,0,0.20962,0,267.18,playing,1
275.8687,0.2551,0,0,0.24587,0,267.31,playing,1
275.8848,0.2551,0,0,0.24587,0,267.73,playing,1
275.9004,0.2551,0,0,0.24587,0,268.42,playing,1
275.918,-1.0591,0,0,0.24587,0,269.4,playing,1
275.935,-1.0591,0,0,0.20993,0,270.85,playing,1
275.9506,-1.0591,0,0,0.20993,0,272.43,playing,1
275.9666,-1.6613,0,0,0.20993,0,274.28,playing,1
275.9827,-1.6613,0,0,0.25507,0,276.42,playing,1
275.9993,-1.7497,0,0,0.25507,0,278.84,playing,1
276.0158,-1.7497,0,0,0.25507,0,281.73,playing,1
276.0319,-1.7497,0,0,0.25876,0,284.73,playing,1
276.048,-2.099,0,0,0.25876,0,288.01,playing,1
276.0641,-2.099,0,0,0.25876,0,291.57,playing,1
276.0801,-2.099,0,0,0.2844,0,295.42,playing,1
276.0967,-4.2262,0,0,0.2844,0,299.82,playing,1
276.1133,-4.2262,0,0,0.2844,0,304.25,playing,1
276.1304,-4.2262,0,0,0.2677,0,309.27,playing,1
276.1467,-14.0579,1,0,0.2677,0,314.6,playing,1
276.1628,-14.0579,0,0,0.2677,0,308.64,playing,1
276.1789,-14.0579,0,0,0.2724,0,302.97,playing,1
276.195,-14.0579,0,0,0.2724,0,297.57,playing,1
276.2111,-14.0579,0,0,0.2724,0,292.46,playing,1
276.2282,9.9602,0,0,0.25948,0,287.34,playing,1
276.2453,9.9602,0,0,0.25948,0,282.55,playing,1
276.2624,9.9602,0,0,0.25948,0,278.07,playing,1
276.2784,11.7131,0,0,0.1867,0,273.91,playing,1
276.295,11.7131,0,0,0.1867,0,270.27,playing,1
276.3111,11.7131,0,0,0.1867,0,266.92,playing,1
276.3288,11.7131,0,0,0.1867,0,263.67,playing,1
276.3449,11.7131,0,0,0.15654,0,260.74,playing,1
276.3609,8.0139,0,0,0.15654,0,258.27,playing,1
276.378,8.0139,0,0,0.15654,0,256.08,playing,1
276.3951,8.0139,0,0,0.18267,0,253.97,playing,1
276.4122,3.6937,0,0,0.18267,0,252.29,playing,1
276.4289,3.6937,0,0,0.18267,0,250.94,playing,1
276.4455,3.6937,0,0,0.23692,1,249.94,playing,1
276.462,1.2917,0,0,0.23692,0,249.2,playing,1
276.4776,1.2917,0,0,0.23692,0,248.79,playing,1
276.4941,0.1867,0,0,0.21844,0,248.66,playing,1
276.5112,0.1867,0,0,0.21844,0,248.83,playing,1
276.5283,0.1867,0,0,0.21844,0,249.33,playing,1
276.5448,-0.644,0,0,0.24246,0,250.14,playing,1
276.5609,-0.644,0,0,0.24246,0,251.19,playing,1
276.577,-0.644,0,0,0.24246,0,252.51,playing,1
276.5931,-1.7205,0,0,0.24968,0,254.12,playing,1
276.6086,-1.7205,0,0,0.24968,0,256.02,playing,1
276.6251,-1.7205,0,0,0.24968,0,258.19,playing,1
276.6417,-2.1965,0,0,0.21888,0,260.81,playing,1
276.6573,-2.1965,0,0,0.21888,0,263.57,playing,1
276.6738,-14.9823,1,0,0.21888,0,266.6,playing,1
276.6894,-14.9823,0,0,0.27282,0,260.64,playing,1
276.7062,-14.9823,0,0,0.27282,0,254.97,playing,1
276.7233,-15.6021,0,0,0.27282,0,249.25,playing,1
276.7401,-15.6021,0,0,0.28277,0,243.86,playing,1
276.7561,-15.6021,0,0,0.28277,0,239.06,playing,1
276.7732,-8.1434,0,0,0.28277,0,234.28,playing,1
276.7898,-8.1434,0,0,0.26411,0,229.82,playing,1
276.8054,-8.1434,0,0,0.26411,0,225.91,playing,1
276.822,3.3228,0,0,0.26411,0,222.27,playing,1
276.8386,3.3228,0,0,0.18076,0,218.92,playing,1
276.8546,10.6679,0,0,0.18076,0,215.67,playing,1
276.8712,10.6679,0,0,0.18076,0,212.9,playing,1
276.8879,10.6679,0,0,0.1867,0,210.27,playing,1
276.9045,10.5533,0,0,0.1867,0,208.08,playing,1
276.9211,10.5533,0,0,0.1867,0,206.07,playing,1
276.9366,10.5533,0,0,0.185,0,204.46,playing,1
276.9531,7.6565,0,0,0.185,0,203.13,playing,1
276.9687,7.6565,0,0,0.185,0,202.08,playing,1
276.9853,7.6565,0,0,0.16593,0,201.31,playing,1
277.0019,4.7068,0,0,0.16593,0,200.82,playing,1
277.018,4.7068,0,0,0.16593,0,200.63,playing,1
277.0341,2.6776,0,0,0.1831,0,200.73,playing,1
277.0508,1.0405,0,0,0.1831,0,201.15,playing,1
277.0676,1.0405,0,0,0.1831,0,201.82,playing,1
277.084,-0.4055,0,0,0.1831,0,202.86,playing,1
277.1005,-0.4055,0,0,0.20126,0,204.12,playing,1
277.1166,-0.4055,0,0,0.20126,0,205.77,playing,1
277.1326,-1.2937,0,0,0.20126,0,207.61,playing,1
277.1492,-1.2937,0,0,0.24587,1,209.73,playing,1
277.1658,-1.2937,0,0,0.24587,0,212.3,playing,1
277.1817,-2.1101,0,0,0.24587,0,215.0,playing,1
277.1999,-2.1101,0,0,0.24587,0,217.98,playing,1
277.2155,-2.2194,0,0,0.25111,0,221.7,playing,1
277.2325,-2.2194,0,0,0.25111,0,225.28,playing,1
277.2487,-2.2194,0,0,0.25111,0,229.4,playing,1
277.2652,-2.6594,0,0,0.26462,0,233.56,playing,1
277.2818,-2.6594,0,0,0.26462,0,238.3,playing,1
277.2979,-2.6594,0,0,0.26462,0,243.04,playing,1
277.3135,-3.4818,0,0,0.26935,0,248.07,playing,1
277.3296,-3.4818,0,0,0.26935,0,253.37,playing,1
277.3457,-3.4818,0,0,0.26935,0,258.96,playing,1
277.3618,-2.5269,0,0,0.26935,0,264.83,playing,1
277.3779,-2.5269,0,0,0.26689,0,270.98,playing,1
277.394,-2.3466,0,0,0.26689,0,277.41,playing,1
277.4095,-2.3466,0,0,0.26689,0,284.12,playing,1
277.4256,-2.3466,0,0,0.30462,0,291.12,dead,1
277.4417,-1.9361,0,0,0.30462,0,298.4,dead,1
277.4578,-1.9361,0,0,0.30462,0,305.95,dead,1
277.4734,-1.9361,0,0,0.30736,0,313.79,dead,1
277.4894,-1.0362,0,0,0.30736,0,321.92,dead,1
277.5065,-1.0362,0,0,0.30736,0,330.32,dead,1
277.523,-1.0362,0,0,0.30163,0,339.57,dead,1
277.5391,-0.1821,0,0,0.30163,0,348.55,dead,1
277.5547,-0.1821,0,0,0.30163,0,357.81,dead,1
277.5718,-0.1821,0,0,0.30163,0,367.36,dead,1
277.5875,-1.642,0,0,0.31897,0,377.82,dead,1
277.6035,-1.642,0,0,0.31897,0,387.95,dead,1
277.6201,-1.642,0,0,0.31897,0,398.36,dead,1
277.6384,-1.642,0,0,0.31684,0,409.74,dead,1
277.6556,-1.642,0,0,0.31684,0,422.14,dead,1
277.6723,-9.8093,1,0,0.31684,0,434.04,dead,1
277.6891,-9.8093,0,0,0.30799,0,285.0,playing,0
277.7062,-9.8093,0,0,0.30799,0,278.69,playing,0
277.7233,7.1716,0,0,0.30799,0,272.69,playing,0
277.7399,7.1716,0,0,0.18247,0,267.02,playing,0
277.7554,9.1297,0,0,0.18247,0,261.96,playing,0
277.772,9.1297,0,0,0.18247,0,257.18,playing,0
277.7876,9.1297,0,0,0.25557,1,252.68,playing,0
277.8046,8.4378,0,0,0.25557,0,248.46,playing,0
277.8207,8.4378,0,0,0.25557,0,244.3,playing,0
277.8369,8.4378,0,0,0.17448,0,240.67,playing,0
277.8544,5.9096,0,0,0.17448,0,237.12,playing,0
277.8705,5.9096,0,0,0.17448,0,233.9,playing,0
277.8873,3.8231,0,0,0.17448,0,231.14,playing,0
277.9044,3.8231,0,0,0.18176,0,228.53,playing,0
277.9209,3.8231,0,0,0.18176,0,226.24,playing,0
277.938,2.5416,0,0,0.18176,0,224.36,playing,0
277.9551,2.5416,0,0,0.30611,0,222.61,playing,0
277.9716,2.5416,0,0,0.30611,0,221.27,playing,0
277.9877,0.7248,0,0,0.30413,0,220.3,playing,0
278.0043,0.7248,0,0,0.30413,0,219.6,playing,0
278.0204,0.7248,0,0,0.30413,0,219.18,playing,0
278.037,0.19,0,0,0.32759,0,219.06,playing,0
278.0525,0.19,0,0,0.32759,0,219.23,playing,0
278.0691,0.0051,0,0,0.32759,0,219.68,playing,0
278.0857,0.0051,0,0,0.31638,0,220.47,playing,0
278.1018,0.0051,0,0,0.31638,0,221.5,playing,0
278.1173,-1.2912,0,0,0.31638,0,222.81,playing,0
278.1339,-1.2912,0,0,0.32806,0,224.4,playing,0
278.1505,-1.2912,0,0,0.32806,0,226.28,playing,0
278.167,-1.0042,0,0,0.32184,0,228.58,playing,0
278.1836,-1.0042,0,0,0.32184,0,231.04,playing,0
278.1997,-1.0042,0,0,0.32184,0,233.96,playing,0
278.2157,-1.3155,0,0,0.29709,0,237.0,playing,0
278.2323,-1.3155,0,0,0.29709,0,240.32,playing,0
278.2488,-1.3155,0,0,0.29709,0,244.16,playing,0
278.2659,-1.3155,0,0,0.31801,0,248.06,playing,0
278.281,-1.3155,0,0,0.31801,0,252.24,playing,0
278.2971,-0.8541,0,0,0.31801,0,256.7,playing,0
278.3131,-0.8541,0,0,0.3424,0,261.44,playing,0
278.3302,-0.8541,0,0,0.3424,0,266.8,playing,0
278.3457,-2.0765,0,0,0.3424,0,272.12,playing,0
278.3618,-2.0765,0,0,0.31034,0,277.72,playing,0
278.3779,-2.0765,0,0,0.31034,0,283.61,playing,0
278.3945,-12.8706,1,0,0.31034,0,289.78,playing,0
278.411,-12.8706,0,0,,0,283.47,playing,0
278.4271,-12.8706,0,0,,0,277.81,playing,0
278.4447,-12.8706,0,0,,0,272.43,playing,0
278.4623,-12.8706,0,0,0.29575,0,266.44,playing,0
278.4789,0.2547,0,0,0.29575,0,261.4,playing,0
278.4951,0.2547,0,0,0.29575,0,256.94,playing,0
278.5107,0.2547,0,0,0.29575,0,252.76,playing,0
278.5274,10.7509,0,0,0.18559,0,248.86,playing,0
278.5439,10.7509,0,0,0.18559,0,245.03,playing,0
278.5595,10.7509,0,0,0.18559,0,241.71,playing,0
278.5756,10.7054,0,0,0.17838,0,238.68,playing,0
278.5918,10.7054,0,0,0.17838,0,235.92,playing,0
278.6084,6.9878,0,0,0.17838,0,233.45,playing,0
278.625,6.9878,0,0,0.17838,0,231.14,playing,0
278.6415,6.9878,0,0,0.1825,0,229.25,playing,0
278.6576,4.3919,0,0,0.1825,0,227.55,playing,0
278.6742,4.3919,0,0,0.1825,0,226.24,playing,0
278.6908,4.3919,0,0,0.22385,1,225.16,playing,0
278.7069,1.6739,0,0,0.22385,0,224.43,playing,0
278.7224,1.6739,0,0,0.22385,0,223.98,playing,0
278.7391,1.6739,0,0,0.25057,0,223.81,playing,0
278.7556,0.443,0,0,0.25057,0,223.95,playing,0
278.7722,0.443,0,0,0.25057,0,224.37,playing,0
278.7893,-0.5872,0,0,0.25415,0,225.12,playing,0
278.8059,-0.5872,0,0,0.25415,0,226.2,playing,0
278.8224,-0.5872,0,0,0.25415,0,227.49,playing,0
278.8385,-1.915,0,0,0.25954,0,229.18,playing,0
278.8551,-1.915,0,0,0.25954,0,231.06,playing,0
278.8716,-1.915,0,0,0.25954,0,233.36,playing,0
278.8883,-2.0869,0,0,0.28448,0,235.82,playing,0
278.9048,-2.0869,0,0,0.28448,0,238.74,playing,0
278.9214,-2.0638,0,0,0.28448,0,241.78,playing,0
278.9379,-2.1183,0,0,0.3113,0,245.32,playing,0
278.9535,-2.1183,0,0,0.3113,0,248.94,playing,0
278.97,-1.7776,0,0,0.3113,0,252.84,playing,0
278.9856,-1.7776,0,0,0.31569,0,257.02,playing,0
279.0017,-1.7776,0,0,0.31569,0,261.48,playing,0
279.0183,-1.496,0,0,0.31569,0,266.22,playing,0
279.0353,-1.496,0,0,0.30163,0,271.58,playing,0
279.0524,-1.496,0,0,0.30163,0,277.25,playing,0
279.0699,-10.9226,0,0,0.29455,0,283.24,playing,0
279.0865,-10.9226,0,0,0.29455,0,289.94,playing,0
279.1031,-10.9226,0,0,0.29455,0,296.18,playing,0
279.1186,-10.9226,0,0,0.29455,0,302.7,playing,0
279.1352,-10.9226,0,0,0.31289,0,309.5,playing,0
279.1523,-10.9226,0,0,0.31289,0,317.05,playing,0
279.1688,-10.9226,0,0,0.31355,0,324.91,playing,0
279.1849,-10.9226,0,0,0.31355,0,332.59,playing,0
279.201,1.7785,1,0,0.31355,0,340.56,playing,0
279.2171,1.7785,0,0,0.31355,0,334.6,playing,0
279.2331,1.7785,0,0,0.14639,0,328.92,playing,0
279.2503,7.7118,0,0,0.14639,0,323.21,playing,0
279.2668,7.7118,0,0,0.14639,0,317.81,playing,0
279.2829,7.7118,0,0,0.17125,0,313.01,playing,0
279.2995,7.7118,0,0,0.17125,0,308.5,playing,0
279.3156,7.7118,0,0,0.17125,0,304.02,playing,0
279.3316,6.0951,0,0,0.17125,0,300.09,playing,0
279.3482,6.0951,0,0,0.13482,0,296.43,playing,0
279.3653,6.0951,0,0,0.13482,0,292.87,playing,0
279.3818,2.255,0,0,0.13482,0,289.62,playing,0
279.398,2.255,0,0,0.18842,0,286.85,playing,0
279.414,2.255,0,0,0.18842,0,284.36,playing,0
279.4301,1.71,0,0,0.18842,0,282.15,playing,0
279.4461,1.71,0,0,0.26769,1,280.22,playing,0
279.4632,-0.6335,0,0,0.26769,0,278.49,playing,0
279.4803,-0.6335,0,0,0.26769,0,277.08,playing,0
279.4973,-0.6335,0,0,0.26769,0,275.98,playing,0
279.5139,-0.8093,0,0,0.26769,0,275.21,playing,0
279.5301,-0.8093,0,0,0.26769,0,274.76,playing,0
279.5461,-0.8093,0,0,0.27669,0,274.59,playing,0
279.5633,-0.8093,0,0,0.27669,0,274.73,playing,0
279.5803,-0.8093,0,0,0.27669,0,275.19,playing,0
279.597,-1.1153,0,0,0.27632,0,275.96,playing,0
279.6125,-1.1153,0,0,0.27632,0,276.97,playing,0
279.6296,-1.1153,0,0,0.27632,0,278.27,playing,0
279.6456,-1.8003,0,0,0.27203,0,279.96,playing,0
279.6618,-1.8003,0,0,0.27203,0,281.83,playing,0
279.6785,-1.8003,0,0,0.27203,0,283.99,playing,0
279.6949,-6.5882,0,0,0.27203,0,286.59,playing,0
279.7116,-6.5882,0,0,0.27296,0,289.33,playing,0
279.7287,-6.5882,0,0,0.27296,0,292.55,playing,0
279.7452,-6.5882,0,0,0.27296,0,296.1,playing,0
279.7618,-6.5882,0,0,0.27661,0,299.96,playing,0
279.7774,-14.8934,1,0,0.27661,0,303.87,playing,0
279.7956,-3.4247,0,0,0.27661,0,297.91,playing,0
279.8124,-3.4247,0,0,0.20363,0,291.57,playing,0
279.8288,0.8857,0,0,0.20363,0,285.89,playing,0
279.8449,0.8857,0,0,0.20363,0,280.83,playing,0
279.8609,0.8857,0,0,0.20363,0,276.05,playing,0
279.8775,7.6166,0,0,0.20363,0,271.55,playing,0
279.8941,7.6166,0,0,0.17011,0,267.09,playing,0
279.9107,7.6166,0,0,0.17011,0,262.95,playing,0
279.9267,9.8491,0,0,0.17011,0,259.33,playing,0
279.9433,9.8491,0,0,0.17763,0,256.0,playing,0
279.9605,7.5139,0,0,0.17763,0,252.77,playing,0
279.9776,7.5139,0,0,0.17763,0,249.86,playing,0
279.9942,7.5139,0,0,0.1867,0,247.27,playing,0
280.0098,4.969,0,0,0.1867,0,245.11,playing,0
280.0253,4.969,0,0,0.1867,0,243.24,playing,0
280.0425,4.969,0,0,0.18005,0,241.65,playing,0
280.0596,1.3607,0,0,0.18005,0,240.27,playing,0
280.0761,1.3607,0,0,0.25446,1,239.21,playing,0
280.0928,1.3607,0,0,0.25446,0,238.47,playing,0
280.1084,1.3607,0,0,0.25446,0,238.06,playing,0
280.1254,1.3607,0,0,0.27827,0,237.93,playing,0
280.1426,-0.4307,0,0,0.27827,0,238.1,playing,1
280.1588,-0.4307,0,0,0.27827,0,238.6,playing,1
280.1748,-0.4307,0,0,0.28502,0,239.34,playing,1
280.1914,-0.9465,0,0,0.28502,0,240.37,playing,1
280.2085,-0.9465,0,0,0.28502,0,241.78,playing,1
280.2252,-0.9465,0,0,0.28502,0,243.51,playing,1
280.2419,-1.5067,0,0,0.28502,0,245.56,playing,1
280.2574,-1.5067,0,0,0.28502,0,247.77,playing,1
280.274,-1.5698,0,0,0.28502,0,250.26,playing,1
280.2896,-2.2517,0,0,0.27816,0,253.03,playing,1
280.3062,-2.2517,0,0,0.27816,0,256.08,playing,1
280.3219,-1.8047,0,0,0.27816,0,259.42,playing,1
280.338,-1.8047,0,0,0.27816,0,263.03,playing,1
280.3545,-1.8047,0,0,0.28188,0,266.93,playing,1
280.3715,-0.9092,0,0,0.28188,0,271.39,playing,1
280.3876,-0.9092,0,0,0.28188,0,276.17,playing,1
280.4041,-0.9092,0,0,0.28188,0,280.94,playing,1
280.4197,-1.2828,0,0,0.29745,0,286.0,playing,1
280.4363,-1.2828,0,0,0.29745,0,291.34,playing,1
280.4534,-1.2828,0,0,0.29745,0,297.34,playing,1
280.4703,-16.3717,1,0,0.29016,0,303.65,playing,1
280.4874,-16.3717,0,0,0.29016,0,297.33,playing,1
280.504,-11.3149,0,0,0.29016,0,291.34,playing,1
280.5201,-11.3149,0,0,0.28496,0,285.98,playing,1
280.5366,-11.3149,0,0,0.28496,0,280.6,playing,1
280.5535,-4.3418,0,0,0.28496,0,275.82,playing,1
280.5701,-4.3418,0,0,0.15301,0,271.06,playing,1
280.5856,-4.3418,0,0,0.15301,0,266.87,playing,1
280.6022,12.0378,0,0,0.15301,0,262.95,playing,1
280.6188,12.0378,0,0,0.15002,0,259.1,playing,1
280.6353,10.564,0,0,0.15002,0,255.77,playing,1
280.6519,10.564,0,0,0.15002,0,252.54,playing,1
280.6675,10.564,0,0,0.17234,0,249.79,playing,1
280.6842,6.3269,0,0,0.17234,0,247.31,playing,1
280.7003,6.3269,0,0,0.17234,0,245.12,playing,1
280.717,6.3269,0,0,0.1651,0,243.11,playing,1
280.7335,6.3269,0,0,0.1651,0,241.5,playing,1
280.7501,6.3269,0,0,0.1651,0,240.11,playing,1
280.7662,6.3269,0,0,0.21477,1,239.07,playing,1
280.7818,2.7928,0,0,0.21477,0,238.33,playing,1
280.7984,2.7928,0,0,0.21477,0,237.86,playing,1
280.815,2.7928,0,0,0.19719,0,237.68,playing,1
280.831,2.7928,0,0,0.19719,0,237.79,playing,1
280.8466,2.7928,0,0,0.19719,0,238.19,playing,1
280.8631,-0.2477,0,0,0.21117,0,238.87,playing,1
280.8787,-0.2477,0,0,0.21117,0,239.82,playing,1
280.8953,-0.2477,0,0,0.21117,0,241.06,playing,1
280.9124,-2.065,0,0,0.2333,0,242.7,playing,1
280.929,-2.065,0,0,0.2333,0,244.65,playing,1
280.9451,-2.065,0,0,0.2333,0,246.77,playing,1
280.9617,-2.4061,0,0,0.25111,0,249.34,playing,1
280.9778,-2.4061,0,0,0.25111,0,252.04,playing,1
280.9934,-2.4061,0,0,0.25492,0,255.03,playing,1
281.0104,-1.9079,0,0,0.25492,0,258.29,playing,1
281.027,-1.9079,0,0,0.25492,0,262.08,playing,1
281.0425,-1.8103,0,0,0.25492,0,265.92,playing,1
281.0586,-1.8103,0,0,0.27685,0,270.05,playing,1
281.0756,-1.8103,0,0,0.27685,0,274.46,playing,1
281.0922,-3.2851,0,0,0.27685,0,279.46,playing,1
281.1093,-3.2851,0,0,0.2844,0,284.78,playing,1
281.1264,-3.2851,0,0,0.2844,0,290.41,playing,1
281.144,-3.107,0,0,0.2844,0,296.37,playing,1
281.1611,-3.107,0,0,0.29908,0,303.03,playing,1
281.1767,-1.8735,0,0,0.29908,0,309.23,playing,1
281.1932,-1.8735,0,0,,0,315.72,playing,1
281.2098,-1.8735,0,0,,0,322.93,playing,1
281.2264,-0.9085,0,0,,0,329.99,playing,1
281.243,-0.9085,0,0,,0,337.82,playing,1
281.2591,-0.9085,0,0,,0,345.46,playing,1
281.2752,0.2153,0,0,,0,353.39,playing,1
281.2922,0.2153,0,0,,0,362.13,playing,1
281.3088,-10.496,0,0,,0,371.19,playing,1
281.3254,-10.496,0,0,,0,380.0,playing,1
281.3426,-10.496,0,0,,0,389.68,playing,1
281.3592,-5.5566,1,0,,0,399.67,playing,1
281.3763,-5.5566,0,0,,0,393.36,playing,1
281.393,-5.5566,0,0,,0,387.36,playing,1
281.409,2.4405,0,0,,0,382.0,playing,1
281.4246,2.4405,0,0,,0,376.93,playing,1
281.4412,2.4405,0,0,,0,372.13,playing,1
281.4582,12.7105,0,0,,0,367.35,playing,1
281.4753,12.7105,0,0,,0,362.89,playing,1
281.4915,10.4086,0,0,0.18592,0,358.75,playing,1
281.5081,10.4086,0,0,0.18592,0,355.13,playing,1
281.5237,10.4086,0,0,0.18592,0,351.79,playing,1
281.5403,7.2354,0,0,0.20177,0,348.74,playing,1
281.5568,7.2354,0,0,0.20177,0,345.81,playing,1
281.5734,7.2354,0,0,0.20177,0,343.34,playing,1
281.5905,2.7314,0,0,0.1961,0,341.03,playing,1
281.6076,2.7314,0,0,0.1961,0,339.04,playing,1
281.6243,1.26,0,0,0.1961,0,337.36,playing,1
281.6408,1.26,0,0,0.22462,1,336.0,playing,1
281.6567,1.26,0,0,0.22462,0,335.01,playing,1
281.6728,-0.0989,0,0,0.22462,0,334.3,playing,1
281.6889,-0.0989,0,0,0.26394,0,333.86,playing,1
281.7059,-0.0989,0,0,0.26394,0,333.72,playing,1
281.722,-1.9653,0,0,0.26394,0,333.87,playing,1
281.7376,-1.9653,0,0,0.25454,0,334.3,playing,1
281.7537,-1.9653,0,0,0.25454,0,335.01,playing,1
281.7698,-2.8903,0,0,0.25454,0,336.01,playing,1
281.7854,-2.8903,0,0,0.26896,0,337.28,playing,1
281.8025,-2.6906,0,0,0.26896,0,338.84,playing,1
281.8206,-2.7823,0,0,0.26896,0,340.81,playing,1
281.8372,-2.7823,0,0,0.30557,0,343.26,playing,1
281.8538,-2.8109,0,0,0.30557,0,345.88,playing,1
281.8694,-2.8109,0,0,0.30557,0,348.64,playing,1
281.8865,-2.8109,0,0,0.30677,0,351.67,playing,1
281.9026,-2.21,0,0,0.30677,0,355.21,playing,1
281.9192,-2.21,0,0,0.30677,0,358.83,playing,1
281.9362,-2.21,0,0,0.31746,0,362.99,playing,1
281.9528,-2.21,0,0,0.31746,0,367.47,dead,1
281.9699,-2.21,0,0,0.31746,0,371.96,dead,1
281.986,-1.8549,0,0,0.3219,0,377.06,dead,1
282.002,-1.8549,0,0,0.3219,0,382.13,dead,1
282.0181,-1.8549,0,0,0.3219,0,387.49,dead,1
282.0337,-13.5982,1,0,0.33044,0,393.13,dead,1
282.0503,-13.5982,0,0,0.33044,0,285.0,playing,0
282.0669,-13.5982,0,0,,0,278.69,playing,0
282.0825,-13.5982,0,0,,0,273.03,playing,0
282.0986,-13.5982,0,0,,0,267.65,playing,0
282.1151,-13.5982,0,0,,0,262.56,playing,0
282.1322,8.4585,0,0,,0,257.46,playing,0
282.1493,8.4585,0,0,,0,252.68,playing,0
282.1663,10.6508,0,0,0.32451,0,248.22,playing,0
282.1829,10.6508,0,0,0.32451,0,244.08,playing,0
282.1996,10.6508,0,0,0.17767,0,240.46,playing,0
282.2161,9.208,0,0,0.17767,0,236.93,playing,0
282.2322,9.208,0,0,0.17767,0,233.9,playing,0
282.2488,9.208,0,0,0.16157,0,230.99,playing,0
282.2654,4.6767,0,0,0.16157,0,228.53,playing,0
282.282,4.6767,0,0,0.16157,0,226.24,playing,0
282.2977,3.0745,0,0,0.21473,1,224.36,playing,0
282.3143,3.0745,0,0,0.21473,0,222.77,playing,0
282.3304,3.0745,0,0,0.21473,0,221.4,playing,0
282.347,1.0091,0,0,0.24131,0,220.38,playing,0
282.3635,1.0091,0,0,0.24131,0,219.65,playing,0
282.3802,1.0091,0,0,0.24131,0,219.19,playing,0
282.396,0.1345,0,0,0.24131,0,219.04,playing,0
282.4125,0.1345,0,0,0.27725,0,219.17,playing,0
282.4292,0.1345,0,0,0.27725,0,219.63,playing,0
282.4463,-0.688,0,0,0.27725,0,220.41,playing,0
282.4628,-0.688,0,0,0.26881,0,221.5,playing,0
282.4794,-1.552,0,0,0.26881,0,222.81,playing,0
282.4965,-1.552,0,0,0.26881,0,224.52,playing,0
282.513,-1.552,0,0,0.2677,0,226.55,playing,0
282.5287,-1.6131,0,0,0.2677,0,228.74,playing,0
282.5453,-1.6131,0,0,0.2677,0,231.21,playing,0
282.5619,-1.6131,0,0,0.29301,0,234.15,playing,0
282.578,-2.2989,0,0,0.29301,0,237.21,playing,0
282.5936,-2.2989,0,0,0.29301,0,240.54,playing,0
282.6097,-2.2989,0,0,0.2931,0,244.16,playing,0
282.6263,-2.0887,0,0,0.2931,0,248.06,playing,0
282.6428,-2.0887,0,0,0.2764,0,252.51,playing,0
282.6594,-1.8882,0,0,0.2764,0,256.99,playing,0
282.6764,-1.8882,0,0,0.2764,0,262.07,playing,0
282.693,-1.8882,0,0,0.32192,0,267.46,playing,0
282.7086,-1.9773,0,0,0.32192,0,272.82,playing,0
282.7246,-1.9773,0,0,0.32192,0,278.46,playing,0
282.7412,-1.9773,0,0,0.29803,0,284.38,playing,0
282.7583,-16.0517,1,0,0.29803,0,290.99,playing,0
282.7764,-16.0517,0,0,0.29803,0,284.68,playing,0
282.7935,-13.6745,0,0,0.32451,0,278.35,playing,0
282.8101,-13.6745,0,0,0.32451,0,272.7,playing,0
282.8266,-13.6745,0,0,0.3284,0,267.36,playing,0
282.8427,1.8378,0,0,0.3284,0,262.61,playing,0
282.8588,1.8378,0,0,0.3284,0,258.15,playing,0
282.8748,1.8378,0,0,0.18176,0,253.97,playing,0
282.891,9.2016,0,0,0.18176,0,250.07,playing,0
282.9071,9.2016,0,0,0.18176,0,246.45,playing,0
282.9232,9.2016,0,0,0.1595,0,243.12,playing,0
282.9398,9.6509,0,0,0.1595,0,239.89,playing,0
282.9554,9.6509,0,0,0.1595,0,237.13,playing,0
282.972,9.6509,0,0,0.15718,0,234.66,playing,0
282.9881,5.2954,0,0,0.15718,0,232.47,playing,0
283.0037,5.2954,0,0,0.15718,0,230.56,playing,0
283.0203,5.2954,0,0,0.19504,0,228.93,playing,0
283.0374,5.2954,0,0,0.19504,0,227.52,playing,0
283.0545,5.2954,0,0,0.19504,0,226.42,playing,0
283.0716,1.5194,0,0,0.21938,1,225.65,playing,0
283.0877,1.5194,0,0,0.21938,0,225.19,playing,0
283.1037,1.5194,0,0,0.21938,0,225.04,playing,0
283.1199,1.1403,0,0,0.27632,0,225.17,playing,0
283.1361,1.1403,0,0,0.27632,0,225.58,playing,0
283.1534,0.1339,0,0,0.27632,0,226.34,playing,0
283.1704,0.1339,0,0,0.28618,0,227.41,playing,0
283.1865,0.1339,0,0,0.28618,0,228.8,playing,0
283.203,-0.5391,0,0,0.28618,0,230.4,playing,0
283.2191,-0.5391,0,0,0.28547,0,232.27,playing,0
283.236,-0.5391,0,0,0.28547,0,234.58,playing,0
283.252,-0.5316,0,0,0.28547,0,237.03,playing,0
283.2676,-0.5316,0,0,0.30508,0,239.77,playing,0
283.2841,-0.5316,0,0,0.30508,0,242.79,playing,0
283.3012,-1.421,0,0,0.30508,0,246.31,playing,0
283.3183,-1.421,0,0,0.31077,0,250.15,playing,0
283.3348,-1.742,0,0,0.31077,0,254.31,playing,0
283.3509,-1.742,0,0,0.31077,0,258.51,playing,0
283.367,-1.742,0,0,0.33059,0,262.99,playing,0
283.383,-1.1691,0,0,0.33059,0,267.75,playing,0
283.3986,-1.1691,0,0,0.33059,0,272.79,playing,0
283.4152,-1.1691,0,0,0.31389,0,278.11,playing,0
283.432,-1.9962,0,0,0.31389,0,284.09,playing,0
283.4476,-1.9962,0,0,0.31389,0,289.99,playing,0
283.4642,-1.9962,0,0,0.30554,0,296.17,playing,0
283.4803,-9.01,0,0,0.30554,0,302.64,playing,0
283.4963,-9.01,0,0,0.30554,0,309.83,playing,0
283.5129,-10.4518,0,0,0.29455,0,316.88,playing,0
283.5285,-10.4518,0,0,0.29455,0,324.21,playing,0
283.5445,-10.4518,0,0,0.29455,0,331.82,playing,0
283.5616,-5.9374,0,0,0.20532,0,339.71,playing,0
283.5782,-5.9374,0,0,0.20532,0,348.42,playing,0
283.5952,-5.9374,0,0,0.20532,0,357.44,playing,0
283.6118,9.3908,0,0,0.31286,0,366.78,playing,0
283.6284,9.3908,0,0,0.31286,0,375.85,playing,0
283.645,9.3908,0,0,0.31286,0,385.81,playing,0
283.661,8.1649,0,0,0.19679,0,395.46,playing,0
283.6776,8.1649,0,0,0.19679,0,405.39,playing,0
283.6942,4.2241,0,0,0.19679,0,416.27,playing,0
283.7102,4.2241,0,0,0.20487,0,426.78,playing,0
283.7268,4.2241,0,0,0.20487,0,438.27,playing,0
283.7433,2.5512,0,0,0.20487,0,449.37,playing,0
283.7599,2.5512,0,0,0.1989,0,461.27,playing,0
283.7759,2.5512,0,0,0.1989,0,472.47,playing,0
283.7915,0.9186,0,0,0.1989,0,483.67,playing,0
283.8081,0.9186,0,0,0.19068,0,494.87,playing,0
283.8252,0.9186,0,0,0.19068,0,506.77,dead,0
283.8423,0.339,0,0,0.19068,0,496.0,dead,0
283.8589,0.339,0,0,0.29859,1,496.0,dead,0
283.875,0.339,0,0,0.29859,0,496.0,dead,0
283.8907,0.339,0,0,0.29859,0,496.0,dead,0
283.9067,0.339,0,0,0.29859,0,496.0,dead,0
283.9224,0.339,0,0,0.28553,0,496.0,dead,0
283.939,0.339,0,0,0.28553,0,496.0,dead,0
283.9551,0.339,0,0,0.28553,0,496.0,dead,0
283.9708,-1.6231,0,0,0.28553,0,496.0,dead,0
283.9866,-1.6231,0,0,0.28553,0,496.0,dead,0
284.0026,-1.6231,0,0,0.29081,0,496.0,dead,0
284.0188,-1.4436,0,0,0.29081,0,496.0,dead,0
284.0354,-1.4436,0,0,0.29081,0,496.0,dead,0
284.0519,-1.1957,0,0,0.33682,0,496.0,dead,0
284.0677,-1.5315,0,0,0.33682,0,496.0,dead,0
284.0833,-1.5315,0,0,0.33682,0,496.0,dead,0
284.1004,-1.5315,0,0,0.33682,0,496.0,dead,0
284.117,-1.2295,0,0,0.2956,0,496.0,dead,0
284.133,-1.2295,0,0,0.2956,0,496.0,dead,0
284.1491,-2.3198,0,0,0.2956,0,496.0,dead,0
284.1657,-2.3198,0,0,0.30774,0,496.0,dead,0
284.1823,-2.3198,0,0,0.30774,0,496.0,dead,0
284.1985,-11.8781,1,0,0.30774,0,496.0,dead,0
284.2151,-11.8781,0,0,0.30774,0,285.0,playing,0
284.2322,-12.4179,0,0,0.32245,0,278.69,playing,0
284.2488,-7.7276,0,0,0.32245,0,272.69,playing,0
284.2643,-7.7276,0,0,0.32245,0,267.33,playing,0
284.2804,3.3886,0,0,0.32245,0,262.26,playing,0
284.2978,3.3886,0,0,0.32182,0,257.46,playing,0
284.3134,3.3886,0,0,0.32182,0,252.68,playing,0
284.33,11.9064,0,0,0.32182,0,248.46,playing,0
284.3456,11.9064,0,0,0.32182,0,244.53,playing,0
284.3617,11.9064,0,0,0.32182,0,240.88,playing,0
284.379,8.3131,0,0,0.21046,0,237.51,playing,0
284.3954,8.3131,0,0,0.21046,0,234.24,playing,0
284.4119,5.7562,0,0,0.21046,0,231.3,playing,0
284.4285,5.7562,0,0,0.18585,0,228.67,playing,0
284.4451,5.7562,0,0,0.18585,0,226.48,playing,0
284.4607,2.4443,0,0,0.18585,0,224.56,playing,0
284.4772,2.4443,0,0,0.19036,0,222.94,playing,0
284.4939,2.4443,0,0,0.19036,0,221.52,playing,0
284.5095,2.4443,0,0,0.19036,0,220.48,playing,0
284.526,2.4443,0,0,0.27679,1,219.71,playing,0
284.5421,2.4443,0,0,0.27679,0,219.22,playing,0
284.5581,1.212,0,0,0.27679,0,219.02,playing,0
284.5737,1.212,0,0,0.30397,0,219.1,playing,0
284.5894,1.212,0,0,0.30397,0,219.46,playing,0
284.6059,-0.8422,0,0,0.30397,0,220.1,playing,0
284.622,-0.8422,0,0,0.25947,0,221.02,playing,0
284.6376,-1.0991,0,0,0.25947,0,222.23,playing,0
284.6541,-1.0991,0,0,0.25947,0,223.72,playing,0
284.6702,-1.0991,0,0,0.26311,0,225.48,playing,0
284.6873,-1.6751,0,0,0.26311,0,227.68,playing,0
284.7038,-1.6751,0,0,0.26311,0,230.19,playing,0
284.7194,-1.6751,0,0,0.29455,0,232.84,playing,0
284.736,-1.0963,0,0,0.29455,0,235.77,playing,0
284.752,-1.0963,0,0,0.29455,0,238.98,playing,0
284.7677,-1.0963,0,0,0.25642,0,242.48,playing,0
284.7834,-0.8048,0,0,0.25642,0,246.25,playing,0
284.8,-0.8048,0,0,0.25642,0,250.31,playing,0
284.816,-0.8048,0,0,0.27177,0,254.64,playing,0
284.8321,-1.2967,0,0,0.27177,0,259.26,playing,0
284.8487,-1.2967,0,0,0.27177,0,264.49,playing,0
284.8652,-16.8338,1,0,0.27632,0,269.69,playing,0
284.8818,-16.8338,0,0,0.27632,0,263.38,playing,0
284.898,-16.8338,0,0,0.27632,0,257.72,playing,0
284.9145,-16.8338,0,0,0.29883,0,252.34,playing,0
284.9311,-16.8338,0,0,0.29883,0,246.94,playing,0
284.9482,-16.8338,0,0,0.29883,0,241.87,playing,0
284.9634,-5.5703,0,0,,0,237.37,playing,0
284.98,-5.5703,0,0,,0,233.15,playing,0
284.9961,-5.5703,0,0,,0,229.22,playing,0
285.0121,11.3703,0,0,0.17435,0,225.57,playing,0
285.0282,11.3703,0,0,0.17435,0,222.19,playing,0
285.0437,9.159,0,0,0.17435,0,219.1,playing,0
285.0598,9.159,0,0,0.20595,1,216.3,playing,0
285.0764,9.159,0,0,0.20595,0,213.77,playing,0
285.0935,6.4698,0,0,0.20595,0,211.4,playing,0
285.1105,6.4698,0,0,0.16435,0,209.36,playing,0
285.1273,6.4698,0,0,0.16435,0,207.62,playing,0
285.1439,2.1254,0,0,0.16435,0,206.21,playing,0
285.1599,2.1254,0,0,0.24984,0,205.16,playing,0
285.1755,2.1254,0,0,0.24984,0,204.4,playing,0
285.1916,2.1254,0,0,0.24984,0,203.91,playing,0
285.2076,2.1254,0,0,0.26501,0,203.71,playing,0
285.2242,0.0444,0,0,0.26501,0,203.79,playing,0
285.2403,0.0444,0,0,0.26501,0,204.15,playing,0
285.2573,0.0444,0,0,0.30413,0,204.85,playing,0
285.2734,-1.2783,0,0,0.30413,0,205.87,playing,0
285.2905,-1.2783,0,0,0.30413,0,207.11,playing,0
285.3072,-1.2783,0,0,0.29464,0,208.74,playing,0
285.3243,-1.3388,0,0,0.29464,0,210.7,playing,0
285.341,-1.3388,0,0,0.29464,0,212.97,playing,0
285.3571,-1.3388,0,0,0.28618,0,215.39,playing,0
285.381,-1.5171,0,0,0.28618,0,218.27,playing,0
285.3965,-1.5171,0,0,0.28618,0,222.76,playing,0
285.4127,-1.759,0,0,0.28618,0,226.17,playing,0
285.4288,-1.759,0,0,0.28488,0,229.85,playing,0
285.4454,-1.759,0,0,0.28488,0,233.82,playing,0
285.4619,-1.3486,0,0,0.28488,0,238.36,playing,0
285.4775,-1.3486,0,0,0.30766,0,242.91,playing,0
285.4936,-1.1428,0,0,0.30766,0,247.74,playing,0
285.5103,-0.9437,0,0,0.30766,0,252.85,playing,0
285.5269,-0.9437,0,0,0.30766,0,258.6,playing,0
285.5435,-10.772,0,0,0.28123,0,264.29,playing,0
285.5601,-10.772,0,0,0.28123,0,270.66,playing,0
285.5771,-10.772,0,0,0.28123,0,277.34,playing,0
285.5927,-8.8158,1,0,0.28123,0,283.91,playing,0
285.6133,-8.8158,0,0,0.32436,0,277.96,playing,0
285.6301,-4.5503,0,0,0.32436,0,270.62,playing,0
285.6462,-4.5503,0,0,0.32436,0,265.31,playing,0
285.6633,-4.5503,0,0,0.32436,0,259.99,playing,0
285.6799,-4.5503,0,0,0.32436,0,254.99,playing,0
285.6955,-4.5503,0,0,0.18353,0,250.56,playing,0
285.7121,-4.5503,0,0,0.18353,0,246.42,playing,0
285.7282,12.995,0,0,0.18353,0,242.55,playing,0
285.7449,12.995,0,0,0.18812,0,238.76,playing,0
285.7604,12.995,0,0,0.18812,0,235.48,playing,0
285.7766,12.995,0,0,0.18812,0,232.48,playing,0
285.7926,12.995,0,0,0.21898,1,229.76,playing,0
285.8097,6.9049,0,0,0.21898,0,227.32,playing,0
285.827,3.5788,0,0,0.21898,0,224.93,playing,0
285.8426,3.5788,0,0,0.25057,0,223.09,playing,0
285.8592,1.6117,0,0,0.25057,0,221.54,playing,0
285.8758,1.6117,0,0,0.25057,0,220.2,playing,0
285.8919,1.6117,0,0,0.23199,0,219.22,playing,0
285.908,-0.3143,0,0,0.23199,0,218.52,playing,0
285.9241,-0.3143,0,0,0.23199,0,218.11,playing,0
285.9402,-0.3143,0,0,0.26452,0,217.98,playing,0
285.9573,-0.6631,0,0,0.26452,0,218.15,playing,0
285.9738,-0.6631,0,0,0.26452,0,218.65,playing,0
285.9895,-1.4941,0,0,0.29883,0,219.4,playing,0
286.0065,-1.4941,0,0,0.29883,0,220.42,playing,0
286.023,-1.4941,0,0,0.29883,0,221.84,playing,0
286.0397,-1.3288,0,0,0.27169,0,223.45,playing,0
286.0558,-1.3288,0,0,0.27169,0,225.47,playing,0
286.0717,-1.3288,0,0,0.27169,0,227.66,playing,0
286.0873,-1.5479,0,0,0.29834,0,230.14,playing,0
286.1043,-1.5479,0,0,0.29834,0,232.89,playing,0
286.1209,-1.5479,0,0,0.29834,0,236.13,playing,0
286.1375,-2.352,0,0,0.29815,0,239.47,playing,0
286.1545,-2.352,0,0,0.29815,0,243.33,playing,0
286.1716,-2.0037,0,0,0.29815,0,247.51,playing,0
286.1882,-2.0037,0,0,0.25862,0,252.0,playing,0
286.2052,-2.0037,0,0,0.25862,0,256.82,playing,0
286.2218,-4.618,0,0,0.25862,0,261.95,playing,0
286.238,-4.618,0,0,0.28562,0,267.06,playing,0
286.2535,-4.618,0,0,0.28562,0,272.46,playing,0
286.2701,-12.7363,1,0,0.28562,0,278.13,playing,0
286.286,-12.7363,0,0,0.28562,0,272.17,playing,0
286.3031,-9.221,0,0,0.27359,0,266.16,playing,0
286.3193,-9.221,0,0,0.27359,0,260.78,playing,0
286.3356,-9.221,0,0,0.27359,0,255.39,playing,0
286.3519,6.0102,0,0,0.27359,0,250.59,playing,0
286.3698,6.0102,0,0,0.27359,0,246.07,playing,0
286.3863,6.0102,0,0,0.27578,0,241.35,playing,0
286.4029,6.0102,0,0,0.27578,0,237.21,playing,0
286.4189,6.0102,0,0,0.27578,0,233.59,playing,0
286.4347,6.0102,0,0,0.21427,0,230.25,playing,0
286.4508,12.7685,0,0,0.21427,0,227.2,playing,0
286.4668,12.7685,0,0,0.21427,0,224.43,playing,0
286.4827,9.5971,0,0,0.22215,0,221.94,playing,0
286.4993,6.7982,0,0,0.22215,0,219.73,playing,0
286.5153,6.7982,0,0,0.22215,0,217.7,playing,0
286.5325,6.7982,0,0,0.22215,0,216.07,playing,0
286.5501,6.7982,0,0,0.22215,0,214.65,playing,0
286.5666,6.7982,0,0,0.21427,0,213.52,playing,0
286.5832,0.8689,0,0,0.21427,0,212.78,playing,0
286.6004,0.8689,0,0,0.21427,0,212.33,playing,0
286.6165,0.8689,0,0,0.27578,0,212.18,playing,0
286.6331,-0.083,0,0,0.27578,0,212.33,playing,0
286.6492,-0.083,0,0,0.27578,0,212.76,playing,0
286.6663,-0.8931,0,0,0.25054,0,213.54,playing,1
286.6833,-0.8931,0,0,0.25054,0,214.63,playing,1
286.6995,-0.8931,0,0,0.25054,0,216.04,playing,1
286.7155,-1.4537,0,0,0.28079,0,217.65,playing,1
286.7316,-1.4537,0,0,0.28079,0,219.54,playing,1
286.7483,-1.4537,0,0,0.28079,0,221.72,playing,1
286.7648,-1.4537,0,0,0.24561,0,224.34,playing,1
286.7809,-1.4537,0,0,0.24561,0,227.1,playing,1
286.7965,-1.4537,0,0,0.24561,0,230.13,playing,1
286.8131,-1.739,0,0,0.27178,0,233.45,playing,1
286.8291,-1.739,0,0,0.27178,0,237.05,playing,1
286.8452,-1.6448,0,0,0.27178,0,240.93,playing,1
286.8623,-1.6448,0,0,0.2546,0,245.37,playing,1
286.8794,-1.6448,0,0,0.2546,0,250.13,playing,1
286.8964,-1.88,0,0,0.2546,0,255.2,playing,1
286.9125,-1.88,0,0,0.2546,0,260.6,playing,1
286.9295,-1.88,0,0,0.26318,0,265.95,playing,1
286.9462,-2.1184,0,0,0.26318,0,271.97,playing,1
286.9628,-2.1184,0,0,0.26318,0,278.29,playing,1
286.9788,-16.8517,1,0,0.30357,0,284.53,playing,1
286.9951,-16.8517,0,0,0.30357,0,278.57,playing,1
287.0111,-16.8517,0,0,0.30357,0,272.9,playing,1
287.0267,-14.9924,0,0,0.2807,0,267.5,playing,1
287.0427,-14.9924,0,0,0.2807,0,262.39,playing,1
287.0589,-14.9924,0,0,0.2807,0,257.56,playing,1
287.075,-3.8202,0,0,0.30016,0,253.01,playing,1
287.0913,-3.8202,0,0,0.30016,0,248.74,playing,1
287.1084,-3.8202,0,0,0.30016,0,244.52,playing,1
287.1249,10.3323,0,0,0.28134,0,240.62,playing,1
287.1415,10.3323,0,0,0.28134,0,237.23,playing,1
287.159,14.1648,0,0,0.28134,0,233.95,playing,1
287.1755,12.3244,0,0,0.18248,0,230.83,playing,1
287.1916,12.3244,0,0,0.18248,0,228.34,playing,1
287.2092,9.3174,0,0,0.18248,0,226.13,playing,1
287.2262,9.3174,0,0,0.2041,0,224.0,playing,1
287.2428,9.3174,0,0,0.2041,0,222.31,playing,1
287.2589,3.9332,0,0,0.20166,0,220.99,playing,1
287.2745,3.9332,0,0,0.20166,0,219.96,playing,1
287.2907,3.9332,0,0,0.20166,0,219.21,playing,1
287.3067,2.5672,0,0,0.24983,1,218.75,playing,1
287.3233,2.5672,0,0,0.24983,0,218.56,playing,1
287.3399,1.2832,0,0,0.24983,0,218.68,playing,1
287.356,1.2832,0,0,0.16953,0,219.08,playing,1
287.3716,1.2832,0,0,0.16953,0,219.75,playing,1
287.3882,-1.0549,0,0,0.16953,0,220.71,playing,1
287.4053,-1.0549,0,0,0.16953,0,222.05,playing,1
287.4214,-1.0549,0,0,0.27733,0,223.7,playing,1
287.4379,-2.0732,0,0,0.27733,0,225.54,playing,1
287.4535,-2.0732,0,0,0.27733,0,227.66,playing,1
287.4706,-2.0732,0,0,0.25948,0,230.06,playing,1
287.4872,-2.107,0,0,0.25948,0,232.93,playing,1
287.5039,-2.107,0,0,0.25948,0,236.12,playing,1
287.5199,-1.7237,0,0,0.25948,0,239.4,playing,1
287.5355,-1.7237,0,0,0.25,0,242.97,playing,1
287.5526,-1.7237,0,0,0.25,0,246.81,playing,1
287.5687,-1.566,0,0,0.25,0,251.21,playing,1
287.5848,-1.566,0,0,0.25,0,255.64,playing,1
287.6024,-1.566,0,0,0.25,0,260.66,playing,1
287.6195,-3.4595,0,0,0.25,0,266.0,playing,1
287.6355,-3.4595,0,0,0.25,0,271.65,playing,1
287.6521,-3.4595,0,0,0.24253,0,277.26,playing,1
287.6691,-3.4595,0,0,0.24253,0,283.53,playing,1
287.6847,-3.4595,0,0,0.24253,0,289.72,playing,1
287.7013,-6.6511,1,0,0.236,0,296.18,playing,1
287.7184,-6.6511,0,0,0.236,0,289.87,playing,1
287.7345,-6.6511,0,0,0.236,0,283.88,playing,1
287.7516,-6.6511,0,0,0.20092,0,278.52,playing,1
287.7676,-6.6511,0,0,0.20092,0,273.14,playing,1
287.7842,-6.6511,0,0,0.20092,0,268.36,playing,1
287.8003,-3.1705,0,0,0.17523,0,263.86,playing,1
287.8174,-3.1705,0,0,0.17523,0,259.4,playing,1
287.834,0.2569,0,0,0.17523,0,255.26,playing,1
287.8496,0.2569,0,0,0.1989,0,251.64,playing,1
287.8662,0.2569,0,0,0.1989,0,248.31,playing,1
287.8828,7.3911,0,0,0.1989,0,245.08,playing,1
287.8989,7.3911,0,0,0.1989,1,242.32,playing,1
287.9149,7.3911,0,0,0.23692,0,239.85,playing,1
287.931,14.7356,0,0,0.23692,0,237.66,playing,1
287.9476,14.7356,0,0,0.23692,0,235.75,playing,1
287.9636,14.7356,0,0,0.18604,0,234.04,playing,1
287.9802,11.1029,0,0,0.18604,0,232.71,playing,1
287.9974,11.1029,0,0,0.18604,0,231.61,playing,1
288.0148,8.0063,0,0,0.21013,0,230.83,playing,1
288.0306,5.1448,0,0,0.21013,0,230.38,playing,1
288.0467,5.1448,0,0,0.21013,0,230.23,playing,1
288.0627,2.9463,0,0,0.26347,0,230.36,playing,1
288.0793,2.9463,0,0,0.26347,0,230.77,playing,1
288.0955,2.9463,0,0,0.26347,0,231.53,playing,1
288.113,1.1012,0,0,0.26347,0,232.52,playing,1
288.1301,1.1012,0,0,0.25123,0,233.99,playing,1
288.1473,-0.2613,0,0,0.25123,0,235.7,playing,1
288.1634,-1.2538,0,0,0.25123,0,237.73,playing,1
288.18,-1.2538,0,0,0.29785,0,239.92,playing,1
288.1966,-1.9156,0,0,0.29785,0,242.39,playing,1
288.2126,-1.9156,0,0,0.29785,0,245.34,playing,1
288.2292,-1.9156,0,0,0.2737,0,248.39,playing,1
288.2457,-2.91,0,0,0.2737,0,251.95,playing,1
288.2613,-2.91,0,0,0.2737,0,255.59,playing,1
288.2779,-2.91,0,0,0.24124,0,259.5,playing,1
288.294,-3.118,0,0,0.24124,0,263.7,playing,1
288.3105,-3.118,0,0,0.24124,0,268.18,playing,1
288.3291,-2.8643,0,0,0.24124,0,273.25,playing,1
288.3452,-2.8643,0,0,0.24992,0,278.98,playing,1
288.3617,-2.8643,0,0,0.24992,0,284.72,playing,1
288.3795,-6.0071,0,0,0.24992,0,290.39,playing,1
288.3961,-6.0071,0,0,0.26778,0,297.13,playing,1
288.4127,-6.0071,0,0,0.26778,0,303.82,playing,1
288.4295,-18.1594,1,0,0.26778,0,310.39,playing,1
288.4476,-18.1594,0,0,0.26778,0,304.08,playing,1
288.4636,-6.6263,0,0,0.24561,0,297.75,playing,1
288.4797,-6.6263,0,0,0.24561,0,292.41,playing,1
288.4957,-6.6263,0,0,0.24561,0,287.35,playing,1
288.5118,-0.1248,0,0,0.16384,0,282.57,playing,2
288.5274,-0.1248,0,0,0.16384,0,278.07,playing,2
288.544,-0.1248,0,0,0.16384,0,273.85,playing,2
288.56,11.2166,0,0,0.19672,0,269.92,playing,2
288.5755,11.2166,0,0,0.19672,0,266.27,playing,2
288.5921,11.2166,0,0,0.19672,0,262.9,playing,2
288.6092,11.2166,0,0,0.21949,1,259.63,playing,2
288.6262,11.2166,0,0,0.21949,0,256.68,playing,2
288.6429,10.0285,0,0,0.21949,0,254.06,playing,2
288.6606,10.0285,0,0,0.18124,0,251.75,playing,2
288.6775,10.0285,0,0,0.18124,0,249.75,playing,2
288.6938,3.1219,0,0,0.18124,0,248.08,playing,2
288.7101,3.1219,0,0,0.19902,0,246.79,playing,2
288.7266,3.1219,0,0,0.19902,0,245.73,playing,2
288.7434,1.3559,0,0,0.19902,0,245.01,playing,2
288.76,1.3559,0,0,0.16439,0,244.57,playing,2
288.776,1.3559,0,0,0.16439,0,244.44,playing,2
288.7919,0.3094,0,0,0.16439,0,244.59,playing,2
288.8075,0.3094,0,0,0.26786,0,245.02,playing,2
288.8246,-1.0472,0,0,0.26786,0,245.73,playing,2
288.8412,-1.0472,0,0,0.26786,0,246.81,playing,2
288.8578,-1.0472,0,0,0.25039,0,248.2,playing,2
288.8738,-1.6364,0,0,0.25039,0,249.79,playing,2
288.8894,-1.6364,0,0,0.25039,0,251.66,playing,2
288.906,-1.6364,0,0,0.25958,0,253.82,playing,2
288.9217,-2.0908,0,0,0.25958,0,256.26,playing,2
288.9378,-2.0908,0,0,0.25958,0,258.97,playing,2
288.9543,-2.0908,0,0,0.23176,0,261.97,playing,2
288.9709,-1.9396,0,0,0.23176,0,265.48,playing,2
288.9865,-1.9396,0,0,0.23176,0,269.06,playing,2
289.0026,-1.9733,0,0,0.25486,0,272.92,playing,2
289.0187,-1.9733,0,0,0.25486,0,277.07,playing,2
289.0353,-1.9733,0,0,0.25486,0,281.49,playing,2
289.0514,-6.0702,0,0,0.24601,0,286.51,playing,2
289.068,-6.0702,0,0,0.24601,0,291.52,playing,2
289.084,-6.0702,0,0,0.24601,0,296.81,playing,2
289.1001,-11.1619,0,0,0.22941,0,302.38,playing,2
289.1157,-11.1619,0,0,0.22941,0,308.23,playing,2
289.1323,-11.1619,0,0,0.22941,0,314.36,playing,2
289.1484,-8.935,1,0,0.22941,0,321.2,playing,2
289.1655,-8.935,0,0,0.2278,0,315.24,playing,2
289.1831,-0.1995,0,0,0.2278,0,309.22,playing,2
289.1993,-0.1995,0,0,0.2278,0,303.53,playing,2
289.2163,-0.1995,0,0,0.22849,0,298.15,playing,2
289.2326,10.2189,0,0,0.22849,0,293.09,playing,2
289.2492,10.2189,0,0,0.22849,0,288.61,playing,2
289.2663,10.2189,0,0,0.17769,0,284.17,playing,2
289.2829,8.9693,0,0,0.17769,0,280.05,playing,2
289.2995,8.9693,0,0,0.17769,0,276.45,playing,2
289.3156,8.9693,0,0,0.20979,1,272.94,playing,2
289.3318,6.3957,0,0,0.20979,0,269.92,playing,2
289.3474,6.3957,0,0,0.20979,0,267.18,playing,2
289.3635,0.7615,0,0,0.18833,0,264.73,playing,2
289.3801,0.7615,0,0,0.18833,0,262.55,playing,2
289.3972,0.7615,0,0,0.18833,0,260.56,playing,2
289.4143,1.2086,0,0,0.17983,0,258.89,playing,2
289.4309,1.2086,0,0,0.17983,0,257.53,playing,2
289.4471,1.2086,0,0,0.17983,0,256.53,playing,2
289.4641,0.4899,0,0,0.17983,0,255.79,playing,2
289.4797,0.4899,0,0,0.2767,0,255.38,playing,2
289.4959,0.4899,0,0,0.2767,0,255.25,playing,2
289.5115,0.1305,0,0,0.2767,0,255.4,playing,2
289.5281,0.1305,0,0,0.2767,0,255.83,playing,2
289.5437,-0.2329,0,0,0.21961,0,256.54,playing,2
289.5603,-0.2329,0,0,0.21961,0,257.53,playing,2
289.5769,-0.2329,0,0,0.21961,0,258.91,playing,2
289.5931,-0.399,0,0,0.2373,0,260.48,playing,2
289.6092,-0.399,0,0,0.2373,0,262.34,playing,2
289.6247,-0.399,0,0,0.2373,0,264.47,playing,2
289.6414,-0.3408,0,0,0.25454,0,266.89,playing,2
289.6585,-0.3408,0,0,0.25454,0,269.78,playing,2
289.675,-0.3408,0,0,0.25454,0,272.99,playing,2
289.6912,-1.9333,0,0,0.25454,0,276.29,playing,2
289.7083,-1.9333,0,0,0.24755,0,280.11,playing,2
289.7249,-13.5433,1,0,0.24755,0,284.25,playing,2
289.7409,-13.5433,0,0,0.24755,0,278.29,playing,2
289.7575,-13.5433,0,0,0.24755,0,272.62,playing,2
289.7745,-15.1161,0,0,0.22986,0,266.9,playing,2
289.7916,-15.1161,0,0,0.22986,0,261.51,playing,2
289.8077,-15.1161,0,0,0.22986,0,256.43,playing,2
289.8237,-8.8033,0,0,0.23334,0,251.93,playing,2
289.84,-8.8033,0,0,0.23334,0,247.71,playing,2
289.8566,-4.321,0,0,0.23334,0,243.78,playing,2
289.8732,4.8612,0,0,0.23391,0,239.92,playing,2
289.8897,4.8612,0,0,0.23391,0,236.37,playing,2
289.9053,12.7817,0,0,0.23391,0,233.32,playing,2
289.9219,12.7817,0,0,0.2165,0,230.55,playing,2
289.9382,12.7817,0,0,0.2165,0,228.05,playing,2
289.9547,10.8218,0,0,0.2165,0,225.73,playing,2
289.9704,10.8218,0,0,0.21157,0,223.82,playing,2
289.9869,10.8218,0,0,0.21157,0,222.19,playing,2
290.003,8.0011,0,0,0.21157,0,220.84,playing,2
290.0191,8.0011,0,0,0.18334,0,219.77,playing,2
290.0346,8.0011,0,0,0.18334,0,218.99,playing,2
290.0507,8.0011,0,0,0.18334,0,218.49,playing,2
290.0673,8.0011,0,0,0.21895,1,218.27,playing,2
290.0839,1.8009,0,0,0.21895,0,218.35,playing,2
290.101,1.8009,0,0,0.21895,0,218.75,playing,2
290.117,1.8009,0,0,0.18578,0,219.41,playing,2
290.1326,-0.5545,0,0,0.18578,0,220.35,playing,2
290.1492,-0.5545,0,0,0.18578,0,221.57,playing,2
290.1657,-0.5545,0,0,0.25488,0,223.19,playing,2
290.1818,-1.4189,0,0,0.25488,0,224.99,playing,2
290.1979,-1.4189,0,0,0.25488,0,227.08,playing,2
290.2139,-1.4189,0,0,0.23752,0,229.44,playing,2
290.23,-1.8897,0,0,0.23752,0,232.09,playing,2
290.2466,-1.8897,0,0,0.23752,0,235.22,playing,2
290.264,-2.4752,0,0,0.23386,0,238.45,playing,2
290.2801,-2.4752,0,0,0.23386,0,242.2,playing,2
290.2972,-2.4752,0,0,0.23386,0,246.27,playing,2
290.3137,-2.4163,0,0,0.23386,0,250.65,playing,2
290.3299,-2.4163,0,0,0.23386,0,255.06,playing,2
290.3465,-2.4163,0,0,0.25956,0,260.06,playing,3
290.3626,-1.8574,0,0,0.25956,0,265.05,playing,3
290.3787,-1.8574,0,0,0.25956,0,270.32,playing,3
290.3948,-1.8574,0,0,0.25956,0,275.87,playing,3
290.4144,0.1455,0,0,0.26769,0,281.71,playing,3
290.431,0.1455,0,0,0.26769,0,289.44,playing,3
290.4471,-0.2569,0,0,0.26769,0,295.91,playing,3
290.4627,-0.2569,0,0,0.26769,0,302.65,playing,3
290.4788,-0.2569,0,0,0.24155,0,309.68,playing,3
290.4949,-0.7406,0,0,0.24155,0,317.0,playing,3
290.5115,-0.7406,0,0,0.24155,0,324.59,playing,3
290.5281,-0.7406,0,0,0.24155,0,332.98,playing,3
290.5452,-1.862,0,0,0.25446,0,341.68,playing,3
290.5628,-1.862,0,0,0.25446,0,350.7,playing,3
290.5789,-16.1831,1,0,0.25446,0,360.04,playing,3
290.595,-16.0866,0,0,0.25446,0,354.08,playing,3
290.6111,-16.0866,0,0,0.25055,0,348.41,playing,3
290.6276,-9.6455,0,0,0.25055,0,342.69,playing,3
290.6437,-9.6455,0,0,0.25055,0,337.6,playing,3
290.6598,-9.6455,0,0,0.15377,0,332.78,playing,3
290.6754,-4.0556,0,0,0.15377,0,328.25,playing,3
290.6924,-4.0556,0,0,0.15377,0,324.0,playing,3
290.709,-4.0556,0,0,0.21569,1,319.8,playing,3
290.725,14.4761,0,0,0.21569,0,316.13,playing,3
290.7411,14.4761,0,0,0.21569,0,312.74,playing,3
290.7567,13.2897,0,0,0.21569,0,309.63,playing,3
290.7733,13.2897,0,0,0.19614,0,306.81,playing,3
290.7903,13.2897,0,0,0.19614,0,304.12,playing,3
290.8069,7.6564,0,0,0.19614,0,301.76,playing,3
290.8224,7.6564,0,0,0.21826,0,299.81,playing,3
290.8386,7.6564,0,0,0.21826,0,298.15,playing,3
290.8546,5.06,0,0,0.21826,0,296.76,playing,3
290.8707,5.06,0,0,0.18578,0,295.66,playing,3
290.8873,5.06,0,0,0.18578,0,294.84,playing,3
290.9039,3.2146,0,0,0.18578,0,294.29,playing,3
290.9199,3.2146,0,0,0.18578,0,294.05,playing,3
290.9365,3.2146,0,0,0.25431,0,294.1,playing,3
290.9536,0.7794,0,0,0.25431,0,294.46,playing,3
290.9701,0.7794,0,0,0.25431,0,295.14,playing,3
290.9861,-0.029,0,0,0.22391,0,296.07,playing,3
291.0033,-0.029,0,0,0.22391,0,297.36,playing,3
291.0204,-0.029,0,0,0.22391,0,298.98,playing,3
291.0376,-1.8461,0,0,0.24688,0,300.92,playing,3
291.0541,-1.8461,0,0,0.24688,0,303.17,playing,3
291.0708,-1.8461,0,0,0.24688,0,305.74,playing,3
291.0874,-2.4423,0,0,0.28562,0,308.44,playing,3
291.1045,-2.4423,0,0,0.28562,0,311.63,playing,3
291.1216,-2.4423,0,0,0.28562,0,315.13,playing,3
291.1377,-2.4423,0,0,0.24617,0,318.96,playing,3
291.1543,-2.4423,0,0,0.24617,0,322.84,playing,3
291.1708,-2.5963,0,0,0.24617,0,327.28,playing,3
291.1869,-2.5963,0,0,0.24617,0,331.74,playing,3
291.203,-2.5963,0,0,0.24617,0,336.48,playing,3
291.219,-2.3991,0,0,0.26419,0,341.5,playing,3
291.2346,-2.3991,0,0,0.26419,0,346.81,playing,3
291.2512,-2.3991,0,0,0.26419,0,352.4,playing,3
291.2685,-8.0085,0,0,0.26716,0,358.65,playing,3
291.2848,-8.0085,0,0,0.26716,0,365.22,playing,3
291.3014,-18.965,1,0,0.26716,0,371.69,playing,3
291.318,-18.965,0,0,0.28562,0,365.38,playing,3
291.3335,-18.965,0,0,0.28562,0,359.72,playing,3
291.3501,-12.1929,0,0,0.28562,0,354.34,playing,3
291.3666,-12.1929,0,0,0.22841,0,348.95,playing,3
291.3827,-12.1929,0,0,0.22841,0,344.15,playing,3
291.3993,-12.1929,0,0,0.17917,0,339.63,playing,3
291.4153,-12.1929,0,0,0.17917,0,335.15,playing,3
291.4326,-3.4102,0,0,0.17917,0,331.22,playing,3
291.4487,-3.4102,0,0,0.17581,0,327.36,playing,3
291.4648,-3.4102,0,0,0.17581,0,324.0,playing,3
291.4808,7.4633,0,0,0.17581,0,320.93,playing,3
291.4966,7.4633,0,0,0.16244,0,318.14,playing,3
291.5131,7.4633,0,0,0.16244,0,315.63,playing,3
291.5287,5.968,0,0,0.16244,0,313.4,playing,3
291.5453,5.968,0,0,0.16244,0,311.46,playing,3
291.5624,5.968,0,0,0.16244,0,309.71,playing,3
291.5794,4.0167,0,0,0.16244,1,308.28,playing,3
291.5961,4.0167,0,0,0.22807,0,307.17,playing,3
291.6137,1.7462,0,0,0.22807,0,306.37,playing,3
291.6303,1.7462,0,0,0.22807,0,305.89,playing,3
291.6474,1.7462,0,0,0.21117,0,305.73,playing,3
291.6635,0.7846,0,0,0.21117,0,305.89,playing,3
291.6796,0.7846,0,0,0.21117,0,306.32,playing,3
291.6958,0.7846,0,0,0.21117,0,307.03,playing,3
291.7123,-0.6127,0,0,0.23611,0,308.03,playing,3
291.7294,-0.6127,0,0,0.23611,0,309.4,playing,3
291.7466,-0.6127,0,0,0.23611,0,311.09,playing,3
291.7631,-0.9957,0,0,0.23611,0,313.1,playing,3
291.7787,-0.9957,0,0,0.23239,0,315.27,playing,3
291.7954,-1.231,0,0,0.23239,0,317.73,playing,3
291.812,-1.231,0,0,0.23239,0,320.65,playing,3
291.828,-1.231,0,0,0.25948,0,323.69,playing,3
291.8446,-1.0864,0,0,0.25948,0,327.01,playing,3
291.8612,-1.0864,0,0,0.25948,0,330.85,playing,3
291.8782,-1.0864,0,0,0.21988,0,335.01,playing,3
291.8944,-1.4528,0,0,0.21988,0,339.49,playing,3
291.911,-1.4528,0,0,0.21988,0,343.98,playing,3
291.927,-1.8236,0,0,0.24984,0,348.76,playing,3
291.9432,-13.3235,1,0,0.24984,0,353.82,playing,3
291.9588,-13.3235,0,0,0.24984,0,347.86,playing,3
291.9748,-16.8148,0,0,0.25047,0,342.18,playing,3
291.9909,-16.8148,0,0,0.25047,0,336.79,playing,3
292.0075,-16.8148,0,0,0.25047,0,331.67,playing,3
292.024,-5.6889,0,0,0.24236,0,326.56,playing,3
292.0396,-5.6889,0,0,0.24236,0,322.03,playing,3
292.0556,-5.6889,0,0,0.24236,0,317.77,playing,3
292.0722,2.3123,0,0,0.24554,0,313.81,playing,3
292.0888,2.3123,0,0,0.24554,0,309.91,playing,3
292.1045,2.3123,0,0,0.24554,0,306.52,playing,3
292.1215,3.6664,0,0,0.18264,0,303.41,playing,3
292.1381,3.6664,0,0,0.18264,0,300.43,playing,3
292.1542,6.6455,0,0,0.23247,1,297.9,playing,3
292.1707,6.6455,0,0,0.23247,0,295.53,playing,3
292.1869,6.6455,0,0,0.23247,0,293.59,playing,3
292.2029,9.9201,0,0,0.18762,0,291.92,playing,4
292.219,9.9201,0,0,0.18762,0,290.54,playing,4
292.2345,9.9201,0,0,0.18762,0,289.44,playing,4
292.2511,9.3845,0,0,0.20249,0,288.62,playing,4
292.2682,9.3845,0,0,0.20249,0,288.07,playing,4
292.2853,9.3845,0,0,0.20249,0,287.83,playing,4
292.3024,6.6215,0,0,0.17767,0,287.92,playing,4
292.3189,6.6215,0,0,0.17767,0,288.32,playing,4
292.3349,4.2475,0,0,0.17767,0,288.98,playing,4
292.3505,4.2475,0,0,0.22284,0,289.92,playing,4
292.3675,4.2475,0,0,0.22284,0,291.14,playing,4
292.3841,2.7348,0,0,0.22284,0,292.76,playing,4
292.4007,2.7348,0,0,0.26777,0,294.69,playing,4
292.4173,2.7348,0,0,0.26777,0,296.79,playing,4
292.4334,-0.263,0,0,0.28932,0,299.35,playing,4
292.45,-0.263,0,0,0.28932,0,302.03,playing,4
292.466,-0.263,0,0,0.28932,0,304.99,playing,4
292.4831,-0.263,0,0,0.26381,0,308.46,playing,4
292.4988,-0.263,0,0,0.26381,0,312.01,playing,4
292.5156,-1.5032,0,0,0.26381,0,315.83,playing,4
292.5317,-1.5032,0,0,0.26394,0,320.22,playing,4
292.5473,-1.5032,0,0,0.26394,0,324.63,playing,4
292.5638,-2.2258,0,0,0.26394,0,329.32,playing,4
292.5794,-2.2258,0,0,0.24029,0,334.29,playing,4
292.5955,-2.2258,0,0,0.24029,0,339.54,playing,4
292.612,-2.0467,0,0,0.24029,0,345.08,playing,4
292.6281,-2.0467,0,0,0.21365,0,350.89,playing,4
292.6448,-2.0467,0,0,0.21365,0,357.39,playing,4
292.6613,-2.2149,0,0,0.21365,0,363.79,playing,4
292.6779,-2.2149,0,0,0.23176,0,370.9,playing,4
292.6941,-15.9924,1,0,0.23176,0,377.88,playing,4
292.7112,-15.9924,0,0,0.23176,0,371.57,playing,4
292.7273,-15.9924,0,0,0.23176,0,365.57,playing,4
292.7471,-13.2215,0,0,0.23176,0,360.21,playing,4
292.7642,-13.2215,0,0,0.25446,0,353.95,playing,4
292.7808,-13.2215,0,0,0.25446,0,348.95,playing,4
292.7968,-8.3493,0,0,0.25446,0,344.52,playing,4
292.8129,-8.3493,0,0,0.25446,0,340.38,playing,4
292.8303,5.5145,0,0,0.21351,0,336.29,playing,4
292.8473,5.5145,0,0,0.21351,0,332.52,playing,4
292.8644,5.5145,0,0,0.21351,0,329.07,playing,4
292.8815,13.904,0,0,0.16386,0,325.94,playing,4
292.8981,13.904,0,0,0.16386,0,323.12,playing,4
292.9147,13.904,0,0,0.16386,0,320.75,playing,4
292.9308,10.0712,0,0,0.16386,0,318.55,playing,4
292.9474,10.0712,0,0,0.16386,0,316.77,playing,4
292.9645,6.943,0,0,0.16386,0,315.19,playing,4
292.9811,6.943,0,0,0.13408,0,313.92,playing,4
292.9966,6.943,0,0,0.13408,0,313.02,playing,4
293.0131,4.4225,0,0,0.13408,0,312.39,playing,4
293.0287,4.4225,0,0,0.17859,0,312.05,playing,4
293.0447,4.4225,0,0,0.17859,0,311.98,playing,4
293.0613,1.4487,0,0,0.17859,0,312.2,playing,4
293.0779,1.4487,0,0,0.20749,1,312.75,playing,4
293.094,1.4487,0,0,0.20749,0,313.55,playing,4
293.1115,0.0284,0,0,0.20749,0,314.64,playing,4
293.1282,0.0284,0,0,0.26832,0,316.21,playing,4
293.1437,-1.4221,0,0,0.26832,0,317.89,playing,4
293.1603,-1.4221,0,0,0.26832,0,319.85,playing,4
293.1769,-1.4221,0,0,0.28962,0,322.25,playing,4
293.1929,-1.5673,0,0,0.28962,0,324.79,playing,4
293.2085,-1.5673,0,0,0.27716,0,327.62,playing,4
293.2255,-1.5673,0,0,0.27716,0,330.72,playing,4
293.2413,-2.1096,0,0,0.27716,0,334.34,playing,4
293.2581,-2.1096,0,0,0.27716,0,338.03,playing,4
293.2737,-2.1096,0,0,0.27716,0,342.0,playing,4
293.2899,-1.138,0,0,0.27716,0,346.25,playing,4
293.3058,-1.138,0,0,0.30818,0,350.78,playing,4
293.3214,-1.138,0,0,0.30818,0,355.59,playing,4
293.338,-1.138,0,0,0.30818,0,360.68,playing,4
293.3541,-1.138,0,0,0.29175,0,366.06,playing,4
293.3706,-1.7739,0,0,0.29175,0,372.09,playing,4
293.3865,-1.7739,0,0,0.29175,0,378.05,playing,4
293.4032,-1.7739,0,0,0.2693,0,384.29,playing,4
293.4198,-1.7739,0,0,0.2693,0,391.23,playing,4
293.4358,-1.7739,0,0,0.2693,0,398.05,playing,4
293.4517,-1.7739,0,0,0.25485,0,405.15,playing,4
293.4677,-15.9029,1,0,0.25485,0,412.53,playing,4
293.4843,-15.9029,0,0,0.25485,0,406.58,playing,4
293.5008,-15.9029,0,0,0.2594,0,400.56,playing,4
293.5169,-10.5247,0,0,0.2594,0,395.19,playing,4
293.5325,-10.5247,0,0,0.2594,0,390.09,playing,4
293.549,-3.2981,0,0,0.25549,0,385.27,playing,4
293.5651,-3.2981,0,0,0.25549,0,380.74,playing,4
293.5807,-3.2981,0,0,0.25549,0,376.49,playing,4
293.5967,12.7224,0,0,0.18334,0,372.52,playing,4
293.6133,12.7224,0,0,0.18334,0,368.83,playing,4
293.6303,12.7224,0,0,0.18334,0,365.23,playing,4
293.6469,14.853,0,0,0.19578,0,361.95,playing,4
293.6624,14.853,0,0,0.19578,0,359.14,playing,4
293.6785,14.853,0,0,0.19578,0,356.62,playing,4
293.6951,11.9774,0,0,0.17239,0,354.37,playing,4
293.7108,11.9774,0,0,0.17239,0,352.41,playing,4
293.7263,11.9774,0,0,0.17239,0,350.73,playing,4
293.743,5.5032,0,0,0.17239,0,349.33,playing,4
293.7591,5.5032,0,0,0.17135,0,348.21,playing,4
293.7747,3.2624,0,0,0.17135,0,347.37,playing,4
293.7908,3.2624,0,0,0.17135,0,346.82,playing,4
293.8069,3.2624,0,0,0.17135,0,346.54,playing,4
293.823,3.2624,0,0,0.17135,1,346.55,playing,4
293.8401,3.2624,0,0,0.21895,0,346.88,playing,4
293.8562,3.2624,0,0,0.21895,0,347.46,playing,4
293.8728,-0.0456,0,0,0.21895,0,348.41,playing,4
293.889,-0.0456,0,0,0.24984,0,349.58,playing,4
293.9046,-0.0456,0,0,0.24984,0,351.03,playing,4
293.9212,-1.8296,0,0,0.24984,0,352.76,playing,4
293.9378,-1.8296,0,0,0.2594,0,354.92,playing,4
293.954,-1.9674,0,0,0.2594,0,357.23,playing,4
293.9696,-1.9674,0,0,0.2594,0,359.83,playing,4
293.9856,-1.9674,0,0,0.26012,0,362.71,playing,4
294.0019,-2.1973,0,0,0.26012,0,365.87,playing,4
294.0175,-2.1973,0,0,0.26012,0,369.31,playing,4
294.0337,-2.1973,0,0,0.26716,0,373.03,playing,4
294.0497,-2.014,0,0,0.26716,0,377.03,playing,5
294.0658,-2.014,0,0,0.26716,0,381.31,playing,5
294.0819,-2.014,0,0,0.27669,0,385.88,playing,5
294.098,-15.5729,1,0,0.27669,0,390.73,playing,5
294.114,-15.5729,0,0,0.27669,0,384.77,playing,5
294.1296,-15.5729,0,0,0.29854,0,379.09,playing,5
294.1462,-7.3067,0,0,0.29854,0,373.7,playing,5
294.1634,-7.3067,0,0,0.29854,0,368.28,playing,5
294.18,-2.5987,0,0,0.1435,0,363.19,playing,5
294.1956,-2.5987,0,0,0.1435,0,358.67,playing,5
294.2117,-2.5987,0,0,0.1435,0,354.44,playing,5
294.2278,0.7077,0,0,0.19083,0,350.49,playing,5
294.2444,0.7077,0,0,0.19083,0,346.82,playing,5
294.261,0.7077,0,0,0.19083,0,343.23,playing,5
294.2791,0.3146,0,0,0.19083,0,340.14,playing,5
294.2952,0.3146,0,0,0.12316,0,337.03,playing,5
294.3118,0.3146,0,0,0.12316,0,334.4,playing,5
294.3278,7.4418,0,0,0.12316,0,332.21,playing,5
294.3439,7.4418,0,0,0.15375,0,330.29,playing,5
294.36,12.8002,0,0,0.15375,0,328.67,playing,5
294.3766,12.8002,0,0,0.15375,0,327.32,playing,5
294.3927,12.8002,0,0,0.1963,0,326.21,playing,5
294.4093,9.8946,0,0,0.1963,0,325.44,playing,5
294.4253,9.8946,0,0,0.1963,0,324.94,playing,5
294.442,9.8946,0,0,0.1963,0,324.76,playing,5
294.4576,7.1576,0,0,0.20953,1,324.85,playing,5
294.4741,7.1576,0,0,0.20953,0,325.23,playing,5
294.4911,7.1576,0,0,0.20953,0,325.95,playing,5
294.5071,3.0533,0,0,0.20953,0,326.91,playing,5
294.5242,3.0533,0,0,0.20953,0,328.24,playing,5
294.5414,1.3245,0,0,0.27586,0,329.9,playing,5
294.558,1.3245,0,0,0.27586,0,331.87,playing,5
294.5741,1.3245,0,0,0.27586,0,334.01,playing,5
294.5898,-1.178,0,0,0.24099,0,336.43,playing,5
294.6063,-1.178,0,0,0.24099,0,339.13,playing,5
294.6229,-1.178,0,0,0.24099,0,342.32,playing,5
294.6386,-1.178,0,0,0.31528,0,345.6,playing,5
294.6546,-1.178,0,0,0.31528,0,349.16,playing,5
294.6707,-1.178,0,0,0.31528,0,353.01,playing,5
294.6874,-2.1423,0,0,0.26404,0,357.13,playing,5
294.704,-2.1423,0,0,0.26404,0,361.83,playing,5
294.7201,-12.912,1,0,0.26404,0,366.54,playing,5
294.7356,-12.912,0,0,0.26404,0,360.58,playing,5
294.7523,-12.912,0,0,0.25609,0,354.91,playing,5
294.7694,-8.9003,0,0,0.25609,0,349.19,playing,5
294.7864,-8.9003,0,0,0.25609,0,343.8,playing,5
294.8045,-8.9003,0,0,0.25609,0,338.72,playing,5
294.8215,3.3208,0,0,0.24591,0,333.7,playing,5
294.8377,3.3208,0,0,0.24591,0,329.27,playing,5
294.8542,0.6356,0,0,0.24591,0,325.39,playing,5
294.8708,0.6356,0,0,0.16044,0,321.59,playing,5
294.8869,0.6356,0,0,0.16044,0,318.29,playing,5
294.9046,6.0067,0,0,0.16044,0,315.27,playing,5
294.9211,6.0067,0,0,0.16044,0,312.23,playing,5
294.9378,6.0067,0,0,0.19956,0,309.67,playing,5
294.9543,10.3359,0,0,0.19956,0,307.55,playing,5
294.9709,10.3359,0,0,0.19956,0,305.62,playing,5
294.9875,9.3683,0,0,0.19602,0,304.07,playing,5
295.0046,9.3683,0,0,0.19602,0,302.76,playing,5
295.0207,9.3683,0,0,0.19602,0,301.75,playing,5
295.0368,4.3866,0,0,0.16913,0,301.09,playing,5
295.0534,4.3866,0,0,0.16913,0,300.71,playing,5
295.0705,4.3866,0,0,0.16913,0,300.63,playing,5
295.0866,2.2642,0,0,0.16534,0,300.86,playing,5
295.1032,2.2642,0,0,0.16534,0,301.36,playing,5
295.1203,2.2642,0,0,0.16534,0,302.21,playing,5
295.1364,0.5563,0,0,0.21437,1,303.38,playing,5
295.1525,0.5563,0,0,0.21437,0,304.76,playing,5
295.1696,-10.8213,0,0,0.21437,0,306.42,playing,5
295.1861,-10.8213,0,0,0.24192,0,308.51,playing,5
295.2027,-10.8213,0,0,0.24192,0,310.91,playing,5
295.2209,-16.7877,1,0,0.24192,0,313.45,playing,5
295.2375,-16.7877,0,0,0.24984,0,306.79,playing,5
295.2536,-16.7877,0,0,0.24984,0,300.81,playing,5
295.2702,-3.0479,0,0,0.23261,0,295.47,playing,5
295.2868,-3.0479,0,0,0.23261,0,290.11,playing,5
295.3029,3.4699,0,0,0.23261,0,285.35,playing,5
295.319,3.4699,0,0,0.17356,0,280.87,playing,5
295.3366,3.4699,0,0,0.17356,0,276.43,playing,5
295.3528,6.3678,0,0,0.17356,0,272.3,playing,5
295.3694,6.3678,0,0,0.16616,0,268.7,playing,5
295.3864,6.3678,0,0,0.16616,0,265.2,playing,5
295.4025,5.3473,0,0,0.16616,0,262.01,playing,5
295.419,5.3473,0,0,0.15558,0,259.29,playing,5
295.4351,5.3473,0,0,0.15558,0,256.85,playing,5
295.4507,4.8899,0,0,0.15558,0,254.69,playing,5
295.4667,4.8899,0,0,0.19504,0,252.82,playing,5
295.4831,2.3705,0,0,0.19504,0,251.22,playing,5
295.4997,2.3705,0,0,0.19504,0,249.85,playing,5
295.516,2.3705,0,0,0.19592,0,248.84,playing,5
295.532,1.1014,0,0,0.19592,0,248.11,playing,5
295.5475,1.1014,0,0,0.19592,0,247.66,playing,5
295.5636,1.1014,0,0,0.21862,1,247.49,playing,5
295.58,0.5408,0,0,0.21862,0,247.6,playing,5
295.5956,0.5408,0,0,0.21862,0,248.0,playing,5
295.6117,0.5408,0,0,0.25047,0,248.67,playing,5
295.6279,-0.9331,0,0,0.25047,0,249.63,playing,5
295.6444,-0.9331,0,0,0.25047,0,250.87,playing,5
295.661,-0.9331,0,0,0.26339,0,252.51,playing,5
295.6786,-1.2415,0,0,0.26339,0,254.46,playing,5
295.6952,-1.2415,0,0,0.26339,0,256.73,playing,5
295.7118,-1.2269,0,0,0.26339,0,259.32,playing,5
295.7279,-1.2269,0,0,0.26778,0,262.04,playing,5
295.7439,-1.2269,0,0,0.26778,0,265.04,playing,5
295.76,-1.0687,0,0,0.26778,0,268.32,playing,5
295.7761,-1.0687,0,0,0.24622,0,271.88,playing,5
295.7928,-1.0687,0,0,0.24622,0,275.99,playing,5
295.8094,-1.8791,0,0,0.24622,0,280.13,playing,5
295.8264,-1.8791,0,0,0.27642,0,284.85,playing,5
295.8435,-12.9673,1,0,0.27642,0,289.89,playing,5
295.8596,-12.9673,0,0,0.27642,0,283.58,playing,5
295.8756,-12.9673,0,0,0.26805,0,277.92,playing,5
295.8923,-11.0635,0,0,0.26805,0,272.54,playing,6
295.9084,-11.0635,0,0,0.26805,0,267.15,playing,6
295.925,-11.0635,0,0,0.25177,0,262.35,playing,6
295.9407,-3.8229,0,0,0.25177,0,257.83,playing,6
295.9568,-3.8229,0,0,0.25177,0,253.6,playing,6
295.9729,-3.8229,0,0,0.23671,0,249.65,playing,6
295.989,-0.5834,0,0,0.23671,0,245.98,playing,6
296.005,-0.5834,0,0,0.23671,0,242.59,playing,6
296.0211,-0.5834,0,0,0.15418,0,239.48,playing,6
296.0382,12.7261,0,0,0.15418,0,236.5,playing,6
296.0547,12.7261,0,0,0.15418,0,233.83,playing,6
296.0713,12.7261,0,0,0.19245,0,231.61,playing,6
296.088,12.7261,0,0,0.19245,0,229.56,playing,6
296.1037,12.7261,0,0,0.19245,0,227.91,playing,6
296.1197,12.3882,0,0,0.15856,0,226.55,playing,6
296.1358,12.3882,0,0,0.15856,0,225.46,playing,6
296.1523,12.3882,0,0,0.15856,0,224.66,playing,6
296.1694,12.3882,0,0,0.2249,1,224.13,playing,6
296.1865,12.3882,0,0,0.2249,0,223.91,playing,6
296.2031,12.3882,0,0,0.15903,0,224.01,playing,6
296.2202,3.7062,0,0,0.15903,0,224.43,playing,6
296.2368,3.7062,0,0,0.15903,0,225.17,playing,6
296.2534,0.3179,0,0,0.18689,0,226.15,playing,6
296.2705,0.3179,0,0,0.18689,0,227.5,playing,6
296.2876,0.3179,0,0,0.18689,0,229.18,playing,6
296.3036,-1.2147,0,0,0.18689,0,231.17,playing,6
296.3197,-1.2147,0,0,0.18689,0,233.32,playing,6
296.3363,-1.799,0,0,0.18689,0,235.76,playing,6
296.3528,-1.799,0,0,0.19123,0,238.67,playing,6
296.3684,-1.799,0,0,0.19123,0,241.68,playing,6
296.3871,-3.44,0,0,0.19123,0,244.98,playing,6
296.4027,-3.44,0,0,0.21489,0,249.05,playing,6
296.4194,-3.44,0,0,0.21489,0,252.95,playing,6
296.4354,-3.2673,0,0,0.21961,0,257.41,playing,6
296.4521,-3.2673,0,0,0.21961,0,261.88,playing,6
296.4682,-3.2673,0,0,0.21961,0,266.64,playing,6
296.4853,-2.1892,0,0,0.21961,0,272.02,playing,6
296.5024,-2.1892,0,0,0.25584,0,277.71,playing,6
296.5195,-2.1217,0,0,0.25584,0,283.72,playing,6
296.5365,-2.1217,0,0,0.23323,0,290.05,playing,6
296.5525,-2.1217,0,0,0.23323,0,296.7,playing,6
296.5697,-1.3957,0,0,0.23323,0,303.24,playing,6
296.5858,-1.3957,0,0,0.2283,0,310.5,playing,6
296.6019,-1.3957,0,0,0.2283,0,317.62,playing,6
296.618,-1.619,0,0,0.2283,0,325.02,playing,6
296.6343,-1.619,0,0,0.23735,0,332.7,playing,6
296.6509,-1.619,0,0,0.23735,0,341.18,playing,6
296.6675,-3.3503,0,0,0.23735,0,349.44,playing,6
296.6841,-3.3503,0,0,0.2469,0,358.54,playing,6
296.6997,-11.9683,1,0,0.2469,0,367.38,playing,6
296.7163,-11.9683,0,0,0.2469,0,361.43,playing,6
296.7328,-11.9683,0,0,0.27286,0,355.41,playing,6
296.749,-6.5079,0,0,0.27286,0,350.04,playing,6
296.7645,-6.5079,0,0,0.27286,0,344.94,playing,6
296.7811,-6.5079,0,0,0.27286,0,340.13,playing,6
296.7967,-6.5079,0,0,0.24509,0,335.59,playing,6
296.8133,-6.5079,0,0,0.24509,0,331.34,playing,6
296.8298,-6.5079,0,0,0.24509,0,327.14,playing,6
296.8459,-2.0044,0,0,0.21468,0,323.47,playing,6
296.8615,-2.0044,0,0,0.21468,0,320.08,playing,6
296.8775,8.148,0,0,0.21468,0,316.98,playing,6
296.8941,8.148,0,0,0.20957,0,314.15,playing,6
296.9096,8.148,0,0,0.20957,0,311.61,playing,6
296.9287,6.5876,0,0,0.18428,0,309.34,playing,6
296.9448,6.5876,0,0,0.18428,0,307.05,playing,6
296.9609,6.5876,0,0,0.18428,0,305.41,playing,6
296.977,4.2949,0,0,0.14903,0,304.04,playing,6
296.9941,4.2949,0,0,0.14903,0,302.91,playing,6
297.0112,4.2949,0,0,0.14903,0,302.1,playing,6
297.0278,1.443,0,0,0.24181,1,301.6,playing,6
297.0439,1.443,0,0,0.24181,0,301.41,playing,6
297.0595,0.2696,0,0,0.24181,0,301.51,playing,6
297.0761,0.2696,0,0,0.21891,0,301.89,playing,6
297.0933,0.2696,0,0,0.21891,0,302.61,playing,6
297.1094,-0.5453,0,0,0.21891,0,303.64,playing,6
297.1254,-0.5453,0,0,0.21067,0,304.9,playing,6
297.1419,-0.5453,0,0,0.21067,0,306.44,playing,6
297.158,-1.2088,0,0,0.21067,0,308.26,playing,6
297.1746,-1.2088,0,0,0.23636,0,310.36,playing,6
297.1907,-1.2088,0,0,0.23636,0,312.92,playing,6
297.2067,-1.7423,0,0,0.23636,0,315.6,playing,6
297.2223,-1.7423,0,0,0.2333,0,318.56,playing,6
297.2384,-17.763,1,0,0.2333,0,321.81,playing,6
297.2549,-17.763,0,0,0.2333,0,315.85,playing,6
297.2715,-17.763,0,0,0.2287,0,310.18,playing,6
297.2882,-13.0815,0,0,0.2287,0,304.46,playing,6
297.3042,-13.0815,0,0,0.2287,0,299.37,playing,6
297.3213,-13.0815,0,0,0.26833,0,294.27,playing,6
297.3379,-7.6695,0,0,0.26833,0,289.49,playing,6
297.354,-7.6695,0,0,0.26833,0,285.27,playing,6
297.37,-7.6695,0,0,0.26833,0,281.34,playing,6
297.3871,0.6835,0,0,0.21099,0,277.48,playing,6
297.4027,0.6835,0,0,0.21099,0,274.12,playing,6
297.4188,13.0527,0,0,0.21099,0,271.05,playing,6
297.4353,13.0527,0,0,0.15229,0,268.26,playing,6
297.4519,13.0527,0,0,0.15229,0,265.61,playing,6
297.4685,13.2249,0,0,0.15229,0,263.4,playing,6
297.4856,13.2249,0,0,0.15229,0,261.38,playing,6
297.5022,13.2249,0,0,0.16017,0,259.66,playing,6
297.5188,13.2249,0,0,0.16017,0,258.27,playing,6
297.5344,13.2249,0,0,0.16017,0,257.24,playing,6
297.551,13.2249,0,0,0.16017,0,256.49,playing,6
297.5676,5.9961,0,0,0.16017,0,256.02,playing,6
297.5842,5.9961,0,0,0.16017,0,255.84,playing,6
297.6009,1.0434,0,0,0.16017,0,255.98,playing,6
297.6172,1.0434,0,0,0.1645,0,256.4,playing,6
297.6342,1.0434,0,0,0.1645,0,257.15,playing,6
297.6508,-0.3174,0,0,0.1645,0,258.23,playing,6
297.6669,-0.3174,0,0,0.20356,0,259.52,playing,6
297.6829,-0.3174,0,0,0.20356,0,261.09,playing,6
297.699,-2.21,0,0,0.20356,0,262.95,playing,6
297.7151,-2.21,0,0,0.20356,0,265.09,playing,6
297.7376,-2.2229,0,0,0.20356,1,267.51,playing,6
297.7547,-2.2229,0,0,0.22184,0,271.77,playing,7
297.7714,-2.2229,0,0,0.22184,0,274.89,playing,7
297.7879,-2.655,0,0,0.22184,0,278.53,playing,7
297.8038,-2.655,0,0,0.21788,0,282.23,playing,7
297.8194,-2.655,0,0,0.21788,0,286.22,playing,7
297.8355,-3.9338,0,0,0.21788,0,290.49,playing,7
297.8523,-3.9338,0,0,0.21395,0,295.03,playing,7
297.8694,-7.5112,0,0,0.21395,0,300.19,playing,7
297.886,-7.5112,0,0,0.21395,0,305.65,playing,7
297.9027,-7.5112,0,0,0.19702,0,311.08,playing,7
297.9188,-13.3259,1,0,0.19702,0,317.17,playing,7
297.9354,-13.3259,0,0,0.19702,0,311.21,playing,7
297.9516,-13.3259,0,0,0.21542,0,305.2,playing,7
297.9677,-7.6442,0,0,0.21542,0,299.82,playing,7
297.9842,-7.6442,0,0,0.21542,0,294.72,playing,7
298.0008,-7.6442,0,0,0.14482,0,289.63,playing,7
298.0168,2.1507,0,0,0.14482,0,285.11,playing,7
298.0329,2.1507,0,0,0.14482,0,280.88,playing,7
298.049,2.1507,0,0,0.18124,0,276.93,playing,7
298.0646,2.1507,0,0,0.18124,0,273.26,playing,7
298.0807,2.1507,0,0,0.18124,0,269.87,playing,7
298.0973,11.7275,0,0,0.18959,0,266.76,playing,7
298.1139,11.7275,0,0,0.18959,0,263.78,playing,7
298.1299,11.7275,0,0,0.18959,0,261.25,playing,7
298.146,8.6771,0,0,0.14277,0,259.01,playing,7
298.1636,8.6771,0,0,0.14277,0,256.94,playing,7
298.1803,8.6771,0,0,0.14277,0,255.19,playing,7
298.1976,4.1053,0,0,0.14277,0,253.76,playing,7
298.2136,4.1053,0,0,0.15123,0,252.64,playing,7
298.2302,1.7923,0,0,0.15123,0,251.88,playing,7
298.2472,1.7923,0,0,0.15123,0,251.38,playing,7
298.2638,1.7923,0,0,0.14751,0,251.2,playing,7
298.2793,1.7923,0,0,0.14751,0,251.32,playing,7
298.2959,1.7923,0,0,0.14751,0,251.71,playing,7
298.312,1.7923,0,0,0.19793,0,252.39,playing,7
298.3281,-1.741,0,0,0.19793,0,253.35,playing,7
298.3436,-1.741,0,0,0.19793,0,254.59,playing,7
298.3599,-1.741,0,0,0.21415,1,256.11,playing,7
298.376,-2.5166,0,0,0.21415,0,257.91,playing,7
298.3921,-2.5166,0,0,0.21415,0,260.0,playing,7
298.4076,-2.5304,0,0,0.2314,0,262.36,playing,7
298.4242,-2.5304,0,0,0.2314,0,265.01,playing,7
298.4409,-2.5304,0,0,0.2314,0,268.14,playing,7
298.457,-2.3033,0,0,0.25908,0,271.37,playing,7
298.4725,-2.3033,0,0,0.25908,0,274.88,playing,7
298.4896,-2.3033,0,0,0.25908,0,278.67,playing,7
298.5062,-1.4299,0,0,0.25507,0,283.02,playing,7
298.5223,-1.4299,0,0,0.25507,0,287.69,playing,7
298.539,-1.4299,0,0,0.25507,0,292.36,playing,7
298.555,-1.5035,0,0,0.25507,0,297.31,playing,7
298.5712,-1.5035,0,0,0.25948,0,302.55,playing,7
298.5868,-1.5035,0,0,0.25948,0,308.06,playing,7
298.6029,-15.3318,1,0,0.25948,0,313.86,playing,7
298.6189,-15.3318,0,0,0.25948,0,307.9,playing,7
298.635,-10.9382,0,0,0.27297,0,302.23,playing,7
298.6511,-10.9382,0,0,0.27297,0,296.83,playing,7
298.6667,-10.9382,0,0,0.27297,0,291.72,playing,7
298.6827,-6.9361,0,0,0.19157,0,286.89,playing,7
298.6988,-6.9361,0,0,0.19157,0,282.34,playing,7
298.7148,-6.9361,0,0,0.19157,0,278.07,playing,7
298.7314,0.0348,0,0,0.16842,0,274.08,playing,7
298.748,0.0348,0,0,0.16842,0,270.16,playing,7
298.7651,0.0348,0,0,0.16842,0,266.75,playing,7
298.7821,2.4067,0,0,0.20378,0,263.28,playing,7
298.7977,2.4067,0,0,0.20378,0,260.47,playing,7
298.8147,14.5257,0,0,0.1873,0,257.94,playing,7
298.8315,14.5257,0,0,0.1873,0,255.58,playing,7
298.848,14.5257,0,0,0.1873,0,253.53,playing,7
298.8641,14.3564,0,0,0.1873,0,251.88,playing,7
298.8813,14.3564,0,0,0.1873,0,250.45,playing,7
298.8979,14.3564,0,0,0.1873,0,249.34,playing,7
298.9145,11.6518,0,0,0.16886,0,248.57,playing,7
298.9311,11.6518,0,0,0.16886,0,248.08,playing,7
298.9466,11.6518,0,0,0.16886,0,247.89,playing,7
298.9627,5.8373,0,0,0.16804,0,247.99,playing,7
298.9783,5.8373,0,0,0.16804,0,248.36,playing,7
298.9949,5.8373,0,0,0.16804,0,249.02,playing,7
299.011,5.8373,0,0,0.18342,0,249.96,playing,7
299.027,5.8373,0,0,0.18342,0,251.19,playing,7
299.0426,-0.4273,0,0,0.18342,0,252.69,playing,7
299.0597,-0.4273,0,0,0.20414,0,254.48,playing,7
299.0762,-0.4273,0,0,0.20414,0,256.69,playing,7
299.0928,-1.5698,0,0,0.20414,0,259.22,playing,7
299.1089,-1.5698,0,0,0.20897,1,261.89,playing,7
299.1249,-1.5698,0,0,0.20897,0,264.84,playing,7
299.1405,-2.7867,0,0,0.20897,0,268.07,playing,7
299.1566,-2.7867,0,0,0.2462,0,271.58,playing,7
299.1731,-3.3573,0,0,0.2462,0,275.37,playing,7
299.1897,-3.3573,0,0,0.2462,0,279.44,playing,7
299.2063,-3.3573,0,0,0.2462,0,284.09,playing,7
299.2223,-6.9991,0,0,0.2462,0,289.05,playing,7
299.2394,-6.9991,0,0,0.2462,0,294.0,playing,7
299.256,-6.9991,0,0,0.25099,0,299.59,dead,7
299.272,-14.2477,1,0,0.25099,0,305.12,dead,7
299.2881,-14.2477,0,0,0.25099,0,285.0,playing,0
299.3037,-14.2477,0,0,0.23209,0,279.04,playing,0
299.3197,-5.1147,0,0,0.23209,0,273.36,playing,0
299.3358,-5.1147,0,0,0.23209,0,267.97,playing,0
299.3524,9.7915,0,0,0.15575,0,262.86,playing,0
299.3689,9.7915,0,0,0.15575,0,257.74,playing,0
299.3855,9.7915,0,0,0.15575,0,253.21,playing,0
299.4016,8.1193,0,0,0.15776,0,248.71,playing,0
299.4176,8.1193,0,0,0.15776,0,244.76,playing,0
299.4337,8.1193,0,0,0.15776,0,241.09,playing,0
299.4503,6.265,0,0,0.16671,0,237.7,playing,0
299.4673,6.265,0,0,0.16671,0,234.42,playing,0
299.4844,6.265,0,0,0.16671,0,231.45,playing,0
299.501,2.8595,0,0,0.15918,0,228.8,playing,0
299.517,2.8595,0,0,0.15918,0,226.59,playing,0
299.5332,1.731,0,0,0.15918,0,224.67,playing,0
299.5498,1.731,0,0,0.17694,0,222.94,playing,0
299.5663,1.731,0,0,0.17694,0,221.59,playing,0
299.5833,0.1283,0,0,0.17694,0,220.48,playing,0
299.5994,0.1283,0,0,0.22802,1,219.68,playing,0
299.6155,0.1283,0,0,0.22802,0,219.21,playing,0
299.632,-0.8564,0,0,0.22802,0,219.03,playing,0
299.6476,-0.8564,0,0,0.1867,0,219.12,playing,0
299.6636,-0.8564,0,0,0.1867,0,219.5,playing,0
299.6797,-0.8349,0,0,0.1867,0,220.16,playing,0
299.6953,-0.8349,0,0,0.21489,0,221.1,playing,0
299.7124,-1.2721,0,0,0.21489,0,222.32,playing,0
299.729,-1.6025,0,0,0.21489,0,223.94,playing,0
299.745,-1.6025,0,0,0.22831,0,225.74,playing,0
299.7612,-1.7759,0,0,0.22831,0,227.83,playing,0
299.7771,-1.7759,0,0,0.22831,0,230.19,playing,0
299.7927,-1.7759,0,0,0.22831,0,232.84,playing,0
299.8104,-0.8792,0,0,0.21887,0,235.97,playing,0
299.8274,-0.8792,0,0,0.21887,0,239.42,playing,0
299.8436,-0.8792,0,0,0.21887,0,243.19,playing,0
299.8602,-1.8972,0,0,0.25487,0,247.02,playing,0
299.8767,-1.8972,0,0,0.25487,0,251.4,playing,0
299.8927,-1.8972,0,0,0.25487,0,255.81,playing,0
299.9087,-4.8173,0,0,0.20523,0,260.5,playing,0
299.9253,-4.8173,0,0,0.20523,0,265.47,playing,0
299.9418,-18.1832,1,0,0.20523,0,271.07,playing,0
299.9585,-18.1832,0,0,0.21395,0,265.11,playing,0
299.9751,-18.1832,0,0,0.21395,0,259.1,playing,0
299.9907,-4.7477,0,0,0.21395,0,253.72,playing,0
300.0079,-4.7477,0,0,0.21395,0,248.63,playing,0
300.0254,-4.7477,0,0,0.22043,0,243.25,playing,0
300.0415,10.3195,0,0,0.22043,0,238.49,playing,0
300.0581,10.3195,0,0,0.22043,0,234.29,playing,0
300.0743,9.8961,0,0,0.17008,0,230.37,playing,0
300.0905,9.8961,0,0,0.17008,0,226.53,playing,0
300.107,9.8961,0,0,0.17008,0,223.19,playing,0
300.1235,7.7823,0,0,0.17008,0,220.14,playing,0
300.14,7.7823,0,0,0.15988,0,217.21,playing,0
300.1562,7.7823,0,0,0.15988,0,214.74,playing,0
300.1728,3.8591,0,0,0.15988,0,212.43,playing,0
300.1894,3.8591,0,0,0.1592,0,210.54,playing,0
300.2057,3.8591,0,0,0.1592,0,208.84,playing,0
300.2223,2.0591,0,0,0.1592,0,207.53,playing,0
300.2394,2.0591,0,0,0.18228,0,206.45,playing,0
300.2562,0.3578,0,0,0.18228,0,205.7,playing,0
300.2732,0.3578,0,0,0.18228,0,205.26,playing,0
300.2893,0.3578,0,0,0.21542,1,205.13,playing,0
300.3059,-0.0912,0,0,0.21542,0,205.3,playing,0
300.3245,-0.0912,0,0,0.21542,0,205.75,playing,0
300.3416,-0.1997,0,0,0.20603,0,206.68,playing,0
300.3576,-0.1997,0,0,0.20603,0,207.83,playing,0
300.3737,-0.1997,0,0,0.23765,0,209.19,playing,0
300.3898,-1.1234,0,0,0.23765,0,210.83,playing,0
300.4064,-1.1234,0,0,0.23765,0,212.76,playing,0
300.423,-1.1234,0,0,0.25485,0,215.12,playing,0
300.4386,-1.1234,0,0,0.25485,0,217.63,playing,0
300.4547,-1.1234,0,0,0.25485,0,220.42,playing,0
300.4705,-1.1234,0,0,0.27669,0,223.49,playing,0
300.4866,-1.5202,0,0,0.27669,0,226.84,playing,0
300.5031,-1.5202,0,0,0.27669,0,230.48,playing,0
300.5183,-1.5202,0,0,0.27669,0,234.39,playing,0
300.5353,-2.4019,0,0,0.26868,0,238.59,playing,0
300.5519,-2.4019,0,0,0.26868,0,243.37,playing,0
300.5675,-16.8076,1,0,0.26868,0,248.14,playing,0
300.5845,-16.8076,0,0,0.27367,0,242.18,playing,0
300.6006,-16.8076,0,0,0.27367,0,236.17,playing,0
300.6187,-8.8594,0,0,0.27367,0,230.79,playing,0
300.6347,-8.8594,0,0,0.25876,0,225.1,playing,0
300.6509,-8.8594,0,0,0.25876,0,220.32,playing,0
300.667,-0.7508,0,0,0.25876,0,215.82,playing,0
300.6841,-0.7508,0,0,0.27265,0,211.36,playing,0
300.7002,-0.7508,0,0,0.27265,0,207.45,playing,0
300.7162,11.3031,0,0,0.15017,0,203.81,playing,0
300.7329,11.3031,0,0,0.15017,0,200.27,playing,0
300.7485,9.6398,0,0,0.15017,0,197.21,playing,0
300.765,9.6398,0,0,0.15289,0,194.44,playing,0
300.7806,9.6398,0,0,0.15289,0,191.95,playing,0
300.7972,7.3321,0,0,0.15289,0,189.74,playing,0
300.8143,7.3321,0,0,0.14264,0,187.71,playing,0
300.8314,7.3321,0,0,0.14264,0,186.0,playing,0
300.8485,4.2812,0,0,0.14264,0,184.6,playing,0
300.8652,4.2812,0,0,0.22261,1,183.53,playing,0
300.8818,4.2812,0,0,0.22261,0,182.77,playing,0
300.8993,4.2812,0,0,0.22261,0,182.34,playing,0
300.9158,4.2812,0,0,0.20315,0,182.21,playing,0
300.9319,0.8206,0,0,0.20315,0,182.37,playing,0
300.9485,0.8206,0,0,0.22419,0,182.82,playing,0
300.9646,0.8206,0,0,0.22419,0,183.62,playing,0
300.9807,-0.0648,0,0,0.22419,0,184.64,playing,0
300.9971,-0.0648,0,0,0.24525,0,185.95,playing,0
301.0139,-0.0648,0,0,0.24525,0,187.66,playing,0
301.0299,-0.5784,0,0,0.24525,0,189.56,playing,0
301.0466,-0.5784,0,0,0.24525,0,191.73,playing,0
301.0626,-0.9604,0,0,0.25917,0,194.36,playing,0
301.0787,-1.2922,0,0,0.25917,0,197.11,playing,0
301.0953,-1.2922,0,0,0.25917,0,200.14,playing,0
301.1109,-1.6846,0,0,0.2374,0,203.46,playing,0
301.1265,-1.6846,0,0,0.2374,0,207.06,playing,0
301.1425,-1.6846,0,0,0.25974,0,210.94,playing,0
301.1586,-1.5264,0,0,0.25974,0,215.1,playing,0
301.1752,-1.5264,0,0,0.25974,0,219.54,playing,0
301.1908,-1.5264,0,0,0.25974,0,224.27,playing,0
301.2064,-1.5491,0,0,0.25125,0,229.28,playing,0
301.2229,-1.5491,0,0,0.25125,0,234.56,playing,0
301.2386,-1.5491,0,0,0.25125,0,240.13,playing,0
301.2556,-1.5491,0,0,0.29238,0,245.98,playing,0
301.2722,-1.5491,0,0,0.29238,0,252.52,playing,0
301.2888,-1.6884,0,0,0.26003,0,259.37,playing,0
301.3054,-1.3821,0,0,0.26003,0,266.1,playing,0
301.3219,-1.3821,0,0,0.26003,0,273.57,playing,0
301.3386,-7.7042,0,0,0.25891,0,280.88,playing,0
301.3556,-7.7042,0,0,0.25891,0,288.97,playing,0
301.3717,-7.7042,0,0,0.25891,0,297.38,playing,0
301.3877,-11.2859,1,0,0.25057,0,305.57,playing,0
301.405,-11.2859,0,0,0.25057,0,299.61,playing,0
301.4206,-11.2859,0,0,0.24593,0,293.6,playing,0
301.4367,-4.9493,0,0,0.24593,0,288.22,playing,0
301.4533,-4.9493,0,0,0.24593,0,283.12,playing,0
301.4704,5.5142,0,0,0.26437,0,278.03,playing,0
301.487,5.5142,0,0,0.26437,0,273.25,playing,0
301.5036,5.5142,0,0,0.26437,0,269.03,playing,0
301.5197,9.3315,0,0,0.15804,0,264.87,playing,0
301.5362,9.3315,0,0,0.15804,0,261.24,playing,0
301.5528,9.3315,0,0,0.15804,0,257.69,playing,0
301.5689,7.7279,0,0,0.1606,0,254.64,playing,0
301.5849,7.7279,0,0,0.1606,0,251.86,playing,0
301.6006,7.7279,0,0,0.1606,0,249.37,playing,0
301.6167,6.0232,0,0,0.14976,0,247.16,playing,0
301.6328,6.0232,0,0,0.14976,0,245.23,playing,0
301.6484,4.4987,0,0,0.14976,0,243.59,playing,0
301.6651,2.9359,0,0,0.14976,0,242.22,playing,0
301.6817,2.9359,0,0,0.17368,0,241.09,playing,0
301.698,0.4363,0,0,0.17368,0,240.31,playing,0
301.7136,0.4363,0,0,0.17368,0,239.81,playing,0
301.7303,0.4363,0,0,0.20104,0,239.58,playing,1
301.7468,0.1006,0,0,0.20104,0,239.67,playing,1
301.7628,0.1006,0,0,0.20104,0,240.03,playing,1
301.7789,0.1006,0,0,0.20664,1,240.67,playing,1
301.795,-0.7631,0,0,0.20664,0,241.59,playing,1
301.811,-0.7631,0,0,0.20664,0,242.8,playing,1
301.8266,-1.3107,0,0,0.25974,0,244.28,playing,1
301.8426,-1.3107,0,0,0.25974,0,246.05,playing,1
301.8589,-1.3107,0,0,0.25974,0,248.1,playing,1
301.8747,-2.1669,0,0,0.22248,0,250.43,playing,1
301.8913,-2.1669,0,0,0.22248,0,253.05,playing,1
301.9076,-2.1669,0,0,0.22248,0,256.14,playing,1
301.9237,-2.1446,0,0,0.2236,0,259.33,playing,1
301.9402,-2.1446,0,0,0.2236,0,262.81,playing,1
301.9567,-2.1446,0,0,0.2236,0,266.82,playing,1
301.9833,-2.1345,0,0,0.21888,0,270.87,playing,1
301.9997,-2.1345,0,0,0.21888,0,278.52,playing,1
302.016,-1.9378,0,0,0.21888,0,283.33,playing,1
302.0327,-1.9378,0,0,0.21888,0,288.43,playing,1
302.0489,-1.9378,0,0,0.25893,0,294.16,playing,1
302.065,-0.9272,0,0,0.25893,0,299.83,playing,1
302.081,-0.9272,0,0,0.25893,0,305.79,playing,1
302.0967,-1.2368,0,0,0.24227,0,312.03,playing,1
302.1127,-1.2368,0,0,0.24227,0,318.55,playing,1
302.1287,-1.2368,0,0,0.24227,0,325.35,playing,1
302.1451,-1.2279,0,0,0.25446,0,332.43,playing,1
302.1611,-1.2279,0,0,0.25446,0,339.8,playing,1
302.1781,-1.2279,0,0,0.25446,0,347.94,playing,1
302.1942,-1.2235,0,0,0.23337,0,355.89,playing,1
302.2112,-1.2235,0,0,0.23337,0,364.65,playing,1
302.2271,-1.2235,0,0,0.23337,0,373.17,playing,1
302.2426,-1.1414,0,0,0.25046,0,381.98,playing,1
302.2619,-1.1414,0,0,0.25046,0,391.07,playing,1
302.2757,-1.1414,0,0,0.25046,0,400.44,playing,1
302.2922,-0.3861,0,0,0.25046,0,410.72,playing,1
302.309,-0.3861,0,0,0.24219,0,421.31,playing,1
302.325,-0.5609,0,0,0.24219,0,431.56,playing,1
302.3411,-0.5609,0,0,0.24219,0,442.09,playing,1
302.3576,-0.5609,0,0,0.24219,0,453.6,playing,1
302.3737,-0.2792,0,0,0.27798,0,464.72,playing,1
302.3906,-0.2792,0,0,0.27798,0,475.92,playing,1
302.4066,-0.2792,0,0,0.27798,0,487.82,playing,1
302.4232,-0.2792,0,0,0.27269,0,499.02,dead,1
302.4403,-0.2792,0,0,0.27269,0,496.0,dead,1
302.4579,0.4881,0,0,0.27269,0,496.0,dead,1
302.4753,1.019,0,0,0.27269,0,496.0,dead,1
302.4921,1.019,0,0,,0,496.0,dead,1
302.5077,1.1046,0,0,,0,496.0,dead,1
302.5245,1.1046,0,0,,0,496.0,dead,1
302.5406,1.1046,0,0,0.28562,0,496.0,dead,1
302.5592,0.7008,0,0,0.28562,0,496.0,dead,1
302.5727,0.7008,0,0,0.28562,0,496.0,dead,1
302.5888,0.7008,0,0,0.28562,0,496.0,dead,1
302.6046,0.8687,0,0,0.27273,0,496.0,dead,1
302.6215,0.8687,0,0,0.27273,0,496.0,dead,1
302.6373,0.7069,0,0,0.27273,0,496.0,dead,1
302.6537,0.7069,0,0,0.26435,0,496.0,dead,1
302.6718,0.7069,0,0,0.26435,0,496.0,dead,1
302.687,0.9209,0,0,0.26435,0,496.0,dead,1
302.7025,0.9209,0,0,0.26435,0,496.0,dead,1
302.7201,0.9209,0,0,0.29336,0,496.0,dead,1
302.7367,0.6555,0,0,0.29336,0,496.0,dead,1
302.7543,0.6555,0,0,0.29336,0,496.0,dead,1
302.7708,0.6555,0,0,0.29336,0,496.0,dead,1
302.7863,0.2989,0,0,0.29336,0,496.0,dead,1
302.8031,0.2989,0,0,0.29336,0,496.0,dead,1
302.82,0.351,0,0,0.28159,0,496.0,dead,1
302.8371,0.351,0,0,0.28159,0,496.0,dead,1
