time_s,eeg_amplitude_uv,eeg_blink,cv_ear,cv_blink,bird_y,game_state,score
0.0025,0.0,0,1.0,0,285.0,waiting,0
0.0186,0.0,0,1.0,0,277.87,waiting,0
0.0347,0.0,0,1.0,0,278.39,waiting,0
0.0507,0.0,0,1.0,0,278.9,waiting,0
0.0668,0.0,0,1.0,0,279.46,waiting,0
0.0823,0.0,0,1.0,0,280.04,waiting,0
0.0989,0.0,0,1.0,0,280.62,waiting,0
0.1155,0.0,0,1.0,0,281.26,waiting,0
0.1318,0.0,0,1.0,0,281.88,waiting,0
0.1482,0.0,0,1.0,0,282.54,waiting,0
0.1647,0.0,0,1.0,0,283.17,waiting,0
0.1804,0.0,0,1.0,0,283.8,waiting,0
0.1964,0.0,0,1.0,0,284.44,waiting,0
0.2125,0.0,0,1.0,0,285.08,waiting,0
0.2291,0.0,0,1.0,0,285.72,waiting,0
0.2457,0.0,0,1.0,0,286.4,waiting,0
0.2613,0.0,0,1.0,0,287.03,waiting,0
0.2778,0.0,0,1.0,0,287.66,waiting,0
0.2938,0.0,0,1.0,0,288.28,waiting,0
0.3095,0.0,0,1.0,0,288.93,waiting,0
0.325,0.0,0,1.0,0,289.49,waiting,0
0.3416,0.0,0,1.0,0,290.08,waiting,0
0.3571,0.0,0,1.0,0,290.65,waiting,0
0.3741,0.0,0,1.0,0,291.21,waiting,0
0.3902,0.0,0,1.0,0,291.78,waiting,0
0.4078,0.0,0,1.0,0,292.3,waiting,0
0.4234,0.0,0,1.0,0,292.82,waiting,0
0.4439,0.0,0,1.0,0,293.3,waiting,0
0.4734,0.0,0,1.0,0,293.88,waiting,0
0.4909,0.0,0,1.0,0,294.64,waiting,0
0.508,0.0,0,1.0,0,295.03,waiting,0
0.525,0.0,0,1.0,0,295.39,waiting,0
0.5421,0.0,0,1.0,0,295.71,waiting,0
0.5591,0.0,0,1.0,0,296.0,waiting,0
0.5757,0.0,0,1.0,0,296.26,waiting,0
0.5917,0.0,0,1.0,0,296.46,waiting,0
0.6072,0.0,0,0.28994,0,296.63,waiting,0
0.6233,0.0,0,0.29325,0,296.77,waiting,0
0.6393,0.0,0,0.29325,0,296.88,waiting,0
0.6561,0.0,0,0.29294,0,296.95,waiting,0
0.6737,0.0,0,0.29294,0,296.99,waiting,0
0.6908,0.0,0,0.29147,0,296.99,waiting,0
0.7063,0.0,0,0.3005,0,296.96,waiting,0
0.7223,0.0,0,0.3005,0,296.89,waiting,0
0.7389,0.0,0,0.29797,0,296.79,waiting,0
0.7554,0.0,0,0.28945,0,296.64,waiting,0
0.7711,0.0,0,0.28945,0,296.47,waiting,0
0.7881,0.0,0,0.33917,0,296.26,waiting,0
0.8047,0.0,0,0.33917,0,296.01,waiting,0
0.8206,0.0,0,0.33917,0,295.74,waiting,0
0.8361,0.0,0,0.28109,0,295.44,waiting,0
0.8527,0.0,0,0.28109,0,295.11,waiting,0
0.8686,0.0,0,0.27735,0,294.75,waiting,0
0.8842,0.0,0,0.27735,0,294.36,waiting,0
0.9013,0.0,0,0.278,0,293.95,waiting,0
0.9173,0.0,0,0.278,0,293.48,waiting,0
0.9339,0.0,0,0.29932,0,293.02,waiting,0
0.951,0.0,0,0.29932,0,292.5,waiting,0
0.9678,0.0,0,0.27709,0,291.95,waiting,0
0.9839,0.0,0,0.27709,0,291.39,waiting,0
1.0004,0.0,0,0.29255,0,290.84,waiting,0
1.0165,0.0,0,0.29255,0,290.27,waiting,0
1.0325,0.0,0,0.31281,0,289.69,waiting,0
1.0486,0.0,0,0.31281,0,289.09,waiting,0
1.0651,0.0,0,0.30093,0,288.49,waiting,0
1.0811,0.0,0,0.30093,0,287.83,waiting,0
1.0975,0.0,0,0.28959,0,287.2,waiting,0
1.1136,0.0,0,0.28959,0,286.57,waiting,0
1.1298,0.0,0,0.30801,0,285.9,waiting,0
1.1467,0.0,0,0.30801,0,285.26,waiting,0
1.1627,0.0,0,0.28543,0,284.62,waiting,0
1.1785,0.0,0,0.28543,0,283.98,waiting,0
1.195,0.0,0,0.28543,0,283.34,waiting,0
1.2119,0.0,0,0.29632,0,282.67,waiting,0
1.2286,0.0,0,0.29632,0,282.01,waiting,0
1.2449,0.0,0,0.31811,0,281.39,waiting,0
1.262,0.0,0,0.31811,0,280.75,waiting,0
1.2782,0.0,0,0.33848,0,280.12,waiting,0
1.2944,0.0,0,0.33848,0,279.55,waiting,0
1.3105,0.0,0,0.32836,0,278.98,waiting,0
1.3265,0.0,0,0.32836,0,278.44,waiting,0
1.343,0.0,0,0.29925,0,277.91,waiting,0
1.3601,0.0,0,0.29925,0,277.37,waiting,0
1.3762,0.0,0,0.33201,0,276.86,waiting,0
1.3932,0.0,0,0.33201,0,276.4,waiting,0
1.4097,0.0,0,0.33201,0,275.94,waiting,0
1.425,0.0,0,0.33748,0,275.54,waiting,0
1.4423,0.0,0,0.33748,0,275.16,waiting,0
1.4589,0.0,0,0.30979,0,274.78,waiting,0
1.4759,0.0,0,0.31597,0,274.44,waiting,0
1.4931,0.0,0,0.31597,0,274.14,waiting,0
1.5092,0.0,0,0.31143,0,273.87,waiting,0
1.5258,0.0,0,0.31143,0,273.64,waiting,0
1.5433,0.0,0,0.31143,0,273.44,waiting,0
1.559,0.0,0,0.3259,0,273.28,waiting,0
1.5752,0.0,0,0.3259,0,273.16,waiting,0
1.5919,0.0,0,0.3259,0,273.07,waiting,0
1.6091,0.0,0,0.30327,0,273.02,waiting,0
1.6261,0.0,0,0.30327,0,273.0,waiting,0
1.6426,0.0,0,0.33426,0,273.02,waiting,0
1.6587,0.0,0,0.29588,0,273.08,waiting,0
1.6744,0.0,0,0.29588,0,273.17,waiting,0
1.6905,0.0,0,0.29588,0,273.29,waiting,0
1.7065,0.0,0,0.31293,0,273.45,waiting,0
1.7226,0.0,0,0.31293,0,273.64,waiting,0
1.7386,0.0,0,0.33908,0,273.86,waiting,0
1.7546,0.0,0,0.33908,0,274.11,waiting,0
1.7704,0.0,0,0.30608,0,274.4,waiting,0
1.7864,0.0,0,0.30608,0,274.71,waiting,0
1.8033,0.0,0,0.29882,0,275.06,waiting,0
1.8204,0.0,0,0.29882,0,275.45,waiting,0
1.8363,0.0,0,0.29882,0,275.88,waiting,0
1.8528,0.0,0,0.29882,0,276.31,waiting,0
1.8698,0.0,0,0.31141,0,276.79,waiting,0
1.8862,0.0,0,0.31141,0,277.3,waiting,0
1.9026,0.0,0,0.3088,0,277.8,waiting,0
1.9183,0.0,0,0.3088,0,278.33,waiting,0
1.9346,0.0,0,0.32408,0,278.87,waiting,0
1.95,0.0,0,0.32408,0,279.43,waiting,0
1.9669,0.0,0,0.32408,0,280.0,waiting,0
1.9836,0.0,0,0.30051,0,280.63,waiting,0
2.0003,0.0,0,0.30051,0,281.23,waiting,0
2.0169,2381.7887,1,0.30051,0,281.88,waiting,0
2.0334,2381.7887,0,0.30051,0,282.54,playing,0
2.0498,1676.3124,0,0.31607,0,276.58,playing,0
2.0664,1676.3124,0,0.31607,0,270.57,playing,0
2.0838,1072.9289,0,0.31607,0,265.19,playing,0
2.1009,1072.9289,0,0.30689,0,259.5,playing,0
2.1171,573.1015,0,0.30689,0,254.72,playing,0
2.1335,573.1015,0,0.33137,0,249.96,playing,0
2.1499,573.1015,0,0.33137,0,245.76,playing,0
2.1667,-126.8212,0,0.32926,0,241.62,playing,0
2.1828,-126.8212,0,0.32926,0,238.0,playing,0
2.1992,-126.8212,0,0.31459,0,234.66,playing,0
2.2159,-345.7713,0,0.31459,0,231.44,playing,0
2.2323,-492.0341,0,0.31459,0,228.53,playing,0
2.2489,-492.0341,0,0.32595,0,226.07,playing,0
2.2657,-492.0341,0,0.32595,0,223.78,playing,0
2.2819,-580.7804,0,0.33936,0,221.91,playing,0
2.2988,-580.7804,0,0.33936,0,220.23,playing,0
2.3149,-624.4766,0,0.32141,0,218.94,playing,0
2.3323,-634.853,0,0.32141,0,217.88,playing,0
2.3485,-634.853,0,0.32141,0,217.14,playing,0
2.364,-621.1873,0,0.2973,0,216.73,playing,0
2.3803,-621.1873,0,0.2973,0,216.59,playing,0
2.3969,-589.9696,0,0.31636,0,216.74,playing,0
2.4133,-589.9696,0,0.31636,0,217.22,playing,0
2.4299,-549.2266,0,0.31636,0,217.95,playing,0
2.4465,-549.2266,0,0.30494,0,219.04,playing,0
2.4628,-522.4402,0,0.30494,0,220.35,playing,0
2.4794,-522.4402,0,0.32406,0,222.06,playing,0
2.4958,-465.704,1,0.32406,0,223.95,playing,0
2.5127,-465.704,0,0.27729,0,217.64,playing,0
2.5302,-394.759,0,0.27729,0,211.65,playing,0
2.5468,-394.759,0,0.27729,0,205.97,playing,0
2.5638,-320.4338,0,0.23046,0,200.61,playing,0
2.5797,-320.4338,0,0.23046,0,195.85,playing,0
2.5953,-262.1297,0,0.1814,0,191.37,playing,0
2.6118,-262.1297,0,0.1814,0,187.17,playing,0
2.6278,-212.3987,0,0.23411,1,183.26,playing,0
2.6438,-212.3987,0,0.23411,0,179.62,playing,0
2.6595,-168.1941,0,0.23411,0,176.27,playing,0
2.6759,-168.1941,0,0.26666,0,173.19,playing,0
2.6923,-168.1941,0,0.26666,0,170.25,playing,0
2.7089,-129.3859,0,0.28887,0,167.76,playing,0
2.7257,-95.4945,0,0.28887,0,165.43,playing,0
2.7423,-95.4945,0,0.33941,0,163.52,playing,0
2.7587,-95.4945,0,0.33941,0,161.81,playing,0
2.7753,-66.6682,0,0.33941,0,160.48,playing,0
2.7921,-43.0882,0,0.32828,0,159.38,playing,0
2.809,-43.0882,0,0.32828,0,158.6,playing,0
2.8253,-24.0705,0,0.31845,0,158.15,playing,0
2.8416,-8.3958,0,0.31845,0,157.99,playing,0
2.8575,-8.3958,0,0.34905,0,158.13,playing,0
2.8739,3.1817,0,0.34905,0,158.54,playing,0
2.8913,3.1817,0,0.34905,0,159.3,playing,0
2.9085,11.7951,0,0.35924,0,160.37,playing,0
2.9246,11.7951,0,0.35924,0,161.76,playing,0
2.942,11.7951,0,0.37599,0,163.47,playing,0
2.959,17.6937,0,0.37599,0,165.5,playing,0
2.9762,17.6937,0,0.37599,0,167.85,playing,0
2.993,21.4725,0,0.3062,0,170.51,playing,0
3.0093,24.1226,1,0.3062,0,173.49,playing,0
3.0259,24.1226,0,0.35407,0,167.53,playing,0
3.0426,24.1226,0,0.35407,0,161.52,playing,0
3.0588,25.2642,0,0.34139,0,156.14,playing,0
3.0753,25.2642,0,0.34139,0,150.75,playing,0
3.0914,25.2642,0,0.35378,0,145.95,playing,0
3.1078,25.0688,0,0.35378,0,141.44,playing,0
3.124,25.0688,0,0.35378,0,137.2,playing,0
3.1403,25.0688,0,0.30827,0,133.02,playing,0
3.1572,25.0688,0,0.30827,0,129.37,playing,0
3.1741,25.0688,0,0.34516,0,125.81,playing,0
3.191,-1.7522,0,0.34516,0,122.56,playing,0
3.2099,-1.7522,0,0.34516,0,119.63,playing,0
3.2263,-1.7522,0,0.3235,0,116.76,playing,0
3.2425,-5.9634,0,0.3235,0,114.62,playing,0
3.2581,-5.9634,0,0.27623,0,112.76,playing,0
3.2745,-5.9634,0,0.27623,0,111.19,playing,0
3.2901,-0.4931,0,0.22658,0,109.89,playing,0
3.307,-0.4931,0,0.22658,0,108.88,playing,0
3.3235,24.5305,0,0.25884,0,108.12,playing,0
3.3399,24.5305,0,0.25884,0,107.69,playing,0
3.3572,24.5305,0,0.25884,0,107.55,playing,0
3.3734,24.5305,0,0.26257,0,107.72,playing,0
3.3898,24.5305,0,0.26257,0,108.17,playing,0
3.407,24.5305,0,0.26257,0,108.97,playing,0
3.4235,17.4964,0,0.30432,0,110.08,playing,0
3.4401,17.4964,0,0.30432,0,111.41,playing,0
3.4566,13.5161,0,0.30399,0,113.13,playing,0
3.473,13.5161,0,0.30399,0,115.04,playing,0
3.4895,13.5161,0,0.32918,0,117.39,playing,0
3.5053,7.0821,0,0.32918,0,119.88,playing,0
3.5217,7.0821,0,0.33408,0,122.65,playing,0
3.5376,7.0821,0,0.33408,0,125.7,playing,0
3.5539,2.1828,0,0.33408,0,129.04,playing,0
3.5702,2.1828,0,0.31321,0,132.9,playing,0
3.5868,2.1828,0,0.31321,0,136.81,playing,0
3.6033,2.1828,0,0.33149,0,141.01,playing,0
3.6191,2.1828,0,0.33149,0,145.79,playing,0
3.6356,0.1627,0,0.33149,0,150.56,playing,0
3.6514,0.1627,0,0.36724,0,155.62,playing,0
3.6684,0.1627,0,0.36724,0,160.96,playing,0
3.685,-1.2921,0,0.3147,0,166.96,playing,0
3.702,-1.2921,0,0.3147,0,173.27,playing,0
3.7194,-1.2921,0,0.32633,0,179.9,playing,0
3.736,-2.1028,0,0.32633,0,186.84,playing,0
3.753,-2.1028,0,0.32633,0,194.11,playing,0
3.7691,-2.1028,0,0.3567,0,201.69,playing,0
3.7854,-3.7576,0,0.3567,0,209.11,playing,0
3.8022,-3.7576,0,0.34069,0,216.8,playing,0
3.8185,-3.3563,0,0.34069,0,225.3,playing,0
3.8352,-3.3563,0,0.33626,0,233.58,playing,0
3.8518,-3.3563,0,0.33626,0,242.7,playing,0
3.869,-3.0892,0,0.33626,0,252.13,playing,0
3.8854,-3.0892,0,0.36302,0,261.88,playing,0
3.9014,-3.0892,0,0.36302,0,271.34,playing,0
3.9182,-2.3048,0,0.33619,0,281.08,playing,0
3.935,-2.3048,0,0.33619,0,291.75,playing,0
3.9523,-17.0161,0,0.33619,0,302.74,playing,0
3.9695,-17.0161,0,0.33138,0,314.72,playing,0
3.9857,-17.0161,0,0.33138,0,325.66,playing,0
4.0012,-19.761,1,0.31887,0,336.86,playing,0
4.0177,-19.761,0,0.31887,0,330.9,playing,0
4.0334,-19.761,0,0.31887,0,325.23,playing,0
4.0496,-9.7766,0,0.2623,0,319.83,playing,0
4.0665,-9.7766,0,0.2623,0,314.72,dead,0
4.0824,-9.7766,0,0.27162,0,309.6,dead,0
4.0988,12.9469,0,0.27162,0,305.07,dead,0
4.1162,12.9469,0,0.25782,0,300.57,dead,0
4.1324,16.9417,0,0.25782,0,296.39,dead,0
4.1483,16.9417,0,0.25782,0,292.74,dead,0
4.1647,16.9417,0,,0,289.37,dead,0
4.1823,13.9815,0,,0,286.1,dead,0
4.1993,13.9815,0,0.31053,0,283.16,dead,0
4.2156,13.9815,0,0.31053,0,280.53,dead,0
4.2318,7.5975,0,0.30362,0,278.34,dead,0
4.2491,7.5975,0,0.30362,0,276.33,dead,0
4.2652,7.5975,0,0.30362,0,274.63,dead,0
4.2818,5.0845,0,0.33638,0,273.32,dead,0
4.2986,5.0845,0,0.33638,0,272.24,dead,0
4.3145,3.6835,0,0.33675,0,271.51,dead,0
4.3301,3.6835,0,0.33675,0,271.06,dead,0
4.3473,3.6835,0,0.33705,0,270.9,dead,0
4.3639,0.2823,0,0.33705,0,271.03,dead,0
4.3808,0.2823,0,0.33705,0,271.49,dead,0
4.3971,0.2823,0,0.31047,0,272.2,dead,0
4.4138,-0.7488,0,0.31047,0,273.28,dead,0
4.4305,-0.7488,0,0.35125,0,274.67,dead,0
4.4471,-2.2655,0,0.35125,0,276.26,dead,0
4.4643,-2.2655,0,0.35125,0,278.27,dead,0
4.482,-2.2655,0,0.32828,0,280.76,dead,0
4.4987,-2.7479,0,0.32828,0,283.42,dead,0
4.5149,-2.7479,0,0.32356,0,286.21,dead,0
4.5318,-2.7479,0,0.32356,0,289.49,dead,0
4.5476,-20.7113,1,0.3062,0,292.86,dead,0
4.5634,-20.7113,0,0.3062,0,285.0,playing,0
4.5801,-27.8629,0,0.3062,0,279.04,playing,0
4.5967,-27.8629,0,0.31336,0,273.03,playing,0
4.6129,-27.8629,0,0.31336,0,267.65,playing,0
4.6296,-24.7085,0,,0,262.26,playing,0
4.6457,-24.7085,0,,0,257.46,playing,0
4.6629,-24.7085,0,,0,252.68,playing,0
4.6795,13.3908,0,,0,248.22,playing,0
4.6952,13.3908,0,0.24716,0,244.3,playing,0
4.7118,13.3908,0,0.24716,0,240.67,playing,0
4.729,18.5111,0,0.24716,0,237.12,playing,0
4.7455,18.5111,0,0.23782,0,233.9,playing,0
4.7613,13.6786,0,0.23782,0,231.14,playing,0
4.7781,13.6786,0,0.22756,0,228.67,playing,0
4.7942,13.6786,0,0.22756,0,226.36,playing,0
4.8102,10.4013,0,0.22756,0,224.46,playing,0
4.8268,10.4013,0,0.25084,0,222.85,playing,0
4.8441,10.4013,0,0.25084,0,221.46,playing,0
4.8607,7.2996,0,0.30323,0,220.38,playing,0
4.8777,7.2996,0,0.30323,0,219.62,playing,0
4.8941,7.2996,0,0.32599,0,219.19,playing,0
4.9103,3.1665,0,0.32599,0,219.05,playing,0
4.9267,3.1665,0,0.32599,0,219.2,playing,0
4.9422,1.2141,0,0.32331,0,219.63,playing,0
4.9588,1.2141,0,0.32331,0,220.34,playing,0
4.975,1.2141,0,0.33569,0,221.34,playing,0
4.9921,-1.2734,0,0.29596,0,222.71,playing,0
5.0092,-1.2734,0,0.29596,0,224.4,playing,0
5.026,-1.2734,0,0.3261,0,226.41,playing,0
5.043,-1.9827,0,0.31616,0,228.74,playing,0
5.0596,-1.9827,0,0.31616,0,231.38,playing,0
5.0756,-2.2498,0,0.33429,0,234.15,playing,0
5.0927,-2.2498,0,0.33429,0,237.42,playing,0
5.1084,-2.2498,0,0.33909,0,240.77,playing,0
5.1243,-1.937,0,0.33909,0,244.4,playing,0
5.1413,-1.937,0,0.35369,0,248.32,playing,0
5.1573,-1.937,0,0.35369,0,252.8,playing,0
5.174,-1.8948,0,0.34082,0,257.29,playing,0
5.1912,-1.8948,0,0.34082,0,262.39,playing,0
5.2083,-1.8948,0,0.33366,0,267.8,playing,0
5.2246,-18.3822,0,0.33366,0,273.53,playing,0
5.241,-18.3822,0,0.33366,0,279.2,playing,0
5.2582,-30.1687,1,0.32105,0,285.55,playing,0
5.2743,-30.1687,0,0.32105,0,279.24,playing,0
5.2901,-30.1687,0,0.31473,0,273.58,playing,0
5.3067,-27.3802,0,0.31473,0,268.2,playing,0
5.3226,-27.3802,0,0.26332,0,263.11,playing,0
5.3384,-27.3802,0,0.26332,0,258.29,playing,0
5.355,-12.0428,0,0.26332,0,253.76,playing,0
5.3722,-12.0428,0,0.26332,0,249.26,playing,0
5.3881,-12.0428,0,0.23843,0,245.08,playing,0
5.4047,14.2809,0,0.23843,0,241.43,playing,0
5.4207,14.2809,0,0.25446,0,238.06,playing,0
5.4363,21.2527,0,0.25446,0,234.97,playing,0
5.4526,17.6569,0,0.31256,0,232.16,playing,0
5.4682,17.6569,0,0.31256,0,229.63,playing,0
5.4843,13.6104,0,0.31519,0,227.39,playing,0
5.5011,13.6104,0,0.31519,0,225.43,playing,0
5.5178,13.6104,0,0.33116,0,223.66,playing,0
5.5345,6.3735,0,0.33116,0,222.21,playing,0
5.5507,6.3735,0,0.36229,0,221.12,playing,0
5.5661,6.3735,0,0.36229,0,220.32,playing,0
5.5819,3.7794,0,0.36229,0,219.8,playing,0
5.5981,3.7794,0,0.32863,0,219.56,playing,0
5.6148,3.7794,0,0.32863,0,219.61,playing,0
5.6321,3.7794,0,0.32184,0,219.97,playing,0
5.6494,3.7794,0,0.34775,0,220.65,playing,0
5.6653,-1.7965,0,0.34775,0,221.65,playing,0
5.6818,-1.7965,0,0.35086,0,222.88,playing,0
5.6974,-1.7965,0,0.35086,0,224.38,playing,0
5.7133,-2.8279,0,0.32835,0,226.17,playing,0
5.7292,-2.8279,0,0.32835,0,228.23,playing,0
5.7451,-2.8279,0,0.32835,0,230.58,playing,0
5.7615,-3.3841,0,0.32835,0,233.21,playing,0
5.7775,-3.3841,0,0.32835,0,236.12,playing,0
5.7933,-3.3841,0,0.32863,0,239.32,playing,0
5.8102,-3.6232,0,0.31478,0,242.79,playing,0
5.8271,-3.6232,0,0.31478,0,246.8,playing,0
5.8442,-3.964,0,0.34343,0,251.13,playing,0
5.8611,-3.964,0,0.34343,0,255.78,playing,0
5.8783,-3.964,0,0.33605,0,260.74,playing,0
5.8943,-3.7281,0,0.33605,0,266.02,playing,0
5.9112,-3.7281,0,0.36583,0,271.28,playing,0
5.9281,-3.7281,0,0.36583,0,277.17,playing,0
5.945,-13.6703,0,0.36583,0,283.39,playing,0
5.9618,-13.6703,0,0.32568,0,289.93,playing,0
5.9776,-13.8467,1,0.32568,0,296.36,playing,0
5.9933,-13.8467,0,0.31053,0,290.4,playing,0
6.0093,-13.8467,0,0.31053,0,284.72,playing,0
6.0254,7.1419,0,0.23407,0,279.33,playing,0
6.0416,7.1419,0,0.23407,0,274.21,playing,0
6.0577,7.1419,0,0.25231,0,269.38,playing,0
6.0739,11.6916,0,0.25231,0,264.83,playing,0
6.0912,11.6916,0,0.30078,0,260.32,playing,0
6.1072,11.6916,0,0.30078,0,256.12,playing,0
6.1233,9.4577,0,0.27871,0,252.45,playing,0
6.1399,9.4577,0,0.27871,0,249.06,playing,0
6.1563,7.6813,0,0.27871,0,245.77,playing,0
6.1727,7.6813,0,0.27871,0,242.97,playing,0
6.1888,7.6813,0,0.32349,0,240.44,playing,0
6.2064,4.3245,0,0.32349,0,238.07,playing,0
6.2226,4.3245,0,0.3653,0,236.02,playing,0
6.2386,4.3245,0,0.3653,0,234.38,playing,0
6.2546,2.7596,0,0.32056,0,233.01,playing,0
6.2706,2.7596,0,0.32056,0,231.93,playing,0
6.2867,2.7596,0,0.32056,0,231.13,playing,0
6.3023,1.5167,0,0.36805,0,230.61,playing,0
6.3188,1.5167,0,0.36805,0,230.37,playing,0
6.3358,0.5848,0,0.35858,0,230.44,playing,0
6.3529,-0.4417,0,0.33123,0,230.82,playing,0
6.3698,-0.4417,0,0.33123,0,231.52,playing,0
6.3868,-0.4792,0,0.33434,0,232.54,playing,0
6.4028,-0.4792,0,0.33434,0,233.78,playing,0
6.4184,-0.4792,0,0.34369,0,235.3,playing,0
6.4344,-1.2624,0,0.34369,0,237.1,playing,0
6.4505,-1.2624,0,0.30936,0,239.19,playing,0
6.4665,-1.2624,0,0.30936,0,241.55,playing,0
6.4826,-1.0292,0,0.31736,0,244.2,playing,0
6.4985,-1.0292,0,0.31736,0,247.13,playing,0
6.5146,-1.0292,0,0.31892,0,250.34,playing,0
6.5311,-0.9262,0,0.31892,0,253.83,playing,0
6.5472,-0.9262,0,0.31892,0,257.86,playing,0
6.5636,-0.1255,0,0.31892,0,261.94,playing,0
6.5793,-0.1255,0,0.3195,0,266.29,playing,0
6.5953,-0.1255,0,0.3195,0,270.93,playing,0
6.6114,-0.1255,0,0.3243,0,275.85,playing,0
6.6274,-0.1255,0,0.3243,0,281.05,playing,0
6.6435,-0.1255,0,0.3243,0,286.53,playing,0
6.659,-24.0786,1,0.3243,0,292.29,playing,0
6.6756,-24.0786,0,0.31694,0,286.33,playing,0
6.6916,-24.0786,0,0.20428,0,280.66,playing,0
6.708,2.3479,0,0.20428,0,275.26,playing,0
6.7241,2.3479,0,0.21574,0,269.85,playing,0
6.7411,15.2564,0,0.21574,0,265.03,playing,0
6.7571,15.2564,0,0.2248,1,260.23,playing,0
6.7733,15.2564,0,0.2248,0,256.0,playing,0
6.7893,17.2635,0,0.25709,0,252.05,playing,0
6.8055,17.2635,0,0.25709,0,248.38,playing,0
6.8215,17.2635,0,0.27173,0,244.99,playing,0
6.8375,12.1408,0,0.27173,0,241.88,playing,0
6.8536,12.1408,0,0.3316,0,239.06,playing,0
6.8695,12.1408,0,0.3316,0,236.51,playing,0
6.8857,8.42,0,0.29591,0,234.25,playing,0
6.9017,8.42,0,0.29591,0,232.27,playing,0
6.9178,8.42,0,0.31373,0,230.57,playing,0
6.9344,3.9137,0,0.31373,0,229.08,playing,0
6.9504,3.9137,0,0.31876,0,227.97,playing,0
6.9668,2.075,0,0.31876,0,227.13,playing,0
6.9832,2.075,0,0.31876,0,226.57,playing,0
6.9991,2.075,0,0.33641,0,226.3,playing,0
7.0161,0.1911,0,0.33641,0,226.33,playing,1
7.0331,0.1911,0,0.30309,0,226.67,playing,1
7.0497,0.1911,0,0.30309,0,227.33,playing,1
7.0657,0.1911,0,0.35268,0,228.24,playing,1
7.0819,0.1911,0,0.35268,0,229.43,playing,1
7.0989,0.1911,0,0.3285,0,231.01,playing,1
7.115,-2.0492,0,0.3285,0,232.9,playing,1
7.1316,-2.0492,0,0.33102,0,234.97,playing,1
7.1476,-3.1825,0,0.33102,0,237.32,playing,1
7.1637,-3.1825,0,0.32628,0,239.95,playing,1
7.1808,-3.1825,0,0.32628,0,243.06,playing,1
7.1968,-2.2273,0,0.30286,0,246.27,playing,1
7.2138,-2.2273,0,0.30286,0,250.0,playing,1
7.2308,-2.2273,0,,0,254.05,playing,1
7.2479,-2.782,0,,0,258.42,playing,1
7.2648,-2.782,0,,0,263.1,playing,1
7.2819,-3.8816,0,,0,268.1,playing,1
7.2985,-3.8816,0,,0,273.42,playing,1
7.314,-3.8816,0,0.33582,0,278.71,playing,1
7.3311,-30.3565,1,0.33582,0,284.28,playing,1
7.3477,-30.3565,0,0.33582,0,277.97,playing,1
7.3642,-30.3565,0,,0,272.31,playing,1
7.3805,-24.8722,0,,0,266.61,playing,1
7.3966,-24.8722,0,0.23337,0,261.53,playing,1
7.4131,-24.8722,0,0.23337,0,256.74,playing,1
7.4297,-6.9914,0,0.23524,0,251.96,playing,1
7.4458,-6.9914,0,0.23524,0,247.74,playing,1
7.4624,21.1252,0,,0,243.81,playing,1
7.4779,21.1252,0,,0,239.95,playing,1
7.495,21.1252,0,0.23942,0,236.59,playing,1
7.5121,21.1744,0,0.23942,0,233.35,playing,1
7.5287,21.1744,0,0.28784,0,230.42,playing,1
7.5447,21.1744,0,0.28784,0,227.95,playing,1
7.5602,14.6405,0,0.29194,0,225.75,playing,1
7.5774,14.6405,0,0.29194,0,223.84,playing,1
7.5932,14.6405,0,0.34107,0,222.13,playing,1
7.6103,11.1079,0,0.34107,0,220.8,playing,1
7.6268,11.1079,0,0.30536,0,219.71,playing,1
7.6423,5.4909,0,0.30536,0,218.96,playing,1
7.6589,5.4909,0,0.31967,0,218.49,playing,1
7.6761,5.4909,0,0.31967,0,218.31,playing,1
7.6931,5.4909,0,0.31967,0,218.45,playing,1
7.7096,5.4909,0,0.35548,0,218.91,playing,1
7.7257,5.4909,0,0.35548,0,219.62,playing,1
7.7417,5.4909,0,0.33828,0,220.62,playing,1
7.7577,5.4909,0,0.33828,0,221.89,playing,1
7.7738,5.4909,0,0.35058,0,223.45,playing,1
7.7908,-1.203,0,0.35058,0,225.42,playing,1
7.8081,-1.203,0,0.30267,0,227.71,playing,1
7.8252,-2.2258,0,0.30267,0,230.32,playing,1
7.8418,-2.2258,0,0.3455,0,233.24,playing,1
7.8588,-2.2258,0,0.34552,0,236.28,playing,1
7.8745,-2.6646,0,0.34552,0,239.82,playing,1
7.8901,-2.6646,0,0.34556,0,243.44,playing,1
7.9072,-2.6646,0,0.34556,0,247.33,playing,1
7.9234,-21.2925,1,0.34764,0,251.79,playing,1
7.9396,-21.2925,0,0.34764,0,245.84,playing,1
7.9556,-32.4533,0,,0,240.16,playing,1
7.9716,-32.4533,0,,0,234.76,playing,1
7.9877,-32.4533,0,,0,229.65,playing,1
8.0037,-11.6304,0,,0,224.82,playing,1
8.0198,-11.6304,0,,0,220.27,playing,1
8.0369,-11.6304,0,,0,215.75,playing,1
8.0536,11.1829,0,,0,211.55,playing,1
8.0695,11.1829,0,,0,207.88,playing,1
8.0855,11.1829,0,,0,204.49,playing,1
8.1021,21.1247,0,,0,201.38,playing,1
8.1186,21.1247,0,,0,198.4,playing,1
8.1343,21.1247,0,,0,195.87,playing,1
8.1509,21.1247,0,,0,193.63,playing,1
8.1679,21.1247,0,,0,191.56,playing,1
8.1848,17.5957,0,,0,189.81,playing,1
8.2018,17.5957,0,,0,188.38,playing,1
8.2189,17.5957,0,,0,187.27,playing,1
8.236,7.5856,0,0.3365,0,186.47,playing,1
8.253,7.5856,0,0.3365,0,186.0,playing,1
8.2695,7.5856,0,,0,185.84,playing,1
8.2861,4.1528,0,,0,185.97,playing,1
8.3027,4.1528,0,0.31045,0,186.42,playing,1
8.3187,1.8781,0,0.31045,0,187.14,playing,1
8.3343,1.8781,0,0.34104,0,188.13,playing,1
8.3504,1.8781,0,0.34104,0,189.4,playing,1
8.366,-0.9482,0,0.30356,0,190.96,playing,1
8.3824,-0.9482,0,0.30356,0,192.8,playing,1
8.3986,-0.9482,0,0.30356,0,194.92,playing,1
8.4144,-2.1418,0,,0,197.32,playing,1
8.4313,-2.1418,0,,0,200.0,playing,1
8.4479,-2.1418,0,0.34835,0,203.17,playing,1
8.4647,-2.1703,0,0.34835,0,206.66,playing,1
8.4808,-2.1703,0,0.34964,0,210.22,playing,1
8.4977,-2.4394,0,0.34964,0,214.33,playing,1
8.5138,-2.4394,0,0.32694,0,218.47,playing,1
8.5303,-2.4394,0,0.32694,0,223.19,playing,1
8.5473,-2.3655,0,,0,227.92,playing,1
8.5638,-2.3655,0,,0,233.26,playing,1
8.58,-2.3655,0,0.34528,0,238.91,playing,1
8.5971,-30.5651,1,0.34528,0,244.52,playing,1
8.6137,-30.5651,0,,0,238.2,playing,1
8.6297,-30.5651,0,,0,232.54,playing,1
8.6458,-31.5878,0,0.21518,0,227.17,playing,1
8.6628,-31.5878,0,0.21518,0,221.77,playing,1
8.6798,2.5152,0,0.21806,0,216.69,playing,1
8.6962,2.5152,0,0.21806,0,211.93,playing,1
8.7131,2.5152,0,0.21532,0,207.73,playing,1
8.7294,18.717,0,0.21532,0,203.59,playing,1
8.746,18.717,0,0.21071,0,199.97,playing,1
8.7631,18.717,0,0.21071,0,196.45,playing,1
8.7793,20.7204,0,0.21648,0,193.24,playing,1
8.7954,20.7204,0,0.21648,0,190.5,playing,1
8.8121,14.9547,0,0.27484,1,188.05,playing,1
8.8286,14.9547,0,0.27484,0,185.76,playing,1
8.8444,14.9547,0,0.30186,0,183.88,playing,1
8.8601,11.2175,0,0.30186,0,182.29,playing,2
8.8771,11.2175,0,0.30053,0,180.97,playing,2
8.8931,11.2175,0,0.30053,0,179.9,playing,2
8.9102,4.073,0,0.36403,0,179.17,playing,2
8.9262,4.073,0,0.36403,0,178.71,playing,2
8.9428,4.073,0,0.30173,0,178.56,playing,2
8.9603,1.4082,0,0.30173,0,178.72,playing,2
8.9763,1.4082,0,0.34649,0,179.19,playing,2
8.9929,-1.6458,0,0.34649,0,179.92,playing,2
9.0099,-1.6458,0,0.34123,0,181.01,playing,2
9.0269,-1.6458,0,0.34123,0,182.43,playing,2
9.0433,-2.1189,0,0.38135,0,184.15,playing,2
9.0589,-2.1189,0,0.38135,0,186.06,playing,2
9.075,-2.1189,0,0.31615,0,188.25,playing,2
9.0913,-2.682,0,0.31615,0,190.73,playing,2
9.1075,-2.682,0,0.31615,0,193.48,playing,2
9.1239,-2.682,0,0.30141,0,196.51,playing,2
9.1408,-2.682,0,0.30141,0,200.06,playing,2
9.1572,-2.682,0,0.33362,0,203.92,playing,2
9.1739,-4.0311,0,0.33362,0,207.83,playing,2
9.1904,-4.0311,0,0.32914,0,212.31,playing,2
9.2059,-4.0311,0,0.32914,0,216.81,playing,2
9.2232,-4.0311,0,0.32737,0,221.58,playing,2
9.24,-4.0311,0,0.32737,0,226.98,playing,2
9.257,-4.0311,0,0.31176,0,232.69,playing,2
9.2732,-3.0283,0,0.31176,0,238.72,playing,2
9.2893,-3.0283,0,0.32668,0,244.68,playing,2
9.3061,-1.9945,0,0.32668,0,250.92,playing,2
9.3226,-1.9945,0,0.3131,0,257.86,playing,2
9.3384,-1.9945,0,0.3131,0,264.68,playing,2
9.3545,-13.8552,0,0.33862,0,271.78,playing,2
9.37,-13.8552,0,0.33862,0,279.16,playing,2
9.3868,-13.8552,0,0.34773,0,286.83,playing,2
9.4041,-29.1636,1,0.34773,0,295.29,playing,2
9.4208,-29.1636,0,0.29963,0,288.98,playing,2
9.4378,-29.1636,0,0.29963,0,282.98,playing,2
9.4551,-20.9823,0,0.24661,0,277.31,playing,2
9.4724,-20.9823,0,0.24661,0,271.95,playing,2
9.4885,-20.9823,0,0.21628,0,266.91,playing,2
9.5044,-20.9823,0,0.21628,0,262.45,playing,2
9.5208,-20.9823,0,0.20763,0,258.26,playing,2
9.5378,23.1363,0,0.20763,0,254.14,playing,2
9.5545,23.1363,0,0.21868,0,250.33,playing,2
9.5714,23.1363,0,0.21868,0,247.03,playing,2
9.5874,29.5938,0,0.21109,0,243.84,playing,2
9.604,29.5938,0,0.21109,0,241.12,playing,2
9.6206,27.4549,0,0.1978,0,238.55,playing,2
9.6361,27.4549,0,0.1978,0,236.41,playing,2
9.6522,27.4549,0,0.26468,1,234.56,playing,2
9.6687,22.4514,0,0.26468,0,232.98,playing,2
9.6847,22.4514,0,0.29706,0,231.68,playing,2
9.7007,22.4514,0,0.29706,0,230.67,playing,2
9.7168,12.6024,0,0.3177,0,229.94,playing,2
9.7332,12.6024,0,0.3177,0,229.48,playing,2
9.7502,12.6024,0,0.34367,0,229.33,playing,2
9.767,3.8585,0,0.34367,0,229.49,playing,2
9.7832,3.8585,0,0.35083,0,229.97,playing,2
9.7995,3.8585,0,0.35083,0,230.7,playing,2
9.8166,0.6838,0,0.35083,0,231.71,playing,2
9.8325,0.6838,0,0.33603,0,233.1,playing,2
9.8503,0.6838,0,0.33603,0,234.69,playing,2
9.8668,0.6838,0,0.35234,0,236.84,playing,2
9.8828,0.6838,0,0.35234,0,239.03,playing,2
9.8995,-3.4598,0,0.34929,0,241.67,playing,2
9.916,-3.4598,0,0.34929,0,244.44,playing,2
9.9324,-3.4598,0,0.38405,0,247.71,playing,2
9.9484,-3.4598,0,0.38405,0,251.06,playing,2
9.9644,-3.4598,0,,0,254.69,playing,2
9.9806,-4.6215,0,,0,258.61,playing,2
9.9964,-5.3913,0,0.35193,0,262.8,playing,2
10.0132,-5.3913,0,0.35193,0,267.28,playing,2
10.0293,-4.3765,0,0.34214,0,272.36,playing,2
10.0459,-4.3765,0,0.34214,0,277.42,playing,2
10.0623,-4.3765,0,0.32828,0,283.11,playing,2
10.0789,-3.7294,0,0.32828,0,288.75,playing,2
10.0955,-3.7294,0,0.34821,0,295.06,playing,2
10.1115,-3.7294,0,0.34821,0,301.28,playing,2
10.1276,-30.2134,1,0.3529,0,307.79,playing,2
10.1435,-30.2134,0,0.3529,0,301.83,playing,2
10.1593,-30.2134,0,,0,296.15,playing,2
10.1759,-34.8586,0,,0,290.76,playing,2
10.1929,-34.8586,0,0.25734,0,285.34,playing,2
10.2089,-34.8586,0,0.25734,0,280.24,playing,2
10.226,-34.8586,0,0.22784,0,275.73,playing,2
10.2424,-34.8586,0,0.22784,0,271.25,playing,2
10.2589,-5.0933,0,0.26295,0,267.31,playing,2
10.2759,-5.0933,0,0.26295,0,263.45,playing,2
10.2933,-5.0933,0,0.23408,0,259.91,playing,2
10.31,5.5636,0,0.23408,0,256.68,playing,2
10.327,5.5636,0,0.21943,0,253.77,playing,2
10.344,31.3926,0,0.21943,0,251.18,playing,2
10.3607,31.3926,0,,0,248.91,playing,2
10.3767,31.3926,0,,0,247.05,playing,2
10.3924,29.2294,0,0.25018,1,245.48,playing,2
10.4084,29.2294,0,0.25018,0,244.18,playing,2
10.4249,29.2294,0,0.26953,0,243.17,playing,2
10.4419,18.3385,0,0.26953,0,242.41,playing,2
10.4585,18.3385,0,0.26081,0,241.97,playing,2
10.4751,12.9757,0,0.26081,0,241.84,playing,2
10.4917,12.9757,0,0.30808,0,242.01,playing,2
10.5073,12.9757,0,0.30808,0,242.46,playing,2
10.5238,8.6555,0,0.30808,0,243.19,playing,2
10.5409,8.6555,0,0.30808,0,244.28,playing,2
10.5569,8.6555,0,0.3344,0,245.59,playing,2
10.5739,1.2298,0,0.3344,0,247.31,playing,2
10.5906,1.2298,0,0.30708,0,249.33,playing,2
10.6062,1.2298,0,0.30708,0,251.52,playing,2
10.6227,-1.4143,0,0.3174,0,254.0,playing,2
10.6383,-1.4143,0,0.3174,0,256.75,playing,2
10.6543,-1.4143,0,0.34583,0,259.78,playing,2
10.6709,-5.2836,0,0.34583,0,263.1,playing,2
10.6874,-5.2836,0,0.33862,0,266.94,playing,2
10.7034,-6.5286,0,0.33862,0,270.84,playing,3
10.7195,-6.5286,0,0.36451,0,275.02,playing,3
10.735,-6.5286,0,0.36451,0,279.48,playing,3
10.7515,-6.5782,0,0.34282,0,284.22,playing,3
10.7681,-6.5782,0,0.34282,0,289.25,playing,3
10.7841,-6.5782,0,0.35295,0,294.9,playing,3
10.8007,-6.155,0,0.35295,0,300.51,playing,3
10.8168,-6.155,0,0.3314,0,306.39,playing,3
10.8328,-6.155,0,0.3314,0,312.56,playing,3
10.8493,-5.756,0,0.3314,0,319.43,playing,3
10.8659,-5.756,0,0.33626,0,326.18,playing,3
10.8824,-31.2841,1,0.33626,0,333.67,playing,3
10.899,-31.2841,0,0.33626,0,327.71,playing,3
10.9161,-31.2841,0,0.33626,0,321.7,playing,3
10.9323,-35.2138,0,0.35695,0,316.0,playing,3
10.9483,-35.2138,0,0.35695,0,310.93,playing,3
10.9641,-35.2138,0,0.2867,0,306.13,playing,3
10.9808,-9.972,0,0.2867,0,301.61,playing,3
10.9973,-9.972,0,0.24262,0,297.13,playing,3
11.0142,-9.972,0,0.24262,0,293.2,playing,3
11.0305,9.3892,0,0.27817,0,289.34,playing,3
11.0464,9.3892,0,0.27817,0,285.98,playing,3
11.0629,24.1342,0,0.20613,0,282.91,playing,3
11.0794,24.1342,0,0.20613,0,279.97,playing,3
11.0959,24.1342,0,0.23125,1,277.48,playing,3
11.113,22.7235,0,0.23125,0,275.15,playing,3
11.1296,22.7235,0,0.25396,0,273.13,playing,3
11.1458,22.7235,0,0.25396,0,271.52,playing,3
11.1624,18.6016,0,0.30441,0,270.13,playing,3
11.1792,18.6016,0,0.30441,0,269.1,playing,3
11.1957,9.7032,0,0.28705,0,268.32,playing,3
11.2128,9.7032,0,0.28705,0,267.86,playing,3
11.2289,9.7032,0,0.28705,0,267.71,playing,3
11.2459,6.5068,0,0.28705,0,267.87,playing,3
11.2629,6.5068,0,0.26502,0,268.35,playing,3
11.2797,6.5068,0,0.26502,0,269.14,playing,3
11.296,3.6459,0,0.29354,0,270.17,playing,3
11.313,3.6459,0,0.29354,0,271.58,playing,3
11.3295,3.6459,0,,0,273.31,playing,3
11.3455,-0.1541,0,,0,275.22,playing,3
11.3621,-0.1541,0,,0,277.41,playing,3
11.3787,-1.6576,0,,0,280.05,playing,3
11.3942,-1.6576,0,,0,282.83,playing,3
11.4102,-1.6576,0,,0,285.88,playing,3
11.4263,-2.9614,0,,0,289.21,playing,3
11.4428,-2.9614,0,,0,292.83,playing,3
11.4593,-2.9614,0,0.32289,0,296.99,playing,3
11.4754,-19.8758,0,0.32289,0,301.19,playing,3
11.4915,-19.8758,0,,0,305.66,playing,3
11.5071,-19.8758,0,,0,310.42,playing,3
11.5237,-30.6063,1,,0,315.47,playing,3
11.5394,-30.6063,0,,0,309.51,playing,3
11.5557,-21.8477,0,,0,303.83,playing,3
11.5713,-21.8477,0,,0,298.43,playing,3
11.5878,-21.8477,0,,0,293.32,playing,3
11.6038,10.385,0,,0,288.49,playing,3
11.6209,10.385,0,,0,283.67,playing,3
11.6374,10.385,0,,0,279.17,playing,3
11.6534,23.1898,0,,0,275.22,playing,3
11.6697,23.1898,0,,0,271.55,playing,3
11.6851,23.1898,0,,0,268.16,playing,3
11.7017,19.1652,0,,0,265.06,playing,3
11.7172,19.1652,0,,0,262.23,playing,3
11.7331,19.1652,0,,0,259.69,playing,3
11.7499,15.2054,0,,0,257.42,playing,3
11.7669,15.2054,0,,0,255.34,playing,3
11.7835,11.3921,0,,0,253.57,playing,3
11.7994,11.3921,0,,0,252.19,playing,3
11.8156,11.3921,0,,0,251.09,playing,3
11.8312,3.9507,0,,0,250.27,playing,3
11.8472,3.9507,0,,0,249.73,playing,3
11.8642,3.9507,0,,0,249.47,playing,3
11.881,-1.0357,0,,0,249.52,playing,3
11.8979,-1.0357,0,,0,249.88,playing,3
11.9142,-1.0357,0,,0,250.57,playing,3
11.9307,-18.928,0,,0,251.49,playing,3
11.9464,-18.928,0,,0,252.69,playing,3
11.9632,-22.045,1,,0,254.18,playing,3
11.9794,-22.045,0,,0,247.87,playing,3
11.9957,-22.045,0,,0,242.21,playing,3
12.0114,-18.6788,0,,0,236.83,playing,3
12.0274,-18.6788,0,,0,231.74,playing,3
12.0439,-18.6788,0,,0,226.92,playing,3
12.0613,-15.9596,0,,0,222.12,playing,3
12.0774,-15.9596,0,,0,217.64,playing,3
12.0937,-15.9596,0,,0,213.71,playing,3
12.1097,2.0309,0,,0,210.06,playing,3
12.1254,2.0309,0,,0,206.69,playing,3
12.1419,13.5132,0,,0,203.6,playing,3
12.1592,13.5132,0,0.22078,0,200.63,playing,3
12.1758,13.5132,0,0.22078,0,197.98,playing,3
12.1919,24.7587,0,,0,195.77,playing,3
12.2084,24.7587,0,,0,193.75,playing,3
12.225,24.7587,0,,0,192.12,playing,3
12.2416,23.7661,0,,0,190.7,playing,3
12.2571,23.7661,0,,0,189.66,playing,3
12.2742,23.7661,0,,0,188.89,playing,3
12.2904,18.376,0,,0,188.39,playing,3
12.306,18.376,0,,0,188.21,playing,3
12.3226,7.774,0,,0,188.3,playing,3
12.34,7.774,0,0.29442,0,188.72,playing,3
12.3562,7.774,0,,0,189.46,playing,3
12.3732,3.664,0,,0,190.44,playing,3
12.39,3.664,0,0.34576,0,191.79,playing,3
12.4061,3.664,0,0.34576,0,193.46,playing,3
12.4228,0.658,0,0.36992,0,195.32,playing,3
12.4395,0.658,0,0.36992,0,197.61,playing,3
12.4554,-1.5892,0,0.36992,0,200.05,playing,3
12.4729,-3.8719,0,0.32661,0,202.95,playing,3
12.49,-3.8719,0,0.33121,0,206.18,playing,3
12.5066,-5.0162,0,0.33121,0,209.72,playing,3
12.5221,-5.0162,0,0.33121,0,213.34,playing,3
12.5396,-5.0162,0,0.34556,0,217.5,playing,3
12.5552,-5.3807,0,0.34556,0,221.69,playing,4
12.5728,-5.3807,0,0.34366,0,226.47,playing,4
12.5883,-5.3807,0,0.34366,0,231.25,playing,4
12.6049,-5.6408,0,0.33151,0,236.31,playing,4
12.6214,-5.6408,0,0.33151,0,242.0,playing,4
12.6387,-9.9443,0,0.33151,0,248.01,playing,4
12.6552,-9.9443,0,0.33151,0,253.95,playing,4
12.672,-9.9443,0,0.356,0,260.58,playing,4
12.6885,-34.9681,1,0.32697,0,267.53,playing,4
12.7046,-34.9681,0,0.32697,0,261.57,playing,4
12.7206,-34.9681,0,0.32697,0,255.89,playing,4
12.7372,-36.2973,0,0.32942,0,250.18,playing,4
12.7542,-36.2973,0,0.32942,0,245.08,playing,4
12.7708,-25.1382,0,0.2461,0,239.99,playing,4
12.7878,-17.1468,0,0.21888,0,235.47,playing,4
12.8038,-17.1468,0,0.21888,0,230.99,playing,4
12.8197,-8.3283,0,0.21888,0,227.06,playing,4
12.8353,-8.3283,0,0.19773,0,223.4,playing,4
12.8513,-8.3283,0,0.19773,0,220.03,playing,4
12.8675,22.4451,0,0.22584,1,216.94,playing,4
12.8836,22.4451,0,0.22584,0,214.13,playing,4
12.8996,22.4451,0,0.20485,0,211.61,playing,4
12.9161,22.4451,0,0.20485,0,209.36,playing,4
12.9322,22.4451,0,0.19885,0,207.3,playing,4
12.9504,22.4451,0,0.19885,0,205.63,playing,4
12.9669,31.7656,0,0.20702,0,204.12,playing,4
12.9839,31.7656,0,0.20702,0,203.0,playing,4
13.001,21.3816,0,0.19094,0,202.21,playing,4
13.0181,21.3816,0,0.223,0,201.73,playing,4
13.0344,21.3816,0,0.223,0,201.57,playing,4
13.0511,14.6574,0,0.223,0,201.7,playing,4
13.0681,14.6574,0,0.27178,0,202.16,playing,4
13.0846,14.6574,0,0.27178,0,202.93,playing,4
13.1011,5.9306,0,0.26907,0,203.94,playing,4
13.118,5.9306,0,0.26907,0,205.34,playing,4
13.1346,2.2519,0,0.34612,0,207.05,playing,4
13.1502,2.2519,0,0.34612,0,208.94,playing,4
13.1662,2.2519,0,0.30986,0,211.11,playing,4
13.1828,-0.8995,0,0.30986,0,213.57,playing,4
13.1999,-0.8995,0,0.33088,0,216.49,playing,4
13.217,-0.8995,0,0.33088,0,219.74,playing,4
13.2341,-3.8323,0,0.30546,0,223.3,playing,4
13.2511,-3.8323,0,0.30546,0,227.18,playing,4
13.2674,-4.9991,0,0.35472,0,231.37,playing,4
13.2835,-4.9991,0,0.35472,0,235.61,playing,4
13.3001,-4.9991,0,0.32928,0,240.12,playing,4
13.3174,-5.1561,0,0.32928,0,245.23,playing,4
13.3336,-5.1561,0,,0,250.66,playing,4
13.3497,-5.1561,0,,0,256.06,playing,4
13.3655,-5.1561,0,0.34067,0,261.73,playing,4
13.3811,-5.1561,0,0.34067,0,267.69,playing,4
13.3975,-5.1561,0,0.39385,0,273.93,playing,4
13.4133,-28.3254,1,0.39385,0,280.45,playing,4
13.4298,-28.3254,0,0.34086,0,274.49,playing,4
13.447,-33.3151,0,0.34086,0,268.48,playing,4
13.4633,-33.3151,0,0.30296,0,262.78,playing,4
13.4794,-33.3151,0,0.30296,0,257.7,playing,4
13.4959,-22.2163,0,0.20793,0,252.91,playing,4
13.5126,-22.2163,0,0.20793,0,248.13,playing,4
13.5287,-22.2163,0,0.19145,0,243.91,playing,4
13.5447,-2.0919,0,0.19145,0,239.98,playing,4
13.5605,-2.0919,0,0.20524,0,236.32,playing,4
13.577,-2.0919,0,0.20524,0,232.95,playing,4
13.5937,22.367,0,0.20197,0,229.69,playing,4
13.6093,22.367,0,0.20197,0,226.9,playing,4
13.6253,32.5863,0,0.21696,0,224.39,playing,4
13.6413,32.5863,0,0.21696,0,222.16,playing,4
13.6576,32.5863,0,0.21227,0,220.22,playing,4
13.6731,25.9481,0,0.21227,0,218.55,playing,4
13.6902,25.9481,0,0.23024,1,217.17,playing,4
13.7068,25.9481,0,0.23024,0,216.02,playing,4
13.724,19.9623,0,0.18826,0,215.19,playing,4
13.7408,19.9623,0,0.18826,0,214.67,playing,4
13.7575,19.9623,0,0.2811,0,214.47,playing,4
13.7735,10.0081,0,0.2811,0,214.57,playing,4
13.7897,10.0081,0,0.29781,0,214.95,playing,4
13.8052,5.8778,0,0.29781,0,215.61,playing,4
13.8218,5.8778,0,0.29286,0,216.55,playing,4
13.8384,5.8778,0,0.29286,0,217.87,playing,4
13.8549,2.4698,0,0.31719,0,219.39,playing,4
13.8714,2.4698,0,0.31719,0,221.32,playing,4
13.8875,2.4698,0,0.30738,0,223.42,playing,4
13.903,-2.933,0,0.30738,0,225.81,playing,4
13.9201,-2.933,0,0.34069,0,228.47,playing,4
13.9362,-2.933,0,0.34069,0,231.62,playing,4
13.9524,-4.5635,0,0.33884,0,234.87,playing,4
13.969,-4.5635,0,0.33884,0,238.4,playing,4
13.9855,-5.5872,0,0.3117,0,242.46,playing,4
14.0016,-5.9948,0,0.3117,0,246.57,playing,4
14.0177,-5.9948,0,0.3391,0,250.96,playing,4
14.0335,-6.1967,0,0.3391,0,255.64,playing,4
14.0495,-6.1967,0,0.35207,0,260.59,playing,4
14.0657,-6.1967,0,0.35207,0,265.82,playing,4
14.0822,-23.2812,1,0.33656,0,271.71,playing,4
14.0983,-23.2812,0,0.33656,0,265.75,playing,4
14.1149,-23.2812,0,0.32426,0,260.07,playing,4
14.132,-39.5544,0,0.32426,0,254.36,playing,4
14.1491,-39.5544,0,0.24589,0,248.96,playing,4
14.1651,-39.5544,0,0.24589,0,243.88,playing,4
14.1818,-29.5643,0,0.19832,0,239.39,playing,4
14.1989,-29.5643,0,0.19832,0,234.92,playing,4
14.216,5.3286,0,0.21904,0,230.78,playing,4
14.2326,5.3286,0,0.21904,0,226.96,playing,4
14.2496,5.3286,0,0.19814,0,223.64,playing,4
14.2661,23.7164,0,0.19814,0,220.43,playing,4
14.2822,23.7164,0,0.23707,1,217.54,playing,4
14.2993,23.7164,0,0.23707,0,215.1,playing,4
14.3154,32.1685,0,0.20548,0,212.83,playing,4
14.331,32.1685,0,0.20548,0,210.97,playing,4
14.3471,25.2444,0,0.21173,0,209.4,playing,4
14.3641,25.2444,0,0.21173,0,208.1,playing,4
14.3808,25.2444,0,0.2686,0,207.04,playing,4
14.3964,19.3905,0,0.2686,0,206.33,playing,5
14.4121,19.3905,0,0.2904,0,205.9,playing,5
14.4286,19.3905,0,0.2904,0,205.75,playing,5
14.4443,14.3071,0,0.29058,0,205.88,playing,5
14.46,14.3071,0,0.29058,0,206.29,playing,5
14.4769,14.3071,0,0.29702,0,206.99,playing,5
14.4939,9.3107,0,0.29702,0,208.04,playing,5
14.5105,9.3107,0,0.3266,0,209.42,playing,5
14.526,1.4628,0,0.3266,0,210.99,playing,5
14.5432,-0.8225,0,0.28958,0,212.85,playing,5
14.56,-0.8225,0,0.28958,0,215.14,playing,5
14.577,-2.5672,0,0.34191,0,217.74,playing,5
14.5941,-2.5672,0,0.34191,0,220.67,playing,5
14.6107,-2.5672,0,0.31493,0,223.91,playing,5
14.6264,-2.5672,0,0.31493,0,227.25,playing,5
14.643,-2.5672,0,0.34684,0,230.86,playing,5
14.66,-2.5672,0,0.34684,0,235.02,playing,5
14.677,-3.8184,0,0.35504,0,239.5,playing,5
14.6936,-3.8184,0,0.35504,0,244.3,playing,5
14.7096,-5.7099,0,0.3243,0,249.09,playing,5
14.7252,-5.7099,0,0.3243,0,254.17,playing,5
14.7418,-5.7099,0,0.3243,0,259.53,playing,5
14.7588,-6.6276,0,0.35391,0,265.54,playing,5
14.7748,-6.6276,0,0.33397,0,271.48,playing,5
14.7904,-6.6276,0,0.33397,0,277.7,playing,5
14.8069,-6.6276,0,0.34308,0,284.2,playing,5
14.8239,-6.6276,0,0.34308,0,291.43,playing,5
14.8405,-16.1474,0,0.31949,0,298.97,playing,5
14.856,-16.1474,0,0.31949,0,306.35,playing,5
14.8725,-16.1474,0,,0,314.02,playing,5
14.8882,-39.4401,1,,0,321.96,playing,5
14.9047,-39.4401,0,,0,316.01,playing,5
14.9208,-39.4401,0,0.2168,0,310.33,playing,5
14.9366,-12.6571,0,0.2168,0,304.93,playing,5
14.9528,-12.6571,0,,0,299.82,playing,5
14.9695,-12.6571,0,,1,294.7,playing,5
14.986,-4.2586,0,0.2302,0,290.17,playing,5
15.003,-4.2586,0,0.2302,0,285.67,playing,5
15.0195,-4.2586,0,0.20613,0,281.49,playing,5
15.0359,31.7153,0,0.20613,0,277.84,playing,5
15.053,31.7153,0,0.22586,0,274.28,playing,5
15.0701,31.7153,0,0.22586,0,271.03,playing,5
15.0867,31.7153,0,0.19252,0,268.1,playing,5
15.1026,31.7153,0,0.19252,0,265.63,playing,5
15.1182,24.162,0,0.24658,0,263.44,playing,5
15.1351,24.162,0,0.24658,0,261.53,playing,5
15.1517,24.162,0,0.26506,0,259.82,playing,5
15.1677,18.0246,0,0.26506,0,258.49,playing,5
15.1838,18.0246,0,0.29286,0,257.44,playing,5
15.2008,12.4175,0,0.29286,0,256.64,playing,5
15.2175,7.5137,0,0.29354,0,256.17,playing,5
15.234,7.5137,0,0.29354,0,256.0,playing,5
15.2501,3.3621,0,0.32691,0,256.14,playing,5
15.267,3.3621,0,0.32691,0,256.55,playing,5
15.2837,3.3621,0,0.31304,0,257.31,playing,5
15.3012,-0.3356,0,0.31304,0,258.38,playing,5
15.318,-0.3356,0,0.33865,0,259.77,playing,5
15.3349,-0.3356,0,0.33865,0,261.48,playing,5
15.3515,-3.861,0,0.31082,0,263.51,playing,5
15.367,-3.861,0,0.31082,0,265.7,playing,5
15.3838,-5.0104,0,0.33603,0,268.17,playing,5
15.4006,-5.0104,0,0.33603,0,271.12,playing,5
15.4169,-5.0104,0,0.30456,0,274.17,playing,5
15.4343,-21.4851,1,0.30456,0,277.73,playing,5
15.4513,-21.4851,0,0.35139,0,271.42,playing,5
15.4673,-21.4851,0,0.35139,0,265.43,playing,5
15.4839,-40.4012,0,0.35139,0,260.07,playing,5
15.5004,-40.4012,0,0.34978,0,254.69,playing,5
15.517,-36.3543,0,0.26498,0,249.91,playing,5
15.5332,-36.3543,0,0.26498,0,245.15,playing,5
15.5492,-36.3543,0,0.26498,0,240.95,playing,5
15.567,-16.4875,0,0.19385,0,236.81,playing,5
15.5836,-16.4875,0,,0,232.98,playing,5
15.5996,-16.4875,0,,0,229.66,playing,5
15.6157,-16.4875,0,,1,226.63,playing,5
15.6332,-16.4875,0,0.27213,0,223.72,playing,5
15.6498,-16.4875,0,0.27399,0,221.13,playing,5
15.6658,24.276,0,0.27399,0,218.97,playing,5
15.6813,24.276,0,0.27399,0,217.1,playing,5
15.6978,35.0192,0,0.23548,0,215.5,playing,5
15.7148,35.0192,0,0.23548,0,214.13,playing,5
15.7312,35.0192,0,0.21242,0,213.11,playing,5
15.7483,33.2992,0,0.21242,0,212.36,playing,5
15.7648,33.2992,0,0.19794,0,211.92,playing,5
15.7805,33.2992,0,0.19794,0,211.78,playing,5
15.7971,20.725,0,0.26172,0,211.93,playing,5
15.8139,20.725,0,0.26172,0,212.41,playing,5
15.8308,15.2142,0,0.25811,0,213.2,playing,5
15.8465,15.2142,0,0.25811,0,214.23,playing,5
15.8621,15.2142,0,0.26114,0,215.54,playing,5
15.8788,4.9306,0,0.26114,0,217.13,playing,5
15.896,4.9306,0,0.25724,0,219.14,playing,5
15.9129,4.9306,0,0.25724,0,221.47,playing,5
15.9299,0.6753,0,0.27278,0,224.12,playing,5
15.9475,0.6753,0,0.27278,0,227.08,playing,5
15.9648,0.6753,0,0.30441,0,230.57,playing,5
15.9819,-2.3027,0,0.29345,0,234.19,playing,5
15.9989,-2.3027,0,0.29345,0,238.13,playing,5
16.0156,-4.3671,0,0.29757,0,242.38,playing,5
16.0314,-4.3671,0,0.29757,0,246.66,playing,5
16.048,-4.3671,0,0.33846,0,251.23,playing,5
16.0641,-4.3671,0,0.33846,0,256.4,playing,5
16.0804,-4.3671,0,0.29021,0,261.55,playing,5
16.0963,-4.3671,0,0.29021,0,266.98,playing,5
16.1128,-6.1775,0,0.31911,0,272.69,playing,5
16.1283,-6.1775,0,0.31911,0,278.68,playing,5
16.1443,-6.1775,0,0.31911,0,284.95,playing,5
16.1609,-34.9647,1,0.31911,0,291.51,playing,5
16.1778,-34.9647,0,0.31911,0,285.19,playing,5
16.194,-39.1968,0,0.22482,0,279.54,playing,5
16.211,-39.1968,0,0.22482,0,273.84,playing,5
16.2278,-39.1968,0,0.22217,0,268.46,playing,5
16.2447,-11.5047,0,0.22217,0,263.4,playing,6
16.261,-11.5047,0,0.23858,0,258.92,playing,6
16.2782,-11.5047,0,0.23858,0,254.48,playing,6
16.2945,-2.842,0,0.21131,0,250.36,playing,6
16.3101,-2.842,0,0.21131,0,246.76,playing,6
16.327,0.2575,0,0.19573,0,243.44,playing,6
16.3439,0.2575,0,0.19573,0,240.23,playing,6
16.3611,0.2575,0,0.20716,0,237.34,playing,6
16.3781,0.2575,0,0.20716,1,234.77,playing,6
16.3949,0.2575,0,0.22727,0,232.52,playing,6
16.4114,0.2575,0,,0,230.58,playing,6
16.4271,32.266,0,,0,229.04,playing,6
16.4437,32.266,0,,0,227.78,playing,6
16.4612,27.158,0,0.21083,0,226.76,playing,6
16.4784,27.158,0,0.21083,0,226.06,playing,6
16.4941,27.158,0,0.21083,0,225.67,playing,6
16.5111,20.7117,0,0.21083,0,225.59,playing,6
16.5271,20.7117,0,0.2277,0,225.83,playing,6
16.5441,20.7117,0,0.2277,0,226.33,playing,6
16.5604,9.9439,0,0.23942,0,227.18,playing,6
16.5767,9.9439,0,0.23942,0,228.26,playing,6
16.5928,9.9439,0,0.25472,0,229.62,playing,6
16.6083,9.9439,0,0.25472,0,231.27,playing,6
16.625,9.9439,0,0.31129,0,233.19,playing,6
16.6417,5.7674,0,0.31129,0,235.56,playing,6
16.6574,-0.6757,0,0.27208,0,238.06,playing,6
16.6738,-0.6757,0,0.27208,0,240.85,playing,6
16.6901,-3.1908,0,0.31976,0,243.92,playing,6
16.7068,-3.1908,0,0.31976,0,247.5,playing,6
16.7223,-3.1908,0,0.31685,0,251.16,playing,6
16.7386,-5.2393,0,0.31685,0,255.09,playing,6
16.7552,-5.2393,0,0.30773,0,259.3,playing,6
16.772,-5.2393,0,0.30773,0,264.1,playing,6
16.7883,-7.4683,0,0.30776,0,269.21,playing,6
16.8049,-7.4683,0,0.30776,0,274.31,playing,6
16.8215,-14.2292,0,0.29799,0,280.04,playing,6
16.8372,-14.2292,0,0.29799,0,285.71,playing,6
16.8543,-14.2292,0,0.29799,0,291.67,playing,6
16.871,-29.9525,1,0.29799,0,298.32,playing,6
16.8873,-29.9525,0,0.30068,0,292.0,playing,6
16.9035,-29.9525,0,0.30068,0,286.34,playing,6
16.9194,-33.0565,0,0.28073,0,280.97,playing,6
16.9357,-33.0565,0,0.28073,0,275.87,playing,6
16.9516,-33.0565,0,0.23078,0,271.06,playing,6
16.9679,-22.3838,0,0.23078,0,266.52,playing,6
16.9845,-22.3838,0,0.23078,0,262.03,playing,6
17.0008,-16.1201,0,0.19331,0,258.07,playing,6
17.0176,-7.4238,0,0.19331,0,254.4,playing,6
17.0338,-7.4238,0,0.21518,0,250.82,playing,6
17.0505,10.4015,0,,0,247.56,playing,6
17.0673,10.4015,0,,0,244.77,playing,6
17.0839,10.4015,0,,0,242.12,playing,6
17.1004,35.6642,0,,0,239.79,playing,6
17.117,35.6642,0,0.20408,0,237.88,playing,6
17.1336,35.6642,0,0.20408,0,236.17,playing,6
17.15,33.0035,0,0.20149,0,234.84,playing,6
17.1669,33.0035,0,0.20149,0,233.74,playing,6
17.1839,26.8869,0,0.20149,0,232.97,playing,6
17.2007,26.8869,0,0.20149,0,232.51,playing,6
17.2168,26.8869,0,0.20149,0,232.36,playing,6
17.234,20.4809,0,0.21049,0,232.52,playing,6
17.2507,20.4809,0,0.31466,1,232.99,playing,6
17.2663,20.4809,0,0.31466,0,233.72,playing,6
17.2839,8.5932,0,0.31466,0,234.73,playing,6
17.3006,8.5932,0,0.27277,0,236.23,playing,6
17.3168,0.7647,0,0.3125,0,237.84,playing,6
17.3334,0.7647,0,0.3125,0,239.86,playing,6
17.35,0.7647,0,0.28117,0,242.05,playing,6
17.367,-2.106,0,0.28117,0,244.7,playing,6
17.3837,-2.106,0,0.2966,0,247.66,playing,6
17.3998,-2.106,0,0.2966,0,250.73,playing,6
17.4159,-3.9973,0,0.2966,0,254.09,playing,6
17.4325,-3.9973,0,0.29192,0,257.96,playing,6
17.4488,-3.9973,0,0.29192,0,261.9,playing,6
17.4656,-6.6075,0,0.28775,0,266.39,playing,6
17.4813,-6.6075,0,0.28775,0,270.91,playing,6
17.4974,-6.9011,0,0.31284,0,275.7,playing,6
17.514,-6.9011,0,0.31284,0,280.78,playing,6
17.5302,-6.9011,0,0.3105,0,286.49,playing,6
17.5468,-8.0991,0,0.3105,0,292.15,playing,6
17.5642,-8.0991,0,0.3105,0,298.48,playing,6
17.5808,-8.0991,0,0.3105,0,305.13,playing,6
17.5974,-10.2111,0,0.28618,0,312.09,playing,6
17.6142,-10.2111,0,0.32876,0,318.93,playing,6
17.6305,-19.1246,0,0.32876,0,326.51,playing,6
17.6473,-19.1246,0,0.32876,0,333.93,playing,6
17.6643,-19.1246,0,0.28527,0,342.63,playing,6
17.6805,-38.5675,1,0.28527,0,350.64,playing,6
17.6972,-38.5675,0,0.30298,0,344.69,playing,6
17.714,-38.5675,0,0.30298,0,338.67,playing,6
17.7307,-27.9901,0,0.22488,0,332.98,playing,6
17.7463,-27.9901,0,0.22488,0,327.9,playing,6
17.7628,-27.9901,0,0.2217,0,323.1,playing,6
17.7795,-5.2545,0,0.2217,0,318.32,playing,6
17.796,-5.2545,0,0.20404,0,314.11,playing,6
17.8129,1.1015,0,0.20404,0,309.95,playing,6
17.8298,1.1015,0,0.19265,0,306.1,playing,6
17.8465,1.1015,0,0.19265,0,302.58,playing,6
17.8627,22.6506,0,0.2273,1,299.54,playing,6
17.8785,22.6506,0,0.2273,0,296.78,playing,6
17.8949,22.6506,0,0.2273,0,294.31,playing,6
17.912,38.0124,0,0.2273,0,292.0,playing,6
17.9287,38.0124,0,0.24221,0,290.01,playing,6
17.9444,38.0124,0,0.24221,0,288.41,playing,6
17.9613,32.8219,0,0.20816,0,287.1,playing,6
17.9782,32.8219,0,0.20816,0,286.03,playing,6
17.9944,19.0072,0,0.20881,0,285.27,playing,6
18.0105,19.0072,0,0.20881,0,284.84,playing,6
18.0267,19.0072,0,0.26503,0,284.69,playing,6
18.0425,19.0072,0,0.26503,0,284.82,playing,6
18.0588,19.0072,0,0.27607,0,285.23,playing,6
18.0756,19.0072,0,0.27607,0,285.99,playing,6
18.0921,3.0,0,0.2845,0,286.98,playing,7
18.1083,3.0,0,0.2845,0,288.35,playing,7
18.125,-0.0399,0,0.29851,0,289.93,playing,7
18.1433,-0.0399,0,0.29851,0,291.92,playing,7
18.1594,-0.0399,0,0.30254,0,294.38,playing,7
18.1764,-3.1581,0,0.30254,0,296.86,playing,7
18.193,-3.1581,0,0.29772,0,299.8,playing,7
18.2099,-3.1581,0,0.29772,0,303.06,playing,7
18.2272,-6.901,0,0.30188,0,306.64,playing,7
18.2436,-6.901,0,0.30188,0,310.54,playing,7
18.2598,-6.901,0,0.30188,0,314.49,playing,7
18.2771,-7.3385,0,0.30188,0,319.01,playing,7
18.2937,-7.3385,0,0.31487,0,323.84,playing,7
18.3098,-6.9692,0,0.31487,0,328.67,playing,7
18.3267,-6.9692,0,0.30221,0,334.12,playing,7
18.3427,-6.9692,0,0.30221,0,339.53,playing,7
18.3591,-34.9917,1,0.31239,0,345.22,playing,7
18.3758,-34.9917,0,0.31239,0,338.91,playing,7
18.3915,-34.9917,0,0.2957,0,333.25,playing,7
18.4075,-34.9917,0,0.2957,0,327.87,playing,7
18.4239,-34.9917,0,0.22353,0,322.78,playing,7
18.4411,-35.2923,0,0.22353,0,317.68,playing,7
18.458,-22.4106,0,0.19982,0,312.9,playing,7
18.4749,-22.4106,0,0.19982,0,308.44,playing,7
18.4915,-9.7966,0,0.20225,0,304.3,playing,7
18.5075,-9.7966,0,0.20225,0,300.68,playing,7
18.5239,-9.7966,0,0.23061,1,297.35,playing,7
18.5406,5.1931,0,0.23061,0,294.12,playing,7
18.5572,5.1931,0,0.18774,0,291.36,playing,7
18.5747,5.1931,0,0.21452,0,288.75,playing,7
18.5924,29.6794,0,0.21452,0,286.35,playing,7
18.6092,29.6794,0,0.21491,0,284.39,playing,7
18.6261,36.1301,0,0.21491,0,282.76,playing,7
18.6428,36.1301,0,0.21123,0,281.44,playing,7
18.66,36.1301,0,0.21123,0,280.44,playing,7
18.6765,20.4517,0,0.21123,0,279.75,playing,7
18.6923,20.4517,0,0.24284,0,279.39,playing,7
18.7087,20.4517,0,0.24284,0,279.31,playing,7
18.7245,14.4898,0,0.24254,0,279.51,playing,7
18.74,14.4898,0,0.24254,0,280.0,playing,7
18.7563,-20.5148,0,0.2735,0,280.76,playing,7
18.7727,-20.5148,0,0.2735,0,281.81,playing,7
18.7887,-20.5148,0,0.31421,0,283.13,playing,7
18.8057,-31.2942,0,0.31421,0,284.86,playing,7
18.8218,-31.2942,0,0.25423,0,286.77,playing,7
18.8384,-31.2942,0,0.25423,0,289.12,playing,7
18.8546,-27.0713,1,,0,291.61,playing,7
18.8708,-27.0713,0,,0,285.65,playing,7
18.8882,-27.0713,0,0.18251,0,279.64,playing,7
18.9057,-15.5893,0,0.18251,1,273.94,playing,7
18.9232,-15.5893,0,0.22658,0,268.27,playing,7
18.939,-9.9337,0,0.20455,0,263.23,playing,7
18.9562,-9.9337,0,0.20455,0,258.76,playing,7
18.9725,-9.9337,0,0.20455,0,254.34,playing,7
18.9883,-3.4761,0,0.19613,0,250.46,playing,7
19.0047,-3.4761,0,0.19613,0,246.86,playing,7
19.0204,-3.4761,0,0.22692,0,243.54,playing,7
19.0371,15.6179,0,0.22692,0,240.5,playing,7
19.0532,15.6179,0,0.20431,0,237.6,playing,7
19.0703,33.1446,0,0.20431,0,235.14,playing,7
19.0871,37.0758,0,0.17924,0,232.85,playing,7
19.1037,37.0758,0,0.17924,0,230.87,playing,7
19.1198,24.543,0,0.17993,0,229.3,playing,7
19.1363,24.543,0,0.17993,0,227.94,playing,7
19.1526,24.543,0,0.20818,0,226.95,playing,7
19.1683,24.543,0,0.20818,0,226.23,playing,7
19.1843,24.543,0,,0,225.8,playing,7
19.2005,24.543,0,,0,225.65,playing,7
19.2171,4.8173,0,0.29532,1,225.78,playing,7
19.234,4.8173,0,0.29532,0,226.24,playing,7
19.2502,0.4554,0,0.27953,0,227.01,playing,7
19.266,0.4554,0,0.27953,0,228.03,playing,7
19.2824,0.4554,0,0.28966,0,229.32,playing,7
19.2992,-3.4868,0,0.28966,0,230.89,playing,7
19.3155,-3.4868,0,0.28716,0,232.88,playing,7
19.3313,-3.4868,0,0.28716,0,235.04,playing,7
19.3477,-3.4868,0,0.31452,0,237.48,playing,7
19.3634,-3.4868,0,0.31452,0,240.19,playing,7
19.3813,-3.4868,0,0.28868,0,243.4,playing,7
19.3975,-5.9832,0,0.28868,0,246.92,playing,7
19.4141,-5.9832,0,0.32576,0,250.52,playing,7
19.4306,-7.8129,0,0.32576,0,254.66,playing,7
19.4471,-9.1135,0,0.29345,0,258.84,playing,7
19.464,-9.1135,0,0.29345,0,263.6,playing,7
19.4807,-13.7903,0,0.31644,0,268.68,playing,7
19.4961,-13.7903,0,0.31644,0,273.74,playing,7
19.5128,-13.7903,0,0.29578,0,279.08,playing,7
19.5295,-13.7903,0,0.29578,0,285.07,playing,7
19.5457,-13.7903,0,0.29582,0,290.99,playing,7
19.5626,-13.7903,0,0.29582,0,297.6,playing,7
19.5791,-35.4585,1,0.25487,0,304.1,playing,7
19.5963,-35.4585,0,0.25487,0,297.79,playing,7
19.6127,-14.7591,0,0.19391,0,291.8,playing,7
19.629,-14.7591,0,0.19391,0,286.44,playing,7
19.6457,-14.7591,0,0.19628,0,281.06,playing,7
19.6631,23.4381,0,0.19628,0,276.0,playing,7
19.6799,23.4381,0,0.1896,0,271.26,playing,7
19.697,23.4381,0,0.1896,0,266.84,playing,7
19.7142,29.5803,0,0.17927,0,262.73,playing,7
19.731,29.5803,0,0.17927,0,258.94,playing,7
19.7473,27.1557,0,0.1995,0,255.47,playing,7
19.7641,27.1557,0,0.1995,0,252.49,playing,7
19.7803,27.1557,0,0.21626,0,249.64,playing,7
19.797,22.0943,0,0.21626,0,247.23,playing,7
19.8134,22.0943,0,0.24754,1,245.0,playing,7
19.83,22.0943,0,0.24754,0,243.18,playing,7
19.8473,12.6965,0,0.24643,0,241.56,playing,7
19.8639,12.6965,0,0.24643,0,240.26,playing,7
19.8811,4.469,0,0.26929,0,239.27,playing,7
19.8984,4.469,0,0.26929,0,238.61,playing,7
19.9148,4.469,0,0.28374,0,238.26,playing,7
19.9318,1.9333,0,0.28374,0,238.23,playing,8
19.9488,1.9333,0,0.29238,0,238.52,playing,8
19.9641,1.9333,0,0.29238,0,239.08,playing,8
19.9802,-0.1534,0,0.28425,0,239.91,playing,8
19.9971,-0.1534,0,0.28425,0,241.03,playing,8
20.0138,-0.1534,0,0.28812,0,242.53,playing,8
20.0312,-2.2083,0,0.28812,0,244.36,playing,8
20.0474,-2.2083,0,0.28092,0,246.5,playing,8
20.0637,-3.7716,0,0.28092,0,248.79,playing,8
20.0793,-3.7716,0,0.29315,0,251.37,playing,8
20.0963,-3.7716,0,0.29315,0,254.23,playing,8
20.1121,-4.2155,0,0.28043,0,257.58,playing,8
20.1289,-4.2155,0,0.28043,0,261.02,playing,8
20.1456,-4.2155,0,0.28401,0,265.0,playing,8
20.1614,-4.2155,0,0.28401,0,269.02,playing,8
20.178,-4.2155,0,0.29757,0,273.32,playing,8
20.1953,-4.8029,0,0.29757,0,278.21,playing,8
20.2122,-22.8863,1,0.32656,0,283.42,playing,8
20.2282,-22.8863,0,0.32656,0,277.1,playing,8
20.2449,-38.99,0,0.30601,0,271.45,playing,8
20.262,-38.99,0,0.30601,0,265.75,playing,8
20.2782,-38.99,0,0.22853,0,260.37,playing,8
20.2947,-35.1274,0,0.22853,0,255.59,playing,8
20.3101,-35.1274,0,0.2192,0,251.1,playing,8
20.3264,-35.1274,0,0.2192,0,246.88,playing,8
20.3429,-3.4982,0,0.19403,0,242.95,playing,8
20.36,-3.4982,0,0.19403,0,239.08,playing,8
20.377,10.1883,0,0.19184,0,235.54,playing,8
20.3936,10.1883,0,0.19184,0,232.31,playing,8
20.4095,10.1883,0,0.1927,0,229.56,playing,8
20.4253,6.858,0,0.1927,0,227.08,playing,8
20.4431,6.858,0,0.1927,0,224.89,playing,8
20.4596,6.858,0,0.17975,0,222.78,playing,8
20.4754,6.858,0,0.17975,0,221.19,playing,8
20.4923,6.858,0,0.17852,0,219.81,playing,8
20.5092,6.858,0,0.17852,0,218.8,playing,8
20.5252,17.5241,0,0.16661,0,218.04,playing,8
20.5421,17.5241,0,0.16661,0,217.61,playing,8
20.5585,32.7049,0,0.17934,0,217.47,playing,8
20.5743,32.7049,0,0.17934,0,217.62,playing,8
20.5906,32.7049,0,0.19785,0,218.05,playing,8
20.607,32.7049,0,0.19785,0,218.76,playing,8
20.6239,32.7049,0,0.1921,0,219.83,playing,8
20.6407,32.7049,0,0.1921,0,221.23,playing,8
20.6564,27.4919,0,0.1921,0,222.82,playing,8
20.6729,27.4919,0,0.22829,1,224.69,playing,8
20.6894,27.4919,0,0.22829,0,227.0,playing,8
20.7062,8.6349,0,0.23889,0,229.46,playing,8
20.723,8.6349,0,0.23889,0,232.38,playing,8
20.7396,4.1338,0,0.31881,0,235.63,playing,8
20.7556,4.1338,0,0.31881,0,238.96,playing,8
20.7712,4.1338,0,0.28357,0,242.58,playing,8
20.7875,-2.4497,0,0.28357,0,246.47,playing,8
20.8034,-2.4497,0,0.27693,0,250.65,playing,8
20.8196,-2.4497,0,0.27693,0,255.11,playing,8
20.8357,-5.0204,0,0.28231,0,259.86,playing,8
20.8514,-5.0204,0,0.28231,0,264.88,playing,8
20.8673,-5.0204,0,0.30912,0,270.19,playing,8
20.8838,-7.6699,0,0.30912,0,275.77,playing,8
20.9012,-7.6699,0,0.28005,0,282.03,playing,8
20.918,-19.7019,0,0.28005,0,288.6,playing,8
20.9352,-19.7019,0,0.2928,0,295.49,playing,8
20.9515,-19.7019,0,0.2928,0,302.7,playing,8
20.9673,-19.7019,0,0.30304,0,309.76,playing,8
20.9842,-19.7019,0,0.30304,0,317.11,playing,8
21.0009,-19.7019,0,0.24643,0,325.23,playing,8
21.0178,-32.0087,1,0.24643,0,333.68,playing,8
21.0346,-32.0087,0,0.19599,0,327.36,playing,8
21.051,-23.2185,0,0.19599,0,321.7,playing,8
21.0677,-23.2185,0,0.20004,0,316.01,playing,8
21.084,-23.2185,0,0.20004,0,310.93,playing,8
21.1009,-4.6425,0,0.23465,1,305.85,playing,8
21.1177,-4.6425,0,0.23465,0,301.09,playing,8
21.134,-4.6425,0,0.18312,0,296.9,playing,8
21.151,-4.6425,0,0.18312,0,292.75,playing,8
21.1675,-4.6425,0,0.17309,0,288.93,playing,8
21.1839,-4.6425,0,0.17309,0,285.61,playing,8
21.2005,6.0468,0,0.211,0,282.4,playing,8
21.2173,6.0468,0,0.211,0,279.66,playing,8
21.2338,34.0436,0,0.20295,0,277.07,playing,8
21.2496,34.0436,0,0.20295,0,274.92,playing,8
21.2652,34.0436,0,0.18294,0,273.04,playing,8
21.2822,28.2529,0,0.18294,0,271.45,playing,8
21.2991,28.2529,0,0.17806,0,270.07,playing,8
21.3159,28.2529,0,0.17806,0,269.01,playing,8
21.3329,21.3391,0,0.21612,0,268.27,playing,8
21.3495,21.3391,0,0.21612,0,267.85,playing,8
21.3659,14.9039,0,0.27292,1,267.74,playing,8
21.3828,9.5688,0,0.27292,0,267.93,playing,8
21.3994,9.5688,0,0.23924,0,268.45,playing,8
21.4158,4.9563,0,0.23924,0,269.21,playing,8
21.4326,4.9563,0,0.28513,0,270.34,playing,8
21.4489,4.9563,0,0.28513,0,271.69,playing,8
21.466,-2.0911,0,0.27948,0,273.44,playing,8
21.4839,-2.0911,0,0.27948,0,275.5,playing,8
21.501,-4.1984,0,0.27976,0,278.04,playing,8
21.5177,-4.1984,0,0.27976,0,280.76,playing,8
21.5341,-4.1984,0,0.27686,0,283.8,playing,8
21.5511,-6.5117,0,0.27686,0,286.94,playing,8
21.5676,-6.5117,0,0.28374,0,290.6,playing,8
21.5838,-6.5117,0,0.28374,0,294.32,playing,8
21.6003,-7.3439,0,0.29168,0,298.59,playing,8
21.616,-7.3439,0,0.29168,0,302.89,playing,8
21.6325,-7.3439,0,0.27247,0,307.48,playing,8
21.6487,-7.6008,0,0.27247,0,312.34,playing,8
21.6645,-7.6008,0,0.30141,0,317.49,playing,8
21.6801,-7.5484,0,0.30141,0,322.92,playing,8
21.6972,-7.0091,0,0.32128,0,328.63,playing,8
21.7137,-7.0091,0,0.32128,0,335.02,playing,8
21.7301,-6.377,0,0.30147,0,341.31,playing,8
21.7467,-6.377,0,0.30147,0,348.31,playing,8
21.7628,-6.377,0,0.30561,0,355.18,dead,8
21.7783,-4.9087,0,0.30561,0,362.33,dead,8
21.7944,-4.9087,0,0.28737,0,369.77,dead,8
21.8108,-4.9087,0,0.28737,0,377.49,dead,8
21.8272,-27.5106,1,0.31214,0,386.0,dead,8
21.8438,-27.5106,0,0.31214,0,285.0,playing,0
21.8613,-43.146,0,0.29614,0,278.69,playing,0
21.8783,-43.146,0,0.29614,0,272.69,playing,0
21.8944,-43.146,0,0.2096,0,267.02,playing,0
21.9102,-21.0494,0,0.2096,0,261.96,playing,0
21.9267,-21.0494,0,0.21626,0,257.18,playing,0
21.9425,-21.0494,0,0.21626,0,252.68,playing,0
21.9589,3.4166,0,0.18226,0,248.46,playing,0
21.9757,3.4166,0,0.18226,0,244.3,playing,0
21.9919,3.4166,0,0.20136,0,240.67,playing,0
22.0082,3.4166,0,0.20136,0,237.12,playing,0
22.0249,3.4166,0,0.17941,0,234.07,playing,0
22.0418,31.1024,0,0.17941,0,231.14,playing,0
22.0572,29.9442,0,0.1995,0,228.67,playing,0
22.0742,29.9442,0,0.1995,0,226.48,playing,0
22.0903,25.275,0,0.2467,1,224.46,playing,0
22.1068,25.275,0,0.2467,0,222.85,playing,0
22.124,25.275,0,0.2467,0,221.46,playing,0
22.1402,19.9177,0,0.2467,0,220.38,playing,0
22.1564,19.9177,0,0.2392,0,219.65,playing,0
22.1725,19.9177,0,0.2392,0,219.2,playing,0
22.189,14.9983,0,0.26866,0,219.03,playing,0
22.2058,14.9983,0,0.26866,0,219.17,playing,0
22.2217,10.0659,0,0.30177,0,219.59,playing,0
22.2375,10.0659,0,0.30177,0,220.28,playing,0
22.2538,10.0659,0,0.25373,0,221.26,playing,0
22.2692,0.1015,0,0.25373,0,222.51,playing,0
22.2855,0.1015,0,0.27237,0,224.05,playing,0
22.3014,0.1015,0,0.27237,0,225.87,playing,0
22.318,-3.107,0,0.28925,0,227.98,playing,0
22.3347,-3.107,0,0.28925,0,230.53,playing,0
22.3504,-3.107,0,0.29438,0,233.21,playing,0
22.3667,-3.8253,0,0.29438,0,236.18,playing,0
22.3829,-3.8253,0,0.30762,0,239.42,playing,0
22.3997,-3.8253,0,0.30762,0,243.19,playing,0
22.4155,-4.1037,0,0.28626,0,247.02,playing,0
22.4315,-4.1037,0,0.28626,0,251.13,playing,0
22.4478,-4.7768,0,0.28112,0,255.52,playing,0
22.4648,-4.7768,0,0.28112,0,260.5,playing,0
22.4811,-4.7768,0,0.28112,0,265.47,playing,0
22.4978,-4.7768,0,0.28112,0,271.07,playing,0
22.5153,-4.7768,0,0.30462,0,276.99,playing,0
22.5319,-4.7768,0,0.30462,0,283.22,playing,0
22.5491,-6.6394,0,0.28877,0,289.78,playing,0
22.566,-6.6394,0,0.28877,0,296.65,playing,0
22.5826,-39.5051,1,0.28465,0,303.84,playing,0
22.5998,-39.5051,0,0.28465,0,297.53,playing,0
22.6166,-39.5051,0,0.20909,0,291.53,playing,0
22.6322,-30.1232,0,0.20909,0,286.17,playing,0
22.6492,-30.1232,0,0.20909,1,281.09,playing,0
22.6654,-30.1232,0,0.22417,0,276.01,playing,0
22.6825,-7.0207,0,0.22417,0,271.52,playing,0
22.6986,-7.0207,0,0.23412,0,267.06,playing,0
22.7153,-7.0207,0,0.23412,0,263.14,playing,0
22.7329,-1.7242,0,0.20428,0,259.09,playing,0
22.7501,-1.7242,0,0.20428,0,255.58,playing,0
22.7667,21.4899,0,0.21886,0,252.39,playing,0
22.783,21.4899,0,0.21886,0,249.67,playing,0
22.7996,21.4899,0,0.19612,0,247.1,playing,0
22.8154,33.5156,0,0.19612,0,244.96,playing,0
22.8312,33.5156,0,0.19612,0,243.1,playing,0
22.8481,33.5156,0,0.19612,0,241.53,playing,0
22.8646,33.2047,0,0.18652,0,240.17,playing,0
22.8812,33.2047,0,0.18652,0,239.18,playing,0
22.897,21.8735,0,0.23007,0,238.44,playing,0
22.9139,21.8735,0,0.23007,0,238.02,playing,0
22.9308,21.8735,0,0.19032,0,237.9,playing,0
22.9467,15.5841,0,0.19032,1,238.07,playing,0
22.9623,15.5841,0,0.23955,0,238.51,playing,0
22.9784,15.5841,0,0.23955,0,239.24,playing,0
22.9942,10.3857,0,0.29405,0,240.26,playing,0
23.0113,10.3857,0,0.29405,0,241.55,playing,0
23.0273,10.3857,0,0.29088,0,243.24,playing,0
23.0434,10.3857,0,0.29088,0,245.11,playing,0
23.06,10.3857,0,0.30407,0,247.27,playing,0
23.077,5.6574,0,0.30407,0,249.88,playing,0
23.0933,-2.7362,0,0.27617,0,252.8,playing,0
23.1102,-2.7362,0,0.27617,0,255.84,playing,0
23.1266,-4.5317,0,0.28081,0,259.38,playing,0
23.1421,-4.5317,0,0.28081,0,263.0,playing,0
23.1583,-4.5317,0,0.28697,0,266.89,playing,0
23.1745,-5.4443,0,0.28697,0,271.07,playing,0
23.1908,-5.4443,0,0.28697,0,275.53,playing,0
23.2077,-5.4443,0,0.28697,0,280.59,playing,0
23.2236,-11.8178,0,0.31644,0,285.63,playing,0
23.2395,-11.8178,0,0.31644,0,290.96,playing,0
23.2558,-11.8178,0,0.29196,0,296.56,playing,0
23.2728,-11.8178,0,0.29196,0,302.83,playing,0
23.2897,-11.8178,0,0.26087,0,309.42,playing,0
23.3059,-33.9343,1,0.26087,0,315.91,playing,0
23.3228,-33.9343,0,0.19058,0,309.6,playing,0
23.3386,-33.9343,0,0.19058,0,303.94,playing,0
23.355,5.2174,0,0.21939,0,298.56,playing,0
23.3711,5.2174,0,0.21939,0,293.16,playing,0
23.3878,5.2174,0,0.21939,0,288.37,playing,0
23.4042,5.2174,0,0.19426,0,283.59,playing,0
23.4202,5.2174,0,0.19426,0,279.37,playing,0
23.437,28.7265,0,0.21819,0,275.44,playing,0
23.4539,25.2901,0,0.21819,0,271.58,playing,0
23.4708,25.2901,0,0.17509,0,268.03,playing,0
23.486,19.8893,0,0.17509,0,264.98,playing,0
23.5031,19.8893,0,0.25094,1,262.2,playing,0
23.5198,19.8893,0,0.25094,0,259.58,playing,0
23.5365,19.8893,0,0.25094,0,257.27,playing,0
23.5523,19.8893,0,0.25094,0,255.37,playing,0
23.5691,19.8893,0,0.26197,0,253.76,playing,0
23.5855,6.122,0,0.26197,0,252.37,playing,0
23.6019,6.122,0,0.29129,0,251.34,playing,0
23.6188,6.122,0,0.29129,0,250.56,playing,0
23.6356,6.122,0,0.31589,0,250.1,playing,0
23.6515,6.122,0,0.31589,0,249.95,playing,0
23.6674,-1.0082,0,0.33659,0,250.08,playing,0
23.6842,-1.0082,0,0.33659,0,250.5,playing,0
23.7008,-1.0082,0,0.28405,0,251.25,playing,0
23.7174,-2.7771,0,0.28405,0,252.33,playing,0
23.734,-2.7771,0,0.31671,0,253.62,playing,0
23.7509,-2.7771,0,0.31671,0,255.31,playing,0
23.7671,-2.7771,0,0.2793,0,257.32,playing,0
23.7837,-2.7771,0,0.2793,0,259.49,playing,0
23.8011,-5.5467,0,0.28707,0,262.12,playing,0
23.8181,-5.5467,0,0.28707,0,265.06,playing,0
23.8348,-5.5467,0,0.25439,0,268.33,playing,0
23.8517,-5.5467,0,0.25439,0,271.91,playing,0
23.8679,-5.5467,0,0.19599,0,275.56,playing,0
23.8849,-5.5467,0,0.19599,0,279.75,playing,0
23.9018,-5.5467,0,0.19599,0,284.27,playing,0
23.9185,-5.5467,0,0.19599,0,289.1,playing,0
23.9347,-10.1424,1,0.22986,1,293.93,playing,0
23.9507,-10.1424,0,0.22986,0,287.98,playing,0
23.9663,-10.1424,0,0.19967,0,282.3,playing,0
23.9823,-10.1424,0,0.19967,0,276.9,playing,0
23.9987,-10.1424,0,0.21694,0,271.79,playing,0
24.0149,-10.1424,0,0.21694,0,266.96,playing,0
24.0316,-0.1184,0,0.21333,0,262.14,playing,0
24.0474,-0.1184,0,0.21333,0,257.89,playing,0
24.064,-0.1184,0,0.18254,0,253.92,playing,0
24.0805,31.3925,0,0.18254,0,250.02,playing,0
24.0973,31.3925,0,0.19553,0,246.63,playing,0
24.1139,16.5339,0,0.19553,0,243.35,playing,0
24.1303,16.5339,0,0.20683,0,240.38,playing,0
24.1468,16.5339,0,0.20683,0,237.88,playing,0
24.1632,16.5339,0,0.27318,0,235.53,playing,0
24.1799,16.5339,0,0.27318,0,233.6,playing,0
24.1966,16.5339,0,0.28308,0,231.87,playing,0
24.2129,2.8195,0,0.28308,0,230.52,playing,0
24.2295,2.8195,0,0.28308,0,229.41,playing,0
24.2456,-0.6377,0,0.28308,0,228.64,playing,0
24.2615,-0.6377,0,0.30613,0,228.16,playing,0
24.2779,-0.6377,0,0.30613,0,227.95,playing,0
24.2945,-2.6912,0,0.3224,0,228.06,playing,1
24.3102,-2.6912,0,0.3224,0,228.43,playing,1
24.3267,-2.6912,0,0.30056,0,229.09,playing,1
24.3422,-5.672,0,0.30056,0,230.03,playing,1
24.3582,-5.672,0,0.3217,0,231.26,playing,1
24.3744,-5.672,0,0.3217,0,232.76,playing,1
24.3908,-6.2969,0,0.31916,0,234.55,playing,1
24.4063,-6.2969,0,0.31916,0,236.61,playing,1
24.4223,-6.2969,0,0.30572,0,238.96,playing,1
24.4386,-32.6509,1,0.30572,0,241.59,playing,1
24.4542,-32.6509,0,0.31487,0,235.63,playing,1
24.4701,-36.8838,0,0.31487,0,229.96,playing,1
24.4871,-36.8838,0,0.31197,0,224.56,playing,1
24.504,-36.8838,0,0.31197,0,219.15,playing,1
24.5208,-33.2324,0,0.21182,0,214.05,playing,1
24.5381,-33.2324,0,0.21182,1,209.27,playing,1
24.5547,-33.2324,0,0.23869,0,204.81,playing,1
24.5713,-33.2324,0,0.23869,0,200.89,playing,1
24.5879,-33.2324,0,0.20631,0,197.05,playing,1
24.6045,-33.2324,0,0.20631,0,193.53,playing,1
24.6203,-3.9068,0,0.19982,0,190.49,playing,1
24.6371,-3.9068,0,0.19982,0,187.73,playing,1
24.6534,2.4376,0,0.21054,0,185.12,playing,1
24.6699,2.4376,0,0.21054,0,182.95,playing,1
24.6872,2.4376,0,0.2234,0,180.96,playing,1
24.7033,8.9524,0,0.2234,0,179.28,playing,1
24.7193,8.9524,0,0.22927,0,177.99,playing,1
24.7352,8.9524,0,0.22927,0,176.98,playing,1
24.7518,36.0919,0,0.19578,0,176.24,playing,1
24.7685,36.0919,0,0.19578,0,175.78,playing,1
24.7847,36.0919,0,0.19884,0,175.63,playing,1
24.802,30.2291,0,0.19884,0,175.79,playing,1
24.8185,30.2291,0,0.19902,0,176.27,playing,1
24.8345,23.2248,0,0.19902,0,177.0,playing,1
24.8507,23.2248,0,0.23514,1,178.01,playing,1
24.8663,23.2248,0,0.23514,0,179.3,playing,1
24.8826,10.8959,0,0.27308,0,180.88,playing,1
24.8986,10.8959,0,0.27308,0,182.73,playing,1
24.9148,10.8959,0,0.25414,0,184.87,playing,1
24.932,5.5541,0,0.25414,0,187.46,playing,1
24.9485,5.5541,0,0.26885,0,190.37,playing,1
24.9644,5.5541,0,0.26885,0,193.38,playing,1
24.9809,1.1015,0,0.31097,0,196.68,playing,1
24.9969,1.1015,0,0.31097,0,200.51,playing,1
25.0132,-4.8172,0,0.31091,0,204.39,playing,1
25.0303,-4.8172,0,0.31039,0,208.55,playing,1
25.0472,-4.8172,0,0.31039,0,213.59,playing,1
25.0643,-4.8172,0,0.31039,0,218.35,playing,1
25.0814,-4.8172,0,0.29095,0,223.72,playing,1
25.0971,-4.8172,0,0.26448,0,229.41,playing,1
25.1137,-4.8172,0,0.26448,0,235.05,playing,1
25.1295,-4.8172,0,0.27954,0,240.98,playing,1
25.1454,-6.4009,0,0.27954,0,247.18,playing,1
25.1622,-8.5611,0,0.27982,0,253.66,playing,1
25.1782,-8.5611,0,0.27982,0,260.87,playing,1
25.1948,-8.1757,0,0.29758,0,267.94,playing,1
25.2119,-8.1757,0,0.29758,0,275.76,playing,1
25.2286,-8.1757,0,0.2695,0,283.91,playing,1
25.2448,-6.5666,0,0.2695,0,291.85,playing,1
25.262,-6.5666,0,0.2695,0,300.61,playing,1
25.2782,-6.5666,0,0.29577,0,309.69,playing,1
25.2946,-9.3791,0,0.29577,0,318.52,playing,1
25.3111,-9.3791,0,0.29058,0,327.62,playing,1
25.3281,-37.179,1,0.29058,0,337.62,playing,1
25.3444,-37.179,0,0.26178,0,331.3,playing,1
25.3606,-37.179,0,0.26178,0,325.65,playing,1
25.3766,-22.8699,0,0.21066,0,320.27,playing,1
25.3929,-22.8699,0,0.21066,0,315.17,playing,1
25.4094,-22.8699,0,0.21797,0,310.08,playing,1
25.4257,-13.6448,0,0.21797,0,305.56,playing,1
25.4411,-13.6448,0,0.19408,0,301.33,playing,1
25.4573,-13.6448,0,0.19408,0,297.37,playing,1
25.4731,5.96,0,0.18822,0,293.7,playing,1
25.4893,5.96,0,0.18822,0,290.32,playing,1
25.5055,5.96,0,0.19721,0,287.21,playing,1
25.5212,5.96,0,0.19721,0,284.38,playing,1
25.5375,5.96,0,0.21115,0,281.84,playing,1
25.5543,28.8954,0,0.21115,0,279.58,playing,1
25.5708,28.8954,0,0.18861,0,277.49,playing,1
25.5875,28.8954,0,0.18861,0,275.72,playing,1
25.6038,24.5187,0,0.2347,1,274.34,playing,1
25.6201,24.5187,0,0.2347,0,273.24,playing,1
25.6363,24.5187,0,0.2347,0,272.39,playing,1
25.6525,19.318,0,0.26985,0,271.87,playing,1
25.6685,19.318,0,0.26985,0,271.63,playing,1
25.6841,19.318,0,0.28979,0,271.67,playing,1
25.7003,14.7339,0,0.28979,0,272.0,playing,1
25.7171,14.7339,0,0.29607,0,272.6,playing,1
25.7332,6.584,0,0.29607,0,273.57,playing,1
25.7495,6.584,0,0.25367,0,274.75,playing,1
25.7657,6.584,0,0.25367,0,276.22,playing,1
25.7812,6.584,0,0.28422,0,277.97,playing,1
25.7974,6.584,0,0.28422,0,280.0,playing,1
25.8133,6.584,0,0.30171,0,282.32,playing,1
25.8295,3.1252,0,0.30171,0,284.91,playing,1
25.8457,3.1252,0,0.30227,0,287.79,playing,1
25.862,3.1252,0,0.30227,0,290.95,playing,1
25.8782,-5.0133,0,0.28381,0,294.62,playing,1
25.8946,-5.0133,0,0.28381,0,298.36,playing,1
25.9107,-6.1223,0,0.28719,0,302.38,playing,1
25.9263,-6.1223,0,0.28719,0,306.68,playing,1
25.9429,-6.1223,0,0.29056,0,311.27,playing,1
25.9597,-6.4424,0,0.29056,0,316.46,playing,1
25.9752,-6.4424,0,0.32466,0,321.62,playing,1
25.9916,-6.4424,0,0.32466,0,327.07,playing,1
26.0084,-5.6354,0,0.32466,0,332.8,playing,1
26.0257,-5.6354,0,0.31947,0,339.6,playing,1
26.0419,-5.6354,0,0.31947,0,345.92,playing,1
26.0591,-5.4925,0,0.32654,0,352.96,playing,1
26.0756,-5.4925,0,0.33593,0,360.32,playing,1
26.0915,-34.0367,1,0.33593,0,367.53,playing,1
26.1077,-34.0367,0,0.33593,0,361.57,playing,1
26.1252,-34.0367,0,0.3462,0,355.56,playing,1
26.1421,-33.2638,0,0.3462,0,349.86,playing,2
26.1603,-33.2638,0,0.28374,0,344.19,playing,2
26.1771,-33.2638,0,0.25827,0,339.15,playing,2
26.1936,-27.1024,0,0.25827,0,334.42,playing,2
26.211,-27.1024,0,0.20319,0,330.02,playing,2
26.2283,1.4931,0,0.20319,0,325.93,playing,2
26.2452,1.4931,0,0.20413,0,322.16,playing,2
26.2619,1.4931,0,0.20413,0,318.71,playing,2
26.2788,20.7795,0,0.18286,0,315.58,playing,2
26.2953,20.7795,0,0.18286,0,312.76,playing,2
26.3122,20.7795,0,0.21121,0,310.4,playing,2
26.329,26.7369,0,0.21121,0,308.2,playing,2
26.3461,26.7369,0,0.21121,0,306.32,playing,2
26.3627,25.7963,0,0.19565,0,304.76,playing,2
26.3786,25.7963,0,0.19565,0,303.57,playing,2
26.3949,25.7963,0,0.21892,0,302.66,playing,2
26.4121,25.7963,0,0.21892,0,302.01,playing,2
26.4284,25.7963,0,0.30341,1,301.68,playing,2
26.4448,25.7963,0,0.30341,0,301.66,playing,2
26.4614,9.0517,0,0.28754,0,301.95,playing,2
26.4778,9.0517,0,0.28754,0,302.5,playing,2
26.4945,9.0517,0,0.2875,0,303.41,playing,2
26.5111,6.0295,0,0.2875,0,304.54,playing,2
26.5279,6.0295,0,0.29925,0,306.06,playing,2
26.5449,0.8924,0,0.29925,0,307.91,playing,2
26.5613,0.8924,0,0.29894,0,310.06,playing,2
26.5771,0.8924,0,0.29894,0,312.38,playing,2
26.5939,-0.968,0,0.35141,0,314.97,playing,2
26.6107,-0.968,0,0.35141,0,318.05,playing,2
26.6271,-0.968,0,0.29366,0,321.22,playing,2
26.644,-0.968,0,0.29366,0,324.92,playing,2
26.6611,-0.968,0,0.30498,0,328.93,playing,2
26.6776,-33.2266,1,0.30498,0,333.26,playing,2
26.6941,-33.2266,0,0.30827,0,327.3,playing,2
26.7108,-33.2266,0,0.30827,0,321.28,playing,2
26.728,-29.5249,0,0.30051,0,315.59,playing,2
26.7452,-29.5249,0,0.30051,0,310.21,playing,2
26.7616,-29.5249,0,0.17772,0,305.15,playing,2
26.7775,-22.7735,0,0.17772,0,300.67,playing,2
26.7944,-22.7735,0,0.1995,0,296.47,playing,2
26.8101,-17.8409,0,0.1995,0,292.33,playing,2
26.8264,-17.8409,0,0.21699,0,288.71,playing,2
26.8429,-17.8409,0,0.21699,0,285.38,playing,2
26.8592,-17.8409,0,0.19702,0,282.15,playing,2
26.8761,-17.8409,0,0.19702,0,279.4,playing,2
26.8923,-17.8409,0,0.19464,0,276.79,playing,2
26.9102,2.0619,0,0.19464,0,274.61,playing,2
26.9268,2.0619,0,0.20018,0,272.52,playing,2
26.9433,2.0619,0,0.2003,0,270.87,playing,2
26.9601,11.2107,0,0.2003,0,269.59,playing,2
26.977,11.2107,0,0.20738,0,268.55,playing,2
26.9936,32.355,0,0.20738,0,267.83,playing,2
27.0102,32.355,0,0.18003,0,267.43,playing,2
27.0269,32.355,0,0.18003,0,267.33,playing,2
27.0448,27.0643,0,0.18003,1,267.54,playing,2
27.0616,27.0643,0,0.25077,0,268.13,playing,2
27.0783,27.0643,0,0.28903,0,268.93,playing,2
27.0945,20.7049,0,0.28903,0,270.09,playing,2
27.1118,20.7049,0,0.28903,0,271.48,playing,2
27.1272,-4.6508,0,0.30912,0,273.26,playing,2
27.1437,-4.6508,0,0.30912,0,275.22,playing,2
27.1594,-4.6508,0,0.31091,0,277.47,playing,2
27.1761,-26.6415,1,0.31091,0,279.99,playing,2
27.1926,-26.6415,0,0.30178,0,273.68,playing,2
27.2088,-26.6415,0,0.30178,0,268.02,playing,2
27.226,-24.6871,0,0.18249,0,262.32,playing,2
27.2428,-24.6871,0,0.18249,0,256.95,playing,2
27.2591,-24.6871,0,0.19457,0,251.89,playing,2
27.2756,-9.9198,0,0.19457,0,247.41,playing,2
27.2915,-9.9198,0,0.21317,0,243.21,playing,2
27.3078,1.3375,0,0.21317,0,239.29,playing,2
27.3244,1.3375,0,0.21168,0,235.45,playing,2
27.3413,1.3375,0,0.21168,0,232.11,playing,2
27.3582,18.6009,0,0.1989,0,228.89,playing,2
27.3749,18.6009,0,0.1989,0,225.98,playing,2
27.3915,18.6009,0,0.24595,1,223.39,playing,2
27.4071,15.7272,0,0.24595,0,221.23,playing,2
27.4235,15.7272,0,0.2622,0,219.35,playing,2
27.4391,15.7272,0,0.2622,0,217.76,playing,2
27.4559,15.7272,0,0.28405,0,216.45,playing,2
27.4724,15.7272,0,0.28405,0,215.37,playing,2
27.4888,4.9398,0,0.31573,0,214.64,playing,2
27.5055,4.9398,0,0.31573,0,214.18,playing,2
27.5219,4.9398,0,0.31187,0,214.03,playing,2
27.5387,4.9398,0,0.31187,0,214.19,playing,2
27.5549,4.9398,0,0.31699,0,214.62,playing,2
27.5722,4.9398,0,0.31699,0,215.4,playing,2
27.5889,0.5523,0,0.32379,0,216.49,playing,2
27.6057,0.5523,0,0.32379,0,217.9,playing,2
27.622,-3.5082,0,0.32629,0,219.51,playing,2
27.6387,-3.5082,0,0.32629,0,221.54,playing,2
27.6553,-3.5082,0,0.30652,0,223.88,playing,2
27.672,-3.9433,0,0.30652,0,226.37,playing,2
27.6887,-3.9433,0,0.34351,0,229.34,playing,2
27.7045,-3.9433,0,0.34351,0,232.41,playing,2
27.7207,-10.0033,0,0.29705,0,235.76,playing,2
27.7366,-10.0033,0,0.29705,0,239.39,playing,2
27.7528,-10.0033,0,0.29705,0,243.31,playing,2
27.7682,-10.0033,0,0.29705,0,247.5,playing,2
27.7848,-10.0033,0,0.29705,0,251.98,playing,2
27.802,-36.1763,1,0.33854,0,257.06,playing,2
27.8192,-36.1763,0,0.33854,0,250.75,playing,2
27.836,-36.1763,0,0.26669,0,244.75,playing,2
27.8524,-18.1074,0,0.26669,0,239.08,playing,2
27.869,-18.1074,0,0.2805,0,234.02,playing,2
27.8863,-18.1074,0,0.2805,0,228.96,playing,2
27.903,-18.1074,0,0.22978,0,224.22,playing,2
27.9195,-18.1074,0,0.22978,0,219.79,playing,2
27.9361,21.6341,0,0.26332,0,215.91,playing,2
27.9525,25.4395,0,0.26332,0,212.1,playing,2
27.9685,25.4395,0,0.26361,0,208.8,playing,2
27.9848,18.9715,0,0.26361,0,205.78,playing,2
28.0019,18.9715,0,0.24987,0,202.89,playing,3
28.0187,18.9715,0,0.24987,0,200.32,playing,3
28.0344,14.883,0,0.26659,0,198.18,playing,3
28.0506,14.883,0,0.26659,0,196.33,playing,3
28.0665,14.883,0,0.28358,0,194.75,playing,3
28.0822,14.883,0,0.28358,0,193.45,playing,3
28.0981,14.883,0,0.3117,0,192.44,playing,3
28.1149,14.883,0,0.3117,0,191.71,playing,3
28.132,4.712,0,0.3117,0,191.25,playing,3
28.1486,4.712,0,0.3117,0,191.11,playing,3
28.1652,4.712,0,0.31437,0,191.26,playing,3
28.1819,4.712,0,0.31437,0,191.74,playing,3
28.1984,4.712,0,0.33899,0,192.53,playing,3
28.2149,-2.4655,0,0.33899,0,193.56,playing,3
28.2322,-2.4655,0,0.331,0,194.97,playing,3
28.2492,-2.4655,0,0.331,0,196.7,playing,3
28.2654,-3.5155,0,0.32472,0,198.74,playing,3
28.282,-3.5155,0,0.32472,0,200.95,playing,3
28.2987,-4.01,0,0.31558,0,203.62,playing,3
28.3146,-4.01,0,0.33398,0,206.41,playing,3
28.3308,-4.01,0,0.33398,0,209.48,playing,3
28.3464,-4.7488,0,0.32125,0,212.83,playing,3
28.3633,-4.7488,0,0.32125,0,216.46,playing,3
28.3797,-4.7488,0,0.31442,0,220.64,playing,3
28.3954,-4.5657,0,0.31442,0,224.85,playing,3
28.412,-4.5657,0,0.33115,0,229.35,playing,3
28.4287,-4.5657,0,0.33115,0,234.45,playing,3
28.445,-12.1262,0,0.33115,0,239.52,playing,3
28.4616,-12.1262,0,0.32693,0,245.23,playing,3
28.4779,-33.7352,1,0.32693,0,250.89,playing,3
28.4945,-33.7352,0,0.24566,0,244.58,playing,3
28.5101,-33.7352,0,0.24566,0,238.92,playing,3
28.5265,-29.5286,0,0.27195,0,233.54,playing,3
28.5426,-29.5286,0,0.27195,0,228.45,playing,3
28.5593,-29.5286,0,0.27195,0,223.63,playing,3
28.5755,-2.584,0,0.24189,0,218.84,playing,3
28.5924,-2.584,0,0.24189,0,214.36,playing,3
28.6088,-2.584,0,0.24675,0,210.42,playing,3
28.6255,21.7744,0,0.24675,0,206.56,playing,3
28.6415,21.7744,0,0.23649,0,203.21,playing,3
28.6574,28.9561,0,0.23649,0,200.13,playing,3
28.6743,28.9561,0,0.23426,0,197.34,playing,3
28.6908,28.9561,0,0.23426,0,194.7,playing,3
28.7079,28.9561,0,0.24588,0,192.37,playing,3
28.725,28.9561,0,0.24588,0,190.36,playing,3
28.7416,28.9561,0,0.27828,0,188.66,playing,3
28.7575,28.9561,0,0.27828,0,187.35,playing,3
28.7746,28.9561,0,0.27426,0,186.27,playing,3
28.7907,24.3985,0,0.27426,0,185.54,playing,3
28.8066,24.3985,0,0.27426,0,185.09,playing,3
28.8222,24.3985,0,0.28616,0,184.93,playing,3
28.839,14.061,0,0.28616,0,185.04,playing,3
28.8558,14.061,0,0.24244,0,185.48,playing,3
28.8722,14.061,0,0.24244,0,186.17,playing,3
28.8884,-0.2532,0,0.28781,0,187.23,playing,3
28.9044,-0.2532,0,0.28781,0,188.5,playing,3
28.921,-0.2532,0,0.31323,0,190.06,playing,3
28.938,-1.6874,0,0.31323,0,192.03,playing,3
28.954,-1.6874,0,0.31323,0,194.32,playing,3
28.9714,-3.5014,0,0.31323,0,196.76,playing,3
28.9876,-3.5014,0,0.31415,0,199.67,playing,3
29.0035,-3.5014,0,0.31415,0,202.68,playing,3
29.0194,-5.1417,0,0.29154,0,205.98,playing,3
29.0353,-5.1417,0,0.29154,0,209.56,playing,3
29.052,-5.1417,0,0.29479,0,213.43,playing,3
29.0683,-5.7682,0,0.29479,0,217.85,playing,3
29.0843,-5.7682,0,0.28888,0,222.29,playing,3
29.1006,-5.7682,0,0.28888,0,227.02,playing,3
29.1162,-14.682,0,0.31141,0,232.02,playing,3
29.1334,-14.682,0,0.31141,0,237.31,playing,3
29.1495,-14.682,0,0.31141,0,243.25,playing,3
29.1656,-24.7853,1,0.28664,0,249.11,playing,3
29.1817,-24.7853,0,0.28664,0,243.16,playing,3
29.198,-30.5772,0,0.26992,0,237.48,playing,3
29.2145,-30.5772,0,0.26992,0,231.77,playing,3
29.2313,-30.5772,0,0.22281,0,226.67,playing,3
29.2477,-23.3613,0,0.22281,0,221.57,playing,3
29.2633,-23.3613,0,0.23799,0,217.06,playing,3
29.2803,-23.3613,0,0.19388,0,212.82,playing,3
29.2962,-23.3613,0,0.19388,0,208.64,playing,3
29.3124,-23.3613,0,0.19388,0,204.99,playing,3
29.3299,-23.3613,0,0.20177,0,201.43,playing,3
29.3469,23.9881,0,0.20177,0,198.18,playing,3
29.3634,23.9881,0,0.20177,0,195.26,playing,3
29.3803,33.6397,0,0.18761,0,192.78,playing,3
29.3962,33.6397,0,0.18761,0,190.47,playing,3
29.4129,33.6397,0,0.24152,1,188.58,playing,3
29.4298,32.523,0,0.24152,0,186.89,playing,3
29.4464,32.523,0,0.20019,0,185.51,playing,3
29.4625,32.523,0,0.20019,0,184.5,playing,3
29.4784,21.2014,0,0.28564,0,183.77,playing,3
29.4953,21.2014,0,0.28564,0,183.32,playing,3
29.5117,15.2424,0,0.28564,0,183.16,playing,3
29.5274,15.2424,0,0.28486,0,183.29,playing,3
29.5435,15.2424,0,0.28486,0,183.7,playing,3
29.5594,15.2424,0,0.30216,0,184.4,playing,3
29.5758,15.2424,0,0.30216,0,185.37,playing,3
29.593,15.2424,0,0.27738,0,186.73,playing,3
29.61,5.8879,0,0.27738,0,188.4,playing,3
29.6269,5.8879,0,0.28438,0,190.39,playing,3
29.6441,5.8879,0,0.28438,0,192.7,playing,3
29.661,-1.851,0,0.29125,0,195.32,playing,3
29.6777,-1.851,0,0.29125,0,198.27,playing,3
29.6935,-1.851,0,0.30614,0,201.32,playing,3
29.7093,-1.851,0,0.30614,0,204.66,playing,3
29.7255,-1.851,0,0.29053,0,208.27,playing,3
29.7415,-4.5588,0,0.29053,0,212.17,playing,3
29.7576,-4.5588,0,0.29053,0,216.35,playing,3
29.7733,-4.5588,0,0.29053,0,220.81,playing,3
29.7893,-9.7819,0,0.29889,0,225.55,playing,3
29.8052,-9.7819,0,0.29889,0,230.58,playing,3
29.8215,-9.7819,0,0.2825,0,235.88,playing,3
29.8372,-9.9781,0,0.2825,0,241.47,playing,3
29.8533,-9.9781,0,0.2825,0,247.34,playing,4
29.87,-7.114,0,0.30272,0,253.49,playing,4
29.8866,-22.3638,1,0.30272,0,260.34,playing,4
29.9026,-22.3638,0,0.31729,0,254.38,playing,4
29.9188,-34.9906,0,0.31729,0,248.71,playing,4
29.9358,-34.9906,0,0.2789,0,242.99,playing,4
29.9537,-34.9906,0,0.2789,0,237.6,playing,4
29.97,-32.7317,0,0.23157,0,232.24,playing,4
29.9873,-32.7317,0,0.21907,0,227.76,playing,4
30.0037,-32.7317,0,0.21907,0,223.32,playing,4
30.0208,-6.1438,0,0.23584,1,219.19,playing,4
30.0363,-6.1438,0,0.23584,0,215.59,playing,4
30.0527,8.7081,0,0.25645,0,212.28,playing,4
30.0688,8.7081,0,0.25645,0,209.24,playing,4
30.0844,8.7081,0,0.22659,0,206.48,playing,4
30.1006,27.2934,0,0.22659,0,204.01,playing,4
30.1166,27.2934,0,0.21968,0,201.82,playing,4
30.1327,27.2934,0,0.21968,0,199.91,playing,4
30.1487,27.1603,0,0.21968,0,198.28,playing,4
30.1646,27.1603,0,0.21968,0,196.93,playing,4
30.1811,27.1603,0,0.21968,0,195.87,playing,4
30.1971,22.9881,0,0.25423,0,195.05,playing,4
30.2131,22.9881,0,0.25423,0,194.57,playing,4
30.2303,17.8443,0,0.25423,0,194.36,playing,4
30.247,12.9677,0,0.25423,0,194.47,playing,4
30.2642,12.9677,0,0.2812,0,194.89,playing,4
30.2807,8.4431,0,0.2812,0,195.62,playing,4
30.2967,8.4431,0,0.2812,0,196.6,playing,4
30.3128,8.4431,0,0.32127,0,197.86,playing,4
30.3294,1.0076,0,0.32127,0,199.51,playing,4
30.346,1.0076,0,0.29714,0,201.35,playing,4
30.3623,1.0076,0,0.29714,0,203.62,playing,4
30.3792,-1.2796,0,0.29022,0,206.04,playing,4
30.3956,-1.2796,0,0.29022,0,208.93,playing,4
30.4113,-3.0163,0,0.29022,0,211.93,playing,4
30.4281,-3.0163,0,0.32456,0,215.21,playing,4
30.4453,-3.0163,0,0.32456,0,219.01,playing,4
30.4614,-3.0163,0,0.2828,0,223.14,playing,4
30.4776,-3.0163,0,0.2828,0,227.3,playing,4
30.4933,-3.0163,0,0.30496,0,231.74,playing,4
30.5094,-3.0163,0,0.30496,0,236.47,playing,4
30.5251,-3.0163,0,0.30496,0,241.47,playing,4
30.5417,-3.0163,0,0.27576,0,246.76,playing,4
30.5577,-6.0208,0,0.27576,0,252.33,playing,4
30.5737,-6.0208,0,0.32925,0,258.18,playing,4
30.5896,-6.0208,0,0.32925,0,264.31,playing,4
30.6059,-13.5704,0,0.29037,0,270.73,playing,4
30.6226,-13.5704,0,0.29037,0,277.86,playing,4
30.6386,-30.4628,1,0.29037,0,284.86,playing,4
30.6542,-30.4628,0,0.30489,0,278.9,playing,4
30.6706,-30.4628,0,0.30489,0,273.22,playing,4
30.6863,-32.9019,0,0.27699,0,267.83,playing,4
30.7025,-32.9019,0,0.27699,0,262.71,playing,4
30.7192,-32.9019,0,0.27699,0,257.88,playing,4
30.7357,-22.4997,0,0.29721,0,253.06,playing,4
30.7515,-22.4997,0,0.29721,0,248.81,playing,4
30.768,-22.4997,0,0.24366,0,244.84,playing,4
30.785,14.1778,0,0.24366,0,240.94,playing,4
30.8019,14.1778,0,0.2076,0,237.36,playing,4
30.8192,33.0085,0,0.2076,0,234.1,playing,4
30.836,33.0085,0,0.1856,0,231.15,playing,4
30.8531,33.0085,0,0.1856,0,228.52,playing,4
30.8698,33.0085,0,0.1856,0,226.21,playing,4
30.8869,33.0085,0,0.18562,0,224.22,playing,4
30.9036,33.0085,0,0.18562,0,222.55,playing,4
30.9197,33.0085,0,0.23095,1,221.25,playing,4
30.936,33.0085,0,0.23095,0,220.24,playing,4
30.9523,35.836,0,0.21209,0,219.48,playing,4
30.9691,31.9848,0,0.21209,0,219.05,playing,4
30.9853,31.9848,0,0.26556,0,218.91,playing,4
31.0015,31.9848,0,0.26556,0,219.06,playing,4
31.0177,13.7517,0,0.26556,0,219.49,playing,4
31.0338,13.7517,0,0.26541,0,220.2,playing,4
31.0504,8.7407,0,0.26541,0,221.27,playing,4
31.0672,8.7407,0,0.26541,0,222.57,playing,4
31.084,8.7407,0,0.29059,0,224.26,playing,4
31.1002,-0.9649,0,0.29059,0,226.27,playing,4
31.1169,-0.9649,0,0.29059,0,228.44,playing,4
31.1333,-3.0283,0,0.29274,0,231.07,playing,4
31.1494,-3.0283,0,0.29274,0,233.82,playing,4
31.1657,-3.0283,0,0.29274,0,236.86,playing,4
31.1814,-3.0283,0,0.26925,0,240.17,playing,4
31.1976,-3.0283,0,0.26925,0,243.77,playing,4
31.2138,-3.0283,0,0.32682,0,247.65,playing,4
31.2313,-5.698,0,0.32682,0,252.09,playing,4
31.2475,-5.698,0,0.32682,0,256.85,playing,4
31.2637,-5.698,0,0.29093,0,261.61,playing,4
31.2796,-5.698,0,0.29093,0,266.65,playing,4
31.2959,-5.698,0,0.2755,0,271.97,playing,4
31.3125,-33.9045,1,0.2755,0,277.95,playing,4
31.3288,-33.9045,0,0.27236,0,271.99,playing,4
31.3445,-33.9045,0,0.27236,0,266.31,playing,4
31.361,-41.9921,0,0.27236,0,260.92,playing,4
31.3781,-41.9921,0,0.28419,0,255.5,playing,4
31.3949,-41.9921,0,0.28419,0,250.41,playing,4
31.4122,-32.2789,0,0.19001,0,245.63,dead,4
31.4287,-32.2789,0,0.19001,0,241.17,dead,4
31.445,-19.2408,0,0.20064,0,237.25,dead,4
31.4623,-19.2408,0,0.20064,0,233.41,dead,4
31.4784,-19.2408,0,0.22677,1,229.88,dead,4
31.4942,-7.7807,0,0.22677,0,226.84,dead,4
31.5109,-7.7807,0,0.22677,0,224.09,dead,4
31.5278,-7.7807,0,0.21587,0,221.48,dead,4
31.5448,24.7483,0,0.21587,0,219.19,dead,4
31.5606,24.7483,0,0.21177,0,217.31,dead,4
31.5766,24.7483,0,0.21177,0,215.72,dead,4
31.5934,32.161,0,0.21177,0,214.41,dead,4
31.6107,32.161,0,0.22677,0,213.29,dead,4
31.6262,27.1419,0,0.22677,0,212.57,dead,4
31.6424,27.1419,0,0.22432,0,212.14,dead,4
31.6589,27.1419,0,0.22432,0,211.99,dead,4
31.6755,20.6307,0,0.23928,0,212.15,dead,4
31.6913,20.6307,0,0.23928,0,212.58,dead,4
31.7078,20.6307,0,0.25821,0,213.29,dead,4
31.7247,9.6946,0,0.25821,0,214.37,dead,4
31.7401,9.6946,0,0.25821,0,215.66,dead,4
31.7563,9.6946,0,0.25729,0,217.23,dead,4
31.7731,1.2391,0,0.25729,0,219.09,dead,4
31.7895,1.2391,0,0.27275,0,221.38,dead,4
31.8052,1.2391,0,0.27275,0,223.82,dead,4
31.8212,-1.051,0,0.30195,0,226.53,dead,4
31.8383,-1.051,0,0.30195,0,229.53,dead,4
31.8548,-2.9981,0,0.30195,0,233.04,dead,4
31.8707,-2.9981,0,0.26907,0,236.62,dead,4
31.8875,-2.9981,0,0.26907,0,240.74,dead,4
31.9037,-5.4576,0,0.28353,0,244.9,dead,4
31.9196,-5.4576,0,0.28353,0,249.35,dead,4
31.9359,-5.4576,0,0.27246,0,254.07,dead,4
31.9533,-5.9693,0,0.27246,0,259.41,dead,4
31.97,-5.9693,0,0.27246,0,265.07,dead,4
31.9869,-22.6338,1,0.28506,0,271.04,dead,4
32.0039,-22.6338,0,0.28506,0,285.0,playing,0
32.021,-22.6338,0,0.27953,0,278.69,playing,0
32.0379,-39.2104,0,0.27953,0,272.69,playing,0
32.0549,-39.2104,0,0.29124,0,267.02,playing,0
32.0719,-39.2104,0,0.29124,0,261.66,playing,0
32.0885,-39.2104,0,0.29124,0,256.62,playing,0
32.1052,-39.2104,0,0.29784,0,252.16,playing,0
32.122,-39.2104,0,0.29784,0,247.73,playing,0
32.1386,-39.2104,0,0.25822,0,243.63,playing,0
32.1548,-39.2104,0,0.25822,0,240.04,playing,0
32.1718,-39.2104,0,0.2479,0,236.56,playing,0
32.1884,-39.2104,0,0.2479,0,233.39,playing,0
32.2043,-39.2104,0,0.21871,0,230.68,playing,0
32.2207,27.7801,0,0.21871,0,228.26,playing,0
32.2382,27.7801,0,0.20872,0,226.01,playing,0
32.2551,30.7798,0,0.17869,0,224.07,playing,0
32.2718,27.2567,0,0.17869,0,222.45,playing,0
32.2889,27.2567,0,0.22576,1,221.15,playing,0
32.306,22.0998,0,0.20837,0,220.17,playing,0
32.3229,22.0998,0,0.20837,0,219.51,playing,0
32.3401,22.0998,0,0.23083,0,219.16,playing,0
32.3572,16.6625,0,0.23149,0,219.13,playing,0
32.3738,16.6625,0,0.23149,0,219.42,playing,0
32.3904,11.5406,0,0.23144,0,220.03,playing,0
32.4066,6.7941,0,0.27692,0,220.88,playing,0
32.4229,6.7941,0,0.27692,0,222.01,playing,0
32.44,3.5222,0,0.25752,0,223.54,playing,0
32.4571,3.5222,0,0.27292,0,225.38,playing,0
32.474,3.5222,0,0.27292,0,227.54,playing,0
32.4908,-1.252,0,0.26459,0,230.01,playing,0
32.5088,-1.252,0,0.26459,0,232.81,playing,0
32.5257,-1.252,0,0.29301,0,236.12,playing,0
32.5415,-1.252,0,0.27682,0,239.35,playing,0
32.5576,-1.252,0,0.27682,0,242.86,playing,0
32.5735,-2.9646,0,0.28265,0,246.66,playing,0
32.5897,-2.9646,0,0.28265,0,250.73,playing,0
32.6059,-2.9646,0,0.28461,0,255.08,playing,0
32.6226,-4.6997,0,0.28461,0,260.03,playing,0
32.6387,-4.6997,0,0.28341,0,264.97,playing,0
32.6549,-4.6997,0,0.28341,0,270.18,playing,0
32.6715,-5.0129,0,0.28341,0,276.04,playing,0
32.688,-5.0129,0,0.26408,0,281.84,playing,0
32.7053,-5.0129,0,0.27315,0,288.32,playing,0
32.7224,-5.0794,0,0.27315,0,295.54,playing,0
32.7387,-5.0794,0,0.27315,0,302.23,playing,0
32.7544,-13.821,0,0.28203,0,309.21,playing,0
32.7705,-13.821,0,0.26463,0,316.47,playing,0
32.7862,-13.821,0,0.26463,0,324.01,playing,0
32.8031,-41.3682,1,0.23518,0,331.83,playing,0
32.8201,-41.3682,0,0.23518,0,325.52,playing,0
32.8369,-41.3682,0,0.22534,0,319.53,playing,0
32.8538,-28.7622,0,0.22534,0,313.85,playing,0
32.8696,-28.7622,0,0.23823,0,308.79,playing,0
32.8861,-3.2259,0,0.23823,0,304.01,playing,0
32.9022,-3.2259,0,0.19223,0,299.25,playing,0
32.9188,-3.2259,0,0.19223,0,295.05,playing,0
32.9361,9.1151,0,0.18744,0,290.91,playing,0
32.9526,9.1151,0,0.18744,0,287.08,playing,0
32.9681,9.1151,0,0.19445,0,283.77,playing,0
32.9848,9.1151,0,0.19445,0,280.73,playing,0
33.0018,9.1151,0,0.20829,0,277.82,playing,0
33.0176,9.1151,0,0.20829,0,275.36,playing,0
33.0337,9.1151,0,0.20829,0,273.19,playing,0
33.0494,9.1151,0,0.20763,0,271.3,playing,0
33.0653,16.7871,0,0.20763,0,269.69,playing,0
33.0819,30.6596,0,0.20777,0,268.36,playing,0
33.099,30.6596,0,0.20777,0,267.26,playing,0
33.1156,28.9708,0,0.21853,0,266.49,playing,0
33.1315,28.9708,0,0.21853,0,266.04,playing,0
33.1481,28.9708,0,0.25083,1,265.87,playing,0
33.1645,28.9708,0,0.25083,0,266.01,playing,0
33.1808,28.9708,0,0.2775,0,266.42,playing,0
33.1979,28.9708,0,0.2775,0,267.18,playing,0
33.215,23.5682,0,0.28358,0,268.25,playing,0
33.2327,23.5682,0,0.28701,0,269.64,playing,0
33.25,23.5682,0,0.28701,0,271.47,playing,0
33.2671,23.5682,0,0.29405,0,273.52,playing,0
33.2838,23.5682,0,0.29405,0,275.89,playing,0
33.2993,-5.9227,0,0.28824,0,278.39,playing,0
33.3162,-5.9227,0,0.28824,0,281.18,playing,0
33.3324,-5.9227,0,0.28112,0,284.46,playing,0
33.3493,-25.4316,1,0.28112,0,287.83,playing,0
33.3654,-25.4316,0,0.28112,0,281.52,playing,0
33.3816,-40.4279,0,0.32331,0,275.86,playing,0
33.3981,-40.4279,0,0.32331,0,270.48,playing,0
33.4141,-40.4279,0,0.23613,0,265.09,playing,0
33.431,-27.4667,0,0.23613,0,260.29,playing,0
33.4475,-27.4667,0,0.21039,0,255.51,playing,0
33.4634,-27.4667,0,0.21039,0,251.3,playing,0
33.4792,-27.4667,0,0.19943,0,247.36,playing,0
33.4959,-27.4667,0,0.19943,0,243.71,playing,0
33.5128,-27.4667,0,0.19677,0,240.15,playing,0
33.5282,-16.9237,0,0.19677,0,237.07,playing,0
33.5447,-16.9237,0,0.1953,0,234.28,playing,0
33.5605,-16.9237,0,0.1953,0,231.77,playing,0
33.5764,-16.9237,0,0.19532,0,229.55,playing,0
33.5923,-16.9237,0,0.19532,0,227.6,playing,0
33.6081,-16.9237,0,0.17598,0,225.94,playing,0
33.6252,-16.9237,0,0.17598,0,224.55,playing,0
33.642,-16.9237,0,0.25434,1,223.4,playing,0
33.6591,19.9814,0,0.25434,0,222.57,playing,0
33.676,19.9814,0,0.22314,0,222.06,playing,0
33.6929,19.9814,0,0.22314,0,221.86,playing,0
33.7102,28.9684,0,0.24678,0,221.98,playing,0
33.7263,28.9684,0,0.24678,0,222.42,playing,0
33.7432,18.0057,0,0.24678,0,223.11,playing,0
33.7598,3.6098,0,0.24678,0,224.17,playing,0
33.7767,3.6098,0,0.24678,0,225.54,playing,0
33.7939,0.7061,0,0.30177,0,227.23,playing,0
33.8107,0.7061,0,0.28717,0,229.24,playing,0
33.8279,0.7061,0,0.28717,0,231.57,playing,0
33.8445,-1.4099,0,0.29109,0,234.21,playing,0
33.86,-1.4099,0,0.29109,0,236.99,playing,0
33.8772,-5.918,0,0.29022,0,240.04,playing,0
33.8935,-5.918,0,0.29022,0,243.6,playing,0
33.9098,-5.918,0,0.29157,0,247.23,playing,0
33.9258,-39.0155,1,0.29157,0,251.15,playing,0
33.9418,-39.0155,0,0.22297,0,245.19,playing,0
33.9578,-39.0155,0,0.22297,0,239.51,playing,0
33.9737,-31.0936,0,0.21933,0,234.12,playing,0
33.9897,-31.0936,0,0.21933,0,229.01,playing,0
34.0058,-31.0936,0,0.18568,0,224.17,playing,0
34.0232,-31.0936,0,0.18568,0,219.36,playing,0
34.0394,-31.0936,0,0.18737,0,214.86,playing,0
34.0552,-31.0936,0,0.18737,0,210.91,playing,0
34.0715,-31.0936,0,0.18737,0,207.24,playing,0
34.0876,-31.0936,0,0.2258,1,203.85,playing,0
34.1041,-18.6447,0,0.2258,0,200.74,playing,0
34.121,-18.6447,0,0.20787,0,197.76,playing,0
34.138,-18.6447,0,0.20787,0,195.09,playing,0
34.1545,-18.6447,0,0.20787,0,192.74,playing,0
34.1705,-18.6447,0,0.20787,0,190.82,playing,0
34.1861,-18.6447,0,0.20787,0,189.17,playing,0
34.2024,29.969,0,0.19597,0,187.8,playing,0
34.2182,29.969,0,0.19597,0,186.72,playing,0
34.2344,29.969,0,0.16915,0,185.92,playing,0
34.2511,24.4569,0,0.16915,0,185.4,playing,0
34.268,24.4569,0,0.23651,0,185.17,playing,0
34.2852,24.4569,0,0.23651,0,185.25,playing,0
34.3015,24.4569,0,0.23651,0,185.65,playing,0
34.3181,24.4569,0,0.26577,0,186.31,playing,0
34.3351,24.4569,0,0.26577,0,187.33,playing,0
34.3522,24.4569,0,0.2733,0,188.66,playing,0
34.3682,24.4569,0,0.2733,0,190.32,playing,0
34.3847,2.9436,0,0.29436,0,192.16,playing,0
34.4008,2.9436,0,0.29436,0,194.28,playing,0
34.4179,-0.0779,0,0.30947,0,196.85,playing,0
34.4335,-0.0779,0,0.30947,0,199.55,playing,0
34.45,-0.0779,0,0.30947,0,202.53,playing,1
34.4665,-2.4855,0,0.31308,0,206.02,playing,1
34.4826,-2.4855,0,0.31308,0,209.58,playing,1
34.4986,-2.4855,0,0.31308,0,213.42,playing,1
34.5148,-4.5217,0,0.31308,0,217.55,playing,1
34.5319,-4.5217,0,0.31308,0,222.25,playing,1
34.5489,-4.5217,0,0.29506,0,227.27,playing,1
34.5656,-4.5217,0,0.29506,0,232.61,playing,1
34.5817,-4.5217,0,0.26819,0,237.92,playing,1
34.5978,-5.9291,0,0.26819,0,243.5,playing,1
34.6139,-5.9291,0,0.27918,0,249.37,playing,1
34.6305,-5.9291,0,0.27918,0,255.93,playing,1
34.647,-5.9291,0,0.27918,0,262.38,playing,1
34.6636,-5.9291,0,0.29016,0,269.55,playing,1
34.6796,-5.9291,0,0.29016,0,276.58,playing,1
34.6957,-5.9291,0,0.30141,0,283.89,playing,1
34.7118,-5.9291,0,0.30141,0,291.48,playing,1
34.7278,-5.9291,0,0.30141,0,299.36,playing,1
34.7448,-17.4328,1,0.31032,0,308.04,playing,1
34.7619,-17.4328,0,0.31032,0,301.73,playing,1
34.779,-6.1275,0,0.21017,0,295.74,playing,1
34.7956,-6.1275,0,0.21017,0,290.06,playing,1
34.8112,-6.1275,0,0.1884,0,285.0,playing,1
34.8273,-6.1275,0,0.1884,0,280.22,playing,1
34.8438,-6.1275,0,0.17851,0,275.72,playing,1
34.8594,-6.1275,0,0.17851,0,271.51,playing,1
34.8754,32.1318,0,0.17851,0,267.57,playing,1
34.8915,32.1318,0,0.22121,1,263.92,playing,1
34.9076,32.1318,0,0.22121,0,260.55,playing,1
34.9247,32.1318,0,0.18537,0,257.28,playing,1
34.9408,32.1318,0,0.18537,0,254.49,playing,1
34.9563,30.0981,0,0.18165,0,251.98,playing,1
34.973,24.6007,0,0.18165,0,249.76,playing,1
34.9895,24.6007,0,0.18165,0,247.71,playing,1
35.0056,24.6007,0,0.23187,0,246.06,playing,1
35.0217,24.6007,0,0.23187,0,244.7,playing,1
35.0378,24.6007,0,0.2834,0,243.61,playing,1
35.0539,8.5342,0,0.2834,0,242.81,playing,1
35.0709,8.5342,0,0.2834,0,242.28,playing,1
35.0875,8.5342,0,0.27693,0,242.06,playing,1
35.1035,1.6768,0,0.27693,0,242.14,playing,1
35.1201,1.6768,0,0.26903,0,242.5,playing,1
35.1361,1.6768,0,0.26903,0,243.2,playing,1
35.1524,1.6768,0,0.26488,0,244.14,playing,1
35.1691,1.6768,0,0.26488,0,245.37,playing,1
35.1852,-3.0148,0,0.26488,0,246.98,playing,1
35.2012,-3.0148,0,0.26488,0,248.79,playing,1
35.2183,-3.0148,0,0.26488,0,250.87,playing,1
35.2348,-4.4252,0,0.26761,0,253.4,playing,1
35.2519,-4.4252,0,0.26761,0,256.25,playing,1
35.2675,-4.4252,0,0.29424,0,259.22,playing,1
35.2836,-6.1231,0,0.27647,0,262.47,playing,1
35.2997,-6.1231,0,0.27647,0,265.99,playing,1
35.3156,-6.2161,0,0.31715,0,269.8,playing,1
35.3316,-5.9137,0,0.31715,0,273.89,playing,1
35.3474,-5.9137,0,0.29467,0,278.27,playing,1
35.3643,-5.9137,0,0.27264,0,282.92,playing,1
35.3806,-5.9137,0,0.27264,0,288.18,playing,1
35.3964,-5.9137,0,0.27171,0,293.42,playing,1
35.4122,-14.2596,0,0.27171,0,298.94,playing,1
35.4287,-14.2596,0,0.27631,0,304.73,playing,1
35.4445,-14.2596,0,0.19353,0,310.81,playing,1
35.4606,-32.3541,1,0.19353,0,317.18,playing,1
35.4767,-32.3541,0,0.19353,0,311.22,playing,1
35.4929,-32.3541,0,0.19353,0,305.54,playing,1
35.5099,-20.4043,0,0.20277,0,299.83,playing,1
35.5269,-20.4043,0,0.21714,0,294.43,playing,1
35.544,19.1031,0,0.21714,0,289.35,playing,1
35.561,19.1031,0,0.1884,0,284.59,playing,1
35.5776,19.1031,0,0.1884,0,280.15,playing,1
35.5937,32.0353,0,0.20818,0,276.25,playing,1
35.6109,32.0353,0,0.20818,0,272.43,playing,1
35.6281,32.0353,0,0.21357,0,268.92,playing,1
35.6447,32.8393,0,0.21357,0,265.73,playing,1
35.6609,32.8393,0,0.20966,0,263.01,playing,1
35.6777,32.8393,0,0.20966,0,260.44,playing,1
35.6938,32.8393,0,0.2277,1,258.3,playing,1
35.7105,32.8393,0,0.223,0,256.35,playing,1
35.728,23.772,0,0.223,0,254.71,playing,1
35.7444,23.772,0,0.223,0,253.39,playing,1
35.7605,23.772,0,0.223,0,252.43,playing,1
35.776,7.7788,0,0.223,0,251.75,playing,1
35.7932,7.7788,0,0.27601,0,251.35,playing,1
35.8101,4.0065,0,0.25708,0,251.25,playing,1
35.8271,4.0065,0,0.25708,0,251.46,playing,1
35.8437,4.0065,0,0.25708,0,252.0,playing,1
35.8596,0.7339,0,0.27358,0,252.78,playing,1
35.8756,0.7339,0,0.27358,0,253.84,playing,1
35.8918,0.7339,0,0.2862,0,255.19,playing,1
35.9076,-3.4779,0,0.2862,0,256.82,playing,1
35.9237,-3.4779,0,0.29022,0,258.72,playing,1
35.9406,-3.4779,0,0.29022,0,261.07,playing,1
35.9564,-3.4779,0,0.272,0,263.56,playing,1
35.9734,-3.4779,0,0.272,0,266.33,playing,1
35.99,-3.4779,0,0.27941,0,269.59,playing,1
36.0068,-5.4844,0,0.27941,0,273.17,playing,1
36.0228,-5.4844,0,0.29351,0,276.82,playing,1
36.0401,-7.4573,0,0.29351,0,281.02,playing,1
36.0567,-7.4573,0,0.28671,0,285.54,playing,1
36.0726,-7.4573,0,0.28671,0,290.07,playing,1
36.0883,-23.8775,1,0.30296,0,294.88,playing,1
36.1041,-23.8775,0,0.30296,0,288.92,playing,1
36.121,-23.8775,0,0.22692,0,283.25,playing,1
36.1373,-36.7928,0,0.22692,0,277.53,playing,1
36.1532,-36.7928,0,0.19014,0,272.44,playing,1
36.1702,-36.7928,0,0.19014,0,267.62,playing,1
36.187,-22.3986,0,0.19014,0,262.82,playing,1
36.2036,-22.3986,0,0.19317,0,258.34,playing,1
36.2196,-2.3184,0,0.19317,0,254.41,playing,1
36.2352,-2.3184,0,0.1912,0,250.76,playing,1
36.2512,-2.3184,0,0.1912,0,247.39,playing,1
36.267,-2.3184,0,0.18043,0,244.3,playing,1
36.2834,-2.3184,0,0.18043,0,241.49,dead,1
36.2995,-2.3184,0,0.18295,0,238.96,dead,1
36.3156,-2.3184,0,0.18295,0,236.72,dead,1
36.3316,-2.3184,0,0.17977,0,234.75,dead,1
36.348,-2.3184,0,0.17977,0,233.07,dead,1
36.3646,28.328,0,0.17705,0,231.6,dead,1
36.381,28.328,0,0.17705,0,230.5,dead,1
36.3977,23.1484,0,0.1856,0,229.65,dead,1
36.4143,23.1484,0,0.1856,0,229.13,dead,1
36.4306,23.1484,0,0.20263,0,228.9,dead,1
36.4464,23.1484,0,0.20263,0,228.96,dead,1
36.4621,23.1484,0,0.25034,1,229.3,dead,1
36.479,23.1484,0,0.27244,0,229.92,dead,1
36.4957,23.1484,0,0.27244,0,230.91,dead,1
36.5115,23.1484,0,0.27244,0,232.11,dead,1
36.5275,23.1484,0,0.23464,0,233.6,dead,1
36.5441,16.9198,0,0.23464,0,235.36,dead,1
36.5602,16.9198,0,0.23464,0,237.56,dead,1
36.5765,11.7808,0,0.2426,0,239.91,dead,1
36.594,11.7808,0,0.2426,0,242.54,dead,1
36.6108,11.7808,0,0.26233,0,245.86,dead,1
36.627,-2.7183,0,0.25848,0,249.08,dead,1
36.6431,-2.7183,0,0.25848,0,252.83,dead,1
36.6601,-2.7183,0,0.27935,0,256.64,dead,1
36.6766,-5.6664,0,0.27935,0,261.01,dead,1
36.6929,-5.6664,0,0.27177,0,265.4,dead,1
36.7094,-5.6664,0,0.27177,0,270.38,dead,1
36.7257,-5.3813,0,0.26167,0,275.35,dead,1
36.7413,-5.3813,0,0.26167,0,280.61,dead,1
36.758,-24.4514,1,0.27949,0,286.14,dead,1
36.7747,-24.4514,0,0.27949,0,285.0,playing,0
36.7904,-24.4514,0,0.27851,0,279.04,playing,0
36.8061,-24.4514,0,0.27851,0,273.36,playing,0
36.8229,-24.4514,0,0.21242,0,267.97,playing,0
36.8399,-24.4514,0,0.21242,0,262.56,playing,0
36.8566,-24.4514,0,0.18229,0,257.46,playing,0
36.8726,-24.4514,0,0.18229,0,252.94,playing,0
36.8887,-24.4514,0,0.18229,0,248.71,playing,0
36.905,-13.383,0,0.18229,0,244.76,playing,0
36.9215,-13.383,0,0.17656,0,240.88,playing,0
36.9377,-13.383,0,0.19145,0,237.51,playing,0
36.9531,-13.383,0,0.19145,0,234.42,playing,0
36.9698,-13.383,0,0.18653,0,231.61,playing,0
36.9865,30.3323,0,0.18653,0,228.94,playing,0
37.0033,30.3323,0,0.17234,0,226.72,playing,0
37.0197,30.3323,0,0.17234,0,224.67,playing,0
37.0357,29.7871,0,0.20787,0,223.02,playing,0
37.0516,29.7871,0,0.20787,0,221.66,playing,0
37.0676,29.7871,0,0.19238,0,220.57,playing,0
37.0835,24.7856,0,0.19238,0,219.77,playing,0
37.0994,24.7856,0,0.19849,0,219.25,playing,0
37.1152,19.2632,0,0.19849,0,219.01,playing,0
37.1316,14.1407,0,0.23553,1,219.06,playing,0
37.1473,14.1407,0,0.23553,0,219.38,playing,0
37.1633,9.2623,0,0.26143,0,219.99,playing,0
37.1794,9.2623,0,0.26143,0,220.87,playing,0
37.1959,9.2623,0,0.23617,0,222.04,playing,0
37.2128,2.6325,0,0.23617,0,223.6,playing,0
37.23,2.6325,0,0.29115,0,225.48,playing,0
37.2466,2.6325,0,0.29115,0,227.68,playing,0
37.2632,-0.6496,0,0.29115,0,230.03,playing,0
37.2802,-0.6496,0,0.24215,0,232.84,playing,0
37.2974,-2.3765,0,0.24215,0,235.97,playing,0
37.3137,-2.3765,0,0.24215,0,239.42,playing,0
37.3295,-2.3765,0,0.24672,0,242.95,playing,0
37.3457,-4.448,0,0.24672,0,246.76,playing,0
37.3623,-4.448,0,0.29888,0,250.85,playing,0
37.3792,-4.448,0,0.29888,0,255.52,playing,0
37.3958,-5.2136,0,0.29888,0,260.5,playing,0
37.4128,-5.2136,0,0.27917,0,265.8,playing,0
37.43,-5.2719,0,0.27917,0,271.42,playing,0
37.4468,-5.7689,0,0.27931,0,277.35,playing,0
37.4625,-5.7689,0,0.27931,0,283.22,playing,0
37.4786,-5.4488,0,0.27931,0,289.37,playing,0
37.4969,-5.4488,0,0.2539,0,296.65,playing,0
37.5133,-5.4488,0,0.2539,0,303.84,playing,0
37.5298,-4.9586,0,0.2759,0,310.89,playing,0
37.5467,-4.9586,0,0.2759,0,318.69,playing,0
37.5626,-4.9586,0,0.27686,0,326.32,playing,0
37.5786,-4.9586,0,0.27686,0,334.23,playing,0
37.5945,-4.9586,0,0.27686,0,342.42,playing,0
37.6115,-4.3798,0,0.26805,0,350.9,playing,0
37.6272,-36.3193,1,0.26805,0,360.22,playing,0
37.6441,-36.3193,0,0.26805,0,354.26,playing,0
37.6606,-27.7779,0,0.27246,0,348.25,playing,0
37.6767,-27.7779,0,0.27246,0,342.87,playing,0
37.6931,-27.7779,0,0.23954,0,337.77,playing,0
37.7095,-10.097,0,0.23954,0,332.68,playing,0
37.7261,-10.097,0,0.2539,0,328.16,playing,0
37.7428,-10.097,0,0.2539,0,323.68,playing,0
37.7585,19.8318,0,0.2539,0,319.75,playing,0
37.7741,19.8318,0,0.19099,0,316.1,playing,0
37.7909,29.0841,0,0.19099,0,312.72,playing,0
37.8078,29.0841,0,0.20592,0,309.46,playing,0
37.824,29.0841,0,0.20592,0,306.67,playing,0
37.8405,25.0467,0,0.18161,0,304.02,playing,0
37.8569,25.0467,0,0.18161,0,301.81,playing,0
37.8733,25.0467,0,0.18161,0,299.78,playing,0
37.8893,14.7045,0,0.21517,0,298.15,playing,0
37.9058,14.7045,0,0.21517,0,296.81,playing,0
37.9215,14.7045,0,0.23571,1,295.74,playing,0
37.9376,9.7619,0,0.23571,0,294.96,playing,0
37.9538,9.7619,0,0.23571,0,294.46,playing,0
37.9706,6.138,0,0.27372,0,294.24,playing,0
37.9871,6.138,0,0.27372,0,294.32,playing,0
38.0042,6.138,0,0.28387,0,294.72,playing,0
38.0207,0.6188,0,0.28387,0,295.44,playing,0
38.0368,0.6188,0,0.23465,0,296.4,playing,0
38.0536,0.6188,0,0.23465,0,297.73,playing,0
38.0701,-1.0999,0,0.26154,0,299.27,playing,0
38.0867,-1.0999,0,0.26154,0,301.23,playing,0
38.1027,-1.0999,0,0.26154,0,303.35,playing,0
38.119,-4.2013,0,0.28422,0,305.75,playing,0
38.136,-4.2013,0,0.28422,0,308.62,playing,0
38.1523,-4.2013,0,0.25788,0,311.8,playing,0
38.169,-4.2013,0,0.25788,0,315.09,playing,0
38.1862,-4.2013,0,0.25788,0,318.89,playing,0
38.2024,-4.2013,0,0.28307,0,323.01,playing,0
38.2185,-4.2013,0,0.28307,0,327.17,playing,0
38.2346,-4.2013,0,0.26466,0,331.62,playing,0
38.2504,-4.2013,0,0.26466,0,336.34,playing,0
38.2665,-4.2013,0,0.2973,0,341.35,playing,0
38.2829,-4.2013,0,0.2973,0,346.64,playing,0
38.3,-6.673,0,0.31737,0,352.57,playing,0
38.3173,-6.673,0,0.25414,0,358.83,playing,0
38.3332,-33.3443,1,0.25414,0,365.4,playing,0
38.3491,-33.3443,0,0.26128,0,359.44,playing,0
38.3654,-33.3443,0,0.26128,0,353.76,playing,0
38.3819,-42.1696,0,0.27344,0,348.37,playing,0
38.3991,-42.1696,0,0.22651,0,342.95,playing,0
38.415,-42.1696,0,0.22651,0,337.86,playing,0
38.4316,-35.1141,0,0.22636,0,333.34,playing,0
38.4481,-35.1141,0,0.18443,0,329.11,playing,0
38.4642,-35.1141,0,0.18443,0,324.93,playing,0
38.4805,22.6325,0,0.20525,0,321.28,playing,0
38.4962,22.6325,0,0.20525,0,317.91,playing,0
38.5121,33.5177,0,0.18506,0,314.82,playing,0
38.5287,33.5177,0,0.19029,0,312.01,playing,0
38.5444,33.5177,0,0.19029,0,309.48,playing,0
38.5607,26.5051,0,0.1919,0,307.24,playing,0
38.5764,26.5051,0,0.1919,0,305.27,playing,0
38.5928,26.5051,0,0.1919,1,303.59,playing,0
38.61,20.6621,0,0.25034,0,302.12,playing,0
38.6268,20.6621,0,0.21311,0,300.97,playing,0
38.6436,20.6621,0,0.21311,0,300.14,playing,0
38.6598,9.9613,0,0.21311,0,299.64,playing,0
38.6757,9.9613,0,0.2703,0,299.42,playing,0
38.6914,6.058,0,0.2703,0,299.48,playing,0
38.7075,6.058,0,0.24244,0,299.82,playing,0
38.7233,6.058,0,0.24244,0,300.44,playing,0
38.7401,2.4343,0,0.23965,0,301.35,playing,0
38.757,2.4343,0,0.23965,0,302.63,playing,0
38.7742,2.4343,0,0.25712,0,304.23,playing,0
38.7901,-1.9844,0,0.25712,0,306.14,playing,0
38.8073,-1.9844,0,0.27451,0,308.23,playing,0
38.8232,-1.9844,0,0.27451,0,310.76,playing,0
38.8398,-2.6678,0,0.26949,0,313.43,playing,0
38.8566,-2.6678,0,0.26949,0,316.58,playing,0
38.8724,-5.2282,0,0.26423,0,319.82,playing,0
38.8887,-5.2282,0,0.26423,0,323.35,playing,0
38.905,-5.2282,0,0.2768,0,327.16,playing,0
38.9218,-21.6306,1,0.2768,0,331.53,playing,0
38.9381,-21.6306,0,0.28024,0,325.21,playing,0
38.9545,-21.6306,0,0.28024,0,319.55,playing,0
38.9707,-41.307,0,0.21785,0,314.18,playing,0
38.987,-41.307,0,0.21785,0,309.08,playing,0
39.0033,-41.307,0,0.21785,0,303.98,playing,0
39.0194,-41.307,0,0.19097,0,299.47,playing,0
39.0355,-41.307,0,0.19097,0,295.24,playing,0
39.0516,-21.5945,0,0.19719,0,291.28,playing,0
39.0679,-2.0986,0,0.19719,0,287.61,playing,0
39.0851,-2.0986,0,0.20044,0,284.03,playing,0
39.1014,-2.6351,0,0.20044,0,280.77,playing,0
39.1177,-2.6351,0,0.20562,0,277.98,playing,0
39.1339,-2.6351,0,0.20562,0,275.47,playing,0
39.1506,-4.3742,0,0.19704,0,273.12,playing,0
39.1666,-4.3742,0,0.19704,0,271.19,playing,0
39.1824,-4.3742,0,0.205,0,269.55,playing,0
39.1981,8.6268,0,0.205,0,268.18,playing,0
39.2145,8.6268,0,0.17332,0,267.1,playing,0
39.2308,27.6892,0,0.17332,0,266.3,playing,1
39.247,35.0636,0,0.19819,0,265.78,playing,1
39.264,35.0636,0,0.19819,0,265.54,playing,1
39.2806,35.0636,0,0.18945,0,265.62,playing,1
39.2977,35.0636,0,0.18809,0,265.98,playing,1
39.3137,35.0636,0,0.18809,0,266.69,playing,1
39.3298,31.202,0,0.21871,0,267.63,playing,1
39.3466,31.202,0,0.21871,0,268.94,playing,1
39.3628,31.202,0,0.21871,0,270.47,playing,1
39.3788,25.4104,0,0.25367,1,272.27,playing,1
39.3945,25.4104,0,0.25367,0,274.35,playing,1
39.41,25.4104,0,0.28439,0,276.72,playing,1
39.4266,25.4104,0,0.28439,0,279.37,playing,1
39.4427,25.4104,0,0.2503,0,282.3,playing,1
39.4587,2.6509,0,0.2503,0,285.51,playing,1
39.4749,-0.3674,0,0.30439,0,289.0,playing,1
39.492,-0.3674,0,0.30439,0,293.03,playing,1
39.5086,-3.3808,0,0.28595,0,297.38,playing,1
39.5243,-3.3808,0,0.28595,0,301.75,playing,1
39.5411,-3.3808,0,0.27595,0,306.4,playing,1
39.5582,-3.3808,0,0.27595,0,311.67,playing,1
39.5747,-3.3808,0,0.27661,0,317.25,playing,1
39.5905,-6.8516,0,0.27661,0,322.78,playing,1
39.6063,-12.3275,0,0.29173,0,328.6,playing,1
39.6228,-12.3275,0,0.29173,0,334.7,playing,1
39.6399,-12.3275,0,0.27262,0,341.49,playing,1
39.6571,-12.3275,0,0.27262,0,348.61,playing,1
39.6742,-12.3275,0,0.18773,0,356.04,playing,1
39.6909,-33.4861,1,0.18773,0,363.79,playing,1
39.7077,-33.4861,0,0.18773,0,357.48,playing,1
39.7235,-33.4861,0,0.19056,0,351.82,playing,1
39.7399,-19.3184,0,0.19056,0,346.44,playing,1
39.7567,-19.3184,0,0.19056,0,341.05,playing,1
39.7723,-19.3184,0,0.19056,0,336.25,playing,1
39.7885,-19.3184,0,0.21158,0,331.73,playing,1
39.8046,-19.3184,0,0.21158,0,327.5,playing,1
39.8207,23.4672,0,0.18372,0,323.55,playing,1
39.8367,23.4672,0,0.18372,0,319.88,playing,1
39.8529,23.4672,0,0.22418,1,316.49,playing,1
39.8695,22.708,0,0.22418,0,313.21,playing,1
39.885,22.708,0,0.22077,0,310.4,playing,1
39.902,22.708,0,0.22077,0,307.87,playing,1
39.9182,22.708,0,0.22738,0,305.51,playing,1
39.9352,22.708,0,0.22738,0,303.56,playing,1
39.9521,10.4636,0,0.28896,0,301.81,playing,1
39.9683,10.4636,0,0.28896,0,300.38,playing,1
39.9844,10.4636,0,0.27239,0,299.31,playing,1
40.0005,4.2178,0,0.27239,0,298.53,playing,1
40.017,4.2178,0,0.27857,0,298.03,playing,1
40.033,4.2178,0,0.27241,0,297.81,playing,1
40.0499,1.2253,0,0.27241,0,297.89,playing,1
40.0665,1.2253,0,0.27241,0,298.29,playing,1
40.0822,1.2253,0,0.27241,0,298.95,playing,1
40.0982,1.2253,0,0.2834,0,299.89,playing,1
40.1142,1.2253,0,0.26147,0,301.11,playing,1
40.1304,-2.688,0,0.26147,0,302.62,playing,1
40.1465,-3.7758,0,0.26147,0,304.4,playing,1
40.1625,-3.7758,0,0.26147,0,306.47,playing,1
40.1785,-4.1814,0,0.2724,0,308.82,playing,1
40.1941,-4.1814,0,0.2724,0,311.45,playing,1
40.2107,-4.1814,0,0.25018,0,314.36,playing,1
40.2274,-4.352,0,0.25018,0,317.77,playing,1
40.2432,-4.352,0,0.30507,0,321.27,playing,1
40.2593,-4.352,0,0.30507,0,325.04,playing,1
40.2758,-24.7302,1,0.30507,0,329.1,playing,1
40.293,-24.7302,0,0.28744,0,322.78,playing,1
40.3101,-24.7302,0,0.28744,0,316.79,playing,1
40.3271,-24.7302,0,0.2464,0,311.11,playing,1
40.3433,-24.7302,0,0.2464,0,305.76,playing,1
40.3594,-43.9529,0,0.20177,0,300.99,playing,1
40.3755,-43.9529,0,0.20177,0,296.51,playing,1
40.3916,-43.9529,0,0.20177,0,292.32,playing,1
40.4091,-7.0288,0,0.2059,0,288.17,playing,1
40.4262,-7.0288,0,0.2059,0,284.35,playing,1
40.4428,-7.0288,0,0.2059,0,280.84,playing,1
40.4588,14.613,0,0.2059,0,277.82,playing,1
40.4754,14.613,0,0.21848,0,274.93,playing,1
40.4915,14.613,0,0.21848,0,272.49,playing,1
40.5076,14.613,0,0.21848,0,270.34,playing,1
40.5241,14.613,0,0.23444,1,268.46,playing,1
40.5413,14.613,0,0.23444,0,266.79,playing,1
40.5574,14.613,0,0.19081,0,265.43,playing,1
40.5735,14.613,0,0.19081,0,264.43,playing,1
40.5891,25.7021,0,0.21698,0,263.72,playing,1
40.6053,25.7021,0,0.21698,0,263.29,playing,1
40.6219,25.7021,0,0.21698,0,263.14,playing,1
40.639,10.194,0,0.24566,0,263.3,playing,1
40.6561,10.194,0,0.24566,0,263.77,playing,1
40.6732,5.4608,0,0.25439,0,264.57,playing,1
40.6893,5.4608,0,0.25439,0,265.68,playing,1
40.705,5.4608,0,0.2848,0,267.01,playing,1
40.7216,2.0281,0,0.2848,0,268.62,playing,1
40.7375,2.0281,0,0.2848,0,270.51,playing,1
40.7533,2.0281,0,0.31847,0,272.68,playing,1
40.7695,-1.8481,0,0.31847,0,275.13,playing,1
40.7863,-1.8481,0,0.28378,0,277.87,playing,1
40.8028,-1.8481,0,0.28378,0,281.09,playing,1
40.8192,-3.3212,0,0.28894,0,284.41,playing,1
40.8354,-3.3212,0,0.28894,0,288.25,playing,1
40.8516,-4.3903,0,0.28894,0,292.15,playing,1
40.8678,-4.3903,0,0.28894,0,296.33,playing,1
40.8852,-4.3903,0,0.28894,0,301.09,playing,1
40.9014,-11.6163,0,0.34362,0,306.17,playing,1
40.9174,-11.6163,0,0.34362,0,311.22,playing,1
40.9339,-11.6163,0,0.36271,0,316.57,playing,1
40.9506,-25.8672,1,0.36271,0,322.56,playing,1
40.9679,-25.8672,0,0.36271,0,316.25,playing,1
40.9845,-25.8672,0,0.36271,0,310.25,playing,1
41.0005,-25.8672,0,0.22353,0,304.89,playing,1
41.0162,-25.8672,0,0.22353,0,299.81,playing,1
41.0329,-30.4559,0,0.22353,0,295.02,playing,1
41.0499,-17.2536,0,0.21119,0,290.24,playing,1
41.0664,-17.2536,0,0.21119,0,285.78,playing,2
41.0823,-1.256,0,0.22666,1,281.86,playing,2
41.0989,-1.256,0,0.22666,0,278.22,playing,2
41.1161,-1.256,0,0.2497,0,274.68,playing,2
41.1327,25.1758,0,0.2497,0,271.45,playing,2
41.1487,25.1758,0,0.2497,0,268.7,playing,2
41.1648,25.1758,0,0.2497,0,266.22,playing,2
41.1803,25.2686,0,0.2497,0,264.03,playing,2
41.1969,25.2686,0,0.1915,0,262.12,playing,2
41.2139,16.8152,0,0.1915,0,260.41,playing,2
41.231,16.8152,0,0.1915,0,259.02,playing,2
41.2475,16.8152,0,0.19583,0,257.94,playing,2
41.264,12.4991,0,0.19583,0,257.21,playing,2
41.2801,12.4991,0,0.23203,0,256.75,playing,2
41.2966,12.4991,0,0.23203,0,256.6,playing,2
41.3132,8.5232,0,0.2312,0,256.73,playing,2
41.3307,8.5232,0,0.25034,0,257.19,playing,2
41.3477,1.5612,0,0.25034,0,258.03,playing,2
41.3636,1.5612,0,0.27717,0,259.06,playing,2
41.3797,1.5612,0,0.27717,0,260.37,playing,2
41.3952,-1.1279,0,0.30105,0,261.96,playing,2
41.4123,-1.1279,0,0.29927,0,263.83,playing,2
41.4283,-1.1279,0,0.29927,0,266.14,playing,2
41.4447,-3.7423,0,0.30617,0,268.6,playing,2
41.461,-3.7423,0,0.30617,0,271.33,playing,2
41.4775,-3.7423,0,0.29619,0,274.56,playing,2
41.4937,-4.3087,0,0.29619,0,277.87,playing,2
41.5092,-4.3087,0,0.29619,0,281.47,playing,2
41.5259,-4.8879,0,0.29122,0,285.35,playing,2
41.5429,-4.8879,0,0.29122,0,289.79,playing,2
41.5595,-4.8879,0,0.31693,0,294.55,playing,2
41.5755,-32.5856,1,0.29139,0,299.31,playing,2
41.5917,-32.5856,0,0.29139,0,293.35,playing,2
41.6077,-32.5856,0,0.33333,0,287.68,playing,2
41.6238,-35.7927,0,0.33333,0,282.28,playing,2
41.6404,-35.7927,0,0.19883,0,276.87,playing,2
41.6569,-35.7927,0,0.20654,0,272.05,playing,2
41.674,-26.6677,0,0.20654,0,267.25,playing,2
41.6911,-26.6677,0,0.19376,0,262.78,playing,2
41.7073,6.6492,0,0.19376,0,258.61,playing,2
41.7239,6.6492,0,0.19651,0,254.98,playing,2
41.7406,6.6492,0,0.19651,0,251.43,playing,2
41.7568,21.8461,0,0.19651,0,248.38,playing,2
41.7735,21.8461,0,0.19651,0,245.45,playing,2
41.7899,21.8461,0,0.21939,0,242.98,playing,2
41.8066,25.2952,0,0.21939,0,240.67,playing,2
41.823,25.2952,0,0.21939,0,238.78,playing,2
41.8398,25.2952,0,0.28152,1,237.08,playing,2
41.8566,18.282,0,0.28152,0,235.71,playing,2
41.8729,18.282,0,0.25749,0,234.69,playing,2
41.8899,9.9693,0,0.25749,0,233.94,playing,2
41.9059,9.9693,0,0.28817,0,233.5,playing,2
41.9226,9.9693,0,0.29238,0,233.36,playing,2
41.9387,9.9693,0,0.29238,0,233.51,playing,2
41.9548,9.9693,0,0.28992,0,233.94,playing,2
41.9708,9.9693,0,0.28992,0,234.65,playing,2
41.9875,-1.578,0,0.33854,0,235.73,playing,2
42.004,-1.578,0,0.33854,0,237.02,playing,2
42.0211,-13.7087,0,0.30471,0,238.71,playing,2
42.0372,-13.7087,0,0.30471,0,240.72,playing,2
42.054,-13.7087,0,0.25375,0,242.89,playing,2
42.0709,-31.1548,0,0.25375,0,245.52,playing,2
42.0879,-31.1548,0,0.2072,0,248.47,playing,2
42.1049,-31.1548,0,0.2072,0,251.73,playing,2
42.1219,-26.3497,1,0.24635,1,255.31,playing,2
42.1381,-26.3497,0,0.24635,0,249.0,playing,2
42.1546,-26.3497,0,0.24635,0,243.34,playing,2
42.1712,-15.8426,0,0.21133,0,237.96,playing,2
42.1872,-15.8426,0,0.21133,0,232.56,playing,2
42.2034,-6.2635,0,0.21507,0,227.77,playing,2
42.2194,-6.2635,0,0.21507,0,223.25,playing,2
42.2354,-6.2635,0,0.21517,0,219.02,playing,2
42.2512,4.309,0,0.21517,0,215.07,playing,2
42.2673,4.309,0,0.22882,0,211.4,playing,2
42.2833,4.309,0,0.22882,0,208.01,playing,2
42.2998,30.7345,0,0.22725,0,204.9,playing,2
42.3163,30.7345,0,0.22725,0,201.92,playing,2
42.333,30.7345,0,0.19719,0,199.39,playing,2
42.35,27.6868,0,0.19719,0,197.02,playing,2
42.3666,27.6868,0,0.25443,0,194.97,playing,2
42.3827,22.5222,0,0.25443,0,193.33,playing,2
42.3982,22.5222,0,0.25076,0,191.96,playing,2
42.4142,22.5222,0,0.25076,0,190.88,playing,2
42.4303,7.5861,0,0.29888,0,190.08,playing,2
42.4469,7.5861,0,0.29888,0,189.56,playing,2
42.4634,7.5861,0,0.32693,0,189.32,playing,2
42.48,3.0624,0,0.32693,0,189.38,playing,2
42.4966,3.0624,0,0.31847,0,189.77,playing,2
42.5126,3.0624,0,0.31847,0,190.41,playing,2
42.5292,3.0624,0,0.31098,0,191.33,playing,2
42.5457,3.0624,0,0.31098,0,192.63,playing,2
42.5612,-2.501,0,0.30601,0,194.14,playing,2
42.5773,-4.4225,0,0.30601,0,195.92,playing,2
42.5933,-4.4225,0,0.30601,0,197.99,playing,2
42.6094,-4.4225,0,0.3116,0,200.34,playing,2
42.626,-4.4225,0,0.31149,0,202.97,playing,2
42.6431,-4.4225,0,0.31149,0,206.08,playing,2
42.6599,-4.4225,0,0.30936,0,209.51,playing,2
42.6765,-4.4225,0,0.30936,0,213.26,playing,2
42.6925,-4.4225,0,0.25818,0,217.07,playing,2
42.7085,-33.26,1,0.25818,0,221.16,playing,2
42.7246,-33.26,0,0.22582,0,215.2,playing,2
42.7407,-26.461,0,0.22582,0,209.52,playing,2
42.7567,-26.461,0,0.20682,0,204.13,playing,2
42.7728,-26.461,0,0.20682,0,199.02,playing,2
42.7885,-26.461,0,0.24165,1,194.18,playing,2
42.8046,-26.461,0,0.24165,0,189.63,playing,2
42.8206,-26.461,0,0.19876,0,185.36,playing,2
42.8367,3.8779,0,0.19876,0,181.38,playing,2
42.8533,3.8779,0,0.19876,0,177.67,playing,2
42.87,3.8779,0,0.20335,0,174.05,playing,2
42.887,29.6706,0,0.20335,0,170.75,playing,2
42.904,29.6706,0,0.2178,0,167.77,playing,2
42.9206,26.8266,0,0.2178,0,165.1,playing,3
42.9361,26.8266,0,0.22908,0,162.87,playing,3
42.9521,26.8266,0,0.22908,0,160.93,playing,3
42.9692,21.2474,0,0.20053,0,159.27,playing,3
42.9851,21.2474,0,0.20053,0,157.81,playing,3
43.002,21.2474,0,0.25045,0,156.73,playing,3
43.018,16.4072,0,0.25045,0,155.9,playing,3
43.0348,16.4072,0,0.26488,0,155.4,playing,3
43.0518,16.4072,0,0.26488,0,155.18,playing,3
43.0675,7.0755,0,0.32812,0,155.26,playing,3
43.0835,7.0755,0,0.32812,0,155.62,playing,3
43.1,3.6091,0,0.31079,0,156.26,playing,3
43.1163,1.0728,0,0.31079,0,157.26,playing,3
43.133,1.0728,0,0.29925,0,158.48,playing,3
43.1491,-1.1388,0,0.29925,0,160.1,playing,3
43.1654,-1.1388,0,0.30941,0,161.9,playing,3
43.1815,-1.1388,0,0.30941,0,163.99,playing,3
43.1974,-1.1388,0,0.33164,0,166.35,playing,3
43.2139,-1.1388,0,0.33164,0,169.0,playing,3
43.2305,-1.1388,0,0.33164,0,172.13,playing,3
43.247,-4.6457,0,0.32937,0,175.36,playing,3
43.2635,-4.6457,0,0.32937,0,179.11,playing,3
43.2801,-4.6457,0,0.30303,0,182.92,playing,3
43.2968,-5.7012,0,0.30303,0,187.29,playing,3
43.3126,-5.7012,0,0.3265,0,191.68,playing,3
43.3287,-4.8531,0,0.3265,0,196.35,playing,3
43.3449,-5.1929,0,0.33167,0,201.3,playing,3
43.3623,-5.1929,0,0.33167,0,206.88,playing,3
43.3786,-5.3335,0,0.33167,0,212.78,playing,3
43.395,-5.3335,0,0.27958,0,218.62,playing,3
43.4121,-5.3335,0,0.27958,0,225.13,playing,3
43.4287,-5.6413,0,0.30127,0,231.97,playing,3
43.4449,-5.6413,0,0.30127,0,238.68,playing,3
43.4631,-25.2663,1,0.30127,0,246.13,playing,3
43.4798,-25.2663,0,0.29621,0,239.47,playing,3
43.4961,-25.2663,0,0.29621,0,233.82,playing,3
43.5129,-25.2663,0,0.31235,0,228.15,playing,3
43.5287,-25.2663,0,0.31235,0,223.09,playing,3
43.545,-25.2663,0,0.26603,0,218.31,playing,3
43.5618,-20.1819,0,0.26603,0,213.55,playing,3
43.5777,-20.1819,0,0.24163,0,209.35,playing,3
43.5938,-20.1819,0,0.24163,0,205.43,playing,3
43.6099,-20.1819,0,0.24163,0,201.8,playing,3
43.6265,-20.1819,0,0.1799,0,198.25,playing,3
43.6425,-5.993,0,0.1799,0,195.2,playing,3
43.6586,19.7325,0,0.22076,1,192.43,playing,3
43.6747,19.7325,0,0.22076,0,189.94,playing,3
43.6918,25.2035,0,0.22076,0,187.61,playing,3
43.7074,25.2035,0,0.21201,0,185.7,playing,3
43.7234,25.2035,0,0.21201,0,184.07,playing,3
43.7409,25.0893,0,0.1995,0,182.65,playing,3
43.758,25.0893,0,0.1995,0,181.56,playing,3
43.7746,23.3084,0,0.20578,0,180.78,playing,3
43.7917,23.3084,0,0.20578,0,180.32,playing,3
43.8077,23.3084,0,0.20578,0,180.17,playing,3
43.8234,14.386,0,0.21066,0,180.3,playing,3
43.8394,14.386,0,0.21066,0,180.72,playing,3
43.8555,14.386,0,0.25397,0,181.41,playing,3
43.8718,10.5386,0,0.25397,0,182.39,playing,3
43.8884,10.5386,0,0.25397,0,183.65,playing,3
43.905,10.5386,0,0.22785,0,185.3,playing,3
43.9215,2.9366,0,0.22785,0,187.27,playing,3
43.937,2.9366,0,0.30094,0,189.41,playing,3
43.9536,2.9366,0,0.30094,0,191.83,playing,3
43.9701,2.9366,0,0.30334,0,194.53,playing,3
43.9872,2.9366,0,0.30334,0,197.72,playing,3
44.0036,-2.8621,0,0.30334,0,201.22,playing,3
44.0194,-2.8621,0,0.31818,0,204.8,playing,3
44.0358,-2.8621,0,0.31818,0,208.66,playing,3
44.052,-4.2677,0,0.29889,0,213.09,playing,3
44.0691,-4.2677,0,0.29889,0,217.53,playing,3
44.0852,-4.2677,0,0.31551,0,222.57,playing,3
44.102,-4.2522,0,0.31551,0,227.59,playing,3
44.1188,-4.2522,0,0.31551,0,233.25,playing,3
44.1363,-4.9803,0,0.31046,0,239.22,playing,3
44.153,-4.9803,0,0.31046,0,245.51,playing,3
44.1701,-4.9803,0,0.31046,0,252.12,playing,3
44.1867,-4.9366,0,0.2838,0,259.05,playing,3
44.2024,-4.9366,0,0.2838,0,265.85,playing,3
44.2182,-4.9366,0,0.30645,0,272.94,playing,3
44.2352,-13.8813,0,0.30645,0,280.3,playing,3
44.2518,-13.8813,0,0.32651,0,288.44,playing,3
44.2685,-13.8813,0,0.32651,0,296.9,playing,3
44.2849,-31.0112,1,0.32651,0,305.15,playing,3
44.3014,-31.0112,0,0.32665,0,298.84,playing,3
44.3179,-33.1259,0,0.32665,0,293.18,playing,3
44.3345,-33.1259,0,0.27246,0,287.48,playing,3
44.351,-33.1259,0,0.27246,0,282.4,playing,3
44.3675,-17.2294,0,0.25769,0,277.33,playing,3
44.3836,-17.2294,0,0.25769,0,272.83,playing,3
44.3997,-17.2294,0,0.25769,0,268.61,playing,3
44.4152,17.6982,0,0.22178,0,264.68,playing,3
44.4313,17.6982,0,0.22178,0,261.03,playing,3
44.4484,17.6982,0,0.24602,0,257.65,playing,3
44.465,21.1987,0,0.24602,0,254.39,playing,3
44.481,21.1987,0,0.23307,0,251.44,playing,3
44.4981,15.2905,0,0.23307,0,248.95,playing,3
44.5147,15.2905,0,0.23307,0,246.62,playing,3
44.5307,15.2905,0,0.21726,0,244.71,playing,3
44.5478,8.9496,0,0.21726,0,243.0,playing,3
44.5638,8.9496,0,0.24346,1,241.67,playing,3
44.58,8.9496,0,0.24346,0,240.58,playing,3
44.5966,8.9496,0,0.28473,0,239.83,playing,3
44.6133,8.9496,0,0.28473,0,239.36,playing,3
44.6303,8.9496,0,0.28473,0,239.18,playing,3
44.6464,8.9496,0,0.29473,0,239.32,playing,3
44.6627,8.9496,0,0.29473,0,239.74,playing,3
44.6788,8.9496,0,0.33651,0,240.43,playing,3
44.6961,8.9496,0,0.33651,0,241.49,playing,3
44.7126,8.9496,0,0.2767,0,242.86,playing,3
44.7281,-0.0915,0,0.2767,0,244.43,playing,3
44.7447,-0.0915,0,0.2767,0,246.29,playing,3
44.7607,-0.0915,0,0.28651,0,248.43,playing,4
44.7767,-2.8065,0,0.28651,0,250.85,playing,4
44.7923,-2.8065,0,0.27316,0,253.55,playing,4
44.8083,-2.8065,0,0.27316,0,256.53,playing,4
44.8244,-3.2959,0,0.27316,0,259.79,playing,4
44.8409,-3.2959,0,0.29087,0,263.34,playing,4
44.858,-3.2959,0,0.29087,0,267.42,playing,4
44.8748,-3.2959,0,0.28755,0,271.83,playing,4
44.8919,-3.2959,0,0.28755,0,276.55,playing,4
44.9089,-8.9101,0,0.26691,0,281.59,playing,4
44.9251,-8.9101,0,0.26691,0,286.94,playing,4
44.9416,-8.9101,0,0.26691,0,292.27,playing,4
44.9577,-20.8836,1,0.30178,0,297.87,playing,4
44.9733,-20.8836,0,0.30178,0,291.91,playing,4
44.9896,-20.8836,0,0.28812,0,286.24,playing,4
45.0052,-20.8836,0,0.28812,0,280.84,playing,4
45.0218,-20.8836,0,0.28812,0,275.73,playing,4
45.0378,-21.9018,0,0.21854,0,270.9,playing,4
45.0548,-21.9018,0,0.21854,0,266.08,playing,4
45.0709,-21.9018,0,0.19554,0,261.83,playing,4
45.0864,-5.4426,0,0.19554,0,257.86,playing,4
45.1024,-5.4426,0,0.19554,0,254.17,playing,4
45.118,-5.4426,0,0.22925,1,250.76,playing,4
45.134,14.2514,0,0.22925,0,247.64,playing,4
45.1511,14.2514,0,0.18861,0,244.8,playing,4
45.1681,14.2514,0,0.18861,0,242.09,playing,4
45.1852,30.8318,0,0.22241,0,239.71,playing,4
45.2018,30.8318,0,0.22241,0,237.64,playing,4
45.2192,27.1343,0,0.22241,0,235.89,playing,4
45.2357,27.1343,0,0.19925,0,234.46,playing,4
45.2518,27.1343,0,0.19925,0,233.39,playing,4
45.2673,22.1716,0,0.2336,0,232.61,playing,4
45.2833,22.1716,0,0.2336,0,232.11,playing,4
45.2998,22.1716,0,0.2336,0,231.89,playing,4
45.3169,22.1716,0,0.20327,0,231.97,playing,4
45.3339,22.1716,0,0.20327,0,232.37,playing,4
45.3504,16.5814,0,0.28467,0,233.09,playing,4
45.3661,6.3265,0,0.28467,0,234.05,playing,4
45.3826,6.3265,0,0.29325,0,235.29,playing,4
45.3987,2.3814,0,0.29325,0,236.81,playing,4
45.4147,2.3814,0,0.28662,0,238.61,playing,4
45.4317,2.3814,0,0.28662,0,240.85,playing,4
45.4473,-2.5066,0,0.27617,0,243.23,playing,4
45.4639,-2.5066,0,0.27617,0,245.9,playing,4
45.4804,-2.5066,0,0.30807,0,249.05,playing,4
45.4964,-2.5066,0,0.30807,0,252.29,playing,4
45.512,-2.5066,0,0.28516,0,255.82,playing,4
45.5289,-2.5066,0,0.28516,0,259.63,playing,4
45.5452,-5.1077,0,0.28474,0,264.0,playing,4
45.5622,-5.1077,0,0.28474,0,268.39,playing,4
45.5791,-6.3645,0,0.28474,0,273.37,playing,4
45.5958,-6.3645,0,0.28474,0,278.67,playing,4
45.6126,-6.3645,0,0.29154,0,284.29,playing,4
45.6283,-6.1357,0,0.29154,0,289.86,playing,4
45.6449,-6.1357,0,0.27648,0,295.71,playing,4
45.6617,-6.1357,0,0.27648,0,302.25,playing,4
45.6778,-7.0599,0,0.27648,0,308.68,playing,4
45.6945,-7.0599,0,0.32897,0,315.83,playing,4
45.7106,-22.0333,1,0.32897,0,322.84,playing,4
45.7272,-22.0333,0,0.30289,0,316.88,playing,4
45.7437,-22.0333,0,0.30289,0,310.87,playing,4
45.7611,-33.2589,0,0.30289,0,305.18,playing,4
45.7775,-33.2589,0,0.30289,0,299.8,playing,4
45.7935,-33.2589,0,0.21678,0,295.02,playing,4
45.8102,-33.2589,0,0.19645,0,290.52,playing,4
45.8262,-33.2589,0,0.19645,0,286.06,playing,4
45.8424,-33.2589,0,0.19785,0,282.14,playing,4
45.8589,-2.355,0,0.19785,0,278.51,playing,4
45.8756,-2.355,0,0.20235,0,274.96,playing,4
45.8917,11.3117,0,0.20235,0,271.91,playing,4
45.9073,11.3117,0,0.19528,0,269.14,playing,4
45.9231,11.3117,0,0.19528,0,266.65,playing,4
45.9397,25.0884,0,0.19024,0,264.44,playing,4
45.9558,25.0884,0,0.19024,0,262.51,playing,4
45.9727,25.0884,0,0.21041,0,260.78,playing,4
45.9895,26.8514,0,0.21041,0,259.37,playing,4
46.0056,26.8514,0,0.21907,0,258.32,playing,4
46.0218,26.8514,0,0.21907,0,257.55,playing,4
46.0392,26.8514,0,0.21907,0,257.05,playing,4
46.0557,26.8514,0,0.27736,1,256.88,playing,4
46.0718,23.0792,0,0.27736,0,256.99,playing,4
46.0888,23.0792,0,0.27381,0,257.43,playing,4
46.1061,23.0792,0,0.27381,0,258.18,playing,4
46.1226,23.0792,0,0.29442,0,259.26,playing,4
46.1384,23.0792,0,0.29442,0,260.55,playing,4
46.1545,23.0792,0,0.29442,0,262.13,playing,4
46.1709,18.4452,0,0.29442,0,263.98,playing,4
46.1876,18.4452,0,0.27703,0,266.27,playing,4
46.2037,18.4452,0,0.27703,0,268.71,playing,4
46.22,-1.9842,0,0.29131,0,271.43,playing,4
46.2371,-1.9842,0,0.29131,0,274.63,playing,4
46.2534,-2.869,0,0.30723,0,278.16,playing,4
46.27,-2.869,0,0.30723,0,281.76,playing,4
46.2871,-2.869,0,0.30902,0,285.9,playing,4
46.304,-5.0885,0,0.30902,0,290.36,playing,4
46.3205,-5.0885,0,0.29169,0,295.13,playing,4
46.3361,-5.0885,0,0.30147,0,299.91,playing,4
46.3521,-6.7959,0,0.30147,0,304.97,playing,4
46.3687,-6.7959,0,0.30147,0,310.31,playing,4
46.3843,-6.7959,0,0.30147,0,315.93,playing,4
46.4005,-27.9381,1,0.28506,0,321.84,playing,4
46.4162,-27.9381,0,0.27741,0,315.88,playing,4
46.4326,-42.236,0,0.27741,0,310.2,playing,4
46.4486,-42.236,0,0.27741,0,304.81,playing,4
46.4649,-42.236,0,0.21911,0,299.69,playing,4
46.4821,-11.5101,0,0.22154,1,294.58,playing,4
46.4993,-11.5101,0,0.22154,0,289.78,playing,4
46.5155,-11.5101,0,0.20363,0,285.3,playing,4
46.5318,9.4974,0,0.20363,0,281.37,playing,4
46.5475,9.4974,0,0.20363,0,277.71,playing,4
46.5638,9.4974,0,0.20363,0,274.34,playing,4
46.5803,24.3746,0,0.17588,0,271.08,playing,4
46.5968,24.3746,0,0.17588,0,268.29,playing,4
46.6137,24.3746,0,0.23112,0,265.64,playing,5
46.6291,24.3746,0,0.23112,0,263.43,playing,5
46.6461,24.3746,0,0.25818,0,261.5,playing,5
46.663,13.2865,0,0.25818,0,259.77,playing,5
46.6801,13.2865,0,0.27247,0,258.36,playing,5
46.6965,13.2865,0,0.27247,0,257.27,playing,5
46.7126,10.2815,0,0.29274,0,256.52,playing,5
46.7289,10.2815,0,0.29274,0,256.05,playing,5
46.7452,10.2815,0,0.29274,0,255.87,playing,5
46.7621,10.2815,0,0.30032,0,255.98,playing,5
46.7782,10.2815,0,0.30032,0,256.42,playing,5
46.7943,6.3621,0,0.29094,0,257.12,playing,5
46.8102,6.3621,0,0.29094,0,258.09,playing,5
46.8263,6.3621,0,0.26933,0,259.35,playing,5
46.8421,1.1024,0,0.26933,0,260.89,playing,5
46.8587,1.1024,0,0.29706,0,262.71,playing,5
46.875,1.1024,0,0.29706,0,264.81,playing,5
46.892,-3.162,0,0.29058,0,267.37,playing,5
46.9089,-3.162,0,0.29058,0,270.24,playing,5
46.9262,-4.3643,0,0.31584,0,273.42,playing,5
46.9427,-4.3643,0,0.31584,0,276.93,playing,5
46.9598,-4.3643,0,0.31584,0,280.75,playing,5
46.9771,-11.086,0,0.31584,0,284.89,playing,5
46.993,-11.086,0,0.28631,0,289.35,playing,5
47.01,-11.086,0,0.28631,0,293.83,playing,5
47.0265,-33.748,1,0.25776,0,298.91,playing,5
47.0428,-33.748,0,0.23386,0,292.95,playing,5
47.0601,-30.9123,0,0.23386,0,286.93,playing,5
47.0766,-30.9123,0,0.23386,0,281.24,playing,5
47.0927,-30.9123,0,0.23386,0,276.16,playing,5
47.109,-10.275,0,0.20467,0,271.36,playing,5
47.126,-10.275,0,0.19127,0,266.59,playing,5
47.143,-10.275,0,0.19127,0,262.13,playing,5
47.1602,15.3015,0,0.18034,0,257.98,playing,5
47.176,15.3015,0,0.18034,0,254.16,playing,5
47.1926,15.3015,0,0.20306,0,250.84,playing,5
47.2086,29.8505,0,0.20306,0,247.8,playing,5
47.2244,29.8505,0,0.20309,0,245.05,playing,5
47.2412,29.9859,0,0.20309,0,242.57,playing,5
47.2582,26.084,0,0.18376,0,240.26,playing,5
47.2752,26.084,0,0.18376,0,238.27,playing,5
47.2921,20.1615,0,0.25439,1,236.6,playing,5
47.3088,20.1615,0,0.25439,0,235.24,playing,5
47.3247,20.1615,0,0.27784,0,234.24,playing,5
47.3403,10.1844,0,0.27784,0,233.53,playing,5
47.3574,10.1844,0,0.27784,0,233.1,playing,5
47.3738,10.1844,0,0.27784,0,232.96,playing,5
47.3909,6.4772,0,0.26171,0,233.13,playing,5
47.4084,6.4772,0,0.30352,0,233.63,playing,5
47.4245,0.0861,0,0.30352,0,234.44,playing,5
47.4401,0.0861,0,0.30352,0,235.49,playing,5
47.4572,0.0861,0,0.30352,0,236.82,playing,5
47.4736,-2.1662,0,0.29586,0,238.55,playing,5
47.4892,-2.1662,0,0.28437,0,240.45,playing,5
47.5059,-2.1662,0,0.28437,0,242.64,playing,5
47.5231,-2.8445,0,0.27351,0,245.29,playing,5
47.5399,-2.8445,0,0.27351,0,248.25,playing,5
47.5572,-30.5702,1,0.28066,0,251.53,playing,5
47.5732,-30.5702,0,0.28066,0,245.22,playing,5
47.5901,-30.5702,0,0.27292,0,239.56,playing,5
47.6064,-31.6698,0,0.27292,0,233.87,playing,5
47.6222,-31.6698,0,0.21053,0,228.79,playing,5
47.6385,-31.6698,0,0.21053,0,223.99,playing,5
47.6549,-21.2732,0,0.2134,0,219.48,playing,5
47.6721,-21.2732,0,0.2134,0,215.0,playing,5
47.6894,-13.5874,0,0.22984,1,210.84,playing,5
47.7057,-13.5874,0,0.22984,0,206.99,playing,5
47.7216,-13.5874,0,0.19773,0,203.66,playing,5
47.7376,-2.6864,0,0.19773,0,200.6,playing,5
47.7534,-2.6864,0,0.16458,0,197.83,playing,5
47.7692,-2.6864,0,0.16458,0,195.34,playing,5
47.7856,30.1062,0,0.16458,0,193.13,playing,5
47.802,30.1062,0,0.22204,0,191.2,playing,5
47.8184,30.1062,0,0.22204,0,189.47,playing,5
47.8345,29.5475,0,0.19403,0,188.12,playing,5
47.8505,29.5475,0,0.19403,0,187.06,playing,5
47.8669,29.5475,0,0.17885,0,186.27,playing,5
47.8841,24.9728,0,0.17885,0,185.76,playing,5
47.9013,24.9728,0,0.22262,0,185.56,playing,5
47.9172,13.6138,0,0.22262,0,185.68,playing,5
47.9334,13.6138,0,0.2315,0,186.08,playing,5
47.9492,13.6138,0,0.2315,0,186.75,playing,5
47.9656,13.6138,0,0.24332,0,187.71,playing,5
47.9817,13.6138,0,0.24332,0,188.95,playing,5
47.9981,13.6138,0,0.3005,0,190.47,playing,5
48.0153,13.6138,0,0.3005,0,192.41,playing,5
48.0318,13.6138,0,0.26557,0,194.66,playing,5
48.0477,13.6138,0,0.26557,0,197.06,playing,5
48.0647,-0.851,0,0.32592,0,199.93,playing,5
48.0807,-0.851,0,0.29466,0,202.91,playing,5
48.0979,-2.4951,0,0.29466,0,206.4,playing,5
48.1151,-2.4951,0,0.31091,0,210.21,playing,5
48.1318,-2.4951,0,0.31091,0,214.33,playing,5
48.1476,-2.4951,0,0.31091,0,218.49,playing,5
48.1638,-2.4951,0,0.31091,0,222.93,playing,5
48.1813,-2.4951,0,0.2802,0,227.97,playing,5
48.198,-10.5433,0,0.29445,0,233.33,playing,5
48.2144,-10.5433,0,0.29445,0,239.0,playing,5
48.2303,-25.1695,1,0.2825,0,244.62,playing,5
48.247,-25.1695,0,0.2825,0,238.67,playing,5
48.2635,-25.1695,0,0.27887,0,232.65,playing,5
48.2799,-30.8604,0,0.27887,0,227.28,playing,5
48.2972,-30.8604,0,0.22256,0,221.88,playing,5
48.3138,-30.8604,0,0.22256,0,216.8,playing,5
48.3307,-33.2077,0,0.23798,0,212.04,playing,5
48.3478,-33.2077,0,0.23798,0,207.6,playing,5
48.3649,-30.2471,0,0.23052,0,203.48,playing,5
48.3814,-19.2415,0,0.23052,0,199.67,playing,5
48.398,-19.2415,0,0.22993,0,196.37,playing,5
48.415,4.02,0,0.22993,0,193.18,playing,5
48.4321,4.02,0,0.18347,0,190.31,playing,5
48.4487,4.02,0,0.18347,0,187.75,playing,5
48.4656,31.9907,0,0.1681,0,185.52,playing,6
48.4817,31.9907,0,0.1681,0,183.7,playing,6
48.4978,31.9907,0,0.19943,0,182.16,playing,6
48.5139,29.2187,0,0.19943,0,180.9,playing,6
48.5305,29.2187,0,0.18012,0,179.88,playing,6
48.5469,23.0933,0,0.18012,0,179.2,playing,6
48.5635,23.0933,0,0.22004,1,178.8,playing,6
48.5797,23.0933,0,0.22004,0,178.7,playing,6
48.5956,17.5075,0,0.24259,0,178.88,playing,6
48.6117,17.5075,0,0.24259,0,179.35,playing,6
48.6273,17.5075,0,0.24686,0,180.09,playing,6
48.644,8.4888,0,0.24686,0,181.12,playing,6
48.6609,8.4888,0,0.22789,0,182.53,playing,6
48.6771,8.4888,0,0.22789,0,184.26,playing,6
48.6939,8.4888,0,0.31009,0,186.17,playing,6
48.711,8.4888,0,0.31009,0,188.52,playing,6
48.7281,4.4746,0,0.27972,0,191.18,playing,6
48.7448,4.4746,0,0.27972,0,194.16,playing,6
48.762,4.4746,0,0.27213,0,197.46,playing,6
48.7792,-3.7039,0,0.27213,0,201.08,playing,6
48.7962,-3.7039,0,0.30567,0,205.02,playing,6
48.8131,-3.7039,0,0.30567,0,209.27,playing,6
48.8295,-4.7159,0,0.27137,0,213.84,playing,6
48.845,-4.7159,0,0.27137,0,218.43,playing,6
48.8613,-6.6598,0,0.27137,0,223.29,playing,6
48.8779,-6.6598,0,0.27994,0,228.44,playing,6
48.895,-6.6598,0,0.27994,0,234.23,playing,6
48.9113,-24.4329,1,0.28863,0,240.33,playing,6
48.9276,-24.4329,0,0.28863,0,234.37,playing,6
48.9444,-24.4329,0,0.26856,0,228.36,playing,6
48.9607,-29.3026,0,0.18234,0,222.98,playing,6
48.977,-29.3026,0,0.18234,0,217.89,playing,6
48.9934,-29.3026,0,0.18808,0,212.79,playing,6
49.0097,-22.9317,0,0.18808,0,208.27,playing,6
49.0258,-22.9317,0,0.18808,0,204.04,playing,6
49.0426,-15.6892,0,0.17941,0,199.86,playing,6
49.0586,-15.6892,0,0.17976,0,196.21,playing,6
49.0744,-15.6892,0,0.17976,0,192.84,playing,6
49.0907,-15.6892,0,0.16425,0,189.75,playing,6
49.108,-15.6892,0,0.16425,0,186.78,playing,6
49.1246,-15.6892,0,0.19403,0,184.13,playing,6
49.1405,-7.3116,0,0.19403,0,181.92,playing,6
49.1567,-7.3116,0,0.199,0,180.0,playing,6
49.1735,-7.3116,0,0.199,0,178.27,playing,6
49.1893,3.1271,0,0.199,0,176.92,playing,6
49.2061,3.1271,0,0.21888,0,175.85,playing,6
49.2232,26.6038,0,0.21888,0,175.04,playing,6
49.2399,26.6038,0,0.21118,0,174.54,playing,6
49.2568,26.6038,0,0.21118,0,174.36,playing,6
49.2733,20.038,0,0.21533,0,174.5,playing,6
49.2899,20.038,0,0.21533,0,174.92,playing,6
49.3067,20.038,0,0.266,1,175.67,playing,6
49.3228,20.038,0,0.266,0,176.67,playing,6
49.3398,20.038,0,0.30026,0,178.04,playing,6
49.3571,8.9004,0,0.30026,0,179.73,playing,6
49.3736,4.5042,0,0.28826,0,181.74,playing,6
49.3897,4.5042,0,0.28826,0,183.91,playing,6
49.4064,1.689,0,0.28826,0,186.54,playing,6
49.4231,1.689,0,0.29135,0,189.29,playing,6
49.44,1.689,0,0.29135,0,192.54,playing,6
49.4571,1.689,0,0.29927,0,196.1,playing,6
49.474,1.689,0,0.29927,0,199.98,playing,6
49.4908,1.689,0,0.276,0,204.18,playing,6
49.5071,-3.2039,0,0.276,0,208.41,playing,6
49.5238,-3.2039,0,0.276,0,213.22,playing,6
49.5413,-6.4157,0,0.31694,0,218.35,playing,6
49.5576,-6.4157,0,0.31694,0,223.8,playing,6
49.5736,-6.4157,0,0.27887,0,229.22,playing,6
49.59,-6.9176,0,0.27887,0,234.91,playing,6
49.6074,-6.9176,0,0.27636,0,241.27,playing,6
49.6239,-6.9176,0,0.27636,0,247.96,playing,6
49.6409,-17.1125,0,0.27636,0,254.96,playing,6
49.6575,-17.1125,0,0.28744,0,262.28,playing,6
49.6738,-35.9033,1,0.28744,0,269.45,playing,6
49.6909,-35.9033,0,0.26173,0,263.14,playing,6
49.708,-35.9033,0,0.26173,0,257.15,playing,6
49.7246,-28.9383,0,0.25374,0,251.47,playing,6
49.741,-28.9383,0,0.25374,0,246.41,playing,6
49.7578,-28.9383,0,0.25374,0,241.35,playing,6
49.7745,-7.2484,0,0.19396,0,236.61,playing,6
49.7901,-7.2484,0,0.19396,0,232.43,playing,6
49.8075,6.3423,0,0.2057,0,228.53,playing,6
49.8235,6.3423,0,0.2057,0,224.7,playing,6
49.8392,6.3423,0,0.21273,0,221.39,playing,6
49.8557,17.8701,0,0.21273,0,218.35,playing,6
49.8719,17.8701,0,0.21273,0,215.59,playing,6
49.8892,17.8701,0,0.22475,1,212.98,playing,6
49.9056,29.2099,0,0.22475,0,210.69,playing,6
49.9212,29.2099,0,0.2177,0,208.82,playing,6
49.9378,29.2099,0,0.2177,0,207.22,playing,6
49.955,25.8706,0,0.2177,0,205.85,playing,6
49.9721,25.8706,0,0.16226,0,204.79,playing,6
49.9891,14.7469,0,0.16226,0,204.05,playing,6
50.0054,14.7469,0,0.16226,0,203.63,playing,6
50.0214,14.7469,0,0.21019,0,203.51,playing,6
50.0381,10.1846,0,0.21019,0,203.68,playing,6
50.0549,10.1846,0,0.27521,0,204.18,playing,6
50.0712,10.1846,0,0.27521,0,204.99,playing,6
50.0874,5.8894,0,0.27521,0,206.03,playing,6
50.104,5.8894,0,0.25019,0,207.36,playing,6
50.1211,2.0108,0,0.25019,0,209.09,playing,6
50.1383,2.0108,0,0.24972,0,211.14,playing,6
50.1545,2.0108,0,0.24972,0,213.5,playing,6
50.1699,-2.9654,0,0.27422,0,216.01,playing,6
50.1867,-2.9654,0,0.27422,0,218.8,playing,6
50.2046,-2.9654,0,0.27422,0,222.08,playing,6
50.2208,-4.5021,0,0.28153,0,225.68,playing,6
50.2377,-4.5021,0,0.28153,0,229.6,playing,6
50.2531,-4.5021,0,0.30902,0,233.56,playing,6
50.2695,-4.5021,0,0.30902,0,237.81,playing,6
50.2854,-4.5021,0,0.301,0,242.34,playing,6
50.302,-29.8535,1,0.301,0,247.16,playing,7
50.3191,-29.8535,0,0.301,0,240.85,playing,7
50.3358,-29.8535,0,0.28503,0,234.85,playing,7
50.3523,-29.8535,0,0.28503,0,229.17,playing,7
50.3685,-29.8535,0,0.28486,0,224.11,playing,7
50.3842,-29.8535,0,0.28486,0,219.33,playing,7
50.4002,-34.5748,0,0.28486,0,214.84,playing,7
50.4169,-34.5748,0,0.22162,0,210.62,playing,7
50.4333,-34.5748,0,0.22162,0,206.46,playing,7
50.4496,-17.1018,0,0.2258,0,202.82,playing,7
50.4655,-17.1018,0,0.2258,0,199.47,playing,7
50.4816,4.948,0,0.22967,0,196.4,playing,7
50.4977,4.948,0,0.22967,0,193.61,playing,7
50.5141,4.948,0,0.22967,0,191.1,playing,7
50.5311,4.948,0,0.22255,0,188.75,playing,7
50.5481,4.948,0,0.22255,0,186.72,playing,7
50.5651,4.948,0,0.19145,0,185.01,playing,7
50.5816,30.965,0,0.19145,0,183.62,playing,7
50.5974,30.965,0,0.19145,0,182.59,playing,7
50.6135,30.965,0,0.22984,1,181.84,playing,7
50.6298,26.6916,0,0.22984,0,181.37,playing,7
50.6481,26.6916,0,0.22984,0,181.19,playing,7
50.6644,15.0531,0,0.22519,0,181.36,playing,7
50.6807,15.0531,0,0.22519,0,181.79,playing,7
50.6981,15.0531,0,0.27287,0,182.56,playing,7
50.7147,10.0242,0,0.27287,0,183.66,playing,7
50.7311,10.0242,0,0.27237,0,184.97,playing,7
50.7483,10.0242,0,0.27237,0,186.68,playing,7
50.7648,5.3733,0,0.23866,0,188.71,playing,7
50.782,5.3733,0,0.23866,0,191.05,playing,7
50.7987,5.3733,0,0.23866,0,193.72,playing,7
50.8144,5.3733,0,0.29153,0,196.5,playing,7
50.8299,5.3733,0,0.29153,0,199.58,playing,7
50.8471,-4.4005,0,0.284,0,202.93,playing,7
50.8637,-4.4005,0,0.284,0,206.81,playing,7
50.8798,-4.4005,0,0.284,0,210.74,playing,7
50.8973,-7.0846,0,0.28707,0,215.24,playing,7
50.9135,-7.0846,0,0.28707,0,220.05,playing,7
50.9293,-7.0846,0,0.28595,0,224.86,playing,7
50.9454,-7.0846,0,0.28595,0,229.96,playing,7
50.9616,-7.0846,0,0.29803,0,235.33,playing,7
50.9779,-33.3801,1,0.29803,0,240.99,playing,7
50.9948,-33.3801,0,0.2843,0,234.68,playing,7
51.0117,-33.3801,0,0.2843,0,228.68,playing,7
51.0285,-31.1822,0,0.2843,0,223.01,playing,7
51.0445,-31.1822,0,0.25354,0,217.95,playing,7
51.0601,-31.1822,0,0.25354,0,213.17,playing,7
51.0762,-22.4075,0,0.21365,0,208.67,playing,7
51.0923,-22.4075,0,0.21365,0,204.45,playing,7
51.1083,-22.4075,0,0.21365,0,200.52,playing,7
51.1244,-0.4194,0,0.21436,0,196.87,playing,7
51.1406,-0.4194,0,0.21436,0,193.5,playing,7
51.1564,-0.4194,0,0.24987,1,190.41,playing,7
51.1723,15.999,0,0.24987,0,187.6,playing,7
51.1888,15.999,0,0.24987,0,185.07,playing,7
51.2044,32.7409,0,0.19991,0,182.83,playing,7
51.2208,32.7409,0,0.19991,0,180.86,playing,7
51.2366,32.7409,0,0.22632,0,179.18,playing,7
51.2528,32.7409,0,0.22632,0,177.78,playing,7
51.2684,32.7409,0,0.22632,0,176.66,playing,7
51.2845,32.7409,0,0.23791,0,175.83,playing,7
51.3008,22.0304,0,0.23791,0,175.27,playing,7
51.3167,22.0304,0,0.20706,0,175.0,playing,7
51.3332,22.0304,0,0.20706,0,175.01,playing,7
51.3495,10.6222,0,0.23181,0,175.33,playing,7
51.3655,10.6222,0,0.23181,0,175.92,playing,7
51.3812,10.6222,0,0.23181,0,176.79,playing,7
51.3978,10.6222,0,0.26935,0,177.94,playing,7
51.4139,10.6222,0,0.26935,0,179.38,playing,7
51.4312,-0.5973,0,0.26423,0,181.22,playing,7
51.447,-0.5973,0,0.26423,0,183.38,playing,7
51.4644,-0.5973,0,0.29093,0,185.69,playing,7
51.4809,-3.2932,0,0.29093,0,188.47,playing,7
51.4976,-3.2932,0,0.29093,0,191.56,playing,7
51.5142,-3.2932,0,0.272,0,194.76,playing,7
51.5308,-5.4319,0,0.272,0,198.47,playing,7
51.5467,-5.4319,0,0.28305,0,202.24,playing,7
51.5633,-6.7816,0,0.28305,0,206.57,playing,7
51.5793,-6.7816,0,0.2825,0,210.92,playing,7
51.5957,-6.7816,0,0.2825,0,215.56,playing,7
51.6116,-6.5442,0,0.2825,0,220.48,playing,7
51.6276,-6.5442,0,0.29198,0,225.68,playing,7
51.6436,-6.5442,0,0.29198,0,231.16,playing,7
51.6593,-6.8335,0,0.28005,0,236.92,playing,7
51.6755,-6.8335,0,0.28005,0,242.97,playing,7
51.6916,-6.8335,0,0.33387,0,249.3,playing,7
51.708,-6.7328,0,0.33387,0,255.9,playing,7
51.7249,-6.7328,0,0.33387,0,263.24,playing,7
51.7418,-6.7328,0,0.33387,0,270.9,playing,7
51.7582,-6.7328,0,0.33387,0,278.87,playing,7
51.7743,-6.7328,0,0.26503,0,286.66,playing,7
51.7912,-35.2789,1,0.26503,0,294.73,playing,7
51.8079,-35.2789,0,0.26503,0,288.42,playing,7
51.825,-35.2789,0,0.27518,0,282.42,playing,7
51.8418,-29.1544,0,0.27518,0,276.75,playing,7
51.8581,-29.1544,0,0.27518,0,271.69,playing,7
51.8742,-29.1544,0,0.31141,0,266.63,playing,7
51.8905,2.9595,0,0.31141,0,262.15,playing,7
51.9071,2.9595,0,0.24622,0,257.95,playing,7
51.9236,18.5469,0,0.24622,0,253.81,playing,7
51.9399,18.5469,0,0.24622,0,250.19,playing,7
51.9562,18.5469,0,0.25409,0,246.66,playing,7
51.973,27.3609,0,0.25409,0,243.63,playing,7
51.9901,27.3609,0,0.21516,0,240.72,playing,7
52.0068,27.3609,0,0.21516,0,238.13,playing,7
52.0227,24.4275,0,0.21516,0,235.97,playing,7
52.0397,24.4275,0,0.21516,0,234.0,playing,7
52.0559,19.2545,0,0.21516,0,232.42,playing,7
52.0721,19.2545,0,0.23095,1,231.06,playing,7
52.0893,19.2545,0,0.23095,0,230.07,playing,7
52.1059,9.7632,0,0.26956,0,229.33,playing,7
52.1224,9.7632,0,0.26956,0,228.91,playing,7
52.139,9.7632,0,0.30523,0,228.79,playing,7
52.156,9.7632,0,0.30523,0,228.99,playing,8
52.1731,9.7632,0,0.30523,0,229.5,playing,8
52.1901,5.4488,0,0.28443,0,230.33,playing,8
52.207,2.1873,0,0.28443,0,231.48,playing,8
52.2238,2.1873,0,0.28923,0,232.95,playing,8
52.2397,-0.2397,0,0.28923,0,234.61,playing,8
52.2553,-0.2397,0,0.31376,0,236.55,playing,8
52.2718,-0.2397,0,0.31376,0,238.78,playing,8
52.2894,-0.2397,0,0.31376,0,241.46,playing,8
52.3054,-0.2397,0,0.32135,0,244.46,playing,8
52.3218,-0.2397,0,0.32135,0,247.57,playing,8
52.3381,-2.2899,0,0.2653,0,250.96,playing,8
52.3543,-2.2899,0,0.2653,0,254.87,playing,8
52.3705,-4.8102,0,0.2653,0,258.84,playing,8
52.3872,-4.5068,0,0.28763,0,263.37,playing,8
52.4037,-4.5068,0,0.28763,0,267.92,playing,8
52.4192,-4.5068,0,0.29888,0,272.75,playing,8
52.4361,-4.5068,0,0.29888,0,277.87,playing,8
52.4528,-4.5068,0,0.29888,0,283.62,playing,8
52.4697,-12.1657,0,0.29965,0,289.68,playing,8
52.4869,-12.1657,0,0.29965,0,296.07,playing,8
52.5042,-12.1657,0,0.31702,0,302.77,playing,8
52.5206,-29.428,1,0.31702,0,309.79,playing,8
52.5362,-29.428,0,0.30005,0,303.83,playing,8
52.5522,-26.5978,0,0.31054,0,298.16,playing,8
52.5686,-26.5978,0,0.31054,0,292.76,playing,8
52.5847,-26.5978,0,0.28723,0,287.65,playing,8
52.6018,-17.7496,0,0.28723,0,282.53,playing,8
52.6184,-17.7496,0,0.23809,0,277.74,playing,8
52.6344,-17.7496,0,0.21189,0,273.5,playing,8
52.6503,-2.1465,0,0.21189,0,269.55,playing,8
52.6666,-2.1465,0,0.20686,0,265.88,playing,8
52.6824,-2.1465,0,0.20686,0,262.49,playing,8
52.699,9.9665,0,0.21638,0,259.38,playing,8
52.7162,9.9665,0,0.21638,0,256.4,playing,8
52.7322,25.5649,0,0.21638,0,253.73,playing,8
52.7486,25.5649,0,0.19771,0,251.51,playing,8
52.7646,25.5649,0,0.20308,0,249.56,playing,8
52.7803,35.2942,0,0.20308,0,247.9,playing,8
52.7969,35.2942,0,0.19212,0,246.52,playing,8
52.813,35.2942,0,0.19212,0,245.36,playing,8
52.8292,27.6717,0,0.23857,1,244.56,playing,8
52.8461,27.6717,0,0.23857,0,244.04,playing,8
52.8626,27.6717,0,0.25024,0,243.81,playing,8
52.8802,14.4914,0,0.25836,0,243.87,playing,8
52.8964,14.4914,0,0.25836,0,244.29,playing,8
52.9129,9.0237,0,0.25836,0,244.95,playing,8
52.9297,9.0237,0,0.27026,0,245.97,playing,8
52.9467,9.0237,0,0.27026,0,247.31,playing,8
52.9624,9.0237,0,0.27026,0,248.85,playing,8
52.9788,9.0237,0,0.27026,0,250.67,playing,8
52.9941,9.0237,0,0.2849,0,252.77,playing,8
53.0109,-2.4881,0,0.30139,0,255.15,playing,8
53.0278,-2.4881,0,0.30139,0,258.0,playing,8
53.0449,-4.9447,0,0.27376,0,261.17,playing,8
53.0619,-4.9447,0,0.27376,0,264.66,playing,8
53.0787,-4.9447,0,0.27376,0,268.46,playing,8
53.0945,-8.6403,0,0.27376,0,272.33,playing,8
53.1104,-8.6403,0,0.29442,0,276.47,playing,8
53.1267,-8.6403,0,0.28146,0,280.9,playing,8
53.1436,-8.6403,0,0.28146,0,285.92,playing,8
53.1596,-8.6403,0,0.27624,0,290.92,playing,8
53.1757,-8.6403,0,0.27624,0,296.21,playing,8
53.1917,-40.4454,1,0.21128,0,301.78,playing,8
53.2073,-40.4454,0,0.21128,0,295.82,playing,8
53.2234,-40.4454,0,0.25372,1,290.15,playing,8
53.2394,-40.4454,0,0.25372,0,284.75,playing,8
53.2555,-40.4454,0,0.24218,0,279.64,playing,8
53.2719,-22.8861,0,0.24218,0,274.8,playing,8
53.2886,-10.4444,0,0.20846,0,269.99,playing,8
53.3049,-10.4444,0,0.20846,0,265.74,playing,8
53.322,2.219,0,0.20738,0,261.54,playing,8
53.3382,2.219,0,0.20738,0,257.66,playing,8
53.3548,2.219,0,0.20738,0,254.29,playing,8
53.3708,24.0516,0,0.20738,0,251.2,playing,8
53.3864,24.0516,0,0.20231,0,248.39,playing,8
53.4023,24.0516,0,0.20231,0,245.86,playing,8
53.4187,27.5548,0,0.20231,0,243.62,playing,8
53.4347,27.5548,0,0.17775,0,241.65,playing,8
53.4506,24.9655,0,0.17775,0,239.97,playing,8
53.4663,24.9655,0,0.25017,0,238.57,playing,8
53.4833,24.9655,0,0.25017,0,237.45,playing,8
53.5,15.4853,0,0.2539,0,236.58,playing,8
53.5168,15.4853,0,0.2539,0,236.03,playing,8
53.5332,15.4853,0,0.27292,0,235.8,playing,8
53.55,15.4853,0,0.27292,0,235.86,playing,8
53.5663,15.4853,0,0.29681,0,236.24,playing,8
53.5821,15.4853,0,0.29681,0,236.88,playing,8
53.5986,2.4138,0,0.29791,0,237.8,playing,8
53.6145,2.4138,0,0.29791,0,239.01,playing,8
53.6309,-0.2315,0,0.26125,0,240.5,playing,8
53.6479,-0.2315,0,0.26125,0,242.39,playing,8
53.6646,-0.2315,0,0.31551,0,244.61,playing,8
53.6818,-0.2315,0,0.30032,0,246.97,playing,8
53.6983,-0.2315,0,0.30032,0,249.99,playing,8
53.7147,-0.2315,0,0.30334,0,252.96,playing,8
53.732,-3.6809,0,0.30334,0,256.43,playing,8
53.7489,-3.6809,0,0.27271,0,260.21,playing,8
53.7656,-5.7139,0,0.27271,0,264.32,playing,8
53.7814,-6.4415,0,0.27271,0,268.46,playing,8
53.7971,-6.4415,0,0.33384,0,272.89,playing,8
53.8135,-14.166,0,0.33384,0,277.59,playing,8
53.8291,-14.166,0,0.28548,0,282.58,playing,8
53.8453,-14.166,0,0.28548,0,287.85,playing,8
53.8624,-31.6384,1,0.26221,0,293.4,playing,8
53.879,-31.6384,0,0.26221,0,287.09,playing,8
53.8956,-31.6384,0,0.19226,0,281.1,playing,8
53.9118,-30.3138,0,0.19226,0,275.74,playing,8
53.9293,-30.3138,0,0.21425,0,270.36,playing,8
53.9455,-17.4491,0,0.21425,0,265.3,playing,8
53.9617,-17.4491,0,0.22672,1,260.82,playing,8
53.9789,-17.4491,0,0.22672,0,256.38,playing,8
53.9954,4.8747,0,0.19381,0,252.25,playing,8
54.0116,4.8747,0,0.19381,0,248.65,playing,9
54.0282,4.8747,0,0.21764,0,245.34,playing,9
54.0441,4.8747,0,0.21764,0,242.13,playing,9
54.0607,4.8747,0,0.23245,0,239.39,playing,9
54.0772,4.8747,0,0.23245,0,236.94,playing,9
54.0935,29.1317,0,0.24246,0,234.64,playing,9
54.1095,29.1317,0,0.24246,0,232.77,playing,9
54.1258,29.957,0,0.24246,0,231.17,playing,9
54.1422,29.957,0,0.24304,0,229.86,playing,9
54.1585,29.957,0,0.24304,0,228.79,playing,9
54.1752,25.1174,0,0.24344,0,228.06,playing,9
54.1926,25.1174,0,0.25446,0,227.6,playing,9
54.2084,25.1174,0,0.25446,0,227.46,playing,9
54.2242,20.0853,0,0.25446,0,227.6,playing,9
54.2406,20.0853,0,0.31444,0,228.03,playing,9
54.2575,20.0853,0,0.29709,0,228.75,playing,9
54.2744,5.9504,0,0.29709,0,229.9,playing,9
54.2902,5.9504,0,0.22368,0,231.21,playing,9
54.307,5.9504,0,0.22368,0,232.81,playing,9
54.324,5.9504,0,0.22368,0,234.82,playing,9
54.3407,5.9504,0,0.28545,0,237.14,playing,9
54.3566,-2.6485,0,0.26136,0,239.61,playing,9
54.3726,-2.6485,0,0.26136,0,242.37,playing,9
54.3883,-2.6485,0,0.27703,0,245.4,playing,9
54.4052,-4.3029,0,0.27703,0,248.72,playing,9
54.4218,-4.3029,0,0.27935,0,252.56,playing,9
54.4385,-4.3029,0,0.27935,0,256.72,playing,9
54.4544,-4.3029,0,0.26881,0,260.92,playing,9
54.4708,-4.3029,0,0.26881,0,265.4,playing,9
54.4865,-5.2382,0,0.26881,0,270.16,playing,9
54.5034,-5.2382,0,0.29436,0,275.2,playing,9
54.5198,-5.2382,0,0.29436,0,280.87,playing,9
54.5357,-7.4595,0,0.2539,0,286.5,playing,9
54.5516,-7.4595,0,0.2539,0,292.4,playing,9
54.569,-7.4595,0,0.23767,0,298.99,playing,9
54.5861,-7.4595,0,0.23767,0,305.9,playing,9
54.6031,-7.4595,0,0.21958,0,313.13,playing,9
54.6194,-7.4595,0,0.21958,0,320.67,playing,9
54.6361,-9.7078,1,0.24383,1,328.05,playing,9
54.6525,-9.7078,0,0.24383,0,321.74,playing,9
54.6687,12.7968,0,0.26355,0,316.08,playing,9
54.6848,12.7968,0,0.26355,0,310.7,playing,9
54.7016,12.7968,0,0.23095,0,305.31,playing,9
54.7179,24.6973,0,0.23095,0,300.51,playing,9
54.7348,24.6973,0,0.20891,0,295.73,playing,9
54.7512,24.6973,0,0.20891,0,291.52,playing,9
54.7675,16.4871,0,0.26556,0,287.36,playing,9
54.7833,16.4871,0,0.26556,0,283.72,playing,9
54.7993,16.4871,0,0.29963,0,280.37,playing,9
54.8156,16.4871,0,0.29963,0,277.3,playing,9
54.8318,16.4871,0,0.29963,0,274.5,playing,9
54.8482,8.2128,0,0.28287,0,271.86,playing,9
54.8652,8.2128,0,0.31008,0,269.65,playing,9
54.8813,8.2128,0,0.31008,0,267.62,playing,9
54.8972,5.116,0,0.29889,0,265.99,playing,9
54.9142,5.116,0,0.29889,0,264.64,playing,9
54.9299,5.116,0,0.31597,0,263.53,playing,9
54.9463,-0.4812,0,0.31597,0,262.76,playing,9
54.9632,-0.4812,0,0.29693,0,262.28,playing,9
54.9803,-0.4812,0,0.29693,0,262.08,playing,9
54.9965,-0.4812,0,0.29851,0,262.2,playing,9
55.0131,-0.4812,0,0.29851,0,262.6,playing,9
55.03,-3.3945,0,0.31106,0,263.33,playing,9
55.0466,-3.3945,0,0.31106,0,264.39,playing,9
55.0626,-3.3945,0,0.31571,0,265.67,playing,9
55.0788,-30.6426,1,0.31571,0,267.22,playing,9
55.0958,-30.6426,0,0.2422,0,260.91,playing,9
55.1122,-30.6426,0,0.2422,0,255.25,playing,9
55.1282,-35.863,0,0.20518,0,249.56,playing,9
55.1446,-35.863,0,0.20518,0,244.48,playing,9
55.1603,-27.0204,0,0.21011,0,239.68,playing,9
55.1767,-7.58,0,0.21011,0,235.17,playing,9
55.1921,-7.58,0,0.21011,0,230.93,playing,9
55.2093,3.8242,0,0.19335,0,226.98,playing,9
55.2258,3.8242,0,0.19335,0,223.1,playing,9
55.2425,3.8242,0,0.19819,0,219.54,playing,9
55.2582,16.2462,0,0.19819,0,216.46,playing,9
55.275,16.2462,0,0.17133,0,213.67,playing,9
55.2918,16.2462,0,0.17133,0,211.03,playing,9
55.3091,25.6944,0,0.19145,0,208.7,playing,9
55.326,25.6944,0,0.19145,0,206.69,playing,9
55.343,22.0138,0,0.21461,0,204.99,playing,9
55.3609,22.0138,0,0.24284,1,203.62,playing,9
55.3773,22.0138,0,0.24284,0,202.52,playing,9
55.3937,16.4755,0,0.24284,0,201.82,playing,9
55.4103,16.4755,0,0.25083,0,201.4,playing,9
55.4273,16.4755,0,0.26908,0,201.28,playing,9
55.4437,11.4258,0,0.26908,0,201.48,playing,9
55.4596,11.4258,0,0.28056,0,201.95,playing,9
55.4753,6.9913,0,0.28056,0,202.69,playing,9
55.4915,3.5489,0,0.26125,0,203.72,playing,9
55.507,3.5489,0,0.26125,0,205.03,playing,9
55.5241,3.5489,0,0.26125,0,206.62,playing,9
55.5413,3.5489,0,0.29294,0,208.63,playing,9
55.5575,3.5489,0,0.29294,0,210.96,playing,9
55.5741,-3.8442,0,0.26463,0,213.43,playing,9
55.5907,-3.8442,0,0.26463,0,216.38,playing,9
55.6067,-3.8442,0,0.28895,0,219.43,playing,9
55.6226,-5.8856,0,0.28895,0,222.76,playing,9
55.6385,-5.8856,0,0.29804,0,226.38,playing,9
55.6546,-13.3777,0,0.29804,0,230.28,playing,9
55.6708,-28.5511,1,0.33123,0,234.46,playing,9
55.6866,-28.5511,0,0.33123,0,228.5,playing,9
55.7028,-28.5511,0,0.27417,0,222.82,playing,9
55.7192,-28.5511,0,0.27417,0,217.43,playing,9
55.7351,-28.5511,0,0.20119,0,212.01,playing,9
55.7511,-22.9663,0,0.20119,0,207.2,playing,9
55.7671,-22.9663,0,0.19357,0,202.67,playing,9
55.7836,-22.9663,0,0.19357,0,198.41,playing,9
55.7994,-6.0739,0,0.19536,0,194.44,playing,9
55.816,-6.0739,0,0.19536,0,190.76,playing,9
55.8328,-6.0739,0,0.19721,0,187.16,playing,9
55.8484,17.1147,0,0.19721,0,184.05,playing,9
55.8644,17.1147,0,0.18288,0,181.22,playing,9
55.8799,26.1397,0,0.18288,0,178.68,playing,10
55.8968,26.511,0,0.18288,0,176.42,playing,10
55.9126,26.511,0,0.18861,0,174.44,playing,10
55.9283,23.1245,0,0.18861,0,172.74,playing,10
55.9444,23.1245,0,0.25463,1,171.32,playing,10
55.9609,23.1245,0,0.25463,0,170.18,playing,10
55.9773,18.683,0,0.24988,0,169.29,playing,10
55.9931,18.683,0,0.24988,0,168.74,playing,10
56.0099,18.683,0,0.28422,0,168.47,playing,10
56.0268,8.8128,0,0.28422,0,168.49,playing,10
56.0424,8.8128,0,0.27338,0,168.8,playing,10
56.0584,8.8128,0,0.27338,0,169.39,playing,10
56.0752,5.0316,0,0.28456,0,170.26,playing,10
56.0918,5.0316,0,0.28456,0,171.5,playing,10
56.109,-0.8386,0,0.28474,0,173.06,playing,10
56.1261,-0.8386,0,0.28474,0,174.94,playing,10
56.1423,-0.8386,0,0.27674,0,177.14,playing,10
56.1584,-2.5807,0,0.27674,0,179.49,playing,10
56.1746,-2.5807,0,0.29801,0,182.12,playing,10
56.1909,-2.5807,0,0.29801,0,185.03,playing,10
56.2068,-2.5807,0,0.26523,0,188.22,playing,10
56.2229,-2.5807,0,0.26523,0,191.7,playing,10
56.2399,-4.03,0,0.26523,0,195.71,playing,10
56.2562,-4.6656,0,0.27752,0,200.04,playing,10
56.272,-4.6656,0,0.27752,0,204.39,playing,10
56.2885,-5.411,0,0.28672,0,209.03,playing,10
56.3047,-5.411,0,0.27495,0,213.95,playing,10
56.3207,-5.411,0,0.27495,0,219.15,playing,10
56.3368,-7.6597,0,0.32408,0,224.63,playing,10
56.3526,-7.6597,0,0.32408,0,230.39,playing,10
56.3687,-7.6597,0,0.32408,0,236.44,playing,10
56.3863,-7.6597,0,0.28968,0,243.18,playing,10
56.4025,-7.6597,0,0.22201,0,250.23,playing,10
56.4186,-7.6597,0,0.22201,0,257.16,playing,10
56.4341,-19.6308,1,0.20166,0,264.37,playing,10
56.4503,-19.6308,0,0.20166,0,258.41,playing,10
56.4676,-10.9899,0,0.20166,0,252.73,playing,10
56.4835,-10.9899,0,0.19759,0,247.02,playing,10
56.4997,-10.9899,0,0.19403,0,241.92,playing,10
56.5157,-10.9899,0,0.19403,0,237.11,playing,10
56.5319,-10.9899,0,0.16171,0,232.57,playing,10
56.5481,-10.9899,0,0.16171,0,228.08,playing,10
56.5651,28.3911,0,0.18771,0,224.12,playing,10
56.5821,28.3911,0,0.18771,0,220.24,playing,10
56.5989,28.3911,0,0.18771,0,216.68,playing,10
56.6152,27.3453,0,0.17202,0,213.43,playing,10
56.6321,27.3453,0,0.17202,0,210.66,playing,10
56.6489,22.867,0,0.20434,0,208.03,playing,10
56.6659,22.867,0,0.20434,0,205.72,playing,10
56.6825,22.867,0,0.25769,1,203.73,playing,10
56.6982,17.5644,0,0.25769,0,202.14,playing,10
56.7149,17.5644,0,0.25486,0,200.82,playing,10
56.732,17.5644,0,0.25486,0,199.75,playing,10
56.7486,8.6998,0,0.26607,0,198.99,playing,10
56.7644,8.6998,0,0.26607,0,198.56,playing,10
56.7806,1.8684,0,0.2764,0,198.41,playing,10
56.7963,1.8684,0,0.2764,0,198.54,playing,10
56.8125,1.8684,0,0.29417,0,198.95,playing,10
56.8286,-0.9655,0,0.29417,0,199.65,playing,10
56.8449,-0.9655,0,0.27248,0,200.62,playing,10
56.8612,-0.9655,0,0.27248,0,201.98,playing,10
56.8773,-3.2386,0,0.3153,0,203.53,playing,10
56.8939,-3.2386,0,0.3153,0,205.37,playing,10
56.9111,-3.2386,0,0.26085,0,207.64,playing,10
56.9282,-5.0208,0,0.26085,0,210.23,playing,10
56.9443,-5.0208,0,0.26085,0,213.14,playing,10
56.9601,-5.0208,0,0.26085,0,216.16,playing,10
56.977,-5.0208,0,0.26085,0,219.46,playing,10
56.9939,-5.0208,0,0.32432,0,223.28,playing,10
57.0109,-21.6594,1,0.28455,0,227.42,playing,10
57.028,-21.6594,0,0.28455,0,221.11,playing,10
57.0453,-21.6594,0,0.25061,0,215.11,playing,10
57.0611,-32.741,0,0.25061,0,209.44,playing,10
57.077,-32.741,0,0.21658,0,204.38,playing,10
57.094,-32.741,0,0.21658,0,199.6,playing,10
57.1107,-22.8713,0,0.18496,0,194.84,playing,10
57.1268,-22.8713,0,0.18496,0,190.64,playing,10
57.1429,-22.8713,0,0.21318,0,186.72,playing,10
57.1602,-22.8713,0,0.21318,0,182.88,playing,10
57.1769,-22.8713,0,0.19745,0,179.35,playing,10
57.1939,-22.8713,0,0.19745,0,176.15,playing,10
57.2107,-22.8713,0,0.15262,0,173.26,playing,10
57.2267,-22.8713,0,0.15262,0,170.82,playing,10
57.2427,9.7678,0,0.16465,0,168.66,playing,10
57.2588,9.7678,0,0.16465,0,166.79,playing,10
57.2761,9.7678,0,0.18807,0,165.11,playing,10
57.2928,9.7678,0,0.18807,0,163.75,playing,10
57.3086,9.7678,0,0.18807,0,162.76,playing,10
57.3251,25.6448,0,0.18503,0,162.05,playing,10
57.3419,25.6448,0,0.18503,0,161.6,playing,10
57.3585,25.6448,0,0.18503,0,161.48,playing,10
57.3745,25.2864,0,0.18503,0,161.65,playing,10
57.391,25.2864,0,0.25062,1,162.1,playing,10
57.4081,25.2864,0,0.27408,0,162.89,playing,10
57.4246,19.0193,0,0.27408,0,164.0,playing,10
57.4407,19.0193,0,0.27408,0,165.33,playing,10
57.4568,8.4996,0,0.28781,0,166.94,playing,10
57.4729,8.4996,0,0.28781,0,168.83,playing,10
57.49,8.4996,0,0.26302,0,171.16,playing,10
57.507,4.5149,0,0.26302,0,173.8,playing,10
57.5232,4.5149,0,0.28425,0,176.77,playing,10
57.5394,4.5149,0,0.28425,0,179.84,playing,10
57.5562,4.5149,0,0.28425,0,183.19,playing,10
57.5725,4.5149,0,0.28886,0,187.07,playing,10
57.589,4.5149,0,0.28886,0,191.0,playing,10
57.6056,-4.2026,0,0.28146,0,195.5,playing,10
57.6216,-4.2026,0,0.28146,0,200.01,playing,10
57.6377,-4.2026,0,0.31631,0,204.81,playing,10
57.655,-4.2026,0,0.31631,0,210.22,playing,10
57.672,-4.2026,0,0.31631,0,215.95,playing,10
57.689,-4.2026,0,0.31631,0,222.0,playing,10
57.7056,-4.2026,0,0.31631,0,228.37,playing,10
57.7211,-4.2026,0,0.31772,0,234.64,playing,10
57.7381,-6.8113,0,0.31772,0,241.19,playing,11
57.7552,-6.8113,0,0.31655,0,248.48,playing,11
57.7712,-9.891,0,0.31655,0,256.08,playing,11
57.7873,-9.891,0,0.31655,0,263.51,playing,11
57.8038,-9.891,0,0.26958,0,271.23,playing,11
57.821,-35.7954,1,0.26958,0,279.75,playing,11
57.8371,-35.7954,0,0.19413,0,273.43,playing,11
57.8537,-35.7954,0,0.19413,0,267.78,playing,11
57.8692,14.807,0,0.22576,1,262.4,playing,11
57.8857,14.807,0,0.22576,0,257.3,playing,11
57.9018,14.807,0,0.22576,0,252.49,playing,11
57.9173,25.7323,0,0.22219,0,247.95,playing,11
57.9333,25.7323,0,0.22219,0,243.7,playing,11
57.9498,25.7323,0,0.2185,0,239.73,playing,11
57.9664,27.3145,0,0.2185,0,235.83,playing,11
57.9829,27.3145,0,0.23483,0,232.45,playing,11
57.9996,18.6015,0,0.23483,0,229.16,playing,11
58.0157,18.6015,0,0.23483,0,226.35,playing,11
58.0318,18.6015,0,0.23149,0,223.83,playing,11
58.0486,13.4648,0,0.23149,0,221.46,playing,11
58.0657,13.4648,0,0.23149,0,219.52,playing,11
58.0828,13.4648,0,0.25068,0,217.68,playing,11
58.0995,9.2879,0,0.25068,0,216.27,playing,11
58.1157,9.2879,0,0.22635,0,215.22,playing,11
58.132,2.2651,0,0.22635,0,214.46,playing,11
58.1491,2.2651,0,0.25822,0,213.96,playing,11
58.1652,2.2651,0,0.25822,0,213.78,playing,11
58.1813,2.2651,0,0.25822,0,213.9,playing,11
58.1974,2.2651,0,0.25859,0,214.29,playing,11
58.2134,2.2651,0,0.25859,0,214.97,playing,11
58.2298,-3.0116,0,0.29635,0,215.93,playing,11
58.2459,-3.0116,0,0.29635,0,217.17,playing,11
58.263,-3.0116,0,0.29635,0,218.8,playing,11
58.2795,-3.7812,0,0.2609,0,220.75,playing,11
58.2956,-3.7812,0,0.2609,0,222.87,playing,11
58.3117,-4.8783,0,0.27332,0,225.28,playing,11
58.3278,-4.8783,0,0.27332,0,227.96,playing,11
58.3443,-4.8783,0,0.27332,0,230.92,playing,11
58.3609,-5.0728,0,0.28099,0,234.39,playing,11
58.3769,-5.0728,0,0.28099,0,237.94,playing,11
58.3933,-5.0728,0,0.28099,0,242.02,playing,11
58.41,-7.0151,0,0.28099,0,246.15,playing,11
58.4271,-7.0151,0,0.2761,0,250.85,playing,11
58.4442,-7.0151,0,0.2761,0,255.87,playing,11
58.4609,-36.0631,1,0.30372,0,261.21,playing,11
58.4779,-36.0631,0,0.30372,0,254.9,playing,11
58.4945,-31.2496,0,0.30372,0,248.9,playing,11
58.5106,-31.2496,0,0.29532,0,243.54,playing,11
58.5267,-31.2496,0,0.29532,0,238.46,playing,11
58.5428,-4.4629,0,0.28494,0,233.67,playing,11
58.5587,-4.4629,0,0.28494,0,229.15,playing,11
58.5758,-4.4629,0,0.28494,0,224.92,playing,11
58.5929,16.199,0,0.21848,0,220.51,playing,11
58.6099,16.199,0,0.21848,0,216.67,playing,11
58.6265,25.902,0,0.17991,0,213.14,playing,11
58.6425,25.902,0,0.17991,0,210.11,playing,11
58.6591,25.902,0,0.24564,1,207.35,playing,11
58.6761,24.8745,0,0.24564,0,204.74,playing,11
58.6928,24.8745,0,0.18092,0,202.45,playing,11
58.7089,24.8745,0,0.18092,0,200.58,playing,11
58.7255,19.5602,0,0.18092,0,198.9,playing,11
58.7416,19.5602,0,0.23059,0,197.61,playing,11
58.7577,19.5602,0,0.23059,0,196.59,playing,11
58.7735,10.3595,0,0.2313,0,195.86,playing,11
58.7897,10.3595,0,0.2313,0,195.41,playing,11
58.8063,10.3595,0,0.2313,0,195.24,playing,11
58.8227,6.4246,0,0.20294,0,195.38,playing,11
58.8391,6.4246,0,0.20294,0,195.8,playing,11
58.8557,3.157,0,0.28886,0,196.55,playing,11
58.8717,3.157,0,0.28886,0,197.55,playing,11
58.8873,3.157,0,0.22755,0,198.82,playing,11
58.9033,-1.3302,0,0.22755,0,200.38,playing,11
58.9199,-1.3302,0,0.22755,0,202.22,playing,11
58.937,-1.3302,0,0.25439,0,204.49,playing,11
58.9534,-2.536,0,0.25439,0,207.08,playing,11
58.9695,-2.536,0,0.28899,0,209.8,playing,11
58.9861,-4.0436,0,0.28899,0,212.8,playing,11
59.0026,-4.244,0,0.30449,0,216.3,playing,11
59.0192,-4.244,0,0.30449,0,220.12,playing,11
59.0352,-5.1602,0,0.30449,0,224.0,playing,11
59.0515,-5.1602,0,0.29925,0,228.17,playing,11
59.0675,-5.1602,0,0.29925,0,232.61,playing,11
59.0835,-5.3202,0,0.29925,0,237.33,playing,11
59.0996,-5.3202,0,0.29925,0,242.34,playing,11
59.1157,-5.3202,0,0.29925,0,247.63,playing,11
59.1318,-8.3566,0,0.24994,0,253.2,playing,11
59.1473,-8.3566,0,0.24994,0,259.05,playing,11
59.1635,-8.3566,0,0.28236,0,265.18,playing,11
59.1799,-12.6278,0,0.28236,0,271.6,playing,11
59.1968,-12.6278,0,0.28034,0,278.73,playing,11
59.2125,-23.8316,1,0.28034,0,285.73,playing,11
59.2286,-23.8316,0,0.28034,0,279.77,playing,11
59.2443,-23.8316,0,0.2849,0,274.09,playing,11
59.2609,-27.0852,0,0.2849,0,268.69,playing,11
59.278,-27.0852,0,0.29336,0,263.28,playing,11
59.2942,-27.0852,0,0.29336,0,258.18,playing,11
59.3103,-17.7376,0,0.29336,0,253.67,playing,11
59.3264,-17.7376,0,0.25374,0,249.43,playing,11
59.3424,-17.7376,0,0.25374,0,245.48,playing,11
59.3579,3.9084,0,0.19883,0,241.81,playing,11
59.375,3.9084,0,0.19883,0,238.42,playing,11
59.392,16.7493,0,0.19058,0,235.14,playing,11
59.4089,16.7493,0,0.19058,0,232.18,playing,11
59.4258,16.7493,0,0.18577,0,229.53,playing,11
59.4427,28.1528,0,0.18577,0,227.2,playing,11
59.4583,28.1528,0,0.18577,0,225.29,playing,11
59.4744,28.1528,0,0.22103,1,223.66,playing,11
59.4904,28.1528,0,0.22103,0,222.31,playing,11
59.5065,28.1528,0,0.17142,0,221.25,playing,11
59.5222,28.1528,0,0.17142,0,220.46,playing,11
59.5388,28.1528,0,0.19756,0,219.96,playing,11
59.5548,28.1528,0,0.2461,0,219.74,playing,11
59.5721,21.0758,0,0.2461,0,219.82,playing,11
59.5881,10.7393,0,0.27693,0,220.23,playing,12
59.605,10.7393,0,0.27693,0,220.88,playing,12
59.6216,6.2107,0,0.26641,0,221.9,playing,12
59.6371,6.2107,0,0.26641,0,223.14,playing,12
59.6543,6.2107,0,0.28005,0,224.66,playing,12
59.6712,6.2107,0,0.28005,0,226.6,playing,12
59.687,6.2107,0,0.27693,0,228.85,playing,12
59.7036,6.2107,0,0.27693,0,231.25,playing,12
59.7203,-2.4531,0,0.27308,0,233.94,playing,12
59.7371,-2.4531,0,0.27308,0,237.11,playing,12
59.7537,-4.58,0,0.27308,0,240.59,playing,12
59.7696,-4.58,0,0.31265,0,244.16,playing,12
59.7857,-4.58,0,0.31265,0,248.0,playing,12
59.8015,-4.58,0,0.28419,0,252.13,playing,12
59.8175,-4.58,0,0.28419,0,256.53,playing,12
59.8338,-4.58,0,0.3078,0,261.22,playing,12
59.851,-6.3421,0,0.3078,0,266.52,playing,12
59.8679,-6.3421,0,0.27224,0,272.14,playing,12
59.8851,-9.9321,0,0.27224,0,278.08,playing,12
59.9011,-27.3372,1,0.27248,0,284.33,playing,12
59.9178,-27.3372,0,0.27248,0,278.38,playing,12
59.9344,-34.9529,0,0.28455,0,272.36,playing,12
59.9509,-34.9529,0,0.28455,0,266.98,playing,12
59.9675,-34.9529,0,0.22694,0,261.59,playing,12
59.9838,-29.5776,0,0.22694,0,256.79,playing,12
60.0006,-29.5776,0,0.18105,0,252.01,playing,12
60.0168,-29.5776,0,0.18105,1,247.8,playing,12
60.0332,-23.017,0,0.2336,0,243.64,playing,12
60.0496,-23.017,0,0.20404,0,240.0,playing,12
60.0657,-2.4606,0,0.20404,0,236.65,playing,12
60.0826,-2.4606,0,0.18443,0,233.4,playing,12
60.0983,-2.4606,0,0.18443,0,230.63,playing,12
60.1149,13.3582,0,0.18443,0,228.14,playing,12
60.1315,13.3582,0,0.18487,0,225.81,playing,12
60.1476,13.3582,0,0.18487,0,223.9,playing,12
60.1634,13.3582,0,0.16446,0,222.27,playing,12
60.1791,13.3582,0,0.16446,0,220.92,playing,12
60.196,13.3582,0,0.20941,0,219.86,playing,12
60.213,23.4647,0,0.20941,0,219.04,playing,12
60.2298,23.4647,0,0.22283,0,218.55,playing,12
60.2466,23.4647,0,0.22283,0,218.37,playing,12
60.2631,23.4647,0,0.22734,0,218.48,playing,12
60.2799,23.4647,0,0.22734,0,218.92,playing,12
60.2963,17.0757,0,0.27789,0,219.68,playing,12
60.313,17.0757,0,0.27789,0,220.67,playing,12
60.3298,17.0757,0,0.30195,0,222.04,playing,12
60.3462,2.6274,0,0.30195,0,223.74,playing,12
60.3628,2.6274,0,0.2848,0,225.61,playing,12
60.3798,2.6274,0,0.2848,0,227.92,playing,12
60.3956,-0.1654,0,0.29479,0,230.37,playing,12
60.4114,-0.1654,0,0.29479,0,233.11,playing,12
60.4279,-4.2434,0,0.26982,0,236.13,playing,12
60.4446,-4.2434,0,0.26982,0,239.65,playing,12
60.4604,-4.2434,0,0.26982,0,243.25,playing,12
60.4768,-5.1728,0,0.2615,0,247.13,playing,12
60.494,-5.1728,0,0.2615,0,251.57,playing,12
60.5111,-5.1728,0,0.26492,0,256.33,playing,12
60.5284,-6.0808,0,0.28059,0,261.4,playing,12
60.5445,-6.0808,0,0.28059,0,266.8,playing,12
60.5606,-6.1498,0,0.28059,0,272.16,playing,12
60.5779,-7.9137,0,0.30432,0,278.17,playing,12
60.5949,-7.9137,0,0.26541,0,284.5,playing,12
60.6116,-7.9137,0,0.26541,0,291.14,playing,12
60.6277,-7.9137,0,0.28855,0,297.68,playing,12
60.6433,-7.9137,0,0.28855,0,304.5,playing,12
60.6603,-30.2368,1,0.22239,0,311.6,playing,12
60.6764,-30.2368,0,0.22239,0,305.29,playing,12
60.6926,-30.2368,0,0.18223,0,299.63,playing,12
60.7082,-22.754,0,0.18223,0,294.25,playing,12
60.7243,-22.754,0,0.20981,0,289.16,playing,12
60.7406,-9.6366,0,0.20981,0,284.34,playing,12
60.7566,-9.6366,0,0.23386,1,279.81,playing,12
60.7727,-9.6366,0,0.23386,0,275.56,playing,12
60.7889,23.6531,0,0.24195,0,271.59,playing,12
60.806,23.6531,0,0.24195,0,267.69,playing,12
60.8227,23.6531,0,0.24195,0,264.11,playing,12
60.8386,24.8278,0,0.20112,0,261.02,playing,12
60.8544,24.8278,0,0.20112,0,258.21,playing,12
60.8701,24.8278,0,0.23836,0,255.68,playing,12
60.8869,18.3634,0,0.23836,0,253.44,playing,12
60.9039,18.3634,0,0.20939,0,251.37,playing,12
60.9208,13.6371,0,0.20939,0,249.62,playing,12
60.9378,13.6371,0,0.2539,0,248.19,playing,12
60.9546,13.6371,0,0.2539,0,247.08,playing,12
60.9704,9.0107,0,0.26155,0,246.31,playing,12
60.986,9.0107,0,0.26155,0,245.82,playing,12
61.0032,9.0107,0,0.26935,0,245.62,playing,12
61.0196,3.1725,0,0.26935,0,245.72,playing,12
61.0355,3.1725,0,0.26483,0,246.1,playing,12
61.0516,3.1725,0,0.26483,0,246.76,playing,12
61.068,1.2067,0,0.26506,0,247.7,playing,12
61.0847,1.2067,0,0.26506,0,249.02,playing,12
61.1014,-0.8845,0,0.26579,0,250.65,playing,12
61.1177,-0.8845,0,0.26579,0,252.47,playing,12
61.134,-0.8845,0,0.2471,0,254.58,playing,12
61.1509,-3.694,0,0.2471,0,257.13,playing,12
61.1678,-3.694,0,0.2471,0,260.0,playing,12
61.1842,-3.694,0,0.26122,0,262.98,playing,12
61.2014,-3.7001,0,0.26122,0,266.47,playing,12
61.2191,-3.7001,0,0.27677,0,270.52,playing,12
61.2359,-4.6289,0,0.27966,0,274.66,playing,12
61.2522,-4.6289,0,0.27966,0,279.12,playing,12
61.2684,-4.6289,0,0.28892,0,283.59,playing,12
61.2846,-9.1372,0,0.28892,0,288.35,playing,12
61.3003,-9.1372,0,0.28584,0,293.4,playing,12
61.316,-9.1372,0,0.28584,0,298.72,playing,12
61.333,-32.3455,1,0.27318,0,304.32,playing,12
61.3501,-32.3455,0,0.27318,0,298.01,playing,12
61.3664,-32.3455,0,0.21127,0,292.02,playing,12
61.3827,-32.3455,0,0.21127,0,286.66,playing,12
61.3986,-32.3455,0,0.22255,1,281.58,playing,12
61.4148,-32.3455,0,0.22255,0,276.78,playing,12
61.431,-26.7232,0,0.21368,0,272.0,playing,13
61.4476,-26.7232,0,0.21368,0,267.79,playing,13
61.4638,-26.7232,0,0.18124,0,263.85,playing,13
61.4801,-26.7232,0,0.18124,0,259.99,playing,13
61.4972,-26.7232,0,0.14603,0,256.64,playing,13
61.514,-26.7232,0,0.14603,0,253.39,playing,13
61.5314,-26.7232,0,0.14603,0,250.46,playing,13
61.5478,-26.7232,0,0.2067,0,247.85,playing,13
61.565,-11.3549,0,0.2067,0,245.56,playing,13
61.5815,-11.3549,0,0.2477,0,243.59,playing,13
61.5979,18.593,0,0.2477,0,242.01,playing,13
61.615,13.1404,0,0.2666,0,240.66,playing,13
61.633,13.1404,0,0.2666,0,239.62,playing,13
61.6492,6.6361,0,0.27381,0,238.87,playing,13
61.665,6.6361,0,0.26154,0,238.5,playing,13
61.682,6.6361,0,0.26154,0,238.4,playing,13
61.6989,3.8417,0,0.31,0,238.61,playing,13
61.7157,3.8417,0,0.31,0,239.14,playing,13
61.7316,1.7281,0,0.27809,0,239.93,playing,13
61.7476,1.7281,0,0.27809,0,240.99,playing,13
61.7635,1.7281,0,0.27325,0,242.34,playing,13
61.7798,-1.3866,0,0.27325,0,243.96,playing,13
61.7961,-1.3866,0,0.28073,0,246.01,playing,13
61.813,-1.3866,0,0.28073,0,248.22,playing,13
61.8298,-2.2712,0,0.28102,0,250.88,playing,13
61.8464,-2.2712,0,0.28102,0,253.86,playing,13
61.8629,-2.2712,0,0.28102,0,256.95,playing,13
61.8798,-2.4403,0,0.28118,0,260.55,playing,13
61.8964,-2.4403,0,0.28118,0,264.47,playing,13
61.9123,-15.1738,0,0.30073,0,268.44,playing,13
61.9288,-15.1738,0,0.30073,0,272.69,playing,13
61.9449,-15.1738,0,0.27923,0,277.22,playing,13
61.9619,-15.1738,0,0.27923,0,282.35,playing,13
61.9791,-15.1738,0,0.27686,0,287.8,playing,13
61.9958,-15.1738,0,0.27686,0,293.57,playing,13
62.0125,-15.1738,0,0.21021,0,299.65,playing,13
62.0281,-15.1738,0,0.21021,0,305.66,playing,13
62.0442,-15.1738,0,0.16214,0,311.95,playing,13
62.0606,-35.5773,1,0.16214,0,318.53,playing,13
62.0775,-35.5773,0,0.19399,0,312.21,playing,13
62.0939,-35.5773,0,0.19399,0,306.56,playing,13
62.1108,-35.5773,0,0.17001,0,300.86,playing,13
62.128,-35.5773,0,0.17001,0,295.48,playing,13
62.1451,-35.5773,0,0.24304,1,290.42,playing,13
62.1621,-35.5773,0,0.24304,0,285.68,playing,13
62.1788,-35.5773,0,0.22734,0,281.26,playing,13
62.196,-35.5773,0,0.23842,0,277.15,playing,13
62.2122,-35.5773,0,0.23842,0,273.37,playing,13
62.2287,-33.5521,0,0.23842,0,270.08,playing,13
62.2451,-33.5521,0,0.23842,0,267.08,playing,13
62.2618,-33.5521,0,0.27097,0,264.21,playing,13
62.2788,-21.2701,0,0.27097,0,261.66,playing,13
62.2956,-21.2701,0,0.25381,0,259.42,playing,13
62.3118,-21.2701,0,0.25381,0,257.6,playing,13
62.3289,5.6253,0,0.26646,0,255.98,playing,13
62.3459,5.6253,0,0.28141,0,254.68,playing,13
62.363,-0.1531,0,0.28141,0,253.7,playing,13
62.3801,-0.1531,0,0.29293,0,253.03,playing,13
62.3962,-0.1531,0,0.29293,0,252.69,playing,13
62.4129,-1.7448,0,0.269,0,252.64,playing,13
62.43,-1.7448,0,0.269,0,252.91,playing,13
62.4462,-1.7448,0,0.25381,0,253.5,playing,13
62.4635,-1.7448,0,0.25381,0,254.33,playing,13
62.4811,-1.7448,0,0.28006,0,255.63,playing,13
62.4984,-1.7448,0,0.29925,0,257.17,playing,13
62.5152,-1.7448,0,0.29925,0,259.03,playing,13
62.5313,-1.7448,0,0.27678,0,261.21,playing,13
62.5479,-35.2149,1,0.27678,0,263.54,playing,13
62.5641,-35.2149,0,0.27678,0,257.58,playing,13
62.5806,-35.2149,0,0.217,0,251.57,playing,13
62.5968,-35.2149,0,0.217,0,246.19,playing,13
62.6139,-35.2149,0,0.20629,0,240.8,playing,13
62.6311,-16.6795,0,0.20629,0,235.72,playing,13
62.6482,-16.6795,0,0.15291,0,230.96,playing,13
62.6644,-16.6795,0,0.15291,0,226.52,playing,13
62.6805,5.6446,0,0.18713,0,222.62,playing,13
62.6969,5.6446,0,0.18713,0,219.0,playing,13
62.7141,5.6446,0,0.20654,0,215.47,playing,13
62.7299,22.5028,0,0.20654,0,212.27,playing,13
62.746,22.5028,0,0.17436,0,209.53,playing,13
62.7629,22.5028,0,0.17436,0,207.07,playing,13
62.7801,23.0486,0,0.20404,0,204.78,playing,13
62.7972,23.0486,0,0.20404,0,202.81,playing,13
62.8137,23.0486,0,0.1929,0,201.15,playing,13
62.8296,23.0486,0,0.1929,0,199.87,playing,13
62.8459,23.0486,0,0.26276,1,198.88,playing,13
62.8627,14.3178,0,0.26276,0,198.14,playing,13
62.8793,14.3178,0,0.26671,0,197.73,playing,13
62.8951,14.3178,0,0.26671,0,197.6,playing,13
62.9113,6.6191,0,0.27623,0,197.77,playing,13
62.9275,6.6191,0,0.27623,0,198.22,playing,13
62.9438,6.6191,0,0.27623,0,198.95,playing,13
62.9603,2.9163,0,0.27623,0,200.04,playing,13
62.9765,2.9163,0,0.27623,0,201.35,playing,13
62.9929,0.7684,0,0.31063,0,202.94,playing,13
63.01,0.7684,0,0.28744,0,204.95,playing,13
63.0267,0.7684,0,0.28744,0,207.28,playing,13
63.0423,-0.851,0,0.26541,0,209.75,playing,13
63.0591,-0.851,0,0.26541,0,212.5,playing,13
63.0758,-0.851,0,0.27224,0,215.75,playing,13
63.0929,-3.2414,0,0.27224,0,219.31,playing,13
63.1096,-3.2414,0,0.28438,0,223.19,playing,13
63.1254,-4.1149,0,0.28438,0,227.12,playing,13
63.1415,-4.2479,0,0.31915,0,231.34,playing,13
63.1572,-4.2479,0,0.31915,0,235.83,playing,13
63.1732,-4.2479,0,0.2772,0,240.61,playing,13
63.1904,-4.2479,0,0.2772,0,245.67,playing,13
63.2065,-4.2479,0,0.31808,0,251.36,playing,13
63.2227,-33.1103,1,0.31808,0,257.0,playing,13
63.2403,-33.1103,0,0.29786,0,250.69,playing,13
63.2565,-33.1103,0,0.29786,0,244.7,playing,13
63.2727,-34.3194,0,0.29786,0,239.34,playing,14
63.2887,-34.3194,0,0.21115,0,234.26,playing,14
63.3049,-21.3077,0,0.21115,0,229.46,playing,14
63.3218,-21.3077,0,0.22557,1,224.68,playing,14
63.3378,-21.3077,0,0.22557,0,220.47,playing,14
63.355,15.7475,0,0.22557,0,216.3,playing,14
63.372,15.7475,0,0.22557,0,212.46,playing,14
63.3889,15.7475,0,0.20431,0,208.94,playing,14
63.4059,19.8875,0,0.20431,0,205.73,playing,14
63.4226,19.8875,0,0.20615,0,202.84,playing,14
63.4384,19.8875,0,0.20615,0,200.4,playing,14
63.4551,19.0827,0,0.24992,0,198.24,playing,14
63.4727,19.0827,0,0.22755,0,196.27,playing,14
63.4889,12.0663,0,0.22755,0,194.61,playing,14
63.5061,12.0663,0,0.22755,0,193.27,playing,14
63.5225,12.0663,0,0.27036,0,192.25,playing,14
63.5387,8.2439,0,0.27036,0,191.58,playing,14
63.555,8.2439,0,0.27836,0,191.18,playing,14
63.5721,8.2439,0,0.27836,0,191.08,playing,14
63.5891,8.2439,0,0.27273,0,191.29,playing,14
63.6052,8.2439,0,0.27273,0,191.82,playing,14
63.6214,8.2439,0,0.27273,0,192.6,playing,14
63.6379,8.2439,0,0.2925,0,193.67,playing,14
63.6547,8.2439,0,0.2925,0,195.12,playing,14
63.6707,8.2439,0,0.2925,0,196.76,playing,14
63.6867,8.2439,0,0.2925,0,198.69,playing,14
63.7025,8.2439,0,0.2925,0,200.9,playing,14
63.7201,5.089,0,0.25752,0,203.56,playing,14
63.7367,5.089,0,0.25752,0,206.54,playing,14
63.7531,5.089,0,0.25776,0,209.63,playing,14
63.7693,-2.617,0,0.25776,0,213.23,playing,14
63.786,-2.617,0,0.29882,0,216.9,playing,14
63.8027,-3.7085,0,0.29882,0,221.11,playing,14
63.8186,-3.7085,0,0.27647,0,225.36,playing,14
63.8347,-3.7085,0,0.27647,0,229.89,playing,14
63.8505,-3.4779,0,0.27647,0,234.71,playing,14
63.8662,-3.4779,0,0.29093,0,239.8,playing,14
63.8831,-3.4779,0,0.29093,0,245.18,playing,14
63.9001,-31.7831,1,0.30646,0,251.21,playing,14
63.9167,-31.7831,0,0.30646,0,244.9,playing,14
63.9329,-31.7831,0,0.28151,0,239.24,playing,14
63.9497,-30.6232,0,0.28151,0,233.54,playing,14
63.9656,-30.6232,0,0.30083,0,228.46,playing,14
63.9822,-11.8201,0,0.30083,0,223.67,playing,14
63.9982,-11.8201,0,0.30083,0,218.89,playing,14
64.0141,-11.8201,0,0.23125,0,214.67,playing,14
64.0306,-1.2121,0,0.23125,0,210.74,playing,14
64.047,-1.2121,0,0.23125,0,207.08,playing,14
64.0631,-1.2121,0,0.23125,0,203.52,playing,14
64.0801,-1.2121,0,0.2191,0,200.45,playing,14
64.0973,-1.2121,0,0.2191,0,197.5,playing,14
64.1136,-1.2121,0,0.2191,0,194.87,playing,14
64.1294,28.3071,0,0.17112,0,192.68,playing,14
64.1456,28.3071,0,0.17112,0,190.77,playing,14
64.1619,28.3071,0,0.19883,0,189.14,playing,14
64.1785,24.2215,0,0.19883,0,187.73,playing,14
64.1948,24.2215,0,0.19883,0,186.68,playing,14
64.2113,18.9135,0,0.19719,0,185.92,playing,14
64.2279,18.9135,0,0.19719,0,185.42,playing,14
64.2441,18.9135,0,0.1995,0,185.24,playing,14
64.2614,13.7267,0,0.1995,0,185.36,playing,14
64.2783,13.7267,0,0.1995,1,185.79,playing,14
64.2948,13.7267,0,0.24999,0,186.55,playing,14
64.3115,4.9406,0,0.24999,0,187.62,playing,14
64.328,4.9406,0,0.27643,0,188.92,playing,14
64.3446,-0.2212,0,0.27643,0,190.61,playing,14
64.36,-0.2212,0,0.27643,0,192.48,playing,14
64.3771,-0.2212,0,0.27643,0,194.64,playing,14
64.3942,-2.2263,0,0.27643,0,197.25,playing,14
64.4111,-2.2263,0,0.30176,0,200.17,playing,14
64.4278,-2.2263,0,0.30176,0,203.41,playing,14
64.4447,-4.0923,0,0.28888,0,206.98,playing,14
64.461,-4.0923,0,0.28888,0,210.61,playing,14
64.4771,-4.5209,0,0.28559,0,214.79,playing,14
64.4935,-4.5209,0,0.28559,0,219.0,playing,14
64.5097,-4.5209,0,0.28559,0,223.5,playing,14
64.5259,-9.3905,0,0.26592,0,228.28,playing,14
64.5425,-9.3905,0,0.26592,0,233.67,playing,14
64.5586,-9.3905,0,0.31343,0,239.03,playing,14
64.5747,-35.1667,1,0.31343,0,244.67,playing,14
64.591,-35.1667,0,0.2802,0,238.71,playing,14
64.6072,-35.1667,0,0.2802,0,232.7,playing,14
64.6233,-28.4005,0,0.2802,0,227.32,playing,14
64.6406,-28.4005,0,0.25422,0,221.92,playing,14
64.6565,-28.4005,0,0.25422,0,217.13,playing,14
64.6734,-28.4005,0,0.21619,0,212.61,playing,14
64.69,-28.4005,0,0.21619,0,208.13,playing,14
64.7065,20.1466,0,0.22363,1,203.97,playing,14
64.7229,20.1466,0,0.22363,0,200.34,playing,14
64.7403,20.1466,0,0.22363,0,196.79,playing,14
64.7568,26.472,0,0.22363,0,193.56,playing,14
64.7738,26.472,0,0.21155,0,190.66,playing,14
64.7899,26.472,0,0.21155,0,188.2,playing,14
64.8072,20.04,0,0.19315,0,185.91,playing,14
64.8244,20.04,0,0.19315,0,183.93,playing,14
64.8407,15.0875,0,0.19315,0,182.28,playing,14
64.8563,15.0875,0,0.19654,0,181.0,playing,14
64.8727,15.0875,0,0.19654,0,180.01,playing,14
64.8889,11.3291,0,0.23023,0,179.29,playing,14
64.906,11.3291,0,0.23023,0,178.85,playing,14
64.9226,11.3291,0,0.22314,0,178.73,playing,14
64.9392,5.0743,0,0.22314,0,178.9,playing,14
64.9553,5.0743,0,0.22314,0,179.39,playing,14
64.9721,1.7364,0,0.27395,0,180.14,playing,14
64.9892,1.7364,0,0.27395,0,181.25,playing,14
65.0054,1.7364,0,0.26627,0,182.68,playing,14
65.0215,-2.0068,0,0.26627,0,184.31,playing,14
65.0377,-2.0068,0,0.30678,0,186.22,playing,14
65.0541,-2.0068,0,0.30678,0,188.41,playing,14
65.0705,-2.0068,0,0.30678,0,191.05,playing,14
65.0869,-2.0068,0,0.27259,0,193.82,playing,14
65.1038,-2.0068,0,0.27259,0,197.09,playing,14
65.1192,-3.9745,0,0.29053,0,200.44,playing,15
65.1357,-3.9745,0,0.29053,0,204.07,playing,15
65.1528,-4.6332,0,0.29053,0,207.99,playing,15
65.1694,-4.6332,0,0.30306,0,212.75,playing,15
65.1863,-4.6332,0,0.30306,0,217.26,playing,15
65.2027,-17.9636,0,0.29191,0,222.37,playing,15
65.2189,-17.9636,0,0.29191,0,227.47,playing,15
65.2362,-17.9636,0,0.32169,0,233.2,playing,15
65.253,-30.264,1,0.32169,0,239.25,playing,15
65.2699,-30.264,0,0.28601,0,232.94,playing,15
65.2865,-30.264,0,0.28601,0,226.94,playing,15
65.3028,-30.264,0,0.28601,0,221.58,playing,15
65.3187,-30.264,0,0.20694,0,216.5,playing,15
65.3346,-0.3843,0,0.20694,0,211.71,playing,15
65.3513,-0.3843,0,0.22691,1,207.19,playing,15
65.3671,-0.3843,0,0.22691,0,202.71,playing,15
65.3835,17.6795,0,0.22691,0,198.78,playing,15
65.3998,17.6795,0,0.2214,0,195.12,playing,15
65.417,17.6795,0,0.2214,0,191.56,playing,15
65.4333,25.9182,0,0.18732,0,188.32,playing,15
65.4499,25.9182,0,0.18732,0,185.54,playing,15
65.4665,26.9763,0,0.20655,0,182.92,playing,15
65.4824,23.2538,0,0.20655,0,180.72,playing,15
65.499,23.2538,0,0.17768,0,178.81,playing,15
65.516,18.1663,0,0.17768,0,177.1,playing,15
65.5329,18.1663,0,0.17768,0,175.71,playing,15
65.5497,18.1663,0,0.21041,0,174.63,playing,15
65.5672,8.8625,0,0.21041,0,173.87,playing,15
65.583,8.8625,0,0.2389,0,173.43,playing,15
65.6002,4.8456,0,0.2389,0,173.3,playing,15
65.6168,4.8456,0,0.23639,0,173.48,playing,15
65.6332,4.8456,0,0.23639,0,173.97,playing,15
65.6504,2.1735,0,0.23639,0,174.72,playing,15
65.6663,2.1735,0,0.2461,0,175.83,playing,15
65.6824,2.1735,0,0.2461,0,177.16,playing,15
65.6986,-1.8696,0,0.31544,0,178.77,playing,15
65.7145,-1.8696,0,0.31544,0,180.66,playing,15
65.7308,-1.8696,0,0.31544,0,182.83,playing,15
65.7474,-1.8696,0,0.2974,0,185.46,playing,15
65.7638,-1.8696,0,0.2974,0,188.21,playing,15
65.7803,-1.8696,0,0.26146,0,191.25,playing,15
65.7966,-5.3087,0,0.26146,0,194.79,playing,15
65.8128,-5.3087,0,0.32917,0,198.41,playing,15
65.8301,-5.6526,0,0.32917,0,202.57,playing,15
65.8466,-5.6526,0,0.32917,0,207.04,playing,15
65.8625,-5.6526,0,0.28204,0,211.54,playing,15
65.8788,-4.7614,0,0.28204,0,216.32,playing,15
65.8944,-4.7614,0,0.32256,0,221.38,playing,15
65.9106,-4.7614,0,0.32256,0,226.72,playing,15
65.9264,-4.7934,0,0.26846,0,232.34,playing,15
65.9428,-4.7934,0,0.26846,0,238.24,playing,15
65.9588,-4.7934,0,0.26846,0,244.43,playing,15
65.9755,-3.9923,0,0.29882,0,250.9,playing,15
65.9925,-3.9923,0,0.29882,0,258.09,playing,15
66.0081,-4.2492,0,0.28326,0,265.59,playing,15
66.0245,-4.2492,0,0.28326,0,272.94,playing,15
66.0402,-4.2492,0,0.28326,0,280.57,playing,15
66.0573,-22.0703,1,0.28626,0,288.48,playing,15
66.0741,-22.0703,0,0.28626,0,282.17,playing,15
66.0906,-22.0703,0,0.29774,0,276.17,playing,15
66.1072,-28.0896,0,0.29774,0,270.81,playing,15
66.1236,-28.0896,0,0.29774,0,265.44,playing,15
66.1398,-13.5709,0,0.24949,0,260.66,playing,15
66.1565,-13.5709,0,0.24949,0,255.9,playing,15
66.1729,-13.5709,0,0.24352,0,251.7,playing,15
66.1901,-5.4658,0,0.24352,0,247.56,playing,15
66.207,-5.4658,0,0.20825,0,243.73,playing,15
66.2239,-5.4658,0,0.20825,0,240.22,playing,15
66.2406,16.5874,0,0.19612,0,237.03,playing,15
66.2565,16.5874,0,0.19612,0,234.31,playing,15
66.2733,16.5874,0,0.19612,1,231.88,playing,15
66.291,16.5874,0,0.22991,0,229.49,playing,15
66.3081,16.5874,0,0.22991,0,227.55,playing,15
66.3244,30.8439,0,0.20205,0,225.93,playing,15
66.3407,30.8439,0,0.20205,0,224.69,playing,15
66.3567,30.8439,0,0.20442,0,223.73,playing,15
66.3731,26.1332,0,0.20442,0,223.05,playing,15
66.3902,26.1332,0,0.17425,0,222.65,playing,15
66.4067,26.1332,0,0.17425,0,222.57,playing,15
66.4233,14.926,0,0.17425,0,222.8,playing,15
66.4394,14.926,0,0.20376,0,223.3,playing,15
66.4562,10.1283,0,0.20376,0,224.08,playing,15
66.4728,5.9361,0,0.24616,0,225.23,playing,15
66.4899,5.9361,0,0.24616,0,226.7,playing,15
66.5068,2.4334,0,0.24616,0,228.48,playing,15
66.5236,2.4334,0,0.28953,0,230.59,playing,15
66.5395,2.4334,0,0.28953,0,232.85,playing,15
66.556,2.4334,0,0.26258,0,235.39,playing,15
66.5733,2.4334,0,0.26258,0,238.41,playing,15
66.5902,-0.0158,0,0.27972,0,241.75,playing,15
66.6073,-3.5793,0,0.27972,0,245.4,playing,15
66.6234,-3.5793,0,0.30839,0,249.37,playing,15
66.6392,-4.8899,0,0.28027,0,253.39,playing,15
66.6552,-4.8899,0,0.28027,0,257.7,playing,15
66.6715,-4.8899,0,0.26918,0,262.28,playing,15
66.6874,-5.4628,0,0.26918,0,267.15,playing,15
66.704,-5.4628,0,0.28494,0,272.29,playing,15
66.7209,-5.4628,0,0.26862,0,278.08,playing,15
66.738,-5.8039,0,0.26862,0,284.19,playing,15
66.7547,-5.8039,0,0.30188,0,290.61,playing,15
66.7705,-5.8039,0,0.30188,0,296.93,playing,15
66.7874,-5.8039,0,0.30188,0,303.54,playing,15
66.8037,-5.8039,0,0.27764,0,310.88,playing,15
66.8199,-38.5601,1,0.27764,0,318.07,playing,15
66.8361,-38.5601,0,0.2064,0,311.76,playing,15
66.8522,-38.5601,0,0.2064,0,306.1,playing,15
66.8686,-25.1886,0,0.22694,1,300.72,playing,15
66.8846,-25.1886,0,0.22694,0,295.63,playing,15
66.9007,-25.1886,0,0.2079,0,290.81,playing,15
66.9169,-25.1886,0,0.2079,0,286.28,playing,15
66.934,-25.1886,0,0.17194,0,281.78,playing,15
66.9509,7.3457,0,0.17194,0,277.6,playing,15
66.9664,23.5748,0,0.20535,0,273.95,playing,16
66.9826,23.5748,0,0.20535,0,270.58,playing,16
66.9984,28.3255,0,0.19413,0,267.49,playing,16
67.0143,28.3255,0,0.19413,0,264.68,playing,16
67.0311,28.3255,0,0.24675,0,262.15,playing,16
67.048,20.9912,0,0.24675,0,259.79,playing,16
67.0649,20.9912,0,0.25512,0,257.74,playing,16
67.082,20.9912,0,0.25512,0,256.01,playing,16
67.0991,16.4012,0,0.2587,0,254.59,playing,16
67.1153,16.4012,0,0.2587,0,253.5,playing,16
67.1317,7.1545,0,0.26935,0,252.75,playing,16
67.1475,7.1545,0,0.26935,0,252.28,playing,16
67.1641,7.1545,0,0.26935,0,252.1,playing,16
67.1804,3.8544,0,0.25355,0,252.22,playing,16
67.1962,3.8544,0,0.25355,0,252.61,playing,16
67.2125,3.8544,0,0.27318,0,253.29,playing,16
67.2283,-1.587,0,0.27318,0,254.25,playing,16
67.2445,-1.587,0,0.28506,0,255.49,playing,16
67.2608,-1.587,0,0.28506,0,257.01,playing,16
67.2776,-3.0442,0,0.24619,0,258.94,playing,16
67.2935,-3.0442,0,0.24619,0,261.05,playing,16
67.3099,-3.1827,0,0.28212,0,263.43,playing,16
67.3278,-3.1827,0,0.26488,0,266.28,playing,16
67.3449,-3.1827,0,0.26488,0,269.66,playing,16
67.3618,-3.8016,0,0.28172,0,273.16,playing,16
67.3776,-3.8016,0,0.28172,0,276.74,playing,16
67.3935,-3.8016,0,0.27736,0,280.61,playing,16
67.4095,-4.8217,0,0.27736,0,284.75,playing,16
67.4258,-4.8217,0,0.25408,0,289.17,playing,16
67.4415,-4.8217,0,0.25408,0,293.88,playing,16
67.4578,-8.3842,0,0.25408,0,298.87,playing,16
67.4734,-8.3842,0,0.27778,0,304.14,playing,16
67.4899,-13.1429,0,0.27778,0,309.69,playing,16
67.5069,-13.1429,0,0.27778,0,315.91,playing,16
67.5236,-13.1429,0,0.25793,0,322.44,playing,16
67.5393,-25.45,1,0.24711,0,328.88,playing,16
67.5554,-25.45,0,0.24711,0,322.92,playing,16
67.5712,-25.45,0,0.21626,0,317.24,playing,16
67.5872,-27.0537,0,0.21626,0,311.85,playing,16
67.6031,-27.0537,0,0.18931,0,306.73,playing,16
67.62,-27.0537,0,0.18931,0,301.9,playing,16
67.6373,-16.3825,0,0.20677,0,297.08,playing,16
67.6534,-16.3825,0,0.20677,0,292.59,playing,16
67.6695,-16.3825,0,0.17921,0,288.63,playing,16
67.6861,21.3914,0,0.17921,0,284.96,playing,16
67.7029,21.3914,0,0.18042,0,281.38,playing,16
67.7194,30.6319,0,0.18042,0,278.12,playing,16
67.7363,30.6319,0,0.15359,0,275.33,playing,16
67.7524,30.6319,0,0.15359,0,272.68,playing,16
67.7681,29.1162,0,0.18288,0,270.47,playing,16
67.7848,29.1162,0,0.18288,0,268.54,playing,16
67.8008,29.1162,0,0.21186,0,266.9,playing,16
67.8176,18.2005,0,0.21186,0,265.47,playing,16
67.8335,18.2005,0,0.18402,0,264.4,playing,16
67.8491,18.2005,0,0.18402,0,263.62,playing,16
67.8662,12.5388,0,0.18402,0,263.11,playing,16
67.8832,12.5388,0,0.24305,1,262.9,playing,16
67.9002,5.144,0,0.24305,0,263.0,playing,16
67.9169,5.144,0,0.23905,0,263.42,playing,16
67.9338,5.144,0,0.23905,0,264.16,playing,16
67.9501,1.9314,0,0.22774,0,265.21,playing,16
67.9677,1.9314,0,0.24599,0,266.49,playing,16
67.9849,-0.3436,0,0.24599,0,268.28,playing,16
68.0024,-2.1309,0,0.26509,0,270.29,playing,16
68.0191,-2.1309,0,0.26509,0,272.62,playing,16
68.0361,-3.426,0,0.27754,0,275.26,playing,16
68.0532,-3.426,0,0.27754,0,278.22,playing,16
68.07,-3.426,0,0.2669,0,281.51,playing,16
68.0869,-3.426,0,0.2669,0,285.1,playing,16
68.1038,-3.426,0,0.26242,0,289.02,playing,16
68.1209,-4.0184,0,0.26242,0,293.26,playing,16
68.1376,-4.5641,0,0.27428,0,297.81,playing,16
68.1538,-4.5641,0,0.27428,0,302.37,playing,16
68.1698,-4.9185,0,0.27949,0,307.22,playing,16
68.1858,-4.9185,0,0.27949,0,312.35,playing,16
68.2028,-4.9185,0,0.27949,0,318.12,playing,16
68.22,-4.9185,0,0.26969,0,324.21,playing,16
68.237,-4.9185,0,0.26969,0,330.61,playing,16
68.2531,-4.9185,0,0.26859,0,337.33,playing,16
68.2694,-3.7589,0,0.26859,0,343.94,playing,16
68.286,-3.7589,0,0.27235,0,350.83,playing,16
68.3038,-4.1454,0,0.26505,0,358.47,playing,16
68.3197,-4.1454,0,0.26505,0,366.42,playing,16
68.3355,-4.1454,0,0.26505,0,374.19,playing,16
68.3518,-33.9631,1,0.31015,0,382.24,playing,16
68.3689,-33.9631,0,0.22423,0,375.93,playing,16
68.3861,-33.9631,0,0.22423,0,369.94,playing,16
68.4025,-33.9631,0,0.22423,0,364.26,playing,16
68.4194,-33.9631,0,0.21081,0,358.9,playing,16
68.4357,-18.1771,0,0.17739,0,354.14,playing,16
68.4518,-18.1771,0,0.17739,0,349.66,playing,16
68.4687,-18.1771,0,0.20838,0,345.22,playing,16
68.4847,24.0615,0,0.20838,0,341.32,playing,16
68.5013,24.0615,0,0.19335,0,337.7,playing,16
68.5175,24.0615,0,0.19335,0,334.18,playing,16
68.5333,24.0615,0,0.22241,1,331.14,playing,16
68.5493,24.0615,0,0.22241,0,328.39,playing,16
68.5656,24.0615,0,0.22241,0,325.91,playing,16
68.583,18.5442,0,0.23101,0,323.6,playing,16
68.5999,18.5442,0,0.23101,0,321.61,playing,16
68.6166,14.2183,0,0.24987,0,319.93,playing,16
68.6328,14.2183,0,0.24987,0,318.64,playing,16
68.6499,14.2183,0,0.25724,0,317.58,playing,16
68.6668,10.119,0,0.25724,0,316.84,playing,16
68.6826,10.119,0,0.26608,0,316.43,playing,16
68.6982,10.119,0,0.26608,0,316.3,playing,16
68.7145,3.6948,0,0.26232,0,316.44,playing,16
68.7308,3.6948,0,0.26232,0,316.88,playing,16
68.7479,3.6948,0,0.29621,0,317.65,playing,16
68.7651,1.6682,0,0.29621,0,318.74,playing,16
68.7814,1.6682,0,0.32063,0,320.15,playing,16
68.7973,-2.3248,0,0.32063,0,321.76,playing,16
68.8136,-2.3248,0,0.24779,0,323.66,playing,17
68.8296,-2.3248,0,0.24779,0,325.83,playing,17
68.8457,-3.6517,0,0.27203,0,328.28,playing,17
68.8616,-3.6517,0,0.27203,0,331.02,playing,17
68.8779,-3.6517,0,0.26949,0,334.04,playing,17
68.8946,-6.0117,0,0.26949,0,337.56,playing,17
68.9107,-6.0117,0,0.26949,0,341.16,playing,17
68.9263,-6.0117,0,0.25427,0,345.04,playing,17
68.9424,-28.6593,1,0.25427,0,349.2,playing,17
68.9586,-28.6593,0,0.25427,0,343.24,playing,17
68.9748,-33.9224,0,0.25427,0,337.57,playing,17
68.9914,-18.0253,0,0.20806,0,331.85,playing,17
69.0075,-18.0253,0,0.20806,0,326.76,playing,17
69.0232,-9.4138,0,0.17816,0,321.94,playing,17
69.0394,-9.4138,0,0.17816,0,317.41,playing,17
69.056,-9.4138,0,0.18596,0,313.16,playing,17
69.0723,-2.3868,0,0.18596,1,308.96,playing,17
69.0888,-2.3868,0,0.23451,0,305.29,playing,17
69.1061,-2.3868,0,0.17843,0,301.71,playing,17
69.1232,31.1037,0,0.17843,0,298.44,playing,17
69.1394,31.1037,0,0.18455,0,295.5,playing,17
69.1552,30.8938,0,0.18455,0,293.0,playing,17
69.1721,30.8938,0,0.24228,0,290.79,playing,17
69.1888,30.8938,0,0.24228,0,288.76,playing,17
69.2049,19.4126,0,0.22575,0,287.14,playing,17
69.2216,19.4126,0,0.22575,0,285.72,playing,17
69.2372,19.4126,0,0.28056,0,284.68,playing,17
69.2534,13.119,0,0.28056,0,283.91,playing,17
69.2696,13.119,0,0.28056,0,283.42,playing,17
69.2856,13.119,0,0.28056,0,283.22,playing,17
69.3019,7.9546,0,0.27381,0,283.3,playing,17
69.3191,7.9546,0,0.28428,0,283.7,playing,17
69.3358,4.7415,0,0.28428,0,284.42,playing,17
69.3528,4.7415,0,0.28428,0,285.46,playing,17
69.3685,4.7415,0,0.28428,0,286.71,playing,17
69.3851,-0.9273,0,0.27248,0,288.25,playing,17
69.4016,-0.9273,0,0.27248,0,290.21,playing,17
69.4172,-0.9273,0,0.28423,0,292.33,playing,17
69.4333,-4.7874,0,0.28423,0,294.73,playing,17
69.4493,-4.7874,0,0.27235,0,297.41,playing,17
69.4653,-4.7874,0,0.27235,0,300.38,playing,17
69.4812,-4.7874,0,0.29136,0,303.62,playing,17
69.4976,-4.7874,0,0.29136,0,307.15,playing,17
69.5132,-4.7874,0,0.27271,0,310.96,playing,17
69.5303,-4.7874,0,0.27271,0,315.05,playing,17
69.5472,-4.7874,0,0.26111,0,319.72,playing,17
69.5642,-5.5456,0,0.26111,0,324.7,playing,17
69.5809,-5.5456,0,0.29147,0,330.0,playing,17
69.5982,-5.5456,0,0.29147,0,335.62,playing,17
69.6151,-5.5456,0,0.29147,0,341.55,playing,17
69.6321,-5.5456,0,0.19948,0,347.81,playing,17
69.6503,-5.5456,0,0.22658,1,354.38,playing,17
69.6662,-16.2621,1,0.22658,0,361.7,playing,17
69.6824,-16.2621,0,0.18798,0,355.74,playing,17
69.6985,-1.5648,0,0.18798,0,350.06,playing,17
69.7146,-1.5648,0,0.22673,0,344.67,playing,17
69.7303,-1.5648,0,0.22673,0,339.55,playing,17
69.7472,18.5204,0,0.22673,0,334.72,playing,17
69.7639,18.5204,0,0.22673,0,329.9,playing,17
69.7804,18.5204,0,0.20298,0,325.41,playing,17
69.7964,28.0342,0,0.20298,0,321.45,playing,17
69.8126,28.0342,0,0.19978,0,317.78,playing,17
69.8285,28.0342,0,0.19978,0,314.39,playing,17
69.8448,23.5517,0,0.21989,0,311.29,playing,17
69.8616,23.5517,0,0.21989,0,308.3,playing,17
69.8778,17.9483,0,0.25019,0,305.78,playing,17
69.8939,17.9483,0,0.25019,0,303.53,playing,17
69.9112,17.9483,0,0.28513,0,301.47,playing,17
69.9278,7.6693,0,0.28513,0,299.72,playing,17
69.9436,7.6693,0,0.26908,0,298.35,playing,17
69.9595,7.6693,0,0.26908,0,297.27,playing,17
69.9753,3.681,0,0.26908,0,296.47,playing,17
69.9915,3.681,0,0.24623,0,295.95,playing,17
70.0073,3.681,0,0.24623,0,295.71,playing,17
70.0237,-0.6822,0,0.24305,0,295.75,playing,17
70.0405,-0.6822,0,0.24305,0,296.12,playing,17
70.0561,-0.6822,0,0.29956,0,296.74,playing,17
70.0728,-0.6822,0,0.29956,0,297.65,playing,17
70.0895,-0.6822,0,0.2686,0,298.93,playing,17
70.1059,-5.8143,0,0.2686,0,300.41,playing,17
70.1225,-5.8143,0,0.28059,0,302.31,playing,17
70.1381,-5.8143,0,0.28059,0,304.38,playing,17
70.1547,-5.8143,0,0.28059,0,306.72,playing,17
70.1703,-5.8143,0,0.28059,0,309.36,playing,17
70.1863,-5.8143,0,0.28059,0,312.27,playing,17
70.2025,-37.386,1,0.24975,0,315.46,playing,17
70.2186,-37.386,0,0.23886,0,309.5,playing,17
70.2347,-37.386,0,0.23886,0,303.83,playing,17
70.2501,-31.6608,0,0.18586,0,298.43,playing,17
70.2667,-31.6608,0,0.18586,0,293.32,playing,17
70.2828,-22.3796,0,0.23777,1,288.48,playing,17
70.2999,-22.3796,0,0.23777,0,283.67,playing,17
70.317,-22.3796,0,0.23777,0,279.17,playing,17
70.3341,29.0746,0,0.18778,0,274.99,playing,17
70.3504,29.0746,0,0.18778,0,271.13,playing,17
70.3675,29.0746,0,0.19121,0,267.77,playing,17
70.3831,29.8302,0,0.19121,0,264.53,playing,17
70.3997,29.8302,0,0.20363,0,261.76,playing,17
70.4155,25.6084,0,0.20363,0,259.26,playing,17
70.4319,25.6084,0,0.20053,0,257.06,playing,17
70.4482,25.6084,0,0.20053,0,255.03,playing,17
70.4648,13.8247,0,0.28807,0,253.4,playing,17
70.4817,13.8247,0,0.25824,0,251.98,playing,17
70.4978,13.8247,0,0.25824,0,250.94,playing,17
70.5146,8.6751,0,0.25379,0,250.14,playing,17
70.5305,8.6751,0,0.25379,0,249.67,playing,17
70.546,8.6751,0,0.25379,0,249.49,playing,17
70.5624,5.0381,0,0.25379,0,249.58,playing,17
70.5782,5.0381,0,0.272,0,249.96,playing,17
70.5952,5.0381,0,0.272,0,250.62,playing,17
70.6119,1.785,0,0.272,0,251.64,playing,17
70.6293,1.785,0,0.25373,0,252.97,playing,17
70.6456,1.785,0,0.25373,0,254.63,playing,17
70.6617,1.785,0,0.29129,0,256.47,playing,18
70.6782,1.785,0,0.29129,0,258.59,playing,18
70.6947,-3.9094,0,0.29129,0,261.16,playing,18
70.7107,-3.9094,0,0.29129,0,263.86,playing,18
70.7267,-3.9094,0,0.29129,0,266.84,playing,18
70.7424,-3.9094,0,0.26087,0,270.1,playing,18
70.7585,-3.9094,0,0.26087,0,273.65,playing,18
70.7747,-3.9094,0,0.29831,0,277.48,playing,18
70.7909,-3.9094,0,0.29831,0,281.59,playing,18
70.8075,-3.9094,0,0.29831,0,286.27,playing,18
70.824,-3.9094,0,0.26582,0,290.96,playing,18
70.841,-3.9094,0,0.26582,0,296.26,playing,18
70.8581,-3.9094,0,0.3036,0,301.88,playing,18
70.8742,-10.0626,1,0.3036,0,307.82,playing,18
70.8914,-10.0626,0,0.19028,0,301.86,playing,18
70.9077,-10.0626,0,0.19028,0,295.84,playing,18
70.9241,11.0769,0,0.22557,1,290.47,playing,18
70.9406,11.0769,0,0.22557,0,285.07,playing,18
70.9566,24.7044,0,0.22557,0,280.27,playing,18
70.9738,24.7044,0,0.22654,0,275.49,playing,18
70.9902,24.7044,0,0.22654,0,271.03,playing,18
71.0068,26.621,0,0.24711,0,267.12,playing,18
71.024,26.621,0,0.24711,0,263.27,playing,18
71.0413,26.621,0,0.24711,0,259.75,playing,18
71.0579,21.9138,0,0.1883,0,256.54,playing,18
71.0751,21.9138,0,0.1883,0,253.65,playing,18
71.0918,11.53,0,0.1883,0,251.08,playing,18
71.108,11.53,0,0.1883,0,248.94,playing,18
71.1247,11.53,0,0.19178,0,246.98,playing,18
71.1411,7.0108,0,0.19178,0,245.43,playing,18
71.158,7.0108,0,0.19178,0,244.09,playing,18
71.1747,7.0108,0,0.23433,0,243.07,playing,18
71.1906,7.0108,0,0.23433,0,242.39,playing,18
71.2082,7.0108,0,0.27287,0,241.99,playing,18
71.2242,7.0108,0,0.27287,0,241.9,playing,18
71.2408,-1.9664,0,0.29539,0,242.1,playing,18
71.2578,-1.9664,0,0.29539,0,242.63,playing,18
71.2747,-3.8249,0,0.29472,0,243.48,playing,18
71.291,-3.8249,0,0.29472,0,244.57,playing,18
71.3079,-3.8249,0,0.29472,0,246.03,playing,18
71.3248,-5.8306,0,0.29748,0,247.82,playing,18
71.3414,-5.8306,0,0.29748,0,249.92,playing,18
71.3582,-5.8306,0,0.26866,0,252.18,playing,18
71.3746,-20.1405,1,0.26866,0,254.9,playing,18
71.3904,-20.1405,0,0.25357,0,248.94,playing,18
71.4068,-37.5136,0,0.25357,0,243.27,playing,18
71.4231,-37.5136,0,0.25357,0,237.87,playing,18
71.439,-37.5136,0,0.30524,0,232.46,playing,18
71.4553,-25.5048,0,0.30524,0,227.64,playing,18
71.4712,-25.5048,0,0.25752,0,223.11,playing,18
71.4878,-25.5048,0,0.25752,0,218.86,playing,18
71.504,-9.1272,0,0.21764,0,214.89,playing,18
71.5203,-9.1272,0,0.21764,0,210.99,playing,18
71.5364,-9.1272,0,0.19606,0,207.6,playing,18
71.5528,24.4768,0,0.19606,0,204.49,playing,18
71.5682,24.4768,0,0.19606,0,201.67,playing,18
71.5845,24.4768,0,0.1957,0,199.12,playing,18
71.6005,24.4768,0,0.1957,0,196.86,playing,18
71.6165,24.4768,0,0.20311,0,194.88,playing,18
71.6329,26.7196,0,0.20311,0,193.18,playing,18
71.6496,26.7196,0,0.20663,0,191.69,playing,18
71.666,26.7196,0,0.20663,0,190.58,playing,18
71.683,14.6382,0,0.20663,0,189.71,playing,18
71.6996,14.6382,0,0.1882,0,189.15,playing,18
71.7159,14.6382,0,0.1882,0,188.91,playing,18
71.7329,10.3385,0,0.1929,0,188.98,playing,18
71.7499,10.3385,0,0.1929,0,189.36,playing,18
71.7665,6.7137,0,0.2419,1,190.06,playing,18
71.7828,6.7137,0,0.2419,0,191.0,playing,18
71.8001,6.7137,0,0.24599,0,192.32,playing,18
71.8168,3.4506,0,0.24599,0,193.96,playing,18
71.8332,3.4506,0,0.24599,0,195.91,playing,18
71.8494,3.4506,0,0.27051,0,198.03,playing,18
71.865,-0.8621,0,0.27051,0,200.43,playing,18
71.8818,-0.8621,0,0.29583,0,203.11,playing,18
71.8984,-0.8621,0,0.29583,0,206.28,playing,18
71.9145,-0.8621,0,0.29583,0,209.55,playing,18
71.9308,-0.8621,0,0.28374,0,213.09,playing,18
71.9478,-5.0845,0,0.28374,0,217.18,playing,18
71.9637,-5.0845,0,0.27746,0,221.3,playing,18
71.9795,-5.0845,0,0.27746,0,225.71,playing,18
71.9952,-5.4591,0,0.32445,0,230.4,playing,18
72.0121,-5.4591,0,0.32445,0,235.37,playing,18
72.0288,-5.4591,0,0.27674,0,240.97,playing,18
72.0444,-5.4591,0,0.27674,0,246.52,playing,18
72.0608,-5.4591,0,0.27674,0,252.36,playing,18
72.078,-5.4591,0,0.23071,0,258.87,playing,18
72.0952,-25.6804,1,0.23071,0,265.71,playing,18
72.1113,-25.6804,0,0.22672,0,259.4,playing,18
72.1278,-11.7899,0,0.22672,0,253.74,playing,18
72.1434,-11.7899,0,0.22672,0,248.36,playing,18
72.161,-11.7899,0,0.21853,0,242.96,playing,18
72.1774,4.3011,0,0.21853,0,237.89,playing,18
72.1932,4.3011,0,0.23438,1,233.39,playing,18
72.2097,4.3011,0,0.23438,0,229.17,playing,18
72.2258,4.3011,0,0.17941,0,225.24,playing,18
72.2423,4.3011,0,0.17941,0,221.37,playing,18
72.2584,4.3011,0,0.19125,0,218.02,playing,18
72.2741,28.3729,0,0.19125,0,214.95,playing,18
72.291,28.3729,0,0.19125,0,212.16,playing,18
72.308,23.1428,0,0.16002,0,209.51,playing,18
72.3251,23.1428,0,0.16002,0,207.18,playing,18
72.3415,23.1428,0,0.21049,0,205.17,playing,18
72.3577,12.6643,0,0.21049,0,203.56,playing,18
72.3743,12.6643,0,0.21049,0,202.23,playing,18
72.392,12.6643,0,0.24638,0,201.09,playing,18
72.4088,8.3908,0,0.24638,0,200.33,playing,18
72.4244,8.3908,0,0.2461,0,199.9,playing,18
72.4407,4.9053,0,0.2461,0,199.75,playing,18
72.4566,4.9053,0,0.23881,0,199.88,playing,18
72.4725,4.9053,0,0.23881,0,200.29,playing,18
72.4884,4.9053,0,0.23881,0,200.99,playing,18
72.5047,4.9053,0,0.2471,0,201.97,playing,19
72.5212,4.9053,0,0.2471,0,203.22,playing,19
72.5378,4.9053,0,0.2471,0,204.88,playing,19
72.5544,4.9053,0,0.26573,0,206.85,playing,19
72.571,4.9053,0,0.26573,0,208.99,playing,19
72.5883,-4.8507,0,0.26112,0,211.58,playing,19
72.6046,-4.8507,0,0.26112,0,214.48,playing,19
72.6205,-10.0885,0,0.26112,0,217.5,playing,19
72.637,-10.0885,0,0.26112,0,220.8,playing,19
72.6534,-10.0885,0,0.29078,0,224.62,playing,19
72.67,-34.0133,1,0.29078,0,228.5,playing,19
72.6875,-34.0133,0,0.29078,0,222.19,playing,19
72.7042,-34.0133,0,0.26911,0,216.2,playing,19
72.7202,-30.5365,0,0.26911,0,210.52,playing,19
72.7364,-30.5365,0,0.18431,0,205.46,playing,19
72.7531,-30.5365,0,0.18431,0,200.68,playing,19
72.7698,-6.7802,0,0.20201,0,195.92,playing,19
72.7859,-6.7802,0,0.20201,0,191.72,playing,19
72.8029,15.7862,0,0.23351,1,187.58,playing,19
72.8202,15.7862,0,0.23351,0,183.75,playing,19
72.8373,15.7862,0,0.23351,0,180.25,playing,19
72.8536,27.8776,0,0.22925,0,177.06,playing,19
72.8696,27.8776,0,0.22925,0,174.34,playing,19
72.8858,27.8776,0,0.17309,0,171.9,playing,19
72.9032,28.271,0,0.17309,0,169.63,playing,19
72.9197,28.271,0,0.19307,0,167.67,playing,19
72.9369,19.1875,0,0.19307,0,166.03,playing,19
72.9533,19.1875,0,0.19307,0,164.72,playing,19
72.97,19.1875,0,0.20846,0,163.76,playing,19
72.9866,9.7355,0,0.20846,0,163.05,playing,19
73.0025,9.7355,0,0.20977,0,162.67,playing,19
73.0199,9.7355,0,0.20977,0,162.59,playing,19
73.0369,5.8284,0,0.25024,0,162.82,playing,19
73.0543,5.8284,0,0.25024,0,163.37,playing,19
73.0711,2.2938,0,0.26599,0,164.24,playing,19
73.0876,2.2938,0,0.26599,0,165.43,playing,19
73.1033,2.2938,0,0.26599,0,166.83,playing,19
73.1195,-2.551,0,0.28152,0,168.51,playing,19
73.1358,-2.551,0,0.28152,0,170.47,playing,19
73.1519,-2.551,0,0.29307,0,172.71,playing,19
73.1685,-4.4337,0,0.29307,0,175.41,playing,19
73.1844,-4.4337,0,0.29307,0,178.24,playing,19
73.201,-4.4337,0,0.28448,0,181.34,playing,19
73.2181,-5.183,0,0.28448,0,184.96,playing,19
73.2353,-5.183,0,0.25024,0,188.89,playing,19
73.2514,-5.3216,0,0.25024,0,193.15,playing,19
73.2678,-5.3216,0,0.31832,0,197.43,playing,19
73.2843,-5.3216,0,0.31832,0,202.3,playing,19
73.3011,-5.5641,0,0.31832,0,207.17,playing,19
73.3178,-5.5641,0,0.31661,0,212.66,playing,19
73.3335,-5.5641,0,0.31661,0,218.1,playing,19
73.3495,-4.5455,0,0.28419,0,223.83,playing,19
73.3656,-4.5455,0,0.28419,0,229.84,playing,19
73.3818,-4.5455,0,0.31975,0,236.13,playing,19
73.3976,-4.5455,0,0.31975,0,242.7,playing,19
73.4136,-4.5455,0,0.31975,0,249.56,playing,19
73.4314,-4.4938,0,0.29619,0,257.16,playing,19
73.4476,-11.3016,0,0.29619,0,265.08,playing,19
73.4633,-11.3016,0,0.28802,0,272.81,playing,19
73.4795,-11.3016,0,0.28802,0,280.83,playing,19
73.4953,-11.3016,0,0.29321,0,289.13,playing,19
73.5123,-11.3016,0,0.29321,0,297.71,playing,19
73.5284,-27.2618,1,0.29321,0,307.14,playing,19
73.5443,-27.2618,0,0.29321,0,301.18,playing,19
73.5602,-27.2618,0,0.26893,0,295.5,playing,19
73.5767,-17.611,0,0.26893,0,290.11,playing,19
73.5927,-17.611,0,0.26893,0,285.0,playing,19
73.6093,-17.611,0,0.21518,0,280.16,playing,19
73.6256,-17.611,0,0.21518,0,275.35,playing,19
73.6421,-17.611,0,0.18585,0,271.1,playing,19
73.6585,29.7358,0,0.18585,0,266.9,playing,19
73.6746,29.7358,0,0.18585,0,263.23,playing,19
73.6906,29.7358,0,0.19573,0,259.84,playing,19
73.7067,32.3052,0,0.19145,0,256.73,playing,19
73.7229,32.3052,0,0.19145,0,253.9,playing,19
73.7401,32.3052,0,0.20577,0,251.22,playing,19
73.7568,27.9745,0,0.16472,0,248.85,playing,19
73.7738,27.9745,0,0.16472,0,246.81,playing,19
73.7899,22.1006,0,0.20497,0,245.16,playing,19
73.8068,16.3332,0,0.20497,0,243.73,playing,19
73.8225,16.3332,0,0.22049,1,242.66,playing,19
73.8383,16.3332,0,0.2577,0,241.88,playing,19
73.8544,16.3332,0,0.2577,0,241.38,playing,19
73.8701,16.3332,0,0.26984,0,241.15,playing,19
73.8872,3.882,0,0.26984,0,241.22,playing,19
73.9034,3.882,0,0.23924,0,241.6,playing,19
73.92,3.882,0,0.25527,0,242.24,playing,19
73.9369,0.9488,0,0.25527,0,243.24,playing,19
73.9539,0.9488,0,0.27325,0,244.56,playing,19
73.9705,-1.156,0,0.27325,0,246.19,playing,19
73.9872,-1.156,0,0.28531,0,248.01,playing,19
74.0043,-1.156,0,0.27595,0,250.27,playing,19
74.0199,-1.156,0,0.27595,0,252.84,playing,19
74.0367,-1.156,0,0.26843,0,255.54,playing,19
74.0524,-1.156,0,0.26843,0,258.52,playing,19
74.0682,-4.6071,0,0.26931,0,261.78,playing,19
74.0851,-4.6071,0,0.26931,0,265.33,playing,19
74.102,-4.6071,0,0.2734,0,269.41,playing,19
74.1183,-4.6071,0,0.2734,0,273.82,playing,19
74.1343,-4.6071,0,0.26632,0,278.24,playing,19
74.1502,-5.3828,0,0.26632,0,282.95,playing,19
74.1664,-5.3828,0,0.26632,0,287.94,playing,19
74.1833,-5.3828,0,0.26632,0,293.21,playing,19
74.1993,-22.4274,1,0.27271,0,299.13,playing,19
74.2155,-22.4274,0,0.28595,0,293.17,playing,19
74.2319,-22.4274,0,0.28595,0,287.49,playing,19
74.2483,-30.2788,0,0.23007,0,281.78,playing,19
74.2643,-30.2788,0,0.23007,0,276.68,playing,19
74.2801,-30.2788,0,0.20629,0,271.87,playing,19
74.2967,-30.2788,0,0.20629,0,267.33,playing,19
74.3127,-30.2788,0,0.20577,0,263.08,playing,19
74.329,-30.2788,0,0.20577,0,259.11,playing,19
74.3457,-23.3249,0,0.21714,0,255.21,playing,19
74.3627,-23.3249,0,0.21714,0,251.63,playing,20
74.379,-10.4676,0,0.19854,0,248.54,playing,20
74.3962,-10.4676,0,0.19854,0,245.58,playing,20
74.4129,-10.4676,0,0.14918,0,242.93,playing,20
74.4301,27.1163,0,0.14918,0,240.6,playing,20
74.4466,27.1163,0,0.15667,0,238.59,playing,20
74.4628,27.1163,0,0.15667,0,236.98,playing,20
74.479,23.4452,0,0.19582,0,235.65,playing,20
74.4955,23.4452,0,0.19582,0,234.56,playing,20
74.5119,18.4462,0,0.22444,1,233.81,playing,20
74.5282,18.4462,0,0.22444,0,233.33,playing,20
74.545,18.4462,0,0.22444,0,233.16,playing,20
74.5617,9.007,0,0.22444,0,233.3,playing,20
74.5784,9.007,0,0.27778,0,233.71,playing,20
74.5946,9.007,0,0.27778,0,234.47,playing,20
74.6108,5.3821,0,0.2696,0,235.46,playing,20
74.628,5.3821,0,0.2696,0,236.84,playing,20
74.6459,2.4152,0,0.24671,0,238.53,playing,20
74.6626,0.1774,0,0.24671,0,240.68,playing,20
74.6781,0.1774,0,0.26122,0,242.87,playing,20
74.6942,-1.1099,0,0.26122,0,245.34,playing,20
74.711,-1.1099,0,0.2885,0,248.09,playing,20
74.7279,-1.1099,0,0.2885,0,251.33,playing,20
74.7447,-3.0507,0,0.29955,0,254.9,playing,20
74.7606,-3.0507,0,0.29955,0,258.53,playing,20
74.7764,-3.0507,0,0.28111,0,262.45,playing,20
74.7925,-4.3459,0,0.28111,0,266.64,playing,20
74.8084,-4.3459,0,0.25019,0,271.12,playing,20
74.8241,-4.3459,0,0.25019,0,275.88,playing,20
74.8402,-6.0959,0,0.30155,0,280.92,playing,20
74.8572,-6.0959,0,0.30155,0,286.25,playing,20
74.8737,-6.0959,0,0.30155,0,292.22,playing,20
74.8893,-6.0959,0,0.27571,0,298.12,playing,20
74.9051,-6.0959,0,0.27571,0,304.31,playing,20
74.9214,-36.9181,1,0.27571,0,310.78,playing,20
74.9374,-36.9181,0,0.22094,0,304.82,playing,20
74.9533,-36.9181,0,0.22094,0,299.14,playing,20
74.9691,-32.6368,0,0.22094,0,293.75,playing,20
74.9859,-32.6368,0,0.17471,0,288.63,playing,20
75.003,-32.6368,0,0.17471,0,283.52,playing,20
75.0193,20.139,0,0.18354,0,278.72,playing,20
75.0356,20.139,0,0.18354,0,274.49,playing,20
75.0519,24.4809,0,0.22334,1,270.53,playing,20
75.069,24.4809,0,0.22334,0,266.65,playing,20
75.0859,24.4809,0,0.19014,0,263.09,playing,20
75.1029,22.3925,0,0.19014,0,259.84,playing,20
75.1199,22.3925,0,0.22336,0,256.92,playing,20
75.1378,22.3925,0,0.20738,0,254.31,playing,20
75.1546,13.9657,0,0.20738,0,251.9,playing,20
75.1704,13.9657,0,0.25447,0,250.04,playing,20
75.1863,10.2669,0,0.25447,0,248.47,playing,20
75.203,10.2669,0,0.25126,0,247.17,playing,20
75.2195,10.2669,0,0.25126,0,246.12,playing,20
75.2358,4.0529,0,0.25126,0,245.4,playing,20
75.2529,4.0529,0,0.25126,0,244.96,playing,20
75.2695,4.0529,0,0.25821,0,244.84,playing,20
75.2851,1.5166,0,0.27579,0,245.01,playing,20
75.3017,1.5166,0,0.27579,0,245.45,playing,20
75.3177,1.5166,0,0.27717,0,246.18,playing,20
75.3339,-0.4542,0,0.27717,0,247.19,playing,20
75.3509,-0.4542,0,0.27717,0,248.59,playing,20
75.3673,-1.8727,0,0.27717,0,250.3,playing,20
75.3836,-1.8727,0,0.26125,0,252.19,playing,20
75.3997,-1.8727,0,0.26125,0,254.36,playing,20
75.4152,-3.806,0,0.28005,0,256.81,playing,20
75.4319,-3.806,0,0.28005,0,259.55,playing,20
75.449,-3.806,0,0.28172,0,262.78,playing,20
75.4659,-4.1504,0,0.28172,0,266.32,playing,20
75.4826,-4.1504,0,0.28559,0,270.18,playing,20
75.4983,-4.1504,0,0.28559,0,274.09,playing,20
75.5143,-8.2015,0,0.27344,0,278.29,playing,20
75.5303,-8.2015,0,0.27344,0,282.77,playing,20
75.5466,-31.3093,1,0.27686,0,287.53,playing,20
75.5627,-31.3093,0,0.27686,0,281.57,playing,20
75.579,-31.3093,0,0.27686,0,275.56,playing,20
75.5963,-30.0405,0,0.18345,0,270.18,playing,20
75.6126,-30.0405,0,0.18345,0,264.78,playing,20
75.6289,-30.0405,0,0.19674,0,259.99,playing,20
75.6458,-16.7164,0,0.19674,0,255.21,playing,20
75.6625,-16.7164,0,0.18798,0,250.75,playing,20
75.679,-16.7164,0,0.18798,0,246.83,playing,20
75.6955,13.9395,0,0.18567,0,242.99,playing,20
75.7123,13.9395,0,0.18567,0,239.65,playing,20
75.7286,27.291,0,0.19283,0,236.43,playing,20
75.745,27.291,0,0.19283,0,233.67,playing,20
75.7614,27.291,0,0.19283,0,231.06,playing,20
75.7782,23.7903,0,0.19283,0,228.89,playing,20
75.7944,23.7903,0,0.21869,0,226.89,playing,20
75.81,23.7903,0,0.1814,0,225.3,playing,20
75.8271,23.7903,0,0.1814,0,223.99,playing,20
75.8439,23.7903,0,0.23111,1,222.91,playing,20
75.8608,18.9365,0,0.23111,0,222.15,playing,20
75.8767,14.1139,0,0.23977,0,221.72,playing,20
75.8928,14.1139,0,0.23977,0,221.57,playing,20
75.91,6.3308,0,0.25846,0,221.73,playing,20
75.9269,6.3308,0,0.25846,0,222.21,playing,20
75.9435,6.3308,0,0.25846,0,223.0,playing,20
75.9594,3.2883,0,0.28979,0,224.03,playing,20
75.9757,3.2883,0,0.28979,0,225.34,playing,20
75.9917,3.2883,0,0.2387,0,226.93,playing,20
76.0076,0.4382,0,0.2387,0,228.8,playing,20
76.0234,0.4382,0,0.30174,0,230.96,playing,20
76.0396,-1.5238,0,0.30174,0,233.4,playing,20
76.0559,-3.2659,0,0.28516,0,236.11,playing,20
76.0729,-3.2659,0,0.28516,0,239.32,playing,20
76.0899,-3.2659,0,0.30392,0,242.85,playing,20
76.107,-3.2659,0,0.30392,0,246.69,playing,20
76.124,-3.2659,0,0.27678,0,250.85,playing,20
76.1411,-3.7039,0,0.27678,0,255.32,playing,20
76.1574,-3.7039,0,0.27678,0,260.12,playing,20
76.1743,-4.1303,0,0.27678,0,264.92,playing,20
76.1911,-4.6569,0,0.30059,0,270.33,playing,21
76.2084,-4.6569,0,0.26587,0,276.06,playing,21
76.2251,-7.8279,0,0.26587,0,282.11,playing,21
76.2422,-7.8279,0,0.24289,0,288.47,playing,21
76.2585,-7.8279,0,0.24289,0,295.16,playing,21
76.2749,-34.0441,1,0.24289,0,301.73,playing,21
76.2922,-34.0441,0,0.24289,0,295.42,playing,21
76.3088,-34.0441,0,0.20533,0,289.43,playing,21
76.3242,-14.9714,0,0.20143,0,284.07,playing,21
76.3407,-14.9714,0,0.20143,0,278.99,playing,21
76.3566,-4.6411,0,0.22508,1,274.19,playing,21
76.3724,-4.6411,0,0.22508,0,269.67,playing,21
76.3885,-4.6411,0,0.22935,0,265.44,playing,21
76.4047,16.337,0,0.22935,0,261.49,playing,21
76.4205,16.337,0,0.19351,0,257.82,playing,21
76.4362,16.337,0,0.19351,0,254.43,playing,21
76.4522,23.8662,0,0.20688,0,251.32,playing,21
76.4681,23.8662,0,0.20688,0,248.5,playing,21
76.4849,23.8662,0,0.20225,0,245.95,playing,21
76.5021,20.4451,0,0.20225,0,243.57,playing,21
76.5188,20.4451,0,0.20174,0,241.5,playing,21
76.5358,11.6941,0,0.20174,0,239.75,playing,21
76.5528,11.6941,0,0.20174,0,238.32,playing,21
76.5697,11.6941,0,0.20174,0,237.21,playing,21
76.5854,11.6941,0,0.25811,0,236.44,playing,21
76.6015,11.6941,0,0.25811,0,235.96,playing,21
76.618,11.6941,0,0.27693,0,235.75,playing,21
76.635,7.871,0,0.27693,0,235.85,playing,21
76.6512,7.871,0,0.27693,0,236.27,playing,21
76.6682,7.871,0,0.2464,0,236.95,playing,21
76.6843,0.6573,0,0.2464,0,237.99,playing,21
76.7004,0.6573,0,0.27891,0,239.25,playing,21
76.717,0.6573,0,0.27891,0,240.78,playing,21
76.7339,0.6573,0,0.29479,0,242.74,playing,21
76.7512,0.6573,0,0.29479,0,245.01,playing,21
76.7678,-3.0267,0,0.28647,0,247.6,playing,21
76.7861,-3.0267,0,0.28647,0,250.51,playing,21
76.8033,-3.0267,0,0.28899,0,253.94,playing,21
76.8196,-4.1657,0,0.27222,0,257.5,playing,21
76.8353,-4.1657,0,0.27222,0,261.14,playing,21
76.8515,-5.2812,0,0.28821,0,265.05,playing,21
76.8673,-5.2812,0,0.28821,0,269.25,playing,21
76.8841,-5.2812,0,0.30524,0,273.73,playing,21
76.9009,-28.8022,1,0.30524,0,278.8,playing,21
76.918,-28.8022,0,0.25438,0,272.49,playing,21
76.9341,-28.8022,0,0.25438,0,266.5,playing,21
76.9513,-30.0734,0,0.20398,0,261.14,playing,21
76.9671,-30.0734,0,0.20398,0,255.76,playing,21
76.9836,-30.0734,0,0.20398,0,250.98,playing,21
76.9999,-12.402,0,0.19118,0,246.48,playing,21
77.0162,-12.402,0,0.19118,0,242.02,playing,21
77.0325,-7.851,0,0.19094,0,238.1,playing,21
77.0489,-7.851,0,0.19094,0,234.47,playing,21
77.0658,-7.851,0,0.21574,0,230.92,playing,21
77.0814,-7.851,0,0.21574,0,227.87,playing,21
77.0972,-7.851,0,0.18042,0,225.1,playing,21
77.1136,-7.851,0,0.18042,0,222.61,playing,21
77.1296,27.4736,0,0.19031,0,220.4,playing,21
77.1455,27.4736,0,0.19031,0,218.47,playing,21
77.1611,27.4736,0,0.21027,0,216.82,playing,21
77.1775,27.3403,0,0.21027,0,215.46,playing,21
77.1932,27.3403,0,0.18239,0,214.37,playing,21
77.2098,27.3403,0,0.18239,0,213.57,playing,21
77.2264,27.3403,0,0.2539,1,213.04,playing,21
77.2425,27.3403,0,0.2539,0,212.82,playing,21
77.2582,13.0592,0,0.25899,0,212.88,playing,21
77.2753,13.0592,0,0.25899,0,213.22,playing,21
77.2917,13.0592,0,0.27426,0,213.9,playing,21
77.3076,8.279,0,0.27426,0,214.83,playing,21
77.3239,8.279,0,0.26859,0,216.03,playing,21
77.3408,8.279,0,0.26859,0,217.63,playing,21
77.358,8.279,0,0.26859,0,219.54,playing,21
77.3745,8.279,0,0.26488,0,221.78,playing,21
77.3902,4.1914,0,0.26488,0,224.16,playing,21
77.407,-0.8685,0,0.25082,0,226.83,playing,21
77.4238,-0.8685,0,0.25082,0,229.98,playing,21
77.4392,-3.7422,0,0.305,0,233.22,playing,21
77.4558,-3.7422,0,0.305,0,236.75,playing,21
77.4727,-3.7422,0,0.29543,0,240.82,playing,21
77.4888,-3.7422,0,0.29543,0,244.93,playing,21
77.5059,-3.7422,0,0.29124,0,249.61,playing,21
77.5229,-3.7422,0,0.28363,0,254.61,playing,21
77.5393,-6.0199,0,0.28363,0,259.93,playing,21
77.5551,-6.0199,0,0.29938,0,265.22,playing,21
77.5723,-23.3424,1,0.29938,0,270.79,playing,21
77.5883,-23.3424,0,0.21918,0,264.48,playing,21
77.6043,-23.3424,0,0.21918,0,258.82,playing,21
77.6206,-31.5389,0,0.18006,0,253.44,playing,21
77.6369,-31.5389,0,0.18006,0,248.34,playing,21
77.6538,-31.5389,0,0.23103,1,243.25,playing,21
77.6709,-10.3126,0,0.23103,0,238.47,playing,21
77.6874,-10.3126,0,0.23103,0,234.01,playing,21
77.7037,-10.3126,0,0.23103,0,230.09,playing,21
77.7201,-0.3802,0,0.19573,0,226.46,playing,21
77.7363,-0.3802,0,0.19573,0,222.91,playing,21
77.7523,24.9531,0,0.18788,0,219.86,playing,21
77.7693,24.9531,0,0.18788,0,217.08,playing,21
77.7851,24.9531,0,0.18788,0,214.46,playing,21
77.802,25.2862,0,0.18981,0,212.26,playing,21
77.8191,25.2862,0,0.18981,0,210.25,playing,21
77.8357,25.2862,0,0.18264,0,208.56,playing,21
77.8515,22.2925,0,0.18264,0,207.25,playing,21
77.8677,22.2925,0,0.20184,0,206.22,playing,21
77.8839,22.2925,0,0.20184,0,205.47,playing,21
77.9009,17.1734,0,0.2277,0,204.99,playing,21
77.9175,17.1734,0,0.2277,0,204.83,playing,21
77.934,8.5061,0,0.2277,0,204.96,playing,21
77.9505,8.5061,0,0.22789,0,205.42,playing,21
77.9663,8.5061,0,0.22789,0,206.13,playing,21
77.9825,1.8448,0,0.25757,0,207.13,playing,21
77.9992,1.8448,0,0.25757,0,208.4,playing,21
78.0155,1.8448,0,0.24617,0,210.07,playing,21
78.0317,1.8448,0,0.24617,0,211.93,playing,21
78.0492,1.8448,0,0.24617,0,214.22,playing,22
78.0661,1.8448,0,0.27971,0,216.83,playing,22
78.0827,-2.1598,0,0.27971,0,219.75,playing,22
78.0989,-2.1598,0,0.28426,0,222.79,playing,22
78.1156,-3.2163,0,0.28426,0,226.33,playing,22
78.1319,-3.2163,0,0.2755,0,229.95,playing,22
78.1488,-3.2163,0,0.2755,0,234.11,playing,22
78.1655,-4.8297,0,0.2755,0,238.58,playing,22
78.1814,-4.8297,0,0.29472,0,243.08,playing,22
78.1973,-4.8297,0,0.29472,0,247.86,playing,22
78.2133,-5.099,0,0.30909,0,252.92,playing,22
78.2293,-5.099,0,0.30909,0,258.26,playing,22
78.2462,-21.3423,1,0.30909,0,263.88,playing,22
78.2635,-35.8256,0,0.31451,0,257.22,playing,22
78.2796,-35.8256,0,0.31451,0,251.58,playing,22
78.2956,-32.5414,0,0.29135,0,246.22,playing,22
78.3114,-32.5414,0,0.29135,0,241.14,playing,22
78.3279,-32.5414,0,0.28573,0,236.34,playing,22
78.3443,-9.6337,0,0.28573,0,231.56,playing,22
78.3614,-9.6337,0,0.28639,0,227.35,playing,22
78.3788,-9.6337,0,0.28639,0,222.96,playing,22
78.3958,17.6075,0,0.28639,0,219.13,playing,22
78.4124,17.6075,0,0.20249,0,215.63,playing,22
78.4291,26.6552,0,0.20249,0,212.61,playing,22
78.4452,26.6552,0,0.20721,0,209.72,playing,22
78.4621,26.6552,0,0.20721,0,207.28,playing,22
78.4785,20.5167,0,0.20721,0,205.01,playing,22
78.4941,20.5167,0,0.17486,0,203.15,playing,22
78.5108,20.5167,0,0.17486,0,201.57,playing,22
78.5283,16.1787,0,0.22214,1,200.22,playing,22
78.5445,16.1787,0,0.22214,0,199.18,playing,22
78.5606,16.1787,0,0.26601,0,198.48,playing,22
78.5766,16.1787,0,0.26601,0,198.07,playing,22
78.5922,16.1787,0,0.26601,0,197.93,playing,22
78.6086,16.1787,0,0.26227,0,198.08,playing,22
78.6241,16.1787,0,0.26227,0,198.51,playing,22
78.6411,16.1787,0,0.26587,0,199.23,playing,22
78.658,2.7249,0,0.26587,0,200.3,playing,22
78.6741,2.7249,0,0.25398,0,201.69,playing,22
78.6905,2.7249,0,0.25398,0,203.28,playing,22
78.7071,-1.1747,0,0.25398,0,205.16,playing,22
78.7235,-1.1747,0,0.26907,0,207.47,playing,22
78.7395,-1.1747,0,0.26907,0,209.92,playing,22
78.7551,-2.6061,0,0.27744,0,212.66,playing,22
78.7721,-2.6061,0,0.27744,0,215.67,playing,22
78.7887,-3.8898,0,0.27318,0,219.2,playing,22
78.805,-3.8898,0,0.27318,0,222.8,playing,22
78.8212,-3.8898,0,0.27276,0,226.94,playing,22
78.8383,-3.8898,0,0.27276,0,231.12,playing,22
78.8544,-3.8898,0,0.27276,0,235.88,playing,22
78.8707,-3.8898,0,0.30688,0,240.64,playing,22
78.8874,-30.3214,1,0.30688,0,246.01,playing,22
78.9038,-30.3214,0,0.30876,0,240.05,playing,22
78.9197,-30.3214,0,0.30876,0,234.38,playing,22
78.936,-25.5609,0,0.30876,0,228.98,playing,22
78.9527,-25.5609,0,0.31699,0,223.57,playing,22
78.969,-25.5609,0,0.31699,0,218.75,playing,22
78.986,-25.5609,0,0.21483,0,213.95,playing,22
79.0022,-25.5609,0,0.21483,0,209.47,playing,22
79.0194,17.6485,0,0.21396,0,205.54,playing,22
79.036,17.6485,0,0.21396,0,201.68,playing,22
79.0529,17.6485,0,0.21396,1,198.13,playing,22
79.0696,23.4721,0,0.24576,0,194.91,playing,22
79.0857,23.4721,0,0.24576,0,192.15,playing,22
79.102,20.2874,0,0.20909,0,189.68,playing,22
79.1192,20.2874,0,0.20909,0,187.37,playing,22
79.1363,20.2874,0,0.17834,0,185.38,playing,22
79.1531,15.8165,0,0.17834,0,183.7,playing,22
79.1698,15.8165,0,0.21298,0,182.34,playing,22
79.1868,15.8165,0,0.21298,0,181.31,playing,22
79.2032,11.6075,0,0.21298,0,180.61,playing,22
79.2196,11.6075,0,0.19058,0,180.19,playing,22
79.2358,7.9397,0,0.19058,0,180.07,playing,22
79.2521,4.4611,0,0.2116,0,180.24,playing,22
79.2692,4.4611,0,0.2116,0,180.73,playing,22
79.2863,1.9044,0,0.26889,0,181.55,playing,22
79.3023,1.9044,0,0.26889,0,182.68,playing,22
79.3194,1.9044,0,0.26889,0,184.02,playing,22
79.3358,-0.221,0,0.28017,0,185.77,playing,22
79.3525,-0.221,0,0.28017,0,187.84,playing,22
79.3685,-0.221,0,0.27709,0,190.06,playing,22
79.3847,-0.221,0,0.27709,0,192.57,playing,22
79.4004,-0.221,0,0.28443,0,195.36,playing,22
79.4166,-4.0401,0,0.28443,0,198.43,playing,22
79.4328,-6.0535,0,0.28443,0,201.78,playing,22
79.4493,-6.0535,0,0.2992,0,205.66,playing,22
79.4658,-6.0535,0,0.2992,0,209.59,playing,22
79.4814,-6.0535,0,0.29436,0,213.81,playing,22
79.4975,-6.0535,0,0.29436,0,218.3,playing,22
79.5136,-34.6047,1,0.28861,0,223.08,playing,22
79.5298,-34.6047,0,0.28861,0,217.12,playing,22
79.5472,-34.6047,0,0.26941,0,211.11,playing,22
79.564,-34.6047,0,0.26941,0,205.41,playing,22
79.5802,-34.6047,0,0.26941,0,200.04,playing,22
79.5964,-31.8338,0,0.20637,0,195.26,playing,22
79.612,-10.5181,0,0.20637,0,190.76,playing,22
79.6281,-10.5181,0,0.18247,0,186.54,playing,22
79.6443,-10.5181,0,0.18247,0,182.61,playing,22
79.6607,-10.5181,0,0.18247,0,178.96,playing,22
79.6774,-10.5181,0,0.21578,0,175.39,playing,22
79.6939,28.8085,0,0.21578,0,172.32,playing,22
79.7107,28.8085,0,0.21794,0,169.38,playing,22
79.7272,28.8085,0,0.21794,0,166.88,playing,22
79.7439,29.2175,0,0.17223,0,164.55,playing,22
79.7604,29.2175,0,0.17223,0,162.54,playing,22
79.7776,19.2348,0,0.19029,0,160.93,playing,22
79.794,19.2348,0,0.19029,0,159.54,playing,22
79.8106,19.2348,0,0.18778,0,158.46,playing,22
79.827,19.2348,0,0.18778,0,157.73,playing,22
79.8437,19.2348,0,0.18778,0,157.27,playing,22
79.8594,19.2348,0,0.23023,1,157.12,playing,22
79.8756,4.9394,0,0.23023,0,157.25,playing,22
79.8921,4.9394,0,0.24296,0,157.67,playing,23
79.9084,4.9394,0,0.24296,0,158.42,playing,23
79.9251,2.6093,0,0.24296,0,159.42,playing,23
79.942,2.6093,0,0.25824,0,160.79,playing,23
79.9586,-0.7226,0,0.25824,0,162.48,playing,23
79.9743,-0.7226,0,0.27863,0,164.35,playing,23
79.9909,-0.7226,0,0.27863,0,166.51,playing,23
80.0077,-2.7758,0,0.28165,0,169.12,playing,23
80.0239,-2.7758,0,0.28165,0,171.85,playing,23
80.0408,-2.7758,0,0.2613,0,175.08,playing,23
80.0568,-5.1472,0,0.2613,0,178.4,playing,23
80.0725,-5.1472,0,0.2613,0,181.99,playing,23
80.0884,-5.1472,0,0.28141,0,185.87,playing,23
80.1048,-6.2622,0,0.28141,0,190.04,playing,23
80.1209,-6.2622,0,0.27317,0,194.48,playing,23
80.1378,-12.1079,0,0.27317,0,199.52,playing,23
80.1548,-12.1079,0,0.30636,0,204.87,playing,23
80.1701,-12.1079,0,0.30636,0,210.2,playing,23
80.1868,-34.1536,1,0.30636,0,215.8,playing,23
80.2039,-34.1536,0,0.28643,0,209.49,playing,23
80.2202,-34.1536,0,0.28643,0,203.5,playing,23
80.2369,-27.5822,0,0.22732,0,198.14,playing,23
80.2531,-27.5822,0,0.22732,0,192.76,playing,23
80.2695,-27.5822,0,0.25012,0,187.98,playing,23
80.2855,-13.3951,0,0.25012,0,183.48,playing,23
80.3018,-13.3951,0,0.25012,0,179.27,playing,23
80.3172,2.0671,0,0.21989,0,175.33,playing,23
80.3336,2.0671,0,0.21989,0,171.68,playing,23
80.3509,2.0671,0,0.20369,0,168.12,playing,23
80.3678,28.2686,0,0.20369,0,164.87,playing,23
80.3843,28.2686,0,0.20369,0,162.1,playing,23
80.4003,28.2686,0,0.19639,0,159.47,playing,23
80.4163,27.1763,0,0.19639,0,157.28,playing,23
80.4326,27.1763,0,0.16355,0,155.37,playing,23
80.4485,27.1763,0,0.16355,0,153.74,playing,23
80.4643,18.4818,0,0.20814,0,152.39,playing,23
80.4811,18.4818,0,0.20814,0,151.33,playing,23
80.4977,13.4508,0,0.20814,0,150.51,playing,23
80.5137,13.4508,0,0.21886,0,150.03,playing,23
80.5293,13.4508,0,0.21886,0,149.82,playing,23
80.5459,5.4302,0,0.23127,1,149.9,playing,23
80.5629,5.4302,0,0.23127,0,150.3,playing,23
80.5793,5.4302,0,0.23127,0,151.02,playing,23
80.5955,2.0803,0,0.23127,0,151.98,playing,23
80.6113,2.0803,0,0.2542,0,153.22,playing,23
80.6276,2.0803,0,0.2542,0,154.74,playing,23
80.6444,-0.6154,0,0.2542,0,156.54,playing,23
80.6614,-0.6154,0,0.26256,0,158.78,playing,23
80.6773,-3.8375,0,0.26256,0,161.33,playing,23
80.6933,-3.8375,0,0.29479,0,164.01,playing,23
80.7093,-3.8375,0,0.29479,0,166.98,playing,23
80.7262,-4.3552,0,0.29479,0,170.22,playing,23
80.7422,-4.3552,0,0.29479,0,173.99,playing,23
80.7586,-4.3552,0,0.27014,0,177.82,playing,23
80.7742,-4.7486,0,0.27014,0,181.93,playing,23
80.7908,-4.7486,0,0.28281,0,186.32,playing,23
80.8065,-4.7486,0,0.28281,0,190.99,playing,23
80.823,-4.959,0,0.29131,0,195.94,playing,23
80.84,-4.959,0,0.27571,0,201.52,playing,23
80.8565,-4.6105,0,0.27571,0,207.42,playing,23
80.8728,-4.6105,0,0.27571,0,213.26,playing,23
80.8902,-4.6105,0,0.32591,0,219.77,playing,23
80.906,-4.0847,0,0.32591,0,226.61,playing,23
80.9229,-4.0847,0,0.29124,0,233.32,playing,23
80.9398,-4.0847,0,0.29124,0,240.77,playing,23
80.9566,-3.4273,0,0.29124,0,248.54,playing,23
80.9721,-3.4273,0,0.29124,0,256.13,playing,23
80.9887,-3.4273,0,0.297,0,264.01,playing,23
81.0047,-34.0006,1,0.297,0,272.17,playing,23
81.0205,-34.0006,0,0.27144,0,266.21,playing,23
81.0367,-41.0804,0,0.27144,0,260.53,playing,23
81.0526,-41.0804,0,0.22222,0,255.14,playing,23
81.0688,-41.0804,0,0.22222,0,250.02,playing,23
81.0857,-27.8703,0,0.19094,0,244.91,playing,23
81.102,-27.8703,0,0.19094,0,240.37,playing,23
81.1191,-27.8703,0,0.18732,0,235.88,playing,23
81.1355,-13.9691,0,0.18732,0,231.7,playing,23
81.152,-13.9691,0,0.19608,0,228.04,playing,23
81.1687,-13.9691,0,0.19608,0,224.48,playing,23
81.1849,13.2414,0,0.24969,1,221.41,playing,23
81.2013,13.2414,0,0.24969,0,218.46,playing,23
81.2172,32.8962,0,0.24969,0,215.97,playing,23
81.2339,32.8962,0,0.17469,0,213.76,playing,23
81.2515,32.8962,0,0.17469,0,211.73,playing,23
81.2677,30.0088,0,0.15998,0,210.02,playing,23
81.2836,30.0088,0,0.25534,0,208.69,playing,23
81.3007,30.0088,0,0.25534,0,207.6,playing,23
81.3165,24.2403,0,0.28782,0,206.85,playing,23
81.3333,24.2403,0,0.28782,0,206.38,dead,23
81.3498,18.3799,0,0.28782,0,206.2,dead,23
81.3669,13.2659,0,0.28782,0,206.34,dead,23
81.3838,13.2659,0,0.28517,0,206.8,dead,23
81.4004,8.6498,0,0.28517,0,207.57,dead,23
81.4171,8.6498,0,0.28707,0,208.58,dead,23
81.4337,8.6498,0,0.28707,0,209.98,dead,23
81.4493,1.3163,0,0.3287,0,211.57,dead,23
81.4657,1.3163,0,0.3287,0,213.44,dead,23
81.4822,1.3163,0,0.27326,0,215.6,dead,23
81.4988,-1.1,0,0.27326,0,218.2,dead,23
81.5161,-1.1,0,0.27966,0,221.13,dead,23
81.5326,-3.0592,0,0.27966,0,224.37,dead,23
81.548,-3.0592,0,0.28183,0,227.71,dead,23
81.5643,-3.0592,0,0.28183,0,231.32,dead,23
81.5808,-4.4311,0,0.28183,0,235.22,dead,23
81.5962,-4.4311,0,0.26488,0,239.4,dead,23
81.6132,-4.4311,0,0.26488,0,243.86,dead,23
81.63,-5.1987,0,0.26831,0,248.92,dead,23
81.6465,-5.1987,0,0.26831,0,254.3,dead,23
81.6622,-5.1987,0,0.29064,0,259.64,dead,23
81.6782,-4.9574,0,0.29064,0,265.26,dead,23
81.694,-4.9574,0,0.29442,0,271.16,dead,23
81.7105,-5.0546,0,0.29442,0,277.35,dead,23
81.7268,-5.0546,0,0.30027,0,283.82,dead,23
81.7433,-5.0546,0,0.30027,0,291.0,dead,23
81.76,-6.5978,0,0.30027,0,298.05,dead,23
81.7776,-6.5978,0,0.30027,0,305.86,dead,23
81.7944,-6.5978,0,0.30471,0,314.48,dead,23
81.811,-6.5978,0,0.2655,0,322.43,dead,23
81.8277,-6.5978,0,0.2655,0,331.19,dead,23
81.8435,-6.5978,0,0.22769,0,339.71,dead,23
81.8593,-34.4332,1,0.22769,0,348.52,dead,23
81.8763,-34.4332,0,0.18979,0,285.0,playing,0
81.8924,-41.3526,0,0.18979,0,278.69,playing,0
81.9085,-41.3526,0,0.18979,0,273.03,playing,0
81.9245,-41.3526,0,0.18979,0,267.65,playing,0
81.9404,-34.2193,0,0.18727,0,262.56,playing,0
81.957,-34.2193,0,0.22256,1,257.74,playing,0
81.9739,-34.2193,0,0.22256,0,252.94,playing,0
81.9908,29.145,0,0.17599,0,248.46,playing,0
82.0065,29.145,0,0.17599,0,244.53,playing,0
82.0222,29.145,0,0.18354,0,240.88,playing,0
82.0381,29.145,0,0.18354,0,237.51,playing,0
82.0548,29.145,0,0.21202,0,234.42,playing,0
82.0717,18.7409,0,0.21202,0,231.45,playing,0
82.0873,18.7409,0,0.23906,0,228.94,playing,0
82.1035,18.7409,0,0.23906,0,226.72,playing,0
82.1196,10.0732,0,0.23858,0,224.77,playing,0
82.1354,10.0732,0,0.23858,0,223.11,playing,0
82.1522,10.0732,0,0.23858,0,221.72,playing,0
82.1682,6.3839,0,0.23858,0,220.57,playing,0
82.1851,6.3839,0,0.27235,0,219.77,playing,0
82.2019,6.3839,0,0.27235,0,219.24,playing,0
82.2187,3.189,0,0.28408,0,219.02,playing,0
82.2345,3.189,0,0.28408,0,219.1,playing,0
82.2512,-1.4872,0,0.3063,0,219.46,playing,0
82.268,-1.4872,0,0.3063,0,220.16,playing,0
82.2846,-1.4872,0,0.3063,0,221.18,playing,0
82.3007,-3.6977,0,0.27779,0,222.42,playing,0
82.3164,-3.6977,0,0.27779,0,223.94,playing,0
82.3327,-3.6977,0,0.29504,0,225.74,playing,0
82.3484,-3.6977,0,0.29504,0,227.83,playing,0
82.3652,-3.6977,0,0.29053,0,230.19,playing,0
82.3825,-3.6977,0,0.29053,0,233.03,playing,0
82.3986,-3.6977,0,0.28287,0,236.18,playing,0
82.4144,-3.6977,0,0.28287,0,239.42,playing,0
82.4309,-7.0266,0,0.21854,0,242.95,playing,0
82.4479,-26.8277,1,0.21854,1,247.02,playing,0
82.4641,-26.8277,0,0.22217,0,240.7,playing,0
82.4803,-22.4999,0,0.22217,0,235.05,playing,0
82.4966,-22.4999,0,0.19096,0,229.67,playing,0
82.5139,-22.4999,0,0.15178,0,224.27,playing,0
82.5312,-22.4999,0,0.15178,0,219.19,playing,0
82.5478,-22.4999,0,0.15178,0,214.43,playing,0
82.5648,-13.9537,0,0.15178,0,209.99,playing,0
82.582,-1.3612,0,0.18778,0,205.87,playing,0
82.5987,-1.3612,0,0.18778,0,202.06,playing,0
82.6145,7.661,0,0.18778,0,198.76,playing,0
82.6303,7.661,0,0.18778,0,195.74,playing,0
82.6465,7.661,0,0.17112,0,193.0,playing,0
82.6622,31.6241,0,0.16189,0,190.55,playing,0
82.6785,31.6241,0,0.16189,0,188.37,playing,0
82.6942,31.6241,0,0.18778,0,186.48,playing,0
82.7106,30.0107,0,0.18778,0,184.87,playing,0
82.7266,30.0107,0,0.20798,0,183.54,playing,0
82.7425,30.0107,0,0.20798,0,182.49,playing,0
82.7589,25.0611,0,0.20287,0,181.73,playing,0
82.7757,25.0611,0,0.20287,0,181.23,playing,0
82.7914,18.9381,0,0.27101,1,181.04,playing,0
82.808,18.9381,0,0.27101,0,181.14,playing,0
82.825,18.9381,0,0.26842,0,181.56,playing,0
82.842,13.9118,0,0.26842,0,182.3,playing,0
82.8588,13.9118,0,0.2992,0,183.35,playing,0
82.8758,13.9118,0,0.2992,0,184.73,playing,0
82.8922,8.8616,0,0.28548,0,186.42,playing,0
82.9088,8.8616,0,0.28548,0,188.29,playing,0
82.9255,8.8616,0,0.27679,0,190.6,playing,0
82.9417,8.8616,0,0.27679,0,193.05,playing,0
82.9582,8.8616,0,0.27881,0,195.79,playing,0
82.9744,-4.0132,0,0.27881,0,199.02,playing,0
82.9904,-7.2379,0,0.27881,0,202.33,playing,0
83.0065,-7.2379,0,0.25724,0,205.93,playing,0
83.0227,-25.5157,1,0.25724,0,209.81,playing,0
83.0382,-25.5157,0,0.29559,0,203.85,playing,0
83.0548,-25.5157,0,0.29559,0,198.18,playing,0
83.072,-32.7749,0,0.26866,0,192.46,playing,0
83.0896,-32.7749,0,0.26866,0,187.07,playing,0
83.1071,-21.5875,0,0.20354,0,181.71,playing,0
83.1233,-21.5875,0,0.20354,0,176.97,playing,0
83.1399,-21.5875,0,0.16994,0,172.79,playing,0
83.1569,-14.8762,0,0.19536,0,168.66,playing,0
83.1739,-14.8762,0,0.19536,0,164.86,playing,0
83.1905,-14.8762,0,0.20066,0,161.37,playing,0
83.2071,-5.7397,0,0.20066,0,158.37,playing,0
83.2242,-5.7397,0,0.1948,0,155.5,playing,0
83.2409,1.156,0,0.1948,0,152.94,playing,0
83.258,1.156,0,0.19397,0,150.71,playing,0
83.2749,1.156,0,0.19397,0,148.79,playing,0
83.2913,1.156,0,0.18018,0,147.19,playing,0
83.3081,1.156,0,0.18018,0,145.97,playing,0
83.3247,1.156,0,0.18018,0,144.98,playing,0
83.3405,26.6501,0,0.19735,0,144.34,playing,0
83.3573,26.6501,0,0.19735,0,143.98,playing,0
83.3734,26.6501,0,0.22322,1,143.91,playing,0
83.3897,24.5902,0,0.22322,0,144.13,playing,0
83.4059,24.5902,0,0.21554,0,144.63,playing,0
83.423,19.4079,0,0.26599,0,145.48,playing,0
83.4398,19.4079,0,0.26599,0,146.65,playing,0
83.4566,19.4079,0,0.26599,0,148.14,playing,0
83.4728,8.922,0,0.25766,0,149.82,playing,0
83.4896,8.922,0,0.2884,0,151.92,playing,0
83.5054,8.922,0,0.2884,0,154.18,playing,0
83.5213,4.4605,0,0.30303,0,156.72,playing,0
83.5372,4.4605,0,0.30303,0,159.55,playing,0
83.554,4.4605,0,0.28412,0,162.65,playing,0
83.5714,-1.6445,0,0.28412,0,166.27,playing,0
83.5873,-1.6445,0,,0,170.2,playing,0
83.6034,-2.9956,0,,0,174.19,playing,0
83.6196,-2.9956,0,,0,178.46,playing,0
83.6353,-2.9956,0,,0,183.01,playing,0
83.6514,-12.2299,0,,0,187.84,playing,0
83.667,-12.2299,0,,0,192.95,playing,0
83.6833,-12.2299,0,,0,198.34,playing,0
83.6994,-29.4347,1,,0,204.02,playing,0
83.7157,-29.4347,0,,0,198.06,playing,0
83.732,-29.4347,0,,0,192.38,playing,0
83.749,-24.7669,0,,0,186.67,playing,0
83.7652,-24.7669,0,,0,181.27,playing,0
83.7811,-11.0617,0,,0,176.48,playing,0
83.797,-11.0617,0,,0,171.96,playing,0
83.8139,-11.0617,0,,0,167.73,playing,0
83.8308,7.1968,0,,0,163.55,playing,0
83.8482,7.1968,0,,0,159.68,playing,0
83.8652,7.1968,0,,0,156.14,playing,0
83.8814,4.9107,0,,0,152.91,playing,0
83.8982,4.9107,0,,0,150.16,playing,0
83.9142,4.9107,0,,0,147.55,dead,0
83.9304,-1.1022,0,0.25732,0,145.37,dead,0
83.9464,-1.1022,0,0.25732,0,143.48,dead,0
83.963,-19.5782,0,0.24954,0,141.87,dead,0
83.9801,-19.5782,0,0.24954,0,140.48,dead,0
83.9968,-19.5782,0,0.24294,0,139.4,dead,0
84.0132,-18.2711,0,0.24294,0,138.64,dead,0
84.0297,-18.2711,0,0.24294,0,138.21,dead,0
84.0452,-18.2711,0,0.21454,0,138.06,dead,0
84.0618,7.2947,0,0.21454,0,138.19,dead,0
84.0776,7.2947,0,0.20322,0,138.6,dead,0
84.0941,7.2947,0,0.20322,0,139.3,dead,0
84.1106,19.0529,0,0.1851,0,140.35,dead,0
84.1266,19.0529,0,0.1851,0,141.63,dead,0
84.1427,15.4917,0,0.23555,1,143.19,dead,0
84.1592,15.4917,0,0.23555,0,145.02,dead,0
84.1753,15.4917,0,0.26955,0,147.29,dead,0
84.1933,12.8698,0,0.26955,0,149.71,dead,0
84.2099,12.8698,0,0.25962,0,152.79,dead,0
84.2264,12.8698,0,0.27815,0,156.02,dead,0
84.2429,6.3198,0,0.27815,0,159.33,dead,0
84.2595,6.3198,0,0.26979,0,163.18,dead,0
84.2761,3.7255,0,0.26979,0,167.07,dead,0
84.2927,3.7255,0,0.30531,0,171.53,dead,0
84.3092,3.7255,0,0.30531,0,176.31,dead,0
84.3258,0.9748,0,0.28642,0,181.09,dead,0
84.3424,0.9748,0,0.28642,0,186.15,dead,0
84.3585,0.9748,0,0.30678,0,191.84,dead,0
84.3747,-1.4525,0,0.30678,0,197.48,dead,0
84.3906,-1.4525,0,0.30678,0,203.4,dead,0
84.4071,-1.4525,0,0.32134,0,209.6,dead,0
84.4231,-2.5068,0,0.32134,0,216.51,dead,0
84.4392,-2.5068,0,0.29437,0,223.3,dead,0
84.4557,-2.7656,0,0.29437,0,230.36,dead,0
84.4721,-2.7656,0,0.31133,0,237.71,dead,0
84.4883,-2.7656,0,0.31133,0,245.83,dead,0
84.5049,-2.4767,0,0.31625,0,253.76,dead,0
84.5214,-2.4767,0,0.31625,0,262.5,dead,0
84.5379,-2.4767,0,0.3391,0,271.01,dead,0
84.5545,-30.3715,1,0.3391,0,280.37,dead,0
84.5711,-30.3715,0,0.32368,0,285.0,playing,0
84.5881,-30.3715,0,0.32368,0,278.69,playing,0
84.6051,-32.8826,0,0.25115,0,272.69,playing,0
84.6217,-32.8826,0,0.25115,0,267.02,playing,0
84.6377,-25.7382,0,0.24675,0,261.96,playing,0
84.6533,-25.7382,0,0.24675,0,257.18,playing,0
84.6694,-25.7382,0,0.2134,0,252.68,playing,0
84.6859,0.552,0,0.2134,0,248.46,playing,0
84.7029,0.552,0,0.23353,1,244.3,playing,0
84.719,0.552,0,0.23353,0,240.46,playing,0
84.7366,13.1089,0,0.23011,0,237.12,playing,0
84.7526,13.1089,0,0.23011,0,233.9,playing,0
84.7681,13.1089,0,0.23011,0,231.14,playing,0
84.7847,27.3379,0,0.18606,0,228.67,playing,0
84.8003,27.3379,0,0.18606,0,226.48,playing,0
84.8168,25.8019,0,0.21362,0,224.56,playing,0
84.8325,25.8019,0,0.21362,0,222.94,playing,0
84.8491,25.8019,0,0.21362,0,221.59,playing,0
84.8657,25.8019,0,,0,220.48,playing,0
84.8813,25.8019,0,,0,219.71,playing,0
84.8974,25.8019,0,,0,219.22,playing,0
84.9134,10.4443,0,,0,219.02,playing,0
84.93,10.4443,0,0.25373,0,219.1,playing,0
84.9467,10.4443,0,0.25373,0,219.5,playing,0
84.9623,6.3518,0,0.25373,0,220.16,playing,0
84.9794,6.3518,0,,0,221.1,playing,0
84.9957,2.9695,0,,0,222.42,playing,0
85.011,-0.0132,0,0.30278,0,223.94,playing,0
85.028,-0.0132,0,0.30278,0,225.74,playing,0
85.0451,-2.4384,0,0.30278,0,227.98,playing,0
85.0627,-2.4384,0,0.27964,0,230.7,playing,0
85.0784,-2.4384,0,0.27964,0,233.4,playing,0
85.095,-4.1097,0,0.30471,0,236.38,playing,0
85.1116,-4.1097,0,0.30471,0,239.87,playing,0
85.1272,-4.1097,0,0.28754,0,243.43,playing,0
85.1438,-4.8136,0,0.28754,0,247.28,playing,0
85.1598,-4.8136,0,0.28754,0,251.4,playing,0
85.175,-5.2186,0,0.32713,0,255.81,playing,0
85.192,-5.2186,0,0.32713,0,260.5,playing,0
85.2086,-5.2186,0,0.27489,0,265.8,playing,0
85.2247,-34.2093,1,0.27489,0,271.07,playing,0
85.2408,-34.2093,0,0.27489,0,265.11,playing,0
85.2573,-34.2093,0,0.29253,0,259.1,playing,0
85.273,-38.1627,0,0.29253,0,253.72,playing,0
85.29,-38.1627,0,0.30986,0,248.63,playing,0
85.3061,-38.1627,0,0.30986,0,243.53,playing,0
85.3226,-32.4914,0,0.3003,0,239.01,playing,0
85.3387,-32.4914,0,0.3003,0,234.78,playing,0
85.3548,-32.4914,0,0.3003,0,230.83,playing,0
85.3718,2.4323,0,0.25379,0,226.95,playing,0
85.3889,2.4323,0,0.25379,0,223.38,playing,0
85.406,25.0509,0,0.22106,0,220.14,playing,0
85.4226,25.0509,0,0.22106,0,217.21,playing,0
85.4382,25.0509,0,0.21687,0,214.74,playing,0
85.4547,28.5342,0,0.21687,0,212.55,playing,0
85.4703,28.5342,0,0.21687,0,210.64,playing,0
85.4863,28.5342,0,0.20503,0,209.01,playing,0
85.5029,28.5342,0,0.20503,0,207.66,playing,0
85.5194,28.5342,0,0.22633,1,206.55,playing,0
85.5355,23.3711,0,0.22633,0,205.78,playing,0
85.552,23.3711,0,0.2235,0,205.29,playing,0
85.5686,23.3711,0,0.2235,0,205.1,playing,0
85.5846,8.4261,0,0.2235,0,205.19,playing,0
85.6007,8.4261,0,0.29861,0,205.57,playing,0
85.6168,8.4261,0,0.29861,0,206.23,playing,0
85.6323,4.8758,0,0.25462,0,207.17,playing,0
85.6484,4.8758,0,0.25462,0,208.39,playing,0
85.665,4.8758,0,0.31046,0,209.9,playing,0
85.6815,1.831,0,0.31046,0,211.81,playing,0
85.6981,1.831,0,0.29277,0,213.9,playing,0
85.7146,1.831,0,0.29277,0,216.43,playing,0
85.7307,-3.228,0,0.29277,0,219.1,playing,0
85.7478,-3.228,0,0.27623,0,222.25,playing,0
85.7644,-4.9876,0,0.27623,0,225.72,playing,0
85.7805,-4.9876,0,0.27623,0,229.26,playing,0
85.797,-4.9876,0,0.29857,0,233.09,playing,0
85.8131,-5.2558,0,0.29857,0,237.47,playing,0
85.8301,-5.2558,0,0.29857,0,241.88,playing,0
85.8462,-5.2558,0,0.29763,0,246.88,playing,0
85.8629,-5.4439,0,0.29763,0,251.87,playing,0
85.8798,-5.4439,0,0.27209,0,257.49,playing,0
85.8962,-4.8733,0,0.27209,0,263.06,playing,0
85.9129,-4.8733,0,0.28358,0,269.29,playing,0
85.9299,-4.8733,0,0.28358,0,275.85,playing,0
85.9465,-4.8794,0,0.30644,0,282.72,playing,0
85.9627,-4.8794,0,0.30644,0,289.47,playing,0
85.9784,-4.8794,0,0.30644,0,296.5,playing,0
85.9949,-28.2873,1,0.29796,0,304.29,playing,0
86.0115,-28.2873,0,0.29796,0,298.33,playing,0
86.0275,-28.2873,0,0.29231,0,292.65,playing,0
86.0436,-34.7462,0,0.29231,0,287.26,playing,0
86.0601,-34.7462,0,0.31625,0,282.14,playing,0
86.0767,-31.4635,0,0.31625,0,277.03,playing,0
86.0922,-31.4635,0,0.31625,0,272.49,playing,0
86.1087,-31.4635,0,0.27865,0,268.24,playing,0
86.1248,-9.3607,0,0.27865,0,264.27,playing,0
86.1419,-9.3607,0,0.22876,0,260.37,playing,0
86.1585,-9.3607,0,0.22876,0,256.79,playing,0
86.1741,3.2521,0,0.22876,0,253.7,playing,0
86.1902,3.2521,0,0.22876,0,250.89,playing,0
86.2068,3.2521,0,0.22284,0,248.37,playing,0
86.2239,30.9254,0,0.22284,0,246.0,playing,0
86.241,30.9254,0,0.21751,0,243.95,playing,0
86.258,35.3182,0,0.21751,0,242.22,playing,0
86.2751,35.3182,0,0.22247,1,240.81,playing,0
86.2917,35.3182,0,0.22247,0,239.71,playing,0
86.3072,32.3264,0,0.22247,0,238.97,playing,0
86.3233,32.3264,0,0.17563,0,238.5,playing,0
86.3398,32.3264,0,0.17563,0,238.31,playing,0
86.3559,19.6523,0,0.2187,0,238.41,playing,0
86.373,19.6523,0,0.2187,0,238.83,playing,0
86.39,13.6251,0,0.25889,0,239.57,playing,0
86.407,13.6251,0,0.25889,0,240.62,playing,0
86.4236,13.6251,0,0.25889,0,242.0,playing,0
86.4396,7.5764,0,0.28146,0,243.57,playing,0
86.4556,7.5764,0,0.28146,0,245.43,playing,0
86.4712,7.5764,0,0.2577,0,247.56,playing,0
86.4878,-0.245,0,0.2577,0,249.98,playing,0
86.5043,-0.245,0,0.2577,0,252.68,playing,0
86.5204,-0.245,0,0.2655,0,255.87,playing,0
86.5369,-2.4532,0,0.2655,0,259.15,playing,0
86.554,-2.4532,0,0.26149,0,262.96,playing,0
86.571,-3.8645,0,0.26149,0,267.08,playing,0
86.5881,-5.3696,0,0.26149,0,271.52,playing,0
86.6047,-5.3696,0,0.26149,0,276.28,playing,0
86.6207,-5.3696,0,0.25391,0,281.04,playing,0
86.6378,-5.3696,0,0.25391,0,286.41,playing,0
86.6538,-5.3696,0,0.27344,0,291.75,playing,0
86.6693,-18.1448,0,0.27344,0,297.38,playing,0
86.6854,-18.1448,0,0.27344,0,303.28,playing,0
86.702,-18.1448,0,0.269,0,309.47,playing,0
86.7185,-36.2789,1,0.269,0,316.36,playing,0
86.7352,-36.2789,0,0.29448,0,310.4,playing,0
86.7512,-36.3223,0,0.29448,0,304.39,playing,0
86.7679,-36.3223,0,0.29448,0,299.01,playing,0
86.7845,-36.3223,0,0.29252,0,293.61,playing,0
86.8,-36.3223,0,0.29252,0,288.82,playing,0
86.8166,-36.3223,0,0.29252,0,284.3,playing,0
86.8326,-36.3223,0,0.29545,0,280.07,playing,0
86.8492,18.5094,0,0.29545,0,276.11,playing,0
86.8657,18.5094,0,0.22529,0,272.23,playing,0
86.8819,18.5094,0,0.22529,0,268.86,playing,0
86.8985,23.7427,0,0.22529,0,265.6,playing,0
86.9146,23.7427,0,0.19223,0,262.81,playing,0
86.9302,22.2352,0,0.19223,0,260.3,playing,0
86.9463,22.2352,0,0.19223,0,258.07,playing,0
86.9624,22.2352,0,0.22259,1,256.13,playing,0
86.979,14.3006,0,0.22259,0,254.46,playing,0
86.9956,14.3006,0,0.21461,0,253.01,playing,0
87.0112,14.3006,0,0.21461,0,251.93,playing,1
87.0277,9.9823,0,0.21461,0,251.13,playing,1
87.0443,9.9823,0,0.24213,0,250.61,playing,1
87.0604,9.9823,0,0.24213,0,250.37,playing,1
87.0764,3.3773,0,0.24213,0,250.43,playing,1
87.0925,3.3773,0,0.26154,0,250.78,playing,1
87.1081,3.3773,0,0.26154,0,251.4,playing,1
87.1247,3.3773,0,0.23118,0,252.31,playing,1
87.1407,3.3773,0,0.23118,0,253.49,playing,1
87.1569,-0.6405,0,0.23118,0,254.96,playing,1
87.1729,-2.0658,0,0.26606,0,256.71,playing,1
87.19,-2.0658,0,0.26606,0,258.89,playing,1
87.2067,-2.9169,0,0.29723,0,261.39,playing,1
87.2222,-2.9169,0,0.29723,0,264.02,playing,1
87.2383,-2.9169,0,0.29723,0,266.93,playing,1
87.2549,-3.2325,0,0.26929,0,270.12,playing,1
87.2719,-3.2325,0,0.26929,0,273.83,playing,1
87.289,-3.2325,0,0.27285,0,277.86,playing,1
87.306,-4.1997,0,0.27285,0,282.21,playing,1
87.3226,-4.1997,0,0.2747,0,286.87,playing,1
87.3386,-29.5099,1,0.2747,0,291.55,playing,1
87.3547,-29.5099,0,0.2747,0,285.59,playing,1
87.3703,-29.5099,0,0.2624,0,279.91,playing,1
87.3869,-35.8107,0,0.2624,0,274.51,playing,1
87.4035,-35.8107,0,0.19995,0,269.1,playing,1
87.4195,-35.8107,0,0.19995,0,264.29,playing,1
87.4356,-18.5616,0,0.20562,0,259.75,playing,1
87.4521,-18.5616,0,0.20562,0,255.5,playing,1
87.4702,-18.5616,0,0.20562,0,251.3,playing,1
87.4863,0.4904,0,0.20182,0,247.21,playing,1
87.5028,0.4904,0,0.20182,0,243.86,playing,1
87.5184,20.5088,0,0.19213,0,240.79,playing,1
87.5345,20.5088,0,0.19213,0,238.0,playing,1
87.5506,20.5088,0,0.18478,0,235.49,playing,1
87.5662,29.4296,0,0.18478,0,233.26,playing,1
87.5824,29.4296,0,0.18478,0,231.32,playing,1
87.5985,29.4296,0,0.18478,0,229.65,playing,1
87.6146,27.7659,0,0.18478,0,228.27,playing,1
87.6302,27.7659,0,0.19489,0,227.17,playing,1
87.6468,27.7659,0,0.19489,0,226.35,playing,1
87.6639,13.0,0,0.19489,0,225.8,playing,1
87.6805,13.0,0,0.21329,0,225.56,playing,1
87.6966,8.4652,0,0.21329,0,225.62,playing,1
87.7132,8.4652,0,0.19489,0,225.97,playing,1
87.7297,8.4652,0,0.19489,0,226.65,playing,1
87.7457,4.747,0,0.19489,0,227.57,playing,1
87.7623,4.747,0,0.28107,1,228.78,playing,1
87.7788,4.747,0,0.28107,0,230.37,playing,1
87.7959,-0.8992,0,0.24687,0,232.29,playing,1
87.8129,-0.8992,0,0.24687,0,234.52,playing,1
87.83,-2.3651,0,0.28993,0,237.07,playing,1
87.847,-2.3651,0,0.28993,0,239.94,playing,1
87.8635,-2.3651,0,0.26178,0,243.13,playing,1
87.8797,-3.225,0,0.30259,0,246.41,playing,1
87.8953,-3.225,0,0.30259,0,249.98,playing,1
87.9119,-3.225,0,0.30259,0,253.82,playing,1
87.9289,-30.8042,1,0.28985,0,258.22,playing,1
87.946,-30.8042,0,0.28985,0,251.91,playing,1
87.9625,-30.8042,0,0.22103,0,245.92,playing,1
87.979,-31.7008,0,0.22103,0,240.56,playing,1
87.9956,-31.7008,0,0.21055,0,235.18,playing,1
88.012,-10.1618,0,0.21055,0,230.4,playing,1
88.0287,-10.1618,0,0.1884,0,225.64,playing,1
88.0449,-10.1618,0,0.1884,0,221.44,playing,1
88.062,-1.0784,0,0.22593,1,217.3,playing,1
88.0787,-1.0784,0,0.22593,0,213.48,playing,1
88.0946,-1.0784,0,0.19993,0,210.16,playing,1
88.1117,21.461,0,0.19993,0,207.12,playing,1
88.1278,21.461,0,0.19551,0,204.21,playing,1
88.1439,21.461,0,0.19551,0,201.76,playing,1
88.1608,20.9603,0,0.19551,0,199.46,playing,1
88.1782,20.9603,0,0.19551,0,197.59,playing,1
88.1951,17.9931,0,0.23778,0,195.84,playing,1
88.2115,17.9931,0,0.23957,0,194.5,playing,1
88.2274,17.9931,0,0.23957,0,193.52,playing,1
88.244,10.0262,0,0.23957,0,192.82,playing,1
88.2609,10.0262,0,0.23957,0,192.4,playing,1
88.278,10.0262,0,0.28072,0,192.3,playing,1
88.2949,6.3733,0,0.26171,0,192.51,playing,1
88.3115,6.3733,0,0.26171,0,193.04,playing,1
88.3273,3.1665,0,0.24619,0,193.83,playing,1
88.3432,3.1665,0,0.24619,0,194.89,playing,1
88.3599,3.1665,0,0.32637,0,196.24,playing,1
88.3765,-0.9598,0,0.32637,0,197.98,playing,1
88.3923,-0.9598,0,0.29664,0,199.91,playing,1
88.4083,-0.9598,0,0.29664,0,202.12,playing,1
88.425,-2.8616,0,0.29881,0,204.61,playing,1
88.442,-2.8616,0,0.29881,0,207.57,playing,1
88.4584,-2.8616,0,0.29732,0,210.85,playing,1
88.4746,-4.4241,0,0.29732,0,214.22,playing,1
88.4904,-4.4241,0,0.25799,0,217.87,playing,1
88.5068,-4.4241,0,0.25799,0,221.81,playing,1
88.524,-4.4241,0,0.30947,0,226.3,playing,1
88.5405,-4.4241,0,0.30947,0,231.12,playing,1
88.5566,-11.2135,0,0.30947,0,235.93,playing,1
88.5732,-11.2135,0,0.30947,0,241.02,playing,1
88.5894,-11.2135,0,0.27628,0,246.76,playing,1
88.6057,-30.4986,1,0.27628,0,252.43,playing,1
88.622,-30.4986,0,0.27628,0,246.47,playing,1
88.639,-30.4986,0,0.25036,0,240.46,playing,1
88.6557,-32.8803,0,0.25036,0,234.76,playing,1
88.6713,-32.8803,0,0.20665,0,229.69,playing,1
88.6887,-14.2594,0,0.20294,0,224.89,playing,1
88.7043,-14.2594,0,0.20294,0,220.11,playing,1
88.7204,-14.2594,0,0.19403,0,215.89,playing,1
88.7365,9.3741,0,0.19403,0,211.96,playing,1
88.753,9.3741,0,0.18661,0,208.31,playing,1
88.7693,9.3741,0,0.18661,0,204.74,playing,1
88.7857,25.071,0,0.19704,0,201.67,playing,1
88.8017,25.071,0,0.19704,0,198.88,playing,1
88.8176,25.071,0,0.20991,0,196.37,playing,1
88.8338,22.6713,0,0.20991,0,194.15,playing,1
88.8497,22.6713,0,0.22256,1,192.2,playing,1
88.8652,18.5218,0,0.22256,0,190.54,playing,2
88.8817,18.5218,0,0.22256,0,189.15,playing,2
88.8978,18.5218,0,0.2581,0,188.05,playing,2
88.915,9.8282,0,0.29224,0,187.2,playing,2
88.9322,9.8282,0,0.29224,0,186.67,playing,2
88.9483,9.8282,0,0.29224,0,186.45,playing,2
88.9652,6.2832,0,0.29224,0,186.53,playing,2
88.9821,6.2832,0,0.26935,0,186.93,playing,2
88.9991,6.2832,0,0.2429,0,187.65,playing,2
89.0156,1.5413,0,0.2429,0,188.69,playing,2
89.0313,1.5413,0,0.23534,0,189.94,playing,2
89.0472,-0.3136,0,0.23534,0,191.48,playing,2
89.0639,-0.3136,0,0.27644,0,193.3,playing,2
89.0807,-0.3136,0,0.27644,0,195.56,playing,2
89.0963,-3.341,0,0.25871,0,197.96,playing,2
89.1122,-3.341,0,0.25871,0,200.64,playing,2
89.1284,-3.341,0,0.26506,0,203.61,playing,2
89.1444,-3.7485,0,0.26506,0,206.85,playing,2
89.1611,-3.7485,0,0.29431,0,210.38,playing,2
89.177,-3.7485,0,0.29431,0,214.45,playing,2
89.1942,-3.9055,0,0.28467,0,218.56,playing,2
89.2102,-3.9055,0,0.28467,0,223.24,playing,2
89.2274,-3.8182,0,0.30331,0,227.93,playing,2
89.2439,-3.8182,0,0.30331,0,233.23,playing,2
89.2595,-3.8182,0,0.26131,0,238.5,playing,2
89.2755,-3.6584,0,0.26131,0,244.05,playing,2
89.292,-3.6584,0,0.28066,0,249.89,playing,2
89.3093,-3.6584,0,0.28066,0,256.4,playing,2
89.3261,-3.9259,0,0.28066,0,263.24,playing,2
89.3431,-3.9259,0,0.23924,0,270.39,playing,2
89.3611,-20.8311,1,0.26603,0,277.86,playing,2
89.3773,-20.8311,0,0.26603,0,271.19,playing,2
89.3943,-20.8311,0,0.26603,0,265.55,playing,2
89.4108,-34.2467,0,0.25728,0,259.88,playing,2
89.428,-34.2467,0,0.26157,0,254.52,playing,2
89.4441,-34.2467,0,0.26157,0,249.48,playing,2
89.4611,-27.336,0,0.19899,0,245.01,playing,2
89.4771,-27.336,0,0.19899,0,240.59,playing,2
89.4942,-27.336,0,0.18619,0,236.71,playing,2
89.5107,-17.2769,0,0.18619,0,232.9,playing,2
89.5263,-17.2769,0,0.18002,0,229.6,playing,2
89.5424,12.1206,0,0.18002,0,226.58,playing,2
89.5589,12.1206,0,0.18253,0,223.85,playing,2
89.5756,12.1206,0,0.18253,0,221.26,playing,2
89.5912,12.1206,0,0.19577,0,219.1,playing,2
89.607,12.1206,0,0.19577,0,217.22,playing,2
89.6235,12.1206,0,0.19376,0,215.63,playing,2
89.6401,25.3346,0,0.19376,0,214.32,playing,2
89.6567,25.3346,0,0.19376,0,213.24,playing,2
89.6723,25.3346,0,0.1665,0,212.51,playing,2
89.6892,19.4134,0,0.1665,0,212.06,playing,2
89.7057,19.4134,0,0.24184,1,211.9,playing,2
89.7228,14.3228,0,0.24184,0,212.06,playing,2
89.7388,14.3228,0,0.21861,0,212.49,playing,2
89.7559,14.3228,0,0.21861,0,213.26,playing,2
89.7731,5.6362,0,0.23496,0,214.36,playing,2
89.7902,5.6362,0,0.23496,0,215.77,playing,2
89.8066,5.6362,0,0.26603,0,217.5,playing,2
89.8227,2.4342,0,0.26603,0,219.41,playing,2
89.8392,2.4342,0,0.23043,0,221.6,playing,2
89.8562,-0.143,0,0.23043,0,224.24,playing,2
89.8723,-0.143,0,0.24994,0,227.2,playing,2
89.8885,-0.143,0,0.24994,0,230.28,playing,2
89.9047,-2.7594,0,0.23898,0,233.63,playing,2
89.9206,-2.7594,0,0.23898,0,237.26,playing,2
89.9366,-2.7594,0,0.27663,0,241.18,playing,2
89.9521,-3.1171,0,0.27663,0,245.37,playing,2
89.9688,-3.1171,0,0.25019,0,249.85,playing,2
89.9861,-3.1171,0,0.26196,0,254.93,playing,2
90.0028,-3.7324,0,0.26196,0,260.32,playing,2
90.0198,-3.7324,0,0.26196,0,266.03,playing,2
90.037,-3.7324,0,0.26865,0,272.06,playing,2
90.0531,-3.7324,0,0.26865,0,278.41,playing,2
90.07,-3.7324,0,0.26912,0,284.67,playing,2
90.0866,-7.5857,0,0.26912,0,291.63,playing,2
90.1027,-7.5857,0,0.24599,0,298.47,playing,2
90.1187,-7.5857,0,0.24599,0,305.59,playing,2
90.1348,-25.0417,1,0.18923,0,312.99,playing,2
90.151,-25.0417,0,0.18923,0,307.03,playing,2
90.168,-25.0417,0,0.2385,1,301.02,playing,2
90.1841,-15.3077,0,0.2385,0,295.32,playing,2
90.2002,-15.3077,0,0.1726,0,290.24,playing,2
90.2167,13.0005,0,0.1726,0,285.45,playing,2
90.2326,13.0005,0,0.20533,0,280.93,playing,2
90.2489,13.0005,0,0.20533,0,276.7,playing,2
90.2661,16.8697,0,0.18605,0,272.52,playing,2
90.2823,16.8697,0,0.18605,0,268.65,playing,2
90.2983,16.8697,0,0.19417,0,265.3,playing,2
90.314,16.2055,0,0.19417,0,262.23,playing,2
90.3311,16.2055,0,0.1856,0,259.44,playing,2
90.3479,16.2055,0,0.1856,0,256.79,playing,2
90.3649,11.017,0,0.1856,0,254.46,playing,2
90.3816,11.017,0,0.18006,0,252.45,playing,2
90.3981,8.1778,0,0.18006,0,250.84,playing,2
90.4142,8.1778,0,0.26562,0,249.45,playing,2
90.4302,8.1778,0,0.26562,0,248.42,playing,2
90.4467,2.0218,0,0.2472,0,247.67,playing,2
90.4627,2.0218,0,0.2472,0,247.2,playing,2
90.479,2.0218,0,0.23564,0,247.01,playing,2
90.4966,0.2089,0,0.26154,0,247.13,playing,2
90.5132,0.2089,0,0.26154,0,247.62,playing,2
90.5302,-1.0396,0,0.24633,0,248.33,playing,2
90.5467,-1.994,0,0.24633,0,249.41,playing,2
90.5628,-1.994,0,0.25397,0,250.7,playing,2
90.5788,-2.7916,0,0.25397,0,252.27,playing,2
90.5949,-2.7916,0,0.24989,0,254.13,playing,2
90.6115,-2.7916,0,0.24989,0,256.42,playing,2
90.6275,-3.234,0,0.23853,0,258.86,playing,2
90.6438,-3.234,0,0.23853,0,261.57,playing,2
90.6605,-3.234,0,0.24231,0,264.78,playing,2
90.676,-3.0565,0,0.24231,0,268.08,playing,2
90.6931,-3.0565,0,0.23866,0,271.66,playing,2
90.7094,-3.0565,0,0.23866,0,275.78,playing,3
90.7255,-5.2586,0,0.23866,0,279.94,playing,3
90.7415,-5.2586,0,0.29442,0,284.39,playing,3
90.7576,-28.364,1,0.29442,0,289.11,playing,3
90.7736,-28.364,0,0.27241,0,283.15,playing,3
90.7898,-28.364,0,0.27241,0,277.48,playing,3
90.8058,-24.4719,0,0.20799,0,272.08,playing,3
90.8232,-24.4719,0,0.20799,0,266.67,playing,3
90.8402,-24.4719,0,0.15422,0,261.57,playing,3
90.8567,-11.9987,0,0.15422,0,256.79,playing,3
90.8728,-11.9987,0,0.15422,0,252.58,playing,3
90.8893,-11.9987,0,0.22648,1,248.41,playing,3
90.9053,-3.7572,0,0.22648,0,244.78,playing,3
90.9219,-3.7572,0,0.18798,0,241.43,playing,3
90.9389,-4.287,0,0.18798,0,238.18,playing,3
90.9555,-4.287,0,0.18798,0,235.25,playing,3
90.9715,-4.287,0,0.19284,0,232.78,playing,3
90.9875,15.4759,0,0.19284,0,230.59,playing,3
91.0031,15.4759,0,0.21865,0,228.68,playing,3
91.0203,15.4759,0,0.21865,0,227.05,playing,3
91.0373,28.9395,0,0.21865,0,225.64,playing,3
91.0539,28.9395,0,0.1473,0,224.54,playing,3
91.0709,30.1065,0,0.1473,0,223.76,playing,3
91.0875,30.1065,0,0.17461,0,223.3,playing,3
91.1033,30.1065,0,0.17461,0,223.15,playing,3
91.1198,19.4727,0,0.17461,0,223.29,playing,3
91.1364,19.4727,0,0.17724,0,223.74,playing,3
91.1524,19.4727,0,0.17724,0,224.45,playing,3
91.1685,13.7169,0,0.17455,0,225.45,playing,3
91.1846,13.7169,0,0.17455,0,226.72,playing,3
91.2002,13.7169,0,0.17455,0,228.28,playing,3
91.2164,4.8796,0,0.21148,0,230.12,playing,3
91.2325,4.8796,0,0.21148,0,232.24,playing,3
91.2485,4.8796,0,0.26173,1,234.64,playing,3
91.265,4.8796,0,0.26173,0,237.32,playing,3
91.2821,4.8796,0,0.26184,0,240.49,playing,3
91.2987,1.3136,0,0.26184,0,243.98,playing,3
91.3143,1.3136,0,0.26184,0,247.54,playing,3
91.3304,1.3136,0,0.25048,0,251.39,playing,3
91.3469,-1.7499,0,0.25048,0,255.51,playing,3
91.3635,-1.7499,0,0.25861,0,260.22,playing,3
91.3792,-1.7499,0,0.25861,0,264.92,playing,3
91.3968,-4.9795,0,0.25861,0,269.91,playing,3
91.4138,-4.9795,0,0.23906,0,275.88,playing,3
91.4303,-5.7705,0,0.23906,0,281.84,playing,3
91.4464,-7.3758,0,0.24591,0,287.72,playing,3
91.4631,-7.3758,0,0.24591,0,293.89,playing,3
91.4796,-26.7306,1,0.24995,0,300.76,playing,3
91.4953,-26.7306,0,0.24995,0,294.8,playing,3
91.5117,-26.7306,0,0.24995,0,289.13,playing,3
91.5272,-36.8995,0,0.24954,0,283.73,playing,3
91.5438,-36.8995,0,0.24954,0,278.62,playing,3
91.5591,-36.8995,0,0.21928,0,273.79,playing,3
91.5752,-18.1067,0,0.21928,0,269.23,playing,3
91.5917,-18.1067,0,0.21928,0,264.97,playing,3
91.6083,-18.1067,0,0.20017,0,260.75,playing,3
91.6243,7.3652,0,0.20017,0,257.06,playing,3
91.6414,7.3652,0,0.21964,0,253.65,playing,3
91.658,22.78,0,0.21964,0,250.35,playing,3
91.675,22.78,0,0.21381,0,247.37,playing,3
91.6921,22.78,0,0.21381,0,244.7,playing,3
91.7086,21.0111,0,0.20268,0,242.36,playing,3
91.7248,21.0111,0,0.20268,0,240.43,playing,3
91.7403,21.0111,0,0.20268,0,238.78,playing,3
91.7568,16.6753,0,0.1865,0,237.42,playing,3
91.7729,16.6753,0,0.1865,0,236.33,playing,3
91.7895,16.6753,0,0.24615,1,235.5,playing,3
91.806,8.512,0,0.24615,0,235.0,playing,3
91.8231,8.512,0,0.21589,0,234.78,playing,3
91.8396,4.8872,0,0.21589,0,234.88,playing,3
91.8552,4.8872,0,0.21589,0,235.26,playing,3
91.8717,4.8872,0,0.28473,0,235.92,playing,3
91.8878,-0.4285,0,0.28473,0,236.86,playing,3
91.9033,-0.4285,0,0.28938,0,238.08,playing,3
91.9193,-0.4285,0,0.28938,0,239.59,playing,3
91.9354,-1.6316,0,0.28938,0,241.37,playing,3
91.9517,-1.6316,0,0.29272,0,243.44,playing,3
91.9677,-1.6316,0,0.29272,0,245.79,playing,3
91.9838,-2.5895,0,0.25414,0,248.42,playing,3
92.0009,-2.5895,0,0.25414,0,251.53,playing,3
92.0179,-3.4694,0,0.31604,0,254.96,playing,3
92.035,-3.4694,0,0.31604,0,258.71,playing,3
92.0519,-3.4694,0,0.26795,0,262.78,playing,3
92.0686,-3.7379,0,0.26795,0,267.16,playing,3
92.0847,-3.7379,0,0.26795,0,271.57,playing,3
92.1007,-3.7379,0,0.27241,0,276.26,playing,3
92.1167,-3.4173,0,0.27241,0,281.23,playing,3
92.1328,-3.4173,0,0.29479,0,286.48,playing,3
92.1489,-3.4173,0,0.29479,0,292.02,playing,3
92.1655,-3.4844,0,0.29479,0,298.22,playing,3
92.1816,-3.4844,0,0.29479,0,304.33,playing,3
92.1977,-4.0087,0,0.29479,0,310.73,playing,3
92.2133,-4.0087,0,0.27655,0,317.41,playing,3
92.2293,-4.0087,0,0.27655,0,324.37,playing,3
92.2459,-36.5365,1,0.29791,0,331.61,playing,3
92.2624,-36.5365,0,0.29791,0,325.3,playing,3
92.2781,-36.5365,0,0.30331,0,319.64,playing,3
92.2947,-36.5365,0,0.30331,0,314.26,playing,3
92.3102,-36.5365,0,0.30331,0,309.16,playing,3
92.3272,-36.5365,0,0.24623,0,304.07,playing,3
92.3437,6.8004,0,0.24623,0,299.55,playing,3
92.3597,6.8004,0,0.21424,0,295.32,playing,3
92.3758,16.4362,0,0.21424,0,291.37,playing,3
92.3921,16.4362,0,0.19973,0,287.7,playing,3
92.409,16.4362,0,0.19973,0,284.11,playing,3
92.4251,24.7686,0,0.19973,0,280.85,playing,3
92.4417,24.7686,0,0.23477,1,278.06,playing,3
92.4577,24.7686,0,0.23477,0,275.55,playing,3
92.474,21.2579,0,0.28475,0,273.32,playing,3
92.4904,21.2579,0,0.28475,0,271.28,playing,3
92.5063,21.2579,0,0.28475,0,269.63,playing,3
92.5224,16.7057,0,0.23814,0,268.26,playing,3
92.5384,16.7057,0,0.23814,0,267.18,playing,3
92.5545,16.7057,0,0.23814,0,266.38,playing,4
92.5704,8.4973,0,0.23814,0,265.86,playing,4
92.5867,8.4973,0,0.23814,0,265.62,playing,4
92.604,4.7378,0,0.21249,0,265.69,playing,4
92.6207,4.7378,0,0.21249,0,266.07,playing,4
92.6363,4.7378,0,0.25823,0,266.71,playing,4
92.6533,-0.4724,0,0.25823,0,267.63,playing,4
92.6699,-0.4724,0,0.266,0,268.93,playing,4
92.6865,-0.4724,0,0.266,0,270.55,playing,4
92.703,-2.1551,0,0.266,0,272.35,playing,4
92.7195,-2.1551,0,0.28485,0,274.59,playing,4
92.7356,-3.5578,0,0.28485,0,276.97,playing,4
92.7513,-3.5578,0,0.30323,0,279.63,playing,4
92.7674,-3.5578,0,0.30323,0,282.58,playing,4
92.7835,-4.8563,0,0.29469,0,285.81,playing,4
92.7996,-4.8563,0,0.29469,0,289.32,playing,4
92.8157,-4.8563,0,0.29785,0,293.11,playing,4
92.8317,-12.1875,0,0.29785,0,297.19,playing,4
92.8473,-12.1875,0,0.29785,0,301.54,playing,4
92.8634,-12.1875,0,0.29785,0,306.18,playing,4
92.8795,-12.1875,0,0.29785,0,311.1,playing,4
92.8961,-12.1875,0,0.31509,0,316.3,playing,4
92.9121,-12.1875,0,0.31509,0,322.14,playing,4
92.9283,-15.2908,1,0.31509,0,327.92,playing,4
92.9444,-15.2908,0,0.29022,0,321.96,playing,4
92.961,8.9686,0,0.29022,0,316.29,playing,4
92.9776,8.9686,0,0.20331,0,310.57,playing,4
92.9932,8.9686,0,0.20331,0,305.48,playing,4
93.0095,21.1183,0,0.25052,1,300.66,playing,4
93.026,21.1183,0,0.25052,0,296.13,playing,4
93.0421,21.1183,0,0.25052,0,291.63,playing,4
93.0581,21.1183,0,0.23043,0,287.68,playing,4
93.0747,21.1183,0,0.23043,0,284.01,playing,4
93.0911,21.1183,0,0.23478,0,280.62,playing,4
93.1076,11.746,0,0.23478,0,277.34,playing,4
93.1236,11.746,0,0.23478,0,274.53,playing,4
93.1392,11.746,0,0.2549,0,272.0,playing,4
93.1557,8.1618,0,0.2549,0,269.76,playing,4
93.1719,8.1618,0,0.25907,0,267.79,playing,4
93.189,8.1618,0,0.25907,0,266.03,playing,4
93.2057,8.1618,0,0.30557,0,264.58,playing,4
93.2213,8.1618,0,0.30557,0,263.49,playing,4
93.2379,5.1425,0,0.30557,0,262.69,playing,4
93.2547,5.1425,0,0.30557,0,262.16,playing,4
93.2708,5.1425,0,0.30557,0,261.94,playing,4
93.2869,2.6462,0,0.27016,0,262.0,playing,4
93.303,2.6462,0,0.27016,0,262.38,playing,4
93.3216,2.6462,0,0.27016,0,263.02,playing,4
93.3373,-1.0794,0,0.29254,0,264.1,playing,4
93.3539,-1.0794,0,0.29254,0,265.34,playing,4
93.3704,-25.5693,1,0.29254,0,266.98,playing,4
93.3872,-25.5693,0,0.29328,0,261.02,playing,4
93.4039,-25.5693,0,0.29328,0,255.0,playing,4
93.4205,-34.6191,0,0.29328,0,249.31,playing,4
93.4366,-34.6191,0,0.2849,0,244.23,playing,4
93.4528,-34.6191,0,0.2849,0,239.43,playing,4
93.47,-21.8787,0,0.2849,0,234.66,playing,4
93.4861,-21.8787,0,0.20712,0,230.19,playing,4
93.5031,-7.6793,0,0.20712,0,226.28,playing,4
93.5197,-7.6793,0,0.20712,0,222.43,playing,4
93.5355,-7.6793,0,0.22585,1,219.1,playing,4
93.5516,13.6677,0,0.22585,0,216.04,playing,4
93.5678,13.6677,0,0.22585,0,213.27,playing,4
93.5839,13.6677,0,0.22329,0,210.78,playing,4
93.6004,27.4491,0,0.22329,0,208.45,playing,4
93.6166,27.4491,0,0.22329,0,206.54,playing,4
93.6332,27.4491,0,0.22329,0,204.91,playing,4
93.6493,25.7769,0,0.22329,0,203.5,playing,4
93.666,25.7769,0,0.21332,0,202.45,playing,4
93.6824,25.7769,0,0.21332,0,201.66,playing,4
93.6985,25.7769,0,0.2694,0,201.19,playing,4
93.7146,25.7769,0,0.2694,0,201.0,playing,4
93.7314,11.1763,0,0.2694,0,201.1,playing,4
93.7479,11.1763,0,0.26959,0,201.52,playing,4
93.7652,11.1763,0,0.26959,0,202.26,playing,4
93.7814,3.2199,0,0.26959,0,203.31,playing,4
93.7974,3.2199,0,0.26959,0,204.59,playing,4
93.814,3.2199,0,0.28723,0,206.14,playing,4
93.831,-0.0736,0,0.28723,0,208.12,playing,4
93.848,-0.0736,0,0.30414,0,210.41,playing,4
93.8651,-1.8021,0,0.30414,0,213.01,playing,4
93.8811,-1.8021,0,0.30414,0,215.94,playing,4
93.8981,-1.8021,0,0.29799,0,218.97,playing,4
93.9146,-7.4755,0,0.29799,0,222.52,playing,4
93.9302,-7.4755,0,0.29799,0,226.13,playing,4
93.9467,-7.4755,0,0.29799,0,230.03,playing,4
93.963,-7.5386,0,0.31574,0,234.21,playing,4
93.9801,-7.5386,0,0.32928,0,238.97,playing,4
93.9968,-38.741,1,0.32928,0,244.04,playing,4
94.0137,-38.741,0,0.2952,0,237.73,playing,4
94.0298,-38.741,0,0.2952,0,232.07,playing,4
94.0465,-35.2869,0,0.32415,0,226.38,playing,4
94.0626,-35.2869,0,0.31011,0,221.3,playing,4
94.0792,-35.2869,0,0.31011,0,216.5,playing,4
94.0953,-17.9367,0,0.19298,0,211.72,playing,4
94.1117,-17.9367,0,0.19298,0,207.51,playing,4
94.1276,-17.9367,0,0.25018,1,203.57,playing,4
94.1442,19.8199,0,0.27563,0,199.92,playing,4
94.1611,19.8199,0,0.27563,0,196.36,playing,4
94.1781,19.8199,0,0.20141,0,193.11,playing,4
94.1947,19.8199,0,0.20141,0,190.19,playing,4
94.2106,19.8199,0,0.23212,0,187.71,playing,4
94.2266,22.1939,0,0.23212,0,185.52,playing,4
94.2426,22.1939,0,0.23212,0,183.61,playing,4
94.2583,22.1939,0,0.23212,0,181.98,playing,4
94.2744,12.465,0,0.26184,0,180.63,playing,4
94.2901,12.465,0,0.31318,0,179.57,playing,4
94.3068,12.465,0,0.31318,0,178.78,playing,4
94.3228,9.0673,0,0.28508,0,178.28,playing,4
94.3387,9.0673,0,0.28508,0,178.06,playing,4
94.3546,9.0673,0,0.29496,0,178.12,playing,4
94.3707,3.1541,0,0.29496,0,178.46,playing,4
94.3867,3.1541,0,0.28372,0,179.09,playing,4
94.4025,0.7523,0,0.28372,0,179.99,playing,5
94.4185,0.7523,0,0.32469,0,181.18,playing,5
94.4346,0.7523,0,0.32469,0,182.65,playing,5
94.4507,-1.5539,0,0.32469,0,184.4,playing,5
94.4668,-1.5539,0,0.29888,0,186.43,playing,5
94.4839,-1.5539,0,0.30932,0,188.91,playing,5
94.5006,-2.2985,0,0.30932,0,191.7,playing,5
94.5163,-2.2985,0,0.31087,0,194.62,playing,5
94.5321,-2.2985,0,0.31087,0,197.81,playing,5
94.5485,-2.6355,0,0.31663,0,201.28,playing,5
94.5644,-2.6355,0,0.31663,0,205.04,playing,5
94.5806,-3.3872,0,0.31663,0,209.08,playing,5
94.5963,-3.3872,0,0.34351,0,213.4,playing,5
94.6131,-3.3872,0,0.34351,0,218.0,playing,5
94.6301,-3.2597,0,0.33023,0,223.21,playing,5
94.6471,-3.2597,0,0.33023,0,228.73,playing,5
94.6639,-3.2597,0,0.3342,0,234.58,playing,5
94.6807,-31.9938,1,0.3342,0,240.74,playing,5
94.6968,-31.9938,0,0.31054,0,234.78,playing,5
94.7131,-31.9938,0,0.31054,0,229.1,playing,5
94.7299,-33.0458,0,0.24411,0,223.39,playing,5
94.7471,-33.0458,0,0.24411,0,217.99,playing,5
94.7633,-24.1527,0,0.24395,0,212.91,playing,5
94.7793,-24.1527,0,0.24395,0,208.42,playing,5
94.7955,-24.1527,0,0.22647,0,204.2,playing,5
94.8121,0.1358,0,0.22647,0,200.27,playing,5
94.8284,0.1358,0,0.25961,0,196.4,playing,5
94.8447,0.1358,0,0.25961,0,193.05,playing,5
94.8607,19.7036,0,0.21079,0,189.98,playing,5
94.8765,19.7036,0,0.21079,0,187.19,playing,5
94.8926,19.7036,0,0.25477,1,184.68,playing,5
94.9086,25.6562,0,0.25477,0,182.45,playing,5
94.9249,25.6562,0,0.27168,0,180.51,playing,5
94.9418,20.6605,0,0.27168,0,178.76,playing,5
94.9585,20.6605,0,0.27168,0,177.33,playing,5
94.9747,20.6605,0,0.21679,0,176.26,playing,5
94.9907,11.9801,0,0.21679,0,175.48,playing,5
95.007,11.9801,0,0.24614,0,174.97,playing,5
95.024,11.9801,0,0.24614,0,174.76,playing,5
95.0402,8.0452,0,0.3036,0,174.86,playing,5
95.0574,8.0452,0,0.3036,0,175.24,playing,5
95.0742,8.0452,0,0.29671,0,175.96,playing,5
95.0902,5.1578,0,0.31885,0,176.99,playing,5
95.1068,5.1578,0,0.31885,0,178.25,playing,5
95.1237,1.4403,0,0.30414,0,179.9,playing,5
95.1394,1.4403,0,0.30414,0,181.74,playing,5
95.1555,1.4403,0,0.32178,0,183.86,playing,5
95.1713,-0.7823,0,0.32178,0,186.26,playing,5
95.188,-0.7823,0,0.31018,0,188.95,playing,5
95.2047,-0.7823,0,0.31018,0,192.12,playing,5
95.2206,-3.3939,0,0.31873,0,195.38,playing,5
95.2364,-3.3939,0,0.31873,0,198.93,playing,5
95.2524,-3.3939,0,0.34169,0,202.75,playing,5
95.2687,-4.1178,0,0.34169,0,206.86,playing,5
95.285,-4.1178,0,0.34169,0,211.25,playing,5
95.3018,-7.0849,0,0.33512,0,216.24,playing,5
95.3175,-7.0849,0,0.33512,0,221.21,playing,5
95.3337,-7.0849,0,0.33958,0,226.46,playing,5
95.3508,-7.0849,0,0.33958,0,232.36,playing,5
95.3681,-7.0849,0,0.24703,0,238.58,playing,5
95.3854,-7.0849,0,0.24703,0,245.11,playing,5
95.4013,-27.4959,1,0.25441,0,251.96,playing,5
95.4175,-27.4959,0,0.25441,0,246.0,playing,5
95.4333,-27.4959,0,0.22738,0,240.33,playing,5
95.45,-10.5751,0,0.22738,0,234.93,playing,5
95.4668,-10.5751,0,0.20457,0,229.52,playing,5
95.4831,1.1988,0,0.20457,0,224.42,playing,5
95.5,1.1988,0,0.2364,1,219.91,playing,5
95.5165,1.1988,0,0.2364,0,215.43,playing,5
95.5321,1.1988,0,0.21031,0,211.49,playing,5
95.5488,1.1988,0,0.21031,0,207.84,playing,5
95.5657,1.1988,0,0.22227,0,204.28,playing,5
95.5816,27.1963,0,0.22227,0,201.2,playing,5
95.5982,27.1963,0,0.19896,0,198.41,playing,5
95.6146,21.5311,0,0.19896,0,195.77,playing,5
95.6308,21.5311,0,0.2461,0,193.56,playing,5
95.6468,21.5311,0,0.2461,0,191.63,playing,5
95.6639,11.8687,0,0.2461,0,189.9,playing,5
95.6811,11.8687,0,0.24255,0,188.49,playing,5
95.6982,11.8687,0,0.29457,0,187.39,playing,5
95.7149,7.9799,0,0.29457,0,186.61,playing,5
95.7317,7.9799,0,0.30555,0,186.16,playing,5
95.7478,7.9799,0,0.30555,0,186.0,playing,5
95.7636,4.7083,0,0.32383,0,186.14,playing,5
95.7797,4.7083,0,0.32383,0,186.55,playing,5
95.7956,-0.8209,0,0.30731,0,187.24,playing,5
95.8112,-0.8209,0,0.30731,0,188.22,playing,5
95.8273,-0.8209,0,0.34662,0,189.48,playing,5
95.8434,-2.6715,0,0.34662,0,191.02,playing,5
95.8592,-2.6715,0,0.31089,0,192.84,playing,5
95.8753,-2.6715,0,0.31089,0,194.94,playing,5
95.8915,-4.5482,0,0.30448,0,197.32,playing,5
95.9073,-4.5482,0,0.30448,0,199.99,playing,5
95.9235,-4.5482,0,0.33113,0,202.94,playing,5
95.9396,-5.7085,0,0.33113,0,206.16,playing,5
95.9553,-5.7085,0,0.29914,0,209.68,playing,5
95.9721,-5.7085,0,0.29914,0,213.47,playing,5
95.9884,-4.8797,0,0.29914,0,217.81,playing,5
96.0042,-4.8797,0,0.29709,0,222.19,playing,5
96.0213,-4.8797,0,0.29709,0,226.84,playing,5
96.0373,-4.8797,0,0.31348,0,232.1,playing,5
96.0529,-4.8797,0,0.31348,0,237.34,playing,5
96.0698,-4.8155,0,0.33349,0,242.86,playing,5
96.0869,-4.8155,0,0.33349,0,249.04,playing,5
96.1034,-4.8155,0,0.28999,0,255.53,playing,5
96.1199,-28.293,1,0.28999,0,261.93,playing,5
96.1368,-28.293,0,0.23456,0,255.62,playing,5
96.1531,-28.293,0,0.23456,0,249.62,playing,5
96.1695,-16.4194,0,0.29192,0,244.26,playing,5
96.1855,-16.4194,0,0.29192,0,239.19,playing,5
96.2016,6.4298,0,0.21632,0,234.39,playing,5
96.2179,6.4298,0,0.21632,0,229.87,playing,5
96.2354,6.4298,0,0.18067,0,225.39,playing,5
96.2516,26.0952,0,0.18067,0,221.23,playing,6
96.2678,26.0952,0,0.18283,0,217.6,playing,6
96.285,26.0952,0,0.18283,0,214.05,playing,6
96.3016,26.0952,0,0.19554,0,210.83,playing,6
96.3176,26.0952,0,0.19554,0,208.07,playing,6
96.3339,26.0952,0,0.25108,1,205.6,playing,6
96.3507,15.7102,0,0.25108,0,203.29,playing,6
96.3668,15.7102,0,0.25108,0,201.39,playing,6
96.3829,11.269,0,0.26171,0,199.78,playing,6
96.4003,11.269,0,0.27359,0,198.39,playing,6
96.4166,11.269,0,0.27359,0,197.31,playing,6
96.4329,7.4203,0,0.27359,0,196.58,playing,6
96.4499,7.4203,0,0.334,0,196.12,playing,6
96.4669,7.4203,0,0.28853,0,195.98,playing,6
96.4839,2.1133,0,0.28853,0,196.16,playing,6
96.501,2.1133,0,0.28435,0,196.65,playing,6
96.5179,-0.2277,0,0.28435,0,197.47,playing,6
96.5347,-0.2277,0,0.34315,0,198.6,playing,6
96.5509,-0.2277,0,0.34315,0,199.94,playing,6
96.5682,-1.7462,0,0.30399,0,201.69,playing,6
96.5854,-1.7462,0,0.30399,0,203.76,playing,6
96.6013,-1.7462,0,0.30528,0,206.14,playing,6
96.6176,-1.7462,0,0.30528,0,208.66,playing,6
96.6331,-1.7462,0,0.31245,0,211.47,playing,6
96.6502,-3.0926,0,0.31245,0,214.56,playing,6
96.6668,-3.8108,0,0.32291,0,218.16,playing,6
96.6843,-3.8108,0,0.32291,0,222.07,playing,6
96.7007,-3.8108,0,0.32291,0,226.31,playing,6
96.7165,-3.8108,0,0.30225,0,230.58,playing,6
96.7325,-3.8108,0,0.30225,0,235.12,playing,6
96.7485,-3.8108,0,0.28928,0,239.95,playing,6
96.7648,-3.8108,0,0.28928,0,245.07,playing,6
96.7816,-3.8108,0,0.2854,0,250.82,playing,6
96.7972,-3.6505,0,0.2854,0,256.51,playing,6
96.8139,-3.6505,0,0.29481,0,262.48,playing,6
96.8309,-5.6789,0,0.29481,0,269.15,playing,6
96.8472,-5.6789,0,0.28631,0,276.13,playing,6
96.8639,-5.6789,0,0.28631,0,282.99,playing,6
96.8798,-35.0689,1,0.31149,0,290.12,playing,6
96.8972,-35.0689,0,0.27121,0,283.81,playing,6
96.9134,-35.0689,0,0.27121,0,277.82,playing,6
96.9295,-28.1411,0,0.17694,0,272.46,playing,6
96.9455,-28.1411,0,0.17694,0,267.38,playing,6
96.9614,-28.1411,0,0.2416,1,262.58,playing,6
96.9772,-16.0202,0,0.2416,0,258.07,playing,6
96.9932,-16.0202,0,0.2416,0,253.83,playing,6
97.0098,-16.0202,0,0.23172,0,249.88,playing,6
97.0273,-6.6598,0,0.17069,0,246.0,playing,6
97.0441,-6.6598,0,0.17069,0,242.44,playing,6
97.0605,15.4906,0,0.17069,0,239.19,playing,6
97.0768,15.4906,0,0.17735,0,236.42,playing,6
97.0927,15.4906,0,0.17735,0,233.93,playing,6
97.1088,25.7682,0,0.22747,0,231.72,playing,6
97.1247,25.7682,0,0.22747,0,229.79,playing,6
97.1403,25.7682,0,0.17585,0,228.14,playing,6
97.1572,20.3743,0,0.17585,0,226.78,playing,6
97.1738,20.3743,0,0.20393,0,225.65,playing,6
97.1894,15.2482,0,0.20393,0,224.86,playing,6
97.2056,15.2482,0,0.2277,0,224.36,playing,6
97.2214,15.2482,0,0.2277,0,224.14,playing,6
97.2374,15.2482,0,0.28399,0,224.2,playing,6
97.2534,15.2482,0,0.28399,0,224.54,playing,6
97.269,15.2482,0,0.28415,0,225.17,playing,6
97.286,15.2482,0,0.28415,0,226.07,playing,6
97.3031,15.2482,0,0.26579,0,227.35,playing,6
97.3202,15.2482,0,0.26579,0,228.95,playing,6
97.3367,-1.4292,0,0.26576,0,230.87,playing,6
97.3526,-1.4292,0,0.26576,0,232.95,playing,6
97.3685,-1.4292,0,0.29221,0,235.32,playing,6
97.3847,-2.9228,0,0.29221,0,237.96,playing,6
97.4021,-2.9228,0,0.29221,0,241.1,playing,6
97.4186,-3.5476,0,0.27416,0,244.55,playing,6
97.4349,-3.5476,0,0.27416,0,248.07,playing,6
97.4521,-3.5476,0,0.28791,0,252.14,playing,6
97.4692,-4.243,0,0.28791,0,256.52,playing,6
97.4855,-4.243,0,0.26259,0,261.23,playing,6
97.5013,-4.243,0,0.26259,0,265.93,playing,6
97.517,-4.0996,0,0.27708,0,270.92,playing,6
97.5338,-4.0996,0,0.27708,0,276.19,playing,6
97.5512,-4.505,0,0.26133,0,282.11,playing,6
97.5679,-4.505,0,0.26133,0,288.35,playing,6
97.5849,-4.505,0,0.27648,0,294.9,playing,6
97.6019,-7.3804,0,0.27856,0,301.77,playing,6
97.6184,-7.3804,0,0.27856,0,308.96,playing,6
97.6344,-7.3804,0,0.28441,0,316.01,playing,6
97.6512,-24.0724,1,0.28441,0,323.34,playing,6
97.6676,-24.0724,0,0.22291,0,317.03,playing,6
97.6838,-24.0724,0,0.22291,0,311.37,playing,6
97.701,-24.0724,0,0.19943,0,305.67,playing,6
97.7181,-24.0724,0,0.19943,0,300.29,playing,6
97.7351,-11.9065,0,0.21922,0,295.24,playing,6
97.752,-11.9065,0,0.21922,0,290.49,playing,6
97.769,-11.9065,0,0.21922,0,286.07,playing,6
97.786,14.7711,0,0.19069,0,281.96,playing,6
97.8031,14.7711,0,0.19069,0,278.18,playing,6
97.82,14.7711,0,0.19656,0,274.71,playing,6
97.8372,23.8662,0,0.19656,0,271.56,playing,6
97.8535,23.8662,0,0.2081,0,268.72,playing,6
97.8699,20.5702,0,0.2081,0,266.34,playing,6
97.8871,20.5702,0,0.22573,1,264.12,playing,6
97.9043,20.5702,0,0.22573,0,262.22,playing,6
97.9208,12.2111,0,0.23929,0,260.64,playing,6
97.9377,12.2111,0,0.23929,0,259.38,playing,6
97.954,12.2111,0,0.26136,0,258.47,playing,6
97.9707,8.4222,0,0.26136,0,257.82,playing,6
97.9865,8.4222,0,0.29635,0,257.5,playing,6
98.0023,5.3685,0,0.29635,0,257.45,playing,6
98.0183,5.3685,0,0.29635,0,257.69,playing,6
98.0354,5.3685,0,0.28181,0,258.21,playing,6
98.0513,0.9925,0,0.28181,0,259.08,playing,6
98.0679,0.9925,0,0.27622,0,260.18,playing,6
98.085,0.9925,0,0.27622,0,261.66,playing,6
98.1017,-0.6732,0,0.28155,0,263.46,playing,7
98.1175,-0.6732,0,0.28155,0,265.44,playing,7
98.1335,-0.6732,0,0.28155,0,267.7,playing,7
98.1494,-1.9588,0,0.28155,0,270.25,playing,7
98.1659,-1.9588,0,0.28155,0,273.07,playing,7
98.183,-3.4993,0,0.28587,0,276.39,playing,7
98.1994,-3.4993,0,0.28587,0,280.03,playing,7
98.2157,-3.4993,0,0.28587,0,283.73,playing,7
98.2321,-3.5184,0,0.27692,0,287.98,playing,7
98.2494,-3.5184,0,0.27692,0,292.27,playing,7
98.266,-3.5184,0,0.292,0,297.14,playing,7
98.283,-6.1765,0,0.292,0,302.33,playing,7
98.2997,-6.1765,0,0.2743,0,307.83,playing,7
98.3159,-28.7923,1,0.2743,0,313.3,playing,7
98.3329,-34.8831,0,0.2743,0,306.99,playing,7
98.35,-34.8831,0,0.30214,0,300.99,playing,7
98.3666,-30.374,0,0.30214,0,295.31,playing,7
98.3825,-30.374,0,0.25825,0,290.25,playing,7
98.3991,-30.374,0,0.25825,0,285.47,playing,7
98.4155,-15.9608,0,0.21439,0,280.71,playing,7
98.4319,-15.9608,0,0.21439,0,276.52,playing,7
98.4483,-15.9608,0,0.21439,0,272.37,playing,7
98.4648,2.2807,0,0.21017,0,268.76,playing,7
98.4818,2.2807,0,0.21017,0,265.23,playing,7
98.4977,26.9837,0,0.19196,0,262.19,playing,7
98.5137,26.9837,0,0.19196,0,259.44,playing,7
98.5296,26.9837,0,0.19196,0,256.96,playing,7
98.5458,21.5058,0,0.19678,0,254.77,playing,7
98.5622,21.5058,0,0.19678,0,252.76,playing,7
98.5789,21.5058,0,0.19678,0,251.15,playing,7
98.5963,16.4171,0,0.23793,1,249.76,playing,7
98.6127,16.4171,0,0.23793,0,248.68,playing,7
98.6287,16.4171,0,0.28373,0,247.95,playing,7
98.6456,12.2329,0,0.28373,0,247.49,playing,7
98.6622,12.2329,0,0.28373,0,247.34,playing,7
98.6788,4.49,0,0.26948,0,247.5,playing,7
98.6955,4.49,0,0.26948,0,247.97,playing,7
98.7119,4.49,0,0.28874,0,248.7,playing,7
98.7284,1.6604,0,0.28874,0,249.8,playing,7
98.7452,1.6604,0,0.28874,0,251.11,playing,7
98.7621,1.6604,0,0.28107,0,252.82,playing,7
98.7787,-2.0952,0,0.28107,0,254.84,playing,7
98.7947,-2.0952,0,0.29185,0,257.04,playing,7
98.8109,-2.8536,0,0.29185,0,259.51,playing,7
98.8277,-2.8536,0,0.2754,0,262.45,playing,7
98.8439,-2.8536,0,0.2754,0,265.5,playing,7
98.8608,-3.6478,0,0.2754,0,269.07,playing,7
98.8764,-3.6478,0,0.2754,0,272.7,playing,7
98.8924,-3.6478,0,0.2754,0,276.61,playing,7
98.9088,-3.6478,0,0.27381,0,280.81,playing,7
98.9262,-3.6478,0,0.27381,0,285.59,playing,7
98.9424,-3.6478,0,0.27381,0,290.68,playing,7
98.959,-5.8536,0,0.29159,0,295.76,playing,7
98.976,-5.8536,0,0.29159,0,301.47,playing,7
98.9925,-34.972,1,0.29925,0,307.5,playing,7
99.0087,-34.972,0,0.29925,0,301.54,playing,7
99.026,-34.972,0,0.29925,0,295.87,playing,7
99.0425,-34.972,0,0.29513,0,289.84,playing,7
99.0588,-34.972,0,0.29513,0,284.76,playing,7
99.0754,-34.972,0,0.29445,0,279.96,playing,7
99.0933,-14.9229,0,0.29445,0,274.92,playing,7
99.1096,-14.9229,0,0.29445,0,270.48,playing,7
99.1254,16.6628,0,0.2426,0,266.58,playing,7
99.1417,16.6628,0,0.2426,0,262.96,playing,7
99.1579,16.6628,0,0.19599,0,259.63,playing,7
99.1745,24.8196,0,0.19599,0,256.4,playing,7
99.1902,24.8196,0,0.19599,0,253.65,playing,7
99.2071,24.8196,0,0.19599,0,251.17,playing,7
99.2241,20.2974,0,0.19599,0,248.86,playing,7
99.2405,20.2974,0,0.21698,0,246.87,playing,7
99.2565,20.2974,0,0.21698,0,245.28,playing,7
99.2723,15.938,0,0.20024,0,243.96,playing,7
99.2884,15.938,0,0.20024,0,242.93,playing,7
99.305,11.0171,0,0.20024,0,242.18,playing,7
99.3218,11.0171,0,0.21927,0,241.71,playing,7
99.3392,11.0171,0,0.21927,0,241.55,playing,7
99.356,3.3299,0,0.25485,1,241.7,playing,7
99.3732,3.3299,0,0.25485,0,242.18,playing,7
99.3899,3.3299,0,0.25069,0,242.97,playing,7
99.4071,0.4923,0,0.25069,0,244.09,playing,7
99.4235,0.4923,0,0.25429,0,245.52,playing,7
99.44,-1.0344,0,0.25429,0,247.14,playing,7
99.4566,-2.4892,0,0.25429,0,249.19,playing,7
99.473,-2.4892,0,0.29309,0,251.4,playing,7
99.4894,-2.7863,0,0.29309,0,254.06,playing,7
99.5056,-2.7863,0,0.28066,0,256.85,playing,7
99.5219,-2.7863,0,0.28066,0,259.92,playing,7
99.5387,-12.7592,0,0.26907,0,263.5,playing,7
99.5548,-12.7592,0,0.26907,0,267.15,playing,7
99.5706,-12.7592,0,0.26907,0,271.09,playing,7
99.5864,-33.902,1,0.26907,0,275.3,playing,7
99.6033,-33.902,0,0.26907,0,269.34,playing,7
99.6198,-35.9696,0,0.26893,0,263.33,playing,7
99.6352,-35.9696,0,0.26893,0,257.95,playing,7
99.6518,-35.9696,0,0.26893,0,252.85,playing,7
99.6684,-27.0637,0,0.3013,0,247.76,playing,7
99.6845,-27.0637,0,0.3013,0,243.24,playing,7
99.7007,-27.0637,0,0.22346,0,239.01,playing,7
99.7175,9.7106,0,0.22346,0,234.83,playing,7
99.7338,9.7106,0,0.20411,0,231.18,playing,7
99.751,9.7106,0,0.20411,0,227.61,playing,7
99.7671,20.9439,0,0.20411,0,224.37,playing,7
99.7837,20.9439,0,0.20411,0,221.59,playing,7
99.7992,20.9439,0,0.20411,0,219.1,playing,7
99.817,26.0943,0,0.23325,1,216.77,playing,7
99.8337,26.0943,0,0.23325,0,214.76,playing,7
99.8497,22.2117,0,0.17205,0,213.15,playing,7
99.8665,22.2117,0,0.17205,0,211.76,playing,7
99.8826,22.2117,0,0.21329,0,210.73,playing,7
99.8984,11.9907,0,0.21329,0,209.98,playing,7
99.9144,11.9907,0,0.21329,0,209.51,playing,7
99.9312,11.9907,0,0.21329,0,209.33,playing,7
99.947,7.8419,0,0.21329,0,209.45,playing,7
99.9638,7.8419,0,0.25825,0,209.84,playing,8
99.9812,4.2755,0,0.25825,0,210.58,playing,8
99.9974,4.2755,0,0.26598,0,211.64,playing,8
100.0131,4.2755,0,0.28844,0,212.91,playing,8
100.03,-1.5482,0,0.28844,0,214.47,playing,8
100.0461,-1.5482,0,0.26933,0,216.44,playing,8
100.0624,-1.5482,0,0.26171,0,218.58,playing,8
100.0781,-3.9642,0,0.26171,0,221.0,playing,8
100.0949,-3.9642,0,0.30005,0,223.7,playing,8
100.1113,-3.9642,0,0.30005,0,226.88,playing,8
100.1274,-5.7711,0,0.29393,0,230.17,playing,8
100.1436,-5.7711,0,0.27243,0,233.73,playing,8
100.1607,-5.9484,0,0.27243,0,237.83,playing,8
100.1771,-5.9484,0,0.27243,0,241.98,playing,8
100.1938,-5.9484,0,0.28556,0,246.7,playing,8
100.2097,-7.0259,0,0.28556,0,251.42,playing,8
100.2257,-7.0259,0,0.28556,0,256.43,playing,8
100.2419,-7.0259,0,0.29211,0,261.72,playing,8
100.2587,-7.0259,0,0.27373,0,267.65,playing,8
100.2748,-7.0259,0,0.27373,0,273.52,playing,8
100.292,-7.0259,0,0.29851,0,280.08,playing,8
100.3093,-22.5018,1,0.29851,0,286.95,playing,8
100.3254,-22.5018,0,0.22578,0,280.64,playing,8
100.3416,-22.5018,0,0.22578,0,274.98,playing,8
100.3575,-22.5018,0,0.2278,0,269.6,playing,8
100.3734,-22.5018,0,0.2278,0,264.5,playing,8
100.3897,3.7165,0,0.19721,0,259.69,playing,8
100.406,3.7165,0,0.19721,0,255.16,playing,8
100.4229,3.7165,0,0.21127,0,250.66,playing,8
100.4402,26.184,0,0.21127,0,246.48,playing,8
100.4567,26.184,0,0.22241,1,242.61,playing,8
100.4727,26.184,0,0.22241,0,239.26,playing,8
100.4891,24.6718,0,0.19238,0,236.19,playing,8
100.5053,24.6718,0,0.19238,0,233.24,playing,8
100.522,20.5782,0,0.2461,0,230.75,playing,8
100.5392,20.5782,0,0.2461,0,228.42,playing,8
100.5557,20.5782,0,0.2313,0,226.41,playing,8
100.5713,12.098,0,0.2313,0,224.8,playing,8
100.5884,12.098,0,0.2313,0,223.47,playing,8
100.6042,12.098,0,0.29037,0,222.38,playing,8
100.621,8.0279,0,0.29037,0,221.63,playing,8
100.6374,8.0279,0,0.29543,0,221.15,playing,8
100.6531,8.0279,0,0.29543,0,220.98,playing,8
100.6701,2.3449,0,0.28473,0,221.1,playing,8
100.6868,2.3449,0,0.28473,0,221.53,playing,8
100.7039,-0.0302,0,0.27686,0,222.29,playing,8
100.7207,-0.0302,0,0.31005,0,223.36,playing,8
100.7375,-0.0302,0,0.31005,0,224.76,playing,8
100.7534,-1.0151,0,0.29919,0,226.35,playing,8
100.7694,-1.0151,0,0.29919,0,228.22,playing,8
100.7852,-1.0151,0,0.28374,0,230.38,playing,8
100.8014,-2.7322,0,0.28374,0,232.81,playing,8
100.8173,-2.7322,0,0.30206,0,235.53,playing,8
100.834,-4.3145,0,0.30206,0,238.53,playing,8
100.8502,-5.2579,0,0.28079,0,242.04,playing,8
100.8668,-5.2579,0,0.28079,0,245.62,playing,8
100.883,-10.932,0,0.28079,0,249.48,playing,8
100.8998,-10.932,0,0.32718,0,253.9,playing,8
100.9171,-10.932,0,0.32718,0,258.64,playing,8
100.9341,-29.1603,1,0.28203,0,263.7,playing,8
100.9503,-29.1603,0,0.28203,0,257.39,playing,8
100.9668,-29.1603,0,0.28203,0,251.73,playing,8
100.9832,-36.2733,0,0.27624,0,246.35,playing,8
100.9996,-36.2733,0,0.27624,0,240.96,playing,8
101.0159,-36.2733,0,0.20247,0,236.16,playing,8
101.0325,-36.2733,0,0.20247,0,231.38,playing,8
101.0491,-36.2733,0,0.20247,0,227.16,playing,8
101.0651,-2.8071,0,0.23454,1,223.0,playing,8
101.0819,-2.8071,0,0.23454,0,219.37,playing,8
101.0987,-2.8071,0,0.21876,0,215.82,playing,8
101.1149,26.9441,0,0.21876,0,212.77,playing,8
101.1315,26.9441,0,0.21876,0,209.84,playing,8
101.1484,26.9441,0,0.22716,0,207.23,playing,8
101.1646,26.9441,0,0.22716,0,205.06,playing,8
101.1807,26.9441,0,0.21063,0,203.16,playing,8
101.1965,26.5575,0,0.21063,0,201.55,playing,8
101.2124,26.5575,0,0.19147,0,200.22,playing,8
101.2291,26.5575,0,0.19147,0,199.18,playing,8
101.2461,15.7675,0,0.19147,0,198.38,playing,8
101.2621,15.7675,0,0.19873,0,197.9,playing,8
101.2784,15.7675,0,0.19873,0,197.73,playing,8
101.2944,10.4137,0,0.28542,0,197.85,playing,8
101.3106,10.4137,0,0.28542,0,198.24,playing,8
101.3273,10.4137,0,0.28542,0,198.92,playing,8
101.3434,6.2803,0,0.27838,0,199.96,playing,8
101.3594,6.2803,0,0.27838,0,201.21,playing,8
101.3757,3.0023,0,0.3093,0,202.75,playing,8
101.3918,-0.3582,0,0.3093,0,204.57,playing,8
101.4085,-0.3582,0,0.3093,0,206.68,playing,8
101.4249,-2.1795,0,0.27663,0,209.23,playing,8
101.442,-2.1795,0,0.27663,0,212.1,playing,8
101.4586,-2.1795,0,0.24259,0,215.29,playing,8
101.4749,-4.0366,0,0.24259,0,218.57,playing,8
101.4921,-4.0366,0,0.29827,0,222.37,playing,8
101.5095,-4.0366,0,0.29827,0,226.49,playing,8
101.5258,-4.9282,0,0.26556,0,230.93,playing,8
101.5423,-4.9282,0,0.26556,0,235.4,playing,8
101.5589,-7.5634,0,0.3263,0,240.45,playing,8
101.5756,-7.5634,0,0.3263,0,245.83,playing,8
101.5925,-7.5634,0,0.3263,0,251.52,playing,8
101.6091,-7.5634,0,0.28274,0,257.16,playing,8
101.6262,-7.5634,0,0.28274,0,263.47,playing,8
101.6429,-7.5634,0,0.25458,0,270.1,playing,8
101.6595,-23.9555,1,0.25458,0,277.05,playing,8
101.6759,-23.9555,0,0.31106,0,271.09,playing,8
101.6926,-20.1897,0,0.31106,0,265.08,playing,8
101.7093,-20.1897,0,0.29178,0,259.7,playing,8
101.7258,-20.1897,0,0.29178,0,254.3,playing,8
101.7425,6.8664,0,0.29178,0,249.22,playing,8
101.7583,6.8664,0,0.21653,0,244.73,playing,8
101.7751,6.8664,0,0.21653,0,240.51,playing,8
101.7915,6.8664,0,0.19454,0,236.35,playing,8
101.8079,6.8664,0,0.19454,0,232.71,playing,9
101.8251,17.0189,0,0.23499,1,229.17,playing,9
101.8415,18.563,0,0.23499,0,225.94,playing,9
101.8576,18.563,0,0.23499,0,223.19,playing,9
101.8738,20.0501,0,0.22281,0,220.71,playing,9
101.8913,20.0501,0,0.22281,0,218.4,playing,9
101.9077,20.0501,0,0.21378,0,216.41,playing,9
101.9241,17.0101,0,0.21378,0,214.82,playing,9
101.9415,17.0101,0,0.21378,0,213.44,playing,9
101.9579,17.0101,0,0.2508,0,212.38,playing,9
101.9746,13.0689,0,0.2508,0,211.65,playing,9
101.9908,13.0689,0,0.25913,0,211.23,playing,9
102.0076,5.7129,0,0.25913,0,211.11,playing,9
102.0238,5.7129,0,0.28858,0,211.27,playing,9
102.0408,5.7129,0,0.28506,0,211.77,playing,9
102.0571,2.2887,0,0.28506,0,212.52,playing,9
102.0742,2.2887,0,0.30459,0,213.63,playing,9
102.0911,2.2887,0,0.30459,0,215.06,playing,9
102.1075,2.2887,0,0.26537,0,216.81,playing,9
102.1236,2.2887,0,0.26537,0,218.73,playing,9
102.1408,-2.3894,0,0.28855,0,221.1,playing,9
102.1564,-2.3894,0,0.29021,0,223.6,playing,9
102.1731,-2.3894,0,0.29021,0,226.39,playing,9
102.1891,-2.3894,0,0.28468,0,229.67,playing,9
102.2055,-2.3894,0,0.28374,0,233.04,playing,9
102.2215,-2.3894,0,0.28374,0,236.69,playing,9
102.2372,-10.7712,0,0.33122,0,240.63,playing,9
102.2539,-10.7712,0,0.33122,0,244.84,playing,9
102.2712,-10.7712,0,0.29002,0,249.64,playing,9
102.2883,-28.2193,1,0.29002,0,254.75,playing,9
102.3055,-28.2193,0,0.26274,0,248.09,playing,9
102.322,-33.5453,0,0.26274,0,242.45,playing,9
102.3394,-33.5453,0,0.2461,0,236.77,playing,9
102.356,-33.5453,0,0.2461,0,231.41,playing,9
102.3728,-24.9535,0,0.23333,0,226.37,playing,9
102.3893,-24.9535,0,0.23333,0,221.65,playing,9
102.4053,-24.9535,0,0.21792,0,217.49,playing,9
102.4214,-16.9006,0,0.21792,0,213.6,playing,9
102.4381,-16.9006,0,0.22002,1,210.0,playing,9
102.4543,-16.4767,0,0.22002,0,206.5,playing,9
102.4706,-9.6418,0,0.18313,0,203.48,playing,9
102.4869,-9.6418,0,0.18313,0,200.74,playing,9
102.5038,2.2062,0,0.19885,0,198.15,playing,9
102.521,2.2062,0,0.19885,0,195.88,playing,9
102.5383,2.2062,0,0.22707,0,193.92,playing,9
102.5542,43.3191,0,0.22707,0,192.28,playing,9
102.5714,43.3191,0,0.15663,0,191.02,playing,9
102.5877,43.3191,0,0.15663,0,190.0,playing,9
102.6032,47.5927,0,0.20203,0,189.33,playing,9
102.6197,47.5927,0,0.20203,0,188.93,playing,9
102.6367,41.2897,0,0.23804,0,188.83,playing,9
102.6526,41.2897,0,0.23804,0,189.01,playing,9
102.6687,41.2897,0,0.27391,0,189.48,playing,9
102.6854,32.7091,0,0.27391,0,190.29,playing,9
102.7013,32.7091,0,0.27391,0,191.33,playing,9
102.7175,32.7091,0,0.28893,0,192.66,playing,9
102.7333,16.2874,0,0.28893,0,194.27,playing,9
102.7496,16.2874,0,0.29322,0,196.16,playing,9
102.7654,16.2874,0,0.29322,0,198.34,playing,9
102.7817,3.4355,0,0.28888,0,200.79,playing,9
102.7977,3.4355,0,0.28888,0,203.53,playing,9
102.8139,3.4355,0,0.29224,0,206.54,playing,9
102.8313,-1.357,0,0.29224,0,210.07,playing,9
102.8476,-1.357,0,0.30462,0,213.91,playing,9
102.8635,-4.3125,0,0.30462,0,217.81,playing,9
102.8799,-4.3125,0,0.26948,0,221.99,playing,9
102.897,-4.3125,0,0.26948,0,226.75,playing,9
102.914,-8.3906,0,0.30873,0,231.82,playing,9
102.9309,-8.3906,0,0.31143,0,237.22,playing,9
102.9476,-8.3906,0,0.31143,0,242.93,playing,9
102.9638,-9.613,0,0.31143,0,248.59,playing,9
102.9811,-9.613,0,0.28656,0,254.91,playing,9
102.9971,-44.1715,1,0.266,0,261.56,playing,9
103.013,-44.1715,0,0.266,0,255.6,playing,9
103.0298,-44.1715,0,0.266,0,249.93,playing,9
103.0465,-41.0406,0,0.23851,0,244.21,playing,9
103.0628,-41.0406,0,0.23851,0,239.12,playing,9
103.0785,-41.0406,0,0.24382,0,234.3,playing,9
103.0949,-5.7055,0,0.24382,0,229.77,playing,9
103.1119,-5.7055,0,0.16741,0,225.27,playing,9
103.1292,-5.7055,0,0.16741,0,221.09,playing,9
103.1454,-5.7055,0,0.20014,0,217.23,playing,9
103.1615,-5.7055,0,0.20014,0,213.87,playing,9
103.178,23.1204,0,0.20979,0,210.8,playing,9
103.1944,23.1204,0,0.20979,0,207.86,playing,9
103.2114,23.1204,0,0.22183,1,205.37,playing,9
103.2274,18.6055,0,0.22183,0,203.04,playing,9
103.2437,18.6055,0,0.24246,0,201.13,dead,9
103.26,18.6055,0,0.24246,0,199.5,dead,9
103.2764,14.4965,0,0.24002,0,198.08,dead,9
103.293,14.4965,0,0.24002,0,197.04,dead,9
103.3098,10.6508,0,0.27395,0,196.24,dead,9
103.3278,10.6508,0,0.29159,0,195.76,dead,9
103.3448,10.6508,0,0.29159,0,195.61,dead,9
103.3616,3.5572,0,0.30594,0,195.79,dead,9
103.3777,3.5572,0,0.30594,0,196.24,dead,9
103.3944,3.5572,0,0.30594,0,197.03,dead,9
103.4106,1.4399,0,0.27762,0,198.06,dead,9
103.427,1.4399,0,0.27762,0,199.37,dead,9
103.4433,1.4399,0,0.29543,0,201.08,dead,9
103.4599,-0.7464,0,0.29543,0,202.97,dead,9
103.477,-0.7464,0,0.29799,0,205.3,dead,9
103.494,-2.1385,0,0.29799,0,207.95,dead,9
103.5108,-2.1385,0,0.27664,0,210.91,dead,9
103.5266,-2.1385,0,0.27664,0,213.98,dead,9
103.5432,-2.1385,0,0.31482,0,217.33,dead,9
103.5597,-2.1385,0,0.31482,0,221.21,dead,9
103.576,-2.1385,0,0.3173,0,225.14,dead,9
103.593,-3.9037,0,0.3173,0,229.64,dead,9
103.6092,-3.9037,0,0.33935,0,234.45,dead,9
103.6254,-3.6584,0,0.33935,0,239.27,dead,9
103.642,-3.6584,0,0.29052,0,244.36,dead,9
103.6585,-3.6584,0,0.29052,0,250.09,dead,9
103.6747,-3.7134,0,0.3321,0,255.77,dead,9
103.6907,-3.7134,0,0.3321,0,261.72,dead,9
103.7065,-3.7134,0,0.31841,0,267.96,dead,9
103.7222,-3.5685,0,0.31841,0,274.48,dead,9
103.739,-3.5685,0,0.31841,0,281.28,dead,9
103.7558,-3.5685,0,0.31841,0,288.83,dead,9
103.7721,-3.1399,0,0.31841,0,296.69,dead,9
103.7889,-3.1399,0,0.30325,0,304.37,dead,9
103.806,-2.0219,0,0.30325,0,312.85,dead,9
103.8226,-2.0219,0,0.33307,0,321.65,dead,9
103.8383,-2.0219,0,0.33307,0,330.21,dead,9
103.8542,-9.7778,0,0.31588,0,339.05,dead,9
103.8709,-9.7778,0,0.31588,0,348.18,dead,9
103.8876,-9.7778,0,0.31763,0,358.19,dead,9
103.9038,-31.6839,1,0.31763,0,367.9,dead,9
103.9194,-31.6839,0,0.24327,0,285.0,playing,0
103.9361,-31.6839,0,0.24327,0,279.04,playing,0
103.9527,-19.4688,0,0.25416,0,273.03,playing,0
103.9683,-19.4688,0,0.21891,0,267.65,playing,0
103.9859,14.6148,0,0.21891,0,262.26,playing,0
104.0026,14.6148,0,0.2212,1,257.18,playing,0
104.0185,14.6148,0,0.2212,0,252.68,playing,0
104.0344,22.874,0,0.2385,0,248.46,playing,0
104.0513,22.874,0,0.2385,0,244.53,playing,0
104.0679,22.874,0,0.19925,0,240.67,playing,0
104.0846,23.8534,0,0.19925,0,237.12,playing,0
104.1001,23.8534,0,0.19925,0,234.07,playing,0
104.1173,23.8534,0,0.23464,0,231.3,playing,0
104.1334,17.5206,0,0.23464,0,228.67,playing,0
104.1498,17.5206,0,0.23464,0,226.48,playing,0
104.1652,17.5206,0,0.23464,0,224.56,playing,0
104.1815,17.5206,0,0.23464,0,222.94,playing,0
104.1979,17.5206,0,0.28313,0,221.59,playing,0
104.2148,6.0873,0,0.28801,0,220.48,playing,0
104.2318,6.0873,0,0.28801,0,219.68,playing,0
104.249,6.0873,0,0.35797,0,219.2,playing,0
104.2656,2.653,0,0.35797,0,219.04,playing,0
104.2818,2.653,0,0.32446,0,219.17,playing,0
104.2986,2.653,0,0.32446,0,219.63,playing,0
104.3153,2.653,0,0.28051,0,220.34,playing,0
104.3312,2.653,0,0.28051,0,221.42,playing,0
104.3477,-2.6674,0,0.3142,0,222.71,playing,0
104.3638,-2.6674,0,0.3142,0,224.28,playing,0
104.3807,-2.6674,0,0.28814,0,226.27,playing,0
104.3968,-3.2093,0,0.28814,0,228.43,playing,0
104.4141,-3.2093,0,0.30407,0,231.04,playing,0
104.4312,-3.2093,0,0.30407,0,233.96,playing,0
104.4481,-3.5537,0,0.30407,0,237.21,playing,0
104.465,-3.5537,0,0.3193,0,240.77,playing,0
104.4818,-4.4496,0,0.28665,0,244.65,playing,0
104.4989,-4.4496,0,0.28665,0,248.85,playing,0
104.516,-4.4496,0,0.30563,0,253.36,playing,0
104.5331,-7.2027,0,0.30563,0,258.19,playing,0
104.5501,-7.2027,0,0.30563,0,263.34,playing,0
104.567,-7.2027,0,0.30563,0,268.81,playing,0
104.5838,-28.917,1,0.24658,0,274.6,playing,0
104.6013,-28.917,0,0.24658,0,268.29,playing,0
104.6175,-33.7069,0,0.23151,0,262.29,playing,0
104.6338,-33.7069,0,0.23151,0,256.93,playing,0
104.6504,-33.7069,0,0.20682,0,251.56,playing,0
104.6668,-27.3596,0,0.20682,0,246.78,playing,0
104.6841,-27.3596,0,0.21257,0,242.02,playing,0
104.7003,-27.3596,0,0.21257,0,237.58,playing,0
104.717,7.0995,0,0.26039,1,233.68,playing,0
104.734,7.0995,0,0.26039,0,229.85,playing,0
104.7504,23.629,0,0.19501,0,226.34,playing,0
104.7662,23.629,0,0.19501,0,223.33,playing,0
104.7824,23.629,0,0.23307,0,220.59,playing,0
104.799,23.629,0,0.23307,0,218.13,playing,0
104.8158,23.629,0,0.23307,0,215.84,playing,0
104.8317,23.629,0,0.25875,0,213.96,playing,0
104.8478,25.7811,0,0.25875,0,212.37,playing,0
104.8641,25.7811,0,0.23959,0,211.06,playing,0
104.8811,25.7811,0,0.26698,0,209.98,playing,0
104.898,11.5365,0,0.26698,0,209.22,playing,0
104.915,11.5365,0,0.30523,0,208.78,playing,0
104.9316,7.2438,0,0.30523,0,208.66,playing,0
104.9473,7.2438,0,0.30523,0,208.83,playing,0
104.964,7.2438,0,0.30523,0,209.28,playing,0
104.981,4.6624,0,0.26692,0,210.07,playing,0
104.9984,4.6624,0,0.26692,0,211.18,playing,0
105.0146,4.6624,0,0.26692,0,212.61,playing,0
105.0313,-0.8626,0,0.32416,0,214.36,playing,0
105.0476,-0.8626,0,0.32416,0,216.29,playing,0
105.0633,-0.8626,0,0.30052,0,218.49,playing,0
105.0797,-2.6172,0,0.30052,0,220.98,playing,0
105.096,-2.6172,0,0.30052,0,223.75,playing,0
105.1124,-4.5256,0,0.31376,0,227.02,playing,0
105.1289,-4.5256,0,0.31376,0,230.37,playing,0
105.1456,-4.5256,0,0.2657,0,234.25,playing,0
105.162,-5.398,0,0.2657,0,238.18,playing,0
105.1793,-5.398,0,0.2657,0,242.68,playing,0
105.1957,-5.398,0,0.2657,0,247.49,playing,0
105.212,-15.29,0,0.2657,0,252.31,playing,0
105.2289,-15.29,0,0.29197,0,257.74,playing,0
105.2461,-36.1915,1,0.29197,0,263.49,playing,0
105.2632,-36.1915,0,0.32682,0,257.17,playing,0
105.2793,-36.1915,0,0.32682,0,251.18,playing,0
105.2954,-36.1915,0,0.32474,0,245.82,playing,0
105.312,-36.1915,0,0.32474,0,240.74,playing,0
105.3284,-36.1915,0,0.29435,0,235.66,playing,0
105.3445,-13.1069,0,0.29435,0,231.17,playing,0
105.3611,-13.1069,0,0.29435,0,226.95,playing,0
105.3773,-13.1069,0,0.22659,0,222.79,playing,0
105.3941,27.3761,0,0.22659,0,219.15,playing,0
105.4106,27.3761,0,0.23125,0,215.61,playing,0
105.427,27.626,0,0.23125,0,212.55,playing,0
105.4438,27.626,0,0.19065,0,209.63,playing,0
105.4602,27.626,0,0.19065,0,207.15,playing,0
105.4771,18.5229,0,0.24589,1,204.84,playing,0
105.4939,18.5229,0,0.24589,0,202.85,playing,0
105.5104,18.5229,0,0.24589,0,201.18,playing,0
105.5266,18.5229,0,0.22108,0,199.88,playing,0
105.5428,18.5229,0,0.22108,0,198.87,playing,0
105.5599,13.2127,0,0.25918,0,198.11,playing,0
105.5765,5.1995,0,0.25918,0,197.67,playing,0
105.5924,5.1995,0,0.25918,0,197.54,playing,0
105.6092,2.1514,0,0.25918,0,197.69,playing,0
105.626,2.1514,0,0.25918,0,198.16,playing,0
105.6432,2.1514,0,0.25852,0,198.96,playing,0
105.6598,2.1514,0,0.25852,0,200.07,playing,0
105.6762,2.1514,0,0.30672,0,201.4,playing,0
105.6928,2.1514,0,0.30672,0,203.12,playing,0
105.7099,-3.6242,0,0.30097,0,205.17,playing,0
105.7272,-3.6242,0,0.30097,0,207.54,playing,0
105.7433,-4.153,0,0.28898,0,210.22,playing,0
105.7594,-4.153,0,0.28898,0,213.03,playing,0
105.7759,-4.153,0,0.28898,0,216.11,playing,0
105.7924,-3.5722,0,0.34785,0,219.71,playing,0
105.8085,-3.5722,0,0.34785,0,223.38,playing,0
105.8249,-3.5722,0,0.34785,0,227.33,playing,0
105.8419,-3.6279,0,0.31626,0,231.85,playing,0
105.8587,-3.6279,0,0.31626,0,236.68,playing,0
105.8751,-4.2122,0,0.31626,0,241.51,playing,0
105.8917,-19.9247,0,0.31626,0,246.96,playing,0
105.9074,-19.9247,0,0.29636,0,252.37,playing,0
105.9241,-35.9259,1,0.29636,0,258.06,playing,0
105.9412,-35.9259,0,0.29636,0,251.75,playing,0
105.957,-35.9259,0,0.31134,0,245.76,playing,0
105.9739,-30.1289,0,0.31134,0,240.4,playing,0
105.9907,-30.1289,0,0.3385,0,235.02,playing,0
106.0077,-30.1289,0,0.3385,0,229.96,playing,0
106.0243,-8.6597,0,0.28294,0,225.22,playing,0
106.0409,-8.6597,0,0.28294,0,221.04,playing,0
106.0583,12.3975,0,0.28294,0,216.92,playing,0
106.0744,12.3975,0,0.21115,0,213.11,playing,0
106.0906,12.3975,0,0.21115,0,209.81,playing,0
106.1066,26.8614,0,0.19096,0,206.79,playing,0
106.1226,26.8614,0,0.19096,0,204.05,playing,0
106.1408,26.8614,0,0.19096,0,201.46,playing,0
106.1569,22.7989,0,0.16255,0,199.19,playing,0
106.1739,22.7989,0,0.16255,0,197.23,playing,0
106.1904,18.2004,0,0.20879,0,195.6,playing,0
106.2063,18.2004,0,0.20879,0,194.34,playing,0
106.2224,18.2004,0,0.182,0,193.36,playing,0
106.2385,9.1465,0,0.182,0,192.66,playing,0
106.2547,9.1465,0,0.182,0,192.25,playing,0
106.2719,9.1465,0,0.2192,0,192.13,playing,0
106.2893,5.4968,0,0.2192,0,192.32,playing,0
106.3064,5.4968,0,0.2192,0,192.83,playing,0
106.3224,5.4968,0,0.2192,0,193.67,playing,0
106.3382,5.4968,0,0.30402,1,194.73,playing,0
106.3541,5.4968,0,0.30402,0,196.08,playing,0
106.3707,0.3992,0,0.28682,0,197.7,playing,1
106.3872,-0.9956,0,0.28682,0,199.61,playing,1
106.404,-0.9956,0,0.28682,0,201.96,playing,1
106.4209,-2.9617,0,0.3021,0,204.62,playing,1
106.4383,-2.9617,0,0.3021,0,207.6,playing,1
106.4547,-2.9617,0,0.32862,0,210.9,playing,1
106.4717,-3.284,0,0.32862,0,214.52,playing,1
106.4874,-3.284,0,0.32862,0,218.21,playing,1
106.5031,-3.284,0,0.2982,0,222.18,playing,1
106.5201,-3.6182,0,0.2982,0,226.42,playing,1
106.5368,-3.6182,0,0.29763,0,231.26,playing,1
106.5527,-4.1144,0,0.29763,0,236.09,playing,1
106.5687,-4.1144,0,0.31703,0,241.2,playing,1
106.5849,-4.1144,0,0.31703,0,246.59,playing,1
106.602,-34.7449,1,0.30032,0,252.64,playing,1
106.6191,-34.7449,0,0.30032,0,246.33,playing,1
106.6357,-34.7449,0,0.30032,0,240.34,playing,1
106.6518,-34.7449,0,0.30247,0,234.98,playing,1
106.6684,-34.7449,0,0.30247,0,229.6,playing,1
106.6847,-28.2467,0,0.24992,0,224.82,playing,1
106.7015,-3.3175,0,0.24992,0,220.06,playing,1
106.7179,-3.3175,0,0.25894,0,215.86,playing,1
106.7345,13.4131,0,0.25894,0,211.72,playing,1
106.7508,13.4131,0,0.25894,0,208.1,playing,1
106.7665,13.4131,0,0.23033,0,204.76,playing,1
106.7824,27.5725,0,0.23033,0,201.71,playing,1
106.7993,27.5725,0,0.21258,0,198.94,playing,1
106.8158,27.5725,0,0.21258,0,196.31,playing,1
106.8312,27.5725,0,0.2263,1,194.12,playing,1
106.8475,27.5725,0,0.2263,0,192.21,playing,1
106.8632,27.5725,0,0.2263,0,190.58,playing,1
106.8799,14.1885,0,0.21186,0,189.23,playing,1
106.897,14.1885,0,0.21186,0,188.12,playing,1
106.9141,9.0898,0,0.22756,0,187.32,playing,1
106.9303,9.0898,0,0.22756,0,186.84,playing,1
106.9461,9.0898,0,0.22756,0,186.68,playing,1
106.9623,5.4734,0,0.21612,0,186.79,playing,1
106.9783,5.4734,0,0.21612,0,187.19,playing,1
106.995,5.4734,0,0.26265,0,187.86,playing,1
107.0115,-0.3072,0,0.26265,0,188.9,playing,1
107.0279,-0.3072,0,0.26265,0,190.16,playing,1
107.0445,-0.3072,0,0.26247,0,191.81,playing,1
107.0602,-0.3072,0,0.26247,0,193.65,playing,1
107.077,-0.3072,0,0.31994,0,195.77,playing,1
107.0939,-3.4043,0,0.31994,0,198.34,playing,1
107.111,-3.4043,0,0.30485,0,201.23,playing,1
107.1277,-3.4043,0,0.30485,0,204.43,playing,1
107.144,-5.4931,0,0.32918,0,207.73,playing,1
107.1605,-5.4931,0,0.32918,0,211.56,playing,1
107.177,-5.4931,0,0.32918,0,215.44,playing,1
107.1942,-18.548,0,0.31723,0,219.88,playing,1
107.2101,-18.548,0,0.31723,0,224.64,playing,1
107.2273,-35.8,1,0.34239,0,229.4,playing,1
107.2437,-35.8,0,0.34239,0,223.08,playing,1
107.2599,-35.8,0,0.34239,0,217.42,playing,1
107.277,-22.1576,0,0.26581,0,211.73,playing,1
107.2935,-22.1576,0,0.26581,0,206.35,playing,1
107.3093,-22.1576,0,0.23852,0,201.57,playing,1
107.3264,-4.5996,0,0.23852,0,197.07,playing,1
107.3431,-4.5996,0,0.23852,0,192.61,playing,1
107.3602,9.996,0,0.25864,0,188.47,playing,1
107.3765,22.914,0,0.25864,0,184.65,playing,1
107.3929,22.914,0,0.20244,0,181.33,playing,1
107.4099,22.914,0,0.20244,0,178.12,playing,1
107.4273,22.914,0,0.20244,0,175.23,playing,1
107.444,22.914,0,0.19796,0,172.66,playing,1
107.4607,17.5826,0,0.19796,0,170.4,playing,1
107.4766,17.5826,0,0.18713,0,168.56,playing,1
107.4925,17.5826,0,0.18713,0,167.01,playing,1
107.5091,13.109,0,0.18713,0,165.73,playing,1
107.5256,13.109,0,0.19343,0,164.69,playing,1
107.5417,9.5631,0,0.19343,0,163.99,playing,1
107.5577,9.5631,0,0.24702,1,163.58,playing,1
107.5736,9.5631,0,0.24702,0,163.45,playing,1
107.5899,2.8796,0,0.24702,0,163.6,playing,1
107.6074,2.8796,0,0.23213,0,164.07,playing,1
107.6238,2.8796,0,0.23213,0,164.87,playing,1
107.6393,0.4974,0,0.2851,0,165.89,playing,1
107.6557,0.4974,0,0.2851,0,167.2,playing,1
107.6716,0.4974,0,0.29122,0,168.8,playing,1
107.6875,-3.1344,0,0.29122,0,170.67,playing,1
107.7037,-3.1344,0,0.29122,0,172.83,playing,1
107.7194,-4.5728,0,0.30521,0,175.26,playing,1
107.7356,-4.5728,0,0.30521,0,177.98,playing,1
107.7518,-4.5728,0,0.26463,0,180.98,playing,1
107.7689,-10.4085,0,0.26463,0,184.49,playing,1
107.786,-10.4085,0,0.31609,0,188.31,playing,1
107.8024,-10.4085,0,0.31609,0,192.45,playing,1
107.8192,-19.9974,0,0.31609,0,196.63,playing,1
107.8363,-19.9974,0,0.31272,0,201.39,playing,1
107.8531,-19.9974,0,0.31272,0,206.46,playing,1
107.8695,-29.5023,1,0.32989,0,211.86,playing,1
107.8858,-29.5023,0,0.32989,0,205.9,playing,1
107.9021,-26.7791,0,0.32989,0,200.22,playing,1
107.918,-19.8095,0,0.25075,0,194.51,playing,1
107.9351,-19.8095,0,0.25075,0,189.41,playing,1
107.9516,-12.6395,0,0.2393,0,184.32,playing,1
107.9679,-12.6395,0,0.2393,0,179.8,playing,1
107.9847,-12.6395,0,0.22732,0,175.32,playing,1
108.0007,10.2059,0,0.22732,0,171.39,playing,1
108.018,10.2059,0,0.23951,0,167.53,playing,1
108.0343,10.2059,0,0.23951,0,163.98,playing,1
108.0502,10.2059,0,0.23951,0,160.93,playing,1
108.0666,10.2059,0,0.19993,0,158.15,playing,1
108.0821,21.4837,0,0.22119,1,155.66,playing,1
108.0981,21.4837,0,0.22119,0,153.45,playing,1
108.115,21.4837,0,0.26711,0,151.52,playing,1
108.1322,22.8499,0,0.19087,0,149.79,playing,1
108.1482,22.8499,0,0.19087,0,148.38,playing,1
108.1648,22.8499,0,0.20471,0,147.33,playing,1
108.1821,18.7813,0,0.20471,0,146.54,playing,1
108.1984,18.7813,0,0.21886,0,146.06,playing,1
108.2143,18.7813,0,0.26204,0,145.89,playing,2
108.2309,10.5991,0,0.26204,0,146.01,playing,2
108.2481,10.5991,0,0.2933,0,146.44,playing,2
108.2641,6.6592,0,0.2933,0,147.2,playing,2
108.2806,6.6592,0,0.2952,0,148.19,playing,2
108.2969,6.6592,0,0.2952,0,149.47,playing,2
108.3139,3.1973,0,0.31363,0,151.14,playing,2
108.3313,3.1973,0,0.31363,0,153.13,playing,2
108.3482,3.1973,0,0.3067,0,155.44,playing,2
108.3646,0.3451,0,0.3067,0,158.07,playing,2
108.3803,0.3451,0,0.31185,0,160.82,playing,2
108.3965,-3.041,0,0.31185,0,163.86,playing,2
108.4134,-3.041,0,0.2923,0,167.17,playing,2
108.4291,-3.041,0,0.2923,0,171.02,playing,2
108.4459,-5.3498,0,0.32697,0,174.91,playing,2
108.4629,-5.3498,0,0.32697,0,179.37,playing,2
108.4801,-5.3498,0,0.28746,0,184.15,playing,2
108.4969,-6.5612,0,0.28746,0,189.24,playing,2
108.5131,-6.5612,0,0.29835,0,194.66,playing,2
108.5293,-6.5612,0,0.29863,0,200.03,playing,2
108.5452,-6.5612,0,0.29863,0,205.69,playing,2
108.5615,-6.5612,0,0.30253,0,211.63,playing,2
108.578,-31.8471,1,0.30253,0,217.85,playing,2
108.5941,-31.8471,0,0.25149,0,211.54,playing,2
108.6105,-31.8471,0,0.25149,0,205.88,playing,2
108.6263,-31.8471,0,0.23389,0,200.5,playing,2
108.6423,-31.8471,0,0.23389,0,195.41,playing,2
108.6586,-31.8471,0,0.23389,0,190.59,playing,2
108.6754,-16.1506,0,0.22269,0,186.06,playing,2
108.6932,-16.1506,0,0.22269,0,181.32,playing,2
108.7094,-16.1506,0,0.23071,0,177.15,playing,2
108.7261,-9.5233,0,0.23071,0,173.52,playing,2
108.743,-9.5233,0,0.23054,0,169.97,playing,2
108.7602,-1.4178,0,0.23054,0,166.75,playing,2
108.7768,-1.4178,0,0.20053,0,163.84,playing,2
108.7938,-1.4178,0,0.20053,0,161.25,playing,2
108.8108,26.4756,0,0.23026,1,158.98,playing,2
108.8267,26.4756,0,0.23026,0,157.12,playing,2
108.8426,26.4756,0,0.22086,0,155.54,playing,2
108.8587,31.2154,0,0.22086,0,154.25,playing,2
108.8747,31.2154,0,0.25804,0,153.23,playing,2
108.8905,31.2154,0,0.25804,0,152.5,playing,2
108.9062,31.2154,0,0.21186,0,152.05,playing,2
108.9234,31.2154,0,0.21186,0,151.89,playing,2
108.9392,16.5411,0,0.27723,0,152.03,playing,2
108.9562,16.5411,0,0.27723,0,152.44,playing,2
108.9725,16.5411,0,0.25134,0,153.19,playing,2
108.9883,10.8016,0,0.25134,0,154.19,playing,2
109.005,10.8016,0,0.25134,0,155.46,playing,2
109.0218,10.8016,0,0.27019,0,157.14,playing,2
109.0391,2.164,0,0.27019,0,159.13,playing,2
109.0554,2.164,0,0.27959,0,161.44,playing,2
109.0711,-0.2105,0,0.27959,0,163.89,playing,2
109.0877,-0.2105,0,0.30645,0,166.63,playing,2
109.1034,-0.2105,0,0.30645,0,169.64,playing,2
109.1198,-3.8766,0,0.30878,0,172.94,playing,2
109.1372,-3.8766,0,0.2894,0,176.77,playing,2
109.1535,-3.8766,0,0.2894,0,180.91,playing,2
109.1705,-4.2389,0,0.2894,0,185.09,playing,2
109.1877,-4.2389,0,0.28791,0,190.14,playing,2
109.2035,-4.2389,0,0.32408,0,194.92,playing,2
109.2196,-5.9468,0,0.32408,0,199.98,playing,2
109.2355,-5.9468,0,0.31591,0,205.32,playing,2
109.2517,-6.0652,0,0.31591,0,210.94,playing,2
109.268,-6.0652,0,0.32761,0,216.85,playing,2
109.2845,-6.0652,0,0.32761,0,223.44,playing,2
109.3012,-6.4461,0,0.32152,0,229.92,playing,2
109.3177,-6.4461,0,0.32152,0,237.13,playing,2
109.3338,-6.4461,0,0.28205,0,244.2,playing,2
109.3509,-32.5398,1,0.28205,0,252.02,playing,2
109.3673,-32.5398,0,0.28205,0,245.71,playing,2
109.3835,-32.5398,0,0.26191,0,240.05,playing,2
109.3994,-35.2543,0,0.26191,0,234.67,playing,2
109.4156,-35.2543,0,0.22592,0,229.58,playing,2
109.4319,-8.1323,0,0.22592,0,224.76,playing,2
109.4488,-8.1323,0,0.24565,0,219.97,playing,2
109.4652,-8.1323,0,0.24565,0,215.73,playing,2
109.4812,1.1399,0,0.20037,0,211.55,playing,2
109.4976,1.1399,0,0.20037,0,207.9,playing,2
109.5133,1.1399,0,0.1916,0,204.53,playing,2
109.5294,17.0267,0,0.1916,0,201.44,playing,2
109.5458,17.0267,0,0.23869,1,198.63,playing,2
109.5627,17.0267,0,0.23869,0,195.96,playing,2
109.5783,22.9663,0,0.19054,0,193.74,playing,2
109.594,22.9663,0,0.19054,0,191.79,playing,2
109.6108,21.0686,0,0.28416,0,190.13,playing,2
109.6266,21.0686,0,0.28416,0,188.75,playing,2
109.6424,21.0686,0,0.27741,0,187.64,playing,2
109.658,13.1467,0,0.27741,0,186.83,playing,2
109.6749,13.1467,0,0.2957,0,186.29,playing,2
109.6917,13.1467,0,0.2957,0,186.03,playing,2
109.7078,8.8557,0,0.2957,0,186.08,playing,2
109.7233,8.8557,0,0.2812,0,186.4,playing,2
109.7399,8.8557,0,0.2812,0,187.01,playing,2
109.756,5.7932,0,0.2812,0,187.97,playing,2
109.7731,5.7932,0,0.2812,0,189.16,playing,2
109.7896,5.7932,0,0.30919,0,190.74,playing,2
109.8056,5.7932,0,0.30919,0,192.51,playing,2
109.8222,5.7932,0,0.29159,0,194.56,playing,2
109.8392,-2.4962,0,0.29159,0,197.05,playing,2
109.8553,-2.4962,0,0.32168,0,199.86,playing,2
109.8727,-2.4962,0,0.32168,0,202.79,playing,2
109.8882,-5.9636,0,0.28892,0,206.22,playing,2
109.9053,-5.9636,0,0.2993,0,209.74,playing,2
109.9229,-5.9636,0,0.2993,0,214.04,playing,2
109.9399,-13.1824,0,0.30728,0,218.43,playing,2
109.9567,-13.1824,0,0.30728,0,223.13,playing,2
109.9728,-24.6092,1,0.27715,0,227.83,playing,2
109.99,-24.6092,0,0.27715,0,221.52,playing,2
110.007,-24.6092,0,0.22745,0,215.53,playing,2
110.0234,-27.689,0,0.22745,0,209.85,playing,2
110.0396,-27.689,0,0.22723,0,204.79,playing,2
110.0556,-27.689,0,0.22723,0,200.01,playing,3
110.071,-20.2534,0,0.22723,0,195.51,playing,3
110.087,-20.2534,0,0.19628,0,191.3,playing,3
110.104,-11.3403,0,0.19628,0,187.36,playing,3
110.121,-0.9037,0,0.22641,1,183.5,playing,3
110.138,-0.9037,0,0.22641,0,179.96,playing,3
110.155,17.7477,0,0.22641,0,176.73,playing,3
110.1716,17.7477,0,0.22641,0,173.82,playing,3
110.1889,17.7477,0,0.20114,0,171.23,playing,3
110.2059,28.8213,0,0.20114,0,168.96,playing,3
110.223,28.8213,0,0.22994,0,167.0,playing,3
110.2395,28.9971,0,0.22994,0,165.37,playing,3
110.2558,28.9971,0,0.25072,0,164.11,playing,3
110.2729,28.9971,0,0.22826,0,163.09,playing,3
110.289,19.3914,0,0.22826,0,162.38,playing,3
110.3056,19.3914,0,0.28187,0,162.01,playing,3
110.3217,19.3914,0,0.28187,0,161.91,playing,3
110.3378,9.5466,0,0.25919,0,162.09,playing,3
110.3534,9.5466,0,0.25919,0,162.56,playing,3
110.3695,9.5466,0,0.26599,0,163.3,playing,3
110.386,4.7019,0,0.26599,0,164.33,playing,3
110.4029,4.7019,0,0.26599,0,165.74,playing,3
110.4199,1.1078,0,0.26599,0,167.47,playing,3
110.4364,1.1078,0,0.27291,0,169.52,playing,3
110.4525,1.1078,0,0.2966,0,171.73,playing,3
110.4686,-2.3678,0,0.2966,0,174.22,playing,3
110.4844,-2.3678,0,0.28271,0,176.99,playing,3
110.5001,-2.3678,0,0.28271,0,180.04,playing,3
110.517,-3.2931,0,0.295,0,183.38,playing,3
110.5341,-3.2931,0,0.295,0,187.24,playing,3
110.5504,-3.2931,0,0.295,0,191.42,playing,3
110.5667,-5.0637,0,0.295,0,195.63,playing,3
110.5822,-5.0637,0,0.295,0,200.13,playing,3
110.5997,-5.0637,0,0.31835,0,205.22,playing,3
110.6155,-5.0637,0,0.28807,0,210.3,playing,3
110.6319,-5.0637,0,0.28807,0,215.66,playing,3
110.6488,-5.5475,0,0.31661,0,221.67,playing,3
110.6655,-5.5475,0,0.31661,0,228.0,playing,3
110.6813,-5.5475,0,0.28352,0,234.23,playing,3
110.6974,-7.1021,0,0.28352,0,240.75,playing,3
110.7137,-7.1021,0,0.30909,0,247.56,playing,3
110.7297,-7.1021,0,0.30909,0,254.64,playing,3
110.7455,-14.5382,0,0.33464,0,262.0,playing,3
110.7614,-14.5382,0,0.33464,0,269.65,playing,3
110.778,-14.5382,0,0.33464,0,277.58,playing,3
110.7941,-29.7089,1,0.30881,0,286.32,playing,3
110.8107,-29.7089,0,0.30881,0,280.36,playing,3
110.8274,-20.4579,0,0.21111,0,274.35,playing,3
110.8438,-20.4579,0,0.21111,0,268.97,playing,3
110.8606,-20.4579,0,0.2063,0,263.58,playing,3
110.8765,-15.8301,0,0.2063,0,258.78,playing,3
110.8931,-15.8301,0,0.21928,0,254.26,playing,3
110.9102,-15.8301,0,0.21928,0,249.78,playing,3
110.9266,-1.7104,0,0.1859,0,245.62,playing,3
110.9425,-1.7104,0,0.1859,0,241.99,playing,3
110.9592,-1.7104,0,0.1859,0,238.63,playing,3
110.9752,7.8778,0,0.1859,0,235.39,playing,3
110.9917,7.8778,0,0.19748,0,232.62,playing,3
111.0078,29.6357,0,0.19748,0,230.12,playing,3
111.0239,29.6357,0,0.19133,0,227.91,playing,3
111.041,29.6357,0,0.21464,0,225.88,playing,3
111.0578,30.5329,0,0.21464,0,224.17,playing,3
111.074,30.5329,0,0.21464,0,222.84,playing,3
111.0911,30.5329,0,0.21518,0,221.75,playing,3
111.1077,19.5462,0,0.21518,0,220.97,playing,3
111.1259,19.5462,0,0.21518,1,220.51,playing,3
111.1419,14.4001,0,0.30577,0,220.38,playing,3
111.159,14.4001,0,0.22816,0,220.55,playing,3
111.1757,14.4001,0,0.22816,0,221.04,playing,3
111.1915,9.4095,0,0.2845,0,221.79,playing,3
111.2074,9.4095,0,0.2845,0,222.82,playing,3
111.2241,9.4095,0,0.2812,0,224.13,playing,3
111.2413,1.7186,0,0.2812,0,225.84,playing,3
111.2571,1.7186,0,0.25815,0,227.87,playing,3
111.2734,1.7186,0,0.25815,0,230.06,playing,3
111.2897,-1.0511,0,0.29163,0,232.53,playing,3
111.3055,-1.0511,0,0.29163,0,235.28,playing,3
111.3211,-1.0511,0,0.33161,0,238.32,playing,3
111.3381,-1.0511,0,0.33161,0,241.64,playing,3
111.3542,-1.0511,0,0.33161,0,245.48,playing,3
111.371,-4.5016,0,0.33161,0,249.38,playing,3
111.3877,-4.5016,0,0.30093,0,253.84,playing,3
111.4037,-4.5016,0,0.30093,0,258.31,playing,3
111.4199,-5.2316,0,0.30345,0,263.07,playing,3
111.4366,-5.2316,0,0.30345,0,268.45,playing,3
111.4527,-5.2316,0,0.31329,0,273.79,playing,3
111.4683,-8.6361,0,0.31329,0,279.41,playing,3
111.4844,-8.6361,0,0.31329,0,285.32,playing,3
111.5004,-16.9759,0,0.32937,0,291.5,playing,3
111.5165,-16.9759,0,0.32937,0,297.97,playing,3
111.5325,-16.9759,0,0.29424,0,304.72,playing,3
111.5486,-27.8331,1,0.29424,0,311.75,playing,3
111.5645,-27.8331,0,0.26201,0,305.79,playing,3
111.5812,-27.8331,0,0.26201,0,300.11,playing,3
111.5977,-24.2453,0,0.24693,0,294.4,playing,3
111.614,-24.2453,0,0.24693,0,289.3,playing,3
111.6301,-24.2453,0,0.21806,0,284.21,playing,3
111.6463,-24.2453,0,0.21806,0,279.69,playing,3
111.6629,-24.2453,0,0.21295,0,275.46,playing,3
111.68,-24.2453,0,0.17484,0,271.28,playing,3
111.6971,11.3639,0,0.17484,0,267.42,playing,3
111.7143,11.3639,0,0.14958,0,263.87,playing,3
111.7304,11.3639,0,0.14958,0,260.64,playing,3
111.7473,11.3639,0,0.14958,0,257.89,playing,3
111.7638,11.3639,0,0.14958,0,255.28,playing,3
111.7809,24.8897,0,0.20518,0,252.99,playing,3
111.797,24.8897,0,0.20518,0,251.11,playing,3
111.8141,24.8897,0,0.20518,0,249.44,playing,3
111.8312,20.9599,0,0.20518,0,248.08,playing,3
111.8479,20.9599,0,0.20688,0,247.04,playing,3
111.8649,16.0683,0,0.25469,1,246.32,playing,3
111.8821,16.0683,0,0.25469,0,245.92,playing,3
111.8989,16.0683,0,0.266,0,245.83,playing,4
111.916,7.8568,0,0.266,0,246.07,playing,4
111.9332,7.8568,0,0.27291,0,246.62,playing,4
111.9494,7.8568,0,0.27291,0,247.49,playing,4
111.966,3.9793,0,0.25076,0,248.59,playing,4
111.983,3.9793,0,0.25076,0,250.07,playing,4
111.9994,1.6163,0,0.28869,0,251.88,playing,4
112.0154,1.6163,0,0.28869,0,253.85,playing,4
112.0319,1.6163,0,0.30195,0,256.12,playing,4
112.0491,-2.8418,0,0.30361,0,258.84,playing,4
112.0661,-2.8418,0,0.30361,0,261.87,playing,4
112.0822,-2.8418,0,0.30361,0,265.23,playing,4
112.0987,-4.1581,0,0.27685,0,268.67,playing,4
112.1147,-4.1581,0,0.27685,0,272.39,playing,4
112.1312,-4.1581,0,0.31365,0,276.39,playing,4
112.1473,-4.1581,0,0.31365,0,280.97,playing,4
112.1635,-4.1581,0,0.31365,0,285.55,playing,4
112.1797,-4.8338,0,0.29131,0,290.41,playing,4
112.1952,-4.8338,0,0.29131,0,295.56,playing,4
112.2127,-4.8338,0,0.29131,0,300.99,playing,4
112.23,-4.8338,0,0.30467,0,307.45,playing,4
112.2467,-4.8338,0,0.30467,0,313.88,playing,4
112.2627,-4.8338,0,0.2617,0,320.2,playing,4
112.2783,-5.5364,0,0.2617,0,326.81,playing,4
112.2949,-5.5364,0,0.2617,0,333.7,playing,4
112.3113,-5.5364,0,0.27708,0,341.34,playing,4
112.3273,-5.5364,0,0.27708,0,348.81,playing,4
112.3439,-5.5364,0,0.25085,0,356.56,playing,4
112.3611,-29.6456,1,0.25085,0,365.12,playing,4
112.3781,-29.6456,0,0.23851,0,358.8,playing,4
112.3953,-29.6456,0,0.23851,0,352.81,playing,4
112.4119,-7.7867,0,0.20411,0,347.13,playing,4
112.4287,-7.7867,0,0.20411,0,341.78,playing,4
112.445,4.2844,0,0.20411,0,337.01,playing,4
112.4614,15.2693,0,0.22288,1,332.27,playing,4
112.4776,15.2693,0,0.22288,0,328.09,playing,4
112.4938,27.6,0,0.22967,0,324.19,playing,4
112.5101,27.6,0,0.22967,0,320.57,playing,4
112.5269,27.6,0,0.22967,0,317.05,playing,4
112.544,28.124,0,0.22965,0,313.84,playing,4
112.5611,28.124,0,0.22965,0,310.95,playing,4
112.5773,28.124,0,0.20018,0,308.38,playing,4
112.5939,25.0366,0,0.20018,0,306.24,playing,4
112.6108,25.0366,0,0.21766,0,304.28,playing,4
112.6277,25.0366,0,0.21766,0,302.65,playing,4
112.6441,25.0366,0,0.23942,0,301.39,playing,4
112.6604,25.0366,0,0.23942,0,300.37,playing,4
112.6768,5.7334,0,0.23942,0,299.69,playing,4
112.6935,5.7334,0,0.23883,0,299.29,playing,4
112.7099,5.7334,0,0.23883,0,299.19,playing,4
112.727,2.2844,0,0.26177,0,299.4,playing,4
112.7439,2.2844,0,0.26177,0,299.94,playing,4
112.7612,2.2844,0,0.26556,0,300.79,playing,4
112.7779,-0.2985,0,0.26556,0,301.95,playing,4
112.7949,-0.2985,0,0.25412,0,303.44,playing,4
112.812,-3.9603,0,0.25412,0,305.24,playing,4
112.8287,-3.9603,0,0.25412,0,307.36,playing,4
112.845,-3.9603,0,0.28992,0,309.64,playing,4
112.8616,-3.9603,0,0.28992,0,312.38,playing,4
112.8775,-3.9603,0,0.29649,0,315.24,playing,4
112.8932,-3.9603,0,0.29649,0,318.38,playing,4
112.9096,-34.7139,1,0.29882,0,321.8,playing,4
112.9264,-34.7139,0,0.29882,0,315.85,playing,4
112.9425,-29.7264,0,0.29882,0,309.83,playing,4
112.9585,-29.7264,0,0.23478,0,304.46,playing,4
112.9752,-29.7264,0,0.23478,0,299.36,playing,4
112.9917,-19.271,0,0.23594,0,294.26,playing,4
113.0073,-19.271,0,0.23594,0,289.75,playing,4
113.0233,-19.271,0,0.23594,0,285.51,playing,4
113.04,0.1729,0,0.2107,0,281.56,playing,4
113.0569,0.1729,0,0.2107,0,277.68,playing,4
113.0737,0.1729,0,0.19677,0,274.12,playing,4
113.0891,15.1752,0,0.19677,0,271.05,playing,4
113.1061,15.1752,0,0.21804,0,268.26,playing,4
113.1228,15.1752,0,0.21804,0,265.61,playing,4
113.1394,15.1752,0,0.21462,0,263.28,playing,4
113.1555,15.1752,0,0.21462,0,261.37,playing,4
113.1717,22.3557,0,0.21462,0,259.74,playing,4
113.1875,22.3557,0,0.2041,0,258.39,playing,4
113.2036,22.3557,0,0.2041,0,257.33,playing,4
113.221,12.4374,0,0.21135,0,256.54,playing,4
113.2376,12.4374,0,0.21135,0,256.02,playing,4
113.2536,12.4374,0,0.21135,0,255.83,playing,4
113.2694,8.2938,0,0.21992,0,255.93,playing,4
113.2858,8.2938,0,0.21992,0,256.31,playing,4
113.3025,4.3119,0,0.24358,1,257.02,playing,4
113.3185,4.3119,0,0.24358,0,257.98,playing,4
113.3345,4.3119,0,0.2697,0,259.22,playing,4
113.3508,-0.7533,0,0.2697,0,260.74,playing,4
113.3665,-0.7533,0,0.2697,0,262.55,playing,4
113.3828,-0.7533,0,0.26711,0,264.63,playing,4
113.3986,-3.3099,0,0.26711,0,267.0,playing,4
113.4147,-3.3099,0,0.3127,0,269.65,playing,4
113.4306,-3.3099,0,0.3127,0,272.58,playing,4
113.4466,-25.2305,1,0.3127,0,275.79,playing,4
113.4622,-25.2305,0,0.27291,0,269.83,playing,4
113.4786,-25.2305,0,0.27291,0,264.15,playing,4
113.4941,-35.9366,0,0.318,0,258.76,playing,4
113.5107,-35.9366,0,0.318,0,253.64,playing,4
113.527,-29.5632,0,0.318,0,248.81,playing,4
113.5432,-29.5632,0,0.29115,0,244.0,playing,4
113.5601,-29.5632,0,0.29115,0,239.74,playing,4
113.5766,-29.5632,0,0.25479,0,235.55,playing,4
113.5931,-29.5632,0,0.25479,0,231.88,playing,4
113.6101,-29.5632,0,0.25479,0,228.29,playing,4
113.627,17.5844,0,0.20724,0,225.03,playing,4
113.6442,17.5844,0,0.20724,0,222.08,playing,4
113.6605,20.6622,0,0.23346,1,219.46,playing,4
113.6774,18.7342,0,0.23346,0,217.26,playing,4
113.6935,18.7342,0,0.23043,0,215.25,playing,4
113.7099,15.8316,0,0.23043,0,213.64,playing,4
113.727,15.8316,0,0.23043,0,212.25,playing,4
113.7432,15.8316,0,0.20341,0,211.17,playing,5
113.7599,12.2943,0,0.20341,0,210.44,playing,5
113.7772,12.2943,0,0.25416,0,209.98,playing,5
113.794,12.2943,0,0.25416,0,209.84,playing,5
113.8109,5.3663,0,0.25068,0,210.02,playing,5
113.8279,5.3663,0,0.25068,0,210.51,playing,5
113.8448,3.1022,0,0.26196,0,211.32,playing,5
113.8608,3.1022,0,0.26196,0,212.37,playing,5
113.8766,3.1022,0,0.26196,0,213.7,playing,5
113.8921,0.6194,0,0.26242,0,215.31,playing,5
113.9091,0.6194,0,0.26242,0,217.2,playing,5
113.9256,0.6194,0,0.29597,0,219.53,playing,5
113.9415,0.6194,0,0.29597,0,222.0,playing,5
113.9573,0.6194,0,0.29916,0,224.75,playing,5
113.9741,0.6194,0,0.29916,0,227.79,playing,5
113.9912,-3.5925,0,0.29916,0,231.33,playing,5
114.0076,-3.5925,0,0.29481,0,235.19,playing,5
114.0241,-3.6099,0,0.29481,0,239.11,playing,5
114.0409,-3.6099,0,0.29481,0,243.58,playing,5
114.0575,-3.6099,0,0.29754,0,248.38,playing,5
114.0747,-3.6399,0,0.29754,0,253.17,playing,5
114.0908,-3.6399,0,0.29754,0,258.59,playing,5
114.1065,-3.6399,0,0.25039,0,263.96,playing,5
114.1228,-3.8309,0,0.25039,0,269.62,playing,5
114.1392,-3.8309,0,0.25039,0,275.95,playing,5
114.1556,-19.2673,0,0.27048,0,282.19,playing,5
114.1716,-34.5059,1,0.27048,0,288.71,playing,5
114.1879,-34.5059,0,0.30218,0,282.75,playing,5
114.2047,-33.1765,0,0.30218,0,276.74,playing,5
114.2213,-33.1765,0,0.30218,0,271.36,playing,5
114.2377,-33.1765,0,0.21332,0,265.96,playing,5
114.2533,-3.7723,0,0.21332,0,261.17,playing,5
114.2693,-3.7723,0,0.21893,0,256.65,playing,5
114.2853,-3.7723,0,0.21893,0,252.42,playing,5
114.3018,17.5138,0,0.21893,0,248.47,playing,5
114.3181,17.5138,0,0.21893,0,244.8,playing,5
114.3346,17.5138,0,0.21983,0,241.21,playing,5
114.3506,27.1037,0,0.21983,0,238.12,playing,5
114.3671,27.1037,0,0.21983,0,235.32,playing,5
114.3833,23.0157,0,0.20467,0,232.65,playing,5
114.3992,23.0157,0,0.20467,0,230.42,playing,5
114.4157,23.0157,0,0.22672,1,228.48,playing,5
114.4318,18.4878,0,0.22672,0,226.81,playing,5
114.4479,18.4878,0,0.22672,0,225.43,playing,5
114.4647,18.4878,0,0.20277,0,224.28,playing,5
114.4808,8.9708,0,0.20277,0,223.48,playing,5
114.4984,8.9708,0,0.20277,0,222.96,playing,5
114.5145,8.9708,0,0.20066,0,222.73,playing,5
114.531,6.1816,0,0.20066,0,222.81,playing,5
114.5482,6.1816,0,0.22013,0,223.21,playing,5
114.5647,0.4589,0,0.22013,0,223.93,playing,5
114.5803,0.4589,0,0.31374,0,224.89,playing,5
114.5968,0.4589,0,0.31374,0,226.13,playing,5
114.6128,-2.2934,0,0.31374,0,227.65,playing,5
114.6283,-2.2934,0,0.27281,0,229.45,playing,5
114.6454,-2.2934,0,0.27281,0,231.54,playing,5
114.6618,-4.9421,0,0.28117,0,234.07,playing,5
114.6779,-4.9421,0,0.28117,0,236.74,playing,5
114.6945,-4.9421,0,0.2812,0,239.89,playing,5
114.7108,-5.2159,0,0.2812,0,243.13,playing,5
114.7267,-5.2159,0,0.2812,0,246.66,playing,5
114.7428,-6.0198,0,0.27624,0,250.47,playing,5
114.7582,-6.0198,0,0.27624,0,254.56,playing,5
114.7761,-6.0198,0,0.27624,0,258.93,playing,5
114.7931,-4.9724,0,0.28161,0,264.21,playing,5
114.8101,-4.9724,0,0.28161,0,269.51,playing,5
114.8268,-4.9724,0,0.29405,0,275.13,playing,5
114.8431,-4.477,0,0.29405,0,281.06,playing,5
114.8599,-4.477,0,0.28347,0,286.93,playing,5
114.8769,-7.3435,0,0.28347,0,293.49,playing,5
114.894,-7.3435,0,0.29188,0,300.36,playing,5
114.911,-7.3435,0,0.29188,0,307.55,playing,5
114.9281,-24.675,1,0.30012,0,315.05,playing,5
114.9442,-24.675,0,0.30012,0,308.74,playing,5
114.9606,-24.675,0,0.30012,0,303.08,playing,5
114.9767,-33.0753,0,0.28073,0,297.71,playing,5
114.9927,-33.0753,0,0.28073,0,292.61,playing,5
115.009,-27.2661,0,0.27849,0,287.8,playing,5
115.0252,-27.2661,0,0.27849,0,283.0,playing,5
115.0416,-27.2661,0,0.27849,0,278.76,playing,5
115.0574,5.107,0,0.22256,0,274.81,playing,5
115.0735,5.107,0,0.22256,0,271.14,playing,5
115.0894,5.107,0,0.23884,0,267.75,playing,5
115.1053,26.4079,0,0.23884,0,264.65,playing,5
115.1215,26.4079,0,0.20426,0,261.82,playing,5
115.1376,26.4079,0,0.20426,0,259.28,playing,5
115.1542,26.4079,0,0.20426,0,257.01,playing,5
115.1703,26.4079,0,0.19399,0,254.93,playing,5
115.1864,26.4079,0,0.18962,0,253.25,playing,5
115.2025,16.3861,0,0.18962,0,251.85,playing,5
115.2187,16.3861,0,0.19947,0,250.73,playing,5
115.2344,12.1195,0,0.19947,0,249.89,playing,5
115.2514,12.1195,0,0.21274,0,249.34,playing,5
115.2675,12.1195,0,0.22373,1,249.06,playing,5
115.2837,4.4551,0,0.22373,0,249.09,playing,5
115.2996,4.4551,0,0.26865,0,249.4,playing,5
115.3156,4.4551,0,0.26865,0,249.99,playing,5
115.3321,1.9845,0,0.28853,0,250.86,playing,5
115.3481,1.9845,0,0.27833,0,252.1,playing,5
115.3651,1.9845,0,0.27833,0,253.55,playing,5
115.382,-1.8109,0,0.27833,0,255.41,playing,5
115.3991,-1.8109,0,0.27637,0,257.59,playing,5
115.4159,-2.8486,0,0.27637,0,260.08,playing,5
115.4331,-2.8486,0,0.28212,0,262.9,playing,5
115.4504,-2.8486,0,0.30829,0,266.03,playing,5
115.4668,-3.3398,0,0.30829,0,269.48,playing,5
115.4837,-3.3398,0,0.29666,0,273.24,playing,5
115.5001,-3.3398,0,0.29666,0,277.07,playing,5
115.5167,-3.3398,0,0.30061,0,281.46,playing,5
115.5327,-3.3398,0,0.30061,0,285.86,playing,5
115.5487,-3.3398,0,0.28307,0,290.55,playing,5
115.5646,-6.783,0,0.28307,0,295.53,playing,5
115.5811,-6.783,0,0.28778,0,300.78,playing,5
115.5981,-6.783,0,0.28778,0,306.68,playing,6
115.6143,-6.783,0,0.27304,0,312.89,playing,6
115.6302,-6.783,0,0.27304,0,319.03,playing,6
115.6461,-27.9243,1,0.23757,0,325.44,playing,6
115.6621,-27.9243,0,0.23757,0,319.48,playing,6
115.6787,-27.9243,0,0.20613,0,313.81,playing,6
115.6947,-18.3639,0,0.20613,0,308.41,playing,6
115.711,-18.3639,0,0.20613,0,303.3,playing,6
115.7282,-18.3639,0,0.24449,1,298.18,playing,6
115.7449,-5.3979,0,0.24449,0,293.38,playing,6
115.762,-5.3979,0,0.24449,0,288.9,playing,6
115.7783,-5.3979,0,0.19307,0,284.74,playing,6
115.7943,-5.3979,0,0.19307,0,281.11,playing,6
115.8109,-5.3979,0,0.22369,0,277.75,playing,6
115.8274,24.3897,0,0.22369,0,274.51,playing,6
115.844,24.3897,0,0.19471,0,271.74,playing,6
115.8602,24.3897,0,0.19471,0,269.11,playing,6
115.8772,23.0735,0,0.18182,0,266.92,playing,6
115.8932,23.0735,0,0.18182,0,264.9,playing,6
115.9101,19.5973,0,0.22598,0,263.29,playing,6
115.9271,19.5973,0,0.22598,0,261.9,playing,6
115.9439,19.5973,0,0.2619,0,260.82,playing,6
115.9609,11.3903,0,0.2619,0,260.07,playing,6
115.9774,11.3903,0,0.26562,0,259.63,playing,6
115.9933,11.3903,0,0.26562,0,259.49,playing,6
116.01,7.2766,0,0.30952,0,259.64,playing,6
116.0271,7.2766,0,0.30952,0,260.12,playing,6
116.0432,7.2766,0,0.30952,0,260.91,playing,6
116.0593,1.2429,0,0.27332,0,261.94,playing,6
116.0763,1.2429,0,0.27332,0,263.25,playing,6
116.0928,-0.8355,0,0.26861,0,264.96,playing,6
116.1088,-0.8355,0,0.26861,0,266.85,playing,6
116.1259,-0.8355,0,0.31714,0,269.18,playing,6
116.1426,-2.9644,0,0.31714,0,271.82,playing,6
116.1591,-2.9644,0,0.31714,0,274.6,playing,6
116.1754,-2.9644,0,0.31714,0,277.86,playing,6
116.1915,-14.2436,0,0.3219,0,281.21,playing,6
116.2076,-14.2436,0,0.3219,0,284.84,playing,6
116.223,-14.2436,0,0.31841,0,288.76,playing,6
116.2399,-30.648,1,0.31841,0,292.96,playing,6
116.2562,-30.648,0,0.23758,0,286.64,playing,6
116.2725,-22.4555,0,0.23758,0,280.98,playing,6
116.2888,-22.4555,0,0.23473,0,275.61,playing,6
116.3061,-22.4555,0,0.25849,0,270.21,playing,6
116.3231,-7.7873,0,0.25849,0,265.13,playing,6
116.3396,-7.7873,0,0.1989,0,260.37,playing,6
116.3556,-7.7873,0,0.1989,0,256.17,playing,6
116.3713,17.882,0,0.23909,1,252.26,playing,6
116.3873,17.882,0,0.23909,0,248.62,playing,6
116.4038,17.882,0,0.23909,0,245.27,playing,6
116.4209,21.0803,0,0.24237,0,242.02,playing,6
116.438,21.0803,0,0.24237,0,239.1,playing,6
116.4545,16.2523,0,0.2224,0,236.49,playing,6
116.471,16.2523,0,0.2224,0,234.31,playing,6
116.4877,16.2523,0,0.25441,0,232.32,playing,6
116.5034,12.0633,0,0.25441,0,230.73,playing,6
116.5192,12.0633,0,0.25873,0,229.41,playing,6
116.5362,12.0633,0,0.25873,0,228.38,playing,6
116.5526,8.1397,0,0.25873,0,227.61,playing,6
116.5689,8.1397,0,0.25873,0,227.16,playing,6
116.5855,4.653,0,0.27623,0,227.0,playing,6
116.6021,4.653,0,0.27623,0,227.13,playing,6
116.6187,4.653,0,0.29002,0,227.59,playing,6
116.6347,-0.5648,0,0.29002,0,228.3,playing,6
116.6508,-0.5648,0,0.31314,0,229.29,playing,6
116.6668,-0.5648,0,0.31314,0,230.57,playing,6
116.6834,-0.5648,0,0.32843,0,232.24,playing,6
116.6998,-0.5648,0,0.32843,0,234.1,playing,6
116.7168,-0.5648,0,0.29703,0,236.39,playing,6
116.7338,-0.5648,0,0.29703,0,238.99,playing,6
116.7496,-0.5648,0,0.29703,0,241.73,playing,6
116.7659,-0.5648,0,0.29703,0,244.75,playing,6
116.7828,-10.014,0,0.29989,0,248.27,playing,6
116.7985,-10.014,0,0.28791,0,251.87,playing,6
116.8145,-28.2448,1,0.28791,0,255.75,playing,6
116.8311,-28.2448,0,0.31185,0,249.79,playing,6
116.8471,-28.2448,0,0.31185,0,243.78,playing,6
116.8636,-33.6303,0,0.27771,0,238.4,playing,6
116.8809,-33.6303,0,0.27771,0,233.3,playing,6
116.8979,-33.6303,0,0.2926,0,227.93,playing,6
116.9145,-16.4422,0,0.2379,0,223.17,playing,6
116.9304,-16.4422,0,0.2379,0,218.97,playing,6
116.9466,4.5385,0,0.2379,0,215.05,playing,6
116.9628,4.5385,0,0.2379,0,211.42,playing,6
116.9788,4.5385,0,0.18314,0,208.06,playing,6
116.9943,21.1095,0,0.18314,0,204.99,playing,6
117.01,21.1095,0,0.21533,0,202.2,playing,6
117.0267,21.1095,0,0.21533,0,199.69,playing,6
117.0424,21.1095,0,0.21202,0,197.47,playing,6
117.0584,21.1095,0,0.21202,0,195.52,playing,6
117.0744,21.1095,0,0.23552,1,193.86,playing,6
117.0908,19.1654,0,0.23552,0,192.47,playing,6
117.1066,19.1654,0,0.23552,0,191.37,playing,6
117.1226,19.1654,0,0.23552,0,190.55,playing,6
117.1391,9.6555,0,0.22472,0,190.02,playing,6
117.1562,9.6555,0,0.26669,0,189.76,playing,6
117.1728,6.0972,0,0.26669,0,189.83,playing,6
117.189,6.0972,0,0.3025,0,190.17,playing,6
117.2058,6.0972,0,0.3025,0,190.85,playing,6
117.2232,2.4977,0,0.29799,0,191.85,playing,6
117.2399,2.4977,0,0.29799,0,193.17,playing,6
117.2566,2.4977,0,0.27337,0,194.8,playing,6
117.2728,2.4977,0,0.27337,0,196.62,playing,6
117.2898,2.4977,0,0.2471,0,198.88,playing,6
117.3069,0.6444,0,0.2471,0,201.45,playing,6
117.324,-2.749,0,0.25818,0,204.34,playing,6
117.3408,-2.749,0,0.25818,0,207.54,playing,6
117.3578,-2.9887,0,0.25818,0,211.07,playing,6
117.3744,-2.9887,0,0.25818,0,214.91,playing,6
117.3904,-2.9887,0,0.30371,0,218.81,playing,6
117.4059,-3.4246,0,0.30371,0,222.98,playing,6
117.4225,-3.4246,0,0.26593,0,227.45,playing,6
117.4385,-3.4246,0,0.26593,0,232.19,playing,6
117.4551,-6.1266,0,0.26593,0,237.21,playing,7
117.472,-6.1266,0,0.28378,0,242.87,playing,7
117.489,-22.5211,1,0.29319,0,248.84,playing,7
117.5061,-22.5211,0,0.29319,0,242.53,playing,7
117.5226,-22.5211,0,0.29473,0,236.54,playing,7
117.5397,-32.6105,0,0.29473,0,230.86,playing,7
117.5559,-32.6105,0,0.2714,0,225.8,playing,7
117.5725,-32.6105,0,0.2714,0,220.74,playing,7
117.5885,-13.4831,0,0.2714,0,216.26,playing,7
117.6045,-13.4831,0,0.24623,0,212.06,playing,7
117.6206,-3.502,0,0.2379,0,208.14,playing,7
117.6367,-3.502,0,0.2379,0,204.51,playing,7
117.6525,-3.502,0,0.23894,0,201.16,playing,7
117.6686,19.4688,0,0.23894,0,198.08,playing,7
117.6841,19.4688,0,0.19902,0,195.29,playing,7
117.7001,19.4688,0,0.19902,0,192.78,playing,7
117.717,21.811,0,0.22984,1,190.56,playing,7
117.7341,21.811,0,0.22984,0,188.51,playing,7
117.7507,21.811,0,0.22984,0,186.78,playing,7
117.7672,19.8278,0,0.22984,0,185.43,playing,7
117.7837,19.8278,0,0.22984,0,184.32,playing,7
117.8003,15.7833,0,0.27101,0,183.52,playing,7
117.8163,15.7833,0,0.27101,0,183.05,playing,7
117.8325,15.7833,0,0.27101,0,182.87,playing,7
117.8487,11.9956,0,0.27014,0,182.96,playing,7
117.8648,11.9956,0,0.27014,0,183.34,playing,7
117.881,11.9956,0,0.26929,0,184.0,playing,7
117.8981,5.3964,0,0.27335,0,185.02,playing,7
117.9151,5.3964,0,0.27335,0,186.36,playing,7
117.932,5.3964,0,0.29314,0,188.01,playing,7
117.9481,1.2852,0,0.29314,0,189.98,playing,7
117.9649,1.2852,0,0.29835,0,192.12,playing,7
117.9817,-0.5067,0,0.29835,0,194.71,playing,7
117.9983,-0.5067,0,0.25904,0,197.43,playing,7
118.0143,-0.5067,0,0.25904,0,200.63,playing,7
118.0308,-2.1491,0,0.24645,0,203.93,playing,7
118.0465,-2.1491,0,0.24645,0,207.51,playing,7
118.0621,-2.1491,0,0.29635,0,211.38,playing,7
118.0791,-2.8017,0,0.29635,0,215.52,playing,7
118.0957,-2.8017,0,0.28347,0,220.24,playing,7
118.1117,-2.8017,0,0.28347,0,224.97,playing,7
118.1275,-3.7404,0,0.28643,0,229.97,playing,7
118.144,-3.7404,0,0.28643,0,235.26,playing,7
118.1611,-3.7854,0,0.30516,0,241.2,playing,7
118.1771,-3.7854,0,0.30516,0,247.45,playing,7
118.1943,-3.7854,0,0.29436,0,253.62,playing,7
118.211,-28.5936,1,0.29436,0,260.49,playing,7
118.2281,-28.5936,0,0.29436,0,254.18,playing,7
118.2442,-28.5936,0,0.28072,0,248.18,playing,7
118.2607,-29.0053,0,0.29694,0,242.82,playing,7
118.2768,-29.0053,0,0.29694,0,237.75,playing,7
118.2929,-29.0053,0,0.22984,0,232.95,playing,7
118.3094,-20.9288,0,0.22984,0,228.17,playing,7
118.3251,-20.9288,0,0.25366,0,223.95,playing,7
118.3423,-2.8407,0,0.25366,0,220.02,playing,7
118.3591,-2.8407,0,0.21825,0,216.16,playing,7
118.3757,-2.8407,0,0.21825,0,212.61,playing,7
118.3912,5.0092,0,0.22643,1,209.56,playing,7
118.4079,5.0092,0,0.22643,0,206.79,playing,7
118.4236,5.0092,0,0.21068,0,204.29,playing,7
118.4396,21.7536,0,0.21068,0,202.08,playing,7
118.4555,21.7536,0,0.19256,0,200.16,playing,7
118.4715,21.7536,0,0.19256,0,198.51,playing,7
118.4872,23.9438,0,0.21911,0,197.15,playing,7
118.5041,23.9438,0,0.21911,0,196.06,playing,7
118.5202,21.6369,0,0.21911,0,195.23,playing,7
118.5363,21.6369,0,0.22925,0,194.73,playing,7
118.5528,21.6369,0,0.22925,0,194.51,playing,7
118.57,21.6369,0,0.2192,0,194.59,playing,7
118.5866,21.6369,0,0.2192,0,194.99,playing,7
118.6026,21.6369,0,0.29799,0,195.65,playing,7
118.6202,8.5951,0,0.29799,0,196.67,playing,7
118.6361,8.5951,0,0.25085,0,198.0,playing,7
118.653,8.5951,0,0.25085,0,199.54,playing,7
118.6696,2.6099,0,0.27426,0,201.5,playing,7
118.6856,2.6099,0,0.27426,0,203.62,playing,7
118.7017,0.7501,0,0.32554,0,206.02,playing,7
118.7179,0.7501,0,0.32554,0,208.7,playing,7
118.7346,0.7501,0,0.30393,0,211.87,playing,7
118.7507,-1.0976,0,0.30393,0,215.13,playing,7
118.7662,-1.0976,0,0.27426,0,218.68,playing,7
118.782,-1.0976,0,0.27426,0,222.51,playing,7
118.798,-3.2248,0,0.30354,0,226.62,playing,7
118.8155,-3.2248,0,0.30354,0,231.01,playing,7
118.8329,-3.2248,0,0.28888,0,236.3,playing,7
118.8496,-3.3527,0,0.28888,0,241.62,playing,7
118.8662,-3.3527,0,0.28888,0,246.91,playing,7
118.8827,-3.3527,0,0.31565,0,252.85,playing,7
118.8989,-3.3527,0,0.3014,0,258.71,playing,7
118.9157,-3.3527,0,0.3014,0,265.27,playing,7
118.9314,-24.7803,1,0.30217,0,271.72,playing,7
118.9475,-24.7803,0,0.30217,0,265.76,playing,7
118.9636,-24.7803,0,0.25452,0,260.08,playing,7
118.98,-34.0496,0,0.25452,0,254.69,playing,7
118.9973,-34.0496,0,0.26351,0,249.27,playing,7
119.0132,-34.0496,0,0.26351,0,244.18,playing,7
119.0295,-23.9219,0,0.23386,0,239.66,playing,7
119.0458,-23.9219,0,0.23386,0,235.43,playing,7
119.0618,-6.6989,0,0.19213,0,231.47,playing,7
119.0788,-6.6989,0,0.19213,0,227.59,playing,7
119.0955,-6.6989,0,0.20241,0,224.03,playing,7
119.1115,14.5529,0,0.20241,0,220.96,playing,7
119.127,14.5529,0,0.17167,0,218.17,playing,7
119.1434,14.5529,0,0.17167,0,215.66,playing,7
119.1602,25.8681,0,0.17167,0,213.43,playing,7
119.1763,25.8681,0,0.20602,0,211.38,playing,7
119.1928,25.8681,0,0.20602,0,209.74,playing,7
119.2099,26.3153,0,0.20369,0,208.31,playing,7
119.2264,26.3153,0,0.20369,0,207.19,playing,7
119.2425,18.0814,0,0.20369,0,206.43,playing,7
119.2585,18.0814,0,0.1787,0,205.94,playing,7
119.2745,18.0814,0,0.1787,0,205.74,playing,7
119.2911,12.4821,0,0.19704,0,205.82,playing,7
119.3077,12.4821,0,0.19704,0,206.22,playing,8
119.3237,12.4821,0,0.19704,0,206.88,playing,8
119.3397,3.3884,0,0.21134,0,207.82,playing,8
119.3558,3.3884,0,0.21134,0,209.04,playing,8
119.3729,3.3884,0,0.21848,0,210.66,playing,8
119.3894,1.0599,0,0.21848,0,212.59,playing,8
119.4055,1.0599,0,0.27756,1,214.69,playing,8
119.4217,-1.3223,0,0.27756,0,217.08,playing,8
119.4372,-1.3223,0,0.27756,0,219.74,playing,8
119.4539,-1.3223,0,0.25527,0,222.69,playing,8
119.471,-3.1185,0,0.25527,0,226.14,playing,8
119.4881,-3.1185,0,0.30565,0,229.91,playing,8
119.5051,-3.1185,0,0.30565,0,233.99,playing,8
119.5228,-3.9198,0,0.30565,0,238.4,playing,8
119.5398,-3.9198,0,0.30092,0,243.41,playing,8
119.5564,-4.4643,0,0.30092,0,248.47,playing,8
119.5724,-4.4643,0,0.30807,0,253.51,playing,8
119.5884,-4.4643,0,0.30807,0,258.84,playing,8
119.6045,-13.4735,0,0.28444,0,264.44,playing,8
119.6205,-13.4735,0,0.28444,0,270.33,playing,8
119.6376,-13.4735,0,0.28444,0,276.49,playing,8
119.6546,-31.5161,1,0.26154,0,283.79,playing,8
119.6706,-31.5161,0,0.26154,0,277.83,playing,8
119.6867,-31.5161,0,0.29115,0,272.16,playing,8
119.7032,-31.5161,0,0.29115,0,266.76,playing,8
119.7203,-31.5161,0,0.29247,0,261.35,playing,8
119.7368,-15.6725,0,0.29247,0,256.25,playing,8
119.7528,-15.6725,0,0.29247,0,251.73,playing,8
119.7696,-15.6725,0,0.23117,0,247.25,playing,8
119.7857,13.7384,0,0.23117,0,243.32,playing,8
119.8018,13.7384,0,0.23117,0,239.67,playing,8
119.8181,13.7384,0,0.19835,0,236.1,playing,8
119.8346,22.8071,0,0.19835,0,233.03,playing,8
119.8509,22.8071,0,0.21047,0,230.24,playing,8
119.8679,22.8071,0,0.21047,0,227.59,playing,8
119.8849,25.0122,0,0.21047,0,225.27,playing,8
119.901,25.0122,0,0.18701,0,223.25,playing,8
119.918,22.4285,0,0.18701,0,221.64,playing,8
119.9351,22.4285,0,0.18567,0,220.25,playing,8
119.9522,22.4285,0,0.18567,0,219.17,playing,8
119.9683,13.6073,0,0.17001,0,218.41,playing,8
119.9844,13.6073,0,0.17001,0,217.98,playing,8
120.0012,13.6073,0,0.19176,0,217.83,playing,8
120.0175,6.2455,0,0.19176,0,217.99,playing,8
120.0335,6.2455,0,0.19176,0,218.42,playing,8
120.0493,3.3637,0,0.24258,1,219.13,playing,8
120.0661,3.3637,0,0.24258,0,220.13,playing,8
120.0824,3.3637,0,0.21395,0,221.5,playing,8
120.0984,-1.0593,0,0.21395,0,223.07,playing,8
120.1145,-1.0593,0,0.21395,0,224.93,playing,8
120.1306,-1.0593,0,0.21926,0,227.07,playing,8
120.1463,-2.6373,0,0.21926,0,229.49,playing,8
120.1629,-2.6373,0,0.2497,0,232.19,playing,8
120.1795,-2.6373,0,0.2497,0,235.38,playing,8
120.1958,-3.4869,0,0.2497,0,238.66,playing,8
120.2114,-3.4869,0,0.23464,0,242.22,playing,8
120.2275,-3.4869,0,0.23464,0,246.07,playing,8
120.2431,-4.2891,0,0.2389,0,250.19,playing,8
120.2597,-4.2891,0,0.2389,0,254.6,playing,8
120.2756,-4.6355,0,0.23511,0,259.29,playing,8
120.2917,-4.6355,0,0.23511,0,264.26,playing,8
120.3072,-4.6355,0,0.23511,0,269.51,playing,8
120.3238,-27.4707,1,0.23795,0,275.05,playing,8
120.3414,-27.4707,0,0.23795,0,268.74,playing,8
120.3579,-27.4707,0,0.22802,0,262.74,playing,8
120.3746,-34.0142,0,0.22802,0,257.07,playing,8
120.3911,-34.0142,0,0.26241,0,252.0,playing,8
120.4077,-34.0142,0,0.26241,0,246.95,playing,8
120.4237,-21.3359,0,0.26241,0,242.47,playing,8
120.4399,-21.3359,0,0.26201,0,238.27,playing,8
120.457,10.0455,0,0.26201,0,234.12,playing,8
120.4736,10.0455,0,0.18575,0,230.3,playing,8
120.4897,10.0455,0,0.18575,0,226.98,playing,8
120.5058,15.0177,0,0.23292,1,223.94,playing,8
120.5228,15.0177,0,0.23292,0,221.03,playing,8
120.5384,15.0177,0,0.23292,0,218.58,playing,8
120.555,15.447,0,0.1761,0,216.4,playing,8
120.5726,15.447,0,0.1761,0,214.41,playing,8
120.5881,15.447,0,0.20856,0,212.74,playing,8
120.6051,15.7906,0,0.20856,0,211.44,playing,8
120.6217,15.7906,0,0.20856,0,210.39,playing,8
120.6372,13.9108,0,0.18303,0,209.67,playing,8
120.6533,13.9108,0,0.18303,0,209.24,playing,8
120.6694,13.9108,0,0.16928,0,209.09,playing,8
120.6854,11.0794,0,0.16928,0,209.22,playing,8
120.7015,11.0794,0,0.16928,0,209.63,playing,8
120.7175,11.0794,0,0.22643,0,210.33,playing,8
120.7336,5.4714,0,0.22643,0,211.3,playing,8
120.7491,5.4714,0,0.23504,0,212.56,playing,8
120.7652,5.4714,0,0.23504,0,214.1,playing,8
120.7818,0.4935,0,0.23504,0,215.92,playing,8
120.7983,0.4935,0,0.23483,0,218.17,playing,8
120.8143,0.4935,0,0.23483,0,220.58,playing,8
120.8304,-0.9024,0,0.22629,0,223.26,playing,8
120.8465,-0.9024,0,0.22629,0,226.22,playing,8
120.8621,-2.0821,0,0.22629,0,229.47,playing,8
120.8781,-2.0821,0,0.26136,0,233.0,playing,8
120.8942,-2.0821,0,0.26136,0,236.81,playing,8
120.9109,-3.882,0,0.24309,0,240.9,playing,8
120.928,-3.882,0,0.24309,0,245.56,playing,8
120.9451,-3.882,0,0.2617,0,250.55,playing,8
120.9623,-3.8534,0,0.2617,0,255.85,playing,8
120.9784,-3.8534,0,0.2782,0,261.47,playing,8
120.995,-4.4858,0,0.2782,0,267.04,playing,8
121.012,-21.9956,1,0.24633,0,273.27,playing,8
121.0286,-21.9956,0,0.24633,0,266.96,playing,8
121.0446,-31.4068,0,0.24633,0,261.3,playing,8
121.0607,-31.4068,0,0.26972,0,255.92,playing,8
121.0763,-31.4068,0,0.26972,0,250.83,playing,8
121.0929,-29.357,0,0.25089,0,246.01,playing,8
121.1099,-29.357,0,0.25089,0,241.21,playing,8
121.126,-29.357,0,0.25089,0,236.73,playing,8
121.1429,0.0871,0,0.26605,0,232.8,playing,8
121.1594,0.0871,0,0.26605,0,228.94,playing,9
121.1759,0.0871,0,0.17484,0,225.58,playing,9
121.192,16.5902,0,0.17484,0,222.51,playing,9
121.2086,16.5902,0,0.17484,0,219.57,playing,9
121.2241,20.5576,0,0.19746,0,217.07,playing,9
121.2412,20.5576,0,0.19746,0,214.87,playing,9
121.2572,20.5576,0,0.16793,0,212.84,playing,9
121.2734,18.6249,0,0.16793,0,211.21,playing,9
121.2894,18.6249,0,0.16793,0,209.86,playing,9
121.3059,18.6249,0,0.18811,0,208.79,playing,9
121.3224,16.291,0,0.18811,0,207.98,playing,9
121.3385,16.291,0,0.23103,1,207.49,playing,9
121.3545,12.5783,0,0.23103,0,207.29,playing,9
121.3706,8.6294,0,0.23103,0,207.37,playing,9
121.3866,8.6294,0,0.23103,0,207.73,playing,9
121.403,5.1728,0,0.23103,0,208.37,playing,9
121.42,5.1728,0,0.2396,0,209.37,playing,9
121.4371,5.1728,0,0.2396,0,210.69,playing,9
121.4542,-0.1317,0,0.26133,0,212.32,playing,9
121.4703,-0.1317,0,0.26133,0,214.28,playing,9
121.4873,-0.1317,0,0.24207,0,216.4,playing,9
121.5039,-1.3598,0,0.24207,0,218.97,playing,9
121.521,-1.3598,0,0.26202,0,221.86,playing,9
121.5371,-2.924,0,0.26202,0,225.06,playing,9
121.5541,-2.924,0,0.26202,0,228.36,playing,9
121.5708,-2.924,0,0.25159,0,232.18,playing,9
121.5873,-3.3257,0,0.25159,0,236.33,playing,9
121.6044,-3.3257,0,0.21301,0,240.51,playing,9
121.6204,-3.3257,0,0.21301,0,245.26,playing,9
121.6364,-3.4785,0,0.2386,1,250.02,playing,9
121.6525,-3.4785,0,0.2386,0,255.07,playing,9
121.6685,-3.4785,0,0.2386,0,260.39,playing,9
121.6851,-4.0787,0,0.25427,0,265.99,playing,9
121.7013,-4.0787,0,0.25427,0,272.27,playing,9
121.7179,-4.0622,0,0.2468,0,278.45,playing,9
121.7348,-4.0622,0,0.2468,0,285.34,playing,9
121.7518,-4.0622,0,0.2468,0,292.55,playing,9
121.769,-30.2465,1,0.2468,0,300.08,playing,9
121.7862,-30.2465,0,0.2468,0,293.76,playing,9
121.8028,-30.2465,0,0.25421,0,287.77,playing,9
121.8199,-30.7423,0,0.25421,0,282.09,playing,9
121.8364,-30.7423,0,0.25401,0,276.73,playing,9
121.853,-23.6641,0,0.25401,0,271.97,playing,9
121.869,-23.6641,0,0.25027,0,267.23,playing,9
121.8858,-23.6641,0,0.25027,0,263.05,playing,9
121.9024,6.8908,0,0.25027,0,258.93,playing,9
121.918,6.8908,0,0.19448,0,255.33,playing,9
121.935,6.8908,0,0.19448,0,252.01,playing,9
121.9518,19.7359,0,0.18623,0,248.8,playing,9
121.9678,19.7359,0,0.18623,0,246.06,playing,9
121.9848,26.1468,0,0.17455,0,243.47,playing,9
122.0014,24.3017,0,0.17455,0,241.2,playing,9
122.0177,24.3017,0,0.17455,0,239.34,playing,9
122.0333,19.9228,0,0.19258,0,237.77,playing,9
122.0493,19.9228,0,0.19258,0,236.47,playing,9
122.0654,19.9228,0,0.19258,0,235.46,playing,9
122.0815,16.1574,0,0.19258,0,234.73,playing,9
122.098,16.1574,0,0.19258,0,234.28,playing,9
122.115,16.1574,0,0.17736,0,234.12,playing,9
122.1316,8.482,0,0.17736,0,234.28,playing,9
122.1481,8.482,0,0.23081,1,234.71,playing,9
122.1646,8.482,0,0.23081,0,235.48,playing,9
122.1806,4.7829,0,0.20086,0,236.49,playing,9
122.1972,4.7829,0,0.20086,0,237.79,playing,9
122.2137,-0.4691,0,0.20086,0,239.48,playing,9
122.2292,-0.4691,0,0.24305,0,241.35,playing,9
122.2454,-0.4691,0,0.24305,0,243.51,playing,9
122.2611,-2.9105,0,0.24599,0,245.94,playing,9
122.2781,-2.9105,0,0.26573,0,248.66,playing,9
122.2952,-2.9105,0,0.26573,0,251.87,playing,9
122.3113,-4.1448,0,0.22708,0,255.39,playing,9
122.3279,-4.1448,0,0.24599,0,258.99,playing,9
122.3446,-4.3301,0,0.24599,0,263.13,playing,9
122.3606,-4.722,0,0.23837,0,267.31,playing,9
122.3772,-4.722,0,0.23837,0,271.77,playing,9
122.3934,-4.6407,0,0.23837,0,276.83,playing,9
122.4095,-4.6407,0,0.26295,0,281.87,playing,9
122.4256,-4.6407,0,0.26295,0,287.19,playing,9
122.4417,-4.6407,0,0.25734,0,292.8,playing,9
122.4579,-4.6407,0,0.25019,0,298.68,playing,9
122.4749,-4.6407,0,0.25019,0,305.26,playing,9
122.4921,-5.5966,0,0.22871,0,312.15,playing,9
122.5092,-5.5966,0,0.22871,0,319.35,playing,9
122.5257,-18.9864,0,0.24617,0,326.88,playing,9
122.5415,-18.9864,0,0.24617,0,334.25,playing,9
122.5571,-18.9864,0,0.24617,0,341.89,playing,9
122.5732,-27.9462,1,0.24617,0,349.82,playing,9
122.5904,-27.9462,0,0.18355,0,343.86,playing,9
122.6067,-27.9462,0,0.18355,0,337.85,playing,9
122.623,-16.5156,0,0.15937,0,332.47,playing,9
122.6402,-16.5156,0,0.15937,0,327.08,playing,9
122.6563,-16.5156,0,0.18089,0,322.0,playing,9
122.6724,-16.5156,0,0.18089,0,317.5,playing,9
122.6887,-16.5156,0,0.18243,0,313.28,playing,9
122.7064,2.0149,0,0.17733,0,309.35,playing,9
122.7226,11.1238,0,0.17733,0,305.28,playing,9
122.7387,11.1238,0,0.17733,0,301.94,playing,9
122.7558,21.0739,0,0.17733,0,298.72,playing,9
122.7719,21.0739,0,0.15731,0,295.96,playing,9
122.7887,21.0739,0,0.16489,0,293.35,playing,9
122.8043,23.7998,0,0.16489,0,291.18,playing,9
122.8215,23.7998,0,0.19207,0,289.28,playing,9
122.8374,23.7998,0,0.19207,0,287.59,playing,9
122.8536,20.2714,0,0.1674,0,286.28,playing,9
122.8691,20.2714,0,0.1674,0,285.25,playing,9
122.8856,10.2397,0,0.17651,0,284.5,playing,9
122.9017,10.2397,0,0.17651,0,284.03,playing,9
122.9178,10.2397,0,0.18874,0,283.85,playing,9
122.9338,6.5639,0,0.18874,0,283.94,playing,9
122.9507,6.5639,0,0.18874,0,284.36,playing,9
122.9663,6.5639,0,0.18874,0,285.04,playing,9
122.9839,3.0864,0,0.18874,0,286.0,playing,9
123.0009,3.0864,0,0.19056,0,287.43,playing,9
123.0179,3.0864,0,0.22262,1,289.11,playing,10
123.0348,3.0864,0,0.22262,0,291.1,playing,10
123.0514,3.0864,0,0.22629,0,293.41,playing,10
123.0671,-4.3514,0,0.22629,0,295.86,playing,10
123.0837,-4.3514,0,0.22629,0,298.6,playing,10
123.0998,-4.3514,0,0.25397,0,301.61,playing,10
123.1169,-5.3968,0,0.25397,0,305.14,playing,10
123.1337,-5.3968,0,0.25012,0,308.98,playing,10
123.1499,-5.3968,0,0.25012,0,312.88,playing,10
123.1669,-5.2585,0,0.24213,0,317.34,playing,10
123.185,-5.2585,0,0.24616,0,322.11,playing,10
123.2017,-21.483,1,0.24616,0,327.53,playing,10
123.2178,-21.483,0,0.27055,0,321.57,playing,10
123.2349,-21.483,0,0.27055,0,315.56,playing,10
123.2519,-34.0712,0,0.23882,0,309.86,playing,10
123.2689,-34.0712,0,0.23882,0,304.48,playing,10
123.2855,-34.0712,0,0.17896,0,299.43,playing,10
123.3019,-29.7177,0,0.17896,0,294.95,playing,10
123.3183,-29.7177,0,0.13979,0,290.5,playing,10
123.3345,-20.7187,0,0.13979,0,286.6,playing,10
123.3503,-8.7985,0,0.17058,0,282.99,playing,10
123.3666,-8.7985,0,0.17058,0,279.65,playing,10
123.3823,-0.5832,0,0.17058,0,276.6,playing,10
123.3981,-0.5832,0,0.17058,0,273.82,playing,10
123.415,-0.5832,0,0.18146,0,271.33,playing,10
123.4318,9.0867,0,0.18146,0,269.0,playing,10
123.4486,9.0867,0,0.18146,0,266.99,playing,10
123.4646,9.0867,0,0.18146,0,265.38,playing,10
123.4808,8.6358,0,0.13806,0,264.05,playing,10
123.4979,8.6358,0,0.15294,0,262.96,playing,10
123.5146,10.2569,0,0.15294,0,262.18,playing,10
123.5304,10.2569,0,0.15159,0,261.73,playing,10
123.5469,10.2569,0,0.15159,0,261.56,playing,10
123.5635,28.9893,0,0.19145,0,261.7,playing,10
123.5796,28.9893,0,0.19145,0,262.11,playing,10
123.5954,28.9893,0,0.15551,0,262.81,playing,10
123.6117,27.6096,0,0.15551,0,263.78,playing,10
123.6275,27.6096,0,0.19482,0,265.04,playing,10
123.6438,27.6096,0,0.19482,0,266.58,playing,10
123.6608,16.4054,0,0.153,0,268.53,playing,10
123.677,16.4054,0,0.153,0,270.65,playing,10
123.6931,16.4054,0,0.16229,0,273.22,playing,10
123.7092,11.0702,0,0.16229,0,275.93,playing,10
123.7259,11.0702,0,0.21416,0,278.91,playing,10
123.7427,5.9758,0,0.21416,0,282.39,playing,10
123.7585,5.9758,0,0.23861,1,285.96,playing,10
123.7742,5.9758,0,0.23861,0,289.8,playing,10
123.7913,-2.2028,0,0.23861,0,293.93,playing,10
123.8076,-2.2028,0,0.25422,0,298.63,playing,10
123.8237,-2.2028,0,0.25422,0,303.34,playing,10
123.8399,-6.8958,0,0.24597,0,308.33,playing,10
123.8569,-6.8958,0,0.24597,0,313.95,playing,10
123.8734,-6.8958,0,0.25002,0,319.88,playing,10
123.8901,-33.8502,1,0.24599,0,325.75,playing,10
123.9072,-33.8502,0,0.24599,0,319.44,playing,10
123.9236,-30.3178,0,0.15199,0,313.44,playing,10
123.9393,-30.3178,0,0.15199,0,308.08,playing,10
123.9559,-30.3178,0,0.15779,0,303.01,playing,10
123.9729,-23.0149,0,0.15779,0,297.93,playing,10
123.9899,-23.0149,0,0.13299,0,293.17,playing,10
124.0068,-23.0149,0,0.13299,0,288.73,playing,10
124.023,10.1699,0,0.2044,0,284.83,playing,10
124.0401,10.1699,0,0.2044,0,281.0,playing,10
124.0571,18.8725,0,0.18314,0,277.49,playing,10
124.0738,18.8725,0,0.18314,0,274.31,playing,10
124.0899,18.8725,0,0.1355,0,271.59,playing,10
124.1069,16.4161,0,0.1355,0,269.01,playing,10
124.1237,16.4161,0,0.19883,0,266.76,playing,10
124.1394,16.4161,0,0.19883,0,264.92,playing,10
124.1551,16.4161,0,0.19883,0,263.36,playing,10
124.1721,16.4161,0,0.22409,1,262.08,playing,10
124.1891,16.4161,0,0.22409,0,261.05,playing,10
124.2057,8.502,0,0.18736,0,260.32,playing,10
124.2213,8.502,0,0.18736,0,259.93,playing,10
124.2376,2.7066,0,0.25085,0,259.81,playing,10
124.2536,2.7066,0,0.25085,0,259.98,playing,10
124.2701,2.7066,0,0.25,0,260.43,playing,10
124.2866,0.3507,0,0.25,0,261.22,playing,10
124.3027,0.3507,0,0.23062,0,262.25,playing,10
124.3187,0.3507,0,0.23062,0,263.56,playing,10
124.3343,-2.6893,0,0.25423,0,265.15,playing,10
124.3513,-2.6893,0,0.25423,0,267.03,playing,10
124.3679,-2.6893,0,0.23818,0,269.33,playing,10
124.3844,-2.9454,0,0.23818,0,271.96,playing,10
124.4009,-2.9454,0,0.25026,0,274.71,playing,10
124.419,-4.8933,0,0.25026,0,277.96,playing,10
124.4352,-4.8933,0,0.25864,0,281.75,playing,10
124.4513,-4.8933,0,0.27321,0,285.4,playing,10
124.4678,-32.9623,1,0.27321,0,289.33,playing,10
124.4839,-32.9623,0,0.27321,0,283.37,playing,10
124.5004,-32.9623,0,0.27321,0,277.36,playing,10
124.517,-28.9138,0,0.21037,0,271.98,playing,10
124.533,-28.9138,0,0.15962,0,266.59,playing,10
124.5501,-20.1253,0,0.15962,0,261.79,playing,10
124.5666,-7.379,0,0.13451,0,257.01,playing,10
124.5827,-7.379,0,0.13451,0,252.8,playing,10
124.5987,9.43,0,0.15936,0,248.86,playing,10
124.6152,9.43,0,0.15936,0,245.21,playing,10
124.632,9.43,0,0.18014,0,241.65,playing,10
124.6486,20.8948,0,0.18014,0,238.4,playing,10
124.6652,20.8948,0,0.15731,0,235.63,playing,10
124.6812,20.8948,0,0.15731,0,233.0,playing,10
124.6973,21.7273,0,0.17921,0,230.81,playing,10
124.7133,21.7273,0,0.17921,0,228.9,playing,10
124.7301,17.2243,0,0.1916,0,227.27,playing,10
124.7468,17.2243,0,0.1916,0,225.86,playing,10
124.7624,17.2243,0,0.18474,0,224.81,playing,10
124.7785,8.2876,0,0.18474,0,224.04,playing,10
124.7952,8.2876,0,0.20743,0,223.56,playing,10
124.8122,8.2876,0,0.20743,0,223.36,playing,10
124.8291,4.9945,0,0.23124,1,223.48,playing,10
124.8461,4.9945,0,0.23124,0,223.92,playing,10
124.8629,4.9945,0,0.23124,0,224.68,playing,11
124.8795,2.4571,0,0.26247,0,225.75,playing,11
124.8961,2.4571,0,0.23553,0,227.04,playing,11
124.9122,0.5551,0,0.23553,0,228.73,playing,11
124.9282,0.5551,0,0.23553,0,230.61,playing,11
124.9445,0.5551,0,0.24194,0,232.76,playing,11
124.9605,-1.0899,0,0.24642,0,235.2,playing,11
124.9781,-1.0899,0,0.24642,0,238.11,playing,11
124.9945,-1.0899,0,0.27434,0,241.33,playing,11
125.0105,-3.5088,0,0.27434,0,244.65,playing,11
125.0267,-3.5088,0,0.24617,0,248.25,playing,11
125.0426,-3.5088,0,0.24617,0,252.13,playing,11
125.0589,-4.4073,0,0.24617,0,256.29,playing,11
125.0755,-4.4073,0,0.2731,0,261.03,playing,11
125.0921,-6.4521,0,0.25734,0,265.77,playing,11
125.1086,-6.4521,0,0.25734,0,271.13,playing,11
125.1246,-6.4521,0,0.2379,0,276.45,playing,11
125.1402,-30.5042,1,0.2379,0,282.06,playing,11
125.1564,-30.5042,0,0.17275,0,276.1,playing,11
125.1727,-30.5042,0,0.17275,0,270.42,playing,11
125.1888,-22.6096,0,0.17275,0,265.02,playing,11
125.2051,-22.6096,0,0.18266,0,259.91,playing,11
125.2219,-22.6096,0,0.18266,0,254.8,playing,11
125.2388,9.9896,0,0.14972,0,250.0,playing,11
125.2548,9.9896,0,0.14972,0,245.76,playing,11
125.272,21.0444,0,0.17162,0,241.58,playing,11
125.2886,21.0444,0,0.17162,0,237.72,playing,11
125.3043,21.0444,0,0.15428,0,234.37,playing,11
125.3203,21.4942,0,0.15428,0,231.3,playing,11
125.3374,21.4942,0,0.15178,0,228.51,playing,11
125.3534,21.4942,0,0.15178,0,225.86,playing,11
125.37,18.4365,0,0.16504,0,223.65,playing,11
125.387,18.4365,0,0.16504,0,221.62,playing,11
125.4037,18.4365,0,0.19014,0,219.91,playing,11
125.4198,9.3192,0,0.19014,0,218.58,playing,11
125.4359,9.3192,0,0.2,0,217.53,playing,11
125.4524,9.3192,0,0.2,0,216.73,playing,11
125.4685,9.3192,0,0.22776,1,216.27,playing,11
125.4845,9.3192,0,0.22776,0,216.08,playing,11
125.501,1.6084,0,0.22741,0,216.18,playing,11
125.5179,1.6084,0,0.22741,0,216.6,playing,11
125.5344,1.6084,0,0.24994,0,217.34,playing,11
125.55,-1.0111,0,0.24994,0,218.31,playing,11
125.5671,-1.0111,0,0.24994,0,219.57,playing,11
125.5839,-1.0111,0,0.23516,0,221.22,playing,11
125.6004,-1.9273,0,0.23516,0,223.2,playing,11
125.6168,-1.9273,0,0.22802,0,225.33,playing,11
125.6339,-1.9273,0,0.24976,0,227.92,playing,11
125.6507,-1.9273,0,0.24976,0,230.83,playing,11
125.6666,-1.9273,0,0.21949,0,233.85,playing,11
125.6822,-29.7127,1,0.21949,0,237.15,playing,11
125.6988,-29.7127,0,0.16489,0,231.19,playing,11
125.716,-29.7127,0,0.16489,0,225.17,playing,11
125.7321,-22.9998,0,0.17023,0,219.48,playing,11
125.7481,-22.9998,0,0.17023,0,214.4,playing,11
125.7642,-13.147,0,0.20086,0,209.6,playing,11
125.7809,5.6145,0,0.20086,0,205.09,playing,11
125.7978,5.6145,0,0.22116,1,200.61,playing,11
125.8146,18.0523,0,0.22116,0,196.45,playing,11
125.8305,18.0523,0,0.15681,0,192.81,playing,11
125.8463,18.0523,0,0.15681,0,189.46,playing,11
125.8633,22.1491,0,0.14869,0,186.39,playing,11
125.8802,22.1491,0,0.14869,0,183.44,playing,11
125.8966,22.1491,0,0.14869,0,180.81,playing,11
125.9128,16.3257,0,0.14735,0,178.62,playing,11
125.9299,16.3257,0,0.14735,0,176.61,playing,11
125.9465,12.4299,0,0.22739,0,174.92,playing,11
125.9631,12.4299,0,0.22739,0,173.6,playing,11
125.9801,12.4299,0,0.23104,0,172.53,playing,11
125.9973,4.7328,0,0.23104,0,171.77,playing,11
126.0136,4.7328,0,0.2195,0,171.33,playing,11
126.0296,4.7328,0,0.2195,0,171.2,playing,11
126.0454,2.0801,0,0.21548,0,171.35,playing,11
126.0611,2.0801,0,0.21548,0,171.78,playing,11
126.0779,2.0801,0,0.23031,1,172.49,playing,11
126.0943,0.0406,0,0.23031,0,173.56,playing,11
126.1111,0.0406,0,0.23463,0,174.86,playing,11
126.1287,-5.5491,0,0.23463,0,176.55,playing,11
126.1443,-5.5491,0,0.24972,0,178.56,playing,11
126.16,-5.5491,0,0.24972,0,180.73,playing,11
126.1766,-6.9738,0,0.24646,0,183.18,playing,11
126.1931,-6.9738,0,0.2503,0,185.92,playing,11
126.2101,-6.9738,0,0.2503,0,189.14,playing,11
126.2266,-29.586,1,0.20018,0,192.69,playing,11
126.2424,-29.586,0,0.20018,0,186.73,playing,11
126.2588,-29.586,0,0.20018,0,181.05,playing,11
126.2753,-23.988,0,0.20018,0,175.34,playing,11
126.2916,-23.988,0,0.17126,0,170.24,playing,11
126.3076,-18.5395,0,0.17126,0,165.43,playing,11
126.3237,-18.5395,0,0.17588,0,160.9,playing,11
126.3398,-18.5395,0,0.17588,0,156.64,playing,11
126.3558,-8.7208,0,0.17588,0,152.67,playing,11
126.3719,-8.7208,0,0.14817,0,148.99,playing,11
126.388,-8.7208,0,0.14817,0,145.58,playing,11
126.4051,5.1621,0,0.16722,0,142.28,playing,11
126.4217,5.1621,0,0.16722,0,139.3,playing,11
126.4372,5.1621,0,0.16439,0,136.77,playing,11
126.4534,22.2129,0,0.16439,0,134.52,dead,11
126.4699,22.2129,0,0.16439,0,132.56,dead,11
126.487,23.3687,0,0.15494,0,130.79,dead,11
126.5036,23.3687,0,0.15494,0,129.34,dead,11
126.5193,23.3687,0,0.17099,0,128.26,dead,11
126.5355,21.4155,0,0.17099,0,127.46,dead,11
126.5516,21.4155,0,0.17099,0,126.94,dead,11
126.5673,21.4155,0,0.14425,0,126.7,dead,11
126.5839,11.9515,0,0.14425,0,126.74,dead,11
126.6005,11.9515,0,0.16281,0,127.11,dead,11
126.6172,11.9515,0,0.16281,0,127.73,dead,11
126.6339,7.8457,0,0.25019,1,128.71,dead,11
126.651,7.8457,0,0.25019,0,130.01,dead,11
126.6675,0.8059,0,0.25019,0,131.63,dead,11
126.6836,0.8059,0,0.25439,0,133.43,dead,11
126.6996,0.8059,0,0.25439,0,135.52,dead,11
126.7153,-1.3252,0,0.26911,0,137.88,dead,11
126.731,-1.3252,0,0.26911,0,140.53,dead,11
126.748,-1.3252,0,0.26911,0,143.46,dead,11
126.7651,-2.6191,0,0.24284,0,146.89,dead,11
126.7822,-2.6191,0,0.24284,0,150.64,dead,11
126.7988,-2.6191,0,0.2419,0,154.7,dead,11
126.8159,-4.6895,0,0.2419,0,159.09,dead,11
126.8314,-4.6895,0,0.23907,0,163.5,dead,11
126.8475,-4.9728,0,0.23907,0,168.19,dead,11
126.864,-4.9728,0,0.23907,0,173.16,dead,11
126.8806,-4.9728,0,0.2771,0,178.76,dead,11
126.8966,-4.9716,0,0.2771,0,184.31,dead,11
126.9127,-4.9716,0,0.25446,0,190.14,dead,11
126.9288,-4.9716,0,0.25446,0,196.26,dead,11
126.9448,-4.7891,0,0.25446,0,202.66,dead,11
126.9622,-4.7891,0,0.2649,0,209.77,dead,11
126.9787,-4.7891,0,0.2649,0,217.2,dead,11
126.9943,-4.7041,0,0.24269,0,224.48,dead,11
127.0104,-4.7041,0,0.24269,0,232.04,dead,11
127.0264,-4.4952,0,0.24269,0,239.88,dead,11
127.0425,-4.2857,0,0.25788,0,248.0,dead,11
127.058,-4.2857,0,0.25788,0,256.4,dead,11
127.0751,-4.0356,0,0.26133,0,265.09,dead,11
127.0919,-4.0356,0,0.26133,0,274.63,dead,11
127.1089,-4.0356,0,0.23866,0,284.5,dead,11
127.1253,-2.6588,0,0.23866,0,294.68,dead,11
127.1418,-2.6588,0,0.23866,0,304.54,dead,11
127.1584,-2.6588,0,0.23565,0,315.34,dead,11
127.1745,-3.1085,0,0.23565,0,325.78,dead,11
127.1912,-3.1085,0,0.24315,0,336.51,dead,11
127.2072,-2.3371,0,0.24315,0,348.23,dead,11
127.2239,-2.3371,0,0.24315,0,359.43,dead,11
127.2406,-2.3371,0,0.2686,0,371.33,dead,11
127.2562,-1.5507,0,0.2686,0,382.53,dead,11
127.2727,-1.5507,0,0.24264,0,393.73,dead,11
127.2892,-1.5507,0,0.24264,0,404.93,dead,11
127.3053,-0.3416,0,0.24617,0,416.83,dead,11
127.3214,-0.3416,0,0.24617,0,428.03,dead,11
127.3379,-0.3416,0,0.24617,0,439.23,dead,11
127.355,-0.1555,0,0.25043,0,451.13,dead,11
127.3715,-0.1555,0,0.25043,0,463.03,dead,11
127.388,0.1447,0,0.25043,0,474.23,dead,11
127.4048,0.1447,0,0.25043,0,486.13,dead,11
127.4209,0.1447,0,0.23576,0,496.0,dead,11
127.438,-0.4835,0,0.23576,0,496.0,dead,11
127.4546,-0.4835,0,0.23576,0,496.0,dead,11
127.4711,-0.4835,0,0.25868,0,496.0,dead,11
127.4877,-0.6653,0,0.25868,0,496.0,dead,11
127.5038,-0.6653,0,0.26629,0,496.0,dead,11
127.5209,0.5273,0,0.26629,0,496.0,dead,11
127.5384,0.5273,0,0.26557,0,496.0,dead,11
127.555,0.5273,0,0.26557,0,496.0,dead,11
127.572,1.3469,0,0.26557,0,496.0,dead,11
127.5881,1.3469,0,0.25822,0,496.0,dead,11
127.6052,1.3469,0,0.25822,0,496.0,dead,11
127.6225,1.0239,0,0.2824,0,496.0,dead,11
127.6375,1.0239,0,0.2824,0,496.0,dead,11
127.654,1.0239,0,0.2824,0,496.0,dead,11
127.6696,0.9676,0,0.24251,0,496.0,dead,11
127.6872,0.9676,0,0.24251,0,496.0,dead,11
127.7014,0.6077,0,0.24251,0,496.0,dead,11
127.719,0.6077,0,0.24251,0,496.0,dead,11
127.7354,0.6077,0,0.24251,0,496.0,dead,11
127.7507,0.1967,0,0.23108,0,496.0,dead,11
127.7687,0.1967,0,0.23108,0,496.0,dead,11
127.7836,0.1967,0,0.23108,0,496.0,dead,11
127.7996,0.2802,0,0.24215,0,496.0,dead,11
127.8165,0.2802,0,0.24215,0,496.0,dead,11
127.8323,0.2802,0,0.24678,0,496.0,dead,11
127.8508,1.2708,0,0.24678,0,496.0,dead,11
127.8659,1.2708,0,0.22305,0,496.0,dead,11
127.8814,-0.2801,0,0.22305,0,496.0,dead,11
127.8985,-0.2801,0,0.22305,0,496.0,dead,11
127.915,-0.2801,0,0.22398,0,496.0,dead,11
127.9316,-0.042,0,0.22398,0,496.0,dead,11
127.9476,-0.042,0,0.26866,0,496.0,dead,11
127.9636,-0.042,0,0.26866,0,496.0,dead,11
127.9792,-0.14,0,0.26908,0,496.0,dead,11
127.9959,-0.14,0,0.26908,0,496.0,dead,11
128.0124,-0.14,0,0.26908,0,496.0,dead,11
128.0285,-0.1475,0,0.24615,0,496.0,dead,11
128.0442,-0.1475,0,0.24615,0,496.0,dead,11
128.0609,-0.2331,0,0.26465,0,496.0,dead,11
128.0779,-0.2331,0,0.26465,0,496.0,dead,11
128.095,-0.2331,0,0.28042,0,496.0,dead,11
128.1116,0.3862,0,0.28042,0,496.0,dead,11
128.1272,0.3862,0,0.28042,0,496.0,dead,11
128.1437,0.3862,0,0.26225,0,496.0,dead,11
128.1592,0.2811,0,0.26225,0,496.0,dead,11
128.177,0.2811,0,0.26225,0,496.0,dead,11
128.1926,0.2811,0,0.2573,0,496.0,dead,11
128.2081,0.1686,0,0.2573,0,496.0,dead,11
128.2249,0.1686,0,0.2573,0,496.0,dead,11
128.2414,0.802,0,0.28892,0,496.0,dead,11
128.258,0.3367,0,0.28892,0,496.0,dead,11
128.275,0.3367,0,0.2657,0,496.0,dead,11
128.292,0.3367,0,0.2657,0,496.0,dead,11
128.3086,0.3367,0,0.27647,0,496.0,dead,11
128.3247,0.3367,0,0.27647,0,496.0,dead,11
128.3412,-0.2139,0,0.27647,0,496.0,dead,11
128.3572,-0.2139,0,0.25754,0,496.0,dead,11
128.3737,-0.2139,0,0.25754,0,496.0,dead,11
128.3891,-0.456,0,0.28707,0,496.0,dead,11
128.4054,-0.456,0,0.28707,0,496.0,dead,11
128.422,-0.456,0,0.28707,0,496.0,dead,11
128.4386,-0.456,0,0.28707,0,496.0,dead,11
128.4546,-0.456,0,0.28707,0,496.0,dead,11
128.4702,-0.2174,0,0.26893,0,496.0,dead,11
128.4867,-0.2174,0,0.26893,0,496.0,dead,11
128.5033,-0.2174,0,0.26893,0,496.0,dead,11
128.5193,-0.7871,0,0.26983,0,496.0,dead,11
128.5359,-0.7871,0,0.26983,0,496.0,dead,11
128.553,-0.7871,0,0.29192,0,496.0,dead,11
128.57,-0.5047,0,0.29192,0,496.0,dead,11
128.5865,-0.5047,0,0.26448,0,496.0,dead,11
128.6031,-0.5047,0,0.26448,0,496.0,dead,11
128.6193,-0.5047,0,0.27601,0,496.0,dead,11
128.6355,-0.5047,0,0.27601,0,496.0,dead,11
128.6527,-0.5001,0,0.27601,0,496.0,dead,11
128.6682,-0.5001,0,0.27664,0,496.0,dead,11
128.6848,-0.5001,0,0.27664,0,496.0,dead,11
128.7004,-0.6375,0,0.30287,0,496.0,dead,11
128.7169,-0.6375,0,0.30287,0,496.0,dead,11
128.7336,-0.6375,0,0.30122,0,496.0,dead,11
128.7501,-0.5793,0,0.30122,0,496.0,dead,11
128.7667,-0.5793,0,0.30122,0,496.0,dead,11
128.7827,-10.0319,0,0.29619,0,496.0,dead,11
128.7985,-10.0319,0,0.29619,0,496.0,dead,11
128.8151,-10.0319,0,0.28114,0,496.0,dead,11
128.8317,-24.7088,1,0.28114,0,496.0,dead,11
128.8483,-24.7088,0,0.28114,0,285.0,playing,0
128.8653,-24.7088,0,0.29274,0,278.34,playing,0
128.8814,-23.231,0,0.29274,0,272.69,playing,0
128.8979,-23.231,0,0.25489,0,267.33,playing,0
128.9148,-16.3494,0,0.25489,0,261.96,playing,0
128.9316,-16.3494,0,0.18083,0,256.9,playing,0
128.9487,-16.3494,0,0.18083,0,252.42,playing,0
128.9642,5.3047,0,0.18083,0,248.22,playing,0
128.9808,5.3047,0,0.15802,0,244.08,playing,0
128.9968,5.3047,0,0.15802,0,240.46,playing,0
129.0123,29.7913,0,0.15922,0,237.12,playing,0
129.0289,29.7913,0,0.15922,0,234.07,playing,0
129.046,29.7913,0,0.17168,0,231.14,playing,0
129.063,26.5504,0,0.17168,0,228.53,playing,0
129.0798,26.5504,0,0.17168,0,226.24,playing,0
129.0953,21.9446,0,0.18242,0,224.37,playing,0
129.1114,16.4782,0,0.18242,0,222.77,playing,0
129.1279,16.4782,0,0.18242,0,221.46,playing,0
129.1445,11.6665,0,0.18242,0,220.38,playing,0
129.1602,11.6665,0,0.18242,0,219.65,playing,0
129.1772,11.6665,0,0.17405,0,219.2,playing,0
129.1928,7.6581,0,0.17405,0,219.04,playing,0
129.2088,7.6581,0,0.17072,0,219.15,playing,0
129.2264,7.6581,0,0.17072,0,219.59,playing,0
129.2424,1.2669,0,0.20723,0,220.34,playing,0
129.2587,1.2669,0,0.20723,0,221.34,playing,0
129.2762,-0.4222,0,0.20723,0,222.61,playing,0
129.2928,-0.4222,0,0.21986,0,224.29,playing,0
129.3073,-0.4222,0,0.21986,0,226.14,playing,0
129.3239,-2.4571,0,0.24663,1,228.28,playing,0
129.3407,-2.4571,0,0.23013,0,230.87,playing,0
129.3568,-2.4571,0,0.23013,0,233.59,playing,0
129.3736,-3.1658,0,0.22747,0,236.79,playing,0
129.3897,-3.1658,0,0.23529,0,240.09,playing,0
129.4059,-3.1658,0,0.23529,0,243.67,playing,0
129.4229,-4.1962,0,0.28146,0,247.8,playing,0
129.44,-4.1962,0,0.28146,0,252.24,playing,0
129.4565,-35.4757,1,0.28146,0,256.99,playing,0
129.4728,-35.4757,0,0.28896,0,251.04,playing,0
129.4903,-35.4757,0,0.28896,0,245.02,playing,0
129.5063,-35.2589,0,0.25372,0,239.33,playing,0
129.5224,-35.2589,0,0.25059,0,234.25,playing,0
129.5385,-35.2589,0,0.25059,0,229.45,playing,0
129.5545,-35.2589,0,0.14661,0,224.94,playing,0
129.5715,-35.2589,0,0.14661,0,220.7,playing,0
129.5891,-35.2589,0,0.18012,0,216.3,playing,0
129.6056,16.4712,0,0.19731,0,212.45,playing,0
129.6214,16.4712,0,0.19731,0,209.12,playing,0
129.6373,23.1281,0,0.17296,0,206.06,playing,0
129.653,23.1281,0,0.17296,0,203.29,playing,0
129.6692,23.1281,0,0.13996,0,200.8,playing,0
129.6859,18.3877,0,0.19122,0,198.59,playing,0
129.703,18.3877,0,0.19122,0,196.56,playing,0
129.7197,18.3877,0,0.1705,0,194.85,playing,0
129.7361,14.2208,0,0.1705,0,193.52,playing,0
129.7529,14.2208,0,0.17045,0,192.42,playing,0
129.7694,14.2208,0,0.17045,0,191.65,playing,0
129.7855,10.4481,0,0.17045,0,191.2,playing,0
129.801,10.4481,0,0.21812,0,191.03,playing,0
129.818,4.5499,0,0.21812,0,191.14,playing,0
129.8348,4.5499,0,0.23834,1,191.58,playing,0
129.8516,4.5499,0,0.23834,0,192.34,playing,0
129.8673,2.1149,0,0.223,0,193.33,playing,0
129.8834,2.1149,0,0.223,0,194.61,playing,0
129.8994,2.1149,0,0.24293,0,196.16,playing,0
129.9159,0.059,0,0.24293,0,198.0,playing,0
129.9324,0.059,0,0.27686,0,200.27,playing,0
129.9482,0.059,0,0.27686,0,202.69,playing,0
129.9642,-2.8759,0,0.25396,0,205.39,playing,0
129.9812,-2.8759,0,0.25396,0,208.38,playing,0
129.9975,-3.8871,0,0.24994,0,211.86,playing,0
130.014,-3.8871,0,0.24994,0,215.43,playing,0
130.0304,-3.8871,0,0.26905,0,219.53,playing,0
130.046,-4.4375,0,0.26905,0,223.67,playing,0
130.0625,-4.4375,0,0.26503,0,228.1,playing,0
130.0789,-4.4375,0,0.26503,0,232.81,playing,0
130.0948,-4.4375,0,0.26131,0,237.79,playing,0
130.1116,-4.4375,0,0.26131,0,243.41,playing,0
130.1276,-4.4375,0,0.26131,0,248.98,playing,0
130.1437,-31.435,1,0.24216,0,254.83,playing,0
130.161,-31.435,0,0.21519,0,248.88,playing,0
130.1781,-30.58,0,0.21519,0,242.53,playing,0
130.1941,-30.58,0,0.20376,0,236.85,playing,0
130.2108,-30.58,0,0.20376,0,231.79,playing,0
130.2264,-30.58,0,0.18042,0,227.01,playing,0
130.2424,-30.58,0,0.18042,0,222.51,playing,0
130.2583,-30.58,0,0.1461,0,218.3,playing,0
130.2745,-30.58,0,0.1461,0,214.36,playing,0
130.2907,-30.58,0,0.19546,0,210.71,playing,0
130.3062,-30.58,0,0.19546,0,207.34,playing,0
130.3234,22.9007,0,0.16802,0,204.25,playing,0
130.34,22.9007,0,0.16802,0,201.29,playing,0
130.3567,18.8673,0,0.22788,1,198.64,playing,0
130.3723,18.8673,0,0.22788,0,196.43,playing,0
130.3892,18.8673,0,0.24566,0,194.5,playing,0
130.4057,14.363,0,0.24566,0,192.77,playing,0
130.4216,14.363,0,0.22731,0,191.42,playing,0
130.4376,14.363,0,0.22731,0,190.36,playing,0
130.4537,6.5119,0,0.21909,0,189.57,playing,0
130.4693,6.5119,0,0.21909,0,189.07,playing,0
130.4854,6.5119,0,0.21909,0,188.85,playing,0
130.502,6.5119,0,0.25446,0,188.91,playing,0
130.5189,6.5119,0,0.25446,0,189.29,playing,0
130.5356,1.1659,0,0.24278,0,189.99,playing,0
130.5527,1.1659,0,0.24278,0,191.01,playing,0
130.5685,1.1659,0,0.26893,0,192.25,playing,0
130.5842,-0.7671,0,0.26893,0,193.77,playing,0
130.6009,-0.7671,0,0.27667,0,195.58,playing,0
130.618,-0.7671,0,0.27667,0,197.81,playing,0
130.6348,-1.7562,0,0.25771,0,200.36,playing,0
130.6508,-1.7562,0,0.25771,0,203.05,playing,0
130.6678,-1.7562,0,0.27644,0,206.22,playing,0
130.6849,-3.2168,0,0.27644,0,209.7,playing,0
130.701,-3.2168,0,0.27315,0,213.51,playing,0
130.718,-3.7467,0,0.27315,0,217.37,playing,0
130.7343,-3.7467,0,0.2426,0,221.79,playing,0
130.7504,-3.7467,0,0.2426,0,226.23,playing,0
130.767,-4.0847,0,0.26526,0,230.96,playing,0
130.784,-4.0847,0,0.26526,0,236.3,playing,0
130.8011,-4.0847,0,0.29582,0,241.95,playing,0
130.818,-31.7198,1,0.29582,0,247.93,playing,0
130.8355,-31.7198,0,0.22609,0,241.61,playing,0
130.8516,-29.3348,0,0.22609,0,235.62,playing,0
130.8677,-29.3348,0,0.23329,0,230.26,playing,0
130.8839,-29.3348,0,0.23329,0,225.18,playing,0
130.9011,-2.1432,0,0.20384,0,220.1,playing,0
130.9172,-2.1432,0,0.20384,0,215.34,playing,0
130.9335,-2.1432,0,0.17508,0,211.15,playing,0
130.9499,18.1096,0,0.17508,0,207.23,playing,0
130.967,18.1096,0,0.15255,0,203.38,playing,0
130.9833,18.1096,0,0.15255,0,199.86,playing,0
131.0001,23.1013,0,0.19509,0,196.82,playing,0
131.0167,23.1013,0,0.19509,0,193.91,playing,0
131.0322,19.096,0,0.19335,0,191.46,playing,0
131.0492,19.096,0,0.19335,0,189.28,playing,0
131.0661,19.096,0,0.19835,0,187.29,playing,0
131.0832,14.7635,0,0.19835,0,185.62,playing,0
131.0997,14.7635,0,0.21871,0,184.26,playing,0
131.1158,14.7635,0,0.21871,0,183.26,playing,0
131.1326,6.8379,0,0.23829,1,182.52,playing,0
131.1487,6.8379,0,0.23829,0,182.11,playing,0
131.1643,6.8379,0,0.26204,0,181.98,playing,0
131.1803,3.5454,0,0.26204,0,182.13,playing,0
131.1964,3.5454,0,0.26204,0,182.56,playing,0
131.2129,-1.0852,0,0.22353,0,183.27,playing,0
131.2299,-1.0852,0,0.22353,0,184.34,playing,0
131.2468,-1.0852,0,0.26203,0,185.74,playing,0
131.2642,-2.2101,0,0.25397,0,187.45,playing,0
131.2809,-2.2101,0,0.25397,0,189.47,playing,0
131.2977,-2.2101,0,0.25019,0,191.82,playing,1
131.3137,-2.5153,0,0.25019,0,194.31,playing,1
131.3298,-2.5153,0,0.24617,0,197.08,playing,1
131.3458,-3.1986,0,0.24617,0,200.13,playing,1
131.3619,-3.1986,0,0.25724,0,203.47,playing,1
131.3788,-3.1986,0,0.25724,0,207.33,playing,1
131.3959,-3.1986,0,0.29799,0,211.51,playing,1
131.4125,-3.1986,0,0.29799,0,216.0,playing,1
131.4286,-3.1986,0,0.2653,0,220.52,playing,1
131.4445,-3.1986,0,0.2653,0,225.31,playing,1
131.4607,-3.1986,0,0.24659,0,230.39,playing,1
131.4766,-3.1986,0,0.24659,0,235.75,playing,1
131.4927,-3.481,0,0.25757,0,241.39,playing,1
131.5084,-3.481,0,0.25757,0,247.31,playing,1
131.524,-7.257,0,0.25757,0,253.51,playing,1
131.5403,-7.257,0,0.24254,0,260.0,playing,1
131.5569,-7.257,0,0.24254,0,266.76,playing,1
131.5738,-7.257,0,0.25799,0,274.27,playing,1
131.5909,-7.257,0,0.25799,0,282.1,playing,1
131.6076,-7.257,0,0.18432,0,290.24,playing,1
131.6235,-25.9274,1,0.18432,0,298.18,playing,1
131.6396,-25.9274,0,0.18342,0,292.23,playing,1
131.6556,-25.9274,0,0.18342,0,286.55,playing,1
131.6729,-11.249,0,0.16581,0,280.84,playing,1
131.6891,-11.249,0,0.16581,0,275.44,playing,1
131.7052,-11.249,0,0.18428,0,270.64,playing,1
131.7217,-11.249,0,0.18428,0,266.13,playing,1
131.7378,-11.249,0,0.18265,0,261.89,playing,1
131.7549,20.6953,0,0.18265,0,257.71,playing,1
131.7718,20.6953,0,0.16307,0,253.85,playing,1
131.7873,20.6953,0,0.16307,0,250.5,playing,1
131.8038,17.7785,0,0.19309,0,247.43,playing,1
131.8209,17.7785,0,0.19309,0,244.48,playing,1
131.838,17.7785,0,0.20485,0,241.85,playing,1
131.8546,14.0229,0,0.20485,0,239.54,playing,1
131.8707,14.0229,0,0.27026,1,237.65,playing,1
131.8877,6.6796,0,0.27026,0,235.96,playing,1
131.9043,6.6796,0,0.2053,0,234.64,playing,1
131.9203,6.6796,0,0.2053,0,233.57,playing,1
131.9363,3.1703,0,0.2053,0,232.84,playing,1
131.9524,3.1703,0,0.24988,0,232.39,playing,1
131.9689,3.1703,0,0.24988,0,232.22,playing,1
131.9845,0.4799,0,0.26579,0,232.33,playing,1
132.0005,0.4799,0,0.26579,0,232.73,playing,1
132.0181,0.4799,0,0.2464,0,233.46,playing,1
132.0347,-2.1977,0,0.23158,0,234.52,playing,1
132.0505,-2.1977,0,0.23158,0,235.8,playing,1
132.0665,-3.2296,0,0.25861,0,237.35,playing,1
132.082,-3.2296,0,0.25861,0,239.19,playing,1
132.0991,-3.2296,0,0.28191,0,241.31,playing,1
132.1163,-3.7574,0,0.28191,0,243.88,playing,1
132.1332,-3.7574,0,0.26599,0,246.77,playing,1
132.1494,-3.7574,0,0.26599,0,249.98,playing,1
132.1654,-3.6968,0,0.26195,0,253.28,playing,1
132.1812,-3.6968,0,0.26195,0,256.86,playing,1
132.1983,-3.6968,0,0.2709,0,260.72,playing,1
132.2149,-4.1292,0,0.2709,0,265.14,playing,1
132.2319,-4.1292,0,0.2709,0,269.88,playing,1
132.249,-27.2785,1,0.24691,0,274.94,playing,1
132.2661,-27.2785,0,0.24691,0,268.63,playing,1
132.2824,-27.2785,0,0.23149,0,262.63,playing,1
132.2985,-34.6484,0,0.23149,0,257.27,playing,1
132.3151,-34.6484,0,0.21424,0,252.19,playing,1
132.3313,-34.6484,0,0.21424,0,247.11,playing,1
132.3474,-10.017,0,0.20595,0,242.62,playing,1
132.3636,-10.017,0,0.20595,0,238.4,playing,1
132.3797,8.9091,0,0.20904,0,234.47,playing,1
132.3963,8.9091,0,0.20904,0,230.81,playing,1
132.4124,8.9091,0,0.19913,0,227.25,playing,1
132.428,24.2583,0,0.19913,0,224.18,playing,1
132.4441,24.2583,0,0.1586,0,221.39,playing,1
132.4615,24.2583,0,0.1586,0,218.88,playing,1
132.4776,21.614,0,0.15572,0,216.53,playing,1
132.4931,21.614,0,0.15572,0,214.6,playing,1
132.5091,21.614,0,0.17251,0,212.96,playing,1
132.5256,17.2225,0,0.17251,0,211.59,playing,1
132.5412,17.2225,0,0.19878,0,210.51,playing,1
132.5583,17.2225,0,0.19878,0,209.71,playing,1
132.5739,8.8272,0,0.23056,1,209.17,playing,1
132.591,8.8272,0,0.23056,0,208.95,playing,1
132.6081,6.0786,0,0.23056,0,209.04,playing,1
132.6241,6.0786,0,0.23861,0,209.44,playing,1
132.6411,6.0786,0,0.21957,0,210.1,playing,1
132.6577,3.6331,0,0.21957,0,211.12,playing,1
132.6739,3.6331,0,0.22701,0,212.36,playing,1
132.6909,3.6331,0,0.22701,0,213.99,playing,1
132.708,-1.4662,0,0.22256,0,215.94,playing,1
132.7249,-1.4662,0,0.22256,0,218.21,playing,1
132.742,-2.263,0,0.28118,0,220.8,playing,1
132.759,-2.263,0,0.28118,0,223.71,playing,1
132.7761,-2.263,0,0.26297,0,226.94,playing,1
132.7922,-3.8943,0,0.26297,0,230.48,playing,1
132.8087,-3.8943,0,0.25043,0,234.09,playing,1
132.8245,-3.8943,0,0.25043,0,237.99,playing,1
132.8402,-4.2464,0,0.25059,0,242.17,playing,1
132.8562,-4.2464,0,0.25059,0,246.63,playing,1
132.8732,-4.2464,0,0.21573,0,251.37,playing,1
132.8892,-6.0065,0,0.21573,0,256.73,playing,1
132.9052,-6.0065,0,0.26503,1,262.05,playing,1
132.9219,-20.4006,1,0.26503,0,267.66,playing,1
132.9385,-20.4006,0,0.26503,0,261.35,playing,1
132.955,-20.4006,0,0.26503,0,255.69,playing,1
132.9711,-35.2546,0,0.26503,0,249.99,playing,1
132.9876,-35.2546,0,0.24637,0,244.91,playing,1
133.0036,-35.2546,0,0.24637,0,240.12,playing,1
133.0197,-12.1799,0,0.19824,0,235.6,playing,1
133.0367,-12.1799,0,0.19824,0,231.12,playing,1
133.0528,-12.1799,0,0.17716,0,227.19,playing,1
133.0698,-12.1799,0,0.17716,0,223.33,playing,1
133.0864,-12.1799,0,0.1572,0,219.78,playing,1
133.1025,21.5852,0,0.1572,0,216.73,playing,1
133.1187,21.5852,0,0.20339,0,213.95,playing,1
133.1347,21.5852,0,0.20339,0,211.46,playing,2
133.1512,18.1968,0,0.16375,0,209.25,playing,2
133.1672,18.1968,0,0.16375,0,207.22,playing,2
133.1833,18.1968,0,0.21256,0,205.6,playing,2
133.2003,14.0723,0,0.18769,0,204.25,playing,2
133.2179,14.0723,0,0.18769,0,203.09,playing,2
133.2349,10.3414,0,0.24584,1,202.31,playing,2
133.2515,7.1425,0,0.24584,0,201.85,playing,2
133.2676,7.1425,0,0.22967,0,201.7,playing,2
133.2837,4.453,0,0.22967,0,201.83,playing,2
133.2997,4.453,0,0.22967,0,202.25,playing,2
133.3157,4.453,0,0.22967,0,202.94,playing,2
133.3318,2.0226,0,0.22967,0,203.92,playing,2
133.3489,2.0226,0,0.21864,0,205.27,playing,2
133.3651,2.0226,0,0.21864,0,206.94,playing,2
133.3817,-1.4314,0,0.21864,0,208.8,playing,2
133.3983,-1.4314,0,0.26247,0,210.94,playing,2
133.4148,-2.7091,0,0.26247,0,213.53,playing,2
133.4314,-2.7091,0,0.26247,0,216.43,playing,2
133.4474,-2.7091,0,0.28481,0,219.45,playing,2
133.464,-4.059,0,0.28481,0,222.75,playing,2
133.4811,-4.059,0,0.26196,0,226.57,playing,2
133.4981,-4.059,0,0.26196,0,230.72,playing,2
133.5152,-3.4759,0,0.27308,0,235.17,playing,2
133.5317,-3.4759,0,0.27308,0,239.95,playing,2
133.5478,-3.4759,0,0.27308,0,244.73,playing,2
133.565,-5.8068,0,0.28047,0,250.12,playing,2
133.5816,-5.8068,0,0.28047,0,255.84,playing,2
133.5977,-33.2534,1,0.2895,0,261.49,playing,2
133.6132,-33.2534,0,0.2895,0,255.53,playing,2
133.6298,-33.2534,0,0.2895,0,249.86,playing,2
133.6459,-29.2238,0,0.24978,0,244.46,playing,2
133.6629,-29.2238,0,0.24978,0,239.05,playing,2
133.6796,-29.2238,0,0.21129,0,233.95,playing,2
133.6953,9.4138,0,0.21129,0,229.44,playing,2
133.7114,9.4138,0,0.21129,0,225.2,playing,2
133.7274,9.4138,0,0.21129,0,221.25,playing,2
133.7436,22.6704,0,0.21129,0,217.58,playing,2
133.7602,22.6704,0,0.18231,0,214.19,playing,2
133.7763,22.6704,0,0.18231,0,210.91,playing,2
133.7929,22.6704,0,0.18656,0,208.1,playing,2
133.8095,22.6704,0,0.18656,0,205.44,playing,2
133.8253,23.9676,0,0.22491,1,203.21,playing,2
133.8416,23.9676,0,0.22491,0,201.26,playing,2
133.858,23.9676,0,0.22491,0,199.6,playing,2
133.8742,21.1723,0,0.18513,0,198.15,playing,2
133.891,21.1723,0,0.18513,0,197.07,playing,2
133.9079,21.1723,0,0.18656,0,196.23,playing,2
133.9249,6.9021,0,0.18656,0,195.72,playing,2
133.9415,6.9021,0,0.19263,0,195.52,playing,2
133.9578,6.9021,0,0.19263,0,195.62,playing,2
133.9735,6.9021,0,0.24295,0,195.99,playing,2
133.9897,6.9021,0,0.24295,0,196.65,playing,2
134.0055,-0.6165,0,0.24295,0,197.59,playing,2
134.0213,-0.6165,0,0.22776,0,198.82,playing,2
134.0374,-0.6165,0,0.22776,0,200.32,playing,2
134.053,-2.0016,0,0.27334,0,202.11,playing,2
134.0691,-2.0016,0,0.27334,0,204.17,playing,2
134.086,-2.0016,0,0.26958,0,206.52,playing,2
134.102,-3.4888,0,0.26958,0,209.34,playing,2
134.1185,-3.4888,0,0.26958,0,212.26,playing,2
134.1347,-3.4572,0,0.28436,0,215.48,playing,2
134.1508,-3.4572,0,0.28436,0,218.97,playing,2
134.1679,-3.4572,0,0.2848,0,223.0,playing,2
134.185,-3.7611,0,0.2848,0,227.34,playing,2
134.2021,-3.7611,0,0.22645,0,232.01,playing,2
134.2192,-3.7611,0,0.22645,0,236.99,playing,2
134.2359,-3.7378,0,0.22645,0,242.29,playing,2
134.2526,-3.7378,0,0.27472,0,247.91,playing,2
134.2686,-3.7378,0,0.27472,0,253.48,playing,2
134.2842,-4.2937,0,0.26153,0,259.33,playing,2
134.3008,-4.2937,0,0.26153,0,265.46,playing,2
134.3174,-7.0331,0,0.24305,0,272.3,playing,2
134.3335,-7.0331,0,0.24305,0,279.01,playing,2
134.3495,-7.0331,0,0.24305,0,286.01,playing,2
134.3656,-7.0331,0,0.27248,0,293.28,playing,2
134.3813,-7.0331,0,0.27248,0,300.84,playing,2
134.3974,-7.0331,0,0.27248,0,308.68,playing,2
134.4135,-23.3578,1,0.27248,0,316.8,playing,2
134.4297,-23.3578,0,0.28161,0,310.85,playing,2
134.4464,-23.3578,0,0.28161,0,304.83,playing,2
134.462,-23.3578,0,0.28161,0,299.46,playing,2
134.479,-23.3578,0,0.18153,0,294.36,playing,2
134.4956,-5.2257,0,0.18153,0,289.26,playing,2
134.5117,23.8471,0,0.19193,0,284.75,playing,2
134.5277,23.8471,0,0.19193,0,280.51,playing,2
134.5438,18.8615,0,0.17918,0,276.56,playing,2
134.5609,18.8615,0,0.17918,0,272.68,playing,2
134.578,18.8615,0,0.17918,0,269.12,playing,2
134.5951,15.2246,0,0.18611,0,265.87,playing,2
134.6113,15.2246,0,0.18611,0,262.95,playing,2
134.6274,15.2246,0,0.18747,0,260.47,playing,2
134.6434,11.5026,0,0.18747,0,258.28,playing,2
134.6605,11.5026,0,0.18747,0,256.37,playing,2
134.6782,6.0648,0,0.19489,0,254.58,playing,2
134.6947,6.0648,0,0.19489,0,253.2,playing,2
134.7103,6.0648,0,0.24269,1,252.19,playing,2
134.7265,3.9846,0,0.24269,0,251.46,playing,2
134.7431,3.9846,0,0.23478,0,251.01,playing,2
134.7592,3.9846,0,0.23478,0,250.85,playing,2
134.7758,3.9846,0,0.24287,0,250.98,playing,2
134.7928,0.3574,0,0.24287,0,251.44,playing,2
134.8089,0.3574,0,0.24287,0,252.15,playing,2
134.8255,-1.6437,0,0.26148,0,253.22,playing,2
134.8417,-1.6437,0,0.26148,0,254.52,playing,2
134.8582,-2.7916,0,0.32999,0,256.09,playing,2
134.8744,-2.7916,0,0.32999,0,258.08,playing,2
134.8905,-2.7916,0,0.31558,0,260.24,playing,2
134.9065,-3.7355,0,0.31558,0,262.67,playing,2
134.9226,-3.7355,0,0.31558,0,265.39,playing,2
134.9387,-3.7355,0,0.30371,0,268.39,playing,2
134.9548,-4.2829,0,0.30371,0,271.67,playing,2
134.9704,-4.2829,0,0.30371,0,275.24,playing,2
134.987,-4.2829,0,0.32647,0,279.08,playing,3
135.0035,-5.1957,0,0.32647,0,283.48,playing,3
135.0191,-5.1957,0,0.3428,0,287.91,playing,3
135.0362,-5.4142,0,0.3428,0,292.62,playing,3
135.0522,-5.4142,0,0.3428,0,297.94,playing,3
135.0693,-5.4142,0,0.35443,0,303.22,playing,3
135.0853,-5.894,0,0.35443,0,309.16,playing,3
135.1019,-5.894,0,0.35443,0,315.03,playing,3
135.1185,-5.894,0,0.35443,0,321.58,playing,3
135.1351,-28.2663,1,0.32134,0,328.03,playing,3
135.1517,-28.2663,0,0.32134,0,321.72,playing,3
135.1678,-28.2663,0,0.32134,0,316.06,playing,3
135.1834,-26.7056,0,0.33356,0,310.68,playing,3
135.2,-26.7056,0,0.33356,0,305.59,playing,3
135.2171,-18.1748,0,0.28506,0,300.49,playing,3
135.2337,-18.1748,0,0.28506,0,295.71,playing,3
135.2502,-18.1748,0,0.23478,0,291.5,playing,3
135.2668,11.7368,0,0.23478,0,287.33,playing,3
135.2829,11.7368,0,0.23478,0,283.7,playing,3
135.2996,11.7368,0,0.23389,0,280.15,playing,3
135.3151,24.0985,0,0.23389,0,277.1,playing,3
135.3323,24.0985,0,0.17173,0,274.33,playing,3
135.349,24.0985,0,0.17173,0,271.7,playing,3
135.3663,23.5699,0,0.17173,0,269.39,playing,3
135.3824,23.5699,0,0.17173,0,267.4,playing,3
135.3992,18.5438,0,0.21943,0,265.8,playing,3
135.4158,18.5438,0,0.21943,0,264.43,playing,3
135.4323,18.5438,0,0.21943,0,263.37,playing,3
135.4489,4.9982,0,0.21943,0,262.66,playing,3
135.4656,4.9982,0,0.21227,0,262.22,playing,3
135.4812,4.9982,0,0.21227,0,262.08,playing,3
135.4974,-0.0204,0,0.21227,0,262.23,playing,3
135.514,-0.0204,0,0.2811,1,262.66,playing,3
135.531,-4.038,0,0.2811,0,263.44,playing,3
135.5476,-4.038,0,0.269,0,264.53,playing,3
135.5638,-4.038,0,0.269,0,265.84,playing,3
135.5809,-7.4555,0,0.269,0,267.55,playing,3
135.5979,-7.4555,0,0.25439,0,269.58,playing,3
135.6139,-7.4555,0,0.25439,0,271.93,playing,3
135.6312,-7.1514,0,0.2812,0,274.41,playing,3
135.6482,-7.1514,0,0.2812,0,277.38,playing,3
135.6643,-5.6198,0,0.27045,0,280.66,playing,3
135.681,-3.1633,0,0.27045,0,284.03,playing,3
135.6976,-3.1633,0,0.26953,0,287.93,playing,3
135.7137,-1.4292,0,0.26953,0,291.88,playing,3
135.7293,-1.4292,0,0.26953,0,296.11,playing,3
135.745,-1.4292,0,0.23188,0,300.62,playing,3
135.7616,-0.9812,0,0.23188,0,305.42,playing,3
135.7777,-0.9812,0,0.26154,0,310.49,playing,3
135.7937,-0.9812,0,0.26154,0,315.85,playing,3
135.8097,-21.4143,1,0.28819,0,321.49,playing,3
135.8254,-21.4143,0,0.28819,0,315.53,playing,3
135.8425,-21.4143,0,0.28819,0,309.86,playing,3
135.8585,-27.9348,0,0.27941,0,304.14,playing,3
135.8751,-27.9348,0,0.27941,0,299.05,playing,3
135.8911,-7.7934,0,0.28256,0,293.95,playing,3
135.9081,-7.7934,0,0.28256,0,289.44,playing,3
135.9247,-7.7934,0,0.25367,0,284.96,playing,3
135.9402,0.7019,0,0.25367,0,281.02,playing,3
135.9567,0.7019,0,0.25367,0,277.37,playing,3
135.9728,0.7019,0,0.22368,0,274.0,playing,3
135.9902,25.6891,0,0.22368,0,270.73,playing,3
136.0071,25.6891,0,0.20123,0,267.79,playing,3
136.0236,25.6891,0,0.20123,0,265.16,playing,3
136.0392,33.5089,0,0.23035,1,262.97,playing,3
136.0554,33.5089,0,0.23035,0,261.06,playing,3
136.072,30.1625,0,0.23035,0,259.43,playing,3
136.088,30.1625,0,0.20832,0,258.02,playing,3
136.1045,30.1625,0,0.20832,0,256.97,playing,3
136.1206,17.2582,0,0.20367,0,256.2,playing,3
136.1366,17.2582,0,0.20367,0,255.72,playing,3
136.1529,17.2582,0,0.20367,0,255.51,playing,3
136.1695,10.6029,0,0.2503,0,255.62,playing,3
136.1856,10.6029,0,0.2503,0,255.99,playing,3
136.2017,10.6029,0,0.23474,0,256.65,playing,3
136.2172,1.2925,0,0.23474,0,257.59,playing,3
136.2337,1.2925,0,0.23474,0,258.82,playing,3
136.2491,1.2925,0,0.26136,0,260.32,playing,3
136.2661,-2.1038,0,0.26136,0,262.11,playing,3
136.2827,-2.1038,0,0.26136,0,264.32,playing,3
136.2982,-4.7342,0,0.26953,0,266.69,playing,3
136.3142,-4.7342,0,0.26953,0,269.34,playing,3
136.3312,-4.7342,0,0.2738,0,272.26,playing,3
136.3472,-8.9062,0,0.2738,0,275.7,playing,3
136.3643,-8.9062,0,0.26108,0,279.21,playing,3
136.3803,-8.9062,0,0.26108,0,283.25,playing,3
136.3969,-10.7864,0,0.26108,0,287.34,playing,3
136.4139,-10.7864,0,0.26126,0,292.01,playing,3
136.431,-10.7864,0,0.30327,0,296.99,playing,3
136.448,-10.7864,0,0.30327,0,302.29,playing,3
136.4644,-10.7864,0,0.24682,0,307.91,playing,3
136.4804,-13.1613,0,0.29851,0,313.48,playing,3
136.4973,-13.1613,0,0.29851,0,319.33,playing,3
136.5134,-13.1613,0,0.25379,0,325.87,playing,3
136.5294,-35.8659,1,0.26953,0,332.3,playing,3
136.5459,-35.8659,0,0.26953,0,326.34,playing,3
136.5629,-35.8659,0,0.24262,0,320.33,playing,3
136.5795,-16.4008,0,0.24262,0,314.63,playing,3
136.5963,-16.4008,0,0.20543,0,309.55,playing,3
136.6125,-5.7392,0,0.19976,0,304.48,playing,3
136.629,-5.7392,0,0.19976,0,299.98,playing,3
136.6458,-5.7392,0,0.21556,0,295.52,playing,3
136.6616,-8.3297,0,0.1748,0,291.6,playing,3
136.6777,-8.3297,0,0.1748,0,287.97,playing,3
136.6936,-8.3297,0,0.20915,0,284.61,playing,3
136.7099,0.8101,0,0.20915,0,281.54,playing,3
136.7257,0.8101,0,0.23103,1,278.75,playing,3
136.7413,0.8101,0,0.23103,0,276.24,playing,3
136.7585,23.0725,0,0.21587,0,274.01,playing,3
136.7746,23.0725,0,0.21587,0,271.97,playing,3
136.7902,33.4149,0,0.18584,0,270.32,playing,3
136.8064,31.0968,0,0.18584,0,268.95,playing,3
136.8226,31.0968,0,0.18584,0,267.87,playing,3
136.8387,31.0968,0,0.17287,0,267.07,playing,4
136.8559,31.0968,0,0.17287,0,266.54,playing,4
136.8732,31.0968,0,0.23627,0,266.32,playing,4
136.8894,12.5498,0,0.23627,0,266.42,playing,4
136.9055,12.5498,0,0.26448,0,266.8,playing,4
136.9213,12.5498,0,0.26448,0,267.46,playing,4
136.9374,8.52,0,0.24104,0,268.4,playing,4
136.9536,8.52,0,0.24104,0,269.62,playing,4
136.9697,3.761,0,0.29093,0,271.13,playing,4
136.9857,3.761,0,0.29093,0,272.91,playing,4
137.0017,3.761,0,0.27218,0,274.98,playing,4
137.0189,-2.0558,0,0.27218,0,277.49,playing,4
137.0356,-2.0558,0,0.29581,0,280.32,playing,4
137.0517,-2.0558,0,0.29581,0,283.27,playing,4
137.0689,-4.2688,0,0.2657,0,286.72,playing,4
137.0859,-4.2688,0,0.2657,0,290.49,playing,4
137.1026,-4.2688,0,0.26457,0,294.57,playing,4
137.1191,-5.7279,0,0.26457,0,298.7,playing,4
137.1367,-5.7279,0,0.25352,0,303.7,playing,4
137.1537,-5.7279,0,0.25352,0,308.74,playing,4
137.1711,-5.7279,0,0.24007,0,314.09,playing,4
137.188,-5.7279,0,0.24007,0,319.77,playing,4
137.2049,-4.6462,0,0.28272,0,325.76,playing,4
137.2217,-4.6462,0,0.28272,0,332.07,playing,4
137.2374,-4.6462,0,0.26184,0,338.29,playing,4
137.2535,-33.2167,1,0.26184,0,344.79,playing,4
137.2695,-33.2167,0,0.21207,0,338.84,playing,4
137.2861,-33.2167,0,0.21207,0,333.16,playing,4
137.3026,-33.2167,0,0.21139,0,327.45,playing,4
137.319,-33.2167,0,0.21139,0,322.35,playing,4
137.3352,1.0873,0,0.22285,1,317.25,playing,4
137.352,1.0873,0,0.22285,0,312.74,playing,4
137.3691,1.0873,0,0.19818,0,308.26,playing,4
137.3857,19.8353,0,0.19818,0,304.1,playing,4
137.402,19.8353,0,0.15719,0,300.46,playing,4
137.4192,21.6345,0,0.15719,0,296.92,playing,4
137.4355,21.6345,0,0.15059,0,293.69,playing,4
137.4513,21.6345,0,0.15059,0,290.94,playing,4
137.4676,13.787,0,0.18204,0,288.46,playing,4
137.4834,13.787,0,0.18204,0,286.27,playing,4
137.5002,13.787,0,0.21739,0,284.36,playing,4
137.5173,10.3291,0,0.21739,0,282.65,playing,4
137.5336,10.3291,0,0.21739,0,281.25,playing,4
137.55,10.3291,0,0.243,0,280.22,playing,4
137.5663,8.1022,0,0.243,0,279.45,playing,4
137.5826,8.1022,0,0.21424,0,279.0,playing,4
137.5985,8.1022,0,0.21424,0,278.83,playing,4
137.6142,5.8581,0,0.23621,1,278.94,playing,4
137.6302,5.8581,0,0.23621,0,279.34,playing,4
137.6469,3.8965,0,0.24305,0,280.01,playing,4
137.664,3.8965,0,0.24305,0,281.05,playing,4
137.6813,3.8965,0,0.22927,0,282.41,playing,4
137.6972,-0.0708,0,0.26545,0,284.08,playing,4
137.7141,-0.0708,0,0.26545,0,285.94,playing,4
137.7314,-0.0708,0,0.30334,0,288.22,playing,4
137.7473,-0.7188,0,0.30334,0,290.83,playing,4
137.764,-0.7188,0,0.27957,0,293.57,playing,4
137.7813,-6.682,0,0.27957,0,296.79,playing,4
137.7973,-6.682,0,0.27215,0,300.34,playing,4
137.8131,-6.682,0,0.27215,0,303.95,playing,4
137.8303,-25.8895,1,0.29496,0,307.85,playing,4
137.8468,-25.8895,0,0.29496,0,301.54,playing,4
137.8625,-25.8895,0,0.29496,0,295.88,playing,4
137.8784,-18.7001,0,0.23285,0,290.5,playing,4
137.8946,-18.7001,0,0.23285,0,285.41,playing,4
137.9111,-18.7001,0,0.2328,0,280.59,playing,4
137.928,1.2054,0,0.2328,0,275.79,playing,4
137.9452,1.2054,0,0.22878,0,271.31,playing,4
137.9618,18.762,0,0.22878,0,267.15,playing,4
137.979,18.762,0,0.22474,0,263.31,playing,4
137.9961,18.762,0,0.22474,0,259.78,playing,4
138.0126,20.8331,0,0.22385,0,256.57,playing,4
138.0288,20.8331,0,0.22385,0,253.84,playing,4
138.0462,20.8331,0,0.20638,0,251.25,playing,4
138.0622,16.1065,0,0.20638,0,248.97,playing,4
138.0785,16.1065,0,0.20125,0,247.12,playing,4
138.0947,16.1065,0,0.20125,0,245.54,playing,4
138.1109,7.171,0,0.27392,1,244.25,playing,4
138.1279,7.171,0,0.26617,0,243.19,playing,4
138.1444,2.9232,0,0.26617,0,242.45,playing,4
138.1604,2.9232,0,0.26617,0,242.03,playing,4
138.1766,2.9232,0,0.27996,0,241.9,playing,4
138.1931,-1.411,0,0.28017,0,242.05,playing,4
138.2096,-1.411,0,0.28017,0,242.53,playing,4
138.2254,-1.411,0,0.28017,0,243.26,playing,4
138.2428,-3.4356,0,0.28082,0,244.27,playing,4
138.2585,-3.4356,0,0.28082,0,245.66,playing,4
138.2745,-4.6937,0,0.29674,0,247.25,playing,4
138.2909,-4.6937,0,0.29674,0,249.12,playing,4
138.3077,-4.6937,0,0.27143,0,251.43,playing,4
138.3241,-2.7772,0,0.27143,0,253.89,playing,4
138.3412,-2.7772,0,0.30744,0,256.81,playing,4
138.3574,-2.7772,0,0.30744,0,260.06,playing,4
138.3733,-2.6692,0,0.29894,0,263.39,playing,4
138.3896,-2.6692,0,0.29894,0,267.01,playing,4
138.4055,-2.6692,0,0.29515,0,270.91,playing,4
138.4215,-3.8788,0,0.29515,0,275.08,playing,4
138.4374,-3.8788,0,0.30061,0,279.55,playing,4
138.4537,-3.8788,0,0.30061,0,284.29,playing,4
138.4706,-29.7085,1,0.26842,0,289.31,playing,4
138.4865,-29.7085,0,0.26842,0,283.0,playing,4
138.5029,-28.3563,0,0.2211,0,277.34,playing,4
138.5203,-28.3563,0,0.2211,0,271.65,playing,4
138.5367,-28.3563,0,0.2348,0,266.27,playing,4
138.5531,-10.0209,0,0.2348,0,261.49,playing,4
138.5697,-10.0209,0,0.2348,0,256.73,playing,4
138.5861,-10.0209,0,0.20253,0,252.53,playing,4
138.6023,14.5096,0,0.20253,0,248.39,playing,4
138.6183,14.5096,0,0.22784,1,244.77,playing,4
138.6354,24.9323,0,0.22784,0,241.43,playing,4
138.6513,24.9323,0,0.20218,0,238.21,playing,4
138.6673,24.9323,0,0.20218,0,235.45,playing,4
138.6836,20.5169,0,0.21003,0,232.98,playing,5
138.6996,20.5169,0,0.21003,0,230.79,playing,5
138.716,20.5169,0,0.18412,0,228.88,playing,5
138.7329,15.2278,0,0.18412,0,227.16,playing,5
138.7497,15.2278,0,0.2751,0,225.77,playing,5
138.7662,15.2278,0,0.2751,0,224.74,playing,5
138.7827,15.2278,0,0.26646,0,223.96,playing,5
138.7986,15.2278,0,0.26646,0,223.51,playing,5
138.8149,11.5282,0,0.24346,0,223.35,playing,5
138.8331,4.6036,0,0.24346,0,223.48,playing,5
138.8493,4.6036,0,0.26203,0,223.99,playing,5
138.8661,2.2737,0,0.26203,0,224.72,playing,5
138.8824,2.2737,0,0.23234,0,225.81,playing,5
138.898,2.2737,0,0.24995,0,227.12,playing,5
138.9149,-2.1291,0,0.24995,0,228.71,playing,5
138.932,-2.1291,0,0.24995,0,230.72,playing,5
138.9487,-2.1291,0,0.24995,0,233.05,playing,5
138.9646,-3.565,0,0.24995,0,235.52,playing,5
138.9821,-3.565,0,0.24995,0,238.28,playing,5
138.9984,-4.7775,0,0.25781,0,241.73,playing,5
139.0151,-4.7775,0,0.27962,0,245.08,playing,5
139.0314,-4.7775,0,0.27962,0,248.96,playing,5
139.0475,-4.8177,0,0.28571,0,252.89,playing,5
139.0633,-4.8177,0,0.28571,0,257.11,playing,5
139.0801,-4.8177,0,0.29274,0,261.61,playing,5
139.0964,-5.6372,0,0.29274,0,266.7,playing,5
139.1122,-5.6372,0,0.29027,0,271.78,playing,5
139.1292,-14.23,0,0.29027,0,277.14,playing,5
139.1454,-30.425,1,0.27691,0,283.15,playing,5
139.162,-30.425,0,0.27691,0,277.19,playing,5
139.1792,-28.9968,0,0.20803,0,271.18,playing,5
139.1953,-28.9968,0,0.20803,0,265.48,playing,5
139.212,-28.9968,0,0.27041,1,260.4,playing,5
139.2281,-2.093,0,0.27041,0,255.32,playing,5
139.245,-2.093,0,0.22152,0,250.83,playing,5
139.2617,-2.093,0,0.22152,0,246.37,playing,5
139.2775,15.5053,0,0.22152,0,242.45,playing,5
139.2934,15.5053,0,0.22823,0,238.81,playing,5
139.3096,21.4523,0,0.22823,0,235.46,playing,5
139.3259,19.9984,0,0.25466,0,232.39,playing,5
139.3433,19.9984,0,0.25466,0,229.44,playing,5
139.3597,16.1889,0,0.25466,0,226.81,playing,5
139.3754,16.1889,0,0.25466,0,224.62,playing,5
139.3915,16.1889,0,0.22197,0,222.71,playing,5
139.4073,12.5335,0,0.22197,0,221.08,playing,5
139.4238,12.5335,0,0.25894,0,219.74,playing,5
139.4409,12.5335,0,0.26127,0,218.62,playing,5
139.4578,6.3009,0,0.26127,0,217.83,playing,5
139.4737,6.3009,0,0.26543,0,217.36,playing,5
139.4896,3.7491,0,0.26543,0,217.17,playing,5
139.5054,3.7491,0,0.2878,0,217.27,playing,5
139.5213,3.7491,0,0.2878,0,217.65,playing,5
139.5381,1.5339,0,0.28899,0,218.31,playing,5
139.5551,1.5339,0,0.28899,0,219.32,playing,5
139.5719,1.5339,0,0.29136,0,220.66,playing,5
139.5887,-0.6466,0,0.29136,0,222.31,playing,5
139.6041,-0.6466,0,0.25749,0,224.15,playing,5
139.6211,-0.6466,0,0.25749,0,226.27,playing,5
139.6374,-0.994,0,0.25749,0,228.84,playing,5
139.6533,-0.994,0,0.27243,0,231.54,playing,5
139.6697,-2.2507,0,0.27243,0,234.53,playing,5
139.6855,-14.392,0,0.25822,0,237.79,playing,5
139.7013,-14.392,0,0.25822,0,241.34,playing,5
139.7172,-31.721,1,0.26458,0,245.16,playing,5
139.7333,-31.721,0,0.26458,0,239.21,playing,5
139.7496,-31.721,0,0.26458,0,233.53,playing,5
139.7671,-20.1936,0,0.26458,0,227.81,playing,5
139.7839,-20.1936,0,0.21743,0,222.42,playing,5
139.801,-20.1936,0,0.21743,0,217.34,playing,5
139.8173,-4.2677,0,0.2461,1,212.58,playing,5
139.8334,-4.2677,0,0.2461,0,208.38,playing,5
139.8497,10.5535,0,0.23537,0,204.47,playing,5
139.8661,10.5535,0,0.23537,0,200.83,playing,5
139.8828,10.5535,0,0.2619,0,197.29,playing,5
139.9001,22.0569,0,0.2619,0,194.06,playing,5
139.9169,22.0569,0,0.21981,0,191.15,playing,5
139.934,22.0569,0,0.21981,0,188.56,playing,5
139.9505,19.0856,0,0.23912,0,186.29,playing,5
139.9665,19.0856,0,0.23912,0,184.43,playing,5
139.9824,19.0856,0,0.23912,0,182.85,playing,5
139.999,11.362,0,0.23095,0,181.56,playing,5
140.0167,11.362,0,0.23095,0,180.5,playing,5
140.0324,7.5071,0,0.2122,0,179.76,playing,5
140.0485,7.5071,0,0.2122,0,179.35,playing,5
140.0658,7.5071,0,0.24662,0,179.23,playing,5
140.0832,4.9376,0,0.24726,0,179.42,playing,5
140.1002,4.9376,0,0.24726,0,179.93,playing,5
140.1174,4.9376,0,0.27604,0,180.77,playing,5
140.1338,2.4638,0,0.27604,0,181.91,playing,5
140.1503,2.4638,0,0.27604,0,183.38,playing,5
140.167,-1.6382,0,0.27604,0,185.04,playing,5
140.1841,-1.6382,0,0.27271,0,187.13,playing,5
140.2005,-1.6382,0,0.27271,0,189.53,playing,5
140.2165,-3.9908,0,0.28892,0,192.07,playing,5
140.2321,-3.9908,0,0.28892,0,194.9,playing,5
140.248,-3.9908,0,0.27887,0,198.0,playing,5
140.2649,-3.9908,0,0.27887,0,201.39,playing,5
140.2818,-3.9908,0,0.27182,0,205.31,playing,5
140.2978,-3.9908,0,0.27182,0,209.27,playing,5
140.3144,-5.1278,0,0.27182,0,213.81,playing,5
140.3312,-5.1278,0,0.2755,0,218.36,playing,5
140.3484,-30.6156,1,0.2755,0,223.51,playing,5
140.3645,-30.6156,0,0.2755,0,217.2,playing,5
140.3812,-30.6156,0,0.2755,0,211.54,playing,5
140.3976,-25.8722,0,0.27976,0,205.84,playing,5
140.4137,-25.8722,0,0.24667,0,200.76,playing,5
140.4301,-25.8722,0,0.24667,0,195.97,playing,5
140.4465,-4.6092,0,0.23865,0,191.19,playing,5
140.4626,-4.6092,0,0.23865,0,186.97,playing,5
140.4789,-4.6092,0,0.22018,0,183.04,playing,5
140.4957,11.6881,0,0.23133,0,179.18,playing,5
140.5118,11.6881,0,0.23133,0,175.82,playing,5
140.5285,21.5026,0,0.23527,0,172.58,playing,6
140.5443,21.5026,0,0.23527,0,169.8,playing,6
140.5603,21.5026,0,0.23527,0,167.31,playing,6
140.5766,18.2955,0,0.23527,0,165.1,playing,6
140.5935,18.2955,0,0.19586,0,163.07,playing,6
140.6096,18.2955,0,0.23077,1,161.44,playing,6
140.6258,18.2955,0,0.23077,0,160.1,playing,6
140.6417,18.2955,0,0.23933,0,159.03,playing,6
140.6574,18.2955,0,0.23933,0,158.25,playing,6
140.6741,7.5208,0,0.23933,0,157.74,playing,6
140.6912,7.5208,0,0.27741,0,157.53,playing,6
140.7074,4.9768,0,0.27741,0,157.63,playing,6
140.7241,4.9768,0,0.28747,0,158.01,playing,6
140.7412,4.9768,0,0.28747,0,158.73,playing,6
140.7579,2.7987,0,0.30642,0,159.76,playing,6
140.7748,2.7987,0,0.30642,0,161.12,playing,6
140.7919,2.7987,0,0.30364,0,162.79,playing,6
140.8086,-0.3687,0,0.30364,0,164.78,playing,6
140.8248,-0.3687,0,0.30946,0,166.94,playing,6
140.8407,-1.9164,0,0.30946,0,169.38,playing,6
140.8564,-1.9164,0,0.30951,0,172.09,playing,6
140.8723,-1.9164,0,0.30951,0,175.09,playing,6
140.8888,-1.9164,0,0.30073,0,178.38,playing,6
140.9062,-1.9164,0,0.30073,0,182.18,playing,6
140.922,-1.9164,0,0.29028,0,186.3,playing,6
140.9387,-3.5003,0,0.29028,0,190.46,playing,6
140.9547,-3.5003,0,0.29028,0,194.91,playing,6
140.9717,-3.5003,0,0.29028,0,199.95,playing,6
140.9877,-8.3506,0,0.29472,0,204.97,playing,6
141.0035,-8.3506,0,0.29472,0,210.28,playing,6
141.0194,-25.2076,1,0.29472,0,215.86,playing,6
141.0358,-25.2076,0,0.30177,0,209.9,playing,6
141.052,-25.2076,0,0.30177,0,204.23,playing,6
141.0682,-28.5769,0,0.30177,0,198.51,playing,6
141.0846,-28.5769,0,0.21931,0,193.42,playing,6
141.101,-28.5769,0,0.21931,0,188.6,playing,6
141.1172,-15.8469,0,0.23425,1,183.81,playing,6
141.1335,-15.8469,0,0.25758,0,179.57,playing,6
141.1502,-15.8469,0,0.25758,0,175.62,playing,6
141.1663,-5.7312,0,0.2247,0,171.74,playing,6
141.1829,-5.7312,0,0.2247,0,168.37,playing,6
141.1995,10.8198,0,0.20648,0,165.1,playing,6
141.2153,10.8198,0,0.20648,0,162.31,playing,6
141.2316,10.8198,0,0.20952,0,159.8,playing,6
141.2479,20.0836,0,0.20952,0,157.58,playing,6
141.265,20.0836,0,0.21864,0,155.53,playing,6
141.2818,20.0836,0,0.21261,0,153.8,playing,6
141.2986,20.0836,0,0.21261,0,152.39,playing,6
141.3142,20.0836,0,0.19755,0,151.34,playing,6
141.3309,20.0836,0,0.19755,0,150.57,playing,6
141.348,20.0836,0,0.2067,0,150.07,playing,6
141.3651,20.0836,0,0.2067,0,149.9,playing,6
141.3816,17.6078,0,0.2067,0,150.04,playing,6
141.3972,13.9325,0,0.25497,1,150.45,playing,6
141.4133,13.9325,0,0.25497,0,151.14,playing,6
141.4295,13.9325,0,0.25497,0,152.12,playing,6
141.4454,13.9325,0,0.25425,0,153.38,playing,6
141.4611,13.9325,0,0.25425,0,154.92,playing,6
141.4781,0.353,0,0.28145,0,156.74,playing,6
141.4943,0.353,0,0.28145,0,158.99,playing,6
141.5101,0.353,0,0.28145,0,161.39,playing,6
141.527,-1.0711,0,0.32139,0,164.26,playing,6
141.5442,-1.0711,0,0.32139,0,167.24,playing,6
141.5607,-2.6879,0,0.30361,0,170.73,playing,6
141.5767,-3.1888,0,0.30361,0,174.29,playing,6
141.5923,-3.1888,0,0.3066,0,178.14,playing,6
141.6088,-3.0407,0,0.3066,0,182.26,playing,6
141.6259,-3.0407,0,0.3047,0,186.97,playing,6
141.6429,-3.0407,0,0.3047,0,191.99,playing,6
141.66,-3.9662,0,0.3047,0,197.32,playing,6
141.6772,-3.9662,0,0.29472,0,202.98,playing,6
141.6933,-3.9662,0,0.29472,0,208.95,playing,6
141.7099,-3.5954,0,0.29057,0,214.86,playing,6
141.7266,-3.5954,0,0.29057,0,221.45,playing,6
141.7427,-3.9404,0,0.29057,0,227.93,playing,6
141.7588,-3.9404,0,0.29057,0,234.7,playing,6
141.7755,-3.9404,0,0.31487,0,242.21,playing,6
141.7916,-4.8838,0,0.31487,0,249.55,playing,6
141.8082,-4.8838,0,0.31487,0,257.18,playing,6
141.8246,-4.8838,0,0.30988,0,265.61,playing,6
141.8409,-4.8838,0,0.30988,0,273.82,playing,6
141.8575,-4.8838,0,0.29607,0,282.86,playing,6
141.8737,-4.8838,0,0.29607,0,291.65,playing,6
141.89,-24.3291,1,0.29607,0,300.72,playing,6
141.9063,-24.3291,0,0.30094,0,294.41,playing,6
141.9226,-22.6228,0,0.30094,0,288.75,playing,6
141.9387,-22.6228,0,0.19637,0,283.37,playing,6
141.9548,-22.6228,0,0.19637,0,278.27,playing,6
141.9715,-19.0918,0,0.19907,0,273.18,playing,6
141.9877,-19.0918,0,0.19907,0,268.66,playing,6
142.0045,-19.0918,0,0.21745,0,264.18,playing,6
142.0212,9.6125,0,0.21745,0,260.25,playing,6
142.0372,9.6125,0,0.21745,0,256.39,playing,6
142.0538,9.6125,0,0.17165,0,253.03,playing,6
142.0713,21.4671,0,0.17165,0,249.79,playing,6
142.0874,21.4671,0,0.21207,0,246.86,playing,6
142.1037,21.4671,0,0.21207,0,244.39,playing,6
142.1197,21.4671,0,0.16048,0,242.19,playing,6
142.1355,21.4671,0,0.16048,0,240.28,playing,6
142.1525,17.0448,0,0.16048,0,238.66,playing,6
142.1686,17.0448,0,0.16726,0,237.24,playing,6
142.1842,17.0448,0,0.16726,0,236.19,playing,6
142.2009,12.7928,0,0.19219,0,235.43,playing,6
142.218,12.7928,0,0.19219,0,234.93,playing,6
142.235,8.7792,0,0.25042,1,234.75,playing,6
142.2521,5.6586,0,0.25042,0,234.89,playing,6
142.269,5.6586,0,0.25444,0,235.35,playing,6
142.2851,3.1385,0,0.25444,0,236.13,playing,6
142.3016,3.1385,0,0.26207,0,237.14,playing,6
142.3187,3.1385,0,0.26207,0,238.53,playing,6
142.3348,-0.103,0,0.26207,0,240.12,playing,6
142.3517,-0.103,0,0.28336,0,242.13,playing,6
142.3673,-0.103,0,0.28336,0,244.3,playing,6
142.3839,-2.2015,0,0.28066,0,246.76,playing,7
142.4006,-2.2015,0,0.28066,0,249.68,playing,7
142.4166,-4.8054,0,0.30497,0,252.72,playing,7
142.4322,-4.8054,0,0.30497,0,256.03,playing,7
142.4489,-4.8054,0,0.30497,0,259.63,playing,7
142.4656,-27.3808,1,0.31943,0,263.77,playing,7
142.4817,-27.3808,0,0.31943,0,257.82,playing,7
142.4977,-27.3808,0,0.28374,0,252.14,playing,7
142.5135,-24.3087,0,0.28374,0,246.74,playing,7
142.5296,-24.3087,0,0.28784,0,241.63,playing,7
142.5458,-24.3087,0,0.28784,0,236.8,playing,7
142.5629,-10.3688,0,0.28784,0,231.98,playing,7
142.5792,-10.3688,0,0.22013,0,227.48,playing,7
142.5958,4.4108,0,0.22013,0,223.53,playing,7
142.6124,4.4108,0,0.20702,0,219.65,playing,7
142.6285,4.4108,0,0.20702,0,216.28,playing,7
142.6447,15.3211,0,0.23504,1,213.19,playing,7
142.661,15.3211,0,0.23504,0,210.38,playing,7
142.6781,15.3211,0,0.23504,0,207.72,playing,7
142.6948,15.3211,0,0.20759,0,205.37,playing,7
142.7121,15.3211,0,0.20759,0,203.34,playing,7
142.729,15.3211,0,0.21643,0,201.63,playing,7
142.7458,15.3211,0,0.21643,0,200.23,playing,7
142.7626,15.3211,0,0.21202,0,199.16,playing,7
142.7784,12.2336,0,0.21202,0,198.43,playing,7
142.7947,8.4882,0,0.21315,0,197.98,playing,7
142.8109,8.4882,0,0.21315,0,197.81,playing,7
142.8279,5.2417,0,0.21315,0,197.95,playing,7
142.8445,5.2417,0,0.22222,0,198.41,playing,7
142.8606,5.2417,0,0.22222,0,199.12,playing,7
142.8773,0.3924,0,0.25819,0,200.11,playing,7
142.8935,0.3924,0,0.25819,0,201.48,playing,7
142.9094,0.3924,0,0.25819,0,203.06,playing,7
142.9256,0.3924,0,0.27929,0,204.91,playing,7
142.9415,0.3924,0,0.27929,0,207.05,playing,7
142.9576,-1.1817,0,0.29028,0,209.47,playing,7
142.9743,-1.1817,0,0.29028,0,212.17,playing,7
142.991,-1.1817,0,0.31197,0,215.36,playing,7
143.0075,-1.1817,0,0.31197,0,218.87,playing,7
143.0232,-1.1817,0,0.31197,0,222.45,playing,7
143.04,-1.1817,0,0.29442,0,226.31,playing,7
143.0571,-8.1766,0,0.29442,0,230.73,playing,7
143.0738,-8.1766,0,0.26801,0,235.47,playing,7
143.0904,-28.4164,1,0.26801,0,240.53,playing,7
143.107,-28.4164,0,0.27576,0,234.57,playing,7
143.1242,-28.4164,0,0.27576,0,228.56,playing,7
143.1407,-28.4164,0,0.26593,0,222.86,playing,7
143.157,-28.4164,0,0.26593,0,217.48,playing,7
143.1731,-28.4164,0,0.26593,0,212.7,playing,7
143.1892,-18.1129,0,0.21173,0,208.21,playing,7
143.2052,-18.1129,0,0.21173,0,203.99,playing,7
143.2218,-18.1129,0,0.1929,0,200.06,playing,7
143.2379,-8.1215,0,0.1929,0,196.4,playing,7
143.2546,-8.1215,0,0.21631,0,192.84,playing,7
143.2707,21.6852,0,0.21631,0,189.77,playing,7
143.286,21.6852,0,0.21631,0,186.98,playing,7
143.3026,21.6852,0,0.21533,0,184.47,playing,7
143.3187,22.3855,0,0.21533,0,182.24,playing,7
143.3354,22.3855,0,0.19873,0,180.19,playing,7
143.3516,22.3855,0,0.19873,0,178.55,playing,7
143.3672,15.7012,0,0.19873,0,177.18,playing,7
143.3835,15.7012,0,0.21461,0,176.1,playing,7
143.3996,15.7012,0,0.21461,0,175.3,playing,7
143.4162,15.7012,0,0.19586,0,174.78,playing,7
143.4329,15.7012,0,0.19586,0,174.54,playing,7
143.45,11.5219,0,0.21877,0,174.63,playing,7
143.4661,4.4911,0,0.21877,0,175.03,playing,7
143.4829,4.4911,0,0.21877,0,175.69,playing,7
143.4995,2.4541,0,0.18935,0,176.71,playing,7
143.5151,2.4541,0,0.20997,0,177.95,playing,7
143.5317,2.4541,0,0.20997,0,179.47,playing,7
143.5473,-0.4679,0,0.26191,1,181.27,playing,7
143.5634,-0.4679,0,0.26191,0,183.35,playing,7
143.5795,-0.4679,0,0.2741,0,185.72,playing,7
143.5961,-2.2979,0,0.28601,0,188.37,playing,7
143.6123,-2.2979,0,0.28601,0,191.5,playing,7
143.628,-2.2979,0,0.29947,0,194.73,playing,7
143.6453,-3.015,0,0.29947,0,198.24,playing,7
143.6618,-3.015,0,0.28365,0,202.29,playing,7
143.6789,-3.3477,0,0.28992,0,206.65,playing,7
143.6961,-3.3477,0,0.28992,0,211.34,playing,7
143.7127,-3.3477,0,0.28152,0,216.34,playing,7
143.7285,-4.2942,0,0.28152,0,221.33,playing,7
143.7453,-4.2942,0,0.27891,0,226.6,playing,7
143.7612,-4.2942,0,0.2871,0,232.51,playing,7
143.7776,-11.5881,0,0.2871,0,238.37,playing,7
143.7934,-11.5881,0,0.29022,0,244.5,playing,7
143.8103,-24.276,1,0.29022,0,250.91,playing,7
143.8276,-24.276,0,0.27283,0,244.25,playing,7
143.8438,-24.276,0,0.23053,0,238.61,playing,7
143.859,-26.0919,0,0.23053,0,233.25,playing,7
143.8761,-26.0919,0,0.19751,0,228.17,playing,7
143.8927,-26.0919,0,0.19751,0,223.09,playing,7
143.9087,-8.2835,0,0.22009,1,218.59,playing,7
143.9258,-8.2835,0,0.22009,0,214.13,playing,7
143.9434,-8.2835,0,0.21204,0,209.99,playing,7
143.9597,6.8616,0,0.21204,0,206.17,playing,7
143.976,6.8616,0,0.21319,0,202.85,playing,7
143.9926,18.0533,0,0.21319,0,199.64,playing,7
144.0086,18.0533,0,0.19042,0,196.9,playing,7
144.0249,18.0533,0,0.19042,0,194.45,playing,7
144.0419,15.5424,0,0.1504,0,192.15,playing,7
144.0588,15.5424,0,0.1504,0,190.18,playing,7
144.0747,15.5424,0,0.20302,0,188.6,playing,7
144.0919,11.147,0,0.20302,0,187.25,playing,7
144.1085,11.147,0,0.21975,0,186.21,playing,7
144.1242,9.7249,0,0.21975,0,185.51,playing,7
144.1414,9.7862,0,0.19961,0,185.1,playing,7
144.1571,9.7862,0,0.19961,0,184.98,playing,7
144.1735,9.7215,0,0.22818,1,185.14,playing,7
144.1897,9.7215,0,0.22818,0,185.59,playing,7
144.2057,9.7215,0,0.22818,0,186.32,playing,7
144.2221,5.2972,0,0.25084,0,187.33,playing,7
144.2392,5.2972,0,0.25084,0,188.72,playing,8
144.2556,5.2972,0,0.2755,0,190.43,playing,8
144.2722,2.7471,0,0.2755,0,192.32,playing,8
144.2889,2.7471,0,0.24989,0,194.65,playing,8
144.3059,1.0715,0,0.25372,0,197.3,playing,8
144.3225,1.0715,0,0.25372,0,200.26,playing,8
144.3382,1.0715,0,0.24643,0,203.33,playing,8
144.3552,-2.0891,0,0.24643,0,206.68,playing,8
144.3717,-2.0891,0,0.27308,0,210.56,playing,8
144.3878,-2.0891,0,0.27308,0,214.5,playing,8
144.4048,-4.5043,0,0.27344,0,218.99,playing,8
144.4221,-4.5043,0,0.27344,0,223.81,playing,8
144.4389,-4.5043,0,0.29916,0,228.94,playing,8
144.4558,-13.2093,0,0.29916,0,234.39,playing,8
144.4725,-13.2093,0,0.1933,0,240.16,playing,8
144.4885,-22.8076,1,0.1933,0,245.87,playing,8
144.5047,-22.8076,0,0.18633,0,239.91,playing,8
144.5207,-22.8076,0,0.18633,0,234.23,playing,8
144.5368,-18.1732,0,0.18633,0,228.84,playing,8
144.5529,-18.1732,0,0.18633,0,223.72,playing,8
144.57,-18.1732,0,0.18633,0,218.61,playing,8
144.5871,-8.3445,0,0.20629,0,213.81,playing,8
144.6031,-8.3445,0,0.20629,0,209.33,playing,8
144.6193,-1.4028,0,0.22818,1,205.4,playing,8
144.6352,-1.4028,0,0.22818,0,201.74,playing,8
144.6516,-1.4028,0,0.17491,0,198.37,playing,8
144.6679,14.3828,0,0.17491,0,195.28,playing,8
144.6851,14.3828,0,0.21477,0,192.32,playing,8
144.702,14.3828,0,0.21477,0,189.67,playing,8
144.7192,21.6165,0,0.19218,0,187.34,playing,8
144.7351,21.6165,0,0.19218,0,185.33,playing,8
144.7521,21.6165,0,0.18586,0,183.72,playing,8
144.7683,21.5875,0,0.18586,0,182.33,playing,8
144.7846,21.5875,0,0.16722,0,181.3,playing,8
144.8013,19.1131,0,0.20562,0,180.55,playing,8
144.8176,14.6355,0,0.20562,0,180.07,playing,8
144.8334,14.6355,0,0.20817,0,179.9,playing,8
144.8492,14.6355,0,0.20817,0,180.01,playing,8
144.8661,14.6355,0,0.21094,0,180.41,playing,8
144.8822,14.6355,0,0.21094,0,181.15,playing,8
144.8989,3.2967,0,0.21094,0,182.12,playing,8
144.9159,3.2967,0,0.21094,0,183.48,playing,8
144.9324,3.2967,0,0.23955,1,185.15,playing,8
144.9484,3.2967,0,0.23955,0,187.01,playing,8
144.9651,3.2967,0,0.23955,0,189.14,playing,8
144.9819,-1.0303,0,0.27002,0,191.73,playing,8
144.9991,-1.0303,0,0.27002,0,194.64,playing,8
145.0157,-1.0303,0,0.27935,0,197.87,playing,8
145.0314,-3.6916,0,0.27935,0,201.18,playing,8
145.0481,-3.6916,0,0.26556,0,204.78,playing,8
145.0645,-3.6916,0,0.26556,0,208.92,playing,8
145.0802,-4.1511,0,0.26953,0,213.1,playing,8
145.0966,-4.1511,0,0.26953,0,217.56,playing,8
145.113,-4.1511,0,0.26087,0,222.3,playing,8
145.1298,-4.1511,0,0.26087,0,227.66,playing,8
145.1467,-4.1511,0,0.26511,0,233.34,playing,8
145.1637,-4.8412,0,0.26511,0,239.33,playing,8
145.1795,-4.8412,0,0.26593,0,245.25,playing,8
145.1953,-4.8412,0,0.26593,0,251.45,playing,8
145.2115,-4.8412,0,0.26551,0,257.94,playing,8
145.2278,-4.8412,0,0.26551,0,264.7,playing,8
145.2449,-4.8412,0,0.26551,0,272.21,playing,8
145.2619,-5.0012,0,0.29064,0,280.04,playing,8
145.2802,-5.0012,0,0.29064,0,288.18,playing,8
145.2967,-5.0012,0,0.27194,0,297.16,playing,8
145.3128,-5.0012,0,0.27194,0,305.42,playing,8
145.3299,-5.0012,0,0.27278,0,314.52,playing,8
145.3469,-22.8096,1,0.27278,0,323.93,playing,8
145.3637,-22.8096,0,0.27278,0,317.62,playing,8
145.3793,-22.8096,0,0.18769,0,311.96,playing,8
145.3958,-22.8096,0,0.18769,0,306.58,playing,8
145.4123,-22.8096,0,0.19869,0,301.19,playing,8
145.4285,-22.8096,0,0.19869,0,296.39,playing,8
145.4444,-8.0877,0,0.20997,0,291.88,playing,8
145.4609,-8.0877,0,0.20997,0,287.64,playing,8
145.4782,-2.3291,0,0.23292,1,283.46,playing,8
145.4946,-2.3291,0,0.23292,0,279.6,playing,8
145.5107,-2.3291,0,0.23292,0,276.25,playing,8
145.5266,4.6243,0,0.21641,0,273.17,playing,8
145.5428,4.6243,0,0.21641,0,270.38,playing,8
145.5599,4.6243,0,0.212,0,267.74,playing,8
145.577,25.9069,0,0.212,0,265.41,playing,8
145.5937,25.9069,0,0.212,0,263.4,playing,8
145.6094,25.9069,0,0.22272,0,261.78,playing,8
145.626,26.1113,0,0.22272,0,260.46,playing,8
145.6432,26.1113,0,0.22272,0,259.36,playing,8
145.6599,16.398,0,0.22272,0,258.58,playing,8
145.6767,16.398,0,0.20876,0,258.12,playing,8
145.6935,16.398,0,0.20876,0,257.97,playing,8
145.7092,11.9082,0,0.20876,0,258.13,playing,8
145.7257,11.9082,0,0.209,0,258.56,playing,8
145.7417,11.9082,0,0.209,0,259.27,playing,8
145.7587,7.7453,0,0.209,0,260.27,playing,8
145.7755,7.7453,0,0.2108,0,261.74,playing,8
145.7912,3.7751,0,0.2108,0,263.33,playing,8
145.8073,3.7751,0,0.25425,1,265.21,playing,8
145.8239,3.7751,0,0.25425,0,267.36,playing,8
145.841,-0.2292,0,0.21083,0,269.97,playing,8
145.858,-0.2292,0,0.21083,0,272.9,playing,8
145.8752,-0.2292,0,0.26978,0,276.14,playing,8
145.8913,-3.5039,0,0.26978,0,279.7,playing,8
145.9076,-3.5039,0,0.26978,0,283.34,playing,8
145.9252,-5.1404,0,0.27282,0,287.51,playing,8
145.9413,-5.1404,0,0.27282,0,292.01,playing,8
145.9574,-5.1404,0,0.25443,0,296.52,playing,8
145.9735,-5.4812,0,0.25443,0,301.32,playing,8
145.9891,-5.4812,0,0.25443,0,306.4,playing,8
146.0052,-5.4812,0,0.28327,0,311.75,playing,8
146.0213,-9.7337,0,0.28327,0,317.39,playing,8
146.0375,-9.7337,0,0.26599,0,323.32,playing,8
146.0536,-9.7337,0,0.26599,0,329.52,playing,8
146.0702,-9.7337,0,0.26599,0,336.0,playing,8
146.0861,-9.7337,0,0.272,0,343.21,playing,9
146.1031,-9.7337,0,0.272,0,350.28,playing,9
146.1197,-23.337,1,0.25446,0,358.1,playing,9
146.1358,-23.337,0,0.25446,0,352.14,playing,9
146.1525,-17.4538,0,0.25446,0,346.13,playing,9
146.168,-17.4538,0,0.20767,0,340.75,playing,9
146.1842,-17.4538,0,0.20767,0,335.66,playing,9
146.2002,-17.4538,0,0.20767,0,330.84,playing,9
146.2168,-17.4538,0,0.2151,0,326.31,playing,9
146.2331,-17.4538,0,0.2151,0,322.06,playing,9
146.2493,20.7855,0,0.22332,1,317.86,playing,9
146.2655,20.7855,0,0.22332,0,314.19,playing,9
146.2811,20.7855,0,0.22332,0,310.8,playing,9
146.2979,25.1719,0,0.23169,0,307.69,playing,9
146.315,25.1719,0,0.23169,0,304.71,playing,9
146.3316,22.1141,0,0.1951,0,302.04,playing,9
146.3477,22.1141,0,0.1951,0,299.82,playing,9
146.3632,22.1141,0,0.1951,0,297.87,playing,9
146.3798,13.6539,0,0.1951,0,296.21,playing,9
146.3966,13.6539,0,0.21187,0,294.76,playing,9
146.413,13.6539,0,0.21187,0,293.67,playing,9
146.4296,9.9819,0,0.21187,0,292.84,playing,9
146.4462,9.9819,0,0.19813,0,292.34,playing,9
146.4628,9.9819,0,0.19813,0,292.12,playing,9
146.4799,3.0614,0,0.16647,0,292.23,playing,9
146.4968,3.0614,0,0.16647,0,292.65,playing,9
146.5139,0.7299,0,0.24265,1,293.38,playing,9
146.531,0.7299,0,0.24265,0,294.44,playing,9
146.5478,0.7299,0,0.29479,0,295.81,playing,9
146.565,-2.3623,0,0.29479,0,297.5,playing,9
146.5817,-2.3623,0,0.30296,0,299.51,playing,9
146.5975,-2.3623,0,0.30296,0,301.69,playing,9
146.6137,-3.3327,0,0.30296,0,304.14,playing,9
146.6294,-3.3327,0,0.31385,0,306.88,playing,9
146.6456,-7.6337,0,0.31385,0,309.89,playing,9
146.6617,-7.6337,0,0.31942,0,313.19,playing,9
146.6777,-7.6337,0,0.31942,0,316.77,playing,9
146.6938,-27.9446,1,0.33364,0,320.64,playing,9
146.7103,-27.9446,0,0.33364,0,314.32,playing,9
146.7264,-27.9446,0,0.33364,0,308.67,playing,9
146.7431,-21.5276,0,0.33364,0,303.29,playing,9
146.7597,-21.5276,0,0.33364,0,297.89,playing,9
146.7763,-21.5276,0,0.21049,0,293.1,playing,9
146.7923,14.0508,0,0.21049,0,288.32,playing,9
146.8084,14.0508,0,0.21049,0,284.1,playing,9
146.8248,14.0508,0,0.18733,0,280.17,playing,9
146.8414,14.0508,0,0.18733,0,276.3,playing,9
146.858,14.0508,0,0.23945,1,272.95,playing,9
146.8751,12.1146,0,0.23945,0,269.7,playing,9
146.8918,12.1146,0,0.21207,0,266.78,playing,9
146.9073,12.1146,0,0.21207,0,264.3,playing,9
146.924,9.2968,0,0.25512,0,262.11,playing,9
146.9405,9.2968,0,0.25512,0,260.1,playing,9
146.9562,9.2968,0,0.25512,0,258.49,playing,9
146.9729,5.7249,0,0.28748,0,257.16,playing,9
146.9895,5.7249,0,0.28748,0,256.06,playing,9
147.0061,1.2075,0,0.31419,0,255.32,playing,9
147.0233,1.2075,0,0.31419,0,254.84,playing,9
147.0396,1.2075,0,0.31419,0,254.68,playing,9
147.0558,-9.4793,0,0.31419,0,254.81,playing,9
147.0719,-9.4793,0,0.31419,0,255.22,playing,9
147.0886,-9.4793,0,0.3291,0,255.98,playing,9
147.1052,-27.2416,0,0.3291,0,256.97,playing,9
147.1219,-27.2416,0,0.31425,0,258.35,playing,9
147.139,-27.2416,0,0.31425,0,260.04,playing,9
147.1559,-19.6459,0,0.34331,0,262.05,playing,9
147.1725,-19.6459,0,0.34331,0,264.37,playing,9
147.1884,-19.6459,0,,0,266.85,playing,9
147.2043,-19.6459,0,,0,269.6,playing,9
147.2213,-19.6459,0,,0,272.64,playing,9
147.2373,21.9021,1,0.27826,0,276.18,playing,9
147.2536,21.9021,0,0.27826,0,270.22,playing,9
147.271,21.9021,0,,0,264.21,playing,9
147.2872,20.6609,0,,0,258.51,playing,9
147.3037,20.6609,0,0.27377,0,253.43,playing,9
147.321,12.7732,0,0.27377,0,248.36,playing,9
147.3371,12.7732,0,0.22405,0,243.6,playing,9
147.3532,12.7732,0,0.22405,0,239.4,playing,9
147.3693,9.2665,0,0.23573,0,235.48,playing,9
147.3855,9.2665,0,0.23573,0,231.85,playing,9
147.4015,9.2665,0,0.23573,0,228.49,playing,9
147.4171,6.2033,0,0.23582,0,225.42,playing,9
147.434,6.2033,0,0.23582,0,222.63,playing,9
147.4503,6.2033,0,0.27239,0,219.98,playing,9
147.4668,1.8093,0,0.27239,0,217.77,playing,9
147.4822,1.8093,0,0.27239,0,215.84,playing,9
147.4985,1.8093,0,0.27751,0,214.2,playing,9
147.5148,-0.146,0,0.27751,0,212.83,playing,9
147.5325,-0.146,0,,0,211.7,playing,9
147.5482,-2.8305,0,,0,210.89,playing,9
147.565,-2.8305,0,0.28853,0,210.4,playing,9
147.582,-2.8305,0,0.28853,0,210.2,playing,9
147.5988,-3.7471,0,0.29147,0,210.33,playing,9
147.6148,-3.7471,0,0.29147,0,210.72,playing,9
147.6316,-3.7471,0,0.30883,0,211.46,playing,9
147.6474,-3.7471,0,0.30883,0,212.43,playing,9
147.6633,-3.7471,0,0.30883,0,213.69,playing,9
147.6799,-3.7471,0,0.31982,0,215.23,playing,9
147.6961,-4.8462,0,0.31982,0,217.18,playing,9
147.7133,-4.8462,0,0.31538,0,219.3,playing,9
147.73,-4.8462,0,0.31538,0,221.88,playing,9
147.7468,-4.8462,0,0.31769,0,224.76,playing,9
147.7639,-4.8462,0,0.31769,0,227.97,playing,9
147.7803,-29.7079,1,0.28846,0,231.49,playing,9
147.7966,-29.7079,0,0.28846,0,225.54,playing,9
147.8125,-29.7079,0,0.28846,0,219.86,playing,9
147.8291,-20.273,0,0.20094,0,214.46,playing,9
147.8458,-20.273,0,0.20094,0,209.05,playing,9
147.8615,-7.4225,0,0.19988,0,204.23,playing,9
147.8776,-7.4225,0,0.19988,0,199.7,playing,9
147.8935,-7.4225,0,0.22041,1,195.45,playing,9
147.9096,24.0227,0,0.22041,0,191.48,playing,9
147.9258,24.0227,0,0.22041,0,187.79,playing,10
147.9422,24.0227,0,0.24645,0,184.19,playing,10
147.9583,23.2722,0,0.24645,0,181.09,playing,10
147.9745,23.2722,0,0.20202,0,178.26,playing,10
147.9906,23.2722,0,0.20202,0,175.72,playing,10
148.0067,23.2722,0,0.20202,0,173.45,playing,10
148.0223,23.2722,0,0.21024,0,171.47,playing,10
148.0384,23.2722,0,0.21024,0,169.77,playing,10
148.0546,19.6501,0,0.22639,0,168.36,playing,10
148.0705,19.6501,0,0.22639,0,167.22,playing,10
148.0876,11.0338,0,0.22639,0,166.37,playing,10
148.1036,11.0338,0,0.21682,0,165.78,playing,10
148.1199,11.0338,0,0.21682,0,165.5,playing,10
148.137,2.0769,0,0.25397,0,165.53,playing,10
148.154,2.0769,0,0.25397,0,165.87,playing,10
148.1708,2.0769,0,0.28146,0,166.54,playing,10
148.1879,-0.4366,0,0.28146,0,167.52,playing,10
148.2046,-0.4366,0,0.29153,0,168.82,playing,10
148.221,-2.6181,0,0.29153,0,170.32,playing,10
148.2381,-2.6181,0,0.29153,0,172.24,playing,10
148.2548,-2.6181,0,0.28597,0,174.47,playing,10
148.2719,-2.9669,0,0.28597,0,177.02,playing,10
148.2887,-2.9669,0,0.28812,0,179.89,playing,10
148.3044,-2.9669,0,0.28812,0,182.87,playing,10
148.3201,-3.896,0,0.31059,0,186.14,playing,10
148.3364,-3.896,0,0.31059,0,189.68,playing,10
148.3521,-3.896,0,0.31059,0,193.51,playing,10
148.3685,-3.8741,0,0.2921,0,197.62,playing,10
148.3842,-3.8741,0,0.2921,0,202.01,playing,10
148.4006,-3.7094,0,0.32606,0,206.68,playing,10
148.4162,-3.7094,0,0.32606,0,211.64,playing,10
148.4324,-3.7094,0,0.32606,0,216.87,playing,10
148.448,-2.9214,0,0.32606,0,222.39,playing,10
148.4646,-2.9214,0,0.28717,0,228.19,playing,10
148.4802,-2.9214,0,0.28717,0,234.27,playing,10
148.4972,-3.1484,0,0.29144,0,240.63,playing,10
148.5133,-3.1484,0,0.29144,0,247.7,playing,10
148.5294,-3.1484,0,0.29144,0,254.65,playing,10
148.5455,-3.5118,0,0.31141,0,261.87,playing,10
148.5616,-3.5118,0,0.31141,0,269.38,playing,10
148.5771,-3.5118,0,0.29202,0,277.16,playing,10
148.5939,-2.4009,0,0.29202,0,285.23,playing,10
148.61,-2.4009,0,0.29202,0,294.12,playing,10
148.6267,-1.3196,0,0.32721,0,302.77,playing,10
148.6428,-1.3196,0,0.32721,0,311.7,playing,10
148.6589,-1.3196,0,0.34436,0,320.92,playing,10
148.6754,-19.8422,0,0.34436,0,331.02,playing,10
148.6914,-19.8422,0,0.34436,0,340.82,playing,10
148.7076,-19.8422,0,0.32127,0,350.89,playing,10
148.7238,-19.8422,0,0.32127,0,361.25,playing,10
148.7394,-19.8422,0,0.32169,0,371.89,playing,10
148.7556,-19.8422,0,0.32169,0,382.81,playing,10
148.7712,-11.0006,1,0.32893,0,394.01,playing,10
148.7878,-11.0006,0,0.32893,0,388.05,playing,10
148.8049,-11.0006,0,0.32893,0,382.04,playing,10
148.8216,-11.0006,0,0.25849,0,376.34,playing,10
148.8381,-11.0006,0,0.25849,0,371.26,playing,10
148.8542,18.0253,0,0.20185,0,366.19,playing,10
148.8709,18.0253,0,0.20185,0,361.69,playing,10
148.8881,18.0253,0,0.20185,0,357.23,playing,10
148.9044,18.0253,0,0.21512,0,353.08,playing,10
148.9207,18.0253,0,0.21512,0,349.47,playing,10
148.9362,18.0253,0,0.19463,0,346.13,playing,10
148.9527,18.0253,0,0.19463,0,343.08,playing,10
148.9683,18.0253,0,0.19463,0,340.3,playing,10
148.9848,21.8231,0,0.21064,0,337.81,playing,10
149.0016,21.8231,0,0.21064,0,335.48,playing,10
149.0176,21.8231,0,0.28358,1,333.57,playing,10
149.0334,8.9422,0,0.28358,0,331.94,playing,10
149.0497,5.7355,0,0.29152,0,330.6,playing,10
149.0655,5.7355,0,0.29152,0,329.53,playing,10
149.0815,3.6307,0,0.29152,0,328.75,playing,10
149.098,3.6307,0,0.29188,0,328.24,playing,10
149.1148,3.6307,0,0.29188,0,328.03,playing,10
149.132,-0.0978,0,0.26843,0,328.13,playing,10
149.1488,-0.0978,0,0.26843,0,328.55,playing,10
149.1656,-1.5449,0,0.2816,0,329.29,playing,10
149.1814,-1.5449,0,0.2816,0,330.26,playing,10
149.1981,-1.5449,0,0.2816,0,331.52,playing,10
149.2142,-3.6237,0,0.27276,0,333.18,playing,10
149.23,-3.6237,0,0.27276,0,335.01,playing,10
149.2467,-3.6237,0,0.29238,0,337.13,playing,10
149.2626,-9.095,0,0.29238,0,339.54,playing,10
149.278,-9.095,0,0.31166,0,342.22,playing,10
149.2943,-9.095,0,0.31166,0,345.18,playing,10
149.3109,-26.8992,1,0.31166,0,348.43,playing,10
149.3277,-26.8992,0,0.31134,0,342.12,playing,10
149.3431,-26.8992,0,0.31134,0,336.46,playing,10
149.3597,-22.899,0,0.28443,0,331.08,playing,10
149.3752,-22.899,0,0.28443,0,325.99,playing,10
149.3914,-11.1132,0,,0,321.17,playing,10
149.408,-11.1132,0,,0,316.64,playing,10
149.4247,-11.1132,0,,0,312.14,playing,10
149.441,-11.1132,0,,0,308.19,playing,10
149.4581,-11.1132,0,,0,304.31,playing,10
149.475,-11.1132,0,0.20012,0,300.74,playing,10
149.4921,20.4999,0,0.20012,0,297.5,playing,10
149.509,20.4999,0,,0,294.57,playing,10
149.5256,18.1383,0,,0,291.96,playing,10
149.5418,18.1383,0,,0,289.79,playing,10
149.5588,18.1383,0,,0,287.79,playing,10
149.5759,11.8159,0,0.19056,0,286.12,playing,10
149.5925,11.8159,0,0.17573,0,284.76,playing,10
149.6101,11.8159,0,0.17573,0,283.72,playing,10
149.6269,8.2958,0,0.24573,1,283.0,playing,10
149.6435,8.2958,0,0.23972,0,282.6,playing,10
149.6595,5.0283,0,0.23972,0,282.5,playing,10
149.6761,5.0283,0,0.24996,0,282.69,playing,10
149.6922,5.0283,0,0.24996,0,283.2,playing,10
149.7083,2.4637,0,0.29632,0,283.97,playing,10
149.7242,2.4637,0,0.29632,0,285.01,playing,10
149.7403,2.4637,0,0.29326,0,286.34,playing,10
149.7564,-1.0541,0,0.27686,0,287.95,playing,10
149.772,-1.0541,0,0.27686,0,289.84,playing,11
149.7894,-1.0541,0,0.27617,0,292.01,playing,11
149.8059,-1.0541,0,0.25034,0,294.64,playing,11
149.8225,-1.0541,0,0.25034,0,297.58,playing,11
149.8383,-1.0541,0,0.25034,0,300.64,playing,11
149.8542,-3.0345,0,0.26511,0,303.97,playing,11
149.8711,-3.0345,0,0.26511,0,307.59,playing,11
149.8874,-3.326,0,0.26132,0,311.75,playing,11
149.9032,-3.326,0,0.26132,0,315.94,playing,11
149.9195,-3.326,0,0.28358,0,320.42,playing,11
149.9353,-3.3714,0,0.28358,0,325.18,playing,11
149.9517,-3.3714,0,0.27576,0,330.22,playing,11
149.9682,-3.3714,0,0.27576,0,335.55,playing,11
149.9856,-3.2035,0,0.28003,0,341.89,playing,11
150.0019,-3.2035,0,0.30653,0,347.81,playing,11
150.0192,-7.6496,0,0.30653,0,354.42,playing,11
150.0357,-7.6496,0,0.3053,0,361.35,playing,11
150.0514,-7.6496,0,0.3053,0,368.15,playing,11
150.0681,-26.0756,1,0.23125,0,375.24,playing,11
150.0842,-26.0756,0,0.23125,0,368.92,playing,11
150.1009,-26.0756,0,0.21928,0,363.27,playing,11
150.1173,-26.9942,0,0.21928,0,357.57,playing,11
150.1336,-26.9942,0,0.21395,0,352.49,playing,11
150.1498,-26.9942,0,0.21395,0,347.69,playing,11
150.1651,-5.1147,0,0.21395,0,343.18,playing,11
150.182,-5.1147,0,0.20541,0,338.95,playing,11
150.1983,-5.1147,0,0.20541,0,334.77,playing,11
150.2147,13.164,0,0.24269,1,331.11,playing,11
150.2308,13.164,0,0.24269,0,327.74,playing,11
150.2475,18.8401,0,0.19995,0,324.48,playing,11
150.2635,18.8401,0,0.19995,0,321.69,playing,11
150.2794,18.8401,0,0.21177,0,319.18,playing,11
150.2962,12.5544,0,0.21177,0,316.95,playing,11
150.3131,12.5544,0,0.22798,0,314.9,playing,11
150.3302,12.5544,0,0.22798,0,313.17,playing,11
150.3466,6.6513,0,0.22405,0,311.76,playing,11
150.3628,6.6513,0,0.22405,0,310.71,playing,11
150.3796,4.2599,0,0.27387,0,309.92,playing,11
150.3954,4.2599,0,0.27387,0,309.45,playing,11
150.4116,4.2599,0,0.27042,0,309.26,playing,11
150.428,0.9633,0,0.27042,0,309.36,playing,11
150.4451,0.9633,0,0.29619,0,309.78,playing,11
150.462,0.9633,0,0.29619,0,310.52,playing,11
150.4783,-0.8222,0,0.26964,0,311.57,playing,11
150.4952,-0.8222,0,0.26964,0,312.85,playing,11
150.5116,-0.8222,0,0.27624,0,314.52,playing,11
150.5272,-1.8181,0,0.27624,0,316.38,playing,11
150.5439,-1.8181,0,0.27624,0,318.51,playing,11
150.5604,-3.0862,0,0.27624,0,321.1,playing,11
150.5765,-3.0862,0,0.27624,0,323.82,playing,11
150.5926,-3.0862,0,0.29981,0,326.82,playing,11
150.6085,-3.1895,0,0.28819,0,330.1,playing,11
150.6242,-3.1895,0,0.28819,0,333.67,playing,11
150.6411,-3.1895,0,0.31054,0,337.51,playing,11
150.6579,-10.255,0,0.31054,0,341.91,playing,11
150.675,-10.255,0,0.30127,0,346.64,playing,11
150.692,-10.255,0,0.30127,0,351.67,playing,11
150.7083,-27.6327,1,0.23004,0,357.03,playing,11
150.7246,-27.6327,0,0.23004,0,351.07,playing,11
150.7406,-19.3618,0,0.23394,0,345.4,playing,11
150.7568,-19.3618,0,0.23394,0,340.0,playing,11
150.7737,-19.3618,0,0.21562,0,334.59,playing,11
150.79,-1.12,0,0.21562,0,329.77,playing,11
150.8068,-1.12,0,0.2102,0,324.97,playing,11
150.8227,-1.12,0,0.2102,0,320.74,playing,11
150.8389,20.5979,0,0.23876,1,316.79,playing,11
150.856,20.5979,0,0.23876,0,312.91,playing,11
150.8725,20.5979,0,0.23876,0,309.34,playing,11
150.8884,18.3985,0,0.23513,0,306.27,playing,11
150.9044,18.3985,0,0.23513,0,303.48,playing,11
150.92,15.0717,0,0.25489,0,300.97,playing,11
150.9362,15.0717,0,0.25489,0,298.75,playing,11
150.9528,15.0717,0,0.25489,0,296.8,playing,11
150.9694,7.561,0,0.25489,0,295.05,playing,11
150.986,7.561,0,0.25489,0,293.69,playing,11
151.0031,7.561,0,0.28399,0,292.55,playing,11
151.0197,2.9087,0,0.26511,0,291.74,playing,11
151.0357,2.9087,0,0.26511,0,291.25,playing,11
151.0524,2.9087,0,0.31874,0,291.06,playing,11
151.0684,0.886,0,0.31874,0,291.15,playing,11
151.0845,0.886,0,0.27241,0,291.53,playing,11
151.1006,-1.5476,0,0.27241,0,292.19,playing,11
151.1167,-1.5476,0,0.27737,0,293.13,playing,11
151.1329,-1.5476,0,0.27737,0,294.35,playing,11
151.1495,-2.4078,0,0.29946,0,295.97,playing,11
151.1656,-2.4078,0,0.29946,0,297.77,playing,11
151.1815,-2.4078,0,0.27624,0,299.86,playing,11
151.1976,-2.4435,0,0.27624,0,302.22,playing,11
151.2142,-2.4435,0,0.32601,0,304.87,playing,11
151.2313,-2.4435,0,0.32601,0,308.0,playing,11
151.2471,-2.9027,0,0.32601,0,311.45,playing,11
151.2638,-2.9027,0,0.31711,0,314.98,playing,11
151.2805,-3.155,0,0.29625,0,319.05,playing,11
151.2968,-2.8187,0,0.29625,0,323.16,playing,11
151.3137,-2.8187,0,0.29825,0,327.84,playing,11
151.3294,-14.3404,0,0.29825,0,332.53,playing,11
151.3451,-14.3404,0,0.29825,0,337.5,playing,11
151.3618,-14.3404,0,0.29825,0,342.75,playing,11
151.3784,-26.3982,1,0.29825,0,348.65,playing,11
151.3942,-26.3982,0,0.26935,0,342.69,playing,11
151.4105,-26.3982,0,0.21851,0,337.02,playing,11
151.4272,-24.6666,0,0.21851,0,331.62,playing,11
151.4433,-24.6666,0,0.19106,0,326.21,playing,11
151.4593,-15.6996,0,0.19106,0,321.39,playing,11
151.4758,-1.2308,0,0.18431,0,316.86,playing,11
151.4913,-1.2308,0,0.18431,0,312.61,playing,11
151.5074,14.5509,0,0.21747,0,308.64,playing,11
151.5236,14.5509,0,0.21747,0,304.95,playing,11
151.5396,14.5509,0,0.21747,0,301.55,playing,11
151.5563,19.1457,0,0.24195,1,298.42,playing,11
151.5727,19.1457,0,0.24195,0,295.42,playing,11
151.5883,19.1457,0,0.24195,0,292.87,playing,11
151.6044,16.5793,0,0.24195,0,290.61,playing,11
151.6215,16.5793,0,0.24195,0,288.63,playing,12
151.6376,16.5793,0,0.20017,0,286.84,playing,12
151.6542,13.2588,0,0.20017,0,285.44,playing,12
151.6708,13.2588,0,0.25749,0,284.27,playing,12
151.6863,9.2057,0,0.25749,0,283.46,playing,12
151.7024,9.2057,0,0.24264,0,282.92,playing,12
151.7185,9.2057,0,0.24264,0,282.66,playing,12
151.7346,2.8605,0,0.24972,0,282.69,playing,12
151.7507,2.8605,0,0.24972,0,282.99,playing,12
151.7663,2.8605,0,0.24972,0,283.58,playing,12
151.7829,0.3714,0,0.26108,0,284.45,playing,12
151.7994,0.3714,0,0.26108,0,285.7,playing,12
151.8154,0.3714,0,0.28438,0,287.15,playing,12
151.8315,-1.2356,0,0.28438,0,288.88,playing,12
151.8475,-1.2356,0,0.28438,0,290.9,playing,12
151.8635,-1.2356,0,0.30089,0,293.19,playing,12
151.8796,-2.9866,0,0.30089,0,295.77,playing,12
151.8951,-2.9866,0,0.30451,0,298.63,playing,12
151.9117,-5.5727,0,0.30451,0,301.77,playing,12
151.9278,-5.5727,0,0.30451,0,305.19,playing,12
151.9439,-5.5727,0,0.27658,0,308.9,playing,12
151.9604,-21.0893,1,0.27658,0,313.15,playing,12
151.9765,-21.0893,0,0.28104,0,307.19,playing,12
151.9927,-21.0893,0,0.28104,0,301.51,playing,12
152.0099,-24.1451,0,0.28104,0,296.12,playing,12
152.0265,-24.1451,0,0.28104,0,290.4,playing,12
152.0431,-24.1451,0,0.28104,0,285.61,playing,12
152.0592,-15.9541,0,0.28396,0,280.83,playing,12
152.0754,-15.9541,0,0.28396,0,276.61,playing,12
152.0916,-15.9541,0,0.22296,0,272.68,playing,12
152.1082,-15.9541,0,0.22296,0,269.03,playing,12
152.1252,-15.9541,0,0.23426,0,265.46,playing,12
152.1414,19.6332,0,0.23426,0,262.22,playing,12
152.158,19.6332,0,0.23426,0,259.44,playing,12
152.1751,19.6332,0,0.1965,0,256.82,playing,12
152.1918,19.8327,0,0.1965,0,254.51,playing,12
152.2078,19.8327,0,0.18623,0,252.61,playing,12
152.2249,17.321,0,0.18623,0,250.92,playing,12
152.241,13.8687,0,0.18243,0,249.55,playing,12
152.2571,13.8687,0,0.18243,0,248.53,playing,12
152.2742,10.4892,0,0.18243,0,247.8,playing,12
152.2908,10.4892,0,0.22738,1,247.34,playing,12
152.3064,10.4892,0,0.22738,0,247.19,playing,12
152.3225,4.2307,0,0.24572,0,247.32,playing,12
152.3387,4.2307,0,0.24572,0,247.74,playing,12
152.3559,4.2307,0,0.2615,0,248.49,playing,12
152.373,1.9565,0,0.2615,0,249.57,playing,12
152.3896,1.9565,0,0.2615,0,250.96,playing,12
152.4053,0.5993,0,0.2397,0,252.55,playing,12
152.4218,0.5993,0,0.2397,0,254.42,playing,12
152.4388,0.5993,0,0.2397,0,256.73,playing,12
152.4557,-1.8137,0,0.29743,0,259.36,playing,12
152.4718,-1.8137,0,0.29743,0,262.11,playing,12
152.4873,-1.8137,0,0.29743,0,265.15,playing,12
152.5034,-2.8976,0,0.32629,0,268.47,playing,12
152.5199,-2.8976,0,0.32629,0,272.06,playing,12
152.5365,-2.8976,0,0.28275,0,276.2,playing,12
152.5525,-3.2839,0,0.28275,0,280.38,playing,12
152.5686,-3.2839,0,0.29479,0,284.84,playing,12
152.5851,-13.0618,0,0.29479,0,289.59,playing,12
152.6022,-13.0618,0,0.2807,0,294.94,playing,12
152.6187,-13.0618,0,0.2807,0,300.62,playing,12
152.6344,-26.0965,1,0.29058,0,306.24,playing,12
152.6505,-26.0965,0,0.29058,0,300.28,playing,12
152.6665,-26.0965,0,0.26653,0,294.61,playing,12
152.6831,-26.6992,0,0.26653,0,289.21,playing,12
152.6999,-26.6992,0,0.26653,0,283.8,playing,12
152.7171,-26.6992,0,0.2263,0,278.7,playing,12
152.7336,-18.8811,0,0.2263,0,273.92,playing,12
152.7501,-18.8811,0,0.23024,0,269.7,playing,12
152.767,-6.5231,0,0.21152,0,265.54,playing,12
152.7831,-6.5231,0,0.21152,0,261.7,playing,12
152.7997,-6.5231,0,0.22258,1,258.36,playing,12
152.8163,20.6554,0,0.22258,0,255.31,playing,12
152.8326,20.6554,0,0.17391,0,252.38,playing,12
152.8487,20.6554,0,0.18844,0,249.91,playing,12
152.8648,18.6293,0,0.18844,0,247.72,playing,12
152.8802,18.6293,0,0.15671,0,245.81,playing,12
152.8962,18.6293,0,0.19305,0,244.18,playing,12
152.9126,15.049,0,0.19305,0,242.83,playing,12
152.9287,15.049,0,0.2072,0,241.76,playing,12
152.9448,11.9528,0,0.2072,0,240.98,playing,12
152.9605,7.9958,0,0.23829,0,240.48,playing,12
152.9761,7.9958,0,0.23829,0,240.26,playing,12
152.9927,2.1978,0,0.23829,0,240.32,playing,12
153.0082,2.1978,0,0.25776,0,240.66,playing,12
153.0253,2.1978,0,0.25776,0,241.28,playing,12
153.0419,0.0042,0,0.24599,0,242.26,playing,12
153.0584,0.0042,0,0.26541,0,243.56,playing,12
153.076,0.0042,0,0.26541,0,245.18,playing,12
153.0926,0.0042,0,0.26575,0,247.11,playing,12
153.1086,0.0042,0,0.26575,0,249.22,playing,12
153.1249,-2.4248,0,0.28428,0,251.6,playing,12
153.1422,-3.3994,0,0.28428,0,254.45,playing,12
153.1591,-3.3994,0,0.2588,0,257.62,playing,12
153.1761,-3.3994,0,0.2588,0,261.11,playing,12
153.1928,-3.3994,0,0.28032,0,264.91,playing,12
153.2088,-3.3994,0,0.28032,0,268.77,playing,12
153.2241,-4.9108,0,0.28516,0,272.92,playing,12
153.2409,-4.9108,0,0.28516,0,277.34,playing,12
153.2574,-4.9108,0,0.25125,0,282.36,playing,12
153.2735,-20.0268,1,0.25125,0,287.37,playing,12
153.2892,-20.0268,0,0.25046,0,281.41,playing,12
153.3058,-23.8515,0,0.25046,0,275.74,playing,12
153.323,-23.8515,0,0.14343,0,270.02,playing,12
153.34,-23.8515,0,0.14343,0,264.63,playing,12
153.357,-23.8515,0,0.14343,0,259.55,playing,12
153.3734,-23.8515,0,0.1923,0,254.79,playing,12
153.3895,-23.8515,0,0.1923,0,250.59,playing,12
153.4056,-3.7791,0,0.19417,0,246.67,playing,12
153.422,-3.7791,0,0.19417,0,243.04,playing,12
153.438,-3.7791,0,0.15319,0,239.49,playing,12
153.4542,18.6422,0,0.15319,0,236.44,playing,12
153.4703,18.6422,0,0.17532,0,233.67,playing,13
153.4868,18.6422,0,0.17532,0,231.17,playing,13
153.5032,18.6422,0,0.16376,0,228.85,playing,13
153.5202,18.6422,0,0.18981,0,226.94,playing,13
153.5362,15.8834,0,0.18981,0,225.22,playing,13
153.5533,15.8834,0,0.18981,0,223.89,playing,13
153.5713,15.8834,0,0.21571,0,222.75,playing,13
153.5877,9.1027,0,0.21571,0,222.0,playing,13
153.6034,9.1027,0,0.22183,1,221.56,playing,13
153.6194,9.1027,0,0.22183,0,221.41,playing,13
153.6355,6.2207,0,0.28388,0,221.55,playing,13
153.6515,6.2207,0,0.28388,0,221.96,playing,13
153.6671,6.2207,0,0.28388,0,222.65,playing,13
153.6837,6.2207,0,0.26675,0,223.63,playing,13
153.6998,2.4386,0,0.26675,0,224.89,playing,13
153.7169,0.5985,0,0.26935,0,226.54,playing,13
153.7345,0.5985,0,0.26935,0,228.51,playing,13
153.7506,0.5985,0,0.27674,0,230.8,playing,13
153.7666,-1.2606,0,0.27674,0,233.24,playing,13
153.7827,-1.2606,0,0.27674,0,235.96,playing,13
153.7983,-1.2606,0,0.23884,0,238.96,playing,13
153.8148,-3.3001,0,0.23884,0,242.24,playing,13
153.8314,-3.3001,0,0.26603,0,246.04,playing,13
153.8475,-3.5896,0,0.26603,0,249.91,playing,13
153.8636,-3.5896,0,0.29925,0,254.05,playing,13
153.8791,-3.5896,0,0.29925,0,258.48,playing,13
153.8962,-27.3602,1,0.29925,0,263.18,playing,13
153.9127,-27.3602,0,0.25818,0,256.87,playing,13
153.9293,-27.3602,0,0.25818,0,251.21,playing,13
153.9458,-23.7056,0,0.28456,0,245.52,playing,13
153.9624,-23.7056,0,0.28456,0,240.14,playing,13
153.979,-23.7056,0,0.28456,0,235.36,playing,13
153.9962,-10.6619,0,0.20306,0,230.6,playing,13
154.0123,-10.6619,0,0.20306,0,226.16,playing,13
154.0284,16.354,0,0.18874,0,222.26,playing,13
154.0451,16.354,0,0.18874,0,218.64,playing,13
154.0616,16.354,0,0.18874,0,215.12,playing,13
154.0772,16.4437,0,0.19943,0,212.08,playing,13
154.0932,16.4437,0,0.19943,0,209.32,playing,13
154.1093,16.4437,0,0.19943,0,206.85,playing,13
154.1254,10.4901,0,0.21468,0,204.66,playing,13
154.1415,10.4901,0,0.21468,0,202.75,playing,13
154.1575,10.4901,0,0.21468,0,201.12,playing,13
154.1734,7.4715,0,0.19445,0,199.77,playing,13
154.1898,7.4715,0,0.19445,0,198.71,playing,13
154.2064,2.3064,0,0.19445,0,197.89,playing,13
154.2225,2.3064,0,0.19253,0,197.41,playing,13
154.2386,2.3064,0,0.19253,0,197.2,playing,13
154.2547,0.9273,0,0.25921,1,197.28,playing,13
154.2719,0.9273,0,0.25921,0,197.68,playing,13
154.2885,0.9273,0,0.23126,0,198.4,playing,13
154.3042,-0.0049,0,0.23126,0,199.36,playing,13
154.3209,-0.0049,0,0.23126,0,200.6,playing,13
154.3379,-0.0049,0,0.22421,0,202.24,playing,13
154.3545,-2.1176,0,0.22421,0,204.19,playing,13
154.3706,-2.1176,0,0.24655,0,206.31,playing,13
154.3867,-3.353,0,0.24655,0,208.71,playing,13
154.4024,-3.353,0,0.24655,0,211.39,playing,13
154.4189,-3.353,0,0.28713,0,214.36,playing,13
154.436,-13.3446,0,0.28713,0,217.83,playing,13
154.4531,-13.3446,0,0.26911,0,221.61,playing,13
154.4702,-13.3446,0,0.26911,0,225.72,playing,13
154.4872,-25.015,1,0.26911,0,230.14,playing,13
154.5033,-25.015,0,0.26176,0,223.83,playing,13
154.5194,-16.071,0,0.26176,0,218.17,playing,13
154.536,-16.071,0,0.24289,0,212.79,playing,13
154.5526,-16.071,0,0.24289,0,207.39,playing,13
154.5692,2.3737,0,0.20856,0,202.6,playing,13
154.5858,2.3737,0,0.20856,0,197.82,playing,13
154.6025,2.3737,0,0.18542,0,193.36,playing,13
154.6184,2.3737,0,0.18542,0,189.44,playing,13
154.6345,2.3737,0,0.18542,0,185.81,playing,13
154.6501,2.3737,0,0.20258,0,182.45,playing,13
154.6661,12.9451,0,0.20258,0,179.38,playing,13
154.6832,12.9451,0,0.19052,0,176.59,playing,13
154.6997,20.7871,0,0.19052,0,173.94,playing,13
154.7158,20.7871,0,0.18773,0,171.73,playing,13
154.7325,20.7871,0,0.18773,0,169.7,playing,13
154.748,13.3288,0,0.18773,0,168.07,playing,13
154.7646,13.3288,0,0.16766,0,166.73,playing,13
154.7807,13.3288,0,0.16766,0,165.66,playing,13
154.7967,6.0513,0,0.20244,0,164.88,playing,13
154.8128,6.0513,0,0.20244,0,164.37,playing,13
154.8289,6.0513,0,0.23968,1,164.15,playing,13
154.8459,6.0513,0,0.23968,0,164.24,playing,13
154.863,6.0513,0,0.23968,0,164.64,playing,13
154.8795,6.0513,0,0.23077,0,165.36,playing,13
154.8955,6.0513,0,0.23077,0,166.32,playing,13
154.9111,6.0513,0,0.29289,0,167.56,dead,13
154.9281,-1.9363,0,0.29289,0,169.08,dead,13
154.9452,-1.9363,0,0.24284,0,171.01,dead,13
154.9613,-1.9363,0,0.24284,0,173.26,dead,13
154.9779,-2.6102,0,0.24284,0,175.67,dead,13
154.9944,-2.6102,0,0.24989,0,178.54,dead,13
155.01,-2.6102,0,0.24989,0,181.52,dead,13
155.0261,-3.5163,0,0.27693,0,184.78,dead,13
155.0426,-3.5163,0,0.27693,0,188.33,dead,13
155.0592,-3.5163,0,0.27693,0,192.16,dead,13
155.0762,-3.5163,0,0.25846,0,196.54,dead,13
155.0928,-3.5163,0,0.25846,0,201.24,dead,13
155.1089,-4.2057,0,0.23818,0,205.95,dead,13
155.126,-4.2057,0,0.23818,0,211.27,dead,13
155.1425,-4.2057,0,0.28826,0,216.91,dead,13
155.1591,-3.7395,0,0.28826,0,222.49,dead,13
155.1756,-3.7395,0,0.25438,0,228.75,dead,13
155.1917,-3.7395,0,0.25438,0,234.91,dead,13
155.2077,-3.5088,0,0.25438,0,241.36,dead,13
155.2233,-3.5088,0,0.26511,0,248.1,dead,13
155.2399,-3.6296,0,0.26511,0,255.11,dead,13
155.2573,-21.4041,1,0.28474,0,262.88,dead,13
155.2742,-21.4041,0,0.28474,0,285.0,playing,0
155.2892,-21.4041,0,0.28474,0,279.04,playing,0
155.3058,-21.4041,0,0.24284,0,273.36,playing,0
155.3213,-21.4041,0,0.24284,0,267.97,playing,0
155.3378,-25.7405,0,0.26224,0,262.86,playing,0
155.3544,-25.7405,0,0.26224,0,257.74,playing,0
155.371,-25.7405,0,0.17767,0,253.21,playing,0
155.388,9.3228,0,0.17767,0,248.71,playing,0
155.4046,9.3228,0,0.17767,0,244.53,playing,0
155.4211,18.0255,0,0.19054,0,240.88,playing,0
155.4376,18.0255,0,0.19054,0,237.31,playing,0
155.4537,18.0255,0,0.18745,0,234.24,playing,0
155.4698,15.8525,0,0.18745,0,231.45,playing,0
155.4853,15.8525,0,0.15668,0,228.94,playing,0
155.5019,15.8525,0,0.15668,0,226.72,playing,0
155.5189,15.8525,0,0.15668,0,224.67,playing,0
155.537,15.8525,0,0.17729,0,222.94,playing,0
155.5532,15.8525,0,0.17729,0,221.46,playing,0
155.5692,6.3986,0,0.17885,0,220.43,playing,0
155.5857,6.3986,0,0.17885,0,219.68,playing,0
155.6018,3.9543,0,0.16704,0,219.21,playing,0
155.6173,3.9543,0,0.16704,0,219.03,playing,0
155.6345,3.9543,0,0.16704,0,219.12,playing,0
155.65,3.9543,0,0.18555,0,219.54,playing,0
155.6663,3.9543,0,0.18509,0,220.22,playing,0
155.6821,3.9543,0,0.18509,0,221.18,playing,0
155.6986,-0.5461,0,0.23478,1,222.42,playing,0
155.7153,-0.5461,0,0.23169,0,223.94,playing,0
155.7316,-0.5461,0,0.23169,0,225.88,playing,0
155.7485,-0.5461,0,0.25037,0,227.98,playing,0
155.7641,-0.5461,0,0.25037,0,230.53,playing,0
155.7804,-1.3513,0,0.25039,0,233.21,playing,0
155.7964,-1.3513,0,0.23202,0,236.18,playing,0
155.8125,-1.3513,0,0.23202,0,239.42,playing,0
155.8285,-1.3513,0,0.23945,0,242.95,playing,0
155.8445,-1.3513,0,0.23945,0,246.76,playing,0
155.8605,-1.3513,0,0.23975,0,250.85,playing,0
155.876,-1.3513,0,0.24617,0,255.23,playing,0
155.8921,-1.3513,0,0.24617,0,259.88,playing,0
155.9087,-1.3513,0,0.27326,0,264.82,playing,0
155.9247,-2.3747,0,0.27326,0,270.03,playing,0
155.9413,-2.3747,0,0.25034,0,275.89,playing,0
155.9573,-2.3747,0,0.25397,0,281.69,playing,0
155.9738,-27.3091,1,0.25397,0,287.77,playing,0
155.9914,-27.3091,0,0.23036,0,281.46,playing,0
156.0074,-14.5658,0,0.1755,0,275.47,playing,0
156.0234,-14.5658,0,0.1755,0,270.11,playing,0
156.0394,-14.5658,0,0.1904,0,265.03,playing,0
156.0555,5.0381,0,0.1904,0,260.23,playing,0
156.0716,5.0381,0,0.17868,0,255.72,playing,0
156.0877,5.0381,0,0.17868,0,251.48,playing,0
156.1036,15.6556,0,0.15844,0,247.53,playing,0
156.1197,15.6556,0,0.15844,0,243.86,playing,0
156.1353,15.6556,0,0.17638,0,240.47,playing,0
156.1521,14.9187,0,0.17638,0,237.36,playing,0
156.1681,14.9187,0,0.17638,0,234.38,playing,0
156.1848,14.9187,0,0.20891,0,231.85,playing,0
156.2004,14.9187,0,0.20891,0,229.61,playing,0
156.2165,14.9187,0,0.19752,0,227.65,playing,0
156.2325,6.8138,0,0.19752,0,225.97,playing,0
156.2482,6.8138,0,0.21493,0,224.57,playing,0
156.2651,6.8138,0,0.21493,0,223.45,playing,0
156.281,4.3831,0,0.21304,0,222.58,playing,0
156.2978,4.3831,0,0.21304,0,222.04,playing,0
156.3135,4.3831,0,0.21222,0,221.78,playing,0
156.3296,4.3831,0,0.21222,0,221.81,playing,0
156.3452,4.3831,0,0.23483,1,222.12,playing,0
156.3613,4.3831,0,0.23483,0,222.7,playing,0
156.3772,2.5801,0,0.23813,0,223.57,playing,0
156.3942,2.5801,0,0.23813,0,224.73,playing,0
156.4105,-0.2563,0,0.25374,0,226.27,playing,0
156.4263,-0.9288,0,0.25374,0,228.0,playing,0
156.4425,-0.9288,0,0.26551,0,230.02,playing,0
156.4586,-2.487,0,0.26551,0,232.31,playing,0
156.4742,-2.487,0,0.2461,0,234.89,playing,0
156.4903,-2.487,0,0.2461,0,237.75,playing,0
156.5066,-3.3757,0,0.2461,0,240.89,playing,0
156.5224,-3.3757,0,0.24593,0,244.31,playing,0
156.5382,-3.3757,0,0.24593,0,248.02,playing,0
156.5549,-3.3757,0,0.24593,0,252.0,playing,0
156.5719,-3.3757,0,0.24593,0,256.55,playing,0
156.5889,-3.3757,0,0.20019,0,261.42,playing,0
156.6052,-19.688,1,0.20019,0,266.61,playing,0
156.6212,-19.688,0,0.16471,0,260.65,playing,0
156.6374,-13.8349,0,0.16471,0,254.98,playing,0
156.6531,-13.8349,0,0.16471,0,249.58,playing,0
156.6694,-13.8349,0,0.17816,0,244.47,playing,0
156.6861,2.9742,0,0.17816,0,239.64,playing,0
156.7024,2.9742,0,0.17167,0,234.82,playing,0
156.7187,2.9742,0,0.17167,0,230.57,playing,0
156.7348,13.9489,0,0.20257,0,226.6,playing,0
156.7515,13.9489,0,0.20257,0,222.7,playing,0
156.7674,13.9489,0,0.20257,0,219.31,playing,0
156.7843,18.0567,0,0.18052,0,216.2,playing,0
156.8013,18.0567,0,0.18052,0,213.22,playing,0
156.8175,15.5093,0,0.16668,0,210.56,playing,0
156.8333,15.5093,0,0.16668,0,208.33,playing,0
156.8494,15.5093,0,0.16668,0,206.38,playing,0
156.8652,12.4892,0,0.17851,0,204.72,playing,0
156.8818,12.4892,0,0.17851,0,203.34,playing,0
156.8974,12.4892,0,0.20738,0,202.24,playing,0
156.9133,5.8064,0,0.20738,0,201.42,playing,0
156.9298,5.8064,0,0.20738,0,200.88,playing,0
156.9455,5.8064,0,0.20738,0,200.62,playing,0
156.9614,2.6045,0,0.20738,0,200.65,playing,0
156.9773,2.6045,0,0.1902,0,200.96,playing,0
156.994,2.6045,0,0.1902,0,201.54,playing,0
157.0107,-0.6515,0,0.22301,1,202.49,playing,0
157.0263,-0.6515,0,0.22301,0,203.66,playing,0
157.0429,-2.1988,0,0.25813,0,205.11,playing,0
157.0602,-2.1988,0,0.25813,0,206.97,playing,0
157.0768,-2.1988,0,0.25813,0,209.15,playing,0
157.094,-3.5474,0,0.2539,0,211.64,playing,0
157.1111,-3.5474,0,0.2539,0,214.45,playing,0
157.1277,-3.5474,0,0.26886,0,217.59,playing,0
157.1441,-15.7402,0,0.26886,0,220.82,playing,0
157.1602,-15.7402,0,0.26977,0,224.56,playing,0
157.1764,-27.364,1,0.26977,0,228.37,playing,0
157.1926,-27.364,0,0.26977,0,222.41,playing,0
157.2091,-27.364,0,0.21139,0,216.74,playing,0
157.2252,-14.7018,0,0.21139,0,211.02,playing,0
157.2416,-14.7018,0,0.17464,0,205.93,playing,0
157.2579,-14.7018,0,0.17464,0,201.11,playing,0
157.275,-14.7018,0,0.19833,0,196.32,playing,0
157.2916,-14.7018,0,0.19833,0,191.84,playing,0
157.3076,-14.7018,0,0.20665,0,187.9,playing,0
157.324,16.5595,0,0.20665,0,184.25,playing,0
157.3404,16.5595,0,0.20665,0,180.69,playing,0
157.3569,17.0282,0,0.15734,0,177.61,playing,0
157.3735,17.0282,0,0.15734,0,174.67,playing,0
157.3901,17.0282,0,0.16951,0,172.18,playing,0
157.4073,15.0066,0,0.16951,0,169.85,playing,0
157.4232,15.0066,0,0.16951,0,167.84,playing,0
157.44,15.0066,0,0.16013,0,166.23,playing,0
157.4568,9.2512,0,0.16013,0,164.83,playing,0
157.4727,9.2512,0,0.22045,1,163.8,playing,0
157.4898,5.4659,0,0.22045,0,163.02,playing,0
157.5055,5.4659,0,0.22692,0,162.58,playing,0
157.5216,5.4659,0,0.22692,0,162.41,playing,0
157.5378,2.7899,0,0.22692,0,162.52,playing,0
157.5546,2.7899,0,0.21848,0,162.96,playing,0
157.5701,2.7899,0,0.21848,0,163.65,playing,0
157.5868,-0.4842,0,0.2497,0,164.63,playing,0
157.6037,-0.4842,0,0.2497,0,165.98,playing,0
157.6206,-0.4842,0,0.2497,0,167.66,playing,0
157.6369,-1.8817,0,0.2497,0,169.51,playing,0
157.653,-1.8817,0,0.27273,0,171.8,playing,0
157.6694,-2.8411,0,0.27273,0,174.24,playing,0
157.6852,-2.8411,0,0.25393,0,176.96,playing,0
157.7012,-2.8411,0,0.25393,0,179.96,playing,0
157.7172,-3.0634,0,0.26459,0,183.24,playing,1
157.7339,-3.0634,0,0.28643,0,186.8,playing,1
157.7511,-3.0634,0,0.28643,0,190.91,playing,1
157.7677,-3.259,0,0.26545,0,195.33,playing,1
157.7839,-3.259,0,0.26545,0,199.77,playing,1
157.8004,-3.259,0,0.2726,0,204.81,playing,1
157.8163,-16.7837,0,0.2937,0,209.83,playing,1
157.8323,-16.7837,0,0.2937,0,215.14,playing,1
157.8491,-25.9863,1,0.20599,0,220.73,playing,1
157.8655,-25.9863,0,0.20599,0,214.42,playing,1
157.8813,-25.9863,0,0.17204,0,208.76,playing,1
157.8976,-10.7083,0,0.17204,0,203.38,playing,1
157.9142,-10.7083,0,0.17204,0,198.28,playing,1
157.9311,-10.7083,0,0.17518,0,193.19,playing,1
157.9472,-1.6788,0,0.17518,0,188.41,playing,1
157.9633,-1.6788,0,0.18163,0,184.19,playing,1
157.9796,-1.6788,0,0.18163,0,180.26,playing,1
157.996,14.7728,0,0.19785,0,176.6,playing,1
158.0122,14.7728,0,0.19785,0,173.04,playing,1
158.029,14.7728,0,0.18713,0,169.97,playing,1
158.0458,14.7728,0,0.18713,0,167.02,playing,1
158.0629,14.7728,0,0.21397,0,164.39,playing,1
158.0797,19.1568,0,0.21397,0,162.08,playing,1
158.0959,19.1568,0,0.19819,0,160.19,playing,1
158.1128,19.1568,0,0.19819,0,158.5,playing,1
158.1298,11.5271,0,0.18262,0,157.12,playing,1
158.1456,11.5271,0,0.18262,0,156.11,playing,1
158.1612,11.5271,0,0.18262,0,155.38,playing,1
158.1771,8.8512,0,0.18262,1,154.93,playing,1
158.1933,8.8512,0,0.23865,0,154.76,playing,1
158.2103,3.4073,0,0.26928,0,154.88,playing,1
158.2272,3.4073,0,0.26928,0,155.31,playing,1
158.2441,3.4073,0,0.23509,0,156.07,playing,1
158.2604,1.4797,0,0.23509,0,157.14,playing,1
158.277,1.4797,0,0.23509,0,158.44,playing,1
158.2939,1.4797,0,0.29473,0,160.13,playing,1
158.3108,1.4797,0,0.29473,0,162.14,playing,1
158.3264,1.4797,0,0.27096,0,164.31,playing,1
158.3425,1.4797,0,0.27096,0,166.77,playing,1
158.3585,-3.1772,0,0.23524,0,169.5,playing,1
158.3747,-3.1772,0,0.23524,0,172.52,playing,1
158.3905,-3.7612,0,0.28066,0,175.82,playing,1
158.4063,-3.7612,0,0.28066,0,179.4,playing,1
158.4223,-3.7612,0,0.25775,0,183.26,playing,1
158.4394,-4.1161,0,0.25775,0,187.41,playing,1
158.4555,-4.1161,0,0.24593,0,192.13,playing,1
158.4716,-4.1161,0,0.24593,0,196.85,playing,1
158.4871,-3.8908,0,0.29085,0,201.86,playing,1
158.5044,-3.8908,0,0.29085,0,207.15,playing,1
158.5202,-3.8908,0,0.2958,0,213.08,playing,1
158.5372,-3.8378,0,0.2958,0,218.95,playing,1
158.5536,-3.8378,0,0.2958,0,225.5,playing,1
158.5697,-3.3127,0,0.2958,0,231.95,playing,1
158.5856,-3.3127,0,0.27285,0,238.69,playing,1
158.6013,-3.3127,0,0.27285,0,245.7,playing,1
158.6173,-19.356,0,0.27285,0,252.99,playing,1
158.6338,-19.356,0,0.26214,0,260.57,playing,1
158.6494,-19.356,0,0.26214,0,268.43,playing,1
158.666,-15.7256,1,0.21483,0,276.57,playing,1
158.6831,-15.7256,0,0.21483,0,270.25,playing,1
158.6994,-15.7256,0,0.19884,0,264.26,playing,1
158.7156,2.1497,0,0.19884,0,258.9,playing,1
158.7319,2.1497,0,0.22533,1,253.82,playing,1
158.7487,2.1497,0,0.22533,0,248.74,playing,1
158.7646,2.1497,0,0.15634,0,244.24,playing,1
158.7803,2.1497,0,0.15634,0,240.03,playing,1
158.7967,13.0581,0,0.20299,0,236.09,playing,1
158.8129,13.0581,0,0.20299,0,232.44,playing,1
158.8296,13.0581,0,0.13676,0,228.88,playing,1
158.8458,12.576,0,0.13676,0,225.81,playing,1
158.863,12.576,0,0.22666,0,222.86,playing,1
158.881,12.576,0,0.23573,0,220.23,playing,1
158.8975,9.1628,0,0.23573,0,217.81,playing,1
158.9135,9.1628,0,0.26178,0,215.93,playing,1
158.9292,6.1849,0,0.26178,0,214.34,playing,1
158.9476,6.1849,0,0.26178,0,213.02,playing,1
158.9634,6.1849,0,0.28062,0,211.91,playing,1
158.9795,4.6504,0,0.28062,0,211.19,playing,1
158.9955,4.6504,0,0.28062,0,210.76,playing,1
159.0128,4.6504,0,0.25462,0,210.62,playing,1
159.0299,2.163,0,0.26807,0,210.8,playing,1
159.0468,2.163,0,0.26807,0,211.29,playing,1
159.0626,2.163,0,0.2803,0,212.04,playing,1
159.0785,2.163,0,0.2803,0,213.07,playing,1
159.0947,2.163,0,0.29799,0,214.38,playing,1
159.1108,-0.4334,0,0.29799,0,215.97,playing,1
159.1269,-1.2197,0,0.28707,0,217.84,playing,1
159.1438,-1.2197,0,0.28707,0,220.15,playing,1
159.1608,-2.006,0,0.3041,0,222.78,playing,1
159.177,-2.006,0,0.3041,0,225.53,playing,1
159.194,-2.006,0,0.29894,0,228.77,playing,1
159.2112,-2.4439,0,0.29894,0,232.34,playing,1
159.228,-2.4439,0,0.29588,0,236.22,playing,1
159.2447,-2.9122,0,0.29588,0,240.41,playing,1
159.2602,-3.2934,0,0.29153,0,244.64,playing,1
159.2769,-3.2934,0,0.29153,0,249.16,playing,1
159.2934,-3.056,0,0.29925,0,254.27,playing,1
159.3099,-3.056,0,0.29925,0,259.37,playing,1
159.3266,-3.056,0,0.29925,0,265.1,playing,1
159.3432,-25.6092,1,0.27455,0,270.77,playing,1
159.3594,-25.6092,0,0.31149,0,264.46,playing,1
159.3753,-25.6092,0,0.31149,0,258.8,playing,1
159.3913,-25.8153,0,0.31149,0,253.42,playing,1
159.4071,-25.8153,0,0.20446,0,248.33,playing,1
159.4232,-25.8153,0,0.20446,0,243.51,playing,1
159.4395,-18.9051,0,0.18798,0,238.98,playing,1
159.4558,-18.9051,0,0.20249,0,234.73,playing,1
159.4718,19.2931,0,0.20249,0,230.76,playing,1
159.4893,19.2931,0,0.15619,0,226.86,playing,1
159.5058,19.2931,0,0.15619,0,223.28,playing,1
159.5226,20.3265,0,0.19922,0,220.01,playing,1
159.5386,20.3265,0,0.19922,0,217.22,playing,1
159.5548,20.3265,0,0.20666,0,214.71,playing,1
159.5714,17.4618,0,0.20666,0,212.37,playing,2
159.5875,17.4618,0,0.2316,1,210.44,playing,2
159.6035,17.4618,0,0.2316,0,208.79,playing,2
159.6199,13.9673,0,0.2316,0,207.43,playing,2
159.6369,13.9673,0,0.24648,0,206.3,playing,2
159.654,4.4537,0,0.24648,0,205.48,playing,2
159.6704,4.4537,0,0.23165,0,204.98,playing,2
159.6861,4.4537,0,0.23165,0,204.8,playing,2
159.703,2.4874,0,0.23165,0,204.89,playing,2
159.7198,2.4874,0,0.2573,0,205.31,playing,2
159.737,2.4874,0,0.2573,0,206.05,playing,2
159.7538,0.5848,0,0.26504,0,207.11,playing,2
159.7706,0.5848,0,0.26504,0,208.48,playing,2
159.7863,-1.5798,0,0.30368,0,210.06,playing,2
159.8025,-1.5798,0,0.30368,0,211.91,playing,2
159.8189,-1.5798,0,0.30368,0,214.05,playing,2
159.8359,-2.0943,0,0.2725,0,216.64,playing,2
159.8522,-2.0943,0,0.2725,0,219.55,playing,2
159.8693,-2.0943,0,0.24664,0,222.56,playing,2
159.8863,-2.2974,0,0.24664,0,226.09,playing,2
159.902,-2.2974,0,0.26087,0,229.93,playing,2
159.9185,-2.2974,0,0.26087,0,233.83,playing,2
159.9346,-2.6586,0,0.26087,0,238.01,playing,2
159.9512,-2.6586,0,0.27613,0,242.47,playing,2
159.9674,-3.0536,0,0.27613,0,247.52,playing,2
159.9831,-3.0536,0,0.26087,0,252.57,playing,2
159.9994,-3.0536,0,0.26087,0,257.89,playing,2
160.015,-26.4356,1,0.26087,0,263.49,playing,2
160.0321,-26.4356,0,0.27026,0,257.54,playing,2
160.0485,-26.4356,0,0.27026,0,251.52,playing,2
160.0647,-25.3105,0,0.26546,0,246.15,playing,2
160.0809,-25.3105,0,0.26546,0,241.05,playing,2
160.098,-25.3105,0,0.24989,0,235.95,playing,2
160.1141,-14.8653,0,0.24989,0,231.17,playing,2
160.1308,-14.8653,0,0.24989,0,226.96,playing,2
160.1471,15.9613,0,0.2771,0,223.02,playing,2
160.164,15.9613,0,0.2771,0,219.16,playing,2
160.181,15.9613,0,0.23307,0,215.62,playing,2
160.1981,16.4325,0,0.23307,0,212.39,playing,2
160.2141,16.4325,0,0.20914,0,209.48,playing,2
160.2309,16.4325,0,0.20914,0,207.03,playing,2
160.2486,14.2518,0,0.20914,0,204.73,playing,2
160.2657,14.2518,0,0.21663,0,202.66,playing,2
160.2828,11.5814,0,0.21663,0,201.03,playing,2
160.2994,11.5814,0,0.19065,0,199.71,playing,2
160.316,11.5814,0,0.19065,0,198.75,playing,2
160.3328,8.9839,0,0.19885,0,198.05,playing,2
160.3495,8.9839,0,0.19885,0,197.66,playing,2
160.3668,8.9839,0,0.19885,0,197.58,playing,2
160.3836,2.7952,0,0.21886,0,197.85,playing,2
160.3997,2.7952,0,0.21886,0,198.37,playing,2
160.4153,1.0082,0,0.22375,1,199.17,playing,2
160.4319,1.0082,0,0.22375,0,200.25,playing,2
160.4485,1.0082,0,0.28024,0,201.71,playing,2
160.4641,-1.0713,0,0.28024,0,203.38,playing,2
160.4804,-1.0713,0,0.29147,0,205.32,playing,2
160.4971,-1.0713,0,0.29147,0,207.55,playing,2
160.5142,-1.6534,0,0.29147,0,210.23,playing,2
160.5308,-1.6534,0,0.28743,0,213.23,playing,2
160.5475,-1.6534,0,0.28743,0,216.55,playing,2
160.5639,-2.8262,0,0.27759,0,219.95,playing,2
160.5805,-2.8262,0,0.27759,0,223.89,playing,2
160.5965,-2.8407,0,0.28443,0,227.87,playing,2
160.6126,-2.8407,0,0.28443,0,232.14,playing,2
160.6282,-2.8407,0,0.28443,0,236.69,playing,2
160.6448,-2.4338,0,0.26949,0,241.52,playing,2
160.662,-2.4338,0,0.26949,0,246.97,playing,2
160.6788,-2.4338,0,0.28384,0,252.74,playing,2
160.696,-3.3736,0,0.28384,0,258.83,playing,2
160.7123,-3.3736,0,0.28384,0,265.23,playing,2
160.7284,-3.3736,0,0.28535,0,271.54,playing,2
160.7446,-22.1909,1,0.28535,0,278.13,playing,2
160.761,-22.1909,0,0.28535,0,272.17,playing,2
160.7772,-24.1493,0,0.31236,0,266.16,playing,2
160.7937,-24.1493,0,0.31236,0,260.78,playing,2
160.8096,-24.1493,0,0.30644,0,255.68,playing,2
160.8259,-13.7471,0,0.30644,0,250.87,playing,2
160.843,-13.7471,0,0.30644,0,246.07,playing,2
160.8594,-13.7471,0,0.24234,0,241.59,playing,2
160.8757,9.7486,0,0.24234,0,237.66,playing,2
160.8918,9.7486,0,0.20649,0,234.0,playing,2
160.9089,9.7486,0,0.20649,0,230.44,playing,2
160.9255,21.6844,0,0.20649,0,227.2,playing,2
160.9417,21.6844,0,0.22592,1,224.42,playing,2
160.9577,18.4439,0,0.22592,0,221.93,playing,2
160.9733,18.4439,0,0.17587,0,219.72,playing,2
160.9899,18.4439,0,0.17587,0,217.79,playing,2
161.007,10.7501,0,0.17587,0,216.06,playing,2
161.0232,10.7501,0,0.25446,0,214.65,playing,2
161.04,10.7501,0,0.25446,0,213.6,playing,2
161.0566,7.3495,0,0.26596,0,212.81,playing,2
161.0726,7.3495,0,0.26596,0,212.34,playing,2
161.0887,4.6957,0,0.26975,0,212.15,playing,2
161.1052,4.6957,0,0.26975,0,212.28,playing,2
161.1219,4.6957,0,0.26975,0,212.67,playing,2
161.1386,0.7797,0,0.29109,0,213.41,playing,2
161.1545,0.7797,0,0.29109,0,214.38,playing,2
161.1706,0.7797,0,0.32896,0,215.64,playing,2
161.1869,-0.6718,0,0.32896,0,217.18,playing,2
161.2037,-0.6718,0,0.27693,0,219.13,playing,2
161.2196,-0.6718,0,0.27693,0,221.25,playing,2
161.2356,-2.9711,0,0.27693,0,223.66,playing,2
161.2517,-2.9711,0,0.26178,0,226.34,playing,2
161.2678,-2.9711,0,0.26178,0,229.3,playing,2
161.2833,-3.1607,0,0.30407,0,232.55,playing,2
161.2991,-3.1607,0,0.30407,0,236.08,playing,2
161.3161,-3.5038,0,0.29888,0,239.89,playing,2
161.3323,-3.8242,0,0.29888,0,244.25,playing,2
161.3489,-3.8242,0,0.29888,0,248.64,playing,2
161.3652,-3.7353,0,0.27663,0,253.63,playing,2
161.3818,-3.7353,0,0.27663,0,258.6,playing,2
161.3983,-3.7353,0,0.27663,0,263.85,playing,2
161.4149,-21.1457,1,0.27558,0,269.75,playing,3
161.4319,-21.1457,0,0.27558,0,263.44,playing,3
161.4485,-21.1457,0,0.29925,0,257.44,playing,3
161.4647,-24.817,0,0.29925,0,252.08,playing,3
161.4809,-24.817,0,0.31182,0,247.01,playing,3
161.4979,-12.615,0,0.31182,0,241.93,playing,3
161.515,-12.615,0,0.25746,0,237.17,playing,3
161.5321,-12.615,0,0.25746,0,232.73,playing,3
161.5483,20.4579,0,0.20964,0,228.6,playing,3
161.5644,20.4579,0,0.20964,0,225.0,playing,3
161.581,20.4579,0,0.20964,1,221.68,playing,3
161.5981,19.273,0,0.23172,0,218.47,playing,3
161.6148,19.273,0,0.23172,0,215.58,playing,3
161.6304,16.3636,0,0.23368,0,213.15,playing,3
161.6466,16.3636,0,0.23368,0,210.99,playing,3
161.6627,16.3636,0,0.19307,0,209.11,playing,3
161.6789,9.2855,0,0.19307,0,207.52,playing,3
161.696,9.2855,0,0.21803,0,206.15,playing,3
161.7121,9.2855,0,0.21803,0,205.09,playing,3
161.7281,6.5421,0,0.21803,0,204.37,playing,3
161.7447,6.5421,0,0.20641,0,203.94,playing,3
161.7609,6.5421,0,0.20641,0,203.79,playing,3
161.7779,1.738,0,0.27735,0,203.95,playing,3
161.795,1.738,0,0.27735,0,204.43,playing,3
161.8114,-0.0185,0,0.27735,0,205.22,playing,3
161.8276,-0.0185,0,0.25822,0,206.25,playing,3
161.8442,-0.0185,0,0.25822,0,207.56,playing,3
161.8609,-0.0185,0,0.25822,0,209.27,playing,3
161.8781,-0.0185,0,0.28805,0,211.3,playing,3
161.8952,-0.0185,0,0.28805,0,213.64,playing,3
161.9112,-0.0185,0,0.30976,0,216.31,playing,3
161.9274,-0.0185,0,0.30976,0,219.1,playing,3
161.9431,-0.0185,0,0.30976,0,222.17,playing,3
161.9591,-3.2055,0,0.2935,0,225.52,playing,3
161.9758,-3.2055,0,0.2935,0,229.15,playing,3
161.9929,-26.9665,1,0.26984,0,233.33,playing,3
162.0094,-26.9665,0,0.26984,0,227.02,playing,3
162.0253,-26.9665,0,0.28443,0,221.36,playing,3
162.0419,-24.9365,0,0.28443,0,215.98,playing,3
162.0582,-24.9365,0,0.28443,0,210.59,playing,3
162.0748,-24.9365,0,0.25805,0,205.79,playing,3
162.092,-16.1141,0,0.25805,0,201.01,playing,3
162.1091,-16.1141,0,0.23762,0,196.55,playing,3
162.1253,-16.1141,0,0.23762,0,192.41,playing,3
162.1415,14.4332,0,0.20078,0,188.79,playing,3
162.1572,14.4332,0,0.20078,0,185.45,playing,3
162.1732,18.0156,0,0.20078,0,182.4,playing,3
162.1902,18.0156,0,0.19845,0,179.63,playing,3
162.2064,18.0156,0,0.19845,0,177.0,playing,3
162.2228,16.3537,0,0.19845,0,174.81,playing,3
162.2401,16.3537,0,0.19845,0,172.79,playing,3
162.2568,16.3537,0,0.19902,0,171.1,playing,3
162.2737,10.8636,0,0.19902,0,169.73,playing,3
162.2898,10.8636,0,0.17754,0,168.71,playing,3
162.3069,10.8636,0,0.17754,0,167.96,playing,3
162.3242,10.8636,0,0.17754,0,167.52,playing,3
162.341,10.8636,0,0.22731,1,167.39,playing,3
162.3571,3.1659,0,0.22731,0,167.59,playing,3
162.3737,3.1659,0,0.22418,0,168.05,playing,3
162.39,3.1659,0,0.22418,0,168.8,playing,3
162.4069,1.2657,0,0.25445,0,169.91,playing,3
162.4234,1.2657,0,0.25445,0,171.34,playing,3
162.4401,-0.2343,0,0.25445,0,172.97,playing,3
162.4572,-1.6899,0,0.27117,0,175.02,playing,3
162.4733,-1.6899,0,0.27117,0,177.38,playing,3
162.4899,-2.6538,0,0.24994,0,179.89,playing,3
162.507,-2.6538,0,0.24994,0,182.87,playing,3
162.5235,-2.6538,0,0.24994,0,186.17,playing,3
162.54,-3.2577,0,0.24994,0,189.56,playing,3
162.5565,-3.2577,0,0.24994,0,193.47,playing,3
162.5722,-3.2577,0,0.28852,0,197.44,playing,3
162.5888,-6.2132,0,0.28852,0,201.69,playing,3
162.6059,-6.2132,0,0.26122,0,206.52,playing,3
162.6231,-16.0084,0,0.26122,0,211.68,playing,3
162.6403,-16.0084,0,0.26122,0,217.14,playing,3
162.6574,-16.0084,0,0.32413,0,223.29,playing,3
162.6736,-22.0549,1,0.32413,0,229.04,playing,3
162.6898,-22.0549,0,0.27742,0,223.08,playing,3
162.7065,-22.0549,0,0.27742,0,217.07,playing,3
162.7222,-13.7744,0,0.21202,0,211.69,playing,3
162.7382,-13.7744,0,0.21202,0,206.59,playing,3
162.7543,-7.0363,0,0.17263,0,201.78,playing,3
162.7707,-7.0363,0,0.17263,0,197.25,playing,3
162.7872,-7.0363,0,0.17263,0,192.99,playing,3
162.8036,-7.0363,0,0.16529,0,188.79,playing,3
162.8196,-7.0363,0,0.16529,0,185.12,playing,3
162.8359,-7.0363,0,0.20337,0,181.74,playing,3
162.8526,1.2061,0,0.20337,0,178.45,playing,3
162.8687,1.2061,0,0.15981,0,175.64,playing,3
162.8845,1.2061,0,0.15981,0,173.12,playing,3
162.9004,18.8588,0,0.15981,0,170.87,playing,3
162.9168,18.8588,0,0.15981,0,168.91,playing,3
162.9334,18.8588,0,0.15981,0,167.14,playing,3
162.9493,21.7889,0,0.14888,0,165.76,playing,3
162.9654,21.7889,0,0.14888,0,164.66,playing,3
162.9819,19.6999,0,0.17553,0,163.84,playing,3
162.9985,19.6999,0,0.17553,0,163.29,playing,3
163.0145,19.6999,0,0.17553,0,163.05,playing,3
163.0306,11.8076,0,0.23895,1,163.09,playing,3
163.0465,11.8076,0,0.23895,0,163.42,playing,3
163.0627,11.8076,0,0.19014,0,164.02,playing,3
163.0788,7.7923,0,0.19014,0,164.91,playing,3
163.0954,7.7923,0,0.22658,0,166.17,playing,3
163.1116,7.7923,0,0.22658,0,167.64,playing,3
163.1278,1.7397,0,0.22658,0,169.39,playing,3
163.1434,1.7397,0,0.23652,0,171.42,playing,3
163.1595,0.029,0,0.23652,0,173.74,playing,3
163.1757,0.029,0,0.27783,0,176.33,playing,3
163.1918,0.029,0,0.27783,0,179.21,playing,3
163.208,-2.6334,0,0.27783,0,182.37,playing,3
163.2246,-2.6334,0,0.26627,0,186.04,playing,3
163.2402,-2.6334,0,0.26627,0,189.78,playing,3
163.2573,-3.6693,0,0.26962,0,193.8,playing,3
163.2739,-3.6693,0,0.26962,0,198.39,playing,4
163.2912,-3.6693,0,0.29876,0,203.3,playing,4
163.3078,-4.6179,0,0.29876,0,208.53,playing,4
163.325,-4.6179,0,0.28781,0,214.07,playing,4
163.3421,-14.8351,0,0.28781,0,219.93,playing,4
163.3589,-14.8351,0,0.28455,0,226.11,playing,4
163.3751,-14.8351,0,0.28455,0,232.61,playing,4
163.3913,-27.8282,1,0.25749,0,239.0,playing,4
163.4078,-27.8282,0,0.25749,0,233.05,playing,4
163.424,-27.8282,0,0.25749,0,227.37,playing,4
163.4403,-18.2397,0,0.21748,0,221.66,playing,4
163.4568,-18.2397,0,0.21748,0,216.56,playing,4
163.473,-18.2397,0,0.20661,0,211.75,playing,4
163.4896,-11.3892,0,0.20661,0,206.95,playing,4
163.5057,-11.3892,0,0.23933,1,202.71,playing,4
163.5218,-7.3499,0,0.23933,0,198.76,playing,4
163.5374,-7.3499,0,0.23933,0,195.09,playing,4
163.5532,-7.3499,0,0.19381,0,191.7,playing,4
163.5693,-7.3499,0,0.19381,0,188.6,playing,4
163.5855,-7.3499,0,0.19381,0,185.77,playing,4
163.6018,-7.3499,0,0.19381,0,183.23,playing,4
163.6186,24.3185,0,0.19381,0,180.84,playing,4
163.6357,24.3185,0,0.1859,0,178.77,playing,4
163.6513,24.3185,0,0.1859,0,177.11,playing,4
163.6674,17.974,0,0.22648,0,175.73,playing,4
163.683,17.974,0,0.22648,0,174.63,playing,4
163.6995,13.2066,0,0.17198,0,173.81,playing,4
163.7153,13.2066,0,0.17198,0,173.27,playing,4
163.7322,13.2066,0,0.15596,0,173.01,playing,4
163.749,9.5024,0,0.15596,0,173.06,playing,4
163.7655,9.5024,0,0.19162,0,173.42,playing,4
163.7813,9.5024,0,0.23404,1,174.05,playing,4
163.7979,3.2394,0,0.23404,0,174.95,playing,4
163.8146,3.2394,0,0.2381,0,176.23,playing,4
163.8308,3.2394,0,0.2381,0,177.72,playing,4
163.8472,0.5798,0,0.24278,0,179.49,playing,4
163.8641,0.5798,0,0.2726,0,181.68,playing,4
163.881,0.5798,0,0.2726,0,184.2,playing,4
163.8979,0.5798,0,0.24995,0,187.03,playing,4
163.9147,0.5798,0,0.24995,0,190.18,playing,4
163.9312,-1.0776,0,0.24995,0,193.43,playing,4
163.9479,-1.0776,0,0.24638,0,197.19,playing,4
163.965,-1.0776,0,0.24638,0,201.28,playing,4
163.9817,-1.0776,0,0.2726,0,205.68,playing,4
163.9978,-1.0776,0,0.2726,0,210.11,playing,4
164.0143,-2.4644,0,0.27624,0,214.82,playing,4
164.0308,-3.9892,0,0.2867,0,220.13,playing,4
164.0476,-3.9892,0,0.2867,0,225.77,playing,4
164.064,-3.8159,0,0.24677,0,231.36,playing,4
164.0808,-3.8159,0,0.24677,0,237.61,playing,4
164.0969,-3.8159,0,0.2539,0,243.78,playing,4
164.1144,-7.6049,0,0.24978,0,250.65,playing,4
164.1301,-7.6049,0,0.24978,0,257.84,playing,4
164.147,-7.6049,0,0.24978,0,264.89,playing,4
164.1632,-27.1635,1,0.24978,0,272.7,playing,4
164.1795,-27.1635,0,0.24978,0,266.74,playing,4
164.1967,-20.2411,0,0.21067,0,260.73,playing,4
164.2129,-20.2411,0,0.17037,0,255.35,playing,4
164.2301,-20.2411,0,0.17037,0,249.95,playing,4
164.247,11.9772,0,0.17037,0,244.87,playing,4
164.2646,11.9772,0,0.17037,0,240.11,playing,4
164.2807,11.9772,0,0.1665,0,235.67,playing,4
164.2967,18.1292,0,0.15296,0,231.77,playing,4
164.3129,18.1292,0,0.15296,0,228.15,playing,4
164.3298,17.0569,0,0.16994,0,224.63,playing,4
164.347,14.424,0,0.16994,0,221.42,playing,4
164.3639,14.424,0,0.14675,0,218.53,playing,4
164.3808,11.272,0,0.14675,0,215.96,playing,4
164.398,11.272,0,0.23852,1,213.7,playing,4
164.4149,11.272,0,0.23852,0,211.77,playing,4
164.4312,8.5971,0,0.20738,0,210.15,playing,4
164.448,8.5971,0,0.21533,0,208.91,playing,4
164.4643,6.0367,0,0.21533,0,207.91,playing,4
164.4808,4.5061,0,0.21533,0,207.25,playing,4
164.4975,4.5061,0,0.19809,0,206.86,playing,4
164.5134,2.0905,0,0.20816,0,206.78,playing,4
164.5294,2.0905,0,0.20816,0,206.98,playing,4
164.5462,2.0905,0,0.20816,0,207.47,playing,4
164.5632,-1.1213,0,0.20816,0,208.3,playing,4
164.5794,-1.1213,0,0.26244,0,209.45,playing,4
164.5951,-1.1213,0,0.26244,0,210.81,playing,4
164.6119,-2.0278,0,0.26244,0,212.46,playing,4
164.6287,-2.0278,0,0.26244,0,214.52,playing,4
164.6449,-2.0628,0,0.20982,0,216.75,playing,4
164.6619,-2.0628,0,0.27721,1,219.43,playing,4
164.6788,-2.0628,0,0.27721,0,222.43,playing,4
164.6958,-2.0628,0,0.25752,0,225.75,playing,4
164.7119,-2.0628,0,0.25752,0,229.15,playing,4
164.7287,-2.0628,0,0.2503,0,233.09,playing,4
164.7447,-2.7785,0,0.2503,0,237.07,playing,4
164.7607,-2.7785,0,0.27381,0,241.34,playing,4
164.7765,-2.7785,0,0.27381,0,245.89,playing,4
164.7924,-2.7785,0,0.23463,0,250.72,playing,4
164.8086,-2.7785,0,0.23463,0,255.83,playing,4
164.8245,-12.2485,0,0.22569,0,261.23,playing,4
164.84,-18.7213,1,0.22569,0,266.9,playing,4
164.8569,-18.7213,0,0.17565,0,260.94,playing,4
164.8738,-2.8531,0,0.17565,0,254.93,playing,4
164.8912,-2.8531,0,0.14971,0,249.24,playing,4
164.9073,-2.8531,0,0.14971,0,243.86,playing,4
164.9237,11.0857,0,0.157,0,239.08,playing,4
164.9399,11.0857,0,0.157,0,234.58,playing,4
164.9566,11.0857,0,0.157,0,230.12,playing,4
164.9722,15.7541,0,0.17727,0,226.2,playing,4
164.9885,15.7541,0,0.17727,0,222.57,playing,4
165.0044,14.6683,0,0.16716,0,219.21,playing,4
165.0207,12.7041,0,0.16716,0,216.14,playing,4
165.037,12.7041,0,0.17723,0,213.35,playing,4
165.0539,9.5129,0,0.17723,0,210.71,playing,4
165.0702,9.5129,0,0.18042,0,208.38,playing,4
165.0869,9.5129,0,0.18042,0,206.47,playing,4
165.1043,7.0425,0,0.18792,0,204.75,playing,5
165.1207,7.0425,0,0.18792,1,203.36,playing,5
165.1375,7.0425,0,0.26685,0,202.28,playing,5
165.1536,3.0143,0,0.26685,0,201.55,playing,5
165.1712,3.0143,0,0.22776,0,201.09,playing,5
165.1871,0.6882,0,0.26156,0,200.95,playing,5
165.2042,0.6882,0,0.26156,0,201.1,playing,5
165.2212,0.6882,0,0.25084,0,201.58,playing,5
165.2374,-1.8582,0,0.25084,0,202.37,playing,5
165.2534,-1.8582,0,0.21539,0,203.4,playing,5
165.2692,-1.8582,0,0.21539,0,204.71,playing,5
165.286,-2.3442,0,0.24262,0,206.3,playing,5
165.3032,-2.3442,0,0.24262,0,208.31,playing,5
165.3198,-2.2531,0,0.24262,0,210.64,playing,5
165.3378,-2.2531,0,0.25,0,213.28,playing,5
165.3527,-2.2531,0,0.25,0,216.06,playing,5
165.37,-2.6081,0,0.27702,0,219.32,playing,5
165.3868,-2.6081,0,0.27702,0,222.9,playing,5
165.4037,-2.6081,0,0.27332,0,226.8,playing,5
165.4196,-2.6389,0,0.27332,0,230.75,playing,5
165.4359,-2.6389,0,0.27765,0,234.98,playing,5
165.4527,-2.6389,0,0.27765,0,239.79,playing,5
165.4686,-19.6869,0,0.2848,0,244.61,playing,5
165.4843,-19.6869,0,0.2848,0,249.7,playing,5
165.5008,-19.6869,0,0.20834,0,255.08,playing,5
165.5165,-19.6869,0,0.20834,0,260.73,playing,5
165.533,-19.6869,0,0.18322,0,266.67,playing,5
165.5499,-11.8299,1,0.18322,0,273.3,playing,5
165.5663,-11.8299,0,0.19676,0,266.99,playing,5
165.5824,-11.8299,0,0.19676,0,261.33,playing,5
165.5989,3.6279,0,0.19902,0,255.95,playing,5
165.6167,3.6279,0,0.18445,0,250.56,playing,5
165.6339,13.1079,0,0.18445,0,245.2,playing,5
165.6503,13.1079,0,0.18445,0,240.46,playing,5
165.6667,13.1079,0,0.19611,0,236.28,playing,5
165.6827,18.5264,0,0.19611,0,232.38,playing,5
165.6989,18.5264,0,0.17676,0,228.76,playing,5
165.716,18.5264,0,0.17676,0,225.24,playing,5
165.7324,15.6881,0,0.20787,0,222.03,playing,5
165.749,15.6881,0,0.20787,0,219.29,playing,5
165.7655,15.6881,0,0.20595,0,216.7,playing,5
165.7816,8.0666,0,0.20595,0,214.54,playing,5
165.7973,8.0666,0,0.20354,0,212.67,playing,5
165.8144,5.5149,0,0.20354,0,211.07,playing,5
165.83,5.5149,0,0.22781,1,209.7,playing,5
165.8474,5.5149,0,0.22781,0,208.69,playing,5
165.8635,3.2521,0,0.2315,0,207.93,playing,5
165.8801,3.2521,0,0.2315,0,207.5,playing,5
165.8974,3.2521,0,0.25373,0,207.35,playing,5
165.9135,-0.9723,0,0.25373,0,207.53,playing,5
165.9296,-0.9723,0,0.25373,0,207.98,playing,5
165.9458,-0.9723,0,0.27243,0,208.71,playing,5
165.9625,-2.2181,0,0.27243,0,209.8,playing,5
165.9786,-2.2181,0,0.23571,0,211.11,playing,5
165.9947,-2.8203,0,0.23571,0,212.7,playing,5
166.0108,-2.8203,0,0.26949,0,214.58,playing,5
166.0265,-2.8203,0,0.26949,0,216.73,playing,5
166.0426,-3.0505,0,0.24633,0,219.17,playing,5
166.0582,-3.0505,0,0.24633,0,221.89,playing,5
166.0743,-3.0505,0,0.25043,0,224.89,playing,5
166.0904,-3.0413,0,0.25043,0,228.17,playing,5
166.1063,-3.0413,0,0.27337,0,231.73,playing,5
166.1224,-3.0413,0,0.27337,0,235.58,playing,5
166.1389,-2.753,0,0.25117,0,239.7,playing,5
166.1555,-2.753,0,0.25117,0,244.41,playing,5
166.1718,-2.753,0,0.27335,0,249.11,playing,5
166.1889,-2.5857,0,0.27335,0,254.43,playing,5
166.2051,-2.5857,0,0.2896,0,260.07,playing,5
166.222,-2.4585,0,0.2896,0,265.66,playing,5
166.2385,-2.4585,0,0.26546,0,271.91,playing,5
166.2549,-2.4585,0,0.26546,0,278.08,playing,5
166.2721,-1.8873,0,0.25183,0,284.95,playing,5
166.2888,-1.8873,0,0.23463,0,292.14,playing,5
166.3056,-1.8873,0,0.23463,0,299.65,playing,5
166.3217,-2.0537,0,0.23463,0,306.99,playing,5
166.3379,-2.0537,0,0.2397,0,314.62,playing,5
166.3552,-2.4811,0,0.2397,0,323.05,playing,5
166.3719,-2.4811,0,0.27206,0,331.79,playing,5
166.3887,-2.4811,0,0.27206,0,340.85,playing,5
166.4044,-12.9297,0,0.22383,0,349.66,playing,5
166.4212,-12.9297,0,0.22383,0,358.74,playing,5
166.4378,-12.9297,0,0.25794,0,368.72,playing,5
166.4536,-16.3972,1,0.25794,0,378.39,playing,5
166.4698,-16.3972,0,0.1835,0,372.43,playing,5
166.4867,-16.3972,0,0.1835,0,366.42,playing,5
166.5041,-16.3972,0,0.1887,0,360.72,playing,5
166.5211,-16.3972,0,0.1887,0,355.35,playing,5
166.5382,12.0542,0,0.15383,0,350.29,playing,5
166.5545,12.0542,0,0.15383,0,345.55,playing,5
166.5708,12.0542,0,0.17344,0,341.37,playing,5
166.5868,20.6952,0,0.17344,0,337.47,playing,5
166.6038,20.6952,0,0.20174,0,333.64,playing,5
166.621,20.6952,0,0.20174,0,330.13,playing,5
166.6373,20.8489,0,0.16206,0,326.95,playing,5
166.654,20.8489,0,0.16206,0,324.23,playing,5
166.6712,14.7781,0,0.14343,0,321.65,playing,5
166.6882,14.7781,0,0.21854,0,319.4,playing,5
166.7048,14.7781,0,0.21854,0,317.46,playing,5
166.7221,10.8037,0,0.21854,0,315.84,playing,5
166.7391,10.8037,0,0.21854,0,314.54,playing,5
166.756,10.8037,0,0.25769,1,313.56,playing,5
166.7726,4.1706,0,0.25769,0,312.9,playing,5
166.7885,4.1706,0,0.24995,0,312.55,playing,5
166.8047,1.5573,0,0.24995,0,312.49,playing,5
166.8217,1.5573,0,0.24995,0,312.74,playing,5
166.8375,1.5573,0,0.27643,0,313.26,playing,5
166.8536,-0.9193,0,0.27643,0,314.06,playing,5
166.8695,-0.9193,0,0.23464,0,315.14,playing,5
166.8858,-0.9193,0,0.23464,0,316.51,playing,5
166.9016,-9.5868,0,0.23464,0,318.15,playing,5
166.9179,-9.5868,0,0.22353,0,320.08,playing,5
166.9352,-9.5868,0,0.22353,0,322.44,playing,5
166.9518,-14.0753,0,0.26294,0,325.12,playing,6
166.9689,-14.0753,0,0.26294,0,328.12,playing,6
166.9859,-18.1334,1,0.20816,0,331.44,playing,6
167.0024,-13.4569,0,0.20816,0,325.13,playing,6
167.019,-13.4569,0,0.16652,0,319.47,playing,6
167.0356,-7.7074,0,0.16652,0,313.78,playing,6
167.0517,-7.7074,0,0.16652,0,308.7,playing,6
167.0688,-7.7074,0,0.17477,0,303.62,playing,6
167.0852,-7.5439,0,0.17477,0,298.86,playing,6
167.1016,-7.5439,0,0.16974,0,294.66,playing,6
167.1177,-7.5439,0,0.16974,0,290.74,playing,6
167.1336,10.2081,0,0.16974,0,287.11,playing,6
167.1514,10.2081,0,0.20746,0,283.57,playing,6
167.1676,19.7441,0,0.20746,0,280.34,playing,6
167.1838,19.7441,0,0.20162,0,277.58,playing,6
167.1998,19.7441,0,0.20162,0,275.11,playing,6
167.2164,19.3424,0,0.18303,0,272.8,playing,6
167.2321,19.3424,0,0.18303,0,270.91,playing,6
167.249,19.3424,0,0.18056,0,269.3,playing,6
167.2654,19.3424,0,0.18056,0,267.9,playing,6
167.2818,19.3424,0,0.18056,0,266.87,playing,6
167.2986,19.3424,0,0.15371,0,266.09,playing,6
167.3147,10.9089,0,0.15371,0,265.64,playing,6
167.3302,10.9089,0,0.16821,0,265.48,playing,6
167.3468,4.3996,0,0.16821,0,265.59,playing,6
167.3636,4.3996,0,0.17272,0,266.03,playing,6
167.3799,4.3996,0,0.17272,0,266.72,playing,6
167.3966,1.3292,0,0.17272,0,267.78,playing,6
167.4123,1.3292,0,0.25879,1,269.05,playing,6
167.4286,1.3292,0,0.25879,0,270.61,playing,6
167.4444,-2.464,0,0.25471,0,272.45,playing,6
167.4607,-2.464,0,0.25471,0,274.57,playing,6
167.4768,-2.464,0,0.23408,0,276.97,playing,6
167.4921,-2.464,0,0.23408,0,279.65,playing,6
167.5087,-2.464,0,0.23408,0,282.62,playing,6
167.5253,-4.3479,0,0.26893,0,285.87,playing,6
167.5415,-4.3479,0,0.26893,0,289.63,playing,6
167.5579,-4.3479,0,0.30334,0,293.46,playing,6
167.5746,-14.0713,0,0.30334,0,297.84,playing,6
167.5907,-14.0713,0,0.30334,0,302.25,playing,6
167.6065,-14.0713,0,0.26185,0,306.94,playing,6
167.6224,-28.5663,1,0.26185,0,311.91,playing,6
167.6386,-28.5663,0,0.26211,0,305.95,playing,6
167.6542,-28.5663,0,0.26211,0,300.28,playing,6
167.6712,-19.9456,0,0.21416,0,294.88,playing,6
167.6878,-19.9456,0,0.21416,0,289.47,playing,6
167.7052,-7.6204,0,0.21416,0,284.37,playing,6
167.7212,-7.6204,0,0.1462,0,279.59,playing,6
167.7375,-7.6204,0,0.1462,0,275.38,playing,6
167.7534,12.6574,0,0.17883,0,271.44,playing,6
167.7697,12.6574,0,0.17883,0,267.79,playing,6
167.7859,12.6574,0,0.19768,0,264.42,playing,6
167.8024,18.4927,0,0.19768,0,261.15,playing,6
167.8192,18.4927,0,0.19768,0,258.36,playing,6
167.8356,18.4927,0,0.16896,0,255.72,playing,6
167.8514,15.3027,0,0.16896,0,253.51,playing,6
167.8676,15.3027,0,0.19376,0,251.58,playing,6
167.8835,15.3027,0,0.19376,0,249.93,playing,6
167.9012,11.6562,0,0.19376,0,248.57,playing,6
167.9174,11.6562,0,0.14842,0,247.39,playing,6
167.9336,5.2115,0,0.14842,0,246.62,playing,6
167.9491,5.2115,0,0.21527,0,246.14,playing,6
167.9661,5.2115,0,0.21527,0,245.93,playing,6
167.9832,2.9057,0,0.25062,1,246.04,playing,6
167.9998,2.9057,0,0.25062,0,246.46,playing,6
168.0164,2.9057,0,0.23786,0,247.19,playing,6
168.033,-0.4722,0,0.23786,0,248.17,playing,6
168.0499,-0.4722,0,0.23786,0,249.53,playing,6
168.0668,-1.6736,0,0.2613,0,251.2,playing,6
168.0843,-1.6736,0,0.2613,0,253.19,playing,6
168.1002,-1.6736,0,0.29512,0,255.5,playing,6
168.1171,-2.5147,0,0.29512,0,257.95,playing,6
168.1339,-2.5147,0,0.25734,0,260.88,playing,6
168.1511,-2.5147,0,0.25734,0,264.12,playing,6
168.1676,-2.6244,0,0.25734,0,267.68,playing,6
168.1837,-2.6244,0,0.25734,0,271.32,playing,6
168.2008,-16.6748,0,0.25354,0,275.49,playing,6
168.2168,-16.6748,0,0.25354,0,279.71,playing,6
168.2336,-16.6748,0,0.25769,0,284.5,playing,6
168.2501,-25.415,1,0.25769,0,289.3,playing,6
168.2662,-25.415,0,0.25769,0,282.99,playing,6
168.2821,-25.415,0,0.24995,0,277.33,playing,6
168.2991,-22.6378,0,0.24995,0,271.95,playing,6
168.3155,-22.6378,0,0.19615,0,266.56,playing,6
168.3321,-22.6378,0,0.19615,0,261.76,playing,6
168.3488,-2.4816,0,0.19615,0,256.98,playing,6
168.3661,-2.4816,0,0.13176,0,252.52,playing,6
168.3831,11.9161,0,0.13176,0,248.38,playing,6
168.4003,11.9161,0,0.15337,0,244.55,playing,6
168.4166,11.9161,0,0.15337,0,241.04,playing,6
168.4323,17.7289,0,0.16832,0,238.02,playing,6
168.4489,17.7289,0,0.16832,0,235.29,playing,6
168.4653,17.7289,0,0.16832,0,232.7,playing,6
168.4823,14.5835,0,0.20341,0,230.54,playing,6
168.4989,14.5835,0,0.20341,0,228.57,dead,6
168.5161,11.407,0,0.20225,0,226.91,dead,6
168.5326,11.407,0,0.20225,0,225.57,dead,6
168.5491,11.407,0,0.20225,0,224.59,dead,6
168.5658,5.6453,0,0.20225,0,223.87,dead,6
168.582,5.6453,0,0.20225,0,223.48,dead,6
168.5987,5.6453,0,0.16312,0,223.37,dead,6
168.6147,3.2809,0,0.16312,0,223.56,dead,6
168.6307,3.2809,0,0.1986,0,224.02,dead,6
168.6464,3.2809,0,0.1986,0,224.77,dead,6
168.6623,-0.2955,0,0.1986,0,225.8,dead,6
168.6787,-0.2955,0,0.2353,1,227.11,dead,6
168.6944,-2.2134,0,0.2353,0,228.7,dead,6
168.71,-2.2134,0,0.21687,0,230.58,dead,6
168.7267,-2.2134,0,0.21687,0,232.73,dead,6
168.7428,-2.5668,0,0.25374,0,235.17,dead,6
168.7584,-2.5668,0,0.25374,0,237.89,dead,6
168.7743,-2.5668,0,0.25374,0,240.89,dead,6
168.7902,-2.7753,0,0.26511,0,244.17,dead,6
168.8064,-2.7753,0,0.26511,0,247.73,dead,6
168.823,-2.7753,0,0.26511,0,251.58,dead,6
168.8396,-2.5065,0,0.24678,0,255.98,dead,6
168.8559,-2.5065,0,0.24678,0,260.4,dead,6
168.8725,-2.5065,0,0.24678,0,265.42,dead,6
168.8881,-3.1977,0,0.24678,0,270.43,dead,6
168.9042,-3.1977,0,0.23906,0,275.72,dead,6
168.9209,-7.2486,0,0.23906,0,281.29,dead,6
168.9379,-7.2486,0,0.23906,0,287.52,dead,6
168.9541,-7.2486,0,0.25734,0,294.08,dead,6
168.9711,-7.2486,0,0.25734,0,300.53,dead,6
168.9877,-7.2486,0,0.27771,0,307.7,dead,6
169.0035,-7.2486,0,0.27771,0,314.73,dead,6
169.0203,-14.7978,1,0.21856,0,322.04,dead,6
169.0362,-14.7978,0,0.21856,0,285.0,playing,0
169.0529,-14.7978,0,0.21856,0,279.04,playing,0
169.07,3.6223,0,0.16604,0,273.03,playing,0
169.0866,3.6223,0,0.16604,0,267.33,playing,0
169.1023,16.9889,0,0.17558,0,262.26,playing,0
169.1183,16.9889,0,0.17558,0,257.46,playing,0
169.1355,16.9889,0,0.17558,0,252.94,playing,0
169.1529,16.0051,0,0.19736,0,248.22,playing,0
169.17,16.0051,0,0.19736,0,244.08,playing,0
169.1866,16.0051,0,0.14902,0,240.25,playing,0
169.2026,12.915,0,0.14902,0,236.93,playing,0
169.2186,12.915,0,0.1673,0,233.9,playing,0
169.2345,9.8409,0,0.1673,0,231.14,playing,0
169.2513,6.9923,0,0.1673,0,228.67,playing,0
169.2676,6.9923,0,0.1673,0,226.36,playing,0
169.2833,6.9923,0,0.1673,0,224.47,playing,0
169.2998,6.9923,0,0.18012,0,222.85,playing,0
169.3164,6.9923,0,0.18012,0,221.46,playing,0
169.3322,0.5066,0,0.23087,1,220.43,playing,0
169.349,0.5066,0,0.23087,0,219.68,playing,0
169.3655,0.5066,0,0.23087,0,219.2,playing,0
169.3816,-0.1266,0,0.23087,0,219.04,playing,0
169.3973,-0.1266,0,0.26908,0,219.15,playing,0
169.4135,-0.1266,0,0.26908,0,219.54,playing,0
169.4301,-0.9425,0,0.2426,0,220.22,playing,0
169.4473,-0.9425,0,0.2426,0,221.26,playing,0
169.4635,-2.477,0,0.26196,0,222.61,playing,0
169.48,-2.477,0,0.26196,0,224.17,playing,0
169.4969,-2.477,0,0.26196,0,226.14,playing,0
169.5139,-2.477,0,0.25725,0,228.43,playing,0
169.5311,-2.477,0,0.25725,0,231.04,playing,0
169.548,-2.477,0,0.25775,0,233.96,playing,0
169.5644,-8.6833,0,0.25775,0,237.21,playing,0
169.5809,-8.6833,0,0.25775,0,240.54,playing,0
169.5982,-21.5498,1,0.25775,0,244.4,playing,0
169.6145,-21.5498,0,0.25775,0,238.09,playing,0
169.6307,-21.5498,0,0.26847,0,232.43,playing,0
169.6471,-21.6833,0,0.26847,0,227.05,playing,0
169.6632,-21.6833,0,0.27716,0,221.66,playing,0
169.6796,-21.6833,0,0.27716,0,216.86,playing,0
169.6971,-13.9527,0,0.27716,0,212.35,playing,0
169.7133,-13.9527,0,0.24241,0,207.62,playing,0
169.7306,12.6334,0,0.24241,0,203.71,playing,0
169.7472,12.6334,0,0.21886,0,199.86,playing,0
169.7636,12.6334,0,0.21886,0,196.34,playing,0
169.7796,13.5951,0,0.17369,0,193.3,playing,0
169.7961,13.5951,0,0.17369,0,190.55,playing,0
169.8122,13.5951,0,0.17369,0,187.94,playing,0
169.829,9.8249,0,0.19417,0,185.76,playing,0
169.8462,9.8249,0,0.19417,0,183.77,playing,0
169.8632,9.8249,0,0.19489,0,182.09,playing,0
169.8799,7.8837,0,0.19489,0,180.74,playing,0
169.8966,7.8837,0,0.19489,0,179.7,playing,0
169.9129,3.9182,0,0.22441,1,179.0,playing,0
169.9301,3.9182,0,0.22441,0,178.58,playing,0
169.9467,3.9182,0,0.24655,0,178.48,playing,0
169.9628,2.2165,0,0.24655,0,178.66,playing,0
169.9801,2.2165,0,0.28474,0,179.18,playing,0
169.9967,2.2165,0,0.28474,0,180.01,playing,0
170.0131,2.4726,0,0.28474,0,181.07,playing,0
170.029,2.4726,0,0.25793,0,182.52,playing,0
170.0462,7.0426,0,0.25793,0,184.16,playing,0
170.0622,7.0426,0,0.31818,0,186.23,playing,0
170.0789,7.0426,0,0.31818,0,188.45,playing,0
170.0956,11.985,0,0.31818,0,191.14,playing,0
170.1121,11.985,0,0.28072,0,193.94,playing,0
170.1283,11.985,0,0.28072,0,197.24,playing,0
170.145,7.6667,0,0.28352,0,200.63,playing,0
170.1616,7.6667,0,0.28352,0,204.55,playing,0
170.1778,7.6667,0,0.30616,0,208.52,playing,0
170.1945,2.3371,0,0.30616,0,213.05,playing,0
170.2106,2.3371,0,0.30616,0,217.6,playing,0
170.227,2.3371,0,0.30909,0,222.43,playing,0
170.2442,2.3371,0,0.30909,0,227.88,playing,0
170.2613,2.3371,0,0.28643,0,233.65,playing,0
170.2775,-21.6922,1,0.28643,0,239.73,playing,0
170.2936,-21.6922,0,0.28643,0,233.77,playing,0
170.3102,-21.6922,0,0.28643,0,228.1,playing,0
170.3271,-22.6831,0,0.28643,0,222.38,playing,0
170.3435,-22.6831,0,0.32204,0,216.99,playing,0
170.3601,-5.4443,0,0.32204,0,212.19,playing,0
170.3771,-5.4443,0,0.22019,0,207.41,playing,0
170.3939,-5.4443,0,0.22019,0,202.95,playing,0
170.4102,7.8204,0,0.19326,0,198.81,playing,0
170.4265,7.8204,0,0.19326,0,195.19,playing,0
170.4422,7.8204,0,0.19397,0,191.86,playing,0
170.4587,5.403,0,0.19397,0,188.8,playing,0
170.4747,5.403,0,0.19397,0,186.03,playing,0
170.4904,5.403,0,0.19776,0,183.54,playing,0
170.5063,3.4463,0,0.19776,0,181.33,playing,0
170.5229,3.4463,0,0.20938,0,179.4,playing,0
170.5396,2.0229,0,0.20938,0,177.67,playing,0
170.5554,2.0229,0,0.23223,1,176.32,playing,0
170.5716,2.0229,0,0.23223,0,175.26,playing,0
170.5879,0.9615,0,0.23223,0,174.47,playing,0
170.6043,0.9615,0,0.2575,0,173.96,playing,0
170.6203,0.9615,0,0.2575,0,173.75,playing,0
170.6373,-0.5034,0,0.27988,0,173.83,playing,0
170.6543,-0.5034,0,0.27988,0,174.23,playing,0
170.6709,-0.5034,0,0.27305,0,174.95,playing,0
170.6875,-0.7531,0,0.27305,0,175.99,playing,0
170.7043,-0.7531,0,0.27305,0,177.25,playing,0
170.7204,-1.3322,0,0.28752,0,178.9,playing,0
170.7361,-1.3322,0,0.28752,0,180.74,playing,0
170.7531,-1.3322,0,0.26232,0,182.86,playing,0
170.7698,-0.9788,0,0.26232,0,185.43,playing,0
170.7864,-0.9788,0,0.27571,0,188.32,playing,0
170.8023,-0.9788,0,0.27571,0,191.32,playing,0
170.8187,-0.9788,0,0.27571,0,194.6,playing,0
170.8354,-0.9788,0,0.31794,0,198.4,playing,0
170.8515,-0.9788,0,0.31794,0,202.27,playing,0
170.8675,-1.2028,0,0.28899,0,206.41,playing,0
170.8838,-1.2028,0,0.28899,0,210.84,playing,0
170.9011,-0.4547,0,0.28899,0,215.86,playing,0
170.9178,-0.4547,0,0.24683,0,221.19,playing,0
170.9337,-0.4547,0,0.24683,0,226.5,playing,0
170.9496,-0.4547,0,0.29792,0,232.09,playing,0
170.9658,-0.4547,0,0.29792,0,237.96,playing,0
170.9818,-0.4547,0,0.28194,0,244.11,playing,0
170.9976,-1.4586,0,0.28194,0,250.54,playing,0
171.0133,-1.4586,0,0.28194,0,257.25,playing,0
171.0301,-1.4586,0,0.30946,0,264.25,playing,0
171.0464,-1.3306,0,0.30946,0,272.0,playing,0
171.0622,-1.3306,0,0.30064,0,279.57,playing,0
171.0787,-1.3306,0,0.30064,0,287.43,playing,0
171.096,-8.6476,0,0.30064,0,295.57,playing,0
171.1125,-8.6476,0,0.30275,0,305.08,playing,0
171.1285,-25.1626,1,0.30275,0,313.82,playing,0
171.1449,-25.1626,0,0.30617,0,307.86,playing,0
171.1614,-25.1626,0,0.30617,0,301.85,playing,0
171.1779,-9.3522,0,0.28868,0,296.47,playing,0
171.1952,-9.3522,0,0.28868,0,291.08,playing,0
171.2118,-9.3522,0,0.25447,0,286.0,playing,0
171.2277,18.9604,0,0.25447,0,281.5,playing,0
171.244,18.9604,0,0.25447,0,277.28,playing,0
171.2609,17.8809,0,0.2063,0,273.12,playing,0
171.2783,17.8809,0,0.2063,0,269.28,playing,0
171.295,17.8809,0,0.21457,0,265.75,playing,0
171.3122,14.9656,0,0.21457,0,262.55,playing,0
171.3288,14.9656,0,0.21508,0,259.66,playing,0
171.3451,14.9656,0,0.21508,0,257.08,playing,0
171.3621,11.5611,0,0.21508,0,254.94,playing,0
171.3787,11.5611,0,0.20408,0,252.99,playing,0
171.3945,8.0815,0,0.20408,0,251.43,playing,0
171.4106,5.9822,0,0.26178,1,250.15,playing,0
171.427,5.9822,0,0.26178,0,249.16,playing,0
171.4434,2.5435,0,0.26598,0,248.42,playing,0
171.4601,2.5435,0,0.26598,0,248.01,playing,0
171.4767,2.5435,0,0.26598,0,247.88,playing,0
171.4926,2.5435,0,0.25775,0,248.05,playing,1
171.509,2.5435,0,0.25775,0,248.5,playing,1
171.5258,2.5435,0,0.2985,0,249.29,playing,1
171.5431,2.5435,0,0.2985,0,250.4,playing,1
171.56,2.5435,0,0.30064,0,251.83,playing,1
171.577,-1.1727,0,0.30064,0,253.58,playing,1
171.5938,-1.9509,0,0.30064,0,255.65,playing,1
171.6108,-1.9509,0,0.28493,0,258.03,playing,1
171.6276,-2.468,0,0.28493,0,260.73,playing,1
171.6435,-2.468,0,0.27709,0,263.55,playing,1
171.6597,-2.468,0,0.27709,0,266.66,playing,1
171.6758,-2.1944,0,0.30979,0,270.05,playing,1
171.6919,-2.1944,0,0.30979,0,273.72,playing,1
171.7085,-2.1944,0,0.30979,0,277.93,playing,1
171.7254,-2.4721,0,0.28861,0,282.18,playing,1
171.7412,-2.4721,0,0.28861,0,287.01,playing,1
171.7576,-11.4867,0,0.30064,0,291.85,playing,1
171.7733,-11.4867,0,0.30064,0,296.96,playing,1
171.7898,-11.4867,0,0.30064,0,302.35,playing,1
171.8055,-25.9488,1,0.30005,0,308.03,playing,1
171.8215,-25.9488,0,0.30005,0,302.07,playing,1
171.8378,-25.9488,0,0.32145,0,296.39,playing,1
171.8535,-13.8834,0,0.32145,0,291.0,playing,1
171.8706,-13.8834,0,0.32145,0,285.88,playing,1
171.8875,-13.8834,0,0.23487,0,280.49,playing,1
171.9036,3.1453,0,0.23487,0,275.97,playing,1
171.92,3.1453,0,0.22422,0,271.74,playing,1
171.9363,12.6752,0,0.22422,0,267.56,playing,1
171.9524,12.6752,0,0.22422,0,263.9,playing,1
171.9684,12.6752,0,0.22746,0,260.53,playing,1
171.9847,12.6752,0,0.22746,0,257.44,playing,1
172.0008,12.6752,0,0.25439,0,254.63,playing,1
172.0173,12.6752,0,0.25439,0,251.97,playing,1
172.0344,17.3189,0,0.17676,0,249.74,playing,1
172.0507,17.3189,0,0.17676,0,247.69,playing,1
172.0663,17.3189,0,0.17676,0,246.05,playing,1
172.0828,13.6979,0,0.17965,0,244.68,playing,1
172.0993,13.6979,0,0.17965,0,243.55,playing,1
172.1159,6.8389,0,0.27059,1,242.77,playing,1
172.1328,6.8389,0,0.27059,0,242.25,playing,1
172.1498,6.8389,0,0.27059,0,242.05,playing,1
172.166,3.6751,0,0.23953,0,242.15,playing,1
172.1831,3.6751,0,0.23953,0,242.57,playing,1
172.1997,3.6751,0,0.28085,0,243.31,playing,1
172.2157,1.7874,0,0.28085,0,244.28,playing,1
172.2317,1.7874,0,0.26197,0,245.54,playing,1
172.2476,1.7874,0,0.26197,0,247.08,playing,1
172.2644,-1.7304,0,0.26197,0,248.9,playing,1
172.2813,-1.7304,0,0.26979,0,251.15,playing,1
172.2972,-2.7779,0,0.26979,0,253.72,playing,1
172.3143,-2.7779,0,0.27382,0,256.42,playing,1
172.3307,-2.7779,0,0.27382,0,259.61,playing,1
172.3477,-4.1079,0,0.28108,0,263.12,playing,1
172.364,-4.1079,0,0.28108,0,266.7,playing,1
172.3811,-4.1079,0,0.28108,0,270.82,playing,1
172.3974,-4.2042,0,0.29269,0,275.26,playing,1
172.4136,-4.2042,0,0.29269,0,279.72,playing,1
172.4295,-3.9231,0,0.29027,0,284.46,playing,1
172.4457,-3.8844,0,0.29027,0,289.49,playing,1
172.4614,-3.8844,0,0.28753,0,294.79,playing,1
172.4775,-3.9439,0,0.28753,0,300.38,playing,1
172.4938,-3.9439,0,0.28753,0,306.25,playing,1
172.5102,-3.9439,0,0.29625,0,312.4,playing,1
172.5266,-19.2858,0,0.29625,0,319.25,playing,1
172.5423,-19.2858,0,0.28861,0,325.98,playing,1
172.5589,-19.2858,0,0.28861,0,333.0,playing,1
172.5758,-26.6753,1,0.27935,0,340.77,playing,1
172.5915,-26.6753,0,0.27935,0,334.81,playing,1
172.6079,-26.6753,0,0.27935,0,329.13,playing,1
172.6245,-15.8741,0,0.27776,0,323.42,playing,1
172.6412,-15.8741,0,0.27776,0,318.32,playing,1
172.6577,22.3794,0,0.2067,0,313.22,playing,1
172.6738,22.3794,0,0.2067,0,308.71,playing,1
172.6906,22.3794,0,0.24372,1,304.23,playing,1
172.7067,22.1313,0,0.24372,0,300.3,playing,1
172.7231,22.1313,0,0.24372,0,296.64,playing,1
172.7397,22.1313,0,0.1927,0,293.08,playing,1
172.7551,22.1313,0,0.1927,0,290.01,playing,1
172.7719,22.1313,0,0.22683,0,287.22,playing,1
172.7894,22.1313,0,0.22683,0,284.57,playing,1
172.8061,11.2158,0,0.19269,0,282.24,playing,1
172.8224,11.2158,0,0.19269,0,280.23,playing,1
172.8386,7.8035,0,0.19269,0,278.62,playing,1
172.8549,7.8035,0,0.23536,0,277.29,playing,1
172.8722,7.8035,0,0.23536,0,276.19,playing,1
172.8882,4.9289,0,0.2401,0,275.42,playing,1
172.9046,4.9289,0,0.2401,0,274.97,playing,1
172.9207,4.9289,0,0.28529,0,274.8,playing,1
172.9362,0.3703,0,0.28529,0,274.91,playing,1
172.9524,0.3703,0,0.28529,0,275.31,playing,1
172.9682,0.3703,0,0.27513,0,275.99,playing,1
172.9847,-1.0197,0,0.27513,0,276.94,playing,1
173.0007,-1.0197,0,0.25746,0,278.18,playing,1
173.017,-2.6981,0,0.25746,0,279.71,playing,1
173.0344,-2.6981,0,0.25746,0,281.64,playing,1
173.0507,-2.6981,0,0.29745,0,283.89,playing,1
173.0663,-2.9639,0,0.29745,0,286.29,playing,1
173.0832,-2.9639,0,0.28775,0,288.98,playing,1
173.1,-2.9639,0,0.28775,0,292.15,playing,1
173.1166,-2.5783,0,0.29361,0,295.63,playing,1
173.1322,-2.5783,0,0.29361,0,299.2,playing,1
173.1487,-2.5783,0,0.29361,0,303.04,playing,1
173.1661,-3.3037,0,0.28152,0,307.44,playing,1
173.183,-3.3037,0,0.28152,0,312.17,playing,1
173.1999,-19.9956,0,0.28146,0,317.2,playing,1
173.2166,-19.9956,0,0.28146,0,322.56,playing,1
173.2334,-19.9956,0,0.28146,0,328.24,playing,1
173.2497,-26.2806,1,0.31164,0,333.86,playing,1
173.2651,-26.2806,0,0.31164,0,327.9,playing,1
173.2816,-26.2806,0,0.31164,0,322.22,playing,1
173.2982,-17.6307,0,0.27923,0,316.51,playing,1
173.3147,-17.6307,0,0.27923,0,311.41,playing,1
173.3312,19.6671,0,0.24804,0,306.6,playing,1
173.3477,19.6671,0,0.24804,0,301.8,playing,2
173.3637,19.6671,0,0.20485,0,297.57,playing,2
173.3793,21.4477,0,0.20485,0,293.62,playing,2
173.3965,21.4477,0,0.20485,0,289.94,playing,2
173.4139,21.4477,0,0.20397,0,286.17,playing,2
173.4306,18.9441,0,0.20397,0,282.93,playing,2
173.4465,18.9441,0,0.20562,0,280.15,playing,2
173.4633,18.9441,0,0.20562,0,277.66,playing,2
173.4797,11.9652,0,0.19365,0,275.33,playing,2
173.4958,11.9652,0,0.19365,0,273.42,playing,2
173.5123,7.8929,0,0.18757,0,271.71,playing,2
173.5282,7.8929,0,0.18757,0,270.38,playing,2
173.5445,7.8929,0,0.18757,0,269.33,playing,2
173.5613,5.1038,0,0.19232,0,268.57,playing,2
173.5777,5.1038,0,0.19232,0,268.07,playing,2
173.5939,5.1038,0,0.24772,1,267.89,playing,2
173.6103,1.2395,0,0.24772,0,268.01,playing,2
173.6273,1.2395,0,0.24772,0,268.4,playing,2
173.6437,1.2395,0,0.26551,0,269.14,playing,2
173.6603,-0.7495,0,0.26551,0,270.19,playing,2
173.6767,-0.7495,0,0.25908,0,271.47,playing,2
173.6924,-3.5747,0,0.25908,0,273.03,playing,2
173.7084,-3.5747,0,0.24728,0,274.87,playing,2
173.7244,-3.5747,0,0.24728,0,276.99,playing,2
173.7412,-3.5747,0,0.24728,0,279.39,playing,2
173.7578,-3.5747,0,0.27031,0,282.26,playing,2
173.775,-3.5747,0,0.27031,0,285.44,playing,2
173.7918,-19.3265,1,0.28345,0,288.95,playing,2
173.8091,-19.3265,0,0.28345,0,282.64,playing,2
173.826,-2.9072,0,0.28345,0,276.64,playing,2
173.8423,-2.9072,0,0.19126,0,270.97,playing,2
173.8583,-2.9072,0,0.19126,0,265.91,playing,2
173.8751,11.0465,0,0.22666,1,261.13,playing,2
173.8918,11.0465,0,0.22666,0,256.37,playing,2
173.9077,11.0465,0,0.17844,0,252.17,playing,2
173.9242,14.6565,0,0.17844,0,248.25,playing,2
173.9411,14.6565,0,0.18445,0,244.41,playing,2
173.958,14.6565,0,0.18445,0,240.88,playing,2
173.9743,12.1808,0,0.18445,0,237.67,playing,2
173.9904,12.1808,0,0.17116,0,234.94,playing,2
174.0067,6.6734,0,0.17116,0,232.48,playing,2
174.0227,6.6734,0,0.18993,0,230.31,playing,2
174.0385,6.6734,0,0.18993,0,228.41,playing,2
174.0541,4.1813,0,0.18993,0,226.8,playing,2
174.0711,4.1813,0,0.23077,0,225.47,playing,2
174.0879,4.1813,0,0.23077,0,224.38,playing,2
174.1047,2.3054,0,0.27302,0,223.6,playing,2
174.1204,2.3054,0,0.27302,0,223.15,playing,2
174.1364,2.3054,0,0.27302,0,222.98,playing,2
174.1542,-0.4603,0,0.2811,0,223.12,playing,2
174.1707,-0.4603,0,0.2811,0,223.58,playing,2
174.1872,-1.2411,0,0.2811,0,224.29,playing,2
174.2043,-1.2411,0,0.29314,0,225.37,playing,2
174.2212,-1.2411,0,0.29314,0,226.76,playing,2
174.2376,-2.775,0,0.27583,0,228.47,playing,2
174.2534,-2.775,0,0.27583,0,230.36,playing,2
174.2692,-2.775,0,0.27744,0,232.53,playing,2
174.2859,-3.5526,0,0.27744,0,234.99,playing,2
174.3032,-3.5526,0,0.27744,0,237.91,playing,2
174.3199,-8.8525,0,0.29397,0,241.16,playing,2
174.3362,-8.8525,0,0.29397,0,244.49,playing,2
174.3521,-8.8525,0,0.2993,0,248.35,playing,2
174.3688,-28.1915,1,0.2993,0,252.27,playing,2
174.3857,-28.1915,0,0.2993,0,245.95,playing,2
174.4012,-28.1915,0,0.26109,0,240.3,playing,2
174.4172,-17.9542,0,0.26109,0,234.92,playing,2
174.4336,-17.9542,0,0.18981,0,229.82,playing,2
174.4498,-17.9542,0,0.18981,0,225.01,playing,2
174.4666,16.8362,0,0.18981,0,220.47,playing,2
174.483,16.8362,0,0.17822,0,215.98,playing,2
174.5002,17.6693,0,0.17822,0,211.8,playing,2
174.5167,17.6693,0,0.19585,0,207.93,playing,2
174.5324,17.6693,0,0.19585,0,204.58,playing,2
174.5483,12.1766,0,0.19585,0,201.51,playing,2
174.565,12.1766,0,0.19585,0,198.72,playing,2
174.5816,12.1766,0,0.19585,0,196.07,playing,2
174.5978,8.942,0,0.23527,1,193.86,playing,2
174.6146,8.942,0,0.23527,0,191.83,playing,2
174.6309,8.942,0,0.17556,0,190.2,playing,2
174.6475,6.4631,0,0.17556,0,188.79,playing,2
174.6636,6.4631,0,0.20754,0,187.74,playing,2
174.6792,4.3382,0,0.20754,0,186.98,playing,2
174.6959,2.6565,0,0.20754,0,186.49,playing,2
174.7132,2.6565,0,0.26599,0,186.29,playing,2
174.7291,0.7135,0,0.26599,0,186.41,playing,2
174.7458,0.7135,0,0.258,0,186.81,playing,2
174.7614,0.7135,0,0.258,0,187.49,playing,2
174.7771,-1.2674,0,0.24278,0,188.44,playing,2
174.7937,-1.2674,0,0.24278,0,189.68,playing,2
174.8094,-1.2674,0,0.24278,0,191.21,playing,2
174.8261,-1.2343,0,0.28678,0,193.01,playing,2
174.8432,-1.2343,0,0.28678,0,195.24,playing,2
174.86,-2.2285,0,0.26991,0,197.8,playing,2
174.8772,-2.2285,0,0.26991,0,200.66,playing,2
174.8936,-2.2285,0,0.26252,0,203.85,playing,2
174.9099,-2.8273,0,0.26252,0,207.13,playing,2
174.9268,-2.8273,0,0.24994,0,210.94,playing,2
174.9438,-2.8273,0,0.24994,0,215.06,playing,2
174.9609,-2.8281,0,0.24994,0,219.5,playing,2
174.9778,-2.8281,0,0.27287,0,224.26,playing,2
174.995,-18.9135,0,0.27287,0,229.34,playing,2
175.0117,-31.0009,1,0.26218,0,234.73,playing,2
175.028,-31.0009,0,0.26218,0,228.77,playing,2
175.045,-31.0009,0,0.26218,0,222.76,playing,2
175.0617,-31.0009,0,0.23532,0,217.06,playing,2
175.078,-31.0009,0,0.23532,0,211.99,playing,2
175.0944,-13.1276,0,0.19448,0,206.91,playing,2
175.1109,-13.1276,0,0.19448,0,202.41,playing,2
175.1282,-13.1276,0,0.21416,0,197.95,playing,2
175.1445,20.397,0,0.21416,0,193.81,playing,2
175.1608,20.397,0,0.18361,0,190.19,playing,2
175.1774,20.1021,0,0.18361,0,186.66,playing,2
175.1938,20.1021,0,0.18361,0,183.63,playing,3
175.2104,20.1021,0,0.18361,0,180.87,playing,3
175.2265,13.6137,0,0.18361,0,178.26,playing,3
175.2425,13.6137,0,0.20457,0,176.09,playing,3
175.2585,13.6137,0,0.20457,0,174.19,playing,3
175.2746,9.7211,0,0.20457,0,172.58,playing,3
175.2909,9.7211,0,0.18031,0,171.25,playing,3
175.3077,9.7211,0,0.18031,0,170.16,playing,3
175.3232,6.3402,0,0.23101,1,169.41,playing,3
175.3396,6.3402,0,0.23101,0,168.94,playing,3
175.3562,3.9874,0,0.20991,0,168.76,playing,3
175.3728,3.9874,0,0.20991,0,168.88,playing,3
175.3895,3.9874,0,0.20991,0,169.32,playing,3
175.4051,1.747,0,0.24615,0,170.01,playing,3
175.4222,1.747,0,0.24615,0,170.99,playing,3
175.4393,1.747,0,0.25465,0,172.34,playing,3
175.4561,0.1764,0,0.25465,0,174.01,playing,3
175.4729,0.1764,0,0.24688,0,176.0,playing,3
175.49,-2.2133,0,0.24688,0,178.31,playing,3
175.5064,-2.2158,0,0.24688,0,180.94,playing,3
175.5234,-2.2158,0,0.27735,0,183.69,playing,3
175.5399,-2.7038,0,0.27735,0,186.94,playing,3
175.5563,-2.7038,0,0.25781,0,190.5,playing,3
175.573,-2.7038,0,0.25781,0,194.13,playing,3
175.5901,-2.3391,0,0.2655,0,198.31,playing,3
175.6065,-2.3391,0,0.2655,0,202.81,playing,3
175.6232,-2.3391,0,0.2655,0,207.32,playing,3
175.6398,-2.5169,0,0.26556,0,212.43,playing,3
175.6564,-2.5169,0,0.26556,0,217.87,playing,3
175.6729,-9.7822,0,0.2977,0,223.26,playing,3
175.6895,-9.7822,0,0.2977,0,229.31,playing,3
175.7051,-9.7822,0,0.22291,0,235.28,playing,3
175.7213,-28.6982,1,0.22291,0,241.54,playing,3
175.7375,-28.6982,0,0.22291,0,235.58,playing,3
175.7533,-28.6982,0,0.27816,0,229.9,playing,3
175.7701,-19.0996,0,0.27816,0,224.51,playing,3
175.7873,-19.0996,0,0.25775,0,219.09,playing,3
175.8039,-19.0996,0,0.25775,0,214.0,playing,3
175.8209,-19.0996,0,0.25775,0,209.22,playing,3
175.8376,-19.0996,0,0.19599,0,204.76,playing,3
175.8539,20.1185,0,0.19599,0,200.84,playing,3
175.8712,20.1185,0,0.21314,0,197.0,playing,3
175.8878,20.1185,0,0.21314,0,193.47,playing,3
175.9052,16.7281,0,0.21314,0,190.26,playing,3
175.9218,16.7281,0,0.21314,0,187.37,playing,3
175.9374,16.7281,0,0.21314,0,184.94,playing,3
175.9541,13.8335,0,0.17684,0,182.78,playing,3
175.9708,13.8335,0,0.17684,0,180.8,playing,3
175.9867,8.1792,0,0.18888,0,179.23,playing,3
176.0031,8.1792,0,0.18888,0,177.93,playing,3
176.02,8.1792,0,0.18327,0,176.88,playing,3
176.0366,4.9414,0,0.18327,0,176.14,playing,3
176.0524,4.9414,0,0.18327,0,175.72,playing,3
176.0688,4.9414,0,0.20924,0,175.59,playing,3
176.0849,2.5631,0,0.20924,0,175.74,playing,3
176.1017,2.5631,0,0.24206,1,176.21,playing,3
176.1177,2.5631,0,0.24206,0,176.94,playing,3
176.1345,-1.0997,0,0.24206,0,178.04,playing,3
176.1508,-1.0997,0,0.25367,0,179.35,playing,3
176.167,-1.7885,0,0.25367,0,180.94,playing,3
176.1843,-1.7885,0,0.25367,0,182.95,playing,3
176.2013,-1.7885,0,0.25367,0,185.28,playing,3
176.2179,-2.7482,0,0.28623,0,187.92,playing,3
176.2347,-2.7482,0,0.28623,0,190.88,playing,3
176.2512,-2.7482,0,0.28623,0,193.96,playing,3
176.2677,-3.1379,0,0.28623,0,197.54,playing,3
176.2848,-3.1379,0,0.28623,0,201.19,playing,3
176.3014,-3.0943,0,0.28623,0,205.38,playing,3
176.3176,-3.0943,0,0.28623,0,209.9,playing,3
176.3332,-3.0943,0,0.28623,0,214.43,playing,3
176.3502,-2.9028,0,0.27386,0,219.24,playing,3
176.3666,-2.9028,0,0.27386,0,224.67,playing,3
176.3837,-2.9028,0,0.27386,0,230.07,playing,3
176.3995,-20.8422,1,0.28947,0,236.12,playing,3
176.416,-20.8422,0,0.28947,0,230.16,playing,3
176.4321,-20.8422,0,0.26192,0,224.15,playing,3
176.4483,-31.2695,0,0.26192,0,218.77,playing,3
176.465,-31.2695,0,0.25823,0,213.67,playing,3
176.482,-7.7605,0,0.25823,0,208.58,playing,3
176.4986,-7.7605,0,0.25823,0,203.8,playing,3
176.515,-7.7605,0,0.25823,0,199.58,playing,3
176.5321,15.7664,0,0.1852,0,195.42,playing,3
176.5493,15.7664,0,0.1852,0,191.58,playing,3
176.5651,15.7664,0,0.17085,0,188.05,playing,3
176.5814,18.7483,0,0.17085,0,185.01,playing,3
176.5977,18.7483,0,0.17085,0,182.26,playing,3
176.6138,18.7483,0,0.19159,0,179.78,playing,3
176.63,15.3332,0,0.19159,0,177.59,playing,3
176.6469,15.3332,0,0.17086,0,175.58,playing,3
176.6634,8.263,0,0.17086,0,173.89,playing,3
176.6801,8.263,0,0.17086,0,172.58,playing,3
176.698,8.263,0,0.17714,0,171.46,playing,3
176.715,5.0978,0,0.17714,0,170.72,playing,3
176.7315,5.0978,0,0.20303,0,170.3,playing,3
176.7476,5.0978,0,0.20303,0,170.18,playing,3
176.7639,2.9448,0,0.20605,0,170.35,playing,3
176.7812,2.9448,0,0.20605,0,170.84,playing,3
176.7982,0.0468,0,0.20605,0,171.65,playing,3
176.8151,0.0468,0,0.27765,1,172.78,playing,3
176.832,0.0468,0,0.27765,0,174.23,playing,3
176.849,-1.4008,0,0.29122,0,176.0,playing,3
176.8658,-1.4008,0,0.29122,0,178.08,playing,3
176.8818,-1.4008,0,0.28814,0,180.33,playing,3
176.8975,-2.1711,0,0.28814,0,182.85,playing,3
176.914,-2.1711,0,0.28814,0,185.66,playing,3
176.932,-2.9326,0,0.30807,0,189.17,playing,3
176.9481,-2.9326,0,0.30807,0,192.81,playing,3
176.9648,-2.9326,0,0.31134,0,196.51,playing,3
176.9814,-2.9246,0,0.31134,0,200.76,playing,3
176.9978,-2.9246,0,0.28024,0,205.05,playing,3
177.0151,-2.9246,0,0.28024,0,209.92,playing,3
177.0315,-2.7565,0,0.28024,0,215.11,playing,4
177.0481,-2.7565,0,0.29231,0,220.27,playing,4
177.0653,-9.3351,0,0.29231,0,226.08,playing,4
177.0814,-9.3351,0,0.26865,0,232.2,playing,4
177.098,-9.3351,0,0.26865,0,238.25,playing,4
177.1152,-28.9985,1,0.29238,0,244.99,playing,4
177.1319,-28.9985,0,0.29238,0,238.68,playing,4
177.1494,-28.9985,0,0.3077,0,232.68,playing,4
177.1662,-20.4085,0,0.3077,0,227.0,playing,4
177.1825,-20.4085,0,0.3077,0,221.65,playing,4
177.1984,-20.4085,0,0.21576,0,216.88,playing,4
177.2151,-4.3304,0,0.21576,0,212.4,playing,4
177.2315,-4.3304,0,0.20541,0,207.96,playing,4
177.2481,23.3637,0,0.20541,0,204.06,playing,4
177.265,23.3637,0,0.20681,0,200.24,playing,4
177.2823,23.3637,0,0.20681,0,196.73,playing,4
177.2987,23.3637,0,0.19985,0,193.54,playing,4
177.3141,23.3637,0,0.19985,0,190.82,playing,4
177.331,23.3637,0,0.19985,0,188.38,playing,4
177.347,22.0117,0,0.19551,0,186.11,playing,4
177.364,22.0117,0,0.19551,0,184.25,playing,4
177.3803,14.6614,0,0.21257,0,182.6,playing,4
177.3969,10.9082,0,0.21257,0,181.32,playing,4
177.4136,10.9082,0,0.21257,0,180.28,playing,4
177.4292,7.1275,0,0.19771,0,179.59,playing,4
177.4457,7.1275,0,0.19771,0,179.17,playing,4
177.4614,7.1275,0,0.21382,0,179.04,playing,4
177.4772,1.5614,0,0.21382,0,179.19,playing,4
177.494,1.5614,0,0.21382,0,179.62,playing,4
177.5107,1.5614,0,0.20615,0,180.39,playing,4
177.5265,-1.0064,0,0.20615,0,181.4,playing,4
177.5422,-1.0064,0,0.21925,0,182.7,playing,4
177.5591,-2.4685,0,0.21925,0,184.27,playing,4
177.5761,-2.6823,0,0.26984,1,186.26,playing,4
177.5922,-2.6823,0,0.26984,0,188.57,playing,4
177.6087,-3.3228,0,0.26984,0,191.03,playing,4
177.6245,-3.3228,0,0.25746,0,193.76,playing,4
177.6406,-3.3228,0,0.25746,0,196.78,playing,4
177.6582,-3.6024,0,0.26425,0,200.3,playing,4
177.6748,-3.6024,0,0.26425,0,204.14,playing,4
177.6918,-3.6024,0,0.2941,0,208.3,playing,4
177.7075,-3.3573,0,0.2941,0,212.5,playing,4
177.7235,-3.3573,0,0.28399,0,216.98,playing,4
177.7398,-3.3,0,0.28399,0,221.74,playing,4
177.7567,-3.3,0,0.28399,0,227.12,playing,4
177.7734,-3.3,0,0.26942,0,232.46,playing,4
177.7894,-13.0827,0,0.26942,0,238.45,playing,4
177.8059,-13.0827,0,0.2875,0,244.37,playing,4
177.823,-13.0827,0,0.2875,0,250.98,playing,4
177.8396,-29.2499,1,0.29545,0,257.91,playing,4
177.8559,-29.2499,0,0.29545,0,251.95,playing,4
177.8729,-29.2499,0,0.2777,0,245.94,playing,4
177.8896,-20.2324,0,0.2777,0,240.24,playing,4
177.9062,-20.2324,0,0.2777,0,235.16,playing,4
177.9226,-9.7521,0,0.19812,0,230.08,playing,4
177.9387,-9.7521,0,0.19812,0,225.59,playing,4
177.955,-9.7521,0,0.19472,0,221.37,playing,4
177.9715,9.443,0,0.19472,0,217.21,playing,4
177.9882,9.443,0,0.16872,0,213.57,playing,4
178.0046,9.443,0,0.16872,0,210.03,playing,4
178.0206,23.3967,0,0.16872,0,206.98,playing,4
178.0369,23.3967,0,0.14675,0,204.2,playing,4
178.0541,22.4242,0,0.14675,0,201.57,playing,4
178.0723,22.4242,0,0.17705,0,199.15,playing,4
178.0882,22.4242,0,0.17705,0,197.17,playing,4
178.1052,14.4243,0,0.15904,0,195.6,playing,4
178.1219,14.4243,0,0.15904,0,194.24,playing,4
178.1387,14.4243,0,0.15904,0,193.2,playing,4
178.1547,10.2106,0,0.16504,0,192.51,playing,4
178.1709,10.2106,0,0.16504,0,192.09,playing,4
178.1876,10.2106,0,0.1812,0,191.97,playing,4
178.2051,6.9787,0,0.1812,0,192.17,playing,4
178.2221,6.9787,0,0.21083,0,192.68,playing,4
178.2389,3.9139,0,0.21083,0,193.51,playing,4
178.2569,3.9139,0,0.21083,1,194.66,playing,4
178.2737,3.9139,0,0.23804,0,196.23,playing,4
178.2896,1.3679,0,0.23804,0,197.91,playing,4
178.3059,1.3679,0,0.24591,0,199.87,playing,4
178.3226,1.3679,0,0.24591,0,202.28,playing,4
178.3382,-3.065,0,0.25018,0,204.82,playing,4
178.3544,-3.065,0,0.25018,0,207.64,playing,4
178.3708,-4.3366,0,0.25018,0,210.75,playing,4
178.3874,-4.3366,0,0.25822,0,214.37,playing,4
178.4031,-4.3366,0,0.25822,0,218.05,playing,4
178.4201,-4.6865,0,0.2845,0,222.02,playing,4
178.4364,-4.6865,0,0.2845,0,226.55,playing,4
178.4532,-4.6865,0,0.26929,0,231.1,playing,4
178.4692,-4.8351,0,0.26929,0,236.25,playing,4
178.4863,-4.8351,0,0.26641,0,241.38,playing,4
178.5031,-4.8351,0,0.26641,0,247.15,playing,4
178.5197,-20.9914,1,0.26641,0,253.24,playing,4
178.5357,-20.9914,0,0.27935,0,247.28,playing,4
178.5513,-25.7969,0,0.27935,0,241.6,playing,4
178.5677,-25.7969,0,0.25065,0,236.21,playing,4
178.5839,-25.7969,0,0.25065,0,231.09,playing,4
178.6007,-20.3421,0,0.25065,0,225.98,playing,4
178.6178,-20.3421,0,0.17448,0,221.18,playing,4
178.6351,-20.3421,0,0.17448,0,216.7,playing,4
178.652,-14.1456,0,0.18124,0,212.54,playing,4
178.6686,-14.1456,0,0.18124,0,208.7,playing,4
178.6845,-8.7794,0,0.19702,0,205.36,playing,4
178.7001,9.9737,0,0.19702,0,202.31,playing,4
178.7172,9.9737,0,0.19702,0,199.53,playing,4
178.7339,21.0348,0,0.19403,0,196.91,playing,4
178.7508,21.0348,0,0.19403,0,194.59,playing,4
178.7678,21.0348,0,0.22821,1,192.6,playing,4
178.7836,21.0348,0,0.22821,0,191.01,playing,4
178.7992,21.0348,0,0.22821,0,189.7,playing,4
178.8153,21.0348,0,0.21043,0,188.67,playing,4
178.8317,23.1842,0,0.21043,0,187.92,playing,4
178.8474,23.1842,0,0.18334,0,187.45,playing,4
178.8643,19.9561,0,0.18334,0,187.26,playing,4
178.8808,16.3853,0,0.19651,0,187.39,playing,5
178.8982,16.3853,0,0.19651,0,187.82,playing,5
178.9152,8.912,0,0.19651,0,188.58,playing,5
178.9318,8.912,0,0.25044,0,189.66,playing,5
178.9474,8.912,0,0.25044,0,190.95,playing,5
178.9631,6.7698,0,0.23834,0,192.52,playing,5
178.9794,6.7698,0,0.23834,0,194.38,playing,5
178.995,6.7698,0,0.23834,0,196.52,playing,5
179.0119,1.6888,0,0.22984,0,198.94,playing,5
179.0292,1.6888,0,0.22984,0,201.82,playing,5
179.0456,-0.2014,0,0.23499,0,205.03,playing,5
179.062,-0.2014,0,0.23499,0,208.33,playing,5
179.0786,-0.2014,0,0.2195,0,212.15,playing,5
179.0949,-1.1558,0,0.2195,0,216.03,playing,5
179.1122,-1.1558,0,0.26701,1,220.47,playing,5
179.1285,-1.1558,0,0.26701,0,225.23,playing,5
179.1451,-3.0759,0,0.26701,0,229.99,playing,5
179.1618,-3.0759,0,0.27846,0,235.37,playing,5
179.1788,-3.0759,0,0.27846,0,241.06,playing,5
179.1955,-21.4544,1,0.2539,0,247.07,playing,5
179.2121,-21.4544,0,0.2539,0,241.11,playing,5
179.2283,-30.7524,0,0.2539,0,235.1,playing,5
179.2441,-30.7524,0,0.23804,0,229.72,playing,5
179.2606,-30.7524,0,0.23804,0,224.63,playing,5
179.2767,-30.7524,0,0.15805,0,219.81,playing,5
179.294,-30.7524,0,0.15805,0,215.01,playing,5
179.3113,-30.7524,0,0.17998,0,210.53,playing,5
179.327,13.7874,0,0.17998,0,206.37,playing,5
179.344,13.7874,0,0.17998,0,202.74,playing,5
179.3603,22.8029,0,0.19718,0,199.19,playing,5
179.3763,22.8029,0,0.19718,0,196.14,playing,5
179.3933,22.8029,0,0.17343,0,193.37,playing,5
179.4099,22.2677,0,0.17343,0,190.74,playing,5
179.4263,22.2677,0,0.18146,0,188.43,playing,5
179.4421,22.2677,0,0.18146,0,186.53,playing,5
179.4593,13.4686,0,0.18146,0,184.92,playing,5
179.4756,13.4686,0,0.18228,0,183.53,playing,5
179.4916,13.4686,0,0.18228,0,182.5,playing,5
179.5075,9.3051,0,0.13716,0,181.75,playing,5
179.524,9.3051,0,0.13716,0,181.28,playing,5
179.5406,2.5774,0,0.2108,0,181.1,playing,5
179.5566,2.5774,0,0.2108,0,181.22,playing,5
179.5728,2.5774,0,0.2108,0,181.61,playing,5
179.589,0.0442,0,0.21209,0,182.29,playing,5
179.6064,0.0442,0,0.21209,0,183.33,playing,5
179.6227,0.0442,0,0.22356,1,184.68,playing,5
179.6383,-1.449,0,0.22356,0,186.24,playing,5
179.6547,-1.449,0,0.21015,0,188.08,playing,5
179.671,-1.449,0,0.21015,0,190.2,playing,5
179.6878,-2.7721,0,0.23432,0,192.77,playing,5
179.7049,-2.7721,0,0.23432,0,195.66,playing,5
179.7219,-3.4697,0,0.23432,0,198.86,playing,5
179.7387,-3.4697,0,0.24307,0,202.39,playing,5
179.7545,-3.4697,0,0.24307,0,205.98,playing,5
179.7709,-3.7508,0,0.24307,0,209.86,playing,5
179.7879,-3.7508,0,0.24307,0,214.31,playing,5
179.8047,-3.7508,0,0.25002,0,219.06,playing,5
179.821,-3.9732,0,0.25002,0,223.82,playing,5
179.8382,-3.9732,0,0.26178,0,229.2,playing,5
179.8553,-3.9732,0,0.26178,0,234.89,playing,5
179.8722,-3.9732,0,0.2354,0,240.9,playing,5
179.8891,-3.9732,0,0.2354,0,247.23,playing,5
179.906,-3.8116,0,0.23906,0,253.88,playing,5
179.9232,-3.8116,0,0.23906,0,260.84,playing,5
179.9394,-3.8116,0,0.26905,0,268.13,playing,5
179.9559,-3.4875,0,0.26905,0,275.26,playing,5
179.973,-3.4875,0,0.26905,0,283.16,playing,5
179.9898,-3.1922,0,0.2653,0,291.38,playing,5
180.0062,-3.1922,0,0.2653,0,299.92,playing,5
180.0225,-3.1922,0,0.25818,0,308.23,playing,5
180.0388,-32.2556,1,0.25818,0,316.83,playing,5
180.056,-32.2556,0,0.27002,0,310.52,playing,5
180.0731,-32.2556,0,0.27002,0,304.52,playing,5
180.0898,-33.3324,0,0.27002,0,298.85,playing,5
180.1066,-33.3324,0,0.26228,0,293.49,playing,5
180.1226,-33.3324,0,0.26228,0,288.73,playing,5
180.1381,10.5435,0,0.26228,0,284.25,playing,5
180.1543,10.5435,0,0.26228,0,280.05,playing,5
180.1711,20.8979,0,0.23772,0,276.13,playing,5
180.1877,20.8979,0,0.23772,0,272.29,playing,5
180.204,20.8979,0,0.23772,0,268.95,playing,5
180.222,17.9689,0,0.17289,0,265.55,playing,5
180.2389,17.9689,0,0.17289,0,262.66,playing,5
180.2557,17.9689,0,0.18625,0,260.09,playing,5
180.2718,14.6031,0,0.18625,0,257.95,playing,5
180.2888,14.6031,0,0.19691,0,256.0,playing,5
180.306,10.8611,0,0.19691,0,254.36,playing,5
180.3226,10.8611,0,0.1561,0,253.04,playing,5
180.3389,10.8611,0,0.1561,0,252.08,playing,5
180.3557,5.0891,0,0.1561,0,251.38,playing,5
180.3716,5.0891,0,0.2222,1,251.0,playing,5
180.3874,5.0891,0,0.2222,0,250.9,playing,5
180.4031,2.9563,0,0.20907,0,251.09,playing,5
180.4192,2.9563,0,0.20907,0,251.55,playing,5
180.4356,2.9563,0,0.20907,0,252.3,playing,5
180.4515,1.4083,0,0.21603,0,253.33,playing,5
180.4679,1.4083,0,0.21603,0,254.64,playing,5
180.4848,-0.0892,0,0.23906,0,256.35,playing,5
180.5021,-0.0892,0,0.23906,0,258.38,playing,5
180.5188,-0.0892,0,0.25809,0,260.72,playing,5
180.5348,-1.047,0,0.25809,0,263.21,playing,5
180.5511,-1.047,0,0.25809,0,265.98,playing,5
180.5679,-1.047,0,0.24633,0,269.25,playing,5
180.5851,-1.7601,0,0.24633,0,272.83,playing,5
180.6023,-1.7601,0,0.25422,0,276.72,playing,5
180.6186,-1.7601,0,0.25422,0,280.94,playing,5
180.6351,-2.4761,0,0.28118,0,285.19,playing,5
180.652,-2.4761,0,0.28118,0,290.02,playing,5
180.6684,-3.2784,0,0.2575,0,295.17,playing,5
180.6843,-3.2784,0,0.2575,0,300.3,playing,5
180.7008,-3.2784,0,0.2575,0,305.72,playing,5
180.7174,-21.7351,1,0.25746,0,311.41,playing,5
180.7334,-21.7351,0,0.25746,0,305.1,playing,5
180.7494,-21.7351,0,0.25041,0,299.44,playing,6
180.7657,-15.434,0,0.25041,0,294.06,playing,6
180.7819,-15.434,0,0.25041,0,288.96,playing,6
180.7986,-15.434,0,0.24994,0,283.87,playing,6
180.8144,-15.434,0,0.24994,0,279.35,playing,6
180.8305,-15.434,0,0.24994,0,275.12,playing,6
180.8467,12.6995,0,0.24994,0,271.17,playing,6
180.8627,12.6995,0,0.15692,0,267.5,playing,6
180.8789,12.6995,0,0.15692,0,264.11,playing,6
180.8958,12.9973,0,0.17329,0,260.82,playing,6
180.9119,12.9973,0,0.17329,0,258.02,playing,6
180.9285,12.9973,0,0.17329,0,255.35,playing,6
180.9445,10.1688,0,0.16015,0,253.12,playing,6
180.9608,10.1688,0,0.16015,0,251.18,playing,6
180.977,10.1688,0,0.17037,0,249.51,playing,6
180.9937,5.5307,0,0.17037,0,248.06,playing,6
181.0097,5.5307,0,0.21141,0,246.98,playing,6
181.0256,3.8257,0,0.21141,0,246.18,playing,6
181.0416,3.8257,0,0.21141,0,245.66,playing,6
181.0577,3.8257,0,0.22684,1,245.42,playing,6
181.0742,1.8088,0,0.22684,0,245.46,playing,6
181.0907,1.8088,0,0.21593,0,245.83,playing,6
181.107,1.8088,0,0.21593,0,246.45,playing,6
181.1246,0.6836,0,0.21593,0,247.43,playing,6
181.1411,0.6836,0,0.2155,0,248.73,playing,6
181.1573,0.6836,0,0.2155,0,250.35,playing,6
181.1734,-1.379,0,0.24168,0,252.15,playing,6
181.1892,-1.379,0,0.24168,0,254.24,playing,6
181.2061,-2.5015,0,0.22314,0,256.6,playing,6
181.2228,-2.5015,0,0.22314,0,259.43,playing,6
181.2394,-2.5015,0,0.28161,0,262.58,playing,6
181.2558,-2.4304,0,0.28161,0,265.83,playing,6
181.2716,-2.4304,0,0.28161,0,269.36,playing,6
181.2872,-2.4304,0,0.26177,0,273.17,playing,6
181.3029,-2.2866,0,0.26177,0,277.26,playing,6
181.32,-2.2866,0,0.26185,0,281.63,playing,6
181.3362,-2.2866,0,0.26185,0,286.6,playing,6
181.3526,-22.2544,1,0.25769,0,291.55,playing,6
181.3687,-22.2544,0,0.25769,0,285.59,playing,6
181.385,-24.9585,0,0.25769,0,279.91,playing,6
181.4019,-24.9585,0,0.20862,0,274.2,playing,6
181.4185,-24.9585,0,0.20862,0,268.8,playing,6
181.4349,-7.532,0,0.15241,0,264.01,playing,6
181.4523,-7.532,0,0.15241,0,259.23,playing,6
181.4682,-7.532,0,0.15241,0,254.77,playing,6
181.4846,7.2316,0,0.17651,0,250.85,playing,6
181.5006,7.2316,0,0.17651,0,247.22,playing,6
181.5163,7.2316,0,0.17651,0,243.86,playing,6
181.5327,17.3832,0,0.17651,0,240.79,playing,6
181.5487,17.3832,0,0.17651,0,238.0,playing,6
181.5649,15.8513,0,0.18822,0,235.49,playing,6
181.5818,15.8513,0,0.18822,0,233.14,playing,6
181.5973,15.8513,0,0.19335,0,231.22,playing,6
181.6135,12.6539,0,0.19335,0,229.57,playing,6
181.6297,12.6539,0,0.18122,0,228.2,playing,6
181.6458,12.6539,0,0.18122,0,227.12,playing,6
181.663,6.4792,0,0.18122,0,226.32,playing,6
181.6794,6.4792,0,0.18223,0,225.77,playing,6
181.6961,6.4792,0,0.18223,0,225.57,playing,6
181.7123,4.0716,0,0.19014,0,225.67,playing,6
181.7284,4.0716,0,0.19014,0,226.05,playing,6
181.744,4.0716,0,0.20304,0,226.71,playing,6
181.761,2.1276,0,0.20304,0,227.65,playing,6
181.7779,2.1276,0,0.22997,1,228.97,playing,6
181.795,-0.4043,0,0.22997,0,230.6,playing,6
181.8122,-0.4043,0,0.22997,0,232.56,playing,6
181.8287,-0.4043,0,0.25379,0,234.83,playing,6
181.8452,-1.58,0,0.25379,0,237.25,playing,6
181.8621,-1.58,0,0.2467,0,240.14,playing,6
181.8792,-1.58,0,0.2467,0,243.34,playing,6
181.8951,-1.58,0,0.2467,0,246.87,playing,6
181.9111,-1.58,0,0.26154,0,250.46,playing,6
181.9276,-3.515,0,0.26154,0,254.34,playing,6
181.9435,-3.515,0,0.22717,0,258.51,playing,6
181.9593,-3.515,0,0.22717,0,262.95,playing,6
181.9759,-3.633,0,0.22717,0,267.67,playing,6
181.9929,-3.633,0,0.25817,0,273.01,playing,6
182.0095,-3.633,0,0.25817,0,278.67,playing,6
182.025,-23.5232,1,0.24265,0,284.27,playing,6
182.042,-23.5232,0,0.24265,0,278.31,playing,6
182.0586,-23.5232,0,0.25794,0,272.3,playing,6
182.0746,-26.2381,0,0.25794,0,266.92,playing,6
182.0909,-26.2381,0,0.25794,0,261.83,playing,6
182.1082,-3.2647,0,0.17805,0,256.73,playing,6
182.1246,-3.2647,0,0.17805,0,251.95,playing,6
182.1409,-3.2647,0,0.18886,0,247.74,playing,6
182.1574,9.1567,0,0.18886,0,243.58,playing,6
182.1737,9.1567,0,0.18886,0,239.94,playing,6
182.1906,9.1567,0,0.19094,0,236.4,playing,6
182.207,16.0298,0,0.19094,0,233.34,playing,6
182.224,16.0298,0,0.21496,0,230.41,playing,6
182.2407,14.9248,0,0.21496,0,227.8,playing,6
182.2569,14.9248,0,0.18759,0,225.63,playing,6
182.2733,14.9248,0,0.18759,0,223.64,playing,6
182.2896,12.1485,0,0.18759,0,222.04,playing,6
182.3052,12.1485,0,0.16363,0,220.73,playing,6
182.322,12.1485,0,0.16363,0,219.7,playing,6
182.339,9.2939,0,0.23023,1,218.92,playing,6
182.3553,9.2939,0,0.23023,0,218.47,playing,6
182.3718,9.2939,0,0.23023,0,218.32,playing,6
182.3876,3.8814,0,0.19335,0,218.45,playing,6
182.4034,3.8814,0,0.19335,0,218.86,playing,6
182.4202,0.5179,0,0.23804,0,219.55,playing,6
182.4366,0.5179,0,0.23804,0,220.61,playing,6
182.4528,0.5179,0,0.23804,0,221.88,playing,6
182.4696,-0.4152,0,0.22612,0,223.56,playing,6
182.4854,-0.4152,0,0.22612,0,225.41,playing,6
182.5013,-0.4152,0,0.25011,0,227.55,playing,6
182.518,-1.4281,0,0.25011,0,229.97,playing,6
182.5347,-1.4281,0,0.25011,0,232.86,playing,6
182.5508,-1.4281,0,0.25817,0,235.86,playing,6
182.5676,-2.6524,0,0.25817,0,239.36,playing,6
182.5839,-2.6524,0,0.2539,0,242.94,playing,6
182.6,-20.073,1,0.2539,0,247.07,playing,7
182.6166,-20.073,0,0.2539,0,241.11,playing,7
182.6328,-20.073,0,0.25019,0,235.43,playing,7
182.6483,-19.609,0,0.25019,0,230.04,playing,7
182.6645,-19.609,0,0.27247,0,224.92,playing,7
182.6801,-19.609,0,0.27247,0,220.09,playing,7
182.6967,-13.9241,0,0.27247,0,215.54,playing,7
182.7127,-13.9241,0,0.19691,0,211.27,playing,7
182.7286,-13.9241,0,0.19691,0,207.28,playing,7
182.7448,-3.2231,0,0.16354,0,203.58,playing,7
182.762,-3.2231,0,0.16354,0,199.96,playing,7
182.7791,-3.2231,0,0.18234,0,196.66,playing,7
182.7957,10.0571,0,0.18234,0,193.67,playing,7
182.8119,10.0571,0,0.15415,0,191.15,playing,7
182.8292,14.4095,0,0.15415,0,188.78,playing,7
182.8454,14.4095,0,0.15415,0,186.73,playing,7
182.8619,14.4095,0,0.16179,0,185.09,playing,7
182.879,-8.6136,0,0.16179,0,183.66,playing,7
182.8954,-8.6136,0,0.16704,0,182.54,playing,7
182.9115,-8.6136,0,0.16704,0,181.78,playing,7
182.9272,-19.4891,0,0.17726,0,181.29,playing,7
182.9442,-19.4891,0,0.17726,0,181.09,playing,7
182.9606,-10.3519,0,0.17111,0,181.19,playing,7
182.977,-10.3519,0,0.17111,0,181.57,playing,7
182.9939,-10.3519,0,0.17111,0,182.29,playing,7
183.011,11.5003,0,0.14184,0,183.32,playing,7
183.0275,11.5003,0,0.14184,0,184.68,playing,7
183.044,11.5003,0,0.14184,0,186.24,playing,7
183.0603,19.6298,0,0.18503,0,188.21,playing,7
183.0768,19.6298,0,0.18503,0,190.34,playing,7
183.0925,19.6298,0,0.17509,0,192.76,playing,7
183.1091,11.6673,0,0.17509,0,195.46,playing,7
183.126,11.6673,0,0.17343,0,198.65,playing,7
183.1433,8.0481,0,0.17343,0,202.16,playing,7
183.1599,8.0481,0,0.17343,0,205.98,playing,7
183.1764,8.0481,0,0.1481,0,210.12,playing,7
183.1924,4.0863,0,0.1481,0,214.3,playing,7
183.2087,4.0863,0,0.1986,0,218.76,playing,7
183.2247,4.0863,0,0.1986,0,223.5,playing,7
183.2403,-0.7553,0,0.1986,0,228.53,playing,7
183.2562,-0.7553,0,0.21763,0,233.83,playing,7
183.2724,-0.7553,0,0.21763,0,239.42,playing,7
183.288,-2.0897,0,0.24568,1,245.29,playing,7
183.3047,-2.0897,0,0.24568,0,251.44,playing,7
183.3211,-3.4383,0,0.24568,0,257.87,playing,7
183.338,-4.9196,0,0.2464,0,265.02,playing,7
183.3554,-4.9196,0,0.2464,0,272.49,playing,7
183.3724,-4.7836,0,0.26675,0,280.28,playing,7
183.3883,-4.7836,0,0.26675,0,288.39,playing,7
183.4048,-4.7836,0,0.23157,0,296.3,playing,7
183.4221,-4.8014,0,0.23157,0,305.02,playing,7
183.4391,-4.8014,0,0.23157,0,314.06,playing,7
183.456,-4.3327,0,0.26196,0,323.42,playing,7
183.4726,-4.3327,0,0.26196,0,333.1,playing,7
183.4891,-4.3327,0,0.26988,0,342.49,playing,7
183.5058,-3.7868,0,0.26988,0,352.78,playing,7
183.523,-3.7868,0,0.22305,0,363.39,playing,7
183.5396,-3.7868,0,0.22305,0,374.32,playing,7
183.5559,-23.857,1,0.26581,0,384.89,playing,7
183.5724,-23.857,0,0.26581,0,378.58,playing,7
183.5892,-28.1617,0,0.26581,0,372.92,playing,7
183.6057,-28.1617,0,0.24244,0,367.22,playing,7
183.6212,-28.1617,0,0.24244,0,362.14,playing,7
183.6373,-19.6524,0,0.24657,0,357.35,playing,7
183.654,-19.6524,0,0.24657,0,352.83,playing,7
183.6703,-19.6524,0,0.24657,0,348.35,playing,7
183.6871,12.1415,0,0.24712,0,344.42,playing,7
183.7033,12.1415,0,0.24712,0,340.55,playing,7
183.7201,12.1415,0,0.17329,0,337.2,playing,7
183.7366,19.7803,0,0.17329,0,333.96,playing,7
183.7524,19.7803,0,0.17329,0,331.18,playing,7
183.7685,19.7803,0,0.20058,0,328.69,playing,7
183.7852,15.8343,0,0.20058,0,326.48,playing,7
183.8016,15.8343,0,0.18811,0,324.45,playing,7
183.8177,13.0972,0,0.18811,0,322.82,playing,7
183.8334,13.0972,0,0.16784,0,321.48,playing,7
183.8492,13.0972,0,0.16784,0,320.41,playing,7
183.8657,9.686,0,0.17082,0,319.63,playing,7
183.8818,9.686,0,0.17082,0,319.12,playing,7
183.8973,9.686,0,0.17082,0,318.9,playing,7
183.9138,4.2016,0,0.15925,0,318.96,playing,7
183.9294,4.2016,0,0.15925,0,319.31,playing,7
183.9462,4.2016,0,0.27009,1,319.93,playing,7
183.9626,2.0963,0,0.27009,0,320.91,playing,7
183.9786,2.0963,0,0.27009,0,322.12,playing,7
183.9943,0.4388,0,0.26947,0,323.6,playing,7
184.0111,-0.9514,0,0.26947,0,325.37,playing,7
184.0275,-0.9514,0,0.27379,0,327.57,playing,7
184.0439,-1.7197,0,0.27379,0,329.92,playing,7
184.0611,-1.7197,0,0.27379,0,332.73,playing,7
184.0778,-1.7197,0,0.27381,0,335.86,playing,7
184.095,-2.1157,0,0.27381,0,339.31,playing,7
184.1117,-2.1157,0,0.27603,0,343.08,playing,7
184.1276,-2.1157,0,0.27603,0,346.9,playing,7
184.1439,-4.5817,0,0.29883,0,351.01,playing,7
184.1605,-4.5817,0,0.29883,0,355.7,playing,7
184.1761,-31.9411,1,0.29883,0,360.39,playing,7
184.1923,-31.9411,0,0.2686,0,354.43,playing,7
184.2084,-31.9411,0,0.2686,0,348.75,playing,7
184.2249,-9.1548,0,0.28455,0,343.36,playing,7
184.2416,-9.1548,0,0.28455,0,337.94,playing,7
184.2581,-9.1548,0,0.28455,0,333.13,playing,7
184.2745,15.5935,0,0.22882,0,328.33,playing,7
184.2908,15.5935,0,0.22882,0,324.1,playing,7
184.3081,15.5935,0,0.19327,0,319.92,playing,7
184.3249,19.7557,0,0.19327,0,316.05,playing,7
184.3418,19.7557,0,0.15858,0,312.51,playing,7
184.3588,14.6189,0,0.15858,0,309.28,playing,7
184.376,14.6189,0,0.15858,0,306.37,playing,7
184.3922,14.6189,0,0.16171,0,303.78,playing,7
184.4089,10.392,0,0.16171,0,301.63,playing,7
184.426,10.392,0,0.18174,0,299.65,playing,7
184.4431,10.392,0,0.18174,0,298.0,playing,8
184.4598,4.5549,0,0.20253,0,296.66,playing,8
184.4768,4.5549,0,0.20253,0,295.64,playing,8
184.4925,2.7523,0,0.22222,1,294.96,playing,8
184.5088,2.7523,0,0.22222,0,294.56,playing,8
184.5249,2.7523,0,0.22222,0,294.45,playing,8
184.542,-0.1064,0,0.21053,0,294.64,playing,8
184.5587,-0.1064,0,0.21053,0,295.16,playing,8
184.5743,-0.1064,0,0.23858,0,295.92,playing,8
184.5907,-1.4429,0,0.23858,0,296.97,playing,8
184.6063,-1.4429,0,0.23519,0,298.3,playing,8
184.6231,-1.4429,0,0.23519,0,299.91,playing,8
184.6397,-2.2714,0,0.23519,0,301.93,playing,8
184.656,-2.2714,0,0.24599,0,304.12,playing,8
184.6725,-19.1996,0,0.24599,0,306.77,playing,8
184.688,-19.1996,0,0.27273,0,309.54,playing,8
184.7048,-19.1996,0,0.27273,0,312.59,playing,8
184.722,-27.3606,1,0.26154,0,316.15,playing,8
184.7386,-27.3606,0,0.26154,0,309.84,playing,8
184.755,-27.3606,0,0.26154,0,304.18,playing,8
184.7719,-15.1327,0,0.19241,0,298.49,playing,8
184.7889,-15.1327,0,0.19241,0,293.11,playing,8
184.8061,-15.1327,0,0.18459,0,288.05,playing,8
184.8224,-15.1327,0,0.18459,0,283.31,playing,8
184.8381,-15.1327,0,0.17612,0,279.13,playing,8
184.8549,-0.7374,0,0.17612,0,275.23,playing,8
184.872,-0.7374,0,0.17612,0,271.41,playing,8
184.8886,-0.7374,0,0.17538,0,267.9,playing,8
184.9048,15.4043,0,0.17538,0,264.88,playing,8
184.922,15.4043,0,0.18243,0,261.99,playing,8
184.9387,21.7267,0,0.18243,0,259.42,playing,8
184.9572,20.8385,0,0.1748,0,257.05,playing,8
184.9738,20.8385,0,0.1748,0,255.13,playing,8
184.9905,17.3761,0,0.16525,0,253.53,playing,8
185.0064,17.3761,0,0.16525,0,252.31,playing,8
185.023,17.3761,0,0.16525,0,251.37,playing,8
185.0401,9.8726,0,0.19376,0,250.68,playing,8
185.0565,9.8726,0,0.19376,0,250.32,playing,8
185.0727,9.8726,0,0.21334,0,250.26,playing,8
185.0892,6.1995,0,0.21334,0,250.47,playing,8
185.1062,6.1995,0,0.21868,0,251.03,playing,8
185.1231,1.5976,0,0.21868,0,251.89,playing,8
185.1402,1.5976,0,0.24633,1,253.08,playing,8
185.1571,1.5976,0,0.24633,0,254.59,playing,8
185.1735,-0.0809,0,0.24633,0,256.41,playing,8
185.1894,-0.0809,0,0.25021,0,258.4,playing,8
185.2055,-0.0809,0,0.25021,0,260.68,playing,8
185.2212,-3.3599,0,0.22741,0,263.24,playing,8
185.2373,-3.3599,0,0.22741,0,266.08,playing,8
185.2537,-3.3599,0,0.26101,0,269.21,playing,8
185.2691,-4.0671,0,0.26101,0,272.61,playing,8
185.2853,-4.0671,0,0.26101,0,276.3,playing,8
185.3014,-4.524,0,0.25799,0,280.27,playing,8
185.3172,-4.524,0,0.25799,0,284.52,playing,8
185.3342,-4.524,0,0.24658,0,289.05,playing,8
185.3506,-4.2199,0,0.24658,0,294.18,playing,8
185.3669,-4.2199,0,0.24658,0,299.29,playing,8
185.3837,-4.2199,0,0.28556,0,305.04,playing,8
185.4001,-20.0657,1,0.28556,0,311.11,playing,8
185.4164,-20.0657,0,0.26108,0,305.15,playing,8
185.4328,-20.0657,0,0.26108,0,299.47,playing,8
185.4495,-28.4362,0,0.26108,0,293.76,playing,8
185.4658,-28.4362,0,0.26506,0,288.66,playing,8
185.4823,-17.6728,0,0.26506,0,283.57,playing,8
185.4984,-17.6728,0,0.16538,0,279.05,playing,8
185.5146,-17.6728,0,0.16538,0,274.82,playing,8
185.5314,9.9775,0,0.16538,0,270.87,playing,8
185.5474,9.9775,0,0.16272,0,266.99,playing,8
185.5644,9.9775,0,0.16272,0,263.61,playing,8
185.5808,21.1507,0,0.16424,0,260.35,playing,8
185.5974,21.1507,0,0.16424,0,257.56,playing,8
185.6139,18.0213,0,0.16424,0,254.91,playing,8
185.6312,18.0213,0,0.19674,0,252.58,playing,8
185.6472,18.0213,0,0.19674,0,250.57,playing,8
185.6642,10.5409,0,0.13343,0,248.96,playing,8
185.6811,10.5409,0,0.13343,0,247.57,playing,8
185.6981,10.5409,0,0.19549,0,246.49,playing,8
185.7143,6.8437,0,0.19549,0,245.73,playing,8
185.7307,6.8437,0,0.19549,1,245.3,playing,8
185.7483,6.8437,0,0.22329,0,245.16,playing,8
185.765,4.323,0,0.22329,0,245.34,playing,8
185.7819,4.323,0,0.22329,0,245.83,playing,8
185.7982,0.6778,0,0.22329,0,246.64,playing,8
185.8152,0.6778,0,0.20911,0,247.69,playing,8
185.8312,0.6778,0,0.20911,0,249.12,playing,8
185.8481,-1.1122,0,0.20911,0,250.75,playing,8
185.8649,-1.1122,0,0.26247,0,252.79,playing,8
185.8817,-1.1122,0,0.26247,0,255.16,playing,8
185.8976,-2.1382,0,0.22988,0,257.67,playing,8
185.9137,-2.1382,0,0.22988,0,260.46,playing,8
185.9294,-2.6805,0,0.25755,0,263.53,playing,8
185.9457,-2.6805,0,0.25755,0,266.88,playing,8
185.9616,-2.6805,0,0.25755,0,270.51,playing,8
185.9786,-2.7999,0,0.26586,0,274.69,playing,8
185.9949,-2.7999,0,0.26586,0,278.9,playing,8
186.0118,-2.7999,0,0.2164,0,283.7,playing,8
186.0275,-3.5374,0,0.2164,0,288.49,playing,8
186.0435,-3.5374,0,0.2164,1,293.57,playing,8
186.0612,-3.5374,0,0.24262,0,299.28,playing,8
186.0779,-21.0835,1,0.24262,0,305.31,playing,8
186.0942,-21.0835,0,0.26849,0,299.0,playing,8
186.1107,-29.5445,0,0.26849,0,293.34,playing,8
186.1266,-29.5445,0,0.27759,0,287.96,playing,8
186.143,-29.5445,0,0.27759,0,282.87,playing,8
186.1602,-14.804,0,0.19381,0,277.77,playing,8
186.1769,-14.804,0,0.19381,0,272.99,playing,8
186.1939,-14.804,0,0.19381,0,268.53,playing,8
186.2113,-14.804,0,0.16672,0,264.39,playing,8
186.2276,-14.804,0,0.16672,0,260.56,playing,8
186.2435,-14.804,0,0.15595,0,257.25,playing,8
186.2603,22.2489,0,0.15595,0,254.21,playing,8
186.2765,22.2489,0,0.15595,0,251.3,playing,8
186.2938,19.9272,0,0.20492,0,248.71,playing,9
186.3101,19.9272,0,0.20492,0,246.55,playing,9
186.3263,19.9272,0,0.17932,0,244.58,playing,9
186.3426,19.9272,0,0.17932,0,243.0,playing,9
186.3588,19.9272,0,0.1998,0,241.71,playing,9
186.3751,19.9272,0,0.1998,0,240.65,playing,9
186.3921,8.9014,0,0.1998,0,239.94,playing,9
186.4087,8.9014,0,0.21186,0,239.5,playing,9
186.4248,5.9612,0,0.21186,0,239.37,playing,9
186.4418,5.9612,0,0.22986,1,239.54,playing,9
186.4586,5.9612,0,0.22986,0,240.04,playing,9
186.4746,1.1777,0,0.22986,0,240.78,playing,9
186.4905,1.1777,0,0.22986,0,241.81,playing,9
186.5061,1.1777,0,0.22986,0,243.12,playing,9
186.5231,-0.4499,0,0.25766,0,244.71,playing,9
186.5401,-0.4499,0,0.25766,0,246.72,playing,9
186.557,-0.4499,0,0.24227,0,249.05,playing,9
186.5742,-1.7888,0,0.24227,0,251.7,playing,9
186.5904,-1.7888,0,0.24662,0,254.66,playing,9
186.6071,-2.5366,0,0.24662,0,257.73,playing,9
186.6235,-2.5366,0,0.23793,0,261.31,playing,9
186.6394,-2.5366,0,0.23793,0,264.96,playing,9
186.6557,-3.324,0,0.23793,0,268.89,playing,9
186.6719,-3.324,0,0.24571,0,273.11,playing,9
186.6881,-3.324,0,0.24571,0,277.9,playing,9
186.7051,-2.914,0,0.26643,0,282.7,playing,9
186.7217,-2.914,0,0.26643,0,288.11,playing,9
186.737,-2.914,0,0.26643,0,293.49,playing,9
186.7539,-4.0552,0,0.2968,0,299.15,playing,9
186.7702,-4.0552,0,0.2968,0,305.48,playing,9
186.7866,-20.9216,1,0.29436,0,311.71,playing,9
186.8027,-20.9216,0,0.29436,0,305.76,playing,9
186.8192,-20.9216,0,0.29436,0,300.08,playing,9
186.8357,-25.9907,0,0.28194,0,294.36,playing,9
186.8516,-25.9907,0,0.28194,0,289.27,playing,9
186.868,-25.9907,0,0.28194,0,284.45,playing,9
186.8845,-10.1429,0,0.20455,0,279.66,playing,9
186.9008,-10.1429,0,0.20455,0,275.42,playing,9
186.9168,-10.1429,0,0.20455,0,271.47,playing,9
186.9329,-2.7346,0,0.20187,0,267.8,playing,9
186.95,-2.7346,0,0.20187,0,264.22,playing,9
186.9678,12.1396,0,0.20187,0,260.96,playing,9
186.9844,12.1396,0,0.16151,0,257.86,playing,9
187.0004,12.1396,0,0.16151,0,255.38,playing,9
187.0171,27.2483,0,0.17425,0,253.19,playing,9
187.0333,27.2483,0,0.17425,0,251.18,playing,9
187.0501,27.2483,0,0.16014,0,249.57,playing,9
187.0665,23.6957,0,0.16014,0,248.17,playing,9
187.0832,23.6957,0,0.18329,0,247.14,playing,9
187.1002,19.1833,0,0.18329,0,246.37,playing,9
187.1173,14.6382,0,0.17168,0,245.91,playing,9
187.134,14.6382,0,0.17168,0,245.77,playing,9
187.1509,10.2088,0,0.17168,0,245.94,playing,9
187.1675,10.2088,0,0.20162,0,246.44,playing,9
187.1835,10.2088,0,0.20162,0,247.18,playing,9
187.1994,6.1933,0,0.20162,0,248.21,playing,9
187.2153,6.1933,0,0.20162,0,249.52,playing,9
187.2321,6.1933,0,0.25851,1,251.12,playing,9
187.2489,0.5804,0,0.25851,0,253.13,playing,9
187.2657,0.5804,0,0.25851,0,255.45,playing,9
187.2823,-1.1446,0,0.31586,0,257.92,playing,9
187.2991,-1.1446,0,0.31586,0,260.87,playing,9
187.3159,-1.1446,0,0.26937,0,264.13,playing,9
187.3326,-3.7598,0,0.26937,0,267.71,playing,9
187.35,-3.7598,0,0.26937,0,271.36,playing,9
187.367,-3.7598,0,0.27374,0,275.83,playing,9
187.3835,-4.4883,0,0.27374,0,280.36,playing,9
187.3997,-4.4883,0,0.2701,0,284.91,playing,9
187.4158,-4.4421,0,0.2701,0,289.74,playing,9
187.4329,-4.4421,0,0.2701,0,295.19,playing,9
187.4495,-4.4421,0,0.28194,0,300.96,playing,9
187.466,-4.6797,0,0.28194,0,306.67,playing,9
187.4832,-4.6797,0,0.28194,0,313.05,playing,9
187.4995,-4.6797,0,0.26108,0,319.76,playing,9
187.5158,-8.5641,0,0.26108,0,326.35,playing,9
187.5325,-8.5641,0,0.26108,0,333.67,playing,9
187.5487,-8.5641,0,0.26108,0,340.84,playing,9
187.5643,-30.1472,1,0.28823,0,348.29,playing,9
187.5802,-30.1472,0,0.28823,0,342.33,playing,9
187.5969,-24.2155,0,0.28823,0,336.66,playing,9
187.6143,-24.2155,0,0.28062,0,330.63,playing,9
187.6307,-24.2155,0,0.28062,0,325.55,playing,9
187.6467,-15.3775,0,0.23062,0,320.75,playing,9
187.6631,-15.3775,0,0.23062,0,316.24,playing,9
187.6792,-15.3775,0,0.19189,0,311.76,playing,9
187.6957,21.6228,0,0.19189,0,307.82,playing,9
187.712,21.6228,0,0.17772,0,304.17,playing,9
187.729,21.6228,0,0.17772,0,300.61,playing,9
187.7454,22.146,0,0.17772,0,297.36,playing,9
187.7622,22.146,0,0.16421,0,294.59,playing,9
187.7792,15.2438,0,0.16421,0,291.96,playing,9
187.7958,15.2438,0,0.16363,0,289.65,playing,9
187.8122,15.2438,0,0.16363,0,287.76,playing,9
187.8291,11.0457,0,0.19812,0,286.06,playing,9
187.8455,11.0457,0,0.19812,0,284.69,playing,9
187.8618,11.0457,0,0.18913,0,283.68,playing,9
187.8775,7.751,0,0.18913,0,282.94,playing,9
187.8939,7.751,0,0.18913,0,282.49,playing,9
187.9112,2.6332,0,0.18913,0,282.33,playing,9
187.9273,2.6332,0,0.18913,0,282.49,playing,9
187.9437,2.6332,0,0.26893,1,282.92,playing,9
187.96,0.7882,0,0.26893,0,283.64,playing,9
187.9769,0.7882,0,0.25857,0,284.71,playing,9
187.9933,0.7882,0,0.25857,0,286.1,playing,9
188.0091,-0.3421,0,0.25857,0,287.69,playing,9
188.0261,-0.3421,0,0.25342,0,289.57,playing,9
188.0425,-0.3421,0,0.25342,0,291.88,playing,9
188.0589,-1.7077,0,0.26649,0,294.33,playing,9
188.0763,-1.7077,0,0.26649,0,297.26,playing,9
188.0929,-3.5023,0,0.30091,0,300.5,playing,9
188.1099,-3.5023,0,0.30091,0,304.06,playing,9
188.1273,-3.5023,0,0.2828,0,307.94,playing,9
188.1436,-3.7152,0,0.2828,0,312.14,playing,10
188.1597,-3.7152,0,0.2828,0,316.37,playing,10
188.1751,-3.7152,0,0.27335,0,320.88,playing,10
188.192,-3.6116,0,0.27335,0,325.68,playing,10
188.2091,-3.6116,0,0.2653,0,331.09,playing,10
188.2263,-30.5177,1,0.2653,0,336.82,playing,10
188.2428,-30.5177,0,0.28931,0,330.51,playing,10
188.2587,-30.5177,0,0.28931,0,324.85,playing,10
188.2745,-26.9928,0,0.28931,0,319.47,playing,10
188.2913,-26.9928,0,0.26178,0,314.38,playing,10
188.3079,-26.9928,0,0.26178,0,309.28,playing,10
188.325,-14.8639,0,0.21105,0,304.5,playing,10
188.3416,-14.8639,0,0.21105,0,300.04,playing,10
188.3576,-14.8639,0,0.17932,0,296.12,playing,10
188.3738,19.0538,0,0.17932,0,292.49,playing,10
188.3894,19.0538,0,0.17932,0,289.14,playing,10
188.4056,20.4134,0,0.17343,0,286.06,playing,10
188.4215,20.4134,0,0.17343,0,283.27,playing,10
188.438,20.4134,0,0.14478,0,280.76,playing,10
188.4544,14.2308,0,0.14478,0,278.42,playing,10
188.4707,14.2308,0,0.14478,0,276.49,playing,10
188.4864,14.2308,0,0.16117,0,274.84,playing,10
188.5023,10.9585,0,0.16117,0,273.48,playing,10
188.5187,10.9585,0,0.16479,0,272.39,playing,10
188.5344,10.9585,0,0.16479,0,271.59,playing,10
188.5513,10.9585,0,0.22313,1,271.07,playing,10
188.5677,4.0549,0,0.22313,0,270.84,playing,10
188.5841,2.1095,0,0.22313,0,270.9,playing,10
188.6007,2.1095,0,0.25457,0,271.28,playing,10
188.6163,2.1095,0,0.25457,0,271.92,playing,10
188.6325,0.4419,0,0.20066,0,272.85,playing,10
188.6493,0.4419,0,0.20066,0,274.05,playing,10
188.6662,0.4419,0,0.20066,0,275.65,playing,10
188.6823,-0.8953,0,0.24591,0,277.57,playing,10
188.6992,-0.8953,0,0.24591,0,279.65,playing,10
188.7161,-0.8953,0,0.25421,0,282.18,playing,10
188.7329,-2.8078,0,0.25421,0,285.03,playing,10
188.7499,-2.8078,0,0.27402,0,288.2,playing,10
188.7666,-3.1876,0,0.27402,0,291.69,playing,10
188.7826,-3.1876,0,0.28455,0,295.25,playing,10
188.7985,-3.1876,0,0.28455,0,299.1,playing,10
188.8143,-7.3649,0,0.28455,0,303.22,playing,10
188.8313,-7.3649,0,0.29593,0,307.63,playing,10
188.8482,-7.3649,0,0.29593,0,312.63,playing,10
188.865,-23.2152,1,0.28544,0,317.95,playing,10
188.8816,-23.2152,0,0.28544,0,311.64,playing,10
188.8981,-23.2152,0,0.24987,0,305.98,playing,10
188.9147,-23.0367,0,0.24987,0,300.29,playing,10
188.9312,-23.0367,0,0.24987,0,295.21,playing,10
188.9475,-12.7913,0,0.16218,0,290.13,playing,10
188.9638,-12.7913,0,0.16218,0,285.63,playing,10
188.9798,-12.7913,0,0.17242,0,281.42,playing,10
188.9971,20.0808,0,0.17242,0,277.25,playing,10
189.0135,20.0808,0,0.19702,0,273.41,playing,10
189.0294,20.0808,0,0.19702,0,270.07,playing,10
189.0461,22.0431,0,0.19702,0,266.85,playing,10
189.0622,22.0431,0,0.18643,0,264.09,playing,10
189.0789,22.0431,0,0.18643,0,261.62,playing,10
189.0962,19.2971,0,0.18887,0,259.31,playing,10
189.1133,19.2971,0,0.18887,0,257.32,playing,10
189.1294,11.318,0,0.21158,0,255.64,playing,10
189.1459,11.318,0,0.21158,0,254.35,playing,10
189.1628,11.318,0,0.21158,0,253.29,playing,10
189.1792,8.2402,0,0.21194,0,252.55,playing,10
189.1958,8.2402,0,0.21194,0,252.14,playing,10
189.2115,8.2402,0,0.24634,1,252.0,playing,10
189.227,3.2781,0,0.24634,0,252.15,playing,10
189.2438,3.2781,0,0.25427,0,252.58,playing,10
189.2608,1.3906,0,0.25427,0,253.36,playing,10
189.2777,1.3906,0,0.25427,0,254.45,playing,10
189.2944,1.3906,0,0.27384,0,255.76,playing,10
189.3103,0.1006,0,0.27384,0,257.47,playing,10
189.3272,0.1006,0,0.28214,0,259.36,playing,10
189.3433,0.1006,0,0.28214,0,261.69,playing,10
189.3593,-27.2398,1,0.29509,0,264.16,playing,10
189.3758,-27.2398,0,0.29509,0,258.2,playing,10
189.392,-27.2398,0,0.29509,0,252.53,playing,10
189.409,-29.0902,0,0.24592,0,246.81,playing,10
189.4259,-29.0902,0,0.24592,0,241.42,playing,10
189.4431,-3.4832,0,0.17413,0,236.34,playing,10
189.4595,-3.4832,0,0.17413,0,231.58,playing,10
189.4757,-3.4832,0,0.18763,0,227.38,playing,10
189.4913,12.2252,0,0.18763,0,223.46,playing,10
189.5076,12.2252,0,0.18763,0,219.83,playing,10
189.5241,12.2252,0,0.22029,1,216.48,playing,10
189.5413,16.2647,0,0.22029,0,213.23,playing,10
189.5573,16.2647,0,0.22029,0,210.3,playing,10
189.5736,16.2647,0,0.17507,0,207.83,playing,10
189.5899,12.5492,0,0.17507,0,205.64,playing,10
189.6065,12.5492,0,0.25004,0,203.63,playing,10
189.6224,9.7117,0,0.25004,0,202.02,playing,10
189.6389,9.7117,0,0.20253,0,200.69,playing,10
189.6559,9.7117,0,0.20253,0,199.59,playing,10
189.6724,4.6981,0,0.24988,0,198.81,playing,10
189.6886,4.6981,0,0.24988,0,198.36,playing,10
189.7049,4.6981,0,0.24988,0,198.2,playing,10
189.7217,2.6085,0,0.25367,0,198.34,playing,10
189.7377,2.6085,0,0.25367,0,198.75,playing,10
189.7536,2.6085,0,0.28139,0,199.44,playing,10
189.771,2.6085,0,0.28139,0,200.5,playing,10
189.788,2.6085,0,0.27788,0,201.87,playing,10
189.805,-1.6031,0,0.27788,0,203.56,playing,10
189.8219,-1.6031,0,0.27788,0,205.57,playing,10
189.8386,-1.6031,0,0.27383,0,207.9,playing,10
189.8548,-2.8082,0,0.27383,0,210.37,playing,10
189.8721,-2.8082,0,0.27011,0,213.32,playing,10
189.8885,-2.8082,0,0.27011,0,216.58,playing,10
189.9048,-2.9938,0,0.2931,0,219.93,playing,10
189.9219,-2.9938,0,0.2931,0,223.81,playing,10
189.9393,-3.7733,0,0.2931,0,228.01,playing,10
189.9556,-3.7733,0,0.29673,0,232.52,playing,10
189.9722,-3.7733,0,0.29673,0,237.05,playing,10
189.9888,-18.9556,0,0.26999,0,242.19,playing,11
190.0058,-18.9556,0,0.26999,0,247.64,playing,11
190.0229,-18.9556,0,0.27665,0,253.4,playing,11
190.0392,-19.4371,1,0.27665,0,259.49,playing,11
190.0558,-19.4371,0,0.2784,0,253.53,playing,11
190.0725,5.1806,0,0.2784,0,247.52,playing,11
190.0893,5.1806,0,0.2784,0,242.14,playing,11
190.105,5.1806,0,0.25792,0,236.75,playing,11
190.1217,14.2099,0,0.25792,0,231.95,playing,11
190.1381,14.2099,0,0.18073,0,227.43,playing,11
190.1547,14.2099,0,0.18073,0,222.95,playing,11
190.1709,12.2522,0,0.19693,0,219.02,playing,11
190.1876,12.2522,0,0.19693,0,215.16,playing,11
190.2036,12.2522,0,0.19693,0,211.8,playing,11
190.2201,9.7389,0,0.20976,0,208.73,playing,11
190.2361,9.7389,0,0.20976,0,205.79,playing,11
190.2531,5.4144,0,0.27765,1,203.29,playing,11
190.2698,5.4144,0,0.27765,0,200.97,playing,11
190.2871,5.4144,0,0.29056,0,198.95,playing,11
190.3034,2.7949,0,0.29056,0,197.26,playing,11
190.3196,2.7949,0,0.29056,0,195.95,playing,11
190.3362,2.7949,0,0.23842,0,194.92,playing,11
190.3529,1.1222,0,0.23842,0,194.14,playing,11
190.3698,1.1222,0,0.26656,0,193.68,playing,11
190.3851,-0.4261,0,0.26656,0,193.53,playing,11
190.402,-0.9464,0,0.26656,0,193.66,playing,11
190.4189,-0.9464,0,0.26202,0,194.12,playing,11
190.4358,-2.0607,0,0.26202,0,194.9,playing,11
190.4517,-2.0607,0,0.26125,0,195.91,playing,11
190.468,-2.0607,0,0.26125,0,197.2,playing,11
190.4844,-1.8437,0,0.27788,0,198.89,playing,11
190.5007,-1.8437,0,0.27788,0,200.77,playing,11
190.5164,-1.8437,0,0.25374,0,202.92,playing,11
190.5333,-2.2413,0,0.25374,0,205.36,playing,11
190.5499,-2.2413,0,0.25374,0,208.26,playing,11
190.5665,-1.9749,0,0.27043,0,211.49,playing,11
190.5825,-1.9749,0,0.27043,0,214.81,playing,11
190.5983,-1.9749,0,0.28542,0,218.4,playing,11
190.6145,-6.3545,0,0.28542,0,222.28,playing,11
190.631,-6.3545,0,0.28542,0,226.45,playing,11
190.6476,-6.3545,0,0.28498,0,231.19,playing,11
190.6638,-25.4168,1,0.28498,0,235.93,playing,11
190.6812,-25.4168,0,0.28233,0,229.62,playing,11
190.6978,-25.4168,0,0.28233,0,223.62,playing,11
190.7141,-16.4267,0,0.25841,0,218.26,playing,11
190.7305,-16.4267,0,0.25841,0,212.89,playing,11
190.7465,-6.1891,0,0.23465,0,208.11,playing,11
190.7623,-6.1891,0,0.23465,0,203.61,playing,11
190.779,-6.1891,0,0.23465,0,199.39,playing,11
190.7963,-6.1891,0,0.18311,0,195.23,playing,11
190.8124,-6.1891,0,0.18311,0,191.39,playing,11
190.8292,-6.1891,0,0.18735,0,188.05,playing,11
190.8455,19.6754,0,0.18735,0,184.82,playing,11
190.8617,19.6754,0,0.18735,0,182.07,playing,11
190.8782,19.6754,0,0.17083,0,179.6,playing,11
190.8945,16.8786,0,0.17083,0,177.29,playing,11
190.9102,16.8786,0,0.16507,0,175.39,playing,11
190.9265,10.3451,0,0.16507,0,173.78,playing,11
190.9428,10.3451,0,0.23109,1,172.45,playing,11
190.9597,10.3451,0,0.23109,0,171.36,playing,11
190.9761,7.3278,0,0.23109,0,170.61,playing,11
190.9925,7.3278,0,0.25094,0,170.13,playing,11
191.0081,7.3278,0,0.25094,0,169.96,playing,11
191.0248,2.208,0,0.2701,0,170.08,playing,11
191.0406,2.208,0,0.2701,0,170.47,playing,11
191.0571,2.208,0,0.2701,0,171.15,playing,11
191.0735,0.1107,0,0.26203,0,172.18,playing,11
191.0894,0.1107,0,0.26203,0,173.44,playing,11
191.1057,-1.5461,0,0.28325,0,174.98,playing,11
191.1223,-1.5461,0,0.28325,0,176.8,playing,11
191.1392,-1.5461,0,0.25427,0,179.06,playing,11
191.1557,-2.583,0,0.25427,0,181.63,playing,11
191.1716,-2.583,0,0.25478,0,184.33,playing,11
191.188,-2.583,0,0.25478,0,187.31,playing,11
191.2047,-3.8979,0,0.25478,0,190.8,playing,11
191.2205,-3.8979,0,0.23385,0,194.36,playing,11
191.2364,-3.8979,0,0.23385,0,198.2,playing,11
191.2522,-3.6801,0,0.26173,0,202.33,playing,11
191.2686,-3.6801,0,0.26173,0,206.74,playing,11
191.2842,-3.5833,0,0.26173,0,211.43,playing,11
191.3011,-3.5833,0,0.25365,0,216.4,playing,11
191.3184,-3.5833,0,0.25365,0,222.0,playing,11
191.3342,-3.0156,0,0.2623,0,227.92,playing,11
191.3511,-3.0156,0,0.2623,0,233.77,playing,11
191.368,-3.0156,0,0.25024,0,240.3,playing,11
191.385,-3.4445,0,0.25024,0,247.15,playing,11
191.4021,-3.4445,0,0.25024,0,254.33,playing,11
191.4184,-3.4445,0,0.25024,0,261.81,playing,11
191.4343,-3.6042,0,0.25024,0,269.14,playing,11
191.4502,-3.6042,0,0.2658,0,276.75,playing,11
191.4663,-28.1906,1,0.2658,0,284.65,playing,11
191.4825,-28.1906,0,0.23861,0,278.69,playing,11
191.4992,-28.1906,0,0.23861,0,273.01,playing,11
191.5157,-27.1671,0,0.27008,0,267.3,playing,11
191.5315,-27.1671,0,0.27008,0,262.2,playing,11
191.5477,-27.1671,0,0.27008,0,257.39,playing,11
191.5638,6.2008,0,0.24116,0,252.86,playing,11
191.5811,6.2008,0,0.24116,0,248.36,playing,11
191.5977,6.2008,0,0.22174,0,244.18,playing,11
191.6149,19.4227,0,0.22174,0,240.31,playing,11
191.6316,19.4227,0,0.17352,0,236.77,playing,11
191.6479,20.4072,0,0.17352,0,233.72,playing,11
191.6646,20.4072,0,0.17352,0,230.79,playing,11
191.6818,20.4072,0,0.14281,0,228.18,playing,11
191.698,18.1592,0,0.14281,0,226.0,playing,11
191.7144,18.1592,0,0.20482,0,224.01,playing,11
191.7306,18.1592,0,0.20482,0,222.42,playing,11
191.7466,11.9572,0,0.20769,0,221.11,playing,11
191.7624,11.9572,0,0.20769,0,220.08,playing,11
191.7784,11.9572,0,0.20769,0,219.33,playing,11
191.7941,5.6078,0,0.24762,1,218.86,playing,11
191.8112,5.6078,0,0.24762,0,218.67,playing,11
191.8277,3.3622,0,0.27943,0,218.79,playing,12
191.8439,3.3622,0,0.27943,0,219.19,playing,12
191.8601,3.3622,0,0.27943,0,219.93,playing,12
191.8765,0.1089,0,0.25354,0,220.9,playing,12
191.8924,0.1089,0,0.25354,0,222.16,playing,12
191.9104,0.1089,0,0.25354,0,223.7,playing,12
191.9264,-1.316,0,0.26204,0,225.79,playing,12
191.9421,-1.316,0,0.26204,0,227.93,playing,12
191.959,-1.8388,0,0.25803,0,230.35,playing,12
191.9754,-1.8388,0,0.25803,0,233.23,playing,12
191.9917,-1.8388,0,0.24134,0,236.23,playing,12
192.0073,-3.2588,0,0.24134,0,239.52,playing,12
192.024,-3.2588,0,0.24134,0,243.08,playing,12
192.0402,-3.2588,0,0.21395,0,247.18,playing,12
192.0562,-3.8501,0,0.21395,0,251.33,playing,12
192.0723,-3.8501,0,0.26623,1,255.75,playing,12
192.0889,-3.8501,0,0.26623,0,260.46,playing,12
192.1059,-4.0133,0,0.26623,0,265.78,playing,12
192.123,-4.0133,0,0.26623,0,271.42,playing,12
192.1397,-4.0133,0,0.23465,0,277.37,playing,12
192.156,-4.0133,0,0.23465,0,283.26,playing,12
192.1731,-4.0133,0,0.23465,0,289.83,playing,12
192.1897,-26.7253,1,0.25107,0,296.72,playing,12
192.2059,-26.7253,0,0.25107,0,290.76,playing,12
192.2221,-26.7253,0,0.24294,0,284.75,playing,12
192.2387,-19.6162,0,0.24294,0,279.37,playing,12
192.2543,-19.6162,0,0.24615,0,274.27,playing,12
192.2708,-19.6162,0,0.24615,0,269.46,playing,12
192.2878,-19.6162,0,0.24615,0,264.66,playing,12
192.303,-19.6162,0,0.18358,0,260.43,playing,12
192.3201,1.4232,0,0.18358,0,256.48,playing,12
192.3367,14.1944,0,0.18732,0,252.6,playing,12
192.3524,14.1944,0,0.18732,0,249.22,playing,12
192.3688,24.0602,0,0.18732,0,246.14,playing,12
192.3848,24.0602,0,0.221,1,243.33,playing,12
192.4001,24.0602,0,0.221,0,240.8,playing,12
192.4163,24.6071,0,0.18134,0,238.56,playing,12
192.4327,24.6071,0,0.18134,0,236.59,playing,12
192.449,24.6071,0,0.17687,0,234.91,playing,12
192.4663,21.4276,0,0.17687,0,233.44,playing,12
192.4825,21.4276,0,0.17687,0,232.29,playing,12
192.4985,21.4276,0,0.21329,0,231.49,playing,12
192.515,12.4822,0,0.21329,0,230.97,playing,12
192.5319,12.4822,0,0.20712,0,230.74,playing,12
192.5489,8.7583,0,0.20712,0,230.82,playing,12
192.5656,8.7583,0,0.29915,0,231.22,playing,12
192.5813,8.7583,0,0.29915,0,231.88,playing,12
192.5972,2.6105,0,0.29915,0,232.82,playing,12
192.6133,2.6105,0,0.2539,0,234.04,playing,12
192.6297,2.6105,0,0.2539,0,235.55,playing,12
192.6461,0.3017,0,0.26959,0,237.33,playing,12
192.6623,0.3017,0,0.26959,0,239.55,playing,12
192.6785,0.3017,0,0.25799,0,241.91,playing,12
192.6946,-2.6197,0,0.25799,0,244.56,playing,12
192.7107,-2.6197,0,0.26136,0,247.49,playing,12
192.7266,-3.7111,0,0.26136,0,250.7,playing,12
192.7428,-3.7111,0,0.26136,0,254.2,playing,12
192.7595,-3.7111,0,0.27391,0,258.22,playing,12
192.7757,-4.0388,0,0.27391,0,262.3,playing,12
192.7919,-4.0388,0,0.27391,0,266.65,playing,12
192.8086,-4.0388,0,0.27391,0,271.6,playing,12
192.8253,-4.5859,0,0.27391,0,276.53,playing,12
192.8414,-4.5859,0,0.25405,0,282.1,playing,12
192.8575,-4.5859,0,0.25405,0,287.61,playing,12
192.8742,-4.8264,0,0.26177,0,293.41,playing,12
192.8908,-4.8264,0,0.26177,0,299.89,playing,12
192.9074,-32.1245,1,0.25024,0,306.69,playing,12
192.9236,-32.1245,0,0.25024,0,300.73,playing,12
192.94,-32.1245,0,0.28588,0,295.05,playing,12
192.9564,-28.975,0,0.28588,0,289.34,playing,12
192.973,-28.975,0,0.28588,0,284.24,playing,12
192.99,-28.975,0,0.25496,0,279.15,playing,12
193.0063,12.6794,0,0.25496,0,274.37,playing,12
193.0223,12.6794,0,0.28189,0,270.15,playing,12
193.0386,12.6794,0,0.28189,0,266.22,playing,12
193.0542,16.1008,0,0.28189,0,262.56,playing,12
193.0707,16.1008,0,0.17201,0,259.19,playing,12
193.0867,15.4472,0,0.17201,0,256.1,playing,12
193.103,15.4472,0,0.18222,0,253.29,playing,12
193.1203,15.4472,0,0.18222,0,250.63,playing,12
193.137,12.9079,0,0.23732,1,248.28,playing,12
193.154,12.9079,0,0.23732,0,246.25,playing,12
193.1704,12.9079,0,0.23732,0,244.54,playing,12
193.187,9.6853,0,0.19902,0,243.21,playing,12
193.2034,9.6853,0,0.19902,0,242.12,playing,12
193.2191,7.2897,0,0.20595,0,241.37,playing,12
193.2351,3.1243,0,0.20595,0,240.9,playing,12
193.252,3.1243,0,0.26984,0,240.71,playing,12
193.2686,2.0281,0,0.26984,0,240.83,playing,12
193.2849,2.0281,0,0.26984,0,241.23,playing,12
193.3021,2.0281,0,0.23848,0,241.97,playing,12
193.319,0.1695,0,0.23848,0,243.02,playing,12
193.3356,0.1695,0,0.25043,0,244.4,playing,12
193.3514,0.1695,0,0.25043,0,245.97,playing,12
193.3674,-0.8645,0,0.23521,0,247.83,playing,12
193.3844,-0.8645,0,0.23521,0,249.96,playing,12
193.4012,-0.8645,0,0.25026,0,252.55,playing,12
193.4175,-0.8645,0,0.25026,0,255.46,playing,12
193.4333,-0.8645,0,0.25026,0,258.48,playing,12
193.4502,-1.9458,0,0.25486,0,261.78,playing,12
193.4666,-1.9458,0,0.25486,0,265.6,playing,12
193.4836,-1.9458,0,0.25486,0,269.48,playing,12
193.5,-2.3214,0,0.25486,0,273.92,playing,12
193.5164,-2.3214,0,0.25486,0,278.68,playing,12
193.5324,-2.3214,0,0.26245,0,283.44,playing,12
193.5488,-2.719,0,0.26245,0,288.48,playing,12
193.5654,-2.719,0,0.27434,0,294.16,playing,12
193.5816,-22.7589,1,0.27434,0,299.78,playing,12
193.5979,-22.7589,0,0.2801,0,293.82,playing,12
193.6149,-22.7589,0,0.2801,0,287.81,playing,12
193.6321,-27.7544,0,0.2801,0,282.11,playing,12
193.6481,-27.7544,0,0.25446,0,276.73,playing,12
193.665,-27.7544,0,0.25446,0,271.96,playing,12
193.6814,-18.0213,0,0.25781,0,267.2,playing,13
193.6978,-18.0213,0,0.25781,0,263.0,playing,13
193.7139,1.5862,0,0.23757,0,259.08,playing,13
193.7303,14.1446,0,0.23757,0,255.24,playing,13
193.7472,14.1446,0,0.23757,0,251.9,playing,13
193.7636,15.8286,0,0.15674,0,248.67,playing,13
193.7791,15.8286,0,0.15674,0,245.92,playing,13
193.7955,15.8286,0,0.20467,0,243.45,playing,13
193.8113,11.8217,0,0.20467,0,241.25,playing,13
193.8275,11.8217,0,0.20467,0,239.34,playing,13
193.8438,11.8217,0,0.16879,0,237.71,playing,13
193.8613,9.1323,0,0.16879,0,236.3,playing,13
193.877,9.1323,0,0.21128,0,235.21,playing,13
193.894,9.1323,0,0.21128,0,234.46,playing,13
193.9103,4.2805,0,0.22636,1,233.98,playing,13
193.9266,4.2805,0,0.22636,0,233.81,playing,13
193.943,2.4871,0,0.22636,0,233.93,playing,13
193.9599,2.4871,0,0.21516,0,234.36,playing,13
193.977,2.4871,0,0.21516,0,235.12,playing,13
193.9937,1.1094,0,0.21959,0,236.2,playing,13
194.0093,1.1094,0,0.21959,0,237.49,playing,13
194.0264,1.1094,0,0.24157,0,239.06,playing,13
194.0427,-0.8599,0,0.24157,0,241.05,playing,13
194.0588,-0.8599,0,0.24157,0,243.21,playing,13
194.0763,-1.7059,0,0.24268,0,245.82,playing,13
194.0926,-1.7059,0,0.24268,0,248.74,playing,13
194.1093,-1.7059,0,0.23795,0,251.78,playing,13
194.126,-2.5372,0,0.23795,0,255.32,playing,13
194.1431,-2.5372,0,0.23818,0,259.18,playing,13
194.1595,-2.5372,0,0.23818,0,263.36,playing,13
194.1755,-2.0949,0,0.27738,0,267.57,playing,13
194.1918,-2.0949,0,0.27738,0,272.07,playing,13
194.2084,-2.0949,0,0.28652,0,276.85,playing,13
194.2249,-1.489,0,0.28652,0,282.24,playing,13
194.2413,-1.489,0,0.28652,0,287.95,playing,13
194.2579,-1.6035,0,0.28256,0,293.61,playing,13
194.2753,-1.6035,0,0.28256,0,299.94,playing,13
194.2924,-1.6035,0,0.26996,0,306.59,playing,13
194.3089,-1.7599,0,0.26996,0,313.55,playing,13
194.3257,-1.7599,0,0.25873,0,320.83,playing,13
194.3414,-1.7599,0,0.25873,0,327.97,playing,13
194.3588,-2.1151,0,0.25873,0,335.39,playing,13
194.3751,-2.1151,0,0.25493,0,344.09,playing,13
194.3919,-22.5969,1,0.25493,0,352.11,playing,13
194.4085,-22.5969,0,0.26228,0,345.79,playing,13
194.4248,-22.5969,0,0.26228,0,340.13,playing,13
194.4421,8.104,0,0.26556,0,334.44,playing,13
194.4581,8.104,0,0.26556,0,329.06,playing,13
194.4749,8.104,0,0.20135,0,324.28,playing,13
194.4911,11.5318,0,0.20135,0,319.52,playing,13
194.5077,11.5318,0,0.20135,0,315.32,playing,13
194.5238,11.5318,0,0.20665,0,311.41,playing,13
194.5403,11.1192,0,0.20665,0,307.56,playing,13
194.5562,11.1192,0,0.1631,0,304.23,playing,13
194.5727,7.052,0,0.1631,0,301.17,playing,13
194.5887,7.052,0,0.16392,0,298.4,playing,13
194.605,7.052,0,0.16392,0,295.91,playing,13
194.6213,5.7297,0,0.16392,0,293.58,playing,13
194.6377,5.7297,0,0.21227,0,291.67,playing,13
194.6534,5.7297,0,0.21227,0,290.04,playing,13
194.6705,2.498,0,0.19248,0,288.69,playing,13
194.6873,2.498,0,0.19248,0,287.58,playing,13
194.7041,1.1472,0,0.25469,1,286.79,playing,13
194.7207,1.1472,0,0.25469,0,286.31,playing,13
194.7368,1.1472,0,0.27046,0,286.14,playing,13
194.7525,1.1472,0,0.27046,0,286.25,playing,13
194.7694,1.1472,0,0.27046,0,286.65,playing,13
194.786,1.1472,0,0.26911,0,287.39,playing,13
194.803,-1.1213,0,0.26911,0,288.44,playing,13
194.8198,-1.1213,0,0.24642,0,289.82,playing,13
194.8369,-1.1213,0,0.24642,0,291.51,playing,13
194.8533,-1.3651,0,0.27408,0,293.52,playing,13
194.8699,-1.3651,0,0.27408,0,295.69,playing,13
194.8872,-1.3651,0,0.23825,0,298.32,playing,13
194.9036,-1.3651,0,0.23825,0,301.26,playing,13
194.9195,-1.3651,0,0.23825,0,304.31,playing,13
194.9357,-21.5477,1,0.25441,0,307.65,playing,13
194.9519,-21.5477,0,0.25441,0,301.69,playing,13
194.969,-21.5477,0,0.26234,0,295.68,playing,13
194.9855,-24.1691,0,0.26234,0,289.98,playing,13
195.0017,-24.1691,0,0.22509,0,284.9,playing,13
195.0179,-24.1691,0,0.22509,0,280.11,playing,13
195.0344,-1.484,0,0.22509,0,275.33,playing,13
195.0508,-1.484,0,0.17974,0,271.11,playing,13
195.0666,11.9283,0,0.17974,0,267.18,playing,13
195.0823,11.9283,0,0.16689,0,263.52,playing,13
195.0988,11.9283,0,0.16689,0,260.15,playing,13
195.116,15.9548,0,0.16469,0,256.89,playing,13
195.1328,15.9548,0,0.16469,0,253.94,playing,13
195.1497,15.9548,0,0.19341,0,251.31,playing,13
195.1661,13.8164,0,0.19341,0,249.12,playing,13
195.1828,13.8164,0,0.19341,0,247.11,playing,13
195.1991,10.6159,0,0.20413,0,245.5,playing,13
195.2158,10.6159,0,0.20413,0,244.11,playing,13
195.2321,10.6159,0,0.21842,0,243.08,playing,13
195.2491,5.3839,0,0.21842,0,242.3,playing,13
195.266,5.3839,0,0.207,0,241.84,playing,13
195.2831,5.3839,0,0.207,0,241.7,playing,13
195.3001,3.0537,0,0.22551,1,241.88,playing,13
195.3166,3.0537,0,0.22551,0,242.37,playing,13
195.3322,3.0537,0,0.22551,0,243.12,playing,13
195.3488,-1.1332,0,0.24158,0,244.15,playing,13
195.3649,-1.1332,0,0.24158,0,245.46,playing,13
195.3822,-1.3907,0,0.28544,0,247.17,playing,13
195.3981,-1.3907,0,0.28544,0,249.19,playing,13
195.4152,-1.3907,0,0.2463,0,251.39,playing,13
195.4316,-2.1014,0,0.2463,0,254.03,playing,13
195.4479,-2.1014,0,0.2463,0,256.8,playing,13
195.4646,-2.1014,0,0.27738,0,260.06,playing,13
195.4808,-2.2466,0,0.27738,0,263.42,playing,13
195.4964,-2.2466,0,0.26205,0,267.05,playing,13
195.5121,-2.2466,0,0.26205,0,270.96,playing,13
195.5283,-2.4866,0,0.26952,0,275.16,playing,14
195.5443,-2.4866,0,0.26952,0,279.64,playing,14
195.56,-3.2286,0,0.26952,0,284.4,playing,14
195.5767,-3.2286,0,0.25772,0,289.44,playing,14
195.5928,-3.2286,0,0.25772,0,294.76,playing,14
195.6091,-7.8044,0,0.24976,0,300.37,playing,14
195.6258,-7.8044,0,0.24976,0,306.64,playing,14
195.6417,-7.8044,0,0.24976,0,312.83,playing,14
195.6586,-27.2798,1,0.2724,0,319.72,playing,14
195.6752,-27.2798,0,0.2724,0,313.76,playing,14
195.6921,-27.2798,0,0.17834,0,307.75,playing,14
195.7087,-17.456,0,0.17834,0,302.05,playing,14
195.7248,-17.456,0,0.14085,0,296.97,playing,14
195.742,9.5588,0,0.14085,0,291.9,playing,14
195.7585,9.5588,0,0.14706,0,287.14,playing,14
195.775,9.5588,0,0.14706,0,282.94,playing,14
195.792,9.3433,0,0.14706,0,278.79,playing,14
195.8089,9.3433,0,0.20937,0,274.97,playing,14
195.8257,9.3433,0,0.20937,0,271.46,playing,14
195.8415,7.946,0,0.22636,1,268.44,playing,14
195.8575,7.946,0,0.22636,0,265.71,playing,14
195.8738,7.946,0,0.23023,0,263.25,playing,14
195.8913,7.946,0,0.23023,0,260.96,playing,14
195.9081,7.946,0,0.2427,0,258.98,playing,14
195.9251,3.3575,0,0.2427,0,257.33,playing,14
195.9412,3.3575,0,0.2427,0,255.99,playing,14
195.9583,3.3575,0,0.24695,0,255.01,playing,14
195.9745,1.8216,0,0.24695,0,254.29,playing,14
195.9914,1.8216,0,0.2539,0,253.9,playing,14
196.0073,1.8216,0,0.2539,0,253.79,playing,14
196.0237,-0.232,0,0.2539,0,253.98,playing,14
196.0402,-0.232,0,0.26975,0,254.49,playing,14
196.0561,-0.9097,0,0.26975,0,255.25,playing,14
196.073,-0.9097,0,0.22528,0,256.3,playing,14
196.0899,-0.9097,0,0.22528,0,257.73,playing,14
196.1071,-0.8405,0,0.25823,0,259.48,playing,14
196.1231,-0.8405,0,0.25823,0,261.54,playing,14
196.1399,-0.8405,0,0.24238,0,263.77,playing,14
196.157,-2.0491,0,0.24238,0,266.45,playing,14
196.1742,-2.0491,0,0.24304,0,269.45,playing,14
196.1902,-2.4882,0,0.24304,0,272.77,playing,14
196.2064,-2.4882,0,0.24304,0,276.17,playing,14
196.2224,-2.4882,0,0.27283,0,279.86,playing,14
196.239,-8.8858,0,0.27283,0,283.83,playing,14
196.2557,-8.8858,0,0.25824,0,288.36,playing,14
196.2718,-8.8858,0,0.25824,0,292.91,playing,14
196.2872,-25.5868,1,0.25824,0,297.74,playing,14
196.3042,-25.5868,0,0.27333,0,291.78,playing,14
196.3209,-25.5868,0,0.27333,0,285.77,playing,14
196.3371,8.6606,0,0.24219,0,280.08,playing,14
196.3535,8.6606,0,0.24219,0,275.0,playing,14
196.3698,18.2126,0,0.18966,0,270.2,playing,14
196.3867,18.2126,0,0.18966,0,265.42,playing,14
196.4028,18.2126,0,0.18966,0,261.21,playing,14
196.4198,17.7301,0,0.19956,0,257.04,playing,14
196.4361,17.7301,0,0.19956,0,253.2,playing,14
196.4525,17.7301,0,0.16586,0,249.86,playing,14
196.4686,12.0702,0,0.16586,0,246.81,playing,14
196.4846,12.0702,0,0.16586,0,244.04,playing,14
196.5014,12.0702,0,0.23966,1,241.55,playing,14
196.5183,9.6,0,0.23966,0,239.22,playing,14
196.535,9.6,0,0.27076,0,237.21,playing,14
196.552,4.5164,0,0.27076,0,235.51,playing,14
196.5682,4.5164,0,0.24639,0,234.14,playing,14
196.5854,4.5164,0,0.24639,0,233.12,playing,14
196.6022,2.67,0,0.24639,0,232.37,playing,14
196.6192,2.67,0,0.28615,0,231.93,playing,14
196.6351,2.67,0,0.28615,0,231.8,playing,14
196.652,1.1986,0,0.25043,0,231.97,playing,14
196.6688,1.1986,0,0.25043,0,232.47,playing,14
196.6852,1.1986,0,0.25043,0,233.21,playing,14
196.7019,-0.5617,0,0.2701,0,234.32,playing,14
196.7185,-0.5617,0,0.2701,0,235.75,playing,14
196.7351,-1.538,0,0.27364,0,237.38,playing,14
196.7513,-1.538,0,0.27364,0,239.43,playing,14
196.7673,-1.538,0,0.27416,0,241.64,playing,14
196.7839,-2.2965,0,0.27416,0,244.13,playing,14
196.8008,-2.2965,0,0.30342,0,247.09,playing,14
196.8164,-2.2965,0,0.30342,0,250.16,playing,14
196.833,-2.5211,0,0.30342,0,253.51,playing,14
196.8503,-2.5211,0,0.29885,0,257.39,playing,14
196.8671,-27.3723,1,0.29885,0,261.59,playing,14
196.8832,-27.3723,0,0.25074,0,255.28,playing,14
196.8995,-27.3723,0,0.25074,0,249.62,playing,14
196.9155,-28.3708,0,0.32111,0,244.24,playing,14
196.9319,-28.3708,0,0.32111,0,239.14,playing,14
196.9482,-28.3708,0,0.32111,0,234.05,playing,14
196.9644,-19.5164,0,0.2615,0,229.53,playing,14
196.9812,-19.5164,0,0.2615,0,225.3,playing,14
196.9977,-19.5164,0,0.2615,0,221.12,playing,14
197.0141,17.2663,0,0.27035,0,217.46,playing,14
197.0317,17.2663,0,0.27035,0,213.9,playing,14
197.0474,17.7242,0,0.27035,0,210.66,playing,14
197.0638,17.7242,0,0.19843,0,207.88,playing,14
197.0807,17.7242,0,0.19843,0,205.25,playing,14
197.0964,12.5899,0,0.19843,0,203.06,playing,14
197.1129,12.5899,0,0.20828,0,201.15,playing,14
197.1294,12.5899,0,0.20828,0,199.44,playing,14
197.1455,9.6234,0,0.20828,0,198.11,playing,14
197.1614,9.6234,0,0.22616,1,197.06,playing,14
197.1779,9.6234,0,0.22616,0,196.3,playing,14
197.1942,6.8591,0,0.26605,0,195.8,playing,14
197.2113,6.8591,0,0.26605,0,195.61,playing,14
197.2276,2.3779,0,0.27482,0,195.74,playing,14
197.2435,2.3779,0,0.27482,0,196.13,playing,14
197.2594,2.3779,0,0.27482,0,196.81,playing,14
197.2757,0.5541,0,0.27482,0,197.77,playing,14
197.2913,0.5541,0,0.27752,0,199.01,playing,14
197.3076,0.5541,0,0.27752,0,200.53,playing,14
197.3234,-1.836,0,0.27752,0,202.33,playing,14
197.3396,-1.836,0,0.25,0,204.42,playing,14
197.3559,-1.836,0,0.25,0,206.78,playing,14
197.373,-2.1032,0,0.25,0,209.61,playing,15
197.3899,-2.1032,0,0.26911,0,212.76,playing,15
197.4071,-2.492,0,0.26911,0,216.23,playing,15
197.4242,-2.492,0,0.26911,0,220.02,playing,15
197.4402,-2.492,0,0.25773,0,224.12,playing,15
197.4564,-2.561,0,0.25773,0,228.27,playing,15
197.4722,-2.561,0,0.2845,0,232.69,playing,15
197.4885,-2.561,0,0.2845,0,237.4,playing,15
197.5047,-2.1761,0,0.2845,0,242.39,playing,15
197.5218,-2.1761,0,0.25775,0,248.01,playing,15
197.5375,-2.1761,0,0.25775,0,253.58,playing,15
197.5544,-17.5106,0,0.28596,0,259.43,playing,15
197.5701,-17.5106,0,0.28596,0,265.96,playing,15
197.5868,-30.0482,1,0.29231,0,272.39,playing,15
197.6034,-30.0482,0,0.29231,0,266.08,playing,15
197.62,-30.0482,0,0.26155,0,260.42,playing,15
197.6366,-25.9842,0,0.26155,0,254.73,playing,15
197.6529,-25.9842,0,0.26155,0,249.65,playing,15
197.6699,-25.9842,0,0.2212,0,244.57,playing,15
197.6865,9.9222,0,0.2212,0,239.81,playing,15
197.7028,9.9222,0,0.20065,0,235.61,playing,15
197.7203,19.9608,0,0.20065,0,231.47,playing,15
197.7368,19.9608,0,0.20065,0,227.64,playing,15
197.7542,19.9608,0,0.20065,0,224.14,playing,15
197.77,18.6827,0,0.20065,0,220.95,playing,15
197.787,18.6827,0,0.19997,0,218.23,playing,15
197.804,18.6827,0,0.19997,0,215.66,playing,15
197.8207,14.9784,0,0.19396,0,213.4,playing,15
197.8363,14.9784,0,0.19396,0,211.56,playing,15
197.8529,14.9784,0,0.21464,0,210.0,playing,15
197.869,11.1424,0,0.21464,0,208.67,playing,15
197.8853,11.1424,0,0.19003,0,207.69,playing,15
197.9018,4.1568,0,0.19003,0,206.99,playing,15
197.9176,4.1568,0,0.19003,0,206.58,playing,15
197.9335,4.1568,0,0.24213,1,206.44,playing,15
197.9493,2.1602,0,0.24213,0,206.59,playing,15
197.9661,2.1602,0,0.26245,0,207.02,playing,15
197.9824,2.1602,0,0.26245,0,207.8,playing,15
197.999,-1.0385,0,0.26245,0,208.81,playing,15
198.0154,-1.0385,0,0.24311,0,210.2,playing,15
198.0314,-1.0385,0,0.24311,0,211.79,playing,15
198.048,-1.8435,0,0.24256,0,213.67,playing,15
198.0651,-1.8435,0,0.24256,0,215.98,playing,15
198.0818,-1.8435,0,0.28101,0,218.6,playing,15
198.0977,-2.6852,0,0.28101,0,221.36,playing,15
198.1136,-2.6852,0,0.28101,0,224.39,playing,15
198.1296,-3.3624,0,0.2735,0,227.71,playing,15
198.1452,-3.3624,0,0.2735,0,231.31,playing,15
198.1615,-3.3624,0,0.23948,0,235.19,playing,15
198.1779,-3.4507,0,0.23948,0,239.35,playing,15
198.1945,-3.4507,0,0.25088,0,244.09,playing,15
198.2112,-3.4507,0,0.25088,0,248.83,playing,15
198.2278,-2.7745,0,0.25088,0,254.19,playing,15
198.2446,-2.7745,0,0.26245,0,259.86,playing,15
198.2607,-2.7981,0,0.26245,0,265.48,playing,15
198.2765,-2.7981,0,0.28098,0,271.39,playing,15
198.2929,-2.7981,0,0.28098,0,277.57,playing,15
198.3102,-2.0534,0,0.29035,0,284.46,playing,15
198.3268,-2.0534,0,0.29035,0,291.67,playing,15
198.344,-2.0534,0,0.26541,0,299.2,playing,15
198.3606,-10.8488,0,0.26541,0,307.04,playing,15
198.3767,-10.8488,0,0.26541,0,314.71,playing,15
198.3932,-10.8488,0,0.26196,0,322.65,playing,15
198.4094,-31.2826,1,0.26196,0,331.41,playing,15
198.4256,-31.2826,0,0.26196,0,325.45,playing,15
198.4419,-15.3728,0,0.26196,0,319.78,playing,15
198.4588,-15.3728,0,0.2649,0,314.06,playing,15
198.476,-15.3728,0,0.2649,0,308.67,playing,15
198.4929,11.8352,0,0.2649,0,303.59,playing,15
198.5096,11.8352,0,0.20533,0,298.83,playing,15
198.5262,11.8352,0,0.20533,0,294.63,playing,15
198.5421,21.7833,0,0.17506,0,290.49,playing,15
198.5586,21.7833,0,0.17506,0,286.87,playing,15
198.5744,21.7485,0,0.17626,0,283.53,playing,15
198.5906,18.8423,0,0.17626,0,280.48,playing,15
198.6068,18.8423,0,0.17626,0,277.71,playing,15
198.6226,14.8838,0,0.15081,0,275.22,playing,15
198.6383,14.8838,0,0.15081,0,273.01,playing,15
198.6543,14.8838,0,0.18214,0,271.08,playing,15
198.6704,7.9147,0,0.18214,0,269.43,playing,15
198.6863,7.9147,0,0.19353,0,268.07,playing,15
198.7023,7.9147,0,0.19353,0,266.98,playing,15
198.7189,5.1596,0,0.19353,0,266.18,playing,15
198.7353,5.1596,0,0.23385,1,265.65,playing,15
198.7521,5.1596,0,0.23385,0,265.43,playing,15
198.7689,2.5697,0,0.22723,0,265.51,playing,15
198.7861,2.5697,0,0.22723,0,265.91,playing,15
198.8025,0.9862,0,0.26202,0,266.63,playing,15
198.8184,0.9862,0,0.26202,0,267.59,playing,15
198.8351,0.9862,0,0.26202,0,268.83,playing,15
198.8512,0.9862,0,0.25799,0,270.46,playing,15
198.8671,0.9862,0,0.25799,0,272.29,playing,15
198.8842,0.9862,0,0.24599,0,274.39,playing,15
198.9001,-3.2292,0,0.24599,0,276.94,playing,15
198.9171,-3.2292,0,0.25797,0,279.62,playing,15
198.9344,-3.2292,0,0.25797,0,282.79,playing,15
198.9507,-3.6302,0,0.25797,0,286.28,playing,15
198.9665,-3.6302,0,0.2623,0,289.84,playing,15
198.9826,-3.2695,0,0.2623,0,293.69,playing,15
198.9981,-3.2695,0,0.26227,0,297.81,playing,15
199.0149,-3.2695,0,0.26227,0,302.22,playing,15
199.0334,-3.0665,0,0.26227,0,307.22,playing,15
199.0499,-3.0665,0,0.28443,0,312.87,playing,15
199.0665,-3.0665,0,0.28443,0,318.53,playing,15
199.0829,-3.5342,0,0.25803,0,324.14,playing,15
199.0992,-3.5342,0,0.25803,0,330.41,playing,15
199.1154,-25.0011,1,0.25803,0,336.59,playing,15
199.1321,-25.0011,0,0.25803,0,330.64,playing,15
199.1486,-25.0011,0,0.23416,0,324.62,playing,15
199.1654,-27.7666,0,0.23416,0,319.24,playing,15
199.1815,-27.7666,0,0.23416,0,313.85,playing,15
199.1974,-27.7666,0,0.26984,0,309.05,playing,15
199.2138,5.0509,0,0.26984,0,304.54,playing,15
199.23,5.0509,0,0.24255,0,300.3,playing,16
199.2463,5.0509,0,0.24255,0,296.12,playing,16
199.2626,18.2718,0,0.24255,0,292.47,playing,16
199.2793,18.2718,0,0.18808,0,288.91,playing,16
199.2959,18.2748,0,0.18808,0,285.84,playing,16
199.3126,18.2748,0,0.17438,0,282.89,playing,16
199.3285,18.2748,0,0.17438,0,280.4,playing,16
199.3448,15.9192,0,0.17974,0,278.19,playing,16
199.3612,15.9192,0,0.17974,0,276.16,playing,16
199.3774,15.9192,0,0.19498,0,274.53,playing,16
199.3938,10.2111,0,0.19498,0,273.18,playing,16
199.4104,10.2111,0,0.19498,0,272.07,playing,16
199.4271,10.2111,0,0.22446,1,271.3,playing,16
199.4433,4.8161,0,0.22446,0,270.81,playing,16
199.4594,4.8161,0,0.24167,0,270.62,playing,16
199.4752,2.6124,0,0.24167,0,270.72,playing,16
199.492,2.6124,0,0.24167,0,271.09,playing,16
199.5088,2.6124,0,0.22986,0,271.81,playing,16
199.5258,0.8323,0,0.22986,0,272.85,playing,16
199.5426,0.8323,0,0.23097,0,274.21,playing,16
199.5586,0.8323,0,0.23097,0,275.76,playing,16
199.5748,-1.3024,0,0.2578,0,277.6,playing,16
199.5921,-1.3024,0,0.2578,0,279.87,playing,16
199.6088,-1.3024,0,0.2578,0,282.46,playing,16
199.6249,-1.7155,0,0.20897,0,285.18,playing,16
199.6419,-1.7155,0,0.20897,0,288.39,playing,16
199.6588,-2.7115,0,0.25372,0,291.91,playing,16
199.6758,-2.7115,0,0.25372,0,295.75,playing,16
199.6917,-2.7115,0,0.27078,0,299.65,playing,16
199.7079,-14.0644,0,0.27078,0,303.83,playing,16
199.725,-14.0644,0,0.27078,0,308.59,playing,16
199.7421,-14.0644,0,0.28639,0,313.66,playing,16
199.7586,-28.07,1,0.28639,0,319.06,playing,16
199.7741,-28.07,0,0.25872,0,313.1,playing,16
199.7902,-6.036,0,0.25872,0,307.42,playing,16
199.8065,-6.036,0,0.23453,0,302.03,playing,16
199.8232,-6.036,0,0.23453,0,296.91,playing,16
199.8398,9.666,0,0.23453,0,291.8,playing,16
199.8568,9.666,0,0.16794,0,287.0,playing,16
199.8741,9.666,0,0.16794,0,282.52,playing,16
199.8907,14.1195,0,0.19746,0,278.36,playing,16
199.907,14.1195,0,0.19746,0,274.72,playing,16
199.924,12.096,0,0.18205,0,271.18,playing,16
199.9411,12.096,0,0.18205,0,267.95,playing,16
199.9581,12.096,0,0.21506,0,265.04,playing,16
199.9743,9.5082,0,0.21506,0,262.45,playing,16
199.9912,9.5082,0,0.21506,0,260.3,playing,16
200.0077,9.5082,0,0.25427,1,258.32,playing,16
200.0236,7.1865,0,0.25427,0,256.75,playing,16
200.0394,7.1865,0,0.23386,0,255.45,playing,16
200.055,7.1865,0,0.23386,0,254.44,playing,16
200.072,3.297,0,0.24984,0,253.71,playing,16
200.0884,3.297,0,0.24984,0,253.25,playing,16
200.1041,2.1396,0,0.24984,0,253.1,playing,16
200.1214,2.1396,0,0.27711,0,253.23,playing,16
200.1378,2.1396,0,0.27711,0,253.69,playing,16
200.1537,-0.7205,0,0.28498,0,254.4,playing,16
200.1693,-0.7205,0,0.28498,0,255.39,playing,16
200.1856,-0.7205,0,0.28498,0,256.67,playing,16
200.203,-1.3364,0,0.31045,0,258.34,playing,16
200.2197,-1.3364,0,0.31045,0,260.33,playing,16
200.2353,-1.3364,0,0.28652,0,262.49,playing,16
200.2517,-2.3268,0,0.28652,0,264.92,playing,16
200.2675,-2.3268,0,0.25444,0,267.64,playing,16
200.2832,-2.3268,0,0.25444,0,270.64,playing,16
200.2995,-2.6456,0,0.3044,0,273.92,playing,16
200.3155,-2.6456,0,0.3044,0,277.49,playing,16
200.331,-29.129,1,0.3044,0,281.33,playing,16
200.3476,-29.129,0,0.26177,0,275.37,playing,16
200.364,-29.129,0,0.26177,0,269.7,playing,16
200.3806,-24.3433,0,0.25021,0,263.98,playing,16
200.3965,-24.3433,0,0.25021,0,258.89,playing,16
200.4129,-24.3433,0,0.18274,0,254.07,playing,16
200.4302,-12.0448,0,0.18274,0,249.27,playing,16
200.4463,-12.0448,0,0.18274,0,244.8,playing,16
200.463,-12.0448,0,0.1733,0,240.86,playing,16
200.48,17.939,0,0.1733,0,237.0,playing,16
200.4966,17.939,0,0.20027,0,233.45,playing,16
200.5128,16.9672,0,0.20027,0,230.4,playing,16
200.5285,16.9672,0,0.18664,0,227.63,playing,16
200.5447,16.9672,0,0.18664,0,225.14,playing,16
200.5609,11.2263,0,0.18664,0,222.93,playing,16
200.5776,11.2263,0,0.19676,0,220.9,playing,16
200.5933,11.2263,0,0.19676,0,219.27,playing,16
200.6098,7.9272,0,0.21804,0,217.92,playing,16
200.6255,7.9272,0,0.21804,0,216.85,playing,16
200.6417,7.9272,0,0.22614,1,216.07,playing,16
200.6573,5.3033,0,0.22614,0,215.57,playing,16
200.6733,5.3033,0,0.22614,0,215.35,playing,16
200.6902,3.3451,0,0.25769,0,215.41,playing,16
200.707,3.3451,0,0.25769,0,215.79,playing,16
200.7232,3.3451,0,0.28205,0,216.49,playing,16
200.7402,0.2523,0,0.28205,0,217.43,playing,16
200.7573,0.2523,0,0.30475,0,218.75,playing,16
200.774,0.2523,0,0.30475,0,220.38,playing,16
200.7905,-1.2762,0,0.30475,0,222.34,playing,16
200.8061,-1.2762,0,0.26918,0,224.46,playing,16
200.823,-1.2762,0,0.26918,0,226.86,playing,16
200.8394,-1.4272,0,0.26872,0,229.73,playing,16
200.8555,-1.4272,0,0.26872,0,232.71,playing,16
200.8722,-1.9711,0,0.26872,0,235.98,playing,16
200.8888,-1.9711,0,0.31047,0,239.76,playing,16
200.9063,-1.9711,0,0.31047,0,243.87,playing,16
200.9225,-2.7155,0,0.28141,0,248.29,playing,16
200.9388,-2.7155,0,0.28141,0,252.73,playing,16
200.9561,-2.7155,0,0.26629,0,257.77,playing,16
200.9733,-15.3639,0,0.26629,0,263.13,playing,16
200.9893,-15.3639,0,0.28588,0,268.8,playing,16
201.0057,-19.1537,1,0.28588,0,274.42,playing,16
201.0211,-19.1537,0,0.28588,0,268.46,playing,16
201.0375,-19.1537,0,0.32372,0,262.79,playing,16
201.054,-10.4439,0,0.32372,0,257.39,playing,16
201.0702,-10.4439,0,0.19475,0,251.98,playing,16
201.0868,-10.4439,0,0.19475,0,247.16,playing,17
201.1036,6.2334,0,0.19475,0,242.37,playing,17
201.12,6.2334,0,0.18926,0,238.13,playing,17
201.1362,6.2334,0,0.18926,0,233.95,playing,17
201.1526,15.5112,0,0.19864,0,230.3,playing,17
201.1682,15.5112,0,0.19864,0,226.93,playing,17
201.1845,13.0824,0,0.23782,1,223.84,playing,17
201.201,13.0824,0,0.23782,0,221.03,playing,17
201.2174,13.0824,0,0.23782,0,218.37,playing,17
201.2339,8.108,0,0.26653,0,216.14,playing,17
201.2509,8.108,0,0.26653,0,214.09,playing,17
201.2682,8.108,0,0.25863,0,212.36,playing,17
201.2849,5.9929,0,0.25863,0,210.95,playing,17
201.3019,5.9929,0,0.25447,0,209.85,playing,17
201.3193,3.8203,0,0.25447,0,209.07,playing,17
201.336,2.1508,0,0.24948,0,208.62,playing,17
201.3524,2.1508,0,0.24948,0,208.47,playing,17
201.3685,2.3657,0,0.26629,0,208.62,playing,17
201.3844,2.3657,0,0.26629,0,209.05,playing,17
201.4001,2.3657,0,0.26629,0,209.77,playing,17
201.4171,0.081,0,0.28198,0,210.76,playing,17
201.4338,0.081,0,0.28198,0,212.13,playing,17
201.4501,0.081,0,0.25444,0,213.71,playing,17
201.4661,-1.7879,0,0.25444,0,215.7,playing,17
201.483,-1.7879,0,0.25444,0,217.85,playing,17
201.4996,-2.4157,0,0.28263,0,220.46,playing,17
201.5158,-2.4157,0,0.28263,0,223.2,playing,17
201.5326,-2.4157,0,0.28572,0,226.42,playing,17
201.5482,-2.871,0,0.28572,0,229.74,playing,17
201.5653,-2.871,0,0.27353,0,233.34,playing,17
201.5812,-2.871,0,0.27353,0,237.48,playing,17
201.5977,-2.7628,0,0.27353,0,241.66,playing,17
201.6151,-2.7628,0,0.27623,0,246.42,playing,17
201.6319,-2.7628,0,0.27623,0,251.49,playing,17
201.6492,-2.234,0,0.27791,0,256.89,playing,17
201.6655,-2.234,0,0.27791,0,262.6,playing,17
201.6813,-2.2157,0,0.29775,0,268.26,playing,17
201.6975,-2.2157,0,0.29775,0,274.19,playing,17
201.7146,-2.2157,0,0.28024,0,280.42,playing,17
201.7313,-26.5037,1,0.28024,0,287.34,playing,17
201.7479,-26.5037,0,0.28024,0,281.03,playing,17
201.7645,-26.5037,0,0.27686,0,275.04,playing,17
201.7814,-15.1459,0,0.27686,0,269.68,playing,17
201.7973,-15.1459,0,0.30505,0,264.3,playing,17
201.8141,-15.1459,0,0.30505,0,259.52,playing,17
201.8307,-15.1459,0,0.30645,0,254.76,playing,17
201.8466,-15.1459,0,0.30645,0,250.56,playing,17
201.863,15.8855,0,0.30645,0,246.65,playing,17
201.8798,15.8855,0,0.17518,0,242.8,playing,17
201.897,15.8855,0,0.17518,0,239.28,playing,17
201.9138,14.2934,0,0.20592,0,236.07,playing,17
201.9308,14.2934,0,0.20592,0,233.18,playing,17
201.9468,14.2934,0,0.17778,0,230.74,playing,17
201.9638,11.2801,0,0.17778,0,228.47,playing,17
201.9811,11.2801,0,0.18817,0,226.51,playing,17
201.9971,6.5783,0,0.18817,0,224.87,playing,17
202.014,6.5783,0,0.18817,1,223.62,playing,17
202.0309,6.5783,0,0.22094,0,222.6,playing,17
202.0477,4.7616,0,0.22094,0,221.89,playing,17
202.0636,4.7616,0,0.2307,0,221.51,playing,17
202.0793,4.7616,0,0.2307,0,221.42,playing,17
202.0959,3.3247,0,0.28233,0,221.6,playing,17
202.1129,3.3247,0,0.28233,0,222.11,playing,17
202.1298,1.7426,0,0.28233,0,222.94,playing,17
202.1457,0.4105,0,0.26938,0,224.01,playing,17
202.1618,0.4105,0,0.26938,0,225.35,playing,17
202.1776,0.4105,0,0.25397,0,226.98,playing,17
202.1935,0.4105,0,0.25397,0,228.89,playing,17
202.2111,0.4105,0,0.25397,0,231.08,playing,17
202.2284,-1.9209,0,0.24158,0,233.9,playing,17
202.2448,-1.9209,0,0.24158,0,236.88,playing,17
202.2608,-1.9209,0,0.24672,0,239.97,playing,17
202.2764,-2.3868,0,0.24672,0,243.34,playing,17
202.2925,-2.3868,0,0.24672,0,246.99,playing,17
202.3089,-2.3868,0,0.25396,0,250.92,playing,17
202.3259,-2.3868,0,0.25396,0,255.42,playing,17
202.342,-2.3868,0,0.24162,0,260.24,playing,17
202.3587,-12.7546,0,0.24162,0,265.05,playing,17
202.3745,-12.7546,0,0.23897,0,270.14,playing,17
202.3906,-12.7546,0,0.23897,0,275.52,playing,17
202.4064,-27.6202,1,0.24641,0,281.18,playing,17
202.4227,-27.6202,0,0.24641,0,275.22,playing,17
202.439,-27.6202,0,0.24641,0,269.54,playing,17
202.4554,-13.1574,0,0.32284,0,263.83,playing,17
202.4721,-13.1574,0,0.32284,0,258.73,playing,17
202.4884,-13.1574,0,0.29017,0,253.64,playing,17
202.5055,12.5687,0,0.29017,0,249.12,playing,17
202.5216,12.5687,0,0.18681,0,244.64,playing,17
202.5376,18.9825,0,0.18681,0,240.71,playing,17
202.5539,18.9825,0,0.18681,0,237.05,playing,17
202.5709,18.9825,0,0.19969,0,233.49,playing,17
202.5878,15.1594,0,0.19969,0,230.24,playing,17
202.6045,15.1594,0,0.1898,0,227.32,playing,17
202.6203,15.1594,0,0.1898,0,224.84,playing,17
202.6366,12.0099,0,0.17173,0,222.65,playing,17
202.6521,12.0099,0,0.17173,0,220.74,playing,17
202.669,12.0099,0,0.19771,0,219.11,playing,17
202.6859,6.1371,0,0.19771,0,217.7,playing,17
202.7026,6.1371,0,0.19771,0,216.61,playing,17
202.7189,3.2762,0,0.19029,0,215.86,playing,17
202.7356,3.2762,0,0.19029,0,215.38,playing,17
202.7519,3.2762,0,0.22278,1,215.21,playing,17
202.7688,1.0728,0,0.22278,0,215.35,playing,17
202.7856,1.0728,0,0.2325,0,215.81,playing,17
202.8015,1.0728,0,0.2325,0,216.52,playing,17
202.8173,-1.4903,0,0.2325,0,217.51,playing,17
202.833,-1.4903,0,0.23817,0,218.79,playing,17
202.8496,-1.4903,0,0.23817,0,220.34,playing,17
202.8658,-2.1477,0,0.26935,0,222.18,playing,17
202.8827,-2.1477,0,0.26935,0,224.45,playing,17
202.899,-2.5383,0,0.24948,0,226.87,playing,17
202.9161,-2.5383,0,0.24948,0,229.76,playing,17
202.9329,-2.5383,0,0.24948,0,232.97,playing,18
202.9496,-2.4052,0,0.28091,0,236.49,playing,18
202.9656,-2.4052,0,0.28091,0,240.09,playing,18
202.9819,-2.4052,0,0.29573,0,243.97,playing,18
202.9988,-28.938,1,0.29573,0,248.41,playing,18
203.0149,-28.938,0,0.29573,0,242.1,playing,18
203.0315,-22.6761,0,0.28696,0,236.44,playing,18
203.0479,-22.6761,0,0.28696,0,231.06,playing,18
203.0645,-22.6761,0,0.22162,0,225.67,playing,18
203.0812,-8.3394,0,0.22162,0,220.87,playing,18
203.0976,-8.3394,0,0.1786,0,216.09,playing,18
203.1141,-8.3394,0,0.1786,0,211.87,playing,18
203.1307,11.3663,0,0.1786,0,207.71,playing,18
203.1463,11.3663,0,0.1792,0,204.08,playing,18
203.1622,11.3663,0,0.1792,0,200.72,playing,18
203.1793,17.2725,0,0.16315,0,197.65,playing,18
203.1955,17.2725,0,0.16315,0,194.71,playing,18
203.2115,10.4576,0,0.16315,0,192.22,playing,18
203.2271,10.4576,0,0.18418,0,190.01,playing,18
203.2439,10.4576,0,0.18418,0,188.08,playing,18
203.2607,7.695,0,0.1575,0,186.35,playing,18
203.2767,7.695,0,0.1575,0,185.0,playing,18
203.2925,7.695,0,0.23817,1,183.93,playing,18
203.3085,5.7189,0,0.23817,0,183.15,playing,18
203.3246,5.7189,0,0.23817,0,182.65,playing,18
203.3414,5.7189,0,0.24983,0,182.43,playing,18
203.3576,2.4581,0,0.24983,0,182.51,playing,18
203.374,2.4581,0,0.24983,0,182.87,playing,18
203.3907,1.122,0,0.24983,0,183.57,playing,18
203.4064,1.122,0,0.24194,0,184.51,playing,18
203.4222,1.122,0,0.24194,0,185.73,playing,18
203.4388,-1.8502,0,0.24194,0,187.24,playing,18
203.4551,-1.8502,0,0.24697,0,189.02,playing,18
203.472,-1.8502,0,0.24697,0,191.24,playing,18
203.488,-2.2014,0,0.22557,0,193.77,playing,18
203.5046,-2.2014,0,0.22557,0,196.44,playing,18
203.5204,-2.2014,0,0.22557,0,199.38,playing,18
203.5367,-3.0545,0,0.2866,0,202.61,playing,18
203.5526,-3.0545,0,0.2866,0,206.12,playing,18
203.569,-3.4314,0,0.28096,0,209.92,playing,18
203.586,-3.4189,0,0.28096,0,214.26,playing,18
203.6027,-3.4189,0,0.28652,0,218.93,playing,18
203.619,-3.5453,0,0.28652,0,223.6,playing,18
203.6358,-3.5453,0,0.28652,0,228.88,playing,18
203.6523,-3.5453,0,0.26865,0,234.48,playing,18
203.6681,-2.7704,0,0.26865,0,240.03,playing,18
203.6851,-2.7704,0,0.25823,0,245.87,playing,18
203.7011,-2.7704,0,0.25823,0,252.38,playing,18
203.7174,-5.7882,0,0.28597,0,258.8,playing,18
203.7332,-5.7882,0,0.28597,0,265.49,playing,18
203.7497,-25.1361,1,0.28597,0,272.47,playing,18
203.7654,-25.1361,0,0.28597,0,266.51,playing,18
203.7818,-25.1361,0,0.28597,0,260.84,playing,18
203.7986,-29.1172,0,0.31746,0,255.12,playing,18
203.8149,-29.1172,0,0.31746,0,250.03,playing,18
203.8318,-29.1172,0,0.31746,0,244.93,playing,18
203.8484,-9.6869,0,0.25711,0,240.15,playing,18
203.8649,-9.6869,0,0.25711,0,235.93,playing,18
203.8809,-9.6869,0,0.20479,0,232.0,playing,18
203.8975,22.7507,0,0.20479,0,228.14,playing,18
203.9132,22.7507,0,0.16666,0,224.78,playing,18
203.9296,23.0924,0,0.16666,0,221.71,playing,18
203.9452,23.0924,0,0.16666,0,218.92,playing,18
203.9619,23.0924,0,0.15131,0,216.41,playing,18
203.9792,19.5799,0,0.15131,0,214.07,playing,18
203.996,19.5799,0,0.21222,0,212.04,playing,18
204.0124,19.5799,0,0.21222,0,210.32,playing,18
204.029,11.6005,0,0.21222,0,208.99,playing,18
204.046,11.6005,0,0.21222,0,207.9,playing,18
204.0627,11.6005,0,0.21222,0,207.12,playing,18
204.0792,8.2336,0,0.22995,1,206.67,playing,18
204.096,8.2336,0,0.22995,0,206.51,playing,18
204.113,3.1305,0,0.22278,0,206.67,playing,18
204.1299,3.1305,0,0.22278,0,207.15,playing,18
204.1474,3.1305,0,0.23813,0,207.94,playing,18
204.1638,1.3682,0,0.23813,0,209.05,playing,18
204.1811,1.3682,0,0.27035,0,210.48,playing,18
204.198,1.3682,0,0.27035,0,212.23,playing,18
204.2147,-0.2887,0,0.25775,0,214.3,playing,18
204.2309,-0.2887,0,0.25775,0,216.52,playing,18
204.2475,-2.4766,0,0.25775,0,219.2,playing,18
204.2636,-2.4766,0,0.262,0,222.01,playing,18
204.2796,-2.4766,0,0.262,0,225.1,playing,18
204.2954,-3.4233,0,0.26593,0,228.47,playing,18
204.3115,-3.4233,0,0.26593,0,232.12,playing,18
204.327,-3.4233,0,0.28161,0,236.05,playing,18
204.3434,-4.6067,0,0.28161,0,240.27,playing,18
204.36,-4.6067,0,0.28161,0,244.76,playing,18
204.3762,-4.6067,0,0.2584,0,249.86,playing,18
204.3925,-4.1931,0,0.2584,0,254.93,playing,18
204.4089,-4.1931,0,0.25379,0,260.29,playing,18
204.4259,-3.8821,0,0.25379,0,266.3,playing,18
204.4431,-3.8821,0,0.25379,0,272.63,playing,18
204.4599,-3.8821,0,0.25379,0,279.28,playing,18
204.4773,-5.2831,0,0.26584,0,286.24,playing,18
204.4943,-5.2831,0,0.26584,0,293.53,playing,18
204.5107,-5.2831,0,0.23789,0,301.13,playing,18
204.5263,-27.2444,1,0.23789,0,308.56,playing,18
204.5423,-27.2444,0,0.23789,0,302.6,playing,18
204.5586,-27.2444,0,0.25024,0,296.93,playing,18
204.5749,-22.485,0,0.25024,0,291.53,playing,18
204.5922,-22.485,0,0.27337,0,286.12,playing,18
204.6085,-2.1248,0,0.27337,0,281.02,playing,18
204.6248,-2.1248,0,0.26679,0,276.51,playing,18
204.6418,-2.1248,0,0.26679,0,272.03,playing,18
204.6592,21.9087,0,0.26679,0,267.87,playing,18
204.6759,21.9087,0,0.19913,0,264.02,playing,18
204.693,21.9087,0,0.19913,0,260.5,playing,18
204.7091,19.9555,0,0.20151,0,257.29,playing,18
204.7263,19.9555,0,0.20151,0,254.55,playing,18
204.7423,16.3814,0,0.14268,0,251.96,playing,18
204.7592,16.3814,0,0.14268,0,249.8,playing,18
204.7757,16.3814,0,0.22984,1,247.83,playing,19
204.7914,9.1734,0,0.22984,0,246.25,playing,19
204.8076,9.1734,0,0.22984,0,244.96,playing,19
204.8238,9.1734,0,0.26323,0,243.95,playing,19
204.8402,6.1406,0,0.26323,0,243.19,playing,19
204.8564,6.1406,0,0.26323,0,242.76,playing,19
204.8723,6.1406,0,0.25478,0,242.61,playing,19
204.8882,1.9291,0,0.25478,0,242.74,playing,19
204.9049,1.9291,0,0.25478,0,243.15,playing,19
204.9216,0.6047,0,0.29124,0,243.91,playing,19
204.9373,0.6047,0,0.29124,0,244.9,playing,19
204.9538,0.6047,0,0.223,0,246.17,playing,19
204.9707,-0.8014,0,0.223,0,247.85,playing,19
204.9866,-0.8014,0,0.24695,0,249.7,playing,19
205.0025,-0.8014,0,0.24695,0,251.84,playing,19
205.0187,-2.1565,0,0.29531,0,254.26,playing,19
205.0346,-2.1565,0,0.29531,0,256.96,playing,19
205.0509,-2.1565,0,0.29531,0,259.94,playing,19
205.0678,-2.5888,0,0.26159,0,263.43,playing,19
205.0847,-2.5888,0,0.26159,0,267.23,playing,19
205.1008,-2.7865,0,0.28118,0,271.1,playing,19
205.1172,-3.2241,0,0.28118,0,275.52,playing,19
205.1332,-3.2241,0,0.28118,0,279.96,playing,19
205.1502,-8.6389,0,0.28118,0,284.69,playing,19
205.1667,-8.6389,0,0.28118,0,290.02,playing,19
205.1824,-8.6389,0,0.24566,0,295.33,playing,19
205.1988,-26.1883,1,0.24566,0,300.92,playing,19
205.2144,-26.1883,0,0.24566,0,294.96,playing,19
205.2313,-26.1883,0,0.30716,0,289.28,playing,19
205.2482,-18.1796,0,0.30716,0,283.57,playing,19
205.2642,-18.1796,0,0.26593,0,278.17,playing,19
205.2813,-6.0682,0,0.26593,0,273.38,playing,19
205.2977,-6.0682,0,0.16972,0,268.6,playing,19
205.3134,-6.0682,0,0.16972,0,264.38,playing,19
205.3301,17.0346,0,0.16972,0,260.45,playing,19
205.3467,17.0346,0,0.16398,0,256.58,playing,19
205.362,17.0346,0,0.16398,0,253.23,playing,19
205.3791,18.7435,0,0.16398,0,250.16,playing,19
205.3958,18.7435,0,0.18138,0,247.21,playing,19
205.4121,18.7435,0,0.18138,0,244.72,playing,19
205.4285,16.4538,0,0.18138,0,242.39,playing,19
205.4448,16.4538,0,0.18138,0,240.48,playing,19
205.4606,10.0309,0,0.19301,0,238.85,playing,19
205.478,10.0309,0,0.19301,0,237.44,playing,19
205.4944,10.0309,0,0.19301,0,236.35,playing,19
205.5111,6.688,0,0.2067,0,235.6,playing,19
205.528,6.688,0,0.2067,0,235.12,playing,19
205.5447,6.688,0,0.24557,1,234.96,playing,19
205.561,1.8281,0,0.24557,0,235.09,playing,19
205.5783,1.8281,0,0.24628,0,235.55,playing,19
205.5941,0.5581,0,0.24628,0,236.32,playing,19
205.611,0.5581,0,0.24628,0,237.33,playing,19
205.6276,0.5581,0,0.2733,0,238.73,playing,19
205.6435,-0.6371,0,0.2733,0,240.32,playing,19
205.6594,-0.6371,0,0.25019,0,242.19,playing,19
205.6754,-0.6371,0,0.25019,0,244.35,playing,19
205.6919,-1.898,0,0.26196,0,246.78,playing,19
205.7088,-1.898,0,0.26196,0,249.69,playing,19
205.7247,-1.898,0,0.26196,0,252.71,playing,19
205.741,-2.5983,0,0.26579,0,256.01,playing,19
205.7579,-2.5983,0,0.26579,0,259.83,playing,19
205.775,-2.5983,0,0.2584,0,263.97,playing,19
205.7914,-1.8161,0,0.2584,0,268.43,playing,19
205.8077,-1.8161,0,0.2584,0,272.91,playing,19
205.8234,-2.3796,0,0.2584,0,277.67,playing,19
205.84,-2.3796,0,0.27544,0,282.71,playing,19
205.8571,-2.3796,0,0.27544,0,288.39,playing,19
205.8741,-2.9849,0,0.27544,0,294.38,playing,19
205.891,-2.9849,0,0.2461,0,300.69,playing,19
205.9076,-2.9849,0,0.2461,0,307.32,playing,19
205.9243,-27.3847,1,0.2461,0,314.26,playing,19
205.9404,-27.3847,0,0.26555,0,308.31,playing,19
205.956,-26.4394,0,0.26555,0,302.63,playing,19
205.9726,-26.4394,0,0.26555,0,297.23,playing,19
205.9882,-26.4394,0,0.2255,0,292.12,playing,19
206.0042,5.256,0,0.2255,0,287.29,playing,19
206.0203,5.256,0,0.2255,0,282.74,playing,19
206.0371,5.256,0,0.2255,0,278.47,playing,19
206.0538,18.2271,0,0.19463,0,274.25,playing,19
206.0711,18.2271,0,0.19463,0,270.35,playing,19
206.089,19.2551,0,0.16273,0,266.77,playing,19
206.1057,16.7072,0,0.16273,0,263.33,playing,19
206.1228,16.7072,0,0.16273,0,260.41,playing,19
206.1381,13.5434,0,0.17158,0,257.93,playing,19
206.155,13.5434,0,0.17158,0,255.74,playing,19
206.172,13.5434,0,0.17559,0,253.73,playing,19
206.1886,10.7123,0,0.17559,0,252.04,playing,19
206.2049,10.7123,0,0.17559,0,250.72,playing,19
206.2217,10.7123,0,0.17559,0,249.65,playing,19
206.2373,5.7516,0,0.23419,1,248.92,playing,19
206.2545,5.7516,0,0.23419,0,248.47,playing,19
206.2708,3.5509,0,0.22304,0,248.31,playing,19
206.2873,3.5509,0,0.22304,0,248.46,playing,19
206.3048,3.5509,0,0.22304,0,248.9,playing,19
206.321,-0.3911,0,0.25778,0,249.67,playing,19
206.3379,-0.3911,0,0.25778,0,250.76,playing,19
206.3545,-0.3911,0,0.24592,0,252.17,playing,19
206.3705,-2.0346,0,0.24592,0,253.78,playing,19
206.3872,-2.0346,0,0.25372,0,255.68,playing,19
206.404,-2.0346,0,0.25372,0,258.0,playing,19
206.4209,-2.0346,0,0.23063,0,260.65,playing,19
206.4378,-2.0346,0,0.23063,0,263.61,playing,19
206.4547,-3.0061,0,0.23063,0,266.89,playing,19
206.4702,-3.0061,0,0.26526,0,270.26,playing,19
206.4869,-3.0061,0,0.26526,0,273.91,playing,19
206.5038,-3.5822,0,0.25419,0,278.11,playing,19
206.521,-3.5822,0,0.25419,0,282.63,playing,19
206.5382,-3.5822,0,0.25799,0,287.46,playing,19
206.5543,-3.0556,0,0.25799,0,292.61,playing,19
206.5707,-3.0556,0,0.25799,0,297.74,playing,19
206.5873,-5.5981,0,0.25823,0,303.15,playing,19
206.6037,-5.5981,0,0.25823,0,309.22,playing,19
206.621,-5.5981,0,0.23134,0,315.6,playing,19
206.6379,-24.3968,1,0.23134,0,322.31,playing,20
206.6554,-24.3968,0,0.26948,0,315.99,playing,20
206.6719,-24.3968,0,0.26948,0,310.0,playing,20
206.6884,-20.3272,0,0.26948,0,304.32,playing,20
206.7049,-20.3272,0,0.25841,0,299.26,playing,20
206.7218,-0.3632,0,0.25841,0,294.2,playing,20
206.7381,-0.3632,0,0.1349,0,289.72,playing,20
206.7553,-0.3632,0,0.1349,0,285.28,playing,20
206.7716,19.2747,0,0.1853,0,281.16,playing,20
206.7874,19.2747,0,0.1853,0,277.56,playing,20
206.8034,19.2747,0,0.1853,0,274.24,playing,20
206.8199,16.7765,0,0.18383,0,271.2,playing,20
206.8366,16.7765,0,0.18383,0,268.29,playing,20
206.8523,16.7765,0,0.1535,0,265.84,playing,20
206.8687,13.8896,0,0.1535,0,263.66,playing,20
206.8857,13.8896,0,0.18914,0,261.67,playing,20
206.9018,7.7322,0,0.18914,0,260.08,playing,20
206.9187,7.7322,0,0.18914,0,258.7,playing,20
206.9352,7.7322,0,0.22278,1,257.69,playing,20
206.9516,4.9785,0,0.22278,0,256.93,playing,20
206.9676,4.9785,0,0.22278,0,256.5,playing,20
206.9848,4.9785,0,0.21563,0,256.36,playing,20
207.0011,2.9665,0,0.21563,0,256.53,playing,20
207.0171,2.9665,0,0.23449,0,256.98,playing,20
207.0338,2.9665,0,0.23449,0,257.71,playing,20
207.0505,0.6439,0,0.24994,0,258.8,playing,20
207.0664,0.6439,0,0.24994,0,260.12,playing,20
207.0821,-0.5496,0,0.24994,0,261.71,playing,20
207.0992,-0.5496,0,0.25421,0,263.58,playing,20
207.1152,-0.5496,0,0.25421,0,265.89,playing,20
207.1319,-3.0731,0,0.23334,0,268.34,playing,20
207.1488,-3.0731,0,0.23334,0,271.27,playing,20
207.1658,-3.0731,0,0.25367,0,274.51,playing,20
207.1819,-16.7581,0,0.25367,0,277.85,playing,20
207.1988,-16.7581,0,0.25367,0,281.71,playing,20
207.2152,-22.3426,1,0.27686,0,285.62,playing,20
207.2316,-22.3426,0,0.27686,0,279.31,playing,20
207.2476,-22.3426,0,0.25051,0,273.65,playing,20
207.2638,-8.7443,0,0.25051,0,268.27,playing,20
207.2812,-8.7443,0,0.26599,0,262.88,playing,20
207.2979,-8.7443,0,0.26599,0,257.8,playing,20
207.3148,2.451,0,0.26599,0,253.04,playing,20
207.3318,2.451,0,0.17579,0,248.6,playing,20
207.3491,2.451,0,0.17579,0,244.47,playing,20
207.3652,15.2567,0,0.17579,0,240.67,playing,20
207.3824,15.2567,0,0.1912,0,237.37,playing,20
207.3983,13.9294,0,0.1912,0,234.18,playing,20
207.4147,13.9294,0,0.1912,0,231.46,playing,20
207.4314,13.9294,0,0.1912,0,228.89,playing,20
207.4491,11.066,0,0.19288,0,226.75,playing,20
207.4657,8.9363,0,0.19288,0,224.7,playing,20
207.4828,8.9363,0,0.19288,0,223.16,playing,20
207.4992,6.4742,0,0.19288,1,221.84,playing,20
207.5171,6.4742,0,0.23827,0,220.8,playing,20
207.534,3.8067,0,0.23827,0,220.13,playing,20
207.5501,3.8067,0,0.22219,0,219.78,playing,20
207.5662,3.8067,0,0.22219,0,219.74,playing,20
207.5821,1.1302,0,0.27783,0,219.98,playing,20
207.5986,1.1302,0,0.27783,0,220.5,playing,20
207.6141,1.1302,0,0.27783,0,221.3,playing,20
207.6304,-1.5735,0,0.26487,0,222.38,playing,20
207.6464,-1.5735,0,0.26487,0,223.74,playing,20
207.6629,-1.5735,0,0.26487,0,225.38,playing,20
207.6796,-3.6938,0,0.26487,0,227.45,playing,20
207.6962,-3.6938,0,0.26995,0,229.68,playing,20
207.7121,-18.6352,0,0.26995,0,232.36,playing,20
207.7283,-18.6352,0,0.26995,0,235.16,playing,20
207.7445,-18.6352,0,0.26995,0,238.25,playing,20
207.7605,-22.9648,1,0.28551,0,241.62,playing,20
207.777,-22.9648,0,0.28551,0,235.66,playing,20
207.7942,-22.9648,0,0.26634,0,229.65,playing,20
207.811,-6.0317,0,0.26634,0,223.96,playing,20
207.8283,-6.0317,0,0.16326,0,218.58,playing,20
207.8445,1.2339,0,0.16326,0,213.52,playing,20
207.8613,1.2339,0,0.16326,0,209.04,playing,20
207.8783,1.2339,0,0.20339,0,204.6,playing,20
207.8946,13.972,0,0.20339,0,200.47,playing,20
207.911,13.972,0,0.20672,0,196.87,playing,20
207.9277,13.972,0,0.20672,0,193.37,playing,20
207.9445,13.2423,0,0.20672,0,190.35,playing,20
207.9612,13.2423,0,0.15526,0,187.46,playing,20
207.9777,13.2423,0,0.15526,0,184.89,playing,20
207.9944,8.6736,0,0.19398,0,182.63,playing,20
208.0106,8.6736,0,0.19398,0,180.79,playing,20
208.0267,5.9352,0,0.20493,0,179.23,playing,20
208.0423,5.9352,0,0.20493,0,177.96,playing,20
208.0592,5.9352,0,0.22474,1,176.96,playing,20
208.0758,3.7468,0,0.22474,0,176.22,playing,20
208.0927,3.7468,0,0.22474,0,175.8,playing,20
208.109,3.7468,0,0.20637,0,175.68,playing,20
208.1259,0.6146,0,0.20637,0,175.88,playing,20
208.1427,0.6146,0,0.2427,0,176.39,playing,20
208.1589,0.6146,0,0.2427,0,177.16,playing,20
208.1756,-0.5312,0,0.28443,0,178.29,playing,20
208.192,-0.5312,0,0.28443,0,179.63,playing,20
208.2092,-1.4057,0,0.28443,0,181.38,playing,20
208.2262,-1.4057,0,0.26897,0,183.45,playing,20
208.2425,-1.4057,0,0.26897,0,185.83,playing,20
208.2584,-2.2197,0,0.2658,0,188.36,playing,20
208.2744,-2.2197,0,0.2658,0,191.16,playing,20
208.2903,-2.2197,0,0.28017,0,194.25,playing,20
208.3073,-2.1035,0,0.28017,0,197.62,playing,20
208.3234,-2.1035,0,0.28017,0,201.52,playing,20
208.34,-2.7271,0,0.28592,0,205.47,playing,20
208.3561,-2.7271,0,0.28592,0,209.98,playing,20
208.3728,-2.7271,0,0.28607,0,214.51,playing,20
208.3889,-2.7341,0,0.28607,0,219.33,playing,20
208.4062,-2.7341,0,0.28607,0,224.76,playing,20
208.4227,-2.7341,0,0.30359,0,230.51,playing,20
208.4391,-25.7186,1,0.30359,0,236.2,playing,20
208.4557,-25.7186,0,0.29553,0,229.89,playing,20
208.4712,-25.7186,0,0.29553,0,224.23,playing,21
208.4879,-23.196,0,0.29553,0,218.85,playing,21
208.5046,-23.196,0,0.25396,0,213.46,playing,21
208.52,-12.038,0,0.25396,0,208.66,playing,21
208.5365,-12.038,0,0.22538,0,204.14,playing,21
208.5527,-12.038,0,0.22538,0,199.91,playing,21
208.569,14.7721,0,0.22538,0,195.96,playing,21
208.5851,14.7721,0,0.19248,0,192.08,playing,21
208.602,14.7721,0,0.19248,0,188.71,playing,21
208.6185,15.4341,0,0.1882,0,185.44,playing,21
208.6348,15.4341,0,0.1882,0,182.65,playing,21
208.6507,15.4341,0,0.17225,0,180.14,playing,21
208.6663,11.2002,0,0.17225,0,177.92,playing,21
208.6834,11.2002,0,0.20904,0,175.97,playing,21
208.6997,9.2728,0,0.20904,0,174.22,playing,21
208.7167,9.2728,0,0.20904,0,172.79,playing,21
208.7325,9.2728,0,0.17412,0,171.72,playing,21
208.7492,6.8799,0,0.17412,0,170.94,playing,21
208.7661,6.8799,0,0.25082,1,170.42,playing,21
208.7833,6.8799,0,0.25082,0,170.23,playing,21
208.8001,2.2638,0,0.26002,0,170.35,playing,21
208.8166,2.2638,0,0.26002,0,170.79,playing,21
208.8322,2.2638,0,0.26002,0,171.48,playing,21
208.8487,1.1999,0,0.24972,0,172.46,playing,21
208.8646,1.1999,0,0.24972,0,173.71,playing,21
208.8806,-1.4131,0,0.25018,0,175.25,playing,21
208.8963,-1.4131,0,0.25018,0,177.07,playing,21
208.9125,-1.4131,0,0.25018,0,179.18,playing,21
208.9286,-2.2095,0,0.25024,0,181.56,playing,21
208.9442,-2.2095,0,0.25024,0,184.23,playing,21
208.9609,-2.2095,0,0.25024,0,187.17,playing,21
208.9782,-2.3078,0,0.25024,0,190.62,playing,21
208.9952,-2.3078,0,0.26605,0,194.39,playing,21
209.0121,-2.3078,0,0.26605,0,198.48,playing,21
209.0291,-2.383,0,0.23732,0,202.88,playing,21
209.0459,-2.383,0,0.23732,0,207.6,playing,21
209.0626,-2.1909,0,0.23732,0,212.64,playing,21
209.079,-2.1909,0,0.26906,0,217.66,playing,21
209.0954,-2.1909,0,0.26906,0,223.32,playing,21
209.1122,-2.1974,0,0.2729,0,228.92,playing,21
209.1289,-2.1974,0,0.2729,0,235.2,playing,21
209.1456,-2.1974,0,0.27318,0,241.79,playing,21
209.1618,-5.7578,0,0.27318,0,248.27,playing,21
209.1777,-5.7578,0,0.28227,0,255.04,playing,21
209.1939,-23.1913,1,0.28227,0,262.09,playing,21
209.2105,-25.2689,0,0.28227,0,255.77,playing,21
209.2272,-25.2689,0,0.22907,0,250.11,playing,21
209.2436,-2.6387,0,0.22907,0,244.42,playing,21
209.2595,-2.6387,0,0.18433,0,239.34,playing,21
209.2751,-2.6387,0,0.18433,0,234.54,playing,21
209.2914,11.0264,0,0.18433,0,230.03,playing,21
209.307,11.0264,0,0.22487,1,225.8,playing,21
209.3234,11.0264,0,0.22487,0,221.84,playing,21
209.3396,16.1153,0,0.22487,0,218.17,playing,21
209.3558,16.1153,0,0.22487,0,214.78,playing,21
209.3729,16.1153,0,0.19159,0,211.5,playing,21
209.3898,15.771,0,0.19159,0,208.54,playing,21
209.407,15.771,0,0.19159,0,205.89,playing,21
209.4242,10.6278,0,0.18147,0,203.56,playing,21
209.4414,10.6278,0,0.18147,0,201.55,playing,21
209.4581,10.6278,0,0.17683,0,199.86,playing,21
209.4748,8.1923,0,0.17683,0,198.48,playing,21
209.4906,8.1923,0,0.17839,0,197.47,playing,21
209.5066,8.1923,0,0.17839,0,196.74,playing,21
209.5237,4.3968,0,0.17839,0,196.29,playing,21
209.541,4.3968,0,0.20358,0,196.14,playing,21
209.5579,0.9611,0,0.20358,0,196.32,playing,21
209.5746,0.9611,0,0.21072,0,196.81,playing,21
209.5911,0.9611,0,0.21072,0,197.56,playing,21
209.607,-0.1334,0,0.23002,1,198.67,playing,21
209.6238,-0.1334,0,0.23002,0,200.0,playing,21
209.6398,-0.1334,0,0.25799,0,201.61,playing,21
209.6552,-1.2597,0,0.25799,0,203.5,playing,21
209.6717,-1.2597,0,0.25799,0,205.67,playing,21
209.688,-1.2597,0,0.25818,0,208.13,playing,21
209.7046,-2.5025,0,0.25818,0,211.05,playing,21
209.7206,-2.5025,0,0.27674,0,214.09,playing,21
209.7367,-2.7777,0,0.27674,0,217.4,playing,21
209.7525,-2.7777,0,0.27674,0,221.0,playing,21
209.7688,-2.7777,0,0.25023,0,224.88,playing,21
209.7845,-3.7335,0,0.25023,0,229.04,playing,21
209.8001,-3.7335,0,0.24693,0,233.49,playing,21
209.8171,-3.7335,0,0.24693,0,238.21,playing,21
209.8345,-5.8662,0,0.26573,0,243.55,playing,21
209.8503,-5.8662,0,0.26573,0,249.2,playing,21
209.8662,-5.8662,0,0.26205,0,254.81,playing,21
209.8828,-23.2599,1,0.26205,0,260.7,playing,21
209.8987,-23.2599,0,0.26205,0,254.74,playing,21
209.9145,-18.3937,0,0.25908,0,249.06,playing,21
209.9311,-18.3937,0,0.25908,0,243.67,playing,21
209.9475,-18.3937,0,0.17672,0,238.25,playing,21
209.9635,-6.9302,0,0.17672,0,233.44,playing,21
209.9802,-6.9302,0,0.15364,0,228.9,playing,21
209.9965,-6.9302,0,0.15364,0,224.41,playing,21
210.0126,17.6203,0,0.15364,0,220.45,playing,21
210.0287,17.6203,0,0.15364,0,216.78,playing,21
210.045,17.6203,0,0.15364,0,213.39,playing,21
210.0619,17.588,0,0.16175,0,210.11,playing,21
210.0789,17.588,0,0.16175,0,207.15,playing,21
210.0953,15.4153,0,0.1547,0,204.5,playing,21
210.1122,15.4153,0,0.1547,0,202.29,playing,21
210.1281,15.4153,0,0.15745,0,200.26,playing,21
210.145,9.4118,0,0.15745,0,198.63,playing,21
210.162,9.4118,0,0.19193,0,197.22,playing,21
210.179,9.4118,0,0.19193,0,196.12,playing,21
210.1958,6.5249,0,0.19193,0,195.35,playing,21
210.2128,6.5249,0,0.18861,0,194.89,playing,21
210.2282,6.5249,0,0.18861,0,194.74,playing,21
210.2448,1.9711,0,0.18861,0,194.87,playing,21
210.261,1.9711,0,0.19508,0,195.28,playing,21
210.278,0.3145,0,0.19508,0,196.04,playing,21
210.294,0.3145,0,0.25355,1,197.11,playing,21
210.3116,0.3145,0,0.25355,0,198.41,playing,21
210.3275,-0.9437,0,0.24589,0,200.1,playing,22
210.3441,-0.9437,0,0.24589,0,201.97,playing,22
210.3611,-0.9437,0,0.24589,0,204.28,playing,22
210.3775,-1.3478,0,0.24616,0,206.91,playing,22
210.3932,-1.3478,0,0.24616,0,209.66,playing,22
210.4098,-1.752,0,0.26617,0,212.69,playing,22
210.4269,-1.752,0,0.26617,0,216.24,playing,22
210.444,-1.752,0,0.2744,0,220.1,playing,22
210.4604,-2.1242,0,0.2744,0,224.28,playing,22
210.4764,-2.1242,0,0.2744,0,228.49,playing,22
210.493,-2.1242,0,0.2613,0,232.99,playing,22
210.5093,-2.5173,0,0.2613,0,238.08,playing,22
210.527,-2.5173,0,0.2613,0,243.16,playing,22
210.544,-6.2695,0,0.26151,0,249.23,playing,22
210.5606,-20.9327,1,0.26151,0,255.28,playing,22
210.5764,-20.9327,0,0.26594,0,249.32,playing,22
210.5933,-24.2218,0,0.26594,0,243.64,playing,22
210.6094,-24.2218,0,0.23926,0,237.93,playing,22
210.6256,-24.2218,0,0.23926,0,232.83,playing,22
210.642,-17.6937,0,0.23926,0,228.02,playing,22
210.6587,-17.6937,0,0.18184,0,223.22,playing,22
210.6745,-17.6937,0,0.18184,0,218.99,playing,22
210.6908,-8.4805,0,0.16255,0,215.03,playing,22
210.7065,-8.4805,0,0.16255,0,211.36,playing,22
210.7232,-8.4805,0,0.16255,0,207.97,playing,22
210.7395,-2.2986,0,0.16255,0,204.69,playing,22
210.7556,-2.2986,0,0.16255,0,201.88,playing,22
210.7715,19.2536,0,0.1933,0,199.36,playing,22
210.7874,19.2536,0,0.1933,0,197.11,playing,22
210.8033,19.2536,0,0.17672,0,195.15,playing,22
210.8194,17.2392,0,0.17672,0,193.47,playing,22
210.8356,17.2392,0,0.17672,0,192.07,playing,22
210.8533,17.2392,0,0.14555,0,190.9,playing,22
210.8694,13.858,0,0.14555,0,190.05,playing,22
210.8857,13.858,0,0.16134,0,189.53,playing,22
210.9019,13.858,0,0.16134,0,189.29,playing,22
210.9184,6.7751,0,0.14764,0,189.35,playing,22
210.9346,6.7751,0,0.14764,0,189.69,playing,22
210.9503,4.1073,0,0.17763,0,190.32,playing,22
210.9666,4.1073,0,0.17763,0,191.22,playing,22
210.9821,4.1073,0,0.17763,0,192.41,playing,22
210.9991,0.5463,0,0.23357,1,193.88,playing,22
211.016,0.5463,0,0.23357,0,195.76,playing,22
211.0328,0.5463,0,0.25775,0,197.95,playing,22
211.0484,-0.7503,0,0.25775,0,200.3,playing,22
211.0644,-0.7503,0,0.25775,0,202.93,playing,22
211.0806,-0.7503,0,0.23126,0,205.85,playing,22
211.097,-2.3773,0,0.23126,0,209.04,playing,22
211.1138,-2.3773,0,0.21517,0,212.75,playing,22
211.131,-2.8663,0,0.21517,0,216.78,playing,22
211.1478,-2.8663,0,0.2542,0,221.13,playing,22
211.1646,-2.8663,0,0.2542,0,225.79,playing,22
211.1807,-2.7293,0,0.2542,0,230.46,playing,22
211.197,-2.7293,0,0.30323,0,235.42,playing,22
211.2142,-2.7293,0,0.30323,0,241.0,playing,22
211.2311,-2.8883,0,0.24976,0,246.9,playing,22
211.2481,-2.8883,0,0.24976,0,253.11,playing,22
211.2647,-4.996,0,0.26224,0,259.65,playing,22
211.2816,-4.996,0,0.26224,0,266.5,playing,22
211.2983,-4.996,0,0.26224,0,273.23,playing,22
211.3145,-31.0729,1,0.26849,0,280.7,playing,22
211.3308,-31.0729,0,0.26849,0,274.74,playing,22
211.3464,-31.0729,0,0.24728,0,269.07,playing,22
211.363,-19.8473,0,0.24728,0,263.67,playing,22
211.3803,-19.8473,0,0.28594,0,258.26,playing,22
211.3969,-19.8473,0,0.28594,0,253.16,playing,22
211.4134,-2.3829,0,0.28594,0,248.38,playing,22
211.4304,-2.3829,0,0.19773,0,244.17,playing,22
211.4462,7.7006,0,0.19773,0,240.0,playing,22
211.463,15.9972,0,0.15711,0,236.37,playing,22
211.4801,15.9972,0,0.15711,0,232.83,playing,22
211.4969,16.5082,0,0.17351,0,229.6,playing,22
211.5138,16.5082,0,0.17351,0,226.69,playing,22
211.5299,16.5082,0,0.16771,0,224.23,playing,22
211.5467,11.7935,0,0.16771,0,221.94,playing,22
211.5626,11.7935,0,0.19193,0,220.07,playing,22
211.5785,11.7935,0,0.19193,0,218.47,playing,22
211.5943,8.7826,0,0.19193,0,217.16,playing,22
211.611,8.7826,0,0.19583,0,216.13,playing,22
211.6281,6.2389,0,0.19583,0,215.35,playing,22
211.6448,6.2389,0,0.20941,0,214.9,playing,22
211.6617,6.2389,0,0.20941,0,214.75,playing,22
211.6785,2.0866,0,0.18794,0,214.93,playing,22
211.6942,2.0866,0,0.18794,0,215.38,playing,22
211.7112,2.0866,0,0.21123,0,216.11,playing,22
211.7282,0.3679,0,0.21123,0,217.2,playing,22
211.7445,0.3679,0,0.21123,0,218.61,playing,22
211.7608,-1.3645,0,0.25804,1,220.22,playing,22
211.7778,-1.3645,0,0.25804,0,222.25,playing,22
211.7948,-1.3645,0,0.23738,0,224.6,playing,22
211.8117,-2.0173,0,0.23738,0,227.26,playing,22
211.8275,-2.0173,0,0.24562,0,230.05,playing,22
211.8432,-2.0173,0,0.24562,0,233.12,playing,22
211.8594,-2.3869,0,0.24562,0,236.47,playing,22
211.8758,-2.3869,0,0.25023,0,240.1,playing,22
211.8926,-2.3869,0,0.25023,0,244.28,playing,22
211.9088,-2.1045,0,0.25794,0,248.5,playing,22
211.9255,-2.1045,0,0.25794,0,253.29,playing,22
211.9426,-2.7605,0,0.25794,0,258.09,playing,22
211.9597,-2.7605,0,0.2353,0,263.84,playing,22
211.9756,-2.7605,0,0.2353,0,269.23,playing,22
211.9918,-24.1698,1,0.27758,0,274.91,playing,22
212.0083,-24.1698,0,0.27758,0,268.6,playing,22
212.0249,-24.1698,0,0.26908,0,262.94,playing,22
212.0407,-18.7531,0,0.26908,0,257.56,playing,22
212.0567,-18.7531,0,0.26908,0,252.46,playing,22
212.0734,-4.9175,0,0.21317,0,247.37,playing,22
212.0906,-4.9175,0,0.21317,0,242.59,playing,22
212.1065,-4.9175,0,0.1696,0,238.37,playing,22
212.1233,9.0744,0,0.1696,0,234.44,playing,22
212.1393,9.0744,0,0.18506,0,230.58,playing,22
212.1555,9.0744,0,0.18506,0,227.22,playing,22
212.1715,13.0735,0,0.15254,0,224.15,playing,23
212.1881,13.0735,0,0.15254,0,221.36,playing,23
212.2049,13.0735,0,0.15254,0,218.71,playing,23
212.2222,7.7783,0,0.17312,0,216.38,playing,23
212.2382,7.7783,0,0.17312,0,214.37,playing,23
212.2545,5.5607,0,0.14789,0,212.76,playing,23
212.271,5.5607,0,0.14789,0,211.43,playing,23
212.2878,5.5607,0,0.16596,0,210.34,playing,23
212.3043,3.7379,0,0.16596,0,209.56,playing,23
212.3213,3.7379,0,0.16596,0,209.11,playing,23
212.3374,3.7379,0,0.21038,0,208.95,playing,23
212.3531,0.9649,0,0.21038,0,209.08,playing,23
212.3699,0.9649,0,0.21092,0,209.49,playing,23
212.3868,0.9649,0,0.21092,0,210.25,playing,23
212.4039,0.2959,0,0.22275,1,211.33,playing,23
212.421,0.2959,0,0.22275,0,212.72,playing,23
212.4379,-0.7874,0,0.22275,0,214.43,playing,23
212.4551,-0.7874,0,0.21803,0,216.46,playing,23
212.472,-0.7874,0,0.21803,0,218.8,playing,23
212.4888,-0.9922,0,0.23493,0,221.47,playing,23
212.5056,-0.9922,0,0.23493,0,224.45,playing,23
212.5222,-0.9922,0,0.25427,0,227.54,playing,23
212.5388,-1.74,0,0.25427,0,231.13,playing,23
212.5563,-1.74,0,0.26741,0,235.05,playing,23
212.5724,-26.091,1,0.26741,0,239.29,playing,23
212.5886,-26.091,0,0.26741,0,233.33,playing,23
212.6042,-26.091,0,0.24216,0,227.65,playing,23
212.6209,-22.9389,0,0.24216,0,222.26,playing,23
212.6385,-22.9389,0,0.24245,0,216.84,playing,23
212.6547,-22.9389,0,0.24245,0,211.74,playing,23
212.6708,0.9233,0,0.26159,0,207.23,playing,23
212.6867,0.9233,0,0.26159,0,203.0,playing,23
212.7026,0.9233,0,0.26159,0,199.04,playing,23
212.7187,12.7931,0,0.16188,0,195.37,playing,23
212.735,12.7931,0,0.16188,0,191.98,playing,23
212.7516,16.4461,0,0.14897,0,188.7,playing,23
212.7676,16.4461,0,0.14897,0,185.89,playing,23
212.7838,16.4461,0,0.17627,0,183.37,playing,23
212.7994,14.1542,0,0.17627,0,181.12,playing,23
212.8155,14.1542,0,0.17627,0,179.16,playing,23
212.8325,14.1542,0,0.1733,0,177.48,playing,23
212.8485,11.7391,0,0.1733,0,176.01,playing,23
212.8643,11.7391,0,0.17904,0,174.91,playing,23
212.8802,11.7391,0,0.17904,0,174.09,playing,23
212.8968,5.9157,0,0.21034,0,173.55,playing,23
212.9123,5.9157,0,0.21034,0,173.3,playing,23
212.9289,5.9157,0,0.21034,0,173.32,playing,23
212.946,3.5991,0,0.19895,0,173.67,playing,23
212.9626,3.5991,0,0.19895,0,174.33,playing,23
212.9784,-0.897,0,0.23914,1,175.24,playing,23
212.9944,-0.897,0,0.23914,0,176.42,playing,23
213.0108,-0.897,0,0.23807,0,177.89,playing,23
213.0282,-2.2791,0,0.23807,0,179.77,playing,23
213.0448,-2.2791,0,0.25486,0,181.97,playing,23
213.0618,-2.2791,0,0.25486,0,184.48,playing,23
213.079,-16.8861,0,0.25486,0,187.31,playing,23
213.0953,-16.8861,0,0.24196,0,190.46,playing,23
213.1115,-23.8509,1,0.24196,0,193.71,playing,23
213.1275,-23.8509,0,0.25422,0,187.75,playing,23
213.144,-23.8509,0,0.25422,0,182.07,playing,23
213.1606,-14.8192,0,0.20602,0,176.36,playing,23
213.177,-14.8192,0,0.20602,0,171.26,playing,23
213.1933,-14.8192,0,0.20602,0,166.17,playing,23
213.2093,15.8995,0,0.17603,0,161.65,playing,23
213.2253,15.8995,0,0.17603,0,157.42,playing,23
213.2417,15.8995,0,0.1552,0,153.47,playing,23
213.2579,15.8274,0,0.1552,0,149.8,playing,23
213.2746,15.8274,0,0.17931,0,146.21,playing,23
213.2908,13.5615,0,0.17931,0,143.12,playing,23
213.3063,13.5615,0,0.17931,0,140.32,playing,23
213.3229,13.5615,0,0.16718,0,137.79,playing,23
213.3399,10.4853,0,0.16718,0,135.42,playing,23
213.3568,10.4853,0,0.18526,0,133.38,playing,23
213.3737,10.4853,0,0.18526,0,131.64,playing,23
213.3897,7.61,0,0.18526,0,130.3,playing,23
213.4069,7.61,0,0.16491,0,129.18,playing,23
213.4239,4.8245,0,0.16491,0,128.39,playing,23
213.4411,1.1888,0,0.21065,0,127.91,playing,23
213.4581,1.1888,0,0.21065,0,127.75,playing,23
213.4749,0.2604,0,0.24693,1,127.91,playing,23
213.492,0.2604,0,0.24693,0,128.39,playing,23
213.5091,0.2604,0,0.24693,0,129.18,playing,23
213.526,-1.2222,0,0.25849,0,130.29,playing,23
213.5432,-1.2222,0,0.25849,0,131.72,playing,23
213.5604,-2.3508,0,0.27812,0,133.47,playing,23
213.5767,-2.3508,0,0.27812,0,135.53,playing,23
213.5926,-2.3508,0,0.27812,0,137.76,playing,23
213.6085,-2.67,0,0.2693,0,140.27,playing,23
213.6244,-2.67,0,0.2693,0,143.06,playing,23
213.6403,-2.67,0,0.2659,0,146.13,playing,23
213.6562,-2.6243,0,0.2659,0,149.48,playing,23
213.6723,-2.6243,0,0.28184,0,153.11,playing,23
213.6885,-2.6243,0,0.28184,0,157.03,playing,23
213.7042,-2.0258,0,0.29549,0,161.22,playing,23
213.7208,-2.0258,0,0.29549,0,165.7,playing,23
213.7367,-2.0258,0,0.29549,0,170.46,playing,23
213.7531,-1.9544,0,0.29699,0,175.5,playing,23
213.7693,-1.9544,0,0.29699,0,181.18,playing,23
213.7857,-3.0494,0,0.26109,0,186.8,playing,23
213.8016,-3.0494,0,0.26109,0,192.7,playing,23
213.8173,-3.0494,0,0.26109,0,198.89,playing,23
213.8338,-23.1533,1,0.272,0,205.36,playing,23
213.8502,-23.1533,0,0.272,0,199.04,playing,23
213.8667,-23.1533,0,0.27785,0,193.39,playing,23
213.8831,-27.1895,0,0.27785,0,187.69,playing,23
213.8997,-27.1895,0,0.26532,0,182.61,playing,23
213.9158,-27.1895,0,0.26532,0,177.82,playing,23
213.9328,-1.6078,0,0.23489,0,173.04,playing,23
213.9494,-1.6078,0,0.23489,0,168.58,playing,23
213.966,12.1313,0,0.23489,0,164.66,playing,23
213.983,12.1313,0,0.20151,0,160.82,playing,23
214.0,12.1313,0,0.20151,0,157.29,playing,23
214.0172,12.3171,0,0.18861,0,154.08,playing,24
214.0334,12.3171,0,0.18861,0,151.19,playing,24
214.05,12.3171,0,0.16175,0,148.75,playing,24
214.0672,10.5821,0,0.16175,0,146.48,playing,24
214.0839,10.5821,0,0.16175,0,144.53,playing,24
214.1008,9.5207,0,0.17803,0,142.89,playing,24
214.1177,9.5207,0,0.17803,0,141.57,playing,24
214.1338,9.5207,0,0.14787,0,140.61,playing,24
214.1499,7.8512,0,0.14787,0,139.93,playing,24
214.1667,7.8512,0,0.1804,0,139.53,playing,24
214.1828,7.8512,0,0.1804,0,139.43,playing,24
214.2,5.7902,0,0.1804,0,139.64,playing,24
214.2166,5.7902,0,0.20135,0,140.18,playing,24
214.2323,5.7902,0,0.20135,0,140.96,playing,24
214.2486,3.9182,0,0.23707,1,142.02,playing,24
214.2645,3.9182,0,0.23707,0,143.37,playing,24
214.2804,0.6048,0,0.24777,0,145.0,playing,24
214.297,0.6048,0,0.24777,0,147.04,playing,24
214.3138,0.6048,0,0.24777,0,149.25,playing,24
214.3307,-1.6127,0,0.27749,0,151.91,playing,24
214.347,-1.6127,0,0.27749,0,154.7,playing,24
214.3642,-1.6127,0,0.26911,0,157.98,playing,24
214.3807,-1.8245,0,0.26911,0,161.58,playing,24
214.3964,-1.8245,0,0.26911,0,165.25,playing,24
214.4119,-1.8245,0,0.27671,0,169.2,playing,24
214.4284,-2.177,0,0.27671,0,173.43,playing,24
214.4446,-2.177,0,0.27434,0,177.95,playing,24
214.461,-2.1512,0,0.27434,0,182.74,playing,24
214.4779,-2.1512,0,0.27434,0,188.16,playing,24
214.4948,-2.1512,0,0.28551,0,193.89,playing,24
214.5115,-2.1653,0,0.28551,0,199.94,playing,24
214.5275,-2.1653,0,0.27686,0,205.91,playing,24
214.5433,-2.1653,0,0.27686,0,212.17,playing,24
214.5595,-1.6323,0,0.28004,0,218.7,playing,24
214.5759,-1.6323,0,0.28004,0,225.52,playing,24
214.5929,-1.6323,0,0.28004,0,233.09,playing,24
214.6098,-1.6323,0,0.27715,0,240.97,playing,24
214.6267,-1.6323,0,0.27715,0,249.17,playing,24
214.6425,-3.9132,0,0.26935,0,257.16,playing,24
214.6584,-3.9132,0,0.26935,0,265.44,playing,24
214.6752,-3.9132,0,0.26935,0,274.01,playing,24
214.6921,-27.2072,1,0.28575,0,283.42,playing,24
214.709,-27.2072,0,0.28575,0,277.11,playing,24
214.7258,-27.2072,0,0.26886,0,271.11,playing,24
214.7426,-21.7722,0,0.26886,0,265.44,playing,24
214.7581,-21.7722,0,0.27729,0,260.38,playing,24
214.7745,-11.035,0,0.27729,0,255.6,playing,24
214.7901,7.7226,0,0.20887,0,251.1,playing,24
214.8062,7.7226,0,0.20887,0,246.88,playing,24
214.8226,22.3989,0,0.20887,0,242.95,playing,24
214.839,22.3989,0,0.19338,0,239.3,playing,24
214.8551,22.3989,0,0.19338,0,235.73,playing,24
214.8716,20.5348,0,0.16689,0,232.66,playing,24
214.8879,20.5348,0,0.16689,0,229.87,playing,24
214.9048,20.5348,0,0.16689,0,227.22,playing,24
214.9221,16.5188,0,0.21202,0,224.9,playing,24
214.9391,16.5188,0,0.21202,0,222.88,playing,24
214.956,12.2637,0,0.16456,0,221.19,playing,24
214.9733,12.2637,0,0.16456,0,219.82,playing,24
214.9893,12.2637,0,0.19329,0,218.76,playing,24
215.0057,5.632,0,0.19329,0,218.05,playing,24
215.0215,5.632,0,0.19329,0,217.61,playing,24
215.0371,5.632,0,0.21993,0,217.46,playing,24
215.0541,3.0426,0,0.21993,0,217.59,playing,24
215.0705,3.0426,0,0.26279,1,218.05,playing,24
215.0865,3.0426,0,0.26279,0,218.76,playing,24
215.1034,-0.8083,0,0.26279,0,219.76,playing,24
215.1196,-0.8083,0,0.25859,0,221.13,playing,24
215.1358,-1.8658,0,0.25859,0,222.7,playing,24
215.152,-1.8658,0,0.23416,0,224.56,playing,24
215.1694,-1.8658,0,0.23416,0,226.85,playing,24
215.186,-2.8733,0,0.26914,0,229.46,playing,24
215.203,-2.8733,0,0.26914,0,232.38,playing,24
215.22,-2.8733,0,0.25073,0,235.63,playing,24
215.237,-3.1147,0,0.25073,0,239.19,playing,24
215.254,-3.1147,0,0.27366,0,243.07,playing,24
215.271,-3.2675,0,0.27366,0,247.27,playing,24
215.288,-3.2675,0,0.28261,0,251.78,playing,24
215.3048,-3.2675,0,0.28261,0,256.61,playing,24
215.3219,-3.0876,0,0.28261,0,261.77,playing,24
215.3385,-3.0876,0,0.28261,0,267.23,playing,24
215.3546,-3.0876,0,0.28261,0,272.66,playing,24
215.3707,-2.6574,0,0.23469,0,278.37,playing,24
215.3866,-2.6574,0,0.23469,0,284.37,playing,24
215.4026,-2.6574,0,0.24695,0,290.64,playing,24
215.4184,-2.6012,0,0.24695,0,297.19,playing,24
215.4344,-2.6012,0,0.24695,0,304.03,playing,24
215.4504,-18.4135,0,0.25357,0,311.15,playing,24
215.4662,-18.4135,0,0.25357,0,318.55,playing,24
215.4831,-18.4135,0,0.29345,0,326.23,playing,24
215.4994,-11.4047,1,0.29345,0,334.71,playing,24
215.5156,-11.4047,0,0.31777,0,328.75,playing,24
215.5316,-11.4047,0,0.31777,0,323.08,playing,24
215.5474,6.8897,0,0.31777,0,317.68,playing,24
215.5638,6.8897,0,0.21812,0,312.57,playing,24
215.5811,6.8897,0,0.21812,0,307.45,playing,24
215.598,10.0614,0,0.16154,0,302.65,playing,24
215.6144,10.0614,0,0.16154,0,298.17,playing,24
215.6308,9.9739,0,0.1551,0,294.24,playing,24
215.6464,9.9739,0,0.1551,0,290.59,playing,24
215.6632,9.9739,0,0.1551,0,287.22,playing,24
215.6795,7.5205,0,0.2301,1,283.95,playing,24
215.6956,7.5205,0,0.2301,0,281.16,playing,24
215.7114,7.5205,0,0.23731,0,278.65,playing,24
215.7276,5.8486,0,0.23731,0,276.43,playing,24
215.7436,5.8486,0,0.23731,0,274.48,playing,24
215.7596,5.8486,0,0.23863,0,272.82,playing,24
215.7759,4.8217,0,0.23863,0,271.43,playing,24
215.7928,4.8217,0,0.25427,0,270.28,playing,24
215.8099,3.1739,0,0.25427,0,269.45,playing,24
215.8265,3.1739,0,0.26209,0,268.93,playing,24
215.8427,3.1739,0,0.26209,0,268.73,playing,24
215.8582,1.9575,0,0.26209,0,268.81,playing,25
215.8747,1.9575,0,0.24244,0,269.17,playing,25
215.8911,1.9575,0,0.24244,0,269.81,playing,25
215.9074,-0.937,0,0.28892,0,270.81,playing,25
215.9237,-0.937,0,0.28892,0,272.03,playing,25
215.9394,-0.937,0,0.28918,0,273.54,playing,25
215.956,-1.0962,0,0.28918,0,275.32,playing,25
215.9723,-1.0962,0,0.28918,0,277.54,playing,25
215.989,-1.4131,0,0.28162,0,279.9,playing,25
216.0057,-1.5172,0,0.28162,0,282.74,playing,25
216.0219,-1.5172,0,0.28162,0,285.68,playing,25
216.0388,-2.8481,0,0.28162,0,289.13,playing,25
216.0556,-2.8481,0,0.25019,0,292.9,playing,25
216.0714,-2.8481,0,0.25019,0,296.73,playing,25
216.0878,-19.8133,0,0.25019,0,300.84,playing,25
216.1044,-19.8133,0,0.25842,0,305.52,playing,25
216.1205,-19.8133,0,0.25842,0,310.21,playing,25
216.1369,-20.9807,1,0.25049,0,315.18,playing,25
216.1534,-20.9807,0,0.25049,0,308.87,playing,25
216.1699,-7.111,0,0.23928,0,303.21,playing,25
216.1865,-7.111,0,0.23928,0,297.51,playing,25
216.2029,-7.111,0,0.23928,0,292.44,playing,25
216.2196,20.1132,0,0.18056,0,287.36,playing,25
216.2359,20.1132,0,0.18056,0,282.86,playing,25
216.2524,20.1132,0,0.15596,0,278.4,playing,25
216.2683,18.4373,0,0.15596,0,274.48,playing,25
216.2847,18.4373,0,0.1953,0,270.85,playing,25
216.3003,18.4373,0,0.1953,0,267.49,playing,25
216.3162,14.601,0,0.1953,0,264.42,playing,25
216.3327,14.601,0,0.1953,0,261.63,playing,25
216.3481,14.601,0,0.18939,0,259.12,playing,25
216.3653,7.5794,0,0.18939,0,256.9,playing,25
216.381,7.5794,0,0.18939,0,254.85,playing,25
216.3979,4.8766,0,0.15839,0,253.2,playing,25
216.415,4.8766,0,0.15839,0,251.77,playing,25
216.4317,4.8766,0,0.21744,0,250.66,playing,25
216.4476,1.066,0,0.21744,0,249.89,playing,25
216.4635,1.066,0,0.22741,1,249.4,playing,25
216.4796,1.066,0,0.22741,0,249.2,playing,25
216.4959,-0.7238,0,0.22741,0,249.28,playing,25
216.5126,-0.7238,0,0.23432,0,249.68,playing,25
216.5288,-1.5652,0,0.23432,0,250.34,playing,25
216.5453,-1.5652,0,0.26185,0,251.36,playing,25
216.5612,-1.5652,0,0.26185,0,252.6,playing,25
216.5771,-2.4994,0,0.24659,0,254.12,playing,25
216.5943,-2.4994,0,0.24659,0,255.92,playing,25
216.6102,-2.4994,0,0.24659,0,258.16,playing,25
216.627,-2.5033,0,0.23793,0,260.54,playing,25
216.6437,-2.5033,0,0.23793,0,263.39,playing,25
216.6599,-2.5033,0,0.26655,0,266.36,playing,25
216.6767,-3.3992,0,0.26655,0,269.83,playing,25
216.6925,-3.3992,0,0.25065,0,273.37,playing,25
216.7091,-3.0866,0,0.25065,0,277.2,playing,25
216.7261,-3.0866,0,0.25065,0,281.58,playing,25
216.7424,-3.0866,0,0.25065,0,286.28,playing,25
216.7592,-2.3845,0,0.25065,0,290.99,playing,25
216.7758,-2.3845,0,0.28073,0,296.31,playing,25
216.7928,-2.3845,0,0.28073,0,301.95,playing,25
216.8101,-21.3309,1,0.28073,0,307.9,playing,25
216.8272,-21.3309,0,0.25062,0,301.59,playing,25
216.8437,-21.3309,0,0.25062,0,295.6,playing,25
216.8599,-26.2082,0,0.2544,0,290.24,playing,25
216.8769,-26.2082,0,0.2544,0,284.86,playing,25
216.894,0.425,0,0.20977,0,279.8,playing,25
216.9106,0.425,0,0.20977,0,275.06,playing,25
216.9269,0.425,0,0.20977,0,270.88,playing,25
216.9437,15.0612,0,0.15818,0,266.75,playing,25
216.9591,15.0612,0,0.15818,0,263.15,playing,25
216.9753,15.0612,0,0.15818,0,259.84,playing,25
216.9916,17.3257,0,0.17112,0,256.8,playing,25
217.0074,17.3257,0,0.17112,0,254.04,playing,25
217.0233,17.3257,0,0.17112,0,251.57,playing,25
217.0398,15.9058,0,0.17112,0,249.38,playing,25
217.0567,15.9058,0,0.17112,0,247.37,playing,25
217.0729,12.8866,0,0.20613,0,245.76,playing,25
217.0905,12.8866,0,0.20613,0,244.36,playing,25
217.107,12.8866,0,0.20613,0,243.29,playing,25
217.1233,4.0238,0,0.21865,0,242.53,playing,25
217.1392,4.0238,0,0.21865,0,242.1,playing,25
217.1563,4.0238,0,0.22256,1,241.95,playing,25
217.173,1.7936,0,0.22256,0,242.1,playing,25
217.1896,1.7936,0,0.24237,0,242.58,playing,25
217.2059,0.1266,0,0.24237,0,243.31,playing,25
217.2231,0.1266,0,0.21848,0,244.4,playing,25
217.2397,0.1266,0,0.21848,0,245.81,playing,25
217.2553,-1.9832,0,0.21848,0,247.42,playing,25
217.2722,-1.9832,0,0.26531,0,249.31,playing,25
217.2892,-1.9832,0,0.26531,0,251.64,playing,25
217.3055,-2.2503,0,0.23029,0,254.29,playing,25
217.3216,-2.2503,0,0.23029,0,257.06,playing,25
217.338,-2.2503,0,0.25018,0,260.11,playing,25
217.3548,-1.9208,0,0.25018,0,263.67,playing,25
217.3708,-1.9208,0,0.25018,0,267.31,playing,25
217.3864,-1.8346,0,0.25823,0,271.22,playing,25
217.4023,-1.8346,0,0.25823,0,275.42,playing,25
217.4183,-1.8346,0,0.2422,0,279.9,playing,25
217.4344,-2.1895,0,0.2422,0,284.66,playing,25
217.4509,-2.1895,0,0.2422,0,289.7,playing,25
217.4679,-2.1895,0,0.23843,0,295.37,playing,25
217.4847,-23.1316,1,0.23843,0,301.36,playing,25
217.5008,-23.1316,0,0.24712,0,295.41,playing,25
217.5173,-23.1316,0,0.24712,0,289.73,playing,25
217.5342,-25.5124,0,0.22359,0,284.02,playing,25
217.5504,-25.5124,0,0.22359,0,278.62,playing,25
217.5669,-19.9412,0,0.22101,0,273.82,playing,25
217.5832,-19.9412,0,0.22101,0,269.04,playing,25
217.5995,-19.9412,0,0.22101,0,264.83,playing,25
217.6155,14.3668,0,0.20008,0,260.89,playing,25
217.6324,14.3668,0,0.20008,0,257.24,playing,25
217.6482,14.3668,0,0.18336,0,253.68,playing,25
217.6641,18.5811,0,0.18336,0,250.61,playing,25
217.6812,18.5811,0,0.18336,0,247.82,playing,25
217.6977,18.5811,0,0.16798,0,245.17,playing,25
217.7137,15.4274,0,0.16798,0,242.96,playing,26
217.7295,15.4274,0,0.1656,0,241.03,playing,26
217.746,12.2499,0,0.1656,0,239.38,playing,26
217.7636,12.2499,0,0.1656,0,237.95,playing,26
217.7795,12.2499,0,0.20038,0,236.84,playing,26
217.7952,6.6189,0,0.20038,0,236.07,playing,26
217.8116,6.6189,0,0.20038,0,235.59,playing,26
217.8281,6.6189,0,0.24264,1,235.39,playing,26
217.845,4.2999,0,0.24264,0,235.49,playing,26
217.8615,4.2999,0,0.24264,0,235.91,playing,26
217.8773,4.2999,0,0.18927,0,236.58,playing,26
217.894,0.5056,0,0.18927,0,237.54,playing,26
217.9112,0.5056,0,0.18927,0,238.88,playing,26
217.9273,-1.054,0,0.24566,0,240.53,playing,26
217.9431,-1.054,0,0.24566,0,242.37,playing,26
217.9593,-1.054,0,0.18634,0,244.49,playing,26
217.9757,-2.3454,0,0.18634,0,246.89,playing,26
217.992,-2.3454,0,0.18634,0,249.58,playing,26
218.0085,-2.3454,0,0.18634,0,252.74,playing,26
218.0262,-3.6621,0,0.2464,0,256.23,playing,26
218.0422,-3.6621,0,0.2464,0,260.04,playing,26
218.0587,-3.6621,0,0.2464,0,263.9,playing,26
218.0742,-3.5639,0,0.26234,0,268.04,playing,26
218.091,-3.5639,0,0.26234,0,272.47,playing,26
218.1077,-4.2104,0,0.26234,0,277.49,playing,26
218.1234,-4.2104,0,0.26756,0,282.49,playing,26
218.1392,-4.2104,0,0.26756,0,287.78,playing,26
218.1561,-25.0058,1,0.23357,0,293.35,playing,26
218.1726,-25.0058,0,0.23357,0,287.04,playing,26
218.1889,-25.0058,0,0.27674,0,281.38,playing,26
218.2053,-30.4483,0,0.27674,0,275.69,playing,26
218.2222,-30.4483,0,0.27674,0,270.61,playing,26
218.2384,-30.4483,0,0.26209,0,265.53,playing,26
218.255,-2.1916,0,0.26209,0,261.03,playing,26
218.2717,-2.1916,0,0.23148,0,256.57,playing,26
218.2882,15.3335,0,0.23148,0,252.43,playing,26
218.3051,15.3335,0,0.22436,0,248.81,playing,26
218.322,15.3335,0,0.22436,0,245.28,playing,26
218.3385,18.0488,0,0.22436,0,242.08,playing,26
218.3547,18.0488,0,0.19796,0,239.34,playing,26
218.3718,18.0488,0,0.19796,0,236.75,playing,26
218.3891,16.5507,0,0.18805,0,234.48,playing,26
218.4058,16.5507,0,0.18805,0,232.52,playing,26
218.4229,13.6218,0,0.18805,0,230.88,playing,26
218.4398,13.6218,0,0.1849,0,229.56,playing,26
218.4565,13.6218,0,0.1849,0,228.56,playing,26
218.4721,4.9143,0,0.14779,0,227.9,playing,26
218.4887,4.9143,0,0.14779,0,227.52,playing,26
218.5047,4.9143,0,0.19964,0,227.43,playing,26
218.5208,2.9908,0,0.19964,0,227.61,playing,26
218.5377,2.9908,0,0.19964,0,228.12,playing,26
218.5535,1.3946,0,0.23522,1,228.89,playing,26
218.5698,0.0066,0,0.23522,0,229.93,playing,26
218.5868,0.0066,0,0.22201,0,231.36,playing,26
218.6038,-0.6641,0,0.22201,0,233.11,playing,26
218.6209,-0.6641,0,0.27321,0,235.18,playing,26
218.6378,-0.6641,0,0.27321,0,237.56,playing,26
218.6537,-1.3972,0,0.27418,0,240.09,playing,26
218.6701,-1.3972,0,0.27418,0,242.89,playing,26
218.687,-1.3972,0,0.27418,0,246.19,playing,26
218.704,-2.3582,0,0.28118,0,249.81,playing,26
218.7212,-2.3582,0,0.28118,0,253.74,playing,26
218.7376,-26.0553,1,0.25476,0,258.0,playing,26
218.7532,-26.0553,0,0.25476,0,252.04,playing,26
218.7696,-26.0553,0,0.25343,0,246.36,playing,26
218.7853,-15.2054,0,0.25343,0,240.97,playing,26
218.8016,-15.2054,0,0.25343,0,235.85,playing,26
218.8179,-15.2054,0,0.20945,0,231.02,playing,26
218.8344,6.2196,0,0.20945,0,226.21,playing,26
218.8507,6.2196,0,0.1548,0,221.95,playing,26
218.8666,6.2196,0,0.1548,0,217.98,playing,26
218.8825,14.907,0,0.17293,0,214.3,playing,26
218.8985,14.907,0,0.17293,0,210.89,playing,26
218.915,14.907,0,0.17293,0,207.77,playing,26
218.9313,14.907,0,0.2054,0,204.76,playing,26
218.948,14.907,0,0.2054,0,202.22,playing,26
218.9647,10.8511,0,0.15995,0,199.83,playing,26
218.9808,10.8511,0,0.15995,0,197.87,playing,26
218.9978,10.8511,0,0.19263,0,196.1,playing,26
219.0145,6.0389,0,0.19263,0,194.65,playing,26
219.0312,6.0389,0,0.19263,0,193.57,playing,26
219.0481,6.0389,0,0.26202,1,192.74,playing,26
219.0649,4.3937,0,0.26202,0,192.22,playing,26
219.0823,4.3937,0,0.23363,0,192.02,playing,26
219.0981,0.8751,0,0.23363,0,192.15,playing,26
219.1151,0.8751,0,0.22685,0,192.54,playing,26
219.1319,0.8751,0,0.22685,0,193.28,playing,26
219.1491,-0.16,0,0.27825,0,194.33,playing,26
219.1656,-0.16,0,0.27825,0,195.71,playing,26
219.1821,-0.16,0,0.27825,0,197.28,playing,26
219.1986,-0.9387,0,0.22677,0,199.27,playing,26
219.2143,-0.9387,0,0.22677,0,201.43,playing,26
219.2306,-1.4658,0,0.25439,0,203.86,playing,26
219.2466,-1.4658,0,0.25439,0,206.58,playing,26
219.2622,-1.4658,0,0.25439,0,209.58,playing,26
219.28,-2.4679,0,0.23054,0,213.09,playing,26
219.2972,-2.4679,0,0.23054,0,216.91,playing,26
219.3139,-2.4679,0,0.30718,0,221.05,playing,26
219.3308,-2.6009,0,0.30718,0,225.51,playing,26
219.3484,-2.6009,0,0.26893,0,230.29,playing,26
219.3649,-25.3477,1,0.26893,0,235.38,playing,26
219.3816,-25.3477,0,0.25024,0,229.07,playing,26
219.3982,-25.3477,0,0.25024,0,223.41,playing,26
219.4149,-30.4969,0,0.20747,0,217.72,playing,26
219.4322,-30.4969,0,0.20747,0,212.34,playing,26
219.4486,-30.4969,0,0.20747,0,207.28,playing,26
219.4651,-20.7676,0,0.21105,0,202.8,playing,26
219.4814,-20.7676,0,0.21105,0,198.36,playing,26
219.498,-20.7676,0,0.19031,0,194.46,playing,26
219.5143,2.0646,0,0.19031,0,190.63,playing,26
219.5303,2.0646,0,0.19095,0,187.32,playing,26
219.5463,15.4728,0,0.19095,0,184.28,playing,26
219.5623,15.4728,0,0.19095,0,181.52,playing,27
219.5788,15.4728,0,0.1417,0,179.05,playing,27
219.5961,11.8018,0,0.1417,0,176.74,playing,27
219.6131,11.8018,0,0.20049,0,174.75,playing,27
219.6295,11.8018,0,0.20049,0,173.07,playing,27
219.6451,9.0823,0,0.20378,0,171.78,playing,27
219.6613,9.0823,0,0.20378,0,170.77,playing,27
219.6773,9.0823,0,0.20378,0,170.04,playing,27
219.6937,5.2531,0,0.22207,1,169.59,playing,27
219.71,5.2531,0,0.22207,0,169.42,playing,27
219.7269,3.1086,0,0.22207,0,169.56,playing,27
219.7441,3.1086,0,0.26207,0,170.01,playing,27
219.7603,3.1086,0,0.26207,0,170.79,playing,27
219.777,0.4683,0,0.25023,0,171.8,playing,27
219.794,0.4683,0,0.25023,0,173.19,playing,27
219.8105,0.4683,0,0.25472,0,174.9,playing,27
219.8271,-0.516,0,0.25472,0,176.79,playing,27
219.8441,-0.516,0,0.2349,0,179.12,playing,27
219.86,-0.882,0,0.2349,0,181.77,playing,27
219.8769,-0.882,0,0.2349,0,184.54,playing,27
219.8943,-0.882,0,0.22635,0,187.8,playing,27
219.9103,-1.4192,0,0.22635,0,191.38,playing,27
219.9268,-1.4192,0,0.25025,0,195.03,playing,27
219.9439,-1.4192,0,0.25025,0,199.23,playing,27
219.9608,-1.2853,0,0.26225,0,203.74,playing,27
219.9768,-1.2853,0,0.26225,0,208.28,playing,27
219.9936,-1.2853,0,0.27838,0,213.41,playing,27
220.0099,-22.1423,1,0.27838,0,218.52,playing,27
220.0267,-22.1423,0,0.24599,0,212.21,playing,27
220.0423,-32.2091,0,0.24599,0,206.55,playing,27
220.059,-32.2091,0,0.24599,0,201.17,playing,27
220.0756,-32.2091,0,0.27015,0,195.78,playing,27
220.0918,-22.6322,0,0.27015,0,190.98,playing,27
220.1079,-22.6322,0,0.25421,0,186.46,playing,27
220.1253,-22.6322,0,0.25421,0,181.98,playing,27
220.1419,15.0985,0,0.26636,0,177.82,playing,27
220.1595,15.0985,0,0.26636,0,173.98,playing,27
220.1765,17.8047,0,0.16491,0,170.45,playing,27
220.1923,17.8047,0,0.16491,0,167.24,playing,27
220.2085,17.8047,0,0.16491,0,164.51,playing,27
220.2247,13.1503,0,0.17874,0,162.05,playing,27
220.2408,13.1503,0,0.17874,0,159.88,playing,27
220.2574,13.1503,0,0.17874,0,157.88,playing,27
220.2736,10.2779,0,0.16372,0,156.29,playing,27
220.2898,10.2779,0,0.16372,0,154.98,playing,27
220.3054,10.2779,0,0.20816,0,153.95,playing,27
220.3219,7.4437,0,0.20816,0,153.2,playing,27
220.339,7.4437,0,0.22262,1,152.72,playing,27
220.3557,2.7116,0,0.22262,0,152.56,playing,27
220.3728,2.7116,0,0.25421,0,152.72,playing,27
220.39,2.7116,0,0.25421,0,153.2,playing,27
220.4069,0.7673,0,0.24614,0,153.99,playing,27
220.4238,0.7673,0,0.24614,0,155.1,playing,27
220.4398,0.7673,0,0.24614,0,156.43,playing,27
220.4567,-1.5552,0,0.27781,0,158.16,playing,27
220.473,-1.5552,0,0.27781,0,160.07,playing,27
220.4903,-2.2699,0,0.27781,0,162.41,playing,27
220.508,-2.2699,0,0.2419,0,165.25,playing,27
220.5249,-2.2699,0,0.2419,0,168.25,playing,27
220.5416,-3.0698,0,0.25427,0,171.57,playing,27
220.5575,-3.0698,0,0.25427,0,174.98,playing,27
220.5738,-3.0698,0,0.2619,0,178.66,playing,27
220.59,-2.863,0,0.2619,0,182.63,playing,27
220.6069,-2.863,0,0.2619,0,187.17,playing,27
220.6238,-2.3181,0,0.2619,0,192.02,playing,27
220.6404,-2.3181,0,0.27386,0,197.19,playing,27
220.6568,-2.3181,0,0.27386,0,202.33,playing,27
220.6735,-1.784,0,0.27386,0,208.12,playing,27
220.6897,-1.784,0,0.26118,0,213.85,playing,27
220.7059,-1.784,0,0.26118,0,219.86,playing,27
220.7232,-1.8867,0,0.25427,0,226.56,playing,27
220.7392,-1.8867,0,0.25427,0,233.58,playing,27
220.7554,-1.8867,0,0.25427,0,240.47,playing,27
220.7727,-1.8867,0,0.28263,0,248.11,playing,27
220.7888,-1.8867,0,0.28263,0,255.58,playing,27
220.8054,-1.8867,0,0.25355,0,263.84,playing,27
220.8218,-1.5842,0,0.25355,0,271.89,playing,27
220.8377,-1.5842,0,0.25809,0,280.22,playing,27
220.8537,-3.1548,0,0.25809,0,288.83,playing,27
220.8697,-3.1548,0,0.24976,0,297.73,playing,27
220.8869,-3.1548,0,0.24976,0,307.5,playing,27
220.9039,-23.1041,1,0.24976,0,317.59,playing,27
220.9209,-23.1041,0,0.1846,0,311.28,playing,27
220.9376,-23.1041,0,0.1846,0,305.28,playing,27
220.9533,19.3432,0,0.19757,0,299.92,playing,27
220.9703,19.3432,0,0.19757,0,294.84,playing,27
220.9867,19.7181,0,0.19757,0,289.77,playing,27
221.0027,19.7181,0,0.17855,0,285.27,playing,27
221.019,19.7181,0,0.17855,0,281.05,playing,27
221.0354,15.5231,0,0.15613,0,276.89,playing,27
221.0513,15.5231,0,0.15613,0,273.26,playing,27
221.068,15.5231,0,0.1829,0,269.9,playing,27
221.0849,12.0822,0,0.1829,0,266.66,playing,27
221.1021,12.0822,0,0.1829,0,263.73,playing,27
221.1187,12.0822,0,0.18399,0,261.12,playing,27
221.1344,5.8136,0,0.18399,0,258.95,playing,27
221.1514,5.8136,0,0.21238,0,257.05,playing,27
221.1682,5.8136,0,0.21238,0,255.36,playing,27
221.1845,5.8136,0,0.21238,0,253.98,playing,27
221.2012,5.8136,0,0.22744,1,252.97,playing,27
221.2181,-0.1907,0,0.22744,0,252.21,playing,27
221.2346,-0.1907,0,0.21578,0,251.77,playing,27
221.2509,-0.1907,0,0.21578,0,251.64,playing,27
221.2678,-1.227,0,0.25861,0,251.82,playing,27
221.2833,-1.227,0,0.25861,0,252.26,playing,27
221.2992,-2.2931,0,0.25861,0,252.99,playing,27
221.3163,-2.2931,0,0.25861,0,254.01,playing,27
221.3325,-2.2931,0,0.25861,0,255.4,playing,27
221.3485,-2.9875,0,0.26535,0,256.99,playing,27
221.3641,-2.9875,0,0.26535,0,258.86,playing,27
221.3809,-2.9875,0,0.26535,0,261.02,playing,27
221.3977,-4.4658,0,0.26573,0,263.63,playing,28
221.4139,-4.4658,0,0.26573,0,266.36,playing,28
221.4308,-4.4658,0,0.23793,0,269.59,playing,28
221.4475,-23.3345,1,0.23793,0,273.13,playing,28
221.4632,-23.3345,0,0.25024,0,267.17,playing,28
221.4798,-22.0503,0,0.25024,0,261.49,playing,28
221.4962,-22.0503,0,0.25024,0,255.78,playing,28
221.5125,-22.0503,0,0.23035,0,250.69,playing,28
221.5284,-12.9809,0,0.23035,0,245.87,playing,28
221.5446,-12.9809,0,0.23032,0,241.34,playing,28
221.5604,-12.9809,0,0.23032,0,237.09,playing,28
221.577,2.3708,0,0.23032,0,233.12,playing,28
221.5936,2.3708,0,0.18845,0,229.22,playing,28
221.6099,2.3708,0,0.18845,0,225.83,playing,28
221.6263,0.6806,0,0.13351,0,222.55,playing,28
221.6424,0.6806,0,0.13351,0,219.74,playing,28
221.6582,0.6806,0,0.13184,0,217.21,playing,28
221.6747,-8.3129,0,0.13184,0,214.97,playing,28
221.6908,-8.3129,0,0.13184,0,213.0,playing,28
221.7076,2.9723,0,0.18453,0,211.24,playing,28
221.724,2.9723,0,0.18453,0,209.85,playing,28
221.741,2.9723,0,0.1596,0,208.7,playing,28
221.7581,22.0726,0,0.1596,0,207.87,playing,28
221.775,22.0726,0,0.16708,0,207.35,playing,28
221.7921,22.0726,0,0.16708,0,207.16,playing,28
221.809,23.4919,0,0.16708,0,207.28,playing,28
221.8258,23.4919,0,0.14261,0,207.72,playing,28
221.8414,18.2043,0,0.14261,0,208.41,playing,28
221.8572,18.2043,0,0.158,0,209.39,playing,28
221.8743,18.2043,0,0.158,0,210.64,playing,28
221.8911,18.2043,0,0.18964,0,212.3,playing,28
221.9075,18.2043,0,0.18964,0,214.27,playing,28
221.9233,18.2043,0,0.18964,0,216.41,playing,28
221.9394,5.2205,0,0.17797,0,218.83,playing,28
221.9554,5.2205,0,0.17797,0,221.53,playing,28
221.9715,5.2205,0,0.181,0,224.51,playing,28
221.9881,1.8871,0,0.181,0,227.77,playing,28
222.0046,1.8871,0,0.181,0,231.56,playing,28
222.0206,-2.131,0,0.181,0,235.41,playing,28
222.0364,-2.131,0,0.181,0,239.53,playing,28
222.0534,-2.131,0,0.21745,0,243.94,playing,28
222.07,-3.7676,0,0.21745,0,248.94,playing,28
222.0868,-3.7676,0,0.2383,1,254.26,playing,28
222.1028,-3.7676,0,0.2383,0,259.55,playing,28
222.1201,-5.3839,0,0.25447,0,265.48,playing,28
222.1369,-5.3839,0,0.25447,0,271.74,playing,28
222.1539,-5.3839,0,0.25447,0,278.31,playing,28
222.1712,-5.3839,0,0.24221,0,285.2,playing,28
222.1878,-5.3839,0,0.24221,0,292.41,playing,28
222.2046,-29.4815,1,0.26209,0,299.94,playing,28
222.2211,-29.4815,0,0.26209,0,293.98,playing,28
222.2379,-29.4815,0,0.23007,0,287.96,playing,28
222.2549,-28.8904,0,0.23007,0,282.27,playing,28
222.2721,-28.8904,0,0.23007,0,276.89,playing,28
222.2881,-28.8904,0,0.27832,0,271.83,playing,28
222.3048,-18.6346,0,0.27832,0,267.35,playing,28
222.322,-18.6346,0,0.18854,0,262.91,playing,28
222.3384,16.9911,0,0.18854,0,258.79,playing,28
222.355,16.9911,0,0.20136,0,255.19,playing,28
222.3713,16.9911,0,0.20136,0,251.68,playing,28
222.3872,16.9226,0,0.20136,0,248.66,playing,28
222.403,16.9226,0,0.19236,0,245.92,playing,28
222.4194,16.9226,0,0.19236,0,243.47,playing,28
222.4361,11.4792,0,0.19236,0,241.29,playing,28
222.4521,11.4792,0,0.14623,0,239.3,playing,28
222.4684,8.5623,0,0.14623,0,237.71,playing,28
222.4845,8.5623,0,0.1665,0,236.39,playing,28
222.501,8.5623,0,0.1665,0,235.36,playing,28
222.518,5.4677,0,0.1665,0,234.59,playing,28
222.5347,5.4677,0,0.15826,0,234.13,playing,28
222.5508,5.4677,0,0.15826,0,233.98,playing,28
222.5665,1.1366,0,0.16175,0,234.11,playing,28
222.5828,1.1366,0,0.16175,0,234.52,playing,28
222.5991,1.1366,0,0.24196,1,235.22,playing,28
222.6164,-0.6318,0,0.24196,0,236.27,playing,28
222.6322,-0.6318,0,0.24196,0,237.64,playing,28
222.6491,-2.2398,0,0.21349,0,239.22,playing,28
222.6657,-2.7124,0,0.21349,0,241.21,playing,28
222.6815,-2.7124,0,0.26207,0,243.37,playing,28
222.6975,-2.8519,0,0.26207,0,245.8,playing,28
222.7135,-2.8519,0,0.26207,0,248.52,playing,28
222.7297,-2.8519,0,0.26207,0,251.52,playing,28
222.7458,-2.561,0,0.26207,0,254.8,playing,28
222.7625,-2.561,0,0.2582,0,258.61,playing,28
222.7785,-2.561,0,0.2582,0,262.47,playing,28
222.7941,-7.3367,0,0.28128,0,266.61,playing,28
222.8111,-7.3367,0,0.28128,0,271.04,playing,28
222.8278,-7.3367,0,0.23471,0,276.06,playing,28
222.8445,-27.5589,1,0.23471,0,281.4,playing,28
222.862,-27.5589,0,0.23471,0,275.44,playing,28
222.8786,-12.8641,0,0.19438,0,269.09,playing,28
222.8948,-12.8641,0,0.19438,0,263.73,playing,28
222.9103,-12.8641,0,0.18779,0,258.65,playing,28
222.9265,6.8701,0,0.18779,0,253.86,playing,28
222.9425,6.8701,0,0.1522,0,249.34,playing,28
222.959,6.8701,0,0.1522,0,245.11,playing,28
222.9765,16.2646,0,0.1522,0,240.93,playing,28
222.9922,16.2646,0,0.17264,0,237.06,playing,28
223.0082,16.2646,0,0.17264,0,233.71,playing,28
223.025,16.3076,0,0.17264,0,230.64,playing,28
223.0411,16.3076,0,0.17264,0,227.69,playing,28
223.0583,11.6197,0,0.17264,0,225.2,playing,28
223.0751,11.6197,0,0.14299,0,222.87,playing,28
223.0919,11.6197,0,0.14299,0,220.86,playing,28
223.1091,6.3274,0,0.2101,0,219.17,playing,28
223.1264,6.3274,0,0.2101,0,217.79,playing,28
223.1425,6.3274,0,0.24248,1,216.74,playing,28
223.159,3.9042,0,0.24248,0,216.02,playing,28
223.1755,3.9042,0,0.24248,0,215.58,playing,28
223.1919,2.4872,0,0.20856,0,215.45,playing,28
223.2084,2.4872,0,0.20856,0,215.63,playing,28
223.2242,2.4872,0,0.26634,0,216.07,playing,28
223.2409,-0.4245,0,0.26634,0,216.8,playing,29
223.2578,-0.4245,0,0.26634,0,217.9,playing,29
223.2748,-0.4245,0,0.23213,0,219.31,playing,29
223.2928,-1.3348,0,0.23213,0,221.04,playing,29
223.3082,-1.3348,0,0.2205,0,223.08,playing,29
223.3244,-1.9756,0,0.2205,0,225.29,playing,29
223.3408,-2.3831,0,0.2205,0,227.78,playing,29
223.3573,-2.3831,0,0.2471,0,230.74,playing,29
223.3731,-2.5207,0,0.2471,0,233.81,playing,29
223.3902,-2.5207,0,0.29081,0,237.17,playing,29
223.4067,-2.5207,0,0.29081,0,241.05,playing,29
223.423,-2.6712,0,0.2601,0,244.98,playing,29
223.4401,-2.6712,0,0.2601,0,249.48,playing,29
223.4566,-2.6712,0,0.2601,0,254.29,playing,29
223.4726,-26.0716,1,0.25734,0,259.1,playing,29
223.4892,-26.0716,0,0.25734,0,253.14,playing,29
223.5054,-28.4046,0,0.25398,0,247.13,playing,29
223.5219,-28.4046,0,0.25398,0,241.75,playing,29
223.5382,-28.4046,0,0.25398,0,236.36,playing,29
223.5546,-1.9779,0,0.17872,0,231.56,playing,29
223.571,-1.9779,0,0.17872,0,227.05,playing,29
223.587,-1.9779,0,0.19496,0,222.57,playing,29
223.6043,14.169,0,0.19496,0,218.63,playing,29
223.6212,14.169,0,0.16165,0,214.77,playing,29
223.6375,14.169,0,0.16165,0,211.22,playing,29
223.6539,18.3585,0,0.15818,0,208.17,playing,29
223.6709,18.3585,0,0.15818,0,205.24,playing,29
223.6878,13.6605,0,0.19438,0,202.63,playing,29
223.7037,13.6605,0,0.19438,0,200.46,playing,29
223.7195,13.6605,0,0.19438,0,198.57,playing,29
223.7361,10.311,0,0.18886,0,196.96,playing,29
223.7526,10.311,0,0.18886,0,195.56,playing,29
223.7684,10.311,0,0.23336,1,194.53,playing,29
223.7847,4.4509,0,0.23336,0,193.78,playing,29
223.8021,4.4509,0,0.23336,0,193.3,playing,29
223.8188,4.4509,0,0.21803,0,193.14,playing,29
223.8354,4.4509,0,0.21803,0,193.3,playing,29
223.8515,4.4509,0,0.24616,0,193.73,playing,29
223.8673,4.4509,0,0.24616,0,194.44,playing,29
223.8831,4.4509,0,0.22643,0,195.44,playing,29
223.8994,4.4509,0,0.22643,0,196.71,playing,29
223.9153,-1.0248,0,0.22643,0,198.27,playing,29
223.9317,-1.0248,0,0.25024,0,200.11,playing,29
223.9475,-1.0248,0,0.25024,0,202.23,playing,29
223.9635,-1.3808,0,0.2276,0,204.63,playing,29
223.9801,-1.3808,0,0.2276,0,207.31,playing,29
223.9974,-1.3808,0,0.2276,0,210.48,playing,29
224.0147,-1.7546,0,0.23871,0,214.19,playing,29
224.031,-1.7546,0,0.23871,0,217.77,playing,29
224.0477,-1.8422,0,0.26605,0,221.9,playing,29
224.0636,-1.8422,0,0.26605,0,226.06,playing,29
224.0795,-1.8422,0,0.22709,0,230.5,playing,29
224.0957,-2.2277,0,0.22709,0,235.23,playing,29
224.1118,-2.2277,0,0.25799,0,240.23,playing,29
224.1274,-2.2277,0,0.25799,0,245.52,playing,29
224.1436,-2.1673,0,0.25799,0,251.09,playing,29
224.1596,-2.1673,0,0.21821,0,256.94,playing,29
224.1758,-2.1673,0,0.21821,0,263.08,playing,29
224.1927,-8.2502,0,0.26173,1,269.91,playing,29
224.2089,-8.2502,0,0.26173,0,276.62,playing,29
224.2259,-24.8688,1,0.26173,0,284.07,playing,29
224.2428,-26.0296,0,0.2428,0,277.76,playing,29
224.2599,-26.0296,0,0.2428,0,271.77,playing,29
224.2764,-18.9138,0,0.2422,0,266.09,playing,29
224.2928,-18.9138,0,0.2422,0,261.03,playing,29
224.3101,-18.9138,0,0.18369,0,255.97,playing,29
224.3267,9.2967,0,0.18369,0,251.23,playing,29
224.3439,9.2967,0,0.17922,0,246.81,playing,29
224.3605,9.2967,0,0.17922,0,242.7,playing,29
224.3771,20.6336,0,0.17922,0,239.12,playing,29
224.3942,20.6336,0,0.19578,0,235.63,playing,29
224.4114,20.7418,0,0.19578,0,232.46,playing,29
224.4272,20.7418,0,0.12628,0,229.61,playing,29
224.4431,20.7418,0,0.12628,0,227.2,playing,29
224.4599,18.0673,0,0.15209,0,225.08,playing,29
224.4766,18.0673,0,0.15209,0,223.15,playing,29
224.493,18.0673,0,0.16525,0,221.61,playing,29
224.5099,10.1391,0,0.16525,0,220.29,playing,29
224.5269,10.1391,0,0.16525,0,219.28,playing,29
224.5434,4.1327,0,0.18908,0,218.6,playing,29
224.5593,4.1327,0,0.18908,0,218.24,playing,29
224.5759,4.1327,0,0.25372,1,218.16,playing,29
224.5931,1.8582,0,0.25372,0,218.39,playing,29
224.6102,1.8582,0,0.25372,0,218.94,playing,29
224.6281,1.8582,0,0.22305,0,219.88,playing,29
224.6445,0.308,0,0.22305,0,221.09,playing,29
224.6611,0.308,0,0.26177,0,222.5,playing,29
224.6773,-1.9797,0,0.26177,0,224.33,playing,29
224.6941,-1.9797,0,0.26893,0,226.32,playing,29
224.7112,-1.9797,0,0.26893,0,228.76,playing,29
224.7273,-2.3045,0,0.25132,0,231.52,playing,29
224.7436,-2.3045,0,0.25132,0,234.4,playing,29
224.7595,-2.3045,0,0.25132,0,237.56,playing,29
224.7755,-2.7429,0,0.24163,0,241.0,playing,29
224.7917,-2.7429,0,0.24163,0,244.72,playing,29
224.8071,-2.7429,0,0.25752,0,248.72,playing,29
224.8234,-2.5259,0,0.25752,0,253.01,playing,29
224.8394,-2.5259,0,0.25752,0,257.57,playing,29
224.856,-2.3092,0,0.23842,0,262.42,playing,29
224.8727,-2.3092,0,0.23842,0,267.89,playing,29
224.8887,-2.3092,0,0.26162,0,273.32,playing,29
224.9044,-2.4879,0,0.26162,0,279.03,playing,29
224.9205,-2.4879,0,0.2866,0,285.02,playing,29
224.9365,-2.4879,0,0.2866,0,291.29,playing,29
224.9538,-6.2395,0,0.2866,0,297.85,playing,29
224.9712,-6.2395,0,0.26585,0,305.58,playing,29
224.9877,-6.2395,0,0.26585,0,313.2,playing,29
225.0037,-22.0471,1,0.23435,0,320.65,playing,29
225.0196,-22.0471,0,0.23435,0,314.69,playing,29
225.0358,-14.7608,0,0.27838,0,309.02,playing,29
225.052,-14.7608,0,0.27838,0,303.62,playing,29
225.069,-14.7608,0,0.31293,0,298.21,playing,29
225.0856,4.4609,0,0.31293,0,293.11,playing,30
225.102,4.4609,0,0.31293,0,288.59,playing,30
225.1192,4.4609,0,0.1806,0,284.12,playing,30
225.1356,12.9193,0,0.1806,0,279.95,playing,30
225.152,12.9193,0,0.15122,0,276.32,playing,30
225.1684,11.4388,0,0.15122,0,272.77,playing,30
225.1847,11.4388,0,0.15122,0,269.72,playing,30
225.202,11.4388,0,0.20425,0,266.79,playing,30
225.2185,7.5992,0,0.20425,0,264.18,playing,30
225.2347,7.5992,0,0.20042,0,262.01,playing,30
225.2505,7.5992,0,0.20042,0,260.12,playing,30
225.2665,5.8488,0,0.23876,1,258.5,playing,30
225.2822,5.8488,0,0.23876,0,257.17,playing,30
225.2988,5.8488,0,0.20739,0,256.13,playing,30
225.3149,4.0577,0,0.20739,0,255.36,playing,30
225.3318,4.0577,0,0.20739,0,254.86,playing,30
225.3483,4.0577,0,0.22124,0,254.69,playing,30
225.3644,1.3162,0,0.22124,0,254.8,playing,30
225.3802,1.3162,0,0.23407,0,255.19,playing,30
225.3962,-0.2987,0,0.23407,0,255.87,playing,30
225.4132,-0.2987,0,0.23415,0,256.83,playing,30
225.4302,-0.2987,0,0.23415,0,258.17,playing,30
225.4473,-1.4958,0,0.23386,0,259.82,playing,30
225.4638,-1.4958,0,0.23386,0,261.79,playing,30
225.4811,-1.4958,0,0.23386,0,264.08,playing,30
225.4971,-1.5789,0,0.27316,0,266.69,playing,30
225.5141,-1.5789,0,0.27316,0,269.43,playing,30
225.5309,-2.0481,0,0.28381,0,272.65,playing,30
225.5476,-2.0481,0,0.28381,0,276.19,playing,30
225.5637,-2.0481,0,0.25353,0,279.81,playing,30
225.5798,-1.7742,0,0.25353,0,283.71,playing,30
225.5957,-1.7742,0,0.25353,0,287.89,playing,30
225.6113,-1.7742,0,0.24994,0,292.35,playing,30
225.6275,-1.2237,0,0.24994,0,297.09,playing,30
225.6437,-1.2237,0,0.30342,0,302.11,playing,30
225.6609,-1.2237,0,0.30342,0,307.77,playing,30
225.6775,-27.1157,1,0.25446,0,313.74,playing,30
225.6937,-27.1157,0,0.25446,0,307.78,playing,30
225.71,-27.1157,0,0.25446,0,302.11,playing,30
225.7265,-22.2127,0,0.27693,0,296.39,playing,30
225.7425,-22.2127,0,0.27693,0,291.3,playing,30
225.7584,9.6341,0,0.25478,0,286.48,playing,30
225.7745,9.6341,0,0.25478,0,281.95,playing,30
225.7906,9.6341,0,0.2033,0,277.7,playing,30
225.807,9.6341,0,0.2033,0,273.73,playing,30
225.8233,9.6341,0,0.21717,0,269.83,playing,30
225.8392,9.6341,0,0.21717,0,266.44,playing,30
225.8559,17.0439,0,0.21717,0,263.33,playing,30
225.8725,17.0439,0,0.17569,0,260.35,playing,30
225.8882,17.0439,0,0.17569,0,257.82,playing,30
225.9051,11.1998,0,0.18994,0,255.58,playing,30
225.9222,11.1998,0,0.18994,0,253.51,playing,30
225.9395,7.5371,0,0.18994,0,251.76,playing,30
225.9551,7.5371,0,0.14737,0,250.33,playing,30
225.9722,7.5371,0,0.14737,0,249.27,playing,30
225.9888,4.708,0,0.15664,0,248.45,playing,30
226.0056,4.708,0,0.15664,0,247.96,playing,30
226.0216,4.708,0,0.22095,1,247.77,playing,30
226.0378,1.2184,0,0.22095,0,247.87,playing,30
226.0553,1.2184,0,0.22095,0,248.29,playing,30
226.0724,0.0034,0,0.21059,0,249.02,playing,30
226.0886,0.0034,0,0.21059,0,250.08,playing,30
226.1042,0.0034,0,0.26932,0,251.35,playing,30
226.121,-1.2768,0,0.26932,0,252.91,playing,30
226.1376,-1.2768,0,0.26932,0,254.88,playing,30
226.1538,-1.2768,0,0.22607,0,257.02,playing,30
226.1712,-1.7525,0,0.22607,0,259.61,playing,30
226.1872,-1.7525,0,0.20778,0,262.52,playing,30
226.203,-1.7525,0,0.20778,0,265.53,playing,30
226.2196,-2.0143,0,0.22986,0,268.83,playing,30
226.2359,-2.0143,0,0.22986,0,272.41,playing,30
226.253,-2.4406,0,0.22986,0,276.54,playing,30
226.2697,-2.4406,0,0.23747,0,280.98,playing,30
226.2859,-2.4406,0,0.23747,0,285.44,playing,30
226.3027,-2.4432,0,0.21951,0,290.5,playing,30
226.3187,-2.4432,0,0.21951,0,295.54,playing,30
226.3346,-2.4432,0,0.23817,1,300.86,playing,30
226.3508,-2.4432,0,0.23817,0,306.47,playing,30
226.3681,-2.4432,0,0.23817,0,312.74,playing,30
226.3847,-2.5659,0,0.25429,0,319.33,playing,30
226.4013,-4.588,0,0.25429,0,326.24,playing,30
226.4174,-4.588,0,0.24268,0,333.02,playing,30
226.4332,-23.2151,1,0.24268,0,340.09,playing,30
226.4497,-23.2151,0,0.24268,0,334.13,playing,30
226.4656,-23.2151,0,0.22028,0,328.45,playing,30
226.4822,-14.5685,0,0.22028,0,323.06,playing,30
226.4985,-14.5685,0,0.25355,0,317.64,playing,30
226.5152,-14.5685,0,0.25355,0,312.83,playing,30
226.5317,7.1348,0,0.16967,0,308.03,playing,30
226.5481,7.1348,0,0.16967,0,303.8,playing,30
226.5647,13.5203,0,0.16967,0,299.62,playing,30
226.5801,14.5199,0,0.16967,0,295.96,playing,30
226.5964,14.5199,0,0.16967,0,292.59,playing,30
226.6126,12.8292,0,0.18936,0,289.5,playing,30
226.6288,12.8292,0,0.18936,0,286.7,playing,30
226.645,12.8292,0,0.17415,0,284.17,playing,30
226.6615,8.0611,0,0.17415,0,281.8,playing,30
226.6778,8.0611,0,0.17415,0,279.86,playing,30
226.6944,8.0611,0,0.20734,0,278.11,playing,30
226.7106,5.7088,0,0.20734,0,276.74,playing,30
226.7268,5.7088,0,0.23425,1,275.66,playing,30
226.7438,3.5158,0,0.23425,0,274.83,playing,30
226.7598,3.5158,0,0.21828,0,274.32,playing,30
226.7757,3.5158,0,0.21828,0,274.1,playing,30
226.7919,-0.0355,0,0.21828,0,274.16,playing,30
226.8088,-0.0355,0,0.27043,0,274.55,playing,30
226.8258,-0.0355,0,0.27043,0,275.25,playing,30
226.842,-0.6688,0,0.23062,0,276.19,playing,30
226.8591,-0.6688,0,0.23062,0,277.51,playing,30
226.8763,-0.6688,0,0.23134,0,279.14,playing,30
226.8928,-1.1802,0,0.23134,0,281.09,playing,30
226.9099,-1.1802,0,0.20596,0,283.37,playing,30
226.9265,-1.8084,0,0.20596,0,285.95,playing,31
226.9427,-1.8084,0,0.20596,0,288.67,playing,31
226.9601,-1.8084,0,0.20596,0,291.88,playing,31
226.976,-1.6489,0,0.20596,0,295.4,playing,31
226.9928,-1.6489,0,0.23783,1,299.0,playing,31
227.0099,-1.6489,0,0.23783,0,303.14,playing,31
227.0262,-2.2373,0,0.28041,0,307.6,playing,31
227.0434,-2.2373,0,0.28041,0,312.08,playing,31
227.0598,-2.9622,0,0.28041,0,317.16,playing,31
227.0756,-2.9622,0,0.24264,0,322.22,playing,31
227.0917,-2.9622,0,0.24264,0,327.56,playing,31
227.1081,-22.757,1,0.24514,0,333.18,playing,31
227.1249,-22.757,0,0.24514,0,326.87,playing,31
227.1414,-22.757,0,0.25501,0,320.87,playing,31
227.1579,-18.8244,0,0.25501,0,315.51,playing,31
227.1746,-18.8244,0,0.25501,0,310.14,playing,31
227.1911,-18.8244,0,0.21187,0,305.36,playing,31
227.2081,-4.2574,0,0.21187,0,300.6,playing,31
227.2246,-4.2574,0,0.16176,0,296.15,playing,31
227.2408,11.7583,0,0.16176,0,292.25,playing,31
227.2576,11.7583,0,0.16176,0,288.43,playing,31
227.2737,11.7583,0,0.16176,0,285.11,playing,31
227.2892,12.6283,0,0.16176,0,282.07,playing,31
227.3052,12.6283,0,0.16253,0,279.32,playing,31
227.322,12.6283,0,0.16253,0,276.85,playing,31
227.339,9.9107,0,0.18788,0,274.54,playing,31
227.3561,9.9107,0,0.18788,0,272.54,playing,31
227.3731,9.9107,0,0.15504,0,270.87,playing,31
227.3894,7.7793,0,0.15504,0,269.51,playing,31
227.4059,7.7793,0,0.15504,0,268.52,playing,31
227.4235,5.4255,0,0.17918,0,267.78,playing,31
227.4395,5.4255,0,0.17918,0,267.36,playing,31
227.456,5.4255,0,0.20526,0,267.24,playing,31
227.4731,2.3201,0,0.20526,0,267.44,playing,31
227.4895,2.3201,0,0.20526,0,267.95,playing,31
227.5051,2.3201,0,0.29099,1,268.71,playing,31
227.522,1.134,0,0.29099,0,269.76,playing,31
227.5391,1.134,0,0.24248,0,271.19,playing,31
227.5563,-5.0423,0,0.24248,0,272.94,playing,31
227.5725,-5.0423,0,0.25392,0,275.0,playing,31
227.5882,-5.0423,0,0.25392,0,277.23,playing,31
227.605,-5.0423,0,0.25427,0,279.74,playing,31
227.6217,-24.2708,0,0.25427,0,282.72,playing,31
227.6381,-24.2708,0,0.25427,0,285.81,playing,31
227.6548,-25.7734,1,0.25427,0,289.41,playing,31
227.6716,-25.7734,0,0.25427,0,283.09,playing,31
227.6879,-25.7734,0,0.2314,0,277.43,playing,31
227.7046,-4.3731,0,0.2314,0,271.74,playing,31
227.7201,-4.3731,0,0.20846,0,266.66,playing,31
227.7361,8.3185,0,0.20846,0,261.86,playing,31
227.7531,8.3185,0,0.20846,0,257.35,playing,31
227.7701,8.3185,0,0.19438,0,252.87,playing,31
227.7867,9.0605,0,0.19438,0,248.71,playing,31
227.8029,9.0605,0,0.14037,0,245.07,playing,31
227.8199,9.0605,0,0.14037,0,241.53,playing,31
227.8374,6.7964,0,0.19315,0,238.3,playing,31
227.8535,6.7964,0,0.19315,0,235.39,playing,31
227.8696,6.7964,0,0.20556,0,232.94,playing,31
227.8858,4.8187,0,0.20556,0,230.76,playing,31
227.9028,4.8187,0,0.20556,0,228.77,playing,31
227.9183,2.0685,0,0.24353,1,227.18,playing,31
227.9349,2.0685,0,0.24353,0,225.86,playing,31
227.9521,2.0685,0,0.25775,0,224.79,playing,31
227.9684,1.3091,0,0.25775,0,224.03,playing,31
227.985,1.3091,0,0.2784,0,223.6,playing,31
228.002,1.3091,0,0.2784,0,223.46,playing,31
228.0186,-0.7172,0,0.2784,0,223.63,playing,31
228.0349,-0.7172,0,0.27359,0,224.08,playing,31
228.0516,-1.2237,0,0.27359,0,224.88,playing,31
228.0674,-1.2237,0,0.28965,0,225.9,playing,31
228.0837,-1.2237,0,0.28965,0,227.21,playing,31
228.101,-1.277,0,0.28965,0,228.81,playing,31
228.1177,-1.277,0,0.29532,0,230.95,playing,31
228.1336,-1.277,0,0.29532,0,233.14,playing,31
228.1492,-1.6687,0,0.26935,0,235.62,playing,31
228.1654,-1.6687,0,0.26935,0,238.37,playing,31
228.1816,-1.6687,0,0.26935,0,241.4,playing,31
228.1975,-2.6463,0,0.26637,0,244.72,playing,31
228.214,-2.6463,0,0.26637,0,248.32,playing,31
228.231,-27.5323,1,0.30096,0,252.46,playing,31
228.2474,-27.5323,0,0.30096,0,246.15,playing,31
228.2633,-27.5323,0,0.30096,0,240.49,playing,31
228.2794,-20.1444,0,0.30096,0,235.11,playing,31
228.2954,-20.1444,0,0.26227,0,230.02,playing,31
228.3119,-20.1444,0,0.26227,0,225.2,playing,31
228.3293,14.2527,0,0.26227,0,220.4,playing,31
228.3455,14.2527,0,0.21388,0,215.93,playing,31
228.3617,14.2527,0,0.21388,0,211.99,playing,31
228.3788,15.3078,0,0.21388,0,208.13,playing,31
228.3957,15.3078,0,0.16871,0,204.58,playing,31
228.412,13.132,0,0.16871,0,201.53,playing,31
228.4285,13.132,0,0.19959,0,198.6,playing,31
228.4447,13.132,0,0.19959,0,196.13,playing,31
228.4612,10.985,0,0.19959,0,193.94,playing,31
228.4776,10.985,0,0.15235,0,191.93,playing,31
228.4943,10.985,0,0.15235,0,190.31,playing,31
228.5106,8.2902,0,0.2097,0,188.92,playing,31
228.5263,8.2902,0,0.2097,0,187.89,playing,31
228.5429,8.2902,0,0.2097,0,187.14,playing,31
228.5599,2.7641,0,0.20316,0,186.66,playing,31
228.5771,2.7641,0,0.20316,0,186.5,playing,31
228.594,0.9868,0,0.20125,0,186.66,playing,31
228.611,0.9868,0,0.20125,0,187.14,playing,31
228.6283,0.9868,0,0.21505,0,187.93,playing,31
228.6444,-0.1325,0,0.21505,0,189.04,playing,31
228.6603,-0.1325,0,0.21505,1,190.37,playing,31
228.6762,-0.1325,0,0.25432,0,191.98,playing,31
228.6926,-0.8972,0,0.25432,0,193.87,playing,31
228.7082,-0.8972,0,0.25432,0,196.04,playing,31
228.725,-1.5645,0,0.25432,0,198.5,playing,31
228.7418,-1.5645,0,0.26154,0,201.42,playing,31
228.7588,-1.5645,0,0.26154,0,204.67,playing,31
228.7759,-2.043,0,0.25861,0,208.23,playing,32
228.7931,-2.043,0,0.25861,0,212.11,playing,32
228.8093,-2.043,0,0.25861,0,216.31,playing,32
228.8253,-2.089,0,0.25746,0,220.54,playing,32
228.8421,-2.089,0,0.25746,0,225.05,playing,32
228.8581,-2.089,0,0.25397,0,230.17,playing,32
228.8752,-2.2572,0,0.25397,0,235.26,playing,32
228.8921,-2.2572,0,0.25397,0,240.99,playing,32
228.9088,-1.5009,0,0.25753,0,247.04,playing,32
228.9255,-1.5009,0,0.25753,0,253.41,playing,32
228.9416,-1.5009,0,0.24314,0,259.68,playing,32
228.9577,-6.2632,0,0.24314,0,266.23,playing,32
228.9734,-6.2632,0,0.26181,0,273.07,playing,32
228.9899,-6.2632,0,0.26181,0,280.19,playing,32
229.0068,-21.6214,1,0.26181,0,288.07,playing,32
229.0229,-21.6214,0,0.22348,0,282.11,playing,32
229.0391,-1.4121,0,0.22348,0,276.1,playing,32
229.0552,-1.4121,0,0.18432,0,270.72,playing,32
229.0718,-1.4121,0,0.18432,0,265.63,playing,32
229.0872,10.1993,0,0.18432,0,260.81,playing,32
229.1039,10.1993,0,0.19018,0,256.28,playing,32
229.121,10.1993,0,0.19018,0,251.78,playing,32
229.1374,10.8712,0,0.19748,0,247.6,playing,32
229.1539,10.8712,0,0.19748,0,243.95,playing,32
229.1706,10.8712,0,0.12396,0,240.38,playing,32
229.1865,8.5082,0,0.12396,0,237.31,playing,32
229.2026,8.5082,0,0.12396,0,234.52,playing,32
229.2194,7.1095,0,0.16495,0,231.88,playing,32
229.2356,4.8717,0,0.16495,0,229.67,playing,32
229.2518,4.8717,0,0.20491,0,227.74,playing,32
229.269,3.5239,0,0.20491,0,226.01,playing,32
229.2857,3.5239,0,0.17996,0,224.59,playing,32
229.3019,3.5239,0,0.17996,0,223.55,playing,32
229.319,2.4607,0,0.19073,0,222.75,playing,32
229.3362,2.4607,0,0.19073,0,222.27,playing,32
229.3522,2.4607,0,0.19073,0,222.11,playing,32
229.3687,1.7699,0,0.20076,0,222.24,playing,32
229.3846,1.7699,0,0.20076,0,222.66,playing,32
229.4001,1.7699,0,0.21609,0,223.35,playing,32
229.417,0.3643,0,0.21609,0,224.33,playing,32
229.4338,0.3643,0,0.21609,0,225.68,playing,32
229.4509,-0.4911,0,0.23013,1,227.36,playing,32
229.4683,-0.4911,0,0.23013,0,229.35,playing,32
229.4851,-0.4911,0,0.25023,0,231.65,playing,32
229.5023,-0.6369,0,0.25023,0,234.28,playing,32
229.519,-0.6369,0,0.27342,0,237.23,playing,32
229.5358,-1.6975,0,0.27342,0,240.49,playing,32
229.5514,-1.6975,0,0.26196,0,243.84,playing,32
229.5678,-1.6975,0,0.26196,0,247.47,playing,32
229.5842,-10.5424,0,0.26196,0,251.39,playing,32
229.6008,-10.5424,0,0.21603,0,255.87,playing,32
229.6163,-10.5424,0,0.21603,0,260.36,playing,32
229.6323,-22.2575,1,0.20088,0,265.14,playing,32
229.6486,-22.2575,0,0.20088,0,259.18,playing,32
229.6649,-22.2575,0,0.20088,0,253.51,playing,32
229.6813,-13.0206,0,0.17721,0,247.79,playing,32
229.6975,-13.0206,0,0.17721,0,242.7,playing,32
229.7136,-13.0206,0,0.19194,0,237.88,playing,32
229.7302,0.5209,0,0.19194,0,233.35,playing,32
229.7468,0.5209,0,0.16942,0,228.85,playing,32
229.7634,16.7837,0,0.16942,0,224.67,playing,32
229.7797,16.7837,0,0.16942,0,221.02,playing,32
229.7956,16.7837,0,0.21848,0,217.65,playing,32
229.8116,15.9176,0,0.21848,0,214.56,playing,32
229.8273,15.9176,0,0.18717,0,211.75,playing,32
229.8437,15.9176,0,0.18717,0,209.22,playing,32
229.8595,13.2972,0,0.18717,0,206.98,playing,32
229.876,13.2972,0,0.1547,0,205.01,playing,32
229.8929,13.2972,0,0.1547,0,203.25,playing,32
229.9091,7.2865,0,0.21861,0,201.8,playing,32
229.9252,7.2865,0,0.21861,0,200.71,playing,32
229.9419,4.5602,0,0.21861,1,199.91,playing,32
229.9591,4.5602,0,0.22934,0,199.38,playing,32
229.9761,4.5602,0,0.22934,0,199.16,playing,32
229.9926,0.2375,0,0.22207,0,199.26,playing,32
230.0084,0.2375,0,0.22207,0,199.64,playing,32
230.025,0.2375,0,0.24536,0,200.3,playing,32
230.0416,-0.7888,0,0.24536,0,201.32,playing,32
230.0578,-0.7888,0,0.24536,0,202.56,playing,32
230.074,-1.4277,0,0.26159,0,204.19,playing,32
230.0911,-1.4277,0,0.26159,0,206.01,playing,32
230.1079,-1.4277,0,0.21986,0,208.27,playing,32
230.1248,-2.117,0,0.21986,0,210.84,playing,32
230.1418,-2.117,0,0.21632,0,213.73,playing,32
230.159,-2.117,0,0.21632,0,216.93,playing,32
230.1757,-2.1542,0,0.22987,0,220.46,playing,32
230.1915,-2.1542,0,0.22987,0,224.05,playing,32
230.2074,-2.1542,0,0.22987,0,227.93,playing,32
230.2239,-23.4965,1,0.23859,0,232.1,playing,32
230.2402,-23.4965,0,0.23859,0,225.78,playing,32
230.2568,-29.5216,0,0.23859,0,220.12,playing,32
230.2735,-29.5216,0,0.25576,0,214.43,playing,32
230.2893,-29.5216,0,0.25576,0,209.35,playing,32
230.3055,-24.0217,0,0.25393,0,204.55,playing,32
230.3216,-24.0217,0,0.25393,0,200.04,playing,32
230.3379,-24.0217,0,0.25393,0,195.81,playing,32
230.3546,14.8981,0,0.17934,0,191.63,playing,32
230.3707,14.8981,0,0.17934,0,187.97,playing,32
230.3874,14.8981,0,0.18994,0,184.41,playing,32
230.4039,17.5577,0,0.18994,0,181.34,playing,32
230.421,17.5577,0,0.17145,0,178.39,playing,32
230.4371,14.7168,0,0.17145,0,175.76,playing,32
230.4537,14.7168,0,0.17145,0,173.57,playing,32
230.4696,14.7168,0,0.17752,0,171.66,playing,32
230.4858,11.5662,0,0.17752,0,170.03,playing,32
230.5025,11.5662,0,0.17752,0,168.62,playing,32
230.5191,11.5662,0,0.16087,0,167.57,playing,32
230.5354,8.1096,0,0.16087,0,166.78,playing,32
230.5512,8.1096,0,0.21425,0,166.31,playing,32
230.5679,8.1096,0,0.21425,0,166.12,playing,32
230.5851,4.343,0,0.23767,1,166.24,playing,32
230.6012,4.343,0,0.23767,0,166.68,playing,32
230.6173,2.3237,0,0.23767,0,167.38,playing,33
230.6339,2.3237,0,0.23767,0,168.35,playing,33
230.6505,2.3237,0,0.23793,0,169.71,playing,33
230.6661,-0.7754,0,0.23793,0,171.26,playing,33
230.6827,-0.7754,0,0.24599,0,173.1,playing,33
230.6994,-0.7754,0,0.24599,0,175.37,playing,33
230.7157,-1.8169,0,0.24599,0,177.79,playing,33
230.7324,-1.8169,0,0.24315,0,180.68,playing,33
230.7485,-1.8169,0,0.24315,0,183.68,playing,33
230.7651,-3.1,0,0.28682,0,186.96,playing,33
230.7814,-3.1,0,0.28682,0,190.77,playing,33
230.7976,-3.1,0,0.2782,0,194.63,playing,33
230.8139,-3.1,0,0.2782,0,198.77,playing,33
230.8305,-3.1,0,0.2782,0,203.49,playing,33
230.8467,-3.5398,0,0.24617,0,208.22,playing,33
230.8625,-3.5398,0,0.24617,0,213.23,playing,33
230.8786,-3.5398,0,0.27885,0,218.51,playing,33
230.8944,-3.9997,0,0.27885,0,224.08,playing,33
230.9101,-3.9997,0,0.27885,0,229.93,playing,33
230.9264,-3.9997,0,0.29081,0,236.07,playing,33
230.9425,-3.9997,0,0.29081,0,242.48,playing,33
230.9583,-3.9997,0,0.26992,0,249.18,playing,33
230.974,-22.492,1,0.26992,0,256.16,playing,33
230.9908,-27.331,0,0.19771,0,250.2,playing,33
231.0067,-27.331,0,0.19771,0,244.52,playing,33
231.023,2.2202,0,0.18762,0,239.13,playing,33
231.0393,2.2202,0,0.18762,0,233.71,playing,33
231.0556,2.2202,0,0.18762,0,228.9,playing,33
231.0713,16.0193,0,0.14759,0,224.36,playing,33
231.0876,16.0193,0,0.14759,0,220.11,playing,33
231.1042,16.0193,0,0.17746,0,216.14,playing,33
231.121,15.6444,0,0.17746,0,212.24,playing,33
231.1377,15.6444,0,0.17746,0,208.66,playing,33
231.1537,15.6444,0,0.1216,0,205.57,playing,33
231.17,12.7692,0,0.1216,0,202.76,playing,33
231.1867,12.7692,0,0.14985,0,200.1,playing,33
231.2025,9.6144,0,0.14985,0,197.87,playing,33
231.2185,9.6144,0,0.20535,0,195.92,playing,33
231.2342,9.6144,0,0.20535,0,194.26,playing,33
231.2513,4.827,0,0.19615,0,192.88,playing,33
231.2679,4.827,0,0.19615,0,191.73,playing,33
231.2851,4.827,0,0.19615,0,190.89,playing,33
231.3017,2.8502,0,0.20022,0,190.38,playing,33
231.3179,2.8502,0,0.20022,0,190.18,playing,33
231.3344,0.0919,0,0.23738,1,190.28,playing,33
231.3522,0.0919,0,0.23738,0,190.7,playing,33
231.369,0.0919,0,0.23738,0,191.44,playing,33
231.3853,-0.3315,0,0.21028,0,192.49,playing,33
231.4015,-0.3315,0,0.21028,0,193.77,playing,33
231.4172,-0.3315,0,0.25533,0,195.32,playing,33
231.4335,-1.3974,0,0.25533,0,197.16,playing,33
231.4515,-1.3974,0,0.25533,0,199.28,playing,33
231.4677,-1.3974,0,0.24194,0,202.02,playing,33
231.4836,-1.6968,0,0.24194,0,204.74,playing,33
231.4995,-1.6968,0,0.24202,0,207.74,playing,33
231.5154,-2.3812,0,0.24202,0,211.02,playing,33
231.533,-2.3812,0,0.28183,0,214.83,playing,33
231.549,-2.3812,0,0.28183,0,218.95,playing,33
231.5656,-8.6036,0,0.28183,0,223.11,playing,33
231.5811,-8.6036,0,0.26686,0,227.56,playing,33
231.5981,-8.6036,0,0.26686,0,232.28,playing,33
231.6146,-28.2882,1,0.25734,0,237.62,playing,33
231.6305,-28.2882,0,0.25734,0,231.66,playing,33
231.6468,-28.2882,0,0.1792,0,225.98,playing,33
231.6637,-14.5708,0,0.1792,0,220.27,playing,33
231.6796,-14.5708,0,0.1792,0,215.17,playing,33
231.6953,-14.5708,0,0.14821,0,210.36,playing,33
231.7116,-14.5708,0,0.14821,0,205.83,playing,33
231.7283,-14.5708,0,0.18119,0,201.57,playing,33
231.7452,7.7481,0,0.18119,0,197.38,playing,33
231.7616,7.7481,0,0.17582,0,193.49,playing,33
231.7782,7.7481,0,0.17582,0,190.12,playing,33
231.7949,14.0541,0,0.17582,0,186.86,playing,33
231.8118,14.0541,0,0.16722,0,183.91,playing,33
231.8277,14.0541,0,0.16722,0,181.42,playing,33
231.8435,11.6728,0,0.15315,0,179.21,playing,33
231.8599,11.6728,0,0.15315,0,177.28,playing,33
231.8768,6.3866,0,0.18642,0,175.55,playing,33
231.893,6.3866,0,0.18642,0,174.14,playing,33
231.9097,6.3866,0,0.18642,0,173.09,playing,33
231.9259,4.1602,0,0.16857,0,172.33,playing,33
231.9425,4.1602,0,0.16857,0,171.83,playing,33
231.9583,4.1602,0,0.21797,0,171.64,playing,33
231.9744,2.2643,0,0.21797,0,171.74,playing,33
231.9906,2.2643,0,0.21797,0,172.12,playing,33
232.0072,2.2643,0,0.21368,0,172.78,playing,33
232.0232,-0.3814,0,0.21368,0,173.8,playing,33
232.0398,-0.3814,0,0.25374,1,175.04,playing,33
232.057,-1.4677,0,0.25374,0,176.67,playing,33
232.074,-1.4677,0,0.23484,0,178.62,playing,33
232.0911,-1.4677,0,0.23484,0,180.9,playing,33
232.1079,-2.5859,0,0.23484,0,183.49,playing,33
232.1244,-2.5859,0,0.23484,0,186.39,playing,33
232.1405,-2.5859,0,0.25029,0,189.41,playing,33
232.1562,-3.1875,0,0.25029,0,192.71,playing,33
232.1722,-3.1875,0,0.25029,0,196.29,playing,33
232.1886,-3.1875,0,0.23817,0,200.15,playing,33
232.2045,-2.9788,0,0.23817,0,204.3,playing,33
232.2208,-2.9788,0,0.2618,0,208.72,playing,33
232.2381,-5.4139,0,0.2618,0,213.74,playing,33
232.255,-5.4139,0,0.27848,0,219.08,playing,33
232.2711,-5.4139,0,0.27848,0,224.74,playing,33
232.2883,-25.4348,1,0.27848,0,230.34,playing,33
232.3044,-25.4348,0,0.32316,0,224.03,playing,33
232.3208,-25.4348,0,0.32316,0,218.37,playing,33
232.3373,-0.7787,0,0.27738,0,212.67,playing,33
232.3541,-0.7787,0,0.27738,0,207.6,playing,33
232.3705,13.5466,0,0.20221,0,202.52,playing,33
232.3868,13.5466,0,0.20221,0,198.02,playing,33
232.4036,13.5466,0,0.20221,0,193.8,playing,33
232.421,15.8765,0,0.1627,0,189.42,playing,33
232.4373,15.8765,0,0.1627,0,185.59,playing,33
232.4535,15.8765,0,0.169,0,182.27,playing,33
232.4696,13.6075,0,0.169,0,179.24,playing,34
232.4852,13.6075,0,0.169,0,176.48,playing,34
232.502,13.6075,0,0.18794,0,174.01,playing,34
232.5185,8.2134,0,0.18794,0,171.7,playing,34
232.5348,8.2134,0,0.18794,0,169.81,playing,34
232.5516,4.1564,0,0.18794,0,168.11,playing,34
232.5673,4.1564,0,0.23016,1,166.8,playing,34
232.5834,4.1564,0,0.23016,0,165.77,playing,34
232.5993,4.1564,0,0.23016,0,165.02,playing,34
232.6159,4.1564,0,0.24196,0,164.55,playing,34
232.6325,4.1564,0,0.24196,0,164.38,playing,34
232.6483,0.8511,0,0.21999,0,164.49,playing,34
232.6643,0.8511,0,0.21999,0,164.88,playing,34
232.6815,0.8511,0,0.22305,0,165.56,playing,34
232.6982,-0.585,0,0.22305,0,166.6,playing,34
232.7143,-0.585,0,0.22305,0,167.95,playing,34
232.7302,-1.1093,0,0.29102,0,169.51,playing,34
232.7462,-1.1093,0,0.29102,0,171.35,playing,34
232.7629,-1.1093,0,0.2497,0,173.47,playing,34
232.7797,-1.8222,0,0.2497,0,176.04,playing,34
232.7956,-1.8222,0,0.2497,0,178.74,playing,34
232.8119,-1.8222,0,0.23335,0,181.72,playing,34
232.8282,-2.0014,0,0.23335,0,185.21,playing,34
232.8445,-2.0014,0,0.24973,0,188.77,playing,34
232.8607,-2.0014,0,0.24973,0,192.62,playing,34
232.8769,-15.2167,0,0.27096,0,196.74,playing,34
232.8943,-15.2167,0,0.27096,0,201.45,playing,34
232.9103,-28.4943,1,0.26312,0,206.47,playing,34
232.9266,-28.4943,0,0.26312,0,200.51,playing,34
232.9429,-28.4943,0,0.26312,0,194.83,playing,34
232.9601,-24.5688,0,0.26312,0,189.12,playing,34
232.9768,-24.5688,0,0.26312,0,183.72,playing,34
232.9932,-24.5688,0,0.29081,0,178.92,playing,34
233.0099,13.2737,0,0.29081,0,174.14,playing,34
233.0271,13.2737,0,0.24248,0,169.68,playing,34
233.0438,16.8311,0,0.24248,0,165.54,playing,34
233.0608,16.8311,0,0.24248,0,161.72,playing,34
233.078,16.8311,0,0.16475,0,158.21,playing,34
233.0943,16.5198,0,0.16475,0,155.02,playing,34
233.1105,16.5198,0,0.17897,0,152.3,playing,34
233.1262,16.5198,0,0.17897,0,149.86,playing,34
233.1427,10.8491,0,0.19461,0,147.7,playing,34
233.1593,10.8491,0,0.19461,0,145.83,playing,34
233.1757,10.8491,0,0.19461,0,144.16,playing,34
233.1918,8.1088,0,0.16092,0,142.86,playing,34
233.2075,8.1088,0,0.16092,0,141.85,playing,34
233.2237,8.1088,0,0.19468,0,141.12,playing,34
233.24,5.1217,0,0.19468,0,140.67,playing,34
233.2566,5.1217,0,0.19468,0,140.51,playing,34
233.2728,1.0237,0,0.26593,1,140.64,playing,34
233.2896,1.0237,0,0.26593,0,141.1,playing,34
233.3059,1.0237,0,0.25429,0,141.81,playing,34
233.3216,-1.0874,0,0.25429,0,142.8,playing,34
233.3387,-1.0874,0,0.25429,0,144.08,playing,34
233.3562,-1.0874,0,0.24164,0,145.87,playing,34
233.373,-2.2874,0,0.24164,0,147.88,playing,34
233.3898,-2.2874,0,0.2497,0,150.2,playing,34
233.4069,-2.6133,0,0.2497,0,152.85,playing,34
233.4239,-2.6133,0,0.24976,0,155.81,playing,34
233.4408,-2.6133,0,0.24976,0,159.09,playing,34
233.4566,-2.4815,0,0.26415,0,162.46,playing,34
233.4727,-2.4815,0,0.26415,0,166.11,playing,34
233.4884,-2.4815,0,0.26415,0,170.05,playing,34
233.5057,-2.9168,0,0.22737,0,174.54,playing,34
233.5216,-2.9168,0,0.22737,0,179.06,playing,34
233.5372,-2.9168,0,0.28134,0,183.85,playing,34
233.5533,-2.0925,0,0.28134,0,188.93,playing,34
233.5699,-2.0925,0,0.24976,0,194.29,playing,34
233.5862,-2.3068,0,0.24976,0,200.3,playing,34
233.6027,-2.3068,0,0.27758,0,206.24,playing,34
233.619,-2.3068,0,0.27758,0,212.46,playing,34
233.6355,-2.0488,0,0.27758,0,219.39,playing,34
233.6518,-2.0488,0,0.27758,0,226.19,playing,34
233.6679,-2.0488,0,0.27758,0,233.27,playing,34
233.6844,-19.727,0,0.26223,0,241.11,playing,34
233.7007,-19.727,0,0.26223,0,248.78,playing,34
233.7163,-19.727,0,0.26143,0,256.72,playing,34
233.7326,-19.727,0,0.26143,0,264.95,playing,34
233.7482,-19.727,0,0.26143,0,273.46,playing,34
233.7646,-15.392,1,0.27838,0,282.25,playing,34
233.7804,7.0318,0,0.27838,0,276.29,playing,34
233.7968,7.0318,0,0.26587,0,270.62,playing,34
233.814,13.7993,0,0.26587,0,264.9,playing,34
233.8306,13.7993,0,0.25361,0,259.51,playing,34
233.8463,13.7993,0,0.25361,0,254.71,playing,34
233.8624,13.7253,0,0.25361,0,250.19,playing,34
233.878,13.7253,0,0.18155,0,245.96,playing,34
233.8943,13.7253,0,0.18155,0,242.01,playing,34
233.9108,9.9118,0,0.23791,1,238.34,playing,34
233.9271,9.9118,0,0.23791,0,234.95,playing,34
233.9434,9.9118,0,0.23791,0,231.67,playing,34
233.96,7.862,0,0.24294,0,228.86,playing,34
233.9771,7.862,0,0.24294,0,226.19,playing,34
233.994,6.084,0,0.25904,0,223.85,playing,34
234.0112,6.084,0,0.25904,0,221.82,playing,34
234.028,6.084,0,0.28436,0,220.1,playing,34
234.0448,3.5657,0,0.28436,0,218.71,playing,34
234.0606,3.5657,0,0.28436,0,217.68,playing,34
234.077,3.5657,0,0.25853,0,216.93,playing,34
234.094,0.9743,0,0.25853,0,216.45,playing,34
234.1108,0.9743,0,0.28098,0,216.29,playing,34
234.1271,-1.5871,0,0.28098,0,216.45,playing,34
234.1439,-1.5871,0,0.28098,0,216.88,playing,34
234.1608,-1.5871,0,0.24652,0,217.66,playing,34
234.1775,-1.9223,0,0.24652,0,218.75,playing,34
234.1942,-1.9223,0,0.27268,0,220.06,playing,34
234.211,-1.9223,0,0.27268,0,221.77,playing,34
234.2274,-2.5049,0,0.27321,0,223.8,playing,34
234.2434,-2.5049,0,0.27321,0,225.99,playing,34
234.2591,-2.4966,0,0.30003,0,228.46,playing,34
234.2756,-2.4966,0,0.30003,0,231.21,playing,34
234.292,-2.4966,0,0.30003,0,234.25,playing,34
234.3089,-2.506,0,0.26553,0,237.79,playing,35
234.3258,-2.506,0,0.26553,0,241.65,playing,35
234.3424,-2.506,0,0.26553,0,245.83,playing,35
234.3584,-18.9059,0,0.26553,0,250.05,playing,35
234.3747,-18.9059,0,0.26553,0,254.54,playing,35
234.3902,-18.9059,0,0.25802,0,259.32,playing,35
234.4065,-20.9034,1,0.25802,0,264.38,playing,35
234.4227,-20.9034,0,0.26309,0,258.42,playing,35
234.4382,-20.9034,0,0.26309,0,252.74,playing,35
234.4545,-15.0943,0,0.25763,0,247.35,playing,35
234.471,-15.0943,0,0.25763,0,242.24,playing,35
234.4877,12.4928,0,0.25763,0,237.12,playing,35
234.5036,12.4928,0,0.191,0,232.59,playing,35
234.5196,12.4928,0,0.191,0,228.34,playing,35
234.536,17.3299,0,0.17603,0,224.37,playing,35
234.5522,17.3299,0,0.17603,0,220.47,playing,35
234.5687,17.3299,0,0.17603,0,217.08,playing,35
234.5844,13.0273,0,0.17603,0,213.97,playing,35
234.6004,13.0273,0,0.24134,1,211.14,playing,35
234.6163,13.0273,0,0.24134,0,208.6,playing,35
234.6326,10.2039,0,0.24134,0,206.34,playing,35
234.6489,10.2039,0,0.24134,0,204.36,playing,35
234.6659,5.1451,0,0.21759,0,202.57,playing,35
234.6826,5.1451,0,0.21759,0,201.1,playing,35
234.6988,5.1451,0,0.21759,0,200.0,playing,35
234.7159,3.4864,0,0.28639,0,199.15,playing,35
234.7331,3.4864,0,0.28639,0,198.62,playing,35
234.7497,3.4864,0,0.21822,0,198.4,playing,35
234.7662,0.4354,0,0.21822,0,198.48,playing,35
234.7828,0.4354,0,0.25913,0,198.88,playing,35
234.7984,0.4354,0,0.25913,0,199.54,playing,35
234.8152,-0.7078,0,0.25913,0,200.48,playing,35
234.8318,-0.7078,0,0.23862,0,201.8,playing,35
234.849,-1.4794,0,0.23862,0,203.43,playing,35
234.8657,-1.4794,0,0.23862,0,205.39,playing,35
234.8818,-1.4794,0,0.24723,0,207.51,playing,35
234.899,-2.691,0,0.24723,0,210.08,playing,35
234.9158,-2.691,0,0.31844,0,212.96,playing,35
234.9316,-2.691,0,0.31844,0,215.96,playing,35
234.9478,-3.2803,0,0.24642,0,219.25,playing,35
234.9646,-3.2803,0,0.24642,0,223.05,playing,35
234.9804,-4.8098,0,0.24251,0,226.91,playing,35
234.9962,-4.8098,0,0.24251,0,231.06,playing,35
235.013,-4.8098,0,0.24251,0,235.48,playing,35
235.0293,-22.7367,1,0.30908,0,240.5,playing,35
235.046,-22.7367,0,0.30908,0,234.54,playing,35
235.063,-22.7367,0,0.27022,0,228.53,playing,35
235.079,-18.1352,0,0.27022,0,222.84,playing,35
235.0961,-18.1352,0,0.29969,0,217.76,playing,35
235.1126,-18.1352,0,0.29969,0,212.68,playing,35
235.1284,-1.1202,0,0.25366,0,208.18,playing,35
235.1448,-1.1202,0,0.25366,0,203.97,playing,35
235.162,14.4235,0,0.25366,0,199.8,playing,35
235.1789,14.4235,0,0.19052,0,195.96,playing,35
235.1952,14.4235,0,0.19052,0,192.44,playing,35
235.2118,16.105,0,0.19183,0,189.4,playing,35
235.2276,16.105,0,0.19183,0,186.64,playing,35
235.2435,16.105,0,0.19183,0,184.17,playing,35
235.2594,12.7922,0,0.22238,1,181.98,playing,35
235.2757,12.7922,0,0.22238,0,180.07,playing,35
235.2914,12.7922,0,0.18008,0,178.44,playing,35
235.3077,9.907,0,0.18008,0,177.09,playing,35
235.3234,9.907,0,0.18008,0,176.03,playing,35
235.3392,7.4328,0,0.21772,0,175.24,playing,35
235.3554,4.8992,0,0.21772,0,174.74,playing,35
235.3718,4.8992,0,0.22962,0,174.52,playing,35
235.3876,2.8457,0,0.22962,0,174.58,playing,35
235.4034,2.8457,0,0.22962,0,174.92,playing,35
235.4196,2.8457,0,0.214,0,175.55,playing,35
235.4361,0.0333,0,0.214,0,176.45,playing,35
235.453,0.0333,0,0.25379,0,177.73,playing,35
235.4698,0.0333,0,0.25379,0,179.33,playing,35
235.4869,-1.0817,0,0.26911,0,181.25,playing,35
235.504,-1.0817,0,0.26911,0,183.48,playing,35
235.5202,-1.5823,0,0.26911,0,186.03,playing,35
235.5361,-1.5823,0,0.2701,0,188.71,playing,35
235.5532,-1.5823,0,0.2701,0,191.68,playing,35
235.5693,-2.0939,0,0.25484,0,195.15,playing,35
235.5861,-2.0939,0,0.25484,0,198.69,playing,35
235.6023,-2.0939,0,0.25055,0,202.78,playing,35
235.619,-2.1593,0,0.25055,0,206.9,playing,35
235.6358,-2.1593,0,0.25055,0,211.61,playing,35
235.6515,-2.1593,0,0.28184,0,216.31,playing,35
235.6681,-3.6123,0,0.28184,0,221.3,playing,35
235.6851,-3.6123,0,0.25424,0,226.92,playing,35
235.7023,-20.1969,1,0.25424,0,232.86,playing,35
235.7192,-20.1969,0,0.25827,0,226.54,playing,35
235.7354,-20.1969,0,0.25827,0,220.55,playing,35
235.7515,-24.187,0,0.25827,0,215.19,playing,35
235.7676,-24.187,0,0.25018,0,210.11,playing,35
235.7837,-24.187,0,0.25018,0,205.32,playing,35
235.7999,-16.3486,0,0.2469,0,200.8,playing,35
235.8168,-16.3486,0,0.2469,0,196.32,playing,35
235.8342,11.8527,0,0.26586,0,192.16,playing,35
235.8513,11.8527,0,0.26586,0,188.11,playing,35
235.8672,11.8527,0,0.26586,0,184.79,playing,35
235.883,10.1014,0,0.21662,0,181.75,playing,35
235.8997,10.1014,0,0.21662,0,179.0,dead,35
235.9153,10.1014,0,0.20096,0,176.53,dead,35
235.9321,7.9912,0,0.20096,0,174.33,dead,35
235.9488,7.9912,0,0.20096,0,172.32,dead,35
235.9652,7.9912,0,0.20358,0,170.71,dead,35
235.9815,6.5918,0,0.20358,0,169.32,dead,35
235.9981,6.5918,0,0.22528,1,168.29,dead,35
236.0145,5.0466,0,0.22528,0,167.51,dead,35
236.0308,5.0466,0,0.22528,0,167.06,dead,35
236.0475,5.0466,0,0.26336,0,166.9,dead,35
236.0637,2.191,0,0.26336,0,167.03,dead,35
236.081,2.191,0,0.25809,0,167.49,dead,35
236.0982,2.191,0,0.25809,0,168.26,dead,35
236.1149,-0.1466,0,0.23587,0,169.36,dead,35
236.1317,-0.1466,0,0.23587,0,170.77,dead,35
236.1474,-0.1466,0,0.23587,0,172.38,dead,35
236.1633,-0.7606,0,0.2578,0,174.27,dead,35
236.1799,-0.7606,0,0.2578,0,176.44,dead,35
236.197,-0.7606,0,0.2578,0,179.07,dead,35
236.2141,-0.7606,0,0.2578,0,182.01,dead,35
236.231,-0.7606,0,0.28544,0,185.27,dead,35
236.2476,-0.7901,0,0.28544,0,188.86,dead,35
236.2639,-0.7901,0,0.28544,0,192.51,dead,35
236.2803,-0.7901,0,0.22958,0,196.7,dead,35
236.2964,-1.2364,0,0.22958,0,200.94,dead,35
236.3126,-1.2364,0,0.22958,0,205.45,dead,35
236.3291,-1.1083,0,0.26586,0,210.24,dead,35
236.3459,-0.7655,0,0.26586,0,215.66,dead,35
236.3622,-0.7655,0,0.26285,0,221.39,dead,35
236.3788,-0.6303,0,0.26285,0,227.06,dead,35
236.3956,-0.6303,0,0.25022,0,233.41,dead,35
236.4123,-0.6303,0,0.25022,0,239.67,dead,35
236.4289,0.4355,0,0.27191,0,246.63,dead,35
236.4461,0.4355,0,0.27191,0,253.91,dead,35
236.4628,0.4355,0,0.30291,0,261.52,dead,35
236.4802,1.1963,0,0.30291,0,269.43,dead,35
236.4967,1.1963,0,0.30291,0,277.67,dead,35
236.5134,1.3691,0,0.30245,0,285.7,dead,35
236.5301,1.3691,0,0.30245,0,294.56,dead,35
236.5464,1.3691,0,0.28098,0,303.73,dead,35
236.5628,-2.5146,0,0.28098,0,312.64,dead,35
236.5784,-2.5146,0,0.24226,0,321.84,dead,35
236.5954,-2.5146,0,0.24226,0,331.31,dead,35
236.6119,-6.0278,0,0.24226,0,341.7,dead,35
236.6285,-6.0278,0,0.24252,0,352.41,dead,35
236.6448,-8.0194,0,0.24252,0,362.76,dead,35
236.6618,-8.0194,0,0.25826,0,374.09,dead,35
236.6791,-8.0194,0,0.25826,0,385.73,dead,35
236.6956,-8.095,0,0.25398,0,397.63,dead,35
236.7121,-8.095,0,0.25398,0,408.83,dead,35
236.7288,-8.095,0,0.25398,0,420.73,dead,35
236.7451,-7.1994,0,0.2298,0,432.63,dead,35
236.7618,-7.1994,0,0.2298,0,443.83,dead,35
236.7785,-7.1994,0,0.26179,0,455.03,dead,35
236.7941,-1.7367,0,0.26179,0,466.93,dead,35
236.8116,-1.7367,0,0.26162,0,478.13,dead,35
236.827,-1.7367,0,0.26162,0,489.33,dead,35
236.8426,-1.7367,0,0.26162,0,496.0,dead,35
236.8581,-1.7367,0,0.25777,0,496.0,dead,35
236.8742,0.1172,0,0.25777,0,496.0,dead,35
236.8913,0.1172,0,0.27707,0,496.0,dead,35
236.9084,0.1172,0,0.27707,0,496.0,dead,35
236.925,2.2983,0,0.27707,0,496.0,dead,35
236.9416,2.2983,0,0.26939,0,496.0,dead,35
236.9579,2.2983,0,0.26939,0,496.0,dead,35
236.9749,2.1716,0,0.27752,0,496.0,dead,35
236.992,2.1716,0,0.27752,0,496.0,dead,35
237.0086,1.417,0,0.27425,0,496.0,dead,35
237.0247,1.417,0,0.27425,0,496.0,dead,35
237.0403,1.417,0,0.27425,0,496.0,dead,35
237.0564,0.9845,0,0.25354,0,496.0,dead,35
237.0723,0.9845,0,0.25354,0,496.0,dead,35
237.0889,0.9845,0,0.25024,0,496.0,dead,35
237.106,3.5859,0,0.25024,0,496.0,dead,35
237.1225,3.5859,0,0.29652,0,496.0,dead,35
237.1386,3.5859,0,0.29652,0,496.0,dead,35
237.1548,3.5156,0,0.29652,0,496.0,dead,35
237.1736,3.5156,0,0.30762,0,496.0,dead,35
237.1886,2.4988,0,0.30762,0,496.0,dead,35
237.2053,2.4988,0,0.26151,0,496.0,dead,35
237.2217,2.4988,0,0.26151,0,496.0,dead,35
237.2381,2.6362,0,0.2818,0,496.0,dead,35
237.2547,2.6362,0,0.2818,0,496.0,dead,35
237.2702,2.6362,0,0.2818,0,496.0,dead,35
237.2865,1.5143,0,0.30006,0,496.0,dead,35
237.3022,1.5143,0,0.30006,0,496.0,dead,35
237.3188,0.6255,0,0.28422,0,496.0,dead,35
237.3356,-26.9764,1,0.28422,0,496.0,dead,35
237.3512,-26.9764,0,0.28422,0,285.0,playing,0
237.3685,-29.0227,0,0.29612,0,279.04,playing,0
237.3852,-29.0227,0,0.29612,0,273.03,playing,0
237.4021,-29.0227,0,0.21716,0,267.33,playing,0
237.4182,-20.0064,0,0.21716,0,261.96,playing,0
237.436,-20.0064,0,0.21716,1,257.18,playing,0
237.4527,-20.0064,0,0.22239,0,252.16,playing,0
237.468,21.2858,0,0.22239,0,247.98,playing,0
237.4852,21.2858,0,0.18347,0,244.08,playing,0
237.5013,21.5683,0,0.18347,0,240.25,playing,0
237.5172,21.5683,0,0.17166,0,236.93,playing,0
237.5341,21.5683,0,0.17166,0,233.9,playing,0
237.551,16.2114,0,0.17788,0,230.99,playing,0
237.5682,16.2114,0,0.17788,0,228.4,playing,0
237.5849,16.2114,0,0.17788,0,226.12,playing,0
237.6013,12.9644,0,0.15775,0,224.17,playing,0
237.6174,12.9644,0,0.15775,0,222.61,playing,0
237.6335,10.1652,0,0.18418,0,221.33,playing,0
237.6496,10.1652,0,0.18418,0,220.34,playing,0
237.6666,10.1652,0,0.18418,0,219.63,playing,0
237.6838,4.7877,0,0.22751,0,219.18,playing,0
237.701,4.7877,0,0.22751,0,219.08,playing,0
237.7177,4.7877,0,0.23442,0,219.29,playing,0
237.7333,2.7233,0,0.23442,0,219.77,playing,0
237.7494,2.7233,0,0.2665,0,220.54,playing,0
237.7654,2.7233,0,0.2665,0,221.58,playing,0
237.7811,0.0302,0,0.2665,0,222.91,playing,0
237.7974,0.0302,0,0.27007,0,224.52,playing,0
237.8139,-1.7158,0,0.27007,0,226.41,playing,0
237.8307,-1.7158,0,0.2736,0,228.74,playing,0
237.8465,-1.7158,0,0.2736,0,231.21,playing,0
237.8623,-4.3143,0,0.27745,0,233.97,playing,0
237.8781,-4.3143,0,0.27745,0,237.0,playing,0
237.8949,-4.3143,0,0.27745,0,240.32,playing,0
237.9111,-4.8926,0,0.26198,0,244.16,playing,0
237.927,-4.8926,0,0.26198,0,248.06,playing,0
237.9434,-4.8926,0,0.28091,0,252.24,playing,0
237.9595,-5.6471,0,0.28091,0,256.7,playing,0
237.9756,-5.6471,0,0.28704,0,261.44,playing,0
237.9917,-5.6471,0,0.28704,0,266.46,playing,0
238.0083,-5.6764,0,0.28704,0,271.77,playing,0
238.0242,-5.6764,0,0.26545,0,277.36,playing,0
238.0402,-20.804,1,0.26545,0,283.61,playing,0
238.0577,-20.804,0,0.26545,0,277.65,playing,0
238.0735,-20.804,0,0.25324,0,271.64,playing,0
238.0904,-27.8732,0,0.25324,0,266.26,playing,0
238.1056,-27.8732,0,0.23043,0,261.17,playing,0
238.1216,-27.8732,0,0.23043,0,256.35,playing,0
238.1388,6.9394,0,0.19705,0,251.55,playing,0
238.1555,6.9394,0,0.19705,0,247.07,playing,0
238.1731,6.9394,0,0.19705,0,243.14,playing,0
238.1893,10.3975,0,0.19705,0,239.28,playing,0
238.2059,10.3975,0,0.19705,0,235.73,playing,0
238.2236,8.4697,0,0.21827,0,232.51,playing,0
238.2382,8.4697,0,0.21827,0,229.75,playing,0
238.255,8.4697,0,0.19735,0,227.28,playing,0
238.2717,7.2173,0,0.19735,0,224.97,playing,0
238.2873,7.2173,0,0.23335,1,223.07,playing,0
238.3033,7.2173,0,0.23335,0,221.46,playing,0
238.3201,4.9324,0,0.23335,0,220.13,playing,0
238.3367,4.9324,0,0.21524,0,219.04,playing,0
238.3523,4.9324,0,0.21524,0,218.29,playing,0
238.3685,2.9048,0,0.24645,0,217.82,playing,0
238.3848,2.9048,0,0.24645,0,217.64,playing,0
238.4023,2.4438,0,0.24645,0,217.76,playing,0
238.419,2.4438,0,0.23879,0,218.2,playing,0
238.4348,2.4438,0,0.23879,0,218.89,playing,0
238.4516,1.1453,0,0.32361,0,219.95,playing,0
238.4673,1.1453,0,0.32361,0,221.22,playing,0
238.4834,1.1453,0,0.26154,0,222.78,playing,0
238.4996,0.6494,0,0.26154,0,224.62,playing,0
238.5162,0.6494,0,0.26154,0,226.74,playing,0
238.5324,0.6494,0,0.24246,0,229.31,playing,0
238.5489,-0.0303,0,0.24246,0,232.01,playing,0
238.5656,-0.0303,0,0.24246,0,235.2,playing,0
238.5812,-1.3085,0,0.24246,0,238.48,playing,0
238.5979,-1.3085,0,0.24246,0,242.04,playing,0
238.6145,-1.3085,0,0.23484,0,246.14,playing,0
238.6304,-1.3235,0,0.23484,0,250.29,playing,0
238.6474,-1.3235,0,0.23484,0,254.71,playing,0
238.6621,-1.3235,0,0.25664,0,259.42,playing,0
238.6788,-3.7714,0,0.25664,0,264.41,playing,0
238.6947,-3.7714,0,0.25664,0,269.68,playing,0
238.7108,-3.7714,0,0.26607,0,275.23,playing,0
238.7265,-21.563,1,0.26607,0,281.07,playing,0
238.7432,-21.563,0,0.26607,0,275.11,playing,0
238.7582,-21.563,0,0.27717,0,269.43,playing,0
238.7754,-19.9508,0,0.27717,0,264.04,playing,0
238.7915,-19.9508,0,0.27717,0,258.62,playing,0
238.8076,12.0732,0,0.19852,0,253.81,playing,0
238.8253,12.0732,0,0.19852,0,249.01,playing,0
238.8414,12.0732,0,0.19852,0,244.78,playing,0
238.8579,11.4696,0,0.19852,0,240.6,playing,0
238.8745,11.4696,0,0.20823,0,236.73,playing,0
238.8915,11.4696,0,0.20823,0,233.38,playing,0
238.9077,9.6649,0,0.20823,0,230.13,playing,0
238.9238,9.6649,0,0.22506,1,227.36,playing,0
238.9404,5.3383,0,0.22506,0,224.73,playing,0
238.9565,5.3383,0,0.22506,0,222.54,playing,0
238.9736,5.3383,0,0.2248,0,220.53,playing,0
238.9897,2.3046,0,0.2248,0,218.92,playing,0
239.0058,2.3046,0,0.24645,0,217.59,playing,0
239.0224,2.3046,0,0.24645,0,216.49,playing,0
239.0385,0.8934,0,0.23421,0,215.75,playing,0
239.0545,0.8934,0,0.23421,0,215.28,playing,0
239.0703,0.8934,0,0.23421,0,215.09,playing,0
239.088,-0.1197,0,0.22576,0,215.21,playing,0
239.1047,-0.1197,0,0.22576,0,215.65,playing,0
239.1207,-0.6751,0,0.25809,0,216.35,playing,0
239.1369,-0.6751,0,0.25809,0,217.32,playing,0
239.1533,-0.6751,0,0.28281,0,218.68,playing,0
239.1691,-1.1922,0,0.28281,0,220.23,playing,0
239.1861,-1.1922,0,0.24196,0,222.07,playing,0
239.203,-1.1922,0,0.24196,0,224.34,playing,0
239.22,-1.3173,0,0.24196,0,226.93,playing,0
239.2368,-1.3173,0,0.26573,0,229.84,playing,0
239.2539,-0.9855,0,0.26573,0,233.07,playing,0
239.2699,-0.9855,0,0.29856,0,236.61,playing,0
239.2867,-0.9855,0,0.29856,0,240.22,playing,0
239.3037,-1.1233,0,0.27361,0,244.38,playing,0
239.3191,-1.1233,0,0.27361,0,248.58,playing,0
239.336,-1.1233,0,0.262,0,253.06,playing,0
239.3522,-1.2043,0,0.262,0,258.14,playing,0
239.3689,-1.2043,0,0.262,0,263.19,playing,0
239.3855,-1.2043,0,0.262,0,268.89,playing,0
239.4011,-1.0878,0,0.29547,0,274.53,playing,0
239.4177,-1.0878,0,0.29547,0,280.45,playing,0
239.4338,0.0964,0,0.28403,0,286.65,playing,0
239.451,-0.0354,0,0.28403,0,293.56,playing,0
239.4677,-0.0354,0,0.28403,0,300.79,playing,0
239.4832,-0.37,0,0.2771,0,307.87,playing,0
239.4997,-0.37,0,0.2771,0,315.24,playing,0
239.5158,-0.37,0,0.28487,0,322.88,playing,0
239.5328,-0.685,0,0.28487,0,331.32,playing,0
239.5502,-0.685,0,0.28487,0,340.08,playing,0
239.5663,-0.685,0,0.27758,0,349.16,playing,0
239.5823,-3.5459,0,0.27758,0,357.99,playing,0
239.5992,-3.5459,0,0.27758,0,367.1,playing,0
239.6153,-18.9844,1,0.27758,0,377.09,playing,0
239.6314,-18.9844,0,0.29868,0,371.13,playing,0
239.648,-18.9844,0,0.29868,0,365.45,playing,0
239.6642,7.4938,0,0.28536,0,359.74,playing,0
239.6805,7.4938,0,0.28536,0,354.65,playing,0
239.6971,7.4938,0,0.28536,0,349.83,playing,0
239.7135,12.4552,0,0.20443,0,345.03,playing,0
239.7294,12.4552,0,0.20443,0,340.8,playing,0
239.7458,12.4552,0,0.18956,0,336.85,playing,0
239.7632,12.3269,0,0.18956,0,332.97,playing,0
239.7791,12.3269,0,0.18994,0,329.4,playing,0
239.7955,8.0437,0,0.18994,0,326.33,playing,1
239.8122,8.0437,0,0.19984,0,323.54,playing,1
239.8294,8.0437,0,0.19984,0,320.76,playing,1
239.8461,6.0196,0,0.19984,0,318.57,playing,1
239.8625,6.0196,0,0.19097,0,316.56,playing,1
239.8788,6.0196,0,0.19097,0,314.94,playing,1
239.8947,2.5757,0,0.22986,1,313.61,playing,1
239.9119,2.5757,0,0.22986,0,312.52,playing,1
239.9285,2.5757,0,0.25018,0,311.74,playing,1
240.0677,1.4014,0,0.25018,0,311.29,playing,1
240.0858,-0.8092,0,0.22649,0,311.12,playing,1
240.1019,-0.8092,0,0.22649,0,331.51,playing,1
240.1183,-1.4766,0,0.22649,0,334.29,playing,1
240.1345,-1.4766,0,0.22649,0,337.18,playing,1
240.1511,-1.4766,0,0.24164,0,340.36,playing,1
240.1683,-2.0359,0,0.24164,0,344.05,playing,1
240.1853,-2.0359,0,0.27393,0,348.06,playing,1
240.2015,-1.996,0,0.27393,0,352.39,playing,1
240.2177,-1.996,0,0.27393,0,356.75,playing,1
240.2333,-1.996,0,0.27776,0,361.38,playing,1
240.2501,-1.4987,0,0.27776,0,366.3,playing,1
240.2668,-1.4987,0,0.30431,0,371.85,playing,1
240.2839,-1.4987,0,0.30431,0,377.71,playing,1
240.3008,-16.6523,0,0.30431,0,383.89,playing,1
240.3163,-16.6523,0,0.30431,0,389.98,playing,1
240.3329,-16.6523,0,0.30431,0,396.36,playing,1
240.3496,-14.6598,0,0.2937,0,403.46,playing,1
240.3658,-14.6598,0,0.2937,0,410.42,playing,1
240.3831,4.0127,0,0.28796,0,418.13,playing,1
240.3997,4.0127,0,0.28796,0,426.16,playing,1
240.4154,4.0127,0,0.28796,0,434.0,playing,1
240.4311,7.1034,0,0.19972,0,442.12,playing,1
240.4474,7.1034,0,0.19972,0,450.53,playing,1
240.4639,7.1034,0,0.19693,0,459.21,playing,1
240.4807,10.6851,0,0.19693,0,468.76,playing,1
240.4965,10.6851,0,0.19556,0,478.02,playing,1
240.5122,10.6851,0,0.19556,0,487.57,playing,1
240.5283,11.2546,0,0.19556,0,497.4,dead,1
240.5445,11.2546,0,0.16853,0,496.0,dead,1
240.5613,7.7212,0,0.16853,0,496.0,dead,1
240.5771,7.7212,0,0.16853,0,496.0,dead,1
240.5938,7.7212,0,0.16853,0,496.0,dead,1
240.6111,5.9509,0,0.16853,1,496.0,dead,1
240.6272,5.9509,0,0.25424,0,496.0,dead,1
240.6439,5.9509,0,0.25424,0,496.0,dead,1
240.6609,3.631,0,0.25424,0,496.0,dead,1
240.6775,3.631,0,0.25424,0,496.0,dead,1
240.6939,2.0744,0,0.25424,0,496.0,dead,1
240.7116,0.5243,0,0.25424,0,496.0,dead,1
240.7276,0.5243,0,0.28691,0,496.0,dead,1
240.7432,-0.305,0,0.28691,0,496.0,dead,1
240.7598,-0.305,0,0.28128,0,496.0,dead,1
240.7762,-0.305,0,0.28128,0,496.0,dead,1
240.7926,-1.9125,0,0.28128,0,496.0,dead,1
240.8092,-1.9125,0,0.28128,0,496.0,dead,1
240.8254,-1.9125,0,0.29522,0,496.0,dead,1
240.842,-1.9125,0,0.29522,0,496.0,dead,1
240.8588,-1.9125,0,0.29965,0,496.0,dead,1
240.8745,-2.323,0,0.29965,0,496.0,dead,1
240.8908,-0.905,0,0.27772,0,496.0,dead,1
240.9071,-0.905,0,0.27772,0,496.0,dead,1
240.9241,-1.0492,0,0.25374,0,496.0,dead,1
240.9406,-1.0492,0,0.25374,0,496.0,dead,1
240.9568,-1.0492,0,0.25374,0,496.0,dead,1
240.9732,-1.0907,0,0.26224,0,496.0,dead,1
240.99,-1.0907,0,0.26224,0,496.0,dead,1
241.0062,-1.0907,0,0.30557,0,496.0,dead,1
241.0229,-0.881,0,0.30557,0,496.0,dead,1
241.0397,-0.881,0,0.27494,0,496.0,dead,1
241.0554,-1.1355,0,0.27494,0,496.0,dead,1
241.0718,-1.1355,0,0.27494,0,496.0,dead,1
241.0871,-1.1355,0,0.29398,0,496.0,dead,1
241.104,-1.5145,0,0.29398,0,496.0,dead,1
241.1203,-1.5145,0,0.33405,0,496.0,dead,1
241.1365,-1.5145,0,0.33405,0,496.0,dead,1
241.1528,-1.517,0,0.33405,0,496.0,dead,1
241.168,-1.517,0,0.28448,0,496.0,dead,1
241.1845,-1.517,0,0.28448,0,496.0,dead,1
241.2012,-1.5648,0,0.29182,0,496.0,dead,1
241.2181,-1.5648,0,0.29182,0,496.0,dead,1
241.2345,-0.7189,0,0.28255,0,496.0,dead,1
241.2518,-0.7189,0,0.28255,0,496.0,dead,1
241.2673,-0.7189,0,0.28255,0,496.0,dead,1
241.283,-0.9488,0,0.25065,0,496.0,dead,1
241.2997,-0.9488,0,0.25065,0,496.0,dead,1
241.3156,-0.9488,0,0.27795,0,496.0,dead,1
241.3322,-1.5891,0,0.27795,0,496.0,dead,1
241.3482,-1.5891,0,0.27795,0,496.0,dead,1
241.3642,-1.5891,0,0.25856,0,496.0,dead,1
241.3807,-0.8536,0,0.25856,0,496.0,dead,1
241.397,-0.8536,0,0.26939,0,496.0,dead,1
241.4138,-0.3398,0,0.26939,0,496.0,dead,1
241.4303,-0.3398,0,0.26939,0,496.0,dead,1
241.4464,-0.3398,0,0.25776,0,496.0,dead,1
241.4627,-0.5592,0,0.25776,0,496.0,dead,1
241.479,-0.5592,0,0.28551,0,496.0,dead,1
241.4956,-0.5592,0,0.28551,0,496.0,dead,1
241.5118,-0.1457,0,0.28551,0,496.0,dead,1
241.5293,-0.1457,0,0.26248,0,496.0,dead,1
241.5459,-0.1457,0,0.26248,0,496.0,dead,1
241.5627,-0.0317,0,0.27816,0,496.0,dead,1
241.5782,-0.0317,0,0.27816,0,496.0,dead,1
241.5943,-0.1207,0,0.30962,0,496.0,dead,1
241.6109,-0.1207,0,0.30962,0,496.0,dead,1
241.6276,-0.1207,0,0.30962,0,496.0,dead,1
241.6439,0.8641,0,0.28244,0,496.0,dead,1
241.6601,0.8641,0,0.28244,0,496.0,dead,1
241.677,0.8641,0,0.2613,0,496.0,dead,1
241.6936,0.0723,0,0.2613,0,496.0,dead,1
