time_s,eeg_amplitude_uv,eeg_blink,eeg_railed,cv_ear,cv_blink,bird_y,game_state,score
0.0018,0.0,0,0,1.0,0,285.0,waiting,0
0.0163,0.0,0,0,1.0,0,293.13,waiting,0
0.0376,0.0,0,0,1.0,0,292.71,waiting,0
0.0551,0.0,0,0,1.0,0,292.02,waiting,0
0.0719,0.0,0,0,1.0,0,291.46,waiting,0
0.095,0.0,0,0,1.0,0,290.87,waiting,0
0.1112,0.0,0,0,1.0,0,290.05,waiting,0
0.1277,0.0,0,0,1.0,0,289.47,waiting,0
0.1432,0.0,0,0,1.0,0,288.87,waiting,0
0.1599,0.0,0,0,1.0,0,288.26,waiting,0
0.1768,0.0,0,0,1.0,0,287.6,waiting,0
0.1933,0.0,0,0,1.0,0,286.93,waiting,0
0.2102,0.0,0,0,1.0,0,286.29,waiting,0
0.2264,0.0,0,0,1.0,0,285.62,waiting,0
0.2431,0.0,0,0,1.0,0,284.98,waiting,0
0.2597,0.0,0,0,1.0,0,284.3,waiting,0
0.2757,0.0,0,0,1.0,0,283.66,waiting,0
0.2912,0.0,0,0,1.0,0,283.03,waiting,0
0.3078,0.0,0,0,1.0,0,282.4,waiting,0
0.3233,0.0,0,0,1.0,0,281.74,waiting,0
0.3399,0.0,0,0,1.0,0,281.17,waiting,0
0.3568,0.0,0,0,1.0,0,280.53,waiting,0
0.3723,0.0,0,0,1.0,0,279.9,waiting,0
0.3881,0.0,0,0,1.0,0,279.37,waiting,0
0.4049,0.0,0,0,1.0,0,278.81,waiting,0
0.4219,0.0,0,0,1.0,0,278.24,waiting,0
0.4386,0.0,0,0,1.0,0,277.69,waiting,0
0.4546,0.0,0,0,1.0,0,277.19,waiting,0
0.4706,0.0,0,0,1.0,0,276.72,waiting,0
0.4867,0.0,0,0,1.0,0,276.27,waiting,0
0.5025,0.0,0,0,1.0,0,275.84,waiting,0
0.5182,0.0,0,0,1.0,0,275.44,waiting,0
0.5348,0.0,0,0,1.0,0,275.07,waiting,0
0.5503,0.0,0,0,1.0,0,274.7,waiting,0
0.5668,0.0,0,0,1.0,0,274.41,waiting,0
0.5823,0.0,0,0,1.0,0,274.1,waiting,0
0.5989,0.0,0,0,1.0,0,273.87,waiting,0
0.616,0.0,0,0,1.0,0,273.63,waiting,0
0.6325,0.0,0,0,1.0,0,273.43,waiting,0
0.6481,0.0,0,0,1.0,0,273.28,waiting,0
0.6641,0.0,0,0,1.0,0,273.16,waiting,0
0.6809,0.0,0,0,1.0,0,273.07,waiting,0
0.6975,0.0,0,0,1.0,0,273.02,waiting,0
0.7136,0.0,0,0,1.0,0,273.0,waiting,0
0.7296,0.0,0,0,0.25878,0,273.02,waiting,0
0.7462,0.0,0,0,0.25878,0,273.07,waiting,0
0.7622,0.0,0,0,0.19092,0,273.16,waiting,0
0.7783,0.0,0,0,0.19092,0,273.28,waiting,0
0.7947,0.0,0,0,0.17016,0,273.44,waiting,0
0.8106,0.0,0,0,0.17236,0,273.63,waiting,0
0.8267,0.0,0,0,0.17236,0,273.85,waiting,0
0.8423,0.0,0,0,0.16214,0,274.1,waiting,0
0.8583,0.0,0,0,0.19307,1,274.38,waiting,0
0.8744,0.0,0,0,0.19307,0,274.69,waiting,0
0.89,0.0,0,0,0.22954,0,275.04,waiting,0
0.9067,0.0,0,0,0.22954,0,275.41,waiting,0
0.9228,0.0,0,0,0.24308,0,275.8,waiting,0
0.9386,0.0,0,0,0.24308,0,276.26,waiting,0
0.9546,0.0,0,0,0.24308,0,276.68,waiting,0
0.9707,0.0,0,0,0.25513,0,277.15,waiting,0
0.9871,0.0,0,0,0.25513,0,277.68,waiting,0
1.0041,0.0,0,0,0.29122,0,278.19,waiting,0
1.0206,0.0,0,0,0.29122,0,278.76,waiting,0
1.0367,0.0,0,0,0.26713,0,279.32,waiting,0
1.0528,0.0,0,0,0.26713,0,279.93,waiting,0
1.0684,0.0,0,0,0.29588,0,280.52,waiting,0
1.0842,0.0,0,0,0.29588,0,281.08,waiting,0
1.1004,0.0,0,0,0.29573,0,281.69,waiting,0
1.1166,0.0,0,0,0.29573,0,282.31,waiting,0
1.1332,0.0,0,0,0.25944,0,282.93,waiting,0
1.1495,0.0,0,0,0.25944,0,283.61,waiting,0
1.166,0.0,0,0,0.28747,0,284.24,waiting,0
1.183,0.0,0,0,0.28747,0,284.92,waiting,0
1.1997,0.0,0,0,0.33124,0,285.6,waiting,0
1.2175,0.0,0,0,0.33124,0,286.28,waiting,0
1.234,0.0,0,0,0.31475,0,286.99,waiting,0
1.2501,0.0,0,0,0.26288,0,287.62,waiting,0
1.266,0.0,0,0,0.26288,0,288.24,waiting,0
1.2831,0.0,0,0,0.28256,0,288.85,waiting,0
1.2992,0.0,0,0,0.28256,0,289.49,waiting,0
1.3154,0.0,0,0,0.28256,0,290.08,waiting,0
1.3315,0.0,0,0,0.28125,0,290.65,waiting,0
1.3472,0.0,0,0,0.28125,0,291.21,waiting,0
1.3633,0.0,0,0,0.28802,0,291.75,waiting,0
1.3798,0.0,0,0,0.28802,0,292.27,waiting,0
1.397,0.0,0,0,0.29219,0,292.79,waiting,0
1.414,0.0,0,0,0.29219,0,293.3,waiting,0
1.4311,0.0,0,0,0.27797,0,293.78,waiting,0
1.447,0.0,0,0,0.27797,0,294.23,waiting,0
1.4631,0.0,0,0,0.30046,0,294.62,waiting,0
1.4791,0.0,0,0,0.30046,0,294.99,waiting,0
1.4954,0.0,0,0,0.31006,0,295.33,waiting,0
1.5114,0.0,0,0,0.31006,0,295.64,waiting,0
1.5275,0.0,0,0,0.31006,0,295.92,waiting,0
1.5437,0.0,0,0,0.29158,0,296.17,waiting,0
1.5598,0.0,0,0,0.29158,0,296.4,waiting,0
1.577,0.0,0,0,0.3008,0,296.58,waiting,0
1.5935,0.0,0,0,0.3008,0,296.74,waiting,0
1.61,0.0,0,0,0.2872,0,296.86,waiting,0
1.6267,0.0,0,0,0.2872,0,296.94,waiting,0
1.6423,0.0,0,0,0.28333,0,296.99,waiting,0
1.6585,0.0,0,0,0.28333,0,297.0,waiting,0
1.675,0.0,0,0,0.28333,0,296.98,waiting,0
1.692,0.0,0,0,0.26237,0,296.91,waiting,0
1.7091,0.0,0,0,0.26237,0,296.81,waiting,0
1.7257,0.0,0,0,0.26237,0,296.68,waiting,0
1.7418,0.0,0,0,0.27952,0,296.51,waiting,0
1.7589,0.0,0,0,0.27952,0,296.3,waiting,0
1.776,0.0,0,0,0.27842,0,296.06,waiting,0
1.7935,0.0,0,0,0.27842,0,295.77,waiting,0
1.8095,0.0,0,0,0.30437,0,295.46,waiting,0
1.8254,0.0,0,0,0.30536,0,295.13,waiting,0
1.8412,0.0,0,0,0.30536,0,294.77,waiting,0
1.8581,0.0,0,0,0.29213,0,294.38,waiting,0
1.8751,0.0,0,0,0.29213,0,293.95,waiting,0
1.8916,0.0,0,0,0.32012,0,293.48,waiting,0
1.9081,0.0,0,0,0.32012,0,293.01,waiting,0
1.925,0.0,0,0,0.30017,0,292.5,waiting,0
1.9418,0.0,0,0,0.30017,0,291.95,waiting,0
1.9586,0.0,0,0,0.30017,0,291.39,waiting,0
1.9751,0.0,0,0,0.30637,0,290.84,waiting,0
1.9913,0.0,0,0,0.30637,0,290.23,waiting,0
2.0074,0.0,0,0,0.29158,0,289.65,waiting,0
2.0237,0.0,0,0,0.29158,0,289.05,waiting,0
2.0397,0.0,0,0,0.26257,0,288.41,waiting,0
2.0557,0.0,0,0,0.26257,0,287.83,waiting,0
2.0717,0.0,0,0,0.26257,0,287.2,waiting,0
2.0874,0.0,0,0,0.30912,0,286.53,waiting,0
2.1034,0.0,0,0,0.30912,0,285.93,waiting,0
2.1197,0.0,0,0,0.30912,0,285.3,waiting,0
2.1363,0.0,0,0,0.26613,0,284.66,waiting,0
2.1524,0.0,0,0,0.26613,0,283.98,waiting,0
2.1688,2120.7504,1,0,0.27419,0,283.34,waiting,0
2.1852,2120.7504,0,0,0.2796,0,282.67,playing,0
2.2012,1491.137,0,0,0.2796,0,276.71,playing,0
2.2173,1491.137,0,0,0.2796,0,271.04,playing,0
2.2338,1491.137,0,0,0.26264,0,265.64,playing,0
2.2505,953.367,0,0,0.26264,0,260.23,playing,0
2.2663,509.2553,0,0,0.24187,0,255.41,playing,0
2.2824,509.2553,0,0,0.24187,0,250.88,playing,0
2.2989,-1029.1366,0,0,0.275,0,246.63,playing,0
2.3155,-1029.1366,0,0,0.275,0,242.43,playing,0
2.3326,-364.3978,0,0,0.29213,0,238.76,playing,0
2.3485,-364.3978,0,0,0.29213,0,235.18,playing,0
2.3645,-364.3978,0,0,0.26667,0,232.09,playing,0
2.3807,611.8839,0,0,0.26667,0,229.28,playing,0
2.3966,1450.2027,0,0,0.27032,0,226.75,playing,0
2.4122,1450.2027,0,0,0.27032,0,224.51,playing,0
2.4283,1899.0589,0,0,0.2977,0,222.54,playing,0
2.4448,1899.0589,0,0,0.2977,0,220.86,playing,0
2.461,1899.7649,0,0,0.24562,0,219.39,playing,0
2.4775,1899.7649,0,0,0.24562,0,218.29,playing,0
2.494,1532.7898,0,0,0.27632,0,217.47,playing,0
2.5106,1532.7898,0,0,0.27632,0,216.92,playing,0
2.5266,952.9294,0,0,0.26991,0,216.68,playing,0
2.5425,952.9294,0,0,0.26991,0,216.73,playing,0
2.5592,326.0695,0,0,0.26991,0,217.05,playing,0
2.575,326.0695,0,0,0.27869,0,217.71,playing,0
2.5911,-224.7587,0,0,0.2459,0,218.62,playing,0
2.6079,-607.0636,0,0,0.2459,0,219.81,playing,0
2.6252,-607.0636,0,0,0.27464,0,221.39,playing,0
2.6418,-607.0636,0,0,0.27464,0,223.28,playing,0
2.659,-796.1605,1,0,0.21102,0,225.5,playing,0
2.6759,-796.1605,0,0,0.21102,0,219.19,playing,0
2.693,-822.7643,0,0,0.18339,0,213.19,playing,0
2.7099,-822.7643,0,0,0.18339,0,207.52,playing,0
2.726,-738.4331,0,0,0.21641,0,202.16,playing,0
2.742,-585.6305,0,0,0.21641,0,197.4,playing,0
2.7591,-585.6305,0,0,0.18773,0,192.92,playing,0
2.7754,-433.5186,0,0,0.18773,0,188.47,playing,0
2.7913,-433.5186,0,0,0.1978,0,184.57,playing,0
2.8079,-310.2776,0,0,0.1978,0,180.96,playing,0
2.8248,-310.2776,0,0,0.17844,0,177.43,playing,0
2.8414,-224.2278,0,0,0.17844,0,174.22,playing,0
2.8573,-224.2278,0,0,0.2011,1,171.49,playing,0
2.8732,-176.815,0,0,0.2011,0,169.03,playing,0
2.8893,-176.815,0,0,0.2011,0,166.85,playing,0
2.9054,-157.5089,0,0,0.22652,0,164.96,playing,0
2.9216,-157.5089,0,0,0.22652,0,163.35,playing,0
2.9373,-153.8935,0,0,0.22889,0,162.02,playing,0
2.9534,-153.8935,0,0,0.22889,0,160.97,playing,0
2.9697,-154.4207,0,0,0.26303,0,160.21,playing,0
2.9856,-154.4207,0,0,0.26303,0,159.72,playing,0
3.0016,-150.5997,0,0,0.25833,0,159.52,playing,0
3.0182,-150.5997,0,0,0.25833,0,159.6,playing,0
3.0346,-150.5997,0,0,0.27631,0,160.0,playing,0
3.0506,-150.5997,0,0,0.27631,0,160.66,playing,0
3.0667,-117.4892,0,0,0.25793,0,161.6,playing,0
3.083,-117.4892,0,0,0.25793,0,162.82,playing,0
3.1,-117.4892,0,0,0.25893,0,164.44,playing,0
3.116,-90.7559,0,0,0.25893,0,166.37,playing,0
3.1325,-90.7559,0,0,0.30833,0,168.47,playing,0
3.1486,-90.7559,0,0,0.30833,0,170.86,playing,0
3.1643,-36.085,1,0,0.29939,0,173.52,playing,0
3.1808,-36.085,0,0,0.29939,0,167.57,playing,0
3.1976,-36.085,0,0,0.27485,0,161.55,playing,0
3.2144,-13.8499,0,0,0.27485,0,156.18,playing,0
3.2319,-13.8499,0,0,0.25907,0,150.48,playing,0
3.248,1.4462,0,0,0.25907,0,145.42,playing,0
3.265,1.4462,0,0,0.25907,0,140.94,playing,0
3.2816,1.4462,0,0,0.28881,0,136.5,playing,0
3.2979,17.9097,0,0,0.27162,0,132.6,playing,0
3.315,17.9097,0,0,0.27162,0,128.78,playing,0
3.3312,17.9097,0,0,0.28325,0,125.27,playing,0
3.3477,19.6939,0,0,0.28325,0,122.25,playing,0
3.3639,19.6939,0,0,0.26713,0,119.51,playing,0
3.3801,18.6543,0,0,0.26713,0,116.92,playing,0
3.3962,18.6543,0,0,0.25475,0,114.76,playing,0
3.4124,18.6543,0,0,0.25475,0,112.89,playing,0
3.4287,17.0452,0,0,0.27492,0,111.3,playing,0
3.4443,17.0452,0,0,0.27492,0,109.98,playing,0
3.4606,17.0452,0,0,0.25441,0,108.95,playing,0
3.4769,15.391,0,0,0.25441,0,108.2,playing,0
3.4935,15.391,0,0,0.27382,0,107.73,playing,0
3.5099,15.391,0,0,0.27382,0,107.56,playing,0
3.5263,13.6056,0,0,0.29047,0,107.7,playing,0
3.5429,13.6056,0,0,0.29047,0,108.11,playing,0
3.5591,12.862,0,0,0.25469,0,108.87,playing,0
3.5758,12.862,0,0,0.25469,0,109.86,playing,0
3.5928,12.862,0,0,0.25469,0,111.23,playing,0
3.6099,12.45,0,0,0.29598,0,112.93,playing,0
3.6264,12.45,0,0,0.29598,0,114.94,playing,0
3.6427,12.45,0,0,0.26711,0,117.11,playing,0
3.6593,9.9203,0,0,0.26711,0,119.74,playing,0
3.6754,9.9203,0,0,0.25431,0,122.49,playing,0
3.6919,9.9203,0,0,0.25431,0,125.52,playing,0
3.7085,9.9203,0,0,0.26703,0,129.07,playing,0
3.7246,9.9203,0,0,0.26703,0,132.68,playing,0
3.7402,8.3432,0,0,0.26287,0,136.58,playing,0
3.7566,8.3432,0,0,0.26287,0,140.76,playing,0
3.7723,8.3432,0,0,0.28327,0,145.22,playing,0
3.7885,8.3432,0,0,0.28327,0,149.96,playing,0
3.8041,8.3432,0,0,0.2745,0,154.99,playing,0
3.8207,8.3432,0,0,0.2745,0,160.29,playing,0
3.8368,7.0127,0,0,0.29216,0,165.88,playing,0
3.8534,7.0127,0,0,0.29216,0,172.13,playing,0
3.8695,7.0127,0,0,0.2754,0,178.3,playing,0
3.885,1.2039,0,0,0.2754,0,184.75,playing,0
3.9021,1.2039,0,0,0.2585,0,191.48,playing,0
3.9198,0.3211,0,0,0.2628,0,198.95,playing,0
3.9368,0.3211,0,0,0.2628,0,207.22,playing,0
3.9534,0.3211,0,0,0.2628,0,215.34,playing,0
3.9704,0.3211,0,0,0.27107,0,223.27,playing,0
3.987,0.3211,0,0,0.27107,0,232.01,playing,0
4.0035,0.3211,0,0,0.28358,0,241.07,playing,0
4.0196,-0.5412,0,0,0.28358,0,249.88,playing,0
4.0353,-0.5412,0,0,0.28222,0,258.97,playing,0
4.0519,-0.5412,0,0,0.28222,0,268.34,playing,0
4.0683,-0.6419,0,0,0.26237,0,278.61,playing,0
4.0848,-0.6419,0,0,0.26237,0,288.57,playing,0
4.1015,-0.9519,0,0,0.28024,0,299.46,playing,0
4.1173,-0.9519,0,0,0.28024,0,309.99,playing,0
4.1331,-0.9519,0,0,0.2718,0,320.81,playing,0
4.1499,-0.9519,0,0,0.2718,0,331.9,playing,0
4.1672,-0.9519,0,0,0.26247,0,343.8,playing,0
4.1839,-0.9519,0,0,0.26247,0,355.7,playing,0
4.2004,-2.8795,1,0,0.21892,0,367.6,playing,0
4.2164,-2.8795,0,0,0.21892,0,361.64,playing,0
4.2328,-2.8795,0,0,0.22217,0,355.97,playing,0
4.2496,-5.6275,0,0,0.22217,0,350.25,playing,0
4.266,-5.6275,0,0,0.20333,0,345.16,playing,0
4.2828,11.7596,0,0,0.20333,0,340.06,playing,0
4.3003,11.7596,0,0,0.20333,0,335.28,playing,0
4.3161,11.7596,0,0,0.20333,0,330.82,playing,0
4.3322,8.9519,0,0,0.20333,0,326.9,playing,0
4.3484,8.9519,0,0,0.19076,0,323.27,playing,0
4.3645,8.9519,0,0,0.19076,0,319.92,playing,0
4.3807,5.7532,0,0,0.19345,0,316.84,playing,0
4.3967,5.7532,0,0,0.19345,0,314.05,playing,0
4.4126,5.7532,0,0,0.2461,0,311.54,playing,0
4.4283,3.6523,0,0,0.2461,0,309.32,playing,0
4.4443,3.6523,0,0,0.23784,0,307.37,playing,0
4.4605,0.7279,0,0,0.23784,0,305.71,playing,0
4.4766,0.7279,0,0,0.22588,0,304.32,playing,0
4.4924,0.7279,0,0,0.22588,0,303.22,playing,0
4.5086,-0.7321,0,0,0.25045,0,302.4,playing,0
4.5246,-0.7321,0,0,0.25045,0,301.87,playing,0
4.5407,-0.7321,0,0,0.25447,0,301.61,playing,0
4.5562,-1.0272,0,0,0.25447,0,301.64,playing,0
4.5721,-1.0272,0,0,0.2701,0,301.94,playing,0
4.5889,-1.0272,0,0,0.2701,0,302.53,playing,0
4.606,-1.5438,0,0,0.27111,0,303.48,playing,0
4.6227,-1.5438,0,0,0.27111,0,304.74,playing,0
4.6384,-1.5275,0,0,0.2623,0,306.21,playing,1
4.6544,-1.958,0,0,0.2623,0,307.96,playing,1
4.6704,-1.958,0,0,0.2623,0,309.99,playing,1
4.6862,-2.7406,0,0,0.22547,0,312.3,playing,1
4.7032,-2.7406,0,0,0.22547,0,314.9,playing,1
4.7203,-2.7406,0,0,0.22547,0,317.97,playing,1
4.7362,-1.6399,0,0,0.22547,0,321.37,playing,1
4.7535,-1.6399,0,0,0.24269,0,325.08,playing,1
4.7695,-1.6399,0,0,0.27958,0,328.85,playing,1
4.7853,-1.6556,0,0,0.27958,0,332.91,playing,1
4.8014,-1.6556,0,0,0.24651,0,337.25,playing,1
4.818,-16.7311,1,0,0.24651,0,341.86,playing,1
4.8343,-14.9292,0,0,0.23784,0,335.55,playing,1
4.8503,-14.9292,0,0,0.23784,0,329.89,playing,1
4.866,-6.5029,0,0,0.19694,0,324.52,playing,1
4.8831,-6.5029,0,0,0.19694,0,319.42,playing,1
4.8989,-6.5029,0,0,0.20069,0,314.32,playing,1
4.9149,1.7075,0,0,0.20069,0,309.81,playing,1
4.9319,1.7075,0,0,0.2252,0,305.57,playing,1
4.9481,1.7075,0,0,0.2252,0,301.39,playing,1
4.9642,11.6565,0,0,0.16794,0,297.74,playing,1
4.9802,11.6565,0,0,0.16794,0,294.37,playing,1
4.9969,11.6565,0,0,0.16794,0,291.28,playing,1
5.0141,8.2683,0,0,0.15665,0,288.32,playing,1
5.0308,8.2683,0,0,0.15665,0,285.67,playing,1
5.0478,4.3184,0,0,0.20755,1,283.34,playing,1
5.0647,4.3184,0,0,0.20755,0,281.33,playing,1
5.0807,4.3184,0,0,0.21679,0,279.72,playing,1
5.0965,2.6468,0,0,0.21679,0,278.39,playing,1
5.1122,2.6468,0,0,0.21679,0,277.34,playing,1
5.1288,2.6468,0,0,0.21679,0,276.57,playing,1
5.1456,1.6496,0,0,0.22945,0,276.08,playing,1
5.1616,1.6496,0,0,0.22945,0,275.89,playing,1
5.1774,1.6496,0,0,0.21734,0,275.99,playing,1
5.1941,0.2856,0,0,0.21734,0,276.36,playing,1
5.211,0.2856,0,0,0.25793,0,277.08,playing,1
5.2279,-1.0249,0,0,0.25793,0,278.12,playing,1
5.245,-1.0249,0,0,0.24258,0,279.48,playing,1
5.2615,-1.0249,0,0,0.24258,0,281.15,playing,1
5.2779,-1.6979,0,0,0.25397,0,283.0,playing,1
5.2947,-1.6979,0,0,0.25397,0,285.29,playing,1
5.3118,-1.6979,0,0,0.24654,0,287.9,playing,1
5.327,-1.6679,0,0,0.24654,0,290.64,playing,1
5.3436,-1.6679,0,0,0.21399,0,293.66,playing,1
5.3595,-1.5057,0,0,0.21399,0,296.96,playing,1
5.3754,-1.5057,0,0,0.21399,0,300.54,playing,1
5.3915,-1.5057,0,0,0.22986,0,304.4,playing,1
5.4076,-1.6467,0,0,0.22986,0,308.54,playing,1
5.4232,-1.6467,0,0,0.25129,0,312.97,playing,1
5.4394,-1.6467,0,0,0.25129,0,317.68,playing,1
5.4572,-10.2317,0,0,0.2623,0,322.99,playing,1
5.4736,-10.2317,0,0,0.2623,0,328.63,playing,1
5.4907,-10.2317,0,0,0.2297,0,334.59,playing,1
5.5062,-11.0975,1,0,0.2297,0,340.47,playing,1
5.5223,-11.0975,0,0,0.2297,0,334.51,playing,1
5.5385,-11.0975,0,0,0.20011,0,328.84,playing,1
5.5548,-4.8619,0,0,0.20011,0,323.44,playing,1
5.572,-4.8619,0,0,0.21714,0,318.03,playing,1
5.589,10.1373,0,0,0.21714,0,312.93,playing,1
5.6059,10.1373,0,0,0.1945,0,308.15,playing,1
5.6231,10.1373,0,0,0.1945,0,303.69,playing,1
5.6398,9.8064,0,0,0.16915,0,299.55,playing,1
5.6559,9.8064,0,0,0.16915,0,295.93,playing,1
5.6724,9.8064,0,0,0.18339,1,292.41,playing,1
5.6884,7.797,0,0,0.18339,0,289.37,playing,1
5.7048,7.797,0,0,0.18339,0,286.61,playing,1
5.7218,3.8771,0,0,0.18339,0,284.0,playing,1
5.7384,3.8771,0,0,0.2096,0,281.71,playing,1
5.7547,3.8771,0,0,0.2096,0,279.84,playing,1
5.7708,2.4971,0,0,0.21333,0,278.24,playing,1
5.7872,2.4971,0,0,0.21333,0,276.87,playing,1
5.8031,2.4971,0,0,0.23333,0,275.86,playing,1
5.8198,2.4971,0,0,0.23333,0,275.12,playing,1
5.8366,2.4971,0,0,0.2628,0,274.67,playing,1
5.8523,2.4971,0,0,0.2628,0,274.52,playing,1
5.8681,-0.6782,0,0,0.24271,0,274.65,playing,1
5.8846,-0.6782,0,0,0.24271,0,275.06,playing,1
5.9007,-0.8468,0,0,0.23353,0,275.75,playing,1
5.9163,-0.8468,0,0,0.23353,0,276.73,playing,1
5.9325,-0.8468,0,0,0.23353,0,277.99,playing,1
5.9487,-1.609,0,0,0.26204,0,279.53,playing,1
5.9645,-1.609,0,0,0.26204,0,281.35,playing,1
5.9804,-1.609,0,0,0.27043,0,283.45,playing,1
5.996,-1.7991,0,0,0.27043,0,285.83,playing,1
6.0124,-1.7991,0,0,0.25186,0,288.5,playing,1
6.0289,-1.7991,0,0,0.25186,0,291.45,playing,1
6.0455,-1.9257,0,0,0.27412,0,294.9,playing,1
6.061,-1.9257,0,0,0.27412,0,298.42,playing,1
6.0781,-1.9257,0,0,0.27412,0,302.23,playing,1
6.0943,-11.7744,0,0,0.27412,0,306.6,playing,1
6.1109,-11.7744,0,0,0.28365,0,310.99,playing,1
6.1276,-15.7294,1,0,0.28365,0,315.97,playing,1
6.1443,-15.7294,0,0,0.27927,0,310.01,playing,1
6.1603,-15.7294,0,0,0.27927,0,304.0,playing,1
6.1765,-3.9403,0,0,0.20116,0,298.62,playing,1
6.1925,-3.9403,0,0,0.20116,0,293.53,playing,1
6.208,-3.9403,0,0,0.22188,0,288.71,playing,1
6.2251,5.0102,0,0,0.22188,0,284.18,playing,1
6.2416,5.0102,0,0,0.19526,0,279.68,playing,1
6.2576,5.0102,0,0,0.19526,0,275.73,playing,1
6.2737,7.001,0,0,0.19881,0,272.06,playing,1
6.2908,7.001,0,0,0.19881,0,268.48,playing,1
6.3064,4.5951,0,0,0.18479,0,265.39,playing,1
6.3224,4.5951,0,0,0.18479,0,262.58,playing,1
6.338,4.5951,0,0,0.18479,0,260.05,playing,1
6.354,2.4353,0,0,0.20041,0,257.81,playing,1
6.3706,2.4353,0,0,0.20041,0,255.85,playing,1
6.3866,2.4353,0,0,0.19739,0,254.16,playing,1
6.4022,0.3977,0,0,0.19739,0,252.76,playing,1
6.4193,0.3977,0,0,0.19739,0,251.65,playing,1
6.4354,0.3977,0,0,0.19739,0,250.78,playing,1
6.4519,0.0635,0,0,0.22553,0,250.24,playing,1
6.469,0.0635,0,0,0.22553,0,249.98,playing,2
6.4855,-0.8683,0,0,0.25482,0,250.05,playing,2
6.502,-0.8683,0,0,0.25482,0,250.39,playing,2
6.5181,-0.8683,0,0,0.2295,0,251.07,playing,2
6.5341,-0.8683,0,0,0.2295,0,252.0,playing,2
6.5502,-0.8683,0,0,0.25397,0,253.2,playing,2
6.5672,-0.8683,0,0,0.25397,0,254.69,playing,2
6.5839,-0.8258,0,0,0.24652,0,256.58,playing,2
6.6005,-0.8258,0,0,0.24652,0,258.8,playing,2
6.6167,-0.8258,0,0,0.22689,0,261.17,playing,2
6.6322,-1.4497,0,0,0.22689,0,263.81,playing,2
6.6484,-1.4497,0,0,0.27868,0,266.74,playing,2
6.665,-1.424,0,0,0.27868,0,269.95,playing,2
6.6818,-1.424,0,0,0.26237,0,273.68,playing,2
6.6985,-1.424,0,0,0.26237,0,277.73,playing,2
6.7149,-1.424,0,0,0.25532,0,281.82,playing,2
6.7318,-1.424,0,0,0.25532,0,286.49,playing,2
6.748,-1.424,0,0,0.25532,0,291.47,playing,2
6.765,-0.8395,0,0,0.25532,0,296.44,playing,2
6.7821,-0.8395,0,0,0.26743,0,302.04,playing,2
6.7983,-0.8395,0,0,0.26743,0,307.96,playing,2
6.8145,-0.8395,0,0,0.26743,0,313.81,playing,2
6.8302,-0.8395,0,0,0.26743,0,319.94,playing,2
6.8467,-7.315,1,0,0.27113,0,326.36,playing,2
6.8638,-7.315,0,0,0.27113,0,320.05,playing,2
6.8804,-7.315,0,0,0.26652,0,314.05,playing,2
6.8964,-2.6008,0,0,0.26652,0,308.69,playing,2
6.9128,-2.6008,0,0,0.20476,0,303.61,playing,2
6.9302,-2.6008,0,0,0.20476,0,298.54,playing,2
6.9465,13.0518,0,0,0.20404,0,293.78,playing,2
6.9625,13.0518,0,0,0.20404,0,289.58,playing,2
6.9783,13.0518,0,0,0.21242,0,285.66,playing,2
6.9947,10.1624,0,0,0.21242,0,282.03,playing,2
7.011,10.1624,0,0,0.16944,0,278.67,playing,2
7.0274,6.5688,0,0,0.16944,0,275.43,playing,2
7.0432,6.5688,0,0,0.15177,0,272.65,playing,2
7.0595,6.5688,0,0,0.15177,0,270.16,playing,2
7.0751,2.8211,0,0,0.18475,1,267.95,playing,2
7.0916,2.8211,0,0,0.18475,0,266.02,playing,2
7.1075,2.8211,0,0,0.205,0,264.38,playing,2
7.1237,1.4739,0,0,0.205,0,263.01,playing,2
7.1401,1.4739,0,0,0.22598,0,261.93,playing,2
7.1567,1.4739,0,0,0.22598,0,261.1,playing,2
7.1733,-0.2449,0,0,0.26222,0,260.58,playing,2
7.1907,-0.2449,0,0,0.26222,0,260.38,playing,2
7.2078,-0.4524,0,0,0.25474,0,260.51,playing,2
7.224,-0.4524,0,0,0.25474,0,260.9,playing,2
7.2403,-0.4524,0,0,0.25871,0,261.64,playing,2
7.2569,-0.4524,0,0,0.2416,0,262.62,playing,2
7.2736,-0.4524,0,0,0.2416,0,263.97,playing,2
7.29,-0.4524,0,0,0.2669,0,265.53,playing,2
7.3065,-1.5009,0,0,0.2669,0,267.5,playing,2
7.3226,-1.5009,0,0,0.29561,0,269.64,playing,2
7.3384,-1.8538,0,0,0.29561,0,272.06,playing,2
7.3558,-1.8538,0,0,0.27113,0,274.94,playing,2
7.3713,-1.8538,0,0,0.27113,0,277.94,playing,2
7.3894,-1.0741,0,0,0.27113,0,281.23,playing,2
7.4059,-1.0741,0,0,0.26339,0,285.27,playing,2
7.423,-1.0741,0,0,0.2674,0,289.42,playing,2
7.4396,-0.9633,0,0,0.2674,0,293.87,playing,2
7.4557,-0.9633,0,0,0.2674,0,298.35,playing,2
7.4713,-0.9633,0,0,0.24675,0,303.11,playing,2
7.4875,-1.0503,0,0,0.24675,0,308.15,playing,2
7.5035,-1.0503,0,0,0.27514,0,313.48,playing,2
7.5193,-18.5283,1,0,0.27514,0,319.08,playing,2
7.5354,-12.7966,0,0,0.28719,0,313.12,playing,2
7.5516,-12.7966,0,0,0.28719,0,307.45,playing,2
7.5671,-7.2388,0,0,0.26282,0,302.05,playing,2
7.583,-7.2388,0,0,0.26282,0,296.94,playing,2
7.5994,-7.2388,0,0,0.2011,0,292.11,playing,2
7.6153,-7.2388,0,0,0.2011,0,287.56,playing,2
7.6313,-7.2388,0,0,0.16402,0,283.29,playing,2
7.6476,-7.2388,0,0,0.16402,0,279.3,playing,2
7.6637,11.9705,0,0,0.22118,1,275.59,playing,2
7.6805,11.9705,0,0,0.22118,0,271.98,playing,2
7.6964,11.9705,0,0,0.20891,0,268.85,playing,2
7.713,11.9705,0,0,0.20891,0,266.01,playing,2
7.7297,11.9705,0,0,0.18505,0,263.3,playing,2
7.7454,6.7367,0,0,0.18505,0,261.04,playing,2
7.7617,3.5499,0,0,0.17811,0,259.06,playing,2
7.7773,3.5499,0,0,0.17811,0,257.36,playing,2
7.7933,1.9637,0,0,0.24275,0,255.94,playing,2
7.8095,1.9637,0,0,0.24275,0,254.81,playing,2
7.8261,1.9637,0,0,0.24623,0,253.95,playing,2
7.8421,0.107,0,0,0.24623,0,253.36,playing,2
7.8591,0.107,0,0,0.25468,0,253.09,playing,2
7.8756,0.107,0,0,0.25468,0,253.12,playing,2
7.8921,-0.5789,0,0,0.24985,0,253.42,playing,2
7.909,-0.5789,0,0,0.24985,0,254.07,playing,2
7.9258,-1.0516,0,0,0.25416,0,255.03,playing,2
7.9429,-1.0516,0,0,0.25416,0,256.31,playing,2
7.9599,-1.0516,0,0,0.26281,0,257.91,playing,2
7.9765,-1.5801,0,0,0.26281,0,259.83,playing,2
7.9926,-1.5801,0,0,0.25871,0,261.91,playing,2
8.0083,-1.5801,0,0,0.25871,0,264.28,playing,2
8.0249,-1.6045,0,0,0.24965,0,266.92,playing,2
8.0415,-1.6045,0,0,0.24965,0,270.06,playing,2
8.0579,-1.6045,0,0,0.26311,0,273.28,playing,2
8.0744,-17.643,1,0,0.26311,0,277.03,playing,2
8.0904,-17.643,0,0,0.24269,0,271.07,playing,2
8.108,-12.1026,0,0,0.24269,0,265.4,playing,2
8.125,-12.1026,0,0,0.26613,0,259.37,playing,2
8.1421,-12.1026,0,0,0.20802,0,253.99,playing,2
8.1589,5.8865,0,0,0.20802,0,248.93,playing,2
8.1755,5.8865,0,0,0.20225,0,244.19,playing,2
8.191,5.8865,0,0,0.20225,0,240.01,playing,2
8.2071,12.5856,0,0,0.20225,0,236.11,playing,2
8.2237,12.5856,0,0,0.17334,0,232.49,playing,2
8.2392,10.9827,0,0,0.17334,0,229.16,playing,2
8.2552,10.9827,0,0,0.18915,1,226.1,playing,2
8.2723,10.9827,0,0,0.18915,0,223.33,playing,2
8.2883,5.1846,0,0,0.1352,0,220.7,playing,2
8.3044,5.1846,0,0,0.1352,0,218.51,playing,2
8.3206,5.1846,0,0,0.15163,0,216.6,playing,3
8.3363,3.187,0,0,0.15163,0,214.97,playing,3
8.3529,3.187,0,0,0.21674,0,213.62,playing,3
8.3695,3.187,0,0,0.21674,0,212.51,playing,3
8.3856,3.187,0,0,0.24124,0,211.74,playing,3
8.4012,3.187,0,0,0.24124,0,211.26,playing,3
8.4173,3.187,0,0,0.25476,0,211.06,playing,3
8.4329,0.2469,0,0,0.25476,0,211.13,playing,3
8.4498,0.2469,0,0,0.22926,0,211.49,playing,3
8.4669,-0.4284,0,0,0.22926,0,212.19,playing,3
8.484,-0.4284,0,0,0.26338,0,213.21,playing,3
8.501,-0.4284,0,0,0.26338,0,214.55,playing,3
8.518,-1.9098,0,0,0.28805,0,216.2,playing,3
8.5352,-1.9098,0,0,0.28805,0,218.17,playing,3
8.5512,-1.9098,0,0,0.2173,0,220.46,playing,3
8.5672,-2.5627,0,0,0.2173,0,222.9,playing,3
8.5833,-2.5627,0,0,0.26659,0,225.62,playing,3
8.6003,-2.0951,0,0,0.26659,0,228.62,playing,3
8.6166,-2.0951,0,0,0.2871,0,232.12,playing,3
8.6326,-2.0951,0,0,0.2871,0,235.71,playing,3
8.6492,-1.9955,0,0,0.27966,0,239.57,playing,3
8.6652,-1.9955,0,0,0.27966,0,243.99,playing,3
8.6813,-1.9955,0,0,0.26345,0,248.43,playing,3
8.6974,-2.3449,0,0,0.26345,0,253.16,playing,3
8.7135,-2.3449,0,0,0.27612,0,258.16,playing,3
8.729,-2.3449,0,0,0.27612,0,263.45,playing,3
8.7456,-17.994,1,0,0.32067,0,269.02,playing,3
8.7616,-17.994,0,0,0.32067,0,263.06,playing,3
8.7776,-17.994,0,0,0.27876,0,257.39,playing,3
8.7932,-11.2579,0,0,0.27876,0,251.99,playing,3
8.8097,-11.2579,0,0,0.19408,0,246.88,playing,3
8.8257,11.109,0,0,0.19408,0,242.05,playing,3
8.8418,11.109,0,0,0.20164,0,237.5,playing,3
8.8588,11.109,0,0,0.20164,0,232.98,playing,3
8.8759,10.5304,0,0,0.20205,0,228.78,playing,3
8.8929,10.5304,0,0,0.20205,0,224.9,playing,3
8.91,10.5304,0,0,0.16242,0,221.34,playing,3
8.9268,8.3072,0,0,0.16242,0,218.09,playing,3
8.9439,8.3072,0,0,0.17413,0,215.16,playing,3
8.9604,8.3072,0,0,0.17413,0,212.55,playing,3
8.9765,8.3072,0,0,0.1904,1,210.38,playing,3
8.9925,8.3072,0,0,0.1904,0,208.49,playing,3
9.0085,2.9869,0,0,0.27552,0,206.87,playing,3
9.024,2.9869,0,0,0.27552,0,205.55,playing,3
9.0406,2.9869,0,0,0.22986,0,204.5,playing,3
9.0567,0.9622,0,0,0.22986,0,203.73,playing,3
9.0732,0.9622,0,0,0.2338,0,203.23,playing,3
9.0898,0.9622,0,0,0.2338,0,203.05,playing,3
9.1063,0.2426,0,0,0.2338,0,203.17,playing,3
9.1224,0.2426,0,0,0.22125,0,203.56,playing,3
9.1379,0.2426,0,0,0.22125,0,204.24,playing,3
9.1544,-0.4463,0,0,0.24219,0,205.2,playing,3
9.17,-0.4463,0,0,0.24219,0,206.44,playing,3
9.1865,-1.2558,0,0,0.23729,0,207.96,playing,3
9.2035,-1.2558,0,0,0.23729,0,209.9,playing,3
9.2196,-1.2558,0,0,0.24993,0,212.0,playing,3
9.2356,-1.2558,0,0,0.24993,0,214.38,playing,3
9.2517,-1.2558,0,0,0.30517,0,217.05,playing,3
9.2672,-1.2558,0,0,0.30517,0,220.0,playing,3
9.2837,-1.2558,0,0,0.25827,0,223.22,playing,3
9.3004,-1.2558,0,0,0.25827,0,226.97,playing,3
9.3168,-1.2558,0,0,0.25993,0,230.78,playing,3
9.3333,-2.1053,0,0,0.25993,0,235.15,playing,3
9.3494,-2.1053,0,0,0.2634,0,239.54,playing,3
9.3654,-2.2607,0,0,0.2634,0,244.21,playing,3
9.3814,-2.2607,0,0,0.30394,0,249.16,playing,3
9.3975,-2.2607,0,0,0.30394,0,254.4,playing,3
9.4135,-1.8827,0,0,0.2379,0,259.92,playing,3
9.4295,-12.7273,1,0,0.2379,0,265.71,playing,3
9.445,-12.7273,0,0,0.24986,0,259.76,playing,3
9.4611,-7.2456,0,0,0.24986,0,254.08,playing,3
9.4778,-7.2456,0,0,0.17291,0,248.68,playing,3
9.4938,-7.2456,0,0,0.17291,0,243.57,playing,3
9.5109,10.0996,0,0,0.17611,0,238.45,playing,3
9.5279,10.0996,0,0,0.17611,0,233.66,playing,3
9.5442,13.6621,0,0,0.195,1,229.18,playing,3
9.5608,13.6621,0,0,0.195,0,225.24,playing,3
9.5779,13.6621,0,0,0.17216,0,221.38,playing,3
9.595,13.6621,0,0,0.17216,0,217.84,playing,3
9.612,13.6621,0,0,0.18954,0,214.61,playing,3
9.6292,13.6621,0,0,0.18954,0,211.7,playing,3
9.6462,5.874,0,0,0.21458,0,209.11,playing,3
9.6623,5.874,0,0,0.21458,0,206.84,playing,3
9.6785,5.874,0,0,0.18954,0,204.98,playing,3
9.6952,5.874,0,0,0.18954,0,203.32,playing,3
9.713,5.874,0,0,0.18954,0,202.05,playing,3
9.7297,1.2537,0,0,0.25833,0,200.97,playing,3
9.7462,1.2537,0,0,0.25833,0,200.29,playing,3
9.7622,1.2537,0,0,0.22606,0,199.89,playing,3
9.7798,0.5299,0,0,0.22606,0,199.79,playing,3
9.7969,0.5299,0,0,0.24598,0,200.04,playing,3
9.814,-0.3987,0,0,0.27111,0,200.59,playing,3
9.8312,-0.3987,0,0,0.27111,0,201.45,playing,3
9.8477,-0.3987,0,0,0.22902,0,202.64,playing,3
9.863,-1.4111,0,0,0.22902,0,204.04,playing,3
9.8795,-1.4111,0,0,0.22902,0,205.72,playing,3
9.8969,-1.4111,0,0,0.2712,0,207.82,playing,3
9.9139,-1.7377,0,0,0.2712,0,210.24,playing,3
9.9311,-1.7377,0,0,0.29588,0,212.98,playing,3
9.9477,-1.7377,0,0,0.25826,0,216.04,playing,3
9.9632,-2.3114,0,0,0.25826,0,219.2,playing,3
9.98,-2.3114,0,0,0.25826,0,222.64,playing,3
9.9962,-13.6772,1,0,0.28781,0,226.61,playing,3
10.0122,-13.6772,0,0,0.28781,0,220.65,playing,3
10.0287,-13.6772,0,0,0.2707,0,214.97,playing,3
10.0458,-13.6772,0,0,0.2707,0,209.26,playing,3
10.0624,-13.6772,0,0,0.2416,0,203.87,playing,3
10.0785,-13.6772,0,0,0.2416,0,199.07,playing,3
10.0943,-16.3896,0,0,0.21496,0,194.55,playing,3
10.1104,-16.3896,0,0,0.21496,0,190.32,playing,3
10.1269,-16.3896,0,0,0.16733,0,186.37,playing,3
10.1435,10.9359,0,0,0.16733,0,182.49,playing,3
10.1596,10.9359,0,0,0.19804,1,179.12,playing,3
10.1757,8.5979,0,0,0.19804,0,176.03,playing,4
10.1923,8.5979,0,0,0.17698,0,173.22,playing,4
10.2083,8.5979,0,0,0.17698,0,170.55,playing,4
10.2249,5.9505,0,0,0.14718,0,168.32,playing,4
10.2419,5.9505,0,0,0.14718,0,166.28,playing,4
10.2584,5.9505,0,0,0.23323,0,164.55,playing,4
10.2744,5.9505,0,0,0.23323,0,163.2,playing,4
10.291,5.9505,0,0,0.23393,0,162.13,playing,4
10.308,5.9505,0,0,0.23393,0,161.32,playing,4
10.3251,1.3445,0,0,0.23393,0,160.82,playing,4
10.3421,1.3445,0,0,0.23393,0,160.64,playing,4
10.3587,0.4003,0,0,0.28701,0,160.78,playing,4
10.3743,0.4003,0,0,0.28701,0,161.2,playing,4
10.3904,0.4003,0,0,0.24649,0,161.89,playing,4
10.4064,-0.6011,0,0,0.24649,0,162.87,playing,4
10.4221,-0.6011,0,0,0.27119,0,164.12,playing,4
10.4387,-0.6011,0,0,0.27119,0,165.66,playing,4
10.4543,-0.6011,0,0,0.26711,0,167.48,playing,4
10.4703,-0.6011,0,0,0.26711,0,169.59,playing,4
10.4868,-0.6011,0,0,0.26282,0,171.97,playing,4
10.5039,-0.6011,0,0,0.26282,0,174.82,playing,4
10.5204,-0.6011,0,0,0.30833,0,177.99,playing,4
10.5369,-1.7069,0,0,0.30833,0,181.25,playing,4
10.553,-1.7069,0,0,0.29164,0,185.04,playing,4
10.5696,-1.7069,0,0,0.29164,0,188.88,playing,4
10.5857,-1.4148,0,0,0.29508,0,193.01,playing,4
10.6012,-1.4148,0,0,0.29508,0,197.42,playing,4
10.6173,-1.4148,0,0,0.26316,0,202.11,playing,4
10.6338,-1.3822,0,0,0.26316,0,207.08,playing,4
10.6509,-1.3822,0,0,0.26316,0,212.68,playing,4
10.6679,-1.3822,0,0,0.26316,0,218.6,playing,4
10.6845,-0.9994,0,0,0.25097,0,224.83,playing,4
10.7001,-0.9994,0,0,0.25097,0,230.98,playing,4
10.7166,-1.2678,0,0,0.29875,0,237.42,playing,4
10.7322,-1.2678,0,0,0.29875,0,244.13,playing,4
10.7488,-1.2678,0,0,0.27897,0,251.12,playing,4
10.7653,-15.5365,1,0,0.27897,0,258.87,playing,4
10.7813,-15.5365,0,0,0.28721,0,252.92,playing,4
10.7974,-15.5365,0,0,0.28721,0,247.24,playing,4
10.8134,-14.3314,0,0,0.25826,0,241.84,playing,4
10.8294,-14.3314,0,0,0.25826,0,236.73,playing,4
10.8459,-14.3314,0,0,0.17792,0,231.9,playing,4
10.8629,5.7557,0,0,0.17792,0,227.08,playing,4
10.8789,5.7557,0,0,0.2041,1,222.58,playing,4
10.8952,12.3074,0,0,0.2041,0,218.63,playing,4
10.9118,12.3074,0,0,0.19625,0,214.96,playing,4
10.9278,12.3074,0,0,0.19625,0,211.57,playing,4
10.9444,12.3074,0,0,0.17027,0,208.29,playing,4
10.9605,12.3074,0,0,0.17027,0,205.48,playing,4
10.9765,12.3074,0,0,0.17027,0,202.96,playing,4
10.9926,6.2804,0,0,0.20164,0,200.71,playing,4
11.0081,6.2804,0,0,0.20164,0,198.75,playing,4
11.0244,6.2804,0,0,0.20164,0,197.07,playing,4
11.0409,6.2804,0,0,0.20164,0,195.67,playing,4
11.0575,6.2804,0,0,0.2295,0,194.5,playing,4
11.073,6.2804,0,0,0.2295,0,193.68,playing,4
11.0896,1.5258,0,0,0.2549,0,193.14,playing,4
11.1057,1.5258,0,0,0.2549,0,192.88,playing,4
11.1218,1.5258,0,0,0.2582,0,192.91,playing,4
11.1383,1.5258,0,0,0.2582,0,193.25,playing,4
11.1547,1.5258,0,0,0.24645,0,193.86,playing,4
11.1703,-1.1453,0,0,0.24645,0,194.75,playing,4
11.1863,-1.1453,0,0,0.26293,0,195.92,playing,4
11.2029,-1.1453,0,0,0.26293,0,197.37,playing,4
11.2194,-1.5589,0,0,0.26735,0,199.23,playing,4
11.2357,-1.5589,0,0,0.26735,0,201.26,playing,4
11.2514,-1.5589,0,0,0.23788,0,203.58,playing,4
11.2674,-1.5478,0,0,0.23788,0,206.17,playing,4
11.284,-1.5478,0,0,0.2717,0,209.05,playing,4
11.301,-1.3572,0,0,0.2717,0,212.42,playing,4
11.3175,-1.3572,0,0,0.25882,0,216.11,playing,4
11.3331,-1.3572,0,0,0.25882,0,219.87,playing,4
11.3497,-1.2395,0,0,0.25882,0,223.91,playing,4
11.3652,-1.2395,0,0,0.25882,0,228.23,playing,4
11.3815,-1.2395,0,0,0.24637,0,232.83,playing,4
11.3974,-1.4076,0,0,0.24637,0,237.71,playing,4
11.4136,-1.4076,0,0,0.26222,0,242.88,playing,4
11.4297,-1.4076,0,0,0.26222,0,248.33,playing,4
11.4457,-3.2316,0,0,0.26637,0,254.05,playing,4
11.4612,-3.2316,0,0,0.26637,0,260.06,playing,4
11.4771,-3.2316,0,0,0.26681,0,266.35,playing,4
11.4941,-17.3012,1,0,0.26681,0,272.93,playing,4
11.5111,-17.3012,0,0,0.26681,0,266.61,playing,4
11.5277,-5.1181,0,0,0.2459,0,260.62,playing,4
11.5457,-5.1181,0,0,0.2459,0,255.26,playing,4
11.5623,-5.1181,0,0,0.22831,0,249.29,playing,4
11.5788,6.754,0,0,0.22831,0,244.55,playing,4
11.5954,6.754,0,0,0.22831,0,239.83,playing,4
11.6127,6.754,0,0,0.20211,0,235.66,playing,4
11.6289,10.557,0,0,0.20211,0,231.56,playing,4
11.646,10.557,0,0,0.20211,0,227.77,playing,4
11.6621,7.6111,0,0,0.19225,0,224.3,playing,4
11.6781,7.6111,0,0,0.19225,0,221.32,playing,4
11.6942,7.6111,0,0,0.19225,0,218.61,playing,4
11.7108,5.4963,0,0,0.14956,0,216.19,playing,4
11.727,5.4963,0,0,0.14956,0,214.05,playing,4
11.7435,5.4963,0,0,0.14956,0,212.1,playing,4
11.7596,1.7125,0,0,0.14956,1,210.54,playing,4
11.7757,1.7125,0,0,0.18375,0,209.26,playing,4
11.7913,1.7125,0,0,0.18375,0,208.27,playing,4
11.8074,0.7142,0,0,0.18375,0,207.55,playing,4
11.8239,0.7142,0,0,0.24138,0,207.12,playing,4
11.8401,-0.1924,0,0,0.24138,0,206.98,playing,4
11.8561,-0.1924,0,0,0.24138,0,207.13,playing,4
11.8732,-0.1924,0,0,0.24192,0,207.56,playing,4
11.8896,-1.133,0,0,0.24192,0,208.34,playing,4
11.9058,-1.133,0,0,0.24192,0,209.35,playing,4
11.9213,-1.133,0,0,0.24192,0,210.64,playing,4
11.938,-1.278,0,0,0.26274,0,212.21,playing,4
11.9545,-1.278,0,0,0.26274,0,214.21,playing,4
11.9709,-1.278,0,0,0.26274,0,216.36,playing,4
11.9875,-1.278,0,0,0.24652,0,218.97,playing,4
12.0042,-1.278,0,0,0.24652,0,221.7,playing,4
12.0208,-1.7941,0,0,0.24652,0,224.93,playing,5
12.0376,-1.9921,0,0,0.25819,0,228.47,playing,5
12.0537,-1.9921,0,0,0.25819,0,232.09,playing,5
12.0698,-1.8399,0,0,0.25819,0,235.99,playing,5
12.0858,-1.8399,0,0,0.26763,0,240.16,playing,5
12.1019,-1.8399,0,0,0.26763,0,244.63,playing,5
12.1189,-18.805,1,0,0.26763,0,249.68,playing,5
12.136,-18.805,0,0,0.26763,0,243.37,playing,5
12.1525,-18.805,0,0,0.23729,0,237.38,playing,5
12.1687,-3.646,0,0,0.23729,0,232.02,playing,5
12.1842,-3.646,0,0,0.23729,0,226.94,playing,5
12.2006,7.9182,0,0,0.23729,0,222.14,playing,5
12.2164,7.9182,0,0,0.27109,0,217.63,playing,5
12.2324,7.9182,0,0,0.27109,0,213.39,playing,5
12.249,10.1331,0,0,0.27109,0,209.44,playing,5
12.2653,10.1331,0,0,0.22434,0,205.56,playing,5
12.2813,10.1331,0,0,0.22434,0,202.19,playing,5
12.2974,8.5546,0,0,0.22434,0,199.1,playing,5
12.3134,8.5546,0,0,0.21574,0,196.29,playing,5
12.33,8.5546,0,0,0.21574,0,193.76,playing,5
12.3467,3.9975,0,0,0.21574,0,191.4,playing,5
12.3628,3.9975,0,0,0.20473,0,189.45,playing,5
12.3794,2.3949,0,0,0.20473,0,187.79,playing,5
12.3954,2.3949,0,0,0.20473,0,186.34,playing,5
12.4115,2.3949,0,0,0.21651,0,185.26,playing,5
12.4276,0.5488,0,0,0.21651,0,184.45,playing,5
12.4436,0.5488,0,0,0.21651,0,183.93,playing,5
12.4597,0.5488,0,0,0.2379,0,183.7,playing,5
12.4773,-0.4303,0,0,0.2379,0,183.76,playing,5
12.4939,-0.4303,0,0,0.2379,0,184.14,playing,5
12.511,-0.4303,0,0,0.2707,0,184.84,playing,5
12.5276,-0.973,0,0,0.2707,0,185.86,playing,5
12.5436,-0.973,0,0,0.2707,0,187.1,playing,5
12.5597,-1.9336,0,0,0.23722,0,188.62,playing,5
12.5768,-1.9336,0,0,0.23722,0,190.56,playing,5
12.5938,-1.9336,0,0,0.23722,0,192.81,playing,5
12.6109,-1.5103,0,0,0.23722,0,195.38,playing,5
12.628,-1.5103,0,0,0.26288,0,198.27,playing,5
12.6451,-1.5103,0,0,0.26288,0,201.47,playing,5
12.6621,-1.4251,0,0,0.26288,0,205.0,playing,5
12.6787,-1.4251,0,0,0.27055,0,208.84,playing,5
12.6947,-1.1268,0,0,0.27055,0,212.74,playing,5
12.7108,-1.1268,0,0,0.27055,0,216.92,playing,5
12.7269,-1.1268,0,0,0.27972,0,221.38,playing,5
12.7434,-1.0202,0,0,0.27972,0,226.44,playing,5
12.7595,-1.0202,0,0,0.27972,0,231.48,playing,5
12.7756,-1.0202,0,0,0.30134,0,236.8,playing,5
12.7911,-0.8922,0,0,0.30134,0,242.41,playing,5
12.8083,-0.8922,0,0,0.30134,0,248.29,playing,5
12.8243,-0.8922,0,0,0.26282,0,254.86,playing,5
12.8404,-0.3933,0,0,0.26282,0,261.33,playing,5
12.857,-0.3933,0,0,0.26282,0,268.08,playing,5
12.874,-0.6723,0,0,0.26667,0,275.57,playing,5
12.8911,-0.6723,0,0,0.26667,0,283.37,playing,5
12.9071,-0.6723,0,0,0.26667,0,291.5,playing,5
12.9232,-0.4444,0,0,0.25819,0,299.43,playing,5
12.9402,-0.4444,0,0,0.25819,0,307.64,playing,5
12.9563,-0.4444,0,0,0.25819,0,316.68,playing,5
12.9729,-11.9013,0,0,0.24622,0,325.47,playing,5
12.9899,-11.9013,0,0,0.24622,0,335.13,playing,5
13.0065,-11.9013,0,0,0.24622,0,345.1,playing,5
13.0226,-8.832,1,0,0.2755,0,354.77,playing,5
13.0392,-8.832,0,0,0.2755,0,348.81,playing,5
13.0558,8.0484,0,0,0.2755,0,342.8,playing,5
13.0719,8.0484,0,0,0.23901,0,337.42,playing,5
13.0884,8.0484,0,0,0.23901,0,332.03,playing,5
13.1045,12.4719,0,0,0.23901,0,327.23,playing,5
13.1201,12.4719,0,0,0.21566,0,322.71,playing,5
13.1367,12.4719,0,0,0.21566,0,318.48,playing,5
13.1523,11.0902,0,0,0.21566,0,314.53,playing,5
13.1688,11.0902,0,0,0.21566,0,310.86,playing,5
13.1854,11.0902,0,0,0.19332,0,307.28,playing,5
13.2015,11.0902,0,0,0.19332,0,304.19,playing,5
13.2175,11.0902,0,0,0.19332,0,301.38,playing,5
13.2336,11.0902,0,0,0.20559,0,298.85,playing,5
13.2502,4.6013,0,0,0.20559,0,296.61,playing,5
13.2672,4.6013,0,0,0.20559,0,294.54,playing,5
13.2841,1.7079,0,0,0.21102,0,292.79,playing,5
13.3011,1.7079,0,0,0.21102,0,291.36,playing,5
13.3179,1.7079,0,0,0.21102,0,290.25,playing,5
13.3347,0.4979,0,0,0.23703,0,289.45,playing,5
13.3503,0.4979,0,0,0.23703,0,288.98,playing,5
13.3669,0.4979,0,0,0.23703,0,288.8,playing,5
13.3831,-0.4507,0,0,0.27063,0,288.92,playing,5
13.4003,-0.4507,0,0,0.27063,0,289.31,playing,5
13.4164,-0.7744,0,0,0.27063,0,290.05,playing,5
13.4329,-0.7744,0,0,0.24102,0,291.03,playing,5
13.4494,-0.7744,0,0,0.24102,0,292.38,playing,5
13.465,-0.7744,0,0,0.24102,0,293.94,playing,5
13.481,-0.7744,0,0,0.24264,0,295.78,playing,5
13.4971,-0.7744,0,0,0.24264,0,297.9,playing,5
13.5138,-13.9782,1,0,0.24264,0,300.3,playing,5
13.5303,-13.9782,0,0,0.24264,0,293.99,playing,5
13.5469,-13.9782,0,0,0.26324,0,288.33,playing,5
13.564,-14.5662,0,0,0.26324,0,282.63,playing,5
13.5805,-14.5662,0,0,0.26324,0,277.26,playing,5
13.5971,-1.2464,0,0,0.28652,0,272.48,playing,5
13.6136,-1.2464,0,0,0.28652,0,267.72,playing,5
13.6291,-1.2464,0,0,0.28652,0,263.52,playing,5
13.6452,6.9881,0,0,0.24219,0,259.6,playing,5
13.6617,6.9881,0,0,0.24219,0,255.97,playing,5
13.6773,6.9881,0,0,0.18654,0,252.61,playing,5
13.6939,11.6639,0,0,0.18654,0,249.54,playing,5
13.7103,11.6639,0,0,0.20961,0,246.59,playing,5
13.7267,11.6639,0,0,0.20961,0,244.1,playing,5
13.7431,6.7889,0,0,0.19282,0,241.89,playing,5
13.7596,6.7889,0,0,0.19282,0,239.86,playing,5
13.7758,4.7734,0,0,0.19485,0,238.24,playing,5
13.7913,4.7734,0,0,0.19485,0,236.89,playing,5
13.8072,4.7734,0,0,0.17938,0,235.82,playing,5
13.8239,2.9394,0,0,0.17938,0,235.04,playing,5
13.8412,2.9394,0,0,0.16228,0,234.52,playing,5
13.8577,2.9394,0,0,0.16228,0,234.33,playing,5
13.8734,1.3163,0,0,0.17844,0,234.42,playing,6
13.8901,1.3163,0,0,0.17844,1,234.8,playing,6
13.9068,1.3163,0,0,0.22503,0,235.52,playing,6
13.9239,-0.9936,0,0,0.20677,0,236.56,playing,6
13.9409,-0.9936,0,0,0.20677,0,237.91,playing,6
13.9578,-2.2181,0,0,0.26406,0,239.58,playing,6
13.9747,-2.2181,0,0,0.26406,0,241.57,playing,6
13.9915,-2.2181,0,0,0.27255,0,243.88,playing,6
14.0073,-1.6763,0,0,0.27255,0,246.34,playing,6
14.0242,-1.6763,0,0,0.27255,0,249.07,playing,6
14.0412,-1.6763,0,0,0.27062,0,252.3,playing,6
14.0573,-2.5393,0,0,0.29277,0,255.84,playing,6
14.0739,-2.5393,0,0,0.29277,0,259.46,playing,6
14.0911,-2.2235,0,0,0.27144,0,263.62,playing,6
14.1077,-1.9686,0,0,0.27144,0,268.09,playing,6
14.1241,-1.9686,0,0,0.2707,0,272.59,playing,6
14.1411,-1.9686,0,0,0.2707,0,277.69,playing,6
14.1587,-1.9686,0,0,0.2707,0,283.1,playing,6
14.1759,-1.9686,0,0,0.27797,0,289.19,playing,6
14.1924,-6.9897,0,0,0.27797,0,295.25,playing,6
14.2085,-6.9897,0,0,0.28033,0,301.25,playing,6
14.2241,-16.5564,1,0,0.28033,0,307.52,playing,6
14.2411,-16.5564,0,0,0.24994,0,301.56,playing,6
14.2572,-16.5564,0,0,0.24994,0,295.55,playing,6
14.2739,-9.3958,0,0,0.24555,0,290.17,playing,6
14.2916,-9.3958,0,0,0.24555,0,284.77,playing,6
14.309,-9.3958,0,0,0.27544,0,279.42,playing,6
14.3256,-9.3958,0,0,0.22034,0,274.68,playing,6
14.3417,-9.3958,0,0,0.22034,0,270.5,playing,6
14.3575,-9.3958,0,0,0.19299,0,266.6,playing,6
14.3739,13.1486,0,0,0.19299,0,262.98,playing,6
14.3905,13.1486,0,0,0.21237,0,259.45,playing,6
14.4064,8.5556,0,0,0.21237,0,256.42,playing,6
14.4224,8.5556,0,0,0.21237,0,253.66,playing,6
14.4401,8.5556,0,0,0.19538,0,251.05,playing,6
14.4563,6.0126,0,0,0.19538,0,248.76,playing,6
14.473,6.0126,0,0,0.16046,0,246.88,playing,6
14.4901,6.0126,0,0,0.16046,0,245.21,playing,6
14.5062,2.8376,0,0,0.22325,1,243.85,playing,6
14.5222,2.8376,0,0,0.22325,0,242.86,playing,6
14.5383,2.8376,0,0,0.23692,0,242.14,playing,6
14.5545,1.1856,0,0,0.23692,0,241.71,playing,6
14.5704,1.1856,0,0,0.2301,0,241.56,playing,6
14.5873,1.1856,0,0,0.2301,0,241.69,playing,6
14.6035,1.1856,0,0,0.25583,0,242.15,playing,6
14.6194,1.1856,0,0,0.25583,0,242.86,playing,6
14.635,-0.9613,0,0,0.28088,0,243.86,playing,6
14.6516,-0.9613,0,0,0.28088,0,245.13,playing,6
14.6673,-0.9613,0,0,0.2548,0,246.69,playing,6
14.6839,-1.4022,0,0,0.2548,0,248.53,playing,6
14.7002,-1.4022,0,0,0.28685,0,250.8,playing,6
14.7167,-1.4022,0,0,0.28685,0,253.22,playing,6
14.7323,-2.6512,0,0,0.30038,0,255.92,playing,6
14.7483,-2.6512,0,0,0.30038,0,258.9,playing,6
14.7649,-2.4683,0,0,0.25474,0,262.16,playing,6
14.7821,-2.4683,0,0,0.25474,0,265.95,playing,6
14.7986,-2.4683,0,0,0.29262,0,270.05,playing,6
14.8142,-2.5765,0,0,0.29262,0,274.2,playing,6
14.8312,-2.5765,0,0,0.27552,0,278.62,playing,6
14.8479,-2.5765,0,0,0.27552,0,283.64,playing,6
14.8645,-5.1585,0,0,0.25871,0,288.98,playing,6
14.8801,-5.1585,0,0,0.25871,0,294.29,playing,6
14.8965,-5.1585,0,0,0.25871,0,299.87,playing,6
14.914,-18.9664,1,0,0.29553,0,306.13,playing,6
14.9311,-18.9664,0,0,0.29077,0,299.82,playing,6
14.947,2.2818,0,0,0.29077,0,293.82,playing,6
14.9641,2.2818,0,0,0.29077,0,288.46,playing,6
14.9812,2.2818,0,0,0.25881,0,283.09,playing,6
14.9977,9.0599,0,0,0.25881,0,278.03,playing,6
15.0133,9.0599,0,0,0.27659,0,273.55,playing,6
15.0294,9.0599,0,0,0.27659,0,269.35,playing,6
15.0461,7.9637,0,0,0.20559,0,265.43,playing,6
15.0631,7.9637,0,0,0.20559,0,261.59,playing,6
15.0791,5.5516,0,0,0.20185,0,258.06,playing,6
15.0962,3.6124,0,0,0.20185,0,255.02,playing,6
15.1122,3.6124,0,0,0.16525,0,252.12,playing,6
15.1287,2.1789,0,0,0.16525,0,249.66,playing,6
15.1458,2.1789,0,0,0.20156,1,247.37,playing,6
15.1613,2.1789,0,0,0.20156,0,245.49,playing,6
15.1773,0.2467,0,0,0.26178,0,243.9,playing,6
15.1929,0.2467,0,0,0.26178,0,242.59,playing,6
15.2094,0.2467,0,0,0.28255,0,241.56,playing,6
15.2254,-0.6848,0,0,0.28255,0,240.81,playing,6
15.2416,-0.6848,0,0,0.30381,0,240.34,playing,6
15.2572,-0.6848,0,0,0.30381,0,240.16,playing,6
15.2733,-1.2629,0,0,0.29087,0,240.25,playing,6
15.2898,-1.2629,0,0,0.29087,0,240.63,playing,6
15.3069,-1.9416,0,0,0.28191,0,241.35,playing,6
15.3239,-1.9416,0,0,0.28191,0,242.39,playing,6
15.3405,-1.9416,0,0,0.31707,0,243.74,playing,6
15.3566,-1.5793,0,0,0.31707,0,245.3,playing,6
15.3727,-1.5793,0,0,0.29577,0,247.14,playing,6
15.3887,-1.5793,0,0,0.29577,0,249.26,playing,6
15.4059,-0.7924,0,0,0.27436,0,251.83,playing,6
15.4224,-0.7924,0,0,0.27436,0,254.71,playing,6
15.439,-0.7924,0,0,0.29269,0,257.71,playing,6
15.4555,-0.7924,0,0,0.29269,0,261.22,playing,6
15.4721,-0.7924,0,0,0.29428,0,264.8,playing,6
15.4881,-6.8462,0,0,0.29428,0,268.92,playing,6
15.5046,-6.8462,0,0,0.25457,0,273.08,playing,6
15.5207,-6.8462,0,0,0.25457,0,277.53,playing,6
15.5373,-14.4897,1,0,0.28168,0,282.57,playing,6
15.5534,-14.4897,0,0,0.28168,0,276.61,playing,6
15.569,-14.4897,0,0,0.30678,0,270.93,playing,6
15.5861,-8.6731,0,0,0.30678,0,265.54,playing,6
15.6027,-8.6731,0,0,0.30141,0,260.12,playing,6
15.619,-4.1407,0,0,0.30141,0,255.02,playing,6
15.6362,1.7561,0,0,0.25443,0,250.51,playing,6
15.6522,1.7561,0,0,0.25443,0,246.03,playing,6
15.6692,13.7796,0,0,0.17533,0,242.1,playing,6
15.6853,13.7796,0,0,0.17533,0,238.23,playing,6
15.7015,13.7796,0,0,0.23392,1,234.88,playing,6
15.7175,12.0323,0,0,0.23392,0,231.81,playing,7
15.7331,12.0323,0,0,0.23367,0,229.02,playing,7
15.7502,12.0323,0,0,0.23367,0,226.51,playing,7
15.7669,8.8924,0,0,0.21056,0,224.16,playing,7
15.7839,8.8924,0,0,0.21056,0,222.13,playing,7
15.7999,6.3228,0,0,0.24187,0,220.42,playing,7
15.8173,6.3228,0,0,0.24187,0,219.09,playing,7
15.8334,6.3228,0,0,0.17714,0,217.99,playing,7
15.8495,2.6191,0,0,0.17714,0,217.25,playing,7
15.8656,2.6191,0,0,0.19489,0,216.78,playing,7
15.8811,2.6191,0,0,0.19489,0,216.59,playing,7
15.8975,0.9185,0,0,0.22106,0,216.69,playing,7
15.913,0.9185,0,0,0.22106,0,217.07,playing,7
15.929,0.9185,0,0,0.23344,0,217.73,playing,7
15.9455,-0.2012,0,0,0.23344,0,218.67,playing,7
15.9619,-0.2012,0,0,0.23344,0,219.89,playing,7
15.9784,-1.2033,0,0,0.23344,0,221.51,playing,7
15.9945,-1.8111,0,0,0.26822,0,223.31,playing,7
16.0106,-1.8111,0,0,0.26822,0,225.39,playing,7
16.0273,-2.0497,0,0,0.28175,0,227.76,playing,7
16.0434,-2.0497,0,0,0.28175,0,230.59,playing,7
16.0599,-2.0497,0,0,0.27612,0,233.54,playing,7
16.0769,-3.2569,0,0,0.27612,0,236.99,playing,7
16.0931,-3.2569,0,0,0.24387,0,240.76,playing,7
16.1096,-3.2569,0,0,0.24387,0,244.58,playing,7
16.1261,-3.1435,0,0,0.31964,0,248.69,playing,7
16.1425,-3.1435,0,0,0.31964,0,253.38,playing,7
16.1585,-3.1782,0,0,0.24378,0,258.07,playing,7
16.1746,-3.1782,0,0,0.24378,0,263.04,playing,7
16.1908,-3.1782,0,0,0.31244,0,268.29,playing,7
16.2073,-2.1857,0,0,0.31244,0,274.19,playing,7
16.2238,-2.1857,0,0,0.28203,0,280.02,playing,7
16.2409,-2.1857,0,0,0.28203,0,286.54,playing,7
16.2575,-16.8817,1,0,0.29578,0,293.37,playing,7
16.2736,-16.8817,0,0,0.29578,0,287.41,playing,7
16.2891,-16.8817,0,0,0.27397,0,281.74,playing,7
16.3056,-8.3754,0,0,0.27397,0,276.34,playing,7
16.3212,-8.3754,0,0,0.27397,0,271.23,playing,7
16.3378,-8.3754,0,0,0.27397,0,266.4,playing,7
16.3549,-3.4436,0,0,0.26062,0,261.58,playing,7
16.3719,-3.4436,0,0,0.26062,0,257.08,playing,7
16.3885,13.1424,0,0,0.18374,0,252.9,playing,7
16.4046,13.1424,0,0,0.18374,0,249.25,playing,7
16.4211,13.1424,0,0,0.19539,0,245.88,playing,7
16.4376,12.2608,0,0,0.19539,0,242.61,playing,7
16.4532,12.2608,0,0,0.23567,0,239.82,playing,7
16.4697,12.2608,0,0,0.23567,0,237.31,playing,7
16.4857,8.8498,0,0,0.20727,0,235.09,playing,7
16.5017,8.8498,0,0,0.20727,0,233.14,playing,7
16.5178,8.8498,0,0,0.17224,0,231.48,playing,7
16.535,5.502,0,0,0.17224,0,230.03,playing,7
16.5521,5.502,0,0,0.17129,0,228.9,playing,7
16.5684,1.5755,0,0,0.17129,0,228.08,playing,7
16.5846,1.5755,0,0,0.2326,1,227.6,playing,7
16.6004,1.5755,0,0,0.2326,0,227.39,playing,7
16.617,0.0141,0,0,0.31343,0,227.47,playing,7
16.6338,0.0141,0,0,0.31343,0,227.87,playing,7
16.65,0.0141,0,0,0.31343,0,228.53,playing,7
16.6671,0.4224,0,0,0.31343,0,229.55,playing,7
16.6836,0.4224,0,0,0.34058,0,230.89,playing,7
16.6991,0.2607,0,0,0.34058,0,232.43,playing,7
16.7157,0.2607,0,0,0.30014,0,234.25,playing,7
16.7317,0.2607,0,0,0.30014,0,236.35,playing,7
16.7478,0.5582,0,0,0.29786,0,238.73,playing,7
16.7651,0.5582,0,0,0.29786,0,241.58,playing,7
16.7812,0.5582,0,0,0.3363,0,244.75,playing,7
16.7978,0.356,0,0,0.3363,0,248.02,playing,7
16.8137,0.356,0,0,0.39068,0,251.56,playing,7
16.8294,0.356,0,0,0.39068,0,255.39,playing,7
16.8458,-0.7321,0,0,0.36426,0,259.5,playing,7
16.8625,-0.7321,0,0,0.36426,0,264.18,playing,7
16.8791,-0.7487,0,0,0.29039,0,268.87,playing,7
16.8956,-0.7487,0,0,0.29039,0,274.17,playing,7
16.9113,-0.7487,0,0,0.2788,0,279.44,playing,7
16.9279,-0.5441,0,0,0.2788,0,284.99,playing,7
16.9447,-0.5441,0,0,0.3284,0,291.21,playing,7
16.9602,-0.5441,0,0,0.3284,0,297.34,playing,7
16.9763,-0.3181,0,0,0.33639,0,303.76,playing,7
16.9928,-0.3181,0,0,0.33639,0,310.45,playing,7
17.0087,-0.3181,0,0,0.33639,0,317.43,playing,7
17.0258,-0.1672,0,0,0.33639,0,325.16,playing,7
17.043,-0.1672,0,0,0.37702,0,333.21,playing,7
17.0594,-1.0794,0,0,0.37702,0,341.58,playing,7
17.075,-16.7332,1,0,0.33205,0,349.74,playing,7
17.0919,-16.7332,0,0,0.33205,0,343.78,playing,7
17.1089,-10.7779,0,0,0.36836,0,337.77,playing,7
17.126,-10.7779,0,0,0.36836,0,332.07,playing,7
17.1429,-10.7779,0,0,0.3084,0,326.69,playing,7
17.1602,-5.8169,0,0,0.3084,0,321.63,playing,7
17.1762,-5.8169,0,0,0.20256,0,316.89,playing,7
17.1922,-5.8169,0,0,0.20256,0,312.71,playing,7
17.2084,12.73,0,0,0.22116,0,308.81,playing,7
17.2244,12.73,0,0,0.22116,0,305.2,playing,7
17.2406,11.7105,0,0,0.25824,0,301.86,playing,7
17.2561,11.7105,0,0,0.25824,0,298.81,playing,7
17.2728,11.7105,0,0,0.1838,0,296.03,playing,7
17.2898,5.6937,0,0,0.1838,0,293.4,playing,7
17.3069,5.6937,0,0,0.17338,0,291.09,playing,7
17.3239,5.6937,0,0,0.17338,0,289.1,playing,7
17.3404,3.6506,0,0,0.17338,0,287.43,playing,7
17.356,3.6506,0,0,0.17338,0,286.13,playing,7
17.372,3.6506,0,0,0.18474,1,285.12,playing,7
17.389,1.7396,0,0,0.18474,0,284.39,playing,7
17.4054,1.7396,0,0,0.24621,0,283.93,playing,7
17.423,-0.6988,0,0,0.24638,0,283.78,playing,7
17.44,-0.6988,0,0,0.24638,0,283.97,playing,7
17.4571,-0.6988,0,0,0.26557,0,284.46,playing,7
17.4741,-1.3377,0,0,0.26557,0,285.27,playing,7
17.4912,-1.3377,0,0,0.23193,0,286.4,playing,7
17.5072,-1.3377,0,0,0.23193,0,287.85,playing,7
17.5237,-2.5825,0,0,0.23193,0,289.5,playing,7
17.5404,-2.5825,0,0,0.23968,0,291.56,playing,7
17.5559,-2.4601,0,0,0.23968,0,293.79,playing,7
17.572,-2.4601,0,0,0.27982,0,296.3,playing,8
17.589,-2.4601,0,0,0.27982,0,299.08,playing,8
17.6056,-2.8457,0,0,0.2432,0,302.37,playing,8
17.6216,-2.8457,0,0,0.2432,0,305.73,playing,8
17.6381,-2.8457,0,0,0.25042,0,309.39,playing,8
17.6542,-3.1399,0,0,0.25042,0,313.58,playing,8
17.6702,-3.1399,0,0,0.26126,0,317.82,playing,8
17.6868,-3.1399,0,0,0.26126,0,322.33,playing,8
17.7039,-3.1159,0,0,0.26126,0,327.44,playing,8
17.7209,-3.1159,0,0,0.26126,0,332.87,playing,8
17.7379,-2.7574,0,0,0.263,0,338.62,playing,8
17.7544,-2.7574,0,0,0.263,0,344.69,playing,8
17.7707,-2.7574,0,0,0.27597,0,350.68,playing,8
17.7862,-2.094,0,0,0.27597,0,356.96,playing,8
17.8025,-2.094,0,0,0.32003,0,363.51,playing,8
17.8181,-2.094,0,0,0.32003,0,370.35,playing,8
17.8347,-2.9696,0,0,0.26087,0,377.47,playing,8
17.8509,-2.9696,0,0,0.26087,0,384.87,playing,8
17.8672,-2.9696,0,0,0.27846,0,393.05,playing,8
17.8837,-12.7643,1,0,0.27846,0,401.03,playing,8
17.8994,-12.7643,0,0,0.26766,0,395.07,playing,8
17.9151,-7.8785,0,0,0.26766,0,389.39,playing,8
17.9316,-7.8785,0,0,0.26114,0,384.0,playing,8
17.9471,-7.8785,0,0,0.26114,0,378.88,playing,8
17.9637,7.1709,0,0,0.21194,0,374.05,playing,8
17.9797,7.1709,0,0,0.21194,0,369.5,playing,8
17.9953,7.1709,0,0,0.18194,0,365.23,playing,8
18.0114,14.0484,0,0,0.18194,0,361.25,playing,8
18.0274,14.0484,0,0,0.18194,0,357.54,playing,8
18.0429,14.0484,0,0,0.18194,0,354.12,playing,8
18.06,12.9055,0,0,0.18811,0,350.97,playing,8
18.0765,12.9055,0,0,0.18811,0,347.95,playing,8
18.0926,12.9055,0,0,0.20649,0,345.39,playing,8
18.1083,7.6404,0,0,0.20649,0,343.11,playing,8
18.1244,7.6404,0,0,0.22881,0,341.11,playing,8
18.1413,5.9451,0,0,0.22881,0,339.4,playing,8
18.1579,5.9451,0,0,0.22525,0,337.89,playing,8
18.1744,5.9451,0,0,0.22525,0,336.7,playing,8
18.1909,2.7843,0,0,0.26976,0,335.86,playing,8
18.2075,2.7843,0,0,0.26976,0,335.29,playing,8
18.2237,2.7843,0,0,0.27194,0,335.04,playing,8
18.2404,1.564,0,0,0.27194,0,335.08,playing,8
18.2565,1.564,0,0,0.22024,0,335.41,playing,8
18.273,1.564,0,0,0.22024,0,336.01,playing,8
18.2896,-0.0389,0,0,0.26858,0,336.98,playing,8
18.3056,-0.0389,0,0,0.26858,0,338.16,playing,8
18.3217,-0.4658,0,0,0.25821,0,339.63,playing,8
18.3372,-0.4658,0,0,0.25821,0,341.38,playing,8
18.3542,-0.4658,0,0,0.27267,0,343.42,playing,8
18.3703,-0.9876,0,0,0.27267,0,345.89,playing,8
18.3863,-0.9876,0,0,0.27267,0,348.5,playing,8
18.4029,-0.9876,0,0,0.27267,0,351.4,playing,8
18.42,-1.7817,0,0,0.26067,0,354.79,playing,8
18.4365,-1.7817,0,0,0.26067,0,358.5,playing,8
18.4526,-1.7817,0,0,0.29291,0,362.28,playing,8
18.4691,-2.1293,0,0,0.29291,0,366.33,playing,8
18.4851,-2.1293,0,0,0.25352,0,370.96,playing,8
18.5017,-17.6451,1,0,0.25352,0,375.6,playing,8
18.5172,-17.6451,0,0,0.28271,0,369.64,playing,8
18.5332,-17.6451,0,0,0.28271,0,363.96,playing,8
18.5498,-6.1844,0,0,0.27282,0,358.57,playing,8
18.5668,-6.1844,0,0,0.27282,0,353.15,playing,8
18.5823,-6.1844,0,0,0.21029,0,348.34,playing,8
18.5984,-5.3313,0,0,0.21029,0,343.81,playing,8
18.6149,-5.3313,0,0,0.19809,0,339.55,playing,8
18.6319,-5.3313,0,0,0.19809,0,335.36,playing,8
18.6484,10.6088,0,0,0.16479,0,331.47,playing,8
18.6649,10.6088,0,0,0.16479,0,328.1,playing,8
18.6816,11.8266,0,0,0.212,1,324.84,playing,8
18.6977,11.8266,0,0,0.212,0,322.05,playing,8
18.7141,11.8266,0,0,0.18571,0,319.4,playing,8
18.7309,6.3908,0,0,0.18571,0,317.19,playing,8
18.7474,6.3908,0,0,0.18506,0,315.16,playing,8
18.763,6.3908,0,0,0.18506,0,313.53,playing,8
18.7792,4.1426,0,0,0.22232,0,312.19,playing,8
18.7961,4.1426,0,0,0.22232,0,311.12,playing,8
18.8124,4.1426,0,0,0.25751,0,310.31,playing,8
18.8285,1.8044,0,0,0.25751,0,309.82,playing,8
18.8445,1.8044,0,0,0.29612,0,309.62,playing,8
18.8611,-0.3179,0,0,0.29612,0,309.7,playing,8
18.8781,-0.3179,0,0,0.26603,0,310.1,playing,8
18.8946,-0.3179,0,0,0.26603,0,310.82,playing,8
18.911,-0.3179,0,0,0.28705,0,311.78,playing,8
18.9281,-0.3179,0,0,0.28705,0,313.11,playing,8
18.9445,-0.3179,0,0,0.27972,0,314.77,playing,8
18.9605,-1.8365,0,0,0.27972,0,316.6,playing,8
18.9766,-1.8365,0,0,0.29345,0,318.72,playing,8
18.9921,-1.8365,0,0,0.29345,0,321.13,playing,8
19.0086,-1.6539,0,0,0.28835,0,323.81,dead,8
19.0241,-1.6539,0,0,0.28835,0,326.77,dead,8
19.0407,-7.3711,0,0,0.29136,0,330.02,dead,8
19.0572,-7.3711,0,0,0.29136,0,333.55,dead,8
19.0732,-7.3711,0,0,0.272,0,337.62,dead,8
19.0898,-3.1559,1,0,0.272,0,341.72,dead,8
19.1062,-3.1559,0,0,0.26253,0,285.0,playing,0
19.1233,-3.1559,0,0,0.26253,0,278.69,playing,0
19.1395,-6.0192,0,0,0.24973,0,272.69,playing,0
19.1555,-6.0192,0,0,0.24973,0,267.33,playing,0
19.1721,-6.0192,0,0,0.19342,0,262.26,playing,0
19.1881,13.1373,0,0,0.19342,0,257.18,playing,0
19.2046,13.1373,0,0,0.19954,0,252.68,playing,0
19.2202,13.1373,0,0,0.19954,0,248.46,playing,0
19.2362,13.1373,0,0,0.17636,0,244.53,playing,0
19.2522,13.1373,0,0,0.17636,0,240.88,playing,0
19.2685,6.4489,0,0,0.19954,1,237.51,playing,0
19.285,6.4489,0,0,0.19954,0,234.42,playing,0
19.3011,6.4489,0,0,0.25423,0,231.45,playing,0
19.3177,4.0433,0,0,0.25423,0,228.94,playing,0
19.3332,4.0433,0,0,0.23529,0,226.72,playing,0
19.3497,4.0433,0,0,0.23529,0,224.77,playing,0
19.3669,2.5595,0,0,0.31751,0,223.02,playing,0
19.3835,2.5595,0,0,0.31751,0,221.59,playing,0
19.3998,0.059,0,0,0.26624,0,220.52,playing,0
19.4164,0.059,0,0,0.26624,0,219.71,playing,0
19.4329,0.059,0,0,0.29016,0,219.22,playing,0
19.4495,-0.6775,0,0,0.29016,0,219.03,playing,0
19.4661,-0.6775,0,0,0.26471,0,219.12,playing,0
19.4827,-0.6775,0,0,0.26471,0,219.54,playing,0
19.4984,-0.8418,0,0,0.25092,0,220.22,playing,0
19.5144,-0.8418,0,0,0.25092,0,221.18,playing,0
19.5316,-0.8418,0,0,0.25092,0,222.42,playing,0
19.5481,-0.9971,0,0,0.29857,0,224.05,playing,0
19.5664,-0.9971,0,0,0.29857,0,226.01,playing,0
19.5824,-2.1966,0,0,0.27648,0,228.43,playing,0
19.5995,-2.1966,0,0,0.27648,0,230.87,playing,0
19.6151,-2.1966,0,0,0.27644,0,233.78,playing,0
19.6317,-2.8322,0,0,0.27644,0,236.79,playing,0
19.6477,-2.8322,0,0,0.33387,0,240.09,playing,0
19.6643,-2.8322,0,0,0.33387,0,243.92,playing,0
19.6804,-2.8427,0,0,0.27989,0,247.8,playing,0
19.697,-2.8427,0,0,0.27989,0,251.96,playing,0
19.7132,-2.8427,0,0,0.32386,0,256.7,playing,0
19.7293,-2.4774,0,0,0.32386,0,261.44,playing,0
19.7454,-2.4774,0,0,0.35795,0,266.46,playing,0
19.7619,-4.6687,0,0,0.35795,0,271.77,playing,0
19.7791,-4.6687,0,0,0.35081,0,277.72,playing,0
19.7953,-4.6687,0,0,0.35081,0,284.0,playing,0
19.8116,-18.1863,1,0,0.28707,0,290.18,playing,0
19.8291,-18.1863,0,0,0.28707,0,283.87,playing,0
19.8456,-18.1863,0,0,0.31129,0,277.88,playing,0
19.8617,-7.7737,0,0,0.31129,0,272.52,playing,0
19.8772,-7.7737,0,0,0.21207,0,267.44,playing,0
19.8937,-1.9329,0,0,0.21207,0,262.64,playing,0
19.9102,-1.9329,0,0,0.23783,0,257.86,playing,0
19.927,-1.9329,0,0,0.23783,0,253.65,playing,0
19.9438,10.2274,0,0,0.22951,0,249.48,playing,0
19.9606,10.2274,0,0,0.22951,0,245.64,playing,0
19.9768,10.2274,0,0,0.25446,0,242.3,playing,0
19.9935,10.4812,0,0,0.25446,0,239.08,playing,0
20.0096,10.4812,0,0,0.21724,0,236.32,playing,0
20.0263,10.4812,0,0,0.21724,0,233.85,playing,0
20.0429,6.9968,0,0,0.23073,0,231.54,playing,0
20.0594,6.9968,0,0,0.23073,0,229.55,playing,0
20.0758,6.9968,0,0,0.24666,0,227.95,playing,0
20.0924,6.9968,0,0,0.24666,0,226.64,playing,0
20.1091,6.9968,0,0,0.26551,0,225.56,playing,0
20.1257,1.192,0,0,0.26551,0,224.81,playing,0
20.1418,1.192,0,0,0.21682,0,224.37,playing,0
20.1583,1.192,0,0,0.21682,0,224.23,playing,0
20.1744,-0.8336,0,0,0.2384,0,224.38,playing,0
20.1905,-0.8336,0,0,0.2384,0,224.81,playing,0
20.2069,-0.8336,0,0,0.29736,0,225.52,playing,0
20.223,-1.8179,0,0,0.29736,0,226.6,playing,0
20.24,-1.8179,0,0,0.28819,0,227.89,playing,0
20.2565,-1.8788,0,0,0.28819,0,229.58,playing,0
20.2726,-1.8788,0,0,0.28513,0,231.46,playing,0
20.289,-1.8788,0,0,0.28513,0,233.61,playing,0
20.3056,-1.6578,0,0,0.27741,0,236.22,playing,0
20.3214,-1.6578,0,0,0.27741,0,238.96,playing,0
20.3379,-1.6578,0,0,0.30033,0,241.97,playing,0
20.3552,-2.621,0,0,0.30033,0,245.5,playing,0
20.3713,-2.621,0,0,0.28393,0,249.34,playing,0
20.3879,-2.621,0,0,0.28393,0,253.24,playing,0
20.405,-3.8904,0,0,0.2803,0,257.7,playing,0
20.4213,-3.8904,0,0,0.2803,0,262.47,playing,0
20.437,-9.157,0,0,0.27669,0,267.25,playing,0
20.4536,-9.157,0,0,0.27669,0,272.31,playing,0
20.4693,-9.157,0,0,0.28723,0,277.65,playing,0
20.4854,-16.8231,1,0,0.28723,0,283.27,playing,0
20.5015,-16.8231,0,0,0.28723,0,277.31,playing,0
20.5176,-16.8231,0,0,0.25373,0,271.64,playing,0
20.5334,-5.1229,0,0,0.25373,0,266.24,playing,0
20.5496,-5.1229,0,0,0.20151,0,261.13,playing,0
20.5657,-5.1229,0,0,0.20151,0,256.3,playing,0
20.5827,6.4398,0,0,0.20151,0,251.75,playing,0
20.5998,6.4398,0,0,0.17659,0,246.98,playing,0
20.6168,11.9585,0,0,0.17659,1,242.8,playing,0
20.634,10.7732,0,0,0.21029,0,238.94,playing,0
20.6505,10.7732,0,0,0.25883,0,235.4,playing,0
20.6671,7.8382,0,0,0.25883,0,232.34,playing,0
20.6836,7.8382,0,0,0.22563,0,229.42,playing,0
20.6996,7.8382,0,0,0.22563,0,226.94,playing,0
20.7156,5.7249,0,0,0.22563,0,224.75,playing,0
20.7326,5.7249,0,0,0.2459,0,222.74,playing,0
20.7487,5.7249,0,0,0.29018,0,221.13,playing,0
20.7662,2.6784,0,0,0.29018,0,219.73,playing,0
20.7827,2.6784,0,0,0.27173,0,218.66,playing,0
20.7982,1.6026,0,0,0.27173,0,217.93,playing,0
20.8153,1.6026,0,0,0.27173,0,217.48,playing,0
20.831,1.6026,0,0,0.28569,0,217.32,playing,0
20.8473,-0.6433,0,0,0.28569,0,217.45,playing,0
20.8635,-0.6433,0,0,0.29882,0,217.86,playing,0
20.8791,-0.6433,0,0,0.29882,0,218.55,playing,0
20.8952,-0.9785,0,0,0.29919,0,219.53,playing,0
20.9117,-0.9785,0,0,0.29919,0,220.79,playing,0
20.929,-1.5227,0,0,0.32595,0,222.44,playing,0
20.9455,-1.5227,0,0,0.32595,0,224.41,playing,0
20.9616,-1.5227,0,0,0.27729,0,226.55,playing,0
20.9773,-1.7415,0,0,0.27729,0,228.97,playing,0
20.9935,-1.7415,0,0,0.28872,0,231.67,playing,0
21.0091,-1.7415,0,0,0.28872,0,234.65,playing,0
21.0253,-1.7511,0,0,0.29436,0,237.92,playing,0
21.0416,-1.7511,0,0,0.29436,0,241.46,playing,0
21.0576,-1.7511,0,0,0.30558,0,245.29,playing,0
21.0747,-1.8809,0,0,0.30558,0,249.68,playing,0
21.0911,-1.8809,0,0,0.35726,0,254.08,playing,0
21.1071,-1.8809,0,0,0.35726,0,259.09,playing,0
21.1237,-2.4925,0,0,0.29857,0,264.07,playing,0
21.1392,-2.4925,0,0,0.29857,0,269.34,playing,0
21.1554,-8.8628,0,0,0.33838,0,274.9,playing,0
21.1722,-8.8628,0,0,0.33838,0,280.73,playing,0
21.1885,-8.8628,0,0,0.32906,0,287.25,playing,0
21.2052,25.7742,1,0,0.32906,0,293.66,playing,0
21.2216,25.7742,0,0,0.26641,0,287.35,playing,0
21.2376,25.7742,0,0,0.26641,0,281.69,playing,0
21.2541,-7.468,0,0,0.23014,0,276.31,playing,0
21.2712,-7.468,0,0,0.23014,0,270.92,playing,0
21.2875,-7.468,0,0,0.24934,0,265.84,playing,0
21.3032,5.5629,0,0,0.24934,0,261.34,playing,0
21.3197,5.5629,0,0,0.19267,0,257.12,playing,0
21.3368,4.865,0,0,0.19267,0,252.96,playing,0
21.3533,4.865,0,0,0.23478,0,249.12,playing,0
21.3698,4.865,0,0,0.23478,0,245.78,playing,0
21.3869,2.0627,0,0,0.19172,0,242.56,playing,0
21.4035,2.0627,0,0,0.19172,0,239.65,playing,0
21.4195,2.0627,0,0,0.25,0,237.19,playing,0
21.435,0.8835,0,0,0.25,0,235.02,playing,0
21.4516,0.8835,0,0,0.26751,0,233.12,playing,0
21.4671,0.8835,0,0,0.26751,0,231.51,playing,0
21.4833,0.2492,0,0,0.27644,0,230.18,playing,0
21.4999,0.2492,0,0,0.27644,0,229.14,playing,0
21.5168,-0.1891,0,0,0.26995,0,228.34,playing,0
21.5335,-0.1891,0,0,0.26995,0,227.86,playing,0
21.5494,-0.1891,0,0,0.29881,0,227.69,playing,1
21.5655,-0.302,0,0,0.29881,0,227.81,playing,1
21.5816,-0.302,0,0,0.27631,0,228.2,playing,1
21.598,-0.302,0,0,0.27631,0,228.88,playing,1
21.6143,-0.8496,0,0,0.29687,0,229.92,playing,1
21.6305,-0.8496,0,0,0.29687,0,231.17,playing,1
21.6466,-0.8496,0,0,0.29479,0,232.71,playing,1
21.6627,-0.6587,0,0,0.29479,0,234.53,playing,1
21.6801,-0.6587,0,0,0.26843,0,236.79,playing,1
21.6968,-0.8357,0,0,0.26843,0,239.36,playing,1
21.7134,-0.8357,0,0,0.31347,0,242.25,playing,1
21.7291,-0.8357,0,0,0.31347,0,245.25,playing,1
21.7464,-1.002,0,0,0.32064,0,248.53,playing,1
21.7632,-1.002,0,0,0.32064,0,252.33,playing,1
21.78,-1.002,0,0,0.27851,0,256.45,playing,1
21.7964,-1.5175,0,0,0.27851,0,260.89,playing,1
21.8127,-1.5175,0,0,0.23543,0,265.36,playing,1
21.8281,-1.5175,0,0,0.23543,0,270.1,playing,1
21.8446,-5.7916,0,0,0.29978,0,275.12,playing,1
21.8612,-5.7916,0,0,0.29978,0,280.43,playing,1
21.878,-17.2209,1,0,0.34741,0,286.38,playing,1
21.8949,-17.2209,0,0,0.34741,0,280.07,playing,1
21.9115,-17.2209,0,0,0.34741,0,274.08,playing,1
21.9283,-9.1117,0,0,0.34741,0,268.72,playing,1
21.9441,-9.1117,0,0,0.27809,0,263.34,playing,1
21.9608,-9.1117,0,0,0.27809,0,258.56,playing,1
21.9778,8.97,0,0,0.27809,0,253.8,playing,1
21.9943,8.97,0,0,0.23456,0,249.36,playing,1
22.0111,12.1432,0,0,0.23456,0,245.46,playing,1
22.0276,12.1432,0,0,0.2173,0,241.63,playing,1
22.0439,12.1432,0,0,0.2173,0,238.32,playing,1
22.0604,9.973,0,0,0.24187,0,235.11,playing,1
22.0769,9.973,0,0,0.24187,0,232.37,playing,1
22.094,9.973,0,0,0.24698,0,229.78,playing,1
22.1103,5.0818,0,0,0.26988,0,227.51,playing,1
22.1269,5.0818,0,0,0.26988,0,225.65,playing,1
22.1431,5.0818,0,0,0.25758,0,223.99,playing,1
22.1598,3.2171,0,0,0.25758,0,222.72,playing,1
22.1759,3.2171,0,0,0.25758,0,221.72,playing,1
22.1931,0.6538,0,0,0.2845,0,220.98,playing,1
22.2092,0.6538,0,0,0.2845,0,220.56,playing,1
22.2266,0.6538,0,0,0.25823,0,220.46,playing,1
22.2427,-0.6136,0,0,0.25823,0,220.64,playing,1
22.2585,-0.6136,0,0,0.25823,0,221.11,playing,1
22.2745,-0.6136,0,0,0.25823,0,221.85,playing,1
22.2903,-1.2825,0,0,0.30617,0,222.88,playing,1
22.3072,-1.2825,0,0,0.30617,0,224.19,playing,1
22.3235,-1.9004,0,0,0.26922,0,225.9,playing,1
22.3406,-1.9004,0,0,0.26922,0,227.93,playing,1
22.3568,-1.9004,0,0,0.26127,0,230.12,playing,1
22.3723,-2.4833,0,0,0.26127,0,232.59,playing,1
22.3886,-2.4833,0,0,0.29436,0,235.35,playing,1
22.4053,-2.4833,0,0,0.29436,0,238.38,playing,1
22.4211,-2.5727,0,0,0.3341,0,241.92,playing,1
22.4375,-2.5727,0,0,0.3341,0,245.54,playing,1
22.4535,-2.5727,0,0,0.28212,0,249.44,playing,1
22.469,-2.7005,0,0,0.28212,0,253.62,playing,1
22.4853,-2.7005,0,0,0.30134,0,258.08,playing,1
22.5023,-2.7005,0,0,0.30134,0,262.82,playing,1
22.5193,-2.6198,0,0,,0,268.18,playing,1
22.536,-2.6198,0,0,,0,273.85,playing,1
22.5525,-3.2193,0,0,0.26557,0,279.84,playing,1
22.5689,-3.2193,0,0,0.26557,0,285.77,playing,1
22.5853,-3.2193,0,0,,0,292.38,playing,1
22.6024,-3.2819,0,0,,0,298.88,playing,1
22.6187,-3.2819,0,0,,0,306.1,playing,1
22.6345,-3.2819,0,0,,0,313.19,playing,1
22.6503,-3.0328,0,0,,0,320.55,playing,1
22.6667,-3.0328,0,0,,0,328.2,playing,1
22.6819,-3.0328,0,0,,0,336.13,playing,1
22.6981,-3.14,0,0,,0,344.34,playing,1
22.7146,-3.14,0,0,,0,352.83,playing,1
22.7301,-2.7661,0,0,,0,361.6,playing,1
22.747,-2.7661,0,0,0.24657,0,370.65,playing,1
22.7638,-2.7661,0,0,0.24657,0,380.59,playing,1
22.7803,-1.9022,0,0,,0,390.85,playing,1
22.7968,-1.9022,0,0,,0,400.78,playing,1
22.8133,-1.9022,0,0,,0,411.66,playing,1
22.8299,-1.5111,0,0,,0,422.17,playing,1
22.8466,-1.5111,0,0,0.259,0,433.66,playing,1
22.8621,-1.5111,0,0,0.259,0,444.76,playing,1
22.8786,-12.2101,1,0,,0,455.96,playing,1
22.8945,-12.2101,0,0,,0,450.0,playing,1
22.9109,-12.2101,0,0,0.24022,0,444.32,playing,1
22.9279,-12.2101,0,0,0.24022,0,438.61,playing,1
22.9449,-12.2101,0,0,0.24022,0,433.21,playing,1
22.9616,12.9954,0,0,0.24022,0,428.14,playing,1
22.978,12.9954,0,0,0.19265,0,423.64,playing,1
22.9946,12.9954,0,0,0.19265,0,419.18,dead,1
23.0101,11.2732,0,0,0.19081,0,415.26,dead,1
23.0267,11.2732,0,0,0.19081,0,411.63,dead,1
23.0423,11.2732,0,0,0.18976,0,408.27,dead,1
23.0588,8.7004,0,0,0.18976,0,405.2,dead,1
23.0756,8.7004,0,0,0.25432,0,402.25,dead,1
23.0919,4.9865,0,0,0.25432,0,399.76,dead,1
23.1086,4.9865,0,0,0.30934,0,397.43,dead,1
23.1244,4.9865,0,0,0.30934,0,395.52,dead,1
23.1409,4.4137,0,0,0.30934,0,393.89,dead,1
23.1579,4.4137,0,0,0.2891,0,392.48,dead,1
23.1743,4.4137,0,0,0.2891,0,391.39,dead,1
23.1907,3.3945,0,0,0.31898,0,390.64,dead,1
23.208,3.3945,0,0,0.31898,0,390.16,dead,1
23.2246,2.7388,0,0,0.31034,0,390.0,dead,1
23.241,2.7388,0,0,0.31034,0,390.13,dead,1
23.2576,2.7388,0,0,0.27882,0,390.59,dead,1
23.2738,2.3732,0,0,0.27882,0,391.3,dead,1
23.2905,2.3732,0,0,0.30581,0,392.38,dead,1
23.3067,2.3732,0,0,0.30581,0,393.67,dead,1
23.3233,1.4396,0,0,0.30581,0,395.24,dead,1
23.3397,1.4396,0,0,0.30581,0,397.23,dead,1
23.3552,1.4396,0,0,0.28216,0,399.39,dead,1
23.3713,0.9872,0,0,0.28216,0,401.83,dead,1
23.3879,0.9872,0,0,0.33163,0,404.54,dead,1
23.4039,1.2356,0,0,0.33163,0,407.75,dead,1
23.4205,1.2356,0,0,0.3598,0,411.05,dead,1
23.4365,1.2356,0,0,0.3598,0,414.63,dead,1
23.4529,0.5579,0,0,0.34546,0,418.49,dead,1
23.4702,0.5579,0,0,0.34546,0,422.91,dead,1
23.4868,0.5579,0,0,0.30709,0,427.65,dead,1
23.5038,-1.1142,0,0,0.30709,0,432.71,dead,1
23.5209,-1.1142,0,0,0.32635,0,438.09,dead,1
23.5373,-1.1142,0,0,0.32635,0,443.78,dead,1
23.5534,-6.4951,1,0,0.32684,0,449.42,dead,1
23.5699,-6.4951,0,0,0.32684,0,285.0,playing,0
23.5862,-4.6821,0,0,0.22369,0,278.69,playing,0
23.603,-4.6821,0,0,0.22369,0,273.03,playing,0
23.6196,-4.6821,0,0,0.19328,0,267.33,playing,0
23.6352,11.149,0,0,0.19328,0,262.26,playing,0
23.6511,11.149,0,0,0.19328,0,257.46,playing,0
23.668,11.149,0,0,0.19328,0,252.94,playing,0
23.6846,10.2781,0,0,0.18844,0,248.46,playing,0
23.7001,10.2781,0,0,0.18844,0,244.53,playing,0
23.7167,10.2781,0,0,0.20786,0,240.88,playing,0
23.7334,4.72,0,0,0.20786,0,237.31,playing,0
23.7495,4.72,0,0,0.20382,0,234.24,playing,0
23.765,2.6977,0,0,0.20382,0,231.45,playing,0
23.7818,2.6977,0,0,0.23605,0,228.94,playing,0
23.7987,2.6977,0,0,0.23605,0,226.59,playing,0
23.8148,1.1543,0,0,0.27246,0,224.67,playing,0
23.8314,1.1543,0,0,0.27246,0,222.94,playing,0
23.8476,1.1543,0,0,0.29393,0,221.59,playing,0
23.8636,-0.9013,0,0,0.29393,0,220.52,playing,0
23.8798,-0.9013,0,0,0.28781,0,219.74,playing,0
23.896,-0.9013,0,0,0.28781,0,219.24,playing,0
23.913,-1.7462,0,0,0.28781,0,219.02,playing,0
23.9298,-1.7462,0,0,0.30036,0,219.12,playing,0
23.9453,-2.5118,0,0,0.30036,0,219.5,playing,0
23.9615,-2.5118,0,0,0.30162,0,220.16,playing,0
23.9775,-2.5118,0,0,0.30162,0,221.1,playing,0
23.9938,-2.7382,0,0,0.29577,0,222.32,playing,0
24.0102,-2.7382,0,0,0.29577,0,223.94,playing,0
24.0264,-2.7382,0,0,0.29577,0,225.74,playing,0
24.0421,-2.6651,0,0,0.29577,0,227.83,playing,0
24.0586,-2.6651,0,0,0.29509,0,230.19,playing,0
24.0741,-2.6651,0,0,0.29509,0,232.84,playing,0
24.0911,-14.5153,1,0,0.30444,0,235.77,playing,0
24.1079,-14.5153,0,0,0.30444,0,229.46,playing,0
24.1246,-6.7335,0,0,0.28917,0,223.47,playing,0
24.1403,-6.7335,0,0,0.28917,0,218.11,playing,0
24.1571,-6.7335,0,0,0.30813,0,213.03,playing,0
24.1743,-5.9551,0,0,0.30813,0,207.95,playing,0
24.1908,-5.9551,0,0,0.27159,0,203.19,playing,0
24.2079,-5.9551,0,0,0.27159,0,198.75,playing,0
24.2244,4.5983,0,0,0.23606,0,194.62,playing,0
24.241,4.5983,0,0,0.23606,0,191.02,playing,0
24.2571,4.5983,0,0,0.15531,0,187.52,playing,0
24.2738,8.3613,0,0,0.15531,0,184.5,playing,0
24.2916,8.3613,0,0,0.17511,0,181.46,playing,0
24.3078,6.0764,0,0,0.17511,1,179.04,playing,0
24.325,6.0764,0,0,0.18476,0,176.78,playing,0
24.3415,6.0764,0,0,0.18256,0,174.84,playing,0
24.3574,4.09,0,0,0.18256,0,173.3,playing,0
24.3739,4.09,0,0,0.18256,0,172.04,playing,0
24.391,4.09,0,0,0.25076,0,171.02,playing,0
24.4075,1.0778,0,0,0.28718,0,170.32,playing,0
24.4231,1.0778,0,0,0.28718,0,169.94,playing,0
24.4398,0.0025,0,0,0.30946,0,169.85,playing,0
24.4564,0.0025,0,0,0.30946,0,170.06,playing,0
24.4724,0.0025,0,0,0.29629,0,170.54,playing,0
24.4882,-0.3626,0,0,0.29629,0,171.31,playing,0
24.5052,-0.3626,0,0,0.29629,0,172.35,playing,0
24.5218,-0.3626,0,0,0.31552,0,173.78,playing,0
24.5378,-0.937,0,0,0.31552,0,175.41,playing,0
24.5543,-0.937,0,0,0.31742,0,177.46,playing,0
24.5714,-0.937,0,0,0.31742,0,179.67,playing,0
24.5879,-0.7393,0,0,0.31674,0,182.33,playing,0
24.605,-0.7393,0,0,0.31674,0,185.31,playing,0
24.6215,-0.6336,0,0,0.31519,0,188.61,playing,0
24.6387,-0.6336,0,0,0.31519,0,192.0,playing,0
24.6542,-0.6336,0,0,0.30893,0,195.92,playing,0
24.67,-1.1183,0,0,0.30893,0,199.88,playing,0
24.6865,-1.1183,0,0,0.31037,0,204.13,playing,0
24.7021,-1.1183,0,0,0.31037,0,208.66,playing,0
24.7186,-1.1569,0,0,0.29578,0,213.48,playing,0
24.7341,-1.1569,0,0,0.29578,0,218.57,playing,0
24.7501,-1.1569,0,0,0.33133,0,223.95,playing,0
24.7667,-16.8922,1,0,0.33133,0,229.61,playing,0
24.7822,-16.8922,0,0,0.34246,0,223.65,playing,0
24.7982,-16.8922,0,0,0.34246,0,217.97,playing,0
24.8148,-2.0129,0,0,0.31545,0,212.57,playing,0
24.8313,-2.0129,0,0,0.31545,0,207.16,playing,0
24.8475,-6.9254,0,0,0.25371,0,202.35,playing,0
24.8635,-6.9254,0,0,0.25371,0,197.81,playing,0
24.879,-6.9254,0,0,0.15699,0,193.56,playing,0
24.8951,-7.9992,0,0,0.15699,0,189.59,playing,0
24.9116,-7.9992,0,0,0.17514,0,185.9,playing,0
24.9271,-7.9992,0,0,0.17514,0,182.5,playing,0
24.9432,0.2552,0,0,0.20579,1,179.37,playing,0
24.9597,0.2552,0,0,0.20579,0,176.53,playing,0
24.9758,0.2552,0,0,0.20226,0,173.97,playing,0
24.9923,1.6641,0,0,0.20226,0,171.56,playing,0
25.0088,1.6641,0,0,0.16437,0,169.58,playing,0
25.0254,-0.6358,0,0,0.16437,0,167.8,playing,0
25.0416,-0.6358,0,0,0.2071,0,166.4,playing,0
25.0572,-0.6358,0,0,0.2071,0,165.28,playing,0
25.0739,-1.9237,0,0,0.26841,0,164.44,playing,0
25.0904,-1.9237,0,0,0.26841,0,163.87,playing,0
25.1067,-1.9237,0,0,0.24029,0,163.61,playing,0
25.1222,-1.7532,0,0,0.24029,0,163.64,playing,0
25.1389,-1.7532,0,0,0.25765,0,163.95,playing,0
25.1559,-1.7532,0,0,0.25765,0,164.59,playing,0
25.1725,-1.4525,0,0,0.27392,0,165.55,playing,0
25.1885,-1.4525,0,0,0.27392,0,166.74,playing,0
25.205,-1.4525,0,0,0.29015,0,168.21,playing,0
25.2221,-1.4525,0,0,0.29015,0,170.09,playing,0
25.2388,-1.4525,0,0,0.28292,0,172.28,playing,0
25.2544,-0.5694,0,0,0.28292,0,174.63,playing,0
25.2713,-0.5694,0,0,0.28533,0,177.26,playing,0
25.288,-0.5694,0,0,0.28533,0,180.38,playing,0
25.3042,-0.8314,0,0,0.32603,0,183.81,playing,0
25.3212,-0.8314,0,0,0.32603,0,187.32,playing,0
25.3374,-0.8314,0,0,0.27871,0,191.37,playing,0
25.3539,-1.1034,0,0,0.27871,0,195.46,playing,0
25.3707,-1.1034,0,0,0.27871,0,200.12,playing,0
25.3876,-5.1932,0,0,0.30819,0,205.1,playing,0
25.4041,-5.1932,0,0,0.30819,0,210.08,playing,0
25.4206,-5.1932,0,0,0.31484,0,215.68,playing,0
25.4363,40.1753,1,0,0.31484,0,221.23,playing,0
25.4528,40.1753,0,0,0.29618,0,215.27,playing,0
25.4701,40.1753,0,0,0.29618,0,209.26,playing,0
25.4866,45.6134,0,0,0.22623,0,203.56,playing,0
25.5026,45.6134,0,0,0.22623,0,198.48,playing,0
25.5193,-18.8059,0,0,0.25,0,193.69,playing,0
25.5363,-18.8059,0,0,0.25,0,188.91,playing,0
25.5528,-18.8059,0,0,0.21653,0,184.45,playing,0
25.5699,-8.6781,0,0,0.21653,0,180.3,playing,0
25.587,-8.6781,0,0,0.19242,0,176.48,playing,0
25.604,-8.6781,0,0,0.19242,0,172.97,playing,0
25.6203,-6.1418,0,0,0.19403,0,169.78,playing,0
25.6368,-6.1418,0,0,0.19403,0,167.06,playing,0
25.6528,-6.1418,0,0,0.15143,0,164.62,playing,0
25.6694,-3.3432,0,0,0.15143,0,162.35,playing,0
25.6861,-3.3432,0,0,0.24262,1,160.49,playing,0
25.7026,-2.3908,0,0,0.24262,0,158.84,playing,0
25.7187,-2.3908,0,0,0.25488,0,157.56,playing,0
25.7342,-2.3908,0,0,0.29354,0,156.57,playing,0
25.7502,-0.9339,0,0,0.29354,0,155.85,playing,0
25.7666,-0.9339,0,0,0.28986,0,155.42,playing,0
25.7826,-0.9339,0,0,0.28986,0,155.27,playing,0
25.7984,-0.8009,0,0,0.28467,0,155.4,playing,0
25.8142,-0.8009,0,0,0.28467,0,155.81,playing,0
25.8307,-0.8009,0,0,0.2657,0,156.51,playing,0
25.8464,-0.5352,0,0,0.2657,0,157.48,playing,0
25.8619,-0.5352,0,0,0.30342,0,158.74,playing,0
25.879,-0.5352,0,0,0.30342,0,160.28,playing,0
25.896,-0.5352,0,0,0.29286,0,162.23,playing,0
25.9126,-0.5352,0,0,0.29286,0,164.5,playing,0
25.9284,-0.9547,0,0,0.32388,0,166.92,playing,0
25.9446,-0.9547,0,0,0.32388,0,169.62,playing,0
25.9607,-0.9547,0,0,0.28607,0,172.61,playing,0
25.9778,-0.317,0,0,0.28607,0,176.09,playing,0
25.9952,-0.317,0,0,0.27237,0,179.9,playing,0
26.0113,-0.317,0,0,0.27237,0,184.02,playing,1
26.0272,-0.317,0,0,0.31091,0,188.18,playing,1
26.0434,-0.317,0,0,0.31091,0,192.63,playing,1
26.0591,0.0333,0,0,0.31448,0,197.35,playing,1
26.0759,-0.2231,0,0,0.31448,0,202.36,playing,1
26.0929,-0.2231,0,0,0.29161,0,207.99,playing,1
26.1095,-10.7567,0,0,0.29161,0,213.95,playing,1
26.1257,-10.7567,0,0,0.29161,0,219.84,playing,1
26.1418,-10.7567,0,0,0.29286,0,226.0,playing,1
26.1588,-11.5089,1,0,0.29286,0,232.88,playing,1
26.1755,-11.5089,0,0,0.24659,0,226.56,playing,1
26.1926,-11.5089,0,0,0.18019,0,220.9,playing,1
26.2085,0.2185,0,0,0.18019,0,215.21,playing,1
26.2246,0.2185,0,0,0.17184,0,210.13,playing,1
26.2406,0.5847,0,0,0.17184,0,205.33,playing,1
26.257,0.5847,0,0,0.17184,1,200.82,playing,1
26.2732,0.5847,0,0,0.18161,0,196.34,playing,1
26.2897,1.5438,0,0,0.24286,0,192.4,playing,1
26.3055,1.5438,0,0,0.24286,0,188.75,playing,1
26.3219,1.5438,0,0,0.22277,0,185.38,playing,1
26.3389,7.2199,0,0,0.22277,0,182.12,playing,1
26.3555,7.2199,0,0,0.20346,0,179.17,playing,1
26.3711,7.2199,0,0,0.20346,0,176.68,playing,1
26.3882,12.5132,0,0,0.16715,0,174.47,playing,1
26.4051,12.5132,0,0,0.16715,0,172.44,playing,1
26.4217,12.5132,0,0,0.21132,0,170.73,playing,1
26.4373,12.5132,0,0,0.21132,0,169.4,playing,1
26.4539,12.5132,0,0,0.21132,0,168.35,playing,1
26.4706,8.2338,0,0,0.21274,0,167.55,playing,1
26.4867,8.2338,0,0,0.21274,0,167.09,playing,1
26.5024,8.2338,0,0,0.20458,0,166.9,playing,1
26.5186,2.9262,0,0,0.20458,0,167.0,playing,1
26.5343,2.9262,0,0,0.28985,0,167.38,playing,1
26.5503,2.9262,0,0,0.28985,0,168.03,playing,1
26.5669,0.9604,0,0,0.29045,0,168.98,playing,1
26.5838,0.9604,0,0,0.29045,0,170.29,playing,1
26.5993,-0.0419,0,0,0.27941,0,171.81,playing,1
26.6161,-0.0419,0,0,0.27941,0,173.62,playing,1
26.6321,-0.0419,0,0,0.26067,0,175.85,playing,1
26.6487,-2.4948,0,0,0.26067,0,178.24,playing,1
26.6657,-2.4948,0,0,0.27851,0,181.09,playing,1
26.6814,-2.4948,0,0,0.27851,0,184.05,playing,1
26.698,-2.9808,0,0,0.27558,0,187.3,playing,1
26.7149,-2.9808,0,0,0.27558,0,191.07,playing,1
26.732,-2.9808,0,0,0.30449,0,195.15,playing,1
26.7486,-3.1078,0,0,0.30449,0,199.55,playing,1
26.7648,-3.1078,0,0,0.25468,0,203.98,playing,1
26.7804,-3.2151,0,0,0.25468,0,208.69,playing,1
26.7965,-3.2151,0,0,0.29022,0,213.67,playing,1
26.8126,-3.2151,0,0,0.29022,0,218.95,playing,1
26.8286,-5.2539,0,0,0.29022,0,224.5,playing,1
26.8445,-5.2539,0,0,0.28463,0,230.33,playing,1
26.8605,-5.2539,0,0,0.28463,0,236.45,playing,1
26.8766,-12.1325,1,0,0.25788,0,242.84,playing,1
26.8927,-12.1325,0,0,0.25788,0,236.88,playing,1
26.9085,-12.1325,0,0,0.23602,0,231.21,playing,1
26.9241,-0.0258,0,0,0.23602,0,225.81,playing,1
26.9408,-0.0258,0,0,0.2136,0,220.7,playing,1
26.9581,-0.0258,0,0,0.2136,0,215.58,playing,1
26.9752,-5.3539,0,0,0.18223,0,210.79,playing,1
26.991,-5.3539,0,0,0.17602,0,206.31,playing,1
27.008,3.6968,0,0,0.17602,0,202.37,playing,1
27.0252,3.6968,0,0,0.18151,1,198.51,playing,1
27.0418,3.6968,0,0,0.18151,0,194.97,playing,1
27.0576,6.8017,0,0,0.1791,0,191.91,playing,1
27.0734,6.8017,0,0,0.1791,0,189.14,playing,1
27.0895,6.8017,0,0,0.1739,0,186.65,playing,1
27.1059,7.0061,0,0,0.1739,0,184.44,playing,1
27.1227,7.0061,0,0,0.22107,0,182.41,playing,1
27.1385,4.7758,0,0,0.22107,0,180.78,playing,1
27.1554,3.7524,0,0,0.22107,0,179.37,playing,1
27.1715,3.7524,0,0,0.27941,0,178.32,playing,1
27.1876,1.6072,0,0,0.27941,0,177.55,playing,1
27.2033,1.6072,0,0,0.31104,0,177.07,playing,1
27.2191,1.6072,0,0,0.31104,0,176.86,playing,1
27.2357,0.7068,0,0,0.26893,0,176.94,playing,1
27.2515,0.7068,0,0,0.26893,0,177.3,playing,1
27.2673,0.7068,0,0,0.28883,0,177.94,playing,1
27.2839,-0.2354,0,0,0.28883,0,178.87,playing,1
27.3007,-0.2354,0,0,0.2893,0,180.17,playing,1
27.3166,-0.2354,0,0,0.2893,0,181.67,playing,1
27.3325,-0.4344,0,0,0.30091,0,183.46,playing,1
27.3482,-0.4344,0,0,0.30091,0,185.52,playing,1
27.3652,-0.5178,0,0,0.27968,0,187.87,playing,1
27.3813,-0.5178,0,0,0.27968,0,190.68,playing,1
27.3972,-0.5178,0,0,0.2825,0,193.61,playing,1
27.4133,-1.4684,0,0,0.2825,0,196.83,playing,1
27.4291,-1.4684,0,0,0.27182,0,200.32,playing,1
27.4461,-1.4684,0,0,0.27182,0,204.09,playing,1
27.4629,-2.0623,0,0,0.29778,0,208.42,playing,1
27.4799,-2.0623,0,0,0.29778,0,213.07,playing,1
27.4966,-2.0623,0,0,0.29437,0,218.03,playing,1
27.5127,-14.8218,1,0,0.29437,0,222.98,playing,1
27.5297,-14.8218,0,0,0.29437,0,216.67,playing,1
27.5458,2.685,0,0,0.27846,0,211.01,playing,1
27.5613,2.685,0,0,0.27846,0,205.64,playing,1
27.5779,2.685,0,0,0.28595,0,200.54,playing,1
27.5939,52.2252,0,0,0.28595,0,195.44,playing,1
27.6101,52.2252,0,0,0.19755,0,190.93,playing,1
27.6266,52.2252,0,0,0.19755,0,186.69,playing,1
27.6431,-14.3604,0,0,0.19934,0,182.74,playing,1
27.6592,-14.3604,0,0,0.19934,0,178.86,playing,1
27.6757,-14.3604,0,0,0.17529,0,175.49,playing,1
27.6917,-7.9567,0,0,0.17529,0,172.4,playing,1
27.7078,-7.9567,0,0,0.2187,1,169.59,playing,1
27.7244,-7.082,0,0,0.2187,0,166.93,dead,1
27.7409,-5.6788,0,0,0.19353,0,164.7,dead,1
27.758,-5.6788,0,0,0.22277,0,162.65,dead,1
27.7751,-4.3373,0,0,0.22277,0,160.84,dead,1
27.7916,-4.3373,0,0,0.22277,0,159.51,dead,1
27.808,-4.3373,0,0,0.22897,0,158.46,dead,1
27.8255,-2.9849,0,0,0.22897,0,157.67,dead,1
27.842,-2.9849,0,0,0.25373,0,157.19,dead,1
27.8583,-2.6754,0,0,0.25373,0,157.03,dead,1
27.8757,-2.1298,0,0,0.25373,0,157.16,dead,1
27.8919,-2.1298,0,0,0.25373,0,157.62,dead,1
27.909,-1.6138,0,0,0.27835,0,158.39,dead,1
27.9251,-1.6138,0,0,0.27835,0,159.48,dead,1
27.9416,-1.6138,0,0,0.23898,0,160.79,dead,1
27.9579,-1.4699,0,0,0.23898,0,162.39,dead,1
27.9751,-1.4699,0,0,0.26111,0,164.4,dead,1
27.9918,-1.4699,0,0,0.26111,0,166.72,dead,1
28.0078,-0.5552,0,0,0.25743,0,169.2,dead,1
28.0243,-0.5552,0,0,0.25743,0,172.14,dead,1
28.0407,-0.0487,0,0,0.29047,0,175.19,dead,1
28.0573,-0.0487,0,0,0.29047,0,178.53,dead,1
28.0735,-0.0487,0,0,0.28701,0,182.39,dead,1
28.0894,0.9702,0,0,0.28701,0,186.3,dead,1
28.1057,0.9702,0,0,0.2758,0,190.5,dead,1
28.1213,0.9702,0,0,0.2758,0,194.98,dead,1
28.1375,0.8285,0,0,0.28607,0,199.74,dead,1
28.1537,0.8285,0,0,0.28607,0,204.78,dead,1
28.1708,0.8285,0,0,0.27138,0,210.45,dead,1
28.1875,1.0219,0,0,0.27138,0,216.45,dead,1
28.2031,1.0219,0,0,0.28676,0,222.37,dead,1
28.2196,0.4541,0,0,0.28676,0,228.57,dead,1
28.2374,-9.4072,0,0,0.28676,0,235.48,dead,1
28.2532,-9.4072,0,0,0.29477,0,242.71,dead,1
28.2696,-11.1762,1,0,0.29477,0,249.79,dead,1
28.2859,-11.1762,0,0,0.22465,0,285.0,playing,0
28.3027,-11.1762,0,0,0.22465,0,278.69,playing,0
28.3196,19.8503,0,0,0.22465,0,272.69,playing,0
28.336,19.8503,0,0,0.22465,0,267.33,playing,0
28.3525,19.8503,0,0,0.21418,0,261.96,playing,0
28.369,-6.3849,0,0,0.19633,0,257.18,playing,0
28.386,-6.3849,0,0,0.19633,0,252.42,playing,0
28.4032,6.3408,0,0,0.15815,0,247.98,playing,0
28.4199,6.3408,0,0,0.15815,0,243.85,playing,0
28.4369,6.3408,0,0,0.17584,0,240.04,playing,0
28.4537,3.7496,0,0,0.17584,0,236.56,playing,0
28.4692,3.7496,0,0,0.17705,0,233.55,playing,0
28.4853,3.7496,0,0,0.17705,0,230.83,playing,0
28.5014,1.8001,0,0,0.19872,1,228.4,playing,0
28.5174,1.8001,0,0,0.19872,0,226.24,playing,0
28.5338,0.6724,0,0,0.2095,0,224.36,playing,0
28.551,-0.4317,0,0,0.2095,0,222.69,playing,0
28.5676,-0.4317,0,0,0.2095,0,221.33,playing,0
28.5834,-1.3517,0,0,0.26122,0,220.34,playing,0
28.5993,-1.3517,0,0,0.26122,0,219.62,playing,0
28.6152,-1.3517,0,0,0.25082,0,219.19,playing,0
28.6317,-2.1017,0,0,0.25082,0,219.04,playing,0
28.6478,-2.1017,0,0,0.26828,0,219.17,playing,0
28.6649,-2.1017,0,0,0.26828,0,219.63,playing,0
28.6818,0.4771,0,0,0.26463,0,220.41,playing,0
28.6988,0.4771,0,0,0.26463,0,221.5,playing,0
28.7158,-0.7589,0,0,0.26463,0,222.91,playing,0
28.7332,-0.7589,0,0,0.26463,0,224.64,playing,0
28.7501,-0.7589,0,0,0.24659,0,226.69,playing,0
28.767,-2.3269,0,0,0.24659,0,229.05,playing,0
28.7837,-2.3269,0,0,0.23233,0,231.73,playing,0
28.8004,-2.3269,0,0,0.23233,0,234.54,playing,0
28.8178,-2.67,0,0,0.23601,0,238.05,playing,0
28.8346,-2.67,0,0,0.25418,0,241.69,playing,0
28.8507,-2.67,0,0,0.25418,0,245.39,playing,0
28.8668,-2.67,0,0,0.2615,0,249.38,playing,0
28.884,-2.67,0,0,0.2615,0,253.93,playing,0
28.9012,-0.7249,0,0,0.26196,0,258.8,playing,0
28.918,-0.7249,0,0,0.26196,0,263.99,playing,0
28.9341,-0.7249,0,0,0.26196,0,269.5,playing,0
28.9507,-0.9782,0,0,0.20814,0,274.96,playing,0
28.9666,-0.9782,0,0,0.20814,0,280.71,playing,0
28.9824,-0.9782,0,0,0.22183,0,286.73,playing,0
28.9992,-5.8494,0,0,0.22183,0,293.04,playing,0
29.0156,-5.8494,0,0,0.23655,0,300.06,playing,0
29.0322,-18.6478,1,0,0.23655,0,307.4,playing,0
29.0487,-18.6478,0,0,0.17895,0,301.44,playing,0
29.065,-18.6478,0,0,0.17895,0,295.77,playing,0
29.0818,-1.7828,0,0,0.15456,0,290.05,playing,0
29.0988,-1.7828,0,0,0.15456,0,284.66,playing,0
29.1161,-1.7828,0,0,0.15456,0,279.58,playing,0
29.1331,3.8791,0,0,0.15456,0,274.82,playing,0
29.1496,3.8791,0,0,0.16997,0,270.38,playing,0
29.1656,0.159,0,0,0.16997,0,266.48,playing,0
29.1819,0.159,0,0,0.18989,1,262.86,playing,0
29.1999,0.159,0,0,0.17298,0,259.33,playing,0
29.2166,9.6512,0,0,0.17298,0,255.96,playing,0
29.2324,9.6512,0,0,0.14382,0,253.24,playing,0
29.2485,9.6512,0,0,0.14382,0,250.8,playing,0
29.2642,9.6512,0,0,0.14382,0,248.64,playing,0
29.2805,9.6512,0,0,0.14382,0,246.77,playing,0
29.2967,9.6512,0,0,0.16975,0,245.17,playing,0
29.3142,5.035,0,0,0.2164,0,243.8,playing,0
29.3311,5.035,0,0,0.2164,0,242.74,playing,0
29.3471,3.7348,0,0,0.25779,0,242.0,playing,0
29.3638,3.7348,0,0,0.25779,0,241.59,playing,0
29.3808,3.7348,0,0,0.26548,0,241.47,playing,0
29.3981,2.1553,0,0,0.26548,0,241.66,playing,0
29.415,2.1553,0,0,0.23524,0,242.17,playing,0
29.4323,2.1553,0,0,0.23524,0,243.01,playing,0
29.4486,-0.0912,0,0,0.28401,0,244.15,playing,0
29.4654,-0.0912,0,0,0.28401,0,245.62,playing,0
29.4819,-1.9832,0,0,0.26786,0,247.28,playing,0
29.4989,-1.9832,0,0,0.26786,0,249.37,playing,0
29.5163,-1.9832,0,0,0.26786,0,251.77,playing,0
29.5324,-2.3527,0,0,0.26786,0,254.49,playing,0
29.5488,-2.3527,0,0,0.25749,0,257.33,playing,0
29.5655,-2.3527,0,0,0.25749,0,260.67,playing,0
29.5814,-3.3074,0,0,0.25377,0,264.09,playing,0
29.5973,-3.3074,0,0,0.25377,0,267.8,playing,0
29.6137,-13.8869,1,0,0.23611,0,271.78,playing,0
29.6314,-10.0731,0,0,0.23611,0,265.47,playing,0
29.6472,-10.0731,0,0,0.23611,0,259.47,playing,0
29.6637,0.6578,0,0,0.29028,0,254.11,playing,0
29.6809,0.6578,0,0,0.29028,0,249.04,playing,0
29.6981,0.6578,0,0,0.18299,0,243.68,playing,0
29.715,-0.3349,0,0,0.22774,0,238.94,playing,0
29.7321,-0.3349,0,0,0.22774,0,234.51,playing,0
29.7479,-4.1908,0,0,0.21676,0,230.41,playing,0
29.764,3.4948,0,0,0.21676,0,226.83,playing,0
29.7808,3.4948,0,0,0.17765,0,223.53,playing,0
29.7968,8.6658,0,0,0.17765,0,220.51,playing,0
29.8137,8.6658,0,0,0.19145,1,217.62,playing,0
29.8297,8.6658,0,0,0.19145,0,215.18,playing,0
29.8466,8.885,0,0,0.19688,0,212.91,playing,0
29.8625,8.885,0,0,0.19688,0,211.05,playing,0
29.8801,8.885,0,0,0.21945,0,209.39,playing,0
29.897,4.6126,0,0,0.21945,0,208.05,playing,0
29.9139,4.6126,0,0,0.21945,0,207.03,playing,0
29.9311,3.2338,0,0,0.21945,0,206.33,playing,0
29.948,3.2338,0,0,0.26934,0,205.95,playing,0
29.9647,3.2338,0,0,0.26934,0,205.88,playing,0
29.9803,2.0397,0,0,0.26934,0,206.1,playing,0
29.9964,2.0397,0,0,0.26934,0,206.6,playing,0
30.0127,2.0397,0,0,0.27536,0,207.38,playing,0
30.0283,-0.595,0,0,0.26046,0,208.45,playing,0
30.0443,-0.595,0,0,0.26046,0,209.79,playing,0
30.0609,-0.595,0,0,0.29539,0,211.42,playing,0
30.0779,-1.672,0,0,0.29539,0,213.47,playing,0
30.0941,-1.672,0,0,0.27935,0,215.83,playing,0
30.1103,-1.7144,0,0,0.27935,0,218.34,playing,0
30.1265,-1.7144,0,0,0.30272,0,221.13,playing,0
30.1431,-1.7144,0,0,0.26081,0,224.2,playing,0
30.1593,-2.2877,0,0,0.26081,0,227.78,playing,0
30.1753,-2.2877,0,0,0.26081,0,231.43,playing,0
30.1916,-2.2877,0,0,0.33566,0,235.36,playing,0
30.2073,-13.6641,1,0,0.26766,0,239.58,playing,0
30.2234,-13.6641,0,0,0.26766,0,233.62,playing,0
30.2397,-13.6641,0,0,0.26761,0,227.94,playing,0
30.2551,-17.1009,0,0,0.26761,0,222.55,playing,0
30.271,-17.1009,0,0,0.26761,0,217.43,playing,0
30.2879,-0.1209,0,0,0.26761,0,212.6,playing,0
30.305,-8.051,0,0,0.26761,0,207.79,playing,0
30.3213,-8.051,0,0,0.17825,0,203.29,playing,0
30.3377,-2.9156,0,0,0.17825,0,199.34,playing,0
30.3537,-2.9156,0,0,0.17825,0,195.66,playing,0
30.3691,-2.9156,0,0,0.20863,1,192.28,playing,0
30.3858,-1.904,0,0,0.20766,0,189.17,playing,0
30.4025,-1.904,0,0,0.20766,0,186.19,playing,0
30.4184,-1.904,0,0,0.23482,0,183.66,playing,0
30.435,11.4307,0,0,0.23482,0,181.41,playing,0
30.452,11.4307,0,0,0.19849,0,179.35,playing,0
30.4687,13.1732,0,0,0.19849,0,177.6,playing,0
30.4847,13.1732,0,0,0.15695,0,176.23,playing,0
30.5007,13.1732,0,0,0.15695,0,175.15,playing,0
30.5163,8.3345,0,0,0.20217,0,174.35,playing,0
30.5326,8.3345,0,0,0.20217,0,173.83,playing,0
30.5489,8.3345,0,0,0.24717,0,173.59,playing,0
30.5659,5.8318,0,0,0.24717,0,173.65,playing,0
30.5829,5.8318,0,0,0.25443,0,174.04,playing,0
30.6,5.8318,0,0,0.25443,0,174.74,playing,0
30.6171,4.1227,0,0,0.23881,0,175.76,playing,0
30.6334,4.1227,0,0,0.23881,0,177.09,playing,0
30.6495,2.0248,0,0,0.26285,0,178.63,playing,0
30.6656,0.4656,0,0,0.26285,0,180.45,playing,0
30.6817,0.4656,0,0,0.26285,0,182.55,playing,0
30.698,-0.4913,0,0,0.3093,0,184.94,playing,0
30.7149,-0.4913,0,0,0.3093,0,187.79,playing,0
30.7311,-0.4913,0,0,0.24989,0,190.96,playing,1
30.7474,-1.2028,0,0,0.24989,0,194.22,playing,1
30.7636,-1.2028,0,0,0.25357,0,197.77,playing,1
30.7791,-1.2028,0,0,0.25357,0,201.59,playing,1
30.7962,-2.7283,0,0,0.32621,0,205.7,playing,1
30.8123,-2.7283,0,0,0.32621,0,210.39,playing,1
30.8283,-4.8395,0,0,0.30518,0,215.08,playing,1
30.8442,-4.8395,0,0,0.30518,0,220.05,playing,1
30.8601,-4.8395,0,0,0.31091,0,225.3,playing,1
30.8772,-11.2722,0,0,0.31091,0,230.83,playing,1
30.8936,-11.2722,0,0,0.31344,0,237.03,playing,1
30.9109,-11.2722,0,0,0.24705,0,243.15,playing,1
30.9279,-16.1954,1,0,0.24705,0,250.38,playing,1
30.9446,-16.1954,0,0,0.19796,0,244.07,playing,1
30.9604,-16.1954,0,0,0.19796,0,238.41,playing,1
30.9764,3.3942,0,0,0.20121,0,233.04,playing,1
30.9925,3.3942,0,0,0.20121,0,227.94,playing,1
31.0091,-7.4053,0,0,0.2019,0,223.12,playing,1
31.0257,-7.4053,0,0,0.2019,0,218.33,playing,1
31.0418,-7.4053,0,0,0.2019,0,214.09,playing,1
31.0589,3.8927,0,0,0.23597,0,209.91,playing,1
31.0757,3.8927,0,0,0.23597,0,206.05,playing,1
31.0919,3.8927,0,0,0.19513,0,202.7,playing,1
31.1084,1.9437,0,0,0.19513,0,199.45,playing,1
31.125,1.9437,0,0,0.28258,0,196.68,playing,1
31.1416,1.9437,0,0,0.28258,0,194.05,playing,1
31.1573,0.2698,0,0,0.19465,0,191.86,playing,1
31.1738,0.2698,0,0,0.19465,0,189.95,playing,1
31.1897,-1.4519,0,0,0.24691,0,188.32,playing,1
31.207,-1.4519,0,0,0.24691,0,186.91,playing,1
31.2238,-1.4519,0,0,0.25046,0,185.81,playing,1
31.2409,-1.9203,0,0,0.25046,0,185.04,playing,1
31.2576,-1.9203,0,0,0.2849,0,184.58,playing,1
31.2736,-1.9203,0,0,0.2849,0,184.43,playing,1
31.2899,-2.529,0,0,0.25873,0,184.56,playing,1
31.3069,-2.529,0,0,0.25873,0,185.01,playing,1
31.3237,-2.529,0,0,0.27679,0,185.79,playing,1
31.34,-1.5928,0,0,0.27679,0,186.8,playing,1
31.3569,-1.5928,0,0,0.27972,0,188.19,playing,1
31.3735,-1.5928,0,0,0.27972,0,189.9,playing,1
31.3893,-1.5928,0,0,0.27972,0,191.79,playing,1
31.4052,-1.5928,0,0,0.31637,0,193.97,playing,1
31.4221,-0.5471,0,0,0.31637,0,196.42,playing,1
31.4386,-0.5471,0,0,0.31872,0,199.35,playing,1
31.4546,-0.5471,0,0,0.31872,0,202.38,playing,1
31.4708,-1.4483,0,0,0.30187,0,205.7,playing,1
31.4884,-1.4483,0,0,0.30187,0,209.54,playing,1
31.5042,-10.645,0,0,0.30833,0,213.7,playing,1
31.5204,-16.7637,1,0,0.30833,0,217.9,playing,1
31.5381,-16.7637,0,0,0.26468,0,211.59,playing,1
31.5541,-5.1007,0,0,0.17643,0,205.59,playing,1
31.5711,-5.1007,0,0,0.17643,0,200.23,playing,1
31.5879,-5.1007,0,0,0.22311,1,194.85,playing,1
31.6051,-4.7927,0,0,0.22311,0,189.8,playing,1
31.6212,-4.7927,0,0,0.20203,0,185.05,playing,1
31.6377,-4.7927,0,0,0.20203,0,180.87,playing,1
31.654,-3.2305,0,0,0.20484,0,176.97,playing,1
31.6708,-3.2305,0,0,0.20484,0,173.15,playing,1
31.6864,6.6467,0,0,0.2183,0,169.83,playing,1
31.7024,10.9795,0,0,0.2183,0,166.79,playing,1
31.7183,10.9795,0,0,0.20503,0,164.04,playing,1
31.7349,11.3203,0,0,0.20503,0,161.57,playing,1
31.7515,11.3203,0,0,0.20503,0,159.26,playing,1
31.7672,11.3203,0,0,0.19407,0,157.36,playing,1
31.7838,7.3107,0,0,0.19407,0,155.75,playing,1
31.8004,7.3107,0,0,0.22102,0,154.36,playing,1
31.8166,7.3107,0,0,0.22102,0,153.33,playing,1
31.8328,5.2189,0,0,0.23526,0,152.58,playing,1
31.8499,5.2189,0,0,0.23526,0,152.1,playing,1
31.867,1.7454,0,0,0.272,0,151.94,playing,1
31.8837,1.7454,0,0,0.272,0,152.1,playing,1
31.9001,1.7454,0,0,0.27346,0,152.53,playing,1
31.9172,0.5133,0,0,0.27346,0,153.3,playing,1
31.9336,0.5133,0,0,0.30372,0,154.4,playing,1
31.9492,0.5133,0,0,0.30372,0,155.71,playing,1
31.965,-0.2769,0,0,0.2972,0,157.3,playing,1
31.9832,-0.2769,0,0,0.2972,0,159.17,playing,1
31.9995,-1.024,0,0,0.30514,0,161.64,playing,1
32.0155,-1.6977,0,0,0.28889,0,164.11,playing,1
32.032,-1.6977,0,0,0.28889,0,166.86,playing,1
32.0489,-1.3174,0,0,0.29714,0,170.11,playing,1
32.0653,-1.3174,0,0,0.29714,0,173.67,playing,1
32.0818,-1.3174,0,0,0.29714,0,177.3,playing,1
32.0989,-2.1878,0,0,0.29743,0,181.48,playing,1
32.1156,-2.1878,0,0,0.29743,0,185.98,playing,1
32.1312,-2.1878,0,0,0.31122,0,190.49,playing,1
32.1472,-2.1878,0,0,0.31122,0,195.29,playing,1
32.1638,-2.1878,0,0,0.26922,0,200.36,playing,1
32.1797,-2.4964,0,0,0.26922,0,205.72,playing,1
32.1955,-16.8218,1,0,0.28566,0,211.36,playing,1
32.2115,-16.8218,0,0,0.28566,0,205.4,playing,1
32.2279,-10.9486,0,0,0.26842,0,199.73,playing,1
32.245,-10.9486,0,0,0.26842,0,194.01,playing,1
32.262,-10.9486,0,0,0.20214,0,188.62,playing,1
32.2791,0.5372,0,0,0.20214,0,183.54,playing,1
32.2951,0.5372,0,0,0.23505,0,178.78,playing,1
32.3115,0.5372,0,0,0.23505,0,174.58,playing,1
32.3275,14.0698,0,0,0.19486,0,170.66,dead,1
32.343,14.0698,0,0,0.19486,0,167.03,dead,1
32.3593,-3.8738,0,0,0.19096,0,163.67,dead,1
32.3759,-3.8738,0,0,0.19096,0,160.6,dead,1
32.3925,-3.8738,0,0,0.23154,0,157.66,dead,1
32.4081,7.9343,0,0,0.23154,0,155.16,dead,1
32.4248,7.9343,0,0,0.19702,0,152.96,dead,1
32.4409,7.9343,0,0,0.19702,0,151.03,dead,1
32.4581,6.2627,0,0,0.19702,0,149.3,dead,1
32.4748,6.2627,0,0,0.17272,0,147.88,dead,1
32.4915,6.2627,0,0,0.17272,0,146.79,dead,1
32.5073,3.7299,0,0,0.20553,1,146.04,dead,1
32.5234,3.7299,0,0,0.20553,0,145.57,dead,1
32.5398,0.6368,0,0,0.226,0,145.39,dead,1
32.5564,0.6368,0,0,0.226,0,145.51,dead,1
32.5723,0.6368,0,0,0.28342,0,145.9,dead,1
32.5889,-0.2147,0,0,0.28342,0,146.58,dead,1
32.605,-0.2147,0,0,0.25439,0,147.62,dead,1
32.6229,-0.2147,0,0,0.26197,0,148.87,dead,1
32.6399,-2.2658,0,0,0.26197,0,150.65,dead,1
32.6565,-2.2658,0,0,0.27206,0,152.64,dead,1
32.673,-2.2658,0,0,0.27206,0,154.79,dead,1
32.6897,-2.2921,0,0,0.27916,0,157.4,dead,1
32.7059,-2.2921,0,0,0.27916,0,160.14,dead,1
32.7225,-2.0049,0,0,0.26071,0,163.36,dead,1
32.7392,-2.0049,0,0,0.26071,0,166.68,dead,1
32.7558,-2.0049,0,0,0.297,0,170.52,dead,1
32.7724,-2.0386,0,0,0.297,0,174.68,dead,1
32.7888,-2.0386,0,0,0.297,0,178.88,dead,1
32.8059,-2.0386,0,0,0.297,0,183.65,dead,1
32.8215,-1.8411,0,0,0.27935,0,188.43,dead,1
32.8378,-1.8411,0,0,0.28422,0,193.49,dead,1
32.8544,-1.6754,0,0,0.28422,0,199.18,dead,1
32.8704,-1.4733,0,0,0.28707,0,204.82,dead,1
32.8869,-1.4733,0,0,0.28707,0,210.74,dead,1
32.9033,-1.0878,0,0,0.272,0,217.35,dead,1
32.9194,-1.0878,0,0,0.272,0,223.86,dead,1
32.9357,-1.0878,0,0,0.30518,0,230.64,dead,1
32.9522,-0.7005,0,0,0.30518,0,237.71,dead,1
32.9681,-0.7005,0,0,0.30936,0,245.53,dead,1
32.9845,-0.7005,0,0,0.30936,0,253.18,dead,1
33.0001,-1.7178,0,0,0.27891,0,261.11,dead,1
33.0166,-1.7178,0,0,0.27891,0,269.32,dead,1
33.0327,-17.3773,1,0,0.28317,0,277.81,dead,1
33.0498,-17.3773,0,0,0.28317,0,285.0,playing,0
33.0666,-17.3773,0,0,0.28782,0,278.69,playing,0
33.0824,-17.3773,0,0,0.28782,0,273.03,playing,0
33.0987,-17.3773,0,0,0.21865,0,267.65,playing,0
33.1143,-17.3773,0,0,0.21865,0,262.56,playing,0
33.1303,-2.0029,0,0,0.21281,0,257.74,playing,0
33.1469,-2.0029,0,0,0.21281,0,253.21,playing,0
33.1634,-2.0029,0,0,0.21281,0,248.71,playing,0
33.1793,6.9135,0,0,0.1814,0,244.76,playing,0
33.1958,6.9135,0,0,0.1814,0,241.09,playing,0
33.2124,6.9135,0,0,0.17248,0,237.51,playing,0
33.2285,7.6821,0,0,0.17248,0,234.42,playing,0
33.2447,7.6821,0,0,0.16502,0,231.61,playing,0
33.2603,6.5242,0,0,0.16502,0,229.08,playing,0
33.2765,6.5242,0,0,0.18187,1,226.84,playing,0
33.2921,6.5242,0,0,0.18187,0,224.87,playing,0
33.309,3.9521,0,0,0.23479,0,223.19,playing,0
33.326,3.9521,0,0,0.23479,0,221.72,playing,0
33.3437,3.9521,0,0,0.26511,0,220.57,playing,0
33.3597,2.9691,0,0,0.26511,0,219.74,playing,0
33.3756,2.9691,0,0,0.2504,0,219.24,playing,0
33.3918,2.9691,0,0,0.26261,0,219.02,playing,0
33.4087,1.1741,0,0,0.26261,0,219.1,playing,0
33.4254,1.1741,0,0,0.26261,0,219.46,playing,0
33.4429,0.3688,0,0,0.32318,0,220.22,playing,0
33.4595,0.3688,0,0,0.28378,0,221.26,playing,0
33.4751,0.3688,0,0,0.28378,0,222.52,playing,0
33.4917,-1.3951,0,0,0.28378,0,224.05,playing,0
33.5088,-1.3951,0,0,0.27887,0,226.01,playing,0
33.5257,-1.3951,0,0,0.27887,0,228.28,playing,0
33.5418,-1.7871,0,0,0.31407,0,230.7,playing,0
33.559,-1.7871,0,0,0.31407,0,233.59,playing,0
33.5761,-1.7657,0,0,0.30407,0,236.79,playing,0
33.5931,-1.7657,0,0,0.30407,0,240.32,playing,0
33.6091,-1.7657,0,0,0.27022,0,244.16,playing,0
33.6253,-1.8248,0,0,0.27022,0,248.06,playing,0
33.6419,-1.8248,0,0,0.29093,0,252.24,playing,0
33.6589,-1.8248,0,0,0.29093,0,256.99,playing,0
33.6754,-1.4797,0,0,0.31892,0,262.07,playing,0
33.691,-1.4797,0,0,0.31892,0,267.13,playing,0
33.708,-1.4797,0,0,0.30184,0,272.47,playing,0
33.7251,-1.3284,0,0,0.30184,0,278.46,playing,0
33.7411,-1.3284,0,0,0.30314,0,284.77,playing,0
33.7572,-2.9135,0,0,0.30314,0,290.99,playing,0
33.7738,-2.9135,0,0,0.26071,0,297.5,playing,0
33.7908,-2.9135,0,0,0.26071,0,304.72,playing,0
33.8075,-16.9588,1,0,0.29007,0,312.27,playing,0
33.8236,-16.9588,0,0,0.29007,0,306.31,playing,0
33.8402,-16.9588,0,0,0.24711,0,300.3,playing,0
33.8567,0.639,0,0,0.24711,0,294.92,playing,0
33.8723,0.639,0,0,0.24711,0,289.82,playing,0
33.889,-2.1155,0,0,0.24711,0,285.01,playing,0
33.906,-2.1155,0,0,0.24711,0,280.21,playing,0
33.9227,-2.1155,0,0,0.19086,0,275.73,playing,0
33.939,-0.6869,0,0,0.15551,0,271.57,playing,0
33.9557,-0.6869,0,0,0.15551,0,267.93,playing,0
33.9718,-0.6869,0,0,0.17789,0,264.58,playing,0
33.9889,4.4937,0,0,0.17789,0,261.34,playing,0
34.0061,4.4937,0,0,0.20592,1,258.41,playing,0
34.0222,4.4937,0,0,0.20592,0,255.8,playing,0
34.0387,3.8858,0,0,0.16292,0,253.62,playing,0
34.0548,3.8858,0,0,0.16292,0,251.73,playing,0
34.0706,1.1815,0,0,0.25345,0,250.12,playing,0
34.0862,1.1815,0,0,0.25345,0,248.79,playing,0
34.1027,1.1815,0,0,0.25772,0,247.74,playing,0
34.1183,0.4641,0,0,0.25772,0,246.98,playing,0
34.1344,0.4641,0,0,0.27941,0,246.49,playing,0
34.1505,0.4641,0,0,0.27941,0,246.29,playing,0
34.1665,-0.1821,0,0,0.27206,0,246.37,playing,0
34.1825,-0.1821,0,0,0.27206,0,246.73,playing,0
34.199,-0.1821,0,0,0.27206,0,247.37,playing,0
34.2156,-1.1625,0,0,0.27241,0,248.37,playing,0
34.2316,-1.1625,0,0,0.27241,0,249.59,playing,0
34.2475,-1.1625,0,0,0.28941,0,251.09,playing,0
34.2631,-1.3794,0,0,0.28941,0,252.88,playing,0
34.2798,-1.3794,0,0,0.2833,0,254.95,playing,0
34.2969,-1.2261,0,0,0.2833,0,257.46,playing,0
34.3139,-1.2261,0,0,0.2833,0,260.29,playing,0
34.3307,-1.2261,0,0,0.2833,0,263.44,playing,0
34.3464,-1.2854,0,0,0.29386,0,266.69,playing,0
34.3619,-1.2854,0,0,0.29386,0,270.22,playing,0
34.3784,-1.2854,0,0,0.30751,0,274.03,playing,0
34.395,-12.2061,1,0,0.30751,0,278.12,playing,0
34.4114,-12.2061,0,0,0.28959,0,271.81,playing,0
34.4279,-12.2061,0,0,0.28959,0,266.15,playing,0
34.4451,-1.8905,0,0,0.24711,0,260.45,playing,0
34.4612,-1.8905,0,0,0.24711,0,255.08,playing,0
34.4773,7.2707,0,0,0.20005,0,250.3,playing,0
34.4934,7.2707,0,0,0.20005,0,245.8,playing,0
34.5099,7.2707,0,0,0.23521,0,241.58,playing,0
34.5269,5.7724,0,0,0.23521,0,237.42,playing,0
34.5435,5.7724,0,0,0.23095,0,233.58,playing,0
34.5595,5.7724,0,0,0.23095,0,230.24,playing,0
34.5752,8.97,0,0,0.23095,0,227.19,playing,0
34.5918,8.97,0,0,0.20492,0,224.41,playing,0
34.6083,7.9445,0,0,0.20492,0,221.79,playing,0
34.6249,7.9445,0,0,0.19957,0,219.59,playing,0
34.6421,7.9445,0,0,0.21539,0,217.58,playing,0
34.6584,7.9445,0,0,0.21539,0,215.89,playing,0
34.6749,7.9445,0,0,0.24729,0,214.58,playing,0
34.6922,7.9445,0,0,0.24729,0,213.5,playing,0
34.7086,1.9904,0,0,0.24729,0,212.74,playing,0
34.7247,1.9904,0,0,0.24729,0,212.31,playing,0
34.7402,1.9904,0,0,0.29136,0,212.16,playing,0
34.7565,0.1031,0,0,0.29136,0,212.29,playing,0
34.7721,0.1031,0,0,0.25746,0,212.7,playing,0
34.7881,0.1031,0,0,0.25746,0,213.4,playing,0
34.8051,-0.7546,0,0,0.28861,0,214.38,playing,0
34.822,-0.7546,0,0,0.28861,0,215.73,playing,0
34.8386,-1.4291,0,0,0.2856,0,217.4,playing,0
34.8542,-1.4291,0,0,0.2856,0,219.26,playing,0
34.8708,-1.4291,0,0,0.26837,0,221.4,playing,0
34.8878,-1.4118,0,0,0.26837,0,223.99,playing,0
34.9034,-1.4118,0,0,0.26837,0,226.7,playing,0
34.9195,-1.4118,0,0,0.28788,0,229.7,playing,0
34.936,-1.6618,0,0,0.28788,0,232.99,playing,0
34.9526,-1.6618,0,0,0.28359,0,236.79,playing,0
34.9686,-1.3037,0,0,0.28359,0,240.65,playing,0
34.9844,-1.3014,0,0,0.27962,0,244.8,playing,0
35.0004,-1.3014,0,0,0.27962,0,249.22,playing,0
35.0161,-6.3996,0,0,0.27921,0,253.93,playing,0
35.0327,-6.3996,0,0,0.27921,0,258.92,playing,0
35.0483,-6.3996,0,0,0.27528,0,264.19,playing,0
35.0648,-15.327,1,0,0.27528,0,269.74,playing,0
35.082,-15.327,0,0,0.28519,0,263.43,playing,0
35.0988,-15.327,0,0,0.28519,0,257.43,playing,0
35.1154,-1.5421,0,0,0.28519,0,251.76,playing,0
35.1319,-1.5421,0,0,0.28519,0,246.7,playing,0
35.148,-2.3426,0,0,0.23558,0,241.64,playing,0
35.1642,-2.3426,0,0,0.23558,0,237.16,playing,0
35.1808,-2.3426,0,0,0.20435,0,232.96,playing,0
35.1977,-2.3426,0,0,0.20435,0,228.82,playing,0
35.2151,-2.3426,0,0,0.21589,0,224.99,playing,0
35.231,-2.3426,0,0,0.21589,0,221.48,playing,0
35.2471,8.1536,0,0,0.18448,0,218.47,playing,0
35.2638,8.1536,0,0,0.18448,0,215.73,playing,0
35.2808,8.1536,0,0,0.18448,0,213.14,playing,0
35.2974,5.3678,0,0,0.25092,0,210.86,playing,0
35.314,5.3678,0,0,0.25794,0,209.01,playing,0
35.331,1.659,0,0,0.25794,0,207.35,playing,0
35.3475,1.659,0,0,0.26162,0,206.01,playing,0
35.3631,1.659,0,0,0.26162,0,205.04,playing,0
35.3801,0.4866,0,0,0.22389,0,204.34,playing,0
35.3972,0.4866,0,0,0.22389,0,203.92,playing,0
35.4132,0.4866,0,0,0.26139,0,203.81,playing,0
35.4299,-0.6289,0,0,0.26139,0,204.0,playing,0
35.4466,-0.6289,0,0,0.29298,0,204.51,playing,0
35.4626,-0.6289,0,0,0.29298,0,205.28,playing,0
35.4787,-0.4505,0,0,0.29129,0,206.32,playing,0
35.4943,-0.4505,0,0,0.29129,0,207.65,playing,1
35.5106,-1.082,0,0,0.29129,0,209.26,playing,1
35.5267,-1.082,0,0,0.29129,0,211.15,playing,1
35.5422,-1.082,0,0,0.30135,0,213.32,playing,1
35.5582,-1.5995,0,0,0.30135,0,215.78,playing,1
35.5749,-1.5995,0,0,0.29766,0,218.51,playing,1
35.5919,-1.5995,0,0,0.29766,0,221.74,playing,1
35.6084,-1.5995,0,0,0.29766,0,225.28,playing,1
35.6245,-1.5995,0,0,0.28033,0,228.9,playing,1
35.6406,-1.5995,0,0,0.28033,0,232.8,playing,1
35.6566,-1.9824,0,0,0.28854,0,236.98,playing,1
35.6727,-1.9824,0,0,0.28854,0,241.44,playing,1
35.6889,-2.1142,0,0,0.30177,0,246.18,playing,1
35.7054,-1.4284,0,0,0.30177,0,251.54,playing,1
35.7215,-1.4284,0,0,0.27982,0,256.86,playing,1
35.7375,-12.244,1,0,0.27982,0,262.46,playing,1
35.7536,-12.244,0,0,0.28302,0,256.5,playing,1
35.7692,-12.244,0,0,0.28302,0,250.83,playing,1
35.7851,11.6715,0,0,0.28302,0,245.43,playing,1
35.8017,11.6715,0,0,0.23606,0,240.32,playing,1
35.8178,11.6715,0,0,0.23606,0,235.49,playing,1
35.8345,-6.0156,0,0,0.16219,0,230.67,playing,1
35.8506,-6.0156,0,0,0.16219,0,226.42,playing,1
35.8667,-6.0156,0,0,0.22077,1,222.45,playing,1
35.8828,7.5446,0,0,0.22077,0,218.76,playing,1
35.8993,7.5446,0,0,0.22077,0,215.36,playing,1
35.9153,7.4782,0,0,0.19247,0,212.05,playing,1
35.9314,7.4782,0,0,0.19247,0,209.23,playing,1
35.947,7.4782,0,0,0.19247,0,206.68,playing,1
35.9635,3.2677,0,0,0.19247,0,204.42,playing,1
35.9802,3.2677,0,0,0.23149,0,202.34,playing,1
35.9962,3.2677,0,0,0.23149,0,200.65,playing,1
36.0123,1.5531,0,0,0.23149,0,199.25,playing,1
36.0283,1.5531,0,0,0.23149,0,198.14,playing,1
36.0449,1.5531,0,0,0.23149,0,197.3,playing,1
36.0615,-0.0102,0,0,0.24663,0,196.73,playing,1
36.0776,-0.0102,0,0,0.24663,0,196.47,playing,1
36.0933,-0.7007,0,0,0.28672,0,196.5,playing,1
36.1098,-1.5398,0,0,0.28672,0,196.81,playing,1
36.1263,-1.5398,0,0,0.28387,0,197.45,playing,1
36.1425,-1.7777,0,0,0.28387,0,198.34,playing,1
36.1585,-1.7777,0,0,0.28387,0,199.51,playing,1
36.1751,-1.7777,0,0,0.27623,0,200.96,playing,1
36.1917,-1.3884,0,0,0.27623,0,202.82,playing,1
36.2078,-1.3884,0,0,0.31637,0,204.85,playing,1
36.2249,-1.3884,0,0,0.31637,0,207.33,playing,1
36.2419,-1.817,0,0,0.31637,0,210.12,playing,1
36.2591,-1.817,0,0,0.31175,0,213.23,playing,1
36.2757,-1.5379,0,0,0.31175,0,216.67,playing,1
36.2912,-1.5379,0,0,0.29325,0,220.18,playing,1
36.3073,-1.5379,0,0,0.29325,0,223.97,playing,1
36.3239,-1.7579,0,0,0.27252,0,228.04,playing,1
36.341,-1.7579,0,0,0.27252,0,232.69,playing,1
36.3574,-1.7579,0,0,0.27252,0,237.65,playing,1
36.3729,-1.639,0,0,0.27685,0,242.6,playing,1
36.3901,-1.639,0,0,0.27685,0,247.84,playing,1
36.4072,-1.639,0,0,0.30029,0,253.72,playing,1
36.4233,-2.5343,0,0,0.30029,0,259.92,playing,1
36.4401,-2.5343,0,0,0.29309,0,266.03,playing,1
36.4567,-15.5836,1,0,0.29309,0,272.85,playing,1
36.4728,-15.5836,0,0,0.29309,0,266.89,playing,1
36.4889,-15.5836,0,0,0.29155,0,261.21,playing,1
36.5059,-11.4971,0,0,0.29155,0,255.5,playing,1
36.523,-11.4971,0,0,0.29603,0,250.1,playing,1
36.5396,-11.4971,0,0,0.29603,0,245.03,playing,1
36.5552,-2.2351,0,0,0.23887,0,240.53,playing,1
36.5717,-2.2351,0,0,0.23887,0,236.31,playing,1
36.5878,-2.2351,0,0,0.23887,0,232.38,playing,1
36.6034,9.3968,0,0,0.191,0,228.73,playing,1
36.619,9.3968,0,0,0.191,0,225.35,playing,1
36.6356,6.5434,0,0,0.17967,0,222.26,playing,1
36.6517,6.5434,0,0,0.17967,0,219.46,playing,1
36.6678,6.5434,0,0,0.17967,1,216.93,playing,1
36.6848,10.6124,0,0,0.21975,0,214.56,playing,1
36.7014,10.6124,0,0,0.21975,0,212.52,playing,1
36.718,10.6124,0,0,0.17558,0,210.87,playing,1
36.7346,9.4708,0,0,0.17558,0,209.44,playing,1
36.7507,9.4708,0,0,0.18266,0,208.37,playing,1
36.7668,9.4708,0,0,0.18266,0,207.59,playing,1
36.7834,2.8713,0,0,0.18266,0,207.07,playing,1
36.7995,2.8713,0,0,0.16782,0,206.87,playing,1
36.8155,0.5463,0,0,0.16782,0,206.95,playing,1
36.8312,0.5463,0,0,0.17542,0,207.31,playing,1
36.8474,0.5463,0,0,0.17542,0,207.95,playing,1
36.8634,-0.1644,0,0,0.22065,0,208.87,playing,1
36.8791,-1.6167,0,0,0.22065,0,210.08,playing,1
36.8962,-1.6167,0,0,0.22065,0,211.56,playing,1
36.9128,-1.5835,0,0,0.26509,0,213.46,playing,1
36.9293,-1.5835,0,0,0.26509,0,215.68,playing,1
36.9454,-1.5835,0,0,0.25781,0,218.04,playing,1
36.9615,-1.9141,0,0,0.25781,0,220.69,playing,1
36.9776,-1.9141,0,0,0.26908,0,223.62,playing,1
36.9932,-1.9141,0,0,0.26908,0,226.83,playing,1
37.0093,-2.0339,0,0,0.26908,0,230.32,playing,1
37.0253,-2.0339,0,0,0.26815,0,234.1,playing,1
37.0414,-1.8113,0,0,0.26815,0,238.15,playing,1
37.0574,-1.8113,0,0,0.28002,0,242.49,playing,1
37.0735,-1.8113,0,0,0.28002,0,247.11,playing,1
37.0911,-1.3185,0,0,0.28002,0,252.01,playing,1
37.1073,-1.3185,0,0,0.31294,0,257.88,playing,1
37.1234,-1.3185,0,0,0.31294,0,263.38,playing,1
37.1395,-1.0268,0,0,0.29034,0,269.16,playing,1
37.1556,-1.0268,0,0,0.29034,0,275.22,playing,1
37.1711,-1.0268,0,0,0.31238,0,281.57,playing,1
37.1877,-0.7253,0,0,0.31238,0,288.19,playing,1
37.2038,-0.7253,0,0,0.31238,0,295.1,playing,1
37.2208,-16.0884,1,0,0.27182,0,302.76,playing,1
37.2379,-16.0884,0,0,0.27182,0,296.45,playing,1
37.2544,-16.0884,0,0,0.30455,0,290.45,playing,1
37.271,15.5013,0,0,0.30455,0,285.09,playing,1
37.288,15.5013,0,0,0.26506,0,279.71,playing,1
37.3046,15.5013,0,0,0.26506,0,274.66,playing,1
37.3206,-6.5241,0,0,0.26506,0,270.18,playing,1
37.3372,-6.5241,0,0,0.2,0,265.98,playing,2
37.3537,-2.8967,0,0,0.2,0,261.83,playing,2
37.3705,-2.8967,0,0,0.2184,0,258.01,playing,2
37.387,-2.8967,0,0,0.2184,0,254.69,playing,2
37.4036,-0.275,0,0,0.21314,0,251.48,playing,2
37.4197,-0.275,0,0,0.21314,0,248.75,playing,2
37.4357,-0.275,0,0,0.21314,0,246.29,playing,2
37.4528,2.8334,0,0,0.21089,0,244.0,playing,2
37.4699,2.8334,0,0,0.21089,0,242.02,playing,2
37.487,2.8334,0,0,0.17222,0,240.37,playing,2
37.503,3.0569,0,0,0.17222,0,239.03,playing,2
37.5191,3.0569,0,0,0.17222,0,238.05,playing,2
37.5362,1.378,0,0,0.1978,1,237.36,playing,2
37.5527,1.378,0,0,0.1978,0,236.94,playing,2
37.5683,1.378,0,0,0.19688,0,236.82,playing,2
37.5843,1.2077,0,0,0.19688,0,236.99,playing,2
37.601,1.2077,0,0,0.19688,0,237.43,playing,2
37.6175,1.2077,0,0,0.2247,0,238.23,playing,2
37.6341,-0.8468,0,0,0.2247,0,239.26,playing,2
37.6502,-0.8468,0,0,0.2735,0,240.67,playing,2
37.6662,-0.8468,0,0,0.2735,0,242.28,playing,2
37.6828,-1.6507,0,0,0.26598,0,244.17,playing,2
37.6998,-1.6507,0,0,0.26598,0,246.5,playing,2
37.7164,-1.788,0,0,0.26598,0,249.14,playing,2
37.7324,-1.788,0,0,0.30177,0,251.91,playing,2
37.7485,-1.788,0,0,0.30177,0,254.97,playing,2
37.7646,-2.3505,0,0,0.29293,0,258.3,playing,2
37.7801,-2.3505,0,0,0.29293,0,261.92,playing,2
37.7972,-2.3505,0,0,0.29293,0,265.81,playing,2
37.8148,-5.1767,0,0,0.26551,0,270.55,playing,2
37.8318,-5.1767,0,0,0.26551,0,275.35,playing,2
37.8479,-5.1767,0,0,0.31359,0,280.15,playing,2
37.8639,-17.3761,1,0,0.31359,0,285.56,playing,2
37.8809,-17.3761,0,0,0.28999,0,279.6,playing,2
37.897,13.3906,0,0,0.28999,0,273.59,playing,2
37.9136,13.3906,0,0,0.24621,0,268.21,playing,2
37.9297,13.3906,0,0,0.24621,0,263.11,playing,2
37.9463,0.3395,0,0,0.24621,0,258.3,playing,2
37.9628,0.3395,0,0,0.25867,0,253.5,playing,2
37.9794,0.3395,0,0,0.25867,0,249.02,playing,2
37.995,-2.224,0,0,0.20287,0,245.09,playing,2
38.0115,-2.224,0,0,0.20287,0,241.44,playing,2
38.0271,-2.224,0,0,0.20287,0,238.06,playing,2
38.0432,3.7637,0,0,0.20553,0,234.97,playing,2
38.0593,3.7637,0,0,0.20553,0,232.17,playing,2
38.0753,4.5866,0,0,0.21265,0,229.64,playing,2
38.0919,4.5866,0,0,0.21265,0,227.4,playing,2
38.108,4.5866,0,0,0.17086,0,225.33,playing,2
38.1251,2.7915,0,0,0.17086,0,223.66,playing,2
38.1418,2.7915,0,0,0.17086,0,222.21,playing,2
38.1569,2.7915,0,0,0.21594,1,221.13,playing,2
38.174,2.7915,0,0,0.21594,0,220.33,playing,2
38.1911,2.7915,0,0,0.2277,0,219.8,playing,2
38.2072,2.7915,0,0,0.2277,0,219.58,playing,2
38.2238,-0.3649,0,0,0.24994,0,219.66,playing,2
38.2404,-0.3649,0,0,0.24994,0,220.06,playing,2
38.2564,-0.742,0,0,0.24994,0,220.72,playing,2
38.272,-0.742,0,0,0.28701,0,221.66,playing,2
38.2887,-0.742,0,0,0.28701,0,222.88,playing,2
38.3047,-0.8239,0,0,0.28605,0,224.39,playing,2
38.3218,-0.8239,0,0,0.28605,0,226.3,playing,2
38.3379,-0.8239,0,0,0.29482,0,228.53,playing,2
38.3545,-0.7262,0,0,0.29482,0,230.92,playing,2
38.3707,-0.7262,0,0,0.29482,0,233.58,playing,2
38.3872,-0.7262,0,0,0.3023,0,236.53,playing,2
38.4039,-12.7466,1,0,0.3023,0,239.98,playing,2
38.421,-12.7466,0,0,0.26511,0,233.67,playing,2
38.4376,-16.3132,0,0,0.26511,0,227.67,playing,2
38.4537,-16.3132,0,0,0.26511,0,222.31,playing,2
38.4698,-16.3132,0,0,0.30414,0,217.24,playing,2
38.4864,0.3931,0,0,0.30414,0,212.16,playing,2
38.5025,0.3931,0,0,0.27627,0,207.66,playing,2
38.519,0.3931,0,0,0.27627,0,203.44,playing,2
38.536,4.9185,0,0,0.25794,0,199.28,playing,2
38.5525,4.9185,0,0,0.25794,0,195.44,playing,2
38.5683,6.4372,0,0,0.25794,0,192.1,playing,2
38.585,6.4372,0,0,0.15965,0,189.05,playing,2
38.602,6.4372,0,0,0.15965,0,186.12,playing,2
38.618,4.9124,0,0,0.21144,1,183.51,playing,2
38.6349,4.9124,0,0,0.21144,0,181.34,playing,2
38.652,4.9124,0,0,0.18286,0,179.35,playing,2
38.6691,3.2348,0,0,0.18286,0,177.67,playing,2
38.6863,3.2348,0,0,0.22717,0,176.31,playing,2
38.7024,3.2348,0,0,0.22717,0,175.28,playing,2
38.719,3.3598,0,0,0.22717,0,174.58,playing,2
38.7356,3.3598,0,0,0.25864,0,174.16,playing,2
38.7513,2.1482,0,0,0.25864,0,174.04,playing,2
38.7679,2.1482,0,0,0.28114,0,174.21,playing,2
38.784,2.1482,0,0,0.28114,0,174.7,playing,2
38.8006,1.3975,0,0,0.28593,0,175.45,playing,2
38.8172,1.3975,0,0,0.28593,0,176.48,playing,2
38.8338,1.3975,0,0,0.2957,0,177.89,playing,2
38.8509,1.3975,0,0,0.2957,0,179.62,playing,2
38.867,1.3975,0,0,0.2957,0,181.67,playing,2
38.8835,0.1912,0,0,0.29172,0,183.87,playing,2
38.9007,0.1912,0,0,0.29172,0,186.54,playing,2
38.9168,0.1912,0,0,0.29925,0,189.33,playing,2
38.9338,-2.3865,0,0,0.29925,0,192.61,playing,2
38.951,-2.3865,0,0,0.28716,0,196.21,playing,2
38.9676,-2.3865,0,0,0.28716,0,200.12,playing,2
38.9842,-1.1463,0,0,0.26604,0,204.09,playing,2
39.0003,-1.1463,0,0,0.26604,0,208.63,playing,2
39.0163,-1.1463,0,0,0.26604,0,213.17,playing,2
39.0323,-6.2315,0,0,0.28717,0,218.01,playing,2
39.0484,-6.2315,0,0,0.28717,0,223.12,playing,2
39.0649,-16.992,1,0,0.2928,0,228.51,playing,2
39.082,-16.992,0,0,0.2928,0,222.2,playing,2
39.099,-16.992,0,0,0.27941,0,216.2,playing,2
39.1156,-4.2078,0,0,0.27941,0,210.53,playing,2
39.1316,-4.2078,0,0,0.27941,0,205.47,playing,2
39.1492,-4.2078,0,0,0.29309,0,200.41,playing,2
39.1662,-1.6786,0,0,0.29309,0,195.67,playing,2
39.1823,-1.6786,0,0,0.20949,0,191.24,playing,3
39.1985,8.7845,0,0,0.20949,0,187.36,playing,3
39.2145,12.9452,0,0,0.20303,0,183.76,playing,3
39.2306,12.9452,0,0,0.20303,0,180.44,playing,3
39.2467,11.9741,0,0,0.20303,0,177.41,playing,3
39.2642,11.9741,0,0,0.20258,0,174.5,playing,3
39.2808,11.9741,0,0,0.20258,0,171.91,playing,3
39.2974,9.7289,0,0,0.19549,0,169.63,playing,3
39.3139,9.7289,0,0,0.19549,0,167.78,playing,3
39.3305,9.7289,0,0,0.20836,0,166.12,playing,3
39.347,4.3597,0,0,0.20836,0,164.84,playing,3
39.3636,4.3597,0,0,0.17829,0,163.81,playing,3
39.3799,1.9355,0,0,0.17829,0,163.11,playing,3
39.397,1.9355,0,0,0.23146,1,162.69,playing,3
39.4135,1.9355,0,0,0.23146,0,162.58,playing,3
39.4296,-0.8752,0,0,0.23146,0,162.77,playing,3
39.4462,-0.8752,0,0,0.2701,0,163.23,playing,3
39.4627,-0.8752,0,0,0.2701,0,164.05,playing,3
39.4793,-1.7343,0,0,0.26177,0,165.09,playing,3
39.4953,-1.7343,0,0,0.26177,0,166.52,playing,3
39.5124,-1.7343,0,0,0.26177,0,168.15,playing,3
39.529,-2.2038,0,0,0.26182,0,170.2,playing,3
39.546,-2.2038,0,0,0.26182,0,172.56,playing,3
39.5626,-2.3788,0,0,0.29439,0,175.24,playing,3
39.5786,-2.3788,0,0,0.29439,0,178.05,playing,3
39.5952,-2.3788,0,0,0.27762,0,181.14,playing,3
39.6122,-2.2098,0,0,0.27762,0,184.74,playing,3
39.6283,-2.2098,0,0,0.29345,0,188.65,playing,3
39.6443,-2.2098,0,0,0.29345,0,192.62,playing,3
39.6605,-1.8572,0,0,0.29345,0,196.87,playing,3
39.6766,-1.8572,0,0,0.30341,0,201.4,playing,3
39.6942,-1.4226,0,0,0.30341,0,206.53,playing,3
39.7108,-1.4226,0,0,0.30341,0,211.99,playing,3
39.7277,-1.4226,0,0,0.29216,0,217.75,playing,3
39.7437,-4.4306,0,0,0.29216,0,223.46,playing,3
39.7593,-4.4306,0,0,0.24591,0,229.46,playing,3
39.7753,-4.4306,0,0,0.24591,0,235.73,playing,3
39.7918,-4.4306,0,0,0.24591,0,242.28,playing,3
39.8089,-4.4306,0,0,0.25421,0,249.57,playing,3
39.8259,-4.4306,0,0,0.25421,0,257.17,playing,3
39.8429,-14.8937,1,0,0.27929,0,265.09,playing,3
39.8596,-14.8937,0,0,0.29888,0,258.77,playing,3
39.8757,11.1841,0,0,0.29888,0,253.12,playing,3
39.8928,11.1841,0,0,0.29888,0,247.42,playing,3
39.9091,11.1841,0,0,0.22587,0,242.34,playing,3
39.9259,-0.7128,0,0,0.22587,0,237.26,playing,3
39.9422,-0.7128,0,0,0.23839,0,232.5,playing,3
39.9586,-0.7128,0,0,0.23839,0,228.31,playing,3
39.9744,8.4594,0,0,0.20695,0,224.39,playing,3
39.9904,8.4594,0,0,0.19602,0,220.75,playing,3
40.0066,8.4594,0,0,0.19602,0,217.4,playing,3
40.0222,10.8889,0,0,0.24721,0,214.33,playing,3
40.0385,10.8889,0,0,0.24721,0,211.54,playing,3
40.0546,9.5302,0,0,0.18711,0,209.03,playing,3
40.0703,9.5302,0,0,0.19277,0,206.8,playing,3
40.087,9.5302,0,0,0.19277,0,204.86,playing,3
40.1036,3.7669,0,0,0.27266,0,203.11,playing,3
40.1192,3.7669,0,0,0.27266,0,201.74,playing,3
40.1362,3.7669,0,0,0.24616,0,200.66,playing,3
40.1525,1.8017,0,0,0.24616,0,199.83,playing,3
40.1686,1.8017,0,0,0.24616,0,199.32,playing,3
40.1844,1.8017,0,0,0.23983,0,199.1,playing,3
40.2001,-0.8014,0,0,0.23983,0,199.16,playing,3
40.2169,-0.8014,0,0,0.23983,0,199.51,playing,3
40.2335,-1.8558,0,0,0.29545,0,200.19,playing,3
40.2505,-1.8558,0,0,0.29545,0,201.19,playing,3
40.2671,-1.8558,0,0,0.2739,0,202.41,playing,3
40.2837,-2.1933,0,0,0.2739,0,204.03,playing,3
40.2997,-2.1933,0,0,0.2739,0,205.83,playing,3
40.3168,-2.1933,0,0,0.26515,0,208.06,playing,3
40.3338,-1.76,0,0,0.26515,0,210.61,playing,3
40.3503,-1.76,0,0,0.28992,0,213.48,playing,3
40.3679,-1.76,0,0,0.28992,0,216.47,playing,3
40.3845,-2.2297,0,0,0.30141,0,220.18,playing,3
40.4005,-2.2297,0,0,0.32865,0,223.76,playing,3
40.4166,-2.0668,0,0,0.32865,0,227.62,playing,3
40.4333,-2.0668,0,0,0.28305,0,231.77,playing,3
40.4499,-2.0668,0,0,0.28305,0,236.49,playing,3
40.467,-1.6271,0,0,0.28422,0,241.53,playing,3
40.484,-1.6271,0,0,0.28422,0,246.88,playing,3
40.5006,-1.6271,0,0,0.28395,0,252.56,playing,3
40.5161,-1.0538,0,0,0.28395,0,258.18,playing,3
40.5325,-1.0538,0,0,0.28395,0,264.08,playing,3
40.5481,-7.1813,0,0,0.30214,0,270.27,playing,3
40.5646,-18.1588,1,0,0.30214,0,276.74,playing,3
40.5808,-18.1588,0,0,0.33101,0,270.78,playing,3
40.5969,15.6507,0,0,0.33101,0,265.1,playing,3
40.614,15.6507,0,0,0.25446,0,259.39,playing,3
40.6304,15.6507,0,0,0.25446,0,253.99,playing,3
40.6462,3.0206,0,0,0.18781,0,249.19,playing,3
40.6624,3.0206,0,0,0.18781,0,244.68,playing,3
40.6788,3.0206,0,0,0.20217,0,240.45,playing,3
40.6959,-3.6446,0,0,0.20217,0,236.27,playing,3
40.712,-3.6446,0,0,0.20217,0,232.4,playing,3
40.7285,-3.5289,0,0,0.20217,0,229.05,playing,3
40.7446,-3.5289,0,0,0.20273,0,225.98,playing,3
40.7607,-3.5289,0,0,0.20273,0,223.19,playing,3
40.7765,0.404,0,0,0.21632,0,220.68,playing,3
40.7924,0.404,0,0,0.21632,0,218.45,playing,3
40.8085,0.404,0,0,0.23867,0,216.51,playing,3
40.8245,0.9977,0,0,0.23867,0,214.84,playing,3
40.8403,0.9977,0,0,0.25049,0,213.46,playing,3
40.8571,0.9977,0,0,0.25049,0,212.36,playing,3
40.8737,0.4315,0,0,0.25049,0,211.51,playing,3
40.8911,0.4315,0,0,0.25049,0,210.97,playing,3
40.9077,0.4315,0,0,0.26918,0,210.76,playing,3
40.9237,-0.4208,0,0,0.26918,0,210.83,playing,3
40.9403,-0.4208,0,0,0.26918,0,211.24,playing,3
40.956,-0.1316,0,0,0.3026,0,211.9,playing,3
40.973,-0.1316,0,0,0.3026,0,212.84,playing,3
40.9891,-0.1316,0,0,0.26894,0,214.15,playing,3
41.0057,-1.2814,0,0,0.2827,0,215.68,playing,3
41.0212,-1.2814,0,0,0.2827,0,217.48,playing,3
41.0377,-1.2814,0,0,0.30171,0,219.56,playing,4
41.0537,-1.2814,0,0,0.30916,0,221.93,playing,4
41.0705,-1.2814,0,0,0.30916,0,224.76,playing,4
41.0862,-1.2814,0,0,0.27044,0,227.71,playing,4
41.1025,-1.6259,0,0,0.27044,0,230.94,playing,4
41.1188,-1.6259,0,0,0.27044,0,234.45,playing,4
41.1359,-3.9064,0,0,0.27044,0,238.5,playing,4
41.1526,-3.3288,0,0,0.29479,0,242.86,playing,4
41.1686,-3.3288,0,0,0.26592,0,247.25,playing,4
41.1844,-2.343,0,0,0.26592,0,251.92,playing,4
41.2004,-2.343,0,0,0.26592,0,256.88,playing,4
41.2181,-2.343,0,0,0.30906,0,262.46,playing,4
41.2347,-12.7551,1,0,0.30906,0,268.36,playing,4
41.2505,-12.7551,0,0,0.30906,0,262.4,playing,4
41.2663,-12.7551,0,0,0.26133,0,256.72,playing,4
41.2829,-3.3688,0,0,0.25437,0,251.33,playing,4
41.2994,-3.3688,0,0,0.25437,0,245.91,playing,4
41.3155,-2.7247,0,0,0.21689,0,241.1,playing,4
41.3315,-2.7247,0,0,0.21689,0,236.57,playing,4
41.3471,-2.7247,0,0,0.24261,0,232.31,playing,4
41.3642,4.5834,0,0,0.24261,0,228.34,playing,4
41.3803,4.5834,0,0,0.19527,0,224.44,playing,4
41.3961,4.5834,0,0,0.19527,0,221.06,playing,4
41.413,6.8373,0,0,0.20287,0,217.95,playing,4
41.4298,6.8373,0,0,0.20287,0,214.97,playing,4
41.4465,6.8373,0,0,0.20688,0,212.3,playing,4
41.4623,6.8373,0,0,0.20688,0,210.07,playing,4
41.478,6.8373,0,0,0.22343,0,208.13,playing,4
41.4951,4.9111,0,0,0.22343,0,206.46,playing,4
41.5112,3.4067,0,0,0.22343,0,205.01,playing,4
41.5275,3.4067,0,0,0.22343,0,203.93,playing,4
41.5433,0.855,0,0,0.26503,0,203.13,playing,4
41.5589,0.855,0,0,0.26503,0,202.61,playing,4
41.5757,0.855,0,0,0.26503,0,202.37,playing,4
41.5917,-0.3353,0,0,0.29545,0,202.41,playing,4
41.6089,-0.3353,0,0,0.29545,0,202.78,playing,4
41.6255,-0.3353,0,0,0.29545,0,203.46,playing,4
41.6414,-2.2374,0,0,0.28425,0,204.38,playing,4
41.6578,-2.2374,0,0,0.28425,0,205.59,playing,4
41.6747,-3.4433,0,0,0.26828,0,207.18,playing,4
41.6918,-3.4433,0,0,0.26828,0,209.1,playing,4
41.709,-3.4433,0,0,0.30158,0,211.33,playing,4
41.725,-3.8568,0,0,0.30158,0,213.89,playing,4
41.7412,-3.8568,0,0,0.26107,0,216.57,playing,4
41.7579,-3.8568,0,0,0.26079,0,219.53,playing,4
41.7749,-4.8756,0,0,0.26079,0,223.0,playing,4
41.7911,-4.8756,0,0,0.2749,0,226.79,playing,4
41.8079,-4.8756,0,0,0.26047,0,230.63,playing,4
41.8252,-5.1943,0,0,0.26047,0,235.04,playing,4
41.8423,-5.1943,0,0,0.28125,0,239.76,playing,4
41.859,-4.0669,0,0,0.28125,0,244.8,playing,4
41.8757,-4.0669,0,0,0.26132,0,250.15,playing,4
41.8913,-4.0669,0,0,0.26132,0,255.48,playing,4
41.9073,-7.0796,0,0,0.25708,0,261.08,playing,4
41.9234,-7.0796,0,0,0.25708,0,266.97,playing,4
41.9401,-7.0796,0,0,0.25708,0,273.13,playing,4
41.9567,-13.7484,1,0,0.27972,0,280.01,playing,4
41.974,-13.7484,0,0,0.27972,0,273.69,playing,4
41.9901,1.7633,0,0,0.2252,0,267.7,playing,4
42.0062,1.7633,0,0,0.2252,0,262.34,playing,4
42.0223,1.7633,0,0,0.24069,0,257.26,playing,4
42.0386,3.1632,0,0,0.24069,0,252.46,playing,4
42.0549,3.1632,0,0,0.23398,0,247.95,playing,4
42.0716,3.1632,0,0,0.23398,0,243.47,playing,4
42.0874,4.3617,0,0,0.21483,0,239.54,playing,4
42.1036,4.3617,0,0,0.21483,0,235.88,playing,4
42.1198,4.3617,0,0,0.18422,0,232.51,playing,4
42.1369,2.5139,0,0,0.18422,0,229.25,playing,4
42.1539,2.5139,0,0,0.19178,0,226.3,playing,4
42.1709,3.8543,0,0,0.19178,0,223.67,playing,4
42.1874,3.8543,0,0,0.19028,0,221.36,playing,4
42.2034,3.8543,0,0,0.19028,0,219.47,playing,4
42.2195,1.8084,0,0,0.23332,0,217.86,playing,4
42.2355,1.8084,0,0,0.23332,0,216.53,playing,4
42.2518,1.8084,0,0,0.20765,0,215.48,playing,4
42.2686,1.8084,0,0,0.20765,0,214.69,playing,4
42.2846,1.8084,0,0,0.20765,0,214.22,playing,4
42.3004,1.8084,0,0,0.23424,0,214.03,playing,4
42.3166,1.6057,0,0,0.23424,0,214.13,playing,4
42.3326,1.6057,0,0,0.25035,0,214.51,playing,4
42.3487,0.8184,0,0,0.25035,0,215.17,playing,4
42.3652,0.8184,0,0,0.22914,0,216.11,playing,4
42.3822,0.8184,0,0,0.22914,0,217.42,playing,4
42.3991,0.5853,0,0,0.23216,0,219.06,playing,4
42.417,0.5853,0,0,0.23216,0,221.01,playing,4
42.4337,0.5853,0,0,0.22194,0,223.44,playing,4
42.4492,1.3317,0,0,0.24696,0,225.87,playing,4
42.4658,1.3317,0,0,0.24696,0,228.59,playing,4
42.4814,1.3317,0,0,0.24018,0,231.59,playing,4
42.4976,0.1084,0,0,0.24018,0,234.87,playing,4
42.5136,0.1084,0,0,0.23524,0,238.44,playing,4
42.5292,-7.7156,0,0,0.23524,0,242.28,playing,4
42.545,-7.7156,0,0,0.24694,0,246.41,playing,4
42.562,-7.7156,0,0,0.24694,0,250.82,playing,4
42.579,0.8841,0,0,0.23619,0,255.82,playing,4
42.5953,0.8841,0,0,0.23619,0,261.14,playing,4
42.6113,0.8841,0,0,0.29346,0,266.42,playing,4
42.6272,7.3934,0,0,0.29346,0,271.99,playing,4
42.6432,7.3934,0,0,0.29346,0,277.85,playing,4
42.6603,7.3934,0,0,0.27702,0,283.98,playing,4
42.677,-3.0379,0,0,0.27702,0,290.81,playing,4
42.694,-3.0379,0,0,0.2327,0,297.96,playing,4
42.7112,-6.1672,0,0,0.2327,0,305.43,playing,4
42.7282,-6.1672,0,0,0.23204,0,313.22,playing,4
42.7442,-6.1672,0,0,0.23204,0,321.33,playing,4
42.7603,-8.9309,0,0,0.21314,0,329.24,playing,4
42.7773,-8.9309,0,0,0.21314,0,337.43,playing,4
42.7933,-8.9309,0,0,0.16414,0,346.45,playing,4
42.8094,-9.4887,0,0,0.16414,0,355.22,playing,4
42.8255,-9.4887,0,0,0.16414,0,364.28,playing,4
42.8414,-9.4887,0,0,0.23314,1,373.61,playing,4
42.8575,3.923,0,0,0.23314,0,383.23,playing,4
42.8739,3.923,0,0,0.19871,0,393.13,playing,4
42.8904,14.4557,1,0,0.19871,0,403.97,dead,5
42.9067,14.4557,0,0,0.19871,0,285.0,playing,0
42.9234,14.4557,0,0,0.24403,0,279.04,playing,0
42.9398,11.3913,0,0,0.24403,0,273.03,playing,0
42.9569,11.3913,0,0,0.24403,0,267.33,playing,0
42.9741,11.3913,0,0,0.2825,0,261.96,playing,0
42.9918,5.2165,0,0,0.2825,0,256.62,playing,0
43.0078,5.2165,0,0,0.2825,0,252.16,playing,0
43.0243,2.4119,0,0,0.27561,0,247.73,playing,0
43.0401,2.4119,0,0,0.27561,0,243.85,playing,0
43.0564,2.4119,0,0,0.25679,0,240.25,playing,0
43.072,-10.625,0,0,0.25679,0,236.93,playing,0
43.089,-10.625,0,0,0.28208,0,233.9,playing,0
43.105,-10.625,0,0,0.28208,0,230.99,playing,0
43.121,-5.9861,0,0,0.28208,0,228.53,playing,0
43.1381,-5.9861,0,0,0.3333,0,226.36,playing,0
43.1547,-5.9861,0,0,0.3333,0,224.37,playing,0
43.1717,-3.8918,0,0,0.3333,0,222.77,playing,0
43.1888,-3.8918,0,0,0.27099,0,221.34,playing,0
43.2057,5.7533,0,0,0.27099,0,220.3,playing,0
43.2213,5.7533,0,0,0.21038,0,219.6,playing,0
43.2378,5.7533,0,0,0.21038,0,219.19,playing,0
43.2544,7.7388,0,0,0.22141,0,219.06,playing,0
43.2699,7.7388,0,0,0.22141,0,219.23,playing,0
43.2864,7.7388,0,0,0.2026,0,219.68,playing,0
43.3028,3.8186,0,0,0.2026,0,220.41,playing,0
43.3199,3.8186,0,0,0.2026,0,221.5,playing,0
43.3365,3.8186,0,0,0.19238,0,222.91,playing,0
43.3526,1.9205,0,0,0.19238,0,224.52,playing,0
43.3687,1.9205,0,0,0.21416,0,226.41,playing,0
43.3847,-0.5467,0,0,0.21416,0,228.59,playing,0
43.4008,-0.5467,0,0,0.21416,0,231.04,playing,0
43.4174,-0.5467,0,0,0.2776,0,233.97,playing,0
43.4334,-2.8379,0,0,0.2776,0,237.0,playing,0
43.4495,-2.8379,0,0,0.30976,0,240.32,playing,0
43.4655,-2.8379,0,0,0.30976,0,243.92,playing,0
43.4811,3.721,1,0,0.30976,0,247.8,playing,0
43.4976,3.721,0,0,0.29766,0,241.84,playing,0
43.5137,3.721,0,0,0.29766,0,236.16,playing,0
43.5292,-0.4266,0,0,0.21267,0,230.77,playing,0
43.5452,-0.4266,0,0,0.21267,0,225.65,playing,0
43.5623,-0.4266,0,0,0.20324,0,220.82,playing,0
43.5789,-8.2754,0,0,0.20324,0,216.0,playing,0
43.596,-8.2754,0,0,0.20324,0,211.51,playing,0
43.613,-6.2062,0,0,0.19419,0,207.33,playing,0
43.6296,-6.2062,0,0,0.19419,0,203.46,playing,0
43.6451,-6.2062,0,0,0.16438,0,200.11,playing,0
43.6612,5.0655,0,0,0.16438,0,197.04,playing,0
43.6779,5.0655,0,0,0.17708,0,194.25,playing,0
43.6949,5.0655,0,0,0.17708,0,191.6,playing,0
43.712,7.4039,0,0,0.223,1,189.27,playing,0
43.729,7.4039,0,0,0.223,0,187.26,playing,0
43.745,7.0026,0,0,0.223,0,185.57,playing,0
43.7616,7.0026,0,0,0.25038,0,184.26,playing,0
43.7776,7.0026,0,0,0.25038,0,183.22,playing,0
43.7932,4.093,0,0,0.30606,0,182.48,playing,0
43.8092,4.093,0,0,0.30606,0,182.01,playing,0
43.8258,4.093,0,0,0.30606,0,181.82,playing,0
43.8428,2.3241,0,0,0.29027,0,181.94,playing,0
43.8583,2.3241,0,0,0.29027,0,182.34,playing,0
43.8744,2.3241,0,0,,0,183.02,playing,0
43.8905,-0.5654,0,0,,0,183.97,playing,0
43.9071,-0.5654,0,0,,0,185.21,playing,0
43.9233,-1.5528,0,0,,0,186.85,playing,0
43.9399,-1.5528,0,0,,0,188.67,playing,0
43.9569,-1.5528,0,0,0.25451,0,190.92,playing,0
43.974,-2.0581,0,0,0.25451,0,193.49,playing,0
43.991,-2.0581,0,0,0.28012,0,196.38,playing,0
44.0076,-2.0581,0,0,0.28012,0,199.59,playing,0
44.0237,-3.242,0,0,0.28012,0,202.89,playing,0
44.0404,-3.242,0,0,0.26677,0,206.71,playing,0
44.0566,-3.242,0,0,0.26677,0,210.59,playing,0
44.0726,-2.504,0,0,0.29292,0,214.75,playing,0
44.0887,-2.504,0,0,0.29292,0,219.2,playing,0
44.1047,-3.34,0,0,0.24633,0,223.92,playing,0
44.1209,-3.34,0,0,0.24633,0,228.93,playing,0
44.1374,-3.34,0,0,0.24633,0,234.56,playing,0
44.1539,-10.246,1,0,0.2686,0,240.15,playing,0
44.1699,-10.246,0,0,0.2686,0,233.84,playing,0
44.1866,-10.246,0,0,0.31167,0,228.18,playing,0
44.2023,2.6981,0,0,0.31167,0,222.8,playing,0
44.2189,2.6981,0,0,0.27818,0,217.71,playing,0
44.2354,2.6981,0,0,0.27818,0,212.61,playing,0
44.2522,0.8373,0,0,0.27818,0,208.09,playing,0
44.2682,0.8373,0,0,0.26653,0,203.61,playing,0
44.2848,6.608,0,0,0.26653,0,199.68,playing,0
44.3003,6.608,0,0,0.25355,0,196.03,playing,0
44.3168,6.608,0,0,0.25355,0,192.66,playing,0
44.3334,2.639,0,0,0.25355,0,189.39,playing,0
44.3497,2.639,0,0,0.24657,0,186.6,playing,0
44.3657,2.639,0,0,0.24657,0,184.09,playing,0
44.3817,2.2558,0,0,0.24335,0,181.87,playing,0
44.3988,2.2558,0,0,0.24335,0,179.82,playing,0
44.4153,2.2558,0,0,0.20587,0,178.09,playing,0
44.4311,-0.2882,0,0,0.20587,0,176.74,playing,0
44.4472,-0.2882,0,0,0.20587,0,175.67,playing,0
44.4637,0.1176,0,0,0.2409,0,174.89,playing,0
44.4794,0.1176,0,0,0.2409,0,174.39,playing,0
44.4959,0.1176,0,0,0.22242,0,174.17,playing,0
44.512,-0.3525,0,0,0.22242,0,174.25,playing,0
44.5285,-0.3525,0,0,0.22242,0,174.61,playing,0
44.5445,-0.3525,0,0,0.25668,0,175.25,playing,0
44.5605,-0.444,0,0,0.25668,0,176.17,playing,0
44.5768,-0.444,0,0,0.21689,0,177.38,playing,0
44.5933,-0.444,0,0,0.21689,0,178.98,playing,0
44.6095,-0.3357,0,0,0.28355,0,180.76,playing,0
44.6256,-0.3357,0,0,0.28355,0,182.83,playing,0
44.6417,-0.3357,0,0,0.28355,0,185.18,playing,0
44.6577,-0.4304,0,0,0.22893,0,187.81,playing,0
44.6733,-0.4304,0,0,0.22893,0,190.72,playing,0
44.6913,-0.7745,0,0,0.22893,0,193.92,playing,0
44.7074,-0.7745,0,0,0.23586,0,197.86,playing,0
44.7239,-0.7745,0,0,0.23586,0,201.66,playing,0
44.7404,-1.0219,0,0,0.25017,0,206.0,playing,0
44.756,-1.0219,0,0,0.25017,0,210.38,playing,0
44.773,-1.0219,0,0,0.26128,0,215.03,playing,0
44.7892,-1.4764,0,0,0.26128,0,220.29,playing,0
44.8059,-1.4764,0,0,0.25994,0,225.53,playing,0
44.8227,-1.4764,0,0,0.25994,0,231.41,playing,0
44.8385,-1.3139,0,0,0.25994,0,237.23,playing,0
44.8539,-1.3139,0,0,0.23317,0,243.32,playing,0
44.8699,-19.1171,1,0,0.23317,0,249.7,playing,0
44.8867,-19.1171,0,0,0.28952,0,243.74,playing,0
44.9032,-19.1171,0,0,0.28952,0,237.73,playing,0
44.9192,-8.1205,0,0,0.28952,0,232.35,playing,0
44.9358,-8.1205,0,0,0.26744,0,227.26,playing,0
44.9514,-8.1205,0,0,0.26744,0,222.44,dead,0
44.968,12.8267,0,0,0.2464,0,217.91,dead,0
44.9845,12.8267,0,0,0.2464,0,213.41,dead,0
45.0006,12.8267,0,0,0.29022,0,209.46,dead,0
45.0165,-6.8062,0,0,0.29022,0,205.79,dead,0
45.033,-6.8062,0,0,0.29022,0,202.4,dead,0
45.0497,-10.6282,0,0,0.27099,0,199.12,dead,0
45.0652,-10.6282,0,0,0.27099,0,196.31,dead,0
45.0818,-10.6282,0,0,0.2405,0,193.78,dead,0
45.0984,2.0427,0,0,0.2405,0,191.42,dead,0
45.1145,2.0427,0,0,0.2405,0,189.47,dead,0
45.1302,2.0427,0,0,0.27162,0,187.81,dead,0
45.1463,0.5362,0,0,0.27162,0,186.42,dead,0
45.1628,0.5362,0,0,0.27045,0,185.32,dead,0
45.1797,0.5362,0,0,0.27045,0,184.47,dead,0
45.1957,-0.8126,0,0,0.27045,0,183.95,dead,0
45.2112,-0.8126,0,0,0.24036,0,183.71,dead,0
45.2276,-0.8126,0,0,0.24036,0,183.76,dead,0
45.2431,-2.2238,0,0,0.20005,0,184.08,dead,0
45.2596,-2.2238,0,0,0.20005,0,184.69,dead,0
45.2751,-2.7182,0,0,0.20005,0,185.58,dead,0
45.2917,-2.7182,0,0,0.2278,0,186.75,dead,0
45.3078,-2.7182,0,0,0.2278,0,188.2,dead,0
45.3234,-2.4917,0,0,0.21345,0,189.93,dead,0
45.3399,-2.4917,0,0,0.21345,0,191.94,dead,0
45.357,-2.4917,0,0,0.21345,0,194.4,dead,0
45.3735,-1.9036,0,0,0.25308,0,197.18,dead,0
45.3895,-1.9036,0,0,0.25308,0,200.07,dead,0
45.4061,-1.9036,0,0,0.254,0,203.25,dead,0
45.4226,-1.4785,0,0,0.254,0,206.94,dead,0
45.4381,-1.4785,0,0,0.25352,0,210.7,dead,0
45.4542,-0.8026,0,0,0.25352,0,214.74,dead,0
45.4702,-1.0654,0,0,0.25352,0,219.06,dead,0
45.4862,-1.0654,0,0,0.25352,0,223.66,dead,0
45.5023,-0.6595,0,0,0.25352,0,228.54,dead,0
45.5188,-0.6595,0,0,0.26076,0,233.71,dead,0
45.5353,-0.6595,0,0,0.26076,0,239.51,dead,0
45.5519,-0.5284,0,0,0.26076,0,245.26,dead,0
45.5689,-0.5284,0,0,0.29309,0,251.68,dead,0
45.5855,-0.5284,0,0,0.29309,0,258.42,dead,0
45.602,-10.3522,0,0,0.28541,0,265.05,dead,0
45.6186,-10.3522,0,0,0.28541,0,272.4,dead,0
45.6351,-16.4531,1,0,0.28541,0,279.61,dead,0
45.6512,-16.4531,0,0,0.25106,0,285.0,playing,0
45.6673,-16.4531,0,0,0.25106,0,279.04,playing,0
45.6839,-2.4473,0,0,0.24402,0,273.36,playing,0
45.7009,-2.4473,0,0,0.24402,0,267.65,playing,0
45.718,-2.4473,0,0,0.27686,0,262.26,playing,0
45.735,2.5817,0,0,0.27686,0,257.18,playing,0
45.7515,2.5817,0,0,0.27686,0,252.42,playing,0
45.7676,2.5817,0,0,0.20508,0,248.22,playing,0
45.7836,17.024,0,0,0.20508,0,244.3,playing,0
45.7996,17.024,0,0,0.24689,0,240.67,playing,0
45.8152,14.4406,0,0,0.24689,0,237.31,playing,0
45.8312,14.4406,0,0,0.17558,0,234.24,playing,0
45.8482,14.4406,0,0,0.17558,0,231.45,playing,0
45.8647,7.6713,0,0,0.17558,0,228.8,playing,0
45.8818,7.6713,0,0,0.17558,0,226.48,playing,0
45.8989,7.6713,0,0,0.18796,1,224.46,playing,0
45.9155,4.3774,0,0,0.18796,0,222.77,playing,0
45.9315,4.3774,0,0,0.2064,0,221.46,playing,0
45.9472,4.3774,0,0,0.30323,0,220.43,playing,0
45.9642,4.3774,0,0,0.30323,0,219.68,playing,0
45.9805,4.3774,0,0,0.30286,0,219.2,playing,0
45.9968,4.3774,0,0,0.33547,0,219.03,playing,0
46.0139,4.3774,0,0,0.33547,0,219.17,playing,0
46.031,4.3774,0,0,0.29059,0,219.63,playing,0
46.0485,-2.9628,0,0,0.29059,0,220.41,playing,0
46.0655,-2.9628,0,0,0.27962,0,221.58,playing,0
46.0816,-2.9628,0,0,0.33557,0,222.91,playing,0
46.0976,-3.405,0,0,0.33557,0,224.52,playing,0
46.1136,-3.405,0,0,0.34692,0,226.41,playing,0
46.1296,-3.2785,0,0,0.31524,0,228.58,playing,0
46.1458,-3.2785,0,0,0.31524,0,231.04,playing,0
46.1623,-3.2785,0,0,0.31524,0,233.96,playing,0
46.1784,-3.8059,0,0,0.31524,0,237.0,playing,0
46.1949,-3.8059,0,0,0.34026,0,240.32,playing,0
46.2119,-3.8059,0,0,0.31948,0,244.16,playing,0
46.2284,-12.7491,1,0,0.31948,0,248.32,playing,0
46.2443,-12.7491,0,0,0.28073,0,242.36,playing,0
46.2606,-12.7491,0,0,0.28073,0,236.68,playing,0
46.2788,11.8268,0,0,0.23186,0,231.29,playing,0
46.2953,11.8268,0,0,0.23186,0,225.28,playing,0
46.3117,-15.2655,0,0,0.23186,0,220.5,playing,0
46.3279,-15.2655,0,0,0.23186,0,216.0,playing,0
46.3448,-15.2655,0,0,0.25006,0,211.54,playing,0
46.362,-14.7265,0,0,0.25006,0,207.4,playing,0
46.3788,-14.7265,0,0,0.20402,0,203.57,playing,0
46.3958,-14.7265,0,0,0.20402,0,200.07,playing,0
46.4121,-5.1489,0,0,0.26209,0,196.88,playing,0
46.4292,-5.1489,0,0,0.26209,0,194.16,playing,0
46.4458,8.9614,0,0,0.20322,0,191.58,playing,0
46.4625,8.9614,0,0,0.20322,0,189.33,playing,0
46.4784,8.9614,0,0,0.16513,0,187.49,playing,0
46.4951,8.9579,0,0,0.16513,0,185.93,playing,0
46.512,8.9579,0,0,0.16513,0,184.59,playing,0
46.5287,8.9579,0,0,0.20445,1,183.57,playing,0
46.5458,3.5855,0,0,0.23198,0,182.87,playing,0
46.5629,3.5855,0,0,0.23198,0,182.49,playing,0
46.5798,1.9922,0,0,0.23167,0,182.42,playing,0
46.5966,1.9922,0,0,0.23167,0,182.67,playing,0
46.6128,1.9922,0,0,0.30266,0,183.19,playing,0
46.6301,0.1072,0,0,0.30266,0,184.06,playing,0
46.6467,0.1072,0,0,0.2686,0,185.25,playing,0
46.6623,0.1072,0,0,0.2686,0,186.65,playing,0
46.6793,-1.4465,0,0,0.31397,0,188.33,playing,0
46.6961,-1.4465,0,0,0.31397,0,190.43,playing,0
46.7125,-1.4465,0,0,0.31397,0,192.85,playing,0
46.7288,-1.4465,0,0,0.31397,0,195.41,playing,0
46.7456,-1.4465,0,0,0.28858,0,198.45,playing,0
46.7617,-2.2197,0,0,0.28858,0,201.59,playing,0
46.7772,-2.2197,0,0,0.3428,0,205.01,playing,0
46.7943,-2.2197,0,0,0.3428,0,208.71,playing,0
46.8101,-2.2197,0,0,0.32612,0,212.97,playing,0
46.8259,-2.2197,0,0,0.32612,0,217.25,playing,0
46.8426,-2.2197,0,0,0.3285,0,221.82,playing,0
46.8587,-2.8693,0,0,0.3285,0,226.67,playing,0
46.8747,-2.8693,0,0,0.3285,0,231.8,playing,0
46.8921,-2.8693,0,0,0.33826,0,237.56,playing,0
46.9086,-4.5468,0,0,0.33826,0,243.65,playing,0
46.9248,-4.5468,0,0,0.29046,0,249.66,playing,0
46.9413,-17.0542,1,0,0.29046,0,256.36,playing,0
46.958,-17.0542,0,0,0.30683,0,250.4,playing,0
46.975,-17.0542,0,0,0.30683,0,244.39,playing,0
46.9916,4.6332,0,0,0.29351,0,238.7,playing,0
47.0075,4.6332,0,0,0.29351,0,233.62,playing,0
47.0243,4.6332,0,0,0.18314,0,228.82,playing,0
47.0409,-4.9524,0,0,0.18314,0,224.04,playing,0
47.0573,-4.9524,0,0,0.23432,0,219.58,playing,0
47.0734,-4.9524,0,0,0.23432,0,215.67,playing,0
47.0896,-4.9524,0,0,0.25843,0,212.03,playing,0
47.1054,-4.9524,0,0,0.25843,0,208.68,playing,0
47.1219,2.2959,0,0,0.25843,0,205.6,playing,0
47.139,2.2959,0,0,0.25843,0,202.66,playing,0
47.1557,2.2959,0,0,0.20566,0,200.03,playing,0
47.1714,7.0847,0,0,0.2314,0,197.84,playing,0
47.1875,7.0847,0,0,0.2314,0,195.93,playing,0
47.2031,7.0847,0,0,0.2314,0,194.3,playing,0
47.2193,15.229,0,0,0.23474,0,192.95,playing,0
47.235,15.229,0,0,0.23474,0,191.89,playing,0
47.2517,15.229,0,0,0.18547,0,191.1,playing,0
47.2673,11.3387,0,0,0.18547,0,190.6,playing,0
47.2837,11.3387,0,0,0.22107,0,190.38,playing,0
47.2995,7.576,0,0,0.22107,0,190.44,playing,0
47.3153,7.576,0,0,0.27356,0,190.78,playing,0
47.3318,7.576,0,0,0.27356,0,191.41,playing,0
47.3473,2.892,0,0,0.29656,0,192.31,playing,0
47.3639,2.892,0,0,0.29656,0,193.5,playing,0
47.3809,2.892,0,0,0.31837,0,195.08,playing,0
47.398,0.7604,0,0,0.31837,0,196.98,playing,0
47.4146,0.7604,0,0,0.29323,0,199.19,playing,0
47.4308,0.7604,0,0,0.29323,0,201.56,playing,0
47.4473,-2.1708,0,0,0.28748,0,204.39,playing,0
47.4636,-2.1708,0,0,0.28748,0,207.34,playing,0
47.4793,-2.6802,0,0,0.28562,0,210.57,playing,0
47.4953,-2.6802,0,0,0.28562,0,214.08,playing,0
47.5112,-2.6802,0,0,0.28562,0,217.87,playing,0
47.5274,-3.0049,0,0,0.28562,0,221.94,playing,0
47.5433,-3.0049,0,0,0.28227,0,226.3,playing,0
47.5592,-3.0049,0,0,0.28227,0,230.93,playing,0
47.5758,-3.1894,0,0,0.28227,0,235.85,playing,0
47.5928,-3.1894,0,0,0.28227,0,241.4,playing,0
47.6092,-3.1894,0,0,0.31298,0,247.26,playing,0
47.6253,-4.7925,0,0,0.3223,0,253.06,playing,0
47.6414,-4.7925,0,0,0.3223,0,259.14,playing,0
47.6581,-15.5297,1,0,0.28595,0,265.5,playing,0
47.6752,-12.686,0,0,0.28595,0,259.18,playing,0
47.6917,-12.686,0,0,0.27545,0,253.19,playing,0
47.7079,37.1764,0,0,0.27545,0,247.83,playing,0
47.7252,37.1764,0,0,0.23841,0,242.45,playing,0
47.7418,37.1764,0,0,0.23841,0,237.39,playing,0
47.7583,21.9834,0,0,0.2542,0,232.65,playing,0
47.7751,21.9834,0,0,0.2542,0,228.47,playing,0
47.7911,21.9834,0,0,0.24622,0,224.35,dead,0
47.8077,21.9834,0,0,0.23905,0,220.75,dead,0
47.8238,21.9834,0,0,0.23905,0,217.43,dead,0
47.8404,-33.6843,0,0,0.23955,0,214.22,dead,0
47.8572,-33.6843,0,0,0.23955,0,211.48,dead,0
47.8737,-33.6843,0,0,0.20644,0,208.89,dead,0
47.8901,-19.682,0,0,0.20644,0,206.74,dead,0
47.9062,-19.682,0,0,0.20644,0,204.76,dead,0
47.923,-19.682,0,0,0.20644,0,203.19,dead,0
47.9391,-7.0296,0,0,0.19265,0,201.83,dead,0
47.9553,-7.0296,0,0,0.22842,0,200.83,dead,0
47.9727,-7.0296,0,0,0.22842,0,200.1,dead,0
47.9882,-4.0623,0,0,0.26829,0,199.68,dead,0
48.0042,-4.0623,0,0,0.26829,0,199.55,dead,0
48.0209,-4.0623,0,0,0.28284,0,199.7,dead,0
48.0369,-4.0623,0,0,0.28284,0,200.17,dead,0
48.0533,-4.0623,0,0,0.30629,0,200.9,dead,0
48.0699,-2.4038,0,0,0.30629,0,201.91,dead,0
48.087,-2.4038,0,0,0.28784,0,203.31,dead,0
48.1032,-2.4038,0,0,0.28784,0,205.02,dead,0
48.1198,1.2656,0,0,0.26165,0,206.91,dead,0
48.1364,1.2656,0,0,0.26165,0,209.23,dead,0
48.1528,1.2656,0,0,0.26196,0,211.71,dead,0
48.1693,1.7261,0,0,0.26196,0,214.65,dead,0
48.1856,1.7261,0,0,0.29907,0,217.7,dead,0
48.2011,2.3449,0,0,0.29907,0,221.04,dead,0
48.2175,2.3449,0,0,0.28415,0,224.65,dead,0
48.2333,2.3449,0,0,0.28415,0,228.55,dead,0
48.2499,1.9545,0,0,0.27881,0,232.73,dead,0
48.2661,1.9545,0,0,0.27881,0,237.49,dead,0
48.2827,1.9545,0,0,0.27881,0,242.25,dead,0
48.299,-9.8055,0,0,0.25771,0,247.29,dead,0
48.3153,-9.8055,0,0,0.25771,0,252.97,dead,0
48.3318,-9.8055,0,0,0.25748,0,258.59,dead,0
48.3488,-1.8125,1,0,0.25748,0,264.88,dead,0
48.3653,-1.8125,0,0,0.22874,0,285.0,playing,0
48.3814,6.5994,0,0,0.22874,0,279.04,playing,0
48.3974,6.5994,0,0,0.19731,0,273.36,playing,0
48.4132,6.5994,0,0,0.19731,0,267.97,playing,0
48.4297,5.7681,0,0,0.21441,0,262.86,playing,0
48.4459,5.7681,0,0,0.21441,0,258.02,playing,0
48.463,5.7681,0,0,0.21498,0,253.21,playing,0
48.4797,5.1328,0,0,0.21498,0,248.71,playing,0
48.4963,5.1328,0,0,0.22112,0,244.53,playing,0
48.5122,5.1328,0,0,0.20894,0,240.88,playing,0
48.5285,8.5911,0,0,0.20894,0,237.51,playing,0
48.5444,8.5911,0,0,0.20817,0,234.42,playing,0
48.5602,7.3055,0,0,0.20817,0,231.61,playing,0
48.5769,7.3055,0,0,0.22727,0,229.08,playing,0
48.5936,7.3055,0,0,0.22727,0,226.72,playing,0
48.6093,5.0131,0,0,0.22727,0,224.77,playing,0
48.6252,5.0131,0,0,0.26233,0,223.11,playing,0
48.6414,5.0131,0,0,0.26233,0,221.72,playing,0
48.6578,1.2769,0,0,0.27479,0,220.62,playing,0
48.6744,1.2769,0,0,0.27479,0,219.77,playing,0
48.6905,1.2769,0,0,0.25074,0,219.25,playing,0
48.7069,0.0082,0,0,0.25074,0,219.01,playing,0
48.7236,0.0082,0,0,0.31856,0,219.08,playing,0
48.7396,-0.947,0,0,0.31856,0,219.42,playing,0
48.7551,-0.947,0,0,0.25811,0,220.04,playing,0
48.7719,-0.947,0,0,0.25811,0,220.95,playing,0
48.7888,-1.9537,0,0,0.27603,0,222.23,playing,0
48.8057,-1.9537,0,0,0.27603,0,223.83,playing,0
48.8216,-1.9537,0,0,0.23526,0,225.61,playing,0
48.8373,-2.2806,0,0,0.23526,0,227.68,playing,0
48.8541,-2.2806,0,0,0.30497,0,230.03,playing,0
48.8712,-2.2806,0,0,0.30497,0,232.84,playing,0
48.887,-2.7576,0,0,0.26122,0,235.97,playing,0
48.9036,-2.7576,0,0,0.26122,0,239.2,playing,0
48.9197,-8.2016,0,0,0.254,0,242.71,playing,0
48.9358,-8.2016,0,0,0.254,0,246.5,playing,0
48.9526,-8.2016,0,0,0.24691,0,250.85,playing,0
48.9688,-12.9435,1,0,0.24691,0,255.22,playing,0
48.9843,-12.9435,0,0,0.24691,0,249.27,playing,0
49.0004,-12.9435,0,0,0.24731,0,243.59,playing,0
49.0165,55.7367,0,0,0.24731,0,238.19,playing,0
49.0326,55.7367,0,0,0.21202,0,233.08,playing,0
49.0499,55.7367,0,0,0.21202,0,227.96,playing,0
49.0672,11.6321,0,0,0.18259,0,223.17,playing,0
49.0832,11.6321,0,0,0.18259,0,218.69,playing,0
49.0999,-15.9222,0,0,0.17776,0,214.75,playing,0
49.1168,-15.9222,0,0,0.17776,0,210.89,playing,0
49.1333,-15.9222,0,0,0.19874,1,207.35,playing,0
49.1495,-10.8084,0,0,0.19874,0,204.29,playing,0
49.1662,-10.8084,0,0,0.19149,0,201.52,playing,0
49.1826,-10.8084,0,0,0.19149,0,198.89,playing,0
49.1982,-8.1532,0,0,0.17708,0,196.7,playing,0
49.215,-8.1532,0,0,0.17708,0,194.79,playing,0
49.2316,-8.1532,0,0,0.22891,0,193.08,playing,0
49.2472,-4.8747,0,0,0.22891,0,191.75,playing,0
49.2637,-4.8747,0,0,0.22487,0,190.7,playing,0
49.2795,-3.0536,0,0,0.29109,0,189.93,playing,0
49.2958,-3.0536,0,0,0.29109,0,189.45,playing,0
49.3134,-3.0536,0,0,0.29109,0,189.25,playing,0
49.3293,-0.2803,0,0,0.28595,0,189.37,playing,0
49.3452,-0.2803,0,0,0.28595,0,189.77,playing,0
49.3616,-0.2803,0,0,0.27159,0,190.44,playing,0
49.3778,-0.1405,0,0,0.27159,0,191.4,playing,0
49.3943,-0.1405,0,0,0.26126,0,192.74,playing,0
49.4102,-0.1405,0,0,0.26126,0,194.28,playing,0
49.4264,1.1688,0,0,0.28578,0,196.1,playing,0
49.4424,1.1688,0,0,0.28578,0,198.2,playing,0
49.4582,1.1688,0,0,0.28578,0,200.58,playing,0
49.475,1.5879,0,0,0.25749,0,203.25,playing,0
49.4915,1.5879,0,0,0.27926,0,206.4,playing,0
49.5072,1.8237,0,0,0.27926,0,209.65,playing,0
49.5236,1.8237,0,0,0.29536,0,213.17,playing,0
49.5392,1.8237,0,0,0.29536,0,216.98,playing,0
49.5561,1.823,0,0,0.27177,0,221.08,playing,0
49.573,1.823,0,0,0.27177,0,225.74,playing,0
49.5898,1.823,0,0,0.27492,0,230.72,playing,0
49.6059,1.8709,0,0,0.27492,0,235.69,playing,0
49.6226,1.8709,0,0,0.28635,0,241.29,playing,0
49.639,-1.1315,0,0,0.28635,0,246.85,playing,0
49.6558,-17.8464,1,0,0.28767,0,253.06,playing,0
49.6729,-17.8464,0,0,0.28767,0,246.75,playing,0
49.6901,27.7277,0,0,0.28767,0,240.76,playing,0
49.7067,27.7277,0,0,0.24597,0,235.08,playing,0
49.7238,27.7277,0,0,0.24597,0,229.72,playing,0
49.7409,69.4006,0,0,0.23084,0,224.68,playing,0
49.7572,69.4006,0,0,0.23084,0,219.96,playing,0
49.7736,6.9978,0,0,0.19312,0,215.8,playing,0
49.7897,6.9978,0,0,0.19312,0,211.91,playing,0
49.8053,6.9978,0,0,0.19268,0,208.31,playing,0
49.8214,-31.2915,0,0,0.19268,0,205.0,playing,0
49.8375,-31.2915,0,0,0.20238,0,201.96,playing,0
49.8531,-31.2915,0,0,0.20238,0,199.2,playing,0
49.8698,-7.234,0,0,0.21287,0,196.73,playing,0
49.8854,-7.234,0,0,0.21287,0,194.54,playing,0
49.9015,-7.234,0,0,0.17708,0,192.63,playing,0
49.9177,-4.9649,0,0,0.17708,0,191.0,playing,0
49.9338,-4.9649,0,0,0.21631,1,189.65,playing,0
49.951,-4.9649,0,0,0.21631,0,188.54,playing,0
49.9675,-2.9898,0,0,0.21599,0,187.74,playing,0
49.9835,-2.9898,0,0,0.21599,0,187.28,playing,0
49.9995,-1.8633,0,0,0.21599,0,187.09,playing,0
50.0154,-0.7323,0,0,0.26801,0,187.19,playing,0
50.032,-0.7323,0,0,0.26801,0,187.56,playing,0
50.0484,0.1625,0,0,0.25352,0,188.28,playing,0
50.0642,0.1625,0,0,0.25352,0,189.24,playing,0
50.0817,0.1625,0,0,0.25352,0,190.48,playing,0
50.0993,0.3095,0,0,0.26126,0,192.23,playing,0
50.115,0.3095,0,0,0.26126,0,194.2,playing,0
50.1319,0.3095,0,0,0.26503,0,196.34,playing,0
50.148,0.3095,0,0,0.26503,0,198.93,playing,0
50.1645,0.3095,0,0,0.29485,0,201.65,playing,0
50.1806,0.3095,0,0,0.29485,0,204.65,playing,0
50.1962,0.3095,0,0,0.27173,0,207.93,playing,0
50.2124,0.3095,0,0,0.27173,0,211.49,playing,0
50.2284,1.2192,0,0,0.27173,0,215.34,playing,0
50.2447,1.2192,0,0,0.29572,0,219.47,playing,0
50.2614,1.2192,0,0,0.29572,0,224.17,playing,0
50.278,0.9735,0,0,0.26822,0,228.87,playing,0
50.2952,0.9735,0,0,0.26822,0,234.19,playing,0
50.3116,0.9735,0,0,0.27554,0,239.83,playing,0
50.3278,1.0805,0,0,0.27554,0,245.42,playing,0
50.3442,1.0805,0,0,0.27554,0,251.67,playing,0
50.3609,-0.7107,0,0,0.2676,0,257.84,playing,0
50.378,-0.7107,0,0,0.2676,0,264.71,playing,0
50.3946,-0.7107,0,0,0.27475,0,271.9,playing,0
50.4102,-15.7842,1,0,0.27475,0,278.95,playing,0
50.4266,-15.7842,0,0,0.27178,0,272.99,playing,0
50.4427,-15.7842,0,0,0.27178,0,267.31,playing,0
50.4584,24.0181,0,0,0.27178,0,261.92,playing,0
50.4751,24.0181,0,0,0.28317,0,256.81,playing,0
50.4914,24.0181,0,0,0.28317,0,251.69,playing,0
50.508,40.4943,0,0,0.26858,0,247.16,playing,0
50.5241,40.4943,0,0,0.26858,0,242.66,playing,0
50.5404,-55.663,0,0,0.26858,0,238.71,playing,0
50.5567,-55.663,0,0,0.17967,0,235.04,playing,0
50.5724,-55.663,0,0,0.17967,0,231.65,playing,0
50.5892,-41.891,0,0,0.23077,1,228.54,playing,0
50.6051,-41.891,0,0,0.23077,0,225.56,playing,0
50.622,-41.891,0,0,0.20271,0,223.03,playing,0
50.6385,-30.6046,0,0,0.20271,0,220.66,playing,0
50.6544,-30.6046,0,0,0.20271,0,218.72,dead,0
50.6707,-30.6046,0,0,0.21612,0,217.05,dead,0
50.6874,-14.9342,0,0,0.21612,0,215.6,dead,0
50.7037,-14.9342,0,0,0.24638,0,214.52,dead,0
50.7192,-9.8604,0,0,0.24638,0,213.72,dead,0
50.7359,-9.8604,0,0,0.24638,0,213.2,dead,0
50.7527,-9.8604,0,0,0.25041,0,212.97,dead,0
50.7683,-2.2255,0,0,0.25041,0,213.03,dead,0
50.7848,-2.2255,0,0,0.25041,0,213.37,dead,0
50.8017,-2.2255,0,0,0.23963,0,214.05,dead,0
50.8173,0.5359,0,0,0.23963,0,214.97,dead,0
50.8338,0.5359,0,0,0.27212,0,216.18,dead,0
50.8509,0.5359,0,0,0.27212,0,217.78,dead,0
50.8679,2.3987,0,0,0.27212,0,219.69,dead,0
50.8845,2.3987,0,0,0.2499,0,221.93,dead,0
50.9002,3.5331,0,0,0.2499,0,224.31,dead,0
50.9168,3.5331,0,0,0.27113,0,226.98,dead,0
50.9326,3.5331,0,0,0.27113,0,229.92,dead,0
50.949,4.4322,0,0,0.28198,0,233.15,dead,0
50.9657,4.4322,0,0,0.28198,0,236.9,dead,0
50.9812,4.4322,0,0,0.28595,0,240.71,dead,0
50.9973,4.3321,0,0,0.28595,0,244.8,dead,0
51.0132,4.3321,0,0,0.28595,0,249.17,dead,0
51.0293,4.3321,0,0,0.25788,0,253.83,dead,0
51.0459,4.4282,0,0,0.25788,0,258.76,dead,0
51.0623,4.4282,0,0,0.29147,0,264.33,dead,0
51.0792,-3.7065,0,0,0.29147,0,269.84,dead,0
51.0953,-4.1991,1,0,0.2719,0,276.02,dead,0
51.1112,-4.1991,0,0,0.2719,0,285.0,playing,0
51.1274,-4.1991,0,0,0.2719,0,279.04,playing,0
51.1439,-4.1991,0,0,0.28595,0,273.36,playing,0
51.1603,-4.1991,0,0,0.28595,0,267.65,playing,0
51.1768,13.6606,0,0,0.30993,0,262.56,playing,0
51.194,13.6606,0,0,0.30993,0,257.46,playing,0
51.2107,13.6606,0,0,0.30993,0,252.68,playing,0
51.2263,-2.3404,0,0,0.23332,0,248.46,playing,0
51.2422,-2.3404,0,0,0.23332,0,244.53,playing,0
51.2591,1.29,0,0,0.23544,0,240.88,playing,0
51.2752,1.29,0,0,0.23544,0,237.31,playing,0
51.2915,1.29,0,0,0.20496,0,234.24,playing,0
51.307,8.0828,0,0,0.20496,0,231.45,playing,0
51.3235,8.0828,0,0,0.20496,0,228.94,playing,0
51.3398,8.0828,0,0,0.22549,0,226.71,playing,0
51.3563,11.0088,0,0,0.22549,0,224.67,playing,0
51.373,11.0088,0,0,0.21358,0,223.02,playing,0
51.3894,11.0088,0,0,0.21358,0,221.59,playing,0
51.4056,9.1141,0,0,0.17997,0,220.52,playing,0
51.4219,9.1141,0,0,0.17997,0,219.74,playing,0
51.4387,9.1141,0,0,0.22886,1,219.22,playing,0
51.4548,4.4751,0,0,0.22886,0,219.02,playing,0
51.4715,4.4751,0,0,0.22886,0,219.12,playing,0
51.4881,2.5135,0,0,0.30906,0,219.5,playing,0
51.5043,2.5135,0,0,0.30906,0,220.22,playing,0
51.5204,2.5135,0,0,0.30672,0,221.18,playing,0
51.5365,-0.4568,0,0,0.30672,0,222.42,playing,0
51.5531,-0.4568,0,0,0.30427,0,223.94,playing,0
51.5695,-0.4568,0,0,0.30427,0,225.87,playing,0
51.586,-1.1671,0,0,0.30427,0,227.98,playing,0
51.6026,-1.1671,0,0,0.28163,0,230.53,playing,0
51.6184,-1.1671,0,0,0.28163,0,233.21,playing,0
51.6343,-3.1648,0,0,0.28753,0,236.18,playing,0
51.6504,-3.1648,0,0,0.28753,0,239.42,playing,0
51.6664,-3.3168,0,0,0.28753,0,242.95,playing,0
51.6819,-3.3168,0,0,0.25714,0,246.76,playing,0
51.699,-3.3168,0,0,0.25714,0,250.85,playing,0
51.7155,-3.9574,0,0,0.28664,0,255.52,playing,0
51.7316,-3.9574,0,0,0.28664,0,260.19,playing,0
51.7472,-3.9574,0,0,0.28664,0,265.14,playing,0
51.7642,-4.0696,0,0,0.29205,0,270.38,playing,0
51.7803,-4.0696,0,0,0.29205,0,276.26,playing,0
51.7963,-4.0696,0,0,0.29205,0,282.07,playing,0
51.8128,-4.1135,0,0,0.28637,0,288.17,playing,0
51.8299,-4.1135,0,0,0.28637,0,294.97,playing,0
51.8464,-3.6856,0,0,0.30747,0,302.08,playing,0
51.8626,-3.6856,0,0,0.30747,0,309.06,playing,0
51.8801,-3.6856,0,0,0.30747,0,316.32,playing,0
51.897,-15.2825,1,0,0.30747,0,324.84,playing,0
51.9132,-15.2825,0,0,0.30747,0,318.53,playing,0
51.9292,-15.2825,0,0,0.31231,0,312.87,playing,0
51.9458,24.1087,0,0,0.31231,0,307.49,playing,0
51.9618,24.1087,0,0,0.28199,0,302.4,playing,0
51.9785,24.3228,0,0,0.28199,0,297.3,playing,0
51.9946,-9.2964,0,0,0.28199,0,292.79,playing,0
52.0108,-9.2964,0,0,0.30317,0,288.55,playing,0
52.0274,-16.641,0,0,0.30317,0,284.37,playing,0
52.0435,-16.641,0,0,0.25363,0,280.72,playing,0
52.0595,-16.641,0,0,0.25363,0,277.35,playing,0
52.075,-9.4809,0,0,0.20765,0,274.26,playing,0
52.0915,-9.4809,0,0,0.20765,0,271.45,playing,0
52.1075,-9.4809,0,0,0.20765,0,268.92,playing,0
52.1235,0.6282,0,0,0.2021,0,266.68,playing,0
52.1396,0.6282,0,0,0.2021,0,264.72,playing,0
52.1557,0.6282,0,0,0.2021,0,263.03,playing,0
52.1718,2.8119,0,0,0.2021,0,261.63,playing,0
52.1879,2.8119,0,0,0.20542,0,260.52,playing,0
52.205,2.764,0,0,0.20542,0,259.64,playing,0
52.2213,2.2755,0,0,0.19688,0,259.09,playing,0
52.2374,2.2755,0,0,0.19688,0,258.85,playing,0
52.2531,2.1517,0,0,0.19688,0,258.9,playing,0
52.2703,2.1517,0,0,0.2717,0,259.22,playing,0
52.2863,2.1517,0,0,0.2717,0,259.88,playing,0
52.3024,1.8632,0,0,0.2616,0,260.79,playing,0
52.319,1.8632,0,0,0.2616,0,261.98,playing,0
52.3355,1.8632,0,0,0.30352,0,263.56,playing,0
52.3519,0.424,0,0,0.30352,0,265.33,playing,0
52.3684,0.424,0,0,0.30352,0,267.52,playing,0
52.3845,-0.3476,0,0,0.26908,0,269.87,playing,0
52.4006,-0.3476,0,0,0.26908,0,272.5,playing,0
52.4172,-0.3476,0,0,0.27271,0,275.41,playing,0
52.4332,-3.7109,0,0,0.27271,0,278.82,playing,0
52.4504,-3.7109,0,0,0.27271,0,282.32,playing,0
52.467,-3.7109,0,0,0.24664,0,286.35,playing,0
52.484,-8.2148,0,0,0.24664,0,290.69,playing,0
52.5006,-8.2148,0,0,0.27154,0,295.36,playing,0
52.5167,-8.2148,0,0,0.27154,0,300.03,playing,0
52.5328,21.7927,1,0,0.27177,0,304.98,playing,0
52.5491,21.7927,0,0,0.27177,0,298.67,playing,0
52.566,48.5391,0,0,0.27177,0,293.01,playing,0
52.5826,48.5391,0,0,0.27177,0,287.32,playing,0
52.5989,48.5391,0,0,0.27177,0,282.24,playing,0
52.6154,-18.2792,0,0,0.26506,0,277.16,playing,0
52.6319,-18.2792,0,0,0.26506,0,272.66,playing,0
52.648,-18.2792,0,0,0.22538,0,268.2,playing,0
52.6641,-23.1458,0,0,0.22538,0,264.29,playing,0
52.6807,-23.1458,0,0,0.18534,0,260.65,playing,0
52.6972,-23.1458,0,0,0.18534,0,257.3,playing,0
52.7139,-12.9362,0,0,0.18534,0,254.05,playing,0
52.731,-12.9362,0,0,0.19946,0,251.12,playing,0
52.7482,4.9911,0,0,0.19946,0,248.51,playing,0
52.7648,4.9911,0,0,0.1898,0,246.22,playing,0
52.7819,4.9911,0,0,0.1898,0,244.25,playing,0
52.7985,4.9984,0,0,0.19676,0,242.59,playing,0
52.8147,4.9984,0,0,0.19676,0,241.32,playing,0
52.8303,4.9984,0,0,0.19676,0,240.32,playing,0
52.847,3.8485,0,0,0.19541,0,239.61,playing,0
52.8641,3.8485,0,0,0.19541,0,239.17,playing,0
52.8809,3.2912,0,0,0.18255,0,239.05,playing,0
52.8979,3.2912,0,0,0.18255,0,239.24,playing,0
52.915,3.2912,0,0,0.25092,0,239.75,playing,0
52.932,1.7462,0,0,0.25092,0,240.59,playing,0
52.949,1.7462,0,0,0.25092,0,241.73,playing,0
52.9662,1.7462,0,0,0.2616,0,243.2,playing,0
52.9824,0.9724,0,0,0.2616,0,244.99,playing,0
52.998,0.9724,0,0,0.26127,0,246.95,playing,0
53.015,0.9724,0,0,0.26127,0,249.19,playing,0
53.0316,0.9724,0,0,0.27978,0,251.89,playing,0
53.0472,0.9724,0,0,0.27978,0,254.72,playing,0
53.0635,0.5106,0,0,0.27978,0,257.82,playing,0
53.079,0.5106,0,0,0.29998,0,261.21,playing,0
53.0961,0.5106,0,0,0.29998,0,264.88,playing,0
53.1124,-0.6603,0,0,0.24664,0,269.09,playing,0
53.1283,-0.6603,0,0,0.24664,0,273.34,playing,0
53.1439,-0.6603,0,0,0.24664,0,277.88,playing,0
53.16,-9.806,0,0,0.26816,0,282.69,playing,0
53.1761,-9.806,0,0,0.26816,0,287.78,playing,0
53.1923,-9.806,0,0,0.25445,0,293.16,playing,0
53.2084,50.3602,1,0,0.25445,0,298.82,playing,0
53.2265,50.3602,0,0,0.25445,0,292.86,playing,0
53.243,45.8701,0,0,0.26494,0,286.51,playing,0
53.2591,45.8701,0,0,0.26494,0,280.83,playing,0
53.2754,45.8701,0,0,0.26494,0,275.77,playing,0
53.292,20.592,0,0,0.26494,0,270.99,playing,0
53.3083,20.592,0,0,0.23131,0,266.23,playing,0
53.3244,20.592,0,0,0.23131,0,262.04,playing,0
53.3415,-29.87,0,0,0.23131,0,258.12,playing,0
53.3585,-29.87,0,0,0.18845,0,254.07,playing,0
53.3746,-23.6787,0,0,0.18845,0,250.75,playing,0
53.3901,-23.6787,0,0,0.20367,0,247.71,playing,0
53.4072,-23.6787,0,0,0.20367,0,244.96,playing,0
53.4233,-15.238,0,0,0.19226,0,242.35,playing,0
53.4392,-15.238,0,0,0.19226,0,240.18,playing,0
53.456,-15.238,0,0,0.19226,0,238.28,playing,0
53.4723,-11.2486,0,0,0.19226,0,236.59,playing,0
53.4879,-11.2486,0,0,0.21788,0,235.28,playing,0
53.5046,-11.2486,0,0,0.21788,0,234.25,playing,0
53.5209,-7.7589,0,0,0.22791,0,233.5,playing,0
53.5374,-7.7589,0,0,0.22791,0,233.02,playing,0
53.5535,-5.0356,0,0,0.22791,0,232.85,playing,1
53.5692,-5.0356,0,0,0.25108,0,232.97,playing,1
53.5859,-5.0356,0,0,0.25108,0,233.36,playing,1
53.6029,-0.6044,0,0,0.25373,0,234.1,playing,1
53.6196,-0.6044,0,0,0.25373,0,235.15,playing,1
53.6356,-0.6044,0,0,0.24254,0,236.43,playing,1
53.6517,4.4823,0,0,0.24254,0,237.99,playing,1
53.6677,4.4823,0,0,0.24254,0,239.83,playing,1
53.6843,4.4823,0,0,0.26156,0,242.1,playing,1
53.7009,4.5358,0,0,0.26156,0,244.52,playing,1
53.718,4.5358,0,0,0.268,0,247.4,playing,1
53.735,3.6784,0,0,0.268,0,250.61,playing,1
53.7515,3.6784,0,0,0.29766,0,254.13,playing,1
53.7672,3.6784,0,0,0.29766,0,257.73,playing,1
53.7838,3.7696,0,0,0.29766,0,261.61,playing,1
53.8009,3.7696,0,0,0.25423,0,266.05,playing,1
53.818,3.7696,0,0,0.25423,0,270.81,playing,1
53.8346,2.2093,0,0,0.2355,0,275.89,playing,1
53.8502,2.2093,0,0,0.2355,0,280.95,playing,1
53.8668,2.2093,0,0,0.2355,0,286.29,playing,1
53.8834,2.7778,0,0,0.25,0,292.28,playing,1
53.8999,2.7778,0,0,0.25,0,298.2,playing,1
53.9171,2.7778,0,0,0.25042,0,304.81,playing,1
53.9332,2.7778,0,0,0.25042,0,311.74,playing,1
53.9498,2.7778,0,0,0.25042,0,318.54,playing,1
53.9664,56.0492,1,0,0.26423,0,326.08,playing,1
53.9824,56.0492,0,0,0.26423,0,320.13,playing,1
53.9985,56.0492,0,0,0.20341,0,314.45,playing,1
54.0145,-16.3607,0,0,0.20341,0,309.05,playing,1
54.0306,-16.3607,0,0,0.20341,0,303.94,playing,1
54.0461,-16.3607,0,0,0.18553,0,299.11,playing,1
54.0622,-41.5378,0,0,0.18553,0,294.56,playing,1
54.0804,-41.5378,0,0,0.18553,0,290.29,playing,1
54.0963,-18.2275,0,0,0.19883,0,285.84,playing,1
54.1126,-18.2275,0,0,0.19883,0,282.17,playing,1
54.1289,-18.2275,0,0,0.18328,0,278.78,playing,1
54.146,-10.9533,0,0,0.18328,0,275.5,playing,1
54.1626,-10.9533,0,0,0.16176,0,272.54,playing,1
54.1784,-10.9533,0,0,0.16176,0,270.03,playing,1
54.1949,-6.9354,0,0,0.16176,0,267.8,playing,1
54.212,-6.9354,0,0,0.1742,0,265.75,playing,1
54.2291,-5.436,0,0,0.1742,0,264.02,playing,1
54.2464,-3.4452,0,0,0.19483,1,262.61,playing,1
54.263,-3.4452,0,0,0.19483,0,261.51,playing,1
54.28,-2.1474,0,0,0.23525,0,260.74,playing,1
54.2971,-2.1474,0,0,0.23525,0,260.28,playing,1
54.3132,-2.1474,0,0,0.23907,0,260.14,playing,1
54.3292,0.5244,0,0,0.23907,0,260.29,playing,1
54.3463,0.5244,0,0,0.27285,0,260.72,playing,1
54.3623,0.5244,0,0,0.27285,0,261.49,playing,1
54.3789,0.7289,0,0,0.27285,0,262.5,playing,1
54.3955,0.7289,0,0,0.23151,0,263.9,playing,1
54.4115,1.6311,0,0,0.23151,0,265.49,playing,1
54.427,1.6311,0,0,0.25379,0,267.36,playing,1
54.4441,1.6311,0,0,0.25379,0,269.52,playing,1
54.4617,0.8994,0,0,0.25379,0,272.12,playing,1
54.4783,0.8994,0,0,0.23932,0,275.24,playing,1
54.4943,0.8994,0,0,0.23932,0,278.29,playing,1
54.5109,0.8994,0,0,0.22078,0,281.63,playing,1
54.5279,0.8994,0,0,0.22078,0,285.49,playing,1
54.545,0.9349,0,0,0.24416,0,289.67,playing,1
54.5622,0.9349,0,0,0.24416,0,294.16,playing,1
54.5783,0.9349,0,0,0.27284,0,298.98,playing,1
54.5944,-17.9901,1,0,0.27284,0,303.79,playing,1
54.6111,-17.9901,0,0,0.27284,0,297.83,playing,1
54.6281,-17.9901,0,0,0.22876,0,291.82,playing,1
54.6442,-10.1024,0,0,0.22876,0,286.13,playing,1
54.6605,-10.1024,0,0,0.26114,0,281.05,playing,1
54.6773,-10.1024,0,0,0.26114,0,275.97,playing,1
54.6934,-3.9859,0,0,0.26114,0,271.47,playing,1
54.7095,-3.9859,0,0,0.25709,0,267.26,playing,1
54.7256,-1.1998,0,0,0.25709,0,263.32,playing,1
54.7417,-1.1998,0,0,0.20377,0,259.67,playing,1
54.7572,-1.1998,0,0,0.20377,0,256.3,playing,1
54.7738,5.5806,0,0,0.20377,0,253.21,playing,1
54.7909,5.5806,0,0,0.19242,0,250.24,playing,1
54.808,5.5806,0,0,0.19242,0,247.6,playing,1
54.8251,15.6876,0,0,0.18553,0,245.27,playing,1
54.8411,15.6876,0,0,0.18553,0,243.26,playing,1
54.8577,15.6876,0,0,0.20714,0,241.64,playing,1
54.8737,19.8086,0,0,0.20714,0,240.31,playing,1
54.8893,19.8086,0,0,0.20714,0,239.27,playing,1
54.9059,15.2743,0,0,0.15842,0,238.5,playing,1
54.923,15.2743,0,0,0.15842,0,238.0,playing,1
54.9395,15.2743,0,0,0.15162,0,237.83,playing,1
54.9556,10.5539,0,0,0.15162,0,237.94,playing,1
54.9717,10.5539,0,0,0.1581,0,238.33,playing,1
54.9878,10.5539,0,0,0.1581,0,239.01,playing,1
55.0034,3.1446,0,0,0.1581,0,239.97,playing,1
55.02,3.1446,0,0,0.24371,1,241.21,playing,1
55.0365,3.1446,0,0,0.24371,0,242.84,playing,1
55.0521,0.0141,0,0,0.26935,0,244.67,playing,1
55.0683,0.0141,0,0,0.26935,0,246.77,playing,1
55.0844,-2.6276,0,0,0.26935,0,249.15,playing,1
55.1004,-2.6276,0,0,0.24731,0,251.82,playing,1
55.1165,-2.6276,0,0,0.24731,0,254.76,playing,1
55.1327,-3.5764,0,0,0.27576,0,257.99,playing,1
55.1487,-3.5764,0,0,0.27576,0,261.5,playing,1
55.1642,-3.5764,0,0,0.27576,0,265.3,playing,1
55.1808,-3.6425,0,0,0.22902,0,269.37,playing,1
55.1963,-3.6425,0,0,0.22902,0,273.72,playing,1
55.2129,-3.6425,0,0,0.25413,0,278.36,playing,1
55.2299,-3.3377,0,0,0.25413,0,283.61,playing,1
55.2465,-3.3377,0,0,0.26893,0,289.17,playing,1
55.262,-3.3377,0,0,0.26893,0,294.69,playing,1
55.2786,-3.584,0,0,0.26893,0,300.48,playing,1
55.2947,-3.584,0,0,0.28358,0,306.56,playing,1
55.3108,-23.9611,1,0,0.28358,0,312.93,playing,1
55.3279,-23.9611,0,0,0.28418,0,306.61,playing,1
55.345,-23.9611,0,0,0.28418,0,300.62,playing,1
55.3621,-11.6666,0,0,0.28717,0,294.94,playing,1
55.3781,-11.6666,0,0,0.28717,0,289.58,playing,1
55.3952,-11.6666,0,0,0.28717,0,284.82,playing,1
55.4117,3.8467,0,0,0.27292,0,280.08,playing,2
55.4288,3.8467,0,0,0.27292,0,275.66,playing,2
55.4458,11.547,0,0,0.1939,0,271.55,playing,2
55.4623,11.547,0,0,0.1939,0,267.76,playing,2
55.4785,11.547,0,0,0.17902,0,264.48,playing,2
55.494,9.2217,0,0,0.17902,0,261.48,playing,2
55.5106,9.2217,0,0,0.17902,0,258.76,playing,2
55.5272,9.2217,0,0,0.21658,1,256.32,playing,2
55.5432,7.0616,0,0,0.21658,0,254.05,playing,2
55.5593,7.0616,0,0,0.23229,0,252.19,playing,2
55.5753,7.0616,0,0,0.23229,0,250.62,playing,2
55.5924,3.4936,0,0,0.23229,0,249.32,playing,2
55.6099,3.4936,0,0,0.30508,0,248.22,playing,2
55.626,2.1158,0,0,0.30508,0,247.5,playing,2
55.6431,2.1158,0,0,0.27662,0,247.1,playing,2
55.6596,2.1158,0,0,0.27662,0,247.0,playing,2
55.6756,0.1569,0,0,0.25378,0,247.18,playing,2
55.6917,0.1569,0,0,0.25378,0,247.65,playing,2
55.7072,0.1569,0,0,0.28307,0,248.4,playing,2
55.7234,-0.5791,0,0,0.28307,0,249.43,playing,2
55.7394,-0.5791,0,0,0.28307,0,250.74,playing,2
55.756,-0.5791,0,0,0.29244,0,252.33,playing,2
55.7725,-1.2534,0,0,0.29244,0,254.34,playing,2
55.7881,-1.2534,0,0,0.2991,0,256.51,playing,2
55.8051,-1.7549,0,0,0.2991,0,258.96,playing,2
55.8217,-1.7549,0,0,0.27159,0,261.89,playing,2
55.8383,-1.7549,0,0,0.27159,0,265.13,playing,2
55.8549,-6.334,0,0,0.27159,0,268.47,playing,2
55.872,-6.334,0,0,0.25041,0,272.33,playing,2
55.8885,-6.334,0,0,0.25041,0,276.51,playing,2
55.9045,-12.1449,1,0,0.28912,0,280.72,playing,2
55.9211,-12.1449,0,0,0.28912,0,274.76,playing,2
55.9377,-12.1449,0,0,0.28912,0,268.75,playing,2
55.9532,-8.7824,0,0,0.26593,0,263.37,playing,2
55.9693,-8.7824,0,0,0.26593,0,258.28,playing,2
55.9855,-8.7824,0,0,0.22505,0,253.46,playing,2
56.0015,-8.7824,0,0,0.22505,0,248.93,playing,2
56.0186,-8.7824,0,0,0.22505,0,244.68,playing,2
56.0356,17.7653,0,0,0.20363,0,240.25,playing,2
56.0511,17.7653,0,0,0.20363,0,236.6,playing,2
56.0677,17.7653,0,0,0.20653,0,233.23,playing,2
56.0832,16.9862,0,0,0.20653,0,230.14,playing,2
56.1003,16.9862,0,0,0.20653,0,227.33,playing,2
56.1164,16.9862,0,0,0.20356,0,224.67,playing,2
56.1329,8.0478,0,0,0.20356,0,222.44,playing,2
56.1495,8.0478,0,0,0.19273,0,220.39,playing,2
56.1655,4.6813,0,0,0.19273,0,218.74,playing,2
56.1816,4.6813,0,0,0.19273,0,217.38,playing,2
56.1972,4.6813,0,0,0.20391,0,216.29,playing,2
56.2133,0.6891,0,0,0.20391,0,215.49,playing,2
56.2298,0.6891,0,0,0.2359,0,214.97,playing,2
56.2469,0.6891,0,0,0.2359,0,214.74,playing,2
56.264,-0.8746,0,0,0.2359,0,214.82,playing,2
56.2806,-0.8746,0,0,0.2359,0,215.22,playing,2
56.2966,-0.8746,0,0,0.25106,0,215.88,playing,2
56.3132,-1.3858,0,0,0.25106,0,216.82,playing,2
56.3302,-1.3858,0,0,0.25457,0,218.14,playing,2
56.3462,-2.5416,0,0,0.25457,0,219.78,playing,2
56.363,-2.5416,0,0,0.25457,0,221.6,playing,2
56.3799,-2.5416,0,0,0.22223,0,223.85,playing,2
56.3966,-2.1731,0,0,0.22223,0,226.42,playing,2
56.4122,-2.1731,0,0,0.27337,0,229.12,playing,2
56.4283,-2.1731,0,0,0.27337,0,232.1,playing,2
56.4445,-2.114,0,0,0.26173,0,235.37,playing,2
56.4606,-2.114,0,0,0.26173,0,238.91,playing,2
56.4761,-2.114,0,0,0.26173,0,242.74,playing,2
56.4927,-2.205,0,0,0.30334,0,246.85,playing,2
56.5087,-2.205,0,0,0.30334,0,251.24,playing,2
56.5243,-3.2484,0,0,0.27379,0,255.91,playing,2
56.5408,-18.2775,1,0,0.27379,0,260.86,playing,2
56.5579,-18.2775,0,0,0.31081,0,254.55,playing,2
56.5744,-19.3728,0,0,0.31081,0,248.56,playing,2
56.5905,-19.3728,0,0,0.31081,0,243.2,playing,2
56.6065,-19.3728,0,0,0.27935,0,238.12,playing,2
56.6226,2.9773,0,0,0.27935,0,233.32,playing,2
56.6387,2.9773,0,0,0.26104,0,228.81,playing,2
56.6547,2.9773,0,0,0.26104,0,224.57,playing,2
56.6707,-11.766,0,0,0.20946,0,220.62,playing,2
56.6863,-11.766,0,0,0.20946,0,216.95,playing,2
56.7024,-11.766,0,0,0.20946,0,213.56,playing,2
56.7185,-13.4662,0,0,0.27392,0,210.46,playing,2
56.7345,-13.4662,0,0,0.27392,0,207.63,playing,2
56.7506,3.1794,0,0,0.27392,0,205.09,playing,2
56.7667,3.1794,0,0,0.18004,0,202.82,playing,2
56.7827,3.1794,0,0,0.18004,0,200.84,playing,2
56.7989,6.7202,0,0,0.20964,0,199.14,playing,2
56.8159,6.7202,0,0,0.20964,0,197.66,playing,2
56.833,6.7202,0,0,0.18069,0,196.49,dead,2
56.8495,3.9039,0,0,0.18069,0,195.64,dead,2
56.8666,3.9039,0,0,0.18069,0,195.12,dead,2
56.8822,3.9039,0,0,0.19697,0,194.88,dead,2
56.8987,0.1687,0,0,0.19697,0,194.94,dead,2
56.9148,0.1687,0,0,0.17929,0,195.28,dead,2
56.9303,-0.1999,0,0,0.17929,0,195.91,dead,2
56.9469,-0.1999,0,0,0.25765,1,196.81,dead,2
56.963,-0.1999,0,0,0.25765,0,198.09,dead,2
56.9796,-1.0683,0,0,0.25765,0,199.58,dead,2
56.9958,-1.0683,0,0,0.31142,0,201.35,dead,2
57.0113,-1.0683,0,0,0.31142,0,203.4,dead,2
57.0279,-1.9598,0,0,0.2767,0,205.73,dead,2
57.045,-1.9598,0,0,0.2767,0,208.52,dead,2
57.0621,-1.9598,0,0,0.2767,0,211.64,dead,2
57.0791,-3.6437,0,0,0.27349,0,215.07,dead,2
57.0958,-3.6437,0,0,0.27349,0,218.82,dead,2
57.1113,-15.1045,1,0,0.31084,0,222.62,dead,2
57.1279,-15.1045,0,0,0.31084,0,285.0,playing,0
57.1445,-15.1045,0,0,0.31084,0,278.69,playing,0
57.1608,-11.9419,0,0,0.31084,0,273.03,playing,0
57.1779,-11.9419,0,0,0.31084,0,267.33,playing,0
57.1944,-11.9419,0,0,0.29504,0,261.96,playing,0
57.2105,3.7417,0,0,0.29504,0,257.18,playing,0
57.227,3.7417,0,0,0.24643,0,252.68,playing,0
57.2452,33.2418,0,0,0.24643,0,248.22,playing,0
57.2618,1.3613,0,0,0.24643,0,243.85,playing,0
57.2773,1.3613,0,0,0.20378,0,240.25,playing,0
57.2939,-6.1666,0,0,0.20378,0,236.93,playing,0
57.311,-6.1666,0,0,0.21997,0,233.73,playing,0
57.3275,-6.1666,0,0,0.21997,0,230.84,playing,0
57.3436,-8.211,0,0,0.20797,0,228.4,playing,0
57.3597,-8.211,0,0,0.20797,0,226.24,playing,0
57.3768,-8.211,0,0,0.20797,0,224.27,playing,0
57.3939,-2.1508,0,0,0.20489,0,222.61,playing,0
57.4104,-2.1508,0,0,0.20489,0,221.27,playing,0
57.427,21.3336,0,0,0.19109,0,220.3,playing,0
57.4435,-3.9115,0,0,0.19109,0,219.57,playing,0
57.4596,-3.9115,0,0,0.19109,0,219.18,playing,0
57.4756,0.8033,0,0,0.19109,0,219.06,playing,0
57.4922,0.8033,0,0,0.19109,0,219.23,playing,0
57.5083,0.8033,0,0,0.17612,0,219.72,playing,0
57.5244,9.3886,0,0,0.17612,0,220.47,playing,0
57.5404,9.3886,0,0,0.17779,0,221.5,playing,0
57.5565,9.3886,0,0,0.17779,0,222.81,playing,0
57.5725,11.1037,0,0,0.20559,1,224.4,playing,0
57.589,11.1037,0,0,0.20559,0,226.28,playing,0
57.6061,7.7366,0,0,0.20559,0,228.58,playing,0
57.6227,7.7366,0,0,0.18251,0,231.21,playing,0
57.6387,7.7366,0,0,0.18251,0,233.96,playing,0
57.6548,2.8877,0,0,0.21094,0,237.0,playing,0
57.673,2.8877,0,0,0.21094,0,240.54,playing,0
57.6886,2.8877,0,0,0.21554,0,244.4,playing,0
57.7047,0.3938,0,0,0.21554,0,248.32,playing,0
57.7213,0.3938,0,0,0.21554,0,252.52,playing,0
57.7374,0.3938,0,0,0.28997,0,257.29,playing,0
57.7529,-2.1771,0,0,0.28997,0,262.07,playing,0
57.77,-2.1771,0,0,0.26102,0,267.13,playing,0
57.7866,-4.5118,0,0,0.26102,0,272.82,playing,0
57.8027,-4.5118,0,0,0.26214,0,278.46,playing,0
57.8188,-4.5118,0,0,0.26214,0,284.38,playing,0
57.8354,-5.8364,0,0,0.26214,0,290.99,playing,0
57.8509,-5.8364,0,0,0.26214,0,297.5,playing,0
57.868,-5.8364,0,0,0.26214,0,304.28,playing,0
57.8856,-20.361,1,0,0.26214,0,311.81,playing,0
57.9026,-20.361,0,0,0.28277,0,305.14,playing,0
57.9187,-4.5085,0,0,0.28277,0,299.5,playing,0
57.9348,-4.5085,0,0,0.28561,0,294.14,playing,0
57.9518,-4.5085,0,0,0.28561,0,288.76,playing,0
57.9684,15.3493,0,0,0.28607,0,283.7,playing,0
57.985,15.3493,0,0,0.28607,0,279.22,playing,0
58.0012,15.3493,0,0,0.28565,0,274.78,playing,0
58.0174,-7.8966,0,0,0.28565,0,270.88,playing,0
58.0335,-7.8966,0,0,0.28565,0,267.27,playing,0
58.0495,-7.8966,0,0,0.23034,0,263.93,playing,0
58.0661,-3.9363,0,0,0.23034,0,260.88,playing,0
58.0827,-3.9363,0,0,0.20251,0,257.95,playing,0
58.0988,7.0997,0,0,0.20251,0,255.47,playing,0
58.1158,11.0114,0,0,0.20251,0,253.16,playing,0
58.1324,11.0114,0,0,0.2064,0,251.17,playing,0
58.1489,-3.8434,0,0,0.2064,0,249.58,playing,0
58.166,-3.8434,0,0,0.2064,0,248.2,playing,0
58.1831,-3.8434,0,0,0.2064,0,247.15,playing,0
58.1997,-0.296,0,0,0.2348,0,246.41,playing,0
58.2159,-0.296,0,0,0.2348,0,245.99,playing,0
58.232,-0.296,0,0,0.2348,0,245.87,playing,0
58.2491,5.4481,0,0,0.2016,0,246.04,playing,0
58.2662,5.4481,0,0,0.2016,0,246.53,playing,0
58.2823,5.4076,0,0,0.22065,0,247.34,playing,0
58.2984,5.4076,0,0,0.22065,0,248.39,playing,0
58.314,5.4076,0,0,0.21144,0,249.72,playing,0
58.3306,2.9205,0,0,0.21144,0,251.33,playing,0
58.3461,2.9205,0,0,0.21144,0,253.22,playing,0
58.3627,2.9205,0,0,0.22462,0,255.39,playing,0
58.3798,1.4708,0,0,0.22462,0,258.02,playing,0
58.397,1.4708,0,0,0.29612,0,260.96,playing,0
58.4141,0.9267,0,0,0.29612,0,264.22,playing,0
58.4302,0.454,0,0,0.2972,0,267.8,playing,0
58.4463,0.454,0,0,0.2972,0,271.46,playing,0
58.4623,-1.2464,0,0,0.2972,0,275.39,playing,0
58.4784,-1.2464,0,0,0.24737,0,279.6,playing,0
58.4945,-1.2464,0,0,0.24737,0,284.1,playing,0
58.5105,-1.0934,0,0,0.31403,0,288.88,playing,0
58.5266,-1.0934,0,0,0.31403,0,293.94,playing,0
58.5426,-1.0934,0,0,0.31403,0,299.28,playing,0
58.5593,-19.3536,1,0,0.31403,0,304.9,playing,0
58.5771,-19.3536,0,0,0.31403,0,298.59,playing,0
58.5937,-19.3536,0,0,0.30744,0,292.26,playing,0
58.6098,-19.3536,0,0,0.30744,0,286.92,playing,0
58.6259,-19.3536,0,0,0.31229,0,281.56,playing,0
58.6431,34.4113,0,0,0.31229,0,276.8,playing,0
58.66,34.4113,0,0,0.21436,0,272.06,playing,0
58.6761,34.4113,0,0,0.21436,0,267.63,playing,0
58.6926,13.5401,0,0,0.21436,0,263.75,playing,0
58.7085,13.5401,0,0,0.21436,0,260.15,playing,0
58.7248,13.5401,0,0,0.20229,0,256.83,playing,0
58.7421,-50.5783,0,0,0.20229,0,253.62,playing,0
58.7587,-50.5783,0,0,0.20229,0,250.73,playing,0
58.7741,-58.2743,0,0,0.20584,0,248.3,playing,0
58.7908,-40.1915,0,0,0.20584,0,246.14,playing,0
58.8064,-40.1915,0,0,0.16984,0,244.26,playing,0
58.8224,-28.0117,0,0,0.16984,0,242.67,playing,0
58.8382,-28.0117,0,0,0.16904,0,241.36,playing,0
58.8544,-28.0117,0,0,0.16904,0,240.33,playing,0
58.8707,-9.5223,0,0,0.16904,0,239.58,playing,0
58.8871,-9.5223,0,0,0.16904,0,239.11,playing,0
58.9037,-9.5223,0,0,0.16904,0,238.93,playing,0
58.9199,-3.7408,0,0,0.21842,1,239.05,playing,0
58.937,-3.7408,0,0,0.21842,0,239.49,playing,0
58.9539,0.0098,0,0,0.21842,0,240.24,playing,0
58.9709,0.0098,0,0,0.25731,0,241.32,playing,0
58.9877,0.0098,0,0,0.25731,0,242.71,playing,0
59.0037,3.7586,0,0,0.30115,0,244.3,playing,0
59.0199,3.7586,0,0,0.30115,0,246.17,playing,0
59.037,3.7586,0,0,0.27321,0,248.48,playing,0
59.0534,5.5912,0,0,0.27321,0,251.11,playing,0
59.0705,5.5912,0,0,0.27321,0,253.86,playing,0
59.0865,5.5912,0,0,0.30262,0,257.11,playing,0
59.1028,5.4543,0,0,0.30262,0,260.44,playing,0
59.1193,5.4543,0,0,0.27935,0,264.3,playing,0
59.1359,-7.1051,0,0,0.27935,0,268.22,playing,0
59.153,-7.1051,0,0,0.29826,0,272.69,playing,0
59.1701,-7.1051,0,0,0.29826,0,277.49,playing,0
59.1872,11.0117,0,0,0.29826,0,282.6,playing,0
59.2039,11.0117,0,0,0.27349,0,288.04,playing,0
59.221,11.0117,0,0,0.27349,0,293.79,playing,0
59.2377,27.9564,1,0,0.20895,0,299.85,playing,0
59.2542,27.9564,0,0,0.20895,0,293.89,playing,0
59.2708,15.1936,0,0,0.21324,0,287.88,playing,0
59.2873,15.1936,0,0,0.21324,0,282.19,playing,0
59.3034,15.1936,0,0,0.1862,0,277.11,playing,0
59.3196,31.3219,0,0,0.1862,0,272.31,playing,0
59.3362,31.3219,0,0,0.1862,0,267.8,playing,0
59.3523,31.3219,0,0,0.19068,0,263.32,playing,0
59.3684,-3.3082,0,0,0.19068,0,259.38,playing,0
59.3845,-3.3082,0,0,0.23532,0,255.73,playing,0
59.4006,-3.3082,0,0,0.23532,0,252.36,playing,0
59.4177,-11.6966,0,0,0.23532,0,249.27,playing,0
59.4347,-11.6966,0,0,0.20584,0,246.15,playing,0
59.4506,-17.0177,0,0,0.20584,0,243.66,playing,0
59.4663,-17.0177,0,0,0.16469,0,241.45,playing,0
59.4823,-17.0177,0,0,0.16469,0,239.52,playing,0
59.4985,-15.4735,0,0,0.21314,1,237.87,playing,0
59.5149,-15.4735,0,0,0.21314,0,236.51,playing,0
59.5322,-15.4735,0,0,0.21314,0,235.38,playing,0
59.5486,-8.1692,0,0,0.22769,0,234.56,playing,0
59.5642,-8.1692,0,0,0.22769,0,234.08,playing,0
59.5803,-8.1692,0,0,0.22388,0,233.87,playing,1
59.596,12.0276,0,0,0.22388,0,233.95,playing,1
59.613,12.0276,0,0,0.22388,0,234.31,playing,1
59.63,11.8258,0,0,0.19536,0,235.01,playing,1
59.6469,11.8258,0,0,0.19536,0,236.03,playing,1
59.6638,11.8258,0,0,0.15679,0,237.37,playing,1
59.6799,7.0626,0,0,0.15679,0,238.91,playing,1
59.6966,7.0626,0,0,0.19173,0,240.86,playing,1
59.7127,7.0626,0,0,0.19173,0,242.98,playing,1
59.729,5.473,0,0,0.19173,0,245.38,playing,1
59.746,5.473,0,0,0.16649,0,248.25,playing,1
59.7624,5.473,0,0,0.16649,0,251.44,playing,1
59.7788,0.4575,0,0,0.26816,1,254.72,playing,1
59.7952,0.4575,0,0,0.26816,0,258.52,playing,1
59.8121,-1.2076,0,0,0.27337,0,262.39,playing,1
59.8287,-1.2076,0,0,0.27337,0,266.81,playing,1
59.8447,-1.2076,0,0,0.27337,0,271.25,playing,1
59.862,-0.8587,0,0,0.31103,0,276.29,playing,1
59.8791,-0.8587,0,0,0.31103,0,281.65,playing,1
59.8958,-0.8587,0,0,0.2867,0,287.32,playing,1
59.9113,-1.5509,0,0,0.2867,0,292.94,playing,1
59.9278,-1.5509,0,0,0.29414,0,298.85,playing,1
59.9457,-4.5798,0,0,0.29414,0,305.44,playing,1
59.9618,-4.5798,0,0,0.31846,0,312.35,playing,1
59.9775,-4.5798,0,0,0.31846,0,319.13,playing,1
59.9938,-12.8843,1,0,0.31846,0,326.2,playing,1
60.0097,-12.8843,0,0,0.26106,0,320.24,playing,1
60.0262,-12.8843,0,0,0.26106,0,314.56,playing,1
60.0425,67.3156,0,0,0.22826,0,308.85,playing,1
60.0581,67.3156,0,0,0.22826,0,303.75,playing,1
60.0745,67.3156,0,0,0.22826,0,298.94,playing,1
60.0907,28.1955,0,0,0.20165,0,294.41,playing,1
60.1072,28.1955,0,0,0.20165,0,290.15,playing,1
60.1236,-33.0419,0,0,0.19284,0,285.96,playing,1
60.1405,-59.056,0,0,0.19284,0,282.07,playing,1
60.1565,-59.056,0,0,0.19748,0,278.7,playing,1
60.1726,-43.1074,0,0,0.19748,0,275.61,playing,1
60.1883,-43.1074,0,0,0.19748,0,272.81,playing,1
60.2049,-43.1074,0,0,0.19363,0,270.28,playing,1
60.2215,-11.5682,0,0,0.19363,0,267.91,playing,1
60.2376,-11.5682,0,0,0.18078,0,265.97,playing,1
60.2533,-11.5682,0,0,0.18078,0,264.3,playing,1
60.2695,-6.416,0,0,0.18078,0,262.92,playing,1
60.2861,-6.416,0,0,0.18231,0,261.82,playing,1
60.3024,-6.416,0,0,0.18231,0,260.97,playing,1
60.3184,-3.1848,0,0,0.17464,0,260.45,playing,1
60.3346,-3.1848,0,0,0.17464,0,260.21,playing,1
60.3513,1.4208,0,0,0.20156,1,260.25,playing,1
60.3676,1.4208,0,0,0.20156,0,260.62,playing,1
60.3834,1.4208,0,0,0.20156,0,261.24,playing,1
60.3995,2.6428,0,0,0.26633,0,262.15,playing,1
60.4155,2.6428,0,0,0.26633,0,263.33,playing,1
60.4317,2.6428,0,0,0.2986,0,264.8,playing,1
60.448,3.1051,0,0,0.2986,0,266.55,playing,1
60.4649,3.1051,0,0,0.31427,0,268.73,playing,1
60.4818,3.1051,0,0,0.31427,0,271.23,playing,1
60.4974,-0.2397,0,0,0.30672,0,273.86,playing,1
60.5135,-0.2397,0,0,0.30672,0,276.77,playing,1
60.5298,-6.0552,1,0,0.30672,0,279.96,playing,1
60.547,-6.0552,0,0,0.321,0,273.65,playing,1
60.5632,-6.0552,0,0,0.321,0,267.66,playing,1
60.58,18.262,0,0,0.3053,0,262.3,playing,1
60.5964,18.262,0,0,0.3053,0,256.92,playing,1
60.6127,18.262,0,0,0.3053,0,252.14,playing,1
60.6288,48.7453,0,0,0.3143,0,247.64,playing,1
60.645,48.7453,0,0,0.3143,0,243.43,playing,1
60.6622,48.7453,0,0,0.26557,0,239.26,playing,1
60.6788,-0.0487,0,0,0.26557,0,235.42,playing,1
60.6956,-0.0487,0,0,0.18719,0,231.9,playing,1
60.7116,-6.8542,0,0,0.18719,0,228.86,playing,1
60.7278,-6.8542,0,0,0.18719,0,226.1,playing,1
60.7443,-6.8542,0,0,0.19077,0,223.49,playing,1
60.7604,-3.9996,0,0,0.19077,0,221.32,playing,1
60.777,-3.9996,0,0,0.18038,0,219.43,playing,1
60.794,-3.9996,0,0,0.18038,0,217.73,playing,1
60.8108,-6.843,0,0,0.19097,0,216.36,playing,1
60.8279,-6.843,0,0,0.19097,0,215.3,playing,1
60.8447,-6.843,0,0,0.19837,0,214.56,playing,1
60.8605,-6.843,0,0,0.19837,0,214.15,playing,1
60.876,-6.843,0,0,0.23899,0,214.01,playing,1
60.8923,4.8898,0,0,0.23899,0,214.16,playing,1
60.9085,4.8898,0,0,0.23899,0,214.59,playing,1
60.9242,4.8898,0,0,0.14083,0,215.31,playing,1
60.9408,3.6781,0,0,0.14083,0,216.3,playing,1
60.9578,3.6781,0,0,0.2,1,217.67,playing,1
60.9749,3.6781,0,0,0.2,0,219.36,playing,1
60.9915,0.4396,0,0,0.2,0,221.37,playing,1
61.0086,0.4396,0,0,0.22007,0,223.7,playing,1
61.0249,-0.7781,0,0,0.22007,0,226.17,playing,1
61.0416,-0.7781,0,0,0.21339,0,229.12,playing,1
61.0573,-0.7781,0,0,0.21339,0,232.17,playing,1
61.0734,-1.971,0,0,0.22373,0,235.5,playing,1
61.0896,-1.971,0,0,0.22373,0,239.12,playing,1
61.1056,-1.971,0,0,0.25574,0,243.02,playing,1
61.1217,-12.5461,1,0,0.25574,0,247.2,playing,1
61.1373,-12.5461,0,0,0.25574,0,241.24,playing,1
61.1534,-12.5461,0,0,0.26215,0,235.56,playing,1
61.1703,15.2006,0,0,0.26215,0,230.17,playing,1
61.1864,15.2006,0,0,0.26178,0,224.75,playing,1
61.2029,15.2006,0,0,0.26178,0,219.94,playing,1
61.2193,-17.2794,0,0,0.26178,0,215.14,playing,1
61.2352,-17.2794,0,0,0.20275,0,210.91,playing,1
61.2518,-8.6458,0,0,0.20275,0,206.95,playing,1
61.268,-8.6458,0,0,0.19689,0,203.28,playing,1
61.285,-8.6458,0,0,0.19689,0,199.7,playing,1
61.3019,-1.7942,0,0,0.20019,0,196.44,playing,1
61.319,-1.7942,0,0,0.20019,0,193.49,playing,1
61.3358,-1.7942,0,0,0.20019,0,190.86,playing,1
61.3514,1.6268,0,0,0.17139,0,188.67,playing,1
61.3673,1.6268,0,0,0.17139,0,186.76,playing,1
61.3832,1.6268,0,0,0.1885,1,185.13,playing,1
61.3992,1.4361,0,0,0.1885,0,183.79,playing,1
61.4153,1.4361,0,0,0.1885,0,182.72,playing,1
61.4314,0.9261,0,0,0.16173,0,181.94,playing,2
61.4476,0.9261,0,0,0.16173,0,181.43,playing,2
61.4634,0.9261,0,0,0.17137,0,181.21,playing,2
61.4793,0.3263,0,0,0.17137,0,181.27,playing,2
61.4964,0.3263,0,0,0.20595,0,181.62,playing,2
61.5125,0.3263,0,0,0.20595,0,182.3,playing,2
61.5282,0.3313,0,0,0.20595,0,183.22,playing,2
61.5449,0.3313,0,0,0.2582,0,184.43,playing,2
61.5621,0.3313,0,0,0.2582,0,186.02,playing,2
61.5781,0.3803,0,0,0.17238,0,187.94,playing,2
61.5943,0.3803,0,0,0.17238,0,190.02,playing,2
61.6103,0.3251,0,0,0.17238,0,192.39,playing,2
61.6275,-0.3555,0,0,0.20362,0,195.22,playing,2
61.6436,-0.3555,0,0,0.20362,0,198.17,playing,2
61.6594,-0.9545,0,0,0.20967,0,201.4,playing,2
61.676,-0.9545,0,0,0.20967,0,204.91,playing,2
61.6921,-0.9545,0,0,0.21086,0,208.96,playing,2
61.7088,-0.8432,0,0,0.21086,0,213.05,playing,2
61.7255,-0.8432,0,0,0.21086,0,217.71,playing,2
61.7415,-0.8432,0,0,0.21364,0,222.39,playing,2
61.7576,-0.3446,0,0,0.21364,0,227.34,playing,2
61.7731,-0.3446,0,0,0.2399,0,232.57,playing,2
61.7897,-0.2659,0,0,0.2399,0,238.09,playing,2
61.8065,-0.2659,0,0,0.2399,0,244.27,playing,2
61.8225,-0.2659,0,0,0.21066,0,250.37,playing,2
61.8391,-11.1192,0,0,0.21066,0,256.75,playing,2
61.8557,-11.1192,0,0,0.25105,0,263.84,playing,2
61.8718,-11.1192,0,0,0.25105,0,270.8,playing,2
61.8874,-2.7565,1,0,0.23858,0,278.04,playing,2
61.9036,-2.7565,0,0,0.23858,0,272.09,playing,2
61.9192,-2.7565,0,0,0.23858,0,266.41,playing,2
61.9357,-0.6695,0,0,0.27173,0,261.01,playing,2
61.9514,-0.6695,0,0,0.27173,0,255.9,playing,2
61.9674,-0.6695,0,0,0.23149,0,251.07,playing,2
61.9835,12.8183,0,0,0.23149,0,246.52,playing,2
61.9995,12.8183,0,0,0.23149,0,242.25,playing,2
62.0156,12.8183,0,0,0.21315,0,238.26,playing,2
62.0316,12.8183,0,0,0.21315,0,234.56,playing,2
62.0477,12.8183,0,0,0.22702,0,231.13,playing,2
62.0637,4.9712,0,0,0.22702,0,227.99,playing,2
62.0793,4.9712,0,0,0.22702,0,225.13,playing,2
62.0958,4.9712,0,0,0.20084,0,222.55,playing,2
62.1123,7.05,0,0,0.20084,0,220.13,playing,2
62.1289,7.05,0,0,0.19403,0,218.13,playing,2
62.1459,7.05,0,0,0.19403,0,216.32,playing,2
62.1622,6.1434,0,0,0.19688,0,214.84,playing,2
62.1786,6.1434,0,0,0.19688,0,213.72,playing,2
62.1944,4.5138,0,0,0.19688,0,212.88,playing,2
62.2107,4.5138,0,0,0.21803,0,212.33,playing,2
62.2268,4.5138,0,0,0.21803,0,212.05,playing,2
62.2439,1.0818,0,0,0.22393,0,212.08,playing,2
62.2604,1.0818,0,0,0.22393,0,212.42,playing,2
62.2759,1.0818,0,0,0.22393,0,213.03,playing,2
62.2925,-0.0545,0,0,0.26251,0,213.92,playing,2
62.3084,-0.0545,0,0,0.26251,0,215.09,playing,2
62.3244,-0.0545,0,0,0.2617,0,216.54,playing,2
62.34,-2.4601,0,0,0.2617,0,218.27,playing,2
62.3576,-2.4601,0,0,0.26574,0,220.29,playing,2
62.3747,-2.4433,0,0,0.26574,0,222.91,playing,2
62.3902,-2.4433,0,0,0.26574,0,225.52,playing,2
62.4068,-2.4433,0,0,0.22931,0,228.42,playing,2
62.4238,-2.6249,0,0,0.22931,0,231.81,playing,2
62.4404,-2.6249,0,0,0.30572,0,235.52,playing,2
62.4565,-2.6249,0,0,0.30572,0,239.3,playing,2
62.472,-3.2816,0,0,0.30572,0,243.35,playing,2
62.4891,-3.2816,0,0,0.269,0,247.69,playing,2
62.5052,-3.2816,0,0,0.269,0,252.62,playing,2
62.5213,-3.8221,0,0,0.30437,0,257.53,playing,2
62.5372,-3.8221,0,0,0.30437,0,262.73,playing,2
62.5548,-5.0154,0,0,0.30437,0,268.22,playing,2
62.5712,-14.0026,1,0,0.24301,0,274.74,playing,2
62.5878,-14.0026,0,0,0.24301,0,268.78,playing,2
62.6041,-1.4631,0,0,0.25092,0,262.77,playing,2
62.6201,-1.4631,0,0,0.25092,0,257.39,playing,2
62.6362,-1.4631,0,0,0.28074,0,252.29,playing,2
62.6528,53.5505,0,0,0.28074,0,247.48,playing,2
62.669,53.5505,0,0,0.28074,0,242.68,playing,2
62.685,53.5505,0,0,0.28425,0,238.45,playing,2
62.7016,-28.2491,0,0,0.28425,0,234.5,playing,2
62.7177,-28.2491,0,0,0.18194,0,230.83,playing,2
62.7342,-27.4023,0,0,0.18194,0,227.44,playing,2
62.7508,-27.4023,0,0,0.18194,0,224.15,playing,2
62.7668,-27.4023,0,0,0.18194,0,221.35,playing,2
62.7833,-6.9824,0,0,0.20051,0,218.68,playing,2
62.7994,-6.9824,0,0,0.20051,0,216.45,playing,2
62.8155,-6.9824,0,0,0.21603,0,214.51,playing,2
62.8317,-4.2074,0,0,0.21603,0,212.84,playing,2
62.8488,-4.2074,0,0,0.21603,0,211.39,playing,2
62.866,-4.2074,0,0,0.1535,0,210.26,playing,2
62.8828,-2.1361,0,0,0.1535,0,209.45,playing,2
62.8984,-2.1361,0,0,0.1535,0,208.96,playing,2
62.9146,-1.3841,0,0,0.21283,1,208.76,playing,2
62.9304,-0.1161,0,0,0.21283,0,208.84,playing,2
62.9465,-0.1161,0,0,0.21283,0,209.2,playing,2
62.9626,0.5384,0,0,0.24395,0,209.84,playing,2
62.9787,0.5384,0,0,0.24395,0,210.76,playing,2
62.9948,0.5384,0,0,0.21684,0,211.97,playing,2
63.0112,-0.4685,0,0,0.21684,0,213.57,playing,2
63.0273,-0.4685,0,0,0.21684,0,215.35,playing,2
63.0436,-0.4685,0,0,0.22774,0,217.42,playing,2
63.0601,1.3891,0,0,0.22774,0,219.77,playing,2
63.0772,1.3891,0,0,0.25865,0,222.58,playing,2
63.0939,2.057,0,0,0.25865,0,225.71,playing,2
63.1105,2.003,0,0,0.25865,0,229.16,playing,2
63.1266,2.003,0,0,0.25864,0,232.69,playing,2
63.1427,2.003,0,0,0.25864,0,236.5,playing,2
63.1592,2.003,0,0,0.25864,0,240.86,playing,2
63.1759,2.003,0,0,0.25864,0,245.25,playing,2
63.1924,2.003,0,0,0.25864,0,250.24,playing,2
63.2087,2.003,0,0,0.29147,0,255.21,playing,2
63.2258,2.003,0,0,0.29147,0,260.81,playing,2
63.2414,1.3053,0,0,0.31912,0,266.36,playing,2
63.2574,1.3053,0,0,0.31912,0,272.19,playing,2
63.2735,1.1676,0,0,0.31912,0,278.31,playing,2
63.2907,1.1676,0,0,0.33652,0,285.12,playing,3
63.3063,1.1676,0,0,0.33652,0,291.82,playing,3
63.3224,-9.3243,0,0,0.33422,0,298.8,playing,3
63.3387,-9.3243,0,0,0.33422,0,306.06,playing,3
63.3547,-9.3243,0,0,0.33422,0,313.6,playing,3
63.3702,-18.3812,1,0,0.2823,0,321.42,playing,3
63.3868,-18.3812,0,0,0.2823,0,315.46,playing,3
63.4034,-18.3812,0,0,0.3309,0,309.45,playing,3
63.4194,4.1036,0,0,0.3309,0,304.07,playing,3
63.4355,4.1036,0,0,0.3309,0,298.98,playing,3
63.4519,4.1036,0,0,0.3309,0,294.16,playing,3
63.469,4.1036,0,0,0.3309,0,289.36,playing,3
63.4856,4.1036,0,0,0.28196,0,284.88,playing,3
63.5017,-13.3391,0,0,0.28196,0,280.95,playing,3
63.5179,-13.3391,0,0,0.2089,0,277.3,playing,3
63.5344,-13.3391,0,0,0.2089,0,273.73,playing,3
63.5509,-2.4936,0,0,0.2089,0,270.66,playing,3
63.568,-2.4936,0,0,0.2034,0,267.72,playing,3
63.5856,-2.4936,0,0,0.2034,0,265.09,playing,3
63.6016,3.042,0,0,0.17973,0,262.78,playing,3
63.6178,3.042,0,0,0.17973,0,260.88,playing,3
63.6348,3.042,0,0,0.17523,0,259.19,playing,3
63.6514,3.042,0,0,0.17523,0,257.82,playing,3
63.6674,3.042,0,0,0.17523,0,256.8,playing,3
63.683,10.1776,0,0,0.22341,1,256.07,playing,3
63.6996,10.1776,0,0,0.22341,0,255.62,playing,3
63.7157,10.1776,0,0,0.22341,0,255.45,playing,3
63.7328,8.7282,0,0,0.22749,0,255.59,playing,3
63.7498,8.7282,0,0,0.22749,0,256.05,playing,3
63.7663,8.7282,0,0,0.23919,0,256.83,playing,3
63.7824,4.4883,0,0,0.23919,0,257.84,playing,3
63.7984,4.4883,0,0,0.25809,0,259.13,playing,3
63.8145,2.9723,0,0,0.25809,0,260.7,playing,3
63.8305,2.9723,0,0,0.25809,0,262.56,playing,3
63.8468,2.9723,0,0,0.28473,0,264.7,playing,3
63.8639,1.1383,0,0,0.28473,0,267.29,playing,3
63.8808,1.1383,0,0,0.27333,0,270.19,playing,3
63.8967,1.1383,0,0,0.27333,0,273.21,playing,3
63.9126,-1.8978,0,0,0.26557,0,276.51,playing,3
63.9283,-1.8978,0,0,0.26557,0,280.09,playing,3
63.9449,-1.8978,0,0,0.26557,0,283.95,playing,3
63.961,-2.5499,0,0,0.26557,0,288.38,playing,3
63.9786,-2.5499,0,0,0.26482,0,293.12,playing,3
63.9952,-2.1742,0,0,0.26482,0,297.86,playing,3
64.0121,-2.1742,0,0,0.30465,0,303.22,playing,3
64.0282,-2.1742,0,0,0.30465,0,308.54,playing,3
64.045,-2.5158,0,0,0.23644,0,314.51,playing,3
64.061,-2.5158,0,0,0.23644,0,320.8,playing,3
64.0783,-2.5158,0,0,0.23644,0,327.01,playing,3
64.0932,-2.0709,0,0,0.28358,0,333.49,playing,3
64.1091,-2.0709,0,0,0.28358,0,340.26,playing,3
64.1258,-2.0709,0,0,0.28291,0,347.31,playing,3
64.1429,-2.282,0,0,0.28291,0,355.11,playing,3
64.1606,-2.282,0,0,0.28291,0,363.24,playing,3
64.1771,-3.171,0,0,0.28291,0,371.68,playing,3
64.1942,-3.171,0,0,0.28291,0,380.44,playing,3
64.2103,-3.171,0,0,0.28788,0,389.52,playing,3
64.2261,-2.0589,0,0,0.28788,0,398.34,playing,3
64.2428,-2.0589,0,0,0.26471,0,407.45,playing,3
64.2589,-2.0589,0,0,0.26471,0,416.84,playing,3
64.2759,-1.95,0,0,0.26471,0,427.13,playing,3
64.2922,-1.95,0,0,0.27137,0,437.74,playing,3
64.3087,-0.7299,0,0,0.27137,0,448.01,playing,3
64.3254,0.4513,0,0,0.25746,0,459.24,playing,3
64.3411,0.4513,0,0,0.25746,0,470.09,playing,3
64.3582,1.1414,0,0,0.28019,0,481.22,playing,3
64.3742,1.1414,0,0,0.28019,0,493.12,playing,3
64.3903,1.1414,0,0,0.28019,0,504.32,dead,3
64.4068,2.1905,0,0,0.29466,0,496.0,dead,3
64.4231,2.1905,0,0,0.29466,0,496.0,dead,3
64.4397,2.1905,0,0,0.27078,0,496.0,dead,3
64.4558,3.1285,0,0,0.27078,0,496.0,dead,3
64.4714,3.1285,0,0,0.27078,0,496.0,dead,3
64.4885,3.1285,0,0,0.29988,0,496.0,dead,3
64.5045,3.1159,0,0,0.29988,0,496.0,dead,3
64.521,3.1159,0,0,0.32606,0,496.0,dead,3
64.5372,3.1159,0,0,0.32606,0,496.0,dead,3
64.554,3.1159,0,0,0.32606,0,496.0,dead,3
64.5701,3.1159,0,0,0.34084,0,496.0,dead,3
64.5874,1.6232,0,0,0.34084,0,496.0,dead,3
64.6034,1.6232,0,0,0.33714,0,496.0,dead,3
64.6199,1.6232,0,0,0.33714,0,496.0,dead,3
64.637,1.4817,0,0,0.26429,0,496.0,dead,3
64.6539,1.4817,0,0,0.26429,0,496.0,dead,3
64.6704,0.7497,0,0,0.26429,0,496.0,dead,3
