time_s,eeg_amplitude_uv,eeg_blink,cv_ear,cv_blink,bird_y,game_state,score
0.002,0.0,0,1.0,0,285.0,waiting,0
0.0175,0.0,0,1.0,0,290.09,waiting,0
0.0331,0.0,0,1.0,0,289.54,waiting,0
0.0496,0.0,0,1.0,0,288.94,waiting,0
0.0661,0.0,0,1.0,0,288.33,waiting,0
0.0822,0.0,0,1.0,0,287.67,waiting,0
0.0983,0.0,0,1.0,0,287.05,waiting,0
0.1142,0.0,0,1.0,0,286.41,waiting,0
0.1309,0.0,0,1.0,0,285.78,waiting,0
0.148,0.0,0,1.0,0,285.1,waiting,0
0.1645,0.0,0,1.0,0,284.42,waiting,0
0.1801,0.0,0,1.0,0,283.78,waiting,0
0.1961,0.0,0,1.0,0,283.14,waiting,0
0.2122,0.0,0,1.0,0,282.52,waiting,0
0.2286,0.0,0,1.0,0,281.89,waiting,0
0.2447,0.0,0,1.0,0,281.28,waiting,0
0.2602,0.0,0,1.0,0,280.68,waiting,0
0.2768,0.0,0,1.0,0,280.09,waiting,0
0.2924,0.0,0,1.0,0,279.47,waiting,0
0.3086,0.0,0,1.0,0,278.95,waiting,0
0.3252,0.0,0,1.0,0,278.4,waiting,0
0.3412,0.0,0,1.0,0,277.85,waiting,0
0.3578,0.0,0,1.0,0,277.34,waiting,0
0.3738,0.0,0,1.0,0,276.86,waiting,0
0.3903,0.0,0,1.0,0,276.38,waiting,0
0.4068,0.0,0,1.0,0,275.94,waiting,0
0.4224,0.0,0,1.0,0,275.51,waiting,0
0.439,0.0,0,1.0,0,275.16,waiting,0
0.4555,0.0,0,1.0,0,274.78,waiting,0
0.4721,0.0,0,1.0,0,274.46,waiting,0
0.4887,0.0,0,1.0,0,274.15,waiting,0
0.5053,0.0,0,1.0,0,273.88,waiting,0
0.5213,0.0,0,1.0,0,273.66,waiting,0
0.5378,0.0,0,1.0,0,273.46,waiting,0
0.5539,0.0,0,1.0,0,273.3,waiting,0
0.5703,0.0,0,1.0,0,273.17,waiting,0
0.5868,0.0,0,1.0,0,273.08,waiting,0
0.6034,0.0,0,1.0,0,273.02,waiting,0
0.6197,0.0,0,1.0,0,273.0,waiting,0
0.6443,0.0,0,1.0,0,273.01,waiting,0
0.6614,0.0,0,1.0,0,273.1,waiting,0
0.6793,0.0,0,1.0,0,273.21,waiting,0
0.7031,0.0,0,1.0,0,273.37,waiting,0
0.72,0.0,0,1.0,0,273.65,waiting,0
0.7361,0.0,0,1.0,0,273.88,waiting,0
0.7532,0.0,0,1.0,0,274.13,waiting,0
0.7698,0.0,0,1.0,0,274.44,waiting,0
0.7859,0.0,0,1.0,0,274.78,waiting,0
0.8024,0.0,0,1.0,0,275.13,waiting,0
0.8191,0.0,0,0.32874,0,275.5,waiting,0
0.8361,0.0,0,0.32874,0,275.93,waiting,0
0.8521,0.0,0,0.3135,0,276.39,waiting,0
0.8687,0.0,0,0.3135,0,276.85,waiting,0
0.8847,0.0,0,0.30586,0,277.33,waiting,0
0.9003,0.0,0,0.30586,0,277.84,waiting,0
0.9163,0.0,0,0.31786,0,278.36,waiting,0
0.9328,0.0,0,0.31786,0,278.9,waiting,0
0.9489,0.0,0,0.31602,0,279.5,waiting,0
0.9656,0.0,0,0.31602,0,280.07,waiting,0
0.9826,0.0,0,0.31008,0,280.7,waiting,0
0.9987,0.0,0,0.31008,0,281.3,waiting,0
1.0157,0.0,0,0.30848,0,281.96,waiting,0
1.0314,0.0,0,0.31782,0,282.62,waiting,0
1.0469,0.0,0,0.31782,0,283.21,waiting,0
1.064,0.0,0,0.29769,0,283.85,waiting,0
1.0808,0.0,0,0.29769,0,284.52,waiting,0
1.0963,0.0,0,0.29307,0,285.2,waiting,0
1.1129,0.0,0,0.29307,0,285.8,waiting,0
1.1296,0.0,0,0.30997,0,286.48,waiting,0
1.1451,0.0,0,0.30997,0,287.11,waiting,0
1.1619,0.0,0,0.32029,0,287.74,waiting,0
1.1784,0.0,0,0.32029,0,288.4,waiting,0
1.1949,0.0,0,0.34401,0,289.01,waiting,0
1.2115,0.0,0,0.34401,0,289.64,waiting,0
1.2276,0.0,0,0.31654,0,290.22,waiting,0
1.2434,0.0,0,0.31654,0,290.79,waiting,0
1.2597,0.0,0,0.33652,0,291.34,waiting,0
1.2755,0.0,0,0.33652,0,291.88,waiting,0
1.2916,0.0,0,0.30536,0,292.39,waiting,0
1.3071,0.0,0,0.30536,0,292.89,waiting,0
1.3241,0.0,0,0.33199,0,293.36,waiting,0
1.3407,0.0,0,0.33199,0,293.83,waiting,0
1.3564,0.0,0,0.32922,0,294.28,waiting,0
1.3739,0.0,0,0.32922,0,294.65,waiting,0
1.391,0.0,0,0.32165,0,295.06,waiting,0
1.4077,0.0,0,0.32165,0,295.41,waiting,0
1.4238,0.0,0,0.31958,0,295.71,waiting,0
1.4394,0.0,0,0.31958,0,296.0,waiting,0
1.4554,0.0,0,0.31792,0,296.23,waiting,0
1.472,0.0,0,0.31792,0,296.44,waiting,0
1.4886,0.0,0,0.31312,0,296.63,waiting,0
1.5051,0.0,0,0.31312,0,296.77,waiting,0
1.5215,0.0,0,0.34921,0,296.88,waiting,0
1.5377,0.0,0,0.34921,0,296.95,waiting,0
1.5538,0.0,0,0.323,0,296.99,waiting,0
1.5703,0.0,0,0.323,0,297.0,waiting,0
1.5862,0.0,0,0.32306,0,296.97,waiting,0
1.6026,0.0,0,0.32306,0,296.9,waiting,0
1.6193,0.0,0,0.32306,0,296.8,waiting,0
1.6369,0.0,0,0.33678,0,296.65,waiting,0
1.6534,0.0,0,0.32454,0,296.47,waiting,0
1.6697,0.0,0,0.32454,0,296.26,waiting,0
1.6855,0.0,0,0.32957,0,296.02,waiting,0
1.702,0.0,0,0.32957,0,295.76,waiting,0
1.7191,0.0,0,0.2942,0,295.44,waiting,0
1.7353,0.0,0,0.2942,0,295.08,waiting,0
1.7518,0.0,0,0.2942,0,294.72,waiting,0
1.7684,0.0,0,0.31303,0,294.31,waiting,0
1.785,0.0,0,0.31303,0,293.89,waiting,0
1.8017,0.0,0,0.31303,0,293.42,waiting,0
1.8173,0.0,0,0.31303,0,292.92,waiting,0
1.8338,0.0,0,0.32118,0,292.46,waiting,0
1.8494,0.0,0,0.32118,0,291.92,waiting,0
1.866,0.0,0,0.31526,0,291.42,waiting,0
1.8825,0.0,0,0.31526,0,290.84,waiting,0
1.8991,0.0,0,0.30552,0,290.27,waiting,0
1.9155,0.0,0,0.30552,0,289.65,waiting,0
1.932,0.0,0,0.31738,0,289.05,waiting,0
1.9489,0.0,0,0.31738,0,288.41,waiting,0
1.966,0.0,0,0.2936,0,287.75,waiting,0
1.9827,0.0,0,0.2936,0,287.08,waiting,0
1.9988,0.0,0,0.31591,0,286.45,waiting,0
2.0144,0.0,0,0.31591,0,285.78,waiting,0
2.0304,0.0,0,0.30069,0,285.18,waiting,0
2.047,0.0,0,0.30069,0,284.54,waiting,0
2.0636,0.0,0,0.3087,0,283.86,waiting,0
2.0792,0.0,0,0.3087,0,283.22,waiting,0
2.0958,0.0,0,0.34436,0,282.59,waiting,0
2.1124,0.0,0,0.34436,0,281.93,waiting,0
2.1289,0.0,0,0.32835,0,281.32,waiting,0
2.1456,0.0,0,0.32835,0,280.68,waiting,0
2.1617,0.0,0,0.32835,0,280.08,waiting,0
2.1778,0.0,0,0.32835,0,279.47,waiting,0
2.1939,0.0,0,0.32411,0,278.91,waiting,0
2.2101,0.0,0,0.32411,0,278.37,waiting,0
2.2265,0.0,0,0.32411,0,277.85,waiting,0
2.2429,0.0,0,0.32411,0,277.34,waiting,0
2.26,0.0,0,0.32411,0,276.83,waiting,0
2.2766,0.0,0,0.32804,0,276.35,waiting,0
2.2931,0.0,0,0.32804,0,275.89,waiting,0
2.3095,0.0,0,0.34106,0,275.49,waiting,0
2.3257,0.0,0,0.34106,0,275.11,waiting,0
2.3421,0.0,0,0.31008,0,274.76,waiting,0
2.3596,0.0,0,0.31008,0,274.42,waiting,0
2.3761,0.0,0,0.31014,0,274.12,waiting,0
2.3943,0.0,0,0.31014,0,273.85,waiting,0
2.4108,0.0,0,0.31313,0,273.6,waiting,0
2.4279,0.0,0,0.31313,0,273.41,waiting,0
2.4445,0.0,0,0.31313,0,273.25,waiting,0
2.4606,0.0,0,0.31533,0,273.14,waiting,0
2.4766,0.0,0,0.31533,0,273.06,waiting,0
2.4923,0.0,0,0.31561,0,273.01,waiting,0
2.5089,0.0,0,0.31561,0,273.0,waiting,0
2.5257,0.0,0,0.30047,0,273.03,waiting,0
2.5413,0.0,0,0.30047,0,273.08,waiting,0
2.5574,0.0,0,0.31126,0,273.18,waiting,0
2.5739,0.0,0,0.31126,0,273.3,waiting,0
2.5912,0.0,0,0.2977,0,273.47,waiting,0
2.6076,0.0,0,0.30542,0,273.68,waiting,0
2.6232,0.0,0,0.30542,0,273.91,waiting,0
2.64,0.0,0,0.28982,0,274.17,waiting,0
2.6565,0.0,0,0.28982,0,274.48,waiting,0
2.6722,0.0,0,0.30141,0,274.8,waiting,0
2.6891,0.0,0,0.30141,0,275.15,waiting,0
2.7057,0.0,0,0.30801,0,275.55,waiting,0
2.7218,0.0,0,0.30801,0,275.99,waiting,0
2.7374,0.0,0,0.308,0,276.42,waiting,0
2.753,0.0,0,0.308,0,276.85,waiting,0
2.7696,0.0,0,0.31312,0,277.33,waiting,0
2.7851,0.0,0,0.31312,0,277.84,waiting,0
2.8022,0.0,0,0.28161,0,278.36,waiting,0
2.8189,0.0,0,0.28161,0,278.94,waiting,0
2.8358,0.0,0,0.31363,0,279.53,waiting,0
2.8516,0.0,0,0.28512,0,280.15,waiting,0
2.8671,0.0,0,0.28512,0,280.7,waiting,0
2.8838,0.0,0,0.26908,0,281.31,waiting,0
2.8992,0.0,0,0.26908,0,281.96,waiting,0
2.9157,0.0,0,0.31825,0,282.54,waiting,0
2.9314,0.0,0,0.31825,0,283.17,waiting,0
2.9478,0.0,0,0.30516,0,283.81,waiting,0
2.964,0.0,0,0.30516,0,284.49,waiting,0
2.9804,0.0,0,0.31826,0,285.13,waiting,0
2.9965,0.0,0,0.31826,0,285.76,waiting,0
3.013,0.0,0,0.28211,0,286.4,waiting,0
3.0301,0.0,0,0.28211,0,287.07,waiting,0
3.0469,0.0,0,0.31257,0,287.74,waiting,0
3.0636,0.0,0,0.31257,0,288.4,waiting,0
3.0792,0.0,0,0.29933,0,289.01,waiting,0
3.0958,0.0,0,0.29933,0,289.6,waiting,0
3.1123,0.0,0,0.30063,0,290.22,waiting,0
3.1289,0.0,0,0.30063,0,290.79,waiting,0
3.1455,0.0,0,0.27972,0,291.38,waiting,0
3.1621,0.0,0,0.27972,0,291.91,waiting,0
3.1787,0.0,0,0.29652,0,292.46,waiting,0
3.1948,0.0,0,0.29652,0,292.95,waiting,0
3.2103,0.0,0,0.30409,0,293.44,waiting,0
3.2268,0.0,0,0.30409,0,293.86,waiting,0
3.2435,0.0,0,0.30504,0,294.3,waiting,0
3.26,0.0,0,0.30504,0,294.69,waiting,0
3.2762,0.0,0,0.2935,0,295.08,waiting,0
3.2928,0.0,0,0.2935,0,295.41,waiting,0
3.3098,0.0,0,0.31242,0,295.73,waiting,0
3.3258,0.0,0,0.31242,0,296.02,waiting,0
3.3415,0.0,0,0.28467,0,296.26,waiting,0
3.3574,0.0,0,0.28467,0,296.45,waiting,0
3.3735,0.0,0,0.28467,0,296.63,waiting,0
3.3898,0.0,0,0.28467,0,296.77,waiting,0
3.4058,0.0,0,0.31242,0,296.88,waiting,0
3.4224,0.0,0,0.31242,0,296.95,waiting,0
3.4385,0.0,0,0.31242,0,296.99,waiting,0
3.4546,0.0,0,0.3065,0,297.0,waiting,0
3.4703,0.0,0,0.3065,0,296.97,waiting,0
3.4872,0.0,0,0.3065,0,296.9,waiting,0
3.5037,0.0,0,0.29352,0,296.8,waiting,0
3.5194,0.0,0,0.29352,0,296.66,waiting,0
3.5358,0.0,0,0.29352,0,296.5,waiting,0
3.5522,0.0,0,0.28503,0,296.29,waiting,0
3.5689,0.0,0,0.28503,0,296.05,waiting,0
3.5851,0.0,0,0.28503,0,295.77,waiting,0
3.6011,0.0,0,0.30778,0,295.47,waiting,0
3.6177,0.0,0,0.30778,0,295.15,waiting,0
3.6338,0.0,0,0.30778,0,294.79,waiting,0
3.6498,0.0,0,0.28943,0,294.38,waiting,0
3.6663,0.0,0,0.28943,0,293.97,waiting,0
3.6825,0.0,0,0.28943,0,293.53,waiting,0
3.6986,0.0,0,0.30283,0,293.07,waiting,0
3.7151,0.0,0,0.30283,0,292.59,waiting,0
3.7312,0.0,0,0.30283,0,292.05,waiting,0
3.7477,0.0,0,0.29283,0,291.52,waiting,0
3.7633,0.0,0,0.29283,0,290.94,waiting,0
3.7803,0.0,0,0.29283,0,290.41,waiting,0
3.7974,0.0,0,0.29283,0,289.8,waiting,0
3.8135,0.0,0,0.30389,0,289.17,waiting,0
3.8296,0.0,0,0.30389,0,288.56,waiting,0
3.8462,0.0,0,0.30389,0,287.9,waiting,0
3.8638,0.0,0,0.29017,0,287.28,waiting,0
3.8807,0.0,0,0.29017,0,286.57,waiting,0
3.8968,0.0,0,0.29017,0,285.89,waiting,0
3.9129,0.0,0,0.29017,0,285.25,waiting,0
3.9303,0.0,0,0.32351,0,284.61,waiting,0
3.9468,0.0,0,0.32351,0,283.94,waiting,0
3.9634,0.0,0,0.32351,0,283.26,waiting,0
3.9795,0.0,0,0.31221,0,282.63,waiting,0
3.9951,0.0,0,0.31221,0,282.01,waiting,0
4.0112,0.0,0,0.31221,0,281.39,waiting,0
4.0274,0.0,0,0.31411,0,280.79,waiting,0
4.0439,0.0,0,0.31411,0,280.19,waiting,0
4.0605,0.0,0,0.31411,0,279.58,waiting,0
4.0765,0.0,0,0.28155,0,279.01,waiting,0
4.0928,0.0,0,0.28155,0,278.47,waiting,0
4.1097,0.0,0,0.28155,0,277.91,waiting,0
4.1258,0.0,0,0.28155,0,277.37,waiting,0
4.1429,0.0,0,0.31003,0,276.89,waiting,0
4.1595,0.0,0,0.31003,0,276.4,waiting,0
4.175,0.0,0,0.31003,0,275.97,waiting,0
4.1917,0.0,0,0.31003,0,275.56,waiting,0
4.2072,0.0,0,0.30682,0,275.18,waiting,0
4.2238,0.0,0,0.30682,0,274.82,waiting,0
4.2399,0.0,0,0.30682,0,274.48,waiting,0
4.2564,0.0,0,0.30682,0,274.19,waiting,0
4.2725,0.0,0,0.30822,0,273.93,waiting,0
4.2886,0.0,0,0.30822,0,273.69,waiting,0
4.3046,0.0,0,0.30822,0,273.5,waiting,0
4.3201,0.0,0,0.31568,0,273.33,waiting,0
4.3362,0.0,0,0.31568,0,273.2,waiting,0
4.3532,0.0,0,0.31568,0,273.1,waiting,0
4.3703,0.0,0,0.305,0,273.03,waiting,0
4.3863,0.0,0,0.305,0,273.0,waiting,0
4.4028,0.0,0,0.305,0,273.01,waiting,0
4.4189,0.0,0,0.305,0,273.05,waiting,0
4.4359,0.0,0,0.305,0,273.13,waiting,0
4.452,0.0,0,0.305,0,273.25,waiting,0
4.469,0.0,0,0.31359,0,273.4,waiting,0
4.4851,0.0,0,0.31359,0,273.59,waiting,0
4.5012,0.0,0,0.31359,0,273.8,waiting,0
4.5172,0.0,0,0.30282,0,274.05,waiting,0
4.5333,0.0,0,0.30282,0,274.33,waiting,0
4.5499,0.0,0,0.30282,0,274.63,waiting,0
4.5664,0.0,0,0.30282,0,274.99,waiting,0
4.5825,0.0,0,0.29009,0,275.36,waiting,0
4.598,0.0,0,0.29009,0,275.76,waiting,0
4.6145,0.0,0,0.29009,0,276.18,waiting,0
4.6307,0.0,0,0.3229,0,276.62,waiting,0
4.6477,0.0,0,0.3229,0,277.12,waiting,0
4.6634,0.0,0,0.3229,0,277.65,waiting,0
4.6799,0.0,0,0.3229,0,278.13,waiting,0
4.6964,0.0,0,0.2781,0,278.7,waiting,0
4.7125,0.0,0,0.2781,0,279.25,waiting,0
4.7285,0.0,0,0.2781,0,279.82,waiting,0
4.7447,0.0,0,0.27417,0,280.41,waiting,0
4.7607,0.0,0,0.27417,0,281.04,waiting,0
4.7773,0.0,0,0.27417,0,281.65,waiting,0
4.7933,0.0,0,0.30823,0,282.27,waiting,0
4.8091,0.0,0,0.30823,0,282.9,waiting,0
4.8255,0.0,0,0.30823,0,283.53,waiting,0
4.8416,0.0,0,0.30823,0,284.17,waiting,0
4.8582,0.0,0,0.30823,0,284.85,waiting,0
4.875,0.0,0,0.30823,0,285.49,waiting,0
4.892,0.0,0,0.30823,0,286.17,waiting,0
4.9087,0.0,0,0.2735,0,286.84,waiting,0
4.9253,0.0,0,0.2735,0,287.51,waiting,0
4.9418,0.0,0,0.2735,0,288.13,waiting,0
4.9585,0.0,0,0.30197,0,288.78,waiting,0
4.975,0.0,0,0.30197,0,289.38,waiting,0
4.9918,0.0,0,0.30197,0,290.01,waiting,0
5.0084,0.0,0,0.30876,0,290.62,waiting,0
5.0245,0.0,0,0.30876,0,291.18,waiting,0
5.0401,0.0,0,0.30876,0,291.72,waiting,0
5.0566,0.0,0,0.30876,0,292.24,waiting,0
5.0727,0.0,0,0.29755,0,292.74,waiting,0
5.0888,0.0,0,0.29755,0,293.21,waiting,0
5.1048,0.0,0,0.29755,0,293.7,waiting,0
5.1208,0.0,0,0.28205,0,294.12,waiting,0
5.1363,0.0,0,0.28205,0,294.53,waiting,0
5.1524,0.0,0,0.28205,0,294.88,waiting,0
5.1684,0.0,0,0.30707,0,295.23,waiting,0
5.185,0.0,0,0.30707,0,295.55,waiting,0
5.2021,0.0,0,0.30707,0,295.86,waiting,0
5.2184,0.0,0,0.30203,0,296.13,waiting,0
5.2345,0.0,0,0.30203,0,296.35,waiting,0
5.2509,0.0,0,0.30203,0,296.54,waiting,0
5.2681,0.0,0,0.30203,0,296.71,waiting,0
5.2847,0.0,0,0.32063,0,296.84,waiting,0
5.3008,0.0,0,0.32063,0,296.93,waiting,0
5.318,0.0,0,0.32063,0,296.98,waiting,0
5.3345,0.0,0,0.30722,0,297.0,waiting,0
5.3506,0.0,0,0.30722,0,296.98,waiting,0
5.3667,0.0,0,0.30722,0,296.93,waiting,0
5.3828,0.0,0,0.30654,0,296.83,waiting,0
5.4003,0.0,0,0.30654,0,296.71,waiting,0
5.4163,0.0,0,0.30372,0,296.54,waiting,0
5.433,0.0,0,0.30372,0,296.35,waiting,0
5.4496,0.0,0,0.28141,0,296.11,waiting,0
5.4651,0.0,0,0.28141,0,295.86,waiting,0
5.4817,0.0,0,0.30482,0,295.57,waiting,0
5.4977,0.0,0,0.30482,0,295.23,waiting,0
5.5137,0.0,0,0.30389,0,294.91,waiting,0
5.5296,0.0,0,0.30389,0,294.51,waiting,0
5.5452,0.0,0,0.29719,0,294.13,waiting,0
5.5618,0.0,0,0.29719,0,293.7,waiting,0
5.5774,0.0,0,0.29614,0,293.22,waiting,0
5.5934,0.0,0,0.29614,0,292.77,waiting,0
5.6095,0.0,0,0.29614,0,292.27,waiting,0
5.6256,0.0,0,0.29614,0,291.75,waiting,0
5.6418,0.0,0,0.31817,0,291.21,waiting,0
5.6578,0.0,0,0.31817,0,290.66,waiting,0
5.6734,0.0,0,0.23844,0,290.05,waiting,0
5.689,0.0,0,0.23844,0,289.5,waiting,0
5.706,0.0,0,0.20575,0,288.9,waiting,0
5.7231,0.0,0,0.20575,0,288.25,waiting,0
5.7392,0.0,0,0.1853,0,287.59,waiting,0
5.7557,0.0,0,0.1853,0,286.96,waiting,0
5.7718,0.0,0,0.28218,1,286.33,waiting,0
5.7888,0.0,0,0.28218,0,285.65,waiting,0
5.8048,0.0,0,0.28218,0,284.97,waiting,0
5.8219,0.0,0,0.28218,0,284.33,waiting,0
5.838,0.0,0,0.27164,0,283.65,waiting,0
5.8545,0.0,0,0.27164,0,283.02,waiting,0
5.8706,0.0,0,0.2583,0,282.39,waiting,0
5.8862,0.0,0,0.2583,0,281.73,waiting,0
5.9028,0.0,0,0.28335,0,281.16,waiting,0
5.9186,0.0,0,0.28335,0,280.52,waiting,0
5.9351,0.0,0,0.26699,0,279.97,waiting,0
5.9515,0.0,0,0.26699,0,279.36,waiting,0
5.9682,0.0,0,0.26656,0,278.81,waiting,0
5.9851,0.0,0,0.26656,0,278.23,waiting,0
6.0015,0.0,0,0.26191,0,277.68,waiting,0
6.0179,0.0,0,0.266,0,277.19,waiting,0
6.035,0.0,0,0.266,0,276.68,waiting,0
6.0512,0.0,0,0.31242,0,276.21,waiting,0
6.0677,0.0,0,0.31242,0,275.78,waiting,0
6.0834,0.0,0,0.28187,0,275.36,waiting,0
6.0996,0.0,0,0.28187,0,275.02,waiting,0
6.1154,0.0,0,0.28187,0,274.68,waiting,0
6.1332,0.0,0,0.29302,0,274.35,waiting,0
6.1489,0.0,0,0.29302,0,274.05,waiting,0
6.166,0.0,0,0.29302,0,273.81,waiting,0
6.1845,0.0,0,0.29302,0,273.58,waiting,0
6.2,0.0,0,0.2985,0,273.38,waiting,0
6.2166,0.0,0,0.28211,0,273.24,waiting,0
6.2322,0.0,0,0.28211,0,273.13,waiting,0
6.2487,0.0,0,0.28905,0,273.05,waiting,0
6.2642,0.0,0,0.28905,0,273.01,waiting,0
6.2813,0.0,0,0.28905,0,273.0,waiting,0
6.298,0.0,0,0.29144,0,273.03,waiting,0
6.3146,0.0,0,0.29036,0,273.1,waiting,0
6.3302,0.0,0,0.29036,0,273.2,waiting,0
6.3469,0.0,0,0.30447,0,273.33,waiting,0
6.3635,0.0,0,0.30447,0,273.51,waiting,0
6.3797,0.0,0,0.28198,0,273.71,waiting,0
6.3966,0.0,0,0.28198,0,273.95,waiting,0
6.412,0.0,0,0.28198,0,274.24,waiting,0
6.4288,0.0,0,0.28709,0,274.52,waiting,0
6.4459,0.0,0,0.28709,0,274.86,waiting,0
6.4628,0.0,0,0.28924,0,275.24,waiting,0
6.4804,0.0,0,0.28924,0,275.66,waiting,0
6.4965,0.0,0,0.28924,0,276.12,waiting,0
6.5124,0.0,0,0.28924,0,276.54,waiting,0
6.5296,0.0,0,0.29576,0,277.0,waiting,0
6.5452,0.0,0,0.30334,0,277.52,waiting,0
6.562,0.0,0,0.30334,0,278.03,waiting,0
6.5786,0.0,0,0.31053,0,278.6,waiting,0
6.5951,0.0,0,0.31053,0,279.15,waiting,0
6.6119,0.0,0,0.29577,0,279.75,waiting,0
6.6292,0.0,0,0.29577,0,280.37,waiting,0
6.6458,0.0,0,0.30788,0,281.01,waiting,0
6.6614,0.0,0,0.30788,0,281.65,waiting,0
6.6771,0.0,0,0.31281,0,282.23,waiting,0
6.6932,0.0,0,0.31281,0,282.86,waiting,0
6.7103,0.0,0,0.32337,0,283.49,waiting,0
6.727,0.0,0,0.32337,0,284.17,waiting,0
6.7431,0.0,0,0.29444,0,284.85,waiting,0
6.7598,0.0,0,0.29444,0,285.49,waiting,0
6.7766,0.0,0,0.29479,0,286.17,waiting,0
6.7929,0.0,0,0.29479,0,286.8,waiting,0
6.8095,0.0,0,0.29479,0,287.47,waiting,0
6.8255,0.0,0,0.29479,0,288.09,waiting,0
6.8417,0.0,0,0.2987,0,288.71,waiting,0
6.8572,0.0,0,0.2987,0,289.35,waiting,0
6.8738,0.0,0,0.2987,0,289.9,waiting,0
6.8928,0.0,0,0.2987,0,290.51,waiting,0
6.9098,0.0,0,0.3098,0,291.18,waiting,0
6.9264,0.0,0,0.3098,0,291.75,waiting,0
6.9429,0.0,0,0.26599,0,292.27,waiting,0
6.9595,0.0,0,0.26599,0,292.8,waiting,0
6.9755,0.0,0,0.24988,0,293.27,waiting,0
6.992,0.0,0,0.24988,0,293.73,waiting,0
7.0089,0.0,0,0.27387,0,294.18,waiting,0
7.0256,0.0,0,0.27387,0,294.6,waiting,0
7.0424,0.0,0,0.2784,0,294.99,waiting,0
7.059,0.0,0,0.27022,0,295.33,waiting,0
7.0759,0.0,0,0.27022,0,295.66,waiting,0
7.0924,0.0,0,0.27758,0,295.96,waiting,0
7.1083,0.0,0,0.27758,0,296.2,waiting,0
7.1248,0.0,0,0.29047,0,296.42,waiting,0
7.1418,0.0,0,0.29047,0,296.61,waiting,0
7.1584,0.0,0,0.26949,0,296.76,waiting,0
7.1749,0.0,0,0.26949,0,296.87,waiting,0
7.192,0.0,0,0.31218,0,296.95,waiting,0
7.209,0.0,0,0.31218,0,296.99,waiting,0
7.2256,0.0,0,0.28261,0,297.0,waiting,0
7.2411,0.0,0,0.28261,0,296.96,waiting,0
7.2579,0.0,0,0.29504,0,296.9,waiting,0
7.2745,0.0,0,0.29504,0,296.79,waiting,0
7.2905,0.0,0,0.28161,0,296.66,waiting,0
7.3071,0.0,0,0.28161,0,296.49,waiting,0
7.3232,0.0,0,0.27405,0,296.27,waiting,0
7.3396,0.0,0,0.27405,0,296.04,waiting,0
7.3562,0.0,0,0.30393,0,295.77,waiting,0
7.373,0.0,0,0.30393,0,295.45,waiting,0
7.3899,0.0,0,0.2539,0,295.1,waiting,0
7.4065,0.0,0,0.2539,0,294.72,waiting,0
7.4226,0.0,0,0.25746,0,294.33,waiting,0
7.4384,0.0,0,0.25746,0,293.92,waiting,0
7.4543,0.0,0,0.29352,0,293.47,waiting,0
7.4719,0.0,0,0.29352,0,293.01,waiting,0
7.4889,0.0,0,0.26229,0,292.46,waiting,0
7.506,0.0,0,0.26599,0,291.92,waiting,0
7.5228,0.0,0,0.26599,0,291.35,waiting,0
7.5384,0.0,0,0.26191,0,290.76,waiting,0
7.5658,0.0,0,0.26191,0,290.23,waiting,0
7.5824,0.0,0,0.26636,0,289.2,waiting,0
7.602,0.0,0,0.28614,0,288.59,waiting,0
7.6286,0.0,0,0.28614,0,287.82,waiting,0
7.6461,0.0,0,0.28198,0,286.76,waiting,0
7.6638,0.0,0,0.28198,0,286.09,waiting,0
7.6808,0.0,0,0.27079,0,285.37,waiting,0
7.6963,0.0,0,0.27079,0,284.69,waiting,0
7.7128,0.0,0,0.2992,0,284.09,waiting,0
7.7294,0.0,0,0.2992,0,283.41,waiting,0
7.7456,0.0,0,0.25036,0,282.78,waiting,0
7.7621,0.0,0,0.25036,0,282.16,waiting,0
7.7793,0.0,0,0.25866,0,281.5,waiting,0
7.7963,0.0,0,0.25866,0,280.86,waiting,0
7.8123,0.0,0,0.31058,0,280.23,waiting,0
7.8289,0.0,0,0.27109,0,279.65,waiting,0
7.8454,0.0,0,0.27109,0,279.05,waiting,0
7.862,0.0,0,0.28723,0,278.5,waiting,0
7.8787,0.0,0,0.28723,0,277.94,waiting,0
7.8958,0.0,0,0.28723,0,277.4,waiting,0
7.9119,0.0,0,0.28723,0,276.89,waiting,0
7.929,0.0,0,0.31746,0,276.43,waiting,0
7.9455,0.0,0,0.31746,0,275.97,waiting,0
7.9618,0.0,0,0.26653,0,275.56,waiting,0
7.9789,0.0,0,0.26653,0,275.15,waiting,0
7.9954,0.0,0,0.28965,0,274.78,waiting,0
8.0125,0.0,0,0.28965,0,274.46,waiting,0
8.0296,0.0,0,0.27544,0,274.13,waiting,0
8.0452,0.0,0,0.30916,0,273.88,waiting,0
8.0621,0.0,0,0.30916,0,273.65,waiting,0
8.0784,0.0,0,0.32642,0,273.45,waiting,0
8.0941,0.0,0,0.32642,0,273.29,waiting,0
8.1116,0.0,0,0.32642,0,273.17,waiting,0
8.1272,0.0,0,0.31325,0,273.07,waiting,0
8.1432,0.0,0,0.31325,0,273.02,waiting,0
8.16,0.0,0,0.28203,0,273.0,waiting,0
8.1766,0.0,0,0.29612,0,273.02,waiting,0
8.1921,0.0,0,0.29612,0,273.07,waiting,0
8.2093,0.0,0,0.25042,0,273.15,waiting,0
8.2253,0.0,0,0.25042,0,273.28,waiting,0
8.2419,0.0,0,0.3047,0,273.43,waiting,0
8.2587,0.0,0,0.3047,0,273.63,waiting,0
8.2743,0.0,0,0.305,0,273.85,waiting,0
8.291,0.0,0,0.305,0,274.1,waiting,0
8.3076,0.0,0,0.31005,0,274.4,waiting,0
8.3236,0.0,0,0.31005,0,274.72,waiting,0
8.3392,0.0,0,0.31005,0,275.06,waiting,0
8.3553,0.0,0,0.29387,0,275.44,waiting,0
8.3718,0.0,0,0.29387,0,275.83,waiting,0
8.3889,0.0,0,0.27686,0,276.29,waiting,0
8.4055,0.0,0,0.27686,0,276.77,waiting,0
8.4215,0.0,0,0.28486,0,277.25,waiting,0
8.4381,0.0,0,0.28486,0,277.75,waiting,0
8.4541,0.0,0,0.28865,0,278.3,waiting,0
8.4707,0.0,0,0.28865,0,278.84,waiting,0
8.4862,0.0,0,0.30603,0,279.4,waiting,0
8.5027,0.0,0,0.30603,0,279.97,waiting,0
8.5199,0.0,0,0.28111,0,280.6,waiting,0
8.5365,0.0,0,0.28111,0,281.24,waiting,0
8.5526,0.0,0,0.32597,0,281.85,waiting,0
8.5686,0.0,0,0.32597,0,282.47,waiting,0
8.5847,0.0,0,0.31551,0,283.1,waiting,0
8.6007,0.0,0,0.31551,0,283.77,waiting,0
8.6163,0.0,0,0.30447,0,284.37,waiting,0
8.6328,0.0,0,0.30447,0,285.01,waiting,0
8.6494,0.0,0,0.32265,0,285.69,waiting,0
8.6659,0.0,0,0.32265,0,286.33,waiting,0
8.6826,0.0,0,0.28965,0,287.0,waiting,0
8.6984,0.0,0,0.28965,0,287.63,waiting,0
8.7152,0.0,0,0.28931,0,288.25,waiting,0
8.7317,0.0,0,0.28931,0,288.9,waiting,0
8.7473,0.0,0,0.31543,0,289.54,waiting,0
8.7643,0.0,0,0.31543,0,290.08,waiting,0
8.7808,0.0,0,0.28564,0,290.69,waiting,0
8.7974,0.0,0,0.28564,0,291.28,waiting,0
8.8142,0.0,0,0.30378,0,291.82,waiting,0
8.8308,0.0,0,0.30378,0,292.37,waiting,0
8.8473,0.0,0,0.32598,0,292.89,waiting,0
8.8639,0.0,0,0.32598,0,293.36,waiting,0
8.8809,0.0,0,0.2974,0,293.84,waiting,0
8.8974,0.0,0,0.2974,0,294.28,waiting,0
8.9135,0.0,0,0.30172,0,294.67,waiting,0
8.929,0.0,0,0.30172,0,295.04,waiting,0
8.9452,0.0,0,0.30722,0,295.37,waiting,0
8.9622,0.0,0,0.30722,0,295.68,waiting,0
8.9794,0.0,0,0.30817,0,295.97,waiting,0
8.997,0.0,0,0.30817,0,296.25,waiting,0
9.0135,0.0,0,0.32554,0,296.46,waiting,0
9.0291,0.0,0,0.32554,0,296.64,waiting,0
9.0456,0.0,0,0.30088,0,296.78,waiting,0
9.0612,0.0,0,0.30088,0,296.88,waiting,0
9.0778,0.0,0,0.2937,0,296.96,waiting,0
9.0943,0.0,0,0.2937,0,296.99,waiting,0
9.1109,0.0,0,0.2933,0,297.0,waiting,0
9.1278,0.0,0,0.2933,0,296.96,waiting,0
9.1444,0.0,0,0.28629,0,296.89,waiting,0
9.1615,0.0,0,0.28629,0,296.78,waiting,0
9.1781,0.0,0,0.31554,0,296.64,waiting,0
9.1951,0.0,0,0.31554,0,296.45,waiting,0
9.2117,0.0,0,0.27735,0,296.23,waiting,0
9.2274,0.0,0,0.27735,0,295.97,waiting,0
9.2433,0.0,0,0.27735,0,295.72,waiting,0
9.2591,10875.0432,1,0.30113,0,295.41,waiting,0
9.2757,10875.0432,0,0.30113,0,295.08,playing,0
9.292,7646.7124,0,0.29898,0,289.12,playing,0
9.3086,4885.9802,0,0.29898,0,283.11,playing,0
9.3252,2603.3103,0,0.27959,0,277.73,playing,0
9.342,788.2124,0,0.27959,0,272.34,playing,0
9.3581,788.2124,0,0.29018,0,267.26,playing,0
9.3748,788.2124,0,0.29018,0,262.76,playing,0
9.3904,-591.4844,0,0.27025,0,258.54,playing,0
9.4069,-1585.3053,0,0.27025,0,254.61,playing,0
9.4239,-1585.3053,0,0.30197,0,250.75,playing,0
9.441,-2251.961,0,0.30197,0,247.2,playing,0
9.458,-2251.961,0,0.31275,0,243.98,playing,0
9.4744,-2655.471,0,0.31275,0,241.07,playing,0
9.4905,-2655.471,0,0.28659,0,238.61,playing,0
9.507,-2853.9387,0,0.28659,0,236.44,playing,0
9.5241,-2853.9387,0,0.31281,0,234.44,playing,0
9.5421,-2900.0583,0,0.31281,0,232.77,playing,0
9.5582,-2836.3765,0,0.30044,0,231.35,playing,0
9.5747,-2836.3765,0,0.30123,0,230.38,playing,0
9.5903,-2836.3765,0,0.30123,0,229.68,playing,0
9.6069,-2695.2331,0,0.29725,0,229.27,playing,0
9.6233,-2695.2331,0,0.29725,0,229.14,playing,0
9.6396,-2500.0024,0,0.28966,0,229.31,playing,0
9.656,-2500.0024,0,0.28966,0,229.76,playing,0
9.6725,-2272.2972,0,0.28966,0,230.55,playing,0
9.6881,-2272.2972,0,0.28942,0,231.58,playing,0
9.7041,-2037.2183,1,0.28942,0,232.89,playing,0
9.7208,-1805.6751,0,0.31639,0,226.93,playing,0
9.7363,-1805.6751,0,0.31639,0,221.26,playing,0
9.7529,-1572.3834,0,0.27827,0,215.86,playing,0
9.7699,-1572.3834,0,0.27827,0,210.45,playing,0
9.787,-1572.3834,0,0.2416,0,205.35,playing,0
9.8035,-1572.3834,0,0.2416,0,200.57,playing,0
9.8201,-1020.6615,0,0.24604,0,196.35,playing,0
9.8367,-1020.6615,0,0.24604,0,192.19,playing,0
9.8523,-1020.6615,0,0.20754,0,188.56,playing,0
9.8683,-786.0484,0,0.20754,0,185.2,playing,0
9.8849,-597.4605,0,0.1786,0,182.13,playing,0
9.9017,-597.4605,0,0.1786,0,179.19,playing,0
9.9182,-436.5661,0,0.21004,0,176.7,playing,0
9.935,-436.5661,0,0.21004,0,174.37,playing,0
9.951,-436.5661,0,0.28715,1,172.35,playing,0
9.9675,-301.4575,0,0.28715,0,170.74,playing,0
9.9839,-190.2198,0,0.29516,0,169.41,playing,0
10.0006,-190.2198,0,0.29516,0,168.32,playing,0
10.0164,-100.3283,0,0.29516,0,167.57,playing,0
10.0327,-100.3283,0,0.29073,0,167.1,playing,0
10.0482,-100.3283,0,0.29073,0,166.92,playing,0
10.0643,-29.3923,0,0.32153,0,167.01,playing,0
10.0803,24.0472,0,0.32153,0,167.39,playing,0
10.096,24.0472,0,0.31752,0,168.05,playing,0
10.1128,63.1756,0,0.31752,0,168.99,playing,0
10.1291,63.1756,0,0.32289,0,170.21,playing,0
10.1459,90.2188,0,0.32289,0,171.83,playing,0
10.163,90.2188,0,0.31274,0,173.77,playing,0
10.1795,107.4774,0,0.31274,0,176.02,playing,0
10.1958,107.4774,0,0.29114,0,178.42,playing,0
10.2115,116.8663,1,0.29114,0,181.1,playing,0
10.2276,116.8663,0,0.31005,0,175.14,playing,0
10.2432,120.4975,0,0.31005,0,169.47,playing,0
10.2602,118.5445,0,0.28616,0,164.07,playing,0
10.2767,118.5445,0,0.28616,0,158.66,playing,0
10.2929,118.5445,0,0.28892,0,153.84,playing,0
10.3099,113.1483,0,0.28892,0,149.05,playing,0
10.3265,113.1483,0,0.31147,0,144.57,playing,0
10.3426,113.1483,0,0.31147,0,140.63,playing,0
10.3583,113.1483,0,0.3176,0,136.98,playing,0
10.3743,95.3329,0,0.3176,0,133.61,playing,0
10.3908,95.3329,0,0.3176,0,130.52,playing,0
10.4079,84.6487,0,0.3176,0,127.55,playing,0
10.425,72.936,0,0.31825,0,124.91,playing,0
10.4414,72.936,0,0.31825,0,122.58,playing,0
10.4578,72.936,0,0.3073,0,120.67,playing,0
10.475,61.9219,0,0.3073,0,118.96,playing,0
10.4912,51.419,0,0.29831,0,117.56,playing,0
10.5072,51.419,0,0.29831,0,116.53,playing,0
10.5238,42.0551,0,0.30642,0,115.78,playing,0
10.5412,42.0551,0,0.30642,0,115.3,playing,0
10.5571,33.5048,0,0.32844,0,115.14,playing,0
10.5736,33.5048,0,0.32844,0,115.28,playing,0
10.5897,33.5048,0,0.3038,0,115.69,playing,0
10.6062,25.365,0,0.3038,0,116.38,playing,0
10.6222,19.1534,0,0.27392,0,117.44,playing,0
10.6388,19.1534,0,0.27392,0,118.71,playing,0
10.656,13.6267,0,0.3422,0,120.39,playing,0
10.672,13.6267,0,0.3422,0,122.38,playing,0
10.6889,13.6267,0,0.32833,0,124.53,playing,0
10.7057,13.6267,0,0.32833,0,127.14,playing,0
10.7215,4.8184,0,0.32833,0,129.88,playing,0
10.7381,4.8184,0,0.32833,0,132.89,playing,0
10.755,1.9684,0,0.2937,0,136.42,playing,0
10.7713,1.9684,0,0.2937,0,140.26,playing,0
10.7872,1.9684,0,0.32377,0,144.16,playing,0
10.8037,-0.075,0,0.32377,0,148.34,playing,0
10.8207,-0.075,0,0.32377,0,152.8,playing,0
10.8376,-0.075,0,0.30773,0,158.17,playing,0
10.8537,-0.075,0,0.30773,0,163.23,playing,0
10.8702,-0.075,0,0.28542,0,168.57,playing,0
10.8868,-0.075,0,0.28542,0,174.56,playing,0
10.9037,-3.9289,0,0.30508,0,180.88,playing,0
10.9199,-3.9289,0,0.30508,0,187.1,playing,0
10.9371,-4.9597,0,0.31965,0,194.02,playing,0
10.9537,-4.9597,0,0.31965,0,201.27,playing,0
10.97,-4.9597,0,0.30683,0,208.37,playing,0
10.9884,-5.326,0,0.30683,0,216.23,playing,0
11.0051,-5.326,0,0.30785,0,224.91,playing,0
11.0216,-5.326,0,0.29942,0,233.43,playing,0
11.0382,-4.7654,0,0.29942,0,241.73,playing,0
11.0547,-4.7654,0,0.29942,0,250.86,playing,0
11.0707,-4.1226,0,0.31435,0,259.74,playing,0
11.0863,-4.1226,0,0.31435,0,268.9,playing,0
11.1028,-4.1226,0,0.31435,0,278.34,playing,0
11.1196,-3.7432,0,0.31435,0,288.69,playing,0
11.1355,-3.7432,0,0.29121,0,298.71,playing,0
11.1511,-3.7432,0,0.29121,0,309.02,playing,0
11.1676,-2.7281,0,0.28571,0,319.6,playing,0
11.1833,-2.7281,0,0.28571,0,330.47,playing,0
11.1998,-2.7281,0,0.28359,0,341.62,playing,0
11.2169,-37.8754,1,0.28359,0,353.52,playing,0
11.2339,-37.8754,0,0.32338,0,347.21,playing,0
11.2509,-68.0391,0,0.32338,0,341.21,playing,0
11.268,-68.0391,0,0.2459,0,335.54,playing,0
11.2841,-68.0391,0,0.2459,0,330.18,playing,0
11.3007,-19.4898,0,0.19799,0,325.42,playing,0
11.3167,-19.4898,0,0.19799,0,320.94,playing,0
11.3326,-19.4898,0,0.19874,0,316.74,playing,0
11.349,37.4036,0,0.19874,0,312.82,playing,0
11.3662,37.4036,0,0.22194,1,308.98,playing,0
11.3831,37.4036,0,0.22194,0,305.45,playing,0
11.3991,40.8314,0,0.20505,0,302.24,playing,0
11.4155,40.8314,0,0.20505,0,299.51,playing,0
11.4315,40.8314,0,0.20505,0,297.05,playing,0
11.4475,40.8314,0,0.20505,0,294.88,playing,0
11.4634,40.8314,0,0.29574,0,292.98,playing,0
11.4802,33.7315,0,0.29574,0,291.37,playing,0
11.4964,33.7315,0,0.30072,0,289.98,playing,0
11.5122,33.7315,0,0.30072,0,288.95,playing,0
11.5283,33.7315,0,0.29575,0,288.2,playing,0
11.5441,33.7315,0,0.29575,0,287.73,playing,0
11.5609,33.7315,0,0.28667,0,287.55,playing,0
11.5776,26.3956,0,0.28667,0,287.67,playing,0
11.5939,26.3956,0,0.30701,0,288.06,playing,0
11.6109,20.0047,0,0.30701,0,288.8,playing,0
11.6275,20.0047,0,0.3226,0,289.86,playing,0
11.643,20.0047,0,0.3226,0,291.13,playing,0
11.66,-0.7159,0,0.25446,0,292.69,playing,0
11.6766,-0.7159,0,0.25446,0,294.66,playing,0
11.6926,-0.7159,0,0.30407,0,296.8,playing,0
11.7086,-3.8943,0,0.30407,0,299.22,playing,0
11.7252,-3.8943,0,0.275,0,301.92,playing,1
11.7413,-3.8943,0,0.275,0,305.11,playing,1
11.7584,-4.4209,0,0.275,0,308.39,playing,1
11.7747,-4.4209,0,0.31147,0,312.19,playing,1
11.7919,-4.8734,0,0.31147,0,316.31,playing,1
11.8091,-4.8734,0,0.31147,0,320.75,playing,1
11.8256,-4.8734,0,0.31147,0,325.51,playing,1
11.8411,-15.2212,0,0.28198,0,330.27,playing,1
11.8581,-15.2212,0,0.28198,0,335.31,playing,1
11.874,-15.2212,0,0.30939,0,340.99,playing,1
11.8907,-66.0524,1,0.30939,0,346.61,playing,1
11.9064,-66.0524,0,0.31511,0,340.65,playing,1
11.9224,-66.0524,0,0.31511,0,334.98,playing,1
11.9385,-45.3563,0,0.30064,0,329.58,playing,1
11.9546,-45.3563,0,0.30064,0,324.47,playing,1
11.9711,-45.3563,0,0.19112,0,319.64,playing,1
11.9881,-45.3563,0,0.19112,0,314.82,playing,1
12.0047,-45.3563,0,0.17852,0,310.32,playing,1
12.0207,45.1003,0,0.17852,0,306.37,playing,1
12.0367,45.1003,0,0.17628,0,302.7,playing,1
12.0528,45.1003,0,0.17628,0,299.31,playing,1
12.0689,40.4445,0,0.25003,1,296.2,playing,1
12.086,40.4445,0,0.25003,0,293.22,playing,1
12.1026,40.4445,0,0.29089,0,290.55,playing,1
12.1187,40.4445,0,0.29089,0,288.33,playing,1
12.1348,40.4445,0,0.29089,0,286.38,playing,1
12.1518,16.2072,0,0.29089,0,284.63,playing,1
12.169,16.2072,0,0.23381,0,283.2,playing,1
12.186,16.2072,0,0.23381,0,282.09,playing,1
12.2025,10.1713,0,0.29093,0,281.29,playing,1
12.2191,10.1713,0,0.29093,0,280.82,playing,1
12.2352,10.1713,0,0.31462,0,280.65,playing,1
12.2517,10.1713,0,0.31462,0,280.76,playing,1
12.2673,10.1713,0,0.3176,0,281.15,playing,1
12.2833,10.1713,0,0.3176,0,281.83,playing,1
12.2994,5.9315,0,0.32597,0,282.79,playing,1
12.3155,5.9315,0,0.32597,0,284.03,playing,1
12.3316,-2.394,0,0.32063,0,285.55,playing,1
12.3476,-5.2284,0,0.32063,0,287.35,playing,1
12.3641,-5.2284,0,0.29218,0,289.44,playing,1
12.3812,-6.4842,0,0.29218,0,291.97,playing,1
12.3986,-6.4842,0,0.29554,0,294.82,playing,1
12.4146,-6.4842,0,0.29554,0,297.99,playing,1
12.4312,-7.1394,0,0.32759,0,301.26,playing,1
12.4479,-7.1394,0,0.32759,0,305.04,playing,1
12.4649,-6.8685,0,0.32759,0,309.15,playing,1
12.4819,-6.8685,0,0.30234,0,313.57,playing,1
12.4989,-6.8685,0,0.30234,0,318.31,playing,1
12.5155,-61.9667,1,0.30234,0,323.36,playing,1
12.5317,-61.9667,0,0.30234,0,317.41,playing,1
12.5485,-61.9667,0,0.29903,0,311.73,playing,1
12.5651,-82.6516,0,0.29903,0,306.02,playing,1
12.5816,-82.6516,0,0.3048,0,300.62,playing,1
12.5979,-82.6516,0,0.3048,0,295.82,playing,1
12.6147,-0.9735,0,0.22478,0,291.04,playing,1
12.6308,-0.9735,0,0.22478,0,286.83,playing,1
12.6475,40.8206,0,0.24521,0,282.67,playing,1
12.6635,40.8206,0,0.24521,0,279.03,playing,1
12.6791,40.8206,0,0.24505,0,275.68,playing,1
12.6957,40.8206,0,0.24505,0,272.61,playing,1
12.7118,40.8206,0,0.18053,0,269.81,playing,1
12.7284,40.8206,0,0.18053,0,267.17,playing,1
12.7446,40.8206,0,0.18315,0,264.96,playing,1
12.7612,40.8206,0,0.18315,0,263.03,playing,1
12.7783,40.8206,0,0.25,1,261.3,playing,1
12.7948,26.7272,0,0.25,0,259.89,playing,1
12.8126,26.7272,0,0.29835,0,258.79,playing,1
12.8292,14.0477,0,0.29835,0,258.02,playing,1
12.8457,14.0477,0,0.29835,0,257.56,playing,1
12.8613,14.0477,0,0.27934,0,257.41,playing,1
12.8774,14.0477,0,0.27934,0,257.54,playing,1
12.8935,14.0477,0,0.32786,0,257.95,playing,1
12.9091,14.0477,0,0.32786,0,258.64,playing,1
12.9262,0.6141,0,0.30722,0,259.62,playing,1
12.943,0.6141,0,0.30722,0,260.98,playing,1
12.9591,0.6141,0,0.31511,0,262.65,playing,1
12.9761,-1.5409,0,0.31511,0,264.5,playing,1
12.9926,-1.5409,0,0.30375,0,266.79,playing,1
13.0087,-3.3925,0,0.30375,0,269.23,playing,1
13.0247,-3.3925,0,0.33343,0,271.95,playing,1
13.0414,-3.3925,0,0.33343,0,275.16,playing,1
13.0575,-3.3925,0,0.31721,0,278.45,playing,1
13.0731,-3.3925,0,0.31721,0,282.04,playing,1
13.0896,-3.3925,0,0.32609,0,285.9,playing,1
13.1056,-5.9398,0,0.32609,0,290.04,playing,1
13.1217,-5.9398,0,0.32786,0,294.47,playing,1
13.1376,-5.9398,0,0.32786,0,299.17,playing,1
13.1533,-6.4713,0,0.30219,0,304.16,playing,1
13.1695,-6.4713,0,0.30219,0,309.43,playing,1
13.186,-6.0695,0,0.30349,0,314.99,playing,1
13.2021,-6.823,0,0.30349,0,321.2,playing,1
13.2187,-6.823,0,0.3285,0,327.34,playing,1
13.2342,-6.823,0,0.3285,0,333.75,playing,1
13.2505,-6.823,0,0.30629,0,340.45,playing,1
13.2665,-6.823,0,0.30629,0,347.42,playing,1
13.2832,-62.7248,1,0.32365,0,354.68,playing,1
13.2999,-62.7248,0,0.32365,0,348.37,playing,1
13.3168,-62.7248,0,0.30282,0,342.38,playing,1
13.3334,-63.6586,0,0.30282,0,336.7,playing,1
13.349,-63.6586,0,0.34459,0,331.64,playing,1
13.3661,-41.1102,0,0.34459,0,326.86,playing,1
13.3825,-41.1102,0,0.20766,0,322.1,playing,1
13.3986,-41.1102,0,0.20766,0,317.9,playing,1
13.4141,10.7752,0,0.18013,0,313.98,playing,1
13.4302,10.7752,0,0.18013,0,310.35,playing,1
13.4465,10.7752,0,0.21722,0,307.0,playing,1
13.4628,43.7124,0,0.21722,0,303.92,playing,1
13.4799,43.7124,0,0.22955,1,300.98,playing,1
13.4969,43.7124,0,0.22955,0,298.35,playing,1
13.5135,29.7363,0,0.17957,0,296.04,playing,1
13.5295,29.7363,0,0.17957,0,294.15,playing,1
13.5456,22.7275,0,0.26735,0,292.54,playing,1
13.5612,22.7275,0,0.26735,0,291.21,playing,1
13.5779,22.7275,0,0.27541,0,290.16,playing,2
13.5952,16.9394,0,0.27541,0,289.36,playing,2
13.6114,16.9394,0,0.31657,0,288.88,playing,2
13.6273,16.9394,0,0.31657,0,288.72,playing,2
13.6446,11.9511,0,0.31166,0,288.86,playing,2
13.661,11.9511,0,0.28211,0,289.27,playing,2
13.6776,11.9511,0,0.28211,0,290.03,playing,2
13.6939,3.3102,0,0.33916,0,291.02,playing,2
13.7107,3.3102,0,0.33916,0,292.39,playing,2
13.7261,0.0615,0,0.32324,0,293.97,playing,2
13.7425,-2.3205,0,0.32324,0,295.82,playing,2
13.7586,-2.3205,0,0.32324,0,297.96,playing,2
13.7752,-3.0424,0,0.27434,0,300.55,playing,2
13.7923,-3.0424,0,0.27434,0,303.27,playing,2
13.8087,-3.0424,0,0.32296,0,306.47,playing,2
13.8242,-4.2421,0,0.32296,0,309.77,playing,2
13.8408,-4.2421,0,0.29062,0,313.35,playing,2
13.8563,-4.2421,0,0.29062,0,317.22,playing,2
13.8726,-4.9672,0,0.32786,0,321.36,playing,2
13.8886,-4.9672,0,0.32786,0,325.79,playing,2
13.9047,-4.9672,0,0.29068,0,330.49,playing,2
13.9221,-4.9672,0,0.29068,0,335.81,playing,2
13.9389,-4.9672,0,0.298,0,341.45,playing,2
13.9554,-57.4197,1,0.298,0,347.41,playing,2
13.9719,-57.4197,0,0.30341,0,341.45,playing,2
13.9885,-57.4197,0,0.30341,0,335.43,playing,2
14.004,-53.7009,0,0.27412,0,330.06,playing,2
14.0211,-53.7009,0,0.27412,0,324.96,playing,2
14.0377,-53.7009,0,0.19393,0,319.86,playing,2
14.0536,-24.6205,0,0.19393,0,315.35,playing,2
14.0702,-24.6205,0,0.19263,0,311.11,playing,2
14.0863,-0.0042,0,0.19263,0,306.93,playing,2
14.1029,-0.0042,0,0.2198,0,303.28,playing,2
14.1199,-0.0042,0,0.2198,0,299.72,playing,2
14.1364,42.8508,0,0.19793,0,296.47,playing,2
14.1525,42.8508,0,0.19793,0,293.7,playing,2
14.1691,42.8508,0,0.17883,0,291.21,playing,2
14.1857,42.8508,0,0.17883,0,288.88,playing,2
14.2017,42.8508,0,0.25056,1,286.97,playing,2
14.2183,42.8508,0,0.25056,0,285.34,playing,2
14.2335,39.8076,0,0.20289,0,283.99,playing,2
14.249,39.8076,0,0.20289,0,282.93,playing,2
14.2656,20.9134,0,0.22848,0,282.14,playing,2
14.2826,20.9134,0,0.22848,0,281.63,playing,2
14.299,20.9134,0,0.31361,0,281.43,playing,2
14.316,13.6394,0,0.31361,0,281.53,playing,2
14.332,13.6394,0,0.28862,0,281.95,playing,2
14.3481,13.6394,0,0.28862,0,282.62,playing,2
14.3646,7.3101,0,0.26699,0,283.58,playing,2
14.3802,7.3101,0,0.26699,0,284.82,playing,2
14.3964,7.3101,0,0.28831,0,286.34,playing,2
14.4124,-1.1273,0,0.28831,0,288.15,playing,2
14.429,-1.1273,0,0.32015,0,290.23,playing,2
14.4456,-4.2381,0,0.32015,0,292.77,playing,2
14.4617,-4.2381,0,0.275,0,295.43,playing,2
14.4773,-4.2381,0,0.275,0,298.38,playing,2
14.4942,-7.7119,0,0.27405,0,301.61,playing,2
14.5111,-7.7119,0,0.27405,0,305.36,playing,2
14.5277,-7.7119,0,0.29483,0,309.42,playing,2
14.5437,-7.8426,0,0.29483,0,313.53,playing,2
14.5599,-7.8426,0,0.33096,0,317.92,playing,2
14.5766,-7.8426,0,0.33096,0,322.9,playing,2
14.5932,-14.932,0,0.296,0,327.88,playing,2
14.6099,-14.932,0,0.296,0,333.47,playing,2
14.627,-48.5729,1,0.33624,0,339.39,playing,2
14.6431,-48.5729,0,0.33624,0,333.08,playing,2
14.6597,-48.5729,0,0.31048,0,327.42,playing,2
14.6755,-63.4552,0,0.31048,0,322.04,playing,2
14.6918,-63.4552,0,0.27126,0,316.95,playing,2
14.7085,-63.4552,0,0.27126,0,311.85,playing,2
14.7251,-34.9169,0,0.20337,0,307.34,playing,2
14.7431,-34.9169,0,0.20337,1,302.86,playing,2
14.7595,-34.9169,0,0.22357,0,298.47,playing,2
14.7756,19.5244,0,0.22357,0,294.85,playing,2
14.7913,19.5244,0,0.22194,0,291.52,playing,2
14.8081,45.2001,0,0.22194,0,288.46,playing,2
14.8246,45.2001,0,0.20142,0,285.53,playing,2
14.8405,45.2001,0,0.20142,0,283.06,playing,2
14.856,38.8502,0,0.21908,0,280.87,playing,2
14.873,38.8502,0,0.21908,0,278.96,playing,2
14.8897,38.8502,0,0.21386,0,277.25,playing,2
14.9057,30.5052,0,0.21386,0,275.92,playing,2
14.9224,30.5052,0,0.28416,0,274.87,playing,2
14.9388,30.5052,0,0.28416,0,274.07,playing,2
14.9549,15.821,0,0.29528,0,273.61,playing,2
14.9714,15.821,0,0.29528,0,273.43,playing,2
14.9876,9.2817,0,0.29114,0,273.54,playing,2
15.0035,9.2817,0,0.29114,0,273.94,playing,2
15.0197,9.2817,0,0.25416,0,274.61,playing,2
15.0357,3.8702,0,0.25416,0,275.57,playing,2
15.0513,3.8702,0,0.25843,0,276.81,playing,2
15.0678,3.8702,0,0.25843,0,278.33,playing,2
15.0833,-2.9017,0,0.27107,0,280.14,playing,2
15.1001,-2.9017,0,0.27107,0,282.22,playing,2
15.1164,-2.9017,0,0.29597,0,284.75,playing,2
15.1319,-2.9017,0,0.29597,0,287.42,playing,2
15.1486,-2.9017,0,,0,290.37,playing,2
15.1646,-4.2036,0,,0,293.6,playing,2
15.1816,-6.2953,0,0.27374,0,297.34,playing,2
15.1976,-6.2953,0,0.27374,0,301.15,playing,2
15.2137,-6.5594,0,0.26977,0,305.25,playing,2
15.2298,-6.5594,0,0.26977,0,309.62,playing,2
15.2469,-6.5594,0,0.28694,0,314.58,playing,2
15.264,-21.8472,1,0.28694,0,319.86,playing,2
15.28,-21.8472,0,0.28694,0,313.55,playing,2
15.2966,-21.8472,0,0.3146,0,307.89,playing,2
15.3122,-21.8472,0,0.3146,0,302.51,playing,2
15.3282,-21.8472,0,,0,297.42,playing,2
15.3443,-21.8472,0,,0,292.6,playing,2
15.3608,-42.8821,0,,0,288.07,playing,2
15.3779,-42.8821,0,,0,283.57,playing,2
15.395,38.3937,0,,0,279.39,playing,2
15.412,38.3937,0,,0,275.53,playing,2
15.4286,38.3937,0,0.20465,0,271.99,playing,3
15.4447,38.3937,0,0.20465,0,268.93,playing,3
15.4614,38.3937,0,0.19134,0,266.0,playing,3
15.4779,38.3937,0,0.23729,1,263.53,playing,3
15.4945,29.14,0,0.23729,0,261.22,playing,3
15.5115,29.14,0,0.23729,0,259.33,playing,3
15.5281,22.9914,0,0.25802,0,257.63,playing,3
15.5449,22.9914,0,0.26704,0,256.26,playing,3
15.5619,22.9914,0,0.26704,0,255.2,playing,3
15.5786,22.9914,0,0.28882,0,254.46,playing,3
15.5944,22.9914,0,0.28882,0,254.05,playing,3
15.6109,22.9914,0,0.28882,0,253.92,playing,3
15.6271,22.9914,0,0.27065,0,254.09,playing,3
15.6432,22.9914,0,0.27065,0,254.54,playing,3
15.6597,16.5643,0,0.30566,0,255.27,playing,3
15.6773,2.312,0,0.30566,0,256.36,playing,3
15.6934,2.312,0,0.32055,0,257.77,playing,3
15.7099,-3.5497,0,0.32055,0,259.38,playing,3
15.7269,-3.5497,0,0.29649,0,261.41,playing,3
15.7435,-3.5497,0,0.29649,0,263.76,playing,3
15.76,-3.5497,0,0.29017,0,266.25,playing,3
15.7771,-3.5497,0,0.29017,0,269.21,playing,3
15.7936,-3.5497,0,0.30567,0,272.49,playing,3
15.8106,-5.7404,0,0.31039,0,275.86,playing,3
15.8267,-5.7404,0,0.31039,0,279.76,playing,3
15.8427,-6.7579,0,0.31039,0,283.71,playing,3
15.8597,-6.7579,0,0.28697,0,288.22,playing,3
15.8753,-6.7579,0,0.28697,0,292.76,playing,3
15.8927,-7.0069,0,0.28544,0,297.89,playing,3
15.9088,-7.0069,0,0.28544,0,303.0,playing,3
15.9253,-7.0069,0,0.28233,0,308.75,playing,3
15.9418,-12.5178,0,0.28233,0,314.44,playing,3
15.959,-12.5178,0,0.29068,0,320.81,playing,3
15.9755,-12.5178,0,0.29068,0,327.49,playing,3
15.9916,-55.6113,1,0.29068,0,334.07,playing,3
16.0076,-55.6113,0,0.29068,0,328.11,playing,3
16.0236,-60.9263,0,,0,322.43,playing,3
16.0397,-60.9263,0,,0,317.04,playing,3
16.0558,-60.9263,0,,0,311.92,playing,3
16.0716,-46.6153,0,,0,307.09,playing,3
16.0878,-46.6153,0,0.17035,0,302.54,playing,3
16.1053,-46.6153,0,0.17035,0,298.02,playing,3
16.1219,15.4696,0,,0,293.82,playing,3
16.1389,15.4696,0,,0,289.94,playing,3
16.156,48.2696,0,,0,286.38,playing,3
16.1725,48.2696,0,,0,283.13,playing,3
16.1881,48.2696,0,,0,280.36,playing,3
16.2046,41.0813,0,,0,277.87,playing,3
16.2209,41.0813,0,0.24232,1,275.66,playing,3
16.238,41.0813,0,0.24232,0,273.63,playing,3
16.254,33.0449,0,0.28657,0,271.92,playing,3
16.2706,33.0449,0,0.28657,0,270.59,playing,3
16.2866,33.0449,0,0.30629,0,269.54,playing,3
16.3026,16.8112,0,0.30629,0,268.77,playing,3
16.3185,16.8112,0,0.27783,0,268.29,playing,3
16.334,16.8112,0,0.27783,0,268.09,playing,3
16.3511,10.3564,0,0.27783,0,268.17,playing,3
16.3672,10.3564,0,0.27783,0,268.57,playing,3
16.3833,1.4801,0,0.27938,0,269.23,playing,3
16.3998,1.4801,0,0.27938,0,270.17,playing,3
16.4164,1.4801,0,0.27938,0,271.48,playing,3
16.4329,-1.7033,0,0.29478,0,273.01,playing,3
16.4501,-1.7033,0,0.29478,0,274.94,playing,3
16.4671,-1.7033,0,0.29863,0,277.19,playing,3
16.4836,-3.7489,0,0.29863,0,279.76,playing,3
16.4997,-3.7489,0,0.30871,0,282.46,playing,3
16.5152,-4.9477,0,0.30871,0,285.45,playing,3
16.5313,-4.9477,0,0.28943,0,288.71,playing,3
16.5479,-4.9477,0,0.28943,0,292.26,playing,3
16.5649,-6.4667,0,0.28177,0,296.34,playing,3
16.5819,-6.4667,0,0.28177,0,300.74,playing,3
16.5986,-6.4667,0,0.28382,0,305.46,playing,3
16.6146,-28.0842,1,0.28382,0,310.19,playing,3
16.6301,-28.0842,0,0.29575,0,304.23,playing,3
16.6462,-28.0842,0,0.29575,0,298.55,playing,3
16.6627,-61.0929,0,0.33164,0,293.16,playing,3
16.6788,-61.0929,0,0.33164,0,288.05,playing,3
16.6949,-61.408,0,0.33164,0,283.21,playing,3
16.7119,-61.408,0,0.33164,0,278.4,playing,3
16.7291,-61.408,0,,0,273.9,playing,3
16.7451,-35.5384,0,0.23771,0,269.72,playing,3
16.7622,-35.5384,0,0.23771,0,266.07,playing,3
16.7789,-35.5384,0,,0,262.5,playing,3
16.7954,0.0981,0,,0,259.26,playing,3
16.811,0.0981,0,,0,256.48,playing,3
16.8275,0.0981,0,,0,253.99,playing,3
16.8436,57.7548,0,,0,251.78,playing,3
16.8592,57.7548,0,,0,249.86,playing,3
16.8753,51.5416,0,,0,248.21,playing,3
16.8919,51.5416,0,,0,246.84,playing,3
16.9085,51.5416,0,,0,245.71,playing,3
16.925,30.9224,0,0.27097,0,244.93,playing,3
16.9417,30.9224,0,0.27097,0,244.41,playing,3
16.9578,30.9224,0,,0,244.21,playing,3
16.9743,22.6783,0,,0,244.31,playing,3
16.9909,22.6783,0,,0,244.69,playing,3
17.0079,22.6783,0,,0,245.41,playing,3
17.0249,15.4609,0,0.31786,0,246.45,playing,3
17.0419,15.4609,0,0.31786,0,247.8,playing,3
17.0581,9.1927,0,0.31786,0,249.47,playing,3
17.0746,9.1927,0,0.31786,0,251.33,playing,3
17.0903,9.1927,0,,0,253.47,playing,3
17.1062,0.4408,0,,0,255.89,playing,3
17.1224,0.4408,0,0.25773,0,258.59,playing,3
17.1385,0.4408,0,0.25773,0,261.57,playing,3
17.1543,-5.8183,0,0.29415,0,264.83,playing,3
17.1704,-5.8183,0,0.29415,0,268.38,playing,3
17.1865,-5.8183,0,0.29751,0,272.21,playing,3
17.2028,-5.8183,0,0.29751,0,276.32,playing,3
17.2201,-5.8183,0,0.29751,0,281.0,playing,3
17.2368,-8.0332,0,0.29868,0,286.0,playing,3
17.2529,-8.0332,0,0.29868,0,290.99,playing,3
17.2695,-8.0332,0,0.28641,0,296.61,playing,3
17.2861,-9.2845,0,0.28641,0,302.18,playing,4
17.3029,-9.2845,0,0.28181,0,308.41,playing,4
17.3194,-9.2845,0,0.29093,0,314.97,playing,4
17.3354,-36.0852,1,0.29093,0,321.42,playing,4
17.3513,-36.0852,0,0.29093,0,315.46,playing,4
17.3673,-36.0852,0,,0,309.78,playing,4
17.3837,-63.608,0,,0,304.39,playing,4
17.3994,-63.608,0,,0,299.27,playing,4
17.4153,-18.4202,0,,0,294.44,playing,4
17.4315,-18.4202,0,,0,289.89,playing,4
17.4475,-18.4202,0,,0,285.62,playing,4
17.4631,18.1091,0,,0,281.63,playing,4
17.4801,18.1091,0,,0,277.93,playing,4
17.4972,18.1091,0,,0,274.31,playing,4
17.514,39.0162,0,,0,271.01,playing,4
17.5305,39.0162,0,,0,268.02,playing,4
17.5463,39.0162,0,,0,265.5,playing,4
17.5628,33.3362,0,,0,263.25,playing,4
17.5798,33.3362,0,,0,261.19,playing,4
17.5956,18.9575,0,,0,259.52,playing,4
17.6116,18.9575,0,,0,258.14,playing,4
17.6271,18.9575,0,,0,257.04,playing,4
17.6441,18.9575,0,,0,256.22,playing,4
17.6607,18.9575,0,,0,255.67,playing,4
17.6767,18.9575,0,,0,255.43,playing,4
17.6928,8.5361,0,0.29197,0,255.47,playing,4
17.7098,8.5361,0,0.29197,0,255.83,playing,4
17.7264,8.5361,0,,0,256.52,playing,4
17.7429,2.6663,0,,0,257.44,playing,4
17.7595,2.6663,0,,0,258.74,playing,4
17.7755,-0.0303,0,,0,260.24,playing,4
17.7916,-0.0303,0,,0,262.03,playing,4
17.8072,-0.0303,0,,0,264.1,playing,4
17.8237,-4.7943,0,,0,266.44,playing,4
17.8392,-4.7943,0,,0,269.07,playing,4
17.8558,-4.7943,0,,0,271.99,playing,4
17.8723,-5.9014,0,0.28765,0,275.4,playing,4
17.8889,-5.9014,0,0.28765,0,278.89,playing,4
17.9059,-5.9014,0,0.27405,0,282.92,playing,4
17.9224,-8.7023,0,0.27405,0,287.27,playing,4
17.938,-8.7023,0,0.27828,0,291.64,playing,4
17.9545,-28.2034,1,0.27828,0,296.29,playing,4
17.9708,-66.8151,0,0.26262,0,290.34,playing,4
17.9869,-66.8151,0,0.26262,0,284.66,playing,4
18.0034,-62.4509,0,0.26262,0,278.95,playing,4
18.0199,-62.4509,0,0.26262,0,273.85,playing,4
18.037,-62.4509,0,,0,268.75,playing,4
18.0531,-0.5369,0,,0,263.97,playing,4
18.0701,-0.5369,0,,0,259.76,playing,4
18.0872,-0.5369,0,,0,255.6,playing,4
18.1032,42.4147,0,,0,251.75,playing,4
18.1197,42.4147,0,,0,248.42,playing,4
18.1354,48.588,0,,0,245.36,playing,4
18.1521,48.588,0,,0,242.59,playing,4
18.1686,48.588,0,,0,239.96,playing,4
18.1842,36.6483,0,,0,237.77,playing,4
18.2009,36.6483,0,,0,235.86,playing,4
18.2178,36.6483,0,,0,234.15,playing,4
18.2334,28.083,0,,0,232.82,playing,4
18.2499,28.083,0,,0,231.77,playing,4
18.2665,28.083,0,,0,230.97,playing,4
18.282,20.3325,0,0.24654,0,230.51,playing,4
18.2986,20.3325,0,0.24654,0,230.32,playing,4
18.3146,13.004,0,0.25507,0,230.42,playing,4
18.3317,8.2198,0,0.25507,0,230.84,playing,4
18.3472,8.2198,0,,0,231.51,playing,4
18.3637,3.1496,0,,0,232.47,playing,4
18.3799,3.1496,0,0.27478,0,233.71,playing,4
18.3965,3.1496,0,0.27478,0,235.35,playing,4
18.412,-3.7446,0,0.27478,0,237.17,playing,4
18.4293,-3.7446,0,,0,239.27,playing,4
18.4462,-3.7446,0,,0,241.82,playing,4
18.4622,-6.4877,0,,0,244.69,playing,4
18.4787,-6.4877,0,,0,247.67,playing,4
18.4948,-37.8488,1,0.25812,0,250.94,playing,4
18.5116,-68.8354,0,0.25812,0,244.63,playing,4
18.5276,-68.8354,0,,0,238.97,playing,4
18.5437,-56.5945,0,,0,233.59,playing,4
18.5595,-56.5945,0,,0,228.49,playing,4
18.5755,-56.5945,0,,0,223.68,playing,4
18.5916,-56.5945,0,,0,219.15,playing,4
18.6076,-56.5945,0,,0,214.9,playing,4
18.6236,-56.5945,0,,0,210.93,playing,4
18.6397,37.288,0,,0,207.24,playing,4
18.6558,37.288,0,0.18501,0,203.83,playing,4
18.6724,37.288,0,,0,200.53,playing,4
18.689,34.3527,0,,0,197.7,playing,4
18.706,34.3527,0,0.22598,1,195.02,playing,4
18.723,24.2854,0,,0,192.65,playing,4
18.7401,24.2854,0,,0,190.61,playing,4
18.757,24.2854,0,,0,188.87,playing,4
18.7735,17.9802,0,,0,187.46,playing,4
18.7898,17.9802,0,,0,186.41,playing,4
18.8064,17.9802,0,,0,185.62,playing,4
18.8223,12.1762,0,,0,185.15,playing,4
18.8391,12.1762,0,,0,184.97,playing,4
18.856,2.3075,0,,0,185.09,playing,4
18.8721,2.3075,0,0.32633,0,185.52,playing,4
18.8886,2.3075,0,0.32633,0,186.22,playing,4
18.9049,2.3075,0,0.32352,0,187.2,playing,4
18.9219,2.3075,0,0.32352,0,188.55,playing,4
18.939,2.3075,0,0.30561,0,190.22,playing,4
18.9565,-3.9404,0,0.30561,0,192.21,playing,4
18.9725,-3.9404,0,0.33382,0,194.52,playing,4
18.9885,-3.9404,0,0.31594,0,196.98,playing,4
19.0056,-5.1968,0,0.31594,0,199.9,playing,4
19.0217,-5.1968,0,0.32619,0,202.94,playing,4
19.0388,-6.1033,0,0.32619,0,206.48,playing,4
19.0548,-6.1033,0,0.3479,0,210.1,playing,4
19.0719,-6.1033,0,0.3479,0,214.26,playing,4
19.0889,-6.8873,0,0.30125,0,218.73,playing,4
19.1059,-6.8873,0,0.30125,0,223.53,playing,4
19.123,-6.8873,0,0.33176,0,228.64,playing,4
19.1396,-6.399,0,0.33176,0,234.07,playing,5
19.1559,-6.399,0,0.33176,0,239.47,playing,5
19.173,-74.5625,1,0.34161,0,245.52,playing,5
19.1895,-74.5625,0,0.34161,0,239.2,playing,5
19.2056,-74.5625,0,0.27063,0,233.55,playing,5
19.2221,-65.573,0,0.27063,0,228.17,playing,5
19.2382,-65.573,0,,0,222.77,playing,5
19.2544,-65.573,0,,0,217.98,playing,5
19.2708,23.5904,0,,0,213.46,playing,5
19.2864,23.5904,0,,0,209.23,playing,5
19.3023,23.5904,0,0.18285,0,205.27,playing,5
19.3185,41.452,0,0.18285,0,201.6,playing,5
19.3342,41.452,0,,0,198.22,playing,5
19.3507,42.9313,0,,0,195.11,playing,5
19.3677,42.9313,0,,0,192.12,playing,5
19.3837,42.9313,0,,0,189.6,playing,5
19.3997,28.4799,0,0.22581,1,187.35,playing,5
19.4168,28.4799,0,0.22581,0,185.29,playing,5
19.4325,28.4799,0,0.25769,0,183.62,playing,5
19.4485,21.4707,0,0.25769,0,182.24,playing,5
19.465,21.4707,0,0.27123,0,181.14,playing,5
19.482,21.4707,0,0.27123,0,180.29,playing,5
19.4985,21.4707,0,0.27123,0,179.75,playing,5
19.5147,21.4707,0,0.2968,0,179.53,playing,5
19.5307,9.3781,0,0.2968,0,179.59,playing,5
19.5464,4.6198,0,0.32159,0,179.94,playing,5
19.5624,4.6198,0,0.32159,0,180.56,playing,5
19.5786,1.3369,0,0.31972,0,181.47,playing,5
19.5946,1.3369,0,0.31972,0,182.65,playing,5
19.6102,1.3369,0,0.31553,0,184.12,playing,5
19.6263,-3.2532,0,0.31553,0,185.87,playing,5
19.6423,-3.2532,0,0.29135,0,187.9,playing,5
19.6584,-3.2532,0,0.29135,0,190.22,playing,5
19.6752,-3.2532,0,0.29629,0,192.81,playing,5
19.6917,-3.2532,0,0.29629,0,195.89,playing,5
19.7073,-3.2532,0,0.33705,0,199.06,playing,5
19.7234,-3.2532,0,0.33705,0,202.52,playing,5
19.7394,-3.2532,0,0.33406,0,206.26,playing,5
19.7554,-5.3684,0,0.33406,0,210.28,playing,5
19.7714,-5.4592,0,0.29453,0,214.58,playing,5
19.787,-5.4592,0,0.29453,0,219.17,playing,5
19.8043,-5.4592,0,0.30837,0,224.03,playing,5
19.8208,-5.4592,0,0.30837,0,229.52,playing,5
19.838,-5.4592,0,0.32641,0,235.33,playing,5
19.8546,-5.6961,0,0.32641,0,241.45,playing,5
19.8711,-5.6961,0,0.28111,0,247.49,playing,5
19.8882,-5.6961,0,0.28111,0,254.24,playing,5
19.9047,-66.7233,1,0.26326,0,261.29,playing,5
19.9207,-66.7233,0,0.26326,0,255.34,playing,5
19.9373,-50.7575,0,0.1904,0,249.66,playing,5
19.9534,-50.7575,0,0.1904,0,243.94,playing,5
19.9695,-50.7575,0,0.23672,1,238.85,playing,5
19.986,25.6001,0,0.23672,0,234.03,playing,5
20.0021,25.6001,0,,0,229.24,playing,5
20.0179,25.6001,0,,0,225.0,playing,5
20.0345,53.2145,0,0.21395,0,221.05,playing,5
20.0501,53.2145,0,0.21395,0,217.38,playing,5
20.0664,53.2145,0,0.24141,0,213.99,playing,5
20.0828,47.6022,0,0.24141,0,210.89,playing,5
20.0986,47.6022,0,0.27055,0,208.06,playing,5
20.1144,47.6022,0,0.27055,0,205.52,playing,5
20.1311,38.7913,0,0.28995,0,203.25,playing,5
20.1483,38.7913,0,0.28995,0,201.17,playing,5
20.164,20.9599,0,0.29069,0,199.4,playing,5
20.1809,20.9599,0,0.29069,0,198.02,playing,5
20.198,20.9599,0,0.29069,0,196.87,playing,5
20.215,12.2488,0,0.27897,0,196.03,playing,5
20.2322,12.2488,0,0.27897,0,195.52,playing,5
20.2488,12.2488,0,0.2745,0,195.32,playing,5
20.2648,5.0997,0,0.2745,0,195.42,playing,5
20.2819,5.0997,0,0.29094,0,195.84,playing,5
20.2994,-2.7913,0,0.26624,0,196.57,playing,5
20.3173,-2.7913,0,0.26624,0,197.71,playing,5
20.3338,-2.7913,0,0.28899,0,199.1,playing,5
20.3507,-5.4188,0,0.28899,0,200.81,playing,5
20.3669,-5.4188,0,,0,202.71,playing,5
20.384,-5.4188,0,,0,205.03,playing,5
20.4011,-6.927,0,0.2701,0,207.68,playing,5
20.4176,-6.927,0,0.2701,0,210.64,playing,5
20.4331,-7.3675,0,0.26579,0,213.71,playing,5
20.4497,-7.3675,0,0.26579,0,217.06,playing,5
20.4657,-7.3675,0,0.27002,0,220.7,playing,5
20.483,-9.2513,0,0.27002,0,224.88,playing,5
20.4995,-9.2513,0,0.2957,0,229.37,playing,5
20.5166,-9.2513,0,0.2957,0,234.19,playing,5
20.5321,-52.7391,1,0.2863,0,239.0,playing,5
20.5488,-52.7391,0,0.2863,0,233.04,playing,5
20.5649,-70.0748,0,0.2863,0,227.36,playing,5
20.5819,-70.0748,0,0.23014,0,221.65,playing,5
20.598,-70.0748,0,0.23014,0,216.25,playing,5
20.6149,-33.4218,0,0.19195,0,211.46,playing,5
20.631,-33.4218,0,0.19195,0,206.68,playing,5
20.6482,-33.4218,0,0.18637,0,202.46,playing,5
20.6645,23.3624,0,0.18637,0,198.3,playing,5
20.6806,23.3624,0,,0,194.67,playing,5
20.6965,23.3624,0,,0,191.31,playing,5
20.712,47.1744,0,0.2046,0,188.24,playing,5
20.7281,47.1744,0,0.2046,0,185.45,playing,5
20.7443,47.1744,0,0.21317,0,182.94,playing,5
20.7603,40.4062,0,0.21317,0,180.71,playing,5
20.7766,40.4062,0,0.21018,0,178.77,playing,5
20.7926,32.2484,0,0.21018,0,177.1,playing,5
20.8088,32.2484,0,0.25108,1,175.72,playing,5
20.8262,32.2484,0,0.25108,0,174.57,playing,5
20.8428,17.0989,0,0.2542,0,173.74,playing,5
20.8593,17.0989,0,0.2542,0,173.22,playing,5
20.8759,17.0989,0,0.26953,0,173.02,playing,5
20.8923,11.5168,0,0.26953,0,173.12,playing,5
20.9093,11.5168,0,0.26953,0,173.5,playing,5
20.9258,1.3227,0,0.27827,0,174.22,playing,5
20.943,1.3227,0,0.27897,0,175.26,playing,5
20.96,1.3227,0,0.27897,0,176.61,playing,5
20.977,-1.1562,0,0.27412,0,178.28,playing,6
20.9942,-1.1562,0,0.27412,0,180.27,playing,6
21.0112,-1.1562,0,0.28111,0,182.58,playing,6
21.0276,-3.0619,0,0.28111,0,185.21,playing,6
21.0432,-3.0619,0,0.30038,0,187.96,playing,6
21.0594,-3.0619,0,0.30038,0,191.0,playing,6
21.0756,-5.9056,0,0.28351,0,194.32,playing,6
21.0916,-5.9056,0,0.28351,0,197.91,playing,6
21.1076,-6.6102,0,0.26196,0,201.79,playing,6
21.1237,-6.6102,0,0.26196,0,205.96,playing,6
21.1394,-6.6102,0,0.28974,0,210.4,playing,6
21.1553,-6.6102,0,0.28974,0,215.12,playing,6
21.1714,-6.6102,0,0.32365,0,220.13,playing,6
21.1879,-6.6102,0,0.32365,0,225.42,playing,6
21.2049,-14.5027,0,0.29134,0,231.35,playing,6
21.2217,-14.5027,0,0.29134,0,237.61,playing,6
21.2374,-14.5027,0,0.30216,0,243.78,playing,6
21.2538,-57.7935,1,0.30216,0,250.23,playing,6
21.2703,-57.7935,0,0.30216,0,243.91,playing,6
21.2862,-50.3634,0,,0,238.25,playing,6
21.3021,-50.3634,0,,0,232.88,playing,6
21.319,-50.3634,0,0.1813,0,227.78,playing,6
21.3362,-26.1296,0,0.1813,0,222.68,playing,6
21.3523,-26.1296,0,,0,217.91,playing,6
21.3683,-26.1296,0,,0,213.69,playing,6
21.3842,33.474,0,,0,209.76,playing,6
21.4002,33.474,0,,0,206.1,playing,6
21.4167,33.474,0,,0,202.73,playing,6
21.4338,47.2548,0,,0,199.47,playing,6
21.4508,47.2548,0,,0,196.52,playing,6
21.4676,47.2548,0,,0,193.89,playing,6
21.4834,47.2548,0,,0,191.7,playing,6
21.4992,47.2548,0,,0,189.79,playing,6
21.5161,30.5367,0,,0,188.16,playing,6
21.5329,30.5367,0,,0,186.75,playing,6
21.5495,30.5367,0,,0,185.65,playing,6
21.5658,22.4856,0,,1,184.91,playing,6
21.5827,22.4856,0,0.24572,0,184.43,playing,6
21.5988,22.4856,0,0.24572,0,184.26,playing,6
21.6155,10.5201,0,0.24993,0,184.4,playing,6
21.6312,10.5201,0,0.24993,0,184.81,playing,6
21.6481,5.2174,0,0.28521,0,185.51,playing,6
21.6644,5.2174,0,0.28521,0,186.56,playing,6
21.6803,5.2174,0,0.28723,0,187.84,playing,6
21.6963,-2.3367,0,0.28723,0,189.39,playing,6
21.713,-2.3367,0,0.29546,0,191.23,playing,6
21.7296,-2.3367,0,0.29546,0,193.5,playing,6
21.7454,-4.9185,0,0.2416,0,195.92,playing,6
21.7619,-4.9185,0,0.2416,0,198.62,playing,6
21.7792,-4.9185,0,0.25769,0,201.81,playing,6
21.7957,-6.2573,0,0.25769,0,205.32,playing,6
21.8115,-6.2573,0,0.27863,0,208.9,playing,6
21.8273,-8.2287,0,0.27863,0,212.76,playing,6
21.8442,-8.2287,0,0.28256,0,216.9,playing,6
21.8604,-8.2287,0,0.28256,0,221.62,playing,6
21.8764,-8.1972,0,0.31281,0,226.35,playing,6
21.8925,-8.1972,0,0.31281,0,231.36,playing,6
21.9083,-8.1972,0,0.28586,0,236.64,playing,6
21.925,-15.6566,0,0.28586,0,242.21,playing,6
21.9421,-15.6566,0,0.27805,0,248.45,playing,6
21.9589,-15.6566,0,0.27805,0,255.0,playing,6
21.9762,-66.4332,1,0.27805,0,261.87,playing,6
21.9925,-66.4332,0,0.27805,0,255.56,playing,6
22.009,-68.1804,0,0.27805,0,249.9,playing,6
22.0261,-68.1804,0,,0,244.21,playing,6
22.0425,-68.1804,0,,0,238.83,playing,6
22.0584,-24.9455,0,,0,234.05,playing,6
22.0744,-24.9455,0,,0,229.55,playing,6
22.0909,-24.9455,0,,0,225.34,playing,6
22.108,29.4142,0,,0,221.18,playing,6
22.1243,29.4142,0,,0,217.33,playing,6
22.1411,51.558,0,,0,214.0,playing,6
22.1579,51.558,0,,0,210.77,playing,6
22.1745,51.558,0,,0,207.86,playing,6
22.1905,43.885,0,,0,205.41,playing,6
22.2063,43.885,0,,0,203.23,playing,6
22.2236,43.885,0,0.22112,0,201.24,playing,6
22.2395,43.885,0,0.24988,0,199.64,playing,6
22.2556,43.885,0,0.24988,0,198.33,playing,6
22.2714,43.885,0,,0,197.3,playing,6
22.2875,18.7186,0,,0,196.55,playing,6
22.3034,18.7186,0,,0,196.09,playing,6
22.3192,18.7186,0,,0,195.9,playing,6
22.3362,12.1901,0,0.27912,0,196.0,playing,6
22.3533,12.1901,0,0.28184,0,196.42,playing,6
22.3724,1.4891,0,0.28184,0,197.15,playing,6
22.3882,1.4891,0,0.28184,0,198.38,playing,6
22.4048,1.4891,0,0.28184,0,199.69,playing,6
22.4204,-1.5034,0,0.27914,0,201.28,playing,6
22.4367,-1.5034,0,0.27914,0,203.15,playing,6
22.4526,-1.5034,0,0.2708,0,205.31,playing,6
22.4684,-3.9765,0,0.2708,0,207.74,playing,6
22.485,-3.9765,0,0.28795,0,210.46,playing,6
22.5016,-6.7511,0,0.28795,0,213.67,playing,6
22.5177,-6.7511,0,0.26975,0,216.97,playing,6
22.534,-6.7511,0,0.26975,0,220.55,playing,6
22.5508,-7.2911,0,0.26975,0,224.67,playing,6
22.5675,-7.2911,0,0.2939,0,229.11,playing,6
22.5832,-7.2911,0,0.2939,0,233.57,playing,6
22.5995,-53.5583,1,0.29289,0,238.31,playing,6
22.6153,-53.5583,0,0.29289,0,232.36,playing,6
22.6319,-53.5583,0,0.29289,0,226.68,playing,6
22.6491,-53.5583,0,0.28931,0,220.97,playing,6
22.6654,-53.5583,0,0.28931,0,215.57,playing,6
22.6821,-52.4119,0,0.27597,0,210.77,playing,6
22.699,-52.4119,0,0.27597,0,205.99,playing,6
22.7154,-52.4119,0,0.27597,0,201.53,playing,6
22.7326,-35.5141,0,0.27597,0,197.39,playing,6
22.7487,-35.5141,0,0.27597,0,193.77,playing,6
22.7645,-35.5141,0,,0,190.44,playing,6
22.7808,37.0658,0,,0,187.38,playing,6
22.7967,37.0658,0,,0,184.61,playing,6
22.8123,37.0658,0,,0,182.12,playing,6
22.8285,37.0658,0,0.20754,0,179.91,playing,6
22.8448,37.0658,0,0.20754,0,177.98,playing,7
22.8619,43.8404,0,0.20754,0,176.25,playing,7
22.8788,35.433,0,0.16995,0,174.84,playing,7
22.8951,35.433,0,0.16995,0,173.79,playing,7
22.9121,35.433,0,0.22984,1,172.99,playing,7
22.9282,35.433,0,0.22984,0,172.52,playing,7
22.9452,35.433,0,0.22984,0,172.35,playing,7
22.9614,11.5989,0,0.21835,0,172.49,playing,7
22.9778,11.5989,0,0.21835,0,172.9,playing,7
22.9961,11.5989,0,0.21835,0,173.66,playing,7
23.0129,6.7489,0,0.23439,0,174.81,playing,7
23.0296,6.7489,0,0.23439,0,176.23,playing,7
23.0458,-1.9738,0,0.27801,0,177.84,playing,7
23.0611,-1.9738,0,0.27801,0,179.73,playing,7
23.0779,-1.9738,0,0.27801,0,181.9,playing,7
23.0947,-4.1653,0,0.27801,0,184.53,playing,7
23.1108,-4.1653,0,0.28134,0,187.28,playing,7
23.1266,-4.1653,0,0.28134,0,190.31,playing,7
23.1424,-6.3344,0,0.28134,0,193.63,playing,7
23.1586,-6.3344,0,0.30741,0,197.23,playing,7
23.1747,-7.1335,0,0.30741,0,201.11,playing,7
23.1915,-7.1335,0,0.30741,0,205.55,playing,7
23.2071,-7.1335,0,0.30741,0,210.01,playing,7
23.2237,-7.611,0,0.3282,0,214.75,playing,7
23.2399,-7.611,0,0.3282,0,219.78,playing,7
23.2565,-7.611,0,0.3282,0,225.43,playing,7
23.2731,-71.0454,1,0.30474,0,231.04,playing,7
23.2897,-71.0454,0,0.30474,0,224.73,playing,7
23.3058,-71.0454,0,0.30474,0,219.07,playing,7
23.3214,-63.3344,0,0.27413,0,213.69,playing,7
23.3376,-63.3344,0,0.27413,0,208.59,playing,7
23.3537,-63.3344,0,0.28786,0,203.78,playing,7
23.3698,-34.4472,0,0.28786,0,199.25,playing,7
23.3853,-34.4472,0,0.28786,0,194.99,playing,7
23.4014,43.7756,0,0.19854,0,191.03,playing,7
23.4175,43.7756,0,0.19854,0,187.34,playing,7
23.4335,43.7756,0,0.20247,0,183.93,playing,7
23.4493,41.3677,0,0.20247,0,180.81,playing,7
23.4661,41.3677,0,0.20247,0,177.96,playing,7
23.4829,41.3677,0,0.20388,0,175.26,playing,7
23.4991,41.3677,0,0.20388,0,172.87,playing,7
23.516,41.3677,0,0.20388,0,170.91,playing,7
23.5332,41.3677,0,0.20168,0,169.14,playing,7
23.5502,-31.9653,0,0.20168,0,167.69,playing,7
23.5666,-31.9653,0,,0,166.56,playing,7
23.5834,5.991,0,,0,165.78,playing,7
23.5998,5.991,0,0.2459,1,165.26,playing,7
23.6159,5.991,0,0.2459,0,165.06,playing,7
23.6329,5.991,0,0.2459,0,165.16,playing,7
23.6498,5.991,0,,0,165.58,playing,7
23.6669,5.991,0,,0,166.32,playing,7
23.6836,38.4606,0,,0,167.37,playing,7
23.6997,38.4606,0,,0,168.65,playing,7
23.7153,32.2616,0,,0,170.21,playing,7
23.7319,32.2616,0,,0,172.04,playing,7
23.7489,32.2616,0,,0,174.32,playing,7
23.766,15.9944,0,,0,176.91,playing,7
23.7834,15.9944,0,,0,179.81,playing,7
23.7997,15.9944,0,,0,183.04,playing,7
23.8155,3.9434,0,,0,186.35,playing,7
23.8313,3.9434,0,,0,189.95,playing,7
23.8476,3.9434,0,,0,193.83,playing,7
23.8633,0.5478,0,,0,197.99,playing,7
23.8792,0.5478,0,0.31112,0,202.44,playing,7
23.896,0.5478,0,0.31112,0,207.16,playing,7
23.913,0.5478,0,,0,212.5,playing,7
23.93,0.5478,0,,0,218.16,playing,7
23.9469,-6.578,0,0.31251,0,224.13,playing,7
23.9642,-6.578,0,0.31251,0,230.42,playing,7
23.9811,-6.578,0,0.27155,0,237.03,playing,7
23.9976,-8.559,0,0.27155,0,243.96,playing,7
24.0142,-8.559,0,0.27155,0,250.76,playing,7
24.0305,-56.7984,1,0.29475,0,258.3,playing,7
24.0479,-56.7984,0,0.29475,0,251.99,playing,7
24.0649,-56.7984,0,0.31972,0,246.0,playing,7
24.0814,-62.6964,0,0.31972,0,240.32,playing,7
24.0975,-62.6964,0,0.31972,0,235.26,playing,7
24.1141,-62.6964,0,0.31972,0,230.48,playing,7
24.1313,-62.6964,0,0.31972,0,225.72,playing,7
24.1475,-62.6964,0,,0,221.28,playing,7
24.1638,-62.6964,0,,0,217.38,playing,7
24.1803,-10.831,0,,0,213.56,playing,7
24.197,-10.831,0,,0,210.24,playing,7
24.2138,8.3853,0,,0,207.03,playing,7
24.2308,8.3853,0,,0,204.14,playing,7
24.2476,8.3853,0,,0,201.57,playing,7
24.2634,36.7313,0,,0,199.43,playing,7
24.2791,36.7313,0,0.20323,0,197.57,playing,7
24.2957,36.7313,0,0.20323,0,195.99,playing,7
24.311,38.993,0,0.20323,0,194.7,playing,7
24.3278,38.993,0,,0,193.69,playing,7
24.3435,38.993,0,,0,192.96,playing,7
24.3596,30.5157,0,,0,192.51,playing,7
24.3755,30.5157,0,,0,192.34,playing,7
24.3918,22.6455,0,,0,192.45,playing,7
24.4076,22.6455,0,,0,192.85,playing,7
24.4231,22.6455,0,,0,193.52,playing,7
24.4399,9.1696,0,,0,194.48,playing,7
24.4571,9.1696,0,0.28256,1,195.82,playing,7
24.4741,9.1696,0,0.28256,0,197.47,playing,7
24.4906,-0.6847,0,0.28256,0,199.44,playing,7
24.5068,-0.6847,0,0.28587,0,201.58,playing,7
24.5227,-0.6847,0,0.28587,0,204.0,playing,7
24.5384,-3.5072,0,0.28579,0,206.7,playing,7
24.5547,-3.5072,0,0.28579,0,209.68,playing,7
24.5717,-4.719,0,0.28579,0,212.95,playing,7
24.5877,-4.719,0,0.30582,0,216.73,playing,7
24.6035,-4.719,0,0.30582,0,220.58,playing,7
24.6194,-4.719,0,0.28819,0,224.71,playing,7
24.6356,-4.719,0,0.28819,0,229.11,playing,7
24.6513,-4.719,0,0.28414,0,233.8,playing,7
24.6675,-18.3607,0,0.28414,0,238.77,playing,7
24.6833,-18.3607,0,0.28414,0,244.03,playing,7
24.7001,-18.3607,0,0.31954,0,249.56,playing,8
24.7173,-44.7995,1,0.31954,0,255.76,playing,8
24.7336,-44.7995,0,0.31803,0,249.45,playing,8
24.7501,-44.7995,0,0.31803,0,243.79,playing,8
24.7664,-38.9267,0,,0,238.09,playing,8
24.7828,-38.9267,0,,0,233.02,playing,8
24.7993,-21.7732,0,,0,227.94,playing,8
24.8151,-21.7732,0,,0,223.44,playing,8
24.8318,-21.7732,0,,0,219.22,playing,8
24.8488,36.0468,0,0.21941,0,215.06,playing,8
24.8662,36.0468,0,0.21941,0,211.22,playing,8
24.8829,36.0468,0,,0,207.69,playing,8
24.9002,37.8804,0,,0,204.48,playing,8
24.9169,37.8804,0,0.22547,1,201.59,playing,8
24.9335,25.276,0,0.22547,0,199.02,playing,8
24.9494,25.276,0,0.27058,0,196.88,playing,8
24.9662,25.276,0,0.27058,0,195.03,playing,8
24.9829,18.4051,0,0.27058,0,193.37,playing,8
24.9995,18.4051,0,0.29126,0,192.03,playing,8
25.0157,18.4051,0,0.29126,0,191.05,playing,8
25.0325,13.2658,0,0.29126,0,190.36,playing,8
25.0501,13.2658,0,0.27934,0,189.93,playing,8
25.0668,4.1867,0,0.27934,0,189.85,playing,8
25.0835,4.1867,0,0.30399,0,190.08,playing,8
25.1001,4.1867,0,0.30399,0,190.58,playing,8
25.1164,1.001,0,0.28141,0,191.43,playing,8
25.1327,1.001,0,0.28141,0,192.51,playing,8
25.1486,1.001,0,0.30844,0,193.88,playing,8
25.165,-3.7984,0,0.30844,0,195.52,playing,8
25.1817,-3.7984,0,0.30844,0,197.59,playing,8
25.1981,-3.7984,0,,0,199.81,playing,8
25.2141,-3.7984,0,,0,202.49,playing,8
25.2306,-3.7984,0,0.29159,0,205.3,playing,8
25.2467,-5.67,0,0.29159,0,208.39,playing,8
25.2623,-5.67,0,0.29527,0,211.76,playing,8
25.278,-5.67,0,0.29527,0,215.41,playing,8
25.295,-5.7041,0,0.29527,0,219.34,playing,8
25.3121,-5.7041,0,0.28083,0,223.84,playing,8
25.3286,-5.7041,0,0.28083,0,228.65,playing,8
25.3448,-5.5969,0,0.29183,0,233.47,playing,8
25.3619,-5.5969,0,0.29183,0,238.9,playing,8
25.3782,-5.5969,0,0.31495,0,244.65,playing,8
25.3944,-5.1365,0,0.31495,0,250.34,playing,8
25.4103,-5.1365,0,0.31495,0,256.31,playing,8
25.4265,-4.8991,0,0.29326,0,262.57,playing,8
25.4423,-4.8991,0,0.29326,0,269.11,playing,8
25.4583,-4.8991,0,0.28177,0,275.93,playing,8
25.4751,-7.4129,0,0.28177,0,283.03,playing,8
25.4915,-7.4129,0,,0,290.89,playing,8
25.5071,-7.4129,0,,0,298.57,playing,8
25.5237,-56.7735,1,,0,306.53,playing,8
25.54,-56.7735,0,0.29738,0,300.58,playing,8
25.5569,-56.7735,0,0.29738,0,294.56,playing,8
25.5742,-58.137,0,0.29106,0,288.87,playing,8
25.5901,-58.137,0,0.29106,0,283.49,playing,8
25.6064,-13.0219,0,0.30674,0,278.71,playing,8
25.6226,-13.0219,0,0.27061,0,274.21,playing,8
25.6389,-13.0219,0,0.27061,0,270.0,playing,8
25.656,27.5516,0,,0,265.84,playing,8
25.6721,27.5516,0,,0,261.99,playing,8
25.6884,27.5516,0,,0,258.66,playing,8
25.7055,27.5516,0,0.18164,0,255.6,playing,8
25.7217,27.5516,0,0.18164,0,252.68,playing,8
25.7388,27.5516,0,,0,250.07,playing,8
25.7554,41.5482,0,0.18623,0,247.77,playing,8
25.7722,41.5482,0,0.18623,0,245.9,playing,8
25.7881,23.527,0,0.22849,1,244.22,playing,8
25.8049,23.527,0,0.27225,0,242.93,playing,8
25.8222,23.527,0,0.27225,0,241.87,playing,8
25.8391,13.6681,0,0.2543,0,241.13,playing,8
25.856,13.6681,0,0.24159,0,240.71,playing,8
25.8739,13.6681,0,0.24159,0,240.62,playing,8
25.8912,10.31,0,0.2716,0,240.85,playing,8
25.9078,10.31,0,0.2716,0,241.41,playing,8
25.9238,3.1247,0,0.29062,0,242.21,playing,8
25.9404,3.1247,0,0.29197,0,243.37,playing,8
25.9561,3.1247,0,0.29197,0,244.75,playing,8
25.973,3.1247,0,0.25451,0,246.42,playing,8
25.9893,3.1247,0,0.25451,0,248.5,playing,8
26.0063,3.1247,0,0.30333,0,250.74,playing,8
26.0233,-1.1034,0,0.30333,0,253.45,playing,8
26.0395,-1.1034,0,0.26699,0,256.46,playing,8
26.0557,-3.6153,0,0.26699,0,259.59,playing,8
26.0713,-3.6153,0,0.27507,0,262.99,playing,8
26.0875,-3.6153,0,0.27507,0,266.68,playing,8
26.1034,-3.6144,0,0.29151,0,270.65,playing,8
26.1197,-3.6144,0,0.29151,0,274.9,playing,8
26.1353,-3.6144,0,0.27996,0,279.43,playing,8
26.1517,-3.6144,0,0.27996,0,284.24,playing,8
26.1677,-3.6144,0,0.29032,0,289.33,playing,8
26.1849,-3.6144,0,0.29032,0,295.07,playing,8
26.2021,-4.111,0,0.29032,0,301.11,playing,8
26.2186,-4.111,0,0.26681,0,307.48,playing,8
26.2348,-4.3783,0,0.26681,0,313.75,playing,8
26.2512,-4.3783,0,0.30387,0,320.74,playing,8
26.2677,-4.3783,0,0.30387,0,327.59,playing,8
26.2833,-54.5302,1,0.27047,0,334.73,playing,8
26.2996,-54.5302,0,0.27047,0,328.77,playing,8
26.3154,-54.5302,0,0.28266,0,323.09,playing,8
26.3317,-57.212,0,0.28266,0,317.7,playing,8
26.3493,-57.212,0,,0,312.28,playing,8
26.3654,-57.212,0,,0,307.19,playing,8
26.3824,0.9896,0,0.19473,0,302.41,playing,8
26.3988,0.9896,0,,0,298.19,playing,8
26.4163,34.6389,0,,0,294.03,playing,8
26.4323,34.6389,0,0.20977,0,290.19,playing,8
26.4484,34.6389,0,0.20977,0,286.85,playing,8
26.4641,38.4768,0,0.22955,1,283.8,playing,8
26.4813,38.4768,0,0.22955,0,281.02,playing,8
26.4981,38.4768,0,0.28643,0,278.4,playing,8
26.5144,26.4042,0,0.28643,0,276.09,playing,8
26.5308,26.4042,0,0.28643,0,274.19,playing,9
26.5481,26.4042,0,0.26842,0,272.5,playing,9
26.5644,21.5812,0,0.26842,0,271.12,playing,9
26.5806,21.5812,0,0.28843,0,270.11,playing,9
26.5967,11.9177,0,0.28843,0,269.38,playing,9
26.6137,11.9177,0,,0,268.92,playing,9
26.63,11.9177,0,,0,268.77,playing,9
26.6468,8.0383,0,0.29562,0,268.93,playing,9
26.6636,8.0383,0,0.29562,0,269.4,playing,9
26.68,8.0383,0,0.29114,0,270.13,playing,9
26.6969,4.0284,0,0.29114,0,271.23,playing,9
26.7134,4.0284,0,0.30421,0,272.64,playing,9
26.7293,4.0284,0,0.30421,0,274.25,playing,9
26.7455,-1.5929,0,0.29562,0,276.14,playing,9
26.7614,-1.5929,0,0.29562,0,278.31,playing,9
26.7779,-3.0995,0,0.28025,0,280.77,playing,9
26.7944,-3.0995,0,0.28025,0,283.69,playing,9
26.8108,-3.0995,0,0.2942,0,286.73,playing,9
26.8279,-4.1905,0,0.2942,0,290.27,playing,9
26.8451,-4.1905,0,0.30378,0,294.13,playing,9
26.8612,-4.1905,0,0.32055,0,298.31,playing,9
26.878,-9.1303,0,0.32055,0,302.52,playing,9
26.8945,-9.1303,0,0.32055,0,307.32,playing,9
26.9106,-52.0878,1,0.29017,0,312.11,playing,9
26.9264,-52.0878,0,0.29017,0,306.16,playing,9
26.9425,-52.0878,0,0.25405,0,300.48,playing,9
26.9584,-37.2091,0,0.25405,0,295.08,playing,9
26.9742,-37.2091,0,0.20711,0,289.97,playing,9
26.9905,-37.2091,0,0.20711,0,285.14,playing,9
27.0068,9.3131,0,0.20504,0,280.59,playing,9
27.024,9.3131,0,0.20504,0,276.07,playing,9
27.041,9.3131,0,0.27336,1,271.87,playing,9
27.0573,32.7266,0,0.27336,0,267.99,playing,9
27.073,32.7266,0,,0,264.62,playing,9
27.0901,28.3226,0,,0,261.53,playing,9
27.1068,28.3226,0,0.23744,0,258.57,playing,9
27.1236,28.3226,0,0.23744,0,255.92,playing,9
27.1391,22.6199,0,,0,253.71,playing,9
27.1556,22.6199,0,,0,251.78,playing,9
27.1717,22.6199,0,,0,250.13,playing,9
27.1875,12.0776,0,,0,248.77,playing,9
27.2032,12.0776,0,0.28512,0,247.69,playing,9
27.2196,12.0776,0,0.28512,0,246.88,playing,9
27.2358,8.1518,0,0.28512,0,246.36,playing,9
27.2528,8.1518,0,0.27035,0,246.13,playing,9
27.2699,3.6549,0,0.27035,0,246.21,playing,9
27.2871,-0.2835,0,0.28786,0,246.61,playing,9
27.3038,-0.2835,0,0.28786,0,247.33,playing,9
27.3209,-2.0895,0,0.28218,0,248.37,playing,9
27.3375,-2.0895,0,0.28218,0,249.73,playing,9
27.3539,-2.0895,0,0.27738,0,251.28,playing,9
27.3706,-18.6801,0,0.27738,0,253.25,playing,9
27.3869,-18.6801,0,0.3153,0,255.39,playing,9
27.404,-18.6801,0,0.3153,0,257.98,playing,9
27.4203,-57.2922,1,,0,260.89,playing,9
27.4362,-57.2922,0,,0,254.93,playing,9
27.4523,-52.5341,0,0.21071,0,249.25,playing,9
27.4695,-52.5341,0,0.21071,0,243.86,playing,9
27.487,-52.5341,0,0.21099,0,238.14,playing,9
27.5032,-2.1762,0,0.22508,1,233.07,playing,9
27.5196,-2.1762,0,0.22508,0,228.57,playing,9
27.5359,-2.1762,0,0.23729,0,224.35,playing,9
27.5522,18.9119,0,0.23729,0,220.19,playing,9
27.5684,18.9119,0,0.20754,0,216.56,playing,9
27.5843,18.9119,0,0.20754,0,213.2,playing,9
27.6007,18.9119,0,0.20754,0,210.13,playing,9
27.6165,18.9119,0,0.19954,0,207.34,playing,9
27.6322,43.0551,0,0.19954,0,204.83,playing,9
27.6494,43.0551,0,0.22389,0,202.6,playing,9
27.6655,43.0551,0,0.22389,0,200.56,playing,9
27.6814,39.487,0,,0,198.91,playing,9
27.6973,39.487,0,,0,197.54,playing,9
27.7135,39.487,0,0.25927,0,196.46,playing,9
27.7294,31.2332,0,0.25927,0,195.66,playing,9
27.7453,31.2332,0,,0,195.14,playing,9
27.7615,31.2332,0,,0,194.9,playing,9
27.777,10.0629,0,,0,194.94,playing,9
27.7932,10.0629,0,,0,195.27,playing,9
27.8093,6.8039,0,0.27897,0,195.88,playing,9
27.8259,6.8039,0,0.27897,0,196.76,playing,9
27.8425,6.8039,0,0.26332,0,198.03,playing,9
27.8592,0.449,0,0.26332,0,199.49,playing,9
27.8758,0.449,0,0.28033,0,201.37,playing,9
27.8921,0.449,0,0.28033,0,203.57,playing,9
27.9087,-1.9474,0,0.27216,0,205.92,playing,9
27.9255,-1.9474,0,0.27216,0,208.73,playing,9
27.9416,-1.9474,0,0.27216,0,211.66,playing,9
27.9572,-5.7831,0,0.28287,0,214.87,playing,9
27.974,-5.7831,0,0.28287,0,218.36,playing,9
27.9902,-5.7831,0,0.28287,0,222.39,playing,9
28.0064,-5.7831,0,0.28287,0,226.47,playing,9
28.0233,-5.7831,0,0.296,0,230.82,playing,9
28.0391,-60.1126,1,0.296,0,235.77,playing,9
28.0554,-60.1126,0,0.30017,0,229.81,playing,9
28.0723,-60.1126,0,0.30017,0,224.13,playing,9
28.088,-60.1126,0,0.21578,0,218.42,playing,9
28.1053,-60.1126,0,0.21578,0,213.32,playing,9
28.1221,-60.1126,0,0.22447,1,208.23,playing,9
28.1387,-31.1665,0,0.22447,0,203.45,playing,9
28.1544,-31.1665,0,0.20447,0,199.23,playing,9
28.1702,12.8375,0,0.20447,0,195.3,playing,9
28.1873,32.5506,0,0.18654,0,191.64,playing,9
28.2041,32.5506,0,0.18654,0,188.08,playing,9
28.2204,33.1457,0,0.22126,0,184.84,playing,9
28.2374,33.1457,0,0.26831,0,182.06,playing,9
28.2532,33.1457,0,0.26831,0,179.44,playing,9
28.27,22.7889,0,0.26606,0,177.24,playing,9
28.2861,22.7889,0,0.26606,0,175.23,playing,9
28.303,22.7889,0,0.26606,0,173.62,playing,9
28.3193,16.7527,0,0.26606,0,172.23,playing,9
28.3361,16.7527,0,0.2592,0,171.2,playing,9
28.3532,11.6964,0,0.23824,0,170.42,playing,9
28.37,11.6964,0,0.23824,0,169.96,playing,9
28.3866,11.6964,0,0.23824,0,169.82,playing,10
28.4032,4.0368,0,0.23824,0,170.0,playing,10
28.4194,4.0368,0,0.23824,0,170.44,playing,10
28.4358,4.0368,0,0.30565,0,171.17,playing,10
28.4528,1.2678,0,0.27544,0,172.27,playing,10
28.47,1.2678,0,0.27544,0,173.68,playing,10
28.487,-2.6471,0,0.29593,0,175.41,playing,10
28.5038,-2.6471,0,0.29593,0,177.45,playing,10
28.5207,-2.6471,0,0.29553,0,179.82,playing,10
28.5374,-3.6972,0,0.29553,0,182.5,playing,10
28.5537,-3.6972,0,0.29069,0,185.31,playing,10
28.57,-3.6972,0,0.29069,0,188.4,playing,10
28.5863,-3.6972,0,0.28586,0,191.99,playing,10
28.6027,-3.6972,0,0.28586,0,195.66,playing,10
28.6188,-3.6972,0,0.27981,0,199.61,playing,10
28.6354,-4.8442,0,0.27981,0,204.13,playing,10
28.6515,-4.8442,0,0.27981,0,208.66,playing,10
28.6671,-4.4583,0,0.31584,0,213.47,playing,10
28.6842,-4.4583,0,0.31584,0,218.57,playing,10
28.7003,-4.4583,0,0.31746,0,224.3,playing,10
28.7162,-58.8182,1,0.31746,0,229.97,playing,10
28.7326,-58.8182,0,0.2623,0,224.01,playing,10
28.7486,-58.8182,0,0.21594,0,218.34,playing,10
28.7652,-59.1821,0,0.21594,0,212.94,playing,10
28.7813,-59.1821,0,0.21594,0,207.53,playing,10
28.7978,-59.1821,0,0.21594,0,202.71,playing,10
28.8131,-41.5082,0,0.21594,0,198.18,playing,10
28.8293,-41.5082,0,0.20904,0,193.93,playing,10
28.8452,4.386,0,0.19105,0,189.96,playing,10
28.8615,40.5098,0,0.19105,0,186.27,playing,10
28.8778,40.5098,0,0.20754,0,182.87,playing,10
28.8946,46.1986,0,0.20754,0,179.56,playing,10
28.9103,46.1986,0,0.20658,0,176.74,playing,10
28.9261,46.1986,0,0.20658,0,174.19,playing,10
28.9427,46.1986,0,0.25453,1,171.93,playing,10
28.9593,46.1986,0,0.25453,0,169.95,playing,10
28.9762,46.1986,0,0.25566,0,168.16,playing,10
28.9931,26.3329,0,0.25566,0,166.7,playing,10
29.0092,26.3329,0,0.25566,0,165.55,playing,10
29.0257,19.2653,0,0.25566,0,164.74,playing,10
29.0425,19.2653,0,0.26716,0,164.21,playing,10
29.0588,19.2653,0,0.2874,0,163.99,playing,10
29.0756,7.2194,0,0.2874,0,164.07,playing,10
29.0914,7.2194,0,0.27635,0,164.43,playing,10
29.1078,7.2194,0,0.27635,0,165.07,playing,10
29.1245,2.5828,0,0.28749,0,166.07,playing,10
29.1405,2.5828,0,0.28749,0,167.3,playing,10
29.1566,2.5828,0,0.27539,0,168.8,playing,10
29.1727,-3.1433,0,0.27539,0,170.59,playing,10
29.1889,-3.1433,0,0.27539,0,172.65,playing,10
29.2059,-4.9896,0,0.27539,0,175.17,playing,10
29.2226,-4.9896,0,0.30017,0,178.0,playing,10
29.239,-4.9896,0,0.30017,0,180.95,playing,10
29.2558,-5.589,0,0.29959,0,184.4,playing,10
29.2728,-5.589,0,0.29959,0,188.16,playing,10
29.2902,-5.589,0,0.3026,0,192.25,playing,10
29.3068,-7.1872,0,0.3026,0,196.65,playing,10
29.3229,-7.1872,0,0.2582,0,201.08,playing,10
29.3395,-6.8241,0,0.2582,0,206.1,playing,10
29.3551,-6.8241,0,0.2582,0,211.1,playing,10
29.3718,-6.8241,0,0.28843,0,216.39,playing,10
29.3885,-5.6644,0,0.28843,0,222.33,playing,10
29.405,-5.6644,0,0.30888,0,228.2,playing,10
29.4217,-5.6644,0,0.31188,0,234.75,playing,10
29.4378,-5.5573,0,0.31188,0,241.2,playing,10
29.4532,-5.5573,0,0.31188,0,247.93,playing,10
29.4695,-5.5573,0,0.31174,0,254.94,playing,10
29.4852,-5.4757,0,0.3148,0,262.24,playing,10
29.5018,-5.4757,0,0.3148,0,269.81,playing,10
29.5187,-5.4757,0,0.29968,0,278.18,playing,10
29.5349,-7.214,0,0.29968,0,286.34,playing,10
29.5515,-7.214,0,0.24709,0,295.32,playing,10
29.5678,-68.2004,1,0.24709,0,304.06,playing,10
29.585,-68.2004,0,0.24709,0,297.75,playing,10
29.6016,-68.2004,0,0.24709,0,291.75,playing,10
29.6177,-1.4072,0,0.23319,0,286.39,playing,10
29.6338,-1.4072,0,0.23319,0,281.32,playing,10
29.6507,-1.4072,0,0.23729,0,276.24,playing,10
29.6668,36.7754,0,0.23729,0,271.74,playing,10
29.6825,36.7754,0,0.22472,0,267.52,playing,10
29.6993,36.7754,0,0.22472,0,263.59,playing,10
29.7159,40.0273,0,0.22472,0,259.73,playing,10
29.7326,40.0273,0,0.21099,0,256.18,playing,10
29.7485,32.7094,0,0.21099,0,253.13,playing,10
29.7641,32.7094,0,0.25045,1,250.36,playing,10
29.7804,32.7094,0,0.25045,0,247.86,playing,10
29.797,32.7094,0,0.29302,0,245.65,playing,10
29.8141,32.7094,0,0.29302,0,243.62,playing,10
29.8309,32.7094,0,0.23722,0,241.91,playing,10
29.8476,13.0937,0,0.23722,0,240.52,playing,10
29.8637,13.0937,0,0.27943,0,239.49,playing,10
29.8798,8.3567,0,0.27943,0,238.74,playing,10
29.8969,8.3567,0,0.26608,0,238.26,playing,10
29.9135,8.3567,0,0.26608,0,238.1,playing,10
29.9298,1.3239,0,0.31972,0,238.23,playing,10
29.9466,1.3239,0,0.31972,0,238.69,playing,10
29.9628,1.3239,0,0.28703,0,239.4,playing,10
29.9785,1.3239,0,0.28703,0,240.4,playing,10
29.9952,1.3239,0,0.28703,0,241.67,playing,10
30.0122,1.3239,0,0.28703,0,243.34,playing,10
30.0281,-3.4544,0,0.29562,0,245.33,playing,10
30.0456,-3.4544,0,0.29562,0,247.49,playing,10
30.0612,-5.1147,0,0.29562,0,250.1,playing,10
30.0775,-5.1147,0,0.29205,0,252.83,playing,10
30.0936,-5.1147,0,0.29205,0,255.85,playing,10
30.1095,-5.9273,0,0.28031,0,259.15,playing,10
30.1256,-5.9273,0,0.29929,0,262.73,playing,10
30.1412,-5.9273,0,0.29929,0,266.59,playing,10
30.1579,-5.836,0,0.26651,0,270.74,playing,10
30.1744,-5.836,0,0.26651,0,275.46,playing,10
30.1902,-5.836,0,0.32098,0,280.18,playing,10
30.2062,-8.6748,0,0.32098,0,285.19,playing,10
30.2233,-8.6748,0,0.31289,0,290.48,playing,10
30.2395,-48.5531,1,0.31289,0,296.41,playing,11
30.2554,-48.5531,0,0.28791,0,290.46,playing,11
30.2717,-48.5531,0,0.28791,0,284.78,playing,11
30.2884,-62.1376,0,0.20402,0,279.38,playing,11
30.3045,-62.1376,0,0.20402,0,273.97,playing,11
30.3206,-62.1376,0,0.22427,1,269.16,playing,11
30.3367,-62.1376,0,0.22427,0,264.62,playing,11
30.3524,-62.1376,0,0.24279,0,260.37,playing,11
30.3685,-62.1376,0,0.24279,0,256.4,playing,11
30.3841,39.51,0,0.23366,0,252.71,playing,11
30.4012,39.51,0,0.23366,0,249.31,playing,11
30.4184,39.51,0,0.23366,0,246.01,playing,11
30.4348,36.5755,0,0.2025,0,243.02,playing,11
30.4517,36.5755,0,0.2025,0,240.36,playing,11
30.4672,29.7184,0,0.2416,0,238.13,playing,11
30.4833,29.7184,0,0.2416,0,236.18,playing,11
30.4995,29.7184,0,0.27119,0,234.52,playing,11
30.5157,16.2671,0,0.27119,0,233.14,playing,11
30.5316,16.2671,0,0.28372,0,232.04,playing,11
30.5477,16.2671,0,0.28372,0,231.22,playing,11
30.5635,12.0644,0,0.26782,0,230.68,playing,11
30.5796,12.0644,0,0.26782,0,230.42,playing,11
30.5958,12.0644,0,0.28772,0,230.45,playing,11
30.6126,4.0647,0,0.28772,0,230.79,playing,11
30.629,4.0647,0,0.28772,0,231.4,playing,11
30.646,1.0631,0,,0,232.36,playing,11
30.6629,1.0631,0,,0,233.64,playing,11
30.6799,1.0631,0,0.2623,0,235.24,playing,11
30.697,-1.1267,0,0.2623,0,237.16,playing,11
30.7132,-1.1267,0,0.27947,0,239.39,playing,11
30.7293,-1.1267,0,0.27947,0,241.77,playing,11
30.7458,-4.3543,0,0.27947,0,244.44,playing,11
30.7623,-4.3543,0,0.27943,0,247.59,playing,11
30.7788,-4.3543,0,0.27943,0,250.84,playing,11
30.7943,-5.2353,0,0.27173,0,254.36,playing,11
30.811,-5.2353,0,0.27173,0,258.17,playing,11
30.8284,-5.7899,0,0.28564,0,262.54,playing,11
30.8449,-5.7899,0,0.28564,0,267.22,playing,11
30.8619,-5.7899,0,0.30084,0,272.23,playing,11
30.8783,-6.9485,0,0.30084,0,277.54,playing,11
30.8946,-6.9485,0,0.30084,0,282.83,playing,11
30.9104,-6.9485,0,0.29555,0,288.4,playing,11
30.9261,-50.1813,1,0.29555,0,294.25,playing,11
30.9427,-50.1813,0,0.30957,0,288.29,playing,11
30.959,-50.1813,0,0.30957,0,282.62,playing,11
30.9764,-53.9096,0,0.28211,0,276.9,playing,11
30.9927,-53.9096,0,0.28211,0,271.51,playing,11
31.0088,-31.5786,0,0.28211,0,266.71,playing,11
31.0256,-31.5786,0,0.22101,0,261.93,playing,11
31.042,-31.5786,0,0.22101,0,257.72,playing,11
31.0589,46.8963,0,0.20702,0,253.56,playing,11
31.0755,46.8963,0,0.20702,0,249.71,playing,11
31.0921,46.8963,0,0.25547,1,246.38,playing,11
31.1085,46.1732,0,0.25547,0,243.15,playing,11
31.1247,46.1732,0,0.25547,0,240.39,playing,11
31.1411,46.1732,0,0.18928,0,237.92,playing,11
31.1576,37.6826,0,0.18928,0,235.61,playing,11
31.174,37.6826,0,0.22126,0,233.72,playing,11
31.1902,37.6826,0,0.22126,0,232.02,playing,11
31.2068,37.6826,0,0.22062,0,230.71,playing,11
31.2244,37.6826,0,0.22062,0,229.64,playing,11
31.2402,37.6826,0,0.22062,0,228.88,playing,11
31.2567,37.6826,0,0.27196,0,228.45,playing,11
31.2726,37.6826,0,0.27196,0,228.3,playing,11
31.2883,17.3137,0,0.26399,0,228.43,playing,11
31.3041,17.3137,0,0.26399,0,228.84,playing,11
31.3212,17.3137,0,0.26399,0,229.53,playing,11
31.3378,1.2868,0,0.28256,0,230.59,playing,11
31.3547,1.2868,0,0.28256,0,231.96,playing,11
31.3703,-3.9776,0,0.2884,0,233.54,playing,11
31.3861,-3.9776,0,0.2884,0,235.39,playing,11
31.4027,-3.9776,0,0.27164,0,237.53,playing,11
31.4189,-3.9776,0,0.27164,0,239.95,playing,11
31.4361,-3.9776,0,0.28703,0,242.84,playing,11
31.4532,-3.9776,0,0.28703,0,246.04,playing,11
31.4693,-6.3059,0,0.28703,0,249.57,playing,11
31.486,-6.3059,0,0.28013,0,253.17,playing,11
31.5025,-40.8461,1,0.28013,0,257.31,playing,11
31.5188,-40.8461,0,0.30803,0,251.35,playing,11
31.5361,-40.8461,0,0.30803,0,245.34,playing,11
31.5527,-57.9058,0,0.3148,0,239.64,playing,11
31.569,-57.9058,0,0.3148,0,234.56,playing,11
31.5861,-57.9058,0,0.3148,0,229.49,playing,11
31.6024,-35.193,0,0.24192,0,224.73,playing,11
31.6183,-35.193,0,0.24192,0,220.53,playing,11
31.6344,-35.193,0,0.21663,0,216.61,playing,11
31.6503,13.9413,0,0.21663,0,212.98,playing,11
31.6662,13.9413,0,0.21663,0,209.62,playing,11
31.6824,38.6034,0,0.22539,1,206.55,playing,11
31.6985,38.6034,0,0.22539,0,203.76,playing,11
31.7146,38.6034,0,0.20754,0,201.25,playing,11
31.731,35.428,0,0.20754,0,199.02,playing,11
31.7488,35.428,0,0.20367,0,196.97,playing,11
31.7663,35.428,0,0.20367,0,195.16,playing,11
31.783,28.1094,0,0.20367,0,193.77,playing,11
31.7996,28.1094,0,0.23302,0,192.69,playing,11
31.8153,20.9341,0,0.23302,0,191.96,playing,11
31.8323,20.9341,0,0.25033,0,191.51,playing,11
31.848,20.9341,0,0.25033,0,191.35,playing,11
31.8647,10.1998,0,0.26785,0,191.48,playing,11
31.8803,10.1998,0,0.26785,0,191.9,playing,11
31.8969,10.1998,0,0.26785,0,192.59,playing,11
31.9132,6.4606,0,0.25493,0,193.65,playing,11
31.9294,6.4606,0,0.25493,0,194.92,playing,11
31.9459,6.4606,0,0.25447,0,196.48,playing,11
31.9622,0.2849,0,0.25447,0,198.45,playing,11
31.979,0.2849,0,0.26652,0,200.59,playing,11
31.9962,-1.2719,0,0.26652,0,203.18,playing,11
32.0122,-1.2719,0,0.258,0,206.08,playing,11
32.0291,-1.2719,0,0.258,0,209.1,playing,11
32.0461,-4.4017,0,0.258,0,212.63,playing,11
32.0625,-4.4017,0,0.2669,0,216.47,playing,11
32.0787,-4.4017,0,0.2669,0,220.36,playing,11
32.0951,-5.6018,0,0.28683,0,224.54,playing,12
32.1121,-5.6018,0,0.28683,0,229.3,playing,12
32.1287,-5.6018,0,0.27876,0,234.38,playing,12
32.1445,-6.5693,0,0.27876,0,239.44,playing,12
32.1606,-6.5693,0,0.27876,0,244.78,playing,12
32.1764,-68.2063,1,0.28834,0,250.4,playing,12
32.1925,-68.2063,0,0.28834,0,244.44,playing,12
32.2085,-68.2063,0,0.29889,0,238.77,playing,12
32.2249,-59.5064,0,0.29889,0,233.37,playing,12
32.2421,-59.5064,0,0.28564,0,227.96,playing,12
32.2587,-59.5064,0,0.28564,0,222.86,playing,12
32.2745,14.2047,0,0.28564,0,218.34,playing,12
32.2908,14.2047,0,0.29831,0,214.11,playing,12
32.3072,14.2047,0,0.29831,0,209.93,playing,12
32.3237,33.5706,0,0.23409,0,206.28,playing,12
32.3409,33.5706,0,0.23409,0,202.71,playing,12
32.3583,33.5706,0,0.22491,0,199.47,playing,12
32.3749,34.0128,0,0.22491,0,196.54,playing,12
32.3924,34.0128,0,0.23301,0,193.93,playing,12
32.4088,24.3597,0,0.23301,0,191.64,playing,12
32.4257,24.3597,0,0.23301,0,189.67,playing,12
32.4421,24.3597,0,0.28408,0,188.09,playing,12
32.4586,19.9078,0,0.28408,0,186.73,playing,12
32.4741,19.9078,0,0.27973,0,185.74,playing,12
32.4904,14.2436,0,0.27973,0,185.03,playing,12
32.5068,9.7375,0,0.29935,0,184.59,playing,12
32.5232,9.7375,0,0.29935,0,184.45,playing,12
32.54,5.8024,0,0.29935,0,184.6,playing,12
32.5567,5.8024,0,0.27101,0,185.08,playing,12
32.5721,5.8024,0,0.27101,0,185.81,playing,12
32.5889,2.7224,0,0.26624,0,186.82,playing,12
32.6057,2.7224,0,0.26624,0,188.21,playing,12
32.6218,2.7224,0,0.258,0,189.8,playing,12
32.6379,-1.8628,0,0.258,0,191.68,playing,12
32.6548,-1.8628,0,0.258,0,193.98,playing,12
32.6708,-3.0514,0,0.3071,0,196.44,playing,12
32.6875,-3.0514,0,0.3071,0,199.36,playing,12
32.7042,-3.0514,0,0.29615,0,202.4,playing,12
32.7203,-4.8994,0,0.29615,0,205.94,playing,12
32.7368,-4.8994,0,0.31577,0,209.56,playing,12
32.7521,-4.8994,0,0.31577,0,213.46,playing,12
32.7692,-5.084,0,0.31577,0,217.64,playing,12
32.785,-5.084,0,0.28862,0,222.39,playing,12
32.8021,-5.084,0,0.28862,0,227.15,playing,12
32.8182,-46.4109,1,0.2988,0,232.53,playing,12
32.8343,-46.4109,0,0.2988,0,226.57,playing,12
32.851,-46.4109,0,0.30202,0,220.89,playing,12
32.8675,-46.4109,0,0.30202,0,215.18,playing,12
32.8839,-46.4109,0,0.27894,0,210.08,playing,12
32.9003,-47.4437,0,0.27894,0,204.99,playing,12
32.9161,-47.4437,0,0.27894,0,200.47,playing,12
32.9328,-47.4437,0,0.27934,0,196.24,playing,12
32.9501,26.6758,0,0.27934,0,192.06,playing,12
32.9665,26.6758,0,0.23817,0,188.2,playing,12
32.9827,26.6758,0,0.23817,0,184.84,playing,12
32.9981,34.2913,0,0.20078,0,181.77,playing,12
33.015,34.2913,0,0.20078,0,178.98,playing,12
33.0321,27.0361,0,0.20078,0,176.33,playing,12
33.0485,27.0361,0,0.21442,0,174.0,playing,12
33.0648,27.0361,0,0.21442,0,172.09,playing,12
33.0807,21.4825,0,0.23393,1,170.46,playing,12
33.0965,21.4825,0,0.23393,0,169.12,playing,12
33.1121,21.4825,0,0.23393,0,168.05,playing,12
33.1282,16.2899,0,0.27897,0,167.27,playing,12
33.1446,16.2899,0,0.27897,0,166.77,playing,12
33.1605,16.2899,0,0.28837,0,166.54,playing,12
33.1767,7.129,0,0.28837,0,166.61,playing,12
33.1928,7.129,0,0.28837,0,166.95,playing,12
33.2087,7.129,0,0.29555,0,167.57,playing,12
33.2241,4.0258,0,0.29555,0,168.48,playing,12
33.2402,4.0258,0,0.29509,0,169.66,playing,12
33.257,-2.8981,0,0.29509,0,171.13,playing,12
33.2745,-2.8981,0,0.29509,0,173.01,playing,12
33.2922,-2.8981,0,0.29555,0,175.36,playing,12
33.3088,-5.0825,0,0.29555,0,177.89,playing,12
33.3251,-5.0825,0,0.29099,0,180.56,playing,12
33.3423,-5.0825,0,0.29099,0,183.71,playing,12
33.3592,-7.3201,0,0.29099,0,187.17,playing,12
33.3756,-7.3201,0,0.29099,0,190.96,playing,12
33.3915,-7.3201,0,0.27539,0,194.8,playing,12
33.4076,-7.3201,0,0.27539,0,198.93,playing,12
33.4237,-7.3201,0,0.27539,0,203.34,playing,12
33.4399,-8.6838,0,0.33497,0,208.03,playing,12
33.4571,-8.6838,0,0.33497,0,213.33,playing,12
33.4742,-8.6838,0,0.33497,0,218.95,playing,12
33.4908,-7.6213,0,0.33497,0,224.88,playing,12
33.5082,-7.6213,0,0.28935,0,231.14,playing,12
33.528,-6.761,0,0.28935,0,237.71,playing,12
33.5449,-6.761,0,0.28935,0,245.88,playing,12
33.5621,-6.761,0,0.28935,0,253.15,playing,12
33.578,-44.1568,1,0.33301,0,260.73,playing,12
33.594,-45.0952,0,0.33301,0,254.77,playing,12
33.6112,-45.0952,0,0.33301,0,249.09,playing,12
33.6284,-17.7019,0,0.33301,0,243.38,playing,12
33.6443,-17.7019,0,0.32154,0,237.98,playing,12
33.6609,28.1549,0,0.32154,0,233.19,playing,12
33.6774,28.1549,0,0.32154,0,228.41,playing,12
33.6936,28.1549,0,0.32154,0,224.19,playing,12
33.7093,45.0237,0,0.32154,0,220.26,playing,12
33.726,45.0237,0,0.23669,0,216.61,playing,12
33.7427,45.0237,0,0.23669,0,213.04,playing,12
33.7592,38.4409,0,0.20401,0,209.8,playing,12
33.7757,38.4409,0,0.21122,0,207.02,playing,12
33.7919,38.4409,0,0.21122,0,204.53,playing,12
33.8084,30.0881,0,0.22439,1,202.2,playing,12
33.8241,30.0881,0,0.22461,0,200.29,playing,12
33.8408,21.8916,0,0.22461,0,198.66,playing,12
33.8573,21.8916,0,0.26394,0,197.25,playing,12
33.8736,21.8916,0,0.27667,0,196.2,playing,12
33.8899,10.5398,0,0.27667,0,195.44,playing,12
33.9064,10.5398,0,0.28834,0,194.94,playing,12
33.922,10.5398,0,0.31658,0,194.76,playing,12
33.9383,1.8336,0,0.31658,0,194.85,playing,13
33.9544,1.8336,0,0.28542,0,195.23,playing,13
33.9703,1.8336,0,0.28542,0,195.89,playing,13
33.9865,-2.5503,0,0.28542,0,196.83,playing,13
34.0025,-2.5503,0,0.30005,0,198.05,playing,13
34.0186,-2.5503,0,0.30005,0,199.56,playing,13
34.0347,-5.2668,0,0.30557,0,201.34,playing,13
34.051,-5.2668,0,0.30557,0,203.41,playing,13
34.0671,-7.105,0,0.31795,0,205.92,playing,13
34.0837,-7.105,0,0.33682,0,208.57,playing,13
34.0999,-7.105,0,0.33682,0,211.5,playing,13
34.1169,-7.3424,0,0.29509,0,214.93,playing,13
34.133,-7.3424,0,0.29509,0,218.68,playing,13
34.1497,-7.3424,0,0.32571,0,222.49,playing,13
34.1657,-7.3424,0,0.32571,0,226.58,playing,13
34.1829,-7.3424,0,0.31778,0,231.25,playing,13
34.2,-7.3424,0,0.31778,0,236.23,playing,13
34.2163,-7.3424,0,0.31316,0,241.53,playing,13
34.2328,-7.3424,0,0.31316,0,246.8,playing,13
34.25,-55.7963,1,0.30505,0,252.72,playing,13
34.2667,-55.7963,0,0.30505,0,246.4,playing,13
34.2828,-55.7963,0,0.30505,0,240.75,playing,13
34.2989,-42.8213,0,0.2524,0,235.05,playing,13
34.316,-42.8213,0,0.17874,0,229.97,playing,13
34.3327,-42.8213,0,0.17874,0,224.89,playing,13
34.3489,-12.7571,0,0.21921,0,220.4,playing,13
34.366,-12.7571,0,0.21921,0,215.94,playing,13
34.3826,45.2501,0,0.21921,0,211.79,playing,13
34.3987,45.2501,0,0.21921,0,208.18,playing,13
34.4143,45.2501,0,0.21921,0,204.84,playing,13
34.4309,43.274,0,0.23452,1,201.78,playing,13
34.4482,43.274,0,0.25492,0,198.86,playing,13
34.4647,43.274,0,0.25492,0,196.25,playing,13
34.4814,38.3442,0,0.25608,0,193.96,playing,13
34.4973,38.3442,0,0.25608,0,192.08,playing,13
34.5134,38.3442,0,0.28937,0,190.49,playing,13
34.5295,38.3442,0,0.28937,0,189.18,playing,13
34.5455,38.3442,0,0.24261,0,188.14,playing,13
34.5616,23.6088,0,0.24261,0,187.4,playing,13
34.5778,16.5425,0,0.27139,0,186.93,playing,13
34.5948,16.5425,0,0.27139,0,186.75,playing,13
34.6116,11.5256,0,0.27832,0,186.89,playing,13
34.6274,11.5256,0,0.27832,0,187.3,playing,13
34.6436,11.5256,0,0.27832,0,188.0,playing,13
34.6594,1.5321,0,0.31063,0,188.97,playing,13
34.6753,1.5321,0,0.31063,0,190.23,playing,13
34.6919,1.5321,0,0.29667,0,191.77,playing,13
34.709,-3.5283,0,0.29667,0,193.72,playing,13
34.726,-3.5283,0,0.30082,0,195.99,playing,13
34.7427,-5.0938,0,0.30082,0,198.58,playing,13
34.7588,-5.0938,0,0.28108,0,201.3,playing,13
34.7749,-5.0938,0,0.28108,0,204.3,playing,13
34.792,-6.1544,0,0.28108,0,207.81,playing,13
34.8087,-6.1544,0,0.28108,0,211.63,playing,13
34.8248,-6.1544,0,0.2839,0,215.51,playing,13
34.8414,-7.2177,0,0.2839,0,219.95,playing,13
34.8576,-7.2177,0,0.3067,0,224.41,playing,13
34.8737,-7.2177,0,0.3067,0,229.15,playing,13
34.8894,-7.2177,0,0.296,0,234.18,playing,13
34.9059,-7.2177,0,0.296,0,239.48,playing,13
34.923,-7.2177,0,0.29577,0,245.44,playing,13
34.9396,-7.2177,0,0.29577,0,251.71,playing,13
34.9557,-7.2177,0,0.27494,0,257.9,playing,13
34.9713,-7.2177,0,0.27494,0,264.36,playing,13
34.9879,-7.2177,0,0.27494,0,271.11,playing,13
35.005,-7.2177,0,0.27977,0,278.6,playing,13
35.0232,-20.1999,1,0.27977,0,286.41,playing,13
35.0392,-20.1999,0,0.31394,0,279.74,playing,13
35.0556,-69.034,0,0.31718,0,274.1,playing,13
35.0719,-69.034,0,0.31718,0,268.74,playing,13
35.0891,-69.034,0,0.25543,0,263.37,playing,13
35.1051,-63.1518,0,0.25543,0,258.31,playing,13
35.1213,-63.1518,0,0.18295,0,253.83,playing,13
35.1374,-63.1518,0,0.18295,0,249.63,playing,13
35.1535,26.095,0,0.20259,0,245.71,playing,13
35.1696,26.095,0,0.20259,0,242.08,playing,13
35.1853,26.095,0,0.20259,0,238.72,playing,13
35.202,40.2998,0,0.20259,0,235.65,playing,13
35.2191,40.2998,0,0.16908,0,232.7,playing,13
35.2359,39.3441,0,0.16908,0,230.08,playing,13
35.2528,39.3441,0,0.21185,0,227.77,playing,13
35.2687,39.3441,0,0.21185,0,225.87,playing,13
35.2847,27.1265,0,0.22934,1,224.26,playing,13
35.3007,27.1265,0,0.22934,0,222.93,playing,13
35.317,27.1265,0,0.27511,0,221.88,playing,13
35.3342,27.1265,0,0.27511,0,221.09,playing,13
35.3507,27.1265,0,0.27511,0,220.61,playing,13
35.3665,27.1265,0,0.25982,0,220.44,playing,13
35.3822,19.9626,0,0.25982,0,220.56,dead,13
35.3986,19.9626,0,0.25426,0,220.95,dead,13
35.4144,19.9626,0,0.25426,0,221.63,dead,13
35.4311,5.3537,0,0.28553,0,222.59,dead,13
35.4478,5.3537,0,0.28553,0,223.92,dead,13
35.4649,1.5627,0,0.29307,0,225.58,dead,13
35.4817,1.5627,0,0.29307,0,227.55,dead,13
35.4975,1.5627,0,0.30017,0,229.69,dead,13
35.5141,-1.9087,0,0.30017,0,232.11,dead,13
35.5306,-1.9087,0,0.27696,0,234.99,dead,13
35.5463,-1.9087,0,0.27696,0,237.99,dead,13
35.5631,-1.9087,0,0.29164,0,241.28,dead,13
35.58,-1.9087,0,0.29164,0,245.08,dead,13
35.5969,-4.8812,0,0.29164,0,249.2,dead,13
35.6136,-4.8812,0,0.29164,0,253.64,dead,13
35.6299,-4.8812,0,0.25979,0,258.1,dead,13
35.6464,-5.4962,0,0.29823,0,263.16,dead,13
35.6637,-5.4962,0,0.29823,0,268.54,dead,13
35.6805,-5.4962,0,0.29823,0,274.23,dead,13
35.697,-5.6566,0,0.29823,0,279.87,dead,13
35.7132,-5.6566,0,0.30713,0,286.18,dead,13
35.7296,-5.6566,0,0.31747,0,292.4,dead,13
35.746,-5.6566,0,0.31747,0,298.9,dead,13
35.7627,-5.6566,0,0.28874,0,306.13,dead,13
35.779,-6.0859,0,0.28874,0,313.21,dead,13
35.7954,-6.0859,0,0.27985,0,321.06,dead,13
35.8116,-6.0859,0,0.27985,0,328.72,dead,13
35.8281,-5.6945,0,0.30069,0,336.67,dead,13
35.845,-5.6945,0,0.30069,0,345.43,dead,13
35.8618,-5.6945,0,0.31425,0,354.51,dead,13
35.8774,-5.6945,0,0.31425,0,363.33,dead,13
35.8937,-5.6945,0,0.29564,0,372.44,dead,13
35.9104,-3.2712,0,0.29564,0,382.43,dead,13
35.9273,-2.5338,0,0.30755,0,392.12,dead,13
35.944,-2.5338,0,0.30755,0,402.73,dead,13
35.9612,-1.9363,0,0.26737,0,413.66,dead,13
35.9778,-1.9363,0,0.26737,0,424.91,dead,13
35.9949,-1.9363,0,0.26737,0,436.47,dead,13
36.011,-2.6182,0,0.26737,0,448.36,dead,13
36.0282,-2.6182,0,0.30024,0,459.56,dead,13
36.0451,-45.7597,1,0.30024,0,471.46,dead,13
36.0623,-66.6946,0,0.30024,0,285.0,playing,0
36.0784,-66.6946,0,0.27035,0,278.69,playing,0
36.0942,-18.8027,0,0.27035,0,273.03,playing,0
36.1113,-18.8027,0,0.23781,0,267.65,playing,0
36.1283,-18.8027,0,0.17809,0,262.26,playing,0
36.1449,-18.8027,0,0.17809,0,257.18,playing,0
36.1615,-18.8027,0,0.24152,1,252.42,playing,0
36.1774,-18.8027,0,0.24152,0,248.22,playing,0
36.1941,35.0979,0,0.20797,0,244.3,playing,0
36.2108,35.0979,0,0.20797,0,240.46,playing,0
36.2276,27.7924,0,0.25131,0,236.93,playing,0
36.2435,27.7924,0,0.25131,0,233.9,playing,0
36.2591,27.7924,0,0.25563,0,231.14,playing,0
36.2752,17.7082,0,0.25563,0,228.67,playing,0
36.2918,17.7082,0,0.26681,0,226.48,playing,0
36.3091,17.7082,0,0.26681,0,224.46,playing,0
36.3253,17.7082,0,0.29696,0,222.77,playing,0
36.3421,17.7082,0,0.29696,0,221.46,playing,0
36.3591,17.7082,0,0.2672,0,220.38,playing,0
36.3753,12.5639,0,0.2672,0,219.62,playing,0
36.392,12.5639,0,0.2672,0,219.19,playing,0
36.4086,2.4115,0,0.27998,0,219.05,playing,0
36.4242,2.4115,0,0.27998,0,219.2,playing,0
36.4403,2.4115,0,0.28888,0,219.63,playing,0
36.4573,0.2965,0,0.28888,0,220.34,playing,0
36.4735,0.2965,0,0.29722,0,221.42,playing,0
36.4895,0.2965,0,0.29722,0,222.71,playing,0
36.5057,-3.1195,0,0.26254,0,224.28,playing,0
36.5216,-3.1195,0,0.26254,0,226.14,playing,0
36.5379,-3.1195,0,0.29509,0,228.28,playing,0
36.5542,-4.5035,0,0.29509,0,230.87,playing,0
36.5705,-4.5035,0,0.29205,0,233.59,playing,0
36.5863,-6.1877,0,0.29205,0,236.59,playing,0
36.6026,-6.1877,0,0.28883,0,239.87,playing,0
36.6184,-6.1877,0,0.28883,0,243.43,playing,0
36.6348,-5.6444,0,0.29066,0,247.27,playing,0
36.6526,-5.6444,0,0.30425,0,251.68,playing,0
36.6686,-5.6444,0,0.30425,0,256.4,playing,0
36.6849,-4.6247,0,0.30425,0,261.12,playing,0
36.7015,-4.6247,0,0.30117,0,266.46,playing,0
36.7171,-4.6247,0,0.30117,0,271.77,playing,0
36.7341,-3.9392,0,0.3021,0,277.35,playing,0
36.7513,-3.9392,0,0.3021,0,283.61,playing,0
36.7679,-4.7834,0,0.3021,0,290.18,playing,0
36.7845,-4.7834,0,0.29567,0,297.07,playing,0
36.8005,-4.7834,0,0.29567,0,303.84,playing,0
36.8162,-54.7946,1,0.31569,0,310.89,playing,0
36.8327,-54.7946,0,0.31569,0,304.93,playing,0
36.8493,-54.7946,0,0.28882,0,299.25,playing,0
36.8657,-49.3442,0,0.28882,0,293.54,playing,0
36.8819,-49.3442,0,0.28882,0,288.44,playing,0
36.8987,-49.3442,0,0.25549,0,283.34,playing,0
36.9163,-18.9562,0,0.25549,0,278.57,playing,0
36.9321,-18.9562,0,0.2192,0,274.1,playing,0
36.9487,37.6871,0,0.2192,0,270.19,playing,0
36.966,37.6871,0,0.2192,0,266.55,playing,0
36.9832,37.6871,0,0.21075,0,262.82,playing,0
36.9996,36.2307,0,0.21075,0,259.61,playing,0
37.0155,36.2307,0,0.18443,0,256.87,playing,0
37.0318,36.2307,0,0.18443,0,254.42,playing,0
37.0484,25.2997,0,0.22807,1,252.13,playing,0
37.0645,25.2997,0,0.22807,0,250.25,playing,0
37.0803,19.7536,0,0.24309,0,248.66,playing,0
37.0964,19.7536,0,0.24309,0,247.35,playing,0
37.112,19.7536,0,0.24309,0,246.31,playing,0
37.1283,14.5517,0,0.27173,0,245.57,playing,0
37.1443,14.5517,0,0.27173,0,245.1,playing,0
37.1606,14.5517,0,0.26739,0,244.91,playing,0
37.177,5.4805,0,0.26739,0,245.01,playing,0
37.1938,5.4805,0,0.26739,0,245.43,playing,0
37.2094,5.4805,0,0.28653,0,246.11,playing,0
37.2255,2.8471,0,0.28653,0,247.06,playing,0
37.2414,2.8471,0,0.26355,0,248.3,playing,0
37.2577,2.8471,0,0.26355,0,249.83,playing,0
37.2746,-1.4178,0,0.29261,0,251.76,playing,0
37.2908,-1.4178,0,0.29261,0,253.86,playing,0
37.3069,-2.9439,0,0.29261,0,256.25,playing,0
37.3237,-2.9439,0,0.28968,0,259.1,playing,0
37.3399,-2.9439,0,0.28968,0,262.06,playing,0
37.3567,-3.4671,0,0.29258,0,265.53,playing,0
37.3728,-3.4671,0,0.29258,0,269.08,playing,0
37.3901,-3.4671,0,0.26278,0,273.16,playing,0
37.4065,-6.2067,0,0.26278,0,277.56,playing,0
37.4222,-6.2067,0,0.26278,0,281.99,playing,0
37.4384,-6.2067,0,0.33414,0,286.7,playing,0
37.455,-6.1271,0,0.33414,0,291.69,playing,0
37.4719,-6.1271,0,0.25967,0,297.3,playing,0
37.489,-61.3148,1,0.25967,0,303.24,playing,0
37.5062,-61.3148,0,0.28987,0,296.93,playing,0
37.5228,-61.3148,0,0.28987,0,290.93,playing,0
37.5387,-61.3148,0,0.29737,0,285.57,playing,0
37.5541,-61.3148,0,0.29737,0,280.5,playing,0
37.57,-61.3148,0,0.29737,0,275.7,playing,0
37.5872,-37.1001,0,0.29184,0,271.18,playing,0
37.603,-37.1001,0,0.29184,0,266.7,playing,0
37.6194,-37.1001,0,0.23248,0,262.77,playing,0
37.6362,33.2687,0,0.23248,0,259.12,playing,0
37.6528,33.2687,0,0.19084,0,255.55,playing,0
37.6697,47.4012,0,0.19084,0,252.31,playing,0
37.687,47.4012,0,0.19084,0,249.38,playing,0
37.7034,47.4012,0,0.18706,0,246.77,playing,0
37.7193,40.0035,0,0.18706,0,244.6,playing,0
37.7351,40.0035,0,0.20685,0,242.7,playing,0
37.752,40.0035,0,0.20685,0,241.09,playing,0
37.7687,32.3491,0,0.25497,1,239.7,playing,0
37.7862,32.3491,0,0.25497,0,238.62,playing,0
37.8031,16.7599,0,0.25497,0,237.87,playing,0
37.8194,16.7599,0,0.30452,0,237.43,playing,0
37.8352,16.7599,0,0.30452,0,237.29,playing,0
37.8521,10.5594,0,0.28401,0,237.44,playing,0
37.8693,10.5594,0,0.28401,0,237.92,playing,0
37.8856,10.5594,0,0.28462,0,238.71,playing,0
37.9019,5.2415,0,0.28462,0,239.74,playing,0
37.9193,5.2415,0,0.28462,0,241.15,playing,0
37.9356,1.6942,0,0.28761,0,242.88,playing,0
37.9518,-1.1845,0,0.28761,0,244.79,playing,0
37.9692,-1.1845,0,0.27975,0,247.13,playing,0
37.9854,-6.1087,0,0.27975,0,249.8,playing,0
38.0018,-6.1087,0,0.27873,0,252.59,playing,0
38.0192,-6.1087,0,0.27873,0,255.87,playing,0
38.0359,-7.9646,0,0.29211,0,259.47,playing,0
38.0521,-7.9646,0,0.29211,0,263.38,playing,0
38.0688,-7.9646,0,0.30888,0,267.35,playing,0
38.0842,-7.8508,0,0.30888,0,271.6,playing,0
38.0999,-7.8508,0,0.30888,0,276.13,playing,0
38.1165,-7.9323,0,0.30532,0,280.95,playing,0
38.132,-7.9323,0,0.30532,0,286.04,playing,0
38.1487,-7.9323,0,0.305,0,291.42,playing,0
38.1645,-7.9323,0,0.305,0,297.07,playing,0
38.1804,-7.9323,0,0.28917,0,303.01,playing,0
38.1966,-7.9323,0,0.28917,0,309.23,playing,0
38.2122,-59.5571,1,0.28917,0,315.74,playing,0
38.2292,-59.5571,0,0.30638,0,309.78,playing,0
38.2455,-59.5571,0,0.30638,0,303.76,playing,0
38.2626,-43.6975,0,0.30638,0,298.39,playing,0
38.2793,-43.6975,0,0.29609,0,292.69,playing,0
38.2955,-43.6975,0,0.29609,0,287.91,playing,0
38.3117,-43.6975,0,0.31742,0,283.42,playing,0
38.3293,-43.6975,0,0.31742,0,278.96,playing,0
38.3459,-1.663,0,0.22186,0,274.81,playing,0
38.3624,-1.663,0,0.22186,0,270.99,playing,0
38.3782,-1.663,0,0.18667,0,267.67,playing,0
38.3949,37.542,0,0.18667,0,264.63,playing,0
38.4117,37.542,0,0.18667,0,261.72,playing,0
38.4272,37.542,0,0.26453,1,259.27,playing,0
38.4436,31.4845,0,0.26453,0,257.09,playing,0
38.4594,31.4845,0,0.24291,0,255.2,playing,0
38.4756,26.1765,0,0.24291,0,253.59,playing,0
38.4917,19.7267,0,0.24291,0,252.26,playing,0
38.5076,19.7267,0,0.27663,0,251.21,playing,1
38.5234,13.9765,0,0.27663,0,250.45,playing,1
38.54,13.9765,0,0.27663,0,249.96,playing,1
38.5567,13.9765,0,0.28414,0,249.76,playing,1
38.5727,8.7417,0,0.28414,0,249.86,playing,1
38.5887,8.7417,0,0.30833,0,250.24,playing,1
38.6051,8.7417,0,0.30833,0,250.9,playing,1
38.621,8.7417,0,0.30833,0,251.91,playing,1
38.639,8.7417,0,0.27552,0,253.25,playing,1
38.656,4.9473,0,0.27552,0,254.91,playing,1
38.6729,-1.0155,0,0.29486,0,256.88,playing,1
38.6893,-1.0155,0,0.29486,0,259.17,playing,1
38.7059,-4.3902,0,0.28462,0,261.6,playing,1
38.7226,-4.3902,0,0.28462,0,264.51,playing,1
38.7387,-4.3902,0,0.31036,0,267.53,playing,1
38.7549,-5.1215,0,0.31036,0,270.83,playing,1
38.772,-5.1215,0,0.31036,0,274.65,playing,1
38.7886,-5.1215,0,0.32026,0,278.79,playing,1
38.8048,-5.6949,0,0.32026,0,282.97,playing,1
38.8216,-5.6949,0,0.28681,0,287.73,playing,1
38.8372,-5.8762,0,0.28681,0,292.49,playing,1
38.8538,-5.8762,0,0.29306,0,297.53,playing,1
38.8698,-5.8762,0,0.29306,0,302.85,playing,1
38.8865,-1.6016,0,0.29306,0,308.83,playing,1
38.9031,-1.6016,0,0.28318,0,314.73,playing,1
38.92,-1.6016,0,0.28318,0,321.32,playing,1
38.9373,-5.9926,0,0.30966,0,328.23,playing,1
38.9538,-5.9926,0,0.30966,0,335.46,playing,1
38.9701,-56.3236,1,0.27063,0,342.54,playing,1
38.9865,-56.3236,0,0.27063,0,336.23,playing,1
39.0032,-56.3236,0,0.30548,0,330.57,playing,1
39.0202,-63.2237,0,0.30548,0,324.88,playing,1
39.0367,-63.2237,0,0.30548,0,319.5,playing,1
39.0528,-63.2237,0,0.25526,0,314.72,playing,1
39.0692,14.2157,0,0.25526,0,309.96,playing,1
39.0856,14.2157,0,0.23368,0,305.76,playing,1
39.1018,14.2157,0,0.23368,0,301.84,playing,1
39.1174,31.9338,0,0.23368,0,298.21,playing,1
39.1342,31.9338,0,0.18212,0,294.86,playing,1
39.1506,31.9548,0,0.18212,0,291.61,playing,1
39.1672,31.9548,0,0.20388,0,288.84,playing,1
39.1834,31.9548,0,0.20388,0,286.21,playing,1
39.1997,22.2728,0,0.23303,1,284.02,playing,1
39.2157,22.2728,0,0.23303,0,282.11,playing,1
39.2328,22.2728,0,0.23303,0,280.48,playing,1
39.2501,17.5182,0,0.24974,0,279.0,playing,1
39.267,17.5182,0,0.24974,0,277.93,playing,1
39.2836,17.5182,0,0.25405,0,277.17,playing,1
39.2996,8.7385,0,0.25405,0,276.74,playing,1
39.3155,8.7385,0,0.28976,0,276.59,playing,1
39.332,5.3985,0,0.28976,0,276.72,playing,1
39.3498,5.3985,0,0.28976,0,277.17,playing,1
39.3666,5.3985,0,0.29759,0,278.01,playing,1
39.3828,0.0829,0,0.29759,0,279.04,playing,1
39.4001,0.0829,0,0.28843,0,280.45,playing,1
39.4175,0.0829,0,0.28843,0,282.18,playing,1
39.4335,0.7762,0,0.29447,0,284.23,playing,1
39.4505,0.7762,0,0.29447,0,286.44,playing,1
39.4663,0.4137,0,0.27909,0,289.1,playing,1
39.4825,0.4137,0,0.27909,0,291.89,playing,1
39.4989,0.4137,0,0.27909,0,294.96,playing,1
39.5155,-2.6813,0,0.29553,0,298.54,playing,1
39.5317,-2.6813,0,0.29553,0,302.19,playing,1
39.5479,-2.6813,0,0.30026,0,306.13,playing,1
39.5643,-3.6809,0,0.30026,0,310.62,playing,1
39.5814,-3.6809,0,0.29868,0,315.14,playing,1
39.5977,-3.6809,0,0.29868,0,320.25,playing,1
39.614,-4.4543,0,0.29868,0,325.34,playing,1
39.6311,-4.4543,0,0.30509,0,331.07,playing,1
39.6498,-5.1542,0,0.30509,0,336.75,playing,1
39.6657,-5.1542,0,0.30509,0,343.49,playing,1
39.6815,-5.1542,0,0.30509,0,350.17,playing,1
39.6978,-56.987,1,0.30509,0,356.75,playing,1
39.7143,-56.987,0,0.28799,0,350.79,playing,1
39.7308,-56.987,0,0.28799,0,345.11,playing,1
39.7467,-46.5745,0,0.33973,0,339.4,playing,1
39.7625,-46.5745,0,0.33973,0,334.3,playing,1
39.7789,-22.5839,0,0.31361,0,329.49,playing,1
39.7957,-22.5839,0,0.31361,0,324.69,playing,1
39.8123,-22.5839,0,0.28714,0,320.21,playing,1
39.8284,33.7528,0,0.23396,0,316.28,playing,1
39.8445,33.7528,0,0.23396,0,312.62,playing,1
39.8606,33.7528,0,0.22126,0,309.25,playing,1
39.8763,33.4762,0,0.23722,0,306.16,playing,1
39.8932,33.4762,0,0.23722,0,303.36,playing,1
39.9101,33.4762,0,0.23722,0,300.69,playing,1
39.927,33.4762,0,0.24279,0,298.34,playing,1
39.9436,33.4762,0,0.24279,0,296.31,playing,1
39.9601,27.4528,0,0.24573,0,294.68,playing,1
39.9767,16.6967,0,0.24573,0,293.27,playing,1
39.9927,16.6967,0,0.24573,0,292.22,playing,1
40.0094,12.5163,0,0.24573,0,291.43,playing,1
40.025,12.5163,0,0.26659,0,290.96,playing,1
40.0418,12.5163,0,0.26659,0,290.77,playing,1
40.0582,4.9356,0,0.29233,0,290.89,playing,1
40.0748,4.9356,0,0.29233,0,291.29,playing,1
40.0912,4.9356,0,0.28843,0,292.03,playing,1
40.1081,2.0494,0,0.28843,0,293.0,playing,1
40.1244,2.0494,0,0.30888,0,294.36,playing,1
40.1415,0.6193,0,0.30888,0,295.92,playing,1
40.158,0.6193,0,0.32517,0,297.89,playing,1
40.1747,0.6193,0,0.28197,0,300.18,playing,1
40.1906,-1.25,0,0.28197,0,302.61,playing,1
40.207,-1.25,0,0.29458,0,305.33,playing,1
40.2232,-1.25,0,0.29458,0,308.54,playing,1
40.2391,-1.4904,0,0.29458,0,311.84,playing,1
40.2551,-1.4904,0,0.28394,0,315.42,playing,1
40.272,-1.4904,0,0.28394,0,319.28,playing,1
40.289,-1.4904,0,0.28394,0,323.7,playing,1
40.3073,-1.4904,0,0.28394,0,328.44,playing,1
40.324,-4.1999,0,0.30509,0,333.82,playing,1
40.341,-4.1999,0,0.28822,0,339.21,playing,1
40.3593,-4.1999,0,0.28822,0,344.92,playing,2
40.3755,-4.1999,0,0.28364,0,351.33,playing,2
40.3919,-4.1999,0,0.28364,0,357.3,playing,2
40.4081,-4.1999,0,0.28364,0,363.97,playing,2
40.4264,-62.0473,1,0.31252,0,370.52,playing,2
40.442,-62.0473,0,0.31252,0,364.21,playing,2
40.4594,-49.9623,0,0.25117,0,358.22,playing,2
40.4767,-49.9623,0,0.21102,0,352.54,playing,2
40.4929,-49.9623,0,0.21102,0,347.18,playing,2
40.5104,26.1679,0,0.21263,0,342.14,playing,2
40.5265,26.1679,0,0.21263,0,337.68,playing,2
40.5423,26.1679,0,0.26064,1,333.26,playing,2
40.5583,40.1613,0,0.26064,0,329.37,playing,2
40.5744,40.1613,0,0.26064,0,325.77,playing,2
40.591,33.687,0,0.20924,0,322.46,playing,2
40.6071,33.687,0,0.20924,0,319.42,playing,2
40.6241,33.687,0,0.20924,0,316.51,playing,2
40.6413,26.9013,0,0.229,0,313.92,playing,2
40.6573,26.9013,0,0.24109,0,311.65,playing,2
40.6729,26.9013,0,0.24109,0,309.79,playing,2
40.6901,20.3732,0,0.28983,0,308.21,playing,2
40.7071,20.3732,0,0.28983,0,306.86,playing,2
40.7238,20.3732,0,0.28539,0,305.82,playing,2
40.7392,8.1307,0,0.28539,0,305.12,playing,2
40.755,8.1307,0,0.28869,0,304.71,playing,2
40.7718,3.871,0,0.28869,0,304.57,playing,2
40.7889,3.871,0,0.28869,0,304.75,playing,2
40.8052,3.871,0,0.28869,0,305.25,playing,2
40.8222,-1.5771,0,0.29566,0,305.99,playing,2
40.8391,-1.5771,0,0.29566,0,307.1,playing,2
40.8563,-1.5771,0,0.27202,0,308.53,playing,2
40.8728,-3.7015,0,0.27202,0,310.28,playing,2
40.8894,-3.7015,0,0.28843,0,312.35,playing,2
40.9057,-5.1843,0,0.28843,0,314.57,playing,2
40.9219,-5.1843,0,0.30722,0,317.08,playing,2
40.9389,-5.1843,0,0.30722,0,320.06,playing,2
40.9559,-17.1784,0,0.30722,0,323.36,playing,2
40.9722,-17.1784,0,0.28749,0,326.98,playing,2
40.9888,-17.1784,0,0.28749,0,330.67,playing,2
41.0058,-17.1784,0,0.28749,0,334.9,playing,2
41.0229,-17.1784,0,0.28358,0,339.45,playing,2
41.0394,-60.6921,1,0.24205,0,344.32,playing,2
41.0556,-30.4165,0,0.24205,0,338.37,playing,2
41.0718,-30.4165,0,0.20347,0,332.69,playing,2
41.0889,20.7315,0,0.18077,0,326.97,playing,2
41.1059,20.7315,0,0.18077,0,321.58,playing,2
41.123,20.7315,0,0.24353,1,316.5,playing,2
41.1401,31.5341,0,0.24353,0,311.74,playing,2
41.1572,31.5341,0,0.21302,0,307.3,playing,2
41.1733,31.5341,0,0.21302,0,303.17,playing,2
41.1895,28.7848,0,0.21302,0,299.57,playing,2
41.2053,28.7848,0,0.21302,0,296.26,playing,2
41.2211,24.5341,0,0.25426,0,293.22,playing,2
41.2384,24.5341,0,0.25426,0,290.46,playing,2
41.2543,24.5341,0,0.27119,0,287.86,playing,2
41.2704,24.5341,0,0.27119,0,285.68,playing,2
41.287,24.5341,0,0.28326,0,283.79,playing,2
41.3036,24.5341,0,0.28326,0,282.09,playing,2
41.32,24.5341,0,0.28326,0,280.78,playing,2
41.3369,24.5341,0,0.29509,0,279.71,playing,2
41.3539,24.5341,0,0.29509,0,278.95,playing,2
41.3702,24.5341,0,0.26286,0,278.51,playing,2
41.3885,24.5341,0,0.26286,0,278.38,playing,2
41.4042,3.1998,0,0.28842,0,278.58,playing,2
41.4202,3.1998,0,0.28842,0,279.05,playing,2
41.4368,3.1998,0,0.28211,0,279.8,playing,2
41.4534,-1.5206,0,0.30825,0,280.91,playing,2
41.4691,-1.5206,0,0.30825,0,282.23,playing,2
41.4853,-1.5206,0,0.30825,0,283.84,playing,2
41.5012,-4.4414,0,0.31371,0,285.74,playing,2
41.5192,-4.4414,0,0.31371,0,287.91,playing,2
41.5358,-6.3735,0,0.30461,0,290.71,playing,2
41.5517,-6.3735,0,0.30387,0,293.48,playing,2
41.5687,-6.3735,0,0.30387,0,296.74,playing,2
41.586,-8.3936,0,0.30387,0,300.32,playing,2
41.6029,-8.3936,0,0.30387,0,304.22,playing,2
41.6199,-8.3936,0,0.30342,0,308.44,playing,2
41.6368,-32.2871,1,0.30342,0,312.97,playing,2
41.6519,-32.2871,0,0.30342,0,307.01,playing,2
41.669,-32.2871,0,0.30064,0,301.34,playing,2
41.6852,-63.3809,0,0.30064,0,295.62,playing,2
41.7016,-63.3809,0,0.30064,0,290.53,playing,2
41.7179,-36.8208,0,0.24677,0,285.71,playing,2
41.7347,-36.8208,0,0.24677,0,280.91,playing,2
41.7506,-36.8208,0,0.2235,0,276.68,playing,2
41.7664,13.5764,0,0.2235,0,272.73,playing,2
41.7827,13.5764,0,0.23727,0,269.06,playing,2
41.7985,13.5764,0,0.2551,0,265.67,playing,2
41.8147,41.6607,0,0.2551,0,262.56,playing,2
41.8306,41.6607,0,0.23772,0,259.74,playing,2
41.8463,41.6607,0,0.23772,0,257.19,playing,2
41.8631,41.6607,0,0.28071,0,254.93,playing,2
41.88,41.6607,0,0.28071,0,252.84,playing,2
41.8969,41.6607,0,0.24631,0,251.08,playing,2
41.9138,41.6607,0,0.24631,0,249.63,playing,2
41.9311,41.6607,0,0.2842,0,248.49,playing,2
41.948,17.1086,0,0.2842,0,247.68,playing,2
41.9643,17.1086,0,0.28033,0,247.18,playing,2
41.9809,17.1086,0,0.30105,0,247.0,playing,2
41.998,11.7408,0,0.30105,0,247.12,playing,2
42.0146,11.7408,0,0.30105,0,247.56,playing,2
42.0307,6.8221,0,0.29481,0,248.25,playing,2
42.0466,6.8221,0,0.29481,0,249.23,playing,2
42.0622,6.8221,0,0.27455,0,250.49,playing,2
42.079,0.275,0,0.27455,0,252.02,playing,2
42.0961,0.275,0,0.2755,0,253.98,playing,2
42.1129,0.275,0,0.2755,0,256.25,playing,2
42.1302,0.275,0,0.27655,0,258.84,playing,2
42.1469,0.275,0,0.27655,0,261.74,playing,2
42.1638,0.275,0,0.30109,0,264.97,playing,2
42.1809,-4.7809,0,0.30109,0,268.51,playing,2
42.1977,-4.7809,0,0.28002,0,272.37,playing,3
42.2134,-5.4335,0,0.28002,0,276.29,playing,3
42.229,-5.4335,0,0.30923,0,280.49,playing,3
42.2453,-5.4335,0,0.30923,0,284.96,playing,3
42.2611,-5.4335,0,0.32276,0,289.72,playing,3
42.278,-5.4335,0,0.32276,0,294.77,playing,3
42.2949,-5.4335,0,0.28349,0,300.44,playing,3
42.3113,-51.0479,1,0.28349,0,306.43,playing,3
42.3276,-51.0479,0,0.34559,0,300.47,playing,3
42.3446,-69.7335,0,0.34559,0,294.46,playing,3
42.3623,-69.7335,0,0.34559,0,288.77,playing,3
42.3785,-69.7335,0,0.24993,0,283.39,playing,3
42.3947,-50.3202,0,0.24993,0,278.61,playing,3
42.4113,-50.3202,0,0.23327,0,274.11,playing,3
42.4277,-50.3202,0,0.23327,0,269.65,playing,3
42.4435,0.1061,0,0.24554,0,265.73,playing,3
42.46,0.1061,0,0.24554,0,262.1,playing,3
42.4772,0.1061,0,0.2642,0,258.55,playing,3
42.4939,33.7722,0,0.2642,0,255.33,playing,3
42.5103,33.7722,0,0.25885,0,252.42,playing,3
42.5271,27.7362,0,0.27239,0,249.96,playing,3
42.5435,27.7362,0,0.27239,0,247.67,playing,3
42.5595,27.7362,0,0.28821,0,245.8,playing,3
42.5752,21.2463,0,0.28821,0,244.2,playing,3
42.5923,21.2463,0,0.28821,0,242.89,playing,3
42.6086,21.2463,0,0.28464,0,241.82,playing,3
42.6242,9.1338,0,0.29044,0,241.08,playing,3
42.6403,9.1338,0,0.29044,0,240.63,playing,3
42.6565,9.1338,0,0.295,0,240.47,playing,3
42.6731,5.5428,0,0.295,0,240.58,playing,3
42.6902,5.5428,0,0.31376,0,241.02,playing,3
42.7071,5.5428,0,0.31376,0,241.77,playing,3
42.7239,5.5428,0,0.31376,0,242.85,playing,3
42.7408,5.5428,0,0.31977,0,244.24,playing,3
42.7579,-0.1484,0,0.31977,0,245.95,playing,3
42.7747,-0.1484,0,0.31977,0,247.98,playing,3
42.7911,-0.1484,0,0.32,0,250.17,playing,3
42.808,0.0343,0,0.32,0,252.82,playing,3
42.8249,0.0343,0,0.31215,0,255.78,playing,3
42.8417,-4.1805,0,0.31215,0,259.06,playing,3
42.8585,-4.1805,0,0.29454,0,262.43,playing,3
42.8743,-4.1805,0,0.29454,0,266.08,playing,3
42.8906,-4.7655,0,0.31166,0,270.28,playing,3
42.9061,-4.7655,0,0.31166,0,274.51,playing,3
42.9224,-4.7655,0,0.31166,0,279.02,playing,3
42.9396,-45.3563,1,0.31472,0,283.82,playing,3
42.955,-45.3563,0,0.31472,0,277.86,playing,3
42.9714,-45.3563,0,0.30003,0,271.85,playing,3
42.9875,-64.3308,0,0.30003,0,266.47,playing,3
43.0039,-64.3308,0,0.30003,0,261.37,playing,3
43.0205,-64.3308,0,0.29983,0,256.28,playing,3
43.0366,-64.3308,0,0.29983,0,251.76,playing,3
43.0523,-64.3308,0,0.25664,0,247.53,playing,3
43.0687,27.5214,0,0.25664,0,243.58,playing,3
43.0849,27.5214,0,0.2106,0,239.91,playing,3
43.1022,27.5214,0,0.2106,0,236.32,playing,3
43.1184,26.9113,0,0.2106,0,233.06,playing,3
43.1353,26.9113,0,0.22543,1,230.27,playing,3
43.1518,26.9113,0,0.22543,0,227.62,playing,3
43.1674,18.9285,0,0.25599,0,225.41,playing,3
43.1837,18.9285,0,0.25599,0,223.49,playing,3
43.1996,15.0288,0,0.25599,0,221.84,playing,3
43.216,15.0288,0,0.24261,0,220.41,playing,3
43.2328,15.0288,0,0.24261,0,219.34,playing,3
43.2483,7.3187,0,0.29724,0,218.56,playing,3
43.2645,7.3187,0,0.29724,0,218.06,playing,3
43.2807,7.3187,0,0.29724,0,217.83,playing,3
43.2971,4.1349,0,0.26371,0,217.9,playing,3
43.3134,4.1349,0,0.26371,0,218.28,playing,3
43.3299,4.1349,0,0.29509,0,218.92,playing,3
43.3462,1.2723,0,0.29509,0,219.92,playing,3
43.3628,1.2723,0,0.31956,0,221.14,playing,3
43.3803,-1.1483,0,0.31956,0,222.76,playing,3
43.3967,-2.8129,0,0.31956,0,224.69,playing,3
43.4139,-2.8129,0,0.30026,0,226.95,playing,3
43.4296,-3.4779,0,0.30026,0,229.35,playing,3
43.4453,-3.4779,0,0.30026,0,232.03,playing,3
43.4618,-3.4779,0,0.27055,0,234.99,playing,3
43.4787,-4.2976,0,0.27055,0,238.46,playing,3
43.4945,-4.2976,0,0.29316,0,242.01,playing,3
43.5107,-4.2976,0,0.29316,0,245.84,playing,3
43.5271,-4.3068,0,0.30742,0,249.94,playing,3
43.5429,-4.3068,0,0.30742,0,254.33,playing,3
43.561,-3.8087,0,0.30722,0,259.32,playing,3
43.5776,-3.8087,0,0.30722,0,264.62,playing,3
43.5939,-3.8087,0,0.30722,0,270.24,playing,3
43.6106,-3.0125,0,0.30376,0,276.17,playing,3
43.627,-3.0125,0,0.30376,0,282.04,playing,3
