time_s,eeg_amplitude_uv,eeg_blink,eeg_railed,cv_ear,cv_blink,bird_y,game_state,score
0.0056,0.0,0,0,1.0,0,285.0,waiting,0
0.0233,0.0,0,0,1.0,0,294.82,waiting,0
0.0399,0.0,0,0,1.0,0,294.36,waiting,0
0.0561,0.0,0,0,1.0,0,293.95,waiting,0
0.072,0.0,0,0,1.0,0,293.51,waiting,0
0.0882,0.0,0,0,1.0,0,293.07,waiting,0
0.1042,0.0,0,0,1.0,0,292.56,waiting,0
0.1203,0.0,0,0,1.0,0,292.05,waiting,0
0.1368,0.0,0,0,1.0,0,291.52,waiting,0
0.1524,0.0,0,0,1.0,0,290.98,waiting,0
0.1691,0.0,0,0,1.0,0,290.41,waiting,0
0.1855,0.0,0,0,1.0,0,289.8,waiting,0
0.2021,0.0,0,0,1.0,0,289.21,waiting,0
0.2178,0.0,0,0,1.0,0,288.56,waiting,0
0.2339,0.0,0,0,1.0,0,287.99,waiting,0
0.2507,0.0,0,0,1.0,0,287.36,waiting,0
0.2672,0.0,0,0,1.0,0,286.69,waiting,0
0.2839,0.0,0,0,1.0,0,286.02,waiting,0
0.3006,0.0,0,0,1.0,0,285.38,waiting,0
0.3167,0.0,0,0,1.0,0,284.7,waiting,0
0.3333,0.0,0,0,1.0,0,284.06,waiting,0
0.3497,0.0,0,0,1.0,0,283.38,waiting,0
0.3654,0.0,0,0,1.0,0,282.75,waiting,0
0.3821,0.0,0,0,1.0,0,282.13,waiting,0
0.3977,0.0,0,0,1.0,0,281.51,waiting,0
0.4139,0.0,0,0,1.0,0,280.9,waiting,0
0.4306,0.0,0,0,1.0,0,280.31,waiting,0
0.4467,0.0,0,0,1.0,0,279.69,waiting,0
0.4633,0.0,0,0,1.0,0,279.12,waiting,0
0.4801,0.0,0,0,1.0,0,278.54,waiting,0
0.4957,0.0,0,0,1.0,0,277.98,waiting,0
0.5124,0.0,0,0,1.0,0,277.5,waiting,0
0.5286,0.0,0,0,1.0,0,276.98,waiting,0
0.5446,0.0,0,0,1.0,0,276.52,waiting,0
0.5612,0.0,0,0,1.0,0,276.08,waiting,0
0.5768,0.0,0,0,1.0,0,275.64,waiting,0
0.5929,0.0,0,0,1.0,0,275.27,waiting,0
0.609,0.0,0,0,1.0,0,274.91,waiting,0
0.6246,0.0,0,0,1.0,0,274.58,waiting,0
0.6412,0.0,0,0,1.0,0,274.28,waiting,0
0.6568,0.0,0,0,1.0,0,273.99,waiting,0
0.6724,0.0,0,0,1.0,0,273.76,waiting,0
0.6896,0.0,0,0,1.0,0,273.56,waiting,0
0.7057,0.0,0,0,1.0,0,273.37,waiting,0
0.7223,0.0,0,0,1.0,0,273.23,waiting,0
0.7395,0.0,0,0,1.0,0,273.12,waiting,0
0.7556,0.0,0,0,1.0,0,273.04,waiting,0
0.7727,0.0,0,0,1.0,0,273.01,waiting,0
0.7893,0.0,0,0,1.0,0,273.0,waiting,0
0.806,0.0,0,0,1.0,0,273.04,waiting,0
0.8216,0.0,0,0,1.0,0,273.11,waiting,0
0.8377,0.0,0,0,1.0,0,273.22,waiting,0
0.8538,0.0,0,0,1.0,0,273.36,waiting,0
0.8702,0.0,0,0,1.0,0,273.53,waiting,0
0.8869,0.0,0,0,1.0,0,273.75,waiting,0
0.9026,0.0,0,0,1.0,0,273.98,waiting,0
0.9193,0.0,0,0,1.0,0,274.25,waiting,0
0.9359,0.0,0,0,1.0,0,274.57,waiting,0
0.9526,0.0,0,0,1.0,0,274.9,waiting,0
0.9687,0.0,0,0,1.0,0,275.29,waiting,0
0.9853,0.0,0,0,1.0,0,275.68,waiting,0
1.002,0.0,0,0,1.0,0,276.12,waiting,0
1.019,0.0,0,0,1.0,0,276.59,waiting,0
1.0346,0.0,0,0,1.0,0,277.06,waiting,0
1.0507,0.0,0,0,1.0,0,277.55,waiting,0
1.0673,0.0,0,0,1.0,0,278.06,waiting,0
1.0841,0.0,0,0,1.0,0,278.63,waiting,0
1.101,0.0,0,0,1.0,0,279.21,waiting,0
1.1171,0.0,0,0,1.0,0,279.78,waiting,0
1.1333,0.0,0,0,1.0,0,280.4,waiting,0
1.1496,0.0,0,0,1.0,0,281.0,waiting,0
1.1662,0.0,0,0,1.0,0,281.61,waiting,0
1.1829,0.0,0,0,1.0,0,282.27,waiting,0
1.1987,0.0,0,0,1.0,0,282.89,waiting,0
1.2153,0.0,0,0,1.0,0,283.53,waiting,0
1.2319,0.0,0,0,1.0,0,284.2,waiting,0
1.2481,0.0,0,0,1.0,0,284.84,waiting,0
1.2642,0.0,0,0,1.0,0,285.52,waiting,0
1.2798,0.0,0,0,1.0,0,286.16,waiting,0
1.2956,0.0,0,0,1.0,0,286.76,waiting,0
1.3115,0.0,0,0,1.0,0,287.39,waiting,0
1.3283,0.0,0,0,1.0,0,288.01,waiting,0
1.345,0.0,0,0,1.0,0,288.66,waiting,0
1.3607,0.0,0,0,,0,289.27,waiting,0
1.3765,0.0,0,0,,0,289.86,waiting,0
1.3926,0.0,0,0,,0,290.44,waiting,0
1.4089,0.0,0,0,,0,291.0,waiting,0
1.4252,0.0,0,0,,0,291.58,waiting,0
1.4408,0.0,0,0,,0,292.1,waiting,0
1.4571,0.0,0,0,,0,292.58,waiting,0
1.4727,0.0,0,0,,0,293.09,waiting,0
1.4891,0.0,0,0,,0,293.53,waiting,0
1.505,0.0,0,0,,0,293.99,waiting,0
1.5209,0.0,0,0,,0,294.38,waiting,0
1.5366,0.0,0,0,,0,294.76,waiting,0
1.5532,0.0,0,0,,0,295.12,waiting,0
1.569,0.0,0,0,,0,295.47,waiting,0
1.5846,0.0,0,0,,0,295.75,waiting,0
1.6013,0.0,0,0,,0,296.02,waiting,0
1.6183,0.0,0,0,,0,296.27,waiting,0
1.6346,0.0,0,0,,0,296.49,waiting,0
1.6506,0.0,0,0,,0,296.65,waiting,0
1.6674,0.0,0,0,,0,296.79,waiting,0
1.684,0.0,0,0,,0,296.9,waiting,0
1.6996,0.0,0,0,,0,296.96,waiting,0
1.7163,0.0,0,0,,0,297.0,waiting,0
1.733,0.0,0,0,,0,296.99,waiting,0
1.7491,0.0,0,0,,0,296.96,waiting,0
1.7678,0.0,0,0,,0,296.88,waiting,0
1.7839,0.0,0,0,0.27171,0,296.75,waiting,0
1.8006,0.0,0,0,0.27171,0,296.61,waiting,0
1.8167,0.0,0,0,0.27171,0,296.42,waiting,0
1.8333,0.0,0,0,0.27171,0,296.2,waiting,0
1.8504,0.0,0,0,,0,295.94,waiting,0
1.8667,0.0,0,0,,0,295.65,waiting,0
1.8833,0.0,0,0,,0,295.34,waiting,0
1.8996,0.0,0,0,,0,294.97,waiting,0
1.9157,0.0,0,0,0.28566,0,294.6,waiting,0
1.9322,0.0,0,0,0.28566,0,294.21,waiting,0
1.9494,0.0,0,0,0.28566,0,293.76,waiting,0
1.9661,0.0,0,0,0.27241,0,293.28,waiting,0
1.9821,0.0,0,0,0.27241,0,292.8,waiting,0
1.9982,0.0,0,0,0.27241,0,292.27,waiting,0
2.0151,0.0,0,0,0.27241,0,291.76,waiting,0
2.0312,0.0,0,0,0.25372,0,291.22,waiting,0
2.0474,0.0,0,0,0.25372,0,290.63,waiting,0
2.0637,0.0,0,0,0.25372,0,290.05,waiting,0
2.0801,0.0,0,0,0.25372,0,289.47,waiting,0
2.0969,0.0,0,0,0.31461,0,288.83,waiting,0
2.1136,0.0,0,0,0.31461,0,288.22,waiting,0
2.13,0.0,0,0,0.31461,0,287.56,waiting,0
2.1472,0.0,0,0,0.31461,0,286.89,waiting,0
2.1639,0.0,0,0,0.27891,0,286.21,waiting,0
2.1803,0.0,0,0,0.27891,0,285.54,waiting,0
2.1967,0.0,0,0,0.27891,0,284.9,waiting,0
2.2135,0.0,0,0,0.27891,0,284.22,waiting,0
2.2301,0.0,0,0,0.27891,0,283.58,waiting,0
2.2469,0.0,0,0,0.27891,0,282.91,waiting,0
2.2631,0.0,0,0,0.26471,0,282.24,waiting,0
2.2792,0.0,0,0,0.26471,0,281.62,waiting,0
2.2949,0.0,0,0,0.26471,0,281.01,waiting,0
2.3123,0.0,0,0,0.26471,0,280.42,waiting,0
2.3296,0.0,0,0,0.26471,0,279.79,waiting,0
2.3471,0.0,0,0,0.28676,0,279.19,waiting,0
2.3633,0.0,0,0,0.28676,0,278.61,waiting,0
2.3806,0.0,0,0,0.28676,0,278.04,waiting,0
2.3965,0.0,0,0,0.28676,0,277.5,waiting,0
2.4147,0.0,0,0,0.28676,0,277.01,waiting,0
2.4305,0.0,0,0,0.28744,0,276.49,waiting,0
2.4471,0.0,0,0,0.28744,0,276.05,waiting,0
2.4631,0.0,0,0,0.28744,0,275.61,waiting,0
2.4792,0.0,0,0,0.28744,0,275.22,waiting,0
2.4965,0.0,0,0,0.27283,0,274.87,waiting,0
2.5127,0.0,0,0,0.27283,0,274.52,waiting,0
2.5294,0.0,0,0,0.27283,0,274.22,waiting,0
2.5474,0.0,0,0,0.27283,0,273.94,waiting,0
2.5659,0.0,0,0,0.28339,0,273.67,waiting,0
2.582,0.0,0,0,0.28339,0,273.46,waiting,0
2.5981,0.0,0,0,0.28339,0,273.29,waiting,0
2.6144,0.0,0,0,0.28339,0,273.17,waiting,0
2.6309,0.0,0,0,0.28339,0,273.08,waiting,0
2.6471,0.0,0,0,0.33429,0,273.02,waiting,0
2.6627,0.0,0,0,0.33429,0,273.0,waiting,0
2.6785,0.0,0,0,0.33429,0,273.01,waiting,0
2.6948,0.0,0,0,0.33429,0,273.06,waiting,0
2.7113,0.0,0,0,0.28066,0,273.14,waiting,0
2.7281,0.0,0,0,0.28066,0,273.26,waiting,0
2.7438,0.0,0,0,0.28066,0,273.42,waiting,0
2.7596,0.0,0,0,0.28066,0,273.6,waiting,0
2.7764,0.0,0,0,0.26418,0,273.8,waiting,0
2.7931,0.0,0,0,0.26418,0,274.07,waiting,0
2.8092,0.0,0,0,0.26418,0,274.36,waiting,0
2.826,0.0,0,0,0.26418,0,274.67,waiting,0
2.8421,0.0,0,0,,0,275.04,waiting,0
2.8592,0.0,0,0,,0,275.41,waiting,0
2.8764,0.0,0,0,,0,275.83,waiting,0
2.8931,0.0,0,0,,0,276.28,waiting,0
2.9088,0.0,0,0,,0,276.77,waiting,0
2.9251,0.0,0,0,,0,277.21,waiting,0
2.9412,0.0,0,0,,0,277.71,waiting,0
2.9575,0.0,0,0,,0,278.26,waiting,0
2.9746,0.0,0,0,,0,278.8,waiting,0
2.9907,0.0,0,0,,0,279.39,waiting,0
3.0076,0.0,0,0,,0,279.97,waiting,0
3.0245,0.0,0,0,,0,280.59,waiting,0
3.0404,0.0,0,0,,0,281.23,waiting,0
3.0563,0.0,0,0,,0,281.84,waiting,0
3.0733,0.0,0,0,,0,282.46,waiting,0
3.0906,0.0,0,0,,0,283.13,waiting,0
3.1076,0.0,0,0,,0,283.81,waiting,0
3.1241,0.0,0,0,,0,284.49,waiting,0
3.1428,0.0,0,0,,0,285.17,waiting,0
3.1603,0.0,0,0,0.24291,0,285.92,waiting,0
3.1767,0.0,0,0,0.24291,0,286.6,waiting,0
3.1933,0.0,0,0,0.24291,0,287.23,waiting,0
3.2101,0.0,0,0,0.24291,0,287.9,waiting,0
3.2262,0.0,0,0,0.24291,0,288.51,waiting,0
3.243,0.0,0,0,0.19586,0,289.16,waiting,0
3.2588,0.0,0,0,0.19586,0,289.75,waiting,0
3.2751,0.0,0,0,0.19586,0,290.37,waiting,0
3.2917,0.0,0,0,0.19586,0,290.9,waiting,0
3.3079,0.0,0,0,0.29732,1,291.48,waiting,0
3.3237,0.0,0,0,0.29732,0,292.01,waiting,0
3.3402,0.0,0,0,0.29732,0,292.52,waiting,0
3.3574,0.0,0,0,0.29732,0,293.04,waiting,0
3.3737,0.0,0,0,0.29732,0,293.53,waiting,0
3.3903,0.0,0,0,0.25391,0,293.97,waiting,0
3.4076,0.0,0,0,0.25391,0,294.4,waiting,0
3.4237,0.0,0,0,0.25391,0,294.81,waiting,0
3.4404,0.0,0,0,0.25391,0,295.16,waiting,0
3.4573,0.0,0,0,0.25714,0,295.51,waiting,0
3.4743,0.0,0,0,0.25714,0,295.82,waiting,0
3.4906,0.0,0,0,0.25714,0,296.1,waiting,0
3.508,0.0,0,0,0.25714,0,296.32,waiting,0
3.5238,0.0,0,0,0.20917,0,296.53,waiting,0
3.5403,0.0,0,0,0.20917,0,296.69,waiting,0
3.5575,0.0,0,0,0.20917,0,296.83,waiting,0
3.5742,0.0,0,0,0.24341,1,296.92,waiting,0
3.5898,0.0,0,0,0.24341,0,296.98,waiting,0
3.6062,0.0,0,0,0.24341,0,297.0,waiting,0
3.6228,0.0,0,0,0.24341,0,296.99,waiting,0
3.639,0.0,0,0,0.2503,0,296.94,waiting,0
3.6553,0.0,0,0,0.2503,0,296.85,waiting,0
3.6721,0.0,0,0,0.2503,0,296.73,waiting,0
3.6882,0.0,0,0,0.2503,0,296.57,waiting,0
3.7043,0.0,0,0,0.26977,0,296.38,waiting,0
3.7211,0.0,0,0,0.26977,0,296.16,waiting,0
3.7367,0.0,0,0,0.26977,0,295.89,waiting,0
3.7529,0.0,0,0,0.26977,0,295.63,waiting,0
3.7692,0.0,0,0,0.26977,0,295.32,waiting,0
3.7855,0.0,0,0,0.24989,0,294.95,waiting,0
3.8022,0.0,0,0,0.24989,0,294.58,waiting,0
3.8187,0.0,0,0,0.24989,0,294.16,waiting,0
3.8348,0.0,0,0,0.26066,0,293.73,waiting,0
3.851,0.0,0,0,0.26066,0,293.25,waiting,0
3.8671,0.0,0,0,0.26066,0,292.8,waiting,0
3.8837,0.0,0,0,0.26066,0,292.27,waiting,0
3.9001,0.0,0,0,0.24305,0,291.75,waiting,0
3.9169,0.0,0,0,0.24305,0,291.18,waiting,0
3.9329,0.0,0,0,0.24305,0,290.62,waiting,0
3.9487,0.0,0,0,0.2643,0,290.05,waiting,0
3.9652,0.0,0,0,0.2643,0,289.46,waiting,0
3.9821,0.0,0,0,0.2643,0,288.83,waiting,0
3.9992,0.0,0,0,0.2643,0,288.18,waiting,0
4.0149,0.0,0,0,0.21147,0,287.51,waiting,0
4.0305,0.0,0,0,0.21147,0,286.93,waiting,0
4.0467,0.0,0,0,0.21147,0,286.29,waiting,0
4.0629,0.0,0,0,,0,285.65,waiting,0
4.0798,0.0,0,0,,0,285.01,waiting,0
4.0957,0.0,0,0,,0,284.33,waiting,0
4.1119,0.0,0,0,,0,283.7,waiting,0
4.1291,0.0,0,0,,1,283.06,waiting,0
4.1463,0.0,0,0,0.27953,0,282.36,waiting,0
4.1626,0.0,0,0,0.27953,0,281.7,waiting,0
4.1785,0.0,0,0,0.27953,0,281.09,waiting,0
4.1951,0.0,0,0,0.30586,0,280.49,waiting,0
4.2117,0.0,0,0,0.30586,0,279.87,waiting,0
4.2285,0.0,0,0,0.30586,0,279.29,waiting,0
4.2451,0.0,0,0,0.30586,0,278.71,waiting,0
4.2612,0.0,0,0,0.2583,0,278.14,waiting,0
4.2779,0.0,0,0,0.2583,0,277.62,waiting,0
4.2941,0.0,0,0,0.2583,0,277.13,waiting,0
4.3102,0.0,0,0,0.26872,0,276.66,waiting,0
4.3265,0.0,0,0,0.26872,0,276.18,waiting,0
4.3436,0.0,0,0,0.26872,0,275.76,waiting,0
4.3594,0.0,0,0,0.26872,0,275.34,waiting,0
4.3761,0.0,0,0,,0,274.98,waiting,0
4.3922,0.0,0,0,,0,274.62,waiting,0
4.4084,0.0,0,0,,0,274.31,waiting,0
4.4245,0.0,0,0,0.26511,0,274.04,waiting,0
4.4411,0.0,0,0,0.26511,0,273.79,waiting,0
4.4584,0.0,0,0,0.26511,0,273.57,waiting,0
4.4753,0.0,0,0,,0,273.38,waiting,0
4.4924,0.0,0,0,,0,273.23,waiting,0
4.5092,0.0,0,0,,0,273.12,waiting,0
4.5254,0.0,0,0,,0,273.04,waiting,0
4.542,0.0,0,0,0.27223,0,273.0,waiting,0
4.5575,0.0,0,0,0.27223,0,273.0,waiting,0
4.5735,0.0,0,0,0.27223,0,273.04,waiting,0
4.5896,0.0,0,0,0.24685,0,273.1,waiting,0
4.6057,0.0,0,0,0.24685,0,273.2,waiting,0
4.6226,0.0,0,0,0.24685,0,273.34,waiting,0
4.6395,0.0,0,0,0.24685,0,273.52,waiting,0
4.6561,0.0,0,0,,0,273.73,waiting,0
4.672,0.0,0,0,,0,273.99,waiting,0
4.6881,0.0,0,0,,0,274.24,waiting,0
4.7042,0.0,0,0,,0,274.54,waiting,0
4.7216,0.0,0,0,0.26556,0,274.88,waiting,0
4.7377,0.0,0,0,0.26556,0,275.27,waiting,0
4.7542,0.0,0,0,0.26556,0,275.65,waiting,0
4.7703,0.0,0,0,0.165,0,276.1,waiting,0
4.7872,0.0,0,0,0.165,0,276.54,waiting,0
4.8029,0.0,0,0,0.165,0,277.03,waiting,0
4.8196,0.0,0,0,0.165,0,277.49,waiting,0
4.8362,0.0,0,0,0.24041,1,278.03,waiting,0
4.8519,0.0,0,0,0.24041,0,278.6,waiting,0
4.8682,0.0,0,0,0.24041,0,279.11,waiting,0
4.8854,0.0,0,0,0.24041,0,279.71,waiting,0
4.9025,0.0,0,0,0.28467,0,280.33,waiting,0
4.9196,0.0,0,0,0.28467,0,280.97,waiting,0
4.9362,0.0,0,0,0.28467,0,281.61,waiting,0
4.9525,0.0,0,0,0.28467,0,282.27,waiting,0
4.9695,0.0,0,0,0.28467,0,282.9,waiting,0
4.9861,0.0,0,0,0.28467,0,283.57,waiting,0
5.002,0.0,0,0,0.28467,0,284.25,waiting,0
5.0181,0.0,0,0,0.28467,0,284.85,waiting,0
5.034,0.0,0,0,0.19905,0,285.53,waiting,0
5.0507,0.0,0,0,0.19905,0,286.13,waiting,0
5.0668,0.0,0,0,0.19905,0,286.8,waiting,0
5.0827,0.0,0,0,0.19905,0,287.43,waiting,0
5.0997,0.0,0,0,0.22659,1,288.05,waiting,0
5.1163,0.0,0,0,0.22659,0,288.71,waiting,0
5.133,0.0,0,0,0.22659,0,289.35,waiting,0
5.1485,0.0,0,0,0.22659,0,289.94,waiting,0
5.1646,0.0,0,0,0.21469,0,290.51,waiting,0
5.1805,0.0,0,0,0.21469,0,291.07,waiting,0
5.1971,0.0,0,0,0.21469,0,291.62,waiting,0
5.2134,0.0,0,0,0.21469,0,292.17,waiting,0
5.23,0.0,0,0,0.20997,0,292.67,waiting,0
5.2456,0.0,0,0,0.20997,0,293.18,waiting,0
5.2617,0.0,0,0,0.20997,0,293.61,waiting,0
5.2786,0.0,0,0,0.20997,0,294.05,waiting,0
5.2949,0.0,0,0,0.20997,0,294.48,waiting,0
5.3105,0.0,0,0,0.20997,0,294.86,waiting,0
5.3272,0.0,0,0,0.20997,0,295.21,waiting,0
5.3436,0.0,0,0,0.20997,0,295.55,waiting,0
5.3595,0.0,0,0,,0,295.84,waiting,0
5.3761,0.0,0,0,,0,296.1,waiting,0
5.3918,0.0,0,0,,0,296.34,waiting,0
5.4084,0.0,0,0,,0,296.52,waiting,0
5.4251,0.0,0,0,0.19713,0,296.69,waiting,0
5.4408,0.0,0,0,0.19713,0,296.83,waiting,0
5.4575,0.0,0,0,0.19713,0,296.91,waiting,0
5.4741,0.0,0,0,0.19713,0,296.98,waiting,0
5.4903,0.0,0,0,0.2252,1,297.0,waiting,0
5.5076,0.0,0,0,0.2252,0,296.99,waiting,0
5.5238,0.0,0,0,0.2252,0,296.94,waiting,0
5.5415,0.0,0,0,0.2252,0,296.85,waiting,0
5.5586,0.0,0,0,0.17701,0,296.71,waiting,0
5.5754,0.0,0,0,0.17701,0,296.56,waiting,0
5.592,0.0,0,0,0.17701,0,296.35,waiting,0
5.6086,0.0,0,0,0.16625,0,296.13,waiting,0
5.6248,0.0,0,0,0.16625,0,295.86,waiting,0
5.6409,0.0,0,0,0.16625,0,295.57,waiting,0
5.6576,0.0,0,0,0.16625,0,295.25,waiting,0
5.6744,0.0,0,0,0.22594,0,294.88,waiting,0
5.691,0.0,0,0,0.22594,0,294.48,waiting,0
5.7076,0.0,0,0,0.22594,0,294.08,waiting,0
5.7238,0.0,0,0,0.22594,0,293.62,waiting,0
5.7401,0.0,0,0,0.2021,0,293.16,waiting,0
5.7559,0.0,0,0,0.2021,0,292.65,waiting,0
5.7726,0.0,0,0,0.2021,0,292.18,waiting,0
5.7893,0.0,0,0,0.2021,0,291.62,waiting,0
5.8054,0.0,0,0,0.25798,1,291.04,waiting,0
5.8219,0.0,0,0,0.25798,0,290.48,waiting,0
5.8374,0.0,0,0,0.25798,0,289.9,waiting,0
5.854,0.0,0,0,0.25798,0,289.31,waiting,0
5.8699,0.0,0,0,0.25798,0,288.71,waiting,0
5.8861,0.0,0,0,0.26846,0,288.1,waiting,0
5.9025,0.0,0,0,0.26846,0,287.43,waiting,0
5.9197,0.0,0,0,0.26846,0,286.81,waiting,0
5.9355,0.0,0,0,0.26846,0,286.13,waiting,0
5.9521,0.0,0,0,0.26846,0,285.49,waiting,0
5.9685,0.0,0,0,0.26846,0,284.81,waiting,0
5.9856,0.0,0,0,0.29576,0,284.17,waiting,0
6.0017,0.0,0,0,0.29576,0,283.5,waiting,0
6.0176,0.0,0,0,0.29576,0,282.86,waiting,0
6.0346,0.0,0,0,0.29576,0,282.24,waiting,0
6.0508,0.0,0,0,0.27143,0,281.58,waiting,0
6.0665,0.0,0,0,0.27143,0,280.93,waiting,0
6.0832,0.0,0,0,0.27143,0,280.37,waiting,0
6.0993,0.0,0,0,0.27143,0,279.76,waiting,0
6.1166,0.0,0,0,0.23231,0,279.19,waiting,0
6.1332,0.0,0,0,0.23231,0,278.6,waiting,0
6.1501,0.0,0,0,0.23231,0,278.04,waiting,0
6.1663,0.0,0,0,,0,277.49,waiting,0
6.1828,0.0,0,0,,0,277.01,waiting,0
6.1991,0.0,0,0,,0,276.54,waiting,0
6.2162,0.0,0,0,,0,276.07,waiting,0
6.2326,0.0,0,0,,0,275.63,waiting,0
6.2492,0.0,0,0,,0,275.25,waiting,0
6.2666,0.0,0,0,,0,274.87,waiting,0
6.2826,0.0,0,0,,0,274.52,waiting,0
6.2988,0.0,0,0,,0,274.22,waiting,0
6.3155,0.0,0,0,,0,273.96,waiting,0
6.3326,0.0,0,0,,0,273.71,waiting,0
6.3487,0.0,0,0,0.35349,0,273.5,waiting,0
6.3645,0.0,0,0,0.35349,0,273.33,waiting,0
6.381,0.0,0,0,0.35349,0,273.2,waiting,0
6.3976,0.0,0,0,0.35349,0,273.09,waiting,0
6.4137,0.0,0,0,0.29153,0,273.03,waiting,0
6.43,0.0,0,0,0.29153,0,273.0,waiting,0
6.4462,0.0,0,0,0.29153,0,273.01,waiting,0
6.4624,0.0,0,0,0.29153,0,273.05,waiting,0
6.4791,0.0,0,0,0.29153,0,273.13,waiting,0
6.4948,0.0,0,0,0.33171,0,273.24,waiting,0
6.5112,0.0,0,0,0.33171,0,273.38,waiting,0
6.527,0.0,0,0,0.33171,0,273.57,waiting,0
6.5432,0.0,0,0,0.33171,0,273.78,waiting,0
6.5596,0.0,0,0,0.29213,0,274.02,waiting,0
6.5758,0.0,0,0,0.29213,0,274.29,waiting,0
6.5917,0.0,0,0,0.29213,0,274.6,waiting,0
6.6084,0.0,0,0,0.32009,0,274.93,waiting,0
6.6247,0.0,0,0,0.32009,0,275.31,waiting,0
6.6409,0.0,0,0,0.32009,0,275.71,waiting,0
6.6573,0.0,0,0,0.32009,0,276.12,waiting,0
6.6737,0.0,0,0,0.32009,0,276.6,waiting,0
6.6899,0.0,0,0,0.32009,0,277.06,waiting,0
6.7062,0.0,0,0,0.32009,0,277.56,waiting,0
6.7226,0.0,0,0,0.32009,0,278.1,waiting,0
6.7392,0.0,0,0,0.32009,0,278.63,waiting,0
6.7554,0.0,0,0,0.33355,0,279.22,waiting,0
6.7721,0.0,0,0,0.33355,0,279.79,waiting,0
6.7882,0.0,0,0,0.33355,0,280.41,waiting,0
6.8041,0.0,0,0,0.33355,0,281.01,waiting,0
6.8202,0.0,0,0,0.32782,0,281.62,waiting,0
6.8377,0.0,0,0,0.32782,0,282.23,waiting,0
6.8538,0.0,0,0,0.32782,0,282.9,waiting,0
6.87,0.0,0,0,0.32782,0,283.53,waiting,0
6.8859,0.0,0,0,0.29671,0,284.21,waiting,0
6.9017,0.0,0,0,0.29671,0,284.81,waiting,0
6.9179,0.0,0,0,0.29671,0,285.45,waiting,0
6.9337,0.0,0,0,0.29671,0,286.09,waiting,0
6.9499,0.0,0,0,0.33556,0,286.72,waiting,0
6.9663,0.0,0,0,0.33556,0,287.39,waiting,0
6.9823,0.0,0,0,0.33556,0,288.02,waiting,0
6.999,0.0,0,0,0.33556,0,288.63,waiting,0
7.0152,0.0,0,0,0.33556,0,289.27,waiting,0
7.0319,0.0,0,0,0.28764,0,289.86,waiting,0
7.0481,0.0,0,0,0.28764,0,290.44,waiting,0
7.064,0.0,0,0,0.28764,0,291.04,waiting,0
7.0795,0.0,0,0,0.28764,0,291.55,waiting,0
7.0962,0.0,0,0,0.30765,0,292.08,waiting,0
7.1118,0.0,0,0,0.30765,0,292.61,waiting,0
7.1287,0.0,0,0,0.30765,0,293.07,waiting,0
7.1454,0.0,0,0,0.30765,0,293.56,waiting,0
7.1628,0.0,0,0,0.30765,0,294.02,waiting,0
7.1801,0.0,0,0,0.33124,0,294.48,waiting,0
7.1957,0.0,0,0,0.33124,0,294.88,waiting,0
7.2126,0.0,0,0,0.33124,0,295.21,waiting,0
7.2291,0.0,0,0,0.24696,0,295.55,waiting,0
7.2454,0.0,0,0,0.24696,0,295.86,waiting,0
7.2617,0.0,0,0,0.24696,0,296.11,waiting,0
7.2777,0.0,0,0,0.24696,0,296.34,waiting,0
7.2939,0.0,0,0,0.27191,0,296.53,waiting,0
7.3101,0.0,0,0,0.27191,0,296.69,waiting,0
7.3264,0.0,0,0,0.27191,0,296.82,waiting,0
7.3434,0.0,0,0,0.2745,0,296.92,waiting,0
7.3604,0.0,0,0,0.2745,0,296.98,waiting,0
7.3773,0.0,0,0,0.2745,0,297.0,waiting,0
7.3944,0.0,0,0,0.2745,0,296.98,waiting,0
7.4112,0.0,0,0,0.24373,0,296.93,waiting,0
7.4274,0.0,0,0,0.24373,0,296.83,waiting,0
7.4445,0.0,0,0,0.24373,0,296.71,waiting,0
7.4612,0.0,0,0,0.24373,0,296.54,waiting,0
7.4782,0.0,0,0,0.25709,0,296.34,waiting,0
7.4946,0.0,0,0,0.25709,0,296.1,waiting,0
7.5106,0.0,0,0,0.25709,0,295.84,waiting,0
7.5277,0.0,0,0,0.25709,0,295.55,waiting,0
7.545,0.0,0,0,0.23351,0,295.19,waiting,0
7.5614,0.0,0,0,0.23351,0,294.81,waiting,0
7.578,0.0,0,0,0.23351,0,294.43,waiting,0
7.5938,0.0,0,0,0.31351,0,294.02,waiting,0
7.6101,0.0,0,0,0.31351,0,293.59,waiting,0
7.6261,0.0,0,0,0.31351,0,293.1,waiting,0
7.6419,0.0,0,0,0.31351,0,292.65,waiting,0
7.6581,0.0,0,0,0.32508,0,292.14,waiting,0
7.6738,0.0,0,0,0.32508,0,291.58,waiting,0
7.6897,0.0,0,0,0.32508,0,291.08,waiting,0
7.7063,0.0,0,0,0.32508,0,290.51,waiting,0
7.7227,0.0,0,0,0.27318,0,289.87,waiting,0
7.7397,0.0,0,0,0.27318,0,289.31,waiting,0
7.7558,0.0,0,0,0.27318,0,288.67,waiting,0
7.7724,0.0,0,0,0.31634,0,288.06,waiting,0
7.7894,0.0,0,0,0.31634,0,287.39,waiting,0
7.8058,0.0,0,0,0.31634,0,286.72,waiting,0
7.8222,0.0,0,0,0.32926,0,286.09,waiting,0
7.8393,0.0,0,0,0.32926,0,285.41,waiting,0
7.8567,0.0,0,0,0.32926,0,284.73,waiting,0
7.8733,0.0,0,0,0.32926,0,284.05,waiting,0
7.89,0.0,0,0,0.31674,0,283.38,waiting,0
7.9066,0.0,0,0,0.31674,0,282.74,waiting,0
7.9228,0.0,0,0,0.31674,0,282.08,waiting,0
7.9389,0.0,0,0,0.31674,0,281.46,waiting,0
7.9552,0.0,0,0,0.33356,0,280.86,waiting,0
7.9708,0.0,0,0,0.33356,0,280.23,waiting,0
7.9872,0.0,0,0,0.33356,0,279.68,waiting,0
8.0044,0.0,0,0,0.32467,0,279.08,waiting,0
8.0207,0.0,0,0,0.32467,0,278.5,waiting,0
8.0371,0.0,0,0,0.32467,0,277.97,waiting,0
8.0527,0.0,0,0,0.32467,0,277.43,waiting,0
8.0692,0.0,0,0,0.32499,0,276.98,waiting,0
8.0846,0.0,0,0,0.32499,0,276.48,waiting,0
8.1007,0.0,0,0,0.32499,0,276.07,waiting,0
8.1171,0.0,0,0,0.32499,0,275.66,waiting,0
8.1357,0.0,0,0,0.32499,0,275.24,waiting,0
8.1534,0.0,0,0,0.3318,0,274.84,waiting,0
8.1692,0.0,0,0,0.3318,0,274.48,waiting,0
8.186,0.0,0,0,0.3318,0,274.19,waiting,0
8.2031,0.0,0,0,0.3318,0,273.92,waiting,0
8.2201,0.0,0,0,0.34566,0,273.65,waiting,0
8.2362,0.0,0,0,0.34566,0,273.46,waiting,0
8.2529,0.0,0,0,0.34566,0,273.3,waiting,0
8.2687,0.0,0,0,0.33754,0,273.18,waiting,0
8.2845,0.0,0,0,0.33754,0,273.08,waiting,0
8.3004,0.0,0,0,0.33754,0,273.03,waiting,0
8.3176,0.0,0,0,0.33754,0,273.0,waiting,0
8.3352,0.0,0,0,0.29948,0,273.01,waiting,0
8.352,0.0,0,0,0.29948,0,273.07,waiting,0
8.3676,0.0,0,0,0.29948,0,273.15,waiting,0
8.3839,0.0,0,0,0.29012,0,273.27,waiting,0
8.3999,0.0,0,0,0.29012,0,273.42,waiting,0
8.4159,0.0,0,0,0.29012,0,273.6,waiting,0
8.4321,0.0,0,0,0.29012,0,273.82,waiting,0
8.4491,0.0,0,0,0.32911,0,274.08,waiting,0
8.4653,0.0,0,0,0.32911,0,274.38,waiting,0
8.482,0.0,0,0,0.32911,0,274.7,waiting,0
8.4985,0.0,0,0,0.32234,0,275.04,waiting,0
8.5145,0.0,0,0,0.32234,0,275.44,waiting,0
8.5307,0.0,0,0,0.32234,0,275.83,waiting,0
8.5469,0.0,0,0,0.32234,0,276.26,waiting,0
8.5627,0.0,0,0,0.34896,0,276.71,waiting,0
8.5796,0.0,0,0,0.34896,0,277.19,waiting,0
8.5959,0.0,0,0,0.34896,0,277.71,waiting,0
8.6121,0.0,0,0,0.34896,0,278.23,waiting,0
8.6283,0.0,0,0,0.34896,0,278.77,waiting,0
8.6458,0.0,0,0,0.31181,0,279.36,waiting,0
8.6626,0.0,0,0,0.31181,0,280.01,waiting,0
8.6796,0.0,0,0,0.31181,0,280.6,waiting,0
8.6958,0.0,0,0,0.31181,0,281.24,waiting,0
8.7116,0.0,0,0,0.31181,0,281.85,waiting,0
8.7279,0.0,0,0,,0,282.47,waiting,0
8.7441,0.0,0,0,,0,283.1,waiting,0
8.7614,0.0,0,0,,0,283.77,waiting,0
8.7781,0.0,0,0,,0,284.45,waiting,0
8.7968,0.0,0,0,,0,285.13,waiting,0
8.8139,0.0,0,0,0.30679,0,285.89,waiting,0
8.8305,0.0,0,0,0.30679,0,286.53,waiting,0
8.8472,0.0,0,0,0.30679,0,287.2,waiting,0
8.8637,0.0,0,0,0.30679,0,287.86,waiting,0
8.8802,0.0,0,0,0.33233,0,288.48,waiting,0
8.897,0.0,0,0,0.33233,0,289.12,waiting,0
8.9131,0.0,0,0,0.33233,0,289.72,waiting,0
8.9307,0.0,0,0,0.33233,0,290.34,waiting,0
8.9465,0.0,0,0,0.31358,0,290.94,waiting,0
8.9626,0.0,0,0,0.31358,0,291.48,waiting,0
8.9795,0.0,0,0,0.31358,0,292.01,waiting,0
8.9962,0.0,0,0,0.31358,0,292.55,waiting,0
9.0135,0.0,0,0,0.32465,0,293.07,waiting,0
9.0301,0.0,0,0,0.32465,0,293.56,waiting,0
9.0463,0.0,0,0,0.32465,0,294.02,waiting,0
9.0626,0.0,0,0,0.32465,0,294.43,waiting,0
9.0788,0.0,0,0,0.30898,0,294.81,waiting,0
9.0952,0.0,0,0,0.30898,0,295.19,waiting,0
9.1114,0.0,0,0,0.30898,0,295.51,waiting,0
9.1281,0.0,0,0,,0,295.81,waiting,0
9.1453,0.0,0,0,,0,296.08,waiting,0
9.162,0.0,0,0,,0,296.33,waiting,0
9.1775,0.0,0,0,,0,296.52,waiting,0
9.1942,0.0,0,0,,0,296.68,waiting,0
9.2111,0.0,0,0,,0,296.82,waiting,0
9.2277,0.0,0,0,,0,296.92,waiting,0
9.244,0.0,0,0,,0,296.98,waiting,0
9.2607,0.0,0,0,,0,297.0,waiting,0
9.277,0.0,0,0,0.28701,0,296.99,waiting,0
9.2932,0.0,0,0,0.28701,0,296.94,waiting,0
9.3102,0.0,0,0,0.28701,0,296.85,waiting,0
9.326,0.0,0,0,0.28701,0,296.73,waiting,0
9.3416,0.0,0,0,0.27376,0,296.59,waiting,0
9.3584,0.0,0,0,0.27376,0,296.4,waiting,0
9.3751,0.0,0,0,0.27376,0,296.17,waiting,0
9.3912,0.0,0,0,0.27363,0,295.91,waiting,0
9.4069,0.0,0,0,0.27363,0,295.62,waiting,0
9.4224,0.0,0,0,0.27363,0,295.33,waiting,0
9.4387,0.0,0,0,0.27363,0,294.99,waiting,0
9.4549,0.0,0,0,0.28498,0,294.62,waiting,0
9.4713,0.0,0,0,0.28498,0,294.23,waiting,0
9.4881,0.0,0,0,0.28498,0,293.78,waiting,0
9.5052,0.0,0,0,0.29229,0,293.3,waiting,0
9.5226,0.0,0,0,0.29229,0,292.8,waiting,0
9.5389,0.0,0,0,0.29229,0,292.27,waiting,0
9.5546,0.0,0,0,0.29229,0,291.75,waiting,0
9.5707,0.0,0,0,0.26422,0,291.21,waiting,0
9.5866,0.0,0,0,0.26422,0,290.65,waiting,0
9.6027,0.0,0,0,0.26422,0,290.08,waiting,0
9.6206,0.0,0,0,0.26422,0,289.5,waiting,0
9.6387,0.0,0,0,0.28773,0,288.82,waiting,0
9.6551,0.0,0,0,0.28773,0,288.13,waiting,0
9.6725,0.0,0,0,0.28773,0,287.47,waiting,0
9.6895,0.0,0,0,0.28773,0,286.8,waiting,0
9.7055,0.0,0,0,0.28497,0,286.13,waiting,0
9.7216,0.0,0,0,0.28497,0,285.49,waiting,0
9.7377,0.0,0,0,0.28497,0,284.85,waiting,0
9.7542,0.0,0,0,0.28497,0,284.21,waiting,0
9.771,0.0,0,0,0.32744,0,283.53,waiting,0
9.7867,0.0,0,0,0.32744,0,282.9,waiting,0
9.8025,0.0,0,0,0.32744,0,282.27,waiting,0
9.8194,0.0,0,0,0.32204,0,281.65,waiting,0
9.8362,0.0,0,0,0.32204,0,281.01,waiting,0
9.8524,0.0,0,0,0.32204,0,280.37,waiting,0
9.8696,0.0,0,0,0.32204,0,279.79,waiting,0
9.8877,0.0,0,0,0.32204,0,279.18,waiting,0
9.9043,0.0,0,0,0.29986,0,278.57,waiting,0
9.9202,0.0,0,0,0.29986,0,278.0,waiting,0
9.9365,0.0,0,0,0.29986,0,277.49,waiting,0
9.9532,0.0,0,0,0.30001,0,277.0,waiting,0
9.9689,0.0,0,0,0.30001,0,276.51,waiting,0
9.985,0.0,0,0,0.30001,0,276.1,waiting,0
10.0006,0.0,0,0,0.30001,0,275.68,waiting,0
10.0172,0.0,0,0,0.30633,0,275.29,waiting,0
10.0333,0.0,0,0,0.30633,0,274.91,waiting,0
10.0495,0.0,0,0,0.30633,0,274.58,waiting,0
10.0664,0.0,0,0,0.31634,0,274.27,waiting,0
10.0828,0.0,0,0,0.31634,0,273.99,waiting,0
10.0995,0.0,0,0,0.31634,0,273.75,waiting,0
10.1163,0.0,0,0,0.31634,0,273.53,waiting,0
10.1332,0.0,0,0,0.32217,0,273.35,waiting,0
10.1499,0.0,0,0,0.32217,0,273.2,waiting,0
10.1656,0.0,0,0,0.32217,0,273.1,waiting,0
10.183,0.0,0,0,0.32217,0,273.04,waiting,0
10.1995,0.0,0,0,0.2891,0,273.0,waiting,0
10.2161,0.0,0,0,0.2891,0,273.01,waiting,0
10.2324,0.0,0,0,0.2891,0,273.05,waiting,0
10.2492,0.0,0,0,0.2891,0,273.13,waiting,0
10.2654,0.0,0,0,0.2806,0,273.24,waiting,0
10.2816,0.0,0,0,0.2806,0,273.39,waiting,0
10.2987,0.0,0,0,0.2806,0,273.57,waiting,0
10.3161,0.0,0,0,0.2806,0,273.79,waiting,0
10.3315,0.0,0,0,0.30216,0,274.05,waiting,0
10.3477,0.0,0,0,0.30216,0,274.33,waiting,0
10.3643,0.0,0,0,0.30216,0,274.64,waiting,0
10.3813,0.0,0,0,0.30216,0,275.0,waiting,0
10.3985,0.0,0,0,0.28953,0,275.39,waiting,0
10.4151,0.0,0,0,0.28953,0,275.81,waiting,0
10.4314,0.0,0,0,0.28953,0,276.26,waiting,0
10.4481,0.0,0,0,0.28953,0,276.71,waiting,0
10.4643,0.0,0,0,0.27663,0,277.22,waiting,0
10.4809,0.0,0,0,0.27663,0,277.72,waiting,0
10.4971,0.0,0,0,0.27663,0,278.23,waiting,0
10.5128,0.0,0,0,0.27663,0,278.81,waiting,0
10.5306,0.0,0,0,0.27663,0,279.33,waiting,0
10.5472,0.0,0,0,0.32067,0,279.97,waiting,0
10.5629,0.0,0,0,0.32067,0,280.6,waiting,0
10.5792,0.0,0,0,0.32067,0,281.16,waiting,0
10.5961,0.0,0,0,0.32067,0,281.81,waiting,0
10.6118,0.0,0,0,0.32067,0,282.47,waiting,0
10.6281,0.0,0,0,0.28501,0,283.06,waiting,0
10.6438,0.0,0,0,0.28501,0,283.73,waiting,0
10.6601,0.0,0,0,0.28501,0,284.33,waiting,0
10.6766,0.0,0,0,0.28501,0,285.01,waiting,0
10.6932,0.0,0,0,0.27778,0,285.65,waiting,0
10.7099,0.0,0,0,0.27778,0,286.33,waiting,0
10.7261,0.0,0,0,0.27778,0,286.96,waiting,0
10.7422,0.0,0,0,0.28404,0,287.63,waiting,0
10.7587,0.0,0,0,0.28404,0,288.25,waiting,0
10.7755,0.0,0,0,0.28404,0,288.86,waiting,0
10.7926,0.0,0,0,0.28404,0,289.5,waiting,0
10.8088,0.0,0,0,0.23982,0,290.12,waiting,0
10.8252,0.0,0,0,0.23982,0,290.69,waiting,0
10.8413,0.0,0,0,0.23982,0,291.28,waiting,0
10.8586,0.0,0,0,0.23982,0,291.82,waiting,0
10.8749,0.0,0,0,0.28378,0,292.37,waiting,0
10.8907,0.0,0,0,0.28378,0,292.86,waiting,0
10.9069,0.0,0,0,0.28378,0,293.33,waiting,0
10.9227,0.0,0,0,0.28378,0,293.81,waiting,0
10.9395,0.0,0,0,0.28378,0,294.21,waiting,0
10.9585,0.0,0,0,0.29783,0,294.63,waiting,0
10.9767,0.0,0,0,0.29783,0,295.06,waiting,0
10.9933,0.0,0,0,0.29783,0,295.44,waiting,0
11.0099,0.0,0,0,0.29783,0,295.75,waiting,0
11.0262,0.0,0,0,0.29783,0,296.02,waiting,0
11.0435,0.0,0,0,0.27089,0,296.27,waiting,0
11.0601,0.0,0,0,0.27089,0,296.49,waiting,0
11.076,0.0,0,0,0.27089,0,296.67,waiting,0
11.0919,0.0,0,0,0.27089,0,296.79,waiting,0
11.1084,0.0,0,0,0.26351,0,296.89,waiting,0
11.1251,0.0,0,0,0.26351,0,296.96,waiting,0
11.1411,0.0,0,0,0.26351,0,297.0,waiting,0
11.1569,0.0,0,0,0.26351,0,296.99,waiting,0
11.1734,0.0,0,0,0.26351,0,296.96,waiting,0
11.19,0.0,0,0,0.26737,0,296.88,waiting,0
11.2072,0.0,0,0,0.26737,0,296.77,waiting,0
11.223,0.0,0,0,0.26737,0,296.62,waiting,0
11.2384,0.0,0,0,0.26737,0,296.44,waiting,0
11.2552,0.0,0,0,0.30049,0,296.24,waiting,0
11.2731,0.0,0,0,0.30049,0,295.99,waiting,0
11.289,0.0,0,0,0.30049,0,295.68,waiting,0
11.3079,0.0,0,0,0.30049,0,295.39,waiting,0
11.3237,0.0,0,0,0.27027,0,294.99,waiting,0
11.3394,0.0,0,0,0.27027,0,294.62,waiting,0
11.3563,0.0,0,0,0.27027,0,294.23,waiting,0
11.3755,0.0,0,0,0.27027,0,293.78,waiting,0
11.3916,0.0,0,0,0.2668,0,293.24,waiting,0
11.4457,0.0,0,0,0.27464,0,292.77,waiting,0
11.462,0.0,0,0,0.27464,0,291.0,waiting,0
11.4776,0.0,0,0,0.27464,0,290.44,waiting,0
11.53,0.0,0,0,0.27464,0,289.86,waiting,0
11.5482,0.0,0,0,0.3136,0,287.9,waiting,0
11.5647,0.0,0,0,0.3136,0,287.15,waiting,0
11.5806,0.0,0,0,0.3136,0,286.52,waiting,0
11.5975,0.0,0,0,0.3136,0,285.89,waiting,0
11.7643,0.0,0,0,0.29359,0,285.21,waiting,0
11.7814,0.0,0,0,0.29359,0,278.84,waiting,0
11.7978,0.0,0,0,0.29359,0,278.26,waiting,0
11.8193,0.0,0,0,0.29359,0,277.74,waiting,0
11.8357,0.0,0,0,0.29359,0,277.06,waiting,0
11.8527,0.0,0,0,0.29359,0,276.57,waiting,0
11.8687,0.0,0,0,0.22265,0,276.12,waiting,0
11.8844,0.0,0,0,0.22265,0,275.7,waiting,0
11.9017,0.0,0,0,0.22265,0,275.31,waiting,0
11.918,0.0,0,0,0.22265,0,274.93,waiting,0
11.9339,0.0,0,0,0.22989,0,274.59,waiting,0
11.9502,0.0,0,0,0.22989,0,274.29,waiting,0
11.9659,0.0,0,0,0.22989,0,274.0,waiting,0
11.9815,0.0,0,0,0.22989,0,273.77,waiting,0
11.9986,0.0,0,0,0.27088,0,273.56,waiting,0
12.0152,0.0,0,0,0.27088,0,273.38,waiting,0
12.0304,0.0,0,0,0.27088,0,273.23,waiting,0
12.0471,0.0,0,0,0.27088,0,273.13,waiting,0
12.0631,0.0,0,0,0.23365,0,273.05,waiting,0
12.0789,0.0,0,0,0.23365,0,273.01,waiting,0
12.095,0.0,0,0,0.23365,0,273.0,waiting,0
12.1117,0.0,0,0,0.23365,0,273.03,waiting,0
12.1283,0.0,0,0,0.25063,0,273.09,waiting,0
12.1445,0.0,0,0,0.25063,0,273.2,waiting,0
12.1608,0.0,0,0,0.25063,0,273.33,waiting,0
12.1772,0.0,0,0,0.25063,0,273.51,waiting,0
12.1924,0.0,0,0,0.22332,0,273.71,waiting,0
12.2085,0.0,0,0,0.22332,0,273.93,waiting,0
12.2248,0.0,0,0,0.22332,0,274.19,waiting,0
12.2404,0.0,0,0,0.22332,0,274.48,waiting,0
12.2567,0.0,0,0,0.22951,0,274.8,waiting,0
12.2724,0.0,0,0,0.22951,0,275.15,waiting,0
12.2893,0.0,0,0,0.22951,0,275.53,waiting,0
12.306,0.0,0,0,0.22009,0,275.97,waiting,0
12.3221,0.0,0,0,0.22009,0,276.4,waiting,0
12.3382,0.0,0,0,0.22009,0,276.89,waiting,0
12.3534,0.0,0,0,0.22009,0,277.37,waiting,0
12.3706,0.0,0,0,0.22515,0,277.85,waiting,0
12.3867,0.0,0,0,0.22515,0,278.4,waiting,0
12.4028,0.0,0,0,0.22515,0,278.95,waiting,0
12.4187,0.0,0,0,0.22515,0,279.51,waiting,0
12.4349,0.0,0,0,0.23686,0,280.08,waiting,0
12.4513,0.0,0,0,0.23686,0,280.67,waiting,0
12.4675,0.0,0,0,0.23686,0,281.31,waiting,0
12.4848,0.0,0,0,0.23686,0,281.93,waiting,0
12.5017,0.0,0,0,0.2274,0,282.59,waiting,0
12.5178,0.0,0,0,0.2274,0,283.3,waiting,0
12.5335,0.0,0,0,0.2274,0,283.9,waiting,0
12.5504,0.0,0,0,0.2274,0,284.53,waiting,0
12.5675,0.0,0,0,0.2274,0,285.21,waiting,0
12.5834,0.0,0,0,0.2274,0,285.89,waiting,0
12.6024,0.0,0,0,0.26071,0,286.53,waiting,0
12.6192,0.0,0,0,0.26071,0,287.28,waiting,0
12.6348,0.0,0,0,0.26071,0,287.94,waiting,0
12.6504,0.0,0,0,0.26071,0,288.52,waiting,0
12.6672,0.0,0,0,0.25051,0,289.13,waiting,0
12.6842,0.0,0,0,0.25051,0,289.76,waiting,0
12.7005,0.0,0,0,0.25051,0,290.38,waiting,0
12.7172,0.0,0,0,0.25051,0,290.94,waiting,0
12.7347,0.0,0,0,0.26351,0,291.52,waiting,0
12.7507,0.0,0,0,0.26351,0,292.08,waiting,0
12.7676,0.0,0,0,0.26351,0,292.59,waiting,0
12.7842,0.0,0,0,0.29074,0,293.1,waiting,0
12.8,0.0,0,0,0.29074,0,293.59,waiting,0
12.8157,0.0,0,0,0.29074,0,294.0,waiting,0
12.832,0.0,0,0,0.29074,0,294.41,waiting,0
12.85,0.0,0,0,0.29074,0,294.82,waiting,0
12.8671,0.0,0,0,0.27432,0,295.21,waiting,0
12.8827,0.0,0,0,0.27432,0,295.55,waiting,0
12.9001,0.0,0,0,0.27432,0,295.84,waiting,0
12.916,0.0,0,0,0.27432,0,296.1,waiting,0
12.9321,0.0,0,0,0.25727,0,296.33,waiting,0
12.9477,0.0,0,0,0.25727,0,296.52,waiting,0
12.9646,0.0,0,0,0.25727,0,296.69,waiting,0
12.9812,0.0,0,0,0.25727,0,296.82,waiting,0
12.9966,0.0,0,0,0.29364,0,296.92,waiting,0
13.0127,0.0,0,0,0.29364,0,296.97,waiting,0
13.0288,0.0,0,0,0.29364,0,297.0,waiting,0
13.045,0.0,0,0,0.29364,0,296.99,waiting,0
13.0613,0.0,0,0,0.32018,0,296.95,waiting,0
13.0783,0.0,0,0,0.32018,0,296.86,waiting,0
13.0946,0.0,0,0,0.32018,0,296.74,waiting,0
13.1108,0.0,0,0,0.32018,0,296.6,waiting,0
13.1275,0.0,0,0,0.29244,0,296.41,waiting,0
13.1442,0.0,0,0,0.29244,0,296.19,waiting,0
13.1599,0.0,0,0,0.29244,0,295.92,waiting,0
13.1756,0.0,0,0,0.29244,0,295.66,waiting,0
13.1917,0.0,0,0,0.32477,0,295.35,waiting,0
13.208,0.0,0,0,0.32477,0,295.01,waiting,0
13.2242,0.0,0,0,0.32477,0,294.65,waiting,0
13.2403,0.0,0,0,0.30694,0,294.23,waiting,0
13.2566,0.0,0,0,0.30694,0,293.8,waiting,0
13.2728,0.0,0,0,0.30694,0,293.36,waiting,0
13.2891,0.0,0,0,0.30694,0,292.89,waiting,0
13.3058,0.0,0,0,0.30801,0,292.36,waiting,0
13.3216,0.0,0,0,0.30801,0,291.85,waiting,0
13.3381,0.0,0,0,0.30801,0,291.31,waiting,0
13.3538,0.0,0,0,0.30801,0,290.72,waiting,0
13.3701,0.0,0,0,0.333,0,290.15,waiting,0
13.3867,0.0,0,0,0.333,0,289.6,waiting,0
13.4033,0.0,0,0,0.333,0,288.97,waiting,0
13.4197,0.0,0,0,0.31563,0,288.32,waiting,0
13.4363,0.0,0,0,0.31563,0,287.7,waiting,0
13.4534,0.0,0,0,0.31563,0,287.04,waiting,0
13.4699,0.0,0,0,0.31563,0,286.36,waiting,0
13.4867,0.0,0,0,0.30978,0,285.72,waiting,0
13.503,0.0,0,0,0.30978,0,285.04,waiting,0
13.5193,0.0,0,0,0.30978,0,284.41,waiting,0
13.5366,0.0,0,0,0.30978,0,283.73,waiting,0
13.5546,0.0,0,0,0.30978,0,283.05,waiting,0
13.5711,0.0,0,0,0.30978,0,282.35,waiting,0
13.5869,0.0,0,0,0.29443,0,281.69,waiting,0
13.6027,0.0,0,0,0.29443,0,281.12,waiting,0
13.6195,0.0,0,0,0.29443,0,280.52,waiting,0
13.6366,0.0,0,0,0.29443,0,279.89,waiting,0
13.6527,0.0,0,0,0.29443,0,279.29,waiting,0
13.6694,0.0,0,0,0.28783,0,278.73,waiting,0
13.6862,0.0,0,0,0.28783,0,278.16,waiting,0
13.7023,0.0,0,0,0.28783,0,277.61,waiting,0
13.7188,0.0,0,0,0.31099,0,277.12,waiting,0
13.735,0.0,0,0,0.31099,0,276.65,waiting,0
13.7514,0.0,0,0,0.31099,0,276.2,waiting,0
13.7688,0.0,0,0,0.31099,0,275.75,waiting,0
13.7851,0.0,0,0,0.29632,0,275.34,waiting,0
13.8009,0.0,0,0,0.29632,0,274.95,waiting,0
13.8173,0.0,0,0,0.29632,0,274.61,waiting,0
13.8338,0.0,0,0,0.34266,0,274.31,waiting,0
13.8503,0.0,0,0,0.34266,0,274.03,waiting,0
13.867,0.0,0,0,0.34266,0,273.77,waiting,0
13.8828,0.0,0,0,0.34266,0,273.56,waiting,0
13.8993,0.0,0,0,0.3289,0,273.39,waiting,0
13.9168,0.0,0,0,0.3289,0,273.23,waiting,0
13.9329,2294.6749,1,0,0.3289,0,273.12,waiting,0
13.9487,1614.2307,0,0,0.28467,0,273.05,playing,0
13.9666,1614.2307,0,0,0.28467,0,266.73,playing,0
13.9829,1031.9397,0,0,0.28467,0,260.74,playing,0
13.9986,1031.9397,0,0,0.28467,0,255.38,playing,0
14.0148,550.2713,0,0,0.28467,0,250.3,playing,0
14.0307,550.2713,0,0,0.28069,0,245.5,playing,0
14.047,550.2713,0,0,0.28069,0,240.99,playing,0
14.0636,166.2878,0,0,0.28069,0,236.76,playing,0
14.0837,-124.3268,0,0,0.28069,0,232.58,playing,0
14.1001,-124.3268,0,0,0.28069,0,228.1,playing,0
14.1159,-333.5752,0,0,0.30022,0,224.8,playing,0
14.1316,-333.5752,0,0,0.30022,0,221.78,playing,0
14.1484,-474.3708,0,0,0.30022,0,219.04,playing,0
14.1649,-474.3708,0,0,0.30022,0,216.45,playing,0
14.1815,-559.3085,0,0,0.30543,0,214.29,playing,0
14.1976,-559.3085,0,0,0.30543,0,212.32,playing,0
14.2138,-600.9567,0,0,0.30543,0,210.74,playing,0
14.2306,-600.9567,0,0,0.30543,0,209.45,playing,0
14.2472,-610.6737,0,0,0.3205,0,208.39,playing,0
14.2639,-610.6737,0,0,0.3205,0,207.65,playing,0
14.2806,-601.8187,0,0,0.3205,0,207.24,playing,0
14.2976,-601.8187,0,0,0.30143,0,207.11,playing,0
14.3139,-582.4395,0,0,0.30143,0,207.31,playing,0
14.3301,-582.4395,0,0,0.30143,0,207.78,playing,0
14.3458,-529.6986,0,0,0.32902,0,208.52,playing,0
14.3616,-529.6986,0,0,0.32902,0,209.55,playing,0
14.3783,-479.9352,0,0,0.32902,0,210.86,playing,0
14.3943,-479.9352,0,0,0.32902,0,212.57,playing,0
14.4115,-421.4499,1,0,0.32121,0,214.46,playing,0
14.4283,-359.6616,0,0,0.32121,0,208.15,playing,0
14.4454,-359.6616,0,0,0.32121,0,202.16,playing,0
14.4625,-359.6616,0,0,0.27173,0,196.48,playing,0
14.4796,-359.6616,0,0,0.27173,0,191.12,playing,0
14.496,-307.4015,0,0,0.27173,0,186.08,playing,0
14.512,-307.4015,0,0,0.20047,0,181.62,playing,0
14.528,-212.0541,0,0,0.20047,0,177.44,playing,0
14.5443,-212.0541,0,0,0.20047,0,173.54,playing,0
14.5611,-212.0541,0,0,0.22955,1,169.71,playing,0
14.5766,-212.0541,0,0,0.22955,0,166.4,playing,0
14.5935,-212.0541,0,0,0.22955,0,163.36,playing,0
14.6108,-212.0541,0,0,0.22955,0,160.45,playing,0
14.6282,-131.4597,0,0,0.24721,0,157.73,playing,0
14.6449,-131.4597,0,0,0.24721,0,155.47,playing,0
14.6616,-68.8758,0,0,0.24721,0,153.63,playing,0
14.6783,-68.8758,0,0,0.29193,0,152.0,playing,0
14.6957,-68.8758,0,0,0.29193,0,150.68,playing,0
14.7116,-45.2043,0,0,0.29193,0,149.68,playing,0
14.7282,-45.2043,0,0,0.28798,0,149.01,playing,0
14.7452,-45.2043,0,0,0.28798,0,148.63,playing,0
14.7623,-9.4416,0,0,0.28798,0,148.55,playing,0
14.7791,-9.4416,0,0,0.28798,0,148.82,playing,0
14.7951,-9.4416,0,0,0.28798,0,149.34,playing,0
14.811,2.0517,0,0,0.29891,0,150.14,playing,0
14.8277,2.0517,0,0,0.29891,0,151.22,playing,0
14.8443,11.717,0,0,0.29891,0,152.68,playing,0
14.8609,11.717,0,0,0.29891,0,154.47,playing,0
14.8771,11.717,0,0,0.29891,0,156.43,playing,0
14.8935,22.626,0,0,0.29891,0,158.67,playing,0
14.91,22.626,0,0,0.21695,0,161.38,playing,0
14.926,22.626,0,0,0.21695,0,164.2,playing,0
14.9426,24.2444,1,0,0.21695,0,167.3,playing,0
14.9587,24.2444,0,0,0.21695,0,160.99,playing,0
14.9745,24.2444,0,0,0.21695,0,155.33,playing,0
14.9908,23.3884,0,0,0.24044,1,149.96,playing,0
15.0072,23.3884,0,0,0.24044,0,144.86,playing,0
15.0243,23.3884,0,0,0.24044,0,139.76,playing,0
15.0408,23.3884,0,0,0.24044,0,134.98,playing,0
15.0572,23.3884,0,0,0.24044,0,130.77,playing,0
15.074,23.3884,0,0,0.27289,0,126.61,playing,0
15.0901,23.3884,0,0,0.27289,0,122.97,playing,0
15.1075,23.3884,0,0,0.27289,0,119.43,playing,0
15.1243,22.915,0,0,0.27289,0,116.2,playing,0
15.1404,22.915,0,0,0.27289,0,113.29,playing,0
15.157,22.915,0,0,0.25386,0,110.84,playing,0
15.1735,22.915,0,0,0.25386,0,108.66,playing,0
15.1905,22.915,0,0,0.25386,0,106.67,playing,0
15.2065,17.0341,0,0,0.2471,0,104.99,playing,0
15.2228,9.497,0,0,0.2471,0,103.7,playing,0
15.2392,9.497,0,0,0.2471,0,102.69,playing,0
15.2567,18.7998,0,0,0.2471,0,101.93,playing,0
15.2726,18.7998,0,0,0.20312,0,101.49,playing,0
15.2888,18.7998,0,0,0.20312,0,101.36,playing,0
15.3054,10.9269,0,0,0.20312,0,101.5,playing,0
15.3222,10.9269,0,0,0.15766,0,101.98,playing,0
15.3382,7.6727,0,0,0.15766,0,102.71,playing,0
15.3543,7.6727,0,0,0.15766,0,103.72,playing,0
15.3715,7.6727,0,0,0.15766,0,105.11,playing,0
15.3877,4.7747,0,0,0.18333,0,106.82,playing,0
15.404,4.7747,0,0,0.18333,0,108.72,playing,0
15.4202,4.7747,0,0,0.18333,0,110.89,playing,0
15.4383,1.2268,0,0,0.21567,0,113.51,playing,0
15.4554,1.2268,0,0,0.21567,0,116.65,playing,0
15.4736,0.0505,0,0,0.21567,0,119.93,playing,0
15.4901,0.0505,0,0,0.21567,0,123.76,playing,0
15.5066,0.0505,0,0,0.21567,0,127.45,playing,0
15.5228,0.0505,0,0,0.24097,1,131.68,playing,0
15.5391,0.0505,0,0,0.24097,0,135.95,playing,0
15.5547,0.0505,0,0,0.24097,0,140.5,playing,0
15.5758,-2.2115,0,0,0.24097,0,145.33,playing,0
15.5922,-2.2115,0,0,0.25386,0,152.16,playing,0
15.6096,-2.0881,0,0,0.25386,0,158.0,playing,0
15.6255,-2.0881,0,0,0.25386,0,164.16,playing,0
15.6417,-2.0881,0,0,0.25386,0,170.24,playing,0
15.6581,-2.0751,0,0,0.23099,0,176.6,playing,0
15.6737,-2.0751,0,0,0.23099,0,183.24,playing,0
15.6902,-2.0751,0,0,0.23099,0,190.17,playing,0
15.7071,-1.9648,0,0,0.23099,0,197.38,playing,0
15.7243,-1.9648,0,0,0.23726,0,205.84,playing,0
15.741,-2.4248,0,0,0.23726,0,214.15,playing,0
15.7569,-15.2905,1,0,0.23726,0,222.25,playing,0
15.7747,-15.2905,0,0,0.23726,0,216.3,playing,0
15.7904,-1.8069,0,0,0.24677,0,209.95,playing,0
15.8089,-1.8069,0,0,0.24677,0,204.59,playing,0
15.8252,-1.8069,0,0,0.24677,0,198.92,playing,0
15.8418,-1.117,0,0,0.24677,0,193.88,playing,0
15.8576,-1.117,0,0,0.24677,0,189.41,playing,0
15.874,-1.117,0,0,0.27357,0,185.23,playing,0
15.8929,6.9944,0,0,0.27357,0,181.33,playing,0
15.909,6.9944,0,0,0.27357,0,177.1,playing,0
15.9251,6.2904,0,0,0.27357,0,173.82,playing,0
15.9409,6.2904,0,0,0.2368,0,170.81,playing,0
15.9571,6.2904,0,0,0.2368,0,168.09,playing,0
15.9745,1.2761,0,0,0.2368,0,165.66,playing,0
15.9912,1.2761,0,0,0.2368,0,163.27,playing,0
16.0067,1.2761,0,0,0.17365,0,161.43,playing,0
16.0233,0.0187,0,0,0.17365,0,159.87,playing,0
16.0401,0.0187,0,0,0.17365,0,158.53,playing,0
16.0557,0.0187,0,0,0.17365,0,157.56,playing,0
16.0727,0.8176,0,0,0.18853,0,156.86,playing,0
16.0893,0.8176,0,0,0.18853,0,156.44,playing,0
16.1063,0.919,0,0,0.18853,0,156.33,playing,0
16.1233,0.919,0,0,0.18853,0,156.55,playing,0
16.1407,0.919,0,0,0.22138,1,157.08,playing,0
16.1571,-0.301,0,0,0.22138,0,157.93,playing,0
16.1733,-0.301,0,0,0.22138,0,159.01,playing,0
16.1897,-0.301,0,0,0.26417,0,160.48,playing,0
16.2064,-0.7431,0,0,0.26417,0,162.14,playing,0
16.2234,-0.7431,0,0,0.26417,0,164.23,playing,0
16.2399,-0.648,0,0,0.26417,0,166.63,playing,0
16.2576,-0.648,0,0,0.26032,0,169.35,playing,0
16.2744,-0.648,0,0,0.26032,0,172.39,playing,0
16.291,-1.0416,0,0,0.26032,0,175.74,playing,0
16.3073,-1.0416,0,0,0.22965,0,179.18,playing,0
16.3239,-1.0416,0,0,0.22965,0,183.15,playing,0
16.3406,-0.4225,0,0,0.22965,0,187.18,playing,0
16.3568,-0.4225,0,0,0.22965,0,191.77,playing,0
16.3761,-0.9504,0,0,0.24404,0,196.37,playing,0
16.392,-0.9504,0,0,0.24404,0,202.23,playing,1
16.4073,-0.9504,0,0,0.24404,0,207.45,playing,1
16.4245,-10.6702,1,0,0.24404,0,212.95,playing,1
16.441,-10.6702,0,0,0.24404,0,206.63,playing,1
16.457,-10.6702,0,0,0.27027,0,200.97,playing,1
16.4731,7.2852,0,0,0.27027,0,195.6,playing,1
16.4892,7.2852,0,0,0.27027,0,190.5,playing,1
16.5049,7.2852,0,0,0.24301,0,185.69,playing,1
16.5214,7.8095,0,0,0.24301,0,181.15,playing,1
16.5385,7.8095,0,0,0.24301,0,176.66,playing,1
16.5544,7.8095,0,0,0.24301,0,172.47,playing,1
16.5708,-5.8412,0,0,0.24301,0,168.82,playing,1
16.5866,-5.8412,0,0,0.24301,0,165.45,playing,1
16.6028,5.8914,0,0,0.24301,0,162.36,playing,1
16.6187,5.8914,0,0,0.2136,0,159.55,playing,1
16.6354,5.8914,0,0,0.2136,0,157.03,playing,1
16.6519,7.7274,0,0,0.2136,0,154.66,playing,1
16.6677,7.7274,0,0,0.2136,0,152.71,playing,1
16.6842,7.7274,0,0,0.22335,1,151.05,playing,1
16.7013,4.4788,0,0,0.22335,0,149.6,playing,1
16.7183,4.4788,0,0,0.22335,0,148.47,playing,1
16.735,1.2821,0,0,0.22335,0,147.65,playing,1
16.7505,1.2821,0,0,0.17409,0,147.17,playing,1
16.7675,1.2821,0,0,0.17409,0,146.97,playing,1
16.7841,1.2821,0,0,0.17409,0,147.07,playing,1
16.8001,1.2821,0,0,0.17409,0,147.45,playing,1
16.8156,1.2821,0,0,0.21702,0,148.11,playing,1
16.8318,-1.826,0,0,0.21702,0,149.05,playing,1
16.8482,-1.826,0,0,0.21702,0,150.27,playing,1
16.8655,-1.826,0,0,0.21702,0,151.89,playing,1
16.8816,-1.8384,0,0,0.21702,0,153.82,playing,1
16.8983,-1.8384,0,0,0.21702,0,155.92,playing,1
16.9143,-1.9146,0,0,0.21702,0,158.47,playing,1
16.9303,-1.9146,0,0,0.29418,1,161.16,playing,1
16.9472,-1.9146,0,0,0.29418,0,164.12,playing,1
16.9633,-1.5637,0,0,0.29418,0,167.37,playing,1
16.9803,-1.5637,0,0,0.29418,0,171.14,playing,1
16.9974,-1.5637,0,0,0.27056,0,175.22,playing,1
17.0179,-1.5637,0,0,0.27056,0,179.35,playing,1
17.0341,-1.5637,0,0,0.27056,0,185.25,playing,1
17.05,-1.5664,0,0,0.27056,0,190.03,playing,1
17.0662,-1.5664,0,0,0.27964,0,195.08,playing,1
17.0833,-1.5664,0,0,0.27964,0,200.78,playing,1
17.0999,-1.3465,0,0,0.27964,0,206.79,playing,1
17.1162,-1.3465,0,0,0.27007,0,212.73,playing,1
17.1319,-1.3465,0,0,0.27007,0,218.95,playing,1
17.148,-1.1483,0,0,0.27007,0,225.45,playing,1
17.1645,-1.1483,0,0,0.27007,0,232.24,playing,1
17.1842,-1.1483,0,0,0.29074,0,239.76,playing,1
17.2012,-17.1446,1,0,0.29074,0,249.06,playing,1
17.2184,-17.1446,0,0,0.29074,0,242.74,playing,1
17.2355,-2.4617,0,0,0.29074,0,236.75,playing,1
17.2534,-2.4617,0,0,0.29074,0,231.07,playing,1
17.2706,-2.4617,0,0,0.28774,0,225.42,playing,1
17.2866,-2.4617,0,0,0.28774,0,220.4,playing,1
17.3034,-2.4617,0,0,0.28774,0,215.95,playing,1
17.3196,-7.2041,0,0,0.28774,0,211.55,playing,1
17.3363,-7.2041,0,0,0.27655,0,207.68,playing,1
17.3535,-7.2041,0,0,0.27655,0,203.9,playing,1
17.3698,1.1878,0,0,0.27655,0,200.43,playing,1
17.3865,1.1878,0,0,0.27655,0,197.44,playing,1
17.4033,1.1878,0,0,0.20489,0,194.59,playing,1
17.4196,6.7483,0,0,0.20489,0,192.06,playing,1
17.4363,6.7483,0,0,0.20489,0,189.95,playing,1
17.4534,4.6944,0,0,0.20489,0,188.03,playing,1
17.4707,4.6944,0,0,0.14285,0,186.43,playing,1
17.487,4.6944,0,0,0.14285,0,185.15,playing,1
17.5042,2.2252,0,0,0.14285,0,184.23,playing,1
17.5213,2.2252,0,0,0.14285,0,183.54,playing,1
17.5388,2.2252,0,0,0.22769,1,183.22,playing,1
17.5553,-0.6725,0,0,0.22769,0,183.2,playing,1
17.5714,-0.6725,0,0,0.22769,0,183.51,playing,1
17.5882,-0.5253,0,0,0.28747,0,184.08,playing,1
17.6048,-0.5253,0,0,0.28747,0,185.01,playing,1
17.6219,-0.5253,0,0,0.28747,0,186.16,playing,1
17.6379,-0.7915,0,0,0.29343,0,187.7,playing,1
17.6536,-0.7915,0,0,0.29343,0,189.44,playing,1
17.6699,-0.7915,0,0,0.29343,0,191.45,playing,1
17.6877,-0.7915,0,0,0.29343,0,193.75,playing,1
17.7047,-0.7915,0,0,0.30591,0,196.69,playing,1
17.7214,-1.0009,0,0,0.30591,0,199.78,playing,1
17.7376,-0.8728,0,0,0.30591,0,203.19,playing,1
17.7542,-0.8728,0,0,0.30031,0,206.68,playing,1
17.7699,-1.1949,0,0,0.30031,0,210.46,playing,1
17.7859,-1.1949,0,0,0.30031,0,214.51,playing,1
17.8032,-1.1949,0,0,0.30031,0,218.85,playing,1
17.8195,-1.2063,0,0,0.30806,0,224.09,playing,1
17.8362,-1.2063,0,0,0.30806,0,229.02,playing,1
17.8528,-1.2063,0,0,0.30806,0,234.59,playing,1
17.8696,-2.7671,0,0,0.30633,0,240.1,playing,1
17.8866,-2.7671,0,0,0.30633,0,246.28,playing,1
17.9033,-17.8158,1,0,0.30633,0,252.78,playing,1
17.9199,-17.8158,0,0,0.30633,0,246.47,playing,1
17.9361,-17.8158,0,0,0.30027,0,240.81,playing,1
17.9534,3.8701,0,0,0.30027,0,235.11,playing,1
17.9701,3.8701,0,0,0.30027,0,229.74,playing,1
17.9862,3.8701,0,0,0.30027,0,224.96,playing,1
18.0035,-7.709,0,0,0.2891,0,220.2,playing,1
18.0197,-7.709,0,0,0.2891,0,215.76,playing,1
18.0365,3.0978,0,0,0.2891,0,211.86,playing,1
18.0529,3.0978,0,0,0.2891,0,208.03,playing,1
18.0696,3.0978,0,0,0.20803,0,204.71,playing,1
18.0857,3.0978,0,0,0.20803,0,201.5,playing,1
18.1022,3.0978,0,0,0.20803,0,198.77,playing,1
18.1185,3.0978,0,0,0.20803,0,196.18,playing,1
18.1345,3.3059,0,0,0.22009,1,194.02,playing,1
18.1512,3.3059,0,0,0.22009,0,192.14,playing,1
18.167,3.3059,0,0,0.22009,0,190.55,playing,1
18.1828,1.4471,0,0,0.22009,0,189.24,playing,1
18.2002,1.4471,0,0,0.20008,0,188.16,playing,1
18.2175,0.8012,0,0,0.20008,0,187.4,playing,1
18.2344,0.8012,0,0,0.20008,0,186.96,playing,1
18.2527,0.8012,0,0,0.20008,0,186.84,playing,2
18.2697,-0.6607,0,0,0.30208,0,187.1,playing,2
18.2857,-0.6607,0,0,0.30208,0,187.6,playing,2
18.3019,-0.6607,0,0,0.30208,0,188.39,playing,2
18.3181,-1.1201,0,0,0.31184,0,189.45,playing,2
18.3342,-1.1201,0,0,0.31184,0,190.8,playing,2
18.3512,-1.3124,0,0,0.31184,0,192.54,playing,2
18.368,-1.3124,0,0,0.31184,0,194.61,playing,2
18.3838,-1.3124,0,0,0.28797,0,196.83,playing,2
18.4002,-1.7929,0,0,0.28797,0,199.34,playing,2
18.417,-1.7929,0,0,0.28797,0,202.32,playing,2
18.4328,-1.7929,0,0,0.28797,0,205.41,playing,2
18.4497,-1.7051,0,0,0.30599,0,208.78,playing,2
18.466,-1.2746,0,0,0.30599,0,212.68,playing,2
18.4817,-1.2746,0,0,0.30599,0,216.63,playing,2
18.4985,-1.1764,0,0,0.30599,0,220.86,playing,2
18.5161,-1.1764,0,0,0.30599,0,225.68,playing,2
18.5332,-0.5066,0,0,0.30724,0,231.13,playing,2
18.5497,-0.5066,0,0,0.30724,0,236.6,playing,2
18.5661,-0.5066,0,0,0.30724,0,242.03,playing,2
18.5829,-13.5765,1,0,0.31058,0,248.11,playing,2
18.5986,-13.5765,0,0,0.31058,0,242.15,playing,2
18.6153,-13.5765,0,0,0.31058,0,236.48,playing,2
18.6327,-0.6662,0,0,0.31058,0,230.76,playing,2
18.6503,-0.6662,0,0,0.31058,0,225.07,playing,2
18.6666,-0.6662,0,0,0.31058,0,220.01,playing,2
18.6828,-0.6662,0,0,0.31058,0,215.53,playing,2
18.699,-0.6662,0,0,0.24336,0,211.33,playing,2
18.716,4.1502,0,0,0.24336,0,207.19,playing,2
18.7317,4.1502,0,0,0.24336,0,203.57,playing,2
18.748,4.1502,0,0,0.24336,0,200.24,playing,2
18.7636,6.2354,0,0,0.23213,0,197.18,playing,2
18.7797,6.2354,0,0,0.23213,0,194.41,playing,2
18.7959,6.2354,0,0,0.23213,0,191.92,playing,2
18.8124,12.3199,0,0,0.23213,0,189.71,playing,2
18.8291,12.3199,0,0,0.28158,0,187.68,playing,2
18.8465,12.3199,0,0,0.28158,0,185.97,playing,2
18.8632,12.3199,0,0,0.28158,0,184.57,playing,2
18.8803,12.3199,0,0,0.28158,0,183.5,playing,2
18.8971,8.2302,0,0,0.23504,0,182.74,playing,2
18.9135,3.7118,0,0,0.23504,0,182.3,playing,2
18.9307,3.7118,0,0,0.23504,0,182.17,playing,2
18.9473,1.9443,0,0,0.23504,0,182.34,playing,2
18.9647,1.9443,0,0,0.23504,0,182.84,playing,2
18.9804,1.9443,0,0,0.25025,0,183.65,playing,2
18.9992,0.2334,0,0,0.25025,0,184.7,playing,2
19.016,0.2334,0,0,0.25025,0,186.34,playing,2
19.0319,-2.1006,0,0,0.25025,0,188.0,playing,2
19.0477,-2.1006,0,0,0.29514,0,189.94,playing,2
19.0647,-2.1006,0,0,0.29514,0,192.17,playing,2
19.0812,-2.1006,0,0,0.29514,0,194.85,playing,2
19.0978,-2.1006,0,0,0.29514,0,197.66,playing,2
19.1138,-2.1006,0,0,0.29107,0,200.96,playing,2
19.1296,-2.6798,0,0,0.29107,0,204.34,playing,2
19.1459,-2.6798,0,0,0.29107,0,208.01,playing,2
19.1617,-2.4033,0,0,0.29107,0,211.96,playing,2
19.1775,-2.4033,0,0,0.27701,0,216.19,playing,2
19.1967,-2.4033,0,0,0.27701,0,220.71,playing,2
19.2131,-2.4033,0,0,0.27701,0,226.47,playing,2
19.229,-2.4033,0,0,0.27701,0,231.59,playing,2
19.2456,-2.4033,0,0,0.32033,0,237.01,playing,2
19.2661,-1.3438,0,0,0.32033,0,243.07,playing,2
19.2823,-1.3438,0,0,0.32033,0,250.65,playing,2
19.2988,-18.0297,1,0,0.32033,0,257.41,playing,2
19.3152,-18.0297,0,0,0.32033,0,251.45,playing,2
19.3312,-18.0297,0,0,0.30459,0,245.78,playing,2
19.3469,-18.0297,0,0,0.30459,0,240.38,playing,2
19.3633,-18.0297,0,0,0.30459,0,235.27,playing,2
19.3806,-18.0297,0,0,0.30459,0,230.15,playing,2
19.3987,41.3906,0,0,0.30878,0,225.09,playing,2
19.4153,41.3906,0,0,0.30878,0,220.63,playing,2
19.4404,-27.0636,0,0,0.30878,0,216.49,playing,2
19.4575,-27.0636,0,0,0.30878,0,211.08,playing,2
19.4736,-27.0636,0,0,0.22466,0,207.73,playing,2
19.4901,-19.3013,0,0,0.22466,0,204.85,playing,2
19.5062,-19.3013,0,0,0.22466,0,202.25,playing,2
19.5218,-14.9632,0,0,0.22466,0,199.93,playing,2
19.5381,-11.8725,0,0,0.23882,0,197.9,playing,2
19.5542,-11.8725,0,0,0.23882,0,196.15,playing,2
19.5697,-8.3406,0,0,0.23882,0,194.68,playing,2
19.5862,-8.3406,0,0,0.23882,0,193.49,playing,2
19.6034,-8.3406,0,0,0.2087,0,192.54,playing,2
19.6195,-8.3406,0,0,0.2087,0,191.92,playing,2
19.6372,-8.3406,0,0,0.2087,0,191.61,playing,2
19.6532,-8.3406,0,0,0.2087,0,191.6,playing,2
19.6706,-0.6825,0,0,0.27443,1,191.91,playing,2
19.6861,-0.6825,0,0,0.27443,0,192.48,playing,2
19.7025,0.8736,0,0,0.27443,0,193.4,playing,2
19.7188,0.8736,0,0,0.27443,0,194.55,playing,2
19.7352,0.8736,0,0,0.28837,0,195.99,playing,2
19.7507,0.8736,0,0,0.28837,0,197.7,playing,2
19.7672,0.8736,0,0,0.28837,0,199.7,playing,2
19.7838,0.8736,0,0,0.28837,0,202.14,playing,2
19.8001,2.5874,0,0,0.26712,0,204.72,playing,2
19.8156,2.5874,0,0,0.26712,0,207.58,playing,2
19.8316,2.5874,0,0,0.26712,0,210.72,playing,2
19.8484,2.7445,0,0,0.26712,0,214.14,playing,2
19.8647,2.7445,0,0,0.26712,0,218.09,playing,2
19.8825,3.6593,0,0,0.28063,0,222.1,playing,2
19.8991,3.3241,0,0,0.28063,0,226.96,playing,2
19.9149,3.3241,0,0,0.28063,0,231.56,playing,2
19.9309,3.3241,0,0,0.28063,0,236.44,playing,2
19.9473,3.3241,0,0,0.28063,0,241.61,playing,2
19.9645,3.3241,0,0,0.27026,0,247.41,playing,2
19.9809,3.3241,0,0,0.27026,0,253.54,playing,2
19.9971,3.3241,0,0,0.27026,0,259.58,playing,2
20.0137,3.3241,0,0,0.31118,0,266.32,playing,2
20.0297,-0.2047,1,0,0.31118,0,272.95,playing,2
20.0459,-0.2047,0,0,0.31118,0,266.99,playing,2
20.062,-0.2047,0,0,0.23722,0,261.31,playing,2
20.0783,0.8842,0,0,0.23722,0,255.92,playing,2
20.0946,0.8842,0,0,0.23722,0,250.5,playing,3
20.1107,3.5418,0,0,0.2323,0,245.69,playing,3
20.1271,3.5418,0,0,0.2323,0,241.15,playing,3
20.1428,3.5418,0,0,0.2323,0,236.9,playing,3
20.1592,13.6704,0,0,0.2323,0,232.93,playing,3
20.1763,13.6704,0,0,0.21006,0,229.03,playing,3
20.1933,13.6704,0,0,0.21006,0,225.45,playing,3
20.2098,13.6704,0,0,0.21006,0,222.19,playing,3
20.2258,13.6704,0,0,0.21182,0,219.4,playing,3
20.2423,13.5668,0,0,0.21182,0,216.89,playing,3
20.2593,13.5668,0,0,0.21182,0,214.54,playing,3
20.2758,13.5668,0,0,0.21182,0,212.51,playing,3
20.2924,5.2249,0,0,0.27179,1,210.88,playing,3
20.3086,5.2249,0,0,0.27179,0,209.47,playing,3
20.3244,5.2249,0,0,0.27179,0,208.42,playing,3
20.341,1.0328,0,0,0.27502,0,207.66,playing,3
20.357,1.0328,0,0,0.27502,0,207.17,playing,3
20.3728,1.0328,0,0,0.27502,0,206.97,playing,3
20.3889,0.0041,0,0,0.27502,0,207.05,playing,3
20.4055,0.0041,0,0,0.27502,0,207.41,playing,3
20.4225,-0.9946,0,0,0.29607,0,208.11,playing,3
20.4412,-1.7565,0,0,0.29607,0,209.12,playing,3
20.4573,-1.7565,0,0,0.29607,0,210.56,playing,3
20.4736,-2.4937,0,0,0.29607,0,212.23,playing,3
20.4898,-2.4937,0,0,0.28032,0,214.09,playing,3
20.506,-2.4937,0,0,0.28032,0,216.23,playing,3
20.5222,-2.8477,0,0,0.28032,0,218.64,playing,3
20.5378,-2.8477,0,0,0.30331,0,221.35,playing,3
20.5541,-2.8477,0,0,0.30331,0,224.33,playing,3
20.5703,-16.3841,1,0,0.30331,0,227.59,playing,3
20.5859,-16.3841,0,0,0.30331,0,221.63,playing,3
20.6024,-15.667,0,0,0.27693,0,215.96,playing,3
20.6193,-15.667,0,0,0.27693,0,210.24,playing,3
20.6359,-15.667,0,0,0.27693,0,204.85,playing,3
20.652,14.1512,0,0,0.27693,0,200.05,playing,3
20.6681,14.1512,0,0,0.28107,0,195.53,playing,3
20.6843,14.1512,0,0,0.28107,0,191.3,playing,3
20.7011,-16.3984,0,0,0.28107,0,187.12,playing,3
20.7166,-16.3984,0,0,0.28107,0,183.47,playing,3
20.733,-16.3984,0,0,0.27178,0,180.1,playing,3
20.7492,0.5014,0,0,0.27178,0,177.01,playing,3
20.7647,0.5014,0,0,0.27178,0,174.2,playing,3
20.781,0.5014,0,0,0.27178,0,171.67,playing,3
20.7999,0.5014,0,0,0.18356,0,169.43,playing,3
20.8159,0.5014,0,0,0.18356,0,167.16,playing,3
20.8315,1.0689,0,0,0.18356,0,165.53,playing,3
20.8477,1.0689,0,0,0.18356,0,164.18,playing,3
20.8635,1.0689,0,0,0.18356,0,163.12,playing,3
20.8796,-0.5212,0,0,0.19846,0,162.33,playing,3
20.8961,-0.5212,0,0,0.19846,0,161.83,playing,3
20.9127,-0.5212,0,0,0.19846,0,161.61,playing,3
20.9292,-0.3578,0,0,0.27131,1,161.69,playing,3
20.9461,-0.3578,0,0,0.27131,0,162.1,playing,3
20.9622,-0.1298,0,0,0.27131,0,162.75,playing,3
20.9791,-0.1298,0,0,0.27131,0,163.77,playing,3
20.9952,-0.1298,0,0,0.27131,0,165.01,playing,3
21.0145,-0.8456,0,0,0.25015,0,166.53,playing,3
21.0344,-0.4935,0,0,0.25015,0,168.88,playing,3
21.0536,-0.2698,0,0,0.25015,0,171.66,playing,3
21.0709,-0.2698,0,0,0.25015,0,174.88,playing,3
21.0871,-0.2698,0,0,0.25015,0,177.74,playing,3
21.1043,-0.3936,0,0,0.24316,0,181.1,playing,3
21.1215,-0.3936,0,0,0.24316,0,184.77,playing,3
21.1375,-0.3936,0,0,0.24316,0,188.76,playing,3
21.1541,0.2788,0,0,0.24316,0,192.8,playing,3
21.1702,0.2788,0,0,0.27509,0,197.12,playing,3
21.1864,0.2788,0,0,0.27509,0,201.72,playing,3
21.2027,0.2788,0,0,0.27509,0,206.93,playing,3
21.2195,0.2788,0,0,0.27509,0,212.11,playing,3
21.237,0.2788,0,0,0.30483,0,217.93,playing,3
21.2529,0.2788,0,0,0.30483,0,224.08,playing,3
21.2687,0.2788,0,0,0.30483,0,230.14,playing,3
21.2852,-18.1801,1,0,0.30483,0,236.48,playing,3
21.3013,-18.1801,0,0,0.30483,0,230.52,playing,3
21.3183,-18.1801,0,0,0.30128,0,224.51,playing,3
21.3349,-18.1801,0,0,0.30128,0,218.82,playing,3
21.3544,-18.1801,0,0,0.30128,0,213.74,playing,3
21.3751,18.2523,0,0,0.30128,0,207.83,playing,3
21.3908,-3.0362,0,0,0.31714,0,202.36,playing,3
21.407,-3.0362,0,0,0.31714,0,198.27,playing,3
21.4229,0.2728,0,0,0.31714,0,194.46,playing,3
21.4393,0.2728,0,0,0.31714,0,190.93,playing,3
21.4571,0.2728,0,0,0.31714,0,187.5,playing,3
21.4737,3.2409,0,0,0.206,0,184.22,playing,3
21.4898,3.2409,0,0,0.206,0,181.59,playing,3
21.5059,2.2527,0,0,0.206,0,179.24,playing,3
21.5218,2.2527,0,0,0.206,0,177.17,playing,3
21.5385,2.2527,0,0,0.21697,0,175.38,playing,3
21.5551,0.3571,0,0,0.21697,0,173.8,playing,3
21.5712,0.3571,0,0,0.21697,0,172.59,playing,3
21.5882,0.3571,0,0,0.21697,0,171.63,playing,3
21.6035,-0.2008,0,0,0.19011,0,171.0,playing,3
21.6208,-0.2008,0,0,0.19011,0,170.66,playing,3
21.6368,-0.6315,0,0,0.19011,0,170.61,playing,3
21.6541,-0.6315,0,0,0.30869,1,170.88,playing,3
21.6697,-0.6315,0,0,0.30869,0,171.42,playing,3
21.6859,-0.5919,0,0,0.30869,0,172.24,playing,3
21.7022,-0.5919,0,0,0.30869,0,173.33,playing,3
21.7189,-0.5919,0,0,0.29096,0,174.82,playing,3
21.7351,-0.8155,0,0,0.29096,0,176.5,playing,3
21.7507,-0.8155,0,0,0.29096,0,178.46,playing,3
21.7672,-0.8155,0,0,0.29096,0,180.71,playing,3
21.7878,-0.6038,0,0,0.28423,0,183.23,playing,3
21.8051,-0.6038,0,0,0.28423,0,187.03,playing,3
21.821,-0.6011,0,0,0.28423,0,190.42,playing,3
21.8373,-0.6011,0,0,0.28423,0,193.9,playing,3
21.8543,-0.6011,0,0,0.28423,0,197.91,playing,3
21.8706,-10.2484,0,0,0.28407,0,202.24,playing,3
21.8872,-10.2484,0,0,0.28407,0,206.59,playing,3
21.9036,-10.2484,0,0,0.28407,0,211.54,playing,3
21.9206,-10.2484,0,0,0.28407,0,216.47,playing,3
21.9378,-10.2484,0,0,0.3246,0,222.03,playing,3
21.9543,2.086,1,0,0.3246,0,227.92,playing,4
21.9712,2.086,0,0,0.3246,0,221.6,playing,4
21.9875,2.086,0,0,0.3246,0,215.61,playing,4
22.0039,-8.3653,0,0,0.29598,0,210.25,playing,4
22.0198,-8.3653,0,0,0.29598,0,205.17,playing,4
22.0363,-8.3653,0,0,0.29598,0,200.37,playing,4
22.0535,-8.3653,0,0,0.29598,0,195.59,playing,4
22.0695,-8.3653,0,0,0.23538,0,191.13,playing,4
22.0864,1.0223,0,0,0.23538,0,187.22,playing,4
22.1035,8.4181,0,0,0.23538,0,183.37,playing,4
22.1203,8.4181,0,0,0.23538,0,179.85,playing,4
22.1371,8.4181,0,0,0.21837,0,176.64,playing,4
22.1531,8.4181,0,0,0.21837,0,173.9,playing,4
22.1699,8.4181,0,0,0.21837,0,171.31,playing,4
22.186,4.3719,0,0,0.21837,0,169.15,playing,4
22.2021,4.3719,0,0,0.20107,0,167.28,playing,4
22.2179,4.3719,0,0,0.20107,0,165.69,playing,4
22.2345,1.5279,0,0,0.20107,0,164.37,playing,4
22.2528,1.5279,0,0,0.20107,0,163.3,playing,4
22.2686,1.5279,0,0,0.20601,0,162.51,playing,4
22.2847,1.5279,0,0,0.20601,0,162.1,playing,4
22.3014,1.5279,0,0,0.20601,0,161.97,playing,4
22.3181,-0.7554,0,0,0.20601,1,162.14,playing,4
22.336,-0.7554,0,0,0.29227,0,162.64,playing,4
22.353,-0.7554,0,0,0.29227,0,163.45,playing,4
22.3704,-1.1876,0,0,0.29227,0,164.67,playing,4
22.3877,-1.1876,0,0,0.29227,0,166.14,playing,4
22.4041,-1.5746,0,0,0.27073,0,167.92,playing,4
22.4209,-1.5746,0,0,0.27073,0,170.02,playing,4
22.4366,-1.5746,0,0,0.27073,0,172.28,playing,4
22.4533,-2.2505,0,0,0.27073,0,174.83,playing,4
22.4696,-2.2505,0,0,0.26756,0,177.85,playing,4
22.4858,-2.2505,0,0,0.26756,0,180.97,playing,4
22.5021,-2.2505,0,0,0.26756,0,184.37,playing,4
22.5176,-2.2505,0,0,0.26756,0,188.06,playing,4
22.5342,-2.2505,0,0,0.26765,0,192.03,playing,4
22.5569,-8.5787,1,0,0.26765,0,196.56,playing,4
22.5748,-8.5787,0,0,0.26765,0,188.51,playing,4
22.5925,-2.5307,0,0,0.26765,0,182.29,playing,4
22.609,-2.5307,0,0,0.26765,0,176.41,playing,4
22.6263,-2.5307,0,0,0.25769,0,171.48,playing,4
22.6437,-2.5307,0,0,0.25769,0,166.28,playing,4
22.66,-2.5307,0,0,0.25769,0,161.69,playing,4
22.6764,-2.5307,0,0,0.25769,0,157.65,playing,4
22.6931,-2.5307,0,0,,0,153.67,playing,4
22.7089,-2.5307,0,0,,0,150.21,playing,4
22.7252,13.1419,0,0,,0,147.04,playing,4
22.742,13.1419,0,0,,0,143.98,playing,4
22.7577,13.1419,0,0,0.23516,0,141.38,playing,4
22.7734,11.1395,0,0,0.23516,0,139.07,playing,4
22.7902,7.7814,0,0,0.23516,0,137.03,playing,4
22.8063,7.7814,0,0,0.23516,0,135.28,playing,4
22.8232,7.7814,0,0,0.25466,0,133.74,playing,4
22.84,7.7814,0,0,0.25466,0,132.51,playing,4
22.856,1.7118,0,0,0.25466,0,131.64,playing,4
22.8721,1.7118,0,0,0.25466,0,131.05,playing,4
22.8878,1.7118,0,0,0.27263,0,130.74,playing,4
22.9042,0.4035,0,0,0.27263,0,130.71,playing,4
22.9209,0.4035,0,0,0.27263,0,131.0,playing,4
22.9368,0.4035,0,0,0.27263,0,131.55,playing,4
22.9532,-0.8342,0,0,0.26065,0,132.39,playing,4
22.9697,-0.8342,0,0,0.26065,0,133.6,playing,4
22.9859,-0.8342,0,0,0.26065,0,135.01,playing,4
23.0017,-1.7911,0,0,0.26065,0,136.71,playing,4
23.0175,-1.7911,0,0,0.28383,0,138.69,playing,4
23.0335,-1.8449,0,0,0.28383,0,140.95,playing,4
23.0502,-1.8449,0,0,0.28383,0,143.49,playing,4
23.0676,-1.8449,0,0,0.28383,0,146.51,playing,4
23.0844,-1.8449,0,0,0.28858,0,149.85,playing,4
23.1007,-1.8449,0,0,0.28858,0,153.5,playing,4
23.1165,-1.8449,0,0,0.28858,0,157.22,playing,4
23.1332,-3.1945,0,0,0.28858,0,161.23,playing,4
23.1498,-3.1945,0,0,0.28217,0,165.8,playing,4
23.1668,-2.5569,0,0,0.28217,0,170.38,playing,4
23.1834,-2.5569,0,0,0.28217,0,175.57,playing,4
23.2004,-2.5569,0,0,0.27577,0,181.08,playing,4
23.2171,-1.9841,0,0,0.27577,0,186.9,playing,4
23.2333,-1.9841,0,0,0.27577,0,193.04,playing,4
23.2496,-1.9841,0,0,0.27577,0,199.11,playing,4
23.2656,-1.7273,0,0,0.24081,0,205.45,playing,4
23.2822,-1.7273,0,0,0.24081,0,212.08,playing,4
23.2993,-1.7273,0,0,0.24081,0,219.43,playing,4
23.319,-1.5504,0,0,0.24081,0,227.11,playing,4
23.336,-1.5504,0,0,0.23963,0,236.58,playing,4
23.3535,-5.1547,0,0,0.23963,0,244.95,playing,4
23.3689,-5.1547,0,0,0.23963,0,253.1,playing,4
23.3853,-5.1547,0,0,0.23963,0,261.54,playing,4
23.4023,-17.4019,1,0,0.23963,0,270.83,playing,4
23.4192,-17.4019,0,0,0.30464,0,264.51,playing,4
23.436,-6.4754,0,0,0.30464,0,258.52,playing,4
23.4523,-4.4474,0,0,0.30464,0,253.16,playing,4
23.4692,-4.4474,0,0,0.30464,0,247.78,playing,4
23.4864,8.6925,0,0,,0,242.72,playing,4
23.5032,8.6925,0,0,,0,237.98,playing,4
23.5218,8.6925,0,0,,0,233.56,playing,4
23.5381,12.6081,0,0,,0,229.23,playing,4
23.5543,12.6081,0,0,,0,225.67,playing,4
23.572,11.0042,0,0,,0,222.2,playing,4
23.5887,8.4629,0,0,,0,218.88,playing,4
23.6053,8.4629,0,0,,0,216.21,playing,4
23.622,6.4981,0,0,,0,213.7,playing,4
23.6375,6.4981,0,0,,0,211.61,playing,4
23.6537,6.4981,0,0,0.24029,0,209.8,playing,4
23.6701,3.2233,0,0,0.24029,0,208.28,playing,4
23.6856,3.2233,0,0,0.24029,0,207.04,playing,4
23.7016,3.2233,0,0,0.24029,0,206.08,playing,4
23.7177,2.4283,0,0,0.23919,0,205.4,playing,4
23.7338,2.4283,0,0,0.23919,0,205.0,playing,4
23.7499,2.4283,0,0,0.23919,0,204.89,playing,4
23.7662,2.4283,0,0,0.23919,0,205.06,playing,4
23.7826,2.4283,0,0,0.23919,0,205.55,playing,5
23.8002,-0.3593,0,0,0.20738,0,206.36,playing,5
23.8156,-0.3593,0,0,0.20738,0,207.41,playing,5
23.8315,-0.3593,0,0,0.20738,0,208.74,playing,5
23.848,-0.3593,0,0,,0,210.35,playing,5
23.8642,-0.3593,0,0,,0,212.24,playing,5
23.8803,-0.3593,0,0,,0,214.41,playing,5
23.8972,-1.9399,0,0,0.25527,1,217.04,playing,5
23.9131,-1.9399,0,0,0.25527,0,219.79,playing,5
23.9289,-1.9399,0,0,0.25527,0,222.83,playing,5
23.9453,-1.9399,0,0,0.25527,0,226.14,playing,5
23.9627,-1.9399,0,0,,0,229.98,playing,5
23.9786,-2.1554,0,0,,0,234.14,playing,5
23.9955,-2.1554,0,0,,0,238.34,playing,5
24.0125,-2.1554,0,0,,0,243.12,playing,5
24.0295,-2.1554,0,0,0.21713,0,248.21,playing,5
24.0466,-2.1554,0,0,0.21713,0,253.63,playing,5
24.0636,-2.1554,0,0,0.21713,0,259.36,playing,5
24.0795,-2.0546,0,0,0.20804,0,265.41,playing,5
24.0962,-2.0546,0,0,0.20804,0,271.38,playing,5
24.1122,-2.0546,0,0,0.20804,0,277.64,playing,5
24.1287,-2.205,0,0,0.20804,0,284.6,playing,5
24.1455,-2.205,0,0,0.27561,0,291.44,playing,5
24.1622,7.9747,1,0,0.27561,0,299.02,playing,5
24.1786,7.9747,0,0,0.27561,0,292.71,playing,5
24.195,7.9747,0,0,0.27561,0,287.05,playing,5
24.2158,5.589,0,0,0.20887,0,281.67,playing,5
24.232,5.589,0,0,0.20887,0,275.1,playing,5
24.2496,10.1313,0,0,0.20887,0,270.37,playing,5
24.2677,10.1313,0,0,0.20887,0,265.41,playing,5
24.2841,10.1313,0,0,0.20887,0,260.81,playing,5
24.3002,8.7305,0,0,0.20887,0,257.0,playing,5
24.3157,8.7305,0,0,0.20887,0,253.47,playing,5
24.3316,8.7305,0,0,0.20887,0,250.22,playing,5
24.348,5.2247,0,0,0.20887,0,247.25,playing,5
24.3635,5.2247,0,0,0.20719,0,244.57,playing,5
24.38,5.2247,0,0,0.20719,0,242.16,playing,5
24.3961,-0.3579,0,0,0.20719,0,240.04,playing,5
24.4118,-0.3579,0,0,0.20719,0,238.2,playing,5
24.4279,-2.7357,0,0,,0,236.64,playing,5
24.4446,-2.7357,0,0,,0,235.37,playing,5
24.4607,-2.7357,0,0,,0,234.33,playing,5
24.4769,-2.9145,0,0,,0,233.63,playing,5
24.4928,-2.9145,0,0,,0,233.22,playing,5
24.5094,-2.9145,0,0,,0,233.08,playing,5
24.5262,-2.6823,0,0,,0,233.26,playing,5
24.5427,-2.6823,0,0,0.25821,1,233.76,playing,5
24.5594,-2.6823,0,0,0.25821,0,234.5,playing,5
24.5776,-2.1615,0,0,0.25821,0,235.61,playing,5
24.6009,-2.1615,0,0,0.25821,0,237.15,playing,5
24.6167,-2.1137,0,0,0.25821,0,239.69,playing,5
24.6336,-2.1137,0,0,0.2054,0,241.74,playing,5
24.6498,-2.1137,0,0,0.2054,0,244.24,playing,5
24.6665,-1.8276,0,0,0.2054,0,246.87,playing,5
24.6832,-1.8276,0,0,0.22261,0,249.98,playing,5
24.7001,-1.8276,0,0,0.22261,0,253.41,playing,5
24.7161,-1.8276,0,0,0.22261,0,256.92,playing,5
24.7318,-1.8276,0,0,0.22261,0,260.71,playing,5
24.7502,-9.3937,0,0,0.27612,0,264.78,playing,5
24.766,-9.3937,0,0,0.27612,0,269.72,playing,5
24.7822,-9.3937,0,0,0.27612,0,274.4,playing,5
24.8003,7.1844,1,0,0.27612,0,279.68,playing,5
24.8174,7.1844,0,0,0.27612,0,273.01,playing,5
24.8351,-1.2888,0,0,0.27715,0,267.04,playing,5
24.8516,-1.2888,0,0,0.27715,0,261.38,playing,5
24.8681,-1.2888,0,0,0.27715,0,256.04,playing,5
24.8851,4.7893,0,0,0.27715,0,251.02,playing,5
24.9011,4.7893,0,0,,0,246.57,playing,5
24.9172,4.7893,0,0,,0,242.41,playing,5
24.9342,5.4818,0,0,,0,238.31,playing,5
24.95,5.4818,0,0,,0,234.72,playing,5
24.9657,5.4818,0,0,,0,231.42,playing,5
24.982,3.6113,0,0,,0,228.4,playing,5
24.998,3.6113,0,0,,0,225.67,playing,5
25.0142,1.0288,0,0,,0,223.21,playing,5
25.0299,1.0288,0,0,,0,221.04,playing,5
25.0455,1.0288,0,0,,0,219.14,playing,5
25.0624,0.2706,0,0,0.19913,0,217.53,playing,5
25.0787,0.2706,0,0,0.19913,0,216.14,playing,5
25.0952,0.2706,0,0,0.19913,0,215.11,playing,5
25.1124,0.1868,0,0,0.19913,0,214.33,playing,5
25.1293,0.1868,0,0,0.21762,0,213.87,playing,5
25.146,0.1868,0,0,0.21762,0,213.73,playing,5
25.162,-0.6457,0,0,0.21762,0,213.88,playing,5
25.1778,-0.6457,0,0,0.25099,1,214.31,playing,5
25.1937,-0.7127,0,0,0.25099,0,215.02,playing,5
25.2106,-0.7127,0,0,0.25099,0,216.02,playing,5
25.2268,-0.7127,0,0,0.25099,0,217.39,playing,5
25.2435,-0.6556,0,0,0.2279,0,218.96,playing,5
25.2602,-0.6556,0,0,0.2279,0,220.95,playing,5
25.2764,-0.6556,0,0,0.2279,0,223.11,playing,5
25.293,-0.8783,0,0,0.2279,0,225.72,playing,5
25.3087,-0.8783,0,0,0.2682,0,228.45,playing,5
25.3248,-0.8783,0,0,0.2682,0,231.47,playing,5
25.3406,-3.1411,0,0,0.2682,0,234.77,playing,5
25.3573,-3.1411,0,0,0.2682,0,238.35,playing,5
25.3736,-18.6315,1,0,,0,242.47,playing,5
25.3899,-18.6315,0,0,,0,236.51,playing,5
25.4062,-18.6315,0,0,,0,230.84,playing,5
25.4223,6.9188,0,0,,0,225.44,playing,5
25.439,6.9188,0,0,,0,220.03,playing,5
25.4549,6.9188,0,0,,0,215.21,playing,5
25.4715,-9.117,0,0,,0,210.68,playing,5
25.4886,-9.117,0,0,,0,206.18,playing,5
25.5048,-9.117,0,0,,0,202.0,playing,5
25.5206,2.5332,0,0,,0,198.35,playing,5
25.5373,2.5332,0,0,,0,194.98,playing,5
25.5538,8.4153,0,0,,0,191.71,playing,5
25.5706,8.4153,0,0,,0,188.92,playing,5
25.5865,8.4153,0,0,,0,186.28,playing,5
25.6033,5.5553,0,0,,0,184.07,playing,5
25.6198,5.5553,0,0,,0,182.04,playing,5
25.6362,5.5553,0,0,,0,180.41,playing,6
25.652,3.0014,0,0,,0,179.06,playing,6
25.6676,3.0014,0,0,,0,178.0,playing,6
25.6839,3.0014,0,0,,0,177.21,playing,6
25.7009,1.3397,0,0,,0,176.71,playing,6
25.7172,1.3397,0,0,0.21732,0,176.49,playing,6
25.7341,0.3956,0,0,0.21732,0,176.6,playing,6
25.7512,0.3956,0,0,0.21732,0,177.02,playing,6
25.7685,0.3956,0,0,0.23662,1,177.75,playing,6
25.7853,-0.2741,0,0,0.23662,0,178.81,playing,6
25.8016,-0.2741,0,0,0.23662,0,180.18,playing,6
25.8179,-0.2741,0,0,0.23662,0,181.76,playing,6
25.8353,-1.1596,0,0,0.25706,0,183.75,playing,6
25.8518,-1.1596,0,0,0.25706,0,186.06,playing,6
25.8682,-1.4155,0,0,0.25706,0,188.51,playing,6
25.8853,-1.4155,0,0,0.2502,0,191.44,playing,6
25.9023,-1.4155,0,0,0.2502,0,194.68,playing,6
25.9187,-1.4155,0,0,0.2502,0,198.24,playing,6
25.9355,-1.4155,0,0,0.25403,0,201.88,playing,6
25.9515,-1.4155,0,0,0.25403,0,206.05,playing,6
25.9704,-15.3235,1,0,0.25403,0,210.27,playing,6
25.9867,-15.3235,0,0,0.25403,0,203.26,playing,6
26.0028,-15.3235,0,0,0.23254,0,197.63,playing,6
26.0188,-15.3235,0,0,0.23254,0,192.29,playing,6
26.0354,-15.3235,0,0,0.23254,0,187.23,playing,6
26.0521,-15.3235,0,0,0.23254,0,182.17,playing,6
26.0681,-15.3235,0,0,,0,177.69,playing,6
26.0843,-15.3235,0,0,,0,173.49,playing,6
26.0995,8.4655,0,0,,0,169.57,playing,6
26.1167,8.4655,0,0,,0,165.94,playing,6
26.1329,8.4655,0,0,,0,162.39,playing,6
26.1489,8.4655,0,0,,0,159.34,playing,6
26.1652,8.4655,0,0,,0,156.57,playing,6
26.1821,13.4667,0,0,,0,154.08,playing,6
26.1983,11.9501,0,0,,0,151.75,playing,6
26.215,11.9501,0,0,,0,149.74,playing,6
26.2311,6.1609,0,0,,0,148.12,playing,6
26.2473,6.1609,0,0,,0,146.79,playing,6
26.263,6.1609,0,0,,0,145.75,playing,6
26.2789,4.8243,0,0,0.25802,0,144.98,playing,6
26.2946,4.8243,0,0,0.25802,0,144.5,playing,6
26.3115,4.8243,0,0,0.25802,0,144.29,playing,6
26.3277,1.813,0,0,0.25802,0,144.39,playing,6
26.3438,1.813,0,0,0.21025,0,144.77,playing,6
26.3599,1.813,0,0,0.21025,0,145.43,playing,6
26.3761,-0.0733,0,0,0.21025,0,146.37,playing,6
26.3925,-0.0733,0,0,0.19461,0,147.59,playing,6
26.4088,-0.0733,0,0,0.19461,0,149.21,playing,6
26.4255,-0.0733,0,0,0.19461,0,151.01,playing,6
26.442,-0.0733,0,0,0.19461,0,153.25,playing,6
26.4575,-1.9338,0,0,0.23611,1,155.63,playing,6
26.4744,-1.9338,0,0,0.23611,0,158.3,playing,6
26.491,-1.9338,0,0,0.23611,0,161.45,playing,6
26.5069,-2.0528,0,0,,0,164.69,playing,6
26.5226,-2.0528,0,0,,0,168.22,playing,6
26.5386,-2.0528,0,0,,0,172.03,playing,6
26.5573,-2.2065,0,0,,0,176.12,playing,6
26.5727,-2.2065,0,0,,0,180.79,playing,6
26.589,-1.5195,0,0,,0,185.77,playing,6
26.6056,-1.5195,0,0,,0,190.74,playing,6
26.6223,-1.5195,0,0,,0,196.34,playing,6
26.6392,-1.5195,0,0,,0,202.26,playing,6
26.6556,-1.5195,0,0,,0,208.49,playing,6
26.6719,-1.5195,0,0,,0,214.65,playing,6
26.6876,-10.9564,1,0,,0,221.08,playing,6
26.7044,-10.9564,0,0,,0,215.12,playing,6
26.7206,-10.9564,0,0,,0,209.44,playing,6
26.7375,-8.7938,0,0,,0,203.73,playing,6
26.7546,-8.7938,0,0,0.26541,0,198.33,playing,6
26.7724,2.6441,0,0,0.26541,0,193.25,playing,6
26.789,2.6441,0,0,0.26541,0,188.23,playing,6
26.8049,2.6441,0,0,0.26541,0,184.05,playing,6
26.8208,13.1737,0,0,,0,180.15,playing,6
26.8367,13.1737,0,0,,0,176.54,playing,6
26.8529,13.1737,0,0,,0,173.2,playing,6
26.8686,14.0457,0,0,0.16972,0,170.15,playing,6
26.8858,14.0457,0,0,0.16972,0,167.37,playing,6
26.9019,14.0457,0,0,0.16972,0,164.75,playing,6
26.9177,14.0457,0,0,0.16972,0,162.55,playing,6
26.9343,14.0457,0,0,0.15611,0,160.64,playing,6
26.95,5.8022,0,0,0.15611,0,159.01,playing,6
26.9666,5.8022,0,0,0.15611,0,157.67,playing,6
26.9836,5.8022,0,0,0.15611,0,156.55,playing,6
27.0001,0.9798,0,0,0.27295,1,155.76,playing,6
27.0158,0.9798,0,0,0.27295,0,155.29,playing,6
27.0318,0.9798,0,0,0.27295,0,155.11,playing,6
27.0478,-0.1563,0,0,0.27295,0,155.2,playing,6
27.0641,-0.1563,0,0,0.21519,0,155.58,playing,6
27.0794,-0.1563,0,0,0.21519,0,156.24,playing,6
27.0958,-1.354,0,0,0.21519,0,157.18,playing,6
27.1118,-1.354,0,0,0.21519,0,158.4,playing,6
27.1282,-1.354,0,0,0.19184,0,159.91,playing,6
27.1447,-1.354,0,0,0.19184,0,161.69,playing,6
27.1608,-1.354,0,0,0.19184,0,163.91,playing,6
27.1767,-1.9301,0,0,0.19184,0,166.27,playing,6
27.1931,-1.9301,0,0,0.28668,0,168.92,playing,6
27.2091,-1.9301,0,0,0.28668,0,171.85,playing,6
27.2248,-5.1831,0,0,0.28668,0,175.06,playing,6
27.2412,-5.1831,0,0,0.28668,0,178.55,playing,6
27.2567,-5.1831,0,0,0.243,0,182.33,playing,6
27.2734,-19.9072,1,0,0.243,0,186.38,playing,6
27.2886,-19.9072,0,0,0.243,0,180.43,playing,6
27.3058,-19.9072,0,0,0.243,0,174.75,playing,6
27.3222,-7.2656,0,0,0.25409,0,169.04,playing,6
27.3396,-7.2656,0,0,0.25409,0,163.64,playing,6
27.3554,-2.5504,0,0,0.25409,0,158.56,playing,6
27.3719,-2.5504,0,0,0.2719,0,154.06,playing,6
27.3878,-2.5504,0,0,0.2719,0,149.85,playing,6
27.4042,-2.7925,0,0,0.2719,0,145.91,playing,6
27.4217,-2.7925,0,0,0.2719,0,142.26,playing,6
27.4387,-2.7925,0,0,0.20338,0,138.51,playing,6
27.4554,-2.7925,0,0,0.20338,0,135.28,playing,6
27.4723,-2.7925,0,0,0.20338,0,132.37,playing,6
27.4893,3.0829,0,0,0.18748,0,129.78,playing,7
27.5069,3.0829,0,0,0.18748,0,127.51,playing,7
27.5225,3.0829,0,0,0.18748,0,125.55,playing,7
27.5388,3.0829,0,0,,0,124.0,playing,7
27.555,3.0829,0,0,,0,122.72,playing,7
27.5718,3.0829,0,0,,0,121.72,playing,7
27.5896,6.3457,0,0,,0,120.98,playing,7
27.6063,6.3457,0,0,0.15009,0,120.56,playing,7
27.6229,3.2184,0,0,0.15009,0,120.47,playing,7
27.6399,3.2184,0,0,0.15009,0,120.67,playing,7
27.6564,3.2184,0,0,0.23738,1,121.21,playing,7
27.6731,-0.0489,0,0,0.23738,0,122.06,playing,7
27.6887,-0.0489,0,0,0.23738,0,123.14,playing,7
27.7049,-0.0489,0,0,0.22663,0,124.5,playing,7
27.7209,-1.0254,0,0,0.22663,0,126.15,playing,7
27.7365,-1.0254,0,0,0.22663,0,128.07,playing,7
27.753,-1.0254,0,0,0.22663,0,130.28,playing,7
27.7694,-1.8372,0,0,0.23233,0,132.77,playing,7
27.7861,-1.8372,0,0,0.23233,0,135.73,playing,7
27.8025,-1.8372,0,0,0.23233,0,138.8,playing,7
27.8186,-1.8372,0,0,0.23233,0,142.38,playing,7
27.835,-1.8372,0,0,0.23233,0,146.03,playing,7
27.8507,-2.647,0,0,0.22553,0,149.97,playing,7
27.8676,-2.647,0,0,0.22553,0,154.18,playing,7
27.884,-2.647,0,0,0.22553,0,158.98,playing,7
27.8997,-3.4688,0,0,0.22553,0,163.77,playing,7
27.9162,-3.4688,0,0,0.25093,0,168.85,playing,7
27.9322,-3.4688,0,0,0.25093,0,174.21,playing,7
27.9481,-3.3112,0,0,0.25093,0,179.85,playing,7
27.9645,-3.3112,0,0,0.25093,0,185.77,playing,7
27.9807,-3.3112,0,0,0.25129,0,192.38,playing,7
27.9974,-16.9694,1,0,0.25129,0,198.88,playing,7
28.0139,-16.9694,0,0,0.25129,0,192.57,playing,7
28.03,-16.3213,0,0,0.25129,0,186.91,playing,7
28.0461,-16.3213,0,0,0.22565,0,181.53,playing,7
28.0623,-16.3213,0,0,0.22565,0,176.44,playing,7
28.0785,-10.4812,0,0,0.22565,0,171.34,playing,7
28.0955,-10.4812,0,0,0.22565,0,166.82,playing,7
28.1118,-10.4812,0,0,,0,162.35,playing,7
28.1287,-1.8584,0,0,,0,158.41,playing,7
28.1453,-1.8584,0,0,,0,154.55,playing,7
28.1623,-1.8584,0,0,,0,151.0,playing,7
28.179,-1.8584,0,0,,0,147.78,playing,7
28.1956,-1.8584,0,0,,0,145.02,playing,7
28.2116,9.6077,0,0,,0,142.41,playing,7
28.2278,9.6077,0,0,0.15741,0,140.24,playing,7
28.2438,9.6077,0,0,0.15741,0,138.35,playing,7
28.2606,7.4325,0,0,0.15741,0,136.73,playing,7
28.2769,7.4325,0,0,0.15741,0,135.34,playing,7
28.2942,7.4325,0,0,0.14412,0,134.31,playing,7
28.3104,7.4325,0,0,0.14412,0,133.51,playing,7
28.3267,7.4325,0,0,0.14412,0,133.08,playing,7
28.3429,4.9913,0,0,0.14412,0,132.92,playing,7
28.3594,2.027,0,0,0.14412,0,133.06,playing,7
28.3767,2.027,0,0,0.23524,1,133.51,playing,7
28.3934,1.3242,0,0,0.23524,0,134.29,playing,7
28.4103,1.3242,0,0,0.23524,0,135.38,playing,7
28.4271,1.3242,0,0,0.19772,0,136.79,playing,7
28.4436,-0.6115,0,0,0.19772,0,138.4,playing,7
28.4597,-0.6115,0,0,0.19772,0,140.43,playing,7
28.4768,-0.6115,0,0,0.19772,0,142.62,playing,7
28.4929,-0.6115,0,0,0.27842,0,145.27,playing,7
28.5091,-0.6115,0,0,0.27842,0,148.04,playing,7
28.5256,-1.4082,0,0,0.27842,0,151.09,playing,7
28.5417,-1.4082,0,0,0.27842,0,154.65,playing,7
28.5578,-1.4082,0,0,0.26126,0,158.28,playing,7
28.5775,-2.2063,0,0,0.26126,0,162.2,playing,7
28.5933,-2.2063,0,0,0.26126,0,167.25,playing,7
28.6097,-2.2063,0,0,0.26126,0,172.08,playing,7
28.6258,-1.8394,0,0,0.28307,0,176.91,playing,7
28.642,-1.8394,0,0,0.28307,0,182.02,playing,7
28.6586,-1.4327,0,0,0.28307,0,187.42,playing,7
28.6751,-1.4327,0,0,0.28307,0,193.46,playing,7
28.6915,-1.4327,0,0,0.24739,0,199.44,playing,7
28.7086,-1.2552,0,0,0.24739,0,206.1,playing,7
28.7252,-1.2552,0,0,0.24739,0,213.09,playing,7
28.7429,-1.2552,0,0,0.24739,0,220.39,playing,7
28.7589,-1.6321,0,0,0.25794,0,228.01,playing,7
28.7747,-1.6321,0,0,0.25794,0,235.46,playing,7
28.7917,-9.9254,0,0,0.25794,0,243.2,playing,7
28.8087,-17.7863,1,0,0.25424,0,251.73,playing,7
28.8253,-17.7863,0,0,0.25424,0,245.42,playing,7
28.842,-10.4695,0,0,0.25424,0,239.43,playing,7
28.8606,-10.4695,0,0,0.25424,0,234.07,playing,7
28.8773,-10.4695,0,0,0.25424,0,228.1,playing,7
28.8943,2.7217,0,0,0.25424,0,223.08,playing,7
28.911,2.7217,0,0,0.25424,0,218.37,playing,7
28.9268,13.4861,0,0,0.26828,0,214.23,playing,7
28.9434,13.4861,0,0,0.26828,0,210.36,playing,7
28.9598,13.4861,0,0,0.26828,0,206.57,playing,7
28.9766,13.5107,0,0,0.26828,0,203.29,playing,7
28.9932,13.5107,0,0,0.19226,0,200.12,playing,7
29.0092,13.5107,0,0,0.19226,0,197.42,playing,7
29.026,8.4589,0,0,0.19226,0,194.87,playing,7
29.0431,8.4589,0,0,0.19226,0,192.74,playing,7
29.0615,6.2033,0,0,0.18186,0,190.62,playing,7
29.0787,6.2033,0,0,0.18186,0,189.04,playing,7
29.0949,6.2033,0,0,0.18186,0,187.78,playing,7
29.1109,6.2033,0,0,0.2432,1,186.87,playing,7
29.1269,6.2033,0,0,0.2432,0,186.24,playing,7
29.1431,6.2033,0,0,0.2432,0,185.9,playing,7
29.1595,1.4959,0,0,0.2432,0,185.84,playing,7
29.1755,1.4959,0,0,0.23949,0,186.06,playing,7
29.1921,1.4959,0,0,0.23949,0,186.61,playing,7
29.2087,0.3327,0,0,0.23949,0,187.41,playing,7
29.2252,0.3327,0,0,0.23949,0,188.58,playing,7
29.2413,-0.8345,0,0,0.23611,0,189.96,playing,7
29.2585,-0.8345,0,0,0.23611,0,191.74,playing,7
29.2747,-0.8345,0,0,0.23611,0,193.84,playing,7
29.2905,-1.1929,0,0,0.23611,0,196.11,playing,7
29.3066,-1.1929,0,0,0.2751,0,198.65,playing,7
29.3233,-1.1929,0,0,0.2751,0,201.47,playing,7
29.3395,-1.5302,0,0,0.2751,0,204.79,playing,8
29.3558,-1.5302,0,0,0.2751,0,208.19,playing,8
29.372,-1.5302,0,0,0.2747,0,211.88,playing,8
29.3886,-2.6132,0,0,0.2747,0,215.85,playing,8
29.4052,-2.6132,0,0,0.2747,0,220.38,playing,8
29.4225,-20.0068,1,0,0.2747,0,225.23,playing,8
29.4386,-13.9549,0,0,0.28313,0,218.92,playing,8
29.4552,-13.9549,0,0,0.28313,0,213.26,playing,8
29.4721,-7.7929,0,0,0.28313,0,207.57,playing,8
29.4878,-7.7929,0,0,0.28313,0,202.49,playing,8
29.5066,-7.7929,0,0,0.26141,0,197.69,playing,8
29.5229,-7.7929,0,0,0.26141,0,192.39,playing,8
29.5388,-7.7929,0,0,0.26141,0,188.21,playing,8
29.5557,-7.7929,0,0,0.26141,0,184.31,playing,8
29.5748,13.0561,0,0,0.26141,0,180.28,playing,8
29.5929,13.0561,0,0,0.17391,0,176.61,playing,8
29.6087,12.047,0,0,0.17391,0,173.29,playing,8
29.6255,12.047,0,0,0.17391,0,170.63,playing,8
29.6422,12.047,0,0,0.17391,0,168.11,playing,8
29.659,12.047,0,0,0.17391,0,165.91,playing,8
29.676,12.047,0,0,0.16969,0,164.12,playing,8
29.6922,12.047,0,0,0.16969,0,162.54,playing,8
29.7085,12.047,0,0,0.16969,0,161.34,playing,8
29.7252,12.047,0,0,0.16969,0,160.37,playing,8
29.7415,3.4153,0,0,0.16969,0,159.75,playing,8
29.7595,0.4456,0,0,0.24047,1,159.4,playing,8
29.7762,0.4456,0,0,0.24047,0,159.39,playing,8
29.7931,-0.2243,0,0,0.24047,0,159.66,playing,8
29.8093,-0.2243,0,0,0.24047,0,160.27,playing,8
29.8261,-0.2243,0,0,0.24022,0,161.19,playing,8
29.8419,-1.4135,0,0,0.24022,0,162.35,playing,8
29.8576,-1.4135,0,0,0.24022,0,163.78,playing,8
29.8742,-2.1073,0,0,0.24022,0,165.49,playing,8
29.8902,-2.1073,0,0,0.24633,0,167.49,playing,8
29.9073,-2.1073,0,0,0.24633,0,169.93,playing,8
29.926,-2.4349,0,0,0.24633,0,172.69,playing,8
29.9432,-2.4349,0,0,0.24633,0,176.17,playing,8
29.959,-2.4349,0,0,0.24633,0,179.38,playing,8
29.975,-2.0113,0,0,0.24633,0,182.87,playing,8
29.9911,-2.0113,0,0,0.28265,0,186.65,playing,8
30.0081,-2.2131,0,0,0.28265,0,190.7,playing,8
30.0233,-2.2131,0,0,0.28265,0,195.33,playing,8
30.04,-2.2131,0,0,0.28265,0,199.97,playing,8
30.0565,-18.5627,1,0,0.28265,0,204.88,playing,8
30.0735,-18.5627,0,0,0.30208,0,198.57,playing,8
30.0896,-18.5627,0,0,0.30208,0,192.58,playing,8
30.1062,-5.4652,0,0,0.30208,0,187.22,playing,8
30.1232,-5.4652,0,0,0.30208,0,181.84,playing,8
30.1391,-5.4652,0,0,0.21957,0,177.06,playing,8
30.1552,-3.1753,0,0,0.21957,0,172.56,playing,8
30.1711,-3.1753,0,0,0.21957,0,168.35,playing,8
30.1869,9.2032,0,0,0.21957,0,164.41,playing,8
30.2035,9.2032,0,0,0.21957,0,160.76,playing,8
30.2203,9.2032,0,0,0.16734,0,157.2,playing,8
30.2369,13.4513,0,0,0.16734,0,153.95,playing,8
30.2536,13.4513,0,0,0.16734,0,151.18,playing,8
30.2698,13.4513,0,0,0.16734,0,148.55,playing,8
30.2861,10.4153,0,0,0.15909,0,146.36,playing,8
30.3019,10.4153,0,0,0.15909,0,144.45,playing,8
30.3181,10.4153,0,0,0.15909,0,142.82,playing,8
30.3354,4.8418,0,0,0.15909,0,141.41,playing,8
30.3533,4.8418,0,0,0.16422,0,140.31,playing,8
30.3706,4.8418,0,0,0.16422,0,139.51,playing,8
30.3861,4.8418,0,0,0.16422,0,139.08,playing,8
30.4023,4.8418,0,0,0.16422,0,138.93,playing,8
30.4181,1.3558,0,0,0.16422,0,139.06,playing,8
30.4343,1.3558,0,0,0.16422,1,139.47,playing,8
30.4508,1.3558,0,0,0.27998,0,140.17,playing,8
30.4672,-0.7834,0,0,0.27998,0,141.22,playing,8
30.484,-0.7834,0,0,0.27998,0,142.59,playing,8
30.5001,-0.7834,0,0,0.27998,0,144.17,playing,8
30.5185,-1.8094,0,0,0.29094,0,146.03,playing,8
30.5355,-1.8094,0,0,0.29094,0,148.63,playing,8
30.5544,-2.0945,0,0,0.29094,0,151.27,playing,8
30.571,-2.9623,0,0,0.29094,0,154.63,playing,8
30.5876,-2.9623,0,0,0.29094,0,157.73,playing,8
30.6027,-3.266,0,0,0.29351,0,161.12,playing,8
30.6192,-3.266,0,0,0.29351,0,164.79,playing,8
30.6362,-2.8831,0,0,0.29351,0,169.0,playing,8
30.6533,-2.8831,0,0,0.29351,0,173.54,playing,8
30.6718,-2.8831,0,0,0.29351,0,178.39,playing,8
30.6882,-2.387,0,0,0.27271,0,183.88,playing,8
30.7041,-2.387,0,0,0.27271,0,189.05,playing,8
30.7201,-2.387,0,0,0.27271,0,194.49,playing,8
30.7354,-6.6111,0,0,0.27271,0,200.22,playing,8
30.7524,-6.6111,0,0,0.29792,0,206.23,playing,8
30.7692,-6.6111,0,0,0.29792,0,212.93,playing,8
30.7864,-13.7714,1,0,0.29792,0,219.95,playing,8
30.8027,-13.7714,0,0,0.25774,0,213.64,playing,8
30.819,-8.2835,0,0,0.25774,0,207.98,playing,8
30.8347,-8.2835,0,0,0.25774,0,202.61,playing,8
30.851,-8.2835,0,0,0.25774,0,197.51,playing,8
30.869,-8.2835,0,0,0.25774,0,192.7,playing,8
30.8857,-8.2835,0,0,0.2128,0,187.38,playing,8
30.9015,-8.2835,0,0,0.2128,0,183.18,playing,8
30.9176,1.7529,0,0,0.2128,0,179.26,playing,8
30.9343,1.7529,0,0,0.2128,0,175.63,playing,8
30.9511,1.7529,0,0,0.20761,0,172.08,playing,8
30.9667,12.5132,0,0,0.20761,0,169.03,playing,8
30.9836,12.5132,0,0,0.20761,0,166.25,playing,8
30.9998,15.1924,0,0,0.20761,0,163.63,playing,8
31.0161,15.1924,0,0,0.16426,0,161.43,playing,8
31.0322,15.1924,0,0,0.16426,0,159.52,playing,8
31.0478,11.3885,0,0,0.16426,0,157.89,playing,8
31.065,11.3885,0,0,0.16426,0,156.55,playing,8
31.0807,11.3885,0,0,0.16751,0,155.43,playing,8
31.0975,5.2654,0,0,0.16751,0,154.67,playing,8
31.1144,5.2654,0,0,0.16751,0,154.17,playing,8
31.1311,5.2654,0,0,0.19214,0,153.99,playing,8
31.1473,2.8882,0,0,0.19214,0,154.11,playing,8
31.1638,2.8882,0,0,0.19214,0,154.54,playing,8
31.1796,1.1525,0,0,0.19214,0,155.24,playing,8
31.1955,1.1525,0,0,0.19214,0,156.21,playing,9
31.2125,1.1525,0,0,0.26105,1,157.47,playing,9
31.2292,-0.3898,0,0,0.26105,0,159.13,playing,9
31.2466,-0.3898,0,0,0.26105,0,161.1,playing,9
31.2628,-0.3898,0,0,0.26105,0,163.39,playing,9
31.2785,-1.2281,0,0,0.26105,0,165.83,playing,9
31.2951,-1.2281,0,0,0.24657,0,168.54,playing,9
31.3113,-1.2281,0,0,0.24657,0,171.54,playing,9
31.3279,-1.6733,0,0,0.24657,0,175.05,playing,9
31.3436,-1.6733,0,0,0.26159,0,178.63,playing,9
31.3606,-2.8988,0,0,0.26159,0,182.49,playing,9
31.3769,-2.8988,0,0,0.26159,0,186.91,playing,9
31.3933,-2.8988,0,0,0.26046,0,191.36,playing,9
31.4101,-3.5784,0,0,0.26046,0,196.4,playing,9
31.4265,-3.5784,0,0,0.26046,0,201.42,playing,9
31.4435,-3.5784,0,0,0.26046,0,207.08,playing,9
31.4615,-19.0107,1,0,0.2751,0,213.05,playing,9
31.4775,-19.0107,0,0,0.2751,0,206.39,playing,9
31.4945,-14.8971,0,0,0.2751,0,200.74,playing,9
31.5116,-14.8971,0,0,0.2751,0,195.07,playing,9
31.5303,-14.8971,0,0,0.24731,0,189.71,playing,9
31.5466,-4.1635,0,0,0.24731,0,184.12,playing,9
31.5633,-4.1635,0,0,0.24731,0,179.69,playing,9
31.5797,-4.1635,0,0,0.24731,0,175.3,playing,9
31.5959,-4.1635,0,0,0.18495,0,171.46,playing,9
31.612,-4.1635,0,0,0.18495,0,167.89,playing,9
31.6281,11.3485,0,0,0.18495,0,164.61,playing,9
31.6442,11.3485,0,0,0.18495,0,161.61,playing,9
31.6615,11.3485,0,0,0.15813,0,158.74,playing,9
31.6776,13.5627,0,0,0.15813,0,156.18,playing,9
31.6946,13.5627,0,0,0.15813,0,154.06,playing,9
31.7113,13.5627,0,0,0.15813,0,152.13,playing,9
31.7273,10.7022,0,0,0.18717,0,150.51,playing,9
31.744,10.7022,0,0,0.18717,0,149.27,playing,9
31.7599,10.7022,0,0,0.18717,0,148.31,playing,9
31.7763,10.7022,0,0,0.18717,0,147.63,playing,9
31.7927,10.7022,0,0,0.20144,0,147.22,playing,9
31.8086,7.248,0,0,0.20144,0,147.13,playing,9
31.8248,7.248,0,0,0.20144,0,147.31,playing,9
31.8436,7.248,0,0,0.20144,1,147.78,playing,9
31.8597,-0.0603,0,0,0.22937,0,148.73,playing,9
31.8766,-0.0603,0,0,0.22937,0,149.81,playing,9
31.8937,-0.0603,0,0,0.22937,0,151.28,playing,9
31.9104,-0.9182,0,0,0.25763,0,153.06,playing,9
31.927,-0.9182,0,0,0.25763,0,155.16,playing,9
31.9432,-1.439,0,0,0.25763,0,157.42,playing,9
31.9606,-1.439,0,0,0.25763,0,160.14,playing,9
31.9765,-1.439,0,0,0.24339,0,163.18,playing,9
31.993,-1.7571,0,0,0.24339,0,166.32,playing,9
32.0091,-1.7571,0,0,0.24339,0,169.75,playing,9
32.0255,-1.7571,0,0,0.24339,0,173.45,playing,9
32.0423,-1.9705,0,0,0.24339,0,177.7,playing,9
32.0583,-1.9705,0,0,0.27233,0,181.99,playing,9
32.075,-1.6356,0,0,0.27233,0,186.86,playing,9
32.0907,-1.6356,0,0,0.27233,0,191.72,playing,9
32.1083,-1.6356,0,0,0.27233,0,196.87,playing,9
32.1248,-1.9539,0,0,0.29775,0,203.02,playing,9
32.1413,-1.9539,0,0,0.29775,0,208.76,playing,9
32.1585,-1.9539,0,0,0.29775,0,215.19,playing,9
32.1763,-2.2207,0,0,0.29775,0,221.93,playing,9
32.1936,-2.2207,0,0,0.28239,0,229.42,playing,9
32.21,-2.2207,0,0,0.28239,0,236.81,playing,9
32.2264,-2.4577,0,0,0.28239,0,244.06,playing,9
32.2435,-2.4577,0,0,0.28006,0,252.07,playing,9
32.2599,-2.2751,0,0,0.28006,0,260.4,playing,9
32.2761,-2.2751,0,0,0.28006,0,268.52,playing,9
32.2918,-2.2751,0,0,0.28006,0,276.92,playing,9
32.3076,-2.5661,0,0,0.27697,0,285.61,playing,9
32.324,-2.5661,0,0,0.27697,0,294.57,playing,9
32.3396,-2.5661,0,0,0.27697,0,303.82,playing,9
32.3555,-13.4557,1,0,0.27697,0,313.35,playing,9
32.3724,-13.4557,0,0,0.28441,0,307.39,playing,9
32.3887,-13.4557,0,0,0.28441,0,301.38,playing,9
32.4047,-7.8277,0,0,0.28441,0,296.0,playing,9
32.4214,-7.8277,0,0,0.28441,0,290.91,playing,9
32.4383,3.4202,0,0,0.24304,0,285.81,playing,9
32.4557,3.4202,0,0,0.24304,0,281.03,playing,9
32.4718,3.4202,0,0,0.24304,0,276.57,playing,9
32.4882,12.1985,0,0,0.24304,0,272.65,playing,9
32.5038,12.1985,0,0,0.15939,0,269.02,playing,9
32.5197,12.1985,0,0,0.15939,0,265.67,playing,9
32.5367,12.1985,0,0,0.15939,0,262.59,playing,9
32.5531,12.1985,0,0,0.15939,0,259.65,playing,9
32.5693,12.1985,0,0,0.19488,0,257.16,playing,9
32.5858,10.1324,0,0,0.19488,0,254.83,playing,9
32.602,10.1324,0,0,0.19488,0,252.92,playing,9
32.6198,7.0162,0,0,0.19488,0,251.29,playing,9
32.6356,7.0162,0,0,0.19488,0,249.81,playing,9
32.6518,7.0162,0,0,0.23968,1,248.78,playing,9
32.6683,3.0761,0,0,0.23968,0,248.03,playing,9
32.6845,3.0761,0,0,0.23968,0,247.57,playing,9
32.7026,3.0761,0,0,0.23968,0,247.39,playing,9
32.7187,1.5462,0,0,0.23607,0,247.55,playing,9
32.7347,1.5462,0,0,0.23607,0,247.99,playing,9
32.7505,1.5462,0,0,0.23607,0,248.7,playing,9
32.7688,0.2688,0,0,0.23607,0,249.69,playing,9
32.7849,0.2688,0,0,0.22892,0,251.16,playing,9
32.8009,-1.496,0,0,0.22892,0,252.76,playing,9
32.8173,-1.496,0,0,0.22892,0,254.63,playing,9
32.8355,-1.496,0,0,0.22892,0,256.94,playing,9
32.8519,-2.0291,0,0,0.30899,0,259.74,playing,9
32.868,-2.0291,0,0,0.30899,0,262.51,playing,9
32.8834,-2.0291,0,0,0.30899,0,265.56,playing,9
32.9006,-2.1089,0,0,0.30899,0,268.9,playing,9
32.9168,-2.1089,0,0,0.2746,0,272.76,playing,9
32.9332,-4.8581,0,0,0.2746,0,276.67,playing,9
32.9505,-4.8581,0,0,0.2746,0,281.15,playing,9
32.9675,-4.8581,0,0,0.2746,0,285.95,playing,9
32.9861,-17.0189,1,0,0.2746,0,291.06,playing,9
33.0076,-17.0189,0,0,0.25857,0,284.4,playing,9
33.0298,-10.5819,0,0,0.25857,0,276.79,playing,9
33.0504,-10.5819,0,0,0.25857,0,269.71,playing,10
33.0669,-5.711,0,0,0.25857,0,263.43,playing,10
33.0831,-5.711,0,0,0.25857,0,258.94,playing,10
33.0997,-5.711,0,0,0.25092,0,254.47,playing,10
33.1172,12.0581,0,0,0.25092,0,250.56,playing,10
33.1329,12.0581,0,0,0.25092,0,246.71,playing,10
33.1505,12.0581,0,0,0.25092,0,243.38,playing,10
33.1672,14.1977,0,0,0.19114,0,239.98,playing,10
33.1842,14.1977,0,0,0.19114,0,237.09,playing,10
33.2017,9.3218,0,0,0.19114,0,234.65,playing,10
33.2197,9.3218,0,0,0.19114,0,232.27,playing,10
33.2363,9.3218,0,0,0.18303,0,230.24,playing,10
33.2529,6.314,0,0,0.18303,0,228.64,playing,10
33.2696,6.314,0,0,0.18303,0,227.41,playing,10
33.2871,6.314,0,0,0.18303,0,226.43,playing,10
33.304,4.4592,0,0,0.17445,0,225.75,playing,10
33.3197,4.4592,0,0,0.17445,0,225.42,playing,10
33.3361,2.4457,0,0,0.17445,0,225.37,playing,10
33.3547,1.1121,0,0,0.17445,0,225.65,playing,10
33.3715,1.1121,0,0,0.18774,0,226.29,playing,10
33.3877,1.1121,0,0,0.18774,0,227.21,playing,10
33.404,1.1121,0,0,0.18774,0,228.36,playing,10
33.4204,1.1121,0,0,0.24339,1,229.8,playing,10
33.4376,-1.6399,0,0,0.24339,0,231.64,playing,10
33.4532,-1.6399,0,0,0.24339,0,233.65,playing,10
33.4705,-1.6399,0,0,0.24339,0,235.95,playing,10
33.4865,-1.6399,0,0,0.24724,0,238.89,playing,10
33.5026,-1.6399,0,0,0.24724,0,241.78,playing,10
33.5194,-2.6425,0,0,0.24724,0,244.96,playing,10
33.5372,-2.6425,0,0,0.24724,0,248.65,playing,10
33.5528,-2.6425,0,0,0.24094,0,252.66,playing,10
33.5697,-2.3624,0,0,0.24094,0,256.72,playing,10
33.5861,-2.3624,0,0,0.24094,0,261.35,playing,10
33.6017,-2.3624,0,0,0.24094,0,265.98,playing,10
33.6176,-2.4503,0,0,0.27597,0,270.9,playing,10
33.6347,-2.4503,0,0,0.27597,0,276.1,playing,10
33.6527,-10.4143,0,0,0.27597,0,281.94,playing,10
33.6694,-18.8676,1,0,0.27597,0,288.49,playing,10
33.6859,-18.8676,0,0,0.27597,0,282.17,playing,10
33.7075,-11.4324,0,0,0.23701,0,276.52,playing,10
33.7276,-11.4324,0,0,0.23701,0,269.27,playing,10
33.7457,-7.7287,0,0,0.23701,0,263.12,playing,10
33.7619,-7.7287,0,0,0.23701,0,257.94,playing,10
33.7776,-7.7287,0,0,0.23701,0,253.62,playing,10
33.7947,13.1785,0,0,0.27063,0,249.58,playing,10
33.8117,13.1785,0,0,0.27063,0,245.6,playing,10
33.8282,13.1785,0,0,0.27063,0,241.94,playing,10
33.8454,12.1961,0,0,0.27063,0,238.61,playing,10
33.8623,12.1961,0,0,0.18564,0,235.59,playing,10
33.8777,9.6174,0,0,0.18564,0,233.02,playing,10
33.8944,7.4409,0,0,0.18564,0,230.74,playing,10
33.9116,7.4409,0,0,0.18564,0,228.64,playing,10
33.9277,5.1827,0,0,0.17673,0,226.85,playing,10
33.9438,5.1827,0,0,0.17673,0,225.45,playing,10
33.9596,5.1827,0,0,0.17673,0,224.33,playing,10
33.9768,3.2554,0,0,0.17673,1,223.5,playing,10
33.9928,3.2554,0,0,0.24281,0,222.93,playing,10
34.0087,3.2554,0,0,0.24281,0,222.67,playing,10
34.0249,0.6643,0,0,0.24281,0,222.7,playing,10
34.0417,0.6643,0,0,0.22172,0,223.0,playing,10
34.058,0.6643,0,0,0.22172,0,223.65,playing,10
34.0741,0.6643,0,0,0.22172,0,224.53,playing,10
34.0897,0.6643,0,0,0.22172,0,225.7,playing,10
34.1077,-0.6986,0,0,0.24062,0,227.16,playing,10
34.1242,-1.201,0,0,0.24062,0,229.14,playing,10
34.1413,-1.201,0,0,0.24062,0,231.34,playing,10
34.1575,-1.7071,0,0,0.24062,0,233.86,playing,10
34.1742,-1.7071,0,0,0.24062,0,236.5,playing,10
34.1906,-1.7071,0,0,0.24481,0,239.63,playing,10
34.2073,-1.3566,0,0,0.24481,0,242.86,playing,10
34.2238,-1.3566,0,0,0.24481,0,246.61,playing,10
34.2407,-2.7225,0,0,0.24481,0,250.42,playing,10
34.258,-2.7225,0,0,0.24063,0,255.06,playing,10
34.2742,-2.7225,0,0,0.24063,0,259.47,playing,10
34.2901,-6.4859,0,0,0.24063,0,264.16,playing,10
34.3061,-6.4859,0,0,0.24063,0,269.13,playing,10
34.3218,-6.4859,0,0,0.28252,0,274.39,playing,10
34.3379,-6.4859,0,0,0.28252,0,279.92,playing,10
34.3537,-6.4859,0,0,0.28252,0,285.74,playing,10
34.3707,-6.4859,0,0,0.28252,0,291.83,playing,10
34.387,-11.0532,1,0,0.24413,0,298.63,playing,10
34.4033,-11.0532,0,0,0.24413,0,292.67,playing,10
34.4202,-5.016,0,0,0.24413,0,286.66,playing,10
34.4361,-5.016,0,0,0.18167,0,281.28,playing,10
34.4517,-5.016,0,0,0.18167,0,276.19,playing,10
34.4683,-0.7972,0,0,0.18167,0,271.37,playing,10
34.485,-0.7972,0,0,0.18167,0,266.57,playing,10
34.5016,-0.7972,0,0,0.18167,0,262.34,playing,10
34.5185,4.0211,0,0,0.18167,0,258.16,playing,10
34.5351,4.0211,0,0,0.18167,0,254.3,playing,10
34.5509,10.5318,0,0,0.17438,0,250.94,playing,10
34.5671,14.8022,0,0,0.17438,0,247.87,playing,10
34.5832,14.8022,0,0,0.17438,0,245.08,playing,10
34.6003,13.3219,0,0,0.17438,0,242.43,playing,10
34.6172,13.3219,0,0,0.18374,0,240.11,playing,10
34.6334,13.3219,0,0,0.18374,0,238.19,playing,10
34.65,10.6929,0,0,0.18374,0,236.48,playing,10
34.6658,10.6929,0,0,0.19504,0,235.15,playing,10
34.6815,10.6929,0,0,0.19504,0,234.11,playing,10
34.6976,5.1766,0,0,0.19504,0,233.34,playing,10
34.7137,5.1766,0,0,0.19504,0,232.85,playing,10
34.7308,5.1766,0,0,0.1945,0,232.65,playing,10
34.7467,3.0499,0,0,0.1945,0,232.75,playing,10
34.7635,3.0499,0,0,0.1945,0,233.13,playing,10
34.7817,0.4103,0,0,0.1945,0,233.85,playing,10
34.798,0.4103,0,0,0.1945,0,234.97,playing,10
34.8141,0.4103,0,0,0.27459,1,236.24,playing,10
34.8305,-0.9519,0,0,0.27459,0,237.8,playing,10
34.8465,-0.9519,0,0,0.27459,0,239.77,playing,10
34.8648,-0.9519,0,0,0.27459,0,241.91,playing,10
34.8816,-2.2773,0,0,0.2474,0,244.84,playing,10
34.8987,-2.2773,0,0,0.2474,0,247.6,playing,11
34.9151,-2.3438,0,0,0.2474,0,250.84,playing,11
34.9311,-2.3438,0,0,0.2474,0,254.18,playing,11
34.947,-2.3438,0,0,0.26667,0,257.79,playing,11
34.963,-2.9258,0,0,0.26667,0,261.69,playing,11
34.9794,-2.9258,0,0,0.26667,0,265.87,playing,11
34.9965,-2.9258,0,0,0.26667,0,270.63,playing,11
35.0195,-2.3022,0,0,0.29651,0,275.7,playing,11
35.0365,-2.3022,0,0,0.29651,0,283.15,playing,11
35.0526,-3.4239,0,0,0.29651,0,288.98,playing,11
35.0692,-3.4239,0,0,0.29651,0,294.74,playing,11
35.0854,-3.4239,0,0,0.26457,0,301.18,playing,11
35.1018,-14.0516,1,0,0.26457,0,307.53,playing,11
35.1186,-14.0516,0,0,0.26457,0,301.57,playing,11
35.1336,-14.0516,0,0,0.26538,0,295.89,playing,11
35.1497,-5.0381,0,0,0.26538,0,290.5,playing,11
35.1658,-5.0381,0,0,0.26538,0,285.38,playing,11
35.1818,-2.2602,0,0,0.26538,0,280.55,playing,11
35.1987,-2.2602,0,0,0.19835,0,276.0,playing,11
35.2149,-2.2602,0,0,0.19835,0,271.48,playing,11
35.2313,5.935,0,0,0.19835,0,267.51,playing,11
35.2502,5.935,0,0,0.19835,0,263.61,playing,11
35.2665,5.935,0,0,0.17844,0,259.84,playing,11
35.2827,10.4326,0,0,0.17844,0,256.59,playing,11
35.2992,10.4326,0,0,0.17844,0,253.82,playing,11
35.3166,9.5168,0,0,0.19392,0,251.19,playing,11
35.3326,8.4699,0,0,0.19392,0,248.88,playing,11
35.3486,8.4699,0,0,0.19392,0,246.99,playing,11
35.3652,5.8318,0,0,0.19392,0,245.38,playing,11
35.3813,5.8318,0,0,0.2247,1,244.05,playing,11
35.3981,5.8318,0,0,0.2247,0,242.96,playing,11
35.4142,3.7297,0,0,0.2247,0,242.21,playing,11
35.4311,3.7297,0,0,0.2247,0,241.73,playing,11
35.4468,3.7297,0,0,0.24759,0,241.56,playing,11
35.4627,0.5724,0,0,0.24759,0,241.67,playing,11
35.4786,0.5724,0,0,0.24759,0,242.07,playing,11
35.4953,0.5724,0,0,0.24759,0,242.75,playing,11
35.5123,0.0696,0,0,0.24759,0,243.78,playing,11
35.529,0.0696,0,0,0.24759,0,245.14,playing,11
35.545,0.0696,0,0,0.24759,0,246.7,playing,11
35.5609,0.0696,0,0,0.24759,0,248.53,playing,11
35.5773,0.0696,0,0,0.24759,0,250.65,playing,11
35.5963,-1.2965,0,0,0.24281,0,253.22,playing,11
35.6133,-1.2965,0,0,0.24281,0,256.49,playing,11
35.6296,-1.2965,0,0,0.24281,0,259.74,playing,11
35.6464,-1.3178,0,0,0.24281,0,263.07,playing,11
35.6631,-1.3178,0,0,0.28485,0,266.93,playing,11
35.6792,-1.583,0,0,0.28485,0,270.85,playing,11
35.6949,-1.583,0,0,0.28485,0,275.04,playing,11
35.7126,-1.583,0,0,0.28485,0,279.52,playing,11
35.7287,-2.7915,0,0,0.29519,0,284.92,playing,11
35.7449,-2.7915,0,0,0.29519,0,289.99,playing,11
35.7616,-2.7915,0,0,0.29519,0,295.35,playing,11
35.7782,-13.45,1,0,0.27917,0,301.36,playing,11
35.7939,-13.45,0,0,0.27917,0,295.41,playing,11
35.8102,-13.45,0,0,0.27917,0,289.73,playing,11
35.8262,-13.45,0,0,0.27917,0,284.33,playing,11
35.8419,-13.45,0,0,0.24385,0,279.22,playing,11
35.8583,-1.9178,0,0,0.24385,0,274.39,playing,11
35.8753,-1.9178,0,0,0.24385,0,269.57,playing,11
35.8923,-1.9178,0,0,0.24385,0,265.07,playing,11
35.9098,-1.9178,0,0,0.19337,0,260.89,playing,11
35.926,-1.9178,0,0,0.19337,0,257.03,playing,11
35.9418,-1.9178,0,0,0.19337,0,253.68,playing,11
35.9584,-1.9178,0,0,0.19337,0,250.61,playing,11
35.9764,-1.9178,0,0,0.21627,0,247.51,playing,11
35.9931,12.3233,0,0,0.21627,0,244.9,playing,11
36.0093,9.6849,0,0,0.21627,0,242.72,playing,11
36.0265,9.6849,0,0,0.18439,0,240.73,playing,11
36.0431,6.9831,0,0,0.18439,0,239.05,playing,11
36.0598,6.9831,0,0,0.18439,0,237.76,playing,11
36.0765,6.9831,0,0,0.18439,0,236.7,playing,11
36.0937,6.9831,0,0,0.1902,0,235.96,playing,11
36.1095,6.9831,0,0,0.1902,0,235.54,playing,11
36.127,4.5618,0,0,0.1902,0,235.43,playing,11
36.1429,4.5618,0,0,0.1902,0,235.62,playing,11
36.16,4.5618,0,0,0.1888,0,236.14,playing,11
36.1762,0.9692,0,0,0.1888,0,236.9,playing,11
36.1929,0.9692,0,0,0.1888,0,238.03,playing,11
36.2086,0.9692,0,0,0.25485,1,239.38,playing,11
36.2248,-0.1432,0,0,0.25485,0,241.0,playing,11
36.2405,-0.1432,0,0,0.25485,0,242.91,playing,11
36.2571,-0.1432,0,0,0.29339,0,245.1,playing,11
36.2741,-2.1566,0,0,0.29339,0,247.57,playing,11
36.2898,-2.1566,0,0,0.29339,0,250.52,playing,11
36.3067,-2.2472,0,0,0.29339,0,253.57,playing,11
36.3233,-2.2472,0,0,0.2651,0,257.13,playing,11
36.3402,-2.2472,0,0,0.2651,0,261.01,playing,11
36.3567,-1.9767,0,0,0.2651,0,265.21,playing,11
36.3726,-1.9767,0,0,0.25754,0,269.44,playing,11
36.3896,-1.9767,0,0,0.25754,0,273.96,playing,11
36.4067,-1.8964,0,0,0.25754,0,279.07,playing,11
36.4243,-1.8964,0,0,0.25754,0,284.5,playing,11
36.4415,-1.8964,0,0,0.25457,0,290.61,playing,11
36.4572,-1.8964,0,0,0.25457,0,296.32,playing,11
36.4726,-1.8964,0,0,0.25457,0,302.31,playing,11
36.4892,-11.2154,1,0,0.30927,0,308.58,playing,11
36.5065,-11.2154,0,0,0.30927,0,302.27,playing,11
36.5233,-11.2154,0,0,0.30927,0,296.28,playing,11
36.5407,-5.8834,0,0,0.30927,0,290.6,playing,11
36.5572,-5.8834,0,0,0.2324,0,285.24,playing,11
36.5736,-5.8834,0,0,0.2324,0,280.48,playing,11
36.5905,11.5081,0,0,0.2324,0,275.74,playing,11
36.6092,11.5081,0,0,0.17479,0,271.32,playing,11
36.6256,13.6714,0,0,0.17479,0,266.77,playing,11
36.6417,13.6714,0,0,0.17479,0,263.22,playing,11
36.6575,13.6714,0,0,0.17479,0,259.96,playing,11
36.6736,8.8015,0,0,0.2241,1,256.97,playing,11
36.6905,8.8015,0,0,0.2241,0,254.27,playing,11
36.7076,8.8015,0,0,0.2241,0,251.72,playing,11
36.7258,6.0555,0,0,0.2241,0,249.48,playing,11
36.7426,6.0555,0,0,0.16991,0,247.47,playing,12
36.7589,4.126,0,0,0.16991,0,245.89,playing,12
36.7743,4.126,0,0,0.16991,0,244.68,playing,12
36.7911,4.126,0,0,0.22223,0,243.76,playing,12
36.8075,4.126,0,0,0.22223,0,243.12,playing,12
36.8242,4.126,0,0,0.22223,0,242.75,playing,12
36.8416,4.126,0,0,0.22223,0,242.7,playing,12
36.8581,1.7379,0,0,0.2241,0,242.97,playing,12
36.8753,1.7379,0,0,0.2241,0,243.56,playing,12
36.8925,-0.6639,0,0,0.2241,0,244.47,playing,12
36.9087,-1.6613,0,0,0.2241,0,245.69,playing,12
36.9249,-1.6613,0,0,0.2241,0,247.13,playing,12
36.9427,-2.0843,0,0,0.27935,0,248.97,playing,12
36.9589,-2.0843,0,0,0.27935,0,251.13,playing,12
36.9749,-2.0843,0,0,0.27935,0,253.44,playing,12
36.9916,-2.5137,0,0,0.27579,0,256.03,playing,12
37.008,-2.5137,0,0,0.27579,0,259.11,playing,12
37.0236,-2.5137,0,0,0.27579,0,262.29,playing,12
37.0399,-2.5137,0,0,0.28562,0,265.74,playing,12
37.0556,-2.5137,0,0,0.28562,0,269.48,playing,12
37.0724,-2.1765,0,0,0.28562,0,273.5,playing,12
37.0893,-1.7547,0,0,0.28562,0,278.09,playing,12
37.1056,-1.7547,0,0,0.28562,0,283.0,playing,12
37.1216,-17.8461,1,0,0.26528,0,287.9,playing,12
37.1386,-17.8461,0,0,0.26528,0,281.94,playing,12
37.1552,-17.8461,0,0,0.26528,0,275.93,playing,12
37.1713,-6.8962,0,0,0.26528,0,270.55,playing,12
37.1882,-6.8962,0,0,0.2653,0,265.16,playing,12
37.2044,-6.8962,0,0,0.2653,0,260.36,playing,12
37.2213,5.3747,0,0,0.2653,0,255.58,playing,12
37.2386,5.3747,0,0,0.2653,0,251.12,playing,12
37.2548,5.3747,0,0,0.24809,0,246.98,playing,12
37.2716,5.3747,0,0,0.24809,0,243.36,playing,12
37.288,5.3747,0,0,0.24809,0,239.83,playing,12
37.3041,11.8667,0,0,0.24809,0,236.8,playing,12
37.3198,11.8667,0,0,0.19075,0,234.04,playing,12
37.3357,11.8667,0,0,0.19075,0,231.57,playing,12
37.3523,7.1046,0,0,0.19075,0,229.38,playing,12
37.3691,7.1046,0,0,0.19288,0,227.37,playing,12
37.3852,7.1046,0,0,0.19288,0,225.75,playing,12
37.4019,4.6228,0,0,0.19288,0,224.36,playing,12
37.4177,4.6228,0,0,0.19288,0,223.33,playing,12
37.4344,1.4886,0,0,0.24004,1,222.58,playing,12
37.4506,1.4886,0,0,0.24004,0,222.1,playing,12
37.4672,1.4886,0,0,0.24004,0,221.94,playing,12
37.4843,0.4666,0,0,0.25403,0,222.08,playing,12
37.5006,0.4666,0,0,0.25403,0,222.53,playing,12
37.5173,0.4666,0,0,0.25403,0,223.24,playing,12
37.5342,-0.4167,0,0,0.25403,0,224.32,playing,12
37.5507,-0.4167,0,0,0.25403,0,225.71,playing,12
37.5665,-0.4167,0,0,0.2918,0,227.3,playing,12
37.5828,-0.4167,0,0,0.2918,0,229.18,playing,12
37.5989,-0.4167,0,0,0.2918,0,231.33,playing,12
37.6162,-1.3457,0,0,0.2918,0,233.77,playing,12
37.634,-2.3996,0,0,0.2918,0,236.87,playing,12
37.6502,-2.3996,0,0,0.26148,0,240.11,playing,12
37.6704,-4.7572,0,0,0.26148,0,243.67,playing,12
37.6875,-4.7572,0,0,0.26148,0,248.3,playing,12
37.7041,-21.1726,1,0,0.26148,0,252.56,playing,12
37.7204,-21.1726,0,0,0.23285,0,246.6,playing,12
37.7365,-21.1726,0,0,0.23285,0,240.92,playing,12
37.7531,-13.7817,0,0,0.23285,0,235.21,playing,12
37.7694,-13.7817,0,0,0.29256,0,230.11,playing,12
37.7858,-13.7817,0,0,0.29256,0,225.01,playing,12
37.8021,-4.7863,0,0,0.29256,0,220.5,playing,12
37.8179,-4.7863,0,0,0.29256,0,216.26,playing,12
37.8367,4.7912,0,0,0.24733,0,212.31,playing,12
37.8535,4.7912,0,0,0.24733,0,208.02,playing,12
37.8701,4.7912,0,0,0.24733,0,204.49,playing,12
37.8858,14.004,0,0,0.24733,0,201.45,playing,12
37.9015,14.004,0,0,0.20174,0,198.7,playing,12
37.9177,14.004,0,0,0.20174,0,196.23,playing,12
37.9334,11.8891,0,0,0.20174,0,194.03,playing,12
37.9496,11.8891,0,0,0.1941,0,192.12,playing,12
37.9657,11.8891,0,0,0.1941,0,190.49,playing,12
37.9824,8.6282,0,0,0.1941,0,189.15,playing,12
37.9986,8.6282,0,0,0.1941,0,188.03,playing,12
38.0156,8.6282,0,0,0.24673,1,187.27,playing,12
38.0319,3.8144,0,0,0.24673,0,186.77,playing,12
38.0475,3.8144,0,0,0.24673,0,186.59,playing,12
38.0637,1.8393,0,0,0.22892,0,186.68,playing,12
38.0797,1.8393,0,0,0.22892,0,187.06,playing,12
38.0963,1.8393,0,0,0.22892,0,187.72,playing,12
38.113,-0.0188,0,0,0.22892,0,188.74,playing,12
38.1296,-0.0188,0,0,0.22343,0,189.98,playing,12
38.146,-0.0188,0,0,0.22343,0,191.61,playing,12
38.1633,-0.7096,0,0,0.22343,0,193.43,playing,12
38.18,-0.7096,0,0,0.22343,0,195.84,playing,12
38.1969,-1.3122,0,0,0.28307,0,198.26,playing,12
38.2141,-1.3122,0,0,0.28307,0,201.14,playing,12
38.2301,-1.3122,0,0,0.28307,0,204.35,playing,12
38.2461,-2.2137,0,0,0.28307,0,207.65,playing,12
38.2627,-2.2137,0,0,0.27186,0,211.23,playing,12
38.2791,-2.2137,0,0,0.27186,0,215.35,playing,12
38.2947,-6.9259,0,0,0.27186,0,219.52,playing,12
38.3125,-6.9259,0,0,0.27186,0,223.96,playing,12
38.3291,-6.9259,0,0,0.25761,0,229.31,playing,12
38.3452,-11.5086,1,0,0.25761,0,234.35,playing,12
38.3606,-11.5086,0,0,0.25761,0,228.4,playing,12
38.3768,-7.5811,0,0,0.32451,0,222.72,playing,12
38.3928,-7.5811,0,0,0.32451,0,217.32,playing,12
38.4089,-7.5811,0,0,0.32451,0,212.21,playing,12
38.4256,4.2564,0,0,0.32451,0,207.38,playing,12
38.4417,4.2564,0,0,0.1952,0,202.56,playing,12
38.4576,4.2564,0,0,0.1952,0,198.31,playing,12
38.4737,10.6749,0,0,0.1952,0,194.34,playing,12
38.4905,10.6749,0,0,0.1952,0,190.65,playing,12
38.5071,10.6749,0,0,0.1607,0,187.05,playing,12
38.5239,8.4944,0,0,0.1607,0,183.77,playing,12
38.5406,8.4944,0,0,0.1607,0,180.96,playing,12
38.5573,5.8899,0,0,0.1607,0,178.3,playing,12
38.5735,3.9865,0,0,0.22455,1,175.95,playing,12
38.5896,3.9865,0,0,0.22455,0,174.02,playing,12
38.6059,2.337,0,0,0.22455,0,172.38,playing,13
38.6231,2.337,0,0,0.22455,0,171.01,playing,13
38.6396,2.337,0,0,0.31159,0,169.83,playing,13
38.6563,0.6954,0,0,0.31159,0,169.06,playing,13
38.6733,0.6954,0,0,0.31159,0,168.57,playing,13
38.69,0.6954,0,0,0.24664,0,168.39,playing,13
38.7056,-0.7262,0,0,0.24664,0,168.5,playing,13
38.7217,-0.7262,0,0,0.24664,0,168.9,playing,13
38.7386,-1.3386,0,0,0.24664,0,169.58,playing,13
38.7548,-1.3386,0,0,0.30012,0,170.61,playing,13
38.7709,-1.3386,0,0,0.30012,0,171.87,playing,13
38.7875,-1.6042,0,0,0.30012,0,173.41,playing,13
38.8047,-1.6042,0,0,0.27041,0,175.36,playing,13
38.8209,-1.6042,0,0,0.27041,0,177.63,playing,13
38.837,-1.5904,0,0,0.27041,0,180.05,playing,13
38.8533,-1.5904,0,0,0.27041,0,182.75,playing,13
38.8696,-1.5904,0,0,0.24701,0,185.94,playing,13
38.8866,-1.5904,0,0,0.24701,0,189.22,playing,13
38.9049,-1.5904,0,0,0.24701,0,193.03,playing,13
38.921,-10.7459,0,0,0.24701,0,197.41,playing,13
38.9371,-10.7459,0,0,0.24701,0,201.59,playing,13
38.953,-10.7459,0,0,0.28937,0,206.05,playing,13
38.9686,-18.8997,1,0,0.28937,0,210.79,playing,13
38.9848,-18.8997,0,0,0.28937,0,204.84,playing,13
39.0015,-18.8997,0,0,0.28937,0,199.16,playing,13
39.0172,-11.2169,0,0,0.29473,0,193.76,playing,13
39.0327,-11.2169,0,0,0.29473,0,188.65,playing,13
39.0496,-11.2169,0,0,0.29473,0,183.82,playing,13
39.066,-2.0346,0,0,0.29473,0,179.0,playing,13
39.0821,-2.0346,0,0,0.29473,0,174.75,playing,13
39.1005,10.6539,0,0,0.21653,0,170.55,playing,13
39.1169,15.4456,0,0,0.21653,0,166.46,playing,13
39.1331,15.4456,0,0,0.21653,0,163.11,playing,13
39.1487,15.4456,0,0,0.21653,0,160.04,playing,13
39.1654,15.4456,0,0,0.21653,0,157.25,playing,13
39.1823,15.4456,0,0,0.19722,0,154.6,playing,13
39.202,10.6808,0,0,0.19722,0,152.27,playing,13
39.2184,10.6808,0,0,0.19722,0,150.07,playing,13
39.2349,4.4976,0,0,0.19722,0,148.41,playing,13
39.251,4.4976,0,0,0.22058,1,147.13,playing,13
39.2667,4.4976,0,0,0.22058,0,146.14,playing,13
39.283,2.8446,0,0,0.22058,0,145.42,playing,13
39.2991,2.8446,0,0,0.22058,0,144.99,playing,13
39.3159,2.8446,0,0,0.18934,0,144.85,playing,13
39.3323,-1.3964,0,0,0.18934,0,145.0,playing,13
39.3494,-1.3964,0,0,0.18934,0,145.48,playing,13
39.366,-1.6157,0,0,0.18934,0,146.27,playing,13
39.3828,-1.6157,0,0,0.20184,0,147.38,playing,13
39.3992,-1.6157,0,0,0.20184,0,148.71,playing,13
39.4165,-2.1339,0,0,0.20184,0,150.44,playing,13
39.4332,-2.1339,0,0,0.20184,0,152.48,playing,13
39.4506,-2.1339,0,0,0.26493,0,154.85,playing,13
39.4667,-2.7895,0,0,0.26493,0,157.53,playing,13
39.4835,-2.7895,0,0,0.26493,0,160.34,playing,13
39.5006,-2.9176,0,0,0.31195,0,163.64,playing,13
39.517,-2.9176,0,0,0.31195,0,167.26,playing,13
39.5326,-2.9176,0,0,0.31195,0,170.94,playing,13
39.5488,-2.2383,0,0,0.31195,0,174.91,playing,13
39.5652,-2.2383,0,0,0.24384,0,179.16,playing,13
39.5806,-2.2383,0,0,0.24384,0,183.69,playing,13
39.5965,-1.8722,0,0,0.24384,0,188.5,playing,13
39.6133,-1.8722,0,0,0.24384,0,193.6,playing,13
39.6296,-1.8722,0,0,0.2745,0,199.33,playing,13
39.6461,-1.8722,0,0,0.2745,0,205.0,playing,13
39.6625,-1.8722,0,0,0.2745,0,210.96,playing,13
39.6788,-1.8722,0,0,0.2745,0,217.61,playing,13
39.6951,-9.9092,1,0,0.27073,0,224.15,playing,13
39.711,-9.9092,0,0,0.27073,0,218.19,playing,13
39.7276,-3.6198,0,0,0.27073,0,212.51,playing,13
39.7454,-3.6198,0,0,0.27073,0,206.8,playing,13
39.7619,-3.6198,0,0,0.28215,0,201.1,playing,13
39.7777,11.184,0,0,0.28215,0,196.32,playing,13
39.7943,11.184,0,0,0.28215,0,191.83,playing,13
39.811,11.184,0,0,0.28215,0,187.37,playing,13
39.8272,11.6278,0,0,0.28215,0,183.45,playing,13
39.8434,11.6278,0,0,0.24284,0,179.81,playing,13
39.8606,10.2211,0,0,0.24284,0,176.27,playing,13
39.8776,10.2211,0,0,0.24284,0,172.87,playing,13
39.8942,10.2211,0,0,0.24284,0,170.13,playing,13
39.9124,5.4762,0,0,0.18903,0,167.54,playing,13
39.9289,5.4762,0,0,0.18903,0,165.16,playing,13
39.9463,5.4762,0,0,0.18903,0,163.32,playing,13
39.9636,3.6132,0,0,0.18903,0,161.6,playing,13
39.9796,3.6132,0,0,0.18903,0,160.3,playing,13
39.9955,3.6132,0,0,0.18903,0,159.36,playing,13
40.0116,3.6132,0,0,0.21055,0,158.7,playing,13
40.0278,3.6132,0,0,0.21055,0,158.32,playing,13
40.0437,0.5284,0,0,0.21055,0,158.22,playing,13
40.0605,-0.4078,0,0,0.24045,1,158.41,playing,13
40.0767,-0.4078,0,0,0.24045,0,158.92,playing,13
40.0928,-0.8095,0,0,0.24045,0,159.69,playing,13
40.109,-0.8095,0,0,0.24045,0,160.73,playing,13
40.1247,-0.8095,0,0,0.24045,0,162.06,playing,13
40.1418,-1.1743,0,0,0.24045,0,163.67,playing,13
40.1587,-1.1743,0,0,0.24045,0,165.7,playing,13
40.1754,-1.1743,0,0,0.24045,0,168.04,playing,13
40.1928,-2.4507,0,0,0.28302,0,170.71,playing,13
40.2092,-2.4507,0,0,0.28302,0,173.69,playing,13
40.2264,-8.0811,0,0,0.28302,0,176.99,playing,13
40.2429,-8.0811,0,0,0.28302,0,180.61,playing,13
40.259,-8.0811,0,0,0.33366,0,184.29,playing,13
40.2744,-14.1064,1,0,0.33366,0,188.26,playing,13
40.2912,-14.1064,0,0,0.33366,0,182.3,playing,13
40.309,-14.1064,0,0,0.33366,0,176.63,playing,13
40.3254,-10.3959,0,0,0.29231,0,170.6,playing,13
40.3421,-10.3959,0,0,0.29231,0,165.22,playing,13
40.3584,-6.0047,0,0,0.29231,0,160.44,playing,13
40.3749,-6.0047,0,0,0.21021,0,155.68,playing,13
40.3917,-6.0047,0,0,0.21021,0,151.48,playing,13
40.4086,-1.9476,0,0,0.21021,0,147.34,playing,13
40.4267,-1.9476,0,0,0.21021,0,143.51,playing,13
40.4434,-1.9476,0,0,0.19457,0,139.82,playing,13
40.4592,13.9917,0,0,0.19457,0,136.82,playing,14
40.475,13.9917,0,0,0.19457,0,134.1,playing,14
40.4926,13.9917,0,0,0.19457,0,131.66,playing,14
40.5094,14.8759,0,0,0.21319,0,129.27,playing,14
40.5265,14.8759,0,0,0.21319,0,127.34,playing,14
40.5436,9.3145,0,0,0.21319,0,125.72,playing,14
40.5601,9.3145,0,0,0.16768,0,124.42,playing,14
40.5758,9.3145,0,0,0.16768,0,123.48,playing,14
40.5918,6.7597,0,0,0.16768,0,122.81,playing,14
40.6082,6.7597,0,0,0.16768,0,122.44,playing,14
40.6236,6.7597,0,0,0.19,0,122.34,playing,14
40.6422,4.7158,0,0,0.19,0,122.52,playing,14
40.6592,4.7158,0,0,0.19,0,123.14,playing,14
40.6761,1.0172,0,0,0.19,0,124.01,playing,14
40.6934,1.0172,0,0,0.28957,1,125.19,playing,14
40.71,1.0172,0,0,0.28957,0,126.7,playing,14
40.7259,-0.1456,0,0,0.28957,0,128.39,playing,14
40.7427,-0.1456,0,0,0.27641,0,130.37,playing,14
40.7598,-0.885,0,0,0.27641,0,132.79,playing,14
40.7762,-1.5852,0,0,0.27641,0,135.53,playing,14
40.7928,-1.5852,0,0,0.27641,0,138.59,playing,14
40.8084,-1.5852,0,0,0.25819,0,141.75,playing,14
40.8248,-1.5852,0,0,0.25819,0,145.19,playing,14
40.841,-1.5852,0,0,0.25819,0,148.91,playing,14
40.8592,-2.1753,0,0,0.25819,0,152.91,playing,14
40.8754,-2.1753,0,0,0.25819,0,157.77,playing,14
40.8914,-2.1753,0,0,0.25106,0,162.68,playing,14
40.9101,-2.2117,0,0,0.25106,0,167.58,playing,14
40.9258,-2.2117,0,0,0.25106,0,173.45,playing,14
40.9427,-1.8137,0,0,0.25106,0,178.95,playing,14
40.9587,-1.8137,0,0,0.25106,0,185.11,playing,14
40.9752,-1.8137,0,0,0.31049,0,191.19,playing,14
40.9906,-2.0419,0,0,0.31049,0,197.55,playing,14
41.0071,-2.0419,0,0,0.31049,0,204.2,playing,14
41.0228,-2.0419,0,0,0.31049,0,211.12,playing,14
41.0389,-2.0419,0,0,0.32081,0,218.33,playing,14
41.0552,-2.0419,0,0,0.32081,0,225.82,playing,14
41.0709,-2.0419,0,0,0.32081,0,233.59,playing,14
41.0875,-2.0769,0,0,0.32081,0,241.64,playing,14
41.1041,-2.0769,0,0,0.30088,0,250.51,playing,14
41.1215,-1.9669,0,0,0.30088,0,259.7,playing,14
41.1387,-1.9074,0,0,0.30088,0,269.21,playing,14
41.1549,-1.9074,0,0,0.30088,0,279.03,playing,14
41.171,-1.6986,0,0,0.30088,0,288.56,playing,14
41.1866,-1.6986,0,0,0.30088,0,298.37,playing,14
41.2048,-1.6986,0,0,0.29495,0,308.47,playing,14
41.2218,-18.7172,1,0,0.29495,0,320.85,playing,14
41.2381,-18.7172,0,0,0.29495,0,314.89,playing,14
41.2544,-18.7172,0,0,0.29495,0,309.21,playing,14
41.2716,-11.4902,0,0,0.31754,0,303.5,playing,14
41.288,-11.4902,0,0,0.31754,0,298.1,playing,14
41.304,-4.6353,0,0,0.31754,0,293.31,playing,14
41.3195,-4.6353,0,0,0.31754,0,288.79,playing,14
41.3361,-4.6353,0,0,0.20262,0,284.56,playing,14
41.3524,-0.2281,0,0,0.20262,0,280.38,playing,14
41.3691,-0.2281,0,0,0.20262,0,276.73,playing,14
41.3845,-0.2281,0,0,0.1848,0,273.35,playing,14
41.4011,5.1331,0,0,0.1848,0,270.26,playing,14
41.417,5.1331,0,0,0.1848,0,267.46,playing,14
41.4336,5.1331,0,0,0.1848,0,264.93,playing,14
41.4503,16.8054,0,0,0.18034,0,262.56,playing,14
41.4668,16.8054,0,0,0.18034,0,260.52,playing,14
41.4831,13.267,0,0,0.18034,0,258.87,playing,14
41.5009,13.267,0,0,0.18034,0,257.44,playing,14
41.5181,13.267,0,0,0.17286,0,256.28,playing,14
41.535,10.1695,0,0,0.17286,0,255.5,playing,14
41.5506,10.1695,0,0,0.17286,0,255.05,playing,14
41.5672,10.1695,0,0,0.18015,0,254.88,playing,14
41.5836,4.3279,0,0,0.18015,0,255.02,playing,14
41.5998,4.3279,0,0,0.18015,0,255.44,playing,14
41.6161,2.6882,0,0,0.17026,0,256.13,playing,14
41.6331,2.6882,0,0,0.17026,0,257.19,playing,14
41.6494,2.6882,0,0,0.17026,0,258.46,playing,14
41.6661,-0.8371,0,0,0.17026,1,260.13,playing,14
41.6822,-0.8371,0,0,0.2658,0,261.99,playing,14
41.6995,-0.8371,0,0,0.2658,0,264.28,playing,14
41.7155,-1.3763,0,0,0.2658,0,266.89,playing,14
41.7322,-1.3763,0,0,0.22887,0,269.62,playing,14
41.7482,-1.3763,0,0,0.22887,0,272.64,playing,14
41.7641,-2.5821,0,0,0.22887,0,275.94,playing,14
41.7813,-2.5821,0,0,0.27697,0,279.52,playing,14
41.7966,-2.8925,0,0,0.27697,0,283.64,playing,14
41.8138,-3.7083,0,0,0.27697,0,287.81,playing,14
41.8306,-3.7083,0,0,0.27697,0,292.55,playing,14
41.8468,-3.7083,0,0,0.27697,0,297.6,playing,14
41.8633,-3.7083,0,0,0.27697,0,302.64,playing,14
41.88,-3.7083,0,0,0.27697,0,308.32,playing,14
41.8966,-3.3666,0,0,0.27697,0,313.94,playing,14
41.9128,-3.3666,0,0,0.28637,0,320.23,playing,14
41.9289,-3.3666,0,0,0.28637,0,326.44,playing,14
41.9451,-3.3666,0,0,0.28637,0,332.92,playing,14
41.9617,-3.3666,0,0,0.28637,0,339.69,playing,14
41.9775,-3.3929,0,0,0.2657,0,347.19,playing,14
41.9946,-3.3929,0,0,0.2657,0,354.54,playing,14
42.0107,-3.3929,0,0,0.2657,0,362.67,playing,14
42.0276,-10.6014,1,0,0.2657,0,370.59,playing,14
42.0458,-10.6014,0,0,0.28947,0,364.28,playing,14
42.0646,-10.6014,0,0,0.28947,0,357.95,playing,14
42.0835,7.266,0,0,0.28947,0,351.67,playing,14
42.1003,7.266,0,0,0.28947,0,345.79,playing,14
42.1169,9.0556,0,0,0.25417,0,340.84,playing,14
42.1332,9.0556,0,0,0.25417,0,336.47,playing,14
42.1498,9.0556,0,0,0.25417,0,332.14,playing,14
42.1658,7.0509,0,0,0.25417,0,328.34,playing,14
42.1817,7.0509,0,0,0.16106,0,324.83,playing,14
42.1977,7.0509,0,0,0.16106,0,321.6,playing,14
42.2136,5.1542,0,0,0.16106,0,318.65,playing,14
42.2319,5.1542,0,0,0.16106,1,315.99,playing,14
42.2482,3.0422,0,0,0.24617,0,313.34,playing,14
42.264,3.0422,0,0,0.24617,0,311.27,playing,14
42.2801,3.0422,0,0,0.24617,0,309.49,playing,14
42.2964,2.3848,0,0,0.25074,0,307.98,playing,15
42.3131,2.3848,0,0,0.25074,0,306.7,playing,15
42.3294,2.3848,0,0,0.25074,0,305.77,playing,15
42.3458,-0.9838,0,0,0.27264,0,305.11,playing,15
42.3626,-0.9838,0,0,0.27264,0,304.76,playing,15
42.3787,-0.9838,0,0,0.27264,0,304.72,playing,15
42.395,-1.1742,0,0,0.27264,0,304.95,playing,15
42.4113,-1.1742,0,0,0.29905,0,305.47,playing,15
42.4279,-0.9429,0,0,0.29905,0,306.34,playing,15
42.4445,-0.9429,0,0,0.29905,0,307.44,playing,15
42.4606,-0.9429,0,0,0.24653,0,308.93,playing,15
42.4774,-0.9429,0,0,0.24653,0,310.61,playing,15
42.4939,-0.9429,0,0,0.24653,0,312.71,playing,15
42.51,-0.9429,0,0,0.24653,0,314.97,playing,15
42.5262,-1.1233,0,0,0.31468,0,317.51,playing,15
42.5434,-1.1233,0,0,0.31468,0,320.53,playing,15
42.5596,-1.1233,0,0,0.31468,0,323.87,playing,15
42.5759,-14.8958,1,0,0.29224,0,327.29,playing,15
42.5918,-14.8958,0,0,0.29224,0,321.33,playing,15
42.6075,-8.6326,0,0,0.29224,0,315.66,playing,15
42.6242,-8.6326,0,0,0.29224,0,310.26,playing,15
42.6413,-8.6326,0,0,0.29224,0,304.85,playing,15
42.6584,4.0064,0,0,0.29186,0,299.75,playing,15
42.6756,4.0064,0,0,0.29186,0,294.97,playing,15
42.6916,4.0064,0,0,0.29186,0,290.51,playing,15
42.708,10.1571,0,0,0.20509,0,286.59,playing,15
42.7252,10.1571,0,0,0.20509,0,282.96,playing,15
42.7421,10.1571,0,0,0.20509,0,279.41,playing,15
42.7579,10.1571,0,0,0.20509,0,276.19,playing,15
42.7739,10.1571,0,0,0.21367,0,273.43,playing,15
42.7906,9.5846,0,0,0.21367,0,270.96,playing,15
42.807,9.5846,0,0,0.21367,0,268.65,playing,15
42.8232,9.5846,0,0,0.19004,0,266.75,playing,15
42.8403,6.8759,0,0,0.19004,0,265.06,playing,15
42.8567,6.8759,0,0,0.19004,0,263.69,playing,15
42.8734,6.8759,0,0,0.22205,1,262.67,playing,15
42.89,6.8759,0,0,0.22205,0,261.92,playing,15
42.9058,6.8759,0,0,0.22205,0,261.48,playing,15
42.9214,4.4856,0,0,0.22205,0,261.33,playing,15
42.9384,4.4856,0,0,0.28142,0,261.46,playing,15
42.9549,4.4856,0,0,0.28142,0,261.92,playing,15
42.9705,0.6342,0,0,0.28142,0,262.63,playing,15
42.9877,0.6342,0,0,0.24351,0,263.63,playing,15
43.0038,0.6342,0,0,0.24351,0,265.0,playing,15
43.02,-1.2273,0,0,0.24351,0,266.58,playing,15
43.0357,-1.2273,0,0,0.24351,0,268.43,playing,15
43.0517,-1.2273,0,0,0.24663,0,270.57,playing,15
43.0679,-1.6798,0,0,0.24663,0,272.99,playing,15
43.084,-1.6798,0,0,0.24663,0,275.69,playing,15
43.0997,-1.6798,0,0,0.24663,0,278.67,playing,15
43.1168,-17.2528,1,0,0.27826,0,281.94,playing,15
43.1331,-17.2528,0,0,0.27826,0,275.62,playing,15
43.1491,-17.0535,0,0,0.27826,0,269.96,playing,15
43.1671,-17.0535,0,0,0.27842,0,264.59,playing,15
43.1827,-17.0535,0,0,0.27842,0,258.89,playing,15
43.1989,-11.1931,0,0,0.27842,0,254.11,playing,15
43.2149,-11.1931,0,0,0.27842,0,249.62,playing,15
43.2307,-11.1931,0,0,0.27842,0,245.4,playing,15
43.2473,-6.379,0,0,0.30969,0,241.47,playing,15
43.2644,-6.379,0,0,0.30969,0,237.6,playing,15
43.2816,12.433,0,0,0.30969,0,234.06,playing,15
43.2976,12.433,0,0,0.30969,0,230.83,playing,15
43.3137,12.433,0,0,0.22213,0,228.08,playing,15
43.33,11.2393,0,0,0.22213,0,225.6,playing,15
43.3462,11.2393,0,0,0.22213,0,223.41,playing,15
43.3646,11.2393,0,0,0.22213,0,221.4,playing,15
43.3814,11.2393,0,0,0.20097,0,219.63,playing,15
43.3974,11.2393,0,0,0.20097,0,218.27,playing,15
43.4142,11.2393,0,0,0.20097,0,217.28,playing,15
43.4306,2.7368,0,0,0.16223,0,216.54,playing,15
43.4467,2.7368,0,0,0.16223,0,216.12,playing,15
43.4634,0.9675,0,0,0.16223,0,215.99,playing,15
43.4796,0.9675,0,0,0.16223,0,216.17,playing,15
43.4955,0.9675,0,0,0.26127,1,216.61,playing,15
43.5117,0.1285,0,0,0.26127,0,217.34,playing,15
43.5279,0.1285,0,0,0.26127,0,218.35,playing,15
43.5475,0.1285,0,0,0.26127,0,219.65,playing,15
43.5642,-1.4057,0,0,0.26127,0,221.7,playing,15
43.5811,-1.4057,0,0,0.261,0,223.77,playing,15
43.5978,-1.5713,0,0,0.261,0,226.15,playing,15
43.6135,-1.5713,0,0,0.261,0,228.68,playing,15
43.63,-1.5713,0,0,0.261,0,231.48,playing,15
43.6465,-2.0083,0,0,0.24995,0,234.57,playing,15
43.6624,-2.0083,0,0,0.24995,0,238.17,playing,15
43.6791,-2.0083,0,0,0.24995,0,241.84,playing,15
43.6949,-5.0473,0,0,0.24995,0,245.79,playing,15
43.7123,-5.0473,0,0,0.26498,0,250.02,playing,15
43.7296,-5.0473,0,0,0.26498,0,255.14,playing,15
43.7487,-14.8177,1,0,0.26498,0,260.29,playing,15
43.7652,-14.8177,0,0,0.26498,0,253.28,playing,15
43.7817,1.1471,0,0,0.26498,0,247.32,playing,15
43.7982,1.1471,0,0,0.27488,0,242.0,playing,15
43.8154,1.1471,0,0,0.27488,0,236.66,playing,15
43.8323,9.8183,0,0,0.27488,0,231.63,playing,15
43.8485,9.8183,0,0,0.27488,0,226.93,playing,15
43.867,9.8183,0,0,0.27488,0,222.78,playing,15
43.8835,11.8556,0,0,0.19504,0,218.26,playing,15
43.9007,11.8556,0,0,0.19504,0,214.73,playing,15
43.9199,7.6468,0,0,0.19504,0,211.3,playing,15
43.9372,7.6468,0,0,0.19504,0,207.86,playing,15
43.9532,7.6468,0,0,0.19443,0,205.1,playing,15
43.9702,5.5561,0,0,0.19443,0,202.66,playing,15
43.9872,5.5561,0,0,0.19443,0,200.53,playing,15
44.0043,1.8135,0,0,0.19443,0,198.82,playing,15
44.0216,1.8135,0,0,0.2016,0,197.24,playing,15
44.0396,1.8135,0,0,0.2016,0,196.07,playing,15
44.0561,0.3008,0,0,0.2016,0,195.19,playing,15
44.0723,0.3008,0,0,0.2016,0,194.69,playing,15
44.0885,0.3008,0,0,0.2016,0,194.47,playing,15
44.1066,-0.3375,0,0,0.26121,1,194.55,playing,15
44.1226,-0.3375,0,0,0.26121,0,195.0,playing,15
44.1395,-2.4251,0,0,0.26121,0,195.67,playing,15
44.1555,-2.4251,0,0,0.26121,0,196.71,playing,16
44.1722,-2.4251,0,0,0.26121,0,197.97,playing,16
44.189,-2.0224,0,0,0.25424,0,199.62,playing,16
44.2056,-2.0224,0,0,0.25424,0,201.46,playing,16
44.2216,-2.0224,0,0,0.25424,0,203.73,playing,16
44.238,-1.9403,0,0,0.25424,0,206.15,playing,16
44.2543,-1.9403,0,0,0.23959,0,208.85,playing,16
44.271,-1.9403,0,0,0.23959,0,212.04,playing,16
44.287,-2.11,0,0,0.23959,0,215.32,playing,16
44.3031,-2.11,0,0,0.23959,0,218.88,playing,16
44.3207,-4.3375,0,0,0.23959,0,222.73,playing,16
44.3376,-4.3375,0,0,0.26162,0,227.69,playing,16
44.3546,-4.3375,0,0,0.26162,0,232.15,playing,16
44.3712,-13.4912,1,0,0.26162,0,237.21,playing,16
44.3865,-13.4912,0,0,0.26162,0,231.25,playing,16
44.4032,-13.4912,0,0,0.261,0,225.57,playing,16
44.4206,-8.4501,0,0,0.261,0,219.86,playing,16
44.4368,-8.4501,0,0,0.261,0,214.46,playing,16
44.4526,1.4073,0,0,0.261,0,209.67,playing,16
44.4693,1.4073,0,0,0.22883,0,205.15,playing,16
44.4861,1.4073,0,0,0.22883,0,200.67,playing,16
44.502,13.8454,0,0,0.22883,0,196.74,playing,16
44.5182,13.8454,0,0,0.22883,0,193.09,playing,16
44.5352,13.8454,0,0,0.1852,0,189.52,playing,16
44.5527,13.4994,0,0,0.1852,0,186.28,playing,16
44.5696,13.4994,0,0,0.1852,0,183.35,playing,16
44.5864,9.9276,0,0,0.1852,0,180.74,playing,16
44.6028,9.9276,0,0,0.18171,0,178.45,playing,16
44.6194,9.9276,0,0,0.18171,0,176.57,playing,16
44.6359,6.8224,0,0,0.18171,0,174.9,playing,16
44.6519,6.8224,0,0,0.18171,0,173.6,playing,16
44.6694,6.8224,0,0,0.17972,0,172.59,playing,16
44.6862,2.6606,0,0,0.17972,0,171.81,playing,16
44.7021,2.6606,0,0,0.17972,0,171.39,playing,16
44.718,2.6606,0,0,0.17972,0,171.26,playing,16
44.7336,1.3154,0,0,0.17972,1,171.41,playing,16
44.7504,1.3154,0,0,0.2546,0,171.84,playing,16
44.7668,-0.2201,0,0,0.2546,0,172.62,playing,16
44.7831,-1.8566,0,0,0.2546,0,173.63,playing,16
44.799,-1.8566,0,0,0.2546,0,174.92,playing,16
44.8158,-1.8566,0,0,0.26509,0,176.61,playing,16
44.8326,-1.8566,0,0,0.26509,0,178.48,playing,16
44.8491,-1.8566,0,0,0.26509,0,180.79,playing,16
44.8667,-2.6502,0,0,0.26424,0,183.25,playing,16
44.8835,-2.6502,0,0,0.26424,0,186.37,playing,16
44.8999,-3.1413,0,0,0.26424,0,189.63,playing,16
44.9174,-2.8905,0,0,0.26424,0,193.21,playing,16
44.9338,-2.8905,0,0,0.26092,0,197.11,playing,16
44.9499,-2.8905,0,0,0.26092,0,201.06,playing,16
44.9681,-2.8905,0,0,0.26092,0,205.29,playing,16
44.9844,-2.8905,0,0,0.26092,0,210.41,playing,16
45.0008,-2.0777,0,0,0.25788,0,215.56,playing,16
45.0177,-2.0777,0,0,0.25788,0,220.69,playing,16
45.0344,-1.8789,0,0,0.25788,0,226.45,playing,16
45.0511,-1.8783,0,0,0.25788,0,232.54,playing,16
45.0669,-1.8783,0,0,0.27893,0,238.55,playing,16
45.0829,-1.0381,0,0,0.27893,0,244.84,playing,16
45.0997,-1.0381,0,0,0.27893,0,251.41,playing,16
45.1157,-1.0381,0,0,0.27893,0,258.72,playing,16
45.1318,-6.4753,0,0,0.25858,0,265.87,playing,16
45.1478,-6.4753,0,0,0.25858,0,273.3,playing,16
45.1637,-6.4753,0,0,0.25858,0,281.02,playing,16
45.18,-9.7485,0,0,0.25858,0,289.02,playing,16
45.1965,-9.7485,0,0,0.25858,0,297.3,playing,16
45.2126,-9.7485,0,0,0.25858,0,306.41,playing,16
45.2296,-8.5463,1,0,0.2432,0,315.28,playing,16
45.2455,-8.5463,0,0,0.2432,0,308.96,playing,16
45.2625,-3.9571,0,0,0.2432,0,303.3,playing,16
45.2785,-3.9571,0,0,0.2432,0,297.93,playing,16
45.2955,-3.9571,0,0,0.2428,0,292.53,playing,16
45.3122,1.1024,0,0,0.2428,0,287.45,playing,16
45.3279,1.1024,0,0,0.2428,0,282.96,playing,16
45.3437,1.1024,0,0,0.2428,0,278.74,playing,16
45.3595,3.0628,0,0,0.1884,0,274.8,playing,16
45.3762,3.0628,0,0,0.1884,0,271.15,playing,16
45.3925,3.0628,0,0,0.1884,0,267.78,playing,16
45.4094,10.1841,0,0,0.1884,0,264.52,playing,16
45.4261,10.1841,0,0,0.1884,1,261.57,playing,16
45.4431,13.059,0,0,0.23921,0,258.94,playing,16
45.4587,13.059,0,0,0.23921,0,256.75,playing,16
45.4754,13.059,0,0,0.23921,0,254.84,playing,16
45.4924,10.481,0,0,0.20874,0,253.13,playing,16
45.5085,10.481,0,0,0.20874,0,251.73,playing,16
45.5252,10.481,0,0,0.20874,0,250.7,playing,16
45.5424,7.2014,0,0,0.20874,0,249.96,playing,16
45.559,7.2014,0,0,0.18837,0,249.47,playing,16
45.5752,7.2014,0,0,0.18837,0,249.32,playing,16
45.5906,2.6943,0,0,0.18837,0,249.45,playing,16
45.6075,2.6943,0,0,0.18837,0,249.86,playing,16
45.6238,0.7132,0,0,0.2944,0,250.62,playing,16
45.6399,0.7132,0,0,0.2944,0,251.61,playing,16
45.6563,0.7132,0,0,0.2944,0,252.89,playing,16
45.6725,-0.9242,0,0,0.2944,0,254.56,playing,16
45.6885,-0.9242,0,0,0.23649,0,256.42,playing,16
45.7055,-0.9242,0,0,0.23649,0,258.55,playing,16
45.7218,-1.9236,0,0,0.23649,0,261.14,playing,16
45.7379,-1.9236,0,0,0.23649,0,263.86,playing,16
45.7546,-1.9236,0,0,0.25804,0,266.86,playing,16
45.7707,-2.0068,0,0,0.25804,0,270.37,playing,16
45.7868,-2.0068,0,0,0.25804,0,273.95,playing,16
45.8031,-2.3468,0,0,0.25804,0,277.81,playing,16
45.819,-2.6774,0,0,0.27223,0,281.95,playing,16
45.8348,-2.6774,0,0,0.27223,0,286.38,playing,16
45.8508,-2.623,0,0,0.27223,0,291.09,playing,16
45.8684,-2.623,0,0,0.27223,0,296.41,playing,16
45.8854,-2.623,0,0,0.27972,0,302.04,playing,16
45.9017,-12.814,1,0,0.27972,0,308.0,playing,16
45.9177,-12.814,0,0,0.27972,0,302.04,playing,16
45.9344,-12.814,0,0,0.27972,0,296.36,playing,16
45.9512,-18.2464,0,0,0.26121,0,290.65,playing,16
45.9676,-18.2464,0,0,0.26121,0,285.55,playing,16
45.9835,-12.1465,0,0,0.26121,0,280.46,playing,16
45.9997,-12.1465,0,0,0.26121,0,275.94,playing,17
46.0156,-12.1465,0,0,0.19246,0,271.71,playing,17
46.0322,6.609,0,0,0.19246,0,267.76,playing,17
46.0485,6.609,0,0,0.19246,0,264.09,playing,17
46.0639,6.609,0,0,0.19246,0,260.7,playing,17
46.0848,12.9163,0,0,0.19246,0,257.59,playing,17
46.1006,12.9163,0,0,0.19246,0,254.0,playing,17
46.1178,9.4847,0,0,0.19246,0,251.54,playing,17
46.1346,9.4847,0,0,0.19246,0,249.25,playing,17
46.1499,9.4847,0,0,0.18654,0,247.37,playing,17
46.1657,6.5752,0,0,0.18654,0,245.78,playing,17
46.1822,6.5752,0,0,0.18654,0,244.47,playing,17
46.1995,6.5752,0,0,0.18654,0,243.39,playing,17
46.2162,4.4442,0,0,0.18654,0,242.63,playing,17
46.2316,4.4442,0,0,0.20391,0,242.2,playing,17
46.2478,4.4442,0,0,0.20391,0,242.05,playing,17
46.2641,2.9513,0,0,0.20391,0,242.18,playing,17
46.2799,2.9513,0,0,0.20391,0,242.6,playing,17
46.2963,2.0583,0,0,0.27298,1,243.29,playing,17
46.3126,0.7708,0,0,0.27298,0,244.35,playing,17
46.329,0.7708,0,0,0.27298,0,245.62,playing,17
46.3449,0.7708,0,0,0.27298,0,247.18,playing,17
46.3608,0.7708,0,0,0.27298,0,249.02,playing,17
46.3768,0.7708,0,0,0.21315,0,251.14,playing,17
46.3928,-0.0035,0,0,0.21315,0,253.54,playing,17
46.4096,-0.0035,0,0,0.21315,0,256.22,playing,17
46.4259,-0.0035,0,0,0.21315,0,259.39,playing,17
46.4422,-1.5806,0,0,0.2402,0,262.65,playing,17
46.4586,-1.5806,0,0,0.2402,0,266.44,playing,17
46.4759,-1.5806,0,0,0.2402,0,270.28,playing,17
46.4927,-1.5806,0,0,0.2402,0,274.69,playing,17
46.5092,-1.5806,0,0,0.2432,0,279.41,playing,17
46.5259,-1.8292,0,0,0.2432,0,284.45,playing,17
46.5424,-1.8292,0,0,0.2432,0,289.47,playing,17
46.5596,-1.8292,0,0,0.2506,0,295.13,playing,17
46.5762,-18.8739,1,0,0.2506,0,301.1,playing,17
46.5923,-18.8739,0,0,0.2506,0,295.14,playing,17
46.6088,-18.8739,0,0,0.24009,0,289.13,playing,17
46.6248,-16.2575,0,0,0.24009,0,283.75,playing,17
46.6409,-16.2575,0,0,0.24009,0,278.66,playing,17
46.6576,-5.5641,0,0,0.24009,0,273.84,playing,17
46.6742,-5.5641,0,0,0.23964,0,269.04,playing,17
46.6911,-5.5641,0,0,0.23964,0,264.56,playing,17
46.707,-5.5641,0,0,0.23964,0,260.63,playing,17
46.7243,-5.5641,0,0,0.23964,0,256.77,playing,17
46.7416,-5.5641,0,0,0.17982,0,253.22,playing,17
46.758,13.6715,0,0,0.17982,0,250.0,playing,17
46.7745,13.6715,0,0,0.17982,0,247.24,playing,17
46.7916,14.0126,0,0,0.23149,1,244.63,playing,17
46.808,11.924,0,0,0.23149,0,242.34,playing,17
46.8242,11.924,0,0,0.23149,0,240.47,playing,17
46.8401,8.7724,0,0,0.23149,0,238.87,playing,17
46.8562,8.7724,0,0,0.15288,0,237.56,playing,17
46.8725,8.7724,0,0,0.15288,0,236.48,playing,17
46.8887,3.5634,0,0,0.15288,0,235.75,playing,17
46.9049,3.5634,0,0,0.15288,0,235.3,playing,17
46.9213,3.5634,0,0,0.20503,0,235.14,playing,17
46.9375,1.6136,0,0,0.20503,0,235.27,playing,17
46.9542,1.6136,0,0,0.20503,0,235.69,playing,17
46.9704,1.6136,0,0,0.20503,0,236.38,playing,17
46.9871,0.9184,0,0,0.24397,0,237.44,playing,17
47.0028,0.9184,0,0,0.24397,0,238.71,playing,17
47.0186,-1.2646,0,0,0.24397,0,240.27,playing,17
47.0348,-1.2646,0,0,0.27572,0,242.11,playing,17
47.0509,-1.2646,0,0,0.27572,0,244.23,playing,17
47.0665,-2.6122,0,0,0.27572,0,246.63,playing,17
47.0848,-2.6122,0,0,0.27572,0,249.31,playing,17
47.1009,-2.6122,0,0,0.26167,0,252.69,playing,17
47.1266,-3.2762,0,0,0.26167,0,255.97,playing,17
47.1432,-3.2762,0,0,0.26167,0,262.05,playing,17
47.1598,-4.0377,0,0,0.26167,0,266.34,playing,17
47.1759,-4.0377,0,0,0.26167,0,270.66,playing,17
47.1928,-4.0377,0,0,0.26167,0,275.26,playing,17
47.2087,-19.802,1,0,0.26167,0,280.46,playing,17
47.226,-19.802,0,0,0.26167,0,274.51,playing,17
47.2417,-18.1093,0,0,0.24708,0,268.49,playing,17
47.259,-11.8056,0,0,0.24708,0,262.8,playing,17
47.2746,-11.8056,0,0,0.24708,0,257.72,playing,17
47.2915,-6.2954,0,0,0.24708,0,252.92,playing,17
47.3079,-6.2954,0,0,0.28438,0,248.14,playing,17
47.3244,-6.2954,0,0,0.28438,0,243.93,playing,17
47.3409,14.338,0,0,0.28438,0,239.77,playing,17
47.3567,14.338,0,0,0.28438,0,236.13,playing,17
47.3733,14.338,0,0,0.18728,0,232.78,playing,17
47.39,15.3706,0,0,0.18728,0,229.53,playing,17
47.406,15.3706,0,0,0.18728,0,226.76,playing,17
47.4224,15.3706,0,0,0.18728,0,224.27,playing,17
47.439,12.2871,0,0,0.15076,0,221.94,playing,17
47.4546,12.2871,0,0,0.15076,0,220.03,playing,17
47.4712,5.7094,0,0,0.15076,0,218.4,playing,17
47.4879,5.7094,0,0,0.1854,0,216.99,playing,17
47.5036,5.7094,0,0,0.1854,0,215.94,playing,17
47.5203,3.74,0,0,0.1854,0,215.17,playing,17
47.5371,3.74,0,0,0.1854,0,214.68,playing,17
47.5561,3.74,0,0,0.1854,0,214.49,playing,17
47.5715,0.9256,0,0,0.16692,0,214.67,playing,17
47.5876,0.9256,0,0,0.16692,0,215.1,playing,17
47.6035,-0.3356,0,0,0.16692,0,215.81,playing,17
47.6202,-0.3356,0,0,0.16692,0,216.8,playing,17
47.6391,-0.3356,0,0,0.24039,1,218.08,playing,17
47.6552,-0.3356,0,0,0.24039,0,219.99,playing,17
47.6723,-0.3356,0,0,0.24039,0,222.02,playing,17
47.6895,-1.2051,0,0,0.24039,0,224.37,playing,17
47.7081,-1.9907,0,0,0.24039,0,227.03,playing,17
47.724,-1.9907,0,0,0.2544,0,230.21,playing,17
47.7471,-1.9882,0,0,0.2544,0,233.31,playing,17
47.7641,-1.9882,0,0,0.2544,0,238.36,playing,17
47.7836,-2.1875,0,0,0.2544,0,242.41,playing,17
47.8038,-2.1875,0,0,0.23273,0,247.61,playing,17
47.8204,-2.1875,0,0,0.23273,0,253.25,playing,17
47.8425,-2.1674,0,0,0.23273,0,258.36,playing,17
47.8592,-2.1674,0,0,0.23273,0,265.51,playing,18
47.876,-9.845,0,0,0.23273,0,271.36,playing,18
47.8944,-9.845,0,0,0.22206,0,277.14,playing,18
47.9116,-9.845,0,0,0.22206,0,284.4,playing,18
47.9282,-13.6448,1,0,0.22206,0,291.21,playing,18
47.9451,-13.6448,0,0,0.22206,0,285.26,playing,18
47.9608,-13.6448,0,0,0.22206,0,279.24,playing,18
47.9788,-7.5427,0,0,0.21823,0,273.86,playing,18
47.9952,-7.5427,0,0,0.21823,0,268.17,playing,18
48.0111,7.579,0,0,0.21823,0,263.39,playing,18
48.0275,7.579,0,0,0.21823,0,258.89,playing,18
48.0441,7.579,0,0,0.21823,0,254.43,playing,18
48.0594,13.4578,0,0,0.21823,0,250.52,playing,18
48.0766,12.6962,0,0,0.16022,0,246.88,playing,18
48.0933,12.6962,0,0,0.16022,0,243.34,playing,18
48.1101,9.8781,0,0,0.16022,0,240.11,playing,18
48.1265,9.8781,0,0,0.16022,0,237.36,playing,18
48.1426,4.9071,0,0,0.14084,0,234.75,playing,18
48.1594,4.9071,0,0,0.14084,0,232.57,playing,18
48.176,4.9071,0,0,0.14084,0,230.58,playing,18
48.1916,3.1754,0,0,0.14084,0,228.99,playing,18
48.2082,3.1754,0,0,0.22091,1,227.67,playing,18
48.225,3.1754,0,0,0.22091,0,226.6,playing,18
48.2411,0.8805,0,0,0.22091,0,225.87,playing,18
48.2569,0.8805,0,0,0.22091,0,225.42,playing,18
48.2736,0.8805,0,0,0.20503,0,225.25,playing,18
48.2902,0.0292,0,0,0.20503,0,225.39,playing,18
48.306,0.0292,0,0,0.20503,0,225.8,playing,18
48.3222,-0.2136,0,0,0.20503,0,226.5,playing,18
48.3379,-0.2136,0,0,0.22227,0,227.47,playing,18
48.3541,-0.2136,0,0,0.22227,0,228.73,playing,18
48.3705,-0.2136,0,0,0.22227,0,230.27,playing,18
48.3873,-0.2136,0,0,0.22227,0,232.22,playing,18
48.4046,-0.2136,0,0,0.22227,0,234.49,playing,18
48.4215,-1.3699,0,0,0.23102,0,237.08,playing,18
48.4386,-1.3699,0,0,0.23102,0,239.99,playing,18
48.4547,-1.3699,0,0,0.23102,0,243.21,playing,18
48.4716,-1.2787,0,0,0.23102,0,246.53,playing,18
48.4883,-1.2787,0,0,0.23102,0,250.37,playing,18
48.5045,-1.2787,0,0,0.28131,0,254.53,playing,18
48.5207,-1.2787,0,0,0.28131,0,258.73,playing,18
48.5364,-1.2787,0,0,0.28131,0,263.21,playing,18
48.554,-1.3024,0,0,0.28131,0,267.97,playing,18
48.5706,-1.3024,0,0,0.28435,0,273.34,playing,18
48.5868,-1.3024,0,0,0.28435,0,279.04,playing,18
48.6025,-1.3024,0,0,0.28435,0,284.68,playing,18
48.6188,-1.3024,0,0,0.28435,0,290.6,playing,18
48.6351,-1.3024,0,0,0.22667,0,296.8,playing,18
48.6522,-2.0661,0,0,0.22667,0,303.71,playing,18
48.6706,-2.0661,0,0,0.22667,0,310.49,playing,18
48.6872,-3.2239,0,0,0.22667,0,318.95,playing,18
48.7042,-3.2239,0,0,0.24006,0,326.83,playing,18
48.7206,-3.2239,0,0,0.24006,0,335.03,playing,18
48.7368,-19.2669,1,0,0.24006,0,343.03,playing,18
48.7535,-19.2669,0,0,0.24006,0,337.07,playing,18
48.7701,-19.2669,0,0,0.25128,0,331.05,playing,18
48.7863,-6.4975,0,0,0.25128,0,325.68,playing,18
48.8028,-6.4975,0,0,0.25128,0,320.28,playing,18
48.8187,-2.7794,0,0,0.22578,0,315.48,playing,18
48.8349,-2.7794,0,0,0.22578,0,310.97,playing,18
48.8516,-2.7794,0,0,0.22578,0,306.74,playing,18
48.8681,0.3576,0,0,0.22578,0,302.56,playing,18
48.8842,0.3576,0,0,0.24326,0,298.9,playing,18
48.901,0.3576,0,0,0.24326,0,295.34,playing,18
48.9168,16.2877,0,0,0.24326,0,292.27,playing,18
48.9331,16.2877,0,0,0.24326,0,289.48,playing,18
48.9488,16.2877,0,0,0.21028,0,286.97,playing,18
48.9653,14.0049,0,0,0.21028,0,284.74,playing,18
48.9817,14.0049,0,0,0.21028,0,282.69,playing,18
48.9986,7.7741,0,0,0.21028,0,281.05,playing,18
49.0151,7.7741,0,0,0.16462,0,279.61,playing,18
49.0317,7.7741,0,0,0.16462,0,278.55,playing,18
49.048,5.4011,0,0,0.16462,0,277.73,playing,18
49.0641,5.4011,0,0,0.16462,0,277.25,playing,18
49.0796,5.4011,0,0,0.17551,0,277.05,playing,18
49.0994,3.77,0,0,0.17551,0,277.12,playing,18
49.1162,3.77,0,0,0.17551,0,277.66,playing,18
49.1322,1.8485,0,0,0.17551,0,278.37,playing,18
49.1487,0.8587,0,0,0.21915,0,279.45,playing,18
49.1657,0.8587,0,0,0.21915,0,280.74,playing,18
49.1825,-0.553,0,0,0.21915,0,282.43,playing,18
49.1992,-0.553,0,0,0.21915,0,284.44,playing,18
49.2153,-0.553,0,0,0.23233,1,286.62,playing,18
49.2315,-2.1811,0,0,0.23233,0,289.24,playing,18
49.2487,-2.1811,0,0,0.23233,0,292.0,playing,18
49.2649,-2.1811,0,0,0.23233,0,295.24,playing,18
49.2805,-2.1811,0,0,0.29922,0,298.57,playing,18
49.2991,-2.6019,0,0,0.29922,0,302.19,playing,18
49.315,-3.1739,0,0,0.29922,0,306.61,playing,18
49.3318,-3.1739,0,0,0.29922,0,310.83,playing,18
49.3493,-3.1739,0,0,0.29922,0,315.62,playing,18
49.3666,-3.5058,0,0,0.28619,0,321.06,playing,18
49.3832,-3.5058,0,0,0.28619,0,326.51,playing,18
49.4004,-3.5058,0,0,0.28619,0,332.28,playing,18
49.4168,-23.1301,1,0,0.28619,0,338.36,playing,18
49.4331,-23.1301,0,0,0.26786,0,332.4,playing,18
49.4504,-9.2377,0,0,0.26786,0,326.73,playing,18
49.4671,-9.2377,0,0,0.26786,0,320.7,playing,18
49.4832,-9.2377,0,0,0.26786,0,315.62,playing,18
49.5001,-1.6941,0,0,0.26786,0,310.54,playing,18
49.5174,-1.6941,0,0,0.19952,0,305.78,playing,18
49.5331,-1.6941,0,0,0.19952,0,301.58,playing,18
49.549,7.6495,0,0,0.19952,0,297.67,playing,18
49.5648,7.6495,0,0,0.19952,0,294.03,playing,18
49.5815,9.7345,0,0,0.16589,0,290.68,playing,18
49.5981,10.1018,0,0,0.16589,0,287.43,playing,18
49.6137,10.1018,0,0,0.16589,0,284.66,playing,18
49.6301,8.4959,0,0,0.17791,0,282.17,playing,18
49.6463,8.4959,0,0,0.17791,0,279.96,playing,18
49.6635,8.4959,0,0,0.17791,0,277.93,playing,18
49.6796,4.7096,0,0,0.17791,0,276.22,playing,18
49.6962,4.7096,0,0,0.16273,0,274.89,playing,19
49.7134,4.7096,0,0,0.16273,0,273.79,playing,19
49.7301,3.0444,0,0,0.16273,0,273.02,playing,19
49.746,3.0444,0,0,0.16273,0,272.57,playing,19
49.7622,1.9324,0,0,0.21933,0,272.4,playing,19
49.7794,1.9324,0,0,0.21933,0,272.54,playing,19
49.7961,1.9324,0,0,0.21933,0,272.99,playing,19
49.8118,-0.464,0,0,0.23524,1,273.71,playing,19
49.8281,-0.464,0,0,0.23524,0,274.7,playing,19
49.8445,-0.464,0,0,0.23524,0,275.98,playing,19
49.8611,-0.8229,0,0,0.23524,0,277.65,playing,19
49.8773,-0.8229,0,0,0.25041,0,279.5,playing,19
49.8946,-0.8229,0,0,0.25041,0,281.79,playing,19
49.9115,-1.1743,0,0,0.25041,0,284.4,playing,19
49.9281,-1.1743,0,0,0.23651,0,287.33,playing,19
49.9437,-1.1743,0,0,0.23651,0,290.36,playing,19
49.9604,-1.1743,0,0,0.23651,0,293.68,playing,19
49.9776,-1.1743,0,0,0.23651,0,297.52,playing,19
49.998,-11.048,0,0,0.25801,0,301.68,playing,19
50.0156,-11.048,0,0,0.25801,0,307.31,playing,19
50.0321,-19.2673,1,0,0.25801,0,312.18,playing,19
50.0483,-13.0754,0,0,0.25801,0,306.22,playing,19
50.065,-13.0754,0,0,0.25801,0,300.2,playing,19
50.0824,-7.5669,0,0,0.24013,0,294.51,playing,19
50.0996,-7.5669,0,0,0.24013,0,289.13,playing,19
50.1156,-7.5669,0,0,0.24013,0,284.07,playing,19
50.1323,9.2058,0,0,0.24013,0,279.59,playing,19
50.1495,9.2058,0,0,0.20584,0,275.15,playing,19
50.1706,14.0402,0,0,0.20584,0,271.03,playing,19
50.1882,14.0402,0,0,0.20584,0,266.22,playing,19
50.2044,14.0402,0,0,0.20584,0,263.01,playing,19
50.2211,10.1875,0,0,0.2034,0,259.91,playing,19
50.2378,10.1875,0,0,0.2034,0,257.14,playing,19
50.2535,10.1875,0,0,0.2034,0,254.8,playing,19
50.2696,7.3861,0,0,0.2034,0,252.75,playing,19
50.2862,7.3861,0,0,0.2034,0,250.98,playing,19
50.3033,5.0636,0,0,0.17303,0,249.42,playing,19
50.3202,5.0636,0,0,0.17303,0,248.18,playing,19
50.3369,5.0636,0,0,0.17303,0,247.25,playing,19
50.353,0.4773,0,0,0.23263,1,246.66,playing,19
50.3687,0.4773,0,0,0.23263,0,246.35,playing,19
50.3849,0.4773,0,0,0.23263,0,246.32,playing,19
50.4034,-0.3936,0,0,0.23263,0,246.58,playing,19
50.4205,-0.3936,0,0,0.23943,0,247.28,playing,19
50.437,-1.5536,0,0,0.23943,0,248.22,playing,19
50.4533,-2.0486,0,0,0.23943,0,249.39,playing,19
50.4703,-2.0486,0,0,0.27621,0,250.95,playing,19
50.4869,-2.0486,0,0,0.27621,0,252.83,playing,19
50.5031,-2.0486,0,0,0.27621,0,254.88,playing,19
50.5187,-2.0486,0,0,0.27621,0,257.21,playing,19
50.5351,-2.5307,0,0,0.25483,0,259.82,playing,19
50.5512,-2.5307,0,0,0.25483,0,262.72,playing,19
50.5676,-2.5307,0,0,0.25483,0,266.11,playing,19
50.5842,-2.1919,0,0,0.24677,0,269.58,playing,19
50.6018,-2.1919,0,0,0.24677,0,273.6,playing,19
50.6184,-1.8185,0,0,0.24677,0,277.92,playing,19
50.635,-1.8185,0,0,0.24677,0,282.57,playing,19
50.6511,-1.8185,0,0,0.24387,0,287.22,playing,19
50.6668,-16.5614,1,0,0.24387,0,292.16,playing,19
50.6829,-16.5614,0,0,0.24387,0,286.2,playing,19
50.6994,-16.5614,0,0,0.24387,0,280.52,playing,19
50.7156,-15.5318,0,0,0.23646,0,274.81,playing,19
50.7322,-15.5318,0,0,0.23646,0,269.71,playing,19
50.7484,-15.5318,0,0,0.23646,0,264.9,playing,19
50.7646,-9.3333,0,0,0.17764,0,260.1,playing,19
50.7808,-9.3333,0,0,0.17764,0,255.87,playing,19
50.7971,-5.5049,0,0,0.17764,0,251.92,playing,19
50.8131,1.1807,0,0,0.17764,0,248.25,playing,19
50.8303,1.1807,0,0,0.19624,0,244.67,playing,19
50.847,10.2726,0,0,0.19624,0,241.4,playing,19
50.8627,10.2726,0,0,0.19624,0,238.61,playing,19
50.8792,10.2726,0,0,0.19624,0,236.1,playing,19
50.8961,13.714,0,0,0.17768,0,233.75,playing,19
50.9121,13.714,0,0,0.17768,0,231.83,playing,19
50.928,13.714,0,0,0.17768,0,230.18,playing,19
50.9438,10.9746,0,0,0.17768,0,228.82,playing,19
50.9602,10.9746,0,0,0.19962,0,227.73,playing,19
50.9766,8.335,0,0,0.19962,0,226.93,playing,19
50.9928,8.335,0,0,0.19962,0,226.4,playing,19
51.009,8.335,0,0,0.19962,0,226.18,playing,19
51.0255,3.1333,0,0,0.19948,0,226.24,playing,19
51.0419,3.1333,0,0,0.19948,0,226.62,playing,19
51.0582,3.1333,0,0,0.19948,0,227.26,playing,19
51.075,3.1333,0,0,0.19948,0,228.26,playing,19
51.0908,3.1333,0,0,0.19948,0,229.48,playing,19
51.1065,3.1333,0,0,0.19909,0,230.99,playing,19
51.1228,-0.1521,0,0,0.19909,0,232.77,playing,19
51.1385,-0.1521,0,0,0.19909,0,234.84,dead,19
51.1551,-0.1521,0,0,0.19909,0,237.19,dead,19
51.1706,-1.5435,0,0,0.2283,1,239.82,dead,19
51.1874,-1.5435,0,0,0.2283,0,242.73,dead,19
51.2042,-1.5435,0,0,0.2283,0,246.14,dead,19
51.22,-1.5435,0,0,0.2283,0,249.64,dead,19
51.2366,-1.5435,0,0,0.23188,0,253.41,dead,19
51.2532,-2.7731,0,0,0.23188,0,257.74,dead,19
51.2693,-2.7731,0,0,0.23188,0,262.09,dead,19
51.286,-2.7731,0,0,0.23188,0,267.04,dead,19
51.3021,-2.6654,0,0,0.25907,0,271.97,dead,19
51.3183,-2.6654,0,0,0.25907,0,277.19,dead,19
51.335,-2.6654,0,0,0.25907,0,283.05,dead,19
51.3506,-2.5314,0,0,0.25907,0,288.85,dead,19
51.3674,-2.5314,0,0,0.24682,0,294.93,dead,19
51.3841,-2.5507,0,0,0.24682,0,301.71,dead,19
51.3997,-2.5507,0,0,0.24682,0,308.37,dead,19
51.416,-2.5507,0,0,0.24682,0,315.31,dead,19
51.4326,-2.5507,0,0,0.25033,0,323.01,dead,19
51.4493,-2.5507,0,0,0.25033,0,330.53,dead,19
51.4665,-2.5507,0,0,0.25033,0,338.84,dead,19
51.4817,-1.7169,0,0,0.22049,0,346.95,dead,19
51.4981,-0.7754,0,0,0.22049,0,355.33,dead,19
51.5155,-0.7754,0,0,0.22049,0,364.56,dead,19
51.5322,-0.7801,0,0,0.22049,0,374.1,dead,19
51.5479,-0.7801,0,0,0.28936,0,383.37,dead,19
51.5635,0.3999,0,0,0.28936,0,392.92,dead,19
51.5801,0.3999,0,0,0.28936,0,402.75,dead,19
51.5963,0.3999,0,0,0.25039,0,412.86,dead,19
51.6127,0.399,0,0,0.25039,0,423.92,dead,19
51.6287,0.399,0,0,0.25039,0,434.61,dead,19
51.6448,0.399,0,0,0.25039,0,445.58,dead,19
51.6609,0.1066,0,0,0.30044,0,456.78,dead,19
51.6765,0.1066,0,0,0.30044,0,467.98,dead,19
51.6937,0.1066,0,0,0.30044,0,479.18,dead,19
51.7097,-0.1183,0,0,0.30044,0,491.08,dead,19
51.7258,-0.1183,0,0,0.30044,0,496.0,dead,19
51.7419,-0.0671,0,0,0.30044,0,496.0,dead,19
51.758,-0.0671,0,0,0.30044,0,496.0,dead,19
51.7741,-0.0671,0,0,0.2434,0,496.0,dead,19
51.7897,0.2627,0,0,0.2434,0,496.0,dead,19
51.8063,0.2627,0,0,0.2434,0,496.0,dead,19
51.8236,0.2627,0,0,0.29094,0,496.0,dead,19
51.8399,0.415,0,0,0.29094,0,496.0,dead,19
51.8565,0.415,0,0,0.29094,0,496.0,dead,19
51.8733,0.415,0,0,0.2508,0,496.0,dead,19
51.89,-0.5076,0,0,0.2508,0,496.0,dead,19
51.9069,-0.5076,0,0,0.2508,0,496.0,dead,19
51.9225,-0.6999,0,0,0.2508,0,496.0,dead,19
51.9392,-0.6999,0,0,0.25793,0,496.0,dead,19
51.9552,-0.6999,0,0,0.25793,0,496.0,dead,19
51.9725,-0.8953,0,0,0.25793,0,496.0,dead,19
51.9909,-0.8953,0,0,0.25793,0,496.0,dead,19
52.0073,-0.8953,0,0,0.28247,0,496.0,dead,19
52.024,-0.7738,0,0,0.28247,0,496.0,dead,19
52.0399,-0.7738,0,0,0.28247,0,496.0,dead,19
52.0577,-0.3572,0,0,0.27565,0,496.0,dead,19
52.0743,-0.3572,0,0,0.27565,0,496.0,dead,19
52.0905,-0.3572,0,0,0.27565,0,496.0,dead,19
52.1072,-0.0333,0,0,0.27565,0,496.0,dead,19
52.1236,-0.0333,0,0,0.27565,0,496.0,dead,19
52.1399,-0.0333,0,0,0.26487,0,496.0,dead,19
52.1566,-0.159,0,0,0.26487,0,496.0,dead,19
52.1732,-0.077,0,0,0.26487,0,496.0,dead,19
52.1899,-0.077,0,0,0.25486,0,496.0,dead,19
52.2055,-0.0637,0,0,0.25486,0,496.0,dead,19
52.2221,-0.0637,0,0,0.25486,0,496.0,dead,19
52.2384,-0.3096,0,0,0.25486,0,496.0,dead,19
52.255,-0.2534,0,0,0.23875,0,496.0,dead,19
52.2732,-0.2534,0,0,0.23875,0,496.0,dead,19
52.2891,-0.2009,0,0,0.23875,0,496.0,dead,19
52.3048,-0.2009,0,0,0.23875,0,496.0,dead,19
52.3209,-0.2009,0,0,0.28,0,496.0,dead,19
52.3371,-0.3987,0,0,0.28,0,496.0,dead,19
52.3559,-0.3987,0,0,0.28,0,496.0,dead,19
52.3749,-0.0789,0,0,0.28,0,496.0,dead,19
52.3909,-0.0789,0,0,0.28,0,496.0,dead,19
52.4069,-0.0789,0,0,0.28,0,496.0,dead,19
52.427,0.8413,0,0,0.27395,0,496.0,dead,19
52.4473,3.8334,0,0,0.27395,0,496.0,dead,19
52.4676,3.437,0,0,0.27395,0,496.0,dead,19
52.4837,3.5979,0,0,0.27395,0,496.0,dead,19
52.5,3.5979,0,0,0.28599,0,496.0,dead,19
52.5157,3.4666,0,0,0.28599,0,496.0,dead,19
52.5316,3.4666,0,0,0.28599,0,496.0,dead,19
52.5517,3.1839,0,0,0.28599,0,496.0,dead,19
52.568,3.1839,0,0,0.28599,0,496.0,dead,19
52.5842,3.1839,0,0,0.27661,0,496.0,dead,19
52.602,0.2912,0,0,0.27661,0,496.0,dead,19
52.6176,0.2912,0,0,0.27661,0,496.0,dead,19
52.6337,0.2912,0,0,,0,496.0,dead,19
52.6501,-0.3985,0,0,,0,496.0,dead,19
52.6663,-0.3985,0,0,,0,496.0,dead,19
52.6833,-0.3985,0,0,,0,496.0,dead,19
52.7,-0.4964,0,0,,0,496.0,dead,19
52.7161,-0.4964,0,0,,0,496.0,dead,19
52.7323,-0.4091,0,0,,0,496.0,dead,19
52.748,-0.4091,0,0,0.28139,0,496.0,dead,19
52.7638,-0.4091,0,0,0.28139,0,496.0,dead,19
52.781,-1.2324,0,0,0.28139,0,496.0,dead,19
52.7968,-1.2324,0,0,0.28139,0,496.0,dead,19
52.8136,-1.2324,0,0,0.28139,0,496.0,dead,19
52.8299,-1.4068,0,0,0.28139,0,496.0,dead,19
52.846,-1.4068,0,0,0.28139,0,496.0,dead,19
52.8622,-1.4068,0,0,0.19589,0,496.0,dead,19
52.8786,2.2773,0,0,0.19589,0,496.0,dead,19
52.8952,2.2773,0,0,0.19589,0,496.0,dead,19
52.911,1.0933,0,0,0.19589,0,496.0,dead,19
52.9274,1.0933,0,0,0.25047,1,496.0,dead,19
52.944,1.0933,0,0,0.25047,0,496.0,dead,19
52.9602,0.1151,0,0,0.25047,0,496.0,dead,19
52.9759,0.1151,0,0,0.25047,0,496.0,dead,19
52.9915,0.1151,0,0,0.24702,0,496.0,dead,19
53.0077,0.1151,0,0,0.24702,0,496.0,dead,19
53.0244,0.1151,0,0,0.24702,0,496.0,dead,19
53.0409,0.1151,0,0,0.28707,0,496.0,dead,19
53.0576,-2.3725,0,0,0.28707,0,496.0,dead,19
53.0742,-2.3725,0,0,0.28707,0,496.0,dead,19
53.0895,-2.3725,0,0,0.28707,0,496.0,dead,19
53.1062,-3.9667,0,0,0.25058,0,496.0,dead,19
53.1224,-3.9667,0,0,0.25058,0,496.0,dead,19
53.1395,-2.8324,0,0,0.25058,0,496.0,dead,19
53.1567,-2.8324,0,0,0.25058,0,496.0,dead,19
53.1732,-2.8324,0,0,0.27083,0,496.0,dead,19
53.1895,-2.3268,0,0,0.27083,0,496.0,dead,19
53.2062,-2.3268,0,0,0.27083,0,496.0,dead,19
53.2225,-2.3268,0,0,0.27083,0,496.0,dead,19
53.2397,-1.5805,0,0,0.22214,0,496.0,dead,19
53.2556,-1.5805,0,0,0.22214,0,496.0,dead,19
53.275,-1.2071,0,0,0.22214,0,496.0,dead,19
53.2917,-1.2071,0,0,0.22214,0,496.0,dead,19
53.3076,-1.2071,0,0,0.22214,0,496.0,dead,19
53.3237,-1.2071,0,0,0.24339,0,496.0,dead,19
53.3407,-1.2071,0,0,0.24339,0,496.0,dead,19
53.3575,-1.2071,0,0,0.24339,0,496.0,dead,19
53.3744,-1.861,0,0,0.24339,0,496.0,dead,19
53.3915,-1.861,0,0,0.22511,0,496.0,dead,19
53.4081,-1.861,0,0,0.22511,0,496.0,dead,19
53.4261,-1.861,0,0,0.22511,0,496.0,dead,19
53.442,-1.861,0,0,0.22511,0,496.0,dead,19
53.4581,-1.4677,0,0,0.21938,0,496.0,dead,19
53.4752,-0.7965,0,0,0.21938,0,496.0,dead,19
53.4924,-0.7965,0,0,0.21938,0,496.0,dead,19
53.5095,-0.2805,0,0,0.21938,0,496.0,dead,19
53.5257,-0.2805,0,0,0.22883,1,496.0,dead,19
53.542,0.7807,0,0,0.22883,0,496.0,dead,19
53.5576,0.7807,0,0,0.22883,0,496.0,dead,19
53.5736,0.7807,0,0,0.22883,0,496.0,dead,19
53.59,0.7831,0,0,0.19738,0,496.0,dead,19
53.6062,0.7831,0,0,0.19738,0,496.0,dead,19
53.6215,0.7831,0,0,0.19738,0,496.0,dead,19
53.6378,1.1103,0,0,0.19738,0,496.0,dead,19
53.655,1.1103,0,0,0.20799,0,496.0,dead,19
53.6711,1.1103,0,0,0.20799,0,496.0,dead,19
53.6865,0.9827,0,0,0.20799,0,496.0,dead,19
53.7026,0.9827,0,0,0.20799,0,496.0,dead,19
53.7187,0.9827,0,0,0.27079,0,496.0,dead,19
53.7354,1.3128,0,0,0.27079,0,496.0,dead,19
53.7521,1.3128,0,0,0.27079,0,496.0,dead,19
53.7683,1.36,0,0,0.27079,0,496.0,dead,19
53.7936,1.36,0,0,0.22183,0,496.0,dead,19
53.8132,1.36,0,0,0.22183,0,496.0,dead,19
53.8274,0.8237,0,0,0.22183,0,496.0,dead,19
53.844,0.8237,0,0,0.22183,0,496.0,dead,19
53.8634,0.812,0,0,0.22183,0,496.0,dead,19
53.8807,0.812,0,0,0.22183,0,496.0,dead,19
53.897,0.812,0,0,0.22183,0,496.0,dead,19
53.9154,1.4068,0,0,0.22183,0,496.0,dead,19
53.9321,1.4068,0,0,0.22897,0,496.0,dead,19
53.9489,1.4068,0,0,0.22897,0,496.0,dead,19
53.9651,0.8077,0,0,0.22897,0,496.0,dead,19
53.9811,0.8077,0,0,0.22897,0,496.0,dead,19
53.9965,-0.5723,0,0,0.21842,0,496.0,dead,19
54.0126,-0.5723,0,0,0.21842,0,496.0,dead,19
54.0288,-0.5723,0,0,0.21842,0,496.0,dead,19
54.045,-0.5723,0,0,0.21842,0,496.0,dead,19
54.0606,-0.5723,0,0,0.21842,0,496.0,dead,19
54.0773,-0.5723,0,0,0.22981,1,496.0,dead,19
54.0937,-0.2147,0,0,0.22981,0,496.0,dead,19
54.1099,-0.2147,0,0,0.22981,0,496.0,dead,19
54.1276,-0.2147,0,0,0.22981,0,496.0,dead,19
54.1437,0.0744,0,0,0.23288,0,496.0,dead,19
54.1605,0.0744,0,0,0.23288,0,496.0,dead,19
54.1771,0.263,0,0,0.23288,0,496.0,dead,19
54.1937,0.263,0,0,0.23288,0,496.0,dead,19
54.2105,0.263,0,0,0.23288,0,496.0,dead,19
54.2271,0.4979,0,0,0.23288,0,496.0,dead,19
54.2428,0.4979,0,0,0.23288,0,496.0,dead,19
54.2607,0.4979,0,0,0.23288,0,496.0,dead,19
54.277,0.2591,0,0,0.23332,0,496.0,dead,19
54.3018,0.2591,0,0,0.23332,0,496.0,dead,19
54.3251,0.2009,0,0,0.23332,0,496.0,dead,19
54.3425,0.2009,0,0,0.23332,0,496.0,dead,19
54.359,-0.2144,0,0,0.22754,0,496.0,dead,19
54.3752,0.1075,0,0,0.22754,0,496.0,dead,19
54.3919,0.1075,0,0,0.22754,0,496.0,dead,19
54.4082,0.1075,0,0,0.22754,0,496.0,dead,19
54.4245,0.1075,0,0,0.22754,0,496.0,dead,19
54.4411,-0.0481,0,0,0.22697,0,496.0,dead,19
54.4568,0.3967,0,0,0.22697,0,496.0,dead,19
54.473,0.3967,0,0,0.22697,0,496.0,dead,19
54.4893,0.1137,0,0,0.22697,0,496.0,dead,19
54.5064,0.1137,0,0,0.25411,0,496.0,dead,19
54.5225,0.1137,0,0,0.25411,0,496.0,dead,19
54.5392,-0.2911,0,0,0.25411,0,496.0,dead,19
54.5548,-0.2911,0,0,0.25411,0,496.0,dead,19
54.571,-0.2911,0,0,0.28999,0,496.0,dead,19
54.5866,0.2493,0,0,0.28999,0,496.0,dead,19
54.6032,0.2493,0,0,0.28999,0,496.0,dead,19
54.619,0.2493,0,0,0.28999,0,496.0,dead,19
54.6351,-0.2954,0,0,0.25375,0,496.0,dead,19
54.6534,-0.2954,0,0,0.25375,0,496.0,dead,19
54.6743,-0.5572,0,0,0.25375,0,496.0,dead,19
54.6916,-0.5572,0,0,0.25375,0,496.0,dead,19
54.7082,-0.5572,0,0,0.25375,0,496.0,dead,19
54.73,-0.461,0,0,0.22922,0,496.0,dead,19
54.7473,-0.461,0,0,0.22922,0,496.0,dead,19
54.764,-0.461,0,0,0.22922,0,496.0,dead,19
54.7801,-0.461,0,0,0.22922,0,496.0,dead,19
54.7958,-0.461,0,0,0.26086,0,496.0,dead,19
54.812,-0.2848,0,0,0.26086,0,496.0,dead,19
54.8279,-0.2848,0,0,0.26086,0,496.0,dead,19
54.8442,-0.2848,0,0,0.26086,0,496.0,dead,19
54.8632,-0.0159,0,0,0.272,0,496.0,dead,19
54.8799,-0.0159,0,0,0.272,0,496.0,dead,19
54.8961,0.2896,0,0,0.272,0,496.0,dead,19
54.9123,0.2896,0,0,0.272,0,496.0,dead,19
54.9285,0.2896,0,0,0.23968,0,496.0,dead,19
54.9446,0.4896,0,0,0.23968,0,496.0,dead,19
54.9607,0.4896,0,0,0.23968,0,496.0,dead,19
54.9775,0.4896,0,0,0.23968,0,496.0,dead,19
54.996,0.1753,0,0,0.24265,0,496.0,dead,19
55.0123,0.1753,0,0,0.24265,0,496.0,dead,19
55.0295,0.5933,0,0,0.24265,0,496.0,dead,19
55.0462,0.5933,0,0,0.24265,0,496.0,dead,19
55.0622,0.5933,0,0,0.20741,0,496.0,dead,19
55.0781,-0.0037,0,0,0.20741,0,496.0,dead,19
55.0944,-0.0037,0,0,0.20741,0,496.0,dead,19
55.1104,-0.0037,0,0,0.20741,0,496.0,dead,19
55.1306,0.3273,0,0,0.25019,1,496.0,dead,19
55.1496,0.3273,0,0,0.25019,0,496.0,dead,19
55.1671,0.5941,0,0,0.25019,0,496.0,dead,19
55.1835,0.5941,0,0,0.25019,0,496.0,dead,19
55.2,0.5941,0,0,0.25019,0,496.0,dead,19
55.2242,0.3082,0,0,0.2537,0,496.0,dead,19
55.2464,0.3082,0,0,0.2537,0,496.0,dead,19
55.2665,-1.9248,0,0,0.2537,0,496.0,dead,19
55.2851,-1.9248,0,0,0.2537,0,496.0,dead,19
55.3088,-1.7326,0,0,0.26046,0,496.0,dead,19
55.3254,-1.7326,0,0,0.26046,0,496.0,dead,19
55.3418,-1.4571,0,0,0.26046,0,496.0,dead,19
55.358,-0.9794,0,0,0.26046,0,496.0,dead,19
55.3745,-0.9794,0,0,0.26046,0,496.0,dead,19
55.3912,-0.3947,0,0,0.19948,0,496.0,dead,19
55.407,-0.3947,0,0,0.19948,0,496.0,dead,19
55.4227,-0.3947,0,0,0.19948,0,496.0,dead,19
55.439,0.0504,0,0,0.19948,1,496.0,dead,19
55.4549,0.0504,0,0,0.25338,0,496.0,dead,19
55.4715,0.0504,0,0,0.25338,0,496.0,dead,19
55.4877,-0.433,0,0,0.25338,0,496.0,dead,19
55.5043,-0.433,0,0,0.22873,0,496.0,dead,19
55.5211,-0.071,0,0,0.22873,0,496.0,dead,19
55.5385,-0.071,0,0,0.22873,0,496.0,dead,19
55.5545,-0.071,0,0,0.22873,0,496.0,dead,19
55.5746,-0.3919,0,0,0.28691,0,496.0,dead,19
55.5914,-0.3919,0,0,0.28691,0,496.0,dead,19
55.608,-0.3919,0,0,0.28691,0,496.0,dead,19
55.6237,-0.3796,0,0,0.28691,0,496.0,dead,19
55.6397,-0.3796,0,0,0.25391,0,496.0,dead,19
55.6555,-0.3796,0,0,0.25391,0,496.0,dead,19
55.6716,-0.4725,0,0,0.25391,0,496.0,dead,19
55.6882,-0.4725,0,0,0.25391,0,496.0,dead,19
55.7055,-1.0329,0,0,0.23332,0,496.0,dead,19
55.7218,-1.0329,0,0,0.23332,0,496.0,dead,19
55.7382,-1.0329,0,0,0.23332,0,496.0,dead,19
55.7554,-1.8569,0,0,0.23332,0,496.0,dead,19
55.7715,-1.8569,0,0,0.24687,0,496.0,dead,19
55.7883,-1.8569,0,0,0.24687,0,496.0,dead,19
55.8051,-1.8463,0,0,0.24687,0,496.0,dead,19
55.8208,-1.8463,0,0,0.24687,0,496.0,dead,19
55.8371,-0.3163,0,0,0.23225,0,496.0,dead,19
55.8539,-0.3163,0,0,0.23225,0,496.0,dead,19
55.8704,-0.3163,0,0,0.23225,0,496.0,dead,19
55.8875,0.981,0,0,0.23225,0,496.0,dead,19
55.9037,0.981,0,0,0.23225,0,496.0,dead,19
55.92,0.981,0,0,0.19987,0,496.0,dead,19
55.9426,3.1833,0,0,0.19987,0,496.0,dead,19
55.9603,3.1833,0,0,0.19987,0,496.0,dead,19
55.9793,3.4561,0,0,0.19987,0,496.0,dead,19
55.9959,3.4561,0,0,0.19987,0,496.0,dead,19
56.0168,1.3421,0,0,0.21471,0,496.0,dead,19
56.0404,-0.3742,0,0,0.21471,0,496.0,dead,19
56.0566,-0.3742,0,0,0.21471,0,496.0,dead,19
56.0728,-3.3848,0,0,0.21471,0,496.0,dead,19
56.0886,-3.3848,0,0,0.21471,0,496.0,dead,19
56.1058,-3.7149,0,0,0.26527,1,496.0,dead,19
56.1231,-3.35,0,0,0.26527,0,496.0,dead,19
56.1389,-3.35,0,0,0.26527,0,496.0,dead,19
56.1551,-2.025,0,0,0.26527,0,496.0,dead,19
56.1724,-2.025,0,0,0.19192,0,496.0,dead,19
56.1888,-2.025,0,0,0.19192,0,496.0,dead,19
56.2087,-1.7363,0,0,0.19192,0,496.0,dead,19
56.2254,-1.7363,0,0,0.19192,0,496.0,dead,19
56.2425,-1.8495,0,0,0.19192,0,496.0,dead,19
56.2598,-0.7892,0,0,0.19091,0,496.0,dead,19
56.276,-0.7892,0,0,0.19091,0,496.0,dead,19
56.2921,-0.0574,0,0,0.19091,0,496.0,dead,19
56.3074,-0.0574,0,0,0.19091,0,496.0,dead,19
56.324,-0.0574,0,0,0.16195,0,496.0,dead,19
56.3403,1.259,0,0,0.16195,0,496.0,dead,19
56.3575,1.259,0,0,0.16195,0,496.0,dead,19
56.3741,1.259,0,0,,0,496.0,dead,19
56.3903,4.7187,0,0,,0,496.0,dead,19
56.4072,4.7187,0,0,,0,496.0,dead,19
56.4239,4.7187,0,0,,0,496.0,dead,19
56.4394,4.7187,0,0,,0,496.0,dead,19
56.456,4.7187,0,0,,0,496.0,dead,19
56.4722,2.4114,0,0,,0,496.0,dead,19
56.4879,2.4114,0,0,,0,496.0,dead,19
56.5038,2.4114,0,0,,0,496.0,dead,19
56.5198,-0.2391,0,0,,0,496.0,dead,19
56.5357,-0.2391,0,0,,0,496.0,dead,19
56.5523,-0.2391,0,0,,0,496.0,dead,19
56.5695,-1.7231,0,0,0.26811,1,496.0,dead,19
56.586,-1.7231,0,0,0.26811,0,496.0,dead,19
56.6017,-2.5502,0,0,0.26811,0,496.0,dead,19
56.618,-2.5502,0,0,,0,496.0,dead,19
56.6336,-2.5502,0,0,,0,496.0,dead,19
56.65,-1.4539,0,0,,0,496.0,dead,19
56.6662,-1.4539,0,0,0.28676,0,496.0,dead,19
56.6824,-1.4539,0,0,0.28676,0,496.0,dead,19
56.6993,-0.4749,0,0,0.28676,0,496.0,dead,19
56.7164,-0.4749,0,0,0.28676,0,496.0,dead,19
56.7326,-0.4749,0,0,0.28784,0,496.0,dead,19
56.7495,-0.4749,0,0,0.28784,0,496.0,dead,19
56.766,-0.4749,0,0,0.28784,0,496.0,dead,19
56.7835,-0.0982,0,0,0.28784,0,496.0,dead,19
56.8001,-0.0281,0,0,0.28748,0,496.0,dead,19
56.817,-0.0281,0,0,0.28748,0,496.0,dead,19
56.839,-0.2807,0,0,0.28748,0,496.0,dead,19
56.855,-0.2807,0,0,0.28748,0,496.0,dead,19
56.8715,-0.951,0,0,0.26519,0,496.0,dead,19
56.8881,-0.951,0,0,0.26519,0,496.0,dead,19
56.9051,-0.951,0,0,0.26519,0,496.0,dead,19
56.9217,-1.6556,0,0,0.26519,0,496.0,dead,19
56.9376,-1.6556,0,0,,0,496.0,dead,19
56.9542,-1.6556,0,0,,0,496.0,dead,19
56.9715,-1.6556,0,0,,0,496.0,dead,19
56.988,-1.6556,0,0,0.25409,0,496.0,dead,19
57.0042,-1.6556,0,0,0.25409,0,496.0,dead,19
57.0196,-1.1815,0,0,0.25409,0,496.0,dead,19
57.0362,-1.1815,0,0,0.25409,0,496.0,dead,19
57.0532,-0.672,0,0,0.25765,0,496.0,dead,19
57.0689,0.1538,0,0,0.25765,0,496.0,dead,19
57.085,0.1538,0,0,0.25765,0,496.0,dead,19
57.1025,0.1538,0,0,0.25765,0,496.0,dead,19
57.1191,0.1538,0,0,0.2753,0,496.0,dead,19
57.1353,0.1538,0,0,0.2753,0,496.0,dead,19
57.152,0.4051,0,0,0.2753,0,496.0,dead,19
57.1687,0.4051,0,0,0.2646,0,496.0,dead,19
57.1851,0.4051,0,0,0.2646,0,496.0,dead,19
57.2007,0.1672,0,0,0.2646,0,496.0,dead,19
57.2174,0.1672,0,0,0.2646,0,496.0,dead,19
57.234,-0.4365,0,0,,0,496.0,dead,19
57.2497,-0.4365,0,0,,0,496.0,dead,19
57.2665,-0.4365,0,0,,0,496.0,dead,19
57.2831,-0.5792,0,0,,0,496.0,dead,19
57.2992,-0.5792,0,0,,0,496.0,dead,19
57.3155,-0.5792,0,0,,0,496.0,dead,19
57.3322,-0.8954,0,0,,0,496.0,dead,19
57.3483,-0.8954,0,0,,0,496.0,dead,19
57.365,-0.8954,0,0,,0,496.0,dead,19
57.3835,-0.0746,0,0,,0,496.0,dead,19
57.4006,-0.0746,0,0,,0,496.0,dead,19
57.417,-0.0667,0,0,,0,496.0,dead,19
57.4326,-0.0667,0,0,,0,496.0,dead,19
57.4488,-0.0667,0,0,,0,496.0,dead,19
57.4672,1.9659,0,0,,0,496.0,dead,19
57.4836,1.9659,0,0,,0,496.0,dead,19
57.4995,1.9659,0,0,,0,496.0,dead,19
57.5194,1.4445,0,0,,0,496.0,dead,19
57.5395,1.4445,0,0,,0,496.0,dead,19
57.5586,0.8969,0,0,,0,496.0,dead,19
57.575,0.8969,0,0,,0,496.0,dead,19
57.5911,1.2972,0,0,,0,496.0,dead,19
57.6082,1.7756,0,0,,0,496.0,dead,19
57.6278,1.7756,0,0,,0,496.0,dead,19
57.6475,3.0988,0,0,,0,496.0,dead,19
57.6636,3.0988,0,0,,0,496.0,dead,19
57.6846,2.4773,0,0,,0,496.0,dead,19
57.7012,2.4773,0,0,,0,496.0,dead,19
57.7182,2.4773,0,0,,0,496.0,dead,19
57.7344,1.5925,0,0,,0,496.0,dead,19
57.751,1.5925,0,0,0.24155,0,496.0,dead,19
57.7677,1.5925,0,0,0.24155,0,496.0,dead,19
57.784,0.7905,0,0,0.24155,0,496.0,dead,19
57.8004,0.7905,0,0,0.24155,0,496.0,dead,19
57.8165,0.1285,0,0,,0,496.0,dead,19
57.8335,-0.0782,0,0,,0,496.0,dead,19
57.8496,-0.0782,0,0,,0,496.0,dead,19
57.8662,-0.9815,0,0,0.27016,0,496.0,dead,19
57.8822,-0.9815,0,0,0.27016,0,496.0,dead,19
57.8994,-0.9815,0,0,0.27016,0,496.0,dead,19
57.916,-0.6737,0,0,0.27813,0,496.0,dead,19
57.9321,-0.6737,0,0,0.27813,0,496.0,dead,19
57.9485,-0.6737,0,0,0.27813,0,496.0,dead,19
57.9651,-0.7927,0,0,0.27813,0,496.0,dead,19
57.9827,-0.7927,0,0,0.22157,0,496.0,dead,19
57.9986,-1.5508,0,0,0.22157,0,496.0,dead,19
58.0146,-1.5508,0,0,0.22157,0,496.0,dead,19
58.0313,-1.5508,0,0,0.22157,0,496.0,dead,19
58.0474,-1.0529,0,0,0.22157,0,496.0,dead,19
58.0645,-1.0529,0,0,0.22157,0,496.0,dead,19
58.0816,-1.0529,0,0,0.22157,0,496.0,dead,19
58.0974,-1.2582,0,0,0.22157,0,496.0,dead,19
58.1135,-1.2582,0,0,0.22157,0,496.0,dead,19
58.1302,-1.2582,0,0,0.2536,0,496.0,dead,19
58.1465,-1.2582,0,0,0.2536,0,496.0,dead,19
58.1632,-1.2582,0,0,0.2536,0,496.0,dead,19
58.1789,-0.8571,0,0,0.2536,0,496.0,dead,19
58.1956,-0.8571,0,0,0.2536,0,496.0,dead,19
58.2122,-0.8571,0,0,0.25668,0,496.0,dead,19
58.2275,-0.1299,0,0,0.25668,0,496.0,dead,19
58.2441,-0.1299,0,0,0.25668,0,496.0,dead,19
58.2597,-0.1299,0,0,0.24076,0,496.0,dead,19
58.2763,0.5161,0,0,0.24076,0,496.0,dead,19
58.2959,0.5161,0,0,0.24076,0,496.0,dead,19
58.3124,0.4688,0,0,0.24076,0,496.0,dead,19
58.3294,0.0755,0,0,0.24076,0,496.0,dead,19
58.3459,0.0755,0,0,0.27583,0,496.0,dead,19
58.362,-0.7397,0,0,0.27583,0,496.0,dead,19
58.3786,-0.7397,0,0,0.27583,0,496.0,dead,19
58.3954,-0.7397,0,0,0.27583,0,496.0,dead,19
58.4128,-0.8647,0,0,0.27583,0,496.0,dead,19
58.4297,-0.8647,0,0,0.26883,0,496.0,dead,19
58.4476,-0.7188,0,0,0.26883,0,496.0,dead,19
58.4632,-0.7188,0,0,0.26883,0,496.0,dead,19
58.4795,-0.7188,0,0,0.26883,0,496.0,dead,19
58.4961,-0.7188,0,0,0.2388,0,496.0,dead,19
58.5125,-0.7188,0,0,0.2388,0,496.0,dead,19
58.5289,-0.7188,0,0,0.2388,0,496.0,dead,19
58.545,-0.0928,0,0,0.15827,0,496.0,dead,19
58.5611,-0.0928,0,0,0.15827,0,496.0,dead,19
58.5777,-0.0928,0,0,0.15827,0,496.0,dead,19
58.5942,0.58,0,0,0.15827,0,496.0,dead,19
58.6116,0.58,0,0,0.17366,0,496.0,dead,19
58.6281,0.2615,0,0,0.17366,0,496.0,dead,19
58.6436,0.2615,0,0,0.17366,0,496.0,dead,19
58.6602,0.2615,0,0,0.17366,0,496.0,dead,19
58.6763,-0.8697,0,0,0.18259,0,496.0,dead,19
58.6928,-0.8697,0,0,0.18259,0,496.0,dead,19
58.7088,-0.8697,0,0,0.18259,0,496.0,dead,19
58.7245,-0.5736,0,0,0.18259,0,496.0,dead,19
58.7408,-0.5736,0,0,,0,496.0,dead,19
58.7576,-0.5736,0,0,,0,496.0,dead,19
58.774,-0.616,0,0,,0,496.0,dead,19
58.7906,-0.616,0,0,0.19998,0,496.0,dead,19
58.8086,-0.0765,0,0,0.19998,0,496.0,dead,19
58.825,-0.0765,0,0,0.19998,0,496.0,dead,19
58.843,-0.0765,0,0,0.19998,0,496.0,dead,19
58.8597,-0.0948,0,0,0.19589,0,496.0,dead,19
58.8758,-0.0948,0,0,0.19589,0,496.0,dead,19
58.8916,-0.0948,0,0,0.19589,0,496.0,dead,19
58.9097,0.4835,0,0,0.15439,0,496.0,dead,19
58.926,0.4835,0,0,0.15439,0,496.0,dead,19
58.9424,0.8608,0,0,0.15439,0,496.0,dead,19
58.9586,0.8608,0,0,0.15439,0,496.0,dead,19
58.977,0.8608,0,0,0.15439,1,496.0,dead,19
58.9977,0.8608,0,0,0.24006,0,496.0,dead,19
59.0137,0.8608,0,0,0.24006,0,496.0,dead,19
59.0306,0.9262,0,0,0.24006,0,496.0,dead,19
59.048,1.099,0,0,,0,496.0,dead,19
59.0638,1.099,0,0,,0,496.0,dead,19
59.0806,1.099,0,0,,0,496.0,dead,19
59.0972,1.099,0,0,,0,496.0,dead,19
59.1127,1.099,0,0,,0,496.0,dead,19
59.1287,0.5529,0,0,,0,496.0,dead,19
59.145,0.5529,0,0,,0,496.0,dead,19
59.1608,0.5529,0,0,,0,496.0,dead,19
59.177,0.5529,0,0,,0,496.0,dead,19
59.1933,0.5529,0,0,,0,496.0,dead,19
59.2105,0.1347,0,0,,0,496.0,dead,19
59.2275,0.4252,0,0,,0,496.0,dead,19
59.2437,0.4252,0,0,,0,496.0,dead,19
59.2604,0.434,0,0,,0,496.0,dead,19
59.277,0.434,0,0,,0,496.0,dead,19
59.2931,0.434,0,0,,0,496.0,dead,19
59.3089,-0.0458,0,0,,0,496.0,dead,19
59.325,-0.0458,0,0,,0,496.0,dead,19
59.3406,-0.0458,0,0,,0,496.0,dead,19
59.357,0.0694,0,0,,0,496.0,dead,19
59.3736,0.0694,0,0,,0,496.0,dead,19
59.3903,0.0694,0,0,,0,496.0,dead,19
59.4069,0.0651,0,0,,0,496.0,dead,19
59.423,0.0651,0,0,,0,496.0,dead,19
59.4392,-0.0928,0,0,,0,496.0,dead,19
59.4548,-0.0928,0,0,,0,496.0,dead,19
59.4709,-0.0928,0,0,,0,496.0,dead,19
59.4877,0.0663,0,0,,0,496.0,dead,19
59.5044,0.0663,0,0,,0,496.0,dead,19
59.5231,0.0663,0,0,,0,496.0,dead,19
59.5434,0.0777,0,0,,0,496.0,dead,19
59.5602,0.0777,0,0,,0,496.0,dead,19
59.5761,0.0565,0,0,,0,496.0,dead,19
59.5935,0.0565,0,0,,0,496.0,dead,19
59.6101,0.0565,0,0,,0,496.0,dead,19
59.63,0.102,0,0,,0,496.0,dead,19
59.6474,0.102,0,0,,0,496.0,dead,19
59.6678,-0.1808,0,0,,0,496.0,dead,19
59.6846,-0.1808,0,0,,0,496.0,dead,19
59.7053,-0.1808,0,0,,0,496.0,dead,19
59.7231,0.4245,0,0,,0,496.0,dead,19
59.7394,0.4245,0,0,,0,496.0,dead,19
59.7562,0.6293,0,0,,0,496.0,dead,19
59.7767,0.6293,0,0,,0,496.0,dead,19
59.7928,0.6293,0,0,,0,496.0,dead,19
59.8098,0.6293,0,0,,0,496.0,dead,19
59.8278,0.6293,0,0,,0,496.0,dead,19
59.8468,-0.1304,0,0,,0,496.0,dead,19
59.8684,-0.4892,0,0,,0,496.0,dead,19
59.8879,-0.8212,0,0,,0,496.0,dead,19
59.9045,-0.8212,0,0,,0,496.0,dead,19
59.9287,-0.8212,0,0,,0,496.0,dead,19
59.9469,-0.8212,0,0,,0,496.0,dead,19
60.0143,-0.8212,0,0,,0,496.0,dead,19
60.0301,-1.2719,0,0,,0,496.0,dead,19
60.0485,-1.019,0,0,,0,496.0,dead,19
60.0652,-1.019,0,0,,0,496.0,dead,19
60.0826,-1.019,0,0,,0,496.0,dead,19
60.0994,-1.019,0,0,,0,496.0,dead,19
60.1158,-0.1502,0,0,,0,496.0,dead,19
60.132,-0.1502,0,0,,0,496.0,dead,19
60.1478,-0.1502,0,0,,0,496.0,dead,19
60.1645,-0.1502,0,0,,0,496.0,dead,19
60.1816,-0.1502,0,0,,0,496.0,dead,19
60.1988,-0.1502,0,0,,0,496.0,dead,19
60.2167,1.1353,0,0,,0,496.0,dead,19
60.2334,1.1353,0,0,,0,496.0,dead,19
60.25,0.9648,0,0,,0,496.0,dead,19
60.2658,0.785,0,0,,0,496.0,dead,19
60.2822,0.785,0,0,,0,496.0,dead,19
60.2986,0.6551,0,0,0.19584,0,496.0,dead,19
60.3152,0.6551,0,0,0.19584,0,496.0,dead,19
60.3319,0.6551,0,0,0.19584,0,496.0,dead,19
60.3515,0.5804,0,0,0.19584,0,496.0,dead,19
60.369,0.5804,0,0,0.20835,0,496.0,dead,19
60.3848,0.5804,0,0,0.20835,0,496.0,dead,19
60.4015,0.5804,0,0,0.20835,0,496.0,dead,19
60.4176,0.5804,0,0,0.20835,0,496.0,dead,19
60.4358,0.4346,0,0,0.20835,0,496.0,dead,19
60.4582,0.4346,0,0,0.21097,0,496.0,dead,19
60.4764,0.0525,0,0,0.21097,0,496.0,dead,19
60.4999,0.0525,0,0,0.21097,0,496.0,dead,19
60.5208,-0.2505,0,0,0.21097,0,496.0,dead,19
60.5405,-0.9504,0,0,0.21097,0,496.0,dead,19
60.5584,-0.9504,0,0,,0,496.0,dead,19
60.5785,-0.9504,0,0,,0,496.0,dead,19
60.5996,-0.9504,0,0,,0,496.0,dead,19
60.6235,-6.8158,0,0,,0,496.0,dead,19
60.6433,-6.8158,0,0,,0,496.0,dead,19
60.666,-13.1956,1,0,,1,496.0,dead,19
60.6826,-13.1956,0,0,0.26518,0,285.0,playing,0
60.6986,4.669,0,0,0.26518,0,278.69,playing,0
60.7154,4.669,0,0,0.26518,0,273.03,playing,0
60.7315,4.669,0,0,0.26518,0,267.33,playing,0
60.7503,9.2789,0,0,0.26518,0,262.26,playing,0
60.7677,9.2789,0,0,0.26196,0,256.62,playing,0
60.7847,9.2789,0,0,0.26196,0,251.9,playing,0
60.8036,6.8799,0,0,0.26196,0,247.49,playing,0
60.8198,6.8799,0,0,0.26196,0,242.97,playing,0
60.8368,5.0465,0,0,0.26196,0,239.44,playing,0
60.8529,5.0465,0,0,,0,236.01,playing,0
60.8696,5.0465,0,0,,0,233.06,playing,0
60.8863,3.6066,0,0,,0,230.24,playing,0
60.903,3.6066,0,0,,0,227.75,playing,0
60.9191,3.6066,0,0,0.20041,0,225.68,playing,0
60.9349,3.6066,0,0,0.20041,0,223.89,playing,0
60.9515,3.6066,0,0,0.20041,0,222.38,playing,0
60.9677,2.292,0,0,0.20041,0,221.1,playing,0
60.9841,0.9943,0,0,,0,220.18,playing,0
61.0002,0.9943,0,0,,0,219.53,playing,0
61.0164,-0.033,0,0,,0,219.17,playing,0
61.0325,-0.033,0,0,,0,219.11,playing,0
61.0491,-0.033,0,0,,0,219.33,playing,0
61.0664,-0.3174,0,0,,0,219.88,playing,0
61.0828,-0.3174,0,0,,0,220.74,playing,0
61.099,-0.3174,0,0,,0,221.84,playing,0
61.1146,-0.3402,0,0,,0,223.22,playing,0
61.1309,-0.3402,0,0,,0,224.89,playing,0
61.1466,-0.9753,0,0,,0,226.83,playing,0
61.1627,-0.9753,0,0,,0,229.06,playing,0
61.179,-0.9753,0,0,,0,231.56,playing,0
61.1947,-0.9758,0,0,,0,234.35,playing,0
61.2108,-0.9758,0,0,,0,237.42,playing,0
61.2274,-0.9758,0,0,,0,240.78,playing,0
61.2458,-0.8659,0,0,,0,244.41,playing,0
61.2617,-0.8659,0,0,,0,249.12,playing,0
61.2782,-0.8659,0,0,,0,253.37,playing,0
61.2936,-1.221,0,0,,0,257.9,playing,0
61.3099,-1.221,0,0,,0,262.71,playing,0
61.3261,-1.1649,0,0,,0,267.81,playing,0
61.3428,-1.1649,0,0,,0,273.54,playing,0
61.3619,-1.1649,0,0,0.21295,0,279.21,playing,0
61.3797,-0.5691,0,0,0.21295,0,286.35,playing,0
61.3978,-0.5691,0,0,0.21295,0,293.47,playing,0
61.4135,-0.5691,0,0,0.21295,0,300.94,playing,0
61.4359,-0.3988,0,0,0.21295,0,307.87,playing,0
61.452,-0.3988,0,0,0.21295,0,317.92,playing,0
61.4708,0.2772,0,0,,0,325.51,playing,0
61.4865,0.2772,0,0,,0,334.93,playing,0
61.5032,0.2772,0,0,,0,343.14,playing,0
61.5209,0.2772,0,0,,0,352.18,playing,0
61.5389,0.2772,0,0,,0,361.54,playing,0
61.5583,0.3786,0,0,,0,371.8,playing,0
61.5781,0.3786,0,0,,0,383.65,playing,0
61.5943,0.3786,0,0,,0,395.3,playing,0
61.611,0.394,0,0,,0,406.04,playing,0
61.6277,0.394,0,0,,0,416.43,playing,0
61.6444,0.2447,0,0,,0,427.79,playing,0
61.6636,0.2447,0,0,0.19916,0,439.47,playing,0
61.6799,0.2447,0,0,0.19916,0,452.77,playing,0
61.6961,1.3051,0,0,0.19916,0,463.97,playing,0
61.7119,1.3051,0,0,0.19916,0,475.17,playing,0
61.7285,1.3051,0,0,0.18778,0,486.37,playing,0
61.7446,0.0595,0,0,0.18778,0,498.27,dead,0
61.7613,0.0595,0,0,0.18778,0,496.0,dead,0
61.7823,-0.5466,0,0,0.18778,0,496.0,dead,0
61.7995,-0.5466,0,0,0.18778,0,496.0,dead,0
61.8181,-0.5466,0,0,0.18778,0,496.0,dead,0
61.8368,-0.5466,0,0,0.21835,0,496.0,dead,0
61.8533,-0.5466,0,0,0.21835,0,496.0,dead,0
61.8768,-0.3882,0,0,0.21835,0,496.0,dead,0
61.8954,-0.6626,0,0,0.21835,0,496.0,dead,0
61.9196,-0.2959,0,0,0.21835,1,496.0,dead,0
61.9422,0.1916,0,0,0.22076,0,496.0,dead,0
61.9646,0.1825,0,0,0.22076,0,496.0,dead,0
61.9835,0.1825,0,0,0.22076,0,496.0,dead,0
62.006,-0.0824,0,0,0.22076,0,496.0,dead,0
62.0251,-0.0824,0,0,0.22076,0,496.0,dead,0
62.056,0.5542,0,0,0.20286,0,496.0,dead,0
62.0821,0.5542,0,0,0.20286,0,496.0,dead,0
62.1159,0.6909,0,0,0.20286,0,496.0,dead,0
62.1384,0.2863,0,0,0.20286,0,496.0,dead,0
62.1628,-1.2518,0,0,0.23297,0,496.0,dead,0
62.1843,-0.9647,0,0,0.23297,0,496.0,dead,0
62.2034,-0.9647,0,0,0.23297,0,496.0,dead,0
62.2251,-0.9647,0,0,0.23297,0,496.0,dead,0
62.2464,-0.5589,0,0,0.23297,0,496.0,dead,0
62.2677,-0.5589,0,0,0.23297,0,496.0,dead,0
62.2879,-0.4924,0,0,0.22299,0,496.0,dead,0
62.3079,-0.4924,0,0,0.22299,0,496.0,dead,0
62.3269,-1.1753,0,0,0.22299,0,496.0,dead,0
62.3432,-1.1753,0,0,0.22299,0,496.0,dead,0
62.3618,-1.8541,0,0,0.22299,0,496.0,dead,0
62.3832,-1.8541,0,0,0.2028,0,496.0,dead,0
62.4019,-1.8541,0,0,0.2028,0,496.0,dead,0
62.4205,-1.4373,0,0,0.2028,0,496.0,dead,0
62.4395,-1.4373,0,0,0.2028,0,496.0,dead,0
62.4598,-0.2812,0,0,0.2028,0,496.0,dead,0
62.476,-0.2812,0,0,0.23966,1,496.0,dead,0
62.4934,-0.2812,0,0,0.23966,0,496.0,dead,0
62.5145,-0.067,0,0,0.23966,0,496.0,dead,0
62.5331,-0.067,0,0,0.23966,0,496.0,dead,0
62.5503,0.2149,0,0,0.23966,0,496.0,dead,0
62.5672,0.2149,0,0,0.20773,0,496.0,dead,0
62.5834,0.2149,0,0,0.20773,0,496.0,dead,0
62.6001,-0.3054,0,0,0.20773,0,496.0,dead,0
62.6162,-0.3054,0,0,0.20773,0,496.0,dead,0
62.6335,-0.6599,0,0,0.20773,0,496.0,dead,0
62.6496,-0.6599,0,0,0.21073,0,496.0,dead,0
62.666,-0.6599,0,0,0.21073,0,496.0,dead,0
62.682,-0.1595,0,0,0.21073,0,496.0,dead,0
62.6991,-0.2482,0,0,0.21073,0,496.0,dead,0
62.7158,-0.2482,0,0,0.18121,0,496.0,dead,0
62.7387,0.0128,0,0,0.18121,0,496.0,dead,0
62.755,0.0128,0,0,0.18121,0,496.0,dead,0
62.7713,0.0128,0,0,0.18121,0,496.0,dead,0
62.7884,0.0128,0,0,0.18121,0,496.0,dead,0
62.8055,0.0128,0,0,0.21017,0,496.0,dead,0
62.8251,0.7666,0,0,0.21017,0,496.0,dead,0
62.8418,0.7666,0,0,0.21017,0,496.0,dead,0
62.858,0.6711,0,0,0.21017,0,496.0,dead,0
62.8746,0.6711,0,0,0.21017,1,496.0,dead,0
62.8912,0.6711,0,0,0.23017,0,496.0,dead,0
62.908,1.2938,0,0,0.23017,0,496.0,dead,0
62.9241,1.2938,0,0,0.23017,0,496.0,dead,0
62.9401,1.2938,0,0,0.23017,0,496.0,dead,0
62.9569,-0.1512,0,0,0.23017,0,496.0,dead,0
62.9735,-0.1512,0,0,0.22244,0,496.0,dead,0
62.9895,-0.1512,0,0,0.22244,0,496.0,dead,0
63.0055,-0.5107,0,0,0.22244,0,496.0,dead,0
63.0226,-0.5107,0,0,0.22244,0,496.0,dead,0
63.0452,-0.3812,0,0,0.22244,0,496.0,dead,0
63.0674,-0.3812,0,0,0.22626,0,496.0,dead,0
63.0882,-0.3645,0,0,0.22626,0,496.0,dead,0
63.1131,-0.3645,0,0,0.22626,0,496.0,dead,0
63.1318,-0.0371,0,0,0.22626,0,496.0,dead,0
63.1607,0.6103,0,0,0.24846,0,496.0,dead,0
63.1822,0.589,0,0,0.24846,0,496.0,dead,0
63.2029,0.589,0,0,0.24846,0,496.0,dead,0
63.2216,0.12,0,0,0.24846,0,496.0,dead,0
63.2409,0.12,0,0,0.24846,0,496.0,dead,0
63.2601,0.0588,0,0,0.22465,0,496.0,dead,0
63.2794,0.0093,0,0,0.22465,0,496.0,dead,0
63.2971,0.0093,0,0,0.22465,0,496.0,dead,0
63.3151,0.0093,0,0,0.22465,0,496.0,dead,0
63.3316,0.0093,0,0,0.22465,0,496.0,dead,0
63.3497,0.0093,0,0,0.22465,0,496.0,dead,0
63.373,0.3727,0,0,0.24026,0,496.0,dead,0
63.3889,0.3727,0,0,0.24026,0,496.0,dead,0
63.408,0.397,0,0,0.24026,0,496.0,dead,0
63.4242,-0.0796,0,0,0.24026,0,496.0,dead,0
63.442,0.1323,0,0,0.24026,0,496.0,dead,0
63.4608,0.1323,0,0,0.19571,0,496.0,dead,0
63.4796,0.1323,0,0,0.19571,0,496.0,dead,0
63.4958,0.3046,0,0,0.19571,0,496.0,dead,0
63.5123,0.3046,0,0,0.19571,0,496.0,dead,0
63.5316,0.1647,0,0,0.20172,0,496.0,dead,0
63.5483,0.1647,0,0,0.20172,0,496.0,dead,0
63.5654,0.1647,0,0,0.20172,0,496.0,dead,0
63.5821,0.918,0,0,0.20172,0,496.0,dead,0
63.5978,0.918,0,0,0.20172,0,496.0,dead,0
63.6171,0.918,0,0,0.23211,1,496.0,dead,0
63.6325,0.4124,0,0,0.23211,0,496.0,dead,0
63.6493,0.4124,0,0,0.23211,0,496.0,dead,0
63.6661,0.4013,0,0,0.23211,0,496.0,dead,0
63.6832,0.4013,0,0,0.20648,0,496.0,dead,0
63.6993,0.4013,0,0,0.20648,0,496.0,dead,0
63.7157,-0.2027,0,0,0.20648,0,496.0,dead,0
63.7324,-0.2027,0,0,0.20648,0,496.0,dead,0
63.7495,-0.2027,0,0,0.20648,0,496.0,dead,0
63.7666,-0.2148,0,0,0.25924,0,496.0,dead,0
63.7831,-0.2148,0,0,0.25924,0,496.0,dead,0
63.7986,-0.2148,0,0,0.25924,0,496.0,dead,0
63.8148,0.0289,0,0,0.25924,0,496.0,dead,0
63.8321,0.0289,0,0,0.20619,0,496.0,dead,0
63.8494,0.2036,0,0,0.20619,0,496.0,dead,0
63.866,0.2036,0,0,0.20619,0,496.0,dead,0
63.8817,0.2036,0,0,0.20619,0,496.0,dead,0
63.9015,0.1666,0,0,0.20619,0,496.0,dead,0
63.9267,0.1666,0,0,0.22046,1,496.0,dead,0
63.9489,-0.2204,0,0,0.22046,0,496.0,dead,0
63.9659,-0.2204,0,0,0.22046,0,496.0,dead,0
63.982,-0.8339,0,0,0.22046,0,496.0,dead,0
63.9979,-0.8339,0,0,0.22046,0,496.0,dead,0
64.0208,-0.8339,0,0,0.20644,0,496.0,dead,0
64.0392,-0.7478,0,0,0.20644,0,496.0,dead,0
64.0557,-0.7478,0,0,0.20644,0,496.0,dead,0
64.0726,-0.7478,0,0,0.20644,0,496.0,dead,0
64.0885,-0.7478,0,0,0.20644,0,496.0,dead,0
64.1124,-0.7478,0,0,0.21885,0,496.0,dead,0
64.1334,-0.4864,0,0,0.21885,0,496.0,dead,0
64.15,-0.4864,0,0,0.21885,0,496.0,dead,0
64.1662,-0.4864,0,0,0.20221,0,496.0,dead,0
64.1818,-0.4864,0,0,0.20221,0,496.0,dead,0
64.204,-0.4864,0,0,0.20221,0,496.0,dead,0
64.2524,-0.0897,0,0,0.20221,0,496.0,dead,0
64.2901,-0.0894,0,0,0.21983,0,496.0,dead,0
64.3161,0.6685,0,0,0.21983,0,496.0,dead,0
64.3383,0.6685,0,0,0.21983,0,496.0,dead,0
64.3644,1.1482,0,0,0.21983,0,496.0,dead,0
64.3837,1.1482,0,0,0.21983,0,496.0,dead,0
64.4127,1.3221,0,0,0.19729,0,496.0,dead,0
64.4328,1.3221,0,0,0.19729,0,496.0,dead,0
64.4519,0.676,0,0,0.19729,0,496.0,dead,0
64.4683,0.676,0,0,0.19729,0,496.0,dead,0
64.4933,0.2989,0,0,0.19729,0,496.0,dead,0
64.517,0.2989,0,0,0.22658,1,496.0,dead,0
64.5389,0.582,0,0,0.22658,0,496.0,dead,0
64.5576,0.582,0,0,0.22658,0,496.0,dead,0
64.5775,0.7101,0,0,0.22658,0,496.0,dead,0
64.6038,0.7101,0,0,0.22658,0,496.0,dead,0
64.6289,1.0838,0,0,0.23828,0,496.0,dead,0
64.6465,1.0838,0,0,0.23828,0,496.0,dead,0
64.6746,0.1372,0,0,0.23828,0,496.0,dead,0
64.7031,0.1372,0,0,0.23828,0,496.0,dead,0
64.7288,-0.3154,0,0,0.25518,0,496.0,dead,0
64.747,-0.3154,0,0,0.25518,0,496.0,dead,0
64.7674,-0.4709,0,0,0.25518,0,496.0,dead,0
64.7852,-0.4709,0,0,0.25518,0,496.0,dead,0
64.806,-0.9411,0,0,0.25518,0,496.0,dead,0
64.8233,-0.9411,0,0,0.25518,0,496.0,dead,0
64.8463,-0.9411,0,0,0.24989,0,496.0,dead,0
64.8645,-0.9411,0,0,0.24989,0,496.0,dead,0
64.8807,-0.9411,0,0,0.24989,0,496.0,dead,0
64.9008,-0.334,0,0,0.24989,0,496.0,dead,0
64.9208,-0.334,0,0,0.24989,0,496.0,dead,0
64.9399,-0.317,0,0,0.24989,0,496.0,dead,0
64.9667,-0.317,0,0,,0,496.0,dead,0
64.998,0.0351,0,0,,0,496.0,dead,0
65.0284,0.7961,0,0,,0,496.0,dead,0
65.051,0.7961,0,0,,0,496.0,dead,0
65.0767,0.7961,0,0,,0,496.0,dead,0
65.1028,0.7961,0,0,,0,496.0,dead,0
65.1336,0.706,0,0,,0,496.0,dead,0
65.1599,0.6626,0,0,,0,496.0,dead,0
65.1888,0.2456,0,0,,0,496.0,dead,0
65.217,0.2456,0,0,0.25911,0,496.0,dead,0
65.2506,-0.3885,0,0,0.25911,0,496.0,dead,0
65.2689,-0.3885,0,0,0.25911,0,496.0,dead,0
65.312,-0.4007,0,0,0.21503,0,496.0,dead,0
65.335,-0.2037,0,0,0.21503,0,496.0,dead,0
65.3528,-0.2037,0,0,0.21503,0,496.0,dead,0
65.3696,-0.2037,0,0,0.21503,0,496.0,dead,0
65.3902,-0.004,0,0,0.21503,0,496.0,dead,0
65.4104,-0.004,0,0,0.23771,1,496.0,dead,0
65.4283,0.4749,0,0,0.23771,0,496.0,dead,0
65.4463,0.4749,0,0,0.23771,0,496.0,dead,0
65.4633,0.4749,0,0,0.23771,0,496.0,dead,0
65.4899,0.5388,0,0,0.23771,0,496.0,dead,0
65.5117,0.1582,0,0,0.1788,0,496.0,dead,0
65.5295,0.4268,0,0,0.1788,0,496.0,dead,0
65.5464,0.4268,0,0,0.1788,0,496.0,dead,0
65.5697,0.4838,0,0,0.1788,0,496.0,dead,0
65.5857,0.5298,0,0,0.1788,0,496.0,dead,0
65.6029,0.5298,0,0,0.1788,0,496.0,dead,0
65.6201,0.007,0,0,0.24083,0,496.0,dead,0
65.6388,0.007,0,0,0.24083,0,496.0,dead,0
65.6564,0.1803,0,0,0.24083,0,496.0,dead,0
65.6734,0.1803,0,0,0.24083,0,496.0,dead,0
65.6932,0.6605,0,0,0.24083,0,496.0,dead,0
65.7149,0.6605,0,0,0.18883,0,496.0,dead,0
65.7387,1.3651,0,0,0.18883,0,496.0,dead,0
65.7624,1.3651,0,0,0.18883,0,496.0,dead,0
65.7817,1.3651,0,0,0.18883,0,496.0,dead,0
65.8055,1.2607,0,0,0.26975,1,496.0,dead,0
65.8262,1.2607,0,0,0.26975,0,496.0,dead,0
65.848,-0.4565,0,0,0.26975,0,496.0,dead,0
65.8647,-0.4565,0,0,0.26975,0,496.0,dead,0
65.8822,-0.217,0,0,0.26975,0,496.0,dead,0
65.9026,-0.217,0,0,0.25263,0,496.0,dead,0
65.9223,-0.2399,0,0,0.25263,0,496.0,dead,0
65.9397,-0.2399,0,0,0.25263,0,496.0,dead,0
65.9586,-0.2399,0,0,0.25263,0,496.0,dead,0
65.9818,-0.2159,0,0,0.25263,0,496.0,dead,0
65.9995,-0.2159,0,0,0.25587,0,496.0,dead,0
66.016,-0.2159,0,0,0.25587,0,496.0,dead,0
66.0351,-0.2159,0,0,0.25587,0,496.0,dead,0
66.0559,-0.538,0,0,0.25587,0,496.0,dead,0
66.0762,-0.4457,0,0,0.25587,0,496.0,dead,0
66.0996,0.8348,0,0,0.25587,0,496.0,dead,0
66.1231,0.8348,0,0,0.23805,0,496.0,dead,0
66.1395,0.8348,0,0,0.23805,0,496.0,dead,0
66.1565,0.7799,0,0,0.23805,0,496.0,dead,0
66.1743,0.7799,0,0,0.23805,0,496.0,dead,0
66.195,-0.1063,0,0,0.23805,0,496.0,dead,0
66.2117,-0.1063,0,0,0.24372,0,496.0,dead,0
66.2342,0.1933,0,0,0.24372,0,496.0,dead,0
66.2528,0.1933,0,0,0.24372,0,496.0,dead,0
66.2697,0.1933,0,0,0.24372,0,496.0,dead,0
66.2914,0.4172,0,0,0.28392,0,496.0,dead,0
66.3093,0.4172,0,0,0.28392,0,496.0,dead,0
66.3261,0.0223,0,0,0.28392,0,496.0,dead,0
66.3423,0.0223,0,0,0.28392,0,496.0,dead,0
66.3593,0.0223,0,0,0.28392,0,496.0,dead,0
66.3795,0.7057,0,0,0.25371,0,496.0,dead,0
66.3963,0.7057,0,0,0.25371,0,496.0,dead,0
66.4142,0.8673,0,0,0.25371,0,496.0,dead,0
66.4335,0.8673,0,0,0.25371,0,496.0,dead,0
66.4504,0.8673,0,0,0.25371,0,496.0,dead,0
66.4675,0.3368,0,0,0.25287,0,496.0,dead,0
66.4841,0.1558,0,0,0.25287,0,496.0,dead,0
66.5003,0.1558,0,0,0.25287,0,496.0,dead,0
66.5165,-0.7998,0,0,0.25287,0,496.0,dead,0
66.5336,-0.7998,0,0,0.25287,0,496.0,dead,0
66.55,-1.1159,0,0,,0,496.0,dead,0
66.5661,-1.1159,0,0,,0,496.0,dead,0
66.5824,-1.1159,0,0,,0,496.0,dead,0
66.599,-1.1974,0,0,,0,496.0,dead,0
66.6152,-1.1974,0,0,,0,496.0,dead,0
66.6325,-1.1974,0,0,,0,496.0,dead,0
66.6488,-0.5155,0,0,,0,496.0,dead,0
66.6653,-0.5155,0,0,,0,496.0,dead,0
66.6819,1.8238,0,0,,0,496.0,dead,0
66.6994,1.8238,0,0,,0,496.0,dead,0
66.7172,1.8238,0,0,,0,496.0,dead,0
66.7328,2.1683,0,0,,0,496.0,dead,0
66.7485,2.1683,0,0,,0,496.0,dead,0
66.7648,2.1683,0,0,,0,496.0,dead,0
66.7811,2.3937,0,0,,0,496.0,dead,0
66.7973,2.3937,0,0,,0,496.0,dead,0
66.814,2.3937,0,0,,0,496.0,dead,0
66.8293,3.3143,0,0,,0,496.0,dead,0
66.8461,3.3143,0,0,,0,496.0,dead,0
66.8621,3.3143,0,0,,0,496.0,dead,0
66.8806,3.3143,0,0,0.20533,0,496.0,dead,0
66.8973,3.3143,0,0,0.20533,0,496.0,dead,0
66.9172,5.489,0,0,0.20533,0,496.0,dead,0
66.9338,5.489,0,0,0.20533,0,496.0,dead,0
66.9496,5.489,0,0,0.20533,0,496.0,dead,0
66.9696,5.489,0,0,0.20702,0,496.0,dead,0
66.9876,5.489,0,0,0.20702,0,496.0,dead,0
67.0124,3.1001,0,0,0.20702,0,496.0,dead,0
67.0286,3.1001,0,0,0.20702,0,496.0,dead,0
67.046,3.1001,0,0,0.20702,0,496.0,dead,0
67.0684,3.1001,0,0,0.22472,1,496.0,dead,0
67.092,3.1752,0,0,0.22472,0,496.0,dead,0
67.1092,3.1752,0,0,0.22472,0,496.0,dead,0
67.1277,3.1752,0,0,0.22472,0,496.0,dead,0
67.1516,0.7035,0,0,0.19224,0,496.0,dead,0
67.1697,0.7035,0,0,0.19224,0,496.0,dead,0
67.1862,0.7035,0,0,0.19224,0,496.0,dead,0
67.2021,0.7035,0,0,0.19224,0,496.0,dead,0
67.218,0.7035,0,0,0.19224,0,496.0,dead,0
67.2359,-8.5089,0,0,0.19224,0,496.0,dead,0
67.2573,-16.3925,1,0,0.1992,0,496.0,dead,0
67.2751,-17.6165,0,0,0.1992,0,285.0,playing,0
67.2928,-17.6165,0,0,0.1992,0,278.69,playing,0
67.3091,-17.6165,0,0,0.1992,0,272.36,playing,0
67.3249,-19.6654,0,0,0.1992,0,267.02,playing,0
67.3415,-19.6654,0,0,0.22731,1,261.96,playing,0
67.3579,-17.2042,0,0,0.22731,0,256.9,playing,0
67.374,-17.2042,0,0,0.22731,0,252.42,playing,0
67.3901,-17.2042,0,0,0.22731,0,248.22,playing,0
67.4059,-17.2042,0,0,0.22731,0,244.3,playing,0
67.4216,-17.2042,0,0,0.27975,0,240.67,playing,0
67.4383,-17.2042,0,0,0.27975,0,237.31,playing,0
67.4552,-10.5402,0,0,0.27975,0,234.07,playing,0
67.4713,-10.5402,0,0,0.27975,0,231.3,playing,0
67.4878,-10.5402,0,0,0.27975,0,228.67,playing,0
67.5077,-7.6954,0,0,,0,226.48,playing,0
67.5243,-7.6954,0,0,,0,224.18,playing,0
67.5411,-2.3977,0,0,,0,222.54,playing,0
67.5574,-2.3977,0,0,,0,221.28,playing,0
67.5741,-2.3977,0,0,,0,220.26,playing,0
67.5903,0.001,0,0,,0,219.58,playing,0
67.607,0.001,0,0,,0,219.18,playing,0
67.6227,0.001,0,0,,0,219.08,playing,0
67.6387,86.1509,0,0,,0,219.27,playing,0
67.655,86.1509,0,0,,0,219.73,playing,0
67.6725,128.7236,0,0,,0,220.48,playing,0
67.6893,128.7236,0,0,,0,221.67,playing,0
67.705,128.7236,0,0,0.23676,0,223.02,playing,0
67.7211,120.8725,1,0,0.23676,0,224.65,playing,0
67.7373,120.8725,0,0,0.23676,0,218.69,playing,0
67.754,120.8725,0,0,0.23676,0,212.68,playing,0
67.7704,68.7626,0,0,0.23797,0,207.3,playing,0
67.7866,68.7626,0,0,0.23797,0,201.9,playing,0
67.8032,68.7626,0,0,0.23797,0,197.11,playing,0
67.8215,17.2343,0,0,0.23797,0,192.59,playing,0
67.8378,17.2343,0,0,0.23797,0,187.63,playing,0
67.8551,-10.8288,0,0,0.22081,0,183.73,playing,0
67.8714,-10.8288,0,0,0.22081,0,179.9,playing,0
67.8881,-10.8288,0,0,0.22081,0,176.39,playing,0
67.9048,-45.3074,0,0,0.22081,0,173.38,playing,0
67.9215,-45.3074,0,0,0.22081,0,170.49,playing,0
67.9388,-45.3074,0,0,0.25916,0,167.91,playing,0
67.9547,-54.0611,0,0,0.25916,0,165.66,playing,0
67.9709,-54.0611,0,0,0.25916,0,163.82,playing,0
67.9876,-58.5063,0,0,0.25916,0,162.26,playing,0
68.0042,-58.5063,0,0,0.25916,0,160.92,playing,0
68.0226,-58.5063,0,0,0.25916,0,159.95,playing,0
68.0385,-58.711,0,0,0.22422,0,159.18,playing,0
68.0552,-58.711,0,0,0.22422,0,158.82,playing,0
68.0711,-58.711,0,0,0.22422,0,158.74,playing,0
68.0869,-55.5536,0,0,0.22422,0,158.94,playing,0
68.1031,-55.5536,0,0,0.22422,0,159.42,playing,0
68.1186,-55.5536,0,0,,0,160.19,playing,0
68.1368,-45.1334,0,0,,0,161.24,playing,0
68.1546,-45.1334,0,0,,0,162.77,playing,0
68.1707,-40.4584,0,0,,0,164.66,playing,0
68.1873,-40.4584,0,0,,0,166.62,playing,0
68.2045,-40.4584,0,0,,0,169.02,playing,0
68.2209,-35.1946,0,0,,0,171.74,playing,0
68.2375,-35.1946,0,0,,0,174.59,playing,0
68.2543,-35.1946,0,0,,0,177.92,playing,0
68.2707,-22.5059,1,0,,0,181.58,playing,0
68.2866,-22.5059,0,0,,0,175.62,playing,0
68.3033,-16.2757,0,0,,0,169.94,playing,0
68.3202,-16.2757,0,0,,0,164.23,playing,0
68.3373,-16.2757,0,0,,0,158.83,playing,0
68.3546,-7.1417,0,0,,0,153.75,playing,0
68.3708,-7.1417,0,0,,0,148.99,playing,0
68.3875,-7.1417,0,0,,0,144.8,playing,0
68.4044,-3.9378,0,0,,0,140.65,playing,0
68.421,-3.9378,0,0,,0,136.83,playing,0
68.4375,-1.5729,0,0,,0,133.51,playing,0
68.4539,-1.5729,0,0,,0,130.3,playing,0
68.4702,-1.5729,0,0,,0,127.56,playing,0
68.4869,2.7304,0,0,,0,124.97,playing,0
68.5031,2.7304,0,0,,0,122.82,playing,0
68.5185,2.7304,0,0,,0,120.94,playing,0
68.5351,4.2179,0,0,,0,119.35,playing,0
68.5513,4.2179,0,0,,0,118.04,playing,0
68.568,4.2179,0,0,,0,116.96,playing,0
68.5836,6.0893,0,0,,0,116.23,playing,0
68.6005,6.0893,0,0,,0,115.78,playing,0
68.6173,6.6516,0,0,,0,115.62,playing,0
68.6345,6.6516,0,0,,0,115.78,playing,0
68.6511,6.6516,0,0,,0,116.25,playing,0
68.6674,7.0995,0,0,,0,116.98,playing,0
68.684,7.0995,0,0,,0,118.08,playing,0
68.7006,7.0995,0,0,,0,119.39,playing,0
68.7173,6.9276,0,0,,0,121.1,playing,0
68.7335,6.9276,0,0,,0,123.12,playing,0
68.7497,6.9276,0,0,,0,125.32,playing,0
68.7659,5.9833,0,0,,0,127.79,playing,0
68.7819,5.9833,0,0,,0,130.54,playing,0
68.7987,5.9833,0,0,,0,133.58,playing,0
68.8162,4.2351,0,0,,0,137.12,playing,0
68.8326,4.2351,0,0,,0,140.98,playing,0
68.8487,4.0454,0,0,,0,145.16,playing,0
68.8654,4.0454,0,0,,0,149.37,playing,0
68.8821,4.0454,0,0,,0,154.17,playing,0
68.8981,4.0454,0,0,,0,158.96,playing,0
68.9144,4.0454,0,0,,0,164.04,playing,0
68.9308,4.0454,0,0,,0,169.75,playing,0
68.9476,2.5382,0,0,,0,175.41,playing,0
68.9646,2.5382,0,0,,0,181.74,playing,0
68.9808,2.431,0,0,,0,188.39,playing,0
68.9972,2.431,0,0,,0,194.92,playing,0
69.0137,2.431,0,0,,0,201.74,playing,0
69.0299,1.7925,0,0,,0,209.31,playing,0
69.046,1.7925,0,0,,0,216.71,playing,0
69.0619,1.7925,0,0,,0,224.39,playing,0
69.0777,1.741,0,0,,0,232.35,playing,0
69.0939,1.741,0,0,,0,240.6,playing,0
69.1098,1.741,0,0,,0,249.12,playing,0
69.1268,1.7877,0,0,,0,257.93,playing,0
69.1435,1.7877,0,0,,0,267.61,playing,0
69.16,2.2286,0,0,,0,277.6,playing,0
69.1756,2.2286,0,0,,0,287.29,playing,0
69.1923,2.2286,0,0,,0,297.26,playing,0
69.2093,2.2862,0,0,,0,308.17,playing,0
69.2259,2.2862,0,0,,0,319.4,playing,0
69.2421,2.2862,0,0,,0,330.25,playing,0
69.2614,2.2494,0,0,,0,342.09,playing,0
69.2786,2.2494,0,0,,0,355.39,playing,0
69.2944,1.9477,0,0,,0,367.29,playing,0
69.3116,1.9477,0,0,,0,378.49,dead,0
69.3288,1.9477,0,0,,0,390.39,dead,0
69.3469,2.7082,0,0,,0,402.29,dead,0
69.3643,2.7082,0,0,,0,415.59,dead,0
69.3807,2.7082,0,0,,0,427.49,dead,0
69.3977,1.857,0,0,,0,438.69,dead,0
69.4137,1.857,0,0,,0,450.59,dead,0
69.4302,-0.5748,0,0,,0,461.79,dead,0
69.4476,-0.5748,0,0,,0,473.69,dead,0
69.4637,-0.5748,0,0,,0,485.59,dead,0
69.48,-0.2768,0,0,,0,496.0,dead,0
69.496,-0.2768,0,0,,0,496.0,dead,0
69.512,-0.2768,0,0,,0,496.0,dead,0
69.5277,-0.2815,0,0,,0,496.0,dead,0
69.5438,-0.2815,0,0,,0,496.0,dead,0
69.56,-0.2815,0,0,,0,496.0,dead,0
69.5764,0.1225,0,0,,0,496.0,dead,0
69.5935,0.1225,0,0,,0,496.0,dead,0
69.6102,0.8211,0,0,,0,496.0,dead,0
69.6266,0.8211,0,0,,0,496.0,dead,0
69.6431,0.8211,0,0,,0,496.0,dead,0
69.659,1.001,0,0,,0,496.0,dead,0
69.6757,1.001,0,0,,0,496.0,dead,0
69.6911,1.001,0,0,,0,496.0,dead,0
69.7074,1.2752,0,0,,0,496.0,dead,0
69.7244,1.2752,0,0,,0,496.0,dead,0
69.7416,1.7204,0,0,,0,496.0,dead,0
69.758,1.7204,0,0,,0,496.0,dead,0
69.7743,1.7204,0,0,,0,496.0,dead,0
69.7905,1.5304,0,0,,0,496.0,dead,0
69.8073,1.5304,0,0,,0,496.0,dead,0
69.8241,1.5304,0,0,,0,496.0,dead,0
69.8402,1.5342,0,0,,0,496.0,dead,0
69.8563,1.5342,0,0,,0,496.0,dead,0
69.8732,1.5342,0,0,,0,496.0,dead,0
69.8889,1.3641,0,0,,0,496.0,dead,0
69.9052,1.3641,0,0,,0,496.0,dead,0
69.9209,1.1077,0,0,,0,496.0,dead,0
69.9373,1.1229,0,0,,0,496.0,dead,0
69.9545,1.1229,0,0,,0,496.0,dead,0
69.9713,1.1229,0,0,,0,496.0,dead,0
69.9878,1.1229,0,0,,0,496.0,dead,0
70.0038,1.1229,0,0,,0,496.0,dead,0
70.0199,1.1229,0,0,,0,496.0,dead,0
70.0372,1.1229,0,0,,0,496.0,dead,0
70.0543,1.1229,0,0,,0,496.0,dead,0
70.0711,0.9571,0,0,,0,496.0,dead,0
70.0866,0.9571,0,0,,0,496.0,dead,0
70.1028,-0.7649,0,0,,0,496.0,dead,0
70.1194,-0.7649,0,0,,0,496.0,dead,0
70.1359,-0.7649,0,0,,0,496.0,dead,0
70.1523,0.1485,0,0,,0,496.0,dead,0
70.1691,0.1485,0,0,,0,496.0,dead,0
70.1849,0.1485,0,0,,0,496.0,dead,0
70.201,1.2183,0,0,,0,496.0,dead,0
70.2167,1.2183,0,0,,0,496.0,dead,0
70.2334,1.2183,0,0,,0,496.0,dead,0
70.2503,1.7288,0,0,,0,496.0,dead,0
70.2671,1.7288,0,0,,0,496.0,dead,0
70.2837,1.717,0,0,,0,496.0,dead,0
70.3005,1.717,0,0,,0,496.0,dead,0
70.3175,1.717,0,0,,0,496.0,dead,0
70.3346,1.5977,0,0,,0,496.0,dead,0
70.3507,1.5977,0,0,,0,496.0,dead,0
70.368,1.5977,0,0,,0,496.0,dead,0
70.3847,1.0172,0,0,,0,496.0,dead,0
70.4009,1.0172,0,0,,0,496.0,dead,0
70.4166,1.214,0,0,,0,496.0,dead,0
70.4335,1.214,0,0,,0,496.0,dead,0
70.4503,1.214,0,0,,0,496.0,dead,0
70.4674,1.7423,0,0,,0,496.0,dead,0
70.4838,1.7423,0,0,,0,496.0,dead,0
70.4995,1.7423,0,0,,0,496.0,dead,0
70.5159,2.3428,0,0,,0,496.0,dead,0
70.5318,2.3428,0,0,,0,496.0,dead,0
70.5478,2.3428,0,0,,0,496.0,dead,0
70.5642,2.1104,0,0,,0,496.0,dead,0
70.5806,2.1104,0,0,,0,496.0,dead,0
70.5976,1.077,0,0,,0,496.0,dead,0
70.6139,1.077,0,0,,0,496.0,dead,0
70.6303,1.077,0,0,,0,496.0,dead,0
70.6474,0.8548,0,0,,0,496.0,dead,0
70.6644,0.8548,0,0,,0,496.0,dead,0
70.6813,0.8548,0,0,,0,496.0,dead,0
70.6982,0.7851,0,0,,0,496.0,dead,0
70.7144,0.7851,0,0,,0,496.0,dead,0
70.7305,0.7851,0,0,,0,496.0,dead,0
70.7466,0.0921,0,0,,0,496.0,dead,0
70.7632,0.0921,0,0,,0,496.0,dead,0
70.7802,-1.2703,0,0,,0,496.0,dead,0
70.7967,-1.2703,0,0,,0,496.0,dead,0
70.8132,-1.2703,0,0,,0,496.0,dead,0
70.8298,-1.2241,0,0,,0,496.0,dead,0
70.8464,-1.2241,0,0,,0,496.0,dead,0
70.8632,-1.2241,0,0,,0,496.0,dead,0
70.8796,-0.9085,0,0,,0,496.0,dead,0
70.8961,-0.9085,0,0,,0,496.0,dead,0
70.9118,-0.4561,0,0,,0,496.0,dead,0
70.9276,-0.2584,0,0,,0,496.0,dead,0
70.9437,-0.2584,0,0,,0,496.0,dead,0
70.9596,-0.1024,0,0,,0,496.0,dead,0
70.979,-0.1024,0,0,,0,496.0,dead,0
70.9949,-0.1024,0,0,,0,496.0,dead,0
71.0109,0.6231,0,0,,0,496.0,dead,0
71.0268,0.6231,0,0,,0,496.0,dead,0
71.0431,0.6231,0,0,,0,496.0,dead,0
71.0594,0.7959,0,0,,0,496.0,dead,0
71.0759,0.7959,0,0,,0,496.0,dead,0
71.0923,0.8613,0,0,,0,496.0,dead,0
71.1092,0.8613,0,0,,0,496.0,dead,0
71.125,0.8613,0,0,,0,496.0,dead,0
71.141,1.1028,0,0,,0,496.0,dead,0
71.1577,1.1028,0,0,,0,496.0,dead,0
71.1742,1.1028,0,0,,0,496.0,dead,0
71.19,1.4255,0,0,,0,496.0,dead,0
71.206,1.4255,0,0,,0,496.0,dead,0
71.2223,1.4255,0,0,,0,496.0,dead,0
71.2392,1.1696,0,0,,0,496.0,dead,0
71.2558,1.1696,0,0,,0,496.0,dead,0
71.2722,0.9515,0,0,,0,496.0,dead,0
71.2895,0.9515,0,0,,0,496.0,dead,0
71.3064,0.9515,0,0,0.23161,0,496.0,dead,0
71.3228,-9.409,0,0,0.23161,0,496.0,dead,0
71.3391,-9.409,0,0,0.23161,0,496.0,dead,0
71.3554,-9.409,0,0,0.23161,0,496.0,dead,0
71.3724,-1.6032,0,0,,0,496.0,dead,0
71.3887,-1.6032,0,0,,0,496.0,dead,0
71.4052,-1.6032,0,0,,0,496.0,dead,0
71.4222,3.5036,0,0,,0,496.0,dead,0
71.4376,3.5036,0,0,,0,496.0,dead,0
71.4545,6.0704,0,0,,0,496.0,dead,0
71.4713,6.0704,0,0,,0,496.0,dead,0
71.4878,6.0704,0,0,,0,496.0,dead,0
71.5045,7.906,0,0,,0,496.0,dead,0
71.5208,7.906,0,0,,0,496.0,dead,0
71.5371,7.906,0,0,,0,496.0,dead,0
71.5543,8.9824,0,0,,0,496.0,dead,0
71.5711,8.9824,0,0,,0,496.0,dead,0
71.5874,9.5518,0,0,,0,496.0,dead,0
71.6045,9.5518,0,0,,0,496.0,dead,0
71.6212,9.5518,0,0,,0,496.0,dead,0
71.6372,9.9493,0,0,,0,496.0,dead,0
71.6542,9.9493,0,0,,0,496.0,dead,0
71.6715,9.9493,0,0,,0,496.0,dead,0
71.6884,9.0737,0,0,0.25878,0,496.0,dead,0
71.7049,9.0737,0,0,0.25878,0,496.0,dead,0
71.721,8.9428,0,0,0.25878,0,496.0,dead,0
71.7368,8.0294,0,0,0.25878,0,496.0,dead,0
71.7533,8.0294,0,0,,0,496.0,dead,0
71.7698,6.6653,0,0,,0,496.0,dead,0
71.7881,6.6653,0,0,,0,496.0,dead,0
71.8041,6.6653,0,0,,0,496.0,dead,0
71.8234,2.5301,0,0,0.27759,0,496.0,dead,0
71.8397,2.5301,0,0,0.27759,0,496.0,dead,0
71.8562,0.8012,0,0,0.27759,0,496.0,dead,0
71.8728,0.8012,0,0,0.27759,0,496.0,dead,0
71.8887,0.8012,0,0,0.27759,0,496.0,dead,0
71.9056,-0.6452,0,0,,0,496.0,dead,0
71.9222,-0.6452,0,0,,0,496.0,dead,0
71.938,-0.6452,0,0,,0,496.0,dead,0
71.9541,-3.3045,0,0,,0,496.0,dead,0
71.9706,-3.3045,0,0,,0,496.0,dead,0
71.9872,-3.3045,0,0,,0,496.0,dead,0
72.0037,-4.1711,0,0,,0,496.0,dead,0
72.02,-4.1711,0,0,,0,496.0,dead,0
72.0362,-5.031,0,0,,0,496.0,dead,0
72.0536,-5.031,0,0,,0,496.0,dead,0
72.0702,-5.031,0,0,,0,496.0,dead,0
72.0867,-4.9185,0,0,,0,496.0,dead,0
72.1024,-4.9185,0,0,,0,496.0,dead,0
72.1197,-4.9185,0,0,,0,496.0,dead,0
72.1366,-4.5219,0,0,,0,496.0,dead,0
72.1533,-4.5219,0,0,,0,496.0,dead,0
72.1701,-5.2908,0,0,,0,496.0,dead,0
72.1867,-4.5132,0,0,,0,496.0,dead,0
72.2031,-4.5132,0,0,0.29116,0,496.0,dead,0
72.2195,-4.5132,0,0,0.29116,0,496.0,dead,0
72.236,-4.5132,0,0,0.29116,0,496.0,dead,0
72.2529,-4.5132,0,0,0.29116,0,496.0,dead,0
72.269,-1.7626,0,0,0.29116,0,496.0,dead,0
72.2853,-1.7626,0,0,0.29116,0,496.0,dead,0
72.3025,-1.7626,0,0,0.29116,0,496.0,dead,0
72.3189,-1.3701,0,0,0.29116,0,496.0,dead,0
72.3352,-1.3701,0,0,0.27809,0,496.0,dead,0
72.3522,-0.9628,0,0,0.27809,0,496.0,dead,0
72.3693,-0.9628,0,0,0.27809,0,496.0,dead,0
72.3861,-0.9628,0,0,0.30306,0,496.0,dead,0
72.4021,-1.378,0,0,0.30306,0,496.0,dead,0
72.4181,-1.378,0,0,0.30306,0,496.0,dead,0
72.4337,-1.378,0,0,0.28687,0,496.0,dead,0
72.4499,-0.4404,0,0,0.28687,0,496.0,dead,0
72.4667,-0.4404,0,0,0.28687,0,496.0,dead,0
72.4832,-0.4404,0,0,0.28687,0,496.0,dead,0
72.4989,-0.8596,0,0,0.28687,0,496.0,dead,0
72.5151,-0.8596,0,0,0.31098,0,496.0,dead,0
72.5321,-0.0077,0,0,0.31098,0,496.0,dead,0
72.5484,-0.0077,0,0,0.31098,0,496.0,dead,0
72.5651,-0.0077,0,0,,0,496.0,dead,0
72.5812,0.5263,0,0,,0,496.0,dead,0
72.5969,0.5263,0,0,,0,496.0,dead,0
72.6135,0.5263,0,0,,0,496.0,dead,0
72.6296,1.8277,0,0,,0,496.0,dead,0
72.6457,1.8277,0,0,,0,496.0,dead,0
72.663,1.8277,0,0,,0,496.0,dead,0
72.6793,1.5393,0,0,,0,496.0,dead,0
72.6956,1.5393,0,0,,0,496.0,dead,0
72.7122,1.2891,0,0,,0,496.0,dead,0
72.7274,1.2891,0,0,,0,496.0,dead,0
72.7446,1.2891,0,0,,0,496.0,dead,0
72.7606,-1.0539,0,0,,0,496.0,dead,0
72.7766,-1.0539,0,0,,0,496.0,dead,0
72.7927,-1.0539,0,0,,0,496.0,dead,0
72.8089,-1.8274,0,0,,0,496.0,dead,0
72.825,-1.8274,0,0,,0,496.0,dead,0
72.841,-1.8274,0,0,,0,496.0,dead,0
72.8576,-1.4871,0,0,,0,496.0,dead,0
72.8736,-1.4871,0,0,0.24307,0,496.0,dead,0
72.8897,-1.4871,0,0,0.24307,0,496.0,dead,0
72.9065,-0.8077,0,0,0.24307,0,496.0,dead,0
72.9225,-0.8077,0,0,0.24307,0,496.0,dead,0
72.9387,-0.4627,0,0,,0,496.0,dead,0
72.9549,-0.4627,0,0,,0,496.0,dead,0
72.9709,-0.4627,0,0,,0,496.0,dead,0
72.9874,-0.192,0,0,,0,496.0,dead,0
73.0045,-0.192,0,0,,0,496.0,dead,0
73.0209,-0.192,0,0,,0,496.0,dead,0
73.038,-1.3901,0,0,,0,496.0,dead,0
73.0537,-1.3901,0,0,,0,496.0,dead,0
73.0699,-1.3901,0,0,,0,496.0,dead,0
73.086,-1.3901,0,0,,0,496.0,dead,0
73.1015,-1.3901,0,0,,0,496.0,dead,0
73.1182,-1.7669,0,0,,0,496.0,dead,0
73.1344,-1.5484,0,0,,0,496.0,dead,0
73.1505,-1.5484,0,0,,0,496.0,dead,0
73.1667,-1.5484,0,0,,0,496.0,dead,0
73.1835,-1.5484,0,0,,0,496.0,dead,0
73.2001,-1.5484,0,0,,0,496.0,dead,0
73.2155,-0.2817,0,0,,0,496.0,dead,0
73.2315,-0.2817,0,0,,0,496.0,dead,0
73.2481,-0.2817,0,0,,0,496.0,dead,0
73.264,0.158,0,0,,0,496.0,dead,0
73.2802,0.158,0,0,,0,496.0,dead,0
73.296,-0.4788,0,0,,0,496.0,dead,0
73.3123,-0.4788,0,0,,0,496.0,dead,0
73.3298,-0.4788,0,0,,0,496.0,dead,0
73.346,-1.1977,0,0,,0,496.0,dead,0
73.3618,-1.1977,0,0,0.30677,0,496.0,dead,0
73.3775,-1.1977,0,0,0.30677,0,496.0,dead,0
73.394,-0.7959,0,0,,0,496.0,dead,0
73.4126,-0.7959,0,0,,0,496.0,dead,0
73.4267,-0.7959,0,0,,0,496.0,dead,0
73.4427,-0.443,0,0,0.3083,0,496.0,dead,0
73.4594,-0.443,0,0,0.3083,0,496.0,dead,0
73.4763,-0.8012,0,0,,0,496.0,dead,0
73.4934,-0.8012,0,0,,0,496.0,dead,0
73.5095,-0.8012,0,0,,0,496.0,dead,0
73.526,-1.1068,0,0,,0,496.0,dead,0
73.5424,-1.1068,0,0,,0,496.0,dead,0
73.5584,-1.1068,0,0,,0,496.0,dead,0
73.5751,-1.1068,0,0,,0,496.0,dead,0
73.591,-1.1068,0,0,,0,496.0,dead,0
73.6068,-1.1068,0,0,0.29954,0,496.0,dead,0
73.6224,-0.6635,0,0,0.29954,0,496.0,dead,0
73.639,-0.6635,0,0,0.29954,0,496.0,dead,0
73.6546,-0.1418,0,0,0.31983,0,496.0,dead,0
73.6711,-0.1418,0,0,0.31983,0,496.0,dead,0
73.6874,-0.1418,0,0,0.31983,0,496.0,dead,0
73.7045,0.2457,0,0,,0,496.0,dead,0
73.7211,0.2457,0,0,,0,496.0,dead,0
73.7371,0.2457,0,0,,0,496.0,dead,0
73.7527,0.2457,0,0,0.29907,0,496.0,dead,0
73.7694,0.2457,0,0,0.29907,0,496.0,dead,0
73.7863,0.2457,0,0,0.29907,0,496.0,dead,0
73.8029,0.2457,0,0,0.32919,0,496.0,dead,0
73.8185,0.2457,0,0,0.32919,0,496.0,dead,0
73.8351,0.2457,0,0,0.32919,0,496.0,dead,0
73.8506,0.2457,0,0,0.29583,0,496.0,dead,0
73.8674,0.2457,0,0,0.29583,0,496.0,dead,0
73.884,-0.4597,0,0,0.29583,0,496.0,dead,0
73.902,-0.4597,0,0,0.27843,0,496.0,dead,0
73.9181,-0.4597,0,0,0.27843,0,496.0,dead,0
73.9342,-1.0791,0,0,0.27843,0,496.0,dead,0
73.9498,-1.0791,0,0,0.27843,0,496.0,dead,0
73.9665,-1.0791,0,0,0.24775,0,496.0,dead,0
73.9836,-0.7721,0,0,0.24775,0,496.0,dead,0
73.9996,-0.7721,0,0,0.24775,0,496.0,dead,0
74.016,-0.5415,0,0,0.24775,0,496.0,dead,0
74.0331,-0.0964,0,0,0.29746,0,496.0,dead,0
74.0487,-0.0964,0,0,0.29746,0,496.0,dead,0
74.0656,0.8761,0,0,0.29746,0,496.0,dead,0
74.0816,0.8761,0,0,0.29081,0,496.0,dead,0
74.0979,0.8761,0,0,0.29081,0,496.0,dead,0
74.1145,2.3541,0,0,0.29081,0,496.0,dead,0
74.1316,2.3541,0,0,0.29081,0,496.0,dead,0
74.1474,2.3541,0,0,0.29536,0,496.0,dead,0
74.164,1.2518,0,0,0.29536,0,496.0,dead,0
74.1801,1.2518,0,0,0.29536,0,496.0,dead,0
74.1964,0.8466,0,0,0.29536,0,496.0,dead,0
74.213,0.8466,0,0,0.31081,0,496.0,dead,0
74.2296,0.8466,0,0,0.31081,0,496.0,dead,0
74.2457,0.8466,0,0,0.31081,0,496.0,dead,0
74.2619,0.8466,0,0,0.31081,0,496.0,dead,0
74.2817,0.8466,0,0,0.31081,0,496.0,dead,0
74.299,0.9693,0,0,0.32645,0,496.0,dead,0
74.3155,1.6919,0,0,0.32645,0,496.0,dead,0
74.3328,2.4062,0,0,0.32645,0,496.0,dead,0
74.3506,2.4062,0,0,0.32645,0,496.0,dead,0
74.3665,2.4062,0,0,0.30593,0,496.0,dead,0
74.3845,3.0539,0,0,0.30593,0,496.0,dead,0
74.4017,3.0539,0,0,0.30593,0,496.0,dead,0
74.4177,3.0539,0,0,0.30593,0,496.0,dead,0
74.4407,2.2665,0,0,0.30593,0,496.0,dead,0
74.4596,2.2665,0,0,0.30593,0,496.0,dead,0
74.4755,1.4477,0,0,0.29061,0,496.0,dead,0
74.4922,1.4477,0,0,0.29061,0,496.0,dead,0
74.5079,1.4477,0,0,0.29061,0,496.0,dead,0
74.5242,0.5002,0,0,0.29061,0,496.0,dead,0
74.5397,0.5002,0,0,0.29061,0,496.0,dead,0
74.5561,0.5002,0,0,,0,496.0,dead,0
74.5722,0.5002,0,0,,0,496.0,dead,0
74.5881,0.5002,0,0,,0,496.0,dead,0
74.6035,0.4825,0,0,,0,496.0,dead,0
74.6195,0.5382,0,0,,0,496.0,dead,0
74.6377,0.5382,0,0,0.32922,0,496.0,dead,0
74.6535,0.765,0,0,0.32922,0,496.0,dead,0
74.6704,0.765,0,0,0.32922,0,496.0,dead,0
74.6866,0.765,0,0,0.32922,0,496.0,dead,0
74.7035,0.4244,0,0,0.32922,0,496.0,dead,0
74.7193,0.4244,0,0,0.30104,0,496.0,dead,0
74.7362,-0.0937,0,0,0.30104,0,496.0,dead,0
74.7529,-0.0937,0,0,0.30104,0,496.0,dead,0
74.7693,-0.0937,0,0,0.30104,0,496.0,dead,0
74.7855,-0.0937,0,0,0.31175,0,496.0,dead,0
74.8016,-0.0937,0,0,0.31175,0,496.0,dead,0
74.8183,-0.0937,0,0,0.31175,0,496.0,dead,0
74.835,-0.0937,0,0,0.31175,0,496.0,dead,0
74.8535,-0.0937,0,0,0.31175,0,496.0,dead,0
74.8707,-0.0937,0,0,0.33743,0,496.0,dead,0
74.9047,-0.7669,0,0,0.33743,0,496.0,dead,0
74.9205,-0.4502,0,0,0.33743,0,496.0,dead,0
74.9379,-0.4502,0,0,0.2991,0,496.0,dead,0
74.9542,-0.4502,0,0,0.2991,0,496.0,dead,0
74.9699,-0.7303,0,0,0.2991,0,496.0,dead,0
74.9932,-0.7303,0,0,0.2991,0,496.0,dead,0
75.009,-0.58,0,0,0.2991,0,496.0,dead,0
75.0251,-0.58,0,0,0.30327,0,496.0,dead,0
75.0412,-0.58,0,0,0.30327,0,496.0,dead,0
75.0568,-0.58,0,0,0.30327,0,496.0,dead,0
75.0724,-0.58,0,0,0.30327,0,496.0,dead,0
75.0888,-0.58,0,0,0.30327,0,496.0,dead,0
75.1048,-0.4675,0,0,0.25333,0,496.0,dead,0
75.1214,-0.4675,0,0,0.25333,0,496.0,dead,0
75.1383,-0.4675,0,0,0.25333,0,496.0,dead,0
75.1562,-2.359,0,0,0.25333,0,496.0,dead,0
75.1718,-2.359,0,0,0.25333,0,496.0,dead,0
75.188,-1.8616,0,0,0.30016,0,496.0,dead,0
75.2036,-1.8616,0,0,0.30016,0,496.0,dead,0
75.2195,-1.8616,0,0,0.30016,0,496.0,dead,0
75.2356,-1.8157,0,0,0.30016,0,496.0,dead,0
75.2549,-1.8157,0,0,0.28749,0,496.0,dead,0
75.2707,-1.8157,0,0,0.28749,0,496.0,dead,0
75.2873,-1.85,0,0,0.28749,0,496.0,dead,0
75.3045,-1.85,0,0,0.28749,0,496.0,dead,0
75.3215,-1.0589,0,0,,0,496.0,dead,0
75.3381,-1.0589,0,0,,0,496.0,dead,0
75.3546,-1.0589,0,0,,0,496.0,dead,0
75.3749,-0.4622,0,0,,0,496.0,dead,0
75.3908,-0.4622,0,0,,0,496.0,dead,0
75.4091,-0.4622,0,0,0.3031,0,496.0,dead,0
75.4286,-0.1825,0,0,0.3031,0,496.0,dead,0
75.4447,-0.1825,0,0,0.3031,0,496.0,dead,0
75.4617,0.1102,0,0,0.3031,0,496.0,dead,0
75.4776,0.1102,0,0,0.3031,0,496.0,dead,0
75.4937,0.1102,0,0,0.30023,0,496.0,dead,0
75.5122,0.1354,0,0,0.30023,0,496.0,dead,0
75.5288,0.1354,0,0,0.30023,0,496.0,dead,0
75.545,0.1354,0,0,0.30023,0,496.0,dead,0
75.5615,0.7114,0,0,0.28049,0,496.0,dead,0
75.5783,0.7114,0,0,0.28049,0,496.0,dead,0
75.5951,0.1391,0,0,0.28049,0,496.0,dead,0
75.6107,0.3801,0,0,0.28049,0,496.0,dead,0
75.6274,0.3801,0,0,0.28324,0,496.0,dead,0
75.6467,0.5682,0,0,0.28324,0,496.0,dead,0
75.6632,0.5682,0,0,0.28324,0,496.0,dead,0
75.6791,0.5682,0,0,0.28324,0,496.0,dead,0
75.6963,1.3871,0,0,0.28993,0,496.0,dead,0
75.713,1.3871,0,0,0.28993,0,496.0,dead,0
75.729,1.5724,0,0,0.28993,0,496.0,dead,0
75.7448,1.5724,0,0,0.28993,0,496.0,dead,0
75.7606,1.5724,0,0,0.26752,0,496.0,dead,0
75.7816,1.5169,0,0,0.26752,0,496.0,dead,0
75.7986,1.5169,0,0,0.26752,0,496.0,dead,0
75.8154,1.0479,0,0,0.26752,0,496.0,dead,0
75.8336,1.0217,0,0,0.26752,0,496.0,dead,0
75.8497,1.0217,0,0,0.27705,0,496.0,dead,0
75.8664,1.1319,0,0,0.27705,0,496.0,dead,0
75.8836,1.1319,0,0,0.27705,0,496.0,dead,0
75.8998,1.1319,0,0,0.27705,0,496.0,dead,0
75.9179,1.12,0,0,0.27705,0,496.0,dead,0
75.934,1.12,0,0,0.30654,0,496.0,dead,0
75.9506,0.5237,0,0,0.30654,0,496.0,dead,0
75.9667,0.0807,0,0,0.30654,0,496.0,dead,0
75.9834,0.0807,0,0,0.30654,0,496.0,dead,0
76.0007,0.0807,0,0,0.28329,0,496.0,dead,0
76.0168,0.0807,0,0,0.28329,0,496.0,dead,0
76.0326,0.0807,0,0,0.28329,0,496.0,dead,0
76.0525,-1.0235,0,0,0.28329,0,496.0,dead,0
76.0695,-2.8279,0,0,0.29868,0,496.0,dead,0
76.0866,-4.7944,0,0,0.29868,0,496.0,dead,0
76.1031,-4.7944,0,0,0.29868,0,496.0,dead,0
76.1194,-4.7944,0,0,0.29868,0,496.0,dead,0
76.1358,-5.7352,0,0,0.29868,0,496.0,dead,0
76.1564,-5.684,0,0,0.27047,0,496.0,dead,0
76.173,-5.684,0,0,0.27047,0,496.0,dead,0
76.1892,-4.2727,0,0,0.27047,0,496.0,dead,0
76.2061,-4.2727,0,0,0.27047,0,496.0,dead,0
76.2216,-2.1703,0,0,0.27047,0,496.0,dead,0
76.2379,-2.1703,0,0,0.34611,0,496.0,dead,0
76.254,-2.1703,0,0,0.34611,0,496.0,dead,0
76.2706,1.0575,0,0,0.34611,0,496.0,dead,0
76.2866,1.0575,0,0,0.34611,0,496.0,dead,0
76.3027,1.0575,0,0,0.30935,0,496.0,dead,0
76.3184,1.718,0,0,0.30935,0,496.0,dead,0
76.3351,1.718,0,0,0.30935,0,496.0,dead,0
76.3517,1.718,0,0,0.30935,0,496.0,dead,0
76.3676,2.1449,0,0,0.30935,0,496.0,dead,0
76.3845,2.1449,0,0,0.30935,0,496.0,dead,0
76.4014,2.3535,0,0,0.32005,0,496.0,dead,0
76.4184,2.3535,0,0,0.32005,0,496.0,dead,0
76.4349,2.3535,0,0,0.32005,0,496.0,dead,0
76.4523,1.8791,0,0,0.32005,0,496.0,dead,0
76.4673,1.8791,0,0,0.30669,0,496.0,dead,0
76.4835,1.8791,0,0,0.30669,0,496.0,dead,0
76.5003,1.8791,0,0,0.30669,0,496.0,dead,0
76.5169,1.8791,0,0,0.30669,0,496.0,dead,0
76.5335,1.8791,0,0,0.3087,0,496.0,dead,0
76.5495,5.3361,0,0,0.3087,0,496.0,dead,0
76.5659,5.3361,0,0,0.3087,0,496.0,dead,0
76.582,5.3361,0,0,0.3087,0,496.0,dead,0
76.5988,6.1445,0,0,0.32455,0,496.0,dead,0
76.6155,6.1445,0,0,0.32455,0,496.0,dead,0
76.6321,5.3771,0,0,0.32455,0,496.0,dead,0
76.6477,5.3771,0,0,0.32455,0,496.0,dead,0
76.6645,5.3771,0,0,0.32455,0,496.0,dead,0
76.6804,5.3771,0,0,0.36839,0,496.0,dead,0
76.6967,5.3771,0,0,0.36839,0,496.0,dead,0
76.7134,5.3771,0,0,0.36839,0,496.0,dead,0
76.7314,3.2398,0,0,0.36839,0,496.0,dead,0
76.7477,3.2398,0,0,0.3431,0,496.0,dead,0
76.7636,1.6699,0,0,0.3431,0,496.0,dead,0
76.7807,1.6699,0,0,0.3431,0,496.0,dead,0
76.797,1.6699,0,0,0.3431,0,496.0,dead,0
76.8128,-0.5221,0,0,0.3431,0,496.0,dead,0
76.8286,-0.5221,0,0,0.35706,0,496.0,dead,0
76.8453,-0.5221,0,0,0.35706,0,496.0,dead,0
76.8624,-0.949,0,0,0.35706,0,496.0,dead,0
76.879,-0.949,0,0,0.35706,0,496.0,dead,0
76.896,-1.438,0,0,0.35706,0,496.0,dead,0
76.9126,-1.438,0,0,0.2749,0,496.0,dead,0
76.929,-1.438,0,0,0.2749,0,496.0,dead,0
76.945,-1.6779,0,0,0.2749,0,496.0,dead,0
76.9609,-1.6779,0,0,0.2749,0,496.0,dead,0
76.982,-1.6779,0,0,0.32275,0,496.0,dead,0
76.9983,-2.3343,0,0,0.32275,0,496.0,dead,0
77.0148,-2.3343,0,0,0.32275,0,496.0,dead,0
77.0314,-2.773,0,0,0.32275,0,496.0,dead,0
77.0499,-2.773,0,0,0.32275,0,496.0,dead,0
77.0666,-2.7594,0,0,0.31638,0,496.0,dead,0
77.0851,-3.1489,0,0,0.31638,0,496.0,dead,0
77.1004,-3.1489,0,0,0.31638,0,496.0,dead,0
77.1166,-3.1489,0,0,0.31638,0,496.0,dead,0
77.1362,-3.2671,0,0,0.31638,0,496.0,dead,0
77.1521,-3.2671,0,0,0.31638,0,496.0,dead,0
77.1698,-3.2671,0,0,0.32908,0,496.0,dead,0
77.1869,-3.2671,0,0,0.32908,0,496.0,dead,0
77.2031,-3.2671,0,0,0.32908,0,496.0,dead,0
77.2193,-1.0054,0,0,0.32908,0,496.0,dead,0
77.236,-1.0054,0,0,0.32908,0,496.0,dead,0
77.2531,-1.0054,0,0,0.28503,0,496.0,dead,0
77.2695,-0.5388,0,0,0.28503,0,496.0,dead,0
77.286,-0.5388,0,0,0.28503,0,496.0,dead,0
77.302,-0.5448,0,0,0.28503,0,496.0,dead,0
77.3178,-0.5448,0,0,0.28503,0,496.0,dead,0
77.3344,-0.5448,0,0,0.30577,0,496.0,dead,0
77.3511,-0.3858,0,0,0.30577,0,496.0,dead,0
77.3673,-0.3858,0,0,0.30577,0,496.0,dead,0
77.3841,-0.3858,0,0,0.30577,0,496.0,dead,0
77.3998,0.1805,0,0,0.30577,0,496.0,dead,0
77.4177,0.1805,0,0,0.28915,0,496.0,dead,0
77.4343,0.1805,0,0,0.28915,0,496.0,dead,0
77.4558,0.5113,0,0,0.28915,0,496.0,dead,0
77.4715,0.5113,0,0,0.28915,0,496.0,dead,0
77.488,0.8588,0,0,0.29845,0,496.0,dead,0
77.5042,0.8588,0,0,0.29845,0,496.0,dead,0
77.5207,0.8588,0,0,0.29845,0,496.0,dead,0
77.5373,0.7902,0,0,0.29845,0,496.0,dead,0
77.5556,0.7902,0,0,0.29845,0,496.0,dead,0
77.5724,0.9246,0,0,0.30564,0,496.0,dead,0
77.5891,0.9246,0,0,0.30564,0,496.0,dead,0
77.6046,0.9246,0,0,0.30564,0,496.0,dead,0
77.621,0.1891,0,0,0.30564,0,496.0,dead,0
77.6369,0.1891,0,0,0.27876,0,496.0,dead,0
77.6526,0.1891,0,0,0.27876,0,496.0,dead,0
77.6695,-0.5084,0,0,0.27876,0,496.0,dead,0
77.6861,-0.5084,0,0,0.27876,0,496.0,dead,0
77.7022,-0.5084,0,0,0.29278,0,496.0,dead,0
77.7189,-0.2559,0,0,0.29278,0,496.0,dead,0
77.735,-0.2559,0,0,0.29278,0,496.0,dead,0
77.7514,-0.1637,0,0,0.29278,0,496.0,dead,0
77.7683,-0.1637,0,0,0.2964,0,496.0,dead,0
77.7854,-0.1637,0,0,0.2964,0,496.0,dead,0
77.802,-0.1637,0,0,0.2964,0,496.0,dead,0
77.8189,-0.1637,0,0,0.2964,0,496.0,dead,0
77.8356,-0.1637,0,0,0.31988,0,496.0,dead,0
77.8522,0.3207,0,0,0.31988,0,496.0,dead,0
77.8675,0.3207,0,0,0.31988,0,496.0,dead,0
77.8866,0.3207,0,0,0.31988,0,496.0,dead,0
77.9033,0.3207,0,0,0.33301,0,496.0,dead,0
77.9194,0.3207,0,0,0.33301,0,496.0,dead,0
77.936,0.7305,0,0,0.33301,0,496.0,dead,0
77.9527,0.4572,0,0,0.33301,0,496.0,dead,0
77.9688,0.4572,0,0,0.28033,0,496.0,dead,0
77.9846,0.4572,0,0,0.28033,0,496.0,dead,0
78.0007,0.4572,0,0,0.28033,0,496.0,dead,0
78.0174,0.4572,0,0,0.28033,0,496.0,dead,0
78.0341,0.4572,0,0,0.32087,0,496.0,dead,0
78.0502,0.4572,0,0,0.32087,0,496.0,dead,0
78.0664,0.83,0,0,0.32087,0,496.0,dead,0
78.0825,0.4802,0,0,0.32087,0,496.0,dead,0
78.0995,0.4802,0,0,0.30152,0,496.0,dead,0
78.122,0.1064,0,0,0.30152,0,496.0,dead,0
78.1378,0.1064,0,0,0.30152,0,496.0,dead,0
78.1542,0.1064,0,0,0.30152,0,496.0,dead,0
78.1715,0.1582,0,0,0.30152,0,496.0,dead,0
78.1921,0.1582,0,0,0.3376,0,496.0,dead,0
78.2084,0.1582,0,0,0.3376,0,496.0,dead,0
78.2249,0.1582,0,0,0.3376,0,496.0,dead,0
78.2409,0.1582,0,0,0.3376,0,496.0,dead,0
78.2578,-2.0637,0,0,0.32437,0,496.0,dead,0
78.2737,-2.0637,0,0,0.32437,0,496.0,dead,0
78.2903,-2.0637,0,0,0.32437,0,496.0,dead,0
78.3076,-1.4149,0,0,0.32437,0,496.0,dead,0
78.3252,-1.4149,0,0,0.30682,0,496.0,dead,0
78.3425,-1.0558,0,0,0.30682,0,496.0,dead,0
78.3619,-1.0558,0,0,0.30682,0,496.0,dead,0
78.3798,-1.0558,0,0,0.30682,0,496.0,dead,0
78.396,-0.0837,0,0,0.30682,0,496.0,dead,0
78.4131,-0.0837,0,0,0.32043,0,496.0,dead,0
78.4297,0.2375,0,0,0.32043,0,496.0,dead,0
78.4458,0.2375,0,0,0.32043,0,496.0,dead,0
78.462,0.2375,0,0,0.32043,0,496.0,dead,0
78.4789,0.0151,0,0,0.33388,0,496.0,dead,0
78.4951,0.0151,0,0,0.33388,0,496.0,dead,0
78.512,0.0151,0,0,0.33388,0,496.0,dead,0
78.5274,0.386,0,0,0.33388,0,496.0,dead,0
78.5442,0.386,0,0,0.33111,0,496.0,dead,0
78.56,0.386,0,0,0.33111,0,496.0,dead,0
78.5764,0.3748,0,0,0.33111,0,496.0,dead,0
78.5945,0.3748,0,0,0.33111,0,496.0,dead,0
78.6112,1.059,0,0,0.33807,0,496.0,dead,0
78.628,1.059,0,0,0.33807,0,496.0,dead,0
78.6451,1.059,0,0,0.33807,0,496.0,dead,0
78.6643,1.1417,0,0,0.33807,0,496.0,dead,0
78.6813,1.1417,0,0,0.32671,0,496.0,dead,0
78.698,0.977,0,0,0.32671,0,496.0,dead,0
78.7143,0.977,0,0,0.32671,0,496.0,dead,0
78.7308,0.977,0,0,0.32671,0,496.0,dead,0
78.7511,0.3862,0,0,0.26005,0,496.0,dead,0
78.7679,0.5258,0,0,0.26005,0,496.0,dead,0
78.7884,1.1777,0,0,0.26005,0,496.0,dead,0
78.8051,1.1777,0,0,0.26005,0,496.0,dead,0
78.821,1.1777,0,0,0.26005,0,496.0,dead,0
78.8407,1.1777,0,0,0.31081,0,496.0,dead,0
78.857,0.4873,0,0,0.31081,0,496.0,dead,0
78.8731,0.4873,0,0,0.31081,0,496.0,dead,0
78.8895,-0.1185,0,0,0.31081,0,496.0,dead,0
78.9056,-0.1185,0,0,0.31081,0,496.0,dead,0
78.9222,-0.5593,0,0,0.31081,0,496.0,dead,0
78.9448,-0.5591,0,0,0.31404,0,496.0,dead,0
78.9644,-0.5591,0,0,0.31404,0,496.0,dead,0
78.9822,-0.3514,0,0,0.31404,0,496.0,dead,0
78.9991,-0.3514,0,0,0.31404,0,496.0,dead,0
79.0154,-0.2783,0,0,0.28612,0,496.0,dead,0
79.0326,-0.2783,0,0,0.28612,0,496.0,dead,0
79.049,-0.2783,0,0,0.28612,0,496.0,dead,0
79.0649,-0.2783,0,0,0.28612,0,496.0,dead,0
79.0816,-0.2783,0,0,0.28612,0,496.0,dead,0
79.1005,-0.458,0,0,0.29981,0,496.0,dead,0
79.1165,-0.4635,0,0,0.29981,0,496.0,dead,0
79.1325,-0.4635,0,0,0.29981,0,496.0,dead,0
79.1486,0.2029,0,0,0.29981,0,496.0,dead,0
79.1652,0.2029,0,0,0.3179,0,496.0,dead,0
79.1815,0.2029,0,0,0.3179,0,496.0,dead,0
79.198,0.3234,0,0,0.3179,0,496.0,dead,0
79.2136,0.3234,0,0,0.3179,0,496.0,dead,0
79.2296,0.3234,0,0,0.3179,0,496.0,dead,0
79.2462,-0.1741,0,0,0.329,0,496.0,dead,0
79.265,-0.1741,0,0,0.329,0,496.0,dead,0
79.2815,0.0224,0,0,0.329,0,496.0,dead,0
79.298,0.1478,0,0,0.329,0,496.0,dead,0
79.3136,0.1478,0,0,0.30264,0,496.0,dead,0
79.3295,0.4926,0,0,0.30264,0,496.0,dead,0
79.346,0.4926,0,0,0.30264,0,496.0,dead,0
79.3625,0.4926,0,0,0.30264,0,496.0,dead,0
79.379,0.0365,0,0,0.30802,0,496.0,dead,0
79.3944,0.0365,0,0,0.30802,0,496.0,dead,0
79.4105,0.0365,0,0,0.30802,0,496.0,dead,0
79.4267,0.031,0,0,0.30802,0,496.0,dead,0
79.4429,0.031,0,0,0.30802,0,496.0,dead,0
79.4594,0.031,0,0,0.29408,0,496.0,dead,0
79.4765,-0.6046,0,0,0.29408,0,496.0,dead,0
79.4934,-0.6046,0,0,0.29408,0,496.0,dead,0
79.5102,-0.4377,0,0,0.29408,0,496.0,dead,0
79.5255,-0.4377,0,0,0.32174,0,496.0,dead,0
79.5424,-0.4377,0,0,0.32174,0,496.0,dead,0
79.5589,-0.6239,0,0,0.32174,0,496.0,dead,0
79.5751,-0.6239,0,0,0.32174,0,496.0,dead,0
79.5913,-0.6239,0,0,0.28754,0,496.0,dead,0
79.6084,-0.6559,0,0,0.28754,0,496.0,dead,0
79.626,-0.6559,0,0,0.28754,0,496.0,dead,0
79.6408,-1.3542,0,0,0.28754,0,496.0,dead,0
79.6575,-1.3542,0,0,0.28754,0,496.0,dead,0
79.6741,-1.3542,0,0,0.29159,0,496.0,dead,0
79.6899,-1.7852,0,0,0.29159,0,496.0,dead,0
79.7055,-1.7852,0,0,0.29159,0,496.0,dead,0
79.7233,-1.7852,0,0,0.29159,0,496.0,dead,0
79.7406,-1.3594,0,0,0.30813,0,496.0,dead,0
79.7568,-1.3594,0,0,0.30813,0,496.0,dead,0
79.7731,-1.3594,0,0,0.30813,0,496.0,dead,0
79.7896,-1.2573,0,0,0.30813,0,496.0,dead,0
79.8056,-1.2573,0,0,0.29596,0,496.0,dead,0
79.8217,-0.5867,0,0,0.29596,0,496.0,dead,0
79.839,-0.5867,0,0,0.29596,0,496.0,dead,0
79.855,-0.5867,0,0,0.29596,0,496.0,dead,0
79.8726,-0.8785,0,0,0.27061,0,496.0,dead,0
79.8894,-0.8785,0,0,0.27061,0,496.0,dead,0
79.9061,-0.8785,0,0,0.27061,0,496.0,dead,0
79.9223,-0.5378,0,0,0.27061,0,496.0,dead,0
79.9388,-0.5378,0,0,0.27061,0,496.0,dead,0
79.9576,-1.1648,0,0,0.29394,0,496.0,dead,0
79.9742,-1.1648,0,0,0.29394,0,496.0,dead,0
79.9898,-1.1648,0,0,0.29394,0,496.0,dead,0
80.0062,-1.0285,0,0,0.29394,0,496.0,dead,0
80.0233,-1.0285,0,0,0.29098,0,496.0,dead,0
80.0406,-1.0285,0,0,0.29098,0,496.0,dead,0
80.0573,-1.2682,0,0,0.29098,0,496.0,dead,0
80.0746,-1.2682,0,0,0.29098,0,496.0,dead,0
80.0919,-1.8899,0,0,0.32244,0,496.0,dead,0
80.1085,-1.0246,0,0,0.32244,0,496.0,dead,0
80.125,-1.0246,0,0,0.32244,0,496.0,dead,0
80.1406,-0.3576,0,0,0.28695,0,496.0,dead,0
80.1572,-0.3576,0,0,0.28695,0,496.0,dead,0
80.1733,-0.3576,0,0,0.28695,0,496.0,dead,0
80.1895,-0.043,0,0,0.28695,0,496.0,dead,0
80.2066,-0.043,0,0,0.2966,0,496.0,dead,0
80.2236,-0.043,0,0,0.2966,0,496.0,dead,0
80.2403,-0.0085,0,0,0.2966,0,496.0,dead,0
80.2586,-0.0085,0,0,0.30288,0,496.0,dead,0
80.2752,0.9883,0,0,0.30288,0,496.0,dead,0
80.2924,1.8087,0,0,0.30288,0,496.0,dead,0
80.3086,1.8087,0,0,0.30288,0,496.0,dead,0
80.3248,2.1751,0,0,0.28746,0,496.0,dead,0
80.341,2.1751,0,0,0.28746,0,496.0,dead,0
80.3569,2.1751,0,0,0.28746,0,496.0,dead,0
80.373,2.2419,0,0,0.28746,0,496.0,dead,0
80.3902,2.2419,0,0,0.28746,0,496.0,dead,0
80.4067,3.1216,0,0,0.27364,0,496.0,dead,0
80.4268,3.3708,0,0,0.27364,0,496.0,dead,0
80.4423,3.3708,0,0,0.27364,0,496.0,dead,0
80.4592,2.7669,0,0,0.27364,0,496.0,dead,0
80.4759,2.7669,0,0,0.30167,0,496.0,dead,0
80.4926,2.7669,0,0,0.30167,0,496.0,dead,0
80.5109,2.7357,0,0,0.30167,0,496.0,dead,0
80.5268,2.7357,0,0,0.30167,0,496.0,dead,0
80.5435,2.7357,0,0,0.32385,0,496.0,dead,0
80.5598,2.7357,0,0,0.32385,0,496.0,dead,0
80.5764,2.7357,0,0,0.32385,0,496.0,dead,0
80.593,1.5277,0,0,0.32385,0,496.0,dead,0
80.6089,1.0146,0,0,0.31632,0,496.0,dead,0
80.6256,1.0146,0,0,0.31632,0,496.0,dead,0
80.6417,1.2225,0,0,0.31632,0,496.0,dead,0
80.6576,1.2225,0,0,0.28707,0,496.0,dead,0
80.6736,1.2225,0,0,0.28707,0,496.0,dead,0
80.6896,1.5259,0,0,0.28707,0,496.0,dead,0
80.7056,1.5259,0,0,0.28707,0,496.0,dead,0
80.7226,1.5259,0,0,0.28707,0,496.0,dead,0
80.7395,1.5259,0,0,0.31661,0,496.0,dead,0
80.7561,1.5259,0,0,0.31661,0,496.0,dead,0
80.772,4.1983,0,0,0.31661,0,496.0,dead,0
80.7897,4.1983,0,0,0.31661,0,496.0,dead,0
80.8063,4.1983,0,0,0.33417,0,496.0,dead,0
80.8224,5.7723,0,0,0.33417,0,496.0,dead,0
80.839,5.7723,0,0,0.33417,0,496.0,dead,0
80.8561,4.8686,0,0,0.28841,0,496.0,dead,0
80.8727,4.8686,0,0,0.28841,0,496.0,dead,0
80.8891,4.8686,0,0,0.28841,0,496.0,dead,0
80.906,3.0381,0,0,0.28841,0,496.0,dead,0
80.9224,3.0381,0,0,0.28841,0,496.0,dead,0
80.939,3.0381,0,0,0.29003,0,496.0,dead,0
80.9553,0.4476,0,0,0.29003,0,496.0,dead,0
80.972,0.4476,0,0,0.29003,0,496.0,dead,0
80.988,0.4476,0,0,0.29003,0,496.0,dead,0
81.006,-0.458,0,0,0.28266,0,496.0,dead,0
81.0219,-0.458,0,0,0.28266,0,496.0,dead,0
81.038,-1.3612,0,0,0.28266,0,496.0,dead,0
81.0552,-1.3612,0,0,0.28266,0,496.0,dead,0
81.0704,-1.3612,0,0,0.28266,0,496.0,dead,0
81.0875,-1.3612,0,0,0.31461,0,496.0,dead,0
81.1041,-1.3612,0,0,0.31461,0,496.0,dead,0
81.1205,-1.3612,0,0,0.31461,0,496.0,dead,0
81.1373,-0.6971,0,0,0.31461,0,496.0,dead,0
81.154,-0.6971,0,0,0.29739,0,496.0,dead,0
81.1696,-0.6971,0,0,0.29739,0,496.0,dead,0
81.1862,-0.8035,0,0,0.29739,0,496.0,dead,0
81.2018,-0.8035,0,0,0.29739,0,496.0,dead,0
81.2186,-0.5313,0,0,0.31756,0,496.0,dead,0
81.2347,-0.5313,0,0,0.31756,0,496.0,dead,0
81.2513,-0.5313,0,0,0.31756,0,496.0,dead,0
81.2684,-1.1018,0,0,0.32909,0,496.0,dead,0
81.2849,-1.1018,0,0,0.32909,0,496.0,dead,0
81.3011,-1.1018,0,0,0.32909,0,496.0,dead,0
81.3171,-1.2653,0,0,0.30866,0,496.0,dead,0
81.3333,-1.2653,0,0,0.30866,0,496.0,dead,0
81.3498,-1.2653,0,0,0.30866,0,496.0,dead,0
81.3655,-1.2653,0,0,0.30866,0,496.0,dead,0
81.383,-1.2653,0,0,0.28432,0,496.0,dead,0
81.4007,0.0843,0,0,0.28432,0,496.0,dead,0
81.4169,0.0843,0,0,0.28432,0,496.0,dead,0
81.4331,0.0843,0,0,0.28432,0,496.0,dead,0
81.449,1.2764,0,0,0.28432,0,496.0,dead,0
81.4664,1.2764,0,0,0.31031,0,496.0,dead,0
81.4831,1.2764,0,0,0.31031,0,496.0,dead,0
81.4984,2.0163,0,0,0.31031,0,496.0,dead,0
81.515,2.0163,0,0,0.31031,0,496.0,dead,0
81.5315,0.7084,0,0,0.24351,0,496.0,dead,0
81.548,0.7084,0,0,0.24351,0,496.0,dead,0
81.5635,0.7084,0,0,0.24351,0,496.0,dead,0
81.5815,-2.1849,0,0,0.24351,0,496.0,dead,0
81.598,-2.1849,0,0,0.25029,0,496.0,dead,0
81.6143,-2.1849,0,0,0.25029,0,496.0,dead,0
81.6309,-2.1849,0,0,0.25029,0,496.0,dead,0
81.6471,-2.1849,0,0,0.25029,0,496.0,dead,0
81.6627,-2.1849,0,0,0.17971,0,496.0,dead,0
81.679,-2.1849,0,0,0.17971,0,496.0,dead,0
81.6951,-2.1849,0,0,0.17971,0,496.0,dead,0
81.7117,-3.5631,0,0,0.17971,0,496.0,dead,0
81.728,-3.5631,0,0,0.20945,0,496.0,dead,0
81.744,-3.5631,0,0,0.20945,0,496.0,dead,0
81.7601,-3.5631,0,0,0.20945,0,496.0,dead,0
81.7772,-3.5631,0,0,0.20945,1,496.0,dead,0
81.7945,-3.5631,0,0,0.2427,0,496.0,dead,0
81.8104,-4.1111,0,0,0.2427,0,496.0,dead,0
81.8271,-3.2617,0,0,0.2427,0,496.0,dead,0
81.8442,-3.2617,0,0,0.20019,0,496.0,dead,0
81.8603,-3.2617,0,0,0.20019,0,496.0,dead,0
81.8774,-3.2617,0,0,0.20019,0,496.0,dead,0
81.8945,-3.2617,0,0,0.20019,0,496.0,dead,0
81.9107,-3.2617,0,0,0.18109,0,496.0,dead,0
81.9269,-3.2617,0,0,0.18109,0,496.0,dead,0
81.9428,-2.9897,0,0,0.18109,0,496.0,dead,0
81.9615,-2.9897,0,0,0.18109,0,496.0,dead,0
81.9785,-2.9897,0,0,0.20757,0,496.0,dead,0
81.9956,-2.9897,0,0,0.20757,0,496.0,dead,0
82.0123,-2.9897,0,0,0.20757,0,496.0,dead,0
82.0292,-2.9897,0,0,0.27025,0,496.0,dead,0
82.046,-2.9897,0,0,0.27025,0,496.0,dead,0
82.0618,-2.9897,0,0,0.27025,0,496.0,dead,0
82.078,-2.9897,0,0,0.27025,0,496.0,dead,0
82.0941,-2.9897,0,0,0.30807,0,496.0,dead,0
82.1097,-2.9897,0,0,0.30807,0,496.0,dead,0
82.1258,-2.9897,0,0,0.30807,0,496.0,dead,0
82.1416,-2.9897,0,0,0.31201,0,496.0,dead,0
82.1575,-2.9897,0,0,0.31201,0,496.0,dead,0
82.1742,-2.9897,0,0,0.31201,0,496.0,dead,0
82.1907,-2.9897,0,0,0.31201,0,496.0,dead,0
82.2084,-2.7201,0,0,,0,496.0,dead,0
82.2256,-2.7201,0,0,,0,496.0,dead,0
82.2417,-2.7201,0,0,,0,496.0,dead,0
82.2578,-2.7201,0,0,0.30927,0,496.0,dead,0
82.2735,-2.7201,0,0,0.30927,0,496.0,dead,0
82.2902,-2.7201,0,0,0.30927,0,496.0,dead,0
82.306,-2.7201,0,0,0.31423,0,496.0,dead,0
82.3217,-2.7201,0,0,0.31423,0,496.0,dead,0
82.338,-2.7201,0,0,0.31423,0,496.0,dead,0
82.3547,-3.5385,0,0,0.31423,0,496.0,dead,0
82.3708,-3.5385,0,0,0.31423,0,496.0,dead,0
82.3866,-4.1426,0,0,0.29944,0,496.0,dead,0
82.4032,-2.8917,0,0,0.29944,0,496.0,dead,0
82.4194,-2.8917,0,0,0.29944,0,496.0,dead,0
82.4363,-2.8917,0,0,0.2946,0,496.0,dead,0
82.4531,-2.8917,0,0,0.2946,0,496.0,dead,0
82.4692,-2.8917,0,0,0.2946,0,496.0,dead,0
82.4857,6.8964,1,0,0.2946,0,496.0,dead,0
82.5017,6.8964,0,0,0.2946,0,285.0,playing,0
82.5179,6.8964,0,0,0.2946,0,279.04,playing,0
82.5338,6.8964,0,0,0.2946,0,273.36,playing,0
82.5501,6.8964,0,0,,0,267.97,playing,0
82.5665,1.9564,0,0,,0,262.56,playing,0
82.5832,0.7276,0,0,,0,257.74,playing,0
82.6003,0.7276,0,0,,0,252.94,playing,0
82.6172,0.7276,0,0,,0,248.46,playing,0
82.6339,0.7276,0,0,,0,244.3,playing,0
82.6498,0.7276,0,0,0.30084,0,240.67,playing,0
82.6664,-0.4682,0,0,0.30084,0,237.31,playing,0
82.683,-0.4682,0,0,0.30084,0,234.07,playing,0
82.6991,-0.4682,0,0,0.30084,0,231.3,playing,0
82.7152,-0.4682,0,0,0.25421,0,228.8,playing,0
82.7322,-0.4682,0,0,0.25421,0,226.48,playing,0
82.7494,-2.148,0,0,0.25421,0,224.46,playing,0
82.7662,-2.148,0,0,0.27308,0,222.77,playing,0
82.7835,-2.148,0,0,0.27308,0,221.4,playing,0
82.8002,-2.274,0,0,0.27308,0,220.34,playing,0
82.817,-2.274,0,0,0.26459,0,219.6,playing,0
82.8331,-2.274,0,0,0.26459,0,219.18,playing,0
82.8487,-3.4315,0,0,0.26459,0,219.05,playing,0
82.8652,-3.4315,0,0,0.26459,0,219.2,playing,0
82.8816,-3.495,0,0,0.26459,0,219.68,playing,0
82.8976,-3.495,0,0,0.26459,0,220.41,playing,0
82.9144,-3.495,0,0,0.26459,0,221.42,playing,0
82.9306,-2.096,0,0,0.26459,0,222.81,playing,0
82.9466,-2.096,0,0,0.29207,0,224.4,playing,0
82.9633,-2.096,0,0,0.29207,0,226.27,playing,0
82.9801,-1.9187,0,0,0.29207,0,228.58,playing,0
82.9959,-1.9187,0,0,0.29207,0,231.04,playing,0
83.013,-1.9187,0,0,0.29288,0,233.96,playing,0
83.0298,-2.2414,0,0,0.29288,0,237.0,playing,0
83.0455,-2.2414,0,0,0.29288,0,240.54,playing,0
83.0622,-1.9663,0,0,0.29288,0,244.16,playing,0
83.0787,-1.9663,0,0,0.29288,0,248.32,playing,0
83.0954,-1.9663,0,0,0.27313,0,252.51,playing,0
83.1121,-1.9663,0,0,0.27313,0,257.29,playing,0
83.1292,-1.9663,0,0,0.27313,0,262.39,playing,0
83.1456,-1.9663,0,0,0.27313,0,267.8,playing,0
83.1626,-2.6753,0,0,0.29988,0,273.18,playing,0
83.1793,-2.6753,0,0,0.29988,0,279.2,playing,0
83.1947,-2.6753,0,0,0.29988,0,285.16,playing,0
83.211,0.163,0,0,0.29988,0,291.4,playing,0
83.228,0.163,0,0,0.29988,0,297.92,playing,0
83.2452,0.163,0,0,0.29988,0,305.61,playing,0
83.2623,0.163,0,0,0.29988,0,313.19,playing,0
83.2798,0.163,0,0,0.29988,0,321.09,playing,0
83.2955,2.0577,0,0,0.29359,0,329.31,playing,0
83.3117,2.0577,0,0,0.29359,0,337.33,playing,0
83.3283,2.0577,0,0,0.29359,0,345.62,playing,0
83.3444,2.868,0,0,0.29359,0,354.76,playing,0
83.3617,2.868,0,0,0.26672,0,363.64,playing,0
83.3783,4.4986,0,0,0.26672,0,373.39,playing,0
83.3958,4.4986,0,0,0.27322,0,383.46,playing,0
83.412,4.4986,0,0,0.27322,0,393.84,playing,0
83.4277,3.22,0,0,0.27322,0,403.9,playing,0
83.4444,3.22,0,0,0.28938,0,414.24,playing,0
83.4611,3.22,0,0,0.28938,0,425.54,playing,0
83.4775,4.8616,0,0,0.29481,0,436.46,playing,0
83.4937,4.8616,0,0,0.29481,0,448.36,playing,0
83.5099,4.8616,0,0,0.26171,0,459.56,playing,0
83.5265,4.8616,0,0,0.26171,0,470.76,playing,0
83.5426,4.8616,0,0,0.26171,0,482.66,playing,0
83.5586,4.8616,0,0,0.26171,0,493.86,playing,0
83.5751,4.8616,0,0,0.28487,0,505.06,dead,0
83.5914,4.8616,0,0,0.28487,0,496.0,dead,0
83.6086,4.8045,0,0,0.26608,0,496.0,dead,0
83.6249,4.8045,0,0,0.26608,0,496.0,dead,0
83.6411,4.8045,0,0,0.26608,0,496.0,dead,0
83.6566,7.26,0,0,0.23496,0,496.0,dead,0
83.6727,7.26,0,0,0.23496,0,496.0,dead,0
83.6888,7.26,0,0,0.23029,0,496.0,dead,0
83.7054,-2.2802,0,0,0.23029,0,496.0,dead,0
83.722,-2.2802,0,0,0.23029,0,496.0,dead,0
83.7386,-25.2724,1,0,0.2061,0,496.0,dead,0
83.7553,-25.2724,0,0,0.2061,0,285.0,playing,0
83.7725,-25.2724,0,0,0.19087,0,278.69,playing,0
83.7892,-32.4498,0,0,0.19087,0,272.69,playing,0
83.8058,-32.4498,0,0,,0,267.02,playing,0
83.8224,-32.4498,0,0,,0,261.96,playing,0
83.8387,-28.667,0,0,,0,256.9,playing,0
83.8554,-28.667,0,0,,0,252.42,playing,0
83.8724,-37.6019,0,0,,0,247.98,playing,0
83.889,-37.6019,0,0,,0,243.85,playing,0
83.9051,-37.6019,0,0,,0,240.25,playing,0
83.9217,-25.7129,0,0,,0,236.93,playing,0
83.9384,-25.7129,0,0,,0,233.72,playing,0
83.9556,-25.7129,0,0,,0,230.83,playing,0
83.9722,-18.53,0,0,,0,228.26,playing,0
83.9894,-18.53,0,0,,0,226.01,playing,0
84.006,-18.53,0,0,,0,224.07,playing,0
84.0221,-22.0387,0,0,,0,222.53,playing,0
84.0378,-22.0387,0,0,,0,221.27,playing,0
84.0543,14.3177,0,0,,0,220.29,playing,0
84.0714,14.3177,0,0,,0,219.57,playing,0
84.0881,14.3177,0,0,,0,219.17,playing,0
84.1046,34.5973,0,0,,0,219.09,playing,0
84.1215,34.5973,0,0,,0,219.29,playing,0
84.1376,34.5973,0,0,,0,219.82,playing,0
84.1543,34.5973,0,0,,0,220.6,playing,0
84.1712,34.5973,0,0,,0,221.75,playing,0
84.1877,36.9705,0,0,,0,223.22,playing,0
84.2042,31.7104,0,0,,0,224.88,playing,0
84.2208,31.7104,0,0,,0,226.96,playing,0
84.2376,43.6485,1,0,,0,229.21,playing,0
84.2556,43.6485,0,0,,0,222.9,playing,0
84.2714,43.6485,0,0,,0,216.9,playing,0
84.2876,43.6485,0,0,,0,211.23,playing,0
84.3041,43.6485,0,0,,0,206.16,playing,0
84.3202,41.1237,0,0,,0,201.39,playing,0
84.3369,14.6109,0,0,,0,196.63,playing,0
84.3535,14.6109,0,0,0.27759,1,192.43,playing,0
84.3698,2.453,0,0,0.27759,0,188.28,playing,0
84.3861,2.453,0,0,0.27759,0,184.67,playing,0
84.4022,2.453,0,0,0.22658,0,181.33,playing,0
84.4182,2.453,0,0,0.22658,0,178.28,playing,0
84.4349,2.453,0,0,0.22658,0,175.35,playing,0
84.4505,2.453,0,0,0.22658,0,172.88,playing,0
84.4674,2.453,0,0,0.25665,0,170.68,playing,0
84.4847,2.453,0,0,0.25665,0,168.67,playing,0
84.5005,2.453,0,0,0.25665,0,166.98,playing,0
84.5169,2.453,0,0,0.25665,0,165.67,playing,0
84.5328,2.453,0,0,0.22849,0,164.64,playing,0
84.5496,-16.0502,0,0,0.22849,0,163.89,playing,0
84.5666,-8.8859,0,0,0.22849,0,163.41,playing,0
84.5832,-8.8859,0,0,0.15592,0,163.25,playing,0
84.6005,-2.3829,0,0,0.15592,0,163.41,playing,0
84.6175,-2.3829,0,0,0.15592,0,163.88,playing,0
84.6343,-2.3829,0,0,0.17686,0,164.68,playing,0
84.6509,11.3107,0,0,0.17686,0,165.79,playing,0
84.6672,11.3107,0,0,0.17686,0,167.12,playing,0
84.6826,11.3107,0,0,0.17686,0,168.73,playing,0
84.6994,11.3107,0,0,0.19854,0,170.62,playing,0
84.7161,11.3107,0,0,0.19854,0,172.95,playing,0
84.7327,13.4719,1,0,0.19854,0,175.59,playing,0
84.7493,13.4719,0,0,0.19854,0,169.63,playing,0
84.766,13.4719,0,0,0.17219,0,163.62,playing,0
84.7816,13.4719,0,0,0.17219,0,158.24,playing,0
84.7981,13.4719,0,0,0.17219,0,153.15,playing,0
84.8142,13.4719,0,0,0.17219,0,148.33,playing,0
84.8302,13.4719,0,0,0.33134,1,143.8,playing,0
84.8469,13.4719,0,0,0.33134,0,139.3,playing,0
84.8635,13.4719,0,0,0.33134,0,135.35,playing,0
84.8801,13.4719,0,0,0.30629,0,131.47,playing,0
84.8967,13.4719,0,0,0.30629,0,127.9,playing,0
84.9127,1.0751,0,0,0.30629,0,124.83,playing,0
84.9293,1.0751,0,0,0.30629,0,122.04,playing,0
84.9466,1.0751,0,0,0.33139,0,119.4,playing,0
84.963,-4.4067,0,0,0.33139,0,117.07,playing,0
84.9791,-4.4067,0,0,0.33139,0,115.16,playing,0
84.9955,-4.9828,0,0,0.32607,0,113.53,playing,0
85.0121,-4.9828,0,0,0.32607,0,112.11,playing,0
85.0278,-4.9828,0,0,0.32607,0,111.07,playing,0
85.0436,-4.0186,0,0,0.36753,0,110.3,playing,0
85.0599,-4.0186,0,0,0.36753,0,109.82,playing,0
85.0755,-4.0186,0,0,0.36753,0,109.61,playing,0
85.0917,-4.8261,0,0,0.33137,0,109.69,playing,0
85.1082,-4.8261,0,0,0.33137,0,110.05,playing,0
85.1253,-4.8261,0,0,0.33137,0,110.75,playing,0
85.142,-3.7166,0,0,0.3233,0,111.77,playing,0
85.1577,-3.7166,0,0,0.3233,0,113.01,playing,0
85.1742,-3.7166,0,0,0.3233,0,114.53,playing,0
85.1914,-4.5029,0,0,0.28986,0,116.47,playing,0
85.2079,-4.5029,0,0,0.28986,0,118.72,playing,0
85.224,-5.1932,0,0,0.28986,0,121.12,playing,0
85.241,-5.1932,0,0,0.32645,0,123.99,playing,0
85.2568,-5.1932,0,0,0.32645,0,126.97,playing,0
85.2733,-5.9556,0,0,0.33292,0,130.24,playing,0
85.2902,-5.9556,0,0,0.33292,0,134.02,playing,0
85.3072,-5.9556,0,0,0.33292,0,138.13,playing,0
85.3239,-6.4102,0,0,0.34321,0,142.55,playing,0
85.3396,-6.4102,0,0,0.34321,0,146.99,playing,0
85.3563,-5.9477,0,0,0.34321,0,151.71,playing,0
85.3729,-5.9477,0,0,0.34321,0,157.05,playing,0
85.3887,-5.9477,0,0,0.3187,0,162.36,playing,0
85.4053,-5.8433,0,0,0.3187,0,167.95,playing,0
85.422,-5.8433,0,0,0.3187,0,174.2,playing,0
85.4384,-5.8433,0,0,0.3187,0,180.37,playing,0
85.4544,-4.9658,0,0,0.3028,0,187.24,playing,0
85.4705,-4.9658,0,0,0.3028,0,193.99,playing,0
85.4875,-4.9658,0,0,0.3028,0,201.02,playing,0
85.5041,-7.0615,0,0,0.30876,0,208.81,playing,0
85.5202,-7.0615,0,0,0.30876,0,216.42,playing,0
85.5361,-6.558,0,0,0.30876,0,224.31,playing,0
85.5523,-6.558,0,0,0.3177,0,232.48,playing,0
85.5689,-6.558,0,0,0.3177,0,241.49,playing,0
85.5849,-5.1553,0,0,0.3177,0,250.24,playing,0
85.6021,-5.1553,0,0,0.28484,0,259.28,playing,0
85.6177,-5.1553,0,0,0.28484,0,269.2,playing,0
85.6343,-1.7428,0,0,0.28484,0,278.82,playing,0
85.6513,-1.7428,0,0,0.31573,0,289.35,playing,0
85.6684,-1.7428,0,0,0.31573,0,300.21,playing,0
85.6853,-1.0673,0,0,0.31573,0,311.38,playing,0
85.7024,-1.0673,0,0,0.33098,0,322.87,playing,0
85.719,-0.1415,0,0,0.33098,0,334.68,playing,0
85.7347,-0.1415,0,0,0.33098,0,345.88,playing,0
85.7505,-0.1415,0,0,0.3262,0,357.08,playing,0
85.767,-0.0512,0,0,0.3262,0,368.28,playing,0
85.7832,-0.0512,0,0,0.3262,0,379.48,playing,0
85.8,-0.0512,0,0,0.3262,0,391.38,dead,0
85.8164,-0.5305,0,0,0.29549,0,402.58,dead,0
85.8325,-0.5305,0,0,0.29549,0,414.48,dead,0
85.8495,-0.5305,0,0,0.29549,0,425.68,dead,0
85.8657,0.8363,0,0,0.31014,0,437.58,dead,0
85.8823,0.8363,0,0,0.31014,0,448.78,dead,0
85.8979,-7.8101,0,0,0.31014,0,459.98,dead,0
85.9135,-7.8101,0,0,0.28692,0,471.18,dead,0
85.93,-7.8101,0,0,0.28692,0,482.38,dead,0
85.946,0.9878,0,0,0.28692,0,493.58,dead,0
85.9623,0.9878,0,0,,0,496.0,dead,0
85.9794,0.9878,0,0,,0,496.0,dead,0
85.996,8.4952,0,0,,0,496.0,dead,0
86.0121,8.4952,0,0,0.22374,0,496.0,dead,0
86.0282,8.4952,0,0,0.22374,0,496.0,dead,0
86.0443,7.9889,0,0,0.22374,0,496.0,dead,0
86.0614,7.9889,0,0,0.221,0,496.0,dead,0
86.0782,4.0713,0,0,0.221,0,496.0,dead,0
86.0943,4.0713,0,0,0.221,0,496.0,dead,0
86.1106,4.0713,0,0,0.21366,0,496.0,dead,0
86.1268,3.5262,0,0,0.21366,0,496.0,dead,0
86.143,3.5262,0,0,0.21366,0,496.0,dead,0
86.1586,3.5262,0,0,0.21366,0,496.0,dead,0
86.1747,5.6345,0,0,0.19789,0,496.0,dead,0
86.1908,5.6345,0,0,0.19789,0,496.0,dead,0
86.2064,5.6345,0,0,0.19789,0,496.0,dead,0
86.2231,6.1176,0,0,0.28139,1,496.0,dead,0
86.239,6.1176,0,0,0.28139,0,496.0,dead,0
86.2551,4.8042,0,0,0.28139,0,496.0,dead,0
86.2733,5.201,0,0,0.28139,0,496.0,dead,0
86.2906,5.201,0,0,0.26545,0,496.0,dead,0
86.3065,4.2209,0,0,0.26545,0,496.0,dead,0
86.3235,4.2209,0,0,0.26545,0,496.0,dead,0
86.3406,4.2209,0,0,0.26545,0,496.0,dead,0
86.3569,1.3187,0,0,0.26872,0,496.0,dead,0
86.3735,1.3187,0,0,0.26872,0,496.0,dead,0
86.3902,1.3187,0,0,0.26872,0,496.0,dead,0
86.4053,-0.4247,0,0,0.26872,0,496.0,dead,0
86.4221,-0.4247,0,0,0.3112,0,496.0,dead,0
86.4391,-0.4247,0,0,0.3112,0,496.0,dead,0
86.4542,-4.9438,0,0,0.3112,0,496.0,dead,0
86.47,-4.9438,0,0,0.3112,0,496.0,dead,0
86.4864,-5.5501,0,0,0.3053,0,496.0,dead,0
86.503,-5.5501,0,0,0.3053,0,496.0,dead,0
86.5185,-5.5501,0,0,0.3053,0,496.0,dead,0
86.5347,-5.3384,0,0,0.3053,0,496.0,dead,0
86.5505,-5.3384,0,0,0.27619,0,496.0,dead,0
86.5673,-5.3384,0,0,0.27619,0,496.0,dead,0
86.5839,-5.1371,0,0,0.27619,0,496.0,dead,0
86.6004,-5.1371,0,0,0.27619,0,496.0,dead,0
86.617,-5.0412,0,0,0.33593,0,496.0,dead,0
86.6341,-5.0412,0,0,0.33593,0,496.0,dead,0
86.6502,-5.0412,0,0,0.33593,0,496.0,dead,0
86.6669,-6.2752,0,0,0.33593,0,496.0,dead,0
86.6831,-6.2752,0,0,0.34527,0,496.0,dead,0
86.6986,-6.2752,0,0,0.34527,0,496.0,dead,0
86.7153,-3.5909,0,0,0.34527,0,496.0,dead,0
86.7316,-3.5909,0,0,0.34527,0,496.0,dead,0
86.7481,-3.5909,0,0,0.33449,0,496.0,dead,0
86.7636,-3.5909,0,0,0.33449,0,496.0,dead,0
86.78,-3.5909,0,0,0.33449,0,496.0,dead,0
86.7966,-0.89,0,0,0.33449,0,496.0,dead,0
86.8123,0.4964,0,0,0.2849,0,496.0,dead,0
86.8295,0.4964,0,0,0.2849,0,496.0,dead,0
86.8465,-0.1392,0,0,0.2849,0,496.0,dead,0
86.8628,-0.1392,0,0,0.33844,0,496.0,dead,0
86.8805,-0.1392,0,0,0.33844,0,496.0,dead,0
86.8976,-0.8077,0,0,0.33844,0,496.0,dead,0
86.9145,-0.8077,0,0,0.36385,0,496.0,dead,0
86.931,-1.2836,0,0,0.36385,0,496.0,dead,0
86.9481,-1.6881,0,0,0.36385,0,496.0,dead,0
86.9642,-1.6881,0,0,0.36385,0,496.0,dead,0
86.9864,-1.6881,0,0,0.33115,0,496.0,dead,0
87.0032,-1.6881,0,0,0.33115,0,496.0,dead,0
87.019,-1.6881,0,0,0.33115,0,496.0,dead,0
87.0354,-1.7719,0,0,0.33115,0,496.0,dead,0
87.052,-1.7719,0,0,0.33177,0,496.0,dead,0
87.0683,-1.2275,0,0,0.33177,0,496.0,dead,0
87.0851,-1.2275,0,0,0.33177,0,496.0,dead,0
87.1007,-1.2275,0,0,0.33177,0,496.0,dead,0
87.1186,-0.5309,0,0,0.26229,0,496.0,dead,0
87.1357,-0.5309,0,0,0.26229,0,496.0,dead,0
87.1524,-0.5309,0,0,0.26229,0,496.0,dead,0
87.1715,1.1271,0,0,0.26229,0,496.0,dead,0
87.1882,1.1271,0,0,0.30371,0,496.0,dead,0
87.2059,1.1271,0,0,0.30371,0,496.0,dead,0
87.2225,1.4758,0,0,0.30371,0,496.0,dead,0
87.2388,1.4758,0,0,0.30371,0,496.0,dead,0
87.255,-1.0368,0,0,0.31827,0,496.0,dead,0
87.2711,-1.0368,0,0,0.31827,0,496.0,dead,0
87.2872,-1.0368,0,0,0.31827,0,496.0,dead,0
87.3043,-1.7673,0,0,0.31827,0,496.0,dead,0
87.3213,-1.7673,0,0,0.29662,0,496.0,dead,0
87.338,5.848,0,0,0.29662,0,496.0,dead,0
87.3534,5.848,0,0,0.29662,0,496.0,dead,0
87.3701,5.848,0,0,0.29662,0,496.0,dead,0
87.3862,11.1531,0,0,0.27976,0,496.0,dead,0
87.4024,11.1531,0,0,0.27976,0,496.0,dead,0
87.4197,11.1531,0,0,0.27976,0,496.0,dead,0
87.4366,13.0399,1,0,0.27976,0,496.0,dead,0
87.4532,13.0399,0,0,0.34128,0,285.0,playing,0
87.4697,13.0399,0,0,0.34128,0,278.69,playing,0
87.4859,11.3841,0,0,0.34128,0,273.03,playing,0
87.5015,11.3841,0,0,0.27459,0,267.65,playing,0
87.518,7.9082,0,0,0.27459,0,262.56,playing,0
87.5341,7.9082,0,0,0.27459,0,257.74,playing,0
87.5524,7.9082,0,0,0.27459,0,253.21,playing,0
87.5689,4.4991,0,0,0.30011,0,248.22,playing,0
87.5851,4.4991,0,0,0.30011,0,244.31,playing,0
87.6013,4.4991,0,0,0.30011,0,240.67,playing,0
87.6184,2.0626,0,0,0.23906,0,237.13,playing,0
87.6352,2.0626,0,0,0.23906,0,233.9,playing,0
87.6518,1.2645,0,0,0.23906,0,230.99,playing,0
87.6685,1.2645,0,0,0.26605,0,228.53,playing,0
87.6849,1.2645,0,0,0.26605,0,226.24,playing,0
87.7016,-2.4677,0,0,0.26605,0,224.37,playing,0
87.718,-2.4677,0,0,0.26605,0,222.69,playing,0
87.7346,-2.4677,0,0,0.28753,0,221.4,playing,0
87.7506,-2.4677,0,0,0.28753,0,220.34,playing,0
87.7673,-2.4677,0,0,0.28753,0,219.63,playing,0
87.7846,-2.4677,0,0,0.29874,0,219.19,playing,0
87.8007,-7.2305,0,0,0.29874,0,219.07,playing,0
87.8165,-7.2305,0,0,0.29874,0,219.23,playing,0
87.8325,-10.9235,0,0,0.29874,0,219.68,playing,0
87.8488,-11.2667,0,0,0.29874,0,220.41,playing,0
87.867,-11.2667,0,0,0.33371,0,221.42,playing,0
87.8872,-9.4786,0,0,0.33371,0,222.91,playing,0
87.9044,-9.4786,0,0,0.33371,0,225.14,playing,0
87.9216,-8.4687,0,0,0.33371,0,227.26,playing,0
87.9394,-6.7519,0,0,0.33371,0,229.87,playing,0
87.959,-6.7519,0,0,0.30766,0,232.64,playing,0
87.9779,-6.7519,0,0,0.30766,0,236.14,playing,0
87.995,-6.7519,0,0,0.30766,0,240.04,playing,0
88.0114,-3.9488,0,0,0.30766,0,243.84,playing,0
88.0286,-1.7851,0,0,0.30766,0,247.97,playing,0
88.0455,-1.7851,0,0,0.29712,0,252.41,playing,0
88.0624,-0.0313,0,0,0.29712,0,257.17,playing,0
88.0797,-0.0313,0,0,0.29712,0,262.24,playing,0
88.096,-0.0313,0,0,0.27827,0,267.64,playing,0
88.1121,3.4216,0,0,0.27827,0,272.99,playing,0
88.1275,3.4216,0,0,0.27827,0,278.63,playing,0
88.1442,3.4216,0,0,0.27827,0,284.56,playing,0
88.1613,6.4672,0,0,0.27417,0,291.17,playing,0
88.1781,6.4672,0,0,0.27417,0,298.09,playing,0
88.1944,8.204,0,0,0.27417,0,304.89,playing,0
88.2111,8.204,0,0,0.27417,0,312.44,playing,0
88.2269,8.204,0,0,0.28261,0,319.82,playing,0
88.2429,8.204,0,0,0.28261,0,327.49,playing,0
88.2593,8.204,0,0,0.28261,0,335.43,playing,0
88.2761,8.204,0,0,0.28261,0,344.19,playing,0
88.2932,7.6627,0,0,0.26894,0,353.27,playing,0
88.3113,7.6627,0,0,0.26894,0,362.09,playing,0
88.3281,9.5133,0,0,0.26894,0,372.97,playing,0
88.3441,8.2771,0,0,0.26894,0,382.41,playing,0
88.3601,8.2771,0,0,0.27344,0,392.14,playing,0
88.376,0.8764,0,0,0.27344,0,402.14,playing,0
88.3922,0.8764,0,0,0.27344,0,412.43,playing,0
88.4091,0.8764,0,0,0.27344,0,423.68,playing,0
88.4264,-1.0956,0,0,0.29186,0,435.24,playing,0
88.4436,-1.0956,0,0,0.29186,0,447.12,playing,0
88.4597,-1.0956,0,0,0.29186,0,459.02,playing,0
88.4764,-2.3086,0,0,0.27194,0,470.22,playing,0
88.4927,-2.3086,0,0,0.27194,0,482.12,playing,0
88.509,-3.087,0,0,0.27194,0,493.32,playing,0
88.5251,-3.087,0,0,0.27194,0,504.52,dead,0
88.5417,-3.087,0,0,0.32952,0,496.0,dead,0
88.5588,-3.1995,0,0,0.32952,0,496.0,dead,0
88.5746,-3.1995,0,0,0.32952,0,496.0,dead,0
88.5907,-3.1995,0,0,0.32952,0,496.0,dead,0
88.6066,-1.4984,0,0,0.30661,0,496.0,dead,0
88.6237,-1.4984,0,0,0.30661,0,496.0,dead,0
88.6399,-1.4984,0,0,0.30661,0,496.0,dead,0
88.657,-1.9904,0,0,0.30661,0,496.0,dead,0
88.6741,-1.9904,0,0,0.29255,0,496.0,dead,0
88.6914,-2.4857,0,0,0.29255,0,496.0,dead,0
88.709,-2.4857,0,0,0.29255,0,496.0,dead,0
88.7252,-2.4857,0,0,0.29255,0,496.0,dead,0
88.7417,-2.1282,0,0,0.30371,0,496.0,dead,0
88.7578,-2.1282,0,0,0.30371,0,496.0,dead,0
88.774,-2.1282,0,0,0.30371,0,496.0,dead,0
88.7916,-1.705,0,0,0.26801,0,496.0,dead,0
88.8082,-1.705,0,0,0.26801,0,496.0,dead,0
88.8255,-1.1435,0,0,0.26801,0,496.0,dead,0
88.8419,-1.1435,0,0,0.26801,0,496.0,dead,0
88.8582,-1.1435,0,0,0.26801,0,496.0,dead,0
88.8737,-1.3974,0,0,0.26801,0,496.0,dead,0
88.8901,-1.3974,0,0,0.26801,0,496.0,dead,0
88.9075,-1.3974,0,0,0.26801,0,496.0,dead,0
88.9238,-2.7473,0,0,0.30204,0,496.0,dead,0
88.9401,-2.7473,0,0,0.30204,0,496.0,dead,0
88.9567,-1.4297,0,0,0.30204,0,496.0,dead,0
88.9734,-1.5352,0,0,0.30204,0,496.0,dead,0
88.9916,-1.5352,0,0,0.30661,0,496.0,dead,0
89.0076,-0.6672,0,0,0.30661,0,496.0,dead,0
89.0237,-0.6672,0,0,0.30661,0,496.0,dead,0
89.0405,-0.6672,0,0,0.30661,0,496.0,dead,0
89.06,-0.0677,0,0,0.28906,0,496.0,dead,0
89.078,-0.0677,0,0,0.28906,0,496.0,dead,0
89.0947,-0.0677,0,0,0.28906,0,496.0,dead,0
89.1105,-0.0677,0,0,0.28906,0,496.0,dead,0
89.1271,-0.0677,0,0,0.30952,0,496.0,dead,0
89.1426,-0.037,0,0,0.30952,0,496.0,dead,0
89.1591,0.0898,0,0,0.30952,0,496.0,dead,0
89.1759,0.0898,0,0,0.30952,0,496.0,dead,0
89.1921,0.6277,0,0,0.26902,0,496.0,dead,0
89.2082,0.6277,0,0,0.26902,0,496.0,dead,0
89.2254,0.6277,0,0,0.26902,0,496.0,dead,0
89.2415,0.6277,0,0,0.26902,0,496.0,dead,0
89.2581,0.6277,0,0,0.29058,0,496.0,dead,0
89.2736,1.3595,0,0,0.29058,0,496.0,dead,0
89.29,0.8223,0,0,0.29058,0,496.0,dead,0
89.3063,0.8223,0,0,0.29058,0,496.0,dead,0
89.3241,0.2372,0,0,0.31589,0,496.0,dead,0
89.3415,0.2372,0,0,0.31589,0,496.0,dead,0
89.3576,0.2372,0,0,0.31589,0,496.0,dead,0
89.3742,0.2372,0,0,0.31589,0,496.0,dead,0
89.3903,0.2372,0,0,0.31418,0,496.0,dead,0
89.4066,0.5435,0,0,0.31418,0,496.0,dead,0
89.4227,-0.9289,0,0,0.31418,0,496.0,dead,0
89.439,-0.9289,0,0,0.29904,0,496.0,dead,0
89.4546,-1.4446,0,0,0.29904,0,496.0,dead,0
89.4708,-1.4446,0,0,0.29904,0,496.0,dead,0
89.4867,-1.4446,0,0,0.29904,0,496.0,dead,0
89.5033,-1.1238,0,0,0.29655,0,496.0,dead,0
89.5198,-1.1238,0,0,0.29655,0,496.0,dead,0
89.5363,-1.1238,0,0,0.29655,0,496.0,dead,0
89.5529,-1.0953,0,0,0.29655,0,496.0,dead,0
89.5691,-1.0953,0,0,0.28024,0,496.0,dead,0
89.5847,-1.0953,0,0,0.28024,0,496.0,dead,0
89.6009,-0.6943,0,0,0.28024,0,496.0,dead,0
89.617,-0.6943,0,0,0.28024,0,496.0,dead,0
89.6331,0.0485,0,0,0.33147,0,496.0,dead,0
89.6505,0.0485,0,0,0.33147,0,496.0,dead,0
89.6669,0.0485,0,0,0.33147,0,496.0,dead,0
89.6833,0.0581,0,0,0.2935,0,496.0,dead,0
89.7002,0.0581,0,0,0.2935,0,496.0,dead,0
89.716,0.0581,0,0,0.2935,0,496.0,dead,0
89.7319,0.5064,0,0,0.2935,0,496.0,dead,0
89.7476,0.5064,0,0,0.2997,0,496.0,dead,0
89.7647,0.5064,0,0,0.2997,0,496.0,dead,0
89.7824,0.7017,0,0,0.2997,0,496.0,dead,0
89.8011,0.7017,0,0,0.2997,0,496.0,dead,0
89.8173,0.559,0,0,0.2997,0,496.0,dead,0
89.8336,0.559,0,0,0.25101,0,496.0,dead,0
89.8507,0.559,0,0,0.25101,0,496.0,dead,0
89.8678,1.1324,0,0,0.25101,0,496.0,dead,0
89.8835,1.1324,0,0,0.25101,0,496.0,dead,0
89.8999,1.1324,0,0,0.25101,0,496.0,dead,0
89.9167,1.0671,0,0,0.25101,0,496.0,dead,0
89.9329,1.0671,0,0,0.25101,0,496.0,dead,0
89.9486,-0.5809,0,0,0.25101,0,496.0,dead,0
89.9652,-0.5809,0,0,0.29472,0,496.0,dead,0
89.9841,-0.5809,0,0,0.29472,0,496.0,dead,0
90.0008,-0.8581,0,0,0.29472,0,496.0,dead,0
90.0209,-0.8581,0,0,0.29472,0,496.0,dead,0
90.0377,-0.4112,0,0,0.29472,0,496.0,dead,0
90.0554,-0.4112,0,0,0.30776,0,496.0,dead,0
90.0722,-0.4112,0,0,0.30776,0,496.0,dead,0
90.0882,0.2639,0,0,0.30776,0,496.0,dead,0
90.1051,0.2639,0,0,0.30776,0,496.0,dead,0
90.1206,0.2639,0,0,0.29441,0,496.0,dead,0
90.1372,-0.2833,0,0,0.29441,0,496.0,dead,0
90.1545,-0.2833,0,0,0.29441,0,496.0,dead,0
90.1716,-0.2833,0,0,0.29441,0,496.0,dead,0
90.1873,0.4494,0,0,0.28543,0,496.0,dead,0
90.2049,0.4494,0,0,0.28543,0,496.0,dead,0
90.2299,0.2962,0,0,0.28543,0,496.0,dead,0
90.2455,0.2962,0,0,0.28543,0,496.0,dead,0
90.2625,-0.304,0,0,0.28543,0,496.0,dead,0
90.28,-0.304,0,0,0.28543,0,496.0,dead,0
90.296,-0.304,0,0,0.28543,0,496.0,dead,0
90.3119,-0.4937,0,0,0.28543,0,496.0,dead,0
90.328,-0.4937,0,0,0.28543,0,496.0,dead,0
90.3436,-0.4937,0,0,0.29369,0,496.0,dead,0
90.3597,-0.3653,0,0,0.29369,0,496.0,dead,0
90.3764,-0.3653,0,0,0.29369,0,496.0,dead,0
90.3951,-0.3653,0,0,0.29369,0,496.0,dead,0
90.4106,0.1214,0,0,0.23871,0,496.0,dead,0
90.4265,0.1214,0,0,0.23871,0,496.0,dead,0
90.4431,-0.3221,0,0,0.23871,0,496.0,dead,0
90.4593,-0.3221,0,0,0.23871,0,496.0,dead,0
90.4756,-0.3221,0,0,0.29766,0,496.0,dead,0
90.4919,-1.5351,0,0,0.29766,0,496.0,dead,0
90.5086,-1.5351,0,0,0.29766,0,496.0,dead,0
90.5245,-1.5351,0,0,0.29766,0,496.0,dead,0
90.5407,-1.6557,0,0,0.27387,0,496.0,dead,0
90.5567,-1.6557,0,0,0.27387,0,496.0,dead,0
90.5728,-1.6557,0,0,0.27387,0,496.0,dead,0
90.5898,-0.9525,0,0,0.27387,0,496.0,dead,0
90.6062,-0.9525,0,0,0.27387,0,496.0,dead,0
90.6223,-1.0859,0,0,0.27736,0,496.0,dead,0
90.6388,-0.3137,0,0,0.27736,0,496.0,dead,0
90.6551,-0.3137,0,0,0.27736,0,496.0,dead,0
90.671,-0.3137,0,0,0.27736,0,496.0,dead,0
90.6871,-0.3137,0,0,0.27772,0,496.0,dead,0
90.7035,-0.3137,0,0,0.27772,0,496.0,dead,0
90.7205,1.1558,0,0,0.27772,0,496.0,dead,0
90.7376,1.1558,0,0,0.27772,0,496.0,dead,0
90.7541,1.1558,0,0,0.26953,0,496.0,dead,0
90.7704,1.1453,0,0,0.26953,0,496.0,dead,0
90.7856,1.1453,0,0,0.26953,0,496.0,dead,0
90.8024,1.1453,0,0,0.28704,0,496.0,dead,0
90.8196,0.4657,0,0,0.28704,0,496.0,dead,0
90.8366,0.4657,0,0,0.28704,0,496.0,dead,0
90.8532,0.1573,0,0,0.28704,0,496.0,dead,0
90.8703,0.1573,0,0,0.30746,0,496.0,dead,0
90.886,0.1573,0,0,0.30746,0,496.0,dead,0
90.9021,-0.2008,0,0,0.30746,0,496.0,dead,0
90.9204,-0.2008,0,0,0.30746,0,496.0,dead,0
90.9375,-0.4168,0,0,0.30368,0,496.0,dead,0
90.9546,-0.4168,0,0,0.30368,0,496.0,dead,0
90.9709,-0.4168,0,0,0.30368,0,496.0,dead,0
90.9871,-1.3796,0,0,0.32637,0,496.0,dead,0
91.0036,-1.3796,0,0,0.32637,0,496.0,dead,0
91.0199,-1.3796,0,0,0.32637,0,496.0,dead,0
91.0365,-2.162,0,0,0.32386,0,496.0,dead,0
91.0534,-2.162,0,0,0.32386,0,496.0,dead,0
91.0697,-2.162,0,0,0.32386,0,496.0,dead,0
91.0856,-1.1548,0,0,0.32386,0,496.0,dead,0
91.102,-1.1548,0,0,0.33139,0,496.0,dead,0
91.1183,-0.5092,0,0,0.33139,0,496.0,dead,0
91.1349,-0.5092,0,0,0.33139,0,496.0,dead,0
91.1505,-0.5092,0,0,0.33139,0,496.0,dead,0
91.1686,-0.1257,0,0,0.33139,0,496.0,dead,0
91.1857,-0.1257,0,0,0.31811,0,496.0,dead,0
91.2029,-0.1257,0,0,0.31811,0,496.0,dead,0
91.2183,-0.7797,0,0,0.31811,0,496.0,dead,0
91.2351,-0.7797,0,0,0.32805,0,496.0,dead,0
91.2513,-0.4896,0,0,0.32805,0,496.0,dead,0
91.268,-0.4896,0,0,0.32805,0,496.0,dead,0
91.2843,-0.4896,0,0,0.32805,0,496.0,dead,0
91.3007,0.5583,0,0,0.28604,0,496.0,dead,0
91.3174,0.5583,0,0,0.28604,0,496.0,dead,0
91.3341,0.5583,0,0,0.28604,0,496.0,dead,0
91.3498,0.7864,0,0,0.28604,0,496.0,dead,0
91.3663,0.7864,0,0,0.29908,0,496.0,dead,0
91.383,0.7864,0,0,0.29908,0,496.0,dead,0
91.3987,1.4389,0,0,0.29908,0,496.0,dead,0
91.415,1.4389,0,0,0.29908,0,496.0,dead,0
91.4321,1.1497,0,0,0.30289,0,496.0,dead,0
91.4485,1.1497,0,0,0.30289,0,496.0,dead,0
91.4646,1.1497,0,0,0.30289,0,496.0,dead,0
91.4811,-0.0429,0,0,0.30289,0,496.0,dead,0
91.4975,-0.0429,0,0,0.31025,0,496.0,dead,0
91.5142,-0.0429,0,0,0.31025,0,496.0,dead,0
91.5314,-1.3614,0,0,0.31025,0,496.0,dead,0
91.5473,-1.3614,0,0,0.31025,0,496.0,dead,0
91.5644,-1.3614,0,0,0.31025,0,496.0,dead,0
91.5833,-1.8715,0,0,0.30141,0,496.0,dead,0
91.6003,-1.8715,0,0,0.30141,0,496.0,dead,0
91.6174,-2.7932,0,0,0.30141,0,496.0,dead,0
91.6342,-3.6273,0,0,0.30141,0,496.0,dead,0
91.6507,-3.6273,0,0,0.30141,0,496.0,dead,0
91.6673,-4.6425,0,0,0.31403,0,496.0,dead,0
91.6845,-4.6425,0,0,0.31403,0,496.0,dead,0
91.7006,-4.6425,0,0,0.31403,0,496.0,dead,0
91.7166,-7.775,0,0,0.31403,0,496.0,dead,0
91.7337,-7.775,0,0,0.29619,0,496.0,dead,0
91.75,-9.8116,0,0,0.29619,0,496.0,dead,0
91.7658,-9.8116,0,0,0.29619,0,496.0,dead,0
91.7827,-9.8116,0,0,0.31526,0,496.0,dead,0
91.7989,-12.2387,1,0,0.31526,0,496.0,dead,0
91.8145,-12.2387,0,0,0.31526,0,285.0,playing,0
91.8308,-12.2387,0,0,0.31526,0,279.04,playing,0
91.8472,-12.2387,0,0,0.29412,0,273.36,playing,0
91.8629,-12.2387,0,0,0.29412,0,267.97,playing,0
91.8791,-12.2387,0,0,0.29412,0,262.86,playing,0
91.8952,-7.3642,0,0,0.29412,0,258.02,playing,0
91.9122,-7.3642,0,0,0.30177,0,253.21,playing,0
91.9284,2.4191,0,0,0.30177,0,248.96,playing,0
91.9451,1.1374,0,0,0.30177,0,244.76,playing,0
91.9611,1.1374,0,0,0.30177,0,241.09,playing,0
91.9771,0.5472,0,0,0.291,0,237.7,playing,0
91.9945,0.5472,0,0,0.291,0,234.42,playing,0
92.0105,0.5472,0,0,0.291,0,231.45,playing,0
92.027,0.5472,0,0,0.291,0,228.94,playing,0
92.0427,0.5472,0,0,0.29469,0,226.71,playing,0
92.0595,0.5472,0,0,0.29469,0,224.77,playing,0
92.0766,0.7757,0,0,0.29469,0,223.02,playing,0
92.0926,0.7757,0,0,0.29469,0,221.59,playing,0
92.109,8.0832,0,0,0.27309,0,220.52,playing,0
92.1265,9.0031,0,0,0.27309,0,219.71,playing,0
92.143,9.0031,0,0,0.27309,0,219.21,playing,0
92.1588,10.4317,0,0,0.27309,0,219.03,playing,0
92.175,10.4317,0,0,0.30837,0,219.12,playing,0
92.1911,10.4317,0,0,0.30837,0,219.5,playing,0
92.2071,8.808,0,0,0.30837,0,220.16,playing,0
92.2234,8.808,0,0,0.30837,0,221.1,playing,0
92.24,8.808,0,0,0.30837,0,222.42,playing,0
92.2556,4.2424,0,0,0.26934,0,223.94,playing,0
92.2722,4.2424,0,0,0.26934,0,225.74,playing,0
92.2883,0.0321,0,0,0.26934,0,227.98,playing,0
92.3071,0.0321,0,0,0.26934,0,230.36,playing,0
92.3244,0.0321,0,0,0.30334,0,233.59,playing,0
92.3414,7.5041,0,0,0.30334,0,236.79,playing,0
92.3582,7.5041,0,0,0.30334,0,240.32,playing,0
92.3744,7.5041,0,0,0.17222,0,244.16,playing,0
92.3906,14.9613,1,0,0.17222,0,248.06,playing,0
92.4068,14.9613,0,0,0.17222,0,242.1,playing,0
92.4237,11.7399,0,0,0.17222,0,236.42,playing,0
92.4414,11.7399,0,0,0.18033,0,230.39,playing,0
92.4581,11.7399,0,0,0.18033,0,225.02,playing,0
92.4754,9.1571,0,0,0.18033,0,219.96,playing,0
92.4916,9.1571,0,0,0.18653,0,215.22,playing,0
92.5077,9.1571,0,0,0.18653,0,211.03,playing,0
92.5244,3.0714,0,0,0.18653,0,207.14,playing,0
92.5412,3.0714,0,0,0.18653,0,203.31,playing,0
92.5578,3.0714,0,0,0.23327,1,199.99,playing,0
92.574,0.2951,0,0,0.23327,0,196.78,playing,0
92.5897,0.2951,0,0,0.23327,0,194.05,playing,0
92.6055,-1.8821,0,0,0.23327,0,191.59,playing,0
92.6216,-1.8821,0,0,0.26178,0,189.42,playing,0
92.6379,-1.8821,0,0,0.26178,0,187.52,playing,0
92.6544,-2.8008,0,0,0.26178,0,185.91,playing,0
92.6711,-2.8008,0,0,0.26178,0,184.52,playing,0
92.6868,-2.8008,0,0,0.24326,0,183.49,playing,0
92.703,-3.1555,0,0,0.24326,0,182.74,playing,0
92.7186,-3.1555,0,0,0.24326,0,182.27,playing,0
92.7357,-3.9439,0,0,0.24326,0,182.09,playing,0
92.752,-4.6992,0,0,0.25421,0,182.21,playing,0
92.7682,-4.6992,0,0,0.25421,0,182.6,playing,0
92.7844,-4.6992,0,0,0.25421,0,183.34,playing,0
92.8012,-4.6992,0,0,0.25421,0,184.32,playing,0
92.818,-4.6992,0,0,0.25421,0,185.57,playing,0
92.8363,-5.6198,0,0,0.27735,0,187.34,playing,0
92.8535,-5.6198,0,0,0.27735,0,189.47,playing,0
92.869,-5.6198,0,0,0.27735,0,191.65,playing,0
92.8851,-5.1994,0,0,0.26202,0,194.1,playing,0
92.9009,-5.1994,0,0,0.26202,0,196.84,playing,0
92.917,-4.4115,0,0,0.26202,0,199.85,playing,0
92.9331,-4.4115,0,0,0.26202,0,203.15,playing,0
92.9484,-4.4115,0,0,0.26872,0,206.73,playing,0
92.9655,-2.7506,0,0,0.26872,0,210.6,playing,0
92.9819,-2.7506,0,0,0.26872,0,215.02,playing,0
92.9982,-2.7506,0,0,0.26872,0,219.46,playing,0
93.0142,-2.7506,0,0,0.2735,0,224.19,playing,0
93.0316,-2.7506,0,0,0.2735,0,229.52,playing,0
93.0482,-2.7506,0,0,0.2735,0,235.18,playing,0
93.0638,-2.5826,0,0,0.2735,0,240.78,playing,0
93.0799,-2.5826,0,0,0.24592,0,246.67,playing,0
93.0965,-2.7843,0,0,0.24592,0,252.84,playing,0
93.1132,-2.7843,0,0,0.24592,0,259.71,playing,0
93.1292,-2.7843,0,0,0.30438,0,266.46,playing,0
93.1457,-2.7843,0,0,0.30438,0,273.95,playing,0
93.1623,-2.7843,0,0,0.30438,0,281.28,playing,0
93.1793,-2.7843,0,0,0.30438,0,289.38,playing,0
93.196,-0.8547,0,0,0.31687,0,297.81,playing,0
93.2116,-0.8547,0,0,0.31687,0,306.02,playing,0
93.2284,-0.8547,0,0,0.31687,0,314.51,playing,0
93.245,-0.347,0,0,0.33884,0,323.85,playing,0
93.2611,-0.347,0,0,0.33884,0,332.92,playing,0
93.2778,0.5448,0,0,0.33884,0,342.27,playing,0
93.294,0.5448,0,0,0.33884,0,352.53,playing,0
93.3102,0.5448,0,0,0.22018,0,362.46,playing,0
93.3274,0.4421,0,0,0.22018,0,373.34,playing,0
93.3442,0.4421,0,0,0.22018,0,384.53,playing,0
93.3611,0.4421,0,0,0.22018,0,396.04,playing,0
93.3797,0.6788,0,0,0.32106,0,407.15,playing,0
93.3964,0.6788,0,0,0.32106,0,420.45,playing,0
93.4134,1.1927,0,0,0.32106,0,432.35,playing,0
93.43,1.1927,0,0,0.32106,0,444.25,playing,0
93.4456,1.1927,0,0,0.35623,0,455.45,playing,0
93.4622,1.5612,0,0,0.35623,0,466.65,playing,0
93.4783,1.5612,0,0,0.35623,0,477.85,playing,0
93.4949,1.5612,0,0,0.35405,0,489.75,playing,0
93.5107,2.9845,0,0,0.35405,0,500.95,dead,0
93.5269,2.9845,0,0,0.35405,0,496.0,dead,0
93.5435,2.9845,0,0,0.35405,0,496.0,dead,0
93.5603,4.4531,0,0,0.2949,0,496.0,dead,0
93.5765,4.4531,0,0,0.2949,0,496.0,dead,0
93.5926,1.8716,0,0,0.2949,0,496.0,dead,0
93.6095,1.8716,0,0,0.28775,0,496.0,dead,0
93.6257,1.8716,0,0,0.28775,0,496.0,dead,0
93.6422,1.0032,0,0,0.28775,0,496.0,dead,0
93.6593,1.0032,0,0,0.30021,0,496.0,dead,0
93.676,1.0032,0,0,0.30021,0,496.0,dead,0
93.6915,-0.0472,0,0,0.32031,0,496.0,dead,0
93.7086,-0.0472,0,0,0.32031,0,496.0,dead,0
93.7251,-0.8077,0,0,0.32031,0,496.0,dead,0
93.7412,-0.8077,0,0,0.32031,0,496.0,dead,0
93.7584,-0.8077,0,0,0.27798,0,496.0,dead,0
93.7753,-1.9775,0,0,0.27798,0,496.0,dead,0
93.7915,-1.9775,0,0,0.27798,0,496.0,dead,0
93.8079,-1.9775,0,0,0.30348,0,496.0,dead,0
93.8239,-2.5262,0,0,0.30348,0,496.0,dead,0
93.8402,-2.5262,0,0,0.30348,0,496.0,dead,0
93.856,-2.5262,0,0,0.33628,0,496.0,dead,0
93.8718,-2.2367,0,0,0.33628,0,496.0,dead,0
93.8875,-2.2367,0,0,0.33628,0,496.0,dead,0
93.9035,-2.2367,0,0,0.33628,0,496.0,dead,0
93.9204,-1.461,0,0,0.33688,0,496.0,dead,0
93.9371,-1.461,0,0,0.33688,0,496.0,dead,0
93.9528,-1.5277,0,0,0.33688,0,496.0,dead,0
93.9694,-1.5277,0,0,0.33688,0,496.0,dead,0
93.9861,-1.5277,0,0,0.33688,0,496.0,dead,0
94.0016,-0.3459,0,0,0.31581,0,496.0,dead,0
94.0183,-0.3459,0,0,0.31581,0,496.0,dead,0
94.035,-0.3459,0,0,0.31581,0,496.0,dead,0
94.052,-0.3459,0,0,0.31581,0,496.0,dead,0
94.0681,-0.3459,0,0,0.3156,0,496.0,dead,0
94.0845,-0.0479,0,0,0.3156,0,496.0,dead,0
94.1008,0.4173,0,0,0.3156,0,496.0,dead,0
94.1171,0.4173,0,0,0.3156,0,496.0,dead,0
94.1332,1.1233,0,0,0.33154,0,496.0,dead,0
94.1494,1.1233,0,0,0.33154,0,496.0,dead,0
94.1656,1.1233,0,0,0.33154,0,496.0,dead,0
94.1823,-0.7084,0,0,0.33154,0,496.0,dead,0
94.1994,-0.7084,0,0,0.31052,0,496.0,dead,0
94.2159,-0.7084,0,0,0.31052,0,496.0,dead,0
94.2324,-0.5434,0,0,0.31052,0,496.0,dead,0
94.249,-0.5434,0,0,0.31052,0,496.0,dead,0
94.2651,-0.3518,0,0,0.32542,0,496.0,dead,0
94.2814,-0.3518,0,0,0.32542,0,496.0,dead,0
94.2985,-0.3518,0,0,0.32542,0,496.0,dead,0
94.3154,-0.2905,0,0,0.32542,0,496.0,dead,0
94.332,-0.2905,0,0,0.32924,0,496.0,dead,0
94.3487,-0.2905,0,0,0.32924,0,496.0,dead,0
94.3649,0.2959,0,0,0.32924,0,496.0,dead,0
94.3813,0.2959,0,0,0.32924,0,496.0,dead,0
94.3975,0.2959,0,0,0.31753,0,496.0,dead,0
94.4146,1.0109,0,0,0.31753,0,496.0,dead,0
94.4312,1.0109,0,0,0.31753,0,496.0,dead,0
94.4483,0.2287,0,0,0.31753,0,496.0,dead,0
94.465,0.2287,0,0,0.33303,0,496.0,dead,0
94.4805,0.2287,0,0,0.33303,0,496.0,dead,0
94.4971,0.8219,0,0,0.33303,0,496.0,dead,0
94.5128,0.8219,0,0,0.33303,0,496.0,dead,0
94.5295,0.8219,0,0,0.33303,0,496.0,dead,0
94.5467,1.0128,0,0,0.33303,0,496.0,dead,0
94.5628,1.0128,0,0,0.33303,0,496.0,dead,0
94.5799,0.9997,0,0,0.33303,0,496.0,dead,0
94.596,0.9997,0,0,0.3261,0,496.0,dead,0
94.6126,0.9997,0,0,0.3261,0,496.0,dead,0
94.629,1.3324,0,0,0.3261,0,496.0,dead,0
94.645,1.3324,0,0,0.3261,0,496.0,dead,0
94.6612,1.3324,0,0,0.33619,0,496.0,dead,0
94.6795,1.0225,0,0,0.33619,0,496.0,dead,0
94.6969,1.0225,0,0,0.33619,0,496.0,dead,0
94.7159,1.0225,0,0,0.33619,0,496.0,dead,0
94.7325,0.4259,0,0,0.33619,0,496.0,dead,0
94.7548,0.4259,0,0,0.33619,0,496.0,dead,0
94.7716,-0.1415,0,0,0.30107,0,496.0,dead,0
94.7897,-0.1415,0,0,0.30107,0,496.0,dead,0
94.8078,-1.3856,0,0,0.30107,0,496.0,dead,0
94.8251,-1.3856,0,0,0.30107,0,496.0,dead,0
94.8431,-1.3856,0,0,0.30107,0,496.0,dead,0
94.8659,-0.5942,0,0,0.30415,0,496.0,dead,0
94.8832,-0.5942,0,0,0.30415,0,496.0,dead,0
94.9005,-0.5942,0,0,0.30415,0,496.0,dead,0
94.9173,-0.5942,0,0,0.30415,0,496.0,dead,0
94.9334,-0.5942,0,0,0.30415,0,496.0,dead,0
94.9545,-0.4063,0,0,0.31865,0,496.0,dead,0
94.9742,-0.4063,0,0,0.31865,0,496.0,dead,0
94.9911,0.1901,0,0,0.31865,0,496.0,dead,0
95.0084,0.1901,0,0,0.31865,0,496.0,dead,0
95.0247,0.1901,0,0,0.31865,0,496.0,dead,0
95.0466,0.2896,0,0,0.29943,0,496.0,dead,0
95.0643,0.2896,0,0,0.29943,0,496.0,dead,0
95.0814,0.8677,0,0,0.29943,0,496.0,dead,0
95.0981,0.8677,0,0,0.29943,0,496.0,dead,0
95.1141,0.8677,0,0,0.29943,0,496.0,dead,0
95.1327,0.5137,0,0,0.34025,0,496.0,dead,0
95.1483,0.5137,0,0,0.34025,0,496.0,dead,0
95.1676,0.3365,0,0,0.34025,0,496.0,dead,0
95.1849,0.3365,0,0,0.34025,0,496.0,dead,0
95.2011,0.3365,0,0,0.34025,0,496.0,dead,0
95.2232,0.6377,0,0,0.34025,0,496.0,dead,0
95.2403,0.6377,0,0,0.34705,0,496.0,dead,0
95.2565,0.2678,0,0,0.34705,0,496.0,dead,0
95.2725,0.2678,0,0,0.34705,0,496.0,dead,0
95.2891,0.2678,0,0,0.34705,0,496.0,dead,0
95.305,-0.0443,0,0,0.31737,0,496.0,dead,0
95.321,-0.1384,0,0,0.31737,0,496.0,dead,0
95.3371,-0.1384,0,0,0.31737,0,496.0,dead,0
95.3532,0.1554,0,0,0.31737,0,496.0,dead,0
95.3684,0.1554,0,0,0.31737,0,496.0,dead,0
95.3892,0.1554,0,0,0.31028,0,496.0,dead,0
95.4055,0.0324,0,0,0.31028,0,496.0,dead,0
95.4221,0.0324,0,0,0.31028,0,496.0,dead,0
95.4377,-0.3982,0,0,0.31028,0,496.0,dead,0
95.4536,-0.3982,0,0,0.31028,0,496.0,dead,0
95.4702,-0.3982,0,0,0.31028,0,496.0,dead,0
95.4879,-1.1128,0,0,0.31871,0,496.0,dead,0
95.5034,-1.1128,0,0,0.31871,0,496.0,dead,0
95.5203,-1.698,0,0,0.31871,0,496.0,dead,0
95.5366,-1.4389,0,0,0.31871,0,496.0,dead,0
95.5529,-1.4389,0,0,0.31871,0,496.0,dead,0
95.5751,-1.0637,0,0,0.32577,0,496.0,dead,0
95.6005,-1.0637,0,0,0.32577,0,496.0,dead,0
95.619,-1.0893,0,0,0.32577,0,496.0,dead,0
95.6368,-0.5222,0,0,0.32577,0,496.0,dead,0
95.6656,-0.5222,0,0,0.32577,0,496.0,dead,0
95.6904,-0.2632,0,0,0.32539,0,496.0,dead,0
95.7151,0.5536,0,0,0.32539,0,496.0,dead,0
95.7307,0.5536,0,0,0.32539,0,496.0,dead,0
95.7492,0.5536,0,0,0.32539,0,496.0,dead,0
95.7669,1.1205,0,0,0.32539,0,496.0,dead,0
95.7893,1.1205,0,0,0.28589,0,496.0,dead,0
95.8101,1.2556,0,0,0.28589,0,496.0,dead,0
95.8289,1.2556,0,0,0.28589,0,496.0,dead,0
95.8458,1.8659,0,0,0.28589,0,496.0,dead,0
95.8667,1.8659,0,0,0.28589,0,496.0,dead,0
95.8851,1.8659,0,0,0.31993,0,496.0,dead,0
95.911,1.7404,0,0,0.31993,0,496.0,dead,0
95.9324,1.5816,0,0,0.31993,0,496.0,dead,0
95.9506,1.0826,0,0,0.31993,0,496.0,dead,0
95.9671,1.0826,0,0,0.31993,0,496.0,dead,0
95.9832,1.0826,0,0,0.28374,0,496.0,dead,0
96.0001,1.0826,0,0,0.28374,0,496.0,dead,0
96.017,1.0826,0,0,0.28374,0,496.0,dead,0
96.0342,0.6931,0,0,0.28374,0,496.0,dead,0
96.0515,0.6931,0,0,0.28374,0,496.0,dead,0
96.0734,-0.1729,0,0,0.29542,0,496.0,dead,0
96.0896,-0.1729,0,0,0.29542,0,496.0,dead,0
96.1063,-0.1729,0,0,0.29542,0,496.0,dead,0
96.1231,-0.1729,0,0,0.29542,0,496.0,dead,0
96.1393,-0.1729,0,0,0.29542,0,496.0,dead,0
96.1575,0.146,0,0,0.29542,0,496.0,dead,0
96.1743,-0.1778,0,0,0.28877,0,496.0,dead,0
96.1906,-0.1778,0,0,0.28877,0,496.0,dead,0
96.2079,-0.1503,0,0,0.28877,0,496.0,dead,0
96.2235,-0.1503,0,0,0.28877,0,496.0,dead,0
96.2406,-0.1503,0,0,0.31166,0,496.0,dead,0
96.2574,-1.576,0,0,0.31166,0,496.0,dead,0
96.2741,-1.576,0,0,0.31166,0,496.0,dead,0
96.2901,-1.576,0,0,0.31166,0,496.0,dead,0
96.3063,-1.6077,0,0,0.31166,0,496.0,dead,0
96.3234,-1.6077,0,0,0.32856,0,496.0,dead,0
96.3402,-1.5582,0,0,0.32856,0,496.0,dead,0
96.3576,-1.5582,0,0,0.32856,0,496.0,dead,0
96.3746,-1.5582,0,0,0.32856,0,496.0,dead,0
96.3974,-1.5506,0,0,0.37308,0,496.0,dead,0
96.4141,-1.5506,0,0,0.37308,0,496.0,dead,0
96.4306,-13.8368,1,0,0.37308,0,496.0,dead,0
96.4468,-13.8368,0,0,0.37308,0,285.0,playing,0
96.4626,-13.8368,0,0,0.37308,0,279.04,playing,0
96.4793,-13.0158,0,0,0.28756,0,273.36,playing,0
96.4954,-13.0158,0,0,0.28756,0,267.65,playing,0
96.512,-13.0158,0,0,0.28756,0,262.56,playing,0
96.5325,7.1782,0,0,0.28756,0,257.74,playing,0
96.5488,7.1782,0,0,0.28756,0,251.91,playing,0
96.5674,12.1639,0,0,0.24396,0,247.74,playing,0
96.5841,12.1639,0,0,0.24396,0,243.2,playing,0
96.6015,12.1639,0,0,0.24396,0,239.45,playing,0
96.6186,8.457,0,0,0.24396,0,236.01,playing,0
96.6357,8.457,0,0,0.24396,0,232.9,playing,0
96.6515,8.457,0,0,0.24396,0,230.1,playing,0
96.6685,6.2404,0,0,0.19994,0,227.75,playing,0
96.6863,6.2404,0,0,0.19994,0,225.57,playing,0
96.7032,4.3856,0,0,0.19994,0,223.62,playing,0
96.7183,4.3856,0,0,0.19994,0,222.17,playing,0
96.7361,4.3856,0,0,0.19994,1,221.0,playing,0
96.7553,2.8255,0,0,0.22034,0,220.04,playing,0
96.7715,1.8888,0,0,0.22034,0,219.42,playing,0
96.7881,0.8893,0,0,0.22034,0,219.18,playing,0
96.8042,0.8893,0,0,0.22034,0,219.22,playing,0
96.8195,0.8893,0,0,0.22034,0,219.55,playing,0
96.8377,-0.5433,0,0,0.29004,0,220.16,playing,0
96.8544,-0.5433,0,0,0.29004,0,221.19,playing,0
96.8715,-0.5433,0,0,0.29004,0,222.49,playing,0
96.8876,-1.0782,0,0,0.29004,0,224.11,playing,0
96.905,-1.0782,0,0,0.30979,0,225.91,playing,0
96.9216,-4.5712,0,0,0.30979,0,228.3,playing,0
96.9373,-4.5712,0,0,0.30979,0,230.7,playing,0
96.9548,-4.5712,0,0,0.30979,0,233.38,playing,0
96.9715,-13.6611,1,0,0.30979,0,236.55,playing,0
96.9886,-13.6611,0,0,0.28047,0,230.24,playing,0
97.0059,-13.6611,0,0,0.28047,0,224.25,playing,0
97.0274,-10.4899,0,0,0.28047,0,218.89,playing,0
97.0442,-10.4899,0,0,0.28047,0,211.76,playing,0
97.0626,1.9017,0,0,0.28047,0,207.09,playing,0
97.0787,1.9017,0,0,0.30509,0,201.94,playing,0
97.095,1.9017,0,0,0.30509,0,197.88,playing,0
97.1117,11.9699,0,0,0.30509,0,194.1,playing,0
97.1277,11.9699,0,0,0.30509,0,190.41,playing,0
97.1438,11.9699,0,0,0.30509,0,187.21,playing,0
97.1603,14.1178,0,0,0.1889,0,184.3,playing,0
97.1774,14.1178,0,0,0.1889,0,181.52,playing,0
97.1944,7.92,0,0,0.1889,0,179.06,playing,0
97.2115,7.92,0,0,0.1889,0,176.92,playing,0
97.2277,7.92,0,0,0.197,0,175.1,playing,0
97.2443,4.7758,0,0,0.197,0,173.66,playing,0
97.2609,4.7758,0,0,0.197,0,172.45,playing,0
97.2772,4.7758,0,0,0.197,0,171.6,playing,0
97.2934,1.3235,0,0,0.24665,1,171.03,playing,0
97.3104,1.3235,0,0,0.24665,0,170.74,playing,0
97.3275,-0.3783,0,0,0.24665,0,170.76,playing,0
97.3442,-0.3783,0,0,0.24665,0,171.11,playing,0
97.3606,-0.3783,0,0,0.24665,0,171.77,playing,0
97.3774,-0.9652,0,0,0.23555,0,172.68,playing,0
97.3943,-0.9652,0,0,0.23555,0,173.96,playing,0
97.4105,-0.9652,0,0,0.23555,0,175.55,playing,0
97.427,-1.7076,0,0,0.23555,0,177.34,playing,0
97.4431,-1.7076,0,0,0.26209,0,179.41,playing,0
97.4588,-1.7076,0,0,0.26209,0,181.76,playing,0
97.4745,-1.6705,0,0,0.26209,0,184.39,playing,0
97.4904,-1.6705,0,0,0.26209,0,187.3,playing,0
97.507,-2.0256,0,0,0.28432,0,190.49,playing,0
97.5234,-2.0237,0,0,0.28432,0,194.2,playing,0
97.5406,-2.0237,0,0,0.28432,0,197.98,playing,0
97.5569,-2.0716,0,0,0.28432,0,202.31,playing,0
97.574,-2.0716,0,0,0.28432,0,206.95,playing,0
97.5906,-2.0716,0,0,0.28432,0,211.61,playing,0
97.6153,-1.4574,0,0,0.28835,0,217.2,playing,0
97.6326,-1.4574,0,0,0.28835,0,225.29,playing,0
97.6491,-1.365,0,0,0.28835,0,231.34,playing,0
97.6659,-1.365,0,0,0.28835,0,237.7,playing,0
97.6832,-1.365,0,0,0.34475,0,243.98,playing,0
97.6997,-1.0597,0,0,0.34475,0,251.39,playing,0
97.7166,-1.0597,0,0,0.34475,0,258.26,playing,0
97.7327,-1.2777,0,0,0.34475,0,265.88,playing,0
97.7497,-1.2777,0,0,0.34475,0,273.34,playing,0
97.7659,-1.2777,0,0,0.34475,0,281.57,playing,0
97.786,-0.7978,0,0,0.29906,0,289.61,playing,0
97.8019,-0.7978,0,0,0.29906,0,300.09,playing,0
97.818,-0.7978,0,0,0.29906,0,308.76,playing,0
97.8342,-0.2295,0,0,0.29906,0,317.7,playing,0
97.8503,-0.2295,0,0,0.29906,0,326.94,playing,0
97.8671,-0.2295,0,0,0.2992,0,337.06,playing,0
97.8827,-0.2295,0,0,0.2992,0,346.87,playing,0
97.8993,-0.2295,0,0,0.2992,0,356.96,playing,0
97.9157,-0.7016,0,0,0.2992,0,368.01,playing,0
97.932,-0.7016,0,0,0.30878,0,378.68,playing,0
97.9476,-0.7016,0,0,0.30878,0,389.63,playing,0
97.9642,-0.7016,0,0,0.30878,0,400.83,playing,0
97.9809,-0.7016,0,0,0.30878,0,412.73,playing,0
97.997,-0.7016,0,0,0.26911,0,423.93,playing,0
98.0132,-0.8964,0,0,0.26911,0,435.13,playing,0
98.0294,-0.8964,0,0,0.26911,0,446.33,playing,0
98.0461,-0.9311,0,0,0.26911,0,458.23,playing,0
98.0615,-0.4877,0,0,0.27333,0,469.43,playing,0
98.0779,-0.4877,0,0,0.27333,0,480.63,playing,0
98.0934,-0.4183,0,0,0.27333,0,491.83,playing,0
98.1097,-0.4183,0,0,0.27333,0,503.03,dead,0
98.1265,-0.4183,0,0,0.27333,0,496.0,dead,0
98.143,0.0696,0,0,0.30634,0,496.0,dead,0
98.1587,0.0696,0,0,0.30634,0,496.0,dead,0
98.1752,0.0696,0,0,0.30634,0,496.0,dead,0
98.1915,0.9312,0,0,0.30634,0,496.0,dead,0
98.2076,0.7354,0,0,0.30634,0,496.0,dead,0
98.2242,0.7692,0,0,0.31258,0,496.0,dead,0
98.2422,0.7692,0,0,0.31258,0,496.0,dead,0
98.2596,0.7692,0,0,0.31258,0,496.0,dead,0
98.2785,0.841,0,0,0.31258,0,496.0,dead,0
98.2951,0.841,0,0,0.31258,0,496.0,dead,0
98.3122,0.841,0,0,0.31258,0,496.0,dead,0
98.3313,0.4414,0,0,0.27665,0,496.0,dead,0
98.348,0.4414,0,0,0.27665,0,496.0,dead,0
98.3656,0.9322,0,0,0.27665,0,496.0,dead,0
98.3846,0.9322,0,0,0.27665,0,496.0,dead,0
98.4027,0.9322,0,0,0.27665,0,496.0,dead,0
98.4199,-0.5618,0,0,0.29847,0,496.0,dead,0
98.4359,-0.5618,0,0,0.29847,0,496.0,dead,0
98.4517,-1.0343,0,0,0.29847,0,496.0,dead,0
98.4676,-1.0343,0,0,0.29847,0,496.0,dead,0
98.4837,-1.0343,0,0,0.29847,0,496.0,dead,0
98.5005,-1.0062,0,0,0.26841,0,496.0,dead,0
98.5173,-1.0062,0,0,0.26841,0,496.0,dead,0
98.5339,-1.0062,0,0,0.26841,0,496.0,dead,0
98.5502,-1.0918,0,0,0.26841,0,496.0,dead,0
98.5676,-1.0918,0,0,0.25036,0,496.0,dead,0
98.5836,-1.0918,0,0,0.25036,0,496.0,dead,0
98.5996,-0.9483,0,0,0.25036,0,496.0,dead,0
98.6158,-0.9483,0,0,0.25036,0,496.0,dead,0
98.6314,-0.4883,0,0,0.25036,0,496.0,dead,0
98.6487,-0.0649,0,0,0.24284,0,496.0,dead,0
98.6651,-0.0649,0,0,0.24284,0,496.0,dead,0
98.6843,-0.1827,0,0,0.24284,0,496.0,dead,0
98.7011,-0.1827,0,0,0.24284,0,496.0,dead,0
98.718,-0.1827,0,0,0.24284,0,496.0,dead,0
98.7398,-0.1889,0,0,0.28058,0,496.0,dead,0
98.7555,-0.1889,0,0,0.28058,0,496.0,dead,0
98.7735,-1.3175,0,0,0.28058,0,496.0,dead,0
98.7896,-1.3175,0,0,0.28058,0,496.0,dead,0
98.8061,-1.3175,0,0,0.28058,0,496.0,dead,0
98.8242,-0.9257,0,0,0.28058,0,496.0,dead,0
98.8433,-0.9257,0,0,0.26587,0,496.0,dead,0
98.8597,-0.8937,0,0,0.26587,0,496.0,dead,0
98.8772,-0.8937,0,0,0.26587,0,496.0,dead,0
98.8931,-0.8937,0,0,0.26587,0,496.0,dead,0
98.9154,-0.5014,0,0,0.26574,0,496.0,dead,0
98.9324,-0.5014,0,0,0.26574,0,496.0,dead,0
98.9491,-0.6416,0,0,0.26574,0,496.0,dead,0
98.9648,-0.6416,0,0,0.26574,0,496.0,dead,0
98.9808,-0.6416,0,0,0.26574,0,496.0,dead,0
98.9991,-0.3585,0,0,0.27132,0,496.0,dead,0
99.0188,-0.3585,0,0,0.27132,0,496.0,dead,0
99.0348,-0.3585,0,0,0.27132,0,496.0,dead,0
99.0509,-0.6358,0,0,0.27132,0,496.0,dead,0
99.0671,-0.6358,0,0,0.26143,0,496.0,dead,0
99.0831,-1.1307,0,0,0.26143,0,496.0,dead,0
99.1002,-1.1307,0,0,0.26143,0,496.0,dead,0
99.1158,-1.1307,0,0,0.26143,0,496.0,dead,0
99.1361,-1.4436,0,0,0.26143,0,496.0,dead,0
99.1527,-1.4436,0,0,,0,496.0,dead,0
99.1685,-1.4436,0,0,,0,496.0,dead,0
99.1868,-0.8861,0,0,,0,496.0,dead,0
99.2051,-0.8861,0,0,,0,496.0,dead,0
99.2207,-0.834,0,0,,0,496.0,dead,0
99.237,-0.834,0,0,,0,496.0,dead,0
99.2536,-0.834,0,0,,0,496.0,dead,0
99.2702,-0.2467,0,0,0.1955,0,496.0,dead,0
99.2861,-0.2467,0,0,0.1955,0,496.0,dead,0
99.3017,-0.2467,0,0,0.1955,0,496.0,dead,0
99.3247,1.8493,0,0,0.1955,0,496.0,dead,0
99.3451,1.8493,0,0,0.1955,0,496.0,dead,0
99.3634,0.9198,0,0,0.21476,0,496.0,dead,0
99.3798,0.9198,0,0,0.21476,0,496.0,dead,0
99.3969,0.9198,0,0,0.21476,0,496.0,dead,0
99.4143,-0.3653,0,0,0.21476,0,496.0,dead,0
99.4332,-0.3653,0,0,0.21692,0,496.0,dead,0
99.4493,-1.6068,0,0,0.21692,0,496.0,dead,0
99.4662,-1.6068,0,0,0.21692,0,496.0,dead,0
99.4833,-1.6068,0,0,0.21692,0,496.0,dead,0
99.5002,-1.6068,0,0,0.21692,0,496.0,dead,0
99.5176,-1.6068,0,0,0.19735,0,496.0,dead,0
99.5377,-3.5898,0,0,0.19735,0,496.0,dead,0
99.5544,-3.5898,0,0,0.19735,0,496.0,dead,0
99.5723,-3.5898,0,0,0.19735,0,496.0,dead,0
99.5897,-2.0369,0,0,0.19735,0,496.0,dead,0
99.6058,-2.0369,0,0,0.22,0,496.0,dead,0
99.6228,-2.0369,0,0,0.22,0,496.0,dead,0
99.6392,-2.0369,0,0,0.22,0,496.0,dead,0
99.655,-2.0369,0,0,0.21678,0,496.0,dead,0
99.6708,81.2767,1,0,0.21678,0,496.0,dead,0
99.687,180.9244,0,0,0.21678,0,285.0,playing,0
99.7031,180.9244,0,0,0.21678,0,279.04,playing,0
99.7186,144.8633,0,0,0.19579,0,273.36,playing,0
99.7344,144.8633,0,0,0.19579,0,267.97,playing,0
99.7511,144.8633,0,0,0.19579,0,262.86,playing,0
99.7697,32.3636,0,0,0.19579,1,258.02,playing,0
99.7859,32.3636,0,0,0.28554,0,252.68,playing,0
99.8021,-15.669,0,0,0.28554,0,248.47,playing,0
99.8178,-15.669,0,0,0.28554,0,244.53,playing,0
99.8335,-15.669,0,0,0.28554,0,240.88,playing,0
99.853,-54.0952,0,0,0.22113,0,237.51,playing,0
99.8699,-54.0952,0,0,0.22113,0,233.73,playing,0
99.886,-54.0952,0,0,0.22113,0,231.0,playing,0
99.9023,-41.7872,0,0,0.22113,0,228.54,playing,0
99.9193,-41.7872,0,0,0.22113,0,226.25,playing,0
99.938,-46.5633,0,0,0.1744,0,224.28,playing,0
99.9577,-46.5633,0,0,0.1744,0,222.54,playing,0
99.9738,-46.5633,0,0,0.1744,0,221.06,playing,0
99.9924,-46.5633,0,0,0.1744,0,220.15,playing,0
100.0094,-46.5633,0,0,0.1744,0,219.47,playing,0
100.0265,-50.1349,0,0,0.21431,0,219.18,playing,0
100.0437,-46.4991,0,0,0.21431,0,219.21,playing,0
100.0605,-46.4991,0,0,0.21431,0,219.55,playing,0
100.0767,-44.7114,0,0,0.21431,0,220.21,playing,0
100.0935,-44.7114,0,0,0.18734,0,221.12,playing,0
100.1096,-44.7114,0,0,0.18734,0,222.4,playing,0
100.126,-43.2251,0,0,0.18734,0,223.89,playing,0
100.1446,-43.2251,0,0,0.18734,0,225.65,playing,0
100.1619,-40.988,1,0,0.19585,0,228.15,playing,0
100.1783,-38.144,0,0,0.19585,0,221.84,playing,0
100.1951,-38.144,0,0,0.19585,0,215.84,playing,0
100.2113,-38.144,0,0,0.19585,0,210.48,playing,0
100.2281,-38.144,0,0,0.22051,1,205.11,playing,0
100.2454,-38.144,0,0,0.22051,0,200.05,playing,0
100.262,-28.6196,0,0,0.22051,0,195.31,playing,0
100.2793,-28.6196,0,0,0.22051,0,190.88,playing,0
100.2962,-23.9639,0,0,0.1906,0,186.78,playing,0
100.3136,-23.9639,0,0,0.1906,0,182.99,playing,0
100.3299,-23.9639,0,0,0.1906,0,179.52,playing,0
100.3466,-23.9639,0,0,0.1906,0,176.54,playing,0
100.3663,-23.9639,0,0,0.1906,0,173.68,playing,0
100.3831,-23.9639,0,0,0.20656,0,170.89,playing,0
100.4023,-12.0642,0,0,0.20656,0,168.71,playing,0
100.4186,-12.0642,0,0,0.20656,0,166.59,playing,0
100.4349,-9.0646,0,0,0.20656,0,165.17,playing,0
100.4506,-9.0646,0,0,0.26353,0,164.04,playing,0
100.4675,-9.0646,0,0,0.26353,0,163.18,playing,0
100.4834,-6.1847,0,0,0.26353,0,162.59,playing,0
100.4997,-6.1847,0,0,0.26353,0,162.32,playing,0
100.5163,-6.1847,0,0,0.30243,0,162.33,playing,0
100.533,-1.5862,0,0,0.30243,0,162.65,playing,0
100.5494,-1.5862,0,0,0.30243,0,163.24,playing,0
100.5673,-1.5862,0,0,0.25116,0,164.18,playing,0
100.583,-1.5862,0,0,0.25116,0,165.45,playing,0
100.5986,-1.5862,0,0,0.25116,0,166.91,playing,0
100.6155,2.4503,0,0,0.25116,0,168.66,playing,0
100.6319,2.4503,0,0,0.25116,0,170.84,playing,0
100.6486,2.4503,0,0,0.25116,0,173.17,playing,0
100.6646,3.2528,0,0,0.25472,0,175.97,playing,0
100.6809,3.2528,0,0,0.25472,0,178.88,playing,0
100.6968,3.2528,0,0,0.25472,0,182.07,playing,0
100.713,3.849,0,0,0.25917,0,185.55,playing,0
100.7303,3.849,0,0,0.25917,0,189.56,playing,0
100.7475,5.0684,0,0,0.25917,0,193.89,playing,0
100.7646,5.0684,0,0,0.23381,0,198.53,playing,0
100.781,5.0684,0,0,0.23381,0,203.5,playing,0
100.7966,5.0684,0,0,0.23381,0,208.45,playing,0
100.8127,5.0684,0,0,0.23381,0,213.69,playing,0
100.8292,5.0684,0,0,0.23381,0,219.2,playing,0
100.8467,5.6255,0,0,0.23381,0,225.38,playing,0
100.8631,5.6255,0,0,0.23381,0,231.88,playing,0
100.88,5.6255,0,0,0.23381,0,238.7,playing,0
100.8994,3.6202,0,0,0.24196,0,245.39,playing,0
100.9158,3.6202,0,0,0.24196,0,254.2,playing,0
100.9326,3.6512,0,0,0.24196,0,261.53,playing,0
100.9493,3.6512,0,0,0.24196,0,269.64,playing,0
100.9655,3.6512,0,0,0.24565,0,278.06,playing,0
100.9819,3.6512,0,0,0.24565,0,286.27,playing,0
100.9983,3.6512,0,0,0.24565,0,294.76,playing,0
101.0154,3.6512,0,0,0.24565,0,304.1,playing,0
101.0325,3.9456,0,0,0.24565,0,313.76,playing,0
101.0491,3.9456,0,0,0.27313,0,323.73,playing,0
101.0677,4.0974,0,0,0.27313,0,334.03,playing,0
101.0839,4.2581,0,0,0.27313,0,345.28,playing,0
101.0996,4.2581,0,0,0.27313,0,355.57,playing,0
101.1167,4.0746,0,0,0.19879,0,366.14,playing,0
101.1334,4.0746,0,0,0.19879,0,377.68,playing,0
101.1507,4.0746,0,0,0.19879,0,389.55,playing,0
101.1671,4.0746,0,0,0.21535,0,401.45,playing,0
101.1832,4.0746,0,0,0.21535,0,412.65,playing,0
101.2006,4.5166,0,0,0.21535,0,424.55,playing,0
101.2176,4.5166,0,0,0.21535,0,437.15,playing,0
101.2357,4.5166,0,0,0.21535,0,448.35,playing,0
101.2549,4.2297,0,0,0.25511,1,460.95,playing,0
101.2721,4.2297,0,0,0.25511,0,474.25,playing,0
101.2886,4.2297,0,0,0.25511,0,486.15,playing,0
101.3049,3.4728,0,0,0.25511,0,498.05,dead,0
101.3227,3.4728,0,0,0.25511,0,496.0,dead,0
101.339,3.7711,0,0,0.24614,0,496.0,dead,0
101.355,3.7711,0,0,0.24614,0,496.0,dead,0
101.3706,3.7711,0,0,0.24614,0,496.0,dead,0
101.3887,3.3564,0,0,0.24614,0,496.0,dead,0
101.4048,3.3564,0,0,0.24961,0,496.0,dead,0
101.4216,3.2194,0,0,0.24961,0,496.0,dead,0
101.4387,2.9594,0,0,0.24961,0,496.0,dead,0
101.455,2.9594,0,0,0.24961,0,496.0,dead,0
101.4734,2.267,0,0,0.25493,0,496.0,dead,0
101.4902,2.267,0,0,0.25493,0,496.0,dead,0
101.506,2.267,0,0,0.25493,0,496.0,dead,0
101.5216,1.4582,0,0,0.25493,0,496.0,dead,0
101.5382,1.4582,0,0,0.22433,0,496.0,dead,0
101.5544,1.4582,0,0,0.22433,0,496.0,dead,0
101.5707,1.6553,0,0,0.22433,0,496.0,dead,0
101.5888,2.3734,0,0,0.22433,0,496.0,dead,0
101.606,1.4773,0,0,0.22433,0,496.0,dead,0
101.6231,1.4773,0,0,0.25802,0,496.0,dead,0
101.6405,1.4773,0,0,0.25802,0,496.0,dead,0
101.6603,1.1405,0,0,0.25802,0,496.0,dead,0
101.6775,1.1405,0,0,0.25802,0,496.0,dead,0
101.6935,1.0744,0,0,0.25802,0,496.0,dead,0
101.7107,1.0744,0,0,0.24713,0,496.0,dead,0
101.727,1.0744,0,0,0.24713,0,496.0,dead,0
101.7424,1.0744,0,0,0.24713,0,496.0,dead,0
101.7596,1.1522,0,0,0.24713,0,496.0,dead,0
101.7759,1.1522,0,0,0.24713,0,496.0,dead,0
101.7947,1.0622,0,0,0.23662,0,496.0,dead,0
101.8107,1.0622,0,0,0.23662,0,496.0,dead,0
101.8276,-0.5106,0,0,0.23662,0,496.0,dead,0
101.8442,-6.8108,0,0,0.23662,0,496.0,dead,0
101.8622,-6.8108,0,0,0.23319,0,496.0,dead,0
101.8784,-4.7028,0,0,0.23319,0,496.0,dead,0
101.8946,-4.7028,0,0,0.23319,0,496.0,dead,0
101.9107,-4.7028,0,0,0.23319,0,496.0,dead,0
101.9266,-4.7028,0,0,0.23319,0,496.0,dead,0
101.9431,-4.7028,0,0,0.25481,0,496.0,dead,0
101.9588,-4.7028,0,0,0.25481,0,496.0,dead,0
101.975,5.3216,0,0,0.25481,0,496.0,dead,0
101.9916,5.3216,0,0,0.25481,0,496.0,dead,0
102.0082,5.8198,0,0,0.23362,0,496.0,dead,0
102.0239,5.8198,0,0,0.23362,0,496.0,dead,0
102.0401,5.8198,0,0,0.23362,0,496.0,dead,0
102.0562,5.8198,0,0,0.26957,0,496.0,dead,0
102.0724,5.8198,0,0,0.26957,0,496.0,dead,0
102.0886,5.8198,0,0,0.26957,0,496.0,dead,0
102.1057,6.3137,0,0,0.27021,0,496.0,dead,0
102.1224,6.3137,0,0,0.27021,0,496.0,dead,0
102.139,6.3137,0,0,0.27021,0,496.0,dead,0
102.1615,3.6508,0,0,0.27021,0,496.0,dead,0
102.1783,3.6508,0,0,0.26234,0,496.0,dead,0
102.1954,3.1398,0,0,0.26234,0,496.0,dead,0
102.2126,3.1398,0,0,0.26234,0,496.0,dead,0
102.2307,3.1398,0,0,0.3051,0,496.0,dead,0
102.2465,2.6315,0,0,0.3051,0,496.0,dead,0
102.2636,2.6315,0,0,0.3051,0,496.0,dead,0
102.2806,5.4934,0,0,0.3051,0,496.0,dead,0
102.2974,5.4934,0,0,0.3051,0,496.0,dead,0
102.3136,5.4934,0,0,0.27512,0,496.0,dead,0
102.3301,4.3493,0,0,0.27512,0,496.0,dead,0
102.3472,4.3493,0,0,0.27512,0,496.0,dead,0
102.3643,4.3493,0,0,0.27512,0,496.0,dead,0
102.3823,4.8551,0,0,0.31174,0,496.0,dead,0
102.3991,4.8551,0,0,0.31174,0,496.0,dead,0
102.4148,5.0578,0,0,0.31174,0,496.0,dead,0
102.4308,5.0578,0,0,0.31174,0,496.0,dead,0
102.4465,5.0578,0,0,0.31174,0,496.0,dead,0
102.4632,5.0578,0,0,0.30628,0,496.0,dead,0
102.4799,5.0578,0,0,0.30628,0,496.0,dead,0
102.4957,5.0578,0,0,0.30628,0,496.0,dead,0
102.5114,2.702,0,0,0.27538,0,496.0,dead,0
102.528,2.5459,0,0,0.27538,0,496.0,dead,0
102.5446,2.5459,0,0,0.27538,0,496.0,dead,0
102.5612,2.0606,0,0,0.27538,0,496.0,dead,0
102.5775,2.0606,0,0,0.266,0,496.0,dead,0
102.596,1.518,0,0,0.266,0,496.0,dead,0
102.6119,-0.0201,0,0,0.266,0,496.0,dead,0
102.6279,-0.0201,0,0,0.266,0,496.0,dead,0
102.6463,-0.3168,0,0,0.266,0,496.0,dead,0
102.6647,-0.3168,0,0,0.22931,0,496.0,dead,0
102.6812,-0.1379,0,0,0.22931,0,496.0,dead,0
102.6978,-0.1379,0,0,0.22931,0,496.0,dead,0
102.716,-0.1379,0,0,0.22931,0,496.0,dead,0
102.737,-0.7888,0,0,0.20776,0,496.0,dead,0
102.7567,-0.7888,0,0,0.20776,0,496.0,dead,0
102.7751,-0.7598,0,0,0.20776,0,496.0,dead,0
102.7912,-0.7598,0,0,0.20776,0,496.0,dead,0
102.8102,-0.7598,0,0,0.20776,0,496.0,dead,0
102.8263,-3.9151,0,0,0.18923,0,496.0,dead,0
102.8432,-3.9151,0,0,0.18923,0,496.0,dead,0
102.8604,-4.1643,0,0,0.18923,0,496.0,dead,0
102.8765,-4.1643,0,0,0.18923,0,496.0,dead,0
102.8932,-4.1643,0,0,0.18923,0,496.0,dead,0
102.9101,-3.7752,0,0,0.18685,0,496.0,dead,0
102.9269,-3.7752,0,0,0.18685,0,496.0,dead,0
102.9433,-3.7752,0,0,0.18685,0,496.0,dead,0
102.9597,-3.0083,0,0,0.18685,0,496.0,dead,0
102.9761,-2.7366,0,0,0.18685,0,496.0,dead,0
102.9936,-2.7366,0,0,0.24162,1,496.0,dead,0
103.0102,-3.2275,0,0,0.24162,0,496.0,dead,0
103.027,-3.2275,0,0,0.24162,0,496.0,dead,0
103.0433,-3.3161,0,0,0.24162,0,496.0,dead,0
103.0597,-3.3161,0,0,0.24162,0,496.0,dead,0
103.0759,-3.3161,0,0,0.21797,0,496.0,dead,0
103.0915,-3.3161,0,0,0.21797,0,496.0,dead,0
103.1076,-3.3161,0,0,0.21797,0,496.0,dead,0
103.1236,-3.3161,0,0,0.21797,0,496.0,dead,0
103.1403,-4.837,0,0,0.2032,0,496.0,dead,0
103.1579,-4.837,0,0,0.2032,0,496.0,dead,0
103.1743,-4.837,0,0,0.2032,0,496.0,dead,0
103.1912,-4.837,0,0,0.2032,0,496.0,dead,0
103.208,-4.837,0,0,0.24559,0,496.0,dead,0
103.224,-6.5811,0,0,0.24559,0,496.0,dead,0
103.2406,-6.5811,0,0,0.24559,0,496.0,dead,0
103.2573,-6.5811,0,0,0.18219,0,496.0,dead,0
103.274,-1.7598,0,0,0.18219,0,496.0,dead,0
103.2898,-1.7598,0,0,0.18219,0,496.0,dead,0
103.3066,-1.7598,0,0,0.18219,0,496.0,dead,0
103.3274,0.4196,0,0,0.17767,0,496.0,dead,0
103.3435,0.4196,0,0,0.17767,0,496.0,dead,0
103.3613,2.6652,0,0,0.17767,0,496.0,dead,0
103.3785,2.6652,0,0,0.17767,0,496.0,dead,0
103.3951,2.6652,0,0,0.17767,0,496.0,dead,0
103.4123,4.269,0,0,0.21731,0,496.0,dead,0
103.4296,4.269,0,0,0.21731,0,496.0,dead,0
103.4476,6.6102,0,0,0.21731,0,496.0,dead,0
103.4646,6.6102,0,0,0.21731,0,496.0,dead,0
103.4806,6.6102,0,0,0.21016,0,496.0,dead,0
103.4976,6.9684,0,0,0.21016,0,496.0,dead,0
103.5137,6.9684,0,0,0.21016,0,496.0,dead,0
103.53,6.9684,0,0,0.21016,0,496.0,dead,0
103.5457,5.6212,0,0,0.20215,0,496.0,dead,0
103.5619,5.6212,0,0,0.20215,0,496.0,dead,0
103.5774,5.6212,0,0,0.20215,0,496.0,dead,0
103.5952,3.8624,0,0,0.20215,0,496.0,dead,0
103.6118,3.8624,0,0,0.17327,0,496.0,dead,0
103.6276,-3.6552,0,0,0.17327,0,496.0,dead,0
103.6437,-3.6552,0,0,0.17327,0,496.0,dead,0
103.6598,-3.6552,0,0,0.17327,0,496.0,dead,0
103.6761,-4.099,0,0,0.17302,0,496.0,dead,0
103.6922,-4.099,0,0,0.17302,0,496.0,dead,0
103.7085,-4.099,0,0,0.17302,0,496.0,dead,0
103.725,-3.661,0,0,0.17302,0,496.0,dead,0
103.7416,-3.661,0,0,0.19722,0,496.0,dead,0
103.7583,-3.661,0,0,0.19722,0,496.0,dead,0
103.7751,-0.0537,0,0,0.19722,0,496.0,dead,0
103.7929,-0.0537,0,0,0.19722,0,496.0,dead,0
103.8095,2.7086,0,0,0.19418,0,496.0,dead,0
103.8263,2.7086,0,0,0.19418,0,496.0,dead,0
103.8434,2.7086,0,0,0.19418,0,496.0,dead,0
103.8606,4.3456,0,0,0.19418,0,496.0,dead,0
103.8792,4.3456,0,0,0.19418,0,496.0,dead,0
103.8971,5.166,0,0,0.17032,0,496.0,dead,0
103.9143,5.166,0,0,0.17032,0,496.0,dead,0
103.9307,5.166,0,0,0.17032,0,496.0,dead,0
103.9473,5.7823,0,0,0.17032,0,496.0,dead,0
103.9641,5.7823,0,0,0.19018,0,496.0,dead,0
103.98,5.7823,0,0,0.19018,0,496.0,dead,0
103.9991,5.7823,0,0,0.19018,0,496.0,dead,0
104.0149,5.7823,0,0,0.19018,0,496.0,dead,0
104.0319,7.3606,0,0,0.20823,0,496.0,dead,0
104.0491,7.3606,0,0,0.20823,0,496.0,dead,0
104.0647,7.3606,0,0,0.20823,0,496.0,dead,0
104.0807,8.5079,0,0,0.20823,0,496.0,dead,0
104.0975,5.5405,0,0,0.20823,0,496.0,dead,0
104.1147,5.5405,0,0,0.17618,0,496.0,dead,0
104.1363,3.7901,0,0,0.17618,0,496.0,dead,0
104.1531,3.7901,0,0,0.17618,0,496.0,dead,0
104.169,1.8495,0,0,0.17618,0,496.0,dead,0
104.185,1.8495,0,0,0.20514,0,496.0,dead,0
104.2023,1.8495,0,0,0.20514,0,496.0,dead,0
104.2189,0.5539,0,0,0.20514,0,496.0,dead,0
104.2356,0.5539,0,0,0.20514,0,496.0,dead,0
104.2518,0.5539,0,0,0.1741,0,496.0,dead,0
104.2688,-0.9554,0,0,0.1741,0,496.0,dead,0
104.2853,-0.9554,0,0,0.1741,0,496.0,dead,0
104.3022,-1.0264,0,0,0.1741,0,496.0,dead,0
104.3175,-1.0264,0,0,0.18824,0,496.0,dead,0
104.3335,-1.0264,0,0,0.18824,0,496.0,dead,0
104.3497,-1.4552,0,0,0.18824,0,496.0,dead,0
104.3659,-1.4552,0,0,0.18824,0,496.0,dead,0
104.3816,-1.4552,0,0,0.18824,0,496.0,dead,0
104.3984,0.6867,0,0,0.18824,0,496.0,dead,0
104.4156,0.6853,0,0,0.1841,0,496.0,dead,0
104.4348,0.6853,0,0,0.1841,0,496.0,dead,0
104.451,1.2322,0,0,0.1841,0,496.0,dead,0
104.467,1.2322,0,0,0.1841,0,496.0,dead,0
104.4836,0.6634,0,0,0.1841,0,496.0,dead,0
104.5003,0.6634,0,0,0.17567,0,496.0,dead,0
104.5171,0.6634,0,0,0.17567,0,496.0,dead,0
104.5334,-0.1485,0,0,0.17567,0,496.0,dead,0
104.5496,-0.1485,0,0,0.17567,0,496.0,dead,0
104.5658,-0.1485,0,0,0.17567,0,496.0,dead,0
104.5821,-1.5749,0,0,0.17266,0,496.0,dead,0
104.598,-1.5749,0,0,0.17266,0,496.0,dead,0
104.6143,-1.1471,0,0,0.17266,0,496.0,dead,0
104.6312,-1.1471,0,0,0.18002,0,496.0,dead,0
104.6475,-1.1471,0,0,0.18002,0,496.0,dead,0
104.6636,-1.4086,0,0,0.18002,0,496.0,dead,0
104.6807,-1.4086,0,0,0.18002,0,496.0,dead,0
104.6977,-1.4086,0,0,0.16731,0,496.0,dead,0
104.7144,-1.4086,0,0,0.16731,0,496.0,dead,0
104.7321,-1.4086,0,0,0.16731,0,496.0,dead,0
104.7481,-1.4086,0,0,0.16731,0,496.0,dead,0
104.7678,-0.4289,0,0,0.18303,0,496.0,dead,0
104.7842,-0.4289,0,0,0.18303,0,496.0,dead,0
104.8001,-0.6942,0,0,0.18303,0,496.0,dead,0
104.8158,-0.6942,0,0,0.18303,0,496.0,dead,0
104.8327,-0.6942,0,0,0.1981,0,496.0,dead,0
104.8486,-0.4219,0,0,0.1981,0,496.0,dead,0
104.8652,-0.4219,0,0,0.1981,0,496.0,dead,0
104.8817,-0.4219,0,0,0.1981,0,496.0,dead,0
104.8976,-0.6131,0,0,0.20799,0,496.0,dead,0
104.9142,-0.6131,0,0,0.20799,0,496.0,dead,0
104.9314,-1.9788,0,0,0.20799,0,496.0,dead,0
104.9487,-1.9788,0,0,0.17767,0,496.0,dead,0
104.9651,-1.9788,0,0,0.17767,0,496.0,dead,0
104.9804,-1.9788,0,0,0.17767,0,496.0,dead,0
104.997,-1.9788,0,0,0.17767,0,496.0,dead,0
105.013,-1.9788,0,0,0.17767,0,496.0,dead,0
105.0289,-1.9788,0,0,0.17556,0,496.0,dead,0
105.0455,-1.9788,0,0,0.17556,0,496.0,dead,0
105.0622,-1.9788,0,0,0.17556,0,496.0,dead,0
105.0795,-1.3898,0,0,0.20528,0,496.0,dead,0
105.0962,-1.3898,0,0,0.20528,0,496.0,dead,0
105.1127,-1.3898,0,0,0.20528,0,496.0,dead,0
105.129,-1.3898,0,0,0.20528,0,496.0,dead,0
105.1478,-1.3898,0,0,0.18616,0,496.0,dead,0
105.1636,-1.313,0,0,0.18616,0,496.0,dead,0
105.1823,-1.1307,0,0,0.18616,0,496.0,dead,0
105.1986,-1.1307,0,0,0.18616,0,496.0,dead,0
105.2158,-1.0619,0,0,0.18616,0,496.0,dead,0
105.2329,-1.0619,0,0,0.18616,0,496.0,dead,0
105.2491,-1.0619,0,0,0.19943,0,496.0,dead,0
105.2644,-1.0619,0,0,0.19943,0,496.0,dead,0
105.2809,-1.0619,0,0,0.19943,0,496.0,dead,0
105.2978,0.0393,0,0,0.19943,0,496.0,dead,0
105.3144,0.0393,0,0,0.19943,0,496.0,dead,0
105.3319,0.0393,0,0,0.19918,0,496.0,dead,0
105.3512,0.7581,0,0,0.19918,0,496.0,dead,0
105.3667,0.7581,0,0,0.19918,0,496.0,dead,0
105.3841,0.7562,0,0,0.19918,0,496.0,dead,0
105.3999,0.7562,0,0,0.19918,0,496.0,dead,0
105.4154,0.7562,0,0,0.21745,0,496.0,dead,0
105.4325,0.6361,0,0,0.21745,0,496.0,dead,0
105.4492,0.6361,0,0,0.21745,0,496.0,dead,0
105.4652,0.6361,0,0,0.20019,0,496.0,dead,0
105.4805,0.6361,0,0,0.20019,0,496.0,dead,0
105.4971,0.6361,0,0,0.20019,0,496.0,dead,0
105.5132,0.6361,0,0,0.18491,0,496.0,dead,0
105.5304,1.5966,0,0,0.18491,0,496.0,dead,0
105.5465,1.5966,0,0,0.18491,0,496.0,dead,0
105.5626,0.0894,0,0,0.25395,1,496.0,dead,0
105.5792,0.0894,0,0,0.25395,0,496.0,dead,0
105.5954,0.0894,0,0,0.25395,0,496.0,dead,0
105.613,-0.2923,0,0,0.25395,0,496.0,dead,0
105.63,0.0843,0,0,0.22964,0,496.0,dead,0
105.6463,0.0843,0,0,0.22964,0,496.0,dead,0
105.6625,-0.4031,0,0,0.22964,0,496.0,dead,0
105.6791,-0.4031,0,0,0.22964,0,496.0,dead,0
105.6954,-0.4031,0,0,0.22964,0,496.0,dead,0
105.7116,-0.4031,0,0,0.22964,0,496.0,dead,0
105.728,-0.4031,0,0,0.22964,0,496.0,dead,0
105.7441,-0.8461,0,0,0.1766,0,496.0,dead,0
105.7607,-0.8461,0,0,0.1766,0,496.0,dead,0
105.7775,-0.8461,0,0,0.1766,0,496.0,dead,0
105.7941,-0.837,0,0,0.1766,0,496.0,dead,0
105.8126,-0.837,0,0,0.1766,0,496.0,dead,0
105.8288,-0.837,0,0,0.1766,0,496.0,dead,0
105.845,-0.3161,0,0,0.20408,0,496.0,dead,0
105.8616,-0.3161,0,0,0.20408,0,496.0,dead,0
105.8783,-0.0991,0,0,0.20408,0,496.0,dead,0
105.8951,-0.0991,0,0,0.20408,0,496.0,dead,0
105.9112,-0.0991,0,0,0.19724,0,496.0,dead,0
105.9266,-0.0122,0,0,0.19724,0,496.0,dead,0
105.9428,-0.0122,0,0,0.19724,0,496.0,dead,0
105.9591,-0.0122,0,0,0.21148,0,496.0,dead,0
105.9753,-0.0155,0,0,0.21148,0,496.0,dead,0
105.9915,-0.0155,0,0,0.21148,0,496.0,dead,0
106.0078,-0.0155,0,0,0.21148,0,496.0,dead,0
106.0242,-0.2151,0,0,0.19724,0,496.0,dead,0
106.0411,-0.2151,0,0,0.19724,0,496.0,dead,0
106.0569,-0.2795,0,0,0.19724,0,496.0,dead,0
106.0729,-0.2795,0,0,0.19724,0,496.0,dead,0
106.0888,-0.2795,0,0,0.21099,0,496.0,dead,0
106.1048,-0.2795,0,0,0.21099,0,496.0,dead,0
106.1215,-0.2795,0,0,0.21099,0,496.0,dead,0
106.1387,-0.2795,0,0,0.21099,0,496.0,dead,0
106.156,-0.2795,0,0,0.2285,1,496.0,dead,0
106.1737,-0.2795,0,0,0.2285,0,496.0,dead,0
106.1905,-0.2795,0,0,0.2285,0,496.0,dead,0
106.2091,-0.7088,0,0,0.2285,0,496.0,dead,0
106.2261,-1.1243,0,0,0.2285,0,496.0,dead,0
106.2451,-1.22,0,0,0.21752,0,496.0,dead,0
106.2614,-1.22,0,0,0.21752,0,496.0,dead,0
106.2789,-1.22,0,0,0.21752,0,496.0,dead,0
106.297,-0.3206,0,0,0.21752,0,496.0,dead,0
106.3134,-0.3206,0,0,0.21752,0,496.0,dead,0
106.3316,0.6632,0,0,0.18243,0,496.0,dead,0
106.3481,0.6632,0,0,0.18243,0,496.0,dead,0
106.3642,0.6632,0,0,0.18243,0,496.0,dead,0
106.381,1.3888,0,0,0.18243,0,496.0,dead,0
106.3976,1.3888,0,0,0.18243,0,496.0,dead,0
106.4137,1.3888,0,0,0.17632,0,496.0,dead,0
106.433,1.2037,0,0,0.17632,0,496.0,dead,0
106.4502,1.2037,0,0,0.17632,0,496.0,dead,0
106.4676,1.2037,0,0,0.17632,0,496.0,dead,0
106.4845,1.2037,0,0,0.17632,0,496.0,dead,0
106.5032,1.2037,0,0,0.17632,1,496.0,dead,0
106.5224,1.0671,0,0,0.22065,0,496.0,dead,0
106.5387,1.0671,0,0,0.22065,0,496.0,dead,0
106.5556,0.5823,0,0,0.22065,0,496.0,dead,0
106.5725,0.5823,0,0,0.18733,0,496.0,dead,0
106.5888,0.5823,0,0,0.18733,0,496.0,dead,0
106.6052,0.7671,0,0,0.18733,0,496.0,dead,0
106.6214,0.7671,0,0,0.23386,0,496.0,dead,0
106.638,0.7671,0,0,0.23386,0,496.0,dead,0
106.6541,-0.0284,0,0,0.23386,0,496.0,dead,0
106.6707,-0.0284,0,0,0.19499,0,496.0,dead,0
106.6874,-0.1429,0,0,0.19499,0,496.0,dead,0
106.7041,-0.1429,0,0,0.19499,0,496.0,dead,0
106.7204,-0.1429,0,0,0.19499,0,496.0,dead,0
106.7367,-0.1429,0,0,0.19499,0,496.0,dead,0
106.7541,-0.1429,0,0,0.23334,1,496.0,dead,0
106.77,-0.1429,0,0,0.23334,0,496.0,dead,0
106.7867,-0.1429,0,0,0.23334,0,496.0,dead,0
106.8032,-0.1429,0,0,0.23334,0,496.0,dead,0
106.8205,-0.1429,0,0,0.19574,0,496.0,dead,0
106.8371,0.3203,0,0,0.19574,0,496.0,dead,0
106.8531,0.3203,0,0,0.19574,0,496.0,dead,0
106.8694,-0.0743,0,0,0.19574,0,496.0,dead,0
106.8865,-0.4604,0,0,0.19574,0,496.0,dead,0
106.9026,-0.4604,0,0,0.1987,0,496.0,dead,0
106.9189,-0.3361,0,0,0.1987,0,496.0,dead,0
106.9353,-0.3361,0,0,0.1987,0,496.0,dead,0
106.9519,-0.3361,0,0,0.1987,0,496.0,dead,0
106.97,-0.3361,0,0,0.1987,0,496.0,dead,0
106.9856,-0.3361,0,0,0.16934,0,496.0,dead,0
107.0016,-0.6781,0,0,0.16934,0,496.0,dead,0
107.0177,-2.1372,0,0,0.16934,0,496.0,dead,0
107.0336,-2.1372,0,0,0.21668,0,496.0,dead,0
107.0497,-1.8761,0,0,0.21668,0,496.0,dead,0
107.066,-1.8761,0,0,0.21668,0,496.0,dead,0
107.082,-1.8761,0,0,0.25552,1,496.0,dead,0
107.0981,-1.7306,0,0,0.25552,0,496.0,dead,0
107.1142,-1.7306,0,0,0.25552,0,496.0,dead,0
107.1305,-1.7306,0,0,0.25552,0,496.0,dead,0
107.1471,-1.7306,0,0,0.25952,0,496.0,dead,0
107.1629,-1.7306,0,0,0.25952,0,496.0,dead,0
107.179,-1.7306,0,0,0.25952,0,496.0,dead,0
107.1945,-0.9365,0,0,0.25952,0,496.0,dead,0
107.2133,-0.9365,0,0,0.22456,0,496.0,dead,0
107.2296,-0.825,0,0,0.22456,0,496.0,dead,0
107.2467,-0.825,0,0,0.22456,0,496.0,dead,0
107.2634,-0.825,0,0,0.22456,0,496.0,dead,0
107.28,0.2085,0,0,0.22065,0,496.0,dead,0
107.2961,0.2085,0,0,0.22065,0,496.0,dead,0
107.3121,0.2085,0,0,0.22065,0,496.0,dead,0
107.3277,1.6174,0,0,0.28681,0,496.0,dead,0
107.3437,1.6174,0,0,0.28681,0,496.0,dead,0
107.3594,2.0651,0,0,0.28681,0,496.0,dead,0
107.3755,2.0651,0,0,0.28681,0,496.0,dead,0
107.3915,2.0651,0,0,0.31263,0,496.0,dead,0
107.4086,1.4452,0,0,0.31263,0,496.0,dead,0
107.4251,1.4452,0,0,0.31263,0,496.0,dead,0
107.4421,1.4452,0,0,0.22118,0,496.0,dead,0
107.4588,1.1334,0,0,0.22118,0,496.0,dead,0
107.4748,1.1334,0,0,0.22118,0,496.0,dead,0
107.4907,1.1334,0,0,0.24514,0,496.0,dead,0
107.5073,1.1334,0,0,0.24514,0,496.0,dead,0
107.524,1.1334,0,0,0.24514,0,496.0,dead,0
107.5442,1.1334,0,0,0.24514,0,496.0,dead,0
107.5622,1.0186,0,0,0.22105,0,496.0,dead,0
107.5802,1.0186,0,0,0.22105,0,496.0,dead,0
107.596,1.0186,0,0,0.22105,0,496.0,dead,0
107.6124,1.0186,0,0,0.22105,0,496.0,dead,0
107.6298,1.1236,0,0,0.22105,0,496.0,dead,0
107.6478,2.3654,0,0,0.22441,0,496.0,dead,0
107.6635,2.3654,0,0,0.22441,0,496.0,dead,0
107.6798,2.3893,0,0,0.22441,0,496.0,dead,0
107.6954,2.3893,0,0,0.21243,0,496.0,dead,0
107.712,2.3893,0,0,0.21243,0,496.0,dead,0
107.7281,1.3187,0,0,0.21243,0,496.0,dead,0
107.7437,1.3187,0,0,0.21243,0,496.0,dead,0
107.7599,1.3187,0,0,0.21663,0,496.0,dead,0
107.7764,-0.0389,0,0,0.21663,0,496.0,dead,0
107.7935,-0.0389,0,0,0.21663,0,496.0,dead,0
107.8096,-0.0389,0,0,0.26339,1,496.0,dead,0
107.8257,-0.0389,0,0,0.26339,0,496.0,dead,0
107.8418,-0.0389,0,0,0.26339,0,496.0,dead,0
107.8577,-0.0389,0,0,0.21547,0,496.0,dead,0
107.874,-0.0389,0,0,0.21547,0,496.0,dead,0
107.8894,-0.0389,0,0,0.21547,0,496.0,dead,0
107.9056,-11.5698,0,0,0.2677,0,496.0,dead,0
107.9216,-11.5698,0,0,0.2677,0,496.0,dead,0
107.9379,-11.5698,0,0,0.2677,0,496.0,dead,0
107.9576,-5.2649,1,0,0.2677,0,496.0,dead,0
107.9744,-5.2649,0,0,0.22542,0,285.0,playing,0
107.9904,4.5459,0,0,0.22542,0,278.69,playing,0
108.0072,4.5459,0,0,0.22542,0,273.03,playing,0
108.0245,4.5459,0,0,0.22542,0,267.65,playing,0
108.0411,7.3334,0,0,0.22542,0,261.96,playing,0
108.0569,7.3334,0,0,0.25027,0,257.18,playing,0
108.0732,7.3334,0,0,0.25027,0,252.68,playing,0
108.0905,6.6646,0,0,0.25027,0,248.22,playing,0
108.1073,6.6646,0,0,0.20542,0,244.08,playing,0
108.1236,6.6646,0,0,0.20542,0,240.25,playing,0
108.1398,5.7715,0,0,0.20542,0,236.93,playing,0
108.1557,5.7715,0,0,0.20542,0,233.9,playing,0
108.1715,5.1783,0,0,0.20542,0,231.14,playing,0
108.1881,5.1783,0,0,0.20542,0,228.67,playing,0
108.2037,5.1783,0,0,0.20542,0,226.48,playing,0
108.22,3.3991,0,0,0.20542,0,224.57,playing,0
108.2362,3.3991,0,0,0.18988,0,222.94,playing,0
108.2534,3.3991,0,0,0.18988,0,221.52,playing,0
108.2705,2.3787,0,0,0.18988,0,220.43,playing,0
108.2871,2.3787,0,0,0.18988,0,219.65,playing,0
108.3032,2.3787,0,0,0.21574,0,219.2,playing,0
108.3192,0.4081,0,0,0.21574,0,219.03,playing,0
108.3345,0.4081,0,0,0.21574,0,219.15,playing,0
108.3518,0.2461,0,0,0.21574,0,219.54,playing,0
108.368,0.2461,0,0,0.22311,1,220.28,playing,0
108.3836,0.2461,0,0,0.22311,0,221.26,playing,0
108.4002,-0.5263,0,0,0.22311,0,222.52,playing,0
108.4164,-0.5263,0,0,0.22311,0,224.17,playing,0
108.4325,-0.5263,0,0,0.21007,0,226.01,playing,0
108.4491,-0.5263,0,0,0.21007,0,228.13,playing,0
108.4663,-0.5263,0,0,0.21007,0,230.7,playing,0
108.4826,-0.5263,0,0,0.21007,0,233.59,playing,0
108.4992,-3.7222,0,0,0.33188,0,236.59,playing,0
108.5154,-3.7222,0,0,0.33188,0,239.87,playing,0
108.5325,-4.2514,0,0,0.33188,0,243.67,playing,0
108.5486,-4.2514,0,0,0.26234,0,247.8,playing,0
108.5651,-4.2514,0,0,0.26234,0,251.96,playing,0
108.5823,-4.2514,0,0,0.26234,0,256.7,playing,0
108.5989,-4.2514,0,0,0.29271,0,261.75,playing,0
108.615,-4.2514,0,0,0.29271,0,266.8,playing,0
108.6308,-3.4856,0,0,0.29271,0,272.12,playing,0
108.6469,-3.4856,0,0,0.26203,0,277.72,playing,0
108.6635,-3.4856,0,0,0.26203,0,283.61,playing,0
108.6806,-2.6813,0,0,0.26203,0,290.18,playing,0
108.6968,-2.6813,0,0,0.26332,0,297.07,playing,0
108.7134,-2.5557,0,0,0.26332,0,303.84,playing,0
108.7296,-2.5557,0,0,0.26332,0,311.35,playing,0
108.746,-2.5557,0,0,0.27989,0,318.69,playing,0
108.7615,-1.4639,0,0,0.27989,0,326.32,playing,0
108.7781,-1.4639,0,0,0.27989,0,334.23,playing,0
108.7947,-1.4639,0,0,0.29975,0,342.42,playing,0
108.8114,-0.3349,0,0,0.29975,0,351.45,playing,0
108.8285,-0.3349,0,0,0.29975,0,360.79,playing,0
108.8451,1.7818,0,0,0.31988,0,370.44,playing,0
108.8619,5.5481,0,0,0.31988,0,380.42,playing,0
108.8776,5.5481,0,0,0.31988,0,390.09,playing,0
108.8942,6.0147,0,0,0.31508,0,400.04,playing,0
108.9103,6.0147,0,0,0.31508,0,410.28,playing,0
108.9271,6.0147,0,0,0.31508,0,421.47,playing,0
108.9432,5.6024,0,0,0.31195,0,432.28,playing,0
108.9595,5.6024,0,0,0.31195,0,443.38,playing,0
108.9757,5.6024,0,0,0.31195,0,455.28,playing,0
108.9959,4.3063,0,0,0.31195,0,466.48,playing,0
109.0124,4.3063,0,0,0.30422,0,480.48,playing,0
109.0297,3.3405,0,0,0.30422,0,492.38,playing,0
109.0455,3.3405,0,0,0.30422,0,504.28,dead,0
109.0621,3.3405,0,0,0.30422,0,496.0,dead,0
109.0787,2.1406,0,0,0.30422,0,496.0,dead,0
109.0944,2.1406,0,0,0.25524,0,496.0,dead,0
109.1115,2.1406,0,0,0.25524,0,496.0,dead,0
109.1286,1.3025,0,0,0.25524,0,496.0,dead,0
109.1458,1.3025,0,0,0.27211,0,496.0,dead,0
109.1624,0.4732,0,0,0.27211,0,496.0,dead,0
109.1785,0.4732,0,0,0.27211,0,496.0,dead,0
109.1951,0.4732,0,0,0.27211,0,496.0,dead,0
109.2108,0.0911,0,0,0.27211,0,496.0,dead,0
109.2271,0.0911,0,0,0.30112,0,496.0,dead,0
109.2442,0.0911,0,0,0.30112,0,496.0,dead,0
109.2621,-7.1174,0,0,0.30112,0,496.0,dead,0
109.2775,-7.1174,0,0,0.30112,0,496.0,dead,0
109.2942,-7.1174,0,0,0.23387,0,496.0,dead,0
109.3099,-10.5763,0,0,0.23387,0,496.0,dead,0
109.326,-10.5763,0,0,0.23387,0,496.0,dead,0
109.3422,-6.8449,0,0,0.23387,0,496.0,dead,0
109.3594,-6.8449,0,0,0.23834,0,496.0,dead,0
109.3755,-6.8449,0,0,0.23834,0,496.0,dead,0
109.3916,14.4823,1,0,0.23834,0,496.0,dead,0
109.4075,14.4823,0,0,0.23386,0,285.0,playing,0
109.4236,14.4823,0,0,0.23386,0,279.04,playing,0
109.4396,12.0238,0,0,0.23386,0,273.36,playing,0
109.4558,12.0238,0,0,0.23386,0,267.97,playing,0
109.4725,12.0238,0,0,0.23386,0,262.86,playing,0
109.4891,8.2835,0,0,0.16646,0,257.74,playing,0
109.5052,8.2835,0,0,0.16646,0,253.21,playing,0
109.5213,3.3808,0,0,0.16646,0,248.96,playing,0
109.5375,3.3808,0,0,0.16646,0,244.76,playing,0
109.5541,3.3808,0,0,0.15367,0,241.09,playing,0
109.57,2.8925,0,0,0.15367,0,237.7,playing,0
109.5857,2.8925,0,0,0.15367,0,234.59,playing,0
109.6017,2.8925,0,0,0.16949,0,231.77,playing,0
109.6179,1.9509,0,0,0.16949,0,229.22,playing,0
109.6344,1.9509,0,0,0.16949,0,226.96,playing,0
109.6505,1.9509,0,0,0.22494,1,224.87,playing,0
109.6671,0.581,0,0,0.22494,0,223.19,playing,0
109.6826,0.581,0,0,0.22494,0,221.79,playing,0
109.6986,0.581,0,0,0.22494,0,220.67,playing,0
109.7168,-0.5237,0,0,0.22494,0,219.84,playing,0
109.7325,-0.5237,0,0,0.29384,0,219.25,playing,0
109.7491,0.6917,0,0,0.29384,0,219.01,playing,0
109.7647,0.6917,0,0,0.29384,0,219.06,playing,0
109.7815,0.6917,0,0,0.29384,0,219.38,playing,0
109.7982,0.6917,0,0,0.26656,0,220.04,playing,0
109.8159,0.6917,0,0,0.26656,0,221.03,playing,0
109.8325,0.6917,0,0,0.26656,0,222.32,playing,0
109.8496,-1.2453,0,0,0.27379,0,223.94,playing,0
109.8659,-1.2453,0,0,0.27379,0,225.88,playing,0
109.8816,-2.3348,0,0,0.27379,0,227.98,playing,0
109.8986,-2.3348,0,0,0.27379,0,230.36,playing,0
109.9148,-2.3348,0,0,0.30736,0,233.21,playing,0
109.9315,-1.7627,0,0,0.30736,0,236.18,playing,0
109.9481,-1.7627,0,0,0.30736,0,239.65,playing,0
109.9647,-1.7627,0,0,0.30736,0,243.19,playing,0
109.9845,-0.5434,0,0,0.3094,0,247.28,playing,0
110.0013,-0.5434,0,0,0.3094,0,252.52,playing,0
110.0183,-0.5434,0,0,0.3094,0,257.3,playing,0
110.0354,-0.5434,0,0,0.3094,0,262.39,playing,0
110.052,-0.5434,0,0,0.31253,0,267.81,playing,0
110.0674,-3.4422,0,0,0.31253,0,273.18,playing,0
110.084,-3.4422,0,0,0.31253,0,278.84,playing,0
110.1002,-3.4422,0,0,0.31253,0,284.78,playing,0
110.1164,-3.6467,0,0,0.30762,0,291.0,playing,0
110.1336,-3.6467,0,0,0.30762,0,297.93,playing,0
110.1508,-3.6467,0,0,0.30762,0,305.17,playing,0
110.1666,-3.6467,0,0,0.29312,0,312.74,playing,0
110.1825,-3.6467,0,0,0.29312,0,320.14,playing,0
110.1988,-2.0651,0,0,0.29312,0,327.82,playing,0
110.2151,-2.0651,0,0,0.29312,0,335.78,playing,0
110.2314,-2.0651,0,0,0.29312,0,344.03,playing,0
110.2485,-2.0667,0,0,0.31115,0,353.1,playing,0
110.2651,-2.0667,0,0,0.31115,0,362.5,playing,0
110.2813,-2.0667,0,0,0.31115,0,371.62,playing,0
110.298,-1.5812,0,0,0.31565,0,381.64,playing,0
110.3141,-1.5812,0,0,0.31565,0,391.34,playing,0
110.3306,-1.3115,0,0,0.31565,0,401.33,playing,0
110.3469,-1.3115,0,0,0.30476,0,412.26,playing,0
110.363,-1.3115,0,0,0.30476,0,422.83,playing,0
110.3795,-1.0786,0,0,0.30476,0,433.68,playing,0
110.3982,-1.0786,0,0,0.30476,0,445.52,playing,0
110.4134,-1.0786,0,0,0.30529,0,458.12,playing,0
110.4307,-1.0121,0,0,0.30529,0,469.32,playing,0
110.4474,-1.0121,0,0,0.30529,0,481.22,playing,0
110.4641,-1.0121,0,0,0.30529,0,493.12,playing,0
110.4799,-0.5213,0,0,0.31605,0,504.32,dead,0
110.4961,-0.5213,0,0,0.31605,0,496.0,dead,0
110.5117,0.2637,0,0,0.31605,0,496.0,dead,0
110.5279,0.576,0,0,0.31605,0,496.0,dead,0
110.544,0.576,0,0,0.27375,0,496.0,dead,0
110.5601,0.0919,0,0,0.27375,0,496.0,dead,0
110.5762,0.0919,0,0,0.27375,0,496.0,dead,0
110.5918,0.0919,0,0,0.26911,0,496.0,dead,0
110.6078,0.1792,0,0,0.26911,0,496.0,dead,0
110.6241,0.1792,0,0,0.26911,0,496.0,dead,0
110.6398,0.1792,0,0,0.26911,0,496.0,dead,0
110.6556,-0.0075,0,0,0.26592,0,496.0,dead,0
110.6723,-0.0075,0,0,0.26592,0,496.0,dead,0
110.6894,-0.697,0,0,0.26592,0,496.0,dead,0
110.7062,-0.697,0,0,0.26592,0,496.0,dead,0
110.7223,-0.697,0,0,0.29259,0,496.0,dead,0
110.7385,-1.789,0,0,0.29259,0,496.0,dead,0
110.7557,-1.789,0,0,0.28107,0,496.0,dead,0
110.7718,-1.789,0,0,0.28107,0,496.0,dead,0
110.7884,-2.1015,0,0,0.29186,0,496.0,dead,0
110.8056,-2.1015,0,0,0.29186,0,496.0,dead,0
110.8217,-2.1015,0,0,0.29186,0,496.0,dead,0
110.8384,-2.1015,0,0,0.29829,0,496.0,dead,0
110.8555,-2.1015,0,0,0.29829,0,496.0,dead,0
110.8721,-4.0076,0,0,0.29829,0,496.0,dead,0
110.8892,-4.0076,0,0,0.29875,0,496.0,dead,0
110.9049,-4.0076,0,0,0.29875,0,496.0,dead,0
110.9214,-4.3722,0,0,0.28041,0,496.0,dead,0
110.938,-4.3722,0,0,0.28041,0,496.0,dead,0
110.9536,-4.3722,0,0,0.28041,0,496.0,dead,0
110.9701,-4.3334,0,0,0.2743,0,496.0,dead,0
110.9859,-4.3334,0,0,0.2743,0,496.0,dead,0
111.002,-4.3334,0,0,0.2743,0,496.0,dead,0
111.0181,-4.3334,0,0,0.32353,0,496.0,dead,0
111.0341,-4.3334,0,0,0.32353,0,496.0,dead,0
111.0509,-3.2701,0,0,0.32353,0,496.0,dead,0
111.067,-1.4802,0,0,0.32353,0,496.0,dead,0
111.0826,-1.4802,0,0,0.27417,0,496.0,dead,0
111.0984,-0.3067,0,0,0.27417,0,496.0,dead,0
111.1145,-0.3067,0,0,0.27417,0,496.0,dead,0
111.1306,-0.3067,0,0,0.27417,0,496.0,dead,0
111.1469,0.8627,0,0,0.2866,0,496.0,dead,0
111.1625,0.8627,0,0,0.2866,0,496.0,dead,0
111.1791,0.8627,0,0,0.2866,0,496.0,dead,0
111.1952,1.8324,0,0,0.2968,0,496.0,dead,0
111.2124,1.8324,0,0,0.2968,0,496.0,dead,0
111.2285,1.8324,0,0,0.2968,0,496.0,dead,0
111.245,2.3927,0,0,0.30394,0,496.0,dead,0
111.2611,2.3927,0,0,0.30394,0,496.0,dead,0
111.2772,3.9483,0,0,0.30394,0,496.0,dead,0
111.2925,3.9483,0,0,0.29462,0,496.0,dead,0
111.3093,3.9483,0,0,0.29462,0,496.0,dead,0
111.326,4.5988,0,0,0.29462,0,496.0,dead,0
111.3426,4.5988,0,0,0.28974,0,496.0,dead,0
111.3591,4.5988,0,0,0.28974,0,496.0,dead,0
111.375,4.102,0,0,0.28974,0,496.0,dead,0
111.3906,4.102,0,0,0.28974,0,496.0,dead,0
111.4064,4.102,0,0,0.27032,0,496.0,dead,0
111.423,4.1671,0,0,0.27032,0,496.0,dead,0
111.4391,4.1671,0,0,0.27032,0,496.0,dead,0
111.4547,3.8804,0,0,0.28614,0,496.0,dead,0
111.4705,3.8804,0,0,0.28614,0,496.0,dead,0
111.487,3.8804,0,0,0.28614,0,496.0,dead,0
111.5029,1.4751,0,0,0.28516,0,496.0,dead,0
111.5188,1.4751,0,0,0.28516,0,496.0,dead,0
111.5357,1.4751,0,0,0.28516,0,496.0,dead,0
111.5519,1.668,0,0,0.28516,0,496.0,dead,0
111.5683,1.668,0,0,0.31104,0,496.0,dead,0
111.5839,1.668,0,0,0.31104,0,496.0,dead,0
111.5998,1.1865,0,0,0.31104,0,496.0,dead,0
111.6159,1.1865,0,0,0.29981,0,496.0,dead,0
111.6319,1.1865,0,0,0.29981,0,496.0,dead,0
111.6475,0.5927,0,0,0.29981,0,496.0,dead,0
111.6641,0.5927,0,0,0.29981,0,496.0,dead,0
111.6804,-0.03,0,0,0.29981,0,496.0,dead,0
111.697,-0.03,0,0,0.29981,0,496.0,dead,0
111.7133,-0.03,0,0,0.28472,0,496.0,dead,0
111.7297,0.8358,0,0,0.28472,0,496.0,dead,0
111.7464,0.8358,0,0,0.28472,0,496.0,dead,0
111.7645,0.8358,0,0,0.28472,0,496.0,dead,0
111.781,-0.4138,0,0,0.27728,0,496.0,dead,0
111.7967,-0.4138,0,0,0.27728,0,496.0,dead,0
111.8128,-0.4138,0,0,0.27728,0,496.0,dead,0
111.8285,-0.5206,0,0,0.30582,0,496.0,dead,0
111.845,-0.5206,0,0,0.30582,0,496.0,dead,0
111.8617,-0.9896,0,0,0.30582,0,496.0,dead,0
111.8775,-0.9896,0,0,0.30582,0,496.0,dead,0
111.8947,-0.9896,0,0,0.27692,0,496.0,dead,0
111.9105,-1.033,0,0,0.27692,0,496.0,dead,0
111.9268,-1.033,0,0,0.27692,0,496.0,dead,0
111.9429,-1.033,0,0,0.27692,0,496.0,dead,0
111.9625,-1.4233,0,0,0.27692,0,496.0,dead,0
111.9786,-1.4233,0,0,0.30403,0,496.0,dead,0
111.9947,-1.4757,0,0,0.30403,0,496.0,dead,0
112.0116,-1.4757,0,0,0.30403,0,496.0,dead,0
112.0281,-1.4757,0,0,0.30403,0,496.0,dead,0
112.0443,-1.5994,0,0,0.32569,0,496.0,dead,0
112.0609,-1.5994,0,0,0.32569,0,496.0,dead,0
112.077,-1.5994,0,0,0.32569,0,496.0,dead,0
112.0931,-1.5994,0,0,0.32569,0,496.0,dead,0
112.1114,-1.5994,0,0,0.31817,0,496.0,dead,0
112.1277,-1.5994,0,0,0.31817,0,496.0,dead,0
112.1523,0.3818,0,0,0.31817,0,496.0,dead,0
112.1698,0.3818,0,0,0.31817,0,496.0,dead,0
112.1901,-1.5657,0,0,0.32638,0,496.0,dead,0
112.208,-1.5315,0,0,0.32638,0,496.0,dead,0
112.2246,-1.2126,0,0,0.32638,0,496.0,dead,0
112.2407,-1.2126,0,0,0.32638,0,496.0,dead,0
112.2579,-1.2126,0,0,0.32638,0,496.0,dead,0
112.2792,-0.7416,0,0,0.32638,0,496.0,dead,0
112.2969,-0.7416,0,0,0.2983,0,496.0,dead,0
112.313,0.0577,0,0,0.2983,0,496.0,dead,0
112.3306,0.0577,0,0,0.2983,0,496.0,dead,0
112.3473,0.0577,0,0,0.2983,0,496.0,dead,0
112.3674,-3.0038,0,0,0.2983,0,496.0,dead,0
112.3852,-3.0038,0,0,0.2746,0,496.0,dead,0
112.4005,-13.976,1,0,0.2746,0,496.0,dead,0
112.4176,-12.599,0,0,0.2746,0,285.0,playing,0
112.4338,-12.599,0,0,0.2746,0,278.69,playing,0
112.4505,-5.5643,0,0,0.2746,0,273.03,playing,0
112.4671,-5.5643,0,0,0.29509,0,267.33,playing,0
112.4844,-5.5643,0,0,0.29509,0,262.26,playing,0
112.5012,8.5295,0,0,0.29509,0,256.9,playing,0
112.5178,8.5295,0,0,0.29509,0,252.16,playing,0
112.5341,8.5295,0,0,0.24615,0,247.98,playing,0
112.5499,10.9335,0,0,0.24615,0,244.08,playing,0
112.5666,10.9335,0,0,0.24615,0,240.46,playing,0
112.5828,8.3647,0,0,0.24615,0,236.93,playing,0
112.599,8.3647,0,0,0.24615,0,233.9,playing,0
112.6152,8.3647,0,0,0.24615,0,231.14,playing,0
112.631,-10.488,0,0,0.25087,0,228.67,playing,0
112.6473,-10.488,0,0,0.25087,0,226.48,playing,0
112.6638,-10.488,0,0,0.25087,0,224.47,playing,0
112.6799,-8.2935,0,0,0.25087,0,222.85,playing,0
112.6965,-8.2935,0,0,0.25087,0,221.52,playing,0
112.7131,-8.2935,0,0,0.1848,0,220.43,playing,0
112.7289,15.1542,0,0,0.1848,0,219.68,playing,0
112.7452,15.1542,0,0,0.1848,0,219.21,playing,0
112.7625,14.6908,0,0,0.1848,0,219.03,playing,0
112.7794,14.6908,0,0,0.20338,0,219.17,playing,0
112.7958,14.6908,0,0,0.20338,0,219.63,playing,0
112.8121,12.173,0,0,0.20338,0,220.34,playing,0
112.828,12.173,0,0,0.20338,0,221.34,playing,0
112.8441,12.173,0,0,0.20338,0,222.61,playing,0
112.8597,12.173,0,0,0.17937,0,224.17,playing,0
112.8759,12.173,0,0,0.17937,0,226.01,playing,0
112.892,12.173,0,0,0.17937,0,228.13,playing,0
112.9081,2.4963,0,0,0.17937,0,230.53,playing,0
112.9248,2.4963,0,0,0.162,0,233.21,playing,0
112.9415,-4.842,0,0,0.162,0,236.38,playing,0
112.9584,-4.842,0,0,0.162,0,239.87,playing,0
112.9746,-4.842,0,0,0.162,0,243.67,playing,0
112.9916,-17.9821,1,0,0.29303,1,247.54,playing,0
113.0078,-17.9821,0,0,0.29303,0,241.22,playing,0
113.0238,-17.9821,0,0,0.29303,0,235.56,playing,0
113.0406,-16.2326,0,0,0.29303,0,230.19,playing,0
113.0576,-16.2326,0,0,0.27002,0,224.79,playing,0
113.0774,-4.606,0,0,0.27002,0,219.71,playing,0
113.0936,-4.606,0,0,0.27002,0,214.43,playing,0
113.1098,-4.606,0,0,0.27002,0,210.03,playing,0
113.1265,1.501,0,0,0.27002,0,206.17,playing,0
113.1431,1.501,0,0,0.2337,0,202.38,playing,0
113.159,1.501,0,0,0.2337,0,199.09,playing,0
113.1751,1.501,0,0,0.2337,0,196.09,playing,0
113.1912,1.501,0,0,0.2337,0,193.37,playing,0
113.2087,1.501,0,0,0.22789,0,190.8,playing,0
113.226,2.1764,0,0,0.22789,0,188.55,playing,0
113.2417,2.1764,0,0,0.22789,0,186.61,playing,0
113.2576,1.9436,0,0,0.22789,0,185.07,playing,0
113.2739,2.6164,0,0,0.22789,0,183.81,playing,0
113.2898,2.6164,0,0,0.22789,0,182.83,playing,0
113.3061,-0.1402,0,0,0.24208,0,182.14,playing,0
113.322,-0.1402,0,0,0.24208,0,181.72,playing,0
113.3381,-0.1402,0,0,0.24208,0,181.59,playing,0
113.3537,-1.3204,0,0,0.24208,0,181.74,playing,0
113.37,-1.3204,0,0,0.23004,0,182.17,playing,0
113.3859,-1.3204,0,0,0.23004,0,182.88,playing,0
113.4021,-2.7357,0,0,0.23004,0,183.87,playing,0
113.4186,-2.7357,0,0,0.23004,0,185.15,playing,0
113.4353,-2.7357,0,0,0.23004,0,186.82,playing,0
113.4525,-2.7357,0,0,0.3214,0,188.81,playing,0
113.4696,-2.7357,0,0,0.3214,0,191.12,playing,0
113.4857,-2.6438,0,0,0.3214,0,193.75,playing,0
113.502,-2.6438,0,0,0.3214,0,196.5,playing,0
113.5181,-2.6438,0,0,0.30592,0,199.54,playing,0
113.5336,-4.8223,0,0,0.30592,0,202.85,playing,0
113.5497,-4.8223,0,0,0.30592,0,206.45,playing,0
113.5663,-4.8223,0,0,0.30592,0,210.33,playing,0
113.5829,-4.099,0,0,0.26282,0,214.77,playing,0
113.5992,-4.099,0,0,0.26282,0,219.23,playing,0
113.6166,-3.0808,0,0,0.26282,0,224.29,playing,0
113.6342,-3.0808,0,0,0.26282,0,230.0,playing,0
113.6512,-3.0808,0,0,0.26282,0,235.71,playing,0
113.6678,-2.6214,0,0,0.18726,0,241.74,playing,0
113.6842,-2.6214,0,0,0.18726,0,247.7,playing,0
113.7011,-2.6214,0,0,0.18726,0,254.35,playing,0
113.7172,-2.0636,0,0,0.18726,0,260.89,playing,0
113.7338,-2.0636,0,0,0.22387,1,268.15,playing,0
113.7507,-0.6252,0,0,0.22387,0,275.27,playing,0
113.7671,-0.6117,0,0,0.22387,0,283.15,playing,0
113.7832,-0.6117,0,0,0.22387,0,290.85,playing,0
113.8025,0.1434,0,0,0.21399,0,299.35,playing,0
113.8189,0.1434,0,0,0.21399,0,309.24,playing,0
113.8347,0.1434,0,0,0.21399,0,317.86,playing,0
113.8508,2.3093,0,0,0.21399,0,326.75,playing,0
113.8666,2.3093,0,0,0.22547,0,335.93,playing,0
113.8842,2.3093,0,0,0.22547,0,345.39,playing,0
113.9004,2.3903,0,0,0.22547,0,355.76,playing,0
113.9174,2.3903,0,0,0.22547,0,366.44,playing,0
113.9342,2.6394,0,0,0.20453,0,377.45,playing,0
113.9507,2.6394,0,0,0.20453,0,388.09,playing,0
113.967,2.6394,0,0,0.20453,0,399.71,playing,0
113.9831,1.1421,0,0,0.20453,0,410.91,playing,0
113.9992,1.1421,0,0,0.20453,0,422.11,playing,0
114.016,1.1421,0,0,0.205,0,433.31,playing,0
114.0321,0.9529,0,0,0.205,0,445.21,playing,0
114.0486,0.9529,0,0,0.205,0,456.41,playing,0
114.0652,0.9529,0,0,0.205,0,468.31,playing,0
114.0814,0.6899,0,0,0.23003,1,479.51,playing,0
114.0979,0.6899,0,0,0.23003,0,491.41,playing,0
114.1137,-1.0097,0,0,0.23003,0,502.61,dead,0
114.1307,-1.0097,0,0,0.23003,0,496.0,dead,0
114.1474,-1.0097,0,0,0.24152,0,496.0,dead,0
114.1642,-11.6889,0,0,0.24152,0,496.0,dead,0
114.1798,-11.6889,0,0,0.24152,0,496.0,dead,0
114.1961,-11.6889,0,0,0.22056,0,496.0,dead,0
114.2123,0.3546,1,0,0.22056,0,496.0,dead,0
114.2287,0.3546,0,0,0.22056,0,285.0,playing,0
114.2452,0.3546,0,0,0.17847,0,279.04,playing,0
114.262,0.3546,0,0,0.17847,0,273.03,playing,0
114.2781,0.3546,0,0,0.17847,0,267.65,playing,0
114.2949,4.1753,0,0,0.17847,0,262.26,playing,0
114.3114,4.1753,0,0,0.17266,0,257.46,playing,0
114.3281,4.1753,0,0,0.17266,0,252.68,playing,0
114.3442,3.4169,0,0,0.17266,0,248.46,playing,0
114.3608,3.4169,0,0,0.12819,0,244.3,playing,0
114.3771,3.4169,0,0,0.12819,0,240.67,playing,0
114.3927,3.4686,0,0,0.12819,0,237.31,playing,0
114.4089,3.4686,0,0,0.12819,0,234.24,playing,0
114.4247,3.4686,0,0,0.26778,1,231.45,playing,0
114.4412,3.4686,0,0,0.26778,0,228.94,playing,0
114.458,3.4686,0,0,0.26778,0,226.59,playing,0
114.4751,2.6203,0,0,0.26778,0,224.67,playing,0
114.4912,2.6203,0,0,0.23775,0,222.94,playing,0
114.5077,2.6203,0,0,0.23775,0,221.59,playing,0
114.5237,1.5333,0,0,0.23775,0,220.48,playing,0
114.5429,1.5333,0,0,0.27262,0,219.71,playing,0
114.5569,1.5333,0,0,0.27262,0,219.21,playing,0
114.5725,1.1141,0,0,0.27262,0,219.03,playing,0
114.5909,1.1141,0,0,0.27262,0,219.12,playing,0
114.6082,1.4487,0,0,0.25825,0,219.63,playing,0
114.6252,1.4487,0,0,0.25825,0,220.41,playing,0
114.6425,1.4487,0,0,0.25825,0,221.5,playing,0
114.6591,1.1057,0,0,0.29231,0,222.91,playing,0
114.6758,1.1057,0,0,0.29231,0,224.52,playing,0
114.6921,1.1057,0,0,0.29231,0,226.55,playing,0
114.7084,1.5963,0,0,0.27827,0,228.74,playing,0
114.7254,1.5963,0,0,0.27827,0,231.39,playing,0
114.7425,1.5963,0,0,0.27827,0,234.35,playing,0
114.7591,1.5963,0,0,0.2747,0,237.63,playing,0
114.7753,1.5963,0,0,0.2747,0,241.0,playing,0
114.7925,1.0627,0,0,0.2747,0,244.9,playing,0
114.8091,1.0627,0,0,0.27068,0,249.11,playing,0
114.8257,1.0627,0,0,0.27068,0,253.36,playing,0
114.8418,0.7827,0,0,0.27068,0,258.2,playing,0
114.858,0.7827,0,0,0.28308,0,263.03,playing,0
114.8739,0.7827,0,0,0.28308,0,268.14,playing,0
114.8908,-0.0907,0,0,0.28308,0,273.53,playing,0
114.9073,-0.0907,0,0,0.28308,0,279.58,playing,0
114.9235,-0.0907,0,0,0.30536,0,285.95,playing,0
114.9404,-0.0907,0,0,0.30536,0,292.22,playing,0
114.9575,-0.0907,0,0,0.30536,0,299.21,playing,0
114.9732,-0.0907,0,0,0.30536,0,306.06,playing,0
114.997,-0.0907,0,0,0.31525,0,313.66,playing,0
115.0164,-0.5171,0,0,0.31525,0,324.53,playing,0
115.0331,-0.8712,0,0,0.31525,0,334.41,playing,0
115.0496,-0.8712,0,0,0.31525,0,342.61,playing,0
115.066,-0.7762,0,0,0.30127,0,351.63,playing,0
115.0826,-0.7762,0,0,0.30127,0,360.4,playing,0
115.0995,-0.7762,0,0,0.30127,0,370.04,playing,0
115.1167,-2.4145,0,0,0.30127,0,380.0,playing,0
115.1332,-2.4145,0,0,0.30127,0,390.27,playing,0
115.1519,-2.4145,0,0,0.30127,0,400.22,playing,0
115.1746,-2.3407,0,0,0.27853,0,412.44,playing,0
115.1919,-1.6915,0,0,0.27853,0,427.81,playing,0
115.2079,-1.6915,0,0,0.27853,0,439.48,playing,0
115.2238,-1.6915,0,0,0.27853,0,450.68,playing,0
115.2398,0.5919,0,0,0.31313,0,461.88,playing,0
115.2566,0.5919,0,0,0.31313,0,473.08,playing,0
115.2732,0.5919,0,0,0.31313,0,484.98,playing,0
115.2889,0.6286,0,0,0.29144,0,496.18,dead,0
115.3048,0.6286,0,0,0.29144,0,496.0,dead,0
115.3211,0.6286,0,0,0.29144,0,496.0,dead,0
115.3389,0.2725,0,0,0.29144,0,496.0,dead,0
115.3551,0.2725,0,0,0.29144,0,496.0,dead,0
115.3707,0.3327,0,0,0.31813,0,496.0,dead,0
115.3865,0.3327,0,0,0.31813,0,496.0,dead,0
115.4026,0.3327,0,0,0.31813,0,496.0,dead,0
115.4196,0.2736,0,0,0.31813,0,496.0,dead,0
115.4364,0.2736,0,0,0.28935,0,496.0,dead,0
115.453,0.2736,0,0,0.28935,0,496.0,dead,0
115.469,0.4378,0,0,0.28935,0,496.0,dead,0
115.4851,0.4378,0,0,0.28935,0,496.0,dead,0
115.5024,0.4378,0,0,0.30767,0,496.0,dead,0
115.519,0.5301,0,0,0.30767,0,496.0,dead,0
115.535,0.5301,0,0,0.30767,0,496.0,dead,0
115.5514,-0.1281,0,0,0.30767,0,496.0,dead,0
115.5669,-0.1281,0,0,0.30767,0,496.0,dead,0
115.5858,-0.1281,0,0,0.30462,0,496.0,dead,0
115.6056,-0.3117,0,0,0.30462,0,496.0,dead,0
115.6233,-0.3117,0,0,0.30462,0,496.0,dead,0
115.6435,0.5308,0,0,0.30462,0,496.0,dead,0
115.6597,0.5308,0,0,0.30462,0,496.0,dead,0
115.6766,0.5308,0,0,0.30033,0,496.0,dead,0
115.6933,0.5308,0,0,0.30033,0,496.0,dead,0
115.7115,0.5308,0,0,0.30033,0,496.0,dead,0
115.7284,0.5308,0,0,0.30033,0,496.0,dead,0
115.7451,0.5218,0,0,0.30033,0,496.0,dead,0
115.7634,0.5218,0,0,0.28161,0,496.0,dead,0
115.7843,0.2973,0,0,0.28161,0,496.0,dead,0
115.8091,0.0253,0,0,0.28161,0,496.0,dead,0
115.8277,-0.0378,0,0,0.28161,0,496.0,dead,0
115.8472,-0.0378,0,0,0.28161,0,496.0,dead,0
115.867,0.6282,0,0,0.31458,0,496.0,dead,0
115.8857,0.4506,0,0,0.31458,0,496.0,dead,0
115.9033,0.4506,0,0,0.31458,0,496.0,dead,0
115.9207,-0.7416,0,0,0.31458,0,496.0,dead,0
115.937,-0.7416,0,0,0.31458,0,496.0,dead,0
115.956,-0.7416,0,0,0.31458,0,496.0,dead,0
115.975,-1.2984,0,0,0.2845,0,496.0,dead,0
115.9911,-1.2984,0,0,0.2845,0,496.0,dead,0
116.0085,-1.0116,0,0,0.2845,0,496.0,dead,0
116.0246,-1.0116,0,0,0.2845,0,496.0,dead,0
116.0414,-1.0116,0,0,0.2845,0,496.0,dead,0
116.059,-1.1603,0,0,0.30977,0,496.0,dead,0
116.0749,-1.1603,0,0,0.30977,0,496.0,dead,0
116.091,-1.1603,0,0,0.30977,0,496.0,dead,0
116.1071,-1.1603,0,0,0.30977,0,496.0,dead,0
116.1232,-1.1603,0,0,0.30977,0,496.0,dead,0
116.1396,-0.0765,0,0,0.30655,0,496.0,dead,0
116.1563,-0.0765,0,0,0.30655,0,496.0,dead,0
116.175,-0.0765,0,0,0.30655,0,496.0,dead,0
116.191,-0.2476,0,0,0.30655,0,496.0,dead,0
116.2066,-0.2476,0,0,0.30655,0,496.0,dead,0
116.2228,-0.2476,0,0,0.28358,0,496.0,dead,0
116.2388,-0.2016,0,0,0.28358,0,496.0,dead,0
116.2555,-0.2016,0,0,0.28358,0,496.0,dead,0
116.2722,0.2172,0,0,0.28358,0,496.0,dead,0
116.2874,0.2172,0,0,0.30469,0,496.0,dead,0
116.304,0.2172,0,0,0.30469,0,496.0,dead,0
116.3199,1.1462,0,0,0.30469,0,496.0,dead,0
116.3361,1.1462,0,0,0.30469,0,496.0,dead,0
116.3535,1.1462,0,0,0.30058,0,496.0,dead,0
116.3704,0.7943,0,0,0.30058,0,496.0,dead,0
116.3865,0.7943,0,0,0.30058,0,496.0,dead,0
116.4026,0.7943,0,0,0.30058,0,496.0,dead,0
116.4263,0.9131,0,0,0.3125,0,496.0,dead,0
116.4431,0.9131,0,0,0.3125,0,496.0,dead,0
116.4632,0.6894,0,0,0.3125,0,496.0,dead,0
116.4833,0.6894,0,0,0.3125,0,496.0,dead,0
116.4995,0.6894,0,0,0.3125,0,496.0,dead,0
116.5163,0.6894,0,0,0.32828,0,496.0,dead,0
116.5326,0.6894,0,0,0.32828,0,496.0,dead,0
116.5493,-0.667,0,0,0.32828,0,496.0,dead,0
116.5659,-0.667,0,0,0.32828,0,496.0,dead,0
116.5826,-0.667,0,0,0.30058,0,496.0,dead,0
116.5988,-0.9194,0,0,0.30058,0,496.0,dead,0
116.6149,-0.9194,0,0,0.30058,0,496.0,dead,0
116.631,-0.6933,0,0,0.30058,0,496.0,dead,0
116.6522,-0.6933,0,0,0.30746,0,496.0,dead,0
116.6674,-0.6933,0,0,0.30746,0,496.0,dead,0
116.6885,-0.419,0,0,0.30746,0,496.0,dead,0
116.7051,-0.419,0,0,0.30746,0,496.0,dead,0
116.7226,-1.7044,0,0,0.30746,0,496.0,dead,0
116.7395,-1.7044,0,0,0.30746,0,496.0,dead,0
116.7586,-1.7044,0,0,0.31235,0,496.0,dead,0
116.7748,-1.7044,0,0,0.31235,0,496.0,dead,0
116.7915,-1.7044,0,0,0.31235,0,496.0,dead,0
116.8081,-1.7044,0,0,0.31235,0,496.0,dead,0
116.8317,-0.9605,0,0,0.30972,0,496.0,dead,0
116.8482,-0.6873,0,0,0.30972,0,496.0,dead,0
116.8643,-0.7598,0,0,0.30972,0,496.0,dead,0
116.8805,-0.7598,0,0,0.30972,0,496.0,dead,0
116.8973,-0.7598,0,0,0.30972,0,496.0,dead,0
116.9154,-0.1702,0,0,0.30114,0,496.0,dead,0
116.9325,-0.1702,0,0,0.30114,0,496.0,dead,0
116.9484,-0.5694,0,0,0.30114,0,496.0,dead,0
116.9645,-0.5694,0,0,0.30114,0,496.0,dead,0
116.9808,-0.5694,0,0,0.30019,0,496.0,dead,0
116.9969,-0.3066,0,0,0.30019,0,496.0,dead,0
117.0132,-0.3066,0,0,0.30019,0,496.0,dead,0
117.0305,-0.3066,0,0,0.30019,0,496.0,dead,0
117.0487,-0.3066,0,0,0.30019,0,496.0,dead,0
117.0649,-0.3066,0,0,0.321,0,496.0,dead,0
117.0807,0.2684,0,0,0.321,0,496.0,dead,0
117.0965,-0.0679,0,0,0.321,0,496.0,dead,0
117.1568,0.6142,0,0,0.321,0,496.0,dead,0
117.1868,0.6173,0,0,0.33577,0,496.0,dead,0
117.2081,0.6173,0,0,0.33577,0,496.0,dead,0
117.2235,0.5434,0,0,0.33577,0,496.0,dead,0
117.2406,0.5434,0,0,0.33577,0,496.0,dead,0
117.2567,0.5434,0,0,0.27436,0,496.0,dead,0
117.2735,0.3485,0,0,0.27436,0,496.0,dead,0
117.2902,0.3485,0,0,0.27436,0,496.0,dead,0
117.3079,0.4116,0,0,0.27436,0,496.0,dead,0
117.324,0.4116,0,0,0.27436,0,496.0,dead,0
117.3406,0.4116,0,0,0.27808,0,496.0,dead,0
117.3569,-0.1289,0,0,0.27808,0,496.0,dead,0
117.3726,-0.1289,0,0,0.27808,0,496.0,dead,0
117.3892,-0.1289,0,0,0.27808,0,496.0,dead,0
117.4105,-0.1677,0,0,0.27808,0,496.0,dead,0
117.427,-0.1677,0,0,0.28982,0,496.0,dead,0
117.4433,-0.1677,0,0,0.28982,0,496.0,dead,0
117.4605,0.1778,0,0,0.28982,0,496.0,dead,0
117.4791,0.1778,0,0,0.28982,0,496.0,dead,0
117.4993,-0.0893,0,0,0.30922,0,496.0,dead,0
117.5207,-0.0893,0,0,0.30922,0,496.0,dead,0
117.5435,-1.6569,0,0,0.30922,0,496.0,dead,0
117.56,-1.6569,0,0,0.30922,0,496.0,dead,0
117.5807,-23.2037,1,0,0.30922,0,496.0,dead,0
117.5963,-23.2037,0,0,0.32059,0,285.0,playing,0
117.6126,-23.2037,0,0,0.32059,0,279.04,playing,0
117.6288,-10.709,0,0,0.32059,0,273.36,playing,0
117.647,-10.709,0,0,0.32059,0,267.97,playing,0
117.6634,-10.709,0,0,0.32059,0,262.26,playing,0
117.6795,-10.0941,0,0,0.32059,0,257.18,playing,0
117.6966,-10.0941,0,0,0.28524,0,252.68,playing,0
117.7132,9.4222,0,0,0.28524,0,248.22,playing,0
117.7301,9.4222,0,0,0.28524,0,244.08,playing,0
117.7471,9.4222,0,0,0.28524,0,240.25,playing,0
117.763,9.5481,0,0,0.28524,0,236.93,playing,0
117.7805,9.5481,0,0,0.28524,0,233.9,playing,0
117.7975,9.5481,0,0,0.20496,0,230.84,playing,0
117.8138,6.546,0,0,0.20496,0,228.26,playing,0
117.83,6.546,0,0,0.20496,0,226.13,playing,0
117.8465,4.252,0,0,0.20496,0,224.27,playing,0
117.8629,2.5999,0,0,0.20496,0,222.61,playing,0
117.8817,2.5999,0,0,0.20496,0,221.34,playing,0
117.9004,1.0828,0,0,0.20677,0,220.22,playing,0
117.9171,1.0828,0,0,0.20677,0,219.49,playing,0
117.9329,1.0828,0,0,0.20677,0,219.17,playing,0
117.9488,0.4068,0,0,0.20677,0,219.12,playing,0
117.966,0.4068,0,0,0.21826,0,219.36,playing,0
117.9825,0.4068,0,0,0.21826,0,219.93,playing,0
117.9994,-1.1543,0,0,0.21826,0,220.82,playing,0
118.0177,-1.1543,0,0,0.21826,0,222.02,playing,0
118.0344,-0.9903,0,0,0.21826,0,223.65,playing,0
118.0508,-0.9903,0,0,0.24591,1,225.51,playing,0
118.0674,-0.9903,0,0,0.24591,0,227.55,playing,0
118.0846,-0.8084,0,0,0.24591,0,230.02,playing,0
118.1013,-0.8084,0,0,0.24591,0,232.82,playing,0
118.118,-1.5509,0,0,0.24591,0,235.93,playing,0
118.1341,-1.5509,0,0,0.28314,0,239.14,playing,0
118.1504,-1.5509,0,0,0.28314,0,242.64,playing,0
118.1671,-12.3693,1,0,0.28314,0,246.66,playing,0
118.1851,-12.3693,0,0,0.28314,0,240.71,playing,0
118.2007,-12.3693,0,0,0.251,0,234.36,playing,0
118.2181,-23.753,0,0,0.251,0,229.0,playing,0
118.2375,-23.753,0,0,0.251,0,223.62,playing,0
118.255,-12.3744,0,0,0.251,0,217.74,playing,0
118.2785,-12.3744,0,0,0.251,0,213.05,playing,0
118.2953,-12.3744,0,0,0.27479,0,207.07,playing,0
118.3125,-0.9585,0,0,0.27479,0,203.15,playing,0
118.3306,-0.9585,0,0,0.27479,0,199.55,playing,0
118.3486,14.4754,0,0,0.27479,0,196.09,playing,0
118.3764,14.4754,0,0,0.27479,0,193.0,playing,0
118.3945,12.8436,0,0,0.19213,0,189.04,playing,0
118.4122,12.8436,0,0,0.19213,0,186.85,playing,0
118.4359,9.9124,0,0,0.19213,0,185.1,playing,0
118.4586,9.9124,0,0,0.19213,0,183.26,playing,0
118.4768,6.9248,0,0,0.20979,0,182.08,playing,0
118.494,6.9248,0,0,0.20979,0,181.51,playing,0
118.51,6.9248,0,0,0.20979,0,181.31,playing,0
118.5265,6.9248,0,0,0.20979,0,181.38,playing,0
118.5429,6.9248,0,0,0.20979,0,181.78,playing,0
118.559,6.9248,0,0,0.20979,0,182.44,playing,0
118.5814,1.1931,0,0,0.20979,1,183.38,playing,0
118.598,1.1931,0,0,0.26244,0,185.32,playing,0
118.6181,0.0436,0,0,0.26244,0,186.95,playing,0
118.6341,0.0436,0,0,0.26244,0,189.42,playing,0
118.6526,0.0436,0,0,0.26244,0,191.68,playing,0
118.6695,-1.7127,0,0,0.26244,0,194.76,playing,0
118.6909,-1.7127,0,0,0.2814,0,197.84,playing,0
118.7071,-1.5844,0,0,0.2814,0,202.12,playing,0
118.7247,-1.5844,0,0,0.2814,0,205.91,playing,0
118.7404,-1.5844,0,0,0.2814,0,210.01,playing,0
118.7569,-1.6651,0,0,0.2814,0,214.16,playing,0
118.7746,-1.6651,0,0,0.30775,0,218.58,playing,0
118.7912,-1.6725,0,0,0.30775,0,223.92,playing,0
118.809,-1.6725,0,0,0.30775,0,229.27,playing,0
118.8253,-1.6725,0,0,0.30775,0,234.95,playing,0
118.8421,-6.9498,0,0,0.30775,0,240.94,playing,0
118.8596,-6.9498,0,0,0.28668,0,246.86,playing,0
118.8762,-6.9498,0,0,0.28668,0,253.88,playing,0
118.8935,-6.9498,0,0,0.28668,0,260.83,playing,0
118.9101,-6.9498,0,0,0.28668,0,268.09,playing,0
118.9262,-23.5895,1,0,0.28668,0,275.21,playing,0
118.9446,-8.6895,0,0,0.28668,0,269.25,playing,0
118.9616,-8.6895,0,0,0.30211,0,262.57,playing,0
118.9781,6.8256,0,0,0.30211,0,256.91,playing,0
118.9942,6.8256,0,0,0.30211,0,251.87,playing,0
119.0104,6.8256,0,0,0.30211,0,247.11,playing,0
119.0276,12.9835,0,0,0.18065,0,242.37,playing,0
119.0437,12.9835,0,0,0.18065,0,237.95,playing,0
119.0601,12.9835,0,0,0.18065,0,234.06,playing,0
119.0765,12.9835,0,0,0.18065,0,230.46,playing,0
119.0926,12.9835,0,0,0.18065,0,226.96,playing,0
119.109,5.3902,0,0,0.18065,0,223.94,playing,0
119.1256,5.3902,0,0,0.18065,0,221.2,playing,0
119.1421,5.3902,0,0,0.18065,0,218.61,playing,0
119.1578,0.4285,0,0,0.25076,1,216.45,playing,0
119.1741,0.4285,0,0,0.25076,0,214.58,playing,0
119.1911,0.4285,0,0,0.25076,0,212.9,playing,0
119.2072,-0.9184,0,0,0.25076,0,211.61,playing,0
119.2234,-0.9184,0,0,0.25878,0,210.55,playing,0
119.2397,-1.5796,0,0,0.25878,0,209.84,playing,0
119.256,-1.5796,0,0,0.25878,0,209.4,playing,0
119.2721,-1.5796,0,0,0.25878,0,209.25,playing,0
119.2887,-1.4605,0,0,0.25878,0,209.39,playing,0
119.3052,-1.7588,0,0,0.27457,0,209.84,playing,0
119.3221,-1.7588,0,0,0.27457,0,210.62,playing,0
119.3376,-1.4584,0,0,0.27457,0,211.63,playing,0
119.3542,-1.4584,0,0,0.27457,0,212.92,playing,0
119.3714,-1.4584,0,0,0.27457,0,214.61,playing,0
119.3894,-1.7471,0,0,0.29077,0,216.62,playing,0
119.4066,-1.7471,0,0,0.29077,0,219.11,playing,0
119.4232,-1.6305,0,0,0.29077,0,221.77,playing,0
119.4398,-1.6305,0,0,0.29077,0,224.75,playing,0
119.458,-1.6305,0,0,0.29077,0,227.84,playing,0
119.4746,-1.6305,0,0,0.27934,0,231.21,playing,0
119.4935,-1.6305,0,0,0.27934,0,235.61,playing,0
119.5108,-1.0831,0,0,0.27934,0,240.4,playing,0
119.528,-1.0831,0,0,0.27934,0,245.3,playing,0
119.5441,-1.0831,0,0,0.27934,0,249.94,playing,0
119.5617,-2.311,0,0,0.27934,0,254.86,playing,0
119.579,-21.0035,1,0,0.30979,0,261.1,playing,0
119.5953,-21.0035,0,0,0.30979,0,255.14,playing,0
119.6115,-8.6207,0,0,0.30979,0,249.13,playing,0
119.6276,-8.6207,0,0,0.30979,0,243.75,playing,0
119.6446,-8.6207,0,0,0.30979,0,238.65,playing,0
119.6625,13.1721,0,0,0.25823,0,233.56,playing,0
119.6787,13.1721,0,0,0.25823,0,228.52,playing,0
119.6953,15.6499,0,0,0.25823,0,224.32,playing,0
119.7121,15.6499,0,0,0.25823,0,220.17,playing,0
119.7285,15.6499,0,0,0.23131,0,216.35,playing,0
119.7455,10.6162,0,0,0.23131,0,213.03,playing,0
119.7622,10.6162,0,0,0.23131,0,209.82,playing,0
119.7789,10.6162,0,0,0.23131,0,206.93,playing,0
119.7952,7.3839,0,0,0.23131,0,204.49,playing,0
119.8127,7.3839,0,0,0.23131,0,202.22,playing,0
119.8286,4.4883,0,0,0.23131,0,200.27,playing,0
119.8448,4.4883,0,0,0.23131,0,198.71,playing,0
119.8603,4.4883,0,0,0.23131,0,197.43,playing,0
119.8775,-0.2398,0,0,0.23131,0,196.44,playing,0
119.8935,-0.2398,0,0,0.29593,0,195.7,playing,0
119.9104,-0.2398,0,0,0.29593,0,195.28,playing,0
119.9297,-0.9859,0,0,0.29593,0,195.16,playing,0
119.9458,-0.9859,0,0,0.29593,0,195.42,playing,0
119.9615,-1.6593,0,0,0.29593,0,195.92,playing,0
119.9787,-1.6593,0,0,0.29593,0,196.7,playing,0
119.995,-1.6593,0,0,0.24271,0,197.85,playing,0
120.011,-2.0046,0,0,0.24271,0,199.22,playing,0
120.0277,-2.0046,0,0,0.24271,0,200.98,playing,0
120.044,-2.0046,0,0,0.24271,0,202.93,playing,1
120.0637,-2.1514,0,0,0.27507,0,205.15,playing,1
120.0798,-2.1514,0,0,0.27507,0,208.37,playing,1
120.0966,-2.0189,0,0,0.27507,0,211.23,playing,1
120.1134,-1.8354,0,0,0.27507,0,214.59,playing,1
120.1321,-1.8354,0,0,0.27507,0,218.26,playing,1
120.148,-1.9622,0,0,0.29697,0,222.51,playing,1
120.1634,-1.9622,0,0,0.29697,0,226.56,playing,1
120.1796,-1.9622,0,0,0.29697,0,230.9,playing,1
120.1959,-2.0998,0,0,0.29697,0,235.52,playing,1
120.2125,-2.0998,0,0,0.29697,0,240.42,playing,1
120.2302,-8.5055,0,0,0.33069,0,245.95,playing,1
120.2461,-22.6244,1,0,0.33069,0,251.79,playing,1
120.262,-22.6244,0,0,0.33069,0,245.83,playing,1
120.2779,-15.0224,0,0,0.33069,0,240.15,playing,1
120.2935,-15.0224,0,0,0.33069,0,234.76,playing,1
120.3132,-15.0224,0,0,0.31516,0,229.65,playing,1
120.3304,9.331,0,0,0.31516,0,223.69,playing,1
120.3468,9.331,0,0,0.31516,0,218.95,playing,1
120.3636,9.331,0,0,0.31516,0,214.77,playing,1
120.3805,9.331,0,0,0.20795,0,210.65,playing,1
120.3968,9.331,0,0,0.20795,0,206.84,playing,1
120.4135,19.8596,0,0,0.20795,0,203.54,playing,1
120.4294,19.8596,0,0,0.20795,0,200.35,playing,1
120.446,19.8596,0,0,0.23672,1,197.63,playing,1
120.4617,12.3683,0,0,0.23672,0,195.19,playing,1
120.4784,7.8096,0,0,0.23672,0,193.04,playing,1
120.4953,7.8096,0,0,0.23672,0,191.06,playing,1
120.5123,4.6553,0,0,0.23257,0,189.41,playing,1
120.5296,4.6553,0,0,0.23257,0,188.07,playing,1
120.5466,0.8133,0,0,0.23257,0,187.05,playing,1
120.5627,0.8133,0,0,0.23257,0,186.35,playing,1
120.5788,0.8133,0,0,0.31677,0,185.97,playing,1
120.5944,-0.3464,0,0,0.31677,0,185.87,playing,1
120.6116,-0.3464,0,0,0.31677,0,186.05,playing,1
120.6281,-0.3464,0,0,0.31677,0,186.57,playing,1
120.6459,-2.875,0,0,0.28058,0,187.33,playing,1
120.6617,-2.875,0,0,0.28058,0,188.55,playing,1
120.6783,-2.875,0,0,0.28058,0,189.91,playing,1
120.6945,-2.781,0,0,0.28058,0,191.68,playing,1
120.711,-2.781,0,0,0.32305,0,193.62,playing,1
120.7268,-3.1053,0,0,0.32305,0,195.85,playing,1
120.7434,-3.1053,0,0,0.32305,0,198.36,playing,1
120.76,-3.1053,0,0,0.32305,0,201.34,playing,1
120.7765,-4.9257,0,0,0.33365,0,204.43,playing,1
120.7931,-4.9257,0,0,0.33365,0,208.02,playing,1
120.8097,-4.9257,0,0,0.33365,0,211.69,playing,1
120.8261,-4.2867,0,0,0.33365,0,215.91,playing,1
120.8423,-4.2867,0,0,0.33365,0,220.16,playing,1
120.8609,-4.2867,0,0,0.33904,0,224.99,playing,1
120.8772,-2.4978,0,0,0.33904,0,230.47,playing,1
120.8935,-2.4978,0,0,0.33904,0,235.61,playing,1
120.9099,-8.4819,0,0,0.33904,0,241.4,playing,1
120.9262,-8.4819,0,0,0.33904,0,247.13,playing,1
120.9427,-8.4819,0,0,0.30327,0,253.53,playing,1
120.9605,-12.1945,1,0,0.30327,0,259.84,playing,1
120.9766,-12.1945,0,0,0.30327,0,253.18,playing,1
120.9929,-12.1945,0,0,0.30327,0,247.53,playing,1
121.0097,-6.0521,0,0,0.30327,0,242.17,playing,1
121.0326,-6.0521,0,0,0.31994,0,236.8,playing,1
121.0485,11.2496,0,0,0.31994,0,230.1,playing,1
121.0646,11.2496,0,0,0.31994,0,225.73,playing,1
121.0809,11.2496,0,0,0.31994,0,221.64,playing,1
121.0979,20.9522,0,0,0.31994,0,217.83,playing,1
121.1145,20.9522,0,0,0.31994,0,214.09,playing,1
121.1314,13.3072,0,0,0.22284,0,210.68,playing,1
121.1478,13.3072,0,0,0.22284,0,207.59,playing,1
121.1639,13.3072,0,0,0.22284,0,204.95,playing,1
121.1798,5.5256,0,0,0.22284,0,202.6,playing,1
121.1957,5.5256,0,0,0.20112,0,200.53,playing,1
121.2123,5.5256,0,0,0.20112,0,198.75,playing,1
121.2299,3.0195,0,0,0.20112,0,197.17,playing,1
121.2465,3.0195,0,0,0.20112,0,195.9,playing,1
121.2631,3.0195,0,0,0.20112,0,194.96,playing,1
121.2805,1.2548,0,0,0.28219,1,194.35,playing,1
121.2975,1.2548,0,0,0.28219,0,194.02,playing,1
121.3141,0.2528,0,0,0.28219,0,194.03,playing,1
121.3302,0.2528,0,0,0.28219,0,194.32,playing,1
121.3474,0.2528,0,0,0.28219,0,194.95,playing,1
121.364,0.2528,0,0,0.26707,0,195.89,playing,1
121.3795,0.2528,0,0,0.26707,0,197.06,playing,1
121.3961,0.2528,0,0,0.26707,0,198.51,playing,1
121.4162,-1.7511,0,0,0.26707,0,200.24,playing,1
121.4324,-1.7511,0,0,0.26707,0,202.85,playing,1
121.4491,-2.4627,0,0,0.26707,0,205.38,playing,1
121.465,-3.7323,0,0,0.29591,0,208.05,playing,1
121.4811,-3.7323,0,0,0.29591,0,210.99,playing,1
121.497,-3.7323,0,0,0.29591,0,214.22,playing,1
121.5131,-3.7323,0,0,0.29591,0,217.73,playing,1
121.5286,-3.7323,0,0,0.26663,0,221.53,playing,1
121.5449,-2.9015,0,0,0.26663,0,225.6,playing,1
121.5616,-2.9015,0,0,0.26663,0,229.95,playing,1
121.5785,-2.9015,0,0,0.26663,0,234.9,playing,1
121.5953,-2.6236,0,0,0.26663,0,240.16,playing,1
121.6121,-2.6236,0,0,0.26337,0,245.74,playing,1
121.6296,-3.0209,0,0,0.26337,0,251.28,playing,1
121.6457,-24.7095,1,0,0.26337,0,257.86,playing,1
121.662,-24.7095,0,0,0.26337,0,251.9,playing,1
121.6786,-19.2188,0,0,0.26337,0,246.23,playing,1
121.6949,-19.2188,0,0,0.27885,0,240.51,playing,1
121.7104,-19.2188,0,0,0.27885,0,235.42,playing,1
121.7269,-13.1764,0,0,0.27885,0,230.6,playing,1
121.7435,-13.1764,0,0,0.27885,0,226.07,playing,1
121.7606,-7.6874,0,0,0.27885,0,221.57,playing,1
121.7767,-0.8985,0,0,0.22937,0,217.39,playing,1
121.7936,-0.8985,0,0,0.22937,0,213.74,playing,1
121.8103,-0.8985,0,0,0.22937,0,210.17,playing,1
121.8286,-0.8985,0,0,0.22937,0,206.93,playing,1
121.8447,-0.8985,0,0,0.19457,0,203.85,playing,1
121.8616,18.7557,0,0,0.19457,0,201.39,playing,1
121.8806,18.7557,0,0,0.19457,0,199.1,playing,1
121.897,14.6757,0,0,0.19457,0,196.94,playing,2
121.9128,14.6757,0,0,0.19621,0,195.4,playing,2
121.9296,14.6757,0,0,0.19621,0,194.14,playing,2
121.9462,14.6757,0,0,0.19621,0,193.12,playing,2
121.9618,14.6757,0,0,0.19621,0,192.44,playing,2
121.9785,14.6757,0,0,0.19621,0,192.04,playing,2
121.9961,4.5848,0,0,0.24986,1,191.94,playing,2
122.012,4.5848,0,0,0.24986,0,192.15,playing,2
122.0284,4.5848,0,0,0.24986,0,192.64,playing,2
122.0456,4.5848,0,0,0.24986,0,193.47,playing,2
122.0623,4.5848,0,0,0.24194,0,194.62,playing,2
122.0789,-0.2771,0,0,0.24194,0,196.08,playing,2
122.0978,-0.2771,0,0,0.24194,0,197.75,playing,2
122.1134,-0.2771,0,0,0.24194,0,200.12,playing,2
122.1299,-1.5194,0,0,0.24194,0,202.4,playing,2
122.1461,-1.5194,0,0,0.29158,0,204.96,playing,2
122.1629,-1.5194,0,0,0.29158,0,207.99,playing,2
122.1791,-2.4547,0,0,0.29158,0,211.13,playing,2
122.1949,-2.4547,0,0,0.29158,0,214.56,playing,2
122.2106,-2.4547,0,0,0.29158,0,218.26,playing,2
122.2268,-3.3296,0,0,0.27913,0,222.25,playing,2
122.2429,-3.3296,0,0,0.27913,0,226.51,playing,2
122.2593,-3.5943,0,0,0.27913,0,231.06,playing,2
122.276,-3.5943,0,0,0.27913,0,236.21,playing,2
122.2921,-3.5943,0,0,0.25403,0,241.34,playing,2
122.3108,-7.272,0,0,0.25403,0,246.75,playing,2
122.3269,-7.272,0,0,0.25403,0,253.58,playing,2
122.3427,-7.272,0,0,0.25403,0,259.6,playing,2
122.3595,-20.1125,1,0,0.25403,0,265.91,playing,2
122.3758,-20.1125,0,0,0.29136,0,259.6,playing,2
122.3917,-4.7968,0,0,0.29136,0,253.94,playing,2
122.4085,-4.7968,0,0,0.29136,0,248.56,playing,2
122.4251,-4.7968,0,0,0.29136,0,243.17,playing,2
122.4412,14.2731,0,0,0.27797,0,238.37,playing,2
122.4576,14.2731,0,0,0.27797,0,233.59,playing,2
122.4744,14.2731,0,0,0.27797,0,229.38,playing,2
122.4911,17.735,0,0,0.27797,0,225.22,playing,2
122.5074,17.735,0,0,0.27797,0,221.58,playing,2
122.5332,15.5973,0,0,0.27797,0,218.04,playing,2
122.5516,15.5973,0,0,0.20112,0,213.36,playing,2
122.5678,15.5973,0,0,0.20112,0,210.48,playing,2
122.5846,9.0231,0,0,0.20112,0,208.2,playing,2
122.601,9.0231,0,0,0.20112,0,206.09,playing,2
122.6227,4.183,0,0,0.20112,0,204.31,playing,2
122.6388,4.183,0,0,0.19471,0,202.58,playing,2
122.6555,4.183,0,0,0.19471,0,201.55,playing,2
122.6721,4.183,0,0,0.19471,0,200.78,playing,2
122.6881,4.183,0,0,0.19471,0,200.33,playing,2
122.7042,2.0745,0,0,0.19471,0,200.16,playing,2
122.721,0.5318,0,0,0.27087,1,200.3,playing,2
122.7371,0.5318,0,0,0.27087,0,200.71,playing,2
122.7539,-0.9132,0,0,0.27087,0,201.47,playing,2
122.7705,-0.9132,0,0,0.27087,0,202.46,playing,2
122.7872,-0.9132,0,0,0.29159,0,203.83,playing,2
122.8046,-0.9132,0,0,0.29159,0,205.53,playing,2
122.821,-0.9132,0,0,0.29159,0,207.54,playing,2
122.8364,-0.9132,0,0,0.29159,0,209.71,playing,2
122.8566,-1.9852,0,0,0.26215,0,212.16,playing,2
122.8727,-1.9852,0,0,0.26215,0,215.67,playing,2
122.8891,-18.6859,1,0,0.26215,0,218.76,playing,2
122.9046,-18.6859,0,0,0.26215,0,212.8,playing,2
122.9215,-18.6859,0,0,0.26215,0,207.12,playing,2
122.9386,-18.6859,0,0,0.30381,0,201.41,playing,2
122.9542,-18.6859,0,0,0.30381,0,196.31,playing,2
122.9698,-18.6859,0,0,0.30381,0,191.5,playing,2
122.9861,-11.0564,0,0,0.30381,0,186.97,playing,2
123.0025,-11.0564,0,0,0.28403,0,182.72,playing,2
123.0186,-11.0564,0,0,0.28403,0,178.52,playing,2
123.0358,-0.6013,0,0,0.28403,0,174.85,playing,2
123.053,-0.6013,0,0,0.28403,0,171.26,playing,2
123.0694,-0.6013,0,0,0.28403,0,167.83,playing,2
123.0865,-0.6013,0,0,0.24232,0,165.05,playing,2
123.1026,-0.6013,0,0,0.24232,0,162.43,playing,2
123.119,14.719,0,0,0.24232,0,160.23,playing,2
123.1351,14.719,0,0,0.24232,0,158.32,playing,2
123.1521,14.719,0,0,0.21549,0,156.7,playing,2
123.1708,10.9719,0,0,0.21549,0,155.28,playing,2
123.187,10.9719,0,0,0.21549,0,154.1,playing,2
123.2032,4.4902,0,0,0.21549,0,153.39,playing,2
123.2189,4.4902,0,0,0.21549,0,152.96,playing,2
123.2355,4.4902,0,0,0.24312,1,152.81,playing,2
123.2521,4.4902,0,0,0.24312,0,152.96,playing,2
123.2677,4.4902,0,0,0.24312,0,153.39,playing,2
123.2844,4.4902,0,0,0.24312,0,154.11,playing,2
123.3026,2.6018,0,0,0.25104,0,155.18,playing,2
123.3191,2.6018,0,0,0.25104,0,156.67,playing,2
123.3352,0.6483,0,0,0.25104,0,158.28,playing,2
123.3524,-1.2036,0,0,0.25104,0,160.31,playing,2
123.3686,-1.2036,0,0,0.25104,0,162.66,playing,2
123.3854,-1.3239,0,0,0.25104,0,165.15,playing,2
123.4015,-1.3239,0,0,0.25104,0,168.11,playing,2
123.4177,-1.3239,0,0,0.25104,0,171.18,playing,2
123.4356,-3.1715,0,0,0.25104,0,174.53,playing,2
123.4521,-3.1715,0,0,0.27103,0,178.66,playing,2
123.4675,-3.1715,0,0,0.27103,0,182.61,playing,2
123.4851,-2.9754,0,0,0.27103,0,186.84,playing,2
123.5011,-2.9754,0,0,0.27103,0,191.66,playing,2
123.5168,-2.4617,0,0,0.26556,0,196.47,playing,2
123.5325,-2.4617,0,0,0.26556,0,201.56,playing,2
123.5489,-2.4617,0,0,0.26556,0,206.94,playing,2
123.565,-6.1189,0,0,0.26556,0,212.6,playing,2
123.5811,-6.1189,0,0,0.27903,0,218.54,playing,2
123.5968,-6.1189,0,0,0.27903,0,224.76,playing,2
123.6132,-25.2732,1,0,0.27903,0,231.26,playing,2
123.6294,-25.2732,0,0,0.27903,0,224.95,playing,2
123.6459,-25.2732,0,0,0.27032,0,219.29,playing,2
123.6618,-12.5252,0,0,0.27032,0,213.91,playing,2
123.6775,-12.5252,0,0,0.27032,0,208.82,playing,2
123.6946,-12.5252,0,0,0.27032,0,204.0,playing,2
123.7112,-6.8649,0,0,0.27032,0,199.2,playing,2
123.7283,-6.8649,0,0,0.27032,0,194.72,playing,2
123.7451,12.4707,0,0,0.27032,0,190.56,playing,3
123.7617,12.4707,0,0,0.27032,0,186.72,playing,3
123.7786,12.4707,0,0,0.21141,0,183.38,playing,3
123.7957,17.571,0,0,0.21141,0,180.16,playing,3
123.8119,17.571,0,0,0.21141,0,177.25,playing,3
123.8283,17.571,0,0,0.21141,0,174.79,playing,3
123.8446,14.0425,0,0,0.21325,0,172.5,playing,3
123.8617,14.0425,0,0,0.21325,0,170.62,playing,3
123.8776,6.2911,0,0,0.21325,0,168.95,playing,3
123.8937,6.2911,0,0,0.21325,0,167.66,playing,3
123.9104,6.2911,0,0,0.18093,0,166.64,playing,3
123.9273,3.7651,0,0,0.18093,0,165.88,playing,3
123.9437,3.7651,0,0,0.18093,0,165.44,playing,3
123.9604,3.7651,0,0,0.18093,0,165.31,playing,3
123.9775,0.0757,0,0,0.23842,1,165.49,playing,3
123.9941,0.0757,0,0,0.23842,0,165.98,playing,3
124.0097,0.0757,0,0,0.23842,0,166.73,playing,3
124.0268,-0.9291,0,0,0.23842,0,167.76,playing,3
124.0431,-0.9291,0,0,0.23431,0,169.17,playing,3
124.0589,-1.9014,0,0,0.23431,0,170.78,playing,3
124.0752,-1.9014,0,0,0.23431,0,172.67,playing,3
124.0918,-1.9014,0,0,0.23431,0,175.0,playing,3
124.108,-2.5205,0,0,0.29213,0,177.47,playing,3
124.1242,-2.5205,0,0,0.29213,0,180.22,playing,3
124.1408,-2.5205,0,0,0.29213,0,183.47,playing,3
124.1565,-2.6025,0,0,0.29213,0,186.8,playing,3
124.1736,-2.6025,0,0,0.26384,0,190.42,playing,3
124.1907,-2.243,0,0,0.26384,0,194.58,playing,3
124.2081,-2.243,0,0,0.26384,0,199.34,playing,3
124.2237,-2.243,0,0,0.29144,0,203.85,playing,3
124.2404,-2.0777,0,0,0.29144,0,208.65,playing,3
124.257,-2.0777,0,0,0.29144,0,214.06,playing,3
124.2735,-2.0777,0,0,0.29144,0,219.44,playing,3
124.29,-2.0777,0,0,0.29961,0,225.47,playing,3
124.3065,-2.0777,0,0,0.29961,0,231.42,playing,3
124.3226,-2.0777,0,0,0.29961,0,238.07,playing,3
124.3392,-2.2158,0,0,0.29961,0,244.61,playing,3
124.3552,-2.2158,0,0,0.27883,0,251.43,playing,3
124.3719,-1.7982,0,0,0.27883,0,258.99,playing,3
124.388,-1.7827,0,0,0.27883,0,266.39,playing,3
124.4045,-1.7827,0,0,0.27404,0,274.07,playing,3
124.4212,-20.6928,1,0,0.27404,0,282.55,playing,3
124.4377,-20.6928,0,0,0.27404,0,276.24,playing,3
124.4545,-20.6928,0,0,0.27404,0,270.58,playing,3
124.475,-16.2136,0,0,0.28263,0,264.88,playing,3
124.4904,-16.2136,0,0,0.28263,0,258.62,playing,3
124.5073,-12.9898,0,0,0.28263,0,253.9,playing,3
124.5241,-12.9898,0,0,0.28263,0,249.19,playing,3
124.5398,-12.9898,0,0,0.31801,0,245.05,playing,3
124.5585,-12.9898,0,0,0.31801,0,241.19,playing,3
124.5755,-12.9898,0,0,0.31801,0,236.99,playing,3
124.5921,-12.9898,0,0,0.31801,0,233.56,playing,3
124.6088,16.1517,0,0,0.20736,0,230.45,playing,3
124.6251,16.1517,0,0,0.20736,0,227.8,playing,3
124.6407,18.6522,0,0,0.20736,0,225.43,playing,3
124.6577,15.0425,0,0,0.20736,0,223.23,playing,3
124.674,15.0425,0,0,0.20736,0,221.44,playing,3
124.6895,15.0425,0,0,0.20736,0,219.94,playing,3
124.7068,11.4934,0,0,0.21657,0,218.71,playing,3
124.7234,11.4934,0,0,0.21657,0,217.73,playing,3
124.74,8.323,0,0,0.21657,0,217.07,playing,3
124.7558,8.323,0,0,0.21657,0,216.72,playing,3
124.7736,8.323,0,0,0.21657,0,216.66,playing,3
124.79,3.3317,0,0,0.26959,1,216.95,playing,3
124.8057,3.3317,0,0,0.26959,0,217.48,playing,3
124.8217,1.0917,0,0,0.26959,0,218.3,playing,3
124.8374,1.0917,0,0,0.26959,0,219.4,playing,3
124.8547,1.0917,0,0,0.22559,0,220.78,playing,3
124.8716,1.0917,0,0,0.22559,0,222.57,playing,3
124.8887,1.0917,0,0,0.22559,0,224.67,playing,3
124.9057,1.0917,0,0,0.22559,0,227.09,playing,3
124.9244,-1.013,0,0,0.27485,0,229.83,playing,3
124.9412,-1.013,0,0,0.27485,0,233.29,playing,3
124.9576,-1.9484,0,0,0.27485,0,236.7,playing,3
124.9739,-1.9484,0,0,0.27485,0,240.19,playing,3
124.9904,-1.9484,0,0,0.27485,0,243.97,playing,3
125.0077,-1.9484,0,0,0.27485,0,248.29,playing,3
125.0258,-1.9484,0,0,0.25806,0,253.23,playing,3
125.042,-1.9484,0,0,0.25806,0,258.22,playing,3
125.0593,-2.3754,0,0,0.25806,0,263.19,playing,3
125.0763,-2.3754,0,0,0.25806,0,269.14,playing,3
125.0934,-2.1996,0,0,0.30799,0,275.07,playing,3
125.1102,-2.1996,0,0,0.30799,0,281.33,playing,3
125.1269,-2.1996,0,0,0.30799,0,287.9,playing,3
125.1433,-2.1996,0,0,0.30799,0,294.37,playing,3
125.1608,-2.1996,0,0,0.32595,0,301.55,playing,3
125.1766,-2.1996,0,0,0.32595,0,309.06,playing,3
125.1933,-2.0654,0,0,0.32595,0,316.41,playing,3
125.2098,-2.0654,0,0,0.32595,0,324.53,playing,3
125.226,-2.0654,0,0,0.32595,0,332.46,playing,3
125.2426,-2.0018,0,0,0.28943,0,340.67,playing,3
125.2595,-2.0018,0,0,0.28943,0,349.71,playing,3
125.2756,-1.4908,0,0,0.28943,0,359.07,playing,3
125.2922,-1.4908,0,0,0.28943,0,368.16,playing,3
125.309,-1.4908,0,0,0.28943,0,378.14,playing,3
125.3315,-4.0032,0,0,0.28943,0,387.81,playing,3
125.3478,-4.0032,0,0,0.29442,0,402.29,playing,3
125.3636,-4.0032,0,0,0.29442,0,412.65,playing,3
125.3799,-4.0032,0,0,0.29442,0,423.28,dead,3
125.3966,-4.0032,0,0,0.29442,0,434.2,dead,3
125.4131,-4.0032,0,0,0.29077,0,446.1,dead,3
125.4296,-7.6789,1,0,0.29077,0,457.3,dead,3
125.446,-7.6789,0,0,0.29077,0,285.0,playing,0
125.4622,10.814,0,0,0.29077,0,279.04,playing,0
125.4787,10.814,0,0,0.19404,0,273.36,playing,0
125.4948,17.2051,0,0,0.19404,0,267.65,playing,0
125.5109,17.2051,0,0,0.19404,0,262.56,playing,0
125.5276,17.2051,0,0,0.22359,1,257.74,playing,0
125.5442,11.2135,0,0,0.22359,0,252.94,playing,0
125.5595,11.2135,0,0,0.22359,0,248.71,playing,0
125.5766,11.2135,0,0,0.22359,0,244.76,playing,0
125.593,8.5704,0,0,0.1932,0,240.88,playing,0
125.6091,8.5704,0,0,0.1932,0,237.51,playing,0
125.6265,8.5704,0,0,0.1932,0,234.24,playing,0
125.6425,5.6038,0,0,0.1932,0,231.3,playing,0
125.6592,5.6038,0,0,0.1932,0,228.8,playing,0
125.6762,4.001,0,0,0.22279,0,226.48,playing,0
125.6934,2.4942,0,0,0.22279,0,224.46,playing,0
125.7101,2.4942,0,0,0.22279,0,222.77,playing,0
125.7262,1.2632,0,0,0.22279,0,221.46,playing,0
125.7436,1.2632,0,0,0.20677,0,220.38,playing,0
125.7599,1.2632,0,0,0.20677,0,219.62,playing,0
125.7759,-0.9809,0,0,0.20677,0,219.19,playing,0
125.7927,-0.9809,0,0,0.20677,0,219.04,playing,0
125.8086,-0.9809,0,0,0.20677,0,219.2,playing,0
125.8253,-1.5126,0,0,0.20677,0,219.63,playing,0
125.8426,-1.5126,0,0,0.20677,0,220.41,playing,0
125.8589,-1.5126,0,0,0.20677,0,221.5,playing,0
125.8748,-1.5126,0,0,0.20677,0,222.81,playing,0
125.8916,-1.5126,0,0,0.29159,1,224.4,playing,0
125.9077,-1.8868,0,0,0.29159,0,226.41,playing,0
125.9233,-1.8868,0,0,0.29159,0,228.58,playing,0
125.9401,-1.8868,0,0,0.29159,0,231.04,playing,0
125.9574,-4.5019,0,0,0.31207,0,233.96,playing,0
125.975,-4.5019,0,0,0.31207,0,237.21,playing,0
125.9914,-24.0339,1,0,0.31207,0,240.77,playing,0
126.0077,-24.0339,0,0,0.31031,0,234.46,playing,0
126.0241,-24.0339,0,0,0.31031,0,228.8,playing,0
126.0408,-18.3065,0,0,0.31031,0,223.1,playing,0
126.0571,-18.3065,0,0,0.27138,0,218.02,playing,0
126.0727,-18.3065,0,0,0.27138,0,213.23,playing,0
126.0888,-11.8025,0,0,0.27138,0,208.71,playing,0
126.1051,-11.8025,0,0,0.22831,0,204.48,playing,0
126.1217,-11.8025,0,0,0.22831,0,200.3,playing,0
126.139,-11.8025,0,0,0.22831,0,196.44,playing,0
126.1551,-11.8025,0,0,0.22831,0,193.08,playing,0
126.1735,18.1814,0,0,0.2333,0,189.84,playing,0
126.1901,15.3571,0,0,0.2333,0,186.76,playing,0
126.2062,15.3571,0,0,0.2333,0,184.3,playing,0
126.2256,15.3571,0,0,0.2333,0,182.13,playing,0
126.2415,15.3571,0,0,0.24651,0,179.85,playing,0
126.2586,15.3571,0,0,0.24651,0,178.31,playing,0
126.2759,7.7405,0,0,0.24651,0,176.99,playing,0
126.2924,7.7405,0,0,0.23456,0,175.99,playing,0
126.3096,2.2612,0,0,0.23456,0,175.3,playing,0
126.3262,2.2612,0,0,0.23456,0,174.94,playing,0
126.3433,2.2612,0,0,0.23456,0,174.89,playing,0
126.3606,0.7208,0,0,0.27946,0,175.16,playing,0
126.377,0.7208,0,0,0.27946,0,175.75,playing,0
126.3931,0.7208,0,0,0.27946,0,176.58,playing,0
126.4103,-1.643,0,0,0.27946,0,177.7,playing,0
126.4266,-1.643,0,0,0.25546,0,179.31,playing,0
126.4426,-1.643,0,0,0.25546,0,181.03,playing,0
126.4586,-1.643,0,0,0.25546,0,183.03,playing,0
126.4747,-1.643,0,0,0.25546,0,185.3,playing,0
126.4908,-2.3416,0,0,0.27426,0,187.86,playing,0
126.5075,-2.3416,0,0,0.27426,0,190.71,playing,0
126.5243,-2.3416,0,0,0.27426,0,194.04,playing,0
126.5412,-2.7808,0,0,0.27426,0,197.7,playing,0
126.5577,-2.7808,0,0,0.27426,0,201.67,playing,0
126.5736,-2.7808,0,0,0.27132,0,205.69,playing,0
126.5897,-2.2781,0,0,0.27132,0,209.99,playing,0
126.6077,-2.2781,0,0,0.27132,0,214.58,playing,0
126.6247,-1.8398,0,0,0.27132,0,220.09,playing,0
126.6425,-1.8398,0,0,0.27132,0,225.62,playing,0
126.6589,-1.8398,0,0,0.28703,0,231.82,playing,0
126.6746,-19.5008,1,0,0.28703,0,237.62,playing,0
126.6909,-19.5008,0,0,0.28703,0,231.66,playing,0
126.7072,-19.5008,0,0,0.30354,0,225.99,playing,0
126.7224,-21.1122,0,0,0.30354,0,220.59,playing,0
126.7384,-21.1122,0,0,0.30354,0,215.48,playing,0
126.7552,-8.3467,0,0,0.30354,0,210.65,playing,0
126.7716,-0.9831,0,0,0.29481,0,205.83,playing,0
126.7877,-0.9831,0,0,0.29481,0,201.58,playing,0
126.8038,0.663,0,0,0.29481,0,197.61,playing,0
126.8202,0.663,0,0,0.25483,0,193.92,playing,0
126.836,0.663,0,0,0.25483,0,190.51,playing,0
126.8522,14.6502,0,0,0.25483,0,187.39,playing,0
126.8695,16.0688,0,0,0.25483,0,184.39,playing,0
126.8861,16.0688,0,0,0.23698,0,181.7,playing,0
126.9022,13.605,0,0,0.23698,0,179.46,playing,0
126.9182,13.605,0,0,0.23698,0,177.49,playing,0
126.9339,13.605,0,0,0.17718,0,175.81,playing,0
126.9502,10.7726,0,0,0.17718,0,174.41,playing,0
126.9671,10.7726,0,0,0.17718,0,173.24,playing,0
126.9833,4.9268,0,0,0.17718,0,172.42,playing,0
126.9994,4.9268,0,0,0.20035,0,171.87,playing,0
127.0163,4.9268,0,0,0.20035,0,171.63,playing,0
127.0331,3.0542,0,0,0.20035,0,171.7,playing,0
127.0488,3.0542,0,0,0.20035,0,172.04,playing,0
127.0655,3.0542,0,0,0.21411,0,172.66,playing,0
127.0824,-0.3649,0,0,0.21411,0,173.65,playing,0
127.1004,-0.3649,0,0,0.21411,0,174.94,playing,0
127.1162,-2.3367,0,0,0.27039,1,176.56,playing,0
127.1323,-2.3367,0,0,0.27039,0,178.36,playing,0
127.1495,-2.3367,0,0,0.27039,0,180.6,playing,0
127.1655,-2.794,0,0,0.27039,0,183.15,playing,0
127.1816,-2.794,0,0,0.2595,0,185.83,playing,0
127.1976,-2.794,0,0,0.2595,0,188.8,playing,0
127.2142,-2.8995,0,0,0.2595,0,192.04,playing,0
127.231,-2.8995,0,0,0.2595,0,195.81,playing,0
127.2471,-2.8995,0,0,0.30509,0,199.64,playing,0
127.2635,-2.8995,0,0,0.30509,0,203.75,playing,0
127.28,-2.8995,0,0,0.30509,0,208.43,playing,0
127.2957,-2.8995,0,0,0.30509,0,213.12,playing,0
127.3134,-3.1343,0,0,0.30176,0,218.09,playing,0
127.3304,-3.1343,0,0,0.30176,0,224.04,playing,0
127.3468,-2.3377,0,0,0.30176,0,229.98,playing,0
127.3624,-2.3377,0,0,0.30176,0,235.85,playing,0
127.3791,-2.3377,0,0,0.29069,0,242.0,playing,0
127.395,-2.307,0,0,0.29069,0,248.43,playing,0
127.4113,-2.307,0,0,0.29069,0,255.14,playing,0
127.4284,-2.307,0,0,0.29069,0,262.59,playing,0
127.4454,-1.4656,0,0,0.29069,0,270.36,playing,0
127.4615,-1.4656,0,0,0.29069,0,278.45,playing,0
127.4778,-14.9006,1,0,0.29069,0,286.34,playing,0
127.494,-14.9006,0,0,0.29069,0,280.38,playing,0
127.5103,-14.9006,0,0,0.29069,0,274.71,playing,0
127.5274,-3.6887,0,0,0.27197,0,268.99,playing,0
127.544,-3.6887,0,0,0.27197,0,263.6,playing,0
127.5601,-3.6887,0,0,0.27197,0,258.8,playing,0
127.5774,-4.2669,0,0,0.27197,0,254.02,playing,0
127.5944,-4.2669,0,0,0.25119,0,249.56,playing,0
127.6106,-4.2669,0,0,0.25119,0,245.42,playing,0
127.6276,-4.2669,0,0,0.25119,0,241.8,playing,0
127.6442,-4.2669,0,0,0.25119,0,238.27,playing,0
127.6606,12.0921,0,0,0.2344,0,235.07,playing,0
127.6771,13.0639,0,0,0.2344,0,232.33,playing,0
127.6928,13.0639,0,0,0.2344,0,229.87,playing,0
127.709,11.2972,0,0,0.2344,0,227.7,playing,0
127.7257,11.2972,0,0,0.2344,0,225.81,playing,0
127.7419,11.2972,0,0,0.2344,0,224.11,playing,0
127.7608,6.5184,0,0,0.23327,0,222.8,playing,0
127.7778,6.5184,0,0,0.23327,0,221.64,playing,0
127.7942,5.0399,0,0,0.23327,0,220.92,playing,0
127.8112,5.0399,0,0,0.23327,0,220.52,playing,0
127.8268,5.0399,0,0,0.23327,0,220.42,playing,0
127.8484,5.0399,0,0,0.25937,0,220.6,playing,0
127.8662,5.0399,0,0,0.25937,0,221.39,playing,0
127.8835,3.4747,0,0,0.25937,0,222.39,playing,0
127.9022,3.4747,0,0,0.25937,0,223.65,playing,1
127.9195,3.4747,0,0,0.25937,0,225.34,playing,1
127.9398,0.6508,0,0,0.25937,0,227.39,playing,1
127.9654,-0.986,0,0,0.25488,0,230.1,playing,1
127.9825,-0.986,0,0,0.25488,0,234.38,playing,1
127.9996,-0.986,0,0,0.25488,0,237.49,playing,1
128.0192,-2.1393,0,0,0.25488,0,240.92,playing,1
128.0371,-2.1393,0,0,0.25488,0,245.15,playing,1
128.0576,-2.1393,0,0,0.25488,0,249.52,playing,1
128.0754,-2.1393,0,0,0.26324,0,255.1,playing,1
128.0922,-2.1393,0,0,0.26324,0,260.23,playing,1
128.1076,-14.7028,1,0,0.26324,0,265.08,playing,1
128.1248,-14.7028,0,0,0.26324,0,258.77,playing,1
128.1414,-14.7028,0,0,0.26324,0,253.11,playing,1
128.1636,-23.2782,0,0,0.2505,0,247.41,playing,1
128.1802,-23.2782,0,0,0.2505,0,240.58,playing,1
128.1975,-6.9271,0,0,0.2505,0,235.61,playing,1
128.2141,-6.9271,0,0,0.2505,0,230.96,playing,1
128.2315,-6.9271,0,0,0.2505,0,226.87,playing,1
128.252,8.7198,0,0,0.23441,0,222.62,playing,1
128.2685,8.7198,0,0,0.23441,0,218.34,playing,1
128.2845,8.7198,0,0,0.23441,0,215.02,playing,1
128.3006,15.0552,0,0,0.23441,0,212.18,playing,1
128.3179,15.0552,0,0,0.18339,0,209.62,playing,1
128.3342,11.5654,0,0,0.18339,0,207.21,playing,1
128.3505,11.5654,0,0,0.18339,0,205.13,playing,1
128.3674,11.5654,0,0,0.18339,0,203.45,playing,1
128.3841,8.806,0,0,0.18339,0,201.98,playing,1
128.4003,8.806,0,0,0.18083,0,200.88,playing,1
128.418,8.806,0,0,0.18083,0,200.03,playing,1
128.4336,3.7459,0,0,0.18083,0,199.49,playing,1
128.4506,3.7459,0,0,0.18083,0,199.27,playing,1
128.4674,1.7696,0,0,0.18083,0,199.35,playing,1
128.4851,1.7696,0,0,0.19294,0,199.76,playing,1
128.5004,1.7696,0,0,0.19294,0,200.47,playing,1
128.5196,0.5368,0,0,0.19294,0,201.43,playing,1
128.5401,0.5368,0,0,0.19294,0,202.97,playing,1
128.5561,-0.8259,0,0,0.19294,0,205.02,playing,1
128.5842,-1.3172,0,0,0.2675,1,206.95,playing,1
128.5998,-1.3172,0,0,0.2675,0,211.18,playing,1
128.6174,-1.8211,0,0,0.2675,0,213.88,playing,1
128.6333,-1.8211,0,0,0.2675,0,217.28,playing,1
128.6499,-2.3855,0,0,0.2675,0,220.58,playing,1
128.6703,-2.7981,0,0,0.25893,0,224.16,playing,1
128.6878,-2.7981,0,0,0.25893,0,229.34,playing,1
128.7047,-16.0994,1,0,0.25893,0,233.86,playing,1
128.7316,-16.0994,0,0,0.25893,0,227.55,playing,1
128.7488,-9.4842,0,0,0.25893,0,218.32,playing,1
128.7663,-9.4842,0,0,0.26273,0,212.84,playing,1
128.7825,-3.0744,0,0,0.26273,0,207.38,playing,1
128.7995,-3.0744,0,0,0.26273,0,202.81,playing,1
128.8159,-3.0744,0,0,0.26273,0,198.28,playing,1
128.8325,0.3722,0,0,0.26273,0,194.29,playing,1
128.8491,0.3722,0,0,0.21545,0,190.37,playing,1
128.8661,0.3722,0,0,0.21545,0,186.77,playing,1
128.8822,11.3486,0,0,0.21545,0,183.66,playing,1
128.8979,11.3486,0,0,0.21545,0,180.84,playing,1
128.9157,11.3486,0,0,0.22926,1,178.29,playing,1
128.9325,11.3486,0,0,0.22926,0,175.79,playing,1
128.9492,11.3486,0,0,0.22926,0,173.74,playing,1
128.965,11.2994,0,0,0.22926,0,172.09,playing,1
128.9817,9.0585,0,0,0.22448,0,170.73,playing,1
128.9987,9.0585,0,0,0.22448,0,169.6,playing,1
129.0151,4.5386,0,0,0.22448,0,168.78,playing,1
129.0309,4.5386,0,0,0.22448,0,168.3,playing,1
129.0469,4.5386,0,0,0.22448,0,168.09,playing,1
129.0646,2.7345,0,0,0.27182,0,168.17,playing,1
129.0807,2.7345,0,0,0.27182,0,168.62,playing,1
129.0973,1.0603,0,0,0.27182,0,169.29,playing,1
129.1135,0.4325,0,0,0.27182,0,170.33,playing,1
129.1305,0.4325,0,0,0.27943,0,171.59,playing,1
129.1476,-0.1832,0,0,0.27943,0,173.24,playing,1
129.1642,-0.1832,0,0,0.27943,0,175.21,playing,1
129.181,-0.1832,0,0,0.27943,0,177.5,playing,1
129.1979,-1.9681,0,0,0.27943,0,179.94,playing,1
129.215,-1.9681,0,0,0.28219,0,183.04,playing,1
129.2311,-2.6837,0,0,0.28219,0,186.07,playing,1
129.2468,-2.6837,0,0,0.28219,0,189.39,playing,1
129.263,-2.6837,0,0,0.28219,0,192.99,playing,1
129.2789,-2.5386,0,0,0.31121,0,196.87,playing,1
129.2954,-2.5386,0,0,0.31121,0,201.03,playing,1
129.3115,-2.5386,0,0,0.31121,0,205.77,playing,1
129.3286,-22.8846,1,0,0.31121,0,210.51,playing,1
129.3474,-22.8846,0,0,0.31121,0,204.2,playing,1
129.3646,-22.8846,0,0,0.31121,0,197.54,playing,1
129.3806,-22.8846,0,0,0.31121,0,191.9,playing,1
129.3974,-22.8846,0,0,0.31121,0,186.88,playing,1
129.4147,-9.8528,0,0,0.31121,0,181.86,playing,1
129.4314,-9.8528,0,0,0.24615,0,177.15,playing,1
129.4485,-9.8528,0,0,0.24615,0,172.77,playing,1
129.4651,8.408,0,0,0.24615,0,168.7,playing,1
129.4817,8.408,0,0,0.24615,0,165.15,playing,1
129.4986,8.408,0,0,0.22848,0,161.7,playing,1
129.5147,10.0168,0,0,0.22848,0,158.57,playing,1
129.5305,10.0168,0,0,0.22848,0,155.9,playing,1
129.5467,7.1725,0,0,0.22848,0,153.51,playing,1
129.5628,7.1725,0,0,0.21871,0,151.41,playing,1
129.5784,7.1725,0,0,0.21871,0,149.59,playing,1
129.5953,5.2082,0,0,0.21871,0,148.05,playing,1
129.612,5.2082,0,0,0.21871,0,146.73,playing,1
129.6283,5.2082,0,0,0.20807,0,145.77,playing,1
129.6455,1.9759,0,0,0.20807,0,145.07,playing,1
129.6621,1.9759,0,0,0.20807,0,144.68,playing,1
129.6782,1.9759,0,0,0.20807,0,144.6,playing,1
129.6953,0.5004,0,0,0.20689,0,144.83,playing,1
129.7122,0.5004,0,0,0.20689,0,145.38,playing,1
129.7294,-0.0527,0,0,0.20689,0,146.25,playing,2
129.7471,-0.0527,0,0,0.20689,1,147.44,playing,2
129.7634,-0.0527,0,0,0.26663,0,148.94,playing,2
129.78,-0.0527,0,0,0.26663,0,150.77,playing,2
129.7962,-0.0527,0,0,0.26663,0,152.76,playing,2
129.8122,-0.0527,0,0,0.26663,0,155.04,playing,2
129.8298,-1.1776,0,0,0.26228,0,157.78,playing,2
129.8466,-1.1776,0,0,0.26228,0,160.84,playing,2
129.8633,-1.0521,0,0,0.26228,0,164.21,playing,2
129.88,-1.0521,0,0,0.26228,0,167.9,playing,2
129.8963,-1.0521,0,0,0.2308,0,171.66,playing,2
129.9128,-1.7582,0,0,0.2308,0,175.97,playing,2
129.929,-1.7582,0,0,0.2308,0,180.31,playing,2
129.9454,-1.7582,0,0,0.2308,0,184.93,playing,2
129.9628,-1.7582,0,0,0.28764,0,190.15,playing,2
129.9792,-1.7582,0,0,0.28764,0,195.7,playing,2
129.9968,-1.488,0,0,0.28764,0,201.56,playing,2
130.0131,-1.7626,0,0,0.28764,0,207.74,playing,2
130.0303,-1.7626,0,0,0.28764,0,214.24,playing,2
130.0477,-20.5637,1,0,0.26593,0,221.05,playing,2
130.0655,-20.5637,0,0,0.26593,0,214.39,playing,2
130.0821,-20.5637,0,0,0.26593,0,208.41,playing,2
130.1014,-0.296,0,0,0.26593,0,202.75,playing,2
130.1186,-0.296,0,0,0.26593,0,196.83,playing,2
130.1348,-0.296,0,0,0.27079,0,191.84,playing,2
130.1509,-0.296,0,0,0.27079,0,187.43,playing,2
130.1686,-0.296,0,0,0.27079,0,183.31,playing,2
130.1849,9.527,0,0,0.27079,0,179.02,playing,2
130.2013,9.527,0,0,0.18913,0,175.49,playing,2
130.2185,9.527,0,0,0.18913,0,172.06,playing,2
130.2354,-12.5443,0,0,0.18913,0,168.94,playing,2
130.252,-12.5443,0,0,0.18913,0,166.15,playing,2
130.2703,-7.5945,0,0,0.18634,0,163.8,playing,2
130.286,-7.5945,0,0,0.18634,0,161.51,playing,2
130.3022,-7.5945,0,0,0.18634,0,159.76,playing,2
130.3189,10.1619,0,0,0.18634,0,158.21,playing,2
130.3348,10.1619,0,0,0.18634,0,157.04,playing,2
130.3508,10.1619,0,0,0.23701,1,156.15,playing,2
130.3674,16.6806,0,0,0.23701,0,155.54,playing,2
130.3841,16.6806,0,0,0.23701,0,155.21,playing,2
130.4002,16.6806,0,0,0.23701,0,155.19,playing,2
130.4175,13.2032,0,0,0.24075,0,155.48,playing,2
130.4342,13.2032,0,0,0.24075,0,156.08,playing,2
130.4498,9.2693,0,0,0.24075,0,156.94,playing,2
130.4662,9.2693,0,0,0.196,0,158.07,playing,2
130.4818,9.2693,0,0,0.196,0,159.49,playing,2
130.4974,3.3221,0,0,0.196,0,161.18,playing,2
130.5135,3.3221,0,0,0.196,0,163.16,playing,2
130.5307,3.3221,0,0,0.196,0,165.42,playing,2
130.547,0.431,0,0,0.19119,0,168.14,playing,2
130.5626,0.431,0,0,0.19119,0,170.99,playing,2
130.5794,0.431,0,0,0.19119,0,174.11,playing,2
130.5964,-1.0477,0,0,0.19119,0,177.75,playing,2
130.6135,-1.0477,0,0,0.19119,0,181.7,playing,2
130.6299,-1.9745,0,0,0.25449,1,185.97,playing,2
130.648,-1.9745,0,0,0.25449,0,190.27,playing,2
130.6659,-1.9745,0,0,0.25449,0,195.47,playing,2
130.6873,-1.9745,0,0,0.25449,0,201.02,playing,2
130.7078,-1.9745,0,0,0.25449,0,208.34,playing,2
130.7296,-2.554,0,0,0.29879,0,215.06,playing,2
130.7467,-2.554,0,0,0.29879,0,223.78,playing,2
130.7718,-3.2035,0,0,0.29879,0,230.54,playing,2
130.7951,-3.1,0,0,0.29879,0,241.16,playing,2
130.815,-3.1,0,0,0.29879,0,251.52,playing,2
130.8308,-3.1,0,0,0.29879,0,260.97,playing,2
130.8542,-2.1368,0,0,0.28667,0,268.81,playing,2
130.8751,-2.3088,0,0,0.28667,0,281.2,playing,2
130.8914,-2.3088,0,0,0.28667,0,291.97,playing,2
130.9075,-3.1064,0,0,0.28667,0,301.44,playing,2
130.9236,-3.1064,0,0,0.28667,0,310.64,playing,2
130.9445,-4.0094,0,0,0.27063,0,320.11,playing,2
130.9648,-4.0094,0,0,0.27063,0,333.04,playing,2
130.9819,-4.0094,0,0,0.27063,0,345.79,playing,2
131.0006,-12.0025,1,0,0.27063,0,356.94,playing,2
131.0169,-12.0025,0,0,0.27063,0,349.93,playing,2
131.0398,-12.0025,0,0,0.28168,0,344.3,playing,2
131.0562,-12.0025,0,0,0.28168,0,336.8,playing,2
131.0714,-12.0025,0,0,0.28168,0,331.86,playing,2
131.0893,11.5924,0,0,0.28168,0,327.21,playing,2
131.1066,11.5924,0,0,0.28168,0,322.32,playing,2
131.1233,14.7672,0,0,0.28818,0,318.03,playing,2
131.1395,14.7672,0,0,0.28818,0,314.06,playing,2
131.1561,14.7672,0,0,0.28818,0,310.6,playing,2
131.1724,14.7672,0,0,0.28818,0,307.42,playing,2
131.1896,14.7672,0,0,0.28818,0,304.36,playing,2
131.2092,14.7672,0,0,0.20529,0,301.62,playing,2
131.225,10.9122,0,0,0.20529,0,298.96,playing,2
131.2419,8.6298,0,0,0.20529,0,296.99,playing,2
131.2579,6.6404,0,0,0.20529,0,295.23,playing,2
131.2734,6.6404,0,0,0.20529,0,293.84,playing,2
131.2935,6.6404,0,0,0.16831,0,292.74,playing,2
131.3102,2.5612,0,0,0.16831,0,291.81,playing,2
131.3261,2.5612,0,0,0.16831,0,291.34,playing,2
131.3414,2.5612,0,0,0.16831,0,291.15,playing,2
131.3583,1.1263,0,0,0.16831,0,291.25,playing,2
131.375,1.1263,0,0,0.16831,0,291.67,playing,2
131.3954,1.1263,0,0,0.25826,1,292.35,playing,2
131.4144,1.1263,0,0,0.25826,0,293.72,playing,2
131.4327,1.1263,0,0,0.25826,0,295.36,playing,2
131.4489,0.1012,0,0,0.25826,0,297.27,playing,2
131.465,0.1012,0,0,0.25826,0,299.25,playing,2
131.4835,-1.4461,0,0,0.25826,0,301.51,playing,2
131.5195,-2.271,0,0,0.27896,0,304.59,playing,2
131.5387,-21.2274,1,0,0.27896,0,311.86,playing,2
131.5908,-21.9113,0,0,0.27896,0,304.84,playing,2
131.6202,-16.3393,0,0,0.27837,0,288.62,playing,3
131.6356,-16.3393,0,0,0.27837,0,280.5,playing,3
131.6527,-16.3393,0,0,0.27837,0,276.31,playing,3
131.6711,-10.5148,0,0,0.27837,0,272.16,playing,3
131.6875,-10.5148,0,0,0.27837,0,268.13,playing,3
131.7074,11.1253,0,0,0.19629,0,264.64,playing,3
131.7243,11.1253,0,0,0.19629,0,260.98,playing,3
131.7412,11.1253,0,0,0.19629,0,258.18,playing,3
131.7576,19.0767,0,0,0.19629,0,255.83,playing,3
131.7733,19.0767,0,0,0.19629,0,253.65,playing,3
131.7913,19.0767,0,0,0.18237,0,251.88,playing,3
131.8073,17.2697,0,0,0.18237,0,250.32,playing,3
131.8244,13.7401,0,0,0.18237,0,249.08,playing,3
131.8405,13.7401,0,0,0.18237,0,248.15,playing,3
131.8591,10.0849,0,0,0.18237,0,247.56,playing,3
131.8759,10.0849,0,0,0.18237,0,247.25,playing,3
131.8928,3.7249,0,0,0.19546,0,247.28,playing,3
131.9085,3.7249,0,0,0.19546,0,247.63,playing,3
131.9251,3.7249,0,0,0.19546,0,248.23,playing,3
131.9413,3.7249,0,0,0.19546,0,249.12,playing,3
131.9617,3.7249,0,0,0.19546,0,250.38,playing,3
131.9813,-0.8894,0,0,0.22998,1,252.3,playing,3
131.998,-0.8894,0,0,0.22998,0,254.67,playing,3
132.0137,-0.8894,0,0,0.22998,0,256.84,playing,3
132.0342,-1.7414,0,0,0.22998,0,259.3,playing,3
132.0918,-2.5135,0,0,0.25026,0,263.0,playing,3
132.184,-2.5875,0,0,0.29429,0,276.64,playing,3
132.208,-2.6974,0,0,0.29429,0,307.95,playing,3
132.2477,-2.27,0,0,0.29429,0,316.76,playing,3
132.3028,-2.0482,0,0,0.27887,0,333.19,playing,3
132.3635,-1.3901,0,0,0.27887,0,359.11,playing,3
132.3818,-1.3901,0,0,0.27887,0,391.95,playing,3
132.4022,-15.0604,1,0,0.26707,0,402.0,playing,3
132.4189,-15.0604,0,0,0.26707,0,394.64,playing,3
132.4385,-14.2059,0,0,0.26707,0,388.7,playing,3
132.4547,-14.2059,0,0,0.26707,0,382.16,playing,3
132.4744,-5.6164,0,0,0.26262,0,377.2,playing,3
132.4909,-5.6164,0,0,0.26262,0,371.45,playing,3
132.5086,-5.6164,0,0,0.26262,0,367.13,playing,3
132.5279,10.8271,0,0,0.26262,0,362.62,playing,3
132.5442,10.8271,0,0,0.26262,0,358.26,playing,3
132.5604,10.8271,0,0,0.26262,0,354.87,playing,3
132.5775,10.8271,0,0,0.20135,0,351.59,playing,3
132.5937,10.8271,0,0,0.20135,0,348.63,playing,3
132.6103,11.0641,0,0,0.20135,0,346.12,playing,3
132.6267,11.0641,0,0,0.20135,0,343.77,playing,3
132.6433,11.0641,0,0,0.21759,0,341.84,playing,3
132.6598,5.5005,0,0,0.21759,0,340.11,playing,3
132.6759,5.5005,0,0,0.21759,0,338.76,playing,3
132.6917,5.5005,0,0,0.21759,0,337.7,playing,3
132.7079,4.2193,0,0,0.21759,0,336.91,playing,3
132.7249,4.2193,0,0,0.23184,1,336.41,playing,3
132.7422,0.7111,0,0,0.23184,0,336.2,playing,3
132.7579,0.7111,0,0,0.23184,0,336.3,playing,3
132.7741,0.7111,0,0,0.23184,0,336.67,playing,3
132.7908,0.7111,0,0,0.23184,0,337.39,playing,3
132.8082,0.7111,0,0,0.29591,0,338.35,playing,3
132.8243,0.7111,0,0,0.29591,0,339.69,playing,3
132.8411,-0.6568,0,0,0.29591,0,341.34,playing,3
132.8572,-0.6568,0,0,0.29591,0,343.18,playing,3
132.8749,-0.6568,0,0,0.29591,0,345.3,playing,3
132.8916,-2.0361,0,0,0.27513,0,348.22,playing,3
132.9084,-2.0361,0,0,0.27513,0,350.95,playing,3
132.9252,-2.0361,0,0,0.27513,0,354.18,playing,3
132.9423,-2.0361,0,0,0.27513,0,357.72,playing,3
132.9587,-2.0361,0,0,0.27513,0,361.58,playing,3
132.9767,-2.0361,0,0,0.29032,0,365.5,playing,3
132.995,-2.0361,0,0,0.29032,0,370.26,playing,3
133.0109,-1.8875,0,0,0.29032,0,375.37,playing,3
133.0284,-1.8875,0,0,0.29032,0,380.52,playing,3
133.0451,-1.8875,0,0,0.29032,0,385.99,playing,3
133.0617,-16.1694,1,0,0.27752,0,391.42,playing,3
133.0783,-16.1694,0,0,0.27752,0,385.11,playing,3
133.0952,-16.1694,0,0,0.27752,0,379.12,playing,3
133.1124,15.128,0,0,0.27752,0,373.44,playing,3
133.129,15.128,0,0,0.27752,0,368.08,playing,3
133.1445,15.128,0,0,0.19558,0,363.32,playing,3
133.1966,9.4403,0,0,0.19558,0,358.84,playing,3
133.2283,9.4403,0,0,0.19558,0,347.25,playing,3
133.2489,6.4785,0,0,0.19728,0,341.25,playing,3
133.2675,6.4785,0,0,0.19728,0,337.94,playing,3
133.2835,4.1299,0,0,0.19728,0,335.19,playing,3
133.3091,4.1299,0,0,0.19728,0,333.16,playing,3
133.3277,2.7729,0,0,0.19728,0,330.67,playing,3
133.3453,0.8696,0,0,0.19213,0,329.17,playing,3
133.362,0.8696,0,0,0.19213,0,328.11,playing,3
133.3782,-0.61,0,0,0.19213,0,327.45,playing,3
133.3944,-0.61,0,0,0.19213,0,327.07,playing,3
133.4111,-0.61,0,0,0.19213,0,326.99,playing,3
133.4276,-2.6183,0,0,0.25843,1,327.19,playing,4
133.4444,-2.6183,0,0,0.25843,0,327.72,playing,4
133.4612,-3.0811,0,0,0.25843,0,328.57,playing,4
133.4783,-3.0811,0,0,0.25843,0,329.74,playing,4
133.495,-3.0811,0,0,0.25843,0,331.22,playing,4
133.5108,-3.0976,0,0,0.24642,0,332.9,playing,4
133.527,-3.0976,0,0,0.24642,0,334.86,playing,4
133.5433,-3.0976,0,0,0.24642,0,337.11,playing,4
133.5604,-22.9569,1,0,0.24642,0,339.81,playing,4
133.5772,-22.9569,0,0,0.24642,0,333.5,playing,4
133.5935,-22.9569,0,0,0.28306,0,327.5,playing,4
133.6099,-20.1065,0,0,0.28306,0,322.14,playing,4
133.6289,-20.1065,0,0,0.28306,0,317.06,playing,4
133.6453,-20.1065,0,0,0.28306,0,311.43,playing,4
133.6624,-20.1065,0,0,0.28306,0,306.71,playing,4
133.6791,-20.1065,0,0,0.25397,0,302.3,playing,4
133.6957,-20.1065,0,0,0.25397,0,298.22,playing,4
133.7123,-20.1065,0,0,0.25397,0,294.65,playing,4
133.7295,-12.8414,0,0,0.25397,0,291.18,playing,4
133.746,16.9322,0,0,0.24078,0,288.03,playing,4
133.7626,18.3066,0,0,0.24078,0,285.2,playing,4
133.7794,14.5986,0,0,0.24078,0,282.81,playing,4
133.7957,14.5986,0,0,0.24078,0,280.59,playing,4
133.8137,14.5986,0,0,0.24078,0,278.79,playing,4
133.8306,11.0807,0,0,0.2131,0,277.12,playing,4
133.8469,11.0807,0,0,0.2131,0,275.85,playing,4
133.8626,11.0807,0,0,0.2131,0,274.94,playing,4
133.8797,4.9663,0,0,0.2131,0,274.32,playing,4
133.896,4.9663,0,0,0.24623,1,273.97,playing,4
133.912,2.7777,0,0,0.24623,0,273.93,playing,4
133.9281,2.7777,0,0,0.24623,0,274.16,playing,4
133.9438,2.7777,0,0,0.24623,0,274.68,playing,4
133.9595,-14.9886,0,0,0.25491,0,275.48,playing,4
133.9757,-14.9886,0,0,0.25491,0,276.56,playing,4
133.9923,-14.9886,0,0,0.25491,0,277.93,playing,4
134.0089,-21.4868,0,0,0.25491,0,279.69,playing,4
134.0258,-21.4868,0,0,0.24102,0,281.64,playing,4
134.0421,-21.4868,0,0,0.24102,0,284.02,playing,4
134.0582,-21.4868,0,0,0.24102,0,286.55,playing,4
134.0739,-21.4868,0,0,0.24102,0,289.35,playing,4
134.0901,-15.3161,0,0,0.21865,0,292.44,playing,4
134.1064,9.9955,1,0,0.21865,0,295.81,playing,4
134.1225,9.9955,0,0,0.21865,0,289.5,playing,4
134.1386,14.1577,0,0,0.21865,0,283.84,playing,4
134.1552,14.1577,0,0,0.23185,1,278.46,playing,4
134.1709,14.1577,0,0,0.23185,0,273.37,playing,4
134.1876,8.8376,0,0,0.23185,0,268.55,playing,4
134.204,8.8376,0,0,0.23185,0,263.75,playing,4
134.2196,8.8376,0,0,0.23185,0,259.52,playing,4
134.2371,5.9493,0,0,0.20317,0,255.34,playing,4
134.2529,5.9493,0,0,0.20317,0,251.69,playing,4
134.2694,5.9493,0,0,0.20317,0,248.32,playing,4
134.2861,3.2498,0,0,0.20317,0,245.05,playing,4
134.3027,3.2498,0,0,0.23728,0,242.11,playing,4
134.3204,3.2498,0,0,0.23728,0,239.48,playing,4
134.337,3.2498,0,0,0.23728,0,237.17,playing,4
134.3526,3.2498,0,0,0.23952,0,235.27,playing,4
134.3695,3.2498,0,0,0.23952,0,233.66,playing,4
134.3861,3.2498,0,0,0.23952,0,232.27,playing,4
134.4019,3.2498,0,0,0.23952,0,231.24,playing,4
134.4183,1.0002,0,0,0.23952,0,230.49,playing,4
134.4355,1.0002,0,0,0.30196,0,230.01,playing,4
134.4516,-0.8374,0,0,0.30196,0,229.85,playing,4
134.4684,-2.6473,0,0,0.30196,0,229.98,playing,4
134.485,-2.6473,0,0,0.30196,0,230.44,playing,4
134.5032,-2.4072,0,0,0.3098,0,231.15,playing,4
134.52,-2.4072,0,0,0.3098,0,232.4,playing,4
134.5361,-2.4072,0,0,0.3098,0,233.72,playing,4
134.5527,-22.4238,0,0,0.3098,0,235.33,playing,4
134.5689,-22.4238,0,0,0.35766,0,237.36,playing,4
134.5852,-22.4238,0,0,0.35766,0,239.55,playing,4
134.6019,-22.4238,0,0,0.35766,0,242.2,playing,4
134.6182,-22.4238,0,0,0.35766,0,244.97,playing,4
134.636,6.1279,1,0,0.35766,0,248.02,playing,4
134.6534,6.1279,0,0,0.33902,0,241.01,playing,4
134.6705,6.1279,0,0,0.33902,0,235.05,playing,4
134.6868,17.1031,0,0,0.33902,0,229.41,playing,4
134.7029,17.1031,0,0,0.23706,0,224.39,playing,4
134.7185,17.1031,0,0,0.23706,0,219.64,playing,4
134.7356,15.8851,0,0,0.23706,0,215.18,playing,4
134.7526,15.8851,0,0,0.23706,0,210.76,playing,4
134.7689,12.935,0,0,0.22416,0,206.65,playing,4
134.7851,9.6179,0,0,0.22416,0,203.07,playing,4
134.8008,9.6179,0,0,0.22416,0,199.77,playing,4
134.8166,7.2762,0,0,0.22416,0,196.75,playing,4
134.8331,7.2762,0,0,0.28797,0,194.01,playing,4
134.8498,7.2762,0,0,0.28797,0,191.42,playing,4
134.8659,2.3926,0,0,0.28797,0,189.26,playing,4
134.882,2.3926,0,0,0.28797,0,187.39,playing,4
134.8975,2.3926,0,0,0.29967,0,185.79,playing,4
134.9143,0.975,0,0,0.29967,0,184.48,playing,4
134.931,0.975,0,0,0.29967,0,183.41,playing,4
134.9467,0.975,0,0,0.29967,0,182.68,playing,4
134.963,-0.2351,0,0,0.29967,0,182.23,playing,4
134.9804,-0.2351,0,0,0.29967,0,182.06,playing,4
134.9966,-2.1002,0,0,0.30685,0,182.23,playing,4
135.0134,-2.1002,0,0,0.30685,0,182.66,playing,4
135.0302,-2.1002,0,0,0.30685,0,183.43,playing,4
135.0463,-2.1641,0,0,0.28922,0,184.44,playing,4
135.0629,-2.1641,0,0,0.28922,0,185.83,playing,4
135.0792,-2.1411,0,0,0.28922,0,187.43,playing,4
135.0955,-23.0419,1,0,0.28922,0,189.44,playing,4
135.113,-23.0419,0,0,0.28922,0,183.48,playing,4
135.129,-22.3753,0,0,0.33607,0,177.46,playing,4
135.1454,-22.3753,0,0,0.33607,0,172.09,playing,4
135.1624,-22.3753,0,0,0.33607,0,166.69,playing,4
135.1786,-22.3753,0,0,0.3084,0,161.61,playing,4
135.1944,-22.3753,0,0,0.3084,0,157.12,playing,4
135.2114,-22.3753,0,0,0.3084,0,152.9,playing,4
135.2283,-13.9552,0,0,0.3084,0,148.74,playing,4
135.2458,-13.9552,0,0,0.21814,0,144.89,playing,4
135.2619,-13.9552,0,0,0.21814,0,141.37,playing,4
135.2778,-13.9552,0,0,0.21814,0,138.33,playing,5
135.2969,-13.9552,0,0,0.21814,1,135.58,playing,5
135.3135,-13.9552,0,0,0.22532,0,132.7,playing,5
135.3295,-13.9552,0,0,0.22532,0,130.45,playing,5
135.3456,-13.9552,0,0,0.22532,0,128.61,playing,5
135.3619,13.5254,0,0,0.23842,0,127.05,playing,5
135.3776,9.9045,0,0,0.23842,0,125.77,playing,5
135.3936,9.9045,0,0,0.23842,0,124.78,playing,5
135.4097,6.4774,0,0,0.23842,0,124.06,playing,5
135.4264,6.4774,0,0,0.23842,0,123.63,playing,5
135.4443,2.4403,0,0,0.28256,0,123.5,playing,5
135.4614,2.4403,0,0,0.28256,0,123.7,playing,5
135.4781,2.4403,0,0,0.28256,0,124.21,playing,5
135.4938,0.8841,0,0,0.32812,0,124.98,playing,5
135.5103,0.8841,0,0,0.32812,0,126.02,playing,5
135.5266,0.8841,0,0,0.32812,0,127.45,playing,5
135.5429,0.1695,0,0,0.32812,0,129.08,playing,5
135.5585,0.1695,0,0,0.3084,0,130.99,playing,5
135.5756,-0.8581,0,0,0.3084,0,133.18,playing,5
135.5922,-1.3755,0,0,0.3084,0,135.82,playing,5
135.6074,-1.3755,0,0,0.3084,0,138.59,playing,5
135.6244,-1.5611,0,0,0.25944,0,141.65,playing,5
135.6408,-1.5611,0,0,0.25944,0,145.21,playing,5
135.6571,-1.5611,0,0,0.25944,0,148.84,playing,5
135.6728,-1.5611,0,0,0.25944,0,152.76,playing,5
135.689,-1.5611,0,0,0.31778,0,156.95,playing,5
135.7046,-1.5611,0,0,0.31778,0,161.43,playing,5
135.7207,-2.3023,0,0,0.31778,0,166.19,playing,5
135.7372,-2.2318,0,0,0.31778,0,171.23,playing,5
135.7548,-2.2318,0,0,0.3417,0,176.91,playing,5
135.7718,-24.8244,1,0,0.3417,0,182.9,playing,5
135.7878,-24.8244,0,0,0.3417,0,176.59,playing,5
135.804,-24.8244,0,0,0.3417,0,170.93,playing,5
135.8205,-24.8244,0,0,0.28615,0,165.55,playing,5
135.8371,-24.8244,0,0,0.28615,0,160.16,playing,5
135.8531,-11.5876,0,0,0.28615,0,155.36,playing,5
135.8698,-11.5876,0,0,0.28615,0,150.58,playing,5
135.8863,-11.5876,0,0,0.22478,0,146.37,playing,5
135.9031,14.3114,0,0,0.22478,0,142.2,playing,5
135.92,14.3114,0,0,0.22478,0,138.36,playing,5
135.9366,11.7474,0,0,0.22478,0,135.02,playing,5
135.9542,11.7474,0,0,0.22478,0,131.8,playing,5
135.9725,11.7474,0,0,0.22711,0,128.59,playing,5
135.9886,5.6621,0,0,0.22711,0,126.03,playing,5
136.0049,5.6621,0,0,0.22711,0,123.91,playing,5
136.021,5.6621,0,0,0.22711,0,122.07,playing,5
136.0376,5.6621,0,0,0.26423,0,120.51,playing,5
136.054,5.6621,0,0,0.26423,0,119.24,playing,5
136.0697,3.6212,0,0,0.26423,0,118.2,playing,5
136.0858,1.8549,0,0,0.26423,0,117.5,playing,5
136.1031,1.8549,0,0,0.26423,0,117.09,playing,5
136.1195,-0.0544,0,0,0.29025,0,116.97,playing,5
136.1361,-0.0544,0,0,0.29025,0,117.16,playing,5
136.1523,-0.0544,0,0,0.29025,0,117.63,playing,5
136.1696,-0.9595,0,0,0.29025,0,118.44,playing,5
136.1902,-0.9595,0,0,0.3026,0,119.57,playing,5
136.2062,-0.7739,0,0,0.3026,0,121.34,playing,5
136.222,-1.2905,0,0,0.3026,0,123.04,playing,5
136.2374,-1.2905,0,0,0.3026,0,125.02,playing,5
136.2535,-1.8385,0,0,0.3026,0,127.28,playing,5
136.2702,-1.8385,0,0,0.26605,0,129.82,playing,5
136.2859,-1.8385,0,0,0.26605,0,132.64,playing,5
136.3021,-1.4072,0,0,0.26605,0,135.75,playing,5
136.3187,-1.4072,0,0,0.26605,0,139.14,playing,5
136.3345,-1.4072,0,0,0.32284,0,143.05,playing,5
136.351,-1.0654,0,0,0.32284,0,147.02,playing,5
136.3666,-1.0654,0,0,0.32284,0,151.27,playing,5
136.3832,-1.0654,0,0,0.32284,0,155.8,playing,5
136.3988,-1.0654,0,0,0.32284,0,160.62,playing,5
136.4144,-1.0654,0,0,0.32284,0,165.71,playing,5
136.431,-0.4787,0,0,0.32284,0,171.09,playing,5
136.4465,-0.7262,0,0,0.32284,0,176.74,playing,5
136.4631,-0.7262,0,0,0.32284,0,182.68,playing,5
136.4806,-18.894,1,0,0.30714,0,189.31,playing,5
136.4973,-18.894,0,0,0.30714,0,183.0,playing,5
136.5141,-18.894,0,0,0.30714,0,177.01,playing,5
136.5301,-11.6378,0,0,0.30714,0,171.65,playing,5
136.5465,-11.6378,0,0,0.30714,0,166.57,playing,5
136.5625,-11.6378,0,0,0.32613,0,161.49,playing,5
136.5791,-11.6378,0,0,0.32613,0,156.99,playing,5
136.5946,-11.6378,0,0,0.32613,0,152.78,playing,5
136.6108,9.3381,0,0,0.32613,0,148.84,playing,5
136.6295,9.3381,0,0,0.32613,0,145.19,playing,5
136.6456,9.3381,0,0,0.2329,0,141.25,playing,5
136.6623,16.2653,0,0,0.2329,0,138.21,playing,5
136.6784,16.2653,0,0,0.2329,0,135.46,playing,5
136.696,16.2653,0,0,0.2329,0,132.85,playing,5
136.712,13.1389,0,0,0.2329,0,130.55,playing,5
136.7284,13.1389,0,0,0.2329,0,128.68,playing,5
136.7445,13.1389,0,0,0.2329,0,127.0,playing,5
136.7611,5.989,0,0,0.2329,0,125.71,playing,5
136.7767,5.989,0,0,0.2333,0,124.7,playing,5
136.7934,3.5741,0,0,0.2333,0,123.97,playing,5
136.8104,3.5741,0,0,0.2333,0,123.51,playing,5
136.827,3.5741,0,0,0.2333,0,123.37,playing,5
136.8431,2.1964,0,0,0.2333,0,123.52,playing,5
136.859,2.1964,0,0,0.25397,0,123.95,playing,5
136.8751,2.1964,0,0,0.25397,0,124.66,playing,5
136.8916,-0.6866,0,0,0.25397,0,125.65,playing,5
136.9077,-0.6866,0,0,0.25397,0,127.02,playing,5
136.9233,-0.6866,0,0,0.25397,0,128.6,playing,5
136.9399,-1.5505,0,0,0.2585,0,130.46,playing,5
136.9567,-1.5505,0,0,0.2585,0,132.59,playing,5
136.9733,-1.8334,0,0,0.2585,0,135.18,playing,5
136.9896,-1.8334,0,0,0.2585,0,138.09,playing,5
137.0077,-1.8334,0,0,0.2585,0,141.11,playing,5
137.0258,-2.4746,0,0,0.2992,0,144.86,playing,5
137.0419,-2.4746,0,0,0.2992,0,148.97,playing,5
137.0577,-2.4746,0,0,0.2992,0,152.9,playing,5
137.0768,-2.3927,0,0,0.2992,0,157.11,playing,5
137.0943,-2.3927,0,0,0.2992,0,162.51,playing,5
137.111,-2.1343,0,0,0.2992,0,167.99,playing,5
137.1274,-2.1343,0,0,0.2992,0,173.14,playing,6
137.1435,-2.1343,0,0,0.2992,0,178.92,playing,6
137.16,-1.9379,0,0,0.2992,0,184.65,playing,6
137.1764,-1.9379,0,0,0.2992,0,190.66,playing,6
137.1925,-1.9379,0,0,0.32037,0,197.36,playing,6
137.2087,-17.4461,1,0,0.32037,0,203.95,playing,6
137.2253,-17.4461,0,0,0.32037,0,197.99,playing,6
137.2414,-11.4375,0,0,0.32037,0,191.98,playing,6
137.2576,-11.4375,0,0,0.32037,0,186.6,playing,6
137.2743,-11.4375,0,0,0.30546,0,181.51,playing,6
137.2912,2.1931,0,0,0.30546,0,176.41,playing,6
137.3066,2.1931,0,0,0.30546,0,171.9,playing,6
137.3231,2.1931,0,0,0.30546,0,167.66,playing,6
137.3388,2.1931,0,0,0.30546,0,163.71,playing,6
137.3554,2.1931,0,0,0.2634,0,160.04,playing,6
137.3721,2.1931,0,0,0.2634,0,156.46,playing,6
137.3882,15.5886,0,0,0.2634,0,153.37,playing,6
137.4049,15.5886,0,0,0.2634,0,150.4,playing,6
137.4209,12.858,0,0,0.24338,0,147.9,playing,6
137.4367,12.858,0,0,0.24338,0,145.67,playing,6
137.4533,12.858,0,0,0.24338,0,143.72,playing,6
137.4695,12.858,0,0,0.24338,0,141.97,playing,6
137.4924,12.858,0,0,0.27655,0,140.61,playing,6
137.5129,9.1862,0,0,0.27655,0,139.23,playing,6
137.5322,4.1014,0,0,0.27655,0,138.47,playing,6
137.5486,0.4757,0,0,0.27655,0,138.14,playing,6
137.5652,-0.9811,0,0,0.27655,0,138.17,playing,6
137.5817,-0.9811,0,0,0.27842,0,138.52,playing,6
137.598,-0.9811,0,0,0.27842,0,139.12,playing,6
137.6136,-2.1372,0,0,0.27842,0,140.01,playing,6
137.63,-2.1372,0,0,0.27842,0,141.18,playing,6
137.6461,-2.1372,0,0,0.29692,0,142.63,playing,6
137.6617,-2.1372,0,0,0.29692,0,144.36,playing,6
137.6786,-2.1372,0,0,0.29692,0,146.38,playing,6
137.6953,-3.0624,0,0,0.29692,0,148.84,playing,6
137.7118,-3.0624,0,0,0.28308,0,151.61,playing,6
137.7277,-3.0624,0,0,0.28308,0,154.51,playing,6
137.7438,-2.2604,0,0,0.28308,0,157.68,playing,6
137.7605,-2.2604,0,0,0.28308,0,161.14,playing,6
137.7786,-2.2604,0,0,0.28308,0,165.13,playing,6
137.7962,-23.0641,1,0,0.32355,0,169.99,playing,6
137.8118,-23.0641,0,0,0.32355,0,164.03,playing,6
137.828,-21.0238,0,0,0.32355,0,158.36,playing,6
137.8435,-21.0238,0,0,0.32355,0,152.96,playing,6
137.8601,-21.0238,0,0,0.29742,0,147.85,playing,6
137.8783,-1.3657,0,0,0.29742,0,143.01,playing,6
137.8942,-1.3657,0,0,0.29742,0,137.93,playing,6
137.9111,-1.3657,0,0,0.29742,0,133.46,playing,6
137.9296,-1.3657,0,0,0.29742,0,129.52,playing,6
137.9458,-1.3657,0,0,0.29742,0,125.25,playing,6
137.962,15.9032,0,0,0.3192,0,121.93,playing,6
137.9779,14.0038,0,0,0.3192,0,118.89,playing,6
137.994,14.0038,0,0,0.3192,0,116.14,playing,6
138.0101,10.3862,0,0,0.3192,0,113.66,playing,6
138.0259,10.3862,0,0,0.25022,0,111.47,playing,6
138.0417,10.3862,0,0,0.25022,0,109.56,playing,6
138.0573,7.2403,0,0,0.25022,0,107.93,playing,6
138.074,7.2403,0,0,0.25022,0,106.58,playing,6
138.0899,7.2403,0,0,0.21431,0,105.52,playing,6
138.106,7.2403,0,0,0.21431,0,104.73,playing,6
138.1226,7.2403,0,0,0.21431,0,104.23,playing,6
138.1385,7.2403,0,0,0.21431,0,104.02,playing,6
138.1551,4.9171,0,0,0.25576,1,104.09,playing,6
138.1712,4.9171,0,0,0.25576,0,104.45,playing,6
138.1884,0.2318,0,0,0.25576,0,105.15,playing,6
138.2051,0.2318,0,0,0.25576,0,106.17,playing,6
138.2213,0.2318,0,0,0.30544,0,107.41,playing,6
138.2384,0.2318,0,0,0.30544,0,109.05,playing,6
138.2548,0.2318,0,0,0.30544,0,111.0,playing,6
138.2715,0.2318,0,0,0.30544,0,113.12,playing,6
138.2876,-2.4732,0,0,0.3233,0,115.69,playing,6
138.3041,-2.4732,0,0,0.3233,0,118.39,playing,6
138.3207,-2.4732,0,0,0.3233,0,121.58,playing,6
138.3369,-3.0579,0,0,0.3233,0,124.86,playing,6
138.3528,-3.0579,0,0,0.3233,0,128.42,playing,6
138.3687,-2.8829,0,0,0.31987,0,132.27,playing,6
138.3849,-2.8829,0,0,0.31987,0,136.4,playing,6
138.4017,-2.8829,0,0,0.31987,0,140.8,playing,6
138.4179,-2.3014,0,0,0.31987,0,145.81,playing,6
138.4342,-2.3014,0,0,0.30716,0,150.79,playing,6
138.4514,-2.3014,0,0,0.30716,0,156.41,playing,6
138.4685,-1.8907,0,0,0.30716,0,162.35,playing,6
138.4846,-1.8907,0,0,0.30716,0,168.6,playing,6
138.5014,-1.5343,0,0,0.30716,0,174.77,playing,6
138.5184,-1.5343,0,0,0.34185,0,181.64,playing,6
138.5347,-1.5343,0,0,0.34185,0,188.83,playing,6
138.5527,-1.3802,0,0,0.34185,0,195.88,dead,6
138.5686,-1.4632,0,0,0.34185,0,204.17,dead,6
138.5851,-1.4632,0,0,0.34185,0,211.81,dead,6
138.6007,-1.1884,0,0,0.34185,0,219.74,dead,6
138.6164,-1.1884,0,0,0.31993,0,227.95,dead,6
138.6335,-1.1884,0,0,0.31993,0,236.44,dead,6
138.6497,-0.9224,0,0,0.31993,0,245.78,dead,6
138.6668,-0.9224,0,0,0.31993,0,254.85,dead,6
138.684,-1.0571,0,0,0.3098,0,265.41,dead,6
138.7003,-1.0571,0,0,0.3098,0,275.09,dead,6
138.7174,-1.0571,0,0,0.3098,0,285.68,dead,6
138.7346,-13.2786,1,0,0.3098,0,296.59,dead,6
138.7509,-13.2786,0,0,0.30993,0,285.0,playing,0
138.7665,-13.2786,0,0,0.30993,0,279.04,playing,0
138.783,-13.4908,0,0,0.30993,0,273.36,playing,0
138.7992,-13.4908,0,0,0.30993,0,267.97,playing,0
138.8177,-8.2109,0,0,0.33634,0,262.86,playing,0
138.8344,-8.2109,0,0,0.33634,0,257.46,playing,0
138.8511,-8.2109,0,0,0.33634,0,252.42,playing,0
138.8666,17.8039,0,0,0.33634,0,248.22,playing,0
138.8834,17.8039,0,0,0.33634,0,244.3,playing,0
138.9,17.8039,0,0,0.259,0,240.46,playing,0
138.9164,19.716,0,0,0.259,0,237.12,playing,0
138.933,19.716,0,0,0.259,0,233.9,playing,0
138.9486,19.716,0,0,0.23659,0,231.14,playing,0
138.965,16.2797,0,0,0.23659,0,228.67,playing,0
138.9806,16.2797,0,0,0.23659,0,226.48,playing,0
138.9972,8.3437,0,0,0.23659,0,224.57,playing,0
139.0129,8.3437,0,0,0.2393,0,222.94,playing,0
139.0291,8.3437,0,0,0.2393,0,221.59,playing,0
139.0451,8.3437,0,0,0.2393,0,220.53,playing,0
139.0624,8.3437,0,0,0.2393,0,219.71,playing,0
139.0785,8.3437,0,0,0.2393,0,219.21,playing,0
139.0951,0.5944,0,0,0.19543,0,219.03,playing,0
139.1117,0.5944,0,0,0.19543,0,219.15,playing,0
139.1279,0.5944,0,0,0.19543,0,219.54,playing,0
139.144,-0.5269,0,0,0.19543,0,220.22,playing,0
139.1602,-0.5269,0,0,0.19543,1,221.18,playing,0
139.1771,-1.3128,0,0,0.28241,0,222.52,playing,0
139.1929,-1.3128,0,0,0.28241,0,224.06,playing,0
139.2092,-1.3128,0,0,0.28241,0,225.88,playing,0
139.2255,-2.1003,0,0,0.28241,0,227.98,playing,0
139.2422,-2.1003,0,0,0.32247,0,230.53,playing,0
139.2587,-2.1003,0,0,0.32247,0,233.21,playing,0
139.275,-3.3136,0,0,0.32247,0,236.38,playing,0
139.2911,-3.3136,0,0,0.32247,0,239.65,playing,0
139.3069,-3.3136,0,0,0.27815,0,243.19,playing,0
139.3236,-3.3136,0,0,0.27815,0,247.02,playing,0
139.3404,-3.3136,0,0,0.27815,0,251.4,playing,0
139.3567,-2.7931,0,0,0.27815,0,256.11,playing,0
139.3734,-2.6311,0,0,0.27815,0,260.81,playing,0
139.3894,-2.6311,0,0,0.26363,0,266.13,playing,0
139.4056,-2.0205,0,0,0.26363,0,271.42,playing,0
139.4226,-2.0205,0,0,0.26363,0,276.99,playing,0
139.4388,-2.0205,0,0,0.26363,0,283.23,playing,0
139.4558,-3.5787,0,0,0.26363,0,289.38,playing,0
139.4729,-3.5787,0,0,0.26363,0,296.23,playing,0
139.4887,-3.5787,0,0,0.275,0,303.4,playing,0
139.5054,-3.5787,0,0,0.275,0,310.43,playing,0
139.522,-3.5787,0,0,0.275,0,318.22,playing,0
139.5377,-10.5947,1,0,0.275,0,325.83,playing,0
139.555,-10.5947,0,0,0.30196,0,319.87,playing,0
139.571,-10.5947,0,0,0.30196,0,313.86,playing,0
139.5871,8.6711,0,0,0.30196,0,308.48,playing,0
139.6029,8.6711,0,0,0.30196,0,303.38,playing,0
139.6188,8.6711,0,0,0.30422,0,298.57,playing,0
139.6345,16.4147,0,0,0.30422,0,294.04,playing,0
139.6509,16.4147,0,0,0.30422,0,289.79,playing,0
139.6682,16.4147,0,0,0.30422,0,285.82,playing,0
139.6836,10.6203,0,0,0.19691,0,281.92,playing,0
139.6996,10.6203,0,0,0.19691,0,278.53,playing,0
139.7165,7.7723,0,0,0.19691,0,275.42,playing,0
139.7336,7.7723,0,0,0.19691,0,272.44,playing,0
139.7503,7.7723,0,0,0.16096,0,269.77,playing,0
139.7669,3.4514,0,0,0.16096,0,267.42,playing,0
139.7833,3.4514,0,0,0.16096,0,265.49,playing,0
139.8006,3.4514,0,0,0.17268,0,263.76,playing,0
139.8165,1.7946,0,0,0.17268,0,262.35,playing,0
139.8331,1.7946,0,0,0.17268,0,261.3,playing,0
139.8494,1.7946,0,0,0.17268,0,260.54,playing,0
139.866,0.6264,0,0,0.17268,0,260.04,playing,0
139.8825,0.6264,0,0,0.21848,0,259.86,playing,0
139.8986,-2.3103,0,0,0.21848,0,259.98,playing,0
139.9153,-2.3103,0,0,0.21848,0,260.37,playing,0
139.9322,-2.3103,0,0,0.21848,0,261.11,playing,0
139.9487,-2.9369,0,0,0.24192,1,262.16,playing,0
139.9649,-2.9369,0,0,0.24192,0,263.44,playing,0
139.981,-2.9369,0,0,0.24192,0,265.0,playing,0
139.9968,-2.48,0,0,0.24192,0,266.84,playing,0
140.013,-2.48,0,0,0.21893,0,268.96,playing,0
140.0301,-0.9514,0,0,0.21893,0,271.36,playing,0
140.0462,-0.9514,0,0,0.21893,0,274.23,playing,0
140.0629,-0.9514,0,0,0.21893,0,277.41,playing,0
140.0793,-3.0363,0,0,0.27184,0,280.7,playing,0
140.0962,-3.0363,0,0,0.27184,0,284.5,playing,0
140.1122,-3.0363,0,0,0.27184,0,288.36,playing,0
140.1293,-3.0363,0,0,0.27184,0,292.78,playing,0
140.1457,-3.0363,0,0,0.23932,0,297.52,playing,0
140.1622,-3.0363,0,0,0.23932,0,302.27,playing,0
140.1787,0.1283,0,0,0.23932,0,307.62,playing,0
140.1951,0.1283,0,0,0.23932,0,312.95,playing,0
140.2117,0.1283,0,0,0.23932,0,318.55,playing,0
140.228,0.0166,0,0,0.25886,0,324.82,playing,0
140.2436,0.0166,0,0,0.25886,0,331.01,playing,0
140.2603,0.0166,0,0,0.25886,0,337.48,playing,0
140.2776,0.0166,0,0,0.25524,0,344.67,playing,0
140.2937,0.0166,0,0,0.25524,0,352.17,playing,0
140.3122,-1.7795,0,0,0.25524,0,359.52,playing,0
140.3286,-1.7795,0,0,0.25524,0,368.14,playing,0
140.345,-1.7795,0,0,0.25524,0,376.6,playing,0
140.361,-22.6765,1,0,0.25524,0,384.85,playing,0
140.3769,-22.6765,0,0,0.22632,0,378.89,playing,0
140.3931,-16.811,0,0,0.22632,0,373.21,playing,0
140.4086,-16.811,0,0,0.22632,0,367.82,playing,0
140.4246,-16.811,0,0,0.22632,0,362.7,playing,0
140.4411,12.048,0,0,0.21949,0,357.87,playing,0
140.4572,12.048,0,0,0.21949,0,353.32,playing,0
140.4733,12.048,0,0,0.21949,0,349.05,playing,0
140.4905,10.1364,0,0,0.2118,0,344.84,playing,0
140.5081,10.1364,0,0,0.2118,0,340.73,playing,0
140.5246,6.8328,0,0,0.2118,0,337.35,playing,0
140.5412,4.8905,0,0,0.2118,0,334.09,playing,0
140.5583,4.8905,0,0,0.2353,1,331.14,playing,0
140.5745,2.6685,0,0,0.2353,0,328.52,playing,0
140.5909,2.6685,0,0,0.2353,0,326.32,playing,0
140.6075,2.6685,0,0,0.2353,0,324.41,playing,0
140.6236,2.6685,0,0,0.23701,0,322.7,playing,0
140.6406,2.6685,0,0,0.23701,0,321.37,playing,0
140.6574,2.6685,0,0,0.23701,0,320.28,playing,0
140.6735,0.0738,0,0,0.23701,0,319.5,playing,0
140.6901,0.0738,0,0,0.22638,0,319.05,playing,0
140.7062,-0.6581,0,0,0.22638,0,318.88,playing,0
140.7222,-0.6581,0,0,0.22638,0,319.0,playing,0
140.7376,-0.6581,0,0,0.22638,0,319.39,playing,0
140.7539,-1.3978,0,0,0.26376,0,320.07,playing,0
140.7701,-1.3978,0,0,0.26376,0,321.03,playing,0
140.7864,-1.3978,0,0,0.26376,0,322.27,dead,0
140.803,-1.5341,0,0,0.26376,0,323.9,dead,0
140.8191,-1.5341,0,0,0.28825,0,325.72,dead,0
140.8355,-1.5341,0,0,0.28825,0,327.83,dead,0
140.8518,-1.6188,0,0,0.28825,0,330.38,dead,0
140.8674,-1.6188,0,0,0.28825,0,333.06,dead,0
140.886,-1.6188,0,0,0.28825,0,336.03,dead,0
140.9024,-1.4315,0,0,0.30956,0,339.72,dead,0
140.9195,-1.4315,0,0,0.30956,0,343.52,dead,0
140.9367,-2.0597,0,0,0.30956,0,347.64,dead,0
140.9543,-2.0597,0,0,0.30956,0,352.08,dead,0
140.9741,-2.0597,0,0,0.27527,0,357.14,dead,0
140.9948,-18.8952,1,0,0.27527,0,362.88,dead,0
141.0107,-18.8952,0,0,0.27527,0,285.0,playing,0
141.0466,-8.5128,0,0,0.23873,0,279.04,playing,0
141.0637,-8.5128,0,0,0.23873,0,267.06,playing,0
141.0921,-8.5128,0,0,0.23873,0,261.72,playing,0
141.1083,-8.5128,0,0,0.23873,0,253.79,playing,0
141.1264,9.9096,0,0,0.18011,0,249.29,playing,0
141.1428,9.9096,0,0,0.18011,0,244.88,playing,0
141.1596,7.6856,0,0,0.18011,0,241.25,playing,0
141.1768,7.6856,0,0,0.18011,0,237.7,playing,0
141.1932,7.6856,0,0,0.18011,0,234.48,playing,0
141.2094,5.6985,0,0,0.17629,0,231.57,playing,0
141.2256,5.6985,0,0,0.17629,0,229.11,playing,0
141.2422,5.6985,0,0,0.17629,0,226.94,playing,0
141.2591,4.1618,0,0,0.17629,0,224.95,playing,0
141.2753,4.1618,0,0,0.25854,1,223.35,playing,0
141.2925,1.6825,0,0,0.25854,0,221.98,playing,0
141.309,1.6825,0,0,0.25854,0,220.92,playing,0
141.3251,1.6825,0,0,0.25854,0,220.21,playing,0
141.3409,-0.6265,0,0,0.21416,0,219.77,playing,0
141.357,-0.6265,0,0,0.21416,0,219.62,playing,0
141.3733,-0.6265,0,0,0.21416,0,219.76,playing,0
141.3898,-1.4865,0,0,0.21416,0,220.21,playing,0
141.4062,-1.4865,0,0,0.21416,0,220.92,playing,0
141.4231,-1.4865,0,0,0.24725,0,221.92,playing,0
141.4388,-1.3091,0,0,0.24725,0,223.29,playing,0
141.455,-1.3091,0,0,0.24725,0,224.87,playing,0
141.4713,-1.7255,0,0,0.24725,0,226.72,playing,0
141.4882,-1.7255,0,0,0.25,0,229.01,playing,0
141.5034,-1.7255,0,0,0.25,0,231.45,playing,0
141.5217,-1.6977,0,0,0.25,0,234.17,playing,0
141.5379,-1.6977,0,0,0.25,0,237.17,playing,0
141.5545,-1.6977,0,0,0.2627,0,240.45,playing,0
141.5716,-1.3428,0,0,0.2627,0,244.74,playing,0
141.5878,-1.3428,0,0,0.2627,0,248.9,playing,0
141.6041,-0.5586,0,0,0.2627,0,253.1,playing,0
141.622,-0.9798,0,0,0.26751,0,257.88,playing,0
141.6377,-0.9798,0,0,0.26751,0,262.65,playing,0
141.6566,-0.1275,0,0,0.26751,0,268.05,playing,0
141.6705,-0.1275,0,0,0.26751,0,273.76,playing,0
141.6874,-0.1275,0,0,0.26751,0,279.42,playing,0
141.7043,-0.4417,0,0,0.27966,0,285.75,playing,0
141.7214,-0.4417,0,0,0.27966,0,292.39,playing,0
141.7375,-0.4417,0,0,0.27966,0,299.36,playing,0
141.7535,-0.5807,0,0,0.27966,0,306.2,playing,0
141.7735,-0.5807,0,0,0.27966,0,313.31,playing,0
141.7899,0.1099,0,0,0.29069,0,321.2,playing,0
141.8076,0.1099,0,0,0.29069,0,330.91,playing,0
141.8234,0.1099,0,0,0.29069,0,339.48,playing,0
141.8397,0.0929,0,0,0.29069,0,347.83,playing,0
141.8564,0.0929,0,0,0.28218,0,356.46,playing,0
141.8742,0.0929,0,0,0.28218,0,365.95,playing,0
141.8899,-0.165,0,0,0.28218,0,375.76,playing,0
141.9056,-0.165,0,0,0.28218,0,385.27,playing,0
141.9218,0.2436,0,0,0.29673,0,395.06,playing,0
141.9386,0.2436,0,0,0.29673,0,405.14,playing,0
141.9553,0.2436,0,0,0.29673,0,416.16,playing,0
141.9724,-0.0682,0,0,0.29673,0,427.5,playing,0
141.9891,-0.0682,0,0,0.2745,0,439.16,playing,0
142.0054,-0.0682,0,0,0.2745,0,450.36,playing,0
142.0222,0.2004,0,0,0.2745,0,462.26,playing,0
142.0441,0.2004,0,0,0.2745,0,474.16,playing,0
142.0567,-0.1712,0,0,0.2745,0,485.36,playing,0
142.077,-0.1712,0,0,0.2793,0,497.96,dead,0
142.0935,-0.1712,0,0,0.2793,0,496.0,dead,0
142.1064,-0.1712,0,0,0.2793,0,496.0,dead,0
142.123,-0.1712,0,0,0.2793,0,496.0,dead,0
142.1389,-0.1712,0,0,0.32,0,496.0,dead,0
142.1554,-0.7062,0,0,0.32,0,496.0,dead,0
142.1722,-0.7062,0,0,0.32,0,496.0,dead,0
142.1878,-0.7062,0,0,0.32,0,496.0,dead,0
142.2046,-0.2353,0,0,0.32,0,496.0,dead,0
142.2231,-0.2353,0,0,0.28906,0,496.0,dead,0
142.2385,-0.5767,0,0,0.28906,0,496.0,dead,0
142.255,-0.5767,0,0,0.28906,0,496.0,dead,0
142.2706,-0.5767,0,0,0.28906,0,496.0,dead,0
142.2868,-0.4165,0,0,0.28906,0,496.0,dead,0
142.3028,-0.4165,0,0,0.30159,0,496.0,dead,0
142.319,-0.4165,0,0,0.30159,0,496.0,dead,0
142.3351,0.4768,0,0,0.30159,0,496.0,dead,0
142.3507,0.4768,0,0,0.30159,0,496.0,dead,0
142.3667,0.4768,0,0,0.27432,0,496.0,dead,0
142.3836,0.3437,0,0,0.27432,0,496.0,dead,0
142.4006,0.3437,0,0,0.27432,0,496.0,dead,0
142.4169,0.2855,0,0,0.27432,0,496.0,dead,0
142.4333,0.2855,0,0,0.29731,0,496.0,dead,0
142.4503,0.2855,0,0,0.29731,0,496.0,dead,0
142.4676,0.2462,0,0,0.29731,0,496.0,dead,0
142.4841,0.2462,0,0,0.29731,0,496.0,dead,0
142.4999,0.2462,0,0,0.30342,0,496.0,dead,0
142.5157,0.4082,0,0,0.30342,0,496.0,dead,0
142.5318,0.4082,0,0,0.30342,0,496.0,dead,0
142.5482,0.4082,0,0,0.30342,0,496.0,dead,0
142.5664,0.2984,0,0,0.32055,0,496.0,dead,0
142.5836,0.2984,0,0,0.32055,0,496.0,dead,0
142.5998,0.8963,0,0,0.32055,0,496.0,dead,0
142.618,0.8963,0,0,0.32055,0,496.0,dead,0
142.6329,0.8963,0,0,0.32055,0,496.0,dead,0
142.6524,1.3113,0,0,0.28948,0,496.0,dead,0
142.6695,1.3113,0,0,0.28948,0,496.0,dead,0
142.6863,0.7991,0,0,0.28948,0,496.0,dead,0
142.7031,0.7991,0,0,0.28948,0,496.0,dead,0
142.7193,0.7991,0,0,0.28948,0,496.0,dead,0
142.7387,0.7259,0,0,0.28892,0,496.0,dead,0
142.7559,0.7259,0,0,0.28892,0,496.0,dead,0
142.772,0.7259,0,0,0.28892,0,496.0,dead,0
142.7887,0.1512,0,0,0.28892,0,496.0,dead,0
142.8055,0.1512,0,0,0.28892,0,496.0,dead,0
142.8254,-0.1314,0,0,0.27891,0,496.0,dead,0
142.8448,-0.1314,0,0,0.27891,0,496.0,dead,0
142.8607,-0.1314,0,0,0.27891,0,496.0,dead,0
142.8815,-0.6511,0,0,0.27891,0,496.0,dead,0
142.8976,-0.6511,0,0,0.27891,0,496.0,dead,0
142.9166,-0.6511,0,0,0.26978,0,496.0,dead,0
142.9331,-0.6511,0,0,0.26978,0,496.0,dead,0
142.9487,-0.6511,0,0,0.26978,0,496.0,dead,0
142.9658,-0.6511,0,0,0.26978,0,496.0,dead,0
142.9824,-0.6511,0,0,0.26978,0,496.0,dead,0
142.999,-0.6511,0,0,0.30238,0,496.0,dead,0
143.0147,-0.838,0,0,0.30238,0,496.0,dead,0
143.0304,-0.7486,0,0,0.30238,0,496.0,dead,0
143.0469,-0.0657,0,0,0.30238,0,496.0,dead,0
143.0642,-0.3758,0,0,0.26636,0,496.0,dead,0
143.0799,-0.3758,0,0,0.26636,0,496.0,dead,0
143.0962,-0.1914,0,0,0.26636,0,496.0,dead,0
143.1123,-0.1914,0,0,0.26636,0,496.0,dead,0
143.1283,-0.1914,0,0,0.26636,0,496.0,dead,0
143.1457,-0.1914,0,0,0.29444,0,496.0,dead,0
143.1635,-0.1914,0,0,0.29444,0,496.0,dead,0
143.1844,-0.2435,0,0,0.29444,0,496.0,dead,0
143.2034,-0.4122,0,0,0.29444,0,496.0,dead,0
143.2205,-0.4122,0,0,0.29444,0,496.0,dead,0
143.2369,-0.4122,0,0,0.28773,0,496.0,dead,0
143.2532,-0.4122,0,0,0.28773,0,496.0,dead,0
143.273,-0.1672,0,0,0.28773,0,496.0,dead,0
143.2888,0.334,0,0,0.28773,0,496.0,dead,0
143.305,0.334,0,0,0.28125,0,496.0,dead,0
143.3209,0.334,0,0,0.28125,0,496.0,dead,0
143.3366,0.334,0,0,0.28125,0,496.0,dead,0
143.3529,0.334,0,0,0.28125,0,496.0,dead,0
143.3715,0.5081,0,0,0.28125,0,496.0,dead,0
143.3879,0.5081,0,0,0.30816,0,496.0,dead,0
143.4035,0.5081,0,0,0.30816,0,496.0,dead,0
143.4196,0.6409,0,0,0.30816,0,496.0,dead,0
143.4359,0.6409,0,0,0.30816,0,496.0,dead,0
143.4525,0.5941,0,0,0.34429,0,496.0,dead,0
143.4686,0.5941,0,0,0.34429,0,496.0,dead,0
143.4854,0.5941,0,0,0.34429,0,496.0,dead,0
143.5046,0.5112,0,0,0.34429,0,496.0,dead,0
143.5214,0.5112,0,0,0.27734,0,496.0,dead,0
143.5381,0.5112,0,0,0.27734,0,496.0,dead,0
143.5542,0.291,0,0,0.27734,0,496.0,dead,0
143.5704,0.291,0,0,0.27734,0,496.0,dead,0
143.5868,0.7155,0,0,0.28571,0,496.0,dead,0
143.6031,-9.148,0,0,0.28571,0,496.0,dead,0
143.6194,-9.148,0,0,0.28571,0,496.0,dead,0
143.6376,-8.9792,0,0,0.28571,0,496.0,dead,0
143.653,-8.9792,0,0,0.29831,0,496.0,dead,0
143.6704,-8.9792,0,0,0.29831,0,496.0,dead,0
143.6881,-2.1924,0,0,0.29831,0,496.0,dead,0
143.7045,-2.1924,0,0,0.29831,0,496.0,dead,0
143.7213,11.3649,0,0,0.30726,0,496.0,dead,0
143.7386,11.3649,0,0,0.30726,0,496.0,dead,0
143.7559,11.3649,0,0,0.30726,0,496.0,dead,0
143.7724,7.8653,0,0,0.30726,0,496.0,dead,0
143.7903,7.8653,0,0,0.20342,0,496.0,dead,0
143.8067,7.8653,0,0,0.20342,0,496.0,dead,0
143.8244,7.1794,0,0,0.20342,0,496.0,dead,0
143.8412,7.1794,0,0,0.20342,0,496.0,dead,0
143.8578,8.3492,0,0,0.20342,0,496.0,dead,0
143.8739,8.3448,0,0,0.22867,1,496.0,dead,0
143.8896,8.3448,0,0,0.22867,0,496.0,dead,0
143.9058,8.4836,0,0,0.22867,0,496.0,dead,0
143.9221,8.4836,0,0,0.25797,0,496.0,dead,0
143.9381,8.4836,0,0,0.25797,0,496.0,dead,0
143.9542,4.4026,0,0,0.25797,0,496.0,dead,0
143.9705,4.4026,0,0,0.25797,0,496.0,dead,0
143.9868,4.4026,0,0,0.27344,0,496.0,dead,0
144.0087,-0.2122,0,0,0.27344,0,496.0,dead,0
144.0258,-0.2122,0,0,0.27344,0,496.0,dead,0
144.0425,-0.2122,0,0,0.27344,0,496.0,dead,0
144.0565,-0.2122,0,0,0.25872,0,496.0,dead,0
144.0726,-0.2122,0,0,0.25872,0,496.0,dead,0
144.089,-3.8762,0,0,0.25872,0,496.0,dead,0
144.1079,-3.8762,0,0,0.25872,0,496.0,dead,0
144.1242,-3.8762,0,0,0.28212,0,496.0,dead,0
144.1445,-3.1967,0,0,0.28212,0,496.0,dead,0
144.1621,-3.1967,0,0,0.28212,0,496.0,dead,0
144.1875,-2.5702,0,0,0.28212,0,496.0,dead,0
144.2071,-2.5702,0,0,0.28212,0,496.0,dead,0
144.2271,-2.3327,0,0,0.25403,0,496.0,dead,0
144.2526,-2.4467,0,0,0.25403,0,496.0,dead,0
144.2659,-1.5653,0,0,0.25403,0,496.0,dead,0
144.2815,-1.5653,0,0,0.25403,0,496.0,dead,0
144.2981,-1.5653,0,0,0.28217,0,496.0,dead,0
144.3137,-3.1033,0,0,0.28217,0,496.0,dead,0
144.3312,-3.1033,0,0,0.28217,0,496.0,dead,0
144.3483,-3.1033,0,0,0.28217,0,496.0,dead,0
144.3649,-2.9138,0,0,0.30049,0,496.0,dead,0
144.3815,-2.9138,0,0,0.30049,0,496.0,dead,0
144.3974,-2.9138,0,0,0.30049,0,496.0,dead,0
144.4145,-2.9138,0,0,0.30049,0,496.0,dead,0
144.4314,-2.9138,0,0,0.30815,0,496.0,dead,0
144.4495,-2.3265,0,0,0.30815,0,496.0,dead,0
144.466,-2.3265,0,0,0.30815,0,496.0,dead,0
144.4831,-2.3265,0,0,0.30815,0,496.0,dead,0
144.4997,-1.9239,0,0,0.31282,0,496.0,dead,0
144.5157,-1.9239,0,0,0.31282,0,496.0,dead,0
144.5316,-2.1608,0,0,0.31282,0,496.0,dead,0
144.5493,-2.1608,0,0,0.31282,0,496.0,dead,0
144.566,-2.1608,0,0,0.29462,0,496.0,dead,0
144.5824,-2.7197,0,0,0.29462,0,496.0,dead,0
144.5991,-2.7197,0,0,0.29462,0,496.0,dead,0
144.6162,-2.7197,0,0,0.29462,0,496.0,dead,0
144.636,-3.9803,0,0,0.29801,0,496.0,dead,0
144.6521,-3.9803,0,0,0.29801,0,496.0,dead,0
144.6677,-3.8455,0,0,0.29801,0,496.0,dead,0
144.6838,-4.2846,0,0,0.29801,0,496.0,dead,0
144.7,-4.2846,0,0,0.33453,0,496.0,dead,0
144.7156,-4.6816,0,0,0.33453,0,496.0,dead,0
144.7322,-4.6816,0,0,0.33453,0,496.0,dead,0
144.7484,-4.6816,0,0,0.33453,0,496.0,dead,0
144.7646,-6.2878,0,0,0.33333,0,496.0,dead,0
144.7808,-6.2878,0,0,0.33333,0,496.0,dead,0
144.7973,-6.2878,0,0,0.33333,0,496.0,dead,0
144.8127,-6.6712,0,0,0.33333,0,496.0,dead,0
144.8288,-6.6712,0,0,0.32583,0,496.0,dead,0
144.845,-6.5033,0,0,0.32583,0,496.0,dead,0
144.8615,-6.5033,0,0,0.32583,0,496.0,dead,0
144.8903,-6.5033,0,0,0.32583,0,496.0,dead,0
144.9127,-3.2602,0,0,0.29539,0,496.0,dead,0
144.9287,-3.2602,0,0,0.29539,0,496.0,dead,0
144.9506,-1.3552,0,0,0.29539,0,496.0,dead,0
144.9685,-1.3552,0,0,0.29539,0,496.0,dead,0
144.9899,-1.3552,0,0,0.29539,0,496.0,dead,0
145.0113,0.7359,0,0,0.30809,0,496.0,dead,0
145.0277,2.3592,0,0,0.30809,0,496.0,dead,0
145.0445,2.3592,0,0,0.30809,0,496.0,dead,0
145.0612,2.3592,0,0,0.30809,0,496.0,dead,0
145.0929,4.8779,0,0,0.28906,0,496.0,dead,0
145.1305,5.1905,0,0,0.28906,0,496.0,dead,0
145.1484,5.1905,0,0,0.28906,0,496.0,dead,0
145.1662,5.1345,0,0,0.28906,0,496.0,dead,0
145.1839,5.1345,0,0,0.32567,0,496.0,dead,0
145.2046,5.1345,0,0,0.32567,0,496.0,dead,0
145.2214,4.7354,0,0,0.32567,0,496.0,dead,0
145.2382,4.7354,0,0,0.32567,0,496.0,dead,0
145.2543,4.5647,0,0,0.32567,0,496.0,dead,0
145.276,4.5647,0,0,0.32567,0,496.0,dead,0
145.3022,7.3502,0,0,0.28942,0,496.0,dead,0
145.3201,7.3502,0,0,0.28942,0,496.0,dead,0
145.336,7.3502,0,0,0.28942,0,496.0,dead,0
145.3533,6.9621,0,0,0.28942,0,496.0,dead,0
145.3697,6.9621,0,0,0.28942,0,496.0,dead,0
145.3867,5.4029,0,0,0.31833,0,496.0,dead,0
145.4034,5.4029,0,0,0.31833,0,496.0,dead,0
145.4204,5.4029,0,0,0.31833,0,496.0,dead,0
145.4366,5.4029,0,0,0.31833,0,496.0,dead,0
145.4548,5.4029,0,0,0.31833,0,496.0,dead,0
145.4825,5.9526,0,0,0.30777,0,496.0,dead,0
145.5045,6.3272,0,0,0.30777,0,496.0,dead,0
145.5233,5.9478,0,0,0.30777,0,496.0,dead,0
145.5396,1.0617,0,0,0.30777,0,496.0,dead,0
145.5633,1.0617,0,0,0.30777,0,496.0,dead,0
145.5849,1.0617,0,0,0.28579,0,496.0,dead,0
145.6039,1.0617,0,0,0.28579,0,496.0,dead,0
145.6284,-18.4031,1,0,0.28579,0,496.0,dead,0
145.6465,-18.4031,0,0,0.28579,0,285.0,playing,0
145.6683,6.8998,0,0,0.28579,0,278.34,playing,0
145.6887,6.8998,0,0,0.28579,0,270.72,playing,0
145.7132,10.2515,0,0,0.28519,0,264.24,playing,0
145.7305,10.2515,0,0,0.28519,0,256.83,playing,0
145.7472,10.2515,0,0,0.28519,0,252.11,playing,0
145.786,6.5074,0,0,0.21333,0,247.95,playing,0
145.8068,-2.5884,0,0,0.21333,0,239.3,playing,0
145.8279,-2.5884,0,0,0.21333,0,235.41,playing,0
145.8491,-4.3666,0,0,0.21333,0,231.82,playing,0
145.8652,-4.3666,0,0,0.21333,0,228.71,playing,0
145.8866,-5.0742,0,0,,0,226.51,playing,0
145.9048,-5.0742,0,0,,0,224.28,playing,0
145.9415,-3.6839,0,0,,0,222.73,playing,0
145.9606,-3.6839,0,0,,0,221.04,playing,0
145.9994,-2.9713,0,0,0.30173,1,220.57,playing,0
146.0205,-2.5844,0,0,0.30173,0,221.27,playing,0
146.0777,-2.4655,0,0,0.30173,0,222.14,playing,0
146.1279,-2.7393,0,0,0.29726,0,228.06,playing,0
146.1517,-4.2928,0,0,0.29726,0,236.01,playing,0
146.1702,-4.2928,0,0,0.29726,0,240.45,playing,0
146.1903,-4.2928,0,0,0.29726,0,244.14,playing,0
146.2457,-3.9872,0,0,0.27734,0,248.94,playing,0
146.2942,-2.3437,0,0,0.27734,0,264.82,playing,0
146.3108,-2.3437,0,0,0.27734,0,281.6,playing,0
146.3299,-2.3437,0,0,0.27734,0,287.37,playing,0
146.3509,-0.722,0,0,0.26583,0,294.61,playing,0
146.3695,-0.722,0,0,0.26583,0,303.1,playing,0
146.3867,-0.0202,0,0,0.26583,0,311.17,playing,0
146.4027,-0.0202,0,0,0.26583,0,318.72,playing,0
146.4195,-0.0202,0,0,0.26583,0,326.1,playing,0
146.4361,0.7703,0,0,0.28168,0,334.26,playing,0
146.4525,0.7703,0,0,0.28168,0,342.22,playing,0
146.4689,1.1929,0,0,0.28168,0,351.0,playing,0
146.485,1.1929,0,0,0.28168,0,359.55,playing,0
146.5006,1.1929,0,0,0.28168,0,368.37,playing,0
146.5166,1.4701,0,0,0.29583,0,377.48,playing,0
146.5332,1.4701,0,0,0.29583,0,386.87,playing,0
146.5491,1.4701,0,0,0.29583,0,396.54,playing,0
146.5643,2.8995,0,0,0.29583,0,406.49,playing,0
146.5809,2.8995,0,0,0.29583,0,416.72,playing,0
146.5963,2.8995,0,0,0.26195,0,427.24,playing,0
146.6134,2.8781,0,0,0.26195,0,438.04,playing,0
146.63,2.8781,0,0,0.26195,0,449.83,playing,0
146.6456,2.8781,0,0,0.26195,0,461.03,playing,0
146.6623,1.7054,0,0,0.26195,0,472.23,playing,0
146.6792,1.7054,0,0,0.29981,0,484.13,playing,0
146.6959,2.2428,0,0,0.29981,0,496.03,dead,0
146.7117,2.2428,0,0,0.29981,0,496.0,dead,0
146.7286,2.2428,0,0,0.29981,0,496.0,dead,0
146.746,3.0738,0,0,0.32063,0,496.0,dead,0
146.7619,3.0738,0,0,0.32063,0,496.0,dead,0
146.7791,3.0738,0,0,0.32063,0,496.0,dead,0
146.8006,3.6432,0,0,0.32063,0,496.0,dead,0
146.8173,3.6432,0,0,0.32063,0,496.0,dead,0
146.8355,3.0251,0,0,0.29879,0,496.0,dead,0
146.8549,3.0251,0,0,0.29879,0,496.0,dead,0
146.8722,3.0251,0,0,0.29879,0,496.0,dead,0
146.8885,3.0251,0,0,0.29879,0,496.0,dead,0
146.9051,3.0251,0,0,0.29879,0,496.0,dead,0
146.9221,1.5952,0,0,0.32078,0,496.0,dead,0
146.9392,1.5952,0,0,0.32078,0,496.0,dead,0
146.9549,1.5952,0,0,0.32078,0,496.0,dead,0
146.9712,0.2347,0,0,0.32078,0,496.0,dead,0
146.9875,0.2347,0,0,0.32078,0,496.0,dead,0
147.007,0.2347,0,0,0.2871,0,496.0,dead,0
147.0274,-3.3873,0,0,0.2871,0,496.0,dead,0
147.0443,-3.3873,0,0,0.2871,0,496.0,dead,0
147.0628,-5.1753,0,0,0.2871,0,496.0,dead,0
147.0801,-5.1753,0,0,0.2871,0,496.0,dead,0
147.1071,-5.741,0,0,0.30921,0,496.0,dead,0
147.1232,-5.741,0,0,0.30921,0,496.0,dead,0
147.1423,-3.2733,0,0,0.30921,0,496.0,dead,0
147.1618,-3.2733,0,0,0.30921,0,496.0,dead,0
147.1793,-3.2733,0,0,0.28703,0,496.0,dead,0
147.1992,0.4183,0,0,0.28703,0,496.0,dead,0
147.2162,0.4183,0,0,0.28703,0,496.0,dead,0
147.2324,1.019,0,0,0.28703,0,496.0,dead,0
147.2485,-0.7613,0,0,0.28703,0,496.0,dead,0
147.2668,-0.7613,0,0,0.31004,0,496.0,dead,0
147.2844,-1.6681,0,0,0.31004,0,496.0,dead,0
147.3015,-1.6681,0,0,0.31004,0,496.0,dead,0
147.3176,-1.6681,0,0,0.31004,0,496.0,dead,0
147.3347,-1.6681,0,0,0.31004,0,496.0,dead,0
147.3529,-1.6681,0,0,0.26651,0,496.0,dead,0
147.3716,-0.1136,0,0,0.26651,0,496.0,dead,0
147.3891,2.2718,0,0,0.26651,0,496.0,dead,0
147.4056,2.2718,0,0,0.26651,0,496.0,dead,0
147.4226,4.2604,0,0,0.26651,0,496.0,dead,0
147.4395,4.2604,0,0,0.27086,0,496.0,dead,0
147.4585,3.9852,0,0,0.27086,0,496.0,dead,0
147.4758,3.9852,0,0,0.27086,0,496.0,dead,0
147.4928,3.9852,0,0,0.27086,0,496.0,dead,0
147.5159,3.09,0,0,0.27758,0,496.0,dead,0
147.5336,3.09,0,0,0.27758,0,496.0,dead,0
147.5497,0.5205,0,0,0.27758,0,496.0,dead,0
147.566,0.5205,0,0,0.27758,0,496.0,dead,0
147.5825,0.5205,0,0,0.27758,0,496.0,dead,0
147.5994,0.1726,0,0,0.26247,0,496.0,dead,0
147.6181,0.1726,0,0,0.26247,0,496.0,dead,0
147.6341,0.1726,0,0,0.26247,0,496.0,dead,0
147.6505,-0.4005,0,0,0.26247,0,496.0,dead,0
147.6666,-0.4005,0,0,0.26247,0,496.0,dead,0
147.6863,-0.3703,0,0,0.28572,0,496.0,dead,0
147.7026,0.1372,0,0,0.28572,0,496.0,dead,0
147.7191,0.1372,0,0,0.28572,0,496.0,dead,0
147.7348,0.0561,0,0,0.28572,0,496.0,dead,0
147.7506,0.0561,0,0,0.28572,0,496.0,dead,0
147.7671,0.0561,0,0,0.28572,0,496.0,dead,0
147.7881,-0.0724,0,0,0.27387,0,496.0,dead,0
147.8097,-0.0724,0,0,0.27387,0,496.0,dead,0
147.8288,-0.0724,0,0,0.27387,0,496.0,dead,0
147.8456,-0.0724,0,0,0.27387,0,496.0,dead,0
147.8657,-0.7147,0,0,0.30454,0,496.0,dead,0
147.8853,-1.3308,0,0,0.30454,0,496.0,dead,0
147.9051,-1.3308,0,0,0.30454,0,496.0,dead,0
147.9221,-1.4621,0,0,0.30454,0,496.0,dead,0
147.9379,-1.4621,0,0,0.30454,0,496.0,dead,0
147.9562,-1.1252,0,0,0.30454,0,496.0,dead,0
147.9769,-1.1252,0,0,0.3368,0,496.0,dead,0
147.9932,-1.1252,0,0,0.3368,0,496.0,dead,0
148.0123,-0.775,0,0,0.3368,0,496.0,dead,0
148.1044,-0.5061,0,0,0.36775,0,496.0,dead,0
148.1606,0.1617,0,0,0.36775,0,496.0,dead,0
148.2328,-0.0356,0,0,0.36775,0,496.0,dead,0
148.2701,0.9116,0,0,0.3578,0,496.0,dead,0
148.2888,3.2396,0,0,0.3578,0,496.0,dead,0
148.3179,2.3844,0,0,0.3578,0,496.0,dead,0
148.3355,1.6782,0,0,0.3578,0,496.0,dead,0
148.3519,1.6782,0,0,0.33917,0,496.0,dead,0
148.3686,0.793,0,0,0.33917,0,496.0,dead,0
148.3852,0.793,0,0,0.33917,0,496.0,dead,0
148.4023,0.4663,0,0,0.33917,0,496.0,dead,0
148.4197,0.4663,0,0,0.33917,0,496.0,dead,0
148.436,0.4663,0,0,0.3287,0,496.0,dead,0
148.4516,-0.2883,0,0,0.3287,0,496.0,dead,0
148.4682,-0.2883,0,0,0.3287,0,496.0,dead,0
148.4844,-0.2883,0,0,0.3287,0,496.0,dead,0
148.5006,-0.9633,0,0,0.3287,0,496.0,dead,0
148.5169,-0.9633,0,0,0.33363,0,496.0,dead,0
148.5331,-0.9633,0,0,0.33363,0,496.0,dead,0
148.5496,-1.1055,0,0,0.33363,0,496.0,dead,0
148.5663,-1.1055,0,0,0.33363,0,496.0,dead,0
148.5859,-1.4626,0,0,0.33363,0,496.0,dead,0
148.6018,-1.4626,0,0,0.33363,0,496.0,dead,0
148.619,-1.4626,0,0,0.33368,0,496.0,dead,0
148.6445,-1.486,0,0,0.33368,0,496.0,dead,0
148.6635,-1.486,0,0,0.33368,0,496.0,dead,0
148.6826,-2.1874,0,0,0.33368,0,496.0,dead,0
148.6978,-2.1874,0,0,0.33368,0,496.0,dead,0
148.716,-2.1874,0,0,0.32832,0,496.0,dead,0
148.7316,-1.4464,0,0,0.32832,0,496.0,dead,0
148.7496,-1.4464,0,0,0.32832,0,496.0,dead,0
148.7668,-0.9563,0,0,0.32832,0,496.0,dead,0
148.7843,-0.9563,0,0,0.32832,0,496.0,dead,0
148.802,-0.9563,0,0,0.28942,0,496.0,dead,0
148.8185,-0.6848,0,0,0.28942,0,496.0,dead,0
148.8353,-0.4559,0,0,0.28942,0,496.0,dead,0
148.8526,0.5782,0,0,0.28942,0,496.0,dead,0
148.8694,0.5782,0,0,0.28942,0,496.0,dead,0
148.8855,0.5782,0,0,0.28942,0,496.0,dead,0
148.906,-0.0799,0,0,0.26918,0,496.0,dead,0
148.9251,-0.0799,0,0,0.26918,0,496.0,dead,0
148.9426,-0.1177,0,0,0.26918,0,496.0,dead,0
148.9596,-0.1177,0,0,0.26918,0,496.0,dead,0
148.9759,-0.1177,0,0,0.26918,0,496.0,dead,0
148.9946,0.4892,0,0,0.27741,0,496.0,dead,0
149.0107,0.4892,0,0,0.27741,0,496.0,dead,0
149.0285,0.4892,0,0,0.27741,0,496.0,dead,0
149.0451,0.4892,0,0,0.27741,0,496.0,dead,0
149.0632,0.4892,0,0,0.27741,0,496.0,dead,0
149.0825,0.7292,0,0,0.30069,0,496.0,dead,0
149.0996,0.7292,0,0,0.30069,0,496.0,dead,0
149.1159,0.7292,0,0,0.30069,0,496.0,dead,0
149.1322,0.9085,0,0,0.30069,0,496.0,dead,0
149.1481,0.9085,0,0,0.28552,0,496.0,dead,0
149.1645,0.9085,0,0,0.28552,0,496.0,dead,0
149.1836,0.8096,0,0,0.28552,0,496.0,dead,0
149.1995,0.8096,0,0,0.28552,0,496.0,dead,0
149.2149,-0.5761,0,0,0.28552,0,496.0,dead,0
149.2305,-0.5761,0,0,0.33943,0,496.0,dead,0
149.2471,-0.5761,0,0,0.33943,0,496.0,dead,0
149.2635,-0.4298,0,0,0.33943,0,496.0,dead,0
149.2806,-0.4298,0,0,0.33943,0,496.0,dead,0
149.2968,-0.4298,0,0,0.31575,0,496.0,dead,0
149.3124,-0.0448,0,0,0.31575,0,496.0,dead,0
149.3297,-0.0448,0,0,0.31575,0,496.0,dead,0
149.3466,-0.1471,0,0,0.31575,0,496.0,dead,0
149.37,-0.3147,0,0,0.31575,0,496.0,dead,0
149.3887,-0.3147,0,0,0.31575,0,496.0,dead,0
149.4055,0.0407,0,0,0.29425,0,496.0,dead,0
149.4224,0.0407,0,0,0.29425,0,496.0,dead,0
149.4395,-0.1572,0,0,0.29425,0,496.0,dead,0
150.5958,-0.171,0,0,0.305,0,496.0,dead,0
150.62,0.6289,0,0,0.305,0,496.0,dead,0
150.6451,2.921,0,0,0.305,0,496.0,dead,0
150.6669,3.3461,0,0,0.305,0,496.0,dead,0
150.6846,-7.0485,0,0,0.31833,0,496.0,dead,0
150.7018,3.4954,0,0,0.31833,0,496.0,dead,0
150.7179,0.8541,0,0,0.31833,0,496.0,dead,0
150.7334,0.8541,0,0,0.31833,0,496.0,dead,0
150.7496,0.1114,0,0,0.30523,0,496.0,dead,0
150.7664,0.1114,0,0,0.30523,0,496.0,dead,0
150.783,0.1114,0,0,0.30523,0,496.0,dead,0
150.7993,0.2784,0,0,0.30058,0,496.0,dead,0
150.8164,0.2784,0,0,0.30058,0,496.0,dead,0
150.833,1.3688,0,0,0.30058,0,496.0,dead,0
150.8492,1.3688,0,0,0.28822,0,496.0,dead,0
150.8665,1.3688,0,0,0.28822,0,496.0,dead,0
150.8831,2.3604,0,0,0.28822,0,496.0,dead,0
150.8991,2.3604,0,0,0.3113,0,496.0,dead,0
150.9144,2.3604,0,0,0.3113,0,496.0,dead,0
150.931,2.7378,0,0,0.3113,0,496.0,dead,0
150.9472,2.7378,0,0,0.29784,0,496.0,dead,0
150.9646,-3.2468,0,0,0.29784,0,496.0,dead,0
150.9803,-3.2468,0,0,0.29784,0,496.0,dead,0
150.997,-3.2468,0,0,0.29784,0,496.0,dead,0
151.0131,2.4895,0,0,0.29719,0,496.0,dead,0
151.0287,2.4895,0,0,0.29719,0,496.0,dead,0
151.0444,2.4895,0,0,0.29719,0,496.0,dead,0
151.0613,3.4199,0,0,0.29719,0,496.0,dead,0
151.0779,3.4199,0,0,0.28494,0,496.0,dead,0
151.094,3.4199,0,0,0.28494,0,496.0,dead,0
151.1101,3.4199,0,0,0.28494,0,496.0,dead,0
151.1257,3.4199,0,0,0.305,0,496.0,dead,0
151.1413,3.4199,0,0,0.305,0,496.0,dead,0
151.1579,3.2744,0,0,0.305,0,496.0,dead,0
151.1741,3.2744,0,0,0.28579,0,496.0,dead,0
151.1909,3.3441,0,0,0.28579,0,496.0,dead,0
151.2077,3.3441,0,0,0.28579,0,496.0,dead,0
151.2233,3.3441,0,0,0.30512,0,496.0,dead,0
151.2403,1.4648,0,0,0.30512,0,496.0,dead,0
151.257,1.4648,0,0,0.30512,0,496.0,dead,0
151.2731,1.4648,0,0,0.30785,0,496.0,dead,0
151.2892,0.2526,0,0,0.30785,0,496.0,dead,0
151.3053,0.2526,0,0,0.30785,0,496.0,dead,0
151.3219,0.2526,0,0,0.29403,0,496.0,dead,0
151.3381,0.2526,0,0,0.29403,0,496.0,dead,0
151.3543,0.2526,0,0,0.29403,0,496.0,dead,0
151.3714,-0.0986,0,0,0.30186,0,496.0,dead,0
151.3885,-0.0986,0,0,0.30186,0,496.0,dead,0
151.4053,-0.0986,0,0,0.30186,0,496.0,dead,0
151.4232,-0.3364,0,0,0.31754,0,496.0,dead,0
151.44,-0.3364,0,0,0.31754,0,496.0,dead,0
151.4554,-0.3364,0,0,0.31754,0,496.0,dead,0
151.4722,-0.8429,0,0,0.31754,0,496.0,dead,0
151.4891,-0.8429,0,0,0.28276,0,496.0,dead,0
151.5054,-0.8429,0,0,0.28276,0,496.0,dead,0
151.5222,-0.8429,0,0,0.28276,0,496.0,dead,0
151.5392,-0.8429,0,0,0.28104,0,496.0,dead,0
151.5558,-7.2674,1,0,0.28104,0,496.0,dead,0
151.5724,-7.2674,0,0,0.28104,0,285.0,playing,0
151.589,-7.2674,0,0,0.28154,0,278.69,playing,0
151.6046,-7.2674,0,0,0.28154,0,273.03,playing,0
151.6212,-7.2674,0,0,0.28154,0,267.65,playing,0
151.6385,-7.2674,0,0,0.28229,0,262.26,playing,0
151.6547,8.7219,0,0,0.28229,0,257.18,playing,0
151.6709,8.7219,0,0,0.28229,0,252.68,playing,0
151.6873,6.9391,0,0,0.18323,0,248.46,playing,0
151.704,6.9391,0,0,0.18323,0,244.3,playing,0
151.7201,6.9391,0,0,0.18323,0,240.67,playing,0
151.7361,5.1757,0,0,0.18323,0,237.31,playing,0
151.7524,5.1757,0,0,0.18639,0,234.24,playing,0
151.7694,5.1757,0,0,0.18639,0,231.3,playing,0
151.7858,1.9047,0,0,0.18639,0,228.67,playing,0
151.8021,1.9047,0,0,0.26233,1,226.48,playing,0
151.8187,1.2619,0,0,0.26233,0,224.56,playing,0
151.8355,1.2619,0,0,0.26233,0,222.85,playing,0
151.8519,1.2619,0,0,0.2665,0,221.46,playing,0
151.8675,-0.3163,0,0,0.2665,0,220.43,playing,0
151.8841,-0.3163,0,0,0.2665,0,219.68,playing,0
151.8997,-0.3163,0,0,0.26562,0,219.21,playing,0
151.916,-0.3163,0,0,0.26562,0,219.03,playing,0
151.9321,-0.3163,0,0,0.26562,0,219.12,playing,0
151.9478,-0.3163,0,0,0.31458,0,219.5,playing,0
151.964,-1.7446,0,0,0.31458,0,220.16,playing,0
151.9799,-1.7446,0,0,0.31458,0,221.1,playing,0
151.9966,-1.7446,0,0,0.31458,0,222.32,playing,0
152.0151,-2.1346,0,0,0.31458,0,223.94,playing,0
152.0305,-2.1346,0,0,0.28733,0,226.01,playing,0
152.0466,-2.3915,0,0,0.28733,0,228.13,playing,0
152.0632,-2.3915,0,0,0.28733,0,230.53,playing,0
152.0794,-2.3915,0,0,0.305,0,233.21,playing,0
152.0958,-2.3836,0,0,0.305,0,236.38,playing,0
152.1118,-2.3836,0,0,0.305,0,239.65,playing,0
152.1279,-2.3836,0,0,0.305,0,243.19,playing,0
152.144,-2.0719,0,0,0.29352,0,247.02,playing,0
152.1601,-2.0719,0,0,0.29352,0,251.13,playing,0
152.1767,-2.0719,0,0,0.29352,0,255.81,playing,0
152.1929,-1.9656,0,0,0.29895,0,260.5,playing,0
152.2088,-1.9656,0,0,0.29895,0,265.47,playing,0
152.2257,-1.3331,0,0,0.29895,0,270.72,playing,0
152.2423,-1.4765,0,0,0.29895,0,276.62,playing,0
152.2593,-1.4765,0,0,0.27692,0,282.84,playing,0
152.2766,-1.2326,0,0,0.27692,0,289.37,playing,0
152.2933,-1.2326,0,0,0.27692,0,296.23,playing,0
152.3095,-1.2326,0,0,0.27692,0,303.4,playing,0
152.3319,-19.4938,1,0,0.27692,0,310.43,playing,0
152.3473,-19.4938,0,0,0.29545,0,302.38,playing,0
152.3644,-14.8374,0,0,0.29545,0,296.81,playing,0
152.3806,-14.8374,0,0,0.29545,0,291.21,playing,0
152.3976,-14.8374,0,0,0.29545,0,286.22,playing,0
152.4169,2.6445,0,0,0.29545,0,281.23,playing,0
152.4342,2.6445,0,0,0.25447,0,276.06,playing,0
152.4527,12.1815,0,0,0.25447,0,271.51,playing,0
152.4674,12.1815,0,0,0.25447,0,267.54,playing,0
152.4846,12.1815,0,0,0.25447,0,264.08,playing,0
152.5013,9.2805,0,0,0.25447,0,260.72,playing,0
152.5185,9.2805,0,0,0.21736,0,257.68,playing,0
152.5345,9.2805,0,0,0.21736,0,254.96,playing,0
152.5523,9.2805,0,0,0.21736,0,252.68,playing,0
152.5697,9.2805,0,0,0.21736,0,250.47,playing,0
152.5871,7.1196,0,0,0.21736,0,248.71,playing,0
152.6029,3.784,0,0,0.21736,0,247.26,playing,0
152.6187,3.784,0,0,0.21736,0,246.17,playing,0
152.635,2.3397,0,0,0.21736,1,245.37,playing,0
152.6506,2.3397,0,0,0.29171,0,244.85,playing,0
152.6669,2.3397,0,0,0.29171,0,244.61,playing,0
152.6826,0.4128,0,0,0.29171,0,244.66,playing,0
152.6989,0.4128,0,0,0.27547,0,244.98,playing,0
152.715,0.4128,0,0,0.27547,0,245.59,playing,0
152.7319,-0.1407,0,0,0.27547,0,246.47,playing,0
152.7479,-0.1407,0,0,0.27547,0,247.74,playing,0
152.7641,-0.1407,0,0,0.29211,0,249.2,playing,0
152.7825,-1.3039,0,0,0.29211,0,250.96,playing,0
152.7992,-1.3039,0,0,0.29211,0,253.43,playing,0
152.8169,-1.2486,0,0,0.29211,0,255.8,playing,0
152.8332,-1.2486,0,0,0.31564,0,258.82,playing,0
152.85,-1.2486,0,0,0.31564,0,261.98,playing,0
152.8661,-1.2079,0,0,0.31564,0,265.25,playing,0
152.8821,-1.2079,0,0,0.31564,0,268.79,playing,0
152.8983,-1.2079,0,0,0.31564,0,272.62,playing,0
152.9147,-2.5332,0,0,0.31564,0,277.01,playing,0
152.9314,-2.5332,0,0,0.31637,0,281.41,playing,0
152.9477,-20.0095,1,0,0.31637,0,286.42,playing,0
152.9635,-20.0095,0,0,0.31637,0,280.46,playing,0
152.9802,-20.0095,0,0,0.31637,0,274.78,playing,0
153.0008,-10.2941,0,0,0.29516,0,269.07,playing,0
153.0165,-10.2941,0,0,0.29516,0,262.78,playing,0
153.0333,-10.2941,0,0,0.29516,0,258.04,playing,0
153.05,5.0487,0,0,0.29516,0,253.32,playing,0
153.0662,5.0487,0,0,0.19107,0,249.15,playing,0
153.0829,15.8454,0,0,0.19107,0,245.27,playing,0
153.0994,15.8454,0,0,0.19107,0,241.47,playing,0
153.1164,15.8454,0,0,0.19107,0,237.98,playing,0
153.133,11.3516,0,0,0.18916,0,234.81,playing,0
153.1485,11.3516,0,0,0.18916,0,232.11,playing,0
153.1652,11.3516,0,0,0.18916,0,229.68,playing,0
153.1807,7.6847,0,0,0.18916,0,227.55,playing,0
153.1973,7.6847,0,0,0.18375,0,225.69,playing,0
153.2141,7.6847,0,0,0.18375,0,224.03,playing,0
153.2303,3.5095,0,0,0.18375,0,222.76,playing,0
153.2474,3.5095,0,0,0.21225,0,221.72,playing,0
153.2646,1.5389,0,0,0.21225,0,221.0,playing,0
153.2812,1.5389,0,0,0.21225,0,220.59,playing,0
153.298,1.5389,0,0,0.21225,0,220.51,playing,0
153.3135,0.2554,0,0,0.23381,1,220.71,playing,0
153.3301,0.2554,0,0,0.23381,0,221.19,playing,0
153.3457,0.2554,0,0,0.23381,0,221.96,playing,0
153.3624,0.2554,0,0,0.2827,0,223.0,playing,0
153.3787,0.2554,0,0,0.2827,0,224.43,playing,0
153.3953,0.2554,0,0,0.2827,0,226.06,playing,0
153.4119,0.2554,0,0,0.26257,0,228.11,playing,0
153.4287,0.2554,0,0,0.26257,0,230.32,playing,0
153.4446,-1.7121,0,0,0.26257,0,232.98,playing,0
153.4616,-2.3468,0,0,0.26257,0,235.77,playing,0
153.4784,-2.3468,0,0,0.30141,0,239.05,playing,0
153.496,-2.2176,0,0,0.30141,0,242.65,playing,0
153.5118,-2.2176,0,0,0.30141,0,246.56,playing,0
153.5285,-2.2176,0,0,0.30141,0,250.53,playing,0
153.5451,-2.0793,0,0,0.27868,0,255.07,playing,0
153.5612,-2.0793,0,0,0.27868,0,259.62,playing,0
153.5782,-1.7814,0,0,0.27868,0,264.77,playing,0
153.5954,-2.0402,0,0,0.27868,0,270.24,playing,0
153.6115,-2.0402,0,0,0.27868,0,276.02,playing,0
153.6284,-2.0402,0,0,0.27868,0,281.75,playing,0
153.6449,-2.0402,0,0,0.27868,0,288.15,playing,0
153.661,-2.0402,0,0,0.29403,0,294.46,playing,0
153.6771,-18.8825,1,0,0.29403,0,301.05,playing,0
153.6928,-18.8825,0,0,0.29403,0,295.09,playing,0
153.7089,-18.8825,0,0,0.27878,0,289.42,playing,0
153.7245,-12.9772,0,0,0.27878,0,284.02,playing,0
153.7403,-12.9772,0,0,0.27878,0,278.91,playing,0
153.7573,-2.3557,0,0,0.27878,0,274.08,playing,0
153.7743,-2.3557,0,0,0.2179,0,269.26,playing,0
153.7906,-2.3557,0,0,0.2179,0,264.76,playing,0
153.8076,15.3484,0,0,0.2179,0,260.81,playing,0
153.8242,15.3484,0,0,0.15528,0,256.93,playing,0
153.84,15.3484,0,0,0.15528,0,253.56,playing,0
153.8558,12.5437,0,0,0.15528,0,250.47,playing,0
153.8726,12.5437,0,0,0.16756,0,247.66,playing,0
153.8887,12.5437,0,0,0.16756,0,245.0,playing,0
153.9054,6.3493,0,0,0.16756,0,242.77,playing,0
153.9224,6.3493,0,0,0.20709,0,240.72,playing,0
153.9381,3.8646,0,0,0.20709,0,239.07,playing,0
153.9551,3.8646,0,0,0.20709,0,237.64,playing,0
153.9714,3.8646,0,0,0.20709,0,236.58,playing,0
153.9877,0.972,0,0,0.27952,1,235.76,playing,0
154.0037,0.972,0,0,0.27952,0,235.28,playing,0
154.0199,0.972,0,0,0.27952,0,235.07,playing,1
154.0356,0.972,0,0,0.27952,0,235.15,playing,1
154.0525,0.972,0,0,0.29529,0,235.51,playing,1
154.0692,0.018,0,0,0.29529,0,236.21,playing,1
154.0866,-0.8718,0,0,0.29529,0,237.23,playing,1
154.1033,-0.8718,0,0,0.29529,0,238.57,playing,1
154.1196,-0.8718,0,0,0.27043,0,240.22,playing,1
154.1362,-2.0941,0,0,0.27043,0,242.06,playing,1
154.1523,-2.0941,0,0,0.27043,0,244.18,playing,1
154.1684,-2.0816,0,0,0.27043,0,246.75,playing,1
154.1845,-2.0816,0,0,0.27507,0,249.45,playing,1
154.2007,-2.0816,0,0,0.27507,0,252.43,playing,1
154.2173,-1.9332,0,0,0.27507,0,255.7,playing,1
154.2334,-1.9332,0,0,0.27507,0,259.48,playing,1
154.2498,-1.9332,0,0,0.2747,0,263.33,playing,1
154.2656,-2.3904,0,0,0.2747,0,267.45,playing,1
154.282,-2.3904,0,0,0.2747,0,271.86,playing,1
154.2977,-14.1892,1,0,0.2747,0,276.55,playing,1
154.3137,-14.1892,0,0,0.2747,0,270.59,playing,1
154.33,-14.1892,0,0,0.2747,0,264.92,playing,1
154.3459,-14.1892,0,0,0.2747,0,259.52,playing,1
154.362,-14.1892,0,0,0.32289,0,254.41,playing,1
154.378,-14.1892,0,0,0.32289,0,249.58,playing,1
154.3934,-4.2521,0,0,0.32289,0,245.03,playing,1
154.4103,-4.2521,0,0,0.32289,0,240.76,playing,1
154.4274,-4.2521,0,0,0.21372,0,236.54,playing,1
154.4435,-4.2521,0,0,0.21372,0,232.64,playing,1
154.4604,-4.2521,0,0,0.21372,0,229.25,playing,1
154.4775,8.6583,0,0,0.21372,0,225.97,playing,1
154.4944,13.494,0,0,0.17236,0,223.0,playing,1
154.5116,13.494,0,0,0.17236,0,220.36,playing,1
154.5304,10.0979,0,0,0.17236,0,218.03,playing,1
154.5468,10.0979,0,0,0.25872,1,215.82,playing,1
154.563,10.0979,0,0,0.25872,0,214.25,playing,1
154.5789,4.2918,0,0,0.25872,0,212.95,playing,1
154.5955,4.2918,0,0,0.25872,0,211.94,playing,1
154.6126,2.9598,0,0,0.25872,0,211.18,playing,1
154.6288,2.9598,0,0,0.28675,0,210.74,playing,1
154.6448,2.9598,0,0,0.28675,0,210.61,playing,1
154.6609,0.463,0,0,0.28675,0,210.76,playing,1
154.6774,0.463,0,0,0.28675,0,211.19,playing,1
154.6956,0.463,0,0,0.28675,0,211.96,playing,1
154.7125,-0.2915,0,0,0.27868,0,213.14,playing,1
154.7286,-0.2915,0,0,0.27868,0,214.57,playing,1
154.7452,-0.2915,0,0,0.27868,0,216.2,playing,1
154.7622,-0.9635,0,0,0.27868,0,218.24,playing,1
154.7789,-0.9635,0,0,0.28096,0,220.61,playing,1
154.7954,0.0652,0,0,0.28096,0,223.11,playing,1
154.8123,0.0652,0,0,0.28096,0,226.1,playing,1
154.829,0.0652,0,0,0.28096,0,229.4,playing,1
154.845,-0.8522,0,0,0.32786,0,232.78,playing,1
154.8617,-0.8522,0,0,0.32786,0,236.45,playing,1
154.878,-0.8522,0,0,0.32786,0,240.67,playing,1
154.8946,-1.5626,0,0,0.32786,0,244.92,playing,1
154.9112,-1.5626,0,0,0.30508,0,249.75,playing,1
154.9285,-1.8778,0,0,0.30508,0,254.9,playing,1
154.9455,-1.8778,0,0,0.30508,0,260.37,playing,1
154.9621,-1.8778,0,0,0.30508,0,266.16,playing,1
154.9788,-2.2651,0,0,0.32071,0,271.88,playing,1
154.9947,-2.2651,0,0,0.32071,0,278.29,playing,1
155.0108,-2.2651,0,0,0.32071,0,284.6,playing,1
155.0298,-1.602,0,0,0.32071,0,291.19,playing,1
155.0461,-1.602,0,0,0.32071,0,299.41,playing,1
155.0623,-1.602,0,0,0.32071,0,306.62,playing,1
155.0807,-1.602,0,0,0.31187,0,314.59,playing,1
155.0969,-1.602,0,0,0.31187,0,323.39,playing,1
155.1131,-13.7088,1,0,0.31187,0,331.5,playing,1
155.1298,-13.7088,0,0,0.31187,0,325.18,playing,1
155.1461,-13.7088,0,0,0.30807,0,319.53,playing,1
155.1622,-6.0351,0,0,0.30807,0,314.15,playing,1
155.1781,-6.0351,0,0,0.30807,0,309.05,playing,1
155.1949,10.7541,0,0,0.22848,0,303.96,playing,1
155.211,10.7541,0,0,0.22848,0,299.44,playing,1
155.2272,10.7541,0,0,0.22848,0,295.21,playing,1
155.2445,14.0749,0,0,0.22848,0,291.03,playing,1
155.2627,14.0749,0,0,0.225,0,286.96,playing,1
155.2789,14.0749,0,0,0.225,0,283.43,playing,1
155.2961,11.4344,0,0,0.225,0,280.22,playing,1
155.3122,11.4344,0,0,0.20823,0,277.48,playing,1
155.3274,11.4344,0,0,0.20823,0,275.03,playing,1
155.344,5.3606,0,0,0.20823,0,272.85,playing,1
155.3601,5.3606,0,0,0.20823,0,270.96,playing,1
155.3764,5.3606,0,0,0.24616,1,269.35,playing,1
155.3932,5.3606,0,0,0.24616,0,267.96,playing,1
155.4098,5.3606,0,0,0.24616,0,266.88,playing,1
155.4271,0.7894,0,0,0.24616,0,266.15,playing,1
155.4431,0.7894,0,0,0.24216,0,265.69,playing,1
155.461,0.7894,0,0,0.24216,0,265.54,playing,1
155.4776,-0.1605,0,0,0.24216,0,265.73,playing,1
155.4949,-0.1605,0,0,0.24216,0,266.22,playing,1
155.5113,-1.3656,0,0,0.24216,0,267.03,playing,1
155.5285,-1.3656,0,0,0.27485,0,268.16,playing,1
155.5451,-1.3656,0,0,0.27485,0,269.61,playing,1
155.5607,-2.9024,0,0,0.27485,0,271.26,playing,1
155.577,-2.9024,0,0,0.27485,0,273.18,playing,1
155.5933,-2.9024,0,0,0.27074,0,275.39,playing,1
155.6101,-2.9024,0,0,0.27074,0,278.06,playing,1
155.6262,-2.9024,0,0,0.27074,0,280.85,playing,1
155.6434,-2.936,0,0,0.31489,0,284.13,playing,1
155.6601,-2.8441,0,0,0.31489,0,287.72,playing,1
155.6761,-2.8441,0,0,0.31489,0,291.39,playing,1
155.6916,-2.8441,0,0,0.31489,0,295.34,playing,1
155.7084,-2.8441,0,0,0.26615,0,299.58,playing,1
155.725,-2.8441,0,0,0.26615,0,304.39,playing,1
155.7412,-2.2511,0,0,0.26615,0,309.2,playing,1
155.7587,-2.2511,0,0,0.26615,0,314.63,playing,1
155.775,-2.2511,0,0,0.29626,0,320.38,playing,1
155.7922,-1.5711,0,0,0.29626,0,326.08,playing,1
155.8084,-1.5711,0,0,0.29626,0,332.84,playing,1
155.826,-1.4612,0,0,0.29626,0,339.13,playing,1
155.8417,-1.4612,0,0,0.23444,0,346.13,playing,1
155.8579,-1.4612,0,0,0.23444,0,353.0,playing,1
155.874,-1.526,0,0,0.23444,0,360.16,playing,2
155.8896,-1.526,0,0,0.23444,0,367.59,dead,2
155.9062,-1.526,0,0,0.25027,0,375.31,dead,2
155.9227,-1.0867,0,0,0.25027,0,383.31,dead,2
155.9391,-1.0867,0,0,0.25027,0,392.12,dead,2
155.9554,-1.0867,0,0,0.26258,0,400.7,dead,2
155.9721,-0.7669,0,0,0.26258,0,410.14,dead,2
155.9883,-0.7669,0,0,0.26258,0,419.3,dead,2
156.0052,-1.076,0,0,0.26258,0,429.35,dead,2
156.0214,-1.076,0,0,0.27381,0,439.71,dead,2
156.0381,-1.076,0,0,0.27381,0,449.75,dead,2
156.0539,-0.845,0,0,0.27381,0,460.08,dead,2
156.0701,-0.845,0,0,0.27381,0,470.68,dead,2
156.0874,-0.845,0,0,0.29163,0,482.26,dead,2
156.1044,-0.1398,0,0,0.29163,0,494.16,dead,2
156.1215,-0.1398,0,0,0.29163,0,496.0,dead,2
156.137,-0.1398,0,0,0.29163,0,496.0,dead,2
156.154,0.315,0,0,0.28138,0,496.0,dead,2
156.1704,0.315,0,0,0.28138,0,496.0,dead,2
156.1867,0.315,0,0,0.28138,0,496.0,dead,2
156.2035,0.315,0,0,0.25828,0,496.0,dead,2
156.2204,0.315,0,0,0.25828,0,496.0,dead,2
156.2364,-0.3448,0,0,0.25828,0,496.0,dead,2
156.2536,-0.3448,0,0,0.25828,0,496.0,dead,2
156.2703,-0.3448,0,0,0.29705,0,496.0,dead,2
156.2871,0.1228,0,0,0.29705,0,496.0,dead,2
156.3035,0.1228,0,0,0.29705,0,496.0,dead,2
156.3196,0.1228,0,0,0.29705,0,496.0,dead,2
156.3359,-0.1692,0,0,0.26653,0,496.0,dead,2
156.3525,-0.1692,0,0,0.26653,0,496.0,dead,2
156.3692,-0.9407,0,0,0.26653,0,496.0,dead,2
156.3849,-0.9407,0,0,0.26653,0,496.0,dead,2
156.4025,-0.9407,0,0,0.26178,0,496.0,dead,2
156.419,-0.8519,0,0,0.26178,0,496.0,dead,2
156.4358,-0.8519,0,0,0.26178,0,496.0,dead,2
156.4519,-0.8519,0,0,0.26178,0,496.0,dead,2
156.468,-0.0603,0,0,0.26178,0,496.0,dead,2
156.4841,-0.0603,0,0,0.27603,0,496.0,dead,2
156.5004,-0.0603,0,0,0.27603,0,496.0,dead,2
156.5172,-0.0603,0,0,0.27603,0,496.0,dead,2
156.5328,-0.0603,0,0,0.27603,0,496.0,dead,2
156.549,-0.0603,0,0,0.27603,0,496.0,dead,2
156.5701,-0.0603,0,0,0.27603,0,496.0,dead,2
156.5863,-0.0603,0,0,0.20962,0,496.0,dead,2
156.603,0.1782,0,0,0.20962,0,496.0,dead,2
156.6186,0.1782,0,0,0.20962,0,496.0,dead,2
156.6359,0.761,0,0,0.25828,1,496.0,dead,2
156.6525,0.761,0,0,0.25828,0,496.0,dead,2
156.6692,0.761,0,0,0.25828,0,496.0,dead,2
156.6853,0.8593,0,0,0.25828,0,496.0,dead,2
156.7015,0.8593,0,0,0.26196,0,496.0,dead,2
156.7186,0.8593,0,0,0.26196,0,496.0,dead,2
156.7343,1.0055,0,0,0.26196,0,496.0,dead,2
156.7526,1.0055,0,0,0.26196,0,496.0,dead,2
156.7687,1.0055,0,0,0.23356,0,496.0,dead,2
156.785,1.0688,0,0,0.23356,0,496.0,dead,2
156.8008,1.0688,0,0,0.23356,0,496.0,dead,2
156.8171,0.7988,0,0,0.23356,0,496.0,dead,2
156.8361,0.7988,0,0,0.26605,0,496.0,dead,2
156.8526,0.7988,0,0,0.26605,0,496.0,dead,2
156.8695,0.4845,0,0,0.26605,0,496.0,dead,2
156.8861,0.4845,0,0,0.26605,0,496.0,dead,2
156.902,0.4845,0,0,0.25397,0,496.0,dead,2
156.9179,0.303,0,0,0.25397,0,496.0,dead,2
156.934,0.303,0,0,0.25397,0,496.0,dead,2
156.9501,0.303,0,0,0.25397,0,496.0,dead,2
156.969,0.5346,0,0,0.25397,0,496.0,dead,2
156.9866,0.5346,0,0,0.25022,0,496.0,dead,2
157.0031,-0.0446,0,0,0.25022,0,496.0,dead,2
157.0193,-0.0446,0,0,0.25022,0,496.0,dead,2
157.0393,-0.0446,0,0,0.25022,0,496.0,dead,2
157.0637,-0.73,0,0,0.26556,0,496.0,dead,2
157.0806,-0.73,0,0,0.26556,0,496.0,dead,2
157.0968,-0.73,0,0,0.26556,0,496.0,dead,2
157.1127,-0.73,0,0,0.26556,0,496.0,dead,2
157.1308,-0.2566,0,0,0.29668,0,496.0,dead,2
157.1472,-0.4494,0,0,0.29668,0,496.0,dead,2
157.1628,-0.4494,0,0,0.29668,0,496.0,dead,2
157.1795,-0.595,0,0,0.29668,0,496.0,dead,2
157.196,-0.595,0,0,0.25937,0,496.0,dead,2
157.2122,-0.595,0,0,0.25937,0,496.0,dead,2
157.2281,-0.1613,0,0,0.25937,0,496.0,dead,2
157.2498,-0.1613,0,0,0.25937,0,496.0,dead,2
157.2661,-0.1613,0,0,0.25397,0,496.0,dead,2
157.2821,-0.1613,0,0,0.25397,0,496.0,dead,2
157.2985,-0.1613,0,0,0.25397,0,496.0,dead,2
157.3266,0.1517,0,0,0.25397,0,496.0,dead,2
157.3425,0.1517,0,0,0.2891,0,496.0,dead,2
157.3558,0.165,0,0,0.2891,0,496.0,dead,2
157.3729,0.165,0,0,0.2891,0,496.0,dead,2
157.3893,0.165,0,0,0.2891,0,496.0,dead,2
157.4113,0.188,0,0,0.25397,0,496.0,dead,2
157.4286,0.188,0,0,0.25397,0,496.0,dead,2
157.4452,0.4254,0,0,0.25397,0,496.0,dead,2
157.4633,0.458,0,0,0.25397,0,496.0,dead,2
157.4801,0.458,0,0,0.24765,0,496.0,dead,2
157.4961,0.484,0,0,0.24765,0,496.0,dead,2
157.5123,0.484,0,0,0.24765,0,496.0,dead,2
157.5286,0.484,0,0,0.24765,0,496.0,dead,2
157.5452,0.6255,0,0,0.2744,0,496.0,dead,2
157.5623,0.6255,0,0,0.2744,0,496.0,dead,2
157.5786,0.6255,0,0,0.2744,0,496.0,dead,2
157.5957,0.1409,0,0,0.2744,0,496.0,dead,2
157.6122,0.1409,0,0,0.28861,0,496.0,dead,2
157.6296,0.1031,0,0,0.28861,0,496.0,dead,2
157.6457,0.1031,0,0,0.28861,0,496.0,dead,2
157.6624,0.1031,0,0,0.28861,0,496.0,dead,2
157.6788,0.2553,0,0,0.28861,0,496.0,dead,2
157.7019,0.2553,0,0,0.27894,0,496.0,dead,2
157.7331,-0.2603,0,0,0.27894,0,496.0,dead,2
157.7508,-0.2603,0,0,0.27894,0,496.0,dead,2
157.7727,-0.6066,0,0,0.27894,0,496.0,dead,2
157.7895,-0.6066,0,0,0.26363,0,496.0,dead,2
157.8072,-0.3894,0,0,0.26363,0,496.0,dead,2
157.823,-0.3894,0,0,0.26363,0,496.0,dead,2
157.8402,-0.3894,0,0,0.26363,0,496.0,dead,2
157.8662,-0.3297,0,0,0.26363,0,496.0,dead,2
157.8822,-0.3297,0,0,0.28221,0,496.0,dead,2
157.8998,-0.4205,0,0,0.28221,0,496.0,dead,2
157.916,-0.4205,0,0,0.28221,0,496.0,dead,2
157.9321,-0.4205,0,0,0.28221,0,496.0,dead,2
157.9492,-0.0905,0,0,0.28221,0,496.0,dead,2
157.9683,-0.0905,0,0,0.27232,0,496.0,dead,2
157.9847,-0.0905,0,0,0.27232,0,496.0,dead,2
158.0015,-0.1078,0,0,0.27232,0,496.0,dead,2
158.0179,-0.1078,0,0,0.27232,0,496.0,dead,2
158.0358,-0.126,0,0,0.27232,0,496.0,dead,2
158.0533,-0.126,0,0,0.27849,0,496.0,dead,2
158.0706,-0.126,0,0,0.27849,0,496.0,dead,2
158.0872,-0.126,0,0,0.27849,0,496.0,dead,2
158.1033,-0.126,0,0,0.27849,0,496.0,dead,2
158.1214,-0.2416,0,0,0.27849,0,496.0,dead,2
158.1391,0.3605,0,0,0.28675,0,496.0,dead,2
158.1553,0.3605,0,0,0.28675,0,496.0,dead,2
158.1727,0.3605,0,0,0.28675,0,496.0,dead,2
158.189,0.3605,0,0,0.28675,0,496.0,dead,2
158.2084,0.3605,0,0,0.30661,0,496.0,dead,2
158.2246,0.3605,0,0,0.30661,0,496.0,dead,2
158.2411,0.3605,0,0,0.30661,0,496.0,dead,2
158.2576,0.7483,0,0,0.30661,0,496.0,dead,2
158.2796,0.7612,0,0,0.31746,0,496.0,dead,2
158.2958,0.7612,0,0,0.31746,0,496.0,dead,2
158.313,0.4775,0,0,0.31746,0,496.0,dead,2
158.3289,0.4775,0,0,0.31746,0,496.0,dead,2
158.3478,-0.1472,0,0,0.25147,0,496.0,dead,2
158.364,-0.1472,0,0,0.25147,0,496.0,dead,2
158.3801,-0.1472,0,0,0.25147,0,496.0,dead,2
158.396,-0.1472,0,0,0.25147,0,496.0,dead,2
158.4123,-0.1472,0,0,0.25147,0,496.0,dead,2
158.4295,-0.1472,0,0,0.26212,0,496.0,dead,2
158.4468,-5.4593,0,0,0.26212,0,496.0,dead,2
158.4633,-11.1828,0,0,0.26212,0,496.0,dead,2
158.4862,-8.793,0,0,0.26212,0,496.0,dead,2
158.5028,-8.793,0,0,0.26212,0,496.0,dead,2
158.5325,-4.7875,0,0,0.29212,0,496.0,dead,2
158.5512,-4.7875,0,0,0.29212,0,496.0,dead,2
158.5669,-4.7875,0,0,0.29212,0,496.0,dead,2
158.5879,8.482,0,0,0.29212,0,496.0,dead,2
158.605,8.482,0,0,0.29212,0,496.0,dead,2
158.628,9.3242,0,0,0.29212,0,496.0,dead,2
158.6461,9.3242,0,0,0.29212,0,496.0,dead,2
158.6669,5.0036,0,0,0.29212,0,496.0,dead,2
158.6825,5.0036,0,0,0.29212,0,496.0,dead,2
158.6992,5.0036,0,0,0.29212,0,496.0,dead,2
158.7212,5.0036,0,0,0.19438,0,496.0,dead,2
158.7381,5.0036,0,0,0.19438,0,496.0,dead,2
158.7557,1.4908,0,0,0.19438,0,496.0,dead,2
158.7718,1.4908,0,0,0.19438,0,496.0,dead,2
158.7878,1.4908,0,0,0.19438,0,496.0,dead,2
158.81,0.7611,0,0,0.23385,1,496.0,dead,2
158.8256,0.7611,0,0,0.23385,0,496.0,dead,2
158.8425,0.7611,0,0,0.23385,0,496.0,dead,2
158.8588,0.7611,0,0,0.23385,0,496.0,dead,2
158.875,0.7611,0,0,0.23385,0,496.0,dead,2
158.8921,0.7611,0,0,0.23385,0,496.0,dead,2
158.9094,-0.5613,0,0,0.28761,0,496.0,dead,2
158.9264,-0.5613,0,0,0.28761,0,496.0,dead,2
158.9457,-1.026,0,0,0.28761,0,496.0,dead,2
158.9619,-1.026,0,0,0.28761,0,496.0,dead,2
158.9815,-0.9745,0,0,0.28761,0,496.0,dead,2
158.9979,-0.9745,0,0,0.31775,0,496.0,dead,2
159.0137,-0.9745,0,0,0.31775,0,496.0,dead,2
159.0293,-1.2487,0,0,0.31775,0,496.0,dead,2
159.0457,-1.2487,0,0,0.31775,0,496.0,dead,2
159.0618,-1.2487,0,0,0.30795,0,496.0,dead,2
159.078,-1.2487,0,0,0.30795,0,496.0,dead,2
159.0941,-1.2487,0,0,0.30795,0,496.0,dead,2
159.1107,-1.294,0,0,0.30795,0,496.0,dead,2
159.1276,-0.7553,0,0,0.30668,0,496.0,dead,2
159.1442,-0.7883,0,0,0.30668,0,496.0,dead,2
159.1607,-0.783,0,0,0.30668,0,496.0,dead,2
159.1775,-0.783,0,0,0.30668,0,496.0,dead,2
159.1946,-0.783,0,0,0.30668,0,496.0,dead,2
159.2169,-0.783,0,0,0.3145,0,496.0,dead,2
159.2335,-0.783,0,0,0.3145,0,496.0,dead,2
159.2498,-0.6938,0,0,0.3145,0,496.0,dead,2
159.266,-0.6938,0,0,0.3145,0,496.0,dead,2
159.2821,-0.6938,0,0,0.31047,0,496.0,dead,2
159.2982,-0.4908,0,0,0.31047,0,496.0,dead,2
159.3153,-0.4908,0,0,0.31047,0,496.0,dead,2
159.3325,-0.4908,0,0,0.31047,0,496.0,dead,2
159.3488,-0.6601,0,0,0.31047,0,496.0,dead,2
159.365,-0.6601,0,0,0.32806,0,496.0,dead,2
159.3808,-0.5248,0,0,0.32806,0,496.0,dead,2
159.3972,-0.5248,0,0,0.32806,0,496.0,dead,2
159.4143,-0.5248,0,0,0.32806,0,496.0,dead,2
159.4312,-0.2203,0,0,0.2926,0,496.0,dead,2
159.4473,-0.2203,0,0,0.2926,0,496.0,dead,2
159.464,-0.2203,0,0,0.2926,0,496.0,dead,2
159.4808,-0.339,0,0,0.2926,0,496.0,dead,2
159.4972,-0.339,0,0,0.2926,0,496.0,dead,2
159.5167,-0.339,0,0,0.29744,0,496.0,dead,2
159.5331,0.4343,0,0,0.29744,0,496.0,dead,2
159.5524,0.4343,0,0,0.29744,0,496.0,dead,2
159.5688,0.4343,0,0,0.29744,0,496.0,dead,2
159.5851,0.4343,0,0,0.29744,0,496.0,dead,2
159.6006,0.4343,0,0,0.28906,0,496.0,dead,2
159.6178,0.2993,0,0,0.28906,0,496.0,dead,2
159.6339,0.2993,0,0,0.28906,0,496.0,dead,2
159.6495,0.2993,0,0,0.28906,0,496.0,dead,2
159.6662,0.4386,0,0,0.28906,0,496.0,dead,2
159.6829,0.4386,0,0,0.33933,0,496.0,dead,2
159.6986,-1.0559,0,0,0.33933,0,496.0,dead,2
159.7144,-1.0559,0,0,0.33933,0,496.0,dead,2
159.731,-1.0559,0,0,0.33933,0,496.0,dead,2
159.7474,-3.5412,0,0,0.33898,0,496.0,dead,2
159.7638,-3.5412,0,0,0.33898,0,496.0,dead,2
159.7836,-3.5412,0,0,0.33898,0,496.0,dead,2
159.8005,-4.8135,0,0,0.33898,0,496.0,dead,2
159.8171,-4.8135,0,0,0.33898,0,496.0,dead,2
159.8325,-4.18,0,0,0.31442,0,496.0,dead,2
159.8491,-4.18,0,0,0.31442,0,496.0,dead,2
159.8649,-4.18,0,0,0.31442,0,496.0,dead,2
159.8816,0.952,0,0,0.31442,0,496.0,dead,2
159.898,0.952,0,0,0.30654,0,496.0,dead,2
159.9138,0.952,0,0,0.30654,0,496.0,dead,2
159.9299,0.952,0,0,0.30654,0,496.0,dead,2
159.9458,0.952,0,0,0.30654,0,496.0,dead,2
159.9623,0.952,0,0,0.30654,0,496.0,dead,2
159.9795,0.952,0,0,0.29652,0,496.0,dead,2
159.9963,0.952,0,0,0.29652,0,496.0,dead,2
160.013,2.1377,0,0,0.29652,0,496.0,dead,2
160.0296,3.0391,0,0,0.29652,0,496.0,dead,2
160.0458,3.0391,0,0,0.29652,0,496.0,dead,2
160.0615,3.2513,0,0,0.26248,0,496.0,dead,2
160.0781,3.2513,0,0,0.26248,0,496.0,dead,2
160.0943,3.2513,0,0,0.26248,0,496.0,dead,2
160.1111,3.2513,0,0,0.26248,0,496.0,dead,2
160.1406,3.2513,0,0,0.29091,0,496.0,dead,2
160.157,3.2513,0,0,0.29091,0,496.0,dead,2
160.1724,3.2513,0,0,0.29091,0,496.0,dead,2
160.1889,3.2513,0,0,0.29091,0,496.0,dead,2
160.2086,2.044,0,0,0.29091,0,496.0,dead,2
160.2382,-4.5574,0,0,0.30078,0,496.0,dead,2
160.2577,-4.5574,0,0,0.30078,0,496.0,dead,2
160.2733,-4.5574,0,0,0.30078,0,496.0,dead,2
160.2893,-10.0836,0,0,0.30078,0,496.0,dead,2
160.3058,-10.0836,0,0,0.30078,0,496.0,dead,2
160.3234,-10.0836,0,0,0.30078,0,496.0,dead,2
160.3426,-8.9968,0,0,0.27457,0,496.0,dead,2
160.3589,-8.9968,0,0,0.27457,0,496.0,dead,2
160.3747,-6.1524,0,0,0.27457,0,496.0,dead,2
160.3915,-6.1524,0,0,0.27457,0,496.0,dead,2
160.4088,-6.1524,0,0,0.25415,0,496.0,dead,2
160.426,-2.1278,0,0,0.25415,0,496.0,dead,2
160.4424,-2.1278,0,0,0.25415,0,496.0,dead,2
160.4591,-2.1278,0,0,0.25415,0,496.0,dead,2
160.4757,4.5427,0,0,0.25415,0,496.0,dead,2
160.4943,4.5427,0,0,0.29346,0,496.0,dead,2
160.5109,6.1008,0,0,0.29346,0,496.0,dead,2
160.5266,6.1008,0,0,0.29346,0,496.0,dead,2
160.5431,6.1008,0,0,0.29346,0,496.0,dead,2
160.5594,8.4177,0,0,0.29346,0,496.0,dead,2
160.5757,8.4177,0,0,0.26701,0,496.0,dead,2
160.5916,8.4177,0,0,0.26701,0,496.0,dead,2
160.6077,7.866,0,0,0.26701,0,496.0,dead,2
160.6245,7.866,0,0,0.26701,0,496.0,dead,2
160.6416,5.9245,0,0,0.23016,0,496.0,dead,2
160.6582,5.9245,0,0,0.23016,0,496.0,dead,2
160.6754,5.9245,0,0,0.23016,0,496.0,dead,2
160.6916,3.0037,0,0,0.23016,0,496.0,dead,2
160.7083,3.0037,0,0,0.20806,0,496.0,dead,2
160.7244,3.0037,0,0,0.20806,0,496.0,dead,2
160.7414,1.5179,0,0,0.20806,0,496.0,dead,2
160.7574,1.5179,0,0,0.20806,0,496.0,dead,2
160.7741,1.5179,0,0,0.28162,1,496.0,dead,2
160.7894,-0.7714,0,0,0.28162,0,496.0,dead,2
160.806,-0.7714,0,0,0.28162,0,496.0,dead,2
160.8216,-1.4858,0,0,0.28162,0,496.0,dead,2
160.8378,-1.4858,0,0,0.28162,0,496.0,dead,2
160.8546,-1.4858,0,0,0.31728,0,496.0,dead,2
160.8714,-2.2831,0,0,0.31728,0,496.0,dead,2
160.8882,-2.2831,0,0,0.31728,0,496.0,dead,2
160.9043,-2.2831,0,0,0.31728,0,496.0,dead,2
160.9204,-2.4972,0,0,0.31728,0,496.0,dead,2
160.9369,-1.875,0,0,0.25042,0,496.0,dead,2
160.9526,-1.875,0,0,0.25042,0,496.0,dead,2
160.9696,-1.6102,0,0,0.25042,0,496.0,dead,2
160.9863,-1.6102,0,0,0.25042,0,496.0,dead,2
161.0028,-0.8411,0,0,0.24672,0,496.0,dead,2
161.0195,-0.8411,0,0,0.24672,0,496.0,dead,2
161.0359,-0.8411,0,0,0.24672,0,496.0,dead,2
161.0523,-0.3948,0,0,0.24672,0,496.0,dead,2
161.0684,-0.3948,0,0,0.27552,0,496.0,dead,2
161.0864,-0.3948,0,0,0.27552,0,496.0,dead,2
161.1034,0.328,0,0,0.27552,0,496.0,dead,2
161.1205,0.328,0,0,0.27552,0,496.0,dead,2
161.1376,0.328,0,0,0.27552,0,496.0,dead,2
161.1583,0.328,0,0,0.27464,0,496.0,dead,2
161.1745,0.328,0,0,0.27464,0,496.0,dead,2
161.1906,1.1829,0,0,0.27464,0,496.0,dead,2
161.2072,1.1829,0,0,0.27464,0,496.0,dead,2
161.2234,1.1829,0,0,0.26617,0,496.0,dead,2
161.2402,1.8203,0,0,0.26617,0,496.0,dead,2
161.2559,1.8203,0,0,0.26617,0,496.0,dead,2
161.2723,1.7633,0,0,0.26617,0,496.0,dead,2
161.289,1.7633,0,0,0.26617,0,496.0,dead,2
161.3069,1.7633,0,0,0.23883,0,496.0,dead,2
161.3229,1.7633,0,0,0.23883,0,496.0,dead,2
161.3395,1.7633,0,0,0.23883,0,496.0,dead,2
161.3558,1.7633,0,0,0.23883,0,496.0,dead,2
161.3761,0.2577,0,0,0.23883,0,496.0,dead,2
161.3991,0.2577,0,0,0.23883,0,496.0,dead,2
161.4164,-0.2001,0,0,0.26695,0,496.0,dead,2
161.4324,-0.2001,0,0,0.26695,0,496.0,dead,2
161.4489,-0.2001,0,0,0.26695,0,496.0,dead,2
161.4665,-0.2556,0,0,0.26695,0,496.0,dead,2
161.5263,0.6345,0,0,0.27429,0,496.0,dead,2
161.5489,-0.1032,0,0,0.27429,0,496.0,dead,2
161.5745,-0.1032,0,0,0.27429,0,496.0,dead,2
161.5926,-1.129,0,0,0.27429,0,496.0,dead,2
161.6091,-1.129,0,0,0.27429,0,496.0,dead,2
161.6342,-1.2178,0,0,0.25372,0,496.0,dead,2
161.6526,-1.2178,0,0,0.25372,0,496.0,dead,2
161.6719,-1.2178,0,0,0.25372,0,496.0,dead,2
161.6877,-1.2178,0,0,0.25372,0,496.0,dead,2
161.7041,-1.0394,0,0,0.25372,0,496.0,dead,2
161.7203,-1.0151,0,0,0.25857,0,496.0,dead,2
161.7368,-1.0151,0,0,0.25857,0,496.0,dead,2
161.7524,-1.0151,0,0,0.25857,0,496.0,dead,2
161.7701,-0.6484,0,0,0.25857,0,496.0,dead,2
161.7879,-0.6484,0,0,0.25857,0,496.0,dead,2
161.8056,-0.6484,0,0,0.23536,0,496.0,dead,2
161.8227,-0.8904,0,0,0.23536,0,496.0,dead,2
161.839,-0.8904,0,0,0.23536,0,496.0,dead,2
161.8546,-0.6761,0,0,0.23536,0,496.0,dead,2
161.871,-0.6761,0,0,0.25558,0,496.0,dead,2
161.8868,-0.6761,0,0,0.25558,0,496.0,dead,2
161.9026,-0.5285,0,0,0.25558,0,496.0,dead,2
161.9196,-0.5285,0,0,0.25558,0,496.0,dead,2
161.9373,-0.5285,0,0,0.25075,0,496.0,dead,2
161.9544,-0.2156,0,0,0.25075,0,496.0,dead,2
161.9708,-0.2156,0,0,0.25075,0,496.0,dead,2
161.987,-0.2156,0,0,0.25075,0,496.0,dead,2
162.0024,0.1298,0,0,0.25075,0,496.0,dead,2
162.0189,0.1298,0,0,0.24597,0,496.0,dead,2
162.0345,0.1298,0,0,0.24597,0,496.0,dead,2
162.0511,-1.4516,0,0,0.24597,0,496.0,dead,2
162.0694,-1.4516,0,0,0.24597,0,496.0,dead,2
162.0864,-1.4516,0,0,0.23864,0,496.0,dead,2
162.1034,-1.4516,0,0,0.23864,0,496.0,dead,2
162.1205,-1.4516,0,0,0.23864,0,496.0,dead,2
162.1376,-0.7195,0,0,0.23864,0,496.0,dead,2
162.1548,-0.7195,0,0,0.22203,0,496.0,dead,2
162.1886,-0.7195,0,0,0.22203,0,496.0,dead,2
162.2068,-0.7195,0,0,0.22203,0,496.0,dead,2
162.2231,-0.7195,0,0,0.22203,0,496.0,dead,2
162.242,-0.7195,0,0,0.27815,0,496.0,dead,2
162.2585,-0.7195,0,0,0.27815,0,496.0,dead,2
162.2762,-0.4221,0,0,0.27815,0,496.0,dead,2
162.293,-0.4221,0,0,0.27815,0,496.0,dead,2
162.3121,-0.0842,0,0,0.27815,0,496.0,dead,2
162.3344,-0.0842,0,0,0.27832,0,496.0,dead,2
162.3533,0.2646,0,0,0.27832,0,496.0,dead,2
162.3707,0.2373,0,0,0.27832,0,496.0,dead,2
162.387,0.2373,0,0,0.27832,0,496.0,dead,2
162.4065,0.2373,0,0,0.27832,0,496.0,dead,2
162.4226,0.7467,0,0,0.28597,0,496.0,dead,2
162.4393,0.7467,0,0,0.28597,0,496.0,dead,2
162.4554,0.1831,0,0,0.28597,0,496.0,dead,2
162.4723,0.1831,0,0,0.28597,0,496.0,dead,2
162.4925,0.6163,0,0,0.2781,0,496.0,dead,2
162.5095,0.6163,0,0,0.2781,0,496.0,dead,2
162.5251,0.6163,0,0,0.2781,0,496.0,dead,2
162.5405,0.5541,0,0,0.2781,0,496.0,dead,2
162.5571,0.5541,0,0,0.2781,0,496.0,dead,2
162.5728,0.5541,0,0,0.2781,0,496.0,dead,2
162.5935,0.6799,0,0,0.30711,0,496.0,dead,2
162.6095,0.6799,0,0,0.30711,0,496.0,dead,2
162.6256,0.8102,0,0,0.30711,0,496.0,dead,2
162.6422,0.8102,0,0,0.30711,0,496.0,dead,2
162.6583,0.8102,0,0,0.30711,0,496.0,dead,2
162.6777,0.616,0,0,0.2809,0,496.0,dead,2
162.6943,0.616,0,0,0.2809,0,496.0,dead,2
162.7116,0.3037,0,0,0.2809,0,496.0,dead,2
162.7277,0.3037,0,0,0.2809,0,496.0,dead,2
162.7444,0.3037,0,0,0.30537,0,496.0,dead,2
162.7604,0.3394,0,0,0.30537,0,496.0,dead,2
162.7768,0.3394,0,0,0.30537,0,496.0,dead,2
162.7931,0.3394,0,0,0.30537,0,496.0,dead,2
162.8172,0.2509,0,0,0.32168,0,496.0,dead,2
162.8385,0.2509,0,0,0.32168,0,496.0,dead,2
162.8553,0.2509,0,0,0.32168,0,496.0,dead,2
162.8711,0.2509,0,0,0.32168,0,496.0,dead,2
162.8877,0.2509,0,0,0.29681,0,496.0,dead,2
162.9043,0.1439,0,0,0.29681,0,496.0,dead,2
162.9215,0.1439,0,0,0.29681,0,496.0,dead,2
162.9376,0.1118,0,0,0.29681,0,496.0,dead,2
162.9542,0.1118,0,0,0.29681,0,496.0,dead,2
162.9699,0.1118,0,0,0.30069,0,496.0,dead,2
162.9862,-1.0214,0,0,0.30069,0,496.0,dead,2
163.0023,-0.5548,0,0,0.30069,0,496.0,dead,2
163.0203,-0.5548,0,0,0.30069,0,496.0,dead,2
163.0571,-0.5548,0,0,0.33116,0,496.0,dead,2
163.08,-0.4667,0,0,0.33116,0,496.0,dead,2
163.0961,-0.4667,0,0,0.33116,0,496.0,dead,2
163.1116,-0.4667,0,0,0.33116,0,496.0,dead,2
163.1285,-0.1341,0,0,0.33116,0,496.0,dead,2
163.1464,-0.1341,0,0,0.31557,0,496.0,dead,2
163.1634,-0.1341,0,0,0.31557,0,496.0,dead,2
163.1795,-0.1341,0,0,0.31557,0,496.0,dead,2
163.1966,-0.1341,0,0,0.31557,0,496.0,dead,2
163.2151,-0.2028,0,0,0.28615,0,496.0,dead,2
163.2318,-0.2028,0,0,0.28615,0,496.0,dead,2
163.2481,-0.2028,0,0,0.28615,0,496.0,dead,2
163.2642,0.1326,0,0,0.28615,0,496.0,dead,2
163.2803,0.1326,0,0,0.28615,0,496.0,dead,2
163.299,-0.2025,0,0,0.318,0,496.0,dead,2
163.3153,-0.2025,0,0,0.318,0,496.0,dead,2
163.3314,-0.2025,0,0,0.318,0,496.0,dead,2
163.3489,0.2784,0,0,0.318,0,496.0,dead,2
163.3658,0.2784,0,0,0.318,0,496.0,dead,2
163.3823,0.2784,0,0,0.27419,0,496.0,dead,2
163.3975,-0.0094,0,0,0.27419,0,496.0,dead,2
163.4136,-0.0094,0,0,0.27419,0,496.0,dead,2
163.4303,-0.0094,0,0,0.27419,0,496.0,dead,2
163.4463,-0.1349,0,0,0.27419,0,496.0,dead,2
163.4634,-0.1349,0,0,0.30293,0,496.0,dead,2
163.4796,0.6283,0,0,0.30293,0,496.0,dead,2
163.4957,0.6283,0,0,0.30293,0,496.0,dead,2
163.512,0.6283,0,0,0.30293,0,496.0,dead,2
163.5285,0.274,0,0,0.30293,0,496.0,dead,2
163.5451,0.274,0,0,0.30064,0,496.0,dead,2
163.5603,0.274,0,0,0.30064,0,496.0,dead,2
163.5776,0.525,0,0,0.30064,0,496.0,dead,2
163.5939,0.525,0,0,0.30064,0,496.0,dead,2
163.6099,0.525,0,0,0.29472,0,496.0,dead,2
163.6281,0.5304,0,0,0.29472,0,496.0,dead,2
163.644,0.5304,0,0,0.29472,0,496.0,dead,2
163.6594,0.3106,0,0,0.29472,0,496.0,dead,2
163.6762,0.3106,0,0,0.29472,0,496.0,dead,2
163.6929,0.3106,0,0,0.29387,0,496.0,dead,2
163.7089,0.3106,0,0,0.29387,0,496.0,dead,2
163.7255,0.3106,0,0,0.29387,0,496.0,dead,2
163.7425,0.3106,0,0,0.29387,0,496.0,dead,2
163.7587,-0.7869,0,0,0.27741,0,496.0,dead,2
163.7751,-0.7869,0,0,0.27741,0,496.0,dead,2
163.7913,-0.6553,0,0,0.27741,0,496.0,dead,2
163.8084,-0.4395,0,0,0.27741,0,496.0,dead,2
163.8251,-0.4395,0,0,0.30762,0,496.0,dead,2
163.8406,-0.0789,0,0,0.30762,0,496.0,dead,2
163.8573,-0.0789,0,0,0.30762,0,496.0,dead,2
163.8735,-0.0789,0,0,0.30762,0,496.0,dead,2
163.8936,-0.0789,0,0,0.30762,0,496.0,dead,2
163.9146,-0.0789,0,0,0.28523,0,496.0,dead,2
163.9325,0.2095,0,0,0.28523,0,496.0,dead,2
163.9492,0.2095,0,0,0.28523,0,496.0,dead,2
163.9668,0.2095,0,0,0.28523,0,496.0,dead,2
163.9834,0.3285,0,0,0.28114,0,496.0,dead,2
163.9995,0.3285,0,0,0.28114,0,496.0,dead,2
164.0159,0.0792,0,0,0.28114,0,496.0,dead,2
164.0347,0.0792,0,0,0.28114,0,496.0,dead,2
164.0507,0.0792,0,0,0.26954,0,496.0,dead,2
164.0673,0.0792,0,0,0.26954,0,496.0,dead,2
164.0841,0.0792,0,0,0.26954,0,496.0,dead,2
164.1003,0.0792,0,0,0.26954,0,496.0,dead,2
164.1215,0.0792,0,0,0.28899,0,496.0,dead,2
164.1381,0.0792,0,0,0.28899,0,496.0,dead,2
164.1571,0.1603,0,0,0.28899,0,496.0,dead,2
164.1741,-0.2218,0,0,0.28899,0,496.0,dead,2
164.1908,-0.2218,0,0,0.28899,0,496.0,dead,2
164.2069,0.2544,0,0,0.28516,0,496.0,dead,2
164.2225,0.2544,0,0,0.28516,0,496.0,dead,2
164.2395,0.5306,0,0,0.28516,0,496.0,dead,2
164.2561,0.5306,0,0,0.30497,0,496.0,dead,2
164.2717,0.5306,0,0,0.30497,0,496.0,dead,2
164.2876,0.1413,0,0,0.30497,0,496.0,dead,2
164.3058,0.2542,0,0,0.30497,0,496.0,dead,2
164.323,0.2542,0,0,0.30026,0,496.0,dead,2
164.3443,-0.0156,0,0,0.30026,0,496.0,dead,2
164.3611,-0.0156,0,0,0.30026,0,496.0,dead,2
164.3767,-0.5949,0,0,0.30026,0,496.0,dead,2
164.3933,-0.5949,0,0,0.30026,0,496.0,dead,2
164.435,-0.8629,0,0,0.29675,0,496.0,dead,2
164.4553,-0.8629,0,0,0.29675,0,496.0,dead,2
164.4756,-0.4649,0,0,0.29675,0,496.0,dead,2
164.4935,-0.4649,0,0,0.29675,0,496.0,dead,2
164.5104,-0.4649,0,0,0.29675,0,496.0,dead,2
164.5296,-0.2978,0,0,0.29675,0,496.0,dead,2
164.5474,-0.2978,0,0,0.30981,0,496.0,dead,2
164.5645,0.0367,0,0,0.30981,0,496.0,dead,2
164.5818,0.0367,0,0,0.30981,0,496.0,dead,2
164.5978,0.0367,0,0,0.30981,0,496.0,dead,2
164.6134,0.0558,0,0,0.30981,0,496.0,dead,2
164.6296,0.0558,0,0,0.29887,0,496.0,dead,2
164.6462,0.0628,0,0,0.29887,0,496.0,dead,2
164.663,0.0628,0,0,0.29887,0,496.0,dead,2
164.6792,0.0628,0,0,0.29887,0,496.0,dead,2
164.6958,-0.8909,0,0,0.2913,0,496.0,dead,2
164.7122,-0.4557,0,0,0.2913,0,496.0,dead,2
164.7279,-0.4557,0,0,0.2913,0,496.0,dead,2
164.7443,0.0383,0,0,0.2913,0,496.0,dead,2
164.7658,0.0383,0,0,0.2853,0,496.0,dead,2
164.7832,0.3261,0,0,0.2853,0,496.0,dead,2
164.7993,0.7096,0,0,0.2853,0,496.0,dead,2
164.8164,0.7096,0,0,0.2853,0,496.0,dead,2
164.833,0.2343,0,0,0.2853,0,496.0,dead,2
164.8491,0.2343,0,0,0.3155,0,496.0,dead,2
164.8649,0.2343,0,0,0.3155,0,496.0,dead,2
164.8811,1.292,0,0,0.3155,0,496.0,dead,2
164.8973,1.292,0,0,0.3155,0,496.0,dead,2
164.9145,1.292,0,0,0.32516,0,496.0,dead,2
164.9305,1.292,0,0,0.32516,0,496.0,dead,2
164.9476,1.292,0,0,0.32516,0,496.0,dead,2
164.9669,0.5748,0,0,0.32516,0,496.0,dead,2
164.9845,0.5748,0,0,0.28835,0,496.0,dead,2
165.0006,0.5748,0,0,0.28835,0,496.0,dead,2
165.0176,0.4475,0,0,0.28835,0,496.0,dead,2
165.0345,0.4475,0,0,0.28835,0,496.0,dead,2
165.0518,0.4981,0,0,0.28184,0,496.0,dead,2
165.0685,0.4981,0,0,0.28184,0,496.0,dead,2
165.0846,0.4981,0,0,0.28184,0,496.0,dead,2
165.1007,0.1056,0,0,0.28184,0,496.0,dead,2
165.1175,0.1056,0,0,0.28184,0,496.0,dead,2
165.1353,0.1056,0,0,0.28352,0,496.0,dead,2
165.1523,-0.8827,0,0,0.28352,0,496.0,dead,2
165.1697,-0.8827,0,0,0.28352,0,496.0,dead,2
165.1861,-1.222,0,0,0.28352,0,496.0,dead,2
165.2018,-1.222,0,0,0.28352,0,496.0,dead,2
165.2246,-1.222,0,0,0.28352,0,496.0,dead,2
165.2405,-1.222,0,0,0.28352,0,496.0,dead,2
165.2609,-1.222,0,0,0.28352,0,496.0,dead,2
165.2843,-0.4851,0,0,0.28352,0,496.0,dead,2
165.3037,-0.4851,0,0,0.31817,0,496.0,dead,2
165.3194,-0.4851,0,0,0.31817,0,496.0,dead,2
165.3368,-0.4964,0,0,0.31817,0,496.0,dead,2
165.3531,-0.4964,0,0,0.31817,0,496.0,dead,2
165.3706,-0.4134,0,0,0.31817,0,496.0,dead,2
165.3897,-0.4134,0,0,0.28522,0,496.0,dead,2
165.4075,-0.4134,0,0,0.28522,0,496.0,dead,2
165.4245,-0.8395,0,0,0.28522,0,496.0,dead,2
165.4418,-0.8395,0,0,0.28522,0,496.0,dead,2
165.4584,-1.4307,0,0,0.28522,0,496.0,dead,2
165.4756,-1.4307,0,0,0.29018,0,496.0,dead,2
165.4917,-1.4307,0,0,0.29018,0,496.0,dead,2
165.5084,-1.4307,0,0,0.29018,0,496.0,dead,2
165.5247,-1.4307,0,0,0.29018,0,496.0,dead,2
165.5442,-1.4307,0,0,0.29018,0,496.0,dead,2
165.5595,-0.5349,0,0,0.29583,0,496.0,dead,2
165.576,-0.5349,0,0,0.29583,0,496.0,dead,2
165.5927,0.2752,0,0,0.29583,0,496.0,dead,2
165.6089,0.2752,0,0,0.29583,0,496.0,dead,2
165.6254,0.2752,0,0,0.3061,0,496.0,dead,2
165.642,0.4281,0,0,0.3061,0,496.0,dead,2
165.6582,0.4281,0,0,0.3061,0,496.0,dead,2
165.6755,0.4281,0,0,0.3061,0,496.0,dead,2
165.6931,-0.2676,0,0,0.2811,0,496.0,dead,2
165.7101,-0.2676,0,0,0.2811,0,496.0,dead,2
165.7257,-0.306,0,0,0.2811,0,496.0,dead,2
165.7428,-0.306,0,0,0.2811,0,496.0,dead,2
165.7591,-0.306,0,0,0.29466,0,496.0,dead,2
165.7753,-0.4453,0,0,0.29466,0,496.0,dead,2
165.7925,-0.4453,0,0,0.29466,0,496.0,dead,2
165.8091,-0.4453,0,0,0.29466,0,496.0,dead,2
165.8308,-0.3328,0,0,0.28993,0,496.0,dead,2
165.8469,-0.3328,0,0,0.28993,0,496.0,dead,2
165.8626,-0.3843,0,0,0.28993,0,496.0,dead,2
165.8792,-0.3843,0,0,0.28993,0,496.0,dead,2
165.8954,-0.3843,0,0,0.28993,0,496.0,dead,2
165.9125,-0.8802,0,0,0.28993,0,496.0,dead,2
165.9284,-0.8802,0,0,0.28993,0,496.0,dead,2
165.9451,-0.8802,0,0,0.28993,0,496.0,dead,2
165.9617,-0.3498,0,0,0.28935,0,496.0,dead,2
165.9781,-0.3498,0,0,0.28935,0,496.0,dead,2
165.9939,-0.3498,0,0,0.28935,0,496.0,dead,2
166.011,-0.819,0,0,0.28935,0,496.0,dead,2
166.0271,-0.819,0,0,0.28935,0,496.0,dead,2
166.0444,-0.4542,0,0,0.28497,0,496.0,dead,2
166.0605,-0.4542,0,0,0.28497,0,496.0,dead,2
166.0775,-0.4542,0,0,0.28497,0,496.0,dead,2
166.0951,-0.1783,0,0,0.28497,0,496.0,dead,2
166.1135,-0.1783,0,0,0.28497,0,496.0,dead,2
166.1311,0.2741,0,0,0.29912,0,496.0,dead,2
166.1514,0.4964,0,0,0.29912,0,496.0,dead,2
166.172,0.4964,0,0,0.29912,0,496.0,dead,2
166.2272,0.4021,0,0,0.28205,0,496.0,dead,2
166.2606,0.2228,0,0,0.28205,0,496.0,dead,2
166.2787,0.3299,0,0,0.28205,0,496.0,dead,2
166.2966,0.3299,0,0,0.28205,0,496.0,dead,2
166.3126,0.3299,0,0,0.28205,0,496.0,dead,2
166.3286,0.6018,0,0,0.28205,0,496.0,dead,2
166.3449,0.6018,0,0,0.28205,0,496.0,dead,2
166.3616,0.774,0,0,0.28205,0,496.0,dead,2
166.3779,0.774,0,0,0.28205,0,496.0,dead,2
166.3949,0.774,0,0,0.30202,0,496.0,dead,2
166.4117,0.5675,0,0,0.30202,0,496.0,dead,2
166.4279,0.5675,0,0,0.30202,0,496.0,dead,2
166.4441,0.5675,0,0,0.30202,0,496.0,dead,2
166.4605,0.3052,0,0,0.30202,0,496.0,dead,2
166.4764,0.3052,0,0,0.30083,0,496.0,dead,2
166.4927,0.3052,0,0,0.30083,0,496.0,dead,2
166.5086,0.3052,0,0,0.30083,0,496.0,dead,2
166.5252,0.3052,0,0,0.30083,0,496.0,dead,2
166.5424,0.1307,0,0,0.30083,0,496.0,dead,2
166.5596,0.4386,0,0,0.29378,0,496.0,dead,2
166.5762,0.4386,0,0,0.29378,0,496.0,dead,2
166.5928,0.2863,0,0,0.29378,0,496.0,dead,2
166.6094,0.2863,0,0,0.28066,0,496.0,dead,2
166.6263,0.2863,0,0,0.28066,0,496.0,dead,2
166.6429,0.2863,0,0,0.28066,0,496.0,dead,2
166.6604,0.2863,0,0,0.28066,0,496.0,dead,2
166.6768,0.1452,0,0,0.28066,0,496.0,dead,2
166.6924,0.1835,0,0,0.33394,0,496.0,dead,2
166.709,0.1835,0,0,0.33394,0,496.0,dead,2
166.7252,0.1835,0,0,0.33394,0,496.0,dead,2
166.7419,0.1835,0,0,0.33394,0,496.0,dead,2
166.7587,0.1835,0,0,0.31445,0,496.0,dead,2
166.775,0.0893,0,0,0.31445,0,496.0,dead,2
166.7907,0.0893,0,0,0.31445,0,496.0,dead,2
166.8067,0.0331,0,0,0.31445,0,496.0,dead,2
166.823,0.0331,0,0,0.31445,0,496.0,dead,2
166.8397,0.0331,0,0,0.30508,0,496.0,dead,2
166.856,-0.4008,0,0,0.30508,0,496.0,dead,2
166.8722,-0.4008,0,0,0.30508,0,496.0,dead,2
166.8881,-0.4008,0,0,0.30508,0,496.0,dead,2
166.9047,-0.3547,0,0,0.30508,0,496.0,dead,2
166.9206,-0.3547,0,0,0.2855,0,496.0,dead,2
166.9368,-0.3547,0,0,0.2855,0,496.0,dead,2
166.9523,-0.1563,0,0,0.2855,0,496.0,dead,2
166.9684,-0.1563,0,0,0.2855,0,496.0,dead,2
166.9861,-0.1563,0,0,0.3108,0,496.0,dead,2
167.0023,0.8403,0,0,0.3108,0,496.0,dead,2
167.019,0.8403,0,0,0.3108,0,496.0,dead,2
167.0352,1.7994,0,0,0.3108,0,496.0,dead,2
167.053,0.5643,0,0,0.3108,0,496.0,dead,2
167.0706,0.5643,0,0,0.30111,0,496.0,dead,2
167.0875,0.5872,0,0,0.30111,0,496.0,dead,2
167.1046,0.5872,0,0,0.30111,0,496.0,dead,2
167.1234,0.6026,0,0,0.30111,0,496.0,dead,2
167.1402,0.3216,0,0,0.28917,0,496.0,dead,2
167.1558,0.3216,0,0,0.28917,0,496.0,dead,2
167.1717,0.4726,0,0,0.28917,0,496.0,dead,2
167.1879,0.4726,0,0,0.28917,0,496.0,dead,2
167.2037,0.4726,0,0,0.26911,0,496.0,dead,2
167.2201,0.5887,0,0,0.26911,0,496.0,dead,2
167.2361,0.5887,0,0,0.26911,0,496.0,dead,2
167.2533,0.5887,0,0,0.26911,0,496.0,dead,2
167.2725,0.4596,0,0,0.26911,0,496.0,dead,2
167.2895,0.4596,0,0,0.25474,0,496.0,dead,2
167.3066,0.6483,0,0,0.25474,0,496.0,dead,2
167.323,0.6483,0,0,0.25474,0,496.0,dead,2
167.339,0.6483,0,0,0.25474,0,496.0,dead,2
167.3548,0.6483,0,0,0.2703,0,496.0,dead,2
167.3705,0.6483,0,0,0.2703,0,496.0,dead,2
167.3876,0.6483,0,0,0.2703,0,496.0,dead,2
167.4043,0.1804,0,0,0.2703,0,496.0,dead,2
167.4206,0.1804,0,0,0.26377,0,496.0,dead,2
167.4366,0.092,0,0,0.26377,0,496.0,dead,2
167.4558,0.4554,0,0,0.26377,0,496.0,dead,2
167.4725,0.4554,0,0,0.26377,0,496.0,dead,2
167.4896,-0.6731,0,0,0.23762,0,496.0,dead,2
167.5061,-0.6731,0,0,0.23762,0,496.0,dead,2
167.5226,-0.6731,0,0,0.23762,0,496.0,dead,2
167.5389,-0.8053,0,0,0.23762,0,496.0,dead,2
167.556,-0.8053,0,0,0.23762,0,496.0,dead,2
167.5726,-0.848,0,0,0.25018,0,496.0,dead,2
167.5888,-0.848,0,0,0.25018,0,496.0,dead,2
167.6066,-0.848,0,0,0.25018,0,496.0,dead,2
167.6246,-0.9636,0,0,0.25018,0,496.0,dead,2
167.6408,-0.8271,0,0,0.26753,0,496.0,dead,2
167.6566,-0.8271,0,0,0.26753,0,496.0,dead,2
167.6732,0.0229,0,0,0.26753,0,496.0,dead,2
167.6898,0.0229,0,0,0.26753,0,496.0,dead,2
167.7086,-0.0644,0,0,0.26655,0,496.0,dead,2
167.7246,-0.3956,0,0,0.26655,0,496.0,dead,2
167.7407,-0.3956,0,0,0.26655,0,496.0,dead,2
167.7569,-0.2351,0,0,0.26655,0,496.0,dead,2
167.773,-0.2351,0,0,0.28004,0,496.0,dead,2
167.7889,-0.2351,0,0,0.28004,0,496.0,dead,2
167.8047,-0.3554,0,0,0.28004,0,496.0,dead,2
167.8206,-0.3554,0,0,0.28004,0,496.0,dead,2
167.8371,-0.3554,0,0,0.28004,0,496.0,dead,2
167.8535,0.1762,0,0,0.27618,0,496.0,dead,2
167.8705,0.1762,0,0,0.27618,0,496.0,dead,2
167.8866,0.1886,0,0,0.27618,0,496.0,dead,2
167.9027,0.1886,0,0,0.27618,0,496.0,dead,2
167.9184,0.1886,0,0,0.25084,0,496.0,dead,2
167.9351,0.6573,0,0,0.25084,0,496.0,dead,2
167.9509,0.6573,0,0,0.25084,0,496.0,dead,2
167.9666,0.6573,0,0,0.25084,0,496.0,dead,2
167.9833,0.6975,0,0,0.25084,0,496.0,dead,2
168.0003,0.6975,0,0,0.25068,0,496.0,dead,2
168.0167,0.6975,0,0,0.25068,0,496.0,dead,2
168.0331,0.837,0,0,0.25068,0,496.0,dead,2
168.0495,0.837,0,0,0.25068,0,496.0,dead,2
168.0665,0.4522,0,0,0.24339,0,496.0,dead,2
168.0831,0.4522,0,0,0.24339,0,496.0,dead,2
168.0995,0.4522,0,0,0.24339,0,496.0,dead,2
168.1161,0.4522,0,0,0.26251,0,496.0,dead,2
168.1324,0.4522,0,0,0.26251,0,496.0,dead,2
168.1492,0.4522,0,0,0.26251,0,496.0,dead,2
168.1656,-0.0748,0,0,0.26251,0,496.0,dead,2
168.182,-0.0748,0,0,0.25487,0,496.0,dead,2
168.1984,-0.0748,0,0,0.25487,0,496.0,dead,2
168.2145,-0.0748,0,0,0.25487,0,496.0,dead,2
168.2313,-0.0748,0,0,0.25487,0,496.0,dead,2
168.248,-0.0748,0,0,0.25487,0,496.0,dead,2
168.265,-1.0354,0,0,0.26756,0,496.0,dead,2
168.2809,-1.0354,0,0,0.26756,0,496.0,dead,2
168.2978,-1.1811,0,0,0.26756,0,496.0,dead,2
168.3141,-1.1811,0,0,0.26756,0,496.0,dead,2
168.3314,-1.1811,0,0,0.27909,0,496.0,dead,2
168.3481,-0.4633,0,0,0.27909,0,496.0,dead,2
168.3637,-0.4633,0,0,0.27909,0,496.0,dead,2
168.3796,-0.4633,0,0,0.27909,0,496.0,dead,2
168.396,0.1184,0,0,0.25871,0,496.0,dead,2
168.4116,0.1184,0,0,0.25871,0,496.0,dead,2
168.4274,-0.0577,0,0,0.25871,0,496.0,dead,2
168.4435,-0.0577,0,0,0.25871,0,496.0,dead,2
168.4596,-0.0577,0,0,0.25871,0,496.0,dead,2
168.4761,-0.3308,0,0,0.2818,0,496.0,dead,2
168.4933,-0.3308,0,0,0.2818,0,496.0,dead,2
168.5096,-0.3308,0,0,0.2818,0,496.0,dead,2
168.5261,-0.1779,0,0,0.25923,0,496.0,dead,2
168.5417,-0.1779,0,0,0.25923,0,496.0,dead,2
168.5579,-0.1779,0,0,0.25923,0,496.0,dead,2
168.5736,-0.1459,0,0,0.25923,0,496.0,dead,2
168.5899,-0.1459,0,0,0.2469,0,496.0,dead,2
168.6064,-0.1459,0,0,0.2469,0,496.0,dead,2
168.624,-0.1459,0,0,0.2469,0,496.0,dead,2
168.6404,-0.1459,0,0,0.25471,0,496.0,dead,2
168.659,0.1701,0,0,0.25471,0,496.0,dead,2
168.6769,0.1701,0,0,0.25471,0,496.0,dead,2
168.6926,0.1701,0,0,0.25471,0,496.0,dead,2
168.709,0.3859,0,0,0.25471,0,496.0,dead,2
168.726,0.3859,0,0,0.266,0,496.0,dead,2
168.7415,0.3859,0,0,0.266,0,496.0,dead,2
168.7586,0.3859,0,0,0.266,0,496.0,dead,2
168.7747,0.3859,0,0,0.24255,0,496.0,dead,2
168.7914,0.1497,0,0,0.24255,0,496.0,dead,2
168.8081,0.1497,0,0,0.24255,0,496.0,dead,2
168.8242,0.1497,0,0,0.24255,0,496.0,dead,2
168.8401,0.054,0,0,0.26338,0,496.0,dead,2
168.8556,0.054,0,0,0.26338,0,496.0,dead,2
168.8716,0.054,0,0,0.26338,0,496.0,dead,2
168.8875,0.0525,0,0,0.26338,0,496.0,dead,2
168.9046,0.0525,0,0,0.26338,0,496.0,dead,2
168.9208,0.0525,0,0,0.25539,0,496.0,dead,2
168.9371,0.4847,0,0,0.25539,0,496.0,dead,2
168.9534,0.4847,0,0,0.25539,0,496.0,dead,2
168.9701,0.4847,0,0,0.26384,0,496.0,dead,2
168.9863,0.4847,0,0,0.26384,0,496.0,dead,2
169.0035,0.4847,0,0,0.26384,0,496.0,dead,2
169.0204,-0.7634,0,0,0.24376,0,496.0,dead,2
169.0366,-0.7634,0,0,0.24376,0,496.0,dead,2
169.0532,-0.7634,0,0,0.24376,0,496.0,dead,2
169.0702,-1.073,0,0,0.24376,0,496.0,dead,2
169.0857,-1.073,0,0,0.24376,0,496.0,dead,2
169.1061,-1.1012,0,0,0.27089,0,496.0,dead,2
169.1219,-1.1012,0,0,0.27089,0,496.0,dead,2
169.1408,-1.1012,0,0,0.27089,0,496.0,dead,2
169.1584,-0.9421,0,0,0.27089,0,496.0,dead,2
169.1751,-0.9421,0,0,0.26707,0,496.0,dead,2
169.191,-0.3878,0,0,0.26707,0,496.0,dead,2
169.2073,-0.3878,0,0,0.26707,0,496.0,dead,2
169.224,-0.3878,0,0,0.23483,0,496.0,dead,2
169.2402,-0.3878,0,0,0.23483,0,496.0,dead,2
169.2572,-0.3878,0,0,0.23483,0,496.0,dead,2
169.2741,-0.3878,0,0,0.23483,0,496.0,dead,2
169.2902,0.3369,0,0,0.24714,0,496.0,dead,2
169.306,0.3369,0,0,0.24714,0,496.0,dead,2
169.3224,0.3369,0,0,0.24714,0,496.0,dead,2
169.339,0.0743,0,0,0.24714,0,496.0,dead,2
169.3557,0.0743,0,0,0.24708,0,496.0,dead,2
169.3721,-0.143,0,0,0.24708,0,496.0,dead,2
169.3893,-0.143,0,0,0.24708,0,496.0,dead,2
169.4065,-0.143,0,0,0.25443,0,496.0,dead,2
169.4224,-0.1473,0,0,0.25443,0,496.0,dead,2
169.4386,-0.1473,0,0,0.25443,0,496.0,dead,2
169.4549,-0.1473,0,0,0.25443,0,496.0,dead,2
169.4707,0.4745,0,0,0.25443,0,496.0,dead,2
169.4868,0.4745,0,0,0.25873,0,496.0,dead,2
169.503,0.4745,0,0,0.25873,0,496.0,dead,2
169.5186,0.1898,0,0,0.25873,0,496.0,dead,2
169.5352,0.1898,0,0,0.25873,0,496.0,dead,2
169.5518,0.1898,0,0,0.23934,0,496.0,dead,2
169.5723,0.1898,0,0,0.23934,0,496.0,dead,2
169.5958,0.1898,0,0,0.23934,0,496.0,dead,2
169.6125,0.2288,0,0,0.23934,0,496.0,dead,2
169.6292,0.2288,0,0,0.28632,0,496.0,dead,2
169.6465,0.5581,0,0,0.28632,0,496.0,dead,2
169.6625,0.5581,0,0,0.28632,0,496.0,dead,2
169.6791,0.5581,0,0,0.27077,0,496.0,dead,2
169.6954,0.9195,0,0,0.27077,0,496.0,dead,2
169.7116,0.9195,0,0,0.27077,0,496.0,dead,2
169.7282,0.9195,0,0,0.27077,0,496.0,dead,2
169.7466,0.7568,0,0,0.28798,0,496.0,dead,2
169.7625,0.7568,0,0,0.28798,0,496.0,dead,2
169.779,-0.5661,0,0,0.28798,0,496.0,dead,2
169.7949,-0.5661,0,0,0.28798,0,496.0,dead,2
169.8115,-0.5661,0,0,0.27089,0,496.0,dead,2
169.828,-0.2372,0,0,0.27089,0,496.0,dead,2
169.8442,-0.2372,0,0,0.27089,0,496.0,dead,2
169.8606,-0.2372,0,0,0.27798,0,496.0,dead,2
169.8768,0.0025,0,0,0.27798,0,496.0,dead,2
169.8945,0.0025,0,0,0.27798,0,496.0,dead,2
169.9111,-0.0786,0,0,0.27798,0,496.0,dead,2
169.9269,-0.358,0,0,0.26178,0,496.0,dead,2
169.9434,-0.358,0,0,0.26178,0,496.0,dead,2
169.9602,-0.4645,0,0,0.26178,0,496.0,dead,2
169.9774,-0.4645,0,0,0.26178,0,496.0,dead,2
169.9944,-0.4645,0,0,0.29073,0,496.0,dead,2
170.0104,0.4761,0,0,0.29073,0,496.0,dead,2
170.0265,0.4761,0,0,0.29073,0,496.0,dead,2
170.0431,0.4761,0,0,0.29073,0,496.0,dead,2
170.0603,2.4882,0,0,0.24251,0,496.0,dead,2
170.0769,2.4882,0,0,0.24251,0,496.0,dead,2
170.0926,1.8093,0,0,0.24251,0,496.0,dead,2
170.1095,1.8093,0,0,0.24251,0,496.0,dead,2
170.1259,1.8093,0,0,0.24251,0,496.0,dead,2
170.1442,0.1436,0,0,0.24251,0,496.0,dead,2
170.1607,0.1436,0,0,0.24251,0,496.0,dead,2
170.1773,0.1436,0,0,0.24251,0,496.0,dead,2
170.1945,0.1436,0,0,0.24251,0,496.0,dead,2
170.2149,0.1436,0,0,0.27435,0,496.0,dead,2
170.2351,-0.0543,0,0,0.27435,0,496.0,dead,2
170.2511,-0.0543,0,0,0.27435,0,496.0,dead,2
170.2676,-0.0543,0,0,0.27435,0,496.0,dead,2
170.2842,-0.0543,0,0,0.27435,0,496.0,dead,2
170.2999,-0.0543,0,0,0.23084,0,496.0,dead,2
170.316,-0.0758,0,0,0.23084,0,496.0,dead,2
170.3336,-0.6723,0,0,0.23084,0,496.0,dead,2
170.35,-0.6723,0,0,0.23084,0,496.0,dead,2
170.3656,-0.558,0,0,0.26629,0,496.0,dead,2
170.386,-0.558,0,0,0.26629,0,496.0,dead,2
170.4075,-0.6249,0,0,0.26629,0,496.0,dead,2
170.4249,-0.6249,0,0,0.26629,0,496.0,dead,2
170.4409,-0.6249,0,0,0.27103,0,496.0,dead,2
170.4573,-0.2835,0,0,0.27103,0,496.0,dead,2
170.4745,-0.2835,0,0,0.27103,0,496.0,dead,2
170.4916,-0.2835,0,0,0.27103,0,496.0,dead,2
170.5073,-0.2835,0,0,0.27103,0,496.0,dead,2
170.5248,-0.2835,0,0,0.27103,0,496.0,dead,2
170.5415,-0.4669,0,0,0.27103,0,496.0,dead,2
170.5576,-0.4669,0,0,0.27103,0,496.0,dead,2
170.5742,-0.4669,0,0,0.27103,0,496.0,dead,2
170.5901,-1.8296,0,0,0.27103,0,496.0,dead,2
170.607,-1.8296,0,0,0.26018,0,496.0,dead,2
170.6231,-1.8296,0,0,0.26018,0,496.0,dead,2
170.6396,-1.6164,0,0,0.26018,0,496.0,dead,2
170.6561,-1.6164,0,0,0.23503,0,496.0,dead,2
170.6717,-1.6164,0,0,0.23503,0,496.0,dead,2
170.6884,-1.0357,0,0,0.23503,0,496.0,dead,2
170.7052,-1.0357,0,0,0.24211,0,496.0,dead,2
170.7236,-0.2911,0,0,0.24211,0,496.0,dead,2
170.7405,-0.2911,0,0,0.24211,0,496.0,dead,2
170.7576,-0.2911,0,0,0.24211,0,496.0,dead,2
170.7765,-0.1023,0,0,0.27485,0,496.0,dead,2
170.7925,-0.1023,0,0,0.27485,0,496.0,dead,2
170.8096,-0.1023,0,0,0.27485,0,496.0,dead,2
170.8261,1.5275,0,0,0.27485,0,496.0,dead,2
170.8416,1.5275,0,0,0.25088,0,496.0,dead,2
170.8586,1.2791,0,0,0.25088,0,496.0,dead,2
170.8751,1.2791,0,0,0.25088,0,496.0,dead,2
170.8912,1.2791,0,0,0.25088,0,496.0,dead,2
170.9079,0.993,0,0,0.23934,0,496.0,dead,2
170.9245,0.993,0,0,0.23934,0,496.0,dead,2
170.9413,0.993,0,0,0.23934,0,496.0,dead,2
170.9579,0.565,0,0,0.23899,0,496.0,dead,2
170.9734,0.565,0,0,0.23899,0,496.0,dead,2
170.9906,0.7504,0,0,0.23899,0,496.0,dead,2
171.0067,0.7504,0,0,0.23899,0,496.0,dead,2
171.023,0.7504,0,0,0.24688,0,496.0,dead,2
171.0395,0.7504,0,0,0.24688,0,496.0,dead,2
171.0564,0.7547,0,0,0.24688,0,496.0,dead,2
171.0735,0.7547,0,0,0.24688,0,496.0,dead,2
171.0901,0.3025,0,0,0.24716,0,496.0,dead,2
171.1067,0.3025,0,0,0.24716,0,496.0,dead,2
171.1229,0.3025,0,0,0.24716,0,496.0,dead,2
171.139,0.3226,0,0,0.24716,0,496.0,dead,2
171.1546,0.3226,0,0,0.25117,0,496.0,dead,2
171.1703,-0.1354,0,0,0.25117,0,496.0,dead,2
171.1868,-0.1354,0,0,0.25117,0,496.0,dead,2
171.2031,-0.1354,0,0,0.25117,0,496.0,dead,2
171.2193,-0.3355,0,0,0.25117,0,496.0,dead,2
171.2356,-0.3355,0,0,0.25115,0,496.0,dead,2
171.252,-0.3355,0,0,0.25115,0,496.0,dead,2
171.2714,-0.0447,0,0,0.25115,0,496.0,dead,2
171.2886,-0.0447,0,0,0.25115,0,496.0,dead,2
171.3054,-0.0544,0,0,0.26285,0,496.0,dead,2
171.3221,-0.0544,0,0,0.26285,0,496.0,dead,2
171.3378,-0.0544,0,0,0.26285,0,496.0,dead,2
171.3539,-0.7884,0,0,0.26285,0,496.0,dead,2
171.3715,-0.7884,0,0,0.26285,0,496.0,dead,2
171.3881,-0.7884,0,0,0.27857,0,496.0,dead,2
171.4044,-0.7651,0,0,0.27857,0,496.0,dead,2
171.4215,-0.7651,0,0,0.27857,0,496.0,dead,2
171.4382,-0.7651,0,0,0.28995,0,496.0,dead,2
171.455,-0.7651,0,0,0.28995,0,496.0,dead,2
171.4711,-0.7651,0,0,0.28995,0,496.0,dead,2
171.4913,-0.503,0,0,0.28995,0,496.0,dead,2
171.5109,-0.6975,0,0,0.28995,0,496.0,dead,2
171.5272,-0.6975,0,0,0.28653,0,496.0,dead,2
171.5444,0.4382,0,0,0.28653,0,496.0,dead,2
171.5611,0.4382,0,0,0.28653,0,496.0,dead,2
171.5775,0.0935,0,0,0.26245,0,496.0,dead,2
171.5941,0.0935,0,0,0.26245,0,496.0,dead,2
171.6097,0.0935,0,0,0.26245,0,496.0,dead,2
171.6255,0.2242,0,0,0.26245,0,496.0,dead,2
171.6421,0.2242,0,0,0.34055,0,496.0,dead,2
171.6577,0.2242,0,0,0.34055,0,496.0,dead,2
171.6743,0.0808,0,0,0.34055,0,496.0,dead,2
171.6914,0.0808,0,0,0.34055,0,496.0,dead,2
171.7077,0.0808,0,0,0.29313,0,496.0,dead,2
171.7283,0.6312,0,0,0.29313,0,496.0,dead,2
171.7445,0.6312,0,0,0.29313,0,496.0,dead,2
171.7606,0.6511,0,0,0.29313,0,496.0,dead,2
171.7772,0.6511,0,0,0.28911,0,496.0,dead,2
171.794,0.6511,0,0,0.28911,0,496.0,dead,2
171.8104,0.7479,0,0,0.28911,0,496.0,dead,2
171.8274,0.7479,0,0,0.28911,0,496.0,dead,2
171.8439,0.7479,0,0,0.31129,0,496.0,dead,2
171.8602,0.7385,0,0,0.31129,0,496.0,dead,2
171.8773,0.7385,0,0,0.31129,0,496.0,dead,2
171.8941,0.3406,0,0,0.31129,0,496.0,dead,2
171.9101,0.3406,0,0,0.31129,0,496.0,dead,2
171.927,0.3406,0,0,0.31129,0,496.0,dead,2
171.9431,-0.0591,0,0,0.31129,0,496.0,dead,2
171.9603,-0.0591,0,0,0.31129,0,496.0,dead,2
171.9776,-0.0591,0,0,0.30398,0,496.0,dead,2
171.9946,-0.1673,0,0,0.30398,0,496.0,dead,2
172.0115,-0.1673,0,0,0.30398,0,496.0,dead,2
172.0286,-0.268,0,0,0.33846,0,496.0,dead,2
172.0451,-0.268,0,0,0.33846,0,496.0,dead,2
172.0614,-0.268,0,0,0.33846,0,496.0,dead,2
172.078,-0.4323,0,0,0.33846,0,496.0,dead,2
172.0936,-0.4323,0,0,0.33846,0,496.0,dead,2
172.1101,-0.4323,0,0,0.31313,0,496.0,dead,2
172.1282,-0.8629,0,0,0.31313,0,496.0,dead,2
172.145,-0.8629,0,0,0.31313,0,496.0,dead,2
172.1612,-0.7629,0,0,0.29519,0,496.0,dead,2
172.1768,-0.7629,0,0,0.29519,0,496.0,dead,2
172.1934,-0.7629,0,0,0.29519,0,496.0,dead,2
172.2102,-1.049,0,0,0.29519,0,496.0,dead,2
172.2267,-1.049,0,0,0.29519,0,496.0,dead,2
172.2427,-1.049,0,0,0.29278,0,496.0,dead,2
172.2589,-1.3376,0,0,0.29278,0,496.0,dead,2
172.275,-1.3376,0,0,0.29278,0,496.0,dead,2
172.2936,-1.3376,0,0,0.29236,0,496.0,dead,2
172.3095,-1.9214,0,0,0.29236,0,496.0,dead,2
172.3263,-1.9214,0,0,0.29236,0,496.0,dead,2
172.343,-2.0554,0,0,0.29236,0,496.0,dead,2
172.3592,-1.6808,0,0,0.29236,0,496.0,dead,2
172.3754,-1.6808,0,0,0.34755,0,496.0,dead,2
172.3916,-1.6808,0,0,0.34755,0,496.0,dead,2
172.4081,-1.6808,0,0,0.34755,0,496.0,dead,2
172.4237,-1.6808,0,0,0.34755,0,496.0,dead,2
172.4405,-1.9898,0,0,0.30748,0,496.0,dead,2
172.4567,-1.9898,0,0,0.30748,0,496.0,dead,2
172.4729,-1.9898,0,0,0.30748,0,496.0,dead,2
172.4891,-1.6773,0,0,0.30748,0,496.0,dead,2
172.5064,-1.6773,0,0,0.30748,0,496.0,dead,2
172.523,-1.937,0,0,0.3191,0,496.0,dead,2
172.5397,-1.937,0,0,0.3191,0,496.0,dead,2
172.5558,-1.937,0,0,0.3191,0,496.0,dead,2
172.5736,-1.6434,0,0,0.3191,0,496.0,dead,2
172.5899,-1.6434,0,0,0.29219,0,496.0,dead,2
172.6057,-1.6434,0,0,0.29219,0,496.0,dead,2
172.6225,-1.9304,0,0,0.29219,0,496.0,dead,2
172.6396,-1.9304,0,0,0.30669,0,496.0,dead,2
172.6557,-1.9113,0,0,0.30669,0,496.0,dead,2
172.6722,-1.9113,0,0,0.30669,0,496.0,dead,2
172.6886,-1.9113,0,0,0.30669,0,496.0,dead,2
172.7055,-1.7496,0,0,0.32044,0,496.0,dead,2
172.722,-1.7496,0,0,0.32044,0,496.0,dead,2
172.7376,-1.7496,0,0,0.32044,0,496.0,dead,2
172.7536,-1.7168,0,0,0.31009,0,496.0,dead,2
172.7699,-1.7168,0,0,0.31009,0,496.0,dead,2
172.7872,-1.7168,0,0,0.31009,0,496.0,dead,2
172.8039,-1.4371,0,0,0.31009,0,496.0,dead,2
172.8204,-1.4371,0,0,0.32088,0,496.0,dead,2
172.8367,-1.2393,0,0,0.32088,0,496.0,dead,2
172.8526,-1.2393,0,0,0.32088,0,496.0,dead,2
172.8693,-1.2393,0,0,0.32088,0,496.0,dead,2
172.8861,-1.2176,0,0,0.31702,0,496.0,dead,2
172.9018,-1.2176,0,0,0.31702,0,496.0,dead,2
172.9177,-1.2176,0,0,0.31702,0,496.0,dead,2
172.9338,-1.1795,0,0,0.29891,0,496.0,dead,2
172.9501,-1.1795,0,0,0.29891,0,496.0,dead,2
172.9665,-1.1795,0,0,0.29891,0,496.0,dead,2
172.9826,-0.1936,0,0,0.29891,0,496.0,dead,2
172.9993,-0.1936,0,0,0.32734,0,496.0,dead,2
173.0161,0.2933,0,0,0.32734,0,496.0,dead,2
173.0334,0.2933,0,0,0.32734,0,496.0,dead,2
173.0505,0.2933,0,0,0.32734,0,496.0,dead,2
173.067,1.0275,0,0,0.31063,0,496.0,dead,2
173.0832,1.0275,0,0,0.31063,0,496.0,dead,2
173.0995,1.0275,0,0,0.31063,0,496.0,dead,2
173.118,2.3775,0,0,0.31063,0,496.0,dead,2
173.1342,2.3775,0,0,0.31556,0,496.0,dead,2
173.1516,2.5459,0,0,0.31556,0,496.0,dead,2
173.168,2.5459,0,0,0.31556,0,496.0,dead,2
173.1835,2.5459,0,0,0.31556,0,496.0,dead,2
173.1995,2.8907,0,0,0.29231,0,496.0,dead,2
173.2163,2.8907,0,0,0.29231,0,496.0,dead,2
173.2325,2.8907,0,0,0.29231,0,496.0,dead,2
173.2511,4.3174,0,0,0.29231,0,496.0,dead,2
173.2685,4.3174,0,0,0.29231,0,496.0,dead,2
173.2854,4.3174,0,0,0.29303,0,496.0,dead,2
173.302,4.6221,0,0,0.29303,0,496.0,dead,2
173.3184,4.6221,0,0,0.29303,0,496.0,dead,2
173.3355,4.6764,0,0,0.29303,0,496.0,dead,2
173.3526,4.6764,0,0,0.29303,0,496.0,dead,2
173.3708,4.6764,0,0,0.29468,0,496.0,dead,2
173.3907,4.5819,0,0,0.29468,0,496.0,dead,2
173.4066,4.5819,0,0,0.29468,0,496.0,dead,2
173.4227,4.6713,0,0,0.29468,0,496.0,dead,2
173.4395,4.6713,0,0,0.30191,0,496.0,dead,2
173.4616,4.6713,0,0,0.30191,0,496.0,dead,2
173.4784,4.6713,0,0,0.30191,0,496.0,dead,2
173.4955,4.6713,0,0,0.30191,0,496.0,dead,2
173.5126,3.4351,0,0,0.30739,0,496.0,dead,2
173.5301,2.6931,0,0,0.30739,0,496.0,dead,2
173.5461,2.6931,0,0,0.30739,0,496.0,dead,2
173.5625,1.9255,0,0,0.30739,0,496.0,dead,2
173.5785,1.9255,0,0,0.29918,0,496.0,dead,2
173.5956,1.9255,0,0,0.29918,0,496.0,dead,2
173.6115,1.722,0,0,0.29918,0,496.0,dead,2
173.6278,1.722,0,0,0.29918,0,496.0,dead,2
173.6445,1.722,0,0,0.31066,0,496.0,dead,2
173.661,1.722,0,0,0.31066,0,496.0,dead,2
173.6771,1.722,0,0,0.31066,0,496.0,dead,2
173.6932,0.6818,0,0,0.31066,0,496.0,dead,2
173.7099,0.6818,0,0,0.32067,0,496.0,dead,2
173.7262,0.6818,0,0,0.32067,0,496.0,dead,2
173.7418,0.6818,0,0,0.32067,0,496.0,dead,2
173.758,0.6818,0,0,0.32067,0,496.0,dead,2
173.7743,0.6818,0,0,0.31825,0,496.0,dead,2
173.791,-0.3604,0,0,0.31825,0,496.0,dead,2
173.8064,-0.3604,0,0,0.31825,0,496.0,dead,2
173.8226,-0.3604,0,0,0.31825,0,496.0,dead,2
173.8417,-0.3015,0,0,0.30292,0,496.0,dead,2
173.8576,-0.3015,0,0,0.30292,0,496.0,dead,2
173.8741,-0.5551,0,0,0.30292,0,496.0,dead,2
173.89,-0.5551,0,0,0.30292,0,496.0,dead,2
173.9075,-0.5551,0,0,0.30292,0,496.0,dead,2
173.9237,-0.9302,0,0,0.33067,0,496.0,dead,2
173.9405,-0.9302,0,0,0.33067,0,496.0,dead,2
173.9576,-0.9302,0,0,0.33067,0,496.0,dead,2
173.9742,-0.9302,0,0,0.33067,0,496.0,dead,2
173.9946,-0.9302,0,0,0.33067,0,496.0,dead,2
174.0142,-0.8761,0,0,0.31202,0,496.0,dead,2
174.0308,-0.9997,0,0,0.31202,0,496.0,dead,2
174.047,-0.9997,0,0,0.31202,0,496.0,dead,2
174.0629,-0.9997,0,0,0.31202,0,496.0,dead,2
174.0794,-0.9997,0,0,0.33977,0,496.0,dead,2
174.0956,1.8383,0,0,0.33977,0,496.0,dead,2
174.1123,1.8383,0,0,0.33977,0,496.0,dead,2
174.1294,1.8383,0,0,0.33977,0,496.0,dead,2
174.1455,2.8526,0,0,0.30193,0,496.0,dead,2
174.1621,2.8526,0,0,0.30193,0,496.0,dead,2
174.1781,2.8526,0,0,0.30193,0,496.0,dead,2
174.1943,2.5024,0,0,0.30193,0,496.0,dead,2
174.2117,2.5024,0,0,0.31111,0,496.0,dead,2
174.2295,2.5024,0,0,0.31111,0,496.0,dead,2
174.2506,0.5759,0,0,0.31111,0,496.0,dead,2
174.2668,0.5759,0,0,0.31111,0,496.0,dead,2
174.2829,-1.2811,0,0,0.31582,0,496.0,dead,2
174.2986,-1.2811,0,0,0.31582,0,496.0,dead,2
174.3151,-1.2811,0,0,0.31582,0,496.0,dead,2
174.3343,-1.2811,0,0,0.31582,0,496.0,dead,2
174.3534,-1.2811,0,0,0.29977,0,496.0,dead,2
174.3694,-1.2811,0,0,0.29977,0,496.0,dead,2
174.3855,-1.2811,0,0,0.29977,0,496.0,dead,2
174.4022,-1.2811,0,0,0.29977,0,496.0,dead,2
174.4182,-3.7456,0,0,0.29977,0,496.0,dead,2
174.4348,-3.7456,0,0,0.31771,0,496.0,dead,2
174.4506,-3.7456,0,0,0.31771,0,496.0,dead,2
174.4677,-3.4796,0,0,0.31771,0,496.0,dead,2
174.4834,-3.4796,0,0,0.31771,0,496.0,dead,2
174.5007,-2.6886,0,0,0.31771,0,496.0,dead,2
174.5175,-2.6886,0,0,0.31129,0,496.0,dead,2
174.5342,-2.6886,0,0,0.31129,0,496.0,dead,2
174.5509,-2.1149,0,0,0.31129,0,496.0,dead,2
174.5677,-2.1149,0,0,0.31802,0,496.0,dead,2
174.5845,-2.1149,0,0,0.31802,0,496.0,dead,2
174.6006,-1.25,0,0,0.31802,0,496.0,dead,2
174.6169,-1.25,0,0,0.3008,0,496.0,dead,2
174.6327,-1.25,0,0,0.3008,0,496.0,dead,2
174.6485,-1.0362,0,0,0.3008,0,496.0,dead,2
174.6648,-1.0362,0,0,0.3008,0,496.0,dead,2
174.6804,-1.0362,0,0,0.31724,0,496.0,dead,2
174.699,-0.3133,0,0,0.31724,0,496.0,dead,2
174.7157,-0.3133,0,0,0.31724,0,496.0,dead,2
174.7324,0.067,0,0,0.31724,0,496.0,dead,2
174.7552,0.0581,0,0,0.33635,0,496.0,dead,2
174.7719,0.3779,0,0,0.33635,0,496.0,dead,2
174.7884,0.3779,0,0,0.33635,0,496.0,dead,2
174.805,0.3779,0,0,0.33635,0,496.0,dead,2
174.8208,0.7006,0,0,0.3033,0,496.0,dead,2
174.8363,0.7006,0,0,0.3033,0,496.0,dead,2
174.8529,0.7006,0,0,0.3033,0,496.0,dead,2
174.8685,1.5549,0,0,0.3033,0,496.0,dead,2
174.8874,1.5549,0,0,0.3337,0,496.0,dead,2
174.9034,1.5549,0,0,0.3337,0,496.0,dead,2
174.9193,1.906,0,0,0.3337,0,496.0,dead,2
174.9365,1.906,0,0,0.3337,0,496.0,dead,2
174.9531,1.8851,0,0,0.34024,0,496.0,dead,2
174.9693,1.8851,0,0,0.34024,0,496.0,dead,2
174.986,1.8851,0,0,0.34024,0,496.0,dead,2
175.002,1.7954,0,0,0.34024,0,496.0,dead,2
175.0181,1.7954,0,0,0.30811,0,496.0,dead,2
175.0342,1.7954,0,0,0.30811,0,496.0,dead,2
175.0508,1.4262,0,0,0.30811,0,496.0,dead,2
175.0676,1.4262,0,0,0.30811,0,496.0,dead,2
175.0996,1.6887,0,0,0.31526,0,496.0,dead,2
175.1162,1.6887,0,0,0.31526,0,496.0,dead,2
175.1328,1.6887,0,0,0.32135,0,496.0,dead,2
175.1495,1.6147,0,0,0.32135,0,496.0,dead,2
175.1662,1.6147,0,0,0.32135,0,496.0,dead,2
175.1824,1.2312,0,0,0.32135,0,496.0,dead,2
175.1987,1.2312,0,0,0.32135,0,496.0,dead,2
175.2154,1.2312,0,0,0.33627,0,496.0,dead,2
175.2324,0.673,0,0,0.33627,0,496.0,dead,2
175.249,0.673,0,0,0.33627,0,496.0,dead,2
175.2649,0.673,0,0,0.33627,0,496.0,dead,2
175.283,0.673,0,0,0.32196,0,496.0,dead,2
175.2989,0.673,0,0,0.32196,0,496.0,dead,2
175.3155,-0.6272,0,0,0.32196,0,496.0,dead,2
175.332,-0.6272,0,0,0.32196,0,496.0,dead,2
175.3488,-0.6272,0,0,0.32196,0,496.0,dead,2
175.3688,-0.9077,0,0,0.34119,0,496.0,dead,2
175.3877,-0.9077,0,0,0.34119,0,496.0,dead,2
175.4069,-0.4536,0,0,0.34119,0,496.0,dead,2
175.425,-0.4536,0,0,0.34119,0,496.0,dead,2
175.4546,-1.5603,0,0,0.35537,0,496.0,dead,2
175.4729,-1.5603,0,0,0.35537,0,496.0,dead,2
175.4894,-1.5603,0,0,0.35537,0,496.0,dead,2
175.5061,-1.3251,0,0,0.35537,0,496.0,dead,2
175.5218,-1.3251,0,0,0.35537,0,496.0,dead,2
175.5419,-1.5166,0,0,0.33121,0,496.0,dead,2
175.5583,-1.5166,0,0,0.33121,0,496.0,dead,2
175.5755,-1.5166,0,0,0.33121,0,496.0,dead,2
175.5951,-1.7188,0,0,0.33121,0,496.0,dead,2
175.6127,-1.7188,0,0,0.33121,0,496.0,dead,2
175.6318,-2.5449,0,0,0.31784,0,496.0,dead,2
175.6475,-2.5449,0,0,0.31784,0,496.0,dead,2
175.6646,-2.5449,0,0,0.31784,0,496.0,dead,2
175.6816,-2.142,0,0,0.31784,0,496.0,dead,2
175.6987,-2.142,0,0,0.31784,0,496.0,dead,2
175.7224,-1.575,0,0,0.32491,0,496.0,dead,2
175.739,-1.575,0,0,0.32491,0,496.0,dead,2
175.7549,-1.575,0,0,0.32491,0,496.0,dead,2
175.7714,-1.1158,0,0,0.32491,0,496.0,dead,2
175.7886,-1.1158,0,0,0.32491,0,496.0,dead,2
175.8054,-1.1158,0,0,0.31784,0,496.0,dead,2
175.8219,-1.0194,0,0,0.31784,0,496.0,dead,2
175.8387,-1.0194,0,0,0.31784,0,496.0,dead,2
175.8554,-0.31,0,0,0.31784,0,496.0,dead,2
175.8722,-0.31,0,0,0.31784,0,496.0,dead,2
175.8889,-0.31,0,0,0.33122,0,496.0,dead,2
175.9046,-0.2707,0,0,0.33122,0,496.0,dead,2
175.9207,-0.2707,0,0,0.33122,0,496.0,dead,2
175.9371,-0.2707,0,0,0.33122,0,496.0,dead,2
175.9532,-0.1816,0,0,0.33122,0,496.0,dead,2
175.9699,-0.1816,0,0,0.34769,0,496.0,dead,2
175.9865,0.1047,0,0,0.34769,0,496.0,dead,2
176.0049,0.1047,0,0,0.34769,0,496.0,dead,2
176.0206,0.1047,0,0,0.34769,0,496.0,dead,2
176.0369,1.0521,0,0,0.34769,0,496.0,dead,2
176.0541,1.0521,0,0,0.36499,0,496.0,dead,2
176.0695,1.0521,0,0,0.36499,0,496.0,dead,2
176.0857,0.6692,0,0,0.36499,0,496.0,dead,2
176.1018,0.6692,0,0,0.36499,0,496.0,dead,2
176.1189,0.6692,0,0,0.36499,0,496.0,dead,2
176.1355,1.2187,0,0,0.31023,0,496.0,dead,2
176.152,1.2187,0,0,0.31023,0,496.0,dead,2
176.1681,1.2187,0,0,0.31023,0,496.0,dead,2
176.1838,1.2187,0,0,0.31023,0,496.0,dead,2
176.2004,1.2187,0,0,0.31023,0,496.0,dead,2
176.2164,1.3004,0,0,0.31023,0,496.0,dead,2
176.2333,1.417,0,0,0.32673,0,496.0,dead,2
176.2486,1.417,0,0,0.32673,0,496.0,dead,2
176.2649,1.332,0,0,0.32673,0,496.0,dead,2
176.2844,1.332,0,0,0.32673,0,496.0,dead,2
176.3046,0.9405,0,0,0.33422,0,496.0,dead,2
176.3208,0.9405,0,0,0.33422,0,496.0,dead,2
176.3404,0.9405,0,0,0.33422,0,496.0,dead,2
176.3585,-0.028,0,0,0.33422,0,496.0,dead,2
176.3758,-0.028,0,0,0.33422,0,496.0,dead,2
176.3958,-0.2061,0,0,0.35381,0,496.0,dead,2
176.4126,-0.2061,0,0,0.35381,0,496.0,dead,2
176.4287,-0.2061,0,0,0.35381,0,496.0,dead,2
176.4455,-0.9981,0,0,0.35381,0,496.0,dead,2
176.4626,-0.9981,0,0,0.35381,0,496.0,dead,2
176.4842,-1.2511,0,0,0.37831,0,496.0,dead,2
176.5015,-0.7211,0,0,0.37831,0,496.0,dead,2
176.5179,-0.7211,0,0,0.37831,0,496.0,dead,2
176.5345,-1.2879,0,0,0.37831,0,496.0,dead,2
176.5506,-1.2879,0,0,0.37831,0,496.0,dead,2
176.5674,-1.2879,0,0,0.33608,0,496.0,dead,2
176.5833,-0.922,0,0,0.33608,0,496.0,dead,2
176.6,-0.922,0,0,0.33608,0,496.0,dead,2
176.616,-0.505,0,0,0.33608,0,496.0,dead,2
176.6364,-0.505,0,0,0.34769,0,496.0,dead,2
176.6545,-0.505,0,0,0.34769,0,496.0,dead,2
176.6768,0.0145,0,0,0.34769,0,496.0,dead,2
176.6926,0.0145,0,0,0.34769,0,496.0,dead,2
176.7102,0.0085,0,0,0.34769,0,496.0,dead,2
176.7279,0.0085,0,0,0.35046,0,496.0,dead,2
176.7435,0.0085,0,0,0.35046,0,496.0,dead,2
176.7624,-0.0691,0,0,0.35046,0,496.0,dead,2
176.7819,-0.0691,0,0,0.35046,0,496.0,dead,2
176.799,-0.0691,0,0,0.34086,0,496.0,dead,2
176.8152,-0.0691,0,0,0.34086,0,496.0,dead,2
176.8314,-0.0691,0,0,0.34086,0,496.0,dead,2
176.8485,0.2627,0,0,0.34086,0,496.0,dead,2
176.8651,0.2627,0,0,0.37872,0,496.0,dead,2
176.8809,0.2627,0,0,0.37872,0,496.0,dead,2
176.8975,0.4563,0,0,0.37872,0,496.0,dead,2
176.9141,0.4563,0,0,0.37872,0,496.0,dead,2
176.9308,0.2043,0,0,0.32902,0,496.0,dead,2
176.9487,0.2043,0,0,0.32902,0,496.0,dead,2
176.9648,0.2043,0,0,0.32902,0,496.0,dead,2
176.9815,0.1359,0,0,0.32902,0,496.0,dead,2
176.9985,0.1359,0,0,0.33875,0,496.0,dead,2
177.0149,0.1359,0,0,0.33875,0,496.0,dead,2
177.0315,0.4612,0,0,0.33875,0,496.0,dead,2
177.0477,0.4612,0,0,0.33875,0,496.0,dead,2
177.0639,0.4612,0,0,0.33875,0,496.0,dead,2
177.085,0.4831,0,0,0.32696,0,496.0,dead,2
177.1011,0.4831,0,0,0.32696,0,496.0,dead,2
177.1171,0.4831,0,0,0.32696,0,496.0,dead,2
177.1338,0.4831,0,0,0.32696,0,496.0,dead,2
177.1527,0.4831,0,0,0.35572,0,496.0,dead,2
177.1751,0.0859,0,0,0.35572,0,496.0,dead,2
177.1911,0.0859,0,0,0.35572,0,496.0,dead,2
177.2075,-0.1101,0,0,0.35572,0,496.0,dead,2
177.2236,-0.1101,0,0,0.35572,0,496.0,dead,2
177.2404,-0.1101,0,0,0.39193,0,496.0,dead,2
177.2726,-0.3164,0,0,0.39193,0,496.0,dead,2
177.3027,-0.0924,0,0,0.39193,0,496.0,dead,2
177.3307,-0.0924,0,0,0.35664,0,496.0,dead,2
177.3506,-0.0924,0,0,0.35664,0,496.0,dead,2
177.3715,-0.0924,0,0,0.35664,0,496.0,dead,2
177.3927,-1.1668,0,0,0.35664,0,496.0,dead,2
177.4135,-1.1668,0,0,0.38405,0,496.0,dead,2
177.4324,-0.7975,0,0,0.38405,0,496.0,dead,2
177.4485,-0.7975,0,0,0.38405,0,496.0,dead,2
177.4654,-0.7975,0,0,0.38405,0,496.0,dead,2
177.4869,-0.4529,0,0,0.38405,0,496.0,dead,2
177.5073,-0.4529,0,0,0.35814,0,496.0,dead,2
177.5255,-0.9434,0,0,0.35814,0,496.0,dead,2
177.5414,-0.9434,0,0,0.35814,0,496.0,dead,2
177.5726,-0.4348,0,0,0.35814,0,496.0,dead,2
177.5907,-0.4348,0,0,0.35814,0,496.0,dead,2
177.6108,0.0092,0,0,0.3645,0,496.0,dead,2
177.6273,0.0092,0,0,0.3645,0,496.0,dead,2
177.6508,0.0092,0,0,0.3645,0,496.0,dead,2
177.6691,0.0187,0,0,0.3645,0,496.0,dead,2
177.6887,0.0187,0,0,0.35503,0,496.0,dead,2
177.7059,-0.0027,0,0,0.35503,0,496.0,dead,2
177.7225,-0.0027,0,0,0.35503,0,496.0,dead,2
177.7385,-0.0027,0,0,0.35503,0,496.0,dead,2
177.7577,-0.5334,0,0,0.35503,0,496.0,dead,2
177.7773,-0.5334,0,0,0.36259,0,496.0,dead,2
177.7945,-0.9341,0,0,0.36259,0,496.0,dead,2
177.8111,-0.9341,0,0,0.36259,0,496.0,dead,2
177.8542,-0.9341,0,0,0.36259,0,496.0,dead,2
177.8815,-0.6836,0,0,0.34858,0,496.0,dead,2
177.8971,0.152,0,0,0.34858,0,496.0,dead,2
177.9149,0.152,0,0,0.34858,0,496.0,dead,2
177.9322,-0.0616,0,0,0.34858,0,496.0,dead,2
177.9495,-0.0616,0,0,0.34858,0,496.0,dead,2
177.9647,-0.0616,0,0,0.33202,0,496.0,dead,2
177.9813,-0.0616,0,0,0.33202,0,496.0,dead,2
177.9977,-0.0616,0,0,0.33202,0,496.0,dead,2
178.0145,2.5608,0,0,0.33202,0,496.0,dead,2
178.0345,2.5608,0,0,0.26933,0,496.0,dead,2
178.0508,2.5608,0,0,0.26933,0,496.0,dead,2
178.0666,1.5974,0,0,0.26933,0,496.0,dead,2
178.0842,1.5974,0,0,0.26933,0,496.0,dead,2
178.1004,1.0594,0,0,0.26933,0,496.0,dead,2
178.1178,1.0594,0,0,0.29279,0,496.0,dead,2
178.1351,1.0594,0,0,0.29279,0,496.0,dead,2
178.1511,0.2844,0,0,0.29279,0,496.0,dead,2
178.1674,0.2844,0,0,0.29279,0,496.0,dead,2
178.184,0.2844,0,0,0.29279,0,496.0,dead,2
178.2079,0.2844,0,0,0.27958,0,496.0,dead,2
178.229,-0.2362,0,0,0.27958,0,496.0,dead,2
178.2688,-2.4669,0,0,0.27958,0,496.0,dead,2
178.2864,-2.3632,0,0,0.27958,0,496.0,dead,2
178.3038,-2.3632,0,0,0.27958,0,496.0,dead,2
178.334,-1.6389,0,0,0.30876,0,496.0,dead,2
178.3528,-1.6389,0,0,0.30876,0,496.0,dead,2
178.3755,-1.5915,0,0,0.30876,0,496.0,dead,2
178.397,-1.9367,0,0,0.30876,0,496.0,dead,2
178.4307,-1.6002,0,0,0.28159,0,496.0,dead,2
178.4475,-1.6002,0,0,0.28159,0,496.0,dead,2
178.4644,-1.6671,0,0,0.28159,0,496.0,dead,2
178.4811,-1.6671,0,0,0.28159,0,496.0,dead,2
178.5003,-1.6671,0,0,0.30278,0,496.0,dead,2
178.5188,0.8133,0,0,0.30278,0,496.0,dead,2
178.5355,0.8133,0,0,0.30278,0,496.0,dead,2
178.5525,0.6983,0,0,0.30278,0,496.0,dead,2
178.5694,0.6983,0,0,0.30278,0,496.0,dead,2
178.5863,0.6983,0,0,0.27677,0,496.0,dead,2
178.6024,2.9065,0,0,0.27677,0,496.0,dead,2
178.6187,2.9065,0,0,0.27677,0,496.0,dead,2
178.6348,2.9065,0,0,0.27677,0,496.0,dead,2
178.6506,2.5125,0,0,0.27677,0,496.0,dead,2
178.6694,2.5125,0,0,0.30177,0,496.0,dead,2
178.6873,1.9195,0,0,0.30177,0,496.0,dead,2
178.7034,1.2892,0,0,0.30177,0,496.0,dead,2
178.7195,1.2892,0,0,0.30177,0,496.0,dead,2
178.7356,1.2892,0,0,0.30177,0,496.0,dead,2
178.7522,1.2892,0,0,0.3,0,496.0,dead,2
178.7683,1.2892,0,0,0.3,0,496.0,dead,2
178.7852,0.4471,0,0,0.3,0,496.0,dead,2
178.8008,0.4471,0,0,0.3,0,496.0,dead,2
178.8167,0.4471,0,0,0.30464,0,496.0,dead,2
178.8333,-0.6294,0,0,0.30464,0,496.0,dead,2
178.8497,-0.6294,0,0,0.30464,0,496.0,dead,2
178.866,-0.3642,0,0,0.30464,0,496.0,dead,2
178.8821,-0.3642,0,0,0.30464,0,496.0,dead,2
178.8987,-0.3642,0,0,0.31175,0,496.0,dead,2
178.9153,0.1717,0,0,0.31175,0,496.0,dead,2
178.9315,0.1717,0,0,0.31175,0,496.0,dead,2
178.9487,0.1717,0,0,0.31175,0,496.0,dead,2
178.9661,0.2257,0,0,0.30152,0,496.0,dead,2
178.9819,0.2257,0,0,0.30152,0,496.0,dead,2
178.9978,0.2257,0,0,0.30152,0,496.0,dead,2
179.0135,0.2257,0,0,0.30152,0,496.0,dead,2
179.0294,0.2257,0,0,0.30745,0,496.0,dead,2
179.046,0.2791,0,0,0.30745,0,496.0,dead,2
179.0636,0.1581,0,0,0.30745,0,496.0,dead,2
179.0805,0.1581,0,0,0.30745,0,496.0,dead,2
179.0975,-0.1496,0,0,0.26795,0,496.0,dead,2
179.1137,-0.1496,0,0,0.26795,0,496.0,dead,2
179.1304,-0.1496,0,0,0.26795,0,496.0,dead,2
179.147,-0.5284,0,0,0.26795,0,496.0,dead,2
179.1631,-0.5284,0,0,0.26795,0,496.0,dead,2
179.1818,-0.1427,0,0,0.32334,0,496.0,dead,2
179.1975,-0.1427,0,0,0.32334,0,496.0,dead,2
179.2147,-0.1427,0,0,0.32334,0,496.0,dead,2
179.2309,0.9352,0,0,0.32334,0,496.0,dead,2
179.2478,0.9352,0,0,0.29881,0,496.0,dead,2
179.2651,0.9352,0,0,0.29881,0,496.0,dead,2
179.2805,0.0425,0,0,0.29881,0,496.0,dead,2
179.2972,0.0425,0,0,0.29881,0,496.0,dead,2
179.3163,-0.2676,0,0,0.30579,0,496.0,dead,2
179.3335,-0.2676,0,0,0.30579,0,496.0,dead,2
179.35,-0.2676,0,0,0.30579,0,496.0,dead,2
179.3671,-0.2676,0,0,0.30579,0,496.0,dead,2
179.3836,-0.8093,0,0,0.30579,0,496.0,dead,2
179.4022,-0.8093,0,0,0.2973,0,496.0,dead,2
179.4207,-1.1995,0,0,0.2973,0,496.0,dead,2
179.4369,-1.1995,0,0,0.2973,0,496.0,dead,2
179.4568,-3.1673,0,0,0.2973,0,496.0,dead,2
179.4725,-3.1673,0,0,0.2973,0,496.0,dead,2
179.4906,-3.1673,0,0,0.2973,0,496.0,dead,2
179.5101,-3.7226,0,0,0.27993,0,496.0,dead,2
179.5263,-3.7226,0,0,0.27993,0,496.0,dead,2
179.5424,-3.5573,0,0,0.27993,0,496.0,dead,2
179.5595,-3.5573,0,0,0.27993,0,496.0,dead,2
179.5767,-3.5573,0,0,0.31344,0,496.0,dead,2
179.5945,-2.7306,0,0,0.31344,0,496.0,dead,2
179.6111,-2.7306,0,0,0.31344,0,496.0,dead,2
179.6277,-2.7306,0,0,0.31344,0,496.0,dead,2
179.6444,-2.4387,0,0,0.2913,0,496.0,dead,2
179.6605,-2.4387,0,0,0.2913,0,496.0,dead,2
179.6771,-2.4387,0,0,0.2913,0,496.0,dead,2
179.6931,-2.4387,0,0,0.2913,0,496.0,dead,2
179.7103,-2.4387,0,0,0.2913,0,496.0,dead,2
179.7278,-0.4037,0,0,0.26947,0,496.0,dead,2
179.7445,-0.4037,0,0,0.26947,0,496.0,dead,2
179.7605,-0.4037,0,0,0.26947,0,496.0,dead,2
179.7776,0.3253,0,0,0.26947,0,496.0,dead,2
179.795,0.3253,0,0,0.30289,0,496.0,dead,2
179.8107,0.6184,0,0,0.30289,0,496.0,dead,2
179.8273,0.6184,0,0,0.30289,0,496.0,dead,2
179.844,0.6184,0,0,0.30706,0,496.0,dead,2
179.8604,0.4797,0,0,0.30706,0,496.0,dead,2
179.877,0.4797,0,0,0.30706,0,496.0,dead,2
179.8931,0.4797,0,0,0.30706,0,496.0,dead,2
179.9089,0.35,0,0,0.2812,0,496.0,dead,2
179.9245,0.35,0,0,0.2812,0,496.0,dead,2
179.9458,0.35,0,0,0.2812,0,496.0,dead,2
179.9635,0.35,0,0,0.2812,0,496.0,dead,2
179.9805,0.35,0,0,0.2812,0,496.0,dead,2
180.0033,-0.0164,0,0,0.3152,0,496.0,dead,2
180.0198,-0.0164,0,0,0.3152,0,496.0,dead,2
180.0364,-0.56,0,0,0.3152,0,496.0,dead,2
180.0527,-0.56,0,0,0.3152,0,496.0,dead,2
180.0689,-0.56,0,0,0.26755,0,496.0,dead,2
180.0871,-1.2275,0,0,0.26755,0,496.0,dead,2
180.1028,-1.2275,0,0,0.26755,0,496.0,dead,2
180.1188,-1.2275,0,0,0.26755,0,496.0,dead,2
180.1345,-1.2275,0,0,0.26755,0,496.0,dead,2
180.1516,-1.2275,0,0,0.31716,0,496.0,dead,2
180.1692,-1.2275,0,0,0.31716,0,496.0,dead,2
180.1887,-1.2145,0,0,0.31716,0,496.0,dead,2
180.2053,-1.2145,0,0,0.31716,0,496.0,dead,2
180.2215,-0.7789,0,0,0.28811,0,496.0,dead,2
180.2374,-0.7789,0,0,0.28811,0,496.0,dead,2
180.2564,-0.7789,0,0,0.28811,0,496.0,dead,2
180.273,-0.4554,0,0,0.28811,0,496.0,dead,2
180.2892,-0.4554,0,0,0.28811,0,496.0,dead,2
180.3044,-0.2278,0,0,0.28208,0,496.0,dead,2
180.3211,-0.2278,0,0,0.28208,0,496.0,dead,2
180.337,-0.2278,0,0,0.28208,0,496.0,dead,2
180.3531,-0.2527,0,0,0.28208,0,496.0,dead,2
180.376,-0.2527,0,0,0.28962,0,496.0,dead,2
180.396,-0.1294,0,0,0.28962,0,496.0,dead,2
180.4124,-0.1294,0,0,0.28962,0,496.0,dead,2
180.4295,-0.1294,0,0,0.28962,0,496.0,dead,2
180.4461,0.0752,0,0,0.25065,0,496.0,dead,2
180.4669,0.0752,0,0,0.25065,0,496.0,dead,2
180.4836,0.0752,0,0,0.25065,0,496.0,dead,2
180.5004,0.5928,0,0,0.25065,0,496.0,dead,2
180.52,0.5928,0,0,0.25065,0,496.0,dead,2
180.5364,1.2371,0,0,0.26477,0,496.0,dead,2
180.5536,1.2371,0,0,0.26477,0,496.0,dead,2
180.57,1.2371,0,0,0.26477,0,496.0,dead,2
180.5863,1.0511,0,0,0.35994,0,496.0,dead,2
180.6031,1.0511,0,0,0.35994,0,496.0,dead,2
180.6194,1.0511,0,0,0.35994,0,496.0,dead,2
180.6358,0.8236,0,0,0.35994,0,496.0,dead,2
180.6521,0.8236,0,0,0.27245,0,496.0,dead,2
180.6722,0.6092,0,0,0.27245,0,496.0,dead,2
180.6882,0.6092,0,0,0.27245,0,496.0,dead,2
180.7035,0.6092,0,0,0.27245,0,496.0,dead,2
180.7202,1.0942,0,0,0.30085,0,496.0,dead,2
180.737,1.0942,0,0,0.30085,0,496.0,dead,2
180.7526,1.0942,0,0,0.30085,0,496.0,dead,2
180.7727,1.4057,0,0,0.30085,0,496.0,dead,2
180.7905,1.4057,0,0,0.30085,0,496.0,dead,2
180.8117,1.5176,0,0,0.31303,0,496.0,dead,2
180.8275,1.5176,0,0,0.31303,0,496.0,dead,2
180.8441,1.5176,0,0,0.31303,0,496.0,dead,2
180.8604,1.5176,0,0,0.31303,0,496.0,dead,2
180.8773,1.5176,0,0,0.35551,0,496.0,dead,2
180.8936,1.6306,0,0,0.35551,0,496.0,dead,2
180.9097,1.6306,0,0,0.35551,0,496.0,dead,2
180.9263,1.6306,0,0,0.30164,0,496.0,dead,2
180.9432,1.36,0,0,0.30164,0,496.0,dead,2
180.9602,1.36,0,0,0.30164,0,496.0,dead,2
180.9827,1.36,0,0,0.30164,0,496.0,dead,2
181.0059,1.1889,0,0,0.30164,0,496.0,dead,2
181.0233,1.1889,0,0,0.30164,0,496.0,dead,2
181.0415,1.0776,0,0,0.28849,0,496.0,dead,2
181.0586,1.0776,0,0,0.28849,0,496.0,dead,2
181.0747,1.0776,0,0,0.28849,0,496.0,dead,2
181.0912,1.0776,0,0,0.28849,0,496.0,dead,2
181.1072,1.0776,0,0,0.3122,0,496.0,dead,2
181.1243,0.6614,0,0,0.3122,0,496.0,dead,2
181.1405,0.6614,0,0,0.3122,0,496.0,dead,2
181.1574,0.6614,0,0,0.2831,0,496.0,dead,2
181.174,0.6614,0,0,0.2831,0,496.0,dead,2
181.1897,0.6614,0,0,0.2831,0,496.0,dead,2
181.2064,0.3778,0,0,0.25687,0,496.0,dead,2
181.2235,0.3778,0,0,0.25687,0,496.0,dead,2
181.24,0.3778,0,0,0.25687,0,496.0,dead,2
181.2561,-0.2171,0,0,0.25687,0,496.0,dead,2
181.2723,-0.2171,0,0,0.27404,0,496.0,dead,2
181.2894,-0.2171,0,0,0.27404,0,496.0,dead,2
181.3059,0.2076,0,0,0.27404,0,496.0,dead,2
181.3218,0.2076,0,0,0.26664,0,496.0,dead,2
181.3374,0.2076,0,0,0.26664,0,496.0,dead,2
181.354,0.1917,0,0,0.26664,0,496.0,dead,2
181.3696,0.1917,0,0,0.26664,0,496.0,dead,2
181.3866,-1.1411,0,0,0.30374,0,496.0,dead,2
181.4028,-1.1411,0,0,0.30374,0,496.0,dead,2
181.4191,-1.1411,0,0,0.30374,0,496.0,dead,2
181.4357,-0.7749,0,0,0.30374,0,496.0,dead,2
181.4518,-0.7749,0,0,0.31635,0,496.0,dead,2
181.4679,-0.7749,0,0,0.31635,0,496.0,dead,2
181.4845,0.1993,0,0,0.31635,0,496.0,dead,2
181.5008,0.1993,0,0,0.30801,0,496.0,dead,2
181.5169,0.1993,0,0,0.30801,0,496.0,dead,2
181.5329,0.4729,0,0,0.30801,0,496.0,dead,2
181.5491,0.4729,0,0,0.33882,0,496.0,dead,2
181.5646,0.5385,0,0,0.33882,0,496.0,dead,2
181.5807,0.5461,0,0,0.33882,0,496.0,dead,2
181.5969,0.5461,0,0,0.29085,0,496.0,dead,2
181.6135,0.0309,0,0,0.29085,0,496.0,dead,2
181.6298,0.0309,0,0,0.29085,0,496.0,dead,2
181.6458,0.0309,0,0,0.29085,0,496.0,dead,2
181.6626,0.1488,0,0,0.2799,0,496.0,dead,2
181.6796,0.1488,0,0,0.2799,0,496.0,dead,2
181.6963,0.1488,0,0,0.2799,0,496.0,dead,2
181.7124,-0.0663,0,0,0.33306,0,496.0,dead,2
181.7294,-0.0663,0,0,0.33306,0,496.0,dead,2
181.7463,0.1043,0,0,0.33306,0,496.0,dead,2
181.763,0.1043,0,0,0.33306,0,496.0,dead,2
181.7798,0.1043,0,0,0.28226,0,496.0,dead,2
181.7959,-0.0412,0,0,0.28226,0,496.0,dead,2
181.812,-0.0412,0,0,0.28226,0,496.0,dead,2
181.8279,-0.0412,0,0,0.2969,0,496.0,dead,2
181.8445,-0.0412,0,0,0.2969,0,496.0,dead,2
181.8615,-0.0412,0,0,0.2969,0,496.0,dead,2
181.8777,-0.0412,0,0,0.28615,0,496.0,dead,2
181.8941,-0.1324,0,0,0.28615,0,496.0,dead,2
181.9107,-0.1324,0,0,0.28615,0,496.0,dead,2
181.9266,0.5303,0,0,0.28615,0,496.0,dead,2
181.9436,0.5303,0,0,0.3346,0,496.0,dead,2
181.9605,0.5303,0,0,0.3346,0,496.0,dead,2
181.9773,0.7581,0,0,0.3346,0,496.0,dead,2
181.994,0.7581,0,0,0.3346,0,496.0,dead,2
182.0106,0.7581,0,0,0.36205,0,496.0,dead,2
182.0268,0.5037,0,0,0.36205,0,496.0,dead,2
182.043,0.5037,0,0,0.36205,0,496.0,dead,2
182.0593,0.5037,0,0,0.27116,0,496.0,dead,2
182.0761,-0.3362,0,0,0.27116,0,496.0,dead,2
182.0915,-0.3362,0,0,0.27116,0,496.0,dead,2
182.1081,-0.3362,0,0,0.27116,0,496.0,dead,2
182.1265,-0.3362,0,0,0.27116,0,496.0,dead,2
182.1429,-0.3362,0,0,0.27116,0,496.0,dead,2
182.1591,-0.3173,0,0,0.27116,0,496.0,dead,2
182.1752,-0.3173,0,0,0.33753,0,496.0,dead,2
182.1921,-0.3173,0,0,0.33753,0,496.0,dead,2
182.2082,-0.1074,0,0,0.33753,0,496.0,dead,2
182.225,-0.1074,0,0,0.33753,0,496.0,dead,2
182.2411,0.5436,0,0,0.32993,0,496.0,dead,2
182.2567,0.4222,0,0,0.32993,0,496.0,dead,2
182.2734,0.4222,0,0,0.32993,0,496.0,dead,2
182.2901,0.4222,0,0,0.32993,0,496.0,dead,2
182.3069,0.4222,0,0,0.30251,0,496.0,dead,2
182.3227,0.4222,0,0,0.30251,0,496.0,dead,2
182.3389,0.331,0,0,0.30251,0,496.0,dead,2
182.3545,0.331,0,0,0.31321,0,496.0,dead,2
182.3708,0.331,0,0,0.31321,0,496.0,dead,2
182.3901,0.5971,0,0,0.31321,0,496.0,dead,2
182.4062,0.5971,0,0,0.31321,0,496.0,dead,2
182.4219,0.8461,0,0,0.29097,0,496.0,dead,2
182.4379,0.8461,0,0,0.29097,0,496.0,dead,2
182.4542,0.8461,0,0,0.29097,0,496.0,dead,2
182.4715,0.979,0,0,0.29097,0,496.0,dead,2
182.4878,0.979,0,0,0.31191,0,496.0,dead,2
182.5044,0.979,0,0,0.31191,0,496.0,dead,2
182.5209,1.3605,0,0,0.31191,0,496.0,dead,2
182.5371,1.3605,0,0,0.31111,0,496.0,dead,2
182.5539,1.3605,0,0,0.31111,0,496.0,dead,2
182.5701,0.6963,0,0,0.31111,0,496.0,dead,2
182.586,0.6963,0,0,0.31111,0,496.0,dead,2
182.6031,-0.3656,0,0,0.31111,0,496.0,dead,2
182.6199,-0.3656,0,0,0.26926,0,496.0,dead,2
182.6361,-0.3656,0,0,0.26926,0,496.0,dead,2
182.6532,-0.5335,0,0,0.26926,0,496.0,dead,2
182.6693,-0.5335,0,0,0.26975,0,496.0,dead,2
182.6861,-0.5335,0,0,0.26975,0,496.0,dead,2
182.7024,-0.4833,0,0,0.26975,0,496.0,dead,2
182.7184,-0.4833,0,0,0.2881,0,496.0,dead,2
182.7357,-0.8775,0,0,0.2881,0,496.0,dead,2
182.7523,-0.8775,0,0,0.2881,0,496.0,dead,2
182.7688,-0.8775,0,0,0.2881,0,496.0,dead,2
182.7852,-0.9999,0,0,0.2371,0,496.0,dead,2
182.8023,-0.9999,0,0,0.2371,0,496.0,dead,2
182.8189,-0.9999,0,0,0.2371,0,496.0,dead,2
182.8349,-0.3649,0,0,0.2371,0,496.0,dead,2
182.8505,-0.3649,0,0,0.26559,0,496.0,dead,2
182.8673,-0.3649,0,0,0.26559,0,496.0,dead,2
182.8836,-0.778,0,0,0.26559,0,496.0,dead,2
182.8997,-0.778,0,0,0.26559,0,496.0,dead,2
182.916,-0.7094,0,0,0.28808,0,496.0,dead,2
182.9337,-0.7094,0,0,0.28808,0,496.0,dead,2
182.9505,-0.7094,0,0,0.28808,0,496.0,dead,2
182.9674,-0.4549,0,0,0.28808,0,496.0,dead,2
182.9886,-0.4549,0,0,0.30095,0,496.0,dead,2
183.0077,-0.5781,0,0,0.30095,0,496.0,dead,2
183.0243,-0.0506,0,0,0.30095,0,496.0,dead,2
183.0407,-0.0506,0,0,0.30095,0,496.0,dead,2
183.0564,-0.1788,0,0,0.30095,0,496.0,dead,2
183.0736,-0.1788,0,0,0.27479,0,496.0,dead,2
183.0899,-0.1788,0,0,0.27479,0,496.0,dead,2
183.1057,0.2186,0,0,0.27479,0,496.0,dead,2
183.1247,0.2186,0,0,0.27479,0,496.0,dead,2
183.1445,-0.3819,0,0,0.21744,0,496.0,dead,2
183.1606,-0.3819,0,0,0.21744,0,496.0,dead,2
183.1799,-0.3819,0,0,0.21744,0,496.0,dead,2
183.1994,0.2735,0,0,0.21744,0,496.0,dead,2
183.216,0.2735,0,0,0.21744,0,496.0,dead,2
183.2315,0.1349,0,0,0.22767,1,496.0,dead,2
183.2476,-0.0647,0,0,0.22767,0,496.0,dead,2
183.2638,-0.0647,0,0,0.22767,0,496.0,dead,2
183.2805,-0.0647,0,0,0.24747,0,496.0,dead,2
183.2972,-0.0647,0,0,0.24747,0,496.0,dead,2
183.3132,-0.0647,0,0,0.24747,0,496.0,dead,2
183.3294,0.7524,0,0,0.27243,0,496.0,dead,2
183.3466,0.7524,0,0,0.27243,0,496.0,dead,2
183.3634,0.7524,0,0,0.27243,0,496.0,dead,2
183.3795,0.7524,0,0,0.27243,0,496.0,dead,2
183.3958,0.7524,0,0,0.23988,0,496.0,dead,2
183.4118,0.3363,0,0,0.23988,0,496.0,dead,2
183.4284,0.077,0,0,0.23988,0,496.0,dead,2
183.4444,0.077,0,0,0.23988,0,496.0,dead,2
183.4624,-1.0606,0,0,0.22956,0,496.0,dead,2
183.4788,-1.0606,0,0,0.22956,0,496.0,dead,2
183.4947,-1.0606,0,0,0.22956,0,496.0,dead,2
183.5114,-1.0606,0,0,0.22956,0,496.0,dead,2
183.5283,-1.0606,0,0,0.2831,0,496.0,dead,2
183.545,-1.2552,0,0,0.2831,0,496.0,dead,2
183.5623,-0.8058,0,0,0.2831,0,496.0,dead,2
183.5785,-0.8058,0,0,0.2831,0,496.0,dead,2
183.5946,-0.5624,0,0,0.31955,0,496.0,dead,2
183.6113,-0.5624,0,0,0.31955,0,496.0,dead,2
183.6281,-0.5624,0,0,0.31955,0,496.0,dead,2
183.6443,-0.2477,0,0,0.31955,0,496.0,dead,2
183.661,-0.2477,0,0,0.30199,0,496.0,dead,2
183.6769,-0.2477,0,0,0.30199,0,496.0,dead,2
183.6929,-0.5144,0,0,0.30199,0,496.0,dead,2
183.7092,-0.5144,0,0,0.30199,0,496.0,dead,2
183.7271,-0.6365,0,0,0.30089,0,496.0,dead,2
183.7441,-0.6365,0,0,0.30089,0,496.0,dead,2
183.7617,-0.6365,0,0,0.30089,0,496.0,dead,2
183.7785,-0.1136,0,0,0.30089,0,496.0,dead,2
183.7952,-0.1136,0,0,0.30089,0,496.0,dead,2
183.8118,-0.1136,0,0,0.26858,0,496.0,dead,2
183.8288,-0.2661,0,0,0.26858,0,496.0,dead,2
183.8451,0.1003,0,0,0.26858,0,496.0,dead,2
183.8607,0.1997,0,0,0.26858,0,496.0,dead,2
183.8775,0.1997,0,0,0.26858,0,496.0,dead,2
183.8941,0.1997,0,0,0.30005,0,496.0,dead,2
183.9107,0.8285,0,0,0.30005,0,496.0,dead,2
183.9275,0.8285,0,0,0.30005,0,496.0,dead,2
183.9436,0.8285,0,0,0.30005,0,496.0,dead,2
183.9602,0.798,0,0,0.32958,0,496.0,dead,2
183.9768,0.798,0,0,0.32958,0,496.0,dead,2
183.9932,0.798,0,0,0.32958,0,496.0,dead,2
184.0136,0.9948,0,0,0.32958,0,496.0,dead,2
184.0296,0.9948,0,0,0.32958,0,496.0,dead,2
184.0528,0.8547,0,0,0.32958,0,496.0,dead,2
184.0696,0.9199,0,0,0.27161,0,496.0,dead,2
184.0861,1.1561,0,0,0.27161,0,496.0,dead,2
184.1018,1.1561,0,0,0.27161,0,496.0,dead,2
184.118,1.1561,0,0,0.27161,0,496.0,dead,2
184.1356,1.1561,0,0,0.29324,0,496.0,dead,2
184.1523,1.1561,0,0,0.29324,0,496.0,dead,2
184.1695,1.1561,0,0,0.29324,0,496.0,dead,2
184.1856,-0.1775,0,0,0.29324,0,496.0,dead,2
184.2017,-0.1775,0,0,0.28912,0,496.0,dead,2
184.2178,-0.1775,0,0,0.28912,0,496.0,dead,2
184.2341,-0.276,0,0,0.28912,0,496.0,dead,2
184.2503,-0.276,0,0,0.28912,0,496.0,dead,2
184.2667,-0.3701,0,0,0.26759,0,496.0,dead,2
184.2824,-0.3701,0,0,0.26759,0,496.0,dead,2
184.2993,-0.3701,0,0,0.26759,0,496.0,dead,2
184.3163,-0.3701,0,0,0.28809,0,496.0,dead,2
184.3327,-0.3701,0,0,0.28809,0,496.0,dead,2
184.3484,-0.3701,0,0,0.28809,0,496.0,dead,2
184.3653,-0.5038,0,0,0.28809,0,496.0,dead,2
184.3822,-0.5038,0,0,0.30336,0,496.0,dead,2
184.3973,-0.5038,0,0,0.30336,0,496.0,dead,2
184.4141,-0.229,0,0,0.30336,0,496.0,dead,2
184.4301,-0.229,0,0,0.30336,0,496.0,dead,2
184.4459,0.0753,0,0,0.31321,0,496.0,dead,2
184.4626,0.0753,0,0,0.31321,0,496.0,dead,2
184.4796,0.0753,0,0,0.31321,0,496.0,dead,2
184.4957,-0.013,0,0,0.29168,0,496.0,dead,2
184.5124,-0.013,0,0,0.29168,0,496.0,dead,2
184.5285,-0.013,0,0,0.29168,0,496.0,dead,2
184.5465,0.1579,0,0,0.29168,0,496.0,dead,2
184.5662,0.1579,0,0,0.29559,0,496.0,dead,2
184.5822,0.159,0,0,0.29559,0,496.0,dead,2
184.5983,0.2354,0,0,0.29559,0,496.0,dead,2
184.6145,0.2354,0,0,0.29559,0,496.0,dead,2
184.6306,0.3061,0,0,0.29332,0,496.0,dead,2
184.6473,0.3061,0,0,0.29332,0,496.0,dead,2
184.664,0.3061,0,0,0.29332,0,496.0,dead,2
184.6803,0.3061,0,0,0.34726,0,496.0,dead,2
184.6976,0.3061,0,0,0.34726,0,496.0,dead,2
184.714,0.3061,0,0,0.34726,0,496.0,dead,2
184.7301,0.1816,0,0,0.28461,0,496.0,dead,2
184.7461,0.1816,0,0,0.28461,0,496.0,dead,2
184.7633,0.0832,0,0,0.28461,0,496.0,dead,2
184.78,0.0832,0,0,0.33175,0,496.0,dead,2
184.7962,0.0832,0,0,0.33175,0,496.0,dead,2
184.8114,0.5295,0,0,0.33175,0,496.0,dead,2
184.828,0.5295,0,0,0.33781,0,496.0,dead,2
184.8437,0.5295,0,0,0.33781,0,496.0,dead,2
184.8601,0.0994,0,0,0.33781,0,496.0,dead,2
184.8765,0.0994,0,0,0.28252,0,496.0,dead,2
184.8926,0.0994,0,0,0.28252,0,496.0,dead,2
184.909,0.25,0,0,0.28252,0,496.0,dead,2
184.9256,0.25,0,0,0.30388,0,496.0,dead,2
184.9418,-0.5039,0,0,0.30388,0,496.0,dead,2
184.9586,-0.7126,0,0,0.30388,0,496.0,dead,2
184.975,-0.7126,0,0,0.26166,0,496.0,dead,2
184.9916,-0.6909,0,0,0.26166,0,496.0,dead,2
185.0084,-0.6909,0,0,0.26166,0,496.0,dead,2
185.025,-0.6909,0,0,0.28225,0,496.0,dead,2
185.0408,-0.6709,0,0,0.28225,0,496.0,dead,2
185.0569,-0.6709,0,0,0.28225,0,496.0,dead,2
185.0725,-0.6709,0,0,0.28225,0,496.0,dead,2
185.0946,-0.3736,0,0,0.31621,0,496.0,dead,2
185.1123,-0.3736,0,0,0.31621,0,496.0,dead,2
185.1345,-0.0353,0,0,0.31621,0,496.0,dead,2
185.1506,-0.0353,0,0,0.31621,0,496.0,dead,2
185.1674,0.1344,0,0,0.3439,0,496.0,dead,2
185.184,0.1344,0,0,0.3439,0,496.0,dead,2
185.2002,0.1344,0,0,0.3439,0,496.0,dead,2
185.2168,0.1344,0,0,0.3108,0,496.0,dead,2
185.2329,0.1344,0,0,0.3108,0,496.0,dead,2
185.2494,0.1344,0,0,0.3108,0,496.0,dead,2
185.2665,0.3746,0,0,0.31948,0,496.0,dead,2
185.2825,0.3746,0,0,0.31948,0,496.0,dead,2
185.2988,0.3746,0,0,0.31948,0,496.0,dead,2
185.315,0.1493,0,0,0.29651,0,496.0,dead,2
185.3307,0.1493,0,0,0.29651,0,496.0,dead,2
185.3474,0.0642,0,0,0.29651,0,496.0,dead,2
185.3641,0.0642,0,0,0.30629,0,496.0,dead,2
185.3799,0.0642,0,0,0.30629,0,496.0,dead,2
185.3956,0.1425,0,0,0.30629,0,496.0,dead,2
185.4119,0.1425,0,0,0.3116,0,496.0,dead,2
185.428,0.1425,0,0,0.3116,0,496.0,dead,2
185.444,-0.2146,0,0,0.3116,0,496.0,dead,2
185.4599,-0.2146,0,0,0.3116,0,496.0,dead,2
185.4763,-0.2146,0,0,0.29014,0,496.0,dead,2
185.4929,0.6816,0,0,0.29014,0,496.0,dead,2
185.5091,0.6816,0,0,0.29014,0,496.0,dead,2
185.526,0.2358,0,0,0.29014,0,496.0,dead,2
185.5421,0.2358,0,0,0.29903,0,496.0,dead,2
185.5582,0.2358,0,0,0.29903,0,496.0,dead,2
185.5753,0.266,0,0,0.29903,0,496.0,dead,2
185.5916,0.266,0,0,0.29903,0,496.0,dead,2
185.6086,0.266,0,0,0.28122,0,496.0,dead,2
185.6252,0.266,0,0,0.28122,0,496.0,dead,2
185.6418,0.266,0,0,0.28122,0,496.0,dead,2
185.6576,0.266,0,0,0.31187,0,496.0,dead,2
185.6739,-0.2798,0,0,0.31187,0,496.0,dead,2
185.6898,-0.2798,0,0,0.31187,0,496.0,dead,2
185.7061,-0.3863,0,0,0.28719,0,496.0,dead,2
185.7232,-0.3863,0,0,0.28719,0,496.0,dead,2
185.7401,-0.3863,0,0,0.28719,0,496.0,dead,2
185.7565,-0.3863,0,0,0.28382,0,496.0,dead,2
185.7725,-0.3863,0,0,0.28382,0,496.0,dead,2
185.7895,-0.3863,0,0,0.28382,0,496.0,dead,2
185.8059,-0.0107,0,0,0.28515,0,496.0,dead,2
185.8222,-0.0107,0,0,0.28515,0,496.0,dead,2
185.8383,-0.0107,0,0,0.28515,0,496.0,dead,2
185.8545,0.1408,0,0,0.27444,0,496.0,dead,2
185.8707,0.1408,0,0,0.27444,0,496.0,dead,2
185.887,0.1408,0,0,0.27444,0,496.0,dead,2
185.9029,0.1408,0,0,0.30909,0,496.0,dead,2
185.919,0.1408,0,0,0.30909,0,496.0,dead,2
185.9346,0.1598,0,0,0.30909,0,496.0,dead,2
185.953,0.1598,0,0,0.30909,0,496.0,dead,2
185.9744,0.3494,0,0,0.30308,0,496.0,dead,2
185.9925,0.3494,0,0,0.30308,0,496.0,dead,2
186.0089,0.3494,0,0,0.30308,0,496.0,dead,2
186.0259,0.5715,0,0,0.30308,0,496.0,dead,2
186.042,0.3675,0,0,0.30251,0,496.0,dead,2
186.0576,0.3675,0,0,0.30251,0,496.0,dead,2
186.0737,-0.0316,0,0,0.30251,0,496.0,dead,2
186.0926,-0.0316,0,0,0.30251,0,496.0,dead,2
186.1086,-0.0316,0,0,0.30617,0,496.0,dead,2
186.1254,0.0898,0,0,0.30617,0,496.0,dead,2
186.1425,0.0898,0,0,0.30617,0,496.0,dead,2
186.1588,-0.132,0,0,0.29332,0,496.0,dead,2
186.175,-0.132,0,0,0.29332,0,496.0,dead,2
186.1906,-0.132,0,0,0.29332,0,496.0,dead,2
186.2067,-0.132,0,0,0.293,0,496.0,dead,2
186.2233,-0.132,0,0,0.293,0,496.0,dead,2
186.2404,-0.132,0,0,0.293,0,496.0,dead,2
186.2572,-0.1091,0,0,0.30103,0,496.0,dead,2
186.2728,-0.1091,0,0,0.30103,0,496.0,dead,2
186.2889,-0.1091,0,0,0.30103,0,496.0,dead,2
186.305,-0.1898,0,0,0.31508,0,496.0,dead,2
186.3211,-0.1898,0,0,0.31508,0,496.0,dead,2
186.3368,0.0703,0,0,0.31508,0,496.0,dead,2
186.3529,0.0703,0,0,0.33207,0,496.0,dead,2
186.3689,0.0703,0,0,0.33207,0,496.0,dead,2
186.3858,-0.6907,0,0,0.33207,0,496.0,dead,2
186.402,-0.6907,0,0,0.30988,0,496.0,dead,2
186.4181,-0.6907,0,0,0.30988,0,496.0,dead,2
186.4336,-0.7877,0,0,0.30988,0,496.0,dead,2
186.4497,-0.7877,0,0,0.30988,0,496.0,dead,2
186.4664,-0.7877,0,0,0.31552,0,496.0,dead,2
186.4826,-0.7877,0,0,0.31552,0,496.0,dead,2
186.4991,-0.7877,0,0,0.31552,0,496.0,dead,2
186.5168,0.1777,0,0,0.31552,0,496.0,dead,2
186.5376,-0.5049,0,0,0.29152,0,496.0,dead,2
186.5537,-0.5049,0,0,0.29152,0,496.0,dead,2
186.5722,-0.5192,0,0,0.29152,0,496.0,dead,2
186.5904,-0.5192,0,0,0.29152,0,496.0,dead,2
186.6091,-0.3221,0,0,0.29152,0,496.0,dead,2
186.6257,-0.3221,0,0,0.28578,0,496.0,dead,2
186.6418,-0.3221,0,0,0.28578,0,496.0,dead,2
186.658,0.0344,0,0,0.28578,0,496.0,dead,2
186.6736,0.0344,0,0,0.28578,0,496.0,dead,2
186.6907,0.0344,0,0,0.3287,0,496.0,dead,2
186.7075,0.0344,0,0,0.3287,0,496.0,dead,2
186.7236,0.0344,0,0,0.3287,0,496.0,dead,2
186.7406,0.5119,0,0,0.32184,0,496.0,dead,2
186.7568,0.5483,0,0,0.32184,0,496.0,dead,2
186.7726,0.5483,0,0,0.32184,0,496.0,dead,2
186.7887,0.4728,0,0,0.29426,0,496.0,dead,2
186.8054,0.4728,0,0,0.29426,0,496.0,dead,2
186.8225,0.4728,0,0,0.29426,0,496.0,dead,2
186.8433,0.441,0,0,0.29426,0,496.0,dead,2
186.8604,0.441,0,0,0.29426,0,496.0,dead,2
186.8776,0.2413,0,0,0.33235,0,496.0,dead,2
186.8946,0.2413,0,0,0.33235,0,496.0,dead,2
186.9145,0.2413,0,0,0.33235,0,496.0,dead,2
186.9333,-0.0069,0,0,0.33235,0,496.0,dead,2
186.9498,-0.0069,0,0,0.33235,0,496.0,dead,2
186.9712,0.0794,0,0,0.32674,0,496.0,dead,2
186.9867,0.0794,0,0,0.32674,0,496.0,dead,2
187.003,0.0794,0,0,0.32674,0,496.0,dead,2
187.0196,0.1266,0,0,0.32674,0,496.0,dead,2
187.0357,0.1266,0,0,0.32674,0,496.0,dead,2
187.0514,0.1266,0,0,0.34136,0,496.0,dead,2
187.0676,-0.2034,0,0,0.34136,0,496.0,dead,2
187.0842,-0.2034,0,0,0.34136,0,496.0,dead,2
187.1006,-0.2034,0,0,0.29722,0,496.0,dead,2
187.1172,-0.2034,0,0,0.29722,0,496.0,dead,2
187.1333,-0.2034,0,0,0.29722,0,496.0,dead,2
187.1505,-0.2034,0,0,0.29722,0,496.0,dead,2
187.1675,-0.2034,0,0,0.33393,0,496.0,dead,2
187.1835,-0.2034,0,0,0.33393,0,496.0,dead,2
187.2045,0.2874,0,0,0.33393,0,496.0,dead,2
187.2248,0.2338,0,0,0.33393,0,496.0,dead,2
187.2435,0.0434,0,0,0.33393,0,496.0,dead,2
187.2646,0.0434,0,0,0.2788,0,496.0,dead,2
187.286,-0.0637,0,0,0.2788,0,496.0,dead,2
187.3025,-0.0637,0,0,0.2788,0,496.0,dead,2
187.3205,-0.0637,0,0,0.2788,0,496.0,dead,2
187.3364,0.0558,0,0,0.2788,0,496.0,dead,2
187.3527,0.0558,0,0,0.32457,0,496.0,dead,2
187.37,0.4557,0,0,0.32457,0,496.0,dead,2
187.3898,0.192,0,0,0.32457,0,496.0,dead,2
187.4058,0.192,0,0,0.32457,0,496.0,dead,2
187.4216,-0.2856,0,0,0.35463,0,496.0,dead,2
187.4378,-0.2856,0,0,0.35463,0,496.0,dead,2
187.4545,-0.2856,0,0,0.35463,0,496.0,dead,2
187.4713,-0.1833,0,0,0.33566,0,496.0,dead,2
187.4879,-0.1833,0,0,0.33566,0,496.0,dead,2
187.5041,-0.1833,0,0,0.33566,0,496.0,dead,2
187.5197,-0.3231,0,0,0.2974,0,496.0,dead,2
187.5363,-0.3231,0,0,0.2974,0,496.0,dead,2
187.5532,-9.0658,0,0,0.2974,0,496.0,dead,2
187.5699,-9.0658,0,0,0.33114,0,496.0,dead,2
187.5862,-9.0658,0,0,0.33114,0,496.0,dead,2
187.603,-13.0361,1,0,0.33114,0,496.0,dead,2
187.619,-13.0361,0,0,0.33114,0,285.0,playing,0
187.6358,-13.0361,0,0,0.324,0,278.69,playing,0
187.652,8.1435,0,0,0.324,0,273.03,playing,0
187.6683,8.1435,0,0,0.324,0,267.65,playing,0
187.6848,8.704,0,0,0.34774,0,262.26,playing,0
187.7005,8.704,0,0,0.34774,0,257.46,playing,0
187.7171,8.704,0,0,0.34774,0,252.94,playing,0
187.7334,5.604,0,0,0.34774,0,248.71,playing,0
187.7502,5.604,0,0,0.34774,0,244.53,playing,0
187.7675,5.604,0,0,0.34774,0,240.67,playing,0
187.7844,3.7553,0,0,0.34774,0,237.12,playing,0
187.801,3.7553,0,0,0.33086,0,233.9,playing,0
187.817,3.7553,0,0,0.33086,0,231.14,playing,0
187.8336,3.2511,0,0,0.33086,0,228.67,playing,0
187.8499,3.2511,0,0,0.22231,0,226.36,playing,0
187.8665,1.0535,0,0,0.22231,0,224.46,playing,0
187.8831,1.0535,0,0,0.26122,0,222.77,playing,0
187.8988,1.0535,0,0,0.26122,0,221.46,playing,0
187.9153,-0.3759,0,0,0.26122,0,220.43,playing,0
187.9319,-0.3759,0,0,0.2827,0,219.65,playing,0
187.9481,-0.3759,0,0,0.2827,0,219.2,playing,0
187.964,-0.3759,0,0,0.2827,0,219.03,playing,0
187.9806,-0.3759,0,0,0.30762,0,219.15,playing,0
187.9967,-0.3759,0,0,0.30762,0,219.59,playing,0
188.0171,-0.5157,0,0,0.30762,0,220.28,playing,0
188.0336,-0.5157,0,0,0.30762,0,221.68,playing,0
188.0521,-0.5584,0,0,0.30762,0,223.02,playing,0
188.0695,-0.5584,0,0,0.30762,0,224.89,playing,0
188.0859,-0.5584,0,0,0.31368,0,227.12,playing,0
188.1017,-0.9569,0,0,0.31368,0,229.38,playing,0
188.1178,-0.9569,0,0,0.31368,0,231.92,playing,0
188.134,-1.6669,0,0,0.31368,0,234.75,playing,0
188.1514,-1.6763,0,0,0.30541,0,238.06,playing,0
188.1684,-1.6763,0,0,0.30541,0,241.7,playing,0
188.185,-1.5209,0,0,0.30541,0,245.66,playing,0
188.2015,-1.5209,0,0,0.30541,0,249.66,playing,0
188.2181,-1.5209,0,0,0.30693,0,254.23,playing,0
188.2337,-1.4542,0,0,0.30693,0,258.81,playing,0
188.2499,-1.4542,0,0,0.30693,0,263.68,playing,0
188.2661,-1.4542,0,0,0.29309,0,268.83,playing,0
188.2821,-1.4542,0,0,0.29309,0,274.26,playing,0
188.2978,-1.4542,0,0,0.29309,0,279.97,playing,0
188.3145,-1.139,0,0,0.28944,0,285.96,playing,0
188.331,-1.2061,0,0,0.28944,0,292.64,playing,0
188.3471,-1.2061,0,0,0.28944,0,299.22,playing,0
188.3632,-0.473,0,0,0.30852,0,306.07,playing,0
188.3789,-0.2589,0,0,0.30852,0,313.21,playing,0
188.3945,-0.2589,0,0,0.30852,0,320.62,playing,0
188.4111,0.2232,0,0,0.30852,0,328.32,playing,0
188.4267,0.2232,0,0,0.30852,0,336.3,playing,0
188.4428,0.2232,0,0,0.30852,0,344.57,playing,0
188.4588,0.2232,0,0,0.31594,0,353.11,playing,0
188.4747,0.2232,0,0,0.31594,0,361.94,playing,0
188.491,0.2232,0,0,0.31594,0,371.04,playing,0
188.5065,0.9889,0,0,0.31594,0,380.43,playing,0
188.5233,0.9889,0,0,0.32247,0,390.1,playing,0
188.5405,0.9889,0,0,0.32247,0,400.69,playing,0
188.5571,0.9889,0,0,0.32247,0,411.6,playing,0
188.5732,0.9889,0,0,0.26644,0,422.16,playing,0
188.5901,-0.1981,0,0,0.26644,0,433.68,playing,0
188.6079,-0.1981,0,0,0.26644,0,444.81,playing,0
188.624,-0.1981,0,0,0.26644,0,457.41,playing,0
188.64,-0.6025,0,0,0.29976,0,468.61,playing,0
188.6566,-0.6025,0,0,0.29976,0,479.81,playing,0
188.6729,-0.6025,0,0,0.29976,0,491.71,playing,0
188.6894,-0.727,0,0,0.29976,0,502.91,dead,0
188.7065,-0.727,0,0,0.29047,0,496.0,dead,0
188.7226,-0.3507,0,0,0.29047,0,496.0,dead,0
188.7387,-0.3507,0,0,0.29047,0,496.0,dead,0
188.755,-0.3507,0,0,0.34814,0,496.0,dead,0
188.7711,-0.5739,0,0,0.34814,0,496.0,dead,0
188.788,-0.5739,0,0,0.34814,0,496.0,dead,0
188.8041,-0.5739,0,0,0.34814,0,496.0,dead,0
188.8203,-0.5739,0,0,0.27686,0,496.0,dead,0
188.8375,-0.5739,0,0,0.27686,0,496.0,dead,0
188.8536,-0.5739,0,0,0.27686,0,496.0,dead,0
188.8704,-0.5739,0,0,0.27686,0,496.0,dead,0
188.8872,-0.5739,0,0,0.3211,0,496.0,dead,0
188.9035,-0.9259,0,0,0.3211,0,496.0,dead,0
188.9203,-0.457,0,0,0.3211,0,496.0,dead,0
188.937,-0.457,0,0,0.34188,0,496.0,dead,0
188.9526,-0.6352,0,0,0.34188,0,496.0,dead,0
188.9689,-0.6352,0,0,0.34188,0,496.0,dead,0
188.9851,-0.6352,0,0,0.28548,0,496.0,dead,0
189.0011,-0.6352,0,0,0.28548,0,496.0,dead,0
189.0174,-0.6352,0,0,0.28548,0,496.0,dead,0
189.0345,-0.6352,0,0,0.28548,0,496.0,dead,0
189.0544,-0.5164,0,0,0.28548,0,496.0,dead,0
189.0715,-0.5164,0,0,0.31129,0,496.0,dead,0
189.0876,-0.5164,0,0,0.31129,0,496.0,dead,0
189.1047,-0.5164,0,0,0.31129,0,496.0,dead,0
189.1213,-0.5164,0,0,0.31129,0,496.0,dead,0
189.1374,0.3436,0,0,0.31129,0,496.0,dead,0
189.1541,0.3436,0,0,0.31129,0,496.0,dead,0
189.1703,0.3685,0,0,0.31045,0,496.0,dead,0
189.1876,0.3685,0,0,0.31045,0,496.0,dead,0
189.2036,0.3685,0,0,0.31045,0,496.0,dead,0
189.2196,0.3852,0,0,0.31045,0,496.0,dead,0
189.2357,0.3852,0,0,0.29245,0,496.0,dead,0
189.2523,0.3852,0,0,0.29245,0,496.0,dead,0
189.2689,0.339,0,0,0.29245,0,496.0,dead,0
189.2873,0.339,0,0,0.31863,0,496.0,dead,0
189.304,0.339,0,0,0.31863,0,496.0,dead,0
189.3196,0.2187,0,0,0.31863,0,496.0,dead,0
189.3358,0.2187,0,0,0.31863,0,496.0,dead,0
189.3524,0.1106,0,0,0.28937,0,496.0,dead,0
189.3693,0.1106,0,0,0.28937,0,496.0,dead,0
189.3862,0.1106,0,0,0.28937,0,496.0,dead,0
189.4019,0.1106,0,0,0.28981,0,496.0,dead,0
189.4175,0.1106,0,0,0.28981,0,496.0,dead,0
189.4341,0.1106,0,0,0.28981,0,496.0,dead,0
189.4497,0.0058,0,0,0.28981,0,496.0,dead,0
189.4677,0.0058,0,0,0.30102,0,496.0,dead,0
189.4844,0.0058,0,0,0.30102,0,496.0,dead,0
189.5005,-0.3565,0,0,0.30102,0,496.0,dead,0
189.5175,-0.3565,0,0,0.33738,0,496.0,dead,0
189.5344,0.4124,0,0,0.33738,0,496.0,dead,0
189.5517,0.4124,0,0,0.33738,0,496.0,dead,0
189.5681,0.4124,0,0,0.33738,0,496.0,dead,0
189.5853,0.3058,0,0,0.33738,0,496.0,dead,0
189.6014,0.3058,0,0,0.28907,0,496.0,dead,0
189.618,0.3058,0,0,0.28907,0,496.0,dead,0
189.634,0.3058,0,0,0.28907,0,496.0,dead,0
189.6499,0.3058,0,0,0.32646,0,496.0,dead,0
189.6661,0.7164,0,0,0.32646,0,496.0,dead,0
189.6833,0.7164,0,0,0.32646,0,496.0,dead,0
189.7003,0.7164,0,0,0.31628,0,496.0,dead,0
189.717,-0.3296,0,0,0.31628,0,496.0,dead,0
189.7331,-0.3296,0,0,0.31628,0,496.0,dead,0
189.7484,-0.3296,0,0,0.31628,0,496.0,dead,0
189.766,-0.3296,0,0,0.31628,0,496.0,dead,0
189.7835,-0.3296,0,0,0.34667,0,496.0,dead,0
189.8011,-0.2944,0,0,0.34667,0,496.0,dead,0
189.817,-1.1605,0,0,0.34667,0,496.0,dead,0
189.833,-1.1605,0,0,0.34667,0,496.0,dead,0
189.8495,-0.6428,0,0,0.34667,0,496.0,dead,0
189.8666,-0.6428,0,0,0.34667,0,496.0,dead,0
189.8835,-0.6428,0,0,0.34667,0,496.0,dead,0
189.9002,-0.1277,0,0,0.30066,0,496.0,dead,0
189.9166,-0.1277,0,0,0.30066,0,496.0,dead,0
189.9329,-0.1277,0,0,0.30066,0,496.0,dead,0
189.9495,0.1661,0,0,0.30066,0,496.0,dead,0
189.9658,0.1661,0,0,0.29182,0,496.0,dead,0
189.9819,-0.2473,0,0,0.29182,0,496.0,dead,0
189.9986,-0.2473,0,0,0.29182,0,496.0,dead,0
190.0167,-0.2473,0,0,0.29182,0,496.0,dead,0
190.0328,0.0198,0,0,0.30083,0,496.0,dead,0
190.0487,0.1424,0,0,0.30083,0,496.0,dead,0
190.0654,0.1424,0,0,0.30083,0,496.0,dead,0
190.0815,0.2565,0,0,0.30083,0,496.0,dead,0
190.0985,0.2565,0,0,0.30083,0,496.0,dead,0
190.1151,0.3674,0,0,0.31057,0,496.0,dead,0
190.1312,0.3674,0,0,0.31057,0,496.0,dead,0
190.1469,0.3674,0,0,0.31057,0,496.0,dead,0
190.1632,0.6313,0,0,0.32866,0,496.0,dead,0
190.1803,0.6313,0,0,0.32866,0,496.0,dead,0
190.1976,0.6313,0,0,0.32866,0,496.0,dead,0
190.2141,0.8749,0,0,0.29666,0,496.0,dead,0
190.2299,0.8749,0,0,0.29666,0,496.0,dead,0
190.2455,0.8749,0,0,0.29666,0,496.0,dead,0
190.2615,0.6309,0,0,0.29666,0,496.0,dead,0
190.2775,0.6309,0,0,0.32382,0,496.0,dead,0
190.2941,0.6309,0,0,0.32382,0,496.0,dead,0
190.3104,0.5805,0,0,0.32382,0,496.0,dead,0
190.3269,0.5805,0,0,0.32247,0,496.0,dead,0
190.343,0.5805,0,0,0.32247,0,496.0,dead,0
190.3596,0.5805,0,0,0.32247,0,496.0,dead,0
190.3763,0.5805,0,0,0.31538,0,496.0,dead,0
190.3925,0.3143,0,0,0.31538,0,496.0,dead,0
190.4094,0.3897,0,0,0.31538,0,496.0,dead,0
190.426,0.3897,0,0,0.33416,0,496.0,dead,0
190.4426,0.2143,0,0,0.33416,0,496.0,dead,0
190.4587,0.2143,0,0,0.33416,0,496.0,dead,0
190.4749,0.1465,0,0,0.32649,0,496.0,dead,0
190.4916,0.301,0,0,0.32649,0,496.0,dead,0
190.5079,0.301,0,0,0.32649,0,496.0,dead,0
190.5245,0.4679,0,0,0.2648,0,496.0,dead,0
190.5407,0.4679,0,0,0.2648,0,496.0,dead,0
190.5574,0.4679,0,0,0.2648,0,496.0,dead,0
190.5745,-0.6908,0,0,0.30181,0,496.0,dead,0
190.5905,-0.6908,0,0,0.30181,0,496.0,dead,0
190.6076,-0.6908,0,0,0.30181,0,496.0,dead,0
190.6243,-1.9167,0,0,0.28344,0,496.0,dead,0
190.6414,-1.9167,0,0,0.28344,0,496.0,dead,0
190.658,-1.7433,0,0,0.28344,0,496.0,dead,0
190.6756,-1.7433,0,0,0.28344,0,496.0,dead,0
190.6924,-1.7433,0,0,0.30577,0,496.0,dead,0
190.7089,-1.3459,0,0,0.30577,0,496.0,dead,0
190.7246,-1.3459,0,0,0.30577,0,496.0,dead,0
190.7416,-1.3459,0,0,0.28622,0,496.0,dead,0
190.7586,-1.3459,0,0,0.28622,0,496.0,dead,0
190.7753,-1.3459,0,0,0.28622,0,496.0,dead,0
190.7921,-1.1341,0,0,0.28622,0,496.0,dead,0
190.808,-1.1341,0,0,0.30551,0,496.0,dead,0
190.8241,-1.1341,0,0,0.30551,0,496.0,dead,0
190.8396,-1.1341,0,0,0.30551,0,496.0,dead,0
190.8563,-1.1341,0,0,0.30551,0,496.0,dead,0
190.873,-1.1341,0,0,0.29149,0,496.0,dead,0
190.8889,-0.0499,0,0,0.29149,0,496.0,dead,0
190.9048,-0.0499,0,0,0.29149,0,496.0,dead,0
190.9207,-0.0499,0,0,0.31754,0,496.0,dead,0
190.9369,0.127,0,0,0.31754,0,496.0,dead,0
190.953,0.127,0,0,0.31754,0,496.0,dead,0
190.9688,0.127,0,0,0.31354,0,496.0,dead,0
190.9848,0.7315,0,0,0.31354,0,496.0,dead,0
191.0009,0.7315,0,0,0.31354,0,496.0,dead,0
191.0175,2.1846,0,0,0.31354,0,496.0,dead,0
191.0336,2.1846,0,0,0.31658,0,496.0,dead,0
191.0494,2.1846,0,0,0.31658,0,496.0,dead,0
191.0658,1.6332,0,0,0.31658,0,496.0,dead,0
191.0816,1.6332,0,0,0.34452,0,496.0,dead,0
191.0984,1.6332,0,0,0.34452,0,496.0,dead,0
191.1146,1.4856,0,0,0.34452,0,496.0,dead,0
191.1317,1.4856,0,0,0.34452,0,496.0,dead,0
191.1479,1.4856,0,0,0.33365,0,496.0,dead,0
191.1638,0.7155,0,0,0.33365,0,496.0,dead,0
191.1801,0.7155,0,0,0.33365,0,496.0,dead,0
191.1969,0.6875,0,0,0.33365,0,496.0,dead,0
191.2167,0.6875,0,0,0.33365,0,496.0,dead,0
191.2334,0.6875,0,0,0.30507,0,496.0,dead,0
191.25,0.1114,0,0,0.30507,0,496.0,dead,0
191.2658,0.1114,0,0,0.30507,0,496.0,dead,0
191.282,0.1114,0,0,0.30507,0,496.0,dead,0
191.2985,0.1114,0,0,0.3148,0,496.0,dead,0
191.3158,0.1114,0,0,0.3148,0,496.0,dead,0
191.3325,0.1114,0,0,0.3148,0,496.0,dead,0
191.3495,0.1114,0,0,0.34871,0,496.0,dead,0
191.3657,0.1114,0,0,0.34871,0,496.0,dead,0
191.3819,0.2138,0,0,0.34871,0,496.0,dead,0
191.3974,0.2138,0,0,0.34871,0,496.0,dead,0
191.414,0.2138,0,0,0.34871,0,496.0,dead,0
191.4366,-0.5407,0,0,0.28125,0,496.0,dead,0
191.4537,-0.5407,0,0,0.28125,0,496.0,dead,0
191.4698,-0.5451,0,0,0.28125,0,496.0,dead,0
191.4855,-0.8123,0,0,0.28125,0,496.0,dead,0
191.5026,-0.8123,0,0,0.30834,0,496.0,dead,0
191.5187,-0.5465,0,0,0.30834,0,496.0,dead,0
191.5349,-0.5465,0,0,0.30834,0,496.0,dead,0
191.5515,-0.5465,0,0,0.30834,0,496.0,dead,0
191.5679,-0.5842,0,0,0.27872,0,496.0,dead,0
191.5838,-0.5842,0,0,0.27872,0,496.0,dead,0
191.601,-1.0114,0,0,0.27872,0,496.0,dead,0
191.6171,-1.1094,0,0,0.27872,0,496.0,dead,0
191.6333,-1.1094,0,0,0.26115,0,496.0,dead,0
191.6501,-1.1094,0,0,0.26115,0,496.0,dead,0
191.666,-1.1094,0,0,0.26115,0,496.0,dead,0
191.6815,-1.1094,0,0,0.26115,0,496.0,dead,0
191.6986,-0.8219,0,0,0.26569,0,496.0,dead,0
191.7152,-0.8219,0,0,0.26569,0,496.0,dead,0
191.7315,-0.8219,0,0,0.26569,0,496.0,dead,0
191.7476,-0.5354,0,0,0.26569,0,496.0,dead,0
191.7643,-0.5354,0,0,0.26569,0,496.0,dead,0
191.782,-0.073,0,0,0.29919,0,496.0,dead,0
191.7977,-0.073,0,0,0.29919,0,496.0,dead,0
191.8142,-0.073,0,0,0.29919,0,496.0,dead,0
191.8296,0.2936,0,0,0.29919,0,496.0,dead,0
191.8466,0.2936,0,0,0.22989,0,496.0,dead,0
191.8629,0.2936,0,0,0.22989,0,496.0,dead,0
191.8846,0.3693,0,0,0.22989,0,496.0,dead,0
191.9018,0.3693,0,0,0.22989,0,496.0,dead,0
191.9179,0.2667,0,0,0.22989,0,496.0,dead,0
191.9346,0.2667,0,0,0.22989,0,496.0,dead,0
191.9511,0.2667,0,0,0.23989,0,496.0,dead,0
191.9664,-0.0487,0,0,0.23989,0,496.0,dead,0
191.9825,-0.0487,0,0,0.23989,0,496.0,dead,0
191.9985,-0.0487,0,0,0.23989,0,496.0,dead,0
192.0185,-0.5185,0,0,0.23989,0,496.0,dead,0
192.0351,-0.5185,0,0,0.26347,0,496.0,dead,0
192.0513,-0.356,0,0,0.26347,0,496.0,dead,0
192.0676,-0.1239,0,0,0.26347,0,496.0,dead,0
192.0839,-0.1239,0,0,0.26347,0,496.0,dead,0
192.1036,-0.3939,0,0,0.26347,0,496.0,dead,0
192.1199,-0.3939,0,0,0.28573,0,496.0,dead,0
192.1366,-0.3939,0,0,0.28573,0,496.0,dead,0
192.1528,-0.9754,0,0,0.28573,0,496.0,dead,0
192.1694,-0.9754,0,0,0.28573,0,496.0,dead,0
192.1878,-0.8734,0,0,0.29332,0,496.0,dead,0
192.2025,-0.8734,0,0,0.29332,0,496.0,dead,0
192.2191,-0.8734,0,0,0.29332,0,496.0,dead,0
192.2347,-0.896,0,0,0.29332,0,496.0,dead,0
192.2519,-0.896,0,0,0.29332,0,496.0,dead,0
192.2692,-0.896,0,0,0.30014,0,496.0,dead,0
192.2859,-0.3303,0,0,0.30014,0,496.0,dead,0
192.3017,-0.3303,0,0,0.30014,0,496.0,dead,0
192.3177,-0.3303,0,0,0.30014,0,496.0,dead,0
192.3343,-0.3845,0,0,0.28288,0,496.0,dead,0
192.3504,-0.3845,0,0,0.28288,0,496.0,dead,0
192.3664,-0.1492,0,0,0.28288,0,496.0,dead,0
192.3825,-0.1492,0,0,0.28288,0,496.0,dead,0
192.3991,-0.1492,0,0,0.28288,0,496.0,dead,0
192.4163,0.4779,0,0,0.25725,0,496.0,dead,0
192.4329,0.4779,0,0,0.25725,0,496.0,dead,0
192.4495,0.4779,0,0,0.25725,0,496.0,dead,0
192.4675,0.3699,0,0,0.25725,0,496.0,dead,0
192.4835,0.3699,0,0,0.29032,0,496.0,dead,0
192.5033,0.8357,0,0,0.29032,0,496.0,dead,0
192.5195,0.8357,0,0,0.29032,0,496.0,dead,0
192.5361,0.8357,0,0,0.29032,0,496.0,dead,0
192.5542,0.6729,0,0,0.29032,0,496.0,dead,0
192.5706,0.6729,0,0,0.27591,0,496.0,dead,0
192.5864,0.6729,0,0,0.27591,0,496.0,dead,0
192.603,1.1556,0,0,0.27591,0,496.0,dead,0
192.6191,1.1556,0,0,0.27591,0,496.0,dead,0
192.6357,1.1556,0,0,0.27591,0,496.0,dead,0
192.653,1.028,0,0,0.26978,0,496.0,dead,0
192.669,1.028,0,0,0.26978,0,496.0,dead,0
192.6845,0.3364,0,0,0.26978,0,496.0,dead,0
192.7014,0.3364,0,0,0.26978,0,496.0,dead,0
192.7187,0.3364,0,0,0.26127,0,496.0,dead,0
192.7456,0.2394,0,0,0.26127,0,496.0,dead,0
192.7623,0.2394,0,0,0.26127,0,496.0,dead,0
192.779,0.1427,0,0,0.26127,0,496.0,dead,0
192.7945,0.1427,0,0,0.26127,0,496.0,dead,0
192.8112,0.1427,0,0,0.25621,0,496.0,dead,0
192.8279,-0.0911,0,0,0.25621,0,496.0,dead,0
192.8441,-0.0911,0,0,0.25621,0,496.0,dead,0
192.8628,-0.0911,0,0,0.25621,0,496.0,dead,0
192.8802,-0.122,0,0,0.24344,0,496.0,dead,0
192.8958,-0.122,0,0,0.24344,0,496.0,dead,0
192.9125,-0.5347,0,0,0.24344,0,496.0,dead,0
192.9291,-0.5347,0,0,0.24344,0,496.0,dead,0
192.9459,-0.5347,0,0,0.28962,0,496.0,dead,0
192.962,-0.0717,0,0,0.28962,0,496.0,dead,0
192.9784,-0.0717,0,0,0.28962,0,496.0,dead,0
192.996,-0.2915,0,0,0.28962,0,496.0,dead,0
193.0118,-0.2915,0,0,0.26915,0,496.0,dead,0
193.0279,-0.2915,0,0,0.26915,0,496.0,dead,0
193.044,-0.1246,0,0,0.26915,0,496.0,dead,0
193.0596,-0.1246,0,0,0.26915,0,496.0,dead,0
193.0762,-0.1246,0,0,0.26915,0,496.0,dead,0
193.0962,0.0038,0,0,0.28962,0,496.0,dead,0
193.1123,0.0038,0,0,0.28962,0,496.0,dead,0
193.1293,0.0038,0,0,0.28962,0,496.0,dead,0
193.1472,-0.1486,0,0,0.28962,0,496.0,dead,0
193.1633,-0.1486,0,0,0.28962,0,496.0,dead,0
193.1845,-0.1486,0,0,0.27978,0,496.0,dead,0
193.2009,-0.1486,0,0,0.27978,0,496.0,dead,0
193.2169,-0.1486,0,0,0.27978,0,496.0,dead,0
193.2347,0.2022,0,0,0.27978,0,496.0,dead,0
193.2507,0.2022,0,0,0.27978,0,496.0,dead,0
193.272,0.1255,0,0,0.27049,0,496.0,dead,0
193.2898,0.1035,0,0,0.27049,0,496.0,dead,0
193.3061,0.1035,0,0,0.27049,0,496.0,dead,0
193.3223,0.2557,0,0,0.27049,0,496.0,dead,0
193.3389,0.2557,0,0,0.2893,0,496.0,dead,0
193.355,0.1529,0,0,0.2893,0,496.0,dead,0
193.3716,0.2023,0,0,0.2893,0,496.0,dead,0
193.3879,0.2023,0,0,0.2893,0,496.0,dead,0
193.4038,0.2111,0,0,0.2893,0,496.0,dead,0
193.4206,0.2111,0,0,0.27721,0,496.0,dead,0
193.437,0.2111,0,0,0.27721,0,496.0,dead,0
193.4524,0.2262,0,0,0.27721,0,496.0,dead,0
193.4695,0.2262,0,0,0.27721,0,496.0,dead,0
193.486,0.2262,0,0,0.27721,0,496.0,dead,0
193.5036,-0.2759,0,0,0.27338,0,496.0,dead,0
193.5204,-0.2759,0,0,0.27338,0,496.0,dead,0
193.5369,-0.006,0,0,0.27338,0,496.0,dead,0
193.5534,-0.006,0,0,0.27338,0,496.0,dead,0
193.5696,-0.006,0,0,0.26676,0,496.0,dead,0
193.5862,-0.6589,0,0,0.26676,0,496.0,dead,0
193.602,-0.6589,0,0,0.26676,0,496.0,dead,0
193.6183,-0.6589,0,0,0.26676,0,496.0,dead,0
193.6391,-0.896,0,0,0.26676,0,496.0,dead,0
193.6549,-0.896,0,0,0.26979,0,496.0,dead,0
193.671,-1.1006,0,0,0.26979,0,496.0,dead,0
193.6864,-1.1006,0,0,0.26979,0,496.0,dead,0
193.703,-1.1006,0,0,0.26979,0,496.0,dead,0
193.7234,-0.2908,0,0,0.28476,0,496.0,dead,0
193.7419,-0.2908,0,0,0.28476,0,496.0,dead,0
193.7581,-0.2908,0,0,0.28476,0,496.0,dead,0
193.7744,-0.2908,0,0,0.28476,0,496.0,dead,0
193.791,-0.2908,0,0,0.28476,0,496.0,dead,0
193.8065,-0.2908,0,0,0.28476,0,496.0,dead,0
193.8233,-0.0919,0,0,0.27629,0,496.0,dead,0
193.84,-0.0919,0,0,0.27629,0,496.0,dead,0
193.8564,0.3438,0,0,0.27629,0,496.0,dead,0
193.8725,0.3438,0,0,0.27629,0,496.0,dead,0
193.8893,0.3438,0,0,0.28516,0,496.0,dead,0
193.906,0.3438,0,0,0.28516,0,496.0,dead,0
193.9226,0.3438,0,0,0.28516,0,496.0,dead,0
193.9387,0.3438,0,0,0.28516,0,496.0,dead,0
193.9625,0.1791,0,0,0.28516,0,496.0,dead,0
193.9814,0.1791,0,0,0.27593,0,496.0,dead,0
194.0015,0.2955,0,0,0.27593,0,496.0,dead,0
194.0203,0.2955,0,0,0.27593,0,496.0,dead,0
194.0376,-0.1431,0,0,0.27593,0,496.0,dead,0
194.0574,-0.1431,0,0,0.27593,0,496.0,dead,0
194.074,-0.1431,0,0,0.30566,0,496.0,dead,0
194.0896,0.183,0,0,0.30566,0,496.0,dead,0
194.1065,0.183,0,0,0.30566,0,496.0,dead,0
194.1237,0.183,0,0,0.30566,0,496.0,dead,0
194.1409,0.183,0,0,0.28791,0,496.0,dead,0
194.1576,0.183,0,0,0.28791,0,496.0,dead,0
194.1775,0.2813,0,0,0.28791,0,496.0,dead,0
194.1951,0.4889,0,0,0.28791,0,496.0,dead,0
194.2104,0.4889,0,0,0.28791,0,496.0,dead,0
194.2264,0.4889,0,0,0.2929,0,496.0,dead,0
194.2435,0.4889,0,0,0.2929,0,496.0,dead,0
194.2616,0.1487,0,0,0.2929,0,496.0,dead,0
194.2778,0.1487,0,0,0.2929,0,496.0,dead,0
194.2944,0.1487,0,0,0.2929,0,496.0,dead,0
194.312,0.0361,0,0,0.26908,0,496.0,dead,0
194.3288,0.0361,0,0,0.26908,0,496.0,dead,0
194.3447,-0.3731,0,0,0.26908,0,496.0,dead,0
194.3617,-0.3731,0,0,0.26908,0,496.0,dead,0
194.3787,-0.3731,0,0,0.28661,0,496.0,dead,0
194.3955,-0.3677,0,0,0.28661,0,496.0,dead,0
194.412,-0.3677,0,0,0.28661,0,496.0,dead,0
194.4281,-0.3677,0,0,0.28661,0,496.0,dead,0
194.4441,0.174,0,0,0.28661,0,496.0,dead,0
194.4602,0.174,0,0,0.29231,0,496.0,dead,0
194.476,0.174,0,0,0.29231,0,496.0,dead,0
194.4923,-0.1613,0,0,0.29231,0,496.0,dead,0
194.5095,-0.1613,0,0,0.29231,0,496.0,dead,0
194.5265,0.2773,0,0,0.29446,0,496.0,dead,0
194.543,0.2773,0,0,0.29446,0,496.0,dead,0
194.5583,0.2773,0,0,0.29446,0,496.0,dead,0
194.5752,0.1949,0,0,0.29446,0,496.0,dead,0
194.5943,0.1949,0,0,0.29446,0,496.0,dead,0
194.6105,0.1949,0,0,0.29084,0,496.0,dead,0
194.6271,-0.0657,0,0,0.29084,0,496.0,dead,0
194.6428,-0.0657,0,0,0.29084,0,496.0,dead,0
194.6589,-0.0657,0,0,0.29084,0,496.0,dead,0
194.6764,0.0927,0,0,0.28346,0,496.0,dead,0
194.6935,0.0927,0,0,0.28346,0,496.0,dead,0
194.7105,0.3014,0,0,0.28346,0,496.0,dead,0
194.7264,0.3014,0,0,0.28346,0,496.0,dead,0
194.7434,0.3014,0,0,0.29332,0,496.0,dead,0
194.7606,0.2419,0,0,0.29332,0,496.0,dead,0
194.7769,0.13,0,0,0.29332,0,496.0,dead,0
194.7937,0.13,0,0,0.29332,0,496.0,dead,0
194.8103,-0.1652,0,0,0.31057,0,496.0,dead,0
194.827,-0.1652,0,0,0.31057,0,496.0,dead,0
194.8431,0.0803,0,0,0.31057,0,496.0,dead,0
194.8588,0.0803,0,0,0.31057,0,496.0,dead,0
194.8766,0.0803,0,0,0.31057,0,496.0,dead,0
194.8935,0.1919,0,0,0.30486,0,496.0,dead,0
194.9106,0.1919,0,0,0.30486,0,496.0,dead,0
194.9271,0.1919,0,0,0.30486,0,496.0,dead,0
194.9435,0.1919,0,0,0.30486,0,496.0,dead,0
194.9603,0.1919,0,0,0.30601,0,496.0,dead,0
194.9772,-0.0741,0,0,0.30601,0,496.0,dead,0
194.9944,0.1368,0,0,0.30601,0,496.0,dead,0
195.011,0.1368,0,0,0.30601,0,496.0,dead,0
195.0289,0.1563,0,0,0.30601,0,496.0,dead,0
195.0448,0.4852,0,0,0.30019,0,496.0,dead,0
195.0606,0.4852,0,0,0.30019,0,496.0,dead,0
195.0789,0.4852,0,0,0.30019,0,496.0,dead,0
195.0947,0.4852,0,0,0.30019,0,496.0,dead,0
195.1148,0.4852,0,0,0.30019,0,496.0,dead,0
195.1316,0.4852,0,0,0.30566,0,496.0,dead,0
195.1482,0.4852,0,0,0.30566,0,496.0,dead,0
195.1644,0.4852,0,0,0.30566,0,496.0,dead,0
195.181,0.4852,0,0,0.27515,0,496.0,dead,0
195.1966,0.4852,0,0,0.27515,0,496.0,dead,0
195.2197,-0.6042,0,0,0.27515,0,496.0,dead,0
195.2371,-0.6042,0,0,0.27515,0,496.0,dead,0
195.2535,0.0315,0,0,0.29659,0,496.0,dead,0
195.2697,0.0315,0,0,0.29659,0,496.0,dead,0
195.2859,0.0315,0,0,0.29659,0,496.0,dead,0
195.302,-0.1664,0,0,0.29659,0,496.0,dead,0
195.3188,-0.1664,0,0,0.29659,0,496.0,dead,0
195.335,-0.1664,0,0,0.2705,0,496.0,dead,0
195.3509,-0.1664,0,0,0.2705,0,496.0,dead,0
195.3668,-0.1664,0,0,0.2705,0,496.0,dead,0
195.386,-0.1664,0,0,0.2705,0,496.0,dead,0
195.4021,-0.1664,0,0,0.2705,0,496.0,dead,0
195.4203,-0.1664,0,0,0.2705,0,496.0,dead,0
195.4443,0.3933,0,0,0.3056,0,496.0,dead,0
195.4675,0.3933,0,0,0.3056,0,496.0,dead,0
195.4844,0.2951,0,0,0.3056,0,496.0,dead,0
195.5004,0.2951,0,0,0.3056,0,496.0,dead,0
195.5187,0.2951,0,0,0.3056,0,496.0,dead,0
195.5358,0.1916,0,0,0.29472,0,496.0,dead,0
195.5524,0.1916,0,0,0.29472,0,496.0,dead,0
195.5684,0.1671,0,0,0.29472,0,496.0,dead,0
195.5845,0.1671,0,0,0.29472,0,496.0,dead,0
195.6013,0.1671,0,0,0.28589,0,496.0,dead,0
195.618,0.2774,0,0,0.28589,0,496.0,dead,0
195.6341,0.2774,0,0,0.28589,0,496.0,dead,0
195.6502,0.4025,0,0,0.28589,0,496.0,dead,0
195.6663,0.4025,0,0,0.28009,0,496.0,dead,0
195.683,0.4025,0,0,0.28009,0,496.0,dead,0
195.6988,0.5302,0,0,0.28009,0,496.0,dead,0
195.7159,0.5302,0,0,0.26632,0,496.0,dead,0
195.7316,0.5302,0,0,0.26632,0,496.0,dead,0
195.7481,0.5302,0,0,0.26632,0,496.0,dead,0
195.7647,0.5302,0,0,0.26632,0,496.0,dead,0
195.7843,0.5302,0,0,0.26632,0,496.0,dead,0
195.8017,0.5302,0,0,0.27709,0,496.0,dead,0
195.8186,0.5302,0,0,0.27709,0,496.0,dead,0
195.8353,0.7886,0,0,0.27709,0,496.0,dead,0
195.852,0.7886,0,0,0.27709,0,496.0,dead,0
195.8676,0.7886,0,0,0.30746,0,496.0,dead,0
195.8838,0.3794,0,0,0.30746,0,496.0,dead,0
195.9,0.3794,0,0,0.30746,0,496.0,dead,0
195.9193,0.3794,0,0,0.30129,0,496.0,dead,0
195.9355,-0.1729,0,0,0.30129,0,496.0,dead,0
195.9521,-0.1729,0,0,0.30129,0,496.0,dead,0
195.9679,-0.6272,0,0,0.30129,0,496.0,dead,0
195.9845,-0.6272,0,0,0.30129,0,496.0,dead,0
196.0013,-0.6272,0,0,0.27201,0,496.0,dead,0
196.0176,-0.3657,0,0,0.27201,0,496.0,dead,0
196.0343,-0.3657,0,0,0.27201,0,496.0,dead,0
196.0505,-0.3657,0,0,0.27201,0,496.0,dead,0
196.0672,-0.8049,0,0,0.28645,0,496.0,dead,0
196.0844,-0.8049,0,0,0.28645,0,496.0,dead,0
196.1017,-0.8972,0,0,0.28645,0,496.0,dead,0
196.1184,-0.8972,0,0,0.28645,0,496.0,dead,0
196.1352,-0.8972,0,0,0.29596,0,496.0,dead,0
196.1523,-0.5762,0,0,0.29596,0,496.0,dead,0
196.1694,-0.5762,0,0,0.29596,0,496.0,dead,0
196.1862,-0.5762,0,0,0.29596,0,496.0,dead,0
196.2029,-0.1962,0,0,0.29596,0,496.0,dead,0
196.2191,-0.1962,0,0,0.25033,0,496.0,dead,0
196.2349,-0.1962,0,0,0.25033,0,496.0,dead,0
196.2508,-0.1962,0,0,0.25033,0,496.0,dead,0
196.2674,-0.1962,0,0,0.25033,0,496.0,dead,0
196.2861,-0.2064,0,0,0.25033,0,496.0,dead,0
196.3023,-0.2064,0,0,0.29188,0,496.0,dead,0
196.3185,-0.2064,0,0,0.29188,0,496.0,dead,0
196.335,0.0523,0,0,0.29188,0,496.0,dead,0
196.3511,0.0523,0,0,0.29188,0,496.0,dead,0
196.3674,0.0523,0,0,0.26718,0,496.0,dead,0
196.3845,1.8019,0,0,0.26718,0,496.0,dead,0
196.4003,1.8019,0,0,0.26718,0,496.0,dead,0
196.4165,1.1531,0,0,0.26718,0,496.0,dead,0
196.4333,1.1531,0,0,0.24977,0,496.0,dead,0
196.4503,1.1531,0,0,0.24977,0,496.0,dead,0
196.467,0.8853,0,0,0.24977,0,496.0,dead,0
196.4826,0.8853,0,0,0.24977,0,496.0,dead,0
196.4993,0.8853,0,0,0.24977,0,496.0,dead,0
196.5162,-0.1071,0,0,0.26987,0,496.0,dead,0
196.5324,-0.1071,0,0,0.26987,0,496.0,dead,0
196.5495,-0.122,0,0,0.26987,0,496.0,dead,0
196.5659,-0.122,0,0,0.26987,0,496.0,dead,0
196.5822,-0.122,0,0,0.28172,0,496.0,dead,0
196.5989,-0.0655,0,0,0.28172,0,496.0,dead,0
196.6148,-0.0655,0,0,0.28172,0,496.0,dead,0
196.6314,-0.0655,0,0,0.28172,0,496.0,dead,0
196.6485,-0.0937,0,0,0.26047,0,496.0,dead,0
196.6645,-0.0937,0,0,0.26047,0,496.0,dead,0
196.6811,-0.0937,0,0,0.26047,0,496.0,dead,0
196.6975,-1.2515,0,0,0.26047,0,496.0,dead,0
196.7145,-1.2515,0,0,0.29332,0,496.0,dead,0
196.7311,-1.6362,0,0,0.29332,0,496.0,dead,0
196.7467,-1.6362,0,0,0.29332,0,496.0,dead,0
196.7628,-1.6362,0,0,0.29332,0,496.0,dead,0
196.7797,-1.2736,0,0,0.27626,0,496.0,dead,0
196.7954,-1.2736,0,0,0.27626,0,496.0,dead,0
196.8123,-1.2736,0,0,0.27626,0,496.0,dead,0
196.8322,-0.7281,0,0,0.27626,0,496.0,dead,0
196.8491,-0.7281,0,0,0.2728,0,496.0,dead,0
196.8648,-0.7281,0,0,0.2728,0,496.0,dead,0
196.8809,-0.7281,0,0,0.2728,0,496.0,dead,0
196.8975,-0.7281,0,0,0.2728,0,496.0,dead,0
196.9145,-0.4377,0,0,0.29332,0,496.0,dead,0
196.9309,-0.7583,0,0,0.29332,0,496.0,dead,0
196.947,-0.7583,0,0,0.29332,0,496.0,dead,0
196.9631,-0.7583,0,0,0.29332,0,496.0,dead,0
196.9792,-0.7583,0,0,0.29332,0,496.0,dead,0
196.9964,-0.7583,0,0,0.27512,0,496.0,dead,0
197.0132,-0.0427,0,0,0.27512,0,496.0,dead,0
197.0299,-0.0427,0,0,0.27512,0,496.0,dead,0
197.0464,-0.0427,0,0,0.31932,0,496.0,dead,0
197.0628,0.1133,0,0,0.31932,0,496.0,dead,0
197.0793,0.1133,0,0,0.31932,0,496.0,dead,0
197.096,0.7708,0,0,0.31932,0,496.0,dead,0
197.1141,0.7708,0,0,0.31932,0,496.0,dead,0
197.1304,0.7708,0,0,0.29878,0,496.0,dead,0
197.1465,1.3116,0,0,0.29878,0,496.0,dead,0
197.163,1.3116,0,0,0.29878,0,496.0,dead,0
197.1806,0.9467,0,0,0.25313,0,496.0,dead,0
197.1969,0.9467,0,0,0.25313,0,496.0,dead,0
197.213,0.9467,0,0,0.25313,0,496.0,dead,0
197.2295,0.7391,0,0,0.25313,0,496.0,dead,0
197.2459,0.7391,0,0,0.28033,0,496.0,dead,0
197.2619,0.7391,0,0,0.28033,0,496.0,dead,0
197.2783,0.8131,0,0,0.28033,0,496.0,dead,0
197.2949,0.8131,0,0,0.28033,0,496.0,dead,0
197.3121,0.8131,0,0,0.28285,0,496.0,dead,0
197.3269,0.4069,0,0,0.28285,0,496.0,dead,0
197.3424,0.4069,0,0,0.28285,0,496.0,dead,0
197.359,0.4069,0,0,0.28285,0,496.0,dead,0
197.3751,0.1094,0,0,0.28285,0,496.0,dead,0
197.391,0.1094,0,0,0.2703,0,496.0,dead,0
197.4075,0.1094,0,0,0.2703,0,496.0,dead,0
197.4237,0.1094,0,0,0.2703,0,496.0,dead,0
197.4407,0.1094,0,0,0.2703,0,496.0,dead,0
197.4567,0.1094,0,0,0.31299,0,496.0,dead,0
197.473,0.1094,0,0,0.31299,0,496.0,dead,0
197.4891,0.1094,0,0,0.31299,0,496.0,dead,0
197.5062,-0.321,0,0,0.31299,0,496.0,dead,0
197.5233,-0.321,0,0,0.27966,0,496.0,dead,0
197.5398,-0.321,0,0,0.27966,0,496.0,dead,0
197.556,-0.4583,0,0,0.27966,0,496.0,dead,0
197.5721,-0.4583,0,0,0.27966,0,496.0,dead,0
197.5875,-0.4583,0,0,0.26552,0,496.0,dead,0
197.6039,-0.1693,0,0,0.26552,0,496.0,dead,0
197.6196,-0.1693,0,0,0.26552,0,496.0,dead,0
197.6357,-0.1333,0,0,0.26552,0,496.0,dead,0
197.6523,-0.1333,0,0,0.28096,0,496.0,dead,0
197.6695,-0.1333,0,0,0.28096,0,496.0,dead,0
197.6856,-0.3803,0,0,0.28096,0,496.0,dead,0
197.7021,-0.3803,0,0,0.28096,0,496.0,dead,0
197.7183,-0.3803,0,0,0.31497,0,496.0,dead,0
197.735,-0.2856,0,0,0.31497,0,496.0,dead,0
197.7511,-0.2856,0,0,0.31497,0,496.0,dead,0
197.7673,-0.0686,0,0,0.31497,0,496.0,dead,0
197.7845,-0.0686,0,0,0.26291,0,496.0,dead,0
197.8014,-0.0686,0,0,0.26291,0,496.0,dead,0
197.8179,-0.1239,0,0,0.26291,0,496.0,dead,0
197.834,-0.1239,0,0,0.26291,0,496.0,dead,0
197.8501,-0.1239,0,0,0.27353,0,496.0,dead,0
197.8666,0.6178,0,0,0.27353,0,496.0,dead,0
197.8834,0.6178,0,0,0.27353,0,496.0,dead,0
197.9005,0.1024,0,0,0.27353,0,496.0,dead,0
197.9166,0.1024,0,0,0.30465,0,496.0,dead,0
197.9331,0.1024,0,0,0.30465,0,496.0,dead,0
197.9487,-0.607,0,0,0.30465,0,496.0,dead,0
197.9649,-0.607,0,0,0.30465,0,496.0,dead,0
197.9809,-0.607,0,0,0.30465,0,496.0,dead,0
197.9967,-0.607,0,0,0.29222,0,496.0,dead,0
198.0128,-0.607,0,0,0.29222,0,496.0,dead,0
198.0294,-0.607,0,0,0.29222,0,496.0,dead,0
198.046,0.1544,0,0,0.29222,0,496.0,dead,0
198.0624,0.1544,0,0,0.31303,0,496.0,dead,0
198.0794,0.1544,0,0,0.31303,0,496.0,dead,0
198.0955,-0.055,0,0,0.31303,0,496.0,dead,0
198.1121,-0.055,0,0,0.31303,0,496.0,dead,0
198.1314,-0.0508,0,0,0.27275,0,496.0,dead,0
198.148,-0.0508,0,0,0.27275,0,496.0,dead,0
198.1641,-0.0508,0,0,0.27275,0,496.0,dead,0
198.1804,0.1439,0,0,0.27275,0,496.0,dead,0
198.1968,0.1439,0,0,0.27002,0,496.0,dead,0
198.2129,0.1439,0,0,0.27002,0,496.0,dead,0
198.2287,0.5757,0,0,0.27002,0,496.0,dead,0
198.2458,0.5757,0,0,0.27002,0,496.0,dead,0
198.2625,0.5757,0,0,0.26626,0,496.0,dead,0
198.279,0.5807,0,0,0.26626,0,496.0,dead,0
198.2953,0.5807,0,0,0.26626,0,496.0,dead,0
198.3117,0.1087,0,0,0.26626,0,496.0,dead,0
198.3284,0.1087,0,0,0.26626,0,496.0,dead,0
198.3452,0.1087,0,0,0.2629,0,496.0,dead,0
198.362,0.0006,0,0,0.2629,0,496.0,dead,0
198.3783,0.0006,0,0,0.2629,0,496.0,dead,0
198.3951,0.0006,0,0,0.2629,0,496.0,dead,0
198.4111,-0.3442,0,0,0.2629,0,496.0,dead,0
198.4269,-0.3442,0,0,0.3154,0,496.0,dead,0
198.4425,-0.2874,0,0,0.3154,0,496.0,dead,0
198.4586,-0.2874,0,0,0.3154,0,496.0,dead,0
198.475,-0.2874,0,0,0.3154,0,496.0,dead,0
198.4925,-0.7573,0,0,0.2499,0,496.0,dead,0
198.509,-0.7573,0,0,0.2499,0,496.0,dead,0
198.5259,-0.7573,0,0,0.2499,0,496.0,dead,0
198.542,-0.6733,0,0,0.2499,0,496.0,dead,0
198.5578,-0.6733,0,0,0.2499,0,496.0,dead,0
198.5757,-0.6733,0,0,0.266,0,496.0,dead,0
198.5917,-0.6733,0,0,0.266,0,496.0,dead,0
198.6077,-0.6733,0,0,0.266,0,496.0,dead,0
198.624,0.0358,0,0,0.266,0,496.0,dead,0
198.6394,0.0358,0,0,0.29896,0,496.0,dead,0
198.6563,0.0358,0,0,0.29896,0,496.0,dead,0
198.6734,-0.0256,0,0,0.29896,0,496.0,dead,0
198.6905,-0.0256,0,0,0.29896,0,496.0,dead,0
198.7074,-0.0256,0,0,0.31128,0,496.0,dead,0
198.7241,-0.0256,0,0,0.31128,0,496.0,dead,0
198.7399,-0.0256,0,0,0.31128,0,496.0,dead,0
198.7565,0.2303,0,0,0.31128,0,496.0,dead,0
198.7724,0.1302,0,0,0.27367,0,496.0,dead,0
198.7886,0.1302,0,0,0.27367,0,496.0,dead,0
198.8048,0.4268,0,0,0.27367,0,496.0,dead,0
198.8209,0.4268,0,0,0.27367,0,496.0,dead,0
198.8372,0.4268,0,0,0.25709,0,496.0,dead,0
198.8536,0.4268,0,0,0.25709,0,496.0,dead,0
198.8703,0.4268,0,0,0.25709,0,496.0,dead,0
198.8877,0.4268,0,0,0.25709,0,496.0,dead,0
198.9045,0.4268,0,0,0.25584,0,496.0,dead,0
198.9199,0.4268,0,0,0.25584,0,496.0,dead,0
198.9366,0.4425,0,0,0.25584,0,496.0,dead,0
198.9528,0.2012,0,0,0.25584,0,496.0,dead,0
198.9684,0.2012,0,0,0.2794,0,496.0,dead,0
198.9864,0.2875,0,0,0.2794,0,496.0,dead,0
199.0058,0.2875,0,0,0.2794,0,496.0,dead,0
199.0268,-0.0325,0,0,0.2794,0,496.0,dead,0
199.044,-0.0325,0,0,0.2794,0,496.0,dead,0
199.0598,-0.0325,0,0,0.29169,0,496.0,dead,0
199.0785,0.3146,0,0,0.29169,0,496.0,dead,0
199.095,0.3146,0,0,0.29169,0,496.0,dead,0
199.1107,0.3146,0,0,0.29169,0,496.0,dead,0
199.1278,-0.1136,0,0,0.24738,0,496.0,dead,0
199.144,-0.1136,0,0,0.24738,0,496.0,dead,0
199.1598,-0.6498,0,0,0.24738,0,496.0,dead,0
199.1763,-0.9534,0,0,0.24738,0,496.0,dead,0
199.1936,-0.9534,0,0,0.28724,0,496.0,dead,0
199.2102,-0.6239,0,0,0.28724,0,496.0,dead,0
199.2269,-0.6239,0,0,0.28724,0,496.0,dead,0
199.2435,-0.6239,0,0,0.28724,0,496.0,dead,0
199.2614,-0.4002,0,0,0.27408,0,496.0,dead,0
199.2774,-0.4002,0,0,0.27408,0,496.0,dead,0
199.2937,-0.4002,0,0,0.27408,0,496.0,dead,0
199.3095,-0.4002,0,0,0.27408,0,496.0,dead,0
199.3263,-0.4002,0,0,0.27408,0,496.0,dead,0
199.3451,-0.3261,0,0,0.27408,0,496.0,dead,0
199.3612,-0.3261,0,0,0.27408,0,496.0,dead,0
199.3798,-0.3261,0,0,0.27408,0,496.0,dead,0
199.3972,-0.2255,0,0,0.27408,0,496.0,dead,0
199.416,-0.2255,0,0,0.27408,0,496.0,dead,0
199.4336,-0.1381,0,0,0.27408,0,496.0,dead,0
199.4592,-0.1381,0,0,0.27408,0,496.0,dead,0
199.4748,-0.1381,0,0,0.25438,0,496.0,dead,0
199.4915,-0.1381,0,0,0.25438,0,496.0,dead,0
199.5087,-0.1381,0,0,0.25438,0,496.0,dead,0
199.5262,0.2441,0,0,0.25438,0,496.0,dead,0
199.543,-0.0948,0,0,0.27617,0,496.0,dead,0
199.5588,-0.0948,0,0,0.27617,0,496.0,dead,0
199.5746,0.0134,0,0,0.27617,0,496.0,dead,0
199.5905,0.0134,0,0,0.27617,0,496.0,dead,0
199.6073,0.0134,0,0,0.25173,0,496.0,dead,0
199.6236,0.0134,0,0,0.25173,0,496.0,dead,0
199.6397,0.0134,0,0,0.25173,0,496.0,dead,0
199.6558,-0.0184,0,0,0.24358,0,496.0,dead,0
199.6716,0.281,0,0,0.24358,0,496.0,dead,0
199.6878,0.281,0,0,0.24358,0,496.0,dead,0
199.7041,0.3203,0,0,0.24358,0,496.0,dead,0
199.7203,0.3203,0,0,0.24358,0,496.0,dead,0
199.7368,0.3203,0,0,0.24358,0,496.0,dead,0
199.7535,-0.0212,0,0,0.24358,0,496.0,dead,0
199.7698,-0.0212,0,0,0.25067,0,496.0,dead,0
199.7861,-0.0212,0,0,0.25067,0,496.0,dead,0
199.8019,-0.0212,0,0,0.25067,0,496.0,dead,0
199.8185,-0.0212,0,0,0.25067,0,496.0,dead,0
199.8355,0.3408,0,0,0.22933,0,496.0,dead,0
199.8521,0.8149,0,0,0.22933,0,496.0,dead,0
199.8682,0.8149,0,0,0.22933,0,496.0,dead,0
199.8837,0.8341,0,0,0.28757,0,496.0,dead,0
199.8996,0.8341,0,0,0.28757,0,496.0,dead,0
199.9158,0.8341,0,0,0.28757,0,496.0,dead,0
199.9319,-0.2344,0,0,0.25685,0,496.0,dead,0
199.9478,-0.2344,0,0,0.25685,0,496.0,dead,0
199.9639,-0.2344,0,0,0.25685,0,496.0,dead,0
199.98,-0.0556,0,0,0.25685,0,496.0,dead,0
199.9998,-0.0556,0,0,0.26961,0,496.0,dead,0
200.0162,-0.3741,0,0,0.26961,0,496.0,dead,0
200.0334,-0.3741,0,0,0.26961,0,496.0,dead,0
200.05,-0.3741,0,0,0.26961,0,496.0,dead,0
200.0664,-0.1444,0,0,0.27045,0,496.0,dead,0
200.0826,-0.1444,0,0,0.27045,0,496.0,dead,0
200.0987,-0.1444,0,0,0.27045,0,496.0,dead,0
200.1155,-0.7036,0,0,0.27045,0,496.0,dead,0
200.1317,-0.7036,0,0,0.25934,0,496.0,dead,0
200.1485,-0.7036,0,0,0.25934,0,496.0,dead,0
200.1649,-0.7036,0,0,0.25934,0,496.0,dead,0
200.1813,-0.7036,0,0,0.27676,0,496.0,dead,0
200.1985,-0.2889,0,0,0.27676,0,496.0,dead,0
200.2152,-0.2889,0,0,0.27676,0,496.0,dead,0
200.2324,-0.2889,0,0,0.26321,0,496.0,dead,0
200.2488,-0.2181,0,0,0.26321,0,496.0,dead,0
200.2648,-0.2181,0,0,0.26321,0,496.0,dead,0
200.2812,-0.2181,0,0,0.25933,0,496.0,dead,0
200.2986,0.5483,0,0,0.25933,0,496.0,dead,0
200.3158,0.5483,0,0,0.25933,0,496.0,dead,0
200.332,0.1982,0,0,0.26934,0,496.0,dead,0
200.3486,0.1982,0,0,0.26934,0,496.0,dead,0
200.3653,0.1982,0,0,0.26934,0,496.0,dead,0
200.3821,-0.1008,0,0,0.26934,0,496.0,dead,0
200.3983,-0.1008,0,0,0.26934,0,496.0,dead,0
200.4149,-0.1008,0,0,0.26934,0,496.0,dead,0
200.4323,-0.081,0,0,0.26934,0,496.0,dead,0
200.4516,-0.081,0,0,0.26934,0,496.0,dead,0
200.4727,0.2256,0,0,0.28401,0,496.0,dead,0
200.4891,0.2256,0,0,0.28401,0,496.0,dead,0
200.5065,0.2256,0,0,0.28401,0,496.0,dead,0
200.5215,0.5176,0,0,0.28401,0,496.0,dead,0
200.5386,0.5176,0,0,0.28401,0,496.0,dead,0
200.5655,0.8419,0,0,0.33966,0,496.0,dead,0
200.5836,0.8419,0,0,0.33966,0,496.0,dead,0
200.6017,1.4058,0,0,0.33966,0,496.0,dead,0
200.6179,1.4058,0,0,0.33966,0,496.0,dead,0
200.634,1.4058,0,0,0.29858,0,496.0,dead,0
200.6506,1.4922,0,0,0.29858,0,496.0,dead,0
200.6668,1.4922,0,0,0.29858,0,496.0,dead,0
200.6829,1.4922,0,0,0.29858,0,496.0,dead,0
200.6987,0.7143,0,0,0.29858,0,496.0,dead,0
200.7144,0.7143,0,0,0.30549,0,496.0,dead,0
200.7323,0.7143,0,0,0.30549,0,496.0,dead,0
200.7516,0.3115,0,0,0.30549,0,496.0,dead,0
200.7687,0.3115,0,0,0.30549,0,496.0,dead,0
200.7856,-0.2106,0,0,0.30549,0,496.0,dead,0
200.8032,-0.2106,0,0,0.31579,0,496.0,dead,0
200.8207,-0.2106,0,0,0.31579,0,496.0,dead,0
200.8432,-0.9209,0,0,0.31579,0,496.0,dead,0
200.8605,-0.9209,0,0,0.31579,0,496.0,dead,0
200.8775,-0.9209,0,0,0.29331,0,496.0,dead,0
200.8946,-0.9209,0,0,0.29331,0,496.0,dead,0
200.9106,-0.9209,0,0,0.29331,0,496.0,dead,0
200.9272,-0.9209,0,0,0.28581,0,496.0,dead,0
200.9436,-0.9209,0,0,0.28581,0,496.0,dead,0
200.9604,-0.9209,0,0,0.28581,0,496.0,dead,0
200.9773,-0.9209,0,0,0.28581,0,496.0,dead,0
200.9939,-0.9209,0,0,0.25386,0,496.0,dead,0
201.01,-0.7312,0,0,0.25386,0,496.0,dead,0
201.0266,-0.7291,0,0,0.25386,0,496.0,dead,0
201.0432,-0.7291,0,0,0.26937,0,496.0,dead,0
201.06,-0.7612,0,0,0.26937,0,496.0,dead,0
201.0756,-0.7612,0,0,0.26937,0,496.0,dead,0
201.0916,-0.7612,0,0,0.26937,0,496.0,dead,0
201.1134,-0.4259,0,0,0.27841,0,496.0,dead,0
201.1324,-0.4259,0,0,0.27841,0,496.0,dead,0
201.15,-0.0859,0,0,0.27841,0,496.0,dead,0
201.1657,-0.0859,0,0,0.27841,0,496.0,dead,0
201.1825,-0.0859,0,0,0.27271,0,496.0,dead,0
201.1988,0.26,0,0,0.27271,0,496.0,dead,0
201.2149,0.26,0,0,0.27271,0,496.0,dead,0
201.231,0.3162,0,0,0.27271,0,496.0,dead,0
201.2516,0.3162,0,0,0.27852,0,496.0,dead,0
201.2683,0.3162,0,0,0.27852,0,496.0,dead,0
201.2907,0.3223,0,0,0.27852,0,496.0,dead,0
201.3078,0.3223,0,0,0.27852,0,496.0,dead,0
201.3293,0.1183,0,0,0.27852,0,496.0,dead,0
201.3474,0.1183,0,0,0.27852,0,496.0,dead,0
201.365,0.1183,0,0,0.26368,0,496.0,dead,0
201.3807,0.1183,0,0,0.26368,0,496.0,dead,0
201.4032,0.1183,0,0,0.26368,0,496.0,dead,0
201.4185,0.4052,0,0,0.26368,0,496.0,dead,0
201.4346,0.4052,0,0,0.26702,0,496.0,dead,0
201.4514,0.4052,0,0,0.26702,0,496.0,dead,0
201.4676,-0.0839,0,0,0.26702,0,496.0,dead,0
201.4842,-0.0839,0,0,0.26702,0,496.0,dead,0
201.5061,0.2299,0,0,0.28203,0,496.0,dead,0
201.5224,0.2299,0,0,0.28203,0,496.0,dead,0
201.5391,0.2299,0,0,0.28203,0,496.0,dead,0
201.555,0.3895,0,0,0.28203,0,496.0,dead,0
201.5722,0.3895,0,0,0.27287,0,496.0,dead,0
201.5876,0.3895,0,0,0.27287,0,496.0,dead,0
201.6038,0.8111,0,0,0.27287,0,496.0,dead,0
201.6196,0.8111,0,0,0.27287,0,496.0,dead,0
201.6362,0.8111,0,0,0.26662,0,496.0,dead,0
201.6525,-0.492,0,0,0.26662,0,496.0,dead,0
201.6685,-0.492,0,0,0.26662,0,496.0,dead,0
201.6848,-0.4627,0,0,0.26662,0,496.0,dead,0
201.7005,-0.4627,0,0,0.27246,0,496.0,dead,0
201.7171,-0.4627,0,0,0.27246,0,496.0,dead,0
201.7327,-0.378,0,0,0.27246,0,496.0,dead,0
201.7485,-0.378,0,0,0.27246,0,496.0,dead,0
201.7651,-0.378,0,0,0.30826,0,496.0,dead,0
201.7804,-0.611,0,0,0.30826,0,496.0,dead,0
201.7968,-0.611,0,0,0.30826,0,496.0,dead,0
201.8129,-0.611,0,0,0.30826,0,496.0,dead,0
201.8303,-0.7865,0,0,0.30826,0,496.0,dead,0
201.8475,-0.7865,0,0,0.27677,0,496.0,dead,0
201.864,-0.4192,0,0,0.27677,0,496.0,dead,0
201.8806,-0.4192,0,0,0.27677,0,496.0,dead,0
201.8975,-0.4192,0,0,0.28616,0,496.0,dead,0
201.9135,-0.3223,0,0,0.28616,0,496.0,dead,0
201.9299,-0.3223,0,0,0.28616,0,496.0,dead,0
201.9463,-0.3223,0,0,0.28616,0,496.0,dead,0
201.9634,-0.3263,0,0,0.28228,0,496.0,dead,0
201.9798,-0.3263,0,0,0.28228,0,496.0,dead,0
201.9964,-0.7092,0,0,0.28228,0,496.0,dead,0
202.013,-0.7092,0,0,0.28228,0,496.0,dead,0
202.0294,-0.7092,0,0,0.28993,0,496.0,dead,0
202.0455,-0.7039,0,0,0.28993,0,496.0,dead,0
202.0621,-0.7039,0,0,0.28993,0,496.0,dead,0
202.0781,-0.7039,0,0,0.28993,0,496.0,dead,0
202.0942,-0.7134,0,0,0.22891,0,496.0,dead,0
202.1117,-0.7134,0,0,0.22891,0,496.0,dead,0
202.1284,-0.7134,0,0,0.22891,0,496.0,dead,0
202.145,-0.3243,0,0,0.22891,0,496.0,dead,0
202.1623,-0.3243,0,0,0.25995,0,496.0,dead,0
202.1795,-0.0735,0,0,0.25995,0,496.0,dead,0
202.1961,-0.0735,0,0,0.25995,0,496.0,dead,0
202.2126,-0.0735,0,0,0.27651,0,496.0,dead,0
202.229,0.1293,0,0,0.27651,0,496.0,dead,0
202.2454,0.1293,0,0,0.27651,0,496.0,dead,0
202.2615,0.1293,0,0,0.27651,0,496.0,dead,0
202.2783,0.3478,0,0,0.25787,0,496.0,dead,0
202.2993,0.3478,0,0,0.25787,0,496.0,dead,0
202.3156,0.1676,0,0,0.25787,0,496.0,dead,0
202.3324,0.1676,0,0,0.25787,0,496.0,dead,0
202.3521,0.1676,0,0,0.28873,0,496.0,dead,0
202.3679,0.4517,0,0,0.28873,0,496.0,dead,0
202.384,0.4517,0,0,0.28873,0,496.0,dead,0
202.4001,0.4868,0,0,0.28873,0,496.0,dead,0
202.4161,0.4868,0,0,0.28873,0,496.0,dead,0
202.4321,0.4868,0,0,0.27955,0,496.0,dead,0
202.4479,0.2448,0,0,0.27955,0,496.0,dead,0
202.4686,0.2448,0,0,0.27955,0,496.0,dead,0
202.485,0.2448,0,0,0.27955,0,496.0,dead,0
202.5024,0.3375,0,0,0.27955,0,496.0,dead,0
202.519,0.3375,0,0,0.28901,0,496.0,dead,0
202.5352,0.3375,0,0,0.28901,0,496.0,dead,0
202.5523,0.5084,0,0,0.28901,0,496.0,dead,0
202.569,0.5084,0,0,0.26977,0,496.0,dead,0
202.585,0.3293,0,0,0.26977,0,496.0,dead,0
202.6011,0.3293,0,0,0.26977,0,496.0,dead,0
202.6171,0.3293,0,0,0.26977,0,496.0,dead,0
202.635,0.3835,0,0,0.26582,0,496.0,dead,0
202.651,0.3835,0,0,0.26582,0,496.0,dead,0
202.6667,0.3835,0,0,0.26582,0,496.0,dead,0
202.6828,0.3263,0,0,0.26582,0,496.0,dead,0
202.6991,0.3263,0,0,0.26582,0,496.0,dead,0
202.7154,0.5295,0,0,0.27351,0,496.0,dead,0
202.7324,1.0697,0,0,0.27351,0,496.0,dead,0
202.7497,1.0697,0,0,0.27351,0,496.0,dead,0
202.7655,0.7958,0,0,0.27351,0,496.0,dead,0
202.7827,0.7958,0,0,0.24675,0,496.0,dead,0
202.7994,0.7958,0,0,0.24675,0,496.0,dead,0
202.8166,0.4781,0,0,0.24675,0,496.0,dead,0
202.8331,0.4781,0,0,0.24675,0,496.0,dead,0
202.85,0.6764,0,0,0.29608,0,496.0,dead,0
202.8669,0.6764,0,0,0.29608,0,496.0,dead,0
202.8835,0.6764,0,0,0.29608,0,496.0,dead,0
202.9004,0.7358,0,0,0.29608,0,496.0,dead,0
202.9184,0.7358,0,0,0.29608,0,496.0,dead,0
202.936,0.7358,0,0,0.27352,0,496.0,dead,0
202.9515,0.509,0,0,0.27352,0,496.0,dead,0
202.9686,0.509,0,0,0.27352,0,496.0,dead,0
202.9855,0.509,0,0,0.27352,0,496.0,dead,0
203.002,0.509,0,0,0.26329,0,496.0,dead,0
203.018,0.509,0,0,0.26329,0,496.0,dead,0
203.0365,0.1958,0,0,0.26329,0,496.0,dead,0
203.0568,-0.0844,0,0,0.26329,0,496.0,dead,0
203.0729,-0.0844,0,0,0.26329,0,496.0,dead,0
203.0885,-0.285,0,0,0.26983,0,496.0,dead,0
203.1061,-0.285,0,0,0.26983,0,496.0,dead,0
203.1222,0.0932,0,0,0.26983,0,496.0,dead,0
203.1396,0.0932,0,0,0.26983,0,496.0,dead,0
203.1558,0.0932,0,0,0.26983,0,496.0,dead,0
203.1778,-0.2973,0,0,0.2823,0,496.0,dead,0
203.1949,-0.2973,0,0,0.2823,0,496.0,dead,0
203.2111,-0.0957,0,0,0.2823,0,496.0,dead,0
203.228,-0.3465,0,0,0.2823,0,496.0,dead,0
203.2441,-0.3465,0,0,0.2823,0,496.0,dead,0
203.2635,-0.4385,0,0,0.27595,0,496.0,dead,0
203.2806,-0.4385,0,0,0.27595,0,496.0,dead,0
203.2969,-0.4385,0,0,0.27595,0,496.0,dead,0
203.313,-0.3013,0,0,0.27595,0,496.0,dead,0
203.3288,-0.3013,0,0,0.28284,0,496.0,dead,0
203.3455,-0.5339,0,0,0.28284,0,496.0,dead,0
203.3622,-0.5339,0,0,0.28284,0,496.0,dead,0
203.3787,-0.5339,0,0,0.28284,0,496.0,dead,0
203.3951,-0.2173,0,0,0.30152,0,496.0,dead,0
203.4112,-0.2173,0,0,0.30152,0,496.0,dead,0
203.427,-0.2173,0,0,0.30152,0,496.0,dead,0
203.4435,-0.2173,0,0,0.30152,0,496.0,dead,0
203.4599,-0.2173,0,0,0.2808,0,496.0,dead,0
203.4765,-0.2173,0,0,0.2808,0,496.0,dead,0
203.4926,-0.8717,0,0,0.2808,0,496.0,dead,0
203.5092,-0.8717,0,0,0.25069,0,496.0,dead,0
203.5283,-0.0634,0,0,0.25069,0,496.0,dead,0
203.545,-0.0634,0,0,0.25069,0,496.0,dead,0
203.5606,-0.0634,0,0,0.25069,0,496.0,dead,0
203.5772,-0.1149,0,0,0.26607,0,496.0,dead,0
203.5944,-0.1149,0,0,0.26607,0,496.0,dead,0
203.6117,-0.1149,0,0,0.34226,0,496.0,dead,0
203.6284,0.4967,0,0,0.34226,0,496.0,dead,0
203.6449,0.4967,0,0,0.34226,0,496.0,dead,0
203.6613,0.0929,0,0,0.2742,0,496.0,dead,0
203.6783,0.0929,0,0,0.2742,0,496.0,dead,0
203.6955,0.0929,0,0,0.30503,0,496.0,dead,0
203.7115,-0.246,0,0,0.30503,0,496.0,dead,0
203.7276,-0.246,0,0,0.30503,0,496.0,dead,0
203.7442,-0.246,0,0,0.30645,0,496.0,dead,0
203.7609,-0.1554,0,0,0.30645,0,496.0,dead,0
203.7777,-0.1554,0,0,0.30645,0,496.0,dead,0
203.7939,-0.1554,0,0,0.33304,0,496.0,dead,0
203.8104,0.2876,0,0,0.33304,0,496.0,dead,0
203.8269,0.2876,0,0,0.33304,0,496.0,dead,0
203.8434,0.2876,0,0,0.31652,0,496.0,dead,0
203.8596,0.2876,0,0,0.31652,0,496.0,dead,0
203.8761,0.2876,0,0,0.30981,0,496.0,dead,0
203.8917,0.6867,0,0,0.30981,0,496.0,dead,0
203.9079,0.6867,0,0,0.30981,0,496.0,dead,0
203.9245,0.6867,0,0,0.32611,0,496.0,dead,0
203.9403,0.9027,0,0,0.32611,0,496.0,dead,0
203.9586,0.9027,0,0,0.32611,0,496.0,dead,0
203.9746,0.7845,0,0,0.33045,0,496.0,dead,0
203.991,0.7845,0,0,0.33045,0,496.0,dead,0
204.0068,0.7845,0,0,0.31747,0,496.0,dead,0
204.0234,0.8711,0,0,0.31747,0,496.0,dead,0
204.0403,0.8711,0,0,0.31747,0,496.0,dead,0
204.0572,0.8711,0,0,0.3338,0,496.0,dead,0
204.0733,0.2054,0,0,0.3338,0,496.0,dead,0
204.0905,0.2054,0,0,0.3338,0,496.0,dead,0
204.1075,0.2054,0,0,0.31502,0,496.0,dead,0
204.1242,0.0176,0,0,0.31502,0,496.0,dead,0
204.141,0.0176,0,0,0.31502,0,496.0,dead,0
204.1576,-0.2577,0,0,0.35219,0,496.0,dead,0
204.1738,0.2825,0,0,0.35219,0,496.0,dead,0
204.1899,0.2825,0,0,0.35219,0,496.0,dead,0
204.206,0.6274,0,0,0.3112,0,496.0,dead,0
204.2216,0.6274,0,0,0.3112,0,496.0,dead,0
204.2379,0.6274,0,0,0.3112,0,496.0,dead,0
204.2541,0.5792,0,0,0.32201,0,496.0,dead,0
204.2705,0.5792,0,0,0.32201,0,496.0,dead,0
204.2871,0.5792,0,0,0.32201,0,496.0,dead,0
204.3028,-0.0042,0,0,0.3413,0,496.0,dead,0
204.3185,-0.0042,0,0,0.3413,0,496.0,dead,0
204.3351,-0.1058,0,0,0.3413,0,496.0,dead,0
204.3514,-0.1058,0,0,0.30322,0,496.0,dead,0
204.3681,-0.1058,0,0,0.30322,0,496.0,dead,0
204.3838,-0.1907,0,0,0.30322,0,496.0,dead,0
204.3998,-0.1907,0,0,0.30322,0,496.0,dead,0
204.416,-0.1907,0,0,0.30522,0,496.0,dead,0
204.4316,-0.1907,0,0,0.30522,0,496.0,dead,0
204.4484,-0.1907,0,0,0.30522,0,496.0,dead,0
204.4647,-0.1907,0,0,0.31264,0,496.0,dead,0
204.4813,-0.1907,0,0,0.31264,0,496.0,dead,0
204.4976,-0.1907,0,0,0.31264,0,496.0,dead,0
204.5142,-0.427,0,0,0.29391,0,496.0,dead,0
204.5309,-0.427,0,0,0.29391,0,496.0,dead,0
204.547,-0.427,0,0,0.29391,0,496.0,dead,0
204.563,-0.5899,0,0,0.31647,0,496.0,dead,0
204.5796,-0.5144,0,0,0.31647,0,496.0,dead,0
204.5961,-0.5144,0,0,0.31647,0,496.0,dead,0
204.6124,-0.3415,0,0,0.31647,0,496.0,dead,0
204.6291,-0.3415,0,0,0.32594,0,496.0,dead,0
204.6445,-0.3415,0,0,0.32594,0,496.0,dead,0
204.6616,-0.3019,0,0,0.32594,0,496.0,dead,0
204.6779,-0.3019,0,0,0.32221,0,496.0,dead,0
204.6944,0.2118,0,0,0.32221,0,496.0,dead,0
204.7125,-0.1024,0,0,0.3193,0,496.0,dead,0
204.7291,-0.1024,0,0,0.3193,0,496.0,dead,0
204.7461,-0.3004,0,0,0.3193,0,496.0,dead,0
204.7622,-0.3004,0,0,0.33374,0,496.0,dead,0
204.7774,-0.3004,0,0,0.33374,0,496.0,dead,0
204.7941,-0.2806,0,0,0.33374,0,496.0,dead,0
204.8095,-0.2806,0,0,0.31995,0,496.0,dead,0
204.8264,-0.2806,0,0,0.31995,0,496.0,dead,0
204.8429,-0.838,0,0,0.31995,0,496.0,dead,0
204.8594,-0.838,0,0,0.31995,0,496.0,dead,0
204.8757,-0.4389,0,0,0.33173,0,496.0,dead,0
204.8924,-0.4389,0,0,0.33173,0,496.0,dead,0
204.9088,-0.4389,0,0,0.33173,0,496.0,dead,0
204.9251,-1.2505,0,0,0.3118,0,496.0,dead,0
204.9411,-1.2505,0,0,0.3118,0,496.0,dead,0
204.9569,-1.2505,0,0,0.3118,0,496.0,dead,0
204.9742,-0.8853,0,0,0.3118,0,496.0,dead,0
204.991,-0.8853,0,0,0.31652,0,496.0,dead,0
205.007,-0.8853,0,0,0.31652,0,496.0,dead,0
205.0231,-0.8853,0,0,0.31652,0,496.0,dead,0
205.0388,-0.8853,0,0,0.29948,0,496.0,dead,0
205.055,-0.6787,0,0,0.29948,0,496.0,dead,0
205.0727,-0.1987,0,0,0.29948,0,496.0,dead,0
205.0889,-0.1987,0,0,0.3062,0,496.0,dead,0
205.1053,-0.4922,0,0,0.3062,0,496.0,dead,0
205.1227,-0.4922,0,0,0.3062,0,496.0,dead,0
205.1389,-0.4922,0,0,0.31395,0,496.0,dead,0
205.1548,0.1968,0,0,0.31395,0,496.0,dead,0
205.1716,0.1968,0,0,0.31395,0,496.0,dead,0
205.1878,0.1968,0,0,0.31395,0,496.0,dead,0
205.2045,0.5354,0,0,0.31334,0,496.0,dead,0
205.2217,0.5354,0,0,0.31334,0,496.0,dead,0
205.239,0.2439,0,0,0.31334,0,496.0,dead,0
205.2555,0.2439,0,0,0.31334,0,496.0,dead,0
205.2718,0.2439,0,0,0.31497,0,496.0,dead,0
205.2875,0.3702,0,0,0.31497,0,496.0,dead,0
205.3035,0.3702,0,0,0.31497,0,496.0,dead,0
205.3195,0.3702,0,0,0.31497,0,496.0,dead,0
205.3357,0.3702,0,0,0.31322,0,496.0,dead,0
205.3515,0.3702,0,0,0.31322,0,496.0,dead,0
205.368,0.3702,0,0,0.31322,0,496.0,dead,0
205.3845,0.1353,0,0,0.31322,0,496.0,dead,0
205.4004,0.1353,0,0,0.31942,0,496.0,dead,0
205.4166,0.1353,0,0,0.31942,0,496.0,dead,0
205.4331,0.1353,0,0,0.31942,0,496.0,dead,0
205.4488,0.1353,0,0,0.31084,0,496.0,dead,0
205.4653,0.0982,0,0,0.31084,0,496.0,dead,0
205.4815,0.0982,0,0,0.31084,0,496.0,dead,0
205.4982,0.0982,0,0,0.3373,0,496.0,dead,0
205.5143,-0.0198,0,0,0.3373,0,496.0,dead,0
205.5312,-0.0198,0,0,0.3373,0,496.0,dead,0
205.5468,-0.0198,0,0,0.29728,0,496.0,dead,0
205.5632,0.7285,0,0,0.29728,0,496.0,dead,0
205.5783,0.7285,0,0,0.29728,0,496.0,dead,0
205.5956,0.0506,0,0,0.29728,0,496.0,dead,0
205.6124,0.0506,0,0,0.26878,0,496.0,dead,0
205.6291,0.0506,0,0,0.26878,0,496.0,dead,0
205.6452,-0.5077,0,0,0.26878,0,496.0,dead,0
205.6624,-0.5077,0,0,0.26878,0,496.0,dead,0
205.6785,-0.5077,0,0,0.26878,0,496.0,dead,0
205.6947,-0.5077,0,0,0.26878,0,496.0,dead,0
205.7113,-0.5077,0,0,0.26878,0,496.0,dead,0
205.728,-0.5077,0,0,0.30119,0,496.0,dead,0
205.7438,-0.1395,0,0,0.30119,0,496.0,dead,0
205.7602,-0.1395,0,0,0.30119,0,496.0,dead,0
205.7776,0.0653,0,0,0.30571,0,496.0,dead,0
205.7939,-0.0421,0,0,0.30571,0,496.0,dead,0
205.8105,-0.0421,0,0,0.30571,0,496.0,dead,0
205.8273,0.1937,0,0,0.2897,0,496.0,dead,0
205.844,0.1937,0,0,0.2897,0,496.0,dead,0
205.86,0.1937,0,0,0.2897,0,496.0,dead,0
205.8761,0.1969,0,0,0.30704,0,496.0,dead,0
205.8921,0.1969,0,0,0.30704,0,496.0,dead,0
205.9075,0.1969,0,0,0.30704,0,496.0,dead,0
205.9239,-0.3555,0,0,0.29412,0,496.0,dead,0
205.9395,-0.3555,0,0,0.29412,0,496.0,dead,0
205.9567,-0.04,0,0,0.29412,0,496.0,dead,0
205.9728,-0.04,0,0,0.29412,0,496.0,dead,0
205.9921,-0.04,0,0,0.31973,0,496.0,dead,0
206.0133,0.3656,0,0,0.31973,0,496.0,dead,0
206.0322,0.3656,0,0,0.31973,0,496.0,dead,0
206.0493,0.1552,0,0,0.31973,0,496.0,dead,0
206.0671,0.0714,0,0,0.31973,0,496.0,dead,0
206.0843,0.0714,0,0,0.28566,0,496.0,dead,0
206.1009,0.205,0,0,0.28566,0,496.0,dead,0
206.1168,0.205,0,0,0.28566,0,496.0,dead,0
206.1358,0.205,0,0,0.28566,0,496.0,dead,0
206.1518,0.1758,0,0,0.35702,0,496.0,dead,0
206.1706,0.1758,0,0,0.35702,0,496.0,dead,0
206.1906,-0.0451,0,0,0.35702,0,496.0,dead,0
206.2073,-0.0451,0,0,0.35702,0,496.0,dead,0
206.224,0.0404,0,0,0.32846,0,496.0,dead,0
206.2406,0.0404,0,0,0.32846,0,496.0,dead,0
206.2577,0.0404,0,0,0.32846,0,496.0,dead,0
206.2744,0.1537,0,0,0.30724,0,496.0,dead,0
206.291,0.1537,0,0,0.30724,0,496.0,dead,0
206.307,0.1537,0,0,0.30724,0,496.0,dead,0
206.3229,-0.2936,0,0,0.30724,0,496.0,dead,0
206.3389,-0.2936,0,0,0.29209,0,496.0,dead,0
206.3547,-0.2936,0,0,0.29209,0,496.0,dead,0
206.3705,0.7673,0,0,0.29209,0,496.0,dead,0
206.3873,0.7673,0,0,0.29209,0,496.0,dead,0
206.4033,0.7673,0,0,0.30223,0,496.0,dead,0
206.42,0.7673,0,0,0.30223,0,496.0,dead,0
206.4358,0.7673,0,0,0.30223,0,496.0,dead,0
206.452,1.2624,0,0,0.32413,0,496.0,dead,0
206.4676,1.2624,0,0,0.32413,0,496.0,dead,0
206.4838,1.2624,0,0,0.32413,0,496.0,dead,0
206.4996,0.165,0,0,0.32413,0,496.0,dead,0
206.5188,0.165,0,0,0.30779,0,496.0,dead,0
206.535,0.165,0,0,0.30779,0,496.0,dead,0
206.551,-0.8316,0,0,0.30779,0,496.0,dead,0
206.5669,-0.8316,0,0,0.30779,0,496.0,dead,0
206.5829,-0.8316,0,0,0.30779,0,496.0,dead,0
206.5993,-0.7645,0,0,0.33311,0,496.0,dead,0
206.6165,-0.7645,0,0,0.33311,0,496.0,dead,0
206.6336,-0.6966,0,0,0.33311,0,496.0,dead,0
206.6505,-0.6966,0,0,0.28983,0,496.0,dead,0
206.6673,-0.6966,0,0,0.28983,0,496.0,dead,0
206.6843,-0.6298,0,0,0.28983,0,496.0,dead,0
206.7011,-0.6298,0,0,0.28983,0,496.0,dead,0
206.7172,-0.6298,0,0,0.28983,0,496.0,dead,0
206.7328,0.3557,0,0,0.28983,0,496.0,dead,0
206.7485,0.3557,0,0,0.28983,0,496.0,dead,0
206.7659,1.898,0,0,0.28983,0,496.0,dead,0
206.7823,1.898,0,0,0.31683,0,496.0,dead,0
206.7988,1.898,0,0,0.31683,0,496.0,dead,0
206.8146,0.7518,0,0,0.31683,0,496.0,dead,0
206.8316,0.7518,0,0,0.31683,0,496.0,dead,0
206.8478,0.7518,0,0,0.30732,0,496.0,dead,0
206.8645,0.4495,0,0,0.30732,0,496.0,dead,0
206.8808,0.4495,0,0,0.30732,0,496.0,dead,0
206.8971,0.4495,0,0,0.30732,0,496.0,dead,0
206.9129,0.4119,0,0,0.30746,0,496.0,dead,0
206.9286,0.4119,0,0,0.30746,0,496.0,dead,0
206.9457,0.1972,0,0,0.30746,0,496.0,dead,0
206.9632,0.1972,0,0,0.30746,0,496.0,dead,0
206.9788,0.1972,0,0,0.31785,0,496.0,dead,0
206.9951,-0.0494,0,0,0.31785,0,496.0,dead,0
207.0113,-0.0494,0,0,0.31785,0,496.0,dead,0
207.0307,-0.0494,0,0,0.31785,0,496.0,dead,0
207.0475,-0.3062,0,0,0.2825,0,496.0,dead,0
207.0642,-0.3062,0,0,0.2825,0,496.0,dead,0
207.0794,-0.3062,0,0,0.2825,0,496.0,dead,0
207.0955,0.1145,0,0,0.2825,0,496.0,dead,0
207.1117,0.1145,0,0,0.2825,0,496.0,dead,0
207.1316,-0.1955,0,0,0.31594,0,496.0,dead,0
207.1476,-0.1955,0,0,0.31594,0,496.0,dead,0
207.1637,-0.1955,0,0,0.31594,0,496.0,dead,0
207.1805,-0.1732,0,0,0.31594,0,496.0,dead,0
207.1966,-0.1732,0,0,0.30102,0,496.0,dead,0
207.2131,-0.1732,0,0,0.30102,0,496.0,dead,0
207.2317,0.3227,0,0,0.30102,0,496.0,dead,0
207.2482,0.3227,0,0,0.30102,0,496.0,dead,0
207.264,-0.0667,0,0,0.28839,0,496.0,dead,0
207.2806,-0.0667,0,0,0.28839,0,496.0,dead,0
207.2969,-0.0667,0,0,0.28839,0,496.0,dead,0
207.3131,-0.0827,0,0,0.28839,0,496.0,dead,0
207.3288,-0.0827,0,0,0.2923,0,496.0,dead,0
207.3459,-0.0827,0,0,0.2923,0,496.0,dead,0
207.3621,0.1183,0,0,0.2923,0,496.0,dead,0
207.3781,0.1183,0,0,0.29514,0,496.0,dead,0
207.3945,-0.2388,0,0,0.29514,0,496.0,dead,0
207.4111,-0.1581,0,0,0.29514,0,496.0,dead,0
207.4267,-0.1581,0,0,0.31987,0,496.0,dead,0
207.4443,0.0945,0,0,0.31987,0,496.0,dead,0
207.4609,0.0945,0,0,0.31987,0,496.0,dead,0
207.4766,0.0945,0,0,0.31987,0,496.0,dead,0
207.4947,0.0945,0,0,0.31987,0,496.0,dead,0
207.5105,0.0945,0,0,0.32552,0,496.0,dead,0
207.5272,0.0945,0,0,0.32552,0,496.0,dead,0
207.5429,-0.8374,0,0,0.32552,0,496.0,dead,0
207.5593,-0.8374,0,0,0.34254,0,496.0,dead,0
207.5761,-0.3387,0,0,0.34254,0,496.0,dead,0
207.5924,-0.3387,0,0,0.34254,0,496.0,dead,0
207.609,-0.3387,0,0,0.34254,0,496.0,dead,0
207.6252,-0.4382,0,0,0.34254,0,496.0,dead,0
207.6414,-0.4382,0,0,0.34055,0,496.0,dead,0
207.6583,-0.4382,0,0,0.34055,0,496.0,dead,0
207.6749,-1.8484,0,0,0.34055,0,496.0,dead,0
207.6915,-1.8484,0,0,0.29479,0,496.0,dead,0
207.708,-1.8484,0,0,0.29479,0,496.0,dead,0
207.7241,-0.5948,0,0,0.29479,0,496.0,dead,0
207.7404,-0.5948,0,0,0.26875,0,496.0,dead,0
207.7564,0.0211,0,0,0.26875,0,496.0,dead,0
207.7735,0.0211,0,0,0.26875,0,496.0,dead,0
207.7906,0.0211,0,0,0.30151,0,496.0,dead,0
207.8067,1.3702,0,0,0.30151,0,496.0,dead,0
207.8228,1.3702,0,0,0.30151,0,496.0,dead,0
207.8388,1.3702,0,0,0.34423,0,496.0,dead,0
207.8549,-9.7226,0,0,0.34423,0,496.0,dead,0
207.8709,-9.7226,0,0,0.34423,0,496.0,dead,0
207.8911,-14.4888,1,0,0.34423,0,496.0,dead,0
207.9084,-14.4888,0,0,0.37124,0,285.0,playing,0
207.925,-14.4888,0,0,0.37124,0,278.69,playing,0
207.9411,10.5971,0,0,0.37124,0,273.03,playing,0
207.9571,10.5971,0,0,0.32195,0,267.65,playing,0
207.9728,10.5971,0,0,0.32195,0,262.56,playing,0
207.9885,10.5971,0,0,0.32195,0,257.74,playing,0
208.0046,10.5971,0,0,0.32195,0,253.21,playing,0
208.022,10.5971,0,0,0.21718,0,248.96,playing,0
208.0404,14.3147,0,0,0.21718,0,244.76,playing,0
208.0579,11.2427,0,0,0.21718,0,240.46,playing,0
208.0745,8.5787,0,0,0.21718,0,236.94,playing,0
208.0905,8.5787,0,0,0.21718,0,233.73,playing,0
208.1066,8.5787,0,0,0.21376,0,230.99,playing,0
208.1232,6.0704,0,0,0.21376,0,228.53,playing,0
208.1391,6.0704,0,0,0.21376,0,226.36,playing,0
208.156,6.0704,0,0,0.28584,1,224.47,playing,0
208.1714,6.0704,0,0,0.28584,0,222.77,playing,0
208.1878,6.0704,0,0,0.28584,0,221.46,playing,0
208.2034,6.0704,0,0,0.31142,0,220.43,playing,0
208.22,1.5288,0,0,0.31142,0,219.68,playing,0
208.2364,1.5288,0,0,0.31142,0,219.22,playing,0
208.2527,1.5288,0,0,0.31142,0,219.04,playing,0
208.2694,1.5288,0,0,0.34741,0,219.15,playing,0
208.2865,1.5288,0,0,0.34741,0,219.59,playing,0
208.3028,0.1347,0,0,0.34741,0,220.35,playing,0
208.3214,0.1347,0,0,0.34741,0,221.34,playing,0
208.3376,0.1347,0,0,0.32908,0,222.92,playing,0
208.3562,-2.602,0,0,0.32908,0,224.53,playing,0
208.3733,-2.602,0,0,0.32908,0,226.83,playing,0
208.3906,-2.8742,0,0,0.31267,0,229.22,playing,0
208.4066,-2.8742,0,0,0.31267,0,231.92,playing,0
208.4233,-2.8742,0,0,0.31267,0,234.74,playing,0
208.4405,-2.8585,0,0,0.32956,0,238.06,playing,0
208.4575,-2.8585,0,0,0.32956,0,241.7,playing,0
208.4745,-2.6571,0,0,0.32956,0,245.65,playing,0
208.491,-2.8644,0,0,0.32956,0,249.92,playing,0
208.5075,-2.8644,0,0,0.32956,0,254.23,playing,0
208.5243,-2.7223,0,0,0.32429,0,259.12,playing,0
208.5413,-2.7223,0,0,0.32429,0,264.32,playing,0
208.558,-2.7223,0,0,0.32429,0,269.85,playing,0
208.5737,-2.1885,0,0,0.32429,0,275.33,playing,0
208.5925,-2.1885,0,0,0.32429,0,281.09,playing,0
208.6101,-0.533,0,0,0.32236,0,288.33,playing,0
208.6271,-0.533,0,0,0.32236,0,295.55,playing,0
208.6443,-0.533,0,0,0.32236,0,302.25,playing,0
208.6609,-0.533,0,0,0.32701,0,310.14,playing,0
208.677,-0.533,0,0,0.32701,0,317.43,playing,0
208.6925,-0.533,0,0,0.32701,0,325.01,playing,0
208.7088,-0.7892,0,0,0.2932,0,332.86,playing,0
208.725,-0.7892,0,0,0.2932,0,341.0,playing,0
208.7411,-0.7892,0,0,0.2932,0,349.42,playing,0
208.757,-0.7892,0,0,0.27995,0,358.13,playing,0
208.7726,-0.7892,0,0,0.27995,0,367.11,playing,0
208.7906,-3.2082,0,0,0.27995,0,376.38,playing,0
208.8071,-11.4654,0,0,0.27037,0,387.16,playing,0
208.8227,-11.4654,0,0,0.27037,0,397.02,playing,0
208.8389,-12.6766,1,0,0.27037,0,407.17,playing,0
208.855,-12.6766,0,0,0.27037,0,401.21,playing,0
208.8724,-12.6766,0,0,0.25743,0,395.53,playing,0
208.8891,-12.6766,0,0,0.25743,0,389.5,playing,0
208.9052,-12.6766,0,0,0.25743,0,384.42,playing,0
208.9219,-12.6766,0,0,0.25743,0,379.34,playing,0
208.9383,-12.6766,0,0,0.25043,0,374.85,playing,0
208.955,-12.6766,0,0,0.25043,0,370.39,playing,0
208.9716,9.3129,0,0,0.25043,0,366.47,playing,0
208.9884,8.4776,0,0,0.25043,0,362.62,playing,0
209.0047,6.5865,0,0,0.15603,0,359.1,playing,0
209.0216,6.5865,0,0,0.15603,0,356.06,playing,0
209.0386,6.5865,0,0,0.15603,0,353.15,playing,0
209.0554,6.5865,0,0,0.15603,0,350.56,playing,0
209.0722,6.5865,0,0,0.15603,0,348.29,playing,0
209.0905,6.5865,0,0,0.15603,0,346.43,playing,0
209.113,1.1798,0,0,0.2044,0,344.62,playing,0
209.1295,1.1798,0,0,0.2044,0,343.02,playing,0
209.1461,1.1798,0,0,0.2044,0,342.18,playing,0
209.1624,-0.0052,0,0,0.2044,0,341.62,playing,0
209.1785,-0.0052,0,0,0.2044,0,341.35,playing,0
209.1955,-0.0052,0,0,0.2503,1,341.38,playing,0
209.2121,-0.0052,0,0,0.2503,0,341.72,playing,0
209.2289,-0.0052,0,0,0.2503,0,342.33,playing,0
209.245,-0.3514,0,0,0.2503,0,343.29,playing,0
209.2611,-0.3514,0,0,0.2503,0,344.48,playing,0
209.2771,-0.3514,0,0,0.26721,0,345.95,playing,0
209.2935,-0.2362,0,0,0.26721,0,347.7,playing,0
209.3096,-0.2362,0,0,0.26721,0,349.88,playing,0
209.3259,-0.2362,0,0,0.29015,0,352.21,playing,0
209.342,-0.2362,0,0,0.29015,0,354.82,playing,0
209.3575,-0.2362,0,0,0.29015,0,357.71,playing,0
209.3735,-0.2362,0,0,0.29015,0,360.89,playing,0
209.39,-1.7783,0,0,0.28576,0,364.35,playing,0
209.4059,-1.7783,0,0,0.28576,0,368.09,playing,0
209.4222,-1.9666,0,0,0.28576,0,372.11,playing,0
209.4414,-1.9666,0,0,0.28576,0,376.7,playing,0
209.458,-1.9666,0,0,0.28576,0,382.22,playing,0
209.4749,-1.6504,0,0,0.28576,0,387.16,playing,0
209.4915,-1.6504,0,0,0.26132,0,392.72,playing,0
209.5077,-1.6504,0,0,0.26132,0,398.6,playing,0
209.5236,-1.3799,0,0,0.26132,0,404.42,playing,0
209.5398,-1.3799,0,0,0.26822,0,410.52,playing,0
209.5558,-1.3233,0,0,0.26822,0,416.9,playing,0
209.5724,-1.3233,0,0,0.26822,0,423.56,playing,0
209.5895,-1.3233,0,0,0.28716,0,430.95,playing,0
209.6067,0.2315,0,0,0.28716,0,438.66,playing,0
209.6234,0.2315,0,0,0.28716,0,446.7,playing,0
209.6395,0.2315,0,0,0.28716,0,455.04,playing,0
209.6565,-0.503,0,0,0.29314,0,463.18,playing,0
209.6735,-0.503,0,0,0.29314,0,472.15,playing,0
209.69,-0.503,0,0,0.29314,0,481.43,playing,0
209.7066,-0.6867,0,0,0.29314,0,490.45,playing,0
209.7225,-0.6867,0,0,0.2646,0,500.35,dead,0
209.7425,-0.8092,0,0,0.2646,0,496.0,dead,0
209.7592,-0.8092,0,0,0.2646,0,496.0,dead,0
209.7768,-0.8092,0,0,0.2646,0,496.0,dead,0
209.7935,-0.5442,0,0,0.25725,0,496.0,dead,0
209.8098,-0.5442,0,0,0.25725,0,496.0,dead,0
209.8265,-0.6216,0,0,0.25725,0,496.0,dead,0
209.8425,-0.6216,0,0,0.25725,0,496.0,dead,0
209.859,-0.6216,0,0,0.22304,0,496.0,dead,0
209.8752,-0.5376,0,0,0.22304,0,496.0,dead,0
209.8921,-0.5376,0,0,0.22304,0,496.0,dead,0
209.9077,-0.5376,0,0,0.22304,0,496.0,dead,0
209.9243,-0.8041,0,0,0.2511,0,496.0,dead,0
209.9411,-0.8041,0,0,0.2511,0,496.0,dead,0
209.9571,-0.8041,0,0,0.2511,0,496.0,dead,0
209.9729,-1.3131,0,0,0.2511,0,496.0,dead,0
209.9888,-1.3131,0,0,0.27863,0,496.0,dead,0
210.0054,-1.1051,0,0,0.27863,0,496.0,dead,0
210.0224,-1.1051,0,0,0.27863,0,496.0,dead,0
210.0398,-1.1051,0,0,0.27863,0,496.0,dead,0
210.0583,-1.3293,0,0,0.27863,0,496.0,dead,0
210.0764,-1.3293,0,0,0.27863,0,496.0,dead,0
210.0928,-1.3293,0,0,0.26066,0,496.0,dead,0
210.1095,-0.8076,0,0,0.26066,0,496.0,dead,0
210.1261,-0.8076,0,0,0.26066,0,496.0,dead,0
210.142,0.1761,0,0,0.26384,0,496.0,dead,0
210.1581,0.1761,0,0,0.26384,0,496.0,dead,0
210.1752,0.1761,0,0,0.26384,0,496.0,dead,0
210.1916,0.1761,0,0,0.27864,0,496.0,dead,0
210.2074,0.1761,0,0,0.27864,0,496.0,dead,0
210.2242,0.1761,0,0,0.27864,0,496.0,dead,0
210.2422,1.9972,0,0,0.27864,0,496.0,dead,0
210.2586,1.9972,0,0,0.25389,0,496.0,dead,0
210.2751,1.9972,0,0,0.25389,0,496.0,dead,0
210.2922,0.8237,0,0,0.25389,0,496.0,dead,0
210.3081,0.8237,0,0,0.25389,0,496.0,dead,0
210.324,0.6197,0,0,0.25347,0,496.0,dead,0
210.3399,0.6197,0,0,0.25347,0,496.0,dead,0
210.3566,0.6197,0,0,0.25347,0,496.0,dead,0
210.3742,0.0434,0,0,0.25347,0,496.0,dead,0
210.3914,0.0434,0,0,0.24731,0,496.0,dead,0
210.4078,0.0434,0,0,0.24731,0,496.0,dead,0
210.4251,-1.5759,0,0,0.24731,0,496.0,dead,0
210.4411,-1.5759,0,0,0.24731,0,496.0,dead,0
210.4585,-1.0118,0,0,0.26813,0,496.0,dead,0
210.475,-1.0118,0,0,0.26813,0,496.0,dead,0
210.4911,-1.0118,0,0,0.26813,0,496.0,dead,0
210.5074,-0.297,0,0,0.26813,0,496.0,dead,0
210.523,-0.297,0,0,0.24341,0,496.0,dead,0
210.5389,-0.297,0,0,0.24341,0,496.0,dead,0
210.5569,-0.3291,0,0,0.24341,0,496.0,dead,0
210.5761,-0.3291,0,0,0.24341,0,496.0,dead,0
210.5919,-0.0981,0,0,0.24341,0,496.0,dead,0
210.6117,-0.6415,0,0,0.26163,0,496.0,dead,0
210.6278,-0.6415,0,0,0.26163,0,496.0,dead,0
210.6441,0.1815,0,0,0.26163,0,496.0,dead,0
210.6603,0.1815,0,0,0.26163,0,496.0,dead,0
210.6778,0.1815,0,0,0.24692,0,496.0,dead,0
210.6941,-0.1564,0,0,0.24692,0,496.0,dead,0
210.7103,-0.1564,0,0,0.24692,0,496.0,dead,0
210.727,-0.2851,0,0,0.24692,0,496.0,dead,0
210.7436,-0.2851,0,0,0.26774,0,496.0,dead,0
210.7604,-0.2851,0,0,0.26774,0,496.0,dead,0
210.7765,-0.0283,0,0,0.26774,0,496.0,dead,0
210.7925,-0.0283,0,0,0.24015,0,496.0,dead,0
210.8096,-0.0283,0,0,0.24015,0,496.0,dead,0
210.8253,0.4675,0,0,0.24015,0,496.0,dead,0
210.842,0.4675,0,0,0.24015,0,496.0,dead,0
210.8578,0.4675,0,0,0.24658,0,496.0,dead,0
210.8746,0.6219,0,0,0.24658,0,496.0,dead,0
210.8914,0.6219,0,0,0.24658,0,496.0,dead,0
210.9124,1.0,0,0,0.24658,0,496.0,dead,0
210.9297,1.0,0,0,0.25802,0,496.0,dead,0
210.9471,1.0,0,0,0.25802,0,496.0,dead,0
210.9631,1.0,0,0,0.25802,0,496.0,dead,0
210.9793,1.0,0,0,0.25802,0,496.0,dead,0
210.9964,1.0,0,0,0.25802,0,496.0,dead,0
211.0134,1.0,0,0,0.26498,0,496.0,dead,0
211.0304,1.0,0,0,0.26498,0,496.0,dead,0
211.0467,1.6227,0,0,0.26498,0,496.0,dead,0
211.0628,1.6227,0,0,0.26498,0,496.0,dead,0
211.0786,1.6227,0,0,0.23331,0,496.0,dead,0
211.095,1.4209,0,0,0.23331,0,496.0,dead,0
211.1109,1.4209,0,0,0.23331,0,496.0,dead,0
211.127,1.4209,0,0,0.26081,0,496.0,dead,0
211.1432,2.1998,0,0,0.26081,0,496.0,dead,0
211.1605,2.1998,0,0,0.26081,0,496.0,dead,0
211.1782,1.6106,0,0,0.26081,0,496.0,dead,0
211.1974,1.6106,0,0,0.26081,0,496.0,dead,0
211.2174,1.6106,0,0,0.33098,0,496.0,dead,0
211.234,2.6686,0,0,0.33098,0,496.0,dead,0
211.2502,2.6686,0,0,0.33098,0,496.0,dead,0
211.267,3.6497,0,0,0.33098,0,496.0,dead,0
211.2831,3.6497,0,0,0.25676,0,496.0,dead,0
211.2992,3.6497,0,0,0.25676,0,496.0,dead,0
211.3162,3.6497,0,0,0.25676,0,496.0,dead,0
211.3317,3.6497,0,0,0.25676,0,496.0,dead,0
211.3517,3.6497,0,0,0.25676,0,496.0,dead,0
211.3679,-7.3141,0,0,0.24296,0,496.0,dead,0
211.3841,-7.3141,0,0,0.24296,0,496.0,dead,0
211.4002,-9.0642,0,0,0.24296,0,496.0,dead,0
211.4165,-9.0642,0,0,0.24296,0,496.0,dead,0
211.4331,-9.0642,0,0,0.25671,0,496.0,dead,0
211.4488,-8.5679,0,0,0.25671,0,496.0,dead,0
211.4658,-8.5679,0,0,0.25671,0,496.0,dead,0
211.4825,-8.5679,0,0,0.25671,0,496.0,dead,0
211.4986,-3.9357,0,0,0.25671,0,496.0,dead,0
211.515,-3.9357,0,0,0.26173,0,496.0,dead,0
211.5318,-3.9357,0,0,0.26173,0,496.0,dead,0
211.5491,-2.207,0,0,0.26173,0,496.0,dead,0
211.5654,-2.207,0,0,0.26173,0,496.0,dead,0
211.5816,-2.207,0,0,0.26173,0,496.0,dead,0
211.5978,-0.8124,0,0,0.2577,0,496.0,dead,0
211.6139,-0.8124,0,0,0.2577,0,496.0,dead,0
211.6303,0.0462,0,0,0.2577,0,496.0,dead,0
211.6475,0.0462,0,0,0.2577,0,496.0,dead,0
211.6642,0.0462,0,0,0.2573,0,496.0,dead,0
211.6813,0.0597,0,0,0.2573,0,496.0,dead,0
211.6974,0.0597,0,0,0.2573,0,496.0,dead,0
211.714,0.0597,0,0,0.2573,0,496.0,dead,0
211.7357,-1.1184,0,0,0.26629,0,496.0,dead,0
211.7518,-1.1184,0,0,0.26629,0,496.0,dead,0
211.7675,-2.8882,0,0,0.26629,0,496.0,dead,0
211.784,-2.8882,0,0,0.26629,0,496.0,dead,0
211.8001,-2.8882,0,0,0.26629,0,496.0,dead,0
211.8161,-4.153,0,0,0.2436,0,496.0,dead,0
211.8316,-4.153,0,0,0.2436,0,496.0,dead,0
211.8473,-4.153,0,0,0.2436,0,496.0,dead,0
211.8643,-5.1834,0,0,0.2436,0,496.0,dead,0
211.8803,-5.1834,0,0,0.2436,0,496.0,dead,0
211.8976,-4.757,0,0,0.24047,0,496.0,dead,0
211.9138,-4.757,0,0,0.24047,0,496.0,dead,0
211.93,-4.757,0,0,0.24047,0,496.0,dead,0
211.9461,-1.9402,0,0,0.24047,0,496.0,dead,0
211.9618,-1.9402,0,0,0.30307,0,496.0,dead,0
211.9785,-1.9402,0,0,0.30307,0,496.0,dead,0
211.9946,3.3604,0,0,0.30307,0,496.0,dead,0
212.0122,3.3604,0,0,0.30307,0,496.0,dead,0
212.0313,3.3604,0,0,0.24383,0,496.0,dead,0
212.0479,3.3604,0,0,0.24383,0,496.0,dead,0
212.0636,3.3604,0,0,0.24383,0,496.0,dead,0
212.08,3.3604,0,0,0.24383,0,496.0,dead,0
212.0966,3.3604,0,0,0.251,0,496.0,dead,0
212.1128,3.3604,0,0,0.251,0,496.0,dead,0
212.1296,6.0193,0,0,0.251,0,496.0,dead,0
212.1467,6.0193,0,0,0.23325,0,496.0,dead,0
212.1635,6.0193,0,0,0.23325,0,496.0,dead,0
212.1801,5.3939,0,0,0.23325,0,496.0,dead,0
212.1957,5.3939,0,0,0.23325,0,496.0,dead,0
212.2149,4.2167,0,0,0.23325,0,496.0,dead,0
212.2306,4.2167,0,0,0.22335,0,496.0,dead,0
212.2478,4.2167,0,0,0.22335,0,496.0,dead,0
212.264,2.8906,0,0,0.22335,0,496.0,dead,0
212.2804,2.8906,0,0,0.22335,0,496.0,dead,0
212.2971,2.8906,0,0,0.23717,0,496.0,dead,0
212.3135,1.8276,0,0,0.23717,0,496.0,dead,0
212.3297,1.8276,0,0,0.23717,0,496.0,dead,0
212.3459,0.691,0,0,0.23717,0,496.0,dead,0
212.3619,0.691,0,0,0.23717,0,496.0,dead,0
212.3779,0.691,0,0,0.23717,0,496.0,dead,0
212.3943,2.3396,0,0,0.23717,0,496.0,dead,0
212.4109,2.3396,0,0,0.23717,0,496.0,dead,0
212.4272,2.3396,0,0,0.22144,0,496.0,dead,0
212.4437,5.082,0,0,0.22144,0,496.0,dead,0
212.4597,5.082,0,0,0.22144,0,496.0,dead,0
212.4773,5.082,0,0,0.22144,0,496.0,dead,0
212.4951,6.7381,0,0,0.21623,0,496.0,dead,0
212.5114,6.7381,0,0,0.21623,0,496.0,dead,0
212.5276,5.7414,0,0,0.21623,0,496.0,dead,0
212.5437,5.7414,0,0,0.21623,0,496.0,dead,0
212.5605,5.7414,0,0,0.23746,1,496.0,dead,0
212.5765,3.3143,0,0,0.23746,0,496.0,dead,0
212.5945,3.3143,0,0,0.23746,0,496.0,dead,0
212.6111,3.3143,0,0,0.23746,0,496.0,dead,0
212.6276,-0.7865,0,0,0.24705,0,496.0,dead,0
212.6442,-0.7865,0,0,0.24705,0,496.0,dead,0
212.6595,-0.7865,0,0,0.24705,0,496.0,dead,0
212.6756,-2.1181,0,0,0.24705,0,496.0,dead,0
212.6926,-2.1181,0,0,0.20557,0,496.0,dead,0
212.7084,-3.4018,0,0,0.20557,0,496.0,dead,0
212.7251,-3.4018,0,0,0.20557,0,496.0,dead,0
212.7409,-3.4018,0,0,0.20557,0,496.0,dead,0
212.7569,-3.702,0,0,0.24692,0,496.0,dead,0
212.7734,-3.702,0,0,0.24692,0,496.0,dead,0
212.7895,-3.702,0,0,0.24692,0,496.0,dead,0
212.8063,-3.702,0,0,0.24692,0,496.0,dead,0
212.8231,-3.702,0,0,0.22933,0,496.0,dead,0
212.8403,-3.8529,0,0,0.22933,0,496.0,dead,0
212.8567,-3.8529,0,0,0.22933,0,496.0,dead,0
212.8734,-3.8529,0,0,0.22933,0,496.0,dead,0
212.8903,-2.6745,0,0,0.17405,0,496.0,dead,0
212.9073,-2.6745,0,0,0.17405,0,496.0,dead,0
212.9244,-2.6745,0,0,0.17405,0,496.0,dead,0
212.9406,-1.6723,0,0,0.17405,0,496.0,dead,0
212.957,-1.6723,0,0,0.19632,0,496.0,dead,0
212.9731,-1.6723,0,0,0.19632,0,496.0,dead,0
212.9888,-1.6723,0,0,0.19632,0,496.0,dead,0
213.0061,-1.6723,0,0,0.19632,0,496.0,dead,0
213.0289,-1.445,0,0,0.19632,0,496.0,dead,0
213.0485,-1.445,0,0,0.22172,1,496.0,dead,0
213.0756,-0.7891,0,0,0.22172,0,496.0,dead,0
213.0946,-0.7891,0,0,0.22172,0,496.0,dead,0
213.1127,-0.7538,0,0,0.22172,0,496.0,dead,0
213.1284,-0.7538,0,0,0.2433,0,496.0,dead,0
213.1451,-0.7538,0,0,0.2433,0,496.0,dead,0
213.1613,-0.5022,0,0,0.2433,0,496.0,dead,0
213.178,-0.5022,0,0,0.2433,0,496.0,dead,0
213.194,-0.5022,0,0,0.2433,0,496.0,dead,0
213.21,-0.3176,0,0,0.22453,0,496.0,dead,0
213.2269,-0.3176,0,0,0.22453,0,496.0,dead,0
213.2436,-0.3176,0,0,0.22453,0,496.0,dead,0
213.2604,-0.3338,0,0,0.22453,0,496.0,dead,0
213.2775,-0.3338,0,0,0.22453,0,496.0,dead,0
213.2959,0.2811,0,0,0.25692,0,496.0,dead,0
213.3124,0.2811,0,0,0.25692,0,496.0,dead,0
213.3291,0.2811,0,0,0.25692,0,496.0,dead,0
213.3448,-0.35,0,0,0.25692,0,496.0,dead,0
213.3614,-0.35,0,0,0.25692,0,496.0,dead,0
213.3791,-0.35,0,0,0.26326,0,496.0,dead,0
213.3953,-0.2798,0,0,0.26326,0,496.0,dead,0
213.4124,-0.2798,0,0,0.26326,0,496.0,dead,0
213.4295,-0.5157,0,0,0.26326,0,496.0,dead,0
213.4459,-0.5157,0,0,0.29037,0,496.0,dead,0
213.4624,-0.5157,0,0,0.29037,0,496.0,dead,0
213.479,-0.4467,0,0,0.29037,0,496.0,dead,0
213.4957,-0.4467,0,0,0.29037,0,496.0,dead,0
213.5123,-0.4467,0,0,0.26379,0,496.0,dead,0
213.5298,-0.1367,0,0,0.26379,0,496.0,dead,0
213.5464,-0.1367,0,0,0.26379,0,496.0,dead,0
213.563,-0.1367,0,0,0.26379,0,496.0,dead,0
213.5786,-0.1367,0,0,0.28222,0,496.0,dead,0
213.5953,-0.1367,0,0,0.28222,0,496.0,dead,0
213.6119,-0.4746,0,0,0.28222,0,496.0,dead,0
213.628,-0.4746,0,0,0.25298,0,496.0,dead,0
213.6441,-0.4746,0,0,0.25298,0,496.0,dead,0
213.6597,-0.0928,0,0,0.25298,0,496.0,dead,0
213.6765,-0.0928,0,0,0.26066,0,496.0,dead,0
213.6926,-0.0928,0,0,0.26066,0,496.0,dead,0
213.7094,0.0104,0,0,0.26066,0,496.0,dead,0
213.7258,0.0104,0,0,0.25669,0,496.0,dead,0
213.7419,0.1415,0,0,0.25669,0,496.0,dead,0
213.7581,0.1415,0,0,0.25669,0,496.0,dead,0
213.7748,0.1415,0,0,0.24322,0,496.0,dead,0
213.791,0.464,0,0,0.24322,0,496.0,dead,0
213.8076,0.464,0,0,0.28601,0,496.0,dead,0
213.8242,0.464,0,0,0.28601,0,496.0,dead,0
213.8395,0.0522,0,0,0.28601,0,496.0,dead,0
213.8562,0.0522,0,0,0.2291,0,496.0,dead,0
213.8717,0.0522,0,0,0.2291,0,496.0,dead,0
213.8881,-0.2246,0,0,0.2291,0,496.0,dead,0
213.9043,-0.2246,0,0,0.24698,0,496.0,dead,0
213.921,-0.0295,0,0,0.24698,0,496.0,dead,0
213.9374,-0.0295,0,0,0.24698,0,496.0,dead,0
213.9545,-0.0295,0,0,0.27278,0,496.0,dead,0
213.9716,0.3319,0,0,0.27278,0,496.0,dead,0
213.9877,0.3319,0,0,0.27278,0,496.0,dead,0
214.0043,0.3319,0,0,0.27278,0,496.0,dead,0
214.0249,0.1187,0,0,0.25335,0,496.0,dead,0
214.0411,0.1187,0,0,0.25335,0,496.0,dead,0
214.0576,0.2841,0,0,0.25335,0,496.0,dead,0
214.0741,0.2841,0,0,0.25335,0,496.0,dead,0
214.0897,0.2841,0,0,0.28368,0,496.0,dead,0
214.1058,-0.0217,0,0,0.28368,0,496.0,dead,0
214.1214,-0.0217,0,0,0.28368,0,496.0,dead,0
214.1382,-0.0217,0,0,0.26418,0,496.0,dead,0
214.1555,0.0644,0,0,0.26418,0,496.0,dead,0
214.1723,0.0644,0,0,0.26418,0,496.0,dead,0
214.1895,0.0797,0,0,0.28879,0,496.0,dead,0
214.2057,0.3605,0,0,0.28879,0,496.0,dead,0
214.2219,0.3605,0,0,0.28879,0,496.0,dead,0
214.2379,0.3258,0,0,0.28879,0,496.0,dead,0
214.2546,0.3258,0,0,0.28631,0,496.0,dead,0
214.2706,0.3258,0,0,0.28631,0,496.0,dead,0
214.2887,0.3258,0,0,0.28631,0,496.0,dead,0
214.3055,0.3258,0,0,0.28631,0,496.0,dead,0
214.3221,0.3258,0,0,0.2577,0,496.0,dead,0
214.3383,-0.0985,0,0,0.2577,0,496.0,dead,0
214.355,-0.0985,0,0,0.2577,0,496.0,dead,0
214.3722,-0.3976,0,0,0.26026,0,496.0,dead,0
214.3895,-0.3976,0,0,0.26026,0,496.0,dead,0
214.4077,-0.3976,0,0,0.26026,0,496.0,dead,0
214.4241,0.1736,0,0,0.26026,0,496.0,dead,0
214.4398,0.1736,0,0,0.2919,0,496.0,dead,0
214.4556,0.1736,0,0,0.2919,0,496.0,dead,0
214.4717,0.7922,0,0,0.2919,0,496.0,dead,0
214.4883,0.7922,0,0,0.32462,0,496.0,dead,0
214.5045,0.7922,0,0,0.32462,0,496.0,dead,0
214.5209,0.7922,0,0,0.32462,0,496.0,dead,0
214.537,0.7922,0,0,0.29087,0,496.0,dead,0
214.5531,0.7543,0,0,0.29087,0,496.0,dead,0
214.5697,0.5125,0,0,0.29087,0,496.0,dead,0
214.586,0.5125,0,0,0.29087,0,496.0,dead,0
214.6021,1.5392,0,0,0.31024,0,496.0,dead,0
214.6177,1.5392,0,0,0.31024,0,496.0,dead,0
214.6365,1.5392,0,0,0.31024,0,496.0,dead,0
214.6531,1.5392,0,0,0.31024,0,496.0,dead,0
214.6693,1.5392,0,0,0.3156,0,496.0,dead,0
214.6864,1.5392,0,0,0.3156,0,496.0,dead,0
214.703,1.5392,0,0,0.3156,0,496.0,dead,0
214.7191,1.5392,0,0,0.31716,0,496.0,dead,0
214.7356,0.0634,0,0,0.31716,0,496.0,dead,0
214.7518,0.0634,0,0,0.31716,0,496.0,dead,0
214.7702,0.0634,0,0,0.31716,0,496.0,dead,0
214.787,0.1207,0,0,0.28913,0,496.0,dead,0
214.8031,0.1207,0,0,0.28913,0,496.0,dead,0
214.8187,0.1207,0,0,0.28913,0,496.0,dead,0
214.8406,-0.3851,0,0,0.29495,0,496.0,dead,0
214.857,-0.3851,0,0,0.29495,0,496.0,dead,0
214.8731,-0.5765,0,0,0.29495,0,496.0,dead,0
214.8893,-0.5765,0,0,0.29495,0,496.0,dead,0
214.9064,-0.5765,0,0,0.31522,0,496.0,dead,0
214.923,-0.1535,0,0,0.31522,0,496.0,dead,0
214.9391,-0.1535,0,0,0.31522,0,496.0,dead,0
214.9554,0.0463,0,0,0.31708,0,496.0,dead,0
214.972,-0.6903,0,0,0.31708,0,496.0,dead,0
214.9881,-0.6903,0,0,0.31708,0,496.0,dead,0
215.0045,-0.6903,0,0,0.35051,0,496.0,dead,0
215.0211,-0.6903,0,0,0.35051,0,496.0,dead,0
215.037,-0.6903,0,0,0.35051,0,496.0,dead,0
215.0531,-1.17,0,0,0.30961,0,496.0,dead,0
215.0688,-1.17,0,0,0.30961,0,496.0,dead,0
215.085,-1.17,0,0,0.30961,0,496.0,dead,0
215.1022,-0.6649,0,0,0.30852,0,496.0,dead,0
215.1174,-0.6649,0,0,0.30852,0,496.0,dead,0
215.134,-0.6649,0,0,0.30852,0,496.0,dead,0
215.1497,-0.6649,0,0,0.29222,0,496.0,dead,0
215.1665,-0.6649,0,0,0.29222,0,496.0,dead,0
215.1831,-0.4831,0,0,0.29222,0,496.0,dead,0
215.1993,-0.4831,0,0,0.29222,0,496.0,dead,0
215.2155,-0.4831,0,0,0.29945,0,496.0,dead,0
215.2323,-0.6731,0,0,0.29945,0,496.0,dead,0
215.2491,-0.6731,0,0,0.29945,0,496.0,dead,0
215.2653,-0.6731,0,0,0.32844,0,496.0,dead,0
215.2814,-0.3991,0,0,0.32844,0,496.0,dead,0
215.2977,-0.3991,0,0,0.32844,0,496.0,dead,0
215.3139,-0.3991,0,0,0.35249,0,496.0,dead,0
215.3301,-0.3991,0,0,0.35249,0,496.0,dead,0
215.3457,-0.3991,0,0,0.35249,0,496.0,dead,0
215.3618,-0.1172,0,0,0.22532,0,496.0,dead,0
215.3785,-0.1172,0,0,0.22532,0,496.0,dead,0
215.3951,-0.1172,0,0,0.22532,0,496.0,dead,0
215.4106,0.2115,0,0,0.22532,0,496.0,dead,0
215.4283,0.2115,0,0,0.30431,0,496.0,dead,0
215.4446,0.2115,0,0,0.30431,0,496.0,dead,0
215.4613,0.0948,0,0,0.30431,0,496.0,dead,0
215.4775,0.0948,0,0,0.30431,0,496.0,dead,0
215.4944,0.0385,0,0,0.30431,0,496.0,dead,0
215.5113,0.1878,0,0,0.24701,0,496.0,dead,0
215.5283,0.1878,0,0,0.24701,0,496.0,dead,0
215.5458,0.5291,0,0,0.24701,0,496.0,dead,0
215.5631,0.5291,0,0,0.31043,0,496.0,dead,0
215.5794,0.5291,0,0,0.31043,0,496.0,dead,0
215.5962,0.2259,0,0,0.31043,0,496.0,dead,0
215.6117,0.2259,0,0,0.31442,0,496.0,dead,0
215.6275,0.2259,0,0,0.31442,0,496.0,dead,0
215.6437,0.1752,0,0,0.31442,0,496.0,dead,0
215.6597,0.1752,0,0,0.28402,0,496.0,dead,0
215.6754,-0.208,0,0,0.28402,0,496.0,dead,0
215.6922,-0.208,0,0,0.28402,0,496.0,dead,0
215.708,-0.208,0,0,0.31188,0,496.0,dead,0
215.7235,-0.0128,0,0,0.31188,0,496.0,dead,0
215.7401,-0.0128,0,0,0.31188,0,496.0,dead,0
215.7563,-0.0128,0,0,0.28198,0,496.0,dead,0
215.7729,0.4854,0,0,0.28198,0,496.0,dead,0
215.7888,0.4854,0,0,0.28198,0,496.0,dead,0
215.8049,0.4854,0,0,0.32895,0,496.0,dead,0
215.8208,-0.3645,0,0,0.32895,0,496.0,dead,0
215.8371,-0.3645,0,0,0.32895,0,496.0,dead,0
215.8531,-0.3645,0,0,0.30339,0,496.0,dead,0
215.8692,-0.0881,0,0,0.30339,0,496.0,dead,0
215.8865,-0.0881,0,0,0.30339,0,496.0,dead,0
215.9028,-0.134,0,0,0.31701,0,496.0,dead,0
215.919,-0.134,0,0,0.31701,0,496.0,dead,0
215.9351,-0.134,0,0,0.31701,0,496.0,dead,0
215.9517,-0.9201,0,0,0.29926,0,496.0,dead,0
215.9678,-0.9201,0,0,0.29926,0,496.0,dead,0
215.9841,-0.9201,0,0,0.29926,0,496.0,dead,0
216.0017,-1.0291,0,0,0.29926,0,496.0,dead,0
216.0186,-1.0291,0,0,0.28189,0,496.0,dead,0
216.0353,-0.1105,0,0,0.28189,0,496.0,dead,0
216.0516,-0.0177,0,0,0.28189,0,496.0,dead,0
216.068,-0.0177,0,0,0.2797,0,496.0,dead,0
216.084,0.0507,0,0,0.2797,0,496.0,dead,0
216.1002,0.0507,0,0,0.2797,0,496.0,dead,0
216.1174,0.0507,0,0,0.28384,0,496.0,dead,0
216.1335,0.0382,0,0,0.28384,0,496.0,dead,0
216.1494,0.0382,0,0,0.28384,0,496.0,dead,0
216.1661,0.0382,0,0,0.28384,0,496.0,dead,0
216.1833,0.3081,0,0,0.32633,0,496.0,dead,0
216.1993,0.3081,0,0,0.32633,0,496.0,dead,0
216.2174,0.3081,0,0,0.32633,0,496.0,dead,0
216.2345,0.5997,0,0,0.32633,0,496.0,dead,0
216.2544,0.5997,0,0,0.32633,0,496.0,dead,0
216.2704,0.5246,0,0,0.29191,0,496.0,dead,0
216.2864,0.5246,0,0,0.29191,0,496.0,dead,0
216.3035,0.5246,0,0,0.29191,0,496.0,dead,0
216.3194,0.5925,0,0,0.29191,0,496.0,dead,0
216.3423,0.5925,0,0,0.30807,0,496.0,dead,0
216.3593,1.0357,0,0,0.30807,0,496.0,dead,0
216.3761,1.0357,0,0,0.30807,0,496.0,dead,0
216.3923,1.0357,0,0,0.30807,0,496.0,dead,0
216.409,1.7266,0,0,0.30456,0,496.0,dead,0
216.4261,1.7266,0,0,0.30456,0,496.0,dead,0
216.4419,1.7266,0,0,0.30456,0,496.0,dead,0
216.4583,1.7266,0,0,0.32226,0,496.0,dead,0
216.4745,1.7266,0,0,0.32226,0,496.0,dead,0
216.491,-0.1725,0,0,0.32226,0,496.0,dead,0
216.5066,-0.1725,0,0,0.31501,0,496.0,dead,0
216.5231,-0.1725,0,0,0.31501,0,496.0,dead,0
216.5394,-0.2114,0,0,0.31501,0,496.0,dead,0
216.5561,-0.2114,0,0,0.29753,0,496.0,dead,0
216.5723,-0.2114,0,0,0.29753,0,496.0,dead,0
216.589,-0.6908,0,0,0.29753,0,496.0,dead,0
216.6061,-0.6908,0,0,0.27449,0,496.0,dead,0
216.6224,-1.0655,0,0,0.27449,0,496.0,dead,0
216.6388,-0.8174,0,0,0.27449,0,496.0,dead,0
216.6565,-0.8174,0,0,0.27449,0,496.0,dead,0
216.6729,-0.5903,0,0,0.28917,0,496.0,dead,0
216.6895,-0.5903,0,0,0.28917,0,496.0,dead,0
216.7063,-0.5903,0,0,0.28917,0,496.0,dead,0
216.7216,-0.6015,0,0,0.28917,0,496.0,dead,0
216.7379,-0.6015,0,0,0.3045,0,496.0,dead,0
216.7562,-0.8081,0,0,0.3045,0,496.0,dead,0
216.7728,-0.8081,0,0,0.3045,0,496.0,dead,0
216.7895,-0.8081,0,0,0.31574,0,496.0,dead,0
216.8056,-0.8081,0,0,0.31574,0,496.0,dead,0
216.8225,-0.8081,0,0,0.31574,0,496.0,dead,0
216.8391,-0.8081,0,0,0.2856,0,496.0,dead,0
216.8552,-0.2046,0,0,0.2856,0,496.0,dead,0
216.8708,-0.2046,0,0,0.2856,0,496.0,dead,0
216.8875,-0.2046,0,0,0.2856,0,496.0,dead,0
216.9036,-0.3077,0,0,0.2856,0,496.0,dead,0
216.9202,-0.3077,0,0,0.2856,0,496.0,dead,0
216.9372,0.0478,0,0,0.33347,0,496.0,dead,0
216.9529,0.0478,0,0,0.33347,0,496.0,dead,0
216.9686,0.0478,0,0,0.33347,0,496.0,dead,0
216.9851,0.0478,0,0,0.3213,0,496.0,dead,0
217.001,0.0478,0,0,0.3213,0,496.0,dead,0
217.0166,0.0478,0,0,0.3213,0,496.0,dead,0
217.0327,0.392,0,0,0.34103,0,496.0,dead,0
217.0495,0.392,0,0,0.34103,0,496.0,dead,0
217.0665,0.392,0,0,0.34103,0,496.0,dead,0
217.0832,-0.1395,0,0,0.34103,0,496.0,dead,0
217.0998,-0.1395,0,0,0.32369,0,496.0,dead,0
217.116,-0.1395,0,0,0.32369,0,496.0,dead,0
217.1326,0.2379,0,0,0.32369,0,496.0,dead,0
217.1484,0.2379,0,0,0.32369,0,496.0,dead,0
217.1645,0.2467,0,0,0.34053,0,496.0,dead,0
217.1816,0.2467,0,0,0.34053,0,496.0,dead,0
217.1981,0.2467,0,0,0.34053,0,496.0,dead,0
217.2137,0.2467,0,0,0.34994,0,496.0,dead,0
217.2299,0.2467,0,0,0.34994,0,496.0,dead,0
217.2459,0.2467,0,0,0.34994,0,496.0,dead,0
217.2665,-0.0234,0,0,0.34994,0,496.0,dead,0
217.2831,-0.0234,0,0,0.3479,0,496.0,dead,0
217.3029,0.1508,0,0,0.3479,0,496.0,dead,0
217.3189,0.2635,0,0,0.3479,0,496.0,dead,0
217.3364,0.2635,0,0,0.3479,0,496.0,dead,0
217.3533,-0.2158,0,0,0.3452,0,496.0,dead,0
217.3695,-0.2158,0,0,0.3452,0,496.0,dead,0
217.386,-0.3527,0,0,0.3452,0,496.0,dead,0
217.4047,-0.3527,0,0,0.3452,0,496.0,dead,0
217.4203,-0.3527,0,0,0.33102,0,496.0,dead,0
217.4392,-0.3527,0,0,0.33102,0,496.0,dead,0
217.4559,-0.3527,0,0,0.33102,0,496.0,dead,0
217.472,-0.3527,0,0,0.33102,0,496.0,dead,0
217.4878,0.0401,0,0,0.3289,0,496.0,dead,0
217.5044,0.1181,0,0,0.3289,0,496.0,dead,0
217.5209,0.2777,0,0,0.3289,0,496.0,dead,0
217.5368,-0.3208,0,0,0.3289,0,496.0,dead,0
217.5524,-0.3208,0,0,0.3289,0,496.0,dead,0
217.5691,-0.0806,0,0,0.36685,0,496.0,dead,0
217.5846,-0.0806,0,0,0.36685,0,496.0,dead,0
217.6012,-0.0806,0,0,0.36685,0,496.0,dead,0
217.6182,-0.0457,0,0,0.36685,0,496.0,dead,0
217.635,-0.0457,0,0,0.36685,0,496.0,dead,0
217.6512,-0.0457,0,0,0.36685,0,496.0,dead,0
217.6682,-0.3212,0,0,0.36685,0,496.0,dead,0
217.6849,-0.3212,0,0,0.33566,0,496.0,dead,0
217.7005,-0.0712,0,0,0.33566,0,496.0,dead,0
217.7167,-0.0712,0,0,0.33566,0,496.0,dead,0
217.7329,-0.0712,0,0,0.36102,0,496.0,dead,0
217.7491,0.0945,0,0,0.36102,0,496.0,dead,0
217.7652,0.0945,0,0,0.36102,0,496.0,dead,0
217.7824,0.0945,0,0,0.36102,0,496.0,dead,0
217.799,0.0086,0,0,0.36334,0,496.0,dead,0
217.8156,0.0086,0,0,0.36334,0,496.0,dead,0
217.8321,0.0086,0,0,0.36334,0,496.0,dead,0
217.8483,0.13,0,0,0.35939,0,496.0,dead,0
217.8645,0.13,0,0,0.35939,0,496.0,dead,0
217.8815,0.4321,0,0,0.35939,0,496.0,dead,0
217.8978,0.4321,0,0,0.38845,0,496.0,dead,0
217.9141,0.4321,0,0,0.38845,0,496.0,dead,0
217.9303,0.4336,0,0,0.38845,0,496.0,dead,0
217.9473,0.4336,0,0,0.34275,0,496.0,dead,0
217.9637,0.4336,0,0,0.34275,0,496.0,dead,0
217.9794,0.2761,0,0,0.34275,0,496.0,dead,0
217.9959,0.2761,0,0,0.3663,0,496.0,dead,0
218.0124,0.2761,0,0,0.3663,0,496.0,dead,0
218.0285,0.173,0,0,0.3663,0,496.0,dead,0
218.0447,0.173,0,0,0.3663,0,496.0,dead,0
218.0612,-0.098,0,0,0.38351,0,496.0,dead,0
218.0775,-0.098,0,0,0.38351,0,496.0,dead,0
218.0946,-0.098,0,0,0.38351,0,496.0,dead,0
218.1112,-0.4982,0,0,0.3925,0,496.0,dead,0
218.1274,-0.4982,0,0,0.3925,0,496.0,dead,0
218.1446,-0.4982,0,0,0.3925,0,496.0,dead,0
218.1613,-1.1084,0,0,0.36766,0,496.0,dead,0
218.1785,-1.1084,0,0,0.36766,0,496.0,dead,0
218.1951,-1.103,0,0,0.36766,0,496.0,dead,0
218.2114,-1.103,0,0,0.35093,0,496.0,dead,0
218.2288,-1.103,0,0,0.35093,0,496.0,dead,0
218.2449,-0.5279,0,0,0.35093,0,496.0,dead,0
218.2606,-0.5279,0,0,0.35031,0,496.0,dead,0
218.2769,-0.5279,0,0,0.35031,0,496.0,dead,0
218.2928,-0.0378,0,0,0.35031,0,496.0,dead,0
218.3084,-0.0378,0,0,0.35031,0,496.0,dead,0
218.325,-0.0378,0,0,0.38219,0,496.0,dead,0
218.342,0.0586,0,0,0.38219,0,496.0,dead,0
218.3574,0.0586,0,0,0.38219,0,496.0,dead,0
218.3735,0.0586,0,0,0.34223,0,496.0,dead,0
218.3899,0.6997,0,0,0.34223,0,496.0,dead,0
218.406,0.6997,0,0,0.34223,0,496.0,dead,0
218.4225,1.6915,0,0,0.34223,0,496.0,dead,0
218.4393,1.6915,0,0,0.32919,0,496.0,dead,0
218.4564,1.6915,0,0,0.32919,0,496.0,dead,0
218.4731,1.3973,0,0,0.32919,0,496.0,dead,0
218.4892,1.3973,0,0,0.35953,0,496.0,dead,0
218.5055,1.3973,0,0,0.35953,0,496.0,dead,0
218.5265,0.4401,0,0,0.35953,0,496.0,dead,0
218.5436,0.4401,0,0,0.35953,0,496.0,dead,0
218.5597,0.1765,0,0,0.26074,0,496.0,dead,0
218.5764,0.1765,0,0,0.26074,0,496.0,dead,0
218.5934,0.1765,0,0,0.26074,0,496.0,dead,0
218.6104,0.1391,0,0,0.26074,0,496.0,dead,0
218.6274,0.1125,0,0,0.26384,0,496.0,dead,0
218.6459,0.0537,0,0,0.26384,0,496.0,dead,0
218.663,0.0537,0,0,0.26384,0,496.0,dead,0
218.6798,0.0537,0,0,0.28461,0,496.0,dead,0
218.6965,0.0537,0,0,0.28461,0,496.0,dead,0
218.713,0.0537,0,0,0.28461,0,496.0,dead,0
218.7287,0.0537,0,0,0.27149,0,496.0,dead,0
218.75,-0.2746,0,0,0.27149,0,496.0,dead,0
218.7654,-0.2746,0,0,0.27149,0,496.0,dead,0
218.783,-1.0119,0,0,0.27149,0,496.0,dead,0
218.7994,-1.0119,0,0,0.25398,0,496.0,dead,0
218.8178,-1.0119,0,0,0.25398,0,496.0,dead,0
218.8346,-1.0923,0,0,0.25398,0,496.0,dead,0
218.8516,-1.0923,0,0,0.25398,0,496.0,dead,0
218.8683,-1.0923,0,0,0.28234,0,496.0,dead,0
218.8877,-0.3079,0,0,0.28234,0,496.0,dead,0
218.9035,-0.3079,0,0,0.28234,0,496.0,dead,0
218.9206,-0.2743,0,0,0.28234,0,496.0,dead,0
218.9368,-0.2743,0,0,0.30061,0,496.0,dead,0
218.9526,-0.2743,0,0,0.30061,0,496.0,dead,0
218.9689,-0.2743,0,0,0.30061,0,496.0,dead,0
218.9845,-0.2743,0,0,0.30061,0,496.0,dead,0
219.0009,-0.2743,0,0,0.30061,0,496.0,dead,0
219.02,-0.3937,0,0,0.27174,0,496.0,dead,0
219.0397,-0.3937,0,0,0.27174,0,496.0,dead,0
219.0567,-0.6949,0,0,0.27174,0,496.0,dead,0
219.0734,-0.6949,0,0,0.27174,0,496.0,dead,0
219.0901,-0.6949,0,0,0.27174,0,496.0,dead,0
219.1086,-0.1725,0,0,0.27433,0,496.0,dead,0
219.1259,-0.1725,0,0,0.27433,0,496.0,dead,0
219.142,0.2528,0,0,0.27433,0,496.0,dead,0
219.1583,0.2528,0,0,0.27433,0,496.0,dead,0
219.1787,0.2528,0,0,0.28118,0,496.0,dead,0
219.195,0.2528,0,0,0.28118,0,496.0,dead,0
219.2122,0.2528,0,0,0.28118,0,496.0,dead,0
219.2297,0.2528,0,0,0.28118,0,496.0,dead,0
219.2461,0.3343,0,0,0.28118,0,496.0,dead,0
219.2625,0.3343,0,0,0.28912,0,496.0,dead,0
219.2791,-0.1998,0,0,0.28912,0,496.0,dead,0
219.2973,-0.1998,0,0,0.28912,0,496.0,dead,0
219.3146,-0.1998,0,0,0.28912,0,496.0,dead,0
219.3345,0.101,0,0,0.28912,0,496.0,dead,0
219.3509,0.101,0,0,0.28912,0,496.0,dead,0
219.3683,0.036,0,0,0.28496,0,496.0,dead,0
219.3841,0.036,0,0,0.28496,0,496.0,dead,0
219.4001,0.036,0,0,0.28496,0,496.0,dead,0
219.4159,0.0646,0,0,0.28496,0,496.0,dead,0
219.4323,0.0646,0,0,0.28496,0,496.0,dead,0
219.4525,0.0646,0,0,0.26893,0,496.0,dead,0
219.473,-0.0838,0,0,0.26893,0,496.0,dead,0
219.4945,-0.0838,0,0,0.26893,0,496.0,dead,0
219.5126,-0.0082,0,0,0.26893,0,496.0,dead,0
219.5334,-0.0082,0,0,0.26893,0,496.0,dead,0
219.5578,0.0543,0,0,0.26893,0,496.0,dead,0
219.5796,0.0543,0,0,0.27889,0,496.0,dead,0
219.5991,-0.2224,0,0,0.27889,0,496.0,dead,0
219.6148,-0.2224,0,0,0.27889,0,496.0,dead,0
219.6304,-0.2224,0,0,0.27889,0,496.0,dead,0
219.6468,0.3591,0,0,0.27146,0,496.0,dead,0
219.6634,0.3591,0,0,0.27146,0,496.0,dead,0
219.6804,0.3265,0,0,0.27146,0,496.0,dead,0
219.6975,0.3265,0,0,0.28667,0,496.0,dead,0
219.7136,0.3265,0,0,0.28667,0,496.0,dead,0
219.7294,-0.0038,0,0,0.28667,0,496.0,dead,0
219.7461,-0.0038,0,0,0.27094,0,496.0,dead,0
219.7621,-0.0038,0,0,0.27094,0,496.0,dead,0
219.7777,-0.1083,0,0,0.27094,0,496.0,dead,0
219.7939,-0.1083,0,0,0.27094,0,496.0,dead,0
219.8103,-0.1083,0,0,0.29345,0,496.0,dead,0
219.8351,0.468,0,0,0.29345,0,496.0,dead,0
219.8506,0.468,0,0,0.29345,0,496.0,dead,0
219.8673,0.1113,0,0,0.29345,0,496.0,dead,0
219.885,0.1113,0,0,0.27474,0,496.0,dead,0
219.9014,0.1113,0,0,0.27474,0,496.0,dead,0
219.9179,0.0489,0,0,0.27474,0,496.0,dead,0
219.9341,0.0489,0,0,0.27474,0,496.0,dead,0
219.9505,0.4014,0,0,0.27474,0,496.0,dead,0
219.9681,0.4014,0,0,0.28227,0,496.0,dead,0
219.9884,0.4014,0,0,0.28227,0,496.0,dead,0
220.006,0.4264,0,0,0.28227,0,496.0,dead,0
220.0221,0.4264,0,0,0.28227,0,496.0,dead,0
220.0414,0.3676,0,0,0.27187,0,496.0,dead,0
220.0584,0.3676,0,0,0.27187,0,496.0,dead,0
220.0758,0.3676,0,0,0.27187,0,496.0,dead,0
220.0921,0.1957,0,0,0.27187,0,496.0,dead,0
220.1074,0.1957,0,0,0.27683,0,496.0,dead,0
220.1235,0.1957,0,0,0.27683,0,496.0,dead,0
220.14,0.1781,0,0,0.27683,0,496.0,dead,0
220.156,0.1781,0,0,0.27683,0,496.0,dead,0
220.173,0.1781,0,0,0.27683,0,496.0,dead,0
220.1907,-0.1823,0,0,0.29155,0,496.0,dead,0
220.2074,-0.1823,0,0,0.29155,0,496.0,dead,0
220.2241,-0.1823,0,0,0.29155,0,496.0,dead,0
220.2448,-0.1823,0,0,0.29155,0,496.0,dead,0
220.2691,-0.4359,0,0,0.30939,0,496.0,dead,0
220.2894,-0.1771,0,0,0.30939,0,496.0,dead,0
220.306,-0.1771,0,0,0.30939,0,496.0,dead,0
220.3226,-0.2295,0,0,0.30939,0,496.0,dead,0
220.3387,-0.2295,0,0,0.28464,0,496.0,dead,0
220.3562,-0.2532,0,0,0.28464,0,496.0,dead,0
220.3787,-0.2532,0,0,0.28464,0,496.0,dead,0
220.3986,-0.2532,0,0,0.28464,0,496.0,dead,0
220.4182,-0.0335,0,0,0.28464,0,496.0,dead,0
220.4369,-0.0335,0,0,0.30715,0,496.0,dead,0
220.4521,-0.0335,0,0,0.30715,0,496.0,dead,0
220.4696,-0.0335,0,0,0.30715,0,496.0,dead,0
220.4862,-0.0335,0,0,0.30715,0,496.0,dead,0
220.5024,-0.2296,0,0,0.32026,0,496.0,dead,0
220.5187,-0.2296,0,0,0.32026,0,496.0,dead,0
220.535,-0.3026,0,0,0.32026,0,496.0,dead,0
220.5511,-0.3026,0,0,0.32026,0,496.0,dead,0
220.5713,-0.3026,0,0,0.27114,0,496.0,dead,0
220.5878,-0.3026,0,0,0.27114,0,496.0,dead,0
220.6041,-0.3026,0,0,0.27114,0,496.0,dead,0
220.6202,-0.3026,0,0,0.27114,0,496.0,dead,0
220.6371,0.2503,0,0,0.28502,0,496.0,dead,0
220.6542,0.2503,0,0,0.28502,0,496.0,dead,0
220.6714,0.2291,0,0,0.28502,0,496.0,dead,0
220.6883,0.2291,0,0,0.28502,0,496.0,dead,0
220.7051,0.2291,0,0,0.26791,0,496.0,dead,0
220.7206,0.2291,0,0,0.26791,0,496.0,dead,0
220.7373,0.2291,0,0,0.26791,0,496.0,dead,0
220.7557,0.2291,0,0,0.26791,0,496.0,dead,0
220.772,0.2291,0,0,0.28164,0,496.0,dead,0
220.7882,0.2291,0,0,0.28164,0,496.0,dead,0
220.8054,0.3299,0,0,0.28164,0,496.0,dead,0
220.8225,0.2917,0,0,0.285,0,496.0,dead,0
220.8395,0.2917,0,0,0.285,0,496.0,dead,0
220.8563,0.6476,0,0,0.285,0,496.0,dead,0
220.8726,0.6476,0,0,0.28601,0,496.0,dead,0
220.8896,0.6476,0,0,0.28601,0,496.0,dead,0
220.9063,-0.7506,0,0,0.28601,0,496.0,dead,0
220.9234,-0.7506,0,0,0.28601,0,496.0,dead,0
220.94,-0.7506,0,0,0.27416,0,496.0,dead,0
220.9561,-0.7506,0,0,0.27416,0,496.0,dead,0
220.9722,-0.7506,0,0,0.27416,0,496.0,dead,0
220.9893,-0.2397,0,0,0.27416,0,496.0,dead,0
221.0064,-0.2397,0,0,0.27179,0,496.0,dead,0
221.0227,-0.2397,0,0,0.27179,0,496.0,dead,0
221.0418,-0.2397,0,0,0.27179,0,496.0,dead,0
221.0582,-0.2397,0,0,0.27179,0,496.0,dead,0
221.0735,-0.2397,0,0,0.28965,0,496.0,dead,0
221.0898,0.0534,0,0,0.28965,0,496.0,dead,0
221.106,0.0534,0,0,0.28965,0,496.0,dead,0
221.1221,0.1198,0,0,0.28965,0,496.0,dead,0
221.1382,0.1198,0,0,0.26795,0,496.0,dead,0
221.1537,0.1198,0,0,0.26795,0,496.0,dead,0
221.17,0.1198,0,0,0.26795,0,496.0,dead,0
221.1861,0.1198,0,0,0.26795,0,496.0,dead,0
221.2018,0.1198,0,0,0.26795,0,496.0,dead,0
221.2193,0.1198,0,0,0.25765,0,496.0,dead,0
221.236,0.1198,0,0,0.25765,0,496.0,dead,0
221.2521,0.1198,0,0,0.25765,0,496.0,dead,0
221.273,0.4249,0,0,0.31315,0,496.0,dead,0
221.2913,0.7272,0,0,0.31315,0,496.0,dead,0
221.3069,0.8656,0,0,0.31315,0,496.0,dead,0
221.3235,0.8656,0,0,0.31315,0,496.0,dead,0
221.3406,0.8656,0,0,0.31315,0,496.0,dead,0
221.3566,0.8656,0,0,0.29306,0,496.0,dead,0
221.3728,0.8656,0,0,0.29306,0,496.0,dead,0
221.3891,0.5682,0,0,0.29306,0,496.0,dead,0
221.4057,0.1045,0,0,0.29306,0,496.0,dead,0
221.4213,0.1045,0,0,0.30992,0,496.0,dead,0
221.4378,0.3358,0,0,0.30992,0,496.0,dead,0
221.454,0.3358,0,0,0.30992,0,496.0,dead,0
221.4699,0.3358,0,0,0.30992,0,496.0,dead,0
221.4857,0.0526,0,0,0.31739,0,496.0,dead,0
221.5019,0.0526,0,0,0.31739,0,496.0,dead,0
221.5183,0.0526,0,0,0.31739,0,496.0,dead,0
221.5344,-0.0311,0,0,0.31739,0,496.0,dead,0
221.5515,-0.0311,0,0,0.33082,0,496.0,dead,0
221.568,-0.0311,0,0,0.33082,0,496.0,dead,0
221.5846,-0.2395,0,0,0.33082,0,496.0,dead,0
221.6017,-0.2395,0,0,0.32615,0,496.0,dead,0
221.6198,-0.2395,0,0,0.32615,0,496.0,dead,0
221.641,-0.9104,0,0,0.32615,0,496.0,dead,0
221.6569,-0.9104,0,0,0.32615,0,496.0,dead,0
221.6734,-0.3312,0,0,0.32615,0,496.0,dead,0
221.6895,-0.3312,0,0,0.33799,0,496.0,dead,0
221.7063,-0.4177,0,0,0.33799,0,496.0,dead,0
221.723,-0.1932,0,0,0.33799,0,496.0,dead,0
221.7396,-0.1932,0,0,0.33799,0,496.0,dead,0
221.7562,-0.2753,0,0,0.33799,0,496.0,dead,0
221.7724,-0.2753,0,0,0.29738,0,496.0,dead,0
221.7891,-0.2753,0,0,0.29738,0,496.0,dead,0
221.807,-0.4283,0,0,0.29738,0,496.0,dead,0
221.8229,-0.4283,0,0,0.29738,0,496.0,dead,0
221.8392,-0.4283,0,0,0.3043,0,496.0,dead,0
221.8557,0.8606,0,0,0.3043,0,496.0,dead,0
221.872,0.8606,0,0,0.3043,0,496.0,dead,0
221.8906,0.7329,0,0,0.3043,0,496.0,dead,0
221.907,0.7329,0,0,0.3043,0,496.0,dead,0
221.9249,0.7329,0,0,0.27482,0,496.0,dead,0
221.941,0.2156,0,0,0.27482,0,496.0,dead,0
221.9578,0.2156,0,0,0.27482,0,496.0,dead,0
221.9746,0.2451,0,0,0.27482,0,496.0,dead,0
221.9923,0.3002,0,0,0.27482,0,496.0,dead,0
222.0085,0.3002,0,0,0.28278,0,496.0,dead,0
222.0251,0.3339,0,0,0.28278,0,496.0,dead,0
222.0416,0.3339,0,0,0.28278,0,496.0,dead,0
222.06,0.3339,0,0,0.28278,0,496.0,dead,0
222.0769,0.0453,0,0,0.27578,0,496.0,dead,0
222.0931,0.0453,0,0,0.27578,0,496.0,dead,0
222.1093,0.0453,0,0,0.27578,0,496.0,dead,0
222.126,-0.1876,0,0,0.30115,0,496.0,dead,0
222.1427,-0.1876,0,0,0.30115,0,496.0,dead,0
222.159,0.2209,0,0,0.30115,0,496.0,dead,0
222.1761,0.2209,0,0,0.29162,0,496.0,dead,0
222.1919,0.2209,0,0,0.29162,0,496.0,dead,0
222.2086,-0.2176,0,0,0.29162,0,496.0,dead,0
222.2247,-0.2176,0,0,0.29162,0,496.0,dead,0
222.2406,-0.2176,0,0,0.29162,0,496.0,dead,0
222.2596,-0.2194,0,0,0.29619,0,496.0,dead,0
222.2777,-0.2194,0,0,0.29619,0,496.0,dead,0
222.2944,-0.2194,0,0,0.29619,0,496.0,dead,0
222.3102,-0.2194,0,0,0.29619,0,496.0,dead,0
222.3272,-0.2194,0,0,0.29619,0,496.0,dead,0
222.3429,-0.2194,0,0,0.28489,0,496.0,dead,0
222.359,-0.2194,0,0,0.28489,0,496.0,dead,0
222.3747,-0.2194,0,0,0.28489,0,496.0,dead,0
222.3912,-0.2194,0,0,0.28489,0,496.0,dead,0
222.4068,-0.2194,0,0,0.28489,0,496.0,dead,0
222.4226,-0.2194,0,0,0.27822,0,496.0,dead,0
222.4456,-0.5638,0,0,0.27822,0,496.0,dead,0
222.4701,-0.5638,0,0,0.27822,0,496.0,dead,0
222.4856,-0.3163,0,0,0.27822,0,496.0,dead,0
222.5023,-0.3163,0,0,0.2875,0,496.0,dead,0
222.5194,-0.5469,0,0,0.2875,0,496.0,dead,0
222.5355,-0.5469,0,0,0.2875,0,496.0,dead,0
222.5525,-0.5469,0,0,0.2875,0,496.0,dead,0
222.5691,-0.5469,0,0,0.2875,0,496.0,dead,0
222.5843,-0.5469,0,0,0.29298,0,496.0,dead,0
222.6007,-0.5469,0,0,0.29298,0,496.0,dead,0
222.6165,-0.3414,0,0,0.29298,0,496.0,dead,0
222.6325,-0.3414,0,0,0.29298,0,496.0,dead,0
222.6487,-0.3414,0,0,0.29298,0,496.0,dead,0
222.6649,-0.5117,0,0,0.27926,0,496.0,dead,0
222.681,-0.5117,0,0,0.27926,0,496.0,dead,0
222.6973,-0.0556,0,0,0.27926,0,496.0,dead,0
222.7145,-0.0556,0,0,0.27926,0,496.0,dead,0
222.7303,-0.0556,0,0,0.26147,0,496.0,dead,0
222.7466,0.6118,0,0,0.26147,0,496.0,dead,0
222.7637,0.6118,0,0,0.26147,0,496.0,dead,0
222.7803,0.6118,0,0,0.30479,0,496.0,dead,0
222.7974,0.5923,0,0,0.30479,0,496.0,dead,0
222.8136,0.5923,0,0,0.30479,0,496.0,dead,0
222.8301,0.2289,0,0,0.30479,0,496.0,dead,0
222.8465,0.2289,0,0,0.30509,0,496.0,dead,0
222.8633,0.2289,0,0,0.30509,0,496.0,dead,0
222.8804,0.1286,0,0,0.30509,0,496.0,dead,0
222.8965,0.1286,0,0,0.30509,0,496.0,dead,0
222.9126,0.1286,0,0,0.30509,0,496.0,dead,0
222.9294,0.2569,0,0,0.30509,0,496.0,dead,0
222.9465,0.2569,0,0,0.30509,0,496.0,dead,0
222.963,0.2569,0,0,0.2957,0,496.0,dead,0
222.9785,0.154,0,0,0.2957,0,496.0,dead,0
222.9951,0.154,0,0,0.2957,0,496.0,dead,0
223.0107,0.2979,0,0,0.2957,0,496.0,dead,0
223.027,0.2979,0,0,0.26759,0,496.0,dead,0
223.0432,0.2979,0,0,0.26759,0,496.0,dead,0
223.0591,-0.5465,0,0,0.26759,0,496.0,dead,0
223.0783,-0.5465,0,0,0.26759,0,496.0,dead,0
223.0949,-0.5465,0,0,0.27964,0,496.0,dead,0
223.1115,-0.4442,0,0,0.27964,0,496.0,dead,0
223.1283,-0.4442,0,0,0.27964,0,496.0,dead,0
223.1451,-0.6257,0,0,0.27964,0,496.0,dead,0
223.161,-0.6257,0,0,0.3008,0,496.0,dead,0
223.1776,-0.6257,0,0,0.3008,0,496.0,dead,0
223.1944,-0.6257,0,0,0.3008,0,496.0,dead,0
223.2108,-0.6257,0,0,0.3008,0,496.0,dead,0
223.227,-0.6257,0,0,0.26861,0,496.0,dead,0
223.2431,-0.0621,0,0,0.26861,0,496.0,dead,0
223.2585,-0.0621,0,0,0.26861,0,496.0,dead,0
223.2788,-0.0621,0,0,0.26861,0,496.0,dead,0
223.295,0.0655,0,0,0.26047,0,496.0,dead,0
223.3112,0.0655,0,0,0.26047,0,496.0,dead,0
223.327,-0.0251,0,0,0.26047,0,496.0,dead,0
223.3431,-0.0251,0,0,0.26047,0,496.0,dead,0
223.3598,-0.0251,0,0,0.27083,0,496.0,dead,0
223.376,-0.0251,0,0,0.27083,0,496.0,dead,0
223.3931,-0.0251,0,0,0.27083,0,496.0,dead,0
223.4098,-0.0251,0,0,0.27083,0,496.0,dead,0
223.4261,0.3828,0,0,0.31725,0,496.0,dead,0
223.4422,0.3828,0,0,0.31725,0,496.0,dead,0
223.4573,0.3828,0,0,0.31725,0,496.0,dead,0
223.4741,-0.1149,0,0,0.31725,0,496.0,dead,0
223.4913,-0.1149,0,0,0.30006,0,496.0,dead,0
223.5081,0.0741,0,0,0.30006,0,496.0,dead,0
223.5243,0.0741,0,0,0.30006,0,496.0,dead,0
223.5407,0.0741,0,0,0.25373,0,496.0,dead,0
223.5574,0.3651,0,0,0.25373,0,496.0,dead,0
223.5736,0.3651,0,0,0.25373,0,496.0,dead,0
223.5907,0.3651,0,0,0.25373,0,496.0,dead,0
223.6075,0.3651,0,0,0.26902,0,496.0,dead,0
223.6231,0.3651,0,0,0.26902,0,496.0,dead,0
223.6394,0.3651,0,0,0.26902,0,496.0,dead,0
223.656,1.0334,0,0,0.26902,0,496.0,dead,0
223.6733,1.0334,0,0,0.30744,0,496.0,dead,0
223.6896,0.7082,0,0,0.30744,0,496.0,dead,0
223.7057,0.7082,0,0,0.30744,0,496.0,dead,0
223.7223,0.7082,0,0,0.28947,0,496.0,dead,0
223.7389,0.7538,0,0,0.28947,0,496.0,dead,0
223.7545,0.7538,0,0,0.28947,0,496.0,dead,0
223.7706,0.7538,0,0,0.27932,0,496.0,dead,0
223.7869,0.035,0,0,0.27932,0,496.0,dead,0
223.8025,0.035,0,0,0.27932,0,496.0,dead,0
223.8236,-0.2061,0,0,0.27932,0,496.0,dead,0
223.8399,-0.422,0,0,0.30192,0,496.0,dead,0
223.856,-0.422,0,0,0.30192,0,496.0,dead,0
223.8721,-0.422,0,0,0.30192,0,496.0,dead,0
223.8895,-0.422,0,0,0.30023,0,496.0,dead,0
223.9057,-0.422,0,0,0.30023,0,496.0,dead,0
223.922,-0.5494,0,0,0.30023,0,496.0,dead,0
223.9376,-0.1907,0,0,0.30023,0,496.0,dead,0
223.9543,-0.0534,0,0,0.3032,0,496.0,dead,0
223.9706,-0.2736,0,0,0.3032,0,496.0,dead,0
223.9884,-0.2736,0,0,0.3032,0,496.0,dead,0
224.0056,-0.1059,0,0,0.3032,0,496.0,dead,0
224.0227,-0.1059,0,0,0.3032,0,496.0,dead,0
224.0395,-0.1059,0,0,0.28182,0,496.0,dead,0
224.0585,-0.3037,0,0,0.28182,0,496.0,dead,0
224.0751,-0.3037,0,0,0.28182,0,496.0,dead,0
224.0909,0.1687,0,0,0.28182,0,496.0,dead,0
224.1074,0.1687,0,0,0.28106,0,496.0,dead,0
224.1241,0.1687,0,0,0.28106,0,496.0,dead,0
224.1399,0.4217,0,0,0.28106,0,496.0,dead,0
224.1562,0.4217,0,0,0.28106,0,496.0,dead,0
224.1725,0.4217,0,0,0.28106,0,496.0,dead,0
224.1906,0.7156,0,0,0.35508,0,496.0,dead,0
224.2062,0.7156,0,0,0.35508,0,496.0,dead,0
224.2234,0.7156,0,0,0.35508,0,496.0,dead,0
224.2396,0.558,0,0,0.29459,0,496.0,dead,0
224.2562,0.558,0,0,0.29459,0,496.0,dead,0
224.2729,0.3423,0,0,0.29459,0,496.0,dead,0
224.2889,0.3423,0,0,0.29459,0,496.0,dead,0
224.3046,0.3423,0,0,0.32615,0,496.0,dead,0
224.3208,0.0349,0,0,0.32615,0,496.0,dead,0
224.3375,0.0349,0,0,0.32615,0,496.0,dead,0
224.3541,0.0349,0,0,0.32615,0,496.0,dead,0
224.3704,0.0349,0,0,0.28917,0,496.0,dead,0
224.3868,0.0349,0,0,0.28917,0,496.0,dead,0
224.4031,0.0349,0,0,0.28917,0,496.0,dead,0
224.4209,-0.2167,0,0,0.28917,0,496.0,dead,0
224.4375,-0.2167,0,0,0.28198,0,496.0,dead,0
224.454,-0.0884,0,0,0.28198,0,496.0,dead,0
224.4701,-0.0884,0,0,0.28198,0,496.0,dead,0
224.4861,-0.0884,0,0,0.29616,0,496.0,dead,0
224.5022,-0.3058,0,0,0.29616,0,496.0,dead,0
224.5181,-0.3058,0,0,0.29616,0,496.0,dead,0
224.5347,-0.3058,0,0,0.29616,0,496.0,dead,0
224.5507,-0.3058,0,0,0.27543,0,496.0,dead,0
224.5669,-0.3058,0,0,0.27543,0,496.0,dead,0
224.5831,-0.3058,0,0,0.27543,0,496.0,dead,0
224.5991,-1.1295,0,0,0.27543,0,496.0,dead,0
224.6152,-1.1295,0,0,0.32625,0,496.0,dead,0
224.6324,-0.7259,0,0,0.32625,0,496.0,dead,0
224.6488,-0.7259,0,0,0.32625,0,496.0,dead,0
224.666,-0.7259,0,0,0.32625,0,496.0,dead,0
224.6816,-1.0216,0,0,0.32625,0,496.0,dead,0
224.6987,-1.0216,0,0,0.32625,0,496.0,dead,0
224.7153,-1.0216,0,0,0.32625,0,496.0,dead,0
224.7316,-0.2886,0,0,0.31177,0,496.0,dead,0
224.7477,-0.2886,0,0,0.31177,0,496.0,dead,0
224.7654,-0.08,0,0,0.31177,0,496.0,dead,0
224.7822,-0.08,0,0,0.29756,0,496.0,dead,0
224.7994,-0.08,0,0,0.29756,0,496.0,dead,0
224.8157,-0.08,0,0,0.29756,0,496.0,dead,0
224.8317,-0.08,0,0,0.29756,0,496.0,dead,0
224.8477,-0.08,0,0,0.28092,0,496.0,dead,0
224.8639,-0.2011,0,0,0.28092,0,496.0,dead,0
224.8806,-0.2011,0,0,0.28092,0,496.0,dead,0
224.8967,-0.2011,0,0,0.27964,0,496.0,dead,0
224.913,-0.0952,0,0,0.27964,0,496.0,dead,0
224.9292,-0.0952,0,0,0.27964,0,496.0,dead,0
224.9457,-0.2268,0,0,0.27964,0,496.0,dead,0
224.9618,-0.2268,0,0,0.29434,0,496.0,dead,0
224.979,-0.2268,0,0,0.29434,0,496.0,dead,0
224.9956,-0.2498,0,0,0.29434,0,496.0,dead,0
225.0122,-0.2498,0,0,0.3187,0,496.0,dead,0
225.0284,-0.2498,0,0,0.3187,0,496.0,dead,0
225.0449,0.1898,0,0,0.3187,0,496.0,dead,0
225.0609,0.1898,0,0,0.3187,0,496.0,dead,0
225.0796,0.1898,0,0,0.3187,0,496.0,dead,0
225.0963,0.1898,0,0,0.32478,0,496.0,dead,0
225.1132,0.1898,0,0,0.32478,0,496.0,dead,0
225.1301,0.6705,0,0,0.32478,0,496.0,dead,0
225.1466,0.6705,0,0,0.32471,0,496.0,dead,0
225.1627,0.6705,0,0,0.32471,0,496.0,dead,0
225.1796,0.4098,0,0,0.32471,0,496.0,dead,0
225.1957,0.4098,0,0,0.32471,0,496.0,dead,0
225.212,0.4098,0,0,0.32471,0,496.0,dead,0
225.2302,0.1423,0,0,0.34857,0,496.0,dead,0
225.249,0.1423,0,0,0.34857,0,496.0,dead,0
225.2652,0.0199,0,0,0.34857,0,496.0,dead,0
225.2815,0.0199,0,0,0.34857,0,496.0,dead,0
225.2981,0.0199,0,0,0.30114,0,496.0,dead,0
225.3152,-0.1205,0,0,0.30114,0,496.0,dead,0
225.3317,-0.1205,0,0,0.30114,0,496.0,dead,0
225.3484,-0.1205,0,0,0.32862,0,496.0,dead,0
225.3651,-0.1205,0,0,0.32862,0,496.0,dead,0
225.3817,-0.1205,0,0,0.32862,0,496.0,dead,0
225.4032,0.1437,0,0,0.33202,0,496.0,dead,0
225.4205,0.5517,0,0,0.33202,0,496.0,dead,0
225.4369,0.5517,0,0,0.33202,0,496.0,dead,0
225.4551,0.5517,0,0,0.33202,0,496.0,dead,0
225.4711,0.5517,0,0,0.32455,0,496.0,dead,0
225.4868,0.4793,0,0,0.32455,0,496.0,dead,0
225.5027,0.4793,0,0,0.32455,0,496.0,dead,0
225.519,0.4793,0,0,0.32416,0,496.0,dead,0
225.5346,0.444,0,0,0.32416,0,496.0,dead,0
225.5506,0.444,0,0,0.32416,0,496.0,dead,0
225.5669,0.444,0,0,0.32416,0,496.0,dead,0
225.583,0.2617,0,0,0.35943,0,496.0,dead,0
225.5994,0.2617,0,0,0.35943,0,496.0,dead,0
225.6157,0.2617,0,0,0.35943,0,496.0,dead,0
225.636,0.0634,0,0,0.35943,0,496.0,dead,0
225.6524,0.0634,0,0,0.35943,0,496.0,dead,0
225.6697,0.2735,0,0,0.38032,0,496.0,dead,0
225.6862,0.2735,0,0,0.38032,0,496.0,dead,0
225.7029,0.2735,0,0,0.38032,0,496.0,dead,0
225.7191,0.0428,0,0,0.38032,0,496.0,dead,0
225.736,0.0428,0,0,0.36893,0,496.0,dead,0
225.7537,0.0428,0,0,0.36893,0,496.0,dead,0
225.77,0.0428,0,0,0.36893,0,496.0,dead,0
225.7857,0.0428,0,0,0.36893,0,496.0,dead,0
225.8045,-0.1164,0,0,0.36893,0,496.0,dead,0
225.8208,-0.1164,0,0,0.34254,0,496.0,dead,0
225.8369,-0.1164,0,0,0.34254,0,496.0,dead,0
225.8534,-0.4775,0,0,0.34254,0,496.0,dead,0
225.8697,-0.4775,0,0,0.34254,0,496.0,dead,0
225.8864,-0.4775,0,0,0.33831,0,496.0,dead,0
225.9035,-0.6286,0,0,0.33831,0,496.0,dead,0
225.9201,-0.6286,0,0,0.33831,0,496.0,dead,0
225.9362,-0.7906,0,0,0.3225,0,496.0,dead,0
225.9518,-0.7906,0,0,0.3225,0,496.0,dead,0
225.9681,-0.7906,0,0,0.3225,0,496.0,dead,0
225.9842,0.0798,0,0,0.32699,0,496.0,dead,0
226.0005,0.0798,0,0,0.32699,0,496.0,dead,0
226.0176,0.0798,0,0,0.32699,0,496.0,dead,0
226.0342,0.2733,0,0,0.32699,0,496.0,dead,0
226.051,0.2733,0,0,0.31544,0,496.0,dead,0
226.0669,0.2733,0,0,0.31544,0,496.0,dead,0
226.0866,0.0796,0,0,0.31544,0,496.0,dead,0
226.105,0.0796,0,0,0.31544,0,496.0,dead,0
226.1216,0.4448,0,0,0.31544,0,496.0,dead,0
226.1378,0.4448,0,0,0.33617,0,496.0,dead,0
226.1545,0.4448,0,0,0.33617,0,496.0,dead,0
226.1716,0.4036,0,0,0.33617,0,496.0,dead,0
226.1882,0.4036,0,0,0.33617,0,496.0,dead,0
226.213,0.6346,0,0,0.34931,0,496.0,dead,0
226.2324,0.6346,0,0,0.34931,0,496.0,dead,0
226.2492,0.6715,0,0,0.34931,0,496.0,dead,0
226.2652,0.6715,0,0,0.34931,0,496.0,dead,0
226.2809,0.6715,0,0,0.32204,0,496.0,dead,0
226.2971,0.616,0,0,0.32204,0,496.0,dead,0
226.314,0.616,0,0,0.32204,0,496.0,dead,0
226.3297,0.616,0,0,0.32204,0,496.0,dead,0
226.3464,0.37,0,0,0.29536,0,496.0,dead,0
226.3626,0.37,0,0,0.29536,0,496.0,dead,0
226.3795,0.37,0,0,0.29536,0,496.0,dead,0
226.396,0.493,0,0,0.29536,0,496.0,dead,0
226.4132,0.493,0,0,0.3133,0,496.0,dead,0
226.43,-0.0444,0,0,0.3133,0,496.0,dead,0
226.4461,-0.0444,0,0,0.3133,0,496.0,dead,0
226.4622,-0.0444,0,0,0.3133,0,496.0,dead,0
226.4796,-0.6491,0,0,0.34028,0,496.0,dead,0
226.4958,-0.6491,0,0,0.34028,0,496.0,dead,0
226.5121,-0.6491,0,0,0.34028,0,496.0,dead,0
226.5309,-0.7876,0,0,0.34454,0,496.0,dead,0
226.5465,-0.7876,0,0,0.34454,0,496.0,dead,0
226.5626,-0.7876,0,0,0.34454,0,496.0,dead,0
226.5791,-1.1532,0,0,0.34454,0,496.0,dead,0
226.5954,-1.1532,0,0,0.3098,0,496.0,dead,0
226.612,-1.2711,0,0,0.3098,0,496.0,dead,0
226.6281,-1.2711,0,0,0.3098,0,496.0,dead,0
226.6442,-1.2711,0,0,0.30166,0,496.0,dead,0
226.6606,-0.9888,0,0,0.30166,0,496.0,dead,0
226.677,-0.9888,0,0,0.30166,0,496.0,dead,0
226.6943,-0.9888,0,0,0.33534,0,496.0,dead,0
226.711,-0.3497,0,0,0.33534,0,496.0,dead,0
226.7271,-0.3497,0,0,0.33534,0,496.0,dead,0
226.7442,-0.3497,0,0,0.33534,0,496.0,dead,0
226.7632,-0.3343,0,0,0.30885,0,496.0,dead,0
226.7799,-0.3343,0,0,0.30885,0,496.0,dead,0
226.7962,-0.3725,0,0,0.30885,0,496.0,dead,0
226.812,-0.3725,0,0,0.30885,0,496.0,dead,0
226.8274,-0.3725,0,0,0.30885,0,496.0,dead,0
226.8441,-0.3657,0,0,0.32387,0,496.0,dead,0
226.8602,-0.3657,0,0,0.32387,0,496.0,dead,0
226.877,-0.3657,0,0,0.32387,0,496.0,dead,0
226.8953,-0.3482,0,0,0.34975,0,496.0,dead,0
226.9116,-0.3482,0,0,0.34975,0,496.0,dead,0
226.9284,0.5083,0,0,0.34975,0,496.0,dead,0
226.945,0.5083,0,0,0.34975,0,496.0,dead,0
226.9613,0.5083,0,0,0.29658,0,496.0,dead,0
226.9784,1.3452,0,0,0.29658,0,496.0,dead,0
226.995,1.3452,0,0,0.29658,0,496.0,dead,0
227.0109,1.3452,0,0,0.29658,0,496.0,dead,0
227.0275,1.3452,0,0,0.30807,0,496.0,dead,0
227.0445,1.3452,0,0,0.30807,0,496.0,dead,0
227.0617,0.0686,0,0,0.30807,0,496.0,dead,0
227.0777,0.0686,0,0,0.30352,0,496.0,dead,0
227.094,0.0686,0,0,0.30352,0,496.0,dead,0
227.1098,0.0581,0,0,0.30352,0,496.0,dead,0
227.126,0.0581,0,0,0.30352,0,496.0,dead,0
227.1416,0.0581,0,0,0.29974,0,496.0,dead,0
227.1579,-0.4763,0,0,0.29974,0,496.0,dead,0
227.1735,-0.4763,0,0,0.29974,0,496.0,dead,0
227.1895,-0.4763,0,0,0.29974,0,496.0,dead,0
227.2062,-0.4763,0,0,0.29974,0,496.0,dead,0
227.2223,-0.4763,0,0,0.3045,0,496.0,dead,0
227.2388,-0.4763,0,0,0.3045,0,496.0,dead,0
227.2585,-0.4236,0,0,0.3045,0,496.0,dead,0
227.2769,-0.8746,0,0,0.2947,0,496.0,dead,0
227.2929,-0.771,0,0,0.2947,0,496.0,dead,0
227.3088,-0.771,0,0,0.2947,0,496.0,dead,0
227.3245,-0.771,0,0,0.2947,0,496.0,dead,0
227.3416,-0.6601,0,0,0.30333,0,496.0,dead,0
227.3583,-0.6601,0,0,0.30333,0,496.0,dead,0
227.3752,-0.7153,0,0,0.30333,0,496.0,dead,0
227.3915,-0.7153,0,0,0.29518,0,496.0,dead,0
227.4086,-0.7153,0,0,0.29518,0,496.0,dead,0
227.4248,-0.3552,0,0,0.29518,0,496.0,dead,0
227.441,-0.3552,0,0,0.30899,0,496.0,dead,0
227.4571,-0.3552,0,0,0.30899,0,496.0,dead,0
227.4738,-0.0939,0,0,0.30899,0,496.0,dead,0
227.4899,-0.0939,0,0,0.26754,0,496.0,dead,0
227.5061,-0.0939,0,0,0.26754,0,496.0,dead,0
227.5223,-0.2134,0,0,0.26754,0,496.0,dead,0
227.539,-0.2134,0,0,0.29357,0,496.0,dead,0
227.5546,-0.2134,0,0,0.29357,0,496.0,dead,0
227.5714,0.1287,0,0,0.29357,0,496.0,dead,0
227.5875,0.1287,0,0,0.29,0,496.0,dead,0
227.6047,0.2359,0,0,0.29,0,496.0,dead,0
227.6214,0.2359,0,0,0.29,0,496.0,dead,0
227.6368,0.2359,0,0,0.29,0,496.0,dead,0
227.6525,-0.1587,0,0,0.29,0,496.0,dead,0
227.6696,-0.1587,0,0,0.30446,0,496.0,dead,0
227.6864,-0.1587,0,0,0.30446,0,496.0,dead,0
227.7036,-0.0138,0,0,0.30446,0,496.0,dead,0
227.7197,-0.0138,0,0,0.30446,0,496.0,dead,0
227.7361,0.1887,0,0,0.30809,0,496.0,dead,0
227.7516,0.1887,0,0,0.30809,0,496.0,dead,0
227.7674,0.1887,0,0,0.30809,0,496.0,dead,0
227.7846,0.301,0,0,0.30333,0,496.0,dead,0
227.8007,0.301,0,0,0.30333,0,496.0,dead,0
227.8165,0.301,0,0,0.30333,0,496.0,dead,0
227.8332,0.6232,0,0,0.30355,0,496.0,dead,0
227.8491,0.6232,0,0,0.30355,0,496.0,dead,0
227.8646,0.6232,0,0,0.30355,0,496.0,dead,0
227.8807,0.6232,0,0,0.30355,0,496.0,dead,0
227.8973,0.6232,0,0,0.26734,0,496.0,dead,0
227.9147,-0.2894,0,0,0.26734,0,496.0,dead,0
227.9312,-0.2894,0,0,0.26734,0,496.0,dead,0
227.9486,-0.2894,0,0,0.29881,0,496.0,dead,0
227.9646,-1.055,0,0,0.29881,0,496.0,dead,0
227.9813,-1.055,0,0,0.29881,0,496.0,dead,0
227.9985,-1.055,0,0,0.29881,0,496.0,dead,0
228.015,-1.1423,0,0,0.2946,0,496.0,dead,0
228.0311,-1.1423,0,0,0.2946,0,496.0,dead,0
228.0473,-1.1423,0,0,0.2946,0,496.0,dead,0
228.0635,-0.5702,0,0,0.26793,0,496.0,dead,0
228.08,-0.5702,0,0,0.26793,0,496.0,dead,0
228.0964,-0.5314,0,0,0.26793,0,496.0,dead,0
228.1136,-0.5314,0,0,0.26793,0,496.0,dead,0
228.1307,-0.5314,0,0,0.26793,0,496.0,dead,0
228.1476,-0.5314,0,0,0.296,0,496.0,dead,0
228.164,-0.5314,0,0,0.296,0,496.0,dead,0
228.1801,-0.5314,0,0,0.296,0,496.0,dead,0
228.196,-0.5314,0,0,0.296,0,496.0,dead,0
228.2121,-0.5314,0,0,0.27093,0,496.0,dead,0
228.2283,-0.0136,0,0,0.27093,0,496.0,dead,0
228.245,0.6284,0,0,0.27093,0,496.0,dead,0
228.2616,0.6284,0,0,0.27093,0,496.0,dead,0
228.278,1.1431,0,0,0.3243,0,496.0,dead,0
228.2941,0.8199,0,0,0.3243,0,496.0,dead,0
228.3117,0.8199,0,0,0.3243,0,496.0,dead,0
228.3277,0.761,0,0,0.3243,0,496.0,dead,0
228.344,0.761,0,0,0.28907,0,496.0,dead,0
228.3601,0.761,0,0,0.28907,0,496.0,dead,0
228.3762,0.0777,0,0,0.28907,0,496.0,dead,0
228.3919,0.0777,0,0,0.31539,0,496.0,dead,0
228.4082,0.2508,0,0,0.31539,0,496.0,dead,0
228.4254,0.3192,0,0,0.31539,0,496.0,dead,0
228.4422,0.3192,0,0,0.35479,0,496.0,dead,0
228.4585,0.4255,0,0,0.35479,0,496.0,dead,0
228.4756,0.4255,0,0,0.35479,0,496.0,dead,0
228.4927,0.4255,0,0,0.35479,0,496.0,dead,0
228.5089,0.8428,0,0,0.35479,0,496.0,dead,0
228.5245,0.8428,0,0,0.35479,0,496.0,dead,0
228.5406,0.8428,0,0,0.35479,0,496.0,dead,0
228.5573,1.7043,0,0,0.3156,0,496.0,dead,0
228.5744,1.7043,0,0,0.3156,0,496.0,dead,0
228.591,1.1526,0,0,0.3156,0,496.0,dead,0
228.6072,1.1526,0,0,0.35639,0,496.0,dead,0
228.6234,1.1526,0,0,0.35639,0,496.0,dead,0
228.6397,1.1526,0,0,0.35639,0,496.0,dead,0
228.6559,1.1526,0,0,0.31684,0,496.0,dead,0
228.6715,1.1526,0,0,0.31684,0,496.0,dead,0
228.6876,0.3784,0,0,0.31684,0,496.0,dead,0
228.7046,0.3784,0,0,0.32873,0,496.0,dead,0
228.7211,0.3784,0,0,0.32873,0,496.0,dead,0
228.7371,0.2352,0,0,0.32873,0,496.0,dead,0
228.7532,0.2352,0,0,0.32873,0,496.0,dead,0
228.7705,-0.2841,0,0,0.33046,0,496.0,dead,0
228.7866,-0.2841,0,0,0.33046,0,496.0,dead,0
228.8031,-0.2841,0,0,0.33046,0,496.0,dead,0
228.8188,-0.5837,0,0,0.3028,0,496.0,dead,0
228.8346,-0.5837,0,0,0.3028,0,496.0,dead,0
228.8513,-0.5837,0,0,0.3028,0,496.0,dead,0
228.8681,-0.4651,0,0,0.31474,0,496.0,dead,0
228.8837,-0.4651,0,0,0.31474,0,496.0,dead,0
228.9001,-0.4651,0,0,0.31474,0,496.0,dead,0
228.9195,-0.2223,0,0,0.31474,0,496.0,dead,0
228.9356,-0.2223,0,0,0.31474,0,496.0,dead,0
228.952,0.2394,0,0,0.31474,0,496.0,dead,0
228.9681,0.3876,0,0,0.31474,0,496.0,dead,0
228.9842,0.3876,0,0,0.30683,0,496.0,dead,0
229.0005,0.3876,0,0,0.30683,0,496.0,dead,0
229.0164,0.3876,0,0,0.30683,0,496.0,dead,0
229.0335,0.3876,0,0,0.32642,0,496.0,dead,0
229.0506,-0.1612,0,0,0.32642,0,496.0,dead,0
229.0672,-0.1612,0,0,0.32642,0,496.0,dead,0
229.083,-0.1612,0,0,0.31529,0,496.0,dead,0
229.0989,0.293,0,0,0.31529,0,496.0,dead,0
229.1151,0.293,0,0,0.31529,0,496.0,dead,0
229.1313,-0.0694,0,0,0.32708,0,496.0,dead,0
229.1486,-0.0694,0,0,0.32708,0,496.0,dead,0
229.1652,-0.0694,0,0,0.32708,0,496.0,dead,0
229.1824,0.0958,0,0,0.32708,0,496.0,dead,0
229.2001,0.0958,0,0,0.32708,0,496.0,dead,0
229.2173,0.0958,0,0,0.33804,0,496.0,dead,0
229.2336,-0.0649,0,0,0.33804,0,496.0,dead,0
229.2497,-0.0649,0,0,0.33804,0,496.0,dead,0
229.2658,-0.0649,0,0,0.29261,0,496.0,dead,0
229.282,-0.0649,0,0,0.29261,0,496.0,dead,0
229.2986,-0.0649,0,0,0.29261,0,496.0,dead,0
229.3159,-0.2607,0,0,0.29261,0,496.0,dead,0
229.333,-0.2607,0,0,0.30813,0,496.0,dead,0
229.3486,-0.2607,0,0,0.30813,0,496.0,dead,0
229.3654,0.2497,0,0,0.30813,0,496.0,dead,0
229.3825,0.2497,0,0,0.35923,0,496.0,dead,0
229.3986,0.0047,0,0,0.35923,0,496.0,dead,0
229.416,0.0175,0,0,0.35923,0,496.0,dead,0
229.4326,0.0175,0,0,0.35923,0,496.0,dead,0
229.4495,-0.0885,0,0,0.35923,0,496.0,dead,0
229.4657,-0.0885,0,0,0.32264,0,496.0,dead,0
229.4817,-0.0885,0,0,0.32264,0,496.0,dead,0
229.4975,-0.0885,0,0,0.32264,0,496.0,dead,0
229.5142,-0.0885,0,0,0.31758,0,496.0,dead,0
229.5311,-0.0885,0,0,0.31758,0,496.0,dead,0
229.5467,-0.0885,0,0,0.31758,0,496.0,dead,0
229.5631,-0.0885,0,0,0.31549,0,496.0,dead,0
229.5786,-0.6371,0,0,0.31549,0,496.0,dead,0
229.5954,-0.7174,0,0,0.31549,0,496.0,dead,0
229.612,-0.7174,0,0,0.33811,0,496.0,dead,0
229.6276,-0.7174,0,0,0.33811,0,496.0,dead,0
229.6443,-0.7174,0,0,0.33811,0,496.0,dead,0
229.6606,-0.7174,0,0,0.36661,0,496.0,dead,0
229.6791,-0.7687,0,0,0.36661,0,496.0,dead,0
229.6965,-1.1085,0,0,0.36661,0,496.0,dead,0
229.7127,-1.1085,0,0,0.36661,0,496.0,dead,0
229.7307,-0.4668,0,0,0.33853,0,496.0,dead,0
229.7471,-0.4668,0,0,0.33853,0,496.0,dead,0
229.7631,-0.3833,0,0,0.33853,0,496.0,dead,0
229.7793,-0.3833,0,0,0.33853,0,496.0,dead,0
229.7961,-0.3833,0,0,0.37434,0,496.0,dead,0
229.8122,-0.1511,0,0,0.37434,0,496.0,dead,0
229.8279,-0.1511,0,0,0.37434,0,496.0,dead,0
229.8445,-0.1511,0,0,0.32226,0,496.0,dead,0
229.8613,-0.1511,0,0,0.32226,0,496.0,dead,0
229.8777,-0.1511,0,0,0.32226,0,496.0,dead,0
229.8943,-0.1511,0,0,0.32226,0,496.0,dead,0
229.9129,0.8623,0,0,0.2961,0,496.0,dead,0
229.9291,0.8623,0,0,0.2961,0,496.0,dead,0
229.9453,1.1981,0,0,0.2961,0,496.0,dead,0
229.9619,1.1981,0,0,0.2961,0,496.0,dead,0
229.978,1.1981,0,0,0.33844,0,496.0,dead,0
229.9941,0.7403,0,0,0.33844,0,496.0,dead,0
230.0107,0.7403,0,0,0.33844,0,496.0,dead,0
230.0271,0.7403,0,0,0.32411,0,496.0,dead,0
230.0433,0.8738,0,0,0.32411,0,496.0,dead,0
230.0605,0.8738,0,0,0.32411,0,496.0,dead,0
230.0766,0.3062,0,0,0.32411,0,496.0,dead,0
230.093,0.3062,0,0,0.3384,0,496.0,dead,0
230.1084,0.3062,0,0,0.3384,0,496.0,dead,0
230.1245,0.3516,0,0,0.3384,0,496.0,dead,0
230.141,0.3516,0,0,0.3384,0,496.0,dead,0
230.1584,0.3516,0,0,0.33163,0,496.0,dead,0
230.175,0.3516,0,0,0.33163,0,496.0,dead,0
230.1911,0.3516,0,0,0.33163,0,496.0,dead,0
230.2073,0.3516,0,0,0.33163,0,496.0,dead,0
230.2284,0.6823,0,0,0.36366,0,496.0,dead,0
230.2453,0.6823,0,0,0.36366,0,496.0,dead,0
230.262,2.9355,0,0,0.36366,0,496.0,dead,0
230.2781,2.9355,0,0,0.36366,0,496.0,dead,0
230.2964,2.9355,0,0,0.32238,0,496.0,dead,0
230.3198,0.6434,0,0,0.32238,0,496.0,dead,0
230.3361,0.6434,0,0,0.32238,0,496.0,dead,0
230.3525,0.3435,0,0,0.32238,0,496.0,dead,0
230.3695,0.3435,0,0,0.27083,0,496.0,dead,0
230.3861,0.3435,0,0,0.27083,0,496.0,dead,0
230.4059,-0.3665,0,0,0.27083,0,496.0,dead,0
230.4228,-0.3665,0,0,0.27083,0,496.0,dead,0
230.4384,-0.7131,0,0,0.27083,0,496.0,dead,0
230.4564,-0.7131,0,0,0.27083,0,496.0,dead,0
230.4781,-0.7131,0,0,0.25796,0,496.0,dead,0
230.5003,-1.016,0,0,0.25796,0,496.0,dead,0
230.517,-1.016,0,0,0.25796,0,496.0,dead,0
230.5331,-0.9465,0,0,0.25796,0,496.0,dead,0
230.5497,-0.9465,0,0,0.24383,0,496.0,dead,0
230.5661,-0.9465,0,0,0.24383,0,496.0,dead,0
230.5817,-0.516,0,0,0.24383,0,496.0,dead,0
230.5985,-0.516,0,0,0.24383,0,496.0,dead,0
230.6146,-0.516,0,0,0.26097,0,496.0,dead,0
230.6315,-0.4734,0,0,0.26097,0,496.0,dead,0
230.6481,-0.4734,0,0,0.26097,0,496.0,dead,0
230.6642,-0.6567,0,0,0.26097,0,496.0,dead,0
230.6805,-0.6567,0,0,0.23611,0,496.0,dead,0
230.6975,-0.6567,0,0,0.23611,0,496.0,dead,0
230.7142,-0.2571,0,0,0.23611,0,496.0,dead,0
230.7316,-0.2571,0,0,0.23611,0,496.0,dead,0
230.7483,-0.47,0,0,0.27197,0,496.0,dead,0
230.7651,-0.3572,0,0,0.27197,0,496.0,dead,0
230.7817,-0.3572,0,0,0.27197,0,496.0,dead,0
230.7976,-0.7013,0,0,0.27197,0,496.0,dead,0
230.8166,-0.7013,0,0,0.27197,0,496.0,dead,0
230.8329,-0.7013,0,0,0.2537,0,496.0,dead,0
230.8486,-0.6953,0,0,0.2537,0,496.0,dead,0
230.8647,-0.6953,0,0,0.2537,0,496.0,dead,0
230.8806,-0.6953,0,0,0.2537,0,496.0,dead,0
230.9008,-0.8177,0,0,0.25776,0,496.0,dead,0
230.9176,-0.8177,0,0,0.25776,0,496.0,dead,0
230.9341,-0.6003,0,0,0.25776,0,496.0,dead,0
230.95,-0.6003,0,0,0.25776,0,496.0,dead,0
230.9662,-0.6003,0,0,0.26778,0,496.0,dead,0
230.9818,-0.7323,0,0,0.26778,0,496.0,dead,0
230.998,-0.7323,0,0,0.26778,0,496.0,dead,0
231.0143,-0.7323,0,0,0.26778,0,496.0,dead,0
231.031,-0.7323,0,0,0.27416,0,496.0,dead,0
231.0471,-0.7323,0,0,0.27416,0,496.0,dead,0
231.0632,-0.7323,0,0,0.27416,0,496.0,dead,0
231.0795,0.0498,0,0,0.2767,0,496.0,dead,0
231.0961,0.0498,0,0,0.2767,0,496.0,dead,0
231.1135,-0.4225,0,0,0.2767,0,496.0,dead,0
231.1301,-0.4225,0,0,0.2767,0,496.0,dead,0
231.1461,-0.4225,0,0,0.2767,0,496.0,dead,0
231.1621,-0.6654,0,0,0.28536,0,496.0,dead,0
231.1779,-0.6654,0,0,0.28536,0,496.0,dead,0
231.1948,-0.6654,0,0,0.28536,0,496.0,dead,0
231.2109,-0.721,0,0,0.28536,0,496.0,dead,0
231.2265,-0.721,0,0,0.28577,0,496.0,dead,0
231.2431,-0.721,0,0,0.28577,0,496.0,dead,0
231.2599,-2.9877,0,0,0.28577,0,496.0,dead,0
231.2758,-2.9877,0,0,0.28577,0,496.0,dead,0
231.2915,-2.6938,0,0,0.26135,0,496.0,dead,0
231.3081,-2.0979,0,0,0.26135,0,496.0,dead,0
231.3259,-2.0979,0,0,0.26135,0,496.0,dead,0
231.3422,-0.6866,0,0,0.27505,0,496.0,dead,0
231.3579,-0.6866,0,0,0.27505,0,496.0,dead,0
231.3742,-0.6866,0,0,0.27505,0,496.0,dead,0
231.3911,-0.6171,0,0,0.27505,0,496.0,dead,0
231.4069,-0.6171,0,0,0.31583,0,496.0,dead,0
231.423,-0.6171,0,0,0.31583,0,496.0,dead,0
231.439,-0.6171,0,0,0.31583,0,496.0,dead,0
231.4572,-0.6171,0,0,0.33855,0,496.0,dead,0
231.4747,1.0339,0,0,0.33855,0,496.0,dead,0
231.4915,1.0339,0,0,0.33855,0,496.0,dead,0
231.5086,1.0339,0,0,0.33855,0,496.0,dead,0
231.525,1.4162,0,0,0.34203,0,496.0,dead,0
231.5421,1.4162,0,0,0.34203,0,496.0,dead,0
231.5586,1.2491,0,0,0.34203,0,496.0,dead,0
231.5754,1.2491,0,0,0.32201,0,496.0,dead,0
231.593,1.2491,0,0,0.32201,0,496.0,dead,0
231.6081,1.6556,0,0,0.32201,0,496.0,dead,0
231.6247,1.6556,0,0,0.32201,0,496.0,dead,0
231.6419,1.6556,0,0,0.34473,0,496.0,dead,0
231.6586,1.1485,0,0,0.34473,0,496.0,dead,0
231.6746,1.1485,0,0,0.34473,0,496.0,dead,0
231.6907,1.1485,0,0,0.31939,0,496.0,dead,0
231.7077,1.4289,0,0,0.31939,0,496.0,dead,0
231.7243,1.4289,0,0,0.31939,0,496.0,dead,0
231.7411,1.4289,0,0,0.33833,0,496.0,dead,0
231.7573,1.5127,0,0,0.33833,0,496.0,dead,0
231.7735,1.5127,0,0,0.33833,0,496.0,dead,0
231.7904,1.2903,0,0,0.33833,0,496.0,dead,0
231.8066,1.2903,0,0,0.33132,0,496.0,dead,0
231.8229,1.2903,0,0,0.33132,0,496.0,dead,0
231.8389,1.1092,0,0,0.33132,0,496.0,dead,0
231.855,1.1092,0,0,0.33132,0,496.0,dead,0
231.8711,1.1092,0,0,0.33877,0,496.0,dead,0
231.8873,0.9529,0,0,0.33877,0,496.0,dead,0
231.9036,0.9529,0,0,0.33877,0,496.0,dead,0
231.92,0.988,0,0,0.35477,0,496.0,dead,0
231.9365,0.988,0,0,0.35477,0,496.0,dead,0
231.953,0.988,0,0,0.35477,0,496.0,dead,0
231.9689,0.988,0,0,0.35477,0,496.0,dead,0
231.985,0.988,0,0,0.3333,0,496.0,dead,0
232.0007,0.988,0,0,0.3333,0,496.0,dead,0
232.0175,0.4682,0,0,0.3333,0,496.0,dead,0
232.0346,0.4682,0,0,0.3333,0,496.0,dead,0
232.0513,0.4682,0,0,0.35209,0,496.0,dead,0
232.0675,0.2243,0,0,0.35209,0,496.0,dead,0
232.084,0.2243,0,0,0.35209,0,496.0,dead,0
232.1001,-0.0435,0,0,0.35209,0,496.0,dead,0
232.1158,-0.0327,0,0,0.35209,0,496.0,dead,0
232.1316,-0.0327,0,0,0.3754,0,496.0,dead,0
232.1506,-0.3062,0,0,0.3754,0,496.0,dead,0
232.1715,-0.3062,0,0,0.3754,0,496.0,dead,0
232.1881,-0.3062,0,0,0.3754,0,496.0,dead,0
232.2047,-0.0979,0,0,0.3754,0,496.0,dead,0
232.2215,-0.0979,0,0,0.35765,0,496.0,dead,0
232.2376,0.9865,0,0,0.35765,0,496.0,dead,0
232.2541,0.9865,0,0,0.35765,0,496.0,dead,0
232.2698,0.9865,0,0,0.35017,0,496.0,dead,0
232.2855,4.0666,0,0,0.35017,0,496.0,dead,0
232.3025,4.0666,0,0,0.35017,0,496.0,dead,0
232.3187,4.0666,0,0,0.32136,0,496.0,dead,0
232.3343,4.0035,0,0,0.32136,0,496.0,dead,0
232.3515,4.0035,0,0,0.32136,0,496.0,dead,0
232.3684,4.0035,0,0,0.29227,0,496.0,dead,0
232.3845,2.1617,0,0,0.29227,0,496.0,dead,0
232.4006,2.1617,0,0,0.29227,0,496.0,dead,0
232.4167,-2.479,0,0,0.2989,0,496.0,dead,0
232.433,-2.479,0,0,0.2989,0,496.0,dead,0
232.4493,-2.479,0,0,0.2989,0,496.0,dead,0
232.469,-4.8296,0,0,0.2989,0,496.0,dead,0
232.4851,-4.8296,0,0,0.28762,0,496.0,dead,0
232.5035,-4.8296,0,0,0.28762,0,496.0,dead,0
232.5215,-6.6728,0,0,0.28762,0,496.0,dead,0
232.5382,-6.6728,0,0,0.28762,0,496.0,dead,0
232.5542,-7.6331,0,0,0.26419,0,496.0,dead,0
232.5706,-8.4493,0,0,0.26419,0,496.0,dead,0
232.5872,-8.4493,0,0,0.26419,0,496.0,dead,0
232.6046,-8.0495,0,0,0.26419,0,496.0,dead,0
232.6223,-8.0495,0,0,0.26419,0,496.0,dead,0
232.6391,-7.1491,0,0,0.26443,0,496.0,dead,0
232.6548,-6.1012,0,0,0.26443,0,496.0,dead,0
232.6709,-6.1012,0,0,0.26443,0,496.0,dead,0
232.687,-4.0517,0,0,0.25374,0,496.0,dead,0
232.7026,-4.0517,0,0,0.25374,0,496.0,dead,0
232.7185,-4.0517,0,0,0.25374,0,496.0,dead,0
232.7352,-1.1605,0,0,0.25379,0,496.0,dead,0
232.7512,-1.1605,0,0,0.25379,0,496.0,dead,0
232.7679,-1.1605,0,0,0.25379,0,496.0,dead,0
232.784,0.3058,0,0,0.25379,0,496.0,dead,0
232.7999,0.3058,0,0,0.26504,0,496.0,dead,0
232.8166,0.3058,0,0,0.26504,0,496.0,dead,0
232.8329,1.18,0,0,0.26504,0,496.0,dead,0
232.8495,1.18,0,0,0.26504,0,496.0,dead,0
232.8657,1.4174,0,0,0.24995,0,496.0,dead,0
232.8824,1.4174,0,0,0.24995,0,496.0,dead,0
232.8991,1.4174,0,0,0.24995,0,496.0,dead,0
232.9149,2.2545,0,0,0.25333,0,496.0,dead,0
232.9305,2.2545,0,0,0.25333,0,496.0,dead,0
232.9466,2.2545,0,0,0.25333,0,496.0,dead,0
232.9632,2.6797,0,0,0.25333,0,496.0,dead,0
232.9798,2.6797,0,0,0.25049,0,496.0,dead,0
232.9962,2.6797,0,0,0.25049,0,496.0,dead,0
233.0132,2.5016,0,0,0.25049,0,496.0,dead,0
233.0289,2.5016,0,0,0.25049,0,496.0,dead,0
233.045,2.4982,0,0,0.27237,0,496.0,dead,0
233.0616,2.4982,0,0,0.27237,0,496.0,dead,0
233.0787,2.4982,0,0,0.27237,0,496.0,dead,0
233.095,2.9571,0,0,0.27925,0,496.0,dead,0
233.1116,2.9571,0,0,0.27925,0,496.0,dead,0
233.1288,2.9571,0,0,0.27925,0,496.0,dead,0
233.1461,2.6831,0,0,0.27925,0,496.0,dead,0
233.1622,2.6831,0,0,0.27925,0,496.0,dead,0
233.1794,2.5718,0,0,0.25072,0,496.0,dead,0
233.1955,2.1772,0,0,0.25072,0,496.0,dead,0
233.2116,2.1772,0,0,0.25072,0,496.0,dead,0
233.2303,2.1772,0,0,0.25072,0,496.0,dead,0
233.2466,2.1772,0,0,0.31034,0,496.0,dead,0
233.2633,2.1772,0,0,0.31034,0,496.0,dead,0
233.2801,0.3113,0,0,0.31034,0,496.0,dead,0
233.2959,0.3113,0,0,0.28023,0,496.0,dead,0
233.3113,0.3113,0,0,0.28023,0,496.0,dead,0
233.328,-0.0036,0,0,0.28023,0,496.0,dead,0
233.3435,-0.0036,0,0,0.28023,0,496.0,dead,0
233.3602,0.3927,0,0,0.25008,0,496.0,dead,0
233.3764,0.3927,0,0,0.25008,0,496.0,dead,0
233.3926,0.3927,0,0,0.25008,0,496.0,dead,0
233.4088,0.2784,0,0,0.25008,0,496.0,dead,0
233.4255,0.2784,0,0,0.27923,0,496.0,dead,0
233.4421,0.2784,0,0,0.27923,0,496.0,dead,0
233.4578,-0.1093,0,0,0.27923,0,496.0,dead,0
233.4737,-0.1093,0,0,0.27923,0,496.0,dead,0
233.4907,-0.1093,0,0,0.27268,0,496.0,dead,0
233.5074,-0.1479,0,0,0.27268,0,496.0,dead,0
233.524,-0.1479,0,0,0.27268,0,496.0,dead,0
233.5404,-0.1479,0,0,0.27268,0,496.0,dead,0
233.5569,1.1156,0,0,0.27189,0,496.0,dead,0
233.5726,1.1156,0,0,0.27189,0,496.0,dead,0
233.5887,2.3501,0,0,0.27189,0,496.0,dead,0
233.6049,2.3501,0,0,0.27231,0,496.0,dead,0
233.621,2.3501,0,0,0.27231,0,496.0,dead,0
233.6371,3.8289,0,0,0.27231,0,496.0,dead,0
233.6528,3.8289,0,0,0.31,0,496.0,dead,0
233.6695,3.8289,0,0,0.31,0,496.0,dead,0
233.6856,3.9907,0,0,0.31,0,496.0,dead,0
233.7017,3.9907,0,0,0.31,0,496.0,dead,0
233.7184,3.7519,0,0,0.35425,0,496.0,dead,0
233.735,3.7519,0,0,0.35425,0,496.0,dead,0
233.7516,3.7519,0,0,0.35425,0,496.0,dead,0
233.768,2.1347,0,0,0.36081,0,496.0,dead,0
233.7836,2.1347,0,0,0.36081,0,496.0,dead,0
233.8007,2.1347,0,0,0.36081,0,496.0,dead,0
233.8165,1.6866,0,0,0.31992,0,496.0,dead,0
233.833,1.6866,0,0,0.31992,0,496.0,dead,0
233.8491,1.6866,0,0,0.31992,0,496.0,dead,0
233.8658,0.9544,0,0,0.31992,0,496.0,dead,0
233.8833,0.9544,0,0,0.34422,0,496.0,dead,0
233.9006,0.8057,0,0,0.34422,0,496.0,dead,0
233.9171,0.8057,0,0,0.34422,0,496.0,dead,0
233.9332,0.8057,0,0,0.33069,0,496.0,dead,0
233.9503,1.0392,0,0,0.33069,0,496.0,dead,0
233.967,1.0392,0,0,0.33069,0,496.0,dead,0
233.9831,1.0392,0,0,0.32912,0,496.0,dead,0
233.9987,-0.3221,0,0,0.32912,0,496.0,dead,0
234.015,-0.3221,0,0,0.32912,0,496.0,dead,0
234.0305,-0.3221,0,0,0.34302,0,496.0,dead,0
234.0466,-1.1083,0,0,0.34302,0,496.0,dead,0
234.0633,-1.1083,0,0,0.34302,0,496.0,dead,0
234.0796,-1.1083,0,0,0.34302,0,496.0,dead,0
234.0971,-1.3828,0,0,0.32439,0,496.0,dead,0
234.1175,-1.3828,0,0,0.32439,0,496.0,dead,0
234.1341,-1.8217,0,0,0.32439,0,496.0,dead,0
234.1515,-1.8217,0,0,0.32439,0,496.0,dead,0
234.1681,-1.5977,0,0,0.32187,0,496.0,dead,0
234.1856,-1.5977,0,0,0.32187,0,496.0,dead,0
234.2017,-1.5977,0,0,0.32187,0,496.0,dead,0
234.2175,-1.3901,0,0,0.32187,0,496.0,dead,0
234.234,-1.3901,0,0,0.34613,0,496.0,dead,0
234.2501,-1.3901,0,0,0.34613,0,496.0,dead,0
234.2663,-0.942,0,0,0.34613,0,496.0,dead,0
234.2826,-0.942,0,0,0.35838,0,496.0,dead,0
234.2987,-0.942,0,0,0.35838,0,496.0,dead,0
234.3152,-0.8382,0,0,0.35838,0,496.0,dead,0
234.3314,-0.8382,0,0,0.34237,0,496.0,dead,0
234.3481,-0.8382,0,0,0.34237,0,496.0,dead,0
234.3642,-0.8382,0,0,0.34237,0,496.0,dead,0
234.3801,-0.8382,0,0,0.3828,0,496.0,dead,0
234.3975,-0.6435,0,0,0.3828,0,496.0,dead,0
234.4136,-0.6435,0,0,0.3828,0,496.0,dead,0
234.4303,-0.6435,0,0,0.37091,0,496.0,dead,0
234.4465,-0.5177,0,0,0.37091,0,496.0,dead,0
234.4636,-0.5177,0,0,0.37091,0,496.0,dead,0
234.4803,-0.5177,0,0,0.37091,0,496.0,dead,0
234.4966,-0.4637,0,0,0.37091,0,496.0,dead,0
234.5127,-0.4637,0,0,0.37091,0,496.0,dead,0
234.5285,-0.2953,0,0,0.37091,0,496.0,dead,0
234.5458,-0.3191,0,0,0.33759,0,496.0,dead,0
234.5616,-0.3191,0,0,0.33759,0,496.0,dead,0
234.5779,-0.0761,0,0,0.33759,0,496.0,dead,0
234.5936,-0.0761,0,0,0.33759,0,496.0,dead,0
234.6103,-0.0761,0,0,0.34619,0,496.0,dead,0
234.6273,-1.1894,0,0,0.34619,0,496.0,dead,0
234.644,-1.1894,0,0,0.34619,0,496.0,dead,0
234.6607,-1.1894,0,0,0.32684,0,496.0,dead,0
234.6774,-1.0046,0,0,0.32684,0,496.0,dead,0
234.6945,-1.0046,0,0,0.32684,0,496.0,dead,0
234.7116,-1.1203,0,0,0.33335,0,496.0,dead,0
234.7278,-1.1203,0,0,0.33335,0,496.0,dead,0
234.7435,-1.1203,0,0,0.33335,0,496.0,dead,0
234.7606,-1.1203,0,0,0.32391,0,496.0,dead,0
234.777,-1.1203,0,0,0.32391,0,496.0,dead,0
234.7931,-1.1203,0,0,0.32391,0,496.0,dead,0
234.81,-1.3436,0,0,0.32022,0,496.0,dead,0
234.8262,-1.3436,0,0,0.32022,0,496.0,dead,0
234.8425,-1.3436,0,0,0.32022,0,496.0,dead,0
234.8588,-0.0486,0,0,0.32022,0,496.0,dead,0
234.8751,-0.0486,0,0,0.32022,0,496.0,dead,0
234.8914,-0.5682,0,0,0.32022,0,496.0,dead,0
234.9085,-0.5682,0,0,0.33121,0,496.0,dead,0
234.9248,-0.5682,0,0,0.33121,0,496.0,dead,0
234.9406,-0.2721,0,0,0.33121,0,496.0,dead,0
234.9568,-0.2721,0,0,0.32716,0,496.0,dead,0
234.9728,-0.2721,0,0,0.32716,0,496.0,dead,0
234.9891,0.0266,0,0,0.32716,0,496.0,dead,0
235.0058,0.0266,0,0,0.34254,0,496.0,dead,0
235.0216,0.0266,0,0,0.34254,0,496.0,dead,0
235.0376,0.0266,0,0,0.34254,0,496.0,dead,0
235.0543,0.0266,0,0,0.32643,0,496.0,dead,0
235.0716,0.2788,0,0,0.32643,0,496.0,dead,0
235.0879,0.2788,0,0,0.32643,0,496.0,dead,0
235.1045,0.2788,0,0,0.36873,0,496.0,dead,0
235.121,1.0669,0,0,0.36873,0,496.0,dead,0
235.1371,1.0669,0,0,0.36873,0,496.0,dead,0
235.1533,1.0669,0,0,0.36873,0,496.0,dead,0
235.1705,1.0593,0,0,0.37383,0,496.0,dead,0
235.1876,1.0593,0,0,0.37383,0,496.0,dead,0
235.204,1.0593,0,0,0.37383,0,496.0,dead,0
235.2206,1.0593,0,0,0.33529,0,496.0,dead,0
235.2373,1.0593,0,0,0.33529,0,496.0,dead,0
235.2542,1.6582,0,0,0.33529,0,496.0,dead,0
235.2709,1.6582,0,0,0.32267,0,496.0,dead,0
235.2869,1.6582,0,0,0.32267,0,496.0,dead,0
235.3026,0.7432,0,0,0.32267,0,496.0,dead,0
235.3191,0.7432,0,0,0.32267,0,496.0,dead,0
235.3344,0.7432,0,0,0.31705,0,496.0,dead,0
235.3506,0.534,0,0,0.31705,0,496.0,dead,0
235.3672,0.534,0,0,0.31705,0,496.0,dead,0
235.3859,2.343,0,0,0.29333,0,496.0,dead,0
235.4025,2.343,0,0,0.29333,0,496.0,dead,0
235.4188,2.343,0,0,0.29333,0,496.0,dead,0
235.4352,1.8551,0,0,0.29333,0,496.0,dead,0
235.4524,1.8551,0,0,0.28088,0,496.0,dead,0
235.4693,1.8551,0,0,0.28088,0,496.0,dead,0
235.4856,0.4895,0,0,0.28088,0,496.0,dead,0
235.5017,0.4895,0,0,0.2783,0,496.0,dead,0
235.5177,0.4895,0,0,0.2783,0,496.0,dead,0
235.5345,0.4895,0,0,0.2783,0,496.0,dead,0
235.5506,0.4895,0,0,0.27043,0,496.0,dead,0
235.5674,-1.2214,0,0,0.27043,0,496.0,dead,0
235.5845,-1.2214,0,0,0.27043,0,496.0,dead,0
235.601,-1.2214,0,0,0.31156,0,496.0,dead,0
235.6172,-0.9307,0,0,0.31156,0,496.0,dead,0
235.6324,-0.9307,0,0,0.31156,0,496.0,dead,0
235.6491,-0.9307,0,0,0.28905,0,496.0,dead,0
235.6648,-0.9077,0,0,0.28905,0,496.0,dead,0
235.6804,-0.9077,0,0,0.28905,0,496.0,dead,0
235.697,-0.9077,0,0,0.27484,0,496.0,dead,0
235.7136,-0.9077,0,0,0.27484,0,496.0,dead,0
235.7294,-0.9077,0,0,0.27484,0,496.0,dead,0
235.7457,-0.7612,0,0,0.27484,0,496.0,dead,0
235.763,-0.7612,0,0,0.29007,0,496.0,dead,0
235.7785,-0.7612,0,0,0.29007,0,496.0,dead,0
235.7951,-0.7026,0,0,0.29007,0,496.0,dead,0
235.811,-0.7026,0,0,0.29619,0,496.0,dead,0
235.8293,-0.7026,0,0,0.29619,0,496.0,dead,0
235.8464,-0.7026,0,0,0.29619,0,496.0,dead,0
235.8638,-0.7026,0,0,0.29619,0,496.0,dead,0
235.8801,-0.9147,0,0,0.29619,0,496.0,dead,0
235.8986,-0.3953,0,0,0.3075,0,496.0,dead,0
235.9162,-0.3953,0,0,0.3075,0,496.0,dead,0
235.9317,-0.1007,0,0,0.3075,0,496.0,dead,0
235.9477,-0.1007,0,0,0.3075,0,496.0,dead,0
235.9643,-0.1007,0,0,0.28043,0,496.0,dead,0
235.9804,0.2013,0,0,0.28043,0,496.0,dead,0
235.9965,0.2013,0,0,0.28043,0,496.0,dead,0
236.0146,0.2013,0,0,0.28043,0,496.0,dead,0
236.0312,0.4268,0,0,0.29613,0,496.0,dead,0
236.0476,0.4268,0,0,0.29613,0,496.0,dead,0
236.0638,0.6062,0,0,0.29613,0,496.0,dead,0
236.0795,0.6062,0,0,0.29613,0,496.0,dead,0
236.0956,0.6062,0,0,0.28073,0,496.0,dead,0
236.1122,0.6009,0,0,0.28073,0,496.0,dead,0
236.1278,0.6009,0,0,0.28073,0,496.0,dead,0
236.1448,0.6009,0,0,0.28073,0,496.0,dead,0
236.1616,0.6827,0,0,0.28254,0,496.0,dead,0
236.1777,0.6827,0,0,0.28254,0,496.0,dead,0
236.1939,0.6827,0,0,0.28254,0,496.0,dead,0
236.2101,0.6827,0,0,0.27187,0,496.0,dead,0
236.2268,0.6827,0,0,0.27187,0,496.0,dead,0
236.2429,-1.0491,0,0,0.27187,0,496.0,dead,0
236.2591,-1.0491,0,0,0.30771,0,496.0,dead,0
236.2753,-1.0491,0,0,0.30771,0,496.0,dead,0
236.2921,-1.7023,0,0,0.30771,0,496.0,dead,0
236.3082,-1.7023,0,0,0.25433,0,496.0,dead,0
236.3255,-1.7023,0,0,0.25433,0,496.0,dead,0
236.3415,-1.0607,0,0,0.25433,0,496.0,dead,0
236.3577,-1.0607,0,0,0.29315,0,496.0,dead,0
236.3738,-0.86,0,0,0.29315,0,496.0,dead,0
236.3895,-0.86,0,0,0.29315,0,496.0,dead,0
236.4056,-0.86,0,0,0.31155,0,496.0,dead,0
236.4218,-0.1654,0,0,0.31155,0,496.0,dead,0
236.4375,-0.1654,0,0,0.31155,0,496.0,dead,0
236.4537,-0.1654,0,0,0.31155,0,496.0,dead,0
236.4706,-0.3481,0,0,0.30447,0,496.0,dead,0
236.4873,-0.3481,0,0,0.30447,0,496.0,dead,0
236.5036,-0.3481,0,0,0.30447,0,496.0,dead,0
236.52,0.3283,0,0,0.30447,0,496.0,dead,0
236.5361,0.3283,0,0,0.31721,0,496.0,dead,0
236.5539,0.3283,0,0,0.31721,0,496.0,dead,0
236.5694,0.3154,0,0,0.31721,0,496.0,dead,0
236.5865,0.3154,0,0,0.30012,0,496.0,dead,0
236.6029,-0.2091,0,0,0.30012,0,496.0,dead,0
236.6191,-0.2091,0,0,0.30012,0,496.0,dead,0
236.6348,-0.2091,0,0,0.30012,0,496.0,dead,0
236.6515,0.3058,0,0,0.30012,0,496.0,dead,0
236.6682,0.3058,0,0,0.30012,0,496.0,dead,0
236.6843,0.3058,0,0,0.27195,0,496.0,dead,0
236.7015,0.3058,0,0,0.27195,0,496.0,dead,0
236.7181,0.3058,0,0,0.27195,0,496.0,dead,0
236.7342,0.1384,0,0,0.28421,0,496.0,dead,0
236.751,0.3931,0,0,0.28421,0,496.0,dead,0
236.7671,0.3931,0,0,0.28421,0,496.0,dead,0
236.7828,0.3141,0,0,0.27243,0,496.0,dead,0
236.7985,0.3141,0,0,0.27243,0,496.0,dead,0
236.8156,0.3141,0,0,0.27243,0,496.0,dead,0
236.8326,0.4564,0,0,0.27243,0,496.0,dead,0
236.8493,0.4564,0,0,0.26498,0,496.0,dead,0
236.8666,0.4564,0,0,0.26498,0,496.0,dead,0
236.8832,0.7467,0,0,0.26498,0,496.0,dead,0
236.8995,0.7467,0,0,0.26498,0,496.0,dead,0
236.9157,0.7467,0,0,0.29345,0,496.0,dead,0
236.9324,0.7467,0,0,0.29345,0,496.0,dead,0
236.9495,0.7467,0,0,0.29345,0,496.0,dead,0
236.9656,-1.4719,0,0,0.29279,0,496.0,dead,0
236.9827,-1.4719,0,0,0.29279,0,496.0,dead,0
236.999,-1.4719,0,0,0.29279,0,496.0,dead,0
237.015,-1.9337,0,0,0.29279,0,496.0,dead,0
237.031,-1.9337,0,0,0.30732,0,496.0,dead,0
237.0474,-1.9337,0,0,0.30732,0,496.0,dead,0
237.0637,-1.9337,0,0,0.30732,0,496.0,dead,0
237.08,-1.9337,0,0,0.28328,0,496.0,dead,0
237.0971,-0.8817,0,0,0.28328,0,496.0,dead,0
237.1127,-0.8817,0,0,0.28328,0,496.0,dead,0
237.1289,-0.8817,0,0,0.28328,0,496.0,dead,0
237.1446,-0.8817,0,0,0.28354,0,496.0,dead,0
237.161,-0.8817,0,0,0.28354,0,496.0,dead,0
237.177,-0.8817,0,0,0.28354,0,496.0,dead,0
237.1933,0.0223,0,0,0.31284,0,496.0,dead,0
237.2096,0.0223,0,0,0.31284,0,496.0,dead,0
237.2257,0.0223,0,0,0.31284,0,496.0,dead,0
237.2425,0.0344,0,0,0.31284,0,496.0,dead,0
237.2589,0.0344,0,0,0.29884,0,496.0,dead,0
237.275,0.371,0,0,0.29884,0,496.0,dead,0
237.2923,0.371,0,0,0.29884,0,496.0,dead,0
237.3086,0.371,0,0,0.28554,0,496.0,dead,0
237.3254,0.371,0,0,0.28554,0,496.0,dead,0
237.3421,0.371,0,0,0.28554,0,496.0,dead,0
237.3578,0.371,0,0,0.31909,0,496.0,dead,0
237.3746,0.5397,0,0,0.31909,0,496.0,dead,0
237.3911,0.5397,0,0,0.31909,0,496.0,dead,0
237.4072,0.5397,0,0,0.31909,0,496.0,dead,0
237.4239,0.677,0,0,0.2961,0,496.0,dead,0
237.4395,0.677,0,0,0.2961,0,496.0,dead,0
237.4561,0.7444,0,0,0.2961,0,496.0,dead,0
237.4723,0.7444,0,0,0.26404,0,496.0,dead,0
237.4894,0.7444,0,0,0.26404,0,496.0,dead,0
237.5061,2.3264,0,0,0.26404,0,496.0,dead,0
237.5224,2.3264,0,0,0.27147,0,496.0,dead,0
237.5385,2.3264,0,0,0.27147,0,496.0,dead,0
237.5546,1.5007,0,0,0.27147,0,496.0,dead,0
237.5714,1.5007,0,0,0.2856,0,496.0,dead,0
237.5885,1.5007,0,0,0.2856,0,496.0,dead,0
237.6046,1.3559,0,0,0.2856,0,496.0,dead,0
237.6216,1.3559,0,0,0.28654,0,496.0,dead,0
237.638,0.8764,0,0,0.28654,0,496.0,dead,0
237.6541,0.8764,0,0,0.28654,0,496.0,dead,0
237.6696,0.8764,0,0,0.28654,0,496.0,dead,0
237.6859,-0.0143,0,0,0.29145,0,496.0,dead,0
237.7021,-0.0143,0,0,0.29145,0,496.0,dead,0
237.7181,-0.0143,0,0,0.29145,0,496.0,dead,0
237.7354,-0.4059,0,0,0.29145,0,496.0,dead,0
237.7562,-0.4059,0,0,0.29654,0,496.0,dead,0
237.7719,-0.6892,0,0,0.29654,0,496.0,dead,0
237.7886,-0.917,0,0,0.29654,0,496.0,dead,0
237.8057,-0.917,0,0,0.29654,0,496.0,dead,0
237.8214,-0.917,0,0,0.29654,0,496.0,dead,0
237.8384,-0.917,0,0,0.22566,0,496.0,dead,0
237.8555,-0.917,0,0,0.22566,0,496.0,dead,0
237.8723,-1.2042,0,0,0.22566,0,496.0,dead,0
237.889,-1.2042,0,0,0.27207,0,496.0,dead,0
237.9056,-1.0769,0,0,0.27207,0,496.0,dead,0
237.9218,-1.0769,0,0,0.27207,0,496.0,dead,0
237.9377,-1.0769,0,0,0.29492,0,496.0,dead,0
237.9538,-0.3085,0,0,0.29492,0,496.0,dead,0
237.9696,-0.3085,0,0,0.29492,0,496.0,dead,0
237.9858,-0.3085,0,0,0.29492,0,496.0,dead,0
238.0057,-0.3085,0,0,0.27812,0,496.0,dead,0
238.023,-0.6692,0,0,0.27812,0,496.0,dead,0
238.0394,-0.0336,0,0,0.27812,0,496.0,dead,0
238.0561,-0.0336,0,0,0.27812,0,496.0,dead,0
238.0722,-0.0336,0,0,0.275,0,496.0,dead,0
238.0893,-2.0785,0,0,0.275,0,496.0,dead,0
238.1063,-2.0785,0,0,0.275,0,496.0,dead,0
238.1231,-2.0785,0,0,0.28754,0,496.0,dead,0
238.1389,-2.0785,0,0,0.28754,0,496.0,dead,0
238.1551,-2.0785,0,0,0.28754,0,496.0,dead,0
238.1707,-2.0785,0,0,0.28199,0,496.0,dead,0
238.187,-6.3866,0,0,0.28199,0,496.0,dead,0
238.2031,-6.3866,0,0,0.28199,0,496.0,dead,0
238.2198,-17.8589,1,0,0.28199,0,496.0,dead,0
238.2371,-17.8589,0,0,0.26112,0,285.0,playing,0
238.2532,-17.8589,0,0,0.26112,0,279.04,playing,0
238.2704,-17.8589,0,0,0.26112,0,273.03,playing,0
238.287,-17.8589,0,0,0.26112,0,267.33,playing,0
238.3025,-17.8589,0,0,0.28767,0,262.26,playing,0
238.3196,5.6225,0,0,0.28767,0,257.46,playing,0
238.3359,5.6225,0,0,0.28767,0,252.68,playing,0
238.3521,5.6225,0,0,0.28767,0,248.46,playing,0
238.3691,5.6225,0,0,0.16235,0,244.3,playing,0
238.3852,5.6225,0,0,0.16235,0,240.67,playing,0
238.4019,15.2651,0,0,0.16235,0,237.12,playing,0
238.4177,15.2651,0,0,0.16159,0,234.07,playing,0
238.4344,15.2651,0,0,0.16159,0,231.3,playing,0
238.4525,15.5142,0,0,0.16159,0,228.67,playing,0
238.4696,15.5142,0,0,0.16159,0,226.24,playing,0
238.4858,15.5142,0,0,0.16772,0,224.27,playing,0
238.502,7.5431,0,0,0.16772,0,222.69,playing,0
238.5181,7.5431,0,0,0.16772,0,221.4,playing,0
238.5342,5.5017,0,0,0.16772,0,220.38,playing,0
238.5506,5.5017,0,0,0.19226,0,219.63,playing,0
238.5675,5.5017,0,0,0.19226,0,219.19,playing,0
238.5844,2.8124,0,0,0.19226,0,219.05,playing,0
238.6008,2.8124,0,0,0.19226,0,219.23,playing,0
238.619,2.8124,0,0,0.19226,1,219.68,playing,0
238.6355,0.3471,0,0,0.27562,0,220.54,playing,0
238.6516,0.3471,0,0,0.27562,0,221.67,playing,0
238.6676,0.3471,0,0,0.27562,0,223.01,playing,0
238.6838,-0.1868,0,0,0.29333,0,224.64,playing,0
238.7,-0.1868,0,0,0.29333,0,226.55,playing,0
238.7157,-0.7334,0,0,0.29333,0,228.74,playing,0
238.7325,-0.7334,0,0,0.29333,0,231.21,playing,0
238.7491,-0.7334,0,0,0.30624,0,234.16,playing,0
238.7648,-1.6856,0,0,0.30624,0,237.21,playing,0
238.7815,-1.6856,0,0,0.30624,0,240.77,playing,0
238.8006,-1.6856,0,0,0.30624,0,244.4,playing,0
238.8168,-2.7562,0,0,0.30987,0,249.12,playing,0
238.8335,-2.7562,0,0,0.30987,0,253.37,playing,0
238.8497,-2.5212,0,0,0.30987,0,258.2,playing,0
238.8655,-3.7444,0,0,0.30987,0,263.03,playing,0
238.8821,-3.7444,0,0,0.2891,0,268.14,playing,0
238.8997,-19.6705,1,0,0.2891,0,273.54,playing,0
238.9154,-19.6705,0,0,0.2891,0,266.87,playing,0
238.9325,-19.6705,0,0,0.2891,0,261.23,playing,0
238.9487,-19.6705,0,0,0.2891,0,255.55,playing,0
238.9657,-19.6705,0,0,0.30532,0,250.49,playing,0
238.9845,-19.6705,0,0,0.30532,0,245.43,playing,0
239.0074,-5.5307,0,0,0.30532,0,240.18,playing,0
239.024,-5.5307,0,0,0.30532,0,234.39,playing,0
239.04,-5.5307,0,0,0.20828,0,230.65,playing,0
239.0556,-5.5307,0,0,0.20828,0,227.19,playing,0
239.0718,-5.5307,0,0,0.20828,0,224.02,playing,0
239.0875,15.6181,0,0,0.20828,0,221.12,playing,0
239.1056,15.6181,0,0,0.20828,0,218.51,playing,0
239.1226,13.7078,0,0,0.20942,0,215.92,playing,0
239.1391,13.7078,0,0,0.20942,0,213.8,playing,0
239.1552,13.7078,0,0,0.20942,0,212.08,playing,0
239.1711,10.4309,0,0,0.20942,0,210.65,playing,0
239.1874,10.4309,0,0,0.2368,1,209.49,playing,0
239.2044,10.4309,0,0,0.2368,0,208.58,playing,0
239.221,4.6046,0,0,0.2368,0,207.99,playing,0
239.2371,4.6046,0,0,0.26221,0,207.72,playing,0
239.2528,4.6046,0,0,0.26221,0,207.73,playing,0
239.269,2.7908,0,0,0.26221,0,208.02,playing,0
239.2845,2.7908,0,0,0.26221,0,208.59,playing,0
239.3057,-0.1506,0,0,0.30397,0,209.44,playing,0
239.3219,-0.1506,0,0,0.30397,0,211.05,playing,0
239.338,-0.1506,0,0,0.30397,0,212.55,playing,0
239.3544,-0.6131,0,0,0.30397,0,214.34,playing,0
239.3706,-0.6131,0,0,0.2705,0,216.55,playing,0
239.3874,-0.6131,0,0,0.2705,0,218.92,playing,0
239.4035,-1.4894,0,0,0.2705,0,221.75,playing,0
239.4206,-1.4894,0,0,0.29702,0,224.7,playing,0
239.4372,-2.3496,0,0,0.29702,0,228.15,playing,0
239.454,-2.3496,0,0,0.29702,0,231.91,playing,0
239.4697,-2.3496,0,0,0.29702,0,235.74,playing,0
239.486,-2.3496,0,0,0.29702,0,239.85,playing,0
239.5031,-2.3496,0,0,0.29054,0,244.53,playing,0
239.5188,-2.3496,0,0,0.29054,0,249.22,playing,0
239.5345,-2.5825,0,0,0.29054,0,254.19,playing,0
239.5506,-2.5825,0,0,0.29788,0,259.45,playing,0
239.567,-2.5825,0,0,0.29788,0,264.98,playing,0
239.5836,-10.905,0,0,0.29788,0,270.8,playing,0
239.5998,-10.905,0,0,0.29788,0,277.3,playing,0
239.6181,-10.905,0,0,0.29788,0,283.69,playing,0
239.6347,-10.905,0,0,0.25893,0,291.24,playing,0
239.6507,-10.905,0,0,0.25893,0,298.7,playing,0
239.6673,-19.6609,1,0,0.25893,0,305.99,playing,0
239.6834,-19.6609,0,0,0.29823,0,299.68,playing,0
239.7005,-19.6609,0,0,0.29823,0,294.02,playing,0
239.7166,-9.3297,0,0,0.29823,0,288.32,playing,0
239.7332,6.9563,0,0,0.29823,0,283.25,playing,0
239.7506,12.2224,0,0,0.22146,0,278.17,playing,0
239.767,12.2224,0,0,0.22146,0,273.41,playing,0
239.7827,12.2224,0,0,0.22146,0,269.21,playing,0
239.7991,9.7922,0,0,0.22146,0,265.29,playing,0
239.8166,9.7922,0,0,0.22146,0,261.45,playing,0
239.8333,9.7922,0,0,0.18542,0,257.92,playing,0
239.8501,4.3864,0,0,0.18542,0,254.72,playing,0
239.8662,4.3864,0,0,0.18542,0,251.98,playing,0
239.8823,4.3864,0,0,0.19689,0,249.52,playing,0
239.899,1.9071,0,0,0.19689,0,247.23,playing,0
239.9149,1.9071,0,0,0.19689,0,245.35,playing,0
239.931,-0.6946,0,0,0.23808,1,243.76,playing,0
239.9471,-0.6946,0,0,0.23808,0,242.45,playing,0
239.9627,-0.6946,0,0,0.23808,0,241.42,playing,0
239.9795,-0.6946,0,0,0.23808,0,240.67,playing,0
239.9961,-0.6946,0,0,0.3,0,240.19,playing,0
240.0114,-0.6946,0,0,0.3,0,240.02,playing,0
240.028,-3.2266,0,0,0.3,0,240.14,playing,0
240.0446,-3.2266,0,0,0.29159,0,240.53,playing,0
240.0612,-3.2266,0,0,0.29159,0,241.27,playing,0
240.0764,-2.7819,0,0,0.29159,0,242.25,playing,0
240.0926,-2.7819,0,0,0.29159,0,243.5,playing,0
240.1093,-1.8727,0,0,0.2959,0,245.04,playing,0
240.126,-1.8727,0,0,0.2959,0,247.0,playing,0
240.1415,-1.8727,0,0,0.2959,0,249.12,playing,0
240.1602,-2.1335,0,0,0.2959,0,251.52,playing,0
240.1764,-2.1335,0,0,0.32256,0,254.58,playing,0
240.1931,-2.1335,0,0,0.32256,0,257.78,playing,0
240.2088,-17.5323,1,0,0.32256,0,261.08,playing,0
240.2251,-17.5323,0,0,0.32256,0,255.12,playing,0
240.2409,-17.5323,0,0,0.32482,0,249.45,playing,0
240.2565,-10.6642,0,0,0.32482,0,244.05,playing,0
240.2736,-10.6642,0,0,0.32482,0,238.94,playing,0
240.2902,-10.6642,0,0,0.2073,0,233.82,playing,0
240.3058,-10.6642,0,0,0.2073,0,229.29,playing,0
240.3235,-10.6642,0,0,0.2073,0,224.79,playing,0
240.3396,2.684,0,0,0.2073,0,220.61,playing,0
240.3562,15.508,0,0,0.19277,0,216.96,playing,0
240.3725,15.508,0,0,0.19277,0,213.4,playing,0
240.3889,15.9368,0,0,0.19277,0,210.32,playing,0
240.4088,15.9368,0,0,0.19277,0,207.53,playing,0
240.425,13.1236,0,0,0.14449,0,204.49,playing,0
240.4411,13.1236,0,0,0.14449,0,202.33,playing,0
240.4573,13.1236,0,0,0.14449,0,200.45,playing,0
240.4742,7.149,0,0,0.16148,0,198.78,playing,0
240.4907,7.149,0,0,0.16148,0,197.42,playing,0
240.5066,7.149,0,0,0.16148,0,196.43,playing,0
240.5236,2.8688,0,0,0.24621,1,195.71,playing,0
240.5399,2.8688,0,0,0.24621,0,195.27,playing,0
240.5555,2.8688,0,0,0.24621,0,195.14,playing,0
240.5721,1.6642,0,0,0.2549,0,195.29,playing,0
240.5883,1.6642,0,0,0.2549,0,195.72,playing,0
240.6053,-0.2047,0,0,0.2549,0,196.49,playing,0
240.6221,-0.2047,0,0,0.2549,0,197.59,playing,0
240.6377,-0.2047,0,0,0.27548,0,198.9,playing,0
240.654,-2.498,0,0,0.27548,0,200.49,playing,0
240.6701,-2.498,0,0,0.27548,0,202.36,playing,0
240.6863,-2.498,0,0,0.27548,0,204.52,playing,1
240.7026,-3.2664,0,0,0.32527,0,207.13,playing,1
240.7186,-3.2664,0,0,0.32527,0,209.86,playing,1
240.7348,-3.2664,0,0,0.32527,0,212.88,playing,1
240.7508,-3.819,0,0,0.30823,0,216.18,playing,1
240.767,-3.819,0,0,0.30823,0,219.76,playing,1
240.7826,-3.819,0,0,0.30823,0,223.62,playing,1
240.7997,-3.819,0,0,0.28219,0,227.77,playing,1
240.8163,-3.819,0,0,0.28219,0,232.49,playing,1
240.833,-13.7674,1,0,0.28219,0,237.53,playing,1
240.849,-13.7674,0,0,0.28219,0,231.57,playing,1
240.865,-13.7674,0,0,0.28219,0,225.89,playing,1
240.8842,-2.7861,0,0,0.28219,0,220.5,playing,1
240.8994,-2.7861,0,0,0.28219,0,214.49,playing,1
240.918,-2.7861,0,0,0.29831,0,209.71,playing,1
240.9345,18.52,0,0,0.29831,0,204.69,playing,1
240.9512,18.52,0,0,0.29831,0,200.26,playing,1
240.967,-6.3872,0,0,0.29831,0,196.38,playing,1
240.9836,-6.3872,0,0,0.29831,0,192.78,playing,1
241.0003,-6.3872,0,0,0.21066,0,189.27,playing,1
241.0166,-4.319,0,0,0.21066,0,186.09,playing,1
241.0334,-4.319,0,0,0.21066,0,183.37,playing,1
241.049,-4.319,0,0,0.21066,0,180.93,playing,1
241.0652,-0.5116,0,0,0.22361,1,178.77,playing,1
241.0809,-0.5116,0,0,0.22361,0,176.9,playing,1
241.0977,-0.5116,0,0,0.22361,0,175.3,playing,1
241.1143,2.8969,0,0,0.22361,0,173.93,playing,1
241.1316,2.8969,0,0,0.16911,0,172.87,playing,1
241.1486,2.4612,0,0,0.16911,0,172.13,playing,1
241.1647,2.4612,0,0,0.16911,0,171.71,playing,1
241.1808,2.4612,0,0,0.16911,0,171.59,playing,1
241.1972,2.2066,0,0,0.20611,0,171.76,playing,1
241.213,2.2066,0,0,0.20611,0,172.21,playing,1
241.2292,2.2066,0,0,0.20611,0,172.94,playing,1
241.2459,1.7579,0,0,0.20611,0,174.03,playing,1
241.2623,1.7579,0,0,0.23792,0,175.34,playing,1
241.2789,1.3098,0,0,0.23792,0,177.05,playing,1
241.2955,1.3098,0,0,0.23792,0,179.08,playing,1
241.3116,1.3098,0,0,0.23792,0,181.27,playing,1
241.3277,0.2439,0,0,0.25059,0,183.74,playing,1
241.3439,0.2439,0,0,0.25059,0,186.49,playing,1
241.3602,0.2439,0,0,0.25059,0,189.53,playing,1
241.3777,-0.2093,0,0,0.25059,0,193.07,playing,1
241.3951,-0.2093,0,0,0.28346,0,197.18,playing,1
241.4133,-0.2093,0,0,0.28346,0,201.38,playing,1
241.4304,-0.2093,0,0,0.28346,0,206.18,playing,1
241.4475,-0.2093,0,0,0.32275,0,211.03,playing,1
241.4636,-0.8475,0,0,0.32275,0,216.2,playing,1
241.4797,-0.8475,0,0,0.32275,0,221.35,playing,1
241.4957,-0.8475,0,0,0.29646,0,226.78,playing,1
241.5116,-1.12,0,0,0.29646,0,232.49,playing,1
241.5285,-1.12,0,0,0.29646,0,238.48,playing,1
241.5446,-1.12,0,0,0.31233,0,245.16,playing,1
241.5612,-3.6224,0,0,0.31233,0,251.73,playing,1
241.5778,-3.6224,0,0,0.31233,0,259.04,playing,1
241.5942,-3.6224,0,0,0.31233,0,266.19,playing,1
241.6101,-18.1922,1,0,0.31987,0,273.63,playing,1
241.627,-18.1922,0,0,0.31987,0,267.31,playing,1
241.6431,7.7717,0,0,0.31987,0,261.65,playing,1
241.6585,7.7717,0,0,0.3019,0,256.28,playing,1
241.6748,7.7717,0,0,0.3019,0,251.18,playing,1
241.6906,7.7717,0,0,0.3019,0,246.37,playing,1
241.7072,7.7717,0,0,0.3019,0,241.83,playing,1
241.7224,7.7717,0,0,0.29146,0,237.58,playing,1
241.739,-3.5199,0,0,0.29146,0,233.61,playing,1
241.7556,-3.5199,0,0,0.29146,0,229.92,playing,1
241.7718,-3.5199,0,0,0.29146,0,226.32,playing,1
241.7876,3.8289,0,0,0.29146,0,223.22,playing,1
241.8042,3.8289,0,0,0.20605,0,220.39,playing,1
241.8222,3.4598,0,0,0.20605,0,217.71,playing,1
241.8395,3.4598,0,0,0.20605,0,215.22,playing,1
241.8561,3.4598,0,0,0.20605,0,213.19,playing,1
241.873,1.74,0,0,0.20906,0,211.48,playing,1
241.8906,1.74,0,0,0.20906,0,210.09,playing,1
241.9072,1.74,0,0,0.20906,0,209.01,playing,1
241.9229,0.5805,0,0,0.20906,0,208.28,playing,1
241.9396,0.5805,0,0,0.21889,0,207.83,playing,1
241.9562,-0.1899,0,0,0.21889,0,207.67,playing,1
241.9724,-0.1899,0,0,0.21889,0,207.8,playing,1
241.9893,-0.1899,0,0,0.30839,1,208.26,playing,1
242.0062,-1.6253,0,0,0.30839,0,209.03,playing,1
242.0218,-1.6253,0,0,0.30839,0,210.04,playing,1
242.0382,-1.6253,0,0,0.28982,0,211.34,playing,1
242.0537,-2.2122,0,0,0.28982,0,212.91,playing,1
242.0701,-2.2122,0,0,0.28982,0,214.77,playing,1
242.0863,-2.2122,0,0,0.26556,0,216.9,playing,1
242.1027,-2.1353,0,0,0.26556,0,219.49,playing,1
242.1189,-2.1353,0,0,0.26556,0,222.21,playing,1
242.1352,-2.511,0,0,0.26556,0,225.21,playing,1
242.1517,-2.511,0,0,0.3079,0,228.49,playing,1
242.1676,-2.511,0,0,0.3079,0,232.3,playing,1
242.1839,-19.8151,1,0,0.3079,0,236.16,playing,1
242.2013,-19.8151,0,0,0.3079,0,230.2,playing,1
242.2184,-19.8151,0,0,0.26943,0,223.85,playing,1
242.2345,-12.7415,0,0,0.26943,0,218.18,playing,1
242.2514,-12.7415,0,0,0.26943,0,213.12,playing,1
242.2677,-12.7415,0,0,0.30474,0,208.06,playing,1
242.2838,-7.0273,0,0,0.30474,0,203.58,playing,1
242.3,-7.0273,0,0,0.30474,0,199.38,playing,1
242.316,-7.0273,0,0,0.21805,0,195.46,playing,1
242.3318,-7.0273,0,0,0.21805,0,191.83,playing,1
242.3478,-7.0273,0,0,0.21805,0,188.47,playing,1
242.3642,-1.2977,0,0,0.17802,0,185.4,playing,1
242.3811,-1.2977,0,0,0.17802,0,182.46,playing,1
242.397,-1.2977,0,0,0.17802,0,179.97,playing,1
242.4131,11.3617,0,0,0.17802,0,177.76,playing,1
242.4293,11.3617,0,0,0.151,0,175.83,playing,1
242.4463,11.3617,0,0,0.151,0,174.1,playing,1
242.4631,8.1956,0,0,0.151,0,172.68,playing,1
242.4788,8.1956,0,0,0.20529,0,171.64,playing,1
242.4957,5.8906,0,0,0.20529,0,170.87,playing,1
242.5114,5.8906,0,0,0.20529,0,170.37,playing,1
242.5286,5.8906,0,0,0.27282,1,170.19,playing,2
242.5452,4.1836,0,0,0.27282,0,170.31,playing,2
242.5609,4.1836,0,0,0.27282,0,170.7,playing,2
242.5768,4.1836,0,0,0.27282,0,171.38,playing,2
242.5934,0.3096,0,0,0.28072,0,172.34,playing,2
242.61,0.3096,0,0,0.28072,0,173.68,playing,2
242.6261,0.3096,0,0,0.28072,0,175.21,playing,2
242.6422,-2.4802,0,0,0.29087,0,177.04,playing,2
242.6595,-2.4802,0,0,0.29087,0,179.29,playing,2
242.6766,-2.4802,0,0,0.29087,0,181.86,playing,2
242.6926,-2.4802,0,0,0.29858,0,184.75,playing,2
242.7086,-2.4802,0,0,0.29858,0,187.75,playing,2
242.7247,-2.7346,0,0,0.29858,0,191.03,playing,2
242.7404,-2.7346,0,0,0.28066,0,194.59,playing,2
242.7566,-2.7346,0,0,0.28066,0,198.44,playing,2
242.7726,-2.6582,0,0,0.28066,0,202.56,playing,2
242.7889,-2.6582,0,0,0.30658,0,206.97,playing,2
242.805,-2.6582,0,0,0.30658,0,211.66,playing,2
242.8206,-2.8699,0,0,0.30658,0,216.63,playing,2
242.8372,-2.8699,0,0,0.30658,0,221.88,playing,2
242.8537,-3.0897,0,0,0.2657,0,227.78,playing,2
242.8696,-14.853,1,0,0.2657,0,233.62,playing,2
242.8866,-14.853,0,0,0.2657,0,227.66,playing,2
242.9032,-15.799,0,0,0.30058,0,221.65,playing,2
242.9198,-15.799,0,0,0.30058,0,215.95,playing,2
242.9367,-15.799,0,0,0.30058,0,210.87,playing,2
242.9525,-10.5789,0,0,0.24701,0,205.79,playing,2
242.9696,-10.5789,0,0,0.24701,0,201.3,playing,2
242.9864,-10.5789,0,0,0.24701,0,196.84,playing,2
243.0032,-8.7733,0,0,0.24701,0,192.69,playing,2
243.0194,-8.7733,0,0,0.26819,0,189.08,playing,2
243.0356,9.9392,0,0,0.26819,0,185.55,playing,2
243.0516,9.9392,0,0,0.26819,0,182.51,playing,2
243.0678,9.9392,0,0,0.1635,0,179.76,playing,2
243.0843,11.8166,0,0,0.1635,0,177.28,playing,2
243.1016,11.8166,0,0,0.1635,0,174.97,playing,2
243.1177,11.8166,0,0,0.1635,0,172.98,playing,2
243.1343,8.8033,0,0,0.16463,0,171.39,playing,2
243.1514,8.8033,0,0,0.16463,0,170.01,playing,2
243.168,8.8033,0,0,0.16463,0,168.95,playing,2
243.1841,8.8033,0,0,0.16463,0,168.24,playing,2
243.2061,8.8033,0,0,0.16707,0,167.81,playing,2
243.2229,5.509,0,0,0.16707,0,167.77,playing,2
243.2395,4.2649,0,0,0.16707,0,168.02,playing,2
243.2556,4.2649,0,0,0.16707,0,168.61,playing,2
243.2722,2.678,0,0,0.28301,1,169.45,playing,2
243.2883,2.678,0,0,0.28301,0,170.56,playing,2
243.3053,0.1225,0,0,0.28301,0,172.07,playing,2
243.3226,0.1225,0,0,0.28802,0,173.89,playing,2
243.3386,0.1225,0,0,0.28802,0,176.03,playing,2
243.3548,-0.4562,0,0,0.28802,0,178.33,playing,2
243.371,-0.4562,0,0,0.27475,0,180.91,playing,2
243.3876,-0.4562,0,0,0.27475,0,183.76,playing,2
243.4037,-0.9923,0,0,0.27475,0,187.12,playing,2
243.4205,-0.9923,0,0,0.29155,0,190.56,playing,2
243.4371,-0.9923,0,0,0.29155,0,194.53,playing,2
243.453,-1.3903,0,0,0.29155,0,198.55,playing,2
243.4693,-1.3903,0,0,0.30091,0,202.86,playing,2
243.4856,-7.8548,0,0,0.30091,0,207.75,playing,2
243.5021,-7.8548,0,0,0.30091,0,212.63,playing,2
243.5178,-7.8548,0,0,0.30091,0,217.79,playing,2
243.5341,-7.8548,0,0,0.29743,0,223.24,playing,2
243.5509,-7.8548,0,0,0.29743,0,229.34,playing,2
243.567,-7.8548,0,0,0.29743,0,235.37,playing,2
243.5831,1.8663,1,0,0.30065,0,241.68,playing,2
243.5994,1.8663,0,0,0.30065,0,235.37,playing,2
243.616,1.8663,0,0,0.30065,0,229.71,playing,2
243.6317,13.8454,0,0,0.30065,0,224.33,playing,2
243.6481,13.8454,0,0,0.18429,0,219.24,playing,2
243.6649,12.3697,0,0,0.18429,0,214.14,playing,2
243.6815,7.7751,0,0,0.18429,0,209.62,playing,2
243.6981,7.7751,0,0,0.18694,0,205.14,playing,2
243.7137,3.7797,0,0,0.18694,0,201.21,playing,2
243.7299,3.7797,0,0,0.18694,0,197.56,playing,2
243.7456,3.7797,0,0,0.18694,0,194.19,playing,2
243.7622,-0.3664,0,0,0.16003,0,191.1,playing,2
243.7778,-0.3664,0,0,0.16003,0,188.29,playing,2
243.7945,-0.3664,0,0,0.16003,0,185.76,playing,2
243.8106,-0.5372,0,0,0.26423,1,183.4,playing,2
243.8269,-0.5372,0,0,0.26423,0,181.45,playing,2
243.8426,-0.5372,0,0,0.26423,0,179.79,playing,2
243.8587,-0.6857,0,0,0.26423,0,178.4,playing,2
243.8756,-0.6857,0,0,0.23999,0,177.3,playing,2
243.8916,-0.7978,0,0,0.23999,0,176.45,playing,2
243.9078,-0.7978,0,0,0.23999,0,175.93,playing,2
243.9246,-0.7978,0,0,0.23999,0,175.69,playing,2
243.9407,-0.7978,0,0,0.27247,0,175.76,playing,2
243.957,-0.7978,0,0,0.27247,0,176.1,playing,2
243.9746,-0.7978,0,0,0.27247,0,176.78,playing,2
243.9913,-1.1939,0,0,0.28204,0,177.78,playing,2
244.0073,-1.1939,0,0,0.28204,0,179.0,playing,2
244.024,-1.2294,0,0,0.28204,0,180.62,playing,2
244.0396,-1.2294,0,0,0.27772,0,182.42,playing,2
244.0557,-1.2294,0,0,0.27772,0,184.51,playing,2
244.0719,-1.4983,0,0,0.27772,0,186.87,playing,2
244.0885,-1.4983,0,0,0.29028,0,189.52,playing,2
244.1041,-1.4983,0,0,0.29028,0,192.45,playing,2
244.1213,-1.3646,0,0,0.29028,0,195.88,playing,2
244.1377,-1.3646,0,0,0.26208,0,199.63,playing,2
244.154,-1.3646,0,0,0.26208,0,203.44,playing,2
244.1696,-1.3646,0,0,0.26208,0,207.53,playing,2
244.1867,-1.3646,0,0,0.26208,0,211.91,playing,2
244.2033,-1.3646,0,0,0.3018,0,216.56,playing,2
244.2201,-1.3646,0,0,0.3018,0,222.15,playing,2
244.2361,-1.3646,0,0,0.3018,0,227.4,playing,2
244.2518,-1.3646,0,0,0.3018,0,232.94,playing,2
244.2686,-19.4406,1,0,0.3018,0,238.76,playing,2
244.2861,-19.4406,0,0,0.3018,0,232.44,playing,2
244.3032,-7.7456,0,0,0.28637,0,226.45,playing,2
244.3199,-7.7456,0,0,0.28637,0,220.46,playing,2
244.3365,-7.7456,0,0,0.28637,0,215.42,playing,2
244.3531,-3.6898,0,0,0.27927,0,210.37,playing,2
244.3687,-3.6898,0,0,0.27927,0,205.91,playing,2
244.3846,6.5836,0,0,0.27927,0,201.73,playing,3
244.4008,6.5836,0,0,0.27927,0,197.83,playing,3
244.417,6.5836,0,0,0.17491,0,194.21,playing,3
244.4329,14.8498,0,0,0.17491,0,190.88,playing,3
244.4496,14.8498,0,0,0.17491,0,187.65,playing,3
244.4659,14.8498,0,0,0.17491,0,184.9,playing,3
244.482,12.3316,0,0,0.20011,0,182.42,playing,3
244.4981,12.3316,0,0,0.20011,0,180.23,playing,3
244.5142,12.3316,0,0,0.20011,0,178.32,playing,3
244.5305,6.4693,0,0,0.1496,0,176.69,playing,3
244.5467,6.4693,0,0,0.1496,0,175.28,playing,3
244.5633,3.8189,0,0,0.1496,0,174.23,playing,3
244.58,3.8189,0,0,0.1496,0,173.44,playing,3
244.5962,3.8189,0,0,0.16294,0,172.97,playing,3
244.6128,0.8768,0,0,0.16294,0,172.79,playing,3
244.6292,0.8768,0,0,0.16294,0,172.9,playing,3
244.6466,0.8768,0,0,0.19574,0,173.34,playing,3
244.6629,-1.3384,0,0,0.19574,0,174.1,playing,3
244.6795,-1.3384,0,0,0.19574,0,175.09,playing,3
244.6961,-1.3384,0,0,0.19574,0,176.47,playing,3
244.7122,-1.7409,0,0,0.19574,0,178.04,playing,3
244.7279,-1.7409,0,0,0.31427,1,179.9,playing,3
244.7445,-1.7409,0,0,0.31427,0,182.03,playing,3
244.7612,-1.7409,0,0,0.31427,0,184.62,playing,3
244.7775,-1.7409,0,0,0.31427,0,187.34,playing,3
244.7935,-2.3028,0,0,0.27642,0,190.55,playing,3
244.8106,-2.3028,0,0,0.27642,0,193.85,playing,3
244.8272,-2.3028,0,0,0.27642,0,197.67,playing,3
244.8434,-1.5085,0,0,0.28531,0,201.55,playing,3
244.8602,-1.5085,0,0,0.28531,0,205.99,playing,3
244.877,-1.5085,0,0,0.28531,0,210.75,playing,3
244.8936,-2.1141,0,0,0.27619,0,215.51,playing,3
244.9096,-2.1141,0,0,0.27619,0,220.88,playing,3
244.9259,-1.9309,0,0,0.27619,0,226.23,playing,3
244.9415,-1.9309,0,0,0.29807,0,231.85,playing,3
244.9575,-1.9309,0,0,0.29807,0,237.75,playing,3
244.9737,-15.2129,1,0,0.29807,0,243.94,playing,3
244.9897,-15.2129,0,0,0.29807,0,237.98,playing,3
245.0064,-15.2129,0,0,0.29807,0,232.3,playing,3
245.0226,-8.7334,0,0,0.28695,0,226.59,playing,3
245.0388,-8.7334,0,0,0.28695,0,221.49,playing,3
245.0547,-8.7334,0,0,0.28695,0,216.68,playing,3
245.0725,-6.1265,0,0,0.28695,0,212.15,playing,3
245.0886,-6.1265,0,0,0.30209,0,207.4,playing,3
245.1048,9.5025,0,0,0.30209,0,203.47,playing,3
245.1211,9.5025,0,0,0.30209,0,199.82,playing,3
245.1367,9.5025,0,0,0.20873,0,196.44,playing,3
245.1529,14.9144,0,0,0.20873,0,193.35,playing,3
245.1684,14.9144,0,0,0.20873,0,190.55,playing,3
245.185,14.9144,0,0,0.20873,0,188.02,playing,3
245.2024,12.2963,0,0,0.20873,0,185.78,playing,3
245.2187,12.2963,0,0,0.18981,0,183.61,playing,3
245.2353,12.2963,0,0,0.18981,0,181.96,playing,3
245.2519,9.4385,0,0,0.18981,0,180.53,playing,3
245.2677,9.4385,0,0,0.14546,0,179.46,playing,3
245.284,5.6467,0,0,0.14546,0,178.68,playing,3
245.2999,5.6467,0,0,0.14546,0,178.18,playing,3
245.3166,5.6467,0,0,0.14546,0,177.96,playing,3
245.3333,2.9453,0,0,0.23968,1,178.04,playing,3
245.3496,1.2063,0,0,0.23968,0,178.44,playing,3
245.3658,1.2063,0,0,0.23968,0,179.1,playing,3
245.382,0.043,0,0,0.23968,0,180.04,playing,3
245.3976,0.043,0,0,0.2504,0,181.26,playing,3
245.4138,0.043,0,0,0.2504,0,182.77,playing,3
245.43,-1.6311,0,0,0.2504,0,184.55,playing,3
245.4463,-1.6311,0,0,0.25414,0,186.62,playing,3
245.4625,-1.6311,0,0,0.25414,0,189.13,playing,3
245.479,-1.8511,0,0,0.25414,0,191.78,playing,3
245.4947,-1.8511,0,0,0.27241,0,194.71,playing,3
245.5109,-2.0097,0,0,0.27241,0,197.92,playing,3
245.5275,-2.0097,0,0,0.27241,0,201.42,playing,3
245.5444,-2.0097,0,0,0.27241,0,205.44,playing,3
245.5611,-2.4901,0,0,0.27887,0,209.79,playing,3
245.5784,-2.4901,0,0,0.27887,0,214.46,playing,3
245.5955,-2.4901,0,0,0.27887,0,219.44,playing,3
245.6126,-2.4901,0,0,0.27887,0,224.74,playing,3
245.6295,-2.4901,0,0,0.26464,0,230.36,playing,3
245.6466,-2.2735,0,0,0.26464,0,236.29,playing,3
245.6632,-2.2735,0,0,0.26464,0,242.55,playing,3
245.6789,-2.2735,0,0,0.26464,0,248.72,playing,3
245.695,-6.392,0,0,0.27556,0,255.17,playing,3
245.7111,-6.392,0,0,0.27556,0,261.9,playing,3
245.7267,-6.392,0,0,0.27556,0,268.91,playing,3
245.7428,-18.7467,1,0,0.30296,0,276.2,playing,3
245.7595,-18.7467,0,0,0.30296,0,270.25,playing,3
245.7766,-18.7467,0,0,0.30296,0,264.23,playing,3
245.7927,-5.0232,0,0,0.17839,0,258.54,playing,3
245.8091,-5.0232,0,0,0.17839,0,253.46,playing,3
245.8247,0.9466,0,0,0.17839,0,248.66,playing,3
245.8409,0.9466,0,0,0.17839,0,244.15,playing,3
245.8571,0.9466,0,0,0.21643,0,239.91,playing,3
245.8742,8.9241,0,0,0.21643,0,235.73,playing,3
245.8899,8.9241,0,0,0.21643,0,232.08,playing,3
245.9055,8.9241,0,0,0.16292,0,228.71,playing,3
245.9216,8.011,0,0,0.16292,0,225.62,playing,3
245.9381,8.011,0,0,0.16292,0,222.81,playing,3
245.9544,8.011,0,0,0.17396,0,220.29,playing,3
245.9709,4.6826,0,0,0.17396,0,217.92,playing,3
245.9867,4.6826,0,0,0.17396,0,215.97,playing,3
246.0029,4.6826,0,0,0.18646,0,214.31,playing,3
246.0197,2.1897,0,0,0.18646,0,212.93,playing,3
246.0358,2.1897,0,0,0.18646,0,211.78,playing,3
246.0522,2.1897,0,0,0.18646,0,210.97,playing,3
246.0689,2.1897,0,0,0.2649,1,210.44,playing,3
246.085,2.1897,0,0,0.2649,0,210.22,playing,3
246.1006,1.2481,0,0,0.2649,0,210.28,playing,3
246.1168,1.2481,0,0,0.2649,0,210.62,playing,3
246.1327,1.2481,0,0,0.25398,0,211.25,playing,3
246.1486,-1.4135,0,0,0.25398,0,212.15,playing,3
246.1653,-1.4135,0,0,0.25398,0,213.34,playing,3
246.1847,-1.0068,0,0,0.27309,0,214.92,playing,3
246.2025,-1.0068,0,0,0.27309,0,217.22,playing,3
246.2187,-1.0068,0,0,0.27309,0,219.49,playing,3
246.2358,-1.2752,0,0,0.27309,0,221.91,playing,4
246.2515,-1.2752,0,0,0.27309,0,224.8,playing,4
246.268,-1.2752,0,0,0.27515,0,227.8,playing,4
246.2836,-1.7201,0,0,0.27515,0,231.08,playing,4
246.3005,-1.7201,0,0,0.27515,0,234.64,playing,4
246.3196,-1.7201,0,0,0.27515,0,238.74,playing,4
246.3358,-1.8448,0,0,0.27273,0,243.73,playing,4
246.3526,-1.8448,0,0,0.27273,0,248.21,playing,4
246.3692,-1.8448,0,0,0.27273,0,253.28,playing,4
246.3856,-1.8448,0,0,0.26108,0,258.68,playing,4
246.4021,-1.8448,0,0,0.26108,0,264.04,playing,4
246.4183,-11.4353,1,0,0.26108,0,269.68,playing,4
246.4351,-11.4353,0,0,0.20087,0,263.36,playing,4
246.4508,-11.4353,0,0,0.20087,0,257.7,playing,4
246.4669,-2.3472,0,0,0.20087,0,252.33,playing,4
246.4826,-2.3472,0,0,0.20087,0,247.23,playing,4
246.4989,9.8019,0,0,0.1683,0,242.42,playing,4
246.5151,9.8019,0,0,0.1683,0,237.88,playing,4
246.5307,9.8019,0,0,0.1683,0,233.63,playing,4
246.5474,9.3622,0,0,0.1683,0,229.66,playing,4
246.5637,9.3622,0,0,0.15525,0,225.76,playing,4
246.5806,9.3622,0,0,0.15525,0,222.37,playing,4
246.5977,6.667,0,0,0.15525,0,219.09,playing,4
246.6142,6.667,0,0,0.15525,0,216.13,playing,4
246.6296,6.667,0,0,0.11701,0,213.62,playing,4
246.6459,6.667,0,0,0.11701,0,211.39,playing,4
246.6615,6.667,0,0,0.11701,0,209.44,playing,4
246.6778,6.667,0,0,0.17285,0,207.78,playing,4
246.6935,0.9639,0,0,0.17285,0,206.4,playing,4
246.7095,0.9639,0,0,0.17285,0,205.3,playing,4
246.7256,0.0771,0,0,0.2321,1,204.48,playing,4
246.7417,0.0771,0,0,0.2321,0,203.94,playing,4
246.7575,0.0771,0,0,0.2321,0,203.68,playing,4
246.7741,-1.1583,0,0,0.2321,0,203.71,playing,4
246.7914,-1.1583,0,0,0.2321,0,204.06,playing,4
246.808,-1.1583,0,0,0.2321,0,204.72,playing,4
246.8246,-1.6155,0,0,0.2321,0,205.62,playing,4
246.8417,-1.6155,0,0,0.24653,0,206.9,playing,4
246.858,-1.6155,0,0,0.24653,0,208.5,playing,4
246.8735,-1.6879,0,0,0.24653,0,210.29,playing,4
246.8896,-1.6879,0,0,0.26201,0,212.36,playing,4
246.9063,-1.5242,0,0,0.26201,0,214.7,playing,4
246.923,-1.5242,0,0,0.26201,0,217.52,playing,4
246.9396,-1.5242,0,0,0.26201,0,220.45,playing,4
246.9555,-1.6895,0,0,0.29828,0,223.88,playing,4
246.9717,-1.6895,0,0,0.29828,0,227.39,playing,4
246.9885,-1.6895,0,0,0.29828,0,231.18,playing,4
247.0047,-1.6431,0,0,0.29828,0,235.53,playing,4
247.0208,-1.6431,0,0,0.30222,0,239.9,playing,4
247.037,-1.6431,0,0,0.30222,0,244.55,playing,4
247.0527,-1.6431,0,0,0.30222,0,249.49,playing,4
247.0685,-1.6431,0,0,0.30222,0,254.71,playing,4
247.0853,-6.5784,1,0,0.2812,0,260.21,playing,4
247.1024,-1.1446,0,0,0.2812,0,253.89,playing,4
247.1189,-1.1446,0,0,0.2812,0,247.9,playing,4
247.1345,-1.1446,0,0,0.17404,0,242.54,playing,4
247.1506,-1.1446,0,0,0.17404,0,237.46,playing,4
247.1674,-1.1446,0,0,0.17404,0,232.67,playing,4
247.1846,-1.1446,0,0,0.17404,0,227.89,playing,4
247.2046,-1.1446,0,0,0.2226,1,223.43,playing,4
247.2223,-1.1446,0,0,0.2226,0,218.62,playing,4
247.2395,9.7599,0,0,0.2226,0,214.65,playing,4
247.2556,9.7599,0,0,0.2226,0,211.21,playing,4
247.2724,7.2686,0,0,0.16848,0,208.27,playing,4
247.2895,7.2686,0,0,0.16848,0,205.45,playing,4
247.3061,7.2686,0,0,0.16848,0,202.95,playing,4
247.3223,2.6588,0,0,0.17577,0,200.88,playing,4
247.339,2.6588,0,0,0.17577,0,199.0,playing,4
247.3551,2.6588,0,0,0.17577,0,197.52,playing,4
247.3713,2.6588,0,0,0.17577,0,196.31,playing,4
247.3878,2.6588,0,0,0.20806,0,195.35,playing,4
247.4039,-0.575,0,0,0.20806,0,194.72,playing,4
247.4206,-0.575,0,0,0.20806,0,194.38,playing,4
247.4376,-0.575,0,0,0.25462,0,194.33,playing,4
247.4536,-0.7509,0,0,0.25462,0,194.6,playing,4
247.4698,-0.7509,0,0,0.25462,0,195.14,playing,4
247.486,-0.7509,0,0,0.25462,0,195.95,playing,4
247.5021,-1.0413,0,0,0.25462,0,197.05,playing,4
247.5179,-1.0413,0,0,0.25462,0,198.43,playing,4
247.5345,-0.8385,0,0,0.24948,0,200.1,playing,4
247.5511,-1.1284,0,0,0.24948,0,202.18,playing,4
247.5674,-1.1284,0,0,0.24948,0,204.42,playing,4
247.584,-1.2351,0,0,0.2659,0,207.12,playing,4
247.6006,-1.2351,0,0,0.2659,0,209.95,playing,4
247.6173,-1.2351,0,0,0.2659,0,213.27,playing,4
247.6359,-19.999,1,0,0.2659,0,216.9,playing,4
247.6531,-19.999,0,0,0.22842,0,209.89,playing,4
247.6693,-16.8444,0,0,0.22842,0,204.27,playing,4
247.6865,-16.8444,0,0,0.22842,0,198.61,playing,4
247.7031,-16.8444,0,0,0.26532,0,193.27,playing,4
247.7186,-10.5246,0,0,0.26532,0,188.52,playing,4
247.7353,-10.5246,0,0,0.26532,0,184.06,playing,4
247.752,-10.5246,0,0,0.19333,0,179.64,playing,4
247.7678,-6.6358,0,0,0.19333,0,175.76,playing,4
247.7836,-6.6358,0,0,0.19333,0,172.16,playing,4
247.7999,-6.6358,0,0,0.19333,0,168.84,playing,4
247.8165,11.5114,0,0,0.16761,0,165.8,playing,4
247.8331,11.5114,0,0,0.16761,0,162.89,playing,4
247.8487,15.8221,0,0,0.16761,0,160.44,playing,4
247.8654,13.8223,0,0,0.1598,0,158.26,playing,4
247.8815,13.8223,0,0,0.1598,0,156.27,playing,4
247.8985,10.9303,0,0,0.1598,0,154.68,playing,4
247.9146,10.9303,0,0,0.14851,0,153.3,playing,4
247.9312,10.9303,0,0,0.14851,0,152.29,playing,4
247.948,7.9825,0,0,0.14851,0,151.53,playing,4
247.9642,7.9825,0,0,0.19722,0,151.1,playing,4
247.9815,7.9825,0,0,0.19722,0,150.96,dead,4
247.9976,5.4746,0,0,0.19722,0,151.13,dead,4
248.0143,5.4746,0,0,0.19722,0,151.58,dead,4
248.0316,1.8447,0,0,0.24648,1,152.38,dead,4
248.0478,1.8447,0,0,0.24648,0,153.49,dead,4
248.0638,1.8447,0,0,0.24648,0,154.82,dead,4
248.0796,-0.2021,0,0,0.24648,0,156.43,dead,4
248.0964,-0.2021,0,0,0.30972,0,158.32,dead,4
248.1129,-0.2021,0,0,0.30972,0,160.64,dead,4
248.1293,-3.1372,0,0,0.30972,0,163.12,dead,4
248.1456,-3.1372,0,0,0.28791,0,166.06,dead,4
248.1623,-3.1372,0,0,0.28791,0,169.11,dead,4
248.1787,-4.3335,0,0,0.28791,0,172.67,dead,4
248.195,-4.3335,0,0,0.28791,0,176.31,dead,4
248.2111,-6.7133,0,0,0.25438,0,180.22,dead,4
248.2271,-6.7133,0,0,0.25438,0,184.42,dead,4
248.2428,-6.7133,0,0,0.25438,0,188.9,dead,4
248.2594,-20.6422,1,0,0.2318,0,193.66,dead,4
248.2765,-20.6422,0,0,0.2318,0,285.0,playing,0
248.2931,-20.6422,0,0,0.2318,0,278.69,playing,0
248.3098,-11.1941,0,0,0.26163,0,272.69,playing,0
248.3262,-11.1941,0,0,0.26163,0,267.33,playing,0
248.3423,-11.1941,0,0,0.26163,0,262.26,playing,0
248.3589,3.667,0,0,0.26843,0,257.18,playing,0
248.3745,3.667,0,0,0.26843,0,252.68,playing,0
248.3911,13.6445,0,0,0.26843,0,248.46,playing,0
248.4079,13.6445,0,0,0.14518,0,244.3,playing,0
248.4245,13.6445,0,0,0.14518,0,240.67,playing,0
248.4416,11.4543,0,0,0.14518,0,237.12,playing,0
248.4587,11.4543,0,0,0.17183,0,233.9,playing,0
248.475,11.4543,0,0,0.17183,0,230.99,playing,0
248.4911,11.4543,0,0,0.17183,0,228.53,playing,0
248.5073,11.4543,0,0,0.20143,0,226.36,playing,0
248.5236,8.8163,0,0,0.20143,0,224.36,playing,0
248.5398,4.3718,0,0,0.20143,0,222.77,playing,0
248.5556,4.3718,0,0,0.20143,0,221.46,playing,0
248.5718,2.8971,0,0,0.20143,0,220.43,playing,0
248.588,2.8971,0,0,0.20143,0,219.68,playing,0
248.6041,2.8971,0,0,0.20727,0,219.21,playing,0
248.6203,1.2149,0,0,0.20727,0,219.03,playing,0
248.6373,1.2149,0,0,0.20727,0,219.15,playing,0
248.6544,1.2149,0,0,0.23887,1,219.59,playing,0
248.6704,-0.3939,0,0,0.23887,0,220.34,playing,0
248.687,-0.3939,0,0,0.23887,0,221.34,playing,0
248.7026,-0.3939,0,0,0.22238,0,222.61,playing,0
248.7192,-0.3939,0,0,0.22238,0,224.17,playing,0
248.7365,-0.3939,0,0,0.22238,0,226.14,playing,0
248.7531,-2.4105,0,0,0.29698,0,228.43,playing,0
248.7694,-2.4105,0,0,0.29698,0,230.87,playing,0
248.7865,-2.4105,0,0,0.29698,0,233.77,playing,0
248.8042,-2.4886,0,0,0.29698,0,237.0,playing,0
248.8205,-2.4886,0,0,0.21827,0,240.54,playing,0
248.8416,-2.2628,0,0,0.21827,0,244.4,playing,0
248.8577,-2.2628,0,0,0.21827,0,249.66,playing,0
248.8747,-2.2628,0,0,0.21827,0,253.94,playing,0
248.8914,-21.6936,1,0,0.25021,0,258.81,playing,0
248.908,-21.6936,0,0,0.25021,0,252.5,playing,0
248.924,-21.6936,0,0,0.25021,0,246.84,playing,0
248.9397,-14.5582,0,0,0.21152,0,241.46,playing,0
248.9563,-14.5582,0,0,0.21152,0,236.37,playing,0
248.9731,-10.5083,0,0,0.21152,0,231.27,playing,0
248.9902,2.3887,0,0,0.15898,0,226.49,playing,0
249.0064,2.3887,0,0,0.15898,0,222.28,playing,0
249.0233,9.7206,0,0,0.15898,0,218.11,playing,0
249.0399,9.7206,0,0,0.16039,0,214.27,playing,0
249.0563,9.7206,0,0,0.16039,0,210.93,playing,0
249.0731,13.0947,0,0,0.16039,0,207.71,playing,0
249.0889,13.0947,0,0,0.1492,0,204.95,playing,0
249.1046,13.0947,0,0,0.1492,0,202.48,playing,0
249.1208,9.571,0,0,0.1492,0,200.29,playing,0
249.1371,9.571,0,0,0.1492,0,198.38,playing,0
249.1527,9.571,0,0,0.16785,0,196.75,playing,0
249.1685,7.3499,0,0,0.16785,0,195.4,playing,0
249.1851,7.3499,0,0,0.16785,0,194.33,playing,0
249.2042,3.6424,0,0,0.16785,0,193.52,playing,0
249.2196,3.6424,0,0,0.17576,0,193.01,playing,0
249.2364,3.6424,0,0,0.17576,0,192.85,playing,0
249.2524,3.6424,0,0,0.17576,0,192.99,playing,0
249.269,3.6424,0,0,0.17576,0,193.4,playing,0
249.2846,3.6424,0,0,0.2509,1,194.09,playing,0
249.301,-0.2868,0,0,0.2509,0,195.07,playing,0
249.3166,-0.2868,0,0,0.2509,0,196.33,playing,0
249.3332,-0.2868,0,0,0.2509,0,197.87,playing,0
249.3489,-1.1535,0,0,0.26172,0,199.69,playing,0
249.3647,-1.1535,0,0,0.26172,0,201.79,playing,0
249.3808,-2.318,0,0,0.26172,0,204.17,playing,0
249.397,-2.318,0,0,0.21937,0,206.84,playing,0
249.4131,-2.318,0,0,0.21937,0,209.79,playing,0
249.4294,-3.155,0,0,0.21937,0,213.02,playing,0
249.4456,-3.155,0,0,0.24269,0,216.76,playing,0
249.4622,-3.155,0,0,0.24269,0,220.57,playing,0
249.4778,-2.8272,0,0,0.24269,0,224.66,playing,0
249.4941,-2.8272,0,0,0.2436,0,229.04,playing,0
249.5113,-2.8272,0,0,0.2436,0,234.0,playing,0
249.5284,-2.7912,0,0,0.2436,0,239.28,playing,0
249.5445,-2.7912,0,0,0.22906,0,244.88,playing,0
249.5611,-22.2855,1,0,0.22906,0,250.43,playing,0
249.577,-22.2855,0,0,0.22906,0,244.48,playing,0
249.5926,-22.2855,0,0,0.27669,0,238.8,playing,0
249.6089,-7.9798,0,0,0.27669,0,233.4,playing,0
249.6255,-7.9798,0,0,0.27669,0,228.29,playing,0
249.6421,-7.9798,0,0,0.25451,0,223.18,playing,0
249.6574,-7.9798,0,0,0.25451,0,218.64,playing,0
249.6742,-7.9798,0,0,0.25451,0,214.39,playing,0
249.6911,-7.9798,0,0,0.25086,0,210.19,playing,0
249.7067,12.2569,0,0,0.25086,0,206.52,playing,0
249.723,12.2569,0,0,0.25086,0,203.13,playing,0
249.7388,13.2146,0,0,0.17448,0,200.03,playing,0
249.7551,13.2146,0,0,0.17448,0,197.2,playing,0
249.7714,13.2146,0,0,0.17448,0,194.66,playing,0
249.7875,8.3617,0,0,0.17448,0,192.27,playing,0
249.8039,8.3617,0,0,0.16789,0,190.31,playing,0
249.8193,8.3617,0,0,0.16789,0,188.63,playing,0
249.8366,6.1488,0,0,0.16789,0,187.23,playing,0
249.8532,6.1488,0,0,0.16789,0,186.06,playing,0
249.8689,6.1488,0,0,0.20101,0,185.24,playing,0
249.8845,3.9512,0,0,0.20101,0,184.7,playing,0
249.9006,3.9512,0,0,0.20101,0,184.44,playing,0
249.9173,3.9512,0,0,0.2315,1,184.47,playing,0
249.934,0.8027,0,0,0.2315,0,184.81,playing,0
249.9497,0.8027,0,0,0.2315,0,185.42,playing,0
249.9662,-1.082,0,0,0.2315,0,186.31,playing,0
249.9821,-1.082,0,0,0.20331,0,187.48,playing,0
249.9976,-1.082,0,0,0.20331,0,188.93,playing,0
250.0144,-1.3508,0,0,0.20331,0,190.66,playing,0
250.0307,-1.3508,0,0,0.21113,0,192.82,playing,0
250.0475,-1.3508,0,0,0.21113,0,195.14,playing,0
250.0642,-2.1162,0,0,0.21113,0,197.91,playing,0
250.0805,-2.1162,0,0,0.21113,0,200.81,playing,0
250.0974,-2.1162,0,0,0.21547,0,204.2,playing,0
250.1138,-2.1162,0,0,0.21547,0,207.91,playing,0
250.13,-2.1162,0,0,0.21547,0,211.68,playing,0
250.1463,-2.5536,0,0,0.24389,0,215.74,playing,0
250.163,-2.5536,0,0,0.24389,0,220.37,playing,0
250.1791,-2.5536,0,0,0.24389,0,225.0,playing,0
250.1952,-2.3575,0,0,0.27663,0,229.92,playing,0
250.2124,-2.3575,0,0,0.27663,0,235.47,playing,0
250.229,-2.3575,0,0,0.27663,0,241.33,playing,0
250.2451,-2.3575,0,0,0.27663,0,247.13,playing,0
250.2607,-2.3575,0,0,0.27389,0,253.21,playing,0
250.2768,-2.3575,0,0,0.27389,0,259.57,playing,0
250.2931,-1.7,0,0,0.27389,0,266.21,playing,0
250.3094,-1.7,0,0,0.24397,0,273.14,playing,0
250.326,-1.7,0,0,0.24397,0,280.81,playing,0
250.342,-1.7,0,0,0.24397,0,288.32,playing,0
250.3581,-1.7,0,0,0.29394,0,296.1,playing,0
250.3739,-4.7781,0,0,0.29394,0,304.17,playing,0
250.3901,-4.7781,0,0,0.29394,0,312.52,playing,0
250.4062,-4.7781,0,0,0.27673,0,321.16,playing,0
250.4233,-8.3618,1,0,0.27673,0,330.65,playing,0
250.4396,-8.3618,0,0,0.27673,0,324.33,playing,0
250.4563,-8.3618,0,0,0.27673,0,318.67,playing,0
250.4731,-0.6355,0,0,0.26584,0,312.98,playing,0
250.4884,-0.6355,0,0,0.26584,0,307.9,playing,0
250.505,-0.6355,0,0,0.26584,0,303.1,playing,0
250.5215,-0.6355,0,0,0.13562,0,298.33,playing,0
250.5382,-0.6355,0,0,0.13562,0,294.11,playing,0
250.555,-0.6355,0,0,0.13562,0,289.95,playing,0
250.5716,-0.6355,0,0,0.13715,0,286.31,playing,0
250.5876,-0.6355,0,0,0.13715,0,282.77,playing,0
250.6042,11.2826,0,0,0.13715,0,279.71,playing,0
250.6224,11.2826,0,0,0.13715,0,276.79,playing,0
250.6395,8.363,0,0,0.16127,0,274.04,playing,0
250.6561,5.6653,0,0,0.16127,0,271.77,playing,0
250.6718,5.6653,0,0,0.16127,0,269.91,playing,0
250.6884,3.9096,0,0,0.19824,0,268.34,playing,0
250.7055,3.9096,0,0,0.19824,0,266.98,playing,0
250.7221,3.9096,0,0,0.19824,0,265.94,playing,1
250.7379,3.9096,0,0,0.19755,0,265.25,playing,1
250.754,3.9096,0,0,0.19755,0,264.83,playing,1
250.7703,3.9096,0,0,0.19755,0,264.7,playing,1
250.7868,-1.0544,0,0,0.22013,1,264.87,playing,1
250.803,-1.0544,0,0,0.22013,0,265.32,playing,1
250.8196,-1.0544,0,0,0.22013,0,266.05,playing,1
250.8359,-1.0544,0,0,0.22013,0,267.15,playing,1
250.853,-1.0544,0,0,0.24973,0,268.56,playing,1
250.8684,-2.1681,0,0,0.24973,0,270.17,playing,1
250.8855,-2.1681,0,0,0.24973,0,272.06,playing,1
250.9026,-2.1681,0,0,0.2648,0,274.38,playing,1
250.9196,-2.3643,0,0,0.2648,0,277.03,playing,1
250.936,-2.3643,0,0,0.2648,0,279.99,playing,1
250.9526,-2.3643,0,0,0.26511,0,283.06,playing,1
250.9697,-2.9412,0,0,0.26511,0,286.64,playing,1
250.986,-2.9412,0,0,0.26511,0,290.54,playing,1
251.0021,-18.2262,1,0,0.24278,0,294.49,playing,1
251.0174,-18.2262,0,0,0.24278,0,288.53,playing,1
251.034,-18.2262,0,0,0.24278,0,282.86,playing,1
251.0497,-11.6219,0,0,0.24278,0,277.46,playing,1
251.0659,-11.6219,0,0,0.2845,0,272.35,playing,1
251.082,-11.6219,0,0,0.2845,0,267.52,playing,1
251.0976,9.6795,0,0,0.2845,0,262.97,playing,1
251.1139,9.6795,0,0,0.16028,0,258.7,playing,1
251.1305,9.6795,0,0,0.16028,0,254.71,playing,1
251.1466,15.7286,0,0,0.16028,0,250.79,playing,1
251.1629,15.7286,0,0,0.16028,0,247.38,playing,1
251.1797,13.6437,0,0,0.17244,0,244.26,playing,1
251.1964,13.6437,0,0,0.17244,0,241.26,playing,1
251.2133,13.6437,0,0,0.17244,0,238.57,playing,1
251.2359,7.0387,0,0,0.17244,0,236.21,playing,1
251.2525,7.0387,0,0,0.17244,0,233.68,playing,1
251.2685,4.4304,0,0,0.14733,0,232.04,playing,1
251.2852,4.4304,0,0,0.14733,0,230.78,playing,1
251.3008,4.4304,0,0,0.14733,0,229.8,playing,1
251.3169,0.8698,0,0,0.20433,0,229.11,playing,1
251.333,0.8698,0,0,0.20433,0,228.69,playing,1
251.349,0.8698,0,0,0.20433,0,228.56,playing,1
251.3645,-0.5143,0,0,0.20433,0,228.71,playing,1
251.3811,-0.5143,0,0,0.22762,1,229.14,playing,1
251.3969,-0.5143,0,0,0.22762,0,229.85,playing,1
251.4149,-1.9867,0,0,0.22762,0,230.84,playing,1
251.4311,-1.9867,0,0,0.22762,0,232.32,playing,1
251.4487,-1.9867,0,0,0.28628,0,234.03,playing,1
251.466,-2.4943,0,0,0.28628,0,236.06,playing,1
251.4825,-2.4943,0,0,0.28628,0,238.4,playing,1
251.4991,-2.9968,0,0,0.28628,0,241.07,playing,1
251.5147,-2.9968,0,0,0.28628,0,243.86,playing,1
251.5308,-2.9968,0,0,0.24231,0,246.93,playing,1
251.5471,-2.8775,0,0,0.24231,0,250.28,playing,1
251.5624,-2.8775,0,0,0.24231,0,253.91,playing,1
251.5786,-2.8775,0,0,0.24231,0,257.83,playing,1
251.5952,-2.8353,0,0,0.24989,0,262.02,playing,1
251.6117,-2.8353,0,0,0.24989,0,266.8,playing,1
251.628,-2.8353,0,0,0.24989,0,271.58,playing,1
251.6457,-2.6993,0,0,0.24989,0,276.64,playing,1
251.6628,-2.6993,0,0,0.27755,0,283.04,playing,1
251.679,-3.8189,0,0,0.27755,0,288.72,playing,1
251.6963,-17.6052,1,0,0.27755,0,295.07,playing,1
251.713,-17.6052,0,0,0.2613,0,288.75,playing,1
251.7293,-17.2579,0,0,0.2613,0,282.76,playing,1
251.7462,-17.2579,0,0,0.2613,0,277.4,playing,1
251.7618,-17.2579,0,0,0.2613,0,272.32,playing,1
251.7779,-17.2579,0,0,0.24634,0,267.52,playing,1
251.7936,-17.2579,0,0,0.24634,0,263.01,playing,1
251.8096,0.7567,0,0,0.24634,0,258.78,playing,1
251.8268,13.4297,0,0,0.24634,0,254.82,playing,1
251.8441,13.4297,0,0,0.18566,0,250.73,playing,1
251.8598,13.4297,0,0,0.18566,0,247.38,playing,1
251.8761,13.4297,0,0,0.18566,0,244.31,playing,1
251.8916,13.4297,0,0,0.2045,0,241.52,playing,1
251.9078,8.8688,0,0,0.2045,0,239.01,playing,1
251.9236,8.8688,0,0,0.2045,0,236.78,playing,1
251.9398,8.8688,0,0,0.20445,0,234.84,playing,1
251.9565,6.5994,0,0,0.20445,0,233.17,playing,1
251.9726,6.5994,0,0,0.20445,0,231.72,playing,1
251.9893,4.285,0,0,0.23908,1,230.64,playing,1
252.0056,2.523,0,0,0.23908,0,229.81,playing,1
252.0216,2.523,0,0,0.23908,0,229.3,playing,1
252.0387,0.3059,0,0,0.26102,0,229.08,playing,1
252.0549,0.3059,0,0,0.26102,0,229.17,playing,1
252.071,0.3059,0,0,0.26102,0,229.53,playing,1
252.0869,-1.0663,0,0,0.26102,0,230.17,playing,1
252.103,-1.0663,0,0,0.27241,0,231.09,playing,1
252.1186,-1.0663,0,0,0.27241,0,232.3,playing,1
252.1352,-1.5092,0,0,0.27241,0,233.78,playing,1
252.1524,-1.5092,0,0,0.27241,0,235.68,playing,1
252.1695,-1.8592,0,0,0.27241,0,237.89,playing,1
252.1861,-1.8592,0,0,0.27241,0,240.43,playing,1
252.2024,-1.8592,0,0,0.29174,0,243.28,playing,1
252.2185,-1.6317,0,0,0.29174,0,246.24,playing,1
252.2351,-1.6317,0,0,0.29174,0,249.49,playing,1
252.2506,-1.6317,0,0,0.29174,0,253.02,playing,1
252.267,-1.895,0,0,0.29577,0,256.83,playing,1
252.283,-1.895,0,0,0.29577,0,260.92,playing,1
252.2991,-1.895,0,0,0.29577,0,265.29,playing,1
252.3144,-16.7811,1,0,0.29577,0,269.95,playing,1
252.331,-16.7811,0,0,0.24988,0,263.99,playing,1
252.3471,-16.7811,0,0,0.24988,0,258.31,playing,1
252.3644,-11.4905,0,0,0.24988,0,252.6,playing,1
252.3806,-11.4905,0,0,0.24988,0,247.2,playing,1
252.3969,4.1823,0,0,0.22106,0,242.4,playing,1
252.4135,4.1823,0,0,0.22106,0,237.89,playing,1
252.4301,4.1823,0,0,0.22106,0,233.41,playing,1
252.4459,13.7378,0,0,0.22106,0,229.47,dead,1
252.463,12.2663,0,0,0.18235,0,225.61,dead,1
252.479,12.2663,0,0,0.18235,0,222.26,dead,1
252.4946,10.0527,0,0,0.18235,0,219.19,dead,1
252.5107,10.0527,0,0,0.15983,0,216.4,dead,1
252.5269,10.0527,0,0,0.15983,0,213.89,dead,1
252.543,6.201,0,0,0.15983,0,211.66,dead,1
252.5592,6.201,0,0,0.15983,0,209.71,dead,1
252.5764,6.201,0,0,0.15274,0,207.97,dead,1
252.593,6.201,0,0,0.15274,0,206.53,dead,1
252.6096,6.201,0,0,0.15274,0,205.47,dead,1
252.626,2.4001,0,0,0.18971,0,204.65,dead,1
252.6421,2.4001,0,0,0.18971,0,204.17,dead,1
252.6587,2.4001,0,0,0.18971,0,203.97,dead,1
252.6749,-0.4063,0,0,0.20303,0,204.07,dead,1
252.6905,-0.4063,0,0,0.20303,0,204.45,dead,1
252.7066,-0.4063,0,0,0.20303,0,205.1,dead,1
252.7233,-0.4063,0,0,0.20303,0,206.05,dead,1
252.7407,-0.4063,0,0,0.24639,1,207.36,dead,1
252.7597,-2.5238,0,0,0.24639,0,209.0,dead,1
252.7765,-2.5238,0,0,0.24639,0,211.22,dead,1
252.7946,-2.5238,0,0,0.24639,0,213.53,dead,1
252.8114,-2.072,0,0,0.25735,0,216.33,dead,1
252.8285,-2.072,0,0,0.25735,0,219.3,dead,1
252.8451,-2.483,0,0,0.25735,0,222.58,dead,1
252.8607,-2.483,0,0,0.24259,0,225.95,dead,1
252.8773,-2.483,0,0,0.24259,0,229.6,dead,1
252.894,-2.4356,0,0,0.24259,0,233.8,dead,1
252.9103,-2.4356,0,0,0.24259,0,238.03,dead,1
252.9272,-2.4356,0,0,0.24259,0,242.84,dead,1
252.9484,-1.9552,0,0,0.27974,0,247.65,dead,1
252.9656,-1.9552,0,0,0.27974,0,254.8,dead,1
252.9871,-1.3159,0,0,0.27974,0,260.65,dead,1
253.0049,-1.3159,0,0,0.27974,0,268.35,dead,1
253.0242,-1.3159,0,0,0.27974,0,275.31,dead,1
253.0416,-11.9801,0,0,0.26257,0,283.48,dead,1
253.0578,-11.9801,0,0,0.26257,0,290.74,dead,1
253.074,-18.1163,1,0,0.26257,0,297.86,dead,1
253.0899,-18.1163,0,0,0.26234,0,285.0,playing,0
253.106,-18.1163,0,0,0.26234,0,279.04,playing,0
253.1221,-4.1736,0,0,0.26234,0,273.36,playing,0
253.1379,-4.1736,0,0,0.26234,0,267.97,playing,0
253.1535,-4.1736,0,0,0.26234,0,262.86,playing,0
253.1702,13.258,0,0,0.26234,0,258.02,playing,0
253.1871,13.258,0,0,0.26234,0,253.21,playing,0
253.2032,13.258,0,0,0.26234,0,248.96,playing,0
253.2205,12.6706,0,0,0.22624,0,244.76,playing,0
253.2366,12.6706,0,0,0.22624,0,240.88,playing,0
253.2533,9.8811,0,0,0.22624,0,237.51,playing,0
253.2697,9.8811,0,0,0.22624,0,234.24,playing,0
253.2854,9.8811,0,0,0.19214,0,231.45,playing,0
253.3015,7.6227,0,0,0.19214,0,228.94,playing,0
253.3182,7.6227,0,0,0.19214,0,226.71,playing,0
253.3349,7.6227,0,0,0.19214,0,224.67,playing,0
253.3565,3.2142,0,0,0.20896,0,223.02,playing,0
253.3742,3.2142,0,0,0.20896,0,221.29,playing,0
253.3924,1.0602,0,0,0.20896,0,220.23,playing,0
253.4093,1.0602,0,0,0.20896,0,219.52,playing,0
253.4263,1.0602,0,0,0.20896,0,219.18,playing,0
253.4458,-0.7917,0,0,0.24994,1,219.15,playing,0
253.4621,-0.7917,0,0,0.24994,0,219.51,playing,0
253.4789,-1.1925,0,0,0.24994,0,220.16,playing,0
253.4951,-1.1925,0,0,0.24994,0,221.05,playing,0
253.5108,-1.1925,0,0,0.28379,0,222.22,playing,0
253.5273,-1.4657,0,0,0.28379,0,223.67,playing,0
253.544,-1.4657,0,0,0.28379,0,225.53,playing,0
253.5599,-1.4657,0,0,0.28379,0,227.56,playing,0
253.5757,-1.9236,0,0,0.22346,0,229.87,playing,0
253.592,-1.9236,0,0,0.22346,0,232.47,playing,0
253.6081,-1.9236,0,0,0.22346,0,235.34,playing,0
253.6242,-2.0731,0,0,0.28256,0,238.5,playing,0
253.6405,-2.0731,0,0,0.28256,0,241.94,playing,0
253.6572,-2.2322,0,0,0.28256,0,245.92,playing,0
253.674,-2.2322,0,0,0.28256,0,250.21,playing,0
253.6897,-2.2322,0,0,0.28256,0,254.53,playing,0
253.7064,-1.8009,0,0,0.26186,0,259.13,playing,0
253.7237,-1.8009,0,0,0.26186,0,264.34,playing,0
253.7397,-1.8009,0,0,0.26186,0,269.86,playing,0
253.7565,-2.3486,0,0,0.26186,0,275.34,playing,0
253.7729,-2.3486,0,0,0.27669,0,281.48,playing,0
253.7896,-19.2795,1,0,0.27669,0,287.55,playing,0
253.8057,-16.4287,0,0,0.27669,0,281.23,playing,0
253.8223,-16.4287,0,0,0.27669,0,275.57,playing,0
253.839,-9.8129,0,0,0.28874,0,269.88,playing,0
253.8551,-9.8129,0,0,0.28874,0,264.8,playing,0
253.8707,-9.8129,0,0,0.28874,0,260.0,playing,0
253.8871,15.0094,0,0,0.17261,0,255.49,playing,0
253.9027,15.0094,0,0,0.17261,0,251.26,playing,0
253.9193,15.0094,0,0,0.17261,0,247.3,playing,0
253.9366,15.9184,0,0,0.17261,0,243.42,playing,0
253.9533,15.9184,0,0,0.17244,0,239.86,playing,0
253.9703,12.7632,0,0,0.17244,0,236.61,playing,0
253.9866,9.3884,0,0,0.17244,0,233.69,playing,0
254.0031,9.3884,0,0,0.17244,1,231.21,playing,0
254.0207,6.7463,0,0,0.22018,0,228.79,playing,0
254.0368,6.7463,0,0,0.22018,0,226.91,playing,0
254.0534,6.7463,0,0,0.22018,0,225.32,playing,0
254.0697,4.4984,0,0,0.21718,0,223.94,playing,0
254.0859,4.4984,0,0,0.21718,0,222.93,playing,0
254.1022,4.4984,0,0,0.21718,0,222.2,playing,0
254.1184,0.2314,0,0,0.24279,0,221.74,playing,0
254.1352,0.2314,0,0,0.24279,0,221.59,playing,0
254.151,-0.884,0,0,0.24279,0,221.72,playing,0
254.1665,-0.884,0,0,0.24279,0,222.13,playing,0
254.1831,-0.884,0,0,0.25752,0,222.83,playing,0
254.1987,-1.525,0,0,0.25752,0,223.8,playing,0
254.2155,-1.525,0,0,0.25752,0,225.06,playing,0
254.232,-1.525,0,0,0.25752,0,226.72,playing,0
254.2474,-1.5434,0,0,0.25752,0,228.55,playing,0
254.2638,-1.5434,0,0,0.25752,0,230.67,playing,0
254.2801,-1.5434,0,0,0.25752,0,233.08,playing,0
254.2962,-2.4521,0,0,0.25752,0,235.76,playing,0
254.3137,-2.4521,0,0,0.25397,0,238.93,playing,0
254.3326,-2.2605,0,0,0.25397,0,242.41,playing,0
254.349,-2.2605,0,0,0.25397,0,246.71,playing,0
254.3656,-2.2605,0,0,0.25397,0,250.61,playing,0
254.3826,-2.6896,0,0,0.29828,0,255.06,playing,0
254.3989,-2.6896,0,0,0.29828,0,259.84,playing,0
254.4147,-2.6896,0,0,0.29828,0,264.62,playing,0
254.4313,-1.5874,0,0,0.29828,0,269.68,playing,0
254.4483,-1.5874,0,0,0.29405,0,275.37,playing,0
254.4678,-1.5874,0,0,0.29405,0,281.38,playing,0
254.4837,-9.4422,0,0,0.29405,0,288.5,playing,0
254.5,-9.4422,0,0,0.29405,0,294.77,playing,0
254.5164,-20.9605,1,0,0.2871,0,301.33,playing,0
254.5335,-20.9605,0,0,0.2871,0,295.02,playing,0
254.5506,-20.9605,0,0,0.2871,0,289.02,playing,0
254.5671,1.9506,0,0,0.2871,0,283.34,playing,0
254.5834,1.9506,0,0,0.2871,0,278.28,playing,0
254.5994,1.9506,0,0,0.28676,0,273.22,playing,0
254.6155,1.9506,0,0,0.28676,0,268.74,playing,0
254.6316,1.9506,0,0,0.28676,0,264.55,playing,0
254.6492,9.6557,0,0,0.28676,0,260.63,playing,0
254.6659,9.6557,0,0,0.17102,0,256.58,playing,0
254.685,9.6557,0,0,0.17102,0,253.26,playing,0
254.7005,7.5044,0,0,0.17102,0,249.72,playing,0
254.7169,7.5044,0,0,0.17102,0,247.02,playing,0
254.733,7.5044,0,0,0.1852,0,244.59,playing,0
254.7489,5.2915,0,0,0.1852,0,242.46,playing,0
254.765,5.2915,0,0,0.1852,0,240.6,playing,0
254.7827,1.1912,0,0,0.1852,0,239.02,playing,0
254.7989,1.1912,0,0,0.2016,0,237.61,playing,0
254.8154,1.1912,0,0,0.2016,0,236.63,playing,0
254.8325,-0.2695,0,0,0.2016,0,235.91,playing,0
254.849,-0.2695,0,0,0.25735,1,235.5,playing,0
254.8651,-0.2695,0,0,0.25735,0,235.41,playing,0
254.8807,-1.1187,0,0,0.25735,0,235.59,playing,0
254.8969,-1.1187,0,0,0.308,0,236.06,playing,0
254.913,-1.1187,0,0,0.308,0,236.8,playing,0
254.9291,-1.796,0,0,0.308,0,237.83,playing,0
254.9452,-1.796,0,0,0.308,0,239.14,playing,0
254.9626,-1.7541,0,0,0.27893,0,240.85,playing,0
254.9786,-1.7541,0,0,0.27893,0,242.88,playing,0
254.9955,-1.7541,0,0,0.27893,0,245.07,playing,0
255.0119,-1.6231,0,0,0.28436,0,247.72,playing,0
255.028,-1.6231,0,0,0.28436,0,250.49,playing,0
255.044,-1.6231,0,0,0.28436,0,253.54,playing,0
255.0602,-1.5025,0,0,0.28436,0,256.87,playing,0
255.0775,-1.5025,0,0,0.27235,0,260.74,playing,0
255.0935,-1.5025,0,0,0.27235,0,264.91,playing,0
255.1106,-1.0706,0,0,0.27235,0,269.13,playing,0
255.1267,-1.0706,0,0,0.27235,0,273.92,playing,0
255.1435,-16.5612,1,0,0.24995,0,278.72,playing,0
255.1604,-16.5612,0,0,0.24995,0,272.41,playing,0
255.1775,-16.5612,0,0,0.24995,0,266.41,playing,0
255.1941,-17.4236,0,0,0.28788,0,260.74,playing,0
255.2104,-17.4236,0,0,0.28788,0,255.68,playing,0
255.2267,-17.4236,0,0,0.28788,0,250.62,playing,0
255.2434,4.1201,0,0,0.28788,0,246.14,playing,0
255.2602,4.1201,0,0,0.25772,0,241.69,playing,0
255.2765,10.5023,0,0,0.25772,0,237.8,playing,0
255.2936,10.5023,0,0,0.25772,0,233.97,playing,0
255.3101,10.5023,0,0,0.25772,0,230.46,playing,0
255.3282,7.9035,0,0,0.25772,0,227.44,playing,0
255.345,7.9035,0,0,0.23482,0,224.4,playing,0
255.3635,7.9035,0,0,0.23482,0,221.85,playing,0
255.3806,5.0685,0,0,0.23482,0,219.39,playing,0
255.3972,5.0685,0,0,0.23482,0,217.51,playing,0
255.4138,4.5178,0,0,0.17042,0,215.95,playing,0
255.43,4.5178,0,0,0.17042,0,214.76,dead,0
255.4455,4.5178,0,0,0.17042,0,213.86,dead,0
255.462,4.2124,0,0,0.17042,0,213.23,dead,0
255.4783,4.2124,0,0,0.20323,0,212.89,dead,0
255.4946,4.2124,0,0,0.20323,0,212.84,dead,0
255.511,1.599,0,0,0.20323,0,213.07,dead,0
255.5269,1.599,0,0,0.20323,0,213.59,dead,0
255.5473,0.7231,0,0,0.29857,1,214.39,dead,0
255.5732,0.7231,0,0,0.29857,0,215.93,dead,0
255.5956,-0.69,0,0,0.29857,0,218.44,dead,0
255.6133,-0.69,0,0,0.29857,0,221.34,dead,0
255.63,-0.69,0,0,0.29545,0,223.96,dead,0
255.6491,-1.2893,0,0,0.29545,0,226.57,dead,0
255.6669,-1.2893,0,0,0.29545,0,230.07,dead,0
255.6875,-1.3047,0,0,0.29545,0,233.75,dead,0
255.7041,-1.3047,0,0,0.29545,0,238.52,dead,0
255.7205,-1.3047,0,0,0.30818,0,242.43,dead,0
255.7387,-1.7808,0,0,0.30818,0,246.91,dead,0
255.7544,-1.7808,0,0,0.30818,0,252.01,dead,0
255.7735,-1.7808,0,0,0.30818,0,256.82,dead,0
255.7941,-1.7194,0,0,0.30818,0,262.93,dead,0
255.8097,-1.7194,0,0,0.30787,0,269.81,dead,0
255.8283,-10.2741,0,0,0.30787,0,275.59,dead,0
255.8455,-10.2741,0,0,0.30787,0,282.85,dead,0
255.8665,-11.4304,1,0,0.30787,0,289.66,dead,0
255.8824,-11.4304,0,0,0.30787,0,285.0,playing,0
255.8992,-11.4304,0,0,0.24995,0,279.04,playing,0
255.9167,-6.9574,0,0,0.24995,0,273.03,playing,0
255.937,-6.9574,0,0,0.24995,0,267.33,playing,0
255.9541,5.6472,0,0,0.24995,0,261.07,playing,0
255.9705,5.6472,0,0,0.24995,0,256.07,playing,0
255.9875,5.6472,0,0,0.28277,0,251.39,playing,0
256.0043,15.4043,0,0,0.28277,0,247.02,playing,0
256.0215,15.4043,0,0,0.28277,0,242.97,playing,0
256.0396,12.1033,0,0,0.28277,0,239.24,playing,0
256.0569,12.1033,0,0,0.28277,0,235.64,playing,0
256.074,12.1033,0,0,0.19284,0,232.4,playing,0
256.0901,6.2629,0,0,0.19284,0,229.81,playing,0
256.1066,6.2629,0,0,0.19284,0,227.49,playing,0
256.1227,6.2629,0,0,0.19284,0,225.35,playing,0
256.1395,6.2629,0,0,0.17483,0,223.62,playing,0
256.1564,6.2629,0,0,0.17483,0,222.09,playing,0
256.1731,6.2629,0,0,0.17483,0,220.88,playing,0
256.1892,4.349,0,0,0.26471,1,220.03,playing,0
256.2067,2.6929,0,0,0.26471,0,219.44,playing,0
256.2225,-1.6954,0,0,0.26471,0,219.17,playing,0
256.2394,-1.6954,0,0,0.26471,0,219.19,playing,0
256.2562,-1.6954,0,0,0.25765,0,219.54,playing,0
256.2719,-1.6954,0,0,0.25765,0,220.14,playing,0
256.2885,-1.6954,0,0,0.25765,0,221.03,playing,0
256.3048,-1.6954,0,0,0.25765,0,222.29,playing,0
256.3205,-2.5826,0,0,0.26546,0,223.76,playing,0
256.3368,-2.5826,0,0,0.26546,0,225.51,playing,0
256.3535,-2.5826,0,0,0.26546,0,227.55,playing,0
256.37,-2.7467,0,0,0.26546,0,230.02,playing,0
256.3861,-2.7467,0,0,0.26546,0,232.64,playing,0
256.4026,-2.2441,0,0,0.27663,0,235.53,playing,0
256.4187,-2.2441,0,0,0.27663,0,238.92,playing,0
256.435,-2.2441,0,0,0.27663,0,242.4,playing,0
256.4508,-2.1982,0,0,0.27663,0,246.15,playing,0
256.4668,-2.1982,0,0,0.29025,0,250.19,playing,0
256.4836,-2.1982,0,0,0.29025,0,254.51,playing,0
256.4999,-2.1982,0,0,0.29025,0,259.42,playing,0
256.5166,-2.1982,0,0,0.272,0,264.32,playing,0
256.5331,-2.1982,0,0,0.272,0,269.85,playing,0
256.5496,-13.8405,1,0,0.272,0,275.33,playing,0
256.5658,-13.8405,0,0,0.32413,0,269.02,playing,0
256.5816,-8.4438,0,0,0.32413,0,263.36,playing,0
256.5985,-8.4438,0,0,0.32413,0,257.98,playing,0
256.6157,-8.4438,0,0,0.26921,0,252.58,playing,0
256.6322,-5.554,0,0,0.26921,0,247.51,playing,0
256.648,-5.554,0,0,0.26921,0,243.01,playing,0
256.6645,-5.554,0,0,0.1796,0,238.79,playing,0
256.6811,16.0164,0,0,0.1796,0,234.63,playing,0
256.6969,16.0164,0,0,0.1796,0,231.0,playing,0
256.7127,16.0164,0,0,0.20307,0,227.64,playing,0
256.7297,16.5072,0,0,0.20307,0,224.57,playing,0
256.7455,16.5072,0,0,0.20307,0,221.62,playing,0
256.762,9.8774,0,0,0.20307,0,219.13,playing,0
256.7776,9.8774,0,0,0.16726,0,216.92,playing,0
256.7942,9.8774,0,0,0.16726,0,215.0,playing,0
256.8101,6.6712,0,0,0.16726,0,213.35,playing,0
256.8262,6.6712,0,0,0.16726,0,211.98,playing,0
256.8418,6.6712,0,0,0.18008,0,210.9,playing,0
256.8586,4.6962,0,0,0.18008,0,210.1,playing,0
256.8751,4.6962,0,0,0.18008,0,209.57,playing,0
256.8912,4.6962,0,0,0.18008,0,209.34,playing,0
256.9078,0.8244,0,0,0.24688,1,209.41,playing,0
256.9245,0.8244,0,0,0.24688,0,209.79,playing,0
256.9406,0.8244,0,0,0.24688,0,210.49,playing,0
256.9567,0.8244,0,0,0.24688,0,211.43,playing,0
256.9734,0.8244,0,0,0.26941,0,212.65,playing,0
256.9903,-2.8657,0,0,0.26941,0,214.27,playing,0
257.0071,-2.8657,0,0,0.26941,0,216.2,playing,0
257.0239,-2.8657,0,0,0.26941,0,218.46,playing,0
257.0399,-2.6508,0,0,0.26114,0,220.86,playing,0
257.0565,-2.6508,0,0,0.26114,0,223.54,playing,0
257.0726,-2.6508,0,0,0.26114,0,226.71,playing,0
257.0895,-2.7727,0,0,0.26114,0,229.97,playing,0
257.1062,-2.7727,0,0,0.28308,0,233.76,playing,0
257.123,-3.2658,0,0,0.28308,0,237.86,playing,0
257.1391,-3.2658,0,0,0.28308,0,242.01,playing,0
257.1553,-3.2658,0,0,0.28308,0,246.43,playing,0
257.1715,-15.5472,1,0,0.28823,0,251.45,playing,0
257.1885,-15.5472,0,0,0.28823,0,245.49,playing,0
257.2056,-15.5472,0,0,0.28823,0,239.48,playing,0
257.2242,-12.589,0,0,0.28823,0,234.1,playing,0
257.2407,-12.589,0,0,0.27357,0,227.82,playing,0
257.2571,-12.589,0,0,0.27357,0,223.08,playing,0
257.2725,-12.589,0,0,0.27357,0,218.61,playing,0
257.2898,-12.589,0,0,0.27357,0,214.43,playing,0
257.3105,13.5302,0,0,0.23003,0,210.31,playing,0
257.3297,13.5302,0,0,0.23003,0,205.51,playing,0
257.3463,14.3708,0,0,0.23003,0,201.93,playing,0
257.3635,14.3708,0,0,0.23003,0,198.87,playing,0
257.3801,14.3708,0,0,0.23003,0,196.13,playing,0
257.3957,14.3708,0,0,0.1558,0,193.83,playing,0
257.4113,14.3708,0,0,0.1558,0,191.82,playing,0
257.4285,14.3708,0,0,0.1558,0,190.08,playing,0
257.4456,12.5226,0,0,0.1558,0,188.56,playing,0
257.4625,12.5226,0,0,0.17949,0,187.35,playing,0
257.4792,12.5226,0,0,0.17949,0,186.46,playing,0
257.4968,2.5602,0,0,0.17949,0,185.89,playing,0
257.5162,2.5602,0,0,0.17949,0,185.64,playing,0
257.5349,-1.1953,0,0,0.17949,0,185.75,playing,0
257.5525,-1.1953,0,0,0.26511,1,186.26,playing,0
257.5702,-3.6138,0,0,0.26511,0,187.1,playing,0
257.587,-3.6138,0,0,0.26511,0,188.3,playing,0
257.6088,-3.6138,0,0,0.26511,0,189.65,playing,0
257.6249,-2.7793,0,0,0.26511,0,192.03,playing,0
257.6409,-2.7793,0,0,0.25089,0,194.04,playing,0
257.657,-2.7793,0,0,0.25089,0,196.34,playing,0
257.673,-1.5964,0,0,0.25089,0,198.92,playing,0
257.6896,-1.5964,0,0,0.25089,0,201.78,playing,0
257.7066,-1.1434,0,0,0.28365,0,205.13,playing,0
257.7231,-1.1434,0,0,0.28365,0,208.81,playing,0
257.7397,-1.1434,0,0,0.28365,0,212.54,playing,0
257.7565,-0.6471,0,0,0.28365,0,216.84,playing,0
257.7735,-0.6471,0,0,0.29045,0,221.44,playing,0
257.7901,-0.6471,0,0,0.29045,0,226.37,playing,0
257.8058,0.0999,0,0,0.29045,0,231.29,playing,0
257.8225,0.0999,0,0,0.29045,0,236.49,playing,0
257.8388,0.0999,0,0,0.26606,0,242.33,playing,0
257.8552,0.0567,0,0,0.26606,0,248.11,playing,0
257.873,0.0567,0,0,0.26606,0,254.57,playing,0
257.8886,0.0369,0,0,0.26606,0,261.35,playing,0
257.9062,0.0369,0,0,0.26606,0,268.01,playing,0
257.9225,0.0369,0,0,0.25397,0,275.41,playing,0
257.9427,0.5165,0,0,0.25397,0,283.12,playing,0
257.9594,0.5165,0,0,0.25397,0,292.63,playing,0
257.9765,-0.0022,0,0,0.25397,0,301.04,playing,0
257.9931,0.7921,0,0,0.24995,0,309.76,playing,0
258.0091,0.7921,0,0,0.24995,0,318.25,playing,0
258.0249,0.4713,0,0,0.24995,0,327.03,playing,0
258.0409,0.4713,0,0,0.28788,0,336.08,playing,0
258.0566,0.4713,0,0,0.28788,0,345.42,playing,0
258.0734,0.3831,0,0,0.28788,0,355.03,dead,0
258.0899,0.3831,0,0,0.28788,0,365.57,dead,0
258.1061,0.3831,0,0,0.23565,0,375.77,dead,0
258.1234,-15.9332,1,0,0.23565,0,386.92,dead,0
258.1402,-15.9332,0,0,0.23565,0,285.0,playing,0
258.1565,-15.3402,0,0,0.28066,0,279.04,playing,0
258.1727,-15.3402,0,0,0.28066,0,273.03,playing,0
258.1894,-15.3402,0,0,0.28066,0,267.65,playing,0
258.206,5.2924,0,0,0.29855,0,262.26,playing,0
258.2216,5.2924,0,0,0.29855,0,257.46,playing,0
258.2375,5.2924,0,0,0.29855,0,252.94,playing,0
258.2542,14.1802,0,0,0.29855,0,248.71,playing,0
258.2715,14.1802,0,0,0.29855,0,244.53,playing,0
258.2883,14.1802,0,0,0.16059,0,240.67,playing,0
258.3049,12.6933,0,0,0.16059,0,237.12,playing,0
258.3205,12.6933,0,0,0.16059,0,234.07,playing,0
258.3366,9.7617,0,0,0.16059,0,231.3,playing,0
258.353,9.7617,0,0,0.18496,0,228.8,playing,0
258.369,9.7617,0,0,0.18496,0,226.59,playing,0
258.3856,9.7617,0,0,0.18496,0,224.67,playing,0
258.4017,9.7617,0,0,0.21479,0,222.94,playing,0
258.4176,9.7617,0,0,0.21479,0,221.59,playing,0
258.4343,6.9525,0,0,0.21479,0,220.52,playing,0
258.4511,6.9525,0,0,0.21479,0,219.71,playing,0
258.4695,6.9525,0,0,0.28396,1,219.22,playing,0
258.4867,6.9525,0,0,0.28396,0,219.05,playing,0
258.5034,6.9525,0,0,0.28396,0,219.2,playing,0
258.5202,4.9914,0,0,0.28396,0,219.68,playing,0
258.5358,4.9914,0,0,0.28396,0,220.41,playing,0
258.5534,4.9914,0,0,0.28396,0,221.42,playing,0
258.5719,0.6082,0,0,0.23593,0,222.91,playing,0
258.5906,-1.4285,0,0,0.23593,0,224.76,playing,0
258.6112,-2.1139,0,0,0.23593,0,227.12,playing,0
258.6266,-2.1139,0,0,0.23593,0,230.03,playing,0
258.6431,-2.1139,0,0,0.23593,0,232.64,playing,0
258.6603,-1.8295,0,0,0.2398,0,235.54,playing,0
258.6774,-1.8295,0,0,0.2398,0,239.15,playing,0
258.6937,-1.8295,0,0,0.2398,0,242.88,playing,0
258.7103,-1.9873,0,0,0.2398,0,246.67,playing,0
258.7268,-1.9873,0,0,0.28207,0,251.02,playing,0
258.7425,-1.1606,0,0,0.28207,0,255.39,playing,0
258.7586,-1.1606,0,0,0.28207,0,260.04,playing,0
258.7747,-1.1606,0,0,0.28207,0,264.98,playing,0
258.7912,-21.0702,1,0,0.29688,0,270.2,playing,0
258.8084,-21.0702,0,0,0.29688,0,263.89,playing,0
258.824,-21.0702,0,0,0.29688,0,258.23,playing,0
258.8395,-15.0844,0,0,0.29688,0,252.85,playing,0
258.8562,-15.0844,0,0,0.24265,0,247.75,playing,0
258.8727,-15.0844,0,0,0.24265,0,242.94,playing,0
258.8885,-9.7677,0,0,0.24265,0,238.14,playing,0
258.9051,1.4509,0,0,0.24265,0,233.91,playing,0
258.9205,14.0351,0,0,0.24588,0,229.96,playing,0
258.9375,14.0351,0,0,0.24588,0,226.29,playing,0
258.9527,14.0351,0,0,0.24588,0,222.9,playing,0
258.9695,14.4073,0,0,0.24588,0,219.79,playing,0
258.9865,14.4073,0,0,0.24588,0,216.81,playing,0
259.0028,14.4073,0,0,0.20208,0,214.14,playing,0
259.0194,7.4467,0,0,0.20208,0,211.91,playing,0
259.0361,7.4467,0,0,0.20208,0,209.86,playing,0
259.0517,7.4467,0,0,0.20208,0,208.22,playing,0
259.0677,4.6811,0,0,0.20208,0,206.85,playing,0
259.0843,4.6811,0,0,0.15204,0,205.77,playing,0
259.1009,1.5871,0,0,0.15204,0,204.94,playing,0
259.117,1.5871,0,0,0.15204,0,204.44,playing,0
259.1326,1.5871,0,0,0.15204,0,204.21,playing,0
259.1494,0.5011,0,0,0.15204,0,204.28,playing,0
259.1667,0.5011,0,0,0.16704,0,204.66,playing,0
259.183,0.5011,0,0,0.16704,0,205.36,playing,0
259.1994,-0.3929,0,0,0.16704,0,206.3,playing,0
259.2164,-0.3929,0,0,0.19693,0,207.62,playing,0
259.2329,-0.3929,0,0,0.19693,0,209.25,playing,0
259.2487,-0.3929,0,0,0.19693,0,211.07,playing,0
259.2654,-0.3929,0,0,0.19693,0,213.17,playing,0
259.282,-1.5385,0,0,0.19693,0,215.73,playing,0
259.2976,-1.5385,0,0,0.27741,1,218.41,playing,0
259.3138,-1.5385,0,0,0.27741,0,221.37,playing,0
259.3304,-1.5385,0,0,0.27741,0,224.62,playing,0
259.3467,-1.5385,0,0,0.25378,0,228.39,playing,0
259.3632,-1.5385,0,0,0.25378,0,232.22,playing,0
259.3805,-1.2874,0,0,0.25378,0,236.6,playing,0
259.3974,-1.2874,0,0,0.25378,0,241.3,playing,0
259.414,-1.2242,0,0,0.2436,0,246.32,playing,0
259.4305,-1.2242,0,0,0.2436,0,251.66,playing,0
259.4471,-1.2242,0,0,0.2436,0,256.97,playing,0
259.4634,-2.5036,0,0,0.2436,0,262.55,playing,0
259.48,-2.5036,0,0,0.2436,0,268.81,playing,0
259.4964,-2.5036,0,0,0.2436,0,274.98,playing,0
259.5129,-18.9419,1,0,0.2436,0,281.85,playing,0
259.5288,-18.9419,0,0,0.26136,0,275.89,playing,0
259.545,-18.9419,0,0,0.26136,0,270.21,playing,0
259.5623,-10.6065,0,0,0.26136,0,264.82,playing,0
259.5795,-10.6065,0,0,0.26136,0,259.1,playing,0
259.5966,-3.9564,0,0,0.20289,0,254.02,playing,0
259.6132,-3.9564,0,0,0.20289,0,249.26,playing,0
259.6304,-3.9564,0,0,0.20289,0,244.82,playing,0
259.6466,8.8435,0,0,0.18599,0,240.7,playing,0
259.6632,8.8435,0,0,0.18599,0,237.1,playing,0
259.6802,8.8435,0,0,0.18599,0,233.59,playing,0
259.6964,13.8246,0,0,0.18599,0,230.4,playing,0
259.7127,13.8246,0,0,0.17387,0,227.68,playing,0
259.729,13.8246,0,0,0.17387,0,225.24,playing,0
259.7451,10.4273,0,0,0.17387,0,223.09,playing,0
259.7607,10.4273,0,0,0.19365,0,221.21,playing,0
259.7768,7.3512,0,0,0.19365,0,219.62,playing,0
259.793,4.9091,0,0,0.19365,0,218.31,playing,0
259.8092,4.9091,0,0,0.19365,0,217.28,playing,0
259.8265,2.9501,0,0,0.19365,0,216.5,playing,0
259.8433,2.9501,0,0,0.22801,1,216.04,playing,0
259.8597,2.9501,0,0,0.22801,0,215.9,playing,0
259.8766,1.2559,0,0,0.22801,0,216.05,playing,0
259.8962,1.2559,0,0,0.22801,0,216.52,playing,0
259.9118,-1.0366,0,0,0.22801,0,217.45,playing,0
259.9284,-1.0366,0,0,0.2231,0,218.52,playing,0
259.9446,-1.0366,0,0,0.2231,0,219.97,playing,0
259.9609,-1.5014,0,0,0.2231,0,221.61,playing,0
259.977,-1.5014,0,0,0.2231,0,223.54,playing,0
259.9924,-1.5014,0,0,0.30973,0,225.74,playing,0
260.0088,-1.776,0,0,0.30973,0,228.23,playing,0
260.0255,-1.776,0,0,0.30973,0,231.01,playing,0
260.0421,-1.776,0,0,0.26551,0,234.27,playing,0
260.0579,-1.6177,0,0,0.26551,0,237.62,playing,0
260.0745,-1.6177,0,0,0.26551,0,241.25,playing,0
260.0905,-1.5965,0,0,0.28086,0,245.43,playing,0
260.1068,-1.5965,0,0,0.28086,0,249.65,playing,0
260.1235,-1.5965,0,0,0.28086,0,254.14,playing,0
260.1396,-1.6745,0,0,0.26071,0,259.24,playing,0
260.1564,-1.6745,0,0,0.26071,0,264.31,playing,0
260.1729,-1.6745,0,0,0.26071,0,270.03,playing,0
260.1888,-2.0162,0,0,0.26071,0,275.68,playing,0
260.2044,-2.0162,0,0,0.26071,0,281.62,playing,0
260.2205,-2.0162,0,0,0.26071,0,287.84,playing,0
260.2365,-5.7622,0,0,0.26071,0,294.35,playing,0
260.2527,-5.7622,0,0,0.29025,0,301.13,playing,0
260.2695,-5.7622,0,0,0.29025,0,308.2,playing,0
260.2865,-5.7622,0,0,0.29025,0,316.02,playing,0
260.3032,-5.7622,0,0,0.284,0,324.16,playing,0
260.3194,-8.7677,1,0,0.284,0,332.11,playing,0
260.3365,-8.7677,0,0,0.284,0,325.8,playing,0
260.3526,-8.7677,0,0,0.284,0,319.8,playing,0
260.3697,8.5314,0,0,0.30972,0,314.44,playing,0
260.3862,8.5314,0,0,0.30972,0,309.07,playing,0
260.4021,8.5314,0,0,0.30972,0,304.29,playing,0
260.4174,13.4641,0,0,0.30972,0,299.79,playing,0
260.434,13.4641,0,0,0.30972,0,295.57,playing,0
260.4503,9.9323,0,0,0.2046,0,291.64,playing,0
260.467,9.9323,0,0,0.2046,0,287.78,playing,0
260.4835,9.9323,0,0,0.2046,0,284.42,playing,0
260.5004,7.561,0,0,0.16255,0,281.18,playing,0
260.5167,7.561,0,0,0.16255,0,278.25,playing,0
260.5334,7.561,0,0,0.16255,0,275.78,playing,0
260.5497,4.0045,0,0,0.16255,0,273.47,playing,0
260.5673,4.0045,0,0,0.19718,0,271.57,playing,0
260.5834,1.9352,0,0,0.19718,0,269.8,playing,1
260.5996,1.9352,0,0,0.19718,0,268.51,playing,1
260.616,1.9352,0,0,0.19718,0,267.49,playing,1
260.6319,0.6643,0,0,0.22945,1,266.76,playing,1
260.6483,0.6643,0,0,0.22945,0,266.31,playing,1
260.6649,0.6643,0,0,0.22945,0,266.15,playing,1
260.6814,-0.9816,0,0,0.26221,0,266.28,playing,1
260.6987,-0.9816,0,0,0.26221,0,266.74,playing,1
260.7149,-0.9816,0,0,0.26221,0,267.52,playing,1
260.7309,-1.2931,0,0,0.26221,0,268.53,playing,1
260.7474,-1.2931,0,0,0.23078,0,269.82,playing,1
260.7639,-1.5983,0,0,0.23078,0,271.51,playing,1
260.7802,-1.5983,0,0,0.23078,0,273.39,playing,1
260.796,-1.5983,0,0,0.23078,0,275.54,playing,1
260.8124,-20.1952,1,0,0.28443,0,277.98,playing,1
260.829,-20.1952,0,0,0.28443,0,271.67,playing,1
260.8446,-20.1952,0,0,0.28443,0,266.01,playing,1
260.8612,-15.7551,0,0,0.26894,0,260.63,playing,1
260.8784,-15.7551,0,0,0.26894,0,255.23,playing,1
260.895,-15.7551,0,0,0.26894,0,250.15,playing,1
260.9111,-3.2452,0,0,0.26894,0,245.66,playing,1
260.9275,-3.2452,0,0,0.17639,0,241.44,playing,1
260.9439,10.7854,0,0,0.17639,0,237.28,playing,1
260.9605,10.7854,0,0,0.17639,0,233.64,playing,1
260.9767,10.7854,0,0,0.17639,0,230.1,playing,1
260.9944,12.4485,0,0,0.17639,0,227.05,playing,1
261.0119,12.4485,0,0,0.16607,0,223.82,playing,1
261.0288,12.4485,0,0,0.16607,0,221.38,playing,1
261.0444,8.954,0,0,0.16607,0,219.1,playing,1
261.0616,8.954,0,0,0.16607,0,217.25,playing,1
261.0778,8.954,0,0,0.20428,0,215.59,playing,1
261.0945,5.4522,0,0,0.20428,0,214.31,playing,1
261.1108,5.4522,0,0,0.20428,0,213.28,playing,1
261.1274,1.9433,0,0,0.23086,1,212.58,playing,1
261.1444,1.9433,0,0,0.23086,0,212.16,playing,1
261.1608,1.9433,0,0,0.23086,0,212.05,playing,1
261.1767,0.7935,0,0,0.27649,0,212.24,playing,1
261.1924,0.7935,0,0,0.27649,0,212.7,playing,1
261.2089,0.7935,0,0,0.27649,0,213.45,playing,1
261.2245,-0.4554,0,0,0.24664,0,214.48,playing,1
261.2406,-0.4554,0,0,0.24664,0,215.79,playing,1
261.2577,-0.4554,0,0,0.24664,0,217.38,playing,1
261.274,-2.0389,0,0,0.24994,0,219.39,playing,1
261.2901,-2.0389,0,0,0.24994,0,221.56,playing,1
261.3059,-1.9987,0,0,0.24994,0,224.02,playing,1
261.3218,-1.9987,0,0,0.26509,0,226.75,playing,1
261.3376,-1.9987,0,0,0.26509,0,229.77,playing,1
261.3537,-2.3671,0,0,0.26509,0,233.07,playing,1
261.3703,-2.3671,0,0,0.26509,0,236.65,playing,1
261.3871,-2.3671,0,0,0.26972,0,240.77,playing,1
261.4026,-2.1025,0,0,0.26972,0,244.94,playing,1
261.4195,-2.1025,0,0,0.26972,0,249.38,playing,1
261.436,-2.1025,0,0,0.26972,0,254.42,playing,1
261.4516,-1.4722,0,0,0.23442,0,259.44,playing,1
261.4684,-1.4722,0,0,0.23442,0,264.75,playing,1
261.4851,-1.4722,0,0,0.23442,0,270.7,playing,1
261.5024,-1.4722,0,0,0.2913,0,276.98,playing,1
261.5187,-1.4722,0,0,0.2913,0,283.57,playing,1
261.5349,-13.2735,1,0,0.2913,0,290.05,playing,1
261.5512,-13.2735,0,0,0.28474,0,284.09,playing,1
261.5679,-13.2735,0,0,0.28474,0,278.08,playing,1
261.584,-13.2735,0,0,0.28474,0,272.7,playing,1
261.6003,-13.2735,0,0,0.27728,0,267.61,playing,1
261.6165,-13.2735,0,0,0.27728,0,262.51,playing,1
261.6329,8.1253,0,0,0.27728,0,257.99,playing,1
261.6488,8.1253,0,0,0.27728,0,253.76,playing,1
261.6651,11.6697,0,0,0.20333,0,249.81,playing,1
261.6809,11.6697,0,0,0.20333,0,246.14,playing,1
261.6973,11.6697,0,0,0.20333,0,242.75,playing,1
261.7145,9.3411,0,0,0.15647,0,239.47,playing,1
261.731,9.3411,0,0,0.15647,0,236.5,playing,1
261.7468,9.3411,0,0,0.15647,0,233.99,playing,1
261.7629,4.9752,0,0,0.15647,0,231.77,playing,1
261.7797,4.9752,0,0,0.15647,0,229.82,playing,1
261.7954,4.9752,0,0,0.14849,0,228.07,playing,1
261.812,2.4998,0,0,0.14849,0,226.71,playing,1
261.8319,2.4998,0,0,0.14849,0,225.62,playing,1
261.849,1.3647,0,0,0.14849,0,224.71,playing,1
261.8676,1.3647,0,0,0.14849,1,224.24,playing,1
261.8844,1.3647,0,0,0.25769,0,224.13,playing,1
261.9006,-0.4186,0,0,0.25769,0,224.35,playing,1
261.9165,-0.4186,0,0,0.25769,0,224.83,playing,1
261.9328,-0.4186,0,0,0.25769,0,225.6,playing,1
261.9488,-1.1053,0,0,0.27699,0,226.64,playing,1
261.965,-1.1053,0,0,0.27699,0,227.97,playing,1
261.9869,-1.7998,0,0,0.27699,0,229.58,playing,1
262.005,-1.7998,0,0,0.27699,0,232.33,playing,1
262.0206,-1.7998,0,0,0.27699,0,234.93,playing,1
262.0374,-1.6134,0,0,0.27699,0,237.52,playing,1
262.0534,-1.6134,0,0,0.27266,0,240.6,playing,1
262.0725,-2.19,0,0,0.27266,0,243.77,playing,1
262.0893,-2.19,0,0,0.27266,0,247.94,playing,1
262.1062,-2.19,0,0,0.27266,0,251.99,playing,1
262.1213,-1.9534,0,0,0.27266,0,256.08,playing,1
262.138,-1.9534,0,0,0.28863,0,260.45,playing,1
262.1545,-1.9534,0,0,0.28863,0,265.11,playing,1
262.1711,-1.9534,0,0,0.28863,0,270.37,playing,1
262.1864,-1.9534,0,0,0.29545,0,275.61,playing,1
262.203,-1.3645,0,0,0.29545,0,281.12,playing,1
262.2202,-21.3212,1,0,0.29545,0,287.3,playing,1
262.2367,-21.3212,0,0,0.28493,0,280.99,playing,1
262.2528,-14.5236,0,0,0.28493,0,275.33,playing,1
262.2694,-14.5236,0,0,0.28493,0,269.96,playing,1
262.2894,-14.5236,0,0,0.28493,0,264.56,playing,1
262.3076,-8.2447,0,0,0.28493,0,258.65,playing,1
262.3241,-8.2447,0,0,0.2845,0,253.69,playing,1
262.3403,6.3727,0,0,0.2845,0,249.56,playing,1
262.3564,14.2703,0,0,0.2845,0,245.49,playing,1
262.3728,14.2703,0,0,0.2845,0,241.95,playing,1
262.3887,13.7772,0,0,0.19513,0,238.68,playing,1
262.4053,13.7772,0,0,0.19513,0,235.7,playing,1
262.4223,13.7772,0,0,0.19513,0,232.85,playing,1
262.4397,8.029,0,0,0.19513,0,230.31,playing,2
262.4572,8.029,0,0,0.12672,0,228.09,playing,2
262.4728,8.029,0,0,0.12672,0,226.19,playing,2
262.4893,5.854,0,0,0.12672,0,224.69,playing,2
262.5059,5.854,0,0,0.16689,0,223.41,playing,2
262.522,3.7746,0,0,0.16689,0,222.48,playing,2
262.538,3.7746,0,0,0.16689,0,221.84,playing,2
262.5536,3.7746,0,0,0.16689,0,221.48,playing,2
262.5703,0.7576,0,0,0.2253,1,221.4,playing,2
262.5869,0.7576,0,0,0.2253,0,221.63,playing,2
262.6035,0.7576,0,0,0.2253,0,222.13,playing,2
262.6204,-0.2659,0,0,0.23381,0,222.98,playing,2
262.637,-0.2659,0,0,0.23381,0,224.15,playing,2
262.6533,-0.9921,0,0,0.23381,0,225.53,playing,2
262.6704,-1.9861,0,0,0.23381,0,227.32,playing,2
262.6877,-1.9861,0,0,0.30207,0,229.42,playing,2
262.705,-2.2277,0,0,0.30207,0,231.84,playing,2
262.7208,-2.2277,0,0,0.30207,0,234.58,playing,2
262.7374,-2.2277,0,0,0.30207,0,237.44,playing,2
262.7535,-2.1667,0,0,0.29925,0,240.79,playing,2
262.7705,-2.1667,0,0,0.29925,0,244.23,playing,2
262.7878,-2.1667,0,0,0.29925,0,248.21,playing,2
262.8039,-2.081,0,0,0.29238,0,252.5,playing,2
262.8206,-2.081,0,0,0.29238,0,256.82,playing,2
262.8367,-2.7861,0,0,0.29238,0,261.72,playing,2
262.8529,-2.7861,0,0,0.29238,0,266.62,playing,2
262.8693,-2.7861,0,0,0.28384,0,271.81,playing,2
262.886,-18.3374,1,0,0.28384,0,277.63,playing,2
262.9021,-18.3374,0,0,0.28384,0,271.67,playing,2
262.9182,-18.3374,0,0,0.29448,0,266.0,playing,2
262.9343,-6.0424,0,0,0.29448,0,260.6,playing,2
262.9509,-6.0424,0,0,0.29448,0,255.19,playing,2
262.9669,-6.0424,0,0,0.29448,0,250.37,playing,2
262.9845,-5.4824,0,0,0.30076,0,245.57,playing,2
263.0015,-5.4824,0,0,0.30076,0,241.1,playing,2
263.0184,13.2705,0,0,0.30076,0,236.93,playing,2
263.0373,13.2705,0,0,0.30076,0,233.09,playing,2
263.0534,13.2705,0,0,0.19371,0,229.38,playing,2
263.0696,12.9979,0,0,0.19371,0,226.19,playing,2
263.0859,12.9979,0,0,0.19371,0,223.47,playing,2
263.1022,12.9979,0,0,0.16976,0,221.03,playing,2
263.1184,10.1765,0,0,0.16976,0,218.87,playing,2
263.1345,10.1765,0,0,0.16976,0,216.9,playing,2
263.151,4.9437,0,0,0.12572,0,215.32,playing,2
263.1669,4.9437,0,0,0.12572,0,214.03,playing,2
263.1825,4.9437,0,0,0.12572,0,213.02,playing,2
263.1996,3.2057,0,0,0.12572,0,212.28,playing,2
263.2163,3.2057,0,0,0.20984,0,211.83,playing,2
263.2324,3.2057,0,0,0.20984,0,211.68,playing,2
263.2484,-0.2514,0,0,0.20984,0,211.83,playing,2
263.2655,-0.2514,0,0,0.24305,1,212.26,playing,2
263.2835,-1.0936,0,0,0.24305,0,213.04,playing,2
263.3002,-1.0936,0,0,0.24305,0,214.22,playing,2
263.3166,-1.0936,0,0,0.24305,0,215.54,playing,2
263.3333,-1.8721,0,0,0.28782,0,217.27,playing,2
263.3499,-1.8721,0,0,0.28782,0,219.32,playing,2
263.3662,-1.8721,0,0,0.28782,0,221.53,playing,2
263.3825,-2.3811,0,0,0.28782,0,224.02,playing,2
263.4003,-2.3811,0,0,0.28842,0,227.17,playing,2
263.4164,-2.3811,0,0,0.28842,0,230.47,playing,2
263.4336,-2.2693,0,0,0.28842,0,233.86,playing,2
263.45,-2.2693,0,0,0.2542,0,237.78,playing,2
263.4662,-2.903,0,0,0.2542,0,241.75,playing,2
263.4819,-2.903,0,0,0.2542,0,246.0,playing,2
263.4979,-2.903,0,0,0.26907,0,250.53,playing,2
263.5134,-18.3234,1,0,0.26907,0,255.34,playing,2
263.53,-18.3234,0,0,0.26907,0,249.38,playing,2
263.546,-18.3234,0,0,0.2461,0,243.7,playing,2
263.5623,-11.5169,0,0,0.2461,0,238.31,playing,2
263.579,-11.5169,0,0,0.2461,0,232.89,playing,2
263.5945,-11.5169,0,0,0.18883,0,228.08,playing,2
263.6113,-6.4768,0,0,0.18883,0,223.55,playing,2
263.6279,-6.4768,0,0,0.18883,0,219.05,playing,2
263.6445,-6.4768,0,0,0.18883,0,215.1,playing,2
263.6616,-6.4768,0,0,0.18671,0,211.22,playing,2
263.6786,-6.4768,0,0,0.18671,0,207.65,playing,2
263.695,18.9163,0,0,0.18671,0,204.41,playing,2
263.711,18.9163,0,0,0.18671,0,201.63,playing,2
263.7266,18.9163,0,0,0.18671,0,199.14,playing,2
263.7434,16.576,0,0,0.18671,0,196.93,playing,2
263.76,16.576,0,0,0.15436,0,194.9,playing,2
263.7765,16.576,0,0,0.15436,0,193.28,playing,2
263.7931,9.1347,0,0,0.15436,0,191.86,playing,2
263.8098,9.1347,0,0,0.19572,0,190.77,playing,2
263.8261,6.5911,0,0,0.19572,0,190.02,playing,2
263.8418,6.5911,0,0,0.19572,0,189.55,playing,2
263.8574,6.5911,0,0,0.21904,0,189.37,playing,2
263.8735,3.6549,0,0,0.21904,0,189.46,playing,2
263.8902,3.6549,0,0,0.21904,0,189.84,playing,2
263.9067,3.6549,0,0,0.27686,1,190.56,playing,2
263.9229,0.3459,0,0,0.27686,0,191.52,playing,2
263.9391,0.3459,0,0,0.27686,0,192.76,playing,2
263.955,0.3459,0,0,0.2686,0,194.28,playing,2
263.9706,-1.7508,0,0,0.2686,0,196.08,playing,2
263.9869,-1.7508,0,0,0.2686,0,198.17,playing,2
264.0036,-1.7508,0,0,0.22402,0,200.53,playing,2
264.0202,-2.528,0,0,0.22402,0,203.37,playing,2
264.037,-2.528,0,0,0.22402,0,206.52,playing,2
264.0525,-2.9572,0,0,0.22402,0,209.76,playing,2
264.0687,-2.9572,0,0,0.25047,0,213.29,playing,2
264.0848,-2.9572,0,0,0.25047,0,217.1,playing,2
264.1005,-3.2083,0,0,0.25047,0,221.19,playing,2
264.1171,-3.2083,0,0,0.25047,0,225.56,playing,2
264.1338,-3.2083,0,0,0.25047,0,230.53,playing,2
264.1505,-13.6079,1,0,0.25047,0,235.48,playing,2
264.1676,-13.6079,0,0,0.25047,0,229.17,playing,2
264.1834,-20.7749,0,0,0.25419,0,223.17,playing,2
264.2008,-20.7749,0,0,0.25419,0,217.81,playing,2
264.2173,-20.7749,0,0,0.25419,0,212.44,playing,2
264.2335,-7.0348,0,0,0.25419,0,207.38,playing,2
264.2501,-7.0348,0,0,0.24373,0,202.9,playing,2
264.2662,-7.0348,0,0,0.24373,0,198.7,playing,2
264.2824,8.5586,0,0,0.24373,0,194.78,playing,3
264.2987,8.5586,0,0,0.24373,0,190.94,playing,3
264.3154,8.5586,0,0,0.21318,0,187.6,playing,3
264.332,11.5726,0,0,0.21318,0,184.38,playing,3
264.3483,11.5726,0,0,0.21318,0,181.62,playing,3
264.3645,8.7671,0,0,0.21318,0,179.01,playing,3
264.3816,8.7671,0,0,0.18094,0,176.84,playing,3
264.3983,8.7671,0,0,0.18094,0,174.85,playing,3
264.4149,6.5611,0,0,0.18094,0,173.17,playing,3
264.4312,6.5611,0,0,0.15267,0,171.88,playing,3
264.4484,6.5611,0,0,0.15267,0,170.82,playing,3
264.4652,4.4577,0,0,0.15267,0,170.08,playing,3
264.4825,4.4577,0,0,0.14237,0,169.66,playing,3
264.5,1.9445,0,0,0.14237,0,169.55,playing,3
264.5166,1.9445,0,0,0.14237,0,169.77,playing,3
264.5327,1.9445,0,0,0.18261,0,170.3,playing,3
264.5495,-0.1073,0,0,0.18261,0,171.08,playing,3
264.5658,-0.1073,0,0,0.18261,0,172.23,playing,3
264.582,-0.1073,0,0,0.23559,1,173.6,playing,3
264.598,-0.7579,0,0,0.23559,0,175.24,playing,3
264.6144,-0.7579,0,0,0.23559,0,177.17,playing,3
264.6307,-0.7579,0,0,0.26305,0,179.53,playing,3
264.6468,-2.0811,0,0,0.26305,0,182.04,playing,3
264.6636,-2.0811,0,0,0.26305,0,184.83,playing,3
264.6797,-3.0159,0,0,0.27039,0,188.11,playing,3
264.6955,-3.4243,0,0,0.27039,0,191.48,playing,3
264.7118,-3.4243,0,0,0.27039,0,195.13,playing,3
264.7284,-2.9963,0,0,0.27039,0,199.06,playing,3
264.745,-2.9963,0,0,0.23519,0,203.56,playing,3
264.7612,-2.9963,0,0,0.23519,0,208.07,playing,3
264.7781,-2.9588,0,0,0.23519,0,213.19,playing,3
264.7937,-2.9588,0,0,0.23519,0,218.28,playing,3
264.8099,-2.9588,0,0,0.23519,0,223.66,playing,3
264.8263,-19.703,1,0,0.23519,0,229.31,playing,3
264.8431,-19.703,0,0,0.25046,0,223.0,playing,3
264.8596,-17.7436,0,0,0.25046,0,217.01,playing,3
264.8765,-17.7436,0,0,0.25046,0,211.65,playing,3
264.8931,-17.7436,0,0,0.25046,0,206.27,playing,3
264.9092,-9.9415,0,0,0.17498,0,201.49,playing,3
264.9265,6.9733,0,0,0.17498,0,196.73,playing,3
264.9431,6.9733,0,0,0.17498,0,192.29,playing,3
264.9592,12.6367,0,0,0.17498,0,188.39,playing,3
264.9754,12.6367,0,0,0.15384,0,184.77,playing,3
264.9925,12.6367,0,0,0.15384,0,181.25,playing,3
265.0087,12.6367,0,0,0.15384,0,178.04,playing,3
265.0249,12.6367,0,0,0.13269,0,175.3,playing,3
265.0421,11.9167,0,0,0.13269,0,172.71,playing,3
265.0584,11.9167,0,0,0.13269,0,170.55,playing,3
265.0755,11.9167,0,0,0.15445,0,168.58,playing,3
265.092,4.2889,0,0,0.15445,0,166.92,playing,3
265.1075,4.2889,0,0,0.15445,0,165.65,playing,3
265.1241,4.2889,0,0,0.24989,1,164.65,playing,3
265.1404,1.9686,0,0,0.24989,0,163.94,playing,3
265.1569,1.9686,0,0,0.24989,0,163.5,playing,3
265.173,0.7742,0,0,0.24989,0,163.37,playing,3
265.19,0.7742,0,0,0.2735,0,163.54,playing,3
265.2061,0.7742,0,0,0.2735,0,163.99,playing,3
265.2218,-1.0861,0,0,0.2735,0,164.72,playing,3
265.2378,-1.0861,0,0,0.29717,0,165.73,playing,3
265.2537,-1.0861,0,0,0.29717,0,167.02,playing,3
265.2694,-1.9846,0,0,0.29717,0,168.6,playing,3
265.2856,-1.9846,0,0,0.29717,0,170.45,playing,3
265.3023,-1.9846,0,0,0.27266,0,172.59,playing,3
265.3184,-1.9846,0,0,0.27266,0,175.18,playing,3
265.3348,-1.8246,0,0,0.27266,0,177.9,playing,3
265.3505,-1.8246,0,0,0.27266,0,180.9,playing,3
265.3665,-1.7781,0,0,0.27643,0,184.18,playing,3
265.3836,-1.7781,0,0,0.27643,0,187.74,playing,3
265.4001,-1.3889,0,0,0.27643,0,191.85,playing,3
265.4157,-1.3889,0,0,0.27643,0,195.99,playing,3
265.432,-1.3889,0,0,0.27337,0,200.42,playing,3
265.4479,-0.9324,0,0,0.27337,0,205.12,playing,3
265.4641,-0.9324,0,0,0.27337,0,210.11,playing,3
265.4798,-0.9324,0,0,0.27337,0,215.38,playing,3
265.496,-0.7918,0,0,0.27337,0,220.94,playing,3
265.5116,-0.7918,0,0,0.27337,0,226.77,playing,3
265.528,-0.7918,0,0,0.27333,0,232.88,playing,3
265.5445,-17.0917,1,0,0.27333,0,239.28,playing,3
265.5606,-17.0917,0,0,0.27333,0,232.97,playing,3
265.5773,-17.0917,0,0,0.27333,0,227.31,playing,3
265.5945,-16.3554,0,0,0.26224,0,221.61,playing,3
265.6109,-16.3554,0,0,0.26224,0,216.24,playing,3
265.6266,-10.5982,0,0,0.26224,0,211.46,playing,3
265.6425,-10.5982,0,0,0.26121,0,206.96,playing,3
265.6587,-10.5982,0,0,0.26121,0,202.75,playing,3
265.6756,13.9119,0,0,0.26121,0,198.81,playing,3
265.6921,13.9119,0,0,0.16112,0,194.95,playing,3
265.7077,13.9119,0,0,0.16112,0,191.59,playing,3
265.7242,13.5033,0,0,0.16112,0,188.52,dead,3
265.7404,13.5033,0,0,0.16112,0,185.73,dead,3
265.7568,13.5033,0,0,0.13102,0,183.09,dead,3
265.7729,7.7954,0,0,0.13102,0,180.88,dead,3
265.7891,7.7954,0,0,0.13102,0,178.95,dead,3
265.8052,5.4354,0,0,0.177,0,177.3,dead,3
265.8225,5.4354,0,0,0.177,0,175.87,dead,3
265.8396,5.4354,0,0,0.177,0,174.76,dead,3
265.8562,4.0308,0,0,0.2497,1,173.96,dead,3
265.8722,4.0308,0,0,0.2497,0,173.49,dead,3
265.8895,4.0308,0,0,0.2497,0,173.32,dead,3
265.9059,0.9266,0,0,0.2497,0,173.45,dead,3
265.9221,0.9266,0,0,0.23814,0,173.87,dead,3
265.9377,0.9266,0,0,0.23814,0,174.56,dead,3
265.9544,0.9266,0,0,0.23814,0,175.54,dead,3
265.9715,0.9266,0,0,0.28435,0,176.89,dead,3
265.9886,-2.2363,0,0,0.28435,0,178.57,dead,3
266.0048,-2.2363,0,0,0.28435,0,180.56,dead,3
266.0225,-2.2363,0,0,0.28435,0,182.71,dead,3
266.0394,-2.2231,0,0,0.26691,0,185.49,dead,3
266.0556,-2.2231,0,0,0.26691,0,188.44,dead,3
266.0721,-2.2231,0,0,0.26691,0,191.49,dead,3
266.0878,-2.3952,0,0,0.26108,0,194.82,dead,3
266.1036,-2.3952,0,0,0.26108,0,198.44,dead,3
266.1197,-1.297,0,0,0.26108,0,202.34,dead,3
266.136,-1.297,0,0,0.29191,0,206.52,dead,3
266.1525,-1.297,0,0,0.29191,0,210.98,dead,3
266.1694,-1.2483,0,0,0.29191,0,216.04,dead,3
266.186,-1.2483,0,0,0.29191,0,221.41,dead,3
266.2023,-1.2483,0,0,0.26954,0,226.75,dead,3
266.219,-20.2715,1,0,0.26954,0,232.74,dead,3
266.2351,-20.2715,0,0,0.26954,0,285.0,playing,0
266.2506,-20.2715,0,0,0.28676,0,279.04,playing,0
266.2673,-13.2619,0,0,0.28676,0,273.36,playing,0
266.2836,-13.2619,0,0,0.28676,0,267.65,playing,0
266.3003,-13.2619,0,0,0.28676,0,262.56,playing,0
266.3171,-13.2619,0,0,0.25073,0,257.46,playing,0
266.3332,-13.2619,0,0,0.25073,0,252.94,playing,0
266.3493,13.4796,0,0,0.25073,0,248.71,playing,0
266.366,13.4796,0,0,0.25073,0,244.53,playing,0
266.3816,13.4796,0,0,0.19381,0,240.88,playing,0
266.3978,11.0577,0,0,0.19381,0,237.51,playing,0
266.4139,11.0577,0,0,0.19381,0,234.42,playing,0
266.4296,11.0577,0,0,0.19381,0,231.61,playing,0
266.4457,6.9401,0,0,0.16446,0,229.08,playing,0
266.4623,6.9401,0,0,0.16446,0,226.84,playing,0
266.4794,4.8243,0,0,0.16446,0,224.77,playing,0
266.4962,4.8243,0,0,0.16446,0,223.02,playing,0
266.5129,4.8243,0,0,0.1411,0,221.59,playing,0
266.529,3.2432,0,0,0.1411,0,220.52,playing,0
266.5457,3.2432,0,0,0.1411,0,219.74,playing,0
266.5625,3.2432,0,0,0.17609,0,219.22,playing,0
266.5786,0.7689,0,0,0.17609,0,219.03,playing,0
266.5953,0.7689,0,0,0.17609,0,219.12,playing,0
266.612,0.7689,0,0,0.17609,0,219.54,playing,0
266.6282,-0.2181,0,0,0.27392,1,220.22,playing,0
266.6453,-0.2181,0,0,0.27392,0,221.26,playing,0
266.662,-2.6843,0,0,0.27392,0,222.61,playing,0
266.6786,-2.6843,0,0,0.24663,0,224.17,playing,0
266.695,-2.6843,0,0,0.24663,0,226.14,playing,0
266.7106,-2.3471,0,0,0.24663,0,228.28,playing,0
266.727,-2.3471,0,0,0.272,0,230.7,playing,0
266.7429,-2.3471,0,0,0.272,0,233.4,playing,0
266.7595,-2.559,0,0,0.272,0,236.38,playing,0
266.7755,-2.559,0,0,0.27308,0,239.87,playing,0
266.7926,-2.559,0,0,0.27308,0,243.43,playing,0
266.8088,-2.9958,0,0,0.27308,0,247.53,playing,0
266.8255,-2.9958,0,0,0.30334,0,251.68,playing,0
266.8421,-2.5264,0,0,0.30334,0,256.4,playing,0
266.8584,-2.5264,0,0,0.30334,0,261.12,playing,0
266.8765,-2.5264,0,0,0.30334,0,266.46,playing,0
266.8927,-2.1461,0,0,0.29844,0,272.47,playing,0
266.9091,-2.1461,0,0,0.29844,0,278.09,playing,0
266.9253,-2.1461,0,0,0.29844,0,284.0,playing,0
266.9419,-20.3693,1,0,0.28676,0,290.59,playing,0
266.9583,-20.3693,0,0,0.28676,0,284.63,playing,0
266.975,-13.3462,0,0,0.28676,0,278.62,playing,0
266.9916,-13.3462,0,0,0.27292,0,273.24,playing,0
267.0079,-13.3462,0,0,0.27292,0,267.84,playing,0
267.0234,6.6269,0,0,0.27292,0,263.05,playing,0
267.0401,6.6269,0,0,0.27292,0,258.53,playing,0
267.0563,6.6269,0,0,0.20791,0,254.3,playing,0
267.0725,16.385,0,0,0.20791,0,250.12,playing,0
267.0885,16.385,0,0,0.20791,0,246.46,playing,0
267.1051,16.385,0,0,0.20791,0,243.09,playing,0
267.1213,11.8994,0,0,0.1747,0,239.83,playing,0
267.1384,11.8994,0,0,0.1747,0,237.04,playing,0
267.1555,9.0019,0,0,0.1747,0,234.39,playing,0
267.1716,9.0019,0,0,0.16535,0,232.06,playing,0
267.1881,9.0019,0,0,0.16535,0,230.15,playing,0
267.2044,4.1159,0,0,0.16535,0,228.52,playing,0
267.2215,4.1159,0,0,0.15402,0,227.11,playing,0
267.2383,4.1159,0,0,0.15402,0,226.02,playing,0
267.2544,2.5201,0,0,0.15402,0,225.24,playing,0
267.2722,2.5201,0,0,0.15402,0,224.79,playing,0
267.2893,1.1903,0,0,0.17348,0,224.64,playing,0
267.306,1.1903,0,0,0.17348,0,224.82,playing,0
267.3221,1.1903,0,0,0.17348,0,225.26,playing,0
267.3383,-1.7981,0,0,0.25373,1,225.99,playing,0
267.3549,-1.7981,0,0,0.25373,0,227.09,playing,0
267.371,-1.7981,0,0,0.25373,0,228.4,playing,0
267.387,-3.1372,0,0,0.25373,0,229.99,playing,0
267.4031,-3.1372,0,0,0.272,0,231.86,playing,0
267.4187,-3.1372,0,0,0.272,0,234.02,playing,0
267.4346,-3.1372,0,0,0.272,0,236.46,playing,0
267.4514,-3.1372,0,0,0.25815,0,239.17,playing,0
267.4677,-3.1372,0,0,0.25815,0,242.38,playing,0
267.484,-2.9195,0,0,0.25815,0,245.68,playing,0
267.5001,-2.9195,0,0,0.30334,0,249.26,playing,0
267.5159,-4.6299,0,0,0.30334,0,253.12,playing,0
267.5334,-4.6299,0,0,0.30334,0,257.54,playing,0
267.552,-4.6299,0,0,0.25735,0,262.28,playing,0
267.5695,-17.2652,1,0,0.25735,0,267.98,playing,0
267.5861,-17.2652,0,0,0.25735,0,261.67,playing,0
267.6016,-17.2652,0,0,0.25735,0,256.01,playing,0
267.6185,-9.6742,0,0,0.28342,0,250.63,playing,0
267.6346,-9.6742,0,0,0.28342,0,245.23,playing,0
267.6511,13.9607,0,0,0.28342,0,240.44,playing,0
267.6669,13.9607,0,0,0.1852,0,235.92,playing,0
267.6829,13.9607,0,0,0.1852,0,231.69,playing,0
267.6995,13.0183,0,0,0.1852,0,227.74,playing,0
267.7165,13.0183,0,0,0.15587,0,223.85,playing,0
267.7326,13.0183,0,0,0.15587,0,220.29,playing,0
267.7494,10.531,0,0,0.15587,0,217.22,playing,0
267.7666,10.531,0,0,0.15587,0,214.27,playing,0
267.7829,7.6578,0,0,0.21592,0,211.65,playing,0
267.7986,5.425,0,0,0.21592,0,209.45,playing,0
267.8148,5.425,0,0,0.21592,0,207.54,playing,0
267.8309,3.9022,0,0,0.21877,0,205.91,playing,0
267.8468,3.9022,0,0,0.21877,0,204.57,playing,0
267.8629,3.9022,0,0,0.21877,0,203.5,playing,0
267.8786,0.6196,0,0,0.24664,1,202.72,playing,0
267.8946,0.6196,0,0,0.24664,0,202.21,playing,0
267.9106,0.6196,0,0,0.24664,0,201.99,playing,0
267.9265,-0.2443,0,0,0.24664,0,202.05,playing,0
267.943,-0.2443,0,0,0.23922,0,202.4,playing,0
267.9591,-0.2443,0,0,0.23922,0,203.02,playing,0
267.9752,-0.9071,0,0,0.23922,0,203.93,playing,0
267.9912,-0.9071,0,0,0.25851,0,205.11,playing,0
268.0075,-0.9071,0,0,0.25851,0,206.58,playing,0
268.0238,-2.479,0,0,0.25851,0,208.46,playing,0
268.0403,-2.479,0,0,0.25851,0,210.51,playing,0
268.0565,-2.7374,0,0,0.2577,0,213.01,playing,0
268.0732,-2.7374,0,0,0.2577,0,215.64,playing,0
268.0894,-2.7374,0,0,0.2577,0,218.55,playing,0
268.1056,-3.3009,0,0,0.28597,0,221.96,playing,0
268.1226,-3.3009,0,0,0.28597,0,225.45,playing,0
268.1386,-3.3009,0,0,0.28597,0,229.48,playing,0
268.1547,-3.3009,0,0,0.28597,0,233.56,playing,0
268.1719,-3.3009,0,0,0.30695,0,238.2,playing,0
268.1876,-3.3009,0,0,0.30695,0,242.86,playing,0
268.2037,-2.9672,0,0,0.30695,0,247.79,playing,0
268.2195,-2.9672,0,0,0.28013,0,253.01,playing,0
268.2358,-17.4679,1,0,0.28013,0,258.51,playing,0
268.2515,-17.4679,0,0,0.28013,0,252.55,playing,0
268.2676,-17.4679,0,0,0.28336,0,246.87,playing,0
268.2843,-10.495,0,0,0.28336,0,241.48,playing,0
268.3014,-10.495,0,0,0.28336,0,236.06,playing,0
268.3177,-10.495,0,0,0.26914,0,230.97,playing,0
268.3335,15.7486,0,0,0.26914,0,226.45,playing,0
268.3503,15.7486,0,0,0.26914,0,222.22,playing,0
268.3681,15.7486,0,0,0.26914,0,218.04,playing,0
268.3849,15.615,0,0,0.17969,0,213.97,playing,0
268.4004,15.615,0,0,0.17969,0,210.63,playing,0
268.4168,12.6832,0,0,0.17969,0,207.58,playing,0
268.433,12.6832,0,0,0.14135,0,204.81,playing,0
268.4494,12.6832,0,0,0.14135,0,202.31,playing,0
268.4661,6.9055,0,0,0.14135,0,199.99,playing,0
268.4816,6.9055,0,0,0.14135,0,198.08,playing,0
268.4976,6.9055,0,0,0.17895,0,196.45,playing,0
268.5138,4.2601,0,0,0.17895,0,195.1,playing,0
268.5295,4.2601,0,0,0.17895,0,194.03,playing,0
268.5456,4.2601,0,0,0.17895,1,193.25,playing,0
268.5622,2.5937,0,0,0.25046,0,192.75,playing,0
268.5794,2.5937,0,0,0.25046,0,192.53,playing,0
268.5965,0.0317,0,0,0.25046,0,192.63,playing,0
268.6128,0.0317,0,0,0.25793,0,193.05,playing,0
268.6284,0.0317,0,0,0.25793,0,193.73,playing,0
268.645,-0.797,0,0,0.25793,0,194.69,playing,0
268.6616,-0.797,0,0,0.27143,0,195.93,playing,0
268.6776,-0.797,0,0,0.27143,0,197.56,playing,1
268.6936,-1.4769,0,0,0.27143,0,199.38,playing,1
268.71,-1.4769,0,0,0.25373,0,201.49,playing,1
268.7263,-1.4769,0,0,0.25373,0,203.87,playing,1
268.7435,-1.6927,0,0,0.25373,0,206.72,playing,1
268.7599,-1.6927,0,0,0.26471,0,209.89,playing,1
268.7763,-2.2674,0,0,0.26471,0,213.15,playing,1
268.7936,-2.2674,0,0,0.26471,0,216.94,playing,1
268.8103,-2.2674,0,0,0.26471,0,221.04,playing,1
268.8306,-16.2854,1,0,0.27982,0,225.47,playing,1
268.8465,-16.2854,0,0,0.27982,0,218.11,playing,1
268.8635,-13.5834,0,0,0.27982,0,212.5,playing,1
268.8801,-13.5834,0,0,0.27982,0,206.86,playing,1
268.8967,-13.5834,0,0,0.26221,0,201.84,playing,1
268.9123,-13.5834,0,0,0.26221,0,196.81,playing,1
268.9295,-9.1143,0,0,0.26221,0,192.37,playing,1
268.9456,-9.1143,0,0,0.26221,0,187.96,playing,1
268.9634,-4.5517,0,0,0.26221,0,184.1,playing,1
268.9794,-4.5517,0,0,0.19972,0,180.11,playing,1
268.996,-4.5517,0,0,0.19972,0,176.84,playing,1
269.0123,18.3186,0,0,0.19972,0,173.86,playing,1
269.0306,18.3186,0,0,0.19972,0,171.01,playing,1
269.0473,19.0639,0,0,0.14551,0,168.34,playing,1
269.0641,19.0639,0,0,0.14551,0,166.14,playing,1
269.0808,19.0639,0,0,0.14551,0,164.26,playing,1
269.0973,15.4845,0,0,0.1506,0,162.78,playing,1
269.1145,15.4845,0,0,0.1506,0,161.51,playing,1
269.1311,15.4845,0,0,0.1506,0,160.57,playing,1
269.1467,7.5912,0,0,0.13496,0,159.96,playing,1
269.1629,7.5912,0,0,0.13496,0,159.63,playing,1
269.1792,5.1741,0,0,0.13496,0,159.59,playing,1
269.1959,5.1741,0,0,0.13496,0,159.83,playing,1
269.2135,5.1741,0,0,0.157,0,160.45,playing,1
269.2297,2.857,0,0,0.157,0,161.35,playing,1
269.2487,2.857,0,0,0.157,0,162.49,playing,1
269.2649,2.857,0,0,0.157,0,164.23,playing,1
269.2836,-0.7498,0,0,0.157,1,166.11,playing,1
269.3,-0.7498,0,0,0.23743,0,168.46,playing,1
269.3158,-1.3463,0,0,0.23743,0,170.82,playing,1
269.332,-1.3463,0,0,0.23743,0,173.47,playing,1
269.348,-1.3463,0,0,0.23743,0,176.4,playing,1
269.3646,-2.8992,0,0,0.26954,0,179.61,playing,1
269.3816,-2.8992,0,0,0.26954,0,183.34,playing,1
269.3978,-2.8992,0,0,0.26954,0,187.39,playing,1
269.414,-3.2322,0,0,0.2615,0,191.48,playing,1
269.4299,-3.2322,0,0,0.2615,0,195.85,playing,1
269.446,-3.2322,0,0,0.2615,0,200.51,playing,1
269.4626,-2.8313,0,0,0.28516,0,205.44,playing,1
269.4792,-2.8313,0,0,0.28516,0,211.01,playing,1
269.496,-3.5569,0,0,0.28516,0,216.89,playing,1
269.512,-3.5569,0,0,0.23474,0,222.7,playing,1
269.5281,-3.5569,0,0,0.23474,0,228.8,playing,1
269.5442,-3.5569,0,0,0.23474,0,235.18,playing,1
269.56,-3.5569,0,0,0.28474,0,241.84,playing,1
269.5767,-3.5569,0,0,0.28474,0,249.24,playing,1
269.5935,-10.2341,1,0,0.28474,0,256.48,playing,1
269.6105,-10.2341,0,0,0.28788,0,250.17,playing,1
269.6271,-10.2341,0,0,0.28788,0,244.17,playing,1
269.643,6.4678,0,0,0.28788,0,238.81,playing,1
269.6584,6.4678,0,0,0.24231,0,233.73,playing,1
269.675,10.911,0,0,0.24231,0,228.94,playing,1
269.6913,10.911,0,0,0.24231,0,224.42,playing,1
269.7076,10.911,0,0,0.24231,0,219.94,playing,1
269.7243,10.911,0,0,0.24231,0,216.01,playing,1
269.7416,10.911,0,0,0.24231,0,212.14,playing,1
269.7578,10.911,0,0,0.18253,0,208.6,playing,1
269.7737,4.7805,0,0,0.18253,0,205.55,playing,1
269.7899,4.7805,0,0,0.18253,0,202.77,playing,1
269.8063,4.7805,0,0,0.2622,1,200.28,playing,1
269.8231,3.0733,0,0,0.2622,0,197.95,playing,1
269.8392,3.0733,0,0,0.2622,0,196.04,playing,1
269.8544,1.984,0,0,0.25379,0,194.41,playing,1
269.8717,1.984,0,0,0.25379,0,193.07,playing,1
269.8885,1.984,0,0,0.25379,0,191.95,playing,1
269.906,0.4395,0,0,0.25379,0,191.16,playing,1
269.9216,0.4395,0,0,0.28024,0,190.68,playing,1
269.938,0.4395,0,0,0.28024,0,190.51,playing,1
269.9543,-0.32,0,0,0.28024,0,190.62,playing,1
269.9715,-0.32,0,0,0.31359,0,191.06,playing,1
269.9882,-0.32,0,0,0.31359,0,191.82,playing,1
270.0048,-0.8968,0,0,0.31359,0,192.89,playing,1
270.0216,-0.8968,0,0,0.31359,0,194.19,playing,1
270.0383,-1.4602,0,0,0.28892,0,195.88,playing,1
270.0556,-1.4602,0,0,0.28892,0,197.89,playing,1
270.0725,-1.4602,0,0,0.28892,0,200.22,playing,1
270.0888,-1.8243,0,0,0.28892,0,202.86,playing,1
270.1056,-1.8243,0,0,0.28892,0,205.63,playing,1
270.1216,-1.8243,0,0,0.29412,0,208.89,playing,1
270.1378,-8.2177,0,0,0.29412,0,212.25,playing,1
270.1541,-8.2177,0,0,0.29412,0,215.88,playing,1
270.1704,-8.2177,0,0,0.29412,0,219.79,playing,1
270.1871,-19.2705,1,0,0.30379,0,224.27,playing,1
270.2027,-19.2705,0,0,0.30379,0,218.31,playing,1
270.2185,0.2834,0,0,0.30379,0,212.64,playing,1
270.235,0.2834,0,0,0.30379,0,207.24,playing,1
270.2506,0.2834,0,0,0.2168,0,202.13,playing,1
270.2667,-6.0128,0,0,0.2168,0,197.3,playing,1
270.2831,-6.0128,0,0,0.2168,0,192.75,playing,1
270.2984,-6.0128,0,0,0.20644,0,188.48,playing,1
270.315,7.2047,0,0,0.20644,0,184.49,playing,1
270.331,7.2047,0,0,0.20644,0,180.78,dead,1
270.3474,7.2047,0,0,0.20644,0,177.36,dead,1
270.3644,11.7417,0,0,0.21626,0,174.04,dead,1
270.3816,11.7417,0,0,0.21626,0,171.04,dead,1
270.3979,9.6833,0,0,0.21626,0,168.35,dead,1
270.4141,9.6833,0,0,0.13056,0,166.11,dead,1
270.4302,9.6833,0,0,0.13056,0,164.15,dead,1
270.4458,4.6803,0,0,0.13056,0,162.46,dead,1
270.4621,4.6803,0,0,0.13056,0,161.06,dead,1
270.4779,4.6803,0,0,0.15295,0,159.95,dead,1
270.4946,2.6905,0,0,0.15295,0,159.11,dead,1
270.511,2.6905,0,0,0.15295,0,158.54,dead,1
270.5274,2.6905,0,0,0.27972,1,158.28,dead,1
270.544,1.5945,0,0,0.27972,0,158.33,dead,1
270.5597,1.5945,0,0,0.27972,0,158.65,dead,1
270.5764,0.147,0,0,0.27881,0,159.26,dead,1
270.593,0.147,0,0,0.27881,0,160.22,dead,1
270.6096,0.147,0,0,0.27881,0,161.41,dead,1
270.6264,-0.5759,0,0,0.27881,0,162.99,dead,1
270.643,-0.5759,0,0,0.27576,0,164.89,dead,1
270.6583,-0.5759,0,0,0.27576,0,166.95,dead,1
270.6751,-1.5092,0,0,0.27576,0,169.3,dead,1
270.6924,-1.5092,0,0,0.27576,0,171.93,dead,1
270.7091,-1.7981,0,0,0.27241,0,175.25,dead,1
270.7259,-1.9663,0,0,0.27241,0,178.7,dead,1
270.7425,-1.9663,0,0,0.27241,0,182.22,dead,1
270.7586,-1.3764,0,0,0.26914,0,186.29,dead,1
270.7755,-1.3764,0,0,0.26914,0,190.4,dead,1
270.7921,-1.3764,0,0,0.26914,0,195.08,dead,1
270.8085,-1.0869,0,0,0.26914,0,199.77,dead,1
270.825,-1.0869,0,0,0.28519,0,205.07,dead,1
270.8416,-1.0869,0,0,0.28519,0,210.34,dead,1
270.8583,-1.0847,0,0,0.28519,0,216.26,dead,1
270.8745,-1.0847,0,0,0.28474,0,222.5,dead,1
270.8905,-5.2943,0,0,0.28474,0,228.65,dead,1
270.9067,-5.2943,0,0,0.28474,0,235.08,dead,1
270.9234,-5.2943,0,0,0.28241,0,241.79,dead,1
270.9395,-22.5945,1,0,0.28241,0,249.24,dead,1
270.9556,-22.5945,0,0,0.28241,0,285.0,playing,0
270.9723,-22.5945,0,0,0.27736,0,279.04,playing,0
270.989,-15.8528,0,0,0.27736,0,273.03,playing,0
271.0052,-15.8528,0,0,0.27736,0,267.65,playing,0
271.0209,-15.8528,0,0,0.22739,0,262.56,playing,0
271.0368,8.6757,0,0,0.22739,0,257.74,playing,0
271.0535,8.6757,0,0,0.22739,0,253.21,playing,0
271.0698,13.8522,0,0,0.22739,0,248.71,playing,0
271.0855,13.8522,0,0,0.22739,0,244.76,playing,0
271.1021,13.8522,0,0,0.22739,0,241.09,playing,0
271.1183,10.012,0,0,0.22739,0,237.7,playing,0
271.1362,10.012,0,0,0.22739,0,234.42,playing,0
271.1533,10.012,0,0,0.14826,0,231.3,playing,0
271.1701,7.541,0,0,0.14826,0,228.67,playing,0
271.1886,7.541,0,0,0.14826,0,226.48,playing,0
271.2051,5.2092,0,0,0.14826,0,224.27,playing,0
271.2214,5.2092,0,0,0.1456,0,222.69,playing,0
271.2381,5.2092,0,0,0.1456,0,221.34,playing,0
271.2551,1.9763,0,0,0.1456,0,220.3,playing,0
271.2708,1.9763,0,0,0.21668,0,219.6,playing,0
271.2873,1.9763,0,0,0.21668,0,219.19,playing,0
271.3034,0.668,0,0,0.21668,0,219.07,playing,0
271.3196,0.668,0,0,0.25036,1,219.23,playing,0
271.3369,0.668,0,0,0.25036,0,219.68,playing,0
271.3535,-0.3221,0,0,0.25036,0,220.47,playing,0
271.3699,-1.0733,0,0,0.25036,0,221.59,playing,0
271.3862,-2.2946,0,0,0.25036,0,222.91,playing,0
271.4027,-2.2946,0,0,0.27383,0,224.64,playing,0
271.4186,-2.2946,0,0,0.27383,0,226.55,playing,0
271.4349,-2.2946,0,0,0.27383,0,228.74,playing,0
271.4508,-2.2946,0,0,0.27383,0,231.21,playing,0
271.4675,-2.2946,0,0,0.24994,0,233.97,playing,0
271.4841,-2.386,0,0,0.24994,0,237.21,playing,0
271.5008,-2.386,0,0,0.24994,0,240.77,playing,0
271.5165,-2.386,0,0,0.24994,0,244.41,playing,0
271.534,-2.2337,0,0,0.28573,0,248.32,playing,0
271.55,-2.2337,0,0,0.28573,0,252.8,playing,0
271.5695,-1.7245,0,0,0.28573,0,257.3,playing,0
271.5869,-1.7245,0,0,0.28573,0,263.36,playing,0
271.6033,-1.7245,0,0,0.28573,0,268.82,playing,0
271.6199,-1.7245,0,0,0.28743,0,274.61,playing,0
271.6363,-1.7245,0,0,0.28743,0,280.34,playing,0
271.6555,-21.2853,1,0,0.28743,0,286.74,playing,0
271.6721,-15.7022,0,0,0.28743,0,279.73,playing,0
271.6887,-15.7022,0,0,0.27137,0,273.77,playing,0
271.7048,-6.9696,0,0,0.27137,0,268.45,playing,0
271.7204,-6.9696,0,0,0.27137,0,263.41,playing,0
271.7374,-6.9696,0,0,0.28507,0,258.64,playing,0
271.7544,-6.9696,0,0,0.28507,0,253.9,playing,0
271.7708,-6.9696,0,0,0.28507,0,249.48,playing,0
271.7866,-6.9696,0,0,0.19235,0,245.6,playing,0
271.8029,12.595,0,0,0.19235,0,242.0,playing,0
271.8194,12.595,0,0,0.19235,0,238.68,playing,0
271.8365,9.9857,0,0,0.19235,0,235.47,playing,0
271.8528,9.9857,0,0,0.17909,0,232.58,playing,0
271.8688,9.9857,0,0,0.17909,0,230.14,playing,0
271.8844,5.4231,0,0,0.17909,0,227.99,playing,0
271.901,5.4231,0,0,0.19227,0,226.11,playing,0
271.9173,5.4231,0,0,0.19227,0,224.52,playing,0
271.9339,3.7582,0,0,0.19227,0,223.14,playing,0
271.95,3.7582,0,0,0.19227,0,222.13,playing,0
271.9665,3.7582,0,0,0.2357,1,221.4,playing,0
271.9831,2.084,0,0,0.2357,0,220.94,playing,0
271.9989,2.084,0,0,0.2357,0,220.79,playing,0
272.0148,0.9225,0,0,0.2357,0,220.92,playing,0
272.032,0.9225,0,0,0.33549,0,221.38,playing,0
272.0483,0.9225,0,0,0.33549,0,222.09,playing,0
272.0649,0.4015,0,0,0.33549,0,223.16,playing,0
272.0815,0.4015,0,0,0.32593,0,224.46,playing,0
272.0986,0.4015,0,0,0.32593,0,226.15,playing,0
272.1154,-0.6342,0,0,0.32593,0,228.16,playing,0
272.1321,-0.6342,0,0,0.28762,0,230.48,playing,0
272.1476,-0.6342,0,0,0.28762,0,232.96,playing,0
272.1635,-1.6184,0,0,0.28762,0,235.71,playing,0
272.1801,-1.6184,0,0,0.28762,0,238.75,playing,0
272.1957,-12.1291,1,0,0.29439,0,242.06,playing,0
272.2123,-12.1291,0,0,0.29439,0,236.1,playing,0
272.2294,-12.1291,0,0,0.29439,0,230.09,playing,0
272.2455,-14.3368,0,0,0.29439,0,224.4,playing,0
272.2615,-14.3368,0,0,0.30353,0,219.32,playing,0
272.2776,-14.3368,0,0,0.30353,0,214.52,playing,0
272.2938,-4.1407,0,0,0.30353,0,210.01,playing,0
272.3095,-4.1407,0,0,0.30353,0,205.77,playing,0
272.3263,-4.1407,0,0,0.20706,0,201.82,playing,0
272.3429,12.4914,0,0,0.20706,0,197.94,playing,0
272.3591,12.4914,0,0,0.20706,0,194.57,playing,0
272.3761,10.131,0,0,0.20508,0,191.3,playing,0
272.3923,10.131,0,0,0.20508,0,188.51,playing,0
272.4093,10.131,0,0,0.20508,0,185.87,playing,0
272.4263,7.4596,0,0,0.20508,0,183.54,playing,0
272.4429,7.4596,0,0,0.18841,0,181.53,playing,0
272.4592,7.4596,0,0,0.18841,0,179.92,playing,0
272.4764,2.3236,0,0,0.18841,0,178.52,playing,0
272.4934,2.3236,0,0,0.2098,0,177.44,playing,0
272.5093,0.6817,0,0,0.2098,0,176.69,playing,0
272.526,0.6817,0,0,0.2098,0,176.25,playing,0
272.5421,0.6817,0,0,0.23015,1,176.1,playing,0
272.5584,0.6817,0,0,0.23015,0,176.24,playing,0
272.5755,0.6817,0,0,0.23015,0,176.69,playing,0
272.5933,0.6817,0,0,0.23015,0,177.47,playing,0
272.6101,-1.4015,0,0,0.28094,0,178.65,playing,0
272.6262,-1.4015,0,0,0.28094,0,179.97,playing,0
272.6424,-1.6916,0,0,0.28094,0,181.58,playing,0
272.6589,-1.6916,0,0,0.26802,0,183.61,playing,0
272.675,-1.6916,0,0,0.26802,0,185.8,playing,0
272.6908,-1.6692,0,0,0.26802,0,188.27,playing,0
272.7066,-1.6692,0,0,0.27674,0,191.03,playing,0
272.7228,-1.6692,0,0,0.27674,0,194.06,playing,0
272.739,-1.0533,0,0,0.27674,0,197.38,playing,0
272.7556,-1.0533,0,0,0.27674,0,200.98,playing,0
272.7723,-1.0533,0,0,0.29074,0,205.12,playing,0
272.7887,-13.5781,1,0,0.29074,0,209.58,playing,0
272.8058,-13.5781,0,0,0.29074,0,203.62,playing,0
272.8225,-13.5781,0,0,0.29074,0,197.61,playing,0
272.8389,-18.9833,0,0,0.31236,0,191.91,playing,0
272.8545,-18.9833,0,0,0.31236,0,186.83,playing,0
272.8706,-3.9241,0,0,0.31236,0,182.04,playing,0
272.8867,-3.9241,0,0,0.29015,0,177.52,playing,0
272.9028,-3.9241,0,0,0.29015,0,173.29,playing,0
272.9187,8.3233,0,0,0.29015,0,169.34,playing,0
272.935,8.3233,0,0,0.29015,0,165.66,playing,0
272.951,8.3233,0,0,0.27998,0,162.28,playing,0
272.9668,16.0025,0,0,0.27998,0,159.17,playing,0
272.9834,16.0025,0,0,0.27998,0,156.34,playing,0
272.9996,16.0025,0,0,0.27998,0,153.66,playing,0
273.0158,10.6664,0,0,0.19057,0,151.41,playing,0
273.0319,10.6664,0,0,0.19057,0,149.45,playing,0
273.0477,10.6664,0,0,0.19057,0,147.77,playing,0
273.0643,7.3749,0,0,0.19057,0,146.37,playing,0
273.082,7.3749,0,0,0.13617,0,145.15,playing,0
273.0979,4.9064,0,0,0.13617,0,144.35,playing,0
273.1136,4.9064,0,0,0.13617,0,143.83,playing,0
273.1299,4.9064,0,0,0.21006,0,143.59,playing,0
273.1458,1.4232,0,0,0.21006,0,143.63,playing,0
273.1614,1.4232,0,0,0.21006,0,143.96,playing,0
273.1781,1.4232,0,0,0.21006,0,144.57,playing,0
273.1939,-0.0532,0,0,0.22453,1,145.45,playing,0
273.2097,-0.0532,0,0,0.22453,0,146.62,playing,0
273.2259,-0.0532,0,0,0.22453,0,148.07,playing,0
273.2425,-0.9835,0,0,0.26444,0,149.81,playing,0
273.2589,-0.9835,0,0,0.26444,0,151.97,playing,0
273.2754,-0.9835,0,0,0.26444,0,154.28,playing,0
273.2945,-1.0891,0,0,0.26444,0,157.06,playing,0
273.3107,-1.0891,0,0,0.26444,0,160.56,playing,0
273.3271,-1.5496,0,0,0.25103,0,163.78,playing,0
273.3429,-1.5496,0,0,0.25103,0,167.29,playing,0
273.3587,-1.5496,0,0,0.25103,0,171.09,playing,0
273.3749,-1.4587,0,0,0.25103,0,175.16,playing,0
273.391,-1.4587,0,0,0.25722,0,179.52,playing,0
273.4074,-1.4587,0,0,0.25722,0,184.15,playing,1
273.4239,-1.4779,0,0,0.25722,0,189.4,playing,1
273.4403,-1.4779,0,0,0.30753,0,194.61,playing,1
273.4568,-2.6497,0,0,0.30753,0,200.48,playing,1
273.4729,-2.6497,0,0,0.30753,0,206.27,playing,1
273.4895,-2.6497,0,0,0.30675,0,212.35,playing,1
273.5061,-2.6314,0,0,0.30675,0,219.13,playing,1
273.5218,-2.6314,0,0,0.30675,0,225.79,playing,1
273.538,-2.6314,0,0,0.27967,0,232.74,playing,1
273.5545,-19.0643,1,0,0.27967,0,239.96,playing,1
273.5711,-19.0643,0,0,0.27967,0,233.65,playing,1
273.5884,-14.1867,0,0,0.27967,0,227.99,playing,1
273.605,-14.1867,0,0,0.31521,0,221.98,playing,1
273.6216,-14.1867,0,0,0.31521,0,216.92,playing,1
273.6381,-8.3053,0,0,0.31521,0,211.86,playing,1
273.6542,-8.3053,0,0,0.22632,0,207.38,playing,1
273.671,-8.3053,0,0,0.22632,0,202.94,playing,1
273.6876,-1.2002,0,0,0.22632,0,199.04,playing,1
273.7034,-1.2002,0,0,0.17963,0,195.21,playing,1
273.7197,-1.2002,0,0,0.17963,0,191.89,playing,1
273.7361,1.9497,0,0,0.17963,0,188.86,playing,1
273.7517,1.9497,0,0,0.17456,0,186.1,playing,1
273.7678,16.6527,0,0,0.17456,0,183.63,playing,1
273.7836,19.9429,0,0,0.17456,0,181.44,playing,1
273.8006,19.9429,0,0,0.17456,0,179.53,playing,1
273.8171,16.4904,0,0,0.1947,0,177.81,playing,1
273.8326,16.4904,0,0,0.1947,0,176.48,playing,1
273.8493,16.4904,0,0,0.1947,0,175.44,playing,1
273.8662,12.2915,0,0,0.17705,0,174.64,playing,1
273.8819,12.2915,0,0,0.17705,0,174.17,playing,1
273.8983,12.2915,0,0,0.17705,0,173.99,playing,1
273.9151,5.9287,0,0,0.17705,1,174.11,playing,1
273.9322,5.9287,0,0,0.23312,0,174.55,playing,1
273.9489,5.9287,0,0,0.23312,0,175.3,playing,1
273.965,5.9287,0,0,0.23312,0,176.3,playing,1
273.9815,5.9287,0,0,0.25107,0,177.57,playing,1
274.0018,-0.116,0,0,0.25107,0,179.24,playing,1
274.0177,-0.116,0,0,0.25107,0,181.65,playing,1
274.0334,-0.116,0,0,0.25107,0,183.86,playing,1
274.0497,-0.9488,0,0,0.28707,0,186.35,playing,1
274.0663,-0.9488,0,0,0.28707,0,189.12,playing,1
274.0825,-0.9488,0,0,0.28707,0,192.38,playing,1
274.0991,-1.6175,0,0,0.28707,0,195.74,playing,1
274.1148,-1.6175,0,0,0.28696,0,199.37,playing,1
274.1316,-2.8541,0,0,0.28696,0,203.28,playing,1
274.1476,-2.8541,0,0,0.28696,0,207.76,playing,1
274.1638,-2.8541,0,0,0.3159,0,212.26,playing,1
274.1805,-2.9899,0,0,0.3159,0,217.04,playing,1
274.1966,-2.9899,0,0,0.3159,0,222.43,playing,1
274.2131,-2.9899,0,0,0.31256,0,227.79,playing,1
274.2302,-23.0017,1,0,0.31256,0,233.8,playing,1
274.2459,-23.0017,0,0,0.31256,0,227.84,playing,1
274.2625,-23.0017,0,0,0.31256,0,222.16,playing,1
274.2835,-16.2293,0,0,0.30177,0,216.45,playing,1
274.2997,-16.2293,0,0,0.30177,0,209.88,playing,1
274.3165,-11.5899,0,0,0.30177,0,205.15,playing,1
274.3331,-11.5899,0,0,0.30177,0,200.45,playing,1
274.3495,-11.5899,0,0,0.30177,0,196.3,playing,1
274.3692,12.0317,0,0,0.28285,0,192.22,playing,1
274.3844,12.0317,0,0,0.28285,0,188.04,playing,1
274.4011,14.1321,0,0,0.28285,0,184.81,playing,1
274.417,14.1321,0,0,0.28285,0,181.87,playing,1
274.4351,14.1321,0,0,0.28285,0,179.2,playing,1
274.4512,14.1321,0,0,0.18597,0,176.55,playing,1
274.4675,14.1321,0,0,0.18597,0,174.37,playing,1
274.4842,14.1321,0,0,0.18597,0,172.6,playing,1
274.5,11.8282,0,0,0.18597,0,171.12,playing,1
274.5164,11.8282,0,0,0.18597,0,169.91,playing,1
274.5327,8.7735,0,0,0.19531,0,168.95,playing,1
274.5499,2.097,0,0,0.19531,0,168.3,playing,1
274.5655,2.097,0,0,0.19531,0,167.97,playing,1
274.5835,0.3458,0,0,0.19531,1,167.93,playing,1
274.6,0.3458,0,0,0.29152,0,168.24,playing,1
274.6164,0.3458,0,0,0.29152,0,168.79,playing,1
274.6329,-0.5069,0,0,0.29152,0,169.7,playing,1
274.6496,-0.5069,0,0,0.29152,0,170.83,playing,1
274.6665,-0.5069,0,0,,0,172.35,playing,1
274.6829,-1.5079,0,0,,0,174.19,playing,1
274.6991,-1.5079,0,0,,0,176.21,playing,1
274.7152,-1.732,0,0,,0,178.5,playing,1
274.7323,-1.732,0,0,,0,181.26,playing,1
274.7486,-1.732,0,0,,0,184.34,playing,1
274.7652,-2.0986,0,0,,0,187.51,playing,1
274.7821,-2.0986,0,0,0.29348,0,191.21,playing,1
274.7983,-2.0986,0,0,0.29348,0,194.96,playing,1
274.8149,-2.1627,0,0,0.29348,0,199.27,playing,1
274.831,-2.1627,0,0,0.29348,0,203.61,playing,1
274.8475,-2.1627,0,0,0.29348,0,208.23,playing,1
274.8641,-3.7602,0,0,0.26061,0,213.45,playing,1
274.8796,-3.7602,0,0,0.26061,0,218.65,playing,1
274.896,-17.3524,1,0,0.26061,0,224.14,playing,1
274.9123,-17.3524,0,0,0.26061,0,218.18,playing,1
274.9287,-17.3524,0,0,0.26061,0,212.16,playing,1
274.9448,-10.4431,0,0,0.26504,0,206.79,playing,1
274.9606,-10.4431,0,0,0.26504,0,201.69,playing,1
274.977,-10.4431,0,0,0.26504,0,196.88,playing,1
274.993,0.7139,0,0,0.2284,0,192.34,playing,1
275.0085,0.7139,0,0,0.2284,0,188.09,playing,1
275.0246,0.7139,0,0,0.2284,0,184.12,playing,1
275.0413,12.9759,0,0,0.22277,0,180.43,playing,1
275.0579,12.9759,0,0,0.22277,0,176.83,playing,1
275.075,10.8797,0,0,0.22277,0,173.73,playing,1
275.0914,10.8797,0,0,0.22277,0,170.74,playing,1
275.1082,10.8797,0,0,0.2106,0,168.08,playing,1
275.1246,5.5195,0,0,0.2106,0,165.73,playing,1
275.1409,5.5195,0,0,0.2106,0,163.8,playing,1
275.1572,5.5195,0,0,0.24749,1,162.16,playing,1
275.1745,3.4935,0,0,0.24749,0,160.72,playing,1
275.191,3.4935,0,0,0.24749,0,159.61,playing,1
275.2071,3.4935,0,0,0.24749,0,158.84,playing,1
275.2227,2.0983,0,0,0.23198,0,158.36,playing,1
275.2385,2.0983,0,0,0.23198,0,158.16,playing,1
275.2551,-0.1313,0,0,0.23198,0,158.24,playing,2
275.2708,-0.1313,0,0,0.23198,0,158.6,playing,2
275.2877,-0.1313,0,0,0.2438,0,159.24,playing,2
275.3038,-1.0881,0,0,0.2438,0,160.24,playing,2
275.3199,-1.0881,0,0,0.2438,0,161.46,playing,2
275.336,-1.0881,0,0,0.2438,0,162.96,playing,2
275.3557,-1.3849,0,0,0.2438,0,164.75,playing,2
275.373,-1.3849,0,0,0.2438,0,167.42,playing,2
275.3888,-1.3849,0,0,0.2438,0,170.01,playing,2
275.405,-1.3849,0,0,0.2438,0,172.73,playing,2
275.421,-1.3849,0,0,0.27958,0,175.73,playing,2
275.4369,-1.2362,0,0,0.27958,0,179.01,playing,2
275.4525,-1.445,0,0,0.27958,0,182.57,playing,2
275.4691,-1.445,0,0,0.27958,0,186.42,playing,2
275.4857,-2.1961,0,0,0.30961,0,190.82,playing,2
275.502,-2.1961,0,0,0.30961,0,195.25,playing,2
275.518,-2.1961,0,0,0.30961,0,199.95,playing,2
275.5346,-20.2719,1,0,0.30961,0,204.94,playing,2
275.5515,-20.2719,0,0,0.27873,0,198.63,playing,2
275.5683,-16.1562,0,0,0.27873,0,192.64,playing,2
275.5845,-10.8691,0,0,0.27873,0,186.96,playing,2
275.6012,-10.8691,0,0,0.27873,0,181.9,playing,2
275.6179,-5.3115,0,0,0.22841,0,176.84,playing,2
275.6336,-5.3115,0,0,0.22841,0,172.36,playing,2
275.6498,-5.3115,0,0,0.22841,0,168.16,playing,2
275.6664,8.8387,0,0,0.22841,0,164.24,playing,2
275.683,8.8387,0,0,0.22841,0,160.4,playing,2
275.6987,8.8387,0,0,0.22841,0,157.06,playing,2
275.7155,14.2984,0,0,0.22841,0,154.01,playing,2
275.7321,14.2984,0,0,0.22841,0,151.08,playing,2
275.7475,14.2984,0,0,0.20536,0,148.61,playing,2
275.7641,11.3498,0,0,0.20536,0,146.42,playing,2
275.7802,11.3498,0,0,0.20536,0,144.51,playing,2
275.7968,5.3997,0,0,0.22393,1,142.79,playing,2
275.8135,5.3997,0,0,0.22393,0,141.47,playing,2
275.8296,5.3997,0,0,0.22393,0,140.37,playing,2
275.8464,3.1357,0,0,0.22393,0,139.62,playing,2
275.8629,3.1357,0,0,0.25821,0,139.14,playing,2
275.8794,3.1357,0,0,0.25821,0,138.98,playing,2
275.8955,0.7361,0,0,0.25821,0,139.12,playing,2
275.912,0.7361,0,0,0.25821,0,139.53,playing,2
275.9274,0.7361,0,0,0.24274,0,140.22,playing,2
275.9446,-0.6346,0,0,0.24274,0,141.2,playing,2
275.9615,-0.6346,0,0,0.24274,0,142.55,playing,2
275.9781,-0.9883,0,0,0.24274,0,144.23,playing,2
275.9954,-0.9883,0,0,0.27927,0,146.22,playing,2
276.0119,-0.9883,0,0,0.27927,0,148.53,playing,2
276.0275,-1.9535,0,0,0.27927,0,150.98,playing,2
276.0444,-1.9535,0,0,0.27927,0,153.72,playing,2
276.061,-1.9535,0,0,0.25403,0,156.94,playing,2
276.0766,-1.7613,0,0,0.25403,0,160.26,playing,2
276.0928,-1.7613,0,0,0.25403,0,163.86,playing,2
276.109,-2.0248,0,0,0.25403,0,167.74,playing,2
276.125,-1.8526,0,0,0.31844,0,171.9,playing,2
276.141,-1.8526,0,0,0.31844,0,176.34,playing,2
276.1576,-1.9518,0,0,0.31844,0,181.07,playing,2
276.1738,-1.9518,0,0,0.26819,0,186.4,playing,2
276.1895,-1.9518,0,0,0.26819,0,191.71,playing,2
276.2063,-1.7361,0,0,0.26819,0,197.3,playing,2
276.2225,-1.7361,0,0,0.26086,0,203.55,playing,2
276.239,-1.7361,0,0,0.26086,0,209.72,playing,2
276.2551,-1.4328,0,0,0.26086,0,216.17,playing,2
276.2711,-1.4328,0,0,0.25019,0,222.9,playing,2
276.2871,-1.4328,0,0,0.25019,0,229.91,playing,2
276.3065,-19.3248,1,0,0.25019,0,237.21,playing,2
276.3228,-19.3248,0,0,0.25019,0,229.85,playing,2
276.3406,-11.7619,0,0,0.27577,0,224.24,playing,2
276.3567,-11.7619,0,0,0.27577,0,218.29,playing,2
276.373,-11.7619,0,0,0.27577,0,213.28,playing,2
276.3891,11.0049,0,0,0.27577,0,208.56,playing,2
276.4052,11.0049,0,0,0.27577,0,204.11,playing,2
276.4219,11.0049,0,0,0.27577,0,199.71,playing,2
276.4374,13.8787,0,0,0.27577,0,195.84,playing,2
276.454,13.8787,0,0,0.27577,0,192.26,playing,2
276.4704,9.3308,0,0,0.21416,0,188.96,playing,2
276.4869,9.3308,0,0,0.21416,0,185.77,playing,2
276.5035,9.3308,0,0,0.21416,0,183.05,playing,2
276.5203,6.8819,0,0,0.2431,1,180.48,playing,2
276.5371,6.8819,0,0,0.2431,0,178.22,playing,2
276.5531,6.8819,0,0,0.2431,0,176.38,playing,2
276.5687,2.8893,0,0,0.24616,0,174.82,playing,2
276.5855,2.8893,0,0,0.24616,0,173.55,playing,2
276.6024,2.8893,0,0,0.24616,0,172.51,playing,2
276.6185,1.2789,0,0,0.24616,0,171.79,playing,2
276.6351,1.2789,0,0,0.28147,0,171.39,playing,2
276.6514,0.4286,0,0,0.28147,0,171.28,playing,2
276.6683,0.4286,0,0,0.28147,0,171.47,playing,2
276.6855,0.4286,0,0,0.28277,0,171.99,playing,2
276.7021,-1.0105,0,0,0.28277,0,172.82,playing,2
276.7184,-1.0105,0,0,0.28277,0,173.88,playing,2
276.7352,-1.0105,0,0,0.28723,0,175.33,playing,2
276.7514,-1.1982,0,0,0.28723,0,176.97,playing,2
276.768,-1.1982,0,0,0.28723,0,179.04,playing,2
276.7846,-1.1982,0,0,0.28723,0,181.26,playing,2
276.8005,-1.844,0,0,0.25862,0,183.95,playing,2
276.8213,-1.844,0,0,0.25862,0,186.75,playing,2
276.8385,-1.8778,0,0,0.25862,0,190.92,playing,2
276.855,-1.8778,0,0,0.25862,0,194.61,playing,2
276.8716,-1.8778,0,0,0.25031,0,198.37,playing,2
276.8879,-14.3533,1,0,0.25031,0,202.68,playing,2
276.9045,-14.3533,0,0,0.25031,0,196.72,playing,2
276.9212,-13.722,0,0,0.25031,0,190.71,playing,2
276.9379,-13.722,0,0,0.29051,0,185.01,playing,2
276.9535,-13.722,0,0,0.29051,0,179.94,playing,2
276.9701,-6.6165,0,0,0.29051,0,175.14,playing,2
276.9856,-6.6165,0,0,0.21209,0,170.62,playing,2
277.0022,-6.6165,0,0,0.21209,0,166.39,playing,2
277.0178,13.4653,0,0,0.21209,0,162.44,playing,2
277.034,13.4653,0,0,0.17676,0,158.77,playing,2
277.0501,13.4653,0,0,0.17676,0,155.38,playing,2
277.0655,12.1303,0,0,0.17676,0,152.27,playing,2
277.0821,12.1303,0,0,0.17676,0,149.45,playing,2
277.0977,8.7474,0,0,0.17676,0,146.9,playing,3
277.1146,8.7474,0,0,0.17676,0,144.64,playing,3
277.1309,8.7474,0,0,0.17676,0,142.55,playing,3
277.147,3.7505,0,0,0.20948,0,140.87,playing,3
277.1628,3.7505,0,0,0.20948,0,139.47,playing,3
277.1789,3.7505,0,0,0.20948,0,138.35,playing,3
277.1945,2.1267,0,0,0.20948,0,137.52,playing,3
277.2106,2.1267,0,0,0.24727,1,136.96,playing,3
277.2269,2.1267,0,0,0.24727,0,136.69,playing,3
277.247,0.6576,0,0,0.24727,0,136.7,playing,3
277.2627,0.6576,0,0,0.24727,0,137.15,playing,3
277.279,-0.2434,0,0,0.23251,0,137.79,playing,3
277.2948,-0.2434,0,0,0.23251,0,138.71,playing,3
277.3107,-0.2434,0,0,0.23251,0,139.92,playing,3
277.3268,-0.9133,0,0,0.23251,0,141.4,playing,3
277.3435,-0.9133,0,0,0.23251,0,143.17,playing,3
277.3596,-0.9133,0,0,0.26952,0,145.37,playing,3
277.3763,-0.9133,0,0,0.26952,0,147.72,playing,3
277.3934,-0.9133,0,0,0.26952,0,150.53,playing,3
277.4099,-0.9133,0,0,0.29247,0,153.66,playing,3
277.4265,-1.5964,0,0,0.29247,0,156.89,playing,3
277.4435,-1.5964,0,0,0.29247,0,160.64,playing,3
277.4595,-1.5964,0,0,0.28726,0,164.7,playing,3
277.4761,-1.5964,0,0,0.28726,0,168.81,playing,3
277.4922,-1.5964,0,0,0.28726,0,173.2,playing,3
277.5079,-1.9232,0,0,0.28458,0,177.88,playing,3
277.5245,-1.9232,0,0,0.28458,0,182.83,playing,3
277.5408,-1.9232,0,0,0.28458,0,188.41,playing,3
277.5565,-3.3887,0,0,0.28458,0,193.94,playing,3
277.5727,-3.3887,0,0,0.2759,0,199.76,playing,3
277.5892,-3.3887,0,0,0.2759,0,205.86,playing,3
277.6061,-16.0134,1,0,0.2759,0,212.24,playing,3
277.6223,-16.0134,0,0,0.2759,0,205.93,playing,3
277.6395,-11.2482,0,0,0.23688,0,199.93,playing,3
277.6564,-11.2482,0,0,0.23688,0,194.25,playing,3
277.6735,-11.2482,0,0,0.23688,0,188.9,playing,3
277.6901,8.6575,0,0,0.23528,0,183.86,playing,3
277.706,8.6575,0,0,0.23528,0,179.39,playing,3
277.7226,8.6575,0,0,0.23528,0,175.21,playing,3
277.7392,11.2733,0,0,0.23528,0,171.09,playing,3
277.755,11.2733,0,0,0.14827,0,167.49,playing,3
277.7705,11.2733,0,0,0.14827,0,164.17,playing,3
277.7866,11.4442,0,0,0.14827,0,161.13,playing,3
277.8029,11.4442,0,0,0.14827,0,158.38,playing,3
277.8185,11.4442,0,0,0.14827,0,155.9,playing,3
277.8347,6.724,0,0,0.14827,0,153.71,playing,3
277.8506,6.724,0,0,0.14827,0,151.8,playing,3
277.8665,4.9165,0,0,0.14827,0,150.17,playing,3
277.883,4.9165,0,0,0.22227,1,148.83,playing,3
277.8993,4.9165,0,0,0.22227,0,147.76,playing,3
277.9165,1.8332,0,0,0.22227,0,146.95,playing,3
277.9326,1.8332,0,0,0.25754,0,146.45,playing,3
277.9494,1.8332,0,0,0.25754,0,146.26,playing,3
277.966,-0.3589,0,0,0.25754,0,146.39,playing,3
277.9821,-0.3589,0,0,0.25754,0,146.78,playing,3
277.9984,-0.8522,0,0,0.31917,0,147.46,playing,3
278.0151,-1.0924,0,0,0.31917,0,148.49,playing,3
278.0314,-1.0924,0,0,0.31917,0,149.75,playing,3
278.05,-1.3362,0,0,0.31917,0,151.41,playing,3
278.0666,-1.3362,0,0,0.30767,0,153.65,playing,3
278.0827,-1.3362,0,0,0.30767,0,155.82,playing,3
278.0989,-1.4564,0,0,0.30767,0,158.28,playing,3
278.1151,-1.4564,0,0,0.29515,0,161.01,playing,3
278.1323,-1.4564,0,0,0.29515,0,164.24,playing,3
278.1487,-1.05,0,0,0.29515,0,167.78,playing,3
278.1649,-1.05,0,0,0.29515,0,171.4,playing,3
278.1812,-1.1554,0,0,0.28607,0,175.3,playing,3
278.1984,-1.1554,0,0,0.28607,0,179.76,playing,3
278.2148,-1.1554,0,0,0.28607,0,184.53,playing,3
278.2316,-1.0392,0,0,0.28274,0,189.31,playing,3
278.2481,-1.0392,0,0,0.28274,0,194.7,playing,3
278.2636,-1.0392,0,0,0.28274,0,200.06,playing,3
278.2803,-1.3344,0,0,0.28274,0,205.7,playing,3
278.2981,-1.3344,0,0,0.30105,0,212.4,playing,3
278.3169,-0.9446,0,0,0.30105,0,219.05,playing,3
278.3368,-0.9446,0,0,0.30105,0,226.45,playing,3
278.3531,-0.9446,0,0,0.30105,0,235.1,playing,3
278.3699,-0.9446,0,0,0.28407,0,242.78,playing,3
278.3866,-0.9446,0,0,0.28407,0,250.28,playing,3
278.4048,-0.9446,0,0,0.28407,0,258.57,playing,3
278.4229,-1.3419,0,0,0.28407,0,267.71,playing,3
278.4393,-1.3419,0,0,0.28407,0,277.2,playing,3
278.4564,-6.3841,0,0,0.31304,0,286.49,playing,3
278.4726,-6.3841,0,0,0.31304,0,296.09,playing,3
278.4891,-6.3841,0,0,0.31304,0,305.41,playing,3
278.5064,-6.3841,0,0,0.3074,0,315.63,playing,3
278.5231,-6.3841,0,0,0.3074,0,326.16,playing,3
278.5387,-18.1095,1,0,0.3074,0,336.36,playing,3
278.5561,-2.9944,0,0,0.3074,0,330.4,playing,3
278.5727,-2.9944,0,0,0.29756,0,324.06,playing,3
278.5915,10.9066,0,0,0.29756,0,318.7,playing,3
278.6076,10.9066,0,0,0.29756,0,312.73,playing,3
278.6235,10.9066,0,0,0.29756,0,307.99,playing,3
278.6399,12.1629,0,0,0.30095,0,303.52,playing,3
278.6561,12.1629,0,0,0.30095,0,299.34,playing,3
278.6717,12.1629,0,0,0.30095,0,295.44,playing,3
278.6887,8.2645,0,0,0.30095,0,291.83,playing,3
278.7044,8.2645,0,0,0.16957,0,288.3,playing,3
278.7211,6.3979,0,0,0.16957,0,285.26,playing,3
278.7364,6.3979,0,0,0.16957,0,282.51,playing,3
278.7527,6.3979,0,0,0.16957,0,280.03,playing,3
278.7688,4.4305,0,0,0.2437,1,277.84,playing,3
278.7846,4.4305,0,0,0.2437,0,275.93,playing,3
278.8014,4.4305,0,0,0.2437,0,274.3,playing,3
278.8184,1.7927,0,0,0.2437,0,272.89,playing,3
278.8347,1.7927,0,0,0.27592,0,271.79,playing,3
278.8513,1.7927,0,0,0.27592,0,271.05,playing,3
278.8685,0.5375,0,0,0.27592,0,270.57,playing,3
278.8871,0.5375,0,0,0.27592,0,270.41,playing,3
278.9041,-0.316,0,0,0.25357,0,270.63,playing,3
278.9198,-0.316,0,0,0.25357,0,271.09,playing,3
278.936,-0.316,0,0,0.25357,0,271.84,playing,3
278.9522,-0.7534,0,0,0.28467,0,272.87,playing,4
278.969,-0.7534,0,0,0.28467,0,274.28,playing,4
278.985,-0.7534,0,0,0.28467,0,275.89,playing,4
279.0012,-0.7534,0,0,0.26841,0,277.78,playing,4
279.0174,-0.7534,0,0,0.26841,0,280.11,playing,4
279.0335,-1.051,0,0,0.26841,0,282.58,playing,4
279.0546,-9.1605,0,0,0.26841,0,285.33,playing,4
279.0713,-9.1605,0,0,0.26841,0,289.43,playing,4
279.0881,-17.189,1,0,0.29412,0,293.07,playing,4
279.1037,-17.189,0,0,0.29412,0,287.11,playing,4
279.1199,-17.189,0,0,0.29412,0,281.43,playing,4
279.136,-7.546,0,0,0.29412,0,276.04,playing,4
279.1526,-7.546,0,0,0.17967,0,270.92,playing,4
279.1693,-7.546,0,0,0.17967,0,265.81,playing,4
279.186,-7.546,0,0,0.17967,0,261.01,playing,4
279.2031,-7.546,0,0,0.17967,0,256.53,playing,4
279.2196,15.1747,0,0,0.1892,0,252.37,playing,4
279.236,15.1747,0,0,0.1892,0,248.74,playing,4
279.2516,15.1747,0,0,0.1892,0,245.38,playing,4
279.2683,10.6672,0,0,0.21424,0,242.31,playing,4
279.2849,10.6672,0,0,0.21424,0,239.36,playing,4
279.301,10.6672,0,0,0.21424,0,236.87,playing,4
279.3183,7.8738,0,0,0.21424,0,234.54,playing,4
279.3351,7.8738,0,0,0.21986,0,232.53,playing,4
279.3514,3.0911,0,0,0.21986,0,230.92,playing,4
279.3676,3.0911,0,0,0.21986,0,229.53,playing,4
279.3842,3.0911,0,0,0.22922,1,228.5,playing,4
279.4005,1.7465,0,0,0.22922,0,227.72,playing,4
279.4166,1.7465,0,0,0.22922,0,227.27,playing,4
279.4329,1.7465,0,0,0.20445,0,227.1,playing,4
279.4491,-0.3553,0,0,0.20445,0,227.22,playing,4
279.4646,-0.3553,0,0,0.20445,0,227.61,playing,4
279.4807,-0.3553,0,0,0.26213,0,228.29,playing,4
279.497,-1.0371,0,0,0.26213,0,229.25,playing,4
279.5131,-1.0371,0,0,0.26213,0,230.49,playing,4
279.5293,-1.282,0,0,0.26796,0,232.01,playing,4
279.5459,-1.282,0,0,0.26796,0,233.94,playing,4
279.562,-1.282,0,0,0.26796,0,236.05,playing,4
279.5794,-2.3174,0,0,0.26796,0,238.43,playing,4
279.5963,-2.3174,0,0,0.27677,0,241.47,playing,4
279.613,-2.3174,0,0,0.27677,0,244.66,playing,4
279.6284,-2.3174,0,0,0.27677,0,247.94,playing,4
279.645,-2.3174,0,0,0.27677,0,251.5,playing,4
279.6605,-2.3174,0,0,0.27241,0,255.34,playing,4
279.6772,-8.3372,0,0,0.27241,0,259.47,playing,4
279.6936,-8.3372,0,0,0.27241,0,264.17,playing,4
279.7099,-21.0474,1,0,0.27241,0,268.88,playing,4
279.7264,-21.0474,0,0,0.30497,0,262.92,playing,4
279.7431,-21.0474,0,0,0.30497,0,256.91,playing,4
279.7598,-16.6172,0,0,0.30497,0,251.21,playing,4
279.7758,-16.6172,0,0,0.30497,0,246.14,playing,4
279.792,-16.6172,0,0,0.2,0,241.34,playing,4
279.8083,5.3612,0,0,0.2,0,236.82,playing,4
279.8251,5.3612,0,0,0.2,0,232.34,playing,4
279.8405,5.3612,0,0,0.15657,0,228.41,playing,4
279.8573,14.479,0,0,0.15657,0,224.76,playing,4
279.8745,14.479,0,0,0.15657,0,221.19,playing,4
279.8906,11.2759,0,0,0.18381,0,217.95,playing,4
279.9067,11.2759,0,0,0.18381,0,215.18,playing,4
279.9229,11.2759,0,0,0.18381,0,212.68,playing,4
279.939,8.0644,0,0,0.18381,0,210.48,playing,4
279.9556,8.0644,0,0,0.16923,0,208.55,playing,4
279.9721,8.0644,0,0,0.16923,0,206.82,playing,4
279.9879,5.5759,0,0,0.16923,0,205.47,playing,4
280.0041,5.5759,0,0,0.15569,0,204.4,playing,4
280.0213,5.5759,0,0,0.15569,0,203.59,playing,4
280.0379,1.2866,0,0,0.15569,0,203.09,playing,4
280.0537,1.2866,0,0,0.15569,0,202.91,playing,4
280.0713,1.2866,0,0,0.25811,1,203.0,playing,4
280.0875,1.2866,0,0,0.25811,0,203.47,playing,4
280.1042,1.2866,0,0,0.25811,0,204.16,playing,4
280.1205,0.2456,0,0,0.25811,0,205.22,playing,4
280.1372,0.2456,0,0,0.24356,0,206.49,playing,4
280.1539,0.2456,0,0,0.24356,0,208.17,playing,4
280.1705,-1.4004,0,0,0.24356,0,210.02,playing,4
280.1867,-1.4004,0,0,0.27521,0,212.31,playing,4
280.203,-1.6528,0,0,0.27521,0,214.75,playing,4
280.2199,-1.6528,0,0,0.27521,0,217.66,playing,4
280.2362,-1.6528,0,0,0.25799,0,220.67,playing,4
280.2534,-1.8704,0,0,0.25799,0,224.2,playing,4
280.2698,-1.8704,0,0,0.25799,0,228.04,playing,4
280.2867,-1.8704,0,0,0.25799,0,231.94,playing,4
280.3048,-1.669,0,0,0.27392,0,236.68,playing,4
280.3215,-1.669,0,0,0.27392,0,241.47,playing,4
280.3382,-1.6208,0,0,0.27392,0,246.59,playing,4
280.3545,-1.6208,0,0,0.30062,0,252.02,playing,4
280.3714,-1.6208,0,0,0.30062,0,257.41,playing,4
280.388,-1.4416,0,0,0.30062,0,263.46,playing,4
280.4036,-1.4416,0,0,0.30062,0,269.44,playing,4
280.4201,-1.4416,0,0,0.30062,0,275.69,playing,4
280.4379,-1.9843,0,0,0.2938,0,283.09,playing,4
280.4535,-1.9843,0,0,0.2938,0,289.94,playing,4
280.4696,-1.9843,0,0,0.2938,0,297.08,playing,4
280.4862,-19.5014,1,0,0.2938,0,304.49,playing,4
280.5034,-19.5014,0,0,0.28643,0,298.18,playing,4
280.5199,-12.6108,0,0,0.28643,0,292.19,playing,4
280.5355,-12.6108,0,0,0.28643,0,286.83,playing,4
280.5525,-12.6108,0,0,0.29485,0,281.75,playing,4
280.5688,13.3407,0,0,0.29485,0,276.67,playing,4
280.5847,13.3407,0,0,0.29485,0,272.17,playing,4
280.6004,13.3407,0,0,0.19426,0,267.96,playing,4
280.6166,13.0217,0,0,0.19426,0,264.02,playing,4
280.6326,13.0217,0,0,0.19426,0,260.37,playing,4
280.6493,13.0217,0,0,0.19426,0,257.0,playing,4
280.6654,9.7726,0,0,0.18805,0,253.74,playing,4
280.6816,9.7726,0,0,0.18805,0,250.95,playing,4
280.6984,7.3473,0,0,0.18805,0,248.44,playing,4
280.7155,5.7121,0,0,0.18805,0,246.09,playing,4
280.7316,5.7121,0,0,0.19407,0,244.06,playing,4
280.7475,3.7239,0,0,0.19407,0,242.43,playing,4
280.7641,3.7239,0,0,0.19407,0,241.08,playing,4
280.7819,3.7239,0,0,0.19407,1,240.02,playing,4
280.7986,1.1005,0,0,0.23284,0,239.17,playing,5
280.8152,1.1005,0,0,0.23284,0,238.7,playing,5
280.8309,1.1005,0,0,0.23284,0,238.53,playing,5
280.847,1.1005,0,0,0.28417,0,238.64,playing,5
280.8631,1.1005,0,0,0.28417,0,239.04,playing,5
280.8788,0.838,0,0,0.28417,0,239.71,playing,5
280.8957,-0.7141,0,0,0.28743,0,240.67,playing,5
280.9118,-0.7141,0,0,0.28743,0,242.01,playing,5
280.9274,-0.7141,0,0,0.28743,0,243.55,playing,5
280.9445,-0.7141,0,0,0.28743,0,245.37,playing,5
280.9611,-0.7141,0,0,0.32886,0,247.62,playing,5
280.9772,-1.0557,0,0,0.32886,0,250.02,playing,5
280.9924,-1.0557,0,0,0.32886,0,252.71,playing,5
281.0115,-1.0557,0,0,0.32886,0,255.67,playing,5
281.028,-1.3872,0,0,0.30462,0,259.59,playing,5
281.0435,-1.3872,0,0,0.30462,0,263.17,playing,5
281.06,-1.3872,0,0,0.30462,0,267.03,playing,5
281.0766,-1.3872,0,0,0.30462,0,271.18,playing,5
281.0942,-1.3872,0,0,0.30992,0,276.19,playing,5
281.1111,-16.8485,1,0,0.30992,0,281.25,playing,5
281.1272,-16.8485,0,0,0.30992,0,275.29,playing,5
281.1434,-16.8485,0,0,0.29205,0,269.62,playing,5
281.1603,-11.3311,0,0,0.29205,0,263.9,playing,5
281.1771,-11.3311,0,0,0.29205,0,258.51,playing,5
281.1931,6.2734,0,0,0.29205,0,253.71,playing,5
281.2105,6.2734,0,0,0.18145,0,248.93,playing,5
281.227,6.2734,0,0,0.18145,0,244.47,playing,5
281.2436,14.9246,0,0,0.18145,0,240.55,playing,5
281.2599,14.9246,0,0,0.17167,0,236.71,playing,5
281.2764,14.9246,0,0,0.17167,0,233.37,playing,5
281.293,10.9793,0,0,0.17167,0,230.15,playing,5
281.3086,10.9793,0,0,0.17167,0,227.39,playing,5
281.3264,10.9793,0,0,0.17167,0,224.92,playing,5
281.3431,7.1587,0,0,0.17167,0,222.49,playing,5
281.3588,7.1587,0,0,0.17167,0,220.62,playing,5
281.3754,2.574,0,0,0.17167,0,219.02,playing,5
281.3925,2.574,0,0,0.15435,0,217.65,playing,5
281.4086,2.574,0,0,0.15435,0,216.59,playing,5
281.4247,2.574,0,0,0.15435,0,215.88,playing,5
281.441,2.574,0,0,0.23656,1,215.45,playing,5
281.4565,2.574,0,0,0.23656,0,215.3,playing,5
281.473,2.574,0,0,0.23656,0,215.43,playing,5
281.4891,2.574,0,0,0.23656,0,215.84,playing,5
281.5056,2.574,0,0,0.26086,0,216.53,playing,5
281.5226,-1.1957,0,0,0.26086,0,217.59,playing,5
281.5393,-1.6144,0,0,0.26086,0,218.96,playing,5
281.5555,-1.3291,0,0,0.29468,0,220.65,playing,5
281.5726,-1.3291,0,0,0.29468,0,222.53,playing,5
281.5888,-1.3291,0,0,0.29468,0,224.84,playing,5
281.605,-2.1792,0,0,0.25765,0,227.29,playing,5
281.6211,-2.1792,0,0,0.25765,0,230.03,playing,5
281.6376,-2.1792,0,0,0.25765,0,233.04,playing,5
281.6538,-2.0792,0,0,0.25765,0,236.57,playing,5
281.6702,-2.0792,0,0,0.2426,0,240.17,playing,5
281.6864,-2.0792,0,0,0.2426,0,244.05,playing,5
281.7035,-3.018,0,0,0.2426,0,248.49,playing,5
281.72,-3.018,0,0,0.272,0,253.25,playing,5
281.7365,-20.337,1,0,0.272,0,258.01,playing,5
281.753,-20.337,0,0,0.272,0,251.69,playing,5
281.7692,-20.337,0,0,0.272,0,246.03,playing,5
281.786,-10.9961,0,0,0.29472,0,240.34,playing,5
281.8019,-10.9961,0,0,0.29472,0,235.26,playing,5
281.818,-10.9961,0,0,0.29472,0,230.46,playing,5
281.8344,4.5969,0,0,0.29472,0,225.95,playing,5
281.8516,4.5969,0,0,0.26587,0,221.23,playing,5
281.8673,4.5969,0,0,0.26587,0,217.31,playing,5
281.884,14.3221,0,0,0.26587,0,213.67,playing,5
281.8998,14.3221,0,0,0.26587,0,210.32,playing,5
281.9166,11.846,0,0,0.17704,0,207.25,playing,5
281.9334,11.846,0,0,0.17704,0,204.3,playing,5
281.9498,11.846,0,0,0.17704,0,201.67,playing,5
281.9661,8.7646,0,0,0.17704,0,199.48,playing,5
281.9851,8.7646,0,0,0.1803,0,197.57,playing,5
282.0012,8.7646,0,0,0.1803,0,195.7,playing,5
282.0182,6.0344,0,0,0.1803,0,194.34,playing,5
282.0344,6.0344,0,0,0.1803,0,193.35,playing,5
282.051,1.5427,0,0,0.2543,1,192.61,playing,5
282.0672,1.5427,0,0,0.2543,0,192.19,playing,5
282.0835,1.5427,0,0,0.2543,0,192.07,playing,5
282.1004,0.1846,0,0,0.27542,0,192.24,playing,5
282.1166,0.1846,0,0,0.27542,0,192.73,playing,5
282.1328,0.1846,0,0,0.27542,0,193.48,playing,5
282.1494,-1.296,0,0,0.28425,0,194.51,playing,5
282.166,-1.296,0,0,0.28425,0,195.92,playing,5
282.182,-1.296,0,0,0.28425,0,197.53,playing,5
282.1983,-1.1821,0,0,0.28425,0,199.42,playing,5
282.2146,-1.1821,0,0,,0,201.75,playing,5
282.2311,-1.5915,0,0,,0,204.22,playing,5
282.2481,-1.5915,0,0,,0,207.16,playing,5
282.2636,-1.5915,0,0,0.25822,0,210.22,playing,5
282.2799,-1.6989,0,0,0.25822,0,213.55,playing,5
282.2965,-1.6989,0,0,0.25822,0,217.17,playing,5
282.3131,-1.6989,0,0,,0,221.33,playing,5
282.3294,-1.8951,0,0,,0,225.52,playing,5
282.3456,-1.8951,0,0,,0,230.3,playing,5
282.3627,-1.8205,0,0,,0,235.08,playing,5
282.3799,-1.851,0,0,,0,240.81,playing,5
282.396,-1.851,0,0,,0,246.19,playing,5
282.4121,-1.8124,0,0,,0,251.84,playing,5
282.4283,-1.8124,0,0,,0,257.78,playing,5
282.4447,-1.8124,0,0,0.30906,0,264.41,playing,5
282.4613,-18.9828,1,0,0.30906,0,270.93,playing,5
282.4776,-18.9828,0,0,0.30906,0,264.62,playing,5
282.4944,-18.9828,0,0,,0,258.96,playing,5
282.5117,-14.2468,0,0,,0,253.27,playing,5
282.5274,-14.2468,0,0,,0,247.89,playing,5
282.5439,-7.6537,0,0,,0,243.11,playing,5
282.5617,-7.6537,0,0,,0,238.61,playing,5
282.5794,-7.6537,0,0,,0,233.91,playing,5
282.5962,14.2814,0,0,,0,229.56,playing,5
282.6118,14.2814,0,0,,0,225.98,playing,5
282.6296,14.2814,0,0,,0,222.68,playing,5
282.6483,16.0957,0,0,0.20954,0,219.32,playing,5
282.6646,16.0957,0,0,0.20954,0,216.17,playing,6
282.6813,10.2949,0,0,0.20954,0,213.81,playing,6
282.6984,10.2949,0,0,0.20954,0,211.61,playing,6
282.7146,10.2949,0,0,0.18326,0,209.73,playing,6
282.7313,6.2774,0,0,0.18326,0,208.24,playing,6
282.748,6.2774,0,0,0.18326,0,206.98,playing,6
282.7646,6.2774,0,0,0.18326,0,206.07,playing,6
282.7809,4.3289,0,0,0.18326,0,205.42,playing,6
282.7971,4.3289,0,0,0.25081,1,205.1,playing,6
282.8132,2.314,0,0,0.25081,0,205.05,playing,6
282.8299,0.3587,0,0,0.25081,0,205.32,playing,6
282.8459,0.3587,0,0,0.25081,0,205.86,playing,6
282.8624,-0.8769,0,0,0.31637,0,206.68,playing,6
282.881,-0.8769,0,0,0.31637,0,207.86,playing,6
282.8973,-0.8769,0,0,0.31637,0,209.48,playing,6
282.9144,-2.4143,0,0,0.31637,0,211.32,playing,6
282.9315,-2.4143,0,0,0.31637,0,213.48,playing,6
282.9476,-2.4143,0,0,0.29195,0,215.95,playing,6
282.9647,-2.5178,0,0,0.29195,0,218.57,playing,6
282.9809,-2.5178,0,0,0.29195,0,221.66,playing,6
282.9969,-2.7432,0,0,0.28985,0,224.85,playing,6
283.0132,-2.7432,0,0,0.28985,0,228.33,playing,6
283.0304,-2.7432,0,0,0.28985,0,232.34,playing,6
283.047,-2.6969,0,0,0.28985,0,236.67,playing,6
283.0631,-2.6969,0,0,0.28985,0,241.02,playing,6
283.0797,-2.6969,0,0,0.28985,0,245.66,playing,6
283.096,-20.1237,1,0,0.28985,0,250.9,playing,6
283.1123,-20.1237,0,0,0.32164,0,244.95,playing,6
283.1284,-20.0109,0,0,0.32164,0,238.93,playing,6
283.1451,-12.22,0,0,0.32164,0,233.55,playing,6
283.1624,-12.22,0,0,0.28819,0,228.16,playing,6
283.1789,0.8031,0,0,0.28819,0,223.08,playing,6
283.1956,0.8031,0,0,0.28819,0,218.58,playing,6
283.2132,0.8031,0,0,0.28819,0,214.12,playing,6
283.2299,12.7558,0,0,0.21417,0,209.76,playing,6
283.2466,12.7558,0,0,0.21417,0,206.16,playing,6
283.2633,12.7558,0,0,0.21417,0,202.65,playing,6
283.2872,11.4926,0,0,0.20732,0,199.46,playing,6
283.3031,11.4926,0,0,0.20732,0,195.73,playing,6
283.3196,11.4926,0,0,0.20732,0,193.41,playing,6
283.3361,11.4926,0,0,0.20732,0,191.27,playing,6
283.3515,11.4926,0,0,0.20732,0,189.53,playing,6
283.3676,4.6317,0,0,0.26583,1,188.08,playing,6
283.384,4.6317,0,0,0.26583,0,186.91,playing,6
283.4002,2.4653,0,0,0.26583,0,186.02,playing,6
283.4166,2.4653,0,0,0.26583,0,185.39,playing,6
283.4333,2.4653,0,0,0.27846,0,185.09,playing,6
283.4499,0.6032,0,0,0.27846,0,185.08,playing,6
283.466,0.6032,0,0,0.27846,0,185.35,playing,6
283.4826,0.6032,0,0,0.26417,0,185.9,playing,6
283.4996,-1.2304,0,0,0.26417,0,186.81,playing,6
283.5162,-1.2304,0,0,0.26417,0,188.03,playing,6
283.5334,-1.3378,0,0,0.25489,0,189.57,playing,6
283.5504,-1.3378,0,0,0.25489,0,191.43,playing,6
283.5673,-1.3378,0,0,0.25489,0,193.61,playing,6
283.585,-1.858,0,0,0.25041,0,196.11,playing,6
283.6006,-1.858,0,0,0.25041,0,198.92,playing,6
283.617,-1.858,0,0,0.25041,0,201.85,playing,6
283.633,-2.1467,0,0,0.25041,0,205.06,playing,6
283.6494,-2.1467,0,0,0.29275,0,208.55,playing,6
283.6661,-2.1467,0,0,0.29275,0,212.58,playing,6
283.6823,-2.0836,0,0,0.29275,0,216.66,playing,6
283.6994,-2.0836,0,0,0.26947,0,221.3,playing,6
283.716,-13.2644,1,0,0.26947,0,226.27,playing,6
283.7326,-13.2644,0,0,0.26947,0,220.31,playing,6
283.7506,-13.2644,0,0,0.26947,0,214.29,playing,6
283.769,-19.6239,0,0,0.29629,0,208.28,playing,6
283.7855,-19.6239,0,0,0.29629,0,202.63,playing,6
283.8021,-19.6239,0,0,0.29629,0,197.61,playing,6
283.8181,-13.005,0,0,0.29629,0,193.16,playing,6
283.8338,-13.005,0,0,0.18363,0,189.0,playing,6
283.8498,11.3671,0,0,0.18363,0,185.12,playing,6
283.8664,11.3671,0,0,0.18363,0,181.52,playing,6
283.8828,11.3671,0,0,0.18363,0,178.01,playing,6
283.8988,13.1554,0,0,0.17391,0,174.99,playing,6
283.9156,13.1554,0,0,0.17391,0,172.25,playing,6
283.9316,13.1554,0,0,0.17391,0,169.66,playing,6
283.9479,8.7824,0,0,0.17391,0,167.51,playing,6
283.9644,8.7824,0,0,0.18029,0,165.63,playing,6
283.9814,8.7824,0,0,0.18029,0,163.96,playing,6
283.9991,6.4205,0,0,0.18029,0,162.6,playing,6
284.0146,6.4205,0,0,0.18029,0,161.56,playing,6
284.0312,2.6725,0,0,0.26947,1,160.87,playing,6
284.0472,2.6725,0,0,0.26947,0,160.45,playing,6
284.0637,2.6725,0,0,0.26947,0,160.33,playing,6
284.0795,1.3745,0,0,0.27493,0,160.5,playing,6
284.096,1.3745,0,0,0.27493,0,160.94,playing,6
284.1123,1.3745,0,0,0.27493,0,161.67,playing,6
284.1284,-1.8518,0,0,0.31811,0,162.77,playing,6
284.145,-1.8518,0,0,0.31811,0,164.08,playing,6
284.1621,-1.8518,0,0,0.31811,0,165.79,playing,6
284.1789,-2.5229,0,0,0.34091,0,167.82,playing,6
284.1954,-2.5229,0,0,0.34091,0,170.01,playing,6
284.2122,-3.0153,0,0,0.34091,0,172.65,playing,6
284.2296,-3.0153,0,0,0.3074,0,175.61,playing,6
284.2457,-3.0153,0,0,0.3074,0,178.9,playing,6
284.2624,-2.0392,0,0,0.3074,0,182.26,playing,6
284.2787,-2.0392,0,0,0.33402,0,186.16,playing,6
284.2949,-2.0392,0,0,0.33402,0,190.11,playing,6
284.3115,-2.0392,0,0,0.33402,0,194.35,playing,6
284.3281,-2.0392,0,0,0.32171,0,199.16,playing,6
284.3434,-2.0392,0,0,0.32171,0,203.97,playing,6
284.36,-2.0481,0,0,0.32171,0,209.07,playing,6
284.3763,-2.0481,0,0,0.32171,0,214.44,playing,6
284.3934,-2.0481,0,0,0.30617,0,220.47,playing,6
284.4102,-2.0481,0,0,0.30617,0,226.82,playing,6
284.4265,-2.0481,0,0,0.30617,0,233.49,playing,6
284.4436,-16.0538,1,0,0.30617,0,240.04,playing,6
284.4602,-16.0538,0,0,0.30956,0,233.73,playing,6
284.4758,-16.0538,0,0,0.30956,0,228.07,playing,6
284.4917,-6.6709,0,0,0.30956,0,222.69,playing,6
284.5082,-6.6709,0,0,0.3381,0,217.6,playing,7
284.5239,9.6506,0,0,0.3381,0,212.78,playing,7
284.54,12.7775,0,0,0.3381,0,208.25,playing,7
284.5558,12.7775,0,0,0.19777,0,204.0,playing,7
284.5725,8.9838,0,0,0.19777,0,200.03,playing,7
284.589,8.9838,0,0,0.19777,0,196.13,playing,7
284.6054,8.9838,0,0,0.21353,0,192.74,playing,7
284.6221,6.7496,0,0,0.21353,0,189.46,playing,7
284.6397,6.7496,0,0,0.21353,0,186.49,playing,7
284.6558,6.7496,0,0,0.24254,1,183.85,playing,7
284.6726,4.3629,0,0,0.24254,0,181.64,playing,7
284.6896,4.3629,0,0,0.24254,0,179.61,playing,7
284.7063,1.458,0,0,0.24254,0,177.89,playing,7
284.7234,1.458,0,0,0.23521,0,176.5,playing,7
284.7396,1.458,0,0,0.23521,0,175.42,playing,7
284.7562,0.7509,0,0,0.23521,0,174.69,playing,7
284.7719,0.7509,0,0,0.28821,0,174.24,playing,7
284.788,0.7509,0,0,0.28821,0,174.08,playing,7
284.8041,-0.9557,0,0,0.28821,0,174.19,playing,7
284.8202,-0.9557,0,0,0.26916,0,174.58,playing,7
284.8367,-0.9557,0,0,0.26916,0,175.32,playing,7
284.853,-2.1939,0,0,0.26916,0,176.3,playing,7
284.8693,-2.1939,0,0,0.30365,0,177.56,playing,7
284.8861,-2.6264,0,0,0.30365,0,179.21,playing,7
284.9026,-2.6264,0,0,0.30365,0,181.05,playing,7
284.9196,-2.6264,0,0,0.30365,0,183.32,playing,7
284.9358,-2.436,0,0,0.25776,0,185.91,playing,7
284.9526,-2.436,0,0,0.25776,0,188.63,playing,7
284.9696,-2.436,0,0,0.25776,0,191.83,playing,7
284.9858,-2.7173,0,0,0.30057,0,195.36,playing,7
285.0019,-2.7173,0,0,0.30057,0,198.96,playing,7
285.0177,-2.7173,0,0,0.30057,0,202.84,playing,7
285.0341,-1.7773,0,0,0.29383,0,207.0,playing,7
285.0499,-1.7773,0,0,0.29383,0,211.44,playing,7
285.0665,-1.1979,0,0,0.29383,0,216.16,playing,7
285.0825,-1.1979,0,0,0.29383,0,221.5,playing,7
285.0988,-1.1979,0,0,0.26506,0,226.81,playing,7
285.1147,-19.017,1,0,0.26506,0,232.4,playing,7
285.1309,-19.017,0,0,0.26506,0,226.44,playing,7
285.1475,-19.017,0,0,0.29757,0,220.76,playing,7
285.1641,-10.554,0,0,0.29757,0,215.05,playing,7
285.1811,-10.554,0,0,0.29757,0,209.65,playing,7
285.1969,-10.554,0,0,0.29757,0,204.85,playing,7
285.2124,1.4541,0,0,0.33696,0,200.34,playing,7
285.2287,1.4541,0,0,0.33696,0,196.11,playing,7
285.2457,14.7875,0,0,0.33696,0,192.15,playing,7
285.2622,14.7875,0,0,0.20632,0,188.27,playing,7
285.2781,14.7875,0,0,0.20632,0,184.9,playing,7
285.2941,12.5685,0,0,0.20632,0,181.81,playing,7
285.3103,12.5685,0,0,0.20632,0,179.0,playing,7
285.327,12.5685,0,0,0.19109,0,176.34,playing,7
285.3426,6.348,0,0,0.19109,0,174.11,playing,7
285.3587,6.348,0,0,0.19109,0,172.17,playing,7
285.3749,6.348,0,0,0.22415,1,170.5,playing,7
285.3909,4.6892,0,0,0.22415,0,169.12,playing,7
285.407,4.6892,0,0,0.22415,0,168.02,playing,7
285.4231,4.6892,0,0,0.22415,0,167.2,playing,7
285.4418,2.7969,0,0,0.21008,0,166.65,playing,7
285.458,2.7969,0,0,0.21008,0,166.42,playing,7
285.4802,1.7446,0,0,0.21008,0,166.5,playing,7
285.4976,1.7446,0,0,0.21008,0,167.19,playing,7
285.5158,-0.4217,0,0,0.21008,0,168.02,playing,7
285.5326,-0.4217,0,0,0.24684,0,169.26,playing,7
285.5487,-0.4217,0,0,0.24684,0,170.74,playing,7
285.5654,-2.1911,0,0,0.24684,0,172.42,playing,7
285.5818,-2.1911,0,0,0.24684,0,174.53,playing,7
285.598,-2.1911,0,0,0.26587,0,176.79,playing,7
285.6142,-2.1911,0,0,0.26587,0,179.33,playing,7
285.6296,-2.1911,0,0,0.26587,0,182.15,playing,7
285.6468,-2.1911,0,0,0.28637,0,185.26,playing,7
285.6636,-2.3636,0,0,0.28637,0,188.88,playing,7
285.6796,-2.3636,0,0,0.28637,0,192.81,playing,7
285.6958,-2.2318,0,0,0.30498,0,196.8,playing,7
285.7118,-2.2318,0,0,0.30498,0,201.07,playing,7
285.7279,-2.2318,0,0,0.30498,0,205.61,playing,7
285.7441,-1.942,0,0,0.30498,0,210.45,playing,7
285.7606,-1.942,0,0,0.3022,0,215.9,playing,7
285.7771,-1.942,0,0,0.3022,0,221.31,playing,7
285.7934,-1.942,0,0,0.3022,0,227.0,playing,7
285.8101,-1.942,0,0,0.3022,0,233.37,playing,7
285.8264,-1.942,0,0,0.29001,0,239.64,playing,7
285.8431,-1.4344,0,0,0.29001,0,246.62,playing,7
285.8604,-1.2446,0,0,0.29001,0,253.92,playing,7
285.877,-8.9588,0,0,0.29001,0,261.54,playing,7
285.893,-8.9588,0,0,0.27891,0,269.0,playing,7
285.9085,-8.9588,0,0,0.27891,0,276.73,playing,7
285.9251,-12.1033,1,0,0.27891,0,284.75,playing,7
285.9432,-12.1033,0,0,0.27891,0,278.44,playing,7
285.9594,-12.1033,0,0,0.30767,0,272.11,playing,7
285.9767,-3.334,0,0,0.30767,0,266.77,playing,7
285.9924,-3.334,0,0,0.30767,0,261.41,playing,7
286.0088,-3.334,0,0,0.23911,0,256.65,playing,7
286.0254,-3.334,0,0,0.23911,0,252.17,playing,7
286.0424,-3.334,0,0,0.23911,0,247.72,playing,7
286.0591,11.9016,0,0,0.23911,0,243.6,playing,7
286.0765,11.9016,0,0,0.1796,0,239.79,playing,7
286.0927,11.9016,0,0,0.1796,0,236.3,playing,7
286.1089,10.1622,0,0,0.1796,0,233.3,playing,7
286.125,10.1622,0,0,0.19464,0,230.58,playing,7
286.141,10.1622,0,0,0.19464,0,228.14,playing,7
286.1567,10.1622,0,0,0.19464,0,225.99,playing,7
286.1724,10.1622,0,0,0.14998,0,224.11,playing,7
286.189,7.6229,0,0,0.14998,0,222.52,playing,7
286.2052,3.7621,0,0,0.14998,0,221.21,playing,7
286.2212,3.7621,0,0,0.14998,0,220.18,playing,7
286.2369,0.8573,0,0,0.29578,1,219.43,playing,7
286.2525,0.8573,0,0,0.29578,0,218.96,playing,7
286.2691,0.8573,0,0,0.29578,0,218.78,playing,7
286.2848,-0.1917,0,0,0.29578,0,218.87,playing,7
286.3011,-0.1917,0,0,0.28635,0,219.25,playing,7
286.3175,-0.1917,0,0,0.28635,0,219.91,playing,7
286.3346,-1.2697,0,0,0.28635,0,220.93,playing,7
286.3507,-1.2697,0,0,0.28635,0,222.26,playing,8
286.3667,-1.2697,0,0,0.28635,0,223.8,playing,8
286.383,-2.0566,0,0,0.30882,0,225.62,playing,8
286.3994,-2.0566,0,0,0.30882,0,227.72,playing,8
286.4165,-1.6037,0,0,0.30882,0,230.28,playing,8
286.4336,-1.6037,0,0,0.26842,0,233.15,playing,8
286.4505,-1.6037,0,0,0.26842,0,236.33,playing,8
286.4666,-2.4688,0,0,0.26842,0,239.84,playing,8
286.4828,-2.4688,0,0,0.26842,0,243.42,playing,8
286.4994,-2.4688,0,0,0.30457,0,247.28,playing,8
286.5154,-16.9723,1,0,0.30457,0,251.7,playing,8
286.5326,-16.9723,0,0,0.30457,0,245.75,playing,8
286.5486,-13.3961,0,0,0.30457,0,239.73,playing,8
286.5646,-13.3961,0,0,0.25704,0,234.35,playing,8
286.5814,-13.3961,0,0,0.25704,0,229.26,playing,8
286.5977,9.3119,0,0,0.25704,0,224.16,playing,8
286.6164,9.3119,0,0,0.27323,0,219.65,playing,8
286.633,9.3119,0,0,0.27323,0,214.68,playing,8
286.6495,13.39,0,0,0.27323,0,210.78,playing,8
286.666,13.39,0,0,0.27323,0,206.96,playing,8
286.6826,13.39,0,0,0.27323,0,203.64,playing,8
286.7003,9.526,0,0,0.17537,0,200.43,playing,8
286.7171,9.526,0,0,0.17537,0,197.39,playing,8
286.7329,9.526,0,0,0.17537,0,194.97,playing,8
286.7485,9.526,0,0,0.17537,0,192.83,playing,8
286.7651,9.526,0,0,0.17537,0,190.97,playing,8
286.7807,4.5231,0,0,0.16706,0,189.4,playing,8
286.7972,4.5231,0,0,0.16706,0,188.1,playing,8
286.8125,4.5231,0,0,0.16706,0,187.09,playing,8
286.8292,1.1155,0,0,0.29888,1,186.36,playing,8
286.845,1.1155,0,0,0.29888,0,185.91,playing,8
286.8607,1.1155,0,0,0.29888,0,185.74,playing,8
286.8766,0.0669,0,0,0.29888,0,185.86,playing,8
286.8936,0.0669,0,0,0.2825,0,186.25,playing,8
286.9105,-1.1573,0,0,0.2825,0,186.99,playing,8
286.9269,-1.1573,0,0,0.2825,0,188.04,playing,8
286.943,-1.1573,0,0,0.32175,0,189.32,playing,8
286.9588,-1.3186,0,0,0.32175,0,190.88,playing,8
286.9749,-1.3186,0,0,0.32175,0,192.71,playing,8
286.991,-1.3186,0,0,0.31103,0,194.83,playing,8
287.007,-1.9299,0,0,0.31103,0,197.24,playing,8
287.0231,-1.9299,0,0,0.31103,0,199.92,playing,8
287.0393,-1.9299,0,0,0.29619,0,202.88,playing,8
287.0558,-2.715,0,0,0.29619,0,206.35,playing,8
287.0721,-2.715,0,0,0.29619,0,209.9,playing,8
287.0886,-2.715,0,0,0.30184,0,213.73,playing,8
287.1056,-2.5884,0,0,0.30184,0,218.11,playing,8
287.1226,-2.5884,0,0,0.30184,0,222.81,playing,8
287.1383,-11.5486,0,0,0.32408,0,227.83,playing,8
287.1544,-11.5486,0,0,0.32408,0,232.84,playing,8
287.1708,-11.5486,0,0,0.32408,0,238.13,playing,8
287.1888,-20.0793,1,0,0.32408,0,243.7,playing,8
287.2045,-20.0793,0,0,0.3124,0,237.03,playing,8
287.2209,-20.0793,0,0,0.3124,0,231.39,playing,8
287.2369,-14.1803,0,0,0.3124,0,226.03,playing,8
287.253,-14.1803,0,0,0.32672,0,220.95,playing,8
287.2695,-7.3724,0,0,0.32672,0,216.16,playing,8
287.2866,11.2033,0,0,0.32672,0,211.38,playing,8
287.3032,11.2033,0,0,0.32672,0,206.92,playing,8
287.3189,15.4431,0,0,0.32672,0,203.0,playing,8
287.335,15.4431,0,0,0.32672,0,199.36,playing,8
287.3506,15.4431,0,0,0.32672,0,196.01,playing,8
287.3676,9.4229,0,0,0.32672,0,192.94,playing,8
287.3841,9.4229,0,0,0.17765,0,189.99,playing,8
287.3994,9.4229,0,0,0.17765,0,187.5,playing,8
287.4162,7.0557,0,0,0.17765,0,185.29,playing,8
287.4334,7.0557,0,0,0.17765,1,183.36,playing,8
287.4503,3.5093,0,0,0.22197,0,181.55,playing,8
287.467,3.5093,0,0,0.22197,0,180.16,playing,8
287.4833,3.5093,0,0,0.22197,0,179.13,playing,8
287.5,1.8948,0,0,0.24621,0,178.35,playing,8
287.5159,1.8948,0,0,0.24621,0,177.9,playing,8
287.5322,1.8948,0,0,0.24621,0,177.73,playing,8
287.548,1.1043,0,0,0.2838,0,177.85,playing,8
287.5643,1.1043,0,0,0.2838,0,178.24,playing,8
287.5806,1.1043,0,0,0.2838,0,178.98,playing,8
287.5978,-0.1744,0,0,0.2838,0,179.95,playing,8
287.6142,-0.857,0,0,0.2838,0,181.31,playing,8
287.6294,-1.0523,0,0,0.2838,0,182.87,playing,8
287.6465,-1.0523,0,0,0.2838,0,184.7,playing,8
287.6626,-1.0523,0,0,0.28775,0,186.98,playing,8
287.6787,-1.3193,0,0,0.28775,0,189.4,playing,8
287.6944,-1.3193,0,0,0.28775,0,192.1,playing,8
287.7105,-1.3193,0,0,0.28775,0,195.08,playing,8
287.7265,-1.3836,0,0,0.23663,0,198.34,playing,8
287.743,-1.3836,0,0,0.23663,0,201.89,playing,8
287.7596,-1.3836,0,0,0.23663,0,205.72,playing,8
287.7757,-2.1467,0,0,0.3242,0,210.1,playing,8
287.7919,-2.1467,0,0,0.3242,0,214.51,playing,8
287.808,-3.7546,0,0,0.3242,0,219.2,playing,8
287.8241,-11.8795,0,0,0.31098,0,224.17,playing,8
287.8402,-11.8795,0,0,0.31098,0,229.42,playing,8
287.8564,-20.0738,1,0,0.31098,0,234.96,playing,8
287.8731,-20.0738,0,0,0.31098,0,228.64,playing,8
287.8883,-20.0738,0,0,0.2782,0,222.98,playing,8
287.9047,4.786,0,0,0.2782,0,217.61,playing,8
287.9206,4.786,0,0,0.2782,0,212.51,playing,8
287.9366,4.786,0,0,0.25133,0,207.7,playing,8
287.9528,8.4075,0,0,0.25133,0,203.16,playing,8
287.9696,8.4075,0,0,0.25133,0,198.91,playing,8
287.9863,8.4075,0,0,0.25133,0,194.71,playing,8
288.003,8.637,0,0,0.25133,0,190.83,playing,8
288.0191,8.637,0,0,0.25133,0,187.46,playing,8
288.0347,7.1006,0,0,0.25133,0,184.37,playing,8
288.052,5.5282,0,0,0.25133,0,181.56,dead,8
288.0689,5.5282,0,0,0.16195,0,178.76,dead,8
288.0861,4.3566,0,0,0.16195,0,176.55,dead,8
288.1016,4.3566,0,0,0.16195,0,174.52,dead,8
288.1183,4.3566,0,0,0.26902,1,172.89,dead,8
288.1345,2.8693,0,0,0.26902,0,171.48,dead,8
288.151,2.8693,0,0,0.26902,0,170.43,dead,8
288.1666,2.8693,0,0,0.26902,0,169.67,dead,8
288.1833,0.6942,0,0,0.28219,0,169.18,dead,8
288.2,0.6942,0,0,0.28219,0,168.98,dead,8
288.2165,-0.1365,0,0,0.28219,0,169.08,dead,8
288.2336,-0.1365,0,0,0.28219,0,169.5,dead,8
288.2504,-0.1365,0,0,0.27655,0,170.24,dead,8
288.267,-1.2985,0,0,0.27655,0,171.29,dead,8
288.2848,-1.2985,0,0,0.27655,0,172.57,dead,8
288.3023,-1.2985,0,0,0.27655,0,174.36,dead,8
288.3185,-1.2985,0,0,0.30076,0,176.51,dead,8
288.3346,-1.2985,0,0,0.30076,0,178.7,dead,8
288.3507,-1.114,0,0,0.30076,0,181.17,dead,8
288.3673,-1.114,0,0,0.30076,0,183.92,dead,8
288.3836,-1.114,0,0,0.30744,0,187.17,dead,8
288.3996,-0.4665,0,0,0.30744,0,190.5,dead,8
288.4159,-0.4665,0,0,0.30744,0,194.12,dead,8
288.4326,-0.4665,0,0,0.29545,0,198.01,dead,8
288.4495,-0.7362,0,0,0.29545,0,202.47,dead,8
288.4665,-0.7362,0,0,0.29545,0,207.25,dead,8
288.4844,-0.8672,0,0,0.29545,0,212.34,dead,8
288.5006,-0.4615,0,0,0.29545,0,218.1,dead,8
288.5245,-0.4615,0,0,0.28108,0,223.49,dead,8
288.5411,-0.3772,0,0,0.28108,0,232.21,dead,8
288.5574,-0.3772,0,0,0.28108,0,238.31,dead,8
288.575,-0.3772,0,0,0.28108,0,245.11,dead,8
288.5912,-5.7323,0,0,0.26131,0,252.22,dead,8
288.6084,-5.7323,0,0,0.26131,0,259.65,dead,8
288.6255,-5.7323,0,0,0.26131,0,267.4,dead,8
288.6421,-5.7323,0,0,0.33186,0,275.47,dead,8
288.6585,-5.7323,0,0,0.33186,0,283.35,dead,8
288.6752,8.0798,1,0,0.33186,0,292.03,dead,8
288.6914,8.0798,0,0,0.30462,0,285.0,playing,0
288.7077,8.0798,0,0,0.30462,0,278.69,playing,0
288.7249,11.5269,0,0,0.30462,0,273.03,playing,0
288.7405,11.5269,0,0,0.1768,0,267.33,playing,0
288.7573,10.1753,0,0,0.1768,0,262.26,playing,0
288.7742,10.1753,0,0,0.1768,0,257.18,playing,0
288.7895,10.1753,0,0,0.1803,0,252.68,playing,0
288.8061,6.392,0,0,0.1803,0,248.46,playing,0
288.8213,6.392,0,0,0.1803,0,244.53,playing,0
288.8378,6.392,0,0,0.1803,0,240.88,playing,0
288.8544,4.7751,0,0,0.1803,0,237.51,playing,0
288.8704,4.7751,0,0,0.17198,0,234.24,playing,0
288.887,4.7751,0,0,0.17198,0,231.45,playing,0
288.9026,1.8294,0,0,0.17198,0,228.94,playing,0
288.9189,1.8294,0,0,0.16726,0,226.71,playing,0
288.9351,1.1203,0,0,0.16726,0,224.77,playing,0
288.9516,1.1203,0,0,0.16726,0,223.11,playing,0
288.9678,1.1203,0,0,0.28426,1,221.66,playing,0
288.9843,0.2526,0,0,0.28426,0,220.57,playing,0
289.0011,0.2526,0,0,0.28426,0,219.74,playing,0
289.0176,0.2526,0,0,0.28426,0,219.24,playing,0
289.0347,-1.4085,0,0,0.28426,0,219.02,playing,0
289.0511,-1.4085,0,0,0.28426,0,219.12,playing,0
289.0672,-1.4085,0,0,0.25097,0,219.5,playing,0
289.0844,-1.2766,0,0,0.25097,0,220.22,playing,0
289.1012,-1.2766,0,0,0.25097,0,221.26,playing,0
289.1175,-1.2273,0,0,0.25097,0,222.51,playing,0
289.1348,-1.2273,0,0,0.30543,0,224.17,playing,0
289.1521,-1.2273,0,0,0.30543,0,226.14,playing,0
289.1685,-1.1168,0,0,0.30543,0,228.43,playing,0
289.1845,-1.1168,0,0,0.30543,0,231.04,playing,0
289.2012,-1.1168,0,0,0.30543,0,233.77,playing,0
289.2168,-1.1036,0,0,0.26918,0,236.79,playing,0
289.2327,-1.1036,0,0,0.26918,0,240.09,playing,0
289.249,-1.9137,0,0,0.26918,0,243.67,playing,0
289.2654,-1.6203,0,0,0.31826,0,247.53,playing,0
289.2817,-1.6203,0,0,0.31826,0,251.96,playing,0
289.301,-2.1442,0,0,0.31826,0,256.4,playing,0
289.317,-2.1442,0,0,0.31826,0,262.07,playing,0
289.3324,-2.1442,0,0,0.31826,0,267.13,playing,0
289.3513,-2.1442,0,0,0.29577,0,272.47,playing,0
289.3679,-16.203,1,0,0.29577,0,279.21,playing,0
289.3845,-9.5488,0,0,0.29577,0,273.25,playing,0
289.4005,-9.5488,0,0,0.29577,0,267.24,playing,0
289.4174,-9.5488,0,0,0.28378,0,261.86,playing,0
289.4337,2.8515,0,0,0.28378,0,256.47,playing,0
289.45,2.8515,0,0,0.28378,0,251.67,playing,0
289.4662,2.8515,0,0,0.20721,0,247.15,playing,0
289.4827,14.2558,0,0,0.20721,0,242.68,playing,0
289.4989,14.2558,0,0,0.20721,0,238.74,playing,0
289.5155,14.2558,0,0,0.20721,0,235.09,playing,0
289.5322,11.1952,0,0,0.22638,1,231.52,playing,0
289.5493,11.1952,0,0,0.22638,0,228.28,playing,0
289.5667,8.5208,0,0,0.22638,0,225.35,playing,0
289.5827,8.5208,0,0,0.22638,0,222.74,playing,0
289.5994,8.5208,0,0,0.1852,0,220.57,playing,0
289.6161,3.9635,0,0,0.1852,0,218.58,playing,0
289.6326,3.9635,0,0,0.1852,0,216.9,playing,0
289.6491,3.9635,0,0,0.26254,0,215.61,playing,0
289.6665,2.1611,0,0,0.26254,0,214.55,playing,0
289.6835,2.1611,0,0,0.26254,0,213.81,playing,0
289.7,1.0851,0,0,0.26254,0,213.39,playing,0
289.7156,0.2623,0,0,0.26254,0,213.27,playing,0
289.7318,0.2623,0,0,0.23939,0,213.44,playing,0
289.7485,-0.2581,0,0,0.23939,0,213.89,playing,0
289.7651,-0.2581,0,0,0.23939,0,214.68,playing,0
289.781,-0.2581,0,0,0.30514,0,215.71,playing,0
289.7966,-1.3846,0,0,0.30514,0,217.02,playing,0
289.8136,-1.3846,0,0,0.30514,0,218.61,playing,0
289.8303,-1.3846,0,0,0.25879,0,220.62,playing,0
289.8475,-1.0212,0,0,0.25879,0,222.95,playing,0
289.864,-1.0212,0,0,0.25879,0,225.59,playing,0
289.88,-1.6229,0,0,0.32645,0,228.37,playing,0
289.8957,-1.6229,0,0,0.32645,0,231.42,playing,0
289.9118,-1.6229,0,0,0.32645,0,234.75,playing,0
289.9295,-2.3216,0,0,0.32645,0,238.37,playing,0
289.9476,-2.3216,0,0,0.29216,0,243.06,playing,0
289.9638,-2.3216,0,0,0.29216,0,247.58,playing,0
289.9805,-13.8082,1,0,0.29216,0,252.11,playing,0
289.9971,-13.8082,0,0,0.3139,0,245.79,playing,0
290.0127,-18.507,0,0,0.3139,0,240.14,playing,0
290.0294,-12.0627,0,0,0.3139,0,234.44,playing,0
290.0463,-12.0627,0,0,0.29027,0,229.36,playing,0
290.0632,-2.9572,0,0,0.29027,0,224.28,playing,0
290.0789,-2.9572,0,0,0.29027,0,219.79,playing,0
290.0946,-2.9572,0,0,0.29027,0,215.57,playing,0
290.1114,6.3166,0,0,0.1628,0,211.64,playing,0
290.128,6.3166,0,0,0.1628,0,207.77,playing,0
290.1445,6.3166,0,0,0.1628,0,204.42,playing,0
290.1606,11.5502,0,0,0.13543,0,201.17,playing,0
290.1765,11.5502,0,0,0.13543,0,198.4,playing,0
290.1926,11.5502,0,0,0.13543,0,195.91,playing,0
290.2093,9.0582,0,0,0.13543,0,193.7,playing,0
290.2257,9.0582,0,0,0.13543,0,191.67,playing,0
290.242,4.8185,0,0,0.22034,1,190.04,playing,0
290.2583,4.8185,0,0,0.22034,0,188.7,playing,0
290.275,4.8185,0,0,0.22034,0,187.58,playing,0
290.2915,3.1563,0,0,0.29118,0,186.82,playing,0
290.3086,3.1563,0,0,0.29118,0,186.32,playing,0
290.3253,3.1563,0,0,0.29118,0,186.14,playing,0
290.342,1.9313,0,0,0.29118,0,186.28,playing,0
290.3581,1.9313,0,0,0.29118,0,186.69,playing,0
290.3743,0.8738,0,0,0.27551,0,187.39,playing,0
290.3911,-0.1965,0,0,0.27551,0,188.44,playing,0
290.4072,-0.1965,0,0,0.27551,0,189.72,playing,0
290.4256,-0.7226,0,0,0.27551,0,191.39,playing,0
290.4421,-0.7226,0,0,0.29193,0,193.52,playing,0
290.4584,-0.7226,0,0,0.29193,0,195.69,playing,0
290.4751,-0.7226,0,0,0.29193,0,198.32,playing,0
290.4916,-0.7226,0,0,0.3021,0,201.26,playing,0
290.5082,-0.7226,0,0,0.3021,0,204.31,playing,0
290.5244,-1.3721,0,0,0.3021,0,207.65,playing,0
290.5413,-1.3721,0,0,0.3021,0,211.51,playing,0
290.5587,-1.2904,0,0,0.30636,0,215.69,playing,0
290.5748,-1.2904,0,0,0.30636,0,220.19,playing,0
290.5911,-1.2904,0,0,0.30636,0,224.7,playing,0
290.6069,-1.6302,0,0,0.27315,0,229.49,playing,0
290.6235,-1.6302,0,0,0.27315,0,234.57,playing,0
290.6405,-1.6302,0,0,0.27315,0,240.28,playing,0
290.6572,-18.825,1,0,0.29053,0,246.31,playing,0
290.673,-18.825,0,0,0.29053,0,240.35,playing,0
290.6888,-17.4396,0,0,0.29053,0,234.68,playing,0
290.7051,-7.4746,0,0,0.29053,0,229.28,playing,0
290.7215,-7.4746,0,0,0.26556,0,224.17,playing,0
290.7378,2.8981,0,0,0.26556,0,219.05,playing,0
290.7544,2.8981,0,0,0.26556,0,214.52,playing,0
290.7711,2.8981,0,0,0.26556,0,210.02,playing,0
290.7875,9.2676,0,0,0.20813,0,205.84,playing,0
290.8041,9.2676,0,0,0.20813,0,202.19,playing,0
290.8199,9.2676,0,0,0.20813,0,198.82,playing,0
290.8359,8.2884,0,0,0.17608,0,195.73,playing,0
290.8527,8.2884,0,0,0.17608,0,192.92,playing,0
290.87,6.8916,0,0,0.17608,0,190.25,playing,0
290.8863,6.8916,0,0,0.17608,0,187.91,playing,0
290.903,6.8916,0,0,0.19724,0,185.88,playing,0
290.9195,3.2062,0,0,0.19724,0,184.25,playing,0
290.936,3.2062,0,0,0.19724,0,182.84,playing,0
290.952,3.2062,0,0,0.19724,0,181.79,playing,0
290.9679,1.9678,0,0,0.27877,1,181.02,playing,0
290.9837,1.9678,0,0,0.27877,0,180.54,playing,0
291.0005,1.9678,0,0,0.27877,0,180.33,playing,0
291.0169,-0.0972,0,0,0.27877,0,180.44,playing,0
291.0336,-0.0972,0,0,0.28431,0,180.81,playing,0
291.0501,-0.4472,0,0,0.28431,0,181.53,playing,0
291.0654,-0.4472,0,0,0.28431,0,182.49,playing,0
291.0825,-0.4472,0,0,0.23933,0,183.73,playing,0
291.0989,-0.7445,0,0,0.23933,0,185.37,playing,0
291.1152,-0.7445,0,0,0.23933,0,187.19,playing,0
291.1318,-0.7445,0,0,0.28458,0,189.44,playing,1
291.1479,-1.3423,0,0,0.28458,0,191.84,playing,1
291.1636,-1.3423,0,0,0.28458,0,194.52,playing,1
291.1796,-1.3423,0,0,0.28458,0,197.49,playing,1
291.1959,-0.998,0,0,0.3362,0,200.74,playing,1
291.2123,-0.998,0,0,0.3362,0,204.26,playing,1
291.2297,-0.8943,0,0,0.3362,0,208.33,playing,1
291.2476,-0.8943,0,0,0.3362,0,212.71,playing,1
291.2643,-0.8943,0,0,0.32647,0,217.71,playing,1
291.281,-0.9649,0,0,0.32647,0,222.75,playing,1
291.3002,-0.9649,0,0,0.32647,0,227.78,playing,1
291.3159,-0.9649,0,0,0.32647,0,234.14,playing,1
291.3333,-3.1967,0,0,0.29506,0,239.78,playing,1
291.3501,-3.1967,0,0,0.29506,0,246.48,playing,1
291.3657,-16.7595,1,0,0.29506,0,252.72,playing,1
291.3815,-16.7595,0,0,0.29506,0,246.76,playing,1
291.3979,-16.7595,0,0,0.29506,0,241.08,playing,1
291.4145,-8.9795,0,0,0.31943,0,235.69,playing,1
291.4313,-8.9795,0,0,0.31943,0,230.27,playing,1
291.4482,-8.9795,0,0,0.31943,0,225.18,playing,1
291.4639,1.9784,0,0,0.22499,0,220.66,playing,1
291.4805,1.9784,0,0,0.22499,0,216.43,playing,1
291.4966,1.9784,0,0,0.22499,0,212.25,playing,1
291.5134,13.1201,0,0,0.22499,0,208.59,playing,1
291.5295,13.1201,0,0,0.22019,0,205.03,playing,1
291.5462,11.1452,0,0,0.22019,0,201.96,playing,1
291.5622,11.1452,0,0,0.22019,0,199.17,playing,1
291.578,11.1452,0,0,0.22019,0,196.66,playing,1
291.5944,8.1964,0,0,0.18731,0,194.43,playing,1
291.6103,8.1964,0,0,0.18731,0,192.38,playing,1
291.6269,8.1964,0,0,0.18731,0,190.74,playing,1
291.643,3.8256,0,0,0.22904,1,189.37,playing,1
291.6596,3.8256,0,0,0.22904,0,188.29,playing,1
291.6758,3.8256,0,0,0.22904,0,187.46,playing,1
291.6925,0.8511,0,0,0.28748,0,186.95,playing,1
291.7091,0.8511,0,0,0.28748,0,186.74,playing,1
291.7253,0.2738,0,0,0.28748,0,186.82,playing,1
291.7421,0.2738,0,0,0.26508,0,187.22,playing,1
291.7584,0.2738,0,0,0.26508,0,187.88,playing,1
291.775,-0.5915,0,0,0.26508,0,188.9,playing,1
291.7906,-0.5915,0,0,0.3041,0,190.14,playing,1
291.8073,-0.5915,0,0,0.3041,0,191.66,playing,1
291.8241,-1.3474,0,0,0.3041,0,193.59,playing,1
291.8403,-1.3474,0,0,0.29423,0,195.69,playing,1
291.8568,-1.3474,0,0,0.29423,0,198.25,playing,1
291.8736,-1.8736,0,0,0.29423,0,200.93,playing,1
291.8899,-1.8736,0,0,0.29452,0,204.1,playing,1
291.9064,-2.0916,0,0,0.29452,0,207.36,playing,1
291.9235,-2.0916,0,0,0.29452,0,211.15,playing,1
291.9398,-2.0916,0,0,0.28754,0,215.25,playing,1
291.9555,-2.1752,0,0,0.28754,0,219.4,playing,1
291.9722,-2.1752,0,0,0.28754,0,223.82,playing,1
291.9879,-2.1752,0,0,0.30483,0,228.53,playing,1
292.0042,-2.6536,0,0,0.30483,0,233.52,playing,1
292.0204,-2.6536,0,0,0.30483,0,239.14,playing,1
292.0369,-2.6536,0,0,0.30483,0,244.71,playing,1
292.0527,-4.3617,0,0,0.31192,0,250.56,playing,1
292.0688,-4.3617,0,0,0.31192,0,256.69,playing,1
292.0855,-21.03,1,0,0.31192,0,263.1,playing,1
292.102,-21.03,0,0,0.30655,0,256.79,playing,1
292.1183,-21.03,0,0,0.30655,0,251.13,playing,1
292.1347,-10.1766,0,0,0.30655,0,245.44,playing,1
292.1508,-10.1766,0,0,0.31802,0,240.36,playing,1
292.1671,-10.1766,0,0,0.31802,0,235.56,playing,1
292.1831,3.5191,0,0,0.31802,0,231.05,playing,1
292.1993,3.5191,0,0,0.31802,0,226.81,playing,1
292.2159,3.5191,0,0,0.19887,0,222.63,playing,1
292.2315,14.0999,0,0,0.19887,0,218.98,playing,1
292.2485,14.0999,0,0,0.19887,0,215.61,playing,1
292.2656,11.8735,0,0,0.20207,0,212.35,playing,1
292.2824,11.8735,0,0,0.20207,0,209.4,playing,1
292.2985,11.8735,0,0,0.20207,0,206.77,playing,1
292.3153,11.8735,0,0,0.20207,0,204.58,playing,1
292.3324,11.8735,0,0,0.20207,0,202.57,playing,1
292.3486,11.8735,0,0,0.19976,0,200.88,playing,1
292.3688,4.0836,0,0,0.19976,0,199.56,playing,1
292.3846,4.0836,0,0,0.19976,0,198.36,playing,1
292.402,4.0836,0,0,0.19976,0,197.68,playing,1
292.4178,4.0836,0,0,0.3339,1,197.28,playing,1
292.4346,4.0836,0,0,0.3339,0,197.18,playing,1
292.4511,1.1974,0,0,0.3339,0,197.4,playing,1
292.4672,1.1974,0,0,0.2862,0,197.88,playing,1
292.4843,1.1974,0,0,0.2862,0,198.71,playing,1
292.5006,0.3124,0,0,0.2862,0,199.86,playing,1
292.5167,0.3124,0,0,0.2862,0,201.23,playing,1
292.5333,-0.5162,0,0,0.31258,0,202.87,playing,1
292.55,-0.8072,0,0,0.31258,0,204.94,playing,1
292.5657,-0.8072,0,0,0.31258,0,207.16,playing,1
292.582,-1.9599,0,0,0.30264,0,209.67,playing,1
292.5983,-1.9599,0,0,0.30264,0,212.46,playing,1
292.6155,-1.9599,0,0,0.30264,0,215.74,playing,1
292.6321,-1.7719,0,0,0.30264,0,219.34,playing,1
292.6484,-1.7719,0,0,0.31134,0,223.01,playing,1
292.6648,-1.7719,0,0,0.31134,0,227.22,playing,1
292.6817,-2.2077,0,0,0.31134,0,231.47,playing,1
292.6975,-2.2077,0,0,0.31952,0,236.3,playing,1
292.7136,-2.8168,0,0,0.31952,0,241.13,playing,1
292.7302,-5.5276,0,0,0.31952,0,246.25,playing,1
292.7477,-5.5276,0,0,0.3057,0,252.0,playing,1
292.7634,-16.3914,1,0,0.3057,0,258.06,playing,1
292.7805,-16.3914,0,0,0.3057,0,252.11,playing,1
292.7971,-16.3914,0,0,0.31221,0,246.09,playing,1
292.8133,-11.0798,0,0,0.31221,0,240.71,playing,1
292.8301,-11.0798,0,0,0.31221,0,235.32,playing,1
292.8463,-11.0798,0,0,0.26931,0,230.52,playing,1
292.8629,3.6348,0,0,0.26931,0,225.74,playing,1
292.8791,3.6348,0,0,0.26931,0,221.53,playing,1
292.8953,13.3871,0,0,0.20019,0,217.59,playing,1
292.9116,13.3871,0,0,0.20019,0,213.73,playing,1
292.9275,13.3871,0,0,0.20019,0,210.38,playing,1
292.9441,10.3572,0,0,0.20005,0,207.31,playing,1
292.9604,10.3572,0,0,0.20005,0,204.51,playing,1
292.9767,10.3572,0,0,0.20005,0,201.87,playing,2
292.993,7.7574,0,0,0.20005,0,199.66,playing,2
293.0092,7.7574,0,0,0.23034,1,197.73,playing,2
293.0261,7.7574,0,0,0.23034,0,196.0,playing,2
293.0422,4.2396,0,0,0.23034,0,194.65,playing,2
293.0579,4.2396,0,0,0.23867,0,193.59,playing,2
293.0741,2.1868,0,0,0.23867,0,192.8,playing,2
293.0903,2.1868,0,0,0.23867,0,192.3,playing,2
293.1075,2.1868,0,0,0.25799,0,192.08,playing,2
293.1236,0.2382,0,0,0.25799,0,192.19,playing,2
293.1403,0.2382,0,0,0.25799,0,192.56,playing,2
293.1567,0.2382,0,0,0.33908,0,193.28,playing,2
293.173,-0.3656,0,0,0.33908,0,194.24,playing,2
293.1888,-0.3656,0,0,0.33908,0,195.48,playing,2
293.2049,-0.3656,0,0,0.29593,0,197.0,playing,2
293.2208,-0.7823,0,0,0.29593,0,198.81,playing,2
293.2365,-0.7823,0,0,0.29593,0,200.89,playing,2
293.253,-0.7823,0,0,0.29593,0,203.26,playing,2
293.2686,-1.5398,0,0,0.29593,0,205.91,playing,2
293.2859,-1.5398,0,0,0.29593,0,208.84,playing,2
293.302,-1.7571,0,0,0.29593,0,212.27,playing,2
293.3185,-1.7571,0,0,0.30737,0,215.78,playing,2
293.3351,-1.7571,0,0,0.30737,0,219.82,playing,2
293.3508,-1.7571,0,0,0.30737,0,223.92,playing,2
293.3663,-1.7571,0,0,0.32187,0,228.29,playing,2
293.3832,-1.7571,0,0,0.32187,0,232.94,playing,2
293.4,-2.4245,0,0,0.32187,0,238.21,playing,2
293.4224,-2.4245,0,0,0.29795,0,243.44,playing,2
293.4414,-14.2268,1,0,0.29795,0,251.55,playing,2
293.4586,-14.2268,0,0,0.29795,0,244.54,playing,2
293.4842,-13.7773,0,0,0.29795,0,238.58,playing,2
293.5006,-13.7773,0,0,0.29795,0,230.21,playing,2
293.5175,-13.7773,0,0,0.30776,0,225.34,playing,2
293.5345,-6.5258,0,0,0.30776,0,220.49,playing,2
293.5516,-6.5258,0,0,0.30776,0,215.96,playing,2
293.5679,-6.5258,0,0,0.30776,0,211.74,playing,2
293.586,16.5775,0,0,0.30776,0,208.05,playing,2
293.6021,16.5775,0,0,0.21826,0,204.26,playing,2
293.6184,16.5775,0,0,0.21826,0,201.17,playing,2
293.6345,16.5775,0,0,0.21826,0,198.2,playing,2
293.6517,16.5775,0,0,0.21826,0,195.69,playing,2
293.6674,11.1215,0,0,0.21826,0,193.35,playing,2
293.6843,11.1215,0,0,0.22651,1,191.42,playing,2
293.7011,11.1215,0,0,0.22651,0,189.69,playing,2
293.7175,8.5174,0,0,0.22651,0,188.27,playing,2
293.734,6.0354,0,0,0.20161,0,187.23,playing,2
293.7501,3.9762,0,0,0.20161,0,186.46,playing,2
293.7657,3.9762,0,0,0.20161,0,185.98,playing,2
293.782,3.9762,0,0,0.20161,0,185.77,playing,2
293.7986,0.0813,0,0,0.24205,0,185.85,playing,2
293.8148,0.0813,0,0,0.24205,0,186.25,playing,2
293.8309,0.0813,0,0,0.24205,0,186.91,playing,2
293.847,-1.1616,0,0,0.24205,0,187.85,playing,2
293.8629,-1.1616,0,0,0.25823,0,189.07,playing,2
293.8795,-1.1616,0,0,0.25823,0,190.58,playing,2
293.8988,-1.7413,0,0,0.25823,0,192.49,playing,2
293.9146,-1.7413,0,0,0.25823,0,195.03,playing,2
293.9312,-2.6901,0,0,0.30797,0,197.45,playing,2
293.9473,-2.6901,0,0,0.30797,0,200.15,playing,2
293.964,-2.6901,0,0,0.30797,0,203.34,playing,2
293.9801,-4.1579,0,0,0.30797,0,206.62,playing,2
293.9959,-4.1579,0,0,0.2766,0,210.19,playing,2
294.0115,-4.1579,0,0,0.2766,0,214.03,playing,2
294.0276,-4.819,0,0,0.2766,0,218.16,playing,2
294.0439,-4.819,0,0,0.28066,0,222.56,playing,2
294.0605,-4.819,0,0,0.28066,0,227.25,playing,2
294.0773,-4.1361,0,0,0.28066,0,232.55,playing,2
294.0935,-4.1361,0,0,0.28066,0,238.17,playing,2
294.1101,-2.753,0,0,0.27973,0,243.74,playing,2
294.1257,-2.753,0,0,0.27973,0,249.59,playing,2
294.1415,-2.753,0,0,0.27973,0,255.73,playing,2
294.1581,-3.2699,0,0,0.31661,0,262.14,playing,2
294.1738,-3.2699,0,0,0.31661,0,268.84,playing,2
294.1906,-3.2699,0,0,0.31661,0,275.81,playing,2
294.2072,-22.29,1,0,0.30171,0,283.55,playing,2
294.2233,-22.29,0,0,0.30171,0,277.59,playing,2
294.24,-22.29,0,0,0.30171,0,271.57,playing,2
294.2557,-7.8781,0,0,0.29483,0,266.2,playing,2
294.2726,-7.8781,0,0,0.29483,0,261.1,playing,2
294.2885,10.3745,0,0,0.29483,0,256.0,playing,2
294.3056,10.3745,0,0,0.29483,0,251.49,playing,2
294.3217,10.3745,0,0,0.28108,0,247.01,playing,2
294.3381,15.4541,0,0,0.28108,0,243.08,playing,2
294.3548,15.4541,0,0,0.28108,0,239.42,playing,2
294.3705,15.4541,0,0,0.28108,0,235.86,playing,2
294.3872,12.1234,0,0,0.22335,0,232.79,playing,2
294.404,12.1234,0,0,0.22335,0,229.84,playing,2
294.4197,12.1234,0,0,0.22335,0,227.35,playing,2
294.4367,9.6562,0,0,0.22335,0,225.14,playing,2
294.4555,9.6562,0,0,0.22335,0,223.11,playing,2
294.4723,9.6562,0,0,0.25749,0,221.24,playing,2
294.4896,9.6562,0,0,0.25749,0,219.88,playing,2
294.5057,9.6562,0,0,0.25749,0,218.84,playing,2
294.5219,2.9365,0,0,0.28336,0,218.15,playing,2
294.5394,2.9365,0,0,0.28336,0,217.73,playing,2
294.5551,2.9365,0,0,0.28336,0,217.61,playing,2
294.5706,1.7474,0,0,0.28336,0,217.78,playing,2
294.5874,1.7474,0,0,0.30103,0,218.23,playing,2
294.6035,0.7421,0,0,0.30103,0,219.02,playing,2
294.6198,-0.7886,0,0,0.30103,0,220.05,playing,2
294.6359,-0.7886,0,0,0.316,0,221.36,playing,2
294.6525,-1.2305,0,0,0.316,0,222.95,playing,2
294.6694,-1.2305,0,0,0.316,0,224.96,playing,2
294.686,-1.2305,0,0,0.316,0,227.29,playing,2
294.7034,-2.0854,0,0,0.26509,0,229.93,playing,2
294.7196,-2.0854,0,0,0.26509,0,232.9,playing,2
294.7353,-2.0854,0,0,0.26509,0,235.97,playing,2
294.7536,-1.7017,0,0,0.26509,0,239.32,playing,2
294.7698,-1.7017,0,0,0.29935,0,243.45,playing,2
294.7866,-2.3213,0,0,0.29935,0,247.4,playing,2
294.8035,-2.3213,0,0,0.29935,0,251.91,playing,2
294.8203,-2.3213,0,0,0.28823,0,256.74,playing,2
294.8368,-2.2833,0,0,0.28823,0,261.9,playing,3
294.8534,-2.2833,0,0,0.28823,0,267.02,playing,3
294.87,-2.2833,0,0,0.30063,0,272.79,playing,3
294.8867,-20.183,1,0,0.30063,0,278.5,playing,3
294.9031,-20.183,0,0,0.30063,0,272.19,playing,3
294.9192,2.1371,0,0,0.30289,0,266.53,playing,3
294.9365,2.1371,0,0,0.30289,0,260.84,playing,3
294.953,2.1371,0,0,0.30289,0,255.46,playing,3
294.9689,8.7894,0,0,0.23975,0,250.68,playing,3
294.985,8.7894,0,0,0.23975,0,246.18,playing,3
295.0022,8.7894,0,0,0.23975,0,241.97,playing,3
295.0186,8.622,0,0,0.23975,0,237.81,playing,3
295.0353,8.622,0,0,0.23975,0,233.96,playing,3
295.052,8.622,0,0,0.22001,0,230.44,playing,3
295.0685,4.5146,0,0,0.22001,0,227.4,playing,3
295.0846,4.5146,0,0,0.22001,0,224.49,playing,3
295.1011,2.7977,0,0,0.23386,0,222.03,playing,3
295.1173,2.7977,0,0,0.23386,0,219.86,playing,3
295.1345,2.7977,0,0,0.23386,0,217.87,playing,3
295.1515,0.5452,0,0,0.23386,0,216.19,playing,3
295.1674,0.5452,0,0,0.33846,0,214.84,playing,3
295.1836,0.5452,0,0,0.33846,0,213.84,playing,3
295.2003,0.0082,0,0,0.33846,0,213.13,playing,3
295.2169,0.0082,0,0,0.33846,0,212.69,playing,3
295.233,0.0082,0,0,0.2946,0,212.55,playing,3
295.2484,0.0082,0,0,0.2946,0,212.7,playing,3
295.2647,0.0082,0,0,0.2946,0,213.13,playing,3
295.2813,-0.7575,0,0,0.2946,0,213.85,playing,3
295.2981,-1.0673,0,0,0.30105,0,214.92,playing,3
295.3134,-1.0673,0,0,0.30105,0,216.21,playing,3
295.3297,-1.4666,0,0,0.30105,0,217.79,playing,3
295.3462,-1.4666,0,0,0.30105,0,219.64,playing,3
295.3623,-1.4666,0,0,0.27618,0,221.78,playing,3
295.3792,-1.6161,0,0,0.27618,0,224.37,playing,3
295.3949,-1.6161,0,0,0.27618,0,227.09,playing,3
295.4104,-1.6161,0,0,0.27618,0,230.09,playing,3
295.427,-1.5756,0,0,0.29087,0,233.37,playing,3
295.4426,-1.5756,0,0,0.29087,0,236.93,playing,3
295.4587,-1.5756,0,0,0.29087,0,240.78,playing,3
295.4744,-1.5756,0,0,0.28431,0,244.9,playing,3
295.4912,-1.5756,0,0,0.28431,0,249.31,playing,3
295.508,-16.9781,1,0,0.28431,0,254.31,playing,3
295.5241,-16.9781,0,0,0.28431,0,248.36,playing,3
295.5414,-16.9781,0,0,0.30645,0,242.34,playing,3
295.558,-9.239,0,0,0.30645,0,236.65,playing,3
295.5736,-9.239,0,0,0.30645,0,231.57,playing,3
295.5896,-9.239,0,0,0.20301,0,226.77,playing,3
295.6062,7.2667,0,0,0.20301,0,222.26,playing,3
295.6228,7.2667,0,0,0.20301,0,217.78,playing,3
295.6385,16.0031,0,0,0.1965,0,213.84,playing,3
295.6548,14.4159,0,0,0.1965,0,210.19,playing,3
295.6705,14.4159,0,0,0.1965,0,206.82,playing,3
295.6867,8.3366,0,0,0.1986,0,203.73,playing,3
295.7028,8.3366,0,0,0.1986,0,200.92,playing,3
295.7184,8.3366,0,0,0.1986,0,198.4,playing,3
295.735,5.9481,0,0,0.18805,0,196.15,playing,3
295.751,5.9481,0,0,0.18805,0,194.19,playing,3
295.7675,5.9481,0,0,0.18805,0,192.51,playing,3
295.7858,4.1152,0,0,0.18805,1,191.04,playing,3
295.8029,4.1152,0,0,0.24663,0,189.79,playing,3
295.8188,2.2646,0,0,0.24663,0,189.03,playing,3
295.835,0.4228,0,0,0.24663,0,188.54,playing,3
295.8512,0.4228,0,0,0.28011,0,188.34,playing,3
295.8678,-1.1122,0,0,0.28011,0,188.44,playing,3
295.8845,-1.1122,0,0,0.28011,0,188.82,playing,3
295.9014,-1.1122,0,0,0.29309,0,189.54,playing,3
295.9181,-1.8962,0,0,0.29309,0,190.57,playing,3
295.9338,-1.8962,0,0,0.29309,0,191.83,playing,3
295.9506,-1.8962,0,0,0.29309,0,193.37,playing,3
295.9669,-1.8962,0,0,0.3007,0,195.32,playing,3
295.9825,-1.8962,0,0,0.3007,0,197.44,playing,3
295.9992,-2.0107,0,0,0.3007,0,199.85,playing,3
296.0159,-2.313,0,0,0.26174,0,202.72,playing,3
296.0315,-2.313,0,0,0.26174,0,205.7,playing,3
296.0476,-2.5344,0,0,0.26174,0,208.96,playing,3
296.0647,-2.5344,0,0,0.26174,0,212.51,playing,3
296.0806,-2.5344,0,0,0.3057,0,216.59,playing,3
296.0976,-2.8512,0,0,0.3057,0,220.72,playing,3
296.1147,-2.8512,0,0,0.3057,0,225.42,playing,3
296.1314,-2.8512,0,0,0.3057,0,230.44,playing,3
296.1481,-3.2557,0,0,0.32143,0,235.78,playing,3
296.1642,-3.2557,0,0,0.32143,0,241.08,playing,3
296.181,-3.2557,0,0,0.32143,0,247.04,playing,3
296.1969,-3.2557,0,0,0.32143,0,252.93,playing,3
296.213,-3.2557,0,0,0.32143,0,259.09,playing,3
296.2324,-20.3884,1,0,0.3071,0,265.54,playing,3
296.2495,-20.3884,0,0,0.3071,0,258.18,playing,3
296.266,-20.3884,0,0,0.3071,0,252.25,playing,3
296.2822,-8.4376,0,0,0.20445,0,246.94,playing,3
296.2989,-8.4376,0,0,0.20445,0,241.62,playing,3
296.3148,-3.9741,0,0,0.20445,0,236.89,playing,3
296.3309,-3.9741,0,0,0.20445,0,232.45,playing,3
296.3475,-3.9741,0,0,0.21649,0,228.28,playing,3
296.3644,17.949,0,0,0.21649,0,224.18,playing,3
296.3816,17.949,0,0,0.21649,0,220.39,playing,3
296.3981,17.949,0,0,0.23519,1,216.92,playing,3
296.4151,17.949,0,0,0.23519,0,213.77,playing,3
296.4305,17.949,0,0,0.23519,0,211.08,playing,3
296.4471,17.949,0,0,0.23519,0,208.68,playing,3
296.4649,10.5045,0,0,0.23519,0,206.44,playing,3
296.4813,10.5045,0,0,0.14462,0,204.53,playing,3
296.4982,7.3988,0,0,0.14462,0,202.93,playing,3
296.5144,7.3988,0,0,0.14462,0,201.7,playing,3
296.531,7.3988,0,0,0.14462,0,200.72,playing,3
296.5483,4.7248,0,0,0.26847,0,200.06,playing,3
296.5651,4.7248,0,0,0.26847,0,199.71,playing,3
296.5814,4.7248,0,0,0.26847,0,199.66,playing,3
296.5976,0.8319,0,0,0.26847,0,199.93,playing,3
296.6134,0.8319,0,0,0.2884,0,200.47,playing,3
296.6297,-0.6057,0,0,0.2884,0,201.29,playing,3
296.6455,-0.6057,0,0,0.2884,0,202.39,playing,3
296.6624,-0.6057,0,0,0.33909,0,203.77,playing,3
296.6784,-2.7688,0,0,0.33909,0,205.55,playing,4
296.6947,-2.7688,0,0,0.33909,0,207.52,playing,4
296.7109,-2.7688,0,0,0.30677,0,209.76,playing,4
296.7266,-3.019,0,0,0.30677,0,212.28,playing,4
296.7432,-3.019,0,0,0.30677,0,215.09,playing,4
296.76,-3.019,0,0,0.30677,0,218.18,playing,4
296.7769,-3.3873,0,0,0.2873,0,222.01,playing,4
296.793,-3.3873,0,0,0.2873,0,225.69,playing,4
296.8088,-3.4006,0,0,0.2873,0,229.66,playing,4
296.8251,-3.3937,0,0,0.30786,0,233.91,playing,4
296.8418,-3.3937,0,0,0.30786,0,238.75,playing,4
296.8579,-3.7577,0,0,0.30786,0,243.58,playing,4
296.874,-3.7577,0,0,0.27649,0,248.69,playing,4
296.8901,-3.7577,0,0,0.27649,0,254.08,playing,4
296.9061,-3.7577,0,0,0.27649,0,259.76,playing,4
296.9219,-3.7577,0,0,0.27649,0,265.71,playing,4
296.9381,-3.7577,0,0,0.31641,0,271.95,playing,4
296.9539,-23.0861,1,0,0.31641,0,278.47,playing,4
296.9703,-23.0861,0,0,0.31641,0,272.51,playing,4
296.9876,-17.7378,0,0,0.31481,0,266.5,playing,4
297.0042,-17.7378,0,0,0.31481,0,260.81,playing,4
297.0209,-17.7378,0,0,0.31481,0,255.43,playing,4
297.0373,-4.008,0,0,0.29673,0,250.65,playing,4
297.0535,-4.008,0,0,0.29673,0,245.89,playing,4
297.0699,-4.008,0,0,0.29673,0,241.69,playing,4
297.0868,13.3261,0,0,0.29673,0,237.77,playing,4
297.1029,13.3261,0,0,0.23407,0,233.93,playing,4
297.1193,13.3261,0,0,0.23407,0,230.59,playing,4
297.136,10.8968,0,0,0.23407,0,227.37,playing,4
297.1521,10.8968,0,0,0.23407,0,224.61,playing,4
297.1686,8.4522,0,0,0.19934,0,222.14,playing,4
297.1848,6.1194,0,0,0.19934,0,219.83,playing,4
297.2012,6.1194,0,0,0.19934,0,217.94,playing,4
297.2185,4.4255,0,0,0.19934,0,216.24,playing,4
297.2348,4.4255,0,0,0.26506,1,214.87,playing,4
297.2515,4.4255,0,0,0.26506,0,213.85,playing,4
297.268,1.669,0,0,0.26506,0,213.1,playing,4
297.2845,1.669,0,0,0.26506,0,212.66,playing,4
297.3064,0.9004,0,0,0.32619,0,212.52,playing,4
297.3223,0.9004,0,0,0.32619,0,212.87,playing,4
297.3394,0.9004,0,0,0.32619,0,213.41,playing,4
297.356,-1.0118,0,0,0.32619,0,214.3,playing,4
297.3718,-1.0118,0,0,0.25486,0,215.41,playing,4
297.388,-1.0118,0,0,0.25486,0,216.81,playing,4
297.4041,-0.6671,0,0,0.25486,0,218.49,playing,4
297.4205,-0.6671,0,0,0.25486,0,220.59,playing,4
297.4372,-0.6671,0,0,0.30693,0,222.85,playing,4
297.4525,-0.6671,0,0,0.30693,0,225.4,playing,4
297.4684,-0.6671,0,0,0.30693,0,228.22,playing,4
297.4845,-2.1098,0,0,0.32346,0,231.33,playing,4
297.5006,-1.7675,0,0,0.32346,0,234.71,playing,4
297.5174,-1.7675,0,0,0.32346,0,238.38,playing,4
297.5334,-2.7351,0,0,0.32346,0,242.6,playing,4
297.5497,-2.7351,0,0,0.2949,0,246.85,playing,4
297.5664,-2.7351,0,0,0.2949,0,251.38,playing,4
297.5829,-19.841,1,0,0.2949,0,256.51,playing,4
297.5988,-19.841,0,0,0.32918,0,250.55,playing,4
297.615,-19.841,0,0,0.32918,0,244.88,playing,4
297.6322,-13.0629,0,0,0.32918,0,239.16,playing,4
297.6478,-13.0629,0,0,0.32918,0,234.07,playing,4
297.6636,-7.2643,0,0,0.22002,0,229.25,playing,4
297.6799,-7.2643,0,0,0.22002,0,224.72,playing,4
297.6967,-7.2643,0,0,0.22002,0,220.47,playing,4
297.7129,18.0974,0,0,0.2187,0,216.27,playing,4
297.7296,18.0974,0,0,0.2187,0,212.6,playing,4
297.7457,18.0974,0,0,0.2187,0,209.02,playing,4
297.7618,16.3849,0,0,0.2187,0,205.93,playing,4
297.7783,16.3849,0,0,0.18662,0,203.12,playing,4
297.795,16.3849,0,0,0.18662,0,200.45,playing,4
297.8121,8.9895,0,0,0.18662,0,198.11,playing,4
297.8286,8.9895,0,0,0.18662,1,196.18,playing,4
297.8446,6.3277,0,0,0.22036,0,194.45,playing,4
297.8606,6.3277,0,0,0.22036,0,193.1,playing,4
297.8773,6.3277,0,0,0.22036,0,192.04,playing,4
297.8935,4.0119,0,0,0.28322,0,191.22,playing,4
297.9102,4.0119,0,0,0.28322,0,190.74,playing,4
297.9275,4.0119,0,0,0.28322,0,190.54,playing,4
297.9435,0.8435,0,0,0.28322,0,190.66,playing,4
297.9598,0.8435,0,0,0.25041,0,191.05,playing,4
297.9765,0.8435,0,0,0.25041,0,191.73,playing,4
297.9935,-0.3966,0,0,0.25041,0,192.77,playing,4
298.0099,-0.3966,0,0,0.24657,0,194.12,playing,4
298.0255,-1.7516,0,0,0.24657,0,195.68,playing,4
298.0422,-1.7516,0,0,0.24657,0,197.52,playing,4
298.0591,-1.7516,0,0,0.24657,0,199.79,playing,4
298.0759,-1.7516,0,0,0.30383,0,202.38,playing,4
298.0925,-1.7516,0,0,0.30383,0,205.1,playing,4
298.1086,-1.7516,0,0,0.30383,0,208.3,playing,4
298.1249,-3.0709,0,0,0.29309,0,211.6,playing,4
298.1415,-3.0709,0,0,0.29309,0,215.18,playing,4
298.1586,-3.2611,0,0,0.29309,0,219.31,playing,4
298.1754,-6.3959,0,0,0.30939,0,223.75,playing,4
298.1923,-6.3959,0,0,0.30939,0,228.5,playing,4
298.209,-21.9531,1,0,0.30939,0,233.58,playing,4
298.2253,-21.9531,0,0,0.30939,0,227.62,playing,4
298.243,-21.9531,0,0,0.32851,0,221.61,playing,4
298.2587,-11.5289,0,0,0.32851,0,215.91,playing,4
298.2748,-11.5289,0,0,0.32851,0,210.84,playing,4
298.291,-11.5289,0,0,0.32851,0,206.04,playing,4
298.3067,-3.3329,0,0,0.32155,0,201.52,playing,4
298.3234,-3.3329,0,0,0.32155,0,197.29,playing,4
298.3405,7.7387,0,0,0.32155,0,193.11,playing,4
298.3572,7.7387,0,0,0.32155,0,189.25,playing,4
298.3744,7.7387,0,0,0.32155,0,185.7,playing,4
298.3916,10.5334,0,0,0.21089,0,182.48,playing,4
298.4082,10.5334,0,0,0.21089,0,179.57,playing,4
298.4239,10.5334,0,0,0.21089,0,177.11,playing,4
298.4434,8.5069,0,0,0.21089,0,174.94,playing,4
298.4605,8.5069,0,0,0.198,0,172.66,playing,4
298.4775,5.3644,0,0,0.198,0,171.04,playing,4
298.4942,5.3644,0,0,0.198,0,169.74,playing,4
298.5105,5.3644,0,0,0.2095,0,168.8,playing,4
298.527,4.258,0,0,0.2095,0,168.12,playing,5
298.543,4.258,0,0,0.2095,0,167.75,playing,5
298.5587,4.258,0,0,0.27629,1,167.67,playing,5
298.5746,4.258,0,0,0.27629,0,167.88,playing,5
298.5905,4.258,0,0,0.27629,0,168.36,playing,5
298.6071,4.258,0,0,0.27629,0,169.12,playing,5
298.6232,0.8672,0,0,0.28995,0,170.17,playing,5
298.6397,0.8672,0,0,0.28995,0,171.6,playing,5
298.6559,-0.1599,0,0,0.28995,0,173.23,playing,5
298.6716,-0.1599,0,0,0.30296,0,175.14,playing,5
298.6883,-0.1599,0,0,0.30296,0,177.33,playing,5
298.7057,-0.9643,0,0,0.30296,0,179.97,playing,5
298.722,-0.9643,0,0,0.30296,0,182.93,playing,5
298.7386,-0.9643,0,0,0.34902,0,186.0,playing,5
298.7545,-1.3054,0,0,0.34902,0,189.58,playing,5
298.7711,-1.3054,0,0,0.34902,0,193.24,playing,5
298.7868,-1.3054,0,0,0.30475,0,197.17,playing,5
298.803,-1.4081,0,0,0.30475,0,201.38,playing,5
298.8191,-1.4081,0,0,0.30475,0,205.88,playing,5
298.8363,-2.1713,0,0,0.30475,0,210.97,playing,5
298.853,-2.1713,0,0,0.29757,0,216.39,playing,5
298.8689,-2.1713,0,0,0.29757,0,221.76,playing,5
298.8854,-6.9846,0,0,0.29757,0,227.42,playing,5
298.9025,-6.9846,0,0,0.29757,0,233.75,playing,5
298.9186,-6.9846,0,0,0.29757,0,240.4,playing,5
298.935,-14.7691,1,0,0.29757,0,246.93,playing,5
298.951,-14.7691,0,0,0.29757,0,240.98,playing,5
298.9677,-14.7691,0,0,0.29757,0,235.3,playing,5
298.9855,-5.8535,0,0,0.33131,0,229.27,playing,5
299.002,-5.8535,0,0,0.33131,0,223.89,playing,5
299.0176,10.3236,0,0,0.33131,0,219.11,playing,5
299.0339,10.3236,0,0,0.33131,0,214.61,playing,5
299.0503,10.3236,0,0,0.22575,0,210.4,playing,5
299.0677,13.6224,0,0,0.22575,0,206.24,playing,5
299.0839,12.2112,0,0,0.22575,0,202.39,playing,5
299.1002,12.2112,0,0,0.22575,0,199.06,playing,5
299.1166,9.7778,0,0,0.15977,0,196.0,playing,5
299.1333,9.7778,0,0,0.15977,0,193.08,playing,5
299.1496,5.2901,0,0,0.15977,0,190.47,playing,5
299.1658,5.2901,0,0,0.25085,1,188.29,playing,5
299.182,5.2901,0,0,0.25085,0,186.4,playing,5
299.1979,3.6127,0,0,0.25085,0,184.79,playing,5
299.2144,3.6127,0,0,0.25085,0,183.46,playing,5
299.2316,3.6127,0,0,0.25404,0,182.36,playing,5
299.248,1.6859,0,0,0.25404,0,181.59,playing,5
299.2642,1.6859,0,0,0.25404,0,181.14,playing,5
299.2806,1.6859,0,0,0.26953,0,180.98,playing,5
299.2972,0.6584,0,0,0.26953,0,181.11,playing,5
299.3128,0.6584,0,0,0.26953,0,181.52,playing,5
299.3286,-0.7733,0,0,0.27322,0,182.22,playing,5
299.3449,-0.7733,0,0,0.27322,0,183.19,playing,5
299.3607,-0.7733,0,0,0.27322,0,184.45,playing,5
299.3771,-0.7733,0,0,0.28357,0,185.99,playing,5
299.3936,-0.7733,0,0,0.28357,0,187.81,playing,5
299.4099,-0.7733,0,0,0.28357,0,190.06,playing,5
299.4267,-3.2263,0,0,0.28357,0,192.46,playing,5
299.4433,-3.2263,0,0,0.30939,0,195.33,playing,5
299.4599,-3.2263,0,0,0.30939,0,198.52,playing,5
299.4759,-5.2097,0,0,0.30939,0,201.8,playing,5
299.4921,-5.2097,0,0,0.29153,0,205.37,playing,5
299.5077,-5.2097,0,0,0.29153,0,209.21,playing,5
299.5244,-3.9084,0,0,0.29153,0,213.34,playing,5
299.5416,-3.9084,0,0,0.32138,0,218.04,playing,5
299.5578,-3.3373,0,0,0.32138,0,223.06,playing,5
299.574,-3.3373,0,0,0.32138,0,228.06,playing,5
299.5898,-3.3373,0,0,0.32138,0,233.35,playing,5
299.6065,-1.0793,0,0,0.32138,0,238.92,playing,5
299.6235,-1.0793,0,0,0.32138,0,245.16,playing,5
299.6403,-1.0793,0,0,0.30928,0,251.71,playing,5
299.657,-0.326,0,0,0.30928,0,258.58,playing,5
299.6726,-0.326,0,0,0.30928,0,265.33,playing,5
299.6891,-8.7218,0,0,0.35287,0,272.36,playing,5
299.706,-8.7218,0,0,0.35287,0,280.15,playing,5
299.7221,-8.7218,0,0,0.35287,0,287.76,playing,5
299.7386,-13.8325,1,0,0.35287,0,295.65,playing,5
299.7553,-13.8325,0,0,0.32653,0,289.34,playing,5
299.7721,-13.8325,0,0,0.32653,0,283.35,playing,5
299.7915,-11.0862,0,0,0.32653,0,277.99,playing,5
299.8081,-11.0862,0,0,0.32653,0,271.73,playing,5
299.8242,11.4011,0,0,0.26092,0,267.0,playing,5
299.842,11.4011,0,0,0.26092,0,262.04,playing,5
299.8578,11.4011,0,0,0.26092,0,257.91,playing,5
299.8741,11.383,0,0,0.22985,0,254.07,playing,5
299.8902,11.383,0,0,0.22985,0,250.5,playing,5
299.9061,11.383,0,0,0.22985,0,247.22,playing,5
299.9219,9.0273,0,0,0.23052,0,244.22,playing,5
299.9377,9.0273,0,0,0.23052,0,241.5,playing,5
299.9534,9.0273,0,0,0.23052,0,239.06,playing,5
299.9698,7.5616,0,0,0.23052,0,236.9,playing,5
299.9865,7.5616,0,0,0.28019,0,235.03,playing,5
300.0031,7.5616,0,0,0.28019,0,233.35,playing,5
300.0192,4.5556,0,0,0.28019,0,232.06,playing,5
300.0365,4.5556,0,0,0.27971,0,231.0,playing,5
300.053,2.357,0,0,0.27971,0,230.26,playing,5
300.0688,2.357,0,0,0.27971,0,229.85,playing,5
300.0851,2.357,0,0,0.33384,0,229.71,playing,5
300.1012,1.3828,0,0,0.33384,0,229.86,playing,5
300.1178,1.3828,0,0,0.33384,0,230.34,playing,5
300.1335,1.3828,0,0,0.31429,0,231.07,playing,5
300.1498,-6.8377,0,0,0.31429,0,232.08,playing,5
300.1664,-6.8377,0,0,0.31429,0,233.37,playing,5
300.183,-6.8377,0,0,0.31429,0,235.06,playing,5
300.1992,-19.2827,0,0,0.28969,0,236.94,playing,5
300.2166,-19.2827,0,0,0.28969,0,239.25,playing,5
300.2332,-13.3229,0,0,0.28969,0,241.87,playing,5
300.2498,-13.3229,0,0,0.27976,0,244.82,playing,5
300.2664,-13.3229,0,0,0.27976,0,247.87,playing,5
300.2832,9.1342,0,0,0.27976,0,251.43,playing,5
300.299,9.1342,0,0,0.20949,0,255.06,playing,5
300.3157,9.1342,0,0,0.20949,0,259.24,playing,5
300.3324,9.3813,0,0,0.20949,0,263.46,playing,5
300.3495,9.3813,0,0,0.23529,1,268.25,playing,5
300.3663,5.3263,0,0,0.23529,0,273.37,playing,6
300.383,5.3263,0,0,0.23529,0,278.8,playing,6
300.3988,5.3263,0,0,0.23529,0,284.19,dead,6
300.4165,3.6893,0,0,0.23529,0,289.87,dead,6
300.433,3.6893,0,0,0.2384,0,296.61,dead,6
300.4491,3.6893,0,0,0.2384,0,302.88,dead,6
300.4649,2.708,0,0,0.2384,0,309.44,dead,6
300.4815,2.708,0,0,0.2384,0,316.27,dead,6
300.4982,2.708,0,0,0.22022,0,323.86,dead,6
300.5153,2.708,0,0,0.22022,0,331.76,dead,6
300.532,2.708,0,0,0.22022,0,339.97,dead,6
300.5484,-0.3247,0,0,0.29021,0,347.99,dead,6
300.5653,-0.3247,0,0,0.29021,0,356.82,dead,6
300.5814,-0.3247,0,0,0.29021,0,365.98,dead,6
300.5975,-2.0372,0,0,0.29021,0,374.87,dead,6
300.614,-2.0372,0,0,0.28352,0,384.05,dead,6
300.6295,-2.0372,0,0,0.28352,0,393.51,dead,6
300.6463,-2.0372,0,0,0.28352,0,403.25,dead,6
300.6631,-2.0372,0,0,0.28352,0,413.92,dead,6
300.6797,-2.0372,0,0,0.28352,0,424.9,dead,6
300.6959,-2.0372,0,0,0.28352,0,435.52,dead,6
300.7123,-2.0372,0,0,0.28352,0,446.43,dead,6
300.7289,-1.8904,0,0,0.28859,0,458.33,dead,6
300.7445,-1.8904,0,0,0.28859,0,469.53,dead,6
300.7609,-1.8904,0,0,0.28859,0,480.73,dead,6
300.7771,-0.4923,0,0,0.28859,0,491.93,dead,6
300.7927,-0.4923,0,0,0.29161,0,496.0,dead,6
300.8084,-0.4923,0,0,0.29161,0,496.0,dead,6
300.825,-1.3518,0,0,0.29161,0,496.0,dead,6
300.8407,-1.3518,0,0,0.29161,0,496.0,dead,6
300.8611,-18.0985,1,0,0.30504,0,496.0,dead,6
300.8771,-18.0985,0,0,0.30504,0,285.0,playing,0
300.8932,-18.0985,0,0,0.30504,0,279.04,playing,0
300.9094,-18.0985,0,0,0.30504,0,273.36,playing,0
300.9257,-18.0985,0,0,0.30504,0,267.65,playing,0
300.9419,-18.0985,0,0,0.29506,0,262.56,playing,0
300.9584,8.0699,0,0,0.29506,0,257.74,playing,0
300.9746,8.0699,0,0,0.29506,0,252.94,playing,0
300.9905,8.0699,0,0,0.25404,0,248.71,playing,0
301.0074,10.904,0,0,0.25404,0,244.76,playing,0
301.0243,10.904,0,0,0.25404,0,240.88,playing,0
301.0412,7.5061,0,0,0.17604,0,237.31,playing,0
301.0569,7.5061,0,0,0.17604,0,234.24,playing,0
301.0729,7.5061,0,0,0.17604,0,231.45,playing,0
301.089,5.9721,0,0,0.19197,0,228.94,playing,0
301.1047,5.9721,0,0,0.19197,0,226.71,playing,0
301.1213,5.9721,0,0,0.19197,0,224.77,playing,0
301.1384,4.669,0,0,0.19197,0,223.02,playing,0
301.1558,4.669,0,0,0.26086,1,221.59,playing,0
301.1718,4.669,0,0,0.26086,0,220.48,playing,0
301.1885,1.6695,0,0,0.26086,0,219.71,playing,0
301.2046,1.6695,0,0,0.26867,0,219.21,playing,0
301.221,1.6695,0,0,0.26867,0,219.03,playing,0
301.2367,1.6695,0,0,0.26867,0,219.12,playing,0
301.2529,1.6695,0,0,0.28859,0,219.5,playing,0
301.2704,-0.1143,0,0,0.28859,0,220.16,playing,0
301.2868,-1.0787,0,0,0.28859,0,221.26,playing,0
301.3035,-1.0787,0,0,0.28859,0,222.52,playing,0
301.32,-0.9383,0,0,0.26861,0,224.17,playing,0
301.3366,-0.9383,0,0,0.26861,0,226.01,playing,0
301.3533,-1.261,0,0,0.26861,0,228.28,playing,0
301.3704,-1.261,0,0,0.26861,0,230.87,playing,0
301.3875,-1.261,0,0,0.27771,0,233.78,playing,0
301.4045,-1.4374,0,0,0.27771,0,237.0,playing,0
301.4206,-1.4374,0,0,0.27771,0,240.54,playing,0
301.4372,-1.4374,0,0,0.29321,0,244.16,playing,0
301.4545,-1.5551,0,0,0.29321,0,248.32,playing,0
301.4708,-1.5551,0,0,0.29321,0,252.8,playing,0
301.4872,-1.5551,0,0,0.29321,0,257.29,playing,0
301.504,-8.0188,0,0,0.29604,0,262.39,playing,0
301.5201,-8.0188,0,0,0.29604,0,267.46,playing,0
301.5363,-8.0188,0,0,0.29604,0,272.82,playing,0
301.5529,-8.0188,0,0,0.29604,0,278.83,playing,0
301.5696,-8.0188,0,0,0.31588,0,285.16,playing,0
301.5877,-8.3196,1,0,0.31588,0,291.4,playing,0
301.6043,-8.3196,0,0,0.31588,0,284.74,playing,0
301.621,-8.3196,0,0,,0,278.76,playing,0
301.6376,8.4153,0,0,,0,273.42,playing,0
301.6537,8.4153,0,0,,0,268.06,playing,0
301.6695,16.5802,0,0,0.18993,0,263.3,playing,0
301.6866,16.5802,0,0,0.18993,0,258.82,playing,0
301.7026,16.5802,0,0,0.18993,0,254.38,playing,0
301.7191,11.7314,0,0,0.18993,0,250.48,playing,0
301.7348,11.7314,0,0,0.21416,0,246.86,playing,0
301.7505,11.7314,0,0,0.21416,0,243.52,playing,0
301.7676,8.5404,0,0,0.21416,0,240.47,playing,0
301.7837,8.5404,0,0,0.18604,0,237.54,playing,0
301.8,8.5404,0,0,0.18604,0,235.07,playing,0
301.8163,8.5404,0,0,0.18604,0,232.88,playing,0
301.833,8.5404,0,0,,0,230.87,playing,0
301.8486,5.332,0,0,,0,229.26,playing,0
301.8656,5.332,0,0,,0,227.93,playing,0
301.8818,5.332,0,0,0.23953,1,226.83,playing,0
301.898,0.5618,0,0,0.23953,0,226.08,playing,0
301.9141,0.5618,0,0,0.23953,0,225.61,playing,0
301.9301,0.5618,0,0,0.23587,0,225.43,playing,0
301.9461,-1.8572,0,0,0.23587,0,225.53,playing,0
301.9616,-1.8572,0,0,0.23587,0,225.9,playing,0
301.9783,-1.8572,0,0,0.23587,0,226.56,playing,0
301.9949,-2.2128,0,0,0.22996,0,227.58,playing,0
302.0105,-2.2128,0,0,0.22996,0,228.82,playing,0
302.0275,-2.4564,0,0,0.22996,0,230.34,playing,0
302.0441,-2.4564,0,0,0.2317,0,232.28,playing,0
302.0596,-2.4564,0,0,0.2317,0,234.38,playing,0
302.0757,-2.7102,0,0,0.2317,0,236.76,playing,0
302.0923,-2.7102,0,0,0.23636,0,239.43,playing,0
302.1091,-2.7102,0,0,0.23636,0,242.58,playing,0
302.1251,-4.4571,0,0,0.23636,0,245.82,playing,0
302.1421,-4.4571,0,0,0.23636,0,249.59,playing,0
302.1591,-4.4571,0,0,0.27836,0,253.68,playing,0
302.1752,-17.3719,1,0,0.27836,0,257.8,playing,0
302.1919,-17.3719,0,0,0.27836,0,251.49,playing,0
302.2076,-17.3719,0,0,0.27627,0,245.83,playing,0
302.2243,-10.8165,0,0,0.27627,0,240.45,playing,0
302.2415,-10.8165,0,0,0.27627,0,235.06,playing,0
302.2576,14.1884,0,0,0.27627,0,229.98,playing,0
302.274,14.1884,0,0,0.19831,0,225.48,playing,0
302.2895,14.1884,0,0,0.19831,0,221.27,playing,0
302.3062,14.0298,0,0,0.19831,0,217.33,playing,0
302.323,14.0298,0,0,0.19831,0,213.47,playing,0
302.3391,14.0298,0,0,0.17449,0,210.12,playing,0
302.3547,14.0298,0,0,0.17449,0,207.04,playing,0
302.3713,14.0298,0,0,0.17449,0,204.25,playing,0
302.3895,14.0298,0,0,0.17449,0,201.61,playing,0
302.4064,7.9705,0,0,0.20829,0,199.16,playing,0
302.423,7.9705,0,0,0.20829,0,197.17,playing,0
302.4396,5.7451,0,0,0.20829,0,195.58,playing,0
302.4562,5.7451,0,0,0.21061,0,194.2,playing,0
302.4734,5.7451,0,0,0.21061,0,193.14,playing,0
302.4896,4.0605,0,0,0.21061,0,192.4,playing,0
302.5062,4.0605,0,0,0.21957,0,191.99,playing,0
302.5233,2.6315,0,0,0.21957,0,191.87,playing,0
302.5401,0.6139,0,0,0.21957,0,192.06,playing,0
302.5561,0.6139,0,0,0.21027,0,192.53,playing,0
302.5726,-0.2143,0,0,0.21027,0,193.27,playing,0
302.5893,-0.2143,0,0,0.21027,0,194.39,playing,0
302.6054,-0.2143,0,0,0.21027,1,195.82,playing,0
302.6214,-0.763,0,0,0.25806,0,197.44,playing,0
302.6381,-0.763,0,0,0.25806,0,199.35,playing,0
302.6547,-0.763,0,0,0.25806,0,201.7,playing,0
302.6706,-2.1576,0,0,0.27762,0,204.19,playing,0
302.6864,-2.1576,0,0,0.27762,0,206.96,playing,0
302.7035,-2.1353,0,0,0.27762,0,210.01,playing,0
302.7199,-2.0449,0,0,0.27762,0,213.57,playing,0
302.7359,-2.0449,0,0,0.28336,0,217.21,playing,0
302.7526,-16.8221,1,0,0.28336,0,221.12,playing,0
302.7693,-16.8221,0,0,0.28336,0,214.81,playing,0
302.7861,-16.8221,0,0,0.2748,0,208.82,playing,0
302.8016,-16.8221,0,0,0.2748,0,203.46,playing,0
302.8183,-16.8221,0,0,0.2748,0,198.38,playing,0
302.8351,-16.8221,0,0,0.2748,0,193.3,playing,0
302.8513,-9.0247,0,0,0.27596,0,188.8,playing,0
302.868,-9.0247,0,0,0.27596,0,184.34,playing,0
302.8836,-4.5677,0,0,0.27596,0,180.42,playing,0
302.9002,-4.5677,0,0,0.27596,0,176.79,playing,0
302.9164,-4.5677,0,0,0.16549,0,173.24,playing,0
302.933,8.305,0,0,0.16549,0,170.19,playing,0
302.9491,8.305,0,0,0.16549,0,167.42,playing,0
302.9667,8.305,0,0,0.15134,0,164.79,playing,0
302.983,17.5859,0,0,0.15134,0,162.48,playing,0
302.9992,17.5859,0,0,0.15134,0,160.59,playing,0
303.0148,17.5859,0,0,0.15134,0,158.97,playing,0
303.0308,14.2266,0,0,0.17125,0,157.65,playing,0
303.0474,14.2266,0,0,0.17125,0,156.6,playing,0
303.0636,7.0838,0,0,0.17125,0,155.8,playing,0
303.0802,7.0838,0,0,0.15214,0,155.33,playing,0
303.0975,7.0838,0,0,0.15214,0,155.16,playing,0
303.1136,7.0838,0,0,0.15214,0,155.3,playing,0
303.1306,7.0838,0,0,0.21469,0,155.71,playing,0
303.1473,7.0838,0,0,0.21469,0,156.46,playing,0
303.1636,0.7224,0,0,0.21469,0,157.54,playing,0
303.1797,0.7224,0,0,0.2168,0,158.83,playing,0
303.1968,0.7224,0,0,0.2168,0,160.41,playing,0
303.213,-0.3442,0,0,0.2168,0,162.4,playing,0
303.2291,-0.3442,0,0,0.2168,0,164.55,playing,0
303.2462,-1.6507,0,0,0.25,1,167.16,playing,0
303.2631,-1.6507,0,0,0.25,0,170.09,playing,0
303.2789,-1.6507,0,0,0.25,0,173.12,playing,0
303.296,-2.2504,0,0,0.26934,0,176.44,playing,0
303.3121,-2.2504,0,0,0.26934,0,180.28,playing,0
303.3284,-2.2504,0,0,0.26934,0,184.18,playing,1
303.3451,-2.5612,0,0,0.24716,0,188.64,playing,1
303.3618,-2.5612,0,0,0.24716,0,193.41,playing,1
303.3778,-2.5612,0,0,0.24716,0,198.19,playing,1
303.3939,-19.5027,1,0,0.24716,0,203.25,playing,1
303.4102,-19.5027,0,0,0.24716,0,197.29,playing,1
303.4276,-14.5396,0,0,0.23898,0,191.28,playing,1
303.4447,-14.5396,0,0,0.23898,0,185.58,playing,1
303.4603,-14.5396,0,0,0.23898,0,180.21,playing,1
303.4771,-14.5396,0,0,0.23898,0,175.43,playing,1
303.4933,-14.5396,0,0,0.24659,0,170.93,playing,1
303.5104,-14.5396,0,0,0.24659,0,166.47,playing,1
303.527,-8.8083,0,0,0.24659,0,162.33,playing,1
303.5427,-8.8083,0,0,0.1461,0,158.71,playing,1
303.5589,7.0334,0,0,0.1461,0,155.37,playing,1
303.5754,13.6668,0,0,0.1461,0,152.32,playing,1
303.5923,13.6668,0,0,0.14004,0,149.39,playing,1
303.6086,7.0923,0,0,0.14004,0,146.78,playing,1
303.6247,7.0923,0,0,0.14004,0,144.61,playing,1
303.6407,7.0923,0,0,0.1852,0,142.71,playing,1
303.657,4.2745,0,0,0.1852,0,141.1,playing,1
303.6726,4.2745,0,0,0.1852,0,139.77,playing,1
303.6897,4.2745,0,0,0.18576,0,138.68,playing,1
303.7059,1.7024,0,0,0.18576,0,137.93,playing,1
303.7225,1.7024,0,0,0.18576,0,137.46,playing,1
303.7386,1.7024,0,0,0.22238,1,137.28,playing,1
303.7551,1.7024,0,0,0.22238,0,137.4,playing,1
303.7712,1.7024,0,0,0.22238,0,137.79,playing,1
303.7893,-0.0935,0,0,0.22238,0,138.53,playing,1
303.8056,-0.0935,0,0,0.23263,0,139.67,playing,1
303.8217,-0.0935,0,0,0.23263,0,140.96,playing,1
303.8374,-1.1884,0,0,0.23263,0,142.54,playing,1
303.8545,-1.1884,0,0,0.23263,0,144.39,playing,1
303.8706,-1.1884,0,0,0.24259,0,146.68,playing,1
303.8864,-1.7347,0,0,0.24259,0,149.12,playing,1
303.9032,-1.7347,0,0,0.24259,0,151.84,playing,1
303.9204,-2.3586,0,0,0.25336,0,155.04,playing,1
303.9368,-3.2746,0,0,0.25336,0,158.57,playing,1
303.9535,-3.2746,0,0,0.25336,0,162.17,playing,1
303.9704,-16.3574,1,0,0.25336,0,166.31,playing,1
303.9867,-16.3574,0,0,0.2282,0,159.99,playing,1
304.0034,-16.3574,0,0,0.2282,0,154.34,playing,1
304.0199,-16.3574,0,0,0.2282,0,148.64,playing,1
304.0361,-16.3574,0,0,0.2282,0,143.56,playing,1
304.0517,-16.3574,0,0,0.26944,0,138.77,playing,1
304.0687,3.7345,0,0,0.26944,0,134.25,playing,1
304.0854,3.7345,0,0,0.26944,0,129.77,playing,1
304.102,11.6731,0,0,0.26944,0,125.61,playing,1
304.1186,11.6731,0,0,0.26944,0,121.97,playing,1
304.1352,11.6731,0,0,0.15134,0,118.43,playing,1
304.1515,9.0188,0,0,0.15134,0,115.37,playing,1
304.1679,9.0188,0,0,0.15134,0,112.45,playing,1
304.1836,9.0188,0,0,0.15134,0,109.97,playing,1
304.1998,7.3159,0,0,0.16529,0,107.78,playing,1
304.2155,7.3159,0,0,0.16529,0,105.87,playing,1
304.2321,7.3159,0,0,0.16529,0,104.24,playing,1
304.2477,5.3821,0,0,0.16149,0,102.9,playing,1
304.2635,5.3821,0,0,0.16149,0,101.83,playing,1
304.2803,1.8475,0,0,0.16149,0,101.05,playing,1
304.2954,1.8475,0,0,0.16149,0,100.54,playing,1
304.312,1.8475,0,0,0.16149,0,100.32,playing,1
304.3278,0.2728,0,0,0.22049,1,100.38,playing,1
304.3445,0.2728,0,0,0.22049,0,100.73,playing,1
304.3614,0.2728,0,0,0.22049,0,101.41,playing,1
304.3781,-0.5502,0,0,0.21739,0,102.41,playing,1
304.3938,-0.5502,0,0,0.21739,0,103.63,playing,1
304.4099,-0.5502,0,0,0.21739,0,105.13,playing,1
304.4258,-1.6063,0,0,0.21739,0,106.92,playing,1
304.4419,-1.6063,0,0,0.26131,0,108.99,playing,1
304.4584,-1.9784,0,0,0.26131,0,111.34,playing,1
304.4756,-1.9784,0,0,0.26131,0,114.15,playing,1
304.4922,-1.9784,0,0,0.24286,0,117.28,playing,1
304.5078,-2.2643,0,0,0.24286,0,120.51,playing,1
304.524,-2.2643,0,0,0.24286,0,124.02,playing,1
304.5398,-2.2643,0,0,0.28209,0,127.81,playing,1
304.5566,-2.229,0,0,0.28209,0,131.88,playing,1
304.5731,-2.229,0,0,0.28209,0,136.53,playing,1
304.5903,-2.229,0,0,0.28209,0,141.19,playing,1
304.607,-15.0585,1,0,0.29027,0,146.78,playing,1
304.6235,-15.0585,0,0,0.29027,0,140.82,playing,1
304.6398,-17.5429,0,0,0.29027,0,134.81,playing,1
304.6559,-17.5429,0,0,0.27344,0,129.43,playing,1
304.6721,-17.5429,0,0,0.27344,0,124.33,playing,1
304.6882,-17.5429,0,0,0.27344,0,119.52,playing,1
304.7047,-17.5429,0,0,0.25749,0,114.72,playing,1
304.7208,-17.5429,0,0,0.25749,0,110.49,playing,1
304.7364,-7.8041,0,0,0.25749,0,106.54,playing,1
304.753,-7.8041,0,0,0.17404,0,102.87,playing,1
304.7693,-7.8041,0,0,0.17404,0,99.48,dead,1
304.7865,6.0466,0,0,0.17404,0,96.19,dead,1
304.8031,6.0466,0,0,0.17404,0,93.23,dead,1
304.8183,5.0381,0,0,0.1537,0,90.72,dead,1
304.8348,4.1442,0,0,0.1537,0,88.49,dead,1
304.8509,4.1442,0,0,0.1537,0,86.55,dead,1
304.8675,4.1442,0,0,0.1537,0,84.88,dead,1
304.884,4.1442,0,0,0.1537,0,83.43,dead,1
304.8996,4.1442,0,0,0.1537,0,82.35,dead,1
304.9157,2.7582,0,0,0.1537,0,81.55,dead,1
304.9319,2.7582,0,0,0.17709,0,81.03,dead,1
304.9478,2.7582,0,0,0.17709,0,80.79,dead,1
304.964,2.1977,0,0,0.17709,0,80.83,dead,1
304.9799,2.1977,0,0,0.21242,0,81.16,dead,1
304.9959,2.1977,0,0,0.21242,0,81.76,dead,1
305.0115,1.9956,0,0,0.21242,0,82.65,dead,1
305.0276,1.9956,0,0,0.21242,0,83.82,dead,1
305.0439,1.6479,0,0,0.26905,1,85.27,dead,1
305.0605,0.3396,0,0,0.26905,0,87.01,dead,1
305.0771,0.3396,0,0,0.26905,0,89.16,dead,1
305.0935,-0.4545,0,0,0.23229,0,91.48,dead,1
305.11,-0.4545,0,0,0.23229,0,94.25,dead,1
305.1266,-0.4545,0,0,0.23229,0,97.15,dead,1
305.1428,-0.3132,0,0,0.27685,0,100.54,dead,1
305.1589,-0.3132,0,0,0.27685,0,104.02,dead,1
305.175,-0.3132,0,0,0.27685,0,107.77,dead,1
305.1911,0.726,0,0,0.26133,0,111.81,dead,1
305.2074,0.726,0,0,0.26133,0,116.13,dead,1
305.2244,0.2107,0,0,0.26133,0,121.04,dead,1
305.2408,0.2107,0,0,0.26133,0,126.27,dead,1
305.2568,0.2107,0,0,0.25417,0,131.47,dead,1
305.2731,-0.2306,0,0,0.25417,0,136.95,dead,1
305.2894,-0.2306,0,0,0.25417,0,142.71,dead,1
305.3062,-0.2306,0,0,0.25396,0,149.15,dead,1
305.3228,-0.2306,0,0,0.25396,0,155.91,dead,1
305.3393,-0.2306,0,0,0.25396,0,162.55,dead,1
305.3565,-0.2306,0,0,,0,169.93,dead,1
305.3731,-0.771,0,0,,0,177.63,dead,1
305.3892,-0.771,0,0,,0,185.15,dead,1
305.4055,-1.0362,0,0,,0,192.95,dead,1
305.4218,-1.0362,0,0,,0,201.56,dead,1
305.4384,-1.0362,0,0,,0,209.95,dead,1
305.4547,-6.9621,0,0,,0,219.18,dead,1
305.4709,-6.9621,0,0,,0,228.14,dead,1
305.487,-6.9621,0,0,,0,237.39,dead,1
305.5031,-11.1609,1,0,0.26086,0,246.92,dead,1
305.5201,-11.1609,0,0,0.26086,0,285.0,playing,0
305.5363,-11.1609,0,0,0.26086,0,279.04,playing,0
305.553,-2.6545,0,0,0.26086,0,273.03,playing,0
305.5691,-2.6545,0,0,0.18704,0,267.65,playing,0
305.5864,9.1513,0,0,0.18704,0,262.26,playing,0
305.6035,9.1513,0,0,0.18704,0,257.18,playing,0
305.62,9.1513,0,0,0.18222,0,252.42,playing,0
305.6363,9.1513,0,0,0.18222,0,248.22,playing,0
305.6526,9.1513,0,0,0.18222,0,244.08,playing,0
305.6689,9.1513,0,0,0.18008,0,240.46,playing,0
305.6846,6.4739,0,0,0.18008,0,237.12,playing,0
305.7006,6.4739,0,0,0.18008,0,234.07,playing,0
305.7171,6.4739,0,0,0.18008,0,231.3,playing,0
305.7327,3.6518,0,0,0.17627,0,228.8,playing,0
305.7491,3.6518,0,0,0.17627,0,226.59,playing,0
305.7666,2.315,0,0,0.17627,0,224.56,playing,0
305.7832,2.315,0,0,0.17627,0,222.85,playing,0
305.7999,2.315,0,0,0.20878,0,221.46,playing,0
305.8161,-0.6896,0,0,0.20878,0,220.43,playing,0
305.8333,-0.6896,0,0,0.20878,0,219.65,playing,0
305.8496,-0.6896,0,0,0.20878,0,219.19,playing,0
305.8661,-1.5777,0,0,0.28823,1,219.04,playing,0
305.8816,-1.5777,0,0,0.28823,0,219.17,playing,0
305.8979,-2.1798,0,0,0.28823,0,219.59,playing,0
305.9142,-2.1798,0,0,0.27693,0,220.28,playing,0
305.9315,-2.1798,0,0,0.27693,0,221.34,playing,0
305.9479,-2.0958,0,0,0.27693,0,222.71,playing,0
305.9637,-2.0958,0,0,0.27693,0,224.28,playing,0
305.9799,-2.0958,0,0,0.26756,0,226.14,playing,0
305.9964,-2.0958,0,0,0.26756,0,228.28,playing,0
306.0125,-2.0958,0,0,0.26756,0,230.87,playing,0
306.0287,-2.0958,0,0,0.26756,0,233.59,playing,0
306.0468,-1.2081,0,0,0.26067,0,236.59,playing,0
306.0628,-1.2081,0,0,0.26067,0,240.32,playing,0
306.0793,-0.5064,0,0,0.26067,0,243.92,playing,0
306.0987,-0.5064,0,0,0.26067,0,248.06,playing,0
306.1149,-0.5064,0,0,0.24995,0,253.08,playing,0
306.1315,-1.9163,0,0,0.24995,0,257.6,playing,0
306.1484,-1.9163,0,0,0.24995,0,262.71,playing,0
306.1645,-1.9163,0,0,0.25316,0,268.14,playing,0
306.1811,-1.9163,0,0,0.25316,0,273.53,playing,0
306.1976,-1.9163,0,0,0.25316,0,279.21,playing,0
306.2144,-1.9163,0,0,0.22531,0,285.56,playing,0
306.2306,-1.9163,0,0,0.22531,0,292.22,playing,0
306.2472,-1.9163,0,0,0.22531,0,298.78,playing,0
306.2646,-1.9163,0,0,0.22531,0,306.06,playing,0
306.2813,-1.9163,0,0,0.1812,0,313.66,playing,0
306.2989,-1.9163,0,0,0.1812,0,321.58,playing,0
306.3203,-8.6787,1,0,0.1812,0,329.82,playing,0
306.3373,8.9092,0,0,0.1812,0,321.77,playing,0
306.3535,8.9092,0,0,0.1812,0,315.87,playing,0
306.37,8.9092,0,0,0.1401,0,310.6,playing,0
306.3856,8.9092,0,0,0.1401,0,305.61,playing,0
306.4019,15.57,0,0,0.1401,0,300.9,playing,0
306.4179,15.57,0,0,0.1401,0,296.47,playing,0
306.4342,15.57,0,0,0.19437,0,292.32,playing,0
306.4508,7.643,0,0,0.19437,0,288.24,playing,0
306.4669,3.1609,0,0,0.19437,0,284.67,playing,0
306.483,1.8037,0,0,0.19437,0,281.39,playing,0
306.4997,0.0444,0,0,0.17583,0,278.22,playing,0
306.5159,0.0444,0,0,0.17583,0,275.52,playing,0
306.532,-0.4964,0,0,0.17583,0,273.1,playing,0
306.5478,-0.4964,0,0,0.23753,1,270.96,playing,0
306.564,-0.4964,0,0,0.23753,0,269.1,playing,0
306.5798,-1.4764,0,0,0.23753,0,267.52,playing,0
306.596,-1.4764,0,0,0.23753,0,266.23,playing,0
306.6121,-1.4764,0,0,0.22571,0,265.22,playing,0
306.6277,-2.3741,0,0,0.22571,0,264.48,playing,0
306.6435,-2.3741,0,0,0.22571,0,264.04,playing,0
306.6604,-2.3741,0,0,0.22969,0,263.87,playing,0
306.6776,-2.3698,0,0,0.22969,0,264.01,playing,0
306.6941,-2.3698,0,0,0.22969,0,264.46,playing,0
306.7104,-2.3718,0,0,0.25437,0,265.18,playing,0
306.7269,-2.3718,0,0,0.25437,0,266.25,playing,0
306.743,-2.3718,0,0,0.25437,0,267.54,playing,0
306.7593,-1.5523,0,0,0.24476,0,269.12,playing,0
306.7755,-1.5523,0,0,0.24476,0,271.11,playing,0
306.7924,-1.5523,0,0,0.24476,0,273.26,playing,0
306.8087,-1.7389,0,0,0.26695,0,275.87,playing,0
306.8252,-1.7389,0,0,0.26695,0,278.61,playing,0
306.8418,-1.7389,0,0,0.26695,0,281.83,playing,0
306.8585,-1.7389,0,0,0.27027,0,285.15,playing,0
306.8746,-1.7389,0,0,0.27027,0,288.99,playing,0
306.8912,-9.8369,0,0,0.27027,0,292.89,playing,0
306.9085,-9.8369,0,0,0.27027,0,297.35,playing,0
306.9251,-9.8369,0,0,0.27505,0,302.12,playing,0
306.9411,-12.7014,1,0,0.27505,0,306.9,playing,0
306.9568,-12.7014,0,0,0.27505,0,300.94,playing,0
306.9735,-12.7014,0,0,0.26756,0,295.27,playing,0
306.9898,-7.3691,0,0,0.26756,0,289.55,playing,0
307.0068,-7.3691,0,0,0.26756,0,284.16,playing,0
307.0225,-7.3691,0,0,0.21243,0,279.36,playing,0
307.0391,14.7129,0,0,0.21243,0,274.85,playing,0
307.0547,14.7129,0,0,0.21243,0,270.61,playing,0
307.0713,16.6153,0,0,0.15873,0,266.66,playing,0
307.0883,16.6153,0,0,0.15873,0,262.78,playing,0
307.1045,16.6153,0,0,0.15873,0,259.22,playing,0
307.1215,13.4157,0,0,0.15873,0,256.14,playing,0
307.138,13.4157,0,0,0.17991,0,253.2,playing,0
307.1536,13.4157,0,0,0.17991,0,250.71,playing,0
307.1697,6.8287,0,0,0.17991,0,248.5,playing,0
307.1862,6.8287,0,0,0.17991,0,246.57,playing,0
307.2031,4.1763,0,0,0.18564,0,244.84,playing,0
307.2206,4.1763,0,0,0.18564,0,243.43,playing,0
307.237,4.1763,0,0,0.18564,0,242.33,playing,0
307.2536,3.0159,0,0,0.21563,0,241.58,playing,0
307.2694,3.0159,0,0,0.21563,0,241.1,playing,0
307.2864,3.0159,0,0,0.21563,0,240.94,playing,0
307.3031,3.0159,0,0,0.20184,0,241.08,playing,0
307.3199,3.0159,0,0,0.20184,0,241.53,playing,0
307.3356,3.0159,0,0,0.20184,0,242.24,playing,0
307.3524,-1.6887,0,0,0.20184,0,243.24,playing,0
307.369,-1.6887,0,0,0.2433,1,244.61,playing,0
307.3851,-2.6202,0,0,0.2433,0,246.19,playing,0
307.4016,-2.6202,0,0,0.2433,0,248.18,playing,0
307.4187,-2.6202,0,0,0.2433,0,250.33,playing,0
307.4348,-2.669,0,0,0.24995,0,252.94,playing,0
307.4511,-2.669,0,0,0.24995,0,255.68,playing,0
307.4675,-2.669,0,0,0.24995,0,258.69,playing,0
307.484,-2.669,0,0,0.25391,0,262.22,playing,0
307.5002,-2.669,0,0,0.25391,0,265.82,playing,0
307.5169,-2.669,0,0,0.25391,0,269.96,playing,0
307.5332,-2.8707,0,0,0.27525,0,274.14,playing,0
307.5501,-2.8707,0,0,0.27525,0,278.89,playing,0
307.566,-2.8707,0,0,0.27525,0,283.65,playing,0
307.583,-2.8707,0,0,0.27525,0,288.7,playing,0
307.6004,-2.8707,0,0,0.24995,0,294.72,playing,0
307.6171,-2.9905,0,0,0.24995,0,300.74,playing,0
307.6332,-2.9905,0,0,0.24995,0,306.67,playing,0
307.6495,-2.9905,0,0,0.24706,0,313.3,playing,0
307.6659,-1.7478,0,0,0.24706,0,319.82,playing,0
307.6818,-1.7478,0,0,0.24706,0,326.62,playing,0
307.6982,-19.3709,1,0,0.28327,0,333.71,playing,0
307.7149,-10.1386,0,0,0.28327,0,327.4,playing,0
307.7308,-10.1386,0,0,0.28327,0,321.74,playing,0
307.7474,-5.9523,0,0,0.2075,0,316.36,playing,0
307.7635,-5.9523,0,0,0.2075,0,310.96,playing,0
307.7803,-5.9523,0,0,0.2075,0,306.17,playing,0
307.7976,8.8773,0,0,0.2075,0,301.39,playing,0
307.8138,8.8773,0,0,0.2075,0,296.93,playing,0
307.8301,8.8773,0,0,0.17136,0,293.01,playing,0
307.8457,16.6279,0,0,0.17136,0,289.38,playing,0
307.8619,16.6279,0,0,0.17136,0,286.02,playing,0
307.878,13.5883,0,0,0.17136,0,282.95,playing,0
307.8938,13.5883,0,0,0.12846,0,280.16,playing,0
307.9097,13.5883,0,0,0.12846,0,277.65,playing,0
307.9264,6.9545,0,0,0.12846,0,275.42,playing,0
307.943,6.9545,0,0,0.17956,0,273.37,playing,0
307.9587,6.9545,0,0,0.17956,0,271.73,playing,0
307.9754,4.3301,0,0,0.17956,0,270.36,playing,1
307.9916,4.3301,0,0,0.18413,0,269.23,playing,1
308.0074,4.3301,0,0,0.18413,0,268.45,playing,1
308.0245,2.5099,0,0,0.18413,0,267.94,playing,1
308.0411,2.5099,0,0,0.18413,1,267.73,playing,1
308.0572,1.2639,0,0,0.22908,0,267.81,playing,1
308.074,-1.086,0,0,0.22908,0,268.21,playing,1
308.0906,-1.086,0,0,0.22908,0,268.87,playing,1
308.107,-1.7655,0,0,0.25087,0,269.89,playing,1
308.1231,-1.7655,0,0,0.25087,0,271.13,playing,1
308.1387,-1.7655,0,0,0.25087,0,272.65,playing,1
308.1549,-1.7655,0,0,0.26766,0,274.45,playing,1
308.1725,-1.7655,0,0,0.26766,0,276.68,playing,1
308.1893,-1.7655,0,0,0.26766,0,279.24,playing,1
308.2065,-3.2731,0,0,0.2611,0,282.11,playing,1
308.223,-3.2731,0,0,0.2611,0,285.29,playing,1
308.2387,-2.9825,0,0,0.2611,0,288.57,playing,1
308.2563,-2.9825,0,0,0.25352,0,292.38,playing,1
308.273,-2.9825,0,0,0.25352,0,296.5,playing,1
308.2893,-9.3415,0,0,0.25352,0,300.66,playing,1
308.3054,-9.3415,0,0,0.26907,0,305.4,playing,1
308.3215,-9.3415,0,0,0.26907,0,310.15,playing,1
308.338,-20.4168,1,0,0.26907,0,315.17,playing,1
308.3542,-20.4168,0,0,0.26907,0,309.21,playing,1
308.371,-20.4168,0,0,0.27563,0,303.2,playing,1
308.3872,-11.1697,0,0,0.27563,0,297.82,playing,1
308.4044,-11.1697,0,0,0.27563,0,292.42,playing,1
308.4214,-6.329,0,0,0.2803,0,287.35,playing,1
308.4376,-6.329,0,0,0.2803,0,282.59,playing,1
308.4543,-6.329,0,0,0.2803,0,278.39,playing,1
308.471,-6.329,0,0,0.2803,0,274.25,playing,1
308.4872,-6.329,0,0,0.16765,0,270.63,playing,1
308.5031,-6.329,0,0,0.16765,0,267.29,playing,1
308.5193,17.5625,0,0,0.16765,0,264.24,playing,1
308.5364,17.5625,0,0,0.16765,0,261.31,playing,1
308.5525,17.5625,0,0,0.15274,0,258.7,playing,1
308.569,17.5625,0,0,0.15274,0,256.53,playing,1
308.5846,17.5625,0,0,0.15274,0,254.63,playing,1
308.601,7.283,0,0,0.13776,0,253.02,playing,1
308.6171,7.283,0,0,0.13776,0,251.69,playing,1
308.6327,7.283,0,0,0.13776,0,250.64,playing,1
308.6491,4.9026,0,0,0.13776,0,249.88,playing,1
308.665,4.9026,0,0,0.22257,1,249.39,playing,1
308.681,4.9026,0,0,0.22257,0,249.19,playing,1
308.6971,4.9026,0,0,0.22257,0,249.27,playing,1
308.7132,4.9026,0,0,0.19718,0,249.63,playing,1
308.7288,4.9026,0,0,0.19718,0,250.27,playing,1
308.7449,-0.8822,0,0,0.19718,0,251.19,playing,1
308.7611,-0.8822,0,0,0.21424,0,252.4,playing,1
308.7783,-2.3843,0,0,0.21424,0,254.0,playing,1
308.7955,-2.3843,0,0,0.21424,0,255.91,playing,1
308.8125,-2.3843,0,0,0.23924,0,258.15,playing,1
308.8296,-3.3849,0,0,0.23924,0,260.7,playing,1
308.8457,-3.3849,0,0,0.23924,0,263.57,playing,1
308.8619,-3.3849,0,0,0.24638,0,266.55,playing,1
308.8786,-3.0958,0,0,0.24638,0,269.81,playing,1
308.8951,-3.0958,0,0,0.24638,0,273.6,playing,1
308.9117,-3.0958,0,0,0.25754,0,277.7,playing,1
308.9276,-3.4779,0,0,0.25754,0,281.85,playing,1
308.9438,-3.4779,0,0,0.25754,0,286.27,playing,1
308.9604,-2.9566,0,0,0.26903,0,290.98,playing,1
308.9772,-2.9566,0,0,0.26903,0,296.3,playing,1
308.9933,-2.9566,0,0,0.26903,0,301.59,playing,1
309.0103,-3.3591,0,0,0.27614,0,307.52,playing,1
309.0267,-3.3591,0,0,0.27614,0,313.78,playing,1
309.0429,-3.3591,0,0,0.27614,0,319.95,playing,1
309.0595,-19.4121,1,0,0.27565,0,326.4,playing,1
309.0764,-19.4121,0,0,0.27565,0,320.08,playing,1
309.094,-12.5832,0,0,0.27565,0,314.09,playing,1
309.1101,-12.5832,0,0,0.27565,0,308.41,playing,1
309.1276,-12.5832,0,0,0.2682,0,302.76,playing,1
309.1447,1.0912,0,0,0.2682,0,298.02,playing,1
309.1614,1.0912,0,0,0.2682,0,293.29,playing,1
309.1784,1.0912,0,0,0.2539,0,288.89,playing,1
309.1955,14.315,0,0,0.2539,0,284.8,playing,1
309.2123,14.315,0,0,0.2539,0,281.03,playing,1
309.2289,11.7199,0,0,0.16412,0,277.58,playing,1
309.2451,11.7199,0,0,0.16412,0,274.62,playing,1
309.2619,11.7199,0,0,0.16412,0,271.78,playing,1
309.2774,9.2309,0,0,0.14624,0,269.4,playing,1
309.2939,9.2309,0,0,0.14624,0,267.29,playing,1
309.3105,9.2309,0,0,0.14624,0,265.47,playing,1
309.3271,4.6255,0,0,0.18364,0,263.85,playing,1
309.3435,4.6255,0,0,0.18364,0,262.61,playing,1
309.3598,4.6255,0,0,0.18364,0,261.61,playing,1
309.3764,2.3156,0,0,0.18364,0,260.95,playing,1
309.3931,2.3156,0,0,0.19227,0,260.56,playing,1
309.4086,2.3156,0,0,0.19227,0,260.48,playing,1
309.4248,2.3156,0,0,0.19227,0,260.68,playing,1
309.441,2.3156,0,0,0.19227,0,261.17,playing,1
309.4567,-1.0353,0,0,0.21519,0,261.93,playing,1
309.4723,-1.0353,0,0,0.21519,0,262.98,playing,1
309.4884,-1.0353,0,0,0.21519,0,264.31,playing,1
309.505,-1.9807,0,0,0.25768,1,265.92,playing,1
309.5217,-1.9807,0,0,0.25768,0,267.81,playing,1
309.5378,-1.9807,0,0,0.25768,0,270.14,playing,1
309.5539,-2.3272,0,0,0.25768,0,272.61,playing,1
309.5704,-2.3272,0,0,0.28854,0,275.36,playing,1
309.5871,-2.3272,0,0,0.28854,0,278.6,playing,1
309.6028,-2.2429,0,0,0.28854,0,281.94,playing,1
309.6194,-2.2429,0,0,0.28854,0,285.55,playing,1
309.6359,-3.8358,0,0,0.26538,0,289.71,playing,1
309.652,-3.8358,0,0,0.26538,0,293.91,playing,1
309.6677,-3.8358,0,0,0.26538,0,298.39,playing,1
309.6836,-20.064,1,0,0.29897,0,303.15,playing,1
309.6999,-20.064,0,0,0.29897,0,297.19,playing,1
309.7166,-20.064,0,0,0.29897,0,291.51,playing,1
309.7333,-9.6948,0,0,0.24691,0,285.8,playing,1
309.7494,-9.6948,0,0,0.24691,0,280.41,playing,1
309.7665,-9.6948,0,0,0.24691,0,275.61,playing,1
309.7825,2.6716,0,0,0.24691,0,270.83,playing,1
309.7995,2.6716,0,0,0.17765,0,266.61,playing,1
309.8166,14.5978,0,0,0.17765,0,262.45,playing,1
309.8326,14.5978,0,0,0.17765,0,258.61,playing,2
309.8493,14.5978,0,0,0.20389,0,255.27,playing,2
309.8657,12.159,0,0,0.20389,0,252.05,playing,2
309.8818,12.159,0,0,0.20389,0,249.29,playing,2
309.8983,12.159,0,0,0.15761,0,246.82,playing,2
309.915,8.8744,0,0,0.15761,0,244.51,playing,2
309.9306,8.8744,0,0,0.15761,0,242.61,playing,2
309.9467,8.8744,0,0,0.15761,0,241.0,playing,2
309.9625,3.7761,0,0,0.17906,0,239.67,playing,2
309.9794,3.7761,0,0,0.17906,0,238.62,playing,2
309.9963,2.3358,0,0,0.17906,0,237.83,playing,2
310.013,2.3358,0,0,0.23103,1,237.35,playing,2
310.0289,2.3358,0,0,0.23103,0,237.18,playing,2
310.045,0.4492,0,0,0.23103,0,237.3,playing,2
310.0616,0.4492,0,0,0.23103,0,237.74,playing,2
310.078,0.4492,0,0,0.23245,0,238.43,playing,2
310.0983,-0.6114,0,0,0.23245,0,239.41,playing,2
310.1156,-0.6114,0,0,0.23245,0,241.17,playing,2
310.1317,-2.0805,0,0,0.23245,0,242.92,playing,2
310.1478,-2.0805,0,0,0.23245,0,244.85,playing,2
310.1633,-2.0805,0,0,0.24006,0,247.05,playing,2
310.1824,-2.8445,0,0,0.24006,0,249.54,playing,2
310.1995,-2.8445,0,0,0.24006,0,252.9,playing,2
310.2156,-2.8445,0,0,0.24006,0,256.22,playing,2
310.2318,-2.8445,0,0,0.24006,0,259.62,playing,2
310.2482,-2.8445,0,0,0.25748,0,263.31,playing,2
310.2646,-2.8399,0,0,0.25748,0,267.54,playing,2
310.2812,-2.6367,0,0,0.25748,0,271.81,playing,2
310.2966,-2.6367,0,0,0.27513,0,276.36,playing,2
310.3132,-2.4784,0,0,0.27513,0,281.19,playing,2
310.3295,-2.4784,0,0,0.27513,0,286.64,playing,2
310.346,-2.4784,0,0,0.27513,0,292.05,playing,2
310.3619,-4.9713,0,0,0.29593,0,297.74,playing,2
310.3781,-4.9713,0,0,0.29593,0,303.72,playing,2
310.3938,-4.9713,0,0,0.29593,0,309.97,playing,2
310.4104,-17.5027,1,0,0.29593,0,316.51,playing,2
310.4273,-17.5027,0,0,0.27177,0,310.2,playing,2
310.444,-10.1239,0,0,0.27177,0,304.2,playing,2
310.4601,-10.1239,0,0,0.27177,0,298.84,playing,2
310.4765,-10.1239,0,0,0.27177,0,293.77,playing,2
310.493,14.3338,0,0,0.25793,0,288.69,playing,2
310.5089,14.3338,0,0,0.25793,0,284.19,playing,2
310.5245,14.3338,0,0,0.25793,0,279.97,playing,2
310.5411,14.3338,0,0,0.25793,0,276.04,playing,2
310.5569,14.3338,0,0,0.25793,0,272.39,playing,2
310.5729,14.3338,0,0,0.25793,0,269.02,playing,2
310.5903,12.9872,0,0,0.15918,0,265.75,playing,2
310.6073,12.9872,0,0,0.15918,0,262.81,playing,2
310.6244,12.9872,0,0,0.15918,0,260.18,playing,2
310.6405,12.9872,0,0,0.1811,0,257.87,playing,2
310.6575,12.9872,0,0,0.1811,0,255.97,playing,2
310.6741,5.2604,0,0,0.1811,0,254.28,playing,2
310.6914,5.2604,0,0,0.1907,0,252.91,playing,2
310.7079,5.2604,0,0,0.1907,0,251.85,playing,2
310.724,5.2604,0,0,0.1907,0,251.13,playing,2
310.7403,5.2604,0,0,0.25728,1,250.7,playing,2
310.757,5.2604,0,0,0.25728,0,250.56,playing,2
310.7736,1.9648,0,0,0.25728,0,250.71,playing,2
310.7898,1.9648,0,0,0.2247,0,251.19,playing,2
310.8063,0.0953,0,0,0.2247,0,251.92,playing,2
310.8229,0.0953,0,0,0.2247,0,253.01,playing,2
310.8387,0.0953,0,0,0.25124,0,254.32,playing,2
310.8552,-2.7324,0,0,0.25124,0,255.91,playing,2
310.8714,-2.7324,0,0,0.25124,0,257.92,playing,2
310.8875,-2.7324,0,0,0.25124,0,260.09,playing,2
310.9036,-2.8701,0,0,0.27078,0,262.55,playing,2
310.9196,-2.8701,0,0,0.27078,0,265.28,playing,2
310.9364,-2.8701,0,0,0.27078,0,268.3,playing,2
310.9534,-2.414,0,0,0.23567,0,271.83,playing,2
310.9706,-2.414,0,0,0.23567,0,275.67,playing,2
310.9874,-4.6557,0,0,0.23567,0,279.83,playing,2
311.0036,-4.6557,0,0,0.26904,0,284.31,playing,2
311.0202,-4.6557,0,0,0.26904,0,288.8,playing,2
311.037,-19.4765,1,0,0.26904,0,293.9,playing,2
311.0541,-19.4765,0,0,0.27508,0,287.58,playing,2
311.0699,-19.4765,0,0,0.27508,0,281.93,playing,2
311.0864,-13.1304,0,0,0.27508,0,276.55,playing,2
311.1032,-13.1304,0,0,0.27941,0,271.15,playing,2
311.1198,-3.2437,0,0,0.27941,0,266.07,playing,2
311.1366,-3.2437,0,0,0.27941,0,261.58,playing,2
311.1534,-3.2437,0,0,0.16924,0,257.12,playing,2
311.1704,15.5917,0,0,0.16924,0,252.97,playing,2
311.1875,15.5917,0,0,0.16924,0,249.15,playing,2
311.2035,15.5917,0,0,0.1856,0,245.64,playing,2
311.2198,13.3127,0,0,0.1856,0,242.62,playing,2
311.2361,13.3127,0,0,0.1856,0,239.88,playing,2
311.2518,13.3127,0,0,0.1856,0,237.43,playing,2
311.2681,10.8179,0,0,0.13981,0,235.25,playing,2
311.2843,10.8179,0,0,0.13981,0,233.36,playing,2
311.3007,7.7237,0,0,0.13981,0,231.67,playing,2
311.3168,7.7237,0,0,0.13981,0,230.36,playing,2
311.3333,7.7237,0,0,0.16506,0,229.32,playing,2
311.3501,3.0281,0,0,0.16506,0,228.55,playing,2
311.3663,3.0281,0,0,0.16506,0,228.1,playing,2
311.383,3.0281,0,0,0.16506,0,227.94,dead,2
311.4004,0.3933,0,0,0.16506,0,228.07,dead,2
311.4171,0.3933,0,0,0.21209,0,228.57,dead,2
311.4328,-0.6278,0,0,0.21209,0,229.3,dead,2
311.4497,-0.6278,0,0,0.21209,0,230.4,dead,2
311.468,-0.6278,0,0,0.21209,0,231.71,dead,2
311.4887,-2.5846,0,0,0.24011,1,233.54,dead,2
311.5059,-2.5846,0,0,0.24011,0,236.31,dead,2
311.522,-2.5846,0,0,0.24011,0,238.6,dead,2
311.5386,-3.1158,0,0,0.24011,0,241.18,dead,2
311.5547,-3.1158,0,0,0.24011,0,244.24,dead,2
311.5719,-3.1158,0,0,0.2824,0,247.61,dead,2
311.5884,-3.1158,0,0,0.2824,0,251.07,dead,2
311.6057,-3.1158,0,0,0.2824,0,255.06,dead,2
311.6223,-3.3398,0,0,0.2824,0,259.37,dead,2
311.6389,-3.3398,0,0,0.24701,0,264.0,dead,2
311.6555,-3.3398,0,0,0.24701,0,268.63,dead,2
311.6716,-9.92,0,0,0.24701,0,273.88,dead,2
311.6884,-9.92,0,0,0.25754,0,279.1,dead,2
311.7044,-15.4298,1,0,0.25754,0,284.96,dead,2
311.7204,-15.4298,0,0,0.25754,0,285.0,playing,0
311.7365,-15.4298,0,0,0.25754,0,279.04,playing,0
311.7526,-10.0247,0,0,0.28169,0,273.36,playing,0
311.7693,-10.0247,0,0,0.28169,0,267.97,playing,0
311.7864,-10.0247,0,0,0.28169,0,262.56,playing,0
311.8033,4.0706,0,0,0.18092,0,257.46,playing,0
311.8201,4.0706,0,0,0.18092,0,252.68,playing,0
311.8356,4.0706,0,0,0.18092,0,248.46,playing,0
311.8523,15.5528,0,0,0.18092,0,244.53,playing,0
311.8691,15.5528,0,0,0.20303,0,240.67,playing,0
311.8863,12.9887,0,0,0.20303,0,237.12,playing,0
311.9023,12.9887,0,0,0.20303,0,233.9,playing,0
311.9196,12.9887,0,0,0.20303,0,231.14,playing,0
311.9363,7.0968,0,0,0.20303,0,228.53,playing,0
311.9529,7.0968,0,0,0.20303,0,226.24,playing,0
311.9685,7.0968,0,0,0.20303,0,224.36,playing,0
311.9852,4.9093,0,0,0.21653,0,222.77,playing,0
312.0025,4.9093,0,0,0.21653,0,221.4,playing,0
312.019,2.9549,0,0,0.21653,0,220.34,playing,0
312.0348,2.9549,0,0,0.22897,1,219.62,playing,0
312.0515,2.9549,0,0,0.22897,0,219.19,playing,0
312.0676,0.3982,0,0,0.22897,0,219.05,playing,0
312.0842,0.3982,0,0,0.22897,0,219.2,playing,0
312.1015,0.3982,0,0,0.2107,0,219.68,playing,0
312.1179,-0.1016,0,0,0.2107,0,220.47,playing,0
312.1345,-0.1016,0,0,0.2107,0,221.5,playing,0
312.1509,-0.1016,0,0,0.22579,0,222.91,playing,0
312.1672,-1.9373,0,0,0.22579,0,224.52,playing,0
312.184,-1.9373,0,0,0.22579,0,226.55,playing,0
312.1998,-2.9905,0,0,0.22579,0,228.74,playing,0
312.2161,-2.9905,0,0,0.26169,0,231.21,playing,0
312.2317,-2.9905,0,0,0.26169,0,233.96,playing,0
312.2478,-2.5303,0,0,0.26169,0,237.0,playing,0
312.2645,-2.5303,0,0,0.26169,0,240.32,playing,0
312.2811,-2.5303,0,0,0.25776,0,244.16,playing,0
312.299,-2.4216,0,0,0.25776,0,248.06,playing,0
312.3146,-2.4216,0,0,0.25776,0,252.8,playing,0
312.331,-2.4216,0,0,0.25776,0,257.29,playing,0
312.3474,-2.0322,0,0,0.28711,0,262.07,playing,0
312.3643,-2.0322,0,0,0.28711,0,267.46,playing,0
312.3811,-11.2438,0,0,0.28711,0,273.18,playing,0
312.3973,-11.2438,0,0,0.29153,0,278.83,playing,0
312.4141,-11.2438,0,0,0.29153,0,285.16,playing,0
312.4304,-21.5621,1,0,0.29153,0,291.4,playing,0
312.4474,-21.5621,0,0,0.29153,0,285.09,playing,0
312.4635,-21.5621,0,0,0.29153,0,279.09,playing,0
312.4825,-15.0333,0,0,0.29198,0,273.73,playing,0
312.4991,-15.0333,0,0,0.29198,0,267.77,playing,0
312.5166,-8.5257,0,0,0.29198,0,263.02,playing,0
312.5333,4.7758,0,0,0.29198,0,258.04,playing,0
312.552,4.7758,0,0,0.29198,0,253.66,playing,0
312.5681,15.6648,0,0,0.19096,0,249.37,playing,0
312.5839,15.6648,0,0,0.19096,0,245.84,playing,0
312.6005,15.6648,0,0,0.19096,0,242.59,playing,0
312.6169,16.3244,0,0,0.15461,0,239.46,playing,0
312.6331,16.3244,0,0,0.15461,0,236.79,playing,0
312.6503,16.3244,0,0,0.15461,0,234.27,playing,0
312.6674,16.3244,0,0,0.17608,0,232.08,playing,0
312.6845,16.3244,0,0,0.17608,0,230.2,playing,0
312.702,9.6775,0,0,0.17608,0,228.63,playing,0
312.7178,4.7291,0,0,0.17608,0,227.39,playing,0
312.7344,4.7291,0,0,0.21573,0,226.5,playing,0
312.7514,3.1337,0,0,0.21573,0,225.87,playing,0
312.7692,3.1337,0,0,0.21573,0,225.56,playing,0
312.7869,1.7614,0,0,0.21573,0,225.57,playing,0
312.8034,1.7614,0,0,0.20598,0,225.94,playing,0
312.8201,1.7614,0,0,0.20598,0,226.6,playing,0
312.8359,-0.5623,0,0,0.20598,0,227.51,playing,0
312.8525,-0.5623,0,0,0.20598,0,228.69,playing,0
312.8687,-0.5623,0,0,0.24664,1,230.27,playing,0
312.885,-0.6921,0,0,0.24664,0,232.04,playing,0
312.9012,-0.6921,0,0,0.24664,0,234.09,playing,0
312.9174,-0.6921,0,0,0.24664,0,236.42,playing,0
312.9335,-1.4642,0,0,0.27247,0,239.22,playing,0
312.95,-1.4642,0,0,0.27247,0,242.13,playing,0
312.9656,-2.3109,0,0,0.27247,0,245.32,playing,0
312.9824,-2.3109,0,0,0.27247,0,248.8,playing,0
312.9991,-2.3109,0,0,0.25372,0,252.81,playing,0
313.0152,-3.8094,0,0,0.25372,0,256.86,playing,0
313.0307,-3.8094,0,0,0.25372,0,261.2,playing,0
313.0485,-3.8094,0,0,0.25372,0,265.82,playing,0
313.065,-22.2008,1,0,0.2262,0,271.37,playing,0
313.082,-22.2008,0,0,0.2262,0,265.06,playing,0
313.0983,-17.2898,0,0,0.2262,0,259.4,playing,0
313.1151,-17.2898,0,0,0.2262,0,253.71,playing,0
313.1307,-17.2898,0,0,0.27178,0,248.63,playing,0
313.15,-5.4928,0,0,0.27178,0,243.83,playing,0
313.1677,-5.4928,0,0,0.27178,0,238.53,playing,0
313.1899,-5.4928,0,0,0.27178,0,233.87,playing,0
313.2076,-5.4928,0,0,0.27178,0,228.49,playing,0
313.2241,-5.4928,0,0,0.27178,0,224.83,playing,0
313.2413,15.3275,0,0,0.26898,0,221.5,playing,0
313.2581,15.3275,0,0,0.26898,0,218.47,playing,0
313.2743,15.3275,0,0,0.26898,0,215.91,playing,0
313.2914,15.8421,0,0,0.1654,0,213.51,playing,0
313.3075,15.8421,0,0,0.1654,0,211.42,playing,0
313.3261,13.3036,0,0,0.1654,0,209.74,playing,0
313.3418,10.2996,0,0,0.1654,0,208.21,playing,0
313.3592,10.2996,0,0,0.1654,0,207.12,playing,0
313.3765,7.3357,0,0,0.16893,0,206.26,playing,0
313.3931,7.3357,0,0,0.16893,0,205.76,playing,0
313.4102,7.3357,0,0,0.16893,0,205.59,playing,0
313.4273,5.4776,0,0,0.16893,0,205.7,playing,0
313.4445,3.2776,0,0,0.23602,1,206.18,playing,0
313.461,1.7976,0,0,0.23602,0,206.96,playing,0
313.4773,1.7976,0,0,0.23602,0,207.97,playing,0
313.494,1.7976,0,0,0.23602,0,209.36,playing,0
313.5098,1.7976,0,0,0.19415,0,210.95,playing,0
313.5257,1.7976,0,0,0.19415,0,212.83,playing,0
313.5424,1.7976,0,0,0.19415,0,214.98,playing,0
313.5595,-1.7525,0,0,0.25331,0,217.59,playing,0
313.5765,-1.7525,0,0,0.25331,0,220.52,playing,0
313.5934,-2.2723,0,0,0.25331,0,223.76,playing,0
313.6099,-2.1356,0,0,0.25331,0,227.32,playing,0
313.6259,-2.1356,0,0,0.25788,0,230.96,playing,0
313.642,-2.1356,0,0,0.25788,0,234.87,playing,0
313.6575,-2.1356,0,0,0.25788,0,239.07,playing,0
313.6736,-2.1356,0,0,0.26071,0,243.55,playing,0
313.6905,-21.9823,1,0,0.26071,0,248.31,playing,0
313.7074,-21.9823,0,0,0.26071,0,241.99,playing,0
313.7245,-21.9823,0,0,0.26463,0,236.0,playing,0
313.7409,-13.5679,0,0,0.26463,0,230.32,playing,0
313.7566,-13.5679,0,0,0.26463,0,225.26,playing,0
313.7734,-3.2592,0,0,0.29887,0,220.48,playing,0
313.7902,-3.2592,0,0,0.29887,0,215.72,playing,0
313.8059,-3.2592,0,0,0.29887,0,211.53,playing,0
313.8219,13.3922,0,0,0.25403,0,207.61,playing,0
313.8382,13.3922,0,0,0.25403,0,203.97,playing,0
313.854,13.3922,0,0,0.25403,0,200.62,playing,0
313.8706,11.2091,0,0,0.25403,0,197.55,playing,0
313.8868,11.2091,0,0,0.17666,0,194.6,playing,0
313.9034,11.2091,0,0,0.17666,0,192.11,playing,0
313.9199,11.2091,0,0,0.17666,0,189.78,playing,0
313.9363,11.2091,0,0,0.21319,0,187.87,playing,0
313.9528,8.5276,0,0,0.21319,0,186.16,playing,0
313.9689,3.6374,0,0,0.21319,0,184.83,playing,0
313.9845,3.6374,0,0,0.21319,0,183.78,playing,0
314.0011,2.4628,0,0,0.23233,1,183.02,playing,0
314.0169,2.4628,0,0,0.23233,0,182.53,playing,0
314.0333,2.4628,0,0,0.23233,0,182.33,playing,0
314.05,2.4628,0,0,0.23233,0,182.43,playing,0
314.0662,2.4628,0,0,0.22134,0,182.81,playing,0
314.0831,2.4628,0,0,0.22134,0,183.53,playing,0
314.0991,2.4628,0,0,0.22134,0,184.48,playing,0
314.1164,2.4628,0,0,0.22134,0,185.82,playing,0
314.133,2.4628,0,0,0.22134,0,187.47,playing,0
314.1488,2.4628,0,0,0.25039,0,189.31,playing,0
314.1649,2.4628,0,0,0.25039,0,191.43,playing,1
314.1817,-0.8155,0,0,0.25039,0,193.83,playing,1
314.1981,-1.211,0,0,0.26497,0,196.7,playing,1
314.2138,-1.211,0,0,0.26497,0,199.69,playing,1
314.2299,-1.8591,0,0,0.26497,0,202.95,playing,1
314.2463,-1.8591,0,0,0.25733,0,206.5,playing,1
314.2635,-1.8591,0,0,0.25733,0,210.58,playing,1
314.2798,-1.3419,0,0,0.25733,0,214.98,playing,1
314.2963,-1.3419,0,0,0.25752,0,219.41,playing,1
314.313,-19.0823,1,0,0.25752,0,224.43,playing,1
314.33,-19.0823,0,0,0.25752,0,218.12,playing,1
314.3465,-19.0823,0,0,0.27928,0,212.46,playing,1
314.3626,-19.9302,0,0,0.27928,0,206.76,playing,1
314.3789,-19.9302,0,0,0.27928,0,201.69,playing,1
314.3945,-19.9302,0,0,0.2613,0,196.89,playing,1
314.4105,-0.2524,0,0,0.2613,0,192.37,playing,1
314.4267,-0.2524,0,0,0.2613,0,188.14,playing,1
314.4444,-0.2524,0,0,0.2613,0,184.19,playing,1
314.4618,13.9442,0,0,0.19694,0,179.89,playing,1
314.4784,13.9442,0,0,0.19694,0,176.56,playing,1
314.4951,13.9442,0,0,0.19694,0,173.33,playing,1
314.5118,11.5698,0,0,0.18445,0,170.42,playing,1
314.5276,11.5698,0,0,0.18445,0,167.96,playing,1
314.5441,8.0778,0,0,0.18445,0,165.79,playing,1
314.5615,8.0778,0,0,0.15559,0,163.8,playing,1
314.5785,8.0778,0,0,0.15559,0,162.12,playing,1
314.5946,5.6341,0,0,0.15559,0,160.77,playing,1
314.6113,5.6341,0,0,0.21147,0,159.77,playing,1
314.6285,5.6341,0,0,0.21147,0,159.03,playing,1
314.6488,3.2455,0,0,0.21147,0,158.61,playing,1
314.6673,3.2455,0,0,0.21147,0,158.55,playing,1
314.6885,0.335,0,0,0.21147,0,158.9,playing,1
314.7048,0.335,0,0,0.21147,0,159.76,playing,1
314.7223,-1.236,0,0,0.25397,1,160.7,playing,1
314.7403,-1.236,0,0,0.25397,0,162.12,playing,1
314.7564,-1.236,0,0,0.25397,0,163.89,playing,1
314.7723,-1.4225,0,0,0.25397,0,165.75,playing,1
314.7886,-1.4225,0,0,0.25397,0,167.88,playing,1
314.8047,-1.4225,0,0,0.23964,0,170.3,playing,1
314.8247,-1.7382,0,0,0.23964,0,173.0,playing,1
314.8421,-1.7382,0,0,0.23964,0,176.82,playing,1
314.8594,-2.0375,0,0,0.23964,0,180.38,playing,1
314.8763,-2.0375,0,0,0.23964,0,184.51,playing,1
314.8991,-1.9534,0,0,0.25088,0,188.72,playing,1
314.9163,-1.9534,0,0,0.25088,0,195.01,playing,1
314.9333,-1.9534,0,0,0.25088,0,199.97,playing,1
314.9499,-1.6726,0,0,0.25088,0,205.26,playing,1
314.966,-1.6726,0,0,0.25088,0,210.51,playing,1
314.9848,-1.6726,0,0,0.27283,0,216.04,playing,1
315.0018,-1.0273,0,0,0.27283,0,223.01,playing,1
315.0179,-1.0273,0,0,0.27283,0,229.57,playing,1
315.0344,-1.2185,0,0,0.27283,0,236.02,playing,1
315.0507,-1.2185,0,0,0.27283,0,243.19,playing,1
315.0674,-1.2185,0,0,0.24995,0,250.22,playing,1
315.0837,-0.5563,0,0,0.24995,0,258.0,playing,1
315.1005,-0.5563,0,0,0.24995,0,265.62,playing,1
315.1172,-0.5563,0,0,0.29321,0,274.02,playing,1
315.134,-0.6906,0,0,0.29321,0,282.74,playing,1
315.1504,-0.6906,0,0,0.29321,0,291.23,playing,1
315.1674,-0.6906,0,0,0.29775,0,300.57,playing,1
315.1845,-12.1941,1,0,0.29775,0,310.23,playing,1
315.2006,-12.1941,0,0,0.29775,0,303.92,playing,1
315.2168,-20.566,0,0,0.29256,0,298.26,playing,1
315.2325,-20.566,0,0,0.29256,0,292.88,playing,1
315.2488,-20.566,0,0,0.29256,0,287.79,playing,1
315.2645,-13.1603,0,0,0.29256,0,282.97,playing,1
315.2815,-13.1603,0,0,0.24662,0,278.44,playing,1
315.3006,-13.1603,0,0,0.24662,0,273.94,playing,1
315.3173,-2.9414,0,0,0.24662,0,269.31,playing,1
315.334,-2.9414,0,0,0.24662,0,265.49,playing,1
315.3583,-2.9414,0,0,0.29309,0,262.17,playing,1
315.3749,-2.9414,0,0,0.29309,0,257.67,playing,1
315.391,-2.9414,0,0,0.29309,0,255.07,playing,1
315.4065,15.078,0,0,0.29309,0,252.76,playing,1
315.4231,15.078,0,0,0.1537,0,250.72,playing,1
315.4394,11.5912,0,0,0.1537,0,248.97,playing,1
315.4557,11.5912,0,0,0.1537,0,247.43,playing,1
315.4721,11.5912,0,0,0.1537,0,246.26,playing,1
315.4877,6.0063,0,0,0.1537,0,245.37,playing,1
315.5044,6.0063,0,0,0.14019,0,244.76,playing,1
315.5209,6.0063,0,0,0.14019,0,244.43,playing,1
315.5371,6.0063,0,0,0.14019,0,244.41,playing,1
315.5526,6.0063,0,0,0.14019,0,244.66,playing,1
315.5696,6.0063,0,0,0.22183,1,245.2,playing,1
315.5895,2.1198,0,0,0.22183,0,246.08,playing,1
315.6061,2.1198,0,0,0.22183,0,247.57,playing,1
315.6223,-0.2115,0,0,0.22183,0,249.04,playing,1
315.6389,-0.2115,0,0,0.23188,0,250.91,playing,1
315.6547,-0.2115,0,0,0.23188,0,252.96,playing,1
315.6708,-0.7883,0,0,0.23188,0,255.3,playing,1
315.6868,-0.7883,0,0,0.24994,0,257.91,playing,1
315.703,-0.7883,0,0,0.24994,0,260.8,playing,1
315.7187,-1.8345,0,0,0.24994,0,263.98,playing,1
315.7349,-1.8345,0,0,0.24994,0,267.44,playing,1
315.7506,-1.8345,0,0,0.26071,0,271.18,playing,1
315.7669,-1.8345,0,0,0.26071,0,275.2,playing,1
315.783,-1.8345,0,0,0.26071,0,279.5,playing,1
315.7985,-1.6978,0,0,0.26071,0,284.08,playing,1
315.8151,-2.0779,0,0,0.28016,0,288.95,playing,1
315.8313,-2.0779,0,0,0.28016,0,294.1,playing,1
315.8484,-3.452,0,0,0.28016,0,299.88,playing,1
315.8651,-3.452,0,0,0.27206,0,305.99,playing,1
315.8811,-3.452,0,0,0.27206,0,312.01,playing,1
315.8968,-21.2963,1,0,0.27206,0,318.32,playing,1
315.9128,-21.2963,0,0,0.27807,0,312.36,playing,1
315.9287,-21.2963,0,0,0.27807,0,306.69,playing,1
315.9449,-13.0787,0,0,0.27807,0,301.29,playing,1
315.961,-13.0787,0,0,0.27807,0,296.18,playing,1
315.977,-13.0787,0,0,0.26497,0,291.35,playing,1
315.9934,4.0166,0,0,0.26497,0,286.8,playing,1
316.0098,4.0166,0,0,0.26497,0,282.28,playing,2
316.0262,4.0166,0,0,0.21503,0,278.31,playing,2
316.0424,4.0166,0,0,0.21503,0,274.62,playing,2
316.0589,4.0166,0,0,0.21503,0,271.02,playing,2
316.0755,9.9018,0,0,0.21503,0,267.91,playing,2
316.0925,9.9018,0,0,0.16744,0,264.93,playing,2
316.1096,9.9018,0,0,0.16744,0,262.26,playing,2
316.1264,7.532,0,0,0.16744,0,259.92,playing,2
316.1435,7.532,0,0,0.16017,0,257.89,playing,2
316.1606,5.5039,0,0,0.16017,0,256.18,playing,2
316.1773,3.9173,0,0,0.16017,0,254.78,playing,2
316.1965,3.9173,0,0,0.16017,1,253.71,playing,2
316.2126,2.3559,0,0,0.2314,0,252.9,playing,2
316.2291,2.3559,0,0,0.2314,0,252.5,playing,2
316.2449,2.3559,0,0,0.2314,0,252.39,playing,2
316.261,1.5921,0,0,0.25456,0,252.55,playing,2
316.2774,1.5921,0,0,0.25456,0,253.0,playing,2
316.2944,-0.799,0,0,0.25456,0,253.8,playing,2
316.3114,-0.799,0,0,0.28327,0,254.91,playing,2
316.3274,-0.799,0,0,0.28327,0,256.34,playing,2
316.344,-0.4395,0,0,0.28327,0,257.96,playing,2
316.3601,-0.4395,0,0,0.25788,0,259.87,playing,2
316.3763,-0.4395,0,0,0.25788,0,262.06,playing,2
316.3929,-1.4587,0,0,0.25788,0,264.71,playing,2
316.4083,-1.4587,0,0,0.25788,0,267.48,playing,2
316.4249,-1.4587,0,0,0.2431,0,270.53,playing,2
316.4415,-1.4587,0,0,0.2431,0,273.87,playing,2
316.4594,-1.4587,0,0,0.2431,0,277.73,playing,2
316.476,-1.4587,0,0,0.2431,0,282.17,playing,2
316.4923,-1.4587,0,0,0.2431,0,286.4,playing,2
316.5088,-1.4587,0,0,0.24242,0,291.22,playing,2
316.5245,-18.47,1,0,0.24242,0,296.03,playing,2
316.5407,-18.47,0,0,0.24242,0,290.07,playing,2
316.557,-18.47,0,0,0.24242,0,284.4,playing,2
316.5778,-19.8623,0,0,0.24242,0,279.0,playing,2
316.5976,-19.8623,0,0,0.24678,0,272.41,playing,2
316.6149,-6.5497,0,0,0.24678,0,266.56,playing,2
316.6315,-6.5497,0,0,0.24678,0,261.92,playing,2
316.6484,-6.5497,0,0,0.24678,0,257.59,playing,2
316.665,9.218,0,0,0.24678,0,253.57,playing,2
316.6811,9.218,0,0,0.26122,0,250.08,playing,2
316.6969,9.218,0,0,0.26122,0,246.87,playing,2
316.7125,9.218,0,0,0.26122,0,243.93,playing,2
316.7291,9.218,0,0,0.26122,0,241.29,playing,2
316.7457,13.9717,0,0,0.1903,0,238.92,playing,2
316.7626,11.1966,0,0,0.1903,0,236.72,playing,2
316.7805,11.1966,0,0,0.1903,0,234.84,playing,2
316.7982,8.1905,0,0,0.1903,0,233.2,playing,2
316.8147,8.1905,0,0,0.1903,0,231.93,playing,2
316.831,8.1905,0,0,0.19029,0,231.07,playing,2
316.8474,3.6127,0,0,0.19029,0,230.5,playing,2
316.8641,3.6127,0,0,0.19029,0,230.21,playing,2
316.8834,1.7638,0,0,0.19029,0,230.22,playing,2
316.9,1.7638,0,0,0.19029,0,230.67,playing,2
316.9157,1.7638,0,0,0.20632,0,231.31,playing,2
316.9324,0.4775,0,0,0.20632,0,232.23,playing,2
316.9494,0.4775,0,0,0.20632,0,233.53,playing,2
316.966,0.4775,0,0,0.20632,0,235.15,playing,2
316.9822,-0.7575,0,0,0.23963,1,236.95,playing,2
316.9988,-0.7575,0,0,0.23963,0,239.04,playing,2
317.0162,-1.8653,0,0,0.23963,0,241.57,playing,2
317.0328,-2.3789,0,0,0.23963,0,244.61,playing,2
317.0491,-2.3789,0,0,0.25372,0,247.59,playing,2
317.0646,-2.655,0,0,0.25372,0,250.85,playing,2
317.0814,-2.655,0,0,0.25372,0,254.4,playing,2
317.0975,-2.655,0,0,0.25372,0,258.48,playing,2
317.1145,-19.3118,1,0,0.25769,0,262.61,playing,2
317.131,-19.3118,0,0,0.25769,0,256.3,playing,2
317.1476,-19.3118,0,0,0.25769,0,250.64,playing,2
317.1642,-20.0058,0,0,0.26095,0,244.94,playing,2
317.1804,-20.0058,0,0,0.26095,0,239.87,playing,2
317.1969,-7.6771,0,0,0.26095,0,234.79,playing,2
317.2132,-7.6771,0,0,0.1775,0,230.29,playing,2
317.2292,-7.6771,0,0,0.1775,0,226.07,playing,2
317.2465,8.3221,0,0,0.1775,0,221.91,playing,2
317.2631,8.3221,0,0,0.18526,0,218.07,playing,2
317.2799,8.3221,0,0,0.18526,0,214.54,playing,2
317.3001,14.6307,0,0,0.18526,0,211.51,playing,2
317.3178,14.6307,0,0,0.18526,0,208.15,playing,2
317.3346,10.6816,0,0,0.18526,0,205.49,playing,2
317.3515,10.6816,0,0,0.19376,0,203.29,playing,2
317.3686,10.6816,0,0,0.19376,0,201.41,playing,2
317.3867,5.5238,0,0,0.19376,0,199.85,playing,2
317.4035,5.5238,0,0,0.19376,0,198.55,playing,2
317.4199,3.3371,0,0,0.17136,0,197.64,playing,2
317.4362,3.3371,0,0,0.17136,0,197.07,playing,2
317.4523,3.3371,0,0,0.17136,0,196.78,playing,2
317.4684,1.7472,0,0,0.17136,0,196.78,playing,2
317.4852,1.7472,0,0,0.17136,0,197.07,playing,2
317.5023,1.7472,0,0,0.2499,1,197.7,playing,2
317.519,0.6747,0,0,0.2499,0,198.64,playing,2
317.5352,0.6747,0,0,0.2499,0,199.81,playing,2
317.5524,0.6747,0,0,0.2499,0,201.37,playing,2
317.5693,-0.6539,0,0,0.2499,0,203.25,playing,2
317.5857,-0.6539,0,0,0.2499,0,205.45,playing,2
317.6024,-2.691,0,0,0.2499,0,207.8,playing,2
317.6195,-2.691,0,0,0.2499,0,210.61,playing,2
317.6359,-2.691,0,0,0.27927,0,213.74,playing,2
317.652,-3.6548,0,0,0.27927,0,216.97,playing,2
317.6676,-3.6548,0,0,0.27927,0,220.48,playing,2
317.6842,-3.6548,0,0,0.27927,0,224.27,playing,2
317.7014,-5.0251,0,0,0.28279,0,228.62,playing,2
317.7185,-5.0251,0,0,0.28279,0,233.28,playing,2
317.7351,-21.9073,1,0,0.28279,0,238.27,playing,2
317.7523,-21.9073,0,0,0.28279,0,231.96,playing,2
317.7684,-21.9073,0,0,0.26509,0,225.96,playing,2
317.7865,-14.8671,0,0,0.26509,0,220.6,playing,2
317.8037,-14.8671,0,0,0.26509,0,214.93,playing,2
317.8199,-14.8671,0,0,0.26509,0,209.89,playing,2
317.8356,12.9505,0,0,0.20338,0,205.42,playing,2
317.8521,12.9505,0,0,0.20338,0,201.24,playing,2
317.8679,12.9505,0,0,0.20338,0,197.34,playing,3
317.8835,14.2994,0,0,0.20338,0,193.73,playing,3
317.9002,14.2994,0,0,0.19201,0,190.39,playing,3
317.9167,12.5942,0,0,0.19201,0,187.16,playing,3
317.9334,12.5942,0,0,0.19201,0,184.41,playing,3
317.9496,12.5942,0,0,0.19201,0,181.8,playing,3
317.966,6.9737,0,0,0.18019,0,179.63,playing,3
317.9821,6.9737,0,0,0.18019,0,177.73,playing,3
317.9983,6.9737,0,0,0.18019,0,176.12,playing,3
318.0149,6.9737,0,0,0.18019,0,174.73,playing,3
318.0315,6.9737,0,0,0.18019,1,173.7,playing,3
318.0476,6.9737,0,0,0.2923,0,172.92,playing,3
318.0643,1.4694,0,0,0.2923,0,172.47,playing,3
318.0805,1.4694,0,0,0.2923,0,172.31,playing,3
318.0966,0.3202,0,0,0.26162,0,172.44,playing,3
318.1133,0.3202,0,0,0.26162,0,172.85,playing,3
318.1304,0.3202,0,0,0.26162,0,173.61,playing,3
318.1465,0.3202,0,0,0.26162,0,174.69,playing,3
318.1633,0.3202,0,0,0.2797,0,175.98,playing,3
318.1804,0.3202,0,0,0.2797,0,177.67,playing,3
318.1973,-1.5706,0,0,0.2797,0,179.68,playing,3
318.2144,-1.5706,0,0,0.27812,0,182.01,playing,3
318.231,-1.915,0,0,0.27812,0,184.65,playing,3
318.247,-1.915,0,0,0.27812,0,187.42,playing,3
318.2631,-1.915,0,0,0.25723,0,190.48,playing,3
318.2793,-1.606,0,0,0.25723,0,193.81,playing,3
318.2964,-1.606,0,0,0.25723,0,197.67,playing,3
318.3131,-1.606,0,0,0.2821,0,201.85,playing,3
318.3286,-1.8122,0,0,0.2821,0,206.06,playing,3
318.3449,-1.8122,0,0,0.2821,0,210.56,playing,3
318.3612,-1.8122,0,0,0.2821,0,215.34,playing,3
318.3768,-2.2307,0,0,0.2821,0,220.4,playing,3
318.3936,-2.2307,0,0,0.2821,0,225.74,playing,3
318.4105,-9.5546,0,0,0.2821,0,231.73,playing,3
318.4274,-9.5546,0,0,0.2821,0,238.04,playing,3
318.444,-9.5546,0,0,0.2821,0,244.67,playing,3
318.4603,-19.3245,1,0,0.27595,0,251.19,playing,3
318.4771,-19.3245,0,0,0.27595,0,244.88,playing,3
318.4928,-19.3245,0,0,0.27595,0,239.22,playing,3
318.5085,-8.5786,0,0,0.27595,0,233.84,playing,3
318.5249,-8.5786,0,0,0.27595,0,228.74,playing,3
318.5416,-8.5786,0,0,0.26167,0,223.93,playing,3
318.5581,-3.5703,0,0,0.26167,0,219.13,playing,3
318.5738,-3.5703,0,0,0.26167,0,214.9,playing,3
318.5905,8.029,0,0,0.26167,0,210.95,playing,3
318.6077,18.5581,0,0,0.26167,0,206.86,playing,3
318.6238,18.5581,0,0,0.26167,0,203.5,playing,3
318.6395,18.5581,0,0,0.26167,0,200.43,playing,3
318.6561,18.5581,0,0,0.17243,0,197.64,playing,3
318.6726,18.5581,0,0,0.17243,0,195.13,playing,3
318.689,14.0265,0,0,0.17243,0,192.78,playing,3
318.7051,14.0265,0,0,0.16158,0,190.86,playing,3
318.7206,14.0265,0,0,0.16158,0,189.21,playing,3
318.7374,7.6993,0,0,0.16158,0,187.84,playing,3
318.754,7.6993,0,0,0.16894,0,186.71,playing,3
318.7701,4.2953,0,0,0.16894,0,185.93,playing,3
318.7854,4.2953,0,0,0.16894,0,185.43,playing,3
318.802,4.2953,0,0,0.16894,0,185.21,playing,3
318.8212,0.3358,0,0,0.17582,0,185.27,playing,3
318.8374,0.3358,0,0,0.17582,0,185.78,playing,3
318.8535,0.3358,0,0,0.17582,0,186.48,playing,3
318.87,0.3358,0,0,0.17582,0,187.45,playing,3
318.8857,0.3358,0,0,0.28419,1,188.71,playing,3
318.9019,0.3358,0,0,0.28419,0,190.25,playing,3
318.9178,-1.8313,0,0,0.28419,0,192.07,playing,3
318.9341,-1.8313,0,0,0.27235,0,194.17,playing,3
318.9515,-2.6123,0,0,0.27235,0,196.72,playing,3
318.9681,-2.6123,0,0,0.27235,0,199.59,playing,3
318.9849,-2.6123,0,0,0.27235,0,202.78,playing,3
319.0025,-3.0181,0,0,0.27235,0,206.06,playing,3
319.0191,-3.0181,0,0,0.26087,0,210.11,playing,3
319.0352,-3.0181,0,0,0.26087,0,213.99,playing,3
319.0518,-2.9388,0,0,0.26087,0,218.43,playing,3
319.0677,-2.9388,0,0,0.26087,0,222.89,playing,3
319.0845,-2.3442,0,0,0.27597,0,227.63,playing,3
319.1005,-2.3442,0,0,0.27597,0,232.99,playing,3
319.1169,-2.3442,0,0,0.27597,0,238.31,playing,3
319.1346,-2.415,0,0,0.27597,0,243.92,playing,3
319.1508,-2.415,0,0,0.27194,0,250.58,playing,3
319.1665,-2.415,0,0,0.27194,0,256.78,playing,3
319.1826,-2.709,0,0,0.27194,0,263.27,playing,3
319.1989,-2.709,0,0,0.28425,0,270.04,playing,3
319.2151,-2.709,0,0,0.28425,0,277.08,playing,3
319.2307,-19.2426,1,0,0.28425,0,284.41,playing,3
319.2478,-19.2426,0,0,0.28425,0,278.45,playing,3
319.2635,-19.5459,0,0,0.26463,0,272.44,playing,3
319.2796,-11.9746,0,0,0.26463,0,267.06,playing,3
319.2964,-11.9746,0,0,0.26463,0,261.97,playing,3
319.313,-11.9746,0,0,0.26463,0,256.87,playing,3
319.3292,-11.9746,0,0,0.28992,0,252.36,playing,3
319.3455,-11.9746,0,0,0.28992,0,248.12,playing,3
319.3615,-11.9746,0,0,0.28992,0,243.94,playing,3
319.3776,-11.9746,0,0,0.28992,0,240.29,playing,3
319.3937,-11.9746,0,0,0.1809,0,236.92,playing,3
319.4101,12.5188,0,0,0.1809,0,233.83,playing,3
319.4261,12.5188,0,0,0.1809,0,231.02,playing,3
319.4418,12.5188,0,0,0.17639,0,228.49,playing,3
319.4585,12.5188,0,0,0.17639,0,226.25,playing,3
319.4749,12.5188,0,0,0.17639,0,224.18,playing,3
319.4935,4.5947,0,0,0.17639,0,222.52,playing,3
319.5105,4.5947,0,0,0.1675,0,220.94,playing,3
319.5267,4.5947,0,0,0.1675,0,219.85,playing,3
319.5428,4.5947,0,0,0.1675,0,219.1,playing,3
319.5588,4.5947,0,0,0.23173,1,218.63,playing,3
319.5751,4.5947,0,0,0.23173,0,218.44,playing,3
319.5909,0.9281,0,0,0.23173,0,218.54,playing,3
319.6074,0.9281,0,0,0.25689,0,218.92,playing,3
319.6236,-0.2202,0,0,0.25689,0,219.64,playing,3
319.6396,-1.0177,0,0,0.25689,0,220.59,playing,3
319.6559,-1.0177,0,0,0.26167,0,221.83,playing,3
319.672,-1.9043,0,0,0.26167,0,223.36,playing,3
319.6883,-1.9043,0,0,0.26167,0,225.16,playing,3
319.705,-1.9043,0,0,0.23479,0,227.39,playing,3
319.7211,-2.3124,0,0,0.23479,0,229.78,playing,4
319.7369,-2.3124,0,0,0.23479,0,232.44,playing,4
319.7529,-2.3124,0,0,0.23479,0,235.39,playing,4
319.7693,-2.0359,0,0,0.2867,0,238.62,playing,4
319.7864,-2.0359,0,0,0.2867,0,242.37,playing,4
319.803,-2.0359,0,0,0.2867,0,246.43,playing,4
319.8196,-2.0359,0,0,0.29816,0,250.54,playing,4
319.8359,-2.0359,0,0,0.29816,0,255.23,playing,4
319.8523,-4.1883,0,0,0.29816,0,259.92,playing,4
319.8685,-4.1883,0,0,0.25357,0,265.22,playing,4
319.8844,-4.1883,0,0,0.25357,0,270.49,playing,4
319.9008,-2.2464,0,0,0.25357,0,276.04,playing,4
319.9174,-2.2464,0,0,0.26948,0,281.87,playing,4
319.9343,-2.2464,0,0,0.26948,0,288.39,playing,4
319.9506,-2.2464,0,0,0.26948,0,295.22,playing,4
319.9671,-2.2464,0,0,0.26948,0,301.94,playing,4
319.9829,-5.6962,0,0,0.26821,0,308.93,playing,4
319.9994,-15.0954,1,0,0.26821,0,316.21,playing,4
320.0159,-15.0954,0,0,0.26821,0,309.9,playing,4
320.0319,-7.4086,0,0,0.29052,0,304.24,playing,4
320.0478,-7.4086,0,0,0.29052,0,298.86,playing,4
320.0641,-7.4086,0,0,0.29052,0,293.76,playing,4
320.0807,-7.4086,0,0,0.29052,0,288.95,playing,4
320.0969,-7.4086,0,0,0.18161,0,284.15,playing,4
320.1127,-7.4086,0,0,0.18161,0,279.92,playing,4
320.1335,4.16,0,0,0.18161,0,275.97,playing,4
320.1514,4.16,0,0,0.18161,0,271.26,playing,4
320.1684,4.16,0,0,0.17894,0,267.59,playing,4
320.1847,9.0497,0,0,0.17894,0,264.44,playing,4
320.2009,9.0497,0,0,0.17894,0,261.75,playing,4
320.2176,6.6263,0,0,0.17894,0,259.35,playing,4
320.2333,6.6263,0,0,0.14114,0,257.11,playing,4
320.2501,6.6263,0,0,0.14114,0,255.29,playing,4
320.2664,3.7576,0,0,0.14114,0,253.75,playing,4
320.2825,3.7576,0,0,0.14114,0,252.43,playing,4
320.2991,2.8342,0,0,0.22774,1,251.47,playing,4
320.3185,0.8967,0,0,0.22774,0,250.77,playing,4
320.3378,0.8967,0,0,0.22774,0,250.38,playing,4
320.3569,0.1993,0,0,0.22774,0,250.39,playing,4
320.3745,0.1993,0,0,0.22774,0,250.8,playing,4
320.3916,-2.7504,0,0,0.22774,0,251.54,playing,4
320.4109,-2.7504,0,0,0.23921,0,252.56,playing,4
320.4271,-2.7504,0,0,0.23921,0,254.09,playing,4
320.4461,-4.7484,0,0,0.23921,0,255.79,playing,4
320.4622,-4.7484,0,0,0.23921,0,257.93,playing,4
320.4775,-4.7484,0,0,0.26587,0,260.12,playing,4
320.4938,-4.904,0,0,0.26587,0,262.59,playing,4
320.5101,-4.904,0,0,0.26587,0,265.35,playing,4
320.526,-3.3169,0,0,0.26587,0,268.38,playing,4
320.543,-3.3169,0,0,0.26126,0,271.7,playing,4
320.5635,-3.3169,0,0,0.26126,0,275.54,playing,4
320.5801,-3.3169,0,0,0.26126,0,280.77,playing,4
320.5957,-3.3169,0,0,0.26126,0,285.04,playing,4
320.6114,-3.3169,0,0,0.26126,0,289.59,playing,4
320.6282,-2.6222,0,0,0.2543,0,294.42,playing,4
320.6457,-2.6222,0,0,0.2543,0,299.87,playing,4
320.6618,-12.3965,1,0,0.2543,0,305.64,playing,4
320.6778,-12.3965,0,0,0.2543,0,299.68,playing,4
320.6945,-12.3965,0,0,0.27558,0,294.0,playing,4
320.7113,-16.5032,0,0,0.27558,0,288.29,playing,4
320.7286,-16.5032,0,0,0.27558,0,282.89,playing,4
320.7447,-16.5032,0,0,0.28977,0,277.82,playing,4
320.7603,-11.5634,0,0,0.28977,0,273.32,playing,4
320.7773,-11.5634,0,0,0.28977,0,269.1,playing,4
320.7951,4.782,0,0,0.25754,0,264.94,playing,4
320.8113,13.9338,0,0,0.25754,0,261.1,playing,4
320.8281,13.9338,0,0,0.25754,0,257.57,playing,4
320.8443,11.3972,0,0,0.17889,0,254.53,playing,4
320.8613,11.3972,0,0,0.17889,0,251.63,playing,4
320.8777,11.3972,0,0,0.17889,0,249.03,playing,4
320.8935,9.5332,0,0,0.16062,0,246.88,playing,4
320.9102,9.5332,0,0,0.16062,0,245.0,playing,4
320.9266,9.5332,0,0,0.16062,0,243.33,playing,4
320.943,4.5773,0,0,0.21202,0,242.03,playing,4
320.9596,4.5773,0,0,0.21202,0,241.02,playing,4
320.9761,3.1237,0,0,0.21202,0,240.26,playing,4
320.9926,3.1237,0,0,0.19844,0,239.83,playing,4
321.0096,3.1237,0,0,0.19844,0,239.69,playing,4
321.0262,1.8165,0,0,0.19844,0,239.87,playing,4
321.0419,1.8165,0,0,0.20482,0,240.31,playing,4
321.058,1.8165,0,0,0.20482,0,241.04,playing,4
321.074,-0.1922,0,0,0.20482,0,242.06,playing,4
321.0903,-0.1922,0,0,0.2388,1,243.35,playing,4
321.1065,-0.1922,0,0,0.2388,0,245.04,playing,4
321.1231,-0.3245,0,0,0.2388,0,246.91,playing,4
321.1388,-0.3245,0,0,0.21702,0,249.07,playing,4
321.1547,-2.5073,0,0,0.21702,0,251.51,playing,4
321.1705,-2.5073,0,0,0.21702,0,254.22,playing,4
321.1874,-2.5073,0,0,0.21702,0,257.22,playing,4
321.2046,-2.5073,0,0,0.25467,0,260.73,playing,4
321.2205,-2.5073,0,0,0.25467,0,264.55,playing,4
321.2416,-2.5073,0,0,0.25467,0,268.43,playing,4
321.2578,-2.491,0,0,0.25467,0,274.01,playing,4
321.2739,-2.491,0,0,0.25467,0,278.54,playing,4
321.2902,-2.491,0,0,0.26841,0,283.35,playing,4
321.306,-2.491,0,0,0.26841,0,288.45,playing,4
321.3226,-2.491,0,0,0.26841,0,293.82,playing,4
321.3395,-16.0738,1,0,0.26841,0,299.85,playing,4
321.3558,-16.0738,0,0,0.26954,0,293.54,playing,4
321.3715,-16.0738,0,0,0.26954,0,287.88,playing,4
321.3881,-7.7199,0,0,0.26954,0,282.51,playing,4
321.4045,-7.7199,0,0,0.26954,0,277.41,playing,4
321.4219,-7.7199,0,0,0.30474,0,272.03,playing,4
321.4443,6.4331,0,0,0.30474,0,267.54,playing,4
321.4606,6.4331,0,0,0.30474,0,261.65,playing,4
321.4769,9.598,0,0,0.30474,0,257.84,playing,4
321.493,9.598,0,0,0.25898,0,254.31,playing,4
321.5085,9.598,0,0,0.25898,0,251.06,playing,4
321.5251,6.7901,0,0,0.25898,0,248.1,playing,4
321.5412,6.7901,0,0,0.25898,0,245.41,playing,4
321.5591,4.8182,0,0,0.15324,0,242.88,playing,4
321.5749,4.8182,0,0,0.15324,0,240.66,playing,5
321.5914,4.8182,0,0,0.15324,0,238.86,playing,5
321.608,1.9428,0,0,0.15324,0,237.26,playing,5
321.6238,1.9428,0,0,0.19765,0,236.03,playing,5
321.6397,1.9428,0,0,0.19765,0,235.09,playing,5
321.6559,3.0767,0,0,0.19765,0,234.43,playing,5
321.673,3.0767,0,0,0.19765,0,234.05,playing,5
321.69,3.0767,0,0,0.21718,0,233.98,playing,5
321.7062,2.2691,0,0,0.21718,0,234.2,playing,5
321.7228,2.2691,0,0,0.21718,0,234.75,playing,5
321.7391,2.2691,0,0,0.23927,1,235.55,playing,5
321.7554,2.2691,0,0,0.23927,0,236.63,playing,5
321.7725,2.2691,0,0,0.23927,0,238.1,playing,5
321.7887,0.3899,0,0,0.24681,0,239.88,playing,5
321.8052,0.3899,0,0,0.24681,0,241.84,playing,5
321.8214,0.3899,0,0,0.24681,0,244.25,playing,5
321.8379,-0.6745,0,0,0.26213,0,246.79,playing,5
321.8539,-0.6745,0,0,0.26213,0,249.61,playing,5
321.8697,-0.6745,0,0,0.26213,0,252.72,playing,5
321.8859,-1.4184,0,0,0.25086,0,256.11,playing,5
321.9022,-1.4184,0,0,0.25086,0,259.77,playing,5
321.9178,-1.7243,0,0,0.25086,0,263.72,playing,5
321.9341,-1.7243,0,0,0.25086,0,267.96,playing,5
321.9505,-1.7243,0,0,0.27583,0,272.47,playing,5
321.9665,-7.4866,0,0,0.27583,0,277.58,playing,5
321.9831,-7.4866,0,0,0.27583,0,282.68,playing,5
321.9987,-7.4866,0,0,0.26546,0,288.05,playing,5
322.015,-19.9649,1,0,0.26546,0,293.71,playing,5
322.0304,-19.9649,0,0,0.26546,0,287.75,playing,5
322.0476,-19.9649,0,0,0.26546,0,282.08,playing,5
322.065,-10.0476,0,0,0.30489,0,276.36,playing,5
322.0825,-10.0476,0,0,0.30489,0,270.97,playing,5
322.0994,-0.9609,0,0,0.30489,0,265.61,playing,5
322.1157,-0.9609,0,0,0.30489,0,260.87,playing,5
322.1315,-0.9609,0,0,0.16664,0,256.69,playing,5
322.1484,14.0722,0,0,0.16664,0,252.79,playing,5
322.1649,14.0722,0,0,0.16664,0,248.96,playing,5
322.182,14.0722,0,0,0.16664,0,245.65,playing,5
322.1984,12.9285,0,0,0.15265,0,242.27,playing,5
322.2147,12.9285,0,0,0.15265,0,239.55,playing,5
322.2314,12.9285,0,0,0.15265,0,237.11,playing,5
322.248,9.9379,0,0,0.19982,0,234.84,playing,5
322.2641,9.9379,0,0,0.19982,0,232.98,playing,5
322.2805,4.9481,0,0,0.19982,0,231.4,playing,5
322.2968,4.9481,0,0,0.16713,0,230.05,playing,5
322.3147,4.9481,0,0,0.16713,0,229.05,playing,5
322.3315,2.7953,0,0,0.16713,0,228.29,playing,5
322.3478,2.7953,0,0,0.16713,0,227.89,playing,5
322.364,2.7953,0,0,0.16713,0,227.79,playing,5
322.3798,1.5574,0,0,0.21227,0,227.97,playing,5
322.3957,1.5574,0,0,0.21227,0,228.44,playing,5
322.4118,1.5574,0,0,0.21227,0,229.19,playing,5
322.4285,1.5574,0,0,0.22654,1,230.21,playing,5
322.4452,1.5574,0,0,0.22654,0,231.63,playing,5
322.4633,-1.7162,0,0,0.22654,0,233.23,playing,5
322.4797,-1.7162,0,0,0.22654,0,235.54,playing,5
322.4964,-1.7162,0,0,0.22654,0,237.77,playing,5
322.5159,-2.1254,0,0,0.26511,0,240.45,playing,5
322.5328,-2.1254,0,0,0.26511,0,244.05,playing,5
322.549,-2.2141,0,0,0.26511,0,247.21,playing,5
322.5645,-2.2141,0,0,0.26511,0,250.65,playing,5
322.5806,-2.2141,0,0,0.26114,0,254.37,playing,5
322.5967,-3.7672,0,0,0.26114,0,258.37,playing,5
322.6128,-3.7672,0,0,0.26114,0,262.66,playing,5
322.6289,-3.7672,0,0,0.26114,0,267.22,playing,5
322.645,-16.7636,1,0,0.26114,0,272.07,playing,5
322.6607,-16.7636,0,0,0.25401,0,266.11,playing,5
322.6773,-16.7636,0,0,0.25401,0,260.43,playing,5
322.6941,-19.3919,0,0,0.25401,0,254.72,playing,5
322.7125,-19.3919,0,0,0.28791,0,249.33,playing,5
322.7289,-7.8338,0,0,0.28791,0,243.97,playing,5
322.7445,-7.8338,0,0,0.28791,0,239.49,playing,5
322.7609,-7.8338,0,0,0.28791,0,235.29,playing,5
322.7766,9.279,0,0,0.22185,0,231.37,playing,5
322.7923,9.279,0,0,0.22185,0,227.74,playing,5
322.8093,9.279,0,0,0.22185,0,224.38,playing,5
322.8267,12.846,0,0,0.22185,0,221.14,playing,5
322.843,12.846,0,0,0.22185,0,218.21,playing,5
322.8595,12.846,0,0,0.22185,0,215.74,playing,5
322.8765,10.5253,0,0,0.22185,0,213.43,playing,5
322.8931,10.5253,0,0,0.22185,0,211.44,playing,5
322.9087,7.8904,0,0,0.22185,0,209.84,playing,5
322.9265,7.8904,0,0,0.22185,0,208.47,playing,5
322.9435,7.8904,0,0,0.16659,0,207.41,playing,5
322.9603,3.6075,0,0,0.16659,0,206.67,playing,5
322.977,3.6075,0,0,0.16659,0,206.25,playing,5
322.9931,3.6075,0,0,0.16659,0,206.13,playing,5
323.0119,2.0728,0,0,0.17958,0,206.3,playing,5
323.0277,2.0728,0,0,0.17958,0,206.89,playing,5
323.0449,0.9851,0,0,0.17958,0,207.68,playing,5
323.061,-0.0005,0,0,0.17958,0,208.83,playing,5
323.0768,-0.0005,0,0,0.25421,1,210.19,playing,5
323.093,-0.6141,0,0,0.25421,0,211.83,playing,5
323.1089,-0.6141,0,0,0.25421,0,213.76,playing,5
323.1252,-0.6141,0,0,0.23939,0,215.97,playing,5
323.1425,-1.1509,0,0,0.23939,0,218.63,playing,5
323.1604,-1.1509,0,0,0.23939,0,221.61,playing,5
323.1775,-1.1509,0,0,0.23939,0,225.13,playing,5
323.1937,-1.1509,0,0,0.23939,0,228.76,playing,5
323.21,-1.1509,0,0,0.23939,0,232.47,playing,5
323.2261,-1.6316,0,0,0.23939,0,236.45,playing,5
323.2421,-1.6316,0,0,0.23939,0,240.72,playing,5
323.2578,-1.6316,0,0,0.28301,0,245.27,playing,5
323.2741,-9.3483,0,0,0.28301,0,250.1,playing,5
323.2902,-9.3483,0,0,0.28301,0,255.21,playing,5
323.3071,-9.3483,0,0,0.2397,0,260.96,playing,5
323.3231,-20.2852,1,0,0.2397,0,266.65,playing,5
323.3384,-20.2852,0,0,0.2397,0,260.7,playing,5
323.355,-20.2852,0,0,0.2397,0,255.02,playing,5
323.3707,-14.0273,0,0,0.25758,0,249.62,playing,5
323.3875,-14.0273,0,0,0.25758,0,244.51,playing,5
323.4041,8.3891,0,0,0.25758,0,239.39,playing,5
323.4203,8.3891,0,0,0.25758,0,234.86,playing,6
323.4374,8.3891,0,0,0.19693,0,230.36,playing,6
323.4562,9.7676,0,0,0.19693,0,226.18,playing,6
323.4723,9.7676,0,0,0.19693,0,222.11,playing,6
323.4894,9.7676,0,0,0.19693,0,218.59,playing,6
323.5065,6.5754,0,0,0.19364,0,215.38,playing,6
323.5241,6.5754,0,0,0.19364,0,212.49,playing,6
323.5396,5.0805,0,0,0.19364,0,209.92,playing,6
323.5558,5.0805,0,0,0.15957,0,207.78,playing,6
323.572,5.0805,0,0,0.15957,0,205.92,playing,6
323.5883,5.0805,0,0,0.15957,0,204.34,playing,6
323.6045,5.0805,0,0,0.23994,1,202.99,playing,6
323.6206,5.0805,0,0,0.23994,0,201.99,playing,6
323.6369,1.8007,0,0,0.23994,0,201.28,playing,6
323.6531,1.8007,0,0,0.18907,0,200.85,playing,6
323.6684,1.8007,0,0,0.18907,0,200.7,playing,6
323.6854,0.9269,0,0,0.18907,0,200.83,playing,6
323.7018,0.9269,0,0,0.18907,0,201.29,playing,6
323.7183,0.3414,0,0,0.24643,0,202.0,playing,6
323.7351,-0.3242,0,0,0.24643,0,203.07,playing,6
323.7514,-0.3242,0,0,0.24643,0,204.36,playing,6
323.7679,-0.6926,0,0,0.26136,0,206.06,playing,6
323.7842,-0.6926,0,0,0.26136,0,207.93,playing,6
323.801,-0.6926,0,0,0.26136,0,210.24,playing,6
323.8168,-1.0896,0,0,0.26136,0,212.69,playing,6
323.8334,-1.0896,0,0,0.25386,0,215.43,playing,6
323.8496,-1.0896,0,0,0.25386,0,218.65,playing,6
323.8656,-1.4762,0,0,0.25386,0,221.97,playing,6
323.8816,-1.4762,0,0,0.25386,0,225.57,playing,6
323.8978,-1.3647,0,0,0.25386,0,229.45,playing,6
323.9137,-1.3647,0,0,0.25386,0,233.61,playing,6
323.9299,-1.3647,0,0,0.25386,0,238.05,playing,6
323.9461,-1.4685,0,0,0.28072,0,242.78,playing,6
323.9623,-1.4685,0,0,0.28072,0,247.78,playing,6
323.9785,-1.4685,0,0,0.28072,0,253.42,playing,6
323.9951,-1.4685,0,0,0.27648,0,259.01,playing,6
324.0108,-1.4685,0,0,0.27648,0,264.88,playing,6
324.027,-1.4685,0,0,0.27648,0,271.03,playing,6
324.0426,-19.6926,1,0,0.27648,0,277.46,playing,6
324.0583,-19.6926,0,0,0.27344,0,271.5,playing,6
324.0756,-19.6926,0,0,0.27344,0,265.83,playing,6
324.0922,-9.9652,0,0,0.27344,0,260.11,playing,6
324.1078,-9.9652,0,0,0.27344,0,255.02,playing,6
324.1244,4.1947,0,0,0.28055,0,250.2,playing,6
324.141,4.1947,0,0,0.28055,0,245.4,playing,6
324.1573,4.1947,0,0,0.28055,0,241.17,playing,6
324.1741,15.5623,0,0,0.14747,0,236.99,playing,6
324.1899,15.5623,0,0,0.14747,0,233.34,playing,6
324.206,15.5623,0,0,0.14747,0,229.97,playing,6
324.2246,12.7674,0,0,0.14747,0,226.88,playing,6
324.241,12.7674,0,0,0.16226,0,223.6,playing,6
324.2572,12.7674,0,0,0.16226,0,221.13,playing,6
324.2747,9.3585,0,0,0.16226,0,218.82,playing,6
324.291,9.3585,0,0,0.1984,0,216.83,playing,6
324.3072,4.3405,0,0,0.1984,0,215.23,playing,6
324.3244,4.3405,0,0,0.1984,0,213.86,playing,6
324.3413,4.3405,0,0,0.1984,0,212.8,playing,6
324.3579,2.6009,0,0,0.16427,0,212.06,playing,6
324.374,2.6009,0,0,0.16427,0,211.65,playing,6
324.3901,2.6009,0,0,0.16427,0,211.52,playing,6
324.4071,-0.1795,0,0,0.26087,1,211.69,playing,6
324.4227,-0.1795,0,0,0.26087,0,212.14,playing,6
324.4391,-1.0983,0,0,0.26087,0,212.87,playing,6
324.4547,-1.0983,0,0,0.26087,0,213.88,playing,6
324.4707,-1.0983,0,0,0.22789,0,215.17,playing,6
324.4897,-1.7172,0,0,0.22789,0,216.75,playing,6
324.5058,-1.7172,0,0,0.22789,0,219.01,playing,6
324.5222,-1.7172,0,0,0.22789,0,221.21,playing,6
324.5392,-1.4959,0,0,0.22789,0,223.85,playing,6
324.5561,-1.4959,0,0,0.26102,0,226.81,playing,6
324.5723,-1.4959,0,0,0.26102,0,230.09,playing,6
324.589,-2.0788,0,0,0.26102,0,233.46,playing,6
324.6052,-2.0788,0,0,0.26102,0,237.12,playing,6
324.6205,-1.9383,0,0,0.26102,0,241.05,playing,6
324.6376,-1.9383,0,0,0.26102,0,245.26,playing,6
324.654,-1.9383,0,0,,0,250.06,playing,6
324.6697,-5.9213,0,0,,0,254.85,playing,6
324.6855,-5.9213,0,0,,0,259.93,playing,6
324.7023,-5.9213,0,0,,0,265.29,playing,6
324.7191,-8.2751,0,0,,0,271.3,playing,6
324.7351,-8.2751,0,0,,0,277.24,playing,6
324.7512,-8.2751,0,0,0.29589,0,283.46,playing,6
324.7683,-15.9345,1,0,0.29589,0,290.39,playing,6
324.7851,-15.9345,0,0,0.29589,0,284.08,playing,6
324.8014,-9.835,0,0,0.29706,0,278.42,playing,6
324.8177,-9.835,0,0,0.29706,0,272.72,playing,6
324.834,-9.835,0,0,0.29706,0,267.64,playing,6
324.8501,12.9995,0,0,0.29706,0,262.85,playing,6
324.8658,12.9995,0,0,,0,258.33,playing,6
324.882,12.9995,0,0,,0,254.1,playing,6
324.8975,18.6216,0,0,,0,250.14,playing,6
324.9138,18.6216,0,0,,0,246.47,playing,6
324.9297,18.6216,0,0,,0,243.09,playing,6
324.9466,12.8222,0,0,,0,239.98,playing,6
324.9626,12.8222,0,0,,0,237.0,playing,6
324.9788,9.899,0,0,,0,234.47,playing,6
324.995,9.899,0,0,0.16889,0,232.22,playing,6
325.0116,9.899,0,0,0.16889,0,230.16,playing,6
325.0279,6.4462,0,0,0.16889,0,228.49,playing,6
325.0445,6.4462,0,0,0.16889,0,227.11,playing,6
325.0612,6.4462,0,0,0.12271,0,225.96,playing,6
325.0784,2.2502,0,0,0.12271,0,225.13,playing,6
325.0951,2.2502,0,0,0.12271,0,224.61,playing,6
325.1111,2.2502,0,0,0.12271,0,224.41,playing,6
325.1278,0.6047,0,0,0.23945,1,224.51,playing,6
325.1441,0.6047,0,0,0.23945,0,224.89,playing,6
325.1603,-1.2036,0,0,0.23945,0,225.55,playing,6
325.1773,-1.2036,0,0,0.23945,0,226.57,playing,6
325.1938,-1.2036,0,0,0.25489,0,227.9,playing,6
325.2101,-2.3063,0,0,0.25489,0,229.44,playing,6
325.2257,-2.3063,0,0,0.25489,0,231.26,playing,6
325.2423,-2.3063,0,0,0.25489,0,233.36,playing,6
325.2593,-2.0064,0,0,0.25489,0,235.92,playing,7
325.2765,-2.0064,0,0,0.24659,0,238.79,playing,7
325.2924,-2.0064,0,0,0.24659,0,241.97,playing,7
325.3106,-2.8451,0,0,0.24659,0,245.25,playing,7
325.3287,-2.8451,0,0,0.24659,0,249.3,playing,7
325.3459,-3.3784,0,0,0.24659,0,253.71,playing,7
325.3622,-3.3784,0,0,0.24718,0,258.18,playing,7
325.379,-3.3784,0,0,0.24718,0,262.98,playing,7
325.3957,-3.3784,0,0,0.24718,0,267.78,playing,7
325.4127,-3.3784,0,0,0.24718,0,273.19,playing,7
325.4294,-19.587,1,0,0.24718,0,278.92,playing,7
325.4462,-15.0725,0,0,,0,272.61,playing,7
325.4633,-15.0725,0,0,,0,266.61,playing,7
325.4799,-3.57,0,0,,0,260.94,playing,7
325.4959,-3.57,0,0,,0,255.88,playing,7
325.5117,-3.57,0,0,0.20896,0,251.1,playing,7
325.528,11.9461,0,0,0.20896,0,246.6,playing,7
325.5442,11.9461,0,0,0.20896,0,242.38,playing,7
325.5622,11.9461,0,0,0.20896,0,238.22,playing,7
325.5793,11.0902,0,0,0.15558,0,234.17,playing,7
325.5966,11.0902,0,0,0.15558,0,230.66,playing,7
325.613,5.6547,0,0,0.15558,0,227.48,playing,7
325.6284,5.6547,0,0,0.14988,0,224.76,playing,7
325.6455,5.6547,0,0,0.14988,0,222.32,playing,7
325.6626,4.0492,0,0,0.14988,0,220.04,playing,7
325.6788,4.0492,0,0,0.23203,1,218.09,playing,7
325.6956,4.0492,0,0,0.23203,0,216.53,playing,7
325.7124,2.1279,0,0,0.23203,0,215.19,playing,7
325.7296,2.1279,0,0,0.23203,0,214.17,playing,7
325.7478,0.1412,0,0,0.23102,0,213.47,playing,7
325.7658,0.1412,0,0,0.23102,0,213.08,playing,7
325.7821,0.1412,0,0,0.23102,0,213.05,playing,7
325.7987,-0.5485,0,0,0.23102,0,213.31,playing,7
325.8154,-0.5485,0,0,0.23102,0,213.9,playing,7
325.8321,-0.5485,0,0,0.26131,0,214.8,playing,7
325.8475,-1.9241,0,0,0.26131,0,215.94,playing,7
325.8639,-1.9241,0,0,0.26131,0,217.35,playing,7
325.8796,-1.899,0,0,0.26131,0,219.05,playing,7
325.8958,-1.899,0,0,0.28741,0,221.03,playing,7
325.9121,-1.899,0,0,0.28741,0,223.29,playing,7
325.9286,-1.4732,0,0,0.28741,0,225.83,playing,7
325.9449,-1.4732,0,0,0.27206,0,228.85,playing,7
325.9616,-1.4732,0,0,0.27206,0,231.97,playing,7
325.9774,-1.3812,0,0,0.27206,0,235.38,playing,7
325.9945,-1.3812,0,0,,0,239.31,playing,7
326.0111,-1.3812,0,0,,0,243.57,playing,7
326.0274,-1.3553,0,0,,0,247.85,playing,7
326.0435,-1.3553,0,0,,0,252.72,playing,7
326.0614,-19.7966,1,0,0.27281,0,257.59,playing,7
326.0785,-19.7966,0,0,0.27281,0,250.93,playing,7
326.095,-19.7966,0,0,0.27281,0,244.95,playing,7
326.1114,-13.7871,0,0,0.27281,0,239.61,playing,7
326.1283,-13.7871,0,0,,0,234.25,playing,7
326.144,-13.7871,0,0,,0,229.49,playing,7
326.1602,-6.8294,0,0,,0,225.01,playing,7
326.1759,-6.8294,0,0,0.16893,0,220.81,playing,7
326.1925,11.0655,0,0,0.16893,0,216.89,playing,7
326.2083,16.3751,0,0,0.16893,0,213.05,playing,7
326.2261,16.3751,0,0,0.19529,0,209.71,playing,7
326.2426,14.2697,0,0,0.19529,0,206.32,playing,7
326.2594,14.2697,0,0,0.19529,0,203.58,playing,7
326.2765,14.2697,0,0,0.19529,0,200.99,playing,7
326.2935,7.4815,0,0,0.20499,0,198.71,playing,7
326.3095,7.4815,0,0,0.20499,0,196.76,playing,7
326.3264,7.4815,0,0,0.20499,0,195.2,playing,7
326.3425,5.0259,0,0,0.20499,0,193.86,playing,7
326.3591,5.0259,0,0,0.1783,0,192.89,playing,7
326.3754,2.8653,0,0,0.1783,0,192.19,playing,7
326.392,2.8653,0,0,0.1783,0,191.77,playing,7
326.4084,2.8653,0,0,0.1783,0,191.65,playing,7
326.4252,2.8653,0,0,0.2355,1,191.85,playing,7
326.4441,2.8653,0,0,0.2355,0,192.36,playing,7
326.4598,2.8653,0,0,0.2355,0,193.26,playing,7
326.476,-1.0444,0,0,0.2355,0,194.34,playing,7
326.4924,-1.0444,0,0,0.26822,0,195.71,playing,7
326.5089,-1.5762,0,0,0.26822,0,197.47,playing,7
326.5255,-1.8343,0,0,0.26822,0,199.42,playing,7
326.5425,-1.8343,0,0,0.26822,0,201.8,playing,7
326.5589,-1.8483,0,0,0.27525,0,204.5,playing,7
326.5751,-1.8483,0,0,0.27525,0,207.33,playing,7
326.5924,-1.8483,0,0,0.27525,0,210.64,playing,7
326.6089,-1.8178,0,0,0.27525,0,214.28,playing,7
326.6256,-1.8178,0,0,0.27709,0,217.98,playing,7
326.6417,-1.8178,0,0,0.27709,0,222.24,playing,7
326.6576,-1.5343,0,0,0.27709,0,226.52,playing,7
326.6738,-1.5343,0,0,,0,231.09,playing,7
326.6902,-1.8588,0,0,,0,235.94,playing,7
326.7066,-1.8588,0,0,,0,241.41,playing,7
326.7233,-1.8588,0,0,,0,246.83,playing,7
326.74,-1.3784,0,0,0.26184,0,252.92,playing,7
326.7565,-1.3784,0,0,0.26184,0,258.93,playing,7
326.7726,-1.3784,0,0,0.26184,0,265.63,playing,7
326.789,-1.2395,0,0,,0,272.22,playing,7
326.8051,-1.2395,0,0,,0,279.1,playing,7
326.8217,-1.2395,0,0,,0,286.25,playing,7
326.8385,-0.7273,0,0,0.27276,0,294.17,playing,7
326.8548,-0.7273,0,0,0.27276,0,302.4,playing,7
326.8714,-1.0472,0,0,0.27276,0,310.44,playing,7
326.8881,-1.0472,0,0,0.29412,0,319.29,playing,7
326.9038,-1.0472,0,0,0.29412,0,327.91,playing,7
326.92,-18.7391,1,0,0.29412,0,336.8,playing,7
326.9362,-18.7391,0,0,0.27846,0,330.84,playing,7
326.953,-18.7391,0,0,0.27846,0,324.83,playing,7
326.969,-5.6737,0,0,0.27846,0,319.45,playing,7
326.985,-5.6737,0,0,0.27846,0,314.36,playing,7
327.0013,-5.6737,0,0,0.26881,0,309.54,playing,7
327.0185,3.1826,0,0,0.26881,0,304.75,playing,7
327.0356,3.1826,0,0,0.26881,0,300.27,playing,7
327.0518,10.76,0,0,0.26881,0,296.1,playing,7
327.0686,10.76,0,0,0.24399,0,292.47,playing,7
327.0838,10.76,0,0,0.24399,0,289.12,playing,7
327.1005,11.4501,0,0,0.24399,0,286.04,playing,7
327.1171,11.4501,0,0,0.24399,0,283.1,playing,8
327.1334,11.4501,0,0,0.18173,0,280.61,playing,8
327.1504,8.6772,0,0,0.18173,0,278.28,playing,8
327.1673,8.6772,0,0,0.18173,0,276.27,playing,8
327.1845,4.3147,0,0,0.18173,0,274.57,playing,8
327.2013,4.3147,0,0,0.15447,0,273.2,playing,8
327.2185,4.3147,0,0,0.15447,0,272.14,playing,8
327.2347,2.8847,0,0,0.15447,0,271.4,playing,8
327.2513,2.8847,0,0,0.25816,1,270.99,playing,8
327.2676,2.8847,0,0,0.25816,0,270.86,playing,8
327.2836,0.7796,0,0,0.25816,0,271.03,playing,8
327.3,0.7796,0,0,0.25816,0,271.48,playing,8
327.3159,0.7796,0,0,0.25816,0,272.21,playing,8
327.3316,0.0098,0,0,0.28061,0,273.22,playing,8
327.3476,0.0098,0,0,0.28061,0,274.51,playing,8
327.3644,-1.0435,0,0,0.28061,0,276.09,playing,8
327.3808,-1.0435,0,0,0.28061,0,278.08,playing,8
327.397,-1.0435,0,0,0.24989,0,280.23,playing,8
327.4131,-1.6454,0,0,0.24989,0,282.67,playing,8
327.4304,-1.6454,0,0,0.24989,0,285.58,playing,8
327.4475,-1.6454,0,0,0.25432,0,288.8,playing,8
327.464,-1.6454,0,0,0.25432,0,292.34,playing,8
327.4801,-1.6454,0,0,0.25432,0,295.96,playing,8
327.4959,-1.6454,0,0,0.25432,0,299.86,playing,8
327.518,-22.4515,1,0,0.25432,0,304.04,playing,8
327.5335,-22.4515,0,0,0.29766,0,295.99,playing,8
327.5502,-15.393,0,0,0.29766,0,290.42,playing,8
327.5677,-15.393,0,0,0.29766,0,284.82,playing,8
327.5845,-15.393,0,0,0.25357,0,279.53,playing,8
327.6016,-4.9454,0,0,0.25357,0,274.57,playing,8
327.6187,-4.9454,0,0,0.25357,0,269.92,playing,8
327.6355,9.3869,0,0,0.25357,0,265.59,playing,8
327.6525,9.3869,0,0,0.26819,0,261.58,playing,8
327.6691,9.3869,0,0,0.26819,0,257.88,playing,8
327.6853,10.3081,0,0,0.26819,0,254.69,playing,8
327.7042,10.3081,0,0,0.26819,0,251.61,playing,8
327.7194,10.3081,0,0,0.14335,0,248.71,playing,8
327.7365,6.5808,0,0,0.14335,0,246.41,playing,8
327.7535,6.5808,0,0,0.14335,0,244.29,playing,8
327.7706,4.5697,0,0,0.14335,0,242.48,playing,8
327.787,4.5697,0,0,0.16312,0,241.0,playing,8
327.8031,4.5697,0,0,0.16312,0,239.88,playing,8
327.8193,2.5273,0,0,0.16312,0,239.04,playing,8
327.8359,2.5273,0,0,0.16312,0,238.47,playing,8
327.8523,2.5273,0,0,0.2125,0,238.21,playing,8
327.8696,0.707,0,0,0.2125,0,238.26,playing,8
327.8856,0.707,0,0,0.2125,0,238.62,playing,8
327.9024,0.0076,0,0,,0,239.25,playing,8
327.9193,-0.561,0,0,,0,240.23,playing,8
327.9355,-0.561,0,0,,0,241.53,playing,8
327.9517,-1.9442,0,0,,0,243.03,playing,8
327.9684,-1.9442,0,0,0.22452,1,244.82,playing,8
327.9845,-1.9442,0,0,0.22452,0,247.03,playing,8
328.0009,-1.7623,0,0,0.22452,0,249.4,playing,8
328.017,-1.7623,0,0,0.23876,0,252.05,playing,8
328.0331,-1.7623,0,0,0.23876,0,254.98,playing,8
328.0495,-3.0491,0,0,0.23876,0,258.41,playing,8
328.0661,-3.0491,0,0,0.23876,0,261.92,playing,8
328.0819,-3.0491,0,0,0.23876,0,265.71,playing,8
328.0983,-19.0147,1,0,0.23876,0,269.78,playing,8
328.1149,-19.0147,0,0,0.23875,0,263.47,playing,8
328.1305,-13.1975,0,0,0.23875,0,257.81,playing,8
328.1468,-13.1975,0,0,0.23875,0,252.43,playing,8
328.1632,-13.1975,0,0,0.23875,0,247.34,playing,8
328.179,7.8244,0,0,0.23616,0,242.52,playing,8
328.1956,7.8244,0,0,0.23616,0,237.99,playing,8
328.2124,7.8244,0,0,0.23616,0,233.49,playing,8
328.2285,15.5511,0,0,0.19934,0,229.31,playing,8
328.2451,15.5511,0,0,0.19934,0,225.66,playing,8
328.2617,15.5511,0,0,0.19934,0,222.1,playing,8
328.2775,15.7012,0,0,0.16477,0,219.02,playing,8
328.2942,15.7012,0,0,0.16477,0,216.23,playing,8
328.3095,12.6831,0,0,0.16477,0,213.72,playing,8
328.326,12.6831,0,0,0.17466,0,211.5,playing,8
328.3417,12.6831,0,0,0.17466,0,209.55,playing,8
328.3578,6.328,0,0,0.17466,0,207.89,playing,8
328.3738,6.328,0,0,0.21587,0,206.5,playing,8
328.39,6.328,0,0,0.21587,0,205.4,playing,8
328.4063,2.8634,0,0,0.21587,0,204.58,playing,8
328.4235,2.8634,0,0,0.21587,0,204.03,playing,8
328.4401,2.8634,0,0,0.21587,0,203.8,playing,8
328.4563,0.8853,0,0,0.21587,0,203.86,playing,8
328.473,0.8853,0,0,0.21587,0,204.24,playing,8
328.489,-0.2648,0,0,0.20705,0,204.88,playing,8
328.5047,-0.2648,0,0,0.20705,0,205.81,playing,8
328.5204,-0.2648,0,0,0.20705,0,207.01,playing,8
328.5374,-1.8742,0,0,0.20705,0,208.5,playing,8
328.5545,-1.8742,0,0,0.23529,1,210.39,playing,8
328.5713,-1.8742,0,0,0.23529,0,212.61,playing,8
328.5876,-2.4582,0,0,0.23529,0,215.14,playing,8
328.6037,-2.4582,0,0,0.26755,0,217.81,playing,8
328.6197,-2.4582,0,0,0.26755,0,220.75,playing,8
328.636,-23.218,1,0,0.26755,0,223.98,playing,8
328.6521,-23.218,0,0,0.27182,0,218.03,playing,8
328.6686,-18.2368,0,0,0.27182,0,212.35,playing,8
328.6853,-18.2368,0,0,0.27182,0,206.63,playing,8
328.7019,-18.2368,0,0,0.27182,0,201.24,playing,8
328.7175,-11.9113,0,0,0.27489,0,196.44,playing,8
328.734,-11.9113,0,0,0.27489,0,191.93,playing,8
328.7501,-11.9113,0,0,0.27489,0,187.69,playing,8
328.7657,12.2623,0,0,0.27489,0,183.74,playing,8
328.782,12.2623,0,0,0.15475,0,180.07,playing,8
328.7984,12.2623,0,0,0.15475,0,176.68,playing,8
328.815,12.8271,0,0,0.15475,0,173.4,playing,8
328.8305,12.8271,0,0,0.17689,0,170.59,playing,8
328.8476,12.8271,0,0,0.17689,0,168.07,playing,8
328.864,8.8311,0,0,0.17689,0,165.7,playing,8
328.8804,8.8311,0,0,0.17689,0,163.75,playing,8
328.8969,6.0766,0,0,0.16224,0,162.0,playing,8
328.9128,6.0766,0,0,0.16224,0,160.64,playing,8
328.9287,6.0766,0,0,0.16224,0,159.56,playing,8
328.9449,3.9477,0,0,0.16224,0,158.75,playing,8
328.961,3.9477,0,0,0.17447,0,158.23,playing,9
328.9773,3.9477,0,0,0.17447,0,158.0,playing,9
328.9945,1.0885,0,0,0.17447,0,158.06,playing,9
329.0112,1.0885,0,0,0.17447,0,158.44,playing,9
329.0276,1.0885,0,0,0.17447,0,159.08,playing,9
329.0447,-0.0181,0,0,0.21735,0,160.16,playing,9
329.0607,-0.0181,0,0,0.21735,0,161.4,playing,9
329.0775,-1.6141,0,0,0.21735,0,162.92,playing,9
329.0936,-1.6141,0,0,0.21735,0,164.86,playing,9
329.1104,-1.6141,0,0,0.21735,0,166.96,playing,9
329.1287,-1.6206,0,0,0.21127,0,169.51,playing,9
329.1454,-1.6206,0,0,0.21127,0,172.57,playing,9
329.1626,-1.6206,0,0,0.21127,0,175.78,playing,9
329.1794,-1.8864,0,0,0.21127,0,179.3,playing,9
329.1962,-1.8864,0,0,0.26511,1,183.14,playing,9
329.2116,-2.146,0,0,0.26511,0,187.04,playing,9
329.2279,-2.146,0,0,0.26511,0,191.22,playing,9
329.2441,-2.146,0,0,0.26511,0,195.68,playing,9
329.2602,-1.9763,0,0,0.26511,0,200.42,playing,9
329.2771,-1.9763,0,0,0.2932,0,205.78,playing,9
329.2933,-1.9763,0,0,0.2932,0,211.1,playing,9
329.3097,-11.3111,0,0,0.2932,0,217.08,playing,9
329.3257,-11.3111,0,0,0.2932,0,222.98,playing,9
329.3423,-11.3111,0,0,0.25822,0,229.17,playing,9
329.3586,-22.2783,1,0,0.25822,0,236.06,playing,9
329.3749,-22.2783,0,0,0.25822,0,230.1,playing,9
329.3906,-14.557,0,0,0.28743,0,224.42,playing,9
329.4072,-14.557,0,0,0.28743,0,219.03,playing,9
329.4239,-14.557,0,0,0.28743,0,213.61,playing,9
329.4397,10.1573,0,0,0.13858,0,208.8,playing,9
329.4564,10.1573,0,0,0.13858,0,204.26,playing,9
329.4734,10.1573,0,0,0.13858,0,199.77,playing,9
329.4904,13.4441,0,0,0.13858,0,195.59,playing,9
329.5071,13.4441,0,0,0.13858,0,191.72,playing,9
329.5233,13.4441,0,0,0.13858,0,188.37,playing,9
329.5404,9.7066,0,0,0.14912,0,185.13,playing,9
329.5565,9.7066,0,0,0.14912,0,182.2,playing,9
329.573,7.2312,0,0,0.14912,0,179.72,playing,9
329.5888,7.2312,0,0,0.16467,0,177.53,playing,9
329.6055,7.2312,0,0,0.16467,0,175.62,playing,9
329.6218,3.7542,0,0,0.16467,0,173.91,playing,9
329.6382,3.7542,0,0,0.2286,1,172.58,playing,9
329.6536,3.7542,0,0,0.2286,0,171.53,playing,9
329.6693,1.9955,0,0,0.2286,0,170.77,playing,9
329.6891,1.9955,0,0,0.2286,0,170.28,playing,9
329.7049,0.7981,0,0,0.2286,0,170.1,playing,9
329.7215,0.7981,0,0,0.29197,0,170.23,playing,9
329.7377,0.7981,0,0,0.29197,0,170.69,playing,9
329.754,0.1528,0,0,0.29197,0,171.4,playing,9
329.7699,0.1528,0,0,0.27623,0,172.4,playing,9
329.7861,0.1528,0,0,0.27623,0,173.67,playing,9
329.8022,-0.7236,0,0,0.27623,0,175.23,playing,9
329.8194,-0.7236,0,0,0.27623,0,177.2,playing,9
329.8357,-0.7236,0,0,0.26127,0,179.49,playing,9
329.8523,-1.1486,0,0,0.26127,0,181.93,playing,9
329.869,-1.1486,0,0,0.26127,0,184.83,playing,9
329.8847,-1.1486,0,0,0.26127,0,187.85,playing,9
329.9009,-1.1486,0,0,0.29321,0,191.15,playing,9
329.9169,-1.1486,0,0,0.29321,0,194.73,playing,9
329.9351,-1.5045,0,0,0.29321,0,198.59,playing,9
329.9508,-1.5045,0,0,0.29321,0,203.3,playing,9
329.9667,-1.5045,0,0,0.26506,0,207.76,playing,9
329.9845,-1.5989,0,0,0.26506,0,212.5,playing,9
330.0006,-1.5226,0,0,0.26506,0,218.19,playing,9
330.017,-1.5226,0,0,0.26506,0,223.53,playing,9
330.0331,-1.2081,0,0,0.24741,0,229.15,playing,9
330.0497,-1.2081,0,0,0.24741,0,235.06,playing,9
330.066,-1.8469,0,0,0.24741,0,241.65,playing,9
330.0822,-1.8469,0,0,0.24741,0,248.13,playing,9
330.0976,-1.8469,0,0,0.24741,0,254.9,playing,9
330.114,-9.259,0,0,0.28707,0,261.95,playing,9
330.1304,-9.259,0,0,0.28707,0,269.28,playing,9
330.147,-9.259,0,0,0.28707,0,277.38,playing,9
330.1624,-23.8913,1,0,0.28707,0,285.29,playing,9
330.1792,-23.8913,0,0,0.3014,0,279.34,playing,9
330.1955,-23.8913,0,0,0.3014,0,273.66,playing,9
330.212,-8.0329,0,0,0.3014,0,267.94,playing,9
330.2278,-8.0329,0,0,0.3014,0,262.85,playing,9
330.2439,-8.0329,0,0,0.3014,0,258.03,playing,9
330.2596,-8.0329,0,0,0.3014,0,253.5,playing,9
330.2761,-8.0329,0,0,0.3014,0,249.25,playing,9
330.2924,12.048,0,0,0.3014,0,245.28,playing,9
330.3092,12.048,0,0,0.15199,0,241.38,playing,9
330.3258,12.048,0,0,0.15199,0,237.99,playing,9
330.3423,10.0107,0,0,0.15199,0,234.71,playing,9
330.3595,10.0107,0,0,0.20141,0,231.74,playing,9
330.3763,10.0107,0,0,0.20141,0,229.1,playing,9
330.3931,7.5969,0,0,0.20141,0,226.77,playing,9
330.4087,7.5969,0,0,0.20141,0,224.86,playing,9
330.4249,7.5969,0,0,0.17437,0,223.23,playing,9
330.4415,4.8266,0,0,0.17437,0,221.88,playing,9
330.4586,4.8266,0,0,0.17437,0,220.77,playing,9
330.4752,3.2598,0,0,0.17437,0,219.97,playing,9
330.4907,3.2598,0,0,0.17437,0,219.51,playing,9
330.507,3.2598,0,0,0.2432,1,219.32,playing,9
330.523,1.9147,0,0,0.2432,0,219.42,playing,9
330.5387,1.2511,0,0,0.2432,0,219.79,playing,9
330.5548,1.2511,0,0,0.2432,0,220.45,playing,9
330.5706,0.3557,0,0,0.2468,0,221.39,playing,9
330.5872,0.3557,0,0,0.2468,0,222.62,playing,9
330.6033,0.3557,0,0,0.2468,0,224.12,playing,9
330.6199,-0.6795,0,0,0.265,0,226.04,playing,9
330.6356,-0.6795,0,0,0.265,0,228.12,playing,9
330.6518,-1.297,0,0,0.265,0,230.49,playing,9
330.6685,-1.297,0,0,0.265,0,233.14,playing,9
330.6846,-1.297,0,0,0.28798,0,236.27,playing,9
330.7015,-1.6092,0,0,0.28798,0,239.5,playing,9
330.718,-1.6092,0,0,0.28798,0,243.24,playing,9
330.734,-1.6092,0,0,0.28798,0,247.05,playing,9
330.7506,-3.043,0,0,0.27315,0,251.14,playing,9
330.7677,-3.043,0,0,0.27315,0,255.81,playing,9
330.7839,-11.6256,0,0,0.27315,0,260.79,playing,9
330.8016,-11.6256,0,0,0.27315,0,265.76,playing,9
330.8185,-11.6256,0,0,0.29762,0,271.71,playing,10
330.8349,-22.1179,1,0,0.29762,0,277.65,playing,10
330.8513,-22.1179,0,0,0.29762,0,271.69,playing,10
330.868,-22.1179,0,0,0.25724,0,265.68,playing,10
330.8836,-15.7548,0,0,0.25724,0,260.3,playing,10
330.9004,-15.7548,0,0,0.25724,0,255.2,playing,10
330.9172,-15.7548,0,0,0.147,0,250.11,playing,10
330.9335,0.6947,0,0,0.147,0,245.33,playing,10
330.9501,0.6947,0,0,0.147,0,241.11,playing,10
330.9669,15.7384,0,0,0.19283,0,236.95,playing,10
330.983,15.7384,0,0,0.19283,0,233.32,playing,10
330.9986,15.7384,0,0,0.19283,0,229.96,playing,10
331.0154,14.6687,0,0,0.19283,0,226.89,playing,10
331.0336,14.6687,0,0,0.15745,0,223.94,playing,10
331.0516,14.6687,0,0,0.15745,0,221.18,playing,10
331.0678,11.2302,0,0,0.15745,0,218.77,playing,10
331.0835,11.2302,0,0,0.15745,0,216.92,playing,10
331.0996,11.2302,0,0,0.15745,0,215.34,playing,10
331.1164,5.6047,0,0,0.16458,0,214.05,playing,10
331.133,5.6047,0,0,0.16458,0,212.99,playing,10
331.1491,3.5681,0,0,0.16458,0,212.28,playing,10
331.1648,3.5681,0,0,0.16458,0,211.84,playing,10
331.181,3.5681,0,0,0.23689,1,211.69,playing,10
331.1972,0.1354,0,0,0.23689,0,211.82,playing,10
331.2134,0.1354,0,0,0.23689,0,212.28,playing,10
331.2301,0.1354,0,0,0.23689,0,212.99,playing,10
331.2465,-1.0157,0,0,0.23689,0,213.99,playing,10
331.2631,-1.0157,0,0,0.26847,0,215.36,playing,10
331.2794,-2.6764,0,0,0.26847,0,216.94,playing,10
331.2964,-2.6764,0,0,0.26847,0,218.93,playing,10
331.3135,-2.6764,0,0,0.26847,0,221.23,playing,10
331.3297,-2.6764,0,0,0.27596,0,223.86,playing,10
331.3468,-2.6764,0,0,0.27596,0,226.61,playing,10
331.3629,-2.6764,0,0,0.27596,0,229.86,playing,10
331.3795,-2.5393,0,0,0.27596,0,233.19,playing,10
331.3966,-2.5393,0,0,0.25549,0,237.05,playing,10
331.4128,-2.5393,0,0,0.25549,0,241.23,playing,10
331.4346,-4.1245,0,0,0.25549,0,245.45,playing,10
331.4517,-4.1245,0,0,0.25549,0,251.77,playing,10
331.4682,-23.5677,1,0,0.25549,0,256.98,playing,10
331.485,-23.5677,0,0,0.29442,0,250.67,playing,10
331.5003,-23.5677,0,0,0.29442,0,245.01,playing,10
331.5224,-11.6188,0,0,0.29442,0,239.63,playing,10
331.5389,-11.6188,0,0,0.29442,0,232.77,playing,10
331.5558,-1.0159,0,0,0.26522,0,228.06,playing,10
331.5721,-1.0159,0,0,0.26522,0,223.38,playing,10
331.5877,-1.0159,0,0,0.26522,0,219.25,playing,10
331.604,12.3707,0,0,0.26522,0,215.4,playing,10
331.6199,12.3707,0,0,0.16977,0,211.84,playing,10
331.636,12.3707,0,0,0.16977,0,208.55,playing,10
331.6536,12.9664,0,0,0.16977,0,205.55,playing,10
331.6698,12.9664,0,0,0.16977,0,202.53,playing,10
331.6857,10.0757,0,0,0.19729,0,200.13,playing,10
331.702,10.0757,0,0,0.19729,0,198.01,playing,10
331.722,10.0757,0,0,0.19729,0,196.17,playing,10
331.7376,4.9246,0,0,0.19729,0,194.31,playing,10
331.7543,4.9246,0,0,0.15891,0,193.1,playing,10
331.771,4.9246,0,0,0.15891,0,192.14,playing,10
331.7869,3.5807,0,0,0.15891,0,191.51,playing,10
331.8032,3.5807,0,0,0.15891,0,191.17,playing,10
331.8198,1.8993,0,0,0.23973,1,191.12,playing,10
331.836,1.8993,0,0,0.23973,0,191.36,playing,10
331.8519,1.8993,0,0,0.23973,0,191.87,playing,10
331.8683,-0.6955,0,0,0.21317,0,192.67,playing,10
331.8846,-0.6955,0,0,0.21317,0,193.84,playing,10
331.9015,-0.6955,0,0,0.21317,0,195.22,playing,10
331.9176,-1.1024,0,0,0.28346,0,197.01,playing,10
331.9337,-1.1024,0,0,0.28346,0,198.97,playing,10
331.9495,-1.1024,0,0,0.28346,0,201.21,playing,10
331.966,-1.1024,0,0,0.28346,0,203.74,playing,10
331.9819,-1.1024,0,0,0.24728,0,206.54,playing,10
331.9979,-1.1024,0,0,0.24728,0,209.63,playing,10
332.0142,-2.7099,0,0,0.24728,0,213.0,playing,10
332.0311,-2.7099,0,0,0.24728,0,216.9,playing,10
332.0475,-2.7612,0,0,0.24728,0,220.85,playing,10
332.0641,-2.7612,0,0,0.25816,0,225.37,playing,10
332.0802,-2.7612,0,0,0.25816,0,229.9,playing,10
332.0991,-3.0887,0,0,0.25816,0,235.03,playing,10
332.1155,-3.0887,0,0,0.25816,0,241.16,playing,10
332.1315,-3.0887,0,0,0.25816,0,246.61,playing,10
332.1487,-8.9795,0,0,0.25816,0,252.34,playing,10
332.165,-8.9795,0,0,0.25417,0,258.74,playing,10
332.1806,-16.5075,1,0,0.25417,0,265.05,playing,10
332.1969,-16.5075,0,0,0.25417,0,259.09,playing,10
332.213,-16.5075,0,0,0.25417,0,253.41,playing,10
332.2324,-9.5165,0,0,0.28175,0,248.02,playing,10
332.2486,-9.5165,0,0,0.28175,0,241.71,playing,10
332.2652,-9.5165,0,0,0.28175,0,236.95,playing,10
332.2823,8.9936,0,0,0.28175,0,232.21,playing,10
332.2992,8.9936,0,0,0.26541,0,227.79,playing,10
332.3154,12.8987,0,0,0.26541,0,223.91,playing,10
332.3316,12.8987,0,0,0.26541,0,220.1,playing,10
332.3478,12.8987,0,0,0.26541,0,216.8,playing,10
332.3639,9.9158,0,0,0.18019,0,213.78,playing,10
332.3804,9.9158,0,0,0.18019,0,211.04,playing,10
332.3966,9.9158,0,0,0.18019,0,208.45,playing,10
332.413,5.1822,0,0,0.18019,0,206.3,playing,10
332.4291,5.1822,0,0,0.18019,0,204.42,playing,10
332.445,5.1822,0,0,0.16945,0,202.83,playing,10
332.4616,5.1822,0,0,0.16945,0,201.51,playing,10
332.4778,5.1822,0,0,0.16945,0,200.44,playing,10
332.4981,3.4253,0,0,0.16945,0,199.71,playing,10
332.515,0.9832,0,0,0.16945,0,199.23,playing,10
332.5316,0.9832,0,0,0.16945,1,199.15,playing,10
332.5491,0.4481,0,0,0.26947,0,199.42,playing,10
332.5658,0.4481,0,0,0.26947,0,199.99,playing,10
332.582,0.4481,0,0,0.26947,0,200.81,playing,10
332.5984,-0.8545,0,0,0.26947,0,201.91,playing,10
332.6145,-0.8545,0,0,0.26947,0,203.39,playing,10
332.6382,-1.8823,0,0,0.22897,0,205.07,playing,10
332.6549,-1.8823,0,0,0.22897,0,208.07,playing,10
332.6723,-1.8823,0,0,0.22897,0,210.6,playing,11
332.6891,-1.8823,0,0,0.22897,0,213.64,playing,11
332.7062,-1.8823,0,0,0.22897,0,216.62,playing,11
332.7222,-2.0204,0,0,0.29596,0,220.11,playing,11
332.739,-2.0204,0,0,0.29596,0,223.91,playing,11
332.7559,-2.0204,0,0,0.29596,0,227.78,playing,11
332.772,-12.7046,1,0,0.29596,0,232.2,playing,11
332.7876,-12.7046,0,0,0.27273,0,226.24,playing,11
332.8047,-12.7046,0,0,0.27273,0,220.56,playing,11
332.8241,-10.9488,0,0,0.27273,0,214.85,playing,11
332.8406,-10.9488,0,0,0.27273,0,208.57,playing,11
332.8566,-5.1889,0,0,0.27273,0,203.82,playing,11
332.8786,-5.1889,0,0,0.2183,0,199.36,playing,11
332.8953,-5.1889,0,0,0.2183,0,193.76,playing,11
332.9121,6.1826,0,0,0.2183,0,189.74,playing,11
332.9277,6.1826,0,0,0.2183,0,186.25,playing,11
332.9441,13.9312,0,0,0.2183,0,183.04,playing,11
332.9604,13.9312,0,0,0.14013,0,180.11,playing,11
332.9775,13.9312,0,0,0.14013,0,177.31,playing,11
332.9945,14.7435,0,0,0.14013,0,174.83,playing,11
333.0122,12.031,0,0,0.14013,0,172.67,playing,11
333.029,12.031,0,0,0.14013,0,170.74,playing,11
333.0445,8.1953,0,0,0.18475,0,169.3,playing,11
333.0606,8.1953,0,0,0.18475,0,168.15,playing,11
333.0768,8.1953,0,0,0.18475,0,167.28,playing,11
333.0935,2.929,0,0,0.18475,0,166.69,playing,11
333.1106,2.929,0,0,0.16011,0,166.38,playing,11
333.1284,1.3948,0,0,0.16011,0,166.41,playing,11
333.1453,1.3948,0,0,0.16011,0,166.75,playing,11
333.1615,1.3948,0,0,0.24238,1,167.42,playing,11
333.1776,0.2933,0,0,0.24238,0,168.32,playing,11
333.1942,0.2933,0,0,0.24238,0,169.51,playing,11
333.2113,0.2933,0,0,0.2613,0,171.09,playing,11
333.2279,-1.2836,0,0,0.2613,0,172.98,playing,11
333.2436,-1.2836,0,0,0.2613,0,175.05,playing,11
333.2594,-1.9216,0,0,0.25435,0,177.4,playing,11
333.276,-1.9216,0,0,0.25435,0,180.03,playing,11
333.2926,-1.9216,0,0,0.25435,0,182.94,playing,11
333.3084,-1.9985,0,0,0.25435,0,186.36,playing,11
333.3248,-1.9985,0,0,0.25435,0,189.85,playing,11
333.3406,-1.9985,0,0,0.30341,0,193.62,playing,11
333.3564,-1.9618,0,0,0.30341,0,197.68,playing,11
333.3732,-1.9618,0,0,0.30341,0,202.02,playing,11
333.39,-1.9618,0,0,0.30341,0,206.94,playing,11
333.4061,-3.3309,0,0,0.29152,0,211.86,playing,11
333.4229,-3.3309,0,0,0.29152,0,217.4,playing,11
333.4388,-18.827,1,0,0.29152,0,222.9,playing,11
333.4547,-18.827,0,0,0.25352,0,216.95,playing,11
333.4715,-18.827,0,0,0.25352,0,211.27,playing,11
333.4884,-17.3656,0,0,0.25352,0,205.55,playing,11
333.5057,-17.3656,0,0,0.26907,0,200.16,playing,11
333.522,-17.3656,0,0,0.26907,0,195.08,playing,11
333.5378,1.247,0,0,0.26907,0,190.58,playing,11
333.5544,1.247,0,0,0.30989,0,186.37,playing,11
333.5706,1.247,0,0,0.30989,0,182.21,playing,11
333.5867,1.247,0,0,0.30989,0,178.57,playing,11
333.6033,1.247,0,0,0.30989,0,175.22,playing,11
333.6225,13.0228,0,0,0.30989,0,171.97,playing,11
333.6389,10.6353,0,0,0.19263,0,168.74,playing,11
333.655,10.6353,0,0,0.19263,0,166.3,playing,11
333.671,6.9956,0,0,0.19263,0,164.15,playing,11
333.6872,6.9956,0,0,0.17075,0,162.27,playing,11
333.7024,6.9956,0,0,0.17075,0,160.68,playing,11
333.7194,6.9956,0,0,0.17075,0,159.37,playing,11
333.7365,6.9956,0,0,0.17075,0,158.29,playing,11
333.7569,2.0644,0,0,0.22134,1,157.53,playing,11
333.7725,2.0644,0,0,0.22134,0,157.08,playing,11
333.7887,2.0644,0,0,0.22134,0,157.0,playing,11
333.805,1.0742,0,0,0.23919,0,157.2,playing,11
333.8211,1.0742,0,0,0.23919,0,157.68,playing,11
333.8368,1.0742,0,0,0.23919,0,158.45,playing,11
333.853,-1.0863,0,0,0.23919,0,159.5,playing,11
333.869,-1.0863,0,0,0.29625,0,160.82,playing,11
333.8845,-1.0863,0,0,0.29625,0,162.43,playing,11
333.9009,-1.4401,0,0,0.29625,0,164.32,playing,11
333.9169,-1.4401,0,0,0.29625,0,166.5,playing,11
333.9329,-1.3044,0,0,0.29052,0,168.95,playing,11
333.9494,-1.3044,0,0,0.29052,0,171.69,playing,11
333.9666,-1.3044,0,0,0.29052,0,174.91,playing,11
333.9887,-1.3044,0,0,0.29052,0,178.46,playing,11
334.0047,-1.3044,0,0,0.29052,0,183.57,playing,11
334.0245,-1.5554,0,0,0.30788,0,187.58,playing,11
334.0432,-0.9772,0,0,0.30788,0,193.02,playing,11
334.0617,-0.9772,0,0,0.30788,0,198.28,playing,11
334.0819,-17.6135,1,0,0.30788,0,203.89,playing,11
334.0978,-17.6135,0,0,0.30788,0,196.18,playing,11
334.1212,-13.3123,0,0,0.28307,0,190.59,playing,11
334.1367,-13.3123,0,0,0.28307,0,183.14,playing,11
334.153,-13.3123,0,0,0.28307,0,178.24,playing,11
334.175,-7.7715,0,0,0.28307,0,173.35,playing,11
334.191,-7.7715,0,0,0.28307,0,167.79,playing,11
334.2069,14.4609,0,0,0.31853,0,163.84,playing,11
334.2234,14.4609,0,0,0.31853,0,160.17,playing,11
334.2403,14.4609,0,0,0.31853,0,156.59,playing,11
334.2566,13.4601,0,0,0.18855,0,153.32,playing,11
334.2727,13.4601,0,0,0.18855,0,150.53,playing,11
334.2892,13.4601,0,0,0.18855,0,148.02,playing,11
334.3052,13.4601,0,0,0.14142,0,145.8,playing,11
334.3209,13.4601,0,0,0.14142,0,143.85,playing,11
334.3368,13.4601,0,0,0.14142,0,142.19,playing,11
334.3536,5.415,0,0,0.14142,0,140.81,playing,11
334.3699,5.415,0,0,0.23519,1,139.65,playing,11
334.3858,3.2692,0,0,0.23519,0,138.85,playing,11
334.4026,3.2692,0,0,0.23519,0,138.33,playing,11
334.4187,3.2692,0,0,0.22007,0,138.1,playing,11
334.4353,0.0686,0,0,0.22007,0,138.16,playing,11
334.4526,0.0686,0,0,0.22007,0,138.54,playing,11
334.4693,0.0686,0,0,0.27588,0,139.24,playing,11
334.486,-0.6999,0,0,0.27588,0,140.26,playing,11
334.5026,-0.6999,0,0,0.27588,0,141.5,playing,11
334.5187,-1.2092,0,0,0.27588,0,143.14,playing,12
334.5359,-1.5633,0,0,0.27531,0,144.96,playing,12
334.5526,-1.5633,0,0,0.27531,0,147.21,playing,12
334.5687,-1.6631,0,0,0.27531,0,149.78,playing,12
334.5853,-1.6631,0,0,0.27531,0,152.48,playing,12
334.6024,-1.6631,0,0,0.27531,0,155.67,playing,12
334.6188,-1.8288,0,0,0.279,0,159.17,playing,12
334.6351,-1.8288,0,0,0.279,0,162.75,playing,12
334.6512,-1.8288,0,0,0.279,0,166.62,playing,12
334.668,-1.7959,0,0,0.279,0,171.04,playing,12
334.6871,-1.7959,0,0,0.279,0,175.48,playing,12
334.7034,-1.7444,0,0,0.29469,0,181.15,playing,12
334.7194,-1.7444,0,0,0.29469,0,186.55,playing,12
334.7359,-1.7444,0,0,0.29469,0,191.91,playing,12
334.755,-9.1814,0,0,0.29469,0,197.55,playing,12
334.7711,-9.1814,0,0,0.28277,0,204.64,playing,12
334.7876,-9.1814,0,0,0.28277,0,211.31,playing,12
334.8044,-19.3106,1,0,0.28277,0,217.86,playing,12
334.8214,-19.3106,0,0,0.28277,0,211.55,playing,12
334.838,-4.087,0,0,0.26947,0,205.56,playing,12
334.8541,-4.087,0,0,0.26947,0,200.2,playing,12
334.87,-4.087,0,0,0.26947,0,195.12,playing,12
334.886,7.6424,0,0,,0,190.32,playing,12
334.9026,7.6424,0,0,,0,185.81,playing,12
334.9193,7.6424,0,0,,0,181.33,playing,12
334.9367,7.6424,0,0,,0,177.17,playing,12
334.9526,7.6424,0,0,0.19547,0,173.32,playing,12
334.9688,11.8924,0,0,0.19547,0,169.99,playing,12
334.9861,9.5886,0,0,0.19547,0,166.76,playing,12
335.0019,9.5886,0,0,0.15752,0,164.0,playing,12
335.018,7.579,0,0,0.15752,0,161.53,playing,12
335.0341,7.579,0,0,0.15752,0,159.34,playing,12
335.0504,7.579,0,0,0.16719,0,157.43,playing,12
335.0666,3.9485,0,0,0.16719,0,155.72,playing,12
335.0848,3.9485,0,0,0.16719,0,154.39,playing,12
335.1014,3.9485,0,0,0.16719,0,153.25,playing,12
335.1179,1.1581,0,0,0.20632,0,152.49,playing,12
335.1339,1.1581,0,0,0.20632,0,152.06,playing,12
335.1502,-0.0978,0,0,0.20632,0,151.91,playing,12
335.1673,-0.0978,0,0,0.20632,0,152.06,playing,12
335.1841,-0.0978,0,0,0.22583,1,152.54,playing,12
335.1995,-1.3668,0,0,0.22583,0,153.27,playing,12
335.2164,-1.3668,0,0,0.22583,0,154.28,playing,12
335.2325,-1.3668,0,0,0.22583,0,155.67,playing,12
335.2488,-1.645,0,0,0.26587,0,157.27,playing,12
335.2652,-1.645,0,0,0.26587,0,159.14,playing,12
335.2819,-1.645,0,0,0.26587,0,161.45,playing,12
335.2975,-1.645,0,0,0.26587,0,163.9,playing,12
335.3147,-1.645,0,0,0.29205,0,166.64,playing,12
335.3313,-1.775,0,0,0.29205,0,169.86,playing,12
335.3481,-1.775,0,0,0.29205,0,173.41,playing,12
335.3639,-1.775,0,0,0.29205,0,177.02,playing,12
335.3797,-1.7242,0,0,0.29156,0,180.92,playing,12
335.3962,-1.7242,0,0,0.29156,0,185.1,playing,12
335.4118,-1.7242,0,0,0.29156,0,189.56,playing,12
335.4276,-1.7242,0,0,0.29156,0,194.3,playing,12
335.4444,-1.7242,0,0,0.25076,0,199.33,playing,12
335.4606,-1.7242,0,0,0.25076,0,204.98,playing,12
335.4776,-1.3118,0,0,0.25076,0,210.59,playing,12
335.4939,-1.3118,0,0,0.25076,0,216.86,playing,12
335.5098,-0.5172,0,0,0.30214,0,223.04,playing,12
335.5272,-0.5172,0,0,0.30214,0,229.94,playing,12
335.5434,-0.5172,0,0,0.30214,0,237.14,playing,12
335.5603,-0.4578,0,0,0.30214,0,244.21,playing,12
335.5771,-0.4578,0,0,0.27629,0,252.03,playing,12
335.5934,-0.4578,0,0,0.27629,0,259.68,playing,12
335.6102,-13.1966,1,0,0.27629,0,268.12,playing,12
335.6271,-13.1966,0,0,0.27629,0,261.81,playing,12
335.6431,-19.3269,0,0,0.27629,0,256.15,playing,12
335.6607,-19.3269,0,0,0.27929,0,250.46,playing,12
335.6775,-19.3269,0,0,0.27929,0,245.08,playing,12
335.6941,-2.9314,0,0,0.27929,0,240.02,playing,12
335.7097,-2.9314,0,0,0.27929,0,235.54,playing,12
335.7268,-2.9314,0,0,0.19409,0,231.34,playing,12
335.7425,9.4183,0,0,0.19409,0,227.2,playing,12
335.7593,9.4183,0,0,0.19409,0,223.58,playing,12
335.7755,9.4183,0,0,0.16589,0,220.06,playing,12
335.7926,14.9717,0,0,0.16589,0,217.02,playing,12
335.8097,14.9717,0,0,0.16589,0,214.11,playing,12
335.826,12.1503,0,0,0.14864,0,211.52,playing,12
335.8421,12.1503,0,0,0.14864,0,209.36,playing,12
335.8583,12.1503,0,0,0.14864,0,207.49,playing,12
335.875,7.9058,0,0,0.20985,0,205.81,playing,12
335.8915,7.9058,0,0,0.20985,0,204.52,playing,12
335.9083,7.9058,0,0,0.20985,0,203.46,playing,12
335.9265,3.4596,0,0,0.20985,0,202.72,playing,12
335.943,3.4596,0,0,0.20012,0,202.29,playing,12
335.96,3.4596,0,0,0.20012,0,202.2,playing,12
335.9764,1.9915,0,0,0.20012,0,202.41,playing,12
335.993,1.9915,0,0,0.20012,0,202.94,playing,12
336.0103,-0.9392,0,0,0.20012,1,203.73,playing,12
336.0275,-0.9392,0,0,0.22134,0,204.96,playing,12
336.0441,-0.9392,0,0,0.22134,0,206.45,playing,12
336.06,-1.6144,0,0,0.22134,0,208.13,playing,12
336.0764,-1.6144,0,0,0.22134,0,210.09,playing,12
336.0955,-1.7946,0,0,0.23968,0,212.49,playing,12
336.1121,-1.7946,0,0,0.23968,0,215.57,playing,12
336.1284,-1.7946,0,0,0.23968,0,218.45,playing,12
336.1444,-2.0624,0,0,0.26901,0,221.82,playing,12
336.1622,-2.0624,0,0,0.26901,0,225.28,playing,12
336.1796,-2.0624,0,0,0.26901,0,229.53,playing,12
336.1956,-1.9047,0,0,0.26901,0,233.86,playing,12
336.2121,-1.9047,0,0,0.26907,0,238.21,playing,12
336.2278,-1.9047,0,0,0.26907,0,242.85,playing,12
336.2441,-2.1565,0,0,0.26907,0,247.77,playing,12
336.2603,-2.1565,0,0,0.26907,0,252.97,playing,12
336.2767,-13.0133,1,0,0.26546,0,258.81,playing,12
336.2924,-13.0133,0,0,0.26546,0,252.85,playing,12
336.3095,-13.0133,0,0,0.26546,0,247.17,playing,12
336.3263,-14.8458,0,0,0.25038,0,241.46,playing,12
336.3429,-14.8458,0,0,0.25038,0,236.07,playing,12
336.3585,-14.8458,0,0,0.25038,0,231.27,playing,12
336.3745,-8.3612,0,0,0.21367,0,226.75,playing,13
336.3909,-8.3612,0,0,0.21367,0,222.52,playing,13
336.4068,-8.3612,0,0,0.21367,0,218.57,playing,13
336.424,1.6671,0,0,0.21367,0,214.69,playing,13
336.4403,1.6671,0,0,0.16578,0,211.32,playing,13
336.4569,16.7976,0,0,0.16578,0,208.05,playing,13
336.4743,16.7976,0,0,0.16578,0,205.11,playing,13
336.4915,16.7976,0,0,0.16578,0,202.48,playing,13
336.5077,14.8898,0,0,0.16578,0,200.17,playing,13
336.5247,14.8898,0,0,0.17455,0,198.27,playing,13
336.5416,14.8898,0,0,0.17455,0,196.58,playing,13
336.558,7.6148,0,0,0.17455,0,195.21,playing,13
336.5733,7.6148,0,0,0.17455,0,194.19,playing,13
336.5899,3.9663,0,0,0.17455,0,193.46,playing,13
336.6063,3.9663,0,0,0.1336,0,193.01,playing,13
336.6233,3.9663,0,0,0.1336,0,192.85,playing,13
336.6402,0.7854,0,0,0.1336,0,193.01,playing,13
336.657,0.7854,0,0,0.1865,0,193.49,playing,13
336.6731,0.7854,0,0,0.1865,0,194.22,playing,13
336.6897,-0.3171,0,0,0.1865,0,195.23,playing,13
336.7059,-0.3171,0,0,0.1865,0,196.62,playing,13
336.7225,-0.3171,0,0,0.27328,1,198.21,playing,13
336.7392,-1.6519,0,0,0.27328,0,200.22,playing,13
336.7554,-1.6519,0,0,0.27328,0,202.39,playing,13
336.7721,-2.6432,0,0,0.25771,0,205.02,playing,13
336.7885,-2.6432,0,0,0.25771,0,207.77,playing,13
336.8045,-2.6432,0,0,0.25771,0,211.02,playing,13
336.8211,-2.5638,0,0,0.25771,0,214.35,playing,13
336.8373,-2.5638,0,0,0.25415,0,217.97,playing,13
336.8544,-2.5638,0,0,0.25415,0,222.13,playing,13
336.871,-2.3955,0,0,0.25415,0,226.61,playing,13
336.887,-2.3955,0,0,0.26956,0,231.1,playing,13
336.9036,-2.2815,0,0,0.26956,0,235.88,playing,13
336.9207,-2.2815,0,0,0.26956,0,241.27,playing,13
336.9373,-2.2815,0,0,0.26865,0,246.98,playing,13
336.9544,-19.7231,1,0,0.26865,0,253.01,playing,13
336.9711,-19.7231,0,0,0.26865,0,246.7,playing,13
336.9885,-19.7231,0,0,0.27182,0,240.71,playing,13
337.0053,-17.5903,0,0,0.27182,0,235.03,playing,13
337.0218,-17.5903,0,0,0.27182,0,229.67,playing,13
337.0384,-12.2713,0,0,0.27182,0,224.91,playing,13
337.0568,-12.2713,0,0,0.27182,0,220.17,playing,13
337.0731,-12.2713,0,0,0.29412,0,215.51,playing,13
337.0903,3.4559,0,0,0.29412,0,211.64,playing,13
337.1066,3.4559,0,0,0.29412,0,207.65,playing,13
337.1234,3.4559,0,0,0.17632,0,204.39,playing,13
337.1403,17.0782,0,0,0.17632,0,201.24,playing,13
337.1571,17.0782,0,0,0.17632,0,198.4,playing,13
337.1743,18.3131,0,0,0.17632,0,195.89,playing,13
337.1904,18.3131,0,0,0.19278,0,193.69,playing,13
337.2075,18.3131,0,0,0.19278,0,191.9,playing,13
337.2241,11.0224,0,0,0.19278,0,190.32,playing,13
337.2398,11.0224,0,0,0.19278,0,189.11,playing,13
337.2562,11.0224,0,0,0.17195,0,188.19,playing,13
337.2726,6.2621,0,0,0.17195,0,187.52,playing,13
337.2895,6.2621,0,0,0.17195,0,187.18,playing,13
337.3063,6.2621,0,0,0.17243,0,187.13,playing,13
337.3224,1.684,0,0,0.17243,0,187.4,playing,13
337.339,1.684,0,0,0.17243,0,187.94,playing,13
337.3549,0.1548,0,0,0.17243,0,188.76,playing,13
337.3705,0.1548,0,0,0.19364,0,189.85,playing,13
337.3864,0.1548,0,0,0.19364,0,191.24,playing,13
337.4033,-1.9426,0,0,0.19364,0,192.9,playing,13
337.4201,-1.9426,0,0,0.19364,0,194.98,playing,13
337.4367,-1.9426,0,0,0.19364,1,197.23,playing,13
337.4534,-2.6966,0,0,0.23254,0,199.93,playing,13
337.4701,-2.6966,0,0,0.23254,0,202.95,playing,13
337.4867,-2.6966,0,0,0.23254,0,206.07,playing,13
337.5027,-2.8328,0,0,0.27113,0,209.71,playing,13
337.5196,-2.8328,0,0,0.27113,0,213.41,playing,13
337.5359,-8.8474,0,0,0.27113,0,217.66,playing,13
337.5521,-8.8474,0,0,0.27113,0,221.95,playing,13
337.5713,-8.8474,0,0,0.26872,0,226.51,playing,13
337.5875,-19.2369,1,0,0.26872,0,232.66,playing,13
337.6042,-19.2369,0,0,0.26872,0,226.7,playing,13
337.6196,-19.2369,0,0,0.26872,0,221.03,playing,13
337.6357,-11.0917,0,0,0.26872,0,215.63,playing,13
337.6519,-11.0917,0,0,0.26453,0,210.52,playing,13
337.668,-4.9871,0,0,0.26453,0,205.69,playing,13
337.6841,-4.9871,0,0,0.26453,0,201.14,playing,13
337.6995,-4.9871,0,0,0.26453,0,196.87,playing,13
337.7156,5.2058,0,0,0.19629,0,192.88,playing,13
337.7322,5.2058,0,0,0.19629,0,189.17,playing,13
337.7479,5.2058,0,0,0.19629,0,185.75,playing,13
337.764,14.7401,0,0,0.19629,0,182.61,playing,13
337.7801,14.7401,0,0,0.18224,0,179.75,playing,13
337.7965,14.7401,0,0,0.18224,0,177.17,playing,13
337.8136,11.7491,0,0,0.18224,0,174.74,playing,13
337.8304,11.7491,0,0,0.18224,0,172.64,playing,13
337.8472,11.7491,0,0,0.16704,0,170.85,playing,13
337.8643,9.0854,0,0,0.16704,0,169.38,playing,13
337.8807,9.0854,0,0,0.16704,0,168.23,playing,13
337.8968,4.5317,0,0,0.14424,0,167.43,playing,13
337.9135,4.5317,0,0,0.14424,0,166.91,playing,13
337.9303,4.5317,0,0,0.14424,0,166.68,playing,13
337.9471,1.8501,0,0,0.19157,0,166.76,playing,13
337.9628,1.8501,0,0,0.19157,0,167.12,playing,13
337.979,1.8501,0,0,0.19157,0,167.76,playing,13
337.9947,-0.2401,0,0,0.19157,0,168.69,playing,13
338.0109,-0.2401,0,0,0.28072,1,169.89,playing,13
338.0268,-0.2401,0,0,0.28072,0,171.38,playing,13
338.043,-0.8467,0,0,0.28072,0,173.14,playing,13
338.0591,-0.8467,0,0,0.28072,0,175.19,playing,13
338.0775,-1.9587,0,0,0.25407,0,177.69,playing,13
338.0938,-1.9587,0,0,0.25407,0,180.69,playing,13
338.1104,-1.9587,0,0,0.25407,0,183.64,playing,13
338.127,-1.7128,0,0,0.25407,0,187.09,playing,13
338.1436,-1.7128,0,0,0.29247,0,190.61,playing,13
338.1602,-1.7128,0,0,0.29247,0,194.68,playing,13
338.1769,-1.7693,0,0,0.29247,0,199.06,playing,13
338.1935,-1.7693,0,0,0.26085,0,203.47,playing,13
338.2106,-4.9246,0,0,0.26085,0,208.47,playing,14
338.2273,-4.9246,0,0,0.26085,0,213.79,playing,14
338.2445,-4.9246,0,0,0.28705,0,219.43,playing,14
338.2611,-17.682,1,0,0.28705,0,225.39,playing,14
338.2772,-17.682,0,0,0.28705,0,219.43,playing,14
338.2943,-17.682,0,0,0.31493,0,213.41,playing,14
338.3111,-11.133,0,0,0.31493,0,207.72,playing,14
338.3268,-11.133,0,0,0.31493,0,202.64,playing,14
338.3435,-3.6994,0,0,0.31493,0,197.84,playing,14
338.3601,-3.6994,0,0,0.2309,0,193.06,playing,14
338.3764,-3.6994,0,0,0.2309,0,188.85,playing,14
338.3934,10.696,0,0,0.2309,0,184.69,playing,14
338.4101,10.696,0,0,0.2309,0,180.84,playing,14
338.4258,10.696,0,0,0.19043,0,177.51,playing,14
338.4419,13.4073,0,0,0.19043,0,174.45,playing,14
338.4581,13.4073,0,0,0.19043,0,171.68,playing,14
338.4741,13.4073,0,0,0.19043,0,169.19,playing,14
338.4906,11.0995,0,0,0.15965,0,166.86,playing,14
338.5066,11.0995,0,0,0.15965,0,164.95,playing,14
338.5232,11.0995,0,0,0.15965,0,163.32,playing,14
338.5407,5.6317,0,0,0.15965,0,161.91,playing,14
338.5564,5.6317,0,0,0.18211,0,160.81,playing,14
338.5734,2.8884,0,0,0.18211,0,160.06,playing,14
338.5896,2.8884,0,0,0.18211,0,159.59,playing,14
338.6055,2.8884,0,0,0.18211,1,159.42,playing,14
338.6221,0.9383,0,0,0.2738,0,159.53,playing,14
338.6375,0.9383,0,0,0.2738,0,159.93,playing,14
338.6536,0.9383,0,0,0.2738,0,160.6,playing,14
338.6702,-1.4393,0,0,0.2738,0,161.56,playing,14
338.6859,-1.4393,0,0,0.20997,0,162.8,playing,14
338.702,-1.4393,0,0,0.20997,0,164.32,playing,14
338.7181,-1.4393,0,0,0.20997,0,166.13,playing,14
338.7354,-1.4393,0,0,0.20997,0,168.36,playing,14
338.7515,-1.9816,0,0,0.27828,0,170.91,playing,14
338.7689,-1.9816,0,0,0.27828,0,173.6,playing,14
338.7844,-1.9816,0,0,0.27828,0,176.77,playing,14
338.8006,-2.2486,0,0,0.27828,0,180.03,playing,14
338.8174,-2.5257,0,0,0.27828,0,183.57,playing,14
338.8345,-2.5257,0,0,0.24988,0,187.66,playing,14
338.8511,-2.4812,0,0,0.24988,0,192.06,playing,14
338.8664,-2.4812,0,0,0.24988,0,196.49,playing,14
338.8824,-2.4812,0,0,0.24988,0,201.2,playing,14
338.9021,-6.3216,0,0,0.28711,0,206.18,playing,14
338.9192,-6.3216,0,0,0.28711,0,212.51,playing,14
338.9375,-20.1713,1,0,0.28711,0,218.48,playing,14
338.9541,-20.1713,0,0,0.28711,0,211.47,playing,14
338.9698,-20.1713,0,0,0.28711,0,205.84,playing,14
338.9867,-10.3584,0,0,0.28311,0,200.5,playing,14
339.0045,-10.3584,0,0,0.28311,0,194.85,playing,14
339.0214,-1.7695,0,0,0.28311,0,189.82,playing,14
339.0388,-1.7695,0,0,0.28311,0,185.12,playing,14
339.0546,-1.7695,0,0,0.28311,0,180.73,playing,14
339.0724,16.3752,0,0,0.27711,0,176.89,playing,14
339.0892,16.3752,0,0,0.27711,0,172.92,playing,14
339.1062,16.3752,0,0,0.27711,0,169.49,playing,14
339.1226,16.3834,0,0,0.27711,0,166.37,playing,14
339.139,16.3834,0,0,0.20347,0,163.72,playing,14
339.1546,12.475,0,0,0.20347,0,161.35,playing,14
339.1709,12.475,0,0,0.20347,0,159.27,playing,14
339.1871,12.475,0,0,0.16893,0,157.46,playing,14
339.2032,6.6926,0,0,0.16893,0,155.94,playing,14
339.2193,6.6926,0,0,0.16893,0,154.7,playing,14
339.2359,6.6926,0,0,0.19143,0,153.7,playing,14
339.2525,3.7934,0,0,0.19143,0,153.04,playing,14
339.2686,3.7934,0,0,0.19143,0,152.65,playing,14
339.2858,3.7934,0,0,0.19143,1,152.57,playing,14
339.3019,1.0962,0,0,0.26083,0,152.8,playing,14
339.3181,1.0962,0,0,0.26083,0,153.3,playing,14
339.3348,-1.0462,0,0,0.26083,0,154.15,playing,14
339.3525,-1.0462,0,0,0.26083,0,155.32,playing,14
339.3722,-1.0462,0,0,0.29021,0,156.81,playing,14
339.3876,-2.3672,0,0,0.29021,0,158.87,playing,14
339.4044,-2.3672,0,0,0.29021,0,160.88,playing,14
339.4206,-2.3672,0,0,0.29021,0,163.34,playing,14
339.4383,-3.2814,0,0,0.29021,0,165.93,playing,14
339.4546,-3.2814,0,0,0.26557,0,169.21,playing,14
339.4708,-3.0274,0,0,0.26557,0,172.4,playing,14
339.4872,-3.0274,0,0,0.26557,0,175.88,playing,14
339.5024,-3.0274,0,0,0.26557,0,179.64,playing,14
339.5201,-6.8605,0,0,0.26557,0,183.67,playing,14
339.537,-6.8605,0,0,0.20964,0,188.57,playing,14
339.553,-6.8605,0,0,0.20964,0,193.21,playing,14
339.5714,-21.2612,1,0,0.20964,0,198.13,playing,14
339.5879,-21.2612,0,0,0.20964,0,191.12,playing,14
339.6041,-16.2146,0,0,0.28817,1,185.49,playing,14
339.6194,-16.2146,0,0,0.28817,0,180.15,playing,14
339.6364,-16.2146,0,0,0.28817,0,175.09,playing,14
339.6536,-8.8504,0,0,0.28817,0,170.03,playing,14
339.6695,-8.8504,0,0,0.28817,0,165.29,playing,14
339.686,-8.8504,0,0,,0,161.11,playing,14
339.7021,14.2138,0,0,,0,157.21,playing,14
339.7185,14.2138,0,0,,0,153.38,playing,14
339.7351,14.2138,0,0,,0,150.06,playing,14
339.7523,14.1961,0,0,,0,146.86,playing,14
339.7688,14.1961,0,0,,0,143.97,playing,14
339.785,12.5001,0,0,,0,141.53,playing,14
339.8021,12.5001,0,0,0.19752,0,139.26,playing,14
339.8194,12.5001,0,0,0.19752,0,137.3,playing,14
339.837,9.747,0,0,0.19752,0,135.66,playing,14
339.8536,6.6827,0,0,0.19752,0,134.29,playing,14
339.8696,6.6827,0,0,0.19631,0,133.34,playing,14
339.8861,2.5692,0,0,0.19631,0,132.68,playing,14
339.9036,2.5692,0,0,0.19631,0,132.3,playing,14
339.9197,0.5346,0,0,0.26516,1,132.23,playing,14
339.9364,0.5346,0,0,0.26516,0,132.45,playing,14
339.9535,0.5346,0,0,0.26516,0,133.0,playing,14
339.9704,-2.1008,0,0,0.26516,0,133.87,playing,14
339.9865,-2.1008,0,0,0.24223,0,135.06,playing,14
340.0031,-2.1008,0,0,0.24223,0,136.46,playing,14
340.0192,-1.9473,0,0,0.24223,0,138.14,playing,14
340.0354,-1.9473,0,0,0.27515,0,140.1,playing,14
340.0521,-1.9473,0,0,0.27515,0,142.5,playing,15
340.0719,-2.2087,0,0,0.27515,0,145.04,playing,15
340.0877,-2.2087,0,0,0.27515,0,148.66,playing,15
340.1036,-2.3852,0,0,0.27515,0,151.84,playing,15
340.1205,-2.3852,0,0,0.29274,0,155.29,playing,15
340.1366,-2.3852,0,0,0.29274,0,159.29,playing,15
340.1532,-2.3984,0,0,0.29274,0,163.32,playing,15
340.1697,-2.3984,0,0,0.28536,0,167.93,playing,15
340.1865,-2.3984,0,0,0.28536,0,172.55,playing,15
340.203,-1.7358,0,0,0.28536,0,177.78,playing,15
340.2187,-1.7358,0,0,0.28536,0,182.98,playing,15
340.2345,-1.558,0,0,0.28287,0,188.46,playing,15
340.2508,-1.558,0,0,0.28287,0,194.22,playing,15
340.2675,-1.558,0,0,0.28287,0,200.27,playing,15
340.2866,-3.1567,0,0,0.28287,0,207.01,playing,15
340.303,-3.1567,0,0,0.28389,0,214.94,playing,15
340.3186,-3.1567,0,0,0.28389,0,221.9,playing,15
340.3364,-20.9614,1,0,0.28389,0,229.14,playing,15
340.3585,-20.9614,0,0,0.28389,0,222.48,playing,15
340.3815,-16.0007,0,0,0.28381,0,214.86,playing,15
340.398,-16.0007,0,0,0.28381,0,207.49,playing,15
340.4147,5.5343,0,0,0.28381,0,202.64,playing,15
340.432,5.5343,0,0,0.28381,0,197.54,playing,15
340.4486,5.5343,0,0,0.28381,0,193.29,playing,15
340.4649,16.1343,0,0,0.15548,0,189.09,playing,15
340.482,16.1343,0,0,0.15548,0,185.21,playing,15
340.4977,16.1343,0,0,0.15548,0,181.84,playing,15
340.5151,12.3923,0,0,0.15548,0,178.75,playing,15
340.5308,12.3923,0,0,0.15548,0,175.78,playing,15
340.547,12.3923,0,0,0.14021,0,173.27,playing,15
340.5629,8.6469,0,0,0.14021,0,171.05,playing,15
340.5787,8.6469,0,0,0.14021,0,169.1,playing,15
340.5957,6.3545,0,0,0.14021,0,167.44,playing,15
340.6128,6.3545,0,0,0.15387,0,165.99,playing,15
340.6286,6.3545,0,0,0.15387,0,164.85,playing,15
340.6473,3.4614,0,0,0.15387,0,164.07,playing,15
340.664,3.4614,0,0,0.15387,0,163.54,playing,15
340.6796,3.4614,0,0,0.15387,0,163.37,playing,15
340.6985,-0.0061,0,0,0.2433,1,163.48,playing,15
340.7156,-0.0061,0,0,0.2433,0,164.01,playing,15
340.7346,-0.951,0,0,0.2433,0,164.81,playing,15
340.7513,-1.5385,0,0,0.2433,0,166.09,playing,15
340.7679,-1.5385,0,0,0.2433,0,167.56,playing,15
340.7835,-1.5385,0,0,0.26552,0,169.22,playing,15
340.7996,-1.5385,0,0,0.26552,0,171.17,playing,15
340.8163,-1.5385,0,0,0.26552,0,173.39,playing,15
340.8326,-2.2837,0,0,0.26552,0,176.07,playing,15
340.8486,-2.2837,0,0,0.27558,0,178.88,playing,15
340.8651,-1.548,0,0,0.27558,0,181.97,playing,15
340.8822,-1.548,0,0,0.27558,0,185.57,playing,15
340.8995,-1.548,0,0,0.27558,0,189.48,playing,15
340.916,-1.4965,0,0,0.25707,0,193.72,playing,15
340.9315,-1.4965,0,0,0.25707,0,197.99,playing,15
340.9478,-1.4965,0,0,0.25707,0,202.54,playing,15
340.9637,-1.2272,0,0,0.25707,0,207.37,playing,15
340.9804,-1.2272,0,0,0.24306,0,212.48,playing,15
340.9971,-1.2272,0,0,0.24306,0,218.23,playing,15
341.0128,-0.9084,0,0,0.24306,0,223.92,playing,15
341.0294,-0.9084,0,0,0.25014,0,229.89,playing,15
341.0456,-1.1089,0,0,0.25014,0,236.56,playing,15
341.0622,-1.1089,0,0,0.25014,0,243.12,playing,15
341.0786,-1.1089,0,0,0.25014,0,250.4,playing,15
341.0945,-0.9927,0,0,0.25014,0,257.53,playing,15
341.111,-0.9927,0,0,0.25014,0,264.95,playing,15
341.1266,-0.9927,0,0,0.25014,0,272.65,playing,15
341.1427,-1.6712,0,0,0.25014,0,280.63,playing,15
341.1595,-1.6712,0,0,0.25014,0,288.89,playing,15
341.1762,-1.6712,0,0,0.23679,0,297.99,playing,15
341.1937,-21.3663,1,0,0.23679,0,307.41,playing,15
341.2096,-21.3663,0,0,0.23679,0,301.09,playing,15
341.2262,-14.0815,0,0,0.29168,0,295.43,playing,15
341.2425,-14.0815,0,0,0.29168,0,290.06,playing,15
341.2592,-14.0815,0,0,0.29168,0,284.66,playing,15
341.275,-3.5542,0,0,0.29168,0,279.86,playing,15
341.2906,-3.5542,0,0,0.2573,0,275.35,playing,15
341.3074,-3.5542,0,0,0.2573,0,271.11,playing,15
341.3241,13.8992,0,0,0.2573,0,266.93,playing,15
341.3403,13.8992,0,0,0.2573,0,263.28,playing,15
341.3566,13.8992,0,0,0.1645,0,259.72,playing,15
341.3734,12.7373,0,0,0.1645,0,256.65,playing,15
341.3905,12.7373,0,0,0.1645,0,253.7,playing,15
341.407,10.3508,0,0,0.1645,0,251.07,playing,15
341.4237,10.3508,0,0,0.1838,0,248.88,playing,15
341.4396,10.3508,0,0,0.1838,0,246.87,playing,15
341.4557,5.2325,0,0,0.1838,0,245.26,playing,15
341.4719,5.2325,0,0,0.1838,0,243.93,playing,15
341.4879,5.2325,0,0,0.21945,0,242.88,playing,15
341.5037,3.4563,0,0,0.21945,0,242.11,playing,15
341.5196,3.4563,0,0,0.21945,0,241.63,playing,15
341.5356,3.4563,0,0,0.20949,0,241.43,playing,15
341.5514,2.6465,0,0,0.20949,0,241.5,playing,15
341.5676,2.6465,0,0,0.20949,0,241.86,playing,15
341.5867,0.2156,0,0,0.20949,0,242.51,playing,15
341.6039,0.2156,0,0,0.23272,1,243.75,playing,15
341.6204,0.2156,0,0,0.23272,0,245.02,playing,15
341.637,-0.7466,0,0,0.23272,0,246.7,playing,15
341.6532,-0.7466,0,0,0.23272,0,248.55,playing,15
341.6695,-0.7466,0,0,0.23272,0,250.69,playing,15
341.686,-1.1435,0,0,0.27273,0,253.28,playing,15
341.7016,-1.1435,0,0,0.27273,0,256.0,playing,15
341.7182,-1.1435,0,0,0.27273,0,259.0,playing,15
341.7347,-1.3043,0,0,0.27273,0,262.5,playing,15
341.7529,-1.3043,0,0,0.27273,0,266.08,playing,15
341.7691,-1.2092,0,0,0.32603,0,270.47,playing,15
341.7847,-1.2092,0,0,0.32603,0,274.65,playing,15
341.8005,-1.2092,0,0,0.32603,0,279.11,playing,15
341.8168,-1.203,0,0,0.32603,0,283.85,playing,15
341.8335,-1.203,0,0,0.25503,0,288.87,playing,15
341.8499,-1.203,0,0,0.25503,0,294.53,playing,15
341.866,-1.1173,0,0,0.25503,0,300.14,playing,15
341.8823,-1.1173,0,0,0.25503,0,306.02,playing,15
341.8976,-1.1173,0,0,0.24276,0,312.19,playing,15
341.9143,-19.6907,1,0,0.24276,0,318.64,playing,16
341.9311,-19.6907,0,0,0.24276,0,312.33,playing,16
341.9472,-14.7882,0,0,0.24276,0,306.67,playing,16
341.9638,-14.7882,0,0,,0,300.97,playing,16
341.9794,-14.7882,0,0,,0,295.89,playing,16
341.9963,10.4431,0,0,,0,291.1,playing,16
342.0131,10.4431,0,0,0.21173,0,286.32,playing,16
342.0303,10.4431,0,0,0.21173,0,281.86,playing,16
342.0464,14.6906,0,0,0.21173,0,277.94,playing,16
342.0626,14.6906,0,0,0.17484,0,274.1,playing,16
342.0794,13.1829,0,0,0.17484,0,270.76,playing,16
342.0963,13.1829,0,0,0.17484,0,267.54,playing,16
342.1129,13.1829,0,0,0.16009,0,264.63,playing,16
342.1293,10.5205,0,0,0.16009,0,262.17,playing,16
342.1465,7.7431,0,0,0.16009,0,259.88,playing,16
342.1631,7.7431,0,0,0.16009,0,257.91,playing,16
342.1788,5.2242,0,0,0.16009,0,256.33,playing,16
342.195,5.2242,0,0,0.16009,0,255.03,playing,16
342.2115,5.2242,0,0,0.15105,0,253.98,playing,16
342.2274,0.82,0,0,0.15105,0,253.26,playing,16
342.2445,0.82,0,0,0.15105,0,252.83,playing,16
342.2606,0.4065,0,0,0.15105,0,252.69,playing,16
342.2772,0.4065,0,0,0.15497,0,252.84,playing,16
342.2936,0.4065,0,0,0.15497,0,253.32,playing,16
342.3094,-0.942,0,0,0.15497,0,254.05,playing,16
342.3256,-0.942,0,0,0.15497,0,255.06,playing,16
342.3423,-0.942,0,0,0.15497,0,256.35,playing,16
342.3595,-2.0016,0,0,0.2461,1,258.04,playing,16
342.3758,-2.0016,0,0,0.2461,0,260.05,playing,16
342.392,-2.0016,0,0,0.2461,0,262.22,playing,16
342.4081,-2.3511,0,0,0.2461,0,264.68,playing,16
342.4249,-2.3511,0,0,0.27206,0,267.41,playing,16
342.4414,-18.2419,1,0,0.27206,0,270.64,playing,16
342.4584,-18.2419,0,0,0.27206,0,264.33,playing,16
342.4745,-18.2419,0,0,0.22951,0,258.33,playing,16
342.4909,-20.0671,0,0,0.22951,0,252.97,playing,16
342.5075,-20.0671,0,0,0.22951,0,247.89,playing,16
342.5241,-20.0671,0,0,0.22784,0,242.82,playing,16
342.5397,-1.1757,0,0,0.22784,0,238.32,playing,16
342.5566,-1.1757,0,0,0.22784,0,234.1,playing,16
342.5748,12.5827,0,0,0.17455,0,229.94,playing,16
342.5916,12.5827,0,0,0.17455,0,225.89,playing,16
342.6081,12.5827,0,0,0.17455,0,222.38,playing,16
342.6244,13.0042,0,0,0.17455,0,219.36,playing,16
342.6409,13.0042,0,0,0.19244,0,216.47,playing,16
342.6566,13.0042,0,0,0.19244,0,214.04,playing,16
342.6732,8.4309,0,0,0.19244,0,211.88,playing,16
342.69,8.4309,0,0,0.15181,0,209.91,playing,16
342.7069,8.4309,0,0,0.15181,0,208.33,playing,16
342.7235,5.3906,0,0,0.15181,0,206.97,playing,16
342.7398,5.3906,0,0,0.15181,0,205.93,playing,16
342.7565,1.3484,0,0,0.28055,1,205.24,playing,16
342.7727,1.3484,0,0,0.28055,0,204.82,playing,16
342.7889,1.3484,0,0,0.28055,0,204.7,playing,16
342.8044,0.2874,0,0,0.28055,0,204.87,playing,16
342.8214,0.2874,0,0,0.1785,0,205.32,playing,16
342.838,0.2874,0,0,0.1785,0,206.11,playing,16
342.8541,-0.9908,0,0,0.1785,0,207.14,playing,16
342.8697,-0.9908,0,0,0.1785,0,208.45,playing,16
342.8859,-0.9908,0,0,0.21471,0,210.04,playing,16
342.9023,-1.3507,0,0,0.21471,0,211.91,playing,16
342.9194,-1.3507,0,0,0.21471,0,214.22,playing,16
342.9364,-1.4406,0,0,0.21471,0,216.85,playing,16
342.9534,-1.4406,0,0,0.243,0,219.79,playing,16
342.9696,-1.4406,0,0,0.243,0,223.06,playing,16
342.9858,-1.9228,0,0,0.243,0,226.41,playing,16
343.002,-1.9228,0,0,0.23601,0,230.04,playing,16
343.0177,-1.9228,0,0,0.23601,0,233.96,playing,16
343.0344,-15.4821,1,0,0.23601,0,238.15,playing,16
343.051,-15.4821,0,0,0.23601,0,231.84,playing,16
343.0666,-15.4821,0,0,0.28373,0,226.18,playing,16
343.0829,-18.4299,0,0,0.28373,0,220.8,playing,16
343.0988,-18.4299,0,0,0.28373,0,215.71,playing,16
343.115,-2.3896,0,0,0.28373,0,210.89,playing,16
343.1307,-2.3896,0,0,0.28373,0,206.36,playing,16
343.148,-2.3896,0,0,0.28352,0,201.86,playing,16
343.1643,11.2106,0,0,0.28352,0,197.91,playing,16
343.1806,11.2106,0,0,0.28352,0,194.03,playing,16
343.1987,11.2106,0,0,0.28352,0,190.66,playing,16
343.2151,11.0061,0,0,0.17506,0,187.22,playing,16
343.2313,11.0061,0,0,0.17506,0,184.45,playing,16
343.2479,8.4821,0,0,0.17506,0,181.82,playing,16
343.2655,8.4821,0,0,0.17506,0,179.63,playing,16
343.2826,8.4821,0,0,0.18605,0,177.52,playing,16
343.2989,3.7339,0,0,0.18605,0,175.85,playing,16
343.3148,3.7339,0,0,0.18605,0,174.55,playing,16
343.3307,3.7339,0,0,0.18605,0,173.54,playing,16
343.347,2.7424,0,0,0.13944,0,172.81,playing,16
343.3632,2.7424,0,0,0.13944,0,172.36,playing,16
343.379,2.7424,0,0,0.13944,0,172.19,playing,16
343.3952,0.936,0,0,0.21521,0,172.3,playing,16
343.4124,0.936,0,0,0.21521,0,172.74,playing,16
343.4288,0.936,0,0,0.21521,0,173.5,playing,16
343.4456,0.936,0,0,0.21521,0,174.49,playing,16
343.4615,0.936,0,0,0.24702,1,175.87,playing,16
343.4779,-0.0767,0,0,0.24702,0,177.44,playing,16
343.4941,-0.0767,0,0,0.24702,0,179.3,playing,16
343.5099,-0.0767,0,0,0.24702,0,181.43,playing,16
343.5374,-1.8408,0,0,0.2503,0,183.85,playing,16
343.5557,-1.8408,0,0,0.2503,0,188.95,playing,16
343.5724,-1.7976,0,0,0.2503,0,192.58,playing,16
343.5891,-1.7976,0,0,0.2503,0,196.33,playing,16
343.6051,-1.7976,0,0,0.2503,0,200.14,playing,16
343.6215,-3.3727,0,0,0.2856,0,204.23,playing,16
343.6375,-3.3727,0,0,0.2856,0,208.9,playing,16
343.6538,-14.3852,1,0,0.2856,0,213.57,playing,16
343.6696,-17.4284,0,0,0.2856,0,207.61,playing,16
343.6858,-17.4284,0,0,0.26907,0,201.93,playing,16
343.7015,-17.4284,0,0,0.26907,0,196.54,playing,16
343.7177,-11.4069,0,0,0.26907,0,191.42,playing,16
343.7345,-11.4069,0,0,0.26907,0,186.59,playing,16
343.7507,11.9859,0,0,0.25724,0,181.78,playing,16
343.767,11.9859,0,0,0.25724,0,177.52,playing,17
343.7826,11.9859,0,0,0.25724,0,173.55,playing,17
343.7985,12.7539,0,0,0.16362,0,169.87,playing,17
343.8151,12.7539,0,0,0.16362,0,166.46,playing,17
343.8314,12.7539,0,0,0.16362,0,163.16,playing,17
343.8479,10.3707,0,0,0.12762,0,160.33,playing,17
343.8641,10.3707,0,0,0.12762,0,157.79,playing,17
343.8799,5.8662,0,0,0.12762,0,155.53,playing,17
343.8962,5.8662,0,0,0.16946,0,153.55,playing,17
343.9125,5.8662,0,0,0.16946,0,151.76,playing,17
343.9296,3.8165,0,0,0.16946,0,150.36,playing,17
343.9463,3.8165,0,0,0.15826,0,149.19,playing,17
343.9626,3.8165,0,0,0.15826,0,148.34,playing,17
343.9793,0.6375,0,0,0.15826,0,147.82,playing,17
343.9955,0.6375,0,0,0.17448,0,147.58,playing,17
344.0116,0.6375,0,0,0.17448,0,147.64,playing,17
344.0283,-0.5269,0,0,0.17448,0,147.99,playing,17
344.0451,-0.5269,0,0,,0,148.67,playing,17
344.0617,-2.2397,0,0,,0,149.67,playing,17
344.0784,-2.2397,0,0,,0,150.89,playing,17
344.095,-2.2397,0,0,0.27308,1,152.51,playing,17
344.1121,-2.4567,0,0,0.27308,0,154.44,playing,17
344.1287,-2.4567,0,0,0.27308,0,156.54,playing,17
344.145,-2.4567,0,0,0.25824,0,159.1,playing,17
344.161,-2.1052,0,0,0.25824,0,161.78,playing,17
344.1771,-2.1052,0,0,0.25824,0,164.74,playing,17
344.1929,-2.1052,0,0,0.26878,0,167.99,playing,17
344.2102,-2.1485,0,0,0.26878,0,171.76,playing,17
344.2277,-2.1485,0,0,0.26878,0,175.84,playing,17
344.2436,-3.6113,0,0,0.26878,0,180.25,playing,17
344.2596,-3.6113,0,0,0.26878,0,184.67,playing,17
344.276,-3.6113,0,0,0.26551,0,189.38,playing,17
344.2921,-17.861,1,0,0.26551,0,194.37,playing,17
344.3078,-17.861,0,0,0.26551,0,188.41,playing,17
344.3245,-17.861,0,0,0.27941,0,182.73,playing,17
344.3406,-12.8304,0,0,0.27941,0,177.02,playing,17
344.3572,-12.8304,0,0,0.27941,0,171.92,playing,17
344.3739,-12.8304,0,0,0.27941,0,166.83,playing,17
344.3896,-12.8304,0,0,0.19034,0,162.31,playing,17
344.4076,-12.8304,0,0,0.19034,0,158.08,playing,17
344.4242,15.0029,0,0,0.19034,0,153.67,playing,17
344.4404,15.0029,0,0,0.19034,0,150.03,playing,17
344.4566,15.0029,0,0,0.14517,0,146.49,playing,17
344.4736,12.9007,0,0,0.14517,0,143.44,playing,17
344.4903,12.9007,0,0,0.14517,0,140.51,playing,17
344.5076,12.9007,0,0,0.14517,0,137.9,playing,17
344.5236,7.6698,0,0,0.1469,0,135.61,playing,17
344.54,7.6698,0,0,0.1469,0,133.73,playing,17
344.5557,5.2523,0,0,0.1469,0,132.14,playing,17
344.5718,5.2523,0,0,0.20342,0,130.83,playing,17
344.5876,5.2523,0,0,0.20342,0,129.8,playing,17
344.6036,3.3319,0,0,0.20342,0,129.05,playing,17
344.6194,3.3319,0,0,0.20342,0,128.58,playing,17
344.6355,3.3319,0,0,0.21188,0,128.39,playing,17
344.6521,1.0595,0,0,0.21188,0,128.49,playing,17
344.6678,1.0595,0,0,0.21188,0,128.87,playing,17
344.684,1.0595,0,0,0.20188,0,129.53,playing,17
344.6996,-1.0688,0,0,0.20188,0,130.47,playing,17
344.7164,-1.0688,0,0,0.20188,0,131.69,playing,17
344.7331,-1.0688,0,0,0.25042,1,133.31,playing,17
344.7497,-1.4719,0,0,0.25042,0,135.11,playing,17
344.7664,-1.4719,0,0,0.25042,0,137.34,playing,17
344.783,-2.0904,0,0,0.23053,0,139.9,playing,17
344.7985,-2.0904,0,0,0.23053,0,142.58,playing,17
344.8152,-2.0904,0,0,0.23053,0,145.54,playing,17
344.8315,-2.172,0,0,0.23053,0,148.79,playing,17
344.8479,-2.172,0,0,0.23919,0,152.56,playing,17
344.8641,-2.172,0,0,0.23919,0,156.38,playing,17
344.8798,-2.3174,0,0,0.23919,0,160.49,playing,17
344.896,-2.3174,0,0,0.24709,0,164.88,playing,17
344.9121,-2.3174,0,0,0.24709,0,169.56,playing,17
344.9278,-2.0091,0,0,0.24709,0,174.51,playing,17
344.9436,-2.0091,0,0,0.24709,0,179.74,playing,17
344.9605,-1.8941,0,0,0.23886,0,185.26,playing,17
344.977,-1.8941,0,0,0.23886,0,191.44,playing,17
344.9937,-1.8941,0,0,0.23886,0,197.54,playing,17
345.0099,-1.7423,0,0,0.26081,0,204.34,playing,17
345.026,-1.7423,0,0,0.26081,0,211.01,playing,17
345.042,-1.7423,0,0,0.26081,0,217.97,playing,17
345.0576,-0.9445,0,0,0.26081,0,225.22,playing,17
345.0743,-0.9445,0,0,0.26081,0,232.74,playing,17
345.0908,-0.9445,0,0,0.29925,0,241.05,playing,17
345.1098,-18.2476,1,0,0.29925,0,249.15,playing,17
345.1266,-18.2476,0,0,0.29925,0,242.14,playing,17
345.1427,-13.555,0,0,0.29925,0,236.18,playing,17
345.1584,-13.555,0,0,0.27206,0,230.86,playing,17
345.1755,-13.555,0,0,0.27206,0,225.82,playing,17
345.1921,3.9373,0,0,0.27206,0,220.78,playing,17
345.2082,3.9373,0,0,0.28293,0,216.31,playing,17
345.2251,3.9373,0,0,0.28293,0,211.89,playing,17
345.2407,14.108,0,0,0.28293,0,208.01,playing,17
345.257,14.108,0,0,0.28293,0,204.41,playing,17
345.2743,13.8858,0,0,0.15383,0,200.9,playing,17
345.2914,13.8858,0,0,0.15383,0,197.71,playing,17
345.308,13.8858,0,0,0.15383,0,194.84,playing,17
345.3241,13.8858,0,0,0.14452,0,192.42,playing,17
345.34,13.8858,0,0,0.14452,0,190.28,playing,17
345.3561,13.8858,0,0,0.14452,0,188.42,playing,17
345.3722,5.5297,0,0,0.14452,0,186.85,playing,17
345.3874,5.5297,0,0,0.14452,0,185.55,playing,17
345.405,5.5297,0,0,0.15558,0,184.54,playing,17
345.4216,2.4263,0,0,0.15558,0,183.76,playing,17
345.4378,2.4263,0,0,0.15558,0,183.34,playing,17
345.4539,2.4263,0,0,0.15558,0,183.21,playing,17
345.4696,2.4263,0,0,0.21256,0,183.36,playing,17
345.4864,2.4263,0,0,0.21256,0,183.79,playing,17
345.503,1.0576,0,0,0.21256,0,184.56,playing,17
345.5191,0.1378,0,0,0.21256,0,185.58,playing,17
345.5347,0.1378,0,0,0.26213,1,186.87,playing,17
345.551,-1.4182,0,0,0.26213,0,188.44,playing,17
345.5666,-1.4182,0,0,0.26213,0,190.3,playing,17
345.583,-1.4182,0,0,0.26213,0,192.44,playing,17
345.5991,-1.4182,0,0,0.25746,0,194.86,playing,17
345.616,-1.4182,0,0,0.25746,0,197.74,playing,18
345.6318,-1.4182,0,0,0.25746,0,200.74,playing,18
345.648,-2.004,0,0,0.25746,0,204.03,playing,18
345.6675,-1.4912,0,0,0.25746,0,207.59,playing,18
345.6945,-1.6099,0,0,0.27138,0,212.48,playing,18
345.7165,-1.6099,0,0,0.27138,0,219.89,playing,18
345.7345,-1.502,0,0,0.27138,0,226.46,playing,18
345.7511,-1.502,0,0,0.27138,0,232.19,playing,18
345.7674,-1.502,0,0,0.27138,0,237.57,playing,18
345.7835,-16.3071,1,0,0.2653,0,243.6,playing,18
345.8025,-16.3071,0,0,0.2653,0,237.64,playing,18
345.8224,-16.074,0,0,0.2653,0,230.96,playing,18
345.8383,-16.074,0,0,0.2653,0,224.68,playing,18
345.855,-16.074,0,0,0.2653,0,219.38,playing,18
345.8769,-1.3399,0,0,0.2653,0,214.67,playing,18
345.8957,-1.3399,0,0,0.29168,0,208.73,playing,18
345.915,-1.3399,0,0,0.29168,0,203.99,playing,18
345.9316,-1.3399,0,0,0.29168,0,199.45,playing,18
345.9485,13.4523,0,0,0.29168,0,196.09,playing,18
345.9646,13.4523,0,0,0.18931,0,192.85,playing,18
345.9815,13.4523,0,0,0.18931,0,190.08,playing,18
345.998,7.2604,0,0,0.18931,0,187.45,playing,18
346.0176,7.2604,0,0,0.18931,0,185.26,playing,18
346.0336,7.2604,0,0,0.18931,0,182.96,playing,18
346.0542,5.0497,0,0,0.18931,0,181.4,playing,18
346.0756,5.0497,0,0,0.16819,0,179.84,playing,18
346.0973,1.9358,0,0,0.16819,0,178.76,playing,18
346.1149,1.9358,0,0,0.16819,0,178.17,playing,18
346.1327,0.7858,0,0,0.16819,0,178.03,playing,18
346.1516,0.7858,0,0,0.16819,0,178.23,playing,18
346.1685,0.7858,0,0,0.19143,0,178.85,playing,18
346.1856,-0.2622,0,0,0.19143,0,179.72,playing,18
346.2016,-0.2622,0,0,0.19143,0,180.9,playing,18
346.2186,-0.8453,0,0,0.19143,0,182.3,playing,18
346.2356,-0.8453,0,0,0.21188,0,184.11,playing,18
346.2527,-0.8453,0,0,0.21188,0,186.23,playing,18
346.2689,-1.3202,0,0,0.21188,0,188.67,playing,18
346.2862,-1.3202,0,0,0.21188,0,191.42,playing,18
346.3035,-1.3202,0,0,0.26953,1,194.5,playing,18
346.3202,-1.5007,0,0,0.26953,0,197.89,playing,18
346.3366,-1.5007,0,0,0.26953,0,201.6,playing,18
346.3527,-1.5007,0,0,0.26953,0,205.38,playing,18
346.3691,-0.9964,0,0,0.27315,0,209.43,playing,18
346.3851,-0.9964,0,0,0.27315,0,213.77,playing,18
346.4014,-6.598,0,0,0.27315,0,218.39,playing,18
346.4175,-6.598,0,0,0.27315,0,223.62,playing,18
346.4336,-6.598,0,0,0.27315,0,228.82,playing,18
346.4501,-18.831,1,0,0.27315,0,234.3,playing,18
346.4658,-18.831,0,0,0.27429,0,228.34,playing,18
346.482,-18.831,0,0,0.27429,0,222.66,playing,18
346.5034,-15.3887,0,0,0.27429,0,217.27,playing,18
346.529,-15.3887,0,0,0.27429,0,210.38,playing,18
346.5461,9.0304,0,0,0.27429,0,202.99,playing,18
346.5628,9.0304,0,0,0.27344,0,198.47,playing,18
346.5803,12.3846,0,0,0.27344,0,194.5,playing,18
346.5967,12.3846,0,0,0.27344,0,190.39,playing,18
346.6126,12.3846,0,0,0.27344,0,187.02,playing,18
346.6289,7.3649,0,0,0.15505,0,183.93,playing,18
346.645,7.3649,0,0,0.15505,0,181.12,playing,18
346.6608,7.3649,0,0,0.15505,0,178.6,playing,18
346.6768,5.2388,0,0,0.21279,0,176.35,playing,18
346.6926,5.2388,0,0,0.21279,0,174.39,playing,18
346.709,5.2388,0,0,0.21279,0,172.71,playing,18
346.7254,3.4167,0,0,0.21279,0,171.31,playing,18
346.7417,3.4167,0,0,0.20632,0,170.14,playing,18
346.7581,3.4167,0,0,0.20632,0,169.32,playing,18
346.7769,0.9222,0,0,0.20632,0,168.77,playing,18
346.7936,0.9222,0,0,0.20632,0,168.54,playing,18
346.8095,0.0334,0,0,0.20632,0,168.64,playing,18
346.8268,0.0334,0,0,,0,169.02,playing,18
346.845,0.0334,0,0,,0,169.74,playing,18
346.8611,-0.3297,0,0,,0,170.85,playing,18
346.8766,-0.3297,0,0,,0,172.13,playing,18
346.8932,-0.3297,0,0,,0,173.69,playing,18
346.9096,-1.1807,0,0,0.21212,0,175.66,playing,18
346.9258,-1.1807,0,0,0.21212,0,177.8,playing,18
346.9424,-1.0955,0,0,0.21212,0,180.21,playing,18
346.959,-1.0955,0,0,0.25374,1,183.1,playing,18
346.9746,-1.0955,0,0,0.25374,0,186.1,playing,18
346.9968,-1.0748,0,0,0.25374,0,189.38,playing,18
347.0135,-1.0748,0,0,0.25374,0,194.43,playing,18
347.0315,-1.2218,0,0,0.25374,0,198.65,playing,18
347.0491,-1.2218,0,0,0.25047,0,203.75,playing,18
347.0656,-1.2218,0,0,0.25047,0,208.34,playing,18
347.082,-19.0642,1,0,0.25047,0,213.53,playing,18
347.0976,-19.0642,0,0,0.27241,0,207.57,playing,18
347.1139,-19.0642,0,0,0.27241,0,201.89,playing,18
347.13,-18.9792,0,0,0.27241,0,196.5,playing,18
347.1456,-18.9792,0,0,0.2615,0,191.38,playing,18
347.1619,-18.9792,0,0,0.2615,0,186.55,playing,18
347.1777,-12.2974,0,0,0.2615,0,182.0,playing,18
347.1941,-12.2974,0,0,0.2615,0,177.73,playing,18
347.2148,-12.2974,0,0,0.26149,0,173.74,playing,18
347.2304,-12.2974,0,0,0.26149,0,169.0,playing,18
347.2477,-12.2974,0,0,0.26149,0,165.66,playing,18
347.2639,16.7512,0,0,0.26149,0,162.43,playing,18
347.2801,16.7512,0,0,0.20485,0,159.68,playing,18
347.2971,16.7512,0,0,0.20485,0,157.07,playing,18
347.3135,16.7512,0,0,0.20485,0,154.89,playing,18
347.3301,16.7512,0,0,0.20485,0,152.9,playing,18
347.346,14.6927,0,0,0.20485,0,151.31,playing,18
347.3676,7.9824,0,0,0.18856,0,150.0,playing,18
347.3843,7.9824,0,0,0.18856,0,148.72,playing,18
347.4007,5.501,0,0,0.18856,0,148.06,playing,18
347.4171,5.501,0,0,0.18856,0,147.72,playing,18
347.435,2.0925,0,0,0.18856,0,147.65,playing,18
347.4521,2.0925,0,0,0.18856,0,147.98,playing,18
347.4683,2.0925,0,0,0.17184,0,148.53,playing,19
347.4856,0.7397,0,0,0.17184,0,149.44,playing,19
347.5022,0.7397,0,0,0.17184,0,150.66,playing,19
347.5185,0.7397,0,0,0.25441,1,152.2,playing,19
347.5356,-1.4496,0,0,0.25441,0,153.94,playing,19
347.5522,-1.4496,0,0,0.25441,0,156.09,playing,19
347.5689,-1.9569,0,0,0.25441,0,158.57,playing,19
347.5855,-1.9569,0,0,0.25441,0,161.18,playing,19
347.6026,-1.9569,0,0,0.21825,0,164.28,playing,19
347.6185,-1.8857,0,0,0.21825,0,167.69,playing,19
347.6355,-1.8857,0,0,0.21825,0,171.18,playing,19
347.6516,-1.8857,0,0,0.21825,0,175.21,playing,19
347.6684,-1.927,0,0,0.25445,0,179.29,playing,19
347.685,-1.927,0,0,0.25445,0,183.93,playing,19
347.7021,-1.927,0,0,0.25445,0,188.9,playing,19
347.718,-2.1955,0,0,0.24326,0,193.85,playing,19
347.7337,-2.1955,0,0,0.24326,0,199.08,playing,19
347.7505,-13.6688,1,0,0.24326,0,204.6,playing,19
347.7666,-13.6688,0,0,0.24326,0,198.29,playing,19
347.7833,-13.6688,0,0,0.24994,0,192.63,playing,19
347.8004,-21.3221,0,0,0.24994,0,186.93,playing,19
347.817,-21.3221,0,0,0.24994,0,181.56,playing,19
347.8341,-21.3221,0,0,0.24994,0,176.78,playing,19
347.8507,-15.0778,0,0,0.24994,0,172.02,playing,19
347.8664,-15.0778,0,0,0.24994,0,167.58,playing,19
347.8835,-5.6762,0,0,0.24994,0,163.68,playing,19
347.9006,-5.6762,0,0,0.1696,0,159.85,playing,19
347.9168,-5.6762,0,0,0.1696,0,156.34,playing,19
347.9329,14.8787,0,0,0.1696,0,153.33,playing,19
347.9487,14.8787,0,0,0.1696,0,150.59,playing,19
347.9644,14.8787,0,0,0.15587,0,148.13,playing,19
347.981,9.7375,0,0,0.15587,0,145.96,playing,19
347.9967,9.7375,0,0,0.15587,0,144.06,playing,19
348.0135,9.7375,0,0,0.15587,0,142.45,playing,19
348.0308,6.9588,0,0,0.16756,0,141.06,playing,19
348.0466,6.9588,0,0,0.16756,0,139.98,playing,19
348.0634,4.3642,0,0,0.16756,0,139.25,playing,19
348.0801,4.3642,0,0,0.16756,0,138.79,playing,19
348.0975,4.3642,0,0,0.16756,0,138.64,playing,19
348.1142,0.9686,0,0,0.20635,0,138.83,playing,19
348.1295,0.9686,0,0,0.20635,0,139.28,playing,19
348.1456,0.9686,0,0,0.20635,0,140.01,playing,19
348.1624,0.9686,0,0,0.20635,0,141.02,playing,19
348.1795,0.9686,0,0,0.26156,1,142.41,playing,19
348.1961,0.9686,0,0,0.26156,0,144.12,playing,19
348.2118,-0.3913,0,0,0.26156,0,146.01,playing,19
348.228,-0.3913,0,0,0.26156,0,148.19,playing,19
348.244,-0.9273,0,0,0.24994,0,150.64,playing,19
348.2599,-0.9273,0,0,0.24994,0,153.38,playing,19
348.276,-0.9273,0,0,0.24994,0,156.39,playing,19
348.2947,-1.3827,0,0,0.24994,0,159.69,playing,19
348.3113,-1.3827,0,0,0.26465,0,164.01,playing,19
348.328,-1.3827,0,0,0.26465,0,168.19,playing,19
348.3446,-1.3558,0,0,0.26465,0,172.4,playing,19
348.3613,-1.3558,0,0,0.26465,0,177.2,playing,19
348.3778,-1.3558,0,0,0.26465,0,182.31,playing,19
348.3935,-1.4492,0,0,0.24994,0,187.4,playing,19
348.4097,-1.4492,0,0,0.24994,0,192.78,playing,19
348.4265,-1.4909,0,0,0.24994,0,198.44,playing,19
348.4435,-1.4909,0,0,0.28271,0,204.77,playing,19
348.4596,-1.4909,0,0,0.28271,0,211.41,playing,19
348.4765,-0.9867,0,0,0.28271,0,217.95,playing,19
348.4935,-0.9867,0,0,0.29618,0,225.22,playing,19
348.5098,-0.9867,0,0,0.29618,0,232.8,playing,19
348.5258,-0.9691,0,0,0.29618,0,240.22,playing,19
348.5425,-0.9691,0,0,0.29618,0,247.91,playing,19
348.5588,-0.7228,0,0,0.27331,0,256.41,playing,19
348.5752,-1.0906,0,0,0.27331,0,264.69,playing,19
348.5926,-1.0906,0,0,0.27331,0,273.81,playing,19
348.6088,-2.3069,0,0,0.27331,0,283.24,playing,19
348.6258,-2.3069,0,0,0.27331,0,292.4,playing,19
348.6422,-2.3069,0,0,0.27213,0,302.45,playing,19
348.6584,-12.9512,1,0,0.27213,0,312.19,playing,19
348.675,-12.9512,0,0,0.27213,0,305.88,playing,19
348.6916,-12.9512,0,0,0.27213,0,300.22,playing,19
348.7081,-20.5433,0,0,0.29198,0,294.53,playing,19
348.724,-20.5433,0,0,0.29198,0,289.45,playing,19
348.7401,-13.4362,0,0,0.29198,0,284.65,playing,19
348.756,-13.4362,0,0,0.29198,0,280.14,playing,19
348.772,-13.4362,0,0,0.26217,0,275.9,playing,19
348.7886,-1.4722,0,0,0.26217,0,271.95,playing,19
348.8048,-1.4722,0,0,0.26217,0,268.07,playing,19
348.8205,-1.4722,0,0,,0,264.7,playing,19
348.8366,7.702,0,0,,0,261.61,playing,19
348.8532,7.702,0,0,,0,258.8,playing,19
348.8705,7.702,0,0,0.1745,0,256.13,playing,19
348.8866,18.474,0,0,0.1745,0,253.79,playing,19
348.9032,18.474,0,0,0.1745,0,251.86,playing,19
348.9194,15.141,0,0,0.1745,0,250.13,playing,19
348.9376,15.141,0,0,0.1745,0,248.78,playing,19
348.9543,15.141,0,0,0.18431,0,247.62,playing,19
348.9724,8.2262,0,0,0.18431,0,246.85,playing,19
348.9888,8.2262,0,0,0.18431,0,246.38,playing,19
349.0052,8.2262,0,0,0.18431,0,246.25,playing,19
349.021,5.407,0,0,0.14342,0,246.4,playing,19
349.0376,5.407,0,0,0.14342,0,246.83,playing,19
349.0539,3.3401,0,0,0.14342,0,247.6,playing,19
349.0701,3.3401,0,0,0.14342,0,248.61,playing,19
349.0859,3.3401,0,0,0.17434,0,249.9,playing,19
349.1015,1.8955,0,0,0.17434,0,251.48,playing,19
349.1177,1.8955,0,0,0.17434,0,253.34,playing,19
349.1341,1.8955,0,0,0.26953,1,255.47,playing,19
349.1514,-1.4337,0,0,0.26953,0,258.06,playing,19
349.1675,-1.4337,0,0,0.26953,0,260.97,playing,19
349.1842,-1.4337,0,0,0.26953,0,263.99,playing,19
349.201,-2.4455,0,0,,0,267.51,playing,19
349.2168,-2.4455,0,0,,0,271.11,playing,19
349.233,-2.7498,0,0,,0,274.99,playing,19
349.2496,-2.7498,0,0,0.26218,0,279.15,playing,19
349.2663,-2.7498,0,0,0.26218,0,283.89,playing,19
349.2831,-3.6171,0,0,0.26218,0,288.95,playing,19
349.2987,-3.6171,0,0,0.25754,0,293.99,playing,19
349.3155,-3.6171,0,0,0.25754,0,299.31,playing,20
349.3315,-22.1454,1,0,0.25754,0,305.29,playing,20
349.3481,-22.1454,0,0,0.27247,0,299.33,playing,20
349.3643,-22.1454,0,0,0.27247,0,293.65,playing,20
349.381,-20.0946,0,0,0.27247,0,287.94,playing,20
349.3965,-20.0946,0,0,0.26847,0,282.84,playing,20
349.4135,-12.6261,0,0,0.26847,0,278.03,playing,20
349.4304,2.3618,0,0,0.26847,0,273.23,playing,20
349.447,2.3618,0,0,0.26847,0,268.75,playing,20
349.4637,12.4051,0,0,0.26847,0,264.82,playing,20
349.4806,12.4051,0,0,0.15533,0,260.95,playing,20
349.4966,12.4051,0,0,0.15533,0,257.41,playing,20
349.5134,13.2092,0,0,0.15533,0,254.35,playing,20
349.5295,13.2092,0,0,0.15533,0,251.43,playing,20
349.5462,13.2092,0,0,0.19833,0,248.95,playing,20
349.5649,10.6795,0,0,0.19833,0,246.76,playing,20
349.581,10.6795,0,0,0.19833,0,244.56,playing,20
349.5973,6.0766,0,0,0.19833,0,242.98,playing,20
349.6141,6.0766,0,0,0.17894,0,241.62,playing,20
349.6303,6.0766,0,0,0.17894,0,240.63,playing,20
349.6468,2.9199,0,0,0.17894,0,239.89,playing,20
349.6636,2.9199,0,0,0.20389,0,239.47,playing,20
349.6799,2.9199,0,0,0.20389,0,239.35,playing,20
349.6966,1.3787,0,0,0.20389,0,239.52,playing,20
349.7132,1.3787,0,0,0.23234,1,240.01,playing,20
349.73,0.8453,0,0,0.23234,0,240.82,playing,20
349.7461,0.8453,0,0,0.23234,0,241.87,playing,20
349.7633,0.8453,0,0,0.26506,0,243.3,playing,20
349.7804,-0.5933,0,0,0.26506,0,245.05,playing,20
349.7975,-0.5933,0,0,0.26506,0,247.11,playing,20
349.8137,-0.5933,0,0,0.23277,0,249.5,playing,20
349.83,-1.16,0,0,0.23277,0,252.02,playing,20
349.8457,-1.16,0,0,0.23277,0,254.83,playing,20
349.862,-1.16,0,0,0.26949,0,257.92,playing,20
349.8794,-1.6083,0,0,0.26949,0,261.52,playing,20
349.8957,-1.6083,0,0,0.26949,0,265.43,playing,20
349.9118,-2.8047,0,0,0.26949,0,269.4,playing,20
349.9278,-2.8047,0,0,,0,273.65,playing,20
349.9441,-2.8047,0,0,,0,278.18,playing,20
349.9598,-19.2249,1,0,,0,282.99,playing,20
349.9756,-19.2249,0,0,0.25776,0,277.04,playing,20
349.9916,-19.2249,0,0,0.25776,0,271.36,playing,20
350.0083,-12.1361,0,0,0.25776,0,265.96,playing,20
350.025,-12.1361,0,0,0.26114,0,260.55,playing,20
350.0411,-12.1361,0,0,0.26114,0,255.73,playing,20
350.0569,-12.1361,0,0,0.26114,0,251.2,playing,20
350.0745,-12.1361,0,0,0.26114,0,246.95,playing,20
350.0915,13.1387,0,0,0.26471,0,242.52,playing,20
350.1076,13.1387,0,0,0.26471,0,238.66,playing,20
350.1239,13.1387,0,0,0.26471,0,235.31,playing,20
350.14,11.1407,0,0,0.18162,0,232.24,playing,20
350.1566,11.1407,0,0,0.18162,0,229.45,playing,20
350.1734,11.1407,0,0,0.18162,0,226.8,playing,20
350.19,8.7885,0,0,0.1461,0,224.47,playing,20
350.2061,8.7885,0,0,0.1461,0,222.56,playing,20
350.222,8.7885,0,0,0.1461,0,220.93,playing,20
350.2387,4.2035,0,0,0.1461,0,219.58,playing,20
350.2549,4.2035,0,0,0.17753,0,218.47,playing,20
350.2713,2.4754,0,0,0.17753,0,217.7,playing,20
350.2874,2.4754,0,0,0.17753,0,217.21,playing,20
350.3035,2.4754,0,0,0.24278,1,217.02,playing,20
350.3204,0.1535,0,0,0.24278,0,217.12,playing,20
350.337,0.1535,0,0,0.24278,0,217.54,playing,20
350.3533,0.1535,0,0,0.24278,0,218.21,playing,20
350.3704,-0.2851,0,0,,0,219.25,playing,20
350.387,-0.2851,0,0,,0,220.61,playing,20
350.4032,-0.8944,0,0,,0,222.16,playing,20
350.4189,-0.8944,0,0,0.23034,0,224.0,playing,20
350.435,-0.8944,0,0,0.23034,0,226.12,playing,20
350.451,-1.6893,0,0,0.23034,0,228.52,playing,20
350.4686,-1.6893,0,0,0.23034,0,231.21,playing,20
350.4849,-1.6893,0,0,0.23034,0,234.58,playing,20
350.502,-1.889,0,0,0.2328,0,237.86,playing,20
350.5183,-1.889,0,0,0.2328,0,241.67,playing,20
350.5358,-1.889,0,0,0.2328,0,245.79,playing,20
350.5522,-20.8102,1,0,0.24643,0,250.23,playing,20
350.5683,-20.8102,0,0,0.24643,0,244.27,playing,20
350.5854,-18.3494,0,0,0.24643,0,238.26,playing,20
350.602,-18.3494,0,0,0.24643,0,232.56,playing,20
350.6185,-18.3494,0,0,0.28118,0,227.49,playing,20
350.6396,-6.3688,0,0,0.28118,0,222.41,playing,20
350.6553,-6.3688,0,0,0.28118,0,216.62,playing,20
350.6724,-6.3688,0,0,0.28118,0,212.49,playing,20
350.6894,-3.1378,0,0,,0,208.42,playing,20
350.708,-3.1378,0,0,,0,204.67,playing,20
350.725,5.4851,0,0,,0,201.06,playing,20
350.7411,5.4851,0,0,,0,197.96,playing,20
350.7573,5.4851,0,0,,0,195.33,playing,20
350.7745,18.5756,0,0,0.18967,0,192.85,playing,20
350.7908,18.5756,0,0,0.18967,0,190.69,playing,20
350.8065,18.5756,0,0,0.18967,0,188.94,playing,20
350.8231,14.7977,0,0,0.18967,0,187.47,playing,20
350.8388,14.7977,0,0,0.18967,0,186.28,playing,20
350.8555,10.98,0,0,0.18236,0,185.37,playing,20
350.8726,7.9121,0,0,0.18236,0,184.73,playing,20
350.8901,7.9121,0,0,0.18236,0,184.4,playing,20
350.9107,5.4341,0,0,0.18236,0,184.39,playing,20
350.9274,5.4341,0,0,0.18236,0,184.86,playing,20
350.9433,2.9235,0,0,0.18286,0,185.56,playing,20
350.9594,2.9235,0,0,0.18286,0,186.5,playing,20
350.9757,2.9235,0,0,0.18286,0,187.73,playing,20
350.9923,1.1349,0,0,0.18286,0,189.23,playing,20
351.0091,1.1349,0,0,0.18286,0,191.15,playing,20
351.0245,1.1349,0,0,,0,193.23,playing,20
351.0414,-0.3324,0,0,,0,195.6,playing,20
351.0587,-0.3324,0,0,,0,198.43,playing,20
351.0751,-0.3324,0,0,0.24278,1,201.58,playing,20
351.0923,-2.2071,0,0,0.24278,0,205.05,playing,20
351.109,-2.2071,0,0,0.24278,0,208.83,playing,20
351.1247,-2.2879,0,0,0.24278,0,212.68,playing,20
351.1421,-2.2879,0,0,0.28819,0,216.8,playing,20
351.1583,-2.2879,0,0,0.28819,0,221.51,playing,21
351.175,-6.5552,0,0,0.28819,0,226.53,playing,21
351.1926,-6.5552,0,0,0.28819,0,231.86,playing,21
351.2089,-6.5552,0,0,0.26865,0,237.52,playing,21
351.225,-15.2704,1,0,0.26865,0,243.13,playing,21
351.2415,-15.2704,0,0,0.26865,0,237.17,playing,21
351.259,-9.3113,0,0,0.26865,0,231.15,playing,21
351.2752,-9.3113,0,0,0.2577,0,225.46,playing,21
351.2909,-9.3113,0,0,0.2577,0,220.38,playing,21
351.3074,9.9728,0,0,0.2577,0,215.58,playing,21
351.3237,9.9728,0,0,0.23616,0,210.81,playing,21
351.34,9.9728,0,0,0.23616,0,206.59,playing,21
351.3556,8.5328,0,0,0.23616,0,202.66,playing,21
351.3714,8.5328,0,0,0.23616,0,199.0,playing,21
351.3885,8.5328,0,0,,0,195.63,playing,21
351.4047,8.5328,0,0,,0,192.37,playing,21
351.421,8.5328,0,0,,0,189.58,playing,21
351.4371,8.5328,0,0,,0,187.07,playing,21
351.4529,3.1405,0,0,,0,184.84,playing,21
351.4686,3.1405,0,0,,0,182.9,playing,21
351.4854,1.6333,0,0,0.1813,0,181.23,playing,21
351.5014,1.6333,0,0,0.1813,0,179.78,playing,21
351.518,1.6333,0,0,0.1813,0,178.7,playing,21
351.5335,0.5599,0,0,0.1813,0,177.9,playing,21
351.5501,0.2884,0,0,,0,177.38,playing,21
351.5664,0.2884,0,0,,0,177.14,playing,21
351.5832,-0.3064,0,0,,0,177.2,playing,21
351.5997,-0.3064,0,0,,0,177.58,playing,21
351.6167,-0.3064,0,0,,0,178.23,playing,21
351.6325,-0.7385,0,0,,0,179.23,playing,21
351.6486,-0.7385,0,0,,0,180.45,playing,21
351.6653,-0.7518,0,0,,0,181.95,playing,21
351.6821,-0.7518,0,0,,0,183.87,playing,21
351.6987,-0.7518,0,0,,0,185.95,playing,21
351.7155,-1.1543,0,0,,0,188.49,playing,21
351.7316,-1.1543,0,0,,0,191.34,playing,21
351.7479,-1.1543,0,0,,0,194.3,playing,21
351.7645,-11.957,1,0,,0,197.55,playing,21
351.7806,-11.957,0,0,,0,191.24,playing,21
351.7969,-11.957,0,0,,0,185.58,playing,21
351.8141,-16.3749,0,0,,0,180.2,playing,21
351.8297,-16.3749,0,0,,0,174.8,playing,21
351.8465,-14.2456,0,0,,0,170.01,playing,21
351.8634,-14.2456,0,0,,0,165.23,playing,21
351.8794,-14.2456,0,0,,0,160.77,playing,21
351.8961,-0.8875,0,0,,0,156.85,playing,21
351.9127,-0.8875,0,0,,0,153.22,playing,21
351.9296,-0.8875,0,0,,0,149.67,playing,21
351.9457,13.5939,0,0,,0,146.44,playing,21
351.9623,13.5939,0,0,0.15274,0,143.69,playing,21
351.9805,15.5508,0,0,0.15274,0,141.08,playing,21
351.9994,13.3632,0,0,0.15274,0,138.67,playing,21
352.0166,13.3632,0,0,0.15274,0,136.53,playing,21
352.0333,10.2557,0,0,,0,134.93,playing,21
352.0492,10.2557,0,0,,0,133.71,playing,21
352.0655,10.2557,0,0,,0,132.76,playing,21
352.0826,7.1651,0,0,,0,132.08,playing,21
352.0993,7.1651,0,0,0.18228,0,131.71,playing,21
352.1158,3.2369,0,0,0.18228,0,131.67,playing,21
352.1325,3.2369,0,0,0.18228,0,131.9,playing,21
352.1496,3.2369,0,0,,0,132.47,playing,21
352.1658,1.5931,0,0,,0,133.36,playing,21
352.1819,1.5931,0,0,,0,134.48,playing,21
352.2011,1.5931,0,0,,0,135.88,playing,21
352.2193,0.1762,0,0,,0,137.93,playing,21
352.2356,-0.7845,0,0,0.26108,1,140.39,playing,21
352.2521,-1.3252,0,0,0.26108,0,142.74,playing,21
352.2678,-1.3252,0,0,0.26108,0,145.37,playing,21
352.2835,-1.3252,0,0,0.25367,0,148.28,playing,21
352.3004,-1.5189,0,0,0.25367,0,151.47,playing,21
352.3167,-1.5189,0,0,0.25367,0,155.18,playing,21
352.3344,-1.5189,0,0,0.25367,0,158.96,playing,21
352.3518,-1.8068,0,0,0.2726,0,163.84,playing,21
352.3681,-1.4829,0,0,0.2726,0,168.23,playing,21
352.3842,-1.7106,0,0,0.2726,0,172.9,playing,21
352.4014,-1.7106,0,0,0.2726,0,178.18,playing,21
352.4186,-1.7106,0,0,0.26872,0,183.78,playing,21
352.4346,-1.9387,0,0,0.26872,0,189.7,playing,21
352.4509,-1.9387,0,0,0.26872,0,195.55,playing,21
352.4673,-1.9387,0,0,0.27542,0,201.68,playing,21
352.4845,-2.3227,0,0,0.27542,0,208.52,playing,21
352.5011,-2.3227,0,0,0.27542,0,215.67,playing,21
352.5172,-2.3227,0,0,0.27542,0,222.68,playing,21
352.5328,-1.384,0,0,0.26605,0,229.98,playing,21
352.5486,-1.384,0,0,0.26605,0,237.55,playing,21
352.5652,-2.8006,0,0,0.26605,0,245.41,playing,21
352.5844,-2.8006,0,0,0.26605,0,254.08,playing,21
352.6015,-2.8006,0,0,0.29122,0,264.16,playing,21
352.6175,-16.1074,1,0,0.29122,0,273.5,playing,21
352.6346,-16.1074,0,0,0.29122,0,267.54,playing,21
352.6512,-16.1074,0,0,0.29122,0,261.53,playing,21
352.6681,-11.996,0,0,,0,255.83,playing,21
352.6842,-11.996,0,0,,0,250.76,playing,21
352.7013,-3.6016,0,0,,0,245.68,playing,21
352.718,-3.6016,0,0,,0,240.92,playing,21
352.7335,-3.6016,0,0,,0,236.72,playing,21
352.7499,17.6597,0,0,,0,232.8,playing,21
352.766,17.6597,0,0,,0,229.17,playing,21
352.7821,17.6597,0,0,,0,225.81,playing,21
352.7993,14.491,0,0,,0,222.74,playing,21
352.8161,14.491,0,0,,0,219.64,playing,21
352.8317,14.491,0,0,,0,217.17,playing,21
352.8509,11.0042,0,0,,0,214.98,playing,21
352.8671,11.0042,0,0,,0,212.77,playing,21
352.8829,11.0042,0,0,,0,211.19,playing,21
352.8997,11.0042,0,0,,0,209.9,playing,21
352.9158,11.0042,0,0,0.16965,0,208.84,playing,21
352.932,7.7299,0,0,0.16965,0,208.13,playing,21
352.9486,7.7299,0,0,0.16965,0,207.7,playing,21
352.9645,7.7299,0,0,0.20891,0,207.56,playing,21
352.9805,5.6385,0,0,0.20891,0,207.7,playing,21
352.9976,5.6385,0,0,0.20891,0,208.14,playing,21
353.0141,5.6385,0,0,,0,208.91,playing,22
353.0314,5.6385,0,0,,0,210.0,playing,22
353.048,5.6385,0,0,,0,211.41,playing,22
353.0675,-1.0092,0,0,,0,213.02,playing,22
353.0841,-1.44,0,0,,0,215.48,playing,22
353.0994,-1.44,0,0,,0,217.72,playing,22
353.1156,-3.3737,0,0,,0,220.24,playing,22
353.1316,-3.3737,0,0,,0,223.05,playing,22
353.1479,-3.4715,0,0,,0,226.14,playing,22
353.1642,-3.4715,0,0,,0,229.51,playing,22
353.1805,-3.4715,0,0,0.26185,1,233.16,playing,22
353.1966,-3.0051,0,0,0.26185,0,237.36,playing,22
353.2128,-3.0051,0,0,0.26185,0,241.59,playing,22
353.2286,-3.0051,0,0,0.26185,0,246.1,playing,22
353.2453,-3.0051,0,0,0.26185,0,250.9,playing,22
353.2626,-3.0051,0,0,,0,256.31,playing,22
353.2788,-3.0051,0,0,,0,262.04,playing,22
353.2945,-20.8115,1,0,,0,267.72,playing,22
353.3121,-20.8115,0,0,,0,261.76,playing,22
353.3281,-20.8115,0,0,0.24664,0,255.74,playing,22
353.3449,-20.8115,0,0,0.24664,0,250.37,playing,22
353.361,-20.8115,0,0,0.24664,0,244.97,playing,22
353.3771,-3.0203,0,0,0.24664,0,240.17,playing,22
353.3933,-3.0203,0,0,0.24689,0,235.4,playing,22
353.4095,-3.0203,0,0,0.24689,0,231.18,playing,22
353.4262,15.3919,0,0,0.24689,0,227.25,playing,22
353.4425,15.3919,0,0,0.24689,0,223.59,playing,22
353.4587,15.3919,0,0,0.19329,0,220.03,playing,22
353.4751,14.9935,0,0,0.19329,0,216.96,playing,22
353.4923,14.9935,0,0,0.19329,0,214.01,playing,22
353.5091,12.1316,0,0,0.19329,0,211.38,playing,22
353.5255,12.1316,0,0,0.17304,0,209.19,playing,22
353.5426,12.1316,0,0,0.17304,0,207.18,playing,22
353.5593,6.7642,0,0,0.17304,0,205.49,playing,22
353.5765,6.7642,0,0,0.17304,0,204.11,playing,22
353.5936,6.7642,0,0,,0,203.05,playing,22
353.6098,4.5825,0,0,,0,202.31,playing,22
353.6262,4.5825,0,0,,0,201.9,playing,22
353.6427,2.843,0,0,0.23523,1,201.78,playing,22
353.6596,1.1515,0,0,0.23523,0,201.97,playing,22
353.6759,1.1515,0,0,0.23523,0,202.44,playing,22
353.6921,-0.0773,0,0,0.24994,0,203.19,playing,22
353.7083,-0.0773,0,0,0.24994,0,204.21,playing,22
353.7256,-0.0773,0,0,0.24994,0,205.63,playing,22
353.7419,-2.0089,0,0,0.24994,0,207.35,playing,22
353.7581,-2.0089,0,0,0.24994,0,209.26,playing,22
353.7742,-2.0089,0,0,0.24994,0,211.45,playing,22
353.7901,-2.7351,0,0,0.24994,0,213.93,playing,22
353.8063,-2.7351,0,0,0.24994,0,216.68,playing,22
353.8226,-2.7351,0,0,,0,219.92,playing,22
353.8387,-2.7351,0,0,,0,223.26,playing,22
353.8555,-2.7351,0,0,,0,226.87,playing,22
353.8722,-3.3164,0,0,0.25094,0,231.03,playing,22
353.8895,-3.3164,0,0,0.25094,0,235.51,playing,22
353.9046,-3.3164,0,0,0.25094,0,240.01,playing,22
353.9208,-12.3522,1,0,0.23431,0,244.78,playing,22
353.937,-12.3522,0,0,0.23431,0,238.83,playing,22
353.9533,-12.3522,0,0,0.23431,0,233.15,playing,22
353.9695,-18.6217,0,0,0.23431,0,227.44,playing,22
353.9861,-18.6217,0,0,0.24231,0,222.34,playing,22
354.0046,-10.3744,0,0,0.24231,0,217.24,playing,22
354.0211,-10.3744,0,0,0.24231,0,212.2,playing,22
354.0369,-10.3744,0,0,0.24231,0,208.01,playing,22
354.053,-4.5629,0,0,0.25421,0,204.09,playing,22
354.0693,-4.5629,0,0,0.25421,0,200.45,playing,22
354.0855,-4.5629,0,0,0.25421,0,196.91,playing,22
354.1021,14.6761,0,0,,0,193.85,playing,22
354.1178,14.6761,0,0,,0,191.08,playing,22
354.1341,14.6761,0,0,,0,188.59,playing,22
354.1498,19.8818,0,0,0.17508,0,186.38,playing,22
354.1661,19.8818,0,0,0.17508,0,184.45,playing,22
354.1818,19.8818,0,0,0.17508,0,182.81,playing,22
354.1987,14.0104,0,0,0.17508,0,181.44,playing,22
354.2154,14.0104,0,0,,0,180.31,playing,22
354.232,9.852,0,0,,0,179.49,playing,22
354.2478,9.852,0,0,,0,179.01,playing,22
354.2642,9.852,0,0,,0,178.81,playing,22
354.2805,6.808,0,0,,0,178.91,playing,22
354.2981,6.808,0,0,,0,179.29,playing,22
354.3137,6.808,0,0,,0,180.01,playing,22
354.3295,0.8689,0,0,,0,180.96,playing,22
354.3462,0.8689,0,0,0.19317,0,182.2,playing,22
354.3624,-0.5709,0,0,0.19317,0,183.73,playing,22
354.3795,-0.5709,0,0,0.19317,0,185.66,playing,22
354.3967,-0.5709,0,0,0.19317,1,187.91,playing,22
354.4143,-1.6196,0,0,0.23154,0,190.65,playing,22
354.431,-2.655,0,0,0.23154,0,193.56,playing,22
354.4472,-2.655,0,0,0.23154,0,196.58,dead,22
354.465,-2.9703,0,0,0.2388,0,200.1,dead,22
354.4816,-2.9703,0,0,0.2388,0,203.94,dead,22
354.4983,-3.3464,0,0,0.2388,0,208.1,dead,22
354.5154,-3.3464,0,0,0.2388,0,212.58,dead,22
354.5315,-3.3464,0,0,,0,217.38,dead,22
354.5492,-3.2548,0,0,,0,222.17,dead,22
354.565,-3.2007,0,0,,0,227.59,dead,22
354.581,-3.2007,0,0,,0,232.96,dead,22
354.5964,-3.1345,0,0,,0,238.62,dead,22
354.613,-3.1345,0,0,,0,244.56,dead,22
354.6289,-3.1345,0,0,,0,250.78,dead,22
354.6461,-2.6824,0,0,,0,257.28,dead,22
354.6632,-2.6824,0,0,0.2573,0,264.95,dead,22
354.6789,-2.4475,0,0,0.2573,0,272.05,dead,22
354.695,-2.4475,0,0,0.2573,0,279.44,dead,22
354.711,-2.4475,0,0,,0,287.1,dead,22
354.7271,-2.1143,0,0,,0,295.05,dead,22
354.7428,-2.1143,0,0,,0,303.27,dead,22
354.7589,-2.1143,0,0,,0,311.78,dead,22
354.7752,-1.499,0,0,,0,320.57,dead,22
354.7919,-1.499,0,0,,0,330.23,dead,22
354.8087,-1.499,0,0,,0,339.6,dead,22
354.8256,0.3936,0,0,0.24994,0,349.88,dead,22
354.8417,0.3936,0,0,0.24994,0,360.47,dead,22
354.8578,0.2547,0,0,0.24994,0,370.72,dead,22
354.8741,0.2146,0,0,0.27273,0,381.25,dead,22
354.8906,0.2146,0,0,0.27273,0,392.07,dead,22
354.9072,-0.0091,0,0,0.27273,0,403.88,dead,22
354.924,-0.0091,0,0,0.27273,0,415.78,dead,22
354.9395,-0.0091,0,0,0.25776,0,426.98,dead,22
354.9556,-1.2363,0,0,0.25776,0,438.18,dead,22
354.9714,-1.2363,0,0,0.25776,0,449.38,dead,22
354.9885,-1.2363,0,0,0.25776,0,460.58,dead,22
355.0051,-0.9382,0,0,0.25735,0,472.48,dead,22
355.0243,-0.9382,0,0,0.25735,0,483.68,dead,22
355.0412,-1.4642,0,0,0.25735,0,496.0,dead,22
355.0575,-1.4642,0,0,0.25735,0,496.0,dead,22
355.0741,-1.4642,0,0,0.2615,0,496.0,dead,22
355.0901,-1.2195,0,0,0.2615,0,496.0,dead,22
355.1067,-1.2195,0,0,0.2615,0,496.0,dead,22
355.1236,-1.2195,0,0,,0,496.0,dead,22
355.1396,-0.7471,0,0,,0,496.0,dead,22
355.156,-0.7471,0,0,,0,496.0,dead,22
355.1742,-0.5307,0,0,,0,496.0,dead,22
355.1905,-0.5307,0,0,,0,496.0,dead,22
355.2076,-0.5307,0,0,,0,496.0,dead,22
355.2243,-2.327,0,0,,0,496.0,dead,22
355.2411,-2.327,0,0,,0,496.0,dead,22
355.2569,-2.327,0,0,0.25421,0,496.0,dead,22
355.2736,-4.4506,0,0,0.25421,0,496.0,dead,22
355.2907,-4.4506,0,0,0.25421,0,496.0,dead,22
355.307,-4.4506,0,0,0.25421,0,496.0,dead,22
355.3226,-3.8717,0,0,0.23553,0,496.0,dead,22
355.3397,-3.8717,0,0,0.23553,0,496.0,dead,22
355.3582,0.8347,0,0,0.23553,0,496.0,dead,22
355.3753,0.8347,0,0,0.23553,0,496.0,dead,22
355.3926,0.8347,0,0,0.22018,0,496.0,dead,22
355.4087,3.7701,0,0,0.22018,0,496.0,dead,22
355.425,3.7701,0,0,0.22018,0,496.0,dead,22
355.4412,3.7701,0,0,0.22018,0,496.0,dead,22
355.4569,6.5093,0,0,0.25083,0,496.0,dead,22
355.4726,6.5093,0,0,0.25083,0,496.0,dead,22
355.4887,6.5093,0,0,0.25083,0,496.0,dead,22
355.5048,6.5093,0,0,0.22035,0,496.0,dead,22
355.5211,6.5093,0,0,0.22035,0,496.0,dead,22
355.537,5.1395,0,0,0.22035,0,496.0,dead,22
355.5536,5.1395,0,0,0.22035,0,496.0,dead,22
355.5699,5.1395,0,0,0.23202,0,496.0,dead,22
355.5861,3.1563,0,0,0.23202,0,496.0,dead,22
355.6022,3.1563,0,0,0.23202,0,496.0,dead,22
355.6193,3.1563,0,0,0.23202,0,496.0,dead,22
355.6359,2.3027,0,0,0.27241,0,496.0,dead,22
355.6521,2.3027,0,0,0.27241,0,496.0,dead,22
355.6712,1.3281,0,0,0.27241,0,496.0,dead,22
355.6879,1.3281,0,0,0.27241,0,496.0,dead,22
355.7038,1.3281,0,0,0.22003,0,496.0,dead,22
355.72,1.3281,0,0,0.22003,0,496.0,dead,22
355.7361,1.3281,0,0,0.22003,0,496.0,dead,22
355.7519,1.3281,0,0,0.22003,0,496.0,dead,22
355.769,0.0708,0,0,0.23953,0,496.0,dead,22
355.7861,-0.1012,0,0,0.23953,0,496.0,dead,22
355.8018,-0.1012,0,0,0.23953,0,496.0,dead,22
355.8181,0.1166,0,0,0.23953,0,496.0,dead,22
355.8348,0.1166,0,0,0.24337,0,496.0,dead,22
355.851,1.2087,0,0,0.24337,0,496.0,dead,22
355.8676,1.2087,0,0,0.24337,0,496.0,dead,22
355.8844,1.2087,0,0,0.24337,0,496.0,dead,22
355.901,-1.2953,0,0,0.27784,0,496.0,dead,22
355.9171,-1.2953,0,0,0.27784,0,496.0,dead,22
355.9332,-1.2953,0,0,0.27784,0,496.0,dead,22
355.9497,-1.7125,0,0,0.24745,0,496.0,dead,22
355.9666,-1.7125,0,0,0.24745,0,496.0,dead,22
355.9832,-1.7125,0,0,0.24745,0,496.0,dead,22
356.0003,-1.7125,0,0,0.24745,0,496.0,dead,22
356.0169,-1.7125,0,0,0.22826,0,496.0,dead,22
356.0329,-6.065,0,0,0.22826,0,496.0,dead,22
356.0495,-6.065,0,0,0.22826,0,496.0,dead,22
356.0658,-6.065,0,0,0.22826,0,496.0,dead,22
356.088,-7.0902,0,0,0.2124,0,496.0,dead,22
356.1036,-7.0902,0,0,0.2124,0,496.0,dead,22
356.1204,-10.9943,0,0,0.2124,0,496.0,dead,22
356.1365,-10.9943,0,0,0.23691,1,496.0,dead,22
356.1531,-10.9943,0,0,0.23691,0,496.0,dead,22
356.1695,-9.706,0,0,0.23691,0,496.0,dead,22
356.1861,-9.706,0,0,0.18884,0,496.0,dead,22
356.2022,-9.706,0,0,0.18884,0,496.0,dead,22
356.2176,-7.7464,0,0,0.18884,0,496.0,dead,22
356.2336,-7.7464,0,0,0.28858,0,496.0,dead,22
356.2504,-7.7464,0,0,0.28858,0,496.0,dead,22
356.267,-4.6968,0,0,0.28858,0,496.0,dead,22
356.2836,-4.6968,0,0,0.23953,0,496.0,dead,22
356.3004,-2.671,0,0,0.23953,0,496.0,dead,22
356.3166,-2.671,0,0,0.23953,0,496.0,dead,22
356.3333,-2.671,0,0,0.24632,0,496.0,dead,22
356.3499,-3.1681,0,0,0.24632,0,496.0,dead,22
356.3661,-3.1681,0,0,0.24632,0,496.0,dead,22
356.3819,-3.1681,0,0,0.24632,0,496.0,dead,22
356.3981,-3.932,0,0,0.18836,0,496.0,dead,22
356.4136,-3.932,0,0,0.18836,0,496.0,dead,22
356.4305,-3.932,0,0,0.18836,0,496.0,dead,22
356.4476,-4.1983,0,0,0.18836,1,496.0,dead,22
356.4647,-4.1983,0,0,0.2256,0,496.0,dead,22
356.4808,-3.858,0,0,0.2256,0,496.0,dead,22
356.497,-3.858,0,0,0.2256,0,496.0,dead,22
356.5132,-3.858,0,0,0.2256,0,496.0,dead,22
356.5298,-2.3467,0,0,0.21082,0,496.0,dead,22
356.5486,-2.3467,0,0,0.21082,0,496.0,dead,22
356.5657,-2.3467,0,0,0.21082,0,496.0,dead,22
356.5824,-2.3467,0,0,0.21082,0,496.0,dead,22
356.5995,-2.3467,0,0,0.22235,0,496.0,dead,22
356.6166,-0.2219,0,0,0.22235,0,496.0,dead,22
356.6328,-0.2219,0,0,0.22235,0,496.0,dead,22
356.649,-0.2219,0,0,0.18971,0,496.0,dead,22
356.6656,1.3991,0,0,0.18971,0,496.0,dead,22
356.6827,1.3991,0,0,0.18971,0,496.0,dead,22
356.699,1.3991,0,0,0.26227,0,496.0,dead,22
356.7147,3.3562,0,0,0.26227,0,496.0,dead,22
356.7308,3.3562,0,0,0.26227,0,496.0,dead,22
356.7469,3.3562,0,0,0.26112,0,496.0,dead,22
356.7626,4.4456,0,0,0.26112,0,496.0,dead,22
356.7793,4.4456,0,0,0.26112,0,496.0,dead,22
356.7961,5.6468,0,0,0.21786,0,496.0,dead,22
356.8117,5.6468,0,0,0.21786,0,496.0,dead,22
356.828,5.6468,0,0,0.21786,0,496.0,dead,22
356.8441,6.2241,0,0,0.24412,1,496.0,dead,22
356.8609,6.2241,0,0,0.24412,0,496.0,dead,22
356.8771,6.2241,0,0,0.24412,0,496.0,dead,22
356.8929,5.5508,0,0,0.24412,0,496.0,dead,22
356.9107,5.5508,0,0,0.24412,0,496.0,dead,22
356.9266,5.5508,0,0,0.24774,0,496.0,dead,22
356.9459,5.4738,0,0,0.24774,0,496.0,dead,22
356.9621,5.4738,0,0,0.24774,0,496.0,dead,22
356.9778,5.7696,0,0,0.24774,0,496.0,dead,22
356.9941,5.7696,0,0,,0,496.0,dead,22
357.0128,5.7696,0,0,,0,496.0,dead,22
357.0345,5.8792,0,0,,0,496.0,dead,22
357.0506,5.8792,0,0,,0,496.0,dead,22
357.0673,5.6659,0,0,,0,496.0,dead,22
357.0845,5.6659,0,0,,0,496.0,dead,22
357.1016,5.6659,0,0,,0,496.0,dead,22
357.1207,5.4184,0,0,0.28005,0,496.0,dead,22
357.1441,5.4184,0,0,0.28005,0,496.0,dead,22
357.1664,6.1526,0,0,0.28005,0,496.0,dead,22
357.1829,5.4338,0,0,0.28005,0,496.0,dead,22
357.1994,3.5858,0,0,,0,496.0,dead,22
357.2154,3.5858,0,0,,0,496.0,dead,22
357.232,3.5858,0,0,,0,496.0,dead,22
357.2478,2.7446,0,0,,0,496.0,dead,22
357.2636,2.7446,0,0,0.23276,0,496.0,dead,22
357.2806,2.7446,0,0,0.23276,0,496.0,dead,22
357.2971,2.1298,0,0,0.23276,0,496.0,dead,22
357.3128,2.1298,0,0,0.23276,0,496.0,dead,22
357.3285,2.1298,0,0,0.23276,0,496.0,dead,22
357.3461,1.8288,0,0,0.24766,0,496.0,dead,22
357.3631,1.8288,0,0,0.24766,0,496.0,dead,22
357.3793,1.8049,0,0,0.24766,0,496.0,dead,22
357.3959,1.8049,0,0,0.24766,0,496.0,dead,22
357.4115,1.8049,0,0,0.24766,0,496.0,dead,22
357.4276,0.712,0,0,0.28441,0,496.0,dead,22
357.4439,0.712,0,0,0.28441,0,496.0,dead,22
357.4606,0.712,0,0,0.28441,0,496.0,dead,22
357.4774,-0.0905,0,0,0.28441,0,496.0,dead,22
357.4935,-0.0905,0,0,0.22839,0,496.0,dead,22
357.5104,-0.0905,0,0,0.22839,0,496.0,dead,22
357.527,-0.198,0,0,0.22839,0,496.0,dead,22
357.5432,-0.198,0,0,0.22839,0,496.0,dead,22
357.5594,-0.198,0,0,0.2393,0,496.0,dead,22
357.5763,0.1408,0,0,0.2393,0,496.0,dead,22
357.5927,0.1408,0,0,0.2393,0,496.0,dead,22
357.6095,0.1408,0,0,0.2393,0,496.0,dead,22
357.6263,0.1408,0,0,0.2393,0,496.0,dead,22
357.6426,0.1408,0,0,0.25561,0,496.0,dead,22
357.6589,0.4671,0,0,0.25561,0,496.0,dead,22
357.6751,0.4671,0,0,0.25561,0,496.0,dead,22
357.6918,0.4671,0,0,0.28035,0,496.0,dead,22
357.7085,1.0452,0,0,0.28035,0,496.0,dead,22
357.7256,1.0452,0,0,0.28035,0,496.0,dead,22
357.7423,0.5076,0,0,0.18314,0,496.0,dead,22
357.759,0.5076,0,0,0.18314,0,496.0,dead,22
357.7746,0.5076,0,0,0.18314,0,496.0,dead,22
357.7908,0.1006,0,0,0.25876,1,496.0,dead,22
357.8069,0.1006,0,0,0.25876,0,496.0,dead,22
357.823,0.1006,0,0,0.25876,0,496.0,dead,22
357.8393,0.0257,0,0,0.21426,0,496.0,dead,22
357.8555,0.0257,0,0,0.21426,0,496.0,dead,22
357.8721,0.3743,0,0,0.21426,0,496.0,dead,22
357.8889,-0.1695,0,0,0.21426,0,496.0,dead,22
357.905,-0.1695,0,0,0.27664,0,496.0,dead,22
357.9209,-0.3617,0,0,0.27664,0,496.0,dead,22
357.937,-0.3617,0,0,0.27664,0,496.0,dead,22
357.9525,-0.3617,0,0,0.27664,0,496.0,dead,22
357.9686,-0.2763,0,0,0.29038,0,496.0,dead,22
357.9885,-0.2763,0,0,0.29038,0,496.0,dead,22
358.0049,-0.2763,0,0,0.29038,0,496.0,dead,22
358.0214,-0.7457,0,0,0.29038,0,496.0,dead,22
358.0385,-0.7457,0,0,0.29038,0,496.0,dead,22
358.0546,-2.2086,0,0,0.29038,0,496.0,dead,22
358.0712,-2.2086,0,0,0.29038,0,496.0,dead,22
358.0875,-2.2086,0,0,0.20845,0,496.0,dead,22
358.1041,-2.2172,0,0,0.20845,0,496.0,dead,22
358.1204,-2.2172,0,0,0.20845,0,496.0,dead,22
358.137,-2.2172,0,0,0.20845,0,496.0,dead,22
358.1536,-1.9753,0,0,0.22923,1,496.0,dead,22
358.1697,-1.9753,0,0,0.22923,0,496.0,dead,22
358.1856,-1.9753,0,0,0.22923,0,496.0,dead,22
358.2022,-1.4416,0,0,0.22923,0,496.0,dead,22
358.2179,-1.4416,0,0,0.27976,0,496.0,dead,22
358.2345,-0.2688,0,0,0.27976,0,496.0,dead,22
358.2513,-0.2688,0,0,0.27976,0,496.0,dead,22
358.2675,-0.2688,0,0,0.22427,0,496.0,dead,22
358.2841,0.0208,0,0,0.22427,0,496.0,dead,22
358.3,0.0208,0,0,0.22427,0,496.0,dead,22
358.3161,0.0208,0,0,0.23227,0,496.0,dead,22
358.3323,-0.8365,0,0,0.23227,0,496.0,dead,22
358.3495,-0.8365,0,0,0.23227,0,496.0,dead,22
358.3657,-0.8365,0,0,0.23227,0,496.0,dead,22
358.3822,-1.2273,0,0,0.25039,0,496.0,dead,22
358.3984,-1.2273,0,0,0.25039,0,496.0,dead,22
358.4163,-0.8379,0,0,0.25039,0,496.0,dead,22
358.4326,-0.8379,0,0,0.25039,0,496.0,dead,22
358.4487,-0.8379,0,0,0.22629,0,496.0,dead,22
358.4659,-0.8379,0,0,0.22629,0,496.0,dead,22
358.4823,-0.8379,0,0,0.22629,0,496.0,dead,22
358.4996,-0.8379,0,0,0.22629,0,496.0,dead,22
358.5174,-0.0159,0,0,0.30261,0,496.0,dead,22
358.5335,-0.0159,0,0,0.30261,0,496.0,dead,22
358.5501,-0.0045,0,0,0.30261,0,496.0,dead,22
358.5664,-0.0045,0,0,0.27701,0,496.0,dead,22
358.583,-0.0045,0,0,0.27701,0,496.0,dead,22
358.5984,0.1439,0,0,0.27701,0,496.0,dead,22
358.6156,0.1439,0,0,0.27701,0,496.0,dead,22
358.6318,0.1439,0,0,0.23589,0,496.0,dead,22
358.6486,-14.4547,1,0,0.23589,0,496.0,dead,22
358.665,-14.4547,0,0,0.23589,0,285.0,playing,0
358.6806,-14.4547,0,0,0.23589,0,279.04,playing,0
358.697,-14.4547,0,0,0.23589,0,273.36,playing,0
358.7134,-14.4547,0,0,0.23589,0,267.97,playing,0
358.7304,2.9003,0,0,0.23589,0,262.56,playing,0
358.7466,2.9003,0,0,0.23589,0,257.46,playing,0
358.7632,2.9003,0,0,0.23589,0,252.94,playing,0
358.7789,9.7497,0,0,0.23589,0,248.71,playing,0
358.795,9.7497,0,0,0.1976,0,244.76,playing,0
358.8106,9.7497,0,0,0.1976,0,241.09,playing,0
358.8269,9.1345,0,0,0.1976,0,237.7,playing,0
358.843,9.1345,0,0,0.1976,0,234.59,playing,0
358.8592,9.1345,0,0,0.15477,0,231.77,playing,0
358.8756,6.5325,0,0,0.15477,0,229.08,playing,0
358.8921,6.5325,0,0,0.15477,0,226.84,playing,0
358.9084,6.5325,0,0,0.15477,0,224.87,playing,0
358.9244,5.3705,0,0,0.18161,0,223.11,playing,0
358.9416,5.3705,0,0,0.18161,0,221.72,playing,0
358.9577,3.7444,0,0,0.18161,0,220.57,playing,0
358.974,3.7444,0,0,0.2569,1,219.77,playing,0
358.9896,3.7444,0,0,0.2569,0,219.25,playing,0
359.0061,3.7444,0,0,0.2569,0,219.01,playing,0
359.022,3.7444,0,0,0.29788,0,219.06,playing,0
359.0381,3.7444,0,0,0.29788,0,219.38,playing,0
359.0608,-0.9694,0,0,0.29788,0,219.99,playing,0
359.0766,-0.9694,0,0,0.29788,0,221.44,playing,0
359.0931,-0.6453,0,0,0.29788,0,222.73,playing,0
359.1126,-0.7028,0,0,0.16097,0,224.31,playing,0
359.1306,-0.7028,0,0,0.16097,0,226.72,playing,0
359.1533,0.07,0,0,0.16097,0,229.24,playing,0
359.1701,0.07,0,0,0.16097,0,233.05,playing,0
359.1861,0.8802,0,0,0.16097,0,235.97,playing,0
359.2023,0.8802,0,0,0.26482,0,239.19,playing,0
359.2225,0.8802,0,0,0.26482,0,242.92,playing,0
359.2436,0.6835,0,0,0.26482,0,247.74,playing,0
359.2606,0.6835,0,0,0.26482,0,253.3,playing,0
359.2769,0.7288,0,0,0.27138,0,258.11,playing,0
359.2929,0.7288,0,0,0.27138,0,262.93,playing,0
359.3086,0.7288,0,0,0.27138,0,268.02,playing,0
359.3248,0.7288,0,0,0.27138,0,273.4,playing,0
359.3405,0.7288,0,0,0.27076,0,279.05,playing,0
359.3571,0.7288,0,0,0.27076,0,284.99,playing,0
359.3734,-0.7917,0,0,0.27076,0,291.21,playing,0
359.3898,-0.7917,0,0,,0,298.14,playing,0
359.4066,-13.1465,1,0,,0,304.94,playing,0
359.4233,-13.1465,0,0,,0,298.63,playing,0
359.4396,-13.1465,0,0,,0,292.64,playing,0
359.4557,-5.9268,0,0,,0,287.28,playing,0
359.4718,-5.9268,0,0,,0,282.2,playing,0
359.4884,-5.9268,0,0,,0,277.4,playing,0
359.5081,-5.9268,0,0,0.29395,0,272.62,playing,0
359.5243,-5.9268,0,0,0.29395,0,267.68,playing,0
359.5404,18.0205,0,0,0.29395,0,263.57,playing,0
359.5565,18.0205,0,0,0.29395,0,259.99,playing,0
359.5726,18.0205,0,0,,0,256.69,playing,0
359.5894,14.6918,0,0,,0,253.67,playing,0
359.606,14.6918,0,0,,0,250.78,playing,0
359.6226,14.6918,0,0,0.19767,0,248.34,playing,0
359.6388,8.8422,0,0,0.19767,0,246.07,playing,0
359.6554,8.8422,0,0,0.19767,0,244.21,playing,0
359.6715,8.8422,0,0,0.21314,0,242.56,playing,0
359.6878,3.5787,0,0,0.21314,0,241.28,playing,0
359.7039,-0.5946,0,0,0.21314,0,240.28,playing,0
359.7205,-3.3843,0,0,0.21314,0,239.57,playing,0
359.7368,-3.3843,0,0,0.19808,0,239.13,playing,0
359.7534,-3.3843,0,0,0.19808,0,239.0,playing,0
359.7695,-5.8823,0,0,0.19808,0,239.17,playing,0
359.7864,-8.2319,0,0,0.19808,0,239.62,playing,0
359.803,-8.2319,0,0,,0,240.42,playing,0
359.8199,-9.6094,0,0,,0,241.53,playing,0
359.8365,-9.6094,0,0,,0,242.86,playing,0
359.8525,-9.6094,0,0,,0,244.58,playing,0
359.8688,-9.5038,0,0,,0,246.49,playing,0
359.8846,-9.5038,0,0,,0,248.68,playing,0
359.9008,-6.0711,0,0,,0,251.16,playing,0
359.917,-6.0711,0,0,,0,253.91,playing,0
359.9335,-6.0711,0,0,,0,256.94,playing,0
359.9499,-4.5424,0,0,,0,260.49,playing,0
359.966,-4.5424,0,0,,0,264.1,playing,0
359.9819,-4.5424,0,0,,0,268.0,playing,0
359.9979,-2.5562,0,0,,0,272.18,playing,0
360.0143,-2.5562,0,0,,0,276.64,playing,0
360.0309,-2.5562,0,0,0.25357,1,281.7,playing,0
360.0476,-1.061,0,0,0.25357,0,286.74,playing,0
360.0644,-1.061,0,0,0.25357,0,292.42,playing,0
360.0806,0.5522,0,0,0.25357,0,298.41,playing,0
360.0975,0.5522,0,0,0.23482,0,304.33,playing,0
360.114,0.5522,0,0,0.23482,0,310.94,playing,0
360.1296,5.4612,0,0,0.23482,0,317.44,playing,0
360.1463,5.4612,0,0,0.23482,0,324.23,playing,0
360.1632,5.4612,0,0,0.23245,0,331.75,playing,0
360.18,7.9805,0,0,0.23245,0,339.59,playing,0
360.1956,7.9805,0,0,0.23245,0,347.26,playing,0
360.2121,7.9805,0,0,0.22268,0,355.2,playing,0
360.2284,10.5765,0,0,0.22268,0,363.43,playing,0
360.245,10.5765,0,0,0.22268,0,372.49,playing,0
360.2616,11.5518,0,0,0.22268,0,381.3,playing,0
360.2784,11.5518,0,0,0.20509,0,390.98,playing,0
360.2955,11.5518,0,0,0.20509,0,400.97,playing,0
360.3126,9.5105,0,0,0.20509,0,411.28,playing,0
360.3293,9.5105,0,0,0.23695,1,421.91,playing,0
360.3464,9.5105,0,0,0.23695,0,432.86,playing,0
360.363,0.7079,0,0,0.23695,0,444.13,playing,0
360.3791,0.7079,0,0,0.23695,0,455.01,playing,0
360.3982,7.1693,0,0,0.23962,0,466.18,playing,0
360.4145,7.1693,0,0,0.23962,0,479.48,playing,0
360.4343,7.1693,0,0,0.23962,0,491.38,playing,0
360.4502,26.2366,1,0,0.23962,0,504.68,dead,0
360.4659,26.2366,0,0,0.23962,0,285.0,playing,0
360.4826,26.2366,0,0,0.22314,0,279.04,playing,0
360.4992,18.8625,0,0,0.22314,0,273.03,playing,0
360.5155,18.8625,0,0,0.22314,0,267.33,playing,0
360.5321,2.4358,0,0,0.22314,0,262.26,playing,0
360.5481,2.4358,0,0,,0,257.46,playing,0
360.5642,2.4358,0,0,,0,252.94,playing,0
360.5809,-25.722,0,0,,0,248.46,playing,0
360.5974,-25.722,0,0,,0,244.53,playing,0
360.6134,-25.722,0,0,,0,240.67,playing,0
360.6323,-26.6128,0,0,0.2464,0,237.31,playing,0
360.6488,-26.6128,0,0,0.2464,0,233.73,playing,0
360.6673,-15.9978,0,0,0.2464,0,230.99,playing,0
360.6844,-15.9978,0,0,0.2464,0,228.14,playing,0
360.701,-15.9978,0,0,0.25807,0,225.9,playing,0
360.7167,-13.2225,0,0,0.25807,0,224.08,playing,0
360.733,-13.2225,0,0,0.25807,0,222.54,playing,0
360.7485,-13.2225,0,0,0.25807,0,221.28,playing,0
360.7653,-14.2259,0,0,0.25807,0,220.3,playing,0
360.7834,-14.2259,0,0,0.27262,0,219.58,playing,0
360.8,-14.2259,0,0,0.27262,0,219.17,playing,0
360.8158,-14.2259,0,0,0.27262,0,219.09,playing,0
360.8319,-14.2259,0,0,0.27262,0,219.3,playing,0
360.8483,-15.2434,0,0,0.26516,0,219.78,playing,0
360.8646,-15.2434,0,0,0.26516,0,220.61,playing,0
360.8809,-15.2434,0,0,0.26516,0,221.67,playing,0
360.8966,-4.6636,0,0,0.26516,0,223.02,playing,0
360.9131,-4.6636,0,0,0.28806,0,224.65,playing,0
360.9288,-4.6636,0,0,0.28806,0,226.56,playing,0
360.945,-1.5509,0,0,0.28806,0,228.75,playing,0
360.9606,-1.5509,0,0,0.22609,0,231.22,playing,0
360.9776,-1.5509,0,0,0.22609,0,233.97,playing,0
360.9937,-0.6568,0,0,0.22609,0,237.21,playing,0
361.01,-0.6568,0,0,0.22609,0,240.55,playing,0
361.0264,-0.6568,0,0,,0,244.17,playing,0
361.043,-0.6568,0,0,,0,248.33,playing,0
361.0588,-0.6568,0,0,,0,252.52,playing,0
361.0752,-4.4406,0,0,,0,257.0,playing,0
361.0909,-4.4406,0,0,0.29474,0,261.76,playing,0
361.1068,-4.4406,0,0,0.29474,0,266.8,playing,0
361.1229,-4.1493,0,0,0.29474,0,272.13,playing,0
361.1388,-4.1493,0,0,0.29474,0,277.73,playing,0
361.1549,-4.1493,0,0,0.30833,0,283.62,playing,0
361.171,-2.9606,0,0,0.30833,0,289.78,playing,0
361.1867,-2.9606,0,0,0.30833,0,296.23,playing,0
361.2035,-1.1955,0,0,0.31251,0,302.97,playing,0
361.2199,0.4476,0,0,0.31251,0,310.44,playing,0
361.236,0.4476,0,0,0.31251,0,317.75,playing,0
361.2521,0.1215,0,0,0.31251,0,325.34,playing,0
361.2677,0.1215,0,0,0.23303,0,333.22,playing,0
361.2844,0.1215,0,0,0.23303,0,341.37,playing,0
361.3019,-0.1981,0,0,0.23303,0,350.36,playing,0
361.3176,-0.1981,0,0,0.23303,0,359.66,playing,0
361.3348,-0.1981,0,0,0.29449,0,368.7,playing,0
361.351,1.6636,0,0,0.29449,0,378.62,playing,0
361.3666,1.6636,0,0,0.29449,0,388.23,playing,0
361.383,1.6636,0,0,0.29449,0,398.13,playing,0
361.3986,1.6532,0,0,0.29449,0,408.31,playing,0
361.4148,1.6532,0,0,0.30129,0,418.78,playing,0
361.4311,1.6532,0,0,0.30129,0,429.52,playing,0
361.4475,1.6532,0,0,0.30129,0,440.55,playing,0
361.4651,1.6532,0,0,0.30129,0,452.45,playing,0
361.4815,0.4805,0,0,0.26407,0,464.35,playing,0
361.4986,0.4805,0,0,0.26407,0,476.25,playing,0
361.5148,0.4805,0,0,0.26407,0,488.15,playing,0
361.5354,1.521,0,0,0.26486,0,500.05,dead,0
361.552,1.521,0,0,0.26486,0,496.0,dead,0
361.5681,1.5285,0,0,0.26486,0,496.0,dead,0
361.584,1.5285,0,0,0.26486,0,496.0,dead,0
361.6003,1.5285,0,0,0.26486,0,496.0,dead,0
361.6286,1.9512,0,0,0.26046,0,496.0,dead,0
361.6465,1.9512,0,0,0.26046,0,496.0,dead,0
361.6633,3.5899,0,0,0.26046,0,496.0,dead,0
361.6799,3.5899,0,0,0.26046,0,496.0,dead,0
361.6961,3.5899,0,0,0.25374,0,496.0,dead,0
361.7123,3.5899,0,0,0.25374,0,496.0,dead,0
361.731,3.5899,0,0,0.25374,0,496.0,dead,0
361.7483,3.3435,0,0,0.25374,0,496.0,dead,0
361.7659,3.3435,0,0,,0,496.0,dead,0
361.782,3.3435,0,0,,0,496.0,dead,0
361.7985,3.0828,0,0,,0,496.0,dead,0
361.8149,3.0828,0,0,0.27651,0,496.0,dead,0
361.8306,3.0828,0,0,0.27651,0,496.0,dead,0
361.847,1.5427,0,0,0.27651,0,496.0,dead,0
361.8631,1.5427,0,0,0.27651,0,496.0,dead,0
361.8793,1.4043,0,0,0.26219,0,496.0,dead,0
361.896,1.4043,0,0,0.26219,0,496.0,dead,0
361.9122,1.4043,0,0,0.26219,0,496.0,dead,0
361.9291,0.1905,0,0,,0,496.0,dead,0
361.9449,0.1905,0,0,,0,496.0,dead,0
361.961,0.1905,0,0,,0,496.0,dead,0
361.9772,-13.3808,1,0,,0,496.0,dead,0
361.9929,-13.3808,0,0,,0,285.0,playing,0
362.0088,-13.3808,0,0,,0,279.04,playing,0
362.0247,-12.4302,0,0,,0,273.36,playing,0
362.0414,-12.4302,0,0,,0,267.97,playing,0
362.0576,-12.4302,0,0,,0,262.86,playing,0
362.0744,-12.4302,0,0,,0,257.74,playing,0
362.0911,-12.4302,0,0,,0,252.94,playing,0
362.1069,2.3661,0,0,,0,248.71,playing,0
362.123,2.3661,0,0,,0,244.76,playing,0
362.1396,2.3661,0,0,,0,241.09,playing,0
362.1557,-0.6136,0,0,0.19833,0,237.51,playing,0
362.1724,-0.6136,0,0,0.19833,0,234.42,playing,0
362.1895,-0.6136,0,0,0.19833,0,231.45,playing,0
362.2066,-1.2269,0,0,0.19833,0,228.8,playing,0
362.2235,-1.2269,0,0,0.18714,0,226.48,playing,0
362.2475,-1.6211,0,0,0.18714,0,224.46,playing,0
362.2641,-1.6211,0,0,0.18714,0,222.26,playing,0
362.2817,-1.6211,0,0,0.18714,0,221.07,playing,0
362.2982,-0.2673,0,0,0.18346,0,220.09,playing,0
362.3152,-0.2673,0,0,0.18346,0,219.5,playing,0
362.3332,0.9723,0,0,0.18346,0,219.19,playing,0
362.3495,0.9723,0,0,0.18346,0,219.24,playing,0
362.3661,0.9723,0,0,0.22226,1,219.56,playing,0
362.3842,2.9802,0,0,0.22226,0,220.17,playing,0
362.4055,2.9802,0,0,0.22226,0,221.29,playing,0
362.4224,3.7906,0,0,0.22226,0,223.01,playing,0
362.4385,3.7906,0,0,0.21935,0,224.72,playing,0
362.4551,3.7906,0,0,0.21935,0,226.61,playing,0
362.4714,3.9563,0,0,0.21935,0,228.78,playing,0
362.4887,3.9563,0,0,0.21935,0,231.41,playing,0
362.5049,3.9563,0,0,0.21935,0,234.35,playing,0
362.5209,3.9674,0,0,0.24696,0,237.41,playing,0
362.5368,3.9674,0,0,0.24696,0,240.74,playing,0
362.5531,3.4634,0,0,0.24696,0,244.36,playing,0
362.5705,3.2388,0,0,0.24696,0,248.52,playing,0
362.5871,3.2388,0,0,0.25135,0,252.99,playing,0
362.6027,2.479,0,0,0.25135,0,257.49,playing,0
362.6186,2.479,0,0,0.25135,0,262.27,playing,0
362.6346,2.479,0,0,0.25135,0,267.33,playing,0
362.6513,1.5878,0,0,,0,272.67,playing,0
362.6682,1.5878,0,0,,0,278.66,playing,0
362.6835,1.5878,0,0,,0,284.58,playing,0
362.6994,1.5878,0,0,,0,290.79,playing,0
362.7162,1.5878,0,0,,0,297.27,playing,0
362.7319,1.5878,0,0,,0,304.04,playing,0
362.7485,1.5878,0,0,,0,311.08,playing,0
362.7647,1.5878,0,0,0.27076,0,318.89,playing,0
362.7815,1.8987,0,0,0.27076,0,326.52,playing,0
362.8035,0.9015,0,0,0.27076,0,334.94,playing,0
362.8196,0.9015,0,0,0.27076,0,346.38,playing,0
362.8367,1.3705,0,0,0.27076,0,354.97,playing,0
362.8525,1.3705,0,0,,0,364.43,playing,0
362.869,1.3705,0,0,,0,373.6,playing,0
362.885,1.3705,0,0,,0,383.06,playing,0
362.9006,1.3705,0,0,,0,392.8,playing,0
362.9168,1.8821,0,0,,0,402.83,playing,0
362.933,1.8821,0,0,,0,413.13,playing,0
362.9494,1.8821,0,0,,0,423.72,playing,0
362.9677,2.2169,0,0,0.24635,0,435.28,playing,0
362.984,2.2169,0,0,0.24635,0,447.88,playing,0
362.9996,2.2169,0,0,0.24635,0,459.08,playing,0
363.0165,1.6365,0,0,0.24635,0,470.28,playing,0
363.033,1.6365,0,0,0.27982,0,482.18,playing,0
363.0494,1.0231,0,0,0.27982,0,493.38,playing,0
363.066,1.0231,0,0,0.27982,0,505.28,dead,0
363.0827,1.0231,0,0,0.27982,0,496.0,dead,0
363.0994,0.863,0,0,,0,496.0,dead,0
363.1157,0.863,0,0,,0,496.0,dead,0
363.1324,0.863,0,0,,0,496.0,dead,0
363.1507,-0.1525,0,0,,0,496.0,dead,0
363.1666,-0.1525,0,0,,0,496.0,dead,0
363.1843,-0.2191,0,0,,0,496.0,dead,0
363.2029,-0.2191,0,0,,0,496.0,dead,0
363.2196,-0.2191,0,0,,0,496.0,dead,0
363.242,-1.4966,0,0,0.23183,0,496.0,dead,0
363.2587,-1.4966,0,0,0.23183,0,496.0,dead,0
363.2744,-2.0819,0,0,0.23183,0,496.0,dead,0
363.2915,-2.0819,0,0,0.23183,0,496.0,dead,0
363.3077,-2.0819,0,0,0.23183,0,496.0,dead,0
363.3243,-1.1028,0,0,0.23183,0,496.0,dead,0
363.3405,-1.1028,0,0,0.23183,0,496.0,dead,0
363.3589,-1.1028,0,0,0.23183,0,496.0,dead,0
363.3755,-0.9764,0,0,0.23622,0,496.0,dead,0
363.3923,-0.9764,0,0,0.23622,0,496.0,dead,0
363.4088,-0.0733,0,0,0.23622,0,496.0,dead,0
363.4248,-0.0733,0,0,0.23622,0,496.0,dead,0
363.4405,-0.0733,0,0,0.20563,0,496.0,dead,0
363.4576,0.8145,0,0,0.20563,0,496.0,dead,0
363.4743,0.8145,0,0,0.20563,0,496.0,dead,0
363.4923,0.8145,0,0,0.25369,1,496.0,dead,0
363.5096,1.453,0,0,0.25369,0,496.0,dead,0
363.5258,1.453,0,0,0.25369,0,496.0,dead,0
363.5416,1.453,0,0,0.25369,0,496.0,dead,0
363.5621,1.7016,0,0,0.24714,0,496.0,dead,0
363.5779,1.7016,0,0,0.24714,0,496.0,dead,0
363.5957,2.2617,0,0,0.24714,0,496.0,dead,0
363.6121,2.2617,0,0,0.24714,0,496.0,dead,0
363.6279,2.2617,0,0,0.24714,0,496.0,dead,0
363.6471,2.2122,0,0,0.26149,0,496.0,dead,0
363.6636,2.2122,0,0,0.26149,0,496.0,dead,0
363.683,2.7693,0,0,0.26149,0,496.0,dead,0
363.6994,2.7693,0,0,0.26149,0,496.0,dead,0
363.7166,2.7693,0,0,0.26149,0,496.0,dead,0
363.7345,-2.255,0,0,0.2359,0,496.0,dead,0
363.7515,-2.255,0,0,0.2359,0,496.0,dead,0
363.7677,-2.255,0,0,0.2359,0,496.0,dead,0
363.784,0.5156,0,0,0.19896,0,496.0,dead,0
363.8007,0.5156,0,0,0.19896,0,496.0,dead,0
363.8175,6.7579,0,0,0.19896,0,496.0,dead,0
363.8345,6.7579,0,0,0.19896,0,496.0,dead,0
363.8507,6.7579,0,0,0.18776,0,496.0,dead,0
363.8665,4.0492,0,0,0.18776,0,496.0,dead,0
363.8831,4.0492,0,0,0.18776,0,496.0,dead,0
363.8993,4.0492,0,0,0.18776,0,496.0,dead,0
363.9202,1.0191,0,0,0.18776,0,496.0,dead,0
363.9375,1.0191,0,0,0.12405,0,496.0,dead,0
363.9551,0.3701,0,0,0.12405,0,496.0,dead,0
363.9712,0.3701,0,0,0.12405,0,496.0,dead,0
363.9874,0.3701,0,0,0.12405,0,496.0,dead,0
364.004,-0.895,0,0,0.21314,0,496.0,dead,0
364.0196,-0.895,0,0,0.21314,0,496.0,dead,0
364.0363,-0.895,0,0,0.21314,0,496.0,dead,0
364.053,-0.4092,0,0,0.21314,0,496.0,dead,0
364.069,-0.4092,0,0,0.19587,0,496.0,dead,0
364.0853,-0.062,0,0,0.19587,0,496.0,dead,0
364.1045,-0.062,0,0,0.19587,0,496.0,dead,0
364.1175,-0.062,0,0,0.19587,0,496.0,dead,0
364.1337,-0.961,0,0,0.1978,0,496.0,dead,0
364.1497,-0.961,0,0,0.1978,0,496.0,dead,0
364.1669,-0.961,0,0,0.1978,1,496.0,dead,0
364.1838,-1.3741,0,0,0.25764,0,496.0,dead,0
364.1994,-1.3741,0,0,0.25764,0,496.0,dead,0
364.2165,-1.3741,0,0,0.2469,0,496.0,dead,0
364.2335,-1.9983,0,0,0.2469,0,496.0,dead,0
364.2506,-1.9983,0,0,0.2469,0,496.0,dead,0
364.2667,-1.8035,0,0,0.2469,0,496.0,dead,0
364.2833,-1.8035,0,0,0.25391,0,496.0,dead,0
364.3,-1.8035,0,0,0.25391,0,496.0,dead,0
364.3159,-1.9879,0,0,0.25391,0,496.0,dead,0
364.3315,-1.9879,0,0,0.21914,0,496.0,dead,0
364.3476,-1.9879,0,0,0.21914,0,496.0,dead,0
364.3642,-2.2001,0,0,0.21914,0,496.0,dead,0
364.3799,-2.2001,0,0,0.24716,0,496.0,dead,0
364.3965,-2.2001,0,0,0.24716,0,496.0,dead,0
364.4131,-2.2001,0,0,0.24716,0,496.0,dead,0
364.4295,-2.2001,0,0,0.25029,0,496.0,dead,0
364.446,-1.6753,0,0,0.25029,0,496.0,dead,0
364.4618,-1.6753,0,0,0.25029,0,496.0,dead,0
364.4777,-1.6753,0,0,0.25029,0,496.0,dead,0
364.4947,-1.6753,0,0,0.2722,0,496.0,dead,0
364.5114,-1.6753,0,0,0.2722,0,496.0,dead,0
364.5285,-1.6753,0,0,0.2722,0,496.0,dead,0
364.545,-1.6465,0,0,0.22917,0,496.0,dead,0
364.561,-1.6465,0,0,0.22917,0,496.0,dead,0
364.5768,-1.6465,0,0,0.22917,0,496.0,dead,0
364.5934,-1.8285,0,0,0.25464,0,496.0,dead,0
364.6096,-1.8285,0,0,0.25464,0,496.0,dead,0
364.6263,-1.7965,0,0,0.25464,0,496.0,dead,0
364.6429,-1.7965,0,0,0.2436,0,496.0,dead,0
364.6592,-1.7965,0,0,0.2436,0,496.0,dead,0
364.6767,-2.4241,0,0,0.2436,0,496.0,dead,0
364.6925,-2.4241,0,0,0.25111,0,496.0,dead,0
364.7091,-2.4241,0,0,0.25111,0,496.0,dead,0
364.7257,-1.3067,0,0,0.25111,0,496.0,dead,0
364.742,-1.3067,0,0,0.2474,0,496.0,dead,0
364.7593,-0.5251,0,0,0.2474,0,496.0,dead,0
364.7759,-0.5251,0,0,0.2474,0,496.0,dead,0
364.7915,-0.5251,0,0,0.27946,0,496.0,dead,0
364.8086,0.0519,0,0,0.27946,0,496.0,dead,0
364.8249,0.0519,0,0,0.27946,0,496.0,dead,0
364.8415,0.0519,0,0,0.27946,0,496.0,dead,0
364.8577,-0.1466,0,0,0.26459,0,496.0,dead,0
364.8747,-0.1466,0,0,0.26459,0,496.0,dead,0
364.8914,-0.1466,0,0,0.26459,0,496.0,dead,0
364.909,-0.1466,0,0,0.26459,0,496.0,dead,0
364.9248,-0.1466,0,0,0.23558,0,496.0,dead,0
364.9414,-0.1466,0,0,0.23558,0,496.0,dead,0
364.958,-0.1466,0,0,0.23558,0,496.0,dead,0
364.9736,-0.1466,0,0,,0,496.0,dead,0
364.9945,0.3523,0,0,,0,496.0,dead,0
365.011,-0.0067,0,0,,0,496.0,dead,0
365.0273,-0.0067,0,0,,0,496.0,dead,0
365.0439,-0.6977,0,0,,0,496.0,dead,0
365.0605,-0.6977,0,0,,0,496.0,dead,0
365.0774,-0.2345,0,0,,0,496.0,dead,0
365.0936,-0.2345,0,0,,0,496.0,dead,0
365.11,-0.2345,0,0,,0,496.0,dead,0
365.1256,-0.1346,0,0,,0,496.0,dead,0
365.1413,-0.1346,0,0,,0,496.0,dead,0
365.158,-0.1346,0,0,,0,496.0,dead,0
365.1737,0.0988,0,0,,0,496.0,dead,0
365.1901,0.0988,0,0,,0,496.0,dead,0
365.2058,0.0988,0,0,,0,496.0,dead,0
365.2219,0.0988,0,0,,0,496.0,dead,0
365.2383,0.0988,0,0,0.32017,0,496.0,dead,0
