time_s,eeg_amplitude_uv,eeg_blink,cv_ear,cv_blink,bird_y,game_state,score
0.0025,0.0,0,1.0,0,285.0,waiting,0
0.0176,0.0,0,1.0,0,294.46,waiting,0
0.0337,0.0,0,1.0,0,294.05,waiting,0
0.0498,0.0,0,1.0,0,293.62,waiting,0
0.0667,0.0,0,1.0,0,293.16,waiting,0
0.0822,0.0,0,1.0,0,292.65,waiting,0
0.0985,0.0,0,1.0,0,292.18,waiting,0
0.115,0.0,0,1.0,0,291.66,waiting,0
0.1312,0.0,0,1.0,0,291.08,waiting,0
0.1473,0.0,0,1.0,0,290.52,waiting,0
0.1629,0.0,0,1.0,0,289.95,waiting,0
0.1793,0.0,0,1.0,0,289.36,waiting,0
0.1949,0.0,0,1.0,0,288.75,waiting,0
0.2112,0.0,0,1.0,0,288.14,waiting,0
0.2279,0.0,0,1.0,0,287.52,waiting,0
0.2445,0.0,0,1.0,0,286.85,waiting,0
0.2605,0.0,0,1.0,0,286.22,waiting,0
0.2765,0.0,0,1.0,0,285.58,waiting,0
0.292,0.0,0,1.0,0,284.94,waiting,0
0.3081,0.0,0,1.0,0,284.3,waiting,0
0.3249,0.0,0,1.0,0,283.66,waiting,0
0.3414,0.0,0,1.0,0,282.99,waiting,0
0.3636,0.0,0,1.0,0,282.36,waiting,0
0.3806,0.0,0,1.0,0,281.47,waiting,0
0.3987,0.0,0,1.0,0,280.86,waiting,0
0.4239,0.0,0,1.0,0,280.16,waiting,0
0.4405,0.0,0,1.0,0,279.23,waiting,0
0.4577,0.0,0,1.0,0,278.67,waiting,0
0.4743,0.0,0,1.0,0,278.11,waiting,0
0.49,0.0,0,1.0,0,277.59,waiting,0
0.5068,0.0,0,1.0,0,277.1,waiting,0
0.5239,0.0,0,1.0,0,276.6,waiting,0
0.5407,0.0,0,1.0,0,276.13,waiting,0
0.5568,0.0,0,1.0,0,275.69,waiting,0
0.5738,0.0,0,1.0,0,275.3,waiting,0
0.5904,0.0,0,1.0,0,274.91,waiting,0
0.607,0.0,0,1.0,0,274.58,waiting,0
0.6236,0.0,0,1.0,0,274.26,waiting,0
0.6392,0.0,0,1.0,0,273.99,waiting,0
0.6557,0.0,0,1.0,0,273.75,waiting,0
0.6723,0.0,0,1.0,0,273.53,waiting,0
0.6879,0.0,0,1.0,0,273.36,waiting,0
0.705,0.0,0,1.0,0,273.22,waiting,0
0.7215,0.0,0,1.0,0,273.11,waiting,0
0.7376,0.0,0,1.0,0,273.04,waiting,0
0.7535,0.0,0,0.22329,0,273.0,waiting,0
0.7697,0.0,0,0.26972,0,273.0,waiting,0
0.7873,0.0,0,0.26972,0,273.04,waiting,0
0.8033,0.0,0,0.25926,0,273.11,waiting,0
0.8191,0.0,0,0.25926,0,273.22,waiting,0
0.8356,0.0,0,0.32887,0,273.36,waiting,0
0.8518,0.0,0,0.30011,0,273.53,waiting,0
0.8689,0.0,0,0.30011,0,273.75,waiting,0
0.8859,0.0,0,0.3009,0,274.0,waiting,0
0.903,0.0,0,0.32307,0,274.29,waiting,0
0.9196,0.0,0,0.32307,0,274.61,waiting,0
0.9357,0.0,0,0.32109,0,274.95,waiting,0
0.9514,0.0,0,0.32109,0,275.34,waiting,0
0.9675,0.0,0,0.32109,0,275.7,waiting,0
0.9836,0.0,0,0.2968,0,276.12,waiting,0
0.9997,0.0,0,0.2968,0,276.56,waiting,0
1.016,0.0,0,0.32063,0,277.06,waiting,0
1.0331,0.0,0,0.32063,0,277.55,waiting,0
1.0495,0.0,0,0.30896,0,278.1,waiting,0
1.066,0.0,0,0.30896,0,278.66,waiting,0
1.082,0.0,0,0.3143,0,279.21,waiting,0
1.0979,0.0,0,0.3143,0,279.78,waiting,0
1.1148,0.0,0,0.30303,0,280.37,waiting,0
1.132,0.0,0,0.30303,0,281.0,waiting,0
1.1487,0.0,0,0.34463,0,281.65,waiting,0
1.1642,0.0,0,0.34463,0,282.31,waiting,0
1.1803,0.0,0,0.36385,0,282.89,waiting,0
1.1971,0.0,0,0.36385,0,283.53,waiting,0
1.2133,0.0,0,0.40452,0,284.2,waiting,0
1.2296,0.0,0,0.40452,0,284.84,waiting,0
1.2472,0.0,0,0.37893,0,285.52,waiting,0
1.2631,0.0,0,0.37893,0,286.2,waiting,0
1.2793,0.0,0,0.38179,0,286.84,waiting,0
1.2955,0.0,0,0.38179,0,287.47,waiting,0
1.3118,0.0,0,0.33134,0,288.09,waiting,0
1.3281,0.0,0,0.33134,0,288.74,waiting,0
1.3446,0.0,0,0.33134,0,289.34,waiting,0
1.3602,0.0,0,0.37337,0,289.97,waiting,0
1.3764,0.0,0,0.37337,0,290.51,waiting,0
1.3931,0.0,0,0.3388,0,291.07,waiting,0
1.4091,0.0,0,0.3388,0,291.65,waiting,0
1.4253,0.0,0,0.39528,0,292.17,waiting,0
1.4413,0.0,0,0.39528,0,292.67,waiting,0
1.4574,0.0,0,0.31181,0,293.15,waiting,0
1.4739,0.0,0,0.31181,0,293.61,waiting,0
1.4906,0.0,0,0.31127,0,294.07,waiting,0
1.5068,0.0,0,0.30262,0,294.48,waiting,0
1.5236,0.0,0,0.30262,0,294.88,waiting,0
1.5395,0.0,0,0.30262,0,295.25,waiting,0
1.556,0.0,0,0.30262,0,295.55,waiting,0
1.5724,0.0,0,,0,295.85,waiting,0
1.5886,0.0,0,,0,296.11,waiting,0
1.6061,0.0,0,,0,296.35,waiting,0
1.6222,0.0,0,0.31137,0,296.55,waiting,0
1.6383,0.0,0,0.31137,0,296.71,waiting,0
1.6542,0.0,0,0.19468,0,296.83,waiting,0
1.6701,0.0,0,0.19468,0,296.92,waiting,0
1.6871,0.0,0,0.19468,0,296.98,waiting,0
1.7032,0.0,0,0.19053,0,297.0,waiting,0
1.719,0.0,0,0.19053,0,296.99,waiting,0
1.7355,0.0,0,0.19053,0,296.94,waiting,0
1.7513,0.0,0,0.19053,0,296.85,waiting,0
1.7678,0.0,0,0.1998,0,296.74,waiting,0
1.7833,0.0,0,0.1998,0,296.58,waiting,0
1.8014,0.0,0,0.1998,1,296.41,waiting,0
1.8175,0.0,0,0.2464,0,296.16,waiting,0
1.8337,0.0,0,0.2464,0,295.91,waiting,0
1.8499,0.0,0,0.22986,0,295.61,waiting,0
1.8673,0.0,0,0.22986,0,295.3,waiting,0
1.8834,0.0,0,0.3039,0,294.93,waiting,0
1.899,0.0,0,0.3039,0,294.56,waiting,0
1.9166,0.0,0,0.3039,0,294.16,waiting,0
1.9334,0.0,0,0.3385,0,293.67,waiting,0
1.9518,0.0,0,0.3385,0,293.22,waiting,0
1.9683,0.0,0,0.31156,0,292.65,waiting,0
1.9844,0.0,0,0.31156,0,292.15,waiting,0
2.001,0.0,0,0.31421,0,291.62,waiting,0
2.0179,0.0,0,0.31421,0,291.05,waiting,0
2.0342,0.0,0,0.31421,0,290.45,waiting,0
2.0502,0.0,0,0.33594,0,289.87,waiting,0
2.0661,0.0,0,0.33594,0,289.28,waiting,0
2.0821,0.0,0,0.33594,0,288.68,waiting,0
2.0982,0.0,0,0.35604,0,288.06,waiting,0
2.1146,0.0,0,0.35604,0,287.44,waiting,0
2.1303,0.0,0,0.35087,0,286.81,waiting,0
2.1463,0.0,0,0.35087,0,286.17,waiting,0
2.1625,0.0,0,0.35087,0,285.54,waiting,0
2.1781,0.0,0,0.32647,0,284.9,waiting,0
2.1944,0.0,0,0.32647,0,284.26,waiting,0
2.2109,0.0,0,0.32164,0,283.62,waiting,0
2.227,0.0,0,0.32164,0,282.95,waiting,0
2.2437,0.0,0,0.32164,0,282.32,waiting,0
2.2598,0.0,0,0.308,0,281.66,waiting,0
2.2767,0.0,0,0.308,0,281.05,waiting,0
2.2943,0.0,0,0.308,0,280.42,waiting,0
2.3119,0.0,0,0.31125,0,279.76,waiting,0
2.329,0.0,0,0.31125,0,279.16,waiting,0
2.3462,0.0,0,0.28783,0,278.57,waiting,0
2.363,0.0,0,0.28783,0,278.01,waiting,0
2.38,0.0,0,0.31081,0,277.47,waiting,0
2.3964,0.0,0,0.31081,0,276.95,waiting,0
2.4119,2492.3389,1,0.28422,0,276.49,waiting,0
2.4283,2492.3389,0,0.28422,0,276.05,playing,0
2.4444,2492.3389,0,0.28422,0,270.09,playing,0
2.4606,1120.749,0,0.31854,0,264.41,playing,0
2.4762,1120.749,0,0.31854,0,259.02,playing,0
2.493,1120.749,0,0.28812,0,253.9,playing,0
2.5095,598.2912,0,0.28812,0,248.79,playing,0
2.5252,598.2912,0,0.28812,0,244.26,playing,0
2.5418,182.3489,0,0.28872,0,240.0,playing,0
2.558,182.3489,0,0.28872,0,235.81,playing,0
2.575,182.3489,0,0.24684,0,232.14,playing,0
2.5912,-134.1256,0,0.24684,0,228.55,playing,0
2.6081,-134.1256,0,0.30623,0,225.46,playing,0
2.6245,-134.1256,0,0.30623,0,222.5,playing,0
2.6405,-362.2537,0,0.28719,0,219.99,playing,0
2.6574,-362.2537,0,0.28719,0,217.76,playing,0
2.674,-362.2537,0,0.28719,0,215.71,playing,0
2.6907,-653.4651,0,0.31823,0,213.98,playing,0
2.7074,-653.4651,0,0.31823,0,212.57,playing,0
2.724,-665.9355,0,0.32372,0,211.52,playing,0
2.7408,-665.9355,0,0.32372,0,210.73,playing,0
2.7578,-665.9355,0,0.30906,0,210.25,playing,0
2.7742,-648.0569,0,0.30906,0,210.09,playing,0
2.7901,-648.0569,0,0.30906,0,210.22,playing,0
2.806,-648.0569,0,0.28477,0,210.63,playing,0
2.8221,-596.9372,0,0.28477,0,211.33,playing,0
2.8387,-596.9372,0,0.29629,0,212.3,playing,0
2.8559,-596.9372,0,0.29629,0,213.66,playing,0
2.8729,-516.0404,0,0.28161,0,215.33,playing,0
2.8897,-516.0404,0,0.28161,0,217.32,playing,0
2.906,-383.8799,1,0.28161,0,219.48,playing,0
2.9224,-383.8799,0,0.20418,0,213.17,playing,0
2.9385,-329.0638,0,0.20418,0,207.51,playing,0
2.9546,-329.0638,0,0.15995,0,202.13,playing,0
2.9709,-275.9505,0,0.15995,0,197.03,playing,0
2.9879,-275.9505,0,0.15995,0,191.94,playing,0
3.0045,-275.9505,0,0.2628,1,187.16,playing,0
3.0208,-225.9784,0,0.2628,0,182.94,playing,0
3.037,-180.1775,0,0.21585,0,178.78,playing,0
3.0531,-180.1775,0,0.21585,0,175.15,playing,0
3.0697,-139.7583,0,0.21585,0,171.79,playing,0
3.0868,-139.7583,0,0.28775,0,168.55,playing,0
3.104,-103.7451,0,0.28775,0,165.62,playing,0
3.1208,-103.7451,0,0.2959,0,163.01,playing,0
3.1376,-73.0802,0,0.2959,0,160.72,playing,0
3.1532,-73.0802,0,0.2735,0,158.84,playing,0
3.1698,-47.3745,0,0.2735,0,157.25,playing,0
3.1867,-26.5491,0,0.2735,0,155.87,playing,0
3.2039,-26.5491,0,0.28705,0,154.82,playing,0
3.2206,-10.3279,0,0.28705,0,154.08,playing,0
3.2366,-10.3279,0,0.28705,0,153.66,playing,0
3.2526,-10.3279,0,0.28705,0,153.53,playing,0
3.2706,1.8817,0,0.3132,0,153.68,playing,0
3.2862,1.8817,0,0.3132,0,154.2,playing,0
3.303,11.2613,0,0.3132,0,154.95,playing,0
3.3196,11.2613,0,0.3132,0,156.06,playing,0
3.3355,17.737,0,0.27308,0,157.39,playing,0
3.3517,22.25,0,0.27308,0,159.0,playing,0
3.3684,22.25,0,0.2923,0,161.03,playing,0
3.3846,25.1849,1,0.2923,0,163.22,playing,0
3.4001,25.1849,0,0.2923,0,157.26,playing,0
3.4163,26.0479,0,0.30907,0,151.58,playing,0
3.4321,26.0479,0,0.30907,0,146.19,playing,0
3.4489,25.3113,0,0.3093,0,141.07,playing,0
3.4659,25.3113,0,0.3093,0,135.96,playing,0
3.4826,24.3809,0,0.3093,0,131.16,playing,0
3.4986,24.3809,0,0.28743,0,126.93,playing,0
3.5143,24.3809,0,0.28743,0,122.97,playing,0
3.5321,11.8386,0,0.28743,0,119.3,playing,0
3.5483,-8.6508,0,0.31883,0,115.53,playing,0
3.5641,-8.6508,0,0.31883,0,112.46,playing,0
3.581,-7.6643,0,0.321,0,109.67,playing,0
3.5975,-7.6643,0,0.321,0,107.02,playing,0
3.6141,14.0052,0,0.31947,0,104.81,playing,0
3.6304,14.0052,0,0.31947,0,102.78,playing,0
3.646,32.3561,0,0.31947,0,101.15,playing,0
3.6628,32.3561,0,0.3059,0,99.81,playing,0
3.6798,32.0439,0,0.3059,0,98.69,playing,0
3.6969,27.3079,0,0.21687,0,97.9,playing,0
3.7132,27.3079,0,0.21687,0,97.42,playing,0
3.729,27.3079,0,0.21687,0,97.25,playing,0
3.7455,21.7561,0,0.1627,0,97.37,playing,0
3.7613,21.7561,0,0.1627,0,97.76,playing,0
3.778,16.717,0,0.17309,0,98.44,playing,0
3.7944,16.717,0,0.17309,0,99.47,playing,0
3.8099,12.4197,0,0.17309,0,100.73,playing,0
3.827,12.4197,0,0.2359,1,102.27,playing,0
3.844,12.4197,0,0.2359,0,104.22,playing,0
3.8607,8.0431,0,0.2359,0,106.5,playing,0
3.877,8.0431,0,0.28861,0,108.92,playing,0
3.893,3.3186,0,0.28861,0,111.8,playing,0
3.9107,3.3186,0,0.28861,0,114.8,playing,0
3.9277,3.3186,0,0.31564,0,118.53,playing,0
3.944,0.489,0,0.31564,0,122.38,playing,0
3.9602,0.489,0,0.30653,0,126.27,playing,0
3.9763,0.489,0,0.30653,0,130.45,playing,0
3.9924,-1.1114,0,0.30653,0,134.91,playing,0
4.009,-1.1114,0,0.29353,0,139.66,playing,0
4.0259,-1.1114,0,0.29353,0,145.01,playing,0
4.0425,-2.1553,0,0.30402,0,150.69,playing,0
4.0582,-2.1553,0,0.30402,0,156.31,playing,0
4.0746,-2.4805,0,0.30402,0,162.21,playing,0
4.091,-2.4805,0,0.31313,0,168.4,playing,0
4.1079,-2.4805,0,0.31313,0,175.29,playing,0
4.125,-3.7244,0,0.29582,0,182.5,playing,0
4.1411,-3.7244,0,0.29582,0,190.02,playing,0
4.1579,-3.7244,0,0.30876,0,197.39,playing,0
4.174,-3.2967,0,0.30876,0,205.53,playing,0
4.1901,-3.2967,0,0.30876,0,213.48,playing,0
4.2072,-3.2034,0,0.30181,0,221.7,playing,0
4.2249,-3.2034,0,0.30181,0,231.32,playing,0
4.2421,-3.2034,0,0.30181,0,240.71,playing,0
4.259,-2.8014,0,0.29844,0,250.43,playing,0
4.2758,-2.8014,0,0.29844,0,260.46,playing,0
4.2929,-2.8014,0,0.30019,0,270.81,playing,0
4.3096,-2.8014,0,0.30019,0,281.48,playing,0
4.3251,-2.8014,0,0.30019,0,291.8,playing,0
4.3422,-3.1723,0,0.29688,0,302.4,playing,0
4.3592,-3.1723,0,0.29688,0,313.98,playing,0
4.3754,-3.1723,0,0.34852,0,325.88,playing,0
4.392,-3.5101,0,0.34852,0,337.08,playing,0
4.4089,-3.5101,0,0.34852,0,348.98,playing,0
4.4258,-3.5101,0,0.32634,0,360.88,playing,0
4.4429,-10.9466,0,0.32634,0,372.78,playing,0
4.4595,-10.9466,0,0.25904,0,384.68,dead,0
4.4756,-10.9466,0,0.25904,0,395.88,dead,0
4.4916,5.9806,1,0.20722,0,407.08,dead,0
4.5077,5.9806,0,0.20722,0,285.0,playing,0
4.5229,21.018,0,0.20722,0,279.04,playing,0
4.54,21.018,0,0.21069,0,273.36,playing,0
4.5563,21.018,0,0.21069,0,267.65,playing,0
4.5724,18.3766,0,0.1915,0,262.56,playing,0
4.588,18.3766,0,0.1915,0,257.74,playing,0
4.6049,18.3766,0,0.1915,0,253.21,playing,0
4.6219,14.5763,0,0.20599,0,248.71,playing,0
4.638,14.5763,0,0.20599,0,244.53,playing,0
4.654,14.5763,0,0.1986,0,240.88,playing,0
4.6701,10.9008,0,0.1986,0,237.51,playing,0
4.6867,10.9008,0,0.1986,0,234.42,playing,0
4.7036,5.5863,0,0.28161,1,231.45,playing,0
4.7203,5.5863,0,0.28161,0,228.8,playing,0
4.736,5.5863,0,0.25843,0,226.59,playing,0
4.7531,3.1072,0,0.25843,0,224.67,playing,0
4.7697,3.1072,0,0.25843,0,222.94,playing,0
4.7854,3.1072,0,0.25843,0,221.59,playing,0
4.801,-0.5236,0,0.25843,0,220.52,playing,0
4.8181,-0.5236,0,0.3023,0,219.74,playing,0
4.8341,-0.5236,0,0.33502,0,219.22,playing,0
4.8502,-1.595,0,0.33502,0,219.02,playing,0
4.8668,-1.595,0,0.33981,0,219.1,playing,0
4.8841,-2.6442,0,0.35178,0,219.5,playing,0
4.9001,-2.6442,0,0.35178,0,220.22,playing,0
4.9168,-2.6442,0,0.33399,0,221.18,playing,0
4.9337,-2.9264,0,0.33399,0,222.51,playing,0
4.9506,-2.9264,0,0.33741,0,224.17,playing,0
4.9668,-2.9264,0,0.32546,0,226.01,playing,0
4.9837,-2.8184,0,0.32546,0,228.28,playing,0
5.0007,-2.8184,0,0.33837,0,230.87,playing,0
5.0191,-2.9845,0,0.32692,0,233.77,playing,0
5.0354,-2.9845,0,0.32692,0,237.21,playing,0
5.0512,-2.9845,0,0.32692,0,240.54,playing,0
5.0673,-3.5262,0,0.32692,0,244.16,playing,0
5.084,-3.5262,0,0.36276,0,248.06,playing,0
5.1007,-3.5262,0,0.33936,0,252.52,playing,0
5.1169,-2.8655,0,0.33936,0,256.99,playing,0
5.1341,-2.8655,0,0.31507,0,262.07,playing,0
5.1502,-2.8655,0,0.31507,0,267.46,playing,0
5.1673,-17.723,0,0.34126,0,272.82,playing,0
5.1833,-17.723,0,0.34126,0,278.83,playing,0
5.1996,-28.418,1,0.37754,0,284.77,playing,0
5.2159,-28.418,0,0.37754,0,278.81,playing,0
5.2327,-28.418,0,0.17466,0,272.8,playing,0
5.249,-14.5973,0,0.17466,0,267.42,playing,0
5.2655,-14.5973,0,0.18457,0,262.03,playing,0
5.2825,-14.5973,0,0.18457,1,257.23,playing,0
5.2998,9.6251,0,0.29192,0,252.19,playing,0
5.3159,9.6251,0,0.18324,0,247.75,playing,0
5.333,22.2658,0,0.18324,0,243.85,playing,0
5.3492,22.2658,0,0.19463,0,240.03,playing,0
5.3656,22.2658,0,0.19463,0,236.71,playing,0
5.3821,19.3593,0,0.19463,0,233.5,playing,0
5.3979,19.3593,0,0.19463,0,230.76,playing,0
5.4149,19.3593,0,0.20342,0,228.31,playing,0
5.4312,14.8765,0,0.23134,0,226.01,playing,0
5.4474,14.8765,0,0.23134,0,224.14,playing,0
5.4638,14.8765,0,0.33398,0,222.54,playing,0
5.4811,8.2903,0,0.33398,0,221.17,playing,0
5.4974,8.2903,0,0.34654,0,220.11,playing,0
5.5136,5.1841,0,0.34654,0,219.4,playing,0
5.5295,5.1841,0,0.34654,0,218.97,playing,0
5.5456,5.1841,0,0.34654,0,218.82,playing,0
5.5615,0.8851,0,0.33402,0,218.95,playing,0
5.5776,0.8851,0,0.33402,0,219.36,playing,0
5.5937,0.8851,0,0.31233,0,220.05,playing,0
5.6104,-0.6347,0,0.31233,0,221.11,playing,0
5.6272,-0.6347,0,0.31007,0,222.39,playing,0
5.6434,-0.6347,0,0.31007,0,224.06,playing,0
5.6591,-1.7635,0,0.31651,0,225.91,playing,0
5.6754,-1.7635,0,0.31651,0,228.05,playing,0
5.6914,-2.4188,0,0.29442,0,230.47,playing,0
5.7081,-3.1103,0,0.29442,0,233.36,playing,0
5.7245,-3.1103,0,0.29442,0,236.36,playing,0
5.7407,-3.6211,0,0.36885,0,239.64,playing,0
5.7569,-3.6211,0,0.36885,0,243.2,playing,0
5.7738,-3.6211,0,0.28898,0,247.31,playing,0
5.7901,-4.8387,0,0.28898,0,251.73,playing,0
5.8067,-4.8387,0,0.32646,0,256.17,playing,0
5.8225,-4.8387,0,0.32646,0,260.9,playing,0
5.8391,-25.8705,1,0.3253,0,265.9,playing,0
5.8552,-25.8705,0,0.3253,0,259.59,playing,0
5.8721,-24.2107,0,0.25915,0,253.93,playing,0
5.8882,0.9431,0,0.25915,0,248.24,playing,0
5.905,0.9431,0,0.23882,0,243.16,playing,0
5.9213,17.9395,0,0.23882,0,238.08,playing,0
5.9377,17.9395,0,0.23882,0,233.58,playing,0
5.954,17.9395,0,0.22988,0,229.12,playing,0
5.971,19.2078,0,0.22988,0,225.21,playing,0
5.9878,19.2078,0,0.22988,0,221.36,playing,0
6.0045,19.2078,0,0.28308,0,217.84,playing,0
6.0198,13.9775,0,0.28308,0,214.8,playing,0
6.0365,13.9775,0,0.33907,0,212.04,playing,0
6.0527,10.228,0,0.33907,0,209.57,playing,0
6.0681,10.228,0,0.31816,0,207.38,playing,0
6.0846,10.228,0,0.31816,0,205.47,playing,0
6.1007,7.4204,0,0.31816,0,203.84,playing,0
6.1181,7.4204,0,0.31816,0,202.43,playing,0
6.1347,7.4204,0,0.33586,0,201.33,playing,0
6.1502,2.0661,0,0.33586,0,200.58,playing,0
6.166,2.0661,0,0.30987,0,200.12,playing,0
6.1829,2.0661,0,0.30987,0,199.93,playing,0
6.2001,0.2658,0,0.33749,0,200.05,playing,0
6.217,0.2658,0,0.33749,0,200.49,playing,0
6.2336,-1.7139,0,0.33124,0,201.25,playing,0
6.2499,-1.7139,0,0.33124,0,202.24,playing,0
6.267,-1.7139,0,0.29269,0,203.61,playing,0
6.2838,-2.5199,0,0.29269,0,205.31,playing,0
6.3,-2.5199,0,0.2959,0,207.31,playing,0
6.317,-2.5199,0,0.2959,0,209.49,playing,0
6.333,-2.7434,0,0.33915,0,212.11,playing,0
6.349,-2.7434,0,0.33915,0,214.87,playing,0
6.3658,-2.7434,0,0.33979,0,217.9,playing,0
6.3821,-2.8983,0,0.33979,0,221.45,playing,0
6.3981,-2.8983,0,0.32135,0,225.06,playing,0
6.4152,-3.5913,0,0.32135,0,228.96,playing,0
6.4316,-3.5913,0,0.32135,0,233.42,playing,0
6.4477,-3.5913,0,0.32135,0,237.9,playing,0
6.4642,-28.2743,1,0.3364,0,242.97,playing,0
6.4802,-28.2743,0,0.3364,0,237.01,playing,0
6.4966,-28.2743,0,0.3238,0,231.34,playing,0
6.5131,-24.9369,0,0.3238,0,225.94,playing,0
6.53,-24.9369,0,0.31077,0,220.53,playing,0
6.5464,-5.4479,0,0.31077,0,215.43,playing,0
6.5626,-5.4479,0,0.20932,0,210.92,playing,0
6.5789,-5.4479,0,0.20932,0,206.68,playing,0
6.5955,17.6914,0,0.19706,0,202.5,playing,0
6.6118,17.6914,0,0.19706,0,198.85,playing,0
6.629,17.6914,0,0.1887,0,195.29,playing,0
6.6459,16.2999,0,0.1887,0,192.04,playing,0
6.663,16.2999,0,0.24647,1,189.11,playing,0
6.6796,16.2999,0,0.24647,0,186.5,playing,0
6.6963,11.4982,0,0.29995,0,184.33,playing,0
6.7132,11.4982,0,0.29995,0,182.34,playing,0
6.7296,8.2926,0,0.31785,0,180.66,playing,0
6.7461,8.2926,0,0.31785,0,179.37,playing,0
6.7629,8.2926,0,0.33105,0,178.31,playing,0
6.7796,6.1515,0,0.33105,0,177.57,playing,0
6.796,6.1515,0,0.33105,0,177.16,playing,0
6.8122,6.1515,0,0.33105,0,177.03,playing,0
6.8286,1.4799,0,0.33105,0,177.2,playing,0
6.8449,1.4799,0,0.33105,0,177.65,playing,0
6.8614,1.4799,0,0.33105,0,178.44,playing,0
6.8777,-0.2244,0,0.32887,0,179.47,playing,0
6.8932,-0.2244,0,0.32887,0,180.78,playing,0
6.9098,-1.5288,0,0.32887,0,182.37,playing,0
6.9271,-1.5288,0,0.31618,0,184.38,playing,0
6.9434,-1.5288,0,0.31618,0,186.71,playing,0
6.959,-1.447,0,0.31618,0,189.18,playing,1
6.9753,-1.447,0,0.33629,0,191.94,playing,1
6.9919,-1.447,0,0.33629,0,194.97,playing,1
7.0085,-2.4192,0,0.33629,0,198.51,playing,1
7.0252,-2.4192,0,0.33629,0,202.13,playing,1
7.0413,-2.8282,0,0.33619,0,206.29,playing,1
7.0584,-2.8282,0,0.33619,0,210.77,playing,1
7.0745,-2.8282,0,0.33619,0,215.26,playing,1
7.0905,-4.1994,0,0.32633,0,220.04,playing,1
7.1066,-4.1994,0,0.32633,0,225.1,playing,1
7.1223,-4.1994,0,0.32633,0,230.44,playing,1
7.1391,-30.0265,1,0.32406,0,236.06,playing,1
7.1556,-30.0265,0,0.32406,0,229.75,playing,1
7.1713,-30.0265,0,0.32406,0,224.09,playing,1
7.1878,-30.8148,0,0.32406,0,218.72,playing,1
7.2049,-30.8148,0,0.31903,0,213.32,playing,1
7.2217,-18.4719,0,0.31903,0,208.24,playing,1
7.2385,8.7711,0,0.31903,0,203.48,playing,1
7.2548,8.7711,0,0.33613,0,199.28,playing,1
7.2714,21.9851,0,0.33613,0,195.14,playing,1
7.2874,21.9851,0,0.33613,0,191.52,playing,1
7.3035,21.9851,0,,0,188.19,playing,1
7.3196,22.7572,0,,0,185.13,playing,1
7.3354,22.7572,0,,0,182.36,playing,1
7.3522,22.7572,0,,0,179.87,playing,1
7.369,19.2982,0,,0,177.54,playing,1
7.3858,19.2982,0,,0,175.53,playing,1
7.404,15.3742,0,,0,173.84,playing,1
7.4201,11.9685,0,,0,172.4,playing,1
7.4367,11.9685,0,,0,171.4,playing,1
7.4529,8.6386,0,,0,170.66,playing,1
7.4701,8.6386,0,,0,170.25,playing,1
7.4863,8.6386,0,,0,170.13,playing,1
7.5023,2.1449,0,0.29414,0,170.29,playing,1
7.5184,2.1449,0,0.29414,0,170.74,playing,1
7.5347,2.1449,0,0.29414,0,171.47,playing,1
7.551,0.7153,0,0.31501,0,172.48,playing,1
7.5675,0.7153,0,0.31501,0,173.87,playing,1
7.5838,-1.8864,0,0.31501,0,175.47,playing,1
7.601,-1.8864,0,0.30838,0,177.48,playing,1
7.6175,-1.8864,0,0.30838,0,179.8,playing,1
7.6339,-1.9514,0,0.30838,0,182.28,playing,1
7.6509,-1.9514,0,0.3203,0,185.22,playing,1
7.6675,-1.9514,0,0.3203,0,188.48,playing,1
7.6836,-3.0565,0,0.3203,0,191.83,playing,1
7.6993,-3.0565,0,0.31149,0,195.47,playing,1
7.7159,-3.0565,0,0.31149,0,199.38,playing,1
7.7327,-4.0649,0,0.31149,0,203.86,playing,1
7.7499,-4.0649,0,0.30862,0,208.66,playing,1
7.7659,-3.4713,0,0.30862,0,213.77,playing,1
7.7827,-3.4713,0,0.30862,0,218.86,playing,1
7.7983,-3.4713,0,0.30862,0,224.24,playing,1
7.8149,-2.7469,0,0.32071,0,229.9,playing,1
7.8321,-2.7469,0,0.32071,0,236.23,playing,1
7.8482,-2.7469,0,0.32071,0,242.87,playing,1
7.8643,-3.5093,0,,0,249.41,playing,1
7.8804,-3.5093,0,,0,256.23,playing,1
7.8965,-25.3727,1,,0,263.33,playing,1
7.9136,-25.3727,0,0.34083,0,257.02,playing,1
7.9293,-25.3727,0,0.34083,0,251.36,playing,1
7.9451,-25.9682,0,0.34083,0,245.98,playing,1
7.9618,-25.9682,0,,0,240.89,playing,1
7.978,-25.9682,0,,0,235.79,playing,1
7.9946,-0.4726,0,,0,231.27,playing,1
8.0107,-0.4726,0,0.17451,0,227.04,playing,1
8.028,-0.4726,0,0.17451,0,222.86,playing,1
8.0447,21.0687,0,0.17451,0,219.0,playing,1
8.0611,21.0687,0,,0,215.45,playing,1
8.0774,18.416,0,,0,212.4,playing,1
8.0939,18.416,0,,0,209.63,playing,1
8.1107,18.416,0,,0,207.0,playing,1
8.1268,11.1374,0,,0,204.81,playing,1
8.1429,11.1374,0,,0,202.8,playing,1
8.1601,11.1374,0,0.18811,0,201.18,playing,1
8.1767,8.4589,0,0.18811,0,199.79,playing,1
8.194,8.4589,0,0.18811,0,198.71,playing,1
8.2107,8.4589,0,0.27809,1,197.96,playing,1
8.2266,6.1352,0,0.27809,0,197.52,playing,1
8.2422,6.1352,0,0.27809,0,197.37,playing,1
8.2586,3.4392,0,0.28899,0,197.5,playing,1
8.2757,1.853,0,0.28899,0,197.96,playing,1
8.2926,1.853,0,0.28899,0,198.74,playing,1
8.309,0.69,0,0.28899,0,199.75,playing,1
8.3253,0.69,0,0.35711,0,201.14,playing,1
8.3413,0.69,0,0.35711,0,202.73,playing,1
8.3576,-1.6626,0,0.35711,0,204.61,playing,1
8.3736,-1.6626,0,0.32836,0,206.76,playing,1
8.3901,-1.6626,0,0.32836,0,209.2,playing,1
8.4061,-2.3677,0,0.32836,0,212.11,playing,1
8.4225,-2.3677,0,0.32836,0,215.12,playing,1
8.4388,-2.5381,0,,0,218.42,playing,1
8.4559,-2.5381,0,,0,222.25,playing,1
8.4722,-2.5381,0,,0,226.39,playing,1
8.4881,-2.5381,0,0.29925,0,230.57,playing,1
8.5048,-2.5302,0,0.29925,0,235.03,playing,1
8.5215,-2.5302,0,0.29925,0,240.08,playing,1
8.5377,-15.3385,0,0.29925,0,245.13,playing,1
8.5548,-15.3385,0,0.29925,0,250.8,playing,1
8.5721,-29.7255,1,0.31693,0,256.79,playing,1
8.5885,-29.7255,0,0.31693,0,250.48,playing,1
8.6043,-29.7255,0,0.31693,0,244.82,playing,1
8.6208,-14.9921,0,0.31824,0,239.44,playing,1
8.6374,-14.9921,0,0.31824,0,234.05,playing,1
8.6533,-14.9921,0,0.31824,0,229.25,playing,1
8.6695,19.914,0,0.33602,0,224.74,playing,1
8.6855,19.914,0,0.33602,0,220.5,playing,1
8.7011,19.914,0,0.33602,0,216.55,playing,1
8.7176,19.873,0,0.33602,0,212.88,playing,1
8.7338,19.873,0,0.20614,0,209.49,playing,1
8.7511,19.873,0,0.20614,0,206.21,playing,1
8.7683,16.9713,0,0.20614,0,203.24,playing,1
8.7846,16.9713,0,0.19161,0,200.6,playing,1
8.801,13.2963,0,0.19161,0,198.39,playing,2
8.8181,13.2963,0,0.19161,0,196.36,playing,2
8.8345,13.2963,0,0.19161,1,194.65,playing,2
8.8514,9.7388,0,0.23179,0,193.25,playing,2
8.8672,9.7388,0,0.23179,0,192.22,playing,2
8.8837,9.7388,0,0.23179,0,191.47,playing,2
8.9013,1.6063,0,0.20919,0,191.01,playing,2
8.9182,1.6063,0,0.20919,0,190.84,playing,2
8.9347,0.0719,0,0.20919,0,190.99,playing,2
8.9511,0.0719,0,0.20919,0,191.42,playing,2
8.9691,0.0719,0,0.20919,0,192.2,playing,2
8.9851,-1.4346,0,0.29724,0,193.38,playing,2
9.002,-1.4346,0,0.29724,0,194.71,playing,2
9.0187,-1.4346,0,0.29724,0,196.43,playing,2
9.0356,-2.6524,0,0.29724,0,198.48,playing,2
9.0513,-2.6524,0,0.28853,0,200.69,playing,2
9.0675,-2.4533,0,0.28853,0,203.18,playing,2
9.0829,-2.4533,0,0.28853,0,205.95,playing,2
9.0997,-2.4533,0,0.28853,0,209.0,playing,2
9.1168,-3.1177,0,0.34713,0,212.56,playing,2
9.134,-3.1177,0,0.34713,0,216.44,playing,2
9.15,-3.1177,0,0.34713,0,220.64,playing,2
9.1663,-2.6219,0,0.31235,0,224.87,playing,2
9.1825,-2.6219,0,0.31235,0,229.39,playing,2
9.1996,-2.6219,0,0.31235,0,234.5,playing,2
9.2167,-2.2706,0,0.2923,0,239.93,playing,2
9.2329,-2.2706,0,0.2923,0,245.68,playing,2
9.2493,-2.0285,0,0.2923,0,251.37,playing,2
9.2652,-2.0285,0,0.33081,0,257.35,playing,2
9.2819,-2.0285,0,0.33081,0,263.6,playing,2
9.2987,-2.0075,0,0.33081,0,270.57,playing,2
9.3144,-2.0075,0,0.3284,0,277.41,playing,2
9.3304,-2.0075,0,0.3284,0,284.52,playing,2
9.3468,-28.9319,1,0.3284,0,291.92,playing,2
9.3633,-28.9319,0,0.32608,0,285.61,playing,2
9.38,-28.9319,0,0.32608,0,279.95,playing,2
9.3967,-24.3857,0,0.32608,0,274.26,playing,2
9.4134,-24.3857,0,0.32608,0,268.88,playing,2
9.4305,-1.576,0,0.19853,0,263.82,playing,2
9.4467,-1.576,0,0.19853,0,259.34,playing,2
9.4639,-1.576,0,0.19853,0,254.9,playing,2
9.4806,20.426,0,0.18534,0,250.78,playing,2
9.4965,20.426,0,0.18534,0,247.18,playing,2
9.5125,20.426,0,0.18534,0,243.86,playing,2
9.5288,17.3943,0,0.21307,0,240.82,playing,2
9.5465,17.3943,0,0.21307,0,237.91,playing,2
9.5623,14.0623,0,0.21307,0,235.32,playing,2
9.5788,10.473,0,0.16422,0,233.16,playing,2
9.596,10.473,0,0.16422,0,231.19,playing,2
9.6127,8.3012,0,0.16422,0,229.53,playing,2
9.6297,8.3012,0,0.1722,0,228.2,playing,2
9.6467,8.3012,0,0.1722,0,227.18,playing,2
9.664,5.4145,0,0.1722,0,226.47,playing,2
9.6802,5.4145,0,0.28628,1,226.09,playing,2
9.6959,5.4145,0,0.28628,0,226.01,playing,2
9.7123,3.3474,0,0.28628,0,226.21,playing,2
9.7283,3.3474,0,0.33889,0,226.69,playing,2
9.7445,-0.2504,0,0.33889,0,227.46,playing,2
9.7604,-0.2504,0,0.33889,0,228.51,playing,2
9.7772,-0.2504,0,0.32828,0,229.83,playing,2
9.7933,-0.2504,0,0.32828,0,231.56,playing,2
9.8098,-0.2504,0,0.32828,0,233.47,playing,2
9.827,-0.2504,0,0.31585,0,235.82,playing,2
9.8432,-1.9601,0,0.31585,0,238.48,playing,2
9.8601,-1.9601,0,0.31585,0,241.27,playing,2
9.8772,-2.0783,0,0.31585,0,244.55,playing,2
9.8937,-2.2713,0,0.31596,0,248.15,playing,2
9.9095,-2.2713,0,0.31596,0,251.82,playing,2
9.925,-2.5968,0,0.31596,0,255.77,playing,2
9.9416,-2.5968,0,0.34533,0,260.0,playing,2
9.9573,-2.5968,0,0.34533,0,264.52,playing,2
9.9738,-2.3304,0,0.34533,0,269.31,playing,2
9.9901,-2.3304,0,0.34533,0,274.72,playing,2
10.0064,-2.3304,0,0.34688,0,280.1,playing,2
10.0224,-22.0588,1,0.34688,0,285.76,playing,2
10.0388,-22.0588,0,0.34688,0,279.8,playing,2
10.0569,-22.0588,0,0.34688,0,273.79,playing,2
10.074,-30.8383,0,0.34412,0,267.78,playing,2
10.0905,-30.8383,0,0.34412,0,262.42,playing,2
10.1068,-19.169,0,0.34412,0,257.66,playing,2
10.1239,-19.169,0,0.31612,0,252.91,playing,2
10.1409,-19.169,0,0.31612,0,248.49,playing,2
10.1579,14.8271,0,0.31612,0,244.38,playing,2
10.1744,14.8271,0,0.32156,0,240.6,playing,2
10.1911,14.8271,0,0.32156,0,237.31,playing,2
10.2077,17.0653,0,0.32156,0,234.14,playing,2
10.2245,17.0653,0,0.15165,0,231.29,playing,2
10.2401,12.7393,0,0.15165,0,228.89,playing,2
10.2563,12.7393,0,0.15165,0,226.77,playing,2
10.2724,12.7393,0,0.1599,0,224.93,playing,2
10.2883,12.7393,0,0.1599,0,223.37,playing,2
10.3041,12.7393,0,0.1599,0,222.09,playing,2
10.3209,12.7393,0,0.22984,1,221.1,playing,2
10.3381,10.3607,0,0.22984,0,220.36,playing,2
10.3552,10.3607,0,0.22984,0,219.93,playing,2
10.3711,10.3607,0,0.22255,0,219.83,playing,2
10.3875,2.8962,0,0.22255,0,220.02,playing,2
10.4031,2.8962,0,0.22255,0,220.48,playing,2
10.4195,1.0387,0,0.22255,0,221.23,playing,2
10.4362,1.0387,0,0.22255,0,222.26,playing,2
10.4529,1.0387,0,0.22255,0,223.67,playing,2
10.4691,-1.5944,0,0.27852,0,225.4,playing,2
10.485,-1.5944,0,0.27852,0,227.31,playing,2
10.5017,-1.5944,0,0.27852,0,229.5,playing,2
10.5171,-1.486,0,0.27266,0,231.97,playing,2
10.5334,-1.486,0,0.27266,0,234.72,playing,2
10.5494,-1.486,0,0.27266,0,237.76,playing,2
10.5653,-1.9557,0,0.30033,0,241.07,playing,2
10.5819,-1.9557,0,0.30033,0,244.67,playing,2
10.5991,-2.3448,0,0.30033,0,248.81,playing,2
10.6161,-2.3448,0,0.35996,0,253.27,playing,2
10.6324,-2.3448,0,0.35996,0,258.05,playing,2
10.6486,-2.3448,0,0.35996,0,262.83,playing,3
10.6647,-2.3448,0,0.28516,0,267.89,playing,3
10.6813,-2.3448,0,0.28516,0,273.58,playing,3
10.698,-30.4506,1,0.28516,0,279.22,playing,3
10.715,-30.4506,0,0.30334,0,272.91,playing,3
10.7317,-29.2629,0,0.30334,0,266.91,playing,3
10.7487,-29.2629,0,0.30334,0,261.24,playing,3
10.7644,-29.2629,0,0.30334,0,256.18,playing,3
10.781,10.4416,0,0.30334,0,251.4,playing,3
10.7977,10.4416,0,0.30334,0,246.64,playing,3
10.8144,10.4416,0,0.30184,0,242.19,playing,3
10.8308,23.1284,0,0.30184,0,238.3,playing,3
10.8472,23.1284,0,0.30184,0,234.47,playing,3
10.864,23.1284,0,0.20457,0,231.15,playing,3
10.8805,21.6843,0,0.20457,0,227.94,playing,3
10.8963,21.6843,0,0.20457,0,225.21,playing,3
10.9124,18.4981,0,0.14115,0,222.75,playing,3
10.9285,14.6126,0,0.14115,0,220.58,playing,3
10.9444,14.6126,0,0.14115,0,218.68,playing,3
10.9603,10.0311,0,0.19771,0,217.07,playing,3
10.9762,10.0311,0,0.19771,0,215.74,playing,3
10.9928,10.0311,0,0.19771,0,214.69,playing,3
11.0099,4.2276,0,0.22183,1,213.9,playing,3
11.0261,4.2276,0,0.22183,0,213.42,playing,3
11.0421,4.2276,0,0.22183,0,213.25,playing,3
11.0584,1.973,0,0.26178,0,213.37,playing,3
11.0747,1.973,0,0.26178,0,213.76,playing,3
11.0909,1.973,0,0.26178,0,214.44,playing,3
11.1081,0.2884,0,0.25775,0,215.48,playing,3
11.1245,0.2884,0,0.25775,0,216.83,playing,3
11.1406,-1.7003,0,0.25775,0,218.39,playing,3
11.1561,-1.7003,0,0.25775,0,220.23,playing,3
11.1725,-1.7003,0,0.27717,0,222.35,playing,3
11.189,-2.2868,0,0.27717,0,224.75,playing,3
11.206,-2.2868,0,0.27717,0,227.62,playing,3
11.2223,-2.2868,0,0.26911,0,230.8,playing,3
11.2384,-2.9153,0,0.26911,0,234.09,playing,3
11.2545,-2.9153,0,0.26911,0,237.65,playing,3
11.2706,-2.9153,0,0.26148,0,241.49,playing,3
11.2873,-3.2299,0,0.26148,0,245.62,playing,3
11.3036,-3.2299,0,0.26148,0,250.32,playing,3
11.3197,-3.1938,0,0.36108,0,255.03,playing,3
11.3356,-3.1938,0,0.36108,0,260.02,playing,3
11.3517,-3.1938,0,0.36108,0,265.29,playing,3
11.3677,-3.8656,0,0.36108,0,270.84,playing,3
11.3834,-3.8656,0,0.33249,0,276.67,playing,3
11.3995,-3.8656,0,0.33249,0,282.79,playing,3
11.4153,-30.1942,1,0.33249,0,289.19,playing,3
11.4318,-30.1942,0,0.33249,0,283.23,playing,3
11.4488,-30.1942,0,0.34391,0,277.22,playing,3
11.4662,-20.391,0,0.34391,0,271.52,playing,3
11.4826,-20.391,0,0.34391,0,266.14,playing,3
11.4979,6.6031,0,0.32342,0,261.36,playing,3
11.5147,6.6031,0,0.32342,0,256.87,playing,3
11.5304,6.6031,0,0.32342,0,252.65,playing,3
11.5472,20.2404,0,0.28786,0,248.72,playing,3
11.5637,20.2404,0,0.28786,0,244.85,playing,3
11.58,20.2404,0,0.28786,0,241.5,playing,3
11.5967,18.1366,0,0.28786,0,238.25,playing,3
11.6137,18.1366,0,0.17632,0,235.33,playing,3
11.629,18.1366,0,0.17632,0,232.85,playing,3
11.6456,13.9681,0,0.17632,0,230.66,playing,3
11.6609,13.9681,0,0.28838,1,228.75,playing,3
11.6779,7.9862,0,0.28838,0,227.12,playing,3
11.6945,7.9862,0,0.28838,0,225.71,playing,3
11.7108,7.9862,0,0.26274,0,224.66,playing,3
11.7272,5.5851,0,0.26274,0,223.87,playing,3
11.7434,5.5851,0,0.26274,0,223.4,playing,3
11.7596,5.5851,0,0.26184,0,223.21,playing,3
11.7759,3.212,0,0.26184,0,223.31,playing,3
11.7923,3.212,0,0.26184,0,223.73,playing,3
11.8086,3.212,0,0.26184,0,224.41,playing,3
11.8257,-1.1507,0,0.26184,0,225.44,playing,3
11.8414,-1.1507,0,0.26184,0,226.7,playing,3
11.8576,-2.0709,0,0.30867,0,228.24,playing,3
11.8741,-2.0709,0,0.30867,0,230.19,playing,3
11.8906,-2.0709,0,0.30867,0,232.31,playing,3
11.9066,-2.2931,0,0.33897,0,234.71,playing,3
11.9239,-2.2931,0,0.33897,0,237.58,playing,3
11.9406,-2.2931,0,0.295,0,240.77,playing,3
11.9563,-2.7252,0,0.295,0,244.05,playing,3
11.9723,-2.7252,0,0.3189,0,247.62,playing,3
11.988,-2.7252,0,0.3189,0,251.46,playing,3
12.0046,-10.2568,0,0.31564,0,255.59,playing,3
12.0202,-10.2568,0,0.31564,0,260.0,playing,3
12.0366,-27.8001,1,0.25394,0,264.69,playing,3
12.0522,-29.0992,0,0.25394,0,258.73,playing,3
12.0687,-29.0992,0,0.25394,0,253.05,playing,3
12.0842,-19.259,0,0.25394,0,247.66,playing,3
12.1002,-19.259,0,0.19733,0,242.54,playing,3
12.1164,-19.259,0,0.19733,0,237.71,playing,3
12.1329,-19.259,0,0.15977,0,233.16,playing,3
12.149,-19.259,0,0.15977,0,228.64,playing,3
12.1655,-19.259,0,0.21075,0,224.67,playing,3
12.1812,-2.3254,0,0.21075,0,220.98,playing,3
12.1975,-2.3254,0,0.18093,0,217.58,playing,3
12.2134,-2.3254,0,0.18093,0,214.45,playing,3
12.2292,14.4507,0,0.15199,0,211.61,playing,3
12.245,14.4507,0,0.15199,0,209.05,playing,3
12.2621,11.1928,0,0.20585,0,206.77,playing,3
12.2782,11.1928,0,0.20585,0,204.66,playing,3
12.2946,11.1928,0,0.31672,1,202.96,playing,3
12.3106,8.8759,0,0.31672,0,201.55,playing,3
12.3259,8.8759,0,0.28585,0,200.41,playing,3
12.3428,8.8759,0,0.28585,0,199.56,playing,3
12.36,3.4372,0,0.25397,0,198.97,playing,3
12.3768,3.4372,0,0.25397,0,198.69,playing,3
12.3929,3.4372,0,0.25397,0,198.74,playing,3
12.4095,2.2959,0,0.25397,0,199.07,playing,3
12.4262,2.2959,0,0.30414,0,199.67,playing,3
12.4424,-0.9544,0,0.30414,0,200.63,playing,3
12.4585,-0.9544,0,0.30414,0,201.82,playing,3
12.4741,-0.9544,0,0.30414,0,203.29,playing,3
12.4903,-1.9603,0,0.28164,0,205.04,playing,4
12.5064,-1.9603,0,0.28164,0,207.07,playing,4
12.5229,-1.9603,0,0.35438,0,209.39,playing,4
12.5401,-2.5685,0,0.35438,0,212.16,playing,4
12.5563,-2.5685,0,0.33657,0,215.26,playing,4
12.572,-2.5685,0,0.33657,0,218.45,playing,4
12.5888,-2.5781,0,0.30493,0,221.93,playing,4
12.6056,-2.5781,0,0.30493,0,225.94,playing,4
12.622,-3.2235,0,0.34856,0,229.99,playing,4
12.6381,-3.2235,0,0.34856,0,234.62,playing,4
12.6549,-3.2235,0,0.34902,0,239.26,playing,4
12.6718,-17.4628,0,0.34902,0,244.5,playing,4
12.6881,-17.4628,0,0.35648,0,250.06,playing,4
12.7051,-17.4628,0,0.35648,0,255.58,playing,4
12.7213,-29.4877,1,0.3155,0,261.76,playing,4
12.7378,-29.4877,0,0.3155,0,255.8,playing,4
12.7544,-29.4877,0,0.34207,0,249.79,playing,4
12.7707,-25.4845,0,0.34207,0,244.41,playing,4
12.7872,-25.4845,0,0.27535,0,239.01,playing,4
12.8034,3.8337,0,0.27535,0,234.22,playing,4
12.819,3.8337,0,0.20646,0,229.7,playing,4
12.8359,3.8337,0,0.20646,0,225.47,playing,4
12.8519,17.2989,0,0.23842,1,221.29,playing,4
12.8691,17.2989,0,0.23842,0,217.64,playing,4
12.8857,17.2989,0,0.18524,0,214.07,playing,4
12.9025,20.099,0,0.18524,0,210.83,playing,4
12.919,20.099,0,0.19227,0,208.05,playing,4
12.9359,20.099,0,0.19227,0,205.43,playing,4
12.952,18.7523,0,0.25097,0,203.12,playing,4
12.968,18.7523,0,0.25097,0,201.22,playing,4
12.9846,11.8968,0,0.29011,0,199.61,playing,4
13.0006,11.8968,0,0.29011,0,198.28,playing,4
13.0172,11.8968,0,0.25346,0,197.23,playing,4
13.0335,5.5021,0,0.25346,0,196.44,playing,4
13.0491,5.5021,0,0.23475,0,195.97,playing,4
13.0659,5.5021,0,0.23475,0,195.79,playing,4
13.0821,3.1125,0,0.29025,0,195.91,playing,4
13.099,3.1125,0,0.29025,0,196.3,playing,4
13.1159,3.1125,0,0.35416,0,197.04,playing,4
13.132,1.2328,0,0.35416,0,198.1,playing,4
13.1485,1.2328,0,0.29828,0,199.37,playing,4
13.1645,-1.8782,0,0.29828,0,200.93,playing,4
13.1808,-1.8782,0,0.34312,0,202.77,playing,4
13.1974,-1.8782,0,0.34312,0,205.04,playing,4
13.2135,-2.1937,0,0.32884,0,207.46,playing,4
13.2291,-2.1937,0,0.32884,0,210.16,playing,4
13.2462,-2.1937,0,0.33707,0,213.14,playing,4
13.2622,-3.2026,0,0.33707,0,216.63,playing,4
13.279,-3.2026,0,0.33905,0,220.19,playing,4
13.2965,-3.1334,0,0.33905,0,224.29,playing,4
13.3126,-3.279,0,0.32689,0,228.71,playing,4
13.328,-3.279,0,0.32689,0,233.16,playing,4
13.3446,-2.5856,0,0.33115,0,237.88,playing,4
13.3601,-2.5856,0,0.33115,0,242.89,playing,4
13.3766,-2.5856,0,0.32451,0,248.18,playing,4
13.3928,-2.4244,0,0.32451,0,253.75,playing,4
13.4098,-2.4244,0,0.2923,0,259.98,playing,4
13.4266,-2.4244,0,0.2923,0,266.54,playing,4
13.4429,-2.744,0,0.29932,0,272.99,playing,4
13.4593,-2.744,0,0.29932,0,280.16,playing,4
13.4758,-2.744,0,0.33073,0,287.19,playing,4
13.4928,-2.9423,0,0.33073,0,294.97,playing,4
13.5097,-2.9423,0,0.29442,0,303.08,playing,4
13.527,-26.5746,1,0.29442,0,311.5,playing,4
13.5437,-26.5746,0,0.31585,0,305.19,playing,4
13.5603,-26.5746,0,0.31585,0,299.2,playing,4
13.5758,-12.1806,0,0.2298,0,293.84,playing,4
13.5923,-12.1806,0,0.2298,0,288.76,playing,4
13.6084,-12.1806,0,0.17145,0,283.96,playing,4
13.6249,10.2295,0,0.17145,0,279.45,playing,4
13.6415,10.2295,0,0.16249,0,274.97,playing,4
13.6576,17.6341,0,0.16249,0,271.03,playing,4
13.6731,17.6341,0,0.19336,0,267.38,playing,4
13.6897,17.6341,0,0.19336,0,264.01,playing,4
13.7063,14.6362,0,0.16974,0,260.74,playing,4
13.7229,14.6362,0,0.16974,0,257.95,playing,4
13.7394,14.6362,0,0.16335,0,255.31,playing,4
13.7555,10.7771,0,0.16335,0,253.1,playing,4
13.7716,10.7771,0,0.24721,1,251.17,playing,4
13.7876,10.7771,0,0.24721,0,249.52,playing,4
13.8044,8.4649,0,0.3453,0,248.09,playing,4
13.8206,8.4649,0,0.3453,0,247.03,playing,4
13.8372,6.1975,0,0.33135,0,246.21,playing,4
13.8533,3.6347,0,0.33135,0,245.73,playing,4
13.8699,3.6347,0,0.32334,0,245.52,playing,4
13.887,2.4739,0,0.32334,0,245.63,playing,4
13.9039,2.4739,0,0.28616,0,246.05,playing,4
13.9209,2.4739,0,0.28616,0,246.78,playing,4
13.937,-0.2328,0,0.29445,0,247.84,playing,4
13.9531,-0.2328,0,0.29445,0,249.11,playing,4
13.9697,-0.2328,0,0.34273,0,250.67,playing,4
13.9863,-1.3653,0,0.34273,0,252.64,playing,4
14.0019,-1.3653,0,0.30543,0,254.78,playing,4
14.0185,-1.8194,0,0.30543,0,257.2,playing,4
14.0345,-2.0834,0,0.3606,0,259.9,playing,4
14.0506,-2.0834,0,0.3606,0,262.88,playing,4
14.0663,-1.9997,0,0.36212,0,266.15,playing,4
14.0823,-1.9997,0,0.36212,0,269.69,playing,4
14.0979,-1.9997,0,0.36104,0,273.52,playing,4
14.1139,-2.299,0,0.36104,0,277.63,playing,4
14.131,-2.299,0,0.32377,0,282.02,playing,4
14.1476,-2.299,0,0.32377,0,287.0,playing,4
14.1631,-12.6942,0,0.3506,0,291.97,playing,4
14.1792,-12.6942,0,0.3506,0,297.23,playing,4
14.1953,-12.6942,0,0.32031,0,302.76,playing,4
14.2115,-30.4918,1,0.32031,0,308.58,playing,4
14.2276,-30.4918,0,0.2087,0,302.62,playing,4
14.2432,-9.357,0,0.2087,0,296.94,playing,4
14.2593,-9.357,0,0.21299,0,291.55,playing,4
14.2754,-9.357,0,0.21299,0,286.43,playing,4
14.2915,11.6005,0,0.20115,0,281.6,playing,4
14.3081,11.6005,0,0.20115,0,277.05,playing,4
14.3247,11.6005,0,0.17116,0,272.53,playing,4
14.3403,17.9063,0,0.17116,0,268.56,playing,5
14.3565,17.9063,0,0.13899,0,264.88,playing,5
14.3721,17.9063,0,0.13899,0,261.47,playing,5
14.3889,14.9877,0,0.17251,0,258.34,playing,5
14.4058,14.9877,0,0.17251,0,255.34,playing,5
14.422,11.6023,0,0.22584,1,252.66,playing,5
14.4391,11.6023,0,0.22584,0,250.41,playing,5
14.4557,11.6023,0,0.3451,0,248.35,playing,5
14.4726,5.6815,0,0.3451,0,246.6,playing,5
14.4883,5.6815,0,0.24986,0,245.23,playing,5
14.5049,5.6815,0,0.24986,0,244.15,playing,5
14.5222,3.7399,0,0.24986,0,243.32,playing,5
14.5382,3.7399,0,0.27791,0,242.8,playing,5
14.5541,3.7399,0,0.27791,0,242.6,playing,5
14.5702,-0.1172,0,0.30159,0,242.68,playing,5
14.5866,-0.1172,0,0.30159,0,243.04,playing,5
14.6022,-1.5009,0,0.305,0,243.68,playing,5
14.6183,-1.5009,0,0.305,0,244.6,playing,5
14.6351,-1.5009,0,0.28999,0,245.81,playing,5
14.6517,-1.8557,0,0.28999,0,247.4,playing,5
14.6675,-1.8557,0,0.30626,0,249.19,playing,5
14.683,-1.8557,0,0.30626,0,251.26,playing,5
14.6991,-3.1779,0,0.30762,0,253.6,playing,5
14.716,-3.1779,0,0.30762,0,256.24,playing,5
14.732,-3.1779,0,0.37365,0,259.35,playing,5
14.7485,-2.6301,0,0.37365,0,262.56,playing,5
14.765,-2.6301,0,0.35648,0,266.05,playing,5
14.7819,-4.0557,0,0.35648,0,270.08,playing,5
14.7981,-29.674,1,0.35705,0,274.43,playing,5
14.8146,-29.674,0,0.35705,0,268.47,playing,5
14.8307,-32.9111,0,0.30726,0,262.79,playing,5
14.8468,-32.9111,0,0.30726,0,257.4,playing,5
14.8633,-32.9111,0,0.21498,0,251.98,playing,5
14.8792,-12.1688,0,0.21498,0,247.17,playing,5
14.895,-12.1688,0,0.21206,0,242.64,playing,5
14.9111,-12.1688,0,0.21206,0,238.38,playing,5
14.9275,17.7575,0,0.2177,0,234.41,playing,5
14.944,17.7575,0,0.2177,0,230.73,playing,5
14.961,16.6542,0,0.20013,0,227.13,playing,5
14.9771,16.6542,0,0.20013,0,223.84,playing,5
14.9932,16.6542,0,0.23396,1,221.04,playing,5
15.01,11.0965,0,0.23396,0,218.51,playing,5
15.0272,11.0965,0,0.31206,0,216.14,playing,5
15.0431,11.0965,0,0.31206,0,214.09,playing,5
15.0594,8.3062,0,0.31925,0,212.45,playing,5
15.0758,8.3062,0,0.31925,0,211.08,playing,5
15.0927,8.3062,0,0.35521,0,209.95,playing,5
15.1097,6.0322,0,0.35521,0,209.14,playing,5
15.1262,6.0322,0,0.35335,0,208.64,playing,5
15.1426,3.3849,0,0.35335,0,208.45,playing,5
15.1597,3.3849,0,0.29276,0,208.58,playing,5
15.1761,3.3849,0,0.33481,0,208.97,playing,5
15.1921,0.6071,0,0.33481,0,209.71,playing,5
15.2082,0.6071,0,0.33481,0,210.68,playing,5
15.2241,0.6071,0,0.33481,0,211.94,playing,5
15.2407,-1.0706,0,0.34559,0,213.48,playing,5
15.257,-1.0706,0,0.34559,0,215.3,playing,5
15.2736,-1.0706,0,0.36037,0,217.55,playing,5
15.2897,-2.1938,0,0.36037,0,219.96,playing,5
15.3052,-2.1938,0,0.31242,0,222.64,playing,5
15.3217,-3.6931,0,0.31242,0,225.6,playing,5
15.3372,-3.6931,0,0.37247,0,228.85,playing,5
15.3534,-3.6931,0,0.37247,0,232.38,playing,5
15.3698,-28.5791,1,0.34627,0,236.19,playing,5
15.3874,-28.5791,0,0.34627,0,229.88,playing,5
15.4036,-28.5791,0,0.35456,0,223.88,playing,5
15.42,-23.9454,0,0.35456,0,218.52,playing,5
15.4368,-23.9454,0,0.13723,0,213.14,playing,5
15.4542,-23.9454,0,0.13723,0,208.09,playing,5
15.4706,12.0319,0,0.16169,0,203.34,playing,5
15.4864,12.0319,0,0.16169,0,199.16,playing,5
15.503,18.9507,0,0.1706,0,195.26,playing,5
15.52,18.9507,0,0.1706,0,191.44,playing,5
15.5361,18.9507,0,0.23081,1,187.93,playing,5
15.552,14.9668,0,0.23081,0,184.91,playing,5
15.5688,14.9668,0,0.18112,0,182.18,playing,5
15.5855,14.9668,0,0.18112,0,179.58,playing,5
15.6015,12.0649,0,0.1829,0,177.43,playing,5
15.6176,12.0649,0,0.1829,0,175.55,playing,5
15.6336,12.0649,0,0.25539,0,173.96,playing,5
15.6508,9.65,0,0.25539,0,172.58,playing,5
15.6673,9.65,0,0.26204,0,171.53,playing,5
15.6839,4.3159,0,0.26204,0,170.81,playing,5
15.7006,4.3159,0,0.3077,0,170.37,playing,5
15.7168,4.3159,0,0.3077,0,170.24,playing,5
15.7336,2.0746,0,0.26935,0,170.42,playing,5
15.7506,2.0746,0,0.26935,0,170.91,playing,5
15.7668,2.0746,0,0.2802,0,171.66,playing,5
15.7839,0.3173,0,0.2802,0,172.77,playing,5
15.8001,0.3173,0,0.30493,0,174.2,playing,5
15.8161,-1.1346,0,0.30493,0,175.83,playing,5
15.8329,-2.2059,0,0.29673,0,177.74,playing,5
15.85,-2.2059,0,0.29673,0,180.08,playing,5
15.8664,-2.661,0,0.29757,0,182.75,playing,5
15.8824,-2.661,0,0.29757,0,185.53,playing,5
15.8986,-2.661,0,0.29087,0,188.6,playing,5
15.9159,-3.0628,0,0.29087,0,192.18,playing,5
15.9325,-3.0628,0,0.29087,0,196.08,playing,5
15.9489,-3.0628,0,0.29087,0,200.03,playing,5
15.9654,-20.9039,1,0.33394,0,204.55,playing,5
15.9815,-20.9039,0,0.33394,0,198.59,playing,5
15.9978,-24.6315,0,0.24283,0,192.91,playing,5
16.0139,-24.6315,0,0.24283,0,187.2,playing,5
16.0305,-24.6315,0,0.17428,0,182.1,playing,5
16.0465,-12.5412,0,0.17428,0,177.29,playing,5
16.0629,-12.5412,0,0.19007,0,172.76,playing,5
16.0791,-12.5412,0,0.19007,0,168.26,playing,5
16.0955,14.5454,0,0.18661,0,164.31,playing,5
16.1117,14.5454,0,0.18661,0,160.64,playing,5
16.1284,14.5454,0,0.15093,0,157.05,playing,5
16.1448,19.4127,0,0.15093,0,153.96,playing,5
16.1619,19.4127,0,0.21342,0,151.0,playing,5
16.1786,15.3484,0,0.21342,0,148.35,playing,5
16.195,15.3484,0,0.1656,0,146.14,playing,6
16.2117,15.3484,0,0.1656,0,144.11,playing,6
16.2278,11.2423,0,0.32161,1,142.48,playing,6
16.2449,11.2423,0,0.32161,0,141.07,playing,6
16.2612,11.2423,0,0.24163,0,139.98,playing,6
16.2771,5.5064,0,0.24163,0,139.23,playing,6
16.2931,5.5064,0,0.24163,0,138.76,playing,6
16.31,5.5064,0,0.24163,0,138.58,playing,6
16.3264,2.5601,0,0.26977,0,138.7,playing,6
16.3429,2.5601,0,0.26977,0,139.09,playing,6
16.3596,-0.858,0,0.33663,0,139.83,playing,6
16.3755,-0.858,0,0.33663,0,140.8,playing,6
16.3922,-0.858,0,0.33663,0,142.06,playing,6
16.4081,-1.8965,0,0.28995,0,143.72,playing,6
16.4246,-1.8965,0,0.28995,0,145.56,playing,6
16.4412,-1.8965,0,0.30151,0,147.83,playing,6
16.4583,-2.1006,0,0.30151,0,150.25,playing,6
16.4743,-2.1006,0,0.28614,0,153.13,playing,6
16.4909,-2.1006,0,0.28614,0,156.13,playing,6
16.5074,-3.0181,0,0.29995,0,159.64,playing,6
16.5246,-3.0181,0,0.29995,0,163.22,playing,6
16.5416,-3.0871,0,0.35548,0,167.6,playing,6
16.5571,-3.0871,0,0.35548,0,171.78,playing,6
16.573,-3.0871,0,0.31423,0,176.24,playing,6
16.59,-2.878,0,0.31423,0,180.99,playing,6
16.606,-2.878,0,0.36982,0,186.34,playing,6
16.6221,-2.878,0,0.36982,0,191.67,playing,6
16.6384,-2.7269,0,0.36982,0,197.27,playing,6
16.6544,-2.7269,0,0.36982,0,203.16,playing,6
16.6708,-2.7269,0,0.36572,0,209.33,playing,6
16.6869,-1.985,0,0.36572,0,216.2,playing,6
16.7031,-1.985,0,0.29224,0,222.95,playing,6
16.7197,-1.9666,0,0.29224,0,229.98,playing,6
16.7368,-1.9666,0,0.33156,0,237.76,playing,6
16.7533,-1.9666,0,0.33156,0,245.87,playing,6
16.7698,-1.8578,0,0.30461,0,253.78,playing,6
16.786,-1.8578,0,0.30461,0,262.5,playing,6
16.802,-1.8578,0,0.28676,0,270.99,playing,6
16.8186,-30.8194,1,0.28676,0,279.77,playing,6
16.8341,-30.8194,0,0.22609,0,273.81,playing,6
16.8511,-27.9653,0,0.22609,0,268.13,playing,6
16.8671,-27.9653,0,0.15936,0,262.42,playing,6
16.8831,-27.9653,0,0.15936,0,257.32,playing,6
16.8998,-27.9653,0,0.17202,0,252.51,playing,6
16.9164,-27.9653,0,0.17202,0,247.71,playing,6
16.9319,-27.9653,0,0.17202,0,243.48,playing,6
16.9482,22.5436,0,0.17448,0,239.52,playing,6
16.965,22.5436,0,0.17448,0,235.85,playing,6
16.9812,22.5436,0,0.17448,0,232.27,playing,6
16.9973,24.6039,0,0.1606,0,229.18,playing,6
17.0134,24.6039,0,0.1606,0,226.38,playing,6
17.0299,24.6039,0,0.1606,0,223.85,playing,6
17.046,17.0646,0,0.1606,0,221.48,playing,6
17.0626,17.0646,0,0.1606,0,219.54,playing,6
17.0786,12.7923,0,0.1606,0,217.87,playing,6
17.0947,12.7923,0,0.16541,0,216.49,playing,6
17.1113,12.7923,0,0.16541,0,215.34,playing,6
17.1273,5.658,0,0.16541,0,214.54,playing,6
17.144,5.658,0,0.19676,0,214.02,playing,6
17.1601,5.658,0,0.19676,0,213.78,playing,6
17.1766,3.1171,0,0.19676,0,213.84,playing,6
17.1927,3.1171,0,0.29137,1,214.19,playing,6
17.2088,3.1171,0,0.29137,0,214.87,playing,6
17.2259,-0.073,0,0.29137,0,215.79,playing,6
17.2425,-0.073,0,0.31672,0,217.09,playing,6
17.2586,-2.0162,0,0.31672,0,218.59,playing,6
17.2746,-2.0162,0,0.31672,0,220.38,playing,6
17.2908,-2.0162,0,0.33396,0,222.45,playing,6
17.3078,-2.2439,0,0.33396,0,224.96,playing,6
17.3249,-2.2439,0,0.33396,0,227.79,playing,6
17.3416,-2.2439,0,0.34392,0,230.94,playing,6
17.3577,-3.1302,0,0.34392,0,234.19,playing,6
17.3748,-3.1302,0,0.34392,0,237.96,playing,6
17.392,-3.1302,0,0.34392,0,242.04,playing,6
17.4085,-3.4548,0,0.34392,0,246.45,playing,6
17.4246,-3.4548,0,0.34392,0,250.87,playing,6
17.4406,-3.2445,0,0.37493,0,255.58,playing,6
17.4567,-3.2445,0,0.37493,0,260.57,playing,6
17.4732,-3.2445,0,0.37493,0,266.19,playing,6
17.4899,-3.2063,0,0.33644,0,271.75,playing,6
17.5069,-3.2063,0,0.33644,0,277.99,playing,6
17.5232,-3.2063,0,0.33644,0,284.54,playing,6
17.5393,-2.6914,0,0.34876,0,290.99,playing,6
17.5554,-2.6914,0,0.34876,0,297.72,playing,6
17.572,-2.7181,0,0.34876,0,304.74,playing,6
17.5887,-2.1809,0,0.34876,0,312.51,playing,6
17.6048,-2.1809,0,0.33416,0,320.1,playing,6
17.6221,-2.0992,0,0.33416,0,328.49,playing,6
17.6392,-2.0992,0,0.33416,0,337.19,playing,6
17.6553,-2.0992,0,0.34751,0,346.21,playing,6
17.6715,-17.0003,0,0.34751,0,354.98,playing,6
17.6876,-17.0003,0,0.34751,0,364.04,playing,6
17.7037,-17.0003,0,0.34401,0,373.38,playing,6
17.7203,-17.5729,1,0.34401,0,383.61,playing,6
17.7365,-17.5729,0,0.34401,0,377.65,playing,6
17.7526,4.1994,0,0.35141,0,371.98,playing,6
17.7681,4.1994,0,0.35141,0,366.58,playing,6
17.7842,4.1994,0,0.35141,0,361.47,playing,6
17.8008,12.1405,0,0.21836,0,356.64,playing,6
17.8173,12.1405,0,0.21836,0,351.82,playing,6
17.8339,12.1405,0,0.21836,0,347.57,playing,6
17.8504,10.2414,0,0.27654,1,343.37,playing,6
17.866,10.2414,0,0.27654,0,339.7,playing,6
17.8826,10.2414,0,0.27654,0,336.31,playing,6
17.8987,9.7906,0,0.21424,0,333.2,playing,6
17.9147,9.7906,0,0.21424,0,330.38,playing,6
17.9318,9.0111,0,0.21424,0,327.69,playing,6
17.9489,9.0111,0,0.26247,0,325.33,playing,6
17.9655,9.0111,0,0.26247,0,323.28,playing,6
17.9816,7.127,0,0.26247,0,321.63,playing,6
17.9977,7.127,0,0.28266,0,320.27,playing,6
18.0148,7.127,0,0.28266,0,319.14,playing,6
18.0318,4.3438,0,0.28266,0,318.32,playing,6
18.0485,4.3438,0,0.34772,0,317.83,playing,7
18.0645,4.3438,0,0.34772,0,317.64,playing,7
18.0806,2.5509,0,0.34772,0,317.74,playing,7
18.0967,2.5509,0,0.34005,0,318.11,playing,7
18.1138,-0.2234,0,0.34005,0,318.83,playing,7
18.131,-0.2234,0,0.34005,0,319.87,playing,7
18.1476,-0.2234,0,0.35141,0,321.22,playing,7
18.1637,-3.1204,0,0.35141,0,322.78,playing,7
18.1798,-3.1204,0,0.35141,0,324.62,playing,7
18.196,-3.1204,0,0.31585,0,326.89,playing,7
18.2125,-24.3255,1,0.31585,0,329.31,playing,7
18.2286,-24.3255,0,0.31585,0,323.35,playing,7
18.2462,-27.6684,0,0.34572,0,317.34,playing,7
18.2628,-23.1199,0,0.34572,0,311.64,playing,7
18.2799,-23.1199,0,0.34572,0,306.27,playing,7
18.296,-16.0236,0,0.34572,0,301.21,playing,7
18.3125,-16.0236,0,0.35687,0,296.73,playing,7
18.3286,-16.0236,0,0.35687,0,292.53,playing,7
18.3447,22.2958,0,0.35687,0,288.61,playing,7
18.3603,22.2958,0,0.27492,0,284.98,playing,7
18.3758,22.2958,0,0.27492,0,281.62,playing,7
18.3924,24.8455,0,0.27492,0,278.55,playing,7
18.408,24.8455,0,0.20162,0,275.76,playing,7
18.425,24.8455,0,0.20162,0,273.25,playing,7
18.4416,21.4697,0,0.20162,0,270.9,playing,7
18.4572,21.4697,0,0.2809,1,268.98,playing,7
18.4732,12.4131,0,0.2809,0,267.33,playing,7
18.4894,12.4131,0,0.2809,0,265.97,playing,7
18.505,12.4131,0,0.27264,0,264.88,playing,7
18.522,8.7183,0,0.27264,0,264.08,playing,7
18.5386,8.7183,0,0.27264,0,263.55,playing,7
18.5541,8.7183,0,0.27264,0,263.33,playing,7
18.5702,2.7786,0,0.31306,0,263.39,playing,7
18.5868,2.7786,0,0.31306,0,263.73,playing,7
18.6033,2.7786,0,0.31306,0,264.41,playing,7
18.6194,0.0025,0,0.24327,0,265.33,playing,7
18.635,0.0025,0,0.24327,0,266.54,playing,7
18.6511,0.0025,0,0.24327,0,268.02,playing,7
18.6676,-2.4384,0,0.25825,0,269.79,playing,7
18.6833,-2.4384,0,0.25825,0,271.84,playing,7
18.6989,-3.7453,0,0.25825,0,274.17,playing,7
18.7154,-3.7453,0,0.26961,0,276.79,playing,7
18.7315,-3.7453,0,0.26961,0,279.68,playing,7
18.7471,-4.5253,0,0.26961,0,282.86,playing,7
18.7641,-4.5253,0,0.26961,0,286.31,playing,7
18.7817,-4.5253,0,0.26509,0,290.56,playing,7
18.7978,-32.9346,1,0.26509,0,294.62,playing,7
18.8143,-32.9346,0,0.26509,0,288.3,playing,7
18.8304,-32.9346,0,0.30331,0,282.65,playing,7
18.846,-30.6625,0,0.30331,0,277.27,playing,7
18.8625,-30.6625,0,0.30331,0,272.17,playing,7
18.8786,-21.2997,0,0.27623,0,267.36,playing,7
18.8952,-21.2997,0,0.27623,0,262.56,playing,7
18.9117,-21.2997,0,0.27623,0,258.33,playing,7
18.9283,19.4216,0,0.27623,0,254.15,playing,7
18.9443,19.4216,0,0.17238,0,250.49,playing,7
18.9604,19.4216,0,0.17238,0,247.12,playing,7
18.9769,21.7748,0,0.17238,0,244.03,playing,7
18.9935,21.7748,0,0.20187,0,241.07,playing,7
19.01,21.7748,0,0.20187,0,238.56,playing,7
19.0262,15.6882,0,0.19704,0,236.21,playing,7
19.0429,15.6882,0,0.19704,0,234.28,playing,7
19.0602,11.9285,0,0.17519,0,232.55,playing,7
19.0766,11.9285,0,0.17519,1,231.14,playing,7
19.0931,11.9285,0,0.24565,0,230.05,playing,7
19.11,8.3136,0,0.26626,0,229.3,playing,7
19.127,8.3136,0,0.26626,0,228.82,playing,7
19.1436,8.3136,0,0.26515,0,228.66,playing,7
19.1602,2.8253,0,0.26515,0,228.82,playing,7
19.1768,2.8253,0,0.26515,0,229.25,playing,7
19.1939,0.8051,0,0.25528,0,230.02,playing,7
19.2104,0.8051,0,0.25878,0,231.12,playing,7
19.227,0.8051,0,0.25878,0,232.43,playing,7
19.2435,-1.9467,0,0.25878,0,234.14,playing,7
19.2601,-1.9467,0,0.27693,0,236.16,playing,7
19.2772,-1.9467,0,0.27693,0,238.35,playing,7
19.2948,-2.8173,0,0.29317,0,241.18,playing,7
19.3119,-2.8173,0,0.29317,0,244.16,playing,7
19.3285,-30.438,1,0.28522,0,247.46,playing,7
19.3457,-30.438,0,0.28522,0,241.5,playing,7
19.3623,-30.438,0,0.33392,0,235.15,playing,7
19.3784,-31.2521,0,0.33392,0,229.79,playing,7
19.3944,-31.2521,0,0.33661,0,224.71,playing,7
19.4105,-31.2521,0,0.33661,0,219.92,playing,7
19.4266,-21.5851,0,0.24396,0,215.4,playing,7
19.4427,-21.5851,0,0.24396,0,211.17,playing,7
19.4583,-21.5851,0,0.18178,0,207.22,playing,7
19.4744,10.1109,0,0.18178,0,203.55,playing,7
19.4905,10.1109,0,0.2224,1,200.16,playing,7
19.5061,10.1109,0,0.2224,0,197.05,playing,7
19.5226,18.7302,0,0.18105,0,194.22,playing,7
19.5397,18.7302,0,0.18105,0,191.54,playing,7
19.5563,20.6609,0,0.16096,0,189.17,playing,7
19.5728,20.6609,0,0.16096,0,187.23,playing,7
19.5894,20.6609,0,0.20186,0,185.48,playing,7
19.6058,14.1567,0,0.20186,0,184.11,playing,7
19.6231,14.1567,0,0.26653,0,182.98,playing,7
19.6394,14.1567,0,0.26653,0,182.17,playing,7
19.6552,10.6584,0,0.24572,0,181.68,playing,7
19.6719,10.6584,0,0.24572,0,181.48,playing,7
19.6882,3.7984,0,0.31012,0,181.58,playing,7
19.7051,3.7984,0,0.31012,0,181.96,playing,7
19.7213,3.7984,0,0.30869,0,182.68,playing,7
19.7374,1.2934,0,0.30869,0,183.64,playing,7
19.7538,1.2934,0,0.34428,0,184.88,playing,7
19.7707,1.2934,0,0.34428,0,186.51,playing,7
19.7877,-1.2934,0,0.29726,0,188.46,playing,7
19.8032,-1.2934,0,0.29726,0,190.58,playing,7
19.8192,-1.2934,0,0.3094,0,192.99,playing,7
19.8359,-1.2934,0,0.3094,0,195.67,playing,7
19.8523,-1.2934,0,0.31565,0,198.84,playing,7
19.8678,-2.6025,0,0.31565,0,202.1,playing,7
19.8847,-2.6025,0,0.30341,0,205.65,playing,7
19.9015,-2.6025,0,0.30341,0,209.73,playing,8
19.9177,-3.3245,0,0.32441,0,213.86,playing,8
19.9345,-3.3245,0,0.32441,0,218.56,playing,8
19.9506,-3.3245,0,0.35027,0,223.27,playing,8
19.9666,-3.3274,0,0.35027,0,228.26,playing,8
19.9827,-3.3274,0,0.31149,0,233.53,playing,8
19.9998,-3.3274,0,0.31149,0,239.45,playing,8
20.0166,-3.3631,0,0.3192,0,245.68,playing,8
20.0323,-3.3631,0,0.3192,0,251.83,playing,8
20.0482,-6.4257,0,0.29473,0,258.26,playing,8
20.065,-6.4257,0,0.29473,0,264.98,playing,8
20.081,-6.4257,0,0.33681,0,272.43,playing,8
20.0977,-33.2808,1,0.33681,0,279.72,playing,8
20.1142,-33.2808,0,0.30296,0,273.41,playing,8
20.1301,-33.2808,0,0.30296,0,267.75,playing,8
20.1464,-20.0479,0,0.24272,0,262.37,playing,8
20.1622,-20.0479,0,0.24272,0,257.28,playing,8
20.1785,-20.0479,0,0.21791,0,252.46,playing,8
20.1948,3.0913,0,0.21791,0,247.93,playing,8
20.2119,3.0913,0,0.29272,1,243.43,playing,8
20.2297,23.1809,0,0.29272,0,239.25,playing,8
20.2466,23.1809,0,0.24591,0,235.18,playing,8
20.2621,23.1809,0,0.24591,0,231.85,playing,8
20.2784,20.555,0,0.27257,0,228.79,playing,8
20.2941,20.555,0,0.27257,0,226.02,playing,8
20.3109,20.555,0,0.18636,0,223.53,playing,8
20.3277,15.9229,0,0.18636,0,221.2,playing,8
20.3438,15.9229,0,0.30134,0,219.29,playing,8
20.3606,15.9229,0,0.30134,0,217.58,playing,8
20.377,11.6503,0,0.31349,0,216.25,playing,8
20.394,11.6503,0,0.31349,0,215.15,playing,8
20.4101,5.3441,0,0.32147,0,214.38,playing,8
20.4259,5.3441,0,0.32147,0,213.93,playing,8
20.4427,5.3441,0,0.31321,0,213.76,playing,8
20.4593,0.8738,0,0.31321,0,213.9,playing,8
20.4759,0.8738,0,0.32432,0,214.31,playing,8
20.4927,0.8738,0,0.32432,0,215.07,playing,8
20.5098,-0.7335,0,0.32659,0,216.14,playing,8
20.5263,-0.7335,0,0.32659,0,217.53,playing,8
20.5425,-2.0484,0,0.30831,0,219.13,playing,8
20.5587,-2.0484,0,0.30831,0,221.0,playing,8
20.5762,-2.0484,0,0.31459,0,223.31,playing,8
20.5924,-2.6774,0,0.31459,0,225.93,playing,8
20.6089,-2.6774,0,0.29702,0,228.69,playing,8
20.6254,-2.6774,0,0.29702,0,231.93,playing,8
20.6414,-3.0646,0,0.31166,0,235.27,playing,8
20.657,-3.0646,0,0.31166,0,238.88,playing,8
20.6732,-3.0646,0,0.31602,0,242.78,playing,8
20.6895,-3.0155,0,0.31602,0,246.96,playing,8
20.7061,-3.0155,0,0.2927,0,251.42,playing,8
20.7226,-3.1035,0,0.2927,0,256.48,playing,8
20.7386,-3.1035,0,0.32924,0,261.52,playing,8
20.7545,-3.1035,0,0.32924,0,266.84,playing,8
20.771,-10.2265,0,0.35613,0,272.45,playing,8
20.7877,-10.2265,0,0.35613,0,278.72,playing,8
20.8042,-10.2265,0,0.35853,0,284.9,playing,8
20.8207,-33.4026,1,0.35853,0,291.79,playing,8
20.8366,-33.4026,0,0.34169,0,285.84,playing,8
20.8528,-33.4026,0,0.34169,0,280.16,playing,8
20.8692,-31.8158,0,0.19438,0,274.45,playing,8
20.886,-31.8158,0,0.19438,0,269.35,playing,8
20.9025,7.7665,0,0.21021,0,264.25,playing,8
20.9195,7.7665,0,0.21021,0,259.47,playing,8
20.9351,7.7665,0,0.21505,0,255.26,playing,8
20.9518,23.8379,0,0.21505,0,251.32,playing,8
20.9673,23.8379,0,0.15107,0,247.67,playing,8
20.9839,23.8379,0,0.15107,0,244.3,playing,8
21.0001,20.0448,0,0.18174,0,241.04,playing,8
21.0161,20.0448,0,0.18174,0,238.25,playing,8
21.0325,20.0448,0,0.2867,1,235.74,playing,8
21.0484,16.7741,0,0.2867,0,233.51,playing,8
21.0645,16.7741,0,0.28389,0,231.56,playing,8
21.0802,16.7741,0,0.28389,0,229.9,playing,8
21.0964,12.8239,0,0.26978,0,228.52,playing,8
21.1129,12.8239,0,0.26978,0,227.42,playing,8
21.1301,5.7124,0,0.29799,0,226.57,playing,8
21.1485,5.7124,0,0.29799,0,226.03,playing,8
21.1644,5.7124,0,0.31503,0,225.82,playing,8
21.1809,3.0628,0,0.31503,0,225.92,playing,8
21.1982,3.0628,0,0.33156,0,226.38,playing,8
21.2147,3.0628,0,0.33156,0,227.08,playing,8
21.2308,-1.374,0,0.34541,0,228.05,playing,8
21.2475,-1.374,0,0.34541,0,229.41,playing,8
21.2635,-2.4073,0,0.31318,0,230.97,playing,8
21.2791,-2.4073,0,0.31318,0,232.8,playing,8
21.2956,-2.4073,0,0.3263,0,234.92,playing,8
21.3112,-2.9558,0,0.3263,0,237.33,playing,8
21.3273,-2.9558,0,0.32874,0,240.01,playing,8
21.3431,-2.9558,0,0.32874,0,242.97,playing,8
21.3597,-4.2498,0,0.29754,0,246.22,playing,8
21.3764,-4.2498,0,0.29754,0,249.99,playing,8
21.3926,-4.2498,0,0.32645,0,253.81,playing,8
21.4081,-4.0882,0,0.32645,0,257.92,playing,8
21.4247,-4.0882,0,0.34077,0,262.31,playing,8
21.4415,-11.1582,0,0.34077,0,267.3,playing,8
21.4576,-11.1582,0,0.34559,0,272.27,playing,8
21.4734,-11.1582,0,0.34559,0,277.52,playing,8
21.4895,-26.4062,1,0.21057,0,283.05,playing,8
21.5054,-26.4062,0,0.21057,0,277.1,playing,8
21.5215,-26.4062,0,0.16459,0,271.42,playing,8
21.5378,-23.3122,0,0.16459,0,266.02,playing,8
21.5537,-23.3122,0,0.16459,0,260.91,playing,8
21.5692,-23.3122,0,0.20939,0,256.08,playing,8
21.5857,4.6821,0,0.20939,0,251.53,playing,8
21.6016,4.6821,0,0.20066,0,247.26,playing,8
21.6173,4.6821,0,0.20066,0,243.27,playing,8
21.6334,22.3812,0,0.19978,0,239.57,playing,8
21.6493,22.3812,0,0.19978,0,236.14,playing,8
21.6654,22.3812,0,0.28565,1,233.0,playing,8
21.6812,20.4609,0,0.28565,0,230.14,playing,8
21.6973,20.4609,0,0.20025,0,227.56,playing,8
21.7129,16.2787,0,0.20025,0,225.26,playing,8
21.73,16.2787,0,0.17142,0,223.25,playing,8
21.7468,16.2787,0,0.17142,0,221.42,playing,9
21.7634,11.9589,0,0.1916,0,219.92,playing,9
21.7795,11.9589,0,0.1916,0,218.78,playing,9
21.7954,11.9589,0,0.32344,0,217.93,playing,9
21.8119,5.9647,0,0.32344,0,217.35,playing,9
21.828,5.9647,0,0.31818,0,217.06,playing,9
21.8446,5.9647,0,0.31818,0,217.07,playing,9
21.8602,2.9423,0,0.25374,0,217.36,playing,9
21.8773,2.9423,0,0.25374,0,217.93,playing,9
21.894,-0.3508,0,0.31672,0,218.86,playing,9
21.91,-0.3508,0,0.31672,0,220.1,playing,9
21.9259,-0.3508,0,0.31672,0,221.55,playing,9
21.942,-1.7706,0,0.31672,0,223.28,playing,9
21.9581,-1.7706,0,0.31672,0,225.3,playing,9
21.9743,-1.7706,0,0.26232,0,227.59,playing,9
21.9905,-2.544,0,0.26232,0,230.17,playing,9
22.006,-2.544,0,0.3242,0,233.03,playing,9
22.0228,-2.544,0,0.3242,0,236.17,playing,9
22.0394,-2.9943,0,0.31929,0,239.83,playing,9
22.0554,-2.9943,0,0.31929,0,243.55,playing,9
22.072,-3.1705,0,0.26953,0,247.55,playing,9
22.0885,-3.1705,0,0.26953,0,252.12,playing,9
22.1047,-3.1705,0,0.36175,0,256.71,playing,9
22.1228,-5.262,0,0.36175,0,261.89,playing,9
22.1393,-5.262,0,0.33911,0,267.74,playing,9
22.1553,-5.262,0,0.29731,0,273.23,playing,9
22.1719,-27.9864,1,0.29731,0,278.99,playing,9
22.1885,-27.9864,0,0.26701,0,272.68,playing,9
22.2045,-27.9864,0,0.26701,0,267.02,playing,9
22.2211,-35.1407,0,0.17168,0,261.64,playing,9
22.2372,-35.1407,0,0.17168,0,256.24,playing,9
22.2547,-1.7199,0,0.17168,0,251.45,playing,9
22.2708,-1.7199,0,0.17168,0,246.67,playing,9
22.2879,-1.7199,0,0.20106,0,242.21,playing,9
22.3045,16.1375,0,0.20106,0,238.06,playing,9
22.3209,16.1375,0,0.30216,1,234.45,playing,9
22.3374,16.1375,0,0.30216,0,230.92,playing,9
22.3533,20.6757,0,0.30216,0,227.88,playing,9
22.3694,20.6757,0,0.23952,0,225.13,playing,9
22.3854,20.6757,0,0.23952,0,222.66,playing,9
22.4021,19.5164,0,0.29667,0,220.46,playing,9
22.4191,19.5164,0,0.29667,0,218.45,playing,9
22.4355,12.9361,0,0.29936,0,216.76,playing,9
22.4515,12.9361,0,0.29936,0,215.45,playing,9
22.4672,12.9361,0,0.30218,0,214.42,playing,9
22.4837,6.5645,0,0.30218,0,213.67,playing,9
22.5002,6.5645,0,0.316,0,213.2,playing,9
22.5168,6.5645,0,0.316,0,213.02,playing,9
22.5338,3.8773,0,0.30815,0,213.16,playing,9
22.5509,3.8773,0,0.30815,0,213.62,playing,9
22.5679,0.3172,0,0.33723,0,214.39,playing,9
22.5845,0.3172,0,0.33723,0,215.49,playing,9
22.6003,0.3172,0,0.25757,0,216.8,playing,9
22.6169,-1.2838,0,0.25757,0,218.39,playing,9
22.6339,-1.2838,0,0.25757,0,220.4,playing,9
22.6505,-1.2838,0,0.25757,0,222.73,playing,9
22.6666,-2.2084,0,0.31749,0,225.2,playing,9
22.6822,-2.2084,0,0.31749,0,227.95,playing,9
22.6982,-2.2084,0,0.28938,0,230.99,playing,9
22.7143,-2.2071,0,0.28938,0,234.3,playing,9
22.7303,-2.2071,0,0.34434,0,237.9,playing,9
22.746,-2.2071,0,0.34434,0,241.78,playing,9
22.7627,-2.7788,0,0.34434,0,245.94,playing,9
22.7796,-2.7788,0,0.3387,0,250.68,playing,9
22.7953,-2.857,0,0.3387,0,255.43,playing,9
22.8118,-2.857,0,0.34335,0,260.45,playing,9
22.8283,-2.857,0,0.34335,0,266.11,playing,9
22.8446,-10.4749,0,0.33948,0,271.71,playing,9
22.8607,-10.4749,0,0.33948,0,277.6,playing,9
22.8768,-10.4749,0,0.32447,0,283.77,playing,9
22.8934,-25.7966,1,0.32447,0,290.64,playing,9
22.9089,-25.7966,0,0.3269,0,284.68,playing,9
22.925,-25.7966,0,0.3269,0,279.0,playing,9
22.9415,-16.6429,0,0.18303,0,273.61,playing,9
22.958,-16.6429,0,0.18303,0,268.49,playing,9
22.9746,-0.6439,0,0.18303,0,263.38,playing,9
22.9907,-0.6439,0,0.18303,0,258.84,playing,9
23.0063,-0.6439,0,0.19138,0,254.59,playing,9
23.0218,18.4255,0,0.19138,0,250.62,playing,9
23.0384,18.4255,0,0.214,0,246.94,playing,9
23.0544,18.4255,0,0.214,0,243.53,playing,9
23.0709,16.6677,0,0.18467,0,240.4,playing,9
23.0885,16.6677,0,0.18467,1,237.4,playing,9
23.1056,16.6677,0,0.22591,0,234.58,playing,9
23.1211,10.341,0,0.22591,0,232.35,playing,9
23.1372,10.341,0,0.29392,0,230.41,playing,9
23.1538,7.4216,0,0.29392,0,228.74,playing,9
23.1703,7.4216,0,0.30608,0,227.29,playing,9
23.1858,7.4216,0,0.30608,0,226.21,playing,9
23.2019,4.1618,0,0.28995,0,225.41,playing,9
23.2184,4.1618,0,0.28995,0,224.89,playing,9
23.2343,4.1618,0,0.30523,0,224.65,playing,9
23.2503,0.4357,0,0.30523,0,224.69,playing,9
23.2669,0.4357,0,0.32652,0,225.02,playing,9
23.2834,0.4357,0,0.32652,0,225.68,playing,9
23.3,-0.585,0,0.30009,0,226.59,playing,9
23.317,-0.585,0,0.30009,0,227.87,playing,9
23.333,-1.5069,0,0.30009,0,229.46,playing,9
23.3496,-1.5069,0,0.30009,0,231.25,playing,9
23.3667,-1.5069,0,0.34758,0,233.47,playing,9
23.3837,-2.5835,0,0.34758,0,236.0,playing,9
23.3992,-2.5835,0,0.3208,0,238.66,playing,9
23.4153,-2.5835,0,0.3208,0,241.61,playing,9
23.4313,-2.5278,0,0.31305,0,244.84,playing,9
23.4473,-2.5278,0,0.31305,0,248.35,playing,9
23.4639,-2.5278,0,0.34418,0,252.14,playing,9
23.4809,-2.2326,0,0.34418,0,256.49,playing,9
23.497,-2.2326,0,0.33945,0,261.15,playing,9
23.5136,-2.2326,0,0.33945,0,265.83,playing,9
23.5296,-2.2326,0,0.35664,0,270.78,playing,9
23.5452,-2.2326,0,0.35664,0,276.01,playing,9
23.5617,-27.9965,1,0.35664,0,281.53,playing,9
23.5782,-27.9965,0,0.22967,0,275.22,playing,9
23.5948,-27.9965,0,0.22967,0,269.56,playing,10
23.6112,-15.7944,0,0.18243,0,263.87,playing,10
23.6272,-15.7944,0,0.18243,0,258.79,playing,10
23.6437,-15.7944,0,0.23007,1,253.99,playing,10
23.6598,8.9731,0,0.23007,0,249.47,playing,10
23.6763,8.9731,0,0.23007,0,245.0,playing,10
23.6924,21.713,0,0.23007,0,241.06,playing,10
23.709,21.713,0,0.19493,0,237.41,playing,10
23.7256,21.713,0,0.19493,0,233.85,playing,10
23.7421,18.4906,0,0.171,0,230.77,playing,10
23.759,18.4906,0,0.171,0,227.83,playing,10
23.7762,18.4906,0,0.20827,0,225.2,playing,10
23.7931,10.5837,0,0.20827,0,222.89,playing,10
23.8096,10.5837,0,0.28784,0,220.9,playing,10
23.8248,10.5837,0,0.28784,0,219.3,playing,10
23.8418,7.3252,0,0.29657,0,217.99,playing,10
23.8584,7.3252,0,0.29657,0,216.91,playing,10
23.8744,5.0232,0,0.31223,0,216.18,playing,10
23.8904,5.0232,0,0.31223,0,215.73,playing,10
23.9066,5.0232,0,0.3242,0,215.57,playing,10
23.9227,1.1594,0,0.3242,0,215.68,playing,10
23.9387,1.1594,0,0.22368,0,216.07,playing,10
23.9552,1.1594,0,0.22368,0,216.81,playing,10
23.9712,-0.6259,0,0.29543,0,217.79,playing,10
23.9878,-0.6259,0,0.29543,0,219.05,playing,10
24.0041,-0.6259,0,0.33286,0,220.7,playing,10
24.0206,-2.739,0,0.33286,0,222.54,playing,10
24.0369,-2.739,0,0.33286,0,224.66,playing,10
24.0539,-4.7162,0,0.33286,0,227.23,playing,10
24.0712,-4.7162,0,0.31618,0,230.12,playing,10
24.0879,-4.7162,0,0.31618,0,233.32,playing,10
24.1045,-4.6518,0,0.28945,0,236.85,playing,10
24.1201,-4.6518,0,0.28945,0,240.45,playing,10
24.1362,-4.6518,0,0.32896,0,244.33,playing,10
24.1528,-23.0863,1,0.32896,0,248.49,playing,10
24.1699,-23.0863,0,0.3186,0,242.18,playing,10
24.1867,-32.1021,0,0.3186,0,236.18,playing,10
24.2028,-32.1021,0,0.27612,0,230.5,playing,10
24.2201,-32.1021,0,0.27612,0,225.44,playing,10
24.2366,-24.7801,0,0.17736,0,220.38,playing,10
24.2529,-24.7801,0,0.17736,0,215.9,playing,10
24.2696,-24.7801,0,0.16115,0,211.46,playing,10
24.2857,-12.3873,0,0.16115,0,207.56,playing,10
24.3014,-12.3873,0,0.17084,0,203.95,playing,10
24.3171,-12.3873,0,0.17084,0,200.61,playing,10
24.3333,18.6636,0,0.14486,0,197.56,playing,10
24.3493,18.6636,0,0.14486,0,194.78,playing,10
24.3657,18.6636,0,0.17986,0,192.29,playing,10
24.3829,18.7025,0,0.17986,0,189.96,playing,10
24.3996,18.7025,0,0.17396,0,187.95,playing,10
24.4151,18.7025,0,0.17396,0,186.34,playing,10
24.4313,18.7025,0,0.26013,1,185.01,playing,10
24.4479,18.7025,0,0.26013,0,183.96,playing,10
24.4649,11.2612,0,0.33007,0,183.17,playing,10
24.4814,11.2612,0,0.33007,0,182.69,playing,10
24.4977,11.2612,0,0.31465,0,182.52,playing,10
24.5143,5.3348,0,0.31465,0,182.66,playing,10
24.5303,5.3348,0,0.35625,0,183.07,playing,10
24.5469,2.7243,0,0.35625,0,183.77,playing,10
24.5639,2.7243,0,0.35837,0,184.82,playing,10
24.5811,2.7243,0,0.35837,0,186.2,playing,10
24.5976,0.6687,0,0.33571,0,187.89,playing,10
24.6132,0.6687,0,0.33571,0,189.76,playing,10
24.6292,0.6687,0,0.34541,0,191.92,playing,10
24.6457,-1.8688,0,0.34541,0,194.35,playing,10
24.6628,-1.8688,0,0.32118,0,197.26,playing,10
24.6798,-1.8688,0,0.32118,0,200.49,playing,10
24.696,-3.0741,0,0.37114,0,204.03,playing,10
24.7125,-3.0741,0,0.37114,0,207.64,playing,10
24.7287,-3.4399,0,0.37987,0,211.54,playing,10
24.7456,-3.4399,0,0.37987,0,216.0,playing,10
24.7616,-3.4399,0,0.32899,0,220.48,playing,10
24.7772,-11.6101,0,0.32899,0,225.24,playing,10
24.7938,-11.6101,0,0.35871,0,230.28,playing,10
24.8093,-11.6101,0,0.35871,0,235.6,playing,10
24.8253,-30.9097,1,0.31925,0,241.21,playing,10
24.8413,-30.9097,0,0.31925,0,235.25,playing,10
24.8579,-30.9097,0,0.31137,0,229.57,playing,10
24.8749,-17.7435,0,0.31137,0,223.86,playing,10
24.8914,-17.7435,0,0.20637,0,218.46,playing,10
24.9075,18.2153,0,0.20637,0,213.67,playing,10
24.9231,18.2153,0,0.17103,0,209.15,playing,10
24.9401,18.2153,0,0.17103,0,204.92,playing,10
24.9567,19.8344,0,0.18749,0,200.74,playing,10
24.9732,19.8344,0,0.18749,0,196.88,playing,10
24.9893,19.8344,0,0.17366,0,193.52,playing,10
25.0053,17.3004,0,0.17366,0,190.45,playing,10
25.0214,17.3004,0,0.19679,0,187.66,playing,10
25.037,17.3004,0,0.19679,0,185.15,playing,10
25.0536,13.8746,0,0.21015,0,182.92,playing,10
25.0702,13.8746,0,0.21015,0,180.88,playing,10
25.0867,10.4805,0,0.31397,1,179.23,playing,10
25.1037,7.3906,0,0.31397,0,177.8,playing,10
25.1204,7.3906,0,0.33748,0,176.68,playing,10
25.1365,2.7345,0,0.33748,0,175.92,playing,10
25.1526,2.7345,0,0.35746,0,175.43,playing,10
25.1681,2.7345,0,0.35746,0,175.23,playing,10
25.1842,2.7345,0,0.33182,0,175.31,playing,10
25.2009,2.7345,0,0.33182,0,175.67,playing,10
25.218,2.7345,0,0.33435,0,176.37,playing,10
25.235,1.3932,0,0.33435,0,177.39,playing,10
25.2511,1.3932,0,0.33897,0,178.72,playing,10
25.2677,-1.3854,0,0.33897,0,180.26,playing,10
25.2843,-2.0868,0,0.32734,0,182.22,playing,10
25.3002,-2.0868,0,0.32734,0,184.34,playing,10
25.3167,-2.5032,0,0.34684,0,186.74,playing,10
25.332,-2.5032,0,0.34684,0,189.42,playing,10
25.3481,-2.5032,0,0.32386,0,192.39,playing,10
25.3651,-2.788,0,0.32386,0,195.63,playing,10
25.3816,-2.788,0,0.36464,0,199.4,playing,10
25.3971,-2.788,0,0.36464,0,203.23,playing,10
25.4135,-4.5548,0,0.37195,0,207.34,playing,10
25.4293,-4.5548,0,0.37195,0,211.73,playing,10
25.4457,-4.5548,0,0.37195,0,216.4,playing,11
25.4616,-30.7496,1,0.35489,0,221.35,playing,11
25.4775,-30.7496,0,0.35489,0,215.39,playing,11
25.4938,-24.1286,0,0.28831,0,209.72,playing,11
25.51,-24.1286,0,0.28831,0,204.0,playing,11
25.5267,-24.1286,0,0.19427,0,198.91,playing,11
25.5432,-2.9609,0,0.19427,0,193.81,playing,11
25.5598,-2.9609,0,0.29734,1,189.29,playing,11
25.5767,-2.9609,0,0.29734,0,184.82,playing,11
25.593,18.9332,0,0.22135,0,180.88,playing,11
25.6113,18.9332,0,0.22135,0,177.02,playing,11
25.6289,16.9027,0,0.17063,0,173.1,playing,11
25.6455,16.9027,0,0.22219,0,169.91,playing,11
25.6614,16.9027,0,0.22219,0,167.19,playing,11
25.6778,10.1845,0,0.21519,0,164.75,playing,11
25.6947,10.1845,0,0.21519,0,162.48,playing,11
25.7112,10.1845,0,0.30485,0,160.52,playing,11
25.7274,7.3987,0,0.30485,0,158.96,playing,11
25.7441,7.3987,0,0.30485,0,157.69,playing,11
25.7609,7.3987,0,0.2891,0,156.65,playing,11
25.7771,5.2348,0,0.2891,0,155.93,playing,11
25.7932,5.2348,0,0.26556,0,155.53,playing,11
25.8102,0.9313,0,0.26556,0,155.42,playing,11
25.8264,0.9313,0,0.32645,0,155.61,playing,11
25.842,0.9313,0,0.32645,0,156.08,playing,11
25.8589,-0.4964,0,0.32845,0,156.82,playing,11
25.8761,-0.4964,0,0.32845,0,157.94,playing,11
25.8923,-0.4964,0,0.3474,0,159.37,playing,11
25.9093,-1.9655,0,0.3474,0,160.99,playing,11
25.9262,-1.9655,0,0.36454,0,163.04,playing,11
25.9422,-2.3728,0,0.36454,0,165.4,playing,11
25.9585,-2.3728,0,0.30563,0,167.91,playing,11
25.9749,-2.3728,0,0.30563,0,170.7,playing,11
25.9912,-2.0135,0,0.3445,0,173.98,playing,11
26.0076,-2.0135,0,0.3445,0,177.35,playing,11
26.025,-2.0135,0,0.32948,0,181.25,playing,11
26.0415,-1.7589,0,0.32948,0,185.47,playing,11
26.0577,-1.7589,0,0.36083,0,189.72,playing,11
26.0742,-1.7589,0,0.36083,0,194.55,playing,11
26.0904,-1.6654,0,0.37581,0,199.38,playing,11
26.1066,-1.6654,0,0.36893,0,204.49,playing,11
26.1221,-1.8204,0,0.36893,0,209.88,playing,11
26.1382,-1.8204,0,0.36893,0,215.56,playing,11
26.1548,-1.8204,0,0.33357,0,221.52,playing,11
26.1718,-1.5922,0,0.33357,0,228.16,playing,11
26.1886,-1.5922,0,0.37664,0,235.13,playing,11
26.2046,-1.5922,0,0.37664,0,241.97,playing,11
26.2204,-1.8097,0,0.34545,0,249.08,playing,11
26.2365,-1.8097,0,0.34545,0,256.48,playing,11
26.2531,-1.8097,0,0.34445,0,264.17,playing,11
26.2698,-1.5266,0,0.34445,0,272.64,playing,11
26.2865,-1.5266,0,0.34185,0,281.44,playing,11
26.3019,-1.754,0,0.34185,0,290.0,playing,11
26.3189,-1.754,0,0.36624,0,298.85,playing,11
26.337,-1.754,0,0.30505,0,308.56,playing,11
26.3535,-29.2967,1,0.30505,0,319.2,playing,11
26.3696,-29.2967,0,0.22592,0,313.24,playing,11
26.3864,-29.2967,0,0.22592,0,307.23,playing,11
26.4024,-27.4963,0,0.14216,0,301.85,playing,11
26.4184,-27.4963,0,0.14216,0,296.76,playing,11
26.4346,-27.4963,0,0.19704,0,291.94,playing,11
26.4513,-19.6804,0,0.19704,0,287.15,playing,11
26.4671,-19.6804,0,0.19704,0,282.91,playing,11
26.4835,21.0135,0,0.23721,1,278.96,playing,11
26.5007,21.0135,0,0.23721,0,275.08,playing,11
26.5179,21.0135,0,0.17759,0,271.52,playing,11
26.5347,26.7869,0,0.17759,0,268.27,playing,11
26.5518,26.7869,0,0.14626,0,265.34,playing,11
26.5686,26.7869,0,0.14626,0,262.73,playing,11
26.5843,20.269,0,0.21057,0,260.56,playing,11
26.6005,20.269,0,0.21057,0,258.67,playing,11
26.6165,15.4322,0,0.18727,0,257.06,playing,11
26.6328,15.4322,0,0.18727,0,255.73,playing,11
26.6495,15.4322,0,0.2664,0,254.63,playing,11
26.6652,10.6103,0,0.2664,0,253.88,playing,11
26.682,10.6103,0,0.33117,0,253.41,playing,11
26.6984,10.6103,0,0.33117,0,253.24,playing,11
26.7144,4.3041,0,0.28787,0,253.35,playing,11
26.7305,4.3041,0,0.28787,0,253.75,playing,11
26.7462,4.3041,0,0.27009,0,254.42,playing,11
26.7624,2.0665,0,0.27009,0,255.38,playing,11
26.7782,2.0665,0,0.33479,0,256.62,playing,11
26.7941,2.0665,0,0.33479,0,258.14,playing,11
26.8101,-1.6852,0,0.27083,0,259.95,playing,11
26.8259,-1.6852,0,0.27083,0,262.03,playing,11
26.8421,-2.7652,0,0.27083,0,264.4,playing,11
26.8587,-2.7652,0,0.34012,0,267.04,playing,11
26.8752,-2.7652,0,0.34012,0,270.18,playing,11
26.8914,-2.7652,0,0.27866,0,273.4,playing,11
26.9072,-2.7652,0,0.27866,0,276.91,playing,11
26.924,-2.7652,0,0.30663,0,280.71,playing,11
26.9413,-4.1782,0,0.30663,0,285.05,playing,11
26.9578,-4.1782,0,0.29041,0,289.72,playing,11
26.9746,-4.1782,0,0.29041,0,294.7,playing,11
26.9918,-4.0262,0,0.32995,0,300.0,playing,11
27.0085,-4.0262,0,0.32995,0,305.62,playing,11
27.0252,-3.8755,0,0.28999,0,311.56,playing,11
27.0414,-3.8755,0,0.28999,0,317.43,playing,11
27.058,-3.8755,0,0.33997,0,323.98,playing,11
27.0752,-8.7066,0,0.34401,0,330.43,playing,11
27.0922,-8.7066,0,0.34401,0,337.6,playing,11
27.1091,-8.7066,0,0.23114,0,345.09,playing,11
27.1259,-23.9601,1,0.23114,0,352.89,playing,11
27.1422,-23.9601,0,0.18656,0,346.58,playing,11
27.1581,-18.6341,0,0.18656,0,340.92,playing,11
27.1739,-18.6341,0,0.18656,0,335.55,playing,11
27.1909,-18.6341,0,0.18557,0,330.45,playing,11
27.2073,-13.9529,0,0.18557,0,325.35,playing,11
27.2236,-13.9529,0,0.16389,0,320.84,playing,11
27.2406,-13.9529,0,0.16389,0,316.36,playing,11
27.2566,20.1919,0,0.16771,0,312.42,playing,11
27.273,20.1919,0,0.16771,0,308.77,playing,11
27.2893,20.1919,0,0.23906,1,305.21,playing,11
27.3058,26.2088,0,0.23906,0,302.14,playing,12
27.3227,26.2088,0,0.22132,0,299.19,playing,12
27.34,19.3208,0,0.22132,0,296.56,playing,12
27.3566,19.3208,0,0.26742,0,294.25,playing,12
27.3723,19.3208,0,0.26742,0,292.36,playing,12
27.3892,14.9734,0,0.29571,0,290.75,playing,12
27.4053,14.9734,0,0.29571,0,289.35,playing,12
27.4216,14.9734,0,0.28365,0,288.32,playing,12
27.4378,10.4844,0,0.28365,0,287.57,playing,12
27.4549,10.4844,0,0.26204,0,287.1,playing,12
27.4721,4.1218,0,0.26204,0,286.94,playing,12
27.4882,4.1218,0,0.25095,0,287.09,playing,12
27.5056,4.1218,0,0.25095,0,287.52,playing,12
27.5228,1.9563,0,0.33468,0,288.37,playing,12
27.5399,1.9563,0,0.33468,0,289.48,playing,12
27.5573,1.9563,0,0.26307,0,290.91,playing,12
27.5731,-1.8804,0,0.26307,0,292.65,playing,12
27.5896,-1.8804,0,0.33927,0,294.58,playing,12
27.6065,-2.4661,0,0.33927,0,296.95,playing,12
27.6239,-2.4661,0,0.3453,0,299.63,playing,12
27.641,-2.4661,0,0.3453,0,302.63,playing,12
27.6576,-3.1585,0,0.35621,0,305.95,playing,12
27.6734,-3.1585,0,0.35621,0,309.35,playing,12
27.6892,-3.1585,0,0.30011,0,313.04,playing,12
27.7063,-23.8957,1,0.30011,0,317.01,playing,12
27.7226,-23.8957,0,0.32645,0,310.69,playing,12
27.7387,-23.8957,0,0.32645,0,305.03,playing,12
27.7545,-28.8184,0,0.22225,0,299.66,playing,12
27.7707,-28.8184,0,0.22225,0,294.56,playing,12
27.7878,0.7909,0,0.16959,0,289.46,playing,12
27.8052,0.7909,0,0.16959,0,284.69,playing,12
27.8211,0.7909,0,0.21088,0,280.23,playing,12
27.8375,12.2337,0,0.21088,0,276.31,playing,12
27.8541,12.2337,0,0.21185,0,272.67,playing,12
27.871,12.2337,0,0.21185,0,269.13,playing,12
27.8878,14.1917,0,0.21185,0,265.9,playing,12
27.9042,14.1917,0,0.16793,0,262.99,playing,12
27.9204,14.1917,0,0.16793,0,260.54,playing,12
27.936,10.0273,0,0.16793,0,258.36,playing,12
27.9526,10.0273,0,0.16793,0,256.47,playing,12
27.9689,7.5885,0,0.27815,1,254.86,playing,12
27.9861,7.5885,0,0.29069,0,253.47,playing,12
28.002,7.5885,0,0.29069,0,252.39,playing,12
28.0188,3.729,0,0.29069,0,251.66,playing,12
28.035,3.729,0,0.24616,0,251.2,playing,12
28.0518,3.729,0,0.34522,0,251.05,playing,12
28.0682,2.1963,0,0.34522,0,251.21,playing,12
28.0846,2.1963,0,0.32163,0,251.64,playing,12
28.1013,0.3546,0,0.32163,0,252.41,playing,12
28.118,0.3546,0,0.35273,0,253.42,playing,12
28.1348,0.3546,0,0.35273,0,254.82,playing,12
28.1516,-0.6823,0,0.30624,0,256.53,playing,12
28.1688,-0.6823,0,0.30624,0,258.55,playing,12
28.1859,-0.6823,0,0.35259,0,260.9,playing,12
28.2023,-23.2857,0,0.35259,0,263.56,playing,12
28.2183,-23.2857,0,0.29001,0,266.35,playing,12
28.2344,-23.2857,0,0.29001,0,269.42,playing,12
28.2502,-25.0112,1,0.29001,0,272.77,playing,12
28.2666,-25.0112,0,0.17054,0,266.82,playing,12
28.283,-17.6185,0,0.17054,0,261.14,playing,12
28.3002,-17.6185,0,0.16154,0,255.43,playing,12
28.3161,-17.6185,0,0.16154,0,250.03,playing,12
28.333,-2.9483,0,0.16154,0,245.23,playing,12
28.3499,-2.9483,0,0.16154,0,240.45,playing,12
28.3668,-2.9483,0,0.19536,0,235.99,playing,12
28.3847,22.165,0,0.19536,0,231.85,playing,12
28.4016,22.165,0,0.21734,0,227.82,playing,12
28.4176,21.9397,0,0.21734,1,224.52,playing,12
28.4349,21.9397,0,0.28228,0,221.33,playing,12
28.4529,21.9397,0,0.21535,0,218.46,playing,12
28.4698,15.1443,0,0.21535,0,215.78,playing,12
28.4864,15.1443,0,0.30442,0,213.56,playing,12
28.5023,15.1443,0,0.30442,0,211.75,playing,12
28.5183,10.9101,0,0.31006,0,210.23,playing,12
28.5341,10.9101,0,0.31006,0,208.99,playing,12
28.5507,10.9101,0,0.35434,0,208.03,playing,12
28.5676,7.5669,0,0.35434,0,207.33,playing,12
28.5846,7.5669,0,0.35434,0,206.94,playing,12
28.6007,1.9265,0,0.30508,0,206.86,playing,12
28.617,1.9265,0,0.30508,0,207.06,playing,12
28.6337,1.9265,0,0.3447,0,207.6,playing,12
28.6497,-0.0686,0,0.3447,0,208.38,playing,12
28.6654,-0.0686,0,0.33325,0,209.44,playing,12
28.6815,-0.0686,0,0.33325,0,210.79,playing,12
28.6977,-3.2214,0,0.35485,0,212.42,playing,12
28.7134,-3.2214,0,0.35485,0,214.32,playing,12
28.7291,-3.2214,0,0.35485,0,216.52,playing,12
28.7463,-3.4728,0,0.35485,0,218.99,playing,12
28.7621,-3.4728,0,0.34433,0,221.93,playing,12
28.7784,-4.0391,0,0.34433,0,224.98,playing,12
28.7946,-4.0391,0,0.33194,0,228.32,playing,12
28.8109,-4.0391,0,0.33194,0,231.93,playing,12
28.828,-33.6514,1,0.31596,0,236.09,playing,12
28.8443,-33.6514,0,0.31596,0,229.78,playing,12
28.8605,-33.6514,0,0.23422,0,224.12,playing,12
28.8768,-31.1275,0,0.23422,0,218.75,playing,12
28.894,-31.1275,0,0.19233,0,213.35,playing,12
28.9103,-31.1275,0,0.19233,0,208.27,playing,12
28.927,-22.8661,0,0.17765,0,203.77,playing,12
28.9438,-22.8661,0,0.17765,0,199.31,playing,12
28.9604,23.8671,0,0.17765,0,195.17,playing,12
28.9762,23.8671,0,0.20914,0,191.55,playing,12
28.992,23.8671,0,0.20914,0,188.22,playing,12
29.008,23.9659,0,0.22487,1,185.16,playing,12
29.025,23.9659,0,0.22487,0,182.39,playing,12
29.0426,23.9659,0,0.23026,0,179.63,playing,12
29.0588,15.2857,0,0.23026,0,177.45,playing,12
29.0756,15.2857,0,0.29754,0,175.46,playing,12
29.0925,15.2857,0,0.30758,0,173.87,playing,12
29.1088,10.8529,0,0.30758,0,172.49,playing,12
29.1253,10.8529,0,0.30758,0,171.43,playing,12
29.1411,5.56,0,0.30758,0,170.72,playing,12
29.1574,5.56,0,0.29511,0,170.29,playing,13
29.1733,5.56,0,0.29511,0,170.14,playing,13
29.1894,2.549,0,0.34721,0,170.27,playing,13
29.2055,2.549,0,0.34721,0,170.68,playing,13
29.2213,2.549,0,0.34469,0,171.38,playing,13
29.2375,-0.6688,0,0.34469,0,172.35,playing,13
29.2535,-0.6688,0,0.36569,0,173.61,playing,13
29.2709,-1.7242,0,0.36569,0,175.26,playing,13
29.287,-1.7242,0,0.36569,0,177.24,playing,13
29.3042,-1.7242,0,0.32836,0,179.37,playing,13
29.321,-2.8048,0,0.32836,0,181.96,playing,13
29.3375,-2.8048,0,0.3574,0,184.87,playing,13
29.3537,-2.8048,0,0.3574,0,187.89,playing,13
29.3694,-3.4109,0,0.35232,0,191.19,playing,13
29.3855,-3.4109,0,0.35232,0,194.77,playing,13
29.4014,-3.4109,0,0.33364,0,198.63,playing,13
29.4173,-4.4603,0,0.33364,0,202.77,playing,13
29.4331,-4.4603,0,0.35538,0,207.2,playing,13
29.4499,-4.4603,0,0.35538,0,211.91,playing,13
29.4667,-4.4603,0,0.34538,0,217.23,playing,13
29.4822,-4.4603,0,0.34538,0,222.51,playing,13
29.4989,-28.1223,1,0.22297,0,228.08,playing,13
29.515,-28.1223,0,0.22297,0,221.77,playing,13
29.5322,-28.1223,0,0.22297,0,216.11,playing,13
29.5483,-17.0011,0,0.22297,0,210.42,playing,13
29.5645,-17.0011,0,0.20891,0,205.34,playing,13
29.5806,-17.0011,0,0.20891,0,200.54,playing,13
29.5962,19.0732,0,0.16514,0,196.03,playing,13
29.6127,19.0732,0,0.16514,0,191.79,playing,13
29.6295,19.0732,0,0.2125,0,187.61,playing,13
29.6455,19.6925,0,0.2125,0,183.96,playing,13
29.6612,19.6925,0,0.2125,0,180.59,playing,13
29.6774,13.8156,0,0.19491,0,177.5,playing,13
29.6935,13.8156,0,0.19491,0,174.69,playing,13
29.7101,13.8156,0,0.29054,1,172.16,playing,13
29.7259,11.0678,0,0.29054,0,169.8,playing,13
29.7426,11.0678,0,0.27346,0,167.85,playing,13
29.7597,11.0678,0,0.27346,0,166.1,playing,13
29.7767,8.358,0,0.31,0,164.67,playing,13
29.7939,8.358,0,0.29316,0,163.56,playing,13
29.8105,8.358,0,0.29316,0,162.76,playing,13
29.8264,3.6261,0,0.32365,0,162.3,playing,13
29.842,3.6261,0,0.32365,0,162.11,playing,13
29.8588,0.9501,0,0.30504,0,162.21,playing,13
29.876,0.9501,0,0.30504,0,162.63,playing,13
29.8928,0.9501,0,0.36093,0,163.36,playing,13
29.9094,-1.8581,0,0.36093,0,164.42,playing,13
29.9255,-1.8581,0,0.36093,0,165.69,playing,13
29.9416,-1.8581,0,0.36093,0,167.25,playing,13
29.9575,-2.5865,0,0.3447,0,169.09,playing,13
29.9738,-2.5865,0,0.3447,0,171.21,playing,13
29.9908,-2.5865,0,0.3447,0,173.78,playing,13
30.0074,-3.1289,0,0.3447,0,176.67,playing,13
30.023,-3.1289,0,0.37158,0,179.67,playing,13
30.0393,-3.4463,0,0.35224,0,182.95,playing,13
30.0559,-3.4463,0,0.35224,0,186.51,playing,13
30.0729,-3.4463,0,0.3446,0,190.62,playing,13
30.09,-5.945,0,0.3446,0,195.04,playing,13
30.107,-5.945,0,0.3238,0,199.78,playing,13
30.1232,-5.945,0,0.3238,0,204.84,playing,13
30.1394,-5.945,0,0.30254,0,209.88,playing,13
30.156,-5.945,0,0.30254,0,215.2,playing,13
30.1724,-28.9431,1,0.19895,0,221.17,playing,13
30.1889,-24.4046,0,0.19895,0,215.22,playing,13
30.2054,-24.4046,0,0.20637,0,209.2,playing,13
30.2212,11.3655,0,0.20637,0,203.83,playing,13
30.2378,11.3655,0,0.28792,1,198.73,playing,13
30.2549,11.3655,0,0.28792,0,193.63,playing,13
30.2716,20.324,0,0.22892,0,188.85,playing,13
30.2878,20.324,0,0.22892,0,184.64,playing,13
30.3046,20.324,0,0.18952,0,180.48,playing,13
30.3203,19.3758,0,0.18952,0,176.84,playing,13
30.3367,19.3758,0,0.26735,0,173.49,playing,13
30.3536,13.0304,0,0.26735,0,170.24,playing,13
30.3692,13.0304,0,0.26735,0,167.47,playing,13
30.3856,13.0304,0,0.32363,0,164.98,playing,13
30.4022,10.2406,0,0.30739,0,162.77,playing,13
30.4189,10.2406,0,0.30739,0,160.74,playing,13
30.4357,10.2406,0,0.29417,0,159.03,playing,13
30.4529,7.1242,0,0.29417,0,157.63,playing,13
30.469,7.1242,0,0.29109,0,156.56,playing,13
30.4851,7.1242,0,0.29109,0,155.83,playing,13
30.5014,2.1682,0,0.33979,0,155.38,playing,13
30.5177,2.1682,0,0.33979,0,155.21,playing,13
30.5348,0.8216,0,0.33451,0,155.35,playing,13
30.552,0.8216,0,0.33451,0,155.81,playing,13
30.5688,0.8216,0,0.26606,0,156.58,playing,13
30.5859,-1.5574,0,0.26606,0,157.67,playing,13
30.6025,-1.5574,0,0.34196,0,159.08,playing,13
30.6181,-1.5574,0,0.34196,0,160.69,playing,13
30.6347,-2.9669,0,0.30769,0,162.59,playing,13
30.6519,-2.9669,0,0.30769,0,164.91,playing,13
30.6687,-4.0002,0,0.3264,0,167.56,playing,13
30.6856,-4.0002,0,0.3264,0,170.52,playing,13
30.7012,-4.0002,0,0.3264,0,173.59,playing,13
30.7172,-3.8814,0,0.31242,0,176.94,playing,13
30.733,-3.8814,0,0.31242,0,180.58,playing,13
30.7494,-3.8814,0,0.3002,0,184.49,playing,13
30.7659,-3.4845,0,0.3002,0,188.69,playing,13
30.7827,-3.4845,0,0.31098,0,193.47,playing,13
30.7992,-3.4845,0,0.31098,0,198.56,playing,13
30.8158,-3.4785,0,0.308,0,203.64,playing,13
30.8324,-3.4785,0,0.308,0,209.35,playing,13
30.8488,-21.7239,1,0.31091,0,215.01,playing,13
30.8659,-21.7239,0,0.31091,0,208.7,playing,13
30.8824,-21.7239,0,0.24569,0,202.7,playing,13
30.8986,-30.7485,0,0.22044,0,197.34,playing,13
30.9146,-30.7485,0,0.22044,0,192.26,playing,13
30.9308,-30.7485,0,0.21635,0,187.47,playing,13
30.9473,-7.411,0,0.21635,0,182.69,playing,13
30.9635,-7.411,0,0.18392,0,178.47,playing,13
30.9799,-7.411,0,0.18392,0,174.54,playing,13
30.9964,14.7124,0,0.20005,0,170.67,playing,13
31.0129,14.7124,0,0.20005,0,167.32,playing,14
31.0295,20.7777,0,0.18973,0,164.08,playing,14
31.0458,20.7777,0,0.18973,0,161.3,playing,14
31.0628,20.7777,0,0.18973,0,158.67,playing,14
31.0795,17.5333,0,0.18973,0,156.36,playing,14
31.0961,17.5333,0,0.2272,1,154.47,playing,14
31.1122,17.5333,0,0.2272,0,152.78,playing,14
31.1283,10.2936,0,0.2942,0,151.47,playing,14
31.1443,10.2936,0,0.2942,0,150.44,playing,14
31.1612,7.7304,0,0.33474,0,149.69,playing,14
31.1781,7.7304,0,0.33474,0,149.21,playing,14
31.1942,7.7304,0,0.33474,0,149.05,playing,14
31.2103,5.0928,0,0.29227,0,149.18,playing,14
31.2261,5.0928,0,0.29227,0,149.59,playing,14
31.2424,5.0928,0,0.29883,0,150.29,playing,14
31.2581,2.6341,0,0.29883,0,151.26,playing,14
31.2758,2.6341,0,0.29883,0,152.52,playing,14
31.2932,2.6341,0,0.29385,0,154.29,playing,14
31.3093,-0.3958,0,0.29385,0,156.28,playing,14
31.3252,-0.3958,0,0.31746,0,158.44,playing,14
31.3415,-1.021,0,0.31746,0,160.88,playing,14
31.3577,-2.2578,0,0.3414,0,163.59,playing,14
31.3746,-2.2578,0,0.3414,0,166.8,playing,14
31.3908,-2.9276,0,0.3414,0,170.1,playing,14
31.4078,-2.9276,0,0.32554,0,173.92,playing,14
31.4243,-2.9276,0,0.32554,0,178.06,playing,14
31.4406,-3.3666,0,0.31785,0,182.24,playing,14
31.4575,-3.3666,0,0.31785,0,187.0,playing,14
31.4736,-3.3666,0,0.32863,0,191.76,playing,14
31.4899,-3.3343,0,0.32863,0,196.8,playing,14
31.5065,-3.3343,0,0.32863,0,202.48,playing,14
31.5224,-3.5926,0,0.33799,0,208.1,playing,14
31.5392,-3.5926,0,0.33799,0,214.0,playing,14
31.5554,-3.5926,0,0.35324,0,220.59,playing,14
31.5713,-2.7234,0,0.35324,0,227.08,playing,14
31.587,-2.7234,0,0.33602,0,233.85,playing,14
31.6037,-2.7234,0,0.33602,0,240.89,playing,14
31.6195,-2.4687,0,0.33602,0,248.22,playing,14
31.6353,-2.4687,0,0.28704,0,255.83,playing,14
31.651,-2.4687,0,0.28704,0,263.73,playing,14
31.6675,-2.1742,0,0.28704,0,271.9,playing,14
31.6852,-2.1742,0,0.29724,0,280.9,playing,14
31.7016,-2.0406,0,0.29724,0,290.23,playing,14
31.7172,-9.9124,0,0.31321,0,299.28,playing,14
31.734,-9.9124,0,0.31321,0,308.62,playing,14
31.7504,-25.3854,1,0.30158,0,318.85,playing,14
31.7662,-25.3854,0,0.30158,0,312.9,playing,14
31.7832,-25.3854,0,0.30158,0,307.22,playing,14
31.7994,-17.6665,0,0.18745,0,301.5,playing,14
31.8154,-17.6665,0,0.18745,0,296.41,playing,14
31.8319,-17.6665,0,0.2376,1,291.59,playing,14
31.8484,4.3241,0,0.2376,0,286.8,playing,14
31.8644,4.3241,0,0.21099,0,282.56,playing,14
31.8808,4.3241,0,0.21099,0,278.61,playing,14
31.8974,18.3445,0,0.21099,0,274.73,playing,14
31.9138,18.3445,0,0.22361,0,271.36,playing,14
31.9305,19.6746,0,0.22361,0,268.1,playing,14
31.9468,19.6746,0,0.18149,0,265.3,playing,14
31.9638,19.6746,0,0.18149,0,262.66,playing,14
31.9804,16.252,0,0.22968,0,260.33,playing,14
31.9964,16.252,0,0.22968,0,258.42,playing,14
32.0131,16.252,0,0.22968,0,256.79,playing,14
32.0294,9.5569,0,0.26273,0,255.38,playing,14
32.0458,9.5569,0,0.26273,0,254.33,playing,14
32.0623,6.2387,0,0.22951,0,253.53,playing,14
32.0782,6.2387,0,0.22951,0,253.07,playing,14
32.0959,6.2387,0,0.22951,0,252.88,playing,14
32.1124,3.8308,0,0.32321,0,253.03,playing,14
32.1285,3.8308,0,0.32321,0,253.44,playing,14
32.1442,3.8308,0,0.29755,0,254.14,playing,14
32.1607,0.5564,0,0.29755,0,255.11,playing,14
32.1767,0.5564,0,0.25425,0,256.37,playing,14
32.1936,0.5564,0,0.25425,0,258.02,playing,14
32.2101,-0.5353,0,0.32282,0,259.86,playing,14
32.2266,-0.5353,0,0.32282,0,262.13,playing,14
32.2425,-2.1353,0,0.32282,0,264.55,playing,14
32.2581,-2.1353,0,0.2969,0,267.25,playing,14
32.2749,-2.1353,0,0.2969,0,270.24,playing,14
32.2915,-2.6203,0,0.32494,0,273.72,playing,14
32.3077,-2.6203,0,0.32494,0,277.29,playing,14
32.3248,-2.6203,0,0.32494,0,281.39,playing,14
32.3409,-4.2129,0,0.32001,0,285.81,playing,14
32.3571,-4.2129,0,0.32001,0,290.25,playing,14
32.374,-4.2129,0,0.30216,0,294.98,playing,14
32.3905,-4.5129,0,0.30216,0,300.32,playing,14
32.4066,-4.5129,0,0.30216,0,305.62,playing,14
32.4239,-17.3974,0,0.28616,0,311.58,playing,14
32.4404,-17.3974,0,0.28616,0,317.85,playing,14
32.4559,-17.3974,0,0.30977,0,324.04,playing,14
32.4724,-29.0718,1,0.30977,0,330.5,playing,14
32.4882,-29.0718,0,0.30977,0,324.54,playing,14
32.5043,-29.0718,0,0.22962,0,318.87,playing,14
32.5205,-16.7151,0,0.22962,0,313.47,playing,14
32.5371,-16.7151,0,0.21171,0,308.36,playing,14
32.5537,-16.7151,0,0.21171,0,303.24,playing,14
32.5699,7.5816,0,0.21171,0,298.71,playing,14
32.5866,7.5816,0,0.18458,0,294.21,playing,14
32.6029,20.773,0,0.18458,0,290.26,playing,14
32.6192,20.773,0,0.20108,0,286.38,playing,14
32.635,20.773,0,0.20108,0,283.01,playing,14
32.6517,17.9193,0,0.20108,0,279.92,playing,14
32.6679,17.9193,0,0.19824,0,276.95,playing,14
32.6842,17.9193,0,0.19824,0,274.45,playing,14
32.7014,11.1501,0,0.2585,1,272.22,playing,14
32.7176,11.1501,0,0.2585,0,270.17,playing,14
32.7345,11.1501,0,0.27734,0,268.44,playing,14
32.751,8.0471,0,0.27734,0,267.09,playing,14
32.7679,8.0471,0,0.27734,0,265.98,playing,14
32.7843,5.4276,0,0.28986,0,265.18,playing,14
32.801,5.4276,0,0.28986,0,264.72,playing,14
32.8179,5.4276,0,0.28535,0,264.54,playing,14
32.8341,1.0161,0,0.28535,0,264.68,playing,14
32.8511,1.0161,0,0.30704,0,265.09,playing,15
32.8677,1.0161,0,0.30704,0,265.85,playing,15
32.8835,-0.554,0,0.30532,0,266.84,playing,15
32.8997,-0.554,0,0.30532,0,268.11,playing,15
32.9155,-0.554,0,0.30532,0,269.67,playing,15
32.9311,-2.0587,0,0.34058,0,271.51,playing,15
32.9482,-2.0587,0,0.34058,0,273.63,playing,15
32.9645,-2.2188,0,0.29719,0,276.2,playing,15
32.9808,-2.2188,0,0.29719,0,278.9,playing,15
32.9984,-2.2188,0,0.29719,0,282.09,playing,15
33.0142,-7.3679,0,0.28819,0,285.59,playing,15
33.0305,-7.3679,0,0.28819,0,289.17,playing,15
33.0467,-7.3679,0,0.30454,0,293.04,playing,15
33.0632,-31.9168,1,0.30454,0,297.46,playing,15
33.0794,-31.9168,0,0.32102,0,291.5,playing,15
33.0956,-31.9168,0,0.32102,0,285.82,playing,15
33.1122,-34.5971,0,0.3258,0,280.11,playing,15
33.1284,-34.5971,0,0.3258,0,275.01,playing,15
33.1459,7.3415,0,0.33562,0,269.92,playing,15
33.1629,7.3415,0,0.25397,0,265.14,playing,15
33.18,7.3415,0,0.25397,0,260.68,playing,15
33.1963,21.1785,0,0.21635,0,256.53,playing,15
33.2123,21.1785,0,0.20082,0,252.92,playing,15
33.228,21.1785,0,0.20082,0,249.58,playing,15
33.2441,18.3357,0,0.16997,0,246.53,playing,15
33.2602,18.3357,0,0.17156,0,243.75,playing,15
33.2768,14.5264,0,0.17156,0,241.26,playing,15
33.2933,14.5264,0,0.23082,1,238.93,playing,15
33.3095,14.5264,0,0.23082,0,237.02,playing,15
33.3254,10.7445,0,0.28615,0,235.39,playing,15
33.3415,10.7445,0,0.27765,0,234.05,playing,15
33.3579,10.7445,0,0.27765,0,232.98,playing,15
33.3748,4.6866,0,0.28535,0,232.17,playing,15
33.3919,4.6866,0,0.28535,0,231.67,playing,15
33.4081,4.6866,0,0.26611,0,231.49,playing,15
33.4247,2.7412,0,0.26659,0,231.61,playing,15
33.4403,2.7412,0,0.26659,0,232.0,playing,15
33.4564,0.5845,0,0.2686,0,232.68,playing,15
33.4736,-0.6177,0,0.30837,0,233.64,playing,15
33.4907,-0.6177,0,0.30837,0,235.07,playing,15
33.5076,-2.2621,0,0.30837,0,236.74,playing,15
33.5244,-2.2621,0,0.30837,0,238.73,playing,15
33.5411,-2.2621,0,0.30837,0,240.89,playing,15
33.5578,-2.7969,0,0.32781,0,243.5,playing,15
33.5745,-2.7969,0,0.32781,0,246.42,playing,15
33.5904,-2.7969,0,0.2839,0,249.46,playing,15
33.607,-3.2967,0,0.2839,0,252.78,playing,15
33.6241,-3.2967,0,0.32385,0,256.62,playing,15
33.6401,-3.4284,0,0.32385,0,260.78,playing,15
33.6562,-3.4284,0,0.30344,0,264.97,playing,15
33.6723,-3.4284,0,0.30344,0,269.45,playing,15
33.6881,-24.6336,1,0.29695,0,274.21,playing,15
33.7042,-24.6336,0,0.29695,0,268.25,playing,15
33.7204,-24.6336,0,0.30026,0,262.58,playing,15
33.7363,-35.5582,0,0.30026,0,257.18,playing,15
33.7525,-35.5582,0,0.24221,0,252.07,playing,15
33.7685,-35.5582,0,0.24221,0,247.24,playing,15
33.7843,-31.2364,0,0.21892,0,242.69,playing,15
33.8006,-31.2364,0,0.21892,0,238.42,playing,15
33.8164,-11.6405,0,0.23141,1,234.43,playing,15
33.832,16.6493,0,0.23141,0,230.72,playing,15
33.8486,16.6493,0,0.2007,0,227.3,playing,15
33.8658,24.6039,0,0.2007,0,223.98,playing,15
33.8829,24.6039,0,0.2007,0,220.98,playing,15
33.8996,24.6039,0,0.17621,0,218.29,playing,15
33.9153,19.4467,0,0.17621,0,216.05,playing,15
33.9314,19.4467,0,0.17621,0,214.09,playing,15
33.9475,19.4467,0,0.17621,0,212.4,playing,15
33.9636,15.15,0,0.20202,0,211.0,playing,15
33.9797,15.15,0,0.20202,0,209.89,playing,15
33.9956,15.15,0,0.30004,0,209.05,playing,15
34.0117,10.0964,0,0.30004,0,208.49,playing,15
34.028,10.0964,0,0.27643,0,208.22,playing,15
34.0446,4.1674,0,0.27643,0,208.25,playing,15
34.0606,4.1674,0,0.28781,0,208.55,playing,15
34.0766,4.1674,0,0.28781,0,209.14,playing,15
34.0928,1.769,0,0.31558,0,210.01,playing,15
34.1097,1.769,0,0.31558,0,211.26,playing,15
34.1267,1.769,0,0.31075,0,212.82,playing,15
34.1442,-0.9157,0,0.31075,0,214.7,playing,15
34.1599,-0.9157,0,0.28812,0,216.89,playing,15
34.177,-2.2865,0,0.32079,0,219.24,playing,15
34.1931,-2.2865,0,0.32079,0,222.05,playing,15
34.21,-2.2865,0,0.32079,0,224.98,playing,15
34.2268,-3.0501,0,0.32079,0,228.41,playing,15
34.243,-3.0501,0,0.31063,0,232.16,playing,15
34.2592,-3.0501,0,0.29131,0,235.97,playing,15
34.2754,-4.9941,0,0.29131,0,240.06,playing,15
34.2911,-4.9941,0,0.32815,0,244.44,playing,15
34.3078,-4.9941,0,0.32815,0,249.09,playing,15
34.325,-14.0569,0,0.32815,0,254.35,playing,15
34.3417,-14.0569,0,0.32815,0,259.94,playing,15
34.3584,-30.5646,1,0.25397,0,265.83,playing,15
34.3745,-30.5646,0,0.25397,0,259.88,playing,15
34.3904,-30.5646,0,0.22103,0,254.2,playing,15
34.4065,-13.5543,0,0.22103,0,248.8,playing,15
34.4223,-13.5543,0,0.24627,0,243.69,playing,15
34.4385,-13.5543,0,0.24627,0,238.86,playing,15
34.4544,20.8778,0,0.24643,0,234.31,playing,15
34.4704,20.8778,0,0.24643,0,230.04,playing,15
34.4862,20.8778,0,0.17938,0,226.05,playing,15
34.5028,19.4492,0,0.17938,0,222.35,playing,15
34.5195,19.4492,0,0.28358,1,218.73,playing,15
34.5353,19.4492,0,0.28358,0,215.6,playing,15
34.5511,16.1301,0,0.26911,0,212.76,playing,15
34.5671,16.1301,0,0.26911,0,210.2,playing,15
34.5832,9.256,0,0.26911,0,207.92,playing,15
34.5998,9.256,0,0.23438,0,205.92,playing,15
34.6164,9.256,0,0.23438,0,204.11,playing,15
34.6325,6.5997,0,0.28255,0,202.7,playing,15
34.6481,6.5997,0,0.28255,0,201.56,playing,15
34.6641,6.5997,0,0.31097,0,200.71,playing,15
34.6802,3.9743,0,0.31097,0,200.13,playing,15
34.6963,3.9743,0,0.2821,0,199.84,playing,15
34.7124,3.9743,0,0.2821,0,199.83,playing,16
34.7284,1.2578,0,0.2821,0,200.1,playing,16
34.7449,1.2578,0,0.2821,0,200.66,playing,16
34.762,-0.4171,0,0.31313,0,201.56,playing,16
34.7789,-0.4171,0,0.31313,0,202.79,playing,16
34.7958,-0.4171,0,0.28903,0,204.33,playing,16
34.8131,-2.41,0,0.28903,0,206.19,playing,16
34.83,-2.41,0,0.33714,0,208.37,playing,16
34.8463,-2.41,0,0.33714,0,210.86,playing,16
34.8622,-2.8414,0,0.33372,0,213.49,playing,16
34.8781,-2.8414,0,0.33372,0,216.41,playing,16
34.8945,-2.8414,0,0.33589,0,219.6,playing,16
34.9106,-26.3548,1,0.33589,0,223.07,playing,16
34.9267,-26.3548,0,0.33589,0,217.12,playing,16
34.9438,-28.9626,0,0.27765,0,211.1,playing,16
34.961,-28.9626,0,0.27765,0,205.41,playing,16
34.9777,-28.9626,0,0.23465,0,200.03,playing,16
34.9932,-21.886,0,0.23465,0,195.25,playing,16
35.0108,-21.886,0,0.23439,0,190.49,playing,16
35.0281,-21.886,0,0.16532,0,186.05,playing,16
35.044,-10.8097,0,0.16532,0,181.93,playing,16
35.0608,-10.8097,0,0.21231,0,178.33,playing,16
35.0775,9.9208,0,0.21231,0,174.82,playing,16
35.094,9.9208,0,0.19427,0,171.8,playing,16
35.1106,9.9208,0,0.19427,0,168.91,playing,16
35.1266,27.3591,0,0.19427,0,166.47,playing,16
35.1432,27.3591,0,0.19427,0,164.31,playing,16
35.1598,27.3591,0,0.19296,0,162.34,playing,16
35.1769,23.9076,0,0.19296,0,160.68,playing,16
35.1936,23.9076,0,0.21336,0,159.35,playing,16
35.2093,23.9076,0,0.21336,0,158.37,playing,16
35.2254,19.3858,0,0.25857,1,157.67,playing,16
35.2414,19.3858,0,0.25857,0,157.26,playing,16
35.2571,9.7492,0,0.25831,0,157.13,playing,16
35.2729,9.7492,0,0.25831,0,157.27,playing,16
35.2888,9.7492,0,0.25831,0,157.7,playing,16
35.3056,6.0964,0,0.29576,0,158.42,playing,16
35.3216,6.0964,0,0.29576,0,159.41,playing,16
35.3374,6.0964,0,0.30058,0,160.69,playing,16
35.3535,-0.0127,0,0.30058,0,162.24,playing,16
35.3692,-0.0127,0,0.2845,0,164.08,playing,16
35.3852,-0.0127,0,0.2845,0,166.2,playing,16
35.4009,-1.5061,0,0.29539,0,168.6,playing,16
35.4177,-1.5061,0,0.29539,0,171.29,playing,16
35.4345,-1.5061,0,0.30629,0,174.45,playing,16
35.4506,-2.856,0,0.30629,0,177.72,playing,16
35.4662,-2.856,0,0.29882,0,181.26,playing,16
35.4827,-3.8501,0,0.29882,0,185.09,playing,16
35.4983,-3.8501,0,0.30691,0,189.2,playing,16
35.5145,-3.8501,0,0.30691,0,193.59,playing,16
35.5306,-3.8501,0,0.30691,0,198.26,playing,16
35.5473,-3.8501,0,0.30691,0,203.54,playing,16
35.5632,-3.8501,0,0.30691,0,208.8,playing,16
35.5792,-6.6575,0,0.30493,0,214.33,playing,16
35.5961,-6.6575,0,0.30171,0,220.15,playing,16
35.6129,-6.6575,0,0.30171,0,226.64,playing,16
35.6296,-23.6239,1,0.30171,0,233.46,playing,16
35.6471,-23.6239,0,0.32175,0,227.15,playing,16
35.6637,-23.299,0,0.32175,0,221.15,playing,16
35.6811,-23.299,0,0.26984,0,215.48,playing,16
35.6976,-23.299,0,0.21759,0,210.12,playing,16
35.7135,-3.8823,0,0.21759,0,205.36,playing,16
35.7301,-3.8823,0,0.21759,1,200.88,playing,16
35.7465,-3.8823,0,0.22078,0,196.44,playing,16
35.763,12.6242,0,0.2184,0,192.54,playing,16
35.78,12.6242,0,0.2184,0,188.71,playing,16
35.7968,14.8693,0,0.22896,0,185.2,playing,16
35.8141,13.9463,0,0.22896,0,182.01,playing,16
35.8307,13.9463,0,0.23084,0,179.14,playing,16
35.8479,12.2712,0,0.23084,0,176.59,playing,16
35.8646,12.2712,0,0.28702,0,174.35,playing,16
35.8808,12.2712,0,0.28702,0,172.53,playing,16
35.8977,8.0813,0,0.31247,0,170.91,playing,16
35.9144,8.0813,0,0.31247,0,169.61,playing,16
35.9304,8.0813,0,0.31247,0,168.67,playing,16
35.9469,5.8229,0,0.31247,0,168.01,playing,16
35.9638,5.8229,0,0.31282,0,167.63,playing,16
35.98,3.8187,0,0.31282,0,167.56,playing,16
35.9964,3.8187,0,0.31282,0,167.78,playing,16
36.0128,3.8187,0,0.31282,0,168.28,playing,16
36.0293,0.665,0,0.3571,0,169.13,playing,16
36.0449,0.665,0,0.33398,0,170.21,playing,16
36.0614,0.665,0,0.33398,0,171.57,playing,16
36.0775,-0.4805,0,0.33608,0,173.22,playing,16
36.0936,-0.4805,0,0.33608,0,175.15,playing,16
36.1097,-0.4805,0,0.30177,0,177.35,playing,16
36.1268,-2.2638,0,0.30177,0,180.02,playing,16
36.1429,-2.2638,0,0.3188,0,183.0,playing,16
36.1605,-2.6348,0,0.32608,0,186.09,playing,16
36.1776,-2.6348,0,0.32608,0,189.92,playing,16
36.1937,-2.6348,0,0.31084,0,193.6,playing,16
36.2092,-8.9837,0,0.31084,0,197.57,playing,16
36.225,-8.9837,0,0.31084,0,201.82,playing,16
36.2419,-8.9837,0,0.30344,0,206.35,playing,16
36.2591,-30.8684,1,0.14825,0,211.49,playing,16
36.2752,-30.8684,0,0.14825,0,205.17,playing,16
36.2913,-30.8684,0,0.17419,0,199.51,playing,16
36.3077,-19.7539,0,0.17419,0,194.14,playing,16
36.3247,-19.7539,0,0.17419,0,188.74,playing,16
36.3418,12.9369,0,0.23341,1,183.66,playing,16
36.3586,12.9369,0,0.23341,0,178.9,playing,16
36.3747,12.9369,0,0.20628,0,174.7,playing,16
36.3919,23.5303,0,0.20628,0,170.56,playing,16
36.409,23.5303,0,0.20858,0,166.74,playing,16
36.4262,22.8834,0,0.20858,0,163.23,playing,16
36.442,22.8834,0,0.14474,0,160.04,playing,16
36.4581,22.8834,0,0.14474,0,157.32,playing,16
36.4751,14.5046,0,0.19976,0,154.88,playing,16
36.4913,14.5046,0,0.19976,0,152.61,playing,16
36.5071,14.5046,0,0.29391,0,150.75,playing,16
36.5231,10.5538,0,0.29391,0,149.18,playing,16
36.5396,10.5538,0,0.31147,0,147.88,playing,16
36.5554,10.5538,0,0.31147,0,146.87,playing,16
36.5715,10.5538,0,0.29132,0,146.14,playing,17
36.5876,10.5538,0,0.29132,0,145.69,playing,17
36.6037,10.5538,0,0.3213,0,145.52,playing,17
36.6198,1.6632,0,0.3213,0,145.63,playing,17
36.6365,1.6632,0,0.28826,0,146.07,playing,17
36.6523,-0.0151,0,0.28826,0,146.77,playing,17
36.6691,-0.0151,0,0.3309,0,147.74,playing,17
36.686,-0.0151,0,0.3309,0,149.1,playing,17
36.7027,-2.2689,0,0.3309,0,150.77,playing,17
36.7188,-2.2689,0,0.30327,0,152.63,playing,17
36.7358,-2.2689,0,0.30327,0,154.92,playing,17
36.7523,-2.7905,0,0.32113,0,157.52,playing,17
36.7683,-2.7905,0,0.32113,0,160.26,playing,17
36.7844,-2.7905,0,0.30372,0,163.28,playing,17
36.8009,-3.0547,0,0.31352,0,166.58,playing,17
36.8175,-3.0547,0,0.31352,0,170.4,playing,17
36.8341,-3.1243,0,0.31816,0,174.28,playing,17
36.8501,-3.1243,0,0.31816,0,178.72,playing,17
36.8671,-3.1243,0,0.31637,0,183.18,playing,17
36.8842,-3.3637,0,0.31637,0,188.24,playing,17
36.9007,-3.3637,0,0.30653,0,193.61,playing,17
36.9173,-3.3637,0,0.30653,0,199.31,playing,17
36.9339,-20.1532,1,0.29405,0,204.95,playing,17
36.9509,-20.1532,0,0.29405,0,198.63,playing,17
36.9679,-33.4495,0,0.27943,0,192.64,playing,17
36.9852,-33.4495,0,0.27943,0,186.96,playing,17
37.0014,-33.4495,0,0.2006,0,181.61,playing,17
37.0182,-15.6463,0,0.2006,0,176.84,playing,17
37.0347,-15.6463,0,0.2006,0,172.1,playing,17
37.0518,-15.6463,0,0.19524,0,167.68,playing,17
37.0689,10.7779,0,0.19524,0,163.57,playing,17
37.086,10.7779,0,0.16459,0,159.79,playing,17
37.1025,22.4242,0,0.16459,0,156.32,playing,17
37.1185,22.4242,0,0.19182,0,153.33,playing,17
37.1346,22.4242,0,0.19182,0,150.63,playing,17
37.1507,18.4345,0,0.18868,0,148.21,playing,17
37.1677,18.4345,0,0.18868,0,145.96,playing,17
37.1838,18.4345,0,0.23516,1,144.12,playing,17
37.2018,14.5051,0,0.22406,0,142.48,playing,17
37.2189,14.5051,0,0.22406,0,141.1,playing,17
37.2359,14.5051,0,0.28899,0,140.12,playing,17
37.253,7.7364,0,0.28899,0,139.45,playing,17
37.2695,7.7364,0,0.28235,0,139.11,playing,17
37.2851,4.5796,0,0.28235,0,139.06,playing,17
37.3019,4.5796,0,0.30837,0,139.3,playing,17
37.3186,4.5796,0,0.30837,0,139.87,playing,17
37.3343,2.3899,0,0.25373,0,140.69,playing,17
37.3505,2.3899,0,0.25373,0,141.79,playing,17
37.3664,2.3899,0,0.32632,0,143.17,playing,17
37.3826,-0.4855,0,0.32632,0,144.83,playing,17
37.3985,-0.4855,0,0.32632,0,146.77,playing,17
37.4147,-0.4855,0,0.27664,0,149.0,playing,17
37.4308,-2.0772,0,0.27664,0,151.51,playing,17
37.4477,-2.0772,0,0.30192,0,154.49,playing,17
37.4635,-3.0641,0,0.30192,0,157.57,playing,17
37.4794,-3.0641,0,0.29442,0,160.94,playing,17
37.4952,-3.0641,0,0.29442,0,164.6,playing,17
37.5122,-3.0304,0,0.31358,0,168.53,playing,17
37.5282,-3.0304,0,0.31358,0,173.03,playing,17
37.5452,-3.0304,0,0.29988,0,177.54,playing,17
37.5621,-2.7133,0,0.29988,0,182.65,playing,17
37.579,-2.7133,0,0.2987,0,188.08,playing,17
37.5959,-2.7133,0,0.2987,0,193.83,playing,17
37.6127,-2.852,0,0.32907,0,199.9,playing,17
37.6295,-2.852,0,0.32907,0,206.29,playing,17
37.6454,-2.4185,0,0.30372,0,212.58,playing,17
37.661,-2.4185,0,0.30372,0,219.15,playing,17
37.6781,-2.4185,0,0.3155,0,226.0,playing,17
37.6948,-2.1639,0,0.3155,0,233.6,playing,17
37.7111,-2.1639,0,0.29122,0,241.52,playing,17
37.7273,-2.1639,0,0.29122,0,249.26,playing,17
37.744,-2.1089,0,0.29122,0,257.27,playing,17
37.7609,-2.1089,0,0.28059,0,266.11,playing,17
37.7781,-1.5456,0,0.30586,0,275.26,playing,17
37.7948,-1.5456,0,0.30586,0,284.73,playing,17
37.8116,-1.5456,0,0.3155,0,294.52,playing,17
37.8271,-1.4177,0,0.3155,0,304.02,playing,17
37.8441,-1.4177,0,0.29539,0,313.79,playing,17
37.8607,-1.4177,0,0.29539,0,324.5,playing,17
37.8762,-16.9195,0,0.32138,0,334.85,playing,17
37.8929,-16.9195,0,0.32138,0,345.49,playing,17
37.9098,-16.9195,0,0.19032,0,357.11,playing,17
37.9273,-23.4984,1,0.19032,0,369.01,playing,17
37.9429,-23.4984,0,0.20524,0,362.7,playing,17
37.9594,-7.1256,0,0.20524,0,357.04,playing,17
37.9756,-7.1256,0,0.22788,1,351.66,playing,17
37.9919,-7.1256,0,0.22788,0,346.57,playing,17
38.0083,20.3947,0,0.18352,0,341.47,playing,17
38.0245,20.3947,0,0.18352,0,336.96,playing,17
38.0405,20.3947,0,0.20082,0,332.72,playing,17
38.0569,19.7376,0,0.20082,0,328.77,playing,17
38.0731,19.7376,0,0.29261,0,324.89,playing,17
38.0901,19.7376,0,0.29261,0,321.52,playing,17
38.1067,16.8096,0,0.29261,0,318.25,playing,17
38.1241,16.8096,0,0.27846,0,315.31,playing,17
38.14,10.0681,0,0.27846,0,312.68,playing,17
38.1586,10.0681,0,0.27846,0,310.49,playing,17
38.1748,10.0681,0,0.30915,0,308.38,playing,17
38.1916,10.0681,0,0.30915,0,306.7,playing,17
38.2091,10.0681,0,0.2846,0,305.35,playing,17
38.2254,10.0681,0,0.2846,0,304.31,playing,17
38.2413,2.6026,0,0.28652,0,303.61,playing,17
38.2576,2.6026,0,0.28652,0,303.2,playing,17
38.2739,0.7773,0,0.28652,0,303.06,playing,17
38.2908,0.7773,0,0.27911,0,303.24,playing,17
38.3078,0.7773,0,0.27911,0,303.74,playing,17
38.324,-0.7922,0,0.31872,0,304.55,playing,17
38.3399,-0.7922,0,0.31872,0,305.6,playing,17
38.3558,-0.7922,0,0.30849,0,306.92,playing,17
38.372,-29.1561,1,0.30849,0,308.53,playing,17
38.3895,-29.1561,0,0.30849,0,302.57,playing,17
38.4069,-29.1561,0,0.29577,0,296.23,playing,17
38.4233,-24.4694,0,0.29577,0,290.55,playing,18
38.439,-24.4694,0,0.25489,0,285.49,playing,18
38.4552,-13.8705,0,0.25489,0,280.71,playing,18
38.4712,-13.8705,0,0.21432,0,276.21,playing,18
38.4873,-13.8705,0,0.21432,0,272.0,playing,18
38.5035,15.5234,0,0.21432,0,268.06,playing,18
38.5198,15.5234,0,0.18444,0,264.41,playing,18
38.5367,15.5234,0,0.18444,0,260.85,playing,18
38.5526,17.8001,0,0.20971,0,257.78,playing,18
38.5685,17.8001,0,0.20971,0,254.99,playing,18
38.5842,17.8001,0,0.24655,1,252.48,playing,18
38.6007,12.653,0,0.24655,0,250.25,playing,18
38.6165,12.653,0,0.24655,0,248.3,playing,18
38.6324,9.4923,0,0.22204,0,246.64,playing,18
38.6488,9.4923,0,0.22204,0,245.26,playing,18
38.6657,9.4923,0,0.24262,0,244.11,playing,18
38.683,6.189,0,0.24262,0,243.27,playing,18
38.6995,6.189,0,0.27765,0,242.76,playing,18
38.7158,6.189,0,0.27765,0,242.55,playing,18
38.7326,3.9877,0,0.27765,0,242.66,playing,18
38.7491,3.9877,0,0.31135,0,243.03,playing,18
38.7658,1.8434,0,0.31135,0,243.75,playing,18
38.7827,-0.2348,0,0.32343,0,244.79,playing,18
38.7998,-0.2348,0,0.32343,0,246.15,playing,18
38.8167,-2.1428,0,0.34502,0,247.82,playing,18
38.8325,-2.1428,0,0.34502,0,249.67,playing,18
38.8485,-2.1428,0,0.29041,0,251.81,playing,18
38.8643,-2.6591,0,0.29041,0,254.23,playing,18
38.8812,-2.6591,0,0.29041,0,256.93,playing,18
38.8977,-2.6591,0,0.29539,0,260.12,playing,18
38.9136,-3.1216,0,0.29539,0,263.4,playing,18
38.9293,-3.1216,0,0.33548,0,266.96,playing,18
38.9451,-3.1216,0,0.33548,0,270.81,playing,18
38.9618,-7.6142,0,0.31136,0,274.94,playing,18
38.979,-7.6142,0,0.31136,0,279.64,playing,18
38.9959,-26.4492,1,0.31136,0,284.66,playing,18
39.0129,-26.4492,0,0.31494,0,278.35,playing,18
39.0294,-26.4492,0,0.31494,0,272.35,playing,18
39.0459,-25.7371,0,0.19797,0,266.99,playing,18
39.0622,-25.7371,0,0.19797,0,261.61,playing,18
39.0781,-25.7371,0,0.19797,0,256.84,playing,18
39.095,-4.793,0,0.22688,1,252.34,playing,18
39.1114,-4.793,0,0.22688,0,247.88,playing,18
39.1279,21.6683,0,0.19037,0,243.96,playing,18
39.145,21.6683,0,0.19037,0,240.12,playing,18
39.1619,21.6683,0,0.1882,0,236.59,playing,18
39.1782,19.5672,0,0.1882,0,233.38,playing,18
39.1951,19.5672,0,0.21365,0,230.64,playing,18
39.2116,19.5672,0,0.21365,0,228.05,playing,18
39.2278,16.5083,0,0.14497,0,225.9,playing,18
39.2448,16.5083,0,0.25043,0,223.92,playing,18
39.2613,16.5083,0,0.25043,0,222.27,playing,18
39.2781,16.5083,0,0.20351,0,220.99,playing,18
39.295,16.5083,0,0.20351,0,219.95,playing,18
39.311,7.1057,0,0.2972,0,219.23,playing,18
39.3277,7.1057,0,0.26178,0,218.83,playing,18
39.3447,7.1057,0,0.26178,0,218.73,playing,18
39.3618,1.8617,0,0.28814,0,218.95,playing,18
39.3789,1.8617,0,0.27429,0,219.48,playing,18
39.396,0.4505,0,0.27429,0,220.33,playing,18
39.4121,0.4505,0,0.28616,0,221.5,playing,18
39.4282,0.4505,0,0.28616,0,222.88,playing,18
39.4443,-0.8301,0,0.25036,0,224.54,playing,18
39.4606,-0.8301,0,0.25036,0,226.48,playing,18
39.4771,-0.8301,0,0.25036,0,228.71,playing,18
39.4934,-2.8551,0,0.29392,0,231.39,playing,18
39.5093,-2.8551,0,0.29392,0,234.2,playing,18
39.5254,-2.8551,0,0.29392,0,237.29,playing,18
39.5414,-3.5443,0,0.29392,0,240.65,playing,18
39.5578,-3.5443,0,0.30296,0,244.31,playing,18
39.5749,-3.5443,0,0.30296,0,248.5,playing,18
39.592,-2.9986,0,0.33882,0,253.02,playing,18
39.6088,-2.9986,0,0.33882,0,257.85,playing,18
39.6255,-2.9986,0,0.29539,0,263.0,playing,18
39.6413,-2.9986,0,0.29539,0,268.13,playing,18
39.6574,-2.9986,0,0.32692,0,273.54,playing,18
39.673,-25.7544,1,0.32692,0,279.24,playing,18
39.6901,-25.7544,0,0.30837,0,273.28,playing,18
39.7064,-25.7544,0,0.30837,0,267.26,playing,18
39.7229,-29.5652,0,0.22592,0,261.89,playing,18
39.7402,-29.5652,0,0.22592,0,256.49,playing,18
39.7563,-21.0128,0,0.16285,0,251.41,playing,18
39.7727,-21.0128,0,0.16285,0,246.92,playing,18
39.7892,-21.0128,0,0.20455,0,242.46,playing,18
39.8053,13.1624,0,0.20455,0,238.54,playing,18
39.8217,13.1624,0,0.19463,0,234.9,playing,18
39.8386,13.1624,0,0.19463,0,231.36,playing,18
39.8547,17.8724,0,0.19463,0,228.3,playing,18
39.872,17.8724,0,0.17602,0,225.38,playing,18
39.8892,17.8724,0,0.17602,0,222.77,playing,18
39.9069,17.8724,0,0.16467,0,220.36,playing,18
39.9237,17.8724,0,0.16467,0,218.41,playing,18
39.9391,11.169,0,0.16467,0,216.85,playing,18
39.9556,11.169,0,0.16467,0,215.57,playing,18
39.9716,11.169,0,0.25824,1,214.58,playing,18
39.9876,8.251,0,0.22222,0,213.86,playing,18
40.0035,8.251,0,0.22222,0,213.43,playing,18
40.0199,8.251,0,0.26197,0,213.28,playing,18
40.0371,4.434,0,0.26197,0,213.44,playing,18
40.0534,4.434,0,0.24994,0,213.91,playing,18
40.0695,4.434,0,0.24994,0,214.64,playing,18
40.0856,2.5544,0,0.29844,0,215.65,playing,18
40.1017,2.5544,0,0.29844,0,216.95,playing,18
40.119,-0.0631,0,0.28807,0,218.64,playing,18
40.1358,-0.0631,0,0.28807,0,220.65,playing,18
40.1526,-0.0631,0,0.25758,0,222.98,playing,18
40.1682,-1.3135,0,0.25758,0,225.45,playing,18
40.1845,-1.3135,0,0.25758,0,228.2,playing,18
40.2004,-1.3135,0,0.25758,0,231.24,playing,18
40.2166,-2.116,0,0.28775,0,234.55,playing,18
40.2323,-2.116,0,0.28775,0,238.15,playing,18
40.249,-2.116,0,0.28775,0,242.03,playing,18
40.2656,-2.5007,0,0.28775,0,246.47,playing,19
40.2817,-2.5007,0,0.28775,0,250.93,playing,19
40.2973,-2.8736,0,0.31604,0,255.67,playing,19
40.313,-2.8736,0,0.31604,0,260.7,playing,19
40.3297,-2.8736,0,0.32601,0,266.0,playing,19
40.3452,-14.9851,0,0.32601,0,271.59,playing,19
40.3615,-14.9851,0,0.32601,0,277.46,playing,19
40.3785,-14.9851,0,0.29989,0,284.01,playing,19
40.3948,-26.6939,1,0.29989,0,290.46,playing,19
40.4119,-26.6939,0,0.24994,0,284.15,playing,19
40.4281,-26.6939,0,0.24994,0,278.16,playing,19
40.445,-16.9283,0,0.18911,0,272.8,playing,19
40.4612,-16.9283,0,0.18911,0,267.42,playing,19
40.4778,16.3015,0,0.21101,0,262.64,playing,19
40.494,16.3015,0,0.21101,0,257.88,playing,19
40.5112,16.3015,0,0.21101,0,253.68,playing,19
40.5277,18.6218,0,0.1867,0,249.54,playing,19
40.5444,18.6218,0,0.1867,0,245.71,playing,19
40.5604,18.6218,0,0.19996,0,242.4,playing,19
40.5765,14.0076,0,0.19996,0,239.36,playing,19
40.5923,14.0076,0,0.19996,0,236.6,playing,19
40.6087,14.0076,0,0.19462,0,234.13,playing,19
40.6245,10.7504,0,0.19462,0,231.94,playing,19
40.6404,10.7504,0,0.19462,0,230.03,playing,19
40.6565,7.785,0,0.19462,0,228.4,playing,19
40.6723,7.785,0,0.20519,0,227.05,playing,19
40.688,7.785,0,0.20519,0,225.99,playing,19
40.705,3.3286,0,0.28232,1,225.2,playing,19
40.7217,3.3286,0,0.28232,0,224.69,playing,19
40.738,3.3286,0,0.28232,0,224.48,playing,19
40.7545,1.7108,0,0.28232,0,224.59,playing,19
40.7703,1.7108,0,0.28232,0,224.96,playing,19
40.7873,1.7108,0,0.26252,0,225.68,playing,19
40.8041,-0.3673,0,0.26252,0,226.64,playing,19
40.8209,-0.3673,0,0.29539,0,227.98,playing,19
40.8379,-1.2565,0,0.29539,0,229.63,playing,19
40.8549,-1.2565,0,0.24745,0,231.6,playing,19
40.8718,-1.2565,0,0.24745,0,233.89,playing,19
40.8887,-1.7185,0,0.28782,0,236.5,playing,19
40.9054,-1.7185,0,0.28782,0,239.43,playing,19
40.921,-1.7185,0,0.3207,0,242.46,playing,19
40.9382,-6.649,0,0.3207,0,245.78,playing,19
40.954,-6.649,0,0.3207,0,249.62,playing,19
40.9701,-6.649,0,0.3207,0,253.52,playing,19
40.9872,-24.5847,1,0.3207,0,257.7,playing,19
41.0038,-24.5847,0,0.28854,0,251.39,playing,19
41.0203,-21.2202,0,0.28854,0,245.39,playing,19
41.0369,-21.2202,0,0.28854,0,240.03,playing,19
41.0536,-21.2202,0,0.25049,0,234.65,playing,19
41.0694,-15.0243,0,0.25049,0,229.88,playing,19
41.0855,-15.0243,0,0.21768,0,225.38,playing,19
41.1019,-15.0243,0,0.21768,0,221.16,playing,19
41.1179,20.386,0,0.17536,0,217.0,playing,19
41.134,20.386,0,0.17536,0,213.36,playing,19
41.1508,20.386,0,0.17536,0,210.01,playing,19
41.1675,21.4227,0,0.19028,0,206.77,playing,19
41.1833,21.4227,0,0.19028,0,203.99,playing,19
41.1996,18.5807,0,0.18303,0,201.5,playing,19
41.2154,18.5807,0,0.18303,0,199.29,playing,19
41.231,18.5807,0,0.19478,0,197.36,playing,19
41.2482,11.2645,0,0.19478,0,195.72,playing,19
41.2653,11.2645,0,0.19478,0,194.29,playing,19
41.2814,11.2645,0,0.17719,0,193.17,playing,19
41.2977,7.7012,0,0.17719,0,192.41,playing,19
41.3135,7.7012,0,0.25397,1,191.92,playing,19
41.3299,7.7012,0,0.25397,0,191.72,playing,19
41.3469,2.7805,0,0.3198,0,191.82,playing,19
41.3641,2.7805,0,0.3198,0,192.24,playing,19
41.3803,0.938,0,0.3198,0,192.98,playing,19
41.3961,0.938,0,0.32142,0,193.95,playing,19
41.4119,0.938,0,0.32142,0,195.21,playing,19
41.4286,-0.2626,0,0.28982,0,196.75,playing,19
41.4453,-0.2626,0,0.28982,0,198.7,playing,19
41.4611,-0.2626,0,0.32786,0,200.82,playing,19
41.4776,-2.6929,0,0.32786,0,203.23,playing,19
41.4946,-2.6929,0,0.32644,0,206.1,playing,19
41.51,-2.6929,0,0.32644,0,209.08,playing,19
41.5271,-3.4097,0,0.32644,0,212.34,playing,19
41.544,-3.4097,0,0.30807,0,216.13,playing,19
41.5604,-3.8275,0,0.30807,0,220.23,playing,19
41.5769,-3.8275,0,0.28211,0,224.38,playing,19
41.5938,-3.8275,0,0.28211,0,229.1,playing,19
41.6106,-3.6199,0,0.28211,0,234.14,playing,19
41.6267,-3.6199,0,0.28211,0,239.16,playing,19
41.6424,-3.6199,0,0.28161,0,244.47,playing,19
41.6591,-10.4217,0,0.28161,0,250.05,playing,19
41.6762,-10.4217,0,0.28161,0,256.31,playing,19
41.6923,-27.2124,1,0.27536,0,262.88,playing,19
41.7086,-29.3012,0,0.27536,0,256.92,playing,19
41.7248,-29.3012,0,0.30344,0,251.24,playing,19
41.7414,-21.3177,0,0.30344,0,245.53,playing,19
41.7575,-21.3177,0,0.30344,0,240.43,playing,19
41.7741,-21.3177,0,0.17878,0,235.62,playing,19
41.79,13.8251,0,0.17878,0,230.82,playing,19
41.8063,13.8251,0,0.22119,1,226.59,playing,19
41.8228,13.8251,0,0.22119,0,222.64,playing,19
41.8396,20.934,0,0.16914,0,218.76,playing,19
41.8555,20.934,0,0.16914,0,215.38,playing,19
41.8716,20.2396,0,0.16914,0,212.29,playing,19
41.8878,20.2396,0,0.20364,0,209.49,playing,19
41.9046,20.2396,0,0.20364,0,206.82,playing,19
41.9207,13.8265,0,0.18015,0,204.59,playing,19
41.9378,13.8265,0,0.18015,0,202.55,playing,19
41.9546,13.8265,0,0.20944,0,200.81,playing,19
41.9716,10.4582,0,0.20944,0,199.4,playing,19
41.9877,10.4582,0,0.20944,0,198.35,playing,19
42.0038,10.4582,0,0.22031,0,197.59,playing,19
42.0211,4.4262,0,0.22031,0,197.09,playing,19
42.0381,4.4262,0,0.20738,0,196.91,playing,19
42.0543,2.5225,0,0.20738,0,197.05,playing,19
42.0707,2.5225,0,0.21441,0,197.46,playing,19
42.0866,2.5225,0,0.21441,0,198.16,playing,19
42.1039,0.7412,0,0.21441,0,199.21,playing,19
42.1209,0.7412,0,0.23536,1,200.59,playing,20
42.1373,0.7412,0,0.23536,0,202.28,playing,20
42.1537,-1.6842,0,0.26154,0,204.15,playing,20
42.17,-1.6842,0,0.26154,0,206.46,playing,20
42.1869,-2.814,0,0.29313,0,208.92,playing,20
42.2033,-2.814,0,0.29313,0,211.84,playing,20
42.2194,-2.814,0,0.32411,0,214.88,playing,20
42.2353,-3.43,0,0.32411,0,218.19,playing,20
42.2518,-3.43,0,0.3296,0,221.79,playing,20
42.2686,-3.43,0,0.3296,0,225.93,playing,20
42.2847,-3.938,0,0.30327,0,230.11,playing,20
42.3013,-3.938,0,0.30327,0,234.57,playing,20
42.3174,-3.938,0,0.2686,0,239.63,playing,20
42.3332,-17.7359,0,0.2686,0,244.67,playing,20
42.3492,-17.7359,0,0.32321,0,250.0,playing,20
42.3652,-17.7359,0,0.32321,0,255.6,playing,20
42.3817,-30.8814,1,0.19787,0,261.49,playing,20
42.3986,-30.8814,0,0.19787,0,255.18,playing,20
42.4151,-16.6915,0,0.18228,0,249.18,playing,20
42.4316,-16.6915,0,0.18228,0,243.82,playing,20
42.4476,-16.6915,0,0.23135,1,238.74,playing,20
42.4641,21.202,0,0.23135,0,233.95,playing,20
42.4807,21.202,0,0.1933,0,229.17,playing,20
42.4979,21.202,0,0.1933,0,224.71,playing,20
42.5142,21.0975,0,0.2062,0,220.56,playing,20
42.5306,21.0975,0,0.23475,0,216.95,playing,20
42.5465,17.9571,0,0.23475,0,213.61,playing,20
42.5621,17.9571,0,0.20678,0,210.56,playing,20
42.5788,17.9571,0,0.20678,0,207.78,playing,20
42.5959,10.855,0,0.26707,0,205.15,playing,20
42.6126,10.855,0,0.26707,0,202.84,playing,20
42.6288,10.855,0,0.28492,0,200.95,playing,20
42.6458,7.6135,0,0.28492,0,199.26,playing,20
42.6628,7.6135,0,0.28492,0,197.88,playing,20
42.68,7.6135,0,0.28492,0,196.83,playing,20
42.6973,2.148,0,0.27776,0,196.09,playing,20
42.7141,2.148,0,0.29593,0,195.66,playing,20
42.7304,0.5307,0,0.29593,0,195.56,playing,20
42.7461,0.5307,0,0.29132,0,195.74,playing,20
42.7623,0.5307,0,0.29132,0,196.21,playing,20
42.7784,-0.6774,0,0.27809,0,196.96,playing,20
42.7944,-0.6774,0,0.27809,0,197.99,playing,20
42.8112,-0.6774,0,0.28523,0,199.3,playing,20
42.8277,-2.9594,0,0.28523,0,201.01,playing,20
42.8437,-2.9594,0,0.30372,0,202.9,playing,20
42.8604,-2.9594,0,0.30372,0,205.23,playing,20
42.8764,-2.9594,0,0.29904,0,207.7,playing,20
42.8925,-2.9594,0,0.29904,0,210.45,playing,20
42.9081,-2.9671,0,0.30327,0,213.49,playing,20
42.9251,-2.8807,0,0.30327,0,216.8,playing,20
42.9414,-2.8807,0,0.31364,0,220.65,playing,20
42.9575,-2.5711,0,0.31364,0,224.54,playing,20
42.9736,-2.5711,0,0.32411,0,228.72,playing,20
42.9891,-2.5711,0,0.32411,0,233.18,playing,20
43.0051,-2.7808,0,0.32411,0,237.93,playing,20
43.0216,-2.7808,0,0.30451,0,242.95,playing,20
43.0377,-2.7808,0,0.30451,0,248.25,playing,20
43.0547,-2.7808,0,0.31033,0,254.21,playing,20
43.0713,-2.7808,0,0.31033,0,260.48,playing,20
43.0878,-20.9825,1,0.27302,0,267.07,playing,20
43.1048,-20.9825,0,0.27302,0,261.12,playing,20
43.1215,-20.9825,0,0.31586,0,255.1,playing,20
43.1375,-26.1906,0,0.31586,0,249.72,playing,20
43.1537,-26.1906,0,0.18223,0,244.63,playing,20
43.1707,-26.1906,0,0.25665,1,239.53,playing,20
43.1878,-10.3417,0,0.25665,0,234.75,playing,20
43.2049,-10.3417,0,0.22334,0,230.29,playing,20
43.222,21.4751,0,0.22334,0,226.15,playing,20
43.2388,21.4751,0,0.19944,0,222.32,playing,20
43.2553,21.4751,0,0.19944,0,218.82,playing,20
43.2712,20.3798,0,0.25467,0,215.8,playing,20
43.2878,20.3798,0,0.25467,0,213.06,playing,20
43.3048,20.3798,0,0.25403,0,210.47,playing,20
43.322,17.3799,0,0.25403,0,208.2,playing,20
43.3381,17.3799,0,0.27507,0,206.24,playing,20
43.3543,17.3799,0,0.27507,0,204.68,playing,20
43.3709,10.6454,0,0.27507,0,203.41,playing,20
43.3874,10.6454,0,0.25426,0,202.37,playing,20
43.4034,7.6762,0,0.25426,0,201.67,playing,20
43.419,7.6762,0,0.27273,0,201.26,playing,20
43.4356,7.6762,0,0.27273,0,201.13,playing,20
43.4513,2.8706,0,0.29148,0,201.27,playing,20
43.4674,2.8706,0,0.29148,0,201.7,playing,20
43.4835,2.8706,0,0.29204,0,202.42,playing,20
43.4998,1.2032,0,0.29204,0,203.41,playing,20
43.5168,1.2032,0,0.2987,0,204.78,playing,20
43.5338,1.2032,0,0.2987,0,206.47,playing,20
43.551,-0.5337,0,0.29625,0,208.48,playing,20
43.5681,-0.5337,0,0.29625,0,210.81,playing,20
43.5847,-2.5579,0,0.29614,0,213.46,playing,20
43.6003,-2.5579,0,0.29614,0,216.23,playing,20
43.6168,-2.5579,0,0.30598,0,219.28,playing,20
43.6329,-2.9376,0,0.30598,0,222.84,playing,20
43.6489,-2.9376,0,0.29532,0,226.48,playing,20
43.6659,-2.9376,0,0.29532,0,230.39,playing,20
43.683,-3.007,0,0.28823,0,234.87,playing,20
43.6991,-3.007,0,0.28823,0,239.66,playing,20
43.7161,-3.007,0,0.28707,0,244.46,playing,20
43.7321,-3.2015,0,0.28707,0,249.87,playing,20
43.7497,-3.2015,0,0.29716,0,255.25,playing,20
43.7667,-3.0158,0,0.29716,0,261.65,playing,20
43.7828,-3.0158,0,0.3098,0,267.63,playing,20
43.7998,-3.0158,0,0.3098,0,274.29,playing,20
43.8164,-17.2421,0,0.29093,0,281.28,playing,20
43.8331,-17.2421,0,0.29093,0,288.13,playing,20
43.85,-17.2421,0,0.29844,0,295.73,playing,20
43.8671,-31.0594,1,0.29844,0,303.65,playing,20
43.8833,-31.0594,0,0.21333,0,297.34,playing,20
43.8997,-10.022,0,0.21333,0,291.68,playing,20
43.9156,-10.022,0,0.22291,1,286.3,playing,20
43.9312,-10.022,0,0.22291,0,281.21,playing,20
43.9473,11.302,0,0.22255,0,276.39,playing,20
43.9637,11.302,0,0.22255,0,271.86,playing,21
43.9797,11.302,0,0.22658,0,267.61,playing,21
43.9968,18.9472,0,0.22658,0,263.41,playing,21
44.0142,18.9472,0,0.22194,0,259.53,playing,21
44.0306,18.1052,0,0.22194,0,255.96,playing,21
44.0474,15.7947,0,0.22746,0,252.72,playing,21
44.063,15.7947,0,0.22746,0,249.95,playing,21
44.0791,12.6674,0,0.22746,0,247.45,playing,21
44.0958,12.6674,0,0.25474,0,245.24,playing,21
44.1129,12.6674,0,0.23037,0,243.22,playing,21
44.1303,9.7059,0,0.23037,0,241.5,playing,21
44.1467,9.7059,0,0.29248,0,240.11,playing,21
44.1633,9.7059,0,0.29248,0,239.03,playing,21
44.1793,4.838,0,0.30126,0,238.3,playing,21
44.195,4.838,0,0.30126,0,237.85,playing,21
44.2112,2.8125,0,0.30126,0,237.68,playing,21
44.2274,2.8125,0,0.29763,0,237.8,playing,21
44.2435,2.8125,0,0.29763,0,238.19,playing,21
44.2596,0.1014,0,0.30922,0,238.87,playing,21
44.2752,0.1014,0,0.30922,0,239.83,playing,21
44.2918,0.1014,0,0.30922,0,241.07,playing,21
44.3084,-0.7921,0,0.27374,0,242.7,playing,21
44.3246,-0.7921,0,0.27374,0,244.52,playing,21
44.3407,-0.7921,0,0.28066,0,246.63,playing,21
44.3566,-2.4305,0,0.28066,0,249.01,playing,21
44.3724,-2.4305,0,0.28066,0,251.68,playing,21
44.3886,-2.4305,0,0.28393,0,254.62,playing,21
44.4053,-2.7121,0,0.28393,0,258.07,playing,21
44.4211,-2.7121,0,0.30296,0,261.6,playing,21
44.4379,-3.0096,0,0.30296,0,265.41,playing,21
44.4545,-3.0096,0,0.29479,0,269.78,playing,21
44.4711,-3.0096,0,0.29479,0,274.46,playing,21
44.4877,-7.9057,0,0.29479,0,279.15,playing,21
44.503,-7.9057,0,0.30409,0,284.12,playing,21
44.5201,-7.9057,0,0.30409,0,289.37,playing,21
44.5367,-23.7696,1,0.27929,0,295.27,playing,21
44.5523,-23.7696,0,0.27929,0,289.31,playing,21
44.5684,-23.7696,0,0.28451,0,283.64,playing,21
44.5845,-17.3132,0,0.28451,0,278.24,playing,21
44.6005,-17.3132,0,0.28451,0,273.13,playing,21
44.6164,-7.6926,0,0.24238,0,268.3,playing,21
44.6325,-7.6926,0,0.24238,0,263.75,playing,21
44.6481,-7.6926,0,0.21633,0,259.48,playing,21
44.6642,13.1237,0,0.21633,0,255.49,playing,21
44.6809,13.1237,0,0.23537,1,251.78,playing,21
44.6972,13.1237,0,0.23537,0,248.17,playing,21
44.7133,16.9453,0,0.23537,0,245.04,playing,21
44.7299,16.9453,0,0.2723,0,242.2,playing,21
44.7466,16.9453,0,0.2723,0,239.49,playing,21
44.7627,14.7457,0,0.17537,0,237.23,playing,21
44.7798,14.7457,0,0.17537,0,235.15,playing,21
44.7966,11.5315,0,0.22045,0,233.38,playing,21
44.8141,8.8627,0,0.22045,0,231.93,playing,21
44.8309,8.8627,0,0.28145,0,230.8,playing,21
44.8478,5.8554,0,0.28145,0,229.98,playing,21
44.8645,5.8554,0,0.28145,0,229.48,playing,21
44.8811,5.8554,0,0.23865,0,229.3,playing,21
44.897,3.541,0,0.23865,0,229.42,playing,21
44.9141,3.541,0,0.27707,0,229.82,playing,21
44.9303,3.541,0,0.27707,0,230.55,playing,21
44.9464,0.6074,0,0.27707,0,231.53,playing,21
44.963,0.6074,0,0.28995,0,232.88,playing,21
44.9798,-0.9626,0,0.28995,0,234.44,playing,21
44.9969,-0.9626,0,0.26979,0,236.41,playing,21
45.0136,-0.9626,0,0.26979,0,238.7,playing,21
45.0298,-1.6775,0,0.2867,0,241.14,playing,21
45.0467,-1.6775,0,0.2867,0,244.05,playing,21
45.0628,-1.6775,0,0.32112,0,247.06,playing,21
45.0798,-1.8628,0,0.32112,0,250.59,playing,21
45.097,-1.8628,0,0.32112,0,254.43,playing,21
45.1141,-2.0175,0,0.30152,0,258.59,playing,21
45.1309,-2.0175,0,0.30152,0,263.07,playing,21
45.1471,-2.0175,0,0.30152,0,267.86,playing,21
45.1638,-2.4678,0,0.30152,0,272.66,playing,21
45.1804,-2.4678,0,0.30807,0,278.07,playing,21
45.1965,-2.4678,0,0.30807,0,283.45,playing,21
45.2126,-5.1684,0,0.30807,0,289.1,playing,21
45.2289,-5.1684,0,0.3261,0,295.04,playing,21
45.2458,-5.1684,0,0.3261,0,301.67,playing,21
45.2631,-5.1684,0,0.30134,0,308.62,playing,21
45.2799,-5.1684,0,0.25773,0,315.88,playing,21
45.2963,-19.0925,1,0.25773,0,323.46,playing,21
45.3123,-19.0925,0,0.22174,0,317.51,playing,21
45.3283,-19.0925,0,0.22174,0,311.83,playing,21
45.345,16.885,0,0.20413,0,306.12,playing,21
45.3608,16.885,0,0.20651,0,301.02,playing,21
45.3779,16.885,0,0.20651,0,296.21,playing,21
45.3946,16.6404,0,0.21804,0,291.41,playing,21
45.411,16.6404,0,0.26177,1,287.17,playing,21
45.4273,14.7001,0,0.26177,0,282.99,playing,21
45.4434,14.7001,0,0.229,0,279.34,playing,21
45.4601,14.7001,0,0.229,0,275.97,playing,21
45.4762,8.5598,0,0.229,0,272.71,playing,21
45.4929,8.5598,0,0.229,0,269.92,playing,21
45.5095,8.5598,0,0.31124,0,267.27,playing,21
45.5254,6.0386,0,0.31124,0,265.06,playing,21
45.5419,6.0386,0,0.31124,0,263.13,playing,21
45.5589,6.0386,0,0.29352,0,261.4,playing,21
45.5751,2.0125,0,0.29352,0,259.99,playing,21
45.5918,2.0125,0,0.32092,0,258.94,playing,21
45.6088,0.755,0,0.32092,0,258.14,playing,21
45.6257,0.755,0,0.29743,0,257.67,playing,21
45.6418,0.755,0,0.29743,0,257.51,playing,21
45.6587,-0.3333,0,0.31568,0,257.64,playing,21
45.6749,-0.3333,0,0.31568,0,258.05,playing,21
45.6919,-0.3333,0,0.30626,0,258.81,playing,21
45.7088,-2.162,0,0.30626,0,259.88,playing,21
45.7253,-2.162,0,0.30313,0,261.27,playing,21
45.7417,-2.2967,0,0.30313,0,262.87,playing,21
45.7589,-2.2967,0,0.30365,0,264.88,playing,21
45.7761,-2.2967,0,0.30365,0,267.2,playing,21
45.7928,-2.7374,0,0.29588,0,269.85,playing,21
45.8099,-2.7374,0,0.29588,0,272.81,playing,22
45.8263,-2.7374,0,0.29588,0,276.09,playing,22
45.842,-4.2915,0,0.31856,0,279.46,playing,22
45.8586,-4.2915,0,0.31856,0,283.11,playing,22
45.8748,-4.2915,0,0.29925,0,287.05,playing,22
45.8918,-27.4039,1,0.31313,0,291.54,playing,22
45.909,-27.4039,0,0.31313,0,285.23,playing,22
45.9261,-22.6118,0,0.31313,0,279.24,playing,22
45.943,-22.6118,0,0.31313,0,273.56,playing,22
45.9602,-22.6118,0,0.18675,0,268.2,playing,22
45.9766,-0.2358,0,0.18675,0,263.16,playing,22
45.9941,-0.2358,0,0.23028,1,258.44,playing,22
46.0109,-0.2358,0,0.23028,0,254.03,playing,22
46.028,15.9745,0,0.20179,0,249.95,playing,22
46.0449,15.9745,0,0.20179,0,246.18,playing,22
46.0617,16.8739,0,0.22986,0,242.73,playing,22
46.0777,16.8739,0,0.22986,0,239.76,playing,22
46.095,16.8739,0,0.25896,0,236.93,playing,22
46.1114,15.624,0,0.25896,0,234.41,playing,22
46.128,15.624,0,0.27435,0,232.32,playing,22
46.1462,15.624,0,0.27435,0,230.43,playing,22
46.1622,10.3063,0,0.30801,0,228.77,playing,22
46.1781,10.3063,0,0.30801,0,227.58,playing,22
46.1949,7.8627,0,0.30801,0,226.67,playing,22
46.2112,7.8627,0,0.29069,0,226.03,playing,22
46.229,7.8627,0,0.29069,0,225.7,playing,22
46.2453,5.2095,0,0.27683,0,225.69,playing,22
46.2616,5.2095,0,0.27683,0,225.96,playing,22
46.278,5.2095,0,0.29981,0,226.52,playing,22
46.2948,2.8987,0,0.29981,0,227.42,playing,22
46.3119,2.8987,0,0.28869,0,228.65,playing,22
46.3283,-1.5279,0,0.28869,0,230.19,playing,22
46.3441,-1.5279,0,0.28869,0,231.92,playing,22
46.3612,-1.5279,0,0.28869,0,233.94,playing,22
46.3778,-3.0419,0,0.31247,0,236.39,playing,22
46.3945,-3.0419,0,0.31247,0,239.17,playing,22
46.4106,-3.0419,0,0.27028,0,242.07,playing,22
46.4263,-18.1973,0,0.27028,0,245.24,playing,22
46.4427,-18.1973,0,0.31843,0,248.7,playing,22
46.459,-18.1973,0,0.31843,0,252.69,playing,22
46.4759,-26.6828,1,0.31843,0,256.73,playing,22
46.493,-26.6828,0,0.21609,0,250.42,playing,22
46.5091,-4.1599,0,0.21609,0,244.42,playing,22
46.5252,-4.1599,0,0.23334,1,239.06,playing,22
46.5414,-4.1599,0,0.23334,0,233.98,playing,22
46.5576,12.7356,0,0.23334,0,229.19,playing,22
46.5737,12.7356,0,0.23334,0,224.67,playing,22
46.5908,12.7356,0,0.23334,0,220.19,playing,22
46.6078,13.9242,0,0.20914,0,216.03,playing,22
46.6249,13.9242,0,0.20914,0,212.19,playing,22
46.642,11.8755,0,0.20108,0,208.66,playing,22
46.6583,11.8755,0,0.20108,0,205.45,playing,22
46.674,11.8755,0,0.19571,0,202.72,playing,22
46.6902,7.3631,0,0.19571,0,200.26,playing,22
46.7071,7.3631,0,0.20462,0,198.09,playing,22
46.7232,7.3631,0,0.20462,0,196.09,playing,22
46.7397,5.219,0,0.20462,0,194.5,playing,22
46.7552,5.219,0,0.29288,0,193.19,playing,22
46.7713,5.219,0,0.29288,0,192.16,playing,22
46.7876,3.5081,0,0.32649,0,191.41,playing,22
46.8037,3.5081,0,0.32649,0,190.94,playing,22
46.8208,3.5081,0,0.32649,0,190.76,playing,22
46.8377,0.1327,0,0.323,0,190.9,playing,22
46.8534,0.1327,0,0.323,0,191.31,playing,22
46.8691,-0.8483,0,0.35747,0,192.01,playing,22
46.8852,-0.8483,0,0.35747,0,192.99,playing,22
46.9018,-0.8483,0,0.35747,0,194.24,playing,22
46.918,-2.2797,0,0.30801,0,195.9,playing,22
46.9345,-2.2797,0,0.30801,0,197.74,playing,22
46.9502,-2.2797,0,0.31281,0,199.86,playing,22
46.9663,-2.2797,0,0.31281,0,202.26,playing,22
46.9819,-2.2797,0,0.31281,0,204.94,playing,22
46.9988,-2.2797,0,0.32405,0,207.9,playing,22
47.0159,-2.2797,0,0.32405,0,211.37,playing,22
47.0321,-2.2797,0,0.33631,0,215.16,playing,22
47.0489,-32.1525,1,0.33631,0,219.0,playing,22
47.0654,-31.2941,0,0.28111,0,212.69,playing,22
47.0814,-31.2941,0,0.28111,0,207.03,playing,22
47.0973,-22.524,0,0.28111,0,201.65,playing,22
47.1134,-22.524,0,0.20768,0,196.56,playing,22
47.1299,-22.524,0,0.20768,0,191.74,playing,22
47.1472,20.4041,0,0.2046,0,186.95,playing,22
47.1633,20.4041,0,0.2046,0,182.47,playing,22
47.1799,20.4041,0,0.20778,0,178.53,playing,22
47.197,21.5044,0,0.20778,0,174.67,playing,22
47.2136,21.5044,0,0.19408,0,171.13,playing,22
47.2308,16.4597,0,0.19408,0,167.9,playing,22
47.2475,16.4597,0,0.19408,0,164.99,playing,22
47.2632,16.4597,0,0.19408,0,162.53,playing,22
47.2791,12.4931,0,0.19408,0,160.36,playing,22
47.2962,12.4931,0,0.23382,1,158.47,playing,22
47.3129,12.4931,0,0.23382,0,156.77,playing,22
47.3299,9.1058,0,0.25775,0,155.4,playing,22
47.346,9.1058,0,0.25775,0,154.34,playing,22
47.3628,3.6729,0,0.25775,0,153.63,playing,22
47.3795,3.6729,0,0.2655,0,153.19,playing,22
47.3951,3.6729,0,0.2655,0,153.06,playing,22
47.4114,1.5091,0,0.27267,0,153.2,playing,22
47.4275,1.5091,0,0.27267,0,153.63,playing,22
47.4437,1.5091,0,0.30837,0,154.35,playing,22
47.4608,0.0149,0,0.30837,0,155.42,playing,22
47.4781,0.0149,0,0.30837,0,156.81,playing,22
47.4947,0.0149,0,0.30296,0,158.52,playing,22
47.512,-2.4743,0,0.30296,0,160.55,playing,22
47.5286,-2.4743,0,0.29851,0,162.9,playing,22
47.5451,-2.9073,0,0.29851,0,165.39,playing,22
47.5611,-2.9073,0,0.31461,0,168.35,playing,22
47.577,-2.9073,0,0.31461,0,171.42,playing,22
47.5931,-3.1989,0,0.31461,0,174.77,playing,22
47.6099,-3.1989,0,0.29268,0,178.41,playing,22
47.6267,-3.1989,0,0.29268,0,182.58,playing,22
47.6437,-3.0642,0,0.34161,0,187.08,playing,22
47.661,-3.0642,0,0.34161,0,191.9,playing,23
47.6777,-6.5263,0,0.34161,0,197.03,playing,23
47.6934,-6.5263,0,0.34161,0,202.14,playing,23
47.7102,-6.5263,0,0.34161,0,207.53,playing,23
47.7261,-33.7445,1,0.31164,0,213.58,playing,23
47.7433,-33.7445,0,0.31164,0,207.62,playing,23
47.7591,-33.7445,0,0.31401,0,201.61,playing,23
47.7758,-36.5685,0,0.31401,0,196.23,playing,23
47.7924,-36.5685,0,0.24194,0,190.84,playing,23
47.8089,-36.5685,0,0.24194,0,186.04,playing,23
47.8255,7.6137,0,0.25804,0,181.26,playing,23
47.8416,7.6137,0,0.25804,0,177.05,playing,23
47.8577,20.5841,0,0.25804,0,173.11,playing,23
47.8743,20.5841,0,0.19465,0,169.25,playing,23
47.8904,20.5841,0,0.19465,0,165.9,playing,23
47.9061,20.5841,0,0.22684,1,162.82,playing,23
47.9228,20.5841,0,0.22684,0,160.03,playing,23
47.94,20.5841,0,0.22684,0,157.39,playing,23
47.957,13.2322,0,0.15973,0,155.06,playing,23
47.9736,13.2322,0,0.15973,0,153.05,playing,23
47.9908,13.2322,0,0.25078,0,151.35,playing,23
48.0071,10.1639,0,0.25078,0,149.98,playing,23
48.0244,10.1639,0,0.26604,0,148.96,playing,23
48.0406,5.1725,0,0.26604,0,148.21,playing,23
48.0565,5.1725,0,0.26604,0,147.77,playing,23
48.0727,5.1725,0,0.2625,0,147.62,playing,23
48.0888,2.781,0,0.2625,0,147.76,playing,23
48.1056,2.781,0,0.27273,0,148.21,playing,23
48.1216,2.781,0,0.27273,0,148.92,playing,23
48.1375,0.0479,0,0.27752,0,149.92,playing,23
48.1541,0.0479,0,0.27752,0,151.19,playing,23
48.1708,0.0479,0,0.27752,0,152.87,playing,23
48.1874,-0.7489,0,0.33916,0,154.86,playing,23
48.2034,-0.7489,0,0.33916,0,157.01,playing,23
48.22,-1.6074,0,0.29399,0,159.45,playing,23
48.2367,-1.6074,0,0.29399,0,162.36,playing,23
48.2534,-1.6074,0,0.2842,0,165.58,playing,23
48.27,-2.997,0,0.2842,0,168.9,playing,23
48.2866,-2.997,0,0.30814,0,172.74,playing,23
48.304,-2.997,0,0.30814,0,176.9,playing,23
48.3204,-3.1498,0,0.30646,0,181.38,playing,23
48.3367,-3.1498,0,0.30033,0,185.87,playing,23
48.3539,-2.2045,0,0.30033,0,190.97,playing,23
48.3703,-2.2045,0,0.30372,0,196.38,playing,23
48.3859,-2.2045,0,0.30372,0,201.76,playing,23
48.402,-2.3698,0,0.31612,0,207.41,playing,23
48.4189,-2.3698,0,0.3078,0,213.35,playing,23
48.436,-2.3698,0,0.3078,0,219.98,playing,23
48.4528,-7.6186,0,0.30334,0,226.93,playing,23
48.4709,-7.6186,0,0.31879,0,234.19,playing,23
48.4872,-32.0969,1,0.31879,0,242.24,playing,23
48.5035,-32.0969,0,0.34394,0,236.28,playing,23
48.5195,-32.0969,0,0.34394,0,230.6,playing,23
48.5362,-20.1202,0,0.22216,0,225.21,playing,23
48.5531,-20.1202,0,0.22216,0,219.8,playing,23
48.5698,-20.1202,0,0.21676,0,214.7,playing,23
48.5869,20.2164,0,0.18209,0,209.92,playing,23
48.6038,20.2164,0,0.18209,0,205.46,playing,23
48.6201,20.2164,0,0.20186,0,201.32,playing,23
48.6367,24.5926,0,0.20186,0,197.7,playing,23
48.6541,24.5926,0,0.19567,0,194.17,playing,23
48.6724,22.2858,0,0.19567,1,190.96,playing,23
48.688,22.2858,0,0.24309,0,187.92,playing,23
48.7049,22.2858,0,0.24309,0,185.5,playing,23
48.7227,14.2774,0,0.26287,0,183.14,playing,23
48.7393,14.2774,0,0.28141,0,181.22,playing,23
48.7554,14.2774,0,0.28141,0,179.7,playing,23
48.7719,10.3734,0,0.29712,0,178.45,playing,23
48.7885,10.3734,0,0.29712,0,177.45,playing,23
48.8044,3.3574,0,0.29712,0,176.79,playing,23
48.8217,3.3574,0,0.27693,0,176.41,playing,23
48.8391,3.3574,0,0.26546,0,176.34,playing,23
48.8562,1.6001,0,0.26546,0,176.59,playing,23
48.8723,1.6001,0,0.3014,0,177.16,playing,23
48.8885,1.6001,0,0.3014,0,177.98,playing,23
48.904,-1.7796,0,0.27291,0,179.08,playing,23
48.9208,-1.7796,0,0.27291,0,180.46,playing,23
48.938,-2.8977,0,0.33419,0,182.25,playing,23
48.9548,-2.8977,0,0.33419,0,184.35,playing,23
48.9718,-2.8977,0,0.31122,0,186.77,playing,23
48.9888,-3.2387,0,0.31122,0,189.51,playing,23
49.0055,-3.2387,0,0.31122,0,192.56,playing,23
49.0219,-3.2387,0,0.32354,0,195.72,playing,23
49.0389,-3.609,0,0.32354,0,199.4,playing,23
49.0556,-3.609,0,0.29423,0,203.39,playing,23
49.0725,-3.87,0,0.3138,0,207.43,playing,23
49.0899,-3.87,0,0.3138,0,212.33,playing,23
49.107,-3.87,0,0.27308,0,217.27,playing,23
49.1237,-7.6383,0,0.27308,0,222.53,playing,23
49.1405,-7.6383,0,0.30536,0,228.12,playing,23
49.1562,-7.6383,0,0.30536,0,233.65,playing,23
49.1723,-31.3118,1,0.25395,0,239.47,playing,23
49.1886,-31.3118,0,0.25395,0,233.51,playing,23
49.2042,-31.3118,0,0.25395,0,227.83,playing,23
49.221,-12.5734,0,0.22823,0,222.44,playing,23
49.238,-12.5734,0,0.23793,0,217.02,playing,23
49.2549,15.0166,0,0.23793,0,211.92,playing,23
49.272,15.0166,0,0.22614,0,207.15,playing,23
49.2884,15.0166,0,0.22614,0,202.69,playing,23
49.3046,15.1356,0,0.21319,0,198.77,playing,23
49.3206,15.1356,0,0.21319,0,195.13,playing,23
49.3365,15.1356,0,0.21319,0,191.78,playing,23
49.3526,10.2668,0,0.25446,1,188.71,playing,23
49.3689,10.2668,0,0.25446,0,185.92,playing,23
49.3857,10.2668,0,0.23814,0,183.27,playing,23
49.402,7.7287,0,0.23814,0,180.94,playing,23
49.419,7.7287,0,0.28161,0,179.03,playing,23
49.4358,5.0509,0,0.28161,0,177.32,playing,23
49.4525,5.0509,0,0.30363,0,175.93,playing,23
49.4687,5.0509,0,0.30363,0,174.89,playing,23
49.4858,2.0211,0,0.27941,0,174.12,playing,23
49.5029,2.0211,0,0.27941,0,173.66,playing,24
49.5192,2.0211,0,0.28868,0,173.52,playing,24
49.5354,2.0211,0,0.28868,0,173.67,playing,24
49.552,2.0211,0,0.31084,0,174.1,playing,24
49.5687,-1.1418,0,0.31084,0,174.87,playing,24
49.5858,-1.1418,0,0.30839,0,175.97,playing,24
49.6029,-1.1418,0,0.26492,0,177.38,playing,24
49.6196,-1.3383,0,0.26492,0,179.11,playing,24
49.6356,-1.3383,0,0.28118,0,181.01,playing,24
49.6515,-1.3383,0,0.28118,0,183.2,playing,24
49.6678,-1.7987,0,0.29587,0,185.68,playing,24
49.6845,-1.7987,0,0.29587,0,188.62,playing,24
49.7005,-1.7987,0,0.29587,0,191.67,playing,24
49.7168,-1.336,0,0.28892,0,195.01,playing,24
49.7334,-1.336,0,0.28892,0,198.87,playing,24
49.7494,-1.766,0,0.28493,0,202.78,playing,24
49.7657,-1.766,0,0.28493,0,206.98,playing,24
49.7824,-1.766,0,0.29758,0,211.76,playing,24
49.7984,-2.3021,0,0.29758,0,216.54,playing,24
49.814,-2.3021,0,0.33133,0,221.59,playing,24
49.8308,-2.3021,0,0.33133,0,226.94,playing,24
49.8481,-9.1557,0,0.32675,0,232.93,playing,24
49.8653,-9.1557,0,0.32675,0,239.24,playing,24
49.8821,-22.972,1,0.27361,0,245.87,playing,24
49.8989,-22.972,0,0.27361,0,239.55,playing,24
49.916,-22.972,0,0.22482,0,233.56,playing,24
49.9322,-13.3067,0,0.22482,0,227.88,playing,24
49.9484,-13.3067,0,0.21455,0,222.82,playing,24
49.9648,-13.3067,0,0.21455,0,218.04,playing,24
49.9818,-1.5302,0,0.1787,0,213.28,playing,24
49.9988,-1.5302,0,0.1787,0,208.84,playing,24
50.0154,-1.5302,0,0.20319,0,204.72,playing,24
50.0311,18.2996,0,0.20319,0,201.12,playing,24
50.0481,18.2996,0,0.20319,0,197.8,playing,24
50.0645,17.4788,0,0.21177,0,194.59,playing,24
50.0803,17.4788,0,0.21177,0,191.85,playing,24
50.0962,17.4788,0,0.2798,1,189.4,playing,24
50.1126,15.2825,0,0.2798,0,187.22,playing,24
50.129,15.2825,0,0.29269,0,185.23,playing,24
50.146,15.2825,0,0.2845,0,183.64,playing,24
50.1627,12.1764,0,0.2845,0,182.26,playing,24
50.1795,12.1764,0,0.30652,0,181.2,playing,24
50.1953,12.1764,0,0.30652,0,180.49,playing,24
50.2117,6.3654,0,0.33918,0,180.06,playing,24
50.2288,6.3654,0,0.33918,0,179.92,playing,24
50.2456,1.8333,0,0.28941,0,180.09,playing,24
50.2615,1.8333,0,0.28941,0,180.54,playing,24
50.2778,1.8333,0,0.31127,0,181.27,playing,24
50.2944,0.4478,0,0.31127,0,182.37,playing,24
50.3108,0.4478,0,0.31127,0,183.68,playing,24
50.3274,0.4478,0,0.31604,0,185.39,playing,24
50.3431,-1.4776,0,0.31604,0,187.28,playing,24
50.3598,-1.4776,0,0.33631,0,189.45,playing,24
50.3765,-2.0831,0,0.33631,0,192.08,playing,24
50.3936,-2.0831,0,0.33631,0,195.02,playing,24
50.4098,-2.0831,0,0.35864,0,198.07,playing,24
50.4266,-2.3914,0,0.35864,0,201.64,playing,24
50.4432,-2.3914,0,0.30228,0,205.51,playing,24
50.4593,-2.3914,0,0.30228,0,209.45,playing,24
50.4758,-2.0685,0,0.30228,0,213.66,playing,24
50.4924,-2.0685,0,0.32137,0,218.46,playing,24
50.5086,-2.0685,0,0.32137,0,223.25,playing,24
50.525,-2.4993,0,0.32399,0,228.33,playing,24
50.5417,-2.4993,0,0.32399,0,234.04,playing,24
50.5588,-14.5014,0,0.29592,0,240.07,playing,24
50.5759,-14.5014,0,0.29592,0,246.42,playing,24
50.5924,-14.5014,0,0.29592,0,253.08,playing,24
50.6085,-30.4632,1,0.35451,0,259.64,playing,24
50.6251,-30.4632,0,0.35451,0,253.68,playing,24
50.6415,-30.4632,0,0.35451,0,247.67,playing,24
50.6578,-29.4084,0,0.32375,0,242.29,playing,24
50.6743,-29.4084,0,0.32375,0,236.9,playing,24
50.6912,-18.0153,0,0.29268,0,232.1,playing,24
50.7089,-7.3788,0,0.29268,0,227.06,playing,24
50.7257,-7.3788,0,0.20524,0,222.62,playing,24
50.7428,16.3533,0,0.20524,0,218.49,playing,24
50.7595,16.3533,0,0.20524,0,214.69,playing,24
50.7766,16.3533,0,0.23419,1,211.2,playing,24
50.7928,21.9346,0,0.23419,0,208.2,playing,24
50.8101,21.9346,0,0.23426,0,205.32,playing,24
50.8262,18.6247,0,0.23426,0,202.77,playing,24
50.842,18.6247,0,0.24189,0,200.65,playing,24
50.859,18.6247,0,0.24189,0,198.81,playing,24
50.8757,14.5037,0,0.20347,0,197.17,playing,24
50.8927,14.5037,0,0.20347,0,195.85,playing,24
50.9089,14.5037,0,0.20347,0,194.89,playing,24
50.9254,8.3469,0,0.21043,0,194.19,playing,24
50.9416,8.3469,0,0.21043,0,193.81,playing,24
50.958,8.3469,0,0.25475,0,193.71,playing,24
50.9748,5.5015,0,0.25475,0,193.93,playing,24
50.9933,5.5015,0,0.25475,0,194.46,playing,24
51.0094,0.6899,0,0.28161,0,195.38,playing,24
51.0252,0.6899,0,0.28161,0,196.48,playing,24
51.0415,0.6899,0,0.2686,0,197.86,playing,24
51.0573,-0.7235,0,0.2686,0,199.52,playing,24
51.0741,-0.7235,0,0.30027,0,201.47,playing,24
51.0908,-0.7235,0,0.30027,0,203.85,playing,24
51.1074,-1.7999,0,0.29455,0,206.55,playing,24
51.124,-1.7999,0,0.29455,0,209.38,playing,24
51.1413,-1.7999,0,0.29455,0,212.69,playing,24
51.1582,-2.0889,0,0.29455,0,216.33,playing,24
51.1745,-2.0889,0,0.29455,0,220.28,playing,24
51.1903,-2.8886,0,0.32382,0,224.29,playing,24
51.2063,-2.8886,0,0.32382,0,228.57,playing,24
51.2228,-2.8886,0,0.31235,0,233.14,playing,24
51.2393,-3.4346,0,0.31235,0,238.31,playing,24
51.255,-3.4346,0,0.33373,0,243.46,playing,24
51.2711,-3.4346,0,0.33373,0,248.88,playing,24
51.2874,-3.0019,0,0.33373,0,254.6,playing,24
51.3031,-3.0019,0,0.31451,0,260.59,playing,24
51.3201,-3.0019,0,0.31451,0,266.86,playing,24
51.3364,-3.9478,0,0.29224,0,273.84,playing,24
51.3521,-3.9478,0,0.29224,0,280.7,playing,24
51.3683,-33.603,1,0.34367,0,287.83,playing,25
51.384,-33.603,0,0.34367,0,281.88,playing,25
51.4004,-33.603,0,0.33968,0,276.2,playing,25
51.4166,-25.8141,0,0.2937,0,270.8,playing,25
51.4341,-25.8141,0,0.2937,0,265.39,playing,25
51.4509,-25.8141,0,0.2462,0,260.29,playing,25
51.4675,6.8843,0,0.2462,0,255.51,playing,25
51.4837,6.8843,0,0.2462,0,251.3,playing,25
51.5006,6.8843,0,0.23438,0,247.14,playing,25
51.5172,16.2142,0,0.27902,0,243.29,playing,25
51.5338,16.2142,0,0.27902,0,239.96,playing,25
51.5519,17.5795,0,0.27902,0,236.73,playing,25
51.5682,17.5795,0,0.17026,0,233.67,playing,25
51.5843,17.5795,0,0.17026,0,231.23,playing,25
51.6009,12.9702,0,0.20045,0,229.08,playing,25
51.6181,12.9702,0,0.22247,1,227.1,playing,25
51.6342,12.9702,0,0.22247,0,225.45,playing,25
51.6503,9.5857,0,0.26603,0,224.17,playing,25
51.6665,9.5857,0,0.26603,0,223.17,playing,25
51.6822,6.9918,0,0.29091,0,222.46,playing,25
51.6983,6.9918,0,0.29091,0,222.03,playing,25
51.7143,6.9918,0,0.29397,0,221.88,playing,25
51.7313,3.577,0,0.29397,0,222.01,playing,25
51.7463,3.577,0,0.29397,0,222.42,playing,25
51.7625,3.577,0,0.27344,0,223.12,playing,25
51.7784,1.7131,0,0.28198,0,224.09,playing,25
51.7944,1.7131,0,0.28198,0,225.35,playing,25
51.8105,1.7131,0,0.28198,0,226.89,playing,25
51.8298,-0.7853,0,0.28198,0,228.71,playing,25
51.8439,-0.7853,0,0.29511,0,230.96,playing,25
51.8609,-0.7853,0,0.30148,0,233.53,playing,25
51.8776,-1.517,0,0.30148,0,236.42,playing,25
51.8935,-1.517,0,0.31625,0,239.42,playing,25
51.9096,-0.4247,0,0.31625,0,242.7,playing,25
51.9263,-0.4247,0,0.31625,0,246.27,playing,25
51.9417,-0.4247,0,0.31625,0,250.11,playing,25
51.9578,-1.7676,0,0.3415,0,254.24,playing,25
51.9742,-1.7676,0,0.3415,0,258.94,playing,25
51.9899,-1.7676,0,0.3312,0,263.65,playing,25
52.0071,-2.6223,0,0.3312,0,268.64,playing,25
52.0228,-2.6223,0,0.30847,0,274.25,playing,25
52.0399,-2.6223,0,0.30847,0,279.82,playing,25
52.0561,-4.3482,0,0.31346,0,286.06,playing,25
52.0725,-4.3482,0,0.31346,0,292.21,playing,25
52.0884,-11.9194,0,0.33595,0,298.64,playing,25
52.1047,-11.9194,0,0.33595,0,305.35,playing,25
52.1215,-11.9194,0,0.27011,0,312.81,playing,25
52.1373,-26.1062,1,0.27011,0,320.1,playing,25
52.1537,-26.1062,0,0.27011,0,314.14,playing,25
52.1697,-26.1062,0,0.21986,0,308.47,playing,25
52.1855,-11.7316,0,0.21986,0,303.07,playing,25
52.2015,-11.7316,0,0.19278,0,297.96,playing,25
52.2178,-11.7316,0,0.19278,0,293.12,playing,25
52.235,11.6011,0,0.22781,1,288.31,playing,25
52.2513,11.6011,0,0.22781,0,283.81,playing,25
52.2676,18.1789,0,0.25351,0,279.86,playing,25
52.2839,18.1789,0,0.25351,0,276.19,playing,25
52.3011,18.1789,0,0.23406,0,272.61,playing,25
52.3172,17.5429,0,0.23406,0,269.34,playing,25
52.3332,17.5429,0,0.23406,0,266.55,playing,25
52.3494,17.5429,0,0.23406,0,264.04,playing,25
52.3662,11.4422,0,0.23406,0,261.82,playing,25
52.3823,11.4422,0,0.23396,0,259.77,playing,25
52.3983,11.4422,0,0.23396,0,258.12,playing,25
52.4147,8.1868,0,0.25843,0,256.76,playing,25
52.4318,8.1868,0,0.25843,0,255.62,playing,25
52.4486,3.5151,0,0.25043,0,254.81,playing,25
52.4643,3.5151,0,0.25043,0,254.32,playing,25
52.48,3.5151,0,0.25043,0,254.12,playing,25
52.4968,1.7614,0,0.30401,0,254.2,playing,25
52.5139,1.7614,0,0.30401,0,254.6,playing,25
52.53,1.7614,0,0.28702,0,255.32,playing,25
52.5462,0.2878,0,0.28702,0,256.28,playing,25
52.5623,0.2878,0,0.28702,0,257.52,playing,25
52.5784,0.2878,0,0.28702,0,259.04,playing,25
52.595,-0.3745,0,0.28702,0,260.84,playing,25
52.6118,-0.3745,0,0.27686,0,263.08,playing,25
52.629,-1.4296,0,0.27686,0,265.63,playing,25
52.6457,-1.4296,0,0.31199,0,268.5,playing,25
52.6629,-1.4296,0,0.31199,0,271.69,playing,25
52.6791,-2.596,0,0.2966,0,275.19,playing,25
52.6961,-2.596,0,0.2966,0,278.77,playing,25
52.7125,-2.596,0,0.35609,0,282.89,playing,25
52.7292,-2.9728,0,0.35609,0,287.06,playing,25
52.7458,-2.9728,0,0.35609,0,291.8,playing,25
52.762,-15.7793,0,0.305,0,296.85,playing,25
52.7781,-15.7793,0,0.305,0,301.89,playing,25
52.795,-15.7793,0,0.32843,0,307.22,playing,25
52.8111,-24.6863,1,0.32843,0,313.19,playing,25
52.8273,-24.6863,0,0.28161,0,307.23,playing,25
52.8439,-24.6863,0,0.28161,0,301.56,playing,25
52.861,-15.3841,0,0.28161,0,295.84,playing,25
52.8779,-15.3841,0,0.25098,0,290.45,playing,25
52.8943,-15.3841,0,0.25098,0,285.37,playing,25
52.9105,-15.3841,0,0.20361,0,280.87,playing,25
52.9268,-15.3841,0,0.20361,0,276.66,playing,25
52.9434,10.8634,0,0.20361,0,272.49,playing,25
52.96,18.7799,0,0.20361,0,268.86,playing,25
52.9762,18.7799,0,0.20361,0,265.31,playing,25
52.9928,19.3331,0,0.19778,0,262.26,playing,25
53.0095,19.3331,0,0.19778,0,259.33,playing,25
53.0248,19.3331,0,0.19778,0,256.86,playing,25
53.0414,13.2527,0,0.19778,0,254.67,playing,25
53.0581,13.2527,0,0.18517,0,252.76,playing,25
53.0746,13.2527,0,0.18517,0,251.04,playing,25
53.0914,10.0261,0,0.26713,1,249.65,playing,25
53.107,10.0261,0,0.26713,0,248.62,playing,25
53.1231,3.7916,0,0.22129,0,247.87,playing,25
53.1391,3.7916,0,0.22129,0,247.4,playing,25
53.1552,3.7916,0,0.22129,0,247.22,playing,25
53.171,1.8017,0,0.26978,0,247.31,playing,25
53.1872,1.8017,0,0.26978,0,247.69,playing,25
53.203,1.8017,0,0.24255,0,248.35,playing,25
53.2196,-0.031,0,0.24255,0,249.29,playing,26
53.2351,-0.031,0,0.24976,0,250.51,playing,26
53.2514,-0.031,0,0.24976,0,252.02,playing,26
53.2674,-2.2666,0,0.24976,0,253.8,playing,26
53.283,-2.2666,0,0.24976,0,255.87,playing,26
53.2993,-2.2666,0,0.24976,0,258.22,playing,26
53.3152,-2.6721,0,0.27374,0,260.85,playing,26
53.3313,-2.6721,0,0.27374,0,263.76,playing,26
53.3473,-2.6721,0,0.27374,0,266.96,playing,26
53.364,-0.8343,0,0.32818,0,270.67,playing,26
53.3801,-0.8343,0,0.32818,0,274.44,playing,26
53.397,-1.9516,0,0.28493,0,278.5,playing,26
53.4137,-1.9516,0,0.28493,0,283.13,playing,26
53.4304,-1.9516,0,0.33439,0,288.07,playing,26
53.4467,-2.531,0,0.33439,0,293.01,playing,26
53.4635,-2.531,0,0.27248,0,298.57,playing,26
53.4796,-2.531,0,0.27248,0,304.09,playing,26
53.4957,-2.5748,0,0.30298,0,309.88,playing,26
53.5126,-2.5748,0,0.30298,0,316.36,playing,26
53.5282,-4.4359,0,0.30298,0,322.74,playing,26
53.5442,-4.4359,0,0.29417,0,329.4,playing,26
53.5605,-4.4359,0,0.29417,0,336.35,playing,26
53.5761,-5.0924,0,0.35017,0,343.57,playing,26
53.5918,-5.0924,0,0.35017,0,351.07,playing,26
53.6084,-5.0924,0,0.35017,0,358.86,playing,26
53.6251,-1.7154,0,0.32519,0,366.93,playing,26
53.6419,-1.7154,0,0.32519,0,375.82,playing,26
53.6586,-1.7154,0,0.3367,0,385.03,playing,26
53.6747,-18.0099,0,0.3367,0,393.98,playing,26
53.6915,-18.0099,0,0.3511,0,403.81,playing,26
53.7077,-30.5989,1,0.3511,0,413.33,playing,26
53.7248,-22.9088,0,0.26274,0,407.02,playing,26
53.7419,-22.9088,0,0.26274,0,401.03,playing,26
53.7584,-7.8141,0,0.26274,0,395.35,playing,26
53.7751,-7.8141,0,0.25366,0,390.29,playing,26
53.7913,-7.8141,0,0.25366,0,385.23,playing,26
53.8076,21.4796,0,0.22599,0,380.75,playing,26
53.824,21.4796,0,0.22599,0,376.55,playing,26
53.8403,21.4796,0,0.30376,0,372.41,playing,26
53.8565,20.6544,0,0.30376,0,368.79,playing,26
53.8725,20.6544,0,0.30376,0,365.46,playing,26
53.8879,17.1599,0,0.19659,0,362.4,playing,26
53.9048,17.1599,0,0.19659,0,359.63,playing,26
53.9215,17.1599,0,0.25201,1,357.0,playing,26
53.9377,9.8156,0,0.25201,0,354.81,playing,26
53.9543,9.8156,0,0.26303,0,352.8,playing,26
53.9709,9.8156,0,0.26303,0,351.19,playing,26
53.9873,6.9127,0,0.26303,0,349.79,playing,26
54.0029,6.9127,0,0.30508,0,348.76,playing,26
54.0197,6.9127,0,0.30508,0,348.01,playing,26
54.0364,2.2715,0,0.32117,0,347.54,playing,26
54.0521,2.2715,0,0.32117,0,347.37,playing,26
54.0688,1.2649,0,0.32117,0,347.48,playing,26
54.0849,1.2649,0,0.31925,0,347.92,playing,26
54.102,1.2649,0,0.31925,0,348.62,playing,26
54.1186,-1.1804,0,0.31281,0,349.67,playing,26
54.1342,-1.1804,0,0.31281,0,350.95,playing,26
54.1507,-1.1804,0,0.29735,0,352.5,playing,26
54.1671,-2.1001,0,0.29735,0,354.34,playing,26
54.1838,-2.1001,0,0.32323,0,356.61,playing,26
54.2006,-2.1001,0,0.32323,0,359.2,playing,26
54.2168,-3.5547,0,0.32323,0,361.92,playing,26
54.2336,-3.5547,0,0.26604,0,365.13,playing,26
54.2491,-31.4203,1,0.26604,0,368.43,playing,26
54.2658,-31.4203,0,0.3077,0,362.47,playing,26
54.282,-31.4203,0,0.3077,0,356.79,playing,26
54.2984,-26.3281,0,0.29588,0,351.08,playing,26
54.3141,-26.3281,0,0.29588,0,345.98,playing,26
54.3301,-26.3281,0,0.29588,0,341.17,playing,26
54.3465,12.9619,0,0.23567,0,336.63,playing,26
54.3628,12.9619,0,0.23567,0,332.38,playing,26
54.3801,12.9619,0,,0,328.18,playing,26
54.3967,18.7012,0,,0,324.3,playing,26
54.4123,18.7012,0,0.22841,0,320.93,playing,26
54.4284,17.9736,0,0.18701,0,317.84,playing,26
54.444,17.9736,0,0.18701,0,315.03,playing,26
54.46,17.9736,0,0.18079,0,312.51,playing,26
54.4772,11.4518,0,0.18079,0,310.26,playing,26
54.4937,11.4518,0,0.2215,1,308.2,playing,26
54.5097,11.4518,0,0.17558,0,306.53,playing,26
54.5263,8.5811,0,0.17558,0,305.08,playing,26
54.543,8.5811,0,0.22615,0,304.0,playing,26
54.5594,8.5811,0,0.22615,0,303.16,playing,26
54.5758,8.5811,0,0.22728,0,302.66,playing,26
54.5925,8.5811,0,0.23815,0,302.45,playing,26
54.6086,2.2474,0,0.23815,0,302.52,playing,26
54.6243,2.2474,0,0.24278,0,302.88,playing,26
54.6402,2.2474,0,0.24278,0,303.53,playing,26
54.6568,0.4686,0,0.24994,0,304.45,playing,26
54.6736,0.4686,0,0.26763,0,305.75,playing,26
54.69,0.4686,0,0.26763,0,307.25,playing,26
54.706,-2.3338,0,0.28495,0,309.17,playing,26
54.7229,-2.3338,0,0.33124,0,311.25,playing,26
54.7401,-2.3338,0,0.33124,0,313.79,playing,26
54.7568,-0.9676,0,0.28549,0,316.64,playing,26
54.7738,-0.9676,0,0.27842,0,319.81,playing,26
54.7907,-2.9864,0,0.27842,0,323.29,playing,26
54.8068,-2.9864,0,0.26627,0,326.86,playing,26
54.8237,-2.9864,0,0.26627,0,330.96,playing,26
54.8405,-2.9864,0,0.30855,0,335.38,playing,26
54.8567,-2.9864,0,0.30855,0,339.82,playing,26
54.8729,-2.9864,0,0.31816,0,344.86,playing,26
54.89,-3.1184,0,0.31816,0,349.89,playing,26
54.9072,-3.1184,0,0.2993,0,355.54,playing,26
54.9234,-3.4078,0,0.2993,0,361.52,playing,26
54.9391,-3.4078,0,0.35084,0,367.42,playing,26
54.9559,-3.4078,0,0.35084,0,373.61,playing,26
54.9721,-2.9387,0,0.35084,0,380.5,playing,26
54.9883,-2.9387,0,0.31489,0,387.26,playing,26
55.0051,-2.9387,0,0.31489,0,394.31,playing,26
55.0222,-8.0647,0,0.33062,0,402.12,playing,26
55.0386,-8.0647,0,0.33062,0,410.24,dead,26
55.0549,-8.0647,0,0.32074,0,418.17,dead,26
55.0722,-30.1671,1,0.29839,0,426.91,dead,26
55.0883,-30.1671,0,0.29839,0,285.0,playing,0
55.1043,-22.2109,0,0.29839,0,279.04,playing,0
55.1212,-22.2109,0,0.25045,0,273.36,playing,0
55.1373,-22.2109,0,0.25045,0,267.65,playing,0
55.1539,5.3699,0,0.20211,0,262.56,playing,0
55.1707,5.3699,0,0.18663,0,257.46,playing,0
55.1877,5.3699,0,0.18663,0,252.68,playing,0
55.205,16.4137,0,0.19403,0,248.22,playing,0
55.2215,16.4137,0,0.19403,0,244.08,playing,0
55.2373,15.2791,0,0.22726,1,240.46,playing,0
55.253,15.2791,0,0.22726,0,237.12,playing,0
55.2697,15.2791,0,0.18285,0,234.07,playing,0
55.2867,12.4309,0,0.18285,0,231.14,playing,0
55.3034,12.4309,0,0.28588,0,228.53,playing,0
55.3194,12.4309,0,0.28588,0,226.36,playing,0
55.3358,9.6556,0,0.28588,0,224.46,playing,0
55.3526,9.6556,0,0.29413,0,222.77,playing,0
55.3685,9.6556,0,0.29413,0,221.46,playing,0
55.3845,5.2018,0,0.32337,0,220.43,playing,0
55.4004,5.2018,0,0.32337,0,219.68,playing,0
55.4175,3.3,0,0.25447,0,219.21,playing,0
55.4333,3.3,0,0.25447,0,219.03,playing,0
55.4502,3.3,0,0.29588,0,219.15,playing,0
55.4661,1.4118,0,0.29588,0,219.59,playing,0
55.4825,1.4118,0,0.29702,0,220.28,playing,0
55.4982,1.4118,0,0.29702,0,221.26,playing,0
55.5151,-1.5048,0,0.33951,0,222.51,playing,0
55.5312,-1.5048,0,0.33951,0,224.17,playing,0
55.5472,-1.5048,0,0.30454,0,226.01,playing,0
55.5632,-1.9489,0,0.30454,0,228.13,playing,0
55.5801,-1.9489,0,0.27708,0,230.53,playing,0
55.5965,-2.3657,0,0.27708,0,233.4,playing,0
55.6124,-2.3657,0,0.3272,0,236.38,playing,0
55.6282,-2.3657,0,0.3272,0,239.64,playing,0
55.6445,-2.8757,0,0.25843,0,243.19,playing,0
55.6604,-2.8757,0,0.25843,0,247.02,playing,0
55.6769,-2.8757,0,0.25843,0,251.13,playing,0
55.693,-27.3319,1,0.30442,0,255.81,playing,0
55.709,-27.3319,0,0.30442,0,249.85,playing,0
55.7252,-27.3319,0,0.31911,0,244.17,playing,0
55.7416,-30.5566,0,0.31911,0,238.78,playing,0
55.7575,-30.5566,0,0.16718,0,233.67,playing,0
55.7739,-30.5566,0,0.16718,0,228.83,playing,0
55.7901,-1.1401,0,0.20914,0,224.02,playing,0
55.8065,-1.1401,0,0.20914,0,219.77,playing,0
55.823,17.9952,0,0.20228,0,215.8,playing,0
55.8391,17.9952,0,0.20228,0,211.9,playing,0
55.8553,17.9952,0,0.20303,0,208.51,playing,0
55.8715,20.562,0,0.20303,0,205.4,playing,0
55.8885,20.562,0,0.17442,0,202.42,playing,0
55.9049,20.562,0,0.25505,1,199.89,playing,0
55.9232,14.8133,0,0.25505,0,197.4,playing,0
55.9391,14.8133,0,0.1865,0,195.38,playing,0
55.9559,14.8133,0,0.1865,0,193.75,playing,0
55.9722,11.5689,0,0.29451,0,192.33,playing,0
55.9885,11.5689,0,0.29451,0,191.29,playing,0
56.0051,8.4928,0,0.29247,0,190.52,playing,0
56.0216,8.4928,0,0.29247,0,190.02,playing,0
56.039,8.4928,0,0.29247,0,189.84,playing,0
56.0553,3.1261,0,0.29289,0,189.98,playing,0
56.0715,3.1261,0,0.29289,0,190.4,playing,0
56.0877,3.1261,0,0.32901,0,191.09,playing,0
56.1036,1.6121,0,0.32901,0,192.07,playing,0
56.1194,1.6121,0,0.32875,0,193.32,playing,0
56.1352,1.6121,0,0.32875,0,194.86,playing,0
56.1517,-0.6523,0,0.32569,0,196.68,playing,0
56.1677,-0.6523,0,0.32569,0,198.79,playing,0
56.1844,-1.7616,0,0.29577,0,201.34,playing,0
56.2003,-1.7616,0,0.29577,0,204.02,playing,0
56.216,-1.7616,0,0.27601,0,206.99,playing,0
56.2327,-2.9513,0,0.27601,0,210.23,playing,0
56.2485,-2.9513,0,0.28108,0,213.76,playing,0
56.2642,-2.9513,0,0.28108,0,217.57,playing,0
56.2808,-2.8591,0,0.30878,0,221.66,playing,0
56.2981,-2.8591,0,0.30878,0,226.33,playing,0
56.3149,-2.8591,0,0.29274,0,231.31,playing,0
56.3314,-2.7658,0,0.29274,0,236.61,playing,0
56.3469,-2.7658,0,0.28781,0,241.88,playing,0
56.3634,-5.5978,0,0.28781,0,247.43,playing,0
56.379,-5.5978,0,0.28781,0,253.27,playing,0
56.3953,-5.5978,0,0.28781,0,259.38,playing,0
56.4111,-27.7833,1,0.28848,0,265.78,playing,0
56.4273,-27.7833,0,0.28848,0,259.82,playing,0
56.4433,-27.7833,0,0.3007,0,254.14,playing,0
56.4596,-18.0167,0,0.3007,0,248.75,playing,0
56.4762,-18.0167,0,,0,243.33,playing,0
56.4924,-18.0167,0,,0,238.52,playing,0
56.5087,3.2446,0,,0,233.99,playing,0
56.5249,3.2446,0,0.17763,0,229.73,playing,0
56.5412,15.5647,0,0.17763,0,225.54,playing,0
56.5576,15.5647,0,0.17054,0,221.87,playing,0
56.5733,15.5647,0,0.17054,0,218.48,playing,0
56.5896,14.4421,0,0.17054,0,215.37,playing,0
56.6057,14.4421,0,0.20553,0,212.54,playing,0
56.6225,14.4421,0,0.20553,0,209.86,playing,0
56.6381,12.2586,0,0.1833,0,207.61,playing,0
56.6545,12.2586,0,0.1833,0,205.65,playing,0
56.6701,12.2586,0,0.25647,1,203.97,playing,0
56.6862,7.5056,0,0.25647,0,202.57,playing,0
56.7033,7.5056,0,0.25647,0,201.45,playing,0
56.7198,7.5056,0,0.28266,0,200.58,playing,0
56.736,5.4192,0,0.28266,0,200.03,playing,0
56.7529,5.4192,0,0.29704,0,199.79,playing,0
56.7695,3.1956,0,0.29704,0,199.85,playing,0
56.785,3.1956,0,0.33154,0,200.2,playing,0
56.8019,3.1956,0,0.33154,0,200.82,playing,0
56.8191,0.2454,0,0.33154,0,201.8,playing,0
56.8358,0.2454,0,,0,203.1,playing,0
56.8528,0.2454,0,,0,204.72,playing,0
56.8693,-0.2291,0,0.33799,0,206.65,playing,0
56.8854,-0.2291,0,0.33799,0,208.75,playing,0
56.9018,-1.7107,0,0.31329,0,211.14,playing,0
56.9189,-1.7107,0,0.31329,0,213.99,playing,0
56.936,-1.7107,0,0.27354,0,217.16,playing,0
56.9529,-2.5318,0,0.27354,0,220.64,playing,0
56.9696,-2.5318,0,0.33134,0,224.45,playing,0
56.9853,-2.5318,0,0.33134,0,228.31,playing,0
57.0014,-2.5318,0,0.33134,0,232.46,playing,0
57.0172,-2.5318,0,0.31311,0,236.88,playing,0
57.0335,-2.5318,0,0.31311,0,241.59,playing,0
57.0492,-28.6804,1,0.33417,0,246.58,playing,0
57.0655,-28.6804,0,0.33417,0,240.62,playing,0
57.0818,-20.0427,0,0.33417,0,234.94,playing,0
57.0982,-20.0427,0,0.29515,0,229.23,playing,0
57.1144,-20.0427,0,0.29515,0,224.13,playing,0
57.1308,12.9221,0,0.23512,0,219.32,playing,0
57.1476,12.9221,0,0.23512,0,214.52,playing,0
57.1636,12.9221,0,0.23512,0,210.29,playing,0
57.1799,18.369,0,0.21309,0,206.34,playing,0
57.196,18.369,0,0.21309,0,202.45,playing,0
57.2129,18.369,0,0.24694,1,199.08,playing,0
57.2292,16.689,0,0.24694,0,195.82,playing,0
57.2452,16.689,0,0.24275,0,193.03,playing,0
57.2617,13.3568,0,0.24275,0,190.52,playing,0
57.2774,10.3943,0,0.24275,0,188.29,playing,0
57.294,10.3943,0,0.24685,0,186.35,playing,0
57.311,7.8628,0,0.24685,0,184.6,playing,0
57.3274,7.8628,0,0.31166,0,183.17,playing,0
57.3437,7.8628,0,0.31166,0,182.1,playing,0
57.3596,5.4385,0,0.27834,0,181.32,playing,0
57.377,5.4385,0,0.27834,0,180.8,playing,0
57.3931,5.4385,0,0.27834,0,180.6,playing,0
57.4094,1.3848,0,0.33394,0,180.7,playing,0
57.4254,1.3848,0,0.33394,0,181.08,playing,0
57.4416,0.4215,0,0.32719,0,181.74,playing,0
57.4579,-0.7238,0,0.2988,0,182.68,playing,0
57.4749,-0.7238,0,0.2988,0,184.0,playing,0
57.4921,0.7402,0,0.2988,0,185.63,playing,0
57.5092,0.7402,0,0.33485,0,187.58,playing,0
57.5269,0.7402,0,0.33485,0,190.01,playing,0
57.5436,-0.6273,0,0.32664,0,192.62,playing,1
57.5597,-0.6273,0,0.32664,0,195.35,playing,1
57.5755,-0.6273,0,0.35998,0,198.37,playing,1
57.592,-2.2515,0,0.31225,0,201.67,playing,1
57.6089,-2.2515,0,0.31225,0,205.49,playing,1
57.6256,-2.4595,0,0.33334,0,209.63,playing,1
57.6415,-2.4595,0,0.33334,0,213.81,playing,1
57.6575,-2.4595,0,0.34843,0,218.27,playing,1
57.6737,-3.1304,0,0.34843,0,223.02,playing,1
57.6906,-3.1304,0,0.32118,0,228.37,playing,1
57.707,-3.1304,0,0.32118,0,233.7,playing,1
57.7239,-2.8224,0,0.32062,0,239.67,playing,1
57.7409,-2.8224,0,0.32062,0,245.96,playing,1
57.758,-2.4304,0,0.35517,0,252.57,playing,1
57.7748,-2.4304,0,0.35517,0,259.5,playing,1
57.7919,-2.4304,0,0.35517,0,266.74,playing,1
57.8084,-22.5159,1,0.3529,0,274.31,playing,1
57.8245,-22.5159,0,0.3529,0,268.35,playing,1
57.8402,-22.5159,0,0.33881,0,262.67,playing,1
57.8571,-30.6065,0,0.27534,0,257.28,playing,1
57.8736,-30.6065,0,0.27534,0,251.86,playing,1
57.8898,-30.6065,0,0.22285,0,247.05,playing,1
57.9064,-13.4001,0,0.22285,0,242.25,playing,1
57.922,-13.4001,0,0.22285,0,238.02,playing,1
57.9389,-2.5869,0,0.22285,0,234.06,playing,1
57.9559,-2.5869,0,0.21728,0,230.18,playing,1
57.9724,-2.5869,0,0.21728,0,226.62,playing,1
57.9879,11.2939,0,0.23338,1,223.55,playing,1
58.0048,11.2939,0,0.23338,0,220.76,playing,1
58.0215,11.2939,0,0.17957,0,218.11,playing,1
58.038,23.6864,0,0.17957,0,215.9,playing,1
58.0548,23.6864,0,0.20455,0,213.87,playing,1
58.0718,19.8159,0,0.20455,0,212.16,playing,1
58.0888,19.8159,0,0.23783,0,210.77,playing,1
58.1054,19.8159,0,0.23783,0,209.69,playing,1
58.1213,15.3319,0,0.28017,0,208.96,playing,1
58.1374,15.3319,0,0.28017,0,208.51,playing,1
58.1534,15.3319,0,0.28017,0,208.34,playing,1
58.169,8.2405,0,0.28017,0,208.45,playing,1
58.1861,8.2405,0,0.26235,0,208.85,playing,1
58.2026,8.2405,0,0.30815,0,209.59,playing,1
58.2187,4.9334,0,0.30815,0,210.56,playing,1
58.2347,4.9334,0,0.27723,0,211.82,playing,1
58.2506,4.9334,0,0.27723,0,213.36,playing,1
58.2664,0.2495,0,0.29314,0,215.18,playing,1
58.2826,0.2495,0,0.29314,0,217.28,playing,1
58.2997,-0.6679,0,0.32078,0,219.84,playing,1
58.3159,-0.6679,0,0.32078,0,222.52,playing,1
58.3329,-0.6679,0,0.32078,0,225.69,playing,1
58.3501,-2.7859,0,0.32078,0,229.17,playing,1
58.3667,-2.7859,0,0.31147,0,232.98,playing,1
58.3832,-2.7859,0,0.31147,0,237.1,playing,1
58.3995,-2.7859,0,0.26605,0,241.26,playing,1
58.4155,-2.7859,0,0.26605,0,245.71,playing,1
58.4317,-3.3937,0,0.27686,0,250.43,playing,1
58.4488,-17.4093,0,0.27686,0,255.77,playing,1
58.4658,-17.4093,0,0.2698,0,261.42,playing,1
58.4824,-27.0927,1,0.2698,0,267.4,playing,1
58.4985,-27.0927,0,0.2698,0,261.44,playing,1
58.5141,-27.0927,0,0.24315,0,255.76,playing,1
58.5302,-14.3352,0,0.18308,0,250.37,playing,1
58.5462,-14.3352,0,0.18308,0,245.25,playing,1
58.5623,-14.3352,0,0.18308,1,240.42,playing,1
58.5794,15.5635,0,0.22974,0,235.61,playing,1
58.5954,15.5635,0,0.19156,0,231.36,playing,1
58.6121,16.4098,0,0.19156,0,227.39,playing,1
58.6281,16.4098,0,0.22223,0,223.49,playing,1
58.6447,16.4098,0,0.22223,0,220.1,playing,1
58.6606,13.8452,0,0.24208,0,216.99,playing,1
58.6761,13.8452,0,0.24208,0,214.16,playing,1
58.693,13.8452,0,0.29599,0,211.62,playing,1
58.71,8.6519,0,0.29599,0,209.24,playing,1
58.7272,8.6519,0,0.29599,0,207.17,playing,1
58.7439,8.6519,0,0.29599,0,205.42,playing,1
58.7601,6.2476,0,0.27823,0,203.99,playing,1
58.7764,6.2476,0,0.27823,0,202.92,playing,1
58.7922,4.0029,0,0.28174,0,202.14,playing,1
58.8081,4.0029,0,0.28174,0,201.64,playing,1
58.8249,4.0029,0,0.30183,0,201.41,playing,1
58.842,1.9575,0,0.30183,0,201.5,playing,1
58.8586,1.9575,0,0.30183,0,201.9,playing,1
58.8741,1.9575,0,0.30019,0,202.56,playing,1
58.8912,-0.5564,0,0.30019,0,203.5,playing,1
58.9081,-0.5564,0,0.3094,0,204.82,playing,1
58.9239,-0.5564,0,0.3094,0,206.45,playing,1
58.9403,-0.2791,0,0.30377,0,208.27,playing,1
58.9562,-0.2791,0,0.30377,0,210.38,playing,1
58.9725,-2.7406,0,0.33619,0,212.76,playing,1
58.9889,-2.7406,0,0.33619,0,215.42,playing,1
59.0054,-2.7406,0,0.32886,0,218.57,playing,1
59.0212,-3.8707,0,0.32886,0,221.82,playing,1
59.0377,-3.8707,0,0.33089,0,225.35,playing,1
59.054,-3.8707,0,0.33089,0,229.16,playing,1
59.0707,-3.9221,0,0.31709,0,233.52,playing,1
59.0873,-3.9221,0,0.31709,0,238.21,playing,1
59.1034,-3.9221,0,0.33097,0,242.9,playing,1
59.1195,-5.3757,0,0.33097,0,247.87,playing,1
59.135,-5.3757,0,0.33097,0,253.12,playing,1
59.1521,-34.4245,1,0.33097,0,258.66,playing,1
59.1681,-34.4245,0,,0,252.34,playing,1
59.1843,-34.4245,0,,0,246.68,playing,1
59.2003,-25.6042,0,,0,241.31,playing,1
59.2169,-25.6042,0,0.25449,0,236.21,playing,1
59.2342,-25.6042,0,0.25449,0,231.11,playing,1
59.2507,-16.2066,0,,0,226.34,playing,1
59.2677,-16.2066,0,0.2645,0,221.87,playing,1
59.2848,-16.2066,0,0.2645,0,217.73,playing,1
59.3014,22.9359,0,0.25082,0,213.91,playing,1
59.3173,22.9359,0,0.25082,0,210.59,playing,1
59.3328,18.9042,0,0.26982,0,207.55,playing,1
59.3494,18.9042,0,0.26982,0,204.8,playing,1
59.3654,18.9042,0,0.27062,0,202.32,playing,1
59.3814,14.8926,0,0.27062,0,200.13,playing,1
59.3975,14.8926,0,0.27055,0,198.22,playing,2
59.414,14.8926,0,0.27055,0,196.59,playing,2
59.4306,11.5403,0,0.27055,0,195.18,playing,2
59.4461,11.5403,0,0.30769,0,194.13,playing,2
59.4627,11.5403,0,0.30769,0,193.36,playing,2
59.4785,5.556,0,0.31103,0,192.88,playing,2
59.4947,5.556,0,0.31103,0,192.68,playing,2
59.5119,3.0594,0,0.31103,0,192.78,playing,2
59.5287,3.0594,0,0.32333,0,193.2,playing,2
59.5457,3.0594,0,0.32333,0,193.94,playing,2
59.5628,-0.3518,0,0.3415,0,194.99,playing,2
59.5796,-0.3518,0,0.3415,0,196.37,playing,2
59.5957,-0.3518,0,0.29972,0,197.94,playing,2
59.6128,-1.2464,0,0.29972,0,199.8,playing,2
59.6299,-1.2464,0,0.29972,0,202.09,playing,2
59.6464,-2.4719,0,0.33803,0,204.87,playing,2
59.6625,-2.4719,0,0.33803,0,207.62,playing,2
59.6781,-2.4719,0,0.34459,0,210.66,playing,2
59.6941,-3.0399,0,0.34459,0,213.97,playing,2
59.7111,-3.0399,0,0.32836,0,217.57,playing,2
59.7277,-3.0399,0,0.32836,0,221.71,playing,2
59.7437,-3.0468,0,0.34396,0,225.89,playing,2
59.7608,-3.0468,0,0.34396,0,230.65,playing,2
59.7773,-3.0468,0,0.34396,0,235.73,playing,2
59.7939,-15.4452,0,0.33186,0,240.79,playing,2
59.8104,-15.4452,0,0.33186,0,246.48,playing,2
59.8265,-15.4452,0,0.34809,0,252.12,playing,2
59.8426,-29.5721,1,0.34809,0,258.04,playing,2
59.8587,-29.5721,0,0.34809,0,252.08,playing,2
59.8753,-22.9573,0,0.30669,0,246.07,playing,2
59.8915,-22.9573,0,0.30669,0,240.69,playing,2
59.9071,-22.9573,0,0.31797,0,235.6,playing,2
59.9237,8.9038,0,0.31797,0,230.78,playing,2
59.9398,8.9038,0,0.20064,0,226.25,playing,2
59.9564,8.9038,0,0.20064,0,221.75,playing,2
59.9725,14.2451,0,,0,217.8,playing,2
59.9887,14.2451,0,,0,214.13,playing,2
60.0043,14.2451,0,,0,210.74,playing,2
60.0205,11.7498,0,,0,207.63,playing,2
60.0366,11.7498,0,,0,204.81,playing,2
60.0526,10.3022,0,,0,202.26,playing,2
60.0682,10.3022,0,,0,200.0,playing,2
60.0859,10.3022,0,0.26688,1,198.02,playing,2
60.1025,7.9859,0,0.26688,0,196.23,playing,2
60.1181,7.9859,0,0.26688,0,194.76,playing,2
60.1341,7.9859,0,0.29896,0,193.66,playing,2
60.1502,3.5465,0,0.29896,0,192.84,playing,2
60.1662,3.5465,0,0.34212,0,192.31,playing,2
60.1823,3.5465,0,0.34212,0,192.05,playing,2
60.1985,2.3316,0,0.30964,0,192.08,playing,2
60.215,2.3316,0,0.30964,0,192.38,playing,2
60.2321,0.7108,0,0.3256,0,193.03,playing,2
60.2482,0.7108,0,0.3256,0,193.99,playing,2
60.2652,0.7108,0,0.3256,0,195.18,playing,2
60.2813,-0.5784,0,0.33801,0,196.76,playing,2
60.2975,-0.5784,0,0.33801,0,198.52,playing,2
60.3131,-0.5784,0,0.33161,0,200.57,playing,2
60.3296,-1.2638,0,0.33161,0,202.9,playing,2
60.3457,-1.2638,0,0.33161,0,205.52,playing,2
60.3627,-1.2638,0,0.34537,0,208.61,playing,2
60.3793,-2.0446,0,0.34537,0,212.02,playing,2
60.3953,-2.0446,0,0.34213,0,215.52,playing,2
60.4113,-2.0446,0,0.34213,0,219.29,playing,2
60.4274,-2.2147,0,0.34639,0,223.35,playing,2
60.4434,-2.2147,0,0.34639,0,227.68,playing,2
60.4594,-2.2024,0,0.34873,0,232.3,playing,2
60.4755,-2.2024,0,0.34873,0,237.2,playing,2
60.4916,-2.2024,0,0.35989,0,242.39,playing,2
60.5077,-2.0985,0,0.35989,0,247.85,playing,2
60.524,-2.0985,0,0.33326,0,253.6,playing,2
60.5411,-2.0985,0,0.37305,0,260.02,playing,2
60.5581,-1.754,0,0.37305,0,266.76,playing,2
60.5741,-1.754,0,0.34114,0,273.82,playing,2
60.5909,-1.8418,0,0.34114,0,280.74,playing,2
60.608,-2.0979,0,0.34114,0,288.42,playing,2
60.6247,-2.0979,0,0.34522,0,296.41,playing,2
60.6423,-17.952,0,0.35117,0,304.72,playing,2
60.6583,-17.952,0,0.35117,0,313.35,playing,2
60.6738,-17.952,0,0.32627,0,321.75,playing,2
60.6906,-22.3371,1,0.32627,0,330.44,playing,2
60.707,-22.3371,0,0.2701,0,324.48,playing,2
60.7232,-22.3371,0,0.2701,0,318.47,playing,2
60.7398,-1.0329,0,0.2701,0,313.09,playing,2
