time_s,eeg_amplitude_uv,eeg_blink,cv_ear,cv_blink,bird_y,game_state,score
0.0031,0.0,0,1.0,0,285.0,waiting,0
0.0184,0.0,0,1.0,0,296.69,waiting,0
0.0347,0.0,0,1.0,0,296.53,waiting,0
0.0517,0.0,0,1.0,0,296.34,waiting,0
0.0678,0.0,0,1.0,0,296.1,waiting,0
0.0843,0.0,0,1.0,0,295.84,waiting,0
0.1003,0.0,0,1.0,0,295.53,waiting,0
0.1161,0.0,0,1.0,0,295.23,waiting,0
0.1318,0.0,0,1.0,0,294.89,waiting,0
0.1483,0.0,0,1.0,0,294.51,waiting,0
0.1652,0.0,0,1.0,0,294.08,waiting,0
0.1809,0.0,0,1.0,0,293.65,waiting,0
0.197,0.0,0,1.0,0,293.19,waiting,0
0.2133,0.0,0,1.0,0,292.71,waiting,0
0.2294,0.0,0,1.0,0,292.18,waiting,0
0.2461,0.0,0,1.0,0,291.66,waiting,0
0.2658,0.0,0,1.0,0,291.12,waiting,0
0.2835,0.0,0,1.0,0,290.38,waiting,0
0.3008,0.0,0,1.0,0,289.76,waiting,0
0.3285,0.0,0,1.0,0,289.13,waiting,0
0.345,0.0,0,1.0,0,288.06,waiting,0
0.3611,0.0,0,1.0,0,287.44,waiting,0
0.3767,0.0,0,1.0,0,286.81,waiting,0
0.3938,0.0,0,1.0,0,286.18,waiting,0
0.4106,0.0,0,1.0,0,285.5,waiting,0
0.4272,0.0,0,1.0,0,284.82,waiting,0
0.4432,0.0,0,1.0,0,284.18,waiting,0
0.4588,0.0,0,1.0,0,283.54,waiting,0
0.4754,0.0,0,1.0,0,282.91,waiting,0
0.4925,0.0,0,1.0,0,282.24,waiting,0
0.5091,0.0,0,1.0,0,281.59,waiting,0
0.5257,0.0,0,1.0,0,280.98,waiting,0
0.5421,0.0,0,1.0,0,280.34,waiting,0
0.558,0.0,0,1.0,0,279.76,waiting,0
0.5741,0.0,0,1.0,0,279.19,waiting,0
0.5897,0.0,0,1.0,0,278.64,waiting,0
0.6062,0.0,0,1.0,0,278.11,waiting,0
0.6224,0.0,0,1.0,0,277.56,waiting,0
0.6394,0.0,0,1.0,0,277.07,waiting,0
0.6558,0.0,0,1.0,0,276.57,waiting,0
0.6721,0.0,0,1.0,0,276.13,waiting,0
0.6881,0.0,0,1.0,0,275.71,waiting,0
0.7037,0.0,0,1.0,0,275.32,waiting,0
0.7203,0.0,0,1.0,0,274.96,waiting,0
0.7364,0.0,0,1.0,0,274.6,waiting,0
0.7532,0.0,0,0.31422,0,274.3,waiting,0
0.7688,0.0,0,0.33141,0,274.02,waiting,0
0.7844,0.0,0,0.33141,0,273.78,waiting,0
0.8014,0.0,0,0.31487,0,273.57,waiting,0
0.8185,0.0,0,0.31487,0,273.38,waiting,0
0.8349,0.0,0,0.30847,0,273.23,waiting,0
0.8516,0.0,0,,0,273.12,waiting,0
0.8679,0.0,0,,0,273.04,waiting,0
0.8841,0.0,0,0.33402,0,273.01,waiting,0
0.9003,0.0,0,0.31455,0,273.0,waiting,0
0.916,0.0,0,0.31455,0,273.03,waiting,0
0.9318,0.0,0,,0,273.1,waiting,0
0.9479,0.0,0,,0,273.2,waiting,0
0.9642,0.0,0,0.29921,0,273.33,waiting,0
0.9799,0.0,0,0.29921,0,273.49,waiting,0
0.9965,0.0,0,0.27201,0,273.69,waiting,0
1.0136,0.0,0,0.27201,0,273.94,waiting,0
1.0298,0.0,0,0.33363,0,274.22,waiting,0
1.0461,0.0,0,0.33363,0,274.51,waiting,0
1.0625,0.0,0,0.30906,0,274.84,waiting,0
1.081,0.0,0,0.30906,0,275.22,waiting,0
1.0972,0.0,0,0.31019,0,275.68,waiting,0
1.1135,0.0,0,0.31182,0,276.09,waiting,0
1.1306,0.0,0,0.31182,0,276.53,waiting,0
1.1479,0.0,0,0.30504,0,277.03,waiting,0
1.1638,0.0,0,0.30504,0,277.55,waiting,0
1.18,0.0,0,0.33114,0,278.06,waiting,0
1.1964,0.0,0,0.33114,0,278.59,waiting,0
1.2137,0.0,0,0.31845,0,279.18,waiting,0
1.23,0.0,0,0.31845,0,279.78,waiting,0
1.2458,0.0,0,,0,280.37,waiting,0
1.2617,0.0,0,,0,280.96,waiting,0
1.2783,0.0,0,0.3175,0,281.57,waiting,0
1.2952,0.0,0,0.3175,0,282.23,waiting,0
1.3111,0.0,0,0.3175,0,282.89,waiting,0
1.3272,0.0,0,,0,283.49,waiting,0
1.3435,0.0,0,,0,284.12,waiting,0
1.3605,0.0,0,,0,284.8,waiting,0
1.3774,0.0,0,,0,285.48,waiting,0
1.3943,0.0,0,,0,286.16,waiting,0
1.411,0.0,0,,0,286.84,waiting,0
1.4267,0.0,0,,0,287.47,waiting,0
1.4434,0.0,0,,0,288.09,waiting,0
1.4604,0.0,0,,0,288.74,waiting,0
1.4774,0.0,0,,0,289.38,waiting,0
1.494,0.0,0,0.31694,0,290.01,waiting,0
1.5103,0.0,0,0.31694,0,290.58,waiting,0
1.5275,0.0,0,0.31694,0,291.17,waiting,0
1.5438,0.0,0,0.32205,0,291.75,waiting,0
1.5597,0.0,0,0.32205,0,292.27,waiting,0
1.5766,0.0,0,0.32409,0,292.76,waiting,0
1.5926,0.0,0,0.31841,0,293.27,waiting,0
1.6091,0.0,0,0.31841,0,293.72,waiting,0
1.625,0.0,0,0.32039,0,294.17,waiting,0
1.641,0.0,0,0.32039,0,294.55,waiting,0
1.6567,0.0,0,0.32039,0,294.92,waiting,0
1.6729,0.0,0,0.32039,0,295.27,waiting,0
1.6893,0.0,0,0.28951,0,295.59,waiting,0
1.7051,0.0,0,0.28951,0,295.89,waiting,0
1.7226,0.0,0,0.28951,0,296.14,waiting,0
1.7395,0.0,0,0.32453,0,296.38,waiting,0
1.7564,0.0,0,0.32182,0,296.57,waiting,0
1.7731,0.0,0,0.32182,0,296.74,waiting,0
1.7888,0.0,0,0.27392,0,296.85,waiting,0
1.8051,0.0,0,0.27392,0,296.94,waiting,0
1.8215,0.0,0,0.28711,0,296.98,waiting,0
1.8384,0.0,0,0.28711,0,297.0,waiting,0
1.8553,0.0,0,0.27842,0,296.98,waiting,0
1.8725,0.0,0,0.27842,0,296.91,waiting,0
1.8894,0.0,0,0.32676,0,296.81,waiting,0
1.9065,0.0,0,0.32676,0,296.68,waiting,0
1.9226,0.0,0,0.30575,0,296.5,waiting,0
1.9397,0.0,0,0.30575,0,296.3,waiting,0
1.9562,0.0,0,0.30575,0,296.06,waiting,0
1.9728,0.0,0,0.30029,0,295.79,waiting,0
1.9889,0.0,0,0.30029,0,295.48,waiting,0
2.005,0.0,0,0.31307,0,295.15,waiting,0
2.021,0.0,0,0.31307,0,294.79,waiting,0
2.0367,0.0,0,0.28679,0,294.41,waiting,0
2.0533,0.0,0,0.28679,0,294.0,waiting,0
2.0708,0.0,0,0.28679,0,293.54,waiting,0
2.0865,0.0,0,0.30137,0,293.04,waiting,0
2.1033,0.0,0,0.30137,0,292.56,waiting,0
2.1196,0.0,0,0.30137,0,292.02,waiting,0
2.1366,0.0,0,0.32231,0,291.49,waiting,0
2.154,0.0,0,0.32231,0,290.91,waiting,0
2.1702,0.0,0,0.31949,0,290.31,waiting,0
2.1858,0.0,0,0.32204,0,289.69,waiting,0
2.202,0.0,0,0.32204,0,289.13,waiting,0
2.2175,0.0,0,0.32204,0,288.52,waiting,0
2.2337,0.0,0,0.32962,0,287.91,waiting,0
2.2506,0.0,0,0.32962,0,287.28,waiting,0
2.2669,0.0,0,0.30862,0,286.61,waiting,0
2.2834,0.0,0,0.30862,0,285.97,waiting,0
2.3005,0.0,0,0.3275,0,285.3,waiting,0
2.3175,0.0,0,0.3275,0,284.62,waiting,0
2.334,0.0,0,0.3275,0,283.94,waiting,0
2.3512,0.0,0,0.33858,0,283.26,waiting,0
2.367,0.0,0,0.33858,0,282.59,waiting,0
2.3836,0.0,0,0.32669,0,282.01,waiting,0
2.4007,0.0,0,0.32669,0,281.35,waiting,0
2.4171,0.0,0,0.30862,0,280.71,waiting,0
2.4336,0.0,0,0.30862,0,280.12,waiting,0
2.4505,0.0,0,0.30352,0,279.51,waiting,0
2.4671,0.0,0,0.30352,0,278.91,waiting,0
2.4834,0.0,0,0.30352,0,278.37,waiting,0
2.4997,0.0,0,0.30644,0,277.81,waiting,0
2.5161,0.0,0,0.30644,0,277.31,waiting,0
2.5324,0.0,0,0.28209,0,276.83,waiting,0
2.549,0.0,0,0.28209,0,276.35,waiting,0
2.5654,0.0,0,0.28305,0,275.92,waiting,0
2.5824,0.0,0,0.28305,0,275.49,waiting,0
2.599,0.0,0,0.29223,0,275.09,waiting,0
2.6153,0.0,0,0.29223,0,274.74,waiting,0
2.632,0.0,0,0.29223,0,274.41,waiting,0
2.648,0.0,0,0.29583,0,274.12,waiting,0
2.6644,0.0,0,0.29583,0,273.87,waiting,0
2.681,0.0,0,0.30806,0,273.63,waiting,0
2.6966,0.0,0,0.30806,0,273.44,waiting,0
2.7129,0.0,0,0.3141,0,273.29,waiting,0
2.7295,0.0,0,0.3141,0,273.16,waiting,0
2.7468,0.0,0,0.3141,0,273.07,waiting,0
2.7625,0.0,0,0.30062,0,273.02,waiting,0
2.7789,0.0,0,0.30062,0,273.0,waiting,0
2.7952,0.0,0,0.30193,0,273.02,waiting,0
2.8107,0.0,0,0.30193,0,273.07,waiting,0
2.827,0.0,0,0.30361,0,273.16,waiting,0
2.8435,0.0,0,0.30361,0,273.28,waiting,0
2.86,0.0,0,0.30361,0,273.44,waiting,0
2.8766,0.0,0,0.30329,0,273.63,waiting,0
2.893,0.0,0,0.30329,0,273.86,waiting,0
2.9096,0.0,0,0.31024,0,274.12,waiting,0
2.9262,0.0,0,0.31024,0,274.42,waiting,0
2.9419,0.0,0,0.29947,0,274.76,waiting,0
2.9589,0.0,0,0.29947,0,275.08,waiting,0
2.975,0.0,0,0.29947,0,275.48,waiting,0
2.9915,0.0,0,0.31025,0,275.88,waiting,0
3.0082,0.0,0,0.31025,0,276.34,waiting,0
3.0248,0.0,0,0.29505,0,276.8,waiting,0
3.0417,0.0,0,0.29505,0,277.3,waiting,0
3.058,0.0,0,0.28869,0,277.84,waiting,0
3.0743,0.0,0,0.28869,0,278.36,waiting,0
3.0915,0.0,0,0.28869,0,278.94,waiting,0
3.1081,0.0,0,0.29619,0,279.53,waiting,0
3.1245,0.0,0,0.29619,0,280.11,waiting,0
3.1411,0.0,0,0.29864,0,280.74,waiting,0
3.1574,0.0,0,0.29864,0,281.34,waiting,0
3.174,2528.2345,1,0.28468,0,282.0,waiting,0
3.1897,2528.2345,0,0.28468,0,282.62,playing,0
3.2062,1137.9868,0,0.28561,0,276.66,playing,0
3.2232,607.9969,0,0.28561,0,270.65,playing,0
3.2385,607.9969,0,0.28561,0,265.27,playing,0
3.255,-135.6324,0,0.28898,0,260.18,playing,0
3.2717,-135.6324,0,0.28898,0,255.36,playing,0
3.2883,-135.6324,0,0.29498,0,250.56,playing,0
3.3049,-366.625,0,0.29498,0,246.08,playing,0
3.3215,-366.625,0,0.29676,0,242.15,playing,0
3.3379,-366.625,0,0.29676,0,238.29,playing,0
3.3546,-521.6442,0,0.2856,0,234.93,playing,0
3.3709,-521.6442,0,0.2856,0,231.69,playing,0
3.3874,-615.8001,0,0.2856,0,228.92,playing,0
3.4044,-615.8001,0,0.31011,0,226.29,playing,0
3.4214,-615.8001,0,0.31011,0,223.98,playing,0
3.4379,-661.7274,0,0.29893,0,221.99,playing,0
3.4543,-661.7274,0,0.29893,0,220.39,playing,0
3.4716,-661.7274,0,0.28833,0,219.02,playing,0
3.488,-657.4735,0,0.28833,0,217.96,playing,0
3.5045,-657.4735,0,0.28866,0,217.25,playing,0
3.5209,-580.0954,0,0.28866,0,216.81,playing,0
3.5375,-580.0954,0,0.28965,0,216.67,playing,0
3.5546,-580.0954,0,0.28965,0,216.85,playing,0
3.571,-469.9139,1,0.28965,0,217.34,playing,0
3.5876,-469.9139,0,0.30191,0,211.39,playing,0
3.6045,-469.9139,0,0.30191,0,205.37,playing,0
3.6216,-423.058,0,0.29539,0,199.68,playing,0
3.6376,-423.058,0,0.29539,0,194.3,playing,0
3.655,-374.981,0,0.28164,0,189.52,playing,0
3.6715,-374.981,0,0.28164,0,184.76,playing,0
3.6881,-374.981,0,0.27504,0,180.32,playing,0
3.7044,-374.981,0,0.27504,0,176.42,playing,0
3.7224,-311.8783,0,0.27504,0,172.6,playing,0
3.7391,-178.7281,0,0.24349,0,168.9,playing,0
3.7549,-178.7281,0,0.24349,0,165.9,playing,0
3.7709,-135.1242,0,0.21461,0,163.18,playing,0
3.7878,-135.1242,0,0.21461,0,160.74,playing,0
3.8044,-98.2234,0,0.177,0,158.47,playing,0
3.8215,-66.6949,0,0.177,0,156.51,playing,0
3.8387,-66.6949,0,0.17222,0,154.88,playing,0
3.8556,-41.4447,0,0.17222,0,153.56,playing,0
3.8717,-41.4447,0,0.17222,0,152.56,playing,0
3.8879,-21.9903,0,0.19461,0,151.9,playing,0
3.9042,-21.9903,0,0.19461,0,151.52,playing,0
3.9211,-21.9903,0,0.23662,1,151.43,playing,0
3.9373,-6.1952,0,0.23662,0,151.63,playing,0
3.9539,-6.1952,0,0.26071,0,152.16,playing,0
3.97,6.0905,0,0.26071,0,152.95,playing,0
3.9864,15.1856,0,0.26091,0,154.01,playing,0
4.0035,15.1856,0,0.26091,0,155.46,playing,0
4.0206,21.8144,0,0.26091,0,157.23,playing,0
4.0377,21.8144,0,0.28251,0,159.31,playing,0
4.0535,25.415,0,0.28251,0,161.71,playing,0
4.0704,25.415,0,0.27876,0,164.25,playing,0
4.0875,27.6743,1,0.27876,0,167.27,playing,0
4.1039,27.6743,0,0.3105,0,160.96,playing,0
4.1201,28.3357,0,0.3105,0,155.3,playing,0
4.1365,28.3357,0,0.30371,0,149.92,playing,0
4.1533,27.39,0,0.30371,0,144.53,playing,0
4.1702,27.39,0,0.30371,0,139.45,playing,0
4.1867,26.3958,0,0.29348,0,134.69,playing,0
4.2034,26.3958,0,0.29348,0,130.49,playing,0
4.2197,24.1642,0,0.29577,0,126.35,playing,0
4.2362,24.1642,0,0.29577,0,122.73,playing,0
4.2517,21.9806,0,0.30837,0,119.4,playing,0
4.2683,21.9806,0,0.30837,0,116.34,playing,0
4.2849,18.8179,0,0.30837,0,113.41,playing,0
4.3009,16.5022,0,0.30143,0,110.94,playing,0
4.3175,16.5022,0,0.30143,0,108.75,playing,0
4.3348,13.9311,0,0.30143,0,106.74,playing,0
4.351,13.9311,0,0.30143,0,105.04,playing,0
4.367,13.9311,0,0.29786,0,103.73,playing,0
4.3836,13.9311,0,0.29786,0,102.7,playing,0
4.4002,11.3746,0,0.29786,0,101.93,playing,0
4.4158,9.0825,0,0.28945,0,101.48,playing,0
4.4323,9.0825,0,0.28945,0,101.31,playing,0
4.4488,6.7895,0,0.28747,0,101.45,playing,0
4.4651,6.7895,0,0.28747,0,101.86,playing,0
4.4815,4.6413,0,0.32207,0,102.55,playing,0
4.4981,3.7047,0,0.32207,0,103.61,playing,0
4.5147,3.7047,0,0.32207,0,104.89,playing,0
4.5317,1.9605,0,0.29577,0,106.56,playing,0
4.5482,1.9605,0,0.29577,0,108.55,playing,0
4.5636,1.7354,0,0.30168,0,110.7,playing,0
4.5801,1.7354,0,0.30168,0,113.14,playing,0
4.5971,1.7354,0,0.30062,0,115.86,playing,0
4.6137,0.9133,0,0.30062,0,119.27,playing,0
4.6301,0.9133,0,0.30062,0,122.59,playing,0
4.6463,0.519,0,0.30356,0,126.19,playing,0
4.6633,0.519,0,0.30356,0,130.33,playing,0
4.6799,0.519,0,0.31224,0,134.79,playing,0
4.6959,0.519,0,0.31224,0,139.27,playing,0
4.7127,0.519,0,0.31224,0,144.03,playing,0
4.7295,0.519,0,0.31224,0,149.4,playing,0
4.7461,-0.3,0,0.30304,0,155.1,playing,0
4.7619,-0.3,0,0.30304,0,160.74,playing,0
4.7783,-0.3,0,0.30304,0,166.66,playing,0
4.7947,-0.9126,0,0.29515,0,172.86,playing,0
4.8118,-0.9126,0,0.29515,0,179.77,playing,0
4.8284,-0.7856,0,0.30603,0,187.0,playing,0
4.8455,-0.7856,0,0.30603,0,194.54,playing,0
4.8622,-0.7856,0,0.30193,0,202.4,playing,0
4.8781,-0.1757,0,0.30193,0,210.09,playing,0
4.8938,-0.1757,0,0.30193,0,218.05,playing,0
4.9107,-0.1757,0,0.30544,0,226.29,playing,0
4.9269,-0.9094,0,0.30544,0,235.37,playing,0
4.9424,-0.9094,0,0.29615,0,244.2,playing,0
4.959,-0.9094,0,0.29615,0,253.3,playing,0
4.975,-0.6401,0,0.30194,0,262.69,playing,0
4.9916,-0.6401,0,0.30194,0,272.36,playing,0
5.0085,-24.966,1,0.30194,0,282.96,playing,0
5.0248,-24.966,0,0.33918,0,276.64,playing,0
5.041,-24.966,0,0.33918,0,270.98,playing,0
5.0575,-20.1738,0,0.33918,0,265.61,playing,0
5.0748,-20.1738,0,0.33918,0,260.21,playing,0
5.0914,-20.1738,0,0.35388,0,255.13,playing,0
5.1083,-20.1738,0,0.35388,0,250.37,playing,0
5.1244,-20.1738,0,0.27658,0,246.17,playing,0
5.141,-7.9879,0,0.27658,0,242.03,playing,0
5.1569,-7.9879,0,0.27658,0,238.41,playing,0
5.1736,-7.9879,0,0.20249,0,235.08,playing,0
5.1898,13.7474,0,0.20249,0,231.85,playing,0
5.206,13.7474,0,0.17463,0,229.1,playing,0
5.222,13.7474,0,0.17463,0,226.62,playing,0
5.2383,17.1318,0,0.17627,0,224.43,playing,0
5.255,17.1318,0,0.17627,0,222.42,playing,0
5.2708,17.1318,0,0.17627,0,220.81,playing,0
5.2872,15.1087,0,0.20062,0,219.48,playing,0
5.3031,15.1087,0,,0,218.43,playing,0
5.3193,12.7727,0,,0,217.66,playing,0
5.3358,3.3375,0,0.23944,1,217.17,playing,0
5.3523,3.3375,0,0.23944,0,216.98,playing,0
5.3679,1.4178,0,,0,217.08,playing,0
5.3837,1.4178,0,,0,217.46,playing,0
5.4,1.4178,0,0.29644,0,218.12,playing,0
5.416,0.5179,0,0.29644,0,219.06,playing,0
5.4322,0.5179,0,0.27402,0,220.28,playing,0
5.4489,0.5179,0,0.27402,0,221.9,playing,0
5.4655,-1.541,0,0.25733,0,223.7,playing,0
5.4823,-1.541,0,0.25733,0,225.93,playing,0
5.4994,-1.541,0,0.25733,0,228.48,playing,0
5.5166,-1.8105,0,0.25733,0,231.35,playing,0
5.5327,-1.8105,0,0.25733,0,234.54,playing,0
5.5489,-2.2529,0,0.27928,0,237.82,playing,0
5.5646,-2.2529,0,0.28643,0,241.39,playing,0
5.5817,-2.2529,0,0.28643,0,245.23,playing,0
5.5986,-2.2215,0,0.31694,0,249.63,playing,0
5.6154,-2.2215,0,0.31694,0,254.35,playing,0
5.6325,-2.2215,0,0.27923,0,259.39,playing,1
5.6487,-1.5503,0,0.27923,0,264.75,playing,1
5.6645,-1.5503,0,0.32199,0,270.07,playing,1
5.6814,-1.5873,0,0.32199,0,275.68,playing,1
5.6986,-1.5873,0,0.32199,0,281.95,playing,1
5.7156,-1.5873,0,0.27684,0,288.54,playing,1
5.7317,-12.0659,0,0.27684,0,295.45,playing,1
5.7481,-12.0659,0,0.29957,0,302.23,playing,1
5.765,-12.0659,0,0.29957,0,309.76,playing,1
5.7816,-26.1589,1,0.24306,0,317.13,playing,1
5.7978,-26.1589,0,0.24306,0,310.81,playing,1
5.8144,-26.1589,0,0.20174,0,305.15,playing,1
5.8312,-11.3279,0,0.20174,0,299.46,playing,1
5.8467,-11.3279,0,0.19905,0,294.38,playing,1
5.8628,14.9991,0,0.19905,0,289.58,playing,1
5.8789,14.9991,0,0.19997,0,285.07,playing,1
5.895,14.9991,0,0.19997,0,280.84,playing,1
5.9114,17.7145,0,0.19997,0,276.88,playing,1
5.9285,17.7145,0,0.19997,0,273.0,playing,1
5.9448,17.7145,0,0.19109,0,269.44,playing,1
5.9616,14.288,0,0.19109,0,266.37,playing,1
5.9776,14.288,0,0.18902,0,263.42,playing,1
5.9946,10.8889,0,0.22183,1,260.93,playing,1
6.0111,7.9344,0,0.22183,0,258.6,playing,1
6.027,7.9344,0,0.25841,0,256.69,playing,1
6.0429,5.7417,0,0.25841,0,255.06,playing,1
6.0591,5.7417,0,0.25841,0,253.71,playing,1
6.0749,5.7417,0,0.24697,0,252.65,playing,1
6.0906,3.0461,0,0.24697,0,251.86,playing,1
6.1065,3.0461,0,,0,251.36,playing,1
6.1227,3.0461,0,,0,251.14,playing,1
6.1398,0.2329,0,0.27887,0,251.2,playing,1
6.1561,0.2329,0,0.27887,0,251.58,playing,1
6.1721,0.2329,0,0.25084,0,252.23,playing,1
6.1885,-1.4159,0,0.25084,0,253.15,playing,1
6.2054,-1.4159,0,0.23233,0,254.45,playing,1
6.2224,-1.6523,0,0.23233,0,256.07,playing,1
6.239,-1.6523,0,0.24425,0,258.0,playing,1
6.255,-1.6523,0,0.24425,0,260.1,playing,1
6.2709,-2.4019,0,0.27113,0,262.49,playing,1
6.2868,-2.4019,0,0.27113,0,265.15,playing,1
6.303,-2.4019,0,0.27113,0,268.1,playing,1
6.3187,-2.6496,0,0.27113,0,271.33,playing,1
6.3353,-2.6496,0,0.25357,0,274.84,playing,1
6.3521,-2.6496,0,0.25357,0,278.89,playing,1
6.3678,-2.5107,0,0.27156,0,282.98,playing,1
6.384,-2.5107,0,0.27156,0,287.35,playing,1
6.4005,-2.6991,0,0.27156,0,292.0,playing,1
6.4173,-2.6991,0,0.30167,0,297.27,playing,1
6.4344,-2.6991,0,0.30167,0,302.85,playing,1
6.4512,-25.5852,1,0.23228,0,308.75,playing,1
6.4687,-25.5852,0,0.23228,0,302.44,playing,1
6.4847,-25.5852,0,,0,296.44,playing,1
6.5012,-29.1156,0,,0,291.08,playing,1
6.5175,-29.1156,0,0.17379,0,286.0,playing,1
6.5347,-17.0529,0,,0,280.92,playing,1
6.5515,-17.0529,0,,0,276.16,playing,1
6.5687,-17.0529,0,,0,271.72,playing,1
6.5853,20.0215,0,,0,267.6,playing,1
6.6024,20.0215,0,0.18669,0,263.79,playing,1
6.6195,20.0215,0,0.18669,0,260.3,playing,1
6.6357,19.4089,0,0.19201,0,257.13,playing,1
6.6518,19.4089,0,0.19201,0,254.43,playing,1
6.6687,19.4089,0,,0,252.01,playing,1
6.6851,13.4159,0,,0,249.76,playing,1
6.7007,13.4159,0,,0,247.92,playing,1
6.7173,9.8944,0,,0,246.36,playing,1
6.7347,9.8944,0,,0,245.02,playing,1
6.751,9.8944,0,0.25714,1,244.0,playing,1
6.7671,6.8899,0,0.25714,0,243.32,playing,1
6.7844,6.8899,0,0.25714,0,242.92,playing,1
6.8018,6.8899,0,0.27923,0,242.83,playing,1
6.818,1.5825,0,0.27923,0,243.07,playing,1
6.8346,1.5825,0,0.27285,0,243.62,playing,1
6.8514,1.5825,0,0.28631,0,244.42,playing,1
6.8682,1.5825,0,0.28631,0,245.59,playing,1
6.8846,1.5825,0,0.31461,0,246.97,playing,1
6.9014,1.5825,0,0.31461,0,248.75,playing,1
6.9179,1.5825,0,0.29064,0,250.85,playing,1
6.934,1.5825,0,0.3045,0,253.11,playing,1
6.9519,-1.0399,0,0.3045,0,255.83,playing,1
6.9681,-1.0399,0,0.3045,0,258.87,playing,1
6.985,-1.9121,0,0.30174,0,262.23,playing,1
7.0014,-3.1292,0,0.30779,0,265.67,playing,1
7.0185,-3.1292,0,0.30779,0,269.64,playing,1
7.0357,-3.4778,0,0.30394,0,273.93,playing,1
7.0516,-3.4778,0,0.30394,0,278.54,playing,1
7.0683,-3.4778,0,0.2638,0,283.16,playing,1
7.085,-3.4138,0,0.2638,0,288.39,playing,1
7.1017,-3.4138,0,0.2638,0,293.59,playing,1
7.1187,-3.4138,0,0.28863,0,299.43,playing,1
7.1353,-4.7607,0,0.28863,0,305.59,playing,1
7.1522,-4.7607,0,0.28925,0,312.07,playing,1
7.1693,-27.4116,1,0.28925,0,318.86,playing,1
7.1856,-27.4116,0,0.20533,0,312.91,playing,1
7.202,-27.4116,0,0.20533,0,306.89,playing,1
7.2182,-27.4116,0,0.19386,0,301.52,playing,1
7.2353,-27.4116,0,0.19386,0,296.12,playing,1
7.2524,-27.4116,0,0.20508,0,291.04,playing,1
7.2689,-0.1657,0,0.20508,0,286.28,playing,1
7.2855,-0.1657,0,0.19491,0,282.08,playing,1
7.3021,18.0735,0,0.19491,0,277.94,playing,1
7.3187,18.0735,0,0.18094,0,274.32,playing,1
7.3353,18.0735,0,0.18967,0,270.8,playing,1
7.3524,16.0028,0,0.18967,0,267.59,playing,1
7.3691,16.0028,0,0.22788,1,264.7,playing,1
7.3856,16.0028,0,0.22788,0,262.26,playing,1
7.402,16.0028,0,0.26046,0,259.99,playing,1
7.4188,16.0028,0,0.26046,0,258.13,playing,1
7.4354,10.1277,0,0.27212,0,256.47,playing,1
7.4519,4.908,0,0.27212,0,255.14,playing,1
7.468,4.908,0,0.27212,0,254.16,playing,1
7.484,3.4408,0,0.27218,0,253.46,playing,2
7.5001,3.4408,0,0.27218,0,253.05,playing,2
7.5164,3.4408,0,0.27562,0,252.92,playing,2
7.5334,1.7165,0,0.27562,0,253.09,playing,2
7.5503,1.7165,0,0.27923,0,253.59,playing,2
7.566,1.7165,0,0.27923,0,254.33,playing,2
7.5819,-0.9539,0,0.28565,0,255.36,playing,2
7.5982,-0.9539,0,0.28565,0,256.67,playing,2
7.6139,-0.9539,0,0.28538,0,258.27,playing,2
7.6303,-1.5274,0,0.28538,0,260.14,playing,2
7.6457,-1.5274,0,0.30714,0,262.29,playing,2
7.6627,-1.5274,0,0.30714,0,264.73,playing,2
7.6799,-1.5274,0,0.30298,0,267.64,playing,2
7.6964,-1.5274,0,0.30298,0,270.86,playing,2
7.713,-1.8804,0,0.28106,0,274.41,playing,2
7.7287,-1.8804,0,0.28106,0,278.02,playing,2
7.7446,-1.8804,0,,0,281.92,playing,2
7.7612,-1.8804,0,,0,286.1,playing,2
7.7771,-1.8804,0,0.29609,0,290.56,playing,2
7.7934,-1.8804,0,0.29609,0,295.3,playing,2
7.8095,-1.8804,0,0.29609,0,300.66,playing,2
7.8262,-1.8804,0,0.29924,0,305.98,playing,2
7.843,-4.0622,0,0.29924,0,311.96,playing,2
7.8595,-4.0622,0,0.29082,0,317.86,playing,2
7.8767,-4.0622,0,0.29082,0,324.45,playing,2
7.8929,-19.6099,0,0.28773,0,331.36,playing,2
7.9089,-19.6099,0,0.28773,0,338.14,playing,2
7.9256,-19.6099,0,0.20856,0,345.21,playing,2
7.9432,-23.5238,1,0.20856,0,353.03,playing,2
7.9604,-23.5238,0,0.17198,0,346.37,playing,2
7.9777,4.9211,0,0.21821,0,340.4,playing,2
7.9938,4.9211,0,0.21821,0,334.74,playing,2
8.0102,4.9211,0,0.18957,0,329.69,playing,2
8.0278,13.1229,0,0.18957,0,324.65,playing,2
8.0438,13.1229,0,0.18359,0,319.93,playing,2
8.06,13.1229,0,0.18359,0,315.77,playing,2
8.0761,12.4635,0,,0,311.89,playing,2
8.0921,12.4635,0,,0,308.29,playing,2
8.1076,12.4635,0,,0,304.97,playing,2
8.1249,9.984,0,,0,301.93,playing,2
8.1413,9.984,0,,0,299.02,playing,2
8.1571,5.9385,0,,0,296.57,playing,2
8.1733,5.9385,0,,0,294.39,playing,2
8.1902,5.9385,0,,0,292.4,playing,2
8.206,3.9267,0,,0,290.81,playing,2
8.2218,3.9267,0,0.29736,1,289.49,playing,2
8.2381,3.9267,0,0.29736,0,288.46,playing,2
8.2542,1.2996,0,0.29059,0,287.72,playing,2
8.2705,1.2996,0,0.29059,0,287.25,playing,2
8.2874,1.2996,0,0.31567,0,287.07,playing,2
8.3041,0.7311,0,0.31567,0,287.21,playing,2
8.3199,0.7311,0,0.30019,0,287.62,playing,2
8.3365,-1.1818,0,0.30019,0,288.32,playing,2
8.3537,-1.1818,0,0.29779,0,289.37,playing,2
8.3701,-1.1818,0,0.29779,0,290.75,playing,2
8.3862,-1.8181,0,0.33366,0,292.32,playing,2
8.4022,-1.8181,0,0.33366,0,294.18,playing,2
8.418,-1.8181,0,0.30472,0,296.31,playing,2
8.4338,-2.1039,0,0.30472,0,298.73,playing,2
8.4501,-2.1039,0,0.29893,0,301.43,playing,2
8.4657,-2.1039,0,0.29893,0,304.42,playing,2
8.4823,-1.6866,0,0.34079,0,307.68,playing,2
8.4981,-1.6866,0,0.34079,0,311.23,playing,2
8.5143,-1.6866,0,0.34079,0,315.05,playing,2
8.5309,-1.1729,0,0.30323,0,319.44,playing,2
8.547,-1.1729,0,0.30323,0,323.84,playing,2
8.5641,-23.1676,1,0.30323,0,328.53,playing,2
8.5805,-23.1676,0,0.30613,0,322.22,playing,2
8.5977,-23.1676,0,,0,316.23,playing,2
8.6139,-27.9232,0,,0,310.55,playing,2
8.6306,-27.9232,0,,0,305.49,playing,2
8.6478,-27.9232,0,,0,300.43,playing,2
8.6643,-22.3425,0,,0,295.69,playing,2
8.6815,-22.3425,0,,0,291.27,playing,2
8.6978,15.1696,0,,0,287.16,playing,2
8.7139,15.1696,0,,0,283.58,playing,2
8.7304,15.1696,0,,0,280.28,playing,2
8.747,15.1696,0,,0,277.09,playing,2
8.7627,15.1696,0,,0,274.37,playing,2
8.7799,15.1696,0,,0,271.93,playing,2
8.7963,14.9011,0,,0,269.66,playing,2
8.8128,14.9011,0,,0,267.7,playing,2
8.8303,11.3915,0,,0,266.14,playing,2
8.8468,11.3915,0,,0,264.75,playing,2
8.8637,11.3915,0,,0,263.79,playing,2
8.8798,8.0231,0,,0,263.09,playing,2
8.8964,8.0231,0,,0,262.71,playing,2
8.9136,8.0231,0,,0,262.62,playing,2
8.9298,3.8519,0,,0,262.85,playing,2
8.9464,3.8519,0,,0,263.36,playing,2
8.963,3.8519,0,,0,264.21,playing,2
8.9793,1.9091,0,,0,265.29,playing,2
8.9952,1.9091,0,,0,266.65,playing,2
9.0109,0.9154,0,,0,268.29,playing,2
9.0278,0.9154,0,0.28566,0,270.22,playing,2
9.0447,0.9154,0,0.28566,0,272.59,playing,2
9.0614,-0.8296,0,0.29763,0,275.27,playing,2
9.0782,-0.8296,0,0.29763,0,278.27,playing,2
9.0939,-0.8296,0,0.29615,0,281.37,playing,2
9.1102,-1.3087,0,0.29615,0,284.76,playing,2
9.1265,-1.3087,0,0.29615,0,288.43,playing,2
9.1436,-1.3087,0,0.29064,0,292.65,playing,2
9.1606,-4.8875,0,0.29046,0,297.18,playing,2
9.177,-4.8875,0,0.29046,0,302.03,dead,2
9.1931,-26.5493,1,,0,306.88,dead,2
9.2098,-26.5493,0,,0,285.0,playing,0
9.2275,-26.5493,0,,0,278.69,playing,0
9.2444,12.392,0,0.23524,0,272.36,playing,0
9.2615,12.392,0,0.19849,0,266.7,playing,0
9.2779,12.392,0,0.19849,0,261.36,playing,0
9.2938,17.7312,0,0.19849,0,256.62,playing,0
9.3097,17.7312,0,,0,252.16,playing,0
9.3261,15.5949,0,,0,247.98,playing,0
9.3417,15.5949,0,,0,244.08,playing,0
9.3574,15.5949,0,,0,240.46,playing,0
9.3742,8.5787,0,,0,237.12,playing,0
9.3899,8.5787,0,,0,234.07,playing,0
9.4064,8.5787,0,0.20394,0,231.3,playing,0
9.4235,5.2766,0,0.20394,0,228.67,playing,0
9.4401,5.2766,0,0.20394,0,226.36,playing,0
9.456,5.2766,0,0.2613,1,224.47,playing,0
9.4728,0.0228,0,0.2613,0,222.85,playing,0
9.4898,0.0228,0,0.2613,0,221.46,playing,0
9.5057,-1.3464,0,,0,220.38,playing,0
9.5222,-1.3464,0,,0,219.65,playing,0
9.5377,-1.3464,0,,0,219.2,playing,0
9.5548,-2.497,0,0.28899,0,219.03,playing,0
9.5715,-2.497,0,0.28899,0,219.17,playing,0
9.588,-2.497,0,0.28899,0,219.63,playing,0
9.6041,-3.1951,0,,0,220.34,playing,0
9.6205,-3.1951,0,,0,221.34,playing,0
9.6377,-3.1951,0,,0,222.71,playing,0
9.6542,-3.0517,0,0.28169,0,224.4,playing,0
9.6703,-3.0517,0,0.28169,0,226.28,playing,0
9.6855,-3.5795,0,0.28169,0,228.43,playing,0
9.7017,-3.0482,0,,0,230.87,playing,0
9.7185,-3.0482,0,,0,233.59,playing,0
9.7357,-2.2249,0,,0,236.79,playing,0
9.752,-2.2249,0,0.27633,0,240.32,playing,0
9.7691,-2.2249,0,0.27633,0,243.92,playing,0
9.7848,-2.1288,0,0.27633,0,248.06,playing,0
9.8009,-2.1288,0,0.30394,0,252.24,playing,0
9.8174,-2.1288,0,0.30394,0,256.7,playing,0
9.8343,-1.7502,0,0.30394,0,261.75,playing,0
9.851,-1.7502,0,0.30394,0,267.13,playing,0
9.8674,-1.8427,0,0.28925,0,272.47,playing,0
9.8843,-1.8427,0,0.28925,0,278.46,playing,0
9.9012,-1.8427,0,0.28925,0,284.77,playing,0
9.9177,-26.2083,1,,0,290.99,playing,0
9.934,-26.2083,0,,0,284.68,playing,0
9.9506,-26.2083,0,,0,279.02,playing,0
9.9673,-25.5974,0,,0,273.33,playing,0
9.9848,-25.5974,0,,0,267.95,playing,0
10.0012,-16.9236,0,,0,262.89,playing,0
10.0168,-16.9236,0,,0,258.41,playing,0
10.0332,-16.9236,0,,0,254.21,playing,0
10.0487,17.9418,0,,0,250.3,playing,0
10.0648,17.9418,0,,0,246.66,playing,0
10.0813,17.9418,0,,0,243.31,playing,0
10.0987,23.3283,0,,0,240.06,playing,0
10.1149,23.3283,0,,0,237.13,playing,0
10.1315,23.3283,0,,0,234.66,playing,0
10.1486,18.2832,0,,0,232.35,playing,0
10.1656,18.2832,0,0.21509,0,230.36,playing,0
10.1825,13.865,0,0.21509,0,228.68,playing,0
10.1987,13.865,0,0.21509,0,227.33,playing,0
10.2154,13.865,0,,0,226.33,playing,0
10.2317,6.6817,0,,0,225.59,playing,0
10.2481,6.6817,0,,0,225.18,playing,0
10.2637,6.6817,0,,0,225.05,playing,0
10.28,3.7556,0,,0,225.19,playing,0
10.2957,3.7556,0,,0,225.62,playing,0
10.3117,3.7556,0,0.27495,1,226.34,playing,0
10.3284,2.0079,0,0.27495,0,227.33,playing,0
10.3455,2.0079,0,0.27495,0,228.7,playing,0
10.3618,-1.4888,0,0.27495,0,230.4,playing,0
10.3779,-1.4888,0,0.27495,0,232.27,playing,0
10.3941,-1.4888,0,0.27495,0,234.42,playing,0
10.4108,-2.7936,0,0.27529,0,236.86,playing,0
10.4271,-2.7936,0,0.27529,0,239.77,playing,0
10.4428,-2.7936,0,0.27529,0,242.79,playing,0
10.4592,-3.2817,0,0.27582,0,246.08,playing,0
10.4754,-3.2817,0,0.27582,0,249.67,playing,0
10.492,-3.2817,0,0.27582,0,253.79,playing,0
10.5078,-3.4101,0,0.27247,0,257.95,playing,0
10.5238,-3.4101,0,0.27247,0,262.39,playing,0
10.5402,-2.9433,0,0.27247,0,267.12,playing,0
10.5566,-2.9433,0,0.28883,0,272.12,playing,0
10.5735,-2.9433,0,0.28883,0,277.76,playing,0
10.5904,-2.7622,0,0.28883,0,283.72,playing,0
10.6072,-2.7622,0,0.29315,0,289.99,playing,0
10.6233,-2.7622,0,0.29315,0,296.17,playing,0
10.6388,-2.7622,0,0.29315,0,302.64,playing,0
10.655,-2.7622,0,0.28155,0,309.39,playing,0
10.6716,-2.7622,0,0.28155,0,316.42,playing,0
10.6887,-3.8591,0,0.28155,0,324.21,playing,0
10.7049,-3.8591,0,0.28155,0,332.31,playing,0
10.721,-24.2823,1,0.28155,0,340.22,playing,0
10.7368,-24.2823,0,0.28155,0,334.27,playing,0
10.7527,-24.2823,0,0.27887,0,328.59,playing,0
10.7691,-30.6757,0,0.27887,0,323.19,playing,0
10.7856,-30.6757,0,0.27887,0,318.08,playing,0
10.8026,-30.6757,0,,0,312.97,playing,0
10.8196,-7.0682,0,,0,308.17,playing,0
10.8361,-7.0682,0,,0,303.69,playing,0
10.8523,-7.0682,0,0.29309,0,299.75,playing,0
10.8687,15.8653,0,0.29309,0,295.89,playing,0
10.885,15.8653,0,0.29309,0,292.54,playing,0
10.9006,22.2828,0,,0,289.47,playing,0
10.9169,22.2828,0,,0,286.68,playing,0
10.9326,22.2828,0,,0,284.17,playing,0
10.9496,17.6501,0,,0,281.94,playing,0
10.9661,17.6501,0,,0,279.89,playing,0
10.9828,17.6501,0,,0,278.24,playing,0
10.9995,17.6501,0,,0,276.81,playing,0
11.0162,17.6501,0,,0,275.7,playing,0
11.0323,17.6501,0,,0,274.93,playing,0
11.049,10.6865,0,,0,274.44,playing,0
11.0651,10.6865,0,,0,274.25,playing,0
11.0812,4.3071,0,,0,274.35,playing,0
11.0972,4.3071,0,,0,274.73,playing,0
11.1135,4.3071,0,,0,275.38,playing,0
11.1305,-0.1193,0,,0,276.4,playing,0
11.1473,-0.1193,0,,0,277.74,playing,0
11.1635,-0.1193,0,,0,279.39,playing,0
11.1804,-1.2399,0,,0,281.23,playing,0
11.1973,-1.2399,0,0.29052,0,283.5,playing,0
11.214,-1.2399,0,0.29052,0,286.09,playing,0
11.2306,-1.6592,0,0.29052,0,288.81,playing,0
11.2472,-1.6592,0,0.30624,0,292.02,playing,0
11.2636,-1.6592,0,0.30624,0,295.32,playing,0
11.2807,-1.6592,0,0.30624,0,299.14,playing,0
11.2969,-1.6592,0,0.26794,0,303.28,playing,0
11.313,-3.4427,0,0.26794,0,307.46,playing,0
11.3293,-3.4427,0,0.26794,0,311.92,playing,0
11.345,-3.4427,0,0.29639,0,316.66,playing,0
11.361,-3.1509,0,0.29639,0,321.69,playing,0
11.3768,-3.1509,0,0.29639,0,326.99,playing,0
11.3931,-3.1509,0,0.31243,0,332.58,playing,0
11.4096,-4.9618,0,0.31243,0,338.45,playing,0
11.426,-4.9618,0,0.31243,0,345.0,playing,0
11.4415,-23.8922,1,0.30056,0,351.45,playing,0
11.458,-23.8922,0,0.30056,0,345.49,playing,0
11.4736,-23.8922,0,0.30056,0,339.82,playing,0
11.4898,-16.5236,0,0.30467,0,334.42,playing,0
11.5064,-16.5236,0,0.30467,0,329.31,playing,0
11.5234,-16.5236,0,0.30467,0,324.19,playing,0
11.5405,8.3474,0,0.22436,0,319.39,playing,0
11.5573,8.3474,0,0.22436,0,314.91,playing,0
11.5743,8.3474,0,0.22436,0,310.75,playing,0
11.5905,8.3474,0,0.18251,0,307.12,playing,0
11.6074,8.3474,0,0.18251,0,303.57,playing,0
11.624,11.1869,0,0.18251,0,300.35,playing,0
11.6404,11.1869,0,0.19094,0,297.59,playing,0
11.6573,11.1869,0,0.19094,0,294.98,playing,1
11.6734,7.2219,0,0.19094,0,292.81,playing,1
11.6897,7.2219,0,0.23071,1,290.82,playing,1
11.7062,7.2219,0,0.23071,0,289.22,playing,1
11.7222,4.9921,0,0.23071,0,287.91,playing,1
11.7383,4.9921,0,0.27282,0,286.88,playing,1
11.7554,4.9921,0,0.27282,0,286.1,playing,1
11.7725,4.9921,0,0.27282,0,285.64,playing,1
11.7893,4.9921,0,0.27935,0,285.5,playing,1
11.8059,0.6177,0,0.27935,0,285.68,playing,1
11.822,0.6177,0,0.27935,0,286.13,playing,1
11.8378,0.6177,0,0.27699,0,286.86,playing,1
11.8539,0.0288,0,0.27699,0,287.87,playing,1
11.8702,0.0288,0,0.27699,0,289.16,playing,1
11.8869,0.0288,0,0.29462,0,290.85,playing,1
11.9036,-1.5354,0,0.29462,0,292.73,playing,1
11.92,-1.5354,0,0.29462,0,295.03,playing,1
11.936,-1.7724,0,0.3051,0,297.49,playing,1
11.9523,-1.7724,0,0.3051,0,300.22,playing,1
11.9695,-1.7724,0,0.3051,0,303.45,playing,1
11.9859,-1.2838,0,0.30178,0,306.99,playing,1
12.0019,-1.2838,0,0.30178,0,310.61,playing,1
12.0177,-1.2838,0,0.30178,0,314.51,playing,1
12.0341,-1.0656,0,0.28343,0,318.69,playing,1
12.0508,-1.0656,0,0.28343,0,323.15,playing,1
12.0666,-1.0656,0,0.28343,0,328.2,playing,1
12.083,-1.6202,0,0.31203,0,333.25,playing,1
12.0986,-1.6202,0,0.31203,0,338.57,playing,1
12.1145,-1.6202,0,0.31203,0,344.17,playing,1
12.1317,-1.1046,0,0.27542,0,350.06,playing,1
12.1478,-1.1046,0,0.27542,0,356.63,playing,1
12.1639,-1.212,0,0.27542,0,363.1,playing,1
12.1802,-1.212,0,0.30582,0,369.85,playing,1
12.1965,-1.212,0,0.30582,0,376.88,playing,1
12.213,-6.7575,0,0.30582,0,384.67,playing,1
12.2296,-6.7575,0,0.29472,0,392.28,playing,1
12.2458,-6.7575,0,0.29472,0,400.68,playing,1
12.2621,-29.711,1,0.29472,0,408.87,playing,1
12.278,-29.711,0,0.31243,0,402.92,playing,1
12.2944,-29.711,0,0.31243,0,397.24,playing,1
12.3115,-29.711,0,0.31243,0,391.53,playing,1
12.3284,-29.711,0,0.28401,0,386.13,playing,1
12.3449,19.7,0,0.28401,0,381.05,playing,1
12.3606,19.7,0,0.28401,0,376.55,playing,1
12.3769,19.7,0,0.28761,0,372.34,playing,1
12.3934,18.8939,0,0.28761,0,368.4,playing,1
12.4105,18.8939,0,0.28761,0,364.54,playing,1
12.4269,18.8939,0,0.18732,0,361.0,playing,1
12.4437,15.5069,0,0.22153,1,357.94,playing,1
12.4601,15.5069,0,0.22153,0,355.01,playing,1
12.4759,12.3081,0,0.22153,0,352.54,playing,1
12.4929,9.1829,0,0.25823,0,350.23,playing,1
12.5093,9.1829,0,0.25823,0,348.34,playing,1
12.526,6.0164,0,0.22884,0,346.64,playing,1
12.542,6.0164,0,0.22884,0,345.33,playing,1
12.5583,6.0164,0,0.26243,0,344.3,playing,1
12.5749,2.752,0,0.26243,0,343.53,playing,1
12.5911,2.752,0,0.26902,0,343.08,playing,1
12.6068,2.752,0,0.26902,0,342.91,playing,1
12.6227,1.3593,0,0.2686,0,343.02,playing,1
12.6388,1.3593,0,0.2686,0,343.42,playing,1
12.6549,0.1205,0,0.29224,0,344.09,playing,1
12.6708,0.1205,0,0.29224,0,345.05,playing,1
12.6869,0.1205,0,0.27536,0,346.29,playing,1
12.7033,-1.4939,0,0.27536,0,347.81,playing,1
12.7205,-1.4939,0,0.27235,0,349.75,playing,1
12.7369,-1.4939,0,0.27235,0,352.0,playing,1
12.7531,-2.2619,0,0.27592,0,354.4,playing,1
12.7691,-2.2619,0,0.27592,0,357.09,playing,1
12.7852,-2.2619,0,0.28396,0,360.05,playing,1
12.8013,-2.3985,0,0.28396,0,363.3,playing,1
12.8172,-2.3985,0,0.30782,0,366.82,playing,1
12.8331,-2.3985,0,0.30782,0,370.63,playing,1
12.8494,-2.5545,0,0.30664,0,374.73,playing,1
12.8659,-2.5545,0,0.30664,0,379.39,playing,1
12.8826,-12.2639,0,0.28199,0,384.06,playing,1
12.8994,-12.2639,0,0.28199,0,389.34,playing,1
12.9166,-12.2639,0,0.30626,0,394.94,playing,1
12.9332,-28.5511,1,0.30626,0,400.86,playing,1
12.9486,-28.5511,0,0.30012,0,394.9,playing,1
12.9656,-28.5511,0,0.30012,0,389.23,playing,1
12.982,-16.2119,0,0.19413,0,383.51,playing,1
12.9982,-16.2119,0,0.19413,0,378.42,playing,1
13.0143,9.8749,0,0.16812,0,373.6,playing,1
13.0316,21.1868,0,0.16812,0,368.8,playing,1
13.0485,21.1868,0,0.21943,0,364.33,playing,1
13.0651,20.0846,0,0.21943,0,360.16,playing,1
13.0809,20.0846,0,0.20981,0,356.53,playing,1
13.0972,20.0846,0,0.20981,0,353.18,playing,1
13.1129,13.0238,0,0.1828,0,350.1,playing,1
13.1288,13.0238,0,0.1828,0,347.31,playing,1
13.1458,13.0238,0,0.19661,0,344.8,playing,1
13.1619,13.0238,0,0.19661,0,342.46,playing,1
13.1781,13.0238,0,0.23524,1,340.53,playing,1
13.1944,13.0238,0,0.23524,0,338.88,playing,1
13.2109,9.9044,0,0.2388,0,337.45,playing,1
13.2271,9.9044,0,0.2388,0,336.38,playing,1
13.2424,2.2491,0,0.25041,0,335.6,playing,1
13.2595,2.2491,0,0.25041,0,335.1,playing,1
13.2762,2.2491,0,0.2825,0,334.88,playing,1
13.2924,2.2491,0,0.2825,0,334.96,playing,1
13.3089,2.2491,0,0.26209,0,335.36,playing,1
13.3247,2.2491,0,0.26209,0,336.02,playing,1
13.3409,-1.2084,0,0.29539,0,336.96,playing,1
13.357,-1.2084,0,0.29539,0,338.18,playing,1
13.3733,-1.2084,0,0.3022,0,339.69,playing,1
13.3893,-2.0933,0,0.3022,0,341.47,playing,1
13.4057,-2.0933,0,0.2976,0,343.69,playing,1
13.4234,-2.5838,0,0.2976,0,346.06,playing,1
13.4393,-2.5838,0,0.30174,0,348.89,playing,1
13.4557,-2.5838,0,0.28637,0,352.04,playing,1
13.472,-2.7429,0,0.28637,0,355.28,playing,1
13.4878,-2.7429,0,0.30359,0,358.81,playing,1
13.5044,-2.7429,0,0.30359,0,362.62,playing,2
13.5212,-2.6902,0,0.30593,0,366.99,playing,2
13.5372,-2.6902,0,0.30593,0,371.38,playing,2
13.5528,-2.6902,0,0.31773,0,376.05,playing,2
13.5695,-2.6902,0,0.31773,0,381.0,playing,2
13.586,-2.6902,0,0.30032,0,386.58,playing,2
13.6025,-33.2002,1,0.30032,0,392.12,playing,2
13.6189,-33.2002,0,0.23077,0,385.81,playing,2
13.6357,-33.2002,0,0.23077,0,380.15,playing,2
13.6523,-28.363,0,0.224,0,374.45,playing,2
13.6694,-28.363,0,0.224,0,369.08,playing,2
13.686,-28.363,0,0.19615,0,364.02,playing,2
13.7023,17.913,0,0.19615,0,359.54,playing,2
13.7191,17.913,0,0.19456,0,355.09,playing,2
13.7353,21.2905,0,0.19456,0,351.2,playing,2
13.751,21.2905,0,0.21453,0,347.58,playing,2
13.7668,21.2905,0,0.21453,0,344.24,playing,2
13.7829,16.0536,0,0.21453,0,341.19,playing,2
13.7999,16.0536,0,0.2232,1,338.41,playing,2
13.8157,16.0536,0,0.2232,0,335.79,playing,2
13.8319,13.0241,0,0.25796,0,333.59,playing,2
13.8484,13.0241,0,0.25796,0,331.68,playing,2
13.865,13.0241,0,0.27247,0,329.97,playing,2
13.8812,9.1067,0,0.27247,0,328.64,playing,2
13.8971,9.1067,0,0.29933,0,327.59,playing,2
13.9129,9.1067,0,0.29933,0,326.83,playing,2
13.9294,3.3258,0,0.27285,0,326.34,playing,2
13.9465,3.3258,0,0.27285,0,326.15,playing,2
13.963,1.0091,0,0.30941,0,326.27,playing,2
13.9787,1.0091,0,0.30941,0,326.66,playing,2
13.9954,1.0091,0,0.30169,0,327.34,playing,2
14.0126,-1.2686,0,0.30169,0,328.38,playing,2
14.0295,-1.2686,0,0.26842,0,329.73,playing,2
14.0465,-1.2686,0,0.26842,0,331.4,playing,2
14.0627,-1.2686,0,0.2867,0,333.39,playing,2
14.0795,-1.2686,0,0.2867,0,335.55,playing,2
14.0961,-3.1282,0,0.2825,0,338.16,playing,2
14.112,-3.1282,0,0.2825,0,340.89,playing,2
14.1282,-3.1282,0,0.30178,0,343.91,playing,2
14.1443,-19.7721,0,0.30178,0,347.21,playing,2
14.1611,-19.7721,0,0.30178,0,351.03,playing,2
14.1775,-19.7721,0,0.27178,0,354.91,playing,2
14.1945,-28.4715,1,0.27178,0,359.35,playing,2
14.2111,-28.4715,0,0.27783,0,353.04,playing,2
14.2271,-28.4715,0,0.27783,0,347.38,playing,2
14.2432,-10.2024,0,0.20105,0,342.0,playing,2
14.2595,-10.2024,0,0.20105,0,336.91,playing,2
14.2758,-6.7204,0,0.20461,0,331.81,playing,2
14.2926,-6.7204,0,0.20461,0,327.3,playing,2
14.3091,-6.7204,0,0.18727,0,322.82,playing,2
14.3269,-0.6248,0,0.18727,0,318.88,playing,2
14.3433,-0.6248,0,0.21067,0,314.81,playing,2
14.3602,-0.6248,0,0.18329,0,311.29,playing,2
14.3758,21.8874,0,0.18329,0,308.25,playing,2
14.3926,21.8874,0,0.17356,0,305.5,playing,2
14.4092,21.8874,0,0.17356,0,302.89,playing,2
14.4252,19.4889,0,0.21155,0,300.71,playing,2
14.4407,19.4889,0,0.21155,0,298.82,playing,2
14.4575,12.0354,0,0.26929,1,297.21,playing,2
14.4746,12.0354,0,0.26929,0,295.81,playing,2
14.4928,12.0354,0,0.26929,0,294.74,playing,2
14.509,8.7413,0,0.28308,0,293.95,playing,2
14.5267,8.7413,0,0.28308,0,293.54,playing,2
14.5426,8.7413,0,0.28823,0,293.43,playing,2
14.5601,8.7413,0,0.28823,0,293.61,playing,2
14.576,8.7413,0,0.29231,0,294.13,playing,2
14.592,0.967,0,0.29231,0,294.89,playing,2
14.6079,0.967,0,0.28819,0,295.94,playing,2
14.625,0.967,0,0.28819,0,297.27,playing,2
14.6411,-0.4822,0,0.27206,0,299.0,playing,2
14.6566,-0.4822,0,0.27206,0,300.9,playing,2
14.6728,-0.4822,0,0.28474,0,303.09,playing,2
14.6898,-1.2721,0,0.28474,0,305.57,playing,2
14.7063,-1.2721,0,0.3047,0,308.51,playing,2
14.7234,-1.2721,0,0.3047,0,311.77,playing,2
14.7398,-1.2721,0,0.28723,0,315.35,playing,2
14.7565,-1.2721,0,0.28723,0,319.0,playing,2
14.773,-25.3119,1,0.23921,0,323.2,playing,2
14.7894,-27.8842,0,0.23921,0,317.24,playing,2
14.8057,-27.8842,0,0.23174,0,311.23,playing,2
14.8217,-10.4898,0,0.23174,0,305.85,playing,2
14.8394,-10.4898,0,0.1743,0,300.46,playing,2
14.8566,-10.4898,0,0.1743,0,295.38,playing,2
14.8735,12.4482,0,0.19916,0,290.62,playing,2
14.8895,12.4482,0,0.19916,0,286.18,playing,2
14.9061,17.0195,0,0.20854,0,282.28,playing,2
14.9222,17.0195,0,0.20854,0,278.66,playing,2
14.9389,17.0195,0,0.18432,0,275.32,playing,2
14.9548,13.588,0,0.18432,0,272.1,playing,2
14.9716,13.588,0,0.20431,0,269.34,playing,2
14.9882,13.588,0,0.20431,0,266.73,playing,2
15.005,7.3648,0,0.29231,1,264.44,playing,2
15.0211,7.3648,0,0.29231,0,262.57,playing,2
15.0366,7.3648,0,0.28819,0,260.97,playing,2
15.053,5.4499,0,0.28819,0,259.66,playing,2
15.0695,5.4499,0,0.26178,0,258.63,playing,2
15.0865,3.0214,0,0.26178,0,257.85,playing,2
15.1039,3.0214,0,0.27976,0,257.39,playing,2
15.1197,3.0214,0,0.27976,0,257.25,playing,2
15.136,-0.5744,0,0.28271,0,257.4,playing,2
15.1517,-0.5744,0,0.28271,0,257.83,playing,2
15.1682,-0.5744,0,0.28017,0,258.54,playing,2
15.1839,-1.1002,0,0.28017,0,259.54,playing,2
15.1997,-1.1002,0,0.28017,0,260.81,playing,2
15.2158,-1.1002,0,0.28683,0,262.37,playing,2
15.2324,-2.9016,0,0.27927,0,264.21,playing,2
15.2498,-2.9016,0,0.27927,0,266.48,playing,2
15.2666,-2.4512,0,0.305,0,269.07,playing,2
15.2835,-2.4512,0,0.305,0,271.98,playing,2
15.3002,-2.4512,0,0.305,0,275.2,playing,2
15.3176,-3.2225,0,0.27935,0,278.74,playing,2
15.3338,-3.2225,0,0.27935,0,282.6,playing,2
15.3499,-3.2225,0,0.33139,0,286.52,playing,3
15.3658,-3.2225,0,0.33139,0,290.72,playing,3
15.3822,-3.2225,0,0.32479,0,295.19,playing,3
15.3982,-3.2225,0,0.32479,0,299.95,playing,3
15.4148,-26.5841,1,0.20924,0,305.0,playing,3
15.4312,-26.5841,0,0.20924,0,298.68,playing,3
15.4467,4.0101,0,0.1402,0,293.03,playing,3
15.4637,4.0101,0,0.1402,0,287.65,playing,3
15.48,4.0101,0,0.19339,0,282.25,playing,3
15.496,4.0101,0,0.19339,0,277.45,playing,3
15.5125,4.0101,0,0.17484,0,272.94,playing,3
15.5295,4.0101,0,0.17484,0,268.46,playing,3
15.5465,19.3418,0,0.19145,0,264.3,playing,3
15.5637,19.3418,0,0.19145,0,260.45,playing,3
15.5804,12.9727,0,0.14902,0,256.93,playing,3
15.5976,12.9727,0,0.14902,0,253.72,playing,3
15.614,12.9727,0,0.23181,1,250.83,playing,3
15.6299,9.0834,0,0.23181,0,248.39,playing,3
15.6459,9.0834,0,0.25752,0,246.24,playing,3
15.6627,9.0834,0,0.25752,0,244.36,playing,3
15.6794,3.6782,0,0.26932,0,242.69,playing,3
15.6961,3.6782,0,0.26932,0,241.33,playing,3
15.7126,3.6782,0,0.26934,0,240.33,playing,3
15.7288,1.9567,0,0.26934,0,239.59,playing,3
15.7455,1.9567,0,0.28783,0,239.18,playing,3
15.7625,0.2026,0,0.28783,0,239.06,playing,3
15.779,0.2026,0,0.29763,0,239.25,playing,3
15.7951,0.2026,0,0.29763,0,239.72,playing,3
15.8118,-1.7514,0,0.2834,0,240.47,playing,3
15.8281,-1.7514,0,0.2834,0,241.58,playing,3
15.8446,-1.7514,0,0.28716,0,242.91,playing,3
15.8613,-2.1044,0,0.28716,0,244.64,playing,3
15.8784,-2.1044,0,0.28965,0,246.68,playing,3
15.8962,-2.3273,0,0.28965,0,249.05,playing,3
15.9127,-2.5089,0,0.28965,0,251.91,playing,3
15.9297,-2.5089,0,0.28965,0,254.73,playing,3
15.9462,-2.5089,0,0.29779,0,258.05,playing,3
15.9623,-2.5089,0,0.29779,0,261.45,playing,3
15.9782,-2.5089,0,0.29351,0,265.14,playing,3
15.9938,-2.6328,0,0.29351,0,269.11,playing,3
16.0098,-2.6328,0,0.30946,0,273.36,playing,3
16.0267,-2.6328,0,0.30946,0,277.89,playing,3
16.0433,-3.2985,0,0.29904,0,283.02,playing,3
16.0597,-3.2985,0,0.29904,0,288.47,playing,3
16.0763,-19.5781,0,0.28737,0,293.88,playing,3
16.0938,-19.5781,0,0.28737,0,299.95,playing,3
16.1108,-19.5781,0,0.29887,0,306.34,playing,3
16.1268,-21.1143,1,0.29887,0,313.04,playing,3
16.143,-21.1143,0,0.25002,0,307.08,playing,3
16.1589,-21.1143,0,0.25002,0,301.4,playing,3
16.1755,-11.9977,0,0.21173,0,296.01,playing,3
16.1919,-11.9977,0,0.21173,0,290.59,playing,3
16.208,-11.9977,0,0.18972,0,285.78,playing,3
16.2249,9.9205,0,0.18972,0,281.25,playing,3
16.2417,9.9205,0,0.22261,1,276.75,playing,3
16.2581,18.2791,0,0.22261,0,272.57,playing,3
16.2765,18.2791,0,0.22261,0,268.5,playing,3
16.2936,18.2791,0,0.15552,0,264.97,playing,3
16.3104,15.9237,0,0.15552,0,261.76,playing,3
16.3275,15.9237,0,0.15552,0,258.87,playing,3
16.3438,15.9237,0,0.2389,0,256.3,playing,3
16.3598,9.3148,0,0.2389,0,254.16,playing,3
16.3761,9.3148,0,0.23859,0,252.31,playing,3
16.3917,6.0932,0,0.23859,0,250.73,playing,3
16.4078,6.0932,0,0.28117,0,249.44,playing,3
16.4236,6.0932,0,0.28117,0,248.42,playing,3
16.44,3.4476,0,0.28363,0,247.69,playing,3
16.4561,3.4476,0,0.28363,0,247.24,playing,3
16.4723,3.4476,0,0.283,0,247.07,playing,3
16.4891,0.2361,0,0.283,0,247.21,playing,3
16.5054,0.2361,0,0.28799,0,247.63,playing,3
16.522,0.2361,0,0.28799,0,248.38,playing,3
16.5387,-0.9691,0,0.28707,0,249.38,playing,3
16.5553,-0.9691,0,0.28707,0,250.75,playing,3
16.5725,-1.5369,0,0.3195,0,252.44,playing,3
16.5894,-1.5369,0,0.3195,0,254.45,playing,3
16.6058,-1.5369,0,0.3195,0,256.78,playing,3
16.6219,-1.5369,0,0.3195,0,259.25,playing,3
16.6381,-1.5369,0,0.28985,0,262.0,playing,3
16.6539,-1.5369,0,0.28985,0,265.04,playing,3
16.6707,-2.6024,0,0.28374,0,268.36,playing,3
16.6875,-2.6024,0,0.28374,0,272.2,playing,3
16.7036,-2.6024,0,0.29988,0,276.36,playing,3
16.7208,-2.3461,0,0.29988,0,280.55,playing,3
16.7383,-2.3461,0,0.29988,0,285.33,playing,3
16.7553,-2.002,0,0.29315,0,290.75,playing,3
16.7724,-2.002,0,0.29315,0,296.18,playing,3
16.7889,-2.002,0,0.28964,0,301.93,playing,3
16.8053,-2.8726,0,0.30177,0,307.62,playing,3
16.821,-2.8726,0,0.30177,0,313.59,playing,3
16.8376,-2.8726,0,0.29312,0,319.85,playing,3
16.8537,-9.2763,0,0.29312,0,326.81,playing,3
16.8703,-9.2763,0,0.29312,0,333.65,playing,3
16.8874,-22.0586,1,0.29262,0,341.23,playing,3
16.9042,-22.0586,0,0.18883,0,334.92,playing,3
16.9204,-22.0586,0,0.18883,0,329.26,playing,3
16.9369,-17.1495,0,0.20058,0,323.57,playing,3
16.9534,-17.1495,0,0.20058,0,318.49,playing,3
16.9702,-17.1495,0,0.20058,0,313.41,playing,3
16.987,2.6295,0,0.20058,0,308.65,playing,3
17.0031,2.6295,0,0.20058,0,304.45,playing,3
17.019,2.6295,0,0.23028,1,300.54,playing,3
17.0355,2.6295,0,0.23028,0,296.9,playing,3
17.0527,2.6295,0,0.19742,0,293.36,playing,3
17.0694,17.9974,0,0.19742,0,290.13,playing,3
17.0867,17.9974,0,0.19403,0,287.22,playing,3
17.1026,17.9974,0,0.19403,0,284.63,playing,3
17.1193,11.3167,0,0.17302,0,282.47,playing,3
17.136,11.3167,0,0.17302,0,280.5,playing,3
17.1517,11.3167,0,0.22054,0,278.92,playing,3
17.1678,8.2145,0,0.22054,0,277.63,playing,3
17.1844,8.2145,0,0.24638,0,276.62,playing,3
17.2005,5.6069,0,0.24638,0,275.86,playing,3
17.2172,5.6069,0,0.2503,0,275.43,playing,4
17.2333,5.6069,0,0.2503,0,275.28,playing,4
17.2509,0.5585,0,0.26955,0,275.43,playing,4
17.267,0.5585,0,0.26955,0,275.91,playing,4
17.2831,0.5585,0,0.25765,0,276.64,playing,4
17.2987,-0.9828,0,0.25765,0,277.65,playing,4
17.3151,-0.9828,0,0.25765,0,278.94,playing,4
17.3311,-0.9828,0,0.25765,0,280.52,playing,4
17.347,-2.6248,0,0.265,0,282.37,playing,4
17.3628,-2.6248,0,0.265,0,284.51,playing,4
17.3792,-2.6248,0,0.27603,0,286.93,playing,4
17.3955,-3.4415,0,0.27603,0,289.63,playing,4
17.4122,-3.4415,0,0.28301,0,292.82,playing,4
17.4279,-3.7523,0,0.28301,0,296.1,playing,4
17.4439,-3.7523,0,0.26459,0,299.66,playing,4
17.46,-3.7523,0,0.26459,0,303.51,playing,4
17.4761,-2.9663,0,0.28711,0,307.63,playing,4
17.4917,-2.9663,0,0.28711,0,312.04,playing,4
17.5083,-2.9663,0,0.30223,0,316.73,playing,4
17.5255,-3.7256,0,0.30223,0,322.03,playing,4
17.5421,-3.7256,0,0.28204,0,327.65,playing,4
17.558,-3.7256,0,0.28204,0,333.22,playing,4
17.5738,-24.8044,1,0.276,0,339.07,playing,4
17.59,-24.8044,0,0.276,0,333.11,playing,4
17.6062,-21.2073,0,0.20542,0,327.44,playing,4
17.6225,-21.2073,0,0.20542,0,322.04,playing,4
17.6389,-21.2073,0,0.15204,0,316.63,playing,4
17.6549,1.393,0,0.15204,0,311.81,playing,4
17.6716,1.393,0,0.15204,0,307.28,playing,4
17.6887,1.393,0,0.15204,0,302.78,playing,4
17.7054,13.9329,0,0.19014,0,298.6,playing,4
17.7226,13.9329,0,0.19014,0,294.74,playing,4
17.7387,13.9329,0,0.20013,0,291.19,playing,4
17.7552,13.9329,0,0.20013,0,288.14,playing,4
17.7718,13.9329,0,0.21189,0,285.37,playing,4
17.7888,7.507,0,0.21189,0,282.74,playing,4
17.8052,7.507,0,0.25351,1,280.43,playing,4
17.8211,7.507,0,0.25351,0,278.54,playing,4
17.8375,7.507,0,0.26822,0,276.92,playing,4
17.8544,7.507,0,0.26822,0,275.53,playing,4
17.871,7.507,0,0.25373,0,274.45,playing,4
17.8867,3.3386,0,0.25373,0,273.72,playing,4
17.9032,3.3386,0,0.28457,0,273.27,playing,4
17.9197,-17.9499,0,0.28457,0,273.11,playing,4
17.936,-23.2931,0,0.28457,0,273.25,playing,4
17.9516,-23.2931,0,0.21436,0,273.66,playing,4
17.9685,-16.0601,0,0.21436,0,274.35,playing,4
17.985,-16.0601,0,0.18154,0,275.41,playing,4
18.0007,-16.0601,0,0.18154,0,276.68,playing,4
18.0172,6.0323,0,0.18154,0,278.24,playing,4
18.033,6.0323,0,0.18154,0,280.08,playing,4
18.0493,6.0323,0,0.21091,0,282.2,playing,4
18.0664,13.2363,0,0.21091,0,284.77,playing,4
18.0837,13.2363,0,0.19187,0,287.66,playing,4
18.1005,10.787,0,0.19187,0,290.86,playing,4
18.1169,8.2967,0,0.226,1,294.39,playing,4
18.1332,8.2967,0,0.226,0,297.99,playing,4
18.1493,6.0367,0,0.26934,0,301.87,playing,4
18.1663,6.0367,0,0.26934,0,306.31,playing,4
18.1831,6.0367,0,0.22482,0,311.06,playing,4
18.1987,4.1918,0,0.22482,0,315.82,playing,4
18.215,4.1918,0,0.25034,0,320.87,playing,4
18.2307,4.1918,0,0.25034,0,326.19,playing,4
18.2472,1.3235,0,0.27935,0,331.79,playing,4
18.2635,1.3235,0,0.27935,0,337.68,playing,4
18.2806,-1.3897,0,0.27577,0,344.25,playing,4
18.2971,-1.3897,0,0.27577,0,351.14,playing,4
18.3129,-1.3897,0,0.29988,0,357.91,playing,4
18.3291,-16.519,0,0.29988,0,364.96,playing,4
18.3452,-16.519,0,0.27736,0,372.29,playing,4
18.3622,-16.519,0,0.27736,0,380.39,playing,4
18.3785,-23.7446,1,0.27736,0,388.3,playing,4
18.3948,-23.7446,0,0.27736,0,381.99,playing,4
18.4117,-23.7446,0,0.18698,0,376.33,playing,4
18.4283,-8.6354,0,0.18698,0,370.64,playing,4
18.444,-8.6354,0,0.21294,0,365.56,playing,4
18.4601,11.9664,0,0.21294,0,360.76,playing,4
18.4758,11.9664,0,0.18749,0,356.25,playing,4
18.4919,11.9664,0,0.18749,0,352.01,playing,4
18.5086,17.5051,0,0.18926,0,348.06,playing,4
18.5252,17.5051,0,0.18926,0,344.18,playing,4
18.5412,17.5051,0,0.19054,0,340.81,playing,4
18.557,14.7885,0,0.19054,0,337.72,playing,4
18.5736,14.7885,0,0.21403,0,334.91,playing,4
18.5904,14.7885,0,0.21403,0,332.25,playing,4
18.6065,8.3965,0,0.2381,1,329.9,playing,4
18.6226,8.3965,0,0.2381,0,327.97,playing,4
18.6385,8.3965,0,0.27247,0,326.32,playing,4
18.6552,8.3965,0,0.27247,0,324.96,dead,4
18.6721,8.3965,0,0.2757,0,323.83,dead,4
18.6886,1.2104,0,0.2757,0,323.04,dead,4
18.7057,1.2104,0,0.29247,0,322.53,dead,4
18.7221,1.2104,0,0.29247,0,322.33,dead,4
18.7382,-0.3953,0,0.29919,0,322.43,dead,4
18.7545,-0.3953,0,0.29919,0,322.8,dead,4
18.7717,-0.3953,0,0.30469,0,323.52,dead,4
18.7881,-20.3341,0,0.30469,0,324.56,dead,4
18.8042,-20.3341,0,0.28633,0,325.82,dead,4
18.8208,-23.0513,1,0.28633,0,327.47,dead,4
18.8371,-23.0513,0,0.2937,0,285.0,playing,0
18.8535,-23.0513,0,0.2937,0,279.04,playing,0
18.8708,1.3648,0,0.17482,0,273.03,playing,0
18.8876,1.3648,0,0.17482,0,267.33,playing,0
18.9041,1.3648,0,0.19417,0,261.96,playing,0
18.9205,13.607,0,0.19417,0,257.18,playing,0
18.9369,13.607,0,0.22666,1,252.42,playing,0
18.9524,13.607,0,0.22666,0,248.22,playing,0
18.9693,11.413,0,0.22199,0,244.3,playing,0
18.9851,11.413,0,0.22199,0,240.67,playing,0
19.001,8.6997,0,0.24663,0,237.31,playing,0
19.0173,8.6997,0,0.24663,0,234.24,playing,0
19.0338,8.6997,0,0.2389,0,231.3,playing,0
19.0507,3.7901,0,0.2389,0,228.8,playing,0
19.0672,3.7901,0,0.26866,0,226.48,playing,0
19.0826,3.7901,0,0.26866,0,224.56,playing,0
19.0989,1.7531,0,0.23891,0,222.94,playing,0
19.1158,1.7531,0,0.23891,0,221.59,playing,0
19.1321,1.7531,0,0.26599,0,220.48,playing,0
19.1485,-0.6531,0,0.26599,0,219.71,playing,0
19.1648,-0.6531,0,0.29224,0,219.21,playing,0
19.1817,-1.0843,0,0.29224,0,219.03,playing,0
19.1978,-1.0843,0,0.24645,0,219.15,playing,0
19.2144,-1.0843,0,0.24645,0,219.54,playing,0
19.2311,-1.3743,0,0.2775,0,220.28,playing,0
19.2467,-1.3743,0,0.2775,0,221.26,playing,0
19.2628,-1.3743,0,0.31187,0,222.51,playing,0
19.2787,-2.3617,0,0.31187,0,224.05,playing,0
19.2953,-2.3617,0,0.28017,0,225.87,playing,0
19.3109,-2.3617,0,0.28017,0,227.98,playing,0
19.3271,-2.5456,0,0.29442,0,230.36,playing,0
19.3428,-2.5456,0,0.29442,0,233.03,playing,0
19.3588,-2.5456,0,0.29543,0,235.97,playing,0
19.3748,-4.3381,0,0.29543,0,239.2,playing,0
19.3908,-4.3381,0,0.31961,0,242.71,playing,0
19.4074,-25.7406,1,0.31961,0,246.5,playing,0
19.4244,-25.7406,0,0.28596,0,240.19,playing,0
19.4417,-25.7406,0,0.28596,0,234.2,playing,0
19.4588,-27.3166,0,0.24288,0,228.52,playing,0
19.475,-27.3166,0,0.24288,0,223.16,playing,0
19.491,-27.3166,0,0.24288,0,218.4,playing,0
19.5083,9.2879,0,0.14716,0,213.66,playing,0
19.5242,9.2879,0,0.14716,0,209.48,playing,0
19.5414,15.1094,0,0.20202,0,205.36,playing,0
19.5589,15.1094,0,0.20202,0,201.55,playing,0
19.575,15.1094,0,0.2017,0,198.06,playing,0
19.5907,14.0827,0,0.2017,0,195.06,playing,0
19.607,14.0827,0,0.23868,1,192.34,playing,0
19.6232,14.0827,0,0.23868,0,189.9,playing,0
19.6397,9.7618,0,0.23482,0,187.74,playing,0
19.6567,9.7618,0,0.23482,0,185.77,playing,0
19.6733,9.7618,0,0.26929,0,184.11,playing,0
19.6895,7.2406,0,0.26929,0,182.84,playing,0
19.7059,7.2406,0,0.26562,0,181.8,playing,0
19.7219,3.5257,0,0.26562,0,181.1,playing,0
19.7379,3.5257,0,0.27729,0,180.69,playing,0
19.7534,3.5257,0,0.27729,0,180.56,playing,0
19.7698,1.3237,0,0.25865,0,180.7,playing,0
19.7868,1.3237,0,0.25865,0,181.14,playing,0
19.8029,1.3237,0,0.29614,0,181.91,playing,0
19.8189,-0.7054,0,0.29614,0,182.92,playing,0
19.8353,-0.7054,0,0.28009,0,184.21,playing,0
19.8523,-0.7054,0,0.28009,0,185.91,playing,0
19.8691,-1.0293,0,0.30051,0,187.92,playing,0
19.8852,-1.0293,0,0.28707,0,190.09,playing,0
19.902,-1.7353,0,0.28707,0,192.71,playing,0
19.9185,-1.7353,0,0.28707,0,195.47,playing,0
19.9356,-1.7353,0,0.2803,0,198.71,playing,0
19.9523,-1.839,0,0.27887,0,202.27,playing,0
19.9682,-1.839,0,0.27887,0,205.91,playing,0
19.9842,-1.839,0,0.28016,0,209.82,playing,0
20.001,-1.638,0,0.28016,0,214.02,playing,0
20.017,-1.638,0,0.2979,0,218.8,playing,0
20.0326,-1.638,0,0.2979,0,223.57,playing,0
20.0495,-1.3574,0,0.2979,0,228.63,playing,0
20.066,-1.3574,0,0.28707,0,234.33,playing,0
20.0829,-1.7013,0,0.28707,0,239.97,playing,0
20.0995,-1.7013,0,0.30177,0,246.28,playing,0
20.116,-1.7013,0,0.30177,0,252.9,playing,0
20.1323,-28.1425,1,0.29653,0,259.42,playing,0
20.1495,-28.1425,0,0.29653,0,253.11,playing,0
20.1657,-28.1425,0,0.2106,0,247.12,playing,0
20.1818,-25.1849,0,0.2106,0,241.76,playing,0
20.1984,-25.1849,0,0.21687,0,236.68,playing,0
20.2155,-25.1849,0,0.21687,0,231.6,playing,0
20.2321,-25.1849,0,0.24968,1,226.84,playing,0
20.2482,-25.1849,0,0.24968,0,222.64,playing,0
20.2641,21.6018,0,0.21062,0,218.73,playing,0
20.2799,21.6018,0,0.21062,0,215.09,playing,0
20.2961,21.6018,0,0.22076,0,211.74,playing,0
20.3122,19.5786,0,0.22076,0,208.67,playing,0
20.3283,19.5786,0,0.21127,0,205.88,playing,0
20.3449,19.5786,0,0.21127,0,203.23,playing,0
20.361,15.7073,0,0.21904,0,201.02,playing,0
20.3789,15.7073,0,0.21904,0,199.09,playing,0
20.3945,12.3496,0,0.19728,0,197.28,playing,0
20.4112,9.2802,0,0.19728,0,195.95,playing,0
20.4272,9.2802,0,0.24664,0,194.9,playing,0
20.443,6.5925,0,0.24664,0,194.13,playing,0
20.4591,6.5925,0,0.2358,0,193.65,playing,0
20.475,6.5925,0,0.2358,0,193.45,playing,0
20.4909,2.1179,0,0.2358,0,193.52,playing,0
20.5068,2.1179,0,0.25373,0,193.88,playing,0
20.5235,2.1179,0,0.25373,0,194.53,playing,0
20.5397,-0.0882,0,0.28017,0,195.53,playing,0
20.556,-0.0882,0,0.28017,0,196.75,playing,0
20.5722,-0.0882,0,0.24994,0,198.25,playing,0
20.5885,-2.2606,0,0.24994,0,200.04,playing,0
20.6054,-2.2606,0,0.27644,0,202.25,playing,0
20.6222,-2.9497,0,0.27644,0,204.79,playing,0
20.6383,-2.9497,0,0.26458,0,207.45,playing,0
20.6541,-2.9497,0,0.26458,0,210.4,playing,0
20.6706,-3.7095,0,0.25858,0,213.63,playing,0
20.6874,-3.7095,0,0.25858,0,217.38,playing,0
20.7044,-3.7095,0,0.28017,0,221.44,playing,0
20.7197,-3.4519,0,0.28017,0,225.55,playing,0
20.7361,-3.4519,0,0.28808,0,229.94,playing,0
20.753,-3.4519,0,0.28808,0,234.61,playing,0
20.7692,-3.0024,0,0.28833,0,239.9,playing,0
20.7848,-3.0024,0,0.28833,0,245.15,playing,0
20.8009,-2.5987,0,0.30303,0,250.68,playing,0
20.8178,-2.5987,0,0.30303,0,256.5,playing,0
20.8337,-2.5987,0,0.30303,0,263.0,playing,0
20.8518,-15.0976,0,0.28571,0,269.81,playing,0
20.8689,-15.0976,0,0.27728,0,276.94,playing,0
20.8855,-15.0976,0,0.27728,0,284.4,playing,0
20.9022,-23.0176,1,0.23768,0,292.16,playing,0
20.9185,-23.0176,0,0.23768,0,286.21,playing,0
20.9352,-23.0176,0,0.20383,0,280.19,playing,0
20.9521,-13.0754,0,0.20383,0,274.5,playing,0
20.968,-13.0754,0,0.20383,1,269.42,playing,0
20.9852,9.9161,0,0.25472,0,264.34,playing,0
21.0016,9.9161,0,0.18861,0,259.84,playing,0
21.0176,9.9161,0,0.18861,0,255.38,playing,0
21.034,16.607,0,0.18861,0,251.47,playing,0
21.0517,16.607,0,0.22477,0,247.62,playing,0
21.0684,16.607,0,0.25397,0,244.1,playing,0
21.0854,16.607,0,0.25397,0,240.89,playing,0
21.1018,16.607,0,0.25397,0,238.0,playing,0
21.1183,7.565,0,0.18798,0,235.56,playing,0
21.1351,7.565,0,0.18798,0,233.29,playing,0
21.1507,7.565,0,0.28358,0,231.43,playing,0
21.1673,5.5034,0,0.28358,0,229.85,playing,0
21.1839,5.5034,0,0.2573,0,228.5,playing,0
21.2006,5.5034,0,0.2573,0,227.5,playing,0
21.2171,4.038,0,0.29596,0,226.76,playing,0
21.2332,4.038,0,0.29596,0,226.35,playing,0
21.2488,4.038,0,0.25041,0,226.22,playing,0
21.2649,1.1318,0,0.25041,0,226.37,playing,0
21.2817,1.1318,0,0.26219,0,226.8,playing,1
21.2986,1.1318,0,0.26219,0,227.57,playing,1
21.3147,1.1318,0,0.26217,0,228.66,playing,1
21.3312,1.1318,0,0.26217,0,229.97,playing,1
21.3464,-2.2141,0,0.27705,0,231.57,playing,1
21.3634,-2.2141,0,0.27705,0,233.44,playing,1
21.3805,-2.2141,0,0.27235,0,235.75,playing,1
21.3972,-2.2141,0,0.27235,0,238.38,playing,1
21.4139,-2.2141,0,0.28008,0,241.13,playing,1
21.4304,-2.3027,0,0.28008,0,244.37,playing,1
21.4475,-2.3027,0,0.29763,0,247.93,playing,1
21.4647,-2.3027,0,0.29763,0,251.81,playing,1
21.481,-2.3439,0,0.26121,0,256.01,playing,1
21.4964,-2.3439,0,0.26121,0,260.24,playing,1
21.5134,-2.3439,0,0.29516,0,264.76,playing,1
21.5298,-4.3348,0,0.29516,0,269.87,playing,1
21.5459,-4.3348,0,0.27976,0,274.96,playing,1
21.5627,-4.3348,0,0.27976,0,280.34,playing,1
21.5789,-30.0277,1,0.27183,0,286.37,playing,1
21.595,-30.0277,0,0.27183,0,280.41,playing,1
21.6109,-22.3806,0,0.23357,0,274.73,playing,1
21.6268,-22.3806,0,0.23357,0,269.34,playing,1
21.6432,-22.3806,0,0.20177,0,264.23,playing,1
21.6593,-1.3545,0,0.20177,0,259.39,playing,1
21.6757,-1.3545,0,0.22576,1,254.58,playing,1
21.6938,-1.3545,0,0.22576,0,250.33,playing,1
21.71,18.129,0,0.206,0,245.9,playing,1
21.7265,18.129,0,0.206,0,242.25,playing,1
21.7439,18.129,0,0.18537,0,238.68,playing,1
21.7598,20.7961,0,0.21928,0,235.44,playing,1
21.7763,20.7961,0,0.21928,0,232.67,playing,1
21.793,11.4152,0,0.26611,0,230.04,playing,1
21.8095,11.4152,0,0.26611,0,227.85,playing,1
21.8258,11.4152,0,0.26935,0,225.84,playing,1
21.8426,8.0074,0,0.26935,0,224.22,playing,1
21.8596,8.0074,0,0.24988,0,222.83,playing,1
21.8762,8.0074,0,0.24988,0,221.75,playing,1
21.8923,4.8113,0,0.24988,0,221.02,playing,1
21.9076,4.8113,0,0.24988,0,220.57,playing,1
21.9246,2.9297,0,0.24988,0,220.4,playing,1
21.941,1.085,0,0.23179,0,220.54,playing,1
21.9568,1.085,0,0.23179,0,220.96,playing,1
21.9732,-0.2953,0,0.29342,0,221.65,playing,1
21.9892,-0.2953,0,0.29342,0,222.63,playing,1
22.0051,-0.2953,0,0.28017,0,223.89,playing,1
22.0209,-1.8819,0,0.28017,0,225.42,playing,1
22.0375,-1.8819,0,0.28781,0,227.25,playing,1
22.0545,-1.8819,0,0.28781,0,229.5,playing,1
22.0709,-2.2854,0,0.29994,0,232.07,playing,1
22.087,-2.2854,0,0.29994,0,234.77,playing,1
22.1029,-2.2854,0,0.28845,0,237.75,playing,1
22.1192,-2.4777,0,0.28845,0,241.02,playing,1
22.135,-2.4777,0,0.27941,0,244.56,playing,1
22.1509,-3.1913,0,0.27941,0,248.39,playing,1
22.1672,-3.1913,0,0.29927,0,252.5,playing,1
22.1827,-3.1913,0,0.29927,0,256.89,playing,1
22.1987,-2.9467,0,0.30176,0,261.56,playing,1
22.2155,-2.9467,0,0.30176,0,266.51,playing,1
22.2327,-2.9467,0,0.30176,0,272.09,playing,1
22.2499,-3.1028,0,0.30176,0,277.99,playing,1
22.2656,-3.1028,0,0.27921,0,284.21,playing,1
22.2825,-3.1028,0,0.27921,0,290.34,playing,1
22.2997,-29.9093,1,0.28037,0,297.18,playing,1
22.316,-29.9093,0,0.28037,0,290.86,playing,1
22.3319,-29.839,0,0.28037,0,285.21,playing,1
22.3484,-29.839,0,0.17455,0,279.83,playing,1
22.3652,-29.839,0,0.17455,0,274.43,playing,1
22.3817,2.1789,0,0.22983,1,269.35,playing,1
22.3979,2.1789,0,0.22983,0,264.86,playing,1
22.4145,2.1789,0,0.21959,0,260.64,playing,1
22.4309,18.521,0,0.21959,0,256.48,playing,1
22.4478,18.521,0,0.24169,0,252.84,playing,1
22.4648,23.2707,0,0.24169,0,249.3,playing,1
22.4812,20.7888,0,0.19955,0,246.07,playing,1
22.4972,20.7888,0,0.19955,0,243.32,playing,1
22.5144,20.7888,0,0.23595,0,240.71,playing,1
22.5311,20.7888,0,0.23595,0,238.42,playing,1
22.5471,20.7888,0,0.25823,0,236.54,playing,1
22.563,20.7888,0,0.25823,0,234.95,playing,1
22.5794,20.7888,0,0.26935,0,233.64,playing,1
22.5963,20.7888,0,0.26935,0,232.56,playing,1
22.6132,6.3127,0,0.26935,0,231.8,playing,1
22.6288,6.3127,0,0.26935,0,231.37,playing,1
22.6452,3.1634,0,0.25794,0,231.22,playing,1
22.6611,3.1634,0,0.25794,0,231.35,playing,1
22.6778,3.1634,0,0.26905,0,231.76,playing,1
22.6946,-0.5245,0,0.26905,0,232.52,playing,1
22.7111,-0.5245,0,0.28744,0,233.59,playing,1
22.7272,-0.5245,0,0.28744,0,234.89,playing,1
22.743,-1.9057,0,0.24995,0,236.46,playing,1
22.7586,-1.9057,0,0.24995,0,238.32,playing,1
22.7747,-1.9057,0,0.29022,0,240.45,playing,1
22.7916,-3.2508,0,0.29022,0,242.87,playing,1
22.8077,-3.2508,0,0.26822,0,245.76,playing,1
22.8242,-3.2508,0,0.26822,0,248.76,playing,1
22.8398,-2.858,0,0.2577,0,252.04,playing,1
22.8555,-2.858,0,0.2577,0,255.61,playing,1
22.8727,-2.863,0,0.27736,0,259.45,playing,1
22.8898,-2.863,0,0.27736,0,263.85,playing,1
22.9059,-2.863,0,0.2811,0,268.58,playing,1
22.922,-3.0863,0,0.2811,0,273.3,playing,1
22.9382,-3.0863,0,0.2811,0,278.31,playing,1
22.9541,-3.0863,0,0.2811,0,283.59,playing,1
22.9705,-2.9139,0,0.27281,0,289.16,playing,1
22.9871,-2.9139,0,0.27281,0,295.4,playing,1
23.0032,-2.9139,0,0.26545,0,301.55,playing,1
23.0192,-23.4104,1,0.26545,0,307.98,playing,1
23.0353,-23.4104,0,0.27304,0,302.02,playing,1
23.0519,-29.075,0,0.27304,0,296.01,playing,1
23.0685,-29.075,0,0.27247,0,290.63,playing,1
23.0856,-29.075,0,0.27247,0,285.24,playing,1
23.1024,-18.2535,0,0.24646,0,280.16,playing,1
23.1186,-18.2535,0,0.24646,0,275.4,playing,2
23.1352,-18.2535,0,0.24646,0,271.2,playing,2
23.1525,15.5696,0,0.23968,0,267.06,playing,2
23.1699,15.5696,0,0.23968,0,263.23,playing,2
23.1858,14.9907,0,0.18289,0,259.73,playing,2
23.2024,14.9907,0,0.18289,0,256.71,playing,2
23.2192,14.9907,0,0.27782,1,253.82,playing,2
23.2364,11.2672,0,0.27782,0,251.24,playing,2
23.2532,11.2672,0,0.26243,0,248.99,playing,2
23.2691,11.2672,0,0.26243,0,247.15,playing,2
23.2854,9.1557,0,0.26219,0,245.59,playing,2
23.302,9.1557,0,0.26219,0,244.25,playing,2
23.3176,9.1557,0,0.26219,0,243.28,playing,2
23.3336,7.0424,0,0.26219,0,242.58,playing,2
23.3504,7.0424,0,0.25415,0,242.17,playing,2
23.3671,4.6159,0,0.25415,0,242.04,playing,2
23.3836,4.6159,0,0.24994,0,242.21,playing,2
23.4006,4.6159,0,0.24994,0,242.71,playing,2
23.4168,1.0318,0,0.25868,0,243.52,playing,2
23.4331,1.0318,0,0.25868,0,244.56,playing,2
23.4491,1.0318,0,0.27186,0,245.89,playing,2
23.4653,-2.0216,0,0.27186,0,247.5,playing,2
23.4816,-2.0216,0,0.26219,0,249.39,playing,2
23.4982,-2.0216,0,0.26219,0,251.72,playing,2
23.5143,-2.337,0,0.31388,0,254.19,playing,2
23.5306,-2.337,0,0.31388,0,257.14,playing,2
23.5465,-2.8982,0,0.29436,0,260.19,playing,2
23.5633,-2.8982,0,0.29436,0,263.52,playing,2
23.5797,-2.8982,0,0.30741,0,267.38,playing,2
23.5976,-2.5968,0,0.30741,0,271.3,playing,2
23.6144,-2.5968,0,0.28713,0,276.06,playing,2
23.6311,-2.5968,0,0.28713,0,280.88,playing,2
23.6467,-2.1536,0,0.28713,0,285.69,playing,2
23.6634,-2.1536,0,0.28713,0,290.78,playing,2
23.6801,-3.1513,0,0.28271,0,296.51,playing,2
23.6964,-3.1513,0,0.28271,0,302.19,playing,2
23.7131,-3.1513,0,0.31886,0,308.54,playing,2
23.7287,-24.496,1,0.31886,0,314.79,playing,2
23.7448,-24.496,0,0.27603,0,308.83,playing,2
23.7612,-24.496,0,0.27603,0,303.16,playing,2
23.7778,-31.6654,0,0.28467,0,297.44,playing,2
23.795,-31.6654,0,0.28467,0,292.35,playing,2
23.8111,-31.6654,0,0.24663,0,287.25,playing,2
23.8277,6.7571,0,0.24663,0,282.74,playing,2
23.8453,6.7571,0,0.18331,0,278.01,playing,2
23.8623,19.9971,0,0.20845,0,273.87,playing,2
23.8789,19.9971,0,0.20845,0,270.04,playing,2
23.8958,19.9971,0,0.23793,1,266.73,playing,2
23.9122,17.0357,0,0.23793,0,263.52,playing,2
23.9278,17.0357,0,0.23793,0,260.78,playing,2
23.9441,17.0357,0,0.25439,0,258.32,playing,2
23.9599,13.7052,0,0.25439,0,256.15,playing,2
23.9759,13.7052,0,0.29113,0,254.26,playing,2
23.9929,13.7052,0,0.29113,0,252.65,playing,2
24.0091,10.5438,0,0.29113,0,251.25,playing,2
24.0247,10.5438,0,0.29113,0,250.22,playing,2
24.0409,5.4441,0,0.30762,0,249.47,playing,2
24.0569,5.4441,0,0.30762,0,249.01,playing,2
24.073,5.4441,0,0.2867,0,248.82,playing,2
24.0891,3.5919,0,0.2867,0,248.92,playing,2
24.1056,3.5919,0,0.29231,0,249.29,playing,2
24.1228,3.5919,0,0.29231,0,250.01,playing,2
24.139,2.1344,0,0.2686,0,251.05,playing,2
24.155,2.1344,0,0.2686,0,252.31,playing,2
24.1712,2.1344,0,0.27558,0,253.85,playing,2
24.1868,-0.7268,0,0.27558,0,255.67,playing,2
24.2029,-0.7268,0,0.31328,0,257.77,playing,2
24.2191,-0.7268,0,0.31328,0,260.15,playing,2
24.235,-2.8258,0,0.27693,0,262.82,playing,2
24.2507,-2.8258,0,0.27693,0,265.77,playing,2
24.267,-7.3907,0,0.27282,0,269.0,playing,2
24.2829,-7.3907,0,0.27282,0,272.51,playing,2
24.2991,-7.3907,0,0.28035,0,276.3,playing,2
24.3146,-26.1584,1,0.28035,0,280.37,playing,2
24.3314,-26.1584,0,0.26471,0,274.41,playing,2
24.3482,-26.1584,0,0.26471,0,268.4,playing,2
24.3642,-23.2393,0,0.25398,0,263.02,playing,2
24.3801,-23.2393,0,0.25398,0,257.93,playing,2
24.3959,-23.2393,0,0.15178,0,253.11,playing,2
24.412,-14.0164,0,0.15178,0,248.58,playing,2
24.4285,-14.0164,0,0.15353,0,244.33,playing,2
24.4449,7.9772,0,0.15353,0,240.13,playing,2
24.4614,7.9772,0,0.19371,0,236.46,playing,2
24.4781,7.9772,0,0.19371,0,232.88,playing,2
24.4941,22.5308,0,0.19997,0,229.79,playing,2
24.5098,22.5308,0,0.19997,0,226.98,playing,2
24.5261,22.5308,0,0.21461,0,224.45,playing,2
24.542,19.6079,0,0.21461,0,222.21,playing,2
24.5584,19.6079,0,0.23165,1,220.24,playing,2
24.5753,19.6079,0,0.23165,0,218.48,playing,2
24.5917,11.5803,0,0.25401,0,217.03,playing,2
24.6086,11.5803,0,0.25401,0,215.94,playing,2
24.625,8.0288,0,0.30609,0,215.11,playing,2
24.6415,8.0288,0,0.30609,0,214.61,playing,2
24.6586,8.0288,0,0.26459,0,214.39,playing,2
24.6755,3.2979,0,0.26459,0,214.49,playing,2
24.6929,3.2979,0,0.26543,0,214.91,playing,2
24.7091,3.2979,0,0.26543,0,215.65,playing,2
24.7247,1.3753,0,0.33816,0,216.63,playing,2
24.7414,1.3753,0,0.33816,0,217.89,playing,2
24.758,1.3753,0,0.29908,0,219.54,playing,2
24.7743,-0.3487,0,0.29908,0,221.38,playing,2
24.7907,-0.3487,0,0.28005,0,223.5,playing,2
24.8073,-2.9447,0,0.28005,0,226.07,playing,2
24.8242,-2.9447,0,0.27972,0,228.96,playing,2
24.8398,-2.9447,0,0.27972,0,231.96,playing,2
24.8561,-3.2975,0,0.27191,0,235.24,playing,2
24.8718,-3.2975,0,0.27191,0,238.8,playing,2
24.8881,-3.2975,0,0.28301,0,242.65,playing,2
24.904,-3.1233,0,0.28301,0,246.77,playing,2
24.9203,-3.1233,0,0.29851,0,251.18,playing,2
24.9369,-3.1233,0,0.29851,0,256.18,playing,2
24.953,-3.3326,0,0.30979,0,261.17,playing,2
24.9688,-3.3326,0,0.30979,0,266.44,playing,3
24.9849,-4.7056,0,0.29462,0,271.99,playing,3
25.0017,-4.7056,0,0.29462,0,277.83,playing,3
25.0188,-4.7056,0,0.30467,0,284.34,playing,3
25.0346,-26.4843,1,0.30467,0,291.18,playing,3
25.0512,-26.4843,0,0.30467,0,285.22,playing,3
25.0683,-26.4843,0,0.27298,0,279.21,playing,3
25.0855,-19.6758,0,0.27298,0,273.51,playing,3
25.1021,-19.6758,0,0.18301,0,268.13,playing,3
25.1182,-19.6758,0,0.18301,0,263.35,playing,3
25.1344,11.2192,0,0.1706,0,258.86,playing,3
25.1517,11.2192,0,0.1706,0,254.4,playing,3
25.1681,16.2791,0,0.1995,0,250.25,playing,3
25.1841,16.2791,0,0.1995,0,246.64,playing,3
25.2004,16.2791,0,0.20102,0,243.3,playing,3
25.2171,14.9723,0,0.20102,0,240.07,playing,3
25.2333,14.9723,0,0.18507,0,237.32,playing,3
25.2504,14.9723,0,0.18507,0,234.71,playing,3
25.2671,10.1031,0,0.22369,1,232.42,playing,3
25.2829,10.1031,0,0.22369,0,230.54,playing,3
25.2991,10.1031,0,0.23813,0,228.95,playing,3
25.3151,7.8043,0,0.23813,0,227.64,playing,3
25.3312,7.8043,0,0.29201,0,226.61,playing,3
25.3475,3.3945,0,0.29201,0,225.83,playing,3
25.3646,3.3945,0,0.27893,0,225.38,playing,3
25.3813,3.3945,0,0.27893,0,225.22,playing,3
25.3979,3.3945,0,0.25043,0,225.38,playing,3
25.4144,3.3945,0,0.25043,0,225.81,playing,3
25.4315,3.3945,0,0.28674,0,226.58,playing,3
25.4481,0.2007,0,0.28674,0,227.68,playing,3
25.4643,0.2007,0,0.28747,0,228.99,playing,3
25.481,-0.3387,0,0.28747,0,230.7,playing,3
25.4976,-0.3387,0,0.31182,0,232.59,playing,3
25.5144,-0.3387,0,0.31182,0,234.91,playing,3
25.5307,-1.379,0,0.28041,0,237.56,playing,3
25.5474,-1.379,0,0.28041,0,240.33,playing,3
25.5638,-1.379,0,0.30026,0,243.59,playing,3
25.58,-1.7307,0,0.30026,0,246.95,playing,3
25.5967,-1.7307,0,0.29882,0,250.58,playing,3
25.6131,-1.7307,0,0.29882,0,254.76,playing,3
25.6294,-1.9797,0,0.29975,0,258.97,playing,3
25.6461,-1.9797,0,0.29975,0,263.77,playing,3
25.6626,-1.7475,0,0.31647,0,268.56,playing,3
25.6792,-1.7475,0,0.31647,0,273.98,playing,3
25.6954,-1.7475,0,0.2766,0,279.35,playing,3
25.7121,-1.2462,0,0.2766,0,285.38,playing,3
25.7281,-1.2462,0,0.30497,0,291.34,playing,3
25.7436,-1.2462,0,0.30497,0,297.58,playing,3
25.7601,-1.5041,0,0.30497,0,304.1,playing,3
25.7763,-1.5041,0,0.3059,0,310.9,playing,3
25.7929,-1.5041,0,0.3059,0,318.44,playing,3
25.8091,-29.8819,1,0.29335,0,325.83,playing,3
25.8253,-29.8819,0,0.29335,0,319.87,playing,3
25.8424,-32.1888,0,0.29021,0,313.85,playing,3
25.8593,-32.1888,0,0.29021,0,308.16,playing,3
25.8759,-32.1888,0,0.16675,0,302.78,playing,3
25.8921,-18.9064,0,0.16675,0,298.0,playing,3
25.9086,-18.9064,0,0.20201,0,293.51,playing,3
25.9256,-18.9064,0,0.20201,0,289.04,playing,3
25.9425,23.3103,0,0.20617,0,284.9,playing,3
25.9591,23.3103,0,0.20617,0,281.08,playing,3
25.975,21.8622,0,0.19331,0,277.76,playing,3
25.9915,21.8622,0,0.19331,0,274.72,playing,3
26.0082,21.8622,0,0.21997,0,271.81,playing,3
26.0244,18.4497,0,0.21997,0,269.36,playing,3
26.0406,18.4497,0,0.25036,1,267.07,playing,3
26.0568,18.4497,0,0.25036,0,265.19,playing,3
26.0729,11.6331,0,0.22104,0,263.6,playing,3
26.0895,11.6331,0,0.22104,0,262.28,playing,3
26.1057,11.6331,0,0.23891,0,261.21,playing,3
26.1225,7.6849,0,0.23891,0,260.48,playing,3
26.1386,7.6849,0,0.23193,0,260.02,playing,3
26.1554,2.6027,0,0.23193,0,259.87,playing,3
26.1724,2.6027,0,0.26136,0,260.03,playing,3
26.1895,2.6027,0,0.26136,0,260.5,playing,3
26.2061,2.2034,0,0.29448,0,261.3,playing,3
26.2217,2.2034,0,0.29448,0,262.32,playing,3
26.2383,2.2034,0,0.27331,0,263.63,playing,3
26.2549,1.8761,0,0.27331,0,265.35,playing,3
26.2714,1.8761,0,0.28164,0,267.24,playing,3
26.2881,1.8761,0,0.28164,0,269.56,playing,3
26.3043,1.8761,0,0.27706,0,272.04,playing,3
26.3212,1.8761,0,0.27706,0,274.98,playing,3
26.3367,-1.8091,0,0.28265,0,278.03,playing,3
26.3526,-1.8091,0,0.28265,0,281.37,playing,3
26.3688,-1.8091,0,0.29757,0,284.98,playing,3
26.3857,-2.5316,0,0.29757,0,288.88,playing,3
26.4021,-2.5316,0,0.3023,0,293.34,playing,3
26.4178,-2.5316,0,0.3023,0,297.82,playing,3
26.4339,-3.159,0,0.29378,0,302.58,playing,3
26.4505,-3.159,0,0.29378,0,307.62,playing,3
26.467,-3.159,0,0.29889,0,313.29,playing,3
26.4829,-3.7,0,0.29889,0,318.92,playing,3
26.4996,-3.7,0,0.31182,0,324.82,playing,3
26.5158,-3.9628,0,0.31182,0,331.41,playing,3
26.5321,-3.9628,0,0.31182,0,337.9,playing,3
26.5479,-3.9628,0,0.27292,0,344.66,playing,3
26.5642,-22.0524,1,0.29988,0,351.71,playing,3
26.5809,-22.0524,0,0.29988,0,345.4,playing,3
26.5966,-22.0524,0,0.29988,0,339.74,playing,3
26.6131,-21.2149,0,0.28271,0,334.36,playing,3
26.6299,-21.2149,0,0.28271,0,329.27,playing,3
26.6462,-21.2149,0,0.18488,0,324.17,playing,3
26.6629,-18.7188,0,0.18488,0,319.65,playing,3
26.6788,-18.7188,0,0.18691,0,315.17,playing,3
26.6959,0.0422,0,0.2211,1,311.24,playing,3
26.7127,12.2314,0,0.2211,0,307.38,playing,3
26.7297,12.2314,0,0.2211,0,303.83,playing,3
26.7465,12.2314,0,0.1829,0,300.61,playing,3
26.7636,12.2314,0,0.2461,0,297.7,playing,3
26.7802,12.2314,0,0.2461,0,295.11,playing,3
26.7968,9.2653,0,0.2461,0,292.95,playing,3
26.8129,9.2653,0,0.28073,0,290.98,playing,4
26.8284,9.2653,0,0.28073,0,289.4,playing,4
26.845,7.448,0,0.31046,0,288.11,playing,4
26.8609,7.448,0,0.31046,0,287.09,playing,4
26.8773,5.2253,0,0.26546,0,286.36,playing,4
26.8943,5.2253,0,0.26546,0,285.9,playing,4
26.9107,5.2253,0,0.28013,0,285.75,playing,4
26.9274,2.4293,0,0.28013,0,285.91,playing,4
26.9436,2.4293,0,0.29448,0,286.39,playing,4
26.9607,2.4293,0,0.29448,0,287.12,playing,4
26.9771,2.4293,0,0.28377,0,288.21,playing,4
26.993,2.4293,0,0.28377,0,289.52,playing,4
27.0094,1.5978,0,0.30557,0,291.11,playing,4
27.0262,0.2685,0,0.30557,0,293.12,playing,4
27.0416,0.2685,0,0.31448,0,295.29,playing,4
27.0583,-0.5796,0,0.31448,0,297.75,playing,4
27.0746,-0.5796,0,0.28701,0,300.67,playing,4
27.0915,-0.5796,0,0.28701,0,303.71,playing,4
27.1078,-1.8197,0,0.30617,0,307.25,playing,4
27.1241,-1.8197,0,0.30617,0,310.87,playing,4
27.1405,-1.8197,0,0.30141,0,314.77,playing,4
27.1568,-26.6172,1,0.30141,0,319.23,playing,4
27.1733,-26.6172,0,0.27326,0,313.27,playing,4
27.1893,-23.4192,0,0.27326,0,307.59,playing,4
27.2064,-23.4192,0,0.21357,0,301.88,playing,4
27.2229,-23.4192,0,0.21357,0,296.48,playing,4
27.2391,-23.4192,0,0.21135,0,291.68,playing,4
27.2553,-23.4192,0,0.21135,0,287.17,playing,4
27.2716,-23.4192,0,0.20219,0,282.69,playing,4
27.2879,17.7531,0,0.20219,0,278.75,playing,4
27.3047,17.7531,0,0.20081,0,275.1,playing,4
27.3215,17.7531,0,0.20081,0,271.54,playing,4
27.3384,15.6386,0,0.25118,1,268.29,playing,4
27.3551,15.6386,0,0.25118,0,265.37,playing,4
27.3716,9.7194,0,0.26177,0,262.89,playing,4
27.3878,9.7194,0,0.26177,0,260.58,playing,4
27.4045,9.7194,0,0.23885,0,258.69,playing,4
27.4216,6.8187,0,0.23885,0,257.0,playing,4
27.4377,6.8187,0,0.27778,0,255.62,playing,4
27.4546,6.8187,0,0.27778,0,254.61,playing,4
27.4715,2.5688,0,0.27815,0,253.85,playing,4
27.4881,2.5688,0,0.27815,0,253.41,playing,4
27.5044,0.6701,0,0.29887,0,253.28,playing,4
27.5208,0.6701,0,0.29887,0,253.45,playing,4
27.5372,0.6701,0,0.29887,0,253.9,playing,4
27.5529,-0.1348,0,0.26979,0,254.63,playing,4
27.5696,-0.1348,0,0.26979,0,255.64,playing,4
27.5862,-0.1348,0,0.2963,0,257.03,playing,4
27.6022,-16.9579,0,0.2963,0,258.63,playing,4
27.6184,-16.9579,0,0.30152,0,260.5,playing,4
27.6353,-16.9579,0,0.30152,0,262.81,playing,4
27.652,-31.1198,1,0.30007,0,265.44,playing,4
27.6681,-31.1198,0,0.30007,0,259.48,playing,4
27.6844,-26.806,0,0.23879,0,253.8,playing,4
27.7021,-23.0997,0,0.23879,0,248.09,playing,4
27.7177,-23.0997,0,0.18289,0,242.69,playing,4
27.7344,-2.8257,0,0.18289,0,237.89,playing,4
27.7509,-2.8257,0,0.17795,0,233.12,playing,4
27.767,-2.8257,0,0.17795,0,228.9,playing,4
27.7825,9.9024,0,0.18053,0,224.96,playing,4
27.7995,9.9024,0,0.18053,0,221.31,playing,4
27.8167,9.9024,0,0.20497,0,217.75,playing,4
27.8331,22.3557,0,0.20497,0,214.5,playing,4
27.8494,22.3557,0,0.18921,0,211.73,playing,4
27.8663,19.1915,0,0.18921,0,209.1,playing,4
27.8833,19.1915,0,0.18921,0,206.79,playing,4
27.8997,19.1915,0,0.18921,0,204.8,playing,4
27.9162,15.4275,0,0.20082,0,203.21,playing,4
27.9322,15.4275,0,0.20082,0,201.89,playing,4
27.9484,15.4275,0,0.26465,1,200.86,playing,4
27.9663,8.0222,0,0.26465,0,200.09,playing,4
27.983,8.0222,0,0.28277,0,199.62,playing,4
27.9997,4.9912,0,0.28277,0,199.49,playing,4
28.0165,2.0436,0,0.2867,0,199.66,playing,4
28.0333,2.0436,0,0.2867,0,200.16,playing,4
28.0502,-0.2721,0,0.29223,0,200.97,playing,4
28.0658,-0.2721,0,0.29223,0,202.02,playing,4
28.0823,-0.2721,0,0.29442,0,203.35,playing,4
28.099,-1.6515,0,0.29442,0,205.08,playing,4
28.1149,-1.6515,0,0.29201,0,206.98,playing,4
28.1316,-1.6515,0,0.29201,0,209.17,playing,4
28.1482,-3.2162,0,0.29125,0,211.82,playing,4
28.164,-3.2162,0,0.29125,0,214.59,playing,4
28.1798,-3.6385,0,0.29631,0,217.64,playing,4
28.1964,-3.6385,0,0.29631,0,220.98,playing,4
28.2135,-3.6385,0,0.30083,0,224.84,playing,4
28.2297,-3.7857,0,0.30083,0,229.02,playing,4
28.2468,-3.7857,0,0.30083,0,233.23,playing,4
28.2625,-3.7857,0,0.30083,0,238.03,playing,4
28.2791,-6.8957,0,0.31118,0,242.82,playing,4
28.2949,-6.8957,0,0.31118,0,247.9,playing,4
28.3116,-6.8957,0,0.3014,0,253.26,playing,4
28.3278,-27.0838,1,0.3014,0,259.27,playing,4
28.344,-27.0838,0,0.2827,0,253.31,playing,4
28.3603,-27.0838,0,0.2827,0,247.63,playing,4
28.3767,-27.0838,0,0.21374,0,241.92,playing,4
28.3929,-27.0838,0,0.21374,0,236.82,playing,4
28.4088,9.3212,0,0.17416,0,232.01,playing,4
28.425,9.3212,0,0.17416,0,227.48,playing,4
28.4416,9.3212,0,0.17222,0,223.23,playing,4
28.4576,15.0179,0,0.17222,0,219.03,playing,4
28.4746,15.0179,0,0.20605,0,215.36,playing,4
28.4914,15.0179,0,0.20605,0,211.77,playing,4
28.508,12.1896,0,0.19888,0,208.51,playing,4
28.5244,12.1896,0,0.19888,0,205.72,playing,4
28.5418,10.2488,0,0.2389,1,203.07,playing,4
28.5584,10.2488,0,0.2389,0,200.74,playing,4
28.5747,10.2488,0,0.2389,0,198.73,playing,4
28.5914,7.6815,0,0.26979,0,197.12,playing,4
28.6084,7.6815,0,0.26979,0,195.73,playing,4
28.6257,7.6815,0,0.30331,0,194.65,playing,4
28.6424,4.1136,0,0.25868,0,193.89,playing,4
28.6597,4.1136,0,0.25868,0,193.45,playing,5
28.6758,0.9014,0,0.24638,0,193.33,playing,5
28.6926,0.9014,0,0.24638,0,193.5,playing,5
28.7088,0.9014,0,0.24638,0,193.99,playing,5
28.7251,-0.5612,0,0.24638,0,194.74,playing,5
28.7414,-0.5612,0,0.27912,0,195.77,playing,5
28.7585,-0.5612,0,0.2957,0,197.18,playing,5
28.7753,-1.655,0,0.2957,0,198.91,playing,5
28.7921,-1.655,0,0.28556,0,200.95,playing,5
28.8093,-2.8847,0,0.28556,0,203.32,playing,5
28.8262,-2.8955,0,0.25373,0,206.0,playing,5
28.8421,-2.8955,0,0.25373,0,208.81,playing,5
28.858,-3.1188,0,0.29573,0,211.9,playing,5
28.8738,-3.1188,0,0.29573,0,215.27,playing,5
28.8895,-3.1188,0,0.29147,0,218.92,playing,5
28.9065,-3.4192,0,0.29147,0,222.85,playing,5
28.9229,-3.4192,0,0.29147,0,227.35,playing,5
28.9387,-3.4192,0,0.26866,0,231.86,playing,5
28.9557,-5.5329,0,0.26866,0,236.66,playing,5
28.9716,-5.5329,0,0.29091,0,242.07,playing,5
28.9888,-5.5329,0,0.29091,0,247.44,playing,5
29.0048,-25.6862,1,0.29106,0,253.47,playing,5
29.0211,-25.6862,0,0.29106,0,247.52,playing,5
29.0373,-24.39,0,0.22028,0,241.84,playing,5
29.0541,-24.39,0,0.22028,0,236.12,playing,5
29.07,-24.39,0,0.16554,0,231.03,playing,5
29.0862,-14.6235,0,0.16554,0,226.21,playing,5
29.1019,-14.6235,0,0.16554,0,221.68,playing,5
29.1181,-14.6235,0,0.16554,0,217.43,playing,5
29.1344,18.0504,0,0.2071,0,213.46,playing,5
29.1512,18.0504,0,0.2071,0,209.56,playing,5
29.1668,18.0504,0,0.19056,0,206.17,playing,5
29.183,26.2169,0,0.19056,0,203.07,playing,5
29.199,26.2169,0,0.19743,0,200.24,playing,5
29.2154,24.8654,0,0.19743,0,197.7,playing,5
29.2322,24.8654,0,0.18507,0,195.31,playing,5
29.2482,24.8654,0,0.18507,0,193.35,playing,5
29.2645,15.8625,0,0.18507,0,191.67,playing,5
29.2816,15.8625,0,0.2576,1,190.2,playing,5
29.2987,15.8625,0,0.2576,0,189.05,playing,5
29.3148,11.9067,0,0.25752,0,188.21,playing,5
29.3309,11.9067,0,0.25752,0,187.71,playing,5
29.3475,11.9067,0,0.23924,0,187.49,playing,5
29.3637,5.3703,0,0.23924,0,187.57,playing,5
29.3801,5.3703,0,0.2539,0,187.93,playing,5
29.396,3.001,0,0.2539,0,188.57,playing,5
29.4123,3.001,0,0.27318,0,189.5,playing,5
29.4281,3.001,0,0.27318,0,190.7,playing,5
29.4447,-0.6195,0,0.29732,0,192.19,playing,5
29.4609,-0.6195,0,0.29732,0,194.09,playing,5
29.4774,-0.6195,0,0.28394,0,196.15,playing,5
29.4937,-2.1703,0,0.28394,0,198.67,playing,5
29.51,-2.1703,0,0.28394,0,201.32,playing,5
29.5271,-2.1703,0,0.28394,0,204.25,playing,5
29.5443,-3.4465,0,0.28692,0,207.9,playing,5
29.5624,-3.4465,0,0.28399,0,211.66,playing,5
29.5796,-4.742,0,0.28399,0,216.01,playing,5
29.5962,-4.742,0,0.29988,0,220.43,playing,5
29.6119,-4.742,0,0.29988,0,224.87,playing,5
29.6281,-4.3164,0,0.29988,0,229.6,playing,5
29.6437,-4.3164,0,0.28819,0,234.61,playing,5
29.6595,-4.3164,0,0.28819,0,239.89,playing,5
29.6765,-4.0262,0,0.28707,0,245.46,playing,5
29.6933,-4.0262,0,0.28707,0,251.7,playing,5
29.7101,-3.7862,0,0.31407,0,258.25,playing,5
29.726,-3.7862,0,0.31407,0,264.7,playing,5
29.7428,-3.7862,0,0.28381,0,271.43,playing,5
29.7585,-3.65,0,0.28381,0,278.9,playing,5
29.7754,-3.65,0,0.26121,0,286.22,playing,5
29.7923,-3.65,0,0.26121,0,294.3,playing,5
29.8092,-3.8997,0,0.26908,0,302.71,playing,5
29.8261,-3.8997,0,0.26908,0,311.43,playing,5
29.8419,-3.8997,0,0.29442,0,319.92,playing,5
29.8582,-27.1578,1,0.29442,0,328.69,playing,5
29.8756,-27.1578,0,0.22754,0,322.38,playing,5
29.8926,-16.1517,0,0.22754,0,316.39,playing,5
29.909,-16.1517,0,0.22754,0,310.71,playing,5
29.9247,-16.1517,0,0.22754,0,305.65,playing,5
29.9408,2.8068,0,0.20636,0,300.87,playing,5
29.9569,2.8068,0,0.20636,0,296.37,playing,5
29.9732,2.8068,0,0.20636,0,292.16,playing,5
29.9891,16.6227,0,0.18991,0,288.22,playing,5
30.0054,16.6227,0,0.18991,0,284.57,playing,5
30.0226,16.6227,0,0.18318,0,281.01,playing,5
30.0391,18.8942,0,0.18318,0,277.76,playing,5
30.0553,18.8942,0,0.13694,0,274.99,playing,5
30.0723,14.461,0,0.13694,1,272.36,playing,5
30.089,14.461,0,0.24599,0,270.05,playing,5
30.1048,14.461,0,0.22748,0,268.16,playing,5
30.1214,11.5247,0,0.22748,0,266.55,playing,5
30.1381,11.5247,0,0.24646,0,265.15,playing,5
30.1538,11.5247,0,0.24646,0,264.12,playing,5
30.1699,6.1585,0,0.26565,0,263.37,playing,5
30.1875,6.1585,0,0.26565,0,262.9,playing,5
30.2041,6.1585,0,0.26153,0,262.74,playing,5
30.2196,3.6449,0,0.26153,0,262.87,playing,5
30.2361,3.6449,0,0.32444,0,263.28,playing,5
30.252,3.6449,0,0.32444,0,263.97,playing,5
30.2681,3.6449,0,0.28595,0,264.95,playing,5
30.2849,3.6449,0,0.28595,0,266.21,playing,5
30.3013,-0.5961,0,0.28865,0,267.86,playing,5
30.3181,-0.5961,0,0.28865,0,269.83,playing,5
30.3346,-0.5961,0,0.28865,0,271.97,playing,5
30.3515,-2.8426,0,0.31054,0,274.56,playing,5
30.3678,-2.8426,0,0.31054,0,277.47,playing,5
30.3848,-3.1149,0,0.29109,0,280.49,playing,5
30.401,-3.1149,0,0.29109,0,284.01,playing,5
30.4168,-3.1149,0,0.29146,0,287.61,playing,5
30.433,-3.1008,0,0.29146,0,291.49,playing,5
30.4491,-3.1008,0,0.30327,0,295.65,playing,5
30.4653,-3.1008,0,0.30327,0,300.09,playing,5
30.4817,-3.354,0,0.32906,0,305.13,playing,5
30.4985,-3.354,0,0.32906,0,310.16,playing,6
30.5147,-3.354,0,0.30185,0,315.81,playing,6
30.5306,-12.5621,0,0.30185,0,321.42,playing,6
30.5467,-12.5621,0,0.27224,0,327.3,playing,6
30.5638,-12.5621,0,0.27224,0,333.47,playing,6
30.5798,-32.7276,1,0.22227,0,340.34,playing,6
30.5961,-32.7276,0,0.22227,0,334.38,playing,6
30.6124,-23.6326,0,0.20203,0,328.71,playing,6
30.6303,-23.6326,0,0.20203,1,322.99,playing,6
30.6472,-23.6326,0,0.22191,0,317.3,playing,6
30.6631,-6.4796,0,0.22191,0,312.52,playing,6
30.6789,-6.4796,0,0.22191,0,308.02,playing,6
30.6948,-6.4796,0,0.19187,0,303.81,playing,6
30.7112,25.9859,0,0.19187,0,299.87,playing,6
30.7271,25.9859,0,0.19989,0,296.22,playing,6
30.7433,25.9859,0,0.19989,0,292.85,playing,6
30.76,25.9859,0,0.17214,0,289.58,playing,6
30.7758,25.9859,0,0.2074,0,286.79,playing,6
30.7923,14.5705,0,0.2074,0,284.29,playing,6
30.8092,14.5705,0,0.23023,0,281.94,playing,6
30.8251,14.5705,0,0.23023,0,280.01,playing,6
30.8408,10.5559,0,0.25865,0,278.36,playing,6
30.8579,10.5559,0,0.25865,0,277.0,playing,6
30.874,10.5559,0,0.25416,0,275.87,playing,6
30.8899,7.6583,0,0.25416,0,275.08,playing,6
30.9063,7.6583,0,0.26998,0,274.58,playing,6
30.9232,7.6583,0,0.26998,0,274.36,playing,6
30.9394,2.2839,0,0.28516,0,274.44,playing,6
30.9561,2.2839,0,0.28516,0,274.84,playing,6
30.9717,0.2745,0,0.26992,0,275.5,playing,6
30.9876,0.2745,0,0.26992,0,276.44,playing,6
31.004,0.2745,0,0.30966,0,277.67,playing,6
31.0199,-1.5369,0,0.30966,0,279.17,playing,6
31.0361,-1.5369,0,0.30966,0,280.96,playing,6
31.052,-1.5369,0,0.32622,0,283.02,playing,6
31.0677,-2.5259,0,0.32622,0,285.37,playing,6
31.0844,-2.5259,0,0.2283,0,288.0,playing,6
31.1014,-2.5259,0,0.2283,0,291.11,playing,6
31.1177,-3.4911,0,0.30032,0,294.55,playing,6
31.1344,-3.4911,0,0.30032,0,298.06,playing,6
31.1515,-13.6121,0,0.27183,0,302.1,playing,6
31.1677,-13.6121,0,0.27183,0,306.47,playing,6
31.1845,-13.6121,0,0.28894,0,310.86,playing,6
31.2014,-32.8375,1,0.28894,0,315.84,playing,6
31.2177,-32.8375,0,0.23416,0,309.53,playing,6
31.235,-32.8375,0,0.23416,0,303.87,playing,6
31.2517,-12.9868,0,0.19674,0,298.18,playing,6
31.2679,-12.9868,0,0.19674,0,292.8,playing,6
31.2839,-12.9868,0,0.16782,0,288.02,playing,6
31.3006,-0.8673,0,0.16782,0,283.52,playing,6
31.3169,-0.8673,0,0.1829,0,279.06,playing,6
31.3336,20.2533,0,0.1829,0,275.14,playing,6
31.3507,20.2533,0,0.20479,0,271.3,playing,6
31.3676,20.2533,0,0.20479,0,267.77,playing,6
31.3842,18.4625,0,0.20479,0,264.57,playing,6
31.3997,18.4625,0,0.16769,0,261.83,playing,6
31.416,18.4625,0,0.18161,0,259.37,playing,6
31.4321,15.2539,0,0.18161,0,257.2,playing,6
31.4482,15.2539,0,0.2429,1,255.31,playing,6
31.4643,11.6784,0,0.2429,0,253.69,playing,6
31.4806,8.6583,0,0.21188,0,252.37,playing,6
31.4968,8.6583,0,0.21188,0,251.27,playing,6
31.513,6.3946,0,0.2575,0,250.52,playing,6
31.5291,6.3946,0,0.2575,0,250.05,playing,6
31.545,6.3946,0,0.25728,0,249.87,playing,6
31.5608,1.5528,0,0.25728,0,249.96,playing,6
31.577,1.5528,0,0.25728,0,250.34,playing,6
31.5932,1.5528,0,0.25445,0,251.0,playing,6
31.6094,-0.384,0,0.25445,0,251.94,playing,6
31.6258,-0.384,0,0.25445,0,253.26,playing,6
31.6423,-0.384,0,0.26865,0,254.78,playing,6
31.6606,-1.8105,0,0.26865,0,256.72,playing,6
31.677,-1.8105,0,0.26865,0,259.12,playing,6
31.6929,-2.1896,0,0.26865,0,261.54,playing,6
31.7085,-2.1896,0,0.30624,0,264.24,playing,6
31.7256,-2.1896,0,0.30624,0,267.22,playing,6
31.7422,-3.5158,0,0.30624,0,270.71,playing,6
31.7583,-3.5158,0,0.25746,0,274.27,playing,6
31.7756,-3.5158,0,0.25746,0,278.38,playing,6
31.7924,-30.8736,1,0.29919,0,282.8,playing,6
31.809,-30.8736,0,0.29919,0,276.49,playing,6
31.8254,-30.5312,0,0.27923,0,270.83,playing,6
31.8425,-30.5312,0,0.27923,0,265.13,playing,6
31.8584,-30.5312,0,0.27923,0,259.76,playing,6
31.8751,-15.3044,0,0.26889,0,254.98,playing,6
31.8917,-15.3044,0,0.26889,0,250.48,playing,6
31.9078,-15.3044,0,0.20444,0,246.02,playing,6
31.9242,16.98,0,0.20444,0,242.1,playing,6
31.9406,16.98,0,0.15742,0,238.47,playing,6
31.9574,16.98,0,0.15742,0,234.92,playing,6
31.9743,18.4203,0,0.15742,0,231.69,playing,6
31.9915,18.4203,0,0.18856,0,228.79,playing,6
32.0083,14.0669,0,0.18856,0,226.19,playing,6
32.0258,14.0669,0,0.15199,0,223.92,playing,6
32.0421,14.0669,0,0.15199,0,221.97,playing,6
32.058,10.8141,0,0.24592,1,220.41,playing,6
32.0743,10.8141,0,0.24592,0,219.13,playing,6
32.0902,10.8141,0,0.24592,0,218.14,playing,6
32.1063,8.0031,0,0.30493,0,217.42,playing,6
32.1236,8.0031,0,0.30493,0,216.98,playing,6
32.1408,5.0779,0,0.27674,0,216.86,playing,6
32.1569,5.0779,0,0.27674,0,217.06,playing,6
32.1731,5.0779,0,0.27717,0,217.52,playing,6
32.189,1.2122,0,0.27717,0,218.27,playing,6
32.2048,1.2122,0,0.27717,0,219.3,playing,6
32.2215,1.2122,0,0.30222,0,220.61,playing,6
32.2381,-1.2865,0,0.30222,0,222.32,playing,6
32.2546,-1.2865,0,0.30222,0,224.21,playing,6
32.2713,-1.2865,0,0.28486,0,226.54,playing,6
32.2885,-1.9532,0,0.28486,0,229.18,playing,6
32.3051,-1.9532,0,0.29611,0,232.14,playing,6
32.3209,-2.4366,0,0.29611,0,235.22,playing,6
32.338,-2.4366,0,0.29611,0,238.57,playing,6
32.3551,-2.4366,0,0.28801,0,242.69,playing,7
32.3711,-2.7787,0,0.28801,0,246.65,playing,7
32.3867,-2.7787,0,0.29125,0,250.88,playing,7
32.4038,-2.7787,0,0.29125,0,255.39,playing,7
32.4202,-3.3814,0,0.27717,0,260.5,playing,7
32.4364,-3.3814,0,0.27717,0,265.6,playing,7
32.4532,-3.3814,0,0.27624,0,271.33,playing,7
32.4697,-12.2944,0,0.27624,0,277.0,playing,7
32.4857,-12.2944,0,0.27624,0,283.35,playing,7
32.5024,-29.6179,1,0.29993,0,289.61,playing,7
32.5195,-29.6179,0,0.29993,0,283.3,playing,7
32.5358,-29.6179,0,0.29642,0,277.3,playing,7
32.5529,-27.2319,0,0.29642,0,271.94,playing,7
32.5693,-27.2319,0,0.27382,0,266.56,playing,7
32.5851,-27.2319,0,0.27382,0,261.79,playing,7
32.6008,-0.5791,0,0.27382,0,257.29,playing,7
32.617,-0.5791,0,0.25427,0,253.07,playing,7
32.6334,-0.5791,0,0.25427,0,249.14,playing,7
32.6503,12.2112,0,0.25029,0,245.28,playing,7
32.6662,12.2112,0,0.25029,0,241.92,playing,7
32.6841,19.9627,0,0.25029,0,238.85,playing,7
32.7,19.9627,0,0.24195,0,235.75,playing,7
32.7156,19.9627,0,0.24195,0,233.28,playing,7
32.7321,17.1028,0,0.20919,0,231.08,playing,7
32.7478,17.1028,0,0.20919,0,229.17,playing,7
32.764,17.1028,0,0.23517,1,227.55,playing,7
32.7803,13.1316,0,0.23517,0,226.2,playing,7
32.7959,13.1316,0,0.23517,0,225.13,playing,7
32.8117,13.1316,0,0.24293,0,224.35,playing,7
32.8286,6.6376,0,0.24293,0,223.85,playing,7
32.8448,6.6376,0,0.26918,0,223.63,playing,7
32.8615,4.2825,0,0.26918,0,223.71,playing,7
32.8788,4.2825,0,0.24662,0,224.11,playing,7
32.8952,4.2825,0,0.24662,0,224.83,playing,7
32.911,3.0256,0,0.28387,0,225.79,playing,7
32.9273,3.0256,0,0.28387,0,227.03,playing,7
32.9446,3.0256,0,0.28387,0,228.66,playing,7
32.962,0.6442,0,0.28572,0,230.62,playing,7
32.9778,0.6442,0,0.28572,0,232.89,playing,7
32.9937,0.6442,0,0.26581,0,235.31,playing,7
33.0103,-0.9023,0,0.26581,0,238.01,playing,7
33.0261,-0.9023,0,0.26581,0,240.99,playing,7
33.0416,-3.1563,0,0.26979,0,244.25,playing,7
33.0589,-3.1563,0,0.26979,0,247.8,playing,7
33.0748,-3.1563,0,0.2502,0,251.88,playing,7
33.0909,-3.1563,0,0.2502,0,256.01,playing,7
33.1068,-3.1563,0,0.28104,0,260.42,playing,7
33.1232,-3.1563,0,0.28104,0,265.11,playing,7
33.1406,-3.584,0,0.28104,0,270.41,playing,7
33.1572,-3.584,0,0.26221,0,276.03,playing,7
33.1729,-3.584,0,0.26221,0,281.6,playing,7
33.1894,-4.0614,0,0.27737,0,287.45,playing,7
33.2067,-4.0614,0,0.27737,0,293.98,playing,7
33.2237,-3.7136,0,0.27737,0,300.84,playing,7
33.2399,-3.7136,0,0.26935,0,308.01,playing,7
33.2558,-3.7136,0,0.26935,0,315.04,playing,7
33.2723,-20.9663,1,0.28474,0,322.35,playing,7
33.2889,-20.9663,0,0.28474,0,316.04,playing,7
33.3062,-20.9663,0,0.28474,0,310.38,playing,7
33.3222,-29.0888,0,0.25769,0,304.68,playing,7
33.3381,-29.0888,0,0.25769,0,299.6,playing,7
33.3546,-24.8181,0,0.26954,0,294.81,playing,7
33.3713,-14.9943,0,0.26954,0,290.03,playing,7
33.3875,-14.9943,0,0.29623,0,285.81,playing,7
33.4041,1.4871,0,0.29623,0,281.65,playing,7
33.4206,1.4871,0,0.29623,0,278.02,playing,7
33.4371,1.4871,0,0.24628,0,274.47,playing,7
33.4531,19.5628,0,0.24628,0,271.42,playing,7
33.4691,19.5628,0,0.24628,0,268.64,playing,7
33.4859,19.5628,0,0.19226,0,266.02,playing,7
33.5022,20.0851,0,0.19226,0,263.82,playing,7
33.5189,20.0851,0,0.19226,0,261.81,playing,7
33.5346,20.0851,0,0.19226,0,260.2,playing,7
33.5515,16.7311,0,0.26178,1,258.87,playing,7
33.5684,16.7311,0,0.26178,0,257.78,playing,7
33.5851,12.8501,0,0.24315,0,257.0,playing,7
33.601,12.8501,0,0.24315,0,256.55,playing,7
33.6173,12.8501,0,0.25903,0,256.38,playing,7
33.6341,6.2873,0,0.25903,0,256.52,playing,7
33.6505,6.2873,0,0.26911,0,256.93,playing,7
33.6668,6.2873,0,0.28256,0,257.69,playing,7
33.6827,6.2873,0,0.28256,0,258.68,playing,7
33.6994,6.2873,0,0.27972,0,259.96,playing,7
33.7163,1.267,0,0.27972,0,261.63,playing,7
33.7331,-0.2153,0,0.27379,0,263.62,playing,7
33.7488,-0.2153,0,0.27379,0,265.78,playing,7
33.765,-1.4708,0,0.29543,0,268.22,playing,7
33.7808,-1.4708,0,0.29543,0,270.93,playing,7
33.797,-1.4708,0,0.28855,0,273.93,playing,7
33.8128,-2.5331,0,0.28855,0,277.22,playing,7
33.8293,-2.5331,0,0.26863,0,280.78,playing,7
33.8462,-2.5331,0,0.26863,0,284.88,playing,7
33.862,-2.9233,0,0.26863,0,289.03,playing,7
33.8782,-2.9233,0,0.2845,0,293.45,playing,7
33.895,-3.2376,0,0.2845,0,298.47,playing,7
33.9114,-8.3333,0,0.2845,0,303.48,playing,7
33.9281,-8.3333,0,0.2845,0,309.12,playing,7
33.945,-23.4633,1,0.28157,0,315.07,playing,7
33.9612,-23.4633,0,0.26707,0,309.11,playing,7
33.9773,-23.4633,0,0.26707,0,303.44,playing,7
33.9944,-21.8896,0,0.23927,0,297.72,playing,7
34.0115,-21.8896,0,0.23927,0,292.33,playing,7
34.0286,-21.8896,0,0.21431,0,287.25,playing,7
34.0451,-6.1022,0,0.21431,0,282.49,playing,7
34.061,-6.1022,0,0.23012,1,278.29,playing,7
34.0772,-0.0581,0,0.23012,0,274.37,playing,7
34.0933,-0.0581,0,0.23927,0,270.74,playing,7
34.1101,-0.0581,0,0.23927,0,267.19,playing,7
34.1257,17.8682,0,0.24251,0,264.14,playing,7
34.1425,17.8682,0,0.24251,0,261.37,playing,7
34.1593,17.8682,0,0.26683,0,258.74,playing,7
34.1753,16.7059,0,0.26683,0,256.55,playing,7
34.1921,16.7059,0,0.26683,0,254.54,playing,8
34.2078,16.7059,0,0.25454,0,252.92,playing,8
34.2244,13.9062,0,0.25454,0,251.59,playing,8
34.2415,13.9062,0,0.25416,0,250.5,playing,8
34.2583,7.7771,0,0.25416,0,249.72,playing,8
34.2757,7.7771,0,0.26866,0,249.26,playing,8
34.2924,7.7771,0,0.26866,0,249.12,playing,8
34.3091,5.3025,0,0.26866,0,249.3,playing,8
34.3252,5.3025,0,0.26866,0,249.75,playing,8
34.3406,5.3025,0,0.26254,0,250.48,playing,8
34.3569,0.9937,0,0.26254,0,251.49,playing,8
34.3737,0.9937,0,0.30941,0,252.78,playing,8
34.3899,-0.6279,0,0.30941,0,254.47,playing,8
34.4061,-0.6279,0,0.30247,0,256.35,playing,8
34.422,-0.6279,0,0.30247,0,258.5,playing,8
34.4386,-1.7359,0,0.27976,0,260.94,playing,8
34.4554,-1.7359,0,0.29125,0,263.84,playing,8
34.4723,-1.7359,0,0.29125,0,267.07,playing,8
34.489,-3.0709,0,0.28701,0,270.61,playing,8
34.5047,-3.0709,0,0.28701,0,274.23,playing,8
34.5205,-3.0709,0,0.26459,0,278.13,playing,8
34.5377,-3.6763,0,0.26459,0,282.31,playing,8
34.5539,-3.6763,0,0.26459,0,287.06,playing,8
34.5699,-10.0091,0,0.29619,0,291.82,playing,8
34.5867,-25.4244,1,0.29619,0,296.87,playing,8
34.6031,-25.4244,0,0.29619,0,290.55,playing,8
34.6187,-24.8979,0,0.27648,0,284.89,playing,8
34.6354,-24.8979,0,0.27648,0,279.52,playing,8
34.6524,-24.8979,0,0.23421,0,274.12,playing,8
34.6687,-14.462,0,0.23421,0,269.04,playing,8
34.6852,-14.462,0,0.23421,0,264.55,playing,8
34.7015,-14.462,0,0.20231,0,260.33,playing,8
34.7186,12.7471,0,0.20231,0,256.17,playing,8
34.7348,12.7471,0,0.20231,0,252.32,playing,8
34.7508,13.3058,0,0.23465,1,248.99,playing,8
34.7667,13.3058,0,0.23465,0,245.93,playing,8
34.7834,13.3058,0,0.26814,0,243.16,playing,8
34.8,10.8052,0,0.26814,0,240.53,playing,8
34.8165,10.8052,0,0.26814,0,238.34,playing,8
34.8327,10.8052,0,0.2544,0,236.33,playing,8
34.849,8.6911,0,0.2544,0,234.72,playing,8
34.865,8.6911,0,0.28597,0,233.39,playing,8
34.8807,8.6911,0,0.28597,0,232.34,playing,8
34.8976,6.728,0,0.28852,0,231.57,playing,8
34.9139,6.728,0,0.28852,0,231.08,playing,8
34.9297,4.6059,0,0.28852,0,230.89,playing,8
34.9465,2.5011,0,0.28852,0,230.99,playing,8
34.9636,2.5011,0,0.28852,0,231.41,playing,8
34.9803,1.358,0,0.29294,0,232.15,playing,8
34.9962,1.358,0,0.29294,0,233.12,playing,8
35.0121,1.358,0,0.30873,0,234.38,playing,8
35.028,-0.667,0,0.30873,0,235.92,playing,8
35.0439,-0.667,0,0.30873,0,237.74,playing,8
35.0598,-0.667,0,0.28006,0,239.84,playing,8
35.0761,-1.7568,0,0.28006,0,242.23,playing,8
35.0923,-1.7568,0,0.30051,0,244.89,playing,8
35.1092,-1.7568,0,0.30051,0,248.04,playing,8
35.1254,-3.882,0,0.30051,0,251.29,playing,8
35.1422,-3.882,0,0.31366,0,255.06,playing,8
35.1591,-25.3802,1,0.31366,0,259.14,playing,8
35.1752,-25.3802,0,0.28448,0,253.18,playing,8
35.1913,-25.3802,0,0.28448,0,247.51,playing,8
35.2087,-24.6573,0,0.27709,0,241.79,playing,8
35.2248,-24.6573,0,0.27709,0,236.4,playing,8
35.2412,-24.6573,0,0.2155,0,231.6,playing,8
35.257,6.4853,0,0.2155,0,227.08,playing,8
35.2734,6.4853,0,0.2155,0,222.85,playing,8
35.2896,14.9268,0,0.20595,0,218.67,playing,8
35.3062,14.9268,0,0.20595,0,215.02,playing,8
35.3218,14.9268,0,0.24572,1,211.65,playing,8
35.3378,16.7239,0,0.24572,0,208.56,playing,8
35.354,16.7239,0,0.24572,0,205.75,playing,8
35.3699,16.7239,0,0.22333,0,203.22,playing,8
35.3861,12.05,0,0.22333,0,200.98,playing,8
35.4022,12.05,0,0.26221,0,199.01,playing,8
35.4197,12.05,0,0.26221,0,197.25,playing,8
35.4356,8.8681,0,0.24703,0,195.8,playing,8
35.4519,8.8681,0,0.24703,0,194.71,playing,8
35.4683,8.8681,0,0.24703,0,193.91,playing,8
35.4853,6.2811,0,0.26935,0,193.38,playing,8
35.5018,6.2811,0,0.26935,0,193.16,playing,8
35.5179,3.9737,0,0.27906,0,193.24,playing,8
35.5341,3.9737,0,0.27906,0,193.6,playing,8
35.5501,3.9737,0,0.27906,0,194.24,playing,8
35.5666,0.2031,0,0.29294,0,195.16,playing,8
35.5836,0.2031,0,0.29294,0,196.46,playing,8
35.6007,0.2031,0,0.28236,0,198.08,playing,8
35.6167,-0.494,0,0.28236,0,200.01,playing,8
35.6327,-0.494,0,0.28236,0,202.12,playing,8
35.6496,-1.7117,0,0.28236,0,204.5,playing,8
35.666,-1.7117,0,0.27736,0,207.35,playing,8
35.6815,-1.7117,0,0.27292,0,210.32,playing,8
35.6984,-2.8788,0,0.27292,0,213.56,playing,8
35.7149,-2.8788,0,0.29742,0,217.33,playing,8
35.7313,-2.8788,0,0.29742,0,221.16,playing,8
35.7479,-19.1493,0,0.28293,0,225.54,playing,8
35.7641,-19.1493,0,0.28024,0,229.95,playing,8
35.7802,-19.1493,0,0.28024,0,234.64,playing,8
35.7958,-26.0081,1,0.25519,0,239.61,playing,8
35.8118,-26.0081,0,0.23465,0,233.65,playing,8
35.8281,-26.0081,0,0.23465,0,227.98,playing,8
35.8441,-8.4417,0,0.21343,0,222.58,playing,8
35.86,-8.4417,0,0.21343,0,217.47,playing,8
35.8756,13.7098,0,0.23357,1,212.63,playing,8
35.8918,13.7098,0,0.23357,0,208.08,playing,8
35.908,13.7098,0,0.23357,0,203.82,playing,8
35.9242,16.7061,0,0.23357,0,199.83,playing,8
35.94,16.7061,0,0.2462,0,196.12,playing,8
35.956,16.7061,0,0.2462,0,192.7,playing,8
35.9721,13.6398,0,0.2462,0,189.56,playing,8
35.9879,13.6398,0,0.22024,0,186.7,playing,8
36.0038,13.6398,0,0.22024,0,184.12,playing,8
36.0196,8.6971,0,0.25065,0,181.82,playing,8
36.0367,8.6971,0,0.25065,0,179.8,playing,9
36.0531,8.6971,0,0.2908,0,177.98,playing,9
36.0701,5.6343,0,0.27751,0,176.54,playing,9
36.0857,5.6343,0,0.27751,0,175.34,playing,9
36.1016,3.5856,0,0.27751,0,174.48,playing,9
36.1179,3.5856,0,0.26928,0,173.91,playing,9
36.1354,3.5856,0,0.2504,0,173.62,playing,9
36.1522,0.252,0,0.2504,0,173.65,playing,9
36.1694,0.252,0,0.26593,0,173.99,playing,9
36.1865,0.252,0,0.26593,0,174.65,playing,9
36.2035,0.252,0,0.25396,0,175.64,playing,9
36.2205,0.252,0,0.25396,0,176.93,playing,9
36.2373,-2.0537,0,0.29147,0,178.55,playing,9
36.2529,-2.0537,0,0.29147,0,180.35,playing,9
36.2684,-2.0537,0,0.25373,0,182.44,playing,9
36.2851,-2.5347,0,0.25373,0,184.81,playing,9
36.3012,-2.5347,0,0.25373,0,187.45,playing,9
36.3173,-2.5347,0,0.26807,0,190.38,playing,9
36.3342,-2.5347,0,0.26807,0,193.81,playing,9
36.3503,-2.5347,0,0.29844,0,197.32,playing,9
36.3663,-2.5347,0,0.29844,0,201.12,playing,9
36.3836,-2.7847,0,0.27596,0,205.46,playing,9
36.4004,-2.7847,0,0.27596,0,210.13,playing,9
36.4171,-2.0062,0,0.28162,0,215.11,playing,9
36.433,-2.0062,0,0.28162,0,220.08,playing,9
36.4496,-2.0062,0,0.29136,0,225.33,playing,9
36.4666,-1.8797,0,0.29136,0,231.23,playing,9
36.4827,-1.8797,0,0.29577,0,237.45,playing,9
36.4993,-1.8797,0,0.29577,0,243.58,playing,9
36.5149,-1.5621,0,0.34472,0,250.0,playing,9
36.5305,-1.5621,0,0.34472,0,256.69,playing,9
36.5465,-1.5621,0,0.26593,0,263.67,playing,9
36.5633,-1.7508,0,0.26593,0,270.93,playing,9
36.5792,-1.7508,0,0.26527,0,278.47,playing,9
36.5954,-13.6995,0,0.26527,0,286.29,playing,9
36.6126,-13.6995,0,0.251,0,294.92,playing,9
36.6293,-13.6995,0,0.251,0,303.87,playing,9
36.6462,-5.4308,0,0.1828,0,313.13,playing,9
36.6631,-5.4308,0,0.1828,0,322.72,playing,9
36.6798,-5.4308,0,0.1828,1,332.02,playing,9
36.6962,-0.0424,0,0.24972,0,342.22,playing,9
36.7133,-0.0424,0,0.25576,0,352.74,playing,9
36.7289,-21.8386,1,0.25576,0,362.92,playing,9
36.7451,-21.8386,0,0.22313,0,356.96,playing,9
36.7609,-21.8386,0,0.22313,0,351.28,playing,9
36.7772,-21.051,0,0.27253,0,345.89,playing,9
36.7946,-21.051,0,0.27253,0,340.47,playing,9
36.8114,-21.051,0,0.24599,0,335.38,playing,9
36.8285,18.1554,0,0.24599,0,330.6,playing,9
36.8457,18.1554,0,0.23043,0,326.14,playing,9
36.8622,18.1554,0,0.23043,0,321.99,playing,9
36.8783,19.9228,0,0.23824,0,318.38,playing,9
36.8939,19.9228,0,0.23824,0,315.04,playing,9
36.9097,17.4088,0,0.27011,0,311.99,playing,9
36.926,14.1885,0,0.27011,0,309.21,playing,9
36.9419,14.1885,0,0.27074,0,306.72,playing,9
36.958,10.6959,0,0.27074,0,304.51,playing,9
36.9741,10.6959,0,0.24315,0,302.58,playing,9
36.99,10.6959,0,0.24315,0,300.94,playing,9
37.0061,8.3131,0,0.24315,0,299.57,playing,9
37.0224,8.3131,0,0.27852,0,298.49,playing,9
37.0394,8.3131,0,0.27852,0,297.66,playing,9
37.056,3.07,0,0.28953,0,297.14,playing,9
37.0723,3.07,0,0.28953,0,296.94,playing,9
37.0876,3.07,0,0.3066,0,297.02,playing,9
37.1039,1.6838,0,0.3066,0,297.38,playing,9
37.121,1.6838,0,0.28615,0,298.02,playing,9
37.1368,-1.2125,0,0.28615,0,299.02,playing,9
37.153,-1.2125,0,0.27365,0,300.24,playing,9
37.169,-1.2125,0,0.27365,0,301.74,playing,9
37.1851,-1.5544,0,0.28788,0,303.53,playing,9
37.201,-1.5544,0,0.28788,0,305.6,playing,9
37.2169,-1.5544,0,0.29665,0,307.95,playing,9
37.2331,-1.5034,0,0.29665,0,310.58,playing,9
37.2489,-1.5034,0,0.29469,0,313.49,playing,9
37.2649,-1.5034,0,0.29469,0,316.68,playing,9
37.2808,-2.4476,0,0.30202,0,320.16,playing,9
37.2974,-2.4476,0,0.30202,0,323.91,playing,9
37.3135,-2.4476,0,0.29621,0,328.22,playing,9
37.3308,-2.7951,0,0.29621,0,332.56,playing,9
37.3469,-2.7951,0,0.28877,0,337.49,playing,9
37.3626,-14.6186,0,0.28877,0,342.41,playing,9
37.3798,-14.6186,0,0.28877,0,347.61,playing,9
37.3963,-14.6186,0,0.27368,0,353.45,playing,9
37.4129,-17.3155,1,0.27368,0,359.61,playing,9
37.4294,-17.3155,0,0.25665,0,353.65,playing,9
37.4478,-17.3155,0,0.25665,0,347.64,playing,9
37.4641,7.3249,0,0.22314,0,341.63,playing,9
37.4804,7.3249,0,0.24723,0,336.57,playing,9
37.4977,14.9718,0,0.24723,0,331.51,playing,9
37.5136,14.9718,0,0.24723,0,326.77,playing,9
37.5299,14.9718,0,0.22276,0,322.59,playing,9
37.5461,14.9822,0,0.20763,0,318.69,playing,9
37.5622,14.9822,0,0.20763,0,315.07,playing,9
37.5791,14.9822,0,0.19628,0,311.54,playing,9
37.5951,14.9822,0,0.19628,0,308.51,playing,9
37.6108,14.9822,0,0.2867,1,305.75,playing,9
37.6264,14.9822,0,0.2867,0,303.28,playing,9
37.6434,7.6422,0,0.28234,0,301.09,playing,9
37.6606,7.6422,0,0.28234,0,299.07,playing,9
37.6774,3.1469,0,0.22408,0,297.38,playing,9
37.6945,3.1469,0,0.22408,0,296.01,playing,9
37.7111,3.1469,0,0.22408,0,294.95,playing,9
37.7269,1.609,0,0.26849,0,294.23,playing,9
37.7432,1.609,0,0.26849,0,293.8,playing,9
37.7588,1.609,0,0.30406,0,293.65,playing,9
37.7755,0.1653,0,0.30406,0,293.78,playing,9
37.7926,0.1653,0,0.27779,0,294.24,playing,9
37.8089,0.1653,0,0.27779,0,295.02,playing,9
37.8251,-1.4731,0,0.2819,0,296.03,playing,9
37.8412,-1.4731,0,0.2819,0,297.32,playing,9
37.8569,-1.7305,0,0.25853,0,298.89,playing,9
37.8732,-1.7305,0,0.25853,0,300.75,playing,9
37.889,-1.7305,0,0.26606,0,302.89,playing,10
37.9051,-2.651,0,0.26606,0,305.31,playing,10
37.9208,-2.651,0,0.27376,0,308.01,playing,10
37.9374,-2.651,0,0.27376,0,310.99,playing,10
37.9532,-2.2495,0,0.3155,0,314.25,playing,10
37.9692,-2.2495,0,0.3155,0,317.8,playing,10
37.9852,-2.2495,0,0.29539,0,321.63,playing,10
38.001,-2.6487,0,0.29539,0,325.74,playing,10
38.0174,-2.6487,0,0.2701,0,330.13,playing,10
38.0339,-2.6487,0,0.2701,0,335.11,playing,10
38.05,-27.7371,1,0.30073,0,340.08,playing,10
38.0658,-27.7371,0,0.30073,0,334.12,playing,10
38.0824,-23.3128,0,0.30073,0,328.45,playing,10
38.1007,-23.3128,0,0.25048,0,322.73,playing,10
38.1162,-23.3128,0,0.25048,0,317.34,playing,10
38.1323,13.4136,0,0.25899,0,312.54,playing,10
38.1488,13.4136,0,0.25899,0,308.02,playing,10
38.1653,13.4136,0,0.23563,0,303.54,playing,10
38.1813,19.8373,0,0.23563,0,299.61,playing,10
38.198,19.8373,0,0.23156,0,295.75,playing,10
38.2147,19.8373,0,0.23156,0,292.39,playing,10
38.2307,18.274,0,0.23793,0,289.15,playing,10
38.2476,18.274,0,0.30005,0,286.38,playing,10
38.2642,11.5786,0,0.30005,0,283.75,playing,10
38.2802,11.5786,0,0.28183,0,281.56,playing,10
38.296,11.5786,0,0.28183,0,279.65,playing,10
38.313,8.806,0,0.25752,0,278.02,playing,10
38.3301,8.806,0,0.25752,0,276.54,playing,10
38.3462,8.806,0,0.2973,0,275.51,playing,10
38.3623,3.818,0,0.2973,0,274.76,playing,10
38.3784,3.818,0,0.25825,0,274.29,playing,10
38.3954,1.9217,0,0.25825,0,274.12,playing,10
38.4119,1.9217,0,0.25825,0,274.25,playing,10
38.4287,1.9217,0,0.28641,0,274.67,playing,10
38.445,0.4412,0,0.28641,0,275.42,playing,10
38.4611,0.4412,0,0.28892,0,276.42,playing,10
38.4778,0.4412,0,0.28892,0,277.79,playing,10
38.4938,-1.2109,0,0.28575,0,279.37,playing,10
38.5107,-1.2109,0,0.28575,0,281.22,playing,10
38.5266,-1.2109,0,0.27316,0,283.51,playing,10
38.5437,-2.1436,0,0.27316,0,285.95,playing,10
38.5602,-2.1436,0,0.28755,0,288.86,playing,10
38.5757,-20.7813,1,0.28755,0,291.87,playing,10
38.5919,-20.7813,0,0.3106,0,285.91,playing,10
38.6085,-20.7813,0,0.3106,0,280.24,playing,10
38.6254,-23.9085,0,0.27209,0,274.52,playing,10
38.6425,-23.9085,0,0.27209,0,269.13,playing,10
38.6591,-23.9085,0,0.23842,0,264.05,playing,10
38.6747,-18.2283,0,0.23842,0,259.55,playing,10
38.6923,-18.2283,0,0.23842,0,255.34,playing,10
38.7089,-18.2283,0,0.26391,0,250.95,playing,10
38.7258,7.607,0,0.26391,0,247.33,playing,10
38.7424,7.607,0,0.26396,0,243.81,playing,10
38.7595,12.148,0,0.26396,0,240.6,playing,10
38.7759,12.148,0,0.24449,0,237.71,playing,10
38.7923,12.148,0,0.24449,0,235.27,playing,10
38.8079,11.7266,0,0.22055,0,233.11,playing,10
38.8236,11.7266,0,0.22055,0,231.24,playing,10
38.8403,11.7266,0,0.22055,0,229.65,playing,10
38.856,9.002,0,0.24648,0,228.33,playing,10
38.8719,9.002,0,0.24648,0,227.3,playing,10
38.8876,9.002,0,0.27015,0,226.55,playing,10
38.9036,6.4885,0,0.27015,0,226.09,playing,10
38.9207,6.4885,0,0.27015,0,225.9,playing,10
38.9373,3.0641,0,0.28494,0,226.02,playing,10
38.9529,3.0641,0,0.28494,0,226.42,playing,10
38.9686,3.0641,0,0.28374,0,227.09,playing,10
38.9857,1.3601,0,0.28374,0,228.05,playing,10
39.0023,1.3601,0,0.28474,0,229.39,playing,10
39.0178,1.3601,0,0.28474,0,230.93,playing,10
39.0344,-1.0369,0,0.28474,0,232.75,playing,10
39.052,-1.0369,0,0.28474,0,235.0,playing,10
39.0685,-1.0369,0,0.29629,0,237.57,playing,10
39.0851,-1.6305,0,0.29629,0,240.46,playing,10
39.1016,-1.6305,0,0.29665,0,243.46,playing,10
39.1177,-2.3507,0,0.29665,0,246.96,playing,10
39.1336,-2.3507,0,0.2686,0,250.55,playing,10
39.1502,-2.3507,0,0.2686,0,254.41,playing,10
39.166,-2.4876,0,0.2686,0,258.55,playing,10
39.1816,-2.4876,0,0.28861,0,262.98,playing,10
39.1976,-2.4876,0,0.28861,0,267.68,playing,10
39.2144,-3.6879,0,0.2867,0,272.67,playing,10
39.2314,-3.6879,0,0.2867,0,278.29,playing,10
39.248,-3.6879,0,0.2867,0,284.23,playing,10
39.2642,-19.3925,0,0.29717,0,290.1,playing,10
39.2802,-19.3925,0,0.29717,0,296.25,playing,10
39.2962,-26.0432,1,0.27171,0,302.68,playing,10
39.3123,-26.0432,0,0.27171,0,296.72,playing,10
39.3289,-26.0432,0,0.27171,0,290.71,playing,10
39.3461,16.542,0,0.30327,0,285.01,playing,10
39.3622,16.542,0,0.30327,0,279.94,playing,10
39.3783,16.542,0,0.27132,0,275.14,playing,10
39.3953,19.6084,0,0.27132,0,270.36,playing,10
39.412,19.6084,0,0.21553,0,265.9,playing,10
39.4285,19.6084,0,0.21553,0,261.98,playing,10
39.4451,17.9874,0,0.21609,0,258.14,playing,10
39.4612,17.9874,0,0.21609,0,254.8,playing,10
39.4768,11.3422,0,0.21609,0,251.75,playing,10
39.4929,11.3422,0,0.28987,1,248.98,playing,10
39.5089,11.3422,0,0.28987,0,246.48,playing,10
39.5245,8.472,0,0.28987,0,244.27,playing,10
39.5416,8.472,0,0.28987,0,242.35,playing,10
39.5582,8.472,0,0.29399,0,240.62,playing,10
39.5738,3.2329,0,0.29399,0,239.27,playing,10
39.5899,3.2329,0,0.29399,0,238.2,playing,10
39.6055,3.2329,0,0.29699,0,237.42,playing,10
39.6226,1.2604,0,0.29699,0,236.92,playing,10
39.6386,1.2604,0,0.27017,0,236.7,playing,10
39.6548,-0.25,0,0.27017,0,236.78,playing,10
39.6709,-0.25,0,0.26509,0,237.14,playing,10
39.6871,-0.25,0,0.26509,0,237.78,playing,10
39.7031,-1.7329,0,0.26509,0,238.7,playing,10
39.7192,-1.7329,0,0.27717,0,239.91,playing,10
39.7353,-1.7329,0,0.27717,0,241.4,playing,11
39.7515,-2.2263,0,0.28597,0,243.16,playing,11
39.7685,-2.2263,0,0.28597,0,245.36,playing,11
39.7858,-2.2263,0,0.29844,0,247.87,playing,11
39.8018,-3.2365,0,0.29844,0,250.71,playing,11
39.8184,-3.2365,0,0.29844,0,253.65,playing,11
39.8354,-3.2123,0,0.27231,0,257.1,playing,11
39.8525,-3.2123,0,0.27231,0,260.87,playing,11
39.869,-3.2123,0,0.29157,0,264.95,playing,11
39.8852,-5.5035,0,0.29157,0,269.08,playing,11
39.9013,-5.5035,0,0.29157,0,273.49,playing,11
39.9174,-5.5035,0,0.29157,0,278.18,playing,11
39.9354,-30.7709,1,0.29157,0,283.48,playing,11
39.9516,-30.7709,0,0.25427,0,276.82,playing,11
39.9681,-30.7709,0,0.25427,0,271.17,playing,11
39.9838,-21.2017,0,0.29131,0,265.81,playing,11
40.0004,-21.2017,0,0.29131,0,260.74,playing,11
40.0165,12.3534,0,0.26984,0,255.94,playing,11
40.0326,12.3534,0,0.26984,0,251.16,playing,11
40.0497,12.3534,0,0.26984,0,246.94,playing,11
40.0668,18.7453,0,0.18923,0,242.56,playing,11
40.0834,18.7453,0,0.18923,0,238.94,playing,11
40.1006,18.7453,0,0.19796,0,235.41,playing,11
40.1177,19.3131,0,0.19796,0,232.21,playing,11
40.1344,19.3131,0,0.23656,1,229.32,playing,11
40.1515,14.1576,0,0.23656,0,226.74,playing,11
40.1681,14.1576,0,0.2538,0,224.49,playing,11
40.1843,14.1576,0,0.2538,0,222.65,playing,11
40.2004,10.7805,0,0.27693,0,221.09,playing,11
40.2174,10.7805,0,0.27693,0,219.75,playing,11
40.234,10.7805,0,0.27693,0,218.73,playing,11
40.2515,4.6958,0,0.26201,0,218.03,playing,11
40.2681,4.6958,0,0.26201,0,217.65,playing,11
40.2847,2.6163,0,0.25373,0,217.57,playing,11
40.3008,2.6163,0,0.25373,0,217.8,playing,11
40.3169,2.6163,0,0.25853,0,218.3,playing,11
40.3329,0.9225,0,0.25853,0,219.08,playing,11
40.3495,0.9225,0,0.25853,0,220.15,playing,11
40.3662,0.9225,0,0.25707,0,221.6,playing,11
40.3823,-1.6661,0,0.25707,0,223.24,playing,11
40.3988,-1.6661,0,0.28705,0,225.31,playing,11
40.4154,-1.6661,0,0.28705,0,227.53,playing,11
40.432,-2.667,0,0.29509,0,230.21,playing,11
40.4477,-2.667,0,0.29509,0,233.02,playing,11
40.4652,-3.0521,0,0.26241,0,236.11,playing,11
40.4813,-3.4962,0,0.26241,0,239.71,playing,11
40.4984,-3.4962,0,0.26241,0,243.62,playing,11
40.5154,-3.3295,0,0.28043,0,247.86,playing,11
40.5325,-3.3295,0,0.28043,0,252.41,playing,11
40.5495,-3.3295,0,0.30945,0,257.28,playing,11
40.5656,-3.2282,0,0.30945,0,262.47,playing,11
40.5823,-3.2282,0,0.30945,0,267.64,playing,11
40.5989,-3.2282,0,0.30945,0,273.44,playing,11
40.615,-24.1143,1,0.30945,0,279.19,playing,11
40.6311,-24.1143,0,0.29509,0,273.23,playing,11
40.6472,-32.9906,0,0.29509,0,267.55,playing,11
40.6633,-32.9906,0,0.30903,0,262.16,playing,11
40.6799,-32.9906,0,0.30903,0,256.74,playing,11
40.696,1.5553,0,0.29926,0,251.93,playing,11
40.7117,1.5553,0,0.29926,0,247.39,playing,11
40.7279,1.5553,0,0.29926,0,243.14,playing,11
40.7445,1.5553,0,0.23464,0,239.17,playing,11
40.7611,1.5553,0,0.23464,0,235.27,playing,11
40.7766,1.5553,0,0.23788,0,231.89,playing,11
40.7932,16.9101,0,0.23788,0,228.78,playing,11
40.8097,16.9101,0,0.23788,0,225.95,playing,11
40.8263,14.1298,0,0.21189,0,223.27,playing,11
40.842,14.1298,0,0.21189,0,221.02,playing,11
40.8585,14.1298,0,0.20324,0,219.06,playing,11
40.8752,11.0198,0,0.20324,0,217.29,playing,11
40.8913,11.0198,0,0.25334,1,215.91,playing,11
40.9084,11.0198,0,0.25334,0,214.76,playing,11
40.9246,5.9062,0,0.2538,0,213.93,playing,11
40.9407,5.9062,0,0.2538,0,213.42,playing,11
40.9572,5.9062,0,0.2538,0,213.2,playing,11
40.9739,3.7076,0,0.26226,0,213.29,playing,11
40.9905,3.7076,0,0.26226,0,213.65,playing,11
41.0071,0.1214,0,0.2979,0,214.35,playing,11
41.0232,0.1214,0,0.2979,0,215.29,playing,11
41.0387,0.1214,0,0.26967,0,216.51,playing,11
41.0549,-1.4048,0,0.26967,0,218.01,playing,11
41.071,-1.4048,0,0.26222,0,219.8,playing,11
41.0881,-1.4048,0,0.26222,0,222.01,playing,11
41.1042,-2.2389,0,0.26222,0,224.38,playing,11
41.1198,-2.2389,0,0.31681,0,227.03,playing,11
41.1359,-2.2389,0,0.31681,0,229.96,playing,11
41.152,-2.6199,0,0.30005,0,233.17,playing,11
41.1681,-2.6199,0,0.30005,0,236.66,playing,11
41.1863,-2.7453,0,0.27372,0,240.44,playing,11
41.2024,-2.8882,0,0.27372,0,245.04,playing,11
41.219,-2.8882,0,0.27372,0,249.7,playing,11
41.2346,-2.9629,0,0.30444,0,254.38,playing,11
41.2517,-2.9629,0,0.30444,0,259.33,playing,11
41.2687,-2.9629,0,0.30444,0,264.91,playing,11
41.2848,-3.5045,0,0.30444,0,270.81,playing,11
41.3014,-3.5045,0,0.30368,0,276.64,playing,11
41.3184,-3.5045,0,0.30368,0,283.16,playing,11
41.3346,-21.5968,1,0.32308,0,289.99,playing,11
41.3513,-21.5968,0,0.32308,0,284.03,playing,11
41.3677,-29.0387,0,0.32308,0,278.02,playing,11
41.3838,-29.0387,0,0.33125,0,272.64,playing,11
41.4004,-29.0387,0,0.33125,0,267.55,playing,11
41.4177,-18.725,0,0.2617,0,262.45,playing,11
41.4343,-18.725,0,0.2617,0,257.67,playing,11
41.4499,-18.725,0,0.18554,0,253.46,playing,11
41.4665,21.5905,0,0.18554,0,249.52,playing,11
41.4825,21.5905,0,0.18554,0,245.66,playing,11
41.4991,21.5905,0,0.23539,1,242.31,playing,11
41.5152,24.9925,0,0.23539,0,239.23,playing,11
41.5314,24.9925,0,0.24593,0,236.44,playing,11
41.5484,22.5371,0,0.24593,0,233.8,playing,11
41.5655,22.5371,0,0.20371,0,231.47,playing,11
41.5821,22.5371,0,0.20371,0,229.46,playing,12
41.5981,13.7312,0,0.20371,0,227.85,playing,12
41.6136,13.7312,0,0.22201,0,226.52,playing,12
41.6297,13.7312,0,0.22201,0,225.47,playing,12
41.6462,10.5082,0,0.27332,0,224.7,playing,12
41.6623,10.5082,0,0.27332,0,224.22,playing,12
41.6793,7.204,0,0.27332,0,224.02,playing,12
41.6959,4.6934,0,0.27332,0,224.14,playing,12
41.7115,4.6934,0,0.27332,0,224.54,playing,12
41.7285,2.1057,0,0.24638,0,225.21,playing,12
41.7456,2.1057,0,0.24638,0,226.25,playing,12
41.7621,2.1057,0,0.27434,0,227.6,playing,12
41.7781,0.5269,0,0.27357,0,229.16,playing,12
41.7939,0.5269,0,0.27357,0,231.0,playing,12
41.8105,0.5269,0,0.2866,0,233.12,playing,12
41.8275,-2.5557,0,0.2866,0,235.69,playing,12
41.8441,-2.5557,0,0.29539,0,238.58,playing,12
41.8601,-3.3202,0,0.29539,0,241.58,playing,12
41.8757,-3.3202,0,0.30673,0,244.86,playing,12
41.8918,-3.3202,0,0.30673,0,248.42,playing,12
41.9084,-4.2021,0,0.30334,0,252.27,playing,12
41.9248,-4.2021,0,0.30334,0,256.67,playing,12
41.9417,-4.2021,0,0.30334,0,261.1,playing,12
41.9585,-5.2129,0,0.28584,0,266.12,playing,12
41.975,-5.2129,0,0.28584,0,271.45,playing,12
41.9906,-5.2129,0,0.26924,0,276.76,playing,12
42.0076,-17.8472,0,0.25355,0,282.35,playing,12
42.0241,-17.8472,0,0.25355,0,288.6,playing,12
42.0412,-32.8403,1,0.23526,0,294.77,playing,12
42.0572,-28.6947,0,0.23526,0,288.46,playing,12
42.0732,-28.6947,0,0.2279,0,282.8,playing,12
42.0892,-16.4277,0,0.2279,0,277.42,playing,12
42.1063,-16.4277,0,0.18596,0,272.03,playing,12
42.1235,-16.4277,0,0.18596,0,266.95,playing,12
42.1406,16.6767,0,0.23133,1,262.19,playing,12
42.1577,16.6767,0,0.23133,0,257.75,playing,12
42.1743,20.7932,0,0.22505,0,253.62,playing,12
42.1903,20.7932,0,0.22505,0,250.02,playing,12
42.2074,20.7932,0,0.21096,0,246.51,playing,12
42.2235,18.6697,0,0.21096,0,243.32,playing,12
42.24,18.6697,0,0.20763,0,240.6,playing,12
42.2557,18.6697,0,0.20763,0,238.17,playing,12
42.2717,11.8947,0,0.20763,0,236.01,playing,12
42.2888,11.8947,0,0.28172,0,234.13,playing,12
42.305,11.8947,0,0.28172,0,232.46,playing,12
42.3209,8.2688,0,0.27663,0,231.17,playing,12
42.3367,8.2688,0,0.27663,0,230.15,playing,12
42.3538,5.7655,0,0.27275,0,229.42,playing,12
42.3706,3.2084,0,0.27275,0,228.96,playing,12
42.3865,3.2084,0,0.29057,0,228.82,playing,12
42.4035,1.1102,0,0.29057,0,228.97,playing,12
42.4206,1.1102,0,0.28323,0,229.45,playing,12
42.4371,1.1102,0,0.28323,0,230.24,playing,12
42.4531,-1.5813,0,0.28792,0,231.27,playing,12
42.4692,-1.5813,0,0.28792,0,232.58,playing,12
42.4847,-1.5813,0,0.28917,0,234.17,playing,12
42.5008,-2.0153,0,0.28917,0,236.04,playing,12
42.5169,-2.0153,0,0.27752,0,238.2,playing,12
42.5325,-2.0153,0,0.27752,0,240.64,playing,12
42.5491,-2.4747,0,0.269,0,243.36,playing,12
42.5647,-2.4747,0,0.269,0,246.36,playing,12
42.5813,-3.3864,0,0.28525,0,249.64,playing,12
42.5983,-3.3864,0,0.28536,0,253.44,playing,12
42.6154,-3.3864,0,0.28536,0,257.56,playing,12
42.6322,-3.3864,0,0.28536,0,262.0,playing,12
42.6477,-3.3864,0,0.3362,0,266.47,playing,12
42.6647,-3.3864,0,0.3362,0,271.21,playing,12
42.6808,-13.9623,0,0.29088,0,276.56,playing,12
42.6964,-13.9623,0,0.29088,0,281.89,playing,12
42.7134,-13.9623,0,0.29498,0,287.49,playing,12
42.7296,-29.549,1,0.29498,0,293.77,playing,12
42.7457,-29.549,0,0.23761,0,287.81,playing,12
42.7617,-26.6728,0,0.23761,0,282.13,playing,12
42.7778,-26.6728,0,0.25046,0,276.73,playing,12
42.7939,-26.6728,0,0.25046,0,271.62,playing,12
42.8099,6.7221,0,0.22278,0,266.79,playing,12
42.8261,6.7221,0,0.22278,0,262.24,playing,12
42.8422,6.7221,0,0.21352,0,257.97,playing,12
42.8588,17.232,0,0.21352,0,253.98,playing,12
42.8749,17.232,0,0.21762,0,250.06,playing,12
42.8915,17.232,0,0.21762,0,246.66,playing,12
42.9085,15.8393,0,0.23834,1,243.36,playing,12
42.9258,15.8393,0,0.23834,0,240.37,playing,12
42.9419,15.8393,0,0.25025,0,237.71,playing,12
42.9577,15.8393,0,0.25025,0,235.48,playing,12
42.9743,15.8393,0,0.25025,0,233.53,playing,12
42.9901,10.3148,0,0.2649,0,231.87,playing,12
43.0062,10.3148,0,0.2649,0,230.49,playing,12
43.0222,10.3148,0,0.30956,0,229.39,playing,12
43.0385,7.3875,0,0.30956,0,228.57,playing,12
43.0552,7.3875,0,0.28494,0,228.02,playing,12
43.0723,7.3875,0,0.28494,0,227.78,playing,12
43.0889,2.9106,0,0.27831,0,227.86,playing,12
43.1048,2.9106,0,0.27831,0,228.22,playing,12
43.1216,-0.2064,0,0.30041,0,228.87,playing,12
43.1385,-0.2064,0,0.30041,0,229.87,playing,12
43.1552,-0.2064,0,0.29655,0,231.18,playing,12
43.1712,-1.0954,0,0.29655,0,232.7,playing,12
43.1875,-1.0954,0,0.25752,0,234.51,playing,12
43.2036,-1.0954,0,0.25752,0,236.74,playing,12
43.2206,-1.7744,0,0.29882,0,239.13,playing,12
43.2382,-1.7744,0,0.28298,0,241.98,playing,12
43.2549,-2.302,0,0.28298,0,245.35,playing,12
43.2715,-2.6125,0,0.30676,0,248.63,playing,12
43.288,-2.6125,0,0.30676,0,252.44,playing,12
43.3041,-2.8139,0,0.30676,0,256.3,playing,12
43.3202,-2.8139,0,0.26442,0,260.44,playing,12
43.3374,-2.8139,0,0.26442,0,265.17,playing,12
43.3546,-24.6009,1,0.26442,0,270.2,playing,12
43.3707,-24.6009,0,0.28127,0,263.89,playing,12
43.3874,-24.6009,0,0.27776,0,258.23,playing,12
43.4039,-23.5962,0,0.27776,0,252.54,playing,12
43.42,-23.5962,0,0.19253,0,247.46,playing,12
43.436,-19.27,0,0.19253,0,242.66,playing,12
43.4522,-19.27,0,0.20161,0,238.15,playing,13
43.4683,-19.27,0,0.20161,0,233.91,playing,13
43.4844,4.3471,0,0.23436,1,229.96,playing,13
43.501,4.3471,0,0.23436,0,226.08,playing,13
43.517,4.3471,0,0.26749,0,222.71,playing,13
43.5336,10.814,0,0.26749,0,219.62,playing,13
43.5505,10.814,0,0.25007,0,216.66,playing,13
43.5673,10.814,0,0.25007,0,214.01,playing,13
43.5829,16.8238,0,0.21028,0,211.8,playing,13
43.5994,16.8238,0,0.21028,0,209.87,playing,13
43.6161,14.7059,0,0.28552,0,208.14,playing,13
43.6318,14.7059,0,0.28552,0,206.79,playing,13
43.6481,14.7059,0,0.29236,0,205.73,playing,13
43.664,11.1099,0,0.29236,0,204.94,playing,13
43.6805,11.1099,0,0.29236,0,204.44,playing,13
43.6971,11.1099,0,0.28191,0,204.22,playing,13
43.7128,4.6193,0,0.28191,0,204.3,playing,13
43.7296,4.6193,0,0.28886,0,204.66,playing,13
43.7463,4.6193,0,0.28886,0,205.36,playing,13
43.7631,3.2126,0,0.25468,0,206.38,playing,13
43.7795,3.2126,0,0.25468,0,207.62,playing,13
43.7958,0.3622,0,0.28513,0,209.26,playing,13
43.8124,0.3622,0,0.28513,0,211.08,playing,13
43.8286,0.3622,0,0.33464,0,213.33,playing,13
43.8449,-0.1671,0,0.33464,0,215.73,playing,13
43.8613,-0.1671,0,0.30296,0,218.42,playing,13
43.8785,-0.1671,0,0.30034,0,221.58,playing,13
43.8946,-1.2163,0,0.30034,0,225.07,playing,13
43.9115,-1.2163,0,0.32155,0,228.63,playing,13
43.9282,-1.2163,0,0.32155,0,232.74,playing,13
43.9435,-2.7013,0,0.31026,0,236.88,playing,13
43.9602,-2.7013,0,0.31026,0,241.31,playing,13
43.9774,-2.6214,0,0.276,0,246.33,playing,13
43.9942,-2.6214,0,0.276,0,251.67,playing,13
44.0101,-2.6214,0,0.32108,0,256.97,playing,13
44.0256,-29.4768,1,0.32108,0,262.56,playing,13
44.0416,-29.4768,0,0.32108,0,256.6,playing,13
44.0579,-29.4768,0,0.23139,0,250.92,playing,13
44.074,-29.4768,0,0.23139,0,245.53,playing,13
44.0904,-29.4768,0,0.23751,0,240.41,playing,13
44.107,-29.4768,0,0.23751,0,235.3,playing,13
44.1231,10.9928,0,0.2298,0,230.77,playing,13
44.1392,10.9928,0,0.2298,0,226.52,playing,13
44.1554,19.5008,0,0.21817,0,222.55,playing,13
44.1725,19.5008,0,0.21817,0,218.65,playing,13
44.1894,19.5008,0,0.23901,1,215.06,playing,13
44.206,18.9687,0,0.23901,0,211.8,playing,13
44.2216,18.9687,0,0.22664,0,209.01,playing,13
44.2377,18.9687,0,0.22664,0,206.5,playing,13
44.2537,12.3838,0,0.25849,0,204.27,playing,13
44.2698,12.3838,0,0.25849,0,202.33,playing,13
44.2863,12.3838,0,0.2426,0,200.66,playing,13
44.3033,8.1327,0,0.2426,0,199.21,playing,13
44.319,8.1327,0,0.28596,0,198.13,playing,13
44.3354,8.1327,0,0.28596,0,197.33,playing,13
44.3521,8.1327,0,0.28017,0,196.8,playing,13
44.3681,8.1327,0,0.28017,0,196.57,playing,13
44.3842,3.5932,0,0.28017,0,196.64,playing,13
44.4001,3.5932,0,0.27716,0,196.98,playing,13
44.4162,3.5932,0,0.27716,0,197.6,playing,13
44.4319,0.0529,0,0.29154,0,198.51,playing,13
44.4476,0.0529,0,0.29154,0,199.69,playing,13
44.4639,0.0529,0,0.29397,0,201.16,playing,13
44.48,-2.2407,0,0.29397,0,202.91,playing,13
44.4961,-2.2407,0,0.30431,0,204.95,playing,13
44.5123,-2.2407,0,0.30431,0,207.26,playing,13
44.5293,-2.5603,0,0.30327,0,210.04,playing,13
44.546,-2.5603,0,0.30327,0,213.13,playing,13
44.5626,-3.0072,0,0.28161,0,216.32,playing,13
44.5792,-3.0072,0,0.28161,0,220.03,playing,13
44.5954,-3.0072,0,0.33419,0,223.81,playing,13
44.612,-2.2909,0,0.33419,0,228.14,playing,13
44.6282,-2.2909,0,0.28986,0,232.49,playing,13
44.6449,-2.2909,0,0.30532,0,237.13,playing,13
44.661,-2.3951,0,0.30532,0,242.37,playing,13
44.6766,-2.3951,0,0.30532,0,247.59,playing,13
44.6927,-2.3951,0,0.32987,0,253.09,playing,13
44.7089,-19.5667,0,0.29462,0,258.87,playing,13
44.7252,-19.5667,0,0.29462,0,264.93,playing,13
44.7417,-36.174,1,0.29462,0,271.28,playing,13
44.7583,-36.174,0,0.29462,0,264.96,playing,13
44.7749,-36.174,0,0.25893,0,258.97,playing,13
44.7912,-3.5118,0,0.25893,0,253.61,playing,13
44.8076,-3.5118,0,0.24264,0,248.53,playing,13
44.8238,-3.5118,0,0.24264,0,243.45,playing,13
44.8404,17.045,0,0.24264,0,238.96,playing,13
44.8569,17.045,0,0.24402,0,234.5,playing,13
44.8736,17.045,0,0.24402,0,230.58,playing,13
44.8899,21.0169,0,0.23517,0,226.74,playing,13
44.9064,21.0169,0,0.23517,0,223.4,playing,13
44.9232,19.4045,0,0.23517,0,220.17,playing,13
44.9403,19.4045,0,0.2084,0,217.26,playing,13
44.9574,19.4045,0,0.2084,0,214.67,playing,13
44.9738,12.7066,0,0.25097,1,212.4,playing,13
44.9905,12.7066,0,0.25097,0,210.54,playing,13
45.0073,12.7066,0,0.2576,0,208.89,playing,13
45.0244,6.1611,0,0.2576,0,207.55,playing,13
45.0414,6.1611,0,0.26955,0,206.53,playing,13
45.0585,3.7256,0,0.26955,0,205.83,playing,13
45.075,3.7256,0,0.30656,0,205.44,playing,13
45.0915,3.7256,0,0.30656,0,205.36,playing,13
45.1082,1.6901,0,0.30656,0,205.6,playing,13
45.1241,1.6901,0,0.2827,0,206.1,playing,13
45.1399,1.6901,0,0.2827,0,206.88,playing,13
45.1557,-0.9644,0,0.2827,0,207.94,playing,13
45.1727,-0.9644,0,0.2827,0,209.29,playing,13
45.1897,-2.2095,0,0.31818,0,211.04,playing,13
45.2061,-2.2095,0,0.31818,0,213.1,playing,13
45.2221,-2.2095,0,0.31818,0,215.33,playing,13
45.2378,-2.9558,0,0.33109,0,217.83,playing,13
45.2537,-2.9558,0,0.33109,0,220.62,playing,13
45.2704,-2.9558,0,0.35858,0,223.69,playing,13
45.2875,-3.2867,0,0.35858,0,227.27,playing,13
45.3043,-3.2867,0,0.35858,0,231.17,playing,14
45.3213,-3.2867,0,0.3569,0,235.39,playing,14
45.3386,-3.331,0,0.3569,0,239.92,playing,14
45.3553,-3.331,0,0.27635,0,244.77,playing,14
45.3725,-3.5245,0,0.27635,0,249.94,playing,14
45.3893,-3.5245,0,0.26879,0,255.43,playing,14
45.4053,-3.5245,0,0.26879,0,260.88,playing,14
45.4218,-6.5223,0,0.26902,0,266.98,playing,14
45.4386,-6.5223,0,0.26902,0,273.01,playing,14
45.4553,-6.5223,0,0.26902,0,279.73,playing,14
45.4717,-29.2491,1,0.28334,0,286.34,playing,14
45.4878,-29.2491,0,0.28334,0,280.03,playing,14
45.5044,-33.8582,0,0.27032,0,274.37,playing,14
45.521,-21.1918,0,0.27032,0,268.67,playing,14
45.5374,-21.1918,0,0.27032,0,263.59,playing,14
45.5545,7.831,0,0.19371,0,258.52,playing,14
45.5721,7.831,0,0.19371,0,253.76,playing,14
45.588,7.831,0,0.18053,0,249.31,playing,14
45.6046,7.831,0,0.18053,0,245.42,playing,14
45.6213,7.831,0,0.22022,1,241.59,playing,14
45.6371,7.831,0,0.22022,0,238.27,playing,14
45.6529,19.4633,0,0.22022,0,235.24,playing,14
45.6692,19.4633,0,0.22046,0,232.48,playing,14
45.6857,11.0521,0,0.22046,0,230.01,playing,14
45.702,11.0521,0,0.22262,0,227.7,playing,14
45.7183,11.0521,0,0.22262,0,225.8,playing,14
45.7343,7.3293,0,0.22262,0,224.19,playing,14
45.7513,7.3293,0,0.25027,0,222.8,playing,14
45.7688,7.3293,0,0.25027,0,221.72,playing,14
45.7854,4.7271,0,0.24978,0,220.96,playing,14
45.8018,4.7271,0,0.24978,0,220.52,playing,14
45.8179,4.7271,0,0.24978,0,220.39,playing,14
45.8339,1.3898,0,0.26212,0,220.54,playing,14
45.8503,1.3898,0,0.26212,0,220.97,playing,14
45.8675,-0.2531,0,0.26212,0,221.74,playing,14
45.8846,-0.2531,0,0.26212,0,222.84,playing,14
45.9006,-0.2531,0,0.29317,0,224.25,playing,14
45.9169,-2.1705,0,0.29317,0,225.86,playing,14
45.9338,-2.1705,0,0.29317,0,227.75,playing,14
45.95,-2.1705,0,0.28555,0,230.08,playing,14
45.9657,-3.0127,0,0.28555,0,232.55,playing,14
45.9826,-3.0127,0,0.28134,0,235.3,playing,14
45.9986,-3.0127,0,0.28134,0,238.55,playing,14
46.0153,-3.3209,0,0.28134,0,241.88,playing,14
46.0318,-3.3209,0,0.27285,0,245.5,playing,14
46.0484,-3.1748,0,0.27285,0,249.66,playing,14
46.065,-3.1748,0,0.27698,0,254.13,playing,14
46.0811,-3.1748,0,0.27698,0,258.63,playing,14
46.0969,-2.8838,0,0.25029,0,263.41,playing,14
46.1131,-2.8838,0,0.25029,0,268.47,playing,14
46.1287,-2.8838,0,0.25029,0,273.81,playing,14
46.1446,-6.5778,0,0.2845,0,279.43,playing,14
46.1614,-6.5778,0,0.2845,0,285.33,playing,14
46.178,-6.5778,0,0.2845,0,291.93,playing,14
46.1944,-26.2237,1,0.2845,0,298.41,playing,14
46.2105,-26.2237,0,0.30778,0,292.1,playing,14
46.227,-24.2902,0,0.30778,0,286.44,playing,14
46.2435,-24.2902,0,0.30778,0,281.06,playing,14
46.2609,-24.2902,0,0.28615,0,275.67,playing,14
46.277,-1.7061,0,0.28615,0,270.59,playing,14
46.2931,-1.7061,0,0.22287,0,266.09,playing,14
46.3095,-1.7061,0,0.22287,0,261.87,playing,14
46.3259,18.2116,0,0.22513,0,257.71,playing,14
46.3427,18.2116,0,0.22513,0,254.08,playing,14
46.3589,23.4798,0,0.21006,0,250.53,playing,14
46.3751,22.0968,0,0.21006,0,247.48,playing,14
46.3909,22.0968,0,0.21006,0,244.71,playing,14
46.4072,17.777,0,0.24352,1,242.21,playing,14
46.4234,17.777,0,0.24352,0,240.0,playing,14
46.4402,17.777,0,0.27031,0,237.97,playing,14
46.456,10.1251,0,0.27031,0,236.35,playing,14
46.4722,10.1251,0,0.27031,0,235.0,playing,14
46.4886,10.1251,0,0.24564,0,233.93,playing,14
46.505,6.2582,0,0.24564,0,233.12,playing,14
46.5213,6.2582,0,0.27365,0,232.63,playing,14
46.5385,6.2582,0,0.27365,0,232.44,playing,14
46.5546,3.9495,0,0.27365,0,232.56,playing,14
46.5714,3.9495,0,0.27365,0,232.95,playing,14
46.5882,0.1655,0,0.27365,0,233.69,playing,14
46.6036,0.1655,0,0.2311,0,234.67,playing,14
46.6205,0.1655,0,0.2311,0,235.92,playing,14
46.6372,-1.2371,0,0.26552,0,237.58,playing,14
46.6535,-1.2371,0,0.26552,0,239.42,playing,14
46.6703,-1.2371,0,0.30379,0,241.69,playing,14
46.6876,-2.0186,0,0.30379,0,244.28,playing,14
46.7042,-2.0186,0,0.30379,0,247.18,playing,14
46.72,-3.2967,0,0.28997,0,250.2,playing,14
46.736,-3.2967,0,0.28997,0,253.5,playing,14
46.7521,-3.2967,0,0.27551,0,257.08,playing,14
46.7681,-3.6638,0,0.27551,0,260.94,playing,14
46.7842,-3.6638,0,0.26972,0,265.09,playing,14
46.8,-3.6638,0,0.26972,0,269.51,playing,14
46.8163,-3.8367,0,0.26972,0,274.22,playing,14
46.833,-3.8367,0,0.30089,0,279.54,playing,14
46.8487,-3.8367,0,0.30089,0,284.83,playing,14
46.8648,-5.7131,0,0.26172,0,290.4,playing,14
46.881,-5.7131,0,0.26172,0,296.25,playing,14
46.897,-5.7131,0,0.31817,0,302.38,playing,14
46.9136,-31.0655,1,0.31817,0,308.8,playing,14
46.93,-31.0655,0,0.31817,0,302.48,playing,14
46.9463,-27.1561,0,0.27773,0,296.82,playing,14
46.9628,-27.1561,0,0.27773,0,291.13,playing,14
46.9787,-27.1561,0,0.24829,0,286.05,playing,14
46.9953,-17.0593,0,0.24829,0,281.25,playing,14
47.0114,-17.0593,0,0.23115,0,276.74,playing,14
47.0278,-17.0593,0,0.23115,0,272.26,playing,14
47.0438,24.4248,0,0.23115,0,268.33,playing,14
47.0606,24.4248,0,0.24619,0,264.67,playing,14
47.0773,24.4248,0,0.24619,0,261.11,playing,14
47.0944,28.8311,0,0.22659,0,257.86,playing,14
47.1116,28.8311,0,0.22659,0,254.94,playing,14
47.1286,19.9783,0,0.22293,0,252.33,playing,14
47.1448,19.9783,0,0.22293,0,250.04,playing,15
47.1616,19.9783,0,0.23822,0,248.16,playing,15
47.1782,15.4209,0,0.23822,0,246.49,playing,15
47.1942,15.4209,0,0.23822,0,245.19,playing,15
47.2096,15.4209,0,0.23951,0,244.18,playing,15
47.2264,10.5034,0,0.23951,0,243.45,playing,15
47.2429,10.5034,0,0.23951,0,242.99,playing,15
47.2591,10.5034,0,0.23951,0,242.84,playing,15
47.2748,3.7914,0,0.27606,0,242.97,playing,15
47.2915,3.7914,0,0.27606,0,243.38,playing,15
47.3082,3.7914,0,0.27606,0,244.14,playing,15
47.3242,3.7914,0,0.25822,0,245.13,playing,15
47.34,3.7914,0,0.25822,0,246.41,playing,15
47.3558,-2.3838,0,0.2922,0,247.96,playing,15
47.3722,-2.3838,0,0.2922,0,249.8,playing,15
47.3882,-2.3838,0,0.2922,0,251.92,playing,15
47.4042,-3.7839,0,0.26328,0,254.32,playing,15
47.4217,-3.7839,0,0.26328,0,257.19,playing,15
47.4386,-3.7839,0,0.2849,0,260.38,playing,15
47.4553,-3.8631,0,0.2849,0,263.89,playing,15
47.4718,-3.8631,0,0.32671,0,267.71,playing,15
47.4882,-3.593,0,0.32671,0,271.59,playing,15
47.5041,-3.593,0,0.30616,0,275.75,playing,15
47.5202,-3.593,0,0.30616,0,280.19,playing,15
47.5367,-3.6941,0,0.30616,0,284.92,playing,15
47.5535,-3.6941,0,0.31607,0,290.26,playing,15
47.5699,-3.6941,0,0.31607,0,295.91,playing,15
47.5859,-30.9717,1,0.28779,0,301.52,playing,15
47.6021,-30.9717,0,0.28779,0,295.56,playing,15
47.6179,-30.9717,0,0.27311,0,289.88,playing,15
47.634,-29.2469,0,0.27311,0,284.49,playing,15
47.6498,-29.2469,0,0.27311,0,279.37,playing,15
47.6659,-14.2384,0,0.19296,0,274.54,playing,15
47.682,-14.2384,0,0.19296,0,269.99,playing,15
47.6981,-14.2384,0,0.23392,1,265.72,playing,15
47.7137,19.7241,0,0.23392,0,261.74,playing,15
47.7297,19.7241,0,0.23392,0,258.03,playing,15
47.7461,19.7241,0,0.21498,0,254.61,playing,15
47.7619,19.2953,0,0.21498,0,251.46,playing,15
47.7786,19.2953,0,0.25126,0,248.6,playing,15
47.7954,19.2953,0,0.25126,0,245.88,playing,15
47.8121,12.8727,0,0.22605,0,243.48,playing,15
47.8281,12.8727,0,0.22605,0,241.5,playing,15
47.8462,9.9316,0,0.27001,0,239.62,playing,15
47.862,9.9316,0,0.30334,0,238.24,playing,15
47.8783,9.9316,0,0.30334,0,237.14,playing,15
47.8958,4.908,0,0.2587,0,236.29,playing,15
47.9123,4.908,0,0.24649,0,235.76,playing,15
47.9287,4.908,0,0.24649,0,235.54,playing,15
47.9454,2.7888,0,0.27664,0,235.62,playing,15
47.9625,2.7888,0,0.27664,0,236.02,playing,15
47.9796,0.7175,0,0.29454,0,236.74,playing,15
47.9958,0.7175,0,0.29454,0,237.78,playing,15
48.0115,0.7175,0,0.27311,0,239.03,playing,15
48.0286,-2.5513,0,0.27311,0,240.57,playing,15
48.0453,-2.5513,0,0.30636,0,242.53,playing,15
48.0613,-2.5513,0,0.30636,0,244.65,playing,15
48.0768,-3.0797,0,0.29629,0,247.05,playing,15
48.093,-3.0797,0,0.29629,0,249.73,playing,15
48.1091,-3.0797,0,0.31778,0,252.7,playing,15
48.1252,-3.316,0,0.31778,0,255.94,playing,15
48.1408,-3.316,0,0.28114,0,259.47,playing,15
48.1574,-3.316,0,0.28114,0,263.28,playing,15
48.1742,-3.8713,0,0.26192,0,267.65,playing,15
48.1898,-3.8713,0,0.26192,0,272.04,playing,15
48.2064,-7.7189,0,0.28455,0,276.71,playing,15
48.2236,-7.7189,0,0.28455,0,281.99,playing,15
48.2405,-7.7189,0,0.26178,0,287.59,playing,15
48.2569,-31.5938,1,0.26178,0,293.51,playing,15
48.2734,-31.5938,0,0.26178,0,287.55,playing,15
48.2902,-31.5938,0,0.23473,0,281.54,playing,15
48.3063,-19.0928,0,0.23473,0,276.16,playing,15
48.3232,-19.0928,0,0.20024,0,270.76,playing,15
48.3394,3.9232,0,0.20024,0,265.97,playing,15
48.3563,17.9304,0,0.21786,0,261.19,playing,15
48.3736,17.9304,0,0.21786,0,256.73,playing,15
48.3903,19.4043,0,0.2634,1,252.58,playing,15
48.4063,19.4043,0,0.2634,0,248.97,playing,15
48.4228,19.4043,0,0.21067,0,245.44,playing,15
48.4393,17.3148,0,0.27961,0,242.4,playing,15
48.455,17.3148,0,0.27961,0,239.65,playing,15
48.4706,17.3148,0,0.32059,0,237.17,playing,15
48.4876,11.14,0,0.32059,0,234.98,playing,15
48.5042,11.14,0,0.31054,0,232.97,playing,15
48.5203,8.2188,0,0.31054,0,231.36,playing,15
48.5373,8.2188,0,0.23843,0,229.97,playing,15
48.554,8.2188,0,0.23843,0,228.89,playing,15
48.5701,3.4275,0,0.2704,0,228.16,playing,15
48.5872,3.4275,0,0.2704,0,227.7,playing,15
48.6034,3.4275,0,0.2704,0,227.55,playing,15
48.6204,1.3314,0,0.30212,0,227.71,playing,15
48.6374,1.3314,0,0.30212,0,228.18,playing,15
48.6542,-0.0298,0,0.3257,0,228.98,playing,15
48.6702,-0.0298,0,0.3257,0,230.01,playing,15
48.6859,-0.0298,0,0.34386,0,231.32,playing,15
48.7018,-1.0719,0,0.34386,0,232.91,playing,15
48.7184,-1.0719,0,0.27266,0,234.78,playing,15
48.7353,-1.0719,0,0.27266,0,237.09,playing,15
48.7524,-2.486,0,0.33642,0,239.72,playing,15
48.7695,-2.486,0,0.33642,0,242.66,playing,15
48.7864,-2.486,0,0.32877,0,245.92,playing,15
48.8035,-2.6772,0,0.32877,0,249.5,playing,15
48.82,-2.6772,0,0.32886,0,253.4,playing,15
48.836,-2.9331,0,0.32886,0,257.35,playing,15
48.8536,-2.9331,0,0.32601,0,261.58,playing,15
48.8691,-2.9331,0,0.32601,0,266.4,playing,15
48.8854,-3.1139,0,0.31558,0,271.21,playing,15
48.9025,-3.1139,0,0.32926,0,276.64,playing,15
48.9226,-3.1139,0,0.32926,0,282.39,playing,15
48.9361,-34.3331,1,0.25911,0,288.46,playing,15
48.9523,-34.3331,0,0.25911,0,282.5,playing,15
48.9679,-34.3331,0,0.25911,0,276.82,playing,15
48.9844,-30.231,0,0.18444,0,271.43,playing,15
49.0015,-30.231,0,0.18444,0,266.02,playing,16
49.0175,14.3483,0,0.26914,1,260.92,playing,16
49.0345,14.3483,0,0.26914,0,256.4,playing,16
49.0506,14.3483,0,0.21464,0,251.92,playing,16
49.0667,21.3077,0,0.21464,0,247.99,playing,16
49.0828,21.3077,0,0.24353,0,244.34,playing,16
49.0988,21.3077,0,0.24353,0,240.97,playing,16
49.115,17.4677,0,0.27033,0,237.88,playing,16
49.131,17.4677,0,0.27033,0,235.07,playing,16
49.1471,17.4677,0,0.26927,0,232.54,playing,16
49.1631,14.6227,0,0.26927,0,230.3,playing,16
49.1792,14.6227,0,0.29131,0,228.33,playing,16
49.1958,11.007,0,0.29131,0,226.65,playing,16
49.2119,11.007,0,0.27674,0,225.18,playing,16
49.2284,11.007,0,0.27674,0,224.08,playing,16
49.2454,4.5648,0,0.28066,0,223.23,playing,16
49.263,4.5648,0,0.28066,0,222.7,playing,16
49.2786,4.5648,0,0.32094,0,222.48,playing,16
49.2946,2.1742,0,0.32094,0,222.56,playing,16
49.3115,2.1742,0,0.32094,0,222.92,playing,16
49.3282,2.1742,0,0.30171,0,223.62,playing,16
49.3442,0.3065,0,0.30171,0,224.56,playing,16
49.3598,0.3065,0,0.29882,0,225.78,playing,16
49.3759,-1.829,0,0.29882,0,227.29,playing,16
49.3916,-1.829,0,0.2834,0,229.07,playing,16
49.4087,-1.829,0,0.2834,0,231.14,playing,16
49.4255,-2.1458,0,0.30776,0,233.65,playing,16
49.4426,-2.1458,0,0.30776,0,236.49,playing,16
49.4591,-2.1458,0,0.33132,0,239.64,playing,16
49.4751,-11.7404,0,0.33132,0,242.88,playing,16
49.4912,-11.7404,0,0.33419,0,246.41,playing,16
49.5072,-11.7404,0,0.33419,0,250.22,playing,16
49.5232,-11.7404,0,0.29882,0,254.31,playing,16
49.5393,-11.7404,0,0.29882,0,258.68,playing,16
49.5553,-29.4039,1,0.24304,0,263.34,playing,16
49.5718,-21.9651,0,0.24304,0,257.03,playing,16
49.5884,-21.9651,0,0.25102,0,251.37,playing,16
49.6055,-6.3446,0,0.25102,0,245.67,playing,16
49.6217,-6.3446,0,0.22599,0,240.3,playing,16
49.6378,-6.3446,0,0.22599,0,235.52,playing,16
49.6544,-6.3446,0,0.2643,0,231.02,playing,16
49.6702,-6.3446,0,0.2643,0,226.8,playing,16
49.6862,-6.3446,0,0.24673,0,222.87,playing,16
49.7023,21.8247,0,0.24673,0,219.22,playing,16
49.7193,21.8247,0,0.24616,0,215.65,playing,16
49.736,18.5154,0,0.24616,0,212.41,playing,16
49.7515,18.5154,0,0.26024,0,209.63,playing,16
49.7681,18.5154,0,0.26024,0,207.14,playing,16
49.7841,14.3994,0,0.25856,0,204.93,playing,16
49.8003,14.3994,0,0.25856,0,203.01,playing,16
49.8158,14.3994,0,0.32128,0,201.36,playing,16
49.8317,7.4629,0,0.32128,0,199.99,playing,16
49.8482,7.4629,0,0.28847,0,198.91,playing,16
49.8643,7.4629,0,0.28847,0,198.11,playing,16
49.8814,4.7823,0,0.26508,0,197.58,playing,16
49.8979,4.7823,0,0.26508,0,197.36,playing,16
49.9141,4.7823,0,0.28899,0,197.44,playing,16
49.9301,0.6743,0,0.28899,0,197.8,playing,16
49.9462,0.6743,0,0.29275,0,198.44,playing,16
49.9623,0.3353,0,0.29275,0,199.36,playing,16
49.978,0.3353,0,0.33979,0,200.57,playing,16
49.9937,0.3353,0,0.33979,0,202.05,playing,16
50.0102,-1.0961,0,0.33979,0,203.82,playing,16
50.0263,-1.0961,0,0.33479,0,205.87,playing,16
50.0428,-1.0961,0,0.33479,0,208.2,playing,16
50.0585,-3.0694,0,0.32903,0,211.0,playing,16
50.0757,-3.0694,0,0.32903,0,213.91,playing,16
50.0924,-3.0694,0,0.31293,0,217.32,playing,16
50.1095,-3.377,0,0.31293,0,221.05,playing,16
50.1266,-3.377,0,0.33948,0,225.1,playing,16
50.1428,-3.9532,0,0.33948,0,229.46,playing,16
50.1586,-3.9532,0,0.35666,0,233.85,playing,16
50.1752,-3.9532,0,0.35666,0,238.53,playing,16
50.1914,-22.7886,1,0.2937,0,243.48,playing,16
50.2081,-22.7886,0,0.2937,0,237.17,playing,16
50.2248,-22.7886,0,0.28794,0,231.51,playing,16
50.2413,-30.7588,0,0.28794,0,225.81,playing,16
50.2571,-30.7588,0,0.23449,0,220.74,playing,16
50.2736,-30.7588,0,0.23449,0,215.94,playing,16
50.2903,-17.6774,0,0.25622,0,211.16,playing,16
50.3069,-17.6774,0,0.25622,0,206.7,playing,16
50.3237,13.7751,0,0.24359,0,202.78,playing,16
50.3397,13.7751,0,0.24359,0,198.94,playing,16
50.3563,13.7751,0,0.26027,0,195.6,playing,16
50.3726,21.6052,0,0.26027,0,192.38,playing,16
50.3891,21.6052,0,0.26027,0,189.62,playing,16
50.4057,21.6052,0,0.23469,0,187.15,playing,16
50.4222,17.9068,0,0.23469,0,184.84,playing,16
50.4391,17.9068,0,0.25499,0,182.84,dead,16
50.4556,14.4922,0,0.25499,0,181.25,dead,16
50.4726,10.8478,0,0.28611,0,179.88,dead,16
50.4887,10.8478,0,0.26342,0,178.82,dead,16
50.5053,7.0752,0,0.26342,0,178.1,dead,16
50.5229,7.0752,0,0.2431,0,177.66,dead,16
50.5394,7.0752,0,0.2431,0,177.54,dead,16
50.5556,4.5301,0,0.34436,0,177.74,dead,16
50.5726,4.5301,0,0.34436,0,178.2,dead,16
50.5891,4.5301,0,0.27644,0,179.02,dead,16
50.6056,1.9665,0,0.27644,0,180.06,dead,16
50.6223,1.9665,0,0.29628,0,181.49,dead,16
50.6378,-1.1287,0,0.29628,0,183.12,dead,16
50.6539,-1.1287,0,0.32071,0,185.03,dead,16
50.6715,-1.1287,0,0.32071,0,187.22,dead,16
50.6881,-2.5243,0,0.28931,0,189.86,dead,16
50.7036,-2.5243,0,0.28931,0,192.83,dead,16
50.7196,-2.5243,0,0.28931,0,195.9,dead,16
50.7366,-2.7253,0,0.33394,0,199.25,dead,16
50.7532,-2.7253,0,0.33394,0,203.13,dead,16
50.7697,-2.4808,0,0.28616,0,207.06,dead,16
50.7863,-2.4808,0,0.28616,0,211.56,dead,16
50.8037,-2.4808,0,0.2939,0,216.37,dead,16
50.8202,-2.733,0,0.2939,0,221.5,dead,16
50.8359,-2.733,0,0.2939,0,226.62,dead,16
50.8535,-2.733,0,0.32649,0,232.37,dead,16
50.8704,-2.865,0,0.32649,0,238.43,dead,16
50.8875,-2.865,0,0.29185,0,244.82,dead,16
50.9044,-2.865,0,0.29185,0,251.52,dead,16
50.9219,-3.8155,0,0.33387,0,258.54,dead,16
50.9387,-3.8155,0,0.33387,0,265.88,dead,16
50.9551,-18.1828,0,0.29825,0,273.54,dead,16
50.9712,-18.1828,0,0.29825,0,281.03,dead,16
50.9873,-18.1828,0,0.29825,0,288.8,dead,16
51.0028,-32.4379,1,0.29516,0,296.85,dead,16
51.0189,-32.4379,0,0.29516,0,285.0,playing,0
51.0349,-32.4379,0,0.26635,0,279.04,playing,0
51.0514,-16.768,0,0.26635,0,273.36,playing,0
51.0683,-16.768,0,0.26635,0,267.65,playing,0
51.0849,13.8894,0,0.2352,0,262.26,playing,0
51.1007,13.8894,0,0.2352,0,257.46,playing,0
51.1173,13.8894,0,0.20745,0,252.94,playing,0
51.1343,21.6499,0,0.20745,0,248.46,playing,0
51.1506,21.6499,0,0.20745,0,244.3,playing,0
51.1672,21.6499,0,0.20745,0,240.67,playing,0
51.1833,18.489,0,0.20745,0,237.31,playing,0
51.1989,18.489,0,0.24212,1,234.24,playing,0
51.2155,18.489,0,0.24212,0,231.45,playing,0
51.2326,14.8139,0,0.23334,0,228.8,playing,0
51.2488,14.8139,0,0.23334,0,226.48,playing,0
51.2648,10.9338,0,0.23334,0,224.56,playing,0
51.2815,8.2146,0,0.25875,0,222.94,playing,0
51.298,8.2146,0,0.25875,0,221.52,playing,0
51.3141,5.4525,0,0.25396,0,220.48,playing,0
51.3302,5.4525,0,0.25396,0,219.71,playing,0
51.3458,5.4525,0,0.21567,0,219.22,playing,0
51.3624,2.6213,0,0.21567,0,219.02,playing,0
51.3779,2.6213,0,0.21567,0,219.1,playing,0
51.3945,2.6213,0,0.2686,0,219.46,playing,0
51.4116,-0.5913,0,0.2686,0,220.16,playing,0
51.4286,-0.5913,0,0.28993,0,221.18,playing,0
51.4457,-1.8478,0,0.28993,0,222.51,playing,0
51.4618,-1.8478,0,0.28097,0,224.17,playing,0
51.4779,-1.8478,0,0.28097,0,226.01,playing,0
51.494,-3.0554,0,0.28097,0,228.13,playing,0
51.5095,-3.0554,0,0.34397,0,230.53,playing,0
51.5266,-3.0554,0,0.34397,0,233.21,playing,0
51.5428,-3.1307,0,0.28003,0,236.38,playing,0
51.5594,-3.1307,0,0.28003,0,239.64,playing,0
51.5755,-3.1307,0,0.30125,0,243.43,playing,0
51.5921,-3.0527,0,0.30125,0,247.27,playing,0
51.6086,-3.0527,0,0.30125,0,251.4,playing,0
51.6237,-3.0527,0,0.30337,0,255.81,playing,0
51.6397,-2.7955,0,0.30337,0,260.5,playing,0
51.657,-2.7955,0,0.30337,0,265.47,playing,0
51.6729,-15.4257,0,0.31872,0,271.07,playing,0
51.6894,-15.4257,0,0.31872,0,276.62,playing,0
51.7065,-15.4257,0,0.35574,0,282.84,playing,0
51.7226,-28.8194,1,0.35574,0,289.37,playing,0
51.7386,-28.8194,0,0.30027,0,283.42,playing,0
51.7548,-28.8194,0,0.30027,0,277.74,playing,0
51.7709,-12.2072,0,0.30027,0,272.34,playing,0
51.7868,-12.2072,0,0.1793,0,267.23,playing,0
51.8028,-12.2072,0,0.1793,0,262.4,playing,0
51.8186,17.0671,0,0.23352,1,257.85,playing,0
51.8353,17.0671,0,0.23352,0,253.58,playing,0
51.8515,18.7303,0,0.23352,0,249.59,playing,0
51.8698,18.7303,0,0.23352,0,245.67,playing,0
51.884,18.7303,0,0.23352,0,242.27,playing,0
51.9002,15.9654,0,0.23414,0,239.14,playing,0
51.9157,15.9654,0,0.23414,0,236.3,playing,0
51.9321,15.9654,0,0.25082,0,233.74,playing,0
51.9482,10.0582,0,0.25082,0,231.46,playing,0
51.9638,10.0582,0,0.25082,0,229.46,playing,0
51.9798,10.0582,0,0.22322,0,227.74,playing,0
51.9963,7.2393,0,0.22322,0,226.31,playing,0
52.0134,7.2393,0,0.27759,0,225.1,playing,0
52.0322,3.6582,0,0.27759,0,224.21,playing,0
52.0481,3.6582,0,0.27759,0,223.64,playing,0
52.0631,3.6582,0,0.28169,0,223.38,playing,0
52.0799,1.7205,0,0.28169,0,223.41,playing,0
52.0959,1.7205,0,0.25019,0,223.75,playing,0
52.1125,1.7205,0,0.25019,0,224.36,playing,0
52.1296,-0.5851,0,0.33384,0,225.32,playing,0
52.1453,-0.5851,0,0.33384,0,226.51,playing,0
52.1619,-0.5851,0,0.33384,0,228.09,playing,0
52.1774,0.2305,0,0.33384,0,229.86,playing,0
52.1943,0.2305,0,0.31543,0,231.91,playing,0
52.2119,-1.5321,0,0.31543,0,234.24,playing,0
52.2266,-1.5321,0,0.31543,0,237.03,playing,0
52.2437,-1.5321,0,0.31543,0,239.94,playing,0
52.2604,-2.3292,0,0.26504,0,243.36,playing,0
52.2771,-2.3292,0,0.26504,0,247.09,playing,0
52.2952,-2.3292,0,0.26504,0,250.88,playing,0
52.3128,-2.6333,0,0.29109,0,255.78,playing,0
52.3284,-2.6333,0,0.29109,0,260.19,playing,0
52.3456,-2.9919,0,0.29109,0,265.19,playing,0
52.3624,-2.9919,0,0.30379,0,270.51,playing,0
52.3794,-2.9919,0,0.30379,0,276.14,playing,0
52.396,-20.219,1,0.28448,0,282.1,playing,0
52.4127,-20.219,0,0.28448,0,276.14,playing,0
52.429,-20.219,0,0.28448,0,270.13,playing,0
52.4455,-27.2888,0,0.28352,0,264.75,playing,0
52.4617,-27.2888,0,0.28352,0,259.35,playing,0
52.4782,-27.2888,0,0.20926,0,254.56,playing,0
52.4943,-20.3181,0,0.20926,0,250.04,playing,0
52.5104,-20.3181,0,0.20926,0,245.81,playing,0
52.5265,4.3679,0,0.20926,0,241.63,playing,0
52.5429,4.3679,0,0.20926,0,237.98,playing,0
52.5595,4.3679,0,0.25872,1,234.6,playing,0
52.5756,12.5953,0,0.25872,0,231.34,playing,0
52.5917,12.5953,0,0.25872,0,228.55,playing,0
52.6081,12.5953,0,0.21548,0,226.04,playing,0
52.6243,10.1323,0,0.21548,0,223.81,playing,0
52.6409,10.1323,0,0.23163,0,221.77,playing,0
52.657,10.1323,0,0.23163,0,220.12,playing,0
52.6731,6.9308,0,0.26702,0,218.75,playing,0
52.6891,6.9308,0,0.26702,0,217.67,playing,0
52.7056,5.1785,0,0.27717,0,216.87,playing,0
52.7217,5.1785,0,0.27717,0,216.34,playing,0
52.7387,5.1785,0,0.27717,0,216.12,playing,0
52.7552,1.8662,0,0.25825,0,216.2,playing,0
52.7712,1.8662,0,0.25825,0,216.56,playing,0
52.7868,1.8662,0,0.26587,0,217.2,playing,0
52.8027,-0.3419,0,0.26587,0,218.12,playing,0
52.8193,-0.3419,0,0.28445,0,219.33,playing,0
52.8364,-0.3419,0,0.28445,0,220.93,playing,0
52.853,-0.1398,0,0.28445,0,222.84,playing,0
52.8696,-0.1398,0,0.28883,0,224.93,playing,0
52.8857,-0.7306,0,0.28883,0,227.46,playing,0
52.9027,-0.7306,0,0.28883,0,230.13,playing,0
52.9188,-0.7306,0,0.28883,0,233.28,playing,0
52.9359,-2.4443,0,0.28883,0,236.52,playing,0
52.952,-2.4443,0,0.26885,0,240.29,playing,0
52.9681,-2.4443,0,0.26885,0,244.12,playing,0
52.9837,-3.346,0,0.28829,0,248.23,playing,0
52.9997,-3.346,0,0.28829,0,252.62,playing,0
53.0158,-3.346,0,0.25446,0,257.29,playing,0
53.0319,-13.8501,0,0.25446,0,262.24,playing,0
53.048,-13.8501,0,0.25446,0,267.48,playing,0
53.0641,-13.8501,0,0.27008,0,272.99,playing,0
53.0802,-27.5462,1,0.27008,0,278.79,playing,0
53.0962,-27.5462,0,0.2628,0,272.83,playing,0
53.1123,-25.0595,0,0.2628,0,267.16,playing,0
53.1283,-25.0595,0,0.2628,0,261.76,playing,0
53.1454,-25.0595,0,0.23159,0,256.35,playing,0
53.1621,-5.8662,0,0.23159,0,251.25,playing,0
53.1782,-5.8662,0,0.23159,0,246.73,playing,0
53.1938,-5.8662,0,0.21319,0,242.5,playing,0
53.2099,9.9762,0,0.21319,0,238.55,playing,0
53.2265,9.9762,0,0.21319,0,234.88,dead,0
53.243,9.9762,0,0.21319,0,231.3,dead,0
53.2596,25.5209,0,0.21319,1,228.21,dead,0
53.2766,25.5209,0,0.27543,0,225.24,dead,0
53.2936,21.5461,0,0.27543,0,222.6,dead,0
53.3104,21.5461,0,0.23012,0,220.27,dead,0
53.3265,21.5461,0,0.23012,0,218.26,dead,0
53.3435,11.9148,0,0.2669,0,216.64,dead,0
53.3605,11.9148,0,0.2669,0,215.25,dead,0
53.3771,11.9148,0,0.2669,0,214.17,dead,0
53.3933,7.7851,0,0.21434,0,213.44,dead,0
53.4104,7.7851,0,0.21434,0,212.98,dead,0
53.4269,4.6621,0,0.22635,0,212.84,dead,0
53.4435,4.6621,0,0.22635,0,212.99,dead,0
53.46,4.6621,0,0.25349,0,213.47,dead,0
53.4758,0.3741,0,0.25349,0,214.2,dead,0
53.4914,0.3741,0,0.25349,0,215.21,dead,0
53.5079,0.3741,0,0.28544,0,216.5,dead,0
53.5244,-1.0445,0,0.28544,0,218.08,dead,0
53.5415,-1.0445,0,0.26961,0,220.07,dead,0
53.5575,-1.0445,0,0.26961,0,222.37,dead,0
53.5746,-2.4852,0,0.26961,0,224.83,dead,0
53.5911,-2.4852,0,0.29593,0,227.76,dead,0
53.6072,-2.8661,0,0.29593,0,230.79,dead,0
53.6233,-2.8661,0,0.30248,0,234.11,dead,0
53.6403,-2.8661,0,0.30248,0,237.95,dead,0
53.6564,-3.5974,0,0.30248,0,241.85,dead,0
53.6729,-3.5974,0,0.27678,0,246.31,dead,0
53.6885,-3.5974,0,0.27678,0,250.78,dead,0
53.7045,-4.6794,0,0.27667,0,255.54,dead,0
53.721,-4.6794,0,0.27667,0,260.59,dead,0
53.7376,-4.6794,0,0.32349,0,265.91,dead,0
53.8782,-4.6794,0,0.32349,0,271.88,dead,0
53.8875,-28.9891,1,0.31098,0,277.79,dead,0
53.9046,-10.9179,0,0.31098,0,285.0,playing,0
53.9208,14.4924,0,0.23685,0,278.69,playing,0
53.9369,14.4924,0,0.23685,0,273.03,playing,0
53.9531,14.4924,0,0.2909,0,267.65,playing,0
53.9686,24.8853,0,0.2909,0,262.56,playing,0
53.9854,24.8853,0,0.25417,0,257.74,playing,0
54.0025,24.8853,0,0.20694,0,252.94,playing,0
54.0195,20.6639,0,0.20694,0,248.46,playing,0
54.0361,20.6639,0,0.27523,1,244.3,playing,0
54.0523,20.6639,0,0.27523,0,240.67,playing,0
54.0693,16.1932,0,0.21849,0,237.12,playing,0
54.0849,16.1932,0,0.25372,0,234.07,playing,0
54.1006,11.8643,0,0.25372,0,231.3,playing,0
54.1167,11.8643,0,0.29119,0,228.8,playing,0
54.1333,11.8643,0,0.29119,0,226.59,playing,0
54.1499,4.7304,0,0.27318,0,224.56,playing,0
54.1666,4.7304,0,0.27318,0,222.94,playing,0
54.1832,4.7304,0,0.25049,0,221.52,playing,0
54.2014,1.8796,0,0.25049,0,220.43,playing,0
54.2182,1.8796,0,0.29307,0,219.63,playing,0
54.2337,1.8796,0,0.29307,0,219.19,playing,0
54.2501,-1.7144,0,0.304,0,219.04,playing,0
54.2659,-1.7144,0,0.304,0,219.17,playing,0
54.2826,-2.5015,0,0.29109,0,219.59,playing,0
54.2994,-2.5015,0,0.29109,0,220.34,playing,0
54.316,-2.5015,0,0.30582,0,221.42,playing,0
54.332,-3.4893,0,0.30582,0,222.71,playing,0
54.3476,-3.4893,0,0.3137,0,224.29,playing,0
54.3647,-3.4893,0,0.3137,0,226.14,playing,0
54.3816,-3.4893,0,0.31311,0,228.43,playing,0
54.3977,-3.4893,0,0.31311,0,231.04,playing,0
54.4146,-4.4022,0,0.27719,0,233.78,playing,0
54.4309,-4.4022,0,0.27719,0,237.0,playing,0
54.4466,-4.4022,0,0.29286,0,240.32,playing,0
54.4637,-4.248,0,0.29286,0,243.92,playing,0
54.4805,-4.248,0,0.29407,0,248.06,playing,0
54.4966,-4.248,0,0.29407,0,252.52,playing,0
54.5133,-4.0412,0,0.29745,0,256.99,playing,0
54.5301,-4.0412,0,0.29745,0,262.07,playing,0
54.5463,-4.0412,0,0.29901,0,267.13,playing,0
54.5634,-13.1119,0,0.29901,0,272.82,playing,0
54.5801,-13.1119,0,0.29907,0,278.83,playing,0
54.5962,-29.2622,1,0.29907,0,284.77,playing,0
54.6122,-29.2622,0,0.29907,0,278.81,playing,0
54.6283,-29.2622,0,0.27453,0,273.14,playing,0
54.6447,-26.0684,0,0.27453,0,267.74,playing,0
54.6612,-26.0684,0,0.21293,0,262.33,playing,0
54.6772,-26.0684,0,0.21293,0,257.51,playing,0
54.6925,-26.0684,0,0.22174,1,252.98,playing,0
54.7099,-26.0684,0,0.22174,0,248.73,playing,0
54.7261,-26.0684,0,0.19039,0,244.53,playing,0
54.7421,17.0114,0,0.19039,0,240.86,playing,0
54.7587,17.0114,0,0.20849,0,237.47,playing,0
54.7754,23.6824,0,0.20849,0,234.19,playing,0
54.7926,23.6824,0,0.19959,0,231.22,playing,0
54.8094,23.6824,0,0.24722,0,228.58,playing,0
54.8262,17.4043,0,0.24722,0,226.25,playing,0
54.842,17.4043,0,0.21086,0,224.34,playing,0
54.8578,17.4043,0,0.21086,0,222.71,playing,0
54.8745,14.2516,0,0.30047,0,221.36,playing,0
54.8915,14.2516,0,0.30047,0,220.25,playing,0
54.9082,14.2516,0,0.25073,0,219.45,playing,0
54.9242,7.8308,0,0.25073,0,218.99,playing,0
54.941,7.8308,0,0.25073,0,218.81,playing,0
54.9569,4.6963,0,0.28443,0,218.92,playing,0
54.973,4.6963,0,0.28443,0,219.32,playing,0
54.9892,4.6963,0,0.27748,0,219.99,playing,0
55.0054,3.0978,0,0.27748,0,220.95,playing,0
55.0222,3.0978,0,0.30024,0,222.29,playing,0
55.0384,3.0978,0,0.30024,0,223.83,playing,0
55.0555,-1.0895,0,0.26997,0,225.78,playing,0
55.0718,-1.0895,0,0.26997,0,228.05,playing,0
55.0876,-1.0895,0,0.29658,0,230.47,playing,0
55.1037,-1.6164,0,0.29658,0,233.17,playing,0
55.1204,-1.6164,0,0.31054,0,236.15,playing,0
55.1374,-2.7136,0,0.31054,0,239.64,playing,0
55.1544,-2.7136,0,0.29407,0,243.44,playing,0
55.1713,-2.7136,0,0.29407,0,247.57,playing,0
55.1884,-2.9197,0,0.2974,0,252.01,playing,0
55.2049,-2.9197,0,0.2974,0,256.77,playing,0
55.221,-2.9197,0,0.28551,0,261.53,playing,0
55.2372,-3.425,0,0.28551,0,266.57,playing,0
55.2538,-3.425,0,0.32374,0,272.24,playing,0
55.2709,-7.125,0,0.32374,0,277.86,playing,0
55.287,-27.1701,1,0.26898,0,284.16,playing,0
55.303,-27.1701,0,0.26898,0,278.2,playing,0
55.3191,-28.4148,0,0.26898,0,272.52,playing,0
55.3346,-28.4148,0,0.27032,0,267.13,playing,0
55.3506,-28.4148,0,0.27032,0,262.01,playing,0
55.3671,-11.7026,0,0.17703,0,257.18,playing,0
55.3834,-11.7026,0,0.17703,0,252.63,playing,0
55.4,-11.7026,0,0.1923,0,248.11,playing,0
55.4161,-5.014,0,0.22278,1,244.14,playing,0
55.4322,-5.014,0,0.22278,0,240.46,playing,0
55.448,-5.014,0,0.24249,0,237.05,playing,0
55.4646,16.8012,0,0.24249,0,233.92,playing,0
55.4813,16.8012,0,0.21872,0,230.92,playing,0
55.4973,25.6964,0,0.21872,0,228.38,playing,0
55.5144,25.6964,0,0.23868,0,225.99,playing,0
55.5302,25.6964,0,0.23868,0,224.03,playing,0
55.5458,19.02,0,0.22075,0,222.35,playing,0
55.5619,19.02,0,0.22075,0,220.95,playing,0
55.5777,19.02,0,0.23259,0,219.83,playing,0
55.5948,10.667,0,0.23259,0,218.99,playing,0
55.6118,10.667,0,0.25379,0,218.42,playing,0
55.6285,10.667,0,0.25379,0,218.17,playing,0
55.645,7.9369,0,0.25379,0,218.23,playing,0
55.6607,7.9369,0,0.24296,0,218.58,playing,0
55.6772,4.4794,0,0.24296,0,219.2,playing,0
55.6932,4.4794,0,0.27238,0,220.1,playing,0
55.7095,4.4794,0,0.27238,0,221.29,playing,0
55.7258,0.6547,0,0.27736,0,222.87,playing,0
55.7425,0.6547,0,0.27736,0,224.64,playing,0
55.7592,0.6547,0,0.29833,0,226.84,playing,0
55.7753,-1.1878,0,0.29833,0,229.18,playing,0
55.7914,-1.1878,0,0.28513,0,231.81,playing,0
55.8085,-1.1878,0,0.28513,0,234.93,playing,0
55.8252,-3.3887,0,0.30516,0,238.36,playing,0
55.8411,-3.3887,0,0.30516,0,241.87,playing,0
55.8574,-3.7305,0,0.26888,0,245.66,playing,0
55.874,-3.7305,0,0.26888,0,250.01,playing,0
55.8896,-3.7305,0,0.28443,0,254.38,playing,0
55.9063,-7.8975,0,0.28443,0,259.03,playing,0
55.9217,-7.8975,0,0.28395,0,263.97,playing,0
55.9388,-7.8975,0,0.28395,0,269.19,playing,0
55.9548,-19.6045,0,0.28922,0,275.05,playing,0
55.9714,-19.6045,0,0.28922,0,280.85,playing,0
55.9883,-19.6045,0,0.25015,0,287.33,playing,0
56.0045,-28.777,1,0.25015,0,293.71,playing,0
56.0206,-28.777,0,0.25015,0,287.39,playing,0
56.0371,-13.9185,0,0.24619,0,281.73,playing,0
56.0542,-13.9185,0,0.2221,0,276.36,playing,0
56.0717,-13.9185,0,0.2221,0,270.66,playing,0
56.0877,11.1141,0,0.17846,0,265.6,playing,0
56.1046,11.1141,0,0.17846,0,261.12,playing,0
56.1207,11.1141,0,0.25825,1,256.68,playing,0
56.1373,18.7248,0,0.25825,0,252.78,playing,0
56.1534,18.7248,0,0.21461,0,249.17,playing,0
56.1704,15.8153,0,0.21461,0,245.64,playing,0
56.187,15.8153,0,0.26266,0,242.43,playing,0
56.2031,15.8153,0,0.26266,0,239.69,playing,0
56.2193,12.3236,0,0.24244,0,237.24,playing,0
56.2361,12.3236,0,0.24244,0,234.95,playing,0
56.252,12.3236,0,0.26634,0,233.07,playing,0
56.2683,8.7961,0,0.26634,0,231.48,playing,0
56.2842,8.7961,0,0.29517,0,230.17,playing,0
56.3,8.7961,0,0.29517,0,229.14,playing,0
56.3158,3.1493,0,0.3003,0,228.39,playing,0
56.3318,3.1493,0,0.3003,0,227.92,playing,0
56.3479,3.1493,0,0.3003,0,227.73,playing,1
56.3639,0.1625,0,0.3003,0,227.83,playing,1
56.3801,0.1625,0,0.27381,0,228.21,playing,1
56.3972,-0.5866,0,0.28633,0,228.93,playing,1
56.4133,-0.5866,0,0.28633,0,229.89,playing,1
56.4293,-0.5866,0,0.24293,0,231.13,playing,1
56.4461,-1.4673,0,0.24293,0,232.76,playing,1
56.462,-1.4673,0,0.27328,0,234.58,playing,1
56.4778,-1.4673,0,0.27328,0,236.68,playing,1
56.4944,-2.4143,0,0.27764,0,239.07,playing,1
56.5113,-2.4143,0,0.27764,0,241.92,playing,1
56.5282,-2.4143,0,0.30878,0,245.09,playing,1
56.5435,-2.6128,0,0.30878,0,248.35,playing,1
56.5602,-2.6128,0,0.3041,0,251.9,playing,1
56.5767,-2.6128,0,0.3041,0,255.72,playing,1
56.5925,-2.6128,0,0.26918,0,260.11,playing,1
56.6092,-2.6128,0,0.26918,0,264.52,playing,1
56.6255,-31.1715,1,0.23529,0,269.21,playing,1
56.6426,-31.1715,0,0.23529,0,262.89,playing,1
56.6598,-31.1715,0,0.21449,0,256.9,playing,1
56.6759,2.407,0,0.21449,0,251.22,playing,1
56.6922,2.407,0,0.20473,0,246.16,playing,1
56.7084,2.407,0,0.20473,0,241.38,playing,1
56.7256,12.0887,0,0.20473,0,236.62,playing,1
56.7422,12.0887,0,0.20432,0,232.18,playing,1
56.7593,18.1757,0,0.20432,0,228.28,playing,1
56.7749,18.1757,0,0.21023,0,224.46,playing,1
56.7912,18.1757,0,0.21023,0,221.14,playing,1
56.8068,15.9457,0,0.23409,1,218.1,playing,1
56.8241,15.9457,0,0.23409,0,215.35,playing,1
56.8405,15.9457,0,0.26406,0,212.74,playing,1
56.8575,12.5213,0,0.30557,0,210.45,playing,1
56.8745,12.5213,0,0.30557,0,208.47,playing,1
56.8916,9.3784,0,0.30905,0,206.82,playing,1
56.9085,9.3784,0,0.30905,0,205.48,playing,1
56.9255,9.3784,0,0.3162,0,204.46,playing,1
56.9422,4.1554,0,0.3162,0,203.76,playing,1
56.9581,4.1554,0,0.29229,0,203.38,playing,1
56.9742,4.1554,0,0.29229,0,203.28,playing,1
56.99,2.1384,0,0.30801,0,203.46,playing,1
57.0063,2.1384,0,0.30801,0,203.93,playing,1
57.0233,2.1384,0,0.30538,0,204.74,playing,1
57.0396,-2.211,0,0.30538,0,205.79,playing,1
57.056,-2.211,0,0.30538,0,207.22,playing,1
57.0723,-3.0176,0,0.29524,0,208.84,playing,1
57.0892,-3.0176,0,0.29524,0,210.89,playing,1
57.1049,-3.0176,0,0.29524,0,213.1,playing,1
57.121,-3.3216,0,0.29524,0,215.59,playing,1
57.1371,-3.3216,0,0.32636,0,218.36,playing,1
57.1529,-3.3216,0,0.32636,0,221.41,playing,1
57.1697,-19.3553,0,0.26894,0,224.75,playing,1
57.1866,-19.3553,0,0.26894,0,228.61,playing,1
57.2027,-19.3553,0,0.2655,0,232.79,playing,1
57.219,-31.3536,1,0.2655,0,237.0,playing,1
57.2357,-31.3536,0,0.23824,0,231.04,playing,1
57.2521,-17.8985,0,0.23824,0,225.03,playing,1
57.2688,-17.8985,0,0.22971,0,219.65,playing,1
57.2848,-17.8985,0,0.22971,0,214.26,playing,1
57.301,-4.5622,0,0.2426,0,209.46,playing,1
57.3171,-4.5622,0,0.2426,0,204.94,playing,1
57.3334,-4.5622,0,0.23357,0,200.71,playing,1
57.3499,15.765,0,0.23357,0,196.53,playing,1
57.3665,15.765,0,0.19549,0,192.88,playing,1
57.3834,15.765,0,0.20275,0,189.31,playing,1
57.3997,22.8997,0,0.20275,0,186.07,playing,1
57.4163,22.8997,0,0.20275,0,183.3,playing,1
57.4329,18.9947,0,0.20275,0,180.67,playing,1
57.4494,18.9947,0,0.21578,0,178.48,playing,1
57.466,18.9947,0,0.21906,0,176.47,playing,1
57.482,10.5364,0,0.21906,0,174.85,playing,1
57.4979,10.5364,0,0.21906,0,173.52,playing,1
57.5146,10.5364,0,0.21906,0,172.43,playing,1
57.5316,7.1229,0,0.26185,1,171.68,playing,1
57.5476,7.1229,0,0.26185,0,171.2,playing,1
57.5645,4.4936,0,0.29808,0,171.04,playing,1
57.5815,1.8387,0,0.29808,0,171.17,playing,1
57.598,1.8387,0,0.26977,0,171.63,playing,1
57.6138,-0.2577,0,0.26977,0,172.34,playing,1
57.6304,-0.2577,0,0.27948,0,173.34,playing,1
57.6475,-0.2577,0,0.27948,0,174.71,playing,1
57.6643,-0.2577,0,0.27736,0,176.4,playing,1
57.6814,-0.2577,0,0.27736,0,178.41,playing,1
57.6984,-0.2577,0,0.26552,0,180.74,playing,1
57.7154,-3.5305,0,0.26552,0,183.38,playing,1
57.7326,-3.5305,0,0.29016,0,186.35,playing,1
57.7491,-3.3155,0,0.29016,0,189.63,playing,1
57.7652,-3.3155,0,0.29016,0,193.0,playing,1
57.7808,-3.3155,0,0.29417,0,196.65,playing,1
57.7969,-3.7165,0,0.29417,0,200.58,playing,1
57.8129,-3.7165,0,0.28041,0,204.8,playing,1
57.8289,-3.7165,0,0.28041,0,209.29,playing,1
57.8454,-3.7165,0,0.28631,0,214.07,playing,1
57.8625,-3.7165,0,0.28631,0,219.46,playing,1
57.8821,-21.9273,1,0.30053,0,225.18,playing,1
57.8964,-31.0961,0,0.30053,0,218.86,playing,1
57.9134,-31.0961,0,0.30053,0,212.87,playing,1
57.93,-28.6633,0,0.30053,0,207.19,playing,1
57.9462,-28.6633,0,0.2266,0,202.13,playing,1
57.9627,-28.6633,0,0.2266,0,197.35,playing,1
57.9788,-13.3023,0,0.1919,0,192.59,playing,1
57.9953,-13.3023,0,0.1919,0,188.4,playing,1
58.0124,-13.3023,0,0.20031,0,184.25,playing,1
58.0295,12.9327,0,0.20031,0,180.43,playing,1
58.0462,12.9327,0,0.20031,0,176.92,playing,1
58.0627,23.5093,0,0.18535,0,173.9,playing,1
58.0788,23.5093,0,0.18535,0,171.01,playing,1
58.0953,23.5093,0,0.26279,1,168.57,playing,1
58.1119,23.2094,0,0.26279,0,166.3,playing,1
58.128,23.2094,0,0.26279,0,164.44,playing,1
58.1441,23.2094,0,0.25137,0,162.87,playing,1
58.1597,19.6998,0,0.25137,0,161.57,playing,1
58.1767,19.6998,0,0.25137,0,160.56,playing,1
58.1928,19.6998,0,0.25137,0,159.8,playing,2
58.2089,11.9688,0,0.25137,0,159.37,playing,2
58.2254,11.9688,0,0.27389,0,159.22,playing,2
58.2416,4.8105,0,0.27389,0,159.38,playing,2
58.2587,4.8105,0,0.25093,0,159.81,playing,2
58.2748,4.8105,0,0.25093,0,160.58,playing,2
58.291,2.3133,0,0.25818,0,161.59,playing,2
58.3076,2.3133,0,0.25818,0,162.89,playing,2
58.3241,2.3133,0,0.25818,0,164.58,playing,2
58.3402,0.2754,0,0.24696,0,166.45,playing,2
58.3557,0.2754,0,0.24696,0,168.61,playing,2
58.3717,0.2754,0,0.26929,0,171.04,playing,2
58.3883,-0.8663,0,0.26929,0,173.76,playing,2
58.4043,-0.8663,0,0.26929,0,176.76,playing,2
58.4214,-1.4141,0,0.28979,0,180.27,playing,2
58.4385,-1.4141,0,0.28979,0,184.09,playing,2
58.4545,-1.4141,0,0.31573,0,188.23,playing,2
58.4706,-3.7461,0,0.31573,0,192.41,playing,2
58.4877,-3.7461,0,0.30537,0,196.87,playing,2
58.5043,-3.7461,0,0.30537,0,201.93,playing,2
58.5213,-3.6469,0,0.30537,0,207.3,playing,2
58.5365,-3.6469,0,0.29335,0,212.65,playing,2
58.5531,-3.6469,0,0.29335,0,218.27,playing,2
58.5686,-3.8147,0,0.2771,0,224.17,playing,2
58.5853,-3.8147,0,0.2771,0,230.36,playing,2
58.6008,-3.5687,0,0.2771,0,236.82,playing,2
58.6168,-3.5687,0,0.28817,0,243.57,playing,2
58.6334,-3.5687,0,0.28817,0,250.6,playing,2
58.6506,-4.1313,0,0.29915,0,258.39,playing,2
58.6666,-4.1313,0,0.29915,0,266.5,playing,2
58.6837,-4.1313,0,0.29915,0,274.41,playing,2
58.6998,-29.4628,1,0.29191,0,283.13,playing,2
58.7164,-29.4628,0,0.29191,0,277.17,playing,2
58.7331,-29.4628,0,0.31401,0,271.16,playing,2
58.7492,-30.4704,0,0.31401,0,265.78,playing,2
58.7658,-30.4704,0,0.23422,0,260.69,playing,2
58.7824,-6.6255,0,0.23422,0,255.59,playing,2
58.7994,-6.6255,0,0.23422,0,250.81,playing,2
58.8165,-6.6255,0,0.23385,0,246.35,playing,2
58.833,12.8755,0,0.23385,0,242.21,playing,2
58.8491,12.8755,0,0.21751,0,238.59,playing,2
58.8651,12.8755,0,0.21751,0,235.25,playing,2
58.8812,23.1477,0,0.21751,0,232.2,playing,2
58.8974,23.1477,0,0.21751,0,229.43,playing,2
58.9144,22.5279,0,0.21751,0,226.8,playing,2
58.9307,19.3252,0,0.25421,1,224.49,playing,2
58.9478,19.3252,0,0.25421,0,222.59,playing,2
58.9643,15.4435,0,0.22011,0,220.9,playing,2
58.9809,15.4435,0,0.22011,0,219.53,playing,2
58.9974,15.4435,0,0.22011,0,218.51,playing,2
59.0135,8.8873,0,0.21214,0,217.75,playing,2
59.0304,8.8873,0,0.21214,0,217.32,playing,2
59.0464,8.8873,0,0.22731,0,217.17,playing,2
59.0627,5.9113,0,0.22731,0,217.33,playing,2
59.0797,5.9113,0,0.29791,0,217.76,playing,2
59.0964,3.3527,0,0.29791,0,218.54,playing,2
59.1132,3.3527,0,0.29791,0,219.63,playing,2
59.1292,3.3527,0,0.29791,0,220.94,playing,2
59.1448,-0.5142,0,0.28756,0,222.53,playing,2
59.1608,-0.5142,0,0.28756,0,224.4,playing,2
59.1773,-0.5142,0,0.28756,0,226.56,playing,2
59.1929,-1.652,0,0.28756,0,229.0,playing,2
59.209,-1.652,0,0.28756,0,231.72,playing,2
59.225,-1.652,0,0.30206,0,234.72,playing,2
59.2411,-3.2192,0,0.30206,0,238.0,playing,2
59.2566,-3.2192,0,0.28976,0,241.56,playing,2
59.2737,-3.2192,0,0.28976,0,245.4,playing,2
59.2907,-3.7513,0,0.27815,0,249.81,playing,2
59.3078,-3.7513,0,0.27815,0,254.53,playing,2
59.324,-3.8786,0,0.27815,0,259.57,playing,2
59.3396,-3.8786,0,0.29782,0,264.59,playing,2
59.3557,-3.8786,0,0.29782,0,269.9,playing,2
59.3724,-31.9334,1,0.29972,0,275.48,playing,2
59.3894,-31.9334,0,0.29972,0,269.17,playing,2
59.4055,-31.9334,0,0.29972,0,263.18,playing,2
59.4216,-25.0578,0,0.2959,0,257.82,playing,2
59.4381,-25.0578,0,0.2959,0,252.74,playing,2
59.4537,-10.9494,0,0.27668,0,247.94,playing,2
59.4703,11.2543,0,0.27668,0,243.43,playing,2
59.4859,11.2543,0,0.27668,0,239.19,playing,2
59.502,17.3062,0,0.2352,0,235.24,playing,2
59.5186,17.3062,0,0.2352,0,231.57,playing,2
59.5357,17.3062,0,0.22756,0,227.99,playing,2
59.5518,16.5683,0,0.22756,0,224.73,playing,2
59.5678,16.5683,0,0.23007,0,221.94,playing,2
59.5839,16.5683,0,0.23007,0,219.43,playing,2
59.6,10.9084,0,0.23007,0,217.2,playing,2
59.6155,10.9084,0,0.20839,0,215.25,playing,2
59.6327,10.9084,0,0.20839,0,213.59,playing,2
59.6498,8.3458,0,0.20839,1,212.14,playing,2
59.6664,8.3458,0,0.23497,0,211.01,playing,2
59.6835,3.4139,0,0.23497,0,210.19,playing,2
59.7006,3.4139,0,0.27716,0,209.7,playing,2
59.7166,3.4139,0,0.27716,0,209.52,playing,2
59.7327,1.7554,0,0.2911,0,209.63,playing,2
59.7498,1.7554,0,0.2911,0,210.03,playing,2
59.7664,1.7554,0,0.28489,0,210.76,playing,2
59.783,-0.5991,0,0.28489,0,211.82,playing,2
59.7986,-0.5991,0,0.28489,0,213.1,playing,2
59.8146,-1.4949,0,0.27929,0,214.65,playing,2
59.8313,-1.8037,0,0.27929,0,216.49,playing,2
59.8484,-1.8037,0,0.27929,0,218.76,playing,2
59.8654,-2.2628,0,0.30984,0,221.35,playing,2
59.8825,-2.2628,0,0.30984,0,224.26,playing,2
59.899,-2.2628,0,0.30088,0,227.48,playing,2
59.9151,-2.503,0,0.30088,0,230.8,playing,2
59.9313,-2.503,0,0.2843,0,234.4,playing,2
59.9468,-2.503,0,0.2843,0,238.28,playing,2
59.9629,-2.5966,0,0.2843,0,242.44,playing,2
59.979,-2.5966,0,0.30808,0,246.88,playing,2
59.9952,-2.3705,0,0.30808,0,251.61,playing,2
60.0108,-2.3705,0,0.31098,0,256.61,playing,2
60.0268,-2.3705,0,0.31098,0,261.9,playing,2
60.0438,-4.0101,0,0.31098,0,267.47,playing,2
60.0604,-4.0101,0,0.25811,0,273.71,playing,3
60.0769,-4.0101,0,0.25811,0,280.26,playing,3
60.0935,-31.6709,1,0.28888,0,286.71,playing,3
60.1095,-31.6709,0,0.28888,0,280.4,playing,3
60.1262,-31.6709,0,0.3287,0,274.74,playing,3
60.1423,-4.8107,0,0.3287,0,269.36,playing,3
60.1578,-4.8107,0,0.3287,0,264.27,playing,3
60.1739,12.0075,0,0.25473,0,259.45,playing,3
60.1909,12.0075,0,0.25473,0,254.65,playing,3
60.207,12.0075,0,0.21494,0,250.42,playing,3
60.2235,21.6797,0,0.21494,0,246.47,playing,3
60.2401,21.6797,0,0.20203,0,242.59,playing,3
60.2561,21.6797,0,0.20203,0,239.22,playing,3
60.2722,19.3932,0,0.20203,0,236.13,playing,3
60.2878,19.3932,0,0.19726,0,233.32,playing,3
60.3048,19.3932,0,0.19726,0,230.79,playing,3
60.3215,19.3932,0,0.26782,1,228.43,playing,3
60.3385,19.3932,0,0.26782,0,226.38,playing,3
60.3551,15.7838,0,0.19829,0,224.65,playing,3
60.3706,8.444,0,0.19829,0,223.3,playing,3
60.3877,8.444,0,0.19829,0,222.23,playing,3
60.4048,5.6954,0,0.26992,0,221.42,playing,3
60.4208,5.6954,0,0.26992,0,220.92,playing,3
60.4374,5.6954,0,0.26351,0,220.74,playing,3
60.4545,3.0761,0,0.26351,0,220.86,playing,3
60.4716,3.0761,0,0.25903,0,221.3,playing,3
60.4881,3.0761,0,0.25903,0,222.05,playing,3
60.5047,-1.2033,0,0.25903,0,223.05,playing,3
60.5213,-1.2033,0,0.26198,0,224.42,playing,3
