time_s,eeg_amplitude_uv,eeg_blink,cv_ear,cv_blink,bird_y,game_state,score
0.0014,0.0,0,1.0,0,285.0,waiting,0
0.0174,0.0,0,1.0,0,294.95,waiting,0
0.0345,0.0,0,1.0,0,294.58,waiting,0
0.0511,0.0,0,1.0,0,294.16,waiting,0
0.067,0.0,0,1.0,0,293.73,waiting,0
0.0835,0.0,0,1.0,0,293.28,waiting,0
0.0997,0.0,0,1.0,0,292.77,waiting,0
0.1163,0.0,0,1.0,0,292.28,waiting,0
0.1329,0.0,0,1.0,0,291.72,waiting,0
0.1484,0.0,0,1.0,0,291.18,waiting,0
0.165,0.0,0,1.0,0,290.63,waiting,0
0.1808,0.0,0,1.0,0,290.05,waiting,0
0.1973,0.0,0,1.0,0,289.47,waiting,0
0.2143,0.0,0,1.0,0,288.83,waiting,0
0.2313,0.0,0,1.0,0,288.18,waiting,0
0.2479,0.0,0,1.0,0,287.52,waiting,0
0.2634,0.0,0,1.0,0,286.89,waiting,0
0.2804,0.0,0,1.0,0,286.26,waiting,0
0.2969,0.0,0,1.0,0,285.58,waiting,0
0.3133,0.0,0,1.0,0,284.94,waiting,0
0.33,0.0,0,1.0,0,284.26,waiting,0
0.3457,0.0,0,1.0,0,283.62,waiting,0
0.3623,0.0,0,1.0,0,282.99,waiting,0
0.3788,0.0,0,1.0,0,282.32,waiting,0
0.3954,0.0,0,1.0,0,281.7,waiting,0
0.4117,0.0,0,1.0,0,281.05,waiting,0
0.4282,0.0,0,1.0,0,280.45,waiting,0
0.4436,0.0,0,1.0,0,279.83,waiting,0
0.4603,0.0,0,1.0,0,279.3,waiting,0
0.4767,0.0,0,1.0,0,278.71,waiting,0
0.4932,0.0,0,1.0,0,278.17,waiting,0
0.51,0.0,0,1.0,0,277.62,waiting,0
0.5255,0.0,0,1.0,0,277.13,waiting,0
0.5424,0.0,0,1.0,0,276.66,waiting,0
0.5589,0.0,0,1.0,0,276.18,waiting,0
0.5745,0.0,0,1.0,0,275.76,waiting,0
0.591,0.0,0,1.0,0,275.37,waiting,0
0.6066,0.0,0,1.0,0,275.0,waiting,0
0.6231,0.0,0,1.0,0,274.66,waiting,0
0.639,0.0,0,1.0,0,274.35,waiting,0
0.6547,0.0,0,1.0,0,274.07,waiting,0
0.6705,0.0,0,1.0,0,273.82,waiting,0
0.687,0.0,0,0.33633,0,273.61,waiting,0
0.703,0.0,0,0.33633,0,273.42,waiting,0
0.7191,0.0,0,0.33657,0,273.27,waiting,0
0.7351,0.0,0,0.33657,0,273.15,waiting,0
0.7512,0.0,0,0.31628,0,273.06,waiting,0
0.7683,0.0,0,0.27923,0,273.01,waiting,0
0.7851,0.0,0,0.27923,0,273.0,waiting,0
0.8007,0.0,0,0.28325,0,273.02,waiting,0
0.8177,0.0,0,0.31281,0,273.08,waiting,0
0.8342,0.0,0,0.31281,0,273.18,waiting,0
0.8508,0.0,0,0.29039,0,273.31,waiting,0
0.8668,0.0,0,0.29039,0,273.47,waiting,0
0.8828,0.0,0,0.30917,0,273.66,waiting,0
0.8984,0.0,0,0.30917,0,273.89,waiting,0
0.9154,0.0,0,0.30917,0,274.15,waiting,0
0.9325,0.0,0,0.30248,0,274.46,waiting,0
0.9492,0.0,0,0.30248,0,274.8,waiting,0
0.9652,0.0,0,0.29823,0,275.17,waiting,0
0.9823,0.0,0,0.29823,0,275.55,waiting,0
0.9998,0.0,0,0.31239,0,275.99,waiting,0
1.0158,0.0,0,0.31239,0,276.45,waiting,0
1.0324,0.0,0,0.31153,0,276.91,waiting,0
1.0494,0.0,0,0.31153,0,277.43,waiting,0
1.0657,0.0,0,0.32241,0,277.97,waiting,0
1.0819,0.0,0,0.32241,0,278.49,waiting,0
1.0974,0.0,0,0.31121,0,279.04,waiting,0
1.1144,0.0,0,0.31121,0,279.6,waiting,0
1.131,0.0,0,0.33096,0,280.22,waiting,0
1.1471,0.0,0,0.33096,0,280.81,waiting,0
1.1633,0.0,0,0.31435,0,281.46,waiting,0
1.1803,0.0,0,0.31435,0,282.07,waiting,0
1.1969,0.0,0,0.30166,0,282.74,waiting,0
1.2129,0.0,0,0.30166,0,283.37,waiting,0
1.2286,0.0,0,0.33699,0,284.0,waiting,0
1.2447,0.0,0,0.30915,0,284.64,waiting,0
1.2606,0.0,0,0.30915,0,285.28,waiting,0
1.2768,0.0,0,0.30915,0,285.92,waiting,0
1.2931,0.0,0,0.30915,0,286.56,waiting,0
1.3095,0.0,0,0.34394,0,287.23,waiting,0
1.3262,0.0,0,0.34394,0,287.86,waiting,0
1.3417,0.0,0,0.33056,0,288.51,waiting,0
1.3577,0.0,0,0.31242,0,289.08,waiting,0
1.3734,0.0,0,0.31242,0,289.68,waiting,0
1.3903,0.0,0,0.31242,0,290.26,waiting,0
1.4063,0.0,0,0.34408,0,290.86,waiting,0
1.4234,0.0,0,0.33787,0,291.41,waiting,0
1.4395,0.0,0,0.33787,0,291.98,waiting,0
1.4556,0.0,0,0.33392,0,292.49,waiting,0
1.4713,0.0,0,0.33392,0,292.98,waiting,0
1.4884,0.0,0,0.33392,0,293.44,waiting,0
1.5057,0.0,0,0.33768,0,293.91,waiting,0
1.5215,0.0,0,0.33768,0,294.35,waiting,0
1.5382,0.0,0,0.30629,0,294.74,waiting,0
1.5551,0.0,0,0.30629,0,295.12,waiting,0
1.571,0.0,0,0.31483,0,295.45,waiting,0
1.5868,0.0,0,0.31483,0,295.75,waiting,0
1.6031,0.0,0,0.31746,0,296.02,waiting,0
1.619,0.0,0,0.31746,0,296.26,waiting,0
1.6355,0.0,0,0.31746,0,296.46,waiting,0
1.6521,0.0,0,0.31746,0,296.65,waiting,0
1.6687,0.0,0,0.32881,0,296.79,waiting,0
1.6848,0.0,0,0.32881,0,296.89,waiting,0
1.7011,0.0,0,0.32881,0,296.96,waiting,0
1.717,0.0,0,0.3207,0,297.0,waiting,0
1.7326,0.0,0,0.30303,0,297.0,waiting,0
1.7488,0.0,0,0.30303,0,296.96,waiting,0
1.7648,0.0,0,0.32346,0,296.89,waiting,0
1.7809,0.0,0,0.32346,0,296.79,waiting,0
1.7967,0.0,0,0.30323,0,296.66,waiting,0
1.8129,0.0,0,0.30323,0,296.49,waiting,0
1.8287,0.0,0,0.33917,0,296.29,waiting,0
1.8449,0.0,0,0.33917,0,296.06,waiting,0
1.8609,0.0,0,0.27137,0,295.79,waiting,0
1.8773,0.0,0,0.27137,0,295.5,waiting,0
1.8939,0.0,0,0.31529,0,295.15,waiting,0
1.91,0.0,0,0.31529,0,294.79,waiting,0
1.9261,0.0,0,0.31529,0,294.41,waiting,0
1.9432,0.0,0,,0,293.97,waiting,0
1.9598,0.0,0,,0,293.51,waiting,0
1.9755,0.0,0,,0,293.04,waiting,0
1.9916,0.0,0,,0,292.56,waiting,0
2.0079,0.0,0,,0,292.05,waiting,0
2.0238,0.0,0,,0,291.52,waiting,0
2.0404,0.0,0,,0,290.98,waiting,0
2.0574,0.0,0,0.32938,0,290.38,waiting,0
2.0744,0.0,0,0.32938,0,289.76,waiting,0
2.0903,0.0,0,0.32938,0,289.13,waiting,0
2.1071,0.0,0,0.31363,0,288.52,waiting,0
2.1226,0.0,0,0.31363,0,287.91,waiting,0
2.1386,0.0,0,0.3053,0,287.28,waiting,0
2.1547,0.0,0,0.30655,0,286.65,waiting,0
2.1705,0.0,0,0.30655,0,286.01,waiting,0
2.1875,0.0,0,0.30655,0,285.38,waiting,0
2.2041,0.0,0,0.32111,0,284.7,waiting,0
2.2197,0.0,0,0.32111,0,284.02,waiting,0
2.2363,0.0,0,0.30958,0,283.42,waiting,0
2.2534,0.0,0,0.30958,0,282.75,waiting,0
2.2695,0.0,0,0.30206,0,282.09,waiting,0
2.2863,0.0,0,0.30206,0,281.47,waiting,0
2.3027,0.0,0,0.33607,0,280.82,waiting,0
2.3188,0.0,0,0.33607,0,280.23,waiting,0
2.3354,0.0,0,0.33607,0,279.65,waiting,0
2.352,0.0,0,0.31864,0,279.05,waiting,0
2.3685,0.0,0,0.31864,0,278.5,waiting,0
2.3856,0.0,0,0.29315,0,277.94,waiting,0
2.4023,0.0,0,0.29315,0,277.4,waiting,0
2.4193,0.0,0,0.29315,0,276.89,waiting,0
2.4355,0.0,0,0.32252,0,276.4,waiting,0
2.4525,0.0,0,0.32252,0,275.97,waiting,0
2.4691,0.0,0,0.32215,0,275.54,waiting,0
2.4848,0.0,0,0.32215,0,275.13,waiting,0
2.5013,0.0,0,0.35418,0,274.8,waiting,0
2.5184,0.0,0,0.35418,0,274.46,waiting,0
2.535,0.0,0,0.35418,0,274.15,waiting,0
2.5516,0.0,0,0.33165,0,273.88,waiting,0
2.5682,0.0,0,0.33165,0,273.66,waiting,0
2.5837,0.0,0,0.30892,0,273.45,waiting,0
2.6003,0.0,0,0.30892,0,273.3,waiting,0
2.6169,0.0,0,0.31699,0,273.17,waiting,0
2.633,0.0,0,0.31699,0,273.08,waiting,0
2.6492,0.0,0,0.31699,0,273.02,waiting,0
2.6653,0.0,0,0.32207,0,273.0,waiting,0
2.6824,0.0,0,0.32207,0,273.01,waiting,0
2.6991,0.0,0,0.31049,0,273.07,waiting,0
2.7147,0.0,0,0.31049,0,273.16,waiting,0
2.7308,0.0,0,0.30334,0,273.27,waiting,0
2.7476,0.0,0,0.30334,0,273.42,waiting,0
2.7638,0.0,0,0.33361,0,273.61,waiting,0
2.7803,0.0,0,0.33361,0,273.83,waiting,0
2.7969,0.0,0,0.33361,0,274.1,waiting,0
2.8131,0.0,0,0.31215,0,274.38,waiting,0
2.8287,0.0,0,0.31215,0,274.72,waiting,0
2.8448,0.0,0,,0,275.04,waiting,0
2.861,0.0,0,,0,275.41,waiting,0
2.8776,0.0,0,,0,275.81,waiting,0
2.8941,0.0,0,,0,276.26,waiting,0
2.9107,0.0,0,0.26761,0,276.71,waiting,0
2.9272,0.0,0,0.26761,0,277.21,waiting,0
2.9443,0.0,0,0.30894,0,277.74,waiting,0
2.9609,0.0,0,0.30894,0,278.29,waiting,0
2.9769,0.0,0,0.30894,0,278.83,waiting,0
2.993,0.0,0,0.35118,0,279.39,waiting,0
3.0086,0.0,0,0.35118,0,279.97,waiting,0
3.0252,0.0,0,0.32268,0,280.55,waiting,0
3.0418,0.0,0,0.32268,0,281.19,waiting,0
3.0574,0.0,0,0.32268,0,281.8,waiting,0
3.0735,0.0,0,0.33629,0,282.43,waiting,0
3.09,0.0,0,0.33629,0,283.05,waiting,0
3.1061,0.0,0,,0,283.69,waiting,0
3.1217,0.0,0,,0,284.37,waiting,0
3.1377,0.0,0,,0,284.97,waiting,0
3.1544,0.0,0,,0,285.61,waiting,0
3.1711,0.0,0,,0,286.28,waiting,0
3.1866,0.0,0,,0,286.96,waiting,0
3.2032,0.0,0,,0,287.55,waiting,0
3.2198,0.0,0,,0,288.21,waiting,0
3.2363,0.0,0,,0,288.82,waiting,0
3.253,0.0,0,,0,289.46,waiting,0
3.2691,0.0,0,,0,290.04,waiting,0
3.2846,0.0,0,0.31825,0,290.65,waiting,0
3.3012,0.0,0,0.31825,0,291.17,waiting,0
3.3179,0.0,0,0.31331,0,291.75,waiting,0
3.3334,0.0,0,0.31331,0,292.27,waiting,0
3.35,0.0,0,0.31331,0,292.77,waiting,0
3.3662,0.0,0,0.3136,0,293.24,waiting,0
3.3828,0.0,0,0.3136,0,293.72,waiting,0
3.3994,0.0,0,0.327,0,294.15,waiting,0
3.4161,0.0,0,0.327,0,294.57,waiting,0
3.4317,0.0,0,,0,294.97,waiting,0
3.4478,0.0,0,,0,295.29,waiting,0
3.4642,0.0,0,,0,295.6,waiting,0
3.4807,0.0,0,,0,295.91,waiting,0
3.4972,0.0,0,,0,296.16,waiting,0
3.5141,0.0,0,,0,296.39,waiting,0
3.5297,0.0,0,,0,296.59,waiting,0
3.5462,0.0,0,,0,296.73,waiting,0
3.5628,0.0,0,,0,296.85,waiting,0
3.5794,0.0,0,0.30643,0,296.94,waiting,0
3.5959,0.0,0,0.30643,0,296.99,waiting,0
3.6125,0.0,0,0.33909,0,297.0,waiting,0
3.6291,0.0,0,0.33909,0,296.98,waiting,0
3.6456,0.0,0,0.3341,0,296.92,waiting,0
3.6622,0.0,0,0.3341,0,296.82,waiting,0
3.6788,0.0,0,0.3341,0,296.68,waiting,0
3.6954,0.0,0,0.31841,0,296.52,waiting,0
3.712,0.0,0,0.31841,0,296.31,waiting,0
3.7281,0.0,0,0.30596,0,296.09,waiting,0
3.7442,0.0,0,0.30596,0,295.81,waiting,0
3.7608,0.0,0,,0,295.51,waiting,0
3.7769,0.0,0,,0,295.19,waiting,0
3.7931,0.0,0,,0,294.84,waiting,0
3.8096,0.0,0,,0,294.43,waiting,0
3.826,0.0,0,,0,294.02,waiting,0
3.8416,0.0,0,,0,293.59,waiting,0
3.8581,0.0,0,,0,293.13,waiting,0
3.8742,0.0,0,0.29777,0,292.62,waiting,0
3.8908,0.0,0,0.29777,0,292.11,waiting,0
3.9074,0.0,0,0.32927,0,291.59,waiting,0
3.924,0.0,0,0.32927,0,291.01,waiting,0
3.9406,0.0,0,0.32927,0,290.45,waiting,0
3.9567,0.0,0,0.3412,0,289.83,waiting,0
3.9733,0.0,0,0.3412,0,289.24,waiting,0
3.9899,0.0,0,0.34961,0,288.6,waiting,0
4.0065,0.0,0,0.34961,0,287.98,waiting,0
4.0232,0.0,0,0.34961,0,287.32,waiting,0
4.0402,0.0,0,0.34073,0,286.65,waiting,0
4.0569,0.0,0,0.34073,0,285.97,waiting,0
4.0727,0.0,0,0.34943,0,285.33,waiting,0
4.089,0.0,0,0.34943,0,284.69,waiting,0
4.1057,0.0,0,0.33018,0,284.01,waiting,0
4.1222,0.0,0,0.33018,0,283.38,waiting,0
4.1388,0.0,0,0.34089,0,282.71,waiting,0
4.1551,0.0,0,0.34089,0,282.08,waiting,0
4.1711,0.0,0,0.34442,0,281.43,waiting,0
4.1867,0.0,0,0.34442,0,280.86,waiting,0
4.2032,0.0,0,0.34442,0,280.27,waiting,0
4.2199,0.0,0,0.32516,0,279.65,waiting,0
4.2365,0.0,0,0.32516,0,279.08,waiting,0
4.2526,0.0,0,,0,278.5,waiting,0
4.2692,0.0,0,,0,277.97,waiting,0
4.2858,0.0,0,0.33966,0,277.43,waiting,0
4.3018,0.0,0,0.33966,0,276.95,waiting,0
4.3179,0.0,0,0.33966,0,276.49,waiting,0
4.3345,0.0,0,0.37141,0,276.05,waiting,0
4.3505,0.0,0,0.37141,0,275.61,waiting,0
4.3671,0.0,0,0.33568,0,275.22,waiting,0
4.3827,0.0,0,0.33568,0,274.85,waiting,0
4.3993,0.0,0,0.33568,0,274.54,waiting,0
4.4165,0.0,0,,0,274.22,waiting,0
4.4328,0.0,0,,0,273.94,waiting,0
4.4488,0.0,0,,0,273.71,waiting,0
4.4654,0.0,0,,0,273.51,waiting,0
4.4824,0.0,0,,0,273.33,waiting,0
4.4995,0.0,0,,0,273.19,waiting,0
4.516,0.0,0,0.33394,0,273.09,waiting,0
4.5316,0.0,0,0.33394,0,273.03,waiting,0
4.5481,0.0,0,0.35541,0,273.0,waiting,0
4.5652,0.0,0,0.35541,0,273.01,waiting,0
4.5824,0.0,0,0.35541,0,273.06,waiting,0
4.5989,0.0,0,0.33999,0,273.14,waiting,0
4.6145,0.0,0,0.33999,0,273.26,waiting,0
4.631,0.0,0,0.34441,0,273.41,waiting,0
4.6475,0.0,0,0.34441,0,273.59,waiting,0
4.6652,0.0,0,0.34448,0,273.82,waiting,0
4.6798,0.0,0,0.34448,0,274.1,waiting,0
4.6958,0.0,0,0.34448,0,274.36,waiting,0
4.7124,0.0,0,0.34448,0,274.65,waiting,0
4.7294,0.0,0,0.34448,0,275.02,waiting,0
4.746,0.0,0,0.34292,0,275.41,waiting,0
4.7632,0.0,0,0.34292,0,275.83,waiting,0
4.7793,0.0,0,0.37378,0,276.29,waiting,0
4.7963,0.0,0,0.37378,0,276.74,waiting,0
4.8129,0.0,0,0.37378,0,277.24,waiting,0
4.829,0.0,0,0.3715,0,277.74,waiting,0
4.8446,0.0,0,0.3715,0,278.3,waiting,0
4.8612,0.0,0,0.31439,0,278.8,waiting,0
4.878,0.0,0,0.31439,0,279.39,waiting,0
4.8936,0.0,0,0.31643,0,279.97,waiting,0
4.9101,0.0,0,0.31643,0,280.56,waiting,0
4.9257,0.0,0,0.31643,0,281.19,waiting,0
4.9418,0.0,0,0.33162,0,281.77,waiting,0
4.9573,0.0,0,0.33162,0,282.39,waiting,0
4.9739,0.0,0,0.35173,0,283.02,waiting,0
4.9905,0.0,0,0.35173,0,283.65,waiting,0
5.007,0.0,0,0.35173,0,284.33,waiting,0
5.0241,0.0,0,0.34497,0,285.01,waiting,0
5.0402,0.0,0,0.34497,0,285.69,waiting,0
5.0572,0.0,0,0.34256,0,286.32,waiting,0
5.0743,0.0,0,0.34256,0,287.0,waiting,0
5.0913,0.0,0,0.36322,0,287.66,waiting,0
5.1084,0.0,0,0.36322,0,288.32,waiting,0
5.124,0.0,0,0.33331,0,288.97,waiting,0
5.14,0.0,0,0.33331,0,289.53,waiting,0
5.1561,0.0,0,0.33331,0,290.15,waiting,0
5.1727,0.0,0,0.34065,0,290.72,waiting,0
5.1887,0.0,0,0.34065,0,291.28,waiting,0
5.2052,0.0,0,0.33858,0,291.81,waiting,0
5.2218,0.0,0,0.33858,0,292.36,waiting,0
6.0836,0.0,0,0.31648,0,292.86,waiting,0
6.0983,0.0,0,0.31648,0,279.83,waiting,0
6.1155,0.0,0,0.31648,0,279.29,waiting,0
6.133,0.0,0,0.34124,0,278.67,waiting,0
6.1486,0.0,0,0.34124,0,278.14,waiting,0
6.1652,0.0,0,0.34124,0,277.62,waiting,0
6.1814,0.0,0,0.30069,0,277.1,waiting,0
6.1977,0.0,0,0.30062,0,276.63,waiting,0
6.2145,0.0,0,0.30062,0,276.18,waiting,0
6.2311,0.0,0,0.30502,0,275.73,waiting,0
6.2467,0.0,0,0.30502,0,275.32,waiting,0
6.2636,0.0,0,0.30502,0,274.97,waiting,0
6.2803,0.0,0,0.26769,0,274.62,waiting,0
6.2966,0.0,0,0.26769,0,274.29,waiting,0
6.3133,0.0,0,0.30239,0,274.02,waiting,0
6.33,0.0,0,0.30239,0,273.76,waiting,0
6.3464,0.0,0,0.30949,0,273.55,waiting,0
6.3629,0.0,0,0.30949,0,273.37,waiting,0
6.3789,0.0,0,0.30949,0,273.23,waiting,0
6.395,0.0,0,0.30949,0,273.12,waiting,0
6.4111,0.0,0,0.26671,0,273.05,waiting,0
6.4276,0.0,0,0.26671,0,273.01,waiting,0
6.4442,0.0,0,0.27028,0,273.0,waiting,0
6.4612,0.0,0,0.27028,0,273.04,waiting,0
6.4772,0.0,0,0.31617,0,273.11,waiting,0
6.5083,0.0,0,0.31617,0,273.21,waiting,0
6.5249,0.0,0,0.30471,0,273.51,waiting,0
6.547,0.0,0,0.30471,0,273.71,waiting,0
6.5756,0.0,0,0.26779,0,274.05,waiting,0
6.5921,0.0,0,0.2437,0,274.56,waiting,0
6.6081,0.0,0,0.2437,0,274.89,waiting,0
6.6242,0.0,0,0.27076,0,275.27,waiting,0
6.6397,0.0,0,0.27076,0,275.66,waiting,0
6.6559,0.0,0,0.26663,0,276.04,waiting,0
6.6734,0.0,0,0.26663,0,276.48,waiting,0
6.6905,0.0,0,0.30466,0,277.0,waiting,0
6.7071,0.0,0,0.27056,0,277.52,waiting,0
6.7242,0.0,0,0.27056,0,278.07,waiting,0
6.7413,0.0,0,0.27056,0,278.63,waiting,0
6.7576,0.0,0,0.27056,0,279.22,waiting,0
6.7741,0.0,0,0.27056,0,279.79,waiting,0
6.7897,0.0,0,0.26733,0,280.41,waiting,0
6.8063,0.0,0,0.26733,0,280.97,waiting,0
6.8225,0.0,0,0.29125,0,281.62,waiting,0
6.8392,0.0,0,0.29125,0,282.23,waiting,0
6.8553,0.0,0,0.27037,0,282.9,waiting,0
6.8719,0.0,0,0.27037,0,283.53,waiting,0
6.8879,0.0,0,0.30373,0,284.17,waiting,0
6.9035,0.0,0,0.30373,0,284.81,waiting,0
6.9205,0.0,0,0.31083,0,285.45,waiting,0
6.937,0.0,0,0.31083,0,286.13,waiting,0
6.9527,0.0,0,0.31577,0,286.76,waiting,0
6.9692,0.0,0,0.31577,0,287.39,waiting,0
6.9864,0.0,0,0.29096,0,288.05,waiting,0
7.0029,0.0,0,0.29096,0,288.71,waiting,0
7.0205,0.0,0,0.3312,0,289.31,waiting,0
7.0356,0.0,0,0.3312,0,289.97,waiting,0
7.0521,0.0,0,0.31828,0,290.55,waiting,0
7.0683,0.0,0,0.31828,0,291.11,waiting,0
7.0843,0.0,0,0.30688,0,291.65,waiting,0
7.1013,0.0,0,0.30688,0,292.17,waiting,0
7.118,0.0,0,0.29664,0,292.71,waiting,0
7.1341,0.0,0,0.29664,0,293.19,waiting,0
7.1496,0.0,0,0.34066,0,293.67,waiting,0
7.1657,0.0,0,0.34066,0,294.07,waiting,0
7.1818,0.0,0,0.32565,0,294.48,waiting,0
7.1984,0.0,0,0.32565,0,294.86,waiting,0
7.2146,0.0,0,0.33368,0,295.23,waiting,0
7.2312,0.0,0,0.28964,0,295.55,waiting,0
7.2482,0.0,0,0.28964,0,295.86,waiting,0
7.2647,0.0,0,0.32046,0,296.13,waiting,0
7.281,0.0,0,0.32046,0,296.37,waiting,0
7.2975,0.0,0,0.32824,0,296.54,waiting,0
7.3145,0.0,0,0.32824,0,296.71,waiting,0
7.3316,0.0,0,0.30436,0,296.84,waiting,0
7.3484,0.0,0,0.30436,0,296.93,waiting,0
7.3653,0.0,0,0.34206,0,296.98,waiting,0
7.382,0.0,0,0.34206,0,297.0,waiting,0
7.3976,0.0,0,0.30999,0,296.98,waiting,0
7.4143,0.0,0,0.30999,0,296.92,waiting,0
7.4311,0.0,0,0.27203,0,296.83,waiting,0
7.4476,0.0,0,0.27203,0,296.69,waiting,0
7.4643,0.0,0,0.29813,0,296.53,waiting,0
7.4811,0.0,0,0.29813,0,296.33,waiting,0
7.4976,0.0,0,0.30815,0,296.1,waiting,0
7.5142,0.0,0,0.30815,0,295.82,waiting,0
7.5308,0.0,0,0.30735,0,295.51,waiting,0
7.5474,0.0,0,0.30735,0,295.19,waiting,0
7.5645,0.0,0,0.30611,0,294.81,waiting,0
7.5811,0.0,0,0.30611,0,294.41,waiting,0
7.5967,0.0,0,0.31456,0,293.97,waiting,0
7.6133,0.0,0,0.31456,0,293.56,waiting,0
7.6304,0.0,0,0.33607,0,293.07,waiting,0
7.6488,0.0,0,0.32938,0,292.55,waiting,0
7.6654,0.0,0,0.32938,0,291.98,waiting,0
7.6824,0.0,0,0.32938,0,291.42,waiting,0
7.6991,0.0,0,0.32731,0,290.83,waiting,0
7.7152,0.0,0,0.32301,0,290.26,waiting,0
7.7317,0.0,0,0.32301,0,289.65,waiting,0
7.7493,0.0,0,0.34248,0,289.05,waiting,0
7.7647,0.0,0,0.34248,0,288.36,waiting,0
7.7813,0.0,0,0.34248,0,287.78,waiting,0
7.7985,0.0,0,0.34248,0,287.12,waiting,0
7.8155,0.0,0,0.3227,0,286.45,waiting,0
7.8326,0.0,0,0.3227,0,285.77,waiting,0
7.8502,0.0,0,0.316,0,285.05,waiting,0
7.8668,0.0,0,0.316,0,284.37,waiting,0
7.884,0.0,0,0.31014,0,283.65,waiting,0
7.8993,0.0,0,0.33614,0,283.06,waiting,0
7.9157,0.0,0,0.33614,0,282.43,waiting,0
7.9323,0.0,0,0.33625,0,281.81,waiting,0
7.9485,0.0,0,0.33625,0,281.16,waiting,0
7.9651,0.0,0,0.32079,0,280.56,waiting,0
7.9807,0.0,0,0.32079,0,279.93,waiting,0
7.9973,0.0,0,0.32407,0,279.4,waiting,0
8.0139,0.0,0,0.32407,0,278.8,waiting,0
8.0294,0.0,0,0.30667,0,278.27,waiting,0
8.046,0.0,0,0.30667,0,277.75,waiting,0
8.0626,0.0,0,0.29495,0,277.25,waiting,0
8.0796,0.0,0,0.33179,0,276.74,waiting,0
8.0973,0.0,0,0.33179,0,276.23,waiting,0
8.1139,0.0,0,0.30848,0,275.78,waiting,0
8.1299,0.0,0,0.30848,0,275.39,waiting,0
8.1454,0.0,0,0.30848,0,275.02,waiting,0
8.1618,0.0,0,0.30848,0,274.68,waiting,0
8.178,0.0,0,0.32304,0,274.37,waiting,0
8.1938,0.0,0,0.32304,0,274.08,waiting,0
8.2098,2302.0543,1,0.31856,0,273.83,waiting,0
8.2262,1620.015,0,0.31856,0,273.62,playing,0
8.2432,1620.015,0,0.31387,0,267.3,playing,0
8.2594,1036.6585,0,0.31387,0,261.64,playing,0
8.2765,553.9017,0,0.33394,0,255.95,playing,0
8.2936,553.9017,0,0.33394,0,250.57,playing,0
8.3107,169.0797,0,0.32093,0,245.24,playing,0
8.3272,169.0797,0,0.30796,0,240.77,playing,0
8.3425,-123.2809,0,0.30796,0,236.59,playing,0
8.359,-123.2809,0,0.32559,0,232.69,playing,0
8.3756,-123.2809,0,0.32559,0,229.08,playing,0
8.3922,-333.6305,0,0.33433,0,225.55,playing,0
8.4091,-333.6305,0,0.33433,0,222.34,playing,0
8.4246,-475.344,0,0.33433,0,219.6,playing,0
8.4409,-475.344,0,0.33378,0,217.15,playing,0
8.4572,-561.2407,0,0.33378,0,214.97,playing,0
8.4743,-603.57,0,0.33378,0,212.98,playing,0
8.4909,-603.57,0,0.34237,0,211.31,playing,0
8.5064,-603.57,0,0.34237,0,210.01,playing,0
8.5225,-613.8324,0,0.34237,0,209.0,playing,0
8.5393,-613.8324,0,0.31483,0,208.27,playing,0
8.5557,-613.8324,0,0.31483,0,207.81,playing,0
8.572,-583.6889,0,0.34898,0,207.66,playing,0
8.5885,-583.6889,0,0.34898,0,207.79,playing,0
8.6045,-583.6889,0,0.32557,0,208.25,playing,0
8.6211,-549.4129,0,0.32557,0,208.96,playing,0
8.6373,-549.4129,0,0.33136,0,209.95,playing,0
8.6539,-503.5685,0,0.33136,0,211.33,playing,0
8.6701,-441.6038,1,0.28816,0,212.9,playing,0
8.6857,-441.6038,0,0.28816,0,206.94,playing,0
8.7023,-362.8855,0,0.23561,0,201.27,playing,0
8.719,-362.8855,0,0.23561,0,195.55,playing,0
8.735,-301.0219,0,0.21108,0,190.46,playing,0
8.7511,-301.0219,0,0.21108,0,185.64,playing,0
8.7672,-250.3391,0,0.25845,1,181.11,playing,0
8.7842,-250.3391,0,0.25845,0,176.61,playing,0
8.8008,-204.4036,0,0.21576,0,172.43,playing,0
8.8163,-204.4036,0,0.21576,0,168.78,playing,0
8.8323,-162.6105,0,0.25357,0,165.41,playing,0
8.8489,-162.6105,0,0.25357,0,162.32,playing,0
8.8651,-162.6105,0,0.30214,0,159.51,playing,0
8.8806,-124.9949,0,0.30214,0,156.98,playing,0
8.8967,-124.9949,0,0.30307,0,154.74,playing,0
8.9132,-124.9949,0,0.30307,0,152.77,playing,0
8.9302,-65.2269,0,0.31836,0,151.01,playing,0
8.9468,-65.2269,0,0.31836,0,149.56,playing,0
8.9624,-65.2269,0,0.32282,0,148.47,playing,0
8.98,-42.1573,0,0.32282,0,147.67,playing,0
8.997,-23.1867,0,0.31902,0,147.13,playing,0
9.0142,-8.7917,0,0.32933,0,146.92,playing,0
9.0302,-8.7917,0,0.32933,0,147.02,playing,0
9.0469,2.0521,0,0.31889,0,147.44,playing,0
9.0627,2.0521,0,0.31889,0,148.12,playing,0
9.0785,2.0521,0,0.31889,0,149.08,playing,0
9.0955,10.6453,0,0.32652,0,150.32,playing,0
9.1126,10.6453,0,0.32346,0,151.96,playing,0
9.1292,10.6453,0,0.32346,0,153.91,playing,0
9.1464,20.1373,0,0.33331,0,156.18,playing,0
9.1626,20.1373,0,0.33331,0,158.77,playing,0
9.1798,22.3278,1,0.33331,0,161.49,playing,0
9.1963,22.3278,0,0.32264,0,155.18,playing,0
9.2129,23.3855,0,0.32264,0,149.18,playing,0
9.229,23.3855,0,0.30974,0,143.82,playing,0
9.245,23.3307,0,0.30974,0,138.74,playing,0
9.2612,23.3307,0,0.35113,0,133.95,playing,0
9.2788,22.8251,0,0.35113,0,129.43,playing,0
9.2952,22.8251,0,0.31699,0,124.71,playing,0
9.3118,22.8251,0,0.32285,0,120.79,playing,0
9.3291,21.1267,0,0.32285,0,116.74,playing,0
9.3451,19.2859,0,0.32285,0,113.42,playing,0
9.3621,19.2859,0,0.3256,0,110.21,playing,0
9.3793,16.9789,0,0.29906,0,107.32,playing,0
9.3963,16.9789,0,0.29906,0,104.75,playing,0
9.413,14.7791,0,0.31917,0,102.5,playing,0
9.4291,14.7791,0,0.31917,0,100.66,playing,0
9.4447,12.6569,0,0.30943,0,99.1,playing,0
9.4607,12.6569,0,0.30943,0,97.82,playing,0
9.4768,12.6569,0,0.31868,0,96.83,playing,0
9.4929,12.6569,0,0.31868,0,96.11,playing,0
9.5085,8.3159,0,0.32301,0,95.68,playing,0
9.5245,8.3159,0,0.32301,0,95.53,playing,0
9.5412,8.3159,0,0.32028,0,95.66,playing,0
9.5578,5.9011,0,0.32028,0,96.12,playing,0
9.575,5.9011,0,0.32028,0,96.83,playing,0
9.591,5.9011,0,0.32949,0,97.91,playing,0
9.607,4.3212,0,0.32949,0,99.2,playing,0
9.6226,4.3212,0,0.31488,0,100.77,playing,0
9.6386,4.3212,0,0.31488,0,102.63,playing,0
9.6546,3.2859,0,0.31801,0,104.77,playing,0
9.6708,3.2859,0,0.31801,0,107.19,playing,0
9.6864,2.5997,0,0.3079,0,109.89,playing,0
9.7029,2.0666,0,0.3079,0,112.87,playing,0
9.7184,2.0666,0,0.30577,0,116.13,playing,0
9.735,2.0666,0,0.30577,0,119.68,playing,0
9.751,2.0666,0,0.30584,0,123.51,playing,0
9.7671,2.0666,0,0.30584,0,127.62,playing,0
9.7831,-0.6812,0,0.30087,0,132.01,playing,0
9.7991,-0.6812,0,0.30087,0,136.68,playing,0
9.8167,-0.6812,0,0.3006,0,141.96,playing,0
9.8327,-0.6812,0,0.3006,0,147.56,playing,0
9.8488,-0.6812,0,0.32789,0,153.11,playing,0
9.8648,-0.6812,0,0.32789,0,158.94,playing,0
9.8814,-1.1977,0,0.30559,0,165.06,playing,0
9.8984,-1.1977,0,0.30559,0,171.88,playing,0
9.9154,-1.3253,0,0.31467,0,179.01,playing,0
9.932,-1.3253,0,0.31467,0,186.46,playing,0
9.9485,-1.3253,0,0.30649,0,193.75,playing,0
9.9647,-1.0102,0,0.30649,0,201.82,playing,0
9.9808,-1.0102,0,0.29696,0,209.7,playing,0
9.9972,-1.0102,0,0.29696,0,217.85,playing,0
10.0143,-1.0102,0,0.31244,0,226.84,playing,0
10.0308,-1.0102,0,0.31244,0,236.14,playing,0
10.0469,-1.0102,0,0.30411,0,245.18,playing,0
10.0635,-1.0102,0,0.30411,0,254.5,playing,0
10.0795,-1.0102,0,0.31654,0,264.72,playing,0
10.096,-0.7843,0,0.31654,0,274.61,playing,0
10.1126,-0.7843,0,0.29178,0,284.8,playing,0
10.1296,-0.7843,0,0.29178,0,295.93,playing,0
10.1457,-0.7843,0,0.31302,0,307.38,playing,0
10.1622,-0.7843,0,0.31302,0,318.44,playing,0
10.1789,-0.7843,0,0.30492,0,330.34,playing,0
10.1954,-0.7843,0,0.30492,0,341.54,playing,0
10.2119,-0.7843,0,0.25357,0,353.44,playing,0
10.228,-0.2267,0,0.25357,0,364.64,playing,0
10.244,-18.924,1,0.24671,0,375.84,playing,0
10.2596,-18.924,0,0.24671,0,369.89,dead,0
10.2772,17.7076,0,0.23313,0,364.21,dead,0
10.2937,17.7076,0,0.23313,0,358.18,dead,0
10.3103,17.7076,0,0.19228,0,353.1,dead,0
10.3269,19.3417,0,0.19228,0,348.02,dead,0
10.3434,19.3417,0,0.19228,0,343.52,dead,0
10.36,19.3417,0,0.23941,1,339.06,dead,0
10.3761,19.3417,0,0.23941,0,335.15,dead,0
10.3921,19.3417,0,0.28904,0,331.51,dead,0
10.4082,9.4237,0,0.28904,0,328.16,dead,0
10.4252,9.4237,0,0.27778,0,324.91,dead,0
10.4417,9.4237,0,0.27778,0,321.99,dead,0
10.4578,4.2162,0,0.30914,0,319.51,dead,0
10.4743,4.2162,0,0.30914,0,317.32,dead,0
10.4914,4.2162,0,0.30082,0,315.31,dead,0
10.5079,2.4861,0,0.30082,0,313.62,dead,0
10.5237,2.4861,0,0.30108,0,312.3,dead,0
10.5402,2.4861,0,0.30108,0,311.27,dead,0
10.5566,1.4305,0,0.3119,0,310.5,dead,0
10.5732,1.4305,0,0.3119,0,310.05,dead,0
10.5892,-1.4859,0,0.30969,0,309.88,dead,0
10.6057,-1.4859,0,0.30969,0,310.02,dead,0
10.6217,-1.4859,0,0.30969,0,310.43,dead,0
10.6377,-1.4859,0,0.30969,0,311.13,dead,0
10.6538,-1.4859,0,0.29655,0,312.1,dead,0
10.6703,-1.4859,0,0.29655,0,313.36,dead,0
10.6864,-2.3608,0,0.267,0,315.01,dead,0
10.7029,-2.3608,0,0.267,0,316.85,dead,0
10.719,-2.3608,0,0.29292,0,318.97,dead,0
10.7356,-2.501,0,0.29292,0,321.37,dead,0
10.7517,-2.501,0,0.2806,0,324.24,dead,0
10.7684,-2.501,0,0.2806,0,327.23,dead,0
10.7845,-2.501,0,0.30954,0,330.71,dead,0
10.8011,-2.501,0,0.30954,0,334.27,dead,0
10.8183,-20.7994,1,0.22981,0,338.38,dead,0
10.8349,-20.7994,0,0.22981,0,285.0,playing,0
10.8515,-20.7994,0,0.1996,0,279.04,playing,0
10.8676,-4.4719,0,0.1996,0,273.03,playing,0
10.8837,-4.4719,0,0.20215,0,267.65,playing,0
10.9002,-4.4719,0,0.20215,0,262.56,playing,0
10.9175,-4.4719,0,0.17753,0,257.46,playing,0
10.934,-4.4719,0,0.17753,0,252.68,playing,0
10.9501,-4.4719,0,0.18131,0,248.46,playing,0
10.9656,-4.4719,0,0.18131,0,244.53,playing,0
10.9816,-4.4719,0,0.18131,0,240.88,playing,0
10.9992,9.9542,0,0.18131,1,237.51,playing,0
11.0162,9.9542,0,0.2362,0,234.07,playing,0
11.0333,9.9542,0,0.2362,0,231.14,playing,0
11.0499,7.5333,0,0.27153,0,228.53,playing,0
11.0654,7.5333,0,0.27153,0,226.36,playing,0
11.082,4.6765,0,0.29781,0,224.47,playing,0
11.0976,4.6765,0,0.29781,0,222.85,playing,0
11.1138,4.6765,0,0.30695,0,221.52,playing,0
11.1298,2.7903,0,0.30695,0,220.48,playing,0
11.1464,2.7903,0,0.27745,0,219.71,playing,0
11.1629,2.7903,0,0.27745,0,219.21,playing,0
11.1795,-0.0472,0,0.32851,0,219.03,playing,0
11.196,-0.0472,0,0.32851,0,219.15,playing,0
11.212,-0.0472,0,0.31812,0,219.54,playing,0
11.2281,-1.1134,0,0.31812,0,220.22,playing,0
11.2441,-1.1134,0,0.32989,0,221.18,playing,0
11.2602,-1.1134,0,0.32989,0,222.42,playing,0
11.2769,-3.1401,0,0.30974,0,224.05,playing,0
11.2929,-3.1401,0,0.30974,0,225.88,playing,0
11.309,-3.3,0,0.30974,0,227.98,playing,0
11.3245,-3.3,0,0.30974,0,230.36,playing,0
11.3406,-3.3,0,0.30373,0,233.03,playing,0
11.3576,-3.3,0,0.30373,0,235.97,playing,0
11.3733,-3.3,0,0.32523,0,239.42,playing,0
11.3903,-3.3,0,0.32523,0,242.95,playing,0
11.407,-2.8889,0,0.3173,0,247.02,playing,0
11.4231,-2.8889,0,0.3173,0,251.13,playing,0
11.4396,-2.8889,0,0.3208,0,255.52,playing,0
11.4561,-2.3427,0,0.3208,0,260.5,playing,0
11.4717,-2.3427,0,0.3208,0,265.47,playing,0
11.4877,-1.9216,0,0.29953,0,270.72,playing,0
11.5043,-1.9216,0,0.29953,0,276.26,playing,0
11.5203,-1.9216,0,0.28526,0,282.46,playing,0
11.5373,-1.9216,0,0.28526,0,288.57,playing,0
11.5544,-1.9216,0,0.32137,0,295.39,playing,0
11.5709,-1.9216,0,0.32137,0,302.52,playing,0
11.5872,-7.5313,0,0.31645,0,309.52,playing,0
11.6027,-7.5313,0,0.31645,0,316.79,playing,0
11.6188,-7.5313,0,0.31617,0,324.35,playing,0
11.6348,-25.0635,1,0.31617,0,332.19,playing,0
11.6514,-25.0635,0,0.29991,0,326.23,playing,0
11.6689,-23.4609,0,0.29991,0,320.22,playing,0
11.685,-23.4609,0,0.29991,0,314.52,playing,0
11.7006,-23.4609,0,0.29991,0,309.45,playing,0
11.7171,-12.8706,0,0.20042,0,304.65,playing,0
11.7342,-12.8706,0,0.20042,0,299.87,playing,0
11.7512,-12.8706,0,0.18336,0,295.41,playing,0
11.7683,19.7354,0,0.18336,0,291.27,playing,0
11.7853,19.7354,0,0.22052,1,287.44,playing,0
11.8023,19.7354,0,0.22052,0,283.93,playing,0
11.8189,19.7354,0,0.23318,0,280.75,playing,0
11.8345,19.7354,0,0.23318,0,278.03,playing,0
11.8505,15.2888,0,0.24696,0,275.59,playing,0
11.867,15.2888,0,0.24696,0,273.43,playing,0
11.8831,15.2888,0,0.32338,0,271.56,playing,0
11.8991,6.1745,0,0.32338,0,269.96,playing,0
11.9152,6.1745,0,0.33355,0,268.65,playing,0
11.9322,6.1745,0,0.33355,0,267.57,playing,0
11.9492,4.0741,0,0.31834,0,266.82,playing,0
11.9658,4.0741,0,0.31834,0,266.37,playing,0
11.9818,2.4193,0,0.32278,0,266.24,playing,0
11.9979,2.4193,0,0.32278,0,266.39,playing,0
12.0134,2.4193,0,0.32278,0,266.82,playing,0
12.0305,2.4193,0,0.32278,0,267.53,playing,0
12.047,2.4193,0,0.32124,0,268.61,playing,0
12.0634,2.4193,0,0.32124,0,269.9,playing,0
12.08,-1.9396,0,0.30833,0,271.59,playing,0
12.096,-1.9396,0,0.30833,0,273.47,playing,0
12.1121,-1.9396,0,0.30438,0,275.62,playing,0
12.1292,-2.6521,0,0.30438,0,278.23,playing,0
12.1458,-2.6521,0,0.29639,0,281.15,playing,0
12.162,-3.1402,0,0.29639,0,284.19,playing,0
12.1775,-2.3194,0,0.30049,0,287.51,playing,0
12.194,-2.3194,0,0.30049,0,291.1,playing,0
12.2097,-2.3194,0,0.31481,0,294.98,playing,0
12.2267,-2.3194,0,0.31481,0,299.15,playing,0
12.2429,-2.3194,0,0.31851,0,303.89,playing,0
12.2589,-2.4988,0,0.31851,0,308.63,playing,0
12.2749,-2.4988,0,0.31851,0,313.65,playing,0
12.2905,-2.4988,0,0.31481,0,318.96,playing,0
12.3075,-2.4988,0,0.31481,0,324.55,playing,0
12.3242,-2.4988,0,0.30802,0,330.8,playing,0
12.3411,-2.4988,0,0.30802,0,337.37,playing,0
12.3566,-2.4988,0,0.30802,0,343.84,playing,0
12.3734,-2.4988,0,0.31699,0,350.59,playing,0
12.3899,-14.8314,0,0.31699,0,358.08,playing,0
12.406,-24.9454,1,0.31699,0,365.41,playing,0
12.422,-24.9454,0,0.31699,0,359.45,playing,0
12.4375,-16.4399,0,0.26062,0,353.77,playing,0
12.4536,-16.4399,0,0.26062,0,348.38,playing,0
12.4697,-16.4399,0,0.24029,0,343.26,playing,0
12.4862,19.3363,0,0.24029,0,338.43,playing,0
12.5027,19.3363,0,0.22702,0,333.61,playing,0
12.5188,19.3363,0,0.22702,0,329.36,playing,0
12.5353,19.3363,0,0.24301,0,325.39,playing,0
12.5523,19.3363,0,0.24301,0,321.49,playing,0
12.5693,19.3363,0,0.1725,0,317.91,playing,0
12.5858,19.3363,0,0.1725,0,314.65,playing,0
12.6019,19.3363,0,0.24402,1,311.86,playing,0
12.6174,12.1644,0,0.24402,0,309.35,playing,0
12.6334,12.1644,0,0.25403,0,307.12,playing,0
12.6504,12.1644,0,0.25403,0,305.18,playing,0
12.6667,9.2505,0,0.28721,0,303.43,playing,0
12.6832,9.2505,0,0.28721,0,302.06,playing,0
12.7003,9.2505,0,0.28842,0,300.93,playing,0
12.7173,3.2622,0,0.28842,0,300.11,playing,0
12.7339,3.2622,0,0.28842,0,299.62,playing,0
12.7505,1.2906,0,0.28842,0,299.43,playing,0
12.7668,1.2906,0,0.29049,0,299.55,playing,0
12.7833,1.2906,0,0.29049,0,299.95,playing,0
12.8004,-1.416,0,0.30032,0,300.69,playing,0
12.8169,-1.416,0,0.30032,0,301.74,playing,0
12.8332,-1.416,0,0.28748,0,303.02,playing,0
12.8498,-2.6163,0,0.28748,0,304.69,playing,0
12.8659,-2.6163,0,0.33645,0,306.55,playing,0
12.8814,-2.6163,0,0.33645,0,308.68,playing,0
12.8979,-3.394,0,0.32125,0,311.1,playing,0
12.914,-3.394,0,0.32125,0,313.8,playing,0
12.9305,-3.228,0,0.32282,0,316.79,playing,0
12.9474,-3.228,0,0.32282,0,320.27,playing,0
12.9641,-3.228,0,0.29469,0,324.08,playing,0
12.9797,-2.9508,0,0.29469,0,327.94,playing,0
12.9962,-2.9508,0,0.30329,0,332.08,playing,0
13.0129,-2.9508,0,0.30329,0,336.8,playing,0
13.0289,-2.9508,0,0.30376,0,341.53,playing,0
13.045,-2.9508,0,0.30376,0,346.54,playing,0
13.0614,-2.5672,0,0.28274,0,351.82,playing,0
13.0784,-17.7512,0,0.28274,0,357.76,playing,0
13.0945,-17.7512,0,0.32287,0,364.01,playing,0
13.1115,-28.4273,1,0.32287,0,370.18,playing,0
13.128,-28.4273,0,0.28219,0,363.87,playing,0
13.1442,-28.4273,0,0.28219,0,358.21,playing,0
13.1597,-12.9875,0,0.23963,0,352.83,playing,0
13.1757,-12.9875,0,0.23963,0,347.74,playing,0
13.1923,-12.9875,0,0.18365,0,342.92,playing,0
13.2093,12.4796,0,0.18365,0,338.13,playing,0
13.2264,12.4796,0,0.20645,0,333.65,playing,0
13.244,18.1542,0,0.20645,0,329.48,playing,0
13.2605,18.1542,0,0.20226,0,325.43,playing,0
13.2775,18.1542,0,0.20226,0,322.12,playing,1
13.294,15.3609,0,0.21823,0,318.91,playing,1
13.3096,15.3609,0,0.21823,0,316.17,playing,1
13.3256,15.3609,0,0.24338,1,313.71,playing,1
13.3416,15.3609,0,0.24338,0,311.54,playing,1
13.3582,15.3609,0,0.27778,0,309.65,playing,1
13.3737,15.3609,0,0.27778,0,308.04,playing,1
13.3898,12.1017,0,0.29363,0,306.71,playing,1
13.4053,12.1017,0,0.29363,0,305.66,playing,1
13.4214,9.3585,0,0.30434,0,304.89,playing,1
13.4374,4.2421,0,0.30434,0,304.41,playing,1
13.4539,4.2421,0,0.27899,0,304.2,playing,1
13.47,0.6071,0,0.27899,0,304.28,playing,1
13.486,0.6071,0,0.29389,0,304.64,playing,1
13.502,0.6071,0,0.29389,0,305.28,playing,1
13.518,0.6071,0,0.31988,0,306.21,playing,1
13.5336,0.6071,0,0.31988,0,307.41,playing,1
13.5501,0.6071,0,0.29932,0,308.9,playing,1
13.5662,-1.5962,0,0.29932,0,310.67,playing,1
13.5832,-1.5962,0,0.29123,0,312.86,playing,1
13.5987,-1.5962,0,0.29123,0,315.21,playing,1
13.6147,-2.037,0,0.30461,0,317.84,playing,1
13.6308,-2.037,0,0.30461,0,320.75,playing,1
13.6473,-2.037,0,0.30461,0,323.95,playing,1
13.6644,-2.037,0,0.30461,0,327.66,playing,1
13.6806,-2.037,0,0.30649,0,331.69,playing,1
13.6976,-2.8336,0,0.30649,0,335.76,playing,1
13.7137,-2.8336,0,0.30156,0,340.41,playing,1
13.7302,-2.8336,0,0.30156,0,345.06,playing,1
13.7467,-27.7482,1,0.27651,0,350.33,playing,1
13.7628,-27.7482,0,0.27651,0,344.37,playing,1
13.7788,-27.7482,0,0.22263,0,338.69,playing,1
13.7948,-27.7482,0,0.22263,0,333.29,playing,1
13.8114,-27.7482,0,0.17898,0,328.18,playing,1
13.8284,10.5365,0,0.17898,0,323.07,playing,1
13.8454,10.5365,0,0.21801,0,318.27,playing,1
13.8615,10.5365,0,0.21801,0,313.79,playing,1
13.878,20.8518,0,0.22171,1,309.85,playing,1
13.894,20.8518,0,0.22171,0,306.2,playing,1
13.91,20.8518,0,0.21527,0,302.83,playing,1
13.9261,20.8518,0,0.21527,0,299.74,playing,1
13.9418,20.8518,0,0.25454,0,296.93,playing,1
13.9578,20.8518,0,0.25454,0,294.41,playing,1
13.9739,11.8855,0,0.2502,0,292.16,playing,1
13.9894,11.8855,0,0.2502,0,290.2,playing,1
14.0054,11.8855,0,0.26801,0,288.52,playing,1
14.022,8.9517,0,0.26801,0,287.12,playing,1
14.0381,8.9517,0,0.31375,0,286.0,playing,1
14.0541,-1.5012,0,0.31375,0,285.16,playing,1
14.0696,-1.5012,0,0.31392,0,284.61,playing,1
14.0862,-1.5012,0,0.31392,0,284.33,playing,1
14.1032,-14.9192,0,0.27851,0,284.36,playing,1
14.1203,-14.9192,0,0.27851,0,284.71,playing,1
14.1369,-14.9192,0,0.2433,0,285.37,playing,1
14.1529,-20.2275,0,0.2433,0,286.27,playing,1
14.1684,-20.2275,0,0.23971,0,287.46,playing,1
14.185,-20.2275,0,0.23971,0,288.93,playing,1
14.201,-15.5402,0,0.21264,0,290.68,playing,1
14.217,-15.5402,0,0.21264,0,292.71,playing,1
14.2331,-6.2285,0,0.22419,1,295.03,playing,1
14.2502,-6.2285,0,0.22419,0,297.8,playing,1
14.2672,-6.2285,0,0.18567,0,300.9,playing,1
14.2837,8.893,0,0.18567,0,304.31,playing,1
14.2998,8.893,0,0.22543,0,307.8,playing,1
14.3154,8.893,0,0.22543,0,311.58,playing,1
14.3324,8.893,0,0.21173,0,315.63,playing,1
14.349,8.893,0,0.21173,0,320.26,playing,1
14.3655,8.893,0,0.20493,0,324.9,playing,1
14.382,23.2372,1,0.20493,0,330.14,playing,1
14.3975,23.2372,0,0.25161,0,324.18,playing,1
14.4141,17.5961,0,0.25161,0,318.5,playing,1
14.4296,17.5961,0,0.27737,0,313.11,playing,1
14.4457,17.5961,0,0.27737,0,308.0,playing,1
14.4617,7.2745,0,0.27737,0,303.16,playing,1
14.4781,7.2745,0,0.27762,0,298.61,playing,1
14.4952,7.2745,0,0.27762,0,294.1,playing,1
14.5118,3.858,0,0.30862,0,289.9,playing,1
14.5273,3.858,0,0.30862,0,286.23,playing,1
14.5433,3.858,0,0.31789,0,282.84,playing,1
14.5614,1.0263,0,0.31789,0,279.73,playing,1
14.5779,1.0263,0,0.32093,0,276.59,playing,1
14.5934,-5.0729,0,0.32093,0,274.08,playing,1
14.6099,-5.0729,0,0.30013,0,271.86,playing,1
14.627,-5.0729,0,0.30973,0,269.91,playing,1
14.6426,-17.0892,0,0.30973,0,268.16,playing,1
14.6597,-17.0892,0,0.28894,0,266.8,playing,1
14.6772,-17.0892,0,0.28894,0,265.62,playing,1
14.6938,-1.3978,0,0.25,0,264.82,playing,1
14.7098,-1.3978,0,0.25,0,264.35,playing,1
14.7269,-1.3978,0,0.25,0,264.17,playing,1
14.7434,-0.2916,0,0.23033,0,264.29,playing,1
14.7599,-0.2916,0,0.29312,0,264.73,playing,1
14.7775,-16.5636,0,0.29312,0,265.48,playing,1
14.7941,-16.5636,0,0.29492,0,266.56,playing,1
14.8097,-16.5636,0,0.29492,0,267.85,playing,1
14.8263,-22.3148,1,0.29492,0,269.43,playing,1
14.8428,-22.3148,0,0.29124,0,263.11,playing,1
14.8594,-22.3148,0,0.29124,0,257.46,playing,1
14.8754,2.8028,0,0.26711,0,251.76,playing,1
14.8919,2.8028,0,0.26711,0,246.68,playing,1
14.909,14.7458,0,0.25017,0,241.88,playing,1
14.9245,14.7458,0,0.25017,0,237.11,playing,1
14.941,14.7458,0,0.23545,0,232.89,playing,1
14.9571,11.8892,0,0.23545,0,228.96,playing,1
14.9732,11.8892,0,0.26589,0,225.3,playing,1
14.9902,11.8892,0,0.26589,0,221.74,playing,1
15.0068,11.8892,0,0.30402,0,218.49,playing,1
15.0224,11.8892,0,0.30402,0,215.72,playing,1
15.0389,11.8892,0,0.29889,0,213.23,playing,1
15.0554,5.2431,0,0.29889,0,211.02,playing,1
15.072,5.2431,0,0.30088,0,208.99,playing,1
15.0875,3.0597,0,0.30088,0,207.36,playing,1
15.1041,3.0597,0,0.32022,0,206.02,playing,1
15.1196,3.0597,0,0.32022,0,204.95,playing,1
15.1368,0.1256,0,0.32708,0,204.17,playing,2
15.1529,0.1256,0,0.32708,0,203.65,playing,2
15.1697,0.1256,0,0.32708,0,203.45,playing,2
15.1857,0.1256,0,0.30275,0,203.55,playing,2
15.2022,0.1256,0,0.30275,0,203.93,playing,2
15.2188,0.1256,0,0.34074,0,204.65,playing,2
15.2365,-2.6476,0,0.34074,0,205.6,playing,2
15.2527,-2.6476,0,0.32158,0,207.04,playing,2
15.2692,-2.6476,0,0.34865,0,208.6,playing,2
15.2862,-2.6476,0,0.34865,0,210.57,playing,2
15.3028,-2.6476,0,0.35008,0,212.86,playing,2
15.3189,-2.9604,0,0.35008,0,215.29,playing,2
15.3359,-2.9604,0,0.35008,0,218.01,playing,2
15.3514,-2.9604,0,0.32722,0,221.22,playing,2
15.3685,-2.9604,0,0.32722,0,224.52,playing,2
15.3845,-2.9604,0,0.33171,0,228.34,playing,2
15.402,-2.9835,0,0.33171,0,232.22,playing,2
15.4191,-2.1623,0,0.32719,0,236.94,playing,2
15.4351,-2.1623,0,0.32719,0,241.42,playing,2
15.4521,-7.3929,0,0.30432,0,246.5,playing,2
15.4692,-7.3929,0,0.31081,0,251.89,playing,2
15.4848,-7.3929,0,0.31081,0,257.25,playing,2
15.5013,-24.5698,1,0.31081,0,262.89,playing,2
15.5181,-24.5698,0,0.32949,0,256.58,playing,2
15.5342,-24.5698,0,0.32949,0,250.92,playing,2
15.5508,-24.5698,0,0.28709,0,245.22,playing,2
15.5668,-24.5698,0,0.28709,0,240.15,playing,2
15.5828,-19.6377,0,0.24727,0,235.35,playing,2
15.5993,-10.7857,0,0.24727,0,230.83,playing,2
15.6159,-10.7857,0,0.22231,0,226.35,playing,2
15.6319,4.7459,0,0.22231,0,222.42,playing,2
15.6475,4.7459,0,0.23063,0,218.77,playing,2
15.664,4.7459,0,0.23063,0,215.4,playing,2
15.6806,4.7459,0,0.21776,0,212.31,playing,2
15.6971,4.7459,0,0.21776,0,209.34,playing,2
15.7127,4.7459,0,0.22194,1,206.83,playing,2
15.7288,4.7459,0,0.22194,0,204.6,playing,2
15.7453,4.7459,0,0.25391,0,202.66,playing,2
15.7624,23.6787,0,0.25391,0,200.91,playing,2
15.7795,13.8252,0,0.27236,0,199.48,playing,2
15.796,13.8252,0,0.27236,0,198.37,playing,2
15.8116,13.8252,0,0.27543,0,197.6,playing,2
15.8283,13.8252,0,0.27543,0,197.11,playing,2
15.8446,13.8252,0,0.28585,0,196.92,playing,2
15.8612,13.8252,0,0.28585,0,197.01,playing,2
15.8778,13.8252,0,0.28585,0,197.43,playing,2
15.8947,13.8252,0,0.31656,0,198.11,playing,2
15.9108,1.8669,0,0.31656,0,199.15,playing,2
15.9274,1.8669,0,0.31129,0,200.4,playing,2
15.9439,1.8669,0,0.31129,0,202.06,playing,2
15.9605,1.8669,0,0.29017,0,203.9,playing,2
15.977,1.8669,0,0.29017,0,206.17,playing,2
15.9932,-1.4589,0,0.29929,0,208.59,playing,2
16.0099,-1.4589,0,0.29929,0,211.48,playing,2
16.0269,-1.4589,0,0.28986,0,214.48,playing,2
16.0435,-3.1634,0,0.28986,0,217.98,playing,2
16.0603,-3.1634,0,0.3135,0,221.8,playing,2
16.0768,-4.0563,0,0.3135,0,225.95,playing,2
16.0926,-4.6453,0,0.30953,0,230.12,playing,2
16.1094,-4.6453,0,0.30953,0,234.59,playing,2
16.1257,-5.0265,0,0.28005,0,239.64,playing,2
16.1425,-5.0265,0,0.28005,0,244.68,playing,2
16.1596,-5.0265,0,0.32319,0,250.36,playing,2
16.1763,-21.4723,1,0.32319,0,256.35,playing,2
16.1927,-21.4723,0,0.3209,0,250.04,playing,2
16.209,-21.4723,0,0.3209,0,244.38,playing,2
16.2251,-33.0809,0,0.3168,0,239.0,playing,2
16.2411,-33.0809,0,0.3168,0,233.91,playing,2
16.2568,-29.9964,0,0.3168,0,229.09,playing,2
16.2729,-16.1793,0,0.3168,0,224.56,playing,2
16.2885,-16.1793,0,0.24521,0,220.31,playing,2
16.3053,-16.1793,0,0.24521,0,216.34,playing,2
16.3218,-16.1793,0,0.23332,0,212.44,playing,2
16.3373,-16.1793,0,0.23332,0,209.05,playing,2
16.3534,20.7087,0,0.24017,0,205.94,playing,2
16.3701,20.7087,0,0.24017,0,203.12,playing,2
16.3862,20.7087,0,0.25024,0,200.57,playing,2
16.4032,17.3967,0,0.25024,0,198.19,playing,2
16.4204,17.3967,0,0.28276,0,196.12,playing,2
16.4369,13.0029,0,0.28276,0,194.37,playing,2
16.4531,13.0029,0,0.29956,0,193.01,playing,2
16.4691,13.0029,0,0.29956,0,191.92,playing,2
16.4847,13.0029,0,0.30728,0,191.12,playing,2
16.5017,13.0029,0,0.30728,0,190.6,playing,2
16.5177,13.0029,0,0.32668,0,190.37,playing,2
16.5333,5.2135,0,0.32668,0,190.43,playing,2
16.5494,5.2135,0,0.303,0,190.77,playing,2
16.5675,5.2135,0,0.303,0,191.39,playing,2
16.5843,1.0559,0,0.303,0,192.45,playing,2
16.6013,1.0559,0,0.32487,0,193.77,playing,2
16.6186,-0.1941,0,0.32487,0,195.41,playing,2
16.6351,-0.1941,0,0.32487,0,197.36,playing,2
16.6506,-0.1941,0,0.32362,0,199.48,playing,2
16.6677,-0.1941,0,0.32362,0,201.88,playing,2
16.6835,-0.1941,0,0.31707,0,204.75,playing,2
16.7001,-0.1941,0,0.31707,0,207.73,playing,2
16.7157,-1.8215,0,0.33829,0,211.0,playing,2
16.7315,-1.8215,0,0.33829,0,214.54,playing,2
16.7477,-1.8215,0,0.31617,0,218.37,playing,2
16.7637,-2.388,0,0.31617,0,222.48,playing,2
16.7804,-2.388,0,0.33121,0,226.87,playing,2
16.7974,-2.76,0,0.33121,0,231.85,playing,2
16.8143,-4.0467,0,0.32354,0,237.15,playing,2
16.8309,-4.0467,0,0.32354,0,242.77,playing,2
16.8474,-4.0467,0,0.31346,0,248.34,playing,2
16.8641,-4.0467,0,0.31346,0,254.58,playing,2
16.8797,-4.0467,0,0.35162,0,260.73,playing,2
16.8957,-22.9727,1,0.35162,0,267.16,playing,2
16.9125,-22.9727,0,0.28339,0,261.2,playing,2
16.9286,-22.9727,0,0.28339,0,255.19,playing,2
16.9451,-13.3037,0,0.28339,0,249.81,playing,2
16.9622,-13.3037,0,0.28339,0,244.41,playing,2
16.9788,11.2414,0,0.22643,0,239.34,playing,3
16.9948,11.2414,0,0.22643,0,234.84,playing,3
17.011,11.2414,0,0.2326,0,230.62,playing,3
17.027,11.2414,0,0.2326,0,226.69,playing,3
17.0431,11.2414,0,0.2091,0,223.03,playing,3
17.0592,11.2414,0,0.2091,0,219.66,playing,3
17.0747,15.9405,0,0.2091,0,216.57,playing,3
17.0908,15.9405,0,0.29127,1,213.77,playing,3
17.1064,15.9405,0,0.29127,0,211.24,playing,3
17.1235,9.6121,0,0.34003,0,208.99,playing,3
17.14,9.6121,0,0.34003,0,206.93,playing,3
17.1566,7.2618,0,0.3449,0,205.26,playing,3
17.1732,7.2618,0,0.3449,0,203.81,playing,3
17.1898,7.2618,0,0.35118,0,202.68,playing,3
17.2058,4.1276,0,0.35118,0,201.9,playing,3
17.2224,4.1276,0,0.36233,0,201.39,playing,3
17.2391,4.1276,0,0.36233,0,201.18,playing,3
17.2549,2.3821,0,,0,201.26,playing,3
17.2704,2.3821,0,,0,201.62,playing,3
17.2873,2.3821,0,,0,202.26,playing,3
17.3042,-0.505,0,,0,203.26,playing,3
17.3212,-0.505,0,,0,204.58,playing,3
17.3383,-1.8858,0,,0,206.21,playing,3
17.355,-1.8858,0,,0,208.16,playing,3
17.3708,-1.8858,0,,0,210.28,playing,3
17.3866,-2.4845,0,,0,212.69,playing,3
17.4032,-2.4845,0,,0,215.37,playing,3
17.4193,-2.4845,0,,0,218.33,playing,3
17.436,-2.4845,0,,0,221.8,playing,3
17.4523,-2.4845,0,,0,225.35,playing,3
17.4689,-2.4845,0,,0,229.43,playing,3
17.4847,-2.6165,0,,0,233.56,playing,3
17.5016,-2.6165,0,,0,237.97,playing,3
17.5183,-2.5611,0,,0,242.97,playing,3
17.5351,-2.5611,0,,0,248.29,playing,3
17.5519,-2.5611,0,,0,253.93,playing,3
17.5677,-3.3278,0,,0,259.51,playing,3
17.5845,-3.3278,0,,0,265.38,playing,3
17.6006,-3.3278,0,,0,271.93,playing,3
17.6176,-3.3278,0,,0,278.38,playing,3
17.6336,-3.3278,0,,0,285.55,playing,3
17.6498,-3.3278,0,,0,292.59,playing,3
17.6659,-9.1888,1,,0,299.9,playing,3
17.6817,-9.1888,0,,0,293.94,playing,3
17.6977,11.0362,0,,0,288.26,playing,3
17.7139,11.0362,0,,0,282.87,playing,3
17.7297,11.0362,0,,0,277.75,playing,3
17.7458,10.5584,0,,0,272.92,playing,3
17.7618,10.5584,0,,0,268.37,playing,3
17.7779,10.5584,0,,0,264.1,playing,3
17.7941,6.8884,0,,0,260.11,playing,3
17.8099,6.8884,0,,0,256.41,playing,3
17.8265,6.8884,0,,0,252.99,playing,3
17.8431,4.9144,0,,0,249.67,playing,3
17.8592,4.9144,0,,0,246.82,playing,3
17.8757,4.9144,0,,0,244.12,playing,3
17.8913,3.302,0,,0,241.86,playing,3
17.9079,3.302,0,,0,239.88,playing,3
17.9235,2.0636,0,,0,238.18,playing,3
17.9398,2.0636,0,,0,236.76,playing,3
17.9563,2.0636,0,,0,235.62,playing,3
17.9728,0.7243,0,,0,234.73,playing,3
17.989,0.7243,0,,0,234.18,playing,3
18.006,0.7243,0,,0,233.91,playing,3
18.0217,0.7243,0,,0,233.93,playing,3
18.0383,0.7243,0,,0,234.24,playing,3
18.0546,0.7243,0,,0,234.88,playing,3
18.0707,-1.9989,0,,0,235.77,playing,3
18.0873,-1.9989,0,,0,236.94,playing,3
18.1039,-2.4473,0,,0,238.5,playing,3
18.1198,-2.4473,0,,0,240.25,playing,3
18.1358,-2.4473,0,,0,242.28,playing,3
18.152,-2.4473,0,,0,244.6,playing,3
18.1676,-2.4473,0,,0,247.19,playing,3
18.1836,-2.4473,0,,0,250.07,playing,3
18.1998,-2.4473,0,,0,253.23,playing,3
18.2157,-2.4473,0,,0,256.67,playing,3
18.2323,-2.4473,0,,0,260.39,playing,3
18.2488,-1.7316,0,,0,264.66,playing,3
18.2646,-1.7316,0,,0,268.96,playing,3
18.2811,-3.0,0,,0,273.55,playing,3
18.2982,-3.0,0,,0,278.74,playing,3
18.3153,-3.0,0,,0,284.24,playing,3
18.3319,-22.4601,1,,0,290.07,playing,3
18.3479,-22.4601,0,,0,284.11,playing,3
18.3635,-22.4601,0,,0,278.43,playing,3
18.3803,-4.0138,0,,0,273.04,playing,3
18.397,-4.0138,0,,0,267.62,playing,3
18.4131,-4.0138,0,,0,262.81,playing,3
18.4291,10.7515,0,,0,258.28,playing,3
18.4451,10.7515,0,,0,254.02,playing,3
18.4607,10.7515,0,,0,250.05,playing,3
18.4768,12.8459,0,,0,246.37,playing,3
18.4933,12.8459,0,,0,242.96,playing,3
18.5099,10.7166,0,,0,239.66,playing,3
18.5267,10.7166,0,,0,236.83,playing,3
18.5426,10.7166,0,,0,234.15,playing,3
18.5592,10.7166,0,,0,231.9,playing,3
18.5759,10.7166,0,,0,229.84,playing,3
18.5915,10.7166,0,,0,228.17,playing,3
18.6087,4.0851,0,,0,226.79,playing,3
18.6248,4.0851,0,,0,225.64,playing,3
18.6403,4.0851,0,,0,224.84,playing,3
18.657,2.1892,0,,0,224.32,playing,3
18.6733,2.1892,0,,0,224.08,playing,3
18.6903,-0.5554,0,,0,224.14,playing,3
18.7069,-0.5554,0,,0,224.53,playing,3
18.723,-0.5554,0,,0,225.17,playing,3
18.7385,-1.3108,0,,0,226.09,playing,3
18.7551,-1.3108,0,,0,227.3,playing,3
18.7722,-1.3108,0,,0,228.89,playing,3
18.7893,-2.2465,0,,0,230.81,playing,3
18.8054,-2.2465,0,,0,233.04,playing,3
18.8214,-2.9466,0,,0,235.43,playing,4
18.8381,-2.9466,0,0.31518,0,238.09,playing,4
18.8541,-2.9466,0,0.31518,0,241.04,playing,4
18.8712,-3.2085,0,,0,244.49,playing,4
18.8882,-3.2085,0,,0,248.26,playing,4
18.9049,-3.2085,0,,0,252.34,playing,4
18.9209,-2.2108,0,,0,256.47,playing,4
18.9375,-2.2108,0,,0,260.88,playing,4
18.954,-2.2108,0,,0,265.88,playing,4
18.9701,-4.5444,0,0.34511,0,270.87,playing,4
18.9871,-4.5444,0,0.34511,0,276.49,playing,4
19.0042,-26.3458,1,,0,282.42,playing,4
19.0214,-26.3458,0,,0,276.11,playing,4
19.0374,-26.3458,0,,0,270.12,playing,4
19.0545,-18.9731,0,,0,264.76,playing,4
19.0705,-18.9731,0,,0,259.38,playing,4
19.0866,-18.9731,0,,0,254.6,playing,4
19.1027,4.7478,0,,0,250.1,playing,4
19.1184,4.7478,0,,0,245.89,playing,4
19.1354,4.7478,0,,0,241.95,playing,4
19.1515,18.1432,0,,0,238.09,playing,4
19.1683,18.1432,0,,0,234.74,playing,4
19.1849,15.559,0,,0,231.49,playing,4
19.2009,15.559,0,0.24768,0,228.72,playing,4
19.2184,15.559,0,0.24768,0,226.23,playing,4
19.2355,9.8983,0,0.29778,0,223.78,playing,4
19.252,9.8983,0,0.29778,0,221.79,playing,4
19.2686,9.8983,0,0.32927,0,220.11,playing,4
19.2851,9.8983,0,0.32927,0,218.82,playing,4
19.3022,9.8983,0,0.3252,0,217.76,playing,4
19.3188,9.8983,0,0.34068,0,217.02,playing,4
19.3353,9.8983,0,0.34068,0,216.61,playing,4
19.3518,9.8983,0,0.3159,0,216.48,playing,4
19.3682,9.8983,0,0.3159,0,216.65,playing,4
19.3847,9.8983,0,0.3159,0,217.15,playing,4
19.4013,9.8983,0,0.34054,0,217.89,playing,4
19.4184,0.2492,0,0.34054,0,219.0,playing,4
19.4354,0.2492,0,0.31849,0,220.43,playing,4
19.4521,-1.0201,0,0.31849,0,222.18,playing,4
19.4677,-1.3459,0,0.3413,0,224.11,playing,4
19.4842,-1.3459,0,0.3413,0,226.32,playing,4
19.501,-1.3459,0,0.33669,0,228.98,playing,4
19.5173,-1.3459,0,0.33669,0,231.77,playing,4
19.5343,-1.3459,0,0.35849,0,235.05,playing,4
19.5512,-1.6958,0,0.35849,0,238.65,playing,4
19.5686,-1.6958,0,0.33917,0,242.57,playing,4
19.587,-1.6958,0,0.34658,0,246.8,playing,4
19.6031,-1.4816,0,0.34658,0,251.64,playing,4
19.6196,-1.4816,0,0.30754,0,256.22,playing,4
19.6356,-3.685,0,0.30754,0,261.41,playing,4
19.6523,-3.685,0,0.30754,0,266.58,playing,4
19.669,-3.685,0,0.33628,0,272.38,playing,4
19.6866,-28.6478,1,0.33628,0,278.13,playing,4
19.7026,-28.6478,0,0.32184,0,271.47,playing,4
19.7196,-28.6478,0,0.2697,0,265.82,playing,4
19.7359,-23.5883,0,0.2697,0,260.15,playing,4
19.752,-23.5883,0,0.2697,0,255.09,playing,4
19.7676,-3.156,0,0.24665,0,250.31,playing,4
19.7847,-3.156,0,0.24665,0,245.81,playing,4
19.8008,-3.156,0,0.225,0,241.35,playing,4
19.8167,15.6111,0,0.225,0,237.43,playing,4
19.8334,15.6111,0,0.23111,0,233.8,playing,4
19.8501,15.6111,0,0.23111,0,230.25,playing,4
19.8656,15.6111,0,0.25162,0,227.2,playing,4
19.8826,15.6111,0,0.25162,0,224.43,playing,4
19.8991,15.6111,0,0.26691,0,221.8,playing,4
19.9157,15.6111,0,0.26691,0,219.49,playing,4
19.9317,15.6111,0,0.3074,0,217.59,playing,4
19.9484,14.0612,0,0.3074,0,215.98,playing,4
19.9646,8.358,0,0.34381,0,214.59,playing,4
19.9815,8.358,0,0.34381,0,213.56,playing,4
19.9976,8.358,0,0.32214,0,212.78,playing,4
20.0136,8.358,0,0.32214,0,212.33,playing,4
20.0298,8.358,0,0.29241,0,212.16,playing,4
20.0465,8.358,0,0.29241,0,212.28,playing,4
20.0629,8.358,0,0.2967,0,212.72,playing,4
20.0787,8.358,0,0.2967,0,213.41,playing,4
20.0948,0.8533,0,0.2967,0,214.39,playing,4
20.111,0.8533,0,0.29077,0,215.64,playing,4
20.1265,-0.8972,0,0.29077,0,217.18,playing,4
20.1431,-1.8608,0,0.28884,0,219.0,playing,4
20.1586,-1.8608,0,0.28884,0,221.11,playing,4
20.1749,-2.3355,0,0.34293,0,223.49,playing,4
20.1905,-2.3355,0,0.34293,0,226.16,playing,4
20.207,-2.3355,0,0.33577,0,229.1,playing,4
20.2225,-2.5552,0,0.33577,0,232.33,playing,4
20.2389,-2.5552,0,0.3292,0,235.84,playing,4
20.2554,-2.5552,0,0.3292,0,239.63,playing,4
20.272,-3.1606,0,0.28535,0,243.98,playing,4
20.2875,-3.1606,0,0.28535,0,248.35,playing,4
20.3035,-3.1606,0,0.33731,0,253.01,playing,4
20.3196,-4.4906,0,0.33731,0,257.94,playing,4
20.3357,-4.4906,0,0.31312,0,263.16,playing,4
20.3523,-28.8337,1,0.31312,0,268.66,playing,4
20.3689,-28.8337,0,0.30565,0,262.35,playing,4
20.3848,-28.8337,0,0.30565,0,256.69,playing,4
20.4014,-21.3777,0,0.24849,0,251.31,playing,4
20.4185,-21.3777,0,0.24849,0,245.92,playing,4
20.4348,-21.3777,0,0.21707,0,240.84,playing,4
20.4511,16.08,0,0.21707,0,236.34,playing,4
20.4677,16.08,0,0.21707,0,231.88,playing,4
20.4839,16.08,0,0.23979,1,227.96,playing,4
20.4999,20.6874,0,0.23979,0,224.33,playing,4
20.5161,20.6874,0,0.20298,0,220.98,playing,4
20.5321,19.0111,0,0.20298,0,217.9,playing,4
20.5492,19.0111,0,0.22962,0,214.96,playing,4
20.5647,19.0111,0,0.22962,0,212.47,playing,4
20.5808,11.1109,0,0.26883,0,210.26,playing,4
20.5968,11.1109,0,0.26883,0,208.33,playing,4
20.6134,11.1109,0,0.25414,0,206.68,playing,4
20.6299,11.1109,0,0.25414,0,205.25,playing,4
20.6465,11.1109,0,0.26498,0,204.18,playing,4
20.664,11.1109,0,0.26498,0,203.37,playing,4
20.68,11.1109,0,0.30713,0,202.87,playing,5
20.6955,11.1109,0,0.30713,0,202.69,playing,5
20.7116,11.1109,0,0.33137,0,202.78,playing,5
20.7282,11.1109,0,0.33137,0,203.16,playing,5
20.7437,11.1109,0,0.36241,0,203.82,playing,5
20.7597,11.1109,0,0.36241,0,204.76,playing,5
20.7758,11.1109,0,0.31124,0,205.98,playing,5
20.7913,11.1109,0,0.31124,0,207.49,playing,5
20.8079,-1.4384,0,0.30986,0,209.27,playing,5
20.8234,-1.4384,0,0.30986,0,211.34,playing,5
20.8399,-1.4384,0,0.31819,0,213.69,playing,5
20.8555,-1.4384,0,0.31819,0,216.32,playing,5
20.8725,-1.4384,0,0.34452,0,219.23,playing,5
20.8896,-1.4384,0,0.34452,0,222.64,playing,5
20.9061,-1.7596,0,0.28445,0,226.37,playing,5
20.9217,-1.7596,0,0.28445,0,230.17,playing,5
20.9382,-2.1181,0,0.30598,0,234.24,playing,5
20.9548,-3.0522,0,0.30598,0,238.89,playing,5
20.9709,-3.0522,0,0.2814,0,243.54,playing,5
20.9874,-4.2275,0,0.2814,0,248.48,playing,5
21.0035,-4.2275,0,0.32062,0,254.04,playing,5
21.0201,-4.2275,0,0.32062,0,259.56,playing,5
21.0361,-26.2402,1,0.29216,0,265.35,playing,5
21.0531,-26.2402,0,0.29216,0,259.04,playing,5
21.0691,-26.2402,0,0.26109,0,253.38,playing,5
21.0862,-21.6429,0,0.26109,0,247.69,playing,5
21.1028,-21.6429,0,0.17736,0,242.31,playing,5
21.1195,13.1715,0,0.17736,0,237.53,playing,5
21.1363,13.1715,0,0.2129,0,232.77,playing,5
21.1529,13.1715,0,0.2129,0,228.33,playing,5
21.1689,15.5767,0,0.2129,0,224.43,playing,5
21.1856,15.5767,0,0.1921,0,220.81,playing,5
21.2017,15.5767,0,0.1921,0,217.29,playing,5
21.2181,14.4185,0,0.22559,1,214.25,playing,5
21.2341,14.4185,0,0.22559,0,211.49,playing,5
21.2511,12.2643,0,0.26868,0,208.89,playing,5
21.2682,9.8425,0,0.26868,0,206.59,playing,5
21.2848,9.8425,0,0.29178,0,204.62,playing,5
21.3006,9.8425,0,0.29178,0,203.04,playing,5
21.3172,9.8425,0,0.27416,0,201.75,playing,5
21.3343,9.8425,0,0.27416,0,200.69,playing,5
21.3507,3.036,0,0.30613,0,199.95,playing,5
21.3674,3.036,0,0.30613,0,199.54,playing,5
21.3842,3.036,0,0.30169,0,199.42,playing,5
21.3998,1.7171,0,0.30169,0,199.58,playing,5
21.416,1.7171,0,0.30422,0,200.03,playing,5
21.4316,0.442,0,0.30422,0,200.76,playing,5
21.4481,0.442,0,0.31282,0,201.77,playing,5
21.4638,0.442,0,0.31282,0,203.06,playing,5
21.4798,-1.5491,0,0.29896,0,204.64,playing,5
21.4963,-1.5491,0,0.29896,0,206.49,playing,5
21.5129,-1.5491,0,0.33598,0,208.78,playing,5
21.5288,-1.5491,0,0.33598,0,211.22,playing,5
21.5445,-1.5491,0,0.29663,0,213.94,playing,5
21.5614,-1.5491,0,0.29663,0,216.94,playing,5
21.578,-1.5491,0,0.33648,0,220.44,playing,5
21.5942,-1.5491,0,0.33648,0,224.03,playing,5
21.6103,-1.5491,0,0.28839,0,227.89,playing,5
21.6268,-4.2053,0,0.28839,0,232.31,playing,5
21.6429,-4.2053,0,0.30248,0,236.75,playing,5
21.6594,-23.8889,1,0.30248,0,241.48,playing,5
21.676,-23.8889,0,0.30217,0,235.17,playing,5
21.692,-23.8889,0,0.30217,0,229.51,playing,5
21.7077,-23.8889,0,0.20007,0,224.13,playing,5
21.7247,-23.8889,0,0.20007,0,219.03,playing,5
21.7412,-23.8889,0,0.19179,0,213.94,playing,5
21.7583,-17.8303,0,0.19179,0,209.16,playing,5
21.7747,-17.8303,0,0.21334,0,204.7,playing,5
21.7917,-17.8303,0,0.21334,0,200.78,playing,5
21.808,-17.8303,0,0.24954,1,196.94,playing,5
21.8236,-17.8303,0,0.24954,0,193.6,playing,5
21.8408,23.8339,0,0.23504,0,190.55,playing,5
21.8573,23.8339,0,0.23504,0,187.62,playing,5
21.8739,23.8339,0,0.18771,0,185.01,playing,5
21.89,23.6456,0,0.18771,0,182.83,playing,5
21.9056,23.6456,0,0.18771,0,180.94,playing,5
21.9221,23.6456,0,0.26081,0,179.33,playing,5
21.9376,17.6489,0,0.26081,0,178.0,playing,5
21.9539,17.6489,0,0.2438,0,176.95,playing,5
21.9695,17.6489,0,0.2438,0,176.19,playing,5
21.9862,13.1424,0,0.312,0,175.7,playing,5
22.0027,13.1424,0,0.312,0,175.5,playing,5
22.019,6.3298,0,0.28168,0,175.6,playing,5
22.0345,6.3298,0,0.28168,0,175.98,playing,5
22.0511,6.3298,0,0.30246,0,176.64,playing,5
22.0682,3.2107,0,0.30246,0,177.66,playing,5
22.0847,3.2107,0,0.29306,0,178.99,playing,5
22.1012,3.2107,0,0.29306,0,180.53,playing,5
22.1183,3.2107,0,0.29456,0,182.48,playing,5
22.1354,3.2107,0,0.29456,0,184.76,playing,5
22.152,-1.1699,0,0.30613,0,187.34,playing,5
22.1677,-1.1699,0,0.30613,0,190.06,playing,5
22.184,-1.1699,0,0.31055,0,193.06,playing,5
22.1999,-3.7801,0,0.31055,0,196.34,playing,5
22.216,-3.7801,0,0.31055,0,199.91,playing,5
22.232,-3.7801,0,0.31055,0,203.75,playing,5
22.2481,-3.7801,0,0.32069,0,207.88,playing,5
22.2636,-3.7801,0,0.32069,0,212.29,playing,5
22.2802,-3.7801,0,0.33869,0,216.98,playing,5
22.2968,-4.5945,0,0.33869,0,222.28,playing,5
22.3139,-4.5945,0,0.33869,0,227.55,playing,5
22.3299,-4.5945,0,0.32208,0,233.47,playing,5
22.347,-31.4926,1,0.32208,0,239.32,playing,5
22.364,-31.4926,0,0.29407,0,232.65,playing,5
22.3804,-21.0876,0,0.29407,0,227.01,playing,5
22.397,-21.0876,0,0.2127,0,221.33,playing,5
22.4126,-21.0876,0,0.2127,0,216.27,playing,5
22.4287,-1.031,0,0.21196,0,211.49,playing,5
22.4448,-1.031,0,0.21196,0,207.0,playing,5
22.4613,-1.031,0,0.18442,0,202.78,playing,5
22.4784,-1.031,0,0.18442,0,198.62,playing,5
22.4947,-1.031,0,0.23979,1,194.78,playing,5
22.5107,-1.031,0,0.23979,0,191.44,playing,6
22.5272,18.3725,0,0.21989,0,188.39,playing,6
22.5442,18.3725,0,0.21989,0,185.46,playing,6
22.5612,18.3725,0,0.25433,0,182.85,playing,6
22.5777,18.3725,0,0.25433,0,180.56,playing,6
22.5933,18.3725,0,0.25433,0,178.68,playing,6
22.6102,7.3522,0,0.25433,0,177.09,playing,6
22.6263,7.3522,0,0.26822,0,175.78,playing,6
22.6429,7.3522,0,0.26822,0,174.7,playing,6
22.659,7.3522,0,0.29021,0,173.97,playing,6
22.675,7.3522,0,0.29021,0,173.52,playing,6
22.6915,4.7635,0,0.30233,0,173.35,playing,6
22.7076,0.9635,0,0.30233,0,173.49,playing,6
22.7238,0.9635,0,0.31145,0,173.9,playing,6
22.7403,-0.4748,0,0.31145,0,174.6,playing,6
22.7569,-0.4748,0,0.31827,0,175.65,playing,6
22.7726,-0.4748,0,0.31827,0,176.93,playing,6
22.7892,-2.685,0,0.35418,0,178.49,playing,6
22.8062,-2.685,0,0.35418,0,180.46,playing,6
22.8228,-2.685,0,0.30579,0,182.75,playing,6
22.8384,-2.6641,0,0.30579,0,185.18,playing,6
22.8545,-2.6641,0,0.30579,0,187.9,playing,6
22.8709,-2.6906,0,0.30579,0,190.9,playing,6
22.8876,-2.6906,0,0.32419,0,194.41,playing,6
22.9043,-2.6906,0,0.32419,0,197.99,playing,6
22.9213,-2.4476,0,0.32419,0,202.11,playing,6
22.9378,-2.4476,0,0.32419,0,206.55,playing,6
22.9534,-2.4476,0,0.28467,0,211.01,playing,6
22.9704,-2.4476,0,0.28467,0,215.75,playing,6
22.9876,-2.4476,0,0.30598,0,221.11,playing,6
23.0045,-2.4476,0,0.30598,0,226.79,playing,6
23.0211,-2.4476,0,0.31617,0,232.78,playing,6
23.0366,-2.4476,0,0.31617,0,238.7,playing,6
23.0527,-2.9291,0,0.32902,0,244.9,playing,6
23.0687,-25.8653,1,0.32902,0,251.39,playing,6
23.085,-25.8653,0,0.3093,0,245.43,playing,6
23.101,-25.8653,0,0.3093,0,239.75,playing,6
23.1171,-25.8653,0,0.22348,0,234.36,playing,6
23.1331,-25.8653,0,0.22348,0,229.24,playing,6
23.1501,-25.8653,0,0.21303,0,224.13,playing,6
23.1672,-25.8653,0,0.21303,0,219.33,playing,6
23.1838,-25.8653,0,0.22028,1,214.85,playing,6
23.2002,16.2249,0,0.22028,0,210.92,playing,6
23.2163,16.2249,0,0.21999,0,207.26,playing,6
23.233,6.9078,0,0.21999,0,203.7,playing,6
23.2491,6.9078,0,0.22508,0,200.63,playing,6
23.2656,6.9078,0,0.22508,0,197.84,playing,6
23.2822,6.9078,0,0.22508,0,195.19,playing,6
23.2988,6.9078,0,0.22508,0,192.86,playing,6
23.3149,6.9078,0,0.25734,0,190.95,playing,6
23.331,9.7597,0,0.25734,0,189.32,playing,6
23.347,9.7597,0,0.26949,0,187.98,playing,6
23.3631,9.7597,0,0.26949,0,186.91,playing,6
23.3792,8.2185,0,0.25376,0,186.13,playing,6
23.3958,8.2185,0,0.25376,0,185.61,playing,6
23.4119,5.8723,0,0.30292,0,185.41,playing,6
23.4284,5.8723,0,0.30292,0,185.49,playing,6
23.4455,5.8723,0,0.31011,0,185.89,playing,6
23.4621,1.9127,0,0.31011,0,186.61,playing,6
23.4776,1.9127,0,0.31288,0,187.57,playing,6
23.4947,1.9127,0,0.31288,0,188.81,playing,6
23.5113,1.9127,0,0.29619,0,190.44,playing,6
23.5279,1.9127,0,0.29619,0,192.39,playing,6
23.5439,1.9127,0,0.35525,0,194.51,playing,6
23.5595,-0.5316,0,0.35525,0,196.92,playing,6
23.5761,-0.5316,0,0.35525,0,199.6,playing,6
23.5927,-1.2725,0,0.3358,0,202.77,playing,6
23.6103,-1.2725,0,0.3358,0,206.03,playing,6
23.6273,-1.2725,0,0.3358,0,210.06,playing,6
23.6438,-2.602,0,0.31779,0,214.18,playing,6
23.6594,-2.602,0,0.31779,0,218.35,playing,6
23.676,-2.602,0,0.31779,0,222.79,playing,6
23.6923,-2.3816,0,0.30899,0,227.51,playing,6
23.7089,-2.3816,0,0.30899,0,232.85,playing,6
23.7264,-2.2366,0,0.3245,0,238.51,playing,6
23.7429,-2.2366,0,0.32426,0,244.48,playing,6
23.7587,-2.2366,0,0.32426,0,250.38,playing,6
23.7753,-12.3493,0,0.32426,0,256.57,playing,6
23.7922,-12.3493,0,0.3266,0,263.46,playing,6
23.8088,-12.3493,0,0.33339,0,270.67,playing,6
23.8249,-22.9594,1,0.33339,0,277.73,playing,6
23.841,-22.9594,0,0.33339,0,271.78,playing,6
23.8576,-22.9594,0,0.28762,0,265.76,playing,6
23.8752,-14.2693,0,0.20893,0,260.39,playing,6
23.8917,-14.2693,0,0.20893,0,254.69,playing,6
23.9083,-14.2693,0,0.20893,1,249.91,playing,6
23.9248,-14.2693,0,0.22782,0,245.15,playing,6
23.9408,-14.2693,0,0.22782,0,240.95,playing,6
23.9585,14.7813,0,0.23923,0,236.81,playing,6
23.9751,14.7813,0,0.23923,0,232.99,playing,6
23.9907,14.7813,0,0.23923,0,229.67,playing,6
24.0077,14.7813,0,0.23923,0,226.63,playing,6
24.0237,14.7813,0,0.26167,0,223.72,playing,6
24.0408,14.7813,0,0.26167,0,221.27,playing,6
24.0566,14.7813,0,0.30178,0,218.97,playing,6
24.0736,14.7813,0,0.30178,0,217.1,playing,6
24.0897,14.7813,0,0.31149,0,215.43,playing,6
24.1067,14.7813,0,0.31149,0,214.13,playing,6
24.1242,14.7813,0,0.29964,0,213.03,playing,6
24.1408,2.5265,0,0.31293,0,212.31,playing,6
24.1568,2.5265,0,0.31293,0,211.91,playing,6
24.1726,2.5265,0,0.31293,0,211.8,playing,6
24.1891,2.5265,0,0.31706,0,211.96,playing,6
24.2057,2.5265,0,0.31706,0,212.41,playing,6
24.2233,-1.2049,0,0.30699,0,213.27,playing,6
24.2405,-1.2049,0,0.3006,0,214.4,playing,6
24.2566,-1.2049,0,0.3006,0,215.85,playing,6
24.2737,-1.8807,0,0.3006,0,217.5,playing,6
24.2901,-1.8807,0,0.31385,0,219.56,playing,6
24.3061,-1.8807,0,0.31385,0,221.79,playing,6
24.3221,-2.1097,0,0.31385,0,224.29,playing,6
24.3381,-2.1097,0,0.31385,0,227.08,playing,6
24.3556,-2.1097,0,0.31011,0,230.36,playing,7
24.3717,-2.5228,0,0.31556,0,233.96,playing,7
24.3887,-2.5228,0,0.31556,0,237.63,playing,7
24.4053,-2.5228,0,0.31293,0,241.85,playing,7
24.4219,-2.5228,0,0.31293,0,246.38,playing,7
24.4385,-2.5228,0,0.32176,0,250.93,playing,7
24.4555,-26.6455,1,0.32176,0,256.08,playing,7
24.4716,-26.6455,0,0.30199,0,249.77,playing,7
24.4877,-26.6455,0,0.30199,0,244.11,playing,7
24.5047,-18.8568,0,0.30199,0,238.73,playing,7
24.5208,-18.8568,0,0.27328,0,233.34,playing,7
24.5373,-18.8568,0,0.27328,0,228.54,playing,7
24.5544,-13.4363,0,0.23092,0,223.76,playing,7
24.5706,-13.4363,0,0.23092,0,219.3,playing,7
24.5867,14.6596,0,0.22616,0,215.38,playing,7
24.6026,14.6596,0,0.22616,0,211.75,playing,7
24.6187,14.6596,0,0.2321,0,208.4,playing,7
24.6353,24.0828,0,0.2321,0,205.32,playing,7
24.6523,24.0828,0,0.21099,0,202.38,playing,7
24.6689,24.0828,0,0.21099,0,199.75,playing,7
24.6844,18.5142,0,0.2054,0,197.56,playing,7
24.7005,18.5142,0,0.2054,0,195.65,playing,7
24.7166,13.6109,0,0.2393,1,194.02,playing,7
24.7326,13.6109,0,0.2393,0,192.67,playing,7
24.7492,13.6109,0,0.26503,0,191.61,playing,7
24.7658,13.6109,0,0.26503,0,190.79,playing,7
24.7818,13.6109,0,0.26473,0,190.31,playing,7
24.7978,13.6109,0,0.26473,0,190.1,playing,7
24.8141,10.1206,0,0.26459,0,190.18,playing,7
24.8312,10.1206,0,0.26459,0,190.58,playing,7
24.8472,10.1206,0,0.29636,0,191.24,playing,7
24.8643,10.1206,0,0.29636,0,192.26,playing,7
24.8806,10.1206,0,0.30467,0,193.6,playing,7
24.8966,6.6467,0,0.30467,0,195.14,playing,7
24.9127,-0.7138,0,0.29351,0,196.96,playing,7
24.9288,-0.7138,0,0.29351,0,199.06,playing,7
24.9451,-0.7138,0,0.2783,0,201.44,playing,7
24.9611,-0.7138,0,0.2783,0,204.11,playing,7
24.9771,-0.7138,0,0.31038,0,207.06,playing,7
24.9937,-2.8097,0,0.31038,0,210.5,playing,7
25.0099,-2.8097,0,0.31448,0,214.03,playing,7
25.0264,-2.8097,0,0.31448,0,217.84,playing,7
25.0429,-3.2663,0,0.32031,0,222.21,playing,7
25.0585,-3.2663,0,0.32031,0,226.6,playing,7
25.0755,-3.2663,0,0.31288,0,231.27,playing,7
25.092,-3.6179,0,0.31288,0,236.55,playing,7
25.1082,-3.6179,0,0.32053,0,241.8,playing,7
25.1248,-3.7561,0,0.32053,0,247.7,playing,7
25.1409,-3.7561,0,0.30337,0,253.54,playing,7
25.1574,-3.7561,0,0.30337,0,259.65,playing,7
25.174,-3.7561,0,0.31378,0,266.47,playing,7
25.1905,-3.7561,0,0.31378,0,273.16,playing,7
25.2066,-3.7561,0,0.33552,0,280.6,playing,7
25.2231,-3.7561,0,0.33552,0,287.87,playing,7
25.2402,-3.7561,0,0.26466,0,295.92,playing,7
25.2567,-14.0652,0,0.26466,0,304.29,playing,7
25.2733,-17.9138,1,0.21001,0,312.45,playing,7
25.2898,-17.9138,0,0.21001,0,306.13,playing,7
25.3059,-17.9138,0,0.18477,0,300.48,playing,7
25.3216,-17.9138,0,0.18477,0,295.1,playing,7
25.3382,-17.9138,0,0.23133,1,290.0,playing,7
25.3552,-0.9708,0,0.23133,0,284.91,playing,7
25.3722,-0.9708,0,0.2354,0,280.13,playing,7
25.3893,-0.9708,0,0.2354,0,275.67,playing,7
25.4058,18.5408,0,0.2215,0,271.52,playing,7
25.4219,18.5408,0,0.2215,0,267.91,playing,7
25.438,15.0939,0,0.26929,0,264.57,playing,7
25.4536,15.0939,0,0.26929,0,261.52,playing,7
25.4707,15.0939,0,0.26475,0,258.74,playing,7
25.4872,15.0939,0,0.26475,0,256.11,playing,7
25.5032,15.0939,0,0.31971,0,253.92,playing,7
25.5198,15.0939,0,0.31971,0,251.91,playing,7
25.5358,4.8495,0,0.30323,0,250.3,playing,7
25.5524,4.8495,0,0.30323,0,248.97,playing,7
25.569,4.8495,0,0.3213,0,247.88,playing,7
25.5845,1.1371,0,0.3213,0,247.13,playing,7
25.6011,1.1371,0,0.30026,0,246.66,playing,7
25.6171,-0.5197,0,0.30026,0,246.47,playing,7
25.6347,-0.5197,0,0.30706,0,246.59,playing,7
25.6512,-0.5197,0,0.30706,0,247.03,playing,7
25.6672,-0.5197,0,0.31281,0,247.73,playing,7
25.6838,-0.5197,0,0.31281,0,248.78,playing,7
25.7,-0.5197,0,0.31036,0,250.06,playing,7
25.7158,-0.5197,0,0.31036,0,251.62,playing,7
25.7329,-0.5197,0,0.31456,0,253.45,playing,7
25.749,-0.5197,0,0.31456,0,255.72,playing,7
25.7645,-25.432,1,0.31456,0,258.14,playing,7
25.7814,-25.432,0,0.32878,0,252.19,playing,7
25.798,-23.3912,0,0.32878,0,246.17,playing,7
25.8146,-23.3912,0,0.23193,0,240.8,playing,7
25.8307,-23.3912,0,0.23193,0,235.4,playing,7
25.8472,-11.571,0,0.21503,0,230.6,playing,7
25.8643,-11.571,0,0.21503,0,225.82,playing,7
25.8809,-11.571,0,0.18079,0,221.36,playing,7
25.8979,9.1857,0,0.18079,0,217.22,playing,7
25.9145,9.1857,0,0.16757,0,213.6,playing,7
25.9315,9.1857,0,0.19006,0,210.08,playing,7
25.9476,9.1857,0,0.19006,0,206.87,playing,7
25.9638,9.1857,0,0.2424,1,204.13,playing,7
25.9798,21.2809,0,0.2424,0,201.68,playing,7
25.9958,21.2809,0,0.28163,0,199.5,playing,7
26.0124,21.2809,0,0.28163,0,197.61,playing,7
26.0294,10.2973,0,0.26703,0,195.91,playing,7
26.046,10.2973,0,0.30156,0,194.54,playing,7
26.0617,10.2973,0,0.30156,0,193.53,playing,7
26.0783,6.6832,0,0.30156,0,192.8,playing,7
26.0948,6.6832,0,0.29575,0,192.34,playing,7
26.1109,6.6832,0,0.29575,0,192.19,playing,7
26.1269,6.6832,0,0.27528,0,192.32,playing,7
26.1428,6.6832,0,0.27528,0,192.73,playing,7
26.1589,6.6832,0,0.28889,0,193.42,playing,7
26.1747,6.6832,0,0.28889,0,194.4,playing,7
26.1903,6.6832,0,0.28147,0,195.66,playing,7
26.2074,-0.7516,0,0.28147,0,197.2,playing,8
26.2245,-0.7516,0,0.31963,0,199.15,playing,8
26.2411,-0.7516,0,0.31963,0,201.42,playing,8
26.2569,-2.3405,0,0.29923,0,203.84,playing,8
26.2731,-2.3405,0,0.29923,0,206.54,playing,8
26.2888,-2.3405,0,0.29462,0,209.52,playing,8
26.3044,-3.4316,0,0.29462,0,212.79,playing,8
26.3212,-3.4316,0,0.28445,0,216.33,playing,8
26.3368,-3.2829,0,0.28445,0,220.16,playing,8
26.353,-3.5391,0,0.30551,0,224.27,playing,8
26.3686,-3.5391,0,0.30551,0,228.66,playing,8
26.3853,-4.6521,0,0.3135,0,233.33,playing,8
26.4019,-4.6521,0,0.3135,0,238.61,playing,8
26.4181,-4.6521,0,0.3135,0,243.87,playing,8
26.4343,-10.4334,0,0.31043,0,249.4,playing,8
26.4513,-10.4334,0,0.31043,0,255.6,playing,8
26.4685,-10.4334,0,0.31355,0,262.12,playing,8
26.4851,-26.3061,1,0.31355,0,268.95,playing,8
26.5023,-26.3061,0,0.21468,0,262.64,playing,8
26.5194,-21.1297,0,0.21468,0,256.64,playing,8
26.536,-21.1297,0,0.20221,0,250.97,playing,8
26.5521,-21.1297,0,0.20221,0,245.91,playing,8
26.5685,11.5033,0,0.19024,0,241.13,playing,8
26.5849,11.5033,0,0.19024,0,236.37,playing,8
26.6007,11.5033,0,0.18504,0,232.17,playing,8
26.6167,22.3031,0,0.18504,0,228.25,playing,8
26.6327,22.3031,0,0.20526,0,224.62,playing,8
26.6497,22.3031,0,0.20526,0,221.26,playing,8
26.6663,22.0312,0,0.21653,0,218.02,playing,8
26.6834,22.0312,0,0.21653,0,215.09,playing,8
26.6999,14.4965,0,0.25724,1,212.48,playing,8
26.7165,14.4965,0,0.25724,0,210.31,playing,8
26.7336,14.4965,0,0.27928,0,208.31,playing,8
26.7497,14.4965,0,0.24283,0,206.64,playing,8
26.7657,14.4965,0,0.24283,0,205.35,playing,8
26.7817,14.4965,0,0.24283,0,204.33,playing,8
26.7977,14.4965,0,0.3063,0,203.6,playing,8
26.8138,14.4965,0,0.3063,0,203.15,playing,8
26.8296,14.4965,0,0.28791,0,202.98,playing,8
26.8461,2.1365,0,0.28791,0,203.1,playing,8
26.8616,2.1365,0,0.30713,0,203.49,playing,8
26.8782,2.1365,0,0.30713,0,204.17,playing,8
26.8952,2.1365,0,0.29604,0,205.21,playing,8
26.9117,2.1365,0,0.29604,0,206.56,playing,8
26.9283,-2.0482,0,0.31694,0,208.12,playing,8
26.9453,-2.0482,0,0.31694,0,210.09,playing,8
26.9624,-2.0482,0,0.28791,0,212.38,playing,8
26.9794,-2.0482,0,0.28791,0,214.99,playing,8
26.9965,-2.0482,0,0.29462,0,217.91,playing,8
27.0124,-2.3458,0,0.29462,0,221.16,playing,8
27.0286,-2.0483,0,0.30086,0,224.49,playing,8
27.0451,-2.0483,0,0.30086,0,228.11,playing,8
27.0611,-2.5901,0,0.30638,0,232.0,playing,8
27.0773,-2.5901,0,0.30638,0,236.18,playing,8
27.0941,-2.5901,0,0.29501,0,240.94,playing,8
27.1101,-2.5901,0,0.29501,0,245.7,playing,8
27.1269,-2.5901,0,0.29501,0,251.08,playing,8
27.1437,-2.5901,0,0.30606,0,256.42,playing,8
27.1599,-2.7656,0,0.30606,0,262.41,playing,8
27.1758,-2.7656,0,0.32671,0,268.33,playing,8
27.1919,-2.7656,0,0.32671,0,274.54,playing,8
27.208,-18.6209,0,0.30062,0,281.02,playing,8
27.2236,-18.6209,0,0.30062,0,287.79,playing,8
27.2396,-27.1932,1,0.29359,0,294.83,playing,8
27.2557,-27.1932,0,0.29359,0,288.88,playing,8
27.272,-27.1932,0,0.22005,0,283.2,playing,8
27.288,-14.3827,0,0.22005,0,277.8,playing,8
27.3046,-14.3827,0,0.23643,0,272.69,playing,8
27.3206,-14.3827,0,0.23643,0,267.58,playing,8
27.3367,1.6197,0,0.22506,0,263.04,playing,8
27.3527,1.6197,0,0.22506,0,258.79,playing,8
27.3693,1.6197,0,0.18601,0,254.82,playing,8
27.3863,1.6197,0,0.18601,0,250.92,playing,8
27.4024,1.6197,0,0.21416,0,247.34,playing,8
27.4194,19.5852,0,0.21416,0,244.25,playing,8
27.4362,19.5852,0,0.18946,0,241.29,playing,8
27.4532,19.5852,0,0.18946,0,238.64,playing,8
27.4691,19.5852,0,0.20624,0,236.43,playing,8
27.4846,19.5852,0,0.20624,0,234.5,playing,8
27.5007,19.5852,0,0.20624,0,232.86,playing,8
27.5173,19.5852,0,0.25724,1,231.49,playing,8
27.5344,19.5852,0,0.25724,0,230.36,playing,8
27.5504,19.5852,0,0.27871,0,229.54,playing,8
27.567,3.1165,0,0.27871,0,229.06,playing,8
27.583,3.1165,0,0.27871,0,228.86,playing,8
27.5986,1.2714,0,0.25353,0,228.93,playing,8
27.6152,1.2714,0,0.25353,0,229.29,playing,8
27.6323,1.2714,0,0.31279,0,229.99,playing,8
27.6494,-0.1699,0,0.31279,0,231.01,playing,8
27.666,-0.1699,0,0.27926,0,232.35,playing,8
27.682,-0.1699,0,0.27926,0,233.89,playing,8
27.6976,-0.1699,0,0.27926,0,235.71,playing,8
27.7143,-0.1699,0,0.26404,0,237.81,playing,8
27.7308,-0.1699,0,0.26404,0,240.36,playing,8
27.7474,-2.6899,0,0.28621,0,243.05,playing,8
27.764,-2.6899,0,0.28621,0,246.22,playing,8
27.7806,-3.2139,0,0.28621,0,249.48,playing,8
27.7976,-3.2139,0,0.29712,0,253.27,playing,8
27.8138,-3.2139,0,0.29712,0,257.37,playing,8
27.8299,-4.6477,0,0.31088,0,261.51,playing,8
27.8459,-4.6477,0,0.31088,0,265.94,playing,8
27.8615,-4.6477,0,0.30181,0,270.65,playing,8
27.8781,-12.16,0,0.30181,0,275.63,playing,8
27.8942,-12.16,0,0.30181,0,280.9,playing,8
27.9113,-21.9558,1,0.30181,0,286.82,playing,8
27.9278,-23.4618,0,0.30181,0,280.51,playing,8
27.9438,-23.4618,0,0.28897,0,274.85,playing,8
27.9599,-16.8802,0,0.28897,0,269.47,playing,8
27.976,-16.8802,0,0.25311,0,264.38,playing,8
27.9925,-16.8802,0,0.25311,0,259.56,playing,8
28.0092,10.3138,0,0.25311,0,254.77,playing,8
28.0252,10.3138,0,0.23684,0,250.53,playing,8
28.0418,10.3138,0,0.23684,0,246.35,playing,8
28.0583,17.5649,0,0.25059,0,242.7,playing,9
28.0754,17.5649,0,0.25059,0,239.14,playing,9
28.092,17.5649,0,0.22773,0,235.89,playing,9
28.1081,17.5649,0,0.22773,0,233.12,playing,9
28.1237,17.5649,0,0.22773,0,230.63,playing,9
28.1402,11.1611,0,0.2058,0,228.42,playing,9
28.1572,11.1611,0,0.2058,0,226.39,playing,9
28.1738,11.1611,0,0.22912,1,224.68,playing,9
28.1898,11.1611,0,0.22912,0,223.35,playing,9
28.2059,11.1611,0,0.29159,0,222.3,playing,9
28.222,11.1611,0,0.29159,0,221.53,playing,9
28.2375,-16.9041,0,0.29159,0,221.05,playing,9
28.2546,-16.9041,0,0.2678,0,220.84,playing,9
28.2716,-8.0118,0,0.2678,0,220.95,playing,9
28.2877,-8.0118,0,0.23568,0,221.37,playing,9
28.3038,-8.0118,0,0.23568,0,222.04,playing,9
28.3199,8.8297,0,0.19361,0,223.0,playing,9
28.3354,8.8297,0,0.19361,0,224.24,playing,9
28.352,8.8297,0,0.19361,0,225.76,playing,9
28.3676,12.0685,0,0.23964,0,227.57,playing,9
28.384,12.0685,0,0.23964,0,229.65,playing,9
28.4003,12.0685,0,0.23964,0,232.02,playing,9
28.4167,8.6557,0,0.23583,0,234.85,playing,9
28.4327,8.6557,0,0.23583,0,237.8,playing,9
28.4488,8.6557,0,0.29345,0,241.02,playing,9
28.4648,4.1041,0,0.29345,0,244.54,playing,9
28.4822,4.1041,0,0.29345,0,248.33,playing,9
28.4977,1.7173,0,0.27614,0,252.67,playing,9
28.5143,1.7173,0,0.27614,0,257.05,playing,9
28.5309,1.7173,0,0.27422,0,262.01,playing,9
28.5464,0.1147,0,0.27422,0,266.96,playing,9
28.5635,0.1147,0,0.32928,0,272.2,playing,9
28.5806,0.1147,0,0.32928,0,278.08,playing,9
28.5971,0.1147,0,0.32928,0,284.28,playing,9
28.6134,0.1147,0,0.32928,0,290.39,playing,9
28.6305,0.1147,0,0.32928,0,297.21,playing,9
28.6471,-2.4709,0,0.3219,0,304.34,playing,9
28.6631,-2.4709,0,0.3219,0,311.34,playing,9
28.6802,-29.0996,1,0.31909,0,319.09,playing,9
28.6973,-29.0996,0,0.31909,0,312.78,playing,9
28.714,-29.0996,0,0.32878,0,306.78,playing,9
28.7295,-29.0996,0,0.32878,0,301.42,playing,9
28.7456,-29.0996,0,0.32878,0,296.34,playing,9
28.7617,-29.0996,0,0.29309,0,291.55,playing,9
28.7777,-17.4626,0,0.29309,0,287.03,playing,9
28.7938,-17.4626,0,0.23152,0,282.8,playing,9
28.8099,-17.4626,0,0.23152,0,278.84,playing,9
28.826,-17.4626,0,0.23152,0,275.17,playing,9
28.8426,-17.4626,0,0.21314,0,271.79,playing,9
28.8587,19.6318,0,0.21314,0,268.5,playing,9
28.8758,19.6318,0,0.21046,0,265.54,playing,9
28.8918,19.6318,0,0.21046,0,263.03,playing,9
28.9075,19.6318,0,0.2,0,260.8,playing,9
28.9235,19.6318,0,0.2,0,258.86,playing,9
28.9406,19.6318,0,0.2208,1,257.19,playing,9
28.9571,14.9342,0,0.2208,0,255.74,playing,9
28.9737,14.9342,0,0.2208,0,254.61,playing,9
28.9897,14.9342,0,0.27366,0,253.83,playing,9
29.0058,14.9342,0,0.27366,0,253.32,playing,9
29.0219,14.9342,0,0.30647,0,253.1,playing,9
29.0375,7.8734,0,0.30647,0,253.16,playing,9
29.0541,4.7479,0,0.30647,0,253.51,playing,9
29.0697,4.7479,0,0.27498,0,254.13,playing,9
29.0862,2.1364,0,0.27498,0,255.04,playing,9
29.1033,2.1364,0,0.2862,0,256.32,playing,9
29.1199,2.1364,0,0.2862,0,257.91,playing,9
29.1359,0.6035,0,0.2862,0,259.7,playing,9
29.1525,0.6035,0,0.30143,0,261.77,playing,9
29.1685,0.6035,0,0.30143,0,264.28,playing,9
29.1851,-2.8212,0,0.28505,0,266.93,playing,9
29.2017,-2.8212,0,0.28505,0,270.06,playing,9
29.2178,-3.8883,0,0.28505,0,273.29,playing,9
29.2361,-3.8883,0,0.3211,0,276.8,playing,9
29.2527,-3.8883,0,0.3211,0,281.11,playing,9
29.2687,-3.8427,0,0.3211,0,285.49,playing,9
29.2848,-3.8427,0,0.3211,0,289.9,playing,9
29.3009,-3.8427,0,0.33423,0,294.59,playing,9
29.3164,-3.8427,0,0.33423,0,299.56,playing,9
29.3335,-3.8427,0,0.30199,0,304.81,playing,9
29.3495,-3.8427,0,0.30199,0,310.71,playing,9
29.3666,-3.7532,0,0.32119,0,316.54,playing,9
29.3826,-3.7532,0,0.32119,0,323.06,playing,9
29.3987,-5.7871,0,0.32119,0,329.47,playing,9
29.4153,-15.7698,0,0.30832,0,336.17,playing,9
29.4318,-15.7698,0,0.30832,0,343.6,playing,9
29.4478,-27.2406,1,0.29034,0,350.88,playing,9
29.4639,-27.2406,0,0.29034,0,344.92,playing,9
29.4799,-27.2406,0,0.21747,0,339.24,playing,9
29.4964,-27.2406,0,0.21747,0,333.85,playing,9
29.5125,-27.2406,0,0.23503,1,328.43,playing,9
29.5289,-27.2406,0,0.23503,0,323.62,playing,9
29.545,-26.3269,0,0.19717,0,319.09,playing,9
29.561,-26.3269,0,0.19717,0,314.84,playing,9
29.5772,-20.2322,0,0.21688,0,310.87,playing,9
29.5933,20.5091,0,0.21688,0,306.97,playing,9
29.6102,20.5091,0,0.21688,0,303.58,playing,9
29.6256,20.5091,0,0.20869,0,300.47,playing,9
29.6417,20.5091,0,0.20869,0,297.65,playing,9
29.6578,20.5091,0,0.1872,0,295.1,playing,9
29.6739,25.3254,0,0.1872,0,292.84,playing,9
29.6905,25.3254,0,0.24642,0,290.86,playing,9
29.7075,25.3254,0,0.26498,0,289.07,playing,9
29.7251,25.3254,0,0.26498,0,287.54,playing,9
29.7412,25.3254,0,0.26498,0,286.45,playing,9
29.7578,19.5904,0,0.2504,0,285.62,playing,9
29.7743,19.5904,0,0.31365,0,285.12,playing,9
29.7908,19.5904,0,0.31365,0,284.9,playing,9
29.8069,14.952,0,0.2535,0,284.98,playing,9
29.8226,14.952,0,0.2535,0,285.34,playing,9
29.8397,14.952,0,0.2535,0,285.98,playing,9
29.8562,1.2147,0,0.2535,0,286.98,playing,9
29.8728,1.2147,0,0.2535,0,288.3,playing,9
29.8901,1.2147,0,0.28286,0,289.93,playing,9
29.9067,-1.6907,0,0.27244,0,291.75,playing,10
29.9228,-1.6907,0,0.27244,0,294.01,playing,10
29.939,-2.9884,0,0.27244,0,296.41,playing,10
29.955,-2.9884,0,0.28609,0,299.09,playing,10
29.971,-2.9884,0,0.28609,0,302.06,playing,10
29.9868,-4.6498,0,0.29507,0,305.3,playing,10
30.0028,-4.6498,0,0.29507,0,308.83,playing,10
30.0186,-4.6498,0,0.30525,0,312.64,playing,10
30.0352,-17.769,0,0.30525,0,316.73,playing,10
30.0508,-17.769,0,0.29298,0,321.1,playing,10
30.0669,-17.769,0,0.29298,0,325.76,playing,10
30.0825,-33.3292,1,0.25484,0,330.7,playing,10
30.0986,-33.3292,0,0.25484,0,324.74,playing,10
30.1148,-33.3292,0,0.20753,0,319.06,playing,10
30.1308,-27.5149,0,0.20753,0,313.66,playing,10
30.1468,-27.5149,0,0.21326,0,308.55,playing,10
30.1633,-27.5149,0,0.21326,0,303.72,playing,10
30.1804,-27.5149,0,0.21206,0,298.9,playing,10
30.1969,-27.5149,0,0.21206,0,294.4,playing,10
30.213,-20.8191,0,0.18711,0,290.45,playing,10
30.229,-20.8191,0,0.18711,0,286.78,playing,10
30.2446,-20.8191,0,0.18711,0,283.39,playing,10
30.2613,17.2009,0,0.18711,0,280.29,playing,10
30.2779,17.2009,0,0.2207,1,277.3,playing,10
30.2939,17.2009,0,0.2207,0,274.78,playing,10
30.3102,22.3825,0,0.2207,0,272.53,playing,10
30.3272,22.3825,0,0.22429,0,270.46,playing,10
30.3443,14.3476,0,0.22429,0,268.72,playing,10
30.3608,14.3476,0,0.24679,0,267.28,playing,10
30.3768,14.3476,0,0.24679,0,266.22,playing,10
30.3929,10.4152,0,0.26901,0,265.43,playing,10
30.409,10.4152,0,0.26901,0,264.93,playing,10
30.4245,10.4152,0,0.2831,0,264.71,playing,10
30.441,6.766,0,0.2831,0,264.77,playing,10
30.457,6.766,0,0.29015,0,265.11,playing,10
30.4736,6.766,0,0.29015,0,265.74,playing,10
30.4896,3.4055,0,0.29015,0,266.72,playing,10
30.5062,3.4055,0,0.25712,0,267.92,playing,10
30.5232,1.275,0,0.25712,0,269.52,playing,10
30.5388,-0.4649,0,0.28188,0,271.31,playing,10
30.5548,-0.4649,0,0.28188,0,273.37,playing,10
30.5714,-1.5115,0,0.29393,0,275.72,playing,10
30.5884,-1.5115,0,0.29393,0,278.54,playing,10
30.6046,-1.5115,0,0.29393,0,281.67,playing,10
30.6215,-3.6583,0,0.29249,0,284.9,playing,10
30.638,-3.6583,0,0.29249,0,288.65,playing,10
30.6539,-3.6583,0,0.29249,0,292.46,playing,10
30.6695,-3.6583,0,0.28019,0,296.55,playing,10
30.6865,-3.6583,0,0.28019,0,300.92,playing,10
30.7033,-3.9281,0,0.27219,0,305.88,playing,10
30.7203,-3.9281,0,0.27219,0,311.17,playing,10
30.7373,-3.9281,0,0.32296,0,316.77,playing,10
30.7544,-4.6121,0,0.32296,0,322.68,playing,10
30.7717,-4.6121,0,0.32296,0,328.92,playing,10
30.7882,-4.6121,0,0.27923,0,335.47,playing,10
30.8053,-24.6301,1,0.27923,0,342.34,playing,10
30.8224,-24.6301,0,0.31732,0,336.03,playing,10
30.8385,-23.7272,0,0.31732,0,330.04,playing,10
30.8545,-23.7272,0,0.29503,0,324.68,playing,10
30.8711,-23.7272,0,0.29503,0,319.6,playing,10
30.8872,-23.7272,0,0.29503,0,314.8,playing,10
30.9043,-23.7272,0,0.21,0,310.02,playing,10
30.9209,-23.7272,0,0.21,0,305.56,playing,10
30.937,-2.1909,0,0.17759,0,301.65,playing,10
30.9526,-2.1909,0,0.17759,0,298.01,playing,10
30.9692,-2.1909,0,0.17759,0,294.66,playing,10
30.9852,22.0739,0,0.2166,0,291.58,playing,10
31.0013,22.0739,0,0.2166,0,288.79,playing,10
31.0179,16.882,0,0.22712,1,286.15,playing,10
31.0345,16.882,0,0.22712,0,283.94,playing,10
31.0505,16.882,0,0.20388,0,281.91,playing,10
31.0673,16.882,0,0.20388,0,280.28,playing,10
31.0844,16.882,0,0.20388,0,278.87,playing,10
31.1006,16.882,0,0.21601,0,277.77,playing,10
31.1167,9.6555,0,0.21601,0,277.02,playing,10
31.1327,9.6555,0,0.2746,0,276.56,playing,10
31.1489,9.6555,0,0.2746,0,276.37,playing,10
31.165,6.4194,0,0.2746,0,276.47,playing,10
31.1814,6.4194,0,0.2746,0,276.84,playing,10
31.198,6.4194,0,0.27454,0,277.56,playing,10
31.2134,6.4194,0,0.27454,0,278.52,playing,10
31.232,6.4194,0,0.27454,0,279.76,playing,10
31.2486,6.4194,0,0.29339,0,281.51,playing,10
31.2656,6.4194,0,0.29339,0,283.48,playing,10
31.2821,6.4194,0,0.29507,0,285.77,playing,10
31.2985,-1.3732,0,0.29507,0,288.38,playing,10
31.3157,-1.3732,0,0.25734,0,291.12,playing,10
31.3315,-2.2123,0,0.25734,0,294.34,playing,10
31.348,-2.8536,0,0.25734,0,297.66,playing,10
31.364,-2.8536,0,0.3043,0,301.26,playing,10
31.3801,-19.9076,0,0.3043,0,305.14,playing,10
31.3956,-19.9076,0,0.26883,0,309.3,playing,10
31.4117,-19.9076,0,0.26883,0,313.74,playing,10
31.4282,-19.9076,0,0.26775,0,318.47,playing,10
31.4452,-19.9076,0,0.26775,0,323.81,playing,10
31.4616,-19.9076,0,0.26775,0,329.46,playing,10
31.4777,-23.7542,1,0.31465,0,335.07,playing,10
31.4937,-23.7542,0,0.25766,0,329.11,playing,10
31.5099,-23.7542,0,0.25766,0,323.43,playing,10
31.5259,-1.0895,0,0.25366,0,318.04,playing,10
31.5426,-1.0895,0,0.26258,0,312.92,playing,10
31.5601,19.0997,0,0.26258,0,307.53,playing,10
31.5761,19.0997,0,0.25689,0,303.01,playing,10
31.5922,19.0997,0,0.25689,0,298.78,playing,10
31.6087,19.0997,0,0.21628,0,294.6,playing,10
31.6247,19.0997,0,0.21507,0,290.94,playing,10
31.6408,19.0997,0,0.21507,0,287.57,playing,10
31.6569,17.4012,0,0.22409,1,284.48,playing,10
31.6731,17.4012,0,0.22409,0,281.68,playing,10
31.6888,17.4012,0,0.23554,0,279.15,playing,10
31.7049,7.3476,0,0.22985,0,276.9,playing,10
31.7207,7.3476,0,0.22985,0,274.94,playing,10
31.7375,7.3476,0,0.27217,0,273.26,playing,10
31.7539,7.3476,0,0.27217,0,271.79,playing,11
31.7701,7.3476,0,0.31109,0,270.69,playing,11
31.7872,0.7538,0,0.31109,0,269.84,playing,11
31.8038,0.7538,0,0.28664,0,269.3,playing,11
31.82,0.7538,0,0.27918,0,269.08,playing,11
31.836,0.7538,0,0.27918,0,269.14,playing,11
31.8516,0.7538,0,0.27918,0,269.49,playing,11
31.8681,0.7538,0,0.2871,0,270.11,playing,11
31.8836,0.7538,0,0.2871,0,271.02,playing,11
31.9005,0.7538,0,0.25421,0,272.2,playing,11
31.9166,0.7538,0,0.29697,0,273.78,playing,11
31.9331,-5.5722,0,0.29697,0,275.55,playing,11
31.9492,-5.5722,0,0.27865,0,277.6,playing,11
31.9666,-5.5722,0,0.27865,0,280.1,playing,11
31.9828,-5.5722,0,0.27265,0,282.91,playing,11
31.9984,-5.5722,0,0.27265,0,285.84,playing,11
32.0156,-3.053,0,0.34307,0,289.05,playing,11
32.0326,-3.053,0,0.34307,0,292.78,playing,11
32.0488,-3.053,0,0.34307,0,296.83,playing,11
32.0652,-21.7699,1,0.30238,0,300.92,playing,11
32.0815,-21.7699,0,0.30238,0,294.96,playing,11
32.0977,-28.9733,0,0.27248,0,288.95,playing,11
32.1138,-28.9733,0,0.27248,0,283.57,playing,11
32.1303,-28.9733,0,0.17739,0,278.47,playing,11
32.1476,-11.3654,0,0.17739,0,273.38,playing,11
32.1639,-11.3654,0,0.25995,1,268.6,playing,11
32.18,-11.3654,0,0.25995,0,264.38,playing,11
32.1961,-0.9327,0,0.1997,0,260.45,playing,11
32.2122,-0.9327,0,0.1997,0,256.8,playing,11
32.2289,-0.9327,0,0.18302,0,253.23,playing,11
32.2449,-0.9327,0,0.18302,0,250.16,playing,11
32.2605,-0.9327,0,0.24801,0,247.37,playing,11
32.2767,15.4044,0,0.24801,0,244.86,playing,11
32.2929,21.0502,0,0.20984,0,242.63,playing,11
32.3084,21.0502,0,0.20984,0,240.69,playing,11
32.3257,18.0575,0,0.24256,0,239.02,playing,11
32.3418,18.0575,0,0.24256,0,237.57,playing,11
32.3586,18.0575,0,0.2796,0,236.49,playing,11
32.3746,10.3721,0,0.2796,0,235.66,playing,11
32.3907,10.3721,0,0.29422,0,235.16,playing,11
32.4073,10.3721,0,0.29422,0,234.94,playing,11
32.4245,10.3721,0,0.29422,0,235.02,playing,11
32.4407,10.3721,0,0.27572,0,235.42,playing,11
32.4564,7.0084,0,0.27572,0,236.08,playing,11
32.4729,0.9594,0,0.29519,0,237.02,playing,11
32.489,0.9594,0,0.29519,0,238.24,playing,11
32.5049,-1.249,0,0.28288,0,239.75,playing,11
32.5208,-1.249,0,0.28288,0,241.53,playing,11
32.5375,-1.249,0,0.29733,0,243.6,playing,11
32.5539,-1.249,0,0.29733,0,246.11,playing,11
32.5697,-1.249,0,0.29587,0,248.76,playing,11
32.5853,-1.249,0,0.29587,0,251.69,playing,11
32.6018,-4.9406,0,0.31473,0,254.9,playing,11
32.6178,-4.9406,0,0.31473,0,258.39,playing,11
32.634,-4.9406,0,0.29424,0,262.17,playing,11
32.6511,-20.8448,1,0.29424,0,266.23,playing,11
32.6673,-20.8448,0,0.28263,0,259.91,playing,11
32.6843,-23.606,0,0.28263,0,253.92,playing,11
32.7007,-23.606,0,0.21089,0,248.24,playing,11
32.7167,-23.606,0,0.20323,0,243.18,playing,11
32.7338,-23.606,0,0.20323,0,238.4,playing,11
32.7498,-23.606,0,0.20323,0,233.64,playing,11
32.7658,-23.606,0,0.21824,0,229.44,playing,11
32.7822,-23.606,0,0.21824,0,225.53,playing,11
32.7979,-23.606,0,0.23506,1,221.89,playing,11
32.8138,-23.606,0,0.23506,0,218.54,playing,11
32.8301,-23.606,0,0.22426,0,215.47,playing,11
32.8458,-23.606,0,0.22426,0,212.68,playing,11
32.8614,-23.606,0,0.25418,0,210.17,playing,11
32.8784,-23.606,0,0.25418,0,207.94,playing,11
32.8955,-23.606,0,0.27708,0,205.89,playing,11
32.9122,2.2206,0,0.27708,0,204.16,playing,11
32.929,2.2206,0,0.3083,0,202.75,playing,11
32.9453,2.2206,0,0.3083,0,201.7,playing,11
32.9624,2.2206,0,0.27557,0,200.9,playing,11
32.9793,2.2206,0,0.27557,0,200.43,playing,11
32.9963,13.344,0,0.29283,0,200.27,playing,11
33.0127,2.5933,0,0.29283,0,200.43,playing,11
33.0293,2.5933,0,0.31169,0,200.86,playing,11
33.0453,0.9284,0,0.31169,0,201.63,playing,11
33.0619,0.9284,0,0.31884,0,202.64,playing,11
33.0779,0.9284,0,0.31884,0,203.93,playing,11
33.094,0.9284,0,0.28246,0,205.51,playing,11
33.1101,0.9284,0,0.28246,0,207.37,playing,11
33.1263,0.9284,0,0.28246,0,209.5,playing,11
33.1431,-22.6581,1,0.33212,0,212.09,playing,11
33.1587,-22.6581,0,0.33212,0,206.13,playing,11
33.1749,-22.6581,0,0.28646,0,200.46,playing,11
33.1915,-27.2652,0,0.28646,0,195.06,playing,11
33.2081,-27.2652,0,0.24779,0,189.65,playing,11
33.2241,-23.0701,0,0.24779,0,184.83,playing,11
33.2401,-23.0701,0,0.21303,0,180.3,playing,11
33.2567,-23.0701,0,0.21303,0,175.8,playing,11
33.2731,-23.0701,0,0.20365,0,171.85,playing,11
33.2903,-23.0701,0,0.20365,0,167.97,playing,11
33.3064,-23.0701,0,0.2049,0,164.41,playing,11
33.3232,15.4175,0,0.20193,0,161.33,playing,11
33.3398,15.4175,0,0.20193,0,158.39,playing,11
33.3554,15.4175,0,0.20193,0,155.9,playing,11
33.3715,14.3452,0,0.21021,0,153.69,playing,11
33.3884,14.3452,0,0.21724,0,151.76,playing,11
33.4052,12.1493,0,0.21724,0,150.03,playing,11
33.4219,12.1493,0,0.29052,1,148.62,playing,11
33.4377,12.1493,0,0.29052,0,147.57,playing,11
33.4543,6.6442,0,0.29052,0,146.8,playing,11
33.471,6.6442,0,0.26105,0,146.3,playing,11
33.4879,6.6442,0,0.26105,0,146.13,playing,11
33.5043,3.8081,0,0.29674,0,146.24,playing,11
33.5215,3.8081,0,0.29674,0,146.68,playing,11
33.5383,2.3642,0,0.30391,0,147.43,playing,11
33.5548,2.3642,0,0.30391,0,148.51,playing,11
33.5707,2.3642,0,0.29352,0,149.8,playing,11
33.5868,-0.3848,0,0.29352,0,151.38,playing,11
33.6026,-0.3848,0,0.29591,0,153.23,playing,12
33.6193,-0.3848,0,0.29591,0,155.37,playing,12
33.6363,-1.6621,0,0.2975,0,157.96,playing,12
33.6534,-1.6621,0,0.2975,0,160.87,playing,12
33.67,-1.6621,0,0.30875,0,164.09,playing,12
33.6862,-1.6621,0,0.30875,0,167.41,playing,12
33.7029,-1.6621,0,0.30018,0,171.25,playing,12
33.719,-2.7382,0,0.30018,0,175.15,playing,12
33.7353,-3.2307,0,0.30485,0,179.33,playing,12
33.7517,-3.2307,0,0.30485,0,184.08,playing,12
33.7679,-3.3048,0,0.29612,0,188.84,playing,12
33.7842,-3.3048,0,0.29612,0,193.89,playing,12
33.8008,-3.3048,0,0.32714,0,199.56,playing,12
33.8168,-2.882,0,0.32714,0,205.18,playing,12
33.8335,-2.882,0,0.32714,0,211.09,playing,12
33.8501,-2.882,0,0.32714,0,217.68,playing,12
33.8663,-2.7399,0,0.32714,0,224.16,playing,12
33.8833,-2.7399,0,0.30357,0,231.37,playing,12
33.8999,-7.5914,0,0.30357,0,238.9,playing,12
33.9173,-7.5914,0,0.31725,0,246.74,playing,12
33.9342,-7.5914,0,0.318,0,254.9,playing,12
33.9496,-7.5914,0,0.318,0,262.87,playing,12
33.9657,-7.5914,0,0.26179,0,271.11,playing,12
33.9825,-7.5914,0,0.26179,0,279.64,playing,12
33.9993,-29.0801,1,0.22528,0,289.01,playing,12
34.0163,-29.0801,0,0.22528,0,282.7,playing,12
34.0333,1.1823,0,0.23456,0,276.71,playing,12
34.0502,1.1823,0,0.23456,0,271.03,playing,12
34.0671,1.1823,0,0.20088,0,265.67,playing,12
34.0832,1.1823,0,0.20088,0,260.91,playing,12
34.0992,1.1823,0,0.20422,0,256.43,playing,12
34.1155,1.1823,0,0.20422,0,252.23,playing,12
34.1326,18.7142,0,0.22522,1,248.09,playing,12
34.1496,18.7142,0,0.22522,0,244.27,playing,12
34.1657,18.7142,0,0.22522,0,240.76,playing,12
34.1819,15.5041,0,0.21935,0,237.74,playing,12
34.1979,15.5041,0,0.21935,0,235.0,playing,12
34.214,11.8267,0,0.2508,0,232.55,playing,12
34.2301,11.8267,0,0.2508,0,230.37,playing,12
34.2462,11.8267,0,0.2508,0,228.48,playing,12
34.2632,5.8335,0,0.2508,0,226.78,playing,12
34.2798,5.8335,0,0.27989,0,225.41,playing,12
34.2961,5.8335,0,0.27989,0,224.4,playing,12
34.3124,3.3685,0,0.27872,0,223.67,playing,12
34.3284,3.3685,0,0.27872,0,223.21,playing,12
34.3446,3.3685,0,0.28877,0,223.06,playing,12
34.3612,0.1589,0,0.28877,0,223.19,playing,12
34.377,0.1589,0,0.29697,0,223.6,playing,12
34.3935,-1.0746,0,0.29697,0,224.29,playing,12
34.4102,-1.0746,0,0.29315,0,225.35,playing,12
34.4272,-1.0746,0,0.29315,0,226.72,playing,12
34.4439,-1.0746,0,0.30634,0,228.42,playing,12
34.4609,-1.0746,0,0.30634,0,230.29,playing,12
34.4774,-1.0746,0,0.29632,0,232.75,playing,12
34.4943,-2.0034,0,0.29632,0,235.23,playing,12
34.5108,-2.0034,0,0.28583,0,238.17,playing,12
34.5265,-2.8203,0,0.28583,0,241.22,playing,12
34.5428,-2.9649,0,0.28583,0,244.56,playing,12
34.5588,-2.9649,0,0.28583,0,248.17,playing,12
34.5754,-13.6524,0,0.29015,0,252.07,playing,12
34.5917,-13.6524,0,0.29015,0,256.53,playing,12
34.6085,-13.6524,0,0.29015,0,261.01,playing,12
34.6249,-13.6524,0,0.28495,0,266.08,playing,12
34.6407,-13.6524,0,0.28495,0,271.14,playing,12
34.6568,-13.6524,0,0.28183,0,276.48,playing,12
34.6729,-26.6018,1,0.28183,0,282.11,playing,12
34.6889,-26.6018,0,0.28183,0,276.15,playing,12
34.7055,-26.6018,0,0.22818,0,270.47,playing,12
34.722,-0.9903,0,0.22818,0,264.76,playing,12
34.7376,-0.9903,0,0.2224,0,259.66,playing,12
34.7542,13.7372,0,0.2224,0,254.85,playing,12
34.7703,13.7372,0,0.2196,0,250.31,playing,12
34.7869,13.7372,0,0.2196,0,245.82,playing,12
34.8035,20.2671,0,0.2196,0,241.86,playing,12
34.8202,20.2671,0,0.198,0,237.98,playing,12
34.8373,20.2671,0,0.198,0,234.42,playing,12
34.8539,19.7322,0,0.20096,0,231.17,playing,12
34.8705,19.7322,0,0.20096,0,228.4,playing,12
34.887,19.7322,0,0.20986,0,225.77,playing,12
34.9027,19.7322,0,0.20986,0,223.58,playing,12
34.9193,19.7322,0,0.20986,0,221.67,playing,12
34.9358,15.8989,0,0.20986,0,219.96,playing,12
34.9514,15.8989,0,0.20986,0,218.63,playing,12
34.9684,15.8989,0,0.2907,1,217.58,playing,12
34.985,3.1889,0,0.2907,0,216.79,playing,12
35.0011,3.1889,0,0.3033,0,216.32,playing,12
35.0174,3.1889,0,0.3033,0,216.13,playing,12
35.0335,1.3414,0,0.3033,0,216.25,playing,12
35.0499,1.3414,0,0.29037,0,216.65,playing,12
35.0658,1.3414,0,0.29037,0,217.33,playing,12
35.0823,-1.5396,0,0.35016,0,218.28,playing,12
35.0995,-1.5396,0,0.35016,0,219.62,playing,12
35.1163,-2.3761,0,0.35016,0,221.27,playing,12
35.1334,-2.3761,0,0.29154,0,223.25,playing,12
35.1504,-2.3761,0,0.29154,0,225.54,playing,12
35.1666,-18.1364,0,0.29154,0,228.14,playing,12
35.1832,-18.1364,0,0.27536,0,230.88,playing,12
35.2003,-18.1364,0,0.27536,0,234.11,playing,12
35.2168,-22.5313,1,0.27536,0,237.65,playing,12
35.2339,-22.5313,0,0.2947,0,231.34,playing,12
35.2499,-14.3558,0,0.2947,0,225.68,playing,12
35.266,-14.3558,0,0.2947,0,220.3,playing,12
35.2825,-14.3558,0,0.2947,0,215.2,playing,12
35.2987,-9.7898,0,0.19868,0,210.11,playing,12
35.3152,-9.7898,0,0.19868,0,205.59,playing,12
35.3323,-9.7898,0,0.23186,1,201.11,playing,12
35.3489,-9.7898,0,0.23186,0,196.95,playing,12
35.3649,-9.7898,0,0.23186,0,193.32,playing,12
35.3815,-4.6025,0,0.19869,0,189.96,playing,12
35.3975,-4.6025,0,0.19869,0,186.72,playing,12
35.4146,-4.6025,0,0.17592,0,183.94,playing,12
35.4306,18.7599,0,0.17592,0,181.32,playing,12
35.4467,18.7599,0,0.20348,0,179.12,playing,13
35.4627,18.7599,0,0.20348,0,177.21,playing,13
35.4788,18.7599,0,0.25901,0,175.58,playing,13
35.4948,18.7599,0,0.25901,0,174.24,playing,13
35.5104,18.7599,0,0.25901,0,173.17,playing,13
35.5274,10.454,0,0.2797,0,172.39,playing,13
35.5445,10.454,0,0.2797,0,171.87,playing,13
35.5611,7.5763,0,0.32247,0,171.67,playing,13
35.5781,4.7596,0,0.32247,0,171.8,playing,13
35.5942,4.7596,0,0.28985,0,172.19,playing,13
35.6113,4.7596,0,0.28985,0,172.93,playing,13
35.6284,4.7596,0,0.28985,0,173.98,playing,13
35.6449,4.7596,0,0.28985,0,175.36,playing,13
35.661,0.3308,0,0.28985,0,176.93,playing,13
35.677,0.3308,0,0.31447,0,178.79,playing,13
35.6931,0.3308,0,0.31447,0,180.93,playing,13
35.7087,-2.5276,0,0.30939,0,183.35,playing,13
35.7252,-2.5276,0,0.30939,0,186.05,playing,13
35.7418,-3.1894,0,0.30939,0,189.23,playing,13
35.7583,-3.1894,0,0.31741,0,192.51,playing,13
35.7753,-3.1894,0,0.31741,0,196.32,playing,13
35.7919,-3.9774,0,0.30991,0,200.44,playing,13
35.808,-3.9774,0,0.30991,0,204.6,playing,13
35.824,-3.9774,0,0.30206,0,209.05,playing,13
35.8401,-4.5483,0,0.30206,0,213.77,playing,13
35.8562,-4.5483,0,0.30206,0,218.78,playing,13
35.8722,-4.5483,0,0.30206,0,224.07,playing,13
35.8882,-23.6204,1,0.30485,0,229.64,playing,13
35.9048,-23.6204,0,0.30485,0,223.32,playing,13
35.9209,-23.6204,0,0.24779,0,217.66,playing,13
35.937,-25.6185,0,0.24779,0,212.29,playing,13
35.9535,-25.6185,0,0.24779,0,207.19,playing,13
35.9701,-6.6905,0,0.24779,0,202.09,playing,13
35.9861,-6.6905,0,0.24779,0,197.58,playing,13
36.0017,-6.6905,0,0.23203,0,193.35,playing,13
36.0178,18.4828,0,0.23203,0,189.39,playing,13
36.0343,18.4828,0,0.20168,0,185.72,playing,13
36.051,18.4828,0,0.20168,0,182.14,playing,13
36.0666,17.7061,0,0.20168,0,179.05,playing,13
36.0832,17.7061,0,0.21226,0,176.24,playing,13
36.1002,17.7061,0,0.21226,0,173.58,playing,13
36.1168,15.4085,0,0.24669,1,171.23,playing,13
36.1329,15.4085,0,0.24669,0,169.3,playing,13
36.1485,8.6924,0,0.23687,0,167.66,playing,13
36.1656,8.6924,0,0.23687,0,166.29,playing,13
36.1827,8.6924,0,0.26981,0,165.16,playing,13
36.1993,8.6924,0,0.26981,0,164.34,playing,13
36.2164,8.6924,0,0.26981,0,163.85,playing,13
36.2329,8.6924,0,0.28931,0,163.67,playing,13
36.2495,1.5663,0,0.28931,0,163.78,playing,13
36.2655,1.5663,0,0.28171,0,164.22,playing,13
36.2821,1.5663,0,0.28171,0,164.92,playing,13
36.2976,1.5663,0,0.32028,0,165.89,playing,13
36.3137,1.5663,0,0.32028,0,167.15,playing,13
36.3303,1.5663,0,0.32028,0,168.69,playing,13
36.3469,1.5663,0,0.33741,0,170.64,playing,13
36.3629,1.5663,0,0.33741,0,172.76,playing,13
36.3785,-2.7339,0,0.33666,0,175.16,playing,13
36.395,-2.7339,0,0.33666,0,177.85,playing,13
36.4106,-2.7339,0,0.33666,0,180.81,playing,13
36.4271,-2.7339,0,0.32712,0,184.06,playing,13
36.4441,-2.7339,0,0.32712,0,187.83,playing,13
36.4602,-2.7339,0,0.32556,0,191.65,playing,13
36.4767,-3.0132,0,0.32556,0,196.04,playing,13
36.4933,-3.0132,0,0.33143,0,200.44,playing,13
36.5098,-3.17,0,0.33143,0,205.45,playing,13
36.5258,-3.17,0,0.31163,0,210.44,playing,13
36.5415,-3.17,0,0.31163,0,215.71,playing,13
36.5585,-2.7103,0,0.32474,0,221.26,playing,13
36.5752,-2.7103,0,0.32474,0,227.47,playing,13
36.5917,-2.7103,0,0.32875,0,234.01,playing,13
36.6084,-2.7103,0,0.33604,0,240.44,playing,13
36.6253,-2.7103,0,0.33604,0,247.59,playing,13
36.6424,-2.248,0,0.33604,0,255.06,playing,13
36.6591,-2.248,0,0.29021,0,262.85,playing,13
36.6749,-2.248,0,0.29021,0,270.46,playing,13
36.6905,-1.6392,0,0.29558,0,278.35,playing,13
36.7075,-1.6392,0,0.29558,0,286.53,playing,13
36.7246,-1.6392,0,,0,295.53,playing,13
36.7407,-19.375,0,,0,304.85,playing,13
36.7568,-19.375,0,0.30869,0,313.91,playing,13
36.7731,-19.375,0,0.30869,0,323.24,playing,13
36.789,-24.9793,1,,0,332.86,playing,13
36.8048,-24.9793,0,,0,326.9,playing,13
36.8205,-24.9793,0,0.23011,0,321.23,playing,13
36.8367,-24.9793,0,0.23011,0,315.83,playing,13
36.8528,-24.9793,0,,0,310.72,playing,13
36.8691,5.1577,0,,0,305.89,playing,13
36.8847,5.1577,0,,0,301.33,playing,13
36.9011,5.1577,0,,0,297.07,playing,13
36.9169,22.644,0,0.17914,0,293.08,playing,13
36.933,22.644,0,0.17914,0,289.37,playing,13
36.9493,22.644,0,0.22153,1,285.95,playing,13
36.9662,22.644,0,0.22153,0,282.63,playing,13
36.9832,22.644,0,0.22153,0,279.63,playing,13
36.9988,22.644,0,0.25768,0,277.08,playing,13
37.0143,11.3032,0,0.25768,0,274.82,playing,13
37.0305,11.3032,0,0.29168,0,272.84,playing,13
37.0472,8.874,0,0.29168,0,271.14,playing,13
37.0641,8.874,0,0.30341,0,269.65,playing,13
37.0805,8.874,0,0.30341,0,268.48,playing,13
37.0966,5.8654,0,0.30672,0,267.66,playing,13
37.1128,5.8654,0,0.30672,0,267.13,playing,13
37.1293,5.8654,0,0.29065,0,266.87,playing,13
37.1469,1.8505,0,0.29065,0,266.92,playing,13
37.1645,1.8505,0,0.29326,0,267.32,playing,13
37.1807,1.8505,0,0.29028,0,268.02,playing,13
37.1968,-0.3051,0,0.29028,0,268.96,playing,13
37.2133,-0.3051,0,0.29028,0,270.19,playing,13
37.2303,-1.8344,0,0.32217,0,271.8,playing,13
37.2472,-1.8344,0,0.30909,0,273.74,playing,13
37.2642,-1.8344,0,0.30909,0,275.99,playing,13
37.2807,-2.6272,0,0.33605,0,278.56,playing,13
37.2967,-2.6272,0,0.33605,0,281.26,playing,14
37.3129,-2.6272,0,0.2932,0,284.24,playing,14
37.3289,-2.6756,0,0.2932,0,287.51,playing,14
37.3454,-2.6756,0,0.2932,0,291.05,playing,14
37.3622,-3.4077,0,0.31676,0,295.14,playing,14
37.3793,-3.4077,0,0.31676,0,299.54,playing,14
37.396,-3.4077,0,0.34329,0,304.26,playing,14
37.4122,-3.2036,0,0.34329,0,308.99,playing,14
37.4278,-3.2036,0,0.33371,0,313.99,playing,14
37.4439,-3.2036,0,0.33371,0,319.28,playing,14
37.4597,-22.6971,1,0.33417,0,324.85,playing,14
37.476,-22.6971,0,0.33417,0,318.89,playing,14
37.4921,-22.6971,0,0.27509,0,313.21,playing,14
37.508,-22.6971,0,0.27509,0,307.82,playing,14
37.5241,-22.6971,0,0.23831,0,302.71,playing,14
37.5414,-26.0692,0,0.23831,0,297.59,playing,14
37.5576,-22.2901,0,0.24773,0,292.79,playing,14
37.5742,-22.2901,0,0.24773,0,288.56,playing,14
37.5912,0.962,0,0.18042,0,284.38,playing,14
37.6072,0.962,0,0.18042,0,280.73,playing,14
37.6237,0.962,0,0.22312,1,277.16,playing,14
37.6403,12.5452,0,0.22312,0,274.09,playing,14
37.6569,12.5452,0,0.21561,0,271.15,playing,14
37.6727,12.5452,0,0.21561,0,268.65,playing,14
37.6896,21.1227,0,0.21561,0,266.44,playing,14
37.7057,21.1227,0,0.19185,0,264.41,playing,14
37.7219,21.1227,0,0.19185,0,262.79,playing,14
37.7385,21.1227,0,0.26487,0,261.44,playing,14
37.7547,21.1227,0,0.26487,0,260.33,playing,14
37.7713,21.9783,0,0.26858,0,259.56,playing,14
37.7884,21.9783,0,0.26563,0,259.06,playing,14
37.8049,21.9783,0,0.26563,0,258.88,playing,14
37.8206,7.0163,0,,0,259.0,playing,14
37.8372,7.0163,0,,0,259.39,playing,14
37.8541,7.0163,0,0.30986,0,260.13,playing,14
37.8702,3.9593,0,0.30986,0,261.11,playing,14
37.887,3.9593,0,,0,262.46,playing,14
37.9025,0.1376,0,,0,264.02,playing,14
37.9186,0.1376,0,,0,265.86,playing,14
37.9346,0.1376,0,,0,267.98,playing,14
37.9507,-1.4749,0,,0,270.38,playing,14
37.9673,-1.4749,0,,0,273.06,playing,14
37.9844,-1.4749,0,,0,276.23,playing,14
38.0014,-1.4749,0,,0,279.72,playing,14
38.0181,-1.4749,0,,0,283.52,playing,14
38.0336,-1.4749,0,,0,287.38,playing,14
38.05,-3.1274,0,,0,291.53,playing,14
38.0655,-3.1274,0,,0,295.95,playing,14
38.0823,-3.1274,0,,0,300.66,playing,14
38.0995,-3.1274,0,,0,305.98,playing,14
38.1156,-3.1274,0,,0,311.62,playing,14
38.1315,-25.9779,1,,0,317.2,playing,14
38.1476,-25.9779,0,,0,311.25,playing,14
38.1636,-25.9779,0,,0,305.57,playing,14
38.1798,-19.4382,0,,0,300.17,playing,14
38.1959,-19.4382,0,0.21557,0,295.06,playing,14
38.2121,-19.4382,0,0.21557,0,290.23,playing,14
38.2282,-9.0744,0,0.22483,1,285.68,playing,14
38.2447,-9.0744,0,0.22483,0,281.16,playing,14
38.2623,21.8656,0,0.22483,0,277.19,playing,14
38.2789,21.8656,0,0.17742,0,273.08,playing,14
38.2954,21.8656,0,0.17742,0,269.71,playing,14
38.3123,21.6273,0,0.2272,0,266.45,playing,14
38.3296,21.6273,0,0.17846,0,263.5,playing,14
38.3466,21.6273,0,0.17846,0,260.87,playing,14
38.3627,14.1444,0,0.23175,0,258.56,playing,14
38.3788,14.1444,0,0.23175,0,256.67,playing,14
38.3953,14.1444,0,0.23175,0,255.06,playing,14
38.4122,14.1444,0,0.25451,0,253.66,playing,14
38.4295,14.1444,0,0.26524,0,252.59,playing,14
38.4455,6.3745,0,0.26524,0,251.83,playing,14
38.4621,6.3745,0,0.27937,0,251.4,playing,14
38.4777,6.3745,0,0.27937,0,251.25,playing,14
38.4933,4.1758,0,0.32409,0,251.38,playing,14
38.5106,4.1758,0,0.32409,0,251.79,playing,14
38.5271,4.1758,0,,0,252.55,playing,14
38.5443,4.1758,0,,0,253.62,playing,14
38.5612,4.1758,0,0.31661,0,255.01,playing,14
38.5787,-1.5711,0,0.31661,0,256.73,playing,14
38.5948,-2.7137,0,0.31937,0,258.75,playing,14
38.6114,-2.7137,0,0.31937,0,260.94,playing,14
38.6281,-3.3161,0,0.30579,0,263.59,playing,14
38.6453,-3.3161,0,0.30579,0,266.55,playing,14
38.6624,-3.3161,0,0.31504,0,269.83,playing,14
38.6797,-3.3161,0,0.31504,0,273.43,playing,14
38.6959,-3.3161,0,0.29985,0,277.35,playing,14
38.7116,-5.9767,0,0.29985,0,281.32,playing,14
38.7284,-5.9767,0,,0,285.57,playing,14
38.7454,-5.9767,0,,0,290.4,playing,14
38.7624,-24.876,1,,0,295.55,playing,14
38.779,-24.876,0,0.23028,0,289.24,playing,14
38.7955,-24.876,0,0.23028,0,283.58,playing,14
38.8115,6.2652,0,0.18302,0,277.88,playing,14
38.8281,6.2652,0,0.18302,0,272.81,playing,14
38.8449,6.2652,0,0.20723,0,267.73,playing,14
38.8615,16.8523,0,0.2273,1,263.23,playing,14
38.8784,16.8523,0,0.2273,0,258.77,playing,14
38.8957,20.03,0,0.21166,0,254.63,playing,14
38.9117,20.03,0,0.21166,0,250.8,playing,14
38.9288,20.03,0,0.24468,0,247.48,playing,14
38.9445,20.03,0,0.24468,0,244.28,playing,14
38.9606,20.03,0,0.26591,0,241.54,playing,14
38.9769,20.03,0,0.26591,0,239.08,playing,14
38.993,11.4561,0,0.3086,0,236.91,playing,14
39.0088,11.4561,0,0.3086,0,235.01,playing,14
39.0247,11.4561,0,0.30507,0,233.4,playing,14
39.0407,4.5385,0,0.30507,0,232.07,playing,14
39.0567,4.5385,0,0.30164,0,231.03,playing,14
39.0725,2.5546,0,0.30164,0,230.26,playing,14
39.0887,2.5546,0,0.30164,0,229.77,playing,14
39.1045,2.5546,0,0.30819,0,229.57,playing,14
39.1215,-1.1819,0,0.30819,0,229.65,playing,14
39.1384,-1.1819,0,0.30523,0,230.05,playing,14
39.1553,-1.1819,0,0.30523,0,230.77,playing,15
39.1717,-2.4924,0,0.31557,0,231.81,playing,15
39.1879,-2.4924,0,0.31557,0,233.06,playing,15
39.2038,-2.4924,0,0.30054,0,234.6,playing,15
39.2206,-2.4924,0,0.30054,0,236.42,playing,15
39.2373,-2.4924,0,0.32887,0,238.68,playing,15
39.2545,-3.4387,0,0.32887,0,241.25,playing,15
39.2705,-3.4387,0,0.31623,0,244.14,playing,15
39.2877,-3.4387,0,0.31623,0,247.14,playing,15
39.3045,-3.4754,0,0.30282,0,250.64,playing,15
39.3215,-3.4754,0,0.30282,0,254.46,playing,15
39.3382,-3.4754,0,0.33384,0,258.61,playing,15
39.3565,-3.4754,0,0.33384,0,263.06,playing,15
39.3732,-3.4754,0,0.34115,0,268.14,playing,15
39.3901,-24.0507,1,0.20136,0,273.26,playing,15
39.4062,-24.0507,0,0.20136,0,267.3,playing,15
39.4223,-24.0507,0,0.25146,1,261.62,playing,15
39.4393,-16.8181,0,0.25146,0,255.91,playing,15
39.4555,-16.8181,0,0.25146,0,250.51,playing,15
39.4717,-16.8181,0,0.26677,0,245.71,playing,15
39.4876,-5.4141,0,0.26677,0,241.2,playing,15
39.5039,-5.4141,0,0.2588,0,236.97,playing,15
39.5197,-5.4141,0,0.2588,0,233.01,playing,15
39.5363,-5.4141,0,0.26356,0,229.34,playing,15
39.5528,-5.4141,0,0.26356,0,225.76,playing,15
39.5692,-5.4141,0,0.23043,0,222.67,playing,15
39.5857,-5.4141,0,0.23043,0,219.86,playing,15
39.6019,-5.4141,0,0.25163,0,217.2,playing,15
39.6181,19.4076,0,0.25163,0,214.97,playing,15
39.6335,19.4076,0,0.24656,0,213.03,playing,15
39.6502,19.4076,0,0.24656,0,211.36,playing,15
39.6675,18.2377,0,0.29093,0,209.91,playing,15
39.6842,18.2377,0,0.29093,0,208.78,playing,15
39.7004,18.2377,0,0.33356,0,207.96,playing,15
39.7171,7.507,0,0.33356,0,207.48,playing,15
39.7328,7.507,0,0.31884,0,207.28,playing,15
39.749,5.0147,0,0.31884,0,207.36,playing,15
39.7651,5.0147,0,0.3199,0,207.72,playing,15
39.7813,5.0147,0,0.3199,0,208.36,playing,15
39.7979,0.4901,0,0.3199,0,209.36,playing,15
39.8136,0.4901,0,0.3199,0,210.58,playing,15
39.8302,0.4901,0,0.32664,0,212.08,playing,15
39.8473,-0.8684,0,0.32664,0,214.0,playing,15
39.8641,-0.8684,0,0.32664,0,216.23,playing,15
39.8812,-1.9793,0,,0,218.78,playing,15
39.8983,-1.9793,0,,0,221.65,playing,15
39.9149,-1.9793,0,,0,224.84,playing,15
39.9306,-4.0679,0,,0,228.12,playing,15
39.9472,-4.0679,0,,0,231.69,playing,15
39.9642,-4.0679,0,,0,235.79,playing,15
39.9809,-3.9781,0,,0,240.21,playing,15
39.9973,-3.9781,0,,0,244.65,playing,15
40.0139,-3.9781,0,,0,249.69,playing,15
40.0302,-25.9655,1,,0,254.72,playing,15
40.0464,-25.9655,0,,0,248.76,playing,15
40.0633,-27.3139,0,,0,242.75,playing,15
40.0803,-27.3139,0,,0,237.05,playing,15
40.0972,-27.3139,0,,0,231.67,playing,15
40.1141,-27.3139,0,,0,226.61,playing,15
40.1299,-27.3139,0,,0,222.13,playing,15
40.1462,-27.3139,0,,0,217.94,playing,15
40.1632,10.3349,0,,0,213.79,playing,15
40.1802,10.3349,0,,0,209.97,playing,15
40.1975,17.4679,0,,0,206.46,playing,15
40.2136,17.4679,0,,0,203.27,playing,15
40.2303,17.4679,0,,0,200.55,playing,15
40.247,14.3497,0,,0,197.98,playing,15
40.2631,14.3497,0,,0,195.84,playing,15
40.279,14.3497,0,,0,193.98,playing,15
40.295,11.4015,0,,0,192.41,playing,15
40.3107,11.4015,0,,0,191.11,playing,15
40.3274,11.4015,0,,0,190.1,playing,15
40.344,8.102,0,,0,189.34,playing,15
40.3597,8.102,0,,0,188.91,playing,15
40.3764,6.0944,0,,0,188.76,playing,15
40.3935,3.8592,0,,0,188.92,playing,15
40.4105,3.8592,0,,0,189.39,playing,15
40.4272,3.8592,0,,0,190.19,playing,15
40.4443,3.8592,0,,0,191.3,playing,15
40.4613,3.8592,0,,0,192.73,playing,15
40.4784,-0.5288,0,,0,194.48,playing,15
40.4954,-0.5288,0,,0,196.54,playing,15
40.5121,-0.5288,0,,0,198.93,playing,15
40.5277,-0.5288,0,,0,201.45,playing,15
40.5437,-0.5288,0,,0,204.26,playing,15
40.5598,-13.2095,0,,0,207.34,playing,15
40.5765,-13.2095,0,,0,210.71,playing,15
40.5935,-13.2095,0,,0,214.61,playing,15
40.6101,-25.2985,1,,0,218.83,playing,15
40.6264,-25.2985,0,,0,212.87,playing,15
40.6431,-25.2985,0,,0,206.86,playing,15
40.6589,-25.8275,0,,0,201.48,playing,15
40.6749,-25.8275,0,,0,196.38,playing,15
40.691,-25.8275,0,0.27832,0,191.57,playing,15
40.7065,-25.8275,0,0.27832,0,187.04,playing,15
40.7232,-25.8275,0,0.27832,0,182.79,playing,15
40.7392,-25.8275,0,,0,178.82,playing,15
40.7558,-25.8275,0,,0,174.92,playing,15
40.7718,-25.8275,0,,0,171.53,playing,15
40.7878,18.6729,0,,0,168.42,playing,15
40.8039,18.6729,0,,0,165.59,dead,15
40.82,18.6729,0,0.21925,0,163.05,dead,15
40.836,17.8591,0,0.21925,0,160.79,dead,15
40.852,17.8591,0,0.20273,0,158.81,dead,15
40.8681,17.8591,0,0.20273,0,157.11,dead,15
40.8846,17.8591,0,,0,155.69,dead,15
40.9016,17.8591,0,,0,154.5,dead,15
40.9186,14.7827,0,,0,153.63,dead,15
40.9347,8.1375,0,,0,153.08,dead,15
40.9513,8.1375,0,,0,152.84,dead,15
40.9678,5.3481,0,,0,152.91,dead,15
40.9844,5.3481,0,,0,153.25,dead,15
41.0004,5.3481,0,0.28858,1,153.93,dead,15
41.017,1.1778,0,0.28858,0,154.85,dead,15
41.0335,1.1778,0,0.31192,0,156.06,dead,15
41.0501,1.1778,0,0.31192,0,157.66,dead,15
41.0661,-1.2165,0,0.31693,0,159.44,dead,15
41.0819,-1.2165,0,0.31693,0,161.51,dead,15
41.0984,-2.583,0,0.31693,0,163.86,dead,15
41.1149,-2.583,0,,0,166.67,dead,15
41.1306,-2.583,0,,0,169.6,dead,15
41.1471,-2.9079,0,,0,172.81,dead,15
41.1638,-2.9079,0,,0,176.54,dead,15
41.1803,-2.9079,0,,0,180.33,dead,15
41.1969,-3.2616,0,,0,184.68,dead,15
41.2135,-3.2616,0,,0,189.05,dead,15
41.23,-3.2616,0,,0,194.02,dead,15
41.2459,-3.414,0,,0,198.97,dead,15
41.2615,-3.414,0,,0,204.21,dead,15
41.2776,-3.1273,0,,0,209.72,dead,15
41.2941,-3.1273,0,,0,215.52,dead,15
41.3097,-3.1273,0,,0,221.6,dead,15
41.3267,-2.8187,0,,0,227.96,dead,15
41.3432,-2.8187,0,,0,235.04,dead,15
41.3599,-2.8187,0,,0,242.43,dead,15
41.3759,-3.0302,0,,0,249.68,dead,15
41.3925,-3.0302,0,,0,257.2,dead,15
41.4087,-3.0302,0,,0,265.51,dead,15
41.4248,-2.3783,0,,0,273.61,dead,15
41.4414,-2.3783,0,,0,282.0,dead,15
41.4574,-7.8408,0,,0,291.23,dead,15
41.474,-7.8408,0,,0,300.19,dead,15
41.4905,-7.8408,0,,0,309.44,dead,15
41.5075,-26.1087,1,,0,319.59,dead,15
41.5246,-26.1087,0,,0,285.0,playing,0
41.5416,-26.1087,0,,0,278.69,playing,0
41.5582,-26.5724,0,,0,272.69,playing,0
41.5753,-26.5724,0,,0,267.02,playing,0
41.5923,-26.5724,0,,0,261.66,playing,0
41.609,-26.5724,0,,0,256.62,playing,0
41.625,-26.5724,0,,0,252.16,playing,0
41.6408,21.912,0,,0,247.98,playing,0
41.6572,21.912,0,,0,244.08,playing,0
41.6733,21.912,0,,0,240.25,playing,0
41.6905,21.912,0,,0,236.93,playing,0
41.7066,21.912,0,,0,233.72,playing,0
41.7235,21.912,0,,0,230.99,playing,0
41.74,13.4832,0,,0,228.4,playing,0
41.756,13.4832,0,,0,226.24,playing,0
41.7721,9.5567,0,,0,224.36,playing,0
41.7881,9.5567,0,,0,222.77,playing,0
41.8037,9.5567,0,0.24678,0,221.46,playing,0
41.8203,4.3989,0,0.24678,0,220.43,playing,0
41.8368,4.3989,0,,0,219.65,playing,0
41.8532,4.3989,0,,0,219.2,playing,0
41.8703,2.0938,0,,0,219.04,playing,0
41.8869,2.0938,0,,0,219.2,playing,0
41.9029,2.0938,0,,0,219.63,playing,0
41.9184,0.6824,0,,0,220.34,playing,0
41.9355,0.6824,0,,0,221.34,playing,0
41.9525,-0.9289,0,,0,222.71,playing,0
41.9686,-0.9289,0,,0,224.4,playing,0
41.9847,-0.9289,0,,0,226.27,playing,0
42.0017,-2.2999,0,,0,228.43,playing,0
42.0178,-2.2999,0,,0,231.04,playing,0
42.0334,-2.2999,0,,0,233.77,playing,0
42.05,-3.0953,0,,0,236.79,playing,0
42.0657,-3.0953,0,,0,240.09,playing,0
42.0823,-3.0953,0,,0,243.67,playing,0
42.099,-3.0091,0,,0,247.79,playing,0
42.1146,-3.0091,0,,0,251.96,playing,0
42.1312,-3.2291,0,,0,256.4,playing,0
42.1477,-3.0058,0,,0,261.44,playing,0
42.1634,-3.0058,0,,0,266.46,playing,0
42.1804,-2.7573,0,,0,271.77,playing,0
42.197,-2.7573,0,,0,277.72,playing,0
42.2127,-2.7573,0,,0,283.61,playing,0
42.2293,-8.4667,0,,0,289.78,playing,0
42.2461,-8.4667,0,,0,296.65,playing,0
42.2622,-8.4667,0,,0,303.4,playing,0
42.2795,-26.8318,1,,0,310.89,playing,0
42.2955,-26.8318,0,,0,304.57,playing,0
42.312,-26.8757,0,,0,298.91,playing,0
42.328,-14.3975,0,,0,293.54,playing,0
42.344,-14.3975,0,,0,288.44,playing,0
42.3601,9.8295,0,,0,283.63,playing,0
42.3762,9.8295,0,,0,279.09,playing,0
42.3922,9.8295,0,,0,274.84,playing,0
42.4088,17.6156,0,,0,270.64,playing,0
42.4248,17.6156,0,,0,266.97,playing,0
42.4405,17.6156,0,,0,263.58,playing,0
42.4566,12.5594,0,,0,260.48,playing,0
42.4723,12.5594,0,,0,257.65,playing,0
42.4889,12.5594,0,,0,255.11,playing,0
42.505,9.1254,0,,0,252.84,playing,0
42.521,9.1254,0,,0,250.86,playing,0
42.5375,5.7687,0,,0,249.16,playing,0
42.5536,5.7687,0,,0,247.68,playing,0
42.5701,5.7687,0,,0,246.56,playing,0
42.5856,2.3328,0,,0,245.72,playing,0
42.6018,2.3328,0,,0,245.17,playing,0
42.6184,2.3328,0,,0,244.89,playing,0
42.6345,1.4423,0,,0,244.92,playing,0
42.6511,1.4423,0,,0,245.23,playing,0
42.6667,1.4423,0,,0,245.82,playing,0
42.6823,1.4423,0,,0,246.69,playing,0
42.6989,1.4423,0,,0,247.84,playing,0
42.7146,1.4423,0,,0,249.27,playing,0
42.7313,-1.0997,0,,0,250.99,playing,0
42.7482,-1.0997,0,,0,253.13,playing,0
42.7647,-1.0997,0,,0,255.59,playing,0
42.7813,-1.0997,0,,0,258.18,playing,0
42.7983,-1.0997,0,,0,261.26,playing,0
42.8149,-1.0997,0,,0,264.65,playing,0
42.8309,-1.0997,0,,0,268.13,playing,0
42.8471,-1.0997,0,,0,271.88,playing,0
42.8631,-0.4466,0,,0,275.92,playing,0
42.8797,-0.4466,0,,0,280.24,playing,0
42.8962,-0.4466,0,,0,285.15,playing,0
42.912,-0.4466,0,0.31949,0,290.05,playing,0
42.9286,-0.4466,0,0.31949,0,295.23,playing,0
42.9452,-0.4466,0,0.31589,0,301.06,playing,0
42.9617,-0.4466,0,0.31589,0,307.2,playing,0
42.9783,-0.4466,0,0.31589,0,313.26,playing,0
42.9954,-2.1103,0,0.33921,0,320.02,playing,0
43.0119,-2.1103,0,0.33921,0,327.1,playing,0
43.0285,-2.1103,0,0.3152,0,334.04,playing,0
43.0449,-2.1103,0,0.3152,0,341.73,playing,0
43.0606,-2.1103,0,0.3152,0,349.26,playing,0
43.0769,-1.6981,0,0.31592,0,357.06,playing,0
43.0926,-1.6981,0,0.31592,0,365.15,playing,0
43.1097,-1.6981,0,0.31592,0,373.52,playing,0
43.1258,-1.9858,0,0.32646,0,382.72,playing,0
43.1424,-1.7479,0,0.32646,0,391.67,playing,0
43.1595,-1.7479,0,0.3307,0,401.5,playing,0
43.1756,-1.7479,0,0.3307,0,411.64,playing,0
43.1917,-1.7479,0,0.29179,0,421.47,playing,0
43.2078,-1.7479,0,0.29179,0,431.58,playing,0
43.2237,-1.8473,0,0.29179,0,441.97,playing,0
43.2403,-1.8473,0,0.30199,0,452.65,playing,0
43.2574,-1.1577,0,0.30199,0,464.31,playing,0
43.2741,-1.5304,0,0.30177,0,476.21,playing,0
43.2902,-1.5304,0,0.30177,0,487.41,playing,0
43.3055,-1.5304,0,0.26568,0,498.61,dead,0
43.3221,-1.5304,0,0.26568,0,496.0,dead,0
43.3386,-1.5304,0,0.26568,0,496.0,dead,0
43.3546,-1.9344,0,0.29906,0,496.0,dead,0
43.3713,-1.9344,0,0.29906,0,496.0,dead,0
43.3875,-1.9344,0,0.33074,0,496.0,dead,0
43.4043,-12.2204,0,0.33074,0,496.0,dead,0
43.4209,-12.2204,0,0.31127,0,496.0,dead,0
43.4374,-31.8963,1,0.31127,0,496.0,dead,0
43.4545,-31.8963,0,0.31127,0,285.0,playing,0
43.4711,-31.8963,0,0.29324,0,278.69,playing,0
43.4882,-14.9782,0,0.29324,0,272.69,playing,0
43.5052,-14.9782,0,0.24231,0,267.02,playing,0
43.5217,-14.9782,0,0.24231,0,261.66,playing,0
43.5373,11.6013,0,0.20747,0,256.9,playing,0
43.5543,11.6013,0,0.20747,0,252.42,playing,0
43.5714,22.3729,0,0.20747,0,247.98,playing,0
43.5879,22.191,0,0.19549,0,243.85,playing,0
43.6039,22.191,0,0.19549,0,240.25,playing,0
43.6195,18.9605,0,0.19838,0,236.93,playing,0
43.6362,18.9605,0,0.19838,0,233.9,playing,0
43.6533,18.9605,0,0.19678,0,230.99,playing,0
43.6702,15.2758,0,0.1983,0,228.4,playing,0
43.6872,15.2758,0,0.1983,0,226.12,playing,0
43.7043,15.2758,0,0.2276,1,224.17,playing,0
43.7214,11.5841,0,0.24244,0,222.53,playing,0
43.7381,11.5841,0,0.24244,0,221.21,playing,0
43.7541,5.3984,0,0.26978,0,220.25,playing,0
43.7707,5.3984,0,0.29424,0,219.55,playing,0
43.7868,5.3984,0,0.29424,0,219.17,playing,0
43.8025,1.1741,0,0.29901,0,219.07,playing,0
43.8198,1.1741,0,0.29901,0,219.26,playing,0
43.836,1.1741,0,0.27648,0,219.77,playing,0
43.8518,0.2986,0,0.27638,0,220.54,playing,0
43.8682,0.2986,0,0.27638,0,221.58,playing,0
43.8856,0.2986,0,0.27949,0,223.01,playing,0
43.9017,-1.1319,0,0.27949,0,224.76,playing,0
43.9174,-1.1319,0,0.28049,0,226.69,playing,0
43.9341,-2.7541,0,0.28049,0,228.89,playing,0
43.9499,-2.7541,0,,0,231.38,playing,0
43.9665,-2.7541,0,,0,234.15,playing,0
43.9833,-3.3233,0,,0,237.42,playing,0
44.0003,-3.3233,0,,0,241.0,playing,0
44.0168,-3.3233,0,,0,244.89,playing,0
44.0326,-3.673,0,,0,248.85,playing,0
44.0486,-3.673,0,,0,253.08,playing,0
44.0653,-3.673,0,0.28402,0,257.59,playing,0
44.0819,-4.3943,0,0.28402,0,262.7,playing,0
44.0978,-4.3943,0,0.26855,0,267.8,playing,0
44.1138,-28.2533,1,0.26855,0,273.18,playing,0
44.1296,-28.2533,0,0.28424,0,267.22,playing,0
44.1456,-28.2533,0,0.28424,0,261.54,playing,0
44.1614,-21.3799,0,0.19444,0,256.14,playing,0
44.1779,-21.3799,0,0.19444,0,251.03,playing,0
44.1936,-21.3799,0,0.19447,0,246.2,playing,0
44.2099,-21.3799,0,0.19447,0,241.65,playing,0
44.2259,-21.3799,0,0.17767,0,237.38,playing,0
44.2419,-21.3799,0,0.17767,0,233.39,playing,0
44.258,-6.7892,0,0.17963,0,229.69,playing,0
44.2741,-6.7892,0,0.17963,0,226.26,playing,0
44.2899,-6.7892,0,0.18804,0,223.12,playing,0
44.3064,18.2264,0,0.18804,0,220.26,playing,0
44.323,18.2264,0,0.26382,1,217.54,playing,0
44.3386,17.8032,0,0.26382,0,215.26,playing,0
44.3555,17.8032,0,0.2541,0,213.26,playing,0
44.3718,17.8032,0,0.2541,0,211.45,playing,0
44.3878,15.1866,0,0.2541,0,210.04,playing,0
44.4035,15.1866,0,0.25841,0,208.9,playing,0
44.4196,15.1866,0,0.25841,0,208.05,playing,0
44.4366,15.1866,0,0.27025,0,207.47,playing,0
44.4525,15.1866,0,0.27025,0,207.18,playing,0
44.4696,15.1866,0,0.30855,0,207.19,playing,0
44.4856,2.6417,0,0.30855,0,207.52,playing,0
44.5018,2.6417,0,0.26882,0,208.11,playing,0
44.5175,1.2898,0,0.26882,0,208.98,playing,0
44.5345,1.2898,0,0.27676,0,210.13,playing,0
44.5513,1.2898,0,0.27676,0,211.67,playing,0
44.5686,-0.8648,0,0.28496,0,213.53,playing,0
44.5846,-0.8648,0,0.28496,0,215.71,playing,0
44.6013,-0.8648,0,0.29981,0,218.04,playing,0
44.6184,-1.3572,0,0.29981,0,220.83,playing,0
44.6344,-1.3572,0,0.33154,0,223.95,playing,0
44.6509,-1.3572,0,0.33154,0,227.16,playing,0
44.6668,-1.9152,0,0.31426,0,230.65,playing,0
44.6837,-1.9152,0,0.32148,0,234.42,playing,0
44.6996,-2.1136,0,0.32148,0,238.75,playing,0
44.7166,-2.1136,0,0.32148,0,243.11,playing,0
44.7329,-2.1136,0,0.30944,0,248.05,playing,0
44.7486,-3.4768,0,0.30944,0,252.99,playing,0
44.7652,-3.4768,0,0.33571,0,258.21,playing,0
44.7818,-3.4768,0,0.33571,0,264.07,playing,0
44.7976,-28.9327,1,0.32138,0,269.87,playing,0
44.8137,-28.9327,0,0.32138,0,263.91,playing,0
44.8298,-28.9327,0,0.1994,0,258.23,playing,0
44.8462,-28.9327,0,0.1994,0,252.84,playing,0
44.8622,-28.9327,0,0.18505,0,247.72,playing,0
44.8782,-2.956,0,0.18505,0,242.89,playing,0
44.8951,-2.956,0,0.19307,0,238.08,playing,0
44.9107,-2.956,0,0.19307,0,233.82,playing,0
44.9269,18.7877,0,0.17911,0,229.85,playing,0
44.9432,18.7877,0,0.17911,0,226.17,playing,0
44.9587,18.7877,0,0.20487,0,222.76,playing,0
44.9753,18.0297,0,0.20487,0,219.64,playing,0
44.9919,18.0297,0,0.21287,0,216.63,playing,0
45.0079,18.0297,0,0.21287,0,214.09,playing,0
45.0239,11.758,0,0.19526,0,211.83,playing,0
45.04,11.758,0,0.19526,0,209.85,playing,0
45.0555,11.758,0,0.28715,1,208.15,playing,0
45.0716,8.3904,0,0.28715,0,206.73,playing,0
45.0878,8.3904,0,0.28715,0,205.59,playing,0
45.1038,5.2777,0,0.28826,0,204.74,playing,0
45.1194,5.2777,0,0.28826,0,204.17,playing,0
45.1363,5.2777,0,0.25447,0,203.87,playing,0
45.1537,5.2777,0,0.25447,0,203.88,playing,0
45.1699,5.2777,0,0.31016,0,204.21,playing,0
45.1859,5.2777,0,0.31016,0,204.8,playing,0
45.2015,1.2918,0,0.26068,0,205.67,playing,0
45.2185,1.2918,0,0.26068,0,206.82,playing,0
45.2354,1.2918,0,0.24703,0,208.36,playing,0
45.2515,-27.1245,0,0.24703,0,210.22,playing,0
45.268,-27.1245,0,0.22313,0,212.25,playing,0
45.2835,-27.1245,0,0.22313,0,214.57,playing,0
45.3,-27.1245,0,0.17553,0,217.16,playing,0
45.3155,-27.1245,0,0.17553,0,220.04,playing,0
45.3325,-24.5732,1,0.18105,0,223.2,playing,0
45.3495,-24.5732,0,0.18105,0,216.89,playing,0
45.3661,-24.5732,0,0.19064,0,210.89,playing,0
45.3832,-0.338,0,0.19064,0,205.22,playing,0
45.3998,-0.338,0,0.20403,0,199.86,playing,0
45.4158,-0.338,0,0.20403,0,195.1,playing,0
45.4325,2.246,0,0.20403,0,190.62,playing,0
45.4491,2.246,0,0.20403,0,186.17,playing,0
45.4647,4.4562,0,0.20403,0,182.27,playing,0
45.4813,4.4562,0,0.18288,0,178.66,playing,0
45.4981,4.4562,0,0.18288,0,175.13,playing,0
45.5142,27.2563,0,0.19638,0,172.09,playing,0
45.5313,27.2563,0,0.18865,0,169.19,playing,0
45.5478,27.2563,0,0.18865,0,166.59,playing,0
45.5645,25.51,0,0.16485,0,164.44,playing,0
45.581,25.51,0,0.16485,0,162.46,playing,0
45.5971,20.4647,0,0.24284,1,160.89,playing,0
45.6127,14.9324,0,0.24284,0,159.59,playing,0
45.6284,14.9324,0,0.28043,0,158.58,playing,0
45.6455,10.3666,0,0.28043,0,157.85,playing,0
45.6622,10.3666,0,0.31066,0,157.39,playing,0
45.6794,10.3666,0,0.31066,0,157.25,playing,0
45.6961,2.8343,0,0.29759,0,157.43,playing,0
45.7124,2.8343,0,0.29759,0,157.87,playing,0
45.7289,2.8343,0,0.28727,0,158.67,playing,0
45.7455,-0.4431,0,0.28727,0,159.7,playing,0
45.7622,-0.4431,0,0.28727,0,161.11,playing,0
45.7793,-0.4431,0,0.2852,0,162.84,playing,0
45.7966,-0.4431,0,0.2852,0,164.88,playing,0
45.8126,-0.4431,0,0.2852,0,167.25,playing,0
45.8289,-5.2426,0,0.28569,0,169.76,playing,0
45.8448,-5.2426,0,0.28569,0,172.54,playing,0
45.8612,-5.2426,0,0.28569,0,175.62,playing,0
45.8783,-5.2426,0,0.30317,0,179.2,playing,0
45.8954,-5.2426,0,0.30317,0,183.09,playing,1
45.9116,-5.2426,0,0.31616,0,187.31,playing,1
45.9286,-5.2426,0,0.31616,0,191.56,playing,1
45.9452,-5.2426,0,0.30034,0,196.39,playing,1
45.962,-5.2426,0,0.30034,0,201.54,playing,1
45.9781,-5.2426,0,0.30753,0,206.67,playing,1
45.9952,-5.2426,0,0.30753,0,212.44,playing,1
46.0124,-5.6004,0,0.31977,0,218.53,playing,1
46.0284,-5.6004,0,0.29481,0,224.93,playing,1
46.0454,-5.6004,0,0.29481,0,231.24,playing,1
46.0617,-5.5105,0,0.24671,0,238.26,playing,1
46.0778,-5.5105,0,0.24671,0,245.15,playing,1
46.0938,-18.2914,0,0.19786,0,252.32,playing,1
46.1102,-27.4366,1,0.19786,0,259.77,playing,1
46.1274,-27.4366,0,0.19786,0,253.46,playing,1
46.1437,-10.38,0,0.19786,0,247.47,playing,1
46.1604,-10.38,0,0.19056,0,242.11,playing,1
46.1774,-10.38,0,0.19078,0,236.73,playing,1
46.1935,-10.38,0,0.19078,0,231.67,playing,1
46.2094,-10.38,0,0.17856,0,227.19,playing,1
46.2265,10.9204,0,0.17856,0,222.99,playing,1
46.2427,20.8179,0,0.17856,0,218.85,playing,1
46.2593,20.8179,0,0.17856,0,215.23,playing,1
46.2758,18.2479,0,0.17963,0,211.71,playing,1
46.2918,18.2479,0,0.17963,0,208.67,playing,1
46.3085,18.2479,0,0.17201,0,205.91,playing,1
46.3255,14.468,0,0.17201,0,203.31,playing,1
46.3423,14.468,0,0.25058,1,201.01,playing,1
46.3587,14.468,0,0.25058,0,199.04,playing,1
46.3748,11.464,0,0.24368,0,197.46,playing,1
46.3908,11.464,0,0.24368,0,196.17,playing,1
46.407,5.8086,0,0.29978,0,195.16,playing,1
46.4231,5.8086,0,0.29978,0,194.43,playing,1
46.4394,5.8086,0,0.27637,0,193.98,playing,1
46.4563,1.0066,0,0.27637,0,193.82,playing,1
46.4731,1.0066,0,0.27637,0,193.97,playing,1
46.4892,1.0066,0,0.26887,0,194.4,playing,1
46.5062,-0.3164,0,0.26887,0,195.18,playing,1
46.5233,-0.3164,0,0.26887,0,196.27,playing,1
46.5403,-0.3164,0,0.28786,0,197.68,playing,1
46.5573,-0.3164,0,0.28786,0,199.41,playing,1
46.5738,-0.3164,0,0.28041,0,201.46,playing,1
46.5902,-2.4673,0,0.30644,0,203.67,playing,1
46.607,-2.4673,0,0.30644,0,206.33,playing,1
46.6232,-2.4673,0,0.32622,0,209.12,playing,1
46.6401,-2.923,0,0.32622,0,212.4,playing,1
46.6562,-2.923,0,0.32622,0,215.77,playing,1
46.6733,-2.923,0,0.32622,0,219.67,playing,1
46.6903,-3.2923,0,0.28996,0,223.89,playing,1
46.7073,-3.2923,0,0.28996,0,228.42,playing,1
46.7239,-3.2923,0,0.3163,0,233.27,playing,1
46.7402,-3.2923,0,0.3163,0,238.12,playing,1
46.7573,-3.2923,0,0.27788,0,243.59,playing,1
46.7742,-2.8867,0,0.27788,0,249.37,playing,1
46.7908,-2.8867,0,0.27788,0,255.48,playing,1
46.8073,-2.8867,0,0.29073,0,261.51,playing,1
46.8242,-25.5505,1,0.29073,0,268.23,playing,1
46.8413,-25.5505,0,0.31914,0,261.92,playing,1
46.8583,-30.4761,0,0.31914,0,255.92,playing,1
46.8748,-30.4761,0,0.31914,0,250.25,playing,1
46.8909,-30.4761,0,0.31914,0,245.18,playing,1
46.9075,-14.4285,0,0.31914,0,240.41,playing,1
46.9241,-14.4285,0,0.32726,0,235.65,playing,1
46.9401,-14.4285,0,0.32726,0,231.45,playing,1
46.9576,-14.4285,0,0.20418,0,227.3,playing,1
46.9742,-14.4285,0,0.20418,0,223.48,playing,1
46.9912,-14.4285,0,0.19654,0,219.97,playing,1
47.0083,-14.4285,0,0.19654,0,216.78,playing,1
47.0253,-14.4285,0,0.19654,0,213.91,playing,1
47.0422,21.1323,0,0.1884,0,211.36,playing,1
47.0593,21.1323,0,0.1884,0,209.12,playing,1
47.0758,21.1323,0,0.20009,0,207.21,playing,1
47.0923,17.7007,0,0.20009,0,205.68,playing,1
47.1088,17.7007,0,0.20009,0,204.38,playing,1
47.1244,17.7007,0,0.20859,0,203.44,playing,1
47.141,9.8171,0,0.20859,0,202.78,playing,1
47.1565,9.8171,0,0.19697,0,202.4,playing,1
47.1731,9.8171,0,0.19697,0,202.3,playing,1
47.1886,9.8171,0,0.19697,0,202.49,playing,1
47.2047,9.8171,0,0.23617,1,202.95,playing,1
47.2212,6.5668,0,0.23617,0,203.7,playing,1
47.2378,6.5668,0,0.27303,0,204.81,playing,1
47.254,6.5668,0,0.27303,0,206.14,playing,1
47.2712,-0.1969,0,0.27303,0,207.75,playing,1
47.2884,-0.1969,0,0.29498,0,209.91,playing,1
47.3055,-0.1969,0,0.29498,0,212.28,playing,1
47.3221,-0.1969,0,0.24269,0,214.96,playing,1
47.3381,-0.1969,0,0.24269,0,217.77,playing,1
47.3547,-3.2015,0,0.2533,0,220.86,dead,1
47.3712,-3.2015,0,0.2533,0,224.46,dead,1
47.3877,-3.2015,0,0.26485,0,228.37,dead,1
47.4038,-3.2046,0,0.26485,0,232.34,dead,1
47.4204,-3.2046,0,0.26485,0,236.59,dead,1
47.4374,-3.2046,0,0.26841,0,241.42,dead,1
47.4545,-3.8555,0,0.26841,0,246.57,dead,1
47.471,-3.8555,0,0.27657,0,252.04,dead,1
47.4865,-3.5311,0,0.27657,0,257.47,dead,1
47.5031,-3.5311,0,0.30231,0,263.18,dead,1
47.5184,-3.5311,0,0.30231,0,269.17,dead,1
47.5349,-3.2675,0,0.30231,0,275.45,dead,1
47.551,-3.2675,0,0.31316,0,282.0,dead,1
47.567,-3.2675,0,0.31316,0,288.84,dead,1
47.5835,-2.1421,0,0.31316,0,295.96,dead,1
47.6001,-2.1421,0,0.31316,0,303.84,dead,1
47.6172,-2.1421,0,0.28709,0,312.04,dead,1
47.634,-2.4943,0,0.28709,0,320.56,dead,1
47.6496,-2.4943,0,0.28709,0,328.85,dead,1
47.6656,-2.4943,0,0.29152,0,337.43,dead,1
47.6818,-2.4943,0,0.29152,0,346.29,dead,1
47.6984,-2.4943,0,0.29152,0,355.44,dead,1
47.7155,-24.4876,1,0.292,0,365.47,dead,1
47.7322,-24.4876,0,0.292,0,285.0,playing,0
47.7487,-24.4876,0,0.25743,0,278.69,playing,0
47.7653,-24.4876,0,0.25743,0,273.03,playing,0
47.7818,-24.4876,0,0.27577,0,267.33,playing,0
47.7974,-24.4876,0,0.27577,0,262.26,playing,0
47.8139,20.8258,0,0.27577,0,257.46,playing,0
47.8295,20.8258,0,0.2008,0,252.94,playing,0
47.8461,20.8258,0,0.2008,0,248.71,playing,0
47.8618,23.8635,0,0.2008,0,244.76,playing,0
47.8774,23.8635,0,0.2008,0,241.09,playing,0
47.8939,17.2929,0,0.2008,0,237.7,playing,0
47.91,17.2929,0,0.2008,0,234.59,playing,0
47.926,17.2929,0,0.16195,0,231.77,playing,0
47.9421,13.6498,0,0.16195,0,229.22,playing,0
47.9577,13.6498,0,0.16195,0,226.96,playing,0
47.9742,13.6498,0,0.16195,0,224.98,playing,0
47.9903,10.1922,0,0.16195,0,223.28,playing,0
48.0076,10.1922,0,0.1826,0,221.79,playing,0
48.0242,10.1922,0,0.1826,0,220.62,playing,0
48.0407,3.8041,0,0.22374,1,219.77,playing,0
48.0573,3.8041,0,0.22374,0,219.25,playing,0
48.0739,1.3755,0,0.24235,0,219.02,playing,0
48.0894,1.3755,0,0.24235,0,219.08,playing,0
48.106,1.3755,0,0.259,0,219.42,playing,0
48.1226,-2.2447,0,0.259,0,220.04,playing,0
48.1391,-2.2447,0,0.259,0,221.02,playing,0
48.1547,-2.2447,0,0.25127,0,222.23,playing,0
48.1709,-3.0974,0,0.25127,0,223.72,playing,0
48.1864,-3.0974,0,0.26482,0,225.48,playing,0
48.2034,-3.0974,0,0.26482,0,227.53,playing,0
48.2203,-3.0974,0,0.2913,0,230.03,playing,0
48.2366,-3.0974,0,0.2913,0,232.84,playing,0
48.2528,-3.883,0,0.2913,0,235.77,playing,0
48.2689,-3.5728,0,0.27196,0,238.98,playing,0
48.285,-3.5728,0,0.27196,0,242.48,playing,0
48.3021,-3.5728,0,0.27196,0,246.25,playing,0
48.3179,-3.5728,0,0.29126,0,250.58,playing,0
48.3342,-3.5728,0,0.29126,0,254.93,playing,0
48.3508,-2.8846,0,0.27659,0,259.88,playing,0
48.3673,-2.8846,0,0.27659,0,264.81,playing,0
48.3844,-2.8846,0,0.31715,0,270.38,playing,0
48.4004,-2.7538,0,0.31715,0,276.26,playing,0
48.417,-2.7538,0,0.32182,0,282.07,playing,0
48.4331,-22.0785,1,0.32182,0,288.17,playing,0
48.4491,-22.0785,0,0.32182,0,282.21,playing,0
48.4647,-22.0785,0,0.29822,0,276.54,playing,0
48.4807,-22.0785,0,0.29822,0,271.14,playing,0
48.4967,-22.0785,0,0.30546,0,266.03,playing,0
48.5128,-22.0785,0,0.30546,0,261.19,playing,0
48.5298,-11.8339,0,0.30546,0,256.64,playing,0
48.5459,-11.8339,0,0.19252,0,252.13,playing,0
48.562,-11.8339,0,0.19252,0,248.16,playing,0
48.5781,19.8807,0,0.18028,0,244.47,playing,0
48.5942,19.8807,0,0.18028,0,241.06,playing,0
48.6108,19.8807,0,0.18028,0,237.76,playing,0
48.6272,20.8472,0,0.17005,0,234.94,playing,0
48.6442,20.8472,0,0.17005,0,232.25,playing,0
48.6608,18.2298,0,0.18574,0,229.89,playing,0
48.6773,18.2298,0,0.18574,0,227.94,playing,0
48.6938,18.2298,0,0.19254,0,226.19,playing,0
48.7096,10.7071,0,0.19254,0,224.83,playing,0
48.7282,10.7071,0,0.19254,0,223.74,playing,0
48.7438,10.7071,0,0.16722,0,222.88,playing,0
48.7603,10.7071,0,0.16722,0,222.4,playing,0
48.777,10.7071,0,0.16722,0,222.2,playing,0
48.794,3.1322,0,0.2093,0,222.32,playing,0
48.8095,3.1322,0,0.2093,0,222.71,playing,0
48.8266,3.1322,0,0.23943,1,223.39,playing,0
48.843,1.1245,0,0.23943,0,224.43,playing,0
48.8592,1.1245,0,0.27618,0,225.69,playing,0
48.8762,1.1245,0,0.27618,0,227.34,playing,0
48.8933,-0.6149,0,0.27618,0,229.31,playing,0
48.9103,-0.6149,0,0.28816,0,231.6,playing,0
48.9269,-1.6239,0,0.28816,0,234.21,playing,0
48.9429,-2.5922,0,0.28816,0,236.95,playing,0
48.959,-2.5922,0,0.2744,0,239.96,playing,0
48.9745,-2.5922,0,0.2744,0,243.26,playing,0
48.991,-2.5922,0,0.29255,0,246.84,playing,0
49.0066,-2.5922,0,0.29255,0,250.71,playing,0
49.0236,-2.758,0,0.30815,0,254.85,playing,0
49.0399,-2.758,0,0.30815,0,259.57,playing,0
49.0564,-2.758,0,0.30815,0,264.3,playing,0
49.073,-2.758,0,0.28756,0,269.63,playing,0
49.0891,-2.758,0,0.28756,0,274.94,playing,0
49.106,-2.758,0,0.29942,0,280.89,playing,0
49.1231,-2.6712,0,0.29942,0,287.17,playing,0
49.1392,-2.6712,0,0.2875,0,293.35,playing,0
49.1563,-2.8758,0,0.2875,0,300.24,playing,0
49.1728,-2.8758,0,0.2875,0,307.45,playing,0
49.1889,-2.8758,0,0.29477,0,314.52,playing,0
49.2054,-24.5635,1,0.29477,0,321.86,playing,0
49.2223,-24.5635,0,0.22051,0,315.55,playing,0
49.2389,-24.5635,0,0.22051,0,309.56,playing,0
49.2549,-9.0436,0,0.18482,0,304.2,playing,0
49.2708,-9.0436,0,0.18482,0,299.12,playing,0
49.2874,-9.0436,0,0.18482,0,294.32,playing,0
49.3036,12.0138,0,0.15119,0,289.54,playing,0
49.3197,12.0138,0,0.15119,0,285.33,playing,0
49.3357,20.007,0,0.17718,0,281.39,playing,0
49.3523,20.007,0,0.17718,0,277.74,playing,0
49.3688,20.007,0,0.17718,0,274.18,playing,0
49.3844,20.4568,0,0.16265,0,271.11,playing,0
49.4013,20.4568,0,0.16265,0,268.31,playing,0
49.4179,20.4568,0,0.16782,0,265.67,playing,0
49.434,20.4568,0,0.16782,0,263.46,playing,0
49.4501,20.4568,0,0.16782,0,261.53,playing,0
49.4667,17.5943,0,0.19962,0,259.8,playing,0
49.4832,9.7074,0,0.19962,0,258.45,playing,0
49.4998,9.7074,0,0.22856,1,257.34,playing,0
49.5158,3.6317,0,0.22856,0,256.57,playing,0
49.5328,3.6317,0,0.22856,0,256.09,playing,0
49.5488,3.6317,0,0.27326,0,255.89,playing,0
49.5649,3.6317,0,0.27326,0,255.99,playing,0
49.5804,3.6317,0,0.26482,0,256.36,playing,0
49.5969,3.6317,0,0.26482,0,257.02,playing,0
49.6125,3.6317,0,0.28869,0,257.96,playing,0
49.6286,3.6317,0,0.28869,0,259.19,playing,0
49.6446,3.6317,0,0.28869,0,260.69,playing,0
49.6612,-1.9259,0,0.28376,0,262.48,playing,0
49.6782,-1.9259,0,0.28857,0,264.69,playing,0
49.6939,-2.4966,0,0.28857,0,267.06,playing,0
49.7099,-2.4966,0,0.28481,0,269.71,playing,0
49.7259,-2.4966,0,0.28481,0,272.64,playing,0
49.7425,-3.7671,0,0.28471,0,275.85,playing,0
49.7596,-3.7671,0,0.29619,0,279.58,playing,0
49.7761,-3.7671,0,0.29619,0,283.62,playing,0
49.7917,-29.782,1,0.28979,0,287.72,playing,0
49.8078,-29.782,0,0.28979,0,281.76,playing,0
49.8238,-29.782,0,0.2168,0,276.08,playing,0
49.8404,-26.6021,0,0.2168,0,270.68,playing,0
49.8565,-26.6021,0,0.17987,0,265.27,playing,0
49.8727,-16.473,0,0.17987,0,260.46,playing,0
49.8887,-16.473,0,0.1674,0,255.92,playing,0
49.9048,-16.473,0,0.1674,0,251.67,playing,0
49.9209,-0.383,0,0.17705,0,247.7,playing,0
49.9375,-0.383,0,0.17705,0,244.01,playing,0
49.9549,-0.383,0,0.20968,0,240.41,playing,0
49.971,-0.383,0,0.20968,0,237.13,playing,0
49.9866,-0.383,0,0.20968,0,234.32,playing,0
50.0032,-0.383,0,0.17173,0,231.8,playing,0
50.0196,19.7014,0,0.17173,0,229.55,playing,0
50.0356,19.7014,0,0.20818,0,227.48,playing,0
50.0517,16.3447,0,0.20818,0,225.82,playing,0
50.0677,16.3447,0,0.22444,1,224.44,playing,0
50.0838,16.3447,0,0.22444,0,223.34,playing,0
50.1005,16.3447,0,0.20738,0,222.52,playing,0
50.1167,16.3447,0,0.20738,0,221.97,playing,0
50.1328,16.3447,0,0.28816,0,221.73,playing,0
50.149,6.0537,0,0.28816,0,221.77,playing,0
50.1646,6.0537,0,0.25109,0,222.1,playing,0
50.1809,6.0537,0,0.25109,0,222.7,playing,1
50.1969,1.1631,0,0.30259,0,223.59,playing,1
50.2135,1.1631,0,0.30259,0,224.76,playing,1
50.2301,1.1631,0,0.26081,0,226.32,playing,1
50.2456,-0.5275,0,0.26081,0,228.07,playing,1
50.2617,-0.5275,0,0.28996,0,230.1,playing,1
50.2782,-3.0042,0,0.28996,0,232.42,playing,1
50.2953,-3.0042,0,0.26448,0,235.19,playing,1
50.3123,-3.0042,0,0.26448,0,238.29,playing,1
50.329,-3.5906,0,0.2823,0,241.7,playing,1
50.3446,-3.5906,0,0.2823,0,245.19,playing,1
50.3611,-3.5906,0,0.2823,0,248.97,playing,1
50.3782,-3.5633,0,0.27828,0,253.29,playing,1
50.3952,-3.5633,0,0.27828,0,257.94,playing,1
50.4118,-3.2885,0,0.27953,0,262.9,playing,1
50.4283,-3.2885,0,0.27953,0,267.86,playing,1
50.4449,-3.2885,0,0.27613,0,273.44,playing,1
50.4607,-3.0607,0,0.27613,0,278.97,playing,1
50.4775,-3.0607,0,0.27326,0,284.79,playing,1
50.4945,-3.0607,0,0.29217,0,291.29,playing,1
50.5116,-4.9126,0,0.29217,0,298.1,playing,1
50.5282,-4.9126,0,0.28703,0,305.23,playing,1
50.5437,-4.9126,0,0.28703,0,312.23,playing,1
50.5598,-29.7026,1,0.2393,0,319.51,playing,1
50.5759,-29.7026,0,0.2393,0,313.55,playing,1
50.5917,-20.8816,0,0.18732,0,307.87,playing,1
50.6083,-20.8816,0,0.18732,0,302.48,playing,1
50.6252,-20.8816,0,0.19273,0,297.06,playing,1
50.6416,-14.024,0,0.19273,0,291.96,playing,1
50.6583,-14.024,0,0.19744,0,287.45,playing,1
50.6753,-14.024,0,0.19744,0,282.97,playing,1
50.6919,-14.024,0,0.19744,0,278.81,playing,1
50.7082,-14.024,0,0.17968,0,275.17,playing,1
50.7252,-14.024,0,0.17968,0,271.63,playing,1
50.7424,25.9165,0,0.1686,0,268.4,playing,1
50.7593,25.9165,0,0.1686,0,265.49,playing,1
50.7756,25.9165,0,0.15881,0,262.9,playing,1
50.7926,25.9165,0,0.15881,0,260.75,playing,1
50.8086,25.9165,0,0.16725,0,258.77,playing,1
50.8252,18.9903,0,0.16725,0,257.2,playing,1
50.8423,18.9903,0,0.18253,0,255.84,playing,1
50.8598,18.9903,0,0.18773,0,254.8,playing,1
50.8767,14.2675,0,0.18773,0,254.06,playing,1
50.8924,14.2675,0,0.18773,1,253.68,playing,1
50.9091,6.1039,0,0.23974,0,253.58,playing,1
50.9262,6.1039,0,0.23859,0,253.8,playing,1
50.9429,6.1039,0,0.23859,0,254.33,playing,1
50.9585,3.0473,0,0.2535,0,255.11,playing,1
50.9756,3.0473,0,0.2535,0,256.17,playing,1
50.9916,3.0473,0,0.26979,0,257.62,playing,1
51.0078,3.0473,0,0.26979,0,259.27,playing,1
51.0237,3.0473,0,0.26504,0,261.19,playing,1
51.0406,3.0473,0,0.26504,0,263.4,playing,1
51.0567,-2.9137,0,0.26504,0,266.07,playing,1
51.0732,-2.9137,0,0.27159,0,268.85,playing,1
51.0901,-2.9137,0,0.27159,0,272.13,playing,1
51.1059,-2.9137,0,0.27403,0,275.5,playing,1
51.1221,-2.9137,0,0.27403,0,279.16,playing,1
51.1376,-4.3716,0,0.28564,0,283.09,playing,1
51.1539,-4.3716,0,0.28564,0,287.3,playing,1
51.1697,-4.3716,0,0.28533,0,291.8,playing,1
51.1858,-4.7195,0,0.28533,0,296.58,playing,1
51.2015,-4.7195,0,0.27842,0,301.64,playing,1
51.2183,-4.7195,0,0.27842,0,306.98,playing,1
51.2357,-4.5707,0,0.25346,0,312.97,playing,1
51.2519,-4.5707,0,0.25346,0,319.28,playing,1
51.2677,-3.8786,0,0.26467,0,325.5,playing,1
51.2836,-3.8786,0,0.26467,0,332.0,playing,1
51.3005,-3.8786,0,0.26162,0,338.79,playing,1
51.3166,-3.5613,0,0.26162,0,346.31,playing,1
51.3333,-3.5613,0,0.25058,0,353.68,playing,1
51.3499,-3.5613,0,0.25058,0,361.82,playing,1
51.3665,-30.3096,1,0.26947,0,369.77,playing,1
51.3832,-30.3096,0,0.26947,0,363.45,playing,1
51.3987,-30.3096,0,0.26947,0,357.79,playing,1
51.4151,-24.5258,0,0.16568,0,352.42,playing,1
51.4321,-24.5258,0,0.16568,0,347.02,playing,1
51.4486,-3.6116,0,0.16568,0,342.22,playing,1
51.4652,-3.6116,0,0.16568,0,337.45,playing,1
51.4809,-3.6116,0,0.16464,0,333.23,playing,1
51.4968,-3.6116,0,0.16464,0,329.3,playing,1
51.5127,-3.6116,0,0.1571,0,325.64,playing,1
51.5294,-3.6116,0,0.1571,0,322.27,playing,1
51.5463,21.1023,0,0.17545,0,319.01,playing,1
51.5628,21.1023,0,0.17545,0,316.06,playing,1
51.5797,21.1023,0,0.16744,0,313.43,playing,1
51.5961,21.1023,0,0.16744,0,311.24,playing,1
51.6123,21.1023,0,0.18207,0,309.33,playing,1
51.6295,18.298,0,0.20862,0,307.62,playing,1
51.6455,18.298,0,0.20862,0,306.22,playing,1
51.662,18.298,0,0.22888,1,305.19,playing,1
51.6791,10.1576,0,0.22888,0,304.42,playing,1
51.6949,10.1576,0,0.24375,0,303.97,playing,1
51.7111,10.1576,0,0.24375,0,303.8,playing,1
51.7268,10.1576,0,0.25442,0,303.91,playing,1
51.7429,10.1576,0,0.25442,0,304.31,playing,1
51.759,10.1576,0,0.25442,0,304.99,playing,1
51.7753,3.7727,0,0.25442,0,305.94,playing,1
51.7922,3.7727,0,0.28801,0,307.28,playing,1
51.8081,1.2452,0,0.30292,0,308.82,playing,1
51.8252,1.2452,0,0.30292,0,310.77,playing,1
51.8419,1.2452,0,0.30292,0,313.04,playing,1
51.8583,-2.2617,0,0.30292,0,315.46,playing,1
51.8753,-2.2617,0,0.29309,0,318.35,playing,1
51.8921,-2.2617,0,0.29309,0,321.56,playing,1
51.9083,-3.7628,0,0.30334,0,324.86,playing,1
51.9254,-3.7628,0,0.30334,0,328.68,playing,1
51.9421,-3.7628,0,0.27737,0,332.82,playing,1
51.958,-3.7628,0,0.27737,0,337.0,playing,1
51.9739,-3.7628,0,0.2967,0,341.46,playing,1
51.99,-3.9344,0,0.2967,0,346.2,playing,1
52.0057,-3.9344,0,0.30582,0,351.23,playing,1
52.0218,-3.9344,0,0.30582,0,356.53,playing,1
52.0375,-4.5637,0,0.29874,0,362.12,playing,2
52.0543,-4.5637,0,0.29874,0,367.99,playing,2
52.0714,-4.5637,0,0.27991,0,374.54,playing,2
52.0884,-7.5995,0,0.27991,0,381.41,dead,2
52.1048,-7.5995,0,0.27991,0,388.6,dead,2
52.1215,-28.0696,1,0.28828,0,395.65,dead,2
52.138,-28.0696,0,0.28828,0,285.0,playing,0
52.1544,-28.0696,0,0.24269,0,279.04,playing,0
52.171,-14.0572,0,0.24269,0,273.03,playing,0
52.1874,-14.0572,0,0.20569,0,267.65,playing,0
52.2034,-14.0572,0,0.20569,0,262.26,playing,0
52.22,-4.2865,0,0.1944,0,257.46,playing,0
52.2356,-4.2865,0,0.1944,0,252.94,playing,0
52.2526,-4.2865,0,0.1944,0,248.71,playing,0
52.2689,19.8063,0,0.1944,0,244.53,playing,0
52.285,19.8063,0,0.16529,0,240.88,playing,0
52.3011,18.2217,0,0.20101,0,237.51,playing,0
52.317,18.2217,0,0.20101,0,234.42,playing,0
52.3348,18.2217,0,0.31619,1,231.61,playing,0
52.3508,12.2218,0,0.31619,0,228.81,playing,0
52.3671,12.2218,0,0.26424,0,226.6,playing,0
52.3831,12.2218,0,0.26424,0,224.67,playing,0
52.3993,9.36,0,0.34966,0,223.02,playing,0
52.4159,9.36,0,0.34966,0,221.59,playing,0
52.4322,9.36,0,0.33132,0,220.52,playing,0
52.4491,6.8051,0,0.33132,0,219.71,playing,0
52.4646,6.8051,0,0.33132,0,219.23,playing,0
52.4813,5.0605,0,0.35179,0,219.02,playing,0
52.4983,5.0605,0,0.35179,0,219.12,playing,0
52.5149,5.0605,0,0.33034,0,219.54,playing,0
52.5305,2.0264,0,0.33034,0,220.22,playing,0
52.547,2.0264,0,0.29081,0,221.18,playing,0
52.5633,2.0264,0,0.29081,0,222.42,playing,0
52.5803,0.367,0,0.32031,0,224.05,playing,0
52.5971,0.367,0,0.32031,0,226.01,playing,0
52.6132,0.367,0,0.34302,0,228.13,playing,0
52.629,0.367,0,0.34302,0,230.53,playing,0
52.6448,0.367,0,0.34302,0,233.21,playing,0
52.6609,0.367,0,0.34302,0,236.18,playing,0
52.6776,-1.1718,0,0.34302,0,239.42,playing,0
52.6939,-1.1718,0,0.28725,0,243.19,playing,0
52.7098,-2.493,0,0.28725,0,247.02,playing,0
52.7263,-2.493,0,0.32431,0,251.13,playing,0
52.7432,-2.493,0,0.32431,0,255.81,playing,0
52.7602,-2.4491,0,0.31673,0,260.81,playing,0
52.7772,-2.4491,0,0.31673,0,266.13,playing,0
52.7942,-2.4491,0,0.31673,0,271.77,playing,0
52.8107,-9.9304,0,0.32474,0,277.72,playing,0
52.8265,-9.9304,0,0.32474,0,283.61,playing,0
52.8437,-9.9304,0,0.32474,0,289.78,playing,0
52.8605,-9.9304,0,0.32474,0,296.65,playing,0
52.877,-9.9304,0,0.32474,0,303.84,playing,0
52.8934,-9.9304,0,0.29394,0,310.89,playing,0
52.9101,-9.9304,0,0.29394,0,318.69,playing,0
52.926,-9.9304,0,0.22119,0,326.32,playing,0
52.9421,9.706,1,0.22119,0,334.23,playing,0
52.958,9.706,0,0.19497,0,328.27,playing,0
52.9753,9.706,0,0.19497,0,322.26,playing,0
52.992,9.706,0,0.25091,1,316.57,playing,0
53.0084,9.706,0,0.25091,0,311.49,playing,0
53.0247,16.7496,0,0.25091,0,306.41,playing,0
53.0417,16.7496,0,0.20177,0,301.91,playing,0
53.0582,16.7496,0,0.20177,0,297.45,playing,0
53.0748,12.8066,0,0.20061,0,293.31,playing,0
53.0909,12.8066,0,0.20061,0,289.69,playing,0
53.1071,12.8066,0,0.20061,0,286.35,playing,0
53.1235,9.079,0,0.2368,0,283.13,playing,0
53.1402,9.079,0,0.2368,0,280.37,playing,0
53.1564,5.8197,0,0.31421,0,277.9,playing,0
53.1735,5.8197,0,0.31421,0,275.59,playing,0
53.1896,5.8197,0,0.31421,0,273.6,playing,0
53.2061,1.1418,0,0.34943,0,272.0,playing,0
53.2217,1.1418,0,0.34943,0,270.69,playing,0
53.2386,1.1418,0,0.33806,0,269.66,playing,0
53.2547,1.1418,0,0.33806,0,268.88,playing,0
53.271,1.1418,0,0.34775,0,268.43,playing,0
53.2867,1.1418,0,0.34775,0,268.27,playing,0
53.3027,-2.2792,0,0.34775,0,268.38,playing,0
53.3194,-2.2792,0,0.3814,0,268.77,playing,0
53.3363,-2.2792,0,0.3814,0,269.51,playing,0
53.3528,-3.0511,0,0.33244,0,270.57,playing,0
53.3691,-3.0511,0,0.33244,0,271.84,playing,0
53.385,-3.483,0,0.31507,0,273.4,playing,0
53.401,-3.483,0,0.31507,0,275.24,playing,0
53.4167,-3.483,0,0.31507,0,277.36,playing,0
53.433,-3.483,0,0.31473,0,279.76,playing,0
53.4489,-3.483,0,0.31473,0,282.44,playing,0
53.4645,-3.483,0,0.34197,0,285.41,playing,0
53.4805,-22.7948,1,0.34197,0,288.65,playing,0
53.4972,-22.7948,0,0.34197,0,282.7,playing,0
53.5144,-22.7948,0,0.31277,0,276.68,playing,0
53.5313,-17.6717,0,0.31277,0,270.99,playing,0
53.5477,-17.6717,0,0.31277,0,265.61,playing,0
53.5639,-17.6717,0,0.31277,0,260.83,playing,0
53.5795,-17.6717,0,0.22271,0,256.33,playing,0
53.5963,-17.6717,0,0.22271,0,252.12,playing,0
53.6135,17.2939,0,0.22271,0,247.96,playing,0
53.63,17.2939,0,0.20368,0,244.11,playing,0
53.6465,17.2939,0,0.20368,0,240.78,playing,0
53.6633,17.2143,0,0.2582,1,237.55,playing,0
53.6804,17.2143,0,0.2582,0,234.64,playing,0
53.6972,14.7616,0,0.23626,0,232.05,playing,0
53.7139,10.0872,0,0.23626,0,229.78,playing,0
53.73,10.0872,0,0.23626,0,227.92,playing,0
53.7461,7.2721,0,0.23257,0,226.34,playing,0
53.762,7.2721,0,0.23257,0,225.05,playing,0
53.778,7.2721,0,0.32727,0,224.04,playing,0
53.7938,6.5826,0,0.32727,0,223.31,playing,0
53.8094,6.5826,0,0.32727,0,222.86,playing,0
53.8273,6.5826,0,0.30582,0,222.7,playing,0
53.844,5.0534,0,0.30582,0,222.85,playing,0
53.8605,5.0534,0,0.32557,0,223.29,playing,0
53.8773,-4.3051,0,0.32557,0,224.06,playing,0
53.8944,-4.3051,0,0.32557,0,225.15,playing,0
53.9113,-4.3051,0,0.34332,0,226.56,playing,0
53.9281,-16.7131,0,0.34332,0,228.29,playing,0
53.945,-16.7131,0,0.32049,0,230.34,playing,0
53.9611,-16.7131,0,0.32049,0,232.55,playing,0
53.9784,2.0324,0,0.28446,0,235.21,playing,0
53.9952,2.0324,0,0.28446,0,238.19,playing,0
54.0122,9.7397,0,0.28446,0,241.49,playing,0
54.0281,9.0489,0,0.21146,0,244.88,playing,0
54.0439,9.0489,0,0.21146,0,248.55,playing,0
54.06,7.3991,0,0.21957,0,252.5,playing,0
54.0758,7.3991,0,0.21957,0,256.73,playing,0
54.0923,7.3991,0,0.21957,1,261.25,playing,0
54.109,7.3991,0,0.28699,0,266.36,playing,0
54.1246,7.3991,0,0.28699,0,271.45,playing,0
54.1412,7.3991,0,0.27047,0,276.83,playing,0
54.1578,2.6609,0,0.27047,0,282.86,playing,0
54.1746,2.6609,0,0.27047,0,288.82,playing,0
54.1904,2.6609,0,0.28546,0,295.46,playing,0
54.2069,1.5009,0,0.28546,0,302.0,playing,0
54.2238,1.5009,0,0.31671,0,308.82,playing,0
54.2397,-1.8867,0,0.31671,0,316.38,playing,0
54.2566,-1.8867,0,0.32,0,323.78,playing,0
54.2727,-1.8867,0,0.32,0,331.96,playing,0
54.2887,-27.4818,1,0.32,0,339.94,playing,0
54.3051,-27.4818,0,0.32714,0,333.99,playing,0
54.3212,-27.4818,0,0.32714,0,328.31,playing,0
54.3371,-22.7987,0,0.34077,0,322.91,playing,0
54.3531,-22.7987,0,0.34077,0,317.8,playing,0
54.3691,-22.7987,0,0.29495,0,312.97,playing,0
54.3854,0.0646,0,0.29495,0,308.42,playing,0
54.4029,0.0646,0,0.29495,0,303.9,playing,0
54.4201,10.1331,0,0.22995,0,299.48,playing,0
54.4365,10.1331,0,0.22995,0,295.82,playing,0
54.4534,10.1331,0,0.2631,0,292.26,playing,0
54.4703,21.7865,0,0.2631,0,289.01,playing,0
54.487,21.7865,0,0.23236,0,286.09,playing,0
54.5028,21.7865,0,0.23236,0,283.61,playing,0
54.5195,18.5353,0,0.21386,0,281.42,playing,0
54.5365,18.5353,0,0.21386,0,279.41,playing,0
54.5534,14.7712,0,0.27569,1,277.72,playing,0
54.5695,14.7712,0,0.27569,0,276.34,playing,0
54.5856,14.7712,0,0.27569,0,275.33,playing,1
54.6016,7.239,0,0.2938,0,274.6,playing,1
54.6177,7.239,0,0.2938,0,274.15,playing,1
54.6334,7.239,0,0.2938,0,273.98,playing,1
54.6505,3.8706,0,0.31962,0,274.09,playing,1
54.6668,3.8706,0,0.31962,0,274.53,playing,1
54.6832,3.8706,0,0.33926,0,275.23,playing,1
54.7002,-0.6686,0,0.33926,0,276.28,playing,1
54.7174,-0.6686,0,0.32977,0,277.66,playing,1
54.734,-2.1304,0,0.32977,0,279.35,playing,1
54.75,-2.1304,0,0.32977,0,281.22,playing,1
54.7663,-2.1304,0,0.32207,0,283.38,playing,1
54.7824,-3.3928,0,0.32207,0,285.98,playing,1
54.7987,-3.3928,0,0.31104,0,288.72,playing,1
54.8148,-3.3928,0,0.31104,0,291.74,playing,1
54.8309,-3.9846,0,0.31104,0,295.04,playing,1
54.8475,-3.9846,0,0.34524,0,298.62,playing,1
54.8637,-3.9846,0,0.34524,0,302.74,playing,1
54.8795,-4.56,0,0.35822,0,306.9,playing,1
54.8957,-4.56,0,0.35822,0,311.34,playing,1
54.9121,-9.8565,0,,0,316.07,playing,1
54.9293,-9.8565,0,,0,321.41,playing,1
54.9464,-9.8565,0,,0,327.06,playing,1
54.9632,-30.2511,1,,0,333.04,playing,1
54.9798,-30.2511,0,,0,326.73,playing,1
54.9957,-30.2511,0,0.33145,0,321.07,playing,1
55.0127,-30.2511,0,0.33145,0,315.69,playing,1
55.0292,-30.2511,0,,0,310.29,playing,1
55.0467,-29.0007,0,,0,305.21,playing,1
55.0628,12.9628,0,,0,300.45,playing,1
55.0794,12.9628,0,0.25999,0,296.26,playing,1
55.0955,20.0966,0,0.25999,0,292.11,playing,1
55.1126,20.0966,0,0.21996,0,288.5,playing,1
55.1287,20.0966,0,0.21996,0,284.97,playing,1
55.1452,20.0966,0,0.22642,1,281.93,playing,1
55.1624,20.0966,0,0.22642,0,279.02,playing,1
55.1793,20.0966,0,,0,276.43,playing,1
55.196,12.2402,0,,0,274.16,playing,1
55.2117,12.2402,0,,0,272.3,playing,1
55.2284,6.4465,0,,0,270.73,playing,1
55.2449,6.4465,0,,0,269.37,playing,1
55.2615,6.4465,0,,0,268.38,playing,1
55.2777,6.4465,0,,0,267.64,playing,1
55.2942,6.4465,0,,0,267.22,playing,1
55.3111,6.4465,0,,0,267.1,playing,1
55.3267,6.4465,0,,0,267.27,playing,1
55.3428,6.4465,0,,0,267.71,playing,1
55.3594,6.4465,0,0.31024,0,268.44,playing,1
55.3761,-0.8747,0,0.31024,0,269.54,playing,1
55.3917,-0.8747,0,0.30318,0,270.85,playing,1
55.4083,-0.8747,0,0.30318,0,272.44,playing,1
55.4253,-0.8747,0,0.30318,0,274.45,playing,1
55.4419,-0.8747,0,,0,276.78,playing,1
55.4577,-3.1685,0,,0,279.25,playing,1
55.474,-3.1685,0,,0,282.0,playing,1
55.4905,-3.1685,0,,0,285.04,playing,1
55.5073,-8.6918,0,,0,288.58,playing,1
55.5239,-8.6918,0,,0,292.44,playing,1
55.54,-8.6918,0,,0,296.35,playing,1
55.5559,-25.0693,1,,0,300.55,playing,1
55.5722,-25.0693,0,,0,294.59,playing,1
55.589,-19.0571,0,,0,288.58,playing,1
55.6051,-19.0571,0,,0,283.2,playing,1
55.6215,-19.0571,0,,0,278.11,playing,1
55.6383,-19.0571,0,,0,273.01,playing,1
55.6554,-19.0571,0,,0,268.23,playing,1
55.6725,-19.0571,0,,0,263.77,playing,1
55.689,2.0968,0,,0,259.63,playing,1
55.7051,2.0968,0,,0,256.01,playing,1
55.721,2.0968,0,,0,252.67,playing,1
55.7366,18.9728,0,,0,249.62,playing,1
55.7535,18.9728,0,,0,246.85,playing,1
55.7712,18.9728,0,,0,244.22,playing,1
55.7881,18.9728,0,,0,241.79,playing,1
55.8042,18.9728,0,,0,239.92,playing,1
55.8211,17.7586,0,,0,238.32,playing,1
55.8381,17.7586,0,0.28052,0,236.89,playing,1
55.8538,17.7586,0,0.31238,0,235.89,playing,1
55.87,13.6522,0,0.31238,0,235.18,playing,1
55.8861,13.6522,0,,0,234.75,playing,1
55.9018,9.2283,0,,0,234.6,playing,1
55.9175,-2.5242,0,,0,234.73,playing,1
55.9342,-2.5242,0,,0,235.14,playing,1
55.9512,-2.5242,0,,0,235.9,playing,1
55.9677,-2.5242,0,,0,236.97,playing,1
55.9842,-2.5242,0,,0,238.26,playing,1
56.001,-21.7642,0,,0,239.95,playing,1
56.0172,-21.7642,0,,0,241.83,playing,1
56.0342,-21.7642,0,,0,244.14,playing,1
56.0514,-21.7642,0,,0,246.76,playing,1
56.0681,-21.7642,0,,0,249.71,playing,1
56.0841,9.5157,0,,0,252.76,playing,1
56.0997,9.5157,0,,0,256.1,playing,1
56.1162,9.5157,0,,0,259.71,playing,1
56.1332,9.5157,0,,0,263.87,playing,1
56.1493,9.5157,0,,0,268.07,playing,1
56.166,9.5157,0,,0,272.84,playing,1
56.1821,10.7242,0,,0,277.62,playing,1
56.1978,10.7242,0,,0,282.68,playing,1
56.2135,10.7242,0,,0,288.02,playing,1
56.2302,8.1292,0,,0,293.64,playing,1
56.2457,8.1292,0,,0,299.55,playing,1
56.2625,5.1483,0,,0,305.73,playing,1
56.2789,5.1483,0,,0,312.62,dead,1
56.2953,5.1483,0,,0,319.39,dead,1
56.3114,0.3987,0,,0,326.9,dead,1
56.3278,0.3987,0,,0,334.25,dead,1
56.3443,0.3987,0,,0,341.87,dead,1
56.3609,-1.1272,0,,0,350.3,dead,1
56.3774,-1.1272,0,,0,358.51,dead,1
56.3939,-1.1272,0,,0,367.55,dead,1
56.4099,-2.9294,0,,0,376.34,dead,1
56.426,-2.9294,0,,0,385.41,dead,1
56.4416,-3.6428,0,,0,394.76,dead,1
56.4579,-3.6428,0,,0,404.4,dead,1
56.4746,-3.6428,0,,0,414.32,dead,1
56.4911,-3.6428,0,,0,425.17,dead,1
56.5066,-3.6428,0,,0,435.67,dead,1
56.5233,-3.6428,0,,0,446.45,dead,1
56.5401,-3.6439,0,,0,458.22,dead,1
56.5566,-3.6439,0,,0,469.42,dead,1
56.5732,-3.6439,0,,0,481.32,dead,1
56.59,-3.3503,0,,0,493.22,dead,1
56.6066,-3.3503,0,,0,496.0,dead,1
56.623,-3.0111,0,,0,496.0,dead,1
56.6393,-3.0111,0,,0,496.0,dead,1
56.6558,-3.0111,0,,0,496.0,dead,1
56.6721,-3.0111,0,,0,496.0,dead,1
56.688,-3.0111,0,,0,496.0,dead,1
56.7045,-3.0111,0,,0,496.0,dead,1
56.7208,-18.3305,0,,0,496.0,dead,1
56.737,-18.3305,0,,0,496.0,dead,1
56.7532,-18.3305,0,,0,496.0,dead,1
56.7686,-29.1182,1,,0,496.0,dead,1
56.7854,-29.1182,0,,0,285.0,playing,0
56.8023,-23.9704,0,,0,278.69,playing,0
56.8192,-23.9704,0,,0,272.69,playing,0
56.8347,-23.9704,0,,0,267.33,playing,0
56.8515,13.1356,0,,0,262.26,playing,0
56.8683,13.1356,0,,0,257.18,playing,0
56.8852,13.1356,0,,0,252.42,playing,0
56.9017,16.589,0,,0,247.98,playing,0
56.9179,16.589,0,,0,244.08,playing,0
56.9343,16.589,0,,0,240.46,playing,0
56.951,13.5084,0,,0,236.93,playing,0
56.9671,13.5084,0,,0,233.9,playing,0
56.9829,10.9666,0,,0,231.14,playing,0
56.9992,10.9666,0,,0,228.67,playing,0
57.0161,10.9666,0,,0,226.36,playing,0
57.032,6.4176,0,,0,224.46,playing,0
57.0475,6.4176,0,,0,222.85,playing,0
57.0639,6.4176,0,,0,221.52,playing,0
57.08,4.1196,0,,0,220.48,playing,0
57.0958,4.1196,0,,0,219.71,playing,0
57.1117,4.1196,0,,0,219.22,playing,0
57.1287,0.3019,0,,0,219.02,playing,0
57.1457,0.3019,0,,0,219.12,playing,0
57.1626,-0.7615,0,,0,219.54,playing,0
57.1792,-0.7615,0,,0,220.28,playing,0
57.1961,-0.7615,0,,0,221.34,playing,0
57.2116,-0.7615,0,,0,222.61,playing,0
57.2286,-0.7615,0,,0,224.17,playing,0
57.2455,-0.7615,0,,0,226.14,playing,0
57.2623,-2.2459,0,,0,228.43,playing,0
57.2794,-2.2459,0,,0,231.04,playing,0
57.2964,-2.5562,0,,0,233.96,playing,0
57.3133,-2.5562,0,,0,237.21,playing,0
57.3305,-2.5562,0,,0,240.77,playing,0
57.3469,-2.4542,0,,0,244.65,playing,0
57.3633,-2.4542,0,,0,248.58,playing,0
57.3796,-2.4542,0,,0,253.08,playing,0
57.3965,-2.4542,0,,0,257.59,playing,0
57.4132,-2.4542,0,,0,262.7,playing,0
57.4299,-2.4542,0,,0,268.14,playing,0
57.4456,-16.5147,0,,0,273.53,playing,0
57.4625,-16.5147,0,,0,279.2,playing,0
57.4794,-24.8839,1,,0,285.55,playing,0
57.4964,-24.8839,0,,0,279.24,playing,0
57.5133,-24.8839,0,,0,273.25,playing,0
57.5295,-17.0186,0,,0,267.57,playing,0
57.5466,-17.0186,0,,0,262.51,playing,0
57.5626,-17.0186,0,,0,257.45,playing,0
57.5793,-7.603,0,,0,252.97,playing,0
57.5962,-7.603,0,,0,248.53,playing,0
57.6129,-7.603,0,,0,244.4,playing,0
57.6284,-7.603,0,,0,240.8,playing,0
57.6452,-7.603,0,0.2461,0,237.49,playing,0
57.6607,20.701,0,0.2461,0,234.45,playing,0
57.6772,20.701,0,0.23524,0,231.69,playing,0
57.6932,20.701,0,,0,229.22,playing,0
57.7092,17.165,0,,0,227.03,playing,0
57.725,17.165,0,,0,225.12,playing,0
57.7407,17.165,0,,0,223.49,playing,0
57.7572,13.3866,0,,0,222.14,playing,0
57.7742,13.3866,0,,0,221.03,playing,0
57.7898,13.3866,0,,0,220.26,playing,0
57.8063,9.5359,0,,0,219.78,playing,0
57.823,9.5359,0,,0,219.58,playing,0
57.84,3.9218,0,,0,219.7,playing,0
57.856,3.9218,0,,0,220.1,playing,0
57.8716,3.9218,0,,0,220.77,playing,0
57.8882,3.9218,0,,0,221.73,playing,0
57.9036,3.9218,0,,0,222.97,playing,0
57.9201,3.9218,0,,0,224.49,playing,0
57.936,3.9218,0,,0,226.3,playing,0
57.9516,3.9218,0,,0,228.38,playing,0
57.9683,3.9218,0,,0,230.75,playing,0
57.9848,-3.4157,0,,0,233.58,playing,0
58.0005,-3.4157,0,,0,236.53,playing,0
58.0173,-3.9236,0,,0,239.75,playing,0
58.0342,-3.9236,0,,0,243.5,playing,0
58.051,-3.9236,0,,0,247.57,playing,0
58.0671,-4.0058,0,,0,251.68,playing,0
58.0832,-4.0058,0,,0,256.07,playing,0
58.1002,-4.0058,0,,0,261.05,playing,0
58.1173,-3.7948,0,,0,266.35,playing,0
58.1344,-3.7948,0,,0,271.97,playing,0
58.1506,-3.7948,0,,0,277.91,playing,0
58.1676,-7.6049,0,,0,283.78,playing,0
58.1841,-7.6049,0,,0,290.33,playing,0
58.1997,-7.6049,0,,0,296.78,playing,0
58.2162,-7.6049,0,,0,303.51,playing,0
58.2332,-7.6049,0,,0,310.98,playing,0
58.2501,-17.6628,0,,0,318.77,playing,0
58.2662,-17.6628,0,,0,326.38,playing,0
58.2833,-17.6628,0,,0,334.78,playing,0
58.2998,-14.6218,1,,0,343.51,playing,0
58.3159,-14.6218,0,,0,337.55,playing,0
58.3319,0.9675,0,,0,331.87,playing,0
58.3477,0.9675,0,,0,326.48,playing,0
58.364,0.9675,0,,0,321.36,playing,0
58.3802,21.6358,0,,0,316.53,playing,0
58.3976,21.6358,0,,0,311.71,playing,0
58.4141,21.6358,0,,0,307.22,playing,0
58.43,21.6358,0,,0,303.26,playing,0
58.4465,21.6358,0,,0,299.59,playing,0
58.463,21.6358,0,,0,296.01,playing,0
58.4792,13.1965,0,,0,292.92,playing,0
58.4953,13.1965,0,,0,290.11,playing,0
58.5122,10.0602,0,,0,287.45,playing,0
58.5289,10.0602,0,,0,285.1,playing,0
58.5448,10.0602,0,,0,283.17,playing,0
58.5606,6.5486,0,,0,281.53,playing,0
58.5774,6.5486,0,,0,280.16,playing,0
58.5943,6.5486,0,,0,279.03,playing,0
58.6117,1.7273,0,,0,278.22,playing,0
58.6283,1.7273,0,,0,277.72,playing,0
58.6444,1.7273,0,,0,277.54,playing,0
58.6618,-0.1391,0,,0,277.65,playing,0
58.6777,-0.1391,0,,0,278.09,playing,0
58.694,-2.0667,0,,0,278.79,playing,0
58.7102,-2.0667,0,,0,279.76,playing,0
58.7262,-2.0667,0,,0,281.02,playing,0
58.742,-2.6436,0,,0,282.56,playing,0
58.7576,-2.6436,0,,0,284.38,playing,0
58.7742,-2.6436,0,0.31288,0,286.48,playing,0
58.791,-3.2862,0,0.31288,0,289.03,playing,0
58.8071,-3.2862,0,0.31288,0,291.72,playing,0
58.8228,-3.2862,0,,0,294.68,playing,0
58.8388,-3.3601,0,,0,297.93,playing,0
58.8548,-3.3601,0,,0,301.46,playing,0
58.8705,-3.3601,0,,0,305.27,playing,0
58.8874,-3.1275,0,,0,309.36,playing,0
58.9043,-3.1275,0,,0,314.02,playing,0
58.921,-15.9152,0,,0,319.01,playing,0
58.9371,-15.9152,0,,0,323.98,playing,0
58.9532,-15.9152,0,,0,329.23,playing,0
58.9696,-15.9152,0,,0,334.76,playing,0
58.9865,-15.9152,0,,0,340.96,playing,0
59.0025,-15.9152,0,,0,347.48,playing,0
59.0197,-6.3036,1,,0,353.89,playing,0
59.0358,-6.3036,0,,0,347.58,playing,0
59.0523,13.0079,0,,0,341.92,playing,0
59.0692,13.0079,0,,0,336.23,playing,0
59.0853,13.0079,0,,0,331.15,playing,0
59.1026,16.7076,0,,0,326.07,playing,0
59.1189,16.7076,0,,0,321.31,playing,0
59.135,16.7076,0,,0,317.11,playing,0
59.151,15.5533,0,,0,313.19,playing,0
59.1673,15.5533,0,,0,309.56,playing,0
59.1838,15.5533,0,,0,306.01,playing,0
59.2006,15.5533,0,,0,302.96,playing,0
59.2175,15.5533,0,0.28533,0,300.03,playing,0
59.2343,4.4586,0,0.28533,0,297.42,playing,1
59.2513,4.4586,0,,0,295.13,playing,1
59.2685,4.4586,0,,0,293.16,playing,1
59.2856,2.1971,0,,0,291.5,playing,1
59.3019,2.1971,0,,0,290.16,playing,1
59.3178,2.1971,0,,0,289.19,playing,1
59.3343,1.0421,0,,0,288.49,playing,1
59.351,1.0421,0,,0,288.07,playing,1
59.3671,-1.3157,0,,0,287.95,playing,1
59.3829,-1.3157,0,0.32436,0,288.12,playing,1
59.3989,-1.3157,0,0.32436,0,288.57,playing,1
59.415,-1.3157,0,,0,289.3,playing,1
59.4309,-1.3157,0,,0,290.31,playing,1
59.4468,-1.3157,0,,0,291.6,playing,1
59.4635,-2.4237,0,,0,293.18,playing,1
59.48,-2.4237,0,0.29191,0,295.17,playing,1
59.4965,-2.4237,0,0.29191,0,297.32,playing,1
59.5132,-2.4237,0,0.29191,0,299.93,playing,1
59.5298,-2.4237,0,,0,302.86,playing,1
59.5466,-12.5494,0,,0,305.89,playing,1
59.5628,-22.7499,1,,0,309.43,playing,1
59.5791,-22.7499,0,,0,303.48,playing,1
59.5956,-22.9546,0,,0,297.8,playing,1
59.6115,-22.9546,0,,0,292.09,playing,1
59.628,-22.9546,0,,0,286.99,playing,1
59.6439,-22.9546,0,,0,282.17,playing,1
59.66,-22.9546,0,,0,277.64,playing,1
59.676,-22.9546,0,,0,273.39,playing,1
59.6922,4.3186,0,,0,269.42,playing,1
59.7093,4.3186,0,,0,265.52,playing,1
59.7262,4.3186,0,,0,261.94,playing,1
59.7427,16.465,0,,0,258.68,playing,1
59.7595,16.465,0,,0,255.89,playing,1
59.7754,16.465,0,,0,253.24,playing,1
59.7919,16.465,0,,0,251.03,playing,1
59.8078,16.465,0,,0,249.1,playing,1
59.8245,20.4981,0,,0,247.45,playing,1
59.8412,20.4981,0,,0,246.02,playing,1
59.8578,20.4981,0,,0,244.91,playing,1
59.8738,20.4981,0,,0,244.14,playing,1
59.8906,20.4981,0,,0,243.66,playing,1
59.9076,13.0877,0,0.29136,0,243.46,playing,1
59.9236,6.9033,0,0.29136,0,243.58,playing,1
59.9402,6.9033,0,,0,243.98,playing,1
59.9555,4.019,0,,0,244.65,playing,1
59.9714,4.019,0,,0,245.61,playing,1
59.9887,4.019,0,,0,246.85,playing,1
60.005,1.5859,0,,0,248.49,playing,1
60.021,1.5859,0,,0,250.31,playing,1
60.0374,1.5859,0,,0,252.41,playing,1
60.0544,-0.2727,0,,0,254.96,playing,1
60.0709,-0.2727,0,,0,257.83,playing,1
60.0872,-3.1846,0,,0,260.81,playing,1
60.1044,-3.1846,0,,0,264.3,playing,1
60.1212,-3.1846,0,,0,268.11,playing,1
60.1381,-3.1846,0,,0,272.23,playing,1
60.154,-3.1846,0,,0,276.39,playing,1
60.1699,-3.1846,0,,0,280.83,playing,1
60.1864,-7.6751,0,,0,285.56,playing,1
60.203,-7.6751,0,,0,290.9,playing,1
60.2189,-7.6751,0,,0,296.2,playing,1
60.2351,-23.0249,1,,0,301.79,playing,1
60.2512,-23.0249,0,,0,295.83,playing,1
60.2678,-23.1936,0,,0,289.82,playing,1
60.2837,-23.1936,0,,0,284.44,playing,1
60.2999,-23.1936,0,,0,279.34,playing,1
60.316,-4.2103,0,,0,274.53,playing,1
60.3318,-4.2103,0,,0,270.0,playing,1
60.3473,-4.2103,0,,0,265.75,playing,1
60.3635,16.4983,0,,0,261.78,playing,1
60.3798,16.4983,0,,0,258.09,playing,1
60.3959,16.4983,0,,0,254.68,playing,1
60.4115,16.4983,0,,0,251.56,playing,1
60.4286,16.4983,0,,0,248.71,playing,1
60.4448,16.4983,0,,0,246.01,playing,1
60.4619,15.5859,0,,0,243.75,playing,1
60.4785,15.5859,0,,0,241.66,playing,1
60.4953,6.944,0,,0,239.89,playing,1
60.5119,6.944,0,,0,238.44,playing,1
60.5275,6.944,0,,0,237.36,playing,1
60.5441,5.2716,0,0.31911,0,236.56,playing,1
60.5602,5.2716,0,0.31911,0,236.04,playing,1
60.5768,5.2716,0,0.31687,0,235.8,playing,1
60.593,1.2117,0,0.31687,0,235.87,playing,1
60.6097,1.2117,0,0.31687,0,236.21,playing,1
60.6263,1.2117,0,,0,236.89,playing,1
60.6426,1.2117,0,,0,237.89,playing,1
60.6592,1.2117,0,,0,239.11,playing,1
60.676,1.2117,0,,0,240.73,playing,1
60.6926,1.2117,0,0.31108,0,242.53,playing,1
60.7091,1.2117,0,0.31108,0,244.76,playing,1
60.725,-1.8077,0,0.31108,0,247.15,playing,1
60.7407,-1.8077,0,0.34653,0,249.81,playing,1
60.7564,-1.8077,0,0.34653,0,252.76,playing,1
60.7733,-2.2007,0,,0,255.99,playing,1
60.7902,-2.2007,0,,0,259.74,playing,1
60.8067,-9.0314,0,,0,263.81,playing,1
60.8227,-21.5592,1,,0,267.91,playing,1
60.8389,-21.5592,0,0.33467,0,261.96,playing,1
60.8551,-24.0115,0,0.33467,0,256.28,playing,1
60.8713,-24.0115,0,0.33467,0,250.88,playing,1
60.8887,-24.0115,0,,0,245.47,playing,1
60.9049,2.1381,0,,0,240.37,playing,1
60.9205,2.1381,0,,0,235.86,playing,1
60.9376,2.1381,0,,0,231.62,playing,1
60.9537,16.0346,0,,0,227.44,playing,1
60.9699,16.0346,0,,0,223.79,playing,1
60.986,17.346,0,,0,220.42,playing,1
61.0021,17.346,0,,0,217.33,playing,1
61.0177,17.346,0,,0,214.52,playing,1
61.0343,12.0335,0,,0,212.0,playing,1
61.0508,12.0335,0,,0,209.63,playing,1
61.0666,12.0335,0,,0,207.68,playing,1
61.0833,8.6091,0,,0,206.02,playing,2
61.0995,8.6091,0,,0,204.57,playing,2
61.1167,8.6091,0,,0,203.49,playing,2
61.1325,6.1317,0,,0,202.65,playing,2
61.1494,6.1317,0,,0,202.15,playing,2
61.1664,3.9796,0,,0,201.94,playing,2
61.1831,2.6562,0,,0,202.04,playing,2
61.1991,2.6562,0,,0,202.41,playing,2
61.2166,2.6562,0,,0,203.13,playing,2
61.2326,2.6562,0,,0,204.17,playing,2
61.2485,2.6562,0,,0,205.43,playing,2
61.2646,-1.2752,0,0.33392,0,206.97,playing,2
61.2808,-1.2752,0,0.33392,0,208.79,playing,2
61.2982,-1.2752,0,0.33392,0,210.89,playing,2
61.3154,-1.2752,0,0.29348,0,213.61,playing,2
61.3323,-1.2752,0,0.29348,0,216.5,playing,2
61.3492,-1.6826,0,,0,219.71,playing,2
61.3651,-1.6826,0,,0,223.01,playing,2
61.3814,-1.6826,0,,0,226.59,playing,2
61.3982,-1.9613,0,,0,230.71,playing,2
61.4149,-1.9613,0,,0,235.15,playing,2
61.4309,-1.9613,0,,0,239.61,playing,2
61.447,-3.6508,0,,0,244.35,playing,2
61.4626,-3.6508,0,,0,249.38,playing,2
61.4796,-3.6508,0,,0,254.68,playing,2
61.4962,-9.0002,0,,0,260.64,playing,2
61.5129,-9.0002,0,,0,266.91,playing,2
61.5285,-9.0002,0,,0,273.1,playing,2
61.5455,-9.0002,0,,0,279.56,playing,2
61.5621,-9.0002,0,,0,286.75,playing,2
61.5781,-16.2769,1,,0,293.8,playing,2
61.5936,-16.2769,0,,0,287.84,playing,2
61.6096,-16.2769,0,,0,282.17,playing,2
61.6254,-10.9365,0,,0,276.77,playing,2
61.6419,-10.9365,0,,0,271.66,playing,2
61.6586,-10.9365,0,,0,266.82,playing,2
61.6751,-10.9365,0,,0,262.01,playing,2
61.6912,-10.9365,0,,0,257.76,playing,2
61.7084,10.1518,0,,0,253.56,playing,2
61.7252,19.2204,0,,0,249.68,playing,2
61.742,19.2204,0,,0,246.11,playing,2
61.758,20.28,0,,0,243.04,playing,2
61.7741,20.28,0,,0,240.25,playing,2
61.7899,20.28,0,,0,237.74,playing,2
61.8056,14.0962,0,0.32595,0,235.52,playing,2
61.8219,14.0962,0,0.32595,0,233.57,playing,2
61.8378,14.0962,0,0.31651,0,231.91,playing,2
61.854,10.3864,0,0.31651,0,230.52,playing,2
61.8703,10.3864,0,0.31651,0,229.42,playing,2
61.8879,10.3864,0,0.30266,0,228.57,playing,2
61.904,10.3864,0,0.30266,0,228.04,playing,2
61.9203,10.3864,0,0.30744,0,227.82,playing,2
61.9368,1.778,0,0.30744,0,227.9,playing,2
61.9528,1.778,0,0.30744,0,228.26,playing,2
61.969,1.778,0,0.3157,0,228.9,playing,2
61.9854,0.1459,0,0.3157,0,229.82,playing,2
62.0013,0.1459,0,0.32239,0,231.12,playing,2
62.018,0.1459,0,0.32239,0,232.63,playing,2
62.034,-1.9782,0,0.32239,0,234.41,playing,2
62.0503,-1.9782,0,0.30708,0,236.48,playing,2
62.0673,-2.8082,0,0.30708,0,238.99,playing,2
62.0841,-2.8082,0,0.33178,0,241.83,playing,2
62.1001,-2.8082,0,0.33178,0,244.77,playing,2
62.1161,-3.601,0,0.31106,0,248.0,playing,2
62.1324,-3.601,0,0.31106,0,251.51,playing,2
62.1495,-3.601,0,0.31106,0,255.56,playing,2
62.1663,-3.5377,0,,0,259.93,playing,2
62.1833,-3.5377,0,,0,264.61,playing,2
62.1998,-3.5377,0,,0,269.61,playing,2
62.2155,-2.9783,0,,0,274.6,playing,2
62.2321,-2.9783,0,,0,279.87,playing,2
62.2481,-5.0133,0,,0,285.42,playing,2
62.264,-5.0133,0,,0,291.26,playing,2
62.2794,-5.0133,0,,0,297.37,playing,2
62.2958,-18.5785,0,,0,303.77,playing,2
62.312,-18.5785,0,,0,310.45,playing,2
62.3279,-18.5785,0,,0,317.41,playing,2
62.3435,-23.394,1,,0,324.65,playing,2
62.3596,-23.394,0,,0,318.69,playing,2
62.3757,-23.394,0,,0,313.01,playing,2
62.3918,-4.8557,0,,0,307.62,playing,2
62.4076,-4.8557,0,,0,302.5,playing,2
62.4247,-4.8557,0,,0,297.67,playing,2
62.4408,9.8869,0,,0,292.86,playing,2
62.4569,9.8869,0,,0,288.6,playing,2
62.4729,15.5909,0,,0,284.64,playing,2
62.4896,15.5909,0,,0,280.95,playing,2
62.5062,15.5909,0,,0,277.35,playing,2
62.5229,13.2284,0,,0,274.06,playing,2
62.539,13.2284,0,,0,271.26,playing,2
62.5549,13.2284,0,0.2247,0,268.73,playing,2
62.5708,10.6549,0,0.2247,0,266.48,playing,2
62.5865,10.6549,0,,0,264.52,playing,2
62.6032,10.6549,0,,0,262.84,playing,2
62.6199,5.5776,0,,0,261.37,playing,2
62.6361,5.5776,0,,0,260.27,playing,2
62.6528,3.5808,0,,0,259.42,playing,2
62.6685,3.5808,0,0.28356,0,258.9,playing,2
62.6855,3.5808,0,0.28356,0,258.66,playing,2
62.7018,0.3465,0,,0,258.72,playing,2
62.718,0.3465,0,,0,259.07,playing,2
62.7349,0.3465,0,,0,259.69,playing,2
62.7507,-0.1854,0,,0,260.67,playing,2
62.7665,-0.1854,0,,0,261.88,playing,2
62.7825,-0.1854,0,0.31845,0,263.36,playing,2
62.7993,-2.3351,0,0.31845,0,265.13,playing,2
62.8159,-2.3351,0,,0,267.33,playing,2
62.8321,-6.5722,0,,0,269.68,playing,2
62.8481,-6.5722,0,0.33168,0,272.31,playing,2
62.8641,-6.5722,0,0.33168,0,275.22,playing,2
62.88,-21.193,1,0.32666,0,278.41,playing,2
62.8959,-21.193,0,,0,272.45,playing,2
62.9122,-21.193,0,,0,266.78,playing,2
62.9284,-18.1537,0,,0,261.38,playing,3
62.9448,-18.1537,0,,0,255.97,playing,3
62.9613,-18.1537,0,,0,251.15,playing,3
62.9777,-18.1537,0,,0,246.36,playing,3
62.9936,-18.1537,0,,0,242.12,playing,3
63.0099,-18.1537,0,,0,238.17,playing,3
63.0263,-18.1537,0,,0,234.5,playing,3
63.0427,-18.1537,0,,0,230.92,playing,3
63.0591,13.297,0,,0,227.83,playing,3
63.076,13.297,0,,0,224.86,playing,3
63.0921,13.297,0,,0,222.35,playing,3
63.1077,13.297,0,,0,220.13,playing,3
63.1237,13.297,0,,0,218.18,playing,3
63.1404,13.297,0,,0,216.52,playing,3
63.1573,22.0569,0,,0,215.07,playing,3
63.1741,22.0569,0,0.22836,0,213.94,playing,3
63.1901,22.0569,0,0.22836,0,213.15,playing,3
63.2059,22.0569,0,0.28393,0,212.65,playing,3
63.2222,22.0569,0,0.28393,0,212.43,playing,3
63.2389,9.8695,0,,0,212.51,playing,3
63.2548,9.8695,0,,0,212.87,playing,3
63.2714,9.8695,0,,0,213.51,playing,3
63.2885,6.3578,0,,0,214.51,playing,3
63.3044,6.3578,0,0.28755,0,215.83,playing,3
63.3212,6.3578,0,0.28755,0,217.35,playing,3
63.3381,2.8456,0,,0,219.29,playing,3
63.3538,2.8456,0,,0,221.39,playing,3
63.3695,2.8456,0,,0,223.77,playing,3
63.3861,-1.3329,0,0.31748,0,226.44,playing,3
63.4018,-1.3329,0,0.31748,0,229.39,playing,3
63.4182,-2.86,0,0.31031,0,232.61,playing,3
63.4349,-2.86,0,0.31031,0,236.36,playing,3
63.4505,-2.86,0,0.31031,0,240.17,playing,3
63.4667,-2.86,0,0.31031,0,244.26,playing,3
63.4834,-2.86,0,,0,248.64,playing,3
63.5004,-2.86,0,,0,253.6,playing,3
63.5166,-4.7835,0,0.28444,0,258.88,playing,3
63.5334,-4.7835,0,,0,264.14,playing,3
63.5501,-4.7835,0,,0,270.03,playing,3
63.5666,-12.1983,0,0.33854,0,275.87,playing,3
63.5835,-12.1983,0,0.33854,0,282.38,playing,3
63.6003,-29.8681,1,,0,289.22,playing,3
63.6171,-29.8681,0,,0,282.91,playing,3
63.6336,-29.8681,0,,0,277.25,playing,3
63.6497,-22.0264,0,,0,271.55,playing,3
63.6656,-22.0264,0,,0,266.47,playing,3
63.682,-22.0264,0,,0,261.68,playing,3
63.6984,-8.5533,0,,0,257.16,playing,3
63.7148,-8.5533,0,,0,252.68,playing,3
63.7308,-8.5533,0,,0,248.75,playing,3
63.7471,-8.5533,0,,0,245.09,playing,3
63.7631,-8.5533,0,,0,241.72,playing,3
63.7783,11.1463,0,,0,238.63,playing,3
63.7948,11.1463,0,,0,235.83,playing,3
63.8106,11.1463,0,0.20757,0,233.3,playing,3
63.8278,11.1463,0,0.20757,0,231.05,playing,3
63.8442,11.1463,0,0.20757,0,228.99,playing,3
63.8613,11.1463,0,0.20757,0,227.24,playing,3
63.8779,20.4306,0,,0,225.81,playing,3
63.8942,20.4306,0,,0,224.74,playing,3
63.911,19.803,0,,0,223.93,playing,3
63.9271,4.0265,0,,0,223.44,playing,3
63.9426,4.0265,0,,0,223.24,playing,3
63.9596,1.4976,0,,0,223.32,playing,3
63.9762,1.4976,0,,0,223.72,playing,3
63.9918,1.4976,0,,0,224.38,playing,3
64.0079,-1.2236,0,0.29916,1,225.32,playing,3
64.024,-1.2236,0,0.29916,0,226.54,playing,3
64.04,-1.2236,0,,0,228.05,playing,3
64.0556,-1.9657,0,,0,229.83,playing,3
64.0718,-1.9657,0,,0,231.9,playing,3
64.0877,-1.9657,0,,0,234.25,playing,3
64.1039,-1.9657,0,,0,236.88,playing,3
64.1203,-1.9657,0,0.32665,0,239.79,playing,3
64.1374,-3.2014,0,0.32665,0,243.2,playing,3
64.154,-5.8763,0,,0,246.93,playing,3
64.1703,-5.8763,0,,0,250.72,playing,3
64.187,-25.9072,1,,0,255.07,playing,3
64.2032,-25.9072,0,,0,249.11,playing,3
64.2202,-25.9072,0,,0,243.1,playing,3
64.2375,-30.3294,0,,0,237.4,playing,3
64.2546,-30.3294,0,,0,232.03,playing,3
64.2712,-30.3294,0,,0,226.97,playing,3
64.2878,-30.3294,0,,0,222.23,playing,3
64.3039,-30.3294,0,,0,218.04,playing,3
64.32,13.9494,0,,0,214.15,playing,3
64.3363,13.9494,0,,0,210.53,playing,3
64.3532,13.9494,0,,0,207.0,playing,3
64.3704,19.1559,0,,0,203.79,playing,3
64.3869,19.1559,0,,0,200.9,playing,3
64.4031,19.1559,0,,0,198.47,playing,3
64.4189,19.1559,0,,0,196.31,playing,3
64.4349,19.1559,0,,0,194.43,playing,3
64.4505,19.1559,0,,0,192.84,playing,3
64.4675,9.2052,0,,0,191.53,playing,3
64.4835,9.2052,0,,0,190.45,playing,3
64.5006,6.3367,0,,0,189.72,playing,3
64.5175,6.3367,0,0.31375,0,189.26,playing,3
64.5345,6.3367,0,0.31375,0,189.12,playing,3
64.5507,3.6047,0,,0,189.3,playing,3
64.567,3.6047,0,,0,189.75,playing,3
64.5827,3.6047,0,,0,190.48,playing,3
64.5987,-0.4151,0,,0,191.49,playing,3
64.6156,-0.4151,0,,0,192.78,playing,3
64.6318,-0.4151,0,,0,194.47,playing,3
64.6479,-0.4151,0,,0,196.34,playing,3
64.6635,-0.4151,0,,0,198.5,playing,3
64.6801,-0.4151,0,0.29441,0,200.94,playing,3
64.6958,-0.4151,0,0.29441,0,203.65,playing,3
64.7119,-0.4151,0,,0,206.65,playing,3
64.7282,-0.4151,0,,0,209.94,playing,3
64.7446,-0.4151,0,0.26989,0,213.74,playing,3
64.7612,-0.4151,0,0.26989,0,217.6,playing,3
64.7778,-28.4702,1,0.26989,0,222.03,playing,4
64.7939,-28.4702,0,,0,216.07,playing,4
64.8101,-28.4702,0,,0,210.39,playing,4
64.8258,-28.4702,0,,0,204.99,playing,4
64.8424,-28.4702,0,,0,199.88,playing,4
64.8593,-29.4705,0,,0,194.77,playing,4
64.8768,-29.4705,0,,0,189.97,playing,4
64.8927,-29.4705,0,,0,185.49,playing,4
64.909,0.9029,0,,0,181.55,playing,4
64.9251,0.9029,0,,0,177.9,playing,4
64.9408,0.9029,0,,0,174.53,playing,4
64.9569,16.5566,0,,0,171.44,playing,4
64.9728,16.5566,0,0.25078,0,168.63,playing,4
64.9892,16.5566,0,0.25078,0,166.11,playing,4
65.0063,24.9859,0,,0,163.74,playing,4
65.0231,24.9859,0,,0,161.69,playing,4
65.0404,19.396,0,,0,159.96,playing,4
65.057,19.396,0,,0,158.55,playing,4
65.0731,19.396,0,0.3097,0,157.5,playing,4
65.0902,13.8461,0,0.3097,0,156.7,playing,4
65.1068,13.8461,0,0.28833,0,156.23,playing,4
65.1229,13.8461,0,0.28833,0,156.06,playing,4
65.1386,9.7816,0,0.28833,0,156.17,playing,4
65.1546,9.7816,0,,0,156.57,playing,4
65.1714,6.4304,0,,0,157.24,playing,4
65.1884,6.4304,0,,0,158.28,playing,4
65.2046,6.4304,0,,0,159.64,playing,4
65.2212,-0.5455,0,0.32454,0,161.19,playing,4
65.2378,-0.5455,0,0.32454,0,163.17,playing,4
65.2541,-0.5455,0,0.2978,0,165.3,playing,4
65.27,-1.345,0,0.2978,0,167.72,playing,4
65.2856,-1.345,0,,0,170.42,playing,4
65.3016,-1.345,0,,0,173.41,playing,4
65.3176,-2.7491,0,,0,176.67,playing,4
65.3337,-2.7491,0,,0,180.22,playing,4
65.3503,-2.7491,0,0.33663,0,184.04,playing,4
65.3673,-2.7491,0,0.33663,0,188.43,playing,4
65.3843,-2.7491,0,0.33484,0,193.13,playing,4
65.4009,-4.3651,0,0.33484,0,198.15,playing,4
65.4166,-4.3651,0,,0,203.16,playing,4
65.4328,-4.3651,0,,0,208.44,playing,4
65.4493,-5.0943,0,0.31175,0,214.01,playing,4
65.466,-5.0943,0,0.31175,0,220.25,playing,4
65.4819,-5.0943,0,0.31175,0,226.4,playing,4
65.4977,-5.0943,0,,0,232.83,playing,4
65.5136,-5.0943,0,,0,239.54,playing,4
65.5303,-5.0943,0,,0,246.54,playing,4
65.5475,-26.7855,1,,0,254.29,playing,4
65.5644,-26.7855,0,,0,247.98,playing,4
65.5805,1.6003,0,,0,241.98,playing,4
65.5974,1.6003,0,,0,236.62,playing,4
65.6137,1.6003,0,,0,231.25,playing,4
65.6299,1.6003,0,,0,226.47,playing,4
65.6465,1.6003,0,0.19125,0,221.97,playing,4
65.6626,1.6003,0,0.19125,0,217.51,playing,4
65.6786,17.5817,0,0.18443,0,213.59,playing,4
65.6947,17.5817,0,0.18443,0,209.96,playing,4
65.7108,17.5817,0,0.25084,1,206.6,playing,4
65.7274,14.4449,0,0.25084,0,203.53,playing,4
65.7441,14.4449,0,0.27893,0,200.59,playing,4
65.7613,10.8345,0,0.27893,0,197.96,playing,4
65.7783,10.8345,0,0.29088,0,195.65,playing,4
65.7953,10.8345,0,0.29088,0,193.65,playing,4
65.8122,4.6575,0,0.27061,0,191.98,playing,4
65.8291,4.6575,0,0.27061,0,190.62,playing,4
65.8452,4.6575,0,0.27061,0,189.63,playing,4
65.8621,2.7055,0,0.27061,0,188.89,playing,4
65.8783,2.7055,0,,0,188.47,playing,4
65.8954,2.7055,0,,0,188.35,playing,4
65.9126,2.7055,0,,0,188.55,playing,4
65.9291,2.7055,0,0.31579,0,189.06,playing,4
65.9462,2.7055,0,0.31579,0,189.89,playing,4
65.9618,2.7055,0,,0,190.96,playing,4
65.9776,2.7055,0,,0,192.3,playing,4
65.9946,2.7055,0,,0,193.93,playing,4
66.0118,2.7055,0,,0,196.12,playing,4
66.0275,1.0329,0,,0,198.34,playing,4
66.0447,-2.5469,0,0.27603,0,200.85,playing,4
66.0605,-2.5469,0,0.27603,0,203.83,playing,4
66.0764,-2.5469,0,,0,206.92,playing,4
66.093,-2.5469,0,,0,210.29,playing,4
66.1086,-2.5469,0,,0,213.94,playing,4
66.1251,-2.4633,0,,0,217.87,playing,4
66.1421,-2.4633,0,,0,222.37,playing,4
66.1581,-2.4633,0,,0,226.88,playing,4
66.1753,-2.5717,0,,0,232.0,playing,4
66.1922,-2.5717,0,,0,237.43,playing,4
66.2079,-2.7176,0,,0,242.82,playing,4
66.2235,-2.7176,0,,0,248.5,playing,4
66.2396,-2.7176,0,,0,254.45,playing,4
66.2564,-28.6756,1,,0,260.69,playing,4
66.2726,-28.6756,0,,0,254.38,playing,4
66.2886,-28.6756,0,,0,248.72,playing,4
66.3053,-15.2555,0,,0,243.34,playing,4
66.3221,-15.2555,0,,0,237.95,playing,4
66.3381,-15.2555,0,,0,233.15,playing,4
66.3541,12.7908,0,,0,228.63,playing,4
66.3703,12.7908,0,,0,224.4,playing,4
66.3874,15.8764,0,,0,220.22,playing,4
66.4041,15.8764,0,,0,216.36,playing,4
66.4197,15.8764,0,,0,213.0,playing,4
66.4358,15.3175,0,,0,209.93,playing,4
66.4515,15.3175,0,,0,207.14,playing,4
66.4677,15.3175,0,,0,204.63,playing,4
66.4837,10.4411,0,0.31024,0,202.41,playing,4
66.5002,10.4411,0,0.31024,0,200.46,playing,4
66.5159,10.4411,0,0.30639,0,198.8,playing,4
66.5321,7.58,0,0.30639,0,197.41,playing,4
66.5477,7.58,0,0.30639,0,196.31,playing,4
66.5638,7.58,0,0.33457,0,195.49,playing,4
66.5799,7.58,0,0.33457,0,194.96,playing,4
66.5957,7.58,0,0.35069,0,194.7,playing,4
66.6114,5.0226,0,0.35069,0,194.73,playing,4
66.6284,1.4998,0,0.28863,0,195.03,playing,5
66.6446,1.4998,0,0.28863,0,195.68,playing,5
66.661,1.4998,0,0.29748,0,196.57,playing,5
66.6773,1.4998,0,0.29748,0,197.74,playing,5
66.6938,1.4998,0,0.30896,0,199.3,playing,5
66.7099,1.4998,0,0.30896,0,201.05,playing,5
66.7254,1.4998,0,0.2975,0,203.08,playing,5
66.742,1.4998,0,0.2975,0,205.39,playing,5
66.758,-2.279,0,0.30432,0,207.99,playing,5
66.7737,-2.279,0,0.30432,0,210.86,playing,5
66.7904,-2.279,0,0.29342,0,214.02,playing,5
66.8075,-2.2252,0,0.29342,0,217.7,playing,5
66.824,-2.2252,0,0.28918,0,221.69,playing,5
66.84,-3.4925,0,0.28918,0,225.73,playing,5
66.8561,-3.4925,0,0.30585,0,230.05,playing,5
66.8714,-3.4925,0,0.30585,0,234.65,playing,5
66.8875,-3.2758,0,0.30585,0,239.53,playing,5
66.9041,-3.2758,0,0.2938,0,244.7,playing,5
66.9205,-3.2758,0,0.2938,0,250.14,playing,5
66.9368,-9.8035,0,0.2938,0,256.25,playing,5
66.9536,-9.8035,0,0.30221,0,262.27,playing,5
66.9704,-9.8035,0,0.30221,0,269.0,playing,5
66.9867,-26.4273,1,0.2353,0,276.04,playing,5
67.0032,-26.4273,0,0.2353,0,270.08,playing,5
67.0203,-11.2459,0,0.20583,0,264.06,playing,5
67.0369,-11.2459,0,0.20583,0,258.37,playing,5
67.0531,-11.2459,0,0.20583,0,253.29,playing,5
67.0689,3.5384,0,0.18797,0,248.49,playing,5
67.085,3.5384,0,0.18797,0,243.98,playing,5
67.1016,3.5384,0,0.21501,0,239.75,playing,5
67.1182,19.871,0,0.21501,0,235.56,playing,5
67.1347,19.871,0,0.20908,0,231.7,playing,5
67.1508,19.871,0,0.20908,0,228.35,playing,5
67.1671,23.6916,0,0.20908,0,225.28,playing,5
67.1828,23.6916,0,0.2293,1,222.49,playing,5
67.1992,19.6913,0,0.2293,0,219.98,playing,5
67.2154,19.6913,0,0.1949,0,217.75,playing,5
67.232,19.6913,0,0.1949,0,215.7,playing,5
67.2485,10.1287,0,0.1949,0,214.06,playing,5
67.265,10.1287,0,0.2422,0,212.62,playing,5
67.2812,10.1287,0,0.2422,0,211.56,playing,5
67.298,5.9441,0,0.24666,0,210.74,playing,5
67.3146,5.9441,0,0.24666,0,210.26,playing,5
67.3312,3.4433,0,0.30277,0,210.06,playing,5
67.3482,1.3687,0,0.30277,0,210.18,playing,5
67.3653,1.3687,0,0.29954,0,210.62,playing,5
67.3821,-0.2302,0,0.29954,0,211.38,playing,5
67.3976,-0.2302,0,0.29954,0,212.37,playing,5
67.4143,-0.2302,0,0.31079,0,213.65,playing,5
67.4316,-0.2302,0,0.31079,0,215.32,playing,5
67.4477,-0.2302,0,0.30274,0,217.31,playing,5
67.4638,-0.2302,0,0.30274,0,219.47,playing,5
67.4794,-3.1433,0,0.30274,0,221.9,playing,5
67.4962,-3.1433,0,0.27667,0,224.62,playing,5
67.5128,-3.1433,0,0.27667,0,227.83,playing,5
67.5288,-3.1433,0,0.30939,0,231.13,playing,5
67.5448,-3.1433,0,0.30939,0,234.71,playing,5
67.5607,-4.6417,0,0.31485,0,238.57,playing,5
67.5772,-4.6417,0,0.31485,0,242.71,playing,5
67.5948,-4.6417,0,0.31485,0,247.43,playing,5
67.6109,-25.1432,1,0.2987,0,252.47,playing,5
67.6274,-25.1432,0,0.2987,0,246.51,playing,5
67.6446,-25.1432,0,0.26851,0,240.5,playing,5
67.6605,-29.2082,0,0.26851,0,234.81,playing,5
67.6771,-29.2082,0,0.22076,0,229.73,playing,5
67.6932,-25.1491,0,0.22076,0,224.93,playing,5
67.7093,-25.1491,0,0.19512,0,220.42,playing,5
67.7255,-25.1491,0,0.19512,0,215.94,playing,5
67.7421,-13.395,0,0.19512,0,212.0,playing,5
67.7576,-13.395,0,0.18288,0,208.35,playing,5
67.7738,-13.395,0,0.18288,0,204.98,playing,5
67.7905,7.1683,0,0.15979,0,201.89,playing,5
67.8068,7.1683,0,0.15979,0,198.92,playing,5
67.8224,7.1683,0,0.15979,0,196.42,playing,5
67.8392,19.4029,0,0.16984,0,194.19,playing,5
67.8564,19.4029,0,0.16984,0,192.14,playing,5
67.873,21.9951,0,0.17124,0,190.41,playing,5
67.8891,21.9951,0,0.17124,0,189.06,playing,5
67.9054,21.9951,0,0.18694,0,188.0,playing,5
67.9222,13.206,0,0.18694,0,187.18,playing,5
67.9395,13.206,0,0.2195,0,186.69,playing,5
67.9556,13.206,0,0.2195,0,186.51,playing,5
67.9721,13.206,0,0.2195,0,186.62,playing,5
67.9877,13.206,0,0.28318,1,187.02,playing,5
68.0043,13.206,0,0.28318,0,187.69,playing,5
68.0205,9.6322,0,0.25393,0,188.65,playing,5
68.037,9.6322,0,0.25393,0,189.99,playing,5
68.053,3.1572,0,0.25393,0,191.53,playing,5
68.0691,0.3952,0,0.30626,0,193.35,playing,5
68.0852,0.3952,0,0.30626,0,195.45,playing,5
68.1023,-1.4668,0,0.30885,0,198.0,playing,5
68.1193,-1.4668,0,0.30885,0,200.87,playing,5
68.1354,-1.4668,0,0.27699,0,204.06,playing,5
68.1523,-1.4668,0,0.27699,0,207.34,playing,5
68.1693,-1.4668,0,0.27699,0,211.14,playing,5
68.1859,-1.4668,0,0.32199,0,215.27,playing,5
68.2022,-3.5049,0,0.32199,0,219.43,playing,5
68.2189,-3.5049,0,0.29411,0,224.17,playing,5
68.2355,-4.6655,0,0.29411,0,228.91,playing,5
68.2516,-4.6655,0,0.29411,0,234.27,playing,5
68.2682,-4.6655,0,0.28875,0,239.59,playing,5
68.2852,-4.6823,0,0.28875,0,245.56,playing,5
68.3013,-4.6823,0,0.29754,0,251.47,playing,5
68.3183,-4.6823,0,0.29754,0,258.06,playing,5
68.3353,-4.6823,0,0.3209,0,264.97,playing,5
68.3514,-4.6823,0,0.3209,0,272.19,playing,5
68.3685,-4.2276,0,0.3209,0,279.28,playing,5
68.3855,-4.2276,0,0.30632,0,287.12,playing,5
68.4022,-4.2276,0,0.30632,0,295.28,playing,5
68.4188,-29.3422,1,0.30223,0,303.76,playing,5
68.4349,-29.3422,0,0.30223,0,297.8,playing,5
68.4515,-29.3422,0,0.24307,0,292.13,playing,5
68.4679,-25.8845,0,0.24307,0,286.41,playing,6
68.4843,-25.8845,0,0.24307,0,281.32,playing,6
68.5009,-25.8845,0,0.18747,0,276.22,playing,6
68.5174,-25.8845,0,0.18747,0,271.71,playing,6
68.5345,-25.8845,0,0.1567,0,267.23,playing,6
68.5511,18.2198,0,0.1567,0,263.07,playing,6
68.5666,18.2198,0,0.1567,0,259.43,playing,6
68.5832,18.2198,0,0.20511,0,256.08,playing,6
68.6003,16.3019,0,0.20511,0,252.83,playing,6
68.6171,16.3019,0,0.19521,0,249.9,playing,6
68.6337,16.3019,0,0.19521,0,247.43,playing,6
68.6493,12.7087,0,0.20123,0,245.12,playing,6
68.6654,12.7087,0,0.20123,0,243.23,playing,6
68.6819,12.7087,0,0.20123,0,241.62,playing,6
68.6979,12.7087,0,0.24213,1,240.29,playing,6
68.7141,12.7087,0,0.24213,0,239.24,playing,6
68.7302,4.5548,0,0.27932,0,238.47,playing,6
68.7459,4.5548,0,0.27932,0,237.99,playing,6
68.7619,4.5548,0,0.27932,0,237.78,playing,6
68.7775,2.642,0,0.25375,0,237.86,playing,6
68.7946,2.642,0,0.25375,0,238.22,playing,6
68.8112,2.642,0,0.30483,0,238.92,playing,6
68.8282,-0.0945,0,0.30483,0,239.94,playing,6
68.845,-0.0945,0,0.30483,0,241.28,playing,6
68.8615,-1.4081,0,0.26235,0,242.82,playing,6
68.8776,-1.4081,0,0.26235,0,244.77,playing,6
68.894,-1.4081,0,0.27281,0,246.89,playing,6
68.9097,-2.3285,0,0.27281,0,249.29,playing,6
68.9262,-2.3285,0,0.28214,0,251.97,playing,6
68.9424,-2.3285,0,0.28214,0,254.94,playing,6
68.9589,-2.3974,0,0.28214,0,258.41,playing,6
68.9754,-2.3974,0,0.29414,0,261.95,playing,6
68.992,-2.3974,0,0.29414,0,266.04,playing,6
69.0075,-2.2265,0,0.26524,0,270.16,playing,6
69.0245,-2.2265,0,0.26524,0,274.57,playing,6
69.041,-2.2265,0,0.30512,0,279.57,playing,6
69.0577,-2.1623,0,0.30512,0,284.56,playing,6
69.0738,-2.1623,0,0.30512,0,290.18,playing,6
69.0902,-2.1911,0,0.32868,0,295.75,playing,6
69.1073,-2.1911,0,0.32868,0,301.99,playing,6
69.1244,-2.1911,0,0.31366,0,308.54,playing,6
69.1407,-2.2102,0,0.31366,0,315.41,playing,6
69.1572,-2.2102,0,0.29737,0,322.16,playing,6
69.1735,-2.2102,0,0.29737,0,329.65,playing,6
69.1901,-2.5172,0,0.29737,0,336.98,playing,6
69.2057,-2.5172,0,0.32016,0,344.59,playing,6
69.2218,-2.2297,0,0.32016,0,352.48,playing,6
69.2384,-2.2297,0,0.29856,0,360.66,playing,6
69.2546,-2.2297,0,0.29856,0,369.66,playing,6
69.2706,-26.7466,1,0.33361,0,378.41,playing,6
69.2867,-26.7466,0,0.33361,0,372.46,playing,6
69.3033,-26.7466,0,0.33361,0,366.78,playing,6
69.3202,-22.671,0,0.31115,0,361.07,playing,6
69.3362,-22.671,0,0.31115,0,355.97,playing,6
69.353,-22.671,0,0.19093,0,350.87,playing,6
69.3691,-9.0003,0,0.19093,0,346.36,playing,6
69.3852,-9.0003,0,0.19226,0,342.12,playing,6
69.4008,12.1944,0,0.19226,0,338.17,playing,6
69.4163,18.3627,0,0.19226,0,334.5,playing,6
69.4334,18.3627,0,0.19226,0,331.11,playing,6
69.4505,18.3627,0,0.19226,0,327.83,playing,6
69.4672,18.3627,0,0.19547,0,324.87,playing,6
69.4843,18.3627,0,0.19547,0,322.22,playing,6
69.5011,14.8006,0,0.17674,0,319.89,playing,6
69.5177,14.8006,0,0.17674,0,317.88,playing,6
69.5337,14.8006,0,0.23943,1,316.27,playing,6
69.5498,9.0534,0,0.23943,0,314.94,playing,6
69.5654,9.0534,0,0.23943,0,313.89,playing,6
69.5815,6.5286,0,0.28264,0,313.12,playing,6
69.598,3.9745,0,0.28264,0,312.64,playing,6
69.6146,3.9745,0,0.28264,0,312.44,playing,6
69.6307,2.3958,0,0.30159,0,312.54,playing,6
69.6473,2.3958,0,0.30159,0,312.92,playing,6
69.6636,2.3958,0,0.32296,0,313.63,playing,6
69.6801,2.3958,0,0.32296,0,314.59,playing,6
69.6967,2.3958,0,0.30149,0,315.83,playing,6
69.7128,2.3958,0,0.30149,0,317.47,playing,6
69.7288,-1.1205,0,0.27957,0,319.29,playing,6
69.745,-1.1205,0,0.27957,0,321.39,playing,6
69.7614,-1.4858,0,0.27957,0,323.78,playing,6
69.7784,-1.4858,0,0.28331,0,326.63,playing,6
69.7954,-1.4858,0,0.28331,0,329.79,playing,6
69.8115,-1.3977,0,0.30331,0,333.28,playing,6
69.8286,-1.3977,0,0.30331,0,336.84,playing,6
69.8446,-1.3977,0,0.30331,0,340.95,playing,6
69.8616,-1.6633,0,0.30907,0,345.09,playing,6
69.8776,-1.6633,0,0.30907,0,349.81,playing,6
69.8942,-1.6633,0,0.31469,0,354.54,playing,6
69.9107,-1.9507,0,0.31469,0,359.88,playing,6
69.9267,-1.9507,0,0.30543,0,365.18,playing,6
69.9433,-1.6298,0,0.29661,0,370.77,playing,6
69.9599,-1.6298,0,0.29661,0,377.02,playing,6
69.9759,-1.6298,0,0.2819,0,383.19,playing,6
69.992,-1.344,0,0.2819,0,389.64,playing,6
70.0083,-1.344,0,0.31378,0,396.37,playing,6
70.0249,-1.344,0,0.31378,0,403.84,dead,6
70.0407,-2.0077,0,,0,411.15,dead,6
70.0574,-2.0077,0,,0,418.75,dead,6
70.074,-2.0077,0,,0,427.13,dead,6
70.0902,-15.3157,0,0.34341,0,435.31,dead,6
70.1068,-15.3157,0,0.34341,0,444.31,dead,6
70.1235,-31.3855,1,0.3043,0,453.07,dead,6
70.1414,-31.3855,0,0.20578,0,285.0,playing,0
70.1584,-31.3855,0,0.20578,0,278.34,playing,0
70.1751,-31.3855,0,,0,272.36,playing,0
70.1907,-31.3855,0,,0,267.02,playing,0
70.2072,-31.3855,0,,0,261.96,playing,0
70.2242,-9.8255,0,,0,256.9,playing,0
70.2414,-9.8255,0,,0,252.16,playing,0
70.2574,15.9032,0,,0,247.73,playing,0
70.2746,14.9657,0,0.2359,1,243.85,playing,0
70.2907,14.9657,0,0.2359,0,240.05,playing,0
70.3071,12.0772,0,0.27332,0,236.75,playing,0
70.3228,12.0772,0,0.27332,0,233.73,playing,0
70.3387,12.0772,0,0.25372,0,230.99,playing,0
70.3547,7.0019,0,0.25372,0,228.53,playing,0
70.3713,7.0019,0,,0,226.36,playing,0
70.3881,7.0019,0,,0,224.37,playing,0
70.4039,7.0019,0,,0,222.77,playing,0
70.4204,7.0019,0,0.30078,0,221.46,playing,0
70.4373,7.0019,0,0.30078,0,220.38,playing,0
70.4539,7.0019,0,0.28108,0,219.63,playing,0
70.4701,7.0019,0,0.28108,0,219.19,playing,0
70.4857,7.0019,0,0.27944,0,219.04,playing,0
70.5022,7.0019,0,0.27944,0,219.17,playing,0
70.5194,7.0019,0,0.28073,0,219.63,playing,0
70.5357,-0.0051,0,0.28073,0,220.41,playing,0
70.5521,-0.0051,0,0.28247,0,221.42,playing,0
70.5695,-0.0051,0,0.28247,0,222.81,playing,0
70.586,-0.3975,0,0.28671,0,224.52,playing,0
70.6018,-0.3975,0,0.28671,0,226.41,playing,0
70.6183,-0.5349,0,0.28427,0,228.58,playing,0
70.6348,-0.5349,0,0.28427,0,231.21,playing,0
70.6509,-0.5349,0,0.28427,0,233.96,playing,0
70.6667,-1.0179,0,0.28427,0,237.0,playing,0
70.6828,-1.0179,0,0.23952,0,240.32,playing,0
70.6989,-1.0179,0,0.23952,0,243.92,playing,0
70.7154,-0.8619,0,0.27234,0,247.8,playing,0
70.7316,-0.8619,0,0.27234,0,252.24,playing,0
70.748,-0.8619,0,0.2623,0,256.7,playing,0
70.7636,-0.8619,0,0.2623,0,261.44,playing,0
70.7797,-0.8619,0,0.2623,0,266.46,playing,0
70.7963,-23.332,1,0.28875,0,271.77,playing,0
70.8135,-24.222,0,0.22922,0,265.46,playing,0
70.8296,-24.222,0,0.22922,0,259.46,playing,0
70.8457,-16.9551,0,0.20202,0,254.1,playing,0
70.8618,-16.9551,0,0.20202,0,249.02,playing,0
70.8778,-16.9551,0,0.20202,0,244.23,playing,0
70.8943,-16.9551,0,0.23903,1,239.71,playing,0
70.9114,-16.9551,0,0.22401,0,235.23,playing,0
70.9275,-16.9551,0,0.22401,0,231.07,playing,0
70.9436,-16.9551,0,0.18092,0,227.44,playing,0
70.9601,-16.9551,0,0.18092,0,224.08,playing,0
70.9771,-4.9448,0,0.20638,0,220.84,playing,0
70.9936,22.4441,0,0.20638,0,218.06,playing,0
71.0102,22.4441,0,0.20126,0,215.44,playing,0
71.0258,22.3336,0,0.20126,0,213.24,playing,0
71.0419,22.3336,0,0.20126,0,211.33,playing,0
71.0575,22.3336,0,0.20126,0,209.7,playing,0
71.0743,18.1053,0,0.23997,0,208.36,playing,0
71.0912,18.1053,0,0.23997,0,207.24,playing,0
71.1085,18.1053,0,0.23997,0,206.45,playing,0
71.1252,9.4471,0,0.23997,0,205.97,playing,0
71.1419,9.4471,0,0.28399,0,205.81,playing,0
71.1576,5.3701,0,0.31763,0,205.94,playing,0
71.1737,5.3701,0,0.31763,0,206.35,playing,0
71.1905,5.3701,0,0.27171,0,207.05,playing,0
71.2075,5.3701,0,0.27171,0,208.1,playing,0
71.224,5.3701,0,0.29601,0,209.48,playing,0
71.2402,5.3701,0,0.29601,0,211.05,playing,0
71.2574,0.1406,0,0.32751,0,213.04,playing,0
71.275,0.1406,0,0.32751,0,215.35,playing,0
71.2916,-1.506,0,0.30438,0,218.15,playing,0
71.3076,-2.6602,0,0.30438,0,220.92,playing,0
71.3238,-2.6602,0,0.32312,0,223.98,playing,0
71.3399,-3.6568,0,0.32312,0,227.31,playing,0
71.356,-3.6568,0,0.29013,0,230.93,playing,0
71.372,-3.6568,0,0.30744,0,234.82,playing,0
71.3879,-3.6568,0,0.30744,0,239.0,playing,0
71.4036,-3.6568,0,0.30162,0,243.46,playing,0
71.42,-3.6568,0,0.30162,0,248.21,playing,0
71.4361,-4.2061,0,0.30162,0,253.23,playing,0
71.4521,-4.2061,0,0.29977,0,258.54,playing,0
71.4678,-4.2061,0,0.29977,0,264.12,playing,0
71.4838,-8.7184,0,0.31432,0,269.99,playing,0
71.5006,-8.7184,0,0.31432,0,276.14,playing,0
71.5165,-30.1422,1,0.27883,0,283.0,playing,0
71.5332,-30.1422,0,0.27883,0,277.04,playing,0
71.5501,-30.1422,0,0.20483,0,271.02,playing,0
71.5661,-26.9853,0,0.20483,0,265.65,playing,0
71.582,-26.9853,0,0.22426,1,260.55,playing,0
71.5981,-26.9853,0,0.22426,0,255.74,playing,0
71.6146,-13.2687,0,0.20558,0,251.2,playing,0
71.6305,-13.2687,0,0.20558,0,246.71,playing,0
71.6468,-13.2687,0,0.17859,0,242.75,playing,0
71.663,15.8266,0,0.17859,0,239.08,playing,0
71.6792,15.8266,0,0.19911,0,235.69,playing,0
71.6958,15.8266,0,0.19911,0,232.41,playing,0
71.7115,15.5156,0,0.1802,0,229.6,playing,0
71.7276,15.5156,0,0.1802,0,227.08,playing,0
71.7446,12.9963,0,0.22856,0,224.83,playing,0
71.7617,12.9963,0,0.22856,0,222.77,playing,0
71.7784,12.9963,0,0.19195,0,221.02,playing,0
71.795,10.5731,0,0.19195,0,219.58,playing,0
71.8105,10.5731,0,0.19195,0,218.52,playing,0
71.827,10.5731,0,0.25413,0,217.73,playing,0
71.8426,3.7068,0,0.25413,0,217.23,playing,0
71.8593,3.7068,0,0.27239,0,217.01,playing,0
71.8765,1.782,0,0.27239,0,217.09,playing,0
71.8933,1.782,0,0.30984,0,217.5,playing,0
71.9104,1.782,0,0.30984,0,218.22,playing,0
71.9269,-1.1688,0,0.31043,0,219.25,playing,0
71.943,-1.1688,0,0.31043,0,220.51,playing,0
71.9592,-1.1688,0,0.28639,0,222.05,playing,0
71.9763,-1.3917,0,0.28639,0,224.0,playing,0
71.9923,-1.3917,0,0.30018,0,226.27,playing,0
72.0095,-1.3917,0,0.30018,0,228.69,playing,0
72.0259,-2.7172,0,0.27905,0,231.58,playing,0
72.0419,-2.7172,0,0.27905,0,234.58,playing,0
72.0575,-2.8107,0,0.25705,0,237.86,playing,0
72.0743,-2.8107,0,0.25705,0,241.43,playing,0
72.0904,-2.8107,0,0.24027,0,245.53,playing,0
72.1073,-2.5409,0,0.29966,0,249.67,playing,0
72.124,-2.5409,0,0.29966,0,254.39,playing,0
72.1404,-2.5409,0,0.32699,0,259.12,playing,0
72.1573,-2.2009,0,0.32699,0,264.46,playing,0
72.1741,-2.2009,0,0.32699,0,270.11,playing,0
72.1899,-2.2009,0,0.307,0,275.72,playing,0
72.2064,-25.4479,1,0.307,0,281.6,playing,0
72.2235,-25.4479,0,0.22841,0,275.29,playing,0
72.2407,-24.5743,0,0.22841,0,269.3,playing,0
72.2569,-24.5743,0,0.18187,0,263.62,playing,0
72.2729,-24.5743,0,0.18187,0,258.56,playing,0
72.289,-11.0086,0,0.19691,0,253.78,playing,0
72.3051,-11.0086,0,0.19691,0,249.28,playing,0
72.3211,-11.0086,0,0.21458,0,245.07,playing,0
72.3382,13.3846,0,0.21458,0,240.91,playing,0
72.3552,13.3846,0,0.1931,0,237.06,playing,0
72.3724,13.3846,0,0.1931,0,233.54,playing,0
72.389,13.3846,0,0.19472,0,230.33,playing,0
72.405,13.3846,0,0.19472,0,227.59,playing,0
72.4207,19.8595,0,0.16236,0,225.14,playing,0
72.4368,19.8595,0,0.16236,0,222.96,playing,0
72.4523,19.8595,0,0.24602,1,221.07,playing,0
72.4691,11.6111,0,0.24602,0,219.46,playing,0
72.4851,11.6111,0,0.24295,0,218.13,playing,0
72.501,11.6111,0,0.24295,0,217.08,playing,0
72.5173,8.0727,0,0.24295,0,216.31,playing,0
72.534,8.0727,0,0.23659,0,215.82,playing,0
72.55,8.0727,0,0.23659,0,215.63,playing,0
72.566,2.3198,0,0.26854,0,215.73,playing,0
72.5818,2.3198,0,0.26854,0,216.1,playing,1
72.5979,0.5728,0,0.30782,0,216.76,playing,1
72.614,0.5728,0,0.30782,0,217.7,playing,1
72.6296,0.5728,0,0.28341,0,218.93,playing,1
72.6456,0.5728,0,0.28341,0,220.43,playing,1
72.6621,0.5728,0,0.29701,0,222.22,playing,1
72.6793,0.5728,0,0.29701,0,224.43,playing,1
72.6958,-1.6939,0,0.28321,0,226.96,playing,1
72.7119,-1.6939,0,0.28321,0,229.63,playing,1
72.728,-1.6939,0,0.29536,0,232.58,playing,1
72.7441,-2.2695,0,0.29536,0,235.81,playing,1
72.7597,-2.2695,0,0.29735,0,239.32,playing,1
72.7759,-3.5923,0,0.29735,0,243.11,playing,1
72.7921,-4.3883,0,0.2825,0,247.18,playing,1
72.8081,-4.3883,0,0.2825,0,251.54,playing,1
72.8241,-4.3883,0,0.28271,0,256.17,playing,1
72.8401,-4.3883,0,0.28271,0,261.09,playing,1
72.8561,-4.3883,0,0.32239,0,266.29,playing,1
72.8717,-6.3666,0,0.32239,0,271.77,playing,1
72.8882,-6.3666,0,0.32239,0,277.54,playing,1
72.9054,-6.3666,0,0.27452,0,283.98,playing,1
72.9221,-26.2093,1,0.27452,0,290.74,playing,1
72.9381,-26.2093,0,0.2702,0,284.78,playing,1
72.9557,-26.2093,0,0.2702,0,278.77,playing,1
72.9717,-25.9001,0,0.20892,0,273.07,playing,1
72.9883,-25.9001,0,0.20892,0,267.99,playing,1
73.0053,-15.5659,0,0.20892,0,262.92,playing,1
73.0219,-15.5659,0,0.20969,0,258.16,playing,1
73.0379,-15.5659,0,0.20969,0,253.96,playing,1
73.0544,8.2151,0,0.18315,0,250.04,playing,1
73.0705,8.2151,0,0.18315,0,246.2,playing,1
73.087,8.2151,0,0.18315,0,242.86,playing,1
73.1026,19.0815,0,0.19462,0,239.81,playing,1
73.1191,19.0815,0,0.19462,0,237.03,playing,1
73.1352,19.0815,0,0.17914,0,234.54,playing,1
73.1522,23.5886,0,0.17914,0,232.21,playing,1
73.1688,23.5886,0,0.16872,0,230.2,playing,1
73.1849,23.9339,0,0.16872,0,228.59,playing,1
73.2013,23.9339,0,0.17171,0,227.26,playing,1
73.2178,23.9339,0,0.17171,0,226.17,playing,1
73.2339,12.009,0,0.17171,0,225.42,playing,1
73.2501,12.009,0,0.18163,0,224.95,playing,1
73.2667,12.009,0,0.18163,0,224.77,playing,1
73.2833,12.009,0,0.21417,0,224.89,playing,1
73.3003,12.009,0,0.21417,0,225.32,playing,1
73.3168,12.009,0,0.27615,1,226.08,playing,1
73.3328,7.859,0,0.27615,0,227.07,playing,1
73.3499,7.859,0,0.27615,0,228.35,playing,1
73.3655,7.859,0,0.27246,0,230.02,playing,1
73.3825,7.859,0,0.27246,0,231.88,playing,1
73.3991,7.859,0,0.2963,0,234.17,playing,1
73.4151,4.8642,0,0.2963,0,236.61,playing,1
73.4311,4.8642,0,0.28838,0,239.32,playing,1
73.4472,4.8642,0,0.28838,0,242.32,playing,1
73.4638,-3.9214,0,,0,245.83,playing,1
73.4794,-3.9214,0,,0,249.41,playing,1
73.4959,-3.9214,0,,0,253.27,playing,1
73.5126,-4.1717,0,0.30675,0,257.42,playing,1
73.5292,-4.1717,0,0.30675,0,262.14,playing,1
73.5458,-4.4191,0,0.30766,0,267.18,playing,1
73.5618,-4.4191,0,0.30766,0,272.2,playing,1
73.5777,-4.4191,0,0.30766,0,277.51,playing,1
73.5937,-4.116,0,0.30167,0,283.09,playing,1
73.6102,-4.116,0,0.30167,0,288.96,playing,1
73.6257,-4.116,0,0.2994,0,295.11,playing,1
73.6418,-4.4114,0,0.2994,0,301.54,playing,1
73.6577,-4.4114,0,0.35379,0,308.26,playing,1
73.6738,-4.4114,0,0.35379,0,315.25,playing,1
73.6908,-4.4114,0,0.35379,0,322.53,playing,1
73.7084,-4.4114,0,0.28659,0,331.07,playing,1
73.7254,-8.292,0,0.28659,0,339.46,playing,1
73.7419,-8.292,0,0.27511,0,348.16,playing,1
73.758,-8.292,0,0.27511,0,356.64,playing,1
73.7745,-20.446,1,0.29667,0,365.39,playing,1
73.7905,-20.446,0,0.29667,0,359.08,playing,1
73.8066,-20.446,0,0.24688,0,353.42,playing,1
73.8232,-24.2566,0,0.24688,0,348.04,playing,1
73.8388,-24.2566,0,0.24688,0,342.95,playing,1
73.8554,-24.2566,0,0.20663,0,338.13,playing,1
73.8715,-24.2566,0,0.20663,0,333.33,playing,1
73.8876,-24.2566,0,0.19658,0,329.1,playing,1
73.9036,-8.8834,0,0.19658,0,325.15,playing,1
73.9205,10.2203,0,0.18574,0,321.48,playing,1
73.9365,10.2203,0,0.18574,0,317.9,playing,1
73.9532,10.2203,0,0.18574,0,314.81,playing,1
73.9688,10.2203,0,0.18364,0,312.0,playing,1
73.985,10.2203,0,0.18364,0,309.47,playing,1
74.0005,24.8116,0,0.15975,0,307.23,playing,1
74.0166,24.8116,0,0.15975,0,305.26,playing,1
74.0331,24.8116,0,0.18784,0,303.58,playing,1
74.0505,24.8116,0,0.18784,0,302.11,playing,1
74.0675,24.8116,0,0.18784,0,300.96,playing,1
74.0842,12.1501,0,0.22756,1,300.13,playing,1
74.102,12.1501,0,0.22756,0,299.62,playing,1
74.1165,12.1501,0,0.22756,0,299.41,playing,1
74.1327,8.8269,0,0.22014,0,299.49,playing,1
74.1487,8.8269,0,0.22014,0,299.85,playing,1
74.1653,8.8269,0,,0,300.49,playing,1
74.1818,5.8453,0,,0,301.49,playing,1
74.1978,5.8453,0,0.3125,0,302.71,playing,1
74.214,5.8453,0,0.3125,0,304.22,playing,1
74.2305,0.9666,0,0.30527,0,306.0,playing,1
74.2466,0.9666,0,0.30527,0,308.22,playing,1
74.2627,-0.815,0,0.24297,0,310.59,playing,1
74.2788,-0.815,0,0.24297,0,313.23,playing,1
74.2949,-0.815,0,0.24297,0,316.16,playing,1
74.3109,-0.815,0,,0,319.37,playing,1
74.3273,-0.815,0,,0,322.87,playing,1
74.3444,-0.815,0,0.27301,0,326.9,playing,1
74.3604,-2.8084,0,0.27301,0,331.24,playing,1
74.377,-2.8084,0,0.29,0,335.62,playing,1
74.3932,-2.8084,0,0.29,0,340.27,playing,1
74.4098,-3.8662,0,0.29,0,345.53,playing,1
74.4264,-3.8662,0,0.27688,0,350.77,playing,2
74.4435,-14.9443,0,0.27688,0,356.65,playing,2
74.4607,-14.9443,0,0.28703,0,362.85,playing,2
74.4768,-14.9443,0,0.28703,0,369.36,playing,2
74.4925,-27.722,1,0.31067,0,375.78,playing,2
74.5091,-27.722,0,0.31067,0,369.82,playing,2
74.5253,-27.722,0,0.31212,0,364.14,playing,2
74.542,-25.6698,0,0.31212,0,358.43,playing,2
74.558,-25.6698,0,0.31212,0,353.33,playing,2
74.5742,-25.6698,0,0.32472,0,348.52,playing,2
74.5914,-17.9965,0,0.32472,0,343.72,playing,2
74.6074,-17.9965,0,0.21174,0,339.24,playing,2
74.624,-17.9965,0,0.21174,0,335.31,playing,2
74.6401,-17.9965,0,0.21174,0,331.65,playing,2
74.6562,-17.9965,0,0.21174,0,328.28,playing,2
74.6717,2.068,0,0.21174,0,325.19,playing,2
74.6882,2.068,0,0.19338,0,322.38,playing,2
74.7055,2.068,0,0.19338,0,319.72,playing,2
74.722,20.4473,0,0.21859,0,317.37,playing,2
74.7374,20.4473,0,0.21859,0,315.44,playing,2
74.7535,20.4473,0,0.21859,0,313.8,playing,2
74.7703,16.6142,0,0.21342,0,312.43,playing,2
74.7866,16.6142,0,0.21342,0,311.3,playing,2
74.8031,9.4936,0,0.23874,1,310.52,playing,2
74.8203,9.4936,0,0.23874,0,310.0,playing,2
74.8372,9.4936,0,0.23172,0,309.8,playing,2
74.8536,6.0386,0,0.23172,0,309.92,playing,2
74.8704,6.0386,0,0.23172,0,310.32,playing,2
74.8871,6.0386,0,0.26175,0,311.06,playing,2
74.9032,1.2334,0,0.26175,0,312.03,playing,2
74.9192,1.2334,0,0.26563,0,313.29,playing,2
74.9363,1.2334,0,0.26563,0,314.95,playing,2
74.953,1.2334,0,0.28709,0,316.92,playing,2
74.9685,1.2334,0,0.28709,0,319.05,playing,2
74.9851,-1.9194,0,0.28709,0,321.47,playing,2
75.0007,-1.9194,0,0.27239,0,324.17,playing,2
75.0165,-1.9194,0,0.27239,0,327.16,playing,2
75.0333,-3.4376,0,0.29722,0,330.42,playing,2
75.0499,-3.4376,0,0.29722,0,334.21,playing,2
75.0664,-3.4376,0,0.29722,0,338.05,playing,2
75.0828,-3.4376,0,0.29722,0,342.46,playing,2
75.0989,-3.4376,0,0.29722,0,346.88,playing,2
75.1155,-3.4376,0,0.27035,0,351.59,playing,2
75.132,-7.3768,0,0.27035,0,356.91,playing,2
75.1481,-7.3768,0,0.27035,0,362.2,playing,2
75.1637,-23.6392,1,0.32652,0,367.76,playing,2
75.1803,-23.6392,0,0.32652,0,361.81,playing,2
75.1974,-23.6392,0,0.32652,0,355.79,playing,2
75.214,-25.4603,0,0.29113,0,350.1,playing,2
75.2295,-25.4603,0,0.29113,0,345.02,playing,2
75.2457,-25.4603,0,0.21396,0,340.22,playing,2
75.2623,-19.5771,0,0.21396,0,335.71,playing,2
75.2794,-19.5771,0,0.21396,0,331.23,playing,2
75.2964,-7.8962,0,0.20636,0,327.07,playing,2
75.3131,-7.8962,0,0.20636,0,323.22,playing,2
75.3287,-7.8962,0,0.20636,0,319.89,playing,2
75.3447,17.6663,0,0.16491,0,316.83,playing,2
75.3613,17.6663,0,0.16491,0,314.06,playing,2
75.3783,17.6663,0,0.16491,0,311.43,playing,2
75.3953,17.6663,0,0.16491,0,309.12,playing,2
75.4115,17.6663,0,0.16491,0,307.13,playing,2
75.4283,17.6663,0,0.18294,0,305.54,playing,2
75.4449,12.4958,0,0.18294,0,304.16,playing,2
75.461,12.4958,0,0.17487,0,303.15,playing,2
75.4775,6.5591,0,0.17487,0,302.42,playing,2
75.4941,6.5591,0,0.20392,0,301.96,playing,2
75.5103,6.5591,0,0.20392,0,301.81,playing,2
75.5274,6.5591,0,0.20392,0,301.96,playing,2
75.5443,6.5591,0,0.25461,1,302.44,playing,2
75.5604,6.5591,0,0.25461,0,303.23,playing,2
75.5769,4.3855,0,0.2619,0,304.26,playing,2
75.593,4.3855,0,0.2619,0,305.57,playing,2
75.609,4.3855,0,0.28052,0,307.17,playing,2
75.6251,4.3855,0,0.28052,0,309.04,playing,2
75.6407,4.3855,0,0.28052,0,311.19,playing,2
75.6572,0.8813,0,0.26919,0,313.63,playing,2
75.6733,-23.7508,1,0.26919,0,316.35,playing,2
75.6899,-23.7508,0,0.23496,0,310.04,playing,2
75.7059,-21.0714,0,0.23496,0,304.38,playing,2
75.7224,-21.0714,0,0.23496,0,299.0,playing,2
75.739,-21.0714,0,0.21479,0,293.61,playing,2
75.7565,-15.7914,0,0.21479,0,288.53,playing,2
75.7733,-15.7914,0,0.18275,0,283.77,playing,2
75.7901,-15.7914,0,0.18275,0,279.33,playing,2
75.8061,0.2091,0,0.17924,0,275.43,playing,2
75.8216,0.2091,0,0.17924,0,271.81,playing,2
75.8381,0.2091,0,0.17924,0,268.47,playing,2
75.8551,0.2091,0,0.19175,0,265.25,playing,2
75.8722,0.2091,0,0.19175,0,262.34,playing,2
75.8882,23.6568,0,0.2072,0,259.88,playing,2
75.9052,23.6568,0,0.2072,0,257.59,playing,2
75.9223,23.6568,0,0.18873,0,255.62,playing,2
75.9388,19.2876,0,0.18873,0,253.96,playing,2
75.9548,19.2876,0,0.20781,0,252.68,playing,2
75.9709,19.2876,0,0.20781,0,251.69,playing,2
75.987,19.2876,0,0.2161,0,250.97,playing,2
76.0026,19.2876,0,0.2161,0,250.54,playing,2
76.0186,10.7038,0,0.22048,1,250.39,playing,2
76.0347,10.7038,0,0.22048,0,250.52,playing,2
76.0508,10.7038,0,0.22048,0,250.94,playing,2
76.0666,2.8517,0,0.28485,0,251.63,playing,2
76.0827,2.8517,0,0.28485,0,252.61,playing,2
76.0988,2.8517,0,0.27319,0,253.86,playing,2
76.1149,-0.1818,0,0.29949,0,255.4,playing,2
76.1309,-0.1818,0,0.29949,0,257.22,playing,2
76.1468,-0.1818,0,0.29424,0,259.33,playing,2
76.1625,-0.1818,0,0.29424,0,261.71,playing,2
76.1793,-0.1818,0,0.24269,0,264.38,playing,2
76.1959,-1.9945,0,0.24269,0,267.53,playing,2
76.2121,-3.9744,0,0.29927,0,270.77,playing,2
76.2292,-3.9744,0,0.29927,0,274.54,playing,2
76.2461,-5.0257,0,0.29927,0,278.62,playing,2
76.2624,-5.0257,0,0.29927,0,282.75,playing,2
76.2799,-5.0257,0,0.29927,0,287.45,playing,3
76.2954,-12.0254,0,0.27294,0,292.47,playing,3
76.3123,-12.0254,0,0.28718,0,297.48,playing,3
76.3293,-12.0254,0,0.28718,0,303.12,playing,3
76.3458,-27.1433,1,0.25462,0,309.07,playing,3
76.3624,-27.1433,0,0.25462,0,303.11,playing,3
76.379,-19.7124,0,0.21718,0,297.1,playing,3
76.3945,-19.7124,0,0.21718,0,291.72,playing,3
76.4106,-19.7124,0,0.21718,0,286.63,playing,3
76.4266,-12.7415,0,0.16526,0,281.81,playing,3
76.4428,-12.7415,0,0.16526,0,277.28,playing,3
76.4584,-12.7415,0,0.19454,0,273.03,playing,3
76.4745,9.3964,0,0.19454,0,269.06,playing,3
76.4912,9.3964,0,0.20391,0,265.37,playing,3
76.5084,9.3964,0,0.18204,0,261.77,playing,3
76.5245,20.3748,0,0.18204,0,258.49,playing,3
76.541,20.3748,0,0.18204,0,255.68,playing,3
76.5582,21.068,0,0.19175,0,253.01,playing,3
76.5753,21.068,0,0.19028,0,250.67,playing,3
76.5922,21.068,0,0.19028,0,248.64,playing,3
76.609,16.8133,0,0.20066,0,246.93,playing,3
76.6246,16.8133,0,0.20066,0,245.6,playing,3
76.6413,16.8133,0,0.20066,0,244.55,playing,3
76.6584,16.8133,0,0.20066,0,243.75,playing,3
76.6751,16.8133,0,0.2468,1,243.27,playing,3
76.6906,12.6044,0,0.2468,0,243.11,playing,3
76.7072,12.6044,0,0.26145,0,243.22,playing,3
76.7241,12.6044,0,0.26145,0,243.66,playing,3
76.7402,12.6044,0,0.26145,0,244.35,playing,3
76.7557,12.6044,0,0.29439,0,245.33,playing,3
76.7723,12.6044,0,0.29439,0,246.59,playing,3
76.7889,-1.134,0,0.22884,0,248.24,playing,3
76.8049,-1.134,0,0.22884,0,250.08,playing,3
76.8207,-1.134,0,0.29021,0,252.2,playing,3
76.8368,-2.2968,0,0.29021,0,254.6,playing,3
76.8526,-2.2968,0,0.27946,0,257.28,playing,3
76.8687,-2.2968,0,0.27946,0,260.25,playing,3
76.8849,-3.0193,0,0.2699,0,263.49,playing,3
76.9013,-3.0193,0,0.2699,0,267.02,playing,3
76.9184,-4.3067,0,0.30119,0,271.09,playing,3
76.9349,-4.3067,0,0.30119,0,275.47,playing,3
76.951,-4.3067,0,0.27224,0,279.88,playing,3
76.9668,-4.7724,0,0.27224,0,284.57,playing,3
76.9832,-4.7724,0,0.27571,0,289.54,playing,3
77.0001,-4.7724,0,0.27571,0,295.14,playing,3
77.0167,-5.0934,0,0.29466,0,300.69,playing,3
77.0323,-5.0934,0,0.29466,0,306.91,playing,3
77.049,-5.0934,0,0.29466,0,313.04,playing,3
77.0651,-15.5368,0,0.29466,0,319.46,playing,3
77.0812,-15.5368,0,0.30078,0,326.15,playing,3
77.0983,-28.0608,1,0.30078,0,333.59,playing,3
77.1154,-28.0608,0,0.30078,0,327.27,playing,3
77.1319,-28.0608,0,0.23509,0,321.28,playing,3
77.1479,-20.0598,0,0.23509,0,315.92,playing,3
77.1641,-20.0598,0,0.21713,0,310.84,playing,3
77.1816,-20.0598,0,0.20862,0,305.76,playing,3
77.1986,-1.2419,0,0.20862,0,300.74,playing,3
77.2148,-1.2419,0,0.19084,0,296.56,playing,3
77.231,11.8994,0,0.19084,0,292.66,playing,3
77.2476,20.0551,0,0.17733,0,289.05,playing,3
77.2645,20.0551,0,0.17733,0,285.52,playing,3
77.2813,20.9152,0,0.14769,0,282.31,playing,3
77.2982,20.9152,0,0.14769,0,279.42,playing,3
77.315,20.9152,0,0.15714,0,276.85,playing,3
77.3308,20.9152,0,0.15714,0,274.71,playing,3
77.3469,20.9152,0,0.19698,0,272.85,playing,3
77.3636,20.9152,0,0.19698,0,271.28,playing,3
77.3805,10.6925,0,0.23575,1,269.92,playing,3
77.3966,10.6925,0,0.23575,0,268.88,playing,3
77.4134,7.3497,0,0.24662,0,268.19,playing,3
77.4304,7.3497,0,0.24662,0,267.76,playing,3
77.4464,7.3497,0,0.24662,0,267.66,playing,3
77.4628,4.7572,0,0.27369,0,267.85,playing,3
77.4788,4.7572,0,0.27369,0,268.31,playing,3
77.4945,4.7572,0,0.27658,0,269.06,playing,3
77.5114,4.7572,0,0.27658,0,270.09,playing,3
77.5277,4.7572,0,0.29604,0,271.5,playing,3
77.5433,4.7572,0,0.29604,0,273.11,playing,3
77.5599,-0.529,0,0.29498,0,275.0,playing,3
77.5759,-0.529,0,0.29498,0,277.17,playing,3
77.592,-1.2796,0,0.26167,0,279.63,playing,3
77.6075,-1.2796,0,0.26167,0,282.36,playing,3
77.6241,-1.2796,0,0.32476,0,285.38,playing,3
77.6401,-2.5312,0,0.32476,0,288.68,playing,3
77.6561,-2.5312,0,0.3097,0,292.26,playing,3
77.672,-2.5312,0,0.3097,0,296.12,playing,3
77.6883,-19.0078,0,0.28751,0,300.27,playing,3
77.7048,-19.0078,0,0.28751,0,304.99,playing,3
77.7214,-19.0078,0,0.26993,0,309.71,playing,3
77.7385,-22.4485,1,0.26993,0,315.05,playing,3
77.7551,-22.4485,0,0.18998,0,308.74,playing,3
77.7714,-22.4485,0,0.18998,0,303.08,playing,3
77.7877,-22.4485,0,0.24286,1,297.38,playing,3
77.8043,-22.4485,0,0.24286,0,292.3,playing,3
77.8214,-12.9791,0,0.21073,0,287.23,playing,3
77.8386,-12.9791,0,0.21073,0,282.47,playing,3
77.8549,-12.9791,0,0.17548,0,278.02,playing,3
77.871,-12.9791,0,0.17548,0,274.13,playing,3
77.8869,-12.9791,0,0.17427,0,270.51,playing,3
77.9028,-12.9791,0,0.17427,0,267.17,playing,3
77.9184,14.7852,0,0.17936,0,264.12,playing,3
77.9354,14.7852,0,0.17936,0,261.34,playing,3
77.952,11.7789,0,0.23672,0,258.72,playing,3
77.9681,11.7789,0,0.23672,0,256.52,playing,3
77.9842,11.7789,0,0.24349,0,254.61,playing,3
78.001,8.9988,0,0.24349,0,252.9,playing,3
78.0169,8.9988,0,0.27149,0,251.57,playing,3
78.0329,8.9988,0,0.27149,0,250.52,playing,3
78.0488,4.3785,0,0.26459,0,249.76,playing,3
78.0647,4.3785,0,0.26459,0,249.27,playing,3
78.0816,4.3785,0,0.26597,0,249.07,playing,3
78.0982,2.7028,0,0.26597,0,249.17,playing,3
78.1155,2.7028,0,0.26173,0,249.59,playing,3
78.1323,0.8327,0,0.26173,0,250.33,playing,4
78.1489,0.8327,0,0.26173,0,251.39,playing,4
78.1645,0.8327,0,0.25709,0,252.66,playing,4
78.1815,-1.927,0,0.25709,0,254.22,playing,4
78.1981,-1.927,0,0.29595,0,256.19,playing,4
78.2142,-1.927,0,0.29595,0,258.33,playing,4
78.2298,-2.7301,0,0.30979,0,260.75,playing,4
78.2458,-2.7301,0,0.30979,0,263.45,playing,4
78.2626,-2.7301,0,0.27676,0,266.43,playing,4
78.2791,-2.7301,0,0.27676,0,269.92,playing,4
78.2946,-2.7301,0,0.2834,0,273.48,playing,4
78.3107,-2.8695,0,0.2834,0,277.32,playing,4
78.3268,-2.8695,0,0.25743,0,281.45,playing,4
78.3423,-2.8695,0,0.25743,0,285.86,playing,4
78.3589,-2.9445,0,0.3118,0,290.55,playing,4
78.3749,-2.9445,0,0.3118,0,295.52,playing,4
78.3914,-2.9445,0,0.29424,0,300.77,playing,4
78.4075,-2.694,0,0.29424,0,306.67,playing,4
78.424,-2.694,0,0.31389,0,312.5,playing,4
78.441,-2.694,0,0.31389,0,319.02,playing,4
78.4571,-19.3756,1,0.21255,0,325.44,playing,4
78.4731,-19.3756,0,0.21255,0,319.48,playing,4
78.4884,-19.3756,0,0.17926,0,313.8,playing,4
78.5046,-13.8246,0,0.17926,0,308.41,playing,4
78.5206,-13.8246,0,0.17926,0,303.29,playing,4
78.5374,7.3075,0,0.19224,0,298.46,playing,4
78.5534,7.3075,0,0.19224,0,293.64,playing,4
78.5698,7.3075,0,0.20563,0,289.39,playing,4
78.5854,16.5335,0,0.20563,0,285.42,playing,4
78.6015,16.5335,0,0.20197,0,281.73,playing,4
78.6182,16.5335,0,0.20197,0,278.33,playing,4
78.6347,16.5061,0,0.20044,0,275.2,playing,4
78.6513,16.5061,0,0.20044,0,272.2,playing,4
78.6683,16.5061,0,0.24417,1,269.52,playing,4
78.6855,9.4874,0,0.24269,0,267.15,playing,4
78.7024,9.4874,0,0.24269,0,265.1,playing,4
78.7193,6.716,0,0.24299,0,263.37,playing,4
78.7363,6.716,0,0.24299,0,261.96,playing,4
78.7535,6.716,0,0.23685,0,260.86,playing,4
78.7706,6.716,0,0.23685,0,260.09,playing,4
78.7873,6.716,0,0.26548,0,259.63,playing,4
78.8046,6.716,0,0.26548,0,259.49,playing,4
78.8209,1.0046,0,0.29865,0,259.66,playing,4
78.8367,1.0046,0,0.29865,0,260.11,playing,4
78.8532,-0.0499,0,0.29865,0,260.84,playing,4
78.8698,-0.0499,0,0.29865,0,261.93,playing,4
78.8858,-0.0499,0,0.30091,0,263.24,playing,4
78.9018,-1.562,0,0.34589,0,264.84,playing,4
78.9175,-1.562,0,0.34589,0,266.71,playing,4
78.934,-1.562,0,0.32915,0,268.87,playing,4
78.9497,-2.5651,0,0.32915,0,271.3,playing,4
78.9658,-2.5651,0,0.32915,0,274.02,playing,4
78.983,-2.5651,0,0.30789,0,277.23,playing,4
78.9991,-2.9383,0,0.30789,0,280.53,playing,4
79.0151,-2.9383,0,0.284,0,284.11,playing,4
79.0322,-3.1833,0,0.284,0,288.23,playing,4
79.0479,-3.1833,0,0.31186,0,292.39,playing,4
79.0636,-3.1833,0,0.31186,0,296.83,playing,4
79.0802,-8.2587,0,0.31186,0,301.56,playing,4
79.0957,-8.2587,0,0.30325,0,306.57,playing,4
79.1123,-8.2587,0,0.30325,0,311.85,playing,4
79.129,-8.2587,0,0.27848,0,317.79,playing,4
79.1448,-8.2587,0,0.27848,0,323.66,playing,4
79.1607,-8.2587,0,0.27848,0,329.81,playing,4
79.1768,-18.3883,1,0.28,0,336.24,playing,4
79.1929,-18.3883,0,0.28,0,330.28,playing,4
79.209,-18.3883,0,0.21208,0,324.61,playing,4
79.225,-7.7746,0,0.21208,0,319.21,playing,4
79.2412,-7.7746,0,0.21208,0,314.1,playing,4
79.2574,21.7475,0,0.22826,1,308.98,playing,4
79.2743,21.7475,0,0.22826,0,304.45,playing,4
79.2908,21.7475,0,0.21221,0,299.95,playing,4
79.3065,20.8953,0,0.21221,0,296.0,playing,4
79.3235,20.8953,0,0.21221,0,292.33,playing,4
79.3406,20.8953,0,0.17421,0,288.75,playing,4
79.3566,17.3976,0,0.17421,0,285.48,playing,4
79.3732,17.3976,0,0.19958,0,282.69,playing,4
79.3902,17.3976,0,0.19958,0,280.05,playing,4
79.4072,9.3631,0,0.18148,0,277.72,playing,4
79.4246,9.3631,0,0.18148,0,275.71,playing,4
79.4406,9.3631,0,0.18148,0,274.01,playing,4
79.4574,9.3631,0,0.22866,0,272.7,playing,4
79.4735,9.3631,0,0.22866,0,271.62,playing,4
79.4905,9.3631,0,0.24662,0,270.89,playing,4
79.5071,9.3631,0,0.24662,0,270.43,playing,4
79.5232,9.3631,0,0.25067,0,270.28,playing,4
79.5403,-0.5679,0,0.25067,0,270.44,playing,4
79.5573,-0.5679,0,0.25067,0,270.92,playing,4
79.5739,-3.0296,0,0.29167,0,271.71,playing,4
79.59,-3.0296,0,0.29167,0,272.74,playing,4
79.6058,-3.0296,0,0.2901,0,274.05,playing,4
79.6224,-4.2681,0,0.2901,0,275.64,playing,4
79.639,-4.2681,0,0.2901,0,277.65,playing,4
79.6546,-4.2681,0,0.2653,0,279.82,playing,4
79.6706,-26.6077,1,0.2653,0,282.28,playing,4
79.6867,-26.6077,0,0.27212,0,276.32,playing,4
79.7027,-26.6077,0,0.27212,0,270.64,playing,4
79.719,-26.6077,0,0.25069,0,265.25,playing,4
79.7351,-26.6077,0,0.25069,0,260.13,playing,4
79.7512,-25.5881,0,0.25069,0,255.3,playing,4
79.7677,-19.7881,0,0.20468,0,250.49,playing,4
79.7843,-19.7881,0,0.20468,0,246.24,playing,4
79.8014,2.7788,0,0.16095,0,242.04,playing,4
79.8181,2.7788,0,0.16095,0,238.16,playing,4
79.8342,2.7788,0,0.19888,0,234.78,playing,4
79.8509,16.3431,0,0.19888,0,231.52,playing,4
79.867,16.3431,0,0.19888,0,228.73,playing,4
79.883,16.3431,0,0.18977,0,226.22,playing,4
79.8991,21.0874,0,0.18977,0,223.99,playing,4
79.9156,21.0874,0,0.21303,0,222.05,playing,4
79.9322,16.7553,0,0.21303,0,220.3,playing,4
79.9488,16.7553,0,0.21303,0,218.87,playing,4
79.9653,16.7553,0,0.22055,1,217.8,playing,4
79.9814,12.4875,0,0.22055,0,216.99,playing,5
79.998,12.4875,0,0.21374,0,216.5,playing,5
80.0141,12.4875,0,0.21374,0,216.3,playing,5
80.0302,5.7064,0,0.21374,0,216.38,playing,5
80.0468,5.7064,0,0.16273,0,216.78,playing,5
80.0628,5.7064,0,0.16273,0,217.44,playing,5
80.0784,3.376,0,0.2688,0,218.38,playing,5
80.0945,3.376,0,0.2688,0,219.6,playing,5
80.1106,3.376,0,0.2688,0,221.11,playing,5
80.1266,-0.1704,0,0.23191,0,222.89,playing,5
80.1433,-0.1704,0,0.23191,0,224.96,playing,5
80.1599,-1.3009,0,0.25761,0,227.47,playing,5
80.1759,-1.3009,0,0.25761,0,230.12,playing,5
80.1924,-1.3009,0,0.25761,0,233.05,playing,5
80.2095,-2.6082,0,0.28299,0,236.48,playing,5
80.2266,-2.6082,0,0.28299,0,240.23,playing,5
80.2431,-2.6082,0,0.28747,0,244.3,playing,5
80.2599,-3.6449,0,0.28747,0,248.68,playing,5
80.2755,-3.6449,0,0.28126,0,253.09,playing,5
80.2915,-3.4667,0,0.28126,0,257.78,playing,5
80.3081,-3.4667,0,0.25065,0,262.75,playing,5
80.3241,-3.4667,0,0.25065,0,268.0,playing,5
80.3397,-4.706,0,0.25065,0,273.54,playing,5
80.3563,-4.706,0,0.28583,0,279.35,playing,5
80.3733,-4.706,0,0.28583,0,285.85,playing,5
80.3899,-14.0881,0,0.26897,0,292.66,playing,5
80.406,-14.0881,0,0.26897,0,299.36,playing,5
80.4224,-14.0881,0,0.25786,0,306.34,playing,5
80.4395,-27.7213,1,0.25786,0,314.07,playing,5
80.4562,-27.7213,0,0.25786,0,307.76,playing,5
80.4722,-14.5096,0,0.25614,0,302.1,playing,5
80.4888,-14.5096,0,0.25614,0,296.4,playing,5
80.5049,-14.5096,0,0.16243,0,291.33,playing,5
80.5215,-0.7981,0,0.16243,0,286.53,playing,5
80.5378,-0.7981,0,0.20678,0,281.75,playing,5
80.5544,-0.7981,0,0.20678,0,277.53,playing,5
80.571,19.0803,0,0.20678,0,273.37,playing,5
80.588,19.0803,0,0.20678,0,269.74,playing,5
80.604,19.0803,0,0.17812,0,266.19,playing,5
80.6196,18.2848,0,0.17812,0,263.14,playing,5
80.6356,18.2848,0,0.17442,0,260.37,playing,5
80.6516,15.0017,0,0.17442,0,257.87,playing,5
80.6682,15.0017,0,0.1822,0,255.66,playing,5
80.6847,15.0017,0,0.1822,0,253.63,playing,5
80.7008,8.6687,0,0.1822,0,252.01,playing,5
80.7173,8.6687,0,0.1822,0,250.66,playing,5
80.7339,8.6687,0,0.1822,0,249.55,playing,5
80.7498,5.8708,0,0.17753,0,248.78,playing,5
80.7657,5.8708,0,0.17753,0,248.29,playing,5
80.7822,5.8708,0,0.22493,1,248.09,playing,5
80.7988,1.6413,0,0.22493,0,248.19,playing,5
80.8149,1.6413,0,0.22493,0,248.57,playing,5
80.831,0.0834,0,0.26156,0,249.23,playing,5
80.848,0.0834,0,0.26156,0,250.25,playing,5
80.8635,0.0834,0,0.26156,0,251.49,playing,5
80.88,-0.8038,0,0.25778,0,253.01,playing,5
80.8961,-0.8038,0,0.25778,0,254.81,playing,5
80.9131,-0.8038,0,0.28347,0,257.05,playing,5
80.9291,-1.8092,0,0.28347,0,259.43,playing,5
80.9447,-1.8092,0,0.30058,0,262.1,playing,5
80.9616,-1.8092,0,0.30058,0,265.04,playing,5
80.9782,-2.8015,0,0.30058,0,268.49,playing,5
80.995,-2.8015,0,0.30058,0,272.26,playing,5
81.011,-2.8015,0,0.30058,0,276.09,playing,5
81.0281,-2.8015,0,0.30058,0,280.2,playing,5
81.0441,-2.8015,0,0.28169,0,284.88,playing,5
81.0602,-16.387,0,0.28169,0,289.57,playing,5
81.0768,-16.387,0,0.28169,0,294.54,playing,5
81.0939,-16.387,0,0.25725,0,300.49,playing,5
81.1104,-24.6677,1,0.25725,0,306.06,playing,5
81.127,-24.6677,0,0.2796,0,299.75,playing,5
81.1436,-24.6677,0,0.2796,0,294.09,playing,5
81.1603,-24.6677,0,0.2796,0,288.39,playing,5
81.1769,-24.6677,0,0.24236,0,283.02,playing,5
81.1924,-24.6677,0,0.24236,0,278.24,playing,5
81.209,-24.6677,0,0.1745,0,273.74,playing,5
81.2255,-24.6677,0,0.1745,0,269.52,playing,5
81.2421,-24.0612,0,0.1745,0,265.36,playing,5
81.2581,-24.0612,0,0.20197,0,261.73,playing,5
81.2737,-24.0612,0,0.20197,0,258.37,playing,5
81.2897,18.697,0,0.20197,0,255.3,playing,5
81.3068,18.697,0,0.20197,0,252.51,playing,5
81.3239,18.697,0,0.19262,0,249.73,playing,5
81.3403,15.4216,0,0.19262,0,247.54,playing,5
81.3572,15.4216,0,0.19262,0,245.52,playing,5
81.3744,9.5001,0,0.19262,0,243.91,playing,5
81.391,9.5001,0,0.18985,0,242.46,playing,5
81.4074,9.5001,0,0.18985,0,241.44,playing,5
81.424,6.1788,0,0.22034,1,240.69,playing,5
81.4404,6.1788,0,0.22034,0,240.25,playing,5
81.4568,6.1788,0,0.22034,0,240.11,playing,5
81.4728,4.2053,0,0.21991,0,240.26,playing,5
81.4895,4.2053,0,0.21991,0,240.69,playing,5
81.5065,1.7931,0,0.2138,0,241.47,playing,5
81.523,-0.0066,0,0.2138,0,242.56,playing,5
81.5387,-0.0066,0,0.25804,0,243.87,playing,5
81.5549,-1.9129,0,0.25804,0,245.46,playing,5
81.5709,-1.9129,0,0.25804,0,247.34,playing,5
81.587,-1.9129,0,0.28317,0,249.49,playing,5
81.6035,-2.9347,0,0.28317,0,251.93,playing,5
81.6201,-2.9347,0,0.28317,0,254.83,playing,5
81.6361,-2.9347,0,0.25082,0,257.85,playing,5
81.6518,-2.9347,0,0.25082,0,261.15,playing,5
81.6694,-2.9347,0,0.25082,0,264.73,playing,5
81.6864,-7.3216,0,0.26547,0,269.12,playing,5
81.7035,-20.4664,1,0.26547,0,273.58,playing,5
81.7196,-20.4664,0,0.28357,0,267.26,playing,5
81.7361,-19.5707,0,0.28357,0,261.61,playing,5
81.7522,-19.5707,0,0.23662,0,256.23,playing,5
81.7691,-19.5707,0,0.23662,0,250.83,playing,5
81.7847,-19.5707,0,0.19082,0,246.03,playing,5
81.8015,-19.5707,0,0.19082,0,241.52,playing,5
81.818,-19.5707,0,0.19082,0,237.04,playing,5
81.8341,-6.3944,0,0.17981,0,233.11,playing,6
81.8501,-6.3944,0,0.17981,0,229.45,playing,6
81.8657,-6.3944,0,0.18855,0,226.08,playing,6
81.882,-6.3944,0,0.18855,0,222.99,playing,6
81.898,-6.3944,0,0.18855,0,220.18,playing,6
81.9142,10.6232,0,0.16237,0,217.66,playing,6
81.9313,10.6232,0,0.16237,0,215.29,playing,6
81.9482,10.6232,0,0.1847,0,213.24,playing,6
81.9645,20.8768,0,0.1847,0,211.51,playing,6
81.9806,20.8768,0,0.16396,0,210.17,playing,6
81.9977,20.8768,0,0.16396,0,209.1,playing,6
82.0142,21.5982,0,0.15491,0,208.29,playing,6
82.0303,21.5982,0,0.15491,0,207.8,playing,6
82.0473,18.4539,0,0.15491,0,207.6,playing,6
82.0641,18.4539,0,0.19378,0,207.72,playing,6
82.0813,18.4539,0,0.19378,0,208.16,playing,6
82.0974,13.9862,0,0.19378,0,208.92,playing,6
82.1142,13.9862,0,0.19378,0,209.91,playing,6
82.1303,13.9862,0,0.19378,0,211.19,playing,6
82.1472,13.9862,0,0.20279,0,212.86,playing,6
82.1642,13.9862,0,0.20279,0,214.85,playing,6
82.1808,9.8989,0,0.24312,1,217.16,playing,6
82.1979,9.8989,0,0.24312,0,219.79,playing,6
82.2141,9.8989,0,0.22607,0,222.54,playing,6
82.2301,-0.8913,0,0.22607,0,225.58,playing,6
82.2462,-1.8932,0,0.29116,0,228.89,playing,6
82.2623,-1.8932,0,0.29116,0,232.49,playing,6
82.2794,-1.8932,0,0.29116,0,236.63,playing,6
82.2959,-1.8932,0,0.31764,0,241.09,playing,6
82.3121,-1.8932,0,0.31764,0,245.57,playing,6
82.3276,-1.8932,0,0.27619,0,250.33,playing,6
82.3436,-1.8932,0,0.27619,0,255.37,playing,6
82.3602,-1.8932,0,0.27619,0,260.69,playing,6
82.3773,-3.2737,0,0.31466,0,266.67,playing,6
82.3937,-3.2737,0,0.31466,0,272.96,playing,6
82.4098,-3.6783,0,0.29501,0,279.16,playing,6
82.426,-3.6783,0,0.29501,0,285.65,playing,6
82.4427,-3.6783,0,0.29501,0,292.41,playing,6
82.4597,-25.6643,1,0.29066,0,299.92,playing,6
82.4761,-25.6643,0,0.29066,0,293.61,playing,6
82.4927,-25.6643,0,0.21356,0,287.95,playing,6
82.5093,-19.2648,0,0.21356,0,282.25,playing,6
82.5254,-19.2648,0,0.20894,0,276.88,playing,6
82.5415,-10.2643,0,0.20894,0,272.1,playing,6
82.5581,-10.2643,0,0.20348,0,267.6,playing,6
82.5752,-10.2643,0,0.20348,0,263.14,playing,6
82.5922,11.7387,0,0.20348,0,259.0,playing,6
82.6089,11.7387,0,0.17694,0,255.17,playing,6
82.6249,11.7387,0,0.17694,0,251.85,playing,6
82.641,23.0247,0,0.20916,0,248.82,playing,6
82.6568,23.0247,0,0.20916,0,246.06,playing,6
82.6734,23.0247,0,0.20916,0,243.59,playing,6
82.6895,23.0247,0,0.18501,0,241.28,playing,6
82.7061,23.0247,0,0.18501,0,239.39,playing,6
82.7218,23.0247,0,0.15276,0,237.77,playing,6
82.7379,23.0247,0,0.15276,0,236.44,playing,6
82.7535,23.0247,0,0.17993,0,235.4,playing,6
82.7701,16.0199,0,0.17993,0,234.63,playing,6
82.7863,12.2078,0,0.17993,0,234.15,playing,6
82.8036,12.2078,0,0.17993,0,233.95,playing,6
82.8197,8.2328,0,0.17993,0,234.07,playing,6
82.8362,8.2328,0,0.20546,0,234.46,playing,6
82.8535,8.2328,0,0.20546,0,235.2,playing,6
82.8706,4.7482,0,0.29152,1,236.26,playing,6
82.8867,4.7482,0,0.29152,0,237.63,playing,6
82.9025,4.7482,0,0.25558,0,239.21,playing,6
82.9185,4.7482,0,0.25558,0,241.06,playing,6
82.9346,4.7482,0,0.28647,0,243.2,playing,6
82.9507,-2.7371,0,0.28647,0,245.62,playing,6
82.9667,-2.7371,0,0.28647,0,248.32,playing,6
82.9833,-2.7371,0,0.28312,0,251.3,playing,6
82.9998,-3.4021,0,0.28312,0,254.79,playing,6
83.0164,-3.4021,0,0.29007,0,258.35,playing,6
83.0335,-3.4021,0,0.29007,0,262.45,playing,6
83.0496,-4.0859,0,0.29007,0,266.88,playing,6
83.0662,-4.0859,0,0.27452,0,271.32,playing,6
83.083,-4.0071,0,0.27452,0,276.36,playing,6
83.0996,-4.2293,0,0.31702,0,281.38,playing,6
83.1157,-4.2293,0,0.31702,0,287.04,playing,6
83.1318,-8.9963,0,0.31617,0,292.64,playing,6
83.1483,-8.9963,0,0.31617,0,298.53,playing,6
83.1653,-8.9963,0,0.31617,0,305.1,playing,6
83.182,-8.9963,0,0.29793,0,311.99,playing,6
83.1986,-8.9963,0,0.29793,0,318.76,playing,6
83.2147,-8.9963,0,0.29793,0,326.27,playing,6
83.2307,-6.4058,1,0.20426,0,333.61,playing,6
83.2468,-6.4058,0,0.20426,0,327.65,playing,6
83.2626,12.6055,0,0.16379,0,321.98,playing,6
83.2787,12.6055,0,0.16379,0,316.58,playing,6
83.2948,12.6055,0,0.16379,0,311.47,playing,6
83.3109,17.2043,0,0.18275,0,306.64,playing,6
83.327,17.2043,0,0.18275,0,302.09,playing,6
83.3426,17.2043,0,0.17677,0,297.82,playing,6
83.3593,13.9418,0,0.17677,0,293.83,playing,6
83.3758,13.9418,0,0.15489,0,289.91,playing,6
83.3924,13.9418,0,0.15489,0,286.51,playing,6
83.4096,13.9418,0,0.15489,0,283.2,playing,6
83.4261,13.9418,0,0.19174,0,280.22,playing,6
83.4424,8.5102,0,0.19174,0,277.69,playing,6
83.4585,6.2173,0,0.16994,0,275.33,playing,6
83.4754,6.2173,0,0.16994,0,273.38,playing,6
83.4919,3.7849,0,0.18355,0,271.63,playing,6
83.508,3.7849,0,0.18355,0,270.27,playing,6
83.5242,3.7849,0,0.18355,0,269.18,playing,6
83.5398,0.915,0,0.23661,1,268.38,playing,6
83.5558,0.915,0,0.23661,0,267.86,playing,6
83.5719,0.915,0,0.259,0,267.62,playing,6
83.5884,-2.065,0,0.259,0,267.67,playing,6
83.6047,-2.065,0,0.24729,0,268.03,playing,6
83.6217,-2.42,0,0.24729,0,268.66,playing,6
83.6384,-2.42,0,0.24729,0,269.64,playing,6
83.6554,-2.42,0,0.30635,0,270.94,playing,6
83.6726,-2.7033,0,0.30635,0,272.55,playing,6
83.6897,-2.7033,0,0.26164,0,274.49,playing,7
83.7058,-2.7033,0,0.26164,0,276.74,playing,7
83.722,-3.4661,0,0.25812,0,279.14,playing,7
83.738,-3.4661,0,0.25812,0,281.82,playing,7
83.7541,-3.4661,0,0.29646,0,284.79,playing,7
83.7697,-3.1411,0,0.29646,0,288.04,playing,7
83.7858,-3.1411,0,0.29646,0,291.56,playing,7
83.8014,-3.1411,0,0.30776,0,295.37,playing,7
83.8185,-3.1411,0,0.30776,0,299.46,playing,7
83.8355,-3.1411,0,0.30776,0,304.13,playing,7
83.852,-4.5588,0,0.28315,0,309.11,playing,7
83.8676,-4.5588,0,0.28315,0,314.08,playing,7
83.8837,-4.5588,0,0.23904,0,319.34,playing,7
83.8998,-14.7779,1,0.23904,0,324.87,playing,7
83.916,-14.7779,0,0.18784,0,318.91,playing,7
83.9322,-14.7779,0,0.18784,0,313.23,playing,7
83.9487,-12.8098,0,0.18784,0,307.84,playing,7
83.9653,-12.8098,0,0.18441,0,302.43,playing,7
83.9819,1.1015,0,0.18441,0,297.33,playing,7
83.9979,1.1015,0,0.18441,0,292.81,playing,7
84.0151,1.1015,0,0.17523,0,288.33,playing,7
84.0313,18.4637,0,0.17523,0,284.4,playing,7
84.0484,18.4637,0,0.1991,0,280.54,playing,7
84.0655,18.4637,0,0.1991,0,276.99,playing,7
84.0816,22.4212,0,0.1551,0,273.77,playing,7
84.0977,22.4212,0,0.1551,0,271.01,playing,7
84.1142,22.4212,0,0.18062,0,268.54,playing,7
84.1303,16.9561,0,0.18062,0,266.23,playing,7
84.1468,16.9561,0,0.18062,0,264.33,playing,7
84.1625,9.6577,0,0.17765,0,262.72,playing,7
84.1789,9.6577,0,0.17765,0,261.39,playing,7
84.195,9.6577,0,0.17765,0,260.35,playing,7
84.2107,6.4549,0,0.19011,0,259.58,playing,7
84.2267,6.4549,0,0.19011,0,259.09,playing,7
84.2436,6.4549,0,0.23213,1,258.89,playing,7
84.2596,3.6893,0,0.23213,0,258.99,playing,7
84.2757,3.6893,0,0.23213,0,259.37,playing,7
84.2918,3.6893,0,0.22807,0,260.03,playing,7
84.308,-0.2218,0,0.22807,0,260.97,playing,7
84.324,-0.2218,0,0.25748,0,262.19,playing,7
84.3401,-0.2218,0,0.25748,0,263.7,playing,7
84.3563,-2.9686,0,0.29077,0,265.48,playing,7
84.3733,-2.9686,0,0.29077,0,267.7,playing,7
84.3904,-3.8777,0,0.25518,0,270.23,playing,7
84.4069,-3.8777,0,0.25518,0,273.08,playing,7
84.4229,-3.8777,0,0.25518,0,276.05,playing,7
84.4391,-4.3818,0,0.27927,0,279.29,playing,7
84.4543,-4.3818,0,0.27927,0,282.82,playing,7
84.4709,-4.3818,0,0.31488,0,286.63,playing,7
84.487,-4.2208,0,0.31488,0,290.72,playing,7
84.5031,-4.2208,0,0.31488,0,295.09,playing,7
84.5191,-4.2208,0,0.30325,0,299.75,playing,7
84.5362,-4.3482,0,0.30325,0,305.01,playing,7
84.5534,-4.3482,0,0.29298,0,310.59,playing,7
84.5695,-6.9231,0,0.29298,0,316.49,playing,7
84.5856,-6.9231,0,0.32465,0,322.33,playing,7
84.6022,-6.9231,0,0.32465,0,328.44,playing,7
84.6182,-22.2787,1,0.32465,0,334.84,playing,7
84.6352,-22.2787,0,0.26145,0,328.53,playing,7
84.6516,-22.2787,0,0.26145,0,322.87,playing,7
84.6678,-22.2787,0,0.2751,0,317.17,playing,7
84.6845,-22.2787,0,0.2751,0,312.09,playing,7
84.7011,-25.1609,0,0.21757,0,307.02,playing,7
84.7177,-7.5422,0,0.21757,0,302.26,playing,7
84.7337,-7.5422,0,0.21757,0,298.06,playing,7
84.7499,2.6597,0,0.19703,0,294.14,playing,7
84.7665,2.6597,0,0.19703,0,290.5,playing,7
84.7836,2.6597,0,0.18006,0,286.96,playing,7
84.7997,15.1302,0,0.18006,0,283.73,playing,7
84.8157,15.1302,0,0.18006,0,280.98,playing,7
84.8317,15.1302,0,0.16194,0,278.5,playing,7
84.8483,18.2862,0,0.16194,0,276.31,playing,7
84.8654,18.2862,0,0.19314,0,274.3,playing,7
84.8819,15.326,0,0.19314,0,272.61,playing,7
84.8984,15.326,0,0.22876,1,271.3,playing,7
84.915,15.326,0,0.22876,0,270.22,playing,7
84.9315,8.2137,0,0.22876,0,269.49,playing,7
84.9475,8.2137,0,0.20476,0,269.03,playing,7
84.9636,8.2137,0,0.20476,0,268.88,playing,7
84.9802,5.1871,0,0.22078,0,269.01,playing,7
84.9973,5.1871,0,0.22078,0,269.47,playing,7
85.0143,5.1871,0,0.23561,0,270.24,playing,7
85.0309,2.7829,0,0.23561,0,271.34,playing,7
85.047,2.7829,0,0.23561,0,272.65,playing,7
85.0631,1.0328,0,0.24368,0,274.24,playing,7
85.0791,1.0328,0,0.24368,0,276.11,playing,7
85.0952,1.0328,0,0.3118,0,278.27,playing,7
85.1127,0.0014,0,0.3118,0,280.88,playing,7
85.1288,0.0014,0,0.33908,0,283.8,playing,7
85.1448,0.0014,0,0.33908,0,286.84,playing,7
85.163,-2.2143,0,0.26503,0,290.15,playing,7
85.179,-2.2143,0,0.26503,0,294.24,playing,7
85.1951,-2.2143,0,0.26503,0,298.16,playing,7
85.2111,-2.8406,0,0.32961,0,302.35,playing,7
85.2272,-2.8406,0,0.32961,0,306.83,playing,7
85.2446,-3.9947,0,0.32961,0,311.91,playing,7
85.261,-3.9947,0,0.28271,0,317.3,playing,7
85.2771,-3.9947,0,0.28271,0,322.66,playing,7
85.2932,-4.2327,0,0.31581,0,328.3,playing,7
85.3099,-4.2327,0,0.31581,0,334.61,playing,7
85.3265,-4.2327,0,0.31284,0,340.83,playing,7
85.3433,-8.3142,0,0.31284,0,347.76,playing,7
85.3603,-8.3142,0,0.30195,0,355.0,playing,7
85.3774,-30.9171,1,0.30195,0,362.57,playing,7
85.3939,-30.9171,0,0.30195,0,356.26,playing,7
85.4099,-30.9171,0,0.33457,0,350.6,playing,7
85.426,-30.8514,0,0.33457,0,345.22,playing,7
85.442,-30.8514,0,0.2238,0,340.12,playing,7
85.4576,-30.8514,0,0.2238,0,335.31,playing,7
85.4742,19.8818,0,0.2238,0,330.78,playing,7
85.4902,19.8818,0,0.213,0,326.52,playing,7
85.5068,19.8818,0,0.213,0,322.33,playing,7
85.5228,20.3138,0,0.19804,0,318.65,playing,7
85.5389,20.3138,0,0.19804,0,315.27,playing,8
85.5545,20.3138,0,0.19804,0,312.16,playing,8
85.5712,17.7406,0,0.18605,0,309.33,playing,8
85.5878,17.7406,0,0.18605,0,306.65,playing,8
85.6038,10.4774,0,0.18609,0,304.4,playing,8
85.6199,10.4774,0,0.18609,0,302.44,playing,8
85.636,10.4774,0,0.18609,0,300.76,playing,8
85.6515,7.3331,0,,0,299.36,playing,8
85.6686,7.3331,0,,0,298.24,playing,8
85.6856,7.3331,0,0.25442,1,297.37,playing,8
85.7022,2.8055,0,0.25442,0,296.82,playing,8
85.7187,2.8055,0,0.2362,0,296.58,playing,8
85.7353,2.8055,0,0.2362,0,296.64,playing,8
85.7513,1.358,0,0.27616,0,297.03,playing,8
85.7674,1.358,0,0.27616,0,297.67,playing,8
85.7846,-1.1737,0,0.27616,0,298.59,playing,8
85.8005,-1.1737,0,0.2674,0,299.89,playing,8
85.8171,-1.1737,0,0.2674,0,301.39,playing,8
85.8328,-1.9509,0,0.27188,0,303.18,playing,8
85.8488,-1.9509,0,0.27188,0,305.25,playing,8
85.8648,-1.9509,0,0.27188,0,307.6,playing,8
85.8807,-1.9509,0,0.26861,0,310.23,playing,8
85.8967,-1.9509,0,0.26861,0,313.14,playing,8
85.9124,-1.9509,0,0.2876,0,316.33,playing,8
85.929,-2.9884,0,0.2876,0,319.81,playing,8
85.945,-2.9884,0,0.2876,0,323.56,playing,8
85.9607,-2.9884,0,0.31392,0,327.6,playing,8
85.9772,-3.0558,0,0.31392,0,331.92,playing,8
85.9943,-3.0558,0,,0,336.83,playing,8
86.0113,-24.293,1,,0,342.06,playing,8
86.0278,-24.293,0,,0,335.74,playing,8
86.0439,-24.293,0,0.28481,0,330.08,playing,8
86.0599,-26.4574,0,0.28481,0,324.71,playing,8
86.0759,-26.4574,0,0.31187,0,319.61,playing,8
86.092,-26.4574,0,0.31187,0,314.8,playing,8
86.108,-26.4574,0,0.20271,0,310.26,playing,8
86.1251,-26.4574,0,0.20271,0,305.77,playing,8
86.1417,-15.1684,0,0.20271,0,301.59,playing,8
86.1577,-6.3911,0,0.17232,0,297.93,playing,8
86.1737,-6.3911,0,0.17232,0,294.56,playing,8
86.1903,-6.3911,0,0.16295,0,291.47,playing,8
86.2077,-6.3911,0,0.16295,0,288.51,playing,8
86.2247,-6.3911,0,,0,285.86,playing,8
86.2413,25.5896,0,,0,283.53,playing,8
86.2583,25.5896,0,,0,281.52,playing,8
86.2749,25.5896,0,0.20604,0,279.83,playing,8
86.2909,21.6434,0,0.20604,0,278.51,playing,8
86.3074,21.6434,0,0.17658,0,277.48,playing,8
86.3235,17.2587,0,0.17658,0,276.71,playing,8
86.3398,17.2587,0,,0,276.26,playing,8
86.3553,17.2587,0,,0,276.09,playing,8
86.3724,8.5331,0,,0,276.2,playing,8
86.3894,8.5331,0,,0,276.64,playing,8
86.4055,8.5331,0,,0,277.4,playing,8
86.4223,5.1619,0,0.21388,0,278.39,playing,8
86.4394,5.1619,0,0.21388,0,279.77,playing,8
86.4559,2.3811,0,0.21558,0,281.46,playing,8
86.4735,0.196,0,0.21558,0,283.47,playing,8
86.4901,0.196,0,,0,285.79,playing,8
86.5061,-1.5212,0,,0,288.27,playing,8
86.5221,-1.5212,0,0.26802,1,291.02,playing,8
86.5376,-1.5212,0,0.26802,0,294.05,playing,8
86.5547,-3.1746,0,0.26802,0,297.37,playing,8
86.5712,-3.1746,0,,0,301.21,playing,8
86.5883,-3.1746,0,,0,305.37,playing,8
86.6049,-4.0217,0,,0,309.85,playing,8
86.621,-4.0217,0,,0,314.35,playing,8
86.6366,-4.0217,0,0.32639,0,319.12,playing,8
86.6537,-4.0217,0,0.32639,0,324.18,playing,8
86.6697,-4.0217,0,0.32639,0,329.88,playing,8
86.6863,-3.699,0,0.2535,0,335.52,playing,8
86.7034,-3.699,0,0.2535,0,341.83,playing,8
86.7199,-3.699,0,,0,348.46,playing,8
86.736,-3.699,0,,0,354.98,playing,8
86.752,-3.699,0,,0,361.78,playing,8
86.768,-3.699,0,,0,368.86,playing,8
86.7841,-29.3252,1,,0,376.23,playing,8
86.8007,-29.3252,0,,0,370.27,playing,8
86.8167,-23.0362,0,,0,364.25,playing,8
86.8329,-23.0362,0,,0,358.88,playing,8
86.849,-23.0362,0,,0,353.78,playing,8
86.8651,-12.2199,0,0.19905,0,348.97,playing,8
86.8811,-12.2199,0,0.19905,0,344.43,playing,8
86.8967,-12.2199,0,0.19905,0,340.18,playing,8
86.9132,7.4851,0,,0,336.21,playing,8
86.9303,7.4851,0,,0,332.31,playing,8
86.9473,7.4851,0,0.19199,0,328.73,playing,8
86.9643,19.9674,0,0.19199,0,325.47,playing,8
86.9809,19.9674,0,,0,322.52,playing,8
86.9964,19.9674,0,,0,320.03,playing,8
87.013,18.4399,0,,0,317.82,playing,8
87.0285,18.4399,0,,0,315.89,playing,8
87.0451,11.9329,0,,0,314.25,playing,8
87.0611,11.9329,0,0.17291,0,312.88,playing,8
87.0777,11.9329,0,0.17291,0,311.75,playing,8
87.0938,8.8393,0,0.17471,0,310.96,playing,8
87.1094,8.8393,0,0.17471,0,310.46,playing,8
87.1257,8.8393,0,0.17471,0,310.24,playing,8
87.1417,3.3152,0,0.32633,1,310.3,playing,8
87.1583,3.3152,0,0.32633,0,310.64,playing,8
87.1744,3.3152,0,,0,311.33,playing,8
87.191,1.3552,0,,0,312.25,playing,8
87.207,1.3552,0,,0,313.45,playing,8
87.223,-0.4837,0,,0,314.94,playing,8
87.2396,-1.8568,0,0.25734,0,316.71,playing,8
87.2561,-1.8568,0,0.25734,0,318.91,playing,8
87.2722,-1.8568,0,,0,321.25,playing,8
87.2892,-1.8568,0,,0,324.07,playing,8
87.3063,-1.8568,0,,0,327.2,playing,8
87.3231,-1.8568,0,,0,330.65,playing,8
87.3397,-1.8568,0,,0,334.18,playing,8
87.3562,-2.3775,0,,0,338.24,playing,8
87.3733,-27.7863,1,,0,342.63,playing,8
87.39,-27.7863,0,,0,336.31,playing,9
87.4056,-28.4747,0,,0,330.66,playing,9
87.4216,-28.4747,0,0.27896,0,325.28,playing,9
87.4383,-28.4747,0,0.27896,0,320.18,playing,9
87.4554,-8.4507,0,0.27896,0,315.09,playing,9
87.4719,-8.4507,0,0.26066,0,310.31,playing,9
87.488,-8.4507,0,0.26066,0,306.09,playing,9
87.504,13.0274,0,,0,302.16,playing,9
87.5211,13.0274,0,,0,298.29,playing,9
87.5371,20.4827,0,,0,294.94,playing,9
87.5537,20.4827,0,0.16585,0,291.7,playing,9
87.5693,20.4827,0,0.16585,0,288.92,playing,9
87.5859,15.6885,0,0.16585,0,286.43,playing,9
87.6019,15.6885,0,,0,284.22,playing,9
87.618,15.6885,0,,0,282.29,playing,9
87.6346,11.8399,0,0.17682,0,280.65,playing,9
87.6506,11.8399,0,0.17682,0,279.22,playing,9
87.6673,11.8399,0,0.24385,1,278.15,playing,9
87.6839,5.3811,0,0.24385,0,277.34,playing,9
87.6994,5.3811,0,0.24385,0,276.85,playing,9
87.716,3.2254,0,0.21222,0,276.65,playing,9
87.7322,3.2254,0,0.21222,0,276.73,playing,9
87.7487,3.2254,0,0.21222,0,277.13,playing,9
87.7648,1.0898,0,,0,277.79,playing,9
87.7809,1.0898,0,,0,278.73,playing,9
87.7969,1.0898,0,0.28328,0,279.95,playing,9
87.8129,-1.3044,0,0.28328,0,281.45,playing,9
87.829,-1.3044,0,0.24365,0,283.24,playing,9
87.8451,-1.3044,0,0.24365,0,285.31,playing,9
87.8611,-2.3491,0,0.24365,0,287.66,playing,9
87.8768,-2.3491,0,0.24759,0,290.29,playing,9
87.8933,-2.3491,0,0.24759,0,293.2,playing,9
87.9098,-2.8505,0,0.29625,0,296.61,playing,9
87.9259,-2.8505,0,0.29625,0,300.1,playing,9
87.9429,-2.8505,0,0.29625,0,303.88,playing,9
87.9589,-4.0939,0,0.25719,0,308.21,playing,9
87.975,-4.0939,0,0.25719,0,312.56,playing,9
87.9911,-28.8714,1,0.25765,0,317.2,playing,9
88.0077,-28.8714,0,0.25765,0,310.89,playing,9
88.0235,-28.8714,0,0.25765,0,305.23,playing,9
88.0405,-13.4285,0,,0,299.85,playing,9
88.0567,-13.4285,0,,0,294.45,playing,9
88.0727,-13.4285,0,,0,289.66,playing,9
88.0888,7.8812,0,,0,285.14,playing,9
88.1049,7.8812,0,0.19804,0,280.91,playing,9
88.1211,7.8812,0,0.19804,0,276.95,playing,9
88.1378,18.9701,0,0.19804,0,273.07,playing,9
88.1535,18.9701,0,0.19924,0,269.7,playing,9
88.1705,18.3056,0,0.19924,0,266.61,playing,9
88.1877,18.3056,0,,0,263.65,playing,9
88.2036,18.3056,0,,0,261.0,playing,9
88.22,15.8107,0,,0,258.79,playing,9
88.2355,15.8107,0,,0,256.86,playing,9
88.2526,15.8107,0,,0,255.22,playing,9
88.2692,15.8107,0,,0,253.79,playing,9
88.2862,15.8107,0,0.30769,1,252.67,playing,9
88.3034,15.8107,0,0.30769,0,251.88,playing,9
88.32,15.8107,0,0.30769,0,251.4,playing,9
88.336,15.8107,0,0.32865,0,251.23,playing,9
88.3516,1.1704,0,0.32865,0,251.34,playing,9
88.3682,1.1704,0,0.29078,0,251.74,playing,9
88.385,1.1704,0,0.29078,0,252.48,playing,9
88.4006,1.1704,0,0.29078,0,253.45,playing,9
88.4168,1.1704,0,0.29078,0,254.71,playing,9
88.4324,1.1704,0,0.29078,0,256.25,playing,9
88.4485,-2.838,0,,0,258.07,playing,9
88.4645,-2.838,0,,0,260.17,playing,9
88.4816,-3.1435,0,,0,262.56,playing,9
88.4981,-3.1435,0,,0,265.41,playing,9
88.5141,-3.1435,0,,0,268.37,playing,9
88.5297,-7.8048,0,0.29826,0,271.62,playing,9
88.5458,-7.8048,0,0.29826,0,275.15,playing,9
88.5619,-7.8048,0,0.28507,0,278.96,playing,9
88.578,-29.7925,1,0.28507,0,283.05,playing,9
88.5944,-29.7925,0,0.28507,0,277.09,playing,9
88.6108,-29.7925,0,0.2875,0,271.08,playing,9
88.6271,-21.6047,0,0.2875,0,265.7,playing,9
88.6437,-21.6047,0,0.2711,0,260.3,playing,9
88.6603,-21.6047,0,0.2711,0,255.51,playing,9
88.6774,-4.7906,0,0.2711,0,250.73,playing,9
88.6945,-4.7906,0,0.20169,0,246.27,playing,9
88.7112,19.8948,0,0.20169,0,242.12,playing,9
88.7267,19.8948,0,0.19405,0,238.51,playing,9
88.743,19.8948,0,0.19405,0,235.17,playing,9
88.7589,18.0978,0,0.19405,0,232.12,playing,9
88.775,18.0978,0,0.17329,0,229.34,playing,9
88.7909,18.0978,0,0.17329,0,226.85,playing,9
88.8067,14.473,0,0.23541,1,224.64,playing,9
88.8227,14.473,0,0.23541,0,222.72,playing,9
88.8399,14.473,0,0.23541,0,221.07,playing,9
88.8569,10.8942,0,0.23281,0,219.57,playing,9
88.873,10.8942,0,0.23281,0,218.52,playing,9
88.8887,7.5181,0,0.24027,0,217.76,playing,9
88.9053,3.1131,0,0.24027,0,217.27,playing,9
88.9224,3.1131,0,0.22487,0,217.08,playing,9
88.9394,3.1131,0,0.22487,0,217.2,playing,9
88.9565,3.1131,0,0.31593,0,217.64,playing,9
88.9732,3.1131,0,0.31593,0,218.39,playing,9
88.9887,1.4231,0,0.31593,0,219.39,playing,9
89.0048,1.4231,0,0.30553,0,220.66,playing,9
89.0208,-0.0209,0,0.30553,0,222.22,playing,9
89.0369,-1.32,0,0.27993,0,224.06,playing,9
89.053,-1.32,0,0.27993,0,226.18,playing,9
89.0696,-2.6035,0,0.27993,0,228.58,playing,9
89.0861,-2.6035,0,0.30523,0,231.45,playing,9
89.1018,-2.6035,0,0.30523,0,234.43,playing,9
89.1183,-3.9836,0,0.3201,0,237.69,playing,9
89.1352,-3.9836,0,0.3201,0,241.48,playing,9
89.1513,-3.9836,0,0.31454,0,245.32,playing,9
89.1683,-31.6922,1,0.31454,0,249.73,playing,9
89.1844,-31.6922,0,0.31454,0,243.42,playing,9
89.2005,-31.6922,0,0.26522,0,237.76,playing,9
89.2176,-25.5801,0,0.26522,0,232.38,playing,9
89.2342,-25.5801,0,0.31732,0,226.98,playing,10
89.2515,7.16,0,0.31732,0,221.9,playing,10
89.2682,7.16,0,0.28361,0,217.14,playing,10
89.2838,7.16,0,0.28361,0,212.95,playing,10
89.3001,21.9789,0,0.21759,0,209.03,playing,10
89.3158,21.9789,0,0.21759,0,205.39,playing,10
89.3316,21.9789,0,0.21759,0,202.04,playing,10
89.3482,19.5627,0,0.19927,0,198.97,playing,10
89.3644,19.5627,0,0.19927,0,196.18,playing,10
89.3811,19.5627,0,0.21999,0,193.53,playing,10
89.3974,19.5627,0,0.21999,0,191.32,playing,10
89.4136,19.5627,0,0.19922,0,189.29,playing,10
89.4304,11.6997,0,0.19922,0,187.66,playing,10
89.4471,11.6997,0,0.19922,0,186.25,playing,10
89.4643,11.6997,0,0.1686,0,185.16,playing,10
89.4815,5.3788,0,0.1686,0,184.38,playing,10
89.4986,5.3788,0,0.23969,1,183.92,playing,10
89.5146,5.3788,0,0.23969,0,183.78,playing,10
89.5312,5.3788,0,0.29727,0,183.93,playing,10
89.5478,5.3788,0,0.29727,0,184.4,playing,10
89.5639,3.0587,0,0.29727,0,185.13,playing,10
89.5798,3.0587,0,0.31067,0,186.14,playing,10
89.5964,3.0587,0,0.31067,0,187.44,playing,10
89.6136,-1.7657,0,0.3645,0,189.13,playing,10
89.6303,-1.7657,0,0.3645,0,191.14,playing,10
89.6475,-1.7657,0,0.2886,0,193.47,playing,10
89.6642,-2.6567,0,0.2886,0,196.11,playing,10
89.6798,-2.6567,0,0.2886,0,198.88,playing,10
89.696,-3.5223,0,0.31809,0,201.93,playing,10
89.7127,-3.68,0,0.31809,0,205.5,playing,10
89.7288,-3.68,0,0.30121,0,209.13,playing,10
89.7448,-3.68,0,0.30121,0,213.05,playing,10
89.7605,-3.68,0,0.30121,0,217.24,playing,10
89.7768,-3.68,0,0.2943,0,221.72,playing,10
89.7934,-29.9339,1,0.2943,0,226.48,playing,10
89.8105,-29.9339,0,0.32253,0,220.17,playing,10
89.8264,-29.9339,0,0.32253,0,214.17,playing,10
89.8432,-27.9279,0,0.30209,0,208.81,playing,10
89.8596,-27.9279,0,0.30209,0,203.44,playing,10
89.8764,-27.9279,0,0.22927,0,198.66,playing,10
89.8933,-27.9279,0,0.22927,0,193.9,playing,10
89.9095,-27.9279,0,0.22927,0,189.46,playing,10
89.9261,17.5845,0,0.18549,0,185.56,playing,10
89.9421,17.5845,0,0.18549,0,181.94,playing,10
89.9578,17.5845,0,0.19028,0,178.6,playing,10
89.9744,19.9225,0,0.19028,0,175.55,playing,10
89.991,19.9225,0,0.18769,0,172.62,playing,10
90.0072,19.9225,0,0.18769,0,170.15,playing,10
90.0227,14.1431,0,0.18769,0,167.96,playing,10
90.039,14.1431,0,0.20533,0,166.04,playing,10
90.0546,14.1431,0,0.20533,0,164.42,playing,10
90.0712,9.9584,0,0.21668,0,163.07,playing,10
90.0878,9.9584,0,0.21668,0,161.96,playing,10
90.1034,9.9584,0,0.21668,0,161.19,playing,10
90.1195,9.9584,0,0.23949,1,160.7,playing,10
90.1356,9.9584,0,0.23949,0,160.5,playing,10
90.1517,4.0327,0,0.29481,0,160.58,playing,10
90.1683,4.0327,0,0.29481,0,160.94,playing,10
90.1853,4.0327,0,0.29481,0,161.64,playing,10
90.2018,4.0327,0,0.25368,0,162.66,playing,10
90.2184,4.0327,0,0.25368,0,163.9,playing,10
90.235,4.0327,0,,0,165.53,playing,10
90.2511,-1.6753,0,,0,167.35,playing,10
90.2669,-1.6753,0,0.31211,0,169.46,playing,10
90.2831,-1.6753,0,0.31211,0,171.84,playing,10
90.2992,-1.6753,0,0.31211,0,174.51,playing,10
90.3164,-1.6753,0,0.27259,0,177.66,playing,10
90.3329,-2.6934,0,0.27259,0,181.12,playing,10
90.3486,-2.6934,0,,0,184.67,playing,10
90.3647,-2.6934,0,,0,188.5,playing,10
90.3803,-2.4455,0,,0,192.61,playing,10
90.3969,-2.4455,0,,0,197.0,playing,10
90.4125,-2.4455,0,,0,201.67,playing,10
90.4286,-2.8489,0,0.29033,0,206.62,playing,10
90.4446,-2.8489,0,0.29033,0,211.86,playing,10
90.4617,-2.6464,0,,0,217.37,playing,10
90.4778,-2.6464,0,,0,223.55,playing,10
90.4935,-2.6464,0,,0,229.65,playing,10
90.5096,-28.6461,1,,0,236.03,playing,10
90.5258,-28.6461,0,,0,230.07,playing,10
90.5423,-28.6461,0,,0,224.4,playing,10
90.5594,-25.3138,0,,0,218.68,playing,10
90.576,-25.3138,0,,0,213.29,playing,10
90.5921,-25.3138,0,,0,208.49,playing,10
90.6077,8.2979,0,,0,203.97,playing,10
90.6245,8.2979,0,,0,199.74,playing,10
90.6411,18.6303,0,,0,195.56,playing,10
90.6571,18.6303,0,,0,191.91,playing,10
90.6727,18.6303,0,,0,188.54,playing,10
90.6893,18.6303,0,0.19405,0,185.45,playing,10
90.7064,18.6303,0,0.19405,0,182.48,playing,10
90.7235,18.6303,0,,0,179.83,playing,10
90.7396,13.4993,0,,0,177.51,playing,10
90.7556,13.4993,0,0.16833,0,175.6,playing,10
90.7722,13.4993,0,0.16833,0,173.97,playing,10
90.7877,10.3544,0,0.16833,0,172.62,playing,10
90.8033,10.3544,0,,0,171.55,playing,10
90.8205,10.3544,0,,0,170.77,playing,10
90.837,4.9047,0,0.20096,0,170.25,playing,10
90.8532,4.9047,0,0.20096,0,170.05,playing,10
90.8693,2.4253,0,0.28725,1,170.13,playing,10
90.8854,2.4253,0,0.28725,0,170.53,playing,10
90.9025,2.4253,0,,0,171.19,playing,10
90.919,-1.1463,0,,0,172.21,playing,10
90.9346,-1.1463,0,,0,173.45,playing,10
90.9507,-1.1463,0,,0,174.97,playing,10
90.9667,-2.4496,0,,0,176.77,playing,10
90.9828,-2.4496,0,,0,178.86,playing,10
90.9989,-2.4496,0,,0,181.22,playing,10
91.015,-3.2002,0,,0,183.87,playing,10
91.0311,-3.2002,0,,0,186.8,playing,10
91.0472,-3.3883,0,,0,190.01,playing,10
91.0638,-3.3883,0,,0,193.74,playing,10
91.0799,-3.3883,0,,0,197.53,playing,11
91.0955,-9.6851,0,0.28674,0,201.61,playing,11
91.1127,-9.6851,0,0.28674,0,205.96,playing,11
91.1293,-9.6851,0,0.3118,0,210.91,playing,11
91.1459,-25.1725,1,0.3118,0,216.17,playing,11
91.1621,-25.1725,0,0.27732,0,210.21,playing,11
91.1781,-25.1725,0,0.27732,0,204.54,playing,11
91.1938,-17.3294,0,0.27732,0,199.14,playing,11
91.2104,-17.3294,0,0.27236,0,194.03,playing,11
91.2265,-1.0384,0,0.27236,0,188.91,playing,11
91.243,-1.0384,0,0.30221,0,184.38,playing,11
91.2586,-1.0384,0,0.30221,0,180.13,playing,11
91.2747,17.7407,0,0.30221,0,176.16,playing,11
91.2908,17.7407,0,0.20004,0,172.47,playing,11
91.3069,17.7407,0,0.20004,0,169.06,playing,11
91.323,17.7407,0,0.19125,0,165.94,playing,11
91.3391,17.7407,0,0.19125,0,163.1,playing,11
91.3547,17.7407,0,,0,160.54,playing,11
91.3709,17.7407,0,,0,158.26,playing,11
91.387,17.7407,0,,0,156.26,playing,11
91.4031,17.7407,0,,0,154.54,playing,11
91.4192,17.7407,0,,0,153.1,playing,11
91.4363,17.7407,0,,0,151.9,playing,11
91.4534,17.7407,0,,0,151.01,playing,11
91.4695,17.7407,0,,0,150.44,playing,11
91.4855,17.7407,0,,0,150.18,playing,11
91.5023,5.237,0,,0,150.21,playing,11
91.519,1.6413,0,,0,150.55,playing,11
91.535,1.6413,0,,0,151.16,playing,11
91.5506,1.6413,0,,0,152.05,playing,11
91.5673,1.6413,0,,0,153.22,playing,11
91.5842,1.6413,0,,0,154.78,playing,11
91.6013,-1.3712,0,,0,156.66,playing,11
91.6175,-1.3712,0,,0,158.85,playing,11
91.6341,-1.626,0,,0,161.2,playing,11
91.6508,-1.626,0,,0,164.01,playing,11
91.6669,-1.626,0,,0,166.94,playing,11
91.6831,-2.9083,0,,0,170.15,playing,11
91.6986,-2.9083,0,,0,173.65,playing,11
91.7147,-2.9083,0,0.29024,1,177.42,playing,11
91.7313,-7.6667,0,0.29024,0,181.48,playing,11
91.7484,-7.6667,0,0.29024,0,186.11,playing,11
91.7644,-7.6667,0,0.28583,0,191.05,playing,11
91.7804,-7.6667,0,0.28583,0,195.99,playing,11
91.7971,-7.6667,0,0.34196,0,201.2,playing,11
91.8147,-18.6388,1,0.34196,0,207.07,playing,11
91.8307,-18.6388,0,0.34196,0,200.75,playing,11
91.8468,-18.6388,0,0.27197,0,195.09,playing,11
91.8634,-18.6388,0,0.27197,0,189.72,playing,11
91.8804,-18.6388,0,0.20803,0,184.32,playing,11
91.897,-18.6388,0,0.20803,0,179.24,playing,11
91.9136,15.8567,0,0.21743,0,174.75,playing,11
91.9302,15.8567,0,0.21743,0,170.28,playing,11
91.9472,20.3155,0,0.18403,0,166.14,playing,11
91.9644,20.3155,0,0.18403,0,162.32,playing,11
91.9815,20.3155,0,0.18403,0,158.81,playing,11
91.9982,19.5272,0,0.19559,0,155.62,playing,11
92.0153,19.5272,0,0.19559,0,152.75,playing,11
92.0324,19.5272,0,0.22994,1,150.2,playing,11
92.0494,12.2444,0,0.22994,0,147.96,playing,11
92.0665,12.2444,0,0.18484,0,146.04,playing,11
92.0831,12.2444,0,0.18484,0,144.44,playing,11
92.0986,12.2444,0,0.18484,0,143.22,playing,11
92.1152,12.2444,0,0.20128,0,142.28,playing,11
92.1323,2.9903,0,0.20128,0,141.59,playing,11
92.1493,2.9903,0,0.32015,0,141.23,playing,11
92.1664,2.9903,0,0.32015,0,141.18,playing,11
92.1834,1.1771,0,0.28446,0,141.45,playing,11
92.2006,1.1771,0,0.28446,0,142.04,playing,11
92.2172,-0.2581,0,0.32294,0,142.94,playing,11
92.2338,-1.5782,0,0.32294,0,144.17,playing,11
92.2498,-1.5782,0,0.32294,0,145.6,playing,11
92.2659,-2.3171,0,0.32294,0,147.32,playing,11
92.2815,-2.3171,0,0.32294,0,149.31,playing,11
92.298,-2.3171,0,0.29211,0,151.59,playing,11
92.3146,-3.1262,0,0.29211,0,154.15,playing,11
92.3316,-3.1262,0,0.28503,0,157.19,playing,11
92.3482,-3.1262,0,0.28503,0,160.55,playing,11
92.3652,-2.9744,0,0.28503,0,164.22,playing,11
92.3818,-2.9744,0,0.29386,0,168.21,playing,11
92.3973,-2.9744,0,0.29386,0,172.25,playing,11
92.4138,-2.9744,0,,0,176.57,playing,11
92.4294,-2.9744,0,,0,181.17,playing,11
92.4454,-2.9445,0,,0,186.06,playing,11
92.4615,-2.9445,0,,0,191.22,playing,11
92.4784,-2.9445,0,,0,196.67,playing,11
92.4952,-26.3759,1,,0,202.77,playing,11
92.5117,-26.3759,0,,0,196.46,playing,11
92.5282,-26.3759,0,,0,190.8,playing,11
92.5452,-24.4497,0,,0,185.1,playing,11
92.5613,-24.4497,0,0.32204,0,179.73,playing,11
92.5775,-24.4497,0,0.32204,0,174.95,playing,11
92.5946,-24.4497,0,0.32204,0,170.45,playing,11
92.6107,-24.4497,0,0.24683,0,165.99,playing,11
92.6268,-24.4497,0,0.24683,0,162.07,playing,11
92.6434,-24.4497,0,0.24683,0,158.44,playing,11
92.6594,-24.4497,0,0.24683,0,154.89,playing,11
92.676,14.7679,0,0.21667,0,151.84,playing,11
92.6926,14.7679,0,0.21667,0,149.07,playing,11
92.7091,14.7679,0,0.21667,0,146.44,playing,11
92.7252,14.7679,0,0.2163,0,144.25,playing,11
92.7407,14.7679,0,0.2163,0,142.34,playing,11
92.7568,9.6701,0,0.19008,0,140.71,playing,11
92.773,9.6701,0,0.19008,0,139.36,playing,11
92.7891,9.6701,0,0.19008,0,138.29,playing,11
92.8046,5.1762,0,0.19799,0,137.51,playing,11
92.8217,5.1762,0,0.19799,0,137.01,playing,11
92.8382,5.1762,0,0.19234,0,136.79,playing,11
92.8552,3.523,0,0.19234,0,136.89,playing,11
92.8718,3.523,0,0.28469,1,137.31,playing,11
92.8879,3.523,0,0.28469,0,137.99,playing,11
92.9039,0.6134,0,0.32696,0,138.95,playing,11
92.9195,0.6134,0,0.32696,0,140.19,playing,11
92.9365,0.6134,0,0.32696,0,141.71,playing,12
92.9531,0.6134,0,0.31742,0,143.65,playing,12
92.9691,0.6134,0,0.31742,0,145.75,playing,12
92.9846,-1.0954,0,0.33838,0,148.13,playing,12
93.0007,-1.0954,0,0.33838,0,150.8,playing,12
93.0168,-1.0954,0,0.33838,0,153.74,playing,12
93.0333,-1.9129,0,0.32653,0,156.97,playing,12
93.0504,-1.9129,0,0.32653,0,160.72,playing,12
93.0669,-1.9129,0,0.32184,0,164.79,playing,12
93.083,-1.7359,0,0.32184,0,168.9,playing,12
93.0991,-1.7359,0,0.34177,0,173.29,playing,12
93.1152,-1.7359,0,0.34177,0,177.96,playing,12
93.1323,-1.9549,0,0.32143,0,183.24,playing,12
93.1494,-1.9549,0,0.32143,0,188.84,playing,12
93.1659,-1.7159,0,0.32143,0,194.76,playing,12
93.182,-1.7159,0,0.32029,0,200.61,playing,12
93.1986,-1.7159,0,0.32029,0,206.74,playing,12
93.2147,-1.7159,0,0.32511,0,213.58,playing,12
93.2309,-1.7159,0,0.32511,0,220.29,playing,12
93.2464,-1.7159,0,0.32511,0,227.29,playing,12
93.263,-1.3292,0,0.34357,0,234.56,playing,12
93.2786,-1.3292,0,0.34357,0,242.12,playing,12
93.2952,-1.3292,0,0.35029,0,249.96,playing,12
93.3123,-25.3942,1,0.35029,0,258.61,playing,12
93.3293,-25.3942,0,0.35029,0,252.3,playing,12
93.3459,-2.0707,0,0.35029,0,246.3,playing,12
93.3624,-2.0707,0,0.35029,0,240.94,playing,12
93.379,-2.0707,0,0.36031,0,235.57,playing,12
93.3946,13.1879,0,0.36031,0,230.79,playing,12
93.4107,13.1879,0,0.26185,0,226.29,playing,12
93.4273,13.1879,0,0.26185,0,222.07,playing,12
93.4438,15.8542,0,0.26185,0,217.91,playing,12
93.4599,15.8542,0,0.20164,0,214.28,playing,12
93.4755,14.286,0,0.20164,0,210.92,playing,12
93.4925,11.0846,0,0.21741,0,207.85,playing,12
93.5086,11.0846,0,0.21741,0,204.9,playing,12
93.5252,9.3155,0,0.21741,0,202.41,playing,12
93.5422,9.3155,0,0.20768,0,200.08,playing,12
93.5583,9.3155,0,0.20768,0,198.07,playing,12
93.5748,4.7856,0,0.24333,1,196.46,playing,12
93.5909,4.7856,0,0.24333,0,195.13,playing,12
93.607,4.7856,0,0.26853,0,194.08,playing,12
93.6231,3.0213,0,0.26853,0,193.32,playing,12
93.6391,3.0213,0,0.26853,0,192.83,playing,12
93.6547,3.0213,0,0.30634,0,192.63,playing,12
93.6707,1.664,0,0.30634,0,192.71,playing,12
93.6868,1.664,0,0.30521,0,193.07,playing,12
93.7029,-0.845,0,0.30521,0,193.71,playing,12
93.7191,-0.845,0,0.30521,0,194.63,playing,12
93.7347,-0.845,0,0.29206,0,195.84,playing,12
93.7512,-0.845,0,0.29206,0,197.32,playing,12
93.7668,-0.845,0,0.27323,0,199.09,playing,12
93.7828,-0.845,0,0.27323,0,201.14,playing,12
93.7989,-2.3421,0,0.27323,0,203.47,playing,12
93.815,-2.3421,0,0.31819,0,206.09,playing,12
93.8315,-2.3421,0,0.31819,0,208.98,playing,12
93.8481,-2.4155,0,0.32163,0,212.37,playing,12
93.8646,-2.4155,0,0.32163,0,216.08,playing,12
93.8807,-2.4155,0,0.32163,0,219.86,playing,12
93.8973,-2.4155,0,0.33944,0,223.91,playing,12
93.9139,-2.4155,0,0.33944,0,228.54,playing,12
93.9299,-2.4556,0,0.31957,0,233.18,playing,12
93.946,-2.4556,0,0.31957,0,238.1,playing,12
93.962,-2.4556,0,0.31957,0,243.3,playing,12
93.9791,-2.4556,0,0.30222,0,249.14,playing,12
93.9952,-2.4556,0,0.30222,0,254.92,playing,12
94.0117,-2.4556,0,0.31448,0,261.38,playing,12
94.0278,-2.4556,0,0.31448,0,267.74,playing,12
94.0443,-2.4556,0,0.31448,0,274.39,playing,12
94.0604,-2.4556,0,0.31448,0,281.76,playing,12
94.0769,-24.6282,1,0.28951,0,288.99,playing,12
94.0932,-24.6282,0,0.28951,0,283.03,playing,12
94.1098,-10.3993,0,0.28951,0,277.01,playing,12
94.1263,-10.3993,0,0.30121,0,271.64,playing,12
94.1429,-10.3993,0,0.30121,0,266.24,playing,12
94.1584,-10.3993,0,0.32699,0,261.44,playing,12
94.175,-10.3993,0,0.32699,0,256.93,playing,12
94.1911,-10.3993,0,0.21742,0,252.7,playing,12
94.2082,8.7678,0,0.21742,0,248.52,playing,12
94.2248,8.7678,0,0.21742,0,244.65,playing,12
94.242,8.7678,0,0.20917,0,241.3,playing,12
94.2591,21.0586,0,0.20917,0,237.88,playing,12
94.2747,21.0586,0,0.20917,0,235.13,playing,12
94.2908,19.3064,0,0.17337,0,232.65,playing,12
94.3069,19.3064,0,0.17337,0,230.46,playing,12
94.3224,19.3064,0,0.17337,0,228.55,playing,12
94.339,11.7341,0,0.17337,0,226.92,playing,12
94.3545,11.7341,0,0.18165,0,225.58,playing,12
94.3707,11.7341,0,0.18165,0,224.51,playing,12
94.3872,11.7341,0,0.18165,0,223.73,playing,12
94.4043,11.7341,0,0.18165,0,223.21,playing,12
94.4214,11.7341,0,0.26571,1,223.01,playing,12
94.4379,5.5465,0,0.26571,0,223.13,playing,12
94.4535,5.5465,0,0.26571,0,223.53,playing,12
94.47,3.0026,0,0.27998,0,224.21,playing,12
94.4866,3.0026,0,0.27998,0,225.16,playing,12
94.5026,3.0026,0,0.27998,0,226.5,playing,12
94.5192,1.1119,0,0.239,0,228.04,playing,12
94.5362,1.1119,0,0.239,0,229.99,playing,12
94.5533,1.1119,0,0.3201,0,232.26,playing,12
94.5699,-3.0629,0,0.3201,0,234.85,playing,12
94.586,-3.0629,0,0.28811,0,237.57,playing,12
94.6022,-3.0629,0,0.28811,0,240.57,playing,12
94.6182,-3.0629,0,0.28811,0,243.85,playing,12
94.6353,-3.0629,0,0.2862,0,247.66,playing,12
94.6523,-22.0045,1,0.2862,0,251.78,playing,12
94.6684,-22.0045,0,0.32214,0,245.47,playing,12
94.6854,-22.0045,0,0.32214,0,239.81,playing,12
94.7018,-17.5088,0,0.32214,0,234.11,playing,12
94.7183,-17.5088,0,0.24314,0,229.04,playing,12
94.7353,-17.5088,0,0.24314,0,223.96,playing,12
94.7524,4.6219,0,0.17958,0,219.2,playing,12
94.7691,4.6219,0,0.17958,0,214.76,playing,12
94.7853,11.2712,0,0.19175,0,210.86,playing,13
94.8026,11.2712,0,0.19175,0,207.03,playing,13
94.8192,11.2712,0,0.18038,0,203.52,playing,13
94.8363,11.2712,0,0.18038,0,200.34,playing,13
94.8529,11.2712,0,0.18038,0,197.46,playing,13
94.8695,11.2712,0,0.23239,1,195.04,playing,13
94.886,6.4018,0,0.23239,0,192.79,playing,13
94.9021,6.4018,0,0.23239,0,190.95,playing,13
94.9177,4.5128,0,0.2475,0,189.39,playing,13
94.9343,4.5128,0,0.2475,0,188.11,playing,13
94.9514,4.5128,0,0.29484,0,187.08,playing,13
94.9679,3.1107,0,0.29484,0,186.35,playing,13
94.9855,3.1107,0,0.29484,0,185.96,playing,13
95.0017,3.1107,0,0.27263,0,185.87,playing,13
95.0177,0.1695,0,0.27263,0,186.07,playing,13
95.0343,0.1695,0,0.26902,0,186.55,playing,13
95.0509,-1.2868,0,0.26902,0,187.38,playing,13
95.0669,-1.2868,0,0.32757,0,188.45,playing,13
95.0831,-1.2868,0,0.32757,0,189.79,playing,13
95.0991,-1.2868,0,0.32757,0,191.42,playing,13
95.1147,-1.2868,0,0.30225,0,193.33,playing,13
95.1313,-1.2868,0,0.30225,0,195.52,playing,13
95.1483,-2.1954,0,0.29505,0,198.17,playing,13
95.1649,-2.1954,0,0.29505,0,201.13,playing,13
95.1805,-2.1954,0,0.29564,0,204.2,playing,13
95.1975,-2.1954,0,0.29564,0,207.55,playing,13
95.2141,-2.1954,0,0.29564,0,211.43,playing,13
95.2307,-2.0387,0,0.27958,0,215.63,playing,13
95.2467,-2.0387,0,0.27958,0,219.86,playing,13
95.2628,-2.0387,0,0.32149,0,224.37,playing,13
95.2789,-3.8756,0,0.32149,0,229.17,playing,13
95.2954,-14.7873,0,0.27279,0,234.25,playing,13
95.3115,-14.7873,0,0.27279,0,239.96,playing,13
95.3276,-14.7873,0,0.27279,0,245.61,playing,13
95.3436,-14.7873,0,0.27279,0,251.55,playing,13
95.3602,-14.7873,0,0.25354,0,257.77,playing,13
95.3773,-14.4479,0,0.25354,0,264.7,playing,13
95.3938,-14.4479,0,0.25354,0,271.95,playing,13
95.4099,-14.4479,0,0.21637,0,279.05,playing,13
95.426,-7.801,0,0.21637,0,286.43,playing,13
95.442,-7.801,0,0.192,0,294.09,playing,13
95.4581,3.9119,0,0.192,0,302.04,playing,13
95.4736,3.9119,0,0.192,0,310.27,playing,13
95.4902,3.9119,0,0.18568,0,318.78,playing,13
95.5058,10.857,0,0.18568,0,327.57,playing,13
95.5219,10.857,0,0.19405,0,336.64,playing,13
95.5384,10.857,0,0.19405,0,345.99,playing,13
95.555,18.1582,0,0.19405,0,356.25,playing,13
95.5711,18.1582,0,0.19405,0,366.18,playing,13
95.5882,18.1582,0,0.20929,0,377.06,playing,13
95.6052,12.7806,0,0.20929,0,388.25,playing,13
95.6213,12.7806,0,0.16994,0,399.06,playing,13
95.6383,9.9123,0,0.16994,0,410.87,playing,13
95.6549,9.9123,0,0.18865,0,422.77,playing,13
95.6715,9.9123,0,0.18865,0,433.97,playing,13
95.6882,3.914,0,0.20604,0,445.87,playing,13
95.7052,3.914,0,0.20604,0,457.77,playing,13
95.7217,3.914,0,0.20604,0,469.67,playing,13
95.7378,1.9156,0,0.31186,1,480.87,playing,13
95.754,1.9156,0,0.31186,0,492.07,playing,13
95.7701,1.9156,0,0.2723,0,503.27,dead,13
95.7862,-0.0566,0,0.2723,0,496.0,dead,13
95.8018,-0.0566,0,0.2723,0,496.0,dead,13
95.8184,-2.3671,0,0.26194,0,496.0,dead,13
95.8355,-2.3671,0,0.26194,0,496.0,dead,13
95.8526,-2.3671,0,0.28163,0,496.0,dead,13
95.8687,-4.2024,0,0.28163,0,496.0,dead,13
95.8853,-4.2024,0,0.30696,0,496.0,dead,13
95.9015,-4.2024,0,0.30696,0,496.0,dead,13
95.9176,-7.5884,0,0.30696,0,496.0,dead,13
95.9341,-7.5884,0,0.28652,0,496.0,dead,13
95.9497,-7.5884,0,0.28652,0,496.0,dead,13
95.9658,-15.6409,0,0.28072,0,496.0,dead,13
95.9818,-15.6409,0,0.28072,0,496.0,dead,13
95.9978,-15.6409,0,0.28072,0,496.0,dead,13
96.0135,-15.6409,0,0.2751,0,496.0,dead,13
96.0301,-15.6409,0,0.2751,0,496.0,dead,13
96.0467,-15.6409,0,0.26217,0,496.0,dead,13
96.0627,-15.6409,0,0.26217,0,496.0,dead,13
96.0794,-15.6409,0,0.19444,0,496.0,dead,13
96.0955,7.5987,1,0.19444,0,496.0,dead,13
96.1116,7.5987,0,0.19444,0,285.0,playing,0
96.1292,7.5987,0,0.20128,0,278.69,playing,0
96.1462,7.6141,0,0.20128,0,272.69,playing,0
96.1623,7.6141,0,0.20955,0,267.02,playing,0
96.179,5.5748,0,0.20955,0,261.96,playing,0
96.1946,5.5748,0,0.14048,0,257.18,playing,0
96.2112,5.5748,0,0.14048,0,252.68,playing,0
96.2282,2.2654,0,0.14048,0,248.22,playing,0
96.2448,2.2654,0,0.24747,1,244.08,playing,0
96.2609,2.2654,0,0.24747,0,240.46,playing,0
96.277,1.4513,0,0.23556,0,237.12,playing,0
96.2931,1.4513,0,0.23556,0,234.07,playing,0
96.3092,1.4513,0,0.29317,0,231.3,playing,0
96.3258,0.5361,0,0.29317,0,228.67,playing,0
96.3419,0.5361,0,0.29317,0,226.48,playing,0
96.3584,0.5361,0,0.31517,0,224.56,playing,0
96.3755,0.5361,0,0.31517,0,222.85,playing,0
96.392,0.5361,0,0.29467,0,221.46,playing,0
96.4081,-1.5819,0,0.29467,0,220.43,playing,0
96.4238,-1.5819,0,0.29467,0,219.68,playing,0
96.4398,-1.5819,0,0.30776,0,219.21,playing,0
96.4554,-1.8285,0,0.30776,0,219.03,playing,0
96.4725,-1.8285,0,0.29514,0,219.12,playing,0
96.4885,-1.8285,0,0.29514,0,219.54,playing,0
96.5056,-1.2603,0,0.29514,0,220.22,playing,0
96.5232,-1.2603,0,0.26894,0,221.34,playing,0
96.5387,-0.9756,0,0.26894,0,222.61,playing,0
96.5554,-0.9756,0,0.32663,0,224.17,playing,0
96.5725,-0.9756,0,0.32663,0,226.14,playing,0
96.5887,-1.3248,0,0.32663,0,228.43,playing,0
96.6052,-1.3248,0,0.30892,0,230.87,playing,0
96.6223,-1.3248,0,0.30892,0,233.77,playing,0
96.6389,-5.9157,0,0.31258,0,237.0,playing,0
96.655,-5.9157,0,0.31258,0,240.32,playing,0
96.6712,-5.9157,0,0.29793,0,243.92,playing,0
96.6883,-5.9157,0,0.29793,0,248.06,playing,0
96.7049,-5.9157,0,0.29793,0,252.52,playing,0
96.7205,-7.9203,1,0.31218,0,256.99,playing,0
96.7371,-7.9203,0,0.31218,0,251.04,playing,0
96.7527,-7.9203,0,0.23873,0,245.36,playing,0
96.7693,7.0237,0,0.23873,0,239.96,playing,0
96.7855,7.0237,0,0.23873,0,234.55,playing,0
96.8024,7.0237,0,0.19996,0,229.73,playing,0
96.8185,7.0237,0,0.19996,0,224.94,playing,0
96.8353,7.0237,0,0.20455,0,220.7,playing,0
96.8524,11.9386,0,0.20455,0,216.52,playing,0
96.869,12.1696,0,0.21742,0,212.66,playing,0
96.8855,12.1696,0,0.21742,0,209.31,playing,0
96.9026,10.3549,0,0.21742,0,206.06,playing,0
96.9187,10.3549,0,0.1702,0,203.13,playing,0
96.935,10.3549,0,0.1702,0,200.66,playing,0
96.9508,10.3549,0,0.1702,0,198.47,playing,0
96.967,10.3549,0,0.22762,1,196.56,playing,0
96.9831,10.3549,0,0.22762,0,194.93,playing,0
96.9987,10.3549,0,0.27709,0,193.58,playing,0
97.0148,10.3549,0,0.27709,0,192.52,playing,0
97.0311,10.3549,0,0.27709,0,191.73,playing,0
97.0487,7.9496,0,0.30463,0,191.22,playing,0
97.0657,7.9496,0,0.30463,0,191.02,playing,0
97.0823,-0.3687,0,0.29827,0,191.14,playing,0
97.0994,-0.3687,0,0.29827,0,191.58,playing,0
97.116,-0.3687,0,0.29462,0,192.34,playing,0
97.1321,-1.7414,0,0.29462,0,193.33,playing,0
97.1482,-1.7414,0,0.30788,0,194.61,playing,0
97.1653,-1.7414,0,0.30788,0,196.28,playing,0
97.1823,-1.6137,0,0.30788,0,198.27,playing,0
97.1994,-1.6137,0,0.27188,0,200.58,playing,0
97.2165,-1.8971,0,0.27188,0,203.2,playing,0
97.2331,-1.8971,0,,0,206.15,playing,0
97.2507,-1.8971,0,,0,209.41,playing,0
97.2668,-1.6388,0,0.31214,0,212.99,playing,0
97.2834,-1.6388,0,0.31214,0,216.64,playing,0
97.3001,-1.6388,0,0.31214,0,220.84,playing,0
97.3166,-2.2992,0,0.32182,0,225.07,playing,0
97.3327,-2.2992,0,0.32182,0,229.89,playing,0
97.3488,-26.806,1,,0,234.7,playing,0
97.3654,-26.806,0,,0,228.74,playing,0
97.3819,-26.806,0,0.29896,0,222.73,playing,0
97.3986,-20.2944,0,0.29896,0,217.35,playing,0
97.4153,-20.2944,0,0.29896,0,211.95,playing,0
97.4324,-20.2944,0,0.24319,0,206.88,playing,0
97.4494,1.1273,0,0.24319,0,202.12,playing,0
97.4655,1.1273,0,0.17694,0,197.67,playing,0
97.4821,18.6096,0,0.17694,0,193.77,playing,0
97.4992,18.6096,0,0.20636,0,189.95,playing,0
97.5163,18.6096,0,0.20636,0,186.44,playing,0
97.5329,18.6096,0,0.20636,0,183.25,playing,0
97.5489,18.6096,0,0.2149,0,180.53,playing,0
97.5646,18.6096,0,0.2149,0,178.09,playing,0
97.5806,10.2017,0,0.20916,0,175.94,playing,0
97.5967,10.2017,0,0.20916,0,174.06,playing,0
97.6149,10.2017,0,0.20916,0,172.47,playing,0
97.6305,10.2017,0,0.20031,0,171.03,playing,0
97.6471,10.2017,0,0.20031,0,170.04,playing,0
97.6627,4.0373,0,0.23165,1,169.32,playing,0
97.6793,1.9637,0,0.23165,0,168.89,playing,0
97.6964,1.9637,0,,0,168.75,playing,0
97.7131,0.8649,0,,0,168.93,playing,0
97.7292,0.8649,0,,0,169.38,playing,0
97.7463,0.8649,0,,0,170.17,playing,0
97.7632,-0.4763,0,,0,171.28,playing,0
97.7805,-0.4763,0,,0,172.71,playing,0
97.7971,-1.4968,0,0.31682,0,174.46,playing,0
97.8132,-1.4968,0,0.31682,0,176.39,playing,0
97.8301,-1.4968,0,0.31682,0,178.75,playing,0
97.8476,-2.1838,0,0.31674,0,181.43,playing,0
97.8638,-2.1838,0,0.31674,0,184.43,playing,0
97.8799,-2.1838,0,,0,187.54,playing,0
97.8956,-6.358,0,,0,190.93,playing,0
97.9123,-6.358,0,,0,194.59,playing,0
97.9292,-6.358,0,,0,198.81,playing,0
97.9452,-22.4157,1,,0,203.06,playing,0
97.9626,-22.4157,0,,0,196.75,playing,0
97.9789,-27.6809,0,0.32944,0,190.75,playing,0
97.995,-27.6809,0,0.32944,0,185.39,playing,0
98.0116,-27.6809,0,0.1544,0,180.32,playing,0
98.0281,-22.9635,0,0.1544,0,175.24,playing,0
98.0441,-22.9635,0,0.1544,0,170.74,playing,0
98.0603,-22.9635,0,0.20364,0,166.52,playing,0
98.0769,-12.2856,0,0.20364,0,162.36,playing,0
98.0935,-12.2856,0,0.20364,0,158.73,playing,0
98.1101,-12.2856,0,0.15958,0,155.18,playing,0
98.1257,21.5087,0,0.15958,0,152.13,playing,0
98.1424,21.5087,0,0.15958,0,149.36,playing,0
98.159,18.455,0,0.19101,0,146.73,playing,0
98.1747,18.455,0,0.19101,0,144.54,playing,0
98.1914,18.455,0,0.19101,0,142.62,playing,0
98.2074,14.7182,0,0.1819,0,140.91,playing,0
98.224,14.7182,0,0.1819,0,139.58,playing,0
98.2396,14.7182,0,0.20049,0,138.54,playing,0
98.2563,7.4738,0,0.20049,0,137.77,playing,0
98.2729,7.4738,0,0.20049,0,137.27,playing,0
98.2894,7.4738,0,0.20049,0,137.09,playing,0
98.307,4.3618,0,0.20049,0,137.21,playing,0
98.3246,4.3618,0,0.22417,1,137.69,playing,0
98.3412,0.8127,0,0.22417,0,138.47,playing,0
98.3583,0.8127,0,0.28703,0,139.56,playing,0
98.3754,0.8127,0,0.28703,0,140.97,playing,0
98.392,-0.5634,0,0.27679,0,142.7,playing,0
98.4075,-0.5634,0,0.27679,0,144.61,playing,0
98.4237,-0.5634,0,0.29467,0,146.8,playing,0
98.4397,-0.5634,0,0.29467,0,149.27,playing,0
98.4558,-0.5634,0,0.29467,0,152.02,playing,0
98.4723,-2.8221,0,0.31976,0,155.06,playing,0
98.4894,-2.8221,0,0.31976,0,158.6,playing,0
98.5055,-2.8221,0,0.30609,0,162.46,playing,0
98.5221,-4.1936,0,0.30609,0,166.38,playing,0
98.5376,-4.1936,0,0.31957,0,170.58,playing,0
98.5538,-4.1936,0,0.31957,0,175.05,playing,1
98.5704,-3.5506,0,0.31957,0,179.81,playing,1
98.587,-3.5506,0,0.31957,0,185.19,playing,1
98.6031,-3.5506,0,0.31957,0,190.53,playing,1
98.6192,-3.0704,0,0.31994,0,196.15,playing,1
98.6363,-3.0704,0,0.31994,0,202.44,playing,1
98.6529,-3.0704,0,0.31448,0,209.05,playing,1
98.6685,-3.0704,0,0.31448,0,215.56,playing,1
98.685,-3.0704,0,0.31448,0,222.34,playing,1
98.7006,-28.8695,1,0.32696,0,229.41,playing,1
98.7166,-28.8695,0,0.32696,0,223.45,playing,1
98.7332,-28.8695,0,0.32696,0,217.77,playing,1
98.7502,-21.1092,0,0.24281,0,212.06,playing,1
98.7668,-21.1092,0,0.24281,0,206.66,playing,1
98.7833,-21.1092,0,0.19371,0,201.86,playing,1
98.8004,7.4989,0,0.19371,0,197.09,playing,1
98.8172,7.4989,0,0.22768,1,192.62,playing,1
98.8333,19.281,0,0.22768,0,188.48,playing,1
98.8499,19.281,0,0.22768,0,184.86,playing,1
98.866,19.281,0,0.22768,0,181.53,playing,1
98.8831,20.9049,0,0.22277,0,178.3,playing,1
98.8993,20.9049,0,0.22277,0,175.55,playing,1
98.9159,20.9049,0,0.21105,0,172.94,playing,1
98.9324,15.084,0,0.21105,0,170.76,playing,1
98.9491,15.084,0,0.21447,0,168.77,playing,1
98.9646,15.084,0,0.21447,0,167.18,playing,1
98.9807,11.4034,0,0.21447,0,165.86,playing,1
98.9973,11.4034,0,0.21447,0,164.83,playing,1
99.0143,11.4034,0,0.21447,0,164.06,playing,1
99.0314,11.4034,0,0.26902,0,163.6,playing,1
99.048,11.4034,0,0.26902,0,163.46,playing,1
99.0641,3.3214,0,0.26902,0,163.61,playing,1
99.0813,3.3214,0,0.26902,0,164.08,playing,1
99.0978,3.3214,0,0.28709,0,164.88,playing,1
99.1144,1.1412,0,0.28709,0,165.9,playing,1
99.1304,1.1412,0,0.28709,0,167.32,playing,1
99.147,-0.3314,0,0.33647,0,168.93,playing,1
99.1636,-1.4377,0,0.33647,0,170.82,playing,1
99.1799,-1.4377,0,0.33647,0,173.14,playing,1
99.1957,-1.9109,0,0.32209,0,175.62,playing,1
99.2126,-1.9109,0,0.32209,0,178.37,playing,1
99.2288,-1.9109,0,0.32638,0,181.61,playing,1
99.2449,-1.9109,0,0.32638,0,184.95,playing,1
99.2604,-1.9109,0,0.32638,0,188.56,playing,1
99.2771,-1.9109,0,0.29867,0,192.46,playing,1
99.2937,-3.4947,0,0.29867,0,196.92,playing,1
99.3103,-3.4947,0,0.28608,0,201.4,playing,1
99.3273,-27.0967,1,0.28608,0,206.47,playing,1
99.3434,-27.0967,0,0.28608,0,200.16,playing,1
99.3601,-27.0967,0,0.28608,0,194.5,playing,1
99.3762,-22.4456,0,0.28608,0,189.13,playing,1
99.3928,-22.4456,0,0.22028,0,183.73,playing,1
99.4089,-22.4456,0,0.22028,0,178.93,playing,1
99.4249,-16.3656,0,0.21283,0,174.42,playing,1
99.4405,-16.3656,0,0.21283,0,170.18,playing,1
99.4571,-16.3656,0,0.21283,0,166.23,playing,1
99.4732,14.9019,0,0.21283,0,162.56,playing,1
99.4903,14.9019,0,0.21613,0,158.98,playing,1
99.5073,18.9722,0,0.21613,0,155.72,playing,1
99.5245,18.9722,0,0.21791,0,152.77,playing,1
99.541,18.9722,0,0.21791,0,150.14,playing,1
99.5581,17.5563,0,0.21791,0,147.95,playing,1
99.5736,17.5563,0,0.21612,0,145.94,playing,1
99.5897,17.5563,0,0.21612,0,144.33,playing,1
99.6058,11.0644,0,0.21534,0,143.0,playing,1
99.6218,11.0644,0,0.21534,0,141.95,playing,1
99.6379,11.0644,0,0.21534,0,141.18,playing,1
99.6539,7.8862,0,0.21534,0,140.7,playing,1
99.671,7.8862,0,0.21534,1,140.5,playing,1
99.6885,7.8862,0,0.25691,0,140.62,playing,1
99.7056,7.8862,0,0.25691,0,141.06,playing,1
99.7222,7.8862,0,,0,141.82,playing,1
99.7388,0.9093,0,,0,142.89,playing,1
99.7548,0.9093,0,0.34697,0,144.19,playing,1
99.7709,0.9093,0,0.34697,0,145.76,playing,1
99.7875,-1.8563,0,0.33049,0,147.62,playing,1
99.8036,-1.8563,0,0.33049,0,149.91,playing,1
99.8196,-1.8563,0,0.33049,0,152.34,playing,1
99.8362,-1.84,0,0.31921,0,155.06,playing,1
99.8527,-1.84,0,0.31921,0,158.27,playing,1
99.8688,-2.7399,0,,0,161.57,playing,1
99.8853,-2.7399,0,,0,165.15,playing,1
99.902,-2.7399,0,,0,169.27,playing,1
99.9186,-3.736,0,,0,173.43,playing,1
99.9352,-3.736,0,,0,178.17,playing,1
99.9508,-3.736,0,,0,182.91,playing,1
99.9674,-3.736,0,,0,187.94,playing,1
99.9835,-3.736,0,,0,193.59,playing,1
100.0002,-3.736,0,,0,199.2,playing,1
100.0172,-20.4695,1,,0,205.47,playing,1
100.0338,-20.4695,0,,0,199.16,playing,1
100.0499,-14.7826,0,,0,193.5,playing,1
100.0659,-14.7826,0,,0,188.12,playing,1
100.0815,-14.7826,0,,0,183.03,playing,1
100.0986,1.5045,0,,0,178.21,playing,1
100.1151,1.5045,0,,0,173.41,playing,1
100.1317,1.5045,0,,0,168.93,playing,1
100.1477,12.7003,0,,0,165.0,playing,1
100.1644,12.7003,0,,0,161.35,playing,1
100.1814,15.4451,0,0.19919,0,157.78,playing,1
100.198,14.8097,0,0.19919,0,154.54,playing,1
100.2143,14.8097,0,,0,151.77,playing,1
100.2314,9.4618,0,,0,149.14,playing,1
100.2485,9.4618,0,0.26111,1,146.83,playing,1
100.2646,9.4618,0,0.26111,0,144.84,playing,1
100.2812,6.9519,0,,0,143.24,playing,1
100.2983,6.9519,0,,0,141.87,playing,1
100.3148,6.9519,0,,0,140.81,playing,1
100.3309,4.9344,0,,0,140.1,playing,1
100.3469,4.9344,0,,0,139.66,playing,1
100.3626,0.0795,0,,0,139.51,playing,1
100.3787,0.0795,0,,0,139.64,playing,1
100.3953,0.0795,0,,0,140.06,playing,1
100.4118,-1.2163,0,,0,140.81,playing,2
100.4274,-1.2163,0,,0,141.81,playing,2
100.4435,-1.2163,0,,0,143.08,playing,2
100.4602,-1.9771,0,,0,144.64,playing,2
100.4773,-1.9771,0,,0,146.61,playing,2
100.4943,-1.9771,0,,0,148.9,playing,2
100.511,-2.6025,0,,0,151.51,playing,2
100.527,-2.6025,0,,0,154.25,playing,2
100.5426,-2.6446,0,,0,157.26,playing,2
100.5587,-2.6446,0,,0,160.56,playing,2
100.5753,-2.6446,0,,0,164.14,playing,2
100.5919,-2.5288,0,,0,168.27,playing,2
100.6075,-2.5288,0,,0,172.43,playing,2
100.6246,-2.5288,0,0.33118,0,176.87,playing,2
100.6407,-9.4876,0,0.33118,0,181.91,playing,2
100.6573,-9.4876,0,0.3004,0,186.93,playing,2
100.6744,-9.4876,0,0.3004,0,192.59,playing,2
100.6909,-22.7818,1,0.29853,0,198.56,playing,2
100.707,-22.7818,0,0.29853,0,192.6,playing,2
100.7225,-15.5136,0,0.29853,0,186.93,playing,2
100.7396,-15.5136,0,0.29853,0,181.53,playing,2
100.7558,-15.5136,0,0.3009,0,176.12,playing,2
100.7723,-1.7013,0,0.3009,0,171.3,playing,2
100.7889,-1.7013,0,0.27272,0,166.51,playing,2
100.8049,-1.7013,0,0.27272,0,162.27,playing,2
100.821,10.0947,0,0.20917,0,158.32,playing,2
100.8376,10.0947,0,0.20917,0,154.65,playing,2
100.8552,10.0947,0,0.20917,0,151.07,playing,2
100.8707,17.3146,0,0.19164,0,147.8,playing,2
100.8863,17.3146,0,0.19164,0,145.01,playing,2
100.9029,14.8149,0,0.20171,0,142.5,playing,2
100.919,14.8149,0,0.20171,0,140.28,playing,2
100.935,14.8149,0,0.24341,1,138.33,playing,2
100.9511,8.452,0,0.24341,0,136.67,playing,2
100.9677,8.452,0,0.24341,0,135.22,playing,2
100.9837,8.452,0,,0,134.13,playing,2
100.9998,3.9717,0,,0,133.33,playing,2
101.0159,3.9717,0,0.30167,0,132.81,playing,2
101.0324,3.9717,0,0.30167,0,132.57,playing,2
101.049,2.2225,0,0.30167,0,132.64,playing,2
101.066,2.2225,0,0.29099,0,133.02,playing,2
101.0822,0.8324,0,0.29099,0,133.66,playing,2
101.0982,0.8324,0,,0,134.59,playing,2
101.1149,0.8324,0,,0,135.89,playing,2
101.1304,-1.5487,0,,0,137.39,playing,2
101.1474,-1.5487,0,,0,139.17,playing,2
101.1635,-1.5487,0,0.30306,0,141.39,playing,2
101.1796,-2.2282,0,0.30306,0,143.76,playing,2
101.1956,-2.2282,0,0.30306,0,146.4,playing,2
101.2117,-2.2282,0,,0,149.33,playing,2
101.2282,-3.5507,0,,0,152.55,playing,2
101.2447,-3.5507,0,,0,156.27,playing,2
101.2608,-3.5998,0,,0,160.07,playing,2
101.2763,-3.5998,0,,0,164.14,playing,2
101.2935,-3.5998,0,,0,168.5,playing,2
101.3102,-3.525,0,,0,173.44,playing,2
101.3272,-3.525,0,,0,178.7,playing,2
101.3443,-3.525,0,,0,184.29,playing,2
101.3608,-20.1898,1,,0,190.18,playing,2
101.3769,-20.1898,0,,0,184.23,playing,2
101.3929,-20.1898,0,,0,178.55,playing,2
101.4093,-27.9449,0,,0,173.15,playing,2
101.4259,-27.9449,0,,0,167.74,playing,2
101.4418,-11.9836,0,,0,162.93,playing,2
101.4594,-11.9836,0,,0,158.13,playing,2
101.476,-11.9836,0,,0,153.65,playing,2
101.4918,-11.9836,0,0.24269,0,149.71,playing,2
101.5078,-11.9836,0,0.24269,0,146.06,playing,2
101.5244,-11.9836,0,,0,142.69,playing,2
101.5415,17.651,0,,0,139.43,playing,2
101.558,17.651,0,,0,136.48,playing,2
101.574,17.651,0,,0,133.99,playing,2
101.5906,18.3606,0,,0,131.66,playing,2
101.6067,18.3606,0,,0,129.75,playing,2
101.6223,15.3046,0,,0,128.12,playing,2
101.6389,15.3046,0,,0,126.77,playing,2
101.655,15.3046,0,,0,125.71,playing,2
101.6707,8.5721,0,0.20185,0,124.92,playing,2
101.6873,8.5721,0,0.20185,0,124.42,playing,2
101.7035,8.5721,0,0.22782,1,124.21,playing,2
101.7196,5.7082,0,0.22782,0,124.28,playing,2
101.7362,5.7082,0,0.22782,0,124.64,playing,2
101.7517,5.7082,0,0.25804,0,125.29,playing,2
101.7678,3.1344,0,0.25804,0,126.21,playing,2
101.7838,3.1344,0,0.25716,0,127.41,playing,2
101.8001,3.1344,0,0.25716,0,128.9,playing,2
101.8156,1.3766,0,0.25716,0,130.67,playing,2
101.8317,1.3766,0,0.24599,0,132.72,playing,2
101.8483,-0.9163,0,0.24599,0,135.05,dead,2
101.8648,-0.9163,0,0.25786,0,137.84,dead,2
101.8809,-0.9163,0,0.25786,0,140.76,dead,2
101.897,-1.4322,0,0.25786,0,143.95,dead,2
101.9131,-1.4322,0,0.2718,0,147.42,dead,2
101.9301,-1.4322,0,0.2718,0,151.43,dead,2
101.9457,-2.4234,0,0.2718,0,155.49,dead,2
101.9617,-2.4234,0,0.28494,0,159.83,dead,2
101.9778,-2.4234,0,0.28494,0,164.45,dead,2
101.9943,-2.4234,0,0.25801,0,169.35,dead,2
102.0109,-2.4234,0,0.25801,0,174.87,dead,2
102.0266,-3.0295,0,0.25801,0,180.35,dead,2
102.0432,-3.0295,0,0.33247,0,186.12,dead,2
102.0603,-3.0295,0,0.33247,0,192.56,dead,2
102.0769,-6.5395,0,0.33247,0,199.32,dead,2
102.093,-6.5395,0,0.28589,0,205.96,dead,2
102.1091,-6.5395,0,0.28589,0,212.89,dead,2
102.1246,-20.5366,1,0.28589,0,220.09,dead,2
102.1413,-20.5366,0,0.34526,0,285.0,playing,0
102.1574,-20.5366,0,0.34526,0,278.69,playing,0
102.1745,-7.6658,0,0.34526,0,273.03,playing,0
102.1906,-7.6658,0,,0,267.33,playing,0
102.2063,7.5383,0,,0,262.26,playing,0
102.2229,7.5383,0,0.28256,0,257.46,playing,0
102.239,7.5383,0,0.28256,0,252.94,playing,0
102.2545,11.7181,0,0.21475,0,248.71,playing,0
102.2711,11.7181,0,0.21475,0,244.76,playing,0
102.2882,11.7181,0,0.21475,0,240.88,playing,0
102.3043,9.5508,0,0.22439,1,237.51,playing,0
102.3214,9.5508,0,0.22439,0,234.24,playing,0
102.3385,9.5508,0,,0,231.3,playing,0
102.3551,5.6496,0,,0,228.67,playing,0
102.3707,5.6496,0,0.25404,0,226.48,playing,0
102.3868,4.1999,0,0.25404,0,224.56,playing,0
102.4034,4.1999,0,0.25404,0,222.94,playing,0
102.4205,4.1999,0,,0,221.52,playing,0
102.4371,2.6371,0,,0,220.43,playing,0
102.4528,2.6371,0,,0,219.68,playing,0
102.4683,2.6371,0,,0,219.21,playing,0
102.4854,0.2589,0,,0,219.03,playing,0
102.5021,0.2589,0,,0,219.15,playing,0
102.5177,0.2589,0,,0,219.54,playing,0
102.5334,0.2589,0,,0,220.22,playing,0
102.5505,0.2589,0,,0,221.18,playing,0
102.5671,-1.4343,0,,0,222.51,playing,0
102.5826,-1.9111,0,,0,224.05,playing,0
102.5993,-1.9111,0,,0,225.87,playing,0
102.6164,-1.3932,0,,0,228.13,playing,0
102.6329,-1.3932,0,,0,230.7,playing,0
102.649,-1.3932,0,,0,233.4,playing,0
102.6651,-1.4638,0,,0,236.38,playing,0
102.6806,-1.4638,0,,0,239.64,playing,0
102.6972,-1.4638,0,,0,243.19,playing,0
102.7129,-1.0731,0,,0,247.02,playing,0
102.7294,-1.0731,0,,0,251.13,playing,0
102.746,-1.0731,0,,0,255.81,playing,0
102.7621,-1.0153,0,0.29394,0,260.5,playing,0
102.7776,-1.0153,0,0.29394,0,265.47,playing,0
102.7937,-15.5935,0,0.29394,0,270.72,playing,0
102.8107,-15.5935,0,0.33073,0,276.62,playing,0
102.8268,-15.5935,0,0.33073,0,282.46,playing,0
102.8434,-20.5524,1,,0,288.57,playing,0
102.8595,-20.5524,0,,0,282.26,playing,0
102.8761,-20.5524,0,0.30713,0,276.6,playing,0
102.8933,-18.1312,0,0.30713,0,270.9,playing,0
102.9105,-18.1312,0,,0,265.53,playing,0
102.9271,12.4102,0,,0,260.47,playing,0
102.9426,12.4102,0,,0,255.99,playing,0
102.9588,12.4102,0,,0,251.79,playing,0
102.9748,13.4154,0,,0,247.87,playing,0
102.9904,13.4154,0,,0,244.24,playing,0
103.0065,13.4154,0,,0,240.88,playing,0
103.023,10.1632,0,0.22413,0,237.81,playing,0
103.0391,10.1632,0,0.22413,0,235.02,playing,0
103.0557,10.1632,0,0.19213,0,232.37,playing,0
103.0718,8.1116,0,0.19213,0,230.17,playing,0
103.0884,8.1116,0,0.19213,0,228.24,playing,0
103.1045,8.1116,0,0.25753,1,226.51,playing,0
103.1216,6.2895,0,0.25753,0,225.16,playing,0
103.1381,6.2895,0,,0,224.05,playing,0
103.1552,1.6239,0,,0,223.25,playing,0
103.1723,1.6239,0,,0,222.77,playing,0
103.1884,1.6239,0,0.28018,0,222.61,playing,0
103.2045,0.1305,0,0.28018,0,222.74,playing,0
103.221,0.1305,0,0.28018,0,223.16,playing,0
103.2371,0.1305,0,,0,223.85,playing,0
103.2538,-0.8261,0,,0,224.91,playing,0
103.2698,-0.8261,0,,0,226.18,playing,0
103.2859,-1.1548,0,,0,227.74,playing,0
103.302,-1.1548,0,,0,229.58,playing,0
103.3181,-1.1548,0,0.31405,0,231.7,playing,0
103.3341,-2.6342,0,0.31405,0,234.1,playing,0
103.3502,-2.6342,0,0.31405,0,236.78,playing,0
103.3668,-2.6342,0,0.3148,0,239.95,playing,0
103.3829,-2.5153,0,0.3148,0,243.21,playing,0
103.3985,-2.5153,0,,0,246.76,playing,0
103.4151,-2.5153,0,,0,250.59,playing,0
103.4317,-2.2192,0,,0,254.7,playing,0
103.4478,-2.2192,0,0.33223,0,259.38,playing,0
103.4635,-2.2192,0,0.33223,0,264.07,playing,0
103.4797,-2.3032,0,,0,269.04,playing,0
103.4964,-2.3032,0,,0,274.29,playing,0
103.513,-18.3071,0,0.34445,0,280.19,playing,0
103.5286,-18.3071,0,0.34445,0,286.03,playing,0
103.5452,-18.3071,0,0.37619,0,292.14,playing,0
103.5622,-21.1228,1,0.37619,0,298.96,playing,0
103.5788,-21.1228,0,0.37619,0,292.64,playing,0
103.5954,-21.1228,0,,0,286.99,playing,0
103.6118,-5.3914,0,,0,281.29,playing,0
103.6277,-5.3914,0,,0,276.21,playing,0
103.6441,-5.3914,0,,0,271.42,playing,0
103.6598,0.3834,0,,0,266.9,playing,0
103.6764,0.3834,0,0.20958,0,262.67,playing,0
103.693,15.5008,0,0.20958,0,258.49,playing,0
103.7086,15.5008,0,0.20958,0,254.83,playing,0
103.7253,15.5008,0,0.2057,0,251.46,playing,0
103.7414,18.1931,0,0.2057,0,248.2,playing,0
103.7581,18.1931,0,,0,245.41,playing,0
103.7736,18.1931,0,,0,242.9,playing,0
103.7902,10.1122,0,,0,240.67,playing,0
103.8057,10.1122,0,0.21174,0,238.73,playing,0
103.8218,10.1122,0,0.21174,0,237.06,playing,0
103.8383,7.9809,0,0.27653,1,235.68,playing,0
103.8549,7.9809,0,0.27653,0,234.53,playing,0
103.8705,5.4175,0,0.27653,0,233.73,playing,0
103.8866,5.4175,0,0.33673,0,233.21,playing,0
103.9033,5.4175,0,0.33673,0,232.97,playing,0
103.92,3.7134,0,0.31057,0,233.03,playing,0
103.9356,3.7134,0,0.31057,0,233.38,playing,0
103.9522,3.7134,0,0.31028,0,234.0,playing,0
103.9683,1.4514,0,0.31028,0,234.98,playing,0
103.9849,1.4514,0,0.31028,0,236.19,playing,0
104.0011,1.4514,0,0.27156,0,237.67,playing,0
104.0182,-2.1227,0,0.27156,0,239.57,playing,0
104.0353,-2.1227,0,0.30599,0,241.78,playing,0
104.0518,-3.1541,0,0.30599,0,244.32,playing,0
104.0684,-3.1541,0,0.30599,0,246.98,playing,0
104.0854,-3.1541,0,0.32406,0,250.13,playing,0
104.1025,-4.3615,0,0.32406,0,253.6,playing,0
104.1191,-4.3615,0,0.31803,0,257.39,playing,0
104.1347,-4.3615,0,0.31803,0,261.23,playing,0
104.1514,-3.984,0,0.34766,0,265.36,playing,0
104.1679,-3.984,0,0.34766,0,270.06,playing,0
104.184,-3.984,0,0.3307,0,274.77,playing,0
104.2006,-3.7509,0,0.3307,0,279.76,playing,0
104.2172,-3.7509,0,0.3307,0,285.37,playing,0
104.2338,-3.7509,0,0.31806,0,291.31,playing,0
104.2494,-3.7509,0,0.31806,0,297.18,playing,0
104.2665,-3.7509,0,0.31806,0,303.33,playing,0
104.2831,-25.2091,1,0.31806,0,310.18,playing,0
104.2992,-25.2091,0,0.3144,0,304.22,playing,0
104.3158,-25.2091,0,0.3144,0,298.21,playing,0
104.3318,-19.1271,0,0.3144,0,292.83,playing,0
104.3484,-19.1271,0,0.32213,0,287.74,playing,0
104.365,-19.1271,0,0.32213,0,282.64,playing,0
104.3811,-10.3984,0,,0,278.13,playing,0
104.3973,-10.3984,0,,0,273.89,playing,0
104.4144,17.8658,0,,0,269.71,playing,0
104.431,17.8658,0,,0,265.85,playing,0
104.4466,17.8658,0,,0,262.5,playing,0
104.4632,13.8928,0,0.25081,0,259.42,playing,0
104.4803,13.8928,0,0.25081,0,256.48,playing,0
104.497,13.8928,0,0.23223,0,253.85,playing,0
104.5126,13.8928,0,0.23223,0,251.66,playing,0
104.5288,13.8928,0,0.30291,0,249.75,playing,0
104.5448,13.8928,0,0.30291,0,248.12,playing,0
104.561,8.3118,0,0.30626,0,246.77,playing,0
104.577,8.3118,0,0.30626,0,245.71,playing,0
104.593,5.5326,0,0.30626,0,244.92,playing,1
104.6091,5.5326,0,,0,244.42,playing,1
104.6246,5.5326,0,,0,244.2,playing,1
104.6417,1.2943,0,,0,244.26,playing,1
104.6578,1.2943,0,,0,244.64,playing,1
104.6734,1.2943,0,,0,245.28,playing,1
104.69,-0.888,0,0.27622,0,246.21,playing,1
104.7061,-0.888,0,0.27622,0,247.41,playing,1
104.7233,-0.888,0,0.3126,0,249.01,playing,1
104.7403,-0.888,0,0.3126,0,250.93,playing,1
104.7572,-0.888,0,0.3126,0,253.16,playing,1
104.7727,-2.6259,0,0.30354,0,255.54,playing,1
104.7894,-2.6259,0,0.30354,0,258.21,playing,1
104.8063,-2.6259,0,0.32424,0,261.36,playing,1
104.8233,-2.8251,0,0.32424,0,264.83,playing,1
104.8399,-2.8251,0,0.34778,0,268.61,playing,1
104.8557,-2.8251,0,0.34778,0,272.46,playing,1
104.8723,-2.8251,0,0.34778,0,276.58,playing,1
104.8889,-2.8251,0,0.32667,0,281.29,playing,1
104.9049,-2.8251,0,0.32667,0,285.99,playing,1
104.9211,-6.5357,0,0.35296,0,290.98,playing,1
104.9382,-6.5357,0,0.35296,0,296.6,playing,1
104.9553,-6.5357,0,0.35296,0,302.54,playing,1
104.9719,-6.5357,0,0.35296,0,308.79,playing,1
104.988,-6.5357,0,0.35296,0,314.96,playing,1
105.0036,-20.1422,1,0.31887,0,321.41,playing,1
105.0202,-20.1422,0,0.31887,0,315.45,playing,1
105.0362,-20.1422,0,0.32967,0,309.77,playing,1
105.0529,-15.075,0,0.32967,0,304.06,playing,1
105.069,-15.075,0,0.29795,0,298.96,playing,1
105.0855,-15.075,0,0.29795,0,294.15,playing,1
105.102,2.4371,0,0.29795,0,289.35,playing,1
105.1181,2.4371,0,0.28789,0,285.12,playing,1
105.1347,18.4673,0,0.28789,0,280.94,playing,1
105.1509,18.4673,0,0.29866,0,277.29,playing,1
105.1665,18.4673,0,0.29866,0,273.91,playing,1
105.183,16.8567,0,0.29866,0,270.83,playing,1
105.1987,16.8567,0,0.24343,0,268.02,playing,1
105.2148,16.8567,0,0.24343,0,265.49,playing,1
105.2308,10.8095,0,0.32097,0,263.25,playing,1
105.2474,10.8095,0,0.32097,0,261.28,playing,1
105.265,10.8095,0,0.32097,0,259.51,playing,1
105.2812,7.9679,0,0.31098,0,258.06,playing,1
105.2973,7.9679,0,0.31098,0,256.93,playing,1
105.3144,5.6545,0,0.30593,0,256.15,playing,1
105.331,5.6545,0,0.30593,0,255.63,playing,1
105.347,5.6545,0,0.30593,0,255.43,playing,1
105.3632,5.6545,0,0.3503,0,255.51,playing,1
105.3798,5.6545,0,0.3503,0,255.91,playing,1
105.3964,5.6545,0,0.3503,0,256.57,playing,1
105.4135,-0.0168,0,0.3503,0,257.59,playing,1
105.4306,-0.0168,0,0.32521,0,258.92,playing,1
105.4472,-1.3006,0,0.32521,0,260.58,playing,1
105.4639,-1.3006,0,0.32521,0,262.55,playing,1
105.4806,-1.3006,0,0.34263,0,264.69,playing,1
105.4966,-1.8247,0,0.34263,0,267.28,playing,1
105.5128,-1.8247,0,0.31604,0,269.99,playing,1
105.5293,-1.8247,0,0.31604,0,272.99,playing,1
105.5459,-1.8247,0,0.31604,0,276.5,playing,1
105.5615,-1.8247,0,0.31913,0,280.08,playing,1
105.5781,-1.8247,0,0.31913,0,283.94,playing,1
105.5941,-2.0426,0,0.33349,0,288.09,playing,1
105.6112,-2.0426,0,0.33349,0,292.81,playing,1
105.6278,-1.8031,0,0.35978,0,297.85,playing,1
105.6433,-1.8031,0,0.35978,0,302.87,playing,1
105.6603,-1.8031,0,0.35978,0,308.18,playing,1
105.6774,-1.6037,0,0.35978,0,314.13,playing,1
105.6945,-1.6037,0,0.35978,0,320.4,playing,1
105.7111,-1.6037,0,0.32989,0,327.0,playing,1
105.7271,-1.6037,0,0.32989,0,333.48,playing,1
105.7427,-1.6037,0,0.31371,0,340.25,playing,1
105.7593,-1.6037,0,0.31371,0,347.29,playing,1
105.7758,-2.472,0,0.31371,0,355.1,playing,1
105.7918,-2.472,0,0.33453,0,362.73,playing,1
105.8079,-19.5853,0,0.33453,0,370.64,playing,1
105.8245,-19.5853,0,0.32902,0,378.83,playing,1
105.8411,-19.5853,0,0.32902,0,387.85,playing,1
105.8576,-19.5853,0,0.32902,0,396.63,playing,1
105.874,-19.5853,0,0.32902,0,406.27,playing,1
105.8899,-19.5853,0,0.21892,0,415.62,playing,1
105.9062,-19.5853,0,0.21892,0,425.25,playing,1
105.9217,-19.5853,0,0.21892,1,435.17,playing,1
105.9383,-19.5853,0,0.25197,0,445.37,playing,1
105.955,17.5529,1,0.25197,0,456.52,playing,1
105.9706,17.5529,0,0.25197,0,450.57,playing,1
105.9872,15.7717,0,0.25197,0,444.89,playing,1
106.0038,15.7717,0,0.22788,0,439.17,playing,1
106.0199,15.7717,0,0.22788,0,434.08,playing,1
106.0364,9.4631,0,0.28443,0,429.26,dead,1
106.053,9.4631,0,0.28443,0,424.47,dead,1
106.0691,9.4631,0,0.28443,0,420.23,dead,1
106.0847,6.8259,0,0.27094,0,416.28,dead,1
106.1008,6.8259,0,0.27094,0,412.61,dead,1
106.1168,6.8259,0,0.28312,0,409.22,dead,1
106.1329,2.9356,0,0.28312,0,406.12,dead,1
106.149,2.9356,0,0.28312,0,403.29,dead,1
106.1651,2.9356,0,0.29779,0,400.75,dead,1
106.1813,1.3408,0,0.29779,0,398.48,dead,1
106.1978,1.3408,0,0.30223,0,396.4,dead,1
106.2139,-1.1626,0,0.30223,0,394.72,dead,1
106.2295,-1.1626,0,0.34471,0,393.32,dead,1
106.2465,-1.1626,0,0.34471,0,392.2,dead,1
106.263,-1.8626,0,0.34471,0,391.33,dead,1
106.2791,-1.8626,0,0.29727,0,390.79,dead,1
106.2951,-1.8626,0,0.29727,0,390.53,dead,1
106.3118,-2.2707,0,0.33174,0,390.58,dead,1
106.3283,-2.2707,0,0.33174,0,390.9,dead,1
106.3448,-2.2707,0,0.30371,0,391.57,dead,1
106.3609,-2.4959,0,0.30371,0,392.47,dead,1
106.3765,-2.4959,0,0.30371,0,393.66,dead,1
106.3926,-2.58,0,0.30371,0,395.13,dead,1
106.4092,-2.58,0,0.30371,0,396.88,dead,1
106.4263,-2.58,0,0.35555,0,399.06,dead,1
106.4429,-2.5165,0,0.35555,0,401.55,dead,1
106.4594,-2.5165,0,0.31871,0,404.18,dead,1
106.476,-2.5165,0,0.31871,0,407.3,dead,1
106.4926,-2.5165,0,0.31871,0,410.51,dead,1
106.5086,-2.5165,0,0.35268,0,414.24,dead,1
106.5247,-2.5165,0,0.35268,0,418.03,dead,1
106.5407,-2.7046,0,0.33886,0,422.1,dead,1
106.5573,-2.7046,0,0.33886,0,426.46,dead,1
106.5738,-1.0827,0,0.33886,0,431.4,dead,1
106.59,-1.0827,0,0.33855,0,436.34,dead,1
106.6057,-1.0827,0,0.33855,0,441.56,dead,1
106.6222,-1.0827,0,0.33148,0,447.06,dead,1
106.6393,-1.0827,0,0.33148,0,453.22,dead,1
106.6564,-1.0827,0,0.35092,0,459.69,dead,1
106.6729,-2.6285,0,0.35092,0,466.49,dead,1
106.6895,-2.6285,0,0.35092,0,473.17,dead,1
106.706,-2.5149,0,0.34076,0,480.58,dead,1
106.7231,-2.5149,0,0.34076,0,488.31,dead,1
106.7392,-2.5149,0,0.34286,0,495.87,dead,1
106.7567,-2.5149,0,0.34286,0,496.0,dead,1
106.7733,-2.5149,0,0.32972,0,496.0,dead,1
106.7904,-2.5149,0,0.32972,0,496.0,dead,1
106.808,-2.5149,0,0.32972,0,496.0,dead,1
106.824,-2.5149,0,0.34374,0,496.0,dead,1
106.84,-2.5149,0,0.34374,0,496.0,dead,1
106.8561,-2.5149,0,0.32957,0,496.0,dead,1
106.8727,-2.5149,0,0.32957,0,496.0,dead,1
106.8893,-0.6195,0,0.32957,0,496.0,dead,1
106.9059,-0.5242,0,0.31789,0,496.0,dead,1
106.9216,-0.5242,0,0.31789,0,496.0,dead,1
106.9381,-0.5242,0,0.31789,0,496.0,dead,1
106.9542,-0.5242,0,0.30998,0,496.0,dead,1
106.9707,-0.5242,0,0.30998,0,496.0,dead,1
106.9868,-0.0618,0,0.30484,0,496.0,dead,1
107.0034,-0.0618,0,0.30484,0,496.0,dead,1
107.0199,-0.0618,0,0.32938,0,496.0,dead,1
107.0365,0.2672,0,0.32938,0,496.0,dead,1
107.053,0.2672,0,0.32938,0,496.0,dead,1
107.0701,0.4241,0,0.35987,0,496.0,dead,1
107.0856,0.4241,0,0.35987,0,496.0,dead,1
107.1022,0.4241,0,0.31712,0,496.0,dead,1
107.1192,0.4241,0,0.31712,0,496.0,dead,1
107.1363,0.4241,0,0.32977,0,496.0,dead,1
107.1533,0.4241,0,0.32977,0,496.0,dead,1
107.1699,0.4496,0,0.3135,0,496.0,dead,1
107.1859,0.4496,0,0.3135,0,496.0,dead,1
107.203,0.7975,0,0.3135,0,496.0,dead,1
107.2206,0.7975,0,0.3343,0,496.0,dead,1
107.2367,0.7975,0,0.3343,0,496.0,dead,1
107.2532,0.9302,0,0.34004,0,496.0,dead,1
107.2703,0.9302,0,0.34004,0,496.0,dead,1
107.2868,0.9302,0,0.33485,0,496.0,dead,1
107.303,0.9302,0,0.33485,0,496.0,dead,1
107.3196,0.9302,0,0.37658,0,496.0,dead,1
107.3367,0.1977,0,0.37658,0,496.0,dead,1
107.3532,0.5323,0,0.37658,0,496.0,dead,1
107.3698,0.5323,0,0.37086,0,496.0,dead,1
107.3854,0.121,0,0.37086,0,496.0,dead,1
107.4021,0.121,0,0.36318,0,496.0,dead,1
107.4181,0.121,0,0.36318,0,496.0,dead,1
107.4347,-0.0715,0,0.36318,0,496.0,dead,1
107.4654,-0.0715,0,0.35021,0,496.0,dead,1
107.5025,-0.0715,0,0.35021,0,496.0,dead,1
107.5159,-0.0715,0,0.35668,0,496.0,dead,1
107.5321,-0.732,0,0.35668,0,496.0,dead,1
107.5482,-0.732,0,0.35668,0,496.0,dead,1
107.5642,-0.9537,0,0.3318,0,496.0,dead,1
107.5808,-0.9537,0,0.3318,0,496.0,dead,1
107.5969,-0.9537,0,0.3318,0,496.0,dead,1
107.613,-0.9537,0,0.39196,0,496.0,dead,1
107.6286,-0.9537,0,0.39196,0,496.0,dead,1
107.6452,-0.9537,0,0.349,0,496.0,dead,1
107.6613,-0.404,0,0.349,0,496.0,dead,1
107.6778,-0.404,0,0.349,0,496.0,dead,1
107.6934,-0.404,0,0.34836,0,496.0,dead,1
107.71,-0.14,0,0.34836,0,496.0,dead,1
107.7265,-0.14,0,0.36315,0,496.0,dead,1
107.7436,-0.4625,0,0.36315,0,496.0,dead,1
107.7598,-0.4625,0,0.36315,0,496.0,dead,1
107.7758,-0.4625,0,0.34104,0,496.0,dead,1
107.7914,-0.3459,0,0.34104,0,496.0,dead,1
107.808,-0.3459,0,0.35667,0,496.0,dead,1
107.8246,-0.3459,0,0.35667,0,496.0,dead,1
107.8417,-0.3459,0,0.35667,0,496.0,dead,1
107.8578,-0.3459,0,0.33607,0,496.0,dead,1
107.8738,-0.3459,0,0.33607,0,496.0,dead,1
107.89,-0.0571,0,0.35362,0,496.0,dead,1
107.9055,-0.0571,0,0.35362,0,496.0,dead,1
107.9221,-19.7519,0,0.35362,0,496.0,dead,1
107.9377,-10.2345,0,0.35846,0,496.0,dead,1
107.9542,-10.2345,0,0.35846,0,496.0,dead,1
107.9708,-3.1078,0,0.32675,0,496.0,dead,1
107.9869,-3.1078,0,0.32675,0,496.0,dead,1
108.0025,-3.1078,0,0.32675,0,496.0,dead,1
108.0195,12.1404,0,0.2734,0,496.0,dead,1
108.0361,12.1404,0,0.2734,0,496.0,dead,1
108.0526,12.1404,0,0.24732,0,496.0,dead,1
108.0692,12.816,0,0.24732,0,496.0,dead,1
108.086,12.816,0,0.22482,0,496.0,dead,1
108.1016,10.7675,0,0.22482,0,496.0,dead,1
108.1183,10.7675,0,0.22482,0,496.0,dead,1
108.1353,10.7675,0,0.23576,0,496.0,dead,1
108.1517,7.5221,0,0.23576,0,496.0,dead,1
108.169,7.5221,0,0.23576,0,496.0,dead,1
108.1852,7.5221,0,0.24254,0,496.0,dead,1
108.2007,3.4222,0,0.24254,0,496.0,dead,1
108.2173,3.4222,0,0.24254,0,496.0,dead,1
108.2338,3.4222,0,0.30573,0,496.0,dead,1
108.2499,2.9136,0,0.30573,0,496.0,dead,1
108.2655,2.9136,0,0.30265,0,496.0,dead,1
108.2881,1.8605,0,0.30265,0,496.0,dead,1
108.3063,1.8605,0,0.30265,0,496.0,dead,1
108.3184,1.8605,0,0.32476,0,496.0,dead,1
108.3354,0.665,0,0.32476,0,496.0,dead,1
108.3525,0.665,0,0.32476,0,496.0,dead,1
108.3691,0.665,0,0.34166,0,496.0,dead,1
108.3847,-1.568,0,0.34166,0,496.0,dead,1
108.4007,-1.568,0,0.34166,0,496.0,dead,1
108.4169,-1.602,0,0.31009,0,496.0,dead,1
108.4335,-1.602,0,0.31009,0,496.0,dead,1
108.4495,-1.602,0,0.31009,0,496.0,dead,1
108.4662,-0.8978,0,0.3776,0,496.0,dead,1
108.4822,-0.8978,0,0.3776,0,496.0,dead,1
108.4983,-0.8978,0,0.3776,0,496.0,dead,1
108.5148,-1.315,0,0.34797,0,496.0,dead,1
108.5308,-1.315,0,0.34797,0,496.0,dead,1
108.5474,-1.315,0,0.37107,0,496.0,dead,1
108.5644,-1.2558,0,0.37107,0,496.0,dead,1
108.5805,-1.2558,0,0.29989,0,496.0,dead,1
108.5971,-1.308,0,0.29989,0,496.0,dead,1
108.6126,-1.308,0,0.29989,0,496.0,dead,1
108.6297,-1.308,0,,0,496.0,dead,1
108.6457,-1.308,0,,0,496.0,dead,1
108.6609,-1.308,0,0.37515,0,496.0,dead,1
108.6769,-1.308,0,0.37515,0,496.0,dead,1
108.693,-1.308,0,0.37515,0,496.0,dead,1
108.7096,-1.308,0,0.37125,0,496.0,dead,1
108.7257,-1.308,0,0.37125,0,496.0,dead,1
