UNITS=MM
#Layer_Physical_Order=1
#Layer_Color=255
#
#Feature symbol names
#
$0 rect850.00084x349.9993
$1 rect850.00084x299.9994
$2 rect900.00074x700.00114
$3 rect599.9988x509.99898
$4 rect1000.00054x3500.00062
$5 rect1499.99954x3400.00082
$6 rect1899.99874x650.00124
$7 rect1759.99902x299.9994
$8 rect375.00052x349.9993
$9 rect349.9993x375.00052
$10 r762
$11 rect349.9993x249.9995
$12 s299.9994
$13 rect1475.00086x299.9994
$14 rect299.9994x1475.00086
$15 rect459.99908x419.99916
$16 rect469.99906x439.99912
$17 rect249.9995x349.9993
$18 rect690.00116x720.0011
$19 rect439.99912x469.99906
$20 s4700.00076
$21 rect850.00084x199.9996
$22 rect199.9996x850.00084
$23 rect349.9993x199.9996
$24 rect299.9994x275.00072
$25 rect1000.00054x900.00074
$26 rect720.0011x690.00116
$27 rect599.9988x700.00114
$28 rect449.9991x599.9988
$29 rect850.00084x750.00104
$30 rect406.4x533.4
$31 rect199.9996x279.99944
$32 rect299.9994x800.00094
$33 s2749.99958
$34 rect800.00094x299.9994
$35 rect970.0006x1469.9996
$36 rect399.9992x625.00002
$37 rect625.00002x399.9992
$38 s508
$39 rect475.00032x299.9994
$40 rect299.9994x242.99926
$41 rect419.99916x459.99908
$42 s127
$43 rect1000.00054x549.9989
$44 rect1799.99894x1200.00014
$45 rect599.9988x349.9993
$46 rect1000.00054x950.00064
$47 rect711.2x381
$48 rect533.4x406.4
$49 r203.2
$50 r261.92734
$51 r254
$52 r177.8
$53 r228.6
$54 r240.47196
$55 r1200.00014
$56 r533.00122
$57 r1100.00034
$58 r325.00062
$59 r579.99884
$60 r399.9992
$61 r1499.99954
$62 r249.9995
$63 r499.999
$64 r660.4

#
#Feature attribute names
#
@0 .geometry
@1 .pad_usage
@2 .smd

#
#Feature attribute text strings
#
&0 SMD_RectX850.0008Y349.9993
&1 SMD_RectX850.0008Y299.9994
&2 SMD_RectX900.0007Y700.0011
&3 SMD_RectX599.9988Y509.9990
&4 SMD_RectX1000.0005Y3500.0006
&5 SMD_RectX1499.9995Y3400.0008
&6 SMD_RectX1899.9987Y650.0012
&7 SMD_RectX1759.9990Y299.9994
&8 SMD_RectX375.0005Y349.9993
&9 SMD_RectX349.9993Y375.0005
&10 SMD_RoundX762.0000Y762.0000
&11 SMD_RectX349.9993Y249.9995
&12 SMD_SquareX299.9994Y299.9994
&13 SMD_RectX1475.0009Y299.9994
&14 SMD_RectX299.9994Y1475.0009
&15 SMD_RectX459.9991Y419.9992
&16 SMD_RectX469.9991Y439.9991
&17 SMD_RectX249.9995Y349.9993
&18 SMD_RectX690.0012Y720.0011
&19 SMD_RectX439.9991Y469.9991
&20 SMD_SquareX4700.0008Y4700.0008
&21 SMD_RectX850.0008Y199.9996
&22 SMD_RectX199.9996Y850.0008
&23 SMD_RectX349.9993Y199.9996
&24 SMD_RectX299.9994Y275.0007
&25 SMD_RectX1000.0005Y900.0007
&26 SMD_RectX720.0011Y690.0012
&27 SMD_RectX599.9988Y700.0011
&28 SMD_RectX449.9991Y599.9988
&29 SMD_RectX850.0008Y750.0010
&30 SMD_RectX406.4000Y533.4000
&31 SMD_RectX199.9996Y279.9994
&32 SMD_RectX299.9994Y800.0009
&33 SMD_SquareX2749.9996Y2749.9996
&34 SMD_RectX800.0009Y299.9994
&35 SMD_RectX970.0006Y1469.9996
&36 SMD_RectX399.9992Y625.0000
&37 SMD_RectX625.0000Y399.9992
&38 SMD_SquareX508.0000Y508.0000
&39 SMD_RectX475.0003Y299.9994
&40 SMD_RectX299.9994Y242.9993
&41 SMD_RectX419.9992Y459.9991
&42 SMD_SquareX127.0000Y127.0000
&43 SMD_RectX1000.0005Y549.9989
&44 SMD_RectX1799.9989Y1200.0001
&45 SMD_RectX599.9988Y349.9993
&46 SMD_RectX1000.0005Y950.0006
&47 SMD_RectX711.2000Y381.0000
&48 SMD_RectX533.4000Y406.4000
&49 Pad_Simple_X1200.0001Y1200.0001H863.0006C1462.9994
&50 Pad_Simple_X533.0012Y533.0012H1067.0007C1666.9995
&51 Pad_Simple_X1100.0003Y1100.0003H700.0011C1299.9999
&52 Pad_Simple_X325.0006Y325.0006H650.0012C1250.0000
&53 Pad_Simple_X579.9988Y579.9988H1160.0002C1759.9990
&54 Pad_Simple_X399.9992Y399.9992H800.0009C1399.9997
&55 Pad_Simple_X1499.9995Y1499.9995H1100.0003C1699.9991
&56 VIA_RoundD249.9995H149.9997C749.9985
&57 VIA_RoundD499.9990H249.9995C849.9983
&58 VIA_RoundD660.4000H330.2000C930.1988

#
#Layer features
#
L 149.4536 53.31460254 149.4536 55.7070006 51 P 0
L 149.4536 53.31460254 150.67280254 52.0954 51 P 0
L 149.4536 56.3069994 150.66219804 56.3069994 49 P 0
L 150.5204 40.1066 150.52298064 40.1066 54 P 0
L 150.52298064 40.1066 150.5413804 40.12499976 54 P 0
L 150.5413804 40.12499976 151.58000164 40.12499976 54 P 0
L 150.66219804 56.3069994 150.73559896 56.38040032 49 P 0
L 150.67280254 52.0954 152.3746 52.0954 51 P 0
L 150.72309962 55.8759995 150.79650054 55.94940042 49 P 0
L 150.73559896 56.38040032 150.73559896 56.38850038 49 P 0
L 150.73559896 56.38850038 150.80899988 56.4619013 49 P 0
L 150.79650054 55.94940042 150.98228884 55.94940042 49 P 0
L 150.80899988 56.4619013 150.80899988 56.6476896 49 P 0
L 150.80899988 56.6476896 150.96591092 56.80460064 49 P 0
L 150.96591092 56.80460064 154.3964019 56.80460064 49 P 0
L 150.98228884 55.94940042 151.16219958 56.12931116 49 P 0
L 151.0538 51.1556 152.4 51.1556 51 P 0
L 151.16219958 56.12931116 151.16219958 56.31509946 49 P 0
L 151.16219958 56.31509946 151.2356005 56.38850038 49 P 0
L 151.58000164 39.12499922 151.5990364 39.10596446 50 P 0
L 151.58000164 39.62500076 152.36571 39.62500076 54 P 0
L 151.5990364 39.10596446 152.03885264 39.10596446 50 P 0
L 152.03885264 39.10596446 152.37850398 38.76631312 50 P 0
L 152.22199934 53.7464 152.23620048 53.73219886 51 P 0
L 152.23560104 56.38850038 152.24564928 56.39854862 49 P 0
L 152.23620048 52.8461986 152.23620048 53.73219886 51 P 0
L 152.23620048 52.8461986 152.25039908 52.832 51 P 0
L 152.24564928 56.39854862 153.53294922 56.39854862 49 P 0
L 152.24810038 55.3760005 152.88534066 55.3760005 49 P 0
L 152.24810038 55.8759995 153.04536828 55.8759995 49 P 0
L 152.36571 39.62500076 152.57776444 39.8370552 54 P 0
L 152.3746 52.0954 152.4 52.1208 51 P 0
L 152.37850398 38.55668184 152.37850398 38.76631312 50 P 0
L 152.37850398 38.55668184 152.71815024 38.21703558 50 P 0
L 152.57776444 39.8370552 152.57776444 39.87740818 54 P 0
L 152.57776444 39.87740818 152.7955923 40.09523604 54 P 0
L 152.71815024 38.21703558 154.16440592 38.21703558 50 P 0
L 152.7955923 40.09523604 153.22023712 40.09523604 54 P 0
L 152.88534066 55.3760005 153.20954118 55.05179998 49 P 0
L 153.04536828 55.8759995 153.1644003 55.75696748 49 P 0
L 153.1644003 55.56391224 153.1644003 55.75696748 49 P 0
L 153.1644003 55.56391224 153.34631256 55.38199998 49 P 0
L 153.20954118 55.05179998 154.37120002 55.05179998 49 P 0
L 153.22023712 40.09523604 153.25000084 40.12499976 54 P 0
L 153.25000084 38.62500022 153.2690356 38.64403498 50 P 0
L 153.25000084 39.62500076 153.27458042 39.60042118 54 P 0
L 153.25000084 40.12499976 154.40760076 40.12499976 54 P 0
L 153.25000084 40.6250013 153.2690356 40.60596654 50 P 0
L 153.2690356 40.60596654 153.54403632 40.60596654 50 P 0
L 153.27458042 39.60042118 154.37937882 39.60042118 54 P 0
L 153.34631256 55.38199998 154.86489474 55.38199998 49 P 0
L 153.53294922 56.39854862 153.543 56.4085994 49 P 0
L 153.543 55.8086006 154.3191351 55.8086006 51 P 0
L 153.543 56.4085994 154.32243964 56.4085994 49 P 0
L 153.54403632 40.60596654 153.61703846 40.5329644 50 P 0
L 153.61703846 40.5329644 155.50110378 40.5329644 50 P 0
L 154.16440592 38.21703558 154.23033416 38.28296382 50 P 0
L 154.23033416 38.28296382 155.40236382 38.28296382 50 P 0
L 154.32243964 56.4085994 159.23046132 51.50057772 49 P 0
L 154.37120002 55.05179998 156.47619962 52.94680038 49 P 0
L 154.37937882 39.60042118 154.3812 39.5986 54 P 0
L 154.3812 39.5986 154.38378064 39.5986 54 P 0
L 154.38378064 39.5986 154.47644492 39.69126428 54 P 0
L 154.3964019 56.80460064 156.00215942 55.19884312 49 P 0
L 154.40760076 40.12499976 154.47386428 40.05873624 54 P 0
L 154.47386428 40.05873624 155.95859334 40.05873624 54 P 0
L 154.47644492 39.69126428 155.95859334 39.69126428 54 P 0
L 154.53419944 45.8010006 154.80139982 46.06820098 50 P 0
L 154.53419944 46.5630006 154.53679786 46.56559902 50 P 0
L 154.53419944 47.2996006 154.76559852 47.06820152 50 P 0
L 154.53419944 48.0616006 154.5374989 48.06490006 50 P 0
L 154.53419944 49.5348006 154.56760044 49.5682016 49 P 0
L 154.53419944 50.7540006 154.82936522 51.04916638 49 P 0
L 154.53419944 51.5160006 154.5532342 51.53503536 49 P 0
L 154.53679786 46.56559902 155.86199968 46.56559902 50 P 0
L 154.5374989 48.06490006 155.86130118 48.06490006 50 P 0
L 154.5532342 51.53503536 154.70104442 51.53503536 49 P 0
L 154.56760044 49.5682016 155.86460064 49.5682016 49 P 0
L 154.70104442 51.53503536 154.7342092 51.56820014 49 P 0
L 154.7342092 51.56820014 155.86460064 51.56820014 49 P 0
L 154.76559852 47.06820152 155.86460064 47.06820152 50 P 0
L 154.80139982 46.06820098 155.86460064 46.06820098 50 P 0
L 154.82936522 51.04916638 155.84556588 51.04916638 49 P 0
L 154.86489474 55.38199998 163.45054178 46.79635294 49 P 0
L 155.40236382 38.28296382 156.01343702 38.89403702 50 P 0
L 155.50110378 40.5329644 155.7797875 40.81164812 50 P 0
L 155.7797875 40.81164812 157.66385028 40.81164812 50 P 0
L 155.84556588 51.04916638 155.86460064 51.06820114 49 P 0
L 155.86130118 48.06490006 155.86460064 48.06819952 50 P 0
L 155.86199968 46.56559902 155.86460064 46.56819998 50 P 0
L 155.86460064 45.06820044 157.0753907 45.06820044 49 P 0
L 155.86460064 45.56819944 157.5562 45.56819944 49 P 0
L 155.86460064 47.56820052 157.40979948 47.56820052 49 P 0
L 155.86460064 49.06820006 155.88253812 49.05026258 49 P 0
L 155.86460064 49.5682016 156.9400976 49.5682016 49 P 0
L 155.86460064 50.0682006 157.2973994 50.0682006 49 P 0
L 155.86460064 51.06820114 155.87080078 51.062001 49 P 0
L 155.86460064 51.56820014 155.9038284 51.52897238 49 P 0
L 155.86460064 52.06820168 157.06192616 52.06820168 49 P 0
L 155.87080078 51.062001 156.90690234 51.062001 49 P 0
L 155.88253812 49.05026258 156.76593996 49.05026258 49 P 0
L 155.9038284 51.52897238 156.99785212 51.52897238 49 P 0
L 155.95859334 39.69126428 156.24509264 39.40476498 54 P 0
L 155.95859334 40.05873624 156.24509264 40.34523554 54 P 0
L 156.00215942 55.195851 156.00215942 55.19884312 49 P 0
L 156.00215942 55.195851 157.60791186 53.59009856 49 P 0
L 156.01343702 38.89403702 157.51386328 38.89403702 50 P 0
L 156.24509264 39.40476498 156.4822372 39.40476498 54 P 0
L 156.24509264 40.34523554 156.4822372 40.34523554 54 P 0
L 156.47619962 52.94680038 156.70480216 52.94680038 49 P 0
L 156.4822372 39.40476498 156.51200092 39.37500126 54 P 0
L 156.4822372 40.34523554 156.51200092 40.37499926 54 P 0
L 156.51200092 39.37500126 156.53518096 39.35182122 54 P 0
L 156.51200092 40.37499926 156.5294939 40.35750628 54 P 0
L 156.5294939 40.35750628 157.32992664 40.35750628 54 P 0
L 156.53518096 39.35182122 157.32317786 39.35182122 54 P 0
L 156.70480216 52.94680038 163.83859282 45.81300972 49 P 0
L 156.76593996 49.05026258 161.41030456 44.40589798 49 P 0
L 156.90690234 51.062001 159.69770448 48.27119886 49 P 0
L 156.9400976 49.5682016 161.2290527 45.2792465 49 P 0
L 156.99785212 51.52897238 162.8405684 45.6862561 49 P 0
L 157.06192616 52.06820168 163.26716902 45.86295882 49 P 0
L 157.0753907 45.06820044 158.30419952 43.83939162 49 P 0
L 157.2973994 50.0682006 157.89222168 49.47337832 49 P 0
L 157.32317786 39.35182122 157.32499904 39.35000004 54 P 0
L 157.32992664 40.35750628 157.33174782 40.3556851 54 P 0
L 157.40979948 47.56820052 159.28147468 45.69652532 49 P 0
L 157.51386328 38.89403702 157.9698263 39.35000004 50 P 0
L 157.53620004 55.93039868 157.53620004 55.94539992 49 P 0
L 157.53620004 55.93039868 157.94197012 55.5246286 49 P 0
L 157.53620004 56.61540112 158.454598 56.61540112 49 P 0
L 157.55679944 41.67540052 157.57180068 41.67540052 49 P 0
L 157.57180068 41.67540052 157.69020024 41.79380008 49 P 0
L 157.60791186 53.59009856 158.47450144 53.59009856 49 P 0
L 157.66385028 40.81164812 158.08146438 40.39403402 50 P 0
L 157.69020024 41.79380008 157.69020024 41.91708914 49 P 0
L 157.69020024 41.91708914 157.85260022 42.07948912 49 P 0
L 157.85260022 42.07948912 157.85260022 43.08020086 49 P 0
L 157.85260022 54.55620026 158.35259922 54.55620026 50 P 0
L 157.89222168 49.39717832 157.89222168 49.47337832 49 P 0
L 157.89222168 49.39717832 158.496 48.7934 49 P 0
L 157.94197012 55.5246286 158.59496094 55.5246286 49 P 0
L 157.9698263 39.35000004 159.16299892 39.35000004 50 P 0
L 158.08146438 40.39403402 158.40931996 40.39403402 50 P 0
L 158.1879996 39.87500026 159.47378824 39.87500026 49 P 0
L 158.30419952 43.12860056 158.30419952 43.83939162 49 P 0
L 158.30419952 43.12860056 158.35259922 43.08020086 49 P 0
L 158.40931996 40.39403402 158.4402851 40.42499916 50 P 0
L 158.4402851 40.42499916 159.16299892 40.42499916 50 P 0
L 158.454598 56.61540112 158.58039912 56.4896 49 P 0
L 158.47450144 53.59009856 164.4142 47.6504 49 P 0
L 158.59496094 55.5246286 158.80420106 55.31538848 49 P 0
L 158.59728758 44.04630256 158.80420106 43.83938908 49 P 0
L 158.80420106 43.12860056 158.80420106 43.83938908 49 P 0
L 158.80420106 43.12860056 158.85260076 43.08020086 49 P 0
L 158.80420106 54.60459996 158.80420106 55.31538848 49 P 0
L 158.80420106 54.60459996 158.85260076 54.55620026 49 P 0
L 158.85260076 43.08020086 158.90100046 43.12860056 49 P 0
L 158.90100046 43.12860056 158.90100046 43.83939162 49 P 0
L 158.90100046 43.83939162 159.1079114 44.04630256 49 P 0
L 159.00940004 41.7322 159.27759864 42.0003986 51 P 0
L 159.1079114 44.04630256 159.68516958 44.04630256 49 P 0
L 159.11079938 36.15699906 159.4358 35.83199844 49 P 0
L 159.23046132 51.50057772 159.80202228 51.50057772 49 P 0
L 159.27759864 42.0003986 159.27759864 42.0368095 51 P 0
L 159.27759864 42.0368095 159.32960006 42.08881092 51 P 0
L 159.32960006 42.08881092 159.32960006 43.05720116 51 P 0
L 159.32960006 43.05720116 159.35259976 43.08020086 51 P 0
L 159.4358 35.687 159.4358 35.83199844 49 P 0
L 159.4358 35.687 159.93909084 35.687 49 P 0
L 159.47378824 39.87500026 159.77609904 39.57268946 49 P 0
L 159.6136 38.7604 159.6136 38.77306444 49 P 0
L 159.6136 38.77306444 159.77609904 38.93556348 49 P 0
L 159.6644 41.021 159.6733535 41.0120465 49 P 0
L 159.6644 41.021 159.6733535 41.0299535 49 P 0
L 159.6733535 40.75043412 159.6733535 41.0120465 49 P 0
L 159.6733535 40.75043412 159.77609904 40.64768858 49 P 0
L 159.6733535 41.0299535 159.6733535 41.61835466 49 P 0
L 159.6733535 41.61835466 159.76659944 41.7116006 49 P 0
L 159.68516958 44.04630256 159.8042016 43.92727054 49 P 0
L 159.69770448 48.01720648 159.69770448 48.27119886 49 P 0
L 159.69770448 48.01720648 162.45525548 45.25965548 49 P 0
L 159.76659944 41.7116006 159.76659944 42.406697 49 P 0
L 159.76659944 42.406697 159.8526013 42.49269886 49 P 0
L 159.7708006 34.3154 159.78580184 34.3154 49 P 0
L 159.7708006 34.3154 159.7872471 34.3318465 49 P 0
L 159.77609904 38.93556348 159.77609904 39.25160044 49 P 0
L 159.77609904 39.25160044 159.87449864 39.35000004 49 P 0
L 159.77609904 39.44839964 159.77609904 39.57268946 49 P 0
L 159.77609904 39.44839964 159.87449864 39.35000004 49 P 0
L 159.77609904 40.52339876 159.77609904 40.64768858 49 P 0
L 159.77609904 40.52339876 159.87449864 40.42499916 49 P 0
L 159.78580184 34.3154 159.80224834 34.3318465 49 P 0
L 159.7872471 34.3318465 159.80224834 34.3318465 49 P 0
L 159.80202228 51.50057772 164.4904 46.8122 49 P 0
L 159.80224834 34.3318465 160.1126465 34.3318465 49 P 0
L 159.80224834 34.3318465 160.11940036 34.64899852 49 P 0
L 159.8042016 43.12860056 159.8042016 43.92727054 49 P 0
L 159.8042016 43.12860056 159.8526013 43.08020086 49 P 0
L 159.8526013 42.49269886 159.8526013 43.08020086 49 P 0
L 159.8526013 54.55620026 159.87163606 54.57523502 50 P 0
L 159.87163606 54.57523502 159.87163606 55.32755254 50 P 0
L 159.87163606 55.32755254 160.23000212 55.6859186 50 P 0
L 159.87449864 39.35000004 159.98700032 39.35000004 49 P 0
L 159.87449864 40.42499916 159.98700032 40.42499916 49 P 0
L 159.93909084 35.687 160.11940036 35.50669048 49 P 0
L 160.1126465 34.3318465 160.1216 34.3408 49 P 0
L 160.11940036 34.64899852 160.11940036 35.50669048 49 P 0
L 160.1216 41.1226 160.32859984 41.32959984 51 P 0
L 160.23000212 55.6859186 160.23000212 56.47920124 50 P 0
L 160.23000212 56.47920124 160.24040088 56.4896 50 P 0
L 160.3248 31.40719906 161.34249926 31.40719906 51 P 0
L 160.3248 33.00720094 160.34980122 33.00720094 51 P 0
L 160.32859984 41.32959984 160.32859984 41.61860104 51 P 0
L 160.32859984 41.61860104 160.4215994 41.7116006 51 P 0
L 160.34980122 33.00720094 160.939861 33.59726072 51 P 0
L 160.3526003 41.79560094 160.3526003 42.4917997 51 P 0
L 160.3526003 41.79560094 160.43660064 41.7116006 51 P 0
L 160.3526003 42.4917997 160.3526003 43.08020086 51 P 0
L 160.3526003 42.4917997 160.37759898 42.46680102 51 P 0
L 160.4215994 41.7116006 160.43660064 41.7116006 51 P 0
L 160.43660064 41.7116006 160.45160188 41.7116006 51 P 0
L 160.45160188 41.7116006 160.54460144 41.61860104 51 P 0
L 160.54460144 41.23299856 160.54460144 41.61860104 51 P 0
L 160.54460144 41.23299856 160.655 41.1226 51 P 0
L 160.6804 35.02129902 160.6804 35.1338007 50 P 0
L 160.6804 35.02129902 160.74943466 34.95226436 50 P 0
L 160.74943466 34.95226436 160.91525094 34.95226436 50 P 0
L 160.8525993 42.10981164 160.8525993 43.08020086 51 P 0
L 160.8525993 42.10981164 161.14180116 41.82060978 51 P 0
L 160.8525993 54.55620026 160.87163406 54.57523502 49 P 0
L 160.87163406 54.57523502 160.87163406 55.56823278 49 P 0
L 160.87163406 55.56823278 161.21920004 55.91579876 49 P 0
L 160.91525094 34.95226436 161.03071426 34.83680104 50 P 0
L 160.939861 33.59726072 160.939861 33.67058544 51 P 0
L 160.9852 36.0172 161.14259872 35.85980128 51 P 0
L 161.00440494 30.71399242 161.1517986 30.56659876 51 P 0
L 161.03071426 34.83680104 161.72299888 34.83680104 50 P 0
L 161.14180116 41.79460018 161.14180116 41.82060978 51 P 0
L 161.14180116 41.79460018 161.22480074 41.7116006 51 P 0
L 161.14259872 35.85980128 161.69999918 35.85980128 51 P 0
L 161.1517986 30.56659876 161.2377014 30.56659876 51 P 0
L 161.21650002 57.10001026 161.2178513 57.09865898 49 P 0
L 161.2178513 56.60214994 161.2178513 57.09865898 49 P 0
L 161.2178513 56.60214994 161.21920004 56.6008012 49 P 0
L 161.21920004 55.91579876 161.21920004 55.9308 49 P 0
L 161.22480074 41.7116006 161.2448007 41.7116006 51 P 0
L 161.23979944 40.9750006 161.24230134 40.9775025 51 P 0
L 161.24230134 40.9775025 161.24230134 41.70910124 51 P 0
L 161.24230134 41.70910124 161.2448007 41.7116006 51 P 0
L 161.34249926 31.40719906 161.4059002 31.4706 51 P 0
L 161.4059002 31.4706 161.49340066 31.4706 51 P 0
L 161.41030456 44.40589798 161.6227654 44.40589798 49 P 0
L 161.6227654 44.40589798 161.8859602 44.14270318 49 P 0
L 161.69999918 35.85980128 161.72299888 35.83680158 51 P 0
L 161.72299888 35.33680004 162.63079996 35.33680004 49 P 0
L 161.72299888 37.33680112 162.47299992 37.33680112 49 P 0
L 161.85259984 54.55620026 161.85259984 55.7505997 50 P 0
L 161.85259984 55.7505997 162.01220074 55.9102006 50 P 0
L 161.8859602 44.14270318 161.89862464 44.14270318 49 P 0
L 162.01220074 55.9102006 162.0322007 55.9102006 50 P 0
L 162.01220074 55.9102006 162.0815021 55.97950196 50 P 0
L 162.0815021 55.97950196 162.0815021 56.80070174 50 P 0
L 162.0815021 56.80070174 162.13080096 56.8500006 50 P 0
L 162.0979994 33.02 162.50683272 33.42883332 50 P 0
L 162.35260138 54.55620026 162.40100108 54.60459996 49 P 0
L 162.40100108 54.60459996 162.40100108 55.5157132 49 P 0
L 162.40100108 55.5157132 162.56379984 55.67851196 49 P 0
L 162.47299992 37.33680112 162.47299992 38.08680216 49 P 0
L 162.47299992 37.33680112 162.97299892 36.83680212 49 P 0
L 162.50683272 33.42883332 162.7298498 33.42883332 50 P 0
L 162.56379984 55.67851196 162.56379984 55.80180102 49 P 0
L 162.56379984 55.80180102 162.67219942 55.9102006 49 P 0
L 162.63079996 35.33680004 162.814 35.1536 49 P 0
L 162.67219942 55.9102006 162.69219938 55.9102006 49 P 0
L 162.69219938 55.9102006 162.71219934 55.9102006 49 P 0
L 162.6926007 30.0482 162.80510238 30.0482 51 P 0
L 162.71219934 55.9102006 163.05079912 56.24880038 49 P 0
L 162.71219934 55.9102006 163.5308007 55.9102006 49 P 0
L 162.7298498 33.42883332 162.95396416 33.65294768 50 P 0
L 162.80510238 30.0482 162.87810198 30.1211996 51 P 0
L 162.80510238 30.0482 163.5808006 30.0482 51 P 0
L 162.85260038 54.55620026 163.10259988 54.55620026 50 P 0
L 162.87810198 30.1211996 162.87810198 30.14830394 51 P 0
L 162.87810198 30.14830394 163.16939934 30.4396013 51 P 0
L 162.95396416 33.65294768 162.95396416 34.06776524 50 P 0
L 162.95396416 34.06776524 162.97299892 34.0868 50 P 0
L 162.97299892 36.83680212 162.97299892 38.08680216 49 P 0
L 162.97299892 36.83680212 163.47300046 36.33680058 49 P 0
L 163.05079912 56.24880038 163.05079912 56.8500006 49 P 0
L 163.05079912 56.8500006 163.20319912 56.6976006 49 P 0
L 163.10259988 54.55620026 163.35259938 54.55620026 50 P 0
L 163.16939934 30.4396013 163.16939934 30.970601 51 P 0
L 163.16939934 31.4706 163.16939934 31.970599 51 P 0
L 163.16939934 31.970599 163.8802666 31.970599 51 P 0
L 163.20319912 56.6976006 163.9425982 56.6976006 49 P 0
L 163.25419978 32.8938001 163.25419978 32.9438 49 P 0
L 163.25419978 32.9438 163.2776008 32.96720102 49 P 0
L 163.26716902 45.59703098 163.26716902 45.86295882 49 P 0
L 163.26716902 45.59703098 164.6174 44.2468 49 P 0
L 163.2776008 32.96720102 163.2776008 33.31853636 49 P 0
L 163.2776008 33.31853636 163.2966 33.33753556 49 P 0
L 163.2966 33.33753556 163.2966 33.3502 49 P 0
L 163.2966 33.3502 163.3055535 33.3591535 49 P 0
L 163.3055535 33.3591535 163.341304 33.3591535 49 P 0
L 163.341304 33.3591535 163.47300046 33.49084996 49 P 0
L 163.45054178 46.79635294 163.45855294 46.79635294 49 P 0
L 163.47300046 33.49084996 163.47300046 33.78839826 49 P 0
L 163.47300046 33.78839826 163.4744 33.7897978 49 P 0
L 163.47300046 36.33680058 163.47300046 38.08680216 49 P 0
L 163.47300046 36.33680058 163.72299996 36.08680108 49 P 0
L 163.4744 33.7897978 163.4744 33.8074 49 P 0
L 163.5308007 55.9102006 163.55080066 55.9102006 49 P 0
L 163.55080066 55.9102006 163.65920024 55.80180102 49 P 0
L 163.55080066 55.9102006 163.65920024 56.01860018 49 P 0
L 163.5808006 30.0482 163.6062006 30.0228 51 P 0
L 163.65920024 55.67851196 163.65920024 55.80180102 49 P 0
L 163.65920024 55.67851196 163.80420122 55.53351098 49 P 0
L 163.65920024 56.01860018 163.65920024 56.14188924 49 P 0
L 163.65920024 56.14188924 163.82419864 56.30688764 49 P 0
L 163.72299996 36.08680108 163.97299946 36.33680058 49 P 0
L 163.74439184 44.3992 163.87139184 44.2722 49 P 0
L 163.80420122 54.60459996 163.80420122 55.53351098 49 P 0
L 163.80420122 54.60459996 163.85260092 54.55620026 49 P 0
L 163.82419864 56.30688764 163.82419864 56.57920104 49 P 0
L 163.82419864 56.57920104 163.9425982 56.6976006 49 P 0
L 163.83859282 45.80479282 163.83859282 45.81300972 49 P 0
L 163.85260092 41.96169916 163.85260092 43.08020086 51 P 0
L 163.85260092 41.96169916 164.13089602 41.68340406 51 P 0
L 163.87139184 44.2722 163.91893556 44.2722 49 P 0
L 163.8802666 31.970599 163.9644676 32.0548 51 P 0
L 163.91893556 44.2722 163.94433556 44.2468 49 P 0
L 163.9425982 56.6976006 163.95759944 56.6976006 49 P 0
L 163.94433556 44.2468 163.957 44.2468 49 P 0
L 163.957 44.2468 163.957 44.26841794 49 P 0
L 163.957 44.2468 164.30420022 43.89959978 49 P 0
L 163.9644676 32.0548 164.13200092 32.0548 51 P 0
L 163.9697 33.9344 163.99599916 33.90810084 51 P 0
L 163.97299946 36.33680058 163.97299946 38.08680216 49 P 0
L 163.99599916 33.62300108 163.99599916 33.90810084 51 P 0
L 163.99599916 33.62300108 164.10960066 33.50939958 51 P 0
L 164.06619968 30.88760142 164.06619968 30.9626 51 P 0
L 164.06619968 30.88760142 164.8326015 30.1211996 51 P 0
L 164.06619968 30.9626 164.0991003 30.99550062 51 P 0
L 164.084 31.15079876 164.0991003 31.15079876 51 P 0
L 164.09420064 40.8226006 164.09420064 41.3536003 51 P 0
L 164.09420064 41.3536003 164.1722015 41.43160116 51 P 0
L 164.0991003 30.99550062 164.0991003 31.15079876 51 P 0
L 164.0991003 31.15079876 164.0991003 32.04430218 51 P 0
L 164.0991003 32.04430218 164.12079952 32.0660014 51 P 0
L 164.10960066 32.9184 164.10960066 33.50939958 51 P 0
L 164.10960066 32.9184 164.12079952 32.90720114 51 P 0
L 164.12079952 32.0660014 164.12079952 32.90720114 51 P 0
L 164.13089602 41.68340406 164.1722015 41.68340406 51 P 0
L 164.1722015 41.43160116 164.1722015 41.63340162 51 P 0
L 164.1722015 41.63340162 164.17420048 41.6354006 51 P 0
L 164.1722015 41.68340406 164.17420048 41.68140508 51 P 0
L 164.17420048 41.6354006 164.17420048 41.68140508 51 P 0
L 164.19079938 55.9102006 164.21079934 55.9102006 50 P 0
L 164.21079934 55.9102006 164.28983398 55.83116596 50 P 0
L 164.21079934 55.9102006 164.52356478 56.22296604 50 P 0
L 164.28983398 55.811166 164.28983398 55.83116596 50 P 0
L 164.28983398 55.811166 164.35259992 55.74840006 50 P 0
L 164.30420022 43.12860056 164.30420022 43.89959978 49 P 0
L 164.30420022 43.12860056 164.35259992 43.08020086 49 P 0
L 164.35259992 54.55620026 164.35259992 55.74840006 50 P 0
L 164.473001 37.075999 164.473001 38.08680216 49 P 0
L 164.473001 37.075999 164.5666 36.9824 49 P 0
L 164.4904 46.5836 164.4904 46.8122 49 P 0
L 164.52356478 56.22296604 164.52356478 56.60856598 50 P 0
L 164.52356478 56.60856598 164.6125994 56.6976006 50 P 0
L 164.5666 36.9824 164.71219788 36.83680212 49 P 0
L 164.6125994 56.6976006 164.62760064 56.6976006 50 P 0
L 164.62760064 56.6976006 166.878 56.6976006 50 P 0
L 164.64820004 40.8686 164.64820004 41.6354006 50 P 0
L 164.64820004 40.8686 164.69419944 40.8226006 50 P 0
L 164.64820004 41.6354006 164.64820004 41.6734752 50 P 0
L 164.64820004 41.6734752 164.85260146 41.87787662 50 P 0
L 164.71219788 36.83680212 165.72300104 36.83680212 49 P 0
L 164.76959934 32.9184 165.32113494 32.9184 49 P 0
L 164.8326015 30.1211996 165.0975997 30.1211996 51 P 0
L 164.85260146 41.87787662 164.85260146 43.08020086 50 P 0
L 164.85260146 43.08020086 164.87163622 43.09923562 50 P 0
L 164.87163622 43.09923562 164.87163622 43.85155314 50 P 0
L 164.87163622 43.85155314 165.32411944 44.30403636 50 P 0
L 165.0238 30.0473999 165.0975997 30.1211996 51 P 0
L 165.0238 30.0473999 165.1548005 30.0473999 51 P 0
L 165.0975997 30.1211996 165.1705993 30.0482 51 P 0
L 165.1548005 30.0473999 165.227 29.9752004 51 P 0
L 165.227 29.6164 165.227 29.9752004 51 P 0
L 165.32113494 32.9184 165.34133556 32.89819938 49 P 0
L 165.32411944 44.30403636 167.2338032 44.30403636 50 P 0
L 165.34133556 32.89819938 165.354 32.89819938 49 P 0
L 165.72300104 34.83680104 165.96961218 34.83680104 54 P 0
L 165.72300104 35.33680004 165.75276476 35.30703632 54 P 0
L 165.72300104 35.83680158 166.85180244 35.83680158 49 P 0
L 165.72300104 36.33680058 166.32351038 36.33680058 49 P 0
L 165.75276476 35.30703632 166.34098304 35.30703632 54 P 0
L 165.8366 43.0276 167.0558 43.0276 49 P 0
L 165.86919328 30.0228 165.9287512 30.08235792 51 P 0
L 165.9287512 30.08235792 166.5037564 30.08235792 51 P 0
L 165.96961218 34.83680104 165.9993759 34.80703732 54 P 0
L 165.9993759 34.4555572 165.9993759 34.80703732 54 P 0
L 165.9993759 34.4555572 166.14504998 34.30988312 54 P 0
L 166.14504998 34.30988312 166.34426218 34.30988312 54 P 0
L 166.32351038 36.33680058 166.77659812 36.78988832 49 P 0
L 166.34098304 35.30703632 166.59601936 35.052 54 P 0
L 166.34426218 34.30988312 166.37335788 34.33897882 54 P 0
L 166.37335788 34.33897882 166.74917882 34.33897882 54 P 0
L 166.5037564 30.08235792 166.708201 30.28680252 51 P 0
L 166.59601936 35.052 166.5986 35.052 54 P 0
L 166.708201 30.28680252 166.708201 30.6118006 51 P 0
L 166.71770822 31.0658002 166.71770822 31.94270726 51 P 0
L 166.71770822 31.94270726 166.8828006 32.10779964 51 P 0
L 166.74917882 34.33897882 166.751 34.3408 54 P 0
L 166.77659812 36.78988832 166.77659812 36.85160016 49 P 0
L 166.77659812 36.85160016 166.94999884 37.02500088 49 P 0
L 166.85180244 35.83680158 166.86500028 35.84999942 49 P 0
L 166.878 56.6976006 171.1706 56.6976006 50 P 0
L 166.8828006 32.10779964 166.8828006 32.23279812 51 P 0
L 166.8828006 32.23279812 166.93080152 32.28079904 51 P 0
L 166.93080152 32.28079904 167.0558 32.28079904 51 P 0
L 166.94999884 37.02500088 167.17499966 37.02500088 49 P 0
L 167.0558 43.0276 167.513 43.4848 49 P 0
L 167.20190334 40.7924 167.6949021 41.28539876 49 P 0
L 167.21134706 41.65914706 167.21134706 42.16830022 49 P 0
L 167.21134706 42.16830022 167.2336 42.19055316 49 P 0
L 167.23080092 32.68899736 167.23080092 32.72579942 49 P 0
L 167.23080092 32.68899736 167.23240112 32.68739716 49 P 0
L 167.23240112 32.68739716 167.4773384 32.68739716 49 P 0
L 167.2336 42.19055316 167.2336 42.55036702 49 P 0
L 167.2336 42.55036702 167.74693654 43.06370356 49 P 0
L 167.2338032 44.30403636 167.5588851 44.62911826 50 P 0
L 167.3352 45.07360048 167.3352 45.16639938 51 P 0
L 167.3352 45.07360048 167.34060004 45.06820044 51 P 0
L 167.3352 46.01960062 167.3352 46.06280094 51 P 0
L 167.3352 46.06280094 167.34060004 46.06820098 51 P 0
L 167.34060004 45.16639938 167.34060004 45.56819944 51 P 0
L 167.34060004 45.56819944 167.34060004 46.06820098 51 P 0
L 167.34060004 46.06820098 167.34060004 46.56819998 51 P 0
L 167.34060004 46.56819998 167.34060004 47.06820152 51 P 0
L 167.34060004 47.56820052 167.38899974 47.51980082 49 P 0
L 167.34060004 48.56820106 167.3596348 48.5491663 50 P 0
L 167.34060004 49.5682016 167.3596348 49.54916684 50 P 0
L 167.34060004 50.5681996 167.3596348 50.58723436 50 P 0
L 167.34060004 51.56820014 168.4807273 51.56820014 50 P 0
L 167.34060004 52.56820068 167.92810204 52.56820068 50 P 0
L 167.3596348 48.5491663 168.11194978 48.5491663 50 P 0
L 167.3596348 49.54916684 168.11194978 49.54916684 50 P 0
L 167.3596348 50.58723436 168.14301652 50.58723436 50 P 0
L 167.38899974 47.51980082 168.0997908 47.51980082 49 P 0
L 167.46393482 40.31153482 167.82872708 39.94674256 49 P 0
L 167.4773384 32.68739716 167.67813556 32.4866 49 P 0
L 167.513 43.4848 167.96927544 43.4848 49 P 0
L 167.5588851 44.62911826 167.5588851 44.63271236 50 P 0
L 167.5588851 44.63271236 167.56871236 44.63271236 53 P 0
L 167.56871236 44.63271236 167.61290074 44.67690074 53 P 0
L 167.61290074 44.67690074 168.17805074 44.67690074 53 P 0
L 167.67813556 32.4866 167.6908 32.4866 49 P 0
L 167.6949021 41.28539876 167.85359876 41.28539876 49 P 0
L 167.74693654 43.06370356 168.21775856 43.06370356 49 P 0
L 167.78499844 35.84999942 168.02839902 36.0934 49 P 0
L 167.82872708 39.94674256 167.85065744 39.94674256 49 P 0
L 167.8432 44.23760012 167.85586444 44.23760012 49 P 0
L 167.85065744 39.94674256 168.01537644 39.78202356 49 P 0
L 167.85279866 29.53060134 167.85279866 31.98539704 49 P 0
L 167.85279866 29.53060134 168.6814 28.702 49 P 0
L 167.85279866 31.98539704 168.1772989 32.30989728 49 P 0
L 167.85359876 41.28539876 167.8686 41.3004 49 P 0
L 167.85359876 41.28539876 167.8931999 41.3249999 49 P 0
L 167.85586444 44.23760012 167.95226506 44.33400074 49 P 0
L 167.8686 42.2148 167.87289768 42.21050232 49 P 0
L 167.87289768 42.21050232 168.29840102 42.21050232 49 P 0
L 167.8931999 41.3249999 169.00000236 41.3249999 49 P 0
L 167.92810204 52.56820068 168.27053722 52.91063586 50 P 0
L 167.95226506 44.33400074 168.32008246 44.33400074 49 P 0
L 167.96927544 43.4848 168.06017188 43.39390356 49 P 0
L 168.01537644 38.53742356 168.01537644 39.78202356 49 P 0
L 168.01537644 38.53742356 169.31505126 37.23774874 49 P 0
L 168.02839902 36.0934 168.02839902 37.07873458 49 P 0
L 168.02839902 37.07873458 168.1734 37.22373556 49 P 0
L 168.04105584 42.63710294 168.05000934 42.62814944 49 P 0
L 168.05000934 42.62814944 168.44856328 42.62814944 49 P 0
L 168.06017188 43.39390356 168.35452994 43.39390356 49 P 0
L 168.0997908 47.51980082 168.31099942 47.3085922 49 P 0
L 168.11194978 48.5491663 168.3117157 48.34940038 50 P 0
L 168.11194978 49.54916684 168.45895188 49.20216474 50 P 0
L 168.1226 41.783 168.13526444 41.783 49 P 0
L 168.13526444 41.783 168.19326534 41.7249991 49 P 0
L 168.14301652 50.58723436 168.54081862 50.98503646 50 P 0
L 168.1462347 40.37325936 168.1462347 40.3859238 49 P 0
L 168.1462347 40.3859238 168.34640194 40.58609104 49 P 0
L 168.1734 37.22373556 168.1734 37.2364 49 P 0
L 168.1772989 32.30989728 168.1772989 32.68857318 49 P 0
L 168.1772989 32.68857318 169.37759876 33.88887304 49 P 0
L 168.17805074 44.67690074 168.33370194 44.83255194 53 P 0
L 168.19326534 41.7249991 169.00000236 41.7249991 49 P 0
L 168.21775856 43.06370356 168.28506348 42.99639864 49 P 0
L 168.2496 43.90740012 168.26913768 43.90740012 52 P 0
L 168.26913768 43.90740012 168.3782383 44.01650074 52 P 0
L 168.27053722 52.91063586 168.27053722 53.34795528 50 P 0
L 168.27053722 53.34795528 168.54081862 53.61823668 50 P 0
L 168.28506348 42.99639864 168.60680274 42.99639864 49 P 0
L 168.29840102 42.21050232 168.3839025 42.12500084 49 P 0
L 168.31099942 47.25250392 168.31099942 47.3085922 49 P 0
L 168.31099942 47.25250392 168.32060062 47.24290272 49 P 0
L 168.3117157 48.34940038 168.73760004 48.34940038 50 P 0
L 168.32008246 44.33400074 168.5094801 44.52339838 49 P 0
L 168.32060062 46.73110796 168.32060062 47.24290272 49 P 0
L 168.32060062 46.73110796 168.57730826 46.47440032 49 P 0
L 168.3258 30.94495716 168.3258 31.53904284 51 P 0
L 168.3258 30.94495716 168.55040712 30.72035004 51 P 0
L 168.3258 31.53904284 168.5328989 31.74614174 51 P 0
L 168.33370194 44.83255194 168.33370194 45.42310194 53 P 0
L 168.33370194 45.42310194 168.9402768 46.0296768 53 P 0
L 168.34640194 40.58609104 168.34640194 40.71968742 49 P 0
L 168.34640194 40.71968742 168.55011502 40.9234005 49 P 0
L 168.35452994 43.39390356 168.42183486 43.32659864 49 P 0
L 168.3782383 44.01650074 168.4515935 44.01650074 52 P 0
L 168.3839025 42.12500084 169.00000236 42.12500084 49 P 0
L 168.42183486 43.32659864 168.99840216 43.32659864 49 P 0
L 168.44856328 42.62814944 168.55011248 42.52660024 49 P 0
L 168.4515935 44.01650074 168.54899234 44.11389958 52 P 0
L 168.45895188 49.20216474 168.73163612 49.20216474 50 P 0
L 168.4807273 51.56820014 168.69952798 51.78700082 50 P 0
L 168.5094801 44.52339838 168.99840216 44.52339838 49 P 0
L 168.5328989 31.74614174 168.5328989 32.54128112 51 P 0
L 168.5328989 32.54128112 169.80419938 33.8125816 51 P 0
L 168.54081862 50.98503646 168.73163612 50.98503646 50 P 0
L 168.54081862 53.61823668 168.73163612 53.61823668 50 P 0
L 168.54899234 44.11389958 168.98890256 44.11389958 52 P 0
L 168.55011248 42.52660024 168.99840216 42.52660024 49 P 0
L 168.55011502 40.9234005 168.99840216 40.9234005 49 P 0
L 168.55040712 30.10299288 168.55040712 30.72035004 51 P 0
L 168.55040712 30.10299288 168.6814 29.972 51 P 0
L 168.57730826 46.47440032 168.7265993 46.47440032 49 P 0
L 168.60680274 42.99639864 168.67660194 42.92659944 49 P 0
L 168.62848672 38.79099938 168.95710176 39.11961442 49 P 0
L 168.69952798 51.78700082 168.73760004 51.78700082 50 P 0
L 168.7265993 46.47440032 168.75000032 46.4509993 49 P 0
L 168.73163612 49.20216474 168.73760004 49.19620082 50 P 0
L 168.73163612 50.98503646 168.73760004 50.99100038 50 P 0
L 168.73163612 53.61823668 168.73760004 53.6242006 50 P 0
L 168.73163612 53.61823668 168.76970818 53.61823668 50 P 0
L 168.73760004 46.93096278 168.73760004 47.4520006 50 P 0
L 168.73760004 46.93096278 168.74356396 46.92499886 50 P 0
L 168.73760004 47.4520006 168.73760004 47.87540082 50 P 0
L 168.73760004 48.34940038 169.50059826 48.34940038 50 P 0
L 168.73760004 49.19620082 168.7756721 49.19620082 50 P 0
L 168.73760004 49.67020038 168.73760004 50.0936006 50 P 0
L 168.73760004 50.0936006 168.73760004 50.51700082 50 P 0
L 168.73760004 50.99100038 169.37399958 50.99100038 50 P 0
L 168.73760004 51.78700082 169.16258522 51.78700082 50 P 0
L 168.73760004 52.26100038 168.73760004 52.7098006 50 P 0
L 168.73760004 52.7098006 168.73760004 53.15020104 50 P 0
L 168.73760004 52.7098006 168.75700056 52.72920112 50 P 0
L 168.74356396 46.92499886 168.75000032 46.92499886 50 P 0
L 168.75000032 46.4509993 168.77340134 46.47440032 49 P 0
L 168.75700056 52.72920112 169.52500004 52.72920112 50 P 0
L 168.76970818 53.61823668 169.18243786 54.03096636 50 P 0
L 168.77340134 46.47440032 169.0696009 46.47440032 49 P 0
L 168.7756721 49.19620082 168.82867682 49.1431961 50 P 0
L 168.82867682 49.1234349 168.82867682 49.1431961 50 P 0
L 168.82867682 49.1234349 168.9821106 48.97000112 50 P 0
L 168.9354 38.4302 169.42225958 38.91705958 49 P 0
L 168.9402768 46.0296768 169.32332658 46.0296768 53 P 0
L 168.95710176 39.11961442 168.95710176 39.21390176 49 P 0
L 168.95710176 39.21390176 169.1947975 39.4515975 49 P 0
L 168.9821106 48.97000112 169.52500004 48.97000112 50 P 0
L 168.9862 40.02520062 168.9862 40.52339876 49 P 0
L 168.9862 40.52339876 168.9878002 40.52499896 49 P 0
L 168.9878002 40.52499896 169.00000236 40.52499896 49 P 0
L 168.98890256 44.11389958 169.00000236 44.12499938 52 P 0
L 168.99840216 40.9234005 169.00000236 40.9250007 49 P 0
L 168.99840216 42.52660024 169.00000236 42.52500004 49 P 0
L 168.99840216 43.32659864 169.00000236 43.32499844 49 P 0
L 168.99840216 44.52339838 169.00000236 44.52499858 49 P 0
L 169.0696009 46.47440032 169.09520156 46.50000098 49 P 0
L 169.09520156 46.50000098 169.55000126 46.50000098 49 P 0
L 169.16258522 51.78700082 169.44114956 52.06556516 50 P 0
L 169.18243786 54.03096636 169.50596528 54.03096636 50 P 0
L 169.1947975 39.4515975 169.74840066 39.4515975 49 P 0
L 169.31505126 37.23774874 169.31763698 37.23774874 49 P 0
L 169.32332658 46.0296768 169.32500044 46.03135066 53 P 0
L 169.37399958 50.99100038 169.52500004 50.83999992 50 P 0
L 169.37759876 33.88887304 169.37759876 36.3821091 49 P 0
L 169.37759876 36.3821091 170.0501425 37.05465284 49 P 0
L 169.42225958 38.91705958 169.46032402 38.91705958 49 P 0
L 169.44114956 52.06556516 169.50596528 52.06556516 50 P 0
L 169.46032402 38.91705958 169.66466194 39.1213975 49 P 0
L 169.50059826 48.34940038 169.52500004 48.3249986 50 P 0
L 169.50596528 52.06556516 169.52500004 52.08459992 50 P 0
L 169.50596528 54.03096636 169.52500004 54.05000112 50 P 0
L 169.52500004 47.7249998 169.5440348 47.74403456 50 P 0
L 169.52500004 49.56999992 170.96999842 49.56999992 50 P 0
L 169.52500004 50.24000112 170.74000142 50.24000112 50 P 0
L 169.52500004 51.48460112 170.22960112 51.48460112 50 P 0
L 169.52500004 53.32919992 171.66400008 53.32919992 49 P 0
L 169.52500004 54.64999992 171.53700008 54.64999992 50 P 0
L 169.5440348 47.74403456 169.60885052 47.74403456 50 P 0
L 169.55000126 47.09999978 169.76703664 47.31703516 50 P 0
L 169.60885052 47.74403456 170.2490499 48.38423394 50 P 0
L 169.66466194 39.1213975 169.88517204 39.1213975 49 P 0
L 169.7228 32.3342 170.17292102 32.78432102 49 P 0
L 169.74580986 38.50400986 169.7584743 38.50400986 49 P 0
L 169.74840066 39.4515975 169.75000086 39.4531977 49 P 0
L 169.75000086 39.4531977 169.75000086 39.77500046 49 P 0
L 169.7584743 38.50400986 170.04566448 38.79120004 49 P 0
L 169.76703664 47.31703516 169.78184992 47.31703516 50 P 0
L 169.78184992 47.31703516 170.35685004 47.89203528 50 P 0
L 169.80419938 33.8125816 169.80419938 36.20540638 51 P 0
L 169.88517204 39.1213975 169.88517458 39.12140004 49 P 0
L 169.88517458 39.12140004 169.94468932 39.12140004 49 P 0
L 169.94468932 39.12140004 170.1484024 39.32511312 49 P 0
L 170.04566448 38.79120004 170.0814607 38.79120004 49 P 0
L 170.0501425 37.05465284 170.15145548 37.05465284 49 P 0
L 170.0814607 38.79120004 170.5484016 39.25814094 49 P 0
L 170.1484024 39.32511312 170.1484024 39.77340026 49 P 0
L 170.1484024 39.77340026 170.1500026 39.77500046 49 P 0
L 170.15145548 37.05465284 170.87240146 37.77559882 49 P 0
L 170.17292102 32.78432102 170.17292102 34.7199204 49 P 0
L 170.17292102 34.7199204 170.63200062 35.179 49 P 0
L 170.22960112 51.48460112 170.2562 51.5112 50 P 0
L 170.2490499 48.38423394 170.2490499 48.71386752 50 P 0
L 170.2490499 48.71386752 170.71625496 49.18107258 50 P 0
L 170.2562 51.5112 170.28279888 51.48460112 50 P 0
L 170.28279888 51.48460112 171.13460312 51.48460112 50 P 0
L 170.35685004 47.89203528 172.70685042 47.89203528 50 P 0
L 170.37318732 38.47993828 170.37318732 38.49260272 49 P 0
L 170.37318732 38.49260272 170.5799992 38.6994146 49 P 0
L 170.4594 47.16903698 170.76358278 47.47321976 50 P 0
L 170.5484016 39.25814094 170.5484016 39.77340026 49 P 0
L 170.5484016 39.77340026 170.5500018 39.77500046 49 P 0
L 170.5500018 45.67499882 170.551602 45.67659902 49 P 0
L 170.551602 45.67659902 170.551602 46.1248887 49 P 0
L 170.551602 46.1248887 170.62019978 46.19348648 49 P 0
L 170.5799992 38.6994146 170.5799992 38.73489586 49 P 0
L 170.5799992 38.73489586 170.9484008 39.10329746 49 P 0
L 170.6118 46.6344 170.62019978 46.6344 49 P 0
L 170.62019978 46.19348648 170.62019978 46.6344 49 P 0
L 170.71625496 49.18107258 171.43359668 49.18107258 50 P 0
L 170.74000142 50.24000112 171.51470142 51.01470112 50 P 0
L 170.76358278 47.47321976 172.66981976 47.47321976 50 P 0
L 170.9484008 39.10329746 170.9484008 39.77340026 49 P 0
L 170.9484008 39.77340026 170.950001 39.77500046 49 P 0
L 170.950001 45.67499882 170.9516012 45.67659902 49 P 0
L 170.9516012 45.67659902 170.9516012 46.33093604 49 P 0
L 170.9516012 46.33093604 171.06460072 46.44393556 49 P 0
L 170.96999842 49.56999992 171.44400052 50.04400202 50 P 0
L 171.06460072 46.44393556 171.06460072 46.4566 49 P 0
L 171.13460312 51.48460112 172.60000278 52.95000078 50 P 0
L 171.1706 56.6976006 172.7913994 56.6976006 50 P 0
L 171.35000274 45.67499882 171.35160294 45.67659902 49 P 0
L 171.35160294 45.67659902 171.35160294 46.14029888 49 P 0
L 171.35160294 46.14029888 171.49120134 46.27989728 49 P 0
L 171.3992 46.79953556 171.3992 46.8122 49 P 0
L 171.3992 46.79953556 171.49120134 46.70753422 49 P 0
L 171.40759978 38.4302 171.40759978 38.4801999 49 P 0
L 171.40759978 38.4302 171.4310008 38.40679898 49 P 0
L 171.40759978 38.4801999 171.68500588 38.757606 49 P 0
L 171.4310008 37.81699828 171.4310008 38.40679898 49 P 0
L 171.4310008 37.81699828 171.47240026 37.77559882 49 P 0
L 171.43359668 49.18107258 172.4710546 50.2185305 50 P 0
L 171.44400052 50.04400202 173.34999874 51.95000024 50 P 0
L 171.49120134 46.27989728 171.49120134 46.70753422 49 P 0
L 171.51470142 51.01470112 172.94999954 52.44999924 50 P 0
L 171.53700008 54.64999992 172.7454 53.4416 50 P 0
L 171.6499996 48.47500084 171.93779938 48.47500084 49 P 0
L 171.68500588 38.757606 171.68500588 39.011606 49 P 0
L 171.68500588 39.011606 171.75000194 39.07660206 49 P 0
L 171.75000194 39.07660206 171.75000194 39.77500046 49 P 0
L 171.75160214 45.99840178 171.82140134 46.06820098 49 P 0
L 171.82140134 46.06820098 171.82140134 46.5359369 49 P 0
L 171.82140134 46.5359369 171.9834 46.69793556 49 P 0
L 171.93779938 48.47500084 172.1612 48.69840146 49 P 0
L 171.95000154 42.72499964 172.55000034 42.12500084 49 P 0
L 171.95000154 42.72499964 172.55000034 43.32499844 49 P 0
L 172.13700142 34.41192762 172.14296534 34.4059637 50 P 0
L 172.13700142 34.44999968 172.13700142 34.48807174 50 P 0
L 172.13700142 34.44999968 172.13700142 35.06199744 50 P 0
L 172.13700142 36.29999852 172.13700142 36.33807058 50 P 0
L 172.13700142 36.29999852 172.14296534 36.2940346 50 P 0
L 172.13700142 36.33807058 172.15000368 36.35107284 50 P 0
L 172.14296534 34.4059637 172.1810374 34.4059637 50 P 0
L 172.14296534 35.68203684 172.14296534 36.2940346 50 P 0
L 172.14296534 35.68203684 172.15000368 35.6749985 50 P 0
L 172.15000114 38.75000124 172.15000114 39.77500046 50 P 0
L 172.15000114 38.75000124 172.15000368 38.7499987 50 P 0
L 172.15000114 45.67499882 172.15160134 45.67659902 49 P 0
L 172.15000368 36.35107284 172.15000368 36.92500108 50 P 0
L 172.15000368 37.52499988 172.15000368 38.1499999 50 P 0
L 172.15160134 45.67659902 172.15160134 46.2565369 49 P 0
L 172.15160134 46.2565369 172.4152 46.52013556 49 P 0
L 172.1612 48.69840146 172.1612 49.1744 49 P 0
L 172.167804 38.16780022 172.8216 38.16780022 50 P 0
L 172.1810374 34.4059637 172.3732011 34.2138 50 P 0
L 172.3732011 34.2138 175.768 34.2138 50 P 0
L 172.4152 46.52013556 172.4152 46.5328 49 P 0
L 172.4710546 50.2185305 173.7025228 51.4499987 50 P 0
L 172.55000034 38.83799954 172.55000034 39.77500046 49 P 0
L 172.55000034 38.83799954 172.57540034 38.83799954 49 P 0
L 172.55000034 39.77500046 172.55000034 42.12500084 49 P 0
L 172.55000034 43.32499844 174.90000072 43.32499844 49 P 0
L 172.57540034 38.83799954 172.7716001 38.64179978 49 P 0
L 172.60000278 52.95000078 177.34991708 52.95000078 50 P 0
L 172.66981976 47.47321976 172.69970794 47.50310794 50 P 0
L 172.69970794 47.50310794 172.86794738 47.50310794 50 P 0
L 172.70685042 47.89203528 172.85796518 48.04315004 50 P 0
L 172.7454 53.4416 173.4312 53.4416 50 P 0
L 172.7716001 38.64179978 172.8216 38.64179978 49 P 0
L 172.7913994 56.6976006 175.51996646 53.96903354 50 P 0
L 172.85796518 48.04315004 172.85796518 48.65196518 50 P 0
L 172.85796518 48.65196518 173.609 49.403 50 P 0
L 172.86794738 47.50310794 173.24689252 47.88205308 50 P 0
L 172.87999968 46.48713334 172.87999968 46.49979778 49 P 0
L 172.87999968 46.48713334 172.95000208 46.41713094 49 P 0
L 172.94999954 52.44999924 177.35001868 52.44999924 50 P 0
L 172.95000208 39.39400046 172.95000208 39.77500046 49 P 0
L 172.95000208 39.39400046 173.01980128 39.32420126 49 P 0
L 172.95000208 45.67499882 172.95000208 46.41713094 49 P 0
L 173.01980128 39.12296976 173.01980128 39.32420126 49 P 0
L 173.01980128 39.12296976 173.45159874 38.6911723 49 P 0
L 173.24689252 47.88205308 173.24689252 48.12649252 50 P 0
L 173.24689252 48.12649252 174.3202 49.1998 50 P 0
L 173.34999874 51.95000024 176.9805198 51.95000024 50 P 0
L 173.35000128 39.25974114 173.35000128 39.77500046 49 P 0
L 173.35000128 39.25974114 173.79441492 38.8153275 49 P 0
L 173.35000128 45.67499882 173.35000128 46.41353684 49 P 0
L 173.35000128 46.41353684 173.4312 46.49473556 49 P 0
L 173.4312 46.49473556 173.4312 46.5074 49 P 0
L 173.4312 53.4416 173.43959978 53.44999978 50 P 0
L 173.43959978 53.44999978 176.6299998 53.44999978 50 P 0
L 173.45159874 38.48540182 173.45159874 38.6911723 49 P 0
L 173.45159874 38.48540182 173.47499976 38.4620008 49 P 0
L 173.47499976 38.4620008 173.52499966 38.4620008 49 P 0
L 173.609 49.403 173.609 50.4698 50 P 0
L 173.609 50.4698 174.0891997 50.9499997 50 P 0
L 173.7025228 51.4499987 176.88434524 51.4499987 50 P 0
L 173.75000048 39.77500046 173.75160068 39.77340026 49 P 0
L 173.75160068 39.32511312 173.75160068 39.77340026 49 P 0
L 173.75160068 39.32511312 173.95531376 39.12140004 49 P 0
L 173.79441492 38.8153275 173.79496356 38.8153275 49 P 0
L 173.79496356 38.8153275 173.95160028 38.65869078 49 P 0
L 173.95160028 37.47511174 173.95160028 38.65869078 49 P 0
L 173.95160028 37.47511174 174.30331154 37.12340048 49 P 0
L 173.95531376 39.12140004 173.9558624 39.12140004 49 P 0
L 173.9558624 39.12140004 174.32800542 38.74925702 49 P 0
L 174.0891997 50.9499997 176.6299998 50.9499997 50 P 0
L 174.30331154 37.12340048 174.3766007 37.12340048 49 P 0
L 174.3202 49.1998 174.3202 49.784 50 P 0
L 174.3202 49.784 174.9862007 50.4500007 50 P 0
L 174.32800542 38.74925702 175.10074454 38.74925702 49 P 0
L 174.3766007 37.12340048 174.65000122 36.84999996 49 P 0
L 174.90000072 40.52499896 175.2075998 40.52499896 49 P 0
L 174.90000072 42.12500084 174.90160092 42.12340064 49 P 0
L 174.90000072 42.92499924 175.22180094 42.92499924 49 P 0
L 174.90000072 43.32499844 174.90160092 43.32339824 49 P 0
L 174.90000072 43.72500018 175.6774236 43.72500018 49 P 0
L 174.90000072 44.12499938 176.34479844 44.12499938 49 P 0
L 174.90160092 42.12340064 175.34988806 42.12340064 49 P 0
L 174.90160092 43.32339824 175.46305776 43.32339824 49 P 0
L 174.9862007 50.4500007 176.6299998 50.4500007 50 P 0
L 175.10074454 38.74925702 175.95000116 37.9000004 49 P 0
L 175.2075998 40.52499896 175.2092 40.52339876 49 P 0
L 175.2092 39.5732 175.2181535 39.5642465 49 P 0
L 175.2092 40.2336 175.2092 40.52339876 49 P 0
L 175.2181535 39.3698476 175.2181535 39.5642465 49 P 0
L 175.2181535 39.3698476 175.71300138 38.87499972 49 P 0
L 175.22180094 42.92499924 175.29320034 42.85359984 49 P 0
L 175.26 49.911 175.2689535 49.9199535 49 P 0
L 175.2689535 49.9199535 176.59995414 49.9199535 49 P 0
L 175.29320034 42.85359984 175.4196898 42.85359984 49 P 0
L 175.34988806 42.12340064 175.87380116 41.59948754 49 P 0
L 175.4196898 42.85359984 175.43533366 42.83795598 49 P 0
L 175.43533366 42.83795598 175.5563799 42.83795598 49 P 0
L 175.46305776 43.32339824 175.48805644 43.29839956 49 P 0
L 175.48805644 43.29839956 175.50072088 43.29839956 49 P 0
L 175.51996646 53.96903354 176.61096504 53.96903354 50 P 0
L 175.5563799 42.83795598 175.5653334 42.82900248 49 P 0
L 175.6774236 43.72500018 176.05539846 43.34702532 49 P 0
L 175.71300138 38.82499982 175.71300138 38.87499972 49 P 0
L 175.768 34.2138 176.1744 33.8074 50 P 0
L 175.87380116 41.50219792 175.87380116 41.59948754 49 P 0
L 175.87380116 41.50219792 175.92220086 41.45379822 49 P 0
L 175.92220086 39.55839942 176.21280226 39.26779802 49 P 0
L 175.92220086 40.15839822 175.97060056 40.20679792 49 P 0
L 175.92220086 41.45379822 176.65880086 41.45379822 49 P 0
L 175.95000116 37.9000004 176.00000106 37.9000004 49 P 0
L 175.97060056 40.20679792 176.17230958 40.20679792 49 P 0
L 176.05539846 42.9824007 176.05539846 43.34702532 49 P 0
L 176.05539846 42.9824007 176.4038001 42.63399906 49 P 0
L 176.09002374 33.05780028 176.1495588 32.99826522 50 P 0
L 176.10000086 29.15000012 176.10000086 30.74359866 50 P 0
L 176.10000086 31.55639866 176.15639902 31.61279682 50 P 0
L 176.1495588 32.35683902 176.1495588 32.99826522 50 P 0
L 176.1495588 32.35683902 176.15639902 32.3499988 50 P 0
L 176.15639902 31.61279682 176.15639902 32.3499988 50 P 0
L 176.17230958 40.20679792 176.41451128 40.44899962 49 P 0
L 176.18700094 38.77499992 176.18700094 38.82499982 49 P 0
L 176.18700094 38.77499992 176.39584736 38.5661535 49 P 0
L 176.21280226 39.26779802 176.56953764 39.26779802 49 P 0
L 176.34479844 44.12499938 176.4538 44.23400094 49 P 0
L 176.39584736 38.5661535 176.6226465 38.5661535 49 P 0
L 176.4038001 42.63399906 176.4538 42.63399906 49 P 0
L 176.41451128 40.44899962 176.50088652 40.44899962 49 P 0
L 176.4538 42.63399906 177.21159884 42.63399906 49 P 0
L 176.50088652 40.44899962 176.61991854 40.56803164 49 P 0
L 176.56953764 39.26779802 176.78733502 39.05000064 49 P 0
L 176.59995414 49.9199535 176.6299998 49.94999916 49 P 0
L 176.61096504 53.96903354 176.6299998 53.94999878 50 P 0
L 176.61991854 40.56803164 176.61991854 40.8149171 49 P 0
L 176.61991854 40.8149171 176.65880086 40.85379942 49 P 0
L 176.6226465 38.5661535 176.6316 38.5572 49 P 0
L 176.68420086 39.62139904 177.39540086 39.62139904 49 P 0
L 176.68420086 40.0953986 177.39540086 40.0953986 49 P 0
L 176.78733502 39.05000064 176.79999946 39.05000064 49 P 0
L 177.21159884 42.63399906 177.37099908 42.7933993 49 P 0
L 177.3682 43.77693556 177.3682 43.7896 49 P 0
L 177.3682 43.77693556 177.4444 43.70073556 49 P 0
L 177.37099908 42.8433992 177.4444 42.8433992 49 P 0
L 177.39540086 40.0953986 177.40159846 40.0953986 49 P 0
L 177.40159846 40.0953986 177.42499948 40.11879962 49 P 0
L 177.419 41.46920078 177.42199974 41.46620104 49 P 0
L 177.419 41.99519922 177.4444 42.02059922 49 P 0
L 177.419 43.34079978 177.4444 43.34079978 49 P 0
L 177.42199974 40.95299912 177.42199974 41.46620104 49 P 0
L 177.42199974 40.95299912 177.42499948 40.94999938 49 P 0
L 177.42499948 40.11879962 177.42499948 40.94999938 49 P 0
L 177.4444 42.02059922 177.4444 42.8433992 49 P 0
L 177.4444 43.34079978 177.4444 43.70073556 49 P 0
P 149.4536 55.7070006 12 P 0 0 ;0=12,1=0,2
P 149.4536 56.3069994 12 P 0 0 ;0=12,1=0,2
P 150.0378 46.0756 10 P 0 0 ;0=10,1=0,2
P 150.26500046 37.47499998 57 P 0 0 ;0=51,1=0
P 150.26500046 42.27500054 57 P 0 0 ;0=51,1=0
P 150.72309962 55.3760005 8 P 0 0 ;0=8,1=0,2
P 150.72309962 55.8759995 8 P 0 0 ;0=8,1=0,2
P 150.73559896 54.86349962 9 P 0 0 ;0=9,1=0,2
P 150.73559896 56.38850038 9 P 0 0 ;0=9,1=0,2
P 151.0538 51.1556 10 P 0 0 ;0=10,1=0,2
P 151.23439908 27.31959992 5 P 0 0 ;0=5,1=0,2
P 151.2356005 54.86349962 9 P 0 0 ;0=9,1=0,2
P 151.2356005 56.38850038 9 P 0 0 ;0=9,1=0,2
P 151.33040092 52.832 18 P 0 0 ;0=18,1=0,2
P 151.56200066 53.7464 15 P 0 0 ;0=15,1=0,2
P 151.58000164 37.12500068 0 P 0 0 ;0=0,1=0,2
P 151.58000164 38.62500022 1 P 0 0 ;0=1,1=0,2
P 151.58000164 39.12499922 1 P 0 0 ;0=1,1=0,2
P 151.58000164 39.62500076 1 P 0 0 ;0=1,1=0,2
P 151.58000164 40.12499976 1 P 0 0 ;0=1,1=0,2
P 151.58000164 40.6250013 1 P 0 0 ;0=1,1=0,2
P 151.58000164 41.1250003 1 P 0 0 ;0=1,1=0,2
P 151.58000164 42.62499984 0 P 0 0 ;0=0,1=0,2
P 151.638 49.3522 61 P 0 0 ;0=55,1=0
P 151.7355995 54.86349962 9 P 0 0 ;0=9,1=0,2
P 151.7355995 56.38850038 9 P 0 0 ;0=9,1=0,2
P 152.22199934 53.7464 15 P 0 0 ;0=15,1=0,2
P 152.23560104 54.86349962 9 P 0 0 ;0=9,1=0,2
P 152.23560104 56.38850038 9 P 0 0 ;0=9,1=0,2
P 152.24810038 55.3760005 8 P 0 0 ;0=8,1=0,2
P 152.24810038 55.8759995 8 P 0 0 ;0=8,1=0,2
P 152.25039908 52.832 18 P 0 0 ;0=18,1=0,2
P 152.41500124 36.12500014 58 P 0 0 ;0=52,1=0
P 152.41500124 43.62500038 59 P 0 0 ;0=53,1=0
P 153.25000084 37.12500068 0 P 0 0 ;0=0,1=0,2
P 153.25000084 38.62500022 1 P 0 0 ;0=1,1=0,2
P 153.25000084 39.12499922 1 P 0 0 ;0=1,1=0,2
P 153.25000084 39.62500076 1 P 0 0 ;0=1,1=0,2
P 153.25000084 40.12499976 1 P 0 0 ;0=1,1=0,2
P 153.25000084 40.6250013 1 P 0 0 ;0=1,1=0,2
P 153.25000084 41.1250003 1 P 0 0 ;0=1,1=0,2
P 153.25000084 42.62499984 0 P 0 0 ;0=0,1=0,2
P 153.543 55.8086006 12 P 0 0 ;0=12,1=0,2
P 153.543 56.4085994 12 P 0 0 ;0=12,1=0,2
P 153.58439946 33.06960112 4 P 0 0 ;0=4,1=0,2
P 153.8534007 45.05360052 15 P 0 0 ;0=15,1=0,2
P 153.93420064 45.8010006 12 P 0 0 ;0=12,1=0,2
P 153.93420064 46.5630006 12 P 0 0 ;0=12,1=0,2
P 153.93420064 47.2996006 12 P 0 0 ;0=12,1=0,2
P 153.93420064 48.0616006 12 P 0 0 ;0=12,1=0,2
P 153.93420064 49.5348006 12 P 0 0 ;0=12,1=0,2
P 153.93420064 50.7540006 12 P 0 0 ;0=12,1=0,2
P 153.93420064 51.5160006 12 P 0 0 ;0=12,1=0,2
P 154.51339938 45.05360052 15 P 0 0 ;0=15,1=0,2
P 154.53419944 45.8010006 12 P 0 0 ;0=12,1=0,2
P 154.53419944 46.5630006 12 P 0 0 ;0=12,1=0,2
P 154.53419944 47.2996006 12 P 0 0 ;0=12,1=0,2
P 154.53419944 48.0616006 12 P 0 0 ;0=12,1=0,2
P 154.53419944 49.5348006 12 P 0 0 ;0=12,1=0,2
P 154.53419944 50.7540006 12 P 0 0 ;0=12,1=0,2
P 154.53419944 51.5160006 12 P 0 0 ;0=12,1=0,2
P 154.56500202 37.47499998 57 P 0 0 ;0=51,1=0
P 154.56500202 42.27500054 57 P 0 0 ;0=51,1=0
P 155.58440054 33.06960112 4 P 0 0 ;0=4,1=0,2
P 155.86460064 45.06820044 13 P 0 0 ;0=13,1=0,2
P 155.86460064 45.56819944 13 P 0 0 ;0=13,1=0,2
P 155.86460064 46.06820098 13 P 0 0 ;0=13,1=0,2
P 155.86460064 46.56819998 13 P 0 0 ;0=13,1=0,2
P 155.86460064 47.06820152 13 P 0 0 ;0=13,1=0,2
P 155.86460064 47.56820052 13 P 0 0 ;0=13,1=0,2
P 155.86460064 48.06819952 13 P 0 0 ;0=13,1=0,2
P 155.86460064 48.56820106 13 P 0 0 ;0=13,1=0,2
P 155.86460064 49.06820006 13 P 0 0 ;0=13,1=0,2
P 155.86460064 49.5682016 13 P 0 0 ;0=13,1=0,2
P 155.86460064 50.0682006 13 P 0 0 ;0=13,1=0,2
P 155.86460064 50.5681996 13 P 0 0 ;0=13,1=0,2
P 155.86460064 51.06820114 13 P 0 0 ;0=13,1=0,2
P 155.86460064 51.56820014 13 P 0 0 ;0=13,1=0,2
P 155.86460064 52.06820168 13 P 0 0 ;0=13,1=0,2
P 155.86460064 52.56820068 13 P 0 0 ;0=13,1=0,2
P 156.51200092 39.37500126 39 P 0 0 ;0=39,1=0,2
P 156.51200092 39.87500026 39 P 0 0 ;0=39,1=0,2
P 156.51200092 40.37499926 39 P 0 0 ;0=39,1=0,2
P 156.54999932 37.1380004 11 P 0 0 ;0=11,1=0,2
P 156.54999932 37.61199996 11 P 0 0 ;0=11,1=0,2
P 156.726001 35.4584 27 P 0 0 ;0=27,1=0,2
P 157.37499894 37.06999952 41 P 0 0 ;0=41,1=0,2
P 157.37499894 37.7299982 41 P 0 0 ;0=41,1=0,2
P 157.53620004 55.94539992 19 P 0 0 ;0=19,1=0,2
P 157.53620004 56.61540112 19 P 0 0 ;0=19,1=0,2
P 157.55679944 41.67540052 16 P 0 0 ;0=16,1=0,2
P 157.725999 35.4584 27 P 0 0 ;0=27,1=0,2
P 157.85260022 43.08020086 14 P 0 0 ;0=14,1=0,2
P 157.85260022 54.55620026 14 P 0 0 ;0=14,1=0,2
P 157.93440092 27.31959992 5 P 0 0 ;0=5,1=0,2
P 158.1879996 39.37500126 39 P 0 0 ;0=39,1=0,2
P 158.1879996 39.87500026 39 P 0 0 ;0=39,1=0,2
P 158.1879996 40.37499926 39 P 0 0 ;0=39,1=0,2
P 158.2000011 37.16800034 40 P 0 0 ;0=40,1=0,2
P 158.2000011 37.58200002 40 P 0 0 ;0=40,1=0,2
P 158.22680064 41.67540052 16 P 0 0 ;0=16,1=0,2
P 158.35259922 43.08020086 14 P 0 0 ;0=14,1=0,2
P 158.35259922 54.55620026 14 P 0 0 ;0=14,1=0,2
P 158.58039912 56.4896 35 P 0 0 ;0=35,1=0,2
P 158.85260076 43.08020086 14 P 0 0 ;0=14,1=0,2
P 158.85260076 54.55620026 14 P 0 0 ;0=14,1=0,2
P 159.00940004 41.1322012 12 P 0 0 ;0=12,1=0,2
P 159.00940004 41.7322 12 P 0 0 ;0=12,1=0,2
P 159.1007994 34.3154 16 P 0 0 ;0=16,1=0,2
P 159.11079938 35.21700094 42 P 0 0 ;0=42,1=0,2
P 159.11079938 36.15699906 42 P 0 0 ;0=42,1=0,2
P 159.1261994 37.1348 16 P 0 0 ;0=16,1=0,2
P 159.16299892 39.35000004 37 P 0 0 ;0=37,1=0,2
P 159.16299892 40.42499916 37 P 0 0 ;0=37,1=0,2
P 159.35259976 43.08020086 14 P 0 0 ;0=14,1=0,2
P 159.35259976 54.55620026 14 P 0 0 ;0=14,1=0,2
P 159.4358 35.687 38 P 0 8 45 ;0=38,1=0,2
P 159.76080062 35.21700094 42 P 0 0 ;0=42,1=0,2
P 159.76080062 36.15699906 42 P 0 0 ;0=42,1=0,2
P 159.76659944 41.7116006 16 P 0 0 ;0=16,1=0,2
P 159.7708006 34.3154 16 P 0 0 ;0=16,1=0,2
P 159.7962006 37.1348 16 P 0 0 ;0=16,1=0,2
P 159.84979968 30.1752 28 P 0 0 ;0=28,1=0,2
P 159.8526013 43.08020086 14 P 0 0 ;0=14,1=0,2
P 159.8526013 54.55620026 14 P 0 0 ;0=14,1=0,2
P 159.98700032 39.35000004 37 P 0 0 ;0=37,1=0,2
P 159.98700032 40.42499916 37 P 0 0 ;0=37,1=0,2
P 160.06660138 26.95059888 2 P 0 0 ;0=2,1=0,2
P 160.24040088 56.4896 35 P 0 0 ;0=35,1=0,2
P 160.3248 31.40719906 46 P 0 0 ;0=46,1=0,2
P 160.3248 33.00720094 46 P 0 0 ;0=46,1=0,2
P 160.3526003 43.08020086 14 P 0 0 ;0=14,1=0,2
P 160.3526003 54.55620026 14 P 0 0 ;0=14,1=0,2
P 160.43660064 41.7116006 16 P 0 0 ;0=16,1=0,2
P 160.6804 34.3097993 36 P 0 0 ;0=36,1=0,2
P 160.6804 35.1338007 36 P 0 0 ;0=36,1=0,2
P 160.79980032 30.1752 28 P 0 0 ;0=28,1=0,2
P 160.8525993 43.08020086 14 P 0 0 ;0=14,1=0,2
P 160.8525993 54.55620026 14 P 0 0 ;0=14,1=0,2
P 161.21920004 55.9308 19 P 0 0 ;0=19,1=0,2
P 161.21920004 56.6008012 19 P 0 0 ;0=19,1=0,2
P 161.23979944 40.9750006 16 P 0 0 ;0=16,1=0,2
P 161.2448007 41.7116006 15 P 0 0 ;0=15,1=0,2
P 161.35260084 43.08020086 14 P 0 0 ;0=14,1=0,2
P 161.35260084 54.55620026 14 P 0 0 ;0=14,1=0,2
P 161.49340066 30.970601 39 P 0 0 ;0=39,1=0,2
P 161.49340066 31.4706 39 P 0 0 ;0=39,1=0,2
P 161.49340066 31.970599 39 P 0 0 ;0=39,1=0,2
P 161.4980006 33.02 12 P 0 0 ;0=12,1=0,2
P 161.56660092 27.0256 60 P 0 0 ;0=54,1=0
P 161.72299888 34.83680104 34 P 0 0 ;0=34,1=0,2
P 161.72299888 35.33680004 34 P 0 0 ;0=34,1=0,2
P 161.72299888 35.83680158 34 P 0 0 ;0=34,1=0,2
P 161.72299888 36.33680058 34 P 0 0 ;0=34,1=0,2
P 161.72299888 36.83680212 34 P 0 0 ;0=34,1=0,2
P 161.72299888 37.33680112 34 P 0 0 ;0=34,1=0,2
P 161.85259984 43.08020086 14 P 0 0 ;0=14,1=0,2
P 161.85259984 54.55620026 14 P 0 0 ;0=14,1=0,2
P 161.8685993 30.0482 37 P 0 0 ;0=37,1=0,2
P 161.90479938 41.7116006 15 P 0 0 ;0=15,1=0,2
P 161.90980064 40.9750006 16 P 0 0 ;0=16,1=0,2
P 162.0322007 55.9102006 15 P 0 0 ;0=15,1=0,2
P 162.06659992 28.30559998 3 P 0 0 ;0=3,1=0,2
P 162.0979994 33.02 12 P 0 0 ;0=12,1=0,2
P 162.13080096 56.8500006 18 P 0 0 ;0=18,1=0,2
P 162.35260138 43.08020086 14 P 0 0 ;0=14,1=0,2
P 162.35260138 54.55620026 14 P 0 0 ;0=14,1=0,2
P 162.47299992 34.0868 32 P 0 0 ;0=32,1=0,2
P 162.47299992 38.08680216 32 P 0 0 ;0=32,1=0,2
P 162.6235 39.7129 61 P 0 0 ;0=55,1=0
P 162.69219938 55.9102006 15 P 0 0 ;0=15,1=0,2
P 162.6926007 30.0482 37 P 0 0 ;0=37,1=0,2
P 162.78020022 32.9438 17 P 0 0 ;0=17,1=0,2
P 162.85260038 43.08020086 14 P 0 0 ;0=14,1=0,2
P 162.85260038 54.55620026 14 P 0 0 ;0=14,1=0,2
P 162.97299892 34.0868 32 P 0 0 ;0=32,1=0,2
P 162.97299892 38.08680216 32 P 0 0 ;0=32,1=0,2
P 163.05079912 56.8500006 18 P 0 0 ;0=18,1=0,2
P 163.06660046 28.30559998 3 P 0 0 ;0=3,1=0,2
P 163.16939934 30.970601 39 P 0 0 ;0=39,1=0,2
P 163.16939934 31.4706 39 P 0 0 ;0=39,1=0,2
P 163.16939934 31.970599 39 P 0 0 ;0=39,1=0,2
P 163.25419978 32.9438 17 P 0 0 ;0=17,1=0,2
P 163.35259938 43.08020086 14 P 0 0 ;0=14,1=0,2
P 163.35259938 54.55620026 14 P 0 0 ;0=14,1=0,2
P 163.47300046 34.0868 32 P 0 0 ;0=32,1=0,2
P 163.47300046 38.08680216 32 P 0 0 ;0=32,1=0,2
P 163.5308007 55.9102006 15 P 0 0 ;0=15,1=0,2
P 163.6062006 30.0228 12 P 0 0 ;0=12,1=0,2
P 163.72299996 36.08680108 33 P 0 0 ;0=33,1=0,2
P 163.85260092 43.08020086 14 P 0 0 ;0=14,1=0,2
P 163.85260092 54.55620026 14 P 0 0 ;0=14,1=0,2
P 163.95759944 56.6976006 16 P 0 0 ;0=16,1=0,2
P 163.97299946 34.0868 32 P 0 0 ;0=32,1=0,2
P 163.97299946 38.08680216 32 P 0 0 ;0=32,1=0,2
P 164.01539968 39.2938 28 P 0 0 ;0=28,1=0,2
P 164.06619968 30.9626 28 P 0 0 ;0=28,1=0,2
P 164.066601 28.30559998 3 P 0 0 ;0=3,1=0,2
P 164.09420064 40.8226006 12 P 0 0 ;0=12,1=0,2
P 164.10960066 32.9184 15 P 0 0 ;0=15,1=0,2
P 164.13200092 32.0548 18 P 0 0 ;0=18,1=0,2
P 164.17420048 41.6354006 17 P 0 0 ;0=17,1=0,2
P 164.19079938 55.9102006 15 P 0 0 ;0=15,1=0,2
P 164.2061994 30.0228 12 P 0 0 ;0=12,1=0,2
P 164.35259992 43.08020086 14 P 0 0 ;0=14,1=0,2
P 164.35259992 54.55620026 14 P 0 0 ;0=14,1=0,2
P 164.473001 34.0868 32 P 0 0 ;0=32,1=0,2
P 164.473001 38.08680216 32 P 0 0 ;0=32,1=0,2
P 164.5666 27.0256 60 P 0 0 ;0=54,1=0
P 164.62760064 56.6976006 16 P 0 0 ;0=16,1=0,2
P 164.64820004 41.6354006 17 P 0 0 ;0=17,1=0,2
P 164.69419944 40.8226006 12 P 0 0 ;0=12,1=0,2
P 164.76959934 32.9184 15 P 0 0 ;0=15,1=0,2
P 164.85260146 43.08020086 14 P 0 0 ;0=14,1=0,2
P 164.85260146 54.55620026 14 P 0 0 ;0=14,1=0,2
P 164.96540032 39.2938 28 P 0 0 ;0=28,1=0,2
P 164.973 34.0868 32 P 0 0 ;0=32,1=0,2
P 164.973 38.08680216 32 P 0 0 ;0=32,1=0,2
P 165.01620032 30.9626 28 P 0 0 ;0=28,1=0,2
P 165.05199908 32.0548 18 P 0 0 ;0=18,1=0,2
P 165.1705993 30.0482 37 P 0 0 ;0=37,1=0,2
P 165.35260046 43.08020086 14 P 0 0 ;0=14,1=0,2
P 165.35260046 54.55620026 14 P 0 0 ;0=14,1=0,2
P 165.72300104 34.83680104 34 P 0 0 ;0=34,1=0,2
P 165.72300104 35.33680004 34 P 0 0 ;0=34,1=0,2
P 165.72300104 35.83680158 34 P 0 0 ;0=34,1=0,2
P 165.72300104 36.33680058 34 P 0 0 ;0=34,1=0,2
P 165.72300104 36.83680212 34 P 0 0 ;0=34,1=0,2
P 165.72300104 37.33680112 34 P 0 0 ;0=34,1=0,2
P 165.9382 32.47820022 11 P 0 0 ;0=11,1=0,2
P 165.9382 32.95219978 11 P 0 0 ;0=11,1=0,2
P 165.9946007 30.0482 37 P 0 0 ;0=37,1=0,2
P 166.06659954 26.95059888 2 P 0 0 ;0=2,1=0,2
P 166.7002 30.6388008 23 P 0 0 ;0=23,1=0,2
P 166.7002 31.0388 23 P 0 0 ;0=23,1=0,2
P 166.86500028 35.84999942 18 P 0 0 ;0=18,1=0,2
P 166.88079908 32.72579942 31 P 0 0 ;0=31,1=0,2
P 167.013001 33.6296 27 P 0 0 ;0=27,1=0,2
P 167.0558 32.28079904 45 P 0 0 ;0=45,1=0,2
P 167.17499966 37.02500088 43 P 0 0 ;0=43,1=0,2
P 167.17499966 38.27500092 43 P 0 0 ;0=43,1=0,2
P 167.23080092 32.72579942 31 P 0 0 ;0=31,1=0,2
P 167.34060004 45.06820044 13 P 0 0 ;0=13,1=0,2
P 167.34060004 45.56819944 13 P 0 0 ;0=13,1=0,2
P 167.34060004 46.06820098 13 P 0 0 ;0=13,1=0,2
P 167.34060004 46.56819998 13 P 0 0 ;0=13,1=0,2
P 167.34060004 47.06820152 13 P 0 0 ;0=13,1=0,2
P 167.34060004 47.56820052 13 P 0 0 ;0=13,1=0,2
P 167.34060004 48.06819952 13 P 0 0 ;0=13,1=0,2
P 167.34060004 48.56820106 13 P 0 0 ;0=13,1=0,2
P 167.34060004 49.06820006 13 P 0 0 ;0=13,1=0,2
P 167.34060004 49.5682016 13 P 0 0 ;0=13,1=0,2
P 167.34060004 50.0682006 13 P 0 0 ;0=13,1=0,2
P 167.34060004 50.5681996 13 P 0 0 ;0=13,1=0,2
P 167.34060004 51.06820114 13 P 0 0 ;0=13,1=0,2
P 167.34060004 51.56820014 13 P 0 0 ;0=13,1=0,2
P 167.34060004 52.06820168 13 P 0 0 ;0=13,1=0,2
P 167.34060004 52.56820068 13 P 0 0 ;0=13,1=0,2
P 167.78499844 35.84999942 18 P 0 0 ;0=18,1=0,2
P 167.8686 40.83480022 11 P 0 0 ;0=11,1=0,2
P 167.8686 41.30879978 11 P 0 0 ;0=11,1=0,2
P 167.9956 55.3974 61 P 0 0 ;0=55,1=0
P 168.012999 33.6296 27 P 0 0 ;0=27,1=0,2
P 168.3004 26.162 56 P 0 0 ;0=50,1=0
P 168.6814 27.432 55 P 0 0 ;0=49,1=0
P 168.6814 28.702 55 P 0 0 ;0=49,1=0
P 168.6814 29.972 55 P 0 0 ;0=49,1=0
P 168.73760004 47.87540082 11 P 0 0 ;0=11,1=0,2
P 168.73760004 48.34940038 11 P 0 0 ;0=11,1=0,2
P 168.73760004 49.19620082 11 P 0 0 ;0=11,1=0,2
P 168.73760004 49.67020038 11 P 0 0 ;0=11,1=0,2
P 168.73760004 50.51700082 11 P 0 0 ;0=11,1=0,2
P 168.73760004 50.99100038 11 P 0 0 ;0=11,1=0,2
P 168.73760004 51.78700082 11 P 0 0 ;0=11,1=0,2
P 168.73760004 52.26100038 11 P 0 0 ;0=11,1=0,2
P 168.73760004 53.15020104 11 P 0 0 ;0=11,1=0,2
P 168.73760004 53.6242006 11 P 0 0 ;0=11,1=0,2
P 168.75000032 46.4509993 11 P 0 0 ;0=11,1=0,2
P 168.75000032 46.92499886 11 P 0 0 ;0=11,1=0,2
P 169.00000236 40.52499896 21 P 0 0 ;0=21,1=0,2
P 169.00000236 40.9250007 21 P 0 0 ;0=21,1=0,2
P 169.00000236 41.3249999 21 P 0 0 ;0=21,1=0,2
P 169.00000236 41.7249991 21 P 0 0 ;0=21,1=0,2
P 169.00000236 42.12500084 21 P 0 0 ;0=21,1=0,2
P 169.00000236 42.52500004 21 P 0 0 ;0=21,1=0,2
P 169.00000236 42.92499924 21 P 0 0 ;0=21,1=0,2
P 169.00000236 43.32499844 21 P 0 0 ;0=21,1=0,2
P 169.00000236 43.72500018 21 P 0 0 ;0=21,1=0,2
P 169.00000236 44.12499938 21 P 0 0 ;0=21,1=0,2
P 169.00000236 44.52499858 21 P 0 0 ;0=21,1=0,2
P 169.00000236 44.92500032 21 P 0 0 ;0=21,1=0,2
P 169.3164 31.242 56 P 0 0 ;0=50,1=0
P 169.52500004 47.7249998 12 P 0 0 ;0=12,1=0,2
P 169.52500004 48.3249986 12 P 0 0 ;0=12,1=0,2
P 169.52500004 48.97000112 12 P 0 0 ;0=12,1=0,2
P 169.52500004 49.56999992 12 P 0 0 ;0=12,1=0,2
P 169.52500004 50.24000112 12 P 0 0 ;0=12,1=0,2
P 169.52500004 50.83999992 12 P 0 0 ;0=12,1=0,2
P 169.52500004 51.48460112 12 P 0 0 ;0=12,1=0,2
P 169.52500004 52.08459992 12 P 0 0 ;0=12,1=0,2
P 169.52500004 52.72920112 12 P 0 0 ;0=12,1=0,2
P 169.52500004 53.32919992 12 P 0 0 ;0=12,1=0,2
P 169.52500004 54.05000112 12 P 0 0 ;0=12,1=0,2
P 169.52500004 54.64999992 12 P 0 0 ;0=12,1=0,2
P 169.55000126 46.50000098 12 P 0 0 ;0=12,1=0,2
P 169.55000126 47.09999978 12 P 0 0 ;0=12,1=0,2
P 169.75000086 39.77500046 22 P 0 0 ;0=22,1=0,2
P 169.75000086 45.67499882 22 P 0 0 ;0=22,1=0,2
P 169.9514 27.432 55 P 0 0 ;0=49,1=0
P 169.9514 28.702 55 P 0 0 ;0=49,1=0
P 169.9514 29.972 55 P 0 0 ;0=49,1=0
P 170.12080022 46.6344 17 P 0 0 ;0=17,1=0,2
P 170.1500026 39.77500046 22 P 0 0 ;0=22,1=0,2
P 170.1500026 45.67499882 22 P 0 0 ;0=22,1=0,2
P 170.3324 26.162 56 P 0 0 ;0=50,1=0
P 170.5500018 39.77500046 22 P 0 0 ;0=22,1=0,2
P 170.5500018 45.67499882 22 P 0 0 ;0=22,1=0,2
P 170.59479978 46.6344 17 P 0 0 ;0=17,1=0,2
P 170.87240146 37.77559882 12 P 0 0 ;0=12,1=0,2
P 170.93360022 38.4302 17 P 0 0 ;0=17,1=0,2
P 170.950001 39.77500046 22 P 0 0 ;0=22,1=0,2
P 170.950001 45.67499882 22 P 0 0 ;0=22,1=0,2
P 171.35000274 39.77500046 22 P 0 0 ;0=22,1=0,2
P 171.35000274 45.67499882 22 P 0 0 ;0=22,1=0,2
P 171.40759978 38.4302 17 P 0 0 ;0=17,1=0,2
P 171.47240026 37.77559882 12 P 0 0 ;0=12,1=0,2
P 171.6499996 48.47500084 6 P 0 0 ;0=6,1=0,2
P 171.6499996 55.92499864 6 P 0 0 ;0=6,1=0,2
P 171.66300186 34.44999968 17 P 0 0 ;0=17,1=0,2
P 171.66300186 36.29999852 17 P 0 0 ;0=17,1=0,2
P 171.75000194 39.77500046 22 P 0 0 ;0=22,1=0,2
P 171.75000194 45.67499882 22 P 0 0 ;0=22,1=0,2
P 171.95000154 42.72499964 20 P 0 0 ;0=20,1=0,2
P 172.13700142 34.44999968 17 P 0 0 ;0=17,1=0,2
P 172.13700142 36.29999852 17 P 0 0 ;0=17,1=0,2
P 172.15000114 39.77500046 22 P 0 0 ;0=22,1=0,2
P 172.15000114 45.67499882 22 P 0 0 ;0=22,1=0,2
P 172.15000368 35.0749997 12 P 0 0 ;0=12,1=0,2
P 172.15000368 35.6749985 12 P 0 0 ;0=12,1=0,2
P 172.15000368 36.92500108 12 P 0 0 ;0=12,1=0,2
P 172.15000368 37.52499988 12 P 0 0 ;0=12,1=0,2
P 172.15000368 38.1499999 12 P 0 0 ;0=12,1=0,2
P 172.15000368 38.7499987 12 P 0 0 ;0=12,1=0,2
P 172.55000034 39.77500046 22 P 0 0 ;0=22,1=0,2
P 172.55000034 45.67499882 22 P 0 0 ;0=22,1=0,2
P 172.8216 38.16780022 11 P 0 0 ;0=11,1=0,2
P 172.8216 38.64179978 11 P 0 0 ;0=11,1=0,2
P 172.95000208 39.77500046 22 P 0 0 ;0=22,1=0,2
P 172.95000208 45.67499882 22 P 0 0 ;0=22,1=0,2
P 173.35000128 39.77500046 22 P 0 0 ;0=22,1=0,2
P 173.35000128 45.67499882 22 P 0 0 ;0=22,1=0,2
P 173.52499966 37.98800124 11 P 0 0 ;0=11,1=0,2
P 173.52499966 38.4620008 11 P 0 0 ;0=11,1=0,2
P 173.75000048 39.77500046 22 P 0 0 ;0=22,1=0,2
P 173.75000048 45.67499882 22 P 0 0 ;0=22,1=0,2
P 174.15000222 39.77500046 22 P 0 0 ;0=22,1=0,2
P 174.15000222 45.67499882 22 P 0 0 ;0=22,1=0,2
P 174.65000122 36.84999996 29 P 0 0 ;0=29,1=0,2
P 174.65000122 37.9000004 29 P 0 0 ;0=29,1=0,2
P 174.90000072 40.52499896 21 P 0 0 ;0=21,1=0,2
P 174.90000072 40.9250007 21 P 0 0 ;0=21,1=0,2
P 174.90000072 41.3249999 21 P 0 0 ;0=21,1=0,2
P 174.90000072 41.7249991 21 P 0 0 ;0=21,1=0,2
P 174.90000072 42.12500084 21 P 0 0 ;0=21,1=0,2
P 174.90000072 42.52500004 21 P 0 0 ;0=21,1=0,2
P 174.90000072 42.92499924 21 P 0 0 ;0=21,1=0,2
P 174.90000072 43.32499844 21 P 0 0 ;0=21,1=0,2
P 174.90000072 43.72500018 21 P 0 0 ;0=21,1=0,2
P 174.90000072 44.12499938 21 P 0 0 ;0=21,1=0,2
P 174.90000072 44.52499858 21 P 0 0 ;0=21,1=0,2
P 174.90000072 44.92500032 21 P 0 0 ;0=21,1=0,2
P 175.34359902 32.3499988 30 P 0 0 ;0=30,1=0,2
P 175.71300138 38.82499982 17 P 0 0 ;0=17,1=0,2
P 175.89680086 45.33639904 11 P 0 0 ;0=11,1=0,2
P 175.89680086 45.8103986 11 P 0 0 ;0=11,1=0,2
P 175.92220086 39.55839942 12 P 0 0 ;0=12,1=0,2
P 175.92220086 40.15839822 12 P 0 0 ;0=12,1=0,2
P 175.92220086 40.85379942 12 P 0 0 ;0=12,1=0,2
P 175.92220086 41.45379822 12 P 0 0 ;0=12,1=0,2
P 176.00000106 36.84999996 29 P 0 0 ;0=29,1=0,2
P 176.00000106 37.9000004 29 P 0 0 ;0=29,1=0,2
P 176.02499974 33.05780028 47 P 0 0 ;0=47,1=0,2
P 176.02499974 33.842198 47 P 0 0 ;0=47,1=0,2
P 176.10000086 26.25000084 44 P 0 0 ;0=44,1=0,2
P 176.10000086 29.15000012 44 P 0 0 ;0=44,1=0,2
P 176.10000086 30.74359866 48 P 0 0 ;0=48,1=0,2
P 176.10000086 31.55639866 48 P 0 0 ;0=48,1=0,2
P 176.15639902 32.3499988 30 P 0 0 ;0=30,1=0,2
P 176.18700094 38.82499982 17 P 0 0 ;0=17,1=0,2
P 176.4538 42.63399906 25 P 0 0 ;0=25,1=0,2
P 176.4538 44.23400094 25 P 0 0 ;0=25,1=0,2
P 176.6299998 49.94999916 7 P 0 0 ;0=7,1=0,2
P 176.6299998 50.4500007 7 P 0 0 ;0=7,1=0,2
P 176.6299998 50.9499997 7 P 0 0 ;0=7,1=0,2
P 176.6299998 51.4499987 7 P 0 0 ;0=7,1=0,2
P 176.6299998 51.95000024 7 P 0 0 ;0=7,1=0,2
P 176.6299998 52.44999924 7 P 0 0 ;0=7,1=0,2
P 176.6299998 52.95000078 7 P 0 0 ;0=7,1=0,2
P 176.6299998 53.44999978 7 P 0 0 ;0=7,1=0,2
P 176.6299998 53.94999878 7 P 0 0 ;0=7,1=0,2
P 176.6299998 54.45000032 7 P 0 0 ;0=7,1=0,2
P 176.65880086 40.85379942 12 P 0 0 ;0=12,1=0,2
P 176.65880086 41.45379822 12 P 0 0 ;0=12,1=0,2
P 176.68420086 39.62139904 11 P 0 0 ;0=11,1=0,2
P 176.68420086 40.0953986 11 P 0 0 ;0=11,1=0,2
P 176.76040086 45.51979974 26 P 0 0 ;0=26,1=0,2
P 176.76040086 46.4397979 26 P 0 0 ;0=26,1=0,2
P 177.39540086 39.62139904 11 P 0 0 ;0=11,1=0,2
P 177.39540086 40.0953986 11 P 0 0 ;0=11,1=0,2
P 177.419 41.46920078 24 P 0 0 ;0=24,1=0,2
P 177.419 41.99519922 24 P 0 0 ;0=24,1=0,2
P 177.419 42.86680022 11 P 0 0 ;0=11,1=0,2
P 177.419 43.34079978 11 P 0 0 ;0=11,1=0,2
S P 0
OB 149.21433708 53.21549682 I
OS 149.27047616 53.1314787
OS 150.4896787 51.91227616
OS 150.57369682 51.85613708
OS 150.67280254 51.83642414
OS 151.7799352 51.83642414
OS 151.7799352 51.41457586
OS 151.49638484 51.41457586
OS 151.48446208 51.44335914
OS 151.34155914 51.58626208
OS 151.15484628 51.6636
OS 150.95275372 51.6636
OS 150.76604086 51.58626208
OS 150.62313792 51.44335914
OS 150.5458 51.25664628
OS 150.5458 51.05455372
OS 150.62313792 50.86784086
OS 150.76604086 50.72493792
OS 150.95275372 50.6476
OS 151.15484628 50.6476
OS 151.34155914 50.72493792
OS 151.48446208 50.86784086
OS 151.49638484 50.89662414
OS 151.78223136 50.89662414
OS 151.80422776 50.39065614
OS 151.78975738 50.35275426
OS 151.78980818 50.3509407
OS 151.78427098 50.33239362
OS 151.75193678 50.28438254
OS 151.65522628 50.2291985
OS 151.52254176 50.2291985
OS 151.29949166 50.1694323
OS 151.09950984 50.05397152
OS 150.93622848 49.89069016
OS 150.8207677 49.69070834
OS 150.7610015 49.46765824
OS 150.7610015 49.23674176
OS 150.8207677 49.01369166
OS 150.93622848 48.81370984
OS 151.09950984 48.65042848
OS 151.29949166 48.5349677
OS 151.52254176 48.4752015
OS 151.7534557 48.4752015
OS 151.7799352 48.45488404
OS 151.7799352 44.93260254
OS 151.77993266 44.93259746
OS 151.82019674 44.8353942
OS 152.1330079 44.52258304
OS 152.1069983 44.42551694
OS 152.08380302 44.39218198
OS 151.90537056 44.28916466
OS 151.75083696 44.13463106
OS 151.64156616 43.94536804
OS 151.5850029 43.73427118
OS 151.5850029 43.51572958
OS 151.64156616 43.30463272
OS 151.75083696 43.1153697
OS 151.81220844 43.05399822
OS 151.7596025 42.92699822
OS 151.6435118 42.92699822
OS 151.6435118 42.62499984
OS 151.5800118 42.62499984
OS 151.5800118 42.56149984
OS 151.02800122 42.56149984
OS 151.02800122 42.53385702
OS 150.90100122 42.51713874
OS 150.8958628 42.5363132
OS 150.8067342 42.69068678
OS 150.6806867 42.81673428
OS 150.52631312 42.90586288
OS 150.35412906 42.95199944
OS 150.21406584 42.95199944
OS 150.19840674 43.07094256
OS 150.1762681 43.10928894
OS 150.15932122 43.15020326
OS 150.15054806 43.153838
OS 150.1458008 43.16205998
OS 150.10302466 43.17352046
OS 150.06211796 43.1904648
OS 149.07330612 43.1904648
OS 149.07330612 53.27352566
OS 149.20030612 53.28603516
OS 149.21433708 53.21549682
OE
OB 150.13884628 46.5836 H
OS 150.1013 46.5836
OS 150.1013 46.1391
OS 150.5458 46.1391
OS 150.5458 46.17664628
OS 150.46846208 46.36335914
OS 150.32555914 46.50626208
OS 150.13884628 46.5836
OE
OB 149.9743 46.5836 H
OS 149.93675372 46.5836
OS 149.75004086 46.50626208
OS 149.60713792 46.36335914
OS 149.5298 46.17664628
OS 149.5298 46.1391
OS 149.9743 46.1391
OS 149.9743 46.5836
OE
OB 150.5458 46.0121 H
OS 150.1013 46.0121
OS 150.1013 45.5676
OS 150.13884628 45.5676
OS 150.32555914 45.64493792
OS 150.46846208 45.78784086
OS 150.5458 45.97455372
OS 150.5458 46.0121
OE
OB 149.9743 46.0121 H
OS 149.5298 46.0121
OS 149.5298 45.97455372
OS 149.60713792 45.78784086
OS 149.75004086 45.64493792
OS 149.93675372 45.5676
OS 149.9743 45.5676
OS 149.9743 46.0121
OE
OB 151.5165118 42.92699822 H
OS 151.02800122 42.92699822
OS 151.02800122 42.68849984
OS 151.5165118 42.68849984
OS 151.5165118 42.92699822
OE
SE
S P 0
OB 150.07883878 42.926 I
OS 150.0036878 42.90586288
OS 149.84931422 42.81673428
OS 149.72326672 42.69068678
OS 149.63413812 42.5363132
OS 149.58800156 42.36412914
OS 149.58800156 42.18587194
OS 149.63413812 42.01368788
OS 149.72326672 41.8593143
OS 149.84931422 41.7332668
OS 150.0036878 41.6441382
OS 150.17587186 41.59800164
OS 150.35412906 41.59800164
OS 150.43292494 41.61911412
OS 150.53310254 41.55439746
OS 150.5331 41.5544
OS 150.8887 41.91
OS 151.0157 41.91
OS 151.0157 42.2402
OS 151.09850146 42.32300146
OS 151.13609854 42.32300146
OS 151.1681 42.291
OS 153.6319 42.291
OS 153.96819346 41.95470654
OS 154.02326828 41.8593143
OS 154.14931578 41.7332668
OS 154.24470802 41.67819198
OS 154.5717 41.3512
OS 154.5717 41.021
OS 153.80200126 41.021
OS 153.80200126 41.0615003
OS 153.250011 41.0615003
OS 152.69800042 41.0615003
OS 152.69800042 40.9956
OS 152.13200206 40.9956
OS 152.13200206 41.0615003
OS 151.5800118 41.0615003
OS 151.02800122 41.0615003
OS 151.02800122 40.9956
OS 151.0157 40.9956
OS 151.0157 40.386
OS 150.69513168 40.386
OS 150.58504554 40.43159808
OS 150.45575446 40.43159808
OS 150.34566832 40.386
OS 150.3299 40.386
OS 150.3299 40.37571808
OS 150.24487858 40.29069666
OS 150.19540192 40.17124554
OS 150.19540192 40.04195446
OS 150.24487858 39.92250334
OS 150.3299 39.83748192
OS 150.3299 39.8018
OS 150.40699154 39.8018
OS 150.45575446 39.78160192
OS 150.58504554 39.78160192
OS 150.63380846 39.8018
OS 151.01569746 39.8018
OS 151.02800122 39.79670222
OS 151.02800122 39.34800106
OS 151.02800122 38.68850022
OS 151.5800118 38.68850022
OS 151.5800118 38.62500022
OS 151.6435118 38.62500022
OS 151.6435118 38.34800052
OS 152.13199952 38.34800052
OS 152.13200206 38.34799798
OS 152.24618014 38.317043
OS 152.5321689 38.03105424
OS 152.61749766 37.97403886
OS 152.71815024 37.95401858
OS 153.8859 37.95401858
OS 153.8859 37.8206
OS 153.8868906 37.8196094
OS 153.87841208 37.66071208
OS 153.6573 37.4396
OS 153.6573 37.42699906
OS 152.69800042 37.42699906
OS 152.69800042 37.4142
OS 152.13200206 37.4142
OS 152.13200206 37.42699906
OS 151.02800376 37.42699906
OS 150.94199936 37.5183781
OS 150.94199936 37.56412858
OS 150.8958628 37.73631264
OS 150.8067342 37.89068622
OS 150.6806867 38.01673372
OS 150.52631312 38.10586232
OS 150.35412906 38.15199888
OS 150.17587186 38.15199888
OS 150.0036878 38.10586232
OS 149.84931422 38.01673372
OS 149.72326672 37.89068622
OS 149.63413812 37.73631264
OS 149.58800156 37.56412858
OS 149.58800156 37.38587138
OS 149.63413812 37.21368732
OS 149.72326672 37.05931374
OS 149.84931422 36.93326624
OS 150.0036878 36.84413764
OS 150.17587186 36.79800108
OS 150.32668436 36.79800108
OS 150.32900338 36.56464874
OS 150.23964618 36.4744
OS 149.07330612 36.4744
OS 149.07330612 43.053
OS 150.06211796 43.053
OS 150.07883878 42.926
OE
OB 153.80200126 41.402 H
OS 153.313511 41.402
OS 153.313511 41.1885003
OS 153.80200126 41.1885003
OS 153.80200126 41.402
OE
OB 152.13200206 41.402 H
OS 151.6435118 41.402
OS 151.6435118 41.1885003
OS 152.13200206 41.1885003
OS 152.13200206 41.402
OE
OB 153.186511 41.402 H
OS 152.69800042 41.402
OS 152.69800042 41.1885003
OS 153.186511 41.1885003
OS 153.186511 41.402
OE
OB 151.5165118 41.402 H
OS 151.02800122 41.402
OS 151.02800122 41.1885003
OS 151.5165118 41.1885003
OS 151.5165118 41.402
OE
OB 151.5165118 38.56150022 H
OS 151.02800122 38.56150022
OS 151.02800122 38.34800052
OS 151.5165118 38.34800052
OS 151.5165118 38.56150022
OE
SE
S P 0
OB 150.40859936 55.9394995 I
OS 150.7231047 55.9394995
OS 150.7231047 55.8124995
OS 150.40859936 55.8124995
OS 150.40859936 55.43950558
OS 150.72309962 55.43950558
OS 150.72309962 55.31250558
OS 150.40859936 55.31250558
OS 150.40859936 55.07400212
OS 150.43360058 55.07400212
OS 150.43360058 54.92700216
OS 150.73559642 54.92700216
OS 150.73559642 54.86350216
OS 150.79909642 54.86350216
OS 150.79909642 54.54899936
OS 151.1721005 54.54899936
OS 151.1721005 54.8635047
OS 151.2991005 54.8635047
OS 151.2991005 54.54899936
OS 151.39961592 54.54899936
OS 151.45750252 54.48777266
OS 151.4853333 54.42199682
OS 151.4957981 54.39673398
OS 151.4957981 54.36939596
OS 151.51513258 54.35006148
OS 151.52559738 54.32479864
OS 151.64966114 54.20073234
OS 151.62550574 54.14241648
OS 151.62550574 53.7464
OS 151.56200574 53.7464
OS 151.56200574 53.6829
OS 151.20500112 53.6829
OS 151.20500112 53.40940296
OS 151.11664214 53.31899928
OS 150.85840034 53.31899928
OS 150.85840034 52.89549492
OS 151.33039584 52.89549492
OS 151.33039584 52.76849492
OS 150.85840034 52.76849492
OS 150.85840034 52.45565582
OS 150.73140034 52.40304988
OS 149.71257586 53.42187436
OS 149.71257586 55.4300009
OS 149.7305997 55.4300009
OS 149.7305997 55.98399776
OS 149.82011692 56.07392138
OS 150.40859936 56.07392138
OS 150.40859936 55.9394995
OE
OB 150.67209642 54.80000216 H
OS 150.43360058 54.80000216
OS 150.43360058 54.54899936
OS 150.67209642 54.54899936
OS 150.67209642 54.80000216
OE
OB 151.49850574 54.08339958 H
OS 151.20500112 54.08339958
OS 151.20500112 53.8099
OS 151.49850574 53.8099
OS 151.49850574 54.08339958
OE
SE
S P 0
OB 151.7990995 56.07400012 I
OS 151.93360012 56.07400012
OS 151.93360012 55.57400112
OS 151.93360012 55.17799988
OS 151.79909442 55.17799988
OS 151.79909442 54.86349962
OS 151.79909442 54.54899936
OS 152.1720985 54.54899936
OS 152.1720985 54.86350216
OS 152.2355985 54.86350216
OS 152.2355985 54.92700216
OS 152.53759942 54.92700216
OS 152.53759942 55.07400212
OS 152.56260064 55.07400212
OS 152.56260064 55.0926
OS 152.83912028 55.0926
OS 153.0447282 54.88698954
OS 153.120344 54.83646386
OS 153.20954118 54.81872196
OS 153.71527804 54.81872196
OS 154.2796 54.2544
OS 154.2796 51.89166914
OS 154.21120034 51.79300284
OS 154.1301972 51.7930003
OS 153.99770064 51.7930003
OS 153.99770064 51.5160006
OS 153.99770064 51.2390009
OS 154.1301972 51.2390009
OS 154.21120034 51.23899836
OS 154.2796 51.14033206
OS 154.2796 51.12966914
OS 154.21120034 51.03100284
OS 154.1301972 51.0310003
OS 153.99770064 51.0310003
OS 153.99770064 50.7540006
OS 153.99770064 50.4770009
OS 154.1301972 50.4770009
OS 154.21120034 50.47699836
OS 154.2796 50.37833206
OS 154.2796 49.91046914
OS 154.21120034 49.81180284
OS 154.1301972 49.8118003
OS 153.99770064 49.8118003
OS 153.99770064 49.5348006
OS 153.99770064 49.2578009
OS 154.1301972 49.2578009
OS 154.21120034 49.25779836
OS 154.2796 49.15913206
OS 154.2796 48.895
OS 154.0764 48.6918
OS 153.3906 48.6918
OS 153.3906 48.38179808
OS 153.32595446 48.38179808
OS 153.20650334 48.33232142
OS 153.11507858 48.24089666
OS 153.06560192 48.12144554
OS 153.06560192 47.99215446
OS 153.11507858 47.87270334
OS 153.20650334 47.78127858
OS 153.30785188 47.7393
OS 153.31308682 47.7047306
OS 153.31308682 47.6468694
OS 153.30785188 47.6123
OS 153.20650334 47.57032142
OS 153.11507858 47.47889666
OS 153.06560192 47.35944554
OS 153.06560192 47.23015446
OS 153.11507858 47.11070334
OS 153.20650334 47.01927858
OS 153.30785188 46.9773
OS 153.31308682 46.9427306
OS 153.31308682 46.8848694
OS 153.30785188 46.8503
OS 153.20650334 46.80832142
OS 153.11507858 46.71689666
OS 153.06560192 46.59744554
OS 153.06560192 46.46815446
OS 153.11507858 46.34870334
OS 153.20650334 46.25727858
OS 153.26455758 46.2332324
OS 153.26455758 46.0957676
OS 153.20650334 46.07172142
OS 153.11507858 45.98029666
OS 153.06560192 45.86084554
OS 153.06560192 45.73155446
OS 153.11507858 45.61210334
OS 153.20650334 45.52067858
OS 153.32595446 45.47120192
OS 153.3906 45.47120192
OS 153.3906 44.8056
OS 153.543 44.6532
OS 154.2288 44.6532
OS 154.2288 44.71660094
OS 154.44990446 44.71660094
OS 154.44990446 45.05360052
OS 154.51340446 45.05360052
OS 154.51340446 45.11710052
OS 154.87039892 45.11710052
OS 154.87039892 45.212
OS 155.00010148 45.212
OS 155.00010148 45.13170044
OS 155.86460064 45.13170044
OS 155.86460064 45.06820044
OS 155.92810064 45.06820044
OS 155.92810064 44.79120074
OS 156.7290998 44.79120074
OS 156.7290998 44.96079146
OS 156.84500254 45.0088
OS 158.7246 45.0088
OS 158.7246 44.37728488
OS 158.59759746 44.27931962
OS 158.59728758 44.27938058
OS 158.50809294 44.26163868
OS 158.43247714 44.211113
OS 158.38195146 44.1354972
OS 158.36420956 44.0463051
OS 158.25493114 43.94470002
OS 157.57560052 43.94470002
OS 157.57560052 43.8404
OS 153.21656174 43.8404
OS 153.18843632 43.94536804
OS 153.07916552 44.13463106
OS 152.92463192 44.28916466
OS 152.7353689 44.39843546
OS 152.52427204 44.45499872
OS 152.39499874 44.45499872
OS 151.9174 44.93259746
OS 151.9174 48.5191308
OS 151.97650834 48.5349677
OS 152.17649016 48.65042848
OS 152.33977152 48.81370984
OS 152.4552323 49.01369166
OS 152.5149985 49.23674176
OS 152.5149985 49.46765824
OS 152.4552323 49.69070834
OS 152.33977152 49.89069016
OS 152.17649016 50.05397152
OS 151.97650834 50.1694323
OS 151.92069438 50.18438782
OS 151.91817978 50.30371956
OS 151.9428 50.3682
OS 151.9174 50.9524
OS 151.9174 52.34500072
OS 152.18690416 52.34500072
OS 152.18690416 52.83200508
OS 152.25040416 52.83200508
OS 152.25040416 52.89550508
OS 152.72239966 52.89550508
OS 152.72239966 53.31899928
OS 152.66735786 53.31899928
OS 152.57899888 53.40940296
OS 152.57899888 53.6829
OS 152.22199426 53.6829
OS 152.22199426 53.7464
OS 152.15849426 53.7464
OS 152.15849426 54.08339958
OS 151.96140042 54.08339958
OS 151.62280064 54.42199936
OS 151.67209442 54.5410009
OS 151.67209442 54.86349962
OS 151.67209442 55.17799988
OS 151.511 55.17799988
OS 151.511 56.07400012
OS 151.6720995 56.07400012
OS 151.6720995 56.3884953
OS 151.7990995 56.3884953
OS 151.7990995 56.07400012
OE
OB 152.53759942 54.80000216 H
OS 152.2990985 54.80000216
OS 152.2990985 54.54899936
OS 152.53759942 54.54899936
OS 152.53759942 54.80000216
OE
OB 152.57899888 54.08339958 H
OS 152.28549426 54.08339958
OS 152.28549426 53.8099
OS 152.57899888 53.8099
OS 152.57899888 54.08339958
OE
OB 152.72239966 52.76850508 H
OS 152.31390416 52.76850508
OS 152.31390416 52.34500072
OS 152.72239966 52.34500072
OS 152.72239966 52.76850508
OE
OB 153.87070064 51.7930003 H
OS 153.65720094 51.7930003
OS 153.65720094 51.5795006
OS 153.87070064 51.5795006
OS 153.87070064 51.7930003
OE
OB 153.87070064 51.4525006 H
OS 153.65720094 51.4525006
OS 153.65720094 51.2390009
OS 153.87070064 51.2390009
OS 153.87070064 51.4525006
OE
OB 153.87070064 51.0310003 H
OS 153.65720094 51.0310003
OS 153.65720094 50.8175006
OS 153.87070064 50.8175006
OS 153.87070064 51.0310003
OE
OB 153.87070064 50.6905006 H
OS 153.65720094 50.6905006
OS 153.65720094 50.4770009
OS 153.87070064 50.4770009
OS 153.87070064 50.6905006
OE
OB 153.87070064 49.8118003 H
OS 153.65720094 49.8118003
OS 153.65720094 49.5983006
OS 153.87070064 49.5983006
OS 153.87070064 49.8118003
OE
OB 153.87070064 49.4713006 H
OS 153.65720094 49.4713006
OS 153.65720094 49.2578009
OS 153.87070064 49.2578009
OS 153.87070064 49.4713006
OE
OB 155.80110064 45.00470044 H
OS 155.00010148 45.00470044
OS 155.00010148 44.79120074
OS 155.80110064 44.79120074
OS 155.80110064 45.00470044
OE
OB 154.87039892 44.99010052 H
OS 154.57690446 44.99010052
OS 154.57690446 44.71660094
OS 154.87039892 44.71660094
OS 154.87039892 44.99010052
OE
OB 153.99770064 51.5160006 H
OS 153.93420064 51.5160006
OS 153.93420064 51.5160006
OS 153.99770064 51.5160006
OE
SE
S P 0
OB 155.00010148 48.63170614 I
OS 155.86460064 48.63170614
OS 155.86460064 48.50470614
OS 155.00010148 48.50470614
OS 155.00010148 48.32791706
OS 154.81119914 48.32791706
OS 154.81119914 48.3386003
OS 154.33820288 48.3386003
OS 154.25719974 48.33860284
OS 154.1301972 48.3386003
OS 153.99770064 48.3386003
OS 153.99770064 48.0616006
OS 153.99770064 47.7846009
OS 154.1301972 47.7846009
OS 154.21120034 47.78459836
OS 154.33820288 47.7846009
OS 154.81119914 47.7846009
OS 154.81119914 47.80188306
OS 155.00010148 47.80188306
OS 155.00010148 47.42560238
OS 154.87310148 47.37255194
OS 154.81119914 47.43371768
OS 154.81119914 47.5766003
OS 154.33820288 47.5766003
OS 154.25719974 47.57660284
OS 154.1301972 47.5766003
OS 153.99770064 47.5766003
OS 153.99770064 47.2996006
OS 153.99770064 47.0226009
OS 154.1301972 47.0226009
OS 154.21120034 47.02259836
OS 154.38449946 47.0226009
OS 154.42652122 46.96700284
OS 154.36331078 46.8400003
OS 154.25719974 46.84000284
OS 154.1301972 46.8400003
OS 153.99770064 46.8400003
OS 153.99770064 46.5630006
OS 153.99770064 46.2860009
OS 154.1301972 46.2860009
OS 154.21120034 46.28599836
OS 154.33820288 46.2860009
OS 154.46763112 46.2860009
OS 154.51401152 46.17402754
OS 154.43529946 46.0780003
OS 154.25719974 46.07800284
OS 154.1301972 46.0780003
OS 153.99770064 46.0780003
OS 153.99770064 45.8010006
OS 153.99770064 45.5240009
OS 154.1301972 45.5240009
OS 154.21120034 45.52399836
OS 154.33820288 45.5240009
OS 154.81119914 45.5240009
OS 154.81119914 45.6639041
OS 154.87310148 45.71154942
OS 155.00010148 45.65088152
OS 155.00010148 45.3494648
OS 154.87039892 45.3494648
OS 154.87039892 45.3906001
OS 153.91689562 45.3906001
OS 153.91689562 45.05360052
OS 153.78989562 45.05360052
OS 153.78989562 45.3906001
OS 153.5280648 45.3906001
OS 153.5280648 45.47120192
OS 153.48780326 45.56840518
OS 153.3906 45.60866672
OS 153.3533001 45.60866672
OS 153.28436958 45.63721632
OS 153.23161378 45.68997466
OS 153.20306672 45.75889756
OS 153.20306672 45.8334999
OS 153.23161632 45.90243042
OS 153.28437212 45.95518368
OS 153.31716098 45.96876506
OS 153.336498 45.98809954
OS 153.36176084 45.99856434
OS 153.3722231 46.02382464
OS 153.39156012 46.04315912
OS 153.39156012 46.07050984
OS 153.40202238 46.0957676
OS 153.40202238 46.2332324
OS 153.39156012 46.25849016
OS 153.39156012 46.28584088
OS 153.3722231 46.30517536
OS 153.36176084 46.33043566
OS 153.336498 46.34090046
OS 153.31716098 46.36023494
OS 153.28436958 46.37381632
OS 153.23161378 46.42657466
OS 153.20306672 46.49549756
OS 153.20306672 46.5700999
OS 153.23161632 46.63903042
OS 153.28437212 46.69178622
OS 153.36045528 46.72329746
OS 153.37265744 46.73549708
OS 153.3894062 46.73963982
OS 153.40859082 46.77143046
OS 153.43485442 46.79769152
OS 153.43485442 46.81494828
OS 153.44376728 46.82971838
OS 153.44900222 46.86428778
OS 153.44639364 46.87483386
OS 153.45055162 46.8848694
OS 153.45055162 46.9427306
OS 153.44639364 46.95276614
OS 153.44900222 46.96331222
OS 153.44376728 46.99788162
OS 153.43485188 47.01265426
OS 153.43485188 47.02990848
OS 153.40859336 47.056167
OS 153.3894062 47.08796018
OS 153.37265744 47.09210292
OS 153.36045528 47.10430254
OS 153.28436958 47.13581632
OS 153.23161378 47.18857466
OS 153.20306672 47.25749756
OS 153.20306672 47.3320999
OS 153.23161632 47.40103042
OS 153.28437212 47.45378622
OS 153.36045528 47.48529746
OS 153.37265744 47.49749708
OS 153.3894062 47.50163982
OS 153.40859082 47.53343046
OS 153.43485442 47.55969152
OS 153.43485442 47.57694828
OS 153.44376728 47.59171838
OS 153.44900222 47.62628778
OS 153.44639364 47.63683386
OS 153.45055162 47.6468694
OS 153.45055162 47.7047306
OS 153.44639364 47.71476614
OS 153.44900222 47.72531222
OS 153.44376728 47.75988162
OS 153.43485188 47.77465426
OS 153.43485188 47.79190848
OS 153.40859336 47.818167
OS 153.3894062 47.84996018
OS 153.37265744 47.85410292
OS 153.36045528 47.86630254
OS 153.28436958 47.89781632
OS 153.23161378 47.95057466
OS 153.20306672 48.01949756
OS 153.20306672 48.0940999
OS 153.23161632 48.16303042
OS 153.28437466 48.21578622
OS 153.35329756 48.24433328
OS 153.3906 48.24433328
OS 153.48780326 48.28459482
OS 153.5280648 48.38179808
OS 153.5280648 48.5543352
OS 154.0764 48.5543352
OS 154.17360326 48.59459674
OS 154.37680326 48.79779674
OS 154.41706734 48.895
OS 154.4170648 48.89500508
OS 154.4170648 49.15912952
OS 154.49640932 49.24654108
OS 154.51811108 49.2578009
OS 154.81119914 49.2578009
OS 154.81119914 49.33512358
OS 155.00010148 49.33512358
OS 155.00010148 48.63170614
OE
OB 153.87070064 48.3386003 H
OS 153.65720094 48.3386003
OS 153.65720094 48.1251006
OS 153.87070064 48.1251006
OS 153.87070064 48.3386003
OE
OB 153.87070064 47.9981006 H
OS 153.65720094 47.9981006
OS 153.65720094 47.7846009
OS 153.87070064 47.7846009
OS 153.87070064 47.9981006
OE
OB 153.87070064 47.5766003 H
OS 153.65720094 47.5766003
OS 153.65720094 47.3631006
OS 153.87070064 47.3631006
OS 153.87070064 47.5766003
OE
OB 153.87070064 47.2361006 H
OS 153.65720094 47.2361006
OS 153.65720094 47.0226009
OS 153.87070064 47.0226009
OS 153.87070064 47.2361006
OE
OB 153.87070064 46.8400003 H
OS 153.65720094 46.8400003
OS 153.65720094 46.6265006
OS 153.87070064 46.6265006
OS 153.87070064 46.8400003
OE
OB 153.87070064 46.4995006 H
OS 153.65720094 46.4995006
OS 153.65720094 46.2860009
OS 153.87070064 46.2860009
OS 153.87070064 46.4995006
OE
OB 153.87070064 46.0780003 H
OS 153.65720094 46.0780003
OS 153.65720094 45.8645006
OS 153.87070064 45.8645006
OS 153.87070064 46.0780003
OE
OB 153.87070064 45.7375006 H
OS 153.65720094 45.7375006
OS 153.65720094 45.5240009
OS 153.87070064 45.5240009
OS 153.87070064 45.7375006
OE
SE
S P 0
OB 155.7782 39.03076268 I
OS 155.29341814 38.54598082
OS 154.23033416 38.54598082
OS 154.12968158 38.52596054
OS 154.10040808 38.5064
OS 153.80200126 38.5064
OS 153.80200126 38.56150022
OS 153.250011 38.56150022
OS 153.250011 38.68850022
OS 153.80200126 38.68850022
OS 153.80200126 38.84799952
OS 153.80200126 39.14640126
OS 154.00394142 39.34834142
OS 154.1718405 39.34834142
OS 154.19710334 39.32307858
OS 154.31655446 39.27360192
OS 154.44584554 39.27360192
OS 154.56529666 39.32307858
OS 154.65672142 39.41450334
OS 154.65933 39.4208
OS 155.7782 39.4208
OS 155.7782 39.03076268
OE
SE
S P 0
OB 156.13084598 52.96253314 I
OS 156.08224308 52.84520038
OS 155.92810064 52.84520038
OS 155.92810064 52.56820068
OS 155.86460064 52.56820068
OS 155.86460064 52.50470068
OS 155.00010148 52.50470068
OS 155.00010148 51.80127816
OS 154.7342092 51.80127816
OS 154.69259384 51.7930003
OS 154.51811362 51.7930003
OS 154.49639154 51.80427282
OS 154.4170648 51.89167168
OS 154.4170648 54.2544
OS 154.37680326 54.35160326
OS 154.37679818 54.3516058
OS 154.02701732 54.7013892
OS 154.07561768 54.81872196
OS 154.27465716 54.81872196
OS 156.13084598 52.96253314
OE
OB 155.80110064 52.84520038 H
OS 155.00010148 52.84520038
OS 155.00010148 52.63170068
OS 155.80110064 52.63170068
OS 155.80110064 52.84520038
OE
SE
S P 0
OB 156.2990016 35.93539676 I
OS 156.2990016 35.52189492
OS 156.72600608 35.52189492
OS 156.72600608 35.39489492
OS 156.2990016 35.39489492
OS 156.2990016 35.03731626
OS 156.2220269 34.95760852
OS 156.1864161 34.94660016
OS 155.647898 34.94660016
OS 155.647898 33.06959858
OS 155.520898 33.06959858
OS 155.520898 34.94660016
OS 155.0481024 34.94660016
OS 155.0481024 35.4395024
OS 155.65119492 36.0426
OS 156.25120134 36.0426
OS 156.2990016 35.93539676
OE
SE
S P 0
OB 157.57560052 43.14369578 I
OS 157.85260022 43.14369578
OS 157.85260022 43.08019578
OS 157.91610022 43.08019578
OS 157.91610022 42.2157017
OS 157.94821344 42.2157017
OS 157.94821344 42.0794942
OS 157.83439604 42.02240008
OS 157.62029944 42.02240008
OS 157.62029944 41.67540052
OS 157.62029944 41.32840096
OS 157.7235352 41.32840096
OS 157.7235352 41.12364902
OS 157.66384774 41.07466512
OS 155.7797875 41.07466512
OS 155.67913492 41.05464484
OS 155.59380616 40.99762946
OS 155.3921581 40.7959814
OS 154.6921976 40.7959814
OS 154.6669373 40.9229814
OS 154.66890326 40.92379674
OS 154.7091648 41.021
OS 154.7091648 41.35118984
OS 154.70917242 41.3512
OS 154.6689058 41.4484058
OS 154.67224082 41.56775532
OS 154.68944678 41.60746568
OS 154.82631468 41.6441382
OS 154.98068826 41.7332668
OS 155.10673576 41.8593143
OS 155.19586436 42.01368788
OS 155.24200092 42.18587194
OS 155.24200092 42.211498
OS 154.56500456 42.211498
OS 154.56500456 42.274998
OS 154.50150456 42.274998
OS 154.50150456 42.95199944
OS 154.47587342 42.95199944
OS 154.30368936 42.90586288
OS 154.14931578 42.81673428
OS 154.02326828 42.69068678
OS 153.93413968 42.5363132
OS 153.92900126 42.51713874
OS 153.80200126 42.53385702
OS 153.80200126 42.56149984
OS 153.250011 42.56149984
OS 153.250011 42.62499984
OS 153.186511 42.62499984
OS 153.186511 42.92699822
OS 153.07039998 42.92699822
OS 153.01779404 43.05399822
OS 153.07916552 43.1153697
OS 153.18843632 43.30463272
OS 153.24499958 43.51572958
OS 153.24499958 43.7029352
OS 157.57560052 43.7029352
OS 157.57560052 43.14369578
OE
OB 153.80200126 42.92699822 H
OS 153.313511 42.92699822
OS 153.313511 42.68849984
OS 153.80200126 42.68849984
OS 153.80200126 42.92699822
OE
OB 154.65413062 42.95199944 H
OS 154.62850456 42.95199944
OS 154.62850456 42.338498
OS 155.24200092 42.338498
OS 155.24200092 42.36412914
OS 155.19586436 42.5363132
OS 155.10673576 42.69068678
OS 154.98068826 42.81673428
OS 154.82631468 42.90586288
OS 154.65413062 42.95199944
OE
OB 157.78910022 43.01669578 H
OS 157.57560052 43.01669578
OS 157.57560052 42.2157017
OS 157.78910022 42.2157017
OS 157.78910022 43.01669578
OE
OB 157.49329944 42.02240008 H
OS 157.19480118 42.02240008
OS 157.19480118 41.73890052
OS 157.49329944 41.73890052
OS 157.49329944 42.02240008
OE
OB 157.49329944 41.61190052 H
OS 157.19480118 41.61190052
OS 157.19480118 41.32840096
OS 157.49329944 41.32840096
OS 157.49329944 41.61190052
OE
SE
S P 0
OB 157.96839882 57.06911116 I
OS 157.88319706 56.97739938
OS 157.59970512 56.97739938
OS 157.59970512 56.61539604
OS 157.53620512 56.61539604
OS 157.53620512 56.55189604
OS 157.18920048 56.55189604
OS 157.18920048 56.25340286
OS 157.18920048 55.58340166
OS 157.51409696 55.58340166
OS 157.59801094 55.4748065
OS 157.57559798 55.42069688
OS 157.57560052 55.42069688
OS 157.57560052 54.61970026
OS 157.85259514 54.61970026
OS 157.85259514 54.49270026
OS 157.57560052 54.49270026
OS 157.57560052 54.11796644
OS 157.45826776 54.06936354
OS 156.17299474 55.35463656
OS 156.16696986 55.36365356
OS 154.56121234 56.96941108
OS 154.48559654 57.01993676
OS 154.3964019 57.03767866
OS 150.96591092 57.03767866
OS 150.87671374 57.01993676
OS 150.80109794 56.96941108
OS 150.64418944 56.81250004
OS 150.59366376 56.73688424
OS 150.58692514 56.70300064
OS 150.43360058 56.70300064
OS 150.43360058 56.54007742
OS 149.7305997 56.54007742
OS 149.7305997 56.5839991
OS 149.17660284 56.5839991
OS 149.07330612 56.64123038
OS 149.07330612 57.22109206
OS 157.96839882 57.22109206
OS 157.96839882 57.06911116
OE
OB 157.47270512 56.97739938 H
OS 157.18920048 56.97739938
OS 157.18920048 56.67889604
OS 157.47270512 56.67889604
OS 157.47270512 56.97739938
OE
SE
S P 0
OB 158.3944 38.354 I
OS 158.3944 37.83049838
OS 158.2635011 37.83049838
OS 158.2635011 37.58200002
OS 158.2000011 37.58200002
OS 158.2000011 37.51850002
OS 157.9230014 37.51850002
OS 157.9230014 37.4396
OS 157.71199852 37.4396
OS 157.71199852 37.66649566
OS 157.3749964 37.66649566
OS 157.03799936 37.66649566
OS 157.03799936 37.4396
OS 156.8519977 37.4396
OS 156.8519977 37.54849996
OS 156.24800094 37.54849996
OS 156.24800094 37.27440094
OS 156.1592 37.1856
OS 156.1592 36.76867932
OS 156.13379746 36.6522
OS 155.3718 36.6522
OS 155.3718 37.973
OS 155.42281336 38.02401336
OS 155.5030164 38.0399671
OS 155.58834516 38.09698248
OS 156.1223827 38.63102002
OS 157.51386328 38.63102002
OS 157.61451586 38.6510403
OS 157.62612874 38.6588
OS 158.0388 38.6588
OS 158.0642 38.6842
OS 158.3944 38.354
OE
OB 157.71199852 38.08699774 H
OS 157.4384964 38.08699774
OS 157.4384964 37.79349566
OS 157.71199852 37.79349566
OS 157.71199852 38.08699774
OE
OB 157.3114964 38.08699774 H
OS 157.03799936 38.08699774
OS 157.03799936 37.79349566
OS 157.3114964 37.79349566
OS 157.3114964 38.08699774
OE
OB 156.8519977 37.86399844 H
OS 156.61349932 37.86399844
OS 156.61349932 37.67549996
OS 156.8519977 37.67549996
OS 156.8519977 37.86399844
OE
OB 156.48649932 37.86399844 H
OS 156.24800094 37.86399844
OS 156.24800094 37.67549996
OS 156.48649932 37.67549996
OS 156.48649932 37.86399844
OE
OB 158.1365011 37.83049838 H
OS 157.9230014 37.83049838
OS 157.9230014 37.64550002
OS 158.1365011 37.64550002
OS 158.1365011 37.83049838
OE
SE
S P 0
OB 158.4161043 42.2157017 I
OS 158.496 42.2157017
OS 158.496 42.02240008
OS 158.29030064 42.02240008
OS 158.29030064 41.67540052
OS 158.29030064 41.32840096
OS 158.5887989 41.32840096
OS 158.5887989 41.35493634
OS 158.6035563 41.36991726
OS 158.7157989 41.41356462
OS 158.73240034 41.39548236
OS 158.73240034 41.19570628
OS 159.00940512 41.19570628
OS 159.00940512 41.06870628
OS 158.73240034 41.06870628
OS 158.73240034 40.85520404
OS 158.61037112 40.8432
OS 158.00426108 40.8432
OS 157.861 40.98646108
OS 157.861 41.32840096
OS 158.16330064 41.32840096
OS 158.16330064 41.67540052
OS 158.16330064 42.02240008
OS 158.13253108 42.02240008
OS 158.08567824 42.07949166
OS 158.08567824 42.2157017
OS 158.2891043 42.2157017
OS 158.2891043 43.08020086
OS 158.4161043 43.08020086
OS 158.4161043 42.2157017
OE
SE
S P 0
OB 158.5214 35.81399746 I
OS 158.74999746 35.58539746
OS 158.74999746 34.66239956
OS 158.73880114 34.66239956
OS 158.73880114 33.96840044
OS 158.75 33.96840044
OS 158.75 32.385
OS 158.7246 32.3596
OS 159.4866 31.5976
OS 159.4866 29.4894
OS 161.01820222 29.42185378
OS 161.01573588 29.41590002
OS 161.01573334 28.6793051
OS 161.0157308 28.67930002
OS 161.05599488 28.58209676
OS 161.54239726 28.09569692
OS 161.63960052 28.05543284
OS 161.63960052 27.92360176
OS 162.49359932 27.92360176
OS 162.49359932 27.93223522
OS 162.56679704 27.93223522
OS 162.56680212 27.93223268
OS 162.63553452 27.96070354
OS 162.63960106 27.96238756
OS 162.63960106 27.92360176
OS 163.00310046 27.92360176
OS 163.00310046 28.30559998
OS 163.06660046 28.30559998
OS 163.06660046 28.36909998
OS 163.49359986 28.36909998
OS 163.49359986 28.6875982
OS 163.37910936 28.6875982
OS 163.41902292 28.72751176
OS 163.55039172 28.6875982
OS 163.6396016 28.6604964
OS 163.6396016 27.92360176
OS 163.7538 27.92360176
OS 163.7538 27.559
OS 161.94272158 27.559
OS 161.81749196 27.6313011
OS 161.65217606 27.6755987
OS 161.48102578 27.6755987
OS 161.31570988 27.6313011
OS 161.19048026 27.559
OS 158.9532 27.559
OS 158.9532 29.083
OS 158.7754 29.2608
OS 157.4292 29.2608
OS 157.4292 34.9814007
OS 157.66249392 34.9814007
OS 157.66249392 35.45840508
OS 157.72599392 35.45840508
OS 157.72599392 35.52190508
OS 158.1529984 35.52190508
OS 158.1529984 35.81399746
OS 158.5214 35.81399746
OE
OB 158.1529984 35.39490508 H
OS 157.78949392 35.39490508
OS 157.78949392 34.9814007
OS 158.1529984 34.9814007
OS 158.1529984 35.39490508
OE
OB 163.49359986 28.24209998 H
OS 163.13010046 28.24209998
OS 163.13010046 27.92360176
OS 163.49359986 27.92360176
OS 163.49359986 28.24209998
OE
SE
S P 0
OB 158.72350018 39.02300044 I
OS 159.77997508 39.02300044
OS 159.8570971 38.90728312
OS 159.8592688 38.89600044
OS 159.82661202 38.84712576
OS 159.82004104 38.81409306
OS 159.80113074 38.76844164
OS 159.80113328 38.76843656
OS 159.80113328 38.7231001
OS 159.77258368 38.65416958
OS 159.71982534 38.60141378
OS 159.65090244 38.57286672
OS 159.5628 38.57286672
OS 159.46559674 38.53260518
OS 159.4253352 38.43540192
OS 159.4253352 37.48179956
OS 159.18970956 37.48179956
OS 159.18970956 37.1348
OS 159.18970956 36.78780044
OS 159.4253352 36.78780044
OS 159.4253352 36.47139264
OS 159.427037 36.46728546
OS 159.42558666 36.46308176
OS 159.43235068 36.3513878
OS 159.43265548 36.34030578
OS 159.42829938 36.33730858
OS 159.30129684 36.3475016
OS 159.30129684 36.34749906
OS 159.17430192 36.34749906
OS 159.17430192 36.1570016
OS 159.11080192 36.1570016
OS 159.11080192 36.0935016
OS 158.92029938 36.0935016
OS 158.92029938 35.96649906
OS 159.01054812 35.96649906
OS 159.05915102 35.8491663
OS 158.95285964 35.74287492
OS 158.9483232 35.74028666
OS 158.79131056 35.73848834
OS 158.61861088 35.91119056
OS 158.61860834 35.9112058
OS 158.5214 35.95147242
OS 158.5213873 35.95146226
OS 158.1529984 35.95146226
OS 158.11421768 35.9353993
OS 157.2989996 35.9353993
OS 157.2989996 34.9989394
OS 157.2917352 34.9814007
OS 157.2917352 29.26080254
OS 157.20157282 29.14659906
OS 157.05740242 29.14659906
OS 157.05740242 27.38309484
OS 157.93439584 27.38309484
OS 158.87169648 27.38309484
OS 158.93840196 27.42766422
OS 158.9532 27.4215352
OS 159.48960228 27.4215352
OS 159.48960228 27.01409888
OS 160.64360048 27.01409888
OS 160.64360048 27.4215352
OS 160.91763854 27.4215352
OS 160.98114108 27.31154812
OS 160.96089982 27.27649104
OS 160.91660222 27.11117514
OS 160.91660222 26.94002486
OS 160.96089982 26.77470896
OS 161.04647242 26.62649234
OS 161.16749326 26.5054715
OS 161.31570988 26.4198989
OS 161.48102578 26.3756013
OS 161.65217606 26.3756013
OS 161.81749196 26.4198989
OS 161.96570858 26.5054715
OS 162.08672942 26.62649234
OS 162.17230202 26.77470896
OS 162.21659962 26.94002486
OS 162.21659962 27.11117514
OS 162.17230202 27.27649104
OS 162.15206076 27.31154812
OS 162.2155633 27.4215352
OS 163.7538 27.4215352
OS 163.85100326 27.46179674
OS 163.8912648 27.559
OS 163.8912648 27.92360176
OS 164.4936004 27.92360176
OS 164.4936004 28.6875982
OS 163.7658396 28.6875982
OS 163.76415558 28.69166474
OS 163.76086374 28.72524862
OS 163.74477284 28.73846678
OS 163.73680486 28.75769966
OS 163.70563398 28.77061048
OS 163.67956088 28.79202522
OS 163.66696756 28.79585046
OS 163.64768134 28.82607392
OS 163.61176574 28.93637342
OS 163.61331768 28.94486718
OS 163.63726988 29.00269282
OS 163.6372648 29.00270044
OS 163.6372648 29.41590002
OS 163.59700326 29.51310328
OS 163.4998 29.55336482
OS 161.70505632 29.55336482
OS 161.6354527 29.68036482
OS 161.66151818 29.7212004
OS 163.13209944 29.7212004
OS 163.13209944 29.78922414
OS 163.3292009 29.78922414
OS 163.3292009 29.7458003
OS 163.88319522 29.7458003
OS 163.88319522 29.74579522
OS 163.92920478 29.74579522
OS 163.92920478 29.7458003
OS 164.1426994 29.7458003
OS 164.1426994 30.0228
OS 164.2696994 30.0228
OS 164.2696994 29.7458003
OS 164.4831991 29.7458003
OS 164.4831991 29.93841866
OS 164.60053186 29.98702156
OS 164.64947766 29.93807576
OS 164.73110056 29.88353688
OS 164.73110056 29.7212004
OS 164.87516936 29.7212004
OS 164.90200192 29.681043
OS 164.90200192 29.55175446
OS 164.95147858 29.43230334
OS 165.04290334 29.34087858
OS 165.16235446 29.29140192
OS 165.29164554 29.29140192
OS 165.41109666 29.34087858
OS 165.50252142 29.43230334
OS 165.55199808 29.55175446
OS 165.55199808 29.681043
OS 165.57883064 29.7212004
OS 166.43409944 29.7212004
OS 166.43409944 29.82338206
OS 166.5037564 29.82338206
OS 166.60286212 29.843095
OS 166.68688024 29.89923408
OS 166.89132484 30.10367868
OS 166.94746392 30.1876968
OS 166.96717686 30.28680252
OS 166.96717686 30.411801
OS 167.00219838 30.411801
OS 167.00219838 31.2657998
OS 166.97668408 31.2657998
OS 166.97668408 31.83543544
OS 167.06592444 31.9246758
OS 167.10208896 31.97880066
OS 167.48279686 31.97880066
OS 167.48279686 31.97879812
OS 167.6097994 32.04498544
OS 167.61903738 32.0401188
OS 167.6281763 32.02791156
OS 167.61972064 31.98539704
OS 167.61972064 29.53060134
OS 167.63746254 29.4414067
OS 167.68798822 29.3657909
OS 168.02854888 29.02523024
OS 168.0039439 28.98261158
OS 167.9544012 28.79771228
OS 167.9544012 28.60628772
OS 168.0039439 28.42138842
OS 168.09965618 28.25561278
OS 168.20956706 28.1457019
OS 168.22474356 28.067
OS 168.20956706 27.9882981
OS 168.09965618 27.87838722
OS 168.0039439 27.71261158
OS 167.9544012 27.52771228
OS 167.9544012 27.4955
OS 168.6814 27.4955
OS 168.6814 27.3685
OS 167.9544012 27.3685
OS 167.9544012 27.33628772
OS 168.0039439 27.15138842
OS 168.06704766 27.04209222
OS 168.02080442 26.89822154
OS 167.99797998 26.89210522
OS 167.81931892 26.78895582
OS 167.67344418 26.64308108
OS 167.57029478 26.46442002
OS 167.51690144 26.2651494
OS 167.51690144 26.0588506
OS 167.57029478 25.85957998
OS 167.64720598 25.7263646
OS 167.58696734 25.5993773
OS 158.81139942 25.60150074
OS 158.81139942 27.25609484
OS 157.93439584 27.25609484
OS 157.05740242 27.25609484
OS 157.05740242 25.69173932
OS 156.96758802 25.60194524
OS 152.11139758 25.60311872
OS 152.11139758 27.256105
OS 151.23440416 27.256105
OS 150.35740058 27.256105
OS 150.35740058 25.69335984
OS 150.26758618 25.60356576
OS 149.07330612 25.60385532
OS 149.07330612 36.3369352
OS 150.23964618 36.3369352
OS 150.23998654 36.3370749
OS 150.24032944 36.3369352
OS 150.2885488 36.3571917
OS 150.33684944 36.37719674
OS 150.33699168 36.37753964
OS 150.3373295 36.37768188
OS 150.4266867 36.46793062
OS 150.4268264 36.46827098
OS 150.42716676 36.46841576
OS 150.44668412 36.5168942
OS 150.46646818 36.565332
OS 150.4663234 36.5656749
OS 150.46646056 36.56601272
OS 150.46414154 36.79936506
OS 150.479887 36.83169672
OS 150.52631312 36.84413764
OS 150.6806867 36.93326624
OS 150.8067342 37.05931374
OS 150.8958628 37.21368732
OS 150.90362504 37.22286688
OS 150.93036616 37.22064184
OS 151.01819428 37.18850068
OS 151.5800118 37.18850068
OS 152.13200206 37.18850068
OS 152.13200206 37.2767352
OS 152.69800042 37.2767352
OS 152.69800042 37.18850068
OS 153.250011 37.18850068
OS 153.80200126 37.18850068
OS 153.80200126 37.2161435
OS 153.92900126 37.23286178
OS 153.93413968 37.21368732
OS 154.02326828 37.05931374
OS 154.14931578 36.93326624
OS 154.30368936 36.84413764
OS 154.47587342 36.79800108
OS 154.50150456 36.79800108
OS 154.50150456 37.47499744
OS 154.62850456 37.47499744
OS 154.62850456 36.79800108
OS 154.65413062 36.79800108
OS 154.82631468 36.84413764
OS 154.98068826 36.93326624
OS 155.10673576 37.05931374
OS 155.1073352 37.06035006
OS 155.2343352 37.02632168
OS 155.2343352 36.6522
OS 155.27459674 36.55499674
OS 155.3718 36.5147352
OS 156.13379746 36.5147352
OS 156.16974862 36.52962722
OS 156.2080569 36.5365157
OS 156.2168199 36.54912172
OS 156.23100072 36.55499674
OS 156.24589274 36.59095298
OS 156.26810504 36.62290872
OS 156.29350758 36.73938804
OS 156.29078978 36.75449596
OS 156.2966648 36.76867932
OS 156.2966648 36.88600192
OS 156.48649932 36.88600192
OS 156.48649932 37.1380004
OS 156.54999932 37.1380004
OS 156.54999932 37.2015004
OS 156.8519977 37.2015004
OS 156.8519977 37.3021352
OS 157.03799936 37.3021352
OS 157.03799936 37.13349698
OS 157.3749964 37.13349698
OS 157.71199852 37.13349698
OS 157.71199852 37.3021352
OS 157.9230014 37.3021352
OS 157.9230014 37.23150034
OS 158.4770008 37.23150034
OS 158.4770008 37.72724738
OS 158.49160326 37.73329512
OS 158.5318648 37.83049838
OS 158.5318648 38.3539873
OS 158.53187496 38.354
OS 158.49160834 38.45120834
OS 158.4915931 38.45121088
OS 158.16140326 38.78140326
OS 158.0642 38.82166734
OS 158.01327808 38.8418832
OS 157.98252376 38.99073482
OS 158.07877198 39.08698304
OS 158.72350018 39.08698304
OS 158.72350018 39.02300044
OE
OB 171.8564 37.21375844 I
OS 171.87300144 37.20200078
OS 171.87300398 37.12099764
OS 171.87300398 36.64800392
OS 171.8564 36.64092748
OS 171.8564 36.6019969
OS 171.72649424 36.6019969
OS 171.72649424 36.30000614
OS 171.72649424 35.99800014
OS 171.8564 35.99800014
OS 171.8564 35.9590721
OS 171.87300398 35.95199566
OS 171.87300144 35.42010696
OS 171.86921176 35.39269528
OS 171.8564 35.37476034
OS 171.8564 35.29999798
OS 171.12580202 35.29999798
OS 171.12580202 35.29999544
OS 170.99430622 35.29999544
OS 170.5356 35.75870166
OS 170.5356 36.8046
OS 171.00254852 37.27154852
OS 171.8564 37.27154852
OS 171.8564 37.21375844
OE
OB 159.06270956 37.48179956 H
OS 158.76420114 37.48179956
OS 158.76420114 37.1983
OS 159.06270956 37.1983
OS 159.06270956 37.48179956
OE
OB 158.4770008 37.10450034 H
OS 158.2635011 37.10450034
OS 158.2635011 36.91950198
OS 158.4770008 36.91950198
OS 158.4770008 37.10450034
OE
OB 158.1365011 37.10450034 H
OS 157.9230014 37.10450034
OS 157.9230014 36.91950198
OS 158.1365011 36.91950198
OS 158.1365011 37.10450034
OE
OB 156.8519977 37.0745004 H
OS 156.61349932 37.0745004
OS 156.61349932 36.88600192
OS 156.8519977 36.88600192
OS 156.8519977 37.0745004
OE
OB 153.80200126 37.06150068 H
OS 153.313511 37.06150068
OS 153.313511 36.8230023
OS 153.80200126 36.8230023
OS 153.80200126 37.06150068
OE
OB 153.186511 37.06150068 H
OS 152.69800042 37.06150068
OS 152.69800042 36.8230023
OS 153.186511 36.8230023
OS 153.186511 37.06150068
OE
OB 152.13200206 37.06150068 H
OS 151.6435118 37.06150068
OS 151.6435118 36.8230023
OS 152.13200206 36.8230023
OS 152.13200206 37.06150068
OE
OB 151.5165118 37.06150068 H
OS 151.02800122 37.06150068
OS 151.02800122 36.8230023
OS 151.5165118 36.8230023
OS 151.5165118 37.06150068
OE
OB 159.06270956 37.0713 H
OS 158.76420114 37.0713
OS 158.76420114 36.78780044
OS 159.06270956 36.78780044
OS 159.06270956 37.0713
OE
OB 157.71199852 37.00649698 H
OS 157.4384964 37.00649698
OS 157.4384964 36.71299998
OS 157.71199852 36.71299998
OS 157.71199852 37.00649698
OE
OB 157.3114964 37.00649698 H
OS 157.03799936 37.00649698
OS 157.03799936 36.71299998
OS 157.3114964 36.71299998
OS 157.3114964 37.00649698
OE
OB 159.04730192 36.34749906 H
OS 158.92029938 36.34749906
OS 158.92029938 36.2205016
OS 159.04730192 36.2205016
OS 159.04730192 36.34749906
OE
OB 152.5293749 36.70000026 H
OS 152.30062758 36.70000026
OS 152.08928942 36.6124617
OS 151.92753968 36.45071196
OS 151.84000112 36.2393738
OS 151.84000112 36.01062648
OS 151.92753968 35.79928832
OS 152.08928942 35.63753858
OS 152.30062758 35.55000002
OS 152.5293749 35.55000002
OS 152.74071306 35.63753858
OS 152.9024628 35.79928832
OS 152.99000136 36.01062648
OS 152.99000136 36.2393738
OS 152.9024628 36.45071196
OS 152.74071306 36.6124617
OS 152.5293749 36.70000026
OE
OB 154.21139846 34.94660016 H
OS 153.647902 34.94660016
OS 153.647902 33.13310366
OS 154.21139846 33.13310366
OS 154.21139846 34.94660016
OE
OB 153.520902 34.94660016 H
OS 152.95740046 34.94660016
OS 152.95740046 33.13310366
OS 153.520902 33.13310366
OS 153.520902 34.94660016
OE
OB 155.65119238 36.18007242 H
OS 155.55398658 36.13980834
OS 155.55398658 36.13979818
OS 155.5445835 36.13039256
OS 154.9509093 35.53671328
OS 154.95089406 35.53671074
OS 154.91062744 35.4395024
OS 154.9106376 35.4394897
OS 154.9106376 34.94660016
OS 154.95089914 34.8493969
OS 154.95740154 34.8467045
OS 154.95740154 31.19260208
OS 156.21139954 31.19260208
OS 156.21139954 34.80103784
OS 156.22701546 34.81526692
OS 156.26262626 34.82627528
OS 156.28922514 34.84834026
OS 156.3209091 34.86211722
OS 156.3978838 34.94182496
OS 156.41347432 34.9814007
OS 157.1530004 34.9814007
OS 157.1530004 35.9353993
OS 156.4364664 35.9353993
OS 156.4253285 35.9622852
OS 156.42455126 35.99137836
OS 156.376751 36.0985816
OS 156.35819122 36.11617364
OS 156.3484046 36.13980326
OS 156.32151362 36.15094116
OS 156.30039352 36.17096144
OS 156.27482842 36.17027818
OS 156.25120134 36.1800648
OS 155.6512 36.1800648
OS 155.65119238 36.18007242
OE
OB 154.21139846 33.00610366 H
OS 153.647902 33.00610366
OS 153.647902 31.19260208
OS 154.21139846 31.19260208
OS 154.21139846 33.00610366
OE
OB 153.520902 33.00610366 H
OS 152.95740046 33.00610366
OS 152.95740046 31.19260208
OS 153.520902 31.19260208
OS 153.520902 33.00610366
OE
OB 152.11139758 29.14659906 H
OS 151.29790416 29.14659906
OS 151.29790416 27.383105
OS 152.11139758 27.383105
OS 152.11139758 29.14659906
OE
OB 151.17090416 29.14659906 H
OS 150.35740058 29.14659906
OS 150.35740058 27.383105
OS 151.17090416 27.383105
OS 151.17090416 29.14659906
OE
OB 166.64359864 27.42759818 H
OS 166.13009954 27.42759818
OS 166.13009954 27.01409888
OS 166.64359864 27.01409888
OS 166.64359864 27.42759818
OE
OB 166.00309954 27.42759818 H
OS 165.48960044 27.42759818
OS 165.48960044 27.01409888
OS 166.00309954 27.01409888
OS 166.00309954 27.42759818
OE
OB 166.64359864 26.88709888 H
OS 166.13009954 26.88709888
OS 166.13009954 26.47359958
OS 166.64359864 26.47359958
OS 166.64359864 26.88709888
OE
OB 166.00309954 26.88709888 H
OS 165.48960044 26.88709888
OS 165.48960044 26.47359958
OS 166.00309954 26.47359958
OS 166.00309954 26.88709888
OE
OB 160.64360048 26.88709888 H
OS 160.13010138 26.88709888
OS 160.13010138 26.47359958
OS 160.64360048 26.47359958
OS 160.64360048 26.88709888
OE
OB 160.00310138 26.88709888 H
OS 159.48960228 26.88709888
OS 159.48960228 26.47359958
OS 160.00310138 26.47359958
OS 160.00310138 26.88709888
OE
OB 164.65217514 27.6755987 H
OS 164.48102486 27.6755987
OS 164.31570896 27.6313011
OS 164.16749234 27.5457285
OS 164.0464715 27.42470766
OS 163.9608989 27.27649104
OS 163.9166013 27.11117514
OS 163.9166013 26.94002486
OS 163.9608989 26.77470896
OS 164.0464715 26.62649234
OS 164.16749234 26.5054715
OS 164.31570896 26.4198989
OS 164.48102486 26.3756013
OS 164.65217514 26.3756013
OS 164.81749104 26.4198989
OS 164.96570766 26.5054715
OS 165.0867285 26.62649234
OS 165.1723011 26.77470896
OS 165.2165987 26.94002486
OS 165.2165987 27.11117514
OS 165.1723011 27.27649104
OS 165.0867285 27.42470766
OS 164.96570766 27.5457285
OS 164.81749104 27.6313011
OS 164.65217514 27.6755987
OE
OB 171.59949424 36.6019969 H
OS 171.41100338 36.6019969
OS 171.41100338 36.36350614
OS 171.59949424 36.36350614
OS 171.59949424 36.6019969
OE
OB 171.59949424 36.23650614 H
OS 171.41100338 36.23650614
OS 171.41100338 35.99800014
OS 171.59949424 35.99800014
OS 171.59949424 36.23650614
OE
SE
S P 0
OB 158.93932144 45.70905768 I
OS 158.93932144 45.61472462
OS 158.9887981 45.4952735
OS 159.08022286 45.40384874
OS 159.19967398 45.35437208
OS 159.32896506 45.35437208
OS 159.44841618 45.40384874
OS 159.53984094 45.4952735
OS 159.5893176 45.61472462
OS 159.5893176 45.71765812
OS 159.66458542 45.7670535
OS 159.7066529 45.77992876
OS 161.24549412 44.24108754
OS 161.32110738 44.19056186
OS 161.41030456 44.17281996
OS 161.51640036 44.17281996
OS 161.5714955 44.06457278
OS 161.49139914 43.94470002
OS 159.91610638 43.94470002
OS 159.91610638 43.08020086
OS 159.78910638 43.08020086
OS 159.78910638 43.94470002
OS 158.91609822 43.94470002
OS 158.91609822 43.08019324
OS 158.78909822 43.08019324
OS 158.78909822 43.94470002
OS 158.64331746 43.94470002
OS 158.56729272 44.0574049
OS 158.61302034 44.14235266
OS 158.6241049 44.14455738
OS 158.64669058 44.15964752
OS 158.67421148 44.16518218
OS 158.67689118 44.16921062
OS 158.68155716 44.170473
OS 158.8085597 44.26843826
OS 158.81319774 44.27651546
OS 158.82180326 44.28008162
OS 158.8388111 44.32114326
OS 158.8609345 44.35968776
OS 158.85850118 44.36867936
OS 158.8620648 44.37728488
OS 158.8620648 45.0088
OS 158.82180326 45.10600326
OS 158.7246 45.1462648
OS 157.71869142 45.1462648
OS 157.69342858 45.2732648
OS 157.74029666 45.29267802
OS 157.83172142 45.38410278
OS 157.88119808 45.5035539
OS 157.88119808 45.63284498
OS 157.83172142 45.7522961
OS 157.74029666 45.84372086
OS 157.62084554 45.89319752
OS 157.49155446 45.89319752
OS 157.37210334 45.84372086
OS 157.32965994 45.80127746
OS 156.7290998 45.80127746
OS 156.7290998 46.29120028
OS 156.7290998 47.3351225
OS 157.31325662 47.3351225
OS 158.93932144 45.70905768
OE
SE
S P 0
OB 159.24079912 36.11199788 I
OS 159.09079942 35.96199818
OS 158.98079964 35.96199818
OS 158.98079964 36.35199994
OS 159.24079912 36.35199994
OS 159.24079912 36.11199788
OE
SE
S P 0
OB 159.46462646 48.17465346 I
OS 159.46462646 48.01720648
OS 159.48236836 47.92801184
OS 159.53289404 47.85239604
OS 162.1302574 45.25503268
OS 162.1302574 45.19500994
OS 162.17973406 45.07555882
OS 162.27115882 44.98413406
OS 162.39060994 44.9346574
OS 162.51990102 44.9346574
OS 162.63935214 44.98413406
OS 162.7307769 45.07555882
OS 162.78025356 45.19500994
OS 162.78025356 45.32429848
OS 162.89758886 45.36125802
OS 162.90521394 45.36125802
OS 163.02466252 45.41073468
OS 163.16405772 45.3705214
OS 164.29240192 44.24217466
OS 164.29240192 44.18215446
OS 164.34187858 44.06270588
OS 164.28027596 43.94470002
OS 163.41610446 43.94470002
OS 163.41610446 43.08020086
OS 163.41610446 42.2157017
OS 163.59362506 42.2157017
OS 163.59362506 41.96169916
OS 163.613338 41.86259344
OS 163.66947708 41.77857532
OS 163.9112038 41.5368486
OS 163.9110768 41.53672414
OS 163.85493772 41.45270602
OS 163.83522478 41.3536003
OS 163.83522478 41.0996003
OS 163.81720094 41.0996003
OS 163.81720094 40.5456009
OS 164.37119526 40.5456009
OS 164.3711978 40.54559582
OS 164.41720482 40.54559582
OS 164.41720482 40.54559836
OS 164.5144792 40.5456009
OS 164.6069352 40.44168442
OS 164.6069352 39.7207994
OS 164.61340204 39.70518602
OS 164.61340204 38.88241398
OS 164.6069352 38.8668006
OS 164.6069352 38.61380136
OS 164.53650608 38.61380136
OS 164.53650608 38.08680724
OS 164.40950608 38.08680724
OS 164.40950608 38.61380136
OS 164.036502 38.61380136
OS 164.036502 38.0868047
OS 163.909502 38.0868047
OS 163.909502 38.61380136
OS 163.53649792 38.61380136
OS 163.53649792 38.08679962
OS 163.40949792 38.08679962
OS 163.40949792 38.61380136
OS 163.036504 38.61380136
OS 163.036504 38.08680724
OS 162.909504 38.08680724
OS 162.909504 38.61380136
OS 162.53649992 38.61380136
OS 162.53649992 38.08680216
OS 162.47299992 38.08680216
OS 162.47299992 38.02330216
OS 162.19600022 38.02330216
OS 162.19600022 37.61380082
OS 161.7068648 37.61380082
OS 161.7068648 39.29256048
OS 161.8338648 39.3265914
OS 161.92172848 39.17440984
OS 162.08500984 39.01112848
OS 162.28499166 38.8956677
OS 162.50804176 38.8359015
OS 162.73895824 38.8359015
OS 162.96200834 38.8956677
OS 163.16199016 39.01112848
OS 163.32527152 39.17440984
OS 163.4407323 39.37439166
OS 163.5004985 39.59744176
OS 163.5004985 39.82835824
OS 163.4407323 40.05140834
OS 163.32527152 40.25139016
OS 163.16199016 40.41467152
OS 162.96200834 40.5301323
OS 162.73895824 40.5898985
OS 162.50804176 40.5898985
OS 162.36740958 40.55221506
OS 162.2717989 40.65807972
OS 162.2717989 40.9115006
OS 161.90980064 40.9115006
OS 161.90980064 41.0385006
OS 162.2717989 41.0385006
OS 162.2717989 41.25174122
OS 162.27180144 41.32199508
OS 162.27180652 41.32199762
OS 162.261804 41.3746061
OS 162.26179892 41.3746061
OS 162.26179892 41.6481006
OS 161.90479938 41.6481006
OS 161.90479938 41.7116006
OS 161.84129938 41.7116006
OS 161.84129938 42.04860018
OS 161.34645912 42.04860018
OS 161.31662936 42.0887017
OS 161.38044432 42.2157017
OS 161.78910238 42.2157017
OS 161.78910238 43.08019832
OS 161.91610238 43.08019832
OS 161.91610238 42.2157017
OS 162.28910646 42.2157017
OS 162.28910646 43.08020086
OS 162.28910646 43.96975966
OS 162.22098874 44.07170256
OS 162.22362272 44.07805764
OS 162.22362272 44.20734872
OS 162.17414606 44.32679984
OS 162.0827213 44.4182246
OS 161.96327018 44.46770126
OS 161.890583 44.46770126
OS 161.78757584 44.57070842
OS 161.71196004 44.6212341
OS 161.6227654 44.638976
OS 161.50684742 44.638976
OS 161.30890776 44.83691566
OS 161.34848858 44.97694332
OS 161.41314936 45.00372508
OS 161.50457412 45.09514984
OS 161.55405078 45.21460096
OS 161.55405078 45.34389204
OS 161.50457412 45.46334316
OS 161.41314936 45.55476792
OS 161.29369824 45.60424458
OS 161.23367804 45.60424458
OS 158.4965207 48.34140192
OS 158.54912664 48.46840192
OS 158.56064554 48.46840192
OS 158.68009666 48.51787858
OS 158.77152142 48.60930334
OS 158.7946151 48.66505888
OS 158.93833338 48.70094908
OS 159.46462646 48.17465346
OE
OB 163.28910446 43.94470002 H
OS 162.41610646 43.94470002
OS 162.41610646 43.08020086
OS 162.41610646 42.2157017
OS 163.28910446 42.2157017
OS 163.28910446 43.08020086
OS 163.28910446 43.94470002
OE
OB 162.26179892 42.04860018 H
OS 161.96829938 42.04860018
OS 161.96829938 41.7751006
OS 162.26179892 41.7751006
OS 162.26179892 42.04860018
OE
OB 164.36739796 39.7207994 H
OS 164.07889968 39.7207994
OS 164.07889968 39.3573
OS 164.36739796 39.3573
OS 164.36739796 39.7207994
OE
OB 163.95189968 39.7207994 H
OS 163.6634014 39.7207994
OS 163.6634014 39.3573
OS 163.95189968 39.3573
OS 163.95189968 39.7207994
OE
OB 164.36739796 39.2303 H
OS 164.07889968 39.2303
OS 164.07889968 38.8668006
OS 164.36739796 38.8668006
OS 164.36739796 39.2303
OE
OB 163.95189968 39.2303 H
OS 163.6634014 39.2303
OS 163.6634014 38.8668006
OS 163.95189968 38.8668006
OS 163.95189968 39.2303
OE
OB 162.40949992 38.61380136 H
OS 162.19600022 38.61380136
OS 162.19600022 38.15030216
OS 162.40949992 38.15030216
OS 162.40949992 38.61380136
OE
SE
S P 0
OB 159.82429808 35.02650094 I
OS 159.88632234 35.02650094
OS 159.88632234 34.74554138
OS 159.80318052 34.66239956
OS 159.1642994 34.66239956
OS 159.1642994 34.3154
OS 159.1642994 33.96840044
OS 159.4612 33.96840044
OS 159.4612 32.6136
OS 158.8874648 32.6136
OS 158.8874648 33.96840044
OS 159.0372994 33.96840044
OS 159.0372994 34.3154
OS 159.0372994 34.66239956
OS 158.88746226 34.66239956
OS 158.88746226 34.9131001
OS 158.92030192 35.02650094
OS 159.04730192 35.02650094
OS 159.04730192 35.2169984
OS 159.17430192 35.2169984
OS 159.17430192 35.02650094
OS 159.30129938 35.02650094
OS 159.30129938 35.11674968
OS 159.41863214 35.16535258
OS 159.4358 35.14818472
OS 159.45296786 35.16535258
OS 159.57030062 35.11674968
OS 159.57030062 35.02650094
OS 159.69729808 35.02650094
OS 159.69729808 35.21700348
OS 159.82429808 35.21700348
OS 159.82429808 35.02650094
OE
SE
S P 0
OB 159.89080036 35.96199818 I
OS 159.78080058 35.96199818
OS 159.63080088 36.11199788
OS 159.63080088 36.35199994
OS 159.89080036 36.35199994
OS 159.89080036 35.96199818
OE
SE
S P 0
OB 160.4161003 42.2157017 I
OS 160.5428209 42.2157017
OS 160.55075586 42.1856027
OS 160.50010064 42.11986496
OS 160.50010064 41.7116006
OS 160.50010064 41.36460104
OS 160.76844656 41.36460104
OS 160.81328518 41.34713346
OS 160.87780118 41.27040514
OS 160.87780118 40.62800104
OS 161.5694 40.62800104
OS 161.5694 37.61380082
OS 161.19599968 37.61380082
OS 161.19599968 37.01781776
OS 161.19227858 37.01409666
OS 161.14280192 36.89464554
OS 161.14280192 36.76535446
OS 161.19227858 36.64590334
OS 161.19599968 36.64218224
OS 161.19599968 36.53521776
OS 161.19227858 36.53149666
OS 161.14280192 36.41204554
OS 161.14280192 36.40431124
OS 161.049843 36.34219808
OS 160.92055446 36.34219808
OS 160.80110334 36.29272142
OS 160.70967858 36.20129666
OS 160.66020192 36.08184554
OS 160.66020192 35.95255446
OS 160.67550796 35.91560254
OS 160.59064656 35.7886
OS 160.16711172 35.7886
OS 160.10390128 35.85181044
OS 160.0466446 35.89007046
OS 159.95130062 35.9665016
OS 159.95130062 36.09349652
OS 159.76079808 36.09349652
OS 159.76079808 36.15699652
OS 159.69729808 36.15699652
OS 159.69729808 36.34749906
OS 159.57030316 36.34749906
OS 159.5628 36.47139264
OS 159.5628 36.78780044
OS 159.73269044 36.78780044
OS 159.73269044 37.1348
OS 159.73269044 37.48179956
OS 159.5628 37.48179956
OS 159.5628 38.43540192
OS 159.67824554 38.43540192
OS 159.79769666 38.48487858
OS 159.88912142 38.57630334
OS 159.93859808 38.69575446
OS 159.93859808 38.76844164
OS 159.94090948 38.77075304
OS 159.99143516 38.84636884
OS 160.00917706 38.93556348
OS 160.00917706 39.02300044
OS 160.42649906 39.02300044
OS 160.42649906 39.67699964
OS 159.98133612 39.67699964
OS 159.94090948 39.7374999
OS 159.70740982 39.97099956
OS 159.76001576 40.09799956
OS 160.42649906 40.09799956
OS 160.42649906 40.75199876
OS 160.03175512 40.75199876
OS 160.00768608 40.7742517
OS 159.95239282 40.86700996
OS 159.98939808 40.95635446
OS 159.98939808 41.08564554
OS 159.93992142 41.20509666
OS 159.90741704 41.23760104
OS 159.9088115 41.36460104
OS 160.37310064 41.36460104
OS 160.37310064 41.7116006
OS 160.37310064 42.05860016
OS 159.99967746 42.05860016
OS 159.99967746 42.2157017
OS 160.2891003 42.2157017
OS 160.2891003 43.08019578
OS 160.4161003 43.08019578
OS 160.4161003 42.2157017
OE
OB 160.15819886 37.48179956 H
OS 159.85969044 37.48179956
OS 159.85969044 37.1983
OS 160.15819886 37.1983
OS 160.15819886 37.48179956
OE
OB 160.15819886 37.0713 H
OS 159.85969044 37.0713
OS 159.85969044 36.78780044
OS 160.15819886 36.78780044
OS 160.15819886 37.0713
OE
OB 159.82429808 36.34749906 H
OS 159.82429808 36.22049652
OS 159.95130062 36.22049652
OS 159.95130062 36.34749906
OS 159.82429808 36.34749906
OE
SE
S P 0
OB 161.1289005 31.034101 I
OS 161.49340574 31.034101
OS 161.49340574 30.970601
OS 161.55690574 30.970601
OS 161.55690574 30.6936013
OS 161.85790082 30.6936013
OS 161.85790082 30.78756352
OS 161.97523358 30.83616642
OS 162.179 30.6324
OS 162.179 30.3751996
OS 161.93210438 30.3751996
OS 161.93210438 30.0482
OS 161.86860438 30.0482
OS 161.86860438 29.9847
OS 161.42910056 29.9847
OS 161.42910056 29.7434
OS 161.27681232 29.7434
OS 161.15180114 29.74820314
OS 161.1517986 29.87040254
OS 161.1517986 30.1117
OS 160.79980032 30.1117
OS 160.79980032 30.1752
OS 160.73630032 30.1752
OS 160.73630032 30.6021994
OS 160.63916818 30.6021994
OS 160.59079642 30.7143658
OS 160.66393826 30.80519874
OS 160.951799 30.80519874
OS 160.951799 31.106999
OS 160.9852 31.1404
OS 161.1289005 31.1404
OS 161.1289005 31.034101
OE
OB 161.42990574 30.907101 H
OS 161.1289005 30.907101
OS 161.1289005 30.72920194
OS 161.12889796 30.6936013
OS 161.04295706 30.6021994
OS 160.86330032 30.6021994
OS 160.86330032 30.2387
OS 161.1517986 30.2387
OS 161.1517986 30.56659876
OS 161.15180114 30.6021994
OS 161.23774204 30.6936013
OS 161.42990574 30.6936013
OS 161.42990574 30.907101
OE
OB 161.80510438 30.3751996 H
OS 161.42910056 30.3751996
OS 161.42910056 30.1117
OS 161.80510438 30.1117
OS 161.80510438 30.3751996
OE
SE
S P 0
OB 161.19599968 34.55980134 I
OS 162.19600022 34.55980134
OS 162.19600022 33.55980588
OS 162.19599768 33.55980334
OS 162.19599514 33.55980334
OS 162.15396576 33.44792904
OS 162.00303642 33.2969997
OS 161.8209997 33.29700224
OS 161.69399716 33.2969997
OS 161.5615006 33.2969997
OS 161.5615006 33.02
OS 161.5615006 32.7430003
OS 161.69399716 32.7430003
OS 161.7750003 32.74299776
OS 161.90200284 32.7430003
OS 162.3749991 32.7430003
OS 162.3749991 32.83829856
OS 162.40120174 32.85580424
OS 162.52820174 32.78792274
OS 162.52820174 32.64180162
OS 162.71669768 32.64180162
OS 162.71669768 32.94379746
OS 162.84369768 32.94379746
OS 162.84369768 32.64180162
OS 163.04658018 32.64180162
OS 163.07010312 32.61827868
OS 163.18955424 32.56880202
OS 163.31884532 32.56880202
OS 163.43829644 32.61827868
OS 163.46181938 32.64180162
OS 163.50619826 32.64180162
OS 163.50619826 32.6861805
OS 163.5297212 32.70970344
OS 163.57919786 32.82915456
OS 163.57919786 32.95844564
OS 163.5297212 33.07789676
OS 163.51067882 33.09693914
OS 163.51067882 33.10466074
OS 163.57212142 33.16610334
OS 163.62159808 33.28555446
OS 163.62159808 33.30982416
OS 163.63781344 33.32603952
OS 163.68833658 33.40165278
OS 163.72853716 33.4139921
OS 163.78109484 33.38239958
OS 163.75259858 33.25539704
OS 163.75260112 33.25539704
OS 163.75260112 32.58140296
OS 163.66000034 32.54179928
OS 163.66000034 32.2497704
OS 163.53389696 32.24760124
OS 163.53389696 32.2475987
OS 162.80489918 32.2475987
OS 162.80489918 31.6935993
OS 162.80489918 30.6936013
OS 162.91042348 30.6936013
OS 162.91042348 30.54687312
OS 162.73874996 30.3751996
OS 162.3164648 30.3751996
OS 162.3164648 30.6324
OS 162.27620326 30.72960326
OS 162.27619818 30.7296058
OS 162.07243684 30.93336968
OS 162.04716892 30.94383702
OS 162.02783698 30.96316896
OS 162.00049896 30.96316896
OS 161.97523612 30.97363376
OS 161.90593984 31.01107844
OS 161.85790082 31.06335672
OS 161.85790082 31.907099
OS 161.49340574 31.907099
OS 161.1289005 31.907099
OS 161.1289005 31.66617492
OS 160.951799 31.66617492
OS 160.951799 32.00919938
OS 159.697801 32.00919938
OS 159.697801 31.74673864
OS 159.63169496 31.7166244
OS 159.570801 31.70780552
OS 158.92947132 32.3491352
OS 158.98207726 32.4761352
OS 159.4612 32.4761352
OS 159.55840326 32.51639674
OS 159.570801 32.5463281
OS 159.697801 32.52106526
OS 159.697801 32.40520062
OS 160.951799 32.40520062
OS 160.951799 33.24295104
OS 161.08973878 33.38089082
OS 161.12395766 33.39506402
OS 161.21538242 33.48648878
OS 161.26485908 33.6059399
OS 161.26485908 33.73523098
OS 161.21538242 33.8546821
OS 161.12395766 33.94610686
OS 161.0073996 33.99438464
OS 161.0073996 34.2462993
OS 160.6804 34.2462993
OS 160.6804 34.3732993
OS 161.0073996 34.3732993
OS 161.0073996 34.55464768
OS 161.0307168 34.57378404
OS 161.19599968 34.57378404
OS 161.19599968 34.55980134
OE
OB 161.4345006 33.2969997 H
OS 161.2210009 33.2969997
OS 161.2210009 33.0835
OS 161.4345006 33.0835
OS 161.4345006 33.2969997
OE
OB 161.4345006 32.9565 H
OS 161.2210009 32.9565
OS 161.2210009 32.7430003
OS 161.4345006 32.7430003
OS 161.4345006 32.9565
OE
OB 161.85790082 32.2475987 H
OS 161.55690574 32.2475987
OS 161.55690574 32.034099
OS 161.85790082 32.034099
OS 161.85790082 32.2475987
OE
OB 161.42990574 32.2475987 H
OS 161.1289005 32.2475987
OS 161.1289005 32.034099
OS 161.42990574 32.034099
OS 161.42990574 32.2475987
OE
SE
S P 0
OB 163.4998 29.00269282 I
OS 163.18470284 28.6875982
OS 162.63960106 28.6875982
OS 162.63960106 28.14249896
OS 162.56680212 28.06970002
OS 162.49359932 28.06970002
OS 162.49359932 28.24209998
OS 161.63960052 28.24209998
OS 161.63960052 28.19290018
OS 161.15319814 28.67930002
OS 161.15320068 29.41590002
OS 163.4998 29.41590002
OS 163.4998 29.00269282
OE
OB 162.49359932 28.6875982 H
OS 162.13009992 28.6875982
OS 162.13009992 28.36909998
OS 162.49359932 28.36909998
OS 162.49359932 28.6875982
OE
OB 162.00309992 28.6875982 H
OS 161.63960052 28.6875982
OS 161.63960052 28.36909998
OS 162.00309992 28.36909998
OS 162.00309992 28.6875982
OE
SE
S P 0
OB 164.19549584 31.56780072 I
OS 164.592 31.56780072
OS 164.592 30.55302246
OS 164.5431812 30.53073396
OS 164.48005712 30.55642606
OS 164.41819796 30.61328142
OS 164.41819796 30.8991
OS 164.06619968 30.8991
OS 163.7142014 30.8991
OS 163.7142014 30.58372344
OS 163.7083721 30.5773074
OS 163.60229916 30.49914398
OS 163.5252 30.52584954
OS 163.5252 30.6936013
OS 163.5338995 30.6936013
OS 163.5338995 31.4071
OS 163.16939426 31.4071
OS 163.16939426 31.5341
OS 163.5338995 31.5341
OS 163.5338995 31.56562902
OS 163.66000288 31.56779818
OS 163.66000288 31.56780072
OS 164.06849584 31.56780072
OS 164.06849584 32.05480508
OS 164.19549584 32.05480508
OS 164.19549584 31.56780072
OE
OB 164.41819796 31.3895994 H
OS 164.12969968 31.3895994
OS 164.12969968 31.0261
OS 164.41819796 31.0261
OS 164.41819796 31.3895994
OE
OB 164.00269968 31.3895994 H
OS 163.7142014 31.3895994
OS 163.7142014 31.0261
OS 164.00269968 31.0261
OS 164.00269968 31.3895994
OE
SE
S P 0
OB 165.96680294 34.13163608 I
OS 166.04858332 34.07699052
OS 166.14504998 34.05780336
OS 166.34426218 34.05780336
OS 166.44072884 34.07699052
OS 166.45555736 34.08689906
OS 166.54528286 34.08689906
OS 166.56690334 34.06527858
OS 166.5860016 34.05736902
OS 166.5860016 33.69310508
OS 167.01300608 33.69310508
OS 167.01300608 33.62960508
OS 167.07650608 33.62960508
OS 167.07650608 33.1526007
OS 167.2844 33.1526007
OS 167.2844 33.02
OS 166.4208 33.02
OS 166.36719838 32.96639838
OS 166.24019838 33.00571504
OS 166.24019838 33.20419826
OS 166.0017 33.20419826
OS 166.0017 32.95219978
OS 165.8747 32.95219978
OS 165.8747 33.20419826
OS 165.63620416 33.20419826
OS 165.63620162 33.2042008
OS 165.50920162 33.18568928
OS 165.41864554 33.22319746
OS 165.28935446 33.22319746
OS 165.25359888 33.20838926
OS 165.12659634 33.25540212
OS 165.12659634 33.25539958
OS 164.36857652 33.25539958
OS 164.36857652 33.50939704
OS 164.40950608 33.55926994
OS 164.40950608 34.08680508
OS 164.53650608 34.08680508
OS 164.53650608 33.5598008
OS 165.2499997 33.5598008
OS 165.2499997 34.19474238
OS 165.90369664 34.19474238
OS 165.96680294 34.13163608
OE
OB 166.94950608 33.56610508 H
OS 166.5860016 33.56610508
OS 166.5860016 33.1526007
OS 166.94950608 33.1526007
OS 166.94950608 33.56610508
OE
SE
S P 0
OB 166.47610088 47.13170152 I
OS 167.3406102 47.13170152
OS 167.3406102 47.00470152
OS 166.47610088 47.00470152
OS 166.47610088 46.79120182
OS 166.47610088 46.6316949
OS 167.3406102 46.6316949
OS 167.3406102 46.5046949
OS 166.47610088 46.5046949
OS 166.47610088 46.29120028
OS 166.47610088 46.13170606
OS 167.3406102 46.13170606
OS 167.3406102 46.00470606
OS 166.47610088 46.00470606
OS 166.47610088 45.79120128
OS 166.47610088 45.63169944
OS 167.3406102 45.63169944
OS 167.3406102 45.50469944
OS 166.47610088 45.50469944
OS 166.47610088 45.29119974
OS 166.47610088 45.13170044
OS 167.3406102 45.13170044
OS 167.3406102 45.00470044
OS 166.47610088 45.00470044
OS 166.47610088 44.9326
OS 166.0144 44.9326
OS 166.0144 47.1932
OS 166.47610088 47.1932
OS 166.47610088 47.13170152
OE
SE
S P 0
OB 166.65379928 32.7893045 I
OS 166.88080416 32.7893045
OS 166.88080416 32.6623045
OS 166.65379928 32.6623045
OS 166.65379928 32.58279742
OS 166.6288006 32.58279742
OS 166.6288006 32.25781458
OS 166.62382474 32.23279812
OS 166.62382474 32.21507146
OS 166.53458438 32.1258311
OS 166.4784453 32.04181298
OS 166.45873236 31.94270726
OS 166.45873236 31.2657998
OS 166.39820162 31.2657998
OS 166.39820162 30.41180354
OS 166.28636034 30.3751996
OS 165.12261616 30.3751996
OS 165.0975997 30.38017546
OS 165.0234698 30.38017546
OS 165.00432328 30.4086006
OS 165.07190252 30.5356006
OS 165.3681986 30.5356006
OS 165.3681986 30.8991
OS 165.01620032 30.8991
OS 165.01620032 30.9626
OS 164.95270032 30.9626
OS 164.95270032 31.3895994
OS 164.7294648 31.3895994
OS 164.7294648 31.56780072
OS 164.98850416 31.56780072
OS 164.98850416 32.05479492
OS 165.05200416 32.05479492
OS 165.05200416 32.11829492
OS 165.52399966 32.11829492
OS 165.52399966 32.1904741
OS 165.63620416 32.2261992
OS 165.63620416 32.22620174
OS 165.8747 32.22620174
OS 165.8747 32.47820022
OS 165.9382 32.47820022
OS 165.9382 32.54170022
OS 166.24019838 32.54170022
OS 166.24019838 32.7714229
OS 166.26109496 32.786828
OS 166.36720092 32.82893358
OS 166.39804922 32.84171232
OS 166.43130798 32.84479588
OS 166.44483602 32.86109252
OS 166.46440164 32.86919512
OS 166.47774172 32.8825352
OS 166.65379928 32.8825352
OS 166.65379928 32.7893045
OE
OB 166.24019838 32.41470022 H
OS 166.0017 32.41470022
OS 166.0017 32.22620174
OS 166.24019838 32.22620174
OS 166.24019838 32.41470022
OE
OB 165.52399966 31.99129492 H
OS 165.11550416 31.99129492
OS 165.11550416 31.56780072
OS 165.52399966 31.56780072
OS 165.52399966 31.99129492
OE
OB 165.3681986 31.3895994 H
OS 165.07970032 31.3895994
OS 165.07970032 31.0261
OS 165.3681986 31.0261
OS 165.3681986 31.3895994
OE
SE
S P 0
OB 166.97747656 42.792142 I
OS 167.03694558 42.66752198
OS 167.01826388 42.63956166
OS 167.00052198 42.55036702
OS 167.00052198 42.26424618
OS 166.99601094 42.25749486
OS 166.97826904 42.16830022
OS 166.97826904 41.88568712
OS 166.93582564 41.84324372
OS 166.88634898 41.7237926
OS 166.88634898 41.59450406
OS 166.78220136 41.5140648
OS 165.10000254 41.5140648
OS 165.0021592 41.6110039
OS 164.9955425 41.64885498
OS 165.0385828 41.69189528
OS 165.09559818 41.77722404
OS 165.11561846 41.87787662
OS 165.11561846 42.2157017
OS 165.62960016 42.2157017
OS 165.62960016 42.62410068
OS 165.7566027 42.70896208
OS 165.77195446 42.70260192
OS 165.90124554 42.70260192
OS 166.02069666 42.75207858
OS 166.06314006 42.79452198
OS 166.97465462 42.79452198
OS 166.97747656 42.792142
OE
SE
S P 0
OB 167.0272504 41.38362564 I
OS 167.14670152 41.33414898
OS 167.2759926 41.33414898
OS 167.39544372 41.38362564
OS 167.43960162 41.42778354
OS 167.56660162 41.3751776
OS 167.56660162 41.37229978
OS 167.8686 41.37229978
OS 167.8686 41.24529978
OS 167.56660162 41.24529978
OS 167.56660162 40.96130746
OS 167.5391239 40.89496774
OS 167.5391239 40.76567666
OS 167.54237764 40.7578179
OS 167.46347254 40.6365329
OS 167.39928928 40.6365329
OS 167.27983816 40.58705624
OS 167.1884134 40.49563148
OS 167.13893674 40.37618036
OS 167.13893674 40.24688928
OS 167.1884134 40.12743816
OS 167.27983816 40.0360134
OS 167.39928928 39.98653674
OS 167.45931202 39.98653674
OS 167.66391664 39.78193212
OS 167.73000998 39.73776914
OS 167.78229842 39.6854807
OS 167.78229842 38.6769991
OS 167.23849966 38.6769991
OS 167.23849966 38.27500092
OS 167.23849966 37.87300274
OS 167.80199866 37.87300274
OS 167.80199866 38.13581146
OS 167.92899866 38.20232644
OS 167.9702 38.17377938
OS 167.9702 37.592
OS 166.25000024 37.592
OS 166.25000024 37.61380082
OS 165.2499997 37.61380082
OS 165.2499997 38.02330216
OS 164.973 38.02330216
OS 164.973 38.08680216
OS 164.9095 38.08680216
OS 164.9095 38.61380136
OS 164.7444 38.61380136
OS 164.7444 38.8668006
OS 164.90190032 38.8668006
OS 164.90190032 39.2938
OS 164.90190032 39.7207994
OS 164.7444 39.7207994
OS 164.7444 40.4622
OS 165.1 40.4622
OS 165.1 41.3766
OS 166.9034 41.3766
OS 166.96883802 41.44203802
OS 167.0272504 41.38362564
OE
OB 165.3173986 39.7207994 H
OS 165.02890032 39.7207994
OS 165.02890032 39.3573
OS 165.3173986 39.3573
OS 165.3173986 39.7207994
OE
OB 165.3173986 39.2303 H
OS 165.02890032 39.2303
OS 165.02890032 38.8668006
OS 165.3173986 38.8668006
OS 165.3173986 39.2303
OE
OB 167.11149966 38.6769991 H
OS 166.54800066 38.6769991
OS 166.54800066 38.33850092
OS 167.11149966 38.33850092
OS 167.11149966 38.6769991
OE
OB 165.2499997 38.61380136 H
OS 165.0365 38.61380136
OS 165.0365 38.15030216
OS 165.2499997 38.15030216
OS 165.2499997 38.61380136
OE
OB 167.11149966 38.21150092 H
OS 166.54800066 38.21150092
OS 166.54800066 37.87300274
OS 167.11149966 37.87300274
OS 167.11149966 38.21150092
OE
SE
S P 0
OB 168.9926389 37.23054022 I
OS 168.9926389 37.1731032
OS 169.04211556 37.05365208
OS 169.13354032 36.96222732
OS 169.25299144 36.91275066
OS 169.38228252 36.91275066
OS 169.41084228 36.92457944
OS 169.4827827 36.81691392
OS 169.21278832 36.54691954
OS 169.16226264 36.47130374
OS 169.14452074 36.3821091
OS 169.14452074 33.9854159
OS 168.55733116 33.39822632
OS 168.4399984 33.44682922
OS 168.4399984 33.56609492
OS 168.07649392 33.56609492
OS 168.07649392 33.1526007
OS 168.14576988 33.1526007
OS 168.19437278 33.03526794
OS 168.01248846 32.85338362
OS 167.9880435 32.8168
OS 167.67755644 32.8168
OS 167.64214884 32.8522076
OS 167.64 32.8536427
OS 167.64 33.1526007
OS 167.94949392 33.1526007
OS 167.94949392 33.62959492
OS 167.94949392 34.1065993
OS 167.64 34.1065993
OS 167.64 34.1884
OS 167.386 34.4424
OS 167.38599746 35.36300014
OS 168.25699902 35.36300014
OS 168.25699902 36.07088798
OS 168.26147704 36.0934
OS 168.26147704 36.84187704
OS 168.8084 37.3888
OS 168.83437912 37.3888
OS 168.9926389 37.23054022
OE
OB 168.4399984 34.1065993 H
OS 168.07649392 34.1065993
OS 168.07649392 33.69309492
OS 168.4399984 33.69309492
OS 168.4399984 34.1065993
OE
SE
S P 0
OB 170.5730015 56.37699672 I
OS 170.5730015 55.98849864
OS 171.64997928 55.98849864
OS 172.7269977 55.98849864
OS 172.7269977 56.21043368
OS 172.8539977 56.26303962
OS 174.17300192 54.9440354
OS 174.17300192 54.92635446
OS 174.22247858 54.80690334
OS 174.31390334 54.71547858
OS 174.43335446 54.66600192
OS 174.4510354 54.66600192
OS 175.27702054 53.84001678
OS 175.2244146 53.71301678
OS 173.6194013 53.71301678
OS 173.61529666 53.71712142
OS 173.49584554 53.76659808
OS 173.36655446 53.76659808
OS 173.24710334 53.71712142
OS 173.23459892 53.704617
OS 172.85434568 53.704617
OS 171.72298142 54.83598126
OS 171.63765266 54.89299664
OS 171.53700008 54.91301692
OS 169.80199974 54.91301692
OS 169.80199974 54.92699962
OS 169.24800034 54.92699962
OS 169.24800034 54.37300276
OS 169.15591518 54.28870778
OS 169.08178528 54.27396308
OS 168.99645652 54.2169477
OS 168.6607625 53.88125368
OS 168.54081862 53.88125368
OS 168.51540592 53.87619908
OS 168.43560166 53.87619908
OS 168.43560166 53.85818286
OS 168.35483728 53.80421802
OS 168.08455588 53.53393662
OS 168.0275405 53.44860786
OS 168.00752022 53.34795528
OS 168.00752022 53.01958154
OS 167.83313906 52.84520038
OS 166.47610088 52.84520038
OS 166.47610088 52.29120098
OS 166.47610088 51.29120044
OS 166.47610088 50.2911999
OS 166.47610088 49.2912019
OS 166.47610088 48.29120136
OS 166.47610088 47.3306648
OS 166.0144 47.3306648
OS 165.91719674 47.29040326
OS 165.8769352 47.1932
OS 165.8769352 44.9326
OS 165.91719674 44.83539674
OS 166.0144 44.7951352
OS 166.47610088 44.7951352
OS 166.47610088 44.79120074
OS 167.18306924 44.79120074
OS 167.23167214 44.67386798
OS 167.12485752 44.56705336
OS 165.32411944 44.56705336
OS 165.22346686 44.54703308
OS 165.1381381 44.4900177
OS 165.04463054 44.39651014
OS 164.89482134 44.42630942
OS 164.89292142 44.43089666
OS 164.80149666 44.52232142
OS 164.68204554 44.57179808
OS 164.62202534 44.57179808
OS 163.84102868 45.35279474
OS 163.89363462 45.47979474
OS 163.90323836 45.47979474
OS 164.02268948 45.5292714
OS 164.11411424 45.62069616
OS 164.1635909 45.74014728
OS 164.1635909 45.86943836
OS 164.11411424 45.98888948
OS 164.02268948 46.08031424
OS 163.90323836 46.1297909
OS 163.85143506 46.1297909
OS 163.61097834 46.37024762
OS 163.64077762 46.52005682
OS 163.6426496 46.52083152
OS 163.73407436 46.61225628
OS 163.78355102 46.7317074
OS 163.78355102 46.86099848
OS 163.73407436 46.9804496
OS 163.6426496 47.07187436
OS 163.52319848 47.12135102
OS 163.45516458 47.12135102
OS 159.42634866 51.15016694
OS 159.47495156 51.2674997
OS 159.70547942 51.2674997
OS 164.2120668 46.76091232
OS 164.16540192 46.64824554
OS 164.16540192 46.51895446
OS 164.21487858 46.39950334
OS 164.30630334 46.30807858
OS 164.42575446 46.25860192
OS 164.55504554 46.25860192
OS 164.67449666 46.30807858
OS 164.76592142 46.39950334
OS 164.81539808 46.51895446
OS 164.81539808 46.64824554
OS 164.76592142 46.76769666
OS 164.72347802 46.81014006
OS 164.72347802 46.8122
OS 164.70573612 46.90139464
OS 164.65521044 46.97701044
OS 164.43381896 47.19840192
OS 164.47884808 47.32540192
OS 164.59829666 47.37487858
OS 164.68972142 47.46630334
OS 164.73919808 47.58575446
OS 164.73919808 47.71504554
OS 164.68972142 47.83449666
OS 164.59829666 47.92592142
OS 164.47884554 47.97539808
OS 164.41882534 47.97539808
OS 158.81985254 53.57436834
OS 158.86845544 53.6917011
OS 161.28910338 53.6917011
OS 161.28910338 54.55620788
OS 161.41610338 54.55620788
OS 161.41610338 53.6917011
OS 162.28910138 53.6917011
OS 162.28910138 54.55620534
OS 162.41610138 54.55620534
OS 162.41610138 53.6917011
OS 163.7890933 53.6917011
OS 163.7890933 54.55619772
OS 163.9160933 54.55619772
OS 163.9160933 53.6917011
OS 164.78910146 53.6917011
OS 164.78910146 54.55620534
OS 164.78910146 55.42069942
OS 164.6721243 55.42069942
OS 164.66299808 55.434357
OS 164.66299808 55.56364554
OS 164.61561692 55.67803698
OS 164.61561692 55.74840006
OS 164.59559664 55.84905264
OS 164.56596246 55.89340104
OS 164.70954612 56.0369847
OS 164.7665615 56.12231346
OS 164.78658178 56.22296604
OS 164.78658178 56.35060104
OS 164.9895989 56.35060104
OS 164.9895989 56.4345836
OS 166.65119832 56.4345836
OS 166.69390334 56.39187858
OS 166.81335446 56.34240192
OS 166.94264554 56.34240192
OS 167.06209666 56.39187858
OS 167.10480168 56.4345836
OS 170.4698521 56.4345836
OS 170.5730015 56.37699672
OE
OB 172.7269977 55.86149864 H
OS 171.71347928 55.86149864
OS 171.71347928 55.47299802
OS 172.7269977 55.47299802
OS 172.7269977 55.86149864
OE
OB 171.58647928 55.86149864 H
OS 170.5730015 55.86149864
OS 170.5730015 55.47299802
OS 171.58647928 55.47299802
OS 171.58647928 55.86149864
OE
OB 168.11105824 56.2743985 H
OS 167.88014176 56.2743985
OS 167.65709166 56.2146323
OS 167.45710984 56.09917152
OS 167.29382848 55.93589016
OS 167.1783677 55.73590834
OS 167.1186015 55.51285824
OS 167.1186015 55.28194176
OS 167.1783677 55.05889166
OS 167.29382848 54.85890984
OS 167.45710984 54.69562848
OS 167.65709166 54.5801677
OS 167.88014176 54.5204015
OS 168.11105824 54.5204015
OS 168.33410834 54.5801677
OS 168.53409016 54.69562848
OS 168.69737152 54.85890984
OS 168.8128323 55.05889166
OS 168.8725985 55.28194176
OS 168.8725985 55.51285824
OS 168.8128323 55.73590834
OS 168.69737152 55.93589016
OS 168.53409016 56.09917152
OS 168.33410834 56.2146323
OS 168.11105824 56.2743985
OE
OB 165.62960016 55.42069942 H
OS 164.91610146 55.42069942
OS 164.91610146 54.55620534
OS 164.91610146 53.6917011
OS 165.62960016 53.6917011
OS 165.62960016 54.90075126
OS 165.67499758 55.0103548
OS 165.67499758 55.13964588
OS 165.62960016 55.24924942
OS 165.62960016 55.42069942
OE
SE
S P 0
OB 171.38171972 39.15653332 I
OS 171.46153414 39.05989902
OS 171.45192786 39.011606
OS 171.45192786 38.95224366
OS 171.42408692 38.9336407
OS 171.29708692 39.00152474
OS 171.29708692 39.14489758
OS 171.37013224 39.16459782
OS 171.38171972 39.15653332
OE
SE
S P 0
OB 171.87300144 38.45760152 I
OS 171.87300144 38.42699706
OS 171.87300398 38.42699706
OS 171.87300398 38.1442595
OS 171.74600398 38.08587252
OS 171.67148038 38.1363093
OS 171.66407882 38.14426204
OS 171.66407882 38.40061662
OS 171.74849572 38.4790188
OS 171.87300144 38.45760152
OE
SE
S P 0
OB 172.49367838 53.32135894 I
OS 172.4951973 53.28700544
OS 172.46523038 53.17019846
OS 172.41402144 53.13598212
OS 171.02565744 51.74761812
OS 170.47939996 51.74761812
OS 170.44029666 51.78672142
OS 170.32084554 51.83619808
OS 170.19155446 51.83619808
OS 170.07210334 51.78672142
OS 170.03300004 51.74761812
OS 169.904156 51.74761812
OS 169.80199974 51.80760276
OS 169.80199974 52.36159454
OS 169.80200482 52.36159454
OS 169.80200482 52.4522065
OS 169.80199974 52.4522065
OS 169.80199974 52.92519768
OS 169.80200228 53.00620082
OS 169.89151696 53.0961219
OS 171.43746002 53.0961219
OS 171.47990342 53.0536785
OS 171.59935454 53.00420184
OS 171.72864562 53.00420184
OS 171.84809674 53.0536785
OS 171.9395215 53.14510326
OS 171.98899816 53.26455438
OS 171.98899816 53.39384546
OS 171.9395215 53.51329658
OS 171.84809674 53.60472134
OS 171.72864562 53.654198
OS 171.59935454 53.654198
OS 171.47990342 53.60472134
OS 171.43746002 53.56227794
OS 169.80199974 53.56227794
OS 169.80199974 53.60619962
OS 169.42437286 53.60619962
OS 169.35648882 53.73319962
OS 169.37970696 53.76794936
OS 169.50596528 53.76794936
OS 169.53136528 53.77300142
OS 169.80199974 53.77300142
OS 169.80199974 54.32699828
OS 169.904156 54.38698292
OS 171.4280544 54.38698292
OS 172.49367838 53.32135894
OE
SE
S P 0
OB 174.93500192 49.8472333 I
OS 174.93500192 49.84635446
OS 174.98447858 49.72690334
OS 175.07590334 49.63547858
OS 175.19535446 49.58600192
OS 175.32464554 49.58600192
OS 175.44409666 49.63547858
OS 175.49549356 49.68687548
OS 175.62300156 49.68687548
OS 175.62300156 49.67299946
OS 177.6098302 49.67299946
OS 177.6098302 45.99317446
OS 177.59679492 45.9844648
OS 177.24740014 45.9844648
OS 177.24740014 46.3762979
OS 176.27340158 46.3762979
OS 176.27340158 46.15849798
OS 176.1987967 46.06239708
OS 175.9603161 46.06239708
OS 175.9603161 45.8103986
OS 175.8968161 45.8103986
OS 175.8968161 45.7468986
OS 175.59480248 45.7468986
OS 175.59480248 45.6034648
OS 174.42180254 45.6034648
OS 174.37700202 45.6333987
OS 174.37700202 46.22699924
OS 173.79002326 46.22699924
OS 173.761654 46.25979826
OS 173.71943666 46.35400178
OS 173.75619808 46.44275446
OS 173.75619808 46.57204554
OS 173.70672142 46.69149666
OS 173.61529666 46.78292142
OS 173.49584554 46.83239808
OS 173.36655446 46.83239808
OS 173.24710334 46.78292142
OS 173.15568112 46.6914992
OS 173.14920412 46.69021142
OS 173.06409634 46.7753192
OS 172.94464522 46.82479586
OS 172.81535414 46.82479586
OS 172.69590302 46.7753192
OS 172.66409968 46.7435184
OS 172.59929666 46.80832142
OS 172.47984554 46.85779808
OS 172.35055446 46.85779808
OS 172.28538568 46.8308055
OS 172.25892142 46.89469666
OS 172.16749666 46.98612142
OS 172.04804554 47.03559808
OS 171.91875446 47.03559808
OS 171.79930334 46.98612142
OS 171.79623756 46.98305564
OS 171.66576284 47.01538476
OS 171.62370806 47.08320276
OS 171.6832228 47.21020276
OS 172.66981976 47.21020276
OS 172.77047234 47.23022304
OS 172.7852399 47.24009094
OS 172.86794738 47.24009094
OS 172.96859996 47.26011122
OS 173.05392872 47.3171266
OS 173.43287386 47.69607174
OS 173.48988924 47.7814005
OS 173.50990952 47.88205308
OS 173.50990952 48.01754684
OS 174.3671646 48.87480192
OS 174.38484554 48.87480192
OS 174.50429666 48.92427858
OS 174.59572142 49.01570334
OS 174.64519808 49.13515446
OS 174.64519808 49.26444554
OS 174.59572142 49.38389666
OS 174.583217 49.39640108
OS 174.583217 49.67505432
OS 174.80800192 49.89983924
OS 174.93500192 49.8472333
OE
OB 177.24740014 46.91179848 H
OS 176.82390086 46.91179848
OS 176.82390086 46.5032979
OS 177.24740014 46.5032979
OS 177.24740014 46.91179848
OE
OB 176.69690086 46.91179848 H
OS 176.27340158 46.91179848
OS 176.27340158 46.5032979
OS 176.69690086 46.5032979
OS 176.69690086 46.91179848
OE
OB 175.8333161 46.06239708 H
OS 175.59480248 46.06239708
OS 175.59480248 45.8738986
OS 175.8333161 45.8738986
OS 175.8333161 46.06239708
OE
SE
S P 0
OB 175.03139746 39.8272 I
OS 175.514 39.8272
OS 175.6156 39.7256
OS 175.6156 39.4716
OS 175.64520116 39.44199884
OS 175.64520116 39.28139972
OS 175.720756 39.28139972
OS 175.73906432 39.2539982
OS 175.67118028 39.1269982
OS 175.4610029 39.1269982
OS 175.4610029 38.8914132
OS 175.35070594 38.84422508
OS 175.26761492 38.91200752
OS 175.26555498 38.91406746
OS 175.26298196 38.91578704
OS 175.26 38.91822036
OS 175.26 38.9382
OS 175.22943872 38.9382
OS 175.18993918 38.96459314
OS 175.10074454 38.98233504
OS 174.42846496 38.98233504
OS 174.30513272 39.10566728
OS 174.35373562 39.22300004
OS 174.37700202 39.22300004
OS 174.37700202 39.71149792
OS 174.14999968 39.71149792
OS 174.14999968 39.83849792
OS 174.37700202 39.83849792
OS 174.37700202 40.2171281
OS 174.7774 40.2171281
OS 175.03139746 39.8272
OE
SE
S P 0
OB 177.4589161 39.36940056 I
OS 177.6098302 39.36940056
OS 177.6098302 32.03746196
OS 176.48659902 32.03746196
OS 176.48659902 32.74030028
OS 176.50759974 32.74030028
OS 176.50759974 33.37530028
OS 175.54239974 33.37530028
OS 175.54239974 32.7436988
OS 175.40709902 32.7436988
OS 175.40709902 32.3499988
OS 175.34359902 32.3499988
OS 175.34359902 32.2864988
OS 175.01339902 32.2864988
OS 175.01339902 32.03746196
OS 171.30000284 32.03746196
OS 171.20279958 31.99720042
OS 171.16253804 31.89999716
OS 171.16253804 26.545159
OS 171.03553804 26.51113062
OS 170.95935582 26.64308108
OS 170.81348108 26.78895582
OS 170.63482002 26.89210522
OS 170.61199558 26.89822154
OS 170.56575234 27.04209222
OS 170.6288561 27.15138842
OS 170.6783988 27.33628772
OS 170.6783988 27.52771228
OS 170.6288561 27.71261158
OS 170.53314382 27.87838722
OS 170.42323294 27.9882981
OS 170.40805644 28.067
OS 170.42323294 28.1457019
OS 170.53314382 28.25561278
OS 170.6288561 28.42138842
OS 170.6783988 28.60628772
OS 170.6783988 28.79771228
OS 170.6288561 28.98261158
OS 170.53314382 29.14838722
OS 170.42323294 29.2582981
OS 170.40805644 29.337
OS 170.42323294 29.4157019
OS 170.53314382 29.52561278
OS 170.6288561 29.69138842
OS 170.6783988 29.87628772
OS 170.6783988 30.06771228
OS 170.6288561 30.25261158
OS 170.53314382 30.41838722
OS 170.39778722 30.55374382
OS 170.23201158 30.6494561
OS 170.04711482 30.6989988
OS 169.98093004 30.8259988
OS 170.04650522 30.93957998
OS 170.09989856 31.1388506
OS 170.09989856 31.3451494
OS 170.04650522 31.54442002
OS 169.94335582 31.72308108
OS 169.79748108 31.86895582
OS 169.7745398 31.88220192
OS 169.782998 31.96541994
OS 169.79974422 32.01429716
OS 169.90689666 32.05867858
OS 169.99832142 32.15010334
OS 170.04779808 32.26955446
OS 170.04779808 32.3295772
OS 170.33773146 32.61951058
OS 170.38825714 32.69512638
OS 170.40599904 32.78432102
OS 170.40599904 34.62337754
OS 170.58062404 34.79800254
OS 171.30305846 34.79800254
OS 171.41100338 34.75199552
OS 171.41100338 34.5135073
OS 171.66299424 34.5135073
OS 171.66299424 34.4500073
OS 171.72649424 34.4500073
OS 171.72649424 34.1480013
OS 172.06703712 34.1480013
OS 172.18721976 34.02781866
OS 172.27254852 33.97080328
OS 172.3732011 33.950783
OS 175.54239974 33.950783
OS 175.54239974 33.524698
OS 176.50759974 33.524698
OS 176.50759974 34.159698
OS 176.19406468 34.159698
OS 175.95398134 34.39978134
OS 175.86865258 34.45679672
OS 175.768 34.476817
OS 172.48214678 34.476817
OS 172.40001842 34.55894536
OS 172.40001842 34.798
OS 172.42700338 34.798
OS 172.42700338 35.27099626
OS 172.42700592 35.3519994
OS 172.42700338 35.47900194
OS 172.42700338 35.9519982
OS 172.40598234 35.9519982
OS 172.40598234 36.2940346
OS 172.40382842 36.30486008
OS 172.41302068 36.35107284
OS 172.41302068 36.64800138
OS 172.42700338 36.64800138
OS 172.42700338 37.12099764
OS 172.42700592 37.20200078
OS 172.42700338 37.32900332
OS 172.42700338 37.80199704
OS 172.4854691 37.90478322
OS 172.8216 37.90478322
OS 172.87699486 37.91580174
OS 173.12359584 37.91580174
OS 173.22300128 37.849175
OS 173.22300128 37.73600276
OS 173.46149458 37.73600276
OS 173.46149458 37.98800124
OS 173.58849458 37.98800124
OS 173.58849458 37.73600276
OS 173.71852226 37.73600276
OS 173.71852226 37.47511174
OS 173.73626416 37.3859171
OS 173.78678984 37.3103013
OS 174.0980008 36.99909034
OS 174.0980008 36.34799944
OS 175.20200164 36.34799944
OS 175.20200164 37.27099988
OS 175.20200418 37.3519954
OS 175.20200672 37.3519954
OS 175.20200672 37.39800496
OS 175.20200164 37.39800496
OS 175.20200164 37.8365004
OS 174.64998598 37.8365004
OS 174.64998598 37.9635004
OS 175.20200164 37.9635004
OS 175.20200164 38.15244338
OS 175.3193344 38.20104374
OS 175.44800064 38.0723775
OS 175.44800064 37.47900302
OS 175.4479981 37.39799988
OS 175.44800064 37.27099734
OS 175.44800064 36.91349996
OS 175.99998582 36.91349996
OS 176.55200148 36.91349996
OS 176.55200148 37.27099734
OS 176.55200402 37.35200048
OS 176.55200148 37.47900302
OS 176.55200148 38.40200092
OS 176.45348504 38.40200092
OS 176.43900196 38.52300398
OS 176.43899942 38.52300398
OS 176.43899942 38.77177666
OS 176.56599942 38.8243826
OS 176.6159028 38.77447922
OS 176.73535392 38.72500256
OS 176.864645 38.72500256
OS 176.98409612 38.77447922
OS 177.07552088 38.86590398
OS 177.12499754 38.9853551
OS 177.12499754 39.11464618
OS 177.07552088 39.2340973
OS 177.04870356 39.26091462
OS 177.11982356 39.36940056
OS 177.3319161 39.36940056
OS 177.3319161 39.62139904
OS 177.4589161 39.62139904
OS 177.4589161 39.36940056
OE
OB 176.55200148 36.78649996 H
OS 176.06348582 36.78649996
OS 176.06348582 36.34799944
OS 176.55200148 36.34799944
OS 176.55200148 36.78649996
OE
OB 175.93648582 36.78649996 H
OS 175.44800064 36.78649996
OS 175.44800064 36.34799944
OS 175.93648582 36.34799944
OS 175.93648582 36.78649996
OE
OB 171.59949424 34.3865073 H
OS 171.41100338 34.3865073
OS 171.41100338 34.1480013
OS 171.59949424 34.1480013
OS 171.59949424 34.3865073
OE
OB 175.28009902 32.7436988 H
OS 175.01339902 32.7436988
OS 175.01339902 32.4134988
OS 175.28009902 32.4134988
OS 175.28009902 32.7436988
OE
SE
S P 0
OB 177.6098302 45.8339698 I
OS 177.6098302 44.6786
OS 177.080799 44.6786
OS 177.080799 44.81100004
OS 175.826801 44.81100004
OS 175.826801 44.55960354
OS 175.6252774 44.3580774
OS 175.45200114 44.3580774
OS 175.45200114 44.46149858
OS 174.90000072 44.46149858
OS 174.90000072 44.58849858
OS 175.45200114 44.58849858
OS 175.45200114 44.86150032
OS 174.90000072 44.86150032
OS 174.90000072 44.92500032
OS 174.83650072 44.92500032
OS 174.83650072 45.15200012
OS 174.42700192 45.15200012
OS 174.42700192 45.20200002
OS 174.4218 45.20200002
OS 174.4218 45.466
OS 175.59480248 45.466
OS 175.59480248 45.39989904
OS 175.8968161 45.39989904
OS 175.8968161 45.33639904
OS 175.9603161 45.33639904
OS 175.9603161 45.08440056
OS 176.16156284 45.08440056
OS 176.27340412 45.04779662
OS 176.27340666 45.04779408
OS 176.2734092 45.04779916
OS 176.69690086 45.04779916
OS 176.69690086 45.51979974
OS 176.76040086 45.51979974
OS 176.76040086 45.58329974
OS 177.24740014 45.58329974
OS 177.24740014 45.847
OS 177.5968 45.847
OS 177.6098302 45.8339698
OE
OB 175.8333161 45.27289904 H
OS 175.59480248 45.27289904
OS 175.59480248 45.08440056
OS 175.8333161 45.08440056
OS 175.8333161 45.27289904
OE
OB 177.24740014 45.45629974 H
OS 176.82390086 45.45629974
OS 176.82390086 45.04779916
OS 177.24740014 45.04779916
OS 177.24740014 45.45629974
OE
OB 175.45200114 45.15200012 H
OS 174.96350072 45.15200012
OS 174.96350072 44.98850032
OS 175.45200114 44.98850032
OS 175.45200114 45.15200012
OE
SE
S P 0
OB 177.6098302 54.72700002 I
OS 176.69348964 54.72700002
OS 176.69348964 54.45000032
OS 176.62998964 54.45000032
OS 176.62998964 54.38650032
OS 175.5810052 54.38650032
OS 175.5056688 54.35529388
OS 174.82299808 55.0379646
OS 174.82299808 55.05564554
OS 174.77352142 55.17509666
OS 174.68209666 55.26652142
OS 174.56264554 55.31599808
OS 174.5449646 55.31599808
OS 172.97738074 56.88358194
OS 172.89205198 56.94059732
OS 172.7913994 56.9606176
OS 171.36240048 56.9606176
OS 171.35469666 56.96832142
OS 171.23524554 57.01779808
OS 171.10595446 57.01779808
OS 170.98650334 56.96832142
OS 170.97879952 56.9606176
OS 167.01937386 56.9606176
OS 166.94264554 56.99239808
OS 166.81335446 56.99239808
OS 166.73662614 56.9606176
OS 164.9895989 56.9606176
OS 164.9895989 57.04460016
OS 164.02109944 57.04460016
OS 164.02109944 56.6976006
OS 163.89409944 56.6976006
OS 163.89409944 57.04460016
OS 163.67548926 57.04460016
OS 163.59508048 57.17138426
OS 163.618672 57.2210946
OS 177.6098302 57.2210946
OS 177.6098302 54.72700002
OE
OB 176.56648964 54.72700002 H
OS 175.62300156 54.72700002
OS 175.62300156 54.51350032
OS 176.56648964 54.51350032
OS 176.56648964 54.72700002
OE
SE
P 149.606 26.924 63 P 0 0 ;0=57,1=1
P 149.606 28.0924 63 P 0 0 ;0=57,1=1
P 149.60639878 29.21 63 P 0 0 ;0=57,1=1
P 149.6314 40.6654 62 P 0 0 ;0=56,1=1
P 149.6314 41.2496 62 P 0 0 ;0=56,1=1
P 149.6568 38.6842 62 P 0 0 ;0=56,1=1
P 149.6568 39.2684 62 P 0 0 ;0=56,1=1
P 149.6568 45.0088 62 P 0 0 ;0=56,1=1
P 149.6822 35.7632 62 P 0 0 ;0=56,1=1
P 149.6822 51.4604 62 P 0 0 ;0=56,1=1
P 149.7076 47.117 62 P 0 0 ;0=56,1=1
P 149.7076 47.8028 62 P 0 0 ;0=56,1=1
P 149.7076 49.9618 62 P 0 0 ;0=56,1=1
P 149.7076 50.6476 62 P 0 0 ;0=56,1=1
P 149.70943896 48.579405 62 P 0 0 ;0=56,1=1
P 149.70943896 49.265205 62 P 0 0 ;0=56,1=1
P 150.0632 55.5244 62 P 0 0 ;0=56,1=1
P 150.114 53.5432 62 P 0 0 ;0=56,1=1
P 150.114 54.229 62 P 0 0 ;0=56,1=1
P 150.1394 40.6654 62 P 0 0 ;0=56,1=1
P 150.1394 41.2496 62 P 0 0 ;0=56,1=1
P 150.1648 38.6842 62 P 0 0 ;0=56,1=1
P 150.1648 39.2684 62 P 0 0 ;0=56,1=1
P 150.2918 51.4604 62 P 0 0 ;0=56,1=1
P 150.3172 47.117 62 P 0 0 ;0=56,1=1
P 150.3172 47.8028 62 P 0 0 ;0=56,1=1
P 150.3172 49.9618 62 P 0 0 ;0=56,1=1
P 150.3172 50.6476 62 P 0 0 ;0=56,1=1
P 150.31903896 48.579405 62 P 0 0 ;0=56,1=1
P 150.31903896 49.265205 62 P 0 0 ;0=56,1=1
P 150.38558696 30.07079838 62 P 0 0 ;0=56,1=1
P 150.38558696 32.07079946 62 P 0 0 ;0=56,1=1
P 150.38558696 34.07080054 62 P 0 0 ;0=56,1=1
P 150.38558696 44.07080594 62 P 0 0 ;0=56,1=1
P 150.5204 40.1066 62 P 0 0 ;0=56,1=1
P 150.7236 53.5432 62 P 0 0 ;0=56,1=1
P 150.7236 54.229 62 P 0 0 ;0=56,1=1
P 150.88558596 31.07079892 62 P 0 0 ;0=56,1=1
P 150.88558596 33.0708 62 P 0 0 ;0=56,1=1
P 150.88558596 35.07080108 62 P 0 0 ;0=56,1=1
P 151.384 45.0088 62 P 0 0 ;0=56,1=1
P 151.3855875 30.07079838 62 P 0 0 ;0=56,1=1
P 151.3855875 32.07079946 62 P 0 0 ;0=56,1=1
P 151.3855875 34.07080054 62 P 0 0 ;0=56,1=1
P 151.4348 35.9664 62 P 0 0 ;0=56,1=1
P 151.50822632 41.81487192 62 P 0 0 ;0=56,1=1
P 151.8855865 31.07079892 62 P 0 0 ;0=56,1=1
P 151.8855865 33.0708 62 P 0 0 ;0=56,1=1
P 152.01622632 41.81487192 62 P 0 0 ;0=56,1=1
P 152.38558804 30.07079838 62 P 0 0 ;0=56,1=1
P 152.77822632 41.81487192 62 P 0 0 ;0=56,1=1
P 152.88558704 27.07079676 62 P 0 0 ;0=56,1=1
P 152.88558704 29.07079784 62 P 0 0 ;0=56,1=1
P 153.0858 52.959 62 P 0 0 ;0=56,1=1
P 153.0858 53.6956 62 P 0 0 ;0=56,1=1
P 153.28622632 41.81487192 62 P 0 0 ;0=56,1=1
P 153.38558858 28.0707973 62 P 0 0 ;0=56,1=1
P 153.38558858 30.07079838 62 P 0 0 ;0=56,1=1
P 153.3906 35.941 62 P 0 0 ;0=56,1=1
P 153.3906 45.7962 62 P 0 0 ;0=56,1=1
P 153.3906 46.5328 62 P 0 0 ;0=56,1=1
P 153.3906 47.2948 62 P 0 0 ;0=56,1=1
P 153.3906 48.0568 62 P 0 0 ;0=56,1=1
P 153.543 53.3146 62 P 0 0 ;0=56,1=1
P 153.8248003 55.8086006 62 P 0 0 ;0=56,1=1
P 153.88558758 27.07079676 62 P 0 0 ;0=56,1=1
P 153.88558758 29.07079784 62 P 0 0 ;0=56,1=1
P 154.2288 38.7604 62 P 0 0 ;0=56,1=1
P 154.3191351 55.8086006 62 P 0 0 ;0=56,1=1
P 154.3812 39.5986 62 P 0 0 ;0=56,1=1
P 154.38558912 28.0707973 62 P 0 0 ;0=56,1=1
P 154.38558912 30.07079838 62 P 0 0 ;0=56,1=1
P 154.5082 39.1414 62 P 0 0 ;0=56,1=1
P 154.57704416 48.74078644 62 P 0 0 ;0=56,1=1
P 154.6352 35.9156 62 P 0 0 ;0=56,1=1
P 154.813 53.7464 62 P 0 0 ;0=56,1=1
P 154.8384 38.7604 62 P 0 0 ;0=56,1=1
P 154.88558812 27.07079676 62 P 0 0 ;0=56,1=1
P 154.88558812 29.07079784 62 P 0 0 ;0=56,1=1
P 155.2194 39.116 62 P 0 0 ;0=56,1=1
P 155.321 53.1876 62 P 0 0 ;0=56,1=1
P 155.38558966 28.0707973 62 P 0 0 ;0=56,1=1
P 155.38558966 30.07079838 62 P 0 0 ;0=56,1=1
P 155.702 37.1856 62 P 0 0 ;0=56,1=1
P 155.702 37.8968 62 P 0 0 ;0=56,1=1
P 155.88558866 27.07079676 62 P 0 0 ;0=56,1=1
P 155.88558866 29.07079784 62 P 0 0 ;0=56,1=1
P 155.9306 55.9562 62 P 0 0 ;0=56,1=1
P 155.9306 56.642 62 P 0 0 ;0=56,1=1
P 155.9814 41.5036 62 P 0 0 ;0=56,1=1
P 155.9814 42.6212 62 P 0 0 ;0=56,1=1
P 156.3855902 30.07079838 62 P 0 0 ;0=56,1=1
P 156.5402 38.3032 62 P 0 0 ;0=56,1=1
P 156.5656 36.4998 62 P 0 0 ;0=56,1=1
P 156.6672 31.0642 62 P 0 0 ;0=56,1=1
P 156.6672 32.0802 62 P 0 0 ;0=56,1=1
P 156.6672 33.02 62 P 0 0 ;0=56,1=1
P 156.6672 34.036 62 P 0 0 ;0=56,1=1
P 156.718 55.9562 62 P 0 0 ;0=56,1=1
P 156.718 56.642 62 P 0 0 ;0=56,1=1
P 156.91358 41.49307678 62 P 0 0 ;0=56,1=1
P 156.91358 42.61067678 62 P 0 0 ;0=56,1=1
P 157.32499904 39.35000004 62 P 0 0 ;0=56,1=1
P 157.33174782 40.3556851 62 P 0 0 ;0=56,1=1
P 157.54410452 36.25006212 62 P 0 0 ;0=56,1=1
P 157.5562 45.56819944 62 P 0 0 ;0=56,1=1
P 158.242 41.0972 62 P 0 0 ;0=56,1=1
P 158.369 42.5196 62 P 0 0 ;0=56,1=1
P 158.496 48.7934 62 P 0 0 ;0=56,1=1
P 159.0294 37.9476 62 P 0 0 ;0=56,1=1
P 159.1056 32.8168 62 P 0 0 ;0=56,1=1
P 159.1056 33.2486 62 P 0 0 ;0=56,1=1
P 159.1056 33.655 62 P 0 0 ;0=56,1=1
P 159.1818 48.0568 62 P 0 0 ;0=56,1=1
P 159.26431952 45.67937016 62 P 0 0 ;0=56,1=1
P 159.3342 26.0858 63 P 0 0 ;0=57,1=1
P 159.4612 45.2374 62 P 0 0 ;0=56,1=1
P 159.6136 38.7604 62 P 0 0 ;0=56,1=1
P 159.6644 41.021 62 P 0 0 ;0=56,1=1
P 159.8168 44.9326 62 P 0 0 ;0=56,1=1
P 159.84979968 30.1752 62 P 0 0 ;0=56,1=1
P 160.1216 34.3408 62 P 0 0 ;0=56,1=1
P 160.1216 41.1226 62 P 0 0 ;0=56,1=1
P 160.3248 33.00720094 62 P 0 0 ;0=56,1=1
P 160.3756 37.6936 62 P 0 0 ;0=56,1=1
P 160.37759898 42.46680102 62 P 0 0 ;0=56,1=1
P 160.401 36.1442 62 P 0 0 ;0=56,1=1
P 160.401 36.8808 62 P 0 0 ;0=56,1=1
P 160.655 41.1226 62 P 0 0 ;0=56,1=1
P 160.7566 36.5252 62 P 0 0 ;0=56,1=1
P 160.7566 37.3126 62 P 0 0 ;0=56,1=1
P 160.79980032 30.1752 62 P 0 0 ;0=56,1=1
P 160.8328 39.9034 62 P 0 0 ;0=56,1=1
P 160.939861 33.67058544 62 P 0 0 ;0=56,1=1
P 160.9852 36.0172 62 P 0 0 ;0=56,1=1
P 161.1517986 30.56659876 62 P 0 0 ;0=56,1=1
P 161.21650002 57.10001026 62 P 0 0 ;0=56,1=1
P 161.2290527 45.2792465 62 P 0 0 ;0=56,1=1
P 161.29 39.37 62 P 0 0 ;0=56,1=1
P 161.29 40.386 62 P 0 0 ;0=56,1=1
P 161.3662 42.66959716 62 P 0 0 ;0=56,1=1
P 161.3662 53.1876 62 P 0 0 ;0=56,1=1
P 161.4424 32.36797692 62 P 0 0 ;0=56,1=1
P 161.4678 36.3474 62 P 0 0 ;0=56,1=1
P 161.4678 36.83 62 P 0 0 ;0=56,1=1
P 161.5186 29.0068 62 P 0 0 ;0=56,1=1
P 161.5186 33.5534 62 P 0 0 ;0=56,1=1
P 161.8488 42.52479938 62 P 0 0 ;0=56,1=1
P 161.8685993 30.0482 62 P 0 0 ;0=56,1=1
P 161.89862464 44.14270318 62 P 0 0 ;0=56,1=1
P 162.2806 31.5468 62 P 0 0 ;0=56,1=1
P 162.306 29.0068 62 P 0 0 ;0=56,1=1
P 162.3314 53.1876 62 P 0 0 ;0=56,1=1
P 162.3568 42.52479938 62 P 0 0 ;0=56,1=1
P 162.45525548 45.25965548 62 P 0 0 ;0=56,1=1
P 162.4584 40.9702 62 P 0 0 ;0=56,1=1
P 162.5346 51.84179878 63 P 0 0 ;0=57,1=1
P 162.78020022 32.9438 62 P 0 0 ;0=56,1=1
P 162.814 35.1536 64 P 0 0 ;0=58,1=1
P 162.8405684 45.6862561 62 P 0 0 ;0=56,1=1
P 162.8648 42.66959716 62 P 0 0 ;0=56,1=1
P 163.05079912 56.8500006 62 P 0 0 ;0=56,1=1
P 163.068 29.0068 62 P 0 0 ;0=56,1=1
P 163.10259988 54.55620026 62 P 0 0 ;0=56,1=1
P 163.1188 26.8986 63 P 0 0 ;0=57,1=1
P 163.195 50.8 63 P 0 0 ;0=57,1=1
P 163.2204 44.6786 62 P 0 0 ;0=56,1=1
P 163.25419978 32.8938001 62 P 0 0 ;0=56,1=1
P 163.2966 33.3502 62 P 0 0 ;0=56,1=1
P 163.2966 38.8366 62 P 0 0 ;0=56,1=1
P 163.45855294 46.79635294 62 P 0 0 ;0=56,1=1
P 163.4744 33.8074 62 P 0 0 ;0=56,1=1
P 163.6522 51.8414 63 P 0 0 ;0=57,1=1
P 163.65261402 37.00821402 64 P 0 0 ;0=58,1=1
P 163.83859282 45.80479282 62 P 0 0 ;0=56,1=1
P 163.8554 53.1876 62 P 0 0 ;0=56,1=1
P 163.957 44.2468 62 P 0 0 ;0=56,1=1
P 163.9697 33.9344 62 P 0 0 ;0=56,1=1
P 163.97623542 39.92263542 62 P 0 0 ;0=56,1=1
P 164.084 31.15079876 62 P 0 0 ;0=56,1=1
P 164.13200092 32.0548 62 P 0 0 ;0=56,1=1
P 164.1856 29.4894 62 P 0 0 ;0=56,1=1
P 164.3126 50.79960122 63 P 0 0 ;0=57,1=1
P 164.338 55.499 62 P 0 0 ;0=56,1=1
P 164.4142 47.6504 62 P 0 0 ;0=56,1=1
P 164.4904 46.5836 62 P 0 0 ;0=56,1=1
P 164.5666 36.9824 64 P 0 0 ;0=58,1=1
P 164.6174 44.2468 62 P 0 0 ;0=56,1=1
P 164.8206 51.8414 63 P 0 0 ;0=57,1=1
P 164.9476 53.2384 62 P 0 0 ;0=56,1=1
P 164.973 40.132 62 P 0 0 ;0=56,1=1
P 165.1508 46.1264 62 P 0 0 ;0=56,1=1
P 165.227 29.6164 62 P 0 0 ;0=56,1=1
P 165.3499995 55.07500034 62 P 0 0 ;0=56,1=1
P 165.354 32.89819938 62 P 0 0 ;0=56,1=1
P 165.4302 55.88 62 P 0 0 ;0=56,1=1
P 165.5826 38.3286 62 P 0 0 ;0=56,1=1
P 165.79019928 39.8526 62 P 0 0 ;0=56,1=1
P 165.8366 31.10980062 62 P 0 0 ;0=56,1=1
P 165.8366 43.0276 62 P 0 0 ;0=56,1=1
P 165.8874 39.2684 62 P 0 0 ;0=56,1=1
P 165.9382 36.83 62 P 0 0 ;0=56,1=1
P 166.0144 42.0116 62 P 0 0 ;0=56,1=1
P 166.1414 38.7604 62 P 0 0 ;0=56,1=1
P 166.1668 38.0492 62 P 0 0 ;0=56,1=1
P 166.243 46.01960062 62 P 0 0 ;0=56,1=1
P 166.243 46.87280186 62 P 0 0 ;0=56,1=1
P 166.3855956 28.0707973 62 P 0 0 ;0=56,1=1
P 166.3954 32.6136 62 P 0 0 ;0=56,1=1
P 166.4208 41.0972 62 P 0 0 ;0=56,1=1
P 166.5260957 39.1958957 62 P 0 0 ;0=56,1=1
P 166.5986 35.052 62 P 0 0 ;0=56,1=1
P 166.7002 53.9496 62 P 0 0 ;0=56,1=1
P 166.7002 55.88 62 P 0 0 ;0=56,1=1
P 166.751 34.3408 62 P 0 0 ;0=56,1=1
P 166.7764 40.7416 62 P 0 0 ;0=56,1=1
P 166.8562957 38.8656957 62 P 0 0 ;0=56,1=1
P 166.878 56.6674 62 P 0 0 ;0=56,1=1
P 167.05600066 28.829 63 P 0 0 ;0=57,1=1
P 167.1066 27.051 63 P 0 0 ;0=57,1=1
P 167.21134706 41.65914706 62 P 0 0 ;0=56,1=1
P 167.3352 46.01960062 62 P 0 0 ;0=56,1=1
P 167.38559614 28.0707973 62 P 0 0 ;0=56,1=1
P 167.46393482 40.31153482 62 P 0 0 ;0=56,1=1
P 167.6908 32.4866 62 P 0 0 ;0=56,1=1
P 167.8432 44.23760012 62 P 0 0 ;0=56,1=1
P 167.86412198 40.8303222 62 P 0 0 ;0=56,1=1
P 167.8686 41.3004 62 P 0 0 ;0=56,1=1
P 167.8686 42.2148 62 P 0 0 ;0=56,1=1
P 167.88918416 51.0766187 62 P 0 0 ;0=56,1=1
P 167.92480004 48.0870006 62 P 0 0 ;0=56,1=1
P 167.92480004 49.0776006 62 P 0 0 ;0=56,1=1
P 167.92480004 50.0682006 62 P 0 0 ;0=56,1=1
P 167.92480004 52.0748006 62 P 0 0 ;0=56,1=1
P 168.04105584 42.63710294 62 P 0 0 ;0=56,1=1
P 168.0718 35.0266 62 P 0 0 ;0=56,1=1
P 168.0972 34.417 62 P 0 0 ;0=56,1=1
P 168.1226 41.783 62 P 0 0 ;0=56,1=1
P 168.1462347 40.37325936 62 P 0 0 ;0=56,1=1
P 168.1734 37.2364 62 P 0 0 ;0=56,1=1
P 168.2496 43.90740012 62 P 0 0 ;0=56,1=1
P 168.51853012 35.88792416 62 P 0 0 ;0=56,1=1
P 168.62848672 38.79099938 62 P 0 0 ;0=56,1=1
P 168.7068 33.9598 62 P 0 0 ;0=56,1=1
P 168.7068 47.879 62 P 0 0 ;0=56,1=1
P 168.73760004 50.0936006 62 P 0 0 ;0=56,1=1
P 168.73760004 52.7098006 62 P 0 0 ;0=56,1=1
P 168.76681258 35.54381258 62 P 0 0 ;0=56,1=1
P 168.9354 38.4302 62 P 0 0 ;0=56,1=1
P 168.9862 40.02520062 62 P 0 0 ;0=56,1=1
P 169.01338054 36.85740152 62 P 0 0 ;0=56,1=1
P 169.31763698 37.23774874 62 P 0 0 ;0=56,1=1
P 169.32500044 46.03135066 62 P 0 0 ;0=56,1=1
P 169.7228 32.3342 62 P 0 0 ;0=56,1=1
P 169.74580986 38.50400986 62 P 0 0 ;0=56,1=1
P 169.7736 55.8292 62 P 0 0 ;0=56,1=1
P 169.80419938 36.20540638 62 P 0 0 ;0=56,1=1
P 170.1292 46.6344 62 P 0 0 ;0=56,1=1
P 170.18 40.9702 64 P 0 0 ;0=58,1=1
P 170.18 42.0624 64 P 0 0 ;0=58,1=1
P 170.18 43.2054 64 P 0 0 ;0=58,1=1
P 170.18 44.45 64 P 0 0 ;0=58,1=1
P 170.2054 53.9496 62 P 0 0 ;0=56,1=1
P 170.2562 51.5112 62 P 0 0 ;0=56,1=1
P 170.37318732 38.47993828 62 P 0 0 ;0=56,1=1
P 170.4594 47.16903698 62 P 0 0 ;0=56,1=1
P 170.6118 46.6344 62 P 0 0 ;0=56,1=1
P 170.63200062 35.179 62 P 0 0 ;0=56,1=1
P 170.8912 27.0764 62 P 0 0 ;0=56,1=1
P 170.8912 27.686 62 P 0 0 ;0=56,1=1
P 170.93360022 38.4302 62 P 0 0 ;0=56,1=1
P 170.9928 52.8574 62 P 0 0 ;0=56,1=1
P 171.06460072 46.4566 62 P 0 0 ;0=56,1=1
P 171.069 34.5186 63 P 0 0 ;0=57,1=1
P 171.1198 36.2458 63 P 0 0 ;0=57,1=1
P 171.1706 56.6928 62 P 0 0 ;0=56,1=1
P 171.323 40.9702 64 P 0 0 ;0=58,1=1
P 171.323 42.0624 64 P 0 0 ;0=58,1=1
P 171.323 43.2054 64 P 0 0 ;0=58,1=1
P 171.323 44.45 64 P 0 0 ;0=58,1=1
P 171.3992 46.8122 62 P 0 0 ;0=56,1=1
P 171.4246 50.0634 62 P 0 0 ;0=56,1=1
P 171.5262 51.0032 62 P 0 0 ;0=56,1=1
P 171.53386064 33.14078462 63 P 0 0 ;0=57,1=1
P 171.53600948 35.6749985 63 P 0 0 ;0=57,1=1
P 171.53600948 36.89999986 63 P 0 0 ;0=57,1=1
P 171.66400008 53.32919992 62 P 0 0 ;0=56,1=1
P 171.9834 46.7106 62 P 0 0 ;0=56,1=1
P 171.99160674 33.76035412 63 P 0 0 ;0=57,1=1
P 172.1612 49.1744 62 P 0 0 ;0=56,1=1
P 172.1866 32.5628 63 P 0 0 ;0=57,1=1
P 172.4152 46.5328 62 P 0 0 ;0=56,1=1
P 172.466 40.9702 64 P 0 0 ;0=58,1=1
P 172.466 42.0624 64 P 0 0 ;0=58,1=1
P 172.466 43.2054 64 P 0 0 ;0=58,1=1
P 172.466 44.45 64 P 0 0 ;0=58,1=1
P 172.47110032 50.21848224 62 P 0 0 ;0=56,1=1
P 172.74955798 35.47844568 63 P 0 0 ;0=57,1=1
P 172.75057144 36.47844114 63 P 0 0 ;0=57,1=1
P 172.75881882 37.47840612 63 P 0 0 ;0=57,1=1
P 172.7785851 49.21741236 62 P 0 0 ;0=56,1=1
P 172.87999968 46.49979778 62 P 0 0 ;0=56,1=1
P 172.92821396 55.91595624 62 P 0 0 ;0=56,1=1
P 172.98072338 33.61323224 63 P 0 0 ;0=57,1=1
P 173.355 32.5628 63 P 0 0 ;0=57,1=1
P 173.4312 46.5074 62 P 0 0 ;0=56,1=1
P 173.4312 53.4416 62 P 0 0 ;0=56,1=1
P 173.482 35.56 63 P 0 0 ;0=57,1=1
P 173.482 36.6014 63 P 0 0 ;0=57,1=1
P 173.49721714 34.81436776 63 P 0 0 ;0=57,1=1
P 173.52499966 38.4620008 62 P 0 0 ;0=56,1=1
P 173.609 40.9702 64 P 0 0 ;0=58,1=1
P 173.609 42.0624 64 P 0 0 ;0=58,1=1
P 173.609 43.2054 64 P 0 0 ;0=58,1=1
P 173.609 44.45 64 P 0 0 ;0=58,1=1
P 173.609 49.403 62 P 0 0 ;0=56,1=1
P 173.98072138 33.61323224 63 P 0 0 ;0=57,1=1
P 174.3202 49.1998 62 P 0 0 ;0=56,1=1
P 174.4726 32.56240122 63 P 0 0 ;0=57,1=1
P 174.49721514 34.81436776 63 P 0 0 ;0=57,1=1
P 174.498 54.991 62 P 0 0 ;0=56,1=1
P 174.6504 35.56 63 P 0 0 ;0=57,1=1
P 174.752 39.5986 62 P 0 0 ;0=56,1=1
P 174.98071938 33.61323224 63 P 0 0 ;0=57,1=1
P 175.2092 39.5732 62 P 0 0 ;0=56,1=1
P 175.2092 40.2336 62 P 0 0 ;0=56,1=1
P 175.26 49.911 62 P 0 0 ;0=56,1=1
P 175.49721314 34.81436776 63 P 0 0 ;0=57,1=1
P 175.50072088 43.29839956 62 P 0 0 ;0=56,1=1
P 175.57799784 42.82900248 62 P 0 0 ;0=56,1=1
P 175.768 35.55960122 63 P 0 0 ;0=57,1=1
P 175.88764416 46.40398644 62 P 0 0 ;0=56,1=1
P 175.9204 45.0342 62 P 0 0 ;0=56,1=1
P 175.92220086 40.85379942 62 P 0 0 ;0=56,1=1
P 176.26864416 49.19798644 62 P 0 0 ;0=56,1=1
P 176.439576 34.47978118 63 P 0 0 ;0=57,1=1
P 176.53 56.5912 62 P 0 0 ;0=56,1=1
P 176.6316 38.5572 62 P 0 0 ;0=56,1=1
P 176.7586 45.0342 62 P 0 0 ;0=56,1=1
P 176.79999946 39.05000064 62 P 0 0 ;0=56,1=1
P 176.82018992 33.55504846 63 P 0 0 ;0=57,1=1
P 176.8856 48.133 62 P 0 0 ;0=56,1=1
P 176.8856 48.6664 62 P 0 0 ;0=56,1=1
P 176.90364416 49.19798644 62 P 0 0 ;0=56,1=1
P 176.9872 32.385 63 P 0 0 ;0=57,1=1
P 177.02026064 34.89338462 63 P 0 0 ;0=57,1=1
P 177.038 35.814 63 P 0 0 ;0=57,1=1
P 177.038 36.9824 63 P 0 0 ;0=57,1=1
P 177.03839878 38.1 63 P 0 0 ;0=57,1=1
P 177.13224416 55.95438644 62 P 0 0 ;0=56,1=1
P 177.1396 56.5912 62 P 0 0 ;0=56,1=1
P 177.3682 43.7896 62 P 0 0 ;0=56,1=1
P 177.3936 44.8564 62 P 0 0 ;0=56,1=1
P 177.42499948 40.94999938 62 P 0 0 ;0=56,1=1
P 177.4444 39.0144 62 P 0 0 ;0=56,1=1
